{"type":"FeatureCollection","features":[{"type":"Feature","geometry":{"type":"Point","coordinates":[11.937405,43.067852]},"properties":{"id":736,"name":"Etruria Settentrionale (unspecified findspot)","slug":"etruria-settentrionale-unspecified-findspot","region":"Etruria Settentrionale","n":2579,"date_min":-700,"date_max":-1,"lang":4,"langs":{"4":2579},"alphabets":{"1":905,"2":126,"3":1356,"5":138,"6":45,"8":9},"parent":null,"level":"site","shared":1,"links":0}},{"type":"Feature","geometry":{"type":"Point","coordinates":[12.491326,41.889958]},"properties":{"id":31,"name":"Roma","slug":"roma","region":"Latium","n":1272,"date_min":-750,"date_max":-1,"lang":7,"langs":{"7":1270,"8":2},"alphabets":{"6":1243,"7":25,"9":2,"21":2},"parent":null,"level":"site","shared":1,"links":0}},{"type":"Feature","geometry":{"type":"Point","coordinates":[33.21883,35.000984]},"properties":{"id":2,"name":"Findspot not recorded","slug":"findspot-not-recorded","region":null,"n":630,"date_min":-700,"date_max":-1,"lang":4,"langs":{"1":8,"3":5,"4":510,"6":21,"12":12},"alphabets":{"1":158,"2":287,"3":42,"5":22,"8":1,"15":5,"20":7,"23":9,"24":4,"25":1,"26":2,"27":6,"28":8},"parent":null,"level":"site","shared":1,"links":0}},{"type":"Feature","geometry":{"type":"Point","coordinates":[12.892307,41.839484]},"properties":{"id":45,"name":"Palestrina / Praeneste","slug":"palestrina-praeneste","region":"Latium","n":523,"date_min":-675,"date_max":-1,"lang":7,"langs":{"4":9,"7":514},"alphabets":{"2":9,"6":512,"7":2},"parent":null,"level":"site","shared":1,"links":0}},{"type":"Feature","geometry":{"type":"Point","coordinates":[11.883649,42.473234]},"properties":{"id":730,"name":"Etruria Meridionale (unspecified findspot)","slug":"etruria-meridionale-unspecified-findspot","region":"Etruria Meridionale","n":459,"date_min":-700,"date_max":-1,"lang":4,"langs":{"4":459},"alphabets":{"1":142,"2":298,"3":9,"5":5,"8":4,"23":1},"parent":null,"level":"site","shared":1,"links":0}},{"type":"Feature","geometry":{"type":"Point","coordinates":[12.83618,37.940316]},"properties":{"id":63,"name":"Calatafimi-Segesta / Segesta","slug":"calatafimi-segesta-segesta","region":"Sicily","n":418,"date_min":-575,"date_max":-1,"lang":3,"langs":{"3":395,"6":11,"7":12},"alphabets":{"6":11,"7":1,"15":395,"23":2,"24":9},"parent":null,"level":"site","shared":1,"links":0}},{"type":"Feature","geometry":{"type":"Point","coordinates":[12.107778,42.002487]},"properties":{"id":146,"name":"Cerveteri / Agylla / Caere","slug":"cerveteri-agylla-caere","region":"Etruria Meridionale","n":414,"date_min":-700,"date_max":-1,"lang":7,"langs":{"4":136,"7":277,"13":1},"alphabets":{"1":26,"2":102,"3":1,"5":6,"6":276,"7":1,"9":1,"10":1},"parent":null,"level":"site","shared":1,"links":0}},{"type":"Feature","geometry":{"type":"Point","coordinates":[12.185765,43.354362]},"properties":{"id":1130,"name":"Palazzone","slug":"palazzone","region":"Etruria Settentrionale","n":345,"date_min":-525,"date_max":-1,"lang":4,"langs":{"4":345},"alphabets":{"1":85,"2":4,"3":247,"5":8,"8":1},"parent":null,"level":"site","shared":1,"links":0}},{"type":"Feature","geometry":{"type":"Point","coordinates":[12.415435,42.297013]},"properties":{"id":6,"name":"Falerii Veteres (Civita Castellana)","slug":"falerii-veteres-civita-castellana","region":"Agri Faliscus et Capena","n":303,"date_min":-700,"date_max":-1,"lang":5,"langs":{"4":16,"5":208,"7":79},"alphabets":{"1":5,"2":9,"3":2,"6":40,"8":1,"9":213},"parent":null,"level":"site","shared":1,"links":0}},{"type":"Feature","geometry":{"type":"Point","coordinates":[14.485429,40.74941]},"properties":{"id":104,"name":"Pompei","slug":"pompei","region":"Campania","n":256,"date_min":-650,"date_max":-1,"lang":10,"langs":{"4":7,"7":106,"10":143},"alphabets":{"1":3,"2":4,"6":108,"13":140,"14":1},"parent":null,"level":"site","shared":1,"links":0}},{"type":"Feature","geometry":{"type":"Point","coordinates":[12.389909,43.111192]},"properties":{"id":134,"name":"Perugia / Perusia","slug":"perugia-perusia","region":"Etruria Settentrionale","n":247,"date_min":-200,"date_max":-1,"lang":7,"langs":{"7":247},"alphabets":{"6":247},"parent":null,"level":"site","shared":9,"links":0}},{"type":"Feature","geometry":{"type":"Point","coordinates":[16.494262,39.717328]},"properties":{"id":575,"name":"Sibari / Sybaris","slug":"sibari-sybaris","region":"Lucania et Bruttium","n":218,"date_min":-625,"date_max":-151,"lang":6,"langs":{"6":217,"7":1},"alphabets":{"6":1,"20":45,"23":172},"parent":null,"level":"site","shared":3,"links":0}},{"type":"Feature","geometry":{"type":"Point","coordinates":[14.448323,36.871878]},"properties":{"id":655,"name":"Camarina","slug":"camarina","region":"Sicily","n":212,"date_min":-650,"date_max":-26,"lang":6,"langs":{"6":183,"7":29},"alphabets":{"6":4,"7":25,"20":21,"23":145,"24":17},"parent":null,"level":"site","shared":1,"links":0}},{"type":"Feature","geometry":{"type":"Point","coordinates":[13.370946,45.769631]},"properties":{"id":52,"name":"Belvedere / Aquileia","slug":"belvedere-aquileia","region":"Venetia et Histria","n":204,"date_min":-200,"date_max":-1,"lang":7,"langs":{"7":204},"alphabets":{"6":204},"parent":null,"level":"site","shared":1,"links":0}},{"type":"Feature","geometry":{"type":"Point","coordinates":[14.217076,41.103459]},"properties":{"id":120,"name":"Capua / Casilinum","slug":"capua-casilinum","region":"Campania","n":202,"date_min":-250,"date_max":-1,"lang":7,"langs":{"7":202},"alphabets":{"6":202},"parent":null,"level":"site","shared":1,"links":0}},{"type":"Feature","geometry":{"type":"Point","coordinates":[12.100934,42.005486]},"properties":{"id":1008,"name":"Banditaccia","slug":"banditaccia","region":"Etruria Meridionale","n":182,"date_min":-700,"date_max":-1,"lang":4,"langs":{"4":182},"alphabets":{"1":61,"2":113,"3":4,"5":2,"6":2},"parent":null,"level":"site","shared":15,"links":0}},{"type":"Feature","geometry":{"type":"Point","coordinates":[12.105895,42.720971]},"properties":{"id":1367,"name":"Crocifisso del Tufo","slug":"crocifisso-del-tufo","region":"Etruria Meridionale","n":173,"date_min":-700,"date_max":-1,"lang":4,"langs":{"4":173},"alphabets":{"1":34,"2":134,"5":5},"parent":null,"level":"site","shared":1,"links":0}},{"type":"Feature","geometry":{"type":"Point","coordinates":[11.791454,42.257254]},"properties":{"id":275,"name":"Tarquinia / Corneto / Tarquinii","slug":"tarquinia-corneto-tarquinii","region":"Etruria Meridionale","n":172,"date_min":-300,"date_max":-1,"lang":7,"langs":{"7":172},"alphabets":{"6":172},"parent":null,"level":"site","shared":1,"links":0}},{"type":"Feature","geometry":{"type":"Point","coordinates":[11.947736,43.016515]},"properties":{"id":200,"name":"Chiusi / Clusium","slug":"chiusi-clusium","region":"Etruria Settentrionale","n":157,"date_min":-300,"date_max":-1,"lang":7,"langs":{"7":157},"alphabets":{"6":157},"parent":null,"level":"site","shared":39,"links":0}},{"type":"Feature","geometry":{"type":"Point","coordinates":[11.656616,45.227738]},"properties":{"id":85,"name":"Este / Ateste","slug":"este-ateste","region":"Venetia et Histria","n":149,"date_min":-600,"date_max":-1,"lang":14,"langs":{"7":2,"14":147},"alphabets":{"6":42,"18":106,"20":1},"parent":null,"level":"site","shared":2,"links":0}},{"type":"Feature","geometry":{"type":"Point","coordinates":[12.828582,37.586017]},"properties":{"id":628,"name":"Castelvetrano / Selinus","slug":"castelvetrano-selinus","region":"Sicily","n":132,"date_min":-650,"date_max":-201,"lang":7,"langs":{"6":49,"7":83},"alphabets":{"6":16,"7":67,"20":3,"23":26,"24":20},"parent":null,"level":"site","shared":1,"links":0}},{"type":"Feature","geometry":{"type":"Point","coordinates":[13.839047,42.121989]},"properties":{"id":57,"name":"Corfinio / Pentima / Corfinium","slug":"corfinio-pentima-corfinium","region":"Samnium","n":130,"date_min":-650,"date_max":-1,"lang":7,"langs":{"7":95,"10":35},"alphabets":{"6":130},"parent":null,"level":"site","shared":1,"links":0}},{"type":"Feature","geometry":{"type":"Point","coordinates":[12.390519,42.021338]},"properties":{"id":248,"name":"Veii","slug":"veii","region":"Etruria Meridionale","n":127,"date_min":-675,"date_max":-1,"lang":7,"langs":{"4":1,"7":126},"alphabets":{"2":1,"6":16,"7":110},"parent":null,"level":"site","shared":5,"links":0}},{"type":"Feature","geometry":{"type":"Point","coordinates":[11.075,46.366]},"properties":{"id":1952,"name":"Sanzeno","slug":"sanzeno","region":"Venetia et Histria","n":123,"date_min":-700,"date_max":-1,"lang":12,"langs":{"12":123},"alphabets":{"6":1,"25":1,"26":32,"27":71},"parent":null,"level":"site","shared":1,"links":0}},{"type":"Feature","geometry":{"type":"Point","coordinates":[12.609394,42.93488]},"properties":{"id":107,"name":"Montefalco / Mevania","slug":"montefalco-mevania","region":"Umbria","n":94,"date_min":-200,"date_max":-1,"lang":7,"langs":{"7":86,"13":8},"alphabets":{"6":90,"10":4},"parent":null,"level":"site","shared":1,"links":0}},{"type":"Feature","geometry":{"type":"Point","coordinates":[14.250148,41.086012]},"properties":{"id":982,"name":"Capua","slug":"capua","region":"Campania","n":90,"date_min":-650,"date_max":-1,"lang":10,"langs":{"4":39,"10":51},"alphabets":{"1":11,"2":28,"13":50,"23":1},"parent":null,"level":"site","shared":1,"links":0}},{"type":"Feature","geometry":{"type":"Point","coordinates":[12.022425,43.06001]},"properties":{"id":893,"name":"Bruscalupo","slug":"bruscalupo","region":"Etruria Settentrionale","n":88,"date_min":-400,"date_max":-1,"lang":4,"langs":{"4":88},"alphabets":{"1":42,"2":1,"3":44,"5":1},"parent":null,"level":"site","shared":1,"links":0}},{"type":"Feature","geometry":{"type":"Point","coordinates":[11.26094,43.018121]},"properties":{"id":761,"name":"Area della Città","slug":"area-della-citta-etruria-settentrionale","region":"Etruria Settentrionale","n":86,"date_min":-700,"date_max":-1,"lang":4,"langs":{"4":86},"alphabets":{"1":44,"2":11,"3":29,"8":2},"parent":null,"level":"site","shared":1,"links":0}},{"type":"Feature","geometry":{"type":"Point","coordinates":[14.056381,40.84795]},"properties":{"id":189,"name":"Cuma","slug":"cuma","region":"Campania","n":85,"date_min":-725,"date_max":-1,"lang":7,"langs":{"4":2,"6":19,"7":39,"10":25},"alphabets":{"2":2,"6":40,"13":20,"20":14,"21":1,"23":6,"24":1},"parent":null,"level":"site","shared":1,"links":0}},{"type":"Feature","geometry":{"type":"Point","coordinates":[12.09308,44.693445]},"properties":{"id":1238,"name":"Valle Trebba","slug":"valle-trebba","region":"Aemilia","n":82,"date_min":-500,"date_max":-1,"lang":4,"langs":{"4":82},"alphabets":{"1":35,"3":46,"5":1},"parent":null,"level":"site","shared":4,"links":0}},{"type":"Feature","geometry":{"type":"Point","coordinates":[14.590038,41.544948]},"properties":{"id":1582,"name":"Monte Vairano","slug":"monte-vairano","region":"Samnium","n":79,"date_min":-650,"date_max":-1,"lang":10,"langs":{"10":79},"alphabets":{"13":79},"parent":null,"level":"site","shared":1,"links":0}},{"type":"Feature","geometry":{"type":"Point","coordinates":[15.005079,40.420848]},"properties":{"id":48,"name":"Capaccio / Poseidonia / Paestum","slug":"capaccio-poseidonia-paestum","region":"Lucania et Bruttium","n":78,"date_min":-600,"date_max":-1,"lang":7,"langs":{"6":33,"7":42,"10":3},"alphabets":{"6":42,"20":23,"23":11,"24":2},"parent":null,"level":"site","shared":1,"links":0}},{"type":"Feature","geometry":{"type":"Point","coordinates":[11.9627,42.015526]},"properties":{"id":1009,"name":"Pyrgi","slug":"pyrgi","region":"Etruria Meridionale","n":78,"date_min":-700,"date_max":-1,"lang":4,"langs":{"4":78},"alphabets":{"1":29,"2":48,"3":1},"parent":null,"level":"site","shared":1,"links":0}},{"type":"Feature","geometry":{"type":"Point","coordinates":[12.367838,46.426754]},"properties":{"id":1907,"name":"Catubrium (Cadore)","slug":"catubrium-cadore","region":"Venetia et Histria","n":77,"date_min":-600,"date_max":-1,"lang":14,"langs":{"14":77},"alphabets":{"6":5,"18":71,"19":1},"parent":null,"level":"site","shared":1,"links":0}},{"type":"Feature","geometry":{"type":"Point","coordinates":[12.618957,43.070619]},"properties":{"id":1569,"name":"Asisium (Assisi), near","slug":"asisium-assisi-near","region":"Umbria","n":75,"date_min":-275,"date_max":-1,"lang":7,"langs":{"7":71,"13":4},"alphabets":{"6":73,"10":2},"parent":null,"level":"locality","shared":1,"links":0}},{"type":"Feature","geometry":{"type":"Point","coordinates":[11.866922,42.989216]},"properties":{"id":913,"name":"Sarteano","slug":"sarteano","region":"Etruria Settentrionale","n":74,"date_min":-400,"date_max":-1,"lang":4,"langs":{"4":74},"alphabets":{"1":30,"2":4,"3":31,"5":4,"6":2,"8":3},"parent":null,"level":"site","shared":1,"links":0}},{"type":"Feature","geometry":{"type":"Point","coordinates":[14.508507,41.43924]},"properties":{"id":1586,"name":"Campochiaro","slug":"campochiaro","region":"Samnium","n":73,"date_min":-650,"date_max":-1,"lang":10,"langs":{"10":73},"alphabets":{"13":73},"parent":null,"level":"site","shared":1,"links":0}},{"type":"Feature","geometry":{"type":"Point","coordinates":[13.696253,37.985197]},"properties":{"id":481,"name":"Termini Imerese / Thermae Himeraeae","slug":"termini-imerese-thermae-himeraeae","region":"Sicily","n":71,"date_min":-600,"date_max":-1,"lang":7,"langs":{"6":2,"7":69},"alphabets":{"6":14,"7":55,"23":1,"24":1},"parent":null,"level":"site","shared":1,"links":0}},{"type":"Feature","geometry":{"type":"Point","coordinates":[14.25847,37.063093]},"properties":{"id":630,"name":"Gela","slug":"gela","region":"Sicily","n":71,"date_min":-600,"date_max":-251,"lang":6,"langs":{"6":50,"7":21},"alphabets":{"6":2,"7":19,"20":6,"23":42,"24":2},"parent":null,"level":"site","shared":1,"links":0}},{"type":"Feature","geometry":{"type":"Point","coordinates":[11.983399,42.926907]},"properties":{"id":1143,"name":"Ponticello di Campo","slug":"ponticello-di-campo","region":"Etruria Settentrionale","n":71,"date_min":-400,"date_max":-1,"lang":4,"langs":{"4":71},"alphabets":{"1":17,"2":4,"3":39,"5":9,"6":1,"8":1},"parent":null,"level":"site","shared":1,"links":0}},{"type":"Feature","geometry":{"type":"Point","coordinates":[13.574951,42.855397]},"properties":{"id":142,"name":"Ascoli Piceno / Asculum Picenum","slug":"ascoli-piceno-asculum-picenum","region":"Picenum","n":69,"date_min":-525,"date_max":-1,"lang":7,"langs":{"7":66,"11":3},"alphabets":{"6":66,"11":3},"parent":null,"level":"site","shared":1,"links":0}},{"type":"Feature","geometry":{"type":"Point","coordinates":[15.088142,37.502959]},"properties":{"id":693,"name":"Catania / Catina","slug":"catania-catina","region":"Sicily","n":68,"date_min":-475,"date_max":-251,"lang":6,"langs":{"6":67,"7":1},"alphabets":{"6":1,"23":65,"24":2},"parent":null,"level":"site","shared":1,"links":0}},{"type":"Feature","geometry":{"type":"Point","coordinates":[12.390833,42.021111]},"properties":{"id":1338,"name":"Portonaccio","slug":"portonaccio","region":"Etruria Meridionale","n":65,"date_min":-675,"date_max":-351,"lang":4,"langs":{"4":65},"alphabets":{"1":21,"2":43,"5":1},"parent":null,"level":"site","shared":1,"links":0}},{"type":"Feature","geometry":{"type":"Point","coordinates":[18.172425,40.352152]},"properties":{"id":429,"name":"Valesio / Lupiae","slug":"valesio-lupiae","region":"Messapia","n":64,"date_min":-600,"date_max":-1,"lang":9,"langs":{"7":13,"9":51},"alphabets":{"6":13,"17":51},"parent":null,"level":"site","shared":1,"links":0}},{"type":"Feature","geometry":{"type":"Point","coordinates":[12.289357,41.753576]},"properties":{"id":157,"name":"Ostia Antica","slug":"ostia-antica","region":"Latium","n":61,"date_min":-150,"date_max":-1,"lang":7,"langs":{"7":61},"alphabets":{"6":61},"parent":null,"level":"site","shared":2,"links":0}},{"type":"Feature","geometry":{"type":"Point","coordinates":[12.710316,41.798284]},"properties":{"id":621,"name":"Frascati / Tusculum","slug":"frascati-tusculum","region":"Latium","n":61,"date_min":-325,"date_max":-1,"lang":7,"langs":{"7":61},"alphabets":{"6":61},"parent":null,"level":"site","shared":1,"links":0}},{"type":"Feature","geometry":{"type":"Point","coordinates":[12.005238,42.953393]},"properties":{"id":911,"name":"Città della Pieve","slug":"citta-della-pieve","region":"Etruria Settentrionale","n":60,"date_min":-700,"date_max":-1,"lang":4,"langs":{"4":60},"alphabets":{"1":28,"2":1,"3":30,"5":1},"parent":null,"level":"site","shared":1,"links":0}},{"type":"Feature","geometry":{"type":"Point","coordinates":[14.871604,40.6465]},"properties":{"id":1649,"name":"Picentia (Pontecagnano)","slug":"picentia-pontecagnano","region":"Campania","n":58,"date_min":-700,"date_max":-201,"lang":4,"langs":{"4":55,"10":2,"11":1},"alphabets":{"1":13,"2":42,"13":1,"23":2},"parent":null,"level":"site","shared":1,"links":0}},{"type":"Feature","geometry":{"type":"Point","coordinates":[12.360519,42.351725]},"properties":{"id":8,"name":"Corchiano","slug":"corchiano","region":"Agri Faliscus et Capena","n":57,"date_min":-500,"date_max":-1,"lang":5,"langs":{"4":16,"5":40,"7":1},"alphabets":{"1":6,"2":9,"3":1,"5":1,"6":9,"9":17},"parent":null,"level":"site","shared":1,"links":0}},{"type":"Feature","geometry":{"type":"Point","coordinates":[11.601274,43.240916]},"properties":{"id":775,"name":"Asciano, T d Marcni II","slug":"asciano-t-d-marcni-ii","region":"Etruria Settentrionale","n":56,"date_min":-400,"date_max":-1,"lang":4,"langs":{"4":56},"alphabets":{"1":35,"3":20,"5":1},"parent":803,"level":"tomb","shared":2,"links":0}},{"type":"Feature","geometry":{"type":"Point","coordinates":[11.645539,42.658264]},"properties":{"id":853,"name":"Sovana","slug":"sovana","region":"Etruria Settentrionale","n":56,"date_min":-600,"date_max":-1,"lang":4,"langs":{"4":56},"alphabets":{"1":26,"2":24,"3":6},"parent":null,"level":"site","shared":1,"links":0}},{"type":"Feature","geometry":{"type":"Point","coordinates":[12.002744,43.084324]},"properties":{"id":939,"name":"Badia di S Cristoforo","slug":"badia-di-s-cristoforo","region":"Etruria Settentrionale","n":54,"date_min":-400,"date_max":-1,"lang":4,"langs":{"4":54},"alphabets":{"1":30,"2":1,"3":23},"parent":null,"level":"site","shared":1,"links":0}},{"type":"Feature","geometry":{"type":"Point","coordinates":[10.97265,42.859064]},"properties":{"id":1361,"name":"Arce","slug":"arce","region":"Etruria Settentrionale","n":54,"date_min":-475,"date_max":-451,"lang":4,"langs":{"4":54},"alphabets":{"3":54},"parent":null,"level":"site","shared":1,"links":0}},{"type":"Feature","geometry":{"type":"Point","coordinates":[14.070075,41.250279]},"properties":{"id":681,"name":"Roccamonfina / Teanum Sidicinum","slug":"roccamonfina-teanum-sidicinum","region":"Campania","n":53,"date_min":-650,"date_max":-1,"lang":10,"langs":{"7":20,"10":33},"alphabets":{"6":20,"13":32,"23":1},"parent":null,"level":"site","shared":1,"links":0}},{"type":"Feature","geometry":{"type":"Point","coordinates":[12.100934,42.005486]},"properties":{"id":1015,"name":"Banditaccia, T d Iscrizioni","slug":"banditaccia-t-d-iscrizioni","region":"Etruria Meridionale","n":53,"date_min":-400,"date_max":-1,"lang":4,"langs":{"4":53},"alphabets":{"1":14,"2":37,"5":2},"parent":1008,"level":"tomb","shared":15,"links":0}},{"type":"Feature","geometry":{"type":"Point","coordinates":[12.286779,43.142906]},"properties":{"id":1187,"name":"Pieve del Vescovo","slug":"pieve-del-vescovo","region":"Etruria Settentrionale","n":53,"date_min":-400,"date_max":-1,"lang":4,"langs":{"4":53},"alphabets":{"1":24,"2":3,"3":24,"5":1,"8":1},"parent":null,"level":"site","shared":1,"links":0}},{"type":"Feature","geometry":{"type":"Point","coordinates":[11.617058,42.394292]},"properties":{"id":1309,"name":"Camposcala","slug":"camposcala","region":"Etruria Meridionale","n":53,"date_min":-700,"date_max":-1,"lang":4,"langs":{"4":53},"alphabets":{"1":10,"2":38,"3":3,"5":2},"parent":null,"level":"site","shared":1,"links":0}},{"type":"Feature","geometry":{"type":"Point","coordinates":[18.059097,40.062362]},"properties":{"id":1858,"name":"Aletium (Alezio)","slug":"aletium-alezio","region":"Messapia","n":53,"date_min":-600,"date_max":-1,"lang":9,"langs":{"9":53},"alphabets":{"17":53},"parent":null,"level":"site","shared":1,"links":0}},{"type":"Feature","geometry":{"type":"Point","coordinates":[10.209392,45.93906]},"properties":{"id":1919,"name":"Piancogno","slug":"piancogno","region":"Venetia et Histria","n":53,"date_min":-500,"date_max":-26,"lang":1,"langs":{"1":53},"alphabets":{"28":53},"parent":null,"level":"site","shared":1,"links":0}},{"type":"Feature","geometry":{"type":"Point","coordinates":[12.399681,45.546273]},"properties":{"id":627,"name":"Quarto d'Altino / Altinum","slug":"quarto-d-altino-altinum","region":"Venetia et Histria","n":52,"date_min":-200,"date_max":-1,"lang":7,"langs":{"7":52},"alphabets":{"6":52},"parent":null,"level":"site","shared":1,"links":0}},{"type":"Feature","geometry":{"type":"Point","coordinates":[17.942912,40.638663]},"properties":{"id":55,"name":"Brindisi","slug":"brindisi","region":"Messapia","n":51,"date_min":-450,"date_max":-1,"lang":7,"langs":{"6":1,"7":45,"9":5},"alphabets":{"6":45,"17":5,"24":1},"parent":null,"level":"site","shared":1,"links":0}},{"type":"Feature","geometry":{"type":"Point","coordinates":[11.7857,43.09802]},"properties":{"id":769,"name":"Montepulciano","slug":"montepulciano","region":"Etruria Settentrionale","n":51,"date_min":-700,"date_max":-1,"lang":4,"langs":{"4":51},"alphabets":{"1":24,"3":23,"6":4},"parent":null,"level":"site","shared":1,"links":0}},{"type":"Feature","geometry":{"type":"Point","coordinates":[17.642349,40.497834]},"properties":{"id":1892,"name":"Uria (Oria)","slug":"uria-oria","region":"Messapia","n":51,"date_min":-600,"date_max":-1,"lang":9,"langs":{"9":51},"alphabets":{"17":51},"parent":null,"level":"site","shared":1,"links":0}},{"type":"Feature","geometry":{"type":"Point","coordinates":[13.768418,41.242153]},"properties":{"id":172,"name":"Minturno / Minturnae","slug":"minturno-minturnae","region":"Latium","n":50,"date_min":-376,"date_max":-1,"lang":7,"langs":{"7":49,"10":1},"alphabets":{"6":49,"23":1},"parent":null,"level":"site","shared":1,"links":0}},{"type":"Feature","geometry":{"type":"Point","coordinates":[11.710432,42.212833]},"properties":{"id":1244,"name":"Gravisca","slug":"gravisca","region":"Etruria Meridionale","n":50,"date_min":-700,"date_max":-1,"lang":4,"langs":{"4":41,"6":9},"alphabets":{"1":26,"2":14,"8":1,"20":1,"23":3,"24":3},"parent":null,"level":"site","shared":2,"links":0}},{"type":"Feature","geometry":{"type":"Point","coordinates":[11.770142,42.249719]},"properties":{"id":1245,"name":"Monterozzi, Villa Tarantola - Porta Tarquinia","slug":"monterozzi-villa-tarantola-porta-tarquinia","region":"Etruria Meridionale","n":50,"date_min":-650,"date_max":-1,"lang":4,"langs":{"4":50},"alphabets":{"1":15,"2":34,"5":1},"parent":1968,"level":"locality","shared":42,"links":0}},{"type":"Feature","geometry":{"type":"Point","coordinates":[13.096435,42.794246]},"properties":{"id":586,"name":"Ancarano / Nursia","slug":"ancarano-nursia","region":"Umbria","n":48,"date_min":-200,"date_max":-1,"lang":7,"langs":{"7":48},"alphabets":{"6":48},"parent":null,"level":"site","shared":1,"links":0}},{"type":"Feature","geometry":{"type":"Point","coordinates":[12.79818,41.963602]},"properties":{"id":49,"name":"Tivoli / Tibur","slug":"tivoli-tibur","region":"Samnium","n":47,"date_min":-550,"date_max":-1,"lang":7,"langs":{"7":47},"alphabets":{"6":46,"7":1},"parent":null,"level":"site","shared":1,"links":0}},{"type":"Feature","geometry":{"type":"Point","coordinates":[13.925673,42.046817]},"properties":{"id":175,"name":"Sulmona / Sulmo","slug":"sulmona-sulmo","region":"Samnium","n":47,"date_min":-525,"date_max":-1,"lang":7,"langs":{"7":24,"10":22,"11":1},"alphabets":{"6":46,"11":1},"parent":null,"level":"site","shared":1,"links":0}},{"type":"Feature","geometry":{"type":"Point","coordinates":[11.985631,42.64382]},"properties":{"id":486,"name":"Bolsena / Volsinii","slug":"bolsena-volsinii","region":"Etruria Meridionale","n":47,"date_min":-600,"date_max":-1,"lang":4,"langs":{"4":38,"7":9},"alphabets":{"1":5,"2":33,"6":9},"parent":null,"level":"site","shared":4,"links":0}},{"type":"Feature","geometry":{"type":"Point","coordinates":[13.411179,42.079904]},"properties":{"id":541,"name":"Massa d'Albe / Alba Fucens","slug":"massa-d-albe-alba-fucens","region":"Samnium","n":46,"date_min":-300,"date_max":-1,"lang":7,"langs":{"7":46},"alphabets":{"6":46},"parent":null,"level":"site","shared":1,"links":0}},{"type":"Feature","geometry":{"type":"Point","coordinates":[12.025857,44.675084]},"properties":{"id":1239,"name":"Valle Mezzano","slug":"valle-mezzano","region":"Aemilia","n":46,"date_min":-500,"date_max":-201,"lang":4,"langs":{"4":46},"alphabets":{"1":17,"3":29},"parent":null,"level":"site","shared":1,"links":0}},{"type":"Feature","geometry":{"type":"Point","coordinates":[11.639109,42.417521]},"properties":{"id":1314,"name":"Tomba François","slug":"tomba-francois","region":"Etruria Meridionale","n":46,"date_min":-400,"date_max":-1,"lang":4,"langs":{"4":46},"alphabets":{"1":11,"2":32,"3":1,"5":2},"parent":null,"level":"tomb","shared":1,"links":0}},{"type":"Feature","geometry":{"type":"Point","coordinates":[13.314936,42.398434]},"properties":{"id":293,"name":"San Vittorino / San Vittorino Amiterno / Amiternum","slug":"san-vittorino-san-vittorino-amiterno-amiternum","region":"Samnium","n":45,"date_min":-300,"date_max":-1,"lang":7,"langs":{"7":45},"alphabets":{"6":45},"parent":null,"level":"site","shared":1,"links":0}},{"type":"Feature","geometry":{"type":"Point","coordinates":[11.908942,42.590813]},"properties":{"id":1317,"name":"Area della Città","slug":"area-della-citta","region":"Etruria Meridionale","n":45,"date_min":-700,"date_max":-1,"lang":4,"langs":{"4":45},"alphabets":{"1":15,"2":27,"3":1,"5":2},"parent":null,"level":"site","shared":1,"links":0}},{"type":"Feature","geometry":{"type":"Point","coordinates":[12.671864,42.990358]},"properties":{"id":193,"name":"Spello / Hispellum","slug":"spello-hispellum","region":"Umbria","n":44,"date_min":-650,"date_max":-1,"lang":7,"langs":{"7":41,"13":3},"alphabets":{"6":41,"10":3},"parent":null,"level":"site","shared":1,"links":0}},{"type":"Feature","geometry":{"type":"Point","coordinates":[9.06,45.803]},"properties":{"id":1740,"name":"Prestino (Rondineto)","slug":"prestino-rondineto","region":"Transpadana","n":44,"date_min":-675,"date_max":25,"lang":2,"langs":{"2":44},"alphabets":{"29":44},"parent":null,"level":"site","shared":1,"links":0}},{"type":"Feature","geometry":{"type":"Point","coordinates":[12.248313,42.488153]},"properties":{"id":69,"name":"Bomarzo / Statonia / Polimartium","slug":"bomarzo-statonia-polimartium","region":"Etruria Meridionale","n":42,"date_min":-600,"date_max":-1,"lang":4,"langs":{"4":40,"7":2},"alphabets":{"1":14,"2":24,"3":1,"6":3},"parent":null,"level":"site","shared":2,"links":0}},{"type":"Feature","geometry":{"type":"Point","coordinates":[12.389909,43.111192]},"properties":{"id":1139,"name":"T Cai Cutu","slug":"t-cai-cutu","region":"Etruria Settentrionale","n":42,"date_min":-300,"date_max":-76,"lang":4,"langs":{"4":42},"alphabets":{"1":23,"3":17,"5":2},"parent":134,"level":"tomb","shared":9,"links":0}},{"type":"Feature","geometry":{"type":"Point","coordinates":[17.742274,40.542328]},"properties":{"id":1877,"name":"Scamnum (Mesagne)","slug":"scamnum-mesagne","region":"Messapia","n":42,"date_min":-600,"date_max":-1,"lang":9,"langs":{"9":42},"alphabets":{"17":42},"parent":null,"level":"site","shared":1,"links":0}},{"type":"Feature","geometry":{"type":"Point","coordinates":[18.147061,40.333524]},"properties":{"id":692,"name":"San Pietro in Lama / Rudiae","slug":"san-pietro-in-lama-rudiae","region":"Messapia","n":41,"date_min":-600,"date_max":-1,"lang":9,"langs":{"7":2,"9":39},"alphabets":{"6":2,"17":39},"parent":null,"level":"site","shared":1,"links":0}},{"type":"Feature","geometry":{"type":"Point","coordinates":[10.509147,42.988385]},"properties":{"id":1218,"name":"S Cerbone","slug":"s-cerbone","region":"Etruria Settentrionale","n":41,"date_min":-700,"date_max":-1,"lang":4,"langs":{"4":41},"alphabets":{"1":14,"2":5,"3":21,"5":1},"parent":null,"level":"site","shared":1,"links":0}},{"type":"Feature","geometry":{"type":"Point","coordinates":[15.64393,38.109279]},"properties":{"id":1465,"name":"Rhegion","slug":"rhegion","region":"Lucania et Bruttium","n":41,"date_min":-550,"date_max":-76,"lang":6,"langs":{"6":41},"alphabets":{"20":27,"23":11,"24":3},"parent":null,"level":"site","shared":2,"links":0}},{"type":"Feature","geometry":{"type":"Point","coordinates":[17.389846,40.88698]},"properties":{"id":209,"name":"Egnazia / Gnathia / Egnatia","slug":"egnazia-gnathia-egnatia","region":"Apulia","n":40,"date_min":-600,"date_max":-1,"lang":9,"langs":{"7":3,"9":37},"alphabets":{"6":3,"17":37},"parent":null,"level":"site","shared":1,"links":0}},{"type":"Feature","geometry":{"type":"Point","coordinates":[12.408494,42.780253]},"properties":{"id":474,"name":"Todi / Tuder","slug":"todi-tuder","region":"Umbria","n":39,"date_min":-425,"date_max":-1,"lang":4,"langs":{"4":20,"7":8,"10":1,"13":10},"alphabets":{"1":10,"2":4,"3":5,"5":1,"6":8,"10":10,"13":1},"parent":null,"level":"site","shared":2,"links":0}},{"type":"Feature","geometry":{"type":"Point","coordinates":[12.056195,45.0577]},"properties":{"id":722,"name":"Venetia et Histria (unspecified findspot)","slug":"venetia-et-histria-unspecified-findspot","region":"Venetia et Histria","n":39,"date_min":-700,"date_max":-1,"lang":4,"langs":{"4":39},"alphabets":{"1":14,"3":23,"5":2},"parent":null,"level":"site","shared":2,"links":0}},{"type":"Feature","geometry":{"type":"Point","coordinates":[15.947896,40.690897]},"properties":{"id":1653,"name":"Rossano di Vaglio","slug":"rossano-di-vaglio","region":"Lucania et Bruttium","n":39,"date_min":-650,"date_max":-1,"lang":10,"langs":{"10":39},"alphabets":{"23":39},"parent":null,"level":"site","shared":1,"links":0}},{"type":"Feature","geometry":{"type":"Point","coordinates":[18.239471,40.003734]},"properties":{"id":255,"name":"Patu / Veretum","slug":"patu-veretum","region":"Messapia","n":38,"date_min":-600,"date_max":-1,"lang":9,"langs":{"7":1,"9":37},"alphabets":{"6":1,"17":37},"parent":null,"level":"site","shared":1,"links":0}},{"type":"Feature","geometry":{"type":"Point","coordinates":[14.524545,40.926823]},"properties":{"id":273,"name":"Nola","slug":"nola","region":"Campania","n":38,"date_min":-650,"date_max":-1,"lang":4,"langs":{"4":22,"6":1,"7":8,"10":7},"alphabets":{"1":3,"2":18,"5":1,"6":8,"13":7,"23":1},"parent":null,"level":"site","shared":1,"links":0}},{"type":"Feature","geometry":{"type":"Point","coordinates":[12.092629,42.692364]},"properties":{"id":1368,"name":"Settecamini","slug":"settecamini","region":"Etruria Meridionale","n":38,"date_min":-400,"date_max":-1,"lang":4,"langs":{"4":38},"alphabets":{"1":13,"2":22,"5":3},"parent":null,"level":"site","shared":1,"links":0}},{"type":"Feature","geometry":{"type":"Point","coordinates":[17.514427,40.646287]},"properties":{"id":1863,"name":"Caelia (Ceglie Messapica)","slug":"caelia-ceglie-messapica","region":"Apulia","n":38,"date_min":-600,"date_max":-101,"lang":9,"langs":{"9":38},"alphabets":{"17":38},"parent":null,"level":"site","shared":1,"links":0}},{"type":"Feature","geometry":{"type":"Point","coordinates":[12.73839,42.745301]},"properties":{"id":131,"name":"Spoleto / Spoletium","slug":"spoleto-spoletium","region":"Umbria","n":37,"date_min":-300,"date_max":-1,"lang":7,"langs":{"7":37},"alphabets":{"6":37},"parent":null,"level":"site","shared":1,"links":0}},{"type":"Feature","geometry":{"type":"Point","coordinates":[11.617228,43.228459]},"properties":{"id":809,"name":"Asciano, Poggio Pinci","slug":"asciano-poggio-pinci","region":"Etruria Settentrionale","n":37,"date_min":-400,"date_max":-1,"lang":4,"langs":{"4":37},"alphabets":{"1":27,"2":2,"3":8},"parent":803,"level":"locality","shared":1,"links":0}},{"type":"Feature","geometry":{"type":"Point","coordinates":[12.388377,43.249026]},"properties":{"id":1158,"name":"Cimitero Nuovo (sometimes T d Rafi)","slug":"cimitero-nuovo-sometimes-t-d-rafi","region":"Etruria Settentrionale","n":37,"date_min":-400,"date_max":-1,"lang":4,"langs":{"4":37},"alphabets":{"1":16,"2":4,"3":13,"5":3,"8":1},"parent":null,"level":"necropolis","shared":1,"links":0}},{"type":"Feature","geometry":{"type":"Point","coordinates":[15.267795,37.822487]},"properties":{"id":1495,"name":"Naxos","slug":"naxos","region":"Sicily","n":37,"date_min":-650,"date_max":-401,"lang":6,"langs":{"6":37},"alphabets":{"20":7,"23":27,"24":3},"parent":null,"level":"site","shared":1,"links":0}},{"type":"Feature","geometry":{"type":"Point","coordinates":[16.824332,40.383641]},"properties":{"id":1635,"name":"Metapontum (Metaponto)","slug":"metapontum-metaponto","region":"Lucania et Bruttium","n":37,"date_min":-625,"date_max":-1,"lang":6,"langs":{"6":35,"10":2},"alphabets":{"20":16,"23":11,"24":9},"parent":null,"level":"site","shared":1,"links":0}},{"type":"Feature","geometry":{"type":"Point","coordinates":[11.950983,42.337949]},"properties":{"id":496,"name":"Norchia","slug":"norchia","region":"Etruria Meridionale","n":35,"date_min":-400,"date_max":-1,"lang":4,"langs":{"4":32,"7":3},"alphabets":{"1":9,"2":23,"6":3},"parent":null,"level":"site","shared":1,"links":0}},{"type":"Feature","geometry":{"type":"Point","coordinates":[12.386423,42.460326]},"properties":{"id":536,"name":"Orte / Horta","slug":"orte-horta","region":"Etruria Meridionale","n":35,"date_min":-525,"date_max":-1,"lang":4,"langs":{"4":31,"7":4},"alphabets":{"1":18,"2":13,"6":4},"parent":null,"level":"site","shared":2,"links":0}},{"type":"Feature","geometry":{"type":"Point","coordinates":[11.902994,42.9667]},"properties":{"id":958,"name":"Cetona","slug":"cetona","region":"Etruria Settentrionale","n":35,"date_min":-400,"date_max":-1,"lang":4,"langs":{"4":35},"alphabets":{"1":11,"2":3,"3":10,"5":2,"6":9},"parent":null,"level":"site","shared":1,"links":0}},{"type":"Feature","geometry":{"type":"Point","coordinates":[12.117757,42.715307]},"properties":{"id":1378,"name":"Orvieto, Cannicella","slug":"orvieto-cannicella","region":"Etruria Meridionale","n":35,"date_min":-600,"date_max":-1,"lang":4,"langs":{"4":35},"alphabets":{"1":7,"2":26,"5":2},"parent":1374,"level":"locality","shared":3,"links":0}},{"type":"Feature","geometry":{"type":"Point","coordinates":[12.603889,42.330556]},"properties":{"id":1578,"name":"Italy","slug":"italy","region":"Samnium","n":35,"date_min":-650,"date_max":-1,"lang":10,"langs":{"10":35},"alphabets":{"6":11,"13":18,"14":1,"23":5},"parent":null,"level":"site","shared":1,"links":0}},{"type":"Feature","geometry":{"type":"Point","coordinates":[12.539627,42.173586]},"properties":{"id":17,"name":"Capena","slug":"capena","region":"Agri Faliscus et Capena","n":34,"date_min":-700,"date_max":-1,"lang":5,"langs":{"4":4,"5":17,"7":7,"13":6},"alphabets":{"1":2,"2":1,"6":15,"9":3,"10":4,"22":1},"parent":null,"level":"site","shared":1,"links":0}},{"type":"Feature","geometry":{"type":"Point","coordinates":[14.121742,40.825838]},"properties":{"id":227,"name":"Pozzuoli / Puteoli","slug":"pozzuoli-puteoli","region":"Campania","n":34,"date_min":-125,"date_max":-1,"lang":7,"langs":{"7":34},"alphabets":{"6":34},"parent":null,"level":"site","shared":1,"links":0}},{"type":"Feature","geometry":{"type":"Point","coordinates":[11.430809,43.325651]},"properties":{"id":773,"name":"Montaperti","slug":"montaperti","region":"Etruria Settentrionale","n":34,"date_min":-700,"date_max":-1,"lang":4,"langs":{"4":34},"alphabets":{"1":28,"3":6},"parent":null,"level":"site","shared":1,"links":0}},{"type":"Feature","geometry":{"type":"Point","coordinates":[11.833663,43.059434]},"properties":{"id":868,"name":"Chianciano","slug":"chianciano","region":"Etruria Settentrionale","n":34,"date_min":-700,"date_max":-1,"lang":4,"langs":{"4":34},"alphabets":{"1":11,"2":1,"3":17,"5":1,"6":2,"8":2},"parent":null,"level":"site","shared":1,"links":0}},{"type":"Feature","geometry":{"type":"Point","coordinates":[11.770142,42.249719]},"properties":{"id":1268,"name":"Monterozzi, Cimitero - Ripagretta","slug":"monterozzi-cimitero-ripagretta","region":"Etruria Meridionale","n":34,"date_min":-700,"date_max":-1,"lang":4,"langs":{"4":34},"alphabets":{"1":14,"2":20},"parent":1968,"level":"necropolis","shared":42,"links":0}},{"type":"Feature","geometry":{"type":"Point","coordinates":[12.643655,42.562194]},"properties":{"id":51,"name":"Terni / Interamna Nahars","slug":"terni-interamna-nahars","region":"Umbria","n":33,"date_min":-275,"date_max":-1,"lang":7,"langs":{"7":31,"13":2},"alphabets":{"6":32,"10":1},"parent":null,"level":"site","shared":1,"links":0}},{"type":"Feature","geometry":{"type":"Point","coordinates":[14.781161,41.130437]},"properties":{"id":276,"name":"Benevento / Beneventum","slug":"benevento-beneventum","region":"Apulia","n":33,"date_min":-300,"date_max":-1,"lang":7,"langs":{"7":33},"alphabets":{"6":33},"parent":null,"level":"site","shared":1,"links":0}},{"type":"Feature","geometry":{"type":"Point","coordinates":[11.504005,45.035482]},"properties":{"id":719,"name":"Canale Bianco","slug":"canale-bianco","region":"Venetia et Histria","n":33,"date_min":-400,"date_max":-1,"lang":4,"langs":{"4":33},"alphabets":{"1":13,"2":3,"3":17},"parent":null,"level":"site","shared":1,"links":0}},{"type":"Feature","geometry":{"type":"Point","coordinates":[15.827268,40.968899]},"properties":{"id":24,"name":"Venosa / Venusia","slug":"venosa-venusia","region":"Apulia","n":32,"date_min":-400,"date_max":-1,"lang":7,"langs":{"7":29,"10":3},"alphabets":{"6":29,"13":3},"parent":null,"level":"site","shared":1,"links":0}},{"type":"Feature","geometry":{"type":"Point","coordinates":[11.675841,43.0785]},"properties":{"id":768,"name":"Pienza","slug":"pienza","region":"Etruria Settentrionale","n":32,"date_min":-400,"date_max":-1,"lang":4,"langs":{"4":32},"alphabets":{"1":20,"3":12},"parent":null,"level":"site","shared":1,"links":0}},{"type":"Feature","geometry":{"type":"Point","coordinates":[11.999878,43.059299]},"properties":{"id":899,"name":"Vaiano","slug":"vaiano","region":"Etruria Settentrionale","n":32,"date_min":-400,"date_max":-1,"lang":4,"langs":{"4":32},"alphabets":{"1":14,"3":14,"5":2,"6":2},"parent":null,"level":"site","shared":1,"links":0}},{"type":"Feature","geometry":{"type":"Point","coordinates":[12.431018,43.101105]},"properties":{"id":1137,"name":"Monteville","slug":"monteville","region":"Etruria Settentrionale","n":32,"date_min":-400,"date_max":-1,"lang":4,"langs":{"4":32},"alphabets":{"1":17,"2":1,"3":14},"parent":null,"level":"site","shared":1,"links":0}},{"type":"Feature","geometry":{"type":"Point","coordinates":[11.271469,46.502844]},"properties":{"id":1925,"name":"Meran (Bolzano)","slug":"meran-bolzano","region":"Venetia et Histria","n":32,"date_min":-700,"date_max":-1,"lang":12,"langs":{"12":32},"alphabets":{"6":1,"26":11,"27":17},"parent":null,"level":"site","shared":1,"links":0}},{"type":"Feature","geometry":{"type":"Point","coordinates":[14.232432,41.596276]},"properties":{"id":65,"name":"Isernia / Aesernia","slug":"isernia-aesernia","region":"Samnium","n":31,"date_min":-275,"date_max":-1,"lang":7,"langs":{"7":30,"10":1},"alphabets":{"6":30,"13":1},"parent":null,"level":"site","shared":1,"links":0}},{"type":"Feature","geometry":{"type":"Point","coordinates":[14.132124,41.199961]},"properties":{"id":581,"name":"Pignataro Maggiore / Cales","slug":"pignataro-maggiore-cales","region":"Campania","n":31,"date_min":-650,"date_max":-1,"lang":7,"langs":{"7":30,"10":1},"alphabets":{"6":31},"parent":null,"level":"site","shared":2,"links":0}},{"type":"Feature","geometry":{"type":"Point","coordinates":[14.387402,41.740148]},"properties":{"id":1680,"name":"Bovanium Vetus (Pietrabbondante)","slug":"bovanium-vetus-pietrabbondante","region":"Samnium","n":31,"date_min":-650,"date_max":-1,"lang":10,"langs":{"10":31},"alphabets":{"6":1,"13":30},"parent":null,"level":"site","shared":1,"links":0}},{"type":"Feature","geometry":{"type":"Point","coordinates":[11.397,45.862]},"properties":{"id":1922,"name":"Bostel","slug":"bostel","region":"Venetia et Histria","n":31,"date_min":-400,"date_max":-101,"lang":12,"langs":{"12":31},"alphabets":{"25":6,"26":16},"parent":null,"level":"site","shared":1,"links":0}},{"type":"Feature","geometry":{"type":"Point","coordinates":[15.283336,37.070079]},"properties":{"id":177,"name":"Syracuse","slug":"syracuse","region":"Sicily","n":30,"date_min":-725,"date_max":-26,"lang":7,"langs":{"6":12,"7":18},"alphabets":{"6":15,"7":3,"20":2,"23":5,"24":5},"parent":null,"level":"site","shared":1,"links":0}},{"type":"Feature","geometry":{"type":"Point","coordinates":[12.91577,43.912081]},"properties":{"id":194,"name":"Pesaro / Pisaurum","slug":"pesaro-pisaurum","region":"Aemilia","n":30,"date_min":-400,"date_max":-1,"lang":7,"langs":{"4":2,"7":28},"alphabets":{"1":1,"6":28,"8":1},"parent":null,"level":"site","shared":1,"links":0}},{"type":"Feature","geometry":{"type":"Point","coordinates":[12.131285,42.488677]},"properties":{"id":348,"name":"Ferento / Ferentium","slug":"ferento-ferentium","region":"Etruria Meridionale","n":30,"date_min":-700,"date_max":-1,"lang":4,"langs":{"4":24,"7":6},"alphabets":{"1":12,"2":12,"6":6},"parent":null,"level":"site","shared":1,"links":0}},{"type":"Feature","geometry":{"type":"Point","coordinates":[14.046066,41.484488]},"properties":{"id":626,"name":"Pozzilli / Venafrum","slug":"pozzilli-venafrum","region":"Campania","n":30,"date_min":-650,"date_max":-1,"lang":7,"langs":{"7":25,"10":5},"alphabets":{"6":25,"13":5},"parent":null,"level":"site","shared":1,"links":0}},{"type":"Feature","geometry":{"type":"Point","coordinates":[11.876975,45.409561]},"properties":{"id":676,"name":"Caselle de' Ruffi / Caselle / Patavium","slug":"caselle-de-ruffi-caselle-patavium","region":"Venetia et Histria","n":30,"date_min":-500,"date_max":-1,"lang":14,"langs":{"7":9,"14":21},"alphabets":{"6":11,"18":19},"parent":null,"level":"site","shared":1,"links":0}},{"type":"Feature","geometry":{"type":"Point","coordinates":[18.390191,40.051817]},"properties":{"id":700,"name":"Vaste / Basta","slug":"vaste-basta","region":"Messapia","n":30,"date_min":-600,"date_max":-1,"lang":9,"langs":{"7":1,"9":29},"alphabets":{"7":1,"17":29},"parent":null,"level":"site","shared":1,"links":0}},{"type":"Feature","geometry":{"type":"Point","coordinates":[11.947736,43.016515]},"properties":{"id":889,"name":"Colle","slug":"colle","region":"Etruria Settentrionale","n":30,"date_min":-550,"date_max":-1,"lang":4,"langs":{"4":30},"alphabets":{"1":8,"3":22},"parent":200,"level":"locality","shared":39,"links":0}},{"type":"Feature","geometry":{"type":"Point","coordinates":[11.947736,43.016515]},"properties":{"id":926,"name":"Pian dei Ponti","slug":"pian-dei-ponti","region":"Etruria Settentrionale","n":30,"date_min":-400,"date_max":-1,"lang":4,"langs":{"4":30},"alphabets":{"1":9,"2":1,"3":19,"5":1},"parent":200,"level":"locality","shared":39,"links":0}},{"type":"Feature","geometry":{"type":"Point","coordinates":[11.202842,44.335266]},"properties":{"id":1059,"name":"Marzabotto","slug":"marzabotto","region":"Aemilia","n":30,"date_min":-700,"date_max":-1,"lang":4,"langs":{"4":30},"alphabets":{"1":9,"2":1,"3":20},"parent":null,"level":"site","shared":1,"links":0}},{"type":"Feature","geometry":{"type":"Point","coordinates":[12.419347,43.107513]},"properties":{"id":1135,"name":"Monterone","slug":"monterone","region":"Etruria Settentrionale","n":30,"date_min":-400,"date_max":-1,"lang":4,"langs":{"4":30},"alphabets":{"1":6,"2":1,"3":23},"parent":null,"level":"site","shared":1,"links":0}},{"type":"Feature","geometry":{"type":"Point","coordinates":[11.631027,42.424227]},"properties":{"id":1307,"name":"Fosso dell'Osteria","slug":"fosso-dell-osteria","region":"Etruria Meridionale","n":30,"date_min":-650,"date_max":-1,"lang":4,"langs":{"4":30},"alphabets":{"1":12,"2":15,"3":2,"5":1},"parent":null,"level":"site","shared":2,"links":0}},{"type":"Feature","geometry":{"type":"Point","coordinates":[11.986468,42.647823]},"properties":{"id":1370,"name":"Poggio Moscini","slug":"poggio-moscini","region":"Etruria Meridionale","n":30,"date_min":-400,"date_max":-1,"lang":4,"langs":{"4":30},"alphabets":{"1":18,"2":10,"3":1,"6":1},"parent":null,"level":"site","shared":1,"links":0}},{"type":"Feature","geometry":{"type":"Point","coordinates":[9.891,46.04]},"properties":{"id":1720,"name":"Carona (Camisana)","slug":"carona-camisana","region":"Transpadana","n":30,"date_min":-675,"date_max":25,"lang":2,"langs":{"2":30},"alphabets":{"29":30},"parent":null,"level":"site","shared":1,"links":0}},{"type":"Feature","geometry":{"type":"Point","coordinates":[9.011,46.173]},"properties":{"id":1806,"name":"Giubiasco necropolis","slug":"giubiasco-necropolis","region":"Transpadana","n":29,"date_min":-675,"date_max":100,"lang":2,"langs":{"2":29},"alphabets":{"6":3,"29":26},"parent":null,"level":"necropolis","shared":1,"links":0}},{"type":"Feature","geometry":{"type":"Point","coordinates":[18.031872,40.507323]},"properties":{"id":1861,"name":"Valetium (Valesio)","slug":"valetium-valesio","region":"Messapia","n":29,"date_min":-600,"date_max":-101,"lang":9,"langs":{"6":1,"9":28},"alphabets":{"17":28,"20":1},"parent":null,"level":"site","shared":1,"links":0}},{"type":"Feature","geometry":{"type":"Point","coordinates":[11.976576,42.412218]},"properties":{"id":830,"name":"Musarna, Macchia del Conte","slug":"musarna-macchia-del-conte","region":"Etruria Meridionale","n":28,"date_min":-400,"date_max":-1,"lang":4,"langs":{"4":28},"alphabets":{"1":6,"2":22},"parent":488,"level":"locality","shared":3,"links":0}},{"type":"Feature","geometry":{"type":"Point","coordinates":[11.770142,42.249719]},"properties":{"id":1247,"name":"Monterozzi, Calvario","slug":"monterozzi-calvario","region":"Etruria Meridionale","n":28,"date_min":-700,"date_max":-1,"lang":4,"langs":{"4":28},"alphabets":{"1":14,"2":12,"3":2},"parent":1968,"level":"locality","shared":42,"links":0}},{"type":"Feature","geometry":{"type":"Point","coordinates":[11.758173,42.254532]},"properties":{"id":1248,"name":"Civita","slug":"civita","region":"Etruria Meridionale","n":28,"date_min":-700,"date_max":-1,"lang":4,"langs":{"4":28},"alphabets":{"1":17,"2":11},"parent":null,"level":"site","shared":11,"links":0}},{"type":"Feature","geometry":{"type":"Point","coordinates":[9.510482,42.102485]},"properties":{"id":347,"name":"Aleria","slug":"aleria","region":"Corsica","n":27,"date_min":-500,"date_max":-1,"lang":4,"langs":{"4":25,"7":2},"alphabets":{"1":15,"2":3,"3":7,"6":2},"parent":null,"level":"site","shared":1,"links":0}},{"type":"Feature","geometry":{"type":"Point","coordinates":[11.87028,42.419248]},"properties":{"id":471,"name":"Tuscania / Tuscana","slug":"tuscania-tuscana","region":"Etruria Meridionale","n":27,"date_min":-450,"date_max":-1,"lang":7,"langs":{"4":9,"7":18},"alphabets":{"1":2,"2":7,"6":18},"parent":null,"level":"site","shared":16,"links":0}},{"type":"Feature","geometry":{"type":"Point","coordinates":[12.248313,42.488153]},"properties":{"id":732,"name":"Bomarzo, Piano delle Colonne","slug":"bomarzo-piano-delle-colonne","region":"Etruria Meridionale","n":27,"date_min":-400,"date_max":-1,"lang":4,"langs":{"4":27},"alphabets":{"1":15,"2":12},"parent":69,"level":"locality","shared":2,"links":0}},{"type":"Feature","geometry":{"type":"Point","coordinates":[12.108797,42.001869]},"properties":{"id":1013,"name":"Vigna Parrochiale","slug":"vigna-parrochiale","region":"Etruria Meridionale","n":27,"date_min":-700,"date_max":-401,"lang":4,"langs":{"4":27},"alphabets":{"1":12,"2":14,"3":1},"parent":null,"level":"site","shared":1,"links":0}},{"type":"Feature","geometry":{"type":"Point","coordinates":[11.770142,42.249719]},"properties":{"id":1277,"name":"Monterozzi, Cimitero - T d Scudi","slug":"monterozzi-cimitero-t-d-scudi","region":"Etruria Meridionale","n":27,"date_min":-375,"date_max":-201,"lang":4,"langs":{"4":27},"alphabets":{"1":13,"2":14},"parent":1968,"level":"tomb","shared":42,"links":0}},{"type":"Feature","geometry":{"type":"Point","coordinates":[12.596381,42.130216]},"properties":{"id":18,"name":"Lucus Feroniae (Santa Marta)","slug":"lucus-feroniae-santa-marta","region":"Agri Faliscus et Capena","n":26,"date_min":-300,"date_max":-1,"lang":7,"langs":{"4":1,"5":4,"7":21},"alphabets":{"2":1,"6":25},"parent":null,"level":"site","shared":1,"links":0}},{"type":"Feature","geometry":{"type":"Point","coordinates":[12.697593,41.674703]},"properties":{"id":159,"name":"Lanuvio / Lanuvium","slug":"lanuvio-lanuvium","region":"Latium","n":26,"date_min":-550,"date_max":-1,"lang":7,"langs":{"7":26},"alphabets":{"6":25,"7":1},"parent":null,"level":"site","shared":1,"links":0}},{"type":"Feature","geometry":{"type":"Point","coordinates":[14.476982,37.428845]},"properties":{"id":661,"name":"Aidone / Morgantina","slug":"aidone-morgantina","region":"Sicily","n":26,"date_min":-600,"date_max":-1,"lang":6,"langs":{"6":15,"7":11},"alphabets":{"6":6,"7":5,"23":6,"24":9},"parent":null,"level":"site","shared":1,"links":0}},{"type":"Feature","geometry":{"type":"Point","coordinates":[11.323543,43.32662]},"properties":{"id":795,"name":"Camulliano","slug":"camulliano","region":"Etruria Settentrionale","n":26,"date_min":-400,"date_max":-1,"lang":4,"langs":{"4":26},"alphabets":{"1":4,"3":22},"parent":null,"level":"site","shared":1,"links":0}},{"type":"Feature","geometry":{"type":"Point","coordinates":[12.27716,42.383575]},"properties":{"id":9,"name":"Vignanello","slug":"vignanello","region":"Agri Faliscus et Capena","n":25,"date_min":-525,"date_max":-201,"lang":5,"langs":{"4":3,"5":22},"alphabets":{"1":1,"2":2,"9":18},"parent":null,"level":"site","shared":1,"links":0}},{"type":"Feature","geometry":{"type":"Point","coordinates":[13.24885,41.291169]},"properties":{"id":54,"name":"Terracina / Tarracina","slug":"terracina-tarracina","region":"Latium","n":25,"date_min":-200,"date_max":-1,"lang":7,"langs":{"7":25},"alphabets":{"6":25},"parent":null,"level":"site","shared":1,"links":0}},{"type":"Feature","geometry":{"type":"Point","coordinates":[17.233042,40.473787]},"properties":{"id":208,"name":"Taranto / Taras / Neptunia / Tarentum","slug":"taranto-taras-neptunia-tarentum","region":"Messapia","n":25,"date_min":-400,"date_max":-1,"lang":7,"langs":{"7":24,"9":1},"alphabets":{"6":24,"17":1},"parent":null,"level":"site","shared":1,"links":0}},{"type":"Feature","geometry":{"type":"Point","coordinates":[16.484535,41.117199]},"properties":{"id":535,"name":"Ruvo di Puglia / Rubi","slug":"ruvo-di-puglia-rubi","region":"Apulia","n":25,"date_min":-400,"date_max":-26,"lang":9,"langs":{"7":2,"9":23},"alphabets":{"6":2,"17":23},"parent":null,"level":"site","shared":1,"links":0}},{"type":"Feature","geometry":{"type":"Point","coordinates":[11.770142,42.249719]},"properties":{"id":1262,"name":"Monterozzi, Cimitero - T d Orco","slug":"monterozzi-cimitero-t-d-orco","region":"Etruria Meridionale","n":25,"date_min":-400,"date_max":-226,"lang":4,"langs":{"4":25},"alphabets":{"1":9,"2":15,"3":1},"parent":1968,"level":"tomb","shared":42,"links":0}},{"type":"Feature","geometry":{"type":"Point","coordinates":[12.563194,44.058957]},"properties":{"id":351,"name":"San Mauro Pascoli / Ariminum","slug":"san-mauro-pascoli-ariminum","region":"Aemilia","n":24,"date_min":-600,"date_max":-1,"lang":7,"langs":{"4":2,"7":21,"13":1},"alphabets":{"2":1,"3":1,"6":21,"22":1},"parent":null,"level":"site","shared":1,"links":0}},{"type":"Feature","geometry":{"type":"Point","coordinates":[11.631031,42.424219]},"properties":{"id":1308,"name":"Pian dell'Abbadia","slug":"pian-dell-abbadia","region":"Etruria Meridionale","n":24,"date_min":-625,"date_max":-1,"lang":4,"langs":{"4":24},"alphabets":{"1":7,"2":15,"3":2},"parent":1307,"level":"locality","shared":2,"links":0}},{"type":"Feature","geometry":{"type":"Point","coordinates":[12.816942,37.586865]},"properties":{"id":1528,"name":"Selinus (Malaphoros sanctuary)","slug":"selinus-malaphoros-sanctuary","region":"Sicily","n":24,"date_min":-575,"date_max":-201,"lang":6,"langs":{"6":24},"alphabets":{"23":10,"24":14},"parent":null,"level":"site","shared":1,"links":0}},{"type":"Feature","geometry":{"type":"Point","coordinates":[18.426389,40.2875]},"properties":{"id":1884,"name":"Roca Vecchia","slug":"roca-vecchia","region":"Messapia","n":24,"date_min":-600,"date_max":-1,"lang":9,"langs":{"9":24},"alphabets":{"17":24},"parent":null,"level":"site","shared":1,"links":0}},{"type":"Feature","geometry":{"type":"Point","coordinates":[11.707,47.527]},"properties":{"id":1921,"name":"Achenkirch (Tirol)","slug":"achenkirch-tirol","region":"Raetia","n":24,"date_min":-525,"date_max":-1,"lang":12,"langs":{"12":24},"alphabets":{"25":15,"26":3,"27":1},"parent":null,"level":"site","shared":1,"links":0}},{"type":"Feature","geometry":{"type":"Point","coordinates":[12.556807,42.639799]},"properties":{"id":144,"name":"Civitella Cesi / Carsulae","slug":"civitella-cesi-carsulae","region":"Umbria","n":23,"date_min":-100,"date_max":-1,"lang":7,"langs":{"7":23},"alphabets":{"6":23},"parent":null,"level":"site","shared":1,"links":0}},{"type":"Feature","geometry":{"type":"Point","coordinates":[13.73065,42.130585]},"properties":{"id":287,"name":"Castelvecchio Subequo / Superaequum","slug":"castelvecchio-subequo-superaequum","region":"Samnium","n":23,"date_min":-525,"date_max":-1,"lang":7,"langs":{"7":18,"10":3,"11":2},"alphabets":{"6":21,"11":2},"parent":null,"level":"site","shared":1,"links":0}},{"type":"Feature","geometry":{"type":"Point","coordinates":[12.868594,42.227849]},"properties":{"id":434,"name":"Monteleone Sabino / Trebula Mutuesca","slug":"monteleone-sabino-trebula-mutuesca","region":"Samnium","n":23,"date_min":-100,"date_max":-76,"lang":7,"langs":{"7":23},"alphabets":{"6":23},"parent":null,"level":"site","shared":1,"links":0}},{"type":"Feature","geometry":{"type":"Point","coordinates":[13.585475,37.290594]},"properties":{"id":528,"name":"Agrigento / Agrigentum","slug":"agrigento-agrigentum","region":"Sicily","n":23,"date_min":-550,"date_max":-1,"lang":6,"langs":{"6":12,"7":11},"alphabets":{"6":5,"7":6,"20":6,"23":4,"24":2},"parent":null,"level":"site","shared":1,"links":0}},{"type":"Feature","geometry":{"type":"Point","coordinates":[11.604815,43.057842]},"properties":{"id":793,"name":"S Quirico d'Orcia, Strozzavolpe","slug":"s-quirico-d-orcia-strozzavolpe","region":"Etruria Settentrionale","n":23,"date_min":-400,"date_max":-1,"lang":4,"langs":{"4":23},"alphabets":{"1":6,"3":17},"parent":794,"level":"locality","shared":6,"links":0}},{"type":"Feature","geometry":{"type":"Point","coordinates":[12.032923,42.250564]},"properties":{"id":824,"name":"S Giovenale","slug":"s-giovenale","region":"Etruria Meridionale","n":23,"date_min":-700,"date_max":-401,"lang":4,"langs":{"4":23},"alphabets":{"1":12,"2":11},"parent":null,"level":"site","shared":1,"links":0}},{"type":"Feature","geometry":{"type":"Point","coordinates":[10.301678,45.984298]},"properties":{"id":1920,"name":"Valcamonica","slug":"valcamonica","region":"Venetia et Histria","n":23,"date_min":-500,"date_max":-26,"lang":1,"langs":{"1":23},"alphabets":{"28":23},"parent":null,"level":"site","shared":1,"links":0}},{"type":"Feature","geometry":{"type":"Point","coordinates":[12.493677,45.781212]},"properties":{"id":83,"name":"Oderzo / Opitergium","slug":"oderzo-opitergium","region":"Venetia et Histria","n":22,"date_min":-600,"date_max":-1,"lang":7,"langs":{"7":18,"14":4},"alphabets":{"6":18,"18":4},"parent":null,"level":"site","shared":1,"links":0}},{"type":"Feature","geometry":{"type":"Point","coordinates":[13.603533,41.256039]},"properties":{"id":188,"name":"Formia / Formiae","slug":"formia-formiae","region":"Latium","n":22,"date_min":-300,"date_max":-1,"lang":7,"langs":{"7":22},"alphabets":{"6":22},"parent":null,"level":"site","shared":1,"links":0}},{"type":"Feature","geometry":{"type":"Point","coordinates":[12.056966,45.055458]},"properties":{"id":718,"name":"Giardino Pubblico","slug":"giardino-pubblico","region":"Venetia et Histria","n":22,"date_min":-525,"date_max":-1,"lang":4,"langs":{"4":22},"alphabets":{"1":9,"2":1,"3":12},"parent":null,"level":"site","shared":1,"links":0}},{"type":"Feature","geometry":{"type":"Point","coordinates":[11.601274,43.240916]},"properties":{"id":774,"name":"Asciano, T d Marcni I","slug":"asciano-t-d-marcni-i","region":"Etruria Settentrionale","n":22,"date_min":-200,"date_max":-1,"lang":4,"langs":{"4":22},"alphabets":{"1":11,"3":11},"parent":775,"level":"tomb","shared":2,"links":0}},{"type":"Feature","geometry":{"type":"Point","coordinates":[11.903439,43.019129]},"properties":{"id":966,"name":"Fonte Rotella","slug":"fonte-rotella","region":"Etruria Settentrionale","n":22,"date_min":-400,"date_max":-1,"lang":4,"langs":{"4":22},"alphabets":{"1":12,"3":9,"5":1},"parent":null,"level":"site","shared":1,"links":0}},{"type":"Feature","geometry":{"type":"Point","coordinates":[12.411077,43.094081]},"properties":{"id":1160,"name":"Piscille","slug":"piscille","region":"Etruria Settentrionale","n":22,"date_min":-475,"date_max":-1,"lang":4,"langs":{"4":22},"alphabets":{"1":6,"2":2,"3":12,"5":2},"parent":null,"level":"site","shared":1,"links":0}},{"type":"Feature","geometry":{"type":"Point","coordinates":[10.864228,43.411438]},"properties":{"id":1438,"name":"Necropoli del Portone, T d Ceicna","slug":"necropoli-del-portone-t-d-ceicna","region":"Etruria Settentrionale","n":22,"date_min":-400,"date_max":-1,"lang":4,"langs":{"4":22},"alphabets":{"1":8,"3":14},"parent":1443,"level":"tomb","shared":5,"links":0}},{"type":"Feature","geometry":{"type":"Point","coordinates":[11.348,45.706]},"properties":{"id":1935,"name":"Magrè","slug":"magre","region":"Venetia et Histria","n":22,"date_min":-300,"date_max":-101,"lang":12,"langs":{"12":22},"alphabets":{"25":21,"26":1},"parent":null,"level":"site","shared":1,"links":0}},{"type":"Feature","geometry":{"type":"Point","coordinates":[13.158962,41.742213]},"properties":{"id":5,"name":"Anagnia","slug":"anagnia","region":"Latium","n":21,"date_min":-650,"date_max":-1,"lang":7,"langs":{"4":3,"7":7,"10":1,"11":7},"alphabets":{"1":1,"2":1,"3":1,"6":13,"13":1,"22":4},"parent":null,"level":"site","shared":1,"links":0}},{"type":"Feature","geometry":{"type":"Point","coordinates":[12.719727,41.887373]},"properties":{"id":113,"name":"Castiglione / Gabii","slug":"castiglione-gabii","region":"Latium","n":21,"date_min":-650,"date_max":-1,"lang":7,"langs":{"7":21},"alphabets":{"6":18,"7":3},"parent":null,"level":"site","shared":1,"links":0}},{"type":"Feature","geometry":{"type":"Point","coordinates":[12.413467,42.557237]},"properties":{"id":317,"name":"Amelia / Ameria","slug":"amelia-ameria","region":"Umbria","n":21,"date_min":-325,"date_max":-1,"lang":7,"langs":{"7":20,"13":1},"alphabets":{"6":20,"10":1},"parent":null,"level":"site","shared":1,"links":0}},{"type":"Feature","geometry":{"type":"Point","coordinates":[14.473913,41.48673]},"properties":{"id":346,"name":"Bojano / Boiano / Bovianum Undecimanorum","slug":"bojano-boiano-bovianum-undecimanorum","region":"Samnium","n":21,"date_min":-650,"date_max":-1,"lang":10,"langs":{"7":3,"10":18},"alphabets":{"6":3,"13":18},"parent":null,"level":"site","shared":1,"links":0}},{"type":"Feature","geometry":{"type":"Point","coordinates":[12.104818,42.417376]},"properties":{"id":822,"name":"Sorrina / Viterbo","slug":"sorrina-viterbo","region":"Etruria Meridionale","n":21,"date_min":-625,"date_max":-1,"lang":4,"langs":{"4":21},"alphabets":{"1":9,"2":11,"4":1},"parent":null,"level":"site","shared":1,"links":0}},{"type":"Feature","geometry":{"type":"Point","coordinates":[11.946491,43.015278]},"properties":{"id":866,"name":"Castelluccio Biforchi","slug":"castelluccio-biforchi","region":"Etruria Settentrionale","n":21,"date_min":-650,"date_max":-1,"lang":4,"langs":{"4":21},"alphabets":{"1":10,"3":8,"5":2,"8":1},"parent":null,"level":"site","shared":1,"links":0}},{"type":"Feature","geometry":{"type":"Point","coordinates":[11.542973,42.872995]},"properties":{"id":884,"name":"S Mustiola","slug":"s-mustiola","region":"Etruria Settentrionale","n":21,"date_min":-400,"date_max":-1,"lang":4,"langs":{"4":21},"alphabets":{"1":6,"3":15},"parent":null,"level":"site","shared":1,"links":0}},{"type":"Feature","geometry":{"type":"Point","coordinates":[11.947702,43.01533]},"properties":{"id":908,"name":"Vigna Grande","slug":"vigna-grande-etruria-settentrionale","region":"Etruria Settentrionale","n":21,"date_min":-525,"date_max":-1,"lang":4,"langs":{"4":21},"alphabets":{"1":6,"3":15},"parent":null,"level":"site","shared":1,"links":0}},{"type":"Feature","geometry":{"type":"Point","coordinates":[11.959367,43.06817]},"properties":{"id":941,"name":"Colline del Lago","slug":"colline-del-lago","region":"Etruria Settentrionale","n":21,"date_min":-400,"date_max":-1,"lang":4,"langs":{"4":21},"alphabets":{"1":10,"2":2,"3":8,"5":1},"parent":null,"level":"site","shared":1,"links":0}},{"type":"Feature","geometry":{"type":"Point","coordinates":[12.416853,42.210553]},"properties":{"id":1049,"name":"Narce","slug":"narce","region":"Agri Faliscus et Capena","n":21,"date_min":-675,"date_max":-251,"lang":4,"langs":{"4":21},"alphabets":{"1":2,"2":17,"3":1,"4":1},"parent":null,"level":"site","shared":1,"links":0}},{"type":"Feature","geometry":{"type":"Point","coordinates":[11.770142,42.249719]},"properties":{"id":1250,"name":"Monterozzi, Secondi Archi - Arcatelle","slug":"monterozzi-secondi-archi-arcatelle","region":"Etruria Meridionale","n":21,"date_min":-700,"date_max":-1,"lang":4,"langs":{"4":21},"alphabets":{"1":12,"2":9},"parent":1968,"level":"locality","shared":42,"links":0}},{"type":"Feature","geometry":{"type":"Point","coordinates":[10.861286,43.401292]},"properties":{"id":1433,"name":"Volterra, acropoli","slug":"volterra-acropoli","region":"Etruria Settentrionale","n":21,"date_min":-525,"date_max":-1,"lang":4,"langs":{"4":21},"alphabets":{"1":16,"3":5},"parent":null,"level":"locality","shared":1,"links":0}},{"type":"Feature","geometry":{"type":"Point","coordinates":[14.303422,37.427253]},"properties":{"id":1510,"name":"Montagna di Marzo-Erbessos","slug":"montagna-di-marzo-erbessos","region":"Sicily","n":21,"date_min":-525,"date_max":-26,"lang":6,"langs":{"6":21},"alphabets":{"20":2,"23":14,"24":5},"parent":null,"level":"site","shared":1,"links":0}},{"type":"Feature","geometry":{"type":"Point","coordinates":[10.589,46.672]},"properties":{"id":1957,"name":"Sluderno","slug":"sluderno","region":"Transpadana","n":21,"date_min":-300,"date_max":-1,"lang":12,"langs":{"12":21},"alphabets":{"26":7,"27":12},"parent":null,"level":"site","shared":1,"links":0}},{"type":"Feature","geometry":{"type":"Point","coordinates":[14.617557,41.433541]},"properties":{"id":121,"name":"Saepinum (Altilia)","slug":"saepinum-altilia","region":"Samnium","n":20,"date_min":-150,"date_max":-1,"lang":7,"langs":{"7":17,"10":3},"alphabets":{"6":17,"13":3},"parent":null,"level":"site","shared":1,"links":0}},{"type":"Feature","geometry":{"type":"Point","coordinates":[13.278821,42.353539]},"properties":{"id":296,"name":"Civitatomassa / Tomassa / Amiternum","slug":"civitatomassa-tomassa-amiternum","region":"Samnium","n":20,"date_min":-100,"date_max":-1,"lang":7,"langs":{"7":20},"alphabets":{"6":20},"parent":null,"level":"site","shared":1,"links":0}},{"type":"Feature","geometry":{"type":"Point","coordinates":[13.295287,42.377409]},"properties":{"id":297,"name":"Preturo / Grottoni / Amiternum","slug":"preturo-grottoni-amiternum","region":"Samnium","n":20,"date_min":-200,"date_max":-1,"lang":7,"langs":{"7":20},"alphabets":{"6":20},"parent":null,"level":"site","shared":1,"links":0}},{"type":"Feature","geometry":{"type":"Point","coordinates":[14.25287,40.839995]},"properties":{"id":400,"name":"Napoli / Neapolis","slug":"napoli-neapolis","region":"Campania","n":20,"date_min":-600,"date_max":100,"lang":6,"langs":{"6":10,"7":10},"alphabets":{"6":10,"23":1,"24":5},"parent":null,"level":"site","shared":1,"links":0}},{"type":"Feature","geometry":{"type":"Point","coordinates":[11.839786,43.098597]},"properties":{"id":801,"name":"Cervognano","slug":"cervognano","region":"Etruria Settentrionale","n":20,"date_min":-400,"date_max":-1,"lang":4,"langs":{"4":20},"alphabets":{"1":9,"3":4,"5":1,"6":6},"parent":null,"level":"site","shared":1,"links":0}},{"type":"Feature","geometry":{"type":"Point","coordinates":[11.136426,42.564417]},"properties":{"id":856,"name":"Talamone","slug":"talamone","region":"Etruria Settentrionale","n":20,"date_min":-400,"date_max":-1,"lang":4,"langs":{"4":20},"alphabets":{"1":13,"2":7},"parent":null,"level":"site","shared":1,"links":0}},{"type":"Feature","geometry":{"type":"Point","coordinates":[11.947736,43.016515]},"properties":{"id":924,"name":"Le Tombe","slug":"le-tombe","region":"Etruria Settentrionale","n":20,"date_min":-400,"date_max":-1,"lang":4,"langs":{"4":20},"alphabets":{"1":6,"2":1,"3":12,"5":1},"parent":200,"level":"locality","shared":39,"links":0}},{"type":"Feature","geometry":{"type":"Point","coordinates":[11.770142,42.249719]},"properties":{"id":1288,"name":"Monterozzi, Secondi Archi - T d Iscrizioni","slug":"monterozzi-secondi-archi-t-d-iscrizioni","region":"Etruria Meridionale","n":20,"date_min":-550,"date_max":-501,"lang":4,"langs":{"4":20},"alphabets":{"1":7,"2":13},"parent":1968,"level":"tomb","shared":42,"links":0}},{"type":"Feature","geometry":{"type":"Point","coordinates":[14.64332,40.747213]},"properties":{"id":118,"name":"Nocera Inferiore / Nuceria","slug":"nocera-inferiore-nuceria","region":"Campania","n":19,"date_min":-75,"date_max":-1,"lang":7,"langs":{"7":19},"alphabets":{"6":19},"parent":null,"level":"site","shared":1,"links":0}},{"type":"Feature","geometry":{"type":"Point","coordinates":[16.065578,41.221428]},"properties":{"id":202,"name":"Canosa di Puglia / Canusium","slug":"canosa-di-puglia-canusium","region":"Apulia","n":19,"date_min":-450,"date_max":-1,"lang":7,"langs":{"7":11,"9":8},"alphabets":{"6":11,"17":8},"parent":null,"level":"site","shared":1,"links":0}},{"type":"Feature","geometry":{"type":"Point","coordinates":[13.427922,41.357429]},"properties":{"id":226,"name":"Fondi / Fundi","slug":"fondi-fundi","region":"Latium","n":19,"date_min":-400,"date_max":-1,"lang":7,"langs":{"4":1,"7":18},"alphabets":{"1":1,"6":18},"parent":null,"level":"site","shared":1,"links":0}},{"type":"Feature","geometry":{"type":"Point","coordinates":[12.027539,42.272684]},"properties":{"id":245,"name":"Blera","slug":"blera","region":"Etruria Meridionale","n":19,"date_min":-700,"date_max":-1,"lang":4,"langs":{"4":18,"7":1},"alphabets":{"1":3,"2":14,"3":1,"6":1},"parent":null,"level":"site","shared":1,"links":0}},{"type":"Feature","geometry":{"type":"Point","coordinates":[12.480721,41.664474]},"properties":{"id":253,"name":"Pratica di Mare / Laurentum / Lavinium","slug":"pratica-di-mare-laurentum-lavinium","region":"Latium","n":19,"date_min":-575,"date_max":-26,"lang":7,"langs":{"4":1,"7":18},"alphabets":{"2":1,"6":17,"7":1},"parent":null,"level":"site","shared":1,"links":0}},{"type":"Feature","geometry":{"type":"Point","coordinates":[12.485373,43.013786]},"properties":{"id":475,"name":"Bettona / Vettona","slug":"bettona-vettona","region":"Umbria","n":19,"date_min":-400,"date_max":-1,"lang":4,"langs":{"4":11,"7":8},"alphabets":{"1":4,"2":3,"3":3,"5":1,"6":8},"parent":null,"level":"site","shared":1,"links":0}},{"type":"Feature","geometry":{"type":"Point","coordinates":[11.566835,43.144798]},"properties":{"id":780,"name":"Monterongriffoli","slug":"monterongriffoli","region":"Etruria Settentrionale","n":19,"date_min":-400,"date_max":-1,"lang":4,"langs":{"4":19},"alphabets":{"1":12,"3":7},"parent":null,"level":"site","shared":1,"links":0}},{"type":"Feature","geometry":{"type":"Point","coordinates":[12.056638,43.127647]},"properties":{"id":910,"name":"Castiglione del Lago","slug":"castiglione-del-lago","region":"Etruria Settentrionale","n":19,"date_min":-400,"date_max":-1,"lang":4,"langs":{"4":19},"alphabets":{"1":6,"3":13},"parent":null,"level":"site","shared":1,"links":0}},{"type":"Feature","geometry":{"type":"Point","coordinates":[12.272636,43.128022]},"properties":{"id":1131,"name":"S Pietro","slug":"s-pietro","region":"Etruria Settentrionale","n":19,"date_min":-400,"date_max":-1,"lang":4,"langs":{"4":19},"alphabets":{"1":6,"3":12,"5":1},"parent":null,"level":"site","shared":1,"links":0}},{"type":"Feature","geometry":{"type":"Point","coordinates":[12.286851,43.128896]},"properties":{"id":1138,"name":"Corciano, T d Rafi","slug":"corciano-t-d-rafi","region":"Etruria Settentrionale","n":19,"date_min":-400,"date_max":-1,"lang":4,"langs":{"4":19},"alphabets":{"1":5,"2":1,"3":7,"5":5,"6":1},"parent":1205,"level":"tomb","shared":2,"links":0}},{"type":"Feature","geometry":{"type":"Point","coordinates":[12.431548,43.106878]},"properties":{"id":1149,"name":"Casaglia","slug":"casaglia","region":"Etruria Settentrionale","n":19,"date_min":-400,"date_max":-1,"lang":4,"langs":{"4":19},"alphabets":{"1":8,"2":1,"3":10},"parent":null,"level":"site","shared":1,"links":0}},{"type":"Feature","geometry":{"type":"Point","coordinates":[11.770142,42.249719]},"properties":{"id":1252,"name":"Monterozzi, Villa Tarantola - T d Anina","slug":"monterozzi-villa-tarantola-t-d-anina","region":"Etruria Meridionale","n":19,"date_min":-400,"date_max":-1,"lang":4,"langs":{"4":19},"alphabets":{"1":3,"2":16},"parent":1968,"level":"tomb","shared":42,"links":0}},{"type":"Feature","geometry":{"type":"Point","coordinates":[12.429665,37.802734]},"properties":{"id":62,"name":"Marsala / Lilybaeum","slug":"marsala-lilybaeum","region":"Sicily","n":18,"date_min":-575,"date_max":-1,"lang":7,"langs":{"6":2,"7":15,"8":1},"alphabets":{"6":13,"7":2,"21":1,"24":2},"parent":null,"level":"site","shared":1,"links":0}},{"type":"Feature","geometry":{"type":"Point","coordinates":[14.600393,40.965054]},"properties":{"id":325,"name":"Avella","slug":"avella","region":"Campania","n":18,"date_min":-650,"date_max":-1,"lang":7,"langs":{"4":2,"7":8,"10":8},"alphabets":{"2":2,"6":8,"13":8},"parent":null,"level":"site","shared":1,"links":0}},{"type":"Feature","geometry":{"type":"Point","coordinates":[11.639511,44.382073]},"properties":{"id":487,"name":"Toscanella di Dozza / Toscanella / Tuscana","slug":"toscanella-di-dozza-toscanella-tuscana","region":"Aemilia","n":18,"date_min":-125,"date_max":-1,"lang":7,"langs":{"7":18},"alphabets":{"6":18},"parent":null,"level":"site","shared":1,"links":0}},{"type":"Feature","geometry":{"type":"Point","coordinates":[15.156157,40.160501]},"properties":{"id":660,"name":"Marina di Ascea / Castellammare di Velia / Castellamare della Bruca / Castellammare / Elea / Velia","slug":"marina-di-ascea-castellammare-di-velia-castellamare-della-bruca-castellammare-elea-velia","region":"Lucania et Bruttium","n":18,"date_min":-500,"date_max":-101,"lang":6,"langs":{"6":15,"7":2,"10":1},"alphabets":{"6":2,"13":1,"23":5,"24":7},"parent":null,"level":"site","shared":1,"links":0}},{"type":"Feature","geometry":{"type":"Point","coordinates":[11.743747,43.125522]},"properties":{"id":796,"name":"Montefollonico","slug":"montefollonico","region":"Etruria Settentrionale","n":18,"date_min":-425,"date_max":-1,"lang":4,"langs":{"4":18},"alphabets":{"1":3,"2":6,"3":9},"parent":null,"level":"site","shared":1,"links":0}},{"type":"Feature","geometry":{"type":"Point","coordinates":[12.019023,42.395769]},"properties":{"id":834,"name":"Axia","slug":"axia","region":"Etruria Meridionale","n":18,"date_min":-700,"date_max":-1,"lang":4,"langs":{"4":18},"alphabets":{"1":2,"2":16},"parent":null,"level":"site","shared":1,"links":0}},{"type":"Feature","geometry":{"type":"Point","coordinates":[12.161038,43.194119]},"properties":{"id":875,"name":"La Martinella","slug":"la-martinella","region":"Etruria Settentrionale","n":18,"date_min":-400,"date_max":-1,"lang":4,"langs":{"4":18},"alphabets":{"1":6,"3":12},"parent":null,"level":"site","shared":1,"links":0}},{"type":"Feature","geometry":{"type":"Point","coordinates":[14.227637,41.171223]},"properties":{"id":987,"name":"Campania (unspecified findspot)","slug":"campania-unspecified-findspot","region":"Campania","n":18,"date_min":-650,"date_max":-1,"lang":4,"langs":{"4":11,"10":7},"alphabets":{"1":1,"2":8,"3":2,"13":7},"parent":null,"level":"site","shared":1,"links":0}},{"type":"Feature","geometry":{"type":"Point","coordinates":[10.4218,43.404719]},"properties":{"id":1104,"name":"Castiglioncello","slug":"castiglioncello","region":"Etruria Settentrionale","n":18,"date_min":-400,"date_max":-1,"lang":4,"langs":{"4":18},"alphabets":{"1":13,"3":5},"parent":null,"level":"site","shared":1,"links":0}},{"type":"Feature","geometry":{"type":"Point","coordinates":[12.111566,42.716449]},"properties":{"id":1397,"name":"Vietena","slug":"vietena","region":"Etruria Meridionale","n":18,"date_min":-400,"date_max":-1,"lang":4,"langs":{"4":18},"alphabets":{"2":18},"parent":null,"level":"site","shared":19,"links":0}},{"type":"Feature","geometry":{"type":"Point","coordinates":[11.978098,42.707922]},"properties":{"id":1404,"name":"Castel Giorgio","slug":"castel-giorgio","region":"Etruria Meridionale","n":18,"date_min":-500,"date_max":-1,"lang":4,"langs":{"4":18},"alphabets":{"1":1,"2":17},"parent":null,"level":"site","shared":1,"links":0}},{"type":"Feature","geometry":{"type":"Point","coordinates":[12.713395,41.720022]},"properties":{"id":161,"name":"Nemi / Nemus Dianae","slug":"nemi-nemus-dianae","region":"Latium","n":17,"date_min":-350,"date_max":-1,"lang":7,"langs":{"7":17},"alphabets":{"6":17},"parent":null,"level":"site","shared":1,"links":0}},{"type":"Feature","geometry":{"type":"Point","coordinates":[12.861183,42.403067]},"properties":{"id":315,"name":"Rieti / Reate","slug":"rieti-reate","region":"Samnium","n":17,"date_min":-175,"date_max":-1,"lang":7,"langs":{"7":17},"alphabets":{"6":17},"parent":null,"level":"site","shared":1,"links":0}},{"type":"Feature","geometry":{"type":"Point","coordinates":[13.830583,41.492907]},"properties":{"id":329,"name":"Fortunata / Casinum","slug":"fortunata-casinum","region":"Latium","n":17,"date_min":-150,"date_max":-1,"lang":7,"langs":{"7":17},"alphabets":{"6":17},"parent":null,"level":"site","shared":1,"links":0}},{"type":"Feature","geometry":{"type":"Point","coordinates":[13.705626,41.492208]},"properties":{"id":330,"name":"Caprile / Aquinum","slug":"caprile-aquinum","region":"Latium","n":17,"date_min":-225,"date_max":-1,"lang":7,"langs":{"7":12,"10":5},"alphabets":{"6":12,"13":4,"22":1},"parent":null,"level":"site","shared":1,"links":0}},{"type":"Feature","geometry":{"type":"Point","coordinates":[14.831187,40.922328]},"properties":{"id":338,"name":"Prata di Principato Ultra / Abellinum","slug":"prata-di-principato-ultra-abellinum","region":"Apulia","n":17,"date_min":-650,"date_max":-1,"lang":10,"langs":{"7":7,"10":10},"alphabets":{"6":7,"13":9,"22":1},"parent":null,"level":"site","shared":1,"links":0}},{"type":"Feature","geometry":{"type":"Point","coordinates":[13.698507,42.661254]},"properties":{"id":403,"name":"Basciano / Interamnia Praetuttiorum","slug":"basciano-interamnia-praetuttiorum","region":"Picenum","n":17,"date_min":-600,"date_max":-1,"lang":7,"langs":{"7":11,"11":6},"alphabets":{"6":11,"11":6},"parent":null,"level":"site","shared":1,"links":0}},{"type":"Feature","geometry":{"type":"Point","coordinates":[11.220672,42.442267]},"properties":{"id":484,"name":"Orbetello / Cosa","slug":"orbetello-cosa","region":"Etruria Settentrionale","n":17,"date_min":-575,"date_max":-1,"lang":4,"langs":{"4":14,"7":3},"alphabets":{"1":6,"2":7,"3":1,"6":3},"parent":null,"level":"site","shared":1,"links":0}},{"type":"Feature","geometry":{"type":"Point","coordinates":[12.903773,43.030341]},"properties":{"id":505,"name":"Colfiorito / Santa Maria di Pistia / Plestia","slug":"colfiorito-santa-maria-di-pistia-plestia","region":"Umbria","n":17,"date_min":-325,"date_max":-1,"lang":7,"langs":{"7":13,"13":4},"alphabets":{"6":13,"10":4},"parent":null,"level":"site","shared":1,"links":0}},{"type":"Feature","geometry":{"type":"Point","coordinates":[11.701432,43.243394]},"properties":{"id":748,"name":"Farnatella","slug":"farnatella","region":"Etruria Settentrionale","n":17,"date_min":-200,"date_max":-151,"lang":4,"langs":{"4":17},"alphabets":{"1":10,"2":1,"3":6},"parent":null,"level":"site","shared":1,"links":0}},{"type":"Feature","geometry":{"type":"Point","coordinates":[11.802412,43.206954]},"properties":{"id":755,"name":"Bettolle","slug":"bettolle","region":"Etruria Settentrionale","n":17,"date_min":-525,"date_max":-1,"lang":4,"langs":{"4":17},"alphabets":{"1":5,"3":12},"parent":null,"level":"site","shared":1,"links":0}},{"type":"Feature","geometry":{"type":"Point","coordinates":[11.864189,42.99077]},"properties":{"id":891,"name":"Colle Lucioli","slug":"colle-lucioli","region":"Etruria Settentrionale","n":17,"date_min":-400,"date_max":-1,"lang":4,"langs":{"4":17},"alphabets":{"1":5,"3":12},"parent":null,"level":"site","shared":1,"links":0}},{"type":"Feature","geometry":{"type":"Point","coordinates":[14.39861,40.99006]},"properties":{"id":984,"name":"Suessula","slug":"suessula","region":"Campania","n":17,"date_min":-575,"date_max":-376,"lang":4,"langs":{"4":17},"alphabets":{"1":3,"2":14},"parent":null,"level":"site","shared":1,"links":0}},{"type":"Feature","geometry":{"type":"Point","coordinates":[12.368642,43.102542]},"properties":{"id":1145,"name":"Madonna Alta","slug":"madonna-alta","region":"Etruria Settentrionale","n":17,"date_min":-400,"date_max":-1,"lang":4,"langs":{"4":17},"alphabets":{"1":4,"2":1,"3":12},"parent":null,"level":"site","shared":1,"links":0}},{"type":"Feature","geometry":{"type":"Point","coordinates":[10.016793,44.063992]},"properties":{"id":68,"name":"Luni Mare / Luna","slug":"luni-mare-luna","region":"Etruria Settentrionale","n":16,"date_min":-200,"date_max":-1,"lang":7,"langs":{"7":16},"alphabets":{"6":16},"parent":null,"level":"site","shared":1,"links":0}},{"type":"Feature","geometry":{"type":"Point","coordinates":[13.7717,45.649148]},"properties":{"id":75,"name":"Aurisina / Nabrezina / Nabrasina / Tergeste","slug":"aurisina-nabrezina-nabrasina-tergeste","region":"Venetia et Histria","n":16,"date_min":-400,"date_max":-1,"lang":7,"langs":{"7":15,"14":1},"alphabets":{"6":15,"18":1},"parent":null,"level":"site","shared":1,"links":0}},{"type":"Feature","geometry":{"type":"Point","coordinates":[11.947736,43.016515]},"properties":{"id":890,"name":"Val d'Acqua","slug":"val-d-acqua","region":"Etruria Settentrionale","n":16,"date_min":-400,"date_max":-1,"lang":4,"langs":{"4":16},"alphabets":{"1":5,"3":11},"parent":200,"level":"locality","shared":39,"links":0}},{"type":"Feature","geometry":{"type":"Point","coordinates":[11.958158,42.949529]},"properties":{"id":950,"name":"Palazzaccio","slug":"palazzaccio","region":"Etruria Settentrionale","n":16,"date_min":-200,"date_max":-101,"lang":4,"langs":{"4":16},"alphabets":{"1":8,"3":8},"parent":null,"level":"site","shared":1,"links":0}},{"type":"Feature","geometry":{"type":"Point","coordinates":[11.947736,43.016515]},"properties":{"id":959,"name":"Tomba della Pellegrina","slug":"tomba-della-pellegrina","region":"Etruria Settentrionale","n":16,"date_min":-400,"date_max":-1,"lang":4,"langs":{"4":16},"alphabets":{"1":1,"3":15},"parent":200,"level":"tomb","shared":39,"links":0}},{"type":"Feature","geometry":{"type":"Point","coordinates":[12.389909,43.111192]},"properties":{"id":1150,"name":"T d Petui","slug":"t-d-petui","region":"Etruria Settentrionale","n":16,"date_min":-400,"date_max":-1,"lang":4,"langs":{"4":16},"alphabets":{"1":7,"2":2,"3":7},"parent":134,"level":"tomb","shared":9,"links":0}},{"type":"Feature","geometry":{"type":"Point","coordinates":[12.506519,42.942139]},"properties":{"id":1159,"name":"S Costanzo","slug":"s-costanzo","region":"Umbria","n":16,"date_min":-400,"date_max":-1,"lang":4,"langs":{"4":16},"alphabets":{"1":7,"2":1,"3":8},"parent":null,"level":"site","shared":1,"links":0}},{"type":"Feature","geometry":{"type":"Point","coordinates":[11.631667,43.418889]},"properties":{"id":1322,"name":"Sep Gsellianum 3 (CXXXVI)","slug":"sep-gsellianum-3-cxxxvi","region":"Etruria Settentrionale","n":16,"date_min":-400,"date_max":-1,"lang":4,"langs":{"4":16},"alphabets":{"1":3,"2":13},"parent":null,"level":"site","shared":3,"links":0}},{"type":"Feature","geometry":{"type":"Point","coordinates":[12.098643,42.684391]},"properties":{"id":1383,"name":"Porano","slug":"porano","region":"Etruria Meridionale","n":16,"date_min":-400,"date_max":-1,"lang":4,"langs":{"4":16},"alphabets":{"1":2,"2":14},"parent":null,"level":"site","shared":1,"links":0}},{"type":"Feature","geometry":{"type":"Point","coordinates":[10.754655,43.540188]},"properties":{"id":1432,"name":"Ortaglia","slug":"ortaglia","region":"Etruria Settentrionale","n":16,"date_min":-525,"date_max":-1,"lang":4,"langs":{"4":16},"alphabets":{"1":8,"2":1,"3":7},"parent":null,"level":"site","shared":1,"links":0}},{"type":"Feature","geometry":{"type":"Point","coordinates":[8.65,45.611]},"properties":{"id":1782,"name":"Oleggio (Loreto necropolis)","slug":"oleggio-loreto-necropolis","region":"Transpadana","n":16,"date_min":-175,"date_max":50,"lang":2,"langs":{"2":16},"alphabets":{"6":5,"29":11},"parent":null,"level":"necropolis","shared":1,"links":0}},{"type":"Feature","geometry":{"type":"Point","coordinates":[8.734,45.683937]},"properties":{"id":1828,"name":"Arsago Seprio (Sant'Ambrogio)","slug":"arsago-seprio-sant-ambrogio","region":"Transpadana","n":16,"date_min":-150,"date_max":-1,"lang":2,"langs":{"2":16},"alphabets":{"6":4,"29":12},"parent":null,"level":"site","shared":1,"links":0}},{"type":"Feature","geometry":{"type":"Point","coordinates":[8.403,45.984]},"properties":{"id":1838,"name":"Ornavasso (San Bernardo)","slug":"ornavasso-san-bernardo","region":"Transpadana","n":16,"date_min":-150,"date_max":-51,"lang":2,"langs":{"2":16},"alphabets":{"6":2,"29":14},"parent":null,"level":"site","shared":1,"links":0}},{"type":"Feature","geometry":{"type":"Point","coordinates":[11.244,46.074]},"properties":{"id":1950,"name":"Serso","slug":"serso","region":"Venetia et Histria","n":16,"date_min":-500,"date_max":-1,"lang":12,"langs":{"12":16},"alphabets":{"25":9,"26":5},"parent":null,"level":"site","shared":1,"links":0}},{"type":"Feature","geometry":{"type":"Point","coordinates":[13.025781,46.460709]},"properties":{"id":29,"name":"Zuglio / Iulium Carnicum","slug":"zuglio-iulium-carnicum","region":"Venetia et Histria","n":15,"date_min":-75,"date_max":-1,"lang":7,"langs":{"7":15},"alphabets":{"6":15},"parent":null,"level":"site","shared":1,"links":0}},{"type":"Feature","geometry":{"type":"Point","coordinates":[14.671377,41.651403]},"properties":{"id":122,"name":"Montagano / Fagifulae","slug":"montagano-fagifulae","region":"Samnium","n":15,"date_min":-650,"date_max":-1,"lang":10,"langs":{"7":3,"10":12},"alphabets":{"6":3,"13":12},"parent":null,"level":"site","shared":1,"links":0}},{"type":"Feature","geometry":{"type":"Point","coordinates":[12.056195,45.0577]},"properties":{"id":238,"name":"Atri / Hadria / Adria","slug":"atri-hadria-adria","region":"Venetia et Histria","n":15,"date_min":-475,"date_max":-1,"lang":7,"langs":{"6":5,"7":10},"alphabets":{"6":10,"23":2,"24":3},"parent":722,"level":"locality","shared":2,"links":0}},{"type":"Feature","geometry":{"type":"Point","coordinates":[11.779998,42.412704]},"properties":{"id":817,"name":"S Giuliano","slug":"s-giuliano","region":"Etruria Meridionale","n":15,"date_min":-700,"date_max":-251,"lang":4,"langs":{"4":15},"alphabets":{"1":6,"2":9},"parent":null,"level":"site","shared":1,"links":0}},{"type":"Feature","geometry":{"type":"Point","coordinates":[12.064837,43.222817]},"properties":{"id":951,"name":"Torraccia","slug":"torraccia","region":"Etruria Settentrionale","n":15,"date_min":-400,"date_max":-1,"lang":4,"langs":{"4":15},"alphabets":{"1":8,"2":2,"3":5},"parent":null,"level":"site","shared":1,"links":0}},{"type":"Feature","geometry":{"type":"Point","coordinates":[12.100934,42.005486]},"properties":{"id":1023,"name":"Banditaccia, Tumulo Senza Nome, Tomba d Iscrizioni Graffite","slug":"banditaccia-tumulo-senza-nome-tomba-d-iscrizioni-graffite","region":"Etruria Meridionale","n":15,"date_min":-550,"date_max":-501,"lang":4,"langs":{"4":15},"alphabets":{"1":9,"2":6},"parent":1008,"level":"tomb","shared":15,"links":0}},{"type":"Feature","geometry":{"type":"Point","coordinates":[12.441888,43.133685]},"properties":{"id":1153,"name":"Ponte Felcino","slug":"ponte-felcino","region":"Umbria","n":15,"date_min":-400,"date_max":-1,"lang":4,"langs":{"4":15},"alphabets":{"1":5,"3":10},"parent":null,"level":"site","shared":1,"links":0}},{"type":"Feature","geometry":{"type":"Point","coordinates":[17.127966,39.081167]},"properties":{"id":1489,"name":"Croton","slug":"croton","region":"Lucania et Bruttium","n":15,"date_min":-700,"date_max":-301,"lang":6,"langs":{"6":15},"alphabets":{"20":10,"23":3,"24":1},"parent":null,"level":"site","shared":1,"links":0}},{"type":"Feature","geometry":{"type":"Point","coordinates":[13.822344,37.969837]},"properties":{"id":1496,"name":"Himera","slug":"himera","region":"Sicily","n":15,"date_min":-576,"date_max":-376,"lang":6,"langs":{"6":15},"alphabets":{"20":5,"23":9,"24":1},"parent":null,"level":"site","shared":1,"links":0}},{"type":"Feature","geometry":{"type":"Point","coordinates":[15.54158,40.380529]},"properties":{"id":184,"name":"Teggiano / Tegianum","slug":"teggiano-tegianum","region":"Lucania et Bruttium","n":14,"date_min":-300,"date_max":-1,"lang":7,"langs":{"7":13,"10":1},"alphabets":{"6":13,"23":1},"parent":null,"level":"site","shared":1,"links":0}},{"type":"Feature","geometry":{"type":"Point","coordinates":[11.631667,42.418889]},"properties":{"id":246,"name":"Vulci / Volci","slug":"vulci-volci","region":"Etruria Meridionale","n":14,"date_min":-400,"date_max":-1,"lang":7,"langs":{"7":14},"alphabets":{"6":14},"parent":null,"level":"site","shared":10,"links":0}},{"type":"Feature","geometry":{"type":"Point","coordinates":[11.863048,43.471274]},"properties":{"id":479,"name":"Arezzo / Arretium / Adretium","slug":"arezzo-arretium-adretium","region":"Etruria Settentrionale","n":14,"date_min":-50,"date_max":-1,"lang":7,"langs":{"7":14},"alphabets":{"6":14},"parent":null,"level":"site","shared":2,"links":0}},{"type":"Feature","geometry":{"type":"Point","coordinates":[16.015092,40.8615]},"properties":{"id":543,"name":"Oppido Lucano / Bantia","slug":"oppido-lucano-bantia","region":"Lucania et Bruttium","n":14,"date_min":-150,"date_max":-1,"lang":7,"langs":{"7":13,"10":1},"alphabets":{"6":14},"parent":null,"level":"site","shared":1,"links":0}},{"type":"Feature","geometry":{"type":"Point","coordinates":[15.556634,38.192251]},"properties":{"id":657,"name":"Barcellona Pozzo di Gotto / Messana","slug":"barcellona-pozzo-di-gotto-messana","region":"Sicily","n":14,"date_min":-500,"date_max":-151,"lang":10,"langs":{"6":6,"7":1,"10":7},"alphabets":{"7":1,"20":4,"23":9},"parent":null,"level":"site","shared":1,"links":0}},{"type":"Feature","geometry":{"type":"Point","coordinates":[14.892454,37.057687]},"properties":{"id":668,"name":"Palazzolo Acreide / Acrae","slug":"palazzolo-acreide-acrae","region":"Sicily","n":14,"date_min":-600,"date_max":-26,"lang":6,"langs":{"6":13,"7":1},"alphabets":{"6":1,"20":1,"23":11,"24":1},"parent":null,"level":"site","shared":1,"links":0}},{"type":"Feature","geometry":{"type":"Point","coordinates":[11.604815,43.057842]},"properties":{"id":794,"name":"Sepulcrum inter S Quirico d'Orcia et Trequanda situm","slug":"sepulcrum-inter-s-quirico-d-orcia-et-trequanda-situm","region":"Etruria Settentrionale","n":14,"date_min":-400,"date_max":-1,"lang":4,"langs":{"4":14},"alphabets":{"1":4,"3":9,"8":1},"parent":null,"level":"site","shared":6,"links":0}},{"type":"Feature","geometry":{"type":"Point","coordinates":[11.87028,42.419248]},"properties":{"id":846,"name":"Tuscania, Rosavecchia","slug":"tuscania-rosavecchia","region":"Etruria Meridionale","n":14,"date_min":-400,"date_max":-1,"lang":4,"langs":{"4":14},"alphabets":{"1":2,"2":12},"parent":471,"level":"locality","shared":16,"links":0}},{"type":"Feature","geometry":{"type":"Point","coordinates":[11.873899,43.05154]},"properties":{"id":879,"name":"Poggio al Moro","slug":"poggio-al-moro","region":"Etruria Settentrionale","n":14,"date_min":-400,"date_max":-1,"lang":4,"langs":{"4":14},"alphabets":{"1":1,"2":1,"3":9,"6":3},"parent":null,"level":"site","shared":1,"links":0}},{"type":"Feature","geometry":{"type":"Point","coordinates":[11.947736,43.016515]},"properties":{"id":914,"name":"Ceretelli","slug":"ceretelli","region":"Etruria Settentrionale","n":14,"date_min":-400,"date_max":-1,"lang":4,"langs":{"4":14},"alphabets":{"1":10,"3":4},"parent":200,"level":"locality","shared":39,"links":0}},{"type":"Feature","geometry":{"type":"Point","coordinates":[11.96537,43.053923]},"properties":{"id":945,"name":"Lago di Chiusi","slug":"lago-di-chiusi","region":"Etruria Settentrionale","n":14,"date_min":-400,"date_max":-1,"lang":4,"langs":{"4":14},"alphabets":{"1":9,"3":5},"parent":null,"level":"site","shared":1,"links":0}},{"type":"Feature","geometry":{"type":"Point","coordinates":[12.410131,43.099277]},"properties":{"id":1154,"name":"S Gerolamo, T d Pumpu Plaute","slug":"s-gerolamo-t-d-pumpu-plaute","region":"Etruria Settentrionale","n":14,"date_min":-300,"date_max":-76,"lang":4,"langs":{"4":14},"alphabets":{"1":2,"3":10,"5":2},"parent":null,"level":"tomb","shared":1,"links":0}},{"type":"Feature","geometry":{"type":"Point","coordinates":[12.145409,44.672477]},"properties":{"id":1241,"name":"Valle Pega","slug":"valle-pega","region":"Aemilia","n":14,"date_min":-400,"date_max":-1,"lang":4,"langs":{"4":14},"alphabets":{"1":2,"3":12},"parent":null,"level":"site","shared":1,"links":0}},{"type":"Feature","geometry":{"type":"Point","coordinates":[11.631667,42.418889]},"properties":{"id":1319,"name":"Tomba dei Sarcofagi","slug":"tomba-dei-sarcofagi","region":"Etruria Meridionale","n":14,"date_min":-400,"date_max":-1,"lang":4,"langs":{"4":14},"alphabets":{"1":2,"2":11,"6":1},"parent":246,"level":"tomb","shared":10,"links":0}},{"type":"Feature","geometry":{"type":"Point","coordinates":[10.864228,43.411438]},"properties":{"id":1442,"name":"Necropoli del Portone, T d Ceicna Fetiu","slug":"necropoli-del-portone-t-d-ceicna-fetiu","region":"Etruria Settentrionale","n":14,"date_min":-400,"date_max":-1,"lang":4,"langs":{"4":14},"alphabets":{"1":8,"3":6},"parent":1438,"level":"tomb","shared":5,"links":0}},{"type":"Feature","geometry":{"type":"Point","coordinates":[18.202308,40.31217]},"properties":{"id":1866,"name":"Cavallino","slug":"cavallino","region":"Messapia","n":14,"date_min":-600,"date_max":-1,"lang":9,"langs":{"9":14},"alphabets":{"17":14},"parent":null,"level":"site","shared":1,"links":0}},{"type":"Feature","geometry":{"type":"Point","coordinates":[10.333032,46.092497]},"properties":{"id":1917,"name":"Berzo Demo","slug":"berzo-demo","region":"Venetia et Histria","n":14,"date_min":-500,"date_max":-26,"lang":1,"langs":{"1":14},"alphabets":{"28":14},"parent":null,"level":"site","shared":1,"links":0}},{"type":"Feature","geometry":{"type":"Point","coordinates":[12.475216,42.19691]},"properties":{"id":12,"name":"Rostrata Villa (Rignano Flaminio)","slug":"rostrata-villa-rignano-flaminio","region":"Agri Faliscus et Capena","n":13,"date_min":-400,"date_max":-201,"lang":5,"langs":{"5":13},"alphabets":{"9":10},"parent":null,"level":"site","shared":1,"links":0}},{"type":"Feature","geometry":{"type":"Point","coordinates":[14.498923,40.70297]},"properties":{"id":261,"name":"Castellammare di Stabia / Stabiae","slug":"castellammare-di-stabia-stabiae","region":"Campania","n":13,"date_min":-650,"date_max":-1,"lang":4,"langs":{"4":8,"7":2,"10":3},"alphabets":{"1":1,"2":7,"6":2,"13":3},"parent":null,"level":"site","shared":1,"links":0}},{"type":"Feature","geometry":{"type":"Point","coordinates":[13.536102,41.958441]},"properties":{"id":265,"name":"Trasacco / Supinum Vicus","slug":"trasacco-supinum-vicus","region":"Samnium","n":13,"date_min":-300,"date_max":-1,"lang":7,"langs":{"7":13},"alphabets":{"6":13},"parent":null,"level":"site","shared":1,"links":0}},{"type":"Feature","geometry":{"type":"Point","coordinates":[16.097648,38.675581]},"properties":{"id":281,"name":"Vibo Valentia / Monteleone Calabro / Hipponium","slug":"vibo-valentia-monteleone-calabro-hipponium","region":"Lucania et Bruttium","n":13,"date_min":-350,"date_max":-1,"lang":10,"langs":{"7":4,"10":9},"alphabets":{"6":4,"14":1,"23":8},"parent":null,"level":"site","shared":1,"links":0}},{"type":"Feature","geometry":{"type":"Point","coordinates":[14.347383,40.805405]},"properties":{"id":326,"name":"Ercolano / Resina / Herculaneum","slug":"ercolano-resina-herculaneum","region":"Campania","n":13,"date_min":-75,"date_max":-1,"lang":7,"langs":{"7":13},"alphabets":{"6":13},"parent":null,"level":"site","shared":1,"links":0}},{"type":"Feature","geometry":{"type":"Point","coordinates":[13.608297,42.277935]},"properties":{"id":375,"name":"Prata d'Ansidonia / Peltuinum","slug":"prata-d-ansidonia-peltuinum","region":"Samnium","n":13,"date_min":-200,"date_max":-1,"lang":7,"langs":{"7":13},"alphabets":{"6":13},"parent":null,"level":"site","shared":1,"links":0}},{"type":"Feature","geometry":{"type":"Point","coordinates":[8.93155,44.406231]},"properties":{"id":447,"name":"Genova / Genua","slug":"genova-genua","region":"Liguria","n":13,"date_min":-525,"date_max":-101,"lang":4,"langs":{"4":12,"7":1},"alphabets":{"1":6,"2":1,"3":5,"6":1},"parent":null,"level":"site","shared":1,"links":0}},{"type":"Feature","geometry":{"type":"Point","coordinates":[13.185134,41.490769]},"properties":{"id":470,"name":"Priverno / Piperno / Privernum","slug":"priverno-piperno-privernum","region":"Latium","n":13,"date_min":-200,"date_max":-1,"lang":7,"langs":{"7":13},"alphabets":{"6":13},"parent":null,"level":"site","shared":1,"links":0}},{"type":"Feature","geometry":{"type":"Point","coordinates":[12.915671,41.64255]},"properties":{"id":473,"name":"Cori / Cora","slug":"cori-cora","region":"Latium","n":13,"date_min":-200,"date_max":-1,"lang":7,"langs":{"7":13},"alphabets":{"6":13},"parent":null,"level":"site","shared":1,"links":0}},{"type":"Feature","geometry":{"type":"Point","coordinates":[11.976576,42.412218]},"properties":{"id":488,"name":"Viterbo / Musarna","slug":"viterbo-musarna","region":"Etruria Meridionale","n":13,"date_min":-400,"date_max":-1,"lang":4,"langs":{"4":11,"7":2},"alphabets":{"1":3,"2":8,"6":2},"parent":null,"level":"site","shared":3,"links":0}},{"type":"Feature","geometry":{"type":"Point","coordinates":[12.636313,43.726261]},"properties":{"id":511,"name":"Urbino / Urvinum Mataurense","slug":"urbino-urvinum-mataurense","region":"Umbria","n":13,"date_min":-100,"date_max":-1,"lang":7,"langs":{"7":13},"alphabets":{"6":13},"parent":null,"level":"site","shared":1,"links":0}},{"type":"Feature","geometry":{"type":"Point","coordinates":[10.925223,44.647057]},"properties":{"id":582,"name":"Spilamberto / Mutina","slug":"spilamberto-mutina","region":"Aemilia","n":13,"date_min":-75,"date_max":-1,"lang":7,"langs":{"7":13},"alphabets":{"6":13},"parent":null,"level":"site","shared":1,"links":0}},{"type":"Feature","geometry":{"type":"Point","coordinates":[13.124982,37.773977]},"properties":{"id":695,"name":"Contessa Entellina / Entella","slug":"contessa-entellina-entella","region":"Sicily","n":13,"date_min":-500,"date_max":-201,"lang":6,"langs":{"3":2,"6":10,"7":1},"alphabets":{"6":1,"15":2,"23":1,"24":9},"parent":null,"level":"site","shared":1,"links":0}},{"type":"Feature","geometry":{"type":"Point","coordinates":[11.604815,43.057842]},"properties":{"id":789,"name":"S Quirico d'Orcia (i.e. S Quirico in Osenna)","slug":"s-quirico-d-orcia-i-e-s-quirico-in-osenna","region":"Etruria Settentrionale","n":13,"date_min":-700,"date_max":-1,"lang":4,"langs":{"4":13},"alphabets":{"1":5,"3":8},"parent":794,"level":"locality","shared":6,"links":0}},{"type":"Feature","geometry":{"type":"Point","coordinates":[11.87028,42.419248]},"properties":{"id":831,"name":"Tuscania, Calcarella","slug":"tuscania-calcarella","region":"Etruria Meridionale","n":13,"date_min":-400,"date_max":-1,"lang":4,"langs":{"4":13},"alphabets":{"1":4,"2":9},"parent":471,"level":"locality","shared":16,"links":0}},{"type":"Feature","geometry":{"type":"Point","coordinates":[11.807626,43.071617]},"properties":{"id":876,"name":"S Alvino","slug":"s-alvino","region":"Etruria Settentrionale","n":13,"date_min":-400,"date_max":-1,"lang":4,"langs":{"4":13},"alphabets":{"2":1,"3":12},"parent":null,"level":"site","shared":1,"links":0}},{"type":"Feature","geometry":{"type":"Point","coordinates":[11.925324,42.985685]},"properties":{"id":922,"name":"Ricavo","slug":"ricavo","region":"Etruria Settentrionale","n":13,"date_min":-200,"date_max":-1,"lang":4,"langs":{"4":13},"alphabets":{"1":4,"2":1,"3":7,"8":1},"parent":null,"level":"site","shared":1,"links":0}},{"type":"Feature","geometry":{"type":"Point","coordinates":[11.971981,43.093794]},"properties":{"id":940,"name":"Gioiella","slug":"gioiella","region":"Etruria Settentrionale","n":13,"date_min":-400,"date_max":-1,"lang":4,"langs":{"4":13},"alphabets":{"1":3,"2":2,"3":7,"5":1},"parent":null,"level":"site","shared":1,"links":0}},{"type":"Feature","geometry":{"type":"Point","coordinates":[14.777602,40.697976]},"properties":{"id":980,"name":"Fratte di Salerno","slug":"fratte-di-salerno","region":"Campania","n":13,"date_min":-600,"date_max":-401,"lang":4,"langs":{"4":13},"alphabets":{"1":6,"2":6,"3":1},"parent":null,"level":"site","shared":1,"links":0}},{"type":"Feature","geometry":{"type":"Point","coordinates":[11.63306,44.571063]},"properties":{"id":1064,"name":"Aemilia (unspecified findspot)","slug":"aemilia-unspecified-findspot","region":"Aemilia","n":13,"date_min":-625,"date_max":-1,"lang":4,"langs":{"4":13},"alphabets":{"1":4,"3":6,"5":3},"parent":null,"level":"site","shared":1,"links":0}},{"type":"Feature","geometry":{"type":"Point","coordinates":[10.864228,43.411438]},"properties":{"id":1434,"name":"Necropoli del Portone, Marmini","slug":"necropoli-del-portone-marmini","region":"Etruria Settentrionale","n":13,"date_min":-400,"date_max":-1,"lang":4,"langs":{"4":13},"alphabets":{"1":7,"3":6},"parent":1438,"level":"necropolis","shared":5,"links":0}},{"type":"Feature","geometry":{"type":"Point","coordinates":[15.555444,41.475654]},"properties":{"id":1859,"name":"Argyrippa (Arpi)","slug":"argyrippa-arpi","region":"Apulia","n":13,"date_min":-600,"date_max":-1,"lang":9,"langs":{"7":2,"9":11},"alphabets":{"6":2,"17":11},"parent":null,"level":"site","shared":1,"links":0}},{"type":"Feature","geometry":{"type":"Point","coordinates":[15.335474,41.508648]},"properties":{"id":25,"name":"Celenza Valfortore / Luceria","slug":"celenza-valfortore-luceria","region":"Apulia","n":12,"date_min":-400,"date_max":-1,"lang":7,"langs":{"7":11,"9":1},"alphabets":{"6":11,"17":1},"parent":null,"level":"site","shared":1,"links":0}},{"type":"Feature","geometry":{"type":"Point","coordinates":[10.995407,45.441805]},"properties":{"id":89,"name":"Verona","slug":"verona","region":"Venetia et Histria","n":12,"date_min":-225,"date_max":-1,"lang":7,"langs":{"2":1,"7":11},"alphabets":{"6":11,"29":1},"parent":null,"level":"site","shared":1,"links":0}},{"type":"Feature","geometry":{"type":"Point","coordinates":[12.746396,41.519633]},"properties":{"id":103,"name":"Le Ferriere / Borgo Le Ferriere / Satricum","slug":"le-ferriere-borgo-le-ferriere-satricum","region":"Latium","n":12,"date_min":-675,"date_max":-76,"lang":7,"langs":{"4":1,"7":10,"13":1},"alphabets":{"2":1,"6":3,"7":7,"10":1},"parent":null,"level":"site","shared":1,"links":0}},{"type":"Feature","geometry":{"type":"Point","coordinates":[13.022225,41.691453]},"properties":{"id":116,"name":"Segni / Signia","slug":"segni-signia","region":"Latium","n":12,"date_min":-300,"date_max":-1,"lang":7,"langs":{"4":1,"7":11},"alphabets":{"6":12},"parent":null,"level":"site","shared":1,"links":0}},{"type":"Feature","geometry":{"type":"Point","coordinates":[12.96029,41.59161]},"properties":{"id":440,"name":"Sermoneta / Norba","slug":"sermoneta-norba","region":"Latium","n":12,"date_min":-350,"date_max":-51,"lang":7,"langs":{"7":12},"alphabets":{"6":12},"parent":null,"level":"site","shared":1,"links":0}},{"type":"Feature","geometry":{"type":"Point","coordinates":[13.079529,46.661699]},"properties":{"id":601,"name":"Gurina","slug":"gurina","region":"Noricum","n":12,"date_min":-500,"date_max":-1,"lang":14,"langs":{"7":2,"14":10},"alphabets":{"6":2,"18":10},"parent":null,"level":"site","shared":1,"links":0}},{"type":"Feature","geometry":{"type":"Point","coordinates":[11.395331,43.162267]},"properties":{"id":772,"name":"Murlo, Poggio Civitate","slug":"murlo-poggio-civitate","region":"Etruria Settentrionale","n":12,"date_min":-650,"date_max":-526,"lang":4,"langs":{"4":12},"alphabets":{"1":9,"2":1,"3":2},"parent":null,"level":"locality","shared":1,"links":0}},{"type":"Feature","geometry":{"type":"Point","coordinates":[11.604815,43.057842]},"properties":{"id":791,"name":"S Quirico d'Orcia, Poggio delle Lepri","slug":"s-quirico-d-orcia-poggio-delle-lepri","region":"Etruria Settentrionale","n":12,"date_min":-400,"date_max":-1,"lang":4,"langs":{"4":12},"alphabets":{"1":6,"3":6},"parent":794,"level":"locality","shared":6,"links":0}},{"type":"Feature","geometry":{"type":"Point","coordinates":[11.877936,43.07027]},"properties":{"id":877,"name":"Poggio alla Sala","slug":"poggio-alla-sala","region":"Etruria Settentrionale","n":12,"date_min":-400,"date_max":-1,"lang":4,"langs":{"4":12},"alphabets":{"1":1,"3":10,"5":1},"parent":null,"level":"site","shared":1,"links":0}},{"type":"Feature","geometry":{"type":"Point","coordinates":[11.899053,42.954631]},"properties":{"id":905,"name":"S Giovanni","slug":"s-giovanni","region":"Etruria Settentrionale","n":12,"date_min":-400,"date_max":-1,"lang":4,"langs":{"4":12},"alphabets":{"1":1,"3":11},"parent":null,"level":"site","shared":1,"links":0}},{"type":"Feature","geometry":{"type":"Point","coordinates":[11.83757,43.042143]},"properties":{"id":969,"name":"Palazzo Bandino","slug":"palazzo-bandino","region":"Etruria Settentrionale","n":12,"date_min":-400,"date_max":-1,"lang":4,"langs":{"4":12},"alphabets":{"1":6,"3":6},"parent":null,"level":"site","shared":1,"links":0}},{"type":"Feature","geometry":{"type":"Point","coordinates":[11.631053,42.424305]},"properties":{"id":1316,"name":"Cuccumella","slug":"cuccumella","region":"Etruria Meridionale","n":12,"date_min":-700,"date_max":-1,"lang":4,"langs":{"4":12},"alphabets":{"1":2,"2":8,"3":1,"5":1},"parent":null,"level":"site","shared":2,"links":0}},{"type":"Feature","geometry":{"type":"Point","coordinates":[11.864988,42.743996]},"properties":{"id":1408,"name":"Acquapendente","slug":"acquapendente","region":"Etruria Meridionale","n":12,"date_min":-400,"date_max":-1,"lang":4,"langs":{"4":12},"alphabets":{"1":1,"2":11},"parent":null,"level":"site","shared":1,"links":0}},{"type":"Feature","geometry":{"type":"Point","coordinates":[11.223068,43.390105]},"properties":{"id":1431,"name":"Monteriggioni","slug":"monteriggioni","region":"Etruria Settentrionale","n":12,"date_min":-625,"date_max":-1,"lang":4,"langs":{"4":12},"alphabets":{"2":1,"3":9,"4":1,"5":1},"parent":null,"level":"site","shared":1,"links":0}},{"type":"Feature","geometry":{"type":"Point","coordinates":[14.709616,42.112716]},"properties":{"id":1620,"name":"Histonium (Vasto)","slug":"histonium-vasto","region":"Samnium","n":12,"date_min":-650,"date_max":-1,"lang":10,"langs":{"10":12},"alphabets":{"6":1,"13":11},"parent":null,"level":"site","shared":1,"links":0}},{"type":"Feature","geometry":{"type":"Point","coordinates":[17.583333,40.733333]},"properties":{"id":1882,"name":"Ostuni","slug":"ostuni","region":"Apulia","n":12,"date_min":-400,"date_max":-201,"lang":9,"langs":{"9":12},"alphabets":{"17":12},"parent":null,"level":"site","shared":1,"links":0}},{"type":"Feature","geometry":{"type":"Point","coordinates":[18.157428,39.926319]},"properties":{"id":1893,"name":"Uzentum (Ugento)","slug":"uzentum-ugento","region":"Messapia","n":12,"date_min":-600,"date_max":-1,"lang":9,"langs":{"9":12},"alphabets":{"17":12},"parent":null,"level":"site","shared":1,"links":0}},{"type":"Feature","geometry":{"type":"Point","coordinates":[12.358893,42.299839]},"properties":{"id":7,"name":"Falerii Novi (Santa Maria di Falleri)","slug":"falerii-novi-santa-maria-di-falleri","region":"Agri Faliscus et Capena","n":11,"date_min":-400,"date_max":-151,"lang":5,"langs":{"5":11},"alphabets":{"9":7},"parent":null,"level":"site","shared":1,"links":0}},{"type":"Feature","geometry":{"type":"Point","coordinates":[12.573438,43.355464]},"properties":{"id":61,"name":"Gubbio / Iguvium","slug":"gubbio-iguvium","region":"Umbria","n":11,"date_min":-300,"date_max":-1,"lang":7,"langs":{"7":10,"13":1},"alphabets":{"6":10,"10":1},"parent":null,"level":"site","shared":1,"links":0}},{"type":"Feature","geometry":{"type":"Point","coordinates":[13.343955,41.724822]},"properties":{"id":115,"name":"Alatri / Aletrium","slug":"alatri-aletrium","region":"Latium","n":11,"date_min":-200,"date_max":-1,"lang":7,"langs":{"7":11},"alphabets":{"6":11},"parent":null,"level":"site","shared":1,"links":0}},{"type":"Feature","geometry":{"type":"Point","coordinates":[13.470265,43.105492]},"properties":{"id":230,"name":"Falerone / Falerio Picenus","slug":"falerone-falerio-picenus","region":"Picenum","n":11,"date_min":-650,"date_max":-1,"lang":7,"langs":{"7":7,"11":4},"alphabets":{"6":7,"11":4},"parent":null,"level":"site","shared":1,"links":0}},{"type":"Feature","geometry":{"type":"Point","coordinates":[13.253421,41.692932]},"properties":{"id":232,"name":"Ferentino / Ferentinum","slug":"ferentino-ferentinum","region":"Latium","n":11,"date_min":-150,"date_max":-1,"lang":7,"langs":{"7":11},"alphabets":{"6":11},"parent":null,"level":"site","shared":1,"links":0}},{"type":"Feature","geometry":{"type":"Point","coordinates":[12.142155,43.9194]},"properties":{"id":237,"name":"Sarsina / Sassina","slug":"sarsina-sassina","region":"Umbria","n":11,"date_min":-75,"date_max":-1,"lang":7,"langs":{"7":11},"alphabets":{"6":11},"parent":null,"level":"site","shared":1,"links":0}},{"type":"Feature","geometry":{"type":"Point","coordinates":[14.917577,41.806488]},"properties":{"id":262,"name":"Larino / Larinum","slug":"larino-larinum","region":"Samnium","n":11,"date_min":-650,"date_max":-1,"lang":10,"langs":{"7":2,"10":9},"alphabets":{"6":4,"13":7},"parent":null,"level":"site","shared":1,"links":0}},{"type":"Feature","geometry":{"type":"Point","coordinates":[13.487868,42.292921]},"properties":{"id":377,"name":"Fossa / Aveia","slug":"fossa-aveia","region":"Samnium","n":11,"date_min":-150,"date_max":-1,"lang":7,"langs":{"7":11},"alphabets":{"6":11},"parent":null,"level":"site","shared":1,"links":0}},{"type":"Feature","geometry":{"type":"Point","coordinates":[12.167955,42.126751]},"properties":{"id":413,"name":"Anguillara Sabazia / Forum Clodii","slug":"anguillara-sabazia-forum-clodii","region":"Etruria Meridionale","n":11,"date_min":-100,"date_max":-1,"lang":7,"langs":{"7":11},"alphabets":{"6":11},"parent":null,"level":"site","shared":1,"links":0}},{"type":"Feature","geometry":{"type":"Point","coordinates":[11.952909,42.137535]},"properties":{"id":585,"name":"Tolfa","slug":"tolfa","region":"Etruria Meridionale","n":11,"date_min":-700,"date_max":-1,"lang":4,"langs":{"4":10,"7":1},"alphabets":{"1":3,"2":7,"6":1},"parent":null,"level":"site","shared":1,"links":0}},{"type":"Feature","geometry":{"type":"Point","coordinates":[16.670398,40.21973]},"properties":{"id":622,"name":"Policoro / Heraclea","slug":"policoro-heraclea","region":"Lucania et Bruttium","n":11,"date_min":-550,"date_max":-1,"lang":7,"langs":{"7":11},"alphabets":{"6":10,"7":1},"parent":null,"level":"site","shared":1,"links":0}},{"type":"Feature","geometry":{"type":"Point","coordinates":[11.517369,42.994401]},"properties":{"id":784,"name":"Castelnuovo dell'Abate","slug":"castelnuovo-dell-abate","region":"Etruria Settentrionale","n":11,"date_min":-400,"date_max":-1,"lang":4,"langs":{"4":11},"alphabets":{"1":7,"3":4},"parent":null,"level":"site","shared":1,"links":0}},{"type":"Feature","geometry":{"type":"Point","coordinates":[11.395971,42.984765]},"properties":{"id":785,"name":"Poggio alla Mura","slug":"poggio-alla-mura","region":"Etruria Settentrionale","n":11,"date_min":-400,"date_max":-1,"lang":4,"langs":{"4":11},"alphabets":{"1":5,"3":6},"parent":null,"level":"site","shared":1,"links":0}},{"type":"Feature","geometry":{"type":"Point","coordinates":[11.475345,42.955088]},"properties":{"id":786,"name":"Montenero","slug":"montenero","region":"Etruria Settentrionale","n":11,"date_min":-400,"date_max":-1,"lang":4,"langs":{"4":11},"alphabets":{"1":7,"3":4},"parent":null,"level":"site","shared":1,"links":0}},{"type":"Feature","geometry":{"type":"Point","coordinates":[12.167249,43.029219]},"properties":{"id":787,"name":"Castel del Piano","slug":"castel-del-piano","region":"Etruria Settentrionale","n":11,"date_min":-400,"date_max":-1,"lang":4,"langs":{"4":11},"alphabets":{"1":8,"3":3},"parent":null,"level":"site","shared":1,"links":0}},{"type":"Feature","geometry":{"type":"Point","coordinates":[11.584008,42.588098]},"properties":{"id":854,"name":"Poggio Buco","slug":"poggio-buco","region":"Etruria Settentrionale","n":11,"date_min":-625,"date_max":-1,"lang":4,"langs":{"4":11},"alphabets":{"1":2,"2":9},"parent":null,"level":"site","shared":1,"links":0}},{"type":"Feature","geometry":{"type":"Point","coordinates":[11.947736,43.016515]},"properties":{"id":898,"name":"Predio Giulietti","slug":"predio-giulietti","region":"Etruria Settentrionale","n":11,"date_min":-300,"date_max":-101,"lang":4,"langs":{"4":11},"alphabets":{"1":3,"3":8},"parent":200,"level":"locality","shared":39,"links":0}},{"type":"Feature","geometry":{"type":"Point","coordinates":[11.949234,43.016356]},"properties":{"id":906,"name":"Predio Nardi-Dei","slug":"predio-nardi-dei","region":"Etruria Settentrionale","n":11,"date_min":-400,"date_max":-1,"lang":4,"langs":{"4":11},"alphabets":{"1":2,"3":9},"parent":null,"level":"site","shared":1,"links":0}},{"type":"Feature","geometry":{"type":"Point","coordinates":[11.877097,42.869118]},"properties":{"id":917,"name":"San Casciano dei Bagni","slug":"san-casciano-dei-bagni","region":"Etruria Settentrionale","n":11,"date_min":-125,"date_max":-76,"lang":4,"langs":{"4":11},"alphabets":{"1":2,"2":1,"3":3,"6":5},"parent":null,"level":"site","shared":1,"links":0}},{"type":"Feature","geometry":{"type":"Point","coordinates":[11.956179,43.121002]},"properties":{"id":937,"name":"Pozzuolo","slug":"pozzuolo","region":"Etruria Settentrionale","n":11,"date_min":-400,"date_max":-1,"lang":4,"langs":{"4":11},"alphabets":{"1":2,"3":9},"parent":null,"level":"site","shared":1,"links":0}},{"type":"Feature","geometry":{"type":"Point","coordinates":[11.947736,43.016515]},"properties":{"id":954,"name":"Podere Castellazzi","slug":"podere-castellazzi","region":"Etruria Settentrionale","n":11,"date_min":-400,"date_max":-1,"lang":4,"langs":{"4":11},"alphabets":{"1":6,"2":1,"3":2,"5":1,"6":1},"parent":200,"level":"locality","shared":39,"links":0}},{"type":"Feature","geometry":{"type":"Point","coordinates":[11.831206,42.864831]},"properties":{"id":957,"name":"Celle sul Rigo","slug":"celle-sul-rigo","region":"Etruria Settentrionale","n":11,"date_min":-400,"date_max":-1,"lang":4,"langs":{"4":11},"alphabets":{"1":1,"3":1,"6":9},"parent":null,"level":"site","shared":1,"links":0}},{"type":"Feature","geometry":{"type":"Point","coordinates":[12.100934,42.005486]},"properties":{"id":1017,"name":"Banditaccia, T d Rilievi","slug":"banditaccia-t-d-rilievi","region":"Etruria Meridionale","n":11,"date_min":-350,"date_max":-276,"lang":4,"langs":{"4":11},"alphabets":{"1":1,"2":9,"3":1},"parent":1008,"level":"tomb","shared":15,"links":0}},{"type":"Feature","geometry":{"type":"Point","coordinates":[11.521852,43.890895]},"properties":{"id":1072,"name":"Dicomano","slug":"dicomano","region":"Etruria Settentrionale","n":11,"date_min":-400,"date_max":-1,"lang":4,"langs":{"4":11},"alphabets":{"1":3,"3":8},"parent":null,"level":"site","shared":1,"links":0}},{"type":"Feature","geometry":{"type":"Point","coordinates":[10.400106,43.719417]},"properties":{"id":1095,"name":"Pisa","slug":"pisa","region":"Etruria Settentrionale","n":11,"date_min":-700,"date_max":-1,"lang":4,"langs":{"4":11},"alphabets":{"1":7,"3":4},"parent":null,"level":"site","shared":1,"links":0}},{"type":"Feature","geometry":{"type":"Point","coordinates":[12.315671,43.074947]},"properties":{"id":1179,"name":"Strozzacapponi","slug":"strozzacapponi","region":"Etruria Settentrionale","n":11,"date_min":-400,"date_max":-1,"lang":4,"langs":{"4":11},"alphabets":{"1":6,"2":2,"3":3},"parent":null,"level":"site","shared":1,"links":0}},{"type":"Feature","geometry":{"type":"Point","coordinates":[10.506839,42.988151]},"properties":{"id":1214,"name":"Poggio della Porcareccia","slug":"poggio-della-porcareccia","region":"Etruria Settentrionale","n":11,"date_min":-700,"date_max":-1,"lang":4,"langs":{"4":11},"alphabets":{"1":4,"3":7},"parent":null,"level":"site","shared":1,"links":0}},{"type":"Feature","geometry":{"type":"Point","coordinates":[11.770142,42.249719]},"properties":{"id":1280,"name":"Monterozzi, Calvario - T Bruschi","slug":"monterozzi-calvario-t-bruschi","region":"Etruria Meridionale","n":11,"date_min":-300,"date_max":-101,"lang":4,"langs":{"4":11},"alphabets":{"1":3,"2":8},"parent":1968,"level":"tomb","shared":42,"links":0}},{"type":"Feature","geometry":{"type":"Point","coordinates":[11.606217,42.349119]},"properties":{"id":1310,"name":"Montalto di Castro","slug":"montalto-di-castro","region":"Etruria Meridionale","n":11,"date_min":-675,"date_max":-101,"lang":4,"langs":{"4":11},"alphabets":{"1":3,"2":7,"5":1},"parent":null,"level":"site","shared":1,"links":0}},{"type":"Feature","geometry":{"type":"Point","coordinates":[15.182285,37.203801]},"properties":{"id":1516,"name":"Megara Hyblaia","slug":"megara-hyblaia","region":"Sicily","n":11,"date_min":-625,"date_max":-476,"lang":6,"langs":{"6":11},"alphabets":{"23":6,"24":5},"parent":null,"level":"site","shared":2,"links":0}},{"type":"Feature","geometry":{"type":"Point","coordinates":[14.165974,42.344653]},"properties":{"id":1678,"name":"Theate Marrucinorum (Chieti)","slug":"theate-marrucinorum-chieti","region":"Samnium","n":11,"date_min":-250,"date_max":-1,"lang":10,"langs":{"7":5,"10":6},"alphabets":{"6":11},"parent":null,"level":"site","shared":1,"links":0}},{"type":"Feature","geometry":{"type":"Point","coordinates":[9.664,45.705]},"properties":{"id":1710,"name":"Bergamo (Vicolo Aquila Nera)","slug":"bergamo-vicolo-aquila-nera","region":"Transpadana","n":11,"date_min":-525,"date_max":-1,"lang":2,"langs":{"2":11},"alphabets":{"29":11},"parent":null,"level":"site","shared":1,"links":0}},{"type":"Feature","geometry":{"type":"Point","coordinates":[9.183,45.459]},"properties":{"id":1764,"name":"Milano","slug":"milano","region":"Transpadana","n":11,"date_min":-675,"date_max":25,"lang":2,"langs":{"2":11},"alphabets":{"6":1,"29":10},"parent":null,"level":"site","shared":1,"links":0}},{"type":"Feature","geometry":{"type":"Point","coordinates":[11.006,45.443]},"properties":{"id":1853,"name":"Verona (Seminario Vescovile Maggiore)","slug":"verona-seminario-vescovile-maggiore","region":"Venetia et Histria","n":11,"date_min":-175,"date_max":-51,"lang":2,"langs":{"2":11},"alphabets":{"29":7},"parent":null,"level":"site","shared":1,"links":0}},{"type":"Feature","geometry":{"type":"Point","coordinates":[12.487109,41.889306]},"properties":{"id":20,"name":"Roma, Palatino","slug":"roma-palatino","region":"Latium","n":10,"date_min":-600,"date_max":-276,"lang":4,"langs":{"4":10},"alphabets":{"1":8,"2":1,"3":1},"parent":31,"level":"locality","shared":1,"links":0}},{"type":"Feature","geometry":{"type":"Point","coordinates":[13.195865,43.235378]},"properties":{"id":218,"name":"San Severino Marche / Septempeda","slug":"san-severino-marche-septempeda","region":"Picenum","n":10,"date_min":-75,"date_max":-1,"lang":7,"langs":{"7":10},"alphabets":{"6":10},"parent":null,"level":"site","shared":1,"links":0}},{"type":"Feature","geometry":{"type":"Point","coordinates":[11.833452,42.035285]},"properties":{"id":271,"name":"Santa Marinella / Castrum Novum","slug":"santa-marinella-castrum-novum","region":"Etruria Meridionale","n":10,"date_min":-550,"date_max":-1,"lang":4,"langs":{"4":7,"7":3},"alphabets":{"1":3,"2":4,"6":3},"parent":null,"level":"site","shared":1,"links":0}},{"type":"Feature","geometry":{"type":"Point","coordinates":[15.374339,40.632831]},"properties":{"id":285,"name":"Buccino / Volcei","slug":"buccino-volcei","region":"Lucania et Bruttium","n":10,"date_min":-350,"date_max":-1,"lang":7,"langs":{"7":9,"10":1},"alphabets":{"6":9,"23":1},"parent":null,"level":"site","shared":1,"links":0}},{"type":"Feature","geometry":{"type":"Point","coordinates":[13.178051,42.194415]},"properties":{"id":381,"name":"Nesce / Civitella di Nesce / Nersae / Aequiculi","slug":"nesce-civitella-di-nesce-nersae-aequiculi","region":"Samnium","n":10,"date_min":-200,"date_max":-1,"lang":7,"langs":{"7":10},"alphabets":{"6":10},"parent":null,"level":"site","shared":1,"links":0}},{"type":"Feature","geometry":{"type":"Point","coordinates":[11.976576,42.412218]},"properties":{"id":832,"name":"Musarna, Santa Caterina","slug":"musarna-santa-caterina","region":"Etruria Meridionale","n":10,"date_min":-350,"date_max":-151,"lang":4,"langs":{"4":10},"alphabets":{"1":4,"2":6},"parent":488,"level":"locality","shared":3,"links":0}},{"type":"Feature","geometry":{"type":"Point","coordinates":[12.107472,42.419962]},"properties":{"id":840,"name":"Viterbo / Grotte S Stefano","slug":"viterbo-grotte-s-stefano","region":"Etruria Meridionale","n":10,"date_min":-600,"date_max":-1,"lang":4,"langs":{"4":10},"alphabets":{"1":6,"2":4},"parent":null,"level":"site","shared":1,"links":0}},{"type":"Feature","geometry":{"type":"Point","coordinates":[11.962706,43.017567]},"properties":{"id":886,"name":"Colle Casuccini","slug":"colle-casuccini","region":"Etruria Settentrionale","n":10,"date_min":-400,"date_max":-1,"lang":4,"langs":{"4":10},"alphabets":{"1":1,"2":2,"3":5,"5":2},"parent":null,"level":"site","shared":1,"links":0}},{"type":"Feature","geometry":{"type":"Point","coordinates":[11.947736,43.016515]},"properties":{"id":901,"name":"Predio Sud-Est","slug":"predio-sud-est","region":"Etruria Settentrionale","n":10,"date_min":-200,"date_max":-1,"lang":4,"langs":{"4":10},"alphabets":{"1":3,"3":5,"8":2},"parent":200,"level":"locality","shared":39,"links":0}},{"type":"Feature","geometry":{"type":"Point","coordinates":[11.947736,43.016515]},"properties":{"id":931,"name":"Beni del Conservatorio","slug":"beni-del-conservatorio","region":"Etruria Settentrionale","n":10,"date_min":-400,"date_max":-1,"lang":4,"langs":{"4":10},"alphabets":{"1":3,"3":6,"5":1},"parent":200,"level":"locality","shared":39,"links":0}},{"type":"Feature","geometry":{"type":"Point","coordinates":[11.780048,43.018083]},"properties":{"id":964,"name":"Palazzolo","slug":"palazzolo","region":"Etruria Settentrionale","n":10,"date_min":-400,"date_max":-1,"lang":4,"langs":{"4":10},"alphabets":{"1":2,"3":8},"parent":null,"level":"site","shared":1,"links":0}},{"type":"Feature","geometry":{"type":"Point","coordinates":[14.356247,41.044283]},"properties":{"id":990,"name":"Calatia","slug":"calatia","region":"Campania","n":10,"date_min":-650,"date_max":-1,"lang":10,"langs":{"4":2,"10":8},"alphabets":{"2":1,"3":1,"13":8},"parent":null,"level":"site","shared":1,"links":0}},{"type":"Feature","geometry":{"type":"Point","coordinates":[12.100934,42.005486]},"properties":{"id":1019,"name":"Banditaccia, Tegola Dipinta","slug":"banditaccia-tegola-dipinta","region":"Etruria Meridionale","n":10,"date_min":-400,"date_max":-301,"lang":4,"langs":{"4":10},"alphabets":{"1":2,"2":7,"5":1},"parent":1008,"level":"locality","shared":15,"links":0}},{"type":"Feature","geometry":{"type":"Point","coordinates":[11.345547,44.494574]},"properties":{"id":1060,"name":"Bologna, Certosa","slug":"bologna-certosa","region":"Aemilia","n":10,"date_min":-675,"date_max":-1,"lang":4,"langs":{"4":10},"alphabets":{"1":3,"3":7},"parent":418,"level":"locality","shared":8,"links":0}},{"type":"Feature","geometry":{"type":"Point","coordinates":[12.281467,43.126335]},"properties":{"id":1136,"name":"Valliano","slug":"valliano","region":"Etruria Settentrionale","n":10,"date_min":-400,"date_max":-1,"lang":4,"langs":{"4":10},"alphabets":{"1":5,"2":1,"3":4},"parent":null,"level":"site","shared":1,"links":0}},{"type":"Feature","geometry":{"type":"Point","coordinates":[12.389909,43.111192]},"properties":{"id":1177,"name":"T d Tite Vesi","slug":"t-d-tite-vesi","region":"Etruria Settentrionale","n":10,"date_min":-400,"date_max":-1,"lang":4,"langs":{"4":10},"alphabets":{"1":1,"3":9},"parent":134,"level":"tomb","shared":9,"links":0}},{"type":"Feature","geometry":{"type":"Point","coordinates":[11.758173,42.254532]},"properties":{"id":1260,"name":"Poggio Cavalluccio - T d Alsina","slug":"poggio-cavalluccio-t-d-alsina","region":"Etruria Meridionale","n":10,"date_min":-350,"date_max":-101,"lang":4,"langs":{"4":10},"alphabets":{"2":10},"parent":1248,"level":"tomb","shared":11,"links":0}},{"type":"Feature","geometry":{"type":"Point","coordinates":[11.631667,43.418889]},"properties":{"id":1321,"name":"Sep Gsellianum 2 (CXXXV)","slug":"sep-gsellianum-2-cxxxv","region":"Etruria Settentrionale","n":10,"date_min":-400,"date_max":-1,"lang":4,"langs":{"4":10},"alphabets":{"1":2,"2":8},"parent":1322,"level":"locality","shared":3,"links":0}},{"type":"Feature","geometry":{"type":"Point","coordinates":[13.904895,40.7277]},"properties":{"id":1464,"name":"Pithecusa","slug":"pithecusa","region":"Campania","n":10,"date_min":-800,"date_max":-576,"lang":6,"langs":{"6":10},"alphabets":{"20":6,"23":2},"parent":null,"level":"site","shared":2,"links":0}},{"type":"Feature","geometry":{"type":"Point","coordinates":[11.904,46.782]},"properties":{"id":1945,"name":"San Lorenzo di Sebato","slug":"san-lorenzo-di-sebato","region":"Noricum","n":10,"date_min":-525,"date_max":-201,"lang":12,"langs":{"12":10},"alphabets":{"25":1,"26":7},"parent":null,"level":"site","shared":1,"links":0}},{"type":"Feature","geometry":{"type":"Point","coordinates":[12.466611,42.412746]},"properties":{"id":50,"name":"Otricoli / Ocriculum","slug":"otricoli-ocriculum","region":"Umbria","n":9,"date_min":-200,"date_max":-1,"lang":7,"langs":{"7":9},"alphabets":{"6":9},"parent":null,"level":"site","shared":1,"links":0}},{"type":"Feature","geometry":{"type":"Point","coordinates":[12.937487,41.954783]},"properties":{"id":58,"name":"Ciciliano / Trebula Suffenas","slug":"ciciliano-trebula-suffenas","region":"Samnium","n":9,"date_min":-200,"date_max":-1,"lang":7,"langs":{"7":9},"alphabets":{"6":9},"parent":null,"level":"site","shared":1,"links":0}},{"type":"Feature","geometry":{"type":"Point","coordinates":[12.524995,42.984616]},"properties":{"id":60,"name":"Collemancio / Urvinum Hortense","slug":"collemancio-urvinum-hortense","region":"Umbria","n":9,"date_min":-100,"date_max":-1,"lang":7,"langs":{"7":9},"alphabets":{"6":9},"parent":null,"level":"site","shared":1,"links":0}},{"type":"Feature","geometry":{"type":"Point","coordinates":[13.059217,41.498415]},"properties":{"id":117,"name":"Sezze / Setia","slug":"sezze-setia","region":"Latium","n":9,"date_min":-325,"date_max":-1,"lang":7,"langs":{"7":9},"alphabets":{"6":9},"parent":null,"level":"site","shared":1,"links":0}},{"type":"Feature","geometry":{"type":"Point","coordinates":[13.622701,42.008229]},"properties":{"id":264,"name":"San Benedetto dei Marsi / Marruvium","slug":"san-benedetto-dei-marsi-marruvium","region":"Samnium","n":9,"date_min":-300,"date_max":-1,"lang":7,"langs":{"7":9},"alphabets":{"6":9},"parent":null,"level":"site","shared":1,"links":0}},{"type":"Feature","geometry":{"type":"Point","coordinates":[14.363668,46.700483]},"properties":{"id":333,"name":"Magdalensberg / Helenenberg / Virunum","slug":"magdalensberg-helenenberg-virunum","region":"Noricum","n":9,"date_min":-100,"date_max":-1,"lang":7,"langs":{"7":9},"alphabets":{"6":9},"parent":null,"level":"site","shared":1,"links":0}},{"type":"Feature","geometry":{"type":"Point","coordinates":[14.504175,41.223454]},"properties":{"id":344,"name":"Telese / Telesia","slug":"telese-telesia","region":"Apulia","n":9,"date_min":-100,"date_max":-1,"lang":7,"langs":{"7":9},"alphabets":{"6":9},"parent":null,"level":"site","shared":1,"links":0}},{"type":"Feature","geometry":{"type":"Point","coordinates":[11.288529,42.411326]},"properties":{"id":483,"name":"Ansedonia / Cosa","slug":"ansedonia-cosa","region":"Etruria Settentrionale","n":9,"date_min":-550,"date_max":-1,"lang":4,"langs":{"4":6,"7":3},"alphabets":{"1":3,"2":2,"3":1,"6":3},"parent":null,"level":"site","shared":1,"links":0}},{"type":"Feature","geometry":{"type":"Point","coordinates":[12.703279,42.956143]},"properties":{"id":501,"name":"Foligno / Fulginiae","slug":"foligno-fulginiae","region":"Umbria","n":9,"date_min":-250,"date_max":-1,"lang":7,"langs":{"7":7,"13":2},"alphabets":{"6":9},"parent":null,"level":"site","shared":1,"links":0}},{"type":"Feature","geometry":{"type":"Point","coordinates":[12.09308,44.693445]},"properties":{"id":545,"name":"Spina","slug":"spina","region":"Aemilia","n":9,"date_min":-450,"date_max":-226,"lang":6,"langs":{"6":8,"7":1},"alphabets":{"6":1,"23":5,"24":3},"parent":1238,"level":"locality","shared":4,"links":0}},{"type":"Feature","geometry":{"type":"Point","coordinates":[14.092513,37.808225]},"properties":{"id":636,"name":"Petralia Sottana","slug":"petralia-sottana","region":"Sicily","n":9,"date_min":-500,"date_max":-401,"lang":7,"langs":{"7":9},"alphabets":{"7":9},"parent":null,"level":"site","shared":1,"links":0}},{"type":"Feature","geometry":{"type":"Point","coordinates":[11.786232,43.304508]},"properties":{"id":746,"name":"Marciano","slug":"marciano","region":"Etruria Settentrionale","n":9,"date_min":-700,"date_max":-1,"lang":4,"langs":{"4":9},"alphabets":{"1":1,"2":1,"3":7},"parent":null,"level":"site","shared":1,"links":0}},{"type":"Feature","geometry":{"type":"Point","coordinates":[11.921242,43.342728]},"properties":{"id":762,"name":"Castiglion Fiorentino","slug":"castiglion-fiorentino","region":"Etruria Settentrionale","n":9,"date_min":-575,"date_max":-1,"lang":4,"langs":{"4":9},"alphabets":{"1":4,"3":5},"parent":null,"level":"site","shared":1,"links":0}},{"type":"Feature","geometry":{"type":"Point","coordinates":[11.488636,43.055063]},"properties":{"id":782,"name":"Montalcino","slug":"montalcino","region":"Etruria Settentrionale","n":9,"date_min":-400,"date_max":-1,"lang":4,"langs":{"4":9},"alphabets":{"1":5,"3":3,"5":1},"parent":null,"level":"site","shared":1,"links":0}},{"type":"Feature","geometry":{"type":"Point","coordinates":[11.331078,43.318624]},"properties":{"id":797,"name":"Sanbuono","slug":"sanbuono","region":"Etruria Settentrionale","n":9,"date_min":-400,"date_max":-1,"lang":4,"langs":{"4":9},"alphabets":{"1":6,"2":1,"3":2},"parent":null,"level":"site","shared":1,"links":0}},{"type":"Feature","geometry":{"type":"Point","coordinates":[11.561532,43.233376]},"properties":{"id":807,"name":"Asciano, Grottoli","slug":"asciano-grottoli","region":"Etruria Settentrionale","n":9,"date_min":-400,"date_max":-1,"lang":4,"langs":{"4":9},"alphabets":{"1":2,"3":5,"5":2},"parent":803,"level":"locality","shared":2,"links":0}},{"type":"Feature","geometry":{"type":"Point","coordinates":[11.852781,43.10278]},"properties":{"id":880,"name":"Setinaiola","slug":"setinaiola","region":"Etruria Settentrionale","n":9,"date_min":-400,"date_max":-1,"lang":4,"langs":{"4":9},"alphabets":{"1":1,"3":8},"parent":null,"level":"site","shared":1,"links":0}},{"type":"Feature","geometry":{"type":"Point","coordinates":[11.92677,43.002546]},"properties":{"id":920,"name":"Ficomontano","slug":"ficomontano","region":"Etruria Settentrionale","n":9,"date_min":-400,"date_max":-1,"lang":4,"langs":{"4":9},"alphabets":{"1":3,"3":5,"5":1},"parent":null,"level":"site","shared":1,"links":0}},{"type":"Feature","geometry":{"type":"Point","coordinates":[11.950572,43.028824]},"properties":{"id":952,"name":"La Pellegrina","slug":"la-pellegrina","region":"Etruria Settentrionale","n":9,"date_min":-400,"date_max":-1,"lang":4,"langs":{"4":9},"alphabets":{"1":2,"3":7},"parent":null,"level":"site","shared":1,"links":0}},{"type":"Feature","geometry":{"type":"Point","coordinates":[11.886663,43.035203]},"properties":{"id":967,"name":"Macciano","slug":"macciano","region":"Etruria Settentrionale","n":9,"date_min":-400,"date_max":-1,"lang":4,"langs":{"4":9},"alphabets":{"1":2,"2":1,"3":4,"5":1,"6":1},"parent":null,"level":"site","shared":1,"links":0}},{"type":"Feature","geometry":{"type":"Point","coordinates":[12.100934,42.005486]},"properties":{"id":1027,"name":"Banditaccia, T d Maclae I","slug":"banditaccia-t-d-maclae-i","region":"Etruria Meridionale","n":9,"date_min":-400,"date_max":-1,"lang":4,"langs":{"4":9},"alphabets":{"1":3,"2":6},"parent":1008,"level":"tomb","shared":15,"links":0}},{"type":"Feature","geometry":{"type":"Point","coordinates":[12.116469,41.991566]},"properties":{"id":1037,"name":"Monte Abatone","slug":"monte-abatone","region":"Etruria Meridionale","n":9,"date_min":-700,"date_max":-401,"lang":4,"langs":{"4":9},"alphabets":{"1":2,"2":6,"5":1},"parent":null,"level":"site","shared":2,"links":0}},{"type":"Feature","geometry":{"type":"Point","coordinates":[11.372768,44.270649]},"properties":{"id":1066,"name":"Monte Bibele","slug":"monte-bibele","region":"Aemilia","n":9,"date_min":-350,"date_max":-201,"lang":4,"langs":{"4":9},"alphabets":{"1":5,"3":4},"parent":null,"level":"site","shared":1,"links":0}},{"type":"Feature","geometry":{"type":"Point","coordinates":[10.835045,45.110054]},"properties":{"id":1122,"name":"Bagnolo S Vito","slug":"bagnolo-s-vito","region":"Venetia et Histria","n":9,"date_min":-525,"date_max":-401,"lang":4,"langs":{"4":9},"alphabets":{"1":6,"3":3},"parent":null,"level":"site","shared":1,"links":0}},{"type":"Feature","geometry":{"type":"Point","coordinates":[11.884262,42.670888]},"properties":{"id":1405,"name":"Grotte di Castro","slug":"grotte-di-castro","region":"Etruria Meridionale","n":9,"date_min":-625,"date_max":-1,"lang":4,"langs":{"4":9},"alphabets":{"2":6,"5":3},"parent":null,"level":"site","shared":1,"links":0}},{"type":"Feature","geometry":{"type":"Point","coordinates":[15.013196,41.055187]},"properties":{"id":1554,"name":"Passo di Mirabella","slug":"passo-di-mirabella","region":"Apulia","n":9,"date_min":-650,"date_max":-1,"lang":10,"langs":{"10":9},"alphabets":{"13":9},"parent":null,"level":"site","shared":1,"links":0}},{"type":"Feature","geometry":{"type":"Point","coordinates":[9.63,45.607]},"properties":{"id":1716,"name":"Verdello (Colabiolo)","slug":"verdello-colabiolo","region":"Transpadana","n":9,"date_min":-75,"date_max":-1,"lang":2,"langs":{"2":9},"alphabets":{"6":4,"29":5},"parent":null,"level":"site","shared":1,"links":0}},{"type":"Feature","geometry":{"type":"Point","coordinates":[11.794,47.57]},"properties":{"id":1951,"name":"Brandenberg (Tirol)","slug":"brandenberg-tirol","region":"Raetia","n":9,"date_min":-525,"date_max":-1,"lang":12,"langs":{"12":9},"alphabets":{"25":5,"26":2},"parent":null,"level":"site","shared":1,"links":0}},{"type":"Feature","geometry":{"type":"Point","coordinates":[8.305453,39.988961]},"properties":{"id":110,"name":"Malu Entu, Isula de / Mal di Ventre, Isola di","slug":"malu-entu-isula-de-mal-di-ventre-isola-di","region":null,"n":8,"date_min":-150,"date_max":-51,"lang":7,"langs":{"7":8},"alphabets":{"6":8},"parent":null,"level":"locality","shared":1,"links":0}},{"type":"Feature","geometry":{"type":"Point","coordinates":[14.765922,40.677988]},"properties":{"id":179,"name":"Salerno / Salernum","slug":"salerno-salernum","region":"Campania","n":8,"date_min":-500,"date_max":-26,"lang":10,"langs":{"7":2,"10":3,"11":3},"alphabets":{"6":2,"13":3,"23":3},"parent":null,"level":"site","shared":1,"links":0}},{"type":"Feature","geometry":{"type":"Point","coordinates":[15.622395,41.310441]},"properties":{"id":212,"name":"Ordona / Herdonia","slug":"ordona-herdonia","region":"Apulia","n":8,"date_min":-300,"date_max":-1,"lang":7,"langs":{"7":7,"9":1},"alphabets":{"6":7,"17":1},"parent":null,"level":"site","shared":1,"links":0}},{"type":"Feature","geometry":{"type":"Point","coordinates":[13.613958,41.720336]},"properties":{"id":216,"name":"Sora","slug":"sora","region":"Latium","n":8,"date_min":-175,"date_max":-1,"lang":7,"langs":{"7":8},"alphabets":{"6":8},"parent":null,"level":"site","shared":1,"links":0}},{"type":"Feature","geometry":{"type":"Point","coordinates":[15.261276,41.739367]},"properties":{"id":254,"name":"San Paolo di Civitate / Teanum Apulum","slug":"san-paolo-di-civitate-teanum-apulum","region":"Apulia","n":8,"date_min":-650,"date_max":-1,"lang":10,"langs":{"7":1,"10":7},"alphabets":{"6":1,"13":7},"parent":null,"level":"site","shared":1,"links":0}},{"type":"Feature","geometry":{"type":"Point","coordinates":[12.77721,41.687426]},"properties":{"id":284,"name":"Velletri / Velitrae","slug":"velletri-velitrae","region":"Latium","n":8,"date_min":-300,"date_max":-1,"lang":7,"langs":{"7":8},"alphabets":{"6":8},"parent":null,"level":"site","shared":1,"links":0}},{"type":"Feature","geometry":{"type":"Point","coordinates":[13.343595,42.367289]},"properties":{"id":294,"name":"Coppito / Amiternum","slug":"coppito-amiternum","region":"Samnium","n":8,"date_min":-150,"date_max":-1,"lang":7,"langs":{"7":8},"alphabets":{"6":8},"parent":null,"level":"site","shared":1,"links":0}},{"type":"Feature","geometry":{"type":"Point","coordinates":[13.306221,42.400467]},"properties":{"id":300,"name":"Arischia / Amiternum","slug":"arischia-amiternum","region":"Samnium","n":8,"date_min":-150,"date_max":-1,"lang":7,"langs":{"7":8},"alphabets":{"6":8},"parent":null,"level":"site","shared":1,"links":0}},{"type":"Feature","geometry":{"type":"Point","coordinates":[13.467594,41.964383]},"properties":{"id":358,"name":"Luco dei Marsi / Lucus Angitiae / Angitia","slug":"luco-dei-marsi-lucus-angitiae-angitia","region":"Samnium","n":8,"date_min":-300,"date_max":-1,"lang":7,"langs":{"7":8},"alphabets":{"6":8},"parent":null,"level":"site","shared":1,"links":0}},{"type":"Feature","geometry":{"type":"Point","coordinates":[14.262592,37.99871]},"properties":{"id":482,"name":"Castel di Tusa / Halaesa","slug":"castel-di-tusa-halaesa","region":"Sicily","n":8,"date_min":-200,"date_max":-1,"lang":7,"langs":{"6":2,"7":6},"alphabets":{"6":6,"24":2},"parent":null,"level":"site","shared":1,"links":0}},{"type":"Feature","geometry":{"type":"Point","coordinates":[15.010452,41.0542]},"properties":{"id":552,"name":"Frigento / Frequentum / Aeclanum","slug":"frigento-frequentum-aeclanum","region":"Apulia","n":8,"date_min":-150,"date_max":-1,"lang":7,"langs":{"7":8},"alphabets":{"6":8},"parent":null,"level":"site","shared":2,"links":0}},{"type":"Feature","geometry":{"type":"Point","coordinates":[15.051433,36.911036]},"properties":{"id":593,"name":"Neaition","slug":"neaition","region":"Sicily","n":8,"date_min":-400,"date_max":-101,"lang":7,"langs":{"6":2,"7":6},"alphabets":{"6":6,"23":1,"24":1},"parent":null,"level":"site","shared":1,"links":0}},{"type":"Feature","geometry":{"type":"Point","coordinates":[12.193911,37.950872]},"properties":{"id":615,"name":"Egadi, Isole / Aegates Insulae","slug":"egadi-isole-aegates-insulae","region":null,"n":8,"date_min":-300,"date_max":-201,"lang":7,"langs":{"7":8},"alphabets":{"6":8},"parent":null,"level":"locality","shared":1,"links":0}},{"type":"Feature","geometry":{"type":"Point","coordinates":[11.589709,43.154775]},"properties":{"id":779,"name":"S Giovani d'Asso","slug":"s-giovani-d-asso","region":"Etruria Settentrionale","n":8,"date_min":-400,"date_max":-1,"lang":4,"langs":{"4":8},"alphabets":{"1":4,"3":4},"parent":null,"level":"site","shared":1,"links":0}},{"type":"Feature","geometry":{"type":"Point","coordinates":[11.604815,43.057842]},"properties":{"id":792,"name":"S Quirico d'Orcia, Colombuto","slug":"s-quirico-d-orcia-colombuto","region":"Etruria Settentrionale","n":8,"date_min":-400,"date_max":-1,"lang":4,"langs":{"4":8},"alphabets":{"1":5,"3":3},"parent":794,"level":"locality","shared":6,"links":0}},{"type":"Feature","geometry":{"type":"Point","coordinates":[11.899037,42.267732]},"properties":{"id":825,"name":"Monteromano","slug":"monteromano","region":"Etruria Meridionale","n":8,"date_min":-625,"date_max":-101,"lang":4,"langs":{"4":8},"alphabets":{"1":1,"2":7},"parent":null,"level":"site","shared":1,"links":0}},{"type":"Feature","geometry":{"type":"Point","coordinates":[11.947736,43.016515]},"properties":{"id":873,"name":"Tomba del Granduca","slug":"tomba-del-granduca","region":"Etruria Settentrionale","n":8,"date_min":-200,"date_max":-76,"lang":4,"langs":{"4":8},"alphabets":{"3":8},"parent":200,"level":"tomb","shared":39,"links":0}},{"type":"Feature","geometry":{"type":"Point","coordinates":[11.947736,43.016515]},"properties":{"id":921,"name":"Pruneletto","slug":"pruneletto","region":"Etruria Settentrionale","n":8,"date_min":-200,"date_max":-101,"lang":4,"langs":{"4":8},"alphabets":{"1":2,"3":6},"parent":200,"level":"locality","shared":39,"links":0}},{"type":"Feature","geometry":{"type":"Point","coordinates":[12.098261,41.992694]},"properties":{"id":1032,"name":"T Regolini Galassi","slug":"t-regolini-galassi","region":"Etruria Meridionale","n":8,"date_min":-700,"date_max":-651,"lang":4,"langs":{"4":8},"alphabets":{"1":6,"2":1,"4":1},"parent":null,"level":"tomb","shared":1,"links":0}},{"type":"Feature","geometry":{"type":"Point","coordinates":[12.38678,43.123204]},"properties":{"id":1134,"name":"Loc. Sperandio","slug":"loc-sperandio","region":"Etruria Settentrionale","n":8,"date_min":-400,"date_max":-1,"lang":4,"langs":{"4":8},"alphabets":{"1":2,"3":5,"5":1},"parent":null,"level":"site","shared":1,"links":0}},{"type":"Feature","geometry":{"type":"Point","coordinates":[10.17976,42.778659]},"properties":{"id":1221,"name":"Isola d'Elba","slug":"isola-d-elba","region":"Etruria Settentrionale","n":8,"date_min":-500,"date_max":-101,"lang":4,"langs":{"4":8},"alphabets":{"1":3,"2":1,"3":2,"5":2},"parent":null,"level":"site","shared":1,"links":0}},{"type":"Feature","geometry":{"type":"Point","coordinates":[11.770142,42.249719]},"properties":{"id":1251,"name":"Monterozzi, Secondi Archi - T d Partunu","slug":"monterozzi-secondi-archi-t-d-partunu","region":"Etruria Meridionale","n":8,"date_min":-350,"date_max":-201,"lang":4,"langs":{"4":8},"alphabets":{"2":8},"parent":1968,"level":"tomb","shared":42,"links":0}},{"type":"Feature","geometry":{"type":"Point","coordinates":[11.770142,42.249719]},"properties":{"id":1261,"name":"Monterozzi, Secondi Archi - T Giglioli","slug":"monterozzi-secondi-archi-t-giglioli","region":"Etruria Meridionale","n":8,"date_min":-325,"date_max":-101,"lang":4,"langs":{"4":8},"alphabets":{"1":1,"2":7},"parent":1968,"level":"tomb","shared":42,"links":0}},{"type":"Feature","geometry":{"type":"Point","coordinates":[11.770142,42.249719]},"properties":{"id":1289,"name":"Monterozzi, Secondi Archi - T d Auguri","slug":"monterozzi-secondi-archi-t-d-auguri","region":"Etruria Meridionale","n":8,"date_min":-550,"date_max":-501,"lang":4,"langs":{"4":8},"alphabets":{"1":4,"2":4},"parent":1968,"level":"tomb","shared":42,"links":0}},{"type":"Feature","geometry":{"type":"Point","coordinates":[9.663,45.704]},"properties":{"id":1708,"name":"Bergamo","slug":"bergamo","region":"Transpadana","n":8,"date_min":-675,"date_max":25,"lang":2,"langs":{"2":8},"alphabets":{"29":8},"parent":null,"level":"site","shared":1,"links":0}},{"type":"Feature","geometry":{"type":"Point","coordinates":[8.0755,45.459]},"properties":{"id":1723,"name":"Cerrione necropolis","slug":"cerrione-necropolis","region":"Transpadana","n":8,"date_min":-125,"date_max":-26,"lang":2,"langs":{"2":8},"alphabets":{"6":1,"29":7},"parent":null,"level":"necropolis","shared":1,"links":0}},{"type":"Feature","geometry":{"type":"Point","coordinates":[10.295,45.282]},"properties":{"id":1726,"name":"Gottolengo (Cascina Riccio)","slug":"gottolengo-cascina-riccio","region":"Venetia et Histria","n":8,"date_min":-225,"date_max":-51,"lang":2,"langs":{"2":8},"alphabets":{"29":8},"parent":null,"level":"site","shared":1,"links":0}},{"type":"Feature","geometry":{"type":"Point","coordinates":[17.666667,40.7]},"properties":{"id":1865,"name":"Carbinium (Carovigno)","slug":"carbinium-carovigno","region":"Apulia","n":8,"date_min":-600,"date_max":-201,"lang":9,"langs":{"9":8},"alphabets":{"17":8},"parent":null,"level":"site","shared":1,"links":0}},{"type":"Feature","geometry":{"type":"Point","coordinates":[17.636381,40.397704]},"properties":{"id":1875,"name":"Manduria","slug":"manduria","region":"Messapia","n":8,"date_min":-600,"date_max":-1,"lang":9,"langs":{"9":8},"alphabets":{"17":8},"parent":null,"level":"site","shared":1,"links":0}},{"type":"Feature","geometry":{"type":"Point","coordinates":[18.338916,40.103487]},"properties":{"id":1879,"name":"Muro Leccese","slug":"muro-leccese","region":"Messapia","n":8,"date_min":-600,"date_max":-101,"lang":9,"langs":{"9":8},"alphabets":{"17":8},"parent":null,"level":"site","shared":1,"links":0}},{"type":"Feature","geometry":{"type":"Point","coordinates":[11.02,46.35]},"properties":{"id":1942,"name":"Mechel","slug":"mechel","region":"Venetia et Histria","n":8,"date_min":-525,"date_max":-1,"lang":12,"langs":{"12":8},"alphabets":{"26":2,"27":6},"parent":null,"level":"site","shared":1,"links":0}},{"type":"Feature","geometry":{"type":"Point","coordinates":[11.027,47.616]},"properties":{"id":1955,"name":"Unterammergau","slug":"unterammergau","region":"Raetia","n":8,"date_min":-525,"date_max":-1,"lang":12,"langs":{"12":8},"alphabets":{"25":4,"26":2},"parent":null,"level":"site","shared":1,"links":0}},{"type":"Feature","geometry":{"type":"Point","coordinates":[10.85,45.535]},"properties":{"id":1959,"name":"San Giorgio di Valpolicella","slug":"san-giorgio-di-valpolicella","region":"Venetia et Histria","n":8,"date_min":-125,"date_max":-76,"lang":12,"langs":{"12":8},"alphabets":{"25":5,"26":3},"parent":null,"level":"site","shared":1,"links":0}},{"type":"Feature","geometry":{"type":"Point","coordinates":[12.565075,42.193353]},"properties":{"id":15,"name":"Civitella San Paolo","slug":"civitella-san-paolo","region":"Agri Faliscus et Capena","n":7,"date_min":-300,"date_max":-151,"lang":5,"langs":{"5":7},"alphabets":{"9":6},"parent":null,"level":"site","shared":1,"links":0}},{"type":"Feature","geometry":{"type":"Point","coordinates":[13.716826,43.161077]},"properties":{"id":42,"name":"Porto Sant'Elpidio / Firmum Picenum","slug":"porto-sant-elpidio-firmum-picenum","region":"Picenum","n":7,"date_min":-275,"date_max":-1,"lang":7,"langs":{"7":7},"alphabets":{"6":7},"parent":null,"level":"site","shared":1,"links":0}},{"type":"Feature","geometry":{"type":"Point","coordinates":[12.336185,45.441979]},"properties":{"id":84,"name":"Venezia / Venedig / Venetiae / Altinum","slug":"venezia-venedig-venetiae-altinum","region":"Venetia et Histria","n":7,"date_min":-250,"date_max":-1,"lang":7,"langs":{"7":7},"alphabets":{"6":7},"parent":null,"level":"site","shared":1,"links":0}},{"type":"Feature","geometry":{"type":"Point","coordinates":[12.642349,42.033698]},"properties":{"id":168,"name":"Mentana / Nomentum","slug":"mentana-nomentum","region":"Samnium","n":7,"date_min":-300,"date_max":-1,"lang":7,"langs":{"7":7},"alphabets":{"6":7},"parent":null,"level":"site","shared":1,"links":0}},{"type":"Feature","geometry":{"type":"Point","coordinates":[13.21799,43.714978]},"properties":{"id":244,"name":"Senigallia / Sinigaglia / Sena Gallica","slug":"senigallia-sinigaglia-sena-gallica","region":"Umbria","n":7,"date_min":-300,"date_max":-1,"lang":7,"langs":{"7":7},"alphabets":{"6":7},"parent":null,"level":"site","shared":1,"links":0}},{"type":"Feature","geometry":{"type":"Point","coordinates":[8.923746,45.197362]},"properties":{"id":306,"name":"Garlasco","slug":"garlasco","region":"Transpadana","n":7,"date_min":-150,"date_max":-1,"lang":7,"langs":{"7":7},"alphabets":{"6":7},"parent":null,"level":"site","shared":1,"links":0}},{"type":"Feature","geometry":{"type":"Point","coordinates":[9.156562,45.185899]},"properties":{"id":307,"name":"Carbonara al Ticino / Ticinum","slug":"carbonara-al-ticino-ticinum","region":"Transpadana","n":7,"date_min":-150,"date_max":-1,"lang":7,"langs":{"7":7},"alphabets":{"6":7},"parent":null,"level":"site","shared":1,"links":0}},{"type":"Feature","geometry":{"type":"Point","coordinates":[13.102945,41.385869]},"properties":{"id":355,"name":"Mesa di Pontinia / Mesa","slug":"mesa-di-pontinia-mesa","region":"Latium","n":7,"date_min":-300,"date_max":-201,"lang":7,"langs":{"7":7},"alphabets":{"6":7},"parent":null,"level":"site","shared":1,"links":0}},{"type":"Feature","geometry":{"type":"Point","coordinates":[12.628995,41.44795]},"properties":{"id":417,"name":"Anzio / Antium","slug":"anzio-antium","region":"Latium","n":7,"date_min":-325,"date_max":-1,"lang":7,"langs":{"7":7},"alphabets":{"6":7},"parent":null,"level":"site","shared":1,"links":0}},{"type":"Feature","geometry":{"type":"Point","coordinates":[13.3847,43.197674]},"properties":{"id":424,"name":"Urbisaglia / Urbs Salvia","slug":"urbisaglia-urbs-salvia","region":"Picenum","n":7,"date_min":-525,"date_max":-1,"lang":7,"langs":{"7":5,"11":2},"alphabets":{"6":5,"11":2},"parent":null,"level":"site","shared":1,"links":0}},{"type":"Feature","geometry":{"type":"Point","coordinates":[10.489856,42.988369]},"properties":{"id":469,"name":"Populonia","slug":"populonia","region":"Etruria Settentrionale","n":7,"date_min":-500,"date_max":-26,"lang":4,"langs":{"4":5,"7":2},"alphabets":{"1":3,"2":1,"3":1,"6":2},"parent":null,"level":"site","shared":4,"links":0}},{"type":"Feature","geometry":{"type":"Point","coordinates":[14.330592,41.328486]},"properties":{"id":584,"name":"Ailano / Allifae","slug":"ailano-allifae","region":"Campania","n":7,"date_min":-650,"date_max":-1,"lang":7,"langs":{"7":5,"10":2},"alphabets":{"6":5,"13":2},"parent":null,"level":"site","shared":1,"links":0}},{"type":"Feature","geometry":{"type":"Point","coordinates":[14.370775,40.625464]},"properties":{"id":677,"name":"Sorrento / Surrentum","slug":"sorrento-surrentum","region":"Campania","n":7,"date_min":-650,"date_max":-1,"lang":10,"langs":{"7":1,"10":4,"11":2},"alphabets":{"6":1,"12":2,"13":3,"23":1},"parent":null,"level":"site","shared":1,"links":0}},{"type":"Feature","geometry":{"type":"Point","coordinates":[11.668052,43.187263]},"properties":{"id":777,"name":"Trequanda, Belsedere","slug":"trequanda-belsedere","region":"Etruria Settentrionale","n":7,"date_min":-400,"date_max":-1,"lang":4,"langs":{"4":7},"alphabets":{"1":1,"3":6},"parent":776,"level":"locality","shared":2,"links":0}},{"type":"Feature","geometry":{"type":"Point","coordinates":[11.134036,43.399585]},"properties":{"id":798,"name":"Gracciano","slug":"gracciano","region":"Etruria Settentrionale","n":7,"date_min":-400,"date_max":-1,"lang":4,"langs":{"4":7},"alphabets":{"1":2,"3":5},"parent":null,"level":"site","shared":1,"links":0}},{"type":"Feature","geometry":{"type":"Point","coordinates":[11.877148,42.414436]},"properties":{"id":829,"name":"Tuscania, T d Regina","slug":"tuscania-t-d-regina","region":"Etruria Meridionale","n":7,"date_min":-400,"date_max":-1,"lang":4,"langs":{"4":7},"alphabets":{"2":7},"parent":null,"level":"tomb","shared":1,"links":0}},{"type":"Feature","geometry":{"type":"Point","coordinates":[11.87028,42.419248]},"properties":{"id":847,"name":"Tuscania, Cipollara","slug":"tuscania-cipollara","region":"Etruria Meridionale","n":7,"date_min":-400,"date_max":-1,"lang":4,"langs":{"4":7},"alphabets":{"2":7},"parent":471,"level":"locality","shared":16,"links":0}},{"type":"Feature","geometry":{"type":"Point","coordinates":[11.67454,42.635979]},"properties":{"id":858,"name":"Pitigliano","slug":"pitigliano","region":"Etruria Settentrionale","n":7,"date_min":-550,"date_max":-276,"lang":4,"langs":{"4":7},"alphabets":{"1":3,"2":4},"parent":null,"level":"site","shared":1,"links":0}},{"type":"Feature","geometry":{"type":"Point","coordinates":[11.329432,42.686867]},"properties":{"id":859,"name":"Scansano","slug":"scansano","region":"Etruria Settentrionale","n":7,"date_min":-700,"date_max":-151,"lang":4,"langs":{"4":7},"alphabets":{"2":7},"parent":null,"level":"site","shared":1,"links":0}},{"type":"Feature","geometry":{"type":"Point","coordinates":[11.946858,43.015488]},"properties":{"id":870,"name":"Tolle","slug":"tolle","region":"Etruria Settentrionale","n":7,"date_min":-675,"date_max":-476,"lang":4,"langs":{"4":7},"alphabets":{"1":2,"3":5},"parent":null,"level":"site","shared":1,"links":0}},{"type":"Feature","geometry":{"type":"Point","coordinates":[12.193554,43.105162]},"properties":{"id":871,"name":"S Savino","slug":"s-savino","region":"Etruria Settentrionale","n":7,"date_min":-400,"date_max":-1,"lang":4,"langs":{"4":7},"alphabets":{"1":2,"2":3,"3":1,"6":1},"parent":null,"level":"site","shared":1,"links":0}},{"type":"Feature","geometry":{"type":"Point","coordinates":[11.947736,43.016515]},"properties":{"id":916,"name":"Predio Cecchini","slug":"predio-cecchini","region":"Etruria Settentrionale","n":7,"date_min":-400,"date_max":-1,"lang":4,"langs":{"4":7},"alphabets":{"1":4,"3":3},"parent":200,"level":"locality","shared":39,"links":0}},{"type":"Feature","geometry":{"type":"Point","coordinates":[11.230173,43.833401]},"properties":{"id":1071,"name":"Quinto Fiorentino","slug":"quinto-fiorentino","region":"Etruria Settentrionale","n":7,"date_min":-700,"date_max":-601,"lang":4,"langs":{"4":7},"alphabets":{"1":3,"3":4},"parent":null,"level":"site","shared":1,"links":0}},{"type":"Feature","geometry":{"type":"Point","coordinates":[12.319844,42.950418]},"properties":{"id":1172,"name":"Cerqueto","slug":"cerqueto","region":"Etruria Settentrionale","n":7,"date_min":-400,"date_max":-1,"lang":4,"langs":{"4":7},"alphabets":{"1":1,"3":5,"5":1},"parent":null,"level":"site","shared":1,"links":0}},{"type":"Feature","geometry":{"type":"Point","coordinates":[11.770142,42.249719]},"properties":{"id":1246,"name":"Monterozzi, Villa Tarantola - T 5035","slug":"monterozzi-villa-tarantola-t-5035","region":"Etruria Meridionale","n":7,"date_min":-300,"date_max":-1,"lang":4,"langs":{"4":7},"alphabets":{"1":1,"2":6},"parent":1968,"level":"tomb","shared":42,"links":0}},{"type":"Feature","geometry":{"type":"Point","coordinates":[11.770142,42.249719]},"properties":{"id":1257,"name":"Monterozzi, Villa Tarantola - T d Spitu","slug":"monterozzi-villa-tarantola-t-d-spitu","region":"Etruria Meridionale","n":7,"date_min":-400,"date_max":-1,"lang":4,"langs":{"4":7},"alphabets":{"1":2,"2":5},"parent":1968,"level":"tomb","shared":42,"links":0}},{"type":"Feature","geometry":{"type":"Point","coordinates":[11.770142,42.249719]},"properties":{"id":1290,"name":"Monterozzi, M Quagliere, T de Domenicis","slug":"monterozzi-m-quagliere-t-de-domenicis","region":"Etruria Meridionale","n":7,"date_min":-400,"date_max":-1,"lang":4,"langs":{"4":7},"alphabets":{"1":6,"2":1},"parent":1968,"level":"tomb","shared":42,"links":0}},{"type":"Feature","geometry":{"type":"Point","coordinates":[12.060436,42.689688]},"properties":{"id":1371,"name":"Badia di S Severo","slug":"badia-di-s-severo","region":"Etruria Meridionale","n":7,"date_min":-400,"date_max":-1,"lang":4,"langs":{"4":7},"alphabets":{"2":7},"parent":null,"level":"site","shared":1,"links":0}},{"type":"Feature","geometry":{"type":"Point","coordinates":[12.117757,42.715307]},"properties":{"id":1374,"name":"Cannicella","slug":"cannicella","region":"Etruria Meridionale","n":7,"date_min":-600,"date_max":-1,"lang":4,"langs":{"4":7},"alphabets":{"1":4,"2":3},"parent":null,"level":"site","shared":3,"links":0}},{"type":"Feature","geometry":{"type":"Point","coordinates":[11.433276,43.492718]},"properties":{"id":1436,"name":"Cetamura in Chianti","slug":"cetamura-in-chianti","region":"Etruria Settentrionale","n":7,"date_min":-400,"date_max":-1,"lang":4,"langs":{"4":7},"alphabets":{"1":3,"3":4},"parent":null,"level":"site","shared":1,"links":0}},{"type":"Feature","geometry":{"type":"Point","coordinates":[11.285334,43.471544]},"properties":{"id":1449,"name":"Castellina in Chianti","slug":"castellina-in-chianti","region":"Etruria Settentrionale","n":7,"date_min":-400,"date_max":-1,"lang":4,"langs":{"4":7},"alphabets":{"3":6,"5":1},"parent":null,"level":"site","shared":1,"links":0}},{"type":"Feature","geometry":{"type":"Point","coordinates":[21.630844,37.638687]},"properties":{"id":1477,"name":"Olympia","slug":"olympia","region":"Achaia","n":7,"date_min":-700,"date_max":-401,"lang":6,"langs":{"6":7},"alphabets":{"20":4,"23":2,"24":1},"parent":null,"level":"site","shared":1,"links":0}},{"type":"Feature","geometry":{"type":"Point","coordinates":[14.023517,37.646624]},"properties":{"id":1514,"name":"Terravecchia di Cuti","slug":"terravecchia-di-cuti","region":"Sicily","n":7,"date_min":-600,"date_max":-401,"lang":6,"langs":{"6":7},"alphabets":{"23":6,"24":1},"parent":null,"level":"site","shared":1,"links":0}},{"type":"Feature","geometry":{"type":"Point","coordinates":[13.197536,37.967275]},"properties":{"id":1547,"name":"Monte Iato","slug":"monte-iato","region":"Sicily","n":7,"date_min":-525,"date_max":-201,"lang":6,"langs":{"6":7},"alphabets":{"23":6,"24":1},"parent":null,"level":"site","shared":3,"links":0}},{"type":"Feature","geometry":{"type":"Point","coordinates":[13.80156,41.619337]},"properties":{"id":1572,"name":"Atina (Barrea)","slug":"atina-barrea","region":"Latium","n":7,"date_min":-200,"date_max":-1,"lang":7,"langs":{"7":6,"10":1},"alphabets":{"6":6,"13":1},"parent":null,"level":"site","shared":1,"links":0}},{"type":"Feature","geometry":{"type":"Point","coordinates":[13.563415,42.301575]},"properties":{"id":1615,"name":"Furfo (Santa Maria di Forfona)","slug":"furfo-santa-maria-di-forfona","region":"Samnium","n":7,"date_min":-200,"date_max":-1,"lang":7,"langs":{"7":6,"10":1},"alphabets":{"6":7},"parent":null,"level":"site","shared":1,"links":0}},{"type":"Feature","geometry":{"type":"Point","coordinates":[16.159633,39.036454]},"properties":{"id":1638,"name":"Temesa (Nocera Terinese)","slug":"temesa-nocera-terinese","region":"Lucania et Bruttium","n":7,"date_min":-325,"date_max":-201,"lang":6,"langs":{"6":4,"10":2,"13":1},"alphabets":{"13":1,"23":6},"parent":null,"level":"site","shared":1,"links":0}},{"type":"Feature","geometry":{"type":"Point","coordinates":[8.401,45.985]},"properties":{"id":1839,"name":"Ornavasso (In Persona)","slug":"ornavasso-in-persona","region":"Transpadana","n":7,"date_min":1,"date_max":100,"lang":2,"langs":{"2":7},"alphabets":{"6":7},"parent":null,"level":"site","shared":1,"links":0}},{"type":"Feature","geometry":{"type":"Point","coordinates":[10.736,45.354]},"properties":{"id":1850,"name":"Valeggio sul Mincio (grave 3)","slug":"valeggio-sul-mincio-grave-3","region":"Venetia et Histria","n":7,"date_min":-675,"date_max":25,"lang":2,"langs":{"2":7},"alphabets":{"29":7},"parent":null,"level":"site","shared":1,"links":0}},{"type":"Feature","geometry":{"type":"Point","coordinates":[16.166667,41.883333]},"properties":{"id":1895,"name":"Hyria in monte Gargano (Vieste)","slug":"hyria-in-monte-gargano-vieste","region":"Apulia","n":7,"date_min":-400,"date_max":-101,"lang":9,"langs":{"9":7},"alphabets":{"17":7},"parent":null,"level":"site","shared":1,"links":0}},{"type":"Feature","geometry":{"type":"Point","coordinates":[13.538889,41.536667]},"properties":{"id":36,"name":"Ceprano / Fregellae","slug":"ceprano-fregellae","region":"Latium","n":6,"date_min":-300,"date_max":-126,"lang":7,"langs":{"7":6},"alphabets":{"6":6},"parent":null,"level":"site","shared":1,"links":0}},{"type":"Feature","geometry":{"type":"Point","coordinates":[13.966869,41.17202]},"properties":{"id":108,"name":"Forlimpopoli / Forum Popilii","slug":"forlimpopoli-forum-popilii","region":"Campania","n":6,"date_min":-100,"date_max":-1,"lang":7,"langs":{"7":6},"alphabets":{"6":6},"parent":null,"level":"site","shared":1,"links":0}},{"type":"Feature","geometry":{"type":"Point","coordinates":[12.658524,41.769809]},"properties":{"id":164,"name":"Marino / Castrimoenium","slug":"marino-castrimoenium","region":"Latium","n":6,"date_min":-300,"date_max":-1,"lang":7,"langs":{"7":6},"alphabets":{"6":6},"parent":null,"level":"site","shared":1,"links":0}},{"type":"Feature","geometry":{"type":"Point","coordinates":[14.499131,41.236019]},"properties":{"id":260,"name":"San Salvatore Telesino / Telesia","slug":"san-salvatore-telesino-telesia","region":"Apulia","n":6,"date_min":-100,"date_max":-1,"lang":7,"langs":{"7":6},"alphabets":{"6":6},"parent":null,"level":"site","shared":1,"links":0}},{"type":"Feature","geometry":{"type":"Point","coordinates":[13.85713,43.022546]},"properties":{"id":399,"name":"Cupra Marittima / Marano / Cupra Maritima","slug":"cupra-marittima-marano-cupra-maritima","region":"Picenum","n":6,"date_min":-75,"date_max":-1,"lang":7,"langs":{"7":6},"alphabets":{"6":6},"parent":null,"level":"site","shared":1,"links":0}},{"type":"Feature","geometry":{"type":"Point","coordinates":[13.482435,43.486124]},"properties":{"id":423,"name":"Osimo / Auximum","slug":"osimo-auximum","region":"Picenum","n":6,"date_min":-100,"date_max":-1,"lang":7,"langs":{"7":6},"alphabets":{"6":6},"parent":null,"level":"site","shared":1,"links":0}},{"type":"Feature","geometry":{"type":"Point","coordinates":[13.487263,41.67132]},"properties":{"id":468,"name":"Casamari / Cereatae Marianae","slug":"casamari-cereatae-marianae","region":"Latium","n":6,"date_min":-100,"date_max":-1,"lang":7,"langs":{"7":6},"alphabets":{"6":6},"parent":null,"level":"site","shared":1,"links":0}},{"type":"Feature","geometry":{"type":"Point","coordinates":[12.346563,42.244061]},"properties":{"id":490,"name":"Nepi / Nepet / Nepete","slug":"nepi-nepet-nepete","region":"Agri Faliscus et Capena","n":6,"date_min":-525,"date_max":-1,"lang":4,"langs":{"4":5,"7":1},"alphabets":{"1":1,"2":4,"6":1},"parent":null,"level":"site","shared":1,"links":0}},{"type":"Feature","geometry":{"type":"Point","coordinates":[12.220462,42.242794]},"properties":{"id":491,"name":"Sutri / Sutrium","slug":"sutri-sutrium","region":"Etruria Meridionale","n":6,"date_min":-625,"date_max":-1,"lang":4,"langs":{"4":4,"7":2},"alphabets":{"2":4,"6":2},"parent":null,"level":"site","shared":1,"links":0}},{"type":"Feature","geometry":{"type":"Point","coordinates":[12.855963,43.427013]},"properties":{"id":508,"name":"Sassoferrato / Sentino / Sentinum","slug":"sassoferrato-sentino-sentinum","region":"Umbria","n":6,"date_min":-200,"date_max":-1,"lang":7,"langs":{"7":6},"alphabets":{"6":6},"parent":null,"level":"site","shared":1,"links":0}},{"type":"Feature","geometry":{"type":"Point","coordinates":[12.673347,41.7214]},"properties":{"id":578,"name":"Genzano di Roma / Sublanuvio / Aricia","slug":"genzano-di-roma-sublanuvio-aricia","region":"Latium","n":6,"date_min":-300,"date_max":-1,"lang":7,"langs":{"7":6},"alphabets":{"6":6},"parent":null,"level":"site","shared":1,"links":0}},{"type":"Feature","geometry":{"type":"Point","coordinates":[16.244339,38.226295]},"properties":{"id":590,"name":"Gerace / Locri Epizephyrii","slug":"gerace-locri-epizephyrii","region":"Lucania et Bruttium","n":6,"date_min":-500,"date_max":-1,"lang":7,"langs":{"7":6},"alphabets":{"6":3,"7":3},"parent":null,"level":"site","shared":1,"links":0}},{"type":"Feature","geometry":{"type":"Point","coordinates":[14.383245,41.810653]},"properties":{"id":625,"name":"Agnone / Terventum","slug":"agnone-terventum","region":"Samnium","n":6,"date_min":-650,"date_max":-1,"lang":10,"langs":{"7":1,"10":5},"alphabets":{"6":1,"13":5},"parent":null,"level":"site","shared":1,"links":0}},{"type":"Feature","geometry":{"type":"Point","coordinates":[18.491083,40.145851]},"properties":{"id":665,"name":"Cerfignano / Hydruntum","slug":"cerfignano-hydruntum","region":"Messapia","n":6,"date_min":-400,"date_max":-1,"lang":7,"langs":{"7":3,"9":3},"alphabets":{"6":3,"17":3},"parent":null,"level":"site","shared":1,"links":0}},{"type":"Feature","geometry":{"type":"Point","coordinates":[11.326104,43.326991]},"properties":{"id":771,"name":"Siena, Colle di S Marco","slug":"siena-colle-di-s-marco","region":"Etruria Settentrionale","n":6,"date_min":-625,"date_max":-1,"lang":4,"langs":{"4":6},"alphabets":{"1":3,"3":3},"parent":null,"level":"locality","shared":1,"links":0}},{"type":"Feature","geometry":{"type":"Point","coordinates":[11.533286,42.870101]},"properties":{"id":783,"name":"Montalcino, Podere Madonna nera","slug":"montalcino-podere-madonna-nera","region":"Etruria Settentrionale","n":6,"date_min":-400,"date_max":-1,"lang":4,"langs":{"4":6},"alphabets":{"1":3,"3":2,"5":1},"parent":782,"level":"locality","shared":1,"links":0}},{"type":"Feature","geometry":{"type":"Point","coordinates":[11.713285,42.570684]},"properties":{"id":860,"name":"Rofalco (Farnese)","slug":"rofalco-farnese","region":"Etruria Meridionale","n":6,"date_min":-400,"date_max":-201,"lang":4,"langs":{"4":6},"alphabets":{"1":3,"2":3},"parent":null,"level":"site","shared":1,"links":0}},{"type":"Feature","geometry":{"type":"Point","coordinates":[11.949396,43.016088]},"properties":{"id":869,"name":"Poggio Renzo","slug":"poggio-renzo","region":"Etruria Settentrionale","n":6,"date_min":-500,"date_max":-1,"lang":4,"langs":{"4":6},"alphabets":{"1":1,"2":1,"3":4},"parent":null,"level":"site","shared":1,"links":0}},{"type":"Feature","geometry":{"type":"Point","coordinates":[11.932352,43.038187]},"properties":{"id":874,"name":"Dolciano","slug":"dolciano","region":"Etruria Settentrionale","n":6,"date_min":-400,"date_max":-101,"lang":4,"langs":{"4":6},"alphabets":{"1":1,"2":1,"3":4},"parent":null,"level":"site","shared":1,"links":0}},{"type":"Feature","geometry":{"type":"Point","coordinates":[11.947736,43.016515]},"properties":{"id":885,"name":"Tomba della Tassinaia","slug":"tomba-della-tassinaia","region":"Etruria Settentrionale","n":6,"date_min":-300,"date_max":-101,"lang":4,"langs":{"4":6},"alphabets":{"1":1,"3":4,"5":1},"parent":200,"level":"tomb","shared":39,"links":0}},{"type":"Feature","geometry":{"type":"Point","coordinates":[11.947736,43.016515]},"properties":{"id":918,"name":"Romitorio","slug":"romitorio","region":"Etruria Settentrionale","n":6,"date_min":-400,"date_max":-1,"lang":4,"langs":{"4":6},"alphabets":{"1":2,"3":4},"parent":200,"level":"locality","shared":39,"links":0}},{"type":"Feature","geometry":{"type":"Point","coordinates":[11.92213,43.013099]},"properties":{"id":928,"name":"Marcianella","slug":"marcianella","region":"Etruria Settentrionale","n":6,"date_min":-400,"date_max":-1,"lang":4,"langs":{"4":6},"alphabets":{"1":2,"2":1,"3":2,"8":1},"parent":null,"level":"site","shared":1,"links":0}},{"type":"Feature","geometry":{"type":"Point","coordinates":[12.535613,43.102767]},"properties":{"id":935,"name":"Petrignano","slug":"petrignano","region":"Umbria","n":6,"date_min":-700,"date_max":-1,"lang":4,"langs":{"4":6},"alphabets":{"1":3,"3":3},"parent":null,"level":"site","shared":1,"links":0}},{"type":"Feature","geometry":{"type":"Point","coordinates":[12.100934,42.005486]},"properties":{"id":1016,"name":"Banditaccia, T d Althra","slug":"banditaccia-t-d-althra","region":"Etruria Meridionale","n":6,"date_min":-400,"date_max":-1,"lang":4,"langs":{"4":6},"alphabets":{"2":6},"parent":1008,"level":"tomb","shared":15,"links":0}},{"type":"Feature","geometry":{"type":"Point","coordinates":[12.100934,42.005486]},"properties":{"id":1018,"name":"Banditaccia, Via delle Serpe","slug":"banditaccia-via-delle-serpe","region":"Etruria Meridionale","n":6,"date_min":-400,"date_max":-1,"lang":4,"langs":{"4":6},"alphabets":{"1":4,"2":2},"parent":1008,"level":"locality","shared":15,"links":0}},{"type":"Feature","geometry":{"type":"Point","coordinates":[12.100934,42.005486]},"properties":{"id":1028,"name":"Banditaccia, T d Maclae II","slug":"banditaccia-t-d-maclae-ii","region":"Etruria Meridionale","n":6,"date_min":-375,"date_max":-301,"lang":4,"langs":{"4":6},"alphabets":{"1":1,"2":5},"parent":1008,"level":"tomb","shared":15,"links":0}},{"type":"Feature","geometry":{"type":"Point","coordinates":[12.389908,43.111192]},"properties":{"id":1141,"name":"T d Velchei","slug":"t-d-velchei","region":"Etruria Settentrionale","n":6,"date_min":-125,"date_max":-76,"lang":4,"langs":{"4":6},"alphabets":{"1":5,"2":1},"parent":134,"level":"tomb","shared":9,"links":0}},{"type":"Feature","geometry":{"type":"Point","coordinates":[12.389908,43.111192]},"properties":{"id":1142,"name":"T d Veti","slug":"t-d-veti","region":"Etruria Settentrionale","n":6,"date_min":-125,"date_max":-76,"lang":4,"langs":{"4":6},"alphabets":{"1":3,"3":3},"parent":134,"level":"tomb","shared":9,"links":0}},{"type":"Feature","geometry":{"type":"Point","coordinates":[12.389908,43.111192]},"properties":{"id":1148,"name":"Villa Vitiani","slug":"villa-vitiani","region":"Etruria Settentrionale","n":6,"date_min":-400,"date_max":-1,"lang":4,"langs":{"4":6},"alphabets":{"1":1,"3":5},"parent":134,"level":"locality","shared":9,"links":0}},{"type":"Feature","geometry":{"type":"Point","coordinates":[12.601926,43.076906]},"properties":{"id":1165,"name":"S Vittorino","slug":"s-vittorino","region":"Umbria","n":6,"date_min":-400,"date_max":-1,"lang":4,"langs":{"4":6},"alphabets":{"1":3,"3":3},"parent":null,"level":"site","shared":1,"links":0}},{"type":"Feature","geometry":{"type":"Point","coordinates":[10.566636,43.169042]},"properties":{"id":1220,"name":"Donoratico","slug":"donoratico","region":"Etruria Settentrionale","n":6,"date_min":-325,"date_max":-176,"lang":4,"langs":{"4":6},"alphabets":{"1":5,"3":1},"parent":null,"level":"site","shared":1,"links":0}},{"type":"Feature","geometry":{"type":"Point","coordinates":[12.09308,44.693445]},"properties":{"id":1240,"name":"Abitato","slug":"abitato","region":"Aemilia","n":6,"date_min":-450,"date_max":-1,"lang":4,"langs":{"4":6},"alphabets":{"1":3,"3":3},"parent":1238,"level":"locality","shared":4,"links":0}},{"type":"Feature","geometry":{"type":"Point","coordinates":[11.770142,42.249719]},"properties":{"id":1278,"name":"Monterozzi, Cimitero - T d Tifone","slug":"monterozzi-cimitero-t-d-tifone","region":"Etruria Meridionale","n":6,"date_min":-275,"date_max":-101,"lang":4,"langs":{"4":6},"alphabets":{"1":1,"2":5},"parent":1968,"level":"tomb","shared":42,"links":0}},{"type":"Feature","geometry":{"type":"Point","coordinates":[11.770142,42.249719]},"properties":{"id":1293,"name":"Monterozzi, Secondi Archi - T Lucioli","slug":"monterozzi-secondi-archi-t-lucioli","region":"Etruria Meridionale","n":6,"date_min":-500,"date_max":-451,"lang":4,"langs":{"4":6},"alphabets":{"1":2,"2":4},"parent":1968,"level":"tomb","shared":42,"links":0}},{"type":"Feature","geometry":{"type":"Point","coordinates":[11.631385,42.42429]},"properties":{"id":1326,"name":"Polledrara","slug":"polledrara","region":"Etruria Meridionale","n":6,"date_min":-700,"date_max":-1,"lang":4,"langs":{"4":6},"alphabets":{"2":6},"parent":null,"level":"site","shared":1,"links":0}},{"type":"Feature","geometry":{"type":"Point","coordinates":[12.215381,41.835546]},"properties":{"id":1340,"name":"Macchiagrande","slug":"macchiagrande","region":"Etruria Meridionale","n":6,"date_min":-600,"date_max":-301,"lang":4,"langs":{"4":6},"alphabets":{"1":6},"parent":null,"level":"site","shared":1,"links":0}},{"type":"Feature","geometry":{"type":"Point","coordinates":[12.036944,42.540278]},"properties":{"id":1369,"name":"Montefiascone","slug":"montefiascone","region":"Etruria Meridionale","n":6,"date_min":-325,"date_max":-1,"lang":4,"langs":{"4":6},"alphabets":{"1":1,"2":4,"8":1},"parent":null,"level":"site","shared":1,"links":0}},{"type":"Feature","geometry":{"type":"Point","coordinates":[12.261853,42.597419]},"properties":{"id":1376,"name":"Campo della Fiera","slug":"campo-della-fiera","region":"Umbria","n":6,"date_min":-700,"date_max":-1,"lang":4,"langs":{"4":6},"alphabets":{"1":1,"2":4,"6":1},"parent":null,"level":"site","shared":1,"links":0}},{"type":"Feature","geometry":{"type":"Point","coordinates":[12.111566,42.716449]},"properties":{"id":1392,"name":"Poggio Battaglini","slug":"poggio-battaglini","region":"Etruria Meridionale","n":6,"date_min":-400,"date_max":-1,"lang":4,"langs":{"4":6},"alphabets":{"1":1,"2":4,"3":1},"parent":1397,"level":"locality","shared":19,"links":0}},{"type":"Feature","geometry":{"type":"Point","coordinates":[12.111566,42.716449]},"properties":{"id":1398,"name":"Piazzano","slug":"piazzano","region":"Etruria Meridionale","n":6,"date_min":-400,"date_max":-1,"lang":4,"langs":{"4":6},"alphabets":{"2":6},"parent":1397,"level":"locality","shared":19,"links":0}},{"type":"Feature","geometry":{"type":"Point","coordinates":[11.175106,43.545728]},"properties":{"id":1437,"name":"Barberino Val d'Elsa","slug":"barberino-val-d-elsa","region":"Etruria Settentrionale","n":6,"date_min":-400,"date_max":-1,"lang":4,"langs":{"4":6},"alphabets":{"1":3,"2":1,"3":2},"parent":null,"level":"site","shared":1,"links":0}},{"type":"Feature","geometry":{"type":"Point","coordinates":[10.864228,43.411438]},"properties":{"id":1441,"name":"Necropoli del Portone, T d Flave","slug":"necropoli-del-portone-t-d-flave","region":"Etruria Settentrionale","n":6,"date_min":-400,"date_max":-1,"lang":4,"langs":{"4":6},"alphabets":{"1":1,"3":5},"parent":1438,"level":"tomb","shared":5,"links":0}},{"type":"Feature","geometry":{"type":"Point","coordinates":[10.874989,43.406145]},"properties":{"id":1444,"name":"Necropoli di Ulimeto: T Inghirami","slug":"necropoli-di-ulimeto-t-inghirami","region":"Etruria Settentrionale","n":6,"date_min":-400,"date_max":-1,"lang":4,"langs":{"4":6},"alphabets":{"1":5,"3":1},"parent":null,"level":"necropolis","shared":1,"links":0}},{"type":"Feature","geometry":{"type":"Point","coordinates":[16.466353,38.404129]},"properties":{"id":1471,"name":"Caulonia","slug":"caulonia","region":"Lucania et Bruttium","n":6,"date_min":-500,"date_max":-201,"lang":10,"langs":{"6":2,"10":4},"alphabets":{"20":1,"23":4},"parent":null,"level":"site","shared":1,"links":0}},{"type":"Feature","geometry":{"type":"Point","coordinates":[14.998115,37.285478]},"properties":{"id":1532,"name":"Leontini","slug":"leontini","region":"Sicily","n":6,"date_min":-500,"date_max":-401,"lang":6,"langs":{"6":6},"alphabets":{"20":1,"23":4,"24":1},"parent":null,"level":"site","shared":3,"links":0}},{"type":"Feature","geometry":{"type":"Point","coordinates":[14.108223,41.784299]},"properties":{"id":1575,"name":"Aufidena (Alfedena)","slug":"aufidena-alfedena","region":"Samnium","n":6,"date_min":-650,"date_max":-1,"lang":10,"langs":{"10":6},"alphabets":{"13":6},"parent":null,"level":"site","shared":1,"links":0}},{"type":"Feature","geometry":{"type":"Point","coordinates":[13.934227,42.244249]},"properties":{"id":1627,"name":"Interpromium (Castiglione a Casauria)","slug":"interpromium-castiglione-a-casauria","region":"Samnium","n":6,"date_min":-500,"date_max":-76,"lang":10,"langs":{"10":3,"11":3},"alphabets":{"6":3,"11":3},"parent":null,"level":"site","shared":1,"links":0}},{"type":"Feature","geometry":{"type":"Point","coordinates":[14.601121,41.431081]},"properties":{"id":1661,"name":"San Pietro di Cantoni","slug":"san-pietro-di-cantoni","region":"Samnium","n":6,"date_min":-650,"date_max":-1,"lang":10,"langs":{"10":6},"alphabets":{"13":6},"parent":null,"level":"site","shared":1,"links":0}},{"type":"Feature","geometry":{"type":"Point","coordinates":[10.373,45.279]},"properties":{"id":1728,"name":"Remedello","slug":"remedello","region":"Venetia et Histria","n":6,"date_min":-150,"date_max":-1,"lang":2,"langs":{"2":6},"alphabets":{"29":6},"parent":null,"level":"site","shared":1,"links":0}},{"type":"Feature","geometry":{"type":"Point","coordinates":[9.054,45.799]},"properties":{"id":1747,"name":"Breccia (Casate)","slug":"breccia-casate","region":"Transpadana","n":6,"date_min":-150,"date_max":-1,"lang":2,"langs":{"2":6},"alphabets":{"29":6},"parent":null,"level":"site","shared":1,"links":0}},{"type":"Feature","geometry":{"type":"Point","coordinates":[11.099,45.372]},"properties":{"id":1846,"name":"Santa Maria di Zevio (Mirandola)","slug":"santa-maria-di-zevio-mirandola","region":"Venetia et Histria","n":6,"date_min":-675,"date_max":25,"lang":2,"langs":{"2":6},"alphabets":{"6":3,"29":3},"parent":null,"level":"site","shared":1,"links":0}},{"type":"Feature","geometry":{"type":"Point","coordinates":[12.242061,45.666251]},"properties":{"id":1910,"name":"Tarvisium (Treviso)","slug":"tarvisium-treviso","region":"Venetia et Histria","n":6,"date_min":-600,"date_max":50,"lang":14,"langs":{"14":6},"alphabets":{"6":2,"18":3,"19":1},"parent":null,"level":"site","shared":2,"links":0}},{"type":"Feature","geometry":{"type":"Point","coordinates":[10.34899,46.021478]},"properties":{"id":1918,"name":"Foppe di Nadro","slug":"foppe-di-nadro","region":"Venetia et Histria","n":6,"date_min":-500,"date_max":-26,"lang":1,"langs":{"1":6},"alphabets":{"28":6},"parent":null,"level":"site","shared":1,"links":0}},{"type":"Feature","geometry":{"type":"Point","coordinates":[13.753926,41.427674]},"properties":{"id":46,"name":"Pignataro Interamna / Sucasina / Interamna Lirenas","slug":"pignataro-interamna-sucasina-interamna-lirenas","region":"Latium","n":5,"date_min":-300,"date_max":-1,"lang":7,"langs":{"7":5},"alphabets":{"6":5},"parent":null,"level":"site","shared":1,"links":0}},{"type":"Feature","geometry":{"type":"Point","coordinates":[13.841124,44.869567]},"properties":{"id":71,"name":"Pula / Pola","slug":"pula-pola","region":"Venetia et Histria","n":5,"date_min":-100,"date_max":-1,"lang":7,"langs":{"7":5},"alphabets":{"6":5},"parent":null,"level":"site","shared":1,"links":0}},{"type":"Feature","geometry":{"type":"Point","coordinates":[10.026149,45.133639]},"properties":{"id":94,"name":"Cremona","slug":"cremona","region":"Venetia et Histria","n":5,"date_min":-250,"date_max":-1,"lang":7,"langs":{"7":5},"alphabets":{"6":5},"parent":null,"level":"site","shared":1,"links":0}},{"type":"Feature","geometry":{"type":"Point","coordinates":[15.341247,41.251191]},"properties":{"id":105,"name":"Sant'Agata di Puglia / Vibinum","slug":"sant-agata-di-puglia-vibinum","region":"Apulia","n":5,"date_min":-100,"date_max":-1,"lang":7,"langs":{"7":5},"alphabets":{"6":5},"parent":null,"level":"site","shared":1,"links":0}},{"type":"Feature","geometry":{"type":"Point","coordinates":[12.710094,41.752172]},"properties":{"id":162,"name":"Cavo, Monte / Mons Albanus","slug":"cavo-monte-mons-albanus","region":"Latium","n":5,"date_min":-350,"date_max":-1,"lang":7,"langs":{"7":5},"alphabets":{"6":5},"parent":null,"level":"locality","shared":1,"links":0}},{"type":"Feature","geometry":{"type":"Point","coordinates":[12.658207,41.72885]},"properties":{"id":163,"name":"Albano Laziale / Albanum","slug":"albano-laziale-albanum","region":"Latium","n":5,"date_min":-425,"date_max":-1,"lang":7,"langs":{"7":5},"alphabets":{"6":5},"parent":null,"level":"site","shared":1,"links":0}},{"type":"Feature","geometry":{"type":"Point","coordinates":[9.012893,40.120875]},"properties":{"id":178,"name":"?","slug":"unnamed-sardinia","region":"Sardinia","n":5,"date_min":-75,"date_max":-1,"lang":7,"langs":{"7":5},"alphabets":{"6":5},"parent":null,"level":"site","shared":1,"links":0}},{"type":"Feature","geometry":{"type":"Point","coordinates":[15.592337,40.39484]},"properties":{"id":182,"name":"Sala Consilina / Cosilinum / Atina","slug":"sala-consilina-cosilinum-atina","region":"Lucania et Bruttium","n":5,"date_min":-325,"date_max":-1,"lang":7,"langs":{"7":3,"10":2},"alphabets":{"6":3,"23":2},"parent":null,"level":"site","shared":1,"links":0}},{"type":"Feature","geometry":{"type":"Point","coordinates":[15.285652,37.851792]},"properties":{"id":197,"name":"Taormina / Tauromenium","slug":"taormina-tauromenium","region":"Sicily","n":5,"date_min":-200,"date_max":-1,"lang":7,"langs":{"7":5},"alphabets":{"6":5},"parent":null,"level":"site","shared":1,"links":0}},{"type":"Feature","geometry":{"type":"Point","coordinates":[9.112851,39.216952]},"properties":{"id":204,"name":"Casteddu / Cagliari / Carales","slug":"casteddu-cagliari-carales","region":"Sardinia","n":5,"date_min":-150,"date_max":-1,"lang":7,"langs":{"7":5},"alphabets":{"6":5},"parent":null,"level":"site","shared":1,"links":0}},{"type":"Feature","geometry":{"type":"Point","coordinates":[13.299008,42.352111]},"properties":{"id":302,"name":"Sassa / Amiternum","slug":"sassa-amiternum","region":"Samnium","n":5,"date_min":-100,"date_max":-1,"lang":7,"langs":{"7":5},"alphabets":{"6":5},"parent":null,"level":"site","shared":1,"links":0}},{"type":"Feature","geometry":{"type":"Point","coordinates":[15.906914,40.285193]},"properties":{"id":321,"name":"Grumento Nova / Grumentum","slug":"grumento-nova-grumentum","region":"Lucania et Bruttium","n":5,"date_min":-225,"date_max":-26,"lang":7,"langs":{"7":4,"10":1},"alphabets":{"6":4,"23":1},"parent":null,"level":"site","shared":1,"links":0}},{"type":"Feature","geometry":{"type":"Point","coordinates":[13.065479,42.089047]},"properties":{"id":380,"name":"Carsoli / Carsioli","slug":"carsoli-carsioli","region":"Samnium","n":5,"date_min":-100,"date_max":-1,"lang":7,"langs":{"7":5},"alphabets":{"6":5},"parent":null,"level":"site","shared":1,"links":0}},{"type":"Feature","geometry":{"type":"Point","coordinates":[13.347985,42.29265]},"properties":{"id":384,"name":"Vado Lucoli / Amiternum","slug":"vado-lucoli-amiternum","region":"Samnium","n":5,"date_min":-75,"date_max":-1,"lang":7,"langs":{"7":5},"alphabets":{"6":5},"parent":null,"level":"site","shared":1,"links":0}},{"type":"Feature","geometry":{"type":"Point","coordinates":[13.915535,42.885144]},"properties":{"id":410,"name":"Martinsicuro / Truentum / Castrum Truentinum","slug":"martinsicuro-truentum-castrum-truentinum","region":"Picenum","n":5,"date_min":-200,"date_max":-1,"lang":7,"langs":{"7":5},"alphabets":{"6":5},"parent":null,"level":"site","shared":1,"links":0}},{"type":"Feature","geometry":{"type":"Point","coordinates":[14.26311,40.964613]},"properties":{"id":426,"name":"Sant'Arpino / Atella","slug":"sant-arpino-atella","region":"Campania","n":5,"date_min":-225,"date_max":-1,"lang":7,"langs":{"7":4,"10":1},"alphabets":{"6":4,"13":1},"parent":null,"level":"site","shared":1,"links":0}},{"type":"Feature","geometry":{"type":"Point","coordinates":[14.364282,41.178153]},"properties":{"id":444,"name":"Caiazzo / Caiatia","slug":"caiazzo-caiatia","region":"Campania","n":5,"date_min":-275,"date_max":-1,"lang":7,"langs":{"7":4,"10":1},"alphabets":{"6":5},"parent":null,"level":"site","shared":1,"links":0}},{"type":"Feature","geometry":{"type":"Point","coordinates":[9.721594,44.78529]},"properties":{"id":448,"name":"Velleia Romana / Veleia","slug":"velleia-romana-veleia","region":"Aemilia","n":5,"date_min":-100,"date_max":-1,"lang":7,"langs":{"7":5},"alphabets":{"6":5},"parent":null,"level":"site","shared":1,"links":0}},{"type":"Feature","geometry":{"type":"Point","coordinates":[12.441276,43.803909]},"properties":{"id":513,"name":"Macerata Feltria / Pitinum Pisaurense","slug":"macerata-feltria-pitinum-pisaurense","region":"Umbria","n":5,"date_min":-150,"date_max":-1,"lang":7,"langs":{"7":5},"alphabets":{"6":5},"parent":null,"level":"site","shared":1,"links":0}},{"type":"Feature","geometry":{"type":"Point","coordinates":[15.637325,38.019908]},"properties":{"id":524,"name":"Lazzaro / Leucopetra / Regium Iulium","slug":"lazzaro-leucopetra-regium-iulium","region":"Lucania et Bruttium","n":5,"date_min":-50,"date_max":-26,"lang":7,"langs":{"7":5},"alphabets":{"6":5},"parent":null,"level":"site","shared":1,"links":0}},{"type":"Feature","geometry":{"type":"Point","coordinates":[13.584902,41.886826]},"properties":{"id":573,"name":"Collelongo","slug":"collelongo","region":"Samnium","n":5,"date_min":-150,"date_max":-1,"lang":7,"langs":{"7":5},"alphabets":{"6":5},"parent":null,"level":"site","shared":1,"links":0}},{"type":"Feature","geometry":{"type":"Point","coordinates":[15.044561,38.142725]},"properties":{"id":592,"name":"Tindari / Tyndaris","slug":"tindari-tyndaris","region":"Sicily","n":5,"date_min":-300,"date_max":-1,"lang":7,"langs":{"7":5},"alphabets":{"6":5},"parent":null,"level":"site","shared":1,"links":0}},{"type":"Feature","geometry":{"type":"Point","coordinates":[13.352443,38.111227]},"properties":{"id":594,"name":"Palermo / Panhormus","slug":"palermo-panhormus","region":"Sicily","n":5,"date_min":-525,"date_max":-1,"lang":7,"langs":{"6":2,"7":3},"alphabets":{"6":2,"7":1,"20":2},"parent":null,"level":"site","shared":1,"links":0}},{"type":"Feature","geometry":{"type":"Point","coordinates":[14.183217,37.190067]},"properties":{"id":638,"name":"Butera / Omphake","slug":"butera-omphake","region":"Sicily","n":5,"date_min":-525,"date_max":-201,"lang":7,"langs":{"6":2,"7":3},"alphabets":{"6":3,"23":2},"parent":null,"level":"site","shared":1,"links":0}},{"type":"Feature","geometry":{"type":"Point","coordinates":[13.197536,37.967275]},"properties":{"id":647,"name":"San Cipirello / Iaitas","slug":"san-cipirello-iaitas","region":"Sicily","n":5,"date_min":-500,"date_max":-1,"lang":7,"langs":{"7":5},"alphabets":{"6":4,"7":1},"parent":1547,"level":"locality","shared":3,"links":0}},{"type":"Feature","geometry":{"type":"Point","coordinates":[14.658782,37.39793]},"properties":{"id":670,"name":"?","slug":"unnamed-sicily","region":"Sicily","n":5,"date_min":-500,"date_max":-76,"lang":7,"langs":{"7":5},"alphabets":{"6":4,"7":1},"parent":null,"level":"site","shared":1,"links":0}},{"type":"Feature","geometry":{"type":"Point","coordinates":[10.171649,36.79923]},"properties":{"id":726,"name":"Sidiben Tahila","slug":"sidiben-tahila","region":"Africa","n":5,"date_min":-100,"date_max":-1,"lang":4,"langs":{"4":5},"alphabets":{"8":5},"parent":null,"level":"site","shared":2,"links":0}},{"type":"Feature","geometry":{"type":"Point","coordinates":[11.498821,43.344419]},"properties":{"id":799,"name":"Castellnuovo Berardenga","slug":"castellnuovo-berardenga","region":"Etruria Settentrionale","n":5,"date_min":-400,"date_max":-1,"lang":4,"langs":{"4":5},"alphabets":{"2":1,"3":2,"5":2},"parent":null,"level":"site","shared":1,"links":0}},{"type":"Feature","geometry":{"type":"Point","coordinates":[10.88774,43.047518]},"properties":{"id":814,"name":"Massa Marittima","slug":"massa-marittima","region":"Etruria Settentrionale","n":5,"date_min":-550,"date_max":-76,"lang":4,"langs":{"4":5},"alphabets":{"1":4,"2":1},"parent":null,"level":"site","shared":1,"links":0}},{"type":"Feature","geometry":{"type":"Point","coordinates":[11.87028,42.419248]},"properties":{"id":836,"name":"Tuscania, T Curuna 2","slug":"tuscania-t-curuna-2","region":"Etruria Meridionale","n":5,"date_min":-325,"date_max":-1,"lang":4,"langs":{"4":5},"alphabets":{"1":2,"2":3},"parent":471,"level":"tomb","shared":16,"links":0}},{"type":"Feature","geometry":{"type":"Point","coordinates":[11.949703,42.99765]},"properties":{"id":888,"name":"Predio Gonzarelli","slug":"predio-gonzarelli","region":"Etruria Settentrionale","n":5,"date_min":-400,"date_max":-1,"lang":4,"langs":{"4":5},"alphabets":{"1":2,"3":2,"6":1},"parent":null,"level":"site","shared":1,"links":0}},{"type":"Feature","geometry":{"type":"Point","coordinates":[11.948447,43.01663]},"properties":{"id":903,"name":"La Boncia","slug":"la-boncia","region":"Etruria Settentrionale","n":5,"date_min":-400,"date_max":-1,"lang":4,"langs":{"4":5},"alphabets":{"1":1,"3":3,"5":1},"parent":null,"level":"site","shared":1,"links":0}},{"type":"Feature","geometry":{"type":"Point","coordinates":[11.897895,42.912739]},"properties":{"id":912,"name":"Camporsevoli","slug":"camporsevoli","region":"Etruria Settentrionale","n":5,"date_min":-500,"date_max":-101,"lang":4,"langs":{"4":5},"alphabets":{"3":4,"5":1},"parent":null,"level":"site","shared":1,"links":0}},{"type":"Feature","geometry":{"type":"Point","coordinates":[11.95148,42.998147]},"properties":{"id":925,"name":"La Fornace","slug":"la-fornace","region":"Etruria Settentrionale","n":5,"date_min":-200,"date_max":-101,"lang":4,"langs":{"4":5},"alphabets":{"3":5},"parent":null,"level":"site","shared":1,"links":0}},{"type":"Feature","geometry":{"type":"Point","coordinates":[11.947736,43.016515]},"properties":{"id":930,"name":"Casa Rossa","slug":"casa-rossa","region":"Etruria Settentrionale","n":5,"date_min":-400,"date_max":-1,"lang":4,"langs":{"4":5},"alphabets":{"1":2,"3":3},"parent":200,"level":"locality","shared":39,"links":0}},{"type":"Feature","geometry":{"type":"Point","coordinates":[11.956034,43.019989]},"properties":{"id":946,"name":"Le Torri","slug":"le-torri","region":"Etruria Settentrionale","n":5,"date_min":-400,"date_max":-1,"lang":4,"langs":{"4":5},"alphabets":{"1":1,"3":4},"parent":null,"level":"site","shared":1,"links":0}},{"type":"Feature","geometry":{"type":"Point","coordinates":[11.947736,43.016515]},"properties":{"id":947,"name":"S Benedetto","slug":"s-benedetto","region":"Etruria Settentrionale","n":5,"date_min":-400,"date_max":-1,"lang":4,"langs":{"4":5},"alphabets":{"1":5},"parent":200,"level":"locality","shared":39,"links":0}},{"type":"Feature","geometry":{"type":"Point","coordinates":[11.859619,43.022364]},"properties":{"id":965,"name":"Palazzo di Piero","slug":"palazzo-di-piero","region":"Etruria Settentrionale","n":5,"date_min":-400,"date_max":-1,"lang":4,"langs":{"4":5},"alphabets":{"1":3,"3":1,"6":1},"parent":null,"level":"site","shared":1,"links":0}},{"type":"Feature","geometry":{"type":"Point","coordinates":[11.947736,43.016515]},"properties":{"id":971,"name":"Poggio all'Abate","slug":"poggio-all-abate","region":"Etruria Settentrionale","n":5,"date_min":-400,"date_max":-1,"lang":4,"langs":{"4":5},"alphabets":{"3":4,"5":1},"parent":200,"level":"locality","shared":39,"links":0}},{"type":"Feature","geometry":{"type":"Point","coordinates":[12.13641,41.97058]},"properties":{"id":1041,"name":"Ceri","slug":"ceri","region":"Etruria Meridionale","n":5,"date_min":-650,"date_max":-1,"lang":4,"langs":{"4":5},"alphabets":{"1":3,"2":2},"parent":null,"level":"site","shared":1,"links":0}},{"type":"Feature","geometry":{"type":"Point","coordinates":[10.527909,43.910256]},"properties":{"id":1096,"name":"Ponte a Moriano","slug":"ponte-a-moriano","region":"Etruria Settentrionale","n":5,"date_min":-400,"date_max":-1,"lang":4,"langs":{"4":5},"alphabets":{"1":2,"3":3},"parent":null,"level":"site","shared":1,"links":0}},{"type":"Feature","geometry":{"type":"Point","coordinates":[10.543997,44.841447]},"properties":{"id":1119,"name":"Poviglio","slug":"poviglio","region":"Aemilia","n":5,"date_min":-500,"date_max":-276,"lang":4,"langs":{"4":5},"alphabets":{"2":1,"3":4},"parent":null,"level":"site","shared":1,"links":0}},{"type":"Feature","geometry":{"type":"Point","coordinates":[11.975587,42.930454]},"properties":{"id":1155,"name":"Ponticelli","slug":"ponticelli","region":"Etruria Settentrionale","n":5,"date_min":-400,"date_max":-1,"lang":4,"langs":{"4":5},"alphabets":{"1":2,"2":1,"3":2},"parent":null,"level":"site","shared":1,"links":0}},{"type":"Feature","geometry":{"type":"Point","coordinates":[12.376455,43.114665]},"properties":{"id":1156,"name":"S Galigano","slug":"s-galigano","region":"Etruria Settentrionale","n":5,"date_min":-400,"date_max":-1,"lang":4,"langs":{"4":5},"alphabets":{"2":1,"3":3,"5":1},"parent":null,"level":"site","shared":1,"links":0}},{"type":"Feature","geometry":{"type":"Point","coordinates":[12.304523,43.087043]},"properties":{"id":1185,"name":"S Mariano","slug":"s-mariano","region":"Etruria Settentrionale","n":5,"date_min":-400,"date_max":-1,"lang":4,"langs":{"4":5},"alphabets":{"1":1,"2":1,"3":3},"parent":null,"level":"site","shared":1,"links":0}},{"type":"Feature","geometry":{"type":"Point","coordinates":[12.349406,43.200649]},"properties":{"id":1196,"name":"Monte Tezio","slug":"monte-tezio","region":"Etruria Settentrionale","n":5,"date_min":-400,"date_max":-1,"lang":4,"langs":{"4":5},"alphabets":{"1":1,"3":4},"parent":null,"level":"site","shared":1,"links":0}},{"type":"Feature","geometry":{"type":"Point","coordinates":[10.500622,42.992883]},"properties":{"id":1219,"name":"Porto di Baratti","slug":"porto-di-baratti","region":"Etruria Settentrionale","n":5,"date_min":-400,"date_max":-201,"lang":4,"langs":{"4":5},"alphabets":{"1":3,"2":1,"3":1},"parent":null,"level":"site","shared":1,"links":0}},{"type":"Feature","geometry":{"type":"Point","coordinates":[11.770142,42.249719]},"properties":{"id":1256,"name":"Monterozzi, Villa Tarantola - Tombe Querciola","slug":"monterozzi-villa-tarantola-tombe-querciola","region":"Etruria Meridionale","n":5,"date_min":-400,"date_max":-1,"lang":4,"langs":{"4":5},"alphabets":{"2":5},"parent":1968,"level":"locality","shared":42,"links":0}},{"type":"Feature","geometry":{"type":"Point","coordinates":[11.829344,42.520847]},"properties":{"id":1320,"name":"Piansano","slug":"piansano","region":"Etruria Meridionale","n":5,"date_min":-400,"date_max":-1,"lang":4,"langs":{"4":5},"alphabets":{"1":1,"2":4},"parent":null,"level":"site","shared":1,"links":0}},{"type":"Feature","geometry":{"type":"Point","coordinates":[11.632315,42.429736]},"properties":{"id":1329,"name":"Ponte dell'Abbadia","slug":"ponte-dell-abbadia","region":"Etruria Meridionale","n":5,"date_min":-625,"date_max":-101,"lang":4,"langs":{"4":5},"alphabets":{"2":4,"3":1},"parent":null,"level":"site","shared":1,"links":0}},{"type":"Feature","geometry":{"type":"Point","coordinates":[12.008144,42.252311]},"properties":{"id":1346,"name":"Formello","slug":"formello","region":"Etruria Meridionale","n":5,"date_min":-650,"date_max":-576,"lang":4,"langs":{"4":5},"alphabets":{"2":3,"4":2},"parent":null,"level":"site","shared":1,"links":0}},{"type":"Feature","geometry":{"type":"Point","coordinates":[12.145938,42.516248]},"properties":{"id":1390,"name":"Pianale","slug":"pianale","region":"Etruria Meridionale","n":5,"date_min":-400,"date_max":-1,"lang":4,"langs":{"4":5},"alphabets":{"1":2,"2":3},"parent":null,"level":"site","shared":1,"links":0}},{"type":"Feature","geometry":{"type":"Point","coordinates":[12.090148,42.627076]},"properties":{"id":1401,"name":"Bagnoregio","slug":"bagnoregio","region":"Etruria Meridionale","n":5,"date_min":-400,"date_max":-1,"lang":4,"langs":{"4":5},"alphabets":{"1":2,"2":3},"parent":null,"level":"site","shared":1,"links":0}},{"type":"Feature","geometry":{"type":"Point","coordinates":[17.834012,40.417295]},"properties":{"id":1473,"name":"San Pancrazio Salentino","slug":"san-pancrazio-salentino","region":"Messapia","n":5,"date_min":-600,"date_max":-1,"lang":9,"langs":{"6":2,"9":3},"alphabets":{"17":3,"20":2},"parent":null,"level":"site","shared":1,"links":0}},{"type":"Feature","geometry":{"type":"Point","coordinates":[16.389532,39.822519]},"properties":{"id":1481,"name":"Francavilla Marittima","slug":"francavilla-marittima","region":"Lucania et Bruttium","n":5,"date_min":-625,"date_max":-376,"lang":6,"langs":{"6":5},"alphabets":{"20":5},"parent":null,"level":"site","shared":1,"links":0}},{"type":"Feature","geometry":{"type":"Point","coordinates":[14.595036,37.782709]},"properties":{"id":1551,"name":"Troina","slug":"troina","region":"Sicily","n":5,"date_min":-400,"date_max":-201,"lang":6,"langs":{"6":5},"alphabets":{"23":3,"24":2},"parent":null,"level":"site","shared":1,"links":0}},{"type":"Feature","geometry":{"type":"Point","coordinates":[14.622856,37.234792]},"properties":{"id":1552,"name":"Terravecchia di Grammichele","slug":"terravecchia-di-grammichele","region":"Sicily","n":5,"date_min":-525,"date_max":-401,"lang":6,"langs":{"6":5},"alphabets":{"23":4,"24":1},"parent":null,"level":"site","shared":1,"links":0}},{"type":"Feature","geometry":{"type":"Point","coordinates":[14.383333,42.033333]},"properties":{"id":1645,"name":"Pallanum? (Monte Pallano)","slug":"pallanum-monte-pallano","region":"Samnium","n":5,"date_min":-650,"date_max":-1,"lang":10,"langs":{"10":5},"alphabets":{"13":4,"16":1},"parent":null,"level":"site","shared":1,"links":0}},{"type":"Feature","geometry":{"type":"Point","coordinates":[9.887,45.871]},"properties":{"id":1709,"name":"Parre Castello","slug":"parre-castello","region":"Transpadana","n":5,"date_min":-525,"date_max":-301,"lang":2,"langs":{"2":5},"alphabets":{"29":5},"parent":null,"level":"site","shared":1,"links":0}},{"type":"Feature","geometry":{"type":"Point","coordinates":[9.677,45.496]},"properties":{"id":1713,"name":"Fornovo San Giovani (Brolo)","slug":"fornovo-san-giovani-brolo","region":"Transpadana","n":5,"date_min":-325,"date_max":-51,"lang":2,"langs":{"2":5},"alphabets":{"29":5},"parent":null,"level":"site","shared":1,"links":0}},{"type":"Feature","geometry":{"type":"Point","coordinates":[9.057,45.801]},"properties":{"id":1744,"name":"Prestino","slug":"prestino","region":"Transpadana","n":5,"date_min":-675,"date_max":25,"lang":2,"langs":{"2":5},"alphabets":{"29":5},"parent":null,"level":"site","shared":1,"links":0}},{"type":"Feature","geometry":{"type":"Point","coordinates":[9.063,45.8]},"properties":{"id":1745,"name":"Prestino (Via Isonzo-La Pesa)","slug":"prestino-via-isonzo-la-pesa","region":"Transpadana","n":5,"date_min":-675,"date_max":25,"lang":2,"langs":{"2":5},"alphabets":{"29":5},"parent":null,"level":"site","shared":1,"links":0}},{"type":"Feature","geometry":{"type":"Point","coordinates":[9.185,45.464]},"properties":{"id":1769,"name":"Milano (Via Moneta)","slug":"milano-via-moneta","region":"Transpadana","n":5,"date_min":-375,"date_max":-51,"lang":2,"langs":{"2":5},"alphabets":{"29":5},"parent":null,"level":"site","shared":1,"links":0}},{"type":"Feature","geometry":{"type":"Point","coordinates":[12.408,42.78]},"properties":{"id":1796,"name":"Todi (Mausoleo)","slug":"todi-mausoleo","region":"Umbria","n":5,"date_min":-425,"date_max":-1,"lang":2,"langs":{"2":5},"alphabets":{"1":1,"29":4},"parent":null,"level":"site","shared":1,"links":0}},{"type":"Feature","geometry":{"type":"Point","coordinates":[8.778,46.17]},"properties":{"id":1807,"name":"Locarno (Solduno necropolis)","slug":"locarno-solduno-necropolis","region":"Transpadana","n":5,"date_min":-150,"date_max":-1,"lang":2,"langs":{"2":5},"alphabets":{"29":5},"parent":null,"level":"necropolis","shared":1,"links":0}},{"type":"Feature","geometry":{"type":"Point","coordinates":[8.723,45.68]},"properties":{"id":1827,"name":"Somma Lombardo (Via Soragana)","slug":"somma-lombardo-via-soragana","region":"Transpadana","n":5,"date_min":-175,"date_max":-1,"lang":2,"langs":{"2":5},"alphabets":{"29":5},"parent":null,"level":"site","shared":1,"links":0}},{"type":"Feature","geometry":{"type":"Point","coordinates":[8.508,45.884]},"properties":{"id":1843,"name":"Stresa (Levo)","slug":"stresa-levo","region":"Transpadana","n":5,"date_min":-125,"date_max":50,"lang":2,"langs":{"2":5},"alphabets":{"6":5},"parent":null,"level":"site","shared":1,"links":0}},{"type":"Feature","geometry":{"type":"Point","coordinates":[11.11,45.371]},"properties":{"id":1847,"name":"Santa Maria di Zevio (Fenil Novo)","slug":"santa-maria-di-zevio-fenil-novo","region":"Venetia et Histria","n":5,"date_min":-150,"date_max":-1,"lang":2,"langs":{"2":5},"alphabets":{"29":2},"parent":null,"level":"site","shared":1,"links":0}},{"type":"Feature","geometry":{"type":"Point","coordinates":[16.412348,40.819597]},"properties":{"id":1888,"name":"Silvium (Gravina in Puglia)","slug":"silvium-gravina-in-puglia","region":"Apulia","n":5,"date_min":-600,"date_max":-201,"lang":9,"langs":{"9":5},"alphabets":{"17":5},"parent":null,"level":"site","shared":1,"links":0}},{"type":"Feature","geometry":{"type":"Point","coordinates":[11.222,46.175]},"properties":{"id":1926,"name":"Cembra (Trento)","slug":"cembra-trento","region":"Venetia et Histria","n":5,"date_min":-400,"date_max":-301,"lang":12,"langs":{"12":5},"alphabets":{"26":1,"27":4},"parent":null,"level":"site","shared":1,"links":0}},{"type":"Feature","geometry":{"type":"Point","coordinates":[11.366,45.569]},"properties":{"id":1953,"name":"Trissino","slug":"trissino","region":"Venetia et Histria","n":5,"date_min":-125,"date_max":-76,"lang":12,"langs":{"12":5},"alphabets":{"25":4},"parent":null,"level":"site","shared":1,"links":0}},{"type":"Feature","geometry":{"type":"Point","coordinates":[13.667333,43.419836]},"properties":{"id":59,"name":"Porto Recanati / Potentia","slug":"porto-recanati-potentia","region":"Picenum","n":4,"date_min":-200,"date_max":-1,"lang":7,"langs":{"7":4},"alphabets":{"6":4},"parent":null,"level":"site","shared":1,"links":0}},{"type":"Feature","geometry":{"type":"Point","coordinates":[15.486234,40.753047]},"properties":{"id":64,"name":"Muro Lucano / Numistro","slug":"muro-lucano-numistro","region":"Lucania et Bruttium","n":4,"date_min":-300,"date_max":-1,"lang":7,"langs":{"7":2,"10":2},"alphabets":{"6":2,"21":1,"23":1},"parent":null,"level":"site","shared":1,"links":0}},{"type":"Feature","geometry":{"type":"Point","coordinates":[13.730491,45.547955]},"properties":{"id":73,"name":"Koper / Capodistria / Aegida","slug":"koper-capodistria-aegida","region":"Venetia et Histria","n":4,"date_min":-50,"date_max":-1,"lang":7,"langs":{"7":4},"alphabets":{"6":4},"parent":null,"level":"site","shared":1,"links":0}},{"type":"Feature","geometry":{"type":"Point","coordinates":[11.540277,45.545773]},"properties":{"id":88,"name":"Vicenza / Vicetia","slug":"vicenza-vicetia","region":"Venetia et Histria","n":4,"date_min":-600,"date_max":-1,"lang":14,"langs":{"7":1,"14":3},"alphabets":{"6":1,"18":3},"parent":null,"level":"site","shared":2,"links":0}},{"type":"Feature","geometry":{"type":"Point","coordinates":[10.223135,45.539773]},"properties":{"id":96,"name":"Brescia / Brixia","slug":"brescia-brixia","region":"Venetia et Histria","n":4,"date_min":-100,"date_max":-1,"lang":7,"langs":{"7":4},"alphabets":{"6":4},"parent":null,"level":"site","shared":1,"links":0}},{"type":"Feature","geometry":{"type":"Point","coordinates":[13.83803,42.065392]},"properties":{"id":124,"name":"Prezza / Lavernae","slug":"prezza-lavernae","region":"Samnium","n":4,"date_min":-100,"date_max":-1,"lang":7,"langs":{"7":4},"alphabets":{"6":4},"parent":null,"level":"site","shared":1,"links":0}},{"type":"Feature","geometry":{"type":"Point","coordinates":[12.125894,44.188234]},"properties":{"id":186,"name":"Polla / Forum Popilii","slug":"polla-forum-popilii","region":"Aemilia","n":4,"date_min":-150,"date_max":-126,"lang":7,"langs":{"7":4},"alphabets":{"6":4},"parent":null,"level":"site","shared":1,"links":0}},{"type":"Feature","geometry":{"type":"Point","coordinates":[13.932224,41.238254]},"properties":{"id":201,"name":"Sessa Aurunca / Suessa Aurunca","slug":"sessa-aurunca-suessa-aurunca","region":"Campania","n":4,"date_min":-100,"date_max":-1,"lang":7,"langs":{"7":4},"alphabets":{"6":4},"parent":null,"level":"site","shared":1,"links":0}},{"type":"Feature","geometry":{"type":"Point","coordinates":[11.504827,42.666255]},"properties":{"id":251,"name":"Saturnia","slug":"saturnia","region":"Etruria Settentrionale","n":4,"date_min":-600,"date_max":-51,"lang":4,"langs":{"4":3,"7":1},"alphabets":{"2":3,"6":1},"parent":null,"level":"site","shared":1,"links":0}},{"type":"Feature","geometry":{"type":"Point","coordinates":[13.84483,41.15229]},"properties":{"id":258,"name":"Torre San Limato / Sinuessa","slug":"torre-san-limato-sinuessa","region":"Campania","n":4,"date_min":-175,"date_max":-1,"lang":7,"langs":{"7":4},"alphabets":{"6":4},"parent":null,"level":"site","shared":1,"links":0}},{"type":"Feature","geometry":{"type":"Point","coordinates":[13.470296,42.359661]},"properties":{"id":277,"name":"Paganica / Vicus Fificulanus","slug":"paganica-vicus-fificulanus","region":"Samnium","n":4,"date_min":-200,"date_max":-1,"lang":7,"langs":{"7":4},"alphabets":{"6":4},"parent":null,"level":"site","shared":1,"links":0}},{"type":"Feature","geometry":{"type":"Point","coordinates":[13.232189,42.455168]},"properties":{"id":298,"name":"Cagnano Amiterno / Amiternum","slug":"cagnano-amiterno-amiternum","region":"Samnium","n":4,"date_min":-100,"date_max":-1,"lang":7,"langs":{"7":4},"alphabets":{"6":4},"parent":null,"level":"site","shared":1,"links":0}},{"type":"Feature","geometry":{"type":"Point","coordinates":[13.068764,43.140369]},"properties":{"id":314,"name":"Camerino / Camerinum","slug":"camerino-camerinum","region":"Umbria","n":4,"date_min":-250,"date_max":-1,"lang":7,"langs":{"7":4},"alphabets":{"6":4},"parent":null,"level":"site","shared":1,"links":0}},{"type":"Feature","geometry":{"type":"Point","coordinates":[14.260873,41.227974]},"properties":{"id":354,"name":"Treglia / Trebula Balliensis","slug":"treglia-trebula-balliensis","region":"Campania","n":4,"date_min":-250,"date_max":-26,"lang":7,"langs":{"7":2,"10":2},"alphabets":{"6":2,"13":2},"parent":null,"level":"site","shared":1,"links":0}},{"type":"Feature","geometry":{"type":"Point","coordinates":[13.927488,42.457647]},"properties":{"id":373,"name":"Penne / Pinna Vestina / Pinna","slug":"penne-pinna-vestina-pinna","region":"Picenum","n":4,"date_min":-225,"date_max":-1,"lang":7,"langs":{"7":3,"10":1},"alphabets":{"6":4},"parent":null,"level":"site","shared":1,"links":0}},{"type":"Feature","geometry":{"type":"Point","coordinates":[13.768448,42.267397]},"properties":{"id":374,"name":"Capestrano / Aufinum","slug":"capestrano-aufinum","region":"Samnium","n":4,"date_min":-100,"date_max":-1,"lang":7,"langs":{"7":4},"alphabets":{"6":4},"parent":null,"level":"site","shared":1,"links":0}},{"type":"Feature","geometry":{"type":"Point","coordinates":[13.638293,42.583142]},"properties":{"id":406,"name":"Montorio al Vomano / Interamnia Praetuttiorum","slug":"montorio-al-vomano-interamnia-praetuttiorum","region":"Picenum","n":4,"date_min":-200,"date_max":-26,"lang":7,"langs":{"7":4},"alphabets":{"6":4},"parent":null,"level":"site","shared":1,"links":0}},{"type":"Feature","geometry":{"type":"Point","coordinates":[13.904355,42.91371]},"properties":{"id":428,"name":"Corropoli / Truentum / Castrum Truentinum","slug":"corropoli-truentum-castrum-truentinum","region":"Picenum","n":4,"date_min":-100,"date_max":-76,"lang":7,"langs":{"7":4},"alphabets":{"6":4},"parent":null,"level":"site","shared":1,"links":0}},{"type":"Feature","geometry":{"type":"Point","coordinates":[12.547028,41.609389]},"properties":{"id":438,"name":"Ardea / Contrada Casalinaccio","slug":"ardea-contrada-casalinaccio","region":"Latium","n":4,"date_min":-475,"date_max":-1,"lang":7,"langs":{"4":1,"5":1,"7":2},"alphabets":{"3":1,"6":2,"9":1},"parent":null,"level":"site","shared":1,"links":0}},{"type":"Feature","geometry":{"type":"Point","coordinates":[14.327125,41.251934]},"properties":{"id":445,"name":"Alvignano / Cubulteria","slug":"alvignano-cubulteria","region":"Campania","n":4,"date_min":-275,"date_max":-1,"lang":7,"langs":{"7":3,"10":1},"alphabets":{"6":3,"13":1},"parent":null,"level":"site","shared":1,"links":0}},{"type":"Feature","geometry":{"type":"Point","coordinates":[12.61368,42.32876]},"properties":{"id":463,"name":"Fornovo di Taro / Forum Novum","slug":"fornovo-di-taro-forum-novum","region":"Samnium","n":4,"date_min":-650,"date_max":-26,"lang":13,"langs":{"7":1,"13":3},"alphabets":{"6":2,"10":2},"parent":null,"level":"site","shared":1,"links":0}},{"type":"Feature","geometry":{"type":"Point","coordinates":[13.609876,41.648422]},"properties":{"id":466,"name":"Arpino / Arpinum","slug":"arpino-arpinum","region":"Latium","n":4,"date_min":-200,"date_max":-1,"lang":7,"langs":{"7":4},"alphabets":{"6":4},"parent":null,"level":"site","shared":1,"links":0}},{"type":"Feature","geometry":{"type":"Point","coordinates":[13.011553,43.255092]},"properties":{"id":506,"name":"Matelica / Matilica","slug":"matelica-matilica","region":"Umbria","n":4,"date_min":-100,"date_max":-1,"lang":7,"langs":{"7":4},"alphabets":{"6":4},"parent":null,"level":"site","shared":1,"links":0}},{"type":"Feature","geometry":{"type":"Point","coordinates":[11.25564,43.769796]},"properties":{"id":529,"name":"Firenze / Florentia","slug":"firenze-florentia","region":"Etruria Settentrionale","n":4,"date_min":-300,"date_max":-26,"lang":7,"langs":{"7":4},"alphabets":{"6":4},"parent":null,"level":"site","shared":1,"links":0}},{"type":"Feature","geometry":{"type":"Point","coordinates":[13.039387,42.049225]},"properties":{"id":597,"name":"Oricola / Carsioli","slug":"oricola-carsioli","region":"Samnium","n":4,"date_min":-100,"date_max":-1,"lang":7,"langs":{"7":4},"alphabets":{"6":4},"parent":null,"level":"site","shared":1,"links":0}},{"type":"Feature","geometry":{"type":"Point","coordinates":[9.571774,46.610042]},"properties":{"id":599,"name":"Parsonz / Riom-Parsonz","slug":"parsonz-riom-parsonz","region":"Raetia","n":4,"date_min":-25,"date_max":-1,"lang":7,"langs":{"7":4},"alphabets":{"6":4},"parent":null,"level":"site","shared":1,"links":0}},{"type":"Feature","geometry":{"type":"Point","coordinates":[14.833367,37.661966]},"properties":{"id":653,"name":"Adrano / Aderno / Hadranum","slug":"adrano-aderno-hadranum","region":"Sicily","n":4,"date_min":-400,"date_max":-176,"lang":6,"langs":{"6":3,"7":1},"alphabets":{"6":1,"23":2,"24":1},"parent":null,"level":"site","shared":1,"links":0}},{"type":"Feature","geometry":{"type":"Point","coordinates":[14.998115,37.285478]},"properties":{"id":658,"name":"Lentini / Leontinoi","slug":"lentini-leontinoi","region":"Sicily","n":4,"date_min":-550,"date_max":-451,"lang":7,"langs":{"7":4},"alphabets":{"7":4},"parent":1532,"level":"locality","shared":3,"links":0}},{"type":"Feature","geometry":{"type":"Point","coordinates":[11.792133,45.045296]},"properties":{"id":723,"name":"Retratto","slug":"retratto","region":"Venetia et Histria","n":4,"date_min":-400,"date_max":-1,"lang":4,"langs":{"4":4},"alphabets":{"1":1,"3":3},"parent":null,"level":"site","shared":1,"links":0}},{"type":"Feature","geometry":{"type":"Point","coordinates":[11.744614,43.272955]},"properties":{"id":747,"name":"Lucignano","slug":"lucignano","region":"Etruria Settentrionale","n":4,"date_min":-700,"date_max":-1,"lang":4,"langs":{"4":4},"alphabets":{"3":4},"parent":null,"level":"site","shared":1,"links":0}},{"type":"Feature","geometry":{"type":"Point","coordinates":[11.822388,43.145344]},"properties":{"id":800,"name":"Abbadia","slug":"abbadia","region":"Etruria Settentrionale","n":4,"date_min":-400,"date_max":-1,"lang":4,"langs":{"4":4},"alphabets":{"1":2,"2":1,"3":1},"parent":null,"level":"site","shared":1,"links":0}},{"type":"Feature","geometry":{"type":"Point","coordinates":[11.604745,43.287491]},"properties":{"id":802,"name":"Rapolano","slug":"rapolano","region":"Etruria Settentrionale","n":4,"date_min":-400,"date_max":-1,"lang":4,"langs":{"4":4},"alphabets":{"1":1,"3":2,"5":1},"parent":null,"level":"site","shared":1,"links":0}},{"type":"Feature","geometry":{"type":"Point","coordinates":[11.561532,43.233376]},"properties":{"id":803,"name":"Asciano","slug":"asciano","region":"Etruria Settentrionale","n":4,"date_min":-400,"date_max":-1,"lang":4,"langs":{"4":4},"alphabets":{"1":1,"3":3},"parent":null,"level":"site","shared":2,"links":0}},{"type":"Feature","geometry":{"type":"Point","coordinates":[11.421713,43.229529]},"properties":{"id":808,"name":"Monteroni d'Arbia","slug":"monteroni-d-arbia","region":"Etruria Settentrionale","n":4,"date_min":-400,"date_max":-1,"lang":4,"langs":{"4":4},"alphabets":{"1":1,"3":3},"parent":null,"level":"site","shared":1,"links":0}},{"type":"Feature","geometry":{"type":"Point","coordinates":[11.88627,42.424413]},"properties":{"id":843,"name":"Tuscania, Pian di Mola","slug":"tuscania-pian-di-mola","region":"Etruria Meridionale","n":4,"date_min":-225,"date_max":-1,"lang":4,"langs":{"4":4},"alphabets":{"1":1,"2":3},"parent":null,"level":"locality","shared":1,"links":0}},{"type":"Feature","geometry":{"type":"Point","coordinates":[11.87028,42.419248]},"properties":{"id":848,"name":"Tuscania, Collina d'Arcione","slug":"tuscania-collina-d-arcione","region":"Etruria Meridionale","n":4,"date_min":-400,"date_max":-1,"lang":4,"langs":{"4":4},"alphabets":{"1":2,"2":2},"parent":471,"level":"locality","shared":16,"links":0}},{"type":"Feature","geometry":{"type":"Point","coordinates":[11.868556,42.416728]},"properties":{"id":850,"name":"Bisenzio","slug":"bisenzio","region":"Etruria Meridionale","n":4,"date_min":-525,"date_max":-476,"lang":4,"langs":{"4":4},"alphabets":{"2":4},"parent":null,"level":"site","shared":1,"links":0}},{"type":"Feature","geometry":{"type":"Point","coordinates":[11.713704,42.682571]},"properties":{"id":862,"name":"Poggio Grezzano","slug":"poggio-grezzano","region":"Etruria Settentrionale","n":4,"date_min":-300,"date_max":-151,"lang":4,"langs":{"4":4},"alphabets":{"1":2,"2":2},"parent":null,"level":"site","shared":2,"links":0}},{"type":"Feature","geometry":{"type":"Point","coordinates":[11.342686,42.536242]},"properties":{"id":863,"name":"Marsiliana d'Albegna","slug":"marsiliana-d-albegna","region":"Etruria Settentrionale","n":4,"date_min":-700,"date_max":-601,"lang":4,"langs":{"4":4},"alphabets":{"1":1,"2":1,"4":1,"5":1},"parent":null,"level":"site","shared":1,"links":0}},{"type":"Feature","geometry":{"type":"Point","coordinates":[11.947736,43.016515]},"properties":{"id":882,"name":"Poggio Montollo","slug":"poggio-montollo","region":"Etruria Settentrionale","n":4,"date_min":-200,"date_max":-1,"lang":4,"langs":{"4":4},"alphabets":{"2":1,"3":1,"6":2},"parent":200,"level":"locality","shared":39,"links":0}},{"type":"Feature","geometry":{"type":"Point","coordinates":[11.947736,43.016515]},"properties":{"id":907,"name":"Le Macchie","slug":"le-macchie","region":"Etruria Settentrionale","n":4,"date_min":-400,"date_max":-1,"lang":4,"langs":{"4":4},"alphabets":{"1":3,"2":1},"parent":200,"level":"locality","shared":39,"links":0}},{"type":"Feature","geometry":{"type":"Point","coordinates":[11.947736,43.016515]},"properties":{"id":934,"name":"Fossigliano","slug":"fossigliano","region":"Etruria Settentrionale","n":4,"date_min":-200,"date_max":-101,"lang":4,"langs":{"4":4},"alphabets":{"1":3,"3":1},"parent":200,"level":"locality","shared":39,"links":0}},{"type":"Feature","geometry":{"type":"Point","coordinates":[12.363572,43.025493]},"properties":{"id":942,"name":"Ranocchiaio","slug":"ranocchiaio","region":"Etruria Settentrionale","n":4,"date_min":-400,"date_max":-1,"lang":4,"langs":{"4":4},"alphabets":{"1":4},"parent":null,"level":"site","shared":1,"links":0}},{"type":"Feature","geometry":{"type":"Point","coordinates":[12.056443,42.878601]},"properties":{"id":953,"name":"Carnaiola","slug":"carnaiola","region":"Etruria Settentrionale","n":4,"date_min":-400,"date_max":-1,"lang":4,"langs":{"4":4},"alphabets":{"1":1,"3":2,"5":1},"parent":null,"level":"site","shared":1,"links":0}},{"type":"Feature","geometry":{"type":"Point","coordinates":[11.960075,43.022732]},"properties":{"id":960,"name":"Madonna di Riguardo","slug":"madonna-di-riguardo","region":"Etruria Settentrionale","n":4,"date_min":-400,"date_max":-1,"lang":4,"langs":{"4":4},"alphabets":{"1":1,"2":1,"3":2},"parent":null,"level":"site","shared":1,"links":0}},{"type":"Feature","geometry":{"type":"Point","coordinates":[11.947736,43.016515]},"properties":{"id":963,"name":"Solaia","slug":"solaia","region":"Etruria Settentrionale","n":4,"date_min":-400,"date_max":-1,"lang":4,"langs":{"4":4},"alphabets":{"1":2,"3":2},"parent":200,"level":"locality","shared":39,"links":0}},{"type":"Feature","geometry":{"type":"Point","coordinates":[14.430064,40.659777]},"properties":{"id":981,"name":"Vico Equense","slug":"vico-equense","region":"Campania","n":4,"date_min":-575,"date_max":-301,"lang":4,"langs":{"4":4},"alphabets":{"1":2,"2":2},"parent":null,"level":"site","shared":1,"links":0}},{"type":"Feature","geometry":{"type":"Point","coordinates":[12.100934,42.005486]},"properties":{"id":1014,"name":"Banditaccia, T d Alcova","slug":"banditaccia-t-d-alcova","region":"Etruria Meridionale","n":4,"date_min":-400,"date_max":-1,"lang":4,"langs":{"4":4},"alphabets":{"1":1,"2":2,"5":1},"parent":1008,"level":"tomb","shared":15,"links":0}},{"type":"Feature","geometry":{"type":"Point","coordinates":[11.835324,42.060435]},"properties":{"id":1036,"name":"Castellina","slug":"castellina","region":"Etruria Meridionale","n":4,"date_min":-525,"date_max":-401,"lang":4,"langs":{"4":4},"alphabets":{"2":4},"parent":null,"level":"site","shared":2,"links":0}},{"type":"Feature","geometry":{"type":"Point","coordinates":[12.098533,41.998607]},"properties":{"id":1045,"name":"S Antonio","slug":"s-antonio","region":"Etruria Meridionale","n":4,"date_min":-500,"date_max":-1,"lang":4,"langs":{"4":4},"alphabets":{"1":1,"2":3},"parent":null,"level":"site","shared":1,"links":0}},{"type":"Feature","geometry":{"type":"Point","coordinates":[11.036,43.782111]},"properties":{"id":1076,"name":"Artimino","slug":"artimino","region":"Etruria Settentrionale","n":4,"date_min":-625,"date_max":-276,"lang":4,"langs":{"4":4},"alphabets":{"3":4},"parent":null,"level":"site","shared":1,"links":0}},{"type":"Feature","geometry":{"type":"Point","coordinates":[10.336685,43.87123]},"properties":{"id":1103,"name":"Massarosa","slug":"massarosa","region":"Etruria Settentrionale","n":4,"date_min":-625,"date_max":-476,"lang":4,"langs":{"4":4},"alphabets":{"1":2,"2":1,"3":1},"parent":null,"level":"site","shared":1,"links":0}},{"type":"Feature","geometry":{"type":"Point","coordinates":[10.422741,44.625111]},"properties":{"id":1116,"name":"S Polo d'Enza","slug":"s-polo-d-enza","region":"Aemilia","n":4,"date_min":-500,"date_max":-401,"lang":4,"langs":{"4":4},"alphabets":{"1":2,"3":2},"parent":null,"level":"site","shared":1,"links":0}},{"type":"Feature","geometry":{"type":"Point","coordinates":[10.950714,45.135102]},"properties":{"id":1123,"name":"Roncoferraro","slug":"roncoferraro","region":"Venetia et Histria","n":4,"date_min":-500,"date_max":-201,"lang":4,"langs":{"4":4},"alphabets":{"1":1,"3":3},"parent":null,"level":"site","shared":1,"links":0}},{"type":"Feature","geometry":{"type":"Point","coordinates":[12.704274,43.461063]},"properties":{"id":1144,"name":"Frontone","slug":"frontone","region":"Umbria","n":4,"date_min":-400,"date_max":-1,"lang":4,"langs":{"4":4},"alphabets":{"1":3,"3":1},"parent":null,"level":"site","shared":1,"links":0}},{"type":"Feature","geometry":{"type":"Point","coordinates":[12.753228,42.723027]},"properties":{"id":1152,"name":"Monteluce","slug":"monteluce","region":"Umbria","n":4,"date_min":-400,"date_max":-1,"lang":4,"langs":{"4":4},"alphabets":{"1":2,"3":1,"5":1},"parent":null,"level":"site","shared":1,"links":0}},{"type":"Feature","geometry":{"type":"Point","coordinates":[12.411681,43.075197]},"properties":{"id":1166,"name":"Monte Corneo","slug":"monte-corneo","region":"Etruria Settentrionale","n":4,"date_min":-400,"date_max":-1,"lang":4,"langs":{"4":4},"alphabets":{"3":4},"parent":null,"level":"site","shared":1,"links":0}},{"type":"Feature","geometry":{"type":"Point","coordinates":[12.378288,43.124207]},"properties":{"id":1169,"name":"S Caterina Vecchia","slug":"s-caterina-vecchia","region":"Etruria Settentrionale","n":4,"date_min":-450,"date_max":-1,"lang":4,"langs":{"4":4},"alphabets":{"2":1,"3":2,"5":1},"parent":null,"level":"site","shared":1,"links":0}},{"type":"Feature","geometry":{"type":"Point","coordinates":[12.785906,42.981137]},"properties":{"id":1190,"name":"S Lucia","slug":"s-lucia","region":"Umbria","n":4,"date_min":-200,"date_max":-101,"lang":4,"langs":{"4":4},"alphabets":{"3":3,"5":1},"parent":null,"level":"site","shared":1,"links":0}},{"type":"Feature","geometry":{"type":"Point","coordinates":[12.385545,43.253507]},"properties":{"id":1198,"name":"Ascagnano","slug":"ascagnano","region":"Etruria Settentrionale","n":4,"date_min":-400,"date_max":-1,"lang":4,"langs":{"4":4},"alphabets":{"1":2,"3":2},"parent":null,"level":"site","shared":1,"links":0}},{"type":"Feature","geometry":{"type":"Point","coordinates":[11.159999,42.827723]},"properties":{"id":1236,"name":"area della Città","slug":"area-della-citta-7909db","region":"Etruria Settentrionale","n":4,"date_min":-200,"date_max":-101,"lang":4,"langs":{"4":4},"alphabets":{"1":3,"3":1},"parent":null,"level":"site","shared":4,"links":0}},{"type":"Feature","geometry":{"type":"Point","coordinates":[11.770142,42.249719]},"properties":{"id":1253,"name":"Monterozzi, Villa Tarantola - T Carsui","slug":"monterozzi-villa-tarantola-t-carsui","region":"Etruria Meridionale","n":4,"date_min":-350,"date_max":-101,"lang":4,"langs":{"4":4},"alphabets":{"1":1,"2":3},"parent":1968,"level":"tomb","shared":42,"links":0}},{"type":"Feature","geometry":{"type":"Point","coordinates":[11.758173,42.254532]},"properties":{"id":1259,"name":"Poggio Cavalluccio - T d Camna","slug":"poggio-cavalluccio-t-d-camna","region":"Etruria Meridionale","n":4,"date_min":-300,"date_max":-201,"lang":4,"langs":{"4":4},"alphabets":{"2":4},"parent":1248,"level":"tomb","shared":11,"links":0}},{"type":"Feature","geometry":{"type":"Point","coordinates":[11.770142,42.249719]},"properties":{"id":1265,"name":"Monterozzi, Calvario - T 842","slug":"monterozzi-calvario-t-842","region":"Etruria Meridionale","n":4,"date_min":-350,"date_max":-301,"lang":4,"langs":{"4":4},"alphabets":{"2":4},"parent":1968,"level":"tomb","shared":42,"links":0}},{"type":"Feature","geometry":{"type":"Point","coordinates":[11.758173,42.254532]},"properties":{"id":1272,"name":"Tarquinia, T d Convegno","slug":"tarquinia-t-d-convegno","region":"Etruria Meridionale","n":4,"date_min":-525,"date_max":-251,"lang":4,"langs":{"4":4},"alphabets":{"1":2,"2":2},"parent":1248,"level":"tomb","shared":11,"links":0}},{"type":"Feature","geometry":{"type":"Point","coordinates":[11.770142,42.249719]},"properties":{"id":1276,"name":"Monterozzi, Cimitero - T d Amazzoni","slug":"monterozzi-cimitero-t-d-amazzoni","region":"Etruria Meridionale","n":4,"date_min":-375,"date_max":-301,"lang":4,"langs":{"4":4},"alphabets":{"2":4},"parent":1968,"level":"tomb","shared":42,"links":0}},{"type":"Feature","geometry":{"type":"Point","coordinates":[11.770142,42.249719]},"properties":{"id":1295,"name":"Monterozzi, Calvario - T d Caronti","slug":"monterozzi-calvario-t-d-caronti","region":"Etruria Meridionale","n":4,"date_min":-300,"date_max":-101,"lang":4,"langs":{"4":4},"alphabets":{"1":2,"2":2},"parent":1968,"level":"tomb","shared":42,"links":0}},{"type":"Feature","geometry":{"type":"Point","coordinates":[11.758015,42.54579]},"properties":{"id":1313,"name":"Ischia di Castro","slug":"ischia-di-castro","region":"Etruria Meridionale","n":4,"date_min":-600,"date_max":-101,"lang":4,"langs":{"4":4},"alphabets":{"2":3,"5":1},"parent":null,"level":"site","shared":1,"links":0}},{"type":"Feature","geometry":{"type":"Point","coordinates":[11.597172,42.30819]},"properties":{"id":1318,"name":"Regae","slug":"regae","region":"Etruria Meridionale","n":4,"date_min":-600,"date_max":-376,"lang":4,"langs":{"4":4},"alphabets":{"1":3,"2":1},"parent":null,"level":"site","shared":1,"links":0}},{"type":"Feature","geometry":{"type":"Point","coordinates":[11.631149,42.424267]},"properties":{"id":1325,"name":"Fontana dell'Osteria","slug":"fontana-dell-osteria","region":"Etruria Meridionale","n":4,"date_min":-525,"date_max":-1,"lang":4,"langs":{"4":4},"alphabets":{"2":4},"parent":1316,"level":"locality","shared":2,"links":0}},{"type":"Feature","geometry":{"type":"Point","coordinates":[11.631667,42.418889]},"properties":{"id":1327,"name":"Campomorto","slug":"campomorto","region":"Etruria Meridionale","n":4,"date_min":-700,"date_max":-426,"lang":4,"langs":{"4":4},"alphabets":{"2":3,"3":1},"parent":246,"level":"locality","shared":10,"links":0}},{"type":"Feature","geometry":{"type":"Point","coordinates":[11.631667,42.418889]},"properties":{"id":1331,"name":"Valle Legnisina","slug":"valle-legnisina","region":"Etruria Meridionale","n":4,"date_min":-625,"date_max":-101,"lang":4,"langs":{"4":4},"alphabets":{"1":3,"2":1},"parent":246,"level":"locality","shared":10,"links":0}},{"type":"Feature","geometry":{"type":"Point","coordinates":[12.38986,42.023396]},"properties":{"id":1342,"name":"Monte Campanile","slug":"monte-campanile","region":"Etruria Meridionale","n":4,"date_min":-625,"date_max":-601,"lang":4,"langs":{"4":4},"alphabets":{"1":1,"2":2,"4":1},"parent":null,"level":"site","shared":2,"links":0}},{"type":"Feature","geometry":{"type":"Point","coordinates":[12.390519,42.021338]},"properties":{"id":1343,"name":"Casale Pian Roseto","slug":"casale-pian-roseto","region":"Etruria Meridionale","n":4,"date_min":-550,"date_max":-401,"lang":4,"langs":{"4":4},"alphabets":{"1":2,"2":1,"5":1},"parent":248,"level":"locality","shared":5,"links":0}},{"type":"Feature","geometry":{"type":"Point","coordinates":[10.973281,42.861339]},"properties":{"id":1355,"name":"Poggiarello Renzetti","slug":"poggiarello-renzetti","region":"Etruria Settentrionale","n":4,"date_min":-400,"date_max":-1,"lang":4,"langs":{"4":4},"alphabets":{"1":1,"2":1,"3":2},"parent":null,"level":"site","shared":1,"links":0}},{"type":"Feature","geometry":{"type":"Point","coordinates":[11.989045,42.721825]},"properties":{"id":1396,"name":"Citerno","slug":"citerno","region":"Etruria Meridionale","n":4,"date_min":-400,"date_max":-1,"lang":4,"langs":{"4":4},"alphabets":{"1":1,"2":3},"parent":null,"level":"site","shared":1,"links":0}},{"type":"Feature","geometry":{"type":"Point","coordinates":[12.111566,42.716449]},"properties":{"id":1418,"name":"Barano","slug":"barano","region":"Etruria Meridionale","n":4,"date_min":-400,"date_max":-1,"lang":4,"langs":{"4":4},"alphabets":{"2":4},"parent":1397,"level":"locality","shared":19,"links":0}},{"type":"Feature","geometry":{"type":"Point","coordinates":[11.128794,43.420044]},"properties":{"id":1440,"name":"Colle di Val d'Elsa","slug":"colle-di-val-d-elsa","region":"Etruria Settentrionale","n":4,"date_min":-525,"date_max":-451,"lang":4,"langs":{"4":4},"alphabets":{"1":1,"3":3},"parent":null,"level":"site","shared":1,"links":0}},{"type":"Feature","geometry":{"type":"Point","coordinates":[10.972109,42.859455]},"properties":{"id":1447,"name":"Ripaie","slug":"ripaie","region":"Etruria Settentrionale","n":4,"date_min":-600,"date_max":-1,"lang":4,"langs":{"4":4},"alphabets":{"3":2,"5":2},"parent":null,"level":"site","shared":9,"links":0}},{"type":"Feature","geometry":{"type":"Point","coordinates":[16.031019,39.657707]},"properties":{"id":1470,"name":"San Sosti","slug":"san-sosti","region":"Lucania et Bruttium","n":4,"date_min":-600,"date_max":-501,"lang":6,"langs":{"6":4},"alphabets":{"20":4},"parent":null,"level":"site","shared":1,"links":0}},{"type":"Feature","geometry":{"type":"Point","coordinates":[14.12034,37.502585]},"properties":{"id":1513,"name":"Sabucina","slug":"sabucina","region":"Sicily","n":4,"date_min":-500,"date_max":-451,"lang":6,"langs":{"6":4},"alphabets":{"23":3,"24":1},"parent":null,"level":"site","shared":1,"links":0}},{"type":"Feature","geometry":{"type":"Point","coordinates":[12.83166,37.597635]},"properties":{"id":1527,"name":"Selinus (Buffa necropolis)","slug":"selinus-buffa-necropolis","region":"Sicily","n":4,"date_min":-550,"date_max":-476,"lang":6,"langs":{"6":4},"alphabets":{"23":4},"parent":null,"level":"necropolis","shared":1,"links":0}},{"type":"Feature","geometry":{"type":"Point","coordinates":[13.729276,42.237047]},"properties":{"id":1624,"name":"Incerulae (Navelli)","slug":"incerulae-navelli","region":"Samnium","n":4,"date_min":-300,"date_max":-51,"lang":10,"langs":{"10":4},"alphabets":{"6":4},"parent":null,"level":"site","shared":1,"links":0}},{"type":"Feature","geometry":{"type":"Point","coordinates":[15.82983,39.7667]},"properties":{"id":1629,"name":"Laos","slug":"laos","region":"Lucania et Bruttium","n":4,"date_min":-350,"date_max":-276,"lang":10,"langs":{"10":4},"alphabets":{"13":1,"23":3},"parent":null,"level":"site","shared":1,"links":0}},{"type":"Feature","geometry":{"type":"Point","coordinates":[14.673929,40.743128]},"properties":{"id":1639,"name":"Nuceria Alfaterna (Nocera Superiore)","slug":"nuceria-alfaterna-nocera-superiore","region":"Campania","n":4,"date_min":-650,"date_max":-1,"lang":10,"langs":{"6":1,"10":2,"11":1},"alphabets":{"10":1,"12":1,"13":2},"parent":null,"level":"site","shared":1,"links":0}},{"type":"Feature","geometry":{"type":"Point","coordinates":[13.622182,42.284752]},"properties":{"id":1646,"name":"Peltuinum (Prata di Ansidonia)","slug":"peltuinum-prata-di-ansidonia","region":"Samnium","n":4,"date_min":-275,"date_max":-1,"lang":7,"langs":{"7":3,"10":1},"alphabets":{"6":4},"parent":null,"level":"site","shared":1,"links":0}},{"type":"Feature","geometry":{"type":"Point","coordinates":[14.501299,41.090948]},"properties":{"id":1663,"name":"Saticula (Sant' Agata dei Goti)","slug":"saticula-sant-agata-dei-goti","region":"Campania","n":4,"date_min":-400,"date_max":-26,"lang":10,"langs":{"7":1,"10":3},"alphabets":{"2":3,"6":1},"parent":null,"level":"site","shared":1,"links":0}},{"type":"Feature","geometry":{"type":"Point","coordinates":[12.786046,43.230265]},"properties":{"id":1672,"name":"Tadinum (Gualdo Tadino)","slug":"tadinum-gualdo-tadino","region":"Umbria","n":4,"date_min":-276,"date_max":-126,"lang":13,"langs":{"13":4},"alphabets":{"6":3,"10":1},"parent":null,"level":"site","shared":1,"links":0}},{"type":"Feature","geometry":{"type":"Point","coordinates":[16.25,38.75]},"properties":{"id":1689,"name":"Teuranus Ager","slug":"teuranus-ager","region":"Lucania et Bruttium","n":4,"date_min":-275,"date_max":-201,"lang":10,"langs":{"10":4},"alphabets":{"23":4},"parent":null,"level":"site","shared":1,"links":0}},{"type":"Feature","geometry":{"type":"Point","coordinates":[12.747455,42.877497]},"properties":{"id":1691,"name":"Trebiae (Trevi)","slug":"trebiae-trevi","region":"Umbria","n":4,"date_min":-250,"date_max":-1,"lang":7,"langs":{"7":3,"10":1},"alphabets":{"6":4},"parent":null,"level":"site","shared":1,"links":0}},{"type":"Feature","geometry":{"type":"Point","coordinates":[12.63048,42.915566]},"properties":{"id":1695,"name":"Umbria","slug":"umbria","region":"Umbria","n":4,"date_min":-650,"date_max":800,"lang":13,"langs":{"13":4},"alphabets":{"6":1,"10":3},"parent":null,"level":"site","shared":1,"links":0}},{"type":"Feature","geometry":{"type":"Point","coordinates":[9.059,45.805]},"properties":{"id":1741,"name":"Rondineto (Palazzuola structure)","slug":"rondineto-palazzuola-structure","region":"Transpadana","n":4,"date_min":-525,"date_max":-351,"lang":2,"langs":{"2":4},"alphabets":{"29":4},"parent":null,"level":"site","shared":1,"links":0}},{"type":"Feature","geometry":{"type":"Point","coordinates":[9.054,45.801]},"properties":{"id":1746,"name":"Prestino (Via Mantegna)","slug":"prestino-via-mantegna","region":"Transpadana","n":4,"date_min":-475,"date_max":-401,"lang":2,"langs":{"2":4},"alphabets":{"29":4},"parent":null,"level":"site","shared":1,"links":0}},{"type":"Feature","geometry":{"type":"Point","coordinates":[15.888,46.598]},"properties":{"id":1794,"name":"Ženjak (Obrat)","slug":"zenjak-obrat","region":"Noricum","n":4,"date_min":-525,"date_max":-1,"lang":12,"langs":{"2":1,"12":3},"alphabets":{"26":1,"27":2,"30":1},"parent":null,"level":"site","shared":1,"links":0}},{"type":"Feature","geometry":{"type":"Point","coordinates":[8.874,46.017]},"properties":{"id":1811,"name":"Aranno (tomb)","slug":"aranno-tomb","region":"Transpadana","n":4,"date_min":-425,"date_max":-126,"lang":2,"langs":{"2":4},"alphabets":{"29":4},"parent":null,"level":"site","shared":1,"links":0}},{"type":"Feature","geometry":{"type":"Point","coordinates":[8.905,46.015]},"properties":{"id":1820,"name":"Bioggio","slug":"bioggio","region":"Transpadana","n":4,"date_min":-525,"date_max":-126,"lang":2,"langs":{"2":4},"alphabets":{"29":4},"parent":null,"level":"site","shared":1,"links":0}},{"type":"Feature","geometry":{"type":"Point","coordinates":[8.559,45.868]},"properties":{"id":1842,"name":"Stresa (Brisino)","slug":"stresa-brisino","region":"Transpadana","n":4,"date_min":-125,"date_max":50,"lang":2,"langs":{"2":4},"alphabets":{"6":1,"29":3},"parent":null,"level":"site","shared":1,"links":0}},{"type":"Feature","geometry":{"type":"Point","coordinates":[11.214,45.292]},"properties":{"id":1848,"name":"Isola Rizza (Casalandri)","slug":"isola-rizza-casalandri","region":"Venetia et Histria","n":4,"date_min":-675,"date_max":25,"lang":2,"langs":{"2":4},"alphabets":{"29":1},"parent":null,"level":"site","shared":1,"links":0}},{"type":"Feature","geometry":{"type":"Point","coordinates":[11.053,45.456]},"properties":{"id":1962,"name":"Montorio Veronese","slug":"montorio-veronese","region":"Venetia et Histria","n":4,"date_min":-400,"date_max":-201,"lang":12,"langs":{"12":4},"alphabets":{"26":2,"27":1},"parent":null,"level":"site","shared":1,"links":0}},{"type":"Feature","geometry":{"type":"Point","coordinates":[11.669,46.693]},"properties":{"id":1966,"name":"Meluno","slug":"meluno","region":"Venetia et Histria","n":4,"date_min":-525,"date_max":-1,"lang":12,"langs":{"12":4},"alphabets":{"26":2,"27":2},"parent":null,"level":"site","shared":1,"links":0}},{"type":"Feature","geometry":{"type":"Point","coordinates":[13.645802,41.955028]},"properties":{"id":126,"name":"Ortucchio / Marruvium","slug":"ortucchio-marruvium","region":"Samnium","n":3,"date_min":-300,"date_max":-1,"lang":7,"langs":{"7":3},"alphabets":{"6":3},"parent":null,"level":"site","shared":1,"links":0}},{"type":"Feature","geometry":{"type":"Point","coordinates":[12.818534,41.87207]},"properties":{"id":127,"name":"Gallicano nel Lazio / Praeneste","slug":"gallicano-nel-lazio-praeneste","region":"Latium","n":3,"date_min":-25,"date_max":-1,"lang":7,"langs":{"7":3},"alphabets":{"6":3},"parent":null,"level":"site","shared":1,"links":0}},{"type":"Feature","geometry":{"type":"Point","coordinates":[13.203437,43.37422]},"properties":{"id":130,"name":"Cingoli / Cingulum","slug":"cingoli-cingulum","region":"Umbria","n":3,"date_min":-300,"date_max":-1,"lang":7,"langs":{"7":3},"alphabets":{"6":3},"parent":null,"level":"site","shared":1,"links":0}},{"type":"Feature","geometry":{"type":"Point","coordinates":[12.515431,41.982053]},"properties":{"id":169,"name":"Fidene / Borgata Fidene / Fidenae","slug":"fidene-borgata-fidene-fidenae","region":"Samnium","n":3,"date_min":-550,"date_max":-26,"lang":7,"langs":{"7":3},"alphabets":{"6":2,"7":1},"parent":null,"level":"site","shared":1,"links":0}},{"type":"Feature","geometry":{"type":"Point","coordinates":[15.493361,40.567813]},"properties":{"id":180,"name":"Caggiano / Atina","slug":"caggiano-atina","region":"Lucania et Bruttium","n":3,"date_min":-100,"date_max":-26,"lang":7,"langs":{"7":3},"alphabets":{"6":3},"parent":null,"level":"site","shared":1,"links":0}},{"type":"Feature","geometry":{"type":"Point","coordinates":[15.556067,40.454278]},"properties":{"id":181,"name":"Atena Lucana / Atina","slug":"atena-lucana-atina","region":"Lucania et Bruttium","n":3,"date_min":-150,"date_max":-26,"lang":7,"langs":{"7":3},"alphabets":{"6":3},"parent":null,"level":"site","shared":1,"links":0}},{"type":"Feature","geometry":{"type":"Point","coordinates":[13.181641,42.208895]},"properties":{"id":198,"name":"Cicolano / Aequiculi / Ager Aequicolanus","slug":"cicolano-aequiculi-ager-aequicolanus","region":"Samnium","n":3,"date_min":-200,"date_max":-51,"lang":7,"langs":{"7":3},"alphabets":{"6":3},"parent":null,"level":"site","shared":1,"links":0}},{"type":"Feature","geometry":{"type":"Point","coordinates":[11.912808,45.793247]},"properties":{"id":206,"name":"Asolo / Acelum","slug":"asolo-acelum","region":"Venetia et Histria","n":3,"date_min":-200,"date_max":-1,"lang":7,"langs":{"7":3},"alphabets":{"6":3},"parent":null,"level":"site","shared":1,"links":0}},{"type":"Feature","geometry":{"type":"Point","coordinates":[11.791208,45.331491]},"properties":{"id":222,"name":"Montegrotto Terme / Patavium","slug":"montegrotto-terme-patavium","region":"Venetia et Histria","n":3,"date_min":-500,"date_max":-1,"lang":7,"langs":{"7":3},"alphabets":{"6":2,"7":1},"parent":null,"level":"site","shared":1,"links":0}},{"type":"Feature","geometry":{"type":"Point","coordinates":[12.359299,41.797885]},"properties":{"id":225,"name":"Dragoncello / Ficana","slug":"dragoncello-ficana","region":"Latium","n":3,"date_min":-600,"date_max":-26,"lang":7,"langs":{"7":3},"alphabets":{"6":2,"7":1},"parent":null,"level":"site","shared":1,"links":0}},{"type":"Feature","geometry":{"type":"Point","coordinates":[13.558107,41.51929]},"properties":{"id":268,"name":"San Giovanni Incarico / Falvaterra / Fabrateria Nova","slug":"san-giovanni-incarico-falvaterra-fabrateria-nova","region":"Latium","n":3,"date_min":-150,"date_max":-1,"lang":7,"langs":{"7":3},"alphabets":{"6":3},"parent":null,"level":"site","shared":1,"links":0}},{"type":"Feature","geometry":{"type":"Point","coordinates":[13.417284,41.69053]},"properties":{"id":270,"name":"Veroli / Verulae","slug":"veroli-verulae","region":"Latium","n":3,"date_min":-150,"date_max":-1,"lang":7,"langs":{"7":3},"alphabets":{"6":3},"parent":null,"level":"site","shared":1,"links":0}},{"type":"Feature","geometry":{"type":"Point","coordinates":[17.741805,40.537914]},"properties":{"id":274,"name":"Mesagne / Scamnum / Uria","slug":"mesagne-scamnum-uria","region":"Messapia","n":3,"date_min":-250,"date_max":-26,"lang":7,"langs":{"7":3},"alphabets":{"6":3},"parent":null,"level":"site","shared":1,"links":0}},{"type":"Feature","geometry":{"type":"Point","coordinates":[12.603851,42.330688]},"properties":{"id":288,"name":"Vescovio / Forum Novum","slug":"vescovio-forum-novum","region":"Samnium","n":3,"date_min":-100,"date_max":-1,"lang":7,"langs":{"7":3},"alphabets":{"6":3},"parent":null,"level":"site","shared":1,"links":0}},{"type":"Feature","geometry":{"type":"Point","coordinates":[13.288166,43.209596]},"properties":{"id":289,"name":"Tolentino / Tolentinum","slug":"tolentino-tolentinum","region":"Picenum","n":3,"date_min":-325,"date_max":-1,"lang":7,"langs":{"7":3},"alphabets":{"6":3},"parent":null,"level":"site","shared":1,"links":0}},{"type":"Feature","geometry":{"type":"Point","coordinates":[13.397967,42.34892]},"properties":{"id":295,"name":"L'Aquila / Amiternum","slug":"l-aquila-amiternum","region":"Samnium","n":3,"date_min":-100,"date_max":-1,"lang":7,"langs":{"7":3},"alphabets":{"6":3},"parent":null,"level":"site","shared":1,"links":0}},{"type":"Feature","geometry":{"type":"Point","coordinates":[13.254598,42.373434]},"properties":{"id":301,"name":"Scoppito / Amiternum","slug":"scoppito-amiternum","region":"Samnium","n":3,"date_min":-75,"date_max":-1,"lang":7,"langs":{"7":3},"alphabets":{"6":3},"parent":null,"level":"site","shared":1,"links":0}},{"type":"Feature","geometry":{"type":"Point","coordinates":[8.859946,45.15066]},"properties":{"id":305,"name":"Valeggio / Ticinum","slug":"valeggio-ticinum","region":"Transpadana","n":3,"date_min":-150,"date_max":-1,"lang":7,"langs":{"7":3},"alphabets":{"6":3},"parent":null,"level":"site","shared":1,"links":0}},{"type":"Feature","geometry":{"type":"Point","coordinates":[12.984093,43.625016]},"properties":{"id":318,"name":"Castelleone di Suasa / Suasa","slug":"castelleone-di-suasa-suasa","region":"Umbria","n":3,"date_min":-400,"date_max":-1,"lang":7,"langs":{"4":1,"7":2},"alphabets":{"2":1,"6":2},"parent":null,"level":"site","shared":1,"links":0}},{"type":"Feature","geometry":{"type":"Point","coordinates":[16.494262,39.717328]},"properties":{"id":320,"name":"Thurio / Thurioi / Copia Thurii","slug":"thurio-thurioi-copia-thurii","region":"Lucania et Bruttium","n":3,"date_min":-150,"date_max":-51,"lang":7,"langs":{"7":3},"alphabets":{"6":3},"parent":575,"level":"locality","shared":3,"links":0}},{"type":"Feature","geometry":{"type":"Point","coordinates":[8.567405,40.188472]},"properties":{"id":335,"name":"Cullieri / Cuglieri / Cornus / Gurulis Nova","slug":"cullieri-cuglieri-cornus-gurulis-nova","region":"Sardinia","n":3,"date_min":-100,"date_max":-51,"lang":7,"langs":{"7":3},"alphabets":{"6":3},"parent":null,"level":"site","shared":1,"links":0}},{"type":"Feature","geometry":{"type":"Point","coordinates":[12.216135,42.670284]},"properties":{"id":360,"name":"Baschi / Tuder","slug":"baschi-tuder","region":"Umbria","n":3,"date_min":-125,"date_max":-1,"lang":7,"langs":{"7":3},"alphabets":{"6":3},"parent":null,"level":"site","shared":1,"links":0}},{"type":"Feature","geometry":{"type":"Point","coordinates":[14.384421,41.747129]},"properties":{"id":366,"name":"Pietrabbondante / Bovianum Vetus","slug":"pietrabbondante-bovianum-vetus","region":"Samnium","n":3,"date_min":-500,"date_max":-51,"lang":7,"langs":{"7":3},"alphabets":{"6":2,"7":1},"parent":null,"level":"site","shared":1,"links":0}},{"type":"Feature","geometry":{"type":"Point","coordinates":[13.985606,42.233037]},"properties":{"id":371,"name":"San Valentino in Abruzzo Citeriore / Interpromium","slug":"san-valentino-in-abruzzo-citeriore-interpromium","region":"Samnium","n":3,"date_min":-50,"date_max":-1,"lang":7,"langs":{"7":3},"alphabets":{"6":3},"parent":null,"level":"site","shared":1,"links":0}},{"type":"Feature","geometry":{"type":"Point","coordinates":[13.080933,42.41605]},"properties":{"id":396,"name":"Antrodoco / Interocrium / Reate","slug":"antrodoco-interocrium-reate","region":"Samnium","n":3,"date_min":-100,"date_max":-1,"lang":7,"langs":{"7":3},"alphabets":{"6":3},"parent":null,"level":"site","shared":1,"links":0}},{"type":"Feature","geometry":{"type":"Point","coordinates":[11.345547,44.494574]},"properties":{"id":418,"name":"Bologna / Bononia","slug":"bologna-bononia","region":"Aemilia","n":3,"date_min":-100,"date_max":-1,"lang":7,"langs":{"7":3},"alphabets":{"6":3},"parent":null,"level":"site","shared":8,"links":0}},{"type":"Feature","geometry":{"type":"Point","coordinates":[12.617018,41.76587]},"properties":{"id":436,"name":"Frattocchie / Bovillae","slug":"frattocchie-bovillae","region":"Latium","n":3,"date_min":-300,"date_max":-76,"lang":7,"langs":{"7":3},"alphabets":{"6":3},"parent":null,"level":"site","shared":1,"links":0}},{"type":"Feature","geometry":{"type":"Point","coordinates":[13.981213,41.186987]},"properties":{"id":446,"name":"Carinola / Forum Popilii","slug":"carinola-forum-popilii","region":"Campania","n":3,"date_min":-150,"date_max":-1,"lang":7,"langs":{"7":3},"alphabets":{"6":3},"parent":null,"level":"site","shared":1,"links":0}},{"type":"Feature","geometry":{"type":"Point","coordinates":[16.554837,40.392081]},"properties":{"id":449,"name":"Pisticci","slug":"pisticci","region":"Lucania et Bruttium","n":3,"date_min":-600,"date_max":-26,"lang":6,"langs":{"6":2,"7":1},"alphabets":{"6":1,"20":1,"23":1},"parent":null,"level":"site","shared":1,"links":0}},{"type":"Feature","geometry":{"type":"Point","coordinates":[14.078067,41.376142]},"properties":{"id":450,"name":"Presenzano / Rufrae","slug":"presenzano-rufrae","region":"Campania","n":3,"date_min":-50,"date_max":-1,"lang":7,"langs":{"7":3},"alphabets":{"6":3},"parent":null,"level":"site","shared":1,"links":0}},{"type":"Feature","geometry":{"type":"Point","coordinates":[12.241801,44.135107]},"properties":{"id":458,"name":"Cesena / Caesena","slug":"cesena-caesena","region":"Aemilia","n":3,"date_min":-200,"date_max":-1,"lang":7,"langs":{"7":3},"alphabets":{"6":3},"parent":null,"level":"site","shared":1,"links":0}},{"type":"Feature","geometry":{"type":"Point","coordinates":[13.904895,40.7277]},"properties":{"id":476,"name":"Ischia / Aenaria","slug":"ischia-aenaria","region":"Campania","n":3,"date_min":-100,"date_max":-1,"lang":7,"langs":{"7":3},"alphabets":{"6":3},"parent":1464,"level":"locality","shared":2,"links":0}},{"type":"Feature","geometry":{"type":"Point","coordinates":[12.515683,42.518764]},"properties":{"id":477,"name":"Narni / Narnia","slug":"narni-narnia","region":"Umbria","n":3,"date_min":-100,"date_max":-1,"lang":7,"langs":{"7":3},"alphabets":{"6":3},"parent":null,"level":"site","shared":1,"links":0}},{"type":"Feature","geometry":{"type":"Point","coordinates":[12.583607,38.036517]},"properties":{"id":480,"name":"Erice / Eryx","slug":"erice-eryx","region":"Sicily","n":3,"date_min":-600,"date_max":-51,"lang":7,"langs":{"7":3},"alphabets":{"6":2,"7":1},"parent":null,"level":"site","shared":1,"links":0}},{"type":"Feature","geometry":{"type":"Point","coordinates":[12.486049,43.127841]},"properties":{"id":504,"name":"Civitella d'Arna / Arna","slug":"civitella-d-arna-arna","region":"Umbria","n":3,"date_min":-400,"date_max":-51,"lang":7,"langs":{"4":1,"7":2},"alphabets":{"2":1,"6":2},"parent":null,"level":"site","shared":1,"links":0}},{"type":"Feature","geometry":{"type":"Point","coordinates":[13.086069,43.584368]},"properties":{"id":510,"name":"Ostra Vetere / Ostra","slug":"ostra-vetere-ostra","region":"Umbria","n":3,"date_min":-400,"date_max":-1,"lang":7,"langs":{"4":1,"7":2},"alphabets":{"1":1,"6":2},"parent":null,"level":"site","shared":1,"links":0}},{"type":"Feature","geometry":{"type":"Point","coordinates":[12.298883,43.710612]},"properties":{"id":512,"name":"Sestino / Sestinum","slug":"sestino-sestinum","region":"Umbria","n":3,"date_min":-500,"date_max":-26,"lang":4,"langs":{"4":1,"7":1,"13":1},"alphabets":{"2":1,"6":1,"10":1},"parent":null,"level":"site","shared":1,"links":0}},{"type":"Feature","geometry":{"type":"Point","coordinates":[13.471126,41.886105]},"properties":{"id":530,"name":"Civita d'Antino / Antinum","slug":"civita-d-antino-antinum","region":"Samnium","n":3,"date_min":-250,"date_max":-1,"lang":7,"langs":{"7":2,"13":1},"alphabets":{"6":3},"parent":null,"level":"site","shared":1,"links":0}},{"type":"Feature","geometry":{"type":"Point","coordinates":[12.111566,42.716449]},"properties":{"id":537,"name":"Orvieto / Volsinii Veteres","slug":"orvieto-volsinii-veteres","region":"Etruria Meridionale","n":3,"date_min":-525,"date_max":-1,"lang":7,"langs":{"4":1,"7":2},"alphabets":{"2":1,"6":2},"parent":1397,"level":"locality","shared":19,"links":0}},{"type":"Feature","geometry":{"type":"Point","coordinates":[13.067688,42.026225]},"properties":{"id":557,"name":"Rocca di Botte / Carsioli","slug":"rocca-di-botte-carsioli","region":"Samnium","n":3,"date_min":-100,"date_max":-1,"lang":7,"langs":{"7":3},"alphabets":{"6":3},"parent":null,"level":"site","shared":1,"links":0}},{"type":"Feature","geometry":{"type":"Point","coordinates":[9.576392,46.661788]},"properties":{"id":571,"name":"Tiefencastel","slug":"tiefencastel","region":"Raetia","n":3,"date_min":-25,"date_max":-1,"lang":7,"langs":{"7":3},"alphabets":{"6":3},"parent":null,"level":"site","shared":1,"links":0}},{"type":"Feature","geometry":{"type":"Point","coordinates":[14.063162,37.489941]},"properties":{"id":631,"name":"Caltanissetta / Nissa","slug":"caltanissetta-nissa","region":"Sicily","n":3,"date_min":-500,"date_max":-301,"lang":7,"langs":{"7":3},"alphabets":{"6":1,"7":2},"parent":null,"level":"site","shared":1,"links":0}},{"type":"Feature","geometry":{"type":"Point","coordinates":[11.713704,42.682571]},"properties":{"id":634,"name":"Sorano / Suana","slug":"sorano-suana","region":"Etruria Settentrionale","n":3,"date_min":-525,"date_max":-1,"lang":4,"langs":{"4":2,"7":1},"alphabets":{"1":1,"2":1,"6":1},"parent":862,"level":"locality","shared":2,"links":0}},{"type":"Feature","geometry":{"type":"Point","coordinates":[12.473736,41.616667]},"properties":{"id":646,"name":"Torvajanica / Tor Vaianica / Lavinium","slug":"torvajanica-tor-vaianica-lavinium","region":"Latium","n":3,"date_min":-300,"date_max":-201,"lang":7,"langs":{"7":3},"alphabets":{"6":3},"parent":null,"level":"site","shared":1,"links":0}},{"type":"Feature","geometry":{"type":"Point","coordinates":[15.099481,38.049586]},"properties":{"id":683,"name":"Tripi / Abakainon","slug":"tripi-abakainon","region":"Sicily","n":3,"date_min":-350,"date_max":-201,"lang":7,"langs":{"7":3},"alphabets":{"6":3},"parent":null,"level":"site","shared":1,"links":0}},{"type":"Feature","geometry":{"type":"Point","coordinates":[11.813729,43.250619]},"properties":{"id":735,"name":"Foiano","slug":"foiano","region":"Etruria Settentrionale","n":3,"date_min":-600,"date_max":-1,"lang":4,"langs":{"4":3},"alphabets":{"1":1,"3":2},"parent":null,"level":"site","shared":1,"links":0}},{"type":"Feature","geometry":{"type":"Point","coordinates":[11.826576,43.646415]},"properties":{"id":737,"name":"Pieve a Socana","slug":"pieve-a-socana","region":"Etruria Settentrionale","n":3,"date_min":-500,"date_max":-401,"lang":4,"langs":{"4":3},"alphabets":{"3":3},"parent":null,"level":"site","shared":1,"links":0}},{"type":"Feature","geometry":{"type":"Point","coordinates":[11.88681,43.465434]},"properties":{"id":738,"name":"Ar., Fortezza","slug":"ar-fortezza","region":"Etruria Settentrionale","n":3,"date_min":-400,"date_max":-1,"lang":4,"langs":{"4":3},"alphabets":{"1":1,"3":2},"parent":null,"level":"locality","shared":1,"links":0}},{"type":"Feature","geometry":{"type":"Point","coordinates":[11.753071,43.241056]},"properties":{"id":751,"name":"Casalta","slug":"casalta","region":"Etruria Settentrionale","n":3,"date_min":-400,"date_max":-1,"lang":4,"langs":{"4":3},"alphabets":{"1":1,"3":2},"parent":null,"level":"site","shared":1,"links":0}},{"type":"Feature","geometry":{"type":"Point","coordinates":[11.863048,43.471274]},"properties":{"id":753,"name":"Poggi Grassi","slug":"poggi-grassi","region":"Etruria Settentrionale","n":3,"date_min":-400,"date_max":-1,"lang":4,"langs":{"4":3},"alphabets":{"3":3},"parent":479,"level":"locality","shared":2,"links":0}},{"type":"Feature","geometry":{"type":"Point","coordinates":[11.741313,43.215291]},"properties":{"id":758,"name":"Sinalunga","slug":"sinalunga","region":"Etruria Settentrionale","n":3,"date_min":-400,"date_max":-1,"lang":4,"langs":{"4":3},"alphabets":{"1":2,"3":1},"parent":null,"level":"site","shared":1,"links":0}},{"type":"Feature","geometry":{"type":"Point","coordinates":[11.900749,43.445004]},"properties":{"id":764,"name":"Ar., Castelsecco","slug":"ar-castelsecco","region":"Etruria Settentrionale","n":3,"date_min":-400,"date_max":-1,"lang":4,"langs":{"4":3},"alphabets":{"1":2,"3":1},"parent":null,"level":"locality","shared":1,"links":0}},{"type":"Feature","geometry":{"type":"Point","coordinates":[11.694087,43.10796]},"properties":{"id":770,"name":"Palazzo Massaini","slug":"palazzo-massaini","region":"Etruria Settentrionale","n":3,"date_min":-400,"date_max":-1,"lang":4,"langs":{"4":3},"alphabets":{"2":1,"3":2},"parent":null,"level":"site","shared":1,"links":0}},{"type":"Feature","geometry":{"type":"Point","coordinates":[11.668052,43.187263]},"properties":{"id":776,"name":"Trequanda","slug":"trequanda","region":"Etruria Settentrionale","n":3,"date_min":-400,"date_max":-1,"lang":4,"langs":{"4":3},"alphabets":{"3":3},"parent":null,"level":"site","shared":2,"links":0}},{"type":"Feature","geometry":{"type":"Point","coordinates":[11.604815,43.057842]},"properties":{"id":790,"name":"S Quirico d'Orcia, Romitorio","slug":"s-quirico-d-orcia-romitorio","region":"Etruria Settentrionale","n":3,"date_min":-400,"date_max":-1,"lang":4,"langs":{"4":3},"alphabets":{"1":1,"3":2},"parent":794,"level":"locality","shared":6,"links":0}},{"type":"Feature","geometry":{"type":"Point","coordinates":[11.874001,42.406076]},"properties":{"id":827,"name":"Madonna d'Olivo","slug":"madonna-d-olivo","region":"Etruria Meridionale","n":3,"date_min":-325,"date_max":-276,"lang":4,"langs":{"4":3},"alphabets":{"2":3},"parent":null,"level":"site","shared":2,"links":0}},{"type":"Feature","geometry":{"type":"Point","coordinates":[11.87028,42.419248]},"properties":{"id":828,"name":"Tuscania, S Pietro","slug":"tuscania-s-pietro","region":"Etruria Meridionale","n":3,"date_min":-400,"date_max":-1,"lang":4,"langs":{"4":3},"alphabets":{"2":3},"parent":471,"level":"locality","shared":16,"links":0}},{"type":"Feature","geometry":{"type":"Point","coordinates":[11.293081,42.597146]},"properties":{"id":865,"name":"Magliano","slug":"magliano","region":"Etruria Settentrionale","n":3,"date_min":-600,"date_max":-426,"lang":4,"langs":{"4":3},"alphabets":{"2":1,"3":2},"parent":null,"level":"site","shared":1,"links":0}},{"type":"Feature","geometry":{"type":"Point","coordinates":[11.299318,43.079179]},"properties":{"id":867,"name":"Petriolo","slug":"petriolo","region":"Etruria Settentrionale","n":3,"date_min":-700,"date_max":-1,"lang":4,"langs":{"4":3},"alphabets":{"1":1,"3":2},"parent":null,"level":"site","shared":1,"links":0}},{"type":"Feature","geometry":{"type":"Point","coordinates":[11.948961,43.043751]},"properties":{"id":872,"name":"Poggio Gaiella","slug":"poggio-gaiella","region":"Etruria Settentrionale","n":3,"date_min":-550,"date_max":-1,"lang":4,"langs":{"4":3},"alphabets":{"2":1,"3":1,"5":1},"parent":null,"level":"site","shared":1,"links":0}},{"type":"Feature","geometry":{"type":"Point","coordinates":[11.947736,43.016515]},"properties":{"id":878,"name":"Poggio alla Tomba","slug":"poggio-alla-tomba","region":"Etruria Settentrionale","n":3,"date_min":-400,"date_max":-1,"lang":4,"langs":{"4":3},"alphabets":{"1":1,"3":2},"parent":200,"level":"locality","shared":39,"links":0}},{"type":"Feature","geometry":{"type":"Point","coordinates":[11.72365,43.065338]},"properties":{"id":883,"name":"Monticchiello","slug":"monticchiello","region":"Etruria Settentrionale","n":3,"date_min":-400,"date_max":-1,"lang":4,"langs":{"4":3},"alphabets":{"1":3},"parent":null,"level":"site","shared":1,"links":0}},{"type":"Feature","geometry":{"type":"Point","coordinates":[11.955413,43.009914]},"properties":{"id":895,"name":"Bagnolo","slug":"bagnolo","region":"Etruria Settentrionale","n":3,"date_min":-200,"date_max":-101,"lang":4,"langs":{"4":3},"alphabets":{"1":1,"2":1,"3":1},"parent":null,"level":"site","shared":1,"links":0}},{"type":"Feature","geometry":{"type":"Point","coordinates":[11.988208,43.016578]},"properties":{"id":902,"name":"Le Palazze","slug":"le-palazze","region":"Etruria Settentrionale","n":3,"date_min":-150,"date_max":-101,"lang":4,"langs":{"4":3},"alphabets":{"1":2,"3":1},"parent":null,"level":"site","shared":1,"links":0}},{"type":"Feature","geometry":{"type":"Point","coordinates":[11.926049,43.122093]},"properties":{"id":936,"name":"Laviano","slug":"laviano","region":"Etruria Settentrionale","n":3,"date_min":-400,"date_max":-1,"lang":4,"langs":{"4":3},"alphabets":{"1":1,"3":2},"parent":null,"level":"site","shared":1,"links":0}},{"type":"Feature","geometry":{"type":"Point","coordinates":[11.947736,43.016515]},"properties":{"id":938,"name":"Castellaro","slug":"castellaro","region":"Etruria Settentrionale","n":3,"date_min":-175,"date_max":-101,"lang":4,"langs":{"4":3},"alphabets":{"3":1,"5":2},"parent":200,"level":"locality","shared":39,"links":0}},{"type":"Feature","geometry":{"type":"Point","coordinates":[11.947736,43.016515]},"properties":{"id":961,"name":"Gragnano","slug":"gragnano","region":"Etruria Settentrionale","n":3,"date_min":-400,"date_max":-1,"lang":4,"langs":{"4":3},"alphabets":{"3":3},"parent":200,"level":"locality","shared":39,"links":0}},{"type":"Feature","geometry":{"type":"Point","coordinates":[15.057751,40.614538]},"properties":{"id":986,"name":"Eboli","slug":"eboli","region":"Lucania et Bruttium","n":3,"date_min":-550,"date_max":-401,"lang":4,"langs":{"4":3},"alphabets":{"1":2,"2":1},"parent":null,"level":"site","shared":1,"links":0}},{"type":"Feature","geometry":{"type":"Point","coordinates":[11.984004,43.278115]},"properties":{"id":992,"name":"Sodo","slug":"sodo","region":"Etruria Settentrionale","n":3,"date_min":-400,"date_max":-1,"lang":4,"langs":{"4":3},"alphabets":{"1":1,"3":2},"parent":null,"level":"site","shared":1,"links":0}},{"type":"Feature","geometry":{"type":"Point","coordinates":[11.976987,43.260437]},"properties":{"id":997,"name":"Camucia","slug":"camucia","region":"Etruria Settentrionale","n":3,"date_min":-500,"date_max":-1,"lang":4,"langs":{"4":3},"alphabets":{"3":3},"parent":null,"level":"site","shared":1,"links":0}},{"type":"Feature","geometry":{"type":"Point","coordinates":[11.929296,43.233852]},"properties":{"id":1004,"name":"Montecchio","slug":"montecchio-etruria-settentrionale","region":"Etruria Settentrionale","n":3,"date_min":-400,"date_max":-1,"lang":4,"langs":{"4":3},"alphabets":{"3":3},"parent":null,"level":"site","shared":1,"links":0}},{"type":"Feature","geometry":{"type":"Point","coordinates":[11.999775,43.261319]},"properties":{"id":1006,"name":"Campaccio","slug":"campaccio","region":"Etruria Settentrionale","n":3,"date_min":-400,"date_max":-1,"lang":4,"langs":{"4":3},"alphabets":{"3":3},"parent":null,"level":"site","shared":1,"links":0}},{"type":"Feature","geometry":{"type":"Point","coordinates":[12.108647,41.996564]},"properties":{"id":1022,"name":"Greppe d S Angelo","slug":"greppe-d-s-angelo","region":"Etruria Meridionale","n":3,"date_min":-400,"date_max":-201,"lang":4,"langs":{"4":3},"alphabets":{"1":1,"2":2},"parent":null,"level":"site","shared":1,"links":0}},{"type":"Feature","geometry":{"type":"Point","coordinates":[12.100934,42.005486]},"properties":{"id":1029,"name":"Banditaccia, T d Sarcofagi","slug":"banditaccia-t-d-sarcofagi","region":"Etruria Meridionale","n":3,"date_min":-400,"date_max":-1,"lang":4,"langs":{"4":3},"alphabets":{"1":3},"parent":1008,"level":"tomb","shared":15,"links":0}},{"type":"Feature","geometry":{"type":"Point","coordinates":[12.100934,42.005486]},"properties":{"id":1030,"name":"Banditaccia, T d Triclinio","slug":"banditaccia-t-d-triclinio","region":"Etruria Meridionale","n":3,"date_min":-400,"date_max":-301,"lang":4,"langs":{"4":3},"alphabets":{"2":3},"parent":1008,"level":"tomb","shared":15,"links":0}},{"type":"Feature","geometry":{"type":"Point","coordinates":[12.0462,42.05569]},"properties":{"id":1034,"name":"Sasso Furbara","slug":"sasso-furbara","region":"Etruria Meridionale","n":3,"date_min":-600,"date_max":-401,"lang":4,"langs":{"4":3},"alphabets":{"1":1,"2":1,"3":1},"parent":null,"level":"site","shared":1,"links":0}},{"type":"Feature","geometry":{"type":"Point","coordinates":[12.100199,41.998348]},"properties":{"id":1042,"name":"S Paolo, T 2","slug":"s-paolo-t-2","region":"Etruria Meridionale","n":3,"date_min":-650,"date_max":-601,"lang":4,"langs":{"4":3},"alphabets":{"1":1,"2":2},"parent":1967,"level":"tomb","shared":3,"links":0}},{"type":"Feature","geometry":{"type":"Point","coordinates":[12.395709,42.205768]},"properties":{"id":1054,"name":"Mazzano Romano","slug":"mazzano-romano","region":"Agri Faliscus et Capena","n":3,"date_min":-650,"date_max":-1,"lang":4,"langs":{"4":3},"alphabets":{"2":2,"9":1},"parent":null,"level":"site","shared":1,"links":0}},{"type":"Feature","geometry":{"type":"Point","coordinates":[12.479457,42.205544]},"properties":{"id":1055,"name":"Rignano","slug":"rignano","region":"Agri Faliscus et Capena","n":3,"date_min":-400,"date_max":-1,"lang":4,"langs":{"4":3},"alphabets":{"1":1,"9":2},"parent":null,"level":"site","shared":1,"links":0}},{"type":"Feature","geometry":{"type":"Point","coordinates":[11.345547,44.494574]},"properties":{"id":1062,"name":"Bologna, Giardino Margherita","slug":"bologna-giardino-margherita","region":"Aemilia","n":3,"date_min":-500,"date_max":-301,"lang":4,"langs":{"4":3},"alphabets":{"3":3},"parent":418,"level":"locality","shared":8,"links":0}},{"type":"Feature","geometry":{"type":"Point","coordinates":[11.345547,44.494574]},"properties":{"id":1065,"name":"Bologna, Porta S Isaia","slug":"bologna-porta-s-isaia","region":"Aemilia","n":3,"date_min":-400,"date_max":-351,"lang":4,"langs":{"4":3},"alphabets":{"3":3},"parent":418,"level":"locality","shared":8,"links":0}},{"type":"Feature","geometry":{"type":"Point","coordinates":[12.499095,41.895059]},"properties":{"id":1082,"name":"Roma, Esquilino","slug":"roma-esquilino","region":"Latium","n":3,"date_min":-675,"date_max":-176,"lang":4,"langs":{"4":3},"alphabets":{"1":1,"2":1,"5":1},"parent":31,"level":"locality","shared":1,"links":0}},{"type":"Feature","geometry":{"type":"Point","coordinates":[3.906852,43.565566]},"properties":{"id":1113,"name":"Lattes","slug":"lattes","region":"Narbonensis","n":3,"date_min":-600,"date_max":-551,"lang":4,"langs":{"4":3},"alphabets":{"1":1,"2":2},"parent":null,"level":"site","shared":1,"links":0}},{"type":"Feature","geometry":{"type":"Point","coordinates":[12.359058,43.109664]},"properties":{"id":1146,"name":"Massiano","slug":"massiano","region":"Etruria Settentrionale","n":3,"date_min":-400,"date_max":-1,"lang":4,"langs":{"4":3},"alphabets":{"3":3},"parent":null,"level":"site","shared":1,"links":0}},{"type":"Feature","geometry":{"type":"Point","coordinates":[12.393992,42.921138]},"properties":{"id":1163,"name":"Colle Pepe","slug":"colle-pepe","region":"Umbria","n":3,"date_min":-400,"date_max":-1,"lang":4,"langs":{"4":3},"alphabets":{"1":2,"3":1},"parent":null,"level":"site","shared":1,"links":0}},{"type":"Feature","geometry":{"type":"Point","coordinates":[12.299417,43.104361]},"properties":{"id":1180,"name":"Fosso Rigo","slug":"fosso-rigo","region":"Etruria Settentrionale","n":3,"date_min":-125,"date_max":-51,"lang":4,"langs":{"4":3},"alphabets":{"1":1,"3":2},"parent":null,"level":"site","shared":1,"links":0}},{"type":"Feature","geometry":{"type":"Point","coordinates":[12.379422,43.117174]},"properties":{"id":1181,"name":"Elce","slug":"elce","region":"Etruria Settentrionale","n":3,"date_min":-400,"date_max":-1,"lang":4,"langs":{"4":3},"alphabets":{"1":3},"parent":null,"level":"site","shared":1,"links":0}},{"type":"Feature","geometry":{"type":"Point","coordinates":[12.329808,43.183234]},"properties":{"id":1195,"name":"Compresso","slug":"compresso","region":"Etruria Settentrionale","n":3,"date_min":-400,"date_max":-1,"lang":4,"langs":{"4":3},"alphabets":{"1":2,"3":1},"parent":null,"level":"site","shared":1,"links":0}},{"type":"Feature","geometry":{"type":"Point","coordinates":[10.614489,43.060382]},"properties":{"id":1215,"name":"Campiglia","slug":"campiglia","region":"Etruria Settentrionale","n":3,"date_min":-350,"date_max":-101,"lang":4,"langs":{"4":3},"alphabets":{"1":2,"5":1},"parent":null,"level":"site","shared":1,"links":0}},{"type":"Feature","geometry":{"type":"Point","coordinates":[11.159999,42.827723]},"properties":{"id":1233,"name":"Podere Arrighi","slug":"podere-arrighi","region":"Etruria Settentrionale","n":3,"date_min":-525,"date_max":-1,"lang":4,"langs":{"4":3},"alphabets":{"1":1,"2":2},"parent":1236,"level":"locality","shared":4,"links":0}},{"type":"Feature","geometry":{"type":"Point","coordinates":[11.770142,42.249719]},"properties":{"id":1254,"name":"Monterozzi, Villa Tarantola - T Alvethna","slug":"monterozzi-villa-tarantola-t-alvethna","region":"Etruria Meridionale","n":3,"date_min":-325,"date_max":-301,"lang":4,"langs":{"4":3},"alphabets":{"2":3},"parent":1968,"level":"tomb","shared":42,"links":0}},{"type":"Feature","geometry":{"type":"Point","coordinates":[11.770142,42.249719]},"properties":{"id":1258,"name":"Monterozzi, Secondi Archi - T d Pulena","slug":"monterozzi-secondi-archi-t-d-pulena","region":"Etruria Meridionale","n":3,"date_min":-250,"date_max":-151,"lang":4,"langs":{"4":3},"alphabets":{"2":3},"parent":1968,"level":"tomb","shared":42,"links":0}},{"type":"Feature","geometry":{"type":"Point","coordinates":[11.770142,42.249719]},"properties":{"id":1279,"name":"Monterozzi, Cimitero - T d Atie","slug":"monterozzi-cimitero-t-d-atie","region":"Etruria Meridionale","n":3,"date_min":-325,"date_max":-276,"lang":4,"langs":{"4":3},"alphabets":{"2":3},"parent":1968,"level":"tomb","shared":42,"links":0}},{"type":"Feature","geometry":{"type":"Point","coordinates":[11.770142,42.249719]},"properties":{"id":1281,"name":"Monterozzi, Calvario - T 5512","slug":"monterozzi-calvario-t-5512","region":"Etruria Meridionale","n":3,"date_min":-275,"date_max":-101,"lang":4,"langs":{"4":3},"alphabets":{"2":3},"parent":1968,"level":"tomb","shared":42,"links":0}},{"type":"Feature","geometry":{"type":"Point","coordinates":[11.770142,42.249719]},"properties":{"id":1296,"name":"Monterozzi, Cimitero - T d Cardinale","slug":"monterozzi-cimitero-t-d-cardinale","region":"Etruria Meridionale","n":3,"date_min":-225,"date_max":-101,"lang":4,"langs":{"4":3},"alphabets":{"1":2,"2":1},"parent":1968,"level":"tomb","shared":42,"links":0}},{"type":"Feature","geometry":{"type":"Point","coordinates":[11.64129,42.420547]},"properties":{"id":1312,"name":"Cavalupo","slug":"cavalupo","region":"Etruria Meridionale","n":3,"date_min":-500,"date_max":-426,"lang":4,"langs":{"4":3},"alphabets":{"1":2,"2":1},"parent":null,"level":"site","shared":1,"links":0}},{"type":"Feature","geometry":{"type":"Point","coordinates":[12.407232,42.013633]},"properties":{"id":1337,"name":"Piazza d'Armi","slug":"piazza-d-armi","region":"Etruria Meridionale","n":3,"date_min":-625,"date_max":-501,"lang":4,"langs":{"4":3},"alphabets":{"1":1,"2":2},"parent":null,"level":"site","shared":1,"links":0}},{"type":"Feature","geometry":{"type":"Point","coordinates":[12.394031,42.026614]},"properties":{"id":1344,"name":"Campetti","slug":"campetti","region":"Etruria Meridionale","n":3,"date_min":-600,"date_max":-101,"lang":4,"langs":{"4":3},"alphabets":{"1":2,"2":1},"parent":null,"level":"site","shared":1,"links":0}},{"type":"Feature","geometry":{"type":"Point","coordinates":[12.43252,41.97635]},"properties":{"id":1349,"name":"Volusia","slug":"volusia","region":"Etruria Meridionale","n":3,"date_min":-625,"date_max":-601,"lang":4,"langs":{"4":3},"alphabets":{"2":2,"3":1},"parent":null,"level":"site","shared":1,"links":0}},{"type":"Feature","geometry":{"type":"Point","coordinates":[10.784879,42.869298]},"properties":{"id":1356,"name":"Poggio alla Guardia","slug":"poggio-alla-guardia","region":"Etruria Settentrionale","n":3,"date_min":-700,"date_max":-301,"lang":4,"langs":{"4":3},"alphabets":{"3":3},"parent":null,"level":"site","shared":1,"links":0}},{"type":"Feature","geometry":{"type":"Point","coordinates":[10.972109,42.859455]},"properties":{"id":1358,"name":"Costa Murata","slug":"costa-murata","region":"Etruria Settentrionale","n":3,"date_min":-525,"date_max":-1,"lang":4,"langs":{"4":3},"alphabets":{"1":2,"3":1},"parent":1447,"level":"locality","shared":9,"links":0}},{"type":"Feature","geometry":{"type":"Point","coordinates":[11.816994,42.571156]},"properties":{"id":1426,"name":"Poggio Casetta","slug":"poggio-casetta","region":"Etruria Meridionale","n":3,"date_min":-175,"date_max":-151,"lang":4,"langs":{"4":3},"alphabets":{"1":1,"2":2},"parent":null,"level":"site","shared":1,"links":0}},{"type":"Feature","geometry":{"type":"Point","coordinates":[10.719038,43.547089]},"properties":{"id":1439,"name":"Peccioli","slug":"peccioli","region":"Etruria Settentrionale","n":3,"date_min":-700,"date_max":-1,"lang":4,"langs":{"4":3},"alphabets":{"1":2,"3":1},"parent":null,"level":"site","shared":1,"links":0}},{"type":"Feature","geometry":{"type":"Point","coordinates":[10.864228,43.411438]},"properties":{"id":1443,"name":"Necropoli del Portone","slug":"necropoli-del-portone","region":"Etruria Settentrionale","n":3,"date_min":-400,"date_max":-1,"lang":4,"langs":{"4":3},"alphabets":{"3":3},"parent":1438,"level":"necropolis","shared":5,"links":0}},{"type":"Feature","geometry":{"type":"Point","coordinates":[10.91211,43.552327]},"properties":{"id":1451,"name":"Montaione","slug":"montaione","region":"Etruria Settentrionale","n":3,"date_min":-550,"date_max":-201,"lang":4,"langs":{"4":3},"alphabets":{"3":3},"parent":null,"level":"site","shared":1,"links":0}},{"type":"Feature","geometry":{"type":"Point","coordinates":[11.046044,43.340203]},"properties":{"id":1453,"name":"Casole d'Elsa","slug":"casole-d-elsa","region":"Etruria Settentrionale","n":3,"date_min":-525,"date_max":-1,"lang":4,"langs":{"4":3},"alphabets":{"3":2,"5":1},"parent":null,"level":"site","shared":1,"links":0}},{"type":"Feature","geometry":{"type":"Point","coordinates":[10.597793,43.363971]},"properties":{"id":1455,"name":"Riparbella","slug":"riparbella","region":"Etruria Settentrionale","n":3,"date_min":-400,"date_max":-1,"lang":4,"langs":{"4":3},"alphabets":{"2":2,"3":1},"parent":null,"level":"site","shared":1,"links":0}},{"type":"Feature","geometry":{"type":"Point","coordinates":[15.107103,36.842262]},"properties":{"id":1497,"name":"Helorus","slug":"helorus","region":"Sicily","n":3,"date_min":-600,"date_max":-1,"lang":6,"langs":{"6":3},"alphabets":{"23":1,"24":2},"parent":null,"level":"site","shared":1,"links":0}},{"type":"Feature","geometry":{"type":"Point","coordinates":[14.26339,37.05933]},"properties":{"id":1503,"name":"Bitalemi","slug":"bitalemi","region":"Sicily","n":3,"date_min":-575,"date_max":-401,"lang":6,"langs":{"6":3},"alphabets":{"23":3},"parent":null,"level":"site","shared":1,"links":0}},{"type":"Feature","geometry":{"type":"Point","coordinates":[13.93184,37.100006]},"properties":{"id":1507,"name":"Phintias-Licata","slug":"phintias-licata","region":"Sicily","n":3,"date_min":-375,"date_max":-1,"lang":6,"langs":{"6":3},"alphabets":{"24":3},"parent":null,"level":"site","shared":2,"links":0}},{"type":"Feature","geometry":{"type":"Point","coordinates":[14.740017,37.624073]},"properties":{"id":1518,"name":"Centuripae","slug":"centuripae","region":"Sicily","n":3,"date_min":-400,"date_max":-1,"lang":6,"langs":{"6":3},"alphabets":{"24":3},"parent":null,"level":"site","shared":1,"links":0}},{"type":"Feature","geometry":{"type":"Point","coordinates":[14.047504,37.599812]},"properties":{"id":1526,"name":"Sicily (unspecified findspot)","slug":"sicily-unspecified-findspot","region":"Sicily","n":3,"date_min":-575,"date_max":-451,"lang":6,"langs":{"6":3},"alphabets":{"23":2,"24":1},"parent":null,"level":"site","shared":1,"links":0}},{"type":"Feature","geometry":{"type":"Point","coordinates":[15.1475,41.077778]},"properties":{"id":1557,"name":"Flumeri","slug":"flumeri","region":"Apulia","n":3,"date_min":-650,"date_max":-1,"lang":10,"langs":{"10":3},"alphabets":{"13":3},"parent":null,"level":"site","shared":1,"links":0}},{"type":"Feature","geometry":{"type":"Point","coordinates":[14.349396,41.557086]},"properties":{"id":1589,"name":"Macchiagodena","slug":"macchiagodena","region":"Samnium","n":3,"date_min":-650,"date_max":-1,"lang":10,"langs":{"10":3},"alphabets":{"13":3},"parent":null,"level":"site","shared":1,"links":0}},{"type":"Feature","geometry":{"type":"Point","coordinates":[15.434011,40.113015]},"properties":{"id":1593,"name":"Roccagloriosa","slug":"roccagloriosa","region":"Lucania et Bruttium","n":3,"date_min":-650,"date_max":-1,"lang":10,"langs":{"10":3},"alphabets":{"23":3},"parent":null,"level":"site","shared":1,"links":0}},{"type":"Feature","geometry":{"type":"Point","coordinates":[17.1467,39.3965]},"properties":{"id":1602,"name":"Crimisa","slug":"crimisa","region":"Lucania et Bruttium","n":3,"date_min":-300,"date_max":-201,"lang":10,"langs":{"10":3},"alphabets":{"23":3},"parent":null,"level":"site","shared":1,"links":0}},{"type":"Feature","geometry":{"type":"Point","coordinates":[14.481352,40.751744]},"properties":{"id":1618,"name":"Herculaneum (Ercolano)","slug":"herculaneum-ercolano","region":"Campania","n":3,"date_min":-150,"date_max":-76,"lang":10,"langs":{"10":3},"alphabets":{"13":2,"22":1},"parent":null,"level":"site","shared":1,"links":0}},{"type":"Feature","geometry":{"type":"Point","coordinates":[14.979801,40.514033]},"properties":{"id":1631,"name":"Lucania","slug":"lucania","region":"Campania","n":3,"date_min":-375,"date_max":-176,"lang":10,"langs":{"10":3},"alphabets":{"6":1,"23":2},"parent":null,"level":"site","shared":4,"links":0}},{"type":"Feature","geometry":{"type":"Point","coordinates":[7.319,45.744]},"properties":{"id":1703,"name":"Aosta (Consolata)","slug":"aosta-consolata","region":"Alpes Graiae et Poeninae","n":3,"date_min":-150,"date_max":-51,"lang":2,"langs":{"2":3},"alphabets":{"29":3},"parent":null,"level":"site","shared":1,"links":0}},{"type":"Feature","geometry":{"type":"Point","coordinates":[9.662,45.705]},"properties":{"id":1721,"name":"Bergamo (Via del Vagine)","slug":"bergamo-via-del-vagine","region":"Transpadana","n":3,"date_min":-125,"date_max":-1,"lang":2,"langs":{"2":3},"alphabets":{"29":3},"parent":null,"level":"site","shared":1,"links":0}},{"type":"Feature","geometry":{"type":"Point","coordinates":[9.135,45.769]},"properties":{"id":1756,"name":"Como (Capiago Intimiano Mandana necropolis)","slug":"como-capiago-intimiano-mandana-necropolis","region":"Transpadana","n":3,"date_min":-50,"date_max":-1,"lang":2,"langs":{"2":3},"alphabets":{"29":3},"parent":null,"level":"necropolis","shared":1,"links":0}},{"type":"Feature","geometry":{"type":"Point","coordinates":[8.964,45.569]},"properties":{"id":1766,"name":"Parabiago (San Lorenzo)","slug":"parabiago-san-lorenzo","region":"Transpadana","n":3,"date_min":-100,"date_max":50,"lang":2,"langs":{"2":3},"alphabets":{"6":1,"29":2},"parent":null,"level":"site","shared":1,"links":0}},{"type":"Feature","geometry":{"type":"Point","coordinates":[9.165,45.565]},"properties":{"id":1773,"name":"Paderno Dugnano","slug":"paderno-dugnano","region":"Transpadana","n":3,"date_min":-75,"date_max":-1,"lang":2,"langs":{"2":3},"alphabets":{"29":3},"parent":null,"level":"site","shared":1,"links":0}},{"type":"Feature","geometry":{"type":"Point","coordinates":[8.573,45.73]},"properties":{"id":1791,"name":"Dormelletto (structure 120)","slug":"dormelletto-structure-120","region":"Transpadana","n":3,"date_min":-175,"date_max":-51,"lang":2,"langs":{"2":3},"alphabets":{"6":2,"29":1},"parent":null,"level":"site","shared":1,"links":0}},{"type":"Feature","geometry":{"type":"Point","coordinates":[8.939,45.216]},"properties":{"id":1797,"name":"Garlasco (Madonna delle Bozzole)","slug":"garlasco-madonna-delle-bozzole","region":"Transpadana","n":3,"date_min":-150,"date_max":75,"lang":2,"langs":{"2":3},"alphabets":{"6":2,"29":1},"parent":null,"level":"site","shared":1,"links":0}},{"type":"Feature","geometry":{"type":"Point","coordinates":[8.966,46.067]},"properties":{"id":1813,"name":"Capriasca (Tesserete)","slug":"capriasca-tesserete","region":"Transpadana","n":3,"date_min":-425,"date_max":-126,"lang":2,"langs":{"2":3},"alphabets":{"29":3},"parent":null,"level":"site","shared":1,"links":0}},{"type":"Feature","geometry":{"type":"Point","coordinates":[8.98,46.036]},"properties":{"id":1815,"name":"Davesco","slug":"davesco","region":"Transpadana","n":3,"date_min":-525,"date_max":-126,"lang":2,"langs":{"2":3},"alphabets":{"29":3},"parent":null,"level":"site","shared":1,"links":0}},{"type":"Feature","geometry":{"type":"Point","coordinates":[8.935,45.859]},"properties":{"id":1819,"name":"Stabio (San Pietro di Stabio)","slug":"stabio-san-pietro-di-stabio","region":"Transpadana","n":3,"date_min":-425,"date_max":-51,"lang":2,"langs":{"2":3},"alphabets":{"29":3},"parent":null,"level":"site","shared":1,"links":0}},{"type":"Feature","geometry":{"type":"Point","coordinates":[8.787,45.628]},"properties":{"id":1830,"name":"Samarate","slug":"samarate","region":"Transpadana","n":3,"date_min":-150,"date_max":-101,"lang":2,"langs":{"2":3},"alphabets":{"29":3},"parent":null,"level":"site","shared":1,"links":0}},{"type":"Feature","geometry":{"type":"Point","coordinates":[8.658,45.715]},"properties":{"id":1832,"name":"Sesto Calende (Presualdo)","slug":"sesto-calende-presualdo","region":"Transpadana","n":3,"date_min":-675,"date_max":-551,"lang":2,"langs":{"2":3},"alphabets":{"29":3},"parent":null,"level":"site","shared":1,"links":0}},{"type":"Feature","geometry":{"type":"Point","coordinates":[17.018582,41.030079]},"properties":{"id":1860,"name":"Azetium (Rutigliano)","slug":"azetium-rutigliano","region":"Apulia","n":3,"date_min":-400,"date_max":-1,"lang":9,"langs":{"9":3},"alphabets":{"17":3},"parent":null,"level":"site","shared":1,"links":0}},{"type":"Feature","geometry":{"type":"Point","coordinates":[17.438786,40.48807]},"properties":{"id":1872,"name":"Mesochorum (Grottaglie)","slug":"mesochorum-grottaglie","region":"Messapia","n":3,"date_min":-600,"date_max":-351,"lang":9,"langs":{"9":3},"alphabets":{"17":3},"parent":null,"level":"site","shared":1,"links":0}},{"type":"Feature","geometry":{"type":"Point","coordinates":[15.9933,41.403381]},"properties":{"id":1887,"name":"Salapia (Salpi)","slug":"salapia-salpi","region":"Apulia","n":3,"date_min":-300,"date_max":-201,"lang":9,"langs":{"9":3},"alphabets":{"17":3},"parent":null,"level":"site","shared":1,"links":0}},{"type":"Feature","geometry":{"type":"Point","coordinates":[12.242061,45.666251]},"properties":{"id":1909,"name":"Treviso, Italy","slug":"treviso-italy","region":"Venetia et Histria","n":3,"date_min":-600,"date_max":-1,"lang":14,"langs":{"14":3},"alphabets":{"6":3},"parent":1910,"level":"locality","shared":2,"links":0}},{"type":"Feature","geometry":{"type":"Point","coordinates":[13.989141,46.003956]},"properties":{"id":1915,"name":"Idria","slug":"idria","region":"Venetia et Histria","n":3,"date_min":-600,"date_max":-1,"lang":14,"langs":{"14":3},"alphabets":{"18":3},"parent":null,"level":"site","shared":1,"links":0}},{"type":"Feature","geometry":{"type":"Point","coordinates":[11.579,47.288]},"properties":{"id":1930,"name":"Volders (Tirol)","slug":"volders-tirol","region":"Noricum","n":3,"date_min":-525,"date_max":-1,"lang":12,"langs":{"12":3},"alphabets":{"25":1,"27":1},"parent":null,"level":"site","shared":1,"links":0}},{"type":"Feature","geometry":{"type":"Point","coordinates":[11.047,46.249]},"properties":{"id":1938,"name":"Dercolo","slug":"dercolo","region":"Venetia et Histria","n":3,"date_min":-525,"date_max":-1,"lang":12,"langs":{"12":3},"alphabets":{"26":1,"27":1},"parent":null,"level":"site","shared":1,"links":0}},{"type":"Feature","geometry":{"type":"Point","coordinates":[11.033,46.367]},"properties":{"id":1941,"name":"Cles Campi Neri","slug":"cles-campi-neri","region":"Venetia et Histria","n":3,"date_min":-500,"date_max":-101,"lang":12,"langs":{"12":3},"alphabets":{"27":3},"parent":null,"level":"site","shared":2,"links":0}},{"type":"Feature","geometry":{"type":"Point","coordinates":[11.459,46.535]},"properties":{"id":1946,"name":"Klobenstein","slug":"klobenstein","region":"Venetia et Histria","n":3,"date_min":-525,"date_max":-1,"lang":12,"langs":{"12":3},"alphabets":{"26":1,"27":2},"parent":null,"level":"site","shared":1,"links":0}},{"type":"Feature","geometry":{"type":"Point","coordinates":[13.197536,37.967275]},"properties":{"id":4,"name":"Ietas","slug":"ietas","region":"Sicily","n":2,"date_min":-500,"date_max":-451,"lang":3,"langs":{"3":2},"alphabets":{"15":2},"parent":1547,"level":"locality","shared":3,"links":0}},{"type":"Feature","geometry":{"type":"Point","coordinates":[12.45531,42.342705]},"properties":{"id":10,"name":"Grotta Porciosa","slug":"grotta-porciosa","region":"Agri Faliscus et Capena","n":2,"date_min":-400,"date_max":-226,"lang":5,"langs":{"5":2},"alphabets":{"9":2},"parent":null,"level":"site","shared":1,"links":0}},{"type":"Feature","geometry":{"type":"Point","coordinates":[12.257652,42.321875]},"properties":{"id":11,"name":"Fabrica di Roma","slug":"fabrica-di-roma","region":"Agri Faliscus et Capena","n":2,"date_min":-400,"date_max":-226,"lang":5,"langs":{"5":2},"alphabets":{"9":2},"parent":null,"level":"site","shared":1,"links":0}},{"type":"Feature","geometry":{"type":"Point","coordinates":[12.577417,42.163607]},"properties":{"id":16,"name":"Fiano Romano","slug":"fiano-romano","region":"Agri Faliscus et Capena","n":2,"date_min":-700,"date_max":-401,"lang":4,"langs":{"4":1,"5":1},"alphabets":{"1":1,"2":1},"parent":null,"level":"site","shared":1,"links":0}},{"type":"Feature","geometry":{"type":"Point","coordinates":[12.619129,41.996708]},"properties":{"id":21,"name":"Ficulea","slug":"ficulea","region":"Samnium","n":2,"date_min":-50,"date_max":-1,"lang":7,"langs":{"7":2},"alphabets":{"6":2},"parent":null,"level":"site","shared":1,"links":0}},{"type":"Feature","geometry":{"type":"Point","coordinates":[13.466138,45.798617]},"properties":{"id":33,"name":"San Canzian d'Isonzo / Aquileia","slug":"san-canzian-d-isonzo-aquileia","region":"Venetia et Histria","n":2,"date_min":-50,"date_max":-1,"lang":7,"langs":{"7":2},"alphabets":{"6":2},"parent":null,"level":"site","shared":1,"links":0}},{"type":"Feature","geometry":{"type":"Point","coordinates":[13.850574,45.295821]},"properties":{"id":72,"name":"Novaki Motovunski","slug":"novaki-motovunski","region":"Venetia et Histria","n":2,"date_min":-25,"date_max":-1,"lang":7,"langs":{"7":2},"alphabets":{"6":2},"parent":null,"level":"site","shared":1,"links":0}},{"type":"Feature","geometry":{"type":"Point","coordinates":[13.687,45.765899]},"properties":{"id":76,"name":"San Pelagio / Sempolaj","slug":"san-pelagio-sempolaj","region":"Venetia et Histria","n":2,"date_min":-100,"date_max":-76,"lang":7,"langs":{"7":2},"alphabets":{"6":2},"parent":null,"level":"site","shared":1,"links":0}},{"type":"Feature","geometry":{"type":"Point","coordinates":[13.430328,46.093623]},"properties":{"id":79,"name":"Cividale del Friuli / Forum Iulii","slug":"cividale-del-friuli-forum-iulii","region":"Venetia et Histria","n":2,"date_min":-100,"date_max":-1,"lang":7,"langs":{"7":2},"alphabets":{"6":2},"parent":null,"level":"site","shared":1,"links":0}},{"type":"Feature","geometry":{"type":"Point","coordinates":[13.139752,46.27711]},"properties":{"id":81,"name":"Osoppo / Glemona","slug":"osoppo-glemona","region":"Venetia et Histria","n":2,"date_min":-25,"date_max":-1,"lang":7,"langs":{"7":2},"alphabets":{"6":2},"parent":null,"level":"site","shared":1,"links":0}},{"type":"Feature","geometry":{"type":"Point","coordinates":[11.805076,45.302355]},"properties":{"id":86,"name":"Colli Euganei","slug":"colli-euganei","region":"Venetia et Histria","n":2,"date_min":-150,"date_max":-126,"lang":7,"langs":{"7":2},"alphabets":{"6":2},"parent":null,"level":"site","shared":1,"links":0}},{"type":"Feature","geometry":{"type":"Point","coordinates":[10.442348,45.129535]},"properties":{"id":93,"name":"Calvatone / Bedriacum","slug":"calvatone-bedriacum","region":"Venetia et Histria","n":2,"date_min":-100,"date_max":-1,"lang":7,"langs":{"7":2},"alphabets":{"6":2},"parent":null,"level":"site","shared":1,"links":0}},{"type":"Feature","geometry":{"type":"Point","coordinates":[14.619839,40.810811]},"properties":{"id":119,"name":"Sarno / Sarnum","slug":"sarno-sarnum","region":"Campania","n":2,"date_min":-75,"date_max":-1,"lang":7,"langs":{"7":2},"alphabets":{"6":2},"parent":null,"level":"site","shared":1,"links":0}},{"type":"Feature","geometry":{"type":"Point","coordinates":[14.032523,41.734257]},"properties":{"id":123,"name":"Alfedena / Aufidenia","slug":"alfedena-aufidenia","region":"Samnium","n":2,"date_min":-100,"date_max":-1,"lang":7,"langs":{"7":2},"alphabets":{"6":2},"parent":null,"level":"site","shared":1,"links":0}},{"type":"Feature","geometry":{"type":"Point","coordinates":[12.994344,42.025923]},"properties":{"id":128,"name":"Roviano","slug":"roviano","region":"Samnium","n":2,"date_min":-25,"date_max":-1,"lang":7,"langs":{"7":2},"alphabets":{"6":2},"parent":null,"level":"site","shared":1,"links":0}},{"type":"Feature","geometry":{"type":"Point","coordinates":[7.822544,45.011441]},"properties":{"id":135,"name":"Chieri / Carreum Potentia","slug":"chieri-carreum-potentia","region":"Liguria","n":2,"date_min":-100,"date_max":-1,"lang":7,"langs":{"7":2},"alphabets":{"6":2},"parent":null,"level":"site","shared":1,"links":0}},{"type":"Feature","geometry":{"type":"Point","coordinates":[13.719481,43.304556]},"properties":{"id":143,"name":"Civitanova Marche / Porto Civitanova / Cluana","slug":"civitanova-marche-porto-civitanova-cluana","region":"Picenum","n":2,"date_min":-175,"date_max":-51,"lang":7,"langs":{"7":2},"alphabets":{"6":2},"parent":null,"level":"site","shared":1,"links":0}},{"type":"Feature","geometry":{"type":"Point","coordinates":[13.243375,43.522416]},"properties":{"id":145,"name":"Esino / Aesis","slug":"esino-aesis","region":"Umbria","n":2,"date_min":-250,"date_max":-1,"lang":7,"langs":{"7":2},"alphabets":{"6":2},"parent":null,"level":"site","shared":1,"links":0}},{"type":"Feature","geometry":{"type":"Point","coordinates":[8.865452,44.897171]},"properties":{"id":147,"name":"Tortona / Dertona","slug":"tortona-dertona","region":"Liguria","n":2,"date_min":-200,"date_max":-1,"lang":7,"langs":{"7":2},"alphabets":{"6":2},"parent":null,"level":"site","shared":1,"links":0}},{"type":"Feature","geometry":{"type":"Point","coordinates":[13.216109,46.15763]},"properties":{"id":149,"name":"Fagagna / Ad Tricesimum","slug":"fagagna-ad-tricesimum","region":"Venetia et Histria","n":2,"date_min":-25,"date_max":-1,"lang":7,"langs":{"7":2},"alphabets":{"6":2},"parent":null,"level":"site","shared":1,"links":0}},{"type":"Feature","geometry":{"type":"Point","coordinates":[13.224718,46.280679]},"properties":{"id":151,"name":"Pers / Brieh / Ad Tricesimum","slug":"pers-brieh-ad-tricesimum","region":"Venetia et Histria","n":2,"date_min":-25,"date_max":-1,"lang":7,"langs":{"7":2},"alphabets":{"6":2},"parent":null,"level":"site","shared":1,"links":0}},{"type":"Feature","geometry":{"type":"Point","coordinates":[7.625772,43.789146]},"properties":{"id":155,"name":"Ventimiglia / Albintimilium","slug":"ventimiglia-albintimilium","region":"Liguria","n":2,"date_min":-100,"date_max":-1,"lang":7,"langs":{"7":2},"alphabets":{"6":2},"parent":null,"level":"site","shared":1,"links":0}},{"type":"Feature","geometry":{"type":"Point","coordinates":[12.233947,41.767566]},"properties":{"id":158,"name":"Fiumicino / Portus","slug":"fiumicino-portus","region":"Etruria Meridionale","n":2,"date_min":-350,"date_max":-26,"lang":7,"langs":{"7":2},"alphabets":{"6":2},"parent":null,"level":"site","shared":1,"links":0}},{"type":"Feature","geometry":{"type":"Point","coordinates":[13.250134,41.862665]},"properties":{"id":166,"name":"Trevi nel Lazio / Treba","slug":"trevi-nel-lazio-treba","region":"Latium","n":2,"date_min":-100,"date_max":-1,"lang":7,"langs":{"7":2},"alphabets":{"6":2},"parent":null,"level":"site","shared":1,"links":0}},{"type":"Feature","geometry":{"type":"Point","coordinates":[8.859618,45.860392]},"properties":{"id":196,"name":"Arcisate","slug":"arcisate","region":"Transpadana","n":2,"date_min":-100,"date_max":-51,"lang":7,"langs":{"7":2},"alphabets":{"6":2},"parent":null,"level":"site","shared":1,"links":0}},{"type":"Feature","geometry":{"type":"Point","coordinates":[12.842768,45.758285]},"properties":{"id":205,"name":"Concordia Sagittaria / Iulia Concordia / Concordia","slug":"concordia-sagittaria-iulia-concordia-concordia","region":"Venetia et Histria","n":2,"date_min":-150,"date_max":-51,"lang":7,"langs":{"7":2},"alphabets":{"6":2},"parent":null,"level":"site","shared":1,"links":0}},{"type":"Feature","geometry":{"type":"Point","coordinates":[15.937511,40.793108]},"properties":{"id":211,"name":"Acerenza / Aceruntia","slug":"acerenza-aceruntia","region":"Lucania et Bruttium","n":2,"date_min":-75,"date_max":-1,"lang":7,"langs":{"7":2},"alphabets":{"6":2},"parent":null,"level":"site","shared":1,"links":0}},{"type":"Feature","geometry":{"type":"Point","coordinates":[10.630721,44.698137]},"properties":{"id":221,"name":"Reggio nell'Emilia / Reggio Emilia / Regium Lepidum","slug":"reggio-nell-emilia-reggio-emilia-regium-lepidum","region":"Aemilia","n":2,"date_min":-50,"date_max":-1,"lang":7,"langs":{"7":2},"alphabets":{"6":2},"parent":null,"level":"site","shared":2,"links":0}},{"type":"Feature","geometry":{"type":"Point","coordinates":[13.516073,43.618993]},"properties":{"id":231,"name":"Fabriano / Ancona","slug":"fabriano-ancona","region":"Picenum","n":2,"date_min":-250,"date_max":-1,"lang":7,"langs":{"7":2},"alphabets":{"6":2},"parent":null,"level":"site","shared":1,"links":0}},{"type":"Feature","geometry":{"type":"Point","coordinates":[13.743264,41.688464]},"properties":{"id":241,"name":"Alvito / Cominium","slug":"alvito-cominium","region":"Latium","n":2,"date_min":-100,"date_max":-1,"lang":7,"langs":{"7":2},"alphabets":{"6":2},"parent":null,"level":"site","shared":1,"links":0}},{"type":"Feature","geometry":{"type":"Point","coordinates":[13.689988,42.984251]},"properties":{"id":257,"name":"Cossignano","slug":"cossignano","region":"Picenum","n":2,"date_min":-75,"date_max":-1,"lang":7,"langs":{"7":2},"alphabets":{"6":2},"parent":null,"level":"site","shared":1,"links":0}},{"type":"Feature","geometry":{"type":"Point","coordinates":[15.890634,41.60939]},"properties":{"id":267,"name":"Siponto / Sipontum","slug":"siponto-sipontum","region":"Apulia","n":2,"date_min":-50,"date_max":-1,"lang":7,"langs":{"7":2},"alphabets":{"6":2},"parent":null,"level":"site","shared":1,"links":0}},{"type":"Feature","geometry":{"type":"Point","coordinates":[12.800334,41.819196]},"properties":{"id":279,"name":"San Cesareo / Tellene / Tellenae","slug":"san-cesareo-tellene-tellenae","region":"Latium","n":2,"date_min":-150,"date_max":-1,"lang":7,"langs":{"7":2},"alphabets":{"6":2},"parent":null,"level":"site","shared":1,"links":0}},{"type":"Feature","geometry":{"type":"Point","coordinates":[13.274825,42.366072]},"properties":{"id":304,"name":"Collettara / Amiternum","slug":"collettara-amiternum","region":"Samnium","n":2,"date_min":-100,"date_max":-1,"lang":7,"langs":{"7":2},"alphabets":{"6":2},"parent":null,"level":"site","shared":1,"links":0}},{"type":"Feature","geometry":{"type":"Point","coordinates":[8.796245,45.121059]},"properties":{"id":308,"name":"Lomello / Laumellum / Ticinum","slug":"lomello-laumellum-ticinum","region":"Transpadana","n":2,"date_min":-200,"date_max":-1,"lang":7,"langs":{"7":2},"alphabets":{"6":2},"parent":null,"level":"site","shared":1,"links":0}},{"type":"Feature","geometry":{"type":"Point","coordinates":[13.787405,45.578909]},"properties":{"id":310,"name":"Elerji / Elleri / Tergeste","slug":"elerji-elleri-tergeste","region":"Venetia et Histria","n":2,"date_min":-100,"date_max":-51,"lang":7,"langs":{"7":2},"alphabets":{"6":2},"parent":null,"level":"site","shared":1,"links":0}},{"type":"Feature","geometry":{"type":"Point","coordinates":[15.164394,40.95146]},"properties":{"id":337,"name":"Rocca San Felice / Frequentum","slug":"rocca-san-felice-frequentum","region":"Apulia","n":2,"date_min":-150,"date_max":-126,"lang":7,"langs":{"7":2},"alphabets":{"6":2},"parent":null,"level":"site","shared":1,"links":0}},{"type":"Feature","geometry":{"type":"Point","coordinates":[14.444129,41.30012]},"properties":{"id":345,"name":"Gioia Sannitica / Allifae","slug":"gioia-sannitica-allifae","region":"Campania","n":2,"date_min":-75,"date_max":-1,"lang":7,"langs":{"7":2},"alphabets":{"6":2},"parent":null,"level":"site","shared":1,"links":0}},{"type":"Feature","geometry":{"type":"Point","coordinates":[16.757056,40.581291]},"properties":{"id":356,"name":"Montescaglioso / Genusia","slug":"montescaglioso-genusia","region":"Apulia","n":2,"date_min":-350,"date_max":-76,"lang":7,"langs":{"7":2},"alphabets":{"6":2},"parent":null,"level":"site","shared":1,"links":0}},{"type":"Feature","geometry":{"type":"Point","coordinates":[14.705923,42.12434]},"properties":{"id":369,"name":"Vasto / Histonium","slug":"vasto-histonium","region":"Samnium","n":2,"date_min":-50,"date_max":-1,"lang":7,"langs":{"7":2},"alphabets":{"6":2},"parent":null,"level":"site","shared":1,"links":0}},{"type":"Feature","geometry":{"type":"Point","coordinates":[14.250068,41.997831]},"properties":{"id":370,"name":"Santa Maria di Palazzo / Iuvanum","slug":"santa-maria-di-palazzo-iuvanum","region":"Samnium","n":2,"date_min":-75,"date_max":-1,"lang":7,"langs":{"7":2},"alphabets":{"6":2},"parent":null,"level":"site","shared":1,"links":0}},{"type":"Feature","geometry":{"type":"Point","coordinates":[14.405203,42.356904]},"properties":{"id":378,"name":"Ortona","slug":"ortona","region":"Samnium","n":2,"date_min":-250,"date_max":-1,"lang":7,"langs":{"7":2},"alphabets":{"6":2},"parent":null,"level":"site","shared":1,"links":0}},{"type":"Feature","geometry":{"type":"Point","coordinates":[15.47818,41.304782]},"properties":{"id":379,"name":"Castelluccio dei Sauri / Marruvium","slug":"castelluccio-dei-sauri-marruvium","region":"Apulia","n":2,"date_min":-200,"date_max":-1,"lang":7,"langs":{"7":2},"alphabets":{"6":2},"parent":null,"level":"site","shared":1,"links":0}},{"type":"Feature","geometry":{"type":"Point","coordinates":[13.041311,42.314542]},"properties":{"id":382,"name":"Capradosso / Cliternia","slug":"capradosso-cliternia","region":"Samnium","n":2,"date_min":-100,"date_max":-1,"lang":7,"langs":{"7":2},"alphabets":{"6":2},"parent":null,"level":"site","shared":1,"links":0}},{"type":"Feature","geometry":{"type":"Point","coordinates":[13.301272,42.436075]},"properties":{"id":391,"name":"Pizzoli / Amiternum","slug":"pizzoli-amiternum","region":"Samnium","n":2,"date_min":-200,"date_max":-1,"lang":7,"langs":{"7":2},"alphabets":{"6":2},"parent":null,"level":"site","shared":1,"links":0}},{"type":"Feature","geometry":{"type":"Point","coordinates":[12.684788,42.264368]},"properties":{"id":401,"name":"Poggio Mirteto","slug":"poggio-mirteto","region":"Samnium","n":2,"date_min":-250,"date_max":-1,"lang":7,"langs":{"7":2},"alphabets":{"6":2},"parent":null,"level":"site","shared":1,"links":0}},{"type":"Feature","geometry":{"type":"Point","coordinates":[15.562485,41.207142]},"properties":{"id":402,"name":"Ascoli Satriano / Ausculum","slug":"ascoli-satriano-ausculum","region":"Apulia","n":2,"date_min":-100,"date_max":-26,"lang":7,"langs":{"7":2},"alphabets":{"6":2},"parent":null,"level":"site","shared":1,"links":0}},{"type":"Feature","geometry":{"type":"Point","coordinates":[13.962266,42.752395]},"properties":{"id":409,"name":"Giulianova / Castrum Novum","slug":"giulianova-castrum-novum","region":"Picenum","n":2,"date_min":-100,"date_max":-26,"lang":7,"langs":{"7":2},"alphabets":{"6":2},"parent":null,"level":"site","shared":1,"links":0}},{"type":"Feature","geometry":{"type":"Point","coordinates":[11.98775,43.274078]},"properties":{"id":419,"name":"Cortona / Corito","slug":"cortona-corito","region":"Etruria Settentrionale","n":2,"date_min":-250,"date_max":-1,"lang":7,"langs":{"7":2},"alphabets":{"6":2},"parent":null,"level":"site","shared":5,"links":0}},{"type":"Feature","geometry":{"type":"Point","coordinates":[13.435249,43.307183]},"properties":{"id":421,"name":"Helvia Recina / Helvia Ricina / Ricina","slug":"helvia-recina-helvia-ricina-ricina","region":"Picenum","n":2,"date_min":-275,"date_max":-1,"lang":7,"langs":{"7":2},"alphabets":{"6":2},"parent":null,"level":"site","shared":1,"links":0}},{"type":"Feature","geometry":{"type":"Point","coordinates":[13.941734,41.033657]},"properties":{"id":425,"name":"Castel Volturno / Volturnum","slug":"castel-volturno-volturnum","region":"Campania","n":2,"date_min":-100,"date_max":-26,"lang":7,"langs":{"7":2},"alphabets":{"6":2},"parent":null,"level":"site","shared":1,"links":0}},{"type":"Feature","geometry":{"type":"Point","coordinates":[13.912405,42.803984]},"properties":{"id":435,"name":"Tortoreto","slug":"tortoreto","region":"Picenum","n":2,"date_min":-100,"date_max":-76,"lang":7,"langs":{"7":2},"alphabets":{"6":2},"parent":null,"level":"site","shared":1,"links":0}},{"type":"Feature","geometry":{"type":"Point","coordinates":[15.424561,41.052268]},"properties":{"id":437,"name":"Lacedonia / Aquilonia","slug":"lacedonia-aquilonia","region":"Apulia","n":2,"date_min":-300,"date_max":-1,"lang":7,"langs":{"7":1,"10":1},"alphabets":{"6":1,"13":1},"parent":null,"level":"site","shared":1,"links":0}},{"type":"Feature","geometry":{"type":"Point","coordinates":[13.735637,41.968939]},"properties":{"id":443,"name":"Aschi Alto","slug":"aschi-alto","region":"Samnium","n":2,"date_min":-200,"date_max":-1,"lang":7,"langs":{"7":2},"alphabets":{"6":2},"parent":null,"level":"site","shared":1,"links":0}},{"type":"Feature","geometry":{"type":"Point","coordinates":[13.812609,41.708124]},"properties":{"id":451,"name":"San Donato Val di Comino / Atina","slug":"san-donato-val-di-comino-atina","region":"Latium","n":2,"date_min":-200,"date_max":-1,"lang":7,"langs":{"7":2},"alphabets":{"6":2},"parent":null,"level":"site","shared":1,"links":0}},{"type":"Feature","geometry":{"type":"Point","coordinates":[12.042702,44.221277]},"properties":{"id":459,"name":"Forli / Forum Livii","slug":"forli-forum-livii","region":"Aemilia","n":2,"date_min":-100,"date_max":-26,"lang":7,"langs":{"7":2},"alphabets":{"6":2},"parent":null,"level":"site","shared":1,"links":0}},{"type":"Feature","geometry":{"type":"Point","coordinates":[13.573077,41.679248]},"properties":{"id":467,"name":"Isola del Liri / Sora","slug":"isola-del-liri-sora","region":"Latium","n":2,"date_min":-100,"date_max":-1,"lang":7,"langs":{"7":2},"alphabets":{"6":2},"parent":null,"level":"site","shared":1,"links":0}},{"type":"Feature","geometry":{"type":"Point","coordinates":[11.389429,42.743145]},"properties":{"id":485,"name":"Poggi Alti","slug":"poggi-alti","region":"Etruria Settentrionale","n":2,"date_min":-100,"date_max":-26,"lang":7,"langs":{"7":2},"alphabets":{"6":2},"parent":null,"level":"site","shared":1,"links":0}},{"type":"Feature","geometry":{"type":"Point","coordinates":[8.781387,40.26519]},"properties":{"id":493,"name":"Macumere / Macomer / Macopsisa","slug":"macumere-macomer-macopsisa","region":"Sardinia","n":2,"date_min":-150,"date_max":-1,"lang":7,"langs":{"7":2},"alphabets":{"6":2},"parent":null,"level":"site","shared":1,"links":0}},{"type":"Feature","geometry":{"type":"Point","coordinates":[11.79681,42.091179]},"properties":{"id":495,"name":"Civitavecchia / Centumcellae / Blera","slug":"civitavecchia-centumcellae-blera","region":"Etruria Meridionale","n":2,"date_min":-400,"date_max":-1,"lang":4,"langs":{"4":1,"7":1},"alphabets":{"2":1,"6":1},"parent":null,"level":"site","shared":1,"links":0}},{"type":"Feature","geometry":{"type":"Point","coordinates":[12.101258,41.934047]},"properties":{"id":497,"name":"Palo Laziale / Alsium","slug":"palo-laziale-alsium","region":"Etruria Meridionale","n":2,"date_min":-300,"date_max":-1,"lang":7,"langs":{"7":2},"alphabets":{"6":2},"parent":null,"level":"site","shared":1,"links":0}},{"type":"Feature","geometry":{"type":"Point","coordinates":[12.651041,43.613769]},"properties":{"id":514,"name":"Acqualagna / Pitinum Mergens","slug":"acqualagna-pitinum-mergens","region":"Umbria","n":2,"date_min":-200,"date_max":-1,"lang":7,"langs":{"7":2},"alphabets":{"6":2},"parent":null,"level":"site","shared":1,"links":0}},{"type":"Feature","geometry":{"type":"Point","coordinates":[8.437561,39.883151]},"properties":{"id":516,"name":"San Giovanni di Sinis / Tharros / Tharrus","slug":"san-giovanni-di-sinis-tharros-tharrus","region":"Sardinia","n":2,"date_min":-100,"date_max":-1,"lang":7,"langs":{"7":2},"alphabets":{"6":2},"parent":null,"level":"site","shared":1,"links":0}},{"type":"Feature","geometry":{"type":"Point","coordinates":[11.589128,44.399693]},"properties":{"id":519,"name":"Castel San Pietro Terme","slug":"castel-san-pietro-terme","region":"Aemilia","n":2,"date_min":-300,"date_max":-226,"lang":7,"langs":{"7":2},"alphabets":{"6":2},"parent":null,"level":"site","shared":1,"links":0}},{"type":"Feature","geometry":{"type":"Point","coordinates":[14.367174,37.385946]},"properties":{"id":522,"name":"Piazza Armerina / Henna / Herbessos","slug":"piazza-armerina-henna-herbessos","region":"Sicily","n":2,"date_min":-500,"date_max":-126,"lang":7,"langs":{"7":2},"alphabets":{"6":1,"7":1},"parent":null,"level":"site","shared":1,"links":0}},{"type":"Feature","geometry":{"type":"Point","coordinates":[14.025568,38.03814]},"properties":{"id":523,"name":"Cefalu / Kephaloidion / Cephaloedium","slug":"cefalu-kephaloidion-cephaloedium","region":"Sicily","n":2,"date_min":-400,"date_max":-26,"lang":7,"langs":{"7":2},"alphabets":{"6":2},"parent":null,"level":"site","shared":1,"links":0}},{"type":"Feature","geometry":{"type":"Point","coordinates":[12.102642,43.137693]},"properties":{"id":538,"name":"Trasimeno, Lago","slug":"trasimeno-lago","region":"Etruria Settentrionale","n":2,"date_min":-50,"date_max":-26,"lang":7,"langs":{"7":2},"alphabets":{"6":2},"parent":null,"level":"locality","shared":1,"links":0}},{"type":"Feature","geometry":{"type":"Point","coordinates":[11.293772,43.808183]},"properties":{"id":539,"name":"Fiesole / Faesulae","slug":"fiesole-faesulae","region":"Etruria Settentrionale","n":2,"date_min":-100,"date_max":-51,"lang":7,"langs":{"7":2},"alphabets":{"6":2},"parent":null,"level":"site","shared":2,"links":0}},{"type":"Feature","geometry":{"type":"Point","coordinates":[13.249791,42.106035]},"properties":{"id":542,"name":"Scanzano / Alba Fucens","slug":"scanzano-alba-fucens","region":"Samnium","n":2,"date_min":-75,"date_max":-26,"lang":7,"langs":{"7":2},"alphabets":{"6":2},"parent":null,"level":"site","shared":1,"links":0}},{"type":"Feature","geometry":{"type":"Point","coordinates":[12.477671,41.802176]},"properties":{"id":547,"name":"Acqua Acetosa","slug":"acqua-acetosa","region":"Latium","n":2,"date_min":-650,"date_max":-401,"lang":7,"langs":{"7":2},"alphabets":{"7":2},"parent":null,"level":"site","shared":1,"links":0}},{"type":"Feature","geometry":{"type":"Point","coordinates":[13.913472,42.213694]},"properties":{"id":555,"name":"Tocco da Casauria / Interpromium","slug":"tocco-da-casauria-interpromium","region":"Samnium","n":2,"date_min":-200,"date_max":-51,"lang":7,"langs":{"7":2},"alphabets":{"6":2},"parent":null,"level":"site","shared":1,"links":0}},{"type":"Feature","geometry":{"type":"Point","coordinates":[14.0833,42.5667]},"properties":{"id":558,"name":"Cerrano, Torrente / Hadria","slug":"cerrano-torrente-hadria","region":"Picenum","n":2,"date_min":-250,"date_max":-51,"lang":7,"langs":{"7":2},"alphabets":{"6":2},"parent":null,"level":"locality","shared":1,"links":0}},{"type":"Feature","geometry":{"type":"Point","coordinates":[11.307597,42.585634]},"properties":{"id":560,"name":"Magliano in Toscana / Heba","slug":"magliano-in-toscana-heba","region":"Etruria Settentrionale","n":2,"date_min":-100,"date_max":-1,"lang":7,"langs":{"7":2},"alphabets":{"6":2},"parent":null,"level":"site","shared":1,"links":0}},{"type":"Feature","geometry":{"type":"Point","coordinates":[8.035244,44.700835]},"properties":{"id":565,"name":"Alba / Alba Pompeia","slug":"alba-alba-pompeia","region":"Liguria","n":2,"date_min":-100,"date_max":-1,"lang":7,"langs":{"7":2},"alphabets":{"6":2},"parent":null,"level":"site","shared":1,"links":0}},{"type":"Feature","geometry":{"type":"Point","coordinates":[12.045065,45.775996]},"properties":{"id":566,"name":"Montebelluna / Acelum / Tarvisium","slug":"montebelluna-acelum-tarvisium","region":"Venetia et Histria","n":2,"date_min":-100,"date_max":-26,"lang":7,"langs":{"7":2},"alphabets":{"6":2},"parent":null,"level":"site","shared":1,"links":0}},{"type":"Feature","geometry":{"type":"Point","coordinates":[9.124429,39.860394]},"properties":{"id":567,"name":"Santa Sofia","slug":"santa-sofia","region":"Sardinia","n":2,"date_min":-150,"date_max":-51,"lang":7,"langs":{"7":2},"alphabets":{"6":2},"parent":null,"level":"site","shared":1,"links":0}},{"type":"Feature","geometry":{"type":"Point","coordinates":[12.217395,46.140031]},"properties":{"id":568,"name":"Belluno / Bellunum","slug":"belluno-bellunum","region":"Venetia et Histria","n":2,"date_min":-200,"date_max":-1,"lang":7,"langs":{"7":1,"14":1},"alphabets":{"6":2},"parent":null,"level":"site","shared":1,"links":0}},{"type":"Feature","geometry":{"type":"Point","coordinates":[13.657901,42.02543]},"properties":{"id":572,"name":"Pescina / Marruvium","slug":"pescina-marruvium","region":"Samnium","n":2,"date_min":-75,"date_max":-1,"lang":7,"langs":{"7":2},"alphabets":{"6":2},"parent":null,"level":"site","shared":1,"links":0}},{"type":"Feature","geometry":{"type":"Point","coordinates":[13.888105,42.122934]},"properties":{"id":579,"name":"Roccacasale / Sulmo","slug":"roccacasale-sulmo","region":"Samnium","n":2,"date_min":-75,"date_max":-26,"lang":7,"langs":{"7":2},"alphabets":{"6":2},"parent":null,"level":"site","shared":1,"links":0}},{"type":"Feature","geometry":{"type":"Point","coordinates":[13.264713,42.20588]},"properties":{"id":596,"name":"Corvaro / Aequiculi / Ager Aequicolanus","slug":"corvaro-aequiculi-ager-aequicolanus","region":"Samnium","n":2,"date_min":-100,"date_max":-1,"lang":7,"langs":{"7":2},"alphabets":{"6":2},"parent":null,"level":"site","shared":1,"links":0}},{"type":"Feature","geometry":{"type":"Point","coordinates":[9.636881,46.418675]},"properties":{"id":600,"name":"Septimerpass / Pass da Sett / Passo del Settimo","slug":"septimerpass-pass-da-sett-passo-del-settimo","region":"Transpadana","n":2,"date_min":-25,"date_max":-1,"lang":7,"langs":{"7":2},"alphabets":{"6":2},"parent":null,"level":"site","shared":1,"links":0}},{"type":"Feature","geometry":{"type":"Point","coordinates":[12.638334,45.536709]},"properties":{"id":602,"name":"Jesolo / Equilium","slug":"jesolo-equilium","region":"Venetia et Histria","n":2,"date_min":-50,"date_max":-26,"lang":7,"langs":{"7":2},"alphabets":{"6":2},"parent":null,"level":"site","shared":1,"links":0}},{"type":"Feature","geometry":{"type":"Point","coordinates":[13.500134,43.274355]},"properties":{"id":609,"name":"Corridonia / Pausulae","slug":"corridonia-pausulae","region":"Picenum","n":2,"date_min":-75,"date_max":-1,"lang":7,"langs":{"7":2},"alphabets":{"6":2},"parent":null,"level":"site","shared":1,"links":0}},{"type":"Feature","geometry":{"type":"Point","coordinates":[12.736167,41.907878]},"properties":{"id":617,"name":"Corcolle / Tibur","slug":"corcolle-tibur","region":"Samnium","n":2,"date_min":-450,"date_max":-251,"lang":7,"langs":{"7":2},"alphabets":{"6":2},"parent":null,"level":"site","shared":1,"links":0}},{"type":"Feature","geometry":{"type":"Point","coordinates":[14.671504,40.74156]},"properties":{"id":640,"name":"Nocera Superiore / Nuceria","slug":"nocera-superiore-nuceria","region":"Campania","n":2,"date_min":-50,"date_max":-1,"lang":7,"langs":{"7":2},"alphabets":{"6":2},"parent":null,"level":"site","shared":1,"links":0}},{"type":"Feature","geometry":{"type":"Point","coordinates":[13.531652,38.093088]},"properties":{"id":642,"name":"Santa Flavia / Soluntum","slug":"santa-flavia-soluntum","region":"Sicily","n":2,"date_min":-150,"date_max":-51,"lang":7,"langs":{"7":2},"alphabets":{"6":2},"parent":null,"level":"site","shared":1,"links":0}},{"type":"Feature","geometry":{"type":"Point","coordinates":[14.080307,40.795185]},"properties":{"id":643,"name":"Bacoli / Bauli","slug":"bacoli-bauli","region":"Campania","n":2,"date_min":-525,"date_max":-476,"lang":7,"langs":{"7":2},"alphabets":{"7":2},"parent":null,"level":"site","shared":1,"links":0}},{"type":"Feature","geometry":{"type":"Point","coordinates":[12.415315,45.497179]},"properties":{"id":662,"name":"Torcello / Altinum","slug":"torcello-altinum","region":"Venetia et Histria","n":2,"date_min":-50,"date_max":-1,"lang":7,"langs":{"7":2},"alphabets":{"6":2},"parent":null,"level":"site","shared":1,"links":0}},{"type":"Feature","geometry":{"type":"Point","coordinates":[14.624061,37.232764]},"properties":{"id":667,"name":"Grammichele / Echetla","slug":"grammichele-echetla","region":"Sicily","n":2,"date_min":-475,"date_max":-426,"lang":7,"langs":{"7":2},"alphabets":{"7":2},"parent":null,"level":"site","shared":1,"links":0}},{"type":"Feature","geometry":{"type":"Point","coordinates":[13.62142,43.511271]},"properties":{"id":671,"name":"Numana","slug":"numana","region":"Picenum","n":2,"date_min":-300,"date_max":-76,"lang":7,"langs":{"7":2},"alphabets":{"6":2},"parent":null,"level":"site","shared":1,"links":0}},{"type":"Feature","geometry":{"type":"Point","coordinates":[12.491862,42.001912]},"properties":{"id":675,"name":"Prima Porta / Ad Gallinas Albas / Saxa Rubra","slug":"prima-porta-ad-gallinas-albas-saxa-rubra","region":"Etruria Meridionale","n":2,"date_min":-550,"date_max":-501,"lang":4,"langs":{"4":1,"7":1},"alphabets":{"1":1,"7":1},"parent":null,"level":"site","shared":1,"links":0}},{"type":"Feature","geometry":{"type":"Point","coordinates":[8.618661,45.445082]},"properties":{"id":685,"name":"Brisino / Stresa / Novaria","slug":"brisino-stresa-novaria","region":"Transpadana","n":2,"date_min":-100,"date_max":-1,"lang":7,"langs":{"7":2},"alphabets":{"6":2},"parent":null,"level":"site","shared":1,"links":0}},{"type":"Feature","geometry":{"type":"Point","coordinates":[13.487411,42.295745]},"properties":{"id":687,"name":"Civita di Bagno / Furcona / Aveia","slug":"civita-di-bagno-furcona-aveia","region":"Samnium","n":2,"date_min":-150,"date_max":-1,"lang":7,"langs":{"7":1,"13":1},"alphabets":{"6":2},"parent":null,"level":"site","shared":1,"links":0}},{"type":"Feature","geometry":{"type":"Point","coordinates":[15.182285,37.203801]},"properties":{"id":694,"name":"Augusta / Megara Hyblaea","slug":"augusta-megara-hyblaea","region":"Sicily","n":2,"date_min":-700,"date_max":-451,"lang":7,"langs":{"7":2},"alphabets":{"7":2},"parent":1516,"level":"locality","shared":2,"links":0}},{"type":"Feature","geometry":{"type":"Point","coordinates":[14.691037,37.264803]},"properties":{"id":697,"name":"Mineo / Menai / Tauromenium","slug":"mineo-menai-tauromenium","region":"Sicily","n":2,"date_min":-350,"date_max":-26,"lang":7,"langs":{"7":2},"alphabets":{"6":2},"parent":null,"level":"site","shared":1,"links":0}},{"type":"Feature","geometry":{"type":"Point","coordinates":[16.494262,39.717328]},"properties":{"id":699,"name":"Cassano all'Ionio / Cassano allo Ionio / Copia","slug":"cassano-all-ionio-cassano-allo-ionio-copia","region":"Lucania et Bruttium","n":2,"date_min":-100,"date_max":-1,"lang":7,"langs":{"7":2},"alphabets":{"6":2},"parent":575,"level":"locality","shared":3,"links":0}},{"type":"Feature","geometry":{"type":"Point","coordinates":[10.526819,42.923166]},"properties":{"id":708,"name":"Piombino / Populonia","slug":"piombino-populonia","region":"Etruria Settentrionale","n":2,"date_min":-300,"date_max":-251,"lang":7,"langs":{"7":2},"alphabets":{"6":2},"parent":null,"level":"site","shared":1,"links":0}},{"type":"Feature","geometry":{"type":"Point","coordinates":[12.468645,37.867151]},"properties":{"id":710,"name":"Mozia / Motya / Birgi","slug":"mozia-motya-birgi","region":"Sicily","n":2,"date_min":-550,"date_max":-401,"lang":7,"langs":{"7":2},"alphabets":{"7":2},"parent":null,"level":"site","shared":1,"links":0}},{"type":"Feature","geometry":{"type":"Point","coordinates":[15.087531,41.152484]},"properties":{"id":712,"name":"Ariano Irpino / Aequum Tuticum","slug":"ariano-irpino-aequum-tuticum","region":"Apulia","n":2,"date_min":-100,"date_max":-1,"lang":7,"langs":{"7":2},"alphabets":{"6":2},"parent":null,"level":"site","shared":1,"links":0}},{"type":"Feature","geometry":{"type":"Point","coordinates":[11.935064,46.5703]},"properties":{"id":720,"name":"San Cassiano","slug":"san-cassiano","region":"Venetia et Histria","n":2,"date_min":-600,"date_max":-376,"lang":4,"langs":{"4":2},"alphabets":{"3":2},"parent":null,"level":"site","shared":1,"links":0}},{"type":"Feature","geometry":{"type":"Point","coordinates":[10.171649,36.79923]},"properties":{"id":728,"name":"Smindja","slug":"smindja","region":"Africa","n":2,"date_min":-100,"date_max":-1,"lang":4,"langs":{"4":2},"alphabets":{"8":2},"parent":726,"level":"locality","shared":2,"links":0}},{"type":"Feature","geometry":{"type":"Point","coordinates":[11.8843,43.464651]},"properties":{"id":739,"name":"Ar., Piazza Grande","slug":"ar-piazza-grande","region":"Etruria Settentrionale","n":2,"date_min":-400,"date_max":-1,"lang":4,"langs":{"4":2},"alphabets":{"5":2},"parent":null,"level":"locality","shared":1,"links":0}},{"type":"Feature","geometry":{"type":"Point","coordinates":[11.878311,43.463246]},"properties":{"id":741,"name":"P Guido Monaco","slug":"p-guido-monaco","region":"Etruria Settentrionale","n":2,"date_min":-400,"date_max":-1,"lang":4,"langs":{"4":2},"alphabets":{"1":1,"3":1},"parent":null,"level":"site","shared":1,"links":0}},{"type":"Feature","geometry":{"type":"Point","coordinates":[11.978077,43.079133]},"properties":{"id":750,"name":"Poggio di S Maria","slug":"poggio-di-s-maria","region":"Etruria Settentrionale","n":2,"date_min":-400,"date_max":-1,"lang":4,"langs":{"4":2},"alphabets":{"1":1,"3":1},"parent":null,"level":"site","shared":1,"links":0}},{"type":"Feature","geometry":{"type":"Point","coordinates":[11.842013,43.534434]},"properties":{"id":759,"name":"Figline","slug":"figline","region":"Etruria Settentrionale","n":2,"date_min":-400,"date_max":-1,"lang":4,"langs":{"4":2},"alphabets":{"3":2},"parent":null,"level":"site","shared":1,"links":0}},{"type":"Feature","geometry":{"type":"Point","coordinates":[11.46084,42.992959]},"properties":{"id":766,"name":"S Angelo in Colle","slug":"s-angelo-in-colle","region":"Etruria Settentrionale","n":2,"date_min":-700,"date_max":-401,"lang":4,"langs":{"4":2},"alphabets":{"3":2},"parent":null,"level":"site","shared":1,"links":0}},{"type":"Feature","geometry":{"type":"Point","coordinates":[11.590075,43.127441]},"properties":{"id":781,"name":"Lucignanello","slug":"lucignanello","region":"Etruria Settentrionale","n":2,"date_min":-400,"date_max":-1,"lang":4,"langs":{"4":2},"alphabets":{"2":1,"3":1},"parent":null,"level":"site","shared":1,"links":0}},{"type":"Feature","geometry":{"type":"Point","coordinates":[11.390233,43.169764]},"properties":{"id":811,"name":"Vescovado di Murlo","slug":"vescovado-di-murlo","region":"Etruria Settentrionale","n":2,"date_min":-325,"date_max":-101,"lang":4,"langs":{"4":2},"alphabets":{"3":2},"parent":null,"level":"site","shared":1,"links":0}},{"type":"Feature","geometry":{"type":"Point","coordinates":[11.499254,43.344384]},"properties":{"id":812,"name":"Castelnuovo Berardenga","slug":"castelnuovo-berardenga","region":"Etruria Settentrionale","n":2,"date_min":-625,"date_max":-351,"lang":4,"langs":{"4":2},"alphabets":{"3":2},"parent":null,"level":"site","shared":1,"links":0}},{"type":"Feature","geometry":{"type":"Point","coordinates":[11.482734,43.035264]},"properties":{"id":816,"name":"Montalcino, Poggio Civitella","slug":"montalcino-poggio-civitella","region":"Etruria Settentrionale","n":2,"date_min":-500,"date_max":-201,"lang":4,"langs":{"4":2},"alphabets":{"1":1,"3":1},"parent":782,"level":"locality","shared":1,"links":0}},{"type":"Feature","geometry":{"type":"Point","coordinates":[11.84316,42.35796]},"properties":{"id":826,"name":"Marta","slug":"marta","region":"Etruria Meridionale","n":2,"date_min":-500,"date_max":-476,"lang":4,"langs":{"4":2},"alphabets":{"1":1,"2":1},"parent":null,"level":"site","shared":1,"links":0}},{"type":"Feature","geometry":{"type":"Point","coordinates":[11.87028,42.419248]},"properties":{"id":835,"name":"Tuscania, Arlena","slug":"tuscania-arlena","region":"Etruria Meridionale","n":2,"date_min":-400,"date_max":-1,"lang":4,"langs":{"4":2},"alphabets":{"2":2},"parent":471,"level":"locality","shared":16,"links":0}},{"type":"Feature","geometry":{"type":"Point","coordinates":[11.87028,42.419248]},"properties":{"id":839,"name":"Tuscania, Picarilla","slug":"tuscania-picarilla","region":"Etruria Meridionale","n":2,"date_min":-275,"date_max":-226,"lang":4,"langs":{"4":2},"alphabets":{"2":2},"parent":471,"level":"locality","shared":16,"links":0}},{"type":"Feature","geometry":{"type":"Point","coordinates":[11.87028,42.419248]},"properties":{"id":842,"name":"Tuscania, Solfarate","slug":"tuscania-solfarate","region":"Etruria Meridionale","n":2,"date_min":-200,"date_max":-101,"lang":4,"langs":{"4":2},"alphabets":{"2":2},"parent":471,"level":"locality","shared":16,"links":0}},{"type":"Feature","geometry":{"type":"Point","coordinates":[11.947736,43.016515]},"properties":{"id":892,"name":"Colle del Vescovo","slug":"colle-del-vescovo","region":"Etruria Settentrionale","n":2,"date_min":-400,"date_max":-1,"lang":4,"langs":{"4":2},"alphabets":{"1":1,"3":1},"parent":200,"level":"locality","shared":39,"links":0}},{"type":"Feature","geometry":{"type":"Point","coordinates":[11.834914,43.053056]},"properties":{"id":894,"name":"La Petriccia","slug":"la-petriccia","region":"Etruria Settentrionale","n":2,"date_min":-200,"date_max":-101,"lang":4,"langs":{"4":2},"alphabets":{"1":2},"parent":null,"level":"site","shared":1,"links":0}},{"type":"Feature","geometry":{"type":"Point","coordinates":[11.94654,43.016617]},"properties":{"id":896,"name":"Predii Paolozzi","slug":"predii-paolozzi","region":"Etruria Settentrionale","n":2,"date_min":-400,"date_max":-1,"lang":4,"langs":{"4":2},"alphabets":{"3":2},"parent":null,"level":"site","shared":1,"links":0}},{"type":"Feature","geometry":{"type":"Point","coordinates":[11.940792,43.069693]},"properties":{"id":904,"name":"Porto presso di lago","slug":"porto-presso-di-lago","region":"Etruria Settentrionale","n":2,"date_min":-400,"date_max":-1,"lang":4,"langs":{"4":2},"alphabets":{"3":2},"parent":null,"level":"site","shared":1,"links":0}},{"type":"Feature","geometry":{"type":"Point","coordinates":[11.943395,43.078168]},"properties":{"id":909,"name":"Sorbo","slug":"sorbo","region":"Etruria Settentrionale","n":2,"date_min":-200,"date_max":-101,"lang":4,"langs":{"4":2},"alphabets":{"1":2},"parent":null,"level":"site","shared":3,"links":0}},{"type":"Feature","geometry":{"type":"Point","coordinates":[11.947736,43.016515]},"properties":{"id":915,"name":"Montelungo","slug":"montelungo","region":"Etruria Settentrionale","n":2,"date_min":-400,"date_max":-1,"lang":4,"langs":{"4":2},"alphabets":{"1":1,"3":1},"parent":200,"level":"locality","shared":39,"links":0}},{"type":"Feature","geometry":{"type":"Point","coordinates":[11.947736,43.016515]},"properties":{"id":923,"name":"Le Cardetelle","slug":"le-cardetelle","region":"Etruria Settentrionale","n":2,"date_min":-200,"date_max":-151,"lang":4,"langs":{"4":2},"alphabets":{"1":1,"3":1},"parent":200,"level":"locality","shared":39,"links":0}},{"type":"Feature","geometry":{"type":"Point","coordinates":[12.386491,43.014041]},"properties":{"id":943,"name":"Vicinato","slug":"vicinato","region":"Etruria Settentrionale","n":2,"date_min":-400,"date_max":-1,"lang":4,"langs":{"4":2},"alphabets":{"3":2},"parent":null,"level":"site","shared":1,"links":0}},{"type":"Feature","geometry":{"type":"Point","coordinates":[12.001263,43.047549]},"properties":{"id":944,"name":"Cimbano","slug":"cimbano","region":"Etruria Settentrionale","n":2,"date_min":-400,"date_max":-1,"lang":4,"langs":{"4":2},"alphabets":{"3":2},"parent":null,"level":"site","shared":1,"links":0}},{"type":"Feature","geometry":{"type":"Point","coordinates":[11.937459,43.030351]},"properties":{"id":948,"name":"Monte Colaia","slug":"monte-colaia","region":"Etruria Settentrionale","n":2,"date_min":-400,"date_max":-1,"lang":4,"langs":{"4":2},"alphabets":{"2":1,"3":1},"parent":null,"level":"site","shared":1,"links":0}},{"type":"Feature","geometry":{"type":"Point","coordinates":[11.947736,43.016515]},"properties":{"id":968,"name":"Podere Nardi Dei","slug":"podere-nardi-dei","region":"Etruria Settentrionale","n":2,"date_min":-100,"date_max":-1,"lang":4,"langs":{"4":2},"alphabets":{"3":2},"parent":200,"level":"locality","shared":39,"links":0}},{"type":"Feature","geometry":{"type":"Point","coordinates":[12.401432,43.076296]},"properties":{"id":970,"name":"Montebello","slug":"montebello-etruria-settentrionale","region":"Etruria Settentrionale","n":2,"date_min":-400,"date_max":-1,"lang":4,"langs":{"4":2},"alphabets":{"1":1,"3":1},"parent":null,"level":"site","shared":1,"links":0}},{"type":"Feature","geometry":{"type":"Point","coordinates":[11.947736,43.016515]},"properties":{"id":972,"name":"Proceno","slug":"proceno","region":"Etruria Settentrionale","n":2,"date_min":-400,"date_max":-1,"lang":4,"langs":{"4":2},"alphabets":{"1":2},"parent":200,"level":"locality","shared":39,"links":0}},{"type":"Feature","geometry":{"type":"Point","coordinates":[15.91716,40.666873]},"properties":{"id":979,"name":"Lucania: Vaglio di Basilicata","slug":"lucania-vaglio-di-basilicata","region":"Lucania et Bruttium","n":2,"date_min":-650,"date_max":-476,"lang":4,"langs":{"4":2},"alphabets":{"1":1,"2":1},"parent":null,"level":"site","shared":1,"links":0}},{"type":"Feature","geometry":{"type":"Point","coordinates":[14.233271,40.980479]},"properties":{"id":983,"name":"Gricignano di Aversa, Monticelli","slug":"gricignano-di-aversa-monticelli","region":"Campania","n":2,"date_min":-525,"date_max":-451,"lang":4,"langs":{"4":2},"alphabets":{"1":1,"2":1},"parent":null,"level":"locality","shared":1,"links":0}},{"type":"Feature","geometry":{"type":"Point","coordinates":[12.004079,43.23473]},"properties":{"id":993,"name":"Ossaia","slug":"ossaia","region":"Etruria Settentrionale","n":2,"date_min":-400,"date_max":-1,"lang":4,"langs":{"4":2},"alphabets":{"1":1,"3":1},"parent":null,"level":"site","shared":1,"links":0}},{"type":"Feature","geometry":{"type":"Point","coordinates":[11.985439,43.274958]},"properties":{"id":1002,"name":"Mezzavia","slug":"mezzavia","region":"Etruria Settentrionale","n":2,"date_min":-500,"date_max":-1,"lang":4,"langs":{"4":2},"alphabets":{"3":2},"parent":null,"level":"site","shared":1,"links":0}},{"type":"Feature","geometry":{"type":"Point","coordinates":[12.159717,43.163332]},"properties":{"id":1005,"name":"Pila","slug":"pila","region":"Etruria Settentrionale","n":2,"date_min":-400,"date_max":-1,"lang":4,"langs":{"4":2},"alphabets":{"1":1,"3":1},"parent":null,"level":"site","shared":1,"links":0}},{"type":"Feature","geometry":{"type":"Point","coordinates":[12.315249,43.116963]},"properties":{"id":1007,"name":"Monte Malbe","slug":"monte-malbe","region":"Etruria Settentrionale","n":2,"date_min":-400,"date_max":-1,"lang":4,"langs":{"4":2},"alphabets":{"3":2},"parent":null,"level":"site","shared":1,"links":0}},{"type":"Feature","geometry":{"type":"Point","coordinates":[12.052234,42.022978]},"properties":{"id":1012,"name":"Montetosto","slug":"montetosto","region":"Etruria Meridionale","n":2,"date_min":-675,"date_max":-626,"lang":4,"langs":{"4":2},"alphabets":{"1":2},"parent":null,"level":"site","shared":1,"links":0}},{"type":"Feature","geometry":{"type":"Point","coordinates":[12.063012,42.048458]},"properties":{"id":1021,"name":"Laghetto","slug":"laghetto","region":"Etruria Meridionale","n":2,"date_min":-500,"date_max":-1,"lang":4,"langs":{"4":2},"alphabets":{"1":1,"2":1},"parent":null,"level":"site","shared":1,"links":0}},{"type":"Feature","geometry":{"type":"Point","coordinates":[12.168005,41.955203]},"properties":{"id":1031,"name":"Casaletti","slug":"casaletti","region":"Etruria Meridionale","n":2,"date_min":-700,"date_max":-551,"lang":4,"langs":{"4":2},"alphabets":{"2":2},"parent":null,"level":"site","shared":1,"links":0}},{"type":"Feature","geometry":{"type":"Point","coordinates":[12.108084,41.984334]},"properties":{"id":1033,"name":"Fosso Vaccina","slug":"fosso-vaccina","region":"Etruria Meridionale","n":2,"date_min":-525,"date_max":-401,"lang":4,"langs":{"4":2},"alphabets":{"1":2},"parent":null,"level":"site","shared":1,"links":0}},{"type":"Feature","geometry":{"type":"Point","coordinates":[12.400089,41.872175]},"properties":{"id":1038,"name":"Vignaccia","slug":"vignaccia","region":"Etruria Meridionale","n":2,"date_min":-700,"date_max":-1,"lang":4,"langs":{"4":2},"alphabets":{"2":2},"parent":null,"level":"site","shared":1,"links":0}},{"type":"Feature","geometry":{"type":"Point","coordinates":[11.835324,42.060435]},"properties":{"id":1046,"name":"Castellina del Marangone","slug":"castellina-del-marangone","region":"Etruria Meridionale","n":2,"date_min":-525,"date_max":-301,"lang":4,"langs":{"4":2},"alphabets":{"2":2},"parent":1036,"level":"locality","shared":2,"links":0}},{"type":"Feature","geometry":{"type":"Point","coordinates":[12.253327,42.018701]},"properties":{"id":1048,"name":"Tragliatella","slug":"tragliatella","region":"Etruria Meridionale","n":2,"date_min":-650,"date_max":-576,"lang":4,"langs":{"4":2},"alphabets":{"2":2},"parent":null,"level":"site","shared":1,"links":0}},{"type":"Feature","geometry":{"type":"Point","coordinates":[12.527235,42.309147]},"properties":{"id":1051,"name":"Sabina, Poggio Sommavilla","slug":"sabina-poggio-sommavilla","region":"Samnium","n":2,"date_min":-500,"date_max":-201,"lang":4,"langs":{"4":2},"alphabets":{"2":2},"parent":null,"level":"locality","shared":1,"links":0}},{"type":"Feature","geometry":{"type":"Point","coordinates":[12.355249,42.322126]},"properties":{"id":1052,"name":"Colonnette","slug":"colonnette","region":"Agri Faliscus et Capena","n":2,"date_min":-500,"date_max":-251,"lang":4,"langs":{"4":2},"alphabets":{"2":2},"parent":null,"level":"site","shared":1,"links":0}},{"type":"Feature","geometry":{"type":"Point","coordinates":[11.345547,44.494574]},"properties":{"id":1061,"name":"Bologna, Giardino Publico","slug":"bologna-giardino-publico","region":"Aemilia","n":2,"date_min":-450,"date_max":-351,"lang":4,"langs":{"4":2},"alphabets":{"3":2},"parent":418,"level":"locality","shared":8,"links":0}},{"type":"Feature","geometry":{"type":"Point","coordinates":[11.144148,43.750037]},"properties":{"id":1078,"name":"S Martino alla Palma","slug":"s-martino-alla-palma","region":"Etruria Settentrionale","n":2,"date_min":-250,"date_max":-1,"lang":4,"langs":{"4":2},"alphabets":{"3":2},"parent":null,"level":"site","shared":1,"links":0}},{"type":"Feature","geometry":{"type":"Point","coordinates":[12.476815,41.896126]},"properties":{"id":1087,"name":"Roma, Largo Argentina","slug":"roma-largo-argentina","region":"Latium","n":2,"date_min":-300,"date_max":-201,"lang":4,"langs":{"4":2},"alphabets":{"2":1,"6":1},"parent":31,"level":"locality","shared":1,"links":0}},{"type":"Feature","geometry":{"type":"Point","coordinates":[12.48213,41.891002]},"properties":{"id":1088,"name":"Roma, S Omobono","slug":"roma-s-omobono","region":"Latium","n":2,"date_min":-625,"date_max":-551,"lang":4,"langs":{"4":2},"alphabets":{"2":2},"parent":31,"level":"locality","shared":1,"links":0}},{"type":"Feature","geometry":{"type":"Point","coordinates":[11.707535,44.353995]},"properties":{"id":1117,"name":"Imola","slug":"imola","region":"Aemilia","n":2,"date_min":-600,"date_max":-401,"lang":4,"langs":{"4":2},"alphabets":{"1":1,"3":1},"parent":null,"level":"site","shared":1,"links":0}},{"type":"Feature","geometry":{"type":"Point","coordinates":[10.797602,45.160646]},"properties":{"id":1118,"name":"Mantova, città","slug":"mantova-citta","region":"Venetia et Histria","n":2,"date_min":-500,"date_max":-276,"lang":4,"langs":{"4":2},"alphabets":{"1":2},"parent":null,"level":"locality","shared":1,"links":0}},{"type":"Feature","geometry":{"type":"Point","coordinates":[12.196604,44.415718]},"properties":{"id":1120,"name":"Ravenna","slug":"ravenna","region":"Aemilia","n":2,"date_min":-500,"date_max":-276,"lang":4,"langs":{"4":2},"alphabets":{"1":1,"3":1},"parent":null,"level":"site","shared":1,"links":0}},{"type":"Feature","geometry":{"type":"Point","coordinates":[10.630721,44.698137]},"properties":{"id":1121,"name":"Reggio Emilia, Rubiera","slug":"reggio-emilia-rubiera","region":"Aemilia","n":2,"date_min":-625,"date_max":-551,"lang":4,"langs":{"4":2},"alphabets":{"3":2},"parent":221,"level":"locality","shared":2,"links":0}},{"type":"Feature","geometry":{"type":"Point","coordinates":[12.329125,43.306552]},"properties":{"id":1147,"name":"Umbertide","slug":"umbertide","region":"Umbria","n":2,"date_min":-200,"date_max":-101,"lang":4,"langs":{"4":2},"alphabets":{"1":2},"parent":null,"level":"site","shared":1,"links":0}},{"type":"Feature","geometry":{"type":"Point","coordinates":[12.440973,43.089335]},"properties":{"id":1161,"name":"Ponte S Giovanni","slug":"ponte-s-giovanni","region":"Etruria Settentrionale","n":2,"date_min":-400,"date_max":-1,"lang":4,"langs":{"4":2},"alphabets":{"1":1,"3":1},"parent":null,"level":"site","shared":1,"links":0}},{"type":"Feature","geometry":{"type":"Point","coordinates":[12.408494,42.780253]},"properties":{"id":1164,"name":"Inter Tuder Perusiamque","slug":"inter-tuder-perusiamque","region":"Umbria","n":2,"date_min":-400,"date_max":-1,"lang":4,"langs":{"4":2},"alphabets":{"3":2},"parent":474,"level":"locality","shared":2,"links":0}},{"type":"Feature","geometry":{"type":"Point","coordinates":[12.344925,42.960549]},"properties":{"id":1171,"name":"Papiano","slug":"papiano","region":"Etruria Settentrionale","n":2,"date_min":-400,"date_max":-1,"lang":4,"langs":{"4":2},"alphabets":{"1":1,"3":1},"parent":null,"level":"site","shared":1,"links":0}},{"type":"Feature","geometry":{"type":"Point","coordinates":[12.319492,43.025543]},"properties":{"id":1173,"name":"Badiola","slug":"badiola","region":"Etruria Settentrionale","n":2,"date_min":-400,"date_max":-1,"lang":4,"langs":{"4":2},"alphabets":{"3":2},"parent":null,"level":"site","shared":1,"links":0}},{"type":"Feature","geometry":{"type":"Point","coordinates":[12.346979,43.084401]},"properties":{"id":1176,"name":"S Sisto","slug":"s-sisto","region":"Etruria Settentrionale","n":2,"date_min":-400,"date_max":-1,"lang":4,"langs":{"4":2},"alphabets":{"1":2},"parent":null,"level":"site","shared":1,"links":0}},{"type":"Feature","geometry":{"type":"Point","coordinates":[12.347739,43.103501]},"properties":{"id":1184,"name":"Ferro di Cavallo","slug":"ferro-di-cavallo","region":"Etruria Settentrionale","n":2,"date_min":-400,"date_max":-1,"lang":4,"langs":{"4":2},"alphabets":{"3":2},"parent":null,"level":"site","shared":1,"links":0}},{"type":"Feature","geometry":{"type":"Point","coordinates":[12.206023,43.142454]},"properties":{"id":1191,"name":"Magione","slug":"magione","region":"Etruria Settentrionale","n":2,"date_min":-500,"date_max":-1,"lang":4,"langs":{"4":2},"alphabets":{"1":1,"2":1},"parent":null,"level":"site","shared":1,"links":0}},{"type":"Feature","geometry":{"type":"Point","coordinates":[13.016855,42.749335]},"properties":{"id":1202,"name":"S Giorgio","slug":"s-giorgio","region":"Umbria","n":2,"date_min":-400,"date_max":-1,"lang":4,"langs":{"4":2},"alphabets":{"3":1,"5":1},"parent":null,"level":"site","shared":1,"links":0}},{"type":"Feature","geometry":{"type":"Point","coordinates":[10.86808,43.168436]},"properties":{"id":1213,"name":"Sasso Pisano","slug":"sasso-pisano","region":"Etruria Settentrionale","n":2,"date_min":-500,"date_max":-126,"lang":4,"langs":{"4":2},"alphabets":{"3":2},"parent":null,"level":"site","shared":1,"links":0}},{"type":"Feature","geometry":{"type":"Point","coordinates":[10.500183,42.992506]},"properties":{"id":1216,"name":"Da Canessa","slug":"da-canessa","region":"Etruria Settentrionale","n":2,"date_min":-500,"date_max":-151,"lang":4,"langs":{"4":2},"alphabets":{"1":1,"3":1},"parent":null,"level":"site","shared":1,"links":0}},{"type":"Feature","geometry":{"type":"Point","coordinates":[10.489939,42.98842]},"properties":{"id":1217,"name":"Necropoli delle Granate","slug":"necropoli-delle-granate","region":"Etruria Settentrionale","n":2,"date_min":-150,"date_max":-101,"lang":4,"langs":{"4":2},"alphabets":{"1":2},"parent":469,"level":"necropolis","shared":4,"links":0}},{"type":"Feature","geometry":{"type":"Point","coordinates":[10.489939,42.98842]},"properties":{"id":1225,"name":"Podere il Casone","slug":"podere-il-casone","region":"Etruria Settentrionale","n":2,"date_min":-500,"date_max":-276,"lang":4,"langs":{"4":2},"alphabets":{"2":1,"3":1},"parent":469,"level":"locality","shared":4,"links":0}},{"type":"Feature","geometry":{"type":"Point","coordinates":[11.159999,42.827723]},"properties":{"id":1228,"name":"Campo della Fonte","slug":"campo-della-fonte","region":"Etruria Settentrionale","n":2,"date_min":-500,"date_max":-1,"lang":4,"langs":{"4":2},"alphabets":{"1":1,"3":1},"parent":1236,"level":"locality","shared":4,"links":0}},{"type":"Feature","geometry":{"type":"Point","coordinates":[11.160941,42.827761]},"properties":{"id":1229,"name":"Necropoli","slug":"necropoli","region":"Etruria Settentrionale","n":2,"date_min":-700,"date_max":-101,"lang":4,"langs":{"4":2},"alphabets":{"1":2},"parent":null,"level":"necropolis","shared":1,"links":0}},{"type":"Feature","geometry":{"type":"Point","coordinates":[11.770142,42.249719]},"properties":{"id":1264,"name":"Monterozzi, Calvario - T 1793","slug":"monterozzi-calvario-t-1793","region":"Etruria Meridionale","n":2,"date_min":-300,"date_max":-101,"lang":4,"langs":{"4":2},"alphabets":{"1":1,"2":1},"parent":1968,"level":"tomb","shared":42,"links":0}},{"type":"Feature","geometry":{"type":"Point","coordinates":[11.770142,42.249719]},"properties":{"id":1267,"name":"Monterozzi, Calvario T 1786","slug":"monterozzi-calvario-t-1786","region":"Etruria Meridionale","n":2,"date_min":-250,"date_max":-176,"lang":4,"langs":{"4":2},"alphabets":{"1":1,"2":1},"parent":1968,"level":"locality","shared":42,"links":0}},{"type":"Feature","geometry":{"type":"Point","coordinates":[11.758173,42.254532]},"properties":{"id":1274,"name":"Cava Cipicchia","slug":"cava-cipicchia","region":"Etruria Meridionale","n":2,"date_min":-275,"date_max":-226,"lang":4,"langs":{"4":2},"alphabets":{"2":2},"parent":1248,"level":"locality","shared":11,"links":0}},{"type":"Feature","geometry":{"type":"Point","coordinates":[11.770142,42.249719]},"properties":{"id":1282,"name":"Monterozzi, Calvario - T 5636","slug":"monterozzi-calvario-t-5636","region":"Etruria Meridionale","n":2,"date_min":-250,"date_max":-101,"lang":4,"langs":{"4":2},"alphabets":{"2":1,"5":1},"parent":1968,"level":"tomb","shared":42,"links":0}},{"type":"Feature","geometry":{"type":"Point","coordinates":[11.758173,42.254532]},"properties":{"id":1285,"name":"Poggio del Cavallucio","slug":"poggio-del-cavallucio","region":"Etruria Meridionale","n":2,"date_min":-400,"date_max":-1,"lang":4,"langs":{"4":2},"alphabets":{"2":2},"parent":1248,"level":"locality","shared":11,"links":0}},{"type":"Feature","geometry":{"type":"Point","coordinates":[11.770142,42.249719]},"properties":{"id":1291,"name":"Monterozzi, Calvario - T Cardarelli","slug":"monterozzi-calvario-t-cardarelli","region":"Etruria Meridionale","n":2,"date_min":-525,"date_max":-501,"lang":4,"langs":{"4":2},"alphabets":{"2":2},"parent":1968,"level":"tomb","shared":42,"links":0}},{"type":"Feature","geometry":{"type":"Point","coordinates":[12.909452,43.338044]},"properties":{"id":1306,"name":"Fabriano","slug":"fabriano","region":"Umbria","n":2,"date_min":-500,"date_max":-276,"lang":4,"langs":{"4":2},"alphabets":{"2":2},"parent":null,"level":"site","shared":1,"links":0}},{"type":"Feature","geometry":{"type":"Point","coordinates":[11.631667,42.418889]},"properties":{"id":1315,"name":"Cava di Castro","slug":"cava-di-castro","region":"Etruria Meridionale","n":2,"date_min":-400,"date_max":-1,"lang":4,"langs":{"4":2},"alphabets":{"2":2},"parent":246,"level":"locality","shared":10,"links":0}},{"type":"Feature","geometry":{"type":"Point","coordinates":[11.631667,42.418889]},"properties":{"id":1323,"name":"Tomba dei Due Ingressi","slug":"tomba-dei-due-ingressi","region":"Etruria Meridionale","n":2,"date_min":-400,"date_max":-1,"lang":4,"langs":{"4":2},"alphabets":{"1":1,"2":1},"parent":246,"level":"tomb","shared":10,"links":0}},{"type":"Feature","geometry":{"type":"Point","coordinates":[11.631667,43.418889]},"properties":{"id":1328,"name":"Sep Gsellianum LXIX","slug":"sep-gsellianum-lxix","region":"Etruria Settentrionale","n":2,"date_min":-550,"date_max":-501,"lang":4,"langs":{"4":2},"alphabets":{"1":2},"parent":1322,"level":"locality","shared":3,"links":0}},{"type":"Feature","geometry":{"type":"Point","coordinates":[12.403847,42.032646]},"properties":{"id":1333,"name":"Ponte Sodo","slug":"ponte-sodo","region":"Etruria Meridionale","n":2,"date_min":-650,"date_max":-401,"lang":4,"langs":{"4":2},"alphabets":{"2":2},"parent":null,"level":"site","shared":1,"links":0}},{"type":"Feature","geometry":{"type":"Point","coordinates":[11.631667,42.418889]},"properties":{"id":1335,"name":"Castro","slug":"castro","region":"Etruria Meridionale","n":2,"date_min":-600,"date_max":-301,"lang":4,"langs":{"4":2},"alphabets":{"1":1,"2":1},"parent":246,"level":"locality","shared":10,"links":0}},{"type":"Feature","geometry":{"type":"Point","coordinates":[12.382729,42.027121]},"properties":{"id":1352,"name":"Casale del Fosso","slug":"casale-del-fosso","region":"Etruria Meridionale","n":2,"date_min":-700,"date_max":-601,"lang":4,"langs":{"4":2},"alphabets":{"4":2},"parent":null,"level":"site","shared":1,"links":0}},{"type":"Feature","geometry":{"type":"Point","coordinates":[10.999869,42.877754]},"properties":{"id":1359,"name":"T d Duce","slug":"t-d-duce","region":"Etruria Settentrionale","n":2,"date_min":-650,"date_max":-601,"lang":4,"langs":{"4":2},"alphabets":{"3":2},"parent":null,"level":"tomb","shared":1,"links":0}},{"type":"Feature","geometry":{"type":"Point","coordinates":[12.111566,42.716449]},"properties":{"id":1373,"name":"Monterado","slug":"monterado","region":"Etruria Meridionale","n":2,"date_min":-400,"date_max":-1,"lang":4,"langs":{"4":2},"alphabets":{"1":1,"2":1},"parent":1397,"level":"locality","shared":19,"links":0}},{"type":"Feature","geometry":{"type":"Point","coordinates":[12.062204,42.671445]},"properties":{"id":1384,"name":"Torre S Severo","slug":"torre-s-severo","region":"Etruria Meridionale","n":2,"date_min":-400,"date_max":-1,"lang":4,"langs":{"4":2},"alphabets":{"1":1,"2":1},"parent":null,"level":"site","shared":1,"links":0}},{"type":"Feature","geometry":{"type":"Point","coordinates":[12.066964,42.722771]},"properties":{"id":1387,"name":"Rocca Ripesena","slug":"rocca-ripesena","region":"Etruria Meridionale","n":2,"date_min":-600,"date_max":-1,"lang":4,"langs":{"4":2},"alphabets":{"1":1,"2":1},"parent":null,"level":"site","shared":1,"links":0}},{"type":"Feature","geometry":{"type":"Point","coordinates":[12.111566,42.716449]},"properties":{"id":1393,"name":"Pietre Liscie","slug":"pietre-liscie","region":"Etruria Meridionale","n":2,"date_min":-300,"date_max":-176,"lang":4,"langs":{"4":2},"alphabets":{"2":2},"parent":1397,"level":"locality","shared":19,"links":0}},{"type":"Feature","geometry":{"type":"Point","coordinates":[12.111566,42.716449]},"properties":{"id":1400,"name":"Poggio Sala","slug":"poggio-sala","region":"Etruria Meridionale","n":2,"date_min":-400,"date_max":-1,"lang":4,"langs":{"4":2},"alphabets":{"2":2},"parent":1397,"level":"locality","shared":19,"links":0}},{"type":"Feature","geometry":{"type":"Point","coordinates":[12.150763,42.589847]},"properties":{"id":1402,"name":"Castel Cellesi","slug":"castel-cellesi","region":"Etruria Meridionale","n":2,"date_min":-400,"date_max":-1,"lang":4,"langs":{"4":2},"alphabets":{"2":2},"parent":null,"level":"site","shared":1,"links":0}},{"type":"Feature","geometry":{"type":"Point","coordinates":[12.20163,42.648696]},"properties":{"id":1411,"name":"Castiglion Teverina","slug":"castiglion-teverina","region":"Etruria Meridionale","n":2,"date_min":-425,"date_max":-101,"lang":4,"langs":{"4":2},"alphabets":{"1":1,"2":1},"parent":null,"level":"site","shared":1,"links":0}},{"type":"Feature","geometry":{"type":"Point","coordinates":[12.111566,42.716449]},"properties":{"id":1423,"name":"Montechiano","slug":"montechiano","region":"Etruria Meridionale","n":2,"date_min":-325,"date_max":-276,"lang":4,"langs":{"4":2},"alphabets":{"1":1,"2":1},"parent":1397,"level":"locality","shared":19,"links":0}},{"type":"Feature","geometry":{"type":"Point","coordinates":[12.117757,42.715307]},"properties":{"id":1428,"name":"Canicella","slug":"canicella","region":"Etruria Meridionale","n":2,"date_min":-500,"date_max":-451,"lang":4,"langs":{"4":2},"alphabets":{"1":1,"2":1},"parent":1374,"level":"locality","shared":3,"links":0}},{"type":"Feature","geometry":{"type":"Point","coordinates":[10.874548,43.403453]},"properties":{"id":1446,"name":"S Girolamo","slug":"s-girolamo","region":"Etruria Settentrionale","n":2,"date_min":-500,"date_max":-101,"lang":4,"langs":{"4":2},"alphabets":{"1":1,"5":1},"parent":null,"level":"site","shared":1,"links":0}},{"type":"Feature","geometry":{"type":"Point","coordinates":[11.042119,43.466797]},"properties":{"id":1458,"name":"S Gimignano","slug":"s-gimignano","region":"Etruria Settentrionale","n":2,"date_min":-525,"date_max":-101,"lang":4,"langs":{"4":2},"alphabets":{"1":2},"parent":null,"level":"site","shared":1,"links":0}},{"type":"Feature","geometry":{"type":"Point","coordinates":[10.615635,43.296707]},"properties":{"id":1461,"name":"Casale Marittimo, Casalvecchio","slug":"casale-marittimo-casalvecchio","region":"Etruria Settentrionale","n":2,"date_min":-700,"date_max":-401,"lang":4,"langs":{"4":2},"alphabets":{"1":1,"3":1},"parent":null,"level":"locality","shared":1,"links":0}},{"type":"Feature","geometry":{"type":"Point","coordinates":[16.54137,40.149042]},"properties":{"id":1466,"name":"Siris","slug":"siris","region":"Lucania et Bruttium","n":2,"date_min":-700,"date_max":-601,"lang":6,"langs":{"6":2},"alphabets":{"20":1,"24":1},"parent":null,"level":"site","shared":1,"links":0}},{"type":"Feature","geometry":{"type":"Point","coordinates":[16.039995,39.953733]},"properties":{"id":1474,"name":"Nerulum (Castellucio Inferioro)","slug":"nerulum-castellucio-inferioro","region":"Lucania et Bruttium","n":2,"date_min":-500,"date_max":-451,"lang":6,"langs":{"6":1,"11":1},"alphabets":{"20":1,"23":1},"parent":null,"level":"site","shared":1,"links":0}},{"type":"Feature","geometry":{"type":"Point","coordinates":[20.787731,39.546436]},"properties":{"id":1475,"name":"Dodona","slug":"dodona","region":"Achaia","n":2,"date_min":-500,"date_max":-376,"lang":6,"langs":{"6":2},"alphabets":{"20":1,"23":1},"parent":null,"level":"site","shared":1,"links":0}},{"type":"Feature","geometry":{"type":"Point","coordinates":[16.311835,39.671519]},"properties":{"id":1476,"name":"Torre del Mordillo","slug":"torre-del-mordillo","region":"Lucania et Bruttium","n":2,"date_min":-525,"date_max":-476,"lang":6,"langs":{"6":2},"alphabets":{"20":2},"parent":null,"level":"site","shared":1,"links":0}},{"type":"Feature","geometry":{"type":"Point","coordinates":[16.816771,40.416074]},"properties":{"id":1482,"name":"Tavole Palatine","slug":"tavole-palatine","region":"Lucania et Bruttium","n":2,"date_min":-525,"date_max":-376,"lang":6,"langs":{"6":2},"alphabets":{"20":1,"24":1},"parent":null,"level":"site","shared":1,"links":0}},{"type":"Feature","geometry":{"type":"Point","coordinates":[16.79783,40.625917]},"properties":{"id":1483,"name":"Laterza","slug":"laterza","region":"Apulia","n":2,"date_min":-600,"date_max":-401,"lang":6,"langs":{"6":1,"9":1},"alphabets":{"17":1,"20":1},"parent":null,"level":"site","shared":1,"links":0}},{"type":"Feature","geometry":{"type":"Point","coordinates":[22.501169,38.482289]},"properties":{"id":1488,"name":"Delphi","slug":"delphi","region":"Achaia","n":2,"date_min":-500,"date_max":-401,"lang":6,"langs":{"6":2},"alphabets":{"20":1,"23":1},"parent":null,"level":"site","shared":1,"links":0}},{"type":"Feature","geometry":{"type":"Point","coordinates":[16.234,38.939342]},"properties":{"id":1493,"name":"Terina","slug":"terina","region":"Lucania et Bruttium","n":2,"date_min":-350,"date_max":-301,"lang":6,"langs":{"6":2},"alphabets":{"24":1},"parent":null,"level":"site","shared":1,"links":0}},{"type":"Feature","geometry":{"type":"Point","coordinates":[14.836284,37.073804]},"properties":{"id":1499,"name":"Kasmenai","slug":"kasmenai","region":"Sicily","n":2,"date_min":-600,"date_max":-501,"lang":6,"langs":{"6":2},"alphabets":{"23":2},"parent":null,"level":"site","shared":1,"links":0}},{"type":"Feature","geometry":{"type":"Point","coordinates":[14.916324,37.013662]},"properties":{"id":1501,"name":"Aguglia","slug":"aguglia","region":"Sicily","n":2,"date_min":-325,"date_max":-26,"lang":6,"langs":{"6":2},"alphabets":{"23":2},"parent":null,"level":"site","shared":1,"links":0}},{"type":"Feature","geometry":{"type":"Point","coordinates":[15.285368,37.855367]},"properties":{"id":1517,"name":"Tauromenion","slug":"tauromenion","region":"Sicily","n":2,"date_min":-300,"date_max":-1,"lang":6,"langs":{"6":2},"alphabets":{"23":1,"24":1},"parent":null,"level":"site","shared":1,"links":0}},{"type":"Feature","geometry":{"type":"Point","coordinates":[14.516665,37.277969]},"properties":{"id":1538,"name":"Piano Casazze","slug":"piano-casazze","region":"Sicily","n":2,"date_min":-300,"date_max":-201,"lang":6,"langs":{"6":2},"alphabets":{"24":2},"parent":null,"level":"site","shared":1,"links":0}},{"type":"Feature","geometry":{"type":"Point","coordinates":[13.917216,37.59569]},"properties":{"id":1548,"name":"Montagna di Balate","slug":"montagna-di-balate","region":"Sicily","n":2,"date_min":-425,"date_max":-401,"lang":6,"langs":{"6":2},"alphabets":{"24":2},"parent":null,"level":"site","shared":1,"links":0}},{"type":"Feature","geometry":{"type":"Point","coordinates":[15.010452,41.0542]},"properties":{"id":1556,"name":"Melito Irpino","slug":"melito-irpino","region":"Apulia","n":2,"date_min":-650,"date_max":-1,"lang":10,"langs":{"10":2},"alphabets":{"13":2},"parent":552,"level":"locality","shared":2,"links":0}},{"type":"Feature","geometry":{"type":"Point","coordinates":[14.371233,40.946092]},"properties":{"id":1567,"name":"Acerrae (Acerra)","slug":"acerrae-acerra","region":"Campania","n":2,"date_min":-650,"date_max":-1,"lang":4,"langs":{"4":1,"10":1},"alphabets":{"2":1,"13":1},"parent":null,"level":"site","shared":1,"links":0}},{"type":"Feature","geometry":{"type":"Point","coordinates":[14.636762,41.06255]},"properties":{"id":1598,"name":"Caudium (Montesarchio)","slug":"caudium-montesarchio","region":"Apulia","n":2,"date_min":-325,"date_max":-26,"lang":10,"langs":{"10":2},"alphabets":{"13":2},"parent":null,"level":"site","shared":1,"links":0}},{"type":"Feature","geometry":{"type":"Point","coordinates":[12.68544,42.18027]},"properties":{"id":1604,"name":"Cures (Fara in Sabina)","slug":"cures-fara-in-sabina","region":"Samnium","n":2,"date_min":-650,"date_max":-1,"lang":11,"langs":{"11":2},"alphabets":{"11":2},"parent":null,"level":"site","shared":2,"links":0}},{"type":"Feature","geometry":{"type":"Point","coordinates":[14.689598,42.011917]},"properties":{"id":1611,"name":"Frentani","slug":"frentani","region":"Samnium","n":2,"date_min":-125,"date_max":-76,"lang":10,"langs":{"10":2},"alphabets":{"13":2},"parent":null,"level":"site","shared":1,"links":0}},{"type":"Feature","geometry":{"type":"Point","coordinates":[16.667,40.2]},"properties":{"id":1617,"name":"Herakleia (Policoro)","slug":"herakleia-policoro","region":"Lucania et Bruttium","n":2,"date_min":-650,"date_max":-1,"lang":10,"langs":{"10":2},"alphabets":{"13":1,"23":1},"parent":null,"level":"site","shared":1,"links":0}},{"type":"Feature","geometry":{"type":"Point","coordinates":[13.614294,42.01271]},"properties":{"id":1632,"name":"Marruvium (San Benedetto dei Marsi)","slug":"marruvium-san-benedetto-dei-marsi","region":"Samnium","n":2,"date_min":-275,"date_max":-126,"lang":13,"langs":{"13":2},"alphabets":{"6":2},"parent":null,"level":"site","shared":1,"links":0}},{"type":"Feature","geometry":{"type":"Point","coordinates":[14.689856,40.817189]},"properties":{"id":1640,"name":"Bracigliano","slug":"bracigliano","region":"Campania","n":2,"date_min":-175,"date_max":-126,"lang":10,"langs":{"10":2},"alphabets":{"13":2},"parent":null,"level":"site","shared":1,"links":0}},{"type":"Feature","geometry":{"type":"Point","coordinates":[17.05108,39.266064]},"properties":{"id":1647,"name":"Petelia (Strongoli)","slug":"petelia-strongoli","region":"Lucania et Bruttium","n":2,"date_min":-325,"date_max":-176,"lang":10,"langs":{"10":2},"alphabets":{"13":1,"23":1},"parent":null,"level":"site","shared":1,"links":0}},{"type":"Feature","geometry":{"type":"Point","coordinates":[16.133766,40.683925]},"properties":{"id":1657,"name":"Calle di Tricarico","slug":"calle-di-tricarico","region":"Lucania et Bruttium","n":2,"date_min":-650,"date_max":-1,"lang":10,"langs":{"10":2},"alphabets":{"13":2},"parent":null,"level":"site","shared":1,"links":0}},{"type":"Feature","geometry":{"type":"Point","coordinates":[12.226601,41.487274]},"properties":{"id":1658,"name":"Samnium","slug":"samnium","region":null,"n":2,"date_min":-625,"date_max":-401,"lang":13,"langs":{"13":2},"alphabets":{"10":2},"parent":null,"level":"site","shared":2,"links":0}},{"type":"Feature","geometry":{"type":"Point","coordinates":[14.720781,41.460871]},"properties":{"id":1660,"name":"Cercemaggiore","slug":"cercemaggiore","region":"Samnium","n":2,"date_min":-650,"date_max":-1,"lang":10,"langs":{"10":2},"alphabets":{"13":2},"parent":null,"level":"site","shared":1,"links":0}},{"type":"Feature","geometry":{"type":"Point","coordinates":[15.85,38.366667]},"properties":{"id":1674,"name":"Tauriani","slug":"tauriani","region":"Lucania et Bruttium","n":2,"date_min":-200,"date_max":-76,"lang":10,"langs":{"10":2},"alphabets":{"23":2},"parent":null,"level":"site","shared":1,"links":0}},{"type":"Feature","geometry":{"type":"Point","coordinates":[16.490517,39.715622]},"properties":{"id":1690,"name":"Thourioi","slug":"thourioi-lucania-et-bruttium","region":"Lucania et Bruttium","n":2,"date_min":-350,"date_max":-201,"lang":10,"langs":{"10":2},"alphabets":{"23":2},"parent":null,"level":"site","shared":1,"links":0}},{"type":"Feature","geometry":{"type":"Point","coordinates":[12.774173,41.685425]},"properties":{"id":1698,"name":"Velitrae (Velletri)","slug":"velitrae-velletri","region":"Latium","n":2,"date_min":-300,"date_max":-201,"lang":4,"langs":{"4":1,"13":1},"alphabets":{"2":1,"6":1},"parent":null,"level":"site","shared":1,"links":0}},{"type":"Feature","geometry":{"type":"Point","coordinates":[9.631,45.606]},"properties":{"id":1712,"name":"Verdello (Via Galileo Galilei)","slug":"verdello-via-galileo-galilei","region":"Transpadana","n":2,"date_min":-125,"date_max":-1,"lang":2,"langs":{"2":2},"alphabets":{"6":1,"29":1},"parent":null,"level":"site","shared":1,"links":0}},{"type":"Feature","geometry":{"type":"Point","coordinates":[9.752,45.589]},"properties":{"id":1715,"name":"Ghisalba (Cascina Don Bosco)","slug":"ghisalba-cascina-don-bosco","region":"Transpadana","n":2,"date_min":-225,"date_max":-151,"lang":2,"langs":{"2":2},"alphabets":{"29":2},"parent":null,"level":"site","shared":1,"links":0}},{"type":"Feature","geometry":{"type":"Point","coordinates":[9.631,45.607]},"properties":{"id":1717,"name":"Verdello (Campo Mantuì)","slug":"verdello-campo-mantui","region":"Transpadana","n":2,"date_min":-125,"date_max":-1,"lang":2,"langs":{"2":2},"alphabets":{"29":2},"parent":null,"level":"site","shared":1,"links":0}},{"type":"Feature","geometry":{"type":"Point","coordinates":[10.278802,45.943225]},"properties":{"id":1730,"name":"Cividate Camuno","slug":"cividate-camuno","region":"Venetia et Histria","n":2,"date_min":-500,"date_max":-26,"lang":1,"langs":{"1":1,"2":1},"alphabets":{"28":2},"parent":null,"level":"site","shared":1,"links":0}},{"type":"Feature","geometry":{"type":"Point","coordinates":[10.226,45.539]},"properties":{"id":1734,"name":"Brescia (Palazzo Martinengo)","slug":"brescia-palazzo-martinengo","region":"Venetia et Histria","n":2,"date_min":-675,"date_max":25,"lang":2,"langs":{"2":2},"alphabets":{"29":2},"parent":null,"level":"site","shared":1,"links":0}},{"type":"Feature","geometry":{"type":"Point","coordinates":[10.766,45.784]},"properties":{"id":1735,"name":"Voltino","slug":"voltino","region":"Venetia et Histria","n":2,"date_min":-50,"date_max":50,"lang":2,"langs":{"2":2},"alphabets":{"6":1,"28":1},"parent":null,"level":"site","shared":1,"links":0}},{"type":"Feature","geometry":{"type":"Point","coordinates":[10.224,45.531]},"properties":{"id":1736,"name":"Brescia (necropolis of Via Carlo Zima)","slug":"brescia-necropolis-of-via-carlo-zima","region":"Venetia et Histria","n":2,"date_min":-675,"date_max":25,"lang":2,"langs":{"2":2},"alphabets":{"29":2},"parent":null,"level":"necropolis","shared":1,"links":0}},{"type":"Feature","geometry":{"type":"Point","coordinates":[9.072,45.799]},"properties":{"id":1748,"name":"Como (Pianvalle)","slug":"como-pianvalle","region":"Transpadana","n":2,"date_min":-525,"date_max":-101,"lang":2,"langs":{"2":2},"alphabets":{"29":2},"parent":null,"level":"site","shared":1,"links":0}},{"type":"Feature","geometry":{"type":"Point","coordinates":[9.187,45.772]},"properties":{"id":1758,"name":"Como (Alzate Brianza Villa del Soldo)","slug":"como-alzate-brianza-villa-del-soldo","region":"Transpadana","n":2,"date_min":-100,"date_max":-1,"lang":2,"langs":{"2":2},"alphabets":{"29":2},"parent":null,"level":"site","shared":1,"links":0}},{"type":"Feature","geometry":{"type":"Point","coordinates":[9.181,45.465]},"properties":{"id":1771,"name":"Milano (Via Gorani)","slug":"milano-via-gorani","region":"Transpadana","n":2,"date_min":-275,"date_max":-1,"lang":2,"langs":{"2":2},"alphabets":{"29":2},"parent":null,"level":"site","shared":1,"links":0}},{"type":"Feature","geometry":{"type":"Point","coordinates":[9.329,45.521]},"properties":{"id":1774,"name":"Cernusco sul Naviglio","slug":"cernusco-sul-naviglio","region":"Transpadana","n":2,"date_min":-225,"date_max":-1,"lang":2,"langs":{"2":2},"alphabets":{"29":2},"parent":null,"level":"site","shared":1,"links":0}},{"type":"Feature","geometry":{"type":"Point","coordinates":[9.188,45.463]},"properties":{"id":1775,"name":"Milano (Via Speronari)","slug":"milano-via-speronari","region":"Transpadana","n":2,"date_min":-225,"date_max":-1,"lang":2,"langs":{"2":2},"alphabets":{"29":2},"parent":null,"level":"site","shared":1,"links":0}},{"type":"Feature","geometry":{"type":"Point","coordinates":[8.542,45.526]},"properties":{"id":1786,"name":"San Bernardino di Briona (Orcetto)","slug":"san-bernardino-di-briona-orcetto","region":"Transpadana","n":2,"date_min":-150,"date_max":-1,"lang":2,"langs":{"2":2},"alphabets":{"29":2},"parent":null,"level":"site","shared":1,"links":0}},{"type":"Feature","geometry":{"type":"Point","coordinates":[8.786,45.406]},"properties":{"id":1788,"name":"Cerano (necropolis)","slug":"cerano-necropolis","region":"Transpadana","n":2,"date_min":-125,"date_max":-1,"lang":2,"langs":{"2":2},"alphabets":{"6":1,"29":1},"parent":null,"level":"necropolis","shared":1,"links":0}},{"type":"Feature","geometry":{"type":"Point","coordinates":[8.639,45.721]},"properties":{"id":1790,"name":"Castelletto sopra Ticino","slug":"castelletto-sopra-ticino","region":"Transpadana","n":2,"date_min":-625,"date_max":-451,"lang":2,"langs":{"2":2},"alphabets":{"29":2},"parent":null,"level":"site","shared":1,"links":0}},{"type":"Feature","geometry":{"type":"Point","coordinates":[8.92,46.087]},"properties":{"id":1809,"name":"Mezzovico-Vira","slug":"mezzovico-vira","region":"Transpadana","n":2,"date_min":-525,"date_max":-351,"lang":2,"langs":{"2":2},"alphabets":{"29":2},"parent":null,"level":"site","shared":1,"links":0}},{"type":"Feature","geometry":{"type":"Point","coordinates":[8.879,45.948]},"properties":{"id":1826,"name":"Ardena (Nava)","slug":"ardena-nava","region":"Transpadana","n":2,"date_min":-225,"date_max":-151,"lang":2,"langs":{"2":2},"alphabets":{"29":2},"parent":null,"level":"site","shared":1,"links":0}},{"type":"Feature","geometry":{"type":"Point","coordinates":[8.425,45.934]},"properties":{"id":1840,"name":"Gravellona Toce (Pedemonte necropolis)","slug":"gravellona-toce-pedemonte-necropolis","region":"Transpadana","n":2,"date_min":-125,"date_max":-1,"lang":2,"langs":{"2":2},"alphabets":{"6":1,"29":1},"parent":null,"level":"necropolis","shared":1,"links":0}},{"type":"Feature","geometry":{"type":"Point","coordinates":[8.442,45.335]},"properties":{"id":1844,"name":"Vercelli","slug":"vercelli","region":"Transpadana","n":2,"date_min":-125,"date_max":-51,"lang":2,"langs":{"2":2},"alphabets":{"6":1,"29":1},"parent":null,"level":"site","shared":1,"links":0}},{"type":"Feature","geometry":{"type":"Point","coordinates":[17.582159,40.528711]},"properties":{"id":1868,"name":"Francavilla Fontana","slug":"francavilla-fontana","region":"Messapia","n":2,"date_min":-450,"date_max":-201,"lang":9,"langs":{"9":2},"alphabets":{"17":2},"parent":null,"level":"site","shared":1,"links":0}},{"type":"Feature","geometry":{"type":"Point","coordinates":[16.933333,40.8]},"properties":{"id":1870,"name":"Gioia del Colle","slug":"gioia-del-colle","region":"Apulia","n":2,"date_min":-600,"date_max":-201,"lang":9,"langs":{"9":2},"alphabets":{"17":2},"parent":null,"level":"site","shared":1,"links":0}},{"type":"Feature","geometry":{"type":"Point","coordinates":[18.030423,40.175928]},"properties":{"id":1880,"name":"Neretum (Nardò)","slug":"neretum-nardo","region":"Messapia","n":2,"date_min":-600,"date_max":-201,"lang":9,"langs":{"9":2},"alphabets":{"17":2},"parent":null,"level":"site","shared":1,"links":0}},{"type":"Feature","geometry":{"type":"Point","coordinates":[18.207212,40.189577]},"properties":{"id":1889,"name":"Soletum (Soleto)","slug":"soletum-soleto","region":"Messapia","n":2,"date_min":-300,"date_max":-201,"lang":9,"langs":{"9":2},"alphabets":{"17":2},"parent":null,"level":"site","shared":1,"links":0}},{"type":"Feature","geometry":{"type":"Point","coordinates":[18.233954,39.846761]},"properties":{"id":1890,"name":"Salve","slug":"salve","region":"Messapia","n":2,"date_min":-600,"date_max":-101,"lang":9,"langs":{"9":2},"alphabets":{"17":2},"parent":null,"level":"site","shared":1,"links":0}},{"type":"Feature","geometry":{"type":"Point","coordinates":[11.08,47.296]},"properties":{"id":1933,"name":"Pfaffenhofen (Tirol)","slug":"pfaffenhofen-tirol","region":"Noricum","n":2,"date_min":-525,"date_max":-1,"lang":12,"langs":{"12":2},"alphabets":{"25":1,"26":1},"parent":null,"level":"site","shared":1,"links":0}},{"type":"Feature","geometry":{"type":"Point","coordinates":[10.667,47.119]},"properties":{"id":1934,"name":"Fliess (Tirol)","slug":"fliess-tirol","region":"Noricum","n":2,"date_min":-525,"date_max":-1,"lang":12,"langs":{"12":2},"alphabets":{"25":2},"parent":null,"level":"site","shared":1,"links":0}},{"type":"Feature","geometry":{"type":"Point","coordinates":[11.033,46.367]},"properties":{"id":1936,"name":"Cles (Trento)","slug":"cles-trento","region":"Venetia et Histria","n":2,"date_min":-525,"date_max":-1,"lang":12,"langs":{"12":2},"alphabets":{"27":2},"parent":1941,"level":"locality","shared":2,"links":0}},{"type":"Feature","geometry":{"type":"Point","coordinates":[11.562,46.544]},"properties":{"id":1947,"name":"Siusi allo Sciliar","slug":"siusi-allo-sciliar","region":"Venetia et Histria","n":2,"date_min":-300,"date_max":-101,"lang":12,"langs":{"12":2},"alphabets":{"26":1,"27":1},"parent":null,"level":"site","shared":1,"links":0}},{"type":"Feature","geometry":{"type":"Point","coordinates":[11.922,45.85]},"properties":{"id":1954,"name":"Castelcies","slug":"castelcies","region":"Venetia et Histria","n":2,"date_min":-525,"date_max":-1,"lang":12,"langs":{"12":2},"alphabets":{"6":1,"25":1},"parent":null,"level":"site","shared":1,"links":0}},{"type":"Feature","geometry":{"type":"Point","coordinates":[11.119,45.455]},"properties":{"id":1958,"name":"San Briccio","slug":"san-briccio","region":"Venetia et Histria","n":2,"date_min":-500,"date_max":-301,"lang":12,"langs":{"12":2},"alphabets":{"25":2},"parent":null,"level":"site","shared":1,"links":0}},{"type":"Feature","geometry":{"type":"Point","coordinates":[11.658,46.717]},"properties":{"id":1965,"name":"Bressanone","slug":"bressanone","region":"Venetia et Histria","n":2,"date_min":-500,"date_max":-201,"lang":12,"langs":{"12":2},"alphabets":{"25":1,"27":1},"parent":null,"level":"site","shared":1,"links":0}},{"type":"Feature","geometry":{"type":"Point","coordinates":[12.508696,42.231446]},"properties":{"id":13,"name":"Sant’Oreste","slug":"santoreste","region":"Agri Faliscus et Capena","n":1,"date_min":-400,"date_max":-326,"lang":5,"langs":{"5":1},"alphabets":{"9":1},"parent":null,"level":"site","shared":1,"links":0}},{"type":"Feature","geometry":{"type":"Point","coordinates":[12.158129,45.722086]},"properties":{"id":14,"name":"Ponzano","slug":"ponzano","region":"Venetia et Histria","n":1,"date_min":-500,"date_max":-151,"lang":5,"langs":{"5":1},"alphabets":{"6":1},"parent":null,"level":"site","shared":1,"links":0}},{"type":"Feature","geometry":{"type":"Point","coordinates":[12.532707,43.043819]},"properties":{"id":27,"name":"Costano","slug":"costano","region":"Umbria","n":1,"date_min":-100,"date_max":-1,"lang":7,"langs":{"7":1},"alphabets":{"6":1},"parent":null,"level":"site","shared":1,"links":0}},{"type":"Feature","geometry":{"type":"Point","coordinates":[13.381479,45.783656]},"properties":{"id":28,"name":"Colombara / Aquileia","slug":"colombara-aquileia","region":"Venetia et Histria","n":1,"date_min":-25,"date_max":-1,"lang":7,"langs":{"7":1},"alphabets":{"6":1},"parent":null,"level":"site","shared":1,"links":0}},{"type":"Feature","geometry":{"type":"Point","coordinates":[11.067361,47.596695]},"properties":{"id":30,"name":"Oberammergau","slug":"oberammergau","region":"Raetia","n":1,"date_min":-25,"date_max":-1,"lang":7,"langs":{"7":1},"alphabets":{"6":1},"parent":null,"level":"site","shared":1,"links":0}},{"type":"Feature","geometry":{"type":"Point","coordinates":[12.928367,41.817923]},"properties":{"id":35,"name":"Cave / Praeneste","slug":"cave-praeneste","region":"Latium","n":1,"date_min":-100,"date_max":-51,"lang":7,"langs":{"7":1},"alphabets":{"6":1},"parent":null,"level":"site","shared":1,"links":0}},{"type":"Feature","geometry":{"type":"Point","coordinates":[14.279172,41.114956]},"properties":{"id":37,"name":"Tifata, Monte","slug":"tifata-monte","region":"Campania","n":1,"date_min":-75,"date_max":-26,"lang":7,"langs":{"7":1},"alphabets":{"6":1},"parent":null,"level":"locality","shared":1,"links":0}},{"type":"Feature","geometry":{"type":"Point","coordinates":[14.510124,41.74753]},"properties":{"id":40,"name":"Salcito / Salcito-Forno / Terventum","slug":"salcito-salcito-forno-terventum","region":"Samnium","n":1,"date_min":-75,"date_max":-26,"lang":7,"langs":{"7":1},"alphabets":{"6":1},"parent":null,"level":"site","shared":1,"links":0}},{"type":"Feature","geometry":{"type":"Point","coordinates":[11.607969,42.351426]},"properties":{"id":44,"name":"Montalto di Castro / Forum Aurelii / Volci","slug":"montalto-di-castro-forum-aurelii-volci","region":"Etruria Meridionale","n":1,"date_min":-75,"date_max":-26,"lang":7,"langs":{"7":1},"alphabets":{"6":1},"parent":null,"level":"site","shared":1,"links":0}},{"type":"Feature","geometry":{"type":"Point","coordinates":[14.182216,41.790629]},"properties":{"id":56,"name":"San Pietro Avellana / Aufidena","slug":"san-pietro-avellana-aufidena","region":"Samnium","n":1,"date_min":-100,"date_max":-51,"lang":7,"langs":{"7":1},"alphabets":{"6":1},"parent":null,"level":"site","shared":1,"links":0}},{"type":"Feature","geometry":{"type":"Point","coordinates":[12.549582,43.067755]},"properties":{"id":66,"name":"Bastia Umbra / Asisium","slug":"bastia-umbra-asisium","region":"Umbria","n":1,"date_min":-50,"date_max":-1,"lang":7,"langs":{"7":1},"alphabets":{"6":1},"parent":null,"level":"site","shared":1,"links":0}},{"type":"Feature","geometry":{"type":"Point","coordinates":[11.904494,43.988134]},"properties":{"id":67,"name":"Pianetto / Mevaniola","slug":"pianetto-mevaniola","region":"Umbria","n":1,"date_min":-50,"date_max":-1,"lang":7,"langs":{"7":1},"alphabets":{"6":1},"parent":null,"level":"site","shared":1,"links":0}},{"type":"Feature","geometry":{"type":"Point","coordinates":[13.709876,45.818126]},"properties":{"id":77,"name":"Ivanji Grad","slug":"ivanji-grad","region":"Venetia et Histria","n":1,"date_min":-50,"date_max":-26,"lang":7,"langs":{"7":1},"alphabets":{"6":1},"parent":null,"level":"site","shared":1,"links":0}},{"type":"Feature","geometry":{"type":"Point","coordinates":[13.036428,46.178361]},"properties":{"id":80,"name":"San Tomaso / Iulium Carnicum","slug":"san-tomaso-iulium-carnicum","region":"Venetia et Histria","n":1,"date_min":-50,"date_max":-1,"lang":7,"langs":{"7":1},"alphabets":{"6":1},"parent":null,"level":"site","shared":1,"links":0}},{"type":"Feature","geometry":{"type":"Point","coordinates":[13.015836,46.405368]},"properties":{"id":82,"name":"Tolmezzo / Iulium Carnicum","slug":"tolmezzo-iulium-carnicum","region":"Venetia et Histria","n":1,"date_min":-50,"date_max":-1,"lang":7,"langs":{"7":1},"alphabets":{"6":1},"parent":null,"level":"site","shared":1,"links":0}},{"type":"Feature","geometry":{"type":"Point","coordinates":[10.919908,45.566915]},"properties":{"id":90,"name":"Buri / Arusnates","slug":"buri-arusnates","region":"Venetia et Histria","n":1,"date_min":-50,"date_max":-1,"lang":7,"langs":{"7":1},"alphabets":{"6":1},"parent":null,"level":"site","shared":1,"links":0}},{"type":"Feature","geometry":{"type":"Point","coordinates":[10.991782,45.878048]},"properties":{"id":91,"name":"Lenzima / Verona","slug":"lenzima-verona","region":"Venetia et Histria","n":1,"date_min":-100,"date_max":-1,"lang":7,"langs":{"7":1},"alphabets":{"6":1},"parent":null,"level":"site","shared":1,"links":0}},{"type":"Feature","geometry":{"type":"Point","coordinates":[10.488587,44.998436]},"properties":{"id":92,"name":"Sabbioneta / Mantua","slug":"sabbioneta-mantua","region":"Venetia et Histria","n":1,"date_min":-75,"date_max":-51,"lang":7,"langs":{"7":1},"alphabets":{"6":1},"parent":null,"level":"site","shared":1,"links":0}},{"type":"Feature","geometry":{"type":"Point","coordinates":[10.027778,45.369722]},"properties":{"id":95,"name":"Pedergnaga, San Paolo / Brixia","slug":"pedergnaga-san-paolo-brixia","region":"Venetia et Histria","n":1,"date_min":-50,"date_max":-1,"lang":7,"langs":{"7":1},"alphabets":{"6":1},"parent":null,"level":"locality","shared":1,"links":0}},{"type":"Feature","geometry":{"type":"Point","coordinates":[13.774076,45.373689]},"properties":{"id":97,"name":"Zavrsje / Piemonte","slug":"zavrsje-piemonte","region":"Venetia et Histria","n":1,"date_min":-25,"date_max":-1,"lang":7,"langs":{"7":1},"alphabets":{"6":1},"parent":null,"level":"site","shared":1,"links":0}},{"type":"Feature","geometry":{"type":"Point","coordinates":[13.982665,45.376071]},"properties":{"id":98,"name":"Prodani","slug":"prodani","region":"Venetia et Histria","n":1,"date_min":-25,"date_max":-1,"lang":7,"langs":{"7":1},"alphabets":{"6":1},"parent":null,"level":"site","shared":1,"links":0}},{"type":"Feature","geometry":{"type":"Point","coordinates":[13.99135,45.297489]},"properties":{"id":99,"name":"Pagubice / Pagovizza","slug":"pagubice-pagovizza","region":"Venetia et Histria","n":1,"date_min":-25,"date_max":-1,"lang":7,"langs":{"7":1},"alphabets":{"6":1},"parent":null,"level":"site","shared":1,"links":0}},{"type":"Feature","geometry":{"type":"Point","coordinates":[13.9667,45.3167]},"properties":{"id":100,"name":"Cerje / Cerie","slug":"cerje-cerie","region":"Venetia et Histria","n":1,"date_min":-25,"date_max":-1,"lang":7,"langs":{"7":1},"alphabets":{"6":1},"parent":null,"level":"site","shared":1,"links":0}},{"type":"Feature","geometry":{"type":"Point","coordinates":[10.350871,46.02589]},"properties":{"id":101,"name":"Naquane / Camunni","slug":"naquane-camunni","region":"Venetia et Histria","n":1,"date_min":-100,"date_max":-1,"lang":7,"langs":{"7":1},"alphabets":{"6":1},"parent":null,"level":"site","shared":1,"links":0}},{"type":"Feature","geometry":{"type":"Point","coordinates":[13.770831,42.184329]},"properties":{"id":106,"name":"San Benedetto in Perillis / Peltuinum","slug":"san-benedetto-in-perillis-peltuinum","region":"Samnium","n":1,"date_min":-100,"date_max":-51,"lang":7,"langs":{"7":1},"alphabets":{"6":1},"parent":null,"level":"site","shared":1,"links":0}},{"type":"Feature","geometry":{"type":"Point","coordinates":[13.386443,45.677692]},"properties":{"id":109,"name":"Grado / Aquileia","slug":"grado-aquileia","region":"Venetia et Histria","n":1,"date_min":-50,"date_max":-26,"lang":7,"langs":{"7":1},"alphabets":{"6":1},"parent":null,"level":"site","shared":1,"links":0}},{"type":"Feature","geometry":{"type":"Point","coordinates":[9.508887,39.11785]},"properties":{"id":111,"name":"Capo Carbonara","slug":"capo-carbonara","region":"Sardinia","n":1,"date_min":-150,"date_max":-51,"lang":7,"langs":{"7":1},"alphabets":{"6":1},"parent":null,"level":"site","shared":1,"links":0}},{"type":"Feature","geometry":{"type":"Point","coordinates":[9.573951,39.441045]},"properties":{"id":112,"name":"Biddeputzi / Villaputzu","slug":"biddeputzi-villaputzu","region":"Sardinia","n":1,"date_min":-50,"date_max":-1,"lang":7,"langs":{"7":1},"alphabets":{"6":1},"parent":null,"level":"site","shared":1,"links":0}},{"type":"Feature","geometry":{"type":"Point","coordinates":[13.544409,41.821319]},"properties":{"id":125,"name":"San Vincenzo Valle Roveto","slug":"san-vincenzo-valle-roveto","region":"Latium","n":1,"date_min":-200,"date_max":-101,"lang":7,"langs":{"7":1},"alphabets":{"6":1},"parent":null,"level":"site","shared":1,"links":0}},{"type":"Feature","geometry":{"type":"Point","coordinates":[12.880331,41.969893]},"properties":{"id":129,"name":"Castel Madama","slug":"castel-madama","region":"Samnium","n":1,"date_min":-25,"date_max":-1,"lang":7,"langs":{"7":1},"alphabets":{"6":1},"parent":null,"level":"site","shared":1,"links":0}},{"type":"Feature","geometry":{"type":"Point","coordinates":[10.50703,43.84184]},"properties":{"id":133,"name":"Lucca / Luca","slug":"lucca-luca","region":"Etruria Settentrionale","n":1,"date_min":-50,"date_max":-1,"lang":7,"langs":{"7":1},"alphabets":{"6":1},"parent":null,"level":"site","shared":1,"links":0}},{"type":"Feature","geometry":{"type":"Point","coordinates":[8.51176,44.333831]},"properties":{"id":136,"name":"Albisola Superiore / Albisola / Alba Docilia","slug":"albisola-superiore-albisola-alba-docilia","region":"Liguria","n":1,"date_min":-100,"date_max":-1,"lang":7,"langs":{"7":1},"alphabets":{"6":1},"parent":null,"level":"site","shared":1,"links":0}},{"type":"Feature","geometry":{"type":"Point","coordinates":[11.12576,46.066423]},"properties":{"id":137,"name":"Trento / Trient / Tridentum","slug":"trento-trient-tridentum","region":"Venetia et Histria","n":1,"date_min":-25,"date_max":-1,"lang":7,"langs":{"7":1},"alphabets":{"6":1},"parent":null,"level":"site","shared":1,"links":0}},{"type":"Feature","geometry":{"type":"Point","coordinates":[9.267118,45.882245]},"properties":{"id":138,"name":"Lasnigo","slug":"lasnigo","region":"Transpadana","n":1,"date_min":-50,"date_max":-1,"lang":7,"langs":{"7":1},"alphabets":{"6":1},"parent":null,"level":"site","shared":1,"links":0}},{"type":"Feature","geometry":{"type":"Point","coordinates":[14.252815,41.975633]},"properties":{"id":141,"name":"Montenerodomo / Iuvanum","slug":"montenerodomo-iuvanum","region":"Samnium","n":1,"date_min":-50,"date_max":-1,"lang":7,"langs":{"7":1},"alphabets":{"6":1},"parent":null,"level":"site","shared":1,"links":0}},{"type":"Feature","geometry":{"type":"Point","coordinates":[7.854962,44.559324]},"properties":{"id":148,"name":"Bene Vagienna / Augusta Bagiennorum","slug":"bene-vagienna-augusta-bagiennorum","region":"Liguria","n":1,"date_min":-25,"date_max":-1,"lang":7,"langs":{"7":1},"alphabets":{"6":1},"parent":null,"level":"site","shared":1,"links":0}},{"type":"Feature","geometry":{"type":"Point","coordinates":[13.148961,46.182436]},"properties":{"id":150,"name":"Vendoglio","slug":"vendoglio","region":"Venetia et Histria","n":1,"date_min":-25,"date_max":-1,"lang":7,"langs":{"7":1},"alphabets":{"6":1},"parent":null,"level":"site","shared":1,"links":0}},{"type":"Feature","geometry":{"type":"Point","coordinates":[8.040443,43.889057]},"properties":{"id":153,"name":"Oneglia","slug":"oneglia","region":"Liguria","n":1,"date_min":-25,"date_max":-1,"lang":7,"langs":{"7":1},"alphabets":{"6":1},"parent":null,"level":"site","shared":1,"links":0}},{"type":"Feature","geometry":{"type":"Point","coordinates":[7.774883,43.819825]},"properties":{"id":154,"name":"Sanremo / Costa Bellene / Ballene","slug":"sanremo-costa-bellene-ballene","region":"Liguria","n":1,"date_min":-25,"date_max":-1,"lang":7,"langs":{"7":1},"alphabets":{"6":1},"parent":null,"level":"site","shared":1,"links":0}},{"type":"Feature","geometry":{"type":"Point","coordinates":[13.944845,45.348383]},"properties":{"id":156,"name":"Marcenegla / Piquentum","slug":"marcenegla-piquentum","region":"Venetia et Histria","n":1,"date_min":-25,"date_max":-1,"lang":7,"langs":{"7":1},"alphabets":{"6":1},"parent":null,"level":"site","shared":1,"links":0}},{"type":"Feature","geometry":{"type":"Point","coordinates":[13.03309,41.860621]},"properties":{"id":165,"name":"Olevano Romano / Ficulea","slug":"olevano-romano-ficulea","region":"Latium","n":1,"date_min":-25,"date_max":-1,"lang":7,"langs":{"7":1},"alphabets":{"6":1},"parent":null,"level":"site","shared":1,"links":0}},{"type":"Feature","geometry":{"type":"Point","coordinates":[13.094788,41.926019]},"properties":{"id":167,"name":"Subiaco / Sublaqueum","slug":"subiaco-sublaqueum","region":"Samnium","n":1,"date_min":-50,"date_max":-1,"lang":7,"langs":{"7":1},"alphabets":{"6":1},"parent":null,"level":"site","shared":1,"links":0}},{"type":"Feature","geometry":{"type":"Point","coordinates":[12.666741,41.788616]},"properties":{"id":171,"name":"Grottaferrata / Tusculum","slug":"grottaferrata-tusculum","region":"Latium","n":1,"date_min":-25,"date_max":-1,"lang":7,"langs":{"7":1},"alphabets":{"6":1},"parent":null,"level":"site","shared":1,"links":0}},{"type":"Feature","geometry":{"type":"Point","coordinates":[12.76526,42.597735]},"properties":{"id":173,"name":"Montefranco","slug":"montefranco","region":"Umbria","n":1,"date_min":-50,"date_max":-1,"lang":7,"langs":{"7":1},"alphabets":{"6":1},"parent":null,"level":"site","shared":1,"links":0}},{"type":"Feature","geometry":{"type":"Point","coordinates":[12.86376,42.754621]},"properties":{"id":174,"name":"Vallo di Nera","slug":"vallo-di-nera","region":"Umbria","n":1,"date_min":-50,"date_max":-1,"lang":7,"langs":{"7":1},"alphabets":{"6":1},"parent":null,"level":"site","shared":1,"links":0}},{"type":"Feature","geometry":{"type":"Point","coordinates":[15.265011,40.578494]},"properties":{"id":185,"name":"Sicignano degli Alburni / Nares Lucanae","slug":"sicignano-degli-alburni-nares-lucanae","region":"Lucania et Bruttium","n":1,"date_min":-150,"date_max":-126,"lang":7,"langs":{"7":1},"alphabets":{"6":1},"parent":null,"level":"site","shared":1,"links":0}},{"type":"Feature","geometry":{"type":"Point","coordinates":[14.811051,41.319407]},"properties":{"id":190,"name":"Circello / Ligures Baebiani","slug":"circello-ligures-baebiani","region":"Apulia","n":1,"date_min":-50,"date_max":-1,"lang":7,"langs":{"7":1},"alphabets":{"6":1},"parent":null,"level":"site","shared":1,"links":0}},{"type":"Feature","geometry":{"type":"Point","coordinates":[12.203898,42.644971]},"properties":{"id":191,"name":"Castiglione in Teverina / Volsinii","slug":"castiglione-in-teverina-volsinii","region":"Etruria Meridionale","n":1,"date_min":-50,"date_max":-1,"lang":7,"langs":{"7":1},"alphabets":{"6":1},"parent":null,"level":"site","shared":1,"links":0}},{"type":"Feature","geometry":{"type":"Point","coordinates":[12.870091,43.884236]},"properties":{"id":199,"name":"Villa Fastiggi / Calibano / Pisaurum","slug":"villa-fastiggi-calibano-pisaurum","region":"Umbria","n":1,"date_min":-50,"date_max":-1,"lang":7,"langs":{"7":1},"alphabets":{"6":1},"parent":null,"level":"site","shared":1,"links":0}},{"type":"Feature","geometry":{"type":"Point","coordinates":[16.912776,39.147901]},"properties":{"id":203,"name":"Santa Severina","slug":"santa-severina","region":"Lucania et Bruttium","n":1,"date_min":-50,"date_max":-1,"lang":7,"langs":{"7":1},"alphabets":{"6":1},"parent":null,"level":"site","shared":1,"links":0}},{"type":"Feature","geometry":{"type":"Point","coordinates":[8.426374,45.321094]},"properties":{"id":207,"name":"Vercelli / Vercellae","slug":"vercelli-vercellae","region":"Transpadana","n":1,"date_min":-100,"date_max":-51,"lang":7,"langs":{"7":1},"alphabets":{"6":1},"parent":null,"level":"site","shared":1,"links":0}},{"type":"Feature","geometry":{"type":"Point","coordinates":[15.895927,41.102372]},"properties":{"id":210,"name":"Borgo Gaudiano / Villaggio Gaudiano","slug":"borgo-gaudiano-villaggio-gaudiano","region":"Apulia","n":1,"date_min":-50,"date_max":-26,"lang":7,"langs":{"7":1},"alphabets":{"6":1},"parent":null,"level":"site","shared":1,"links":0}},{"type":"Feature","geometry":{"type":"Point","coordinates":[15.052239,41.496029]},"properties":{"id":214,"name":"Volturara Appula / Volturara","slug":"volturara-appula-volturara","region":"Apulia","n":1,"date_min":-75,"date_max":-51,"lang":7,"langs":{"7":1},"alphabets":{"6":1},"parent":null,"level":"site","shared":1,"links":0}},{"type":"Feature","geometry":{"type":"Point","coordinates":[13.761796,42.996178]},"properties":{"id":217,"name":"Ripatransone / Cupra Maritima","slug":"ripatransone-cupra-maritima","region":"Picenum","n":1,"date_min":-100,"date_max":-26,"lang":7,"langs":{"7":1},"alphabets":{"6":1},"parent":null,"level":"site","shared":1,"links":0}},{"type":"Feature","geometry":{"type":"Point","coordinates":[12.726407,42.88844]},"properties":{"id":219,"name":"Pietrarossa","slug":"pietrarossa","region":"Umbria","n":1,"date_min":-150,"date_max":-101,"lang":7,"langs":{"7":1},"alphabets":{"6":1},"parent":null,"level":"site","shared":1,"links":0}},{"type":"Feature","geometry":{"type":"Point","coordinates":[12.54074,43.142487]},"properties":{"id":220,"name":"Pianello / Ostra","slug":"pianello-ostra","region":"Umbria","n":1,"date_min":-200,"date_max":-76,"lang":7,"langs":{"7":1},"alphabets":{"6":1},"parent":null,"level":"site","shared":1,"links":0}},{"type":"Feature","geometry":{"type":"Point","coordinates":[12.436773,42.158523]},"properties":{"id":223,"name":"Magliano Romano","slug":"magliano-romano","region":"Agri Faliscus et Capena","n":1,"date_min":-50,"date_max":-1,"lang":7,"langs":{"7":1},"alphabets":{"6":1},"parent":null,"level":"site","shared":1,"links":0}},{"type":"Feature","geometry":{"type":"Point","coordinates":[13.126363,42.265033]},"properties":{"id":224,"name":"Fiamignano","slug":"fiamignano","region":"Samnium","n":1,"date_min":-150,"date_max":-51,"lang":7,"langs":{"7":1},"alphabets":{"6":1},"parent":null,"level":"site","shared":1,"links":0}},{"type":"Feature","geometry":{"type":"Point","coordinates":[9.588832,40.292802]},"properties":{"id":229,"name":"Durgali / Dorgali","slug":"durgali-dorgali","region":"Sardinia","n":1,"date_min":-150,"date_max":-51,"lang":7,"langs":{"7":1},"alphabets":{"6":1},"parent":null,"level":"site","shared":1,"links":0}},{"type":"Feature","geometry":{"type":"Point","coordinates":[10.860062,43.401604]},"properties":{"id":233,"name":"Volterra / Volaterrae","slug":"volterra-volaterrae","region":"Etruria Settentrionale","n":1,"date_min":-100,"date_max":-1,"lang":7,"langs":{"7":1},"alphabets":{"6":1},"parent":null,"level":"site","shared":3,"links":0}},{"type":"Feature","geometry":{"type":"Point","coordinates":[18.051619,40.484029]},"properties":{"id":234,"name":"Torchiarolo / Valesium","slug":"torchiarolo-valesium","region":"Messapia","n":1,"date_min":-50,"date_max":-1,"lang":7,"langs":{"7":1},"alphabets":{"6":1},"parent":null,"level":"site","shared":1,"links":0}},{"type":"Feature","geometry":{"type":"Point","coordinates":[12.68544,42.18027]},"properties":{"id":235,"name":"Passo Corese / Cures Sabini","slug":"passo-corese-cures-sabini","region":"Samnium","n":1,"date_min":-100,"date_max":-1,"lang":7,"langs":{"7":1},"alphabets":{"6":1},"parent":1604,"level":"locality","shared":2,"links":0}},{"type":"Feature","geometry":{"type":"Point","coordinates":[12.346567,42.413728]},"properties":{"id":239,"name":"Vasanello / Horta","slug":"vasanello-horta","region":"Agri Faliscus et Capena","n":1,"date_min":-50,"date_max":-1,"lang":7,"langs":{"7":1},"alphabets":{"6":1},"parent":null,"level":"site","shared":1,"links":0}},{"type":"Feature","geometry":{"type":"Point","coordinates":[12.117589,44.722134]},"properties":{"id":240,"name":"Valle Ponti","slug":"valle-ponti","region":"Aemilia","n":1,"date_min":-100,"date_max":-1,"lang":7,"langs":{"7":1},"alphabets":{"6":1},"parent":null,"level":"site","shared":1,"links":0}},{"type":"Feature","geometry":{"type":"Point","coordinates":[17.582677,40.530162]},"properties":{"id":243,"name":"Francavilla Fontana / Tarentum","slug":"francavilla-fontana-tarentum","region":"Messapia","n":1,"date_min":-50,"date_max":-1,"lang":7,"langs":{"7":1},"alphabets":{"6":1},"parent":null,"level":"site","shared":1,"links":0}},{"type":"Feature","geometry":{"type":"Point","coordinates":[12.408801,44.02726]},"properties":{"id":247,"name":"Poggio Berni","slug":"poggio-berni","region":"Aemilia","n":1,"date_min":-100,"date_max":-1,"lang":7,"langs":{"7":1},"alphabets":{"6":1},"parent":null,"level":"site","shared":1,"links":0}},{"type":"Feature","geometry":{"type":"Point","coordinates":[13.667258,41.552321]},"properties":{"id":250,"name":"Roccasecca / Aquinum","slug":"roccasecca-aquinum","region":"Latium","n":1,"date_min":-50,"date_max":-1,"lang":7,"langs":{"7":1},"alphabets":{"6":1},"parent":null,"level":"site","shared":1,"links":0}},{"type":"Feature","geometry":{"type":"Point","coordinates":[15.937498,38.55563]},"properties":{"id":256,"name":"Nicotera","slug":"nicotera","region":"Lucania et Bruttium","n":1,"date_min":-150,"date_max":-76,"lang":7,"langs":{"7":1},"alphabets":{"6":1},"parent":null,"level":"site","shared":1,"links":0}},{"type":"Feature","geometry":{"type":"Point","coordinates":[11.353378,45.158717]},"properties":{"id":259,"name":"Villa Bartolomea / Verona","slug":"villa-bartolomea-verona","region":"Venetia et Histria","n":1,"date_min":-75,"date_max":-1,"lang":7,"langs":{"7":1},"alphabets":{"6":1},"parent":null,"level":"site","shared":1,"links":0}},{"type":"Feature","geometry":{"type":"Point","coordinates":[13.539798,42.08553]},"properties":{"id":263,"name":"Celano / Cerfennia","slug":"celano-cerfennia","region":"Samnium","n":1,"date_min":-100,"date_max":-1,"lang":7,"langs":{"7":1},"alphabets":{"6":1},"parent":null,"level":"site","shared":1,"links":0}},{"type":"Feature","geometry":{"type":"Point","coordinates":[12.020239,42.39425]},"properties":{"id":278,"name":"Castel d'Asso / Tarquinii","slug":"castel-d-asso-tarquinii","region":"Etruria Meridionale","n":1,"date_min":-125,"date_max":-101,"lang":7,"langs":{"7":1},"alphabets":{"6":1},"parent":null,"level":"site","shared":1,"links":0}},{"type":"Feature","geometry":{"type":"Point","coordinates":[14.298423,41.032997]},"properties":{"id":280,"name":"Marcianise","slug":"marcianise","region":"Campania","n":1,"date_min":-50,"date_max":-1,"lang":7,"langs":{"7":1},"alphabets":{"6":1},"parent":null,"level":"site","shared":1,"links":0}},{"type":"Feature","geometry":{"type":"Point","coordinates":[13.564945,45.316851]},"properties":{"id":282,"name":"Novigrad / Neapolis","slug":"novigrad-neapolis","region":"Venetia et Histria","n":1,"date_min":-50,"date_max":-1,"lang":7,"langs":{"7":1},"alphabets":{"6":1},"parent":null,"level":"site","shared":1,"links":0}},{"type":"Feature","geometry":{"type":"Point","coordinates":[13.762222,41.607114]},"properties":{"id":283,"name":"Garigliano / Minturnae","slug":"garigliano-minturnae","region":"Latium","n":1,"date_min":-550,"date_max":-451,"lang":7,"langs":{"7":1},"alphabets":{"7":1},"parent":null,"level":"site","shared":1,"links":0}},{"type":"Feature","geometry":{"type":"Point","coordinates":[8.21493,44.0484]},"properties":{"id":286,"name":"Albenga / Albingaunum","slug":"albenga-albingaunum","region":"Liguria","n":1,"date_min":-100,"date_max":-1,"lang":7,"langs":{"7":1},"alphabets":{"6":1},"parent":null,"level":"site","shared":1,"links":0}},{"type":"Feature","geometry":{"type":"Point","coordinates":[12.988421,42.735434]},"properties":{"id":292,"name":"Giappiedi / Nursia","slug":"giappiedi-nursia","region":"Umbria","n":1,"date_min":-50,"date_max":-1,"lang":7,"langs":{"7":1},"alphabets":{"6":1},"parent":null,"level":"site","shared":1,"links":0}},{"type":"Feature","geometry":{"type":"Point","coordinates":[13.224428,42.495314]},"properties":{"id":299,"name":"Marana / Prato del Molino / Amiternum","slug":"marana-prato-del-molino-amiternum","region":"Samnium","n":1,"date_min":-100,"date_max":-1,"lang":7,"langs":{"7":1},"alphabets":{"6":1},"parent":null,"level":"site","shared":1,"links":0}},{"type":"Feature","geometry":{"type":"Point","coordinates":[13.323621,42.422871]},"properties":{"id":303,"name":"San Lorenzo / Amiternum","slug":"san-lorenzo-amiternum","region":"Samnium","n":1,"date_min":-100,"date_max":-1,"lang":7,"langs":{"7":1},"alphabets":{"6":1},"parent":null,"level":"site","shared":1,"links":0}},{"type":"Feature","geometry":{"type":"Point","coordinates":[8.983489,45.217318]},"properties":{"id":309,"name":"Cascina Validone","slug":"cascina-validone","region":"Transpadana","n":1,"date_min":-150,"date_max":-1,"lang":7,"langs":{"7":1},"alphabets":{"6":1},"parent":null,"level":"site","shared":1,"links":0}},{"type":"Feature","geometry":{"type":"Point","coordinates":[13.77105,45.598617]},"properties":{"id":311,"name":"Muggia / Milje / Tergeste","slug":"muggia-milje-tergeste","region":"Venetia et Histria","n":1,"date_min":-50,"date_max":-1,"lang":7,"langs":{"7":1},"alphabets":{"6":1},"parent":null,"level":"site","shared":1,"links":0}},{"type":"Feature","geometry":{"type":"Point","coordinates":[13.8583,45.57119]},"properties":{"id":312,"name":"Osp / Ospo / Grubelice / Tergeste","slug":"osp-ospo-grubelice-tergeste","region":"Venetia et Histria","n":1,"date_min":-25,"date_max":-1,"lang":7,"langs":{"7":1},"alphabets":{"6":1},"parent":null,"level":"site","shared":1,"links":0}},{"type":"Feature","geometry":{"type":"Point","coordinates":[12.99367,41.489188]},"properties":{"id":313,"name":"Tratturo Canio / Setia","slug":"tratturo-canio-setia","region":"Latium","n":1,"date_min":-300,"date_max":-201,"lang":7,"langs":{"7":1},"alphabets":{"6":1},"parent":null,"level":"site","shared":1,"links":0}},{"type":"Feature","geometry":{"type":"Point","coordinates":[13.291878,43.318256]},"properties":{"id":316,"name":"Treia / Trea","slug":"treia-trea","region":"Picenum","n":1,"date_min":-50,"date_max":-26,"lang":7,"langs":{"7":1},"alphabets":{"6":1},"parent":null,"level":"site","shared":1,"links":0}},{"type":"Feature","geometry":{"type":"Point","coordinates":[15.480662,40.456811]},"properties":{"id":322,"name":"San Pietro al Tanagro / Atina","slug":"san-pietro-al-tanagro-atina","region":"Lucania et Bruttium","n":1,"date_min":-75,"date_max":-1,"lang":7,"langs":{"7":1},"alphabets":{"6":1},"parent":null,"level":"site","shared":1,"links":0}},{"type":"Feature","geometry":{"type":"Point","coordinates":[15.507246,40.598647]},"properties":{"id":323,"name":"Vietri di Potenza / Atina","slug":"vietri-di-potenza-atina","region":"Lucania et Bruttium","n":1,"date_min":-50,"date_max":-1,"lang":7,"langs":{"7":1},"alphabets":{"6":1},"parent":null,"level":"site","shared":1,"links":0}},{"type":"Feature","geometry":{"type":"Point","coordinates":[8.850732,39.809646]},"properties":{"id":327,"name":"Useddus / Usellus / Uselis","slug":"useddus-usellus-uselis","region":"Sardinia","n":1,"date_min":-200,"date_max":-101,"lang":7,"langs":{"7":1},"alphabets":{"6":1},"parent":null,"level":"site","shared":1,"links":0}},{"type":"Feature","geometry":{"type":"Point","coordinates":[8.941993,40.121315]},"properties":{"id":328,"name":"Bidoniu / Bidoni","slug":"bidoniu-bidoni","region":"Sardinia","n":1,"date_min":-100,"date_max":-1,"lang":7,"langs":{"7":1},"alphabets":{"6":1},"parent":null,"level":"site","shared":1,"links":0}},{"type":"Feature","geometry":{"type":"Point","coordinates":[13.666709,41.461618]},"properties":{"id":331,"name":"Pontecorvo / Aquinum","slug":"pontecorvo-aquinum","region":"Latium","n":1,"date_min":-50,"date_max":-1,"lang":7,"langs":{"7":1},"alphabets":{"6":1},"parent":null,"level":"site","shared":1,"links":0}},{"type":"Feature","geometry":{"type":"Point","coordinates":[13.279647,41.539323]},"properties":{"id":332,"name":"Giuliano di Roma","slug":"giuliano-di-roma","region":"Latium","n":1,"date_min":-300,"date_max":-201,"lang":7,"langs":{"7":1},"alphabets":{"6":1},"parent":null,"level":"site","shared":1,"links":0}},{"type":"Feature","geometry":{"type":"Point","coordinates":[8.403146,40.83444]},"properties":{"id":336,"name":"Posthudorra / Porto Torres / Turris Libisonis","slug":"posthudorra-porto-torres-turris-libisonis","region":"Sardinia","n":1,"date_min":-50,"date_max":-1,"lang":7,"langs":{"7":1},"alphabets":{"6":1},"parent":null,"level":"site","shared":1,"links":0}},{"type":"Feature","geometry":{"type":"Point","coordinates":[17.75,40.75]},"properties":{"id":339,"name":"Pago Veiano / Pagus Meflanus / Pagus Vetanus","slug":"pago-veiano-pagus-meflanus-pagus-vetanus","region":"Apulia","n":1,"date_min":-50,"date_max":-1,"lang":7,"langs":{"7":1},"alphabets":{"6":1},"parent":null,"level":"site","shared":1,"links":0}},{"type":"Feature","geometry":{"type":"Point","coordinates":[15.850137,39.760884]},"properties":{"id":340,"name":"Pastina","slug":"pastina","region":"Lucania et Bruttium","n":1,"date_min":-50,"date_max":-1,"lang":7,"langs":{"7":1},"alphabets":{"6":1},"parent":null,"level":"site","shared":1,"links":0}},{"type":"Feature","geometry":{"type":"Point","coordinates":[14.645624,41.173979]},"properties":{"id":342,"name":"Vitulano","slug":"vitulano","region":"Apulia","n":1,"date_min":-75,"date_max":-26,"lang":7,"langs":{"7":1},"alphabets":{"6":1},"parent":null,"level":"site","shared":1,"links":0}},{"type":"Feature","geometry":{"type":"Point","coordinates":[7.374977,44.785652]},"properties":{"id":350,"name":"San Germano Vercellese / Forum Vibii Caburrum","slug":"san-germano-vercellese-forum-vibii-caburrum","region":"Alpes Cottiae","n":1,"date_min":-50,"date_max":-1,"lang":7,"langs":{"7":1},"alphabets":{"6":1},"parent":null,"level":"site","shared":1,"links":0}},{"type":"Feature","geometry":{"type":"Point","coordinates":[13.43578,37.701848]},"properties":{"id":352,"name":"Corleone / Hippana","slug":"corleone-hippana","region":"Sicily","n":1,"date_min":-275,"date_max":-126,"lang":7,"langs":{"7":1},"alphabets":{"6":1},"parent":null,"level":"site","shared":1,"links":0}},{"type":"Feature","geometry":{"type":"Point","coordinates":[11.180021,45.465933]},"properties":{"id":353,"name":"Illasi / Verona","slug":"illasi-verona","region":"Venetia et Histria","n":1,"date_min":-50,"date_max":-1,"lang":7,"langs":{"7":1},"alphabets":{"6":1},"parent":null,"level":"site","shared":1,"links":0}},{"type":"Feature","geometry":{"type":"Point","coordinates":[16.151833,41.296683]},"properties":{"id":357,"name":"Canne della Battaglia / Cannae","slug":"canne-della-battaglia-cannae","region":"Apulia","n":1,"date_min":-100,"date_max":-26,"lang":7,"langs":{"7":1},"alphabets":{"6":1},"parent":null,"level":"site","shared":1,"links":0}},{"type":"Feature","geometry":{"type":"Point","coordinates":[13.224835,43.138534]},"properties":{"id":359,"name":"Caldarola","slug":"caldarola","region":"Picenum","n":1,"date_min":-325,"date_max":-301,"lang":7,"langs":{"7":1},"alphabets":{"6":1},"parent":null,"level":"site","shared":1,"links":0}},{"type":"Feature","geometry":{"type":"Point","coordinates":[13.56135,46.820265]},"properties":{"id":361,"name":"Laubendorf","slug":"laubendorf","region":"Noricum","n":1,"date_min":-50,"date_max":-1,"lang":7,"langs":{"7":1},"alphabets":{"6":1},"parent":null,"level":"site","shared":1,"links":0}},{"type":"Feature","geometry":{"type":"Point","coordinates":[11.6899,48.153899]},"properties":{"id":362,"name":"Dornach / Aschheim-Dornach","slug":"dornach-aschheim-dornach","region":"Raetia","n":1,"date_min":-100,"date_max":-1,"lang":7,"langs":{"7":1},"alphabets":{"6":1},"parent":null,"level":"site","shared":1,"links":0}},{"type":"Feature","geometry":{"type":"Point","coordinates":[11.57758,45.433991]},"properties":{"id":363,"name":"Nanto / Vicetia","slug":"nanto-vicetia","region":"Venetia et Histria","n":1,"date_min":-100,"date_max":-26,"lang":7,"langs":{"7":1},"alphabets":{"6":1},"parent":null,"level":"site","shared":1,"links":0}},{"type":"Feature","geometry":{"type":"Point","coordinates":[13.860802,42.333038]},"properties":{"id":365,"name":"Carpineto della Nora / Aufidena","slug":"carpineto-della-nora-aufidena","region":"Samnium","n":1,"date_min":-100,"date_max":-26,"lang":7,"langs":{"7":1},"alphabets":{"6":1},"parent":null,"level":"site","shared":1,"links":0}},{"type":"Feature","geometry":{"type":"Point","coordinates":[14.288217,41.924932]},"properties":{"id":367,"name":"Quadri / Trebula","slug":"quadri-trebula","region":"Samnium","n":1,"date_min":-50,"date_max":-1,"lang":7,"langs":{"7":1},"alphabets":{"6":1},"parent":null,"level":"site","shared":1,"links":0}},{"type":"Feature","geometry":{"type":"Point","coordinates":[14.913303,41.914045]},"properties":{"id":368,"name":"Guglionesi / Uscosium","slug":"guglionesi-uscosium","region":"Apulia","n":1,"date_min":-50,"date_max":-1,"lang":7,"langs":{"7":1},"alphabets":{"6":1},"parent":null,"level":"site","shared":1,"links":0}},{"type":"Feature","geometry":{"type":"Point","coordinates":[14.140982,42.453456]},"properties":{"id":372,"name":"Spoltore / Angulus","slug":"spoltore-angulus","region":"Samnium","n":1,"date_min":-25,"date_max":-1,"lang":7,"langs":{"7":1},"alphabets":{"6":1},"parent":null,"level":"site","shared":1,"links":0}},{"type":"Feature","geometry":{"type":"Point","coordinates":[12.812882,42.862812]},"properties":{"id":383,"name":"Pettino / Amiternum","slug":"pettino-amiternum","region":"Umbria","n":1,"date_min":-75,"date_max":-26,"lang":7,"langs":{"7":1},"alphabets":{"6":1},"parent":null,"level":"site","shared":1,"links":0}},{"type":"Feature","geometry":{"type":"Point","coordinates":[13.266619,42.29054]},"properties":{"id":385,"name":"Tornimparte / Amiternum","slug":"tornimparte-amiternum","region":"Samnium","n":1,"date_min":-50,"date_max":-1,"lang":7,"langs":{"7":1},"alphabets":{"6":1},"parent":null,"level":"site","shared":1,"links":0}},{"type":"Feature","geometry":{"type":"Point","coordinates":[14.235176,42.435148]},"properties":{"id":386,"name":"San Silvestro","slug":"san-silvestro","region":"Samnium","n":1,"date_min":-100,"date_max":-1,"lang":7,"langs":{"7":1},"alphabets":{"6":1},"parent":null,"level":"site","shared":1,"links":0}},{"type":"Feature","geometry":{"type":"Point","coordinates":[13.023789,41.910522]},"properties":{"id":387,"name":"Rocca Santo Stefano / Amiternum","slug":"rocca-santo-stefano-amiternum","region":"Samnium","n":1,"date_min":-50,"date_max":-1,"lang":7,"langs":{"7":1},"alphabets":{"6":1},"parent":null,"level":"site","shared":1,"links":0}},{"type":"Feature","geometry":{"type":"Point","coordinates":[13.218691,42.349462]},"properties":{"id":389,"name":"Vigliano / Fisternae","slug":"vigliano-fisternae","region":"Samnium","n":1,"date_min":-75,"date_max":-26,"lang":7,"langs":{"7":1},"alphabets":{"6":1},"parent":null,"level":"site","shared":1,"links":0}},{"type":"Feature","geometry":{"type":"Point","coordinates":[13.388179,42.026611]},"properties":{"id":390,"name":"Cese dei Marsi / Cese","slug":"cese-dei-marsi-cese","region":"Samnium","n":1,"date_min":-100,"date_max":-1,"lang":7,"langs":{"7":1},"alphabets":{"6":1},"parent":null,"level":"site","shared":1,"links":0}},{"type":"Feature","geometry":{"type":"Point","coordinates":[13.282023,42.448525]},"properties":{"id":392,"name":"Barete","slug":"barete","region":"Samnium","n":1,"date_min":-50,"date_max":-1,"lang":7,"langs":{"7":1},"alphabets":{"6":1},"parent":null,"level":"site","shared":1,"links":0}},{"type":"Feature","geometry":{"type":"Point","coordinates":[12.597458,42.728915]},"properties":{"id":393,"name":"Scoppio","slug":"scoppio","region":"Umbria","n":1,"date_min":-150,"date_max":-76,"lang":7,"langs":{"7":1},"alphabets":{"6":1},"parent":null,"level":"site","shared":1,"links":0}},{"type":"Feature","geometry":{"type":"Point","coordinates":[13.098276,42.526509]},"properties":{"id":394,"name":"Bacugno / Forum Decii","slug":"bacugno-forum-decii","region":"Samnium","n":1,"date_min":-100,"date_max":-1,"lang":7,"langs":{"7":1},"alphabets":{"6":1},"parent":null,"level":"site","shared":1,"links":0}},{"type":"Feature","geometry":{"type":"Point","coordinates":[13.158724,42.617277]},"properties":{"id":395,"name":"Cittareale / Falacrinae","slug":"cittareale-falacrinae","region":"Samnium","n":1,"date_min":-100,"date_max":-51,"lang":7,"langs":{"7":1},"alphabets":{"6":1},"parent":null,"level":"site","shared":1,"links":0}},{"type":"Feature","geometry":{"type":"Point","coordinates":[12.783888,42.375671]},"properties":{"id":397,"name":"Poggio Fidoni","slug":"poggio-fidoni","region":"Samnium","n":1,"date_min":-50,"date_max":-1,"lang":7,"langs":{"7":1},"alphabets":{"6":1},"parent":null,"level":"site","shared":1,"links":0}},{"type":"Feature","geometry":{"type":"Point","coordinates":[12.659973,42.502332]},"properties":{"id":398,"name":"Stroncone","slug":"stroncone","region":"Samnium","n":1,"date_min":-50,"date_max":-1,"lang":7,"langs":{"7":1},"alphabets":{"6":1},"parent":null,"level":"site","shared":1,"links":0}},{"type":"Feature","geometry":{"type":"Point","coordinates":[13.650797,42.536924]},"properties":{"id":404,"name":"Ornano Grande","slug":"ornano-grande","region":"Picenum","n":1,"date_min":-100,"date_max":-51,"lang":7,"langs":{"7":1},"alphabets":{"6":1},"parent":null,"level":"site","shared":1,"links":0}},{"type":"Feature","geometry":{"type":"Point","coordinates":[11.874005,42.573423]},"properties":{"id":405,"name":"Visentium","slug":"visentium","region":"Etruria Meridionale","n":1,"date_min":-50,"date_max":-1,"lang":7,"langs":{"7":1},"alphabets":{"6":1},"parent":null,"level":"site","shared":1,"links":0}},{"type":"Feature","geometry":{"type":"Point","coordinates":[11.453663,47.13125]},"properties":{"id":411,"name":"Matrei am Brenner / Matreium","slug":"matrei-am-brenner-matreium","region":"Noricum","n":1,"date_min":-150,"date_max":-51,"lang":7,"langs":{"7":1},"alphabets":{"6":1},"parent":null,"level":"site","shared":1,"links":0}},{"type":"Feature","geometry":{"type":"Point","coordinates":[13.834817,42.919939]},"properties":{"id":412,"name":"Monteprandone / Truentum / Castrum Truentinum","slug":"monteprandone-truentum-castrum-truentinum","region":"Picenum","n":1,"date_min":-100,"date_max":-51,"lang":7,"langs":{"7":1},"alphabets":{"6":1},"parent":null,"level":"site","shared":1,"links":0}},{"type":"Feature","geometry":{"type":"Point","coordinates":[13.575383,43.189355]},"properties":{"id":415,"name":"Monte San Pietrangeli / Montesampietrangeli","slug":"monte-san-pietrangeli-montesampietrangeli","region":"Picenum","n":1,"date_min":-50,"date_max":-1,"lang":7,"langs":{"7":1},"alphabets":{"6":1},"parent":null,"level":"site","shared":1,"links":0}},{"type":"Feature","geometry":{"type":"Point","coordinates":[14.069499,41.62829]},"properties":{"id":416,"name":"Rocchetta Alta / Rocchetta a Volturno / Aesernia","slug":"rocchetta-alta-rocchetta-a-volturno-aesernia","region":"Samnium","n":1,"date_min":-25,"date_max":-1,"lang":7,"langs":{"7":1},"alphabets":{"6":1},"parent":null,"level":"site","shared":1,"links":0}},{"type":"Feature","geometry":{"type":"Point","coordinates":[13.116404,43.446878]},"properties":{"id":420,"name":"Cupramontana / Cupra Montana","slug":"cupramontana-cupra-montana","region":"Umbria","n":1,"date_min":-300,"date_max":-201,"lang":7,"langs":{"7":1},"alphabets":{"6":1},"parent":null,"level":"site","shared":1,"links":0}},{"type":"Feature","geometry":{"type":"Point","coordinates":[13.312507,42.774064]},"properties":{"id":430,"name":"Trisungo","slug":"trisungo","region":"Samnium","n":1,"date_min":-25,"date_max":-1,"lang":7,"langs":{"7":1},"alphabets":{"6":1},"parent":null,"level":"site","shared":1,"links":0}},{"type":"Feature","geometry":{"type":"Point","coordinates":[13.801839,42.786675]},"properties":{"id":431,"name":"Sant'Omero / Truentum / Castrum Truentinum","slug":"sant-omero-truentum-castrum-truentinum","region":"Picenum","n":1,"date_min":-150,"date_max":-126,"lang":7,"langs":{"7":1},"alphabets":{"6":1},"parent":null,"level":"site","shared":1,"links":0}},{"type":"Feature","geometry":{"type":"Point","coordinates":[14.537343,41.030225]},"properties":{"id":432,"name":"Forchia","slug":"forchia","region":"Campania","n":1,"date_min":-25,"date_max":-1,"lang":7,"langs":{"7":1},"alphabets":{"6":1},"parent":null,"level":"site","shared":1,"links":0}},{"type":"Feature","geometry":{"type":"Point","coordinates":[14.304029,41.055114]},"properties":{"id":433,"name":"Recale / Capua / Casilinum","slug":"recale-capua-casilinum","region":"Campania","n":1,"date_min":-100,"date_max":-76,"lang":7,"langs":{"7":1},"alphabets":{"6":1},"parent":null,"level":"site","shared":1,"links":0}},{"type":"Feature","geometry":{"type":"Point","coordinates":[13.888296,42.746847]},"properties":{"id":441,"name":"Mosciano Sant'Angelo","slug":"mosciano-sant-angelo","region":"Picenum","n":1,"date_min":-300,"date_max":-101,"lang":7,"langs":{"7":1},"alphabets":{"6":1},"parent":null,"level":"site","shared":1,"links":0}},{"type":"Feature","geometry":{"type":"Point","coordinates":[13.761312,41.404117]},"properties":{"id":452,"name":"San Giorgio a Liri / Interamna Lirenas","slug":"san-giorgio-a-liri-interamna-lirenas","region":"Latium","n":1,"date_min":-50,"date_max":-26,"lang":7,"langs":{"7":1},"alphabets":{"6":1},"parent":null,"level":"site","shared":1,"links":0}},{"type":"Feature","geometry":{"type":"Point","coordinates":[13.813927,41.300173]},"properties":{"id":453,"name":"Santi Cosma e Damiano / Interamna Lirenas","slug":"santi-cosma-e-damiano-interamna-lirenas","region":"Latium","n":1,"date_min":-100,"date_max":-1,"lang":7,"langs":{"7":1},"alphabets":{"6":1},"parent":null,"level":"site","shared":1,"links":0}},{"type":"Feature","geometry":{"type":"Point","coordinates":[13.109805,42.741479]},"properties":{"id":454,"name":"Piediripa / Nursia","slug":"piediripa-nursia","region":"Samnium","n":1,"date_min":-50,"date_max":-1,"lang":7,"langs":{"7":1},"alphabets":{"6":1},"parent":null,"level":"site","shared":1,"links":0}},{"type":"Feature","geometry":{"type":"Point","coordinates":[13.581407,42.906537]},"properties":{"id":455,"name":"Porchiano / Asculum Picenum","slug":"porchiano-asculum-picenum","region":"Picenum","n":1,"date_min":-150,"date_max":-101,"lang":7,"langs":{"7":1},"alphabets":{"6":1},"parent":null,"level":"site","shared":1,"links":0}},{"type":"Feature","geometry":{"type":"Point","coordinates":[10.17726,44.809901]},"properties":{"id":456,"name":"Noceto","slug":"noceto","region":"Aemilia","n":1,"date_min":-25,"date_max":-1,"lang":7,"langs":{"7":1},"alphabets":{"6":1},"parent":null,"level":"site","shared":1,"links":0}},{"type":"Feature","geometry":{"type":"Point","coordinates":[10.996137,44.892089]},"properties":{"id":460,"name":"San Possidonio","slug":"san-possidonio","region":"Aemilia","n":1,"date_min":-50,"date_max":-1,"lang":7,"langs":{"7":1},"alphabets":{"6":1},"parent":null,"level":"site","shared":1,"links":0}},{"type":"Feature","geometry":{"type":"Point","coordinates":[10.455169,44.771748]},"properties":{"id":461,"name":"Sant'Ilario d'Enza / Tannetum","slug":"sant-ilario-d-enza-tannetum","region":"Aemilia","n":1,"date_min":-75,"date_max":-51,"lang":7,"langs":{"7":1},"alphabets":{"6":1},"parent":null,"level":"site","shared":1,"links":0}},{"type":"Feature","geometry":{"type":"Point","coordinates":[10.327967,44.801507]},"properties":{"id":462,"name":"Parma","slug":"parma","region":"Aemilia","n":1,"date_min":-150,"date_max":-126,"lang":7,"langs":{"7":1},"alphabets":{"6":1},"parent":null,"level":"site","shared":1,"links":0}},{"type":"Feature","geometry":{"type":"Point","coordinates":[10.061732,44.865109]},"properties":{"id":464,"name":"Fidenza / Borgo San Donnino / Fidentia","slug":"fidenza-borgo-san-donnino-fidentia","region":"Aemilia","n":1,"date_min":-50,"date_max":-1,"lang":7,"langs":{"7":1},"alphabets":{"6":1},"parent":null,"level":"site","shared":1,"links":0}},{"type":"Feature","geometry":{"type":"Point","coordinates":[9.697665,45.052585]},"properties":{"id":465,"name":"Piacenza / Placentia","slug":"piacenza-placentia","region":"Aemilia","n":1,"date_min":-75,"date_max":-1,"lang":7,"langs":{"7":1},"alphabets":{"6":1},"parent":null,"level":"site","shared":2,"links":0}},{"type":"Feature","geometry":{"type":"Point","coordinates":[12.829048,41.590639]},"properties":{"id":472,"name":"Cisterna di Latina / Pescinara / Ulubrae","slug":"cisterna-di-latina-pescinara-ulubrae","region":"Latium","n":1,"date_min":-300,"date_max":-251,"lang":7,"langs":{"7":1},"alphabets":{"6":1},"parent":null,"level":"site","shared":1,"links":0}},{"type":"Feature","geometry":{"type":"Point","coordinates":[13.044337,41.408456]},"properties":{"id":478,"name":"Pontinia / Ad Medias","slug":"pontinia-ad-medias","region":"Latium","n":1,"date_min":-275,"date_max":-251,"lang":7,"langs":{"7":1},"alphabets":{"6":1},"parent":null,"level":"site","shared":1,"links":0}},{"type":"Feature","geometry":{"type":"Point","coordinates":[9.307145,39.497444]},"properties":{"id":492,"name":"Pauli Gerrei / San Nicolo Gerrei","slug":"pauli-gerrei-san-nicolo-gerrei","region":"Sardinia","n":1,"date_min":-150,"date_max":-101,"lang":7,"langs":{"7":1},"alphabets":{"6":1},"parent":null,"level":"site","shared":1,"links":0}},{"type":"Feature","geometry":{"type":"Point","coordinates":[12.195706,41.854549]},"properties":{"id":498,"name":"Maccarese / Fregenae","slug":"maccarese-fregenae","region":"Etruria Meridionale","n":1,"date_min":-50,"date_max":-26,"lang":7,"langs":{"7":1},"alphabets":{"6":1},"parent":null,"level":"site","shared":1,"links":0}},{"type":"Feature","geometry":{"type":"Point","coordinates":[12.788726,42.620768]},"properties":{"id":499,"name":"Ferentillo","slug":"ferentillo","region":"Umbria","n":1,"date_min":-50,"date_max":-1,"lang":7,"langs":{"7":1},"alphabets":{"6":1},"parent":null,"level":"site","shared":1,"links":0}},{"type":"Feature","geometry":{"type":"Point","coordinates":[12.419588,42.98229]},"properties":{"id":500,"name":"Deruta / Perusia","slug":"deruta-perusia","region":"Umbria","n":1,"date_min":-50,"date_max":-1,"lang":7,"langs":{"7":1},"alphabets":{"6":1},"parent":null,"level":"site","shared":1,"links":0}},{"type":"Feature","geometry":{"type":"Point","coordinates":[12.532232,42.751389]},"properties":{"id":503,"name":"Santa Maria in Pantano / Vicus Martis Tudertium","slug":"santa-maria-in-pantano-vicus-martis-tudertium","region":"Umbria","n":1,"date_min":-50,"date_max":-1,"lang":7,"langs":{"7":1},"alphabets":{"6":1},"parent":null,"level":"site","shared":1,"links":0}},{"type":"Feature","geometry":{"type":"Point","coordinates":[12.925291,43.308073]},"properties":{"id":507,"name":"Attiggio / Attidium","slug":"attiggio-attidium","region":"Umbria","n":1,"date_min":-100,"date_max":-51,"lang":7,"langs":{"7":1},"alphabets":{"6":1},"parent":null,"level":"site","shared":1,"links":0}},{"type":"Feature","geometry":{"type":"Point","coordinates":[8.591611,39.90595]},"properties":{"id":509,"name":"Aristanis / Oristano / Othoca","slug":"aristanis-oristano-othoca","region":"Sardinia","n":1,"date_min":-50,"date_max":-1,"lang":7,"langs":{"7":1},"alphabets":{"6":1},"parent":null,"level":"site","shared":1,"links":0}},{"type":"Feature","geometry":{"type":"Point","coordinates":[12.648528,43.546796]},"properties":{"id":515,"name":"Cagli / Ad Calem","slug":"cagli-ad-calem","region":"Umbria","n":1,"date_min":-50,"date_max":-1,"lang":7,"langs":{"7":1},"alphabets":{"6":1},"parent":null,"level":"site","shared":1,"links":0}},{"type":"Feature","geometry":{"type":"Point","coordinates":[13.016921,43.844902]},"properties":{"id":517,"name":"Fano / Fanum Fortunae","slug":"fano-fanum-fortunae","region":"Umbria","n":1,"date_min":-100,"date_max":-1,"lang":7,"langs":{"7":1},"alphabets":{"6":1},"parent":null,"level":"site","shared":1,"links":0}},{"type":"Feature","geometry":{"type":"Point","coordinates":[12.597639,42.229257]},"properties":{"id":518,"name":"Nazzano / Seperna","slug":"nazzano-seperna","region":"Agri Faliscus et Capena","n":1,"date_min":-200,"date_max":-101,"lang":7,"langs":{"7":1},"alphabets":{"6":1},"parent":null,"level":"site","shared":1,"links":0}},{"type":"Feature","geometry":{"type":"Point","coordinates":[11.276178,44.51949]},"properties":{"id":520,"name":"Borgo Panigale","slug":"borgo-panigale","region":"Aemilia","n":1,"date_min":-150,"date_max":-126,"lang":7,"langs":{"7":1},"alphabets":{"6":1},"parent":null,"level":"site","shared":1,"links":0}},{"type":"Feature","geometry":{"type":"Point","coordinates":[10.333615,43.890468]},"properties":{"id":521,"name":"Luciano","slug":"luciano","region":"Etruria Settentrionale","n":1,"date_min":-125,"date_max":-101,"lang":7,"langs":{"7":1},"alphabets":{"6":1},"parent":null,"level":"site","shared":1,"links":0}},{"type":"Feature","geometry":{"type":"Point","coordinates":[13.351922,41.64016]},"properties":{"id":525,"name":"Frosinone / Frusino","slug":"frosinone-frusino","region":"Latium","n":1,"date_min":-100,"date_max":-51,"lang":7,"langs":{"7":1},"alphabets":{"6":1},"parent":null,"level":"site","shared":1,"links":0}},{"type":"Feature","geometry":{"type":"Point","coordinates":[13.456883,42.990049]},"properties":{"id":526,"name":"Montefalcone Appennino / Spoletium","slug":"montefalcone-appennino-spoletium","region":"Picenum","n":1,"date_min":-150,"date_max":-51,"lang":7,"langs":{"7":1},"alphabets":{"6":1},"parent":null,"level":"site","shared":1,"links":0}},{"type":"Feature","geometry":{"type":"Point","coordinates":[8.538673,39.994102]},"properties":{"id":527,"name":"Arriora / Riola Sardo","slug":"arriora-riola-sardo","region":"Sardinia","n":1,"date_min":-300,"date_max":-201,"lang":7,"langs":{"7":1},"alphabets":{"6":1},"parent":null,"level":"site","shared":1,"links":0}},{"type":"Feature","geometry":{"type":"Point","coordinates":[13.850525,42.587311]},"properties":{"id":531,"name":"Cellino Attanasio","slug":"cellino-attanasio","region":"Picenum","n":1,"date_min":-200,"date_max":-101,"lang":7,"langs":{"7":1},"alphabets":{"6":1},"parent":null,"level":"site","shared":1,"links":0}},{"type":"Feature","geometry":{"type":"Point","coordinates":[13.423394,43.562746]},"properties":{"id":532,"name":"Gallignano","slug":"gallignano","region":"Umbria","n":1,"date_min":-100,"date_max":-1,"lang":7,"langs":{"7":1},"alphabets":{"6":1},"parent":null,"level":"site","shared":1,"links":0}},{"type":"Feature","geometry":{"type":"Point","coordinates":[13.589863,45.790379]},"properties":{"id":533,"name":"Duino / Devin / Fons Timavi","slug":"duino-devin-fons-timavi","region":"Venetia et Histria","n":1,"date_min":-50,"date_max":-26,"lang":7,"langs":{"7":1},"alphabets":{"6":1},"parent":null,"level":"site","shared":1,"links":0}},{"type":"Feature","geometry":{"type":"Point","coordinates":[13.212536,46.160562]},"properties":{"id":534,"name":"Tricesimo / Ad Tricesimum","slug":"tricesimo-ad-tricesimum","region":"Venetia et Histria","n":1,"date_min":-125,"date_max":-76,"lang":7,"langs":{"7":1},"alphabets":{"6":1},"parent":null,"level":"site","shared":1,"links":0}},{"type":"Feature","geometry":{"type":"Point","coordinates":[10.840853,45.407784]},"properties":{"id":540,"name":"Sommacampagna","slug":"sommacampagna","region":"Venetia et Histria","n":1,"date_min":-50,"date_max":-26,"lang":7,"langs":{"7":1},"alphabets":{"6":1},"parent":null,"level":"site","shared":1,"links":0}},{"type":"Feature","geometry":{"type":"Point","coordinates":[12.54062,41.706568]},"properties":{"id":544,"name":"Tor Tignosa","slug":"tor-tignosa","region":"Latium","n":1,"date_min":-250,"date_max":-151,"lang":7,"langs":{"7":1},"alphabets":{"6":1},"parent":null,"level":"site","shared":1,"links":0}},{"type":"Feature","geometry":{"type":"Point","coordinates":[14.234109,42.358641]},"properties":{"id":546,"name":"Ripa Teatina / Teate Marrucinorum","slug":"ripa-teatina-teate-marrucinorum","region":"Samnium","n":1,"date_min":-300,"date_max":-251,"lang":7,"langs":{"7":1},"alphabets":{"6":1},"parent":null,"level":"site","shared":1,"links":0}},{"type":"Feature","geometry":{"type":"Point","coordinates":[11.221325,42.530155]},"properties":{"id":548,"name":"San Donato Vecchio","slug":"san-donato-vecchio","region":"Etruria Settentrionale","n":1,"date_min":-125,"date_max":-101,"lang":7,"langs":{"7":1},"alphabets":{"6":1},"parent":null,"level":"site","shared":1,"links":0}},{"type":"Feature","geometry":{"type":"Point","coordinates":[12.812351,41.868564]},"properties":{"id":549,"name":"Ponte Amato / Praeneste","slug":"ponte-amato-praeneste","region":"Latium","n":1,"date_min":-100,"date_max":-51,"lang":7,"langs":{"7":1},"alphabets":{"6":1},"parent":null,"level":"site","shared":1,"links":0}},{"type":"Feature","geometry":{"type":"Point","coordinates":[13.678667,41.281193]},"properties":{"id":550,"name":"Castellonorato","slug":"castellonorato","region":"Latium","n":1,"date_min":-100,"date_max":-1,"lang":7,"langs":{"7":1},"alphabets":{"6":1},"parent":null,"level":"site","shared":1,"links":0}},{"type":"Feature","geometry":{"type":"Point","coordinates":[13.961516,41.44592]},"properties":{"id":551,"name":"San Pietro Infine / Ad Flexum","slug":"san-pietro-infine-ad-flexum","region":"Campania","n":1,"date_min":-50,"date_max":-1,"lang":7,"langs":{"7":1},"alphabets":{"6":1},"parent":null,"level":"site","shared":1,"links":0}},{"type":"Feature","geometry":{"type":"Point","coordinates":[14.551936,41.782158]},"properties":{"id":553,"name":"Bagnoli del Trigno / Terventum","slug":"bagnoli-del-trigno-terventum","region":"Samnium","n":1,"date_min":-100,"date_max":-26,"lang":7,"langs":{"7":1},"alphabets":{"6":1},"parent":null,"level":"site","shared":1,"links":0}},{"type":"Feature","geometry":{"type":"Point","coordinates":[13.600135,42.063785]},"properties":{"id":554,"name":"Cerchio / Cerfennia","slug":"cerchio-cerfennia","region":"Samnium","n":1,"date_min":-150,"date_max":-51,"lang":7,"langs":{"7":1},"alphabets":{"6":1},"parent":null,"level":"site","shared":1,"links":0}},{"type":"Feature","geometry":{"type":"Point","coordinates":[13.730754,42.23644]},"properties":{"id":556,"name":"Navelli / Peltuinum","slug":"navelli-peltuinum","region":"Samnium","n":1,"date_min":-150,"date_max":-101,"lang":7,"langs":{"7":1},"alphabets":{"6":1},"parent":null,"level":"site","shared":1,"links":0}},{"type":"Feature","geometry":{"type":"Point","coordinates":[13.425157,43.322824]},"properties":{"id":559,"name":"Villa Potenza / Ricina","slug":"villa-potenza-ricina","region":"Picenum","n":1,"date_min":-100,"date_max":-26,"lang":7,"langs":{"7":1},"alphabets":{"6":1},"parent":null,"level":"site","shared":1,"links":0}},{"type":"Feature","geometry":{"type":"Point","coordinates":[13.615933,43.023279]},"properties":{"id":561,"name":"Aso","slug":"aso","region":"Picenum","n":1,"date_min":-200,"date_max":-101,"lang":7,"langs":{"7":1},"alphabets":{"6":1},"parent":null,"level":"site","shared":1,"links":0}},{"type":"Feature","geometry":{"type":"Point","coordinates":[13.45359,43.300728]},"properties":{"id":562,"name":"Macerata / Ricina","slug":"macerata-ricina","region":"Picenum","n":1,"date_min":-250,"date_max":-201,"lang":7,"langs":{"7":1},"alphabets":{"6":1},"parent":null,"level":"site","shared":1,"links":0}},{"type":"Feature","geometry":{"type":"Point","coordinates":[13.370238,46.626808]},"properties":{"id":563,"name":"Hermagor","slug":"hermagor","region":"Noricum","n":1,"date_min":-50,"date_max":-1,"lang":7,"langs":{"7":1},"alphabets":{"6":1},"parent":null,"level":"site","shared":1,"links":0}},{"type":"Feature","geometry":{"type":"Point","coordinates":[13.717891,42.821048]},"properties":{"id":564,"name":"Sant'Egidio alla Vibrata","slug":"sant-egidio-alla-vibrata","region":"Picenum","n":1,"date_min":-100,"date_max":-76,"lang":7,"langs":{"7":1},"alphabets":{"6":1},"parent":null,"level":"site","shared":1,"links":0}},{"type":"Feature","geometry":{"type":"Point","coordinates":[14.01191,42.004432]},"properties":{"id":569,"name":"Cansano / Ocriticum / Sulmo","slug":"cansano-ocriticum-sulmo","region":"Samnium","n":1,"date_min":-75,"date_max":-26,"lang":7,"langs":{"7":1},"alphabets":{"6":1},"parent":null,"level":"site","shared":1,"links":0}},{"type":"Feature","geometry":{"type":"Point","coordinates":[9.18806,45.463746]},"properties":{"id":570,"name":"Milano / Mediolanum","slug":"milano-mediolanum","region":"Transpadana","n":1,"date_min":-25,"date_max":-1,"lang":7,"langs":{"7":1},"alphabets":{"6":1},"parent":null,"level":"site","shared":1,"links":0}},{"type":"Feature","geometry":{"type":"Point","coordinates":[13.62451,41.866996]},"properties":{"id":574,"name":"Villavallelonga","slug":"villavallelonga","region":"Samnium","n":1,"date_min":-100,"date_max":-1,"lang":7,"langs":{"7":1},"alphabets":{"6":1},"parent":null,"level":"site","shared":1,"links":0}},{"type":"Feature","geometry":{"type":"Point","coordinates":[12.287482,42.756908]},"properties":{"id":576,"name":"Titignano","slug":"titignano","region":"Etruria Settentrionale","n":1,"date_min":-50,"date_max":-1,"lang":7,"langs":{"7":1},"alphabets":{"6":1},"parent":null,"level":"site","shared":1,"links":0}},{"type":"Feature","geometry":{"type":"Point","coordinates":[12.416182,43.666421]},"properties":{"id":577,"name":"Sant'Angelo in Vado / Tifernum Mataurense","slug":"sant-angelo-in-vado-tifernum-mataurense","region":"Umbria","n":1,"date_min":-75,"date_max":-26,"lang":7,"langs":{"7":1},"alphabets":{"6":1},"parent":null,"level":"site","shared":1,"links":0}},{"type":"Feature","geometry":{"type":"Point","coordinates":[13.814304,42.102554]},"properties":{"id":580,"name":"Raiano","slug":"raiano","region":"Samnium","n":1,"date_min":-50,"date_max":-1,"lang":7,"langs":{"7":1},"alphabets":{"6":1},"parent":null,"level":"site","shared":1,"links":0}},{"type":"Feature","geometry":{"type":"Point","coordinates":[14.242723,41.37022]},"properties":{"id":583,"name":"Raviscanina / Allifae","slug":"raviscanina-allifae","region":"Campania","n":1,"date_min":-50,"date_max":-1,"lang":7,"langs":{"7":1},"alphabets":{"6":1},"parent":null,"level":"site","shared":1,"links":0}},{"type":"Feature","geometry":{"type":"Point","coordinates":[14.587502,41.584765]},"properties":{"id":587,"name":"Oratino / Fagifulae","slug":"oratino-fagifulae","region":"Samnium","n":1,"date_min":-75,"date_max":-26,"lang":7,"langs":{"7":1},"alphabets":{"6":1},"parent":null,"level":"site","shared":1,"links":0}},{"type":"Feature","geometry":{"type":"Point","coordinates":[13.605827,42.229675]},"properties":{"id":588,"name":"Fontecchio / Peltuinum","slug":"fontecchio-peltuinum","region":"Samnium","n":1,"date_min":-50,"date_max":-1,"lang":7,"langs":{"7":1},"alphabets":{"6":1},"parent":null,"level":"site","shared":1,"links":0}},{"type":"Feature","geometry":{"type":"Point","coordinates":[15.64393,38.109279]},"properties":{"id":589,"name":"Reggio di Calabria / Reggio Calabria / Regium Iulium","slug":"reggio-di-calabria-reggio-calabria-regium-iulium","region":"Lucania et Bruttium","n":1,"date_min":-100,"date_max":-76,"lang":7,"langs":{"7":1},"alphabets":{"6":1},"parent":1465,"level":"locality","shared":2,"links":0}},{"type":"Feature","geometry":{"type":"Point","coordinates":[13.172699,42.262956]},"properties":{"id":595,"name":"Santo Stefano di Riotorto","slug":"santo-stefano-di-riotorto","region":"Samnium","n":1,"date_min":-50,"date_max":-1,"lang":7,"langs":{"7":1},"alphabets":{"6":1},"parent":null,"level":"site","shared":1,"links":0}},{"type":"Feature","geometry":{"type":"Point","coordinates":[12.067374,42.249834]},"properties":{"id":598,"name":"Barbarano Romano / Blera","slug":"barbarano-romano-blera","region":"Etruria Meridionale","n":1,"date_min":-75,"date_max":-1,"lang":7,"langs":{"7":1},"alphabets":{"6":1},"parent":null,"level":"site","shared":1,"links":0}},{"type":"Feature","geometry":{"type":"Point","coordinates":[13.465335,43.221693]},"properties":{"id":604,"name":"Petriolo","slug":"petriolo-picenum","region":"Picenum","n":1,"date_min":-50,"date_max":-1,"lang":7,"langs":{"7":1},"alphabets":{"6":1},"parent":null,"level":"site","shared":1,"links":0}},{"type":"Feature","geometry":{"type":"Point","coordinates":[14.030074,40.921066]},"properties":{"id":605,"name":"Literno / Liternum","slug":"literno-liternum","region":"Campania","n":1,"date_min":-50,"date_max":-1,"lang":7,"langs":{"7":1},"alphabets":{"6":1},"parent":null,"level":"site","shared":1,"links":0}},{"type":"Feature","geometry":{"type":"Point","coordinates":[14.739232,41.510127]},"properties":{"id":607,"name":"Gildone / Saepinum","slug":"gildone-saepinum","region":"Samnium","n":1,"date_min":-50,"date_max":-1,"lang":7,"langs":{"7":1},"alphabets":{"6":1},"parent":null,"level":"site","shared":1,"links":0}},{"type":"Feature","geometry":{"type":"Point","coordinates":[13.607714,41.464222]},"properties":{"id":608,"name":"Monte Leuci / Aquinum","slug":"monte-leuci-aquinum","region":"Latium","n":1,"date_min":-200,"date_max":-51,"lang":7,"langs":{"7":1},"alphabets":{"6":1},"parent":null,"level":"site","shared":1,"links":0}},{"type":"Feature","geometry":{"type":"Point","coordinates":[14.042931,42.320692]},"properties":{"id":611,"name":"Rosciano","slug":"rosciano","region":"Samnium","n":1,"date_min":-50,"date_max":-1,"lang":7,"langs":{"7":1},"alphabets":{"6":1},"parent":null,"level":"site","shared":1,"links":0}},{"type":"Feature","geometry":{"type":"Point","coordinates":[12.51782,38.017128]},"properties":{"id":612,"name":"Trapani / Drepanum","slug":"trapani-drepanum","region":"Sicily","n":1,"date_min":-275,"date_max":-201,"lang":7,"langs":{"7":1},"alphabets":{"6":1},"parent":null,"level":"site","shared":1,"links":0}},{"type":"Feature","geometry":{"type":"Point","coordinates":[14.24632,41.645126]},"properties":{"id":613,"name":"Miranda","slug":"miranda","region":"Samnium","n":1,"date_min":-75,"date_max":-1,"lang":7,"langs":{"7":1},"alphabets":{"6":1},"parent":null,"level":"site","shared":1,"links":0}},{"type":"Feature","geometry":{"type":"Point","coordinates":[7.875942,45.466604]},"properties":{"id":614,"name":"Cerrione / Eporedia","slug":"cerrione-eporedia","region":"Transpadana","n":1,"date_min":-50,"date_max":-26,"lang":7,"langs":{"7":1},"alphabets":{"6":1},"parent":null,"level":"site","shared":1,"links":0}},{"type":"Feature","geometry":{"type":"Point","coordinates":[14.545726,41.672929]},"properties":{"id":616,"name":"Fossalto / Fagifulae","slug":"fossalto-fagifulae","region":"Samnium","n":1,"date_min":-50,"date_max":-1,"lang":7,"langs":{"7":1},"alphabets":{"6":1},"parent":null,"level":"site","shared":1,"links":0}},{"type":"Feature","geometry":{"type":"Point","coordinates":[13.74623,41.407135]},"properties":{"id":618,"name":"Ponterotto","slug":"ponterotto","region":"Latium","n":1,"date_min":-25,"date_max":-1,"lang":7,"langs":{"7":1},"alphabets":{"6":1},"parent":null,"level":"site","shared":1,"links":0}},{"type":"Feature","geometry":{"type":"Point","coordinates":[8.572233,45.946206]},"properties":{"id":620,"name":"Zoverallo","slug":"zoverallo","region":"Transpadana","n":1,"date_min":-50,"date_max":-1,"lang":7,"langs":{"7":1},"alphabets":{"6":1},"parent":null,"level":"site","shared":1,"links":0}},{"type":"Feature","geometry":{"type":"Point","coordinates":[14.243228,40.55011]},"properties":{"id":623,"name":"Capri / Capreae","slug":"capri-capreae","region":"Campania","n":1,"date_min":-250,"date_max":-201,"lang":7,"langs":{"7":1},"alphabets":{"6":1},"parent":null,"level":"site","shared":1,"links":0}},{"type":"Feature","geometry":{"type":"Point","coordinates":[14.231671,41.075902]},"properties":{"id":624,"name":"San Tammaro / Capua / Casilinum","slug":"san-tammaro-capua-casilinum","region":"Campania","n":1,"date_min":-50,"date_max":-1,"lang":7,"langs":{"7":1},"alphabets":{"6":1},"parent":null,"level":"site","shared":1,"links":0}},{"type":"Feature","geometry":{"type":"Point","coordinates":[13.93184,37.100006]},"properties":{"id":633,"name":"Licata / Phintias / Phintia Geloorum","slug":"licata-phintias-phintia-geloorum","region":"Sicily","n":1,"date_min":-200,"date_max":-151,"lang":7,"langs":{"7":1},"alphabets":{"6":1},"parent":1507,"level":"locality","shared":2,"links":0}},{"type":"Feature","geometry":{"type":"Point","coordinates":[10.054073,44.089183]},"properties":{"id":635,"name":"Ortonovo / Luna","slug":"ortonovo-luna","region":"Etruria Settentrionale","n":1,"date_min":-200,"date_max":-126,"lang":7,"langs":{"7":1},"alphabets":{"6":1},"parent":null,"level":"site","shared":1,"links":0}},{"type":"Feature","geometry":{"type":"Point","coordinates":[13.984719,37.255581]},"properties":{"id":637,"name":"Ravanusa / Monte Saraceno","slug":"ravanusa-monte-saraceno","region":"Sicily","n":1,"date_min":-400,"date_max":-301,"lang":7,"langs":{"7":1},"alphabets":{"6":1},"parent":1509,"level":"locality","shared":2,"links":0}},{"type":"Feature","geometry":{"type":"Point","coordinates":[11.706729,42.213931]},"properties":{"id":639,"name":"Porto Clementino / Graviscae","slug":"porto-clementino-graviscae","region":"Etruria Meridionale","n":1,"date_min":-525,"date_max":-476,"lang":7,"langs":{"7":1},"alphabets":{"7":1},"parent":null,"level":"site","shared":1,"links":0}},{"type":"Feature","geometry":{"type":"Point","coordinates":[13.881545,42.531915]},"properties":{"id":641,"name":"Castiglione Messer Raimondo / Pinna Vestina","slug":"castiglione-messer-raimondo-pinna-vestina","region":"Picenum","n":1,"date_min":-100,"date_max":-1,"lang":7,"langs":{"7":1},"alphabets":{"6":1},"parent":null,"level":"site","shared":1,"links":0}},{"type":"Feature","geometry":{"type":"Point","coordinates":[14.844139,41.199421]},"properties":{"id":644,"name":"Pietrelcina / Pagus Veianus","slug":"pietrelcina-pagus-veianus","region":"Apulia","n":1,"date_min":-50,"date_max":-1,"lang":7,"langs":{"7":1},"alphabets":{"6":1},"parent":null,"level":"site","shared":1,"links":0}},{"type":"Feature","geometry":{"type":"Point","coordinates":[14.953957,38.467401]},"properties":{"id":648,"name":"Lipari, Isola di / Lipara","slug":"lipari-isola-di-lipara","region":null,"n":1,"date_min":-100,"date_max":-1,"lang":7,"langs":{"7":1},"alphabets":{"6":1},"parent":null,"level":"locality","shared":1,"links":0}},{"type":"Feature","geometry":{"type":"Point","coordinates":[13.542848,38.076669]},"properties":{"id":649,"name":"Solanto / Soluntum","slug":"solanto-soluntum","region":"Sicily","n":1,"date_min":-100,"date_max":-51,"lang":7,"langs":{"7":1},"alphabets":{"6":1},"parent":null,"level":"site","shared":1,"links":0}},{"type":"Feature","geometry":{"type":"Point","coordinates":[11.826906,45.508852]},"properties":{"id":650,"name":"Vaccarino / Patavium","slug":"vaccarino-patavium","region":"Venetia et Histria","n":1,"date_min":-100,"date_max":-1,"lang":7,"langs":{"7":1},"alphabets":{"6":1},"parent":null,"level":"site","shared":1,"links":0}},{"type":"Feature","geometry":{"type":"Point","coordinates":[16.634865,39.574682]},"properties":{"id":651,"name":"Rossano / Potentia","slug":"rossano-potentia","region":"Lucania et Bruttium","n":1,"date_min":-350,"date_max":-201,"lang":7,"langs":{"7":1},"alphabets":{"6":1},"parent":null,"level":"site","shared":1,"links":0}},{"type":"Feature","geometry":{"type":"Point","coordinates":[14.30061,37.426577]},"properties":{"id":652,"name":"Montagna di Marzo / Henna / Herbessos","slug":"montagna-di-marzo-henna-herbessos","region":"Sicily","n":1,"date_min":-300,"date_max":-201,"lang":7,"langs":{"7":1},"alphabets":{"6":1},"parent":null,"level":"site","shared":1,"links":0}},{"type":"Feature","geometry":{"type":"Point","coordinates":[14.90091,37.567342]},"properties":{"id":654,"name":"Paterno / Inessa / Hybla Maior","slug":"paterno-inessa-hybla-maior","region":"Sicily","n":1,"date_min":-200,"date_max":-1,"lang":7,"langs":{"7":1},"alphabets":{"6":1},"parent":null,"level":"site","shared":1,"links":0}},{"type":"Feature","geometry":{"type":"Point","coordinates":[12.306592,43.061553]},"properties":{"id":656,"name":"Castel del Piano / Perusia","slug":"castel-del-piano-perusia","region":"Etruria Settentrionale","n":1,"date_min":-100,"date_max":-51,"lang":7,"langs":{"7":1},"alphabets":{"6":1},"parent":null,"level":"site","shared":1,"links":0}},{"type":"Feature","geometry":{"type":"Point","coordinates":[14.44077,38.024474]},"properties":{"id":664,"name":"Caronia / Calacte","slug":"caronia-calacte","region":"Sicily","n":1,"date_min":-200,"date_max":-1,"lang":7,"langs":{"7":1},"alphabets":{"6":1},"parent":null,"level":"site","shared":1,"links":0}},{"type":"Feature","geometry":{"type":"Point","coordinates":[15.121385,37.882059]},"properties":{"id":666,"name":"Castiglione di Sicilia","slug":"castiglione-di-sicilia","region":"Sicily","n":1,"date_min":-600,"date_max":-551,"lang":7,"langs":{"7":1},"alphabets":{"7":1},"parent":null,"level":"site","shared":1,"links":0}},{"type":"Feature","geometry":{"type":"Point","coordinates":[13.890224,37.821067]},"properties":{"id":669,"name":"Caltavuturo","slug":"caltavuturo","region":"Sicily","n":1,"date_min":-200,"date_max":-101,"lang":7,"langs":{"7":1},"alphabets":{"6":1},"parent":null,"level":"site","shared":1,"links":0}},{"type":"Feature","geometry":{"type":"Point","coordinates":[15.134319,36.909856]},"properties":{"id":672,"name":"Avola / Abolla","slug":"avola-abolla","region":"Sicily","n":1,"date_min":-100,"date_max":-1,"lang":7,"langs":{"7":1},"alphabets":{"6":1},"parent":null,"level":"site","shared":1,"links":0}},{"type":"Feature","geometry":{"type":"Point","coordinates":[13.194364,43.139451]},"properties":{"id":673,"name":"Pievefavera","slug":"pievefavera","region":"Umbria","n":1,"date_min":-300,"date_max":-201,"lang":7,"langs":{"7":1},"alphabets":{"6":1},"parent":null,"level":"site","shared":1,"links":0}},{"type":"Feature","geometry":{"type":"Point","coordinates":[8.917827,41.716964]},"properties":{"id":674,"name":"Olmeto","slug":"olmeto","region":"Corsica","n":1,"date_min":-200,"date_max":-151,"lang":7,"langs":{"7":1},"alphabets":{"6":1},"parent":null,"level":"site","shared":1,"links":0}},{"type":"Feature","geometry":{"type":"Point","coordinates":[14.426468,40.662345]},"properties":{"id":678,"name":"Vico Equense / Aequana","slug":"vico-equense-aequana","region":"Campania","n":1,"date_min":-75,"date_max":-1,"lang":7,"langs":{"7":1},"alphabets":{"6":1},"parent":null,"level":"site","shared":1,"links":0}},{"type":"Feature","geometry":{"type":"Point","coordinates":[13.424869,40.793944]},"properties":{"id":679,"name":"Ventotene, Isola di / Pandateria","slug":"ventotene-isola-di-pandateria","region":null,"n":1,"date_min":-50,"date_max":-1,"lang":7,"langs":{"7":1},"alphabets":{"6":1},"parent":null,"level":"locality","shared":1,"links":0}},{"type":"Feature","geometry":{"type":"Point","coordinates":[13.931401,41.461149]},"properties":{"id":680,"name":"San Vittore del Lazio","slug":"san-vittore-del-lazio","region":"Latium","n":1,"date_min":-350,"date_max":-251,"lang":7,"langs":{"7":1},"alphabets":{"6":1},"parent":null,"level":"site","shared":1,"links":0}},{"type":"Feature","geometry":{"type":"Point","coordinates":[11.710432,42.212833]},"properties":{"id":682,"name":"Montalto Marina / Graviscae","slug":"montalto-marina-graviscae","region":"Etruria Meridionale","n":1,"date_min":-75,"date_max":-26,"lang":7,"langs":{"7":1},"alphabets":{"6":1},"parent":1244,"level":"locality","shared":2,"links":0}},{"type":"Feature","geometry":{"type":"Point","coordinates":[14.273115,42.056635]},"properties":{"id":684,"name":"Gessopalena / Iuvanum","slug":"gessopalena-iuvanum","region":"Samnium","n":1,"date_min":-75,"date_max":-26,"lang":7,"langs":{"7":1},"alphabets":{"6":1},"parent":null,"level":"site","shared":1,"links":0}},{"type":"Feature","geometry":{"type":"Point","coordinates":[10.293417,45.255302]},"properties":{"id":686,"name":"Gambara / Brixia","slug":"gambara-brixia","region":"Venetia et Histria","n":1,"date_min":-50,"date_max":-1,"lang":7,"langs":{"7":1},"alphabets":{"6":1},"parent":null,"level":"site","shared":1,"links":0}},{"type":"Feature","geometry":{"type":"Point","coordinates":[13.657972,42.286172]},"properties":{"id":688,"name":"San Pio delle Camere / Peltuinum","slug":"san-pio-delle-camere-peltuinum","region":"Samnium","n":1,"date_min":-50,"date_max":-1,"lang":7,"langs":{"7":1},"alphabets":{"6":1},"parent":null,"level":"site","shared":1,"links":0}},{"type":"Feature","geometry":{"type":"Point","coordinates":[13.687198,42.311336]},"properties":{"id":689,"name":"Castelvecchio Calvisio / Furfo","slug":"castelvecchio-calvisio-furfo","region":"Samnium","n":1,"date_min":-100,"date_max":-1,"lang":7,"langs":{"7":1},"alphabets":{"6":1},"parent":null,"level":"site","shared":1,"links":0}},{"type":"Feature","geometry":{"type":"Point","coordinates":[13.439912,42.309215]},"properties":{"id":690,"name":"Forcona / Aveia","slug":"forcona-aveia","region":"Samnium","n":1,"date_min":-50,"date_max":-1,"lang":7,"langs":{"7":1},"alphabets":{"6":1},"parent":null,"level":"site","shared":1,"links":0}},{"type":"Feature","geometry":{"type":"Point","coordinates":[9.520854,39.14314]},"properties":{"id":691,"name":"Crabonaxa / Villasimius","slug":"crabonaxa-villasimius","region":"Sardinia","n":1,"date_min":-450,"date_max":-401,"lang":7,"langs":{"7":1},"alphabets":{"6":1},"parent":null,"level":"site","shared":1,"links":0}},{"type":"Feature","geometry":{"type":"Point","coordinates":[15.014978,37.275881]},"properties":{"id":696,"name":"Carlentini","slug":"carlentini","region":"Sicily","n":1,"date_min":-275,"date_max":-251,"lang":7,"langs":{"7":1},"alphabets":{"6":1},"parent":null,"level":"site","shared":1,"links":0}},{"type":"Feature","geometry":{"type":"Point","coordinates":[12.656465,45.63926]},"properties":{"id":702,"name":"Cittanova / Eraclea Veneta","slug":"cittanova-eraclea-veneta","region":"Venetia et Histria","n":1,"date_min":-75,"date_max":-51,"lang":7,"langs":{"7":1},"alphabets":{"6":1},"parent":null,"level":"site","shared":1,"links":0}},{"type":"Feature","geometry":{"type":"Point","coordinates":[13.475955,42.058765]},"properties":{"id":703,"name":"Paterno / Alba Fucens","slug":"paterno-alba-fucens","region":"Samnium","n":1,"date_min":-100,"date_max":-1,"lang":7,"langs":{"7":1},"alphabets":{"6":1},"parent":null,"level":"site","shared":1,"links":0}},{"type":"Feature","geometry":{"type":"Point","coordinates":[9.072334,39.944251]},"properties":{"id":704,"name":"Meana / Meana Sardo","slug":"meana-meana-sardo","region":"Sardinia","n":1,"date_min":-200,"date_max":-151,"lang":7,"langs":{"7":1},"alphabets":{"6":1},"parent":null,"level":"site","shared":1,"links":0}},{"type":"Feature","geometry":{"type":"Point","coordinates":[13.6257,42.05903]},"properties":{"id":705,"name":"Collarmele / Coll'Armeno / Cerfennia","slug":"collarmele-coll-armeno-cerfennia","region":"Samnium","n":1,"date_min":-150,"date_max":-51,"lang":7,"langs":{"7":1},"alphabets":{"6":1},"parent":null,"level":"site","shared":1,"links":0}},{"type":"Feature","geometry":{"type":"Point","coordinates":[13.691004,41.892777]},"properties":{"id":706,"name":"Lecce nei Marsi / Anninus vicus","slug":"lecce-nei-marsi-anninus-vicus","region":"Samnium","n":1,"date_min":-50,"date_max":-1,"lang":7,"langs":{"7":1},"alphabets":{"6":1},"parent":null,"level":"site","shared":1,"links":0}},{"type":"Feature","geometry":{"type":"Point","coordinates":[13.04798,42.135952]},"properties":{"id":707,"name":"Collalto Sabino / Aequiculi","slug":"collalto-sabino-aequiculi","region":"Samnium","n":1,"date_min":-100,"date_max":-51,"lang":7,"langs":{"7":1},"alphabets":{"6":1},"parent":null,"level":"site","shared":1,"links":0}},{"type":"Feature","geometry":{"type":"Point","coordinates":[11.302451,43.494066]},"properties":{"id":709,"name":"Pietrafitta","slug":"pietrafitta","region":"Etruria Settentrionale","n":1,"date_min":-125,"date_max":-101,"lang":7,"langs":{"7":1},"alphabets":{"6":1},"parent":null,"level":"site","shared":1,"links":0}},{"type":"Feature","geometry":{"type":"Point","coordinates":[12.299767,42.335126]},"properties":{"id":711,"name":"Fabrica di Roma / Falerii","slug":"fabrica-di-roma-falerii","region":"Agri Faliscus et Capena","n":1,"date_min":-250,"date_max":-101,"lang":7,"langs":{"7":1},"alphabets":{"6":1},"parent":null,"level":"site","shared":1,"links":0}},{"type":"Feature","geometry":{"type":"Point","coordinates":[10.972109,42.859455]},"properties":{"id":713,"name":"Vetulonia","slug":"vetulonia","region":"Etruria Settentrionale","n":1,"date_min":-100,"date_max":-1,"lang":7,"langs":{"7":1},"alphabets":{"6":1},"parent":1447,"level":"locality","shared":9,"links":0}},{"type":"Feature","geometry":{"type":"Point","coordinates":[13.096264,41.235627]},"properties":{"id":714,"name":"San Felice Circeo / Circeii","slug":"san-felice-circeo-circeii","region":"Latium","n":1,"date_min":-150,"date_max":-101,"lang":7,"langs":{"7":1},"alphabets":{"6":1},"parent":null,"level":"site","shared":1,"links":0}},{"type":"Feature","geometry":{"type":"Point","coordinates":[13.89006,40.75097]},"properties":{"id":715,"name":"Lacco Ameno / Aenaria","slug":"lacco-ameno-aenaria","region":"Campania","n":1,"date_min":-100,"date_max":-1,"lang":7,"langs":{"7":1},"alphabets":{"6":1},"parent":null,"level":"site","shared":1,"links":0}},{"type":"Feature","geometry":{"type":"Point","coordinates":[14.462036,40.77431]},"properties":{"id":716,"name":"Boscotrecase / Pompei","slug":"boscotrecase-pompei","region":"Campania","n":1,"date_min":-25,"date_max":-1,"lang":7,"langs":{"7":1},"alphabets":{"6":1},"parent":null,"level":"site","shared":1,"links":0}},{"type":"Feature","geometry":{"type":"Point","coordinates":[11.98775,43.274078]},"properties":{"id":717,"name":"Le Piagge","slug":"le-piagge-etruria-settentrionale","region":"Etruria Settentrionale","n":1,"date_min":-200,"date_max":-151,"lang":4,"langs":{"4":1},"alphabets":{"3":1},"parent":419,"level":"locality","shared":5,"links":0}},{"type":"Feature","geometry":{"type":"Point","coordinates":[12.052404,45.056856]},"properties":{"id":721,"name":"sepolcreto via Spolverin","slug":"sepolcreto-via-spolverin","region":"Venetia et Histria","n":1,"date_min":-200,"date_max":-101,"lang":4,"langs":{"4":1},"alphabets":{"3":1},"parent":null,"level":"tomb","shared":1,"links":0}},{"type":"Feature","geometry":{"type":"Point","coordinates":[1.905412,36.566844]},"properties":{"id":724,"name":"Gouraya","slug":"gouraya","region":"Africa","n":1,"date_min":-225,"date_max":-176,"lang":4,"langs":{"4":1},"alphabets":{"1":1},"parent":null,"level":"site","shared":1,"links":0}},{"type":"Feature","geometry":{"type":"Point","coordinates":[10.323056,36.853056]},"properties":{"id":725,"name":"Carthago","slug":"carthago","region":"Africa","n":1,"date_min":-600,"date_max":-501,"lang":4,"langs":{"4":1},"alphabets":{"2":1},"parent":null,"level":"site","shared":1,"links":0}},{"type":"Feature","geometry":{"type":"Point","coordinates":[9.955094,36.519034]},"properties":{"id":727,"name":"Bir Mcherga","slug":"bir-mcherga","region":"Africa","n":1,"date_min":-100,"date_max":-1,"lang":4,"langs":{"4":1},"alphabets":{"8":1},"parent":null,"level":"site","shared":1,"links":0}},{"type":"Feature","geometry":{"type":"Point","coordinates":[12.386423,42.460326]},"properties":{"id":734,"name":"Le Piagge","slug":"le-piagge","region":"Etruria Meridionale","n":1,"date_min":-400,"date_max":-201,"lang":4,"langs":{"4":1},"alphabets":{"2":1},"parent":536,"level":"locality","shared":2,"links":0}},{"type":"Feature","geometry":{"type":"Point","coordinates":[11.745968,43.277633]},"properties":{"id":740,"name":"Fonte Pozzolo","slug":"fonte-pozzolo","region":"Etruria Settentrionale","n":1,"date_min":-400,"date_max":-1,"lang":4,"langs":{"4":1},"alphabets":{"3":1},"parent":null,"level":"site","shared":1,"links":0}},{"type":"Feature","geometry":{"type":"Point","coordinates":[11.783071,43.52824]},"properties":{"id":742,"name":"Vaialla","slug":"vaialla","region":"Etruria Settentrionale","n":1,"date_min":-400,"date_max":-1,"lang":4,"langs":{"4":1},"alphabets":{"3":1},"parent":null,"level":"site","shared":1,"links":0}},{"type":"Feature","geometry":{"type":"Point","coordinates":[11.771799,43.433916]},"properties":{"id":743,"name":"Vicomaggio","slug":"vicomaggio","region":"Etruria Settentrionale","n":1,"date_min":-400,"date_max":-1,"lang":4,"langs":{"4":1},"alphabets":{"3":1},"parent":null,"level":"site","shared":1,"links":0}},{"type":"Feature","geometry":{"type":"Point","coordinates":[11.856573,43.403062]},"properties":{"id":744,"name":"Pigli","slug":"pigli","region":"Etruria Settentrionale","n":1,"date_min":-700,"date_max":-401,"lang":4,"langs":{"4":1},"alphabets":{"3":1},"parent":null,"level":"site","shared":1,"links":0}},{"type":"Feature","geometry":{"type":"Point","coordinates":[11.810916,43.347921]},"properties":{"id":745,"name":"Montagnano","slug":"montagnano","region":"Etruria Settentrionale","n":1,"date_min":-700,"date_max":-401,"lang":4,"langs":{"4":1},"alphabets":{"3":1},"parent":null,"level":"site","shared":1,"links":0}},{"type":"Feature","geometry":{"type":"Point","coordinates":[11.874604,43.458346]},"properties":{"id":749,"name":"Saione","slug":"saione","region":"Etruria Settentrionale","n":1,"date_min":-50,"date_max":-1,"lang":4,"langs":{"4":1},"alphabets":{"8":1},"parent":null,"level":"site","shared":1,"links":0}},{"type":"Feature","geometry":{"type":"Point","coordinates":[11.561374,43.234776]},"properties":{"id":752,"name":"Anasciano","slug":"anasciano","region":"Etruria Settentrionale","n":1,"date_min":-400,"date_max":-1,"lang":4,"langs":{"4":1},"alphabets":{"3":1},"parent":null,"level":"site","shared":1,"links":0}},{"type":"Feature","geometry":{"type":"Point","coordinates":[11.855344,43.300615]},"properties":{"id":754,"name":"Brolio","slug":"brolio","region":"Etruria Settentrionale","n":1,"date_min":-700,"date_max":-401,"lang":4,"langs":{"4":1},"alphabets":{"3":1},"parent":null,"level":"site","shared":1,"links":0}},{"type":"Feature","geometry":{"type":"Point","coordinates":[11.902532,42.966952]},"properties":{"id":756,"name":"Catona","slug":"catona","region":"Etruria Settentrionale","n":1,"date_min":-400,"date_max":-1,"lang":4,"langs":{"4":1},"alphabets":{"3":1},"parent":null,"level":"site","shared":1,"links":0}},{"type":"Feature","geometry":{"type":"Point","coordinates":[11.889009,43.466111]},"properties":{"id":757,"name":"Cimitero","slug":"cimitero","region":"Etruria Settentrionale","n":1,"date_min":-700,"date_max":-501,"lang":4,"langs":{"4":1},"alphabets":{"3":1},"parent":null,"level":"necropolis","shared":1,"links":0}},{"type":"Feature","geometry":{"type":"Point","coordinates":[11.525867,43.690174]},"properties":{"id":760,"name":"Reggello","slug":"reggello","region":"Etruria Settentrionale","n":1,"date_min":-400,"date_max":-1,"lang":4,"langs":{"4":1},"alphabets":{"2":1},"parent":null,"level":"site","shared":1,"links":0}},{"type":"Feature","geometry":{"type":"Point","coordinates":[11.778441,43.738027]},"properties":{"id":763,"name":"Ar., Casentino","slug":"ar-casentino","region":"Umbria","n":1,"date_min":-300,"date_max":-201,"lang":4,"langs":{"4":1},"alphabets":{"3":1},"parent":null,"level":"locality","shared":1,"links":0}},{"type":"Feature","geometry":{"type":"Point","coordinates":[11.829385,43.497577]},"properties":{"id":765,"name":"Quarata","slug":"quarata","region":"Etruria Settentrionale","n":1,"date_min":-500,"date_max":-401,"lang":4,"langs":{"4":1},"alphabets":{"3":1},"parent":null,"level":"site","shared":1,"links":0}},{"type":"Feature","geometry":{"type":"Point","coordinates":[11.441395,43.018079]},"properties":{"id":767,"name":"Tavernelle","slug":"tavernelle","region":"Etruria Settentrionale","n":1,"date_min":-400,"date_max":-1,"lang":4,"langs":{"4":1},"alphabets":{"3":1},"parent":null,"level":"site","shared":1,"links":0}},{"type":"Feature","geometry":{"type":"Point","coordinates":[11.663836,43.141018]},"properties":{"id":778,"name":"Castelmuzio","slug":"castelmuzio","region":"Etruria Settentrionale","n":1,"date_min":-400,"date_max":-1,"lang":4,"langs":{"4":1},"alphabets":{"3":1},"parent":null,"level":"site","shared":1,"links":0}},{"type":"Feature","geometry":{"type":"Point","coordinates":[11.674942,42.880131]},"properties":{"id":788,"name":"Abbadia S Salvatore","slug":"abbadia-s-salvatore","region":"Etruria Settentrionale","n":1,"date_min":-400,"date_max":-1,"lang":4,"langs":{"4":1},"alphabets":{"2":1},"parent":null,"level":"site","shared":1,"links":0}},{"type":"Feature","geometry":{"type":"Point","coordinates":[11.17495,42.997013]},"properties":{"id":804,"name":"Il Poggiolo","slug":"il-poggiolo","region":"Etruria Settentrionale","n":1,"date_min":-525,"date_max":-501,"lang":4,"langs":{"4":1},"alphabets":{"3":1},"parent":null,"level":"site","shared":1,"links":0}},{"type":"Feature","geometry":{"type":"Point","coordinates":[11.714992,43.230393]},"properties":{"id":805,"name":"Scrofiano (Farnetella)","slug":"scrofiano-farnetella","region":"Etruria Settentrionale","n":1,"date_min":-300,"date_max":-201,"lang":4,"langs":{"4":1},"alphabets":{"3":1},"parent":null,"level":"site","shared":1,"links":0}},{"type":"Feature","geometry":{"type":"Point","coordinates":[11.333958,43.040716]},"properties":{"id":806,"name":"Casenovole (Civitella Paganico)","slug":"casenovole-civitella-paganico","region":"Etruria Settentrionale","n":1,"date_min":-200,"date_max":-101,"lang":4,"langs":{"4":1},"alphabets":{"1":1},"parent":null,"level":"site","shared":1,"links":0}},{"type":"Feature","geometry":{"type":"Point","coordinates":[11.326648,43.325943]},"properties":{"id":810,"name":"La Piana [Siena]","slug":"la-piana-siena","region":"Etruria Settentrionale","n":1,"date_min":-350,"date_max":-276,"lang":4,"langs":{"4":1},"alphabets":{"1":1},"parent":null,"level":"site","shared":1,"links":0}},{"type":"Feature","geometry":{"type":"Point","coordinates":[11.48015,43.286428]},"properties":{"id":813,"name":"Mucigliano","slug":"mucigliano","region":"Etruria Settentrionale","n":1,"date_min":-400,"date_max":-1,"lang":4,"langs":{"4":1},"alphabets":{"1":1},"parent":null,"level":"site","shared":1,"links":0}},{"type":"Feature","geometry":{"type":"Point","coordinates":[11.539994,42.871146]},"properties":{"id":815,"name":"Arcidosso","slug":"arcidosso","region":"Etruria Settentrionale","n":1,"date_min":-200,"date_max":-151,"lang":4,"langs":{"4":1},"alphabets":{"1":1},"parent":null,"level":"site","shared":1,"links":0}},{"type":"Feature","geometry":{"type":"Point","coordinates":[12.389909,43.111192]},"properties":{"id":818,"name":"T d Regina","slug":"t-d-regina","region":"Etruria Settentrionale","n":1,"date_min":-400,"date_max":-1,"lang":4,"langs":{"4":1},"alphabets":{"1":1},"parent":134,"level":"tomb","shared":9,"links":0}},{"type":"Feature","geometry":{"type":"Point","coordinates":[11.87028,42.419248]},"properties":{"id":819,"name":"Pantanalla","slug":"pantanalla","region":"Etruria Meridionale","n":1,"date_min":-400,"date_max":-1,"lang":4,"langs":{"4":1},"alphabets":{"1":1},"parent":471,"level":"locality","shared":16,"links":0}},{"type":"Feature","geometry":{"type":"Point","coordinates":[11.804375,42.333294]},"properties":{"id":821,"name":"Montebello","slug":"montebello","region":"Etruria Meridionale","n":1,"date_min":null,"date_max":null,"lang":4,"langs":{"4":1},"alphabets":{"1":1},"parent":null,"level":"site","shared":1,"links":0}},{"type":"Feature","geometry":{"type":"Point","coordinates":[11.932989,42.225787]},"properties":{"id":823,"name":"Luni","slug":"luni","region":"Etruria Meridionale","n":1,"date_min":-675,"date_max":-626,"lang":4,"langs":{"4":1},"alphabets":{"2":1},"parent":null,"level":"site","shared":1,"links":0}},{"type":"Feature","geometry":{"type":"Point","coordinates":[11.87028,42.419248]},"properties":{"id":837,"name":"Tuscania, T Curuna 3","slug":"tuscania-t-curuna-3","region":"Etruria Meridionale","n":1,"date_min":-325,"date_max":-276,"lang":4,"langs":{"4":1},"alphabets":{"2":1},"parent":471,"level":"tomb","shared":16,"links":0}},{"type":"Feature","geometry":{"type":"Point","coordinates":[11.87028,42.419248]},"properties":{"id":838,"name":"Tuscania, Pantanalla","slug":"tuscania-pantanalla","region":"Etruria Meridionale","n":1,"date_min":-700,"date_max":-401,"lang":4,"langs":{"4":1},"alphabets":{"2":1},"parent":471,"level":"locality","shared":16,"links":0}},{"type":"Feature","geometry":{"type":"Point","coordinates":[11.87028,42.419248]},"properties":{"id":844,"name":"Tuscania, Ristrette","slug":"tuscania-ristrette","region":"Etruria Meridionale","n":1,"date_min":-100,"date_max":-1,"lang":4,"langs":{"4":1},"alphabets":{"2":1},"parent":471,"level":"locality","shared":16,"links":0}},{"type":"Feature","geometry":{"type":"Point","coordinates":[11.87028,42.419248]},"properties":{"id":845,"name":"Tuscania, Val Vidone","slug":"tuscania-val-vidone","region":"Etruria Meridionale","n":1,"date_min":-350,"date_max":-301,"lang":4,"langs":{"4":1},"alphabets":{"2":1},"parent":471,"level":"locality","shared":16,"links":0}},{"type":"Feature","geometry":{"type":"Point","coordinates":[11.874001,42.406076]},"properties":{"id":849,"name":"Tuscania, Madonna dell'Olivo","slug":"tuscania-madonna-dell-olivo","region":"Etruria Meridionale","n":1,"date_min":-325,"date_max":-276,"lang":4,"langs":{"4":1},"alphabets":{"2":1},"parent":827,"level":"locality","shared":2,"links":0}},{"type":"Feature","geometry":{"type":"Point","coordinates":[11.87028,42.419248]},"properties":{"id":852,"name":"Tuscania, T d Curuna","slug":"tuscania-t-d-curuna","region":"Etruria Meridionale","n":1,"date_min":-225,"date_max":-201,"lang":4,"langs":{"4":1},"alphabets":{"2":1},"parent":471,"level":"tomb","shared":16,"links":0}},{"type":"Feature","geometry":{"type":"Point","coordinates":[10.899113,42.35762]},"properties":{"id":864,"name":"Isola del Giglio","slug":"isola-del-giglio","region":null,"n":1,"date_min":-300,"date_max":-251,"lang":4,"langs":{"4":1},"alphabets":{"2":1},"parent":null,"level":"site","shared":1,"links":0}},{"type":"Feature","geometry":{"type":"Point","coordinates":[11.947736,43.016515]},"properties":{"id":881,"name":"Surli","slug":"surli","region":"Etruria Settentrionale","n":1,"date_min":-400,"date_max":-1,"lang":4,"langs":{"4":1},"alphabets":{"3":1},"parent":200,"level":"locality","shared":39,"links":0}},{"type":"Feature","geometry":{"type":"Point","coordinates":[11.936974,43.029643]},"properties":{"id":887,"name":"Monte Venere","slug":"monte-venere","region":"Etruria Settentrionale","n":1,"date_min":-400,"date_max":-1,"lang":4,"langs":{"4":1},"alphabets":{"1":1},"parent":null,"level":"site","shared":1,"links":0}},{"type":"Feature","geometry":{"type":"Point","coordinates":[11.947736,43.016515]},"properties":{"id":897,"name":"Predii dei Pazzarelli","slug":"predii-dei-pazzarelli","region":"Etruria Settentrionale","n":1,"date_min":-400,"date_max":-1,"lang":4,"langs":{"4":1},"alphabets":{"3":1},"parent":200,"level":"locality","shared":39,"links":0}},{"type":"Feature","geometry":{"type":"Point","coordinates":[11.952806,43.006288]},"properties":{"id":900,"name":"Predio S Caterina","slug":"predio-s-caterina","region":"Etruria Settentrionale","n":1,"date_min":-400,"date_max":-1,"lang":4,"langs":{"4":1},"alphabets":{"1":1},"parent":null,"level":"site","shared":1,"links":0}},{"type":"Feature","geometry":{"type":"Point","coordinates":[11.947736,43.016515]},"properties":{"id":919,"name":"Podere Fanciulli","slug":"podere-fanciulli","region":"Etruria Settentrionale","n":1,"date_min":-400,"date_max":-1,"lang":4,"langs":{"4":1},"alphabets":{"3":1},"parent":200,"level":"locality","shared":39,"links":0}},{"type":"Feature","geometry":{"type":"Point","coordinates":[11.947736,43.016515]},"properties":{"id":927,"name":"Casella","slug":"casella","region":"Etruria Settentrionale","n":1,"date_min":-400,"date_max":-1,"lang":4,"langs":{"4":1},"alphabets":{"2":1},"parent":200,"level":"locality","shared":39,"links":0}},{"type":"Feature","geometry":{"type":"Point","coordinates":[11.943395,43.078168]},"properties":{"id":929,"name":"Stanze Dei","slug":"stanze-dei","region":"Etruria Settentrionale","n":1,"date_min":-400,"date_max":-1,"lang":4,"langs":{"4":1},"alphabets":{"8":1},"parent":909,"level":"locality","shared":3,"links":0}},{"type":"Feature","geometry":{"type":"Point","coordinates":[12.355318,42.891603]},"properties":{"id":932,"name":"Casaccia","slug":"casaccia","region":"Etruria Settentrionale","n":1,"date_min":-200,"date_max":-176,"lang":4,"langs":{"4":1},"alphabets":{"3":1},"parent":null,"level":"site","shared":1,"links":0}},{"type":"Feature","geometry":{"type":"Point","coordinates":[11.883992,43.022766]},"properties":{"id":933,"name":"Poggio Canterello","slug":"poggio-canterello","region":"Etruria Settentrionale","n":1,"date_min":-400,"date_max":-1,"lang":4,"langs":{"4":1},"alphabets":{"3":1},"parent":null,"level":"site","shared":1,"links":0}},{"type":"Feature","geometry":{"type":"Point","coordinates":[11.988213,42.976566]},"properties":{"id":949,"name":"S Litardo","slug":"s-litardo","region":"Etruria Settentrionale","n":1,"date_min":-400,"date_max":-1,"lang":4,"langs":{"4":1},"alphabets":{"1":1},"parent":null,"level":"site","shared":1,"links":0}},{"type":"Feature","geometry":{"type":"Point","coordinates":[11.943395,43.078168]},"properties":{"id":955,"name":"Spinaceto","slug":"spinaceto","region":"Etruria Settentrionale","n":1,"date_min":-400,"date_max":-1,"lang":4,"langs":{"4":1},"alphabets":{"1":1},"parent":909,"level":"locality","shared":3,"links":0}},{"type":"Feature","geometry":{"type":"Point","coordinates":[11.769204,42.897004]},"properties":{"id":956,"name":"Radicofani","slug":"radicofani","region":"Etruria Settentrionale","n":1,"date_min":-400,"date_max":-1,"lang":4,"langs":{"4":1},"alphabets":{"3":1},"parent":null,"level":"site","shared":1,"links":0}},{"type":"Feature","geometry":{"type":"Point","coordinates":[11.947736,43.016515]},"properties":{"id":962,"name":"Valle dell'Astrone","slug":"valle-dell-astrone","region":"Etruria Settentrionale","n":1,"date_min":-400,"date_max":-1,"lang":4,"langs":{"4":1},"alphabets":{"3":1},"parent":200,"level":"locality","shared":39,"links":0}},{"type":"Feature","geometry":{"type":"Point","coordinates":[11.35021,43.29339]},"properties":{"id":973,"name":"Poggio del Asso di Piche","slug":"poggio-del-asso-di-piche","region":"Etruria Settentrionale","n":1,"date_min":-450,"date_max":-426,"lang":4,"langs":{"4":1},"alphabets":{"5":1},"parent":null,"level":"site","shared":1,"links":0}},{"type":"Feature","geometry":{"type":"Point","coordinates":[11.947736,43.016515]},"properties":{"id":974,"name":"Rocca Paolozzi","slug":"rocca-paolozzi","region":"Etruria Settentrionale","n":1,"date_min":-200,"date_max":-151,"lang":4,"langs":{"4":1},"alphabets":{"3":1},"parent":200,"level":"locality","shared":39,"links":0}},{"type":"Feature","geometry":{"type":"Point","coordinates":[11.947736,43.016515]},"properties":{"id":975,"name":"S Erminia","slug":"s-erminia","region":"Etruria Settentrionale","n":1,"date_min":-200,"date_max":-151,"lang":4,"langs":{"4":1},"alphabets":{"1":1},"parent":200,"level":"locality","shared":39,"links":0}},{"type":"Feature","geometry":{"type":"Point","coordinates":[11.785291,43.098259]},"properties":{"id":976,"name":"Botusso","slug":"botusso","region":"Etruria Settentrionale","n":1,"date_min":-450,"date_max":-426,"lang":4,"langs":{"4":1},"alphabets":{"5":1},"parent":null,"level":"site","shared":1,"links":0}},{"type":"Feature","geometry":{"type":"Point","coordinates":[11.947736,43.016515]},"properties":{"id":977,"name":"Predio Ragnini","slug":"predio-ragnini","region":"Etruria Settentrionale","n":1,"date_min":-450,"date_max":-401,"lang":4,"langs":{"4":1},"alphabets":{"3":1},"parent":200,"level":"locality","shared":39,"links":0}},{"type":"Feature","geometry":{"type":"Point","coordinates":[13.882001,40.758026]},"properties":{"id":989,"name":"Pithecusa, Serrana Fontana, Cava Grado","slug":"pithecusa-serrana-fontana-cava-grado","region":"Campania","n":1,"date_min":-500,"date_max":-476,"lang":4,"langs":{"4":1},"alphabets":{"1":1},"parent":1464,"level":"locality","shared":1,"links":0}},{"type":"Feature","geometry":{"type":"Point","coordinates":[14.132124,41.199961]},"properties":{"id":991,"name":"Cales, Calvi Risorta","slug":"cales-calvi-risorta","region":"Campania","n":1,"date_min":null,"date_max":null,"lang":4,"langs":{"4":1},"alphabets":{"2":1},"parent":581,"level":"locality","shared":2,"links":0}},{"type":"Feature","geometry":{"type":"Point","coordinates":[11.86932,43.221771]},"properties":{"id":994,"name":"Farneta","slug":"farneta","region":"Etruria Settentrionale","n":1,"date_min":-400,"date_max":-1,"lang":4,"langs":{"4":1},"alphabets":{"3":1},"parent":null,"level":"site","shared":1,"links":0}},{"type":"Feature","geometry":{"type":"Point","coordinates":[11.98775,43.274078]},"properties":{"id":995,"name":"Barallo","slug":"barallo","region":"Etruria Settentrionale","n":1,"date_min":-400,"date_max":-1,"lang":4,"langs":{"4":1},"alphabets":{"3":1},"parent":419,"level":"locality","shared":5,"links":0}},{"type":"Feature","geometry":{"type":"Point","coordinates":[12.055997,43.26334]},"properties":{"id":996,"name":"Monanara","slug":"monanara","region":"Etruria Settentrionale","n":1,"date_min":-400,"date_max":-1,"lang":4,"langs":{"4":1},"alphabets":{"3":1},"parent":null,"level":"site","shared":1,"links":0}},{"type":"Feature","geometry":{"type":"Point","coordinates":[11.979356,43.273176]},"properties":{"id":998,"name":"Tanella Angori","slug":"tanella-angori","region":"Etruria Settentrionale","n":1,"date_min":-350,"date_max":-301,"lang":4,"langs":{"4":1},"alphabets":{"3":1},"parent":null,"level":"site","shared":1,"links":0}},{"type":"Feature","geometry":{"type":"Point","coordinates":[11.981814,43.270533]},"properties":{"id":999,"name":"Tanella di Pitagora","slug":"tanella-di-pitagora","region":"Etruria Settentrionale","n":1,"date_min":-400,"date_max":-1,"lang":4,"langs":{"4":1},"alphabets":{"3":1},"parent":null,"level":"site","shared":1,"links":0}},{"type":"Feature","geometry":{"type":"Point","coordinates":[11.98775,43.274078]},"properties":{"id":1000,"name":"Villa Modena","slug":"villa-modena","region":"Etruria Settentrionale","n":1,"date_min":-400,"date_max":-1,"lang":4,"langs":{"4":1},"alphabets":{"1":1},"parent":419,"level":"locality","shared":5,"links":0}},{"type":"Feature","geometry":{"type":"Point","coordinates":[11.98775,43.274078]},"properties":{"id":1001,"name":"Il Chiuso","slug":"il-chiuso","region":"Etruria Settentrionale","n":1,"date_min":-325,"date_max":-276,"lang":4,"langs":{"4":1},"alphabets":{"3":1},"parent":419,"level":"locality","shared":5,"links":0}},{"type":"Feature","geometry":{"type":"Point","coordinates":[11.767563,43.191899]},"properties":{"id":1003,"name":"Fratta","slug":"fratta","region":"Etruria Settentrionale","n":1,"date_min":-500,"date_max":-301,"lang":4,"langs":{"4":1},"alphabets":{"3":1},"parent":null,"level":"site","shared":1,"links":0}},{"type":"Feature","geometry":{"type":"Point","coordinates":[12.097305,41.996127]},"properties":{"id":1010,"name":"Mola","slug":"mola","region":"Etruria Meridionale","n":1,"date_min":-525,"date_max":-476,"lang":4,"langs":{"4":1},"alphabets":{"1":1},"parent":null,"level":"site","shared":1,"links":0}},{"type":"Feature","geometry":{"type":"Point","coordinates":[12.100934,42.005486]},"properties":{"id":1020,"name":"Banditaccia, T dei Tamsnie","slug":"banditaccia-t-dei-tamsnie","region":"Etruria Meridionale","n":1,"date_min":-350,"date_max":-301,"lang":4,"langs":{"4":1},"alphabets":{"2":1},"parent":1008,"level":"tomb","shared":15,"links":0}},{"type":"Feature","geometry":{"type":"Point","coordinates":[12.116469,41.991566]},"properties":{"id":1024,"name":"Monte Abatone, Pinzanello","slug":"monte-abatone-pinzanello","region":"Etruria Meridionale","n":1,"date_min":-400,"date_max":-1,"lang":4,"langs":{"4":1},"alphabets":{"2":1},"parent":1037,"level":"locality","shared":2,"links":0}},{"type":"Feature","geometry":{"type":"Point","coordinates":[12.169258,42.226641]},"properties":{"id":1025,"name":"La Noce","slug":"la-noce","region":"Etruria Meridionale","n":1,"date_min":-225,"date_max":-176,"lang":4,"langs":{"4":1},"alphabets":{"1":1},"parent":null,"level":"site","shared":1,"links":0}},{"type":"Feature","geometry":{"type":"Point","coordinates":[12.100934,42.005486]},"properties":{"id":1026,"name":"Banditaccia, Bufolareccia","slug":"banditaccia-bufolareccia","region":"Etruria Meridionale","n":1,"date_min":-325,"date_max":-201,"lang":4,"langs":{"4":1},"alphabets":{"2":1},"parent":1008,"level":"locality","shared":15,"links":0}},{"type":"Feature","geometry":{"type":"Point","coordinates":[12.090401,42.135577]},"properties":{"id":1035,"name":"Monterano","slug":"monterano","region":"Etruria Meridionale","n":1,"date_min":-550,"date_max":-526,"lang":4,"langs":{"4":1},"alphabets":{"1":1},"parent":1039,"level":"locality","shared":2,"links":0}},{"type":"Feature","geometry":{"type":"Point","coordinates":[12.090401,42.135577]},"properties":{"id":1039,"name":"Canale Monterano","slug":"canale-monterano","region":"Etruria Meridionale","n":1,"date_min":-400,"date_max":-1,"lang":4,"langs":{"4":1},"alphabets":{"2":1},"parent":null,"level":"site","shared":2,"links":0}},{"type":"Feature","geometry":{"type":"Point","coordinates":[12.100934,42.005486]},"properties":{"id":1043,"name":"Banditaccia, Via degli Inferi","slug":"banditaccia-via-degli-inferi","region":"Etruria Meridionale","n":1,"date_min":-300,"date_max":-276,"lang":4,"langs":{"4":1},"alphabets":{"1":1},"parent":1008,"level":"locality","shared":15,"links":0}},{"type":"Feature","geometry":{"type":"Point","coordinates":[12.100199,41.998348]},"properties":{"id":1044,"name":"S Paolo, T 1","slug":"s-paolo-t-1","region":"Etruria Meridionale","n":1,"date_min":-625,"date_max":-601,"lang":4,"langs":{"4":1},"alphabets":{"2":1},"parent":1967,"level":"tomb","shared":3,"links":0}},{"type":"Feature","geometry":{"type":"Point","coordinates":[12.096662,41.99625]},"properties":{"id":1047,"name":"Vigna Grande","slug":"vigna-grande","region":"Etruria Meridionale","n":1,"date_min":-475,"date_max":-451,"lang":4,"langs":{"4":1},"alphabets":{"2":1},"parent":null,"level":"site","shared":1,"links":0}},{"type":"Feature","geometry":{"type":"Point","coordinates":[12.280854,42.344587]},"properties":{"id":1053,"name":"Montarano","slug":"montarano","region":"Agri Faliscus et Capena","n":1,"date_min":-700,"date_max":-601,"lang":4,"langs":{"4":1},"alphabets":{"1":1},"parent":null,"level":"site","shared":1,"links":0}},{"type":"Feature","geometry":{"type":"Point","coordinates":[12.578687,42.197341]},"properties":{"id":1056,"name":"Civitella S Paolo","slug":"civitella-s-paolo","region":"Agri Faliscus et Capena","n":1,"date_min":-300,"date_max":-101,"lang":4,"langs":{"4":1},"alphabets":{"2":1},"parent":null,"level":"site","shared":1,"links":0}},{"type":"Feature","geometry":{"type":"Point","coordinates":[12.537911,42.14159]},"properties":{"id":1058,"name":"Leprignano","slug":"leprignano","region":"Agri Faliscus et Capena","n":1,"date_min":-700,"date_max":-601,"lang":4,"langs":{"4":1},"alphabets":{"4":1},"parent":null,"level":"site","shared":1,"links":0}},{"type":"Feature","geometry":{"type":"Point","coordinates":[11.345547,44.494574]},"properties":{"id":1063,"name":"Bologna, Tombarella","slug":"bologna-tombarella","region":"Aemilia","n":1,"date_min":-500,"date_max":-401,"lang":4,"langs":{"4":1},"alphabets":{"3":1},"parent":418,"level":"tomb","shared":8,"links":0}},{"type":"Feature","geometry":{"type":"Point","coordinates":[11.231496,43.882228]},"properties":{"id":1067,"name":"Monte Morello","slug":"monte-morello","region":"Etruria Settentrionale","n":1,"date_min":-400,"date_max":-1,"lang":4,"langs":{"4":1},"alphabets":{"1":1},"parent":null,"level":"site","shared":1,"links":0}},{"type":"Feature","geometry":{"type":"Point","coordinates":[11.345547,44.494574]},"properties":{"id":1068,"name":"Bologna, Arnoaldi","slug":"bologna-arnoaldi","region":"Aemilia","n":1,"date_min":-500,"date_max":-401,"lang":4,"langs":{"4":1},"alphabets":{"1":1},"parent":418,"level":"locality","shared":8,"links":0}},{"type":"Feature","geometry":{"type":"Point","coordinates":[11.345547,44.494574]},"properties":{"id":1069,"name":"Bologna, Porta Saragossa","slug":"bologna-porta-saragossa","region":"Aemilia","n":1,"date_min":-500,"date_max":-401,"lang":4,"langs":{"4":1},"alphabets":{"1":1},"parent":418,"level":"locality","shared":8,"links":0}},{"type":"Feature","geometry":{"type":"Point","coordinates":[11.137481,44.229972]},"properties":{"id":1070,"name":"Monteguragazza (Monteacuto Ragazza)","slug":"monteguragazza-monteacuto-ragazza","region":"Aemilia","n":1,"date_min":-475,"date_max":-426,"lang":4,"langs":{"4":1},"alphabets":{"5":1},"parent":null,"level":"site","shared":1,"links":0}},{"type":"Feature","geometry":{"type":"Point","coordinates":[11.167424,43.865505]},"properties":{"id":1073,"name":"Calenzano","slug":"calenzano","region":"Etruria Settentrionale","n":1,"date_min":-400,"date_max":-1,"lang":4,"langs":{"4":1},"alphabets":{"1":1},"parent":null,"level":"site","shared":1,"links":0}},{"type":"Feature","geometry":{"type":"Point","coordinates":[11.230351,43.833704]},"properties":{"id":1074,"name":"Palastreto","slug":"palastreto","region":"Etruria Settentrionale","n":1,"date_min":-700,"date_max":-401,"lang":4,"langs":{"4":1},"alphabets":{"3":1},"parent":null,"level":"site","shared":1,"links":0}},{"type":"Feature","geometry":{"type":"Point","coordinates":[11.130381,43.834904]},"properties":{"id":1075,"name":"Capalle","slug":"capalle","region":"Etruria Settentrionale","n":1,"date_min":-700,"date_max":-401,"lang":4,"langs":{"4":1},"alphabets":{"3":1},"parent":null,"level":"site","shared":1,"links":0}},{"type":"Feature","geometry":{"type":"Point","coordinates":[11.265851,43.888007]},"properties":{"id":1077,"name":"Paterno","slug":"paterno","region":"Etruria Settentrionale","n":1,"date_min":-400,"date_max":-1,"lang":4,"langs":{"4":1},"alphabets":{"3":1},"parent":null,"level":"site","shared":1,"links":0}},{"type":"Feature","geometry":{"type":"Point","coordinates":[11.293772,43.808183]},"properties":{"id":1079,"name":"Poggio di Firenze","slug":"poggio-di-firenze","region":"Etruria Settentrionale","n":1,"date_min":-200,"date_max":-101,"lang":4,"langs":{"4":1},"alphabets":{"3":1},"parent":539,"level":"locality","shared":2,"links":0}},{"type":"Feature","geometry":{"type":"Point","coordinates":[23.532671,37.755291]},"properties":{"id":1080,"name":"Aegina, sanctuarium Aphaiae","slug":"aegina-sanctuarium-aphaiae","region":"Achaia","n":1,"date_min":-525,"date_max":-501,"lang":4,"langs":{"4":1},"alphabets":{"1":1},"parent":null,"level":"locality","shared":1,"links":0}},{"type":"Feature","geometry":{"type":"Point","coordinates":[12.480335,41.888936]},"properties":{"id":1081,"name":"Roma, Cloaca Maxima","slug":"roma-cloaca-maxima","region":"Latium","n":1,"date_min":-550,"date_max":-501,"lang":4,"langs":{"4":1},"alphabets":{"1":1},"parent":31,"level":"locality","shared":1,"links":0}},{"type":"Feature","geometry":{"type":"Point","coordinates":[12.912175,41.741915]},"properties":{"id":1085,"name":"Artena","slug":"artena","region":"Latium","n":1,"date_min":-525,"date_max":-476,"lang":4,"langs":{"4":1},"alphabets":{"1":1},"parent":null,"level":"site","shared":1,"links":0}},{"type":"Feature","geometry":{"type":"Point","coordinates":[12.492936,41.89541]},"properties":{"id":1089,"name":"Roma, Campidoglio","slug":"roma-campidoglio","region":"Latium","n":1,"date_min":-575,"date_max":-526,"lang":4,"langs":{"4":1},"alphabets":{"1":1},"parent":31,"level":"locality","shared":1,"links":0}},{"type":"Feature","geometry":{"type":"Point","coordinates":[12.289357,41.753576]},"properties":{"id":1090,"name":"Ostia","slug":"ostia","region":"Latium","n":1,"date_min":-300,"date_max":-276,"lang":4,"langs":{"4":1},"alphabets":{"1":1},"parent":157,"level":"locality","shared":2,"links":0}},{"type":"Feature","geometry":{"type":"Point","coordinates":[7.474108,44.515993]},"properties":{"id":1097,"name":"Busca","slug":"busca","region":"Alpes Maritimae","n":1,"date_min":-525,"date_max":-476,"lang":4,"langs":{"4":1},"alphabets":{"3":1},"parent":null,"level":"site","shared":1,"links":0}},{"type":"Feature","geometry":{"type":"Point","coordinates":[9.742854,44.298607]},"properties":{"id":1098,"name":"Zignago","slug":"zignago","region":"Etruria Settentrionale","n":1,"date_min":-550,"date_max":-501,"lang":4,"langs":{"4":1},"alphabets":{"2":1},"parent":null,"level":"site","shared":1,"links":0}},{"type":"Feature","geometry":{"type":"Point","coordinates":[9.994129,44.314518]},"properties":{"id":1099,"name":"Bagnone","slug":"bagnone","region":"Etruria Settentrionale","n":1,"date_min":-550,"date_max":-501,"lang":4,"langs":{"4":1},"alphabets":{"3":1},"parent":null,"level":"site","shared":1,"links":0}},{"type":"Feature","geometry":{"type":"Point","coordinates":[9.965308,44.304492]},"properties":{"id":1100,"name":"Filetto","slug":"filetto","region":"Etruria Settentrionale","n":1,"date_min":-550,"date_max":-501,"lang":4,"langs":{"4":1},"alphabets":{"2":1},"parent":null,"level":"site","shared":1,"links":0}},{"type":"Feature","geometry":{"type":"Point","coordinates":[10.048564,44.232122]},"properties":{"id":1101,"name":"Bigliolo","slug":"bigliolo","region":"Etruria Settentrionale","n":1,"date_min":-550,"date_max":-501,"lang":4,"langs":{"4":1},"alphabets":{"2":1},"parent":null,"level":"site","shared":1,"links":0}},{"type":"Feature","geometry":{"type":"Point","coordinates":[10.760225,43.688944]},"properties":{"id":1102,"name":"S Romano","slug":"s-romano","region":"Etruria Settentrionale","n":1,"date_min":null,"date_max":null,"lang":4,"langs":{"4":1},"alphabets":{"3":1},"parent":null,"level":"site","shared":1,"links":0}},{"type":"Feature","geometry":{"type":"Point","coordinates":[10.75701,43.579287]},"properties":{"id":1105,"name":"Ager Pisanus, Montefoscoli","slug":"ager-pisanus-montefoscoli","region":"Etruria Settentrionale","n":1,"date_min":-500,"date_max":-401,"lang":4,"langs":{"4":1},"alphabets":{"1":1},"parent":null,"level":"locality","shared":1,"links":0}},{"type":"Feature","geometry":{"type":"Point","coordinates":[10.200341,43.976131]},"properties":{"id":1106,"name":"Querceta","slug":"querceta","region":"Etruria Settentrionale","n":1,"date_min":-625,"date_max":-601,"lang":4,"langs":{"4":1},"alphabets":{"3":1},"parent":null,"level":"site","shared":1,"links":0}},{"type":"Feature","geometry":{"type":"Point","coordinates":[11.096221,43.735343]},"properties":{"id":1107,"name":"Marliano","slug":"marliano","region":"Etruria Settentrionale","n":1,"date_min":-300,"date_max":-201,"lang":4,"langs":{"4":1},"alphabets":{"1":1},"parent":null,"level":"site","shared":1,"links":0}},{"type":"Feature","geometry":{"type":"Point","coordinates":[8.360307,44.776453]},"properties":{"id":1108,"name":"Nizza","slug":"nizza","region":"Liguria","n":1,"date_min":-400,"date_max":-1,"lang":4,"langs":{"4":1},"alphabets":{"1":1},"parent":null,"level":"site","shared":1,"links":0}},{"type":"Feature","geometry":{"type":"Point","coordinates":[29.909773,31.201435]},"properties":{"id":1109,"name":"Alexandria","slug":"alexandria","region":"Africa","n":1,"date_min":-200,"date_max":-151,"lang":4,"langs":{"4":1},"alphabets":{"3":1},"parent":null,"level":"site","shared":1,"links":0}},{"type":"Feature","geometry":{"type":"Point","coordinates":[2.956558,43.045722]},"properties":{"id":1110,"name":"Pech Maho, Sigen, Aude","slug":"pech-maho-sigen-aude","region":"Narbonensis","n":1,"date_min":-500,"date_max":-451,"lang":4,"langs":{"4":1},"alphabets":{"5":1},"parent":null,"level":"locality","shared":1,"links":0}},{"type":"Feature","geometry":{"type":"Point","coordinates":[8.22935,43.816563]},"properties":{"id":1111,"name":"Saint Blaise","slug":"saint-blaise","region":null,"n":1,"date_min":-600,"date_max":-551,"lang":4,"langs":{"4":1},"alphabets":{"2":1},"parent":null,"level":"site","shared":1,"links":0}},{"type":"Feature","geometry":{"type":"Point","coordinates":[3.17668,42.439519]},"properties":{"id":1112,"name":"Narbonensis (unspecified findspot)","slug":"narbonensis-unspecified-findspot","region":"Narbonensis","n":1,"date_min":-525,"date_max":-501,"lang":4,"langs":{"4":1},"alphabets":{"1":1},"parent":null,"level":"site","shared":1,"links":0}},{"type":"Feature","geometry":{"type":"Point","coordinates":[6.14327,43.018927]},"properties":{"id":1114,"name":"Grand Ribaud","slug":"grand-ribaud","region":"Narbonensis","n":1,"date_min":-525,"date_max":-476,"lang":4,"langs":{"4":1},"alphabets":{"2":1},"parent":null,"level":"site","shared":1,"links":0}},{"type":"Feature","geometry":{"type":"Point","coordinates":[7.22935,43.816563]},"properties":{"id":1115,"name":"Saint Blaise","slug":"saint-blaise-alpes-maritimae","region":"Alpes Maritimae","n":1,"date_min":-475,"date_max":-451,"lang":4,"langs":{"4":1},"alphabets":{"23":1},"parent":null,"level":"site","shared":1,"links":0}},{"type":"Feature","geometry":{"type":"Point","coordinates":[9.139341,45.068157]},"properties":{"id":1124,"name":"Castelleano","slug":"castelleano","region":"Aemilia","n":1,"date_min":-500,"date_max":-301,"lang":4,"langs":{"4":1},"alphabets":{"3":1},"parent":null,"level":"site","shared":1,"links":0}},{"type":"Feature","geometry":{"type":"Point","coordinates":[11.750691,44.758306]},"properties":{"id":1125,"name":"Voghiera","slug":"voghiera","region":"Aemilia","n":1,"date_min":-400,"date_max":-201,"lang":4,"langs":{"4":1},"alphabets":{"3":1},"parent":null,"level":"site","shared":1,"links":0}},{"type":"Feature","geometry":{"type":"Point","coordinates":[10.592903,44.678972]},"properties":{"id":1126,"name":"Coviolo","slug":"coviolo","region":"Aemilia","n":1,"date_min":-500,"date_max":-401,"lang":4,"langs":{"4":1},"alphabets":{"3":1},"parent":null,"level":"site","shared":1,"links":0}},{"type":"Feature","geometry":{"type":"Point","coordinates":[10.448902,44.698009]},"properties":{"id":1127,"name":"Montecchio","slug":"montecchio","region":"Aemilia","n":1,"date_min":-500,"date_max":-401,"lang":4,"langs":{"4":1},"alphabets":{"2":1},"parent":null,"level":"site","shared":1,"links":0}},{"type":"Feature","geometry":{"type":"Point","coordinates":[11.365224,45.499015]},"properties":{"id":1128,"name":"Feltre","slug":"feltre","region":"Venetia et Histria","n":1,"date_min":-200,"date_max":-1,"lang":4,"langs":{"4":1},"alphabets":{"5":1},"parent":null,"level":"site","shared":1,"links":0}},{"type":"Feature","geometry":{"type":"Point","coordinates":[9.697665,45.052585]},"properties":{"id":1129,"name":"Piacenza, Settima di Gossolengo","slug":"piacenza-settima-di-gossolengo","region":"Aemilia","n":1,"date_min":-100,"date_max":-76,"lang":4,"langs":{"4":1},"alphabets":{"5":1},"parent":465,"level":"locality","shared":2,"links":0}},{"type":"Feature","geometry":{"type":"Point","coordinates":[12.387806,43.108813]},"properties":{"id":1133,"name":"Fortezza","slug":"fortezza","region":"Etruria Settentrionale","n":1,"date_min":-200,"date_max":-101,"lang":4,"langs":{"4":1},"alphabets":{"3":1},"parent":null,"level":"site","shared":1,"links":0}},{"type":"Feature","geometry":{"type":"Point","coordinates":[12.428194,43.137726]},"properties":{"id":1140,"name":"Monte Giogo","slug":"monte-giogo","region":"Etruria Settentrionale","n":1,"date_min":-200,"date_max":-101,"lang":4,"langs":{"4":1},"alphabets":{"3":1},"parent":null,"level":"site","shared":1,"links":0}},{"type":"Feature","geometry":{"type":"Point","coordinates":[12.389909,43.111192]},"properties":{"id":1151,"name":"Piazza di Verzaro","slug":"piazza-di-verzaro","region":"Etruria Settentrionale","n":1,"date_min":-400,"date_max":-1,"lang":4,"langs":{"4":1},"alphabets":{"2":1},"parent":134,"level":"locality","shared":9,"links":0}},{"type":"Feature","geometry":{"type":"Point","coordinates":[12.42445,43.139356]},"properties":{"id":1157,"name":"S Felicissimo","slug":"s-felicissimo","region":"Etruria Settentrionale","n":1,"date_min":-400,"date_max":-1,"lang":4,"langs":{"4":1},"alphabets":{"1":1},"parent":null,"level":"site","shared":1,"links":0}},{"type":"Feature","geometry":{"type":"Point","coordinates":[12.473161,43.05889]},"properties":{"id":1162,"name":"Brufa","slug":"brufa","region":"Umbria","n":1,"date_min":-400,"date_max":-1,"lang":4,"langs":{"4":1},"alphabets":{"1":1},"parent":null,"level":"site","shared":1,"links":0}},{"type":"Feature","geometry":{"type":"Point","coordinates":[12.587326,43.08303]},"properties":{"id":1167,"name":"S Martino in Campo","slug":"s-martino-in-campo","region":"Umbria","n":1,"date_min":-400,"date_max":-1,"lang":4,"langs":{"4":1},"alphabets":{"3":1},"parent":null,"level":"site","shared":1,"links":0}},{"type":"Feature","geometry":{"type":"Point","coordinates":[12.585363,43.083509]},"properties":{"id":1168,"name":"S Martino in Colle","slug":"s-martino-in-colle","region":"Umbria","n":1,"date_min":-200,"date_max":-101,"lang":4,"langs":{"4":1},"alphabets":{"1":1},"parent":null,"level":"site","shared":1,"links":0}},{"type":"Feature","geometry":{"type":"Point","coordinates":[12.359849,43.0129]},"properties":{"id":1170,"name":"S Enea","slug":"s-enea","region":"Etruria Settentrionale","n":1,"date_min":-400,"date_max":-1,"lang":4,"langs":{"4":1},"alphabets":{"3":1},"parent":null,"level":"site","shared":1,"links":0}},{"type":"Feature","geometry":{"type":"Point","coordinates":[12.289652,43.017705]},"properties":{"id":1174,"name":"S Biagio della Valle","slug":"s-biagio-della-valle","region":"Etruria Settentrionale","n":1,"date_min":-400,"date_max":-1,"lang":4,"langs":{"4":1},"alphabets":{"3":1},"parent":null,"level":"site","shared":1,"links":0}},{"type":"Feature","geometry":{"type":"Point","coordinates":[12.280787,42.985766]},"properties":{"id":1175,"name":"Spina","slug":"spina-etruria-settentrionale","region":"Etruria Settentrionale","n":1,"date_min":-400,"date_max":-1,"lang":4,"langs":{"4":1},"alphabets":{"3":1},"parent":null,"level":"site","shared":1,"links":0}},{"type":"Feature","geometry":{"type":"Point","coordinates":[12.345581,43.094354]},"properties":{"id":1178,"name":"Gualtarella","slug":"gualtarella","region":"Etruria Settentrionale","n":1,"date_min":-400,"date_max":-1,"lang":4,"langs":{"4":1},"alphabets":{"1":1},"parent":null,"level":"site","shared":1,"links":0}},{"type":"Feature","geometry":{"type":"Point","coordinates":[12.387066,43.116625]},"properties":{"id":1182,"name":"Monte Morcino Vecchio","slug":"monte-morcino-vecchio","region":"Etruria Settentrionale","n":1,"date_min":-400,"date_max":-1,"lang":4,"langs":{"4":1},"alphabets":{"3":1},"parent":null,"level":"site","shared":1,"links":0}},{"type":"Feature","geometry":{"type":"Point","coordinates":[12.367144,43.109537]},"properties":{"id":1183,"name":"S Quirico","slug":"s-quirico","region":"Etruria Settentrionale","n":1,"date_min":-400,"date_max":-1,"lang":4,"langs":{"4":1},"alphabets":{"3":1},"parent":null,"level":"site","shared":1,"links":0}},{"type":"Feature","geometry":{"type":"Point","coordinates":[12.310972,43.102239]},"properties":{"id":1186,"name":"Ellera","slug":"ellera","region":"Etruria Settentrionale","n":1,"date_min":-400,"date_max":-1,"lang":4,"langs":{"4":1},"alphabets":{"3":1},"parent":null,"level":"site","shared":1,"links":0}},{"type":"Feature","geometry":{"type":"Point","coordinates":[12.597218,42.367476]},"properties":{"id":1188,"name":"Monte Buono","slug":"monte-buono","region":"Samnium","n":1,"date_min":-400,"date_max":-1,"lang":4,"langs":{"4":1},"alphabets":{"3":1},"parent":null,"level":"site","shared":1,"links":0}},{"type":"Feature","geometry":{"type":"Point","coordinates":[12.234007,43.10797]},"properties":{"id":1189,"name":"Monte Melino","slug":"monte-melino","region":"Etruria Settentrionale","n":1,"date_min":-400,"date_max":-1,"lang":4,"langs":{"4":1},"alphabets":{"3":1},"parent":null,"level":"site","shared":1,"links":0}},{"type":"Feature","geometry":{"type":"Point","coordinates":[12.554107,43.362895]},"properties":{"id":1192,"name":"Contessa","slug":"contessa","region":"Umbria","n":1,"date_min":-400,"date_max":-1,"lang":4,"langs":{"4":1},"alphabets":{"1":1},"parent":null,"level":"site","shared":1,"links":0}},{"type":"Feature","geometry":{"type":"Point","coordinates":[12.044909,43.125902]},"properties":{"id":1193,"name":"Lago di Trasimeno","slug":"lago-di-trasimeno","region":"Etruria Settentrionale","n":1,"date_min":-400,"date_max":-1,"lang":4,"langs":{"4":1},"alphabets":{"3":1},"parent":null,"level":"site","shared":1,"links":0}},{"type":"Feature","geometry":{"type":"Point","coordinates":[12.357405,43.176135]},"properties":{"id":1194,"name":"Colognola","slug":"colognola","region":"Etruria Settentrionale","n":1,"date_min":-400,"date_max":-1,"lang":4,"langs":{"4":1},"alphabets":{"3":1},"parent":null,"level":"site","shared":1,"links":0}},{"type":"Feature","geometry":{"type":"Point","coordinates":[12.339593,43.228066]},"properties":{"id":1197,"name":"Antognola","slug":"antognola","region":"Etruria Settentrionale","n":1,"date_min":-400,"date_max":-1,"lang":4,"langs":{"4":1},"alphabets":{"1":1},"parent":null,"level":"site","shared":1,"links":0}},{"type":"Feature","geometry":{"type":"Point","coordinates":[12.419123,43.162006]},"properties":{"id":1199,"name":"Cordigliano","slug":"cordigliano","region":"Etruria Settentrionale","n":1,"date_min":-400,"date_max":-1,"lang":4,"langs":{"4":1},"alphabets":{"1":1},"parent":null,"level":"site","shared":1,"links":0}},{"type":"Feature","geometry":{"type":"Point","coordinates":[12.370941,43.153191]},"properties":{"id":1200,"name":"Monte Pacciano","slug":"monte-pacciano","region":"Etruria Settentrionale","n":1,"date_min":-400,"date_max":-1,"lang":4,"langs":{"4":1},"alphabets":{"5":1},"parent":null,"level":"site","shared":1,"links":0}},{"type":"Feature","geometry":{"type":"Point","coordinates":[12.392822,43.156027]},"properties":{"id":1201,"name":"Monte Bagnolo","slug":"monte-bagnolo","region":"Etruria Settentrionale","n":1,"date_min":-125,"date_max":-76,"lang":4,"langs":{"4":1},"alphabets":{"3":1},"parent":null,"level":"site","shared":1,"links":0}},{"type":"Feature","geometry":{"type":"Point","coordinates":[12.44767,43.203798]},"properties":{"id":1203,"name":"Civitella Benazzone","slug":"civitella-benazzone","region":"Umbria","n":1,"date_min":-400,"date_max":-1,"lang":4,"langs":{"4":1},"alphabets":{"3":1},"parent":null,"level":"site","shared":1,"links":0}},{"type":"Feature","geometry":{"type":"Point","coordinates":[12.168362,43.116999]},"properties":{"id":1204,"name":"S Feliciano","slug":"s-feliciano","region":"Etruria Settentrionale","n":1,"date_min":-500,"date_max":-301,"lang":4,"langs":{"4":1},"alphabets":{"3":1},"parent":null,"level":"site","shared":1,"links":0}},{"type":"Feature","geometry":{"type":"Point","coordinates":[12.286851,43.128896]},"properties":{"id":1205,"name":"Corciano","slug":"corciano","region":"Etruria Settentrionale","n":1,"date_min":-300,"date_max":-101,"lang":4,"langs":{"4":1},"alphabets":{"3":1},"parent":null,"level":"site","shared":2,"links":0}},{"type":"Feature","geometry":{"type":"Point","coordinates":[12.339936,42.976644]},"properties":{"id":1206,"name":"S Valentino","slug":"s-valentino","region":"Etruria Settentrionale","n":1,"date_min":-300,"date_max":-101,"lang":4,"langs":{"4":1},"alphabets":{"3":1},"parent":null,"level":"site","shared":1,"links":0}},{"type":"Feature","geometry":{"type":"Point","coordinates":[12.351824,43.104034]},"properties":{"id":1207,"name":"S Manno","slug":"s-manno","region":"Etruria Settentrionale","n":1,"date_min":-200,"date_max":-101,"lang":4,"langs":{"4":1},"alphabets":{"3":1},"parent":null,"level":"site","shared":1,"links":0}},{"type":"Feature","geometry":{"type":"Point","coordinates":[12.386664,43.110501]},"properties":{"id":1208,"name":"Cupa","slug":"cupa","region":"Etruria Settentrionale","n":1,"date_min":-400,"date_max":-1,"lang":4,"langs":{"4":1},"alphabets":{"1":1},"parent":null,"level":"site","shared":1,"links":0}},{"type":"Feature","geometry":{"type":"Point","coordinates":[12.392158,43.11283]},"properties":{"id":1209,"name":"S Severo","slug":"s-severo","region":"Etruria Settentrionale","n":1,"date_min":-400,"date_max":-1,"lang":4,"langs":{"4":1},"alphabets":{"3":1},"parent":null,"level":"site","shared":1,"links":0}},{"type":"Feature","geometry":{"type":"Point","coordinates":[12.383775,43.111823]},"properties":{"id":1210,"name":"Porta S Susanna","slug":"porta-s-susanna","region":"Etruria Settentrionale","n":1,"date_min":-550,"date_max":-501,"lang":4,"langs":{"4":1},"alphabets":{"3":1},"parent":null,"level":"site","shared":1,"links":0}},{"type":"Feature","geometry":{"type":"Point","coordinates":[12.240924,43.463732]},"properties":{"id":1212,"name":"Città di Castello","slug":"citta-di-castello","region":"Umbria","n":1,"date_min":-400,"date_max":-301,"lang":4,"langs":{"4":1},"alphabets":{"2":1},"parent":null,"level":"site","shared":1,"links":0}},{"type":"Feature","geometry":{"type":"Point","coordinates":[10.534874,42.994889]},"properties":{"id":1222,"name":"Poggio Piovanello","slug":"poggio-piovanello","region":"Etruria Settentrionale","n":1,"date_min":-350,"date_max":-276,"lang":4,"langs":{"4":1},"alphabets":{"1":1},"parent":null,"level":"site","shared":1,"links":0}},{"type":"Feature","geometry":{"type":"Point","coordinates":[11.873029,43.806725]},"properties":{"id":1223,"name":"Buche delle Fate","slug":"buche-delle-fate","region":"Umbria","n":1,"date_min":-225,"date_max":-201,"lang":4,"langs":{"4":1},"alphabets":{"1":1},"parent":null,"level":"site","shared":1,"links":0}},{"type":"Feature","geometry":{"type":"Point","coordinates":[10.489939,42.98842]},"properties":{"id":1224,"name":"Populonia, Le Grotte","slug":"populonia-le-grotte","region":"Etruria Settentrionale","n":1,"date_min":-400,"date_max":-201,"lang":4,"langs":{"4":1},"alphabets":{"3":1},"parent":469,"level":"locality","shared":4,"links":0}},{"type":"Feature","geometry":{"type":"Point","coordinates":[10.515512,43.014765]},"properties":{"id":1226,"name":"Poggio Molino","slug":"poggio-molino","region":"Etruria Settentrionale","n":1,"date_min":-200,"date_max":-151,"lang":4,"langs":{"4":1},"alphabets":{"3":1},"parent":null,"level":"site","shared":1,"links":0}},{"type":"Feature","geometry":{"type":"Point","coordinates":[10.65051,43.050973]},"properties":{"id":1227,"name":"Monte Pitti","slug":"monte-pitti","region":"Etruria Settentrionale","n":1,"date_min":-200,"date_max":-101,"lang":4,"langs":{"4":1},"alphabets":{"3":1},"parent":null,"level":"site","shared":1,"links":0}},{"type":"Feature","geometry":{"type":"Point","coordinates":[11.18629,42.781478]},"properties":{"id":1230,"name":"Ombrone presso Grosseto","slug":"ombrone-presso-grosseto","region":"Etruria Settentrionale","n":1,"date_min":-475,"date_max":-426,"lang":4,"langs":{"4":1},"alphabets":{"2":1},"parent":null,"level":"site","shared":1,"links":0}},{"type":"Feature","geometry":{"type":"Point","coordinates":[11.174403,42.814591]},"properties":{"id":1231,"name":"Casette di Mota","slug":"casette-di-mota","region":"Etruria Settentrionale","n":1,"date_min":-575,"date_max":-526,"lang":4,"langs":{"4":1},"alphabets":{"3":1},"parent":null,"level":"site","shared":1,"links":0}},{"type":"Feature","geometry":{"type":"Point","coordinates":[11.142448,42.923162]},"properties":{"id":1232,"name":"Sticciano","slug":"sticciano","region":"Etruria Settentrionale","n":1,"date_min":-700,"date_max":-401,"lang":4,"langs":{"4":1},"alphabets":{"3":1},"parent":null,"level":"site","shared":1,"links":0}},{"type":"Feature","geometry":{"type":"Point","coordinates":[11.159999,42.827723]},"properties":{"id":1234,"name":"Via Serpaio, T a camera","slug":"via-serpaio-t-a-camera","region":"Etruria Settentrionale","n":1,"date_min":-225,"date_max":-176,"lang":4,"langs":{"4":1},"alphabets":{"3":1},"parent":1236,"level":"tomb","shared":4,"links":0}},{"type":"Feature","geometry":{"type":"Point","coordinates":[11.272213,42.934409]},"properties":{"id":1235,"name":"Paganico","slug":"paganico","region":"Etruria Settentrionale","n":1,"date_min":-225,"date_max":-201,"lang":4,"langs":{"4":1},"alphabets":{"5":1},"parent":null,"level":"site","shared":1,"links":0}},{"type":"Feature","geometry":{"type":"Point","coordinates":[14.998115,37.285478]},"properties":{"id":1237,"name":"Lentinello","slug":"lentinello","region":"Sicily","n":1,"date_min":-450,"date_max":-401,"lang":4,"langs":{"4":1},"alphabets":{"2":1},"parent":1532,"level":"locality","shared":3,"links":0}},{"type":"Feature","geometry":{"type":"Point","coordinates":[12.09308,44.693445]},"properties":{"id":1242,"name":"Necropolis","slug":"necropolis","region":"Aemilia","n":1,"date_min":-300,"date_max":-251,"lang":4,"langs":{"4":1},"alphabets":{"3":1},"parent":1238,"level":"necropolis","shared":4,"links":0}},{"type":"Feature","geometry":{"type":"Point","coordinates":[11.807124,42.25467]},"properties":{"id":1243,"name":"Cavone","slug":"cavone","region":"Etruria Meridionale","n":1,"date_min":-650,"date_max":-601,"lang":4,"langs":{"4":1},"alphabets":{"2":1},"parent":null,"level":"site","shared":1,"links":0}},{"type":"Feature","geometry":{"type":"Point","coordinates":[11.770142,42.249719]},"properties":{"id":1249,"name":"Monterozzi, T d Iscrizioni II","slug":"monterozzi-t-d-iscrizioni-ii","region":"Etruria Meridionale","n":1,"date_min":-700,"date_max":-401,"lang":4,"langs":{"4":1},"alphabets":{"2":1},"parent":1968,"level":"tomb","shared":42,"links":0}},{"type":"Feature","geometry":{"type":"Point","coordinates":[11.770142,42.249719]},"properties":{"id":1255,"name":"Monterozzi, Villa Tarantola - T d Festoni","slug":"monterozzi-villa-tarantola-t-d-festoni","region":"Etruria Meridionale","n":1,"date_min":-350,"date_max":-201,"lang":4,"langs":{"4":1},"alphabets":{"2":1},"parent":1968,"level":"tomb","shared":42,"links":0}},{"type":"Feature","geometry":{"type":"Point","coordinates":[11.770142,42.249719]},"properties":{"id":1266,"name":"Monterozzi, Calvario - T 1718","slug":"monterozzi-calvario-t-1718","region":"Etruria Meridionale","n":1,"date_min":-300,"date_max":-201,"lang":4,"langs":{"4":1},"alphabets":{"2":1},"parent":1968,"level":"tomb","shared":42,"links":0}},{"type":"Feature","geometry":{"type":"Point","coordinates":[11.770142,42.249719]},"properties":{"id":1269,"name":"Monterozzi, Villa Tarantola - T 4973","slug":"monterozzi-villa-tarantola-t-4973","region":"Etruria Meridionale","n":1,"date_min":-400,"date_max":-1,"lang":4,"langs":{"4":1},"alphabets":{"2":1},"parent":1968,"level":"tomb","shared":42,"links":0}},{"type":"Feature","geometry":{"type":"Point","coordinates":[11.770142,42.249719]},"properties":{"id":1270,"name":"Monterozzi, Villa Tarantola - T 6140","slug":"monterozzi-villa-tarantola-t-6140","region":"Etruria Meridionale","n":1,"date_min":-200,"date_max":-101,"lang":4,"langs":{"4":1},"alphabets":{"2":1},"parent":1968,"level":"tomb","shared":42,"links":0}},{"type":"Feature","geometry":{"type":"Point","coordinates":[11.758173,42.254532]},"properties":{"id":1271,"name":"Poggio Cavalluccio","slug":"poggio-cavalluccio","region":"Etruria Meridionale","n":1,"date_min":-350,"date_max":-326,"lang":4,"langs":{"4":1},"alphabets":{"2":1},"parent":1248,"level":"locality","shared":11,"links":0}},{"type":"Feature","geometry":{"type":"Point","coordinates":[11.751142,42.255964]},"properties":{"id":1273,"name":"S Maria in Castello","slug":"s-maria-in-castello","region":"Etruria Meridionale","n":1,"date_min":-325,"date_max":-301,"lang":4,"langs":{"4":1},"alphabets":{"2":1},"parent":null,"level":"site","shared":1,"links":0}},{"type":"Feature","geometry":{"type":"Point","coordinates":[11.758173,42.254532]},"properties":{"id":1275,"name":"Impiccati","slug":"impiccati","region":"Etruria Meridionale","n":1,"date_min":-500,"date_max":-401,"lang":4,"langs":{"4":1},"alphabets":{"2":1},"parent":1248,"level":"locality","shared":11,"links":0}},{"type":"Feature","geometry":{"type":"Point","coordinates":[11.758173,42.254532]},"properties":{"id":1283,"name":"M Quagliere","slug":"m-quagliere","region":"Etruria Meridionale","n":1,"date_min":-525,"date_max":-451,"lang":4,"langs":{"4":1},"alphabets":{"2":1},"parent":1248,"level":"locality","shared":11,"links":0}},{"type":"Feature","geometry":{"type":"Point","coordinates":[11.770142,42.249719]},"properties":{"id":1284,"name":"Monterozzi, Villa Tarantola","slug":"monterozzi-villa-tarantola","region":"Etruria Meridionale","n":1,"date_min":-350,"date_max":-301,"lang":4,"langs":{"4":1},"alphabets":{"1":1},"parent":1968,"level":"locality","shared":42,"links":0}},{"type":"Feature","geometry":{"type":"Point","coordinates":[11.770142,42.249719]},"properties":{"id":1286,"name":"Monterozzi, Secondi Archi - T d Tori","slug":"monterozzi-secondi-archi-t-d-tori","region":"Etruria Meridionale","n":1,"date_min":-550,"date_max":-526,"lang":4,"langs":{"4":1},"alphabets":{"2":1},"parent":1968,"level":"tomb","shared":42,"links":0}},{"type":"Feature","geometry":{"type":"Point","coordinates":[11.758173,42.254532]},"properties":{"id":1287,"name":"T de Domenicis","slug":"t-de-domenicis","region":"Etruria Meridionale","n":1,"date_min":-400,"date_max":-1,"lang":4,"langs":{"4":1},"alphabets":{"2":1},"parent":1248,"level":"tomb","shared":11,"links":0}},{"type":"Feature","geometry":{"type":"Point","coordinates":[11.770142,42.249719]},"properties":{"id":1292,"name":"Monterozzi, Calvario - T d Giocolieri","slug":"monterozzi-calvario-t-d-giocolieri","region":"Etruria Meridionale","n":1,"date_min":-525,"date_max":-501,"lang":4,"langs":{"4":1},"alphabets":{"2":1},"parent":1968,"level":"tomb","shared":42,"links":0}},{"type":"Feature","geometry":{"type":"Point","coordinates":[11.770142,42.249719]},"properties":{"id":1294,"name":"Monterozzi, Villa Tarantola - T Querciola","slug":"monterozzi-villa-tarantola-t-querciola","region":"Etruria Meridionale","n":1,"date_min":-475,"date_max":-451,"lang":4,"langs":{"4":1},"alphabets":{"1":1},"parent":1968,"level":"tomb","shared":42,"links":0}},{"type":"Feature","geometry":{"type":"Point","coordinates":[11.758173,42.254532]},"properties":{"id":1297,"name":"M Quagliere, T de Domenicis","slug":"m-quagliere-t-de-domenicis","region":"Etruria Meridionale","n":1,"date_min":-400,"date_max":-1,"lang":4,"langs":{"4":1},"alphabets":{"2":1},"parent":1248,"level":"tomb","shared":11,"links":0}},{"type":"Feature","geometry":{"type":"Point","coordinates":[11.770142,42.249719]},"properties":{"id":1298,"name":"Monterozzi, Secondi Archi - T 6326","slug":"monterozzi-secondi-archi-t-6326","region":"Etruria Meridionale","n":1,"date_min":-400,"date_max":-1,"lang":4,"langs":{"4":1},"alphabets":{"1":1},"parent":1968,"level":"tomb","shared":42,"links":0}},{"type":"Feature","geometry":{"type":"Point","coordinates":[12.336395,43.781434]},"properties":{"id":1305,"name":"Carpegna","slug":"carpegna","region":"Umbria","n":1,"date_min":-400,"date_max":-1,"lang":4,"langs":{"4":1},"alphabets":{"2":1},"parent":null,"level":"site","shared":1,"links":0}},{"type":"Feature","geometry":{"type":"Point","coordinates":[11.631667,42.418889]},"properties":{"id":1311,"name":"T d Iscrizioni","slug":"t-d-iscrizioni","region":"Etruria Meridionale","n":1,"date_min":-500,"date_max":-476,"lang":4,"langs":{"4":1},"alphabets":{"1":1},"parent":246,"level":"tomb","shared":10,"links":0}},{"type":"Feature","geometry":{"type":"Point","coordinates":[11.631667,42.418889]},"properties":{"id":1324,"name":"Ponte Rotto","slug":"ponte-rotto","region":"Etruria Meridionale","n":1,"date_min":-400,"date_max":-1,"lang":4,"langs":{"4":1},"alphabets":{"2":1},"parent":246,"level":"locality","shared":10,"links":0}},{"type":"Feature","geometry":{"type":"Point","coordinates":[11.493861,42.393521]},"properties":{"id":1330,"name":"Pescia Romana","slug":"pescia-romana","region":"Etruria Meridionale","n":1,"date_min":-450,"date_max":-426,"lang":4,"langs":{"4":1},"alphabets":{"2":1},"parent":null,"level":"site","shared":1,"links":0}},{"type":"Feature","geometry":{"type":"Point","coordinates":[11.818385,42.566655]},"properties":{"id":1332,"name":"Valentano","slug":"valentano","region":"Etruria Meridionale","n":1,"date_min":-525,"date_max":-476,"lang":4,"langs":{"4":1},"alphabets":{"2":1},"parent":null,"level":"site","shared":1,"links":0}},{"type":"Feature","geometry":{"type":"Point","coordinates":[11.76874,42.611761]},"properties":{"id":1334,"name":"Lago di Mezzano","slug":"lago-di-mezzano","region":"Etruria Meridionale","n":1,"date_min":-475,"date_max":-451,"lang":4,"langs":{"4":1},"alphabets":{"2":1},"parent":null,"level":"site","shared":1,"links":0}},{"type":"Feature","geometry":{"type":"Point","coordinates":[11.631667,42.418889]},"properties":{"id":1336,"name":"Poggio Primo","slug":"poggio-primo","region":"Etruria Meridionale","n":1,"date_min":-300,"date_max":-276,"lang":4,"langs":{"4":1},"alphabets":{"5":1},"parent":246,"level":"locality","shared":10,"links":0}},{"type":"Feature","geometry":{"type":"Point","coordinates":[12.390519,42.021338]},"properties":{"id":1339,"name":"Proccio Nuovo","slug":"proccio-nuovo","region":"Etruria Meridionale","n":1,"date_min":-600,"date_max":-551,"lang":4,"langs":{"4":1},"alphabets":{"1":1},"parent":248,"level":"locality","shared":5,"links":0}},{"type":"Feature","geometry":{"type":"Point","coordinates":[12.383092,42.025463]},"properties":{"id":1345,"name":"Riserva del Bagno","slug":"riserva-del-bagno","region":"Etruria Meridionale","n":1,"date_min":-650,"date_max":-601,"lang":4,"langs":{"4":1},"alphabets":{"2":1},"parent":null,"level":"site","shared":1,"links":0}},{"type":"Feature","geometry":{"type":"Point","coordinates":[12.390519,42.021338]},"properties":{"id":1347,"name":"Acropoli","slug":"acropoli","region":"Etruria Meridionale","n":1,"date_min":-625,"date_max":-576,"lang":4,"langs":{"4":1},"alphabets":{"1":1},"parent":248,"level":"locality","shared":5,"links":0}},{"type":"Feature","geometry":{"type":"Point","coordinates":[12.390519,42.021338]},"properties":{"id":1348,"name":"Picazzano","slug":"picazzano","region":"Etruria Meridionale","n":1,"date_min":-625,"date_max":-576,"lang":4,"langs":{"4":1},"alphabets":{"2":1},"parent":248,"level":"locality","shared":5,"links":0}},{"type":"Feature","geometry":{"type":"Point","coordinates":[12.389862,42.023372]},"properties":{"id":1350,"name":"Monte S Angelo","slug":"monte-s-angelo","region":"Etruria Meridionale","n":1,"date_min":-500,"date_max":-451,"lang":4,"langs":{"4":1},"alphabets":{"2":1},"parent":1342,"level":"locality","shared":2,"links":0}},{"type":"Feature","geometry":{"type":"Point","coordinates":[12.384212,42.017721]},"properties":{"id":1351,"name":"Isola Farnese","slug":"isola-farnese","region":"Etruria Meridionale","n":1,"date_min":-650,"date_max":-601,"lang":4,"langs":{"4":1},"alphabets":{"2":1},"parent":null,"level":"site","shared":1,"links":0}},{"type":"Feature","geometry":{"type":"Point","coordinates":[10.972109,42.859455]},"properties":{"id":1353,"name":"Podere S Enrico","slug":"podere-s-enrico","region":"Etruria Settentrionale","n":1,"date_min":-625,"date_max":-576,"lang":4,"langs":{"4":1},"alphabets":{"1":1},"parent":1447,"level":"locality","shared":9,"links":0}},{"type":"Feature","geometry":{"type":"Point","coordinates":[10.972109,42.859455]},"properties":{"id":1354,"name":"Costia dei Lippi (collina sud)","slug":"costia-dei-lippi-collina-sud","region":"Etruria Settentrionale","n":1,"date_min":-500,"date_max":-476,"lang":4,"langs":{"4":1},"alphabets":{"2":1},"parent":1447,"level":"locality","shared":9,"links":0}},{"type":"Feature","geometry":{"type":"Point","coordinates":[10.631854,43.004135]},"properties":{"id":1357,"name":"Banditelle (Area della Città)","slug":"banditelle-area-della-citta","region":"Etruria Settentrionale","n":1,"date_min":-400,"date_max":-1,"lang":4,"langs":{"4":1},"alphabets":{"1":1},"parent":null,"level":"site","shared":1,"links":0}},{"type":"Feature","geometry":{"type":"Point","coordinates":[10.866599,42.928332]},"properties":{"id":1360,"name":"Poggio alla Birbe","slug":"poggio-alla-birbe","region":"Etruria Settentrionale","n":1,"date_min":-650,"date_max":-601,"lang":4,"langs":{"4":1},"alphabets":{"1":1},"parent":null,"level":"site","shared":1,"links":0}},{"type":"Feature","geometry":{"type":"Point","coordinates":[10.972109,42.859455]},"properties":{"id":1362,"name":"Poggio Castiglione","slug":"poggio-castiglione","region":"Etruria Settentrionale","n":1,"date_min":-250,"date_max":-201,"lang":4,"langs":{"4":1},"alphabets":{"2":1},"parent":1447,"level":"locality","shared":9,"links":0}},{"type":"Feature","geometry":{"type":"Point","coordinates":[10.972109,42.859455]},"properties":{"id":1363,"name":"Piantoni","slug":"piantoni","region":"Etruria Settentrionale","n":1,"date_min":-300,"date_max":-201,"lang":4,"langs":{"4":1},"alphabets":{"1":1},"parent":1447,"level":"locality","shared":9,"links":0}},{"type":"Feature","geometry":{"type":"Point","coordinates":[10.933391,42.947795]},"properties":{"id":1364,"name":"S Teresa di Gavorrano","slug":"s-teresa-di-gavorrano","region":"Etruria Settentrionale","n":1,"date_min":-625,"date_max":-551,"lang":4,"langs":{"4":1},"alphabets":{"3":1},"parent":null,"level":"site","shared":1,"links":0}},{"type":"Feature","geometry":{"type":"Point","coordinates":[10.972109,42.859455]},"properties":{"id":1365,"name":"Costa della Dupiane","slug":"costa-della-dupiane","region":"Etruria Settentrionale","n":1,"date_min":-400,"date_max":-201,"lang":4,"langs":{"4":1},"alphabets":{"1":1},"parent":1447,"level":"locality","shared":9,"links":0}},{"type":"Feature","geometry":{"type":"Point","coordinates":[10.972109,42.859455]},"properties":{"id":1366,"name":"Porcarecce","slug":"porcarecce","region":"Etruria Settentrionale","n":1,"date_min":-325,"date_max":-301,"lang":4,"langs":{"4":1},"alphabets":{"5":1},"parent":1447,"level":"locality","shared":9,"links":0}},{"type":"Feature","geometry":{"type":"Point","coordinates":[12.111566,42.716449]},"properties":{"id":1375,"name":"La Pescara","slug":"la-pescara","region":"Etruria Meridionale","n":1,"date_min":-300,"date_max":-201,"lang":4,"langs":{"4":1},"alphabets":{"1":1},"parent":1397,"level":"locality","shared":19,"links":0}},{"type":"Feature","geometry":{"type":"Point","coordinates":[12.111566,42.716449]},"properties":{"id":1377,"name":"Orvieto, Surripa","slug":"orvieto-surripa","region":"Etruria Meridionale","n":1,"date_min":-400,"date_max":-1,"lang":4,"langs":{"4":1},"alphabets":{"2":1},"parent":1397,"level":"locality","shared":19,"links":0}},{"type":"Feature","geometry":{"type":"Point","coordinates":[12.111566,42.716449]},"properties":{"id":1379,"name":"Orvieto, S Zero","slug":"orvieto-s-zero","region":"Etruria Meridionale","n":1,"date_min":-600,"date_max":-401,"lang":4,"langs":{"4":1},"alphabets":{"2":1},"parent":1397,"level":"locality","shared":19,"links":0}},{"type":"Feature","geometry":{"type":"Point","coordinates":[12.111566,42.716449]},"properties":{"id":1380,"name":"Orvieto, Area della città (S Giovanni)","slug":"orvieto-area-della-citta-s-giovanni","region":"Etruria Meridionale","n":1,"date_min":-300,"date_max":-201,"lang":4,"langs":{"4":1},"alphabets":{"2":1},"parent":1397,"level":"locality","shared":19,"links":0}},{"type":"Feature","geometry":{"type":"Point","coordinates":[12.308153,43.120751]},"properties":{"id":1381,"name":"La Trinità","slug":"la-trinita","region":"Etruria Settentrionale","n":1,"date_min":-400,"date_max":-201,"lang":4,"langs":{"4":1},"alphabets":{"2":1},"parent":null,"level":"site","shared":1,"links":0}},{"type":"Feature","geometry":{"type":"Point","coordinates":[12.111566,42.716449]},"properties":{"id":1382,"name":"Le Fughe","slug":"le-fughe","region":"Etruria Meridionale","n":1,"date_min":-400,"date_max":-1,"lang":4,"langs":{"4":1},"alphabets":{"2":1},"parent":1397,"level":"locality","shared":19,"links":0}},{"type":"Feature","geometry":{"type":"Point","coordinates":[12.025448,42.67356]},"properties":{"id":1385,"name":"Lauscello","slug":"lauscello","region":"Etruria Meridionale","n":1,"date_min":-400,"date_max":-1,"lang":4,"langs":{"4":1},"alphabets":{"1":1},"parent":null,"level":"site","shared":1,"links":0}},{"type":"Feature","geometry":{"type":"Point","coordinates":[12.057442,42.710463]},"properties":{"id":1386,"name":"Sugano","slug":"sugano","region":"Etruria Meridionale","n":1,"date_min":-400,"date_max":-1,"lang":4,"langs":{"4":1},"alphabets":{"1":1},"parent":null,"level":"site","shared":1,"links":0}},{"type":"Feature","geometry":{"type":"Point","coordinates":[12.111566,42.716449]},"properties":{"id":1388,"name":"Palombaro","slug":"palombaro","region":"Etruria Meridionale","n":1,"date_min":null,"date_max":null,"lang":4,"langs":{"4":1},"alphabets":{"2":1},"parent":1397,"level":"locality","shared":19,"links":0}},{"type":"Feature","geometry":{"type":"Point","coordinates":[12.15098,42.83744]},"properties":{"id":1389,"name":"Monte di Melonta","slug":"monte-di-melonta","region":"Etruria Settentrionale","n":1,"date_min":-525,"date_max":-501,"lang":4,"langs":{"4":1},"alphabets":{"1":1},"parent":null,"level":"site","shared":1,"links":0}},{"type":"Feature","geometry":{"type":"Point","coordinates":[12.111566,42.716449]},"properties":{"id":1391,"name":"Poggio Pesce","slug":"poggio-pesce","region":"Etruria Meridionale","n":1,"date_min":-300,"date_max":-1,"lang":4,"langs":{"4":1},"alphabets":{"2":1},"parent":1397,"level":"locality","shared":19,"links":0}},{"type":"Feature","geometry":{"type":"Point","coordinates":[11.98344,42.662296]},"properties":{"id":1394,"name":"Gazzetta","slug":"gazzetta","region":"Etruria Meridionale","n":1,"date_min":-225,"date_max":-151,"lang":4,"langs":{"4":1},"alphabets":{"2":1},"parent":null,"level":"site","shared":1,"links":0}},{"type":"Feature","geometry":{"type":"Point","coordinates":[12.111566,42.716449]},"properties":{"id":1395,"name":"Pantanesca","slug":"pantanesca","region":"Etruria Meridionale","n":1,"date_min":-400,"date_max":-1,"lang":4,"langs":{"4":1},"alphabets":{"2":1},"parent":1397,"level":"locality","shared":19,"links":0}},{"type":"Feature","geometry":{"type":"Point","coordinates":[12.111566,42.716449]},"properties":{"id":1399,"name":"Podere Ponticello","slug":"podere-ponticello","region":"Etruria Meridionale","n":1,"date_min":-300,"date_max":-101,"lang":4,"langs":{"4":1},"alphabets":{"2":1},"parent":1397,"level":"locality","shared":19,"links":0}},{"type":"Feature","geometry":{"type":"Point","coordinates":[12.169571,42.566704]},"properties":{"id":1403,"name":"S Angelo","slug":"s-angelo","region":"Etruria Meridionale","n":1,"date_min":-325,"date_max":-301,"lang":4,"langs":{"4":1},"alphabets":{"1":1},"parent":null,"level":"site","shared":1,"links":0}},{"type":"Feature","geometry":{"type":"Point","coordinates":[11.85466,42.644763]},"properties":{"id":1406,"name":"Gradoli","slug":"gradoli","region":"Etruria Meridionale","n":1,"date_min":-400,"date_max":-1,"lang":4,"langs":{"4":1},"alphabets":{"2":1},"parent":null,"level":"site","shared":1,"links":0}},{"type":"Feature","geometry":{"type":"Point","coordinates":[11.828896,42.629644]},"properties":{"id":1407,"name":"Latera","slug":"latera","region":"Etruria Meridionale","n":1,"date_min":-400,"date_max":-1,"lang":4,"langs":{"4":1},"alphabets":{"2":1},"parent":null,"level":"site","shared":1,"links":0}},{"type":"Feature","geometry":{"type":"Point","coordinates":[11.948828,42.667053]},"properties":{"id":1409,"name":"Poderaccio","slug":"poderaccio","region":"Etruria Meridionale","n":1,"date_min":-200,"date_max":-151,"lang":4,"langs":{"4":1},"alphabets":{"2":1},"parent":null,"level":"site","shared":1,"links":0}},{"type":"Feature","geometry":{"type":"Point","coordinates":[12.018234,42.770904]},"properties":{"id":1410,"name":"Monte Rubiaglio","slug":"monte-rubiaglio","region":"Etruria Settentrionale","n":1,"date_min":-250,"date_max":-151,"lang":4,"langs":{"4":1},"alphabets":{"2":1},"parent":null,"level":"site","shared":1,"links":0}},{"type":"Feature","geometry":{"type":"Point","coordinates":[11.952655,42.549166]},"properties":{"id":1412,"name":"Isola Martana","slug":"isola-martana","region":"Etruria Meridionale","n":1,"date_min":-400,"date_max":-1,"lang":4,"langs":{"4":1},"alphabets":{"2":1},"parent":null,"level":"site","shared":1,"links":0}},{"type":"Feature","geometry":{"type":"Point","coordinates":[11.84583,42.733721]},"properties":{"id":1413,"name":"Podere Nuovo","slug":"podere-nuovo","region":"Etruria Meridionale","n":1,"date_min":-200,"date_max":-101,"lang":4,"langs":{"4":1},"alphabets":{"1":1},"parent":null,"level":"site","shared":1,"links":0}},{"type":"Feature","geometry":{"type":"Point","coordinates":[12.095765,42.727523]},"properties":{"id":1414,"name":"Sferracavallo","slug":"sferracavallo","region":"Etruria Meridionale","n":1,"date_min":-625,"date_max":-601,"lang":4,"langs":{"4":1},"alphabets":{"2":1},"parent":null,"level":"site","shared":1,"links":0}},{"type":"Feature","geometry":{"type":"Point","coordinates":[12.008913,42.602373]},"properties":{"id":1415,"name":"Cività d'Arlena","slug":"civita-d-arlena","region":"Etruria Meridionale","n":1,"date_min":-675,"date_max":-626,"lang":4,"langs":{"4":1},"alphabets":{"2":1},"parent":null,"level":"site","shared":1,"links":0}},{"type":"Feature","geometry":{"type":"Point","coordinates":[12.203006,42.573149]},"properties":{"id":1416,"name":"Graffignano","slug":"graffignano","region":"Etruria Meridionale","n":1,"date_min":-550,"date_max":-501,"lang":4,"langs":{"4":1},"alphabets":{"1":1},"parent":null,"level":"site","shared":1,"links":0}},{"type":"Feature","geometry":{"type":"Point","coordinates":[11.985631,42.64382]},"properties":{"id":1417,"name":"Bolsena, Fosso di Arlena","slug":"bolsena-fosso-di-arlena","region":"Etruria Meridionale","n":1,"date_min":-550,"date_max":-501,"lang":4,"langs":{"4":1},"alphabets":{"1":1},"parent":486,"level":"locality","shared":4,"links":0}},{"type":"Feature","geometry":{"type":"Point","coordinates":[12.089935,43.212906]},"properties":{"id":1419,"name":"Castellonchio","slug":"castellonchio","region":"Etruria Settentrionale","n":1,"date_min":-325,"date_max":-276,"lang":4,"langs":{"4":1},"alphabets":{"2":1},"parent":null,"level":"site","shared":1,"links":0}},{"type":"Feature","geometry":{"type":"Point","coordinates":[11.985631,42.64382]},"properties":{"id":1420,"name":"Bolsena, Ponte del Diavolo","slug":"bolsena-ponte-del-diavolo","region":"Etruria Meridionale","n":1,"date_min":-300,"date_max":-251,"lang":4,"langs":{"4":1},"alphabets":{"2":1},"parent":486,"level":"locality","shared":4,"links":0}},{"type":"Feature","geometry":{"type":"Point","coordinates":[12.111566,42.716449]},"properties":{"id":1421,"name":"Mossa del Palio","slug":"mossa-del-palio","region":"Etruria Meridionale","n":1,"date_min":-300,"date_max":-151,"lang":4,"langs":{"4":1},"alphabets":{"2":1},"parent":1397,"level":"locality","shared":19,"links":0}},{"type":"Feature","geometry":{"type":"Point","coordinates":[11.148321,42.422596]},"properties":{"id":1424,"name":"Pozzarella","slug":"pozzarella","region":"Etruria Settentrionale","n":1,"date_min":-300,"date_max":-201,"lang":4,"langs":{"4":1},"alphabets":{"2":1},"parent":null,"level":"site","shared":1,"links":0}},{"type":"Feature","geometry":{"type":"Point","coordinates":[11.967428,43.280725]},"properties":{"id":1425,"name":"Melona","slug":"melona","region":"Etruria Settentrionale","n":1,"date_min":-300,"date_max":-201,"lang":4,"langs":{"4":1},"alphabets":{"2":1},"parent":null,"level":"site","shared":1,"links":0}},{"type":"Feature","geometry":{"type":"Point","coordinates":[12.110842,42.866457]},"properties":{"id":1427,"name":"Parrano","slug":"parrano","region":"Etruria Settentrionale","n":1,"date_min":-700,"date_max":-401,"lang":4,"langs":{"4":1},"alphabets":{"1":1},"parent":null,"level":"site","shared":1,"links":0}},{"type":"Feature","geometry":{"type":"Point","coordinates":[12.002074,42.755468]},"properties":{"id":1429,"name":"Castel Viscardo","slug":"castel-viscardo","region":"Etruria Meridionale","n":1,"date_min":-400,"date_max":-351,"lang":4,"langs":{"4":1},"alphabets":{"2":1},"parent":null,"level":"site","shared":1,"links":0}},{"type":"Feature","geometry":{"type":"Point","coordinates":[11.985631,42.64382]},"properties":{"id":1430,"name":"Bolsena, Capodimonte","slug":"bolsena-capodimonte","region":"Etruria Meridionale","n":1,"date_min":-350,"date_max":-301,"lang":4,"langs":{"4":1},"alphabets":{"2":1},"parent":486,"level":"locality","shared":4,"links":0}},{"type":"Feature","geometry":{"type":"Point","coordinates":[10.860062,43.401604]},"properties":{"id":1435,"name":"Scannicci","slug":"scannicci","region":"Etruria Settentrionale","n":1,"date_min":-200,"date_max":-151,"lang":4,"langs":{"4":1},"alphabets":{"1":1},"parent":233,"level":"locality","shared":3,"links":0}},{"type":"Feature","geometry":{"type":"Point","coordinates":[10.855178,43.403738]},"properties":{"id":1445,"name":"Zona della Badia","slug":"zona-della-badia","region":"Etruria Settentrionale","n":1,"date_min":-525,"date_max":-501,"lang":4,"langs":{"4":1},"alphabets":{"3":1},"parent":null,"level":"site","shared":1,"links":0}},{"type":"Feature","geometry":{"type":"Point","coordinates":[11.315963,43.543541]},"properties":{"id":1448,"name":"Panzano","slug":"panzano","region":"Etruria Settentrionale","n":1,"date_min":-500,"date_max":-401,"lang":4,"langs":{"4":1},"alphabets":{"3":1},"parent":null,"level":"site","shared":1,"links":0}},{"type":"Feature","geometry":{"type":"Point","coordinates":[11.143024,43.535579]},"properties":{"id":1450,"name":"Petrognano","slug":"petrognano","region":"Etruria Settentrionale","n":1,"date_min":-125,"date_max":-101,"lang":4,"langs":{"4":1},"alphabets":{"1":1},"parent":null,"level":"site","shared":1,"links":0}},{"type":"Feature","geometry":{"type":"Point","coordinates":[11.227515,43.277516]},"properties":{"id":1452,"name":"Sovicille","slug":"sovicille","region":"Etruria Settentrionale","n":1,"date_min":-600,"date_max":-501,"lang":4,"langs":{"4":1},"alphabets":{"3":1},"parent":null,"level":"site","shared":1,"links":0}},{"type":"Feature","geometry":{"type":"Point","coordinates":[10.871062,43.298373]},"properties":{"id":1454,"name":"Pomarance","slug":"pomarance","region":"Etruria Settentrionale","n":1,"date_min":-525,"date_max":-501,"lang":4,"langs":{"4":1},"alphabets":{"3":1},"parent":null,"level":"site","shared":1,"links":0}},{"type":"Feature","geometry":{"type":"Point","coordinates":[10.517006,43.312368]},"properties":{"id":1456,"name":"Fitto di Cecina","slug":"fitto-di-cecina","region":"Etruria Settentrionale","n":1,"date_min":-400,"date_max":-1,"lang":4,"langs":{"4":1},"alphabets":{"1":1},"parent":null,"level":"site","shared":1,"links":0}},{"type":"Feature","geometry":{"type":"Point","coordinates":[10.543522,43.383099]},"properties":{"id":1457,"name":"Terriccio","slug":"terriccio","region":"Etruria Settentrionale","n":1,"date_min":-400,"date_max":-1,"lang":4,"langs":{"4":1},"alphabets":{"3":1},"parent":null,"level":"site","shared":1,"links":0}},{"type":"Feature","geometry":{"type":"Point","coordinates":[11.041182,43.547314]},"properties":{"id":1459,"name":"Certaldo","slug":"certaldo","region":"Etruria Settentrionale","n":1,"date_min":-300,"date_max":-176,"lang":4,"langs":{"4":1},"alphabets":{"3":1},"parent":null,"level":"site","shared":1,"links":0}},{"type":"Feature","geometry":{"type":"Point","coordinates":[10.860062,43.401604]},"properties":{"id":1460,"name":"Volterra, Piazetta dei Fornelli","slug":"volterra-piazetta-dei-fornelli","region":"Etruria Settentrionale","n":1,"date_min":-500,"date_max":-451,"lang":4,"langs":{"4":1},"alphabets":{"1":1},"parent":233,"level":"locality","shared":3,"links":0}},{"type":"Feature","geometry":{"type":"Point","coordinates":[11.078697,43.414003]},"properties":{"id":1462,"name":"Campiglia dei Foci","slug":"campiglia-dei-foci","region":"Etruria Settentrionale","n":1,"date_min":-625,"date_max":-601,"lang":4,"langs":{"4":1},"alphabets":{"3":1},"parent":null,"level":"site","shared":1,"links":0}},{"type":"Feature","geometry":{"type":"Point","coordinates":[11.663959,43.225259]},"properties":{"id":1463,"name":"Casabianca","slug":"casabianca","region":"Etruria Settentrionale","n":1,"date_min":-200,"date_max":-151,"lang":4,"langs":{"4":1},"alphabets":{"3":1},"parent":null,"level":"site","shared":1,"links":0}},{"type":"Feature","geometry":{"type":"Point","coordinates":[16.724031,40.472703]},"properties":{"id":1484,"name":"Cozzo Presepe","slug":"cozzo-presepe","region":"Lucania et Bruttium","n":1,"date_min":-400,"date_max":-201,"lang":6,"langs":{"6":1},"alphabets":{"24":1},"parent":null,"level":"site","shared":1,"links":0}},{"type":"Feature","geometry":{"type":"Point","coordinates":[16.667984,40.553392]},"properties":{"id":1485,"name":"Montescaglioso","slug":"montescaglioso","region":"Apulia","n":1,"date_min":-350,"date_max":-301,"lang":6,"langs":{"6":1},"alphabets":{"20":1},"parent":null,"level":"site","shared":1,"links":0}},{"type":"Feature","geometry":{"type":"Point","coordinates":[16.249471,40.486769]},"properties":{"id":1486,"name":"San Mauro Forte","slug":"san-mauro-forte","region":"Lucania et Bruttium","n":1,"date_min":-525,"date_max":-501,"lang":6,"langs":{"6":1},"alphabets":{"20":1},"parent":null,"level":"site","shared":1,"links":0}},{"type":"Feature","geometry":{"type":"Point","coordinates":[23.537401,38.041101]},"properties":{"id":1487,"name":"Eleusis","slug":"eleusis","region":"Achaia","n":1,"date_min":-500,"date_max":-476,"lang":6,"langs":{"6":1},"alphabets":{"23":1},"parent":null,"level":"site","shared":1,"links":0}},{"type":"Feature","geometry":{"type":"Point","coordinates":[16.785101,39.114069]},"properties":{"id":1490,"name":"Petilia Policastro","slug":"petilia-policastro","region":"Lucania et Bruttium","n":1,"date_min":-500,"date_max":-476,"lang":6,"langs":{"6":1},"alphabets":{"20":1},"parent":null,"level":"site","shared":1,"links":0}},{"type":"Feature","geometry":{"type":"Point","coordinates":[16.508609,38.947316]},"properties":{"id":1491,"name":"Tiriolo","slug":"tiriolo","region":"Lucania et Bruttium","n":1,"date_min":-325,"date_max":-276,"lang":6,"langs":{"6":1},"alphabets":{"24":1},"parent":null,"level":"site","shared":1,"links":0}},{"type":"Feature","geometry":{"type":"Point","coordinates":[16.560755,40.240878]},"properties":{"id":1492,"name":"Pandosia","slug":"pandosia","region":"Lucania et Bruttium","n":1,"date_min":null,"date_max":null,"lang":6,"langs":{"6":1},"alphabets":{},"parent":null,"level":"site","shared":1,"links":0}},{"type":"Feature","geometry":{"type":"Point","coordinates":[14.579821,37.050713]},"properties":{"id":1498,"name":"Scornavacche","slug":"scornavacche","region":"Sicily","n":1,"date_min":-325,"date_max":-276,"lang":6,"langs":{"6":1},"alphabets":{"24":1},"parent":null,"level":"site","shared":1,"links":0}},{"type":"Feature","geometry":{"type":"Point","coordinates":[14.462722,37.203283]},"properties":{"id":1502,"name":"Monte San Mauro","slug":"monte-san-mauro","region":"Sicily","n":1,"date_min":-600,"date_max":-501,"lang":6,"langs":{"6":1},"alphabets":{"20":1},"parent":null,"level":"site","shared":1,"links":0}},{"type":"Feature","geometry":{"type":"Point","coordinates":[14.225537,37.100343]},"properties":{"id":1504,"name":"Localité de Peppana, au nord-ouest de Géla","slug":"localite-de-peppana-au-nord-ouest-de-gela","region":"Sicily","n":1,"date_min":-425,"date_max":-401,"lang":6,"langs":{"6":1},"alphabets":{"23":1},"parent":null,"level":"locality","shared":1,"links":0}},{"type":"Feature","geometry":{"type":"Point","coordinates":[14.319522,37.082634]},"properties":{"id":1505,"name":"Localité de Cianciana a 5km au nord-est de Géla","slug":"localite-de-cianciana-a-5km-au-nord-est-de-gela","region":"Sicily","n":1,"date_min":-400,"date_max":-201,"lang":6,"langs":{"6":1},"alphabets":{"24":1},"parent":null,"level":"site","shared":1,"links":0}},{"type":"Feature","geometry":{"type":"Point","coordinates":[16.146636,38.695965]},"properties":{"id":1506,"name":"Santo Onofrio","slug":"santo-onofrio","region":"Lucania et Bruttium","n":1,"date_min":-500,"date_max":-401,"lang":6,"langs":{"6":1},"alphabets":{"20":1},"parent":null,"level":"site","shared":1,"links":0}},{"type":"Feature","geometry":{"type":"Point","coordinates":[13.984719,37.255581]},"properties":{"id":1509,"name":"Monte Saraceno di Ravanusa","slug":"monte-saraceno-di-ravanusa","region":"Sicily","n":1,"date_min":-525,"date_max":-476,"lang":6,"langs":{"6":1},"alphabets":{"23":1},"parent":null,"level":"site","shared":2,"links":0}},{"type":"Feature","geometry":{"type":"Point","coordinates":[13.946779,37.472664]},"properties":{"id":1511,"name":"Vassallaggi","slug":"vassallaggi","region":"Sicily","n":1,"date_min":-425,"date_max":-401,"lang":6,"langs":{"6":1},"alphabets":{"23":1},"parent":null,"level":"site","shared":1,"links":0}},{"type":"Feature","geometry":{"type":"Point","coordinates":[14.077508,37.453081]},"properties":{"id":1512,"name":"Gibil Gabib","slug":"gibil-gabib","region":"Sicily","n":1,"date_min":-400,"date_max":-301,"lang":6,"langs":{"6":1},"alphabets":{"24":1},"parent":null,"level":"site","shared":1,"links":0}},{"type":"Feature","geometry":{"type":"Point","coordinates":[14.280153,37.567205]},"properties":{"id":1521,"name":"Henna","slug":"henna","region":"Sicily","n":1,"date_min":-300,"date_max":-201,"lang":6,"langs":{"6":1},"alphabets":{"24":1},"parent":null,"level":"site","shared":1,"links":0}},{"type":"Feature","geometry":{"type":"Point","coordinates":[14.398112,37.748625]},"properties":{"id":1522,"name":"Imachara","slug":"imachara","region":"Sicily","n":1,"date_min":-500,"date_max":-401,"lang":6,"langs":{"6":1},"alphabets":{"24":1},"parent":null,"level":"site","shared":1,"links":0}},{"type":"Feature","geometry":{"type":"Point","coordinates":[15.168053,38.082515]},"properties":{"id":1523,"name":"Longane","slug":"longane","region":"Sicily","n":1,"date_min":-475,"date_max":-426,"lang":6,"langs":{"6":1},"alphabets":{"23":1},"parent":null,"level":"site","shared":1,"links":0}},{"type":"Feature","geometry":{"type":"Point","coordinates":[23.723914,37.971637]},"properties":{"id":1530,"name":"Athens","slug":"athens","region":"Achaia","n":1,"date_min":-475,"date_max":-426,"lang":6,"langs":{"6":1},"alphabets":{"24":1},"parent":null,"level":"site","shared":1,"links":0}},{"type":"Feature","geometry":{"type":"Point","coordinates":[27.523178,37.849862]},"properties":{"id":1531,"name":"sanctuary of Artemis Leukophryene","slug":"sanctuary-of-artemis-leukophryene","region":null,"n":1,"date_min":-225,"date_max":-201,"lang":6,"langs":{"6":1},"alphabets":{"24":1},"parent":null,"level":"site","shared":1,"links":0}},{"type":"Feature","geometry":{"type":"Point","coordinates":[14.745871,37.328851]},"properties":{"id":1533,"name":"Palagonia","slug":"palagonia","region":"Sicily","n":1,"date_min":-300,"date_max":-101,"lang":6,"langs":{"6":1},"alphabets":{"24":1},"parent":null,"level":"site","shared":1,"links":0}},{"type":"Feature","geometry":{"type":"Point","coordinates":[15.03267,37.139715]},"properties":{"id":1535,"name":"Pantalica","slug":"pantalica","region":"Sicily","n":1,"date_min":-425,"date_max":-376,"lang":6,"langs":{"6":1},"alphabets":{"23":1},"parent":null,"level":"site","shared":1,"links":0}},{"type":"Feature","geometry":{"type":"Point","coordinates":[14.525993,37.656241]},"properties":{"id":1536,"name":"Agyrium","slug":"agyrium","region":"Sicily","n":1,"date_min":-300,"date_max":-201,"lang":6,"langs":{"6":1},"alphabets":{"24":1},"parent":null,"level":"site","shared":1,"links":0}},{"type":"Feature","geometry":{"type":"Point","coordinates":[14.653723,37.495055]},"properties":{"id":1537,"name":"Castel di Judica","slug":"castel-di-judica","region":"Sicily","n":1,"date_min":-300,"date_max":-201,"lang":6,"langs":{"6":1},"alphabets":{"24":1},"parent":null,"level":"site","shared":1,"links":0}},{"type":"Feature","geometry":{"type":"Point","coordinates":[14.65045,36.950779]},"properties":{"id":1541,"name":"Castiglion di Ragusa","slug":"castiglion-di-ragusa","region":"Sicily","n":1,"date_min":-625,"date_max":-576,"lang":6,"langs":{"6":1},"alphabets":{"23":1},"parent":null,"level":"site","shared":1,"links":0}},{"type":"Feature","geometry":{"type":"Point","coordinates":[14.904626,37.061888]},"properties":{"id":1542,"name":"Palazzo Acreide","slug":"palazzo-acreide","region":"Sicily","n":1,"date_min":-325,"date_max":-26,"lang":6,"langs":{"6":1},"alphabets":{"24":1},"parent":null,"level":"site","shared":1,"links":0}},{"type":"Feature","geometry":{"type":"Point","coordinates":[13.762885,37.193607]},"properties":{"id":1544,"name":"Palma di Montechiaro","slug":"palma-di-montechiaro","region":"Sicily","n":1,"date_min":-400,"date_max":-301,"lang":6,"langs":{"6":1},"alphabets":{"24":1},"parent":null,"level":"site","shared":1,"links":0}},{"type":"Feature","geometry":{"type":"Point","coordinates":[12.468308,37.867415]},"properties":{"id":1545,"name":"Motya","slug":"motya","region":"Sicily","n":1,"date_min":-500,"date_max":-451,"lang":6,"langs":{"6":1},"alphabets":{"20":1},"parent":null,"level":"site","shared":1,"links":0}},{"type":"Feature","geometry":{"type":"Point","coordinates":[15.184231,41.048777]},"properties":{"id":1555,"name":"Castel Baronia","slug":"castel-baronia","region":"Apulia","n":1,"date_min":-650,"date_max":-1,"lang":10,"langs":{"10":1},"alphabets":{"13":1},"parent":null,"level":"site","shared":1,"links":0}},{"type":"Feature","geometry":{"type":"Point","coordinates":[14.391377,42.233175]},"properties":{"id":1562,"name":"Anxanum (Lanciano)","slug":"anxanum-lanciano","region":"Samnium","n":1,"date_min":-525,"date_max":-476,"lang":11,"langs":{"11":1},"alphabets":{"11":1},"parent":null,"level":"site","shared":1,"links":0}},{"type":"Feature","geometry":{"type":"Point","coordinates":[15.925556,40.517656]},"properties":{"id":1563,"name":"Anxia (Anzi)","slug":"anxia-anzi","region":"Lucania et Bruttium","n":1,"date_min":-300,"date_max":-251,"lang":10,"langs":{"10":1},"alphabets":{"23":1},"parent":null,"level":"site","shared":1,"links":0}},{"type":"Feature","geometry":{"type":"Point","coordinates":[13.927201,41.776625]},"properties":{"id":1573,"name":"Villetta Barrea","slug":"villetta-barrea","region":"Samnium","n":1,"date_min":-650,"date_max":-1,"lang":10,"langs":{"10":1},"alphabets":{"13":1},"parent":null,"level":"site","shared":1,"links":0}},{"type":"Feature","geometry":{"type":"Point","coordinates":[17.814432,40.417813]},"properties":{"id":1574,"name":"San Pancrazio","slug":"san-pancrazio","region":"Messapia","n":1,"date_min":-175,"date_max":-126,"lang":10,"langs":{"10":1},"alphabets":{"23":1},"parent":null,"level":"site","shared":1,"links":0}},{"type":"Feature","geometry":{"type":"Point","coordinates":[13.771889,42.28173]},"properties":{"id":1576,"name":"Aufinum (Ofena)","slug":"aufinum-ofena","region":"Samnium","n":1,"date_min":-575,"date_max":-526,"lang":11,"langs":{"11":1},"alphabets":{"11":1},"parent":null,"level":"site","shared":1,"links":0}},{"type":"Feature","geometry":{"type":"Point","coordinates":[15.778558,39.929308]},"properties":{"id":1580,"name":"Blanda (Palecastro di Tortora)","slug":"blanda-palecastro-di-tortora","region":"Lucania et Bruttium","n":1,"date_min":-525,"date_max":-476,"lang":11,"langs":{"11":1},"alphabets":{"23":1},"parent":null,"level":"site","shared":1,"links":0}},{"type":"Feature","geometry":{"type":"Point","coordinates":[14.559235,41.602058]},"properties":{"id":1583,"name":"Roccaspromonte","slug":"roccaspromonte","region":"Samnium","n":1,"date_min":-350,"date_max":-301,"lang":10,"langs":{"10":1},"alphabets":{"13":1},"parent":null,"level":"site","shared":1,"links":0}},{"type":"Feature","geometry":{"type":"Point","coordinates":[14.341916,41.48108]},"properties":{"id":1584,"name":"San Massimo","slug":"san-massimo","region":"Samnium","n":1,"date_min":-650,"date_max":-1,"lang":10,"langs":{"10":1},"alphabets":{"13":1},"parent":null,"level":"site","shared":1,"links":0}},{"type":"Feature","geometry":{"type":"Point","coordinates":[14.489373,41.546703]},"properties":{"id":1585,"name":"Spinete","slug":"spinete","region":"Samnium","n":1,"date_min":-150,"date_max":-101,"lang":10,"langs":{"10":1},"alphabets":{"13":1},"parent":null,"level":"site","shared":1,"links":0}},{"type":"Feature","geometry":{"type":"Point","coordinates":[14.553817,41.527941]},"properties":{"id":1587,"name":"Baranello","slug":"baranello","region":"Samnium","n":1,"date_min":-650,"date_max":-1,"lang":10,"langs":{"10":1},"alphabets":{"13":1},"parent":null,"level":"site","shared":1,"links":0}},{"type":"Feature","geometry":{"type":"Point","coordinates":[14.508074,41.505826]},"properties":{"id":1588,"name":"Colle d'Anchise","slug":"colle-d-anchise","region":"Samnium","n":1,"date_min":-325,"date_max":-276,"lang":10,"langs":{"10":1},"alphabets":{"13":1},"parent":null,"level":"site","shared":1,"links":0}},{"type":"Feature","geometry":{"type":"Point","coordinates":[14.5,41.633333]},"properties":{"id":1590,"name":"Molise","slug":"molise","region":"Samnium","n":1,"date_min":-200,"date_max":-101,"lang":10,"langs":{"10":1},"alphabets":{"13":1},"parent":null,"level":"site","shared":1,"links":0}},{"type":"Feature","geometry":{"type":"Point","coordinates":[16.5,39.0]},"properties":{"id":1592,"name":"Bruttium","slug":"bruttium","region":"Lucania et Bruttium","n":1,"date_min":-225,"date_max":-201,"lang":10,"langs":{"10":1},"alphabets":{"23":1},"parent":null,"level":"site","shared":1,"links":0}},{"type":"Feature","geometry":{"type":"Point","coordinates":[16.253611,39.295395]},"properties":{"id":1599,"name":"Consentia (Cosenza)","slug":"consentia-cosenza","region":"Lucania et Bruttium","n":1,"date_min":-325,"date_max":-301,"lang":10,"langs":{"10":1},"alphabets":{"23":1},"parent":null,"level":"site","shared":1,"links":0}},{"type":"Feature","geometry":{"type":"Point","coordinates":[13.984144,41.194485]},"properties":{"id":1607,"name":"Falernus Ager","slug":"falernus-ager","region":"Campania","n":1,"date_min":-325,"date_max":-276,"lang":7,"langs":{"7":1},"alphabets":{"6":1},"parent":null,"level":"site","shared":1,"links":0}},{"type":"Feature","geometry":{"type":"Point","coordinates":[15.790762,41.045625]},"properties":{"id":1609,"name":"Forentum (Forenza)","slug":"forentum-forenza","region":"Apulia","n":1,"date_min":-125,"date_max":-76,"lang":10,"langs":{"10":1},"alphabets":{"6":1},"parent":null,"level":"site","shared":1,"links":0}},{"type":"Feature","geometry":{"type":"Point","coordinates":[14.325658,42.232419]},"properties":{"id":1612,"name":"Frentiae","slug":"frentiae","region":"Samnium","n":1,"date_min":-275,"date_max":-226,"lang":10,"langs":{"10":1},"alphabets":{"13":1},"parent":null,"level":"site","shared":2,"links":0}},{"type":"Feature","geometry":{"type":"Point","coordinates":[14.325658,42.232419]},"properties":{"id":1613,"name":"Frentrum","slug":"frentrum","region":"Samnium","n":1,"date_min":-275,"date_max":-226,"lang":10,"langs":{"10":1},"alphabets":{"13":1},"parent":1612,"level":"locality","shared":2,"links":0}},{"type":"Feature","geometry":{"type":"Point","coordinates":[15.29681,39.02661]},"properties":{"id":1622,"name":"Hyporum","slug":"hyporum","region":null,"n":1,"date_min":-325,"date_max":-276,"lang":10,"langs":{"10":1},"alphabets":{"23":1},"parent":null,"level":"site","shared":2,"links":0}},{"type":"Feature","geometry":{"type":"Point","coordinates":[13.663003,40.745623]},"properties":{"id":1628,"name":"Irinthum","slug":"irinthum","region":null,"n":1,"date_min":-325,"date_max":-276,"lang":10,"langs":{"10":1},"alphabets":{"13":1},"parent":null,"level":"site","shared":1,"links":0}},{"type":"Feature","geometry":{"type":"Point","coordinates":[13.54271,41.949408]},"properties":{"id":1633,"name":"Marsi","slug":"marsi","region":"Samnium","n":1,"date_min":-400,"date_max":-351,"lang":13,"langs":{"13":1},"alphabets":{"6":1},"parent":null,"level":"site","shared":1,"links":0}},{"type":"Feature","geometry":{"type":"Point","coordinates":[12.226601,41.487274]},"properties":{"id":1634,"name":"Meles","slug":"meles","region":null,"n":1,"date_min":-225,"date_max":-201,"lang":10,"langs":{"10":1},"alphabets":{"13":1},"parent":1658,"level":"locality","shared":2,"links":0}},{"type":"Feature","geometry":{"type":"Point","coordinates":[14.979801,40.514033]},"properties":{"id":1642,"name":"Orlanoi","slug":"orlanoi","region":"Campania","n":1,"date_min":-225,"date_max":-201,"lang":10,"langs":{"10":1},"alphabets":{"23":1},"parent":1631,"level":"locality","shared":4,"links":0}},{"type":"Feature","geometry":{"type":"Point","coordinates":[14.979801,40.514033]},"properties":{"id":1643,"name":"Orsantinoi","slug":"orsantinoi","region":"Campania","n":1,"date_min":-225,"date_max":-201,"lang":10,"langs":{"10":1},"alphabets":{"23":1},"parent":1631,"level":"locality","shared":4,"links":0}},{"type":"Feature","geometry":{"type":"Point","coordinates":[14.979801,40.514033]},"properties":{"id":1651,"name":"Pitanatai Peripoloi","slug":"pitanatai-peripoloi","region":"Campania","n":1,"date_min":-375,"date_max":-326,"lang":10,"langs":{"10":1},"alphabets":{"23":1},"parent":1631,"level":"locality","shared":4,"links":0}},{"type":"Feature","geometry":{"type":"Point","coordinates":[15.901222,40.669205]},"properties":{"id":1654,"name":"Serra di Vaglio","slug":"serra-di-vaglio","region":"Lucania et Bruttium","n":1,"date_min":-400,"date_max":-301,"lang":10,"langs":{"10":1},"alphabets":{"23":1},"parent":null,"level":"site","shared":1,"links":0}},{"type":"Feature","geometry":{"type":"Point","coordinates":[16.05873,40.63756]},"properties":{"id":1655,"name":"Triakron (Tricarico)","slug":"triakron-tricarico","region":"Lucania et Bruttium","n":1,"date_min":-250,"date_max":-201,"lang":10,"langs":{"10":1},"alphabets":{"23":1},"parent":null,"level":"site","shared":1,"links":0}},{"type":"Feature","geometry":{"type":"Point","coordinates":[15.801741,40.637601]},"properties":{"id":1656,"name":"Potentia (Potenza)","slug":"potentia-potenza","region":"Lucania et Bruttium","n":1,"date_min":-650,"date_max":-1,"lang":10,"langs":{"10":1},"alphabets":{"23":1},"parent":null,"level":"site","shared":1,"links":0}},{"type":"Feature","geometry":{"type":"Point","coordinates":[14.484341,41.553115]},"properties":{"id":1659,"name":"Santa Croce","slug":"santa-croce","region":"Samnium","n":1,"date_min":-150,"date_max":-76,"lang":10,"langs":{"10":1},"alphabets":{"13":1},"parent":null,"level":"site","shared":1,"links":0}},{"type":"Feature","geometry":{"type":"Point","coordinates":[15.083943,41.146746]},"properties":{"id":1665,"name":"Saunitai","slug":"saunitai","region":"Apulia","n":1,"date_min":-325,"date_max":-276,"lang":10,"langs":{"10":1},"alphabets":{"23":1},"parent":null,"level":"site","shared":1,"links":0}},{"type":"Feature","geometry":{"type":"Point","coordinates":[13.534276,41.967482]},"properties":{"id":1670,"name":"Supinum (Trasacco)","slug":"supinum-trasacco","region":"Samnium","n":1,"date_min":-225,"date_max":-176,"lang":13,"langs":{"13":1},"alphabets":{"6":1},"parent":null,"level":"site","shared":1,"links":0}},{"type":"Feature","geometry":{"type":"Point","coordinates":[15.29681,39.02661]},"properties":{"id":1673,"name":"Taesia","slug":"taesia","region":null,"n":1,"date_min":-250,"date_max":-201,"lang":10,"langs":{"10":1},"alphabets":{"23":1},"parent":1622,"level":"locality","shared":2,"links":0}},{"type":"Feature","geometry":{"type":"Point","coordinates":[13.9725,41.296944]},"properties":{"id":1677,"name":"Roccamonfina","slug":"roccamonfina","region":"Campania","n":1,"date_min":-150,"date_max":-101,"lang":10,"langs":{"10":1},"alphabets":{"13":1},"parent":null,"level":"site","shared":1,"links":0}},{"type":"Feature","geometry":{"type":"Point","coordinates":[14.55049,41.854602]},"properties":{"id":1681,"name":"Colle Vernone","slug":"colle-vernone","region":"Samnium","n":1,"date_min":-650,"date_max":-1,"lang":10,"langs":{"10":1},"alphabets":{"13":1},"parent":null,"level":"site","shared":1,"links":0}},{"type":"Feature","geometry":{"type":"Point","coordinates":[14.261467,41.832893]},"properties":{"id":1682,"name":"Capracotta","slug":"capracotta","region":"Samnium","n":1,"date_min":-200,"date_max":-151,"lang":10,"langs":{"10":1},"alphabets":{"13":1},"parent":null,"level":"site","shared":1,"links":0}},{"type":"Feature","geometry":{"type":"Point","coordinates":[14.253419,41.774466]},"properties":{"id":1683,"name":"Vastogirardi","slug":"vastogirardi","region":"Samnium","n":1,"date_min":-200,"date_max":-126,"lang":10,"langs":{"10":1},"alphabets":{"13":1},"parent":null,"level":"site","shared":1,"links":0}},{"type":"Feature","geometry":{"type":"Point","coordinates":[14.480988,41.806584]},"properties":{"id":1684,"name":"Schiavi di Abruzzo","slug":"schiavi-di-abruzzo","region":"Samnium","n":1,"date_min":-125,"date_max":-76,"lang":10,"langs":{"10":1},"alphabets":{"13":1},"parent":null,"level":"site","shared":1,"links":0}},{"type":"Feature","geometry":{"type":"Point","coordinates":[14.29561,41.714422]},"properties":{"id":1685,"name":"Carovilli","slug":"carovilli","region":"Samnium","n":1,"date_min":-650,"date_max":-1,"lang":10,"langs":{"10":1},"alphabets":{"13":1},"parent":null,"level":"site","shared":1,"links":0}},{"type":"Feature","geometry":{"type":"Point","coordinates":[14.479445,41.677351]},"properties":{"id":1687,"name":"Pietracupa","slug":"pietracupa","region":"Samnium","n":1,"date_min":-650,"date_max":-1,"lang":10,"langs":{"10":1},"alphabets":{"13":1},"parent":null,"level":"site","shared":1,"links":0}},{"type":"Feature","geometry":{"type":"Point","coordinates":[14.272807,41.802914]},"properties":{"id":1688,"name":"Fonte del Romito","slug":"fonte-del-romito","region":"Samnium","n":1,"date_min":-300,"date_max":-201,"lang":10,"langs":{"10":1},"alphabets":{"13":1},"parent":null,"level":"site","shared":1,"links":0}},{"type":"Feature","geometry":{"type":"Point","coordinates":[14.295078,41.938816]},"properties":{"id":1692,"name":"Trebula (Quadri)","slug":"trebula-quadri","region":"Samnium","n":1,"date_min":-125,"date_max":-76,"lang":10,"langs":{"10":1},"alphabets":{"13":1},"parent":null,"level":"site","shared":1,"links":0}},{"type":"Feature","geometry":{"type":"Point","coordinates":[13.716327,42.33789]},"properties":{"id":1700,"name":"Vestini","slug":"vestini","region":"Samnium","n":1,"date_min":-275,"date_max":-226,"lang":10,"langs":{"10":1},"alphabets":{"6":1},"parent":null,"level":"site","shared":1,"links":0}},{"type":"Feature","geometry":{"type":"Point","coordinates":[7.333,45.739]},"properties":{"id":1704,"name":"Aosta (San Rocco)","slug":"aosta-san-rocco","region":"Alpes Graiae et Poeninae","n":1,"date_min":-125,"date_max":-1,"lang":2,"langs":{"2":1},"alphabets":{"29":1},"parent":null,"level":"site","shared":1,"links":0}},{"type":"Feature","geometry":{"type":"Point","coordinates":[7.62,45.748]},"properties":{"id":1705,"name":"Aosta (Châtillon)","slug":"aosta-chatillon","region":"Transpadana","n":1,"date_min":-125,"date_max":-1,"lang":2,"langs":{"2":1},"alphabets":{"29":1},"parent":null,"level":"site","shared":1,"links":0}},{"type":"Feature","geometry":{"type":"Point","coordinates":[7.567,46.869]},"properties":{"id":1706,"name":"Bern","slug":"bern","region":"Germania Superior","n":1,"date_min":-225,"date_max":-101,"lang":2,"langs":{"2":1},"alphabets":{"29":1},"parent":null,"level":"site","shared":1,"links":0}},{"type":"Feature","geometry":{"type":"Point","coordinates":[9.664,45.704]},"properties":{"id":1707,"name":"Bergamo (Piazza Mercato del Fieno)","slug":"bergamo-piazza-mercato-del-fieno","region":"Transpadana","n":1,"date_min":-675,"date_max":25,"lang":2,"langs":{"2":1},"alphabets":{"29":1},"parent":null,"level":"site","shared":1,"links":0}},{"type":"Feature","geometry":{"type":"Point","coordinates":[9.52,45.617]},"properties":{"id":1711,"name":"Capriate San Gervaiso (Penisola)","slug":"capriate-san-gervaiso-penisola","region":"Transpadana","n":1,"date_min":-525,"date_max":-401,"lang":2,"langs":{"2":1},"alphabets":{"29":1},"parent":null,"level":"site","shared":1,"links":0}},{"type":"Feature","geometry":{"type":"Point","coordinates":[10.074,45.818]},"properties":{"id":1714,"name":"Lovere","slug":"lovere","region":"Transpadana","n":1,"date_min":-50,"date_max":-1,"lang":2,"langs":{"2":1},"alphabets":{"29":1},"parent":null,"level":"site","shared":1,"links":0}},{"type":"Feature","geometry":{"type":"Point","coordinates":[9.63,45.608]},"properties":{"id":1718,"name":"Verdello (Campo sportivo)","slug":"verdello-campo-sportivo","region":"Transpadana","n":1,"date_min":-125,"date_max":-1,"lang":2,"langs":{"2":1},"alphabets":{"29":1},"parent":null,"level":"site","shared":1,"links":0}},{"type":"Feature","geometry":{"type":"Point","coordinates":[9.644,45.497]},"properties":{"id":1719,"name":"Caravaggio (Campo de Croppe)","slug":"caravaggio-campo-de-croppe","region":"Transpadana","n":1,"date_min":-125,"date_max":-1,"lang":2,"langs":{"2":1},"alphabets":{"29":1},"parent":null,"level":"site","shared":1,"links":0}},{"type":"Feature","geometry":{"type":"Point","coordinates":[9.683,45.506]},"properties":{"id":1722,"name":"Caravaggio (Cantacucco)","slug":"caravaggio-cantacucco","region":"Transpadana","n":1,"date_min":-150,"date_max":-51,"lang":2,"langs":{"2":1},"alphabets":{"29":1},"parent":null,"level":"site","shared":1,"links":0}},{"type":"Feature","geometry":{"type":"Point","coordinates":[5.467,43.299]},"properties":{"id":1724,"name":"Marseille","slug":"marseille","region":"Narbonensis","n":1,"date_min":-225,"date_max":-101,"lang":2,"langs":{"2":1},"alphabets":{"29":1},"parent":null,"level":"site","shared":1,"links":0}},{"type":"Feature","geometry":{"type":"Point","coordinates":[9.969,45.568]},"properties":{"id":1725,"name":"Coccaglio","slug":"coccaglio","region":"Transpadana","n":1,"date_min":-125,"date_max":-1,"lang":2,"langs":{"2":1},"alphabets":{"6":1},"parent":null,"level":"site","shared":1,"links":0}},{"type":"Feature","geometry":{"type":"Point","coordinates":[10.18,45.429]},"properties":{"id":1727,"name":"Bagnolo Mella","slug":"bagnolo-mella","region":"Venetia et Histria","n":1,"date_min":-150,"date_max":-51,"lang":2,"langs":{"2":1},"alphabets":{"29":1},"parent":null,"level":"site","shared":1,"links":0}},{"type":"Feature","geometry":{"type":"Point","coordinates":[10.419,45.656]},"properties":{"id":1729,"name":"Sabbio Chiese","slug":"sabbio-chiese","region":"Venetia et Histria","n":1,"date_min":-75,"date_max":50,"lang":2,"langs":{"2":1},"alphabets":{"6":1},"parent":null,"level":"site","shared":1,"links":0}},{"type":"Feature","geometry":{"type":"Point","coordinates":[9.871,45.517]},"properties":{"id":1731,"name":"Urago d'Oglio (Castellaro)","slug":"urago-d-oglio-castellaro","region":"Transpadana","n":1,"date_min":-150,"date_max":-76,"lang":2,"langs":{"2":1},"alphabets":{"29":1},"parent":null,"level":"site","shared":1,"links":0}},{"type":"Feature","geometry":{"type":"Point","coordinates":[9.943,45.582]},"properties":{"id":1732,"name":"Cologne","slug":"cologne","region":"Transpadana","n":1,"date_min":-75,"date_max":-1,"lang":2,"langs":{"2":1},"alphabets":{"29":1},"parent":null,"level":"site","shared":1,"links":0}},{"type":"Feature","geometry":{"type":"Point","coordinates":[10.223,45.54]},"properties":{"id":1733,"name":"Brescia","slug":"brescia","region":"Venetia et Histria","n":1,"date_min":-675,"date_max":25,"lang":2,"langs":{"2":1},"alphabets":{"29":1},"parent":null,"level":"site","shared":1,"links":0}},{"type":"Feature","geometry":{"type":"Point","coordinates":[10.226,45.537]},"properties":{"id":1737,"name":"Brescia (Via Trieste)","slug":"brescia-via-trieste","region":"Venetia et Histria","n":1,"date_min":-425,"date_max":-351,"lang":2,"langs":{"2":1},"alphabets":{"29":1},"parent":null,"level":"site","shared":1,"links":0}},{"type":"Feature","geometry":{"type":"Point","coordinates":[10.228,45.539]},"properties":{"id":1738,"name":"Brescia (Monastero di Santa Giulia)","slug":"brescia-monastero-di-santa-giulia","region":"Venetia et Histria","n":1,"date_min":-675,"date_max":25,"lang":2,"langs":{"2":1},"alphabets":{"29":1},"parent":null,"level":"site","shared":1,"links":0}},{"type":"Feature","geometry":{"type":"Point","coordinates":[9.313,46.149]},"properties":{"id":1739,"name":"Gravedona","slug":"gravedona","region":"Transpadana","n":1,"date_min":-150,"date_max":-1,"lang":2,"langs":{"2":1},"alphabets":{"29":1},"parent":null,"level":"site","shared":1,"links":0}},{"type":"Feature","geometry":{"type":"Point","coordinates":[9.058,45.788]},"properties":{"id":1742,"name":"Breccia (Cava Butti)","slug":"breccia-cava-butti","region":"Transpadana","n":1,"date_min":-475,"date_max":-401,"lang":2,"langs":{"2":1},"alphabets":{"29":1},"parent":null,"level":"site","shared":1,"links":0}},{"type":"Feature","geometry":{"type":"Point","coordinates":[9.053,45.801]},"properties":{"id":1743,"name":"Prestino (Fondo Giulini)","slug":"prestino-fondo-giulini","region":"Transpadana","n":1,"date_min":-500,"date_max":-451,"lang":2,"langs":{"2":1},"alphabets":{"29":1},"parent":null,"level":"site","shared":1,"links":0}},{"type":"Feature","geometry":{"type":"Point","coordinates":[9.068,45.804]},"properties":{"id":1749,"name":"Como","slug":"como","region":"Transpadana","n":1,"date_min":-675,"date_max":25,"lang":2,"langs":{"2":1},"alphabets":{"29":1},"parent":null,"level":"site","shared":1,"links":0}},{"type":"Feature","geometry":{"type":"Point","coordinates":[9.18,45.972]},"properties":{"id":1750,"name":"Como (Ossuccio)","slug":"como-ossuccio","region":"Transpadana","n":1,"date_min":-475,"date_max":-401,"lang":2,"langs":{"2":1},"alphabets":{"29":1},"parent":null,"level":"site","shared":1,"links":0}},{"type":"Feature","geometry":{"type":"Point","coordinates":[9.128,45.874]},"properties":{"id":1751,"name":"Como (Carate Urio)","slug":"como-carate-urio","region":"Transpadana","n":1,"date_min":-525,"date_max":-401,"lang":2,"langs":{"2":1},"alphabets":{"29":1},"parent":null,"level":"site","shared":1,"links":0}},{"type":"Feature","geometry":{"type":"Point","coordinates":[9.056,45.806]},"properties":{"id":1752,"name":"Como (San Fermo della Battaglia)","slug":"como-san-fermo-della-battaglia","region":"Transpadana","n":1,"date_min":-675,"date_max":25,"lang":2,"langs":{"2":1},"alphabets":{"29":1},"parent":null,"level":"site","shared":1,"links":0}},{"type":"Feature","geometry":{"type":"Point","coordinates":[9.053,45.804]},"properties":{"id":1753,"name":"Como (San Fermo della Battaglia Via Rigamonti)","slug":"como-san-fermo-della-battaglia-via-rigamonti","region":"Transpadana","n":1,"date_min":-525,"date_max":-401,"lang":2,"langs":{"2":1},"alphabets":{"29":1},"parent":null,"level":"site","shared":1,"links":0}},{"type":"Feature","geometry":{"type":"Point","coordinates":[9.112,45.813]},"properties":{"id":1754,"name":"Civiglio (Visigna necropolis)","slug":"civiglio-visigna-necropolis","region":"Transpadana","n":1,"date_min":-525,"date_max":-401,"lang":2,"langs":{"2":1},"alphabets":{"29":1},"parent":null,"level":"necropolis","shared":1,"links":0}},{"type":"Feature","geometry":{"type":"Point","coordinates":[9.105,45.815]},"properties":{"id":1755,"name":"Como (Brunate)","slug":"como-brunate","region":"Transpadana","n":1,"date_min":-425,"date_max":-351,"lang":2,"langs":{"2":1},"alphabets":{"29":1},"parent":null,"level":"site","shared":1,"links":0}},{"type":"Feature","geometry":{"type":"Point","coordinates":[9.14,45.742]},"properties":{"id":1757,"name":"Como (Cantù)","slug":"como-cantu","region":"Transpadana","n":1,"date_min":-150,"date_max":-1,"lang":2,"langs":{"2":1},"alphabets":{"29":1},"parent":null,"level":"site","shared":1,"links":0}},{"type":"Feature","geometry":{"type":"Point","coordinates":[9.234,46.387]},"properties":{"id":1759,"name":"Mesocco","slug":"mesocco","region":"Transpadana","n":1,"date_min":-150,"date_max":-51,"lang":2,"langs":{"2":1},"alphabets":{"29":1},"parent":null,"level":"site","shared":1,"links":0}},{"type":"Feature","geometry":{"type":"Point","coordinates":[9.415,46.745]},"properties":{"id":1760,"name":"Präz","slug":"praz","region":"Raetia","n":1,"date_min":-675,"date_max":25,"lang":2,"langs":{"2":1},"alphabets":{"29":1},"parent":null,"level":"site","shared":1,"links":0}},{"type":"Feature","geometry":{"type":"Point","coordinates":[9.14,46.257]},"properties":{"id":1761,"name":"Castaneda","slug":"castaneda","region":"Transpadana","n":1,"date_min":-450,"date_max":-351,"lang":2,"langs":{"2":1},"alphabets":{"29":1},"parent":null,"level":"site","shared":1,"links":0}},{"type":"Feature","geometry":{"type":"Point","coordinates":[5.528,46.68]},"properties":{"id":1762,"name":"Montmorot (Colline du Château)","slug":"montmorot-colline-du-chateau","region":"Lugdunensis","n":1,"date_min":-575,"date_max":-526,"lang":2,"langs":{"2":1},"alphabets":{"29":1},"parent":null,"level":"site","shared":1,"links":0}},{"type":"Feature","geometry":{"type":"Point","coordinates":[8.725,45.552]},"properties":{"id":1763,"name":"Nosate","slug":"nosate","region":"Transpadana","n":1,"date_min":-75,"date_max":-26,"lang":2,"langs":{"2":1},"alphabets":{"29":1},"parent":null,"level":"site","shared":1,"links":0}},{"type":"Feature","geometry":{"type":"Point","coordinates":[9.301,45.369]},"properties":{"id":1765,"name":"Mezzano (grave 1)","slug":"mezzano-grave-1","region":"Transpadana","n":1,"date_min":-125,"date_max":-51,"lang":2,"langs":{"2":1},"alphabets":{"29":1},"parent":null,"level":"site","shared":1,"links":0}},{"type":"Feature","geometry":{"type":"Point","coordinates":[8.928,45.564]},"properties":{"id":1767,"name":"Canegrate (grave 326)","slug":"canegrate-grave-326","region":"Transpadana","n":1,"date_min":-50,"date_max":-1,"lang":2,"langs":{"2":1},"alphabets":{"29":1},"parent":null,"level":"site","shared":1,"links":0}},{"type":"Feature","geometry":{"type":"Point","coordinates":[8.911,45.572]},"properties":{"id":1768,"name":"Milano (San Giorgio su Legnano Via Vittoria Veneto)","slug":"milano-san-giorgio-su-legnano-via-vittoria-veneto","region":"Transpadana","n":1,"date_min":-50,"date_max":-1,"lang":2,"langs":{"2":1},"alphabets":{"6":1},"parent":null,"level":"site","shared":1,"links":0}},{"type":"Feature","geometry":{"type":"Point","coordinates":[8.945,45.553]},"properties":{"id":1770,"name":"Parabiago","slug":"parabiago","region":"Transpadana","n":1,"date_min":-50,"date_max":-1,"lang":2,"langs":{"2":1},"alphabets":{"29":1},"parent":null,"level":"site","shared":1,"links":0}},{"type":"Feature","geometry":{"type":"Point","coordinates":[9.179,45.457]},"properties":{"id":1772,"name":"Milano (Milano amphitheatre)","slug":"milano-milano-amphitheatre","region":"Transpadana","n":1,"date_min":-400,"date_max":-251,"lang":2,"langs":{"2":1},"alphabets":{"29":1},"parent":null,"level":"site","shared":1,"links":0}},{"type":"Feature","geometry":{"type":"Point","coordinates":[10.835,45.11]},"properties":{"id":1776,"name":"Bagnolo San Vito (Forcello)","slug":"bagnolo-san-vito-forcello","region":"Venetia et Histria","n":1,"date_min":-525,"date_max":-401,"lang":2,"langs":{"2":1},"alphabets":{"18":1},"parent":null,"level":"site","shared":1,"links":0}},{"type":"Feature","geometry":{"type":"Point","coordinates":[10.051,44.234]},"properties":{"id":1777,"name":"Aulla (Bigliolo)","slug":"aulla-bigliolo","region":"Etruria Settentrionale","n":1,"date_min":-550,"date_max":-501,"lang":2,"langs":{"2":1},"alphabets":{"29":1},"parent":null,"level":"site","shared":1,"links":0}},{"type":"Feature","geometry":{"type":"Point","coordinates":[9.961,44.302]},"properties":{"id":1778,"name":"Villafranca in Lunigiana","slug":"villafranca-in-lunigiana","region":"Etruria Settentrionale","n":1,"date_min":-575,"date_max":-501,"lang":2,"langs":{"2":1},"alphabets":{"29":1},"parent":null,"level":"site","shared":1,"links":0}},{"type":"Feature","geometry":{"type":"Point","coordinates":[9.933,44.317]},"properties":{"id":1779,"name":"Bagnone (Filetto)","slug":"bagnone-filetto","region":"Etruria Settentrionale","n":1,"date_min":-575,"date_max":-501,"lang":2,"langs":{"2":1},"alphabets":{"29":1},"parent":null,"level":"site","shared":1,"links":0}},{"type":"Feature","geometry":{"type":"Point","coordinates":[9.934,44.331]},"properties":{"id":1780,"name":"Filattiera","slug":"filattiera","region":"Etruria Settentrionale","n":1,"date_min":-650,"date_max":-601,"lang":2,"langs":{"2":1},"alphabets":{"29":1},"parent":null,"level":"site","shared":1,"links":0}},{"type":"Feature","geometry":{"type":"Point","coordinates":[8.632,45.712]},"properties":{"id":1781,"name":"Castelletto sopra Ticino (grave 5)","slug":"castelletto-sopra-ticino-grave-5","region":"Transpadana","n":1,"date_min":-600,"date_max":-551,"lang":2,"langs":{"2":1},"alphabets":{"29":1},"parent":null,"level":"site","shared":1,"links":0}},{"type":"Feature","geometry":{"type":"Point","coordinates":[8.421,45.807]},"properties":{"id":1783,"name":"Miasino (Carcegna necropolis)","slug":"miasino-carcegna-necropolis","region":"Transpadana","n":1,"date_min":-175,"date_max":-101,"lang":2,"langs":{"2":1},"alphabets":{"29":1},"parent":null,"level":"necropolis","shared":1,"links":0}},{"type":"Feature","geometry":{"type":"Point","coordinates":[8.442,45.743]},"properties":{"id":1784,"name":"Gozzano","slug":"gozzano","region":"Transpadana","n":1,"date_min":-175,"date_max":-1,"lang":2,"langs":{"2":1},"alphabets":{"29":1},"parent":null,"level":"site","shared":1,"links":0}},{"type":"Feature","geometry":{"type":"Point","coordinates":[8.462,45.675]},"properties":{"id":1785,"name":"Cureggio","slug":"cureggio","region":"Transpadana","n":1,"date_min":-125,"date_max":-1,"lang":2,"langs":{"2":1},"alphabets":{"6":1},"parent":null,"level":"site","shared":1,"links":0}},{"type":"Feature","geometry":{"type":"Point","coordinates":[8.546,45.52]},"properties":{"id":1787,"name":"San Bernardino di Briona","slug":"san-bernardino-di-briona","region":"Transpadana","n":1,"date_min":-550,"date_max":-451,"lang":2,"langs":{"2":1},"alphabets":{"29":1},"parent":null,"level":"site","shared":1,"links":0}},{"type":"Feature","geometry":{"type":"Point","coordinates":[8.664,45.661]},"properties":{"id":1789,"name":"Varallo Pombia","slug":"varallo-pombia","region":"Transpadana","n":1,"date_min":-675,"date_max":25,"lang":2,"langs":{"2":1},"alphabets":{"29":1},"parent":null,"level":"site","shared":1,"links":0}},{"type":"Feature","geometry":{"type":"Point","coordinates":[8.642,45.717]},"properties":{"id":1792,"name":"Castelletto sopra Ticino (Belvedere)","slug":"castelletto-sopra-ticino-belvedere","region":"Transpadana","n":1,"date_min":-725,"date_max":-526,"lang":2,"langs":{"2":1},"alphabets":{"29":1},"parent":null,"level":"site","shared":1,"links":0}},{"type":"Feature","geometry":{"type":"Point","coordinates":[15.84,46.411]},"properties":{"id":1795,"name":"Hajdina (Poetovio western necropolis)","slug":"hajdina-poetovio-western-necropolis","region":"Noricum","n":1,"date_min":101,"date_max":300,"lang":2,"langs":{"2":1},"alphabets":{"29":1},"parent":null,"level":"necropolis","shared":1,"links":0}},{"type":"Feature","geometry":{"type":"Point","coordinates":[8.887,45.19]},"properties":{"id":1798,"name":"Garlasco (Cascina Stremiana)","slug":"garlasco-cascina-stremiana","region":"Transpadana","n":1,"date_min":-50,"date_max":-1,"lang":2,"langs":{"2":1},"alphabets":{"29":1},"parent":null,"level":"site","shared":1,"links":0}},{"type":"Feature","geometry":{"type":"Point","coordinates":[8.928,45.224]},"properties":{"id":1799,"name":"Garlasco (Baraggia)","slug":"garlasco-baraggia","region":"Transpadana","n":1,"date_min":1,"date_max":50,"lang":2,"langs":{"2":1},"alphabets":{"29":1},"parent":null,"level":"site","shared":1,"links":0}},{"type":"Feature","geometry":{"type":"Point","coordinates":[8.994,45.18]},"properties":{"id":1800,"name":"Gropello Cairoli","slug":"gropello-cairoli","region":"Transpadana","n":1,"date_min":-150,"date_max":-101,"lang":2,"langs":{"2":1},"alphabets":{"29":1},"parent":null,"level":"site","shared":1,"links":0}},{"type":"Feature","geometry":{"type":"Point","coordinates":[9.397,45.111]},"properties":{"id":1801,"name":"Zerbo","slug":"zerbo","region":"Transpadana","n":1,"date_min":-125,"date_max":-1,"lang":2,"langs":{"2":1},"alphabets":{"6":1},"parent":null,"level":"site","shared":1,"links":0}},{"type":"Feature","geometry":{"type":"Point","coordinates":[10.71,53.993]},"properties":{"id":1802,"name":"Pansdorf grave mound","slug":"pansdorf-grave-mound","region":null,"n":1,"date_min":-625,"date_max":-501,"lang":2,"langs":{"2":1},"alphabets":{"29":1},"parent":null,"level":"site","shared":1,"links":0}},{"type":"Feature","geometry":{"type":"Point","coordinates":[9.747,44.278]},"properties":{"id":1803,"name":"Zignago (Villa di Novà)","slug":"zignago-villa-di-nova","region":"Etruria Settentrionale","n":1,"date_min":-550,"date_max":-501,"lang":2,"langs":{"2":1},"alphabets":{"29":1},"parent":null,"level":"site","shared":1,"links":0}},{"type":"Feature","geometry":{"type":"Point","coordinates":[9.957,44.066]},"properties":{"id":1804,"name":"Ameglia","slug":"ameglia","region":"Etruria Settentrionale","n":1,"date_min":-350,"date_max":-301,"lang":2,"langs":{"2":1},"alphabets":{"29":1},"parent":null,"level":"site","shared":1,"links":0}},{"type":"Feature","geometry":{"type":"Point","coordinates":[8.941,46.171]},"properties":{"id":1805,"name":"Gudo (Progero)","slug":"gudo-progero","region":"Transpadana","n":1,"date_min":-550,"date_max":-501,"lang":2,"langs":{"2":1},"alphabets":{"29":1},"parent":null,"level":"site","shared":1,"links":0}},{"type":"Feature","geometry":{"type":"Point","coordinates":[8.84,46.141]},"properties":{"id":1808,"name":"Vira Gambarogno","slug":"vira-gambarogno","region":"Transpadana","n":1,"date_min":-425,"date_max":-126,"lang":2,"langs":{"2":1},"alphabets":{"29":1},"parent":null,"level":"site","shared":1,"links":0}},{"type":"Feature","geometry":{"type":"Point","coordinates":[8.97,45.936]},"properties":{"id":1810,"name":"Maroggia","slug":"maroggia","region":"Transpadana","n":1,"date_min":-675,"date_max":25,"lang":2,"langs":{"2":1},"alphabets":{"29":1},"parent":null,"level":"site","shared":1,"links":0}},{"type":"Feature","geometry":{"type":"Point","coordinates":[8.843,46.011]},"properties":{"id":1812,"name":"Bedigliora (Banco)","slug":"bedigliora-banco","region":"Transpadana","n":1,"date_min":-425,"date_max":-126,"lang":2,"langs":{"2":1},"alphabets":{"29":1},"parent":null,"level":"site","shared":1,"links":0}},{"type":"Feature","geometry":{"type":"Point","coordinates":[8.95,46.062]},"properties":{"id":1814,"name":"Ponte Capriasca","slug":"ponte-capriasca","region":"Transpadana","n":1,"date_min":-425,"date_max":-126,"lang":2,"langs":{"2":1},"alphabets":{"29":1},"parent":null,"level":"site","shared":1,"links":0}},{"type":"Feature","geometry":{"type":"Point","coordinates":[8.971,46.016]},"properties":{"id":1816,"name":"Viganello","slug":"viganello","region":"Transpadana","n":1,"date_min":-425,"date_max":-126,"lang":2,"langs":{"2":1},"alphabets":{"29":1},"parent":null,"level":"site","shared":1,"links":0}},{"type":"Feature","geometry":{"type":"Point","coordinates":[8.977,46.026]},"properties":{"id":1817,"name":"Pregassona","slug":"pregassona","region":"Transpadana","n":1,"date_min":-525,"date_max":-126,"lang":2,"langs":{"2":1},"alphabets":{"29":1},"parent":null,"level":"site","shared":1,"links":0}},{"type":"Feature","geometry":{"type":"Point","coordinates":[8.937,45.998]},"properties":{"id":1818,"name":"Sorengo","slug":"sorengo","region":"Transpadana","n":1,"date_min":-425,"date_max":-126,"lang":2,"langs":{"2":1},"alphabets":{"29":1},"parent":null,"level":"site","shared":1,"links":0}},{"type":"Feature","geometry":{"type":"Point","coordinates":[8.985,46.053]},"properties":{"id":1821,"name":"Sonvico","slug":"sonvico","region":"Transpadana","n":1,"date_min":-425,"date_max":-126,"lang":2,"langs":{"2":1},"alphabets":{"29":1},"parent":null,"level":"site","shared":1,"links":0}},{"type":"Feature","geometry":{"type":"Point","coordinates":[8.956,45.881]},"properties":{"id":1822,"name":"Tremona (Piasa)","slug":"tremona-piasa","region":"Transpadana","n":1,"date_min":-225,"date_max":-1,"lang":2,"langs":{"2":1},"alphabets":{"29":1},"parent":null,"level":"site","shared":1,"links":0}},{"type":"Feature","geometry":{"type":"Point","coordinates":[9.016,46.173]},"properties":{"id":1823,"name":"Giubiasco (Palasio)","slug":"giubiasco-palasio","region":"Transpadana","n":1,"date_min":-225,"date_max":-101,"lang":2,"langs":{"2":1},"alphabets":{"29":1},"parent":null,"level":"site","shared":1,"links":0}},{"type":"Feature","geometry":{"type":"Point","coordinates":[12.492,45.783]},"properties":{"id":1824,"name":"Oderzo","slug":"oderzo","region":"Venetia et Histria","n":1,"date_min":-675,"date_max":25,"lang":2,"langs":{"2":1},"alphabets":{"29":1},"parent":null,"level":"site","shared":1,"links":0}},{"type":"Feature","geometry":{"type":"Point","coordinates":[12.983,46.394]},"properties":{"id":1825,"name":"Verzegnis (Colle Mazéit)","slug":"verzegnis-colle-mazeit","region":"Venetia et Histria","n":1,"date_min":-225,"date_max":-1,"lang":2,"langs":{"2":1},"alphabets":{"6":1},"parent":null,"level":"site","shared":1,"links":0}},{"type":"Feature","geometry":{"type":"Point","coordinates":[8.904,45.824]},"properties":{"id":1829,"name":"Cantello","slug":"cantello","region":"Transpadana","n":1,"date_min":-675,"date_max":25,"lang":2,"langs":{"2":1},"alphabets":{"29":1},"parent":null,"level":"site","shared":1,"links":0}},{"type":"Feature","geometry":{"type":"Point","coordinates":[8.794,45.659]},"properties":{"id":1831,"name":"Gallarate","slug":"gallarate","region":"Transpadana","n":1,"date_min":-150,"date_max":-76,"lang":2,"langs":{"2":1},"alphabets":{"29":1},"parent":null,"level":"site","shared":1,"links":0}},{"type":"Feature","geometry":{"type":"Point","coordinates":[9.002,45.641]},"properties":{"id":1833,"name":"Gerenzano","slug":"gerenzano","region":"Transpadana","n":1,"date_min":-50,"date_max":100,"lang":2,"langs":{"2":1},"alphabets":{"29":1},"parent":null,"level":"site","shared":1,"links":0}},{"type":"Feature","geometry":{"type":"Point","coordinates":[8.635,45.724]},"properties":{"id":1834,"name":"Sesto Calende","slug":"sesto-calende","region":"Transpadana","n":1,"date_min":-675,"date_max":-626,"lang":2,"langs":{"2":1},"alphabets":{"29":1},"parent":null,"level":"site","shared":1,"links":0}},{"type":"Feature","geometry":{"type":"Point","coordinates":[8.665,45.707]},"properties":{"id":1835,"name":"Golasecca (Galliasco)","slug":"golasecca-galliasco","region":"Transpadana","n":1,"date_min":-550,"date_max":-451,"lang":2,"langs":{"2":1},"alphabets":{"29":1},"parent":null,"level":"site","shared":1,"links":0}},{"type":"Feature","geometry":{"type":"Point","coordinates":[8.663,45.71]},"properties":{"id":1836,"name":"Golasecca (Monsorino)","slug":"golasecca-monsorino","region":"Transpadana","n":1,"date_min":-575,"date_max":-501,"lang":2,"langs":{"2":1},"alphabets":{},"parent":null,"level":"site","shared":1,"links":0}},{"type":"Feature","geometry":{"type":"Point","coordinates":[8.706,45.727]},"properties":{"id":1837,"name":"Vergiate (San Gallo di Ronchi)","slug":"vergiate-san-gallo-di-ronchi","region":"Transpadana","n":1,"date_min":-550,"date_max":-476,"lang":2,"langs":{"2":1},"alphabets":{"29":1},"parent":null,"level":"site","shared":1,"links":0}},{"type":"Feature","geometry":{"type":"Point","coordinates":[8.576,45.946]},"properties":{"id":1841,"name":"Verbania (Zoverallo)","slug":"verbania-zoverallo","region":"Transpadana","n":1,"date_min":-50,"date_max":50,"lang":2,"langs":{"2":1},"alphabets":{"6":1},"parent":null,"level":"site","shared":1,"links":0}},{"type":"Feature","geometry":{"type":"Point","coordinates":[10.885,45.293]},"properties":{"id":1845,"name":"Nogarole Rocca (Ponte dei Mulinei)","slug":"nogarole-rocca-ponte-dei-mulinei","region":"Venetia et Histria","n":1,"date_min":-150,"date_max":-76,"lang":2,"langs":{"2":1},"alphabets":{"29":1},"parent":null,"level":"site","shared":1,"links":0}},{"type":"Feature","geometry":{"type":"Point","coordinates":[11.0,45.449]},"properties":{"id":1849,"name":"Verona (Chiesa di Santo Stefano)","slug":"verona-chiesa-di-santo-stefano","region":"Venetia et Histria","n":1,"date_min":-675,"date_max":25,"lang":2,"langs":{"2":1},"alphabets":{"29":1},"parent":null,"level":"site","shared":1,"links":0}},{"type":"Feature","geometry":{"type":"Point","coordinates":[10.963,45.346]},"properties":{"id":1851,"name":"Vigasio (Ciringhelli)","slug":"vigasio-ciringhelli","region":"Venetia et Histria","n":1,"date_min":-225,"date_max":-1,"lang":2,"langs":{"2":1},"alphabets":{"29":1},"parent":null,"level":"site","shared":1,"links":0}},{"type":"Feature","geometry":{"type":"Point","coordinates":[7.4,46.26]},"properties":{"id":1854,"name":"Argnou (Plateau des Frisses)","slug":"argnou-plateau-des-frisses","region":"Alpes Graiae et Poeninae","n":1,"date_min":-675,"date_max":25,"lang":2,"langs":{"2":1},"alphabets":{"29":1},"parent":null,"level":"site","shared":1,"links":0}},{"type":"Feature","geometry":{"type":"Point","coordinates":[7.233,45.985]},"properties":{"id":1855,"name":"Liddes","slug":"liddes","region":"Alpes Graiae et Poeninae","n":1,"date_min":-75,"date_max":-1,"lang":2,"langs":{"2":1},"alphabets":{"6":1},"parent":null,"level":"site","shared":1,"links":0}},{"type":"Feature","geometry":{"type":"Point","coordinates":[7.961,46.304]},"properties":{"id":1856,"name":"Gamsen (Waldmatte)","slug":"gamsen-waldmatte","region":"Alpes Graiae et Poeninae","n":1,"date_min":-75,"date_max":-1,"lang":2,"langs":{"2":1},"alphabets":{"29":1},"parent":null,"level":"site","shared":1,"links":0}},{"type":"Feature","geometry":{"type":"Point","coordinates":[16.866667,41.0]},"properties":{"id":1857,"name":"Adelfia","slug":"adelfia","region":"Apulia","n":1,"date_min":-600,"date_max":-451,"lang":9,"langs":{"9":1},"alphabets":{"17":1},"parent":null,"level":"site","shared":1,"links":0}},{"type":"Feature","geometry":{"type":"Point","coordinates":[18.4,40.016667]},"properties":{"id":1867,"name":"Disum (Diso)","slug":"disum-diso","region":"Messapia","n":1,"date_min":-300,"date_max":-201,"lang":9,"langs":{"9":1},"alphabets":{"17":1},"parent":null,"level":"site","shared":1,"links":0}},{"type":"Feature","geometry":{"type":"Point","coordinates":[18.166667,40.166667]},"properties":{"id":1869,"name":"Galatina","slug":"galatina","region":"Messapia","n":1,"date_min":-300,"date_max":-201,"lang":9,"langs":{"9":1},"alphabets":{"17":1},"parent":null,"level":"site","shared":1,"links":0}},{"type":"Feature","geometry":{"type":"Point","coordinates":[17.116667,40.583333]},"properties":{"id":1876,"name":"Massafra","slug":"massafra","region":"Apulia","n":1,"date_min":-600,"date_max":-451,"lang":9,"langs":{"9":1},"alphabets":{"17":1},"parent":null,"level":"site","shared":1,"links":0}},{"type":"Feature","geometry":{"type":"Point","coordinates":[17.294904,40.95484]},"properties":{"id":1878,"name":"Diria (Monopoli)","slug":"diria-monopoli","region":"Apulia","n":1,"date_min":-300,"date_max":-201,"lang":9,"langs":{"9":1},"alphabets":{"17":1},"parent":null,"level":"site","shared":1,"links":0}},{"type":"Feature","geometry":{"type":"Point","coordinates":[17.897555,40.262426]},"properties":{"id":1883,"name":"Porto Cesareo","slug":"porto-cesareo","region":"Messapia","n":1,"date_min":-450,"date_max":-401,"lang":9,"langs":{"9":1},"alphabets":{"17":1},"parent":null,"level":"site","shared":1,"links":0}},{"type":"Feature","geometry":{"type":"Point","coordinates":[18.25,39.983333]},"properties":{"id":1898,"name":"Ruffano","slug":"ruffano","region":"Messapia","n":1,"date_min":-600,"date_max":-1,"lang":9,"langs":{"9":1},"alphabets":{"17":1},"parent":null,"level":"site","shared":1,"links":0}},{"type":"Feature","geometry":{"type":"Point","coordinates":[11.656616,45.227738]},"properties":{"id":1901,"name":"Este, Italy","slug":"este-italy","region":"Venetia et Histria","n":1,"date_min":-500,"date_max":-351,"lang":14,"langs":{"14":1},"alphabets":{"6":1},"parent":85,"level":"locality","shared":2,"links":0}},{"type":"Feature","geometry":{"type":"Point","coordinates":[11.540277,45.545773]},"properties":{"id":1902,"name":"Vicenza, Italy","slug":"vicenza-italy","region":"Venetia et Histria","n":1,"date_min":-550,"date_max":-476,"lang":14,"langs":{"14":1},"alphabets":{"6":1},"parent":88,"level":"locality","shared":2,"links":0}},{"type":"Feature","geometry":{"type":"Point","coordinates":[12.017634,46.490555]},"properties":{"id":1913,"name":"Monte Pore","slug":"monte-pore","region":"Venetia et Histria","n":1,"date_min":-600,"date_max":-1,"lang":14,"langs":{"14":1},"alphabets":{"18":1},"parent":null,"level":"site","shared":1,"links":0}},{"type":"Feature","geometry":{"type":"Point","coordinates":[12.323733,46.417354]},"properties":{"id":1914,"name":"Valle di Cadore, Italy","slug":"valle-di-cadore-italy","region":"Venetia et Histria","n":1,"date_min":-600,"date_max":-1,"lang":14,"langs":{"14":1},"alphabets":{"6":1},"parent":null,"level":"locality","shared":1,"links":0}},{"type":"Feature","geometry":{"type":"Point","coordinates":[11.431,45.761]},"properties":{"id":1923,"name":"Piovene Rocchette","slug":"piovene-rocchette","region":"Venetia et Histria","n":1,"date_min":-525,"date_max":-1,"lang":12,"langs":{"12":1},"alphabets":{"27":1},"parent":null,"level":"site","shared":1,"links":0}},{"type":"Feature","geometry":{"type":"Point","coordinates":[12.595,47.906]},"properties":{"id":1924,"name":"Nußdorf","slug":"nudorf","region":"Noricum","n":1,"date_min":-500,"date_max":-401,"lang":12,"langs":{"12":1},"alphabets":{"28":1},"parent":null,"level":"site","shared":1,"links":0}},{"type":"Feature","geometry":{"type":"Point","coordinates":[10.205,46.774]},"properties":{"id":1927,"name":"Ardez","slug":"ardez","region":"Noricum","n":1,"date_min":-500,"date_max":-226,"lang":12,"langs":{"12":1},"alphabets":{"26":1},"parent":null,"level":"site","shared":1,"links":0}},{"type":"Feature","geometry":{"type":"Point","coordinates":[11.508,46.29]},"properties":{"id":1928,"name":"Tesero","slug":"tesero","region":"Venetia et Histria","n":1,"date_min":-500,"date_max":-376,"lang":12,"langs":{"12":1},"alphabets":{"26":1},"parent":null,"level":"site","shared":1,"links":0}},{"type":"Feature","geometry":{"type":"Point","coordinates":[10.847,47.354]},"properties":{"id":1929,"name":"Biberwier (Tirol)","slug":"biberwier-tirol","region":"Raetia","n":1,"date_min":-500,"date_max":-401,"lang":12,"langs":{"12":1},"alphabets":{"25":1},"parent":null,"level":"site","shared":1,"links":0}},{"type":"Feature","geometry":{"type":"Point","coordinates":[11.591,47.311]},"properties":{"id":1931,"name":"Fritzens (Tirol)","slug":"fritzens-tirol","region":"Noricum","n":1,"date_min":-125,"date_max":-1,"lang":12,"langs":{"12":1},"alphabets":{"25":1},"parent":null,"level":"site","shared":1,"links":0}},{"type":"Feature","geometry":{"type":"Point","coordinates":[11.464,47.26]},"properties":{"id":1932,"name":"Ampass (Tirol)","slug":"ampass-tirol","region":"Noricum","n":1,"date_min":-525,"date_max":-476,"lang":12,"langs":{"12":1},"alphabets":{"27":1},"parent":null,"level":"site","shared":1,"links":0}},{"type":"Feature","geometry":{"type":"Point","coordinates":[11.098,46.364]},"properties":{"id":1937,"name":"Tavòn","slug":"tavon","region":"Venetia et Histria","n":1,"date_min":-500,"date_max":-1,"lang":12,"langs":{"12":1},"alphabets":{"27":1},"parent":null,"level":"site","shared":1,"links":0}},{"type":"Feature","geometry":{"type":"Point","coordinates":[11.058,46.392]},"properties":{"id":1939,"name":"Revò","slug":"revo","region":"Venetia et Histria","n":1,"date_min":-525,"date_max":-1,"lang":12,"langs":{"12":1},"alphabets":{"25":1},"parent":null,"level":"site","shared":1,"links":0}},{"type":"Feature","geometry":{"type":"Point","coordinates":[11.064165,46.327846]},"properties":{"id":1940,"name":"Val di Non","slug":"val-di-non","region":"Venetia et Histria","n":1,"date_min":-500,"date_max":-201,"lang":12,"langs":{"12":1},"alphabets":{"26":1},"parent":null,"level":"site","shared":1,"links":0}},{"type":"Feature","geometry":{"type":"Point","coordinates":[11.881,45.401]},"properties":{"id":1943,"name":"Padova (Sant'Antonio)","slug":"padova-sant-antonio","region":"Venetia et Histria","n":1,"date_min":-600,"date_max":-401,"lang":12,"langs":{"12":1},"alphabets":{"25":1},"parent":null,"level":"site","shared":1,"links":0}},{"type":"Feature","geometry":{"type":"Point","coordinates":[11.887,46.793]},"properties":{"id":1944,"name":"Lothen (Burgkofel)","slug":"lothen-burgkofel","region":"Noricum","n":1,"date_min":-500,"date_max":-476,"lang":12,"langs":{"12":1},"alphabets":{"25":1},"parent":null,"level":"site","shared":1,"links":0}},{"type":"Feature","geometry":{"type":"Point","coordinates":[14.838,46.119]},"properties":{"id":1948,"name":"Va?e","slug":"va-e","region":"Pannonia Superior","n":1,"date_min":-450,"date_max":-26,"lang":12,"langs":{"12":1},"alphabets":{"25":1},"parent":null,"level":"site","shared":1,"links":0}},{"type":"Feature","geometry":{"type":"Point","coordinates":[10.559,46.679]},"properties":{"id":1956,"name":"Malles Venosta (Tartscher Bühel)","slug":"malles-venosta-tartscher-buhel","region":"Transpadana","n":1,"date_min":-300,"date_max":-1,"lang":12,"langs":{"12":1},"alphabets":{"27":1},"parent":null,"level":"site","shared":1,"links":0}},{"type":"Feature","geometry":{"type":"Point","coordinates":[10.885,45.447]},"properties":{"id":1960,"name":"Ca' dei Cavri","slug":"ca-dei-cavri","region":"Venetia et Histria","n":1,"date_min":-525,"date_max":-1,"lang":12,"langs":{"12":1},"alphabets":{"25":1},"parent":null,"level":"site","shared":1,"links":0}},{"type":"Feature","geometry":{"type":"Point","coordinates":[10.902,45.498]},"properties":{"id":1961,"name":"Castelrotto","slug":"castelrotto","region":"Venetia et Histria","n":1,"date_min":-100,"date_max":-1,"lang":12,"langs":{"12":1},"alphabets":{"25":1},"parent":null,"level":"site","shared":1,"links":0}},{"type":"Feature","geometry":{"type":"Point","coordinates":[11.453,47.131]},"properties":{"id":1963,"name":"Matrei am Brenner","slug":"matrei-am-brenner","region":"Noricum","n":1,"date_min":-500,"date_max":-301,"lang":12,"langs":{"12":1},"alphabets":{"25":1},"parent":null,"level":"site","shared":1,"links":0}},{"type":"Feature","geometry":{"type":"Point","coordinates":[11.434,46.893]},"properties":{"id":1964,"name":"Vipiteno","slug":"vipiteno","region":"Noricum","n":1,"date_min":-525,"date_max":-1,"lang":12,"langs":{"12":1},"alphabets":{"26":1},"parent":null,"level":"site","shared":1,"links":0}},{"type":"Feature","geometry":{"type":"Point","coordinates":[12.1002,41.9983]},"properties":{"id":1967,"name":"S Paolo","slug":"s-paolo","region":"Etruria Meridionale","n":0,"date_min":null,"date_max":null,"lang":null,"langs":{},"alphabets":{},"parent":null,"level":"site","shared":3,"links":0}},{"type":"Feature","geometry":{"type":"Point","coordinates":[11.7701,42.2497]},"properties":{"id":1968,"name":"Monterozzi","slug":"monterozzi","region":"Etruria Meridionale","n":0,"date_min":null,"date_max":null,"lang":null,"langs":{},"alphabets":{},"parent":null,"level":"site","shared":42,"links":0}}]}