stamp_id,site,province_label,longitude,latitude,amphora_type,stamp_code,chronology_in_default_model,range_start_year,range_end_year
33025,Padova,Italia,11.883333,45.416667,Dressel 6B,LAEK,1,-50,-1
40133,Brindisi,Italia,17.933333,40.633333,Brindisian amphora,DAMA,1,-125,-25
38126,Brindisi,Italia,17.933333,40.633333,Brindisian amphora,VEHILI,1,-125,-25
41090,Brindisi,Italia,17.933333,40.633333,Brindisian amphora,VEHILIANA,1,-125,-25
37504,Canale Giancola,Italia,17.85,40.683333,Brindisian amphora,VISELLI,1,-125,-25
39282,Brindisi,Italia,17.933333,40.633333,Brindisian amphora,APOLLONI,1,-125,-25
40680,Brindisi,Italia,17.933333,40.633333,Brindisian amphora,PILEMO,1,-125,-25
19481,Imperia,Italia,8.05,43.883333,Dressel 2-4 Catalan,CPF,1,-30,-1
36165,Ancona,Italia,13.5,43.633333,Lamboglia 2,CASTRA,1,-125,-25
35937,Canale Giancola,Italia,17.85,40.683333,Brindisian amphora,LMARCISATVR,1,-125,-25
33849,Albinia,Italia,11.25,42.5,Dressel 1C,ARS,1,-150,-1
18605,Îles Lavezzi,Corsica et Sardinia,9.254185,41.341096,Dressel 2-4 Catalan,VIC,1,-30,-1
35541,Canale Giancola,Italia,17.85,40.683333,Brindisian amphora,SCOPAS,1,-125,-25
41016,Brindisi,Italia,17.933333,40.633333,Brindisian amphora,ANINIANA,1,-125,-25
34621,Canale Giancola,Italia,17.85,40.683333,Brindisian amphora,APOLLONID,1,-125,-25
34627,Canale Giancola,Italia,17.85,40.683333,Brindisian amphora,APOLLONID,1,-125,-25
35220,Canale Giancola,Italia,17.85,40.683333,Brindisian amphora,HERMAISCI,1,-125,-25
40300,Brindisi,Italia,17.933333,40.633333,Brindisian amphora,GLAVCI,1,-125,-25
4756,Brindisi,Italia,17.933333,40.633333,Brindisian amphora,COTHPIX,1,-125,-25
34665,Canale Giancola,Italia,17.85,40.683333,Brindisian amphora,APOLLONID,1,-125,-25
35367,Canale Giancola,Italia,17.85,40.683333,Brindisian amphora,LVKAON,1,-125,-25
38008,Brindisi,Italia,17.933333,40.633333,Brindisian amphora,PVEBAL,1,-125,-25
28370,Ostia Antica,Italia,12.283333,41.75,Dressel 20,QIA,0,,
37280,Canale Giancola,Italia,17.85,40.683333,Brindisian amphora,DEMETRI,1,-125,-25
37239,Marciana,Italia,10.166667,42.783333,Amphora incerta,CPC,0,,
40521,Brindisi,Italia,17.933333,40.633333,Brindisian amphora,MENOPILVS,1,-125,-25
34319,Bolsena,Italia,11.983333,42.65,Amphora incerta,VTHPVLROG,0,,
32754,Padova,Italia,11.883333,45.416667,Dressel 6B,LAEHLAEKB,1,-50,-1
33793,Albinia,Italia,11.25,42.5,Amphora incerta,APEL,0,,
10553,Altino,Italia,12.393333,45.544444,Lamboglia 2,EPICA,1,-125,-25
25814,Ljubljana (Emona),Italia,14.514444,46.055278,Dressel 6B,CALCRISPINILLAE,1,-50,-1
40264,Brindisi,Italia,17.933333,40.633333,Brindisian amphora,HPAIOC,1,-125,-25
4819,Este,Italia,11.65,45.233333,Dressel 6B,HADAVG,1,-50,-1
34689,Canale Giancola,Italia,17.85,40.683333,Brindisian amphora,APOLONIDA,1,-125,-25
32634,Oderzo,Italia,12.488056,45.78,Dressel 6B,AMETHYSTI,1,-50,-1
32814,Padova,Italia,11.883333,45.416667,Dressel 6B,FEL,1,-50,-1
34240,Modena,Italia,10.9,44.5,Amphora incerta,LICI,0,,
33855,Albinia,Italia,11.25,42.5,Dressel 1C,ARS,1,-150,-1
37939,Brindisi,Italia,17.933333,40.633333,Brindisian amphora,NMACCIVSLFQ,1,-125,-25
36828,Vicenza,Italia,11.55,45.55,Dressel 6B,FELIXSCR,1,-50,-1
37606,Canale Giancola,Italia,17.85,40.683333,Brindisian amphora,LUKAON,1,-125,-25
26487,Ostia Antica,Italia,12.283333,41.75,Dressel 20,CAERARIA,0,,
26185,Porto Torres,Corsica et Sardinia,8.397222,40.835,Africana,TFPI,0,,
35412,Canale Giancola,Italia,17.85,40.683333,Brindisian amphora,POLEMON,1,-125,-25
37283,Canale Giancola,Italia,17.85,40.683333,Brindisian amphora,DEMETRI,1,-125,-25
29422,Ostia Antica,Italia,12.283333,41.75,Dressel 20,GRA,0,,
25324,Sardegna,Corsica et Sardinia,8.44,39.881944,Tegula,CPROMINVS,0,,
38396,Brindisi,Italia,17.933333,40.633333,Brindisian amphora,ANTIOCOS,1,-125,-25
9659,Padova,Italia,11.883333,45.416667,Amphora incerta,TEBDPARHA,0,,
40233,Brindisi,Italia,17.933333,40.633333,Brindisian amphora,EIKADIO,1,-125,-25
9654,Padova,Italia,11.883333,45.416667,Amphora incerta,PSEPVLLIPF,0,,
23324,Tortona,Italia,8.866667,44.9,Lamboglia 2,MENOMIINO,1,-125,-25
38393,Brindisi,Italia,17.933333,40.633333,Brindisian amphora,ANTIOCOS,1,-125,-25
38155,Brindisi,Italia,17.933333,40.633333,Brindisian amphora,VEHILI,1,-125,-25
3065,Ostia Antica,Italia,12.283333,41.75,Dressel 20,IICCLLM,0,,
4742,Brindisi,Italia,17.933333,40.633333,Brindisian amphora,POSIDONI,1,-125,-25
35858,Canale Giancola,Italia,17.85,40.683333,Brindisian amphora,DAZIO,1,-125,-25
26202,Ostia Antica,Italia,12.283333,41.75,Africana 2D Grande,BSCDLEPMI,0,,
36968,Erice,Sicilia,12.583333,38.033333,Amphora incerta,OTA,0,,
33971,Lodi Vecchio,Italia,9.4,45.3,Dressel 6B,CRISPINILI,1,-50,-1
25368,Vercelli,Italia,8.416667,45.316667,Dressel 20,CIB,0,,
40540,Brindisi,Italia,17.933333,40.633333,Brindisian amphora,MENOPILVS,1,-125,-25
40672,Brindisi,Italia,17.933333,40.633333,Brindisian amphora,PILEMO,1,-125,-25
32770,Padova,Italia,11.883333,45.416667,Dressel 6B,L,1,-50,-1
9818,Milano,Italia,9.2,45.466667,Lamboglia 2,SIANDAE,1,-125,-25
34894,Canale Giancola,Italia,17.85,40.683333,Brindisian amphora,ARCHELA,1,-125,-25
35373,Canale Giancola,Italia,17.85,40.683333,Brindisian amphora,LVKAON,1,-125,-25
34281,Pianoro,Italia,11.333333,44.366667,Amphora incerta,MSERRANI,0,,
9620,Padova,Italia,11.883333,45.416667,Dressel 6A,SEXIVLSEVER,1,-50,-1
35643,Canale Giancola,Italia,17.85,40.683333,Brindisian amphora,VISELLI,1,-125,-25
33845,Albinia,Italia,11.25,42.5,Dressel 1C,ARS,1,-150,-1
32702,Oderzo,Italia,12.488056,45.78,Amphora incerta,ATEIO,0,,
41070,Brindisi,Italia,17.933333,40.633333,Brindisian amphora,ANINIANA,1,-125,-25
35261,Canale Giancola,Italia,17.85,40.683333,Brindisian amphora,LVCAO,1,-125,-25
32693,Oderzo,Italia,12.488056,45.78,Dressel 6B,ATVS,1,-50,-1
39302,Brindisi,Italia,17.933333,40.633333,Brindisian amphora,APOLLONIMA,1,-125,-25
4655,Este,Italia,11.65,45.233333,Dressel 6A,THB,1,-50,-1
35679,Canale Giancola,Italia,17.85,40.683333,Brindisian amphora,VISELLI,1,-125,-25
38362,Brindisi,Italia,17.933333,40.633333,Brindisian amphora,VEHILI,1,-125,-25
25810,Ljubljana (Emona),Italia,14.514444,46.055278,Dressel 6B,HER,1,-50,-1
37768,Brindisi,Italia,17.933333,40.633333,Brindisian amphora,LANINI,1,-125,-25
40378,Brindisi,Italia,17.933333,40.633333,Brindisian amphora,LEONTISCVS,1,-125,-25
34330,Fiesole,Italia,11.283333,43.8,Amphora incerta,EPITAISTONBPOTIDTATAGPITANIOY,0,,
37947,Brindisi,Italia,17.933333,40.633333,Brindisian amphora,QOBVLTRON,1,-125,-25
35466,Canale Giancola,Italia,17.85,40.683333,Brindisian amphora,SCOPAS,1,-125,-25
38162,Brindisi,Italia,17.933333,40.633333,Brindisian amphora,VEHILI,1,-125,-25
41069,Brindisi,Italia,17.933333,40.633333,Brindisian amphora,ANINIANA,1,-125,-25
28342,Ostia Antica,Italia,12.283333,41.75,Dressel 20,IICCLLM,0,,
40966,Brindisi,Italia,17.933333,40.633333,Brindisian amphora,ANINIANA,1,-125,-25
40397,Brindisi,Italia,17.933333,40.633333,Brindisian amphora,LEONTISCVS,1,-125,-25
38340,Brindisi,Italia,17.933333,40.633333,Brindisian amphora,VEHILI,1,-125,-25
26149,Brindisi,Italia,17.933333,40.633333,Brindisian amphora,MFA,1,-125,-25
40728,Brindisi,Italia,17.933333,40.633333,Brindisian amphora,PTOLEMAE,1,-125,-25
40159,Taranto,Italia,17.229722,40.476111,Lamboglia 2,APOLONI,1,-125,-25
35693,Canale Giancola,Italia,17.85,40.683333,Brindisian amphora,VISELLI,1,-125,-25
35993,Canale Giancola,Italia,17.85,40.683333,Brindisian amphora,CNPETROSOSTR,1,-125,-25
40452,Brindisi,Italia,17.933333,40.633333,Brindisian amphora,MENECRATES,1,-125,-25
40972,Brindisi,Italia,17.933333,40.633333,Brindisian amphora,ANINIANA,1,-125,-25
16578,Lipari,Sicilia,14.933333,38.483333,Richborough 527,VB,0,,
36735,Padova,Italia,11.883333,45.416667,Dressel 6B,IALIS,1,-50,-1
40338,Brindisi,Italia,17.933333,40.633333,Brindisian amphora,HERMOGE,1,-125,-25
35642,Canale Giancola,Italia,17.85,40.683333,Brindisian amphora,VISELLI,1,-125,-25
25361,Vercelli,Italia,8.416667,45.316667,Dressel 6B,COLONI,1,-50,-1
40964,Brindisi,Italia,17.933333,40.633333,Brindisian amphora,ANINIANA,1,-125,-25
37936,Brindisi,Italia,17.933333,40.633333,Brindisian amphora,NMACCIVSLFQ,1,-125,-25
35998,Canale Giancola,Italia,17.85,40.683333,Brindisian amphora,CNPETROSOSTR,1,-125,-25
35842,Canale Giancola,Italia,17.85,40.683333,Brindisian amphora,DAZIO,1,-125,-25
18656,Îles Perduto,Corsica et Sardinia,9.305129,41.369872,Dressel 2-4 Catalan,CISSI,1,-30,-1
38310,Brindisi,Italia,17.933333,40.633333,Brindisian amphora,VEHILI,1,-125,-25
40154,Brindisi,Italia,17.933333,40.633333,Brindisian amphora,DAMAS,1,-125,-25
37499,Canale Giancola,Italia,17.85,40.683333,Brindisian amphora,VISELLI,1,-125,-25
38294,Brindisi,Italia,17.933333,40.633333,Brindisian amphora,VEHILI,1,-125,-25
34830,Canale Giancola,Italia,17.85,40.683333,Brindisian amphora,APOLONI,1,-125,-25
37310,Canale Giancola,Italia,17.85,40.683333,Brindisian amphora,EPIGENVS,1,-125,-25
36178,Ancona,Italia,13.5,43.633333,Lamboglia 2,MENOP,1,-125,-25
36783,Vicenza,Italia,11.55,45.55,Dressel 6B,APICI,1,-50,-1
8601,Pisa,Italia,10.383333,43.716667,Dressel 6A,LSALVI,1,-50,-1
13847,Carlino,Italia,13.188056,45.802222,Dressel 6A,LTARVF,1,-50,-1
40388,Brindisi,Italia,17.933333,40.633333,Brindisian amphora,LEONTISCVS,1,-125,-25
9778,Milano,Italia,9.2,45.466667,Lamboglia 2,LTAR,1,-125,-25
38105,Brindisi,Italia,17.933333,40.633333,Brindisian amphora,VEHILI,1,-125,-25
25349,Vercelli,Italia,8.416667,45.316667,Dressel 6A,THB,1,-50,-1
25480,Capalbio,Italia,11.416667,42.45,Dressel 1A,NE,1,-150,-1
41085,Brindisi,Italia,17.933333,40.633333,Brindisian amphora,ANINIANA,1,-125,-25
37321,Canale Giancola,Italia,17.85,40.683333,Brindisian amphora,LIBO,1,-125,-25
32637,Oderzo,Italia,12.488056,45.78,Dressel 6B,CLB,1,-50,-1
38354,Brindisi,Italia,17.933333,40.633333,Brindisian amphora,VEHILI,1,-125,-25
26286,Monaco,Italia,7.4252,43.735208,Africana 2A Grande,VIC,0,,
35347,Canale Giancola,Italia,17.85,40.683333,Brindisian amphora,LVKAON,1,-125,-25
32678,Oderzo,Italia,12.488056,45.78,Dressel 6B,PQSCAPVLAE,1,-50,-1
29461,Ostia Antica,Italia,12.283333,41.75,Dressel 20,QSP,0,,
34550,Canale Giancola,Italia,17.85,40.683333,Brindisian amphora,APELLAE,1,-125,-25
40274,Brindisi,Italia,17.933333,40.633333,Brindisian amphora,HPAIOC,1,-125,-25
40336,Brindisi,Italia,17.933333,40.633333,Brindisian amphora,HERMOGE,1,-125,-25
35185,Canale Giancola,Italia,17.85,40.683333,Brindisian amphora,HERMAISCI,1,-125,-25
9647,Padova,Italia,11.883333,45.416667,Amphora incerta,SYNT,0,,
38161,Brindisi,Italia,17.933333,40.633333,Brindisian amphora,VEHILI,1,-125,-25
38168,Brindisi,Italia,17.933333,40.633333,Brindisian amphora,VEHILI,1,-125,-25
4854,Villetelle,Italia,6.883333,44.066667,Gauloise 1,LAET,0,,
40107,Brindisi,Italia,17.933333,40.633333,Brindisian amphora,CTESO,1,-125,-25
29674,Ostia Antica,Italia,12.283333,41.75,Dressel 20,VRS,0,,
38475,Brindisi,Italia,17.933333,40.633333,Brindisian amphora,APELAES,1,-125,-25
25302,Sardegna,Corsica et Sardinia,8.44,39.881944,Amphora incerta,HE,0,,
37679,Brindisi,Italia,17.933333,40.633333,Brindisian amphora,CANINI,1,-125,-25
35177,Canale Giancola,Italia,17.85,40.683333,Brindisian amphora,DIOCLEI,1,-125,-25
33886,Albinia,Italia,11.25,42.5,Dressel 1C,DAS,1,-150,-1
13846,Marano Lagunare,Italia,13.169167,45.766389,Lamboglia 2,NICIA,1,-125,-25
36200,Ancona,Italia,13.5,43.633333,Lamboglia 2,F,1,-125,-25
40909,Brindisi,Italia,17.933333,40.633333,Brindisian amphora,TARVLAESVLLAEL,1,-125,-25
25484,Capalbio,Italia,11.416667,42.45,Dolium,FACTCOSAE,0,,
38389,Brindisi,Italia,17.933333,40.633333,Brindisian amphora,ALEXAN,1,-125,-25
20357,Ostia Antica,Italia,12.283333,41.75,Amphora incerta,ES,0,,
41022,Brindisi,Italia,17.933333,40.633333,Brindisian amphora,ANINIANA,1,-125,-25
41009,Brindisi,Italia,17.933333,40.633333,Brindisian amphora,ANINIANA,1,-125,-25
20321,Ostia Antica,Italia,12.283333,41.75,Africana,CI,0,,
40522,Brindisi,Italia,17.933333,40.633333,Brindisian amphora,MENOPILVS,1,-125,-25
38250,Brindisi,Italia,17.933333,40.633333,Brindisian amphora,VEHILI,1,-125,-25
34713,Canale Giancola,Italia,17.85,40.683333,Brindisian amphora,APOLONIDA,1,-125,-25
32774,Padova,Italia,11.883333,45.416667,Dressel 6B,VRBA,1,-50,-1
35350,Canale Giancola,Italia,17.85,40.683333,Brindisian amphora,LVKAON,1,-125,-25
37358,Canale Giancola,Italia,17.85,40.683333,Brindisian amphora,PTOLEMAEI,1,-125,-25
40853,Brindisi,Italia,17.933333,40.633333,Brindisian amphora,SOTERICO,1,-125,-25
40293,Brindisi,Italia,17.933333,40.633333,Brindisian amphora,EVTVCHI,1,-125,-25
20388,Tortona,Italia,8.866667,44.9,Amphora incerta,HDD,0,,
32309,Padova,Italia,11.883333,45.416667,Dressel 6B,FELICIO,1,-50,-1
40532,Brindisi,Italia,17.933333,40.633333,Brindisian amphora,MENOPILVS,1,-125,-25
10509,Altino,Italia,12.393333,45.544444,Dressel ante 6B,PQSCAPVLAE,0,,
34227,Reggio Emilia,Italia,10.616667,44.616667,Amphora incerta,MHERPICEN,0,,
34159,Provincia di Parma,Italia,10.083333,44.7,Amphora incerta,CAERCAEK,0,,
38372,Brindisi,Italia,17.933333,40.633333,Brindisian amphora,VEHILI,1,-125,-25
33024,Padova,Italia,11.883333,45.416667,Dressel 6B,CLAEK,1,-50,-1
20348,Ostia Antica,Italia,12.283333,41.75,Dressel 20,PCHO,0,,
35903,Canale Giancola,Italia,17.85,40.683333,Brindisian amphora,LMARCISATVR,1,-125,-25
40778,Brindisi,Italia,17.933333,40.633333,Brindisian amphora,PIILADE,1,-125,-25
38404,Brindisi,Italia,17.933333,40.633333,Brindisian amphora,APEICAE,1,-125,-25
18555,Île Cavallo,Corsica et Sardinia,9.262903,41.368374,Dressel 2-4 Catalan,PTE,1,-30,-1
40643,Brindisi,Italia,17.933333,40.633333,Brindisian amphora,PHILEMONOS,1,-125,-25
33052,Padova,Italia,11.883333,45.416667,Dressel 6B,PAGANI,1,-50,-1
32830,Padova,Italia,11.883333,45.416667,Dressel 6B,VARIPACCI,1,-50,-1
34186,Modena,Italia,10.9,44.5,Amphora incerta,AVCTVSBARF,0,,
9825,Cremona,Italia,10.033333,45.116667,Lamboglia 2,ALI,1,-125,-25
35920,Canale Giancola,Italia,17.85,40.683333,Brindisian amphora,LMARCISATVR,1,-125,-25
35061,Canale Giancola,Italia,17.85,40.683333,Brindisian amphora,DIOCLES,1,-125,-25
18580,Îles Lavezzi,Corsica et Sardinia,9.254185,41.341096,Dressel 2-4 Catalan,VIC,1,-30,-1
9678,Padova,Italia,11.883333,45.416667,Amphora incerta,ICOST,0,,
40237,Brindisi,Italia,17.933333,40.633333,Brindisian amphora,EIKADIO,1,-125,-25
35365,Canale Giancola,Italia,17.85,40.683333,Brindisian amphora,LVKAON,1,-125,-25
35551,Canale Giancola,Italia,17.85,40.683333,Brindisian amphora,SCOPAS,1,-125,-25
36976,Trapani,Sicilia,12.483333,38.016667,Amphora incerta,VPIIVS,0,,
36198,Ancona,Italia,13.5,43.633333,Lamboglia 2,GEN,1,-125,-25
10547,Altino,Italia,12.393333,45.544444,Dressel 6A,SAFINIAEPICE,1,-50,-1
38217,Brindisi,Italia,17.933333,40.633333,Brindisian amphora,VEHILI,1,-125,-25
35195,Canale Giancola,Italia,17.85,40.683333,Brindisian amphora,HERMAISCI,1,-125,-25
39959,Ostia Antica,Italia,12.283333,41.75,Amphora incerta,MATVRI,0,,
9625,Padova,Italia,11.883333,45.416667,Dressel 6A,SAFPIC,1,-50,-1
28231,Ostia Antica,Italia,12.283333,41.75,Dressel 20,PNN,0,,
25319,Sardegna,Corsica et Sardinia,8.44,39.881944,Dolium,SVBSVB,0,,
7215,Ostia Antica,Italia,12.283333,41.75,Dressel 20,FELICIS,0,,
40696,Brindisi,Italia,17.933333,40.633333,Brindisian amphora,PHILONICAPPVLEI,1,-125,-25
35747,Canale Giancola,Italia,17.85,40.683333,Brindisian amphora,VISELLI,1,-125,-25
38151,Brindisi,Italia,17.933333,40.633333,Brindisian amphora,VEHILI,1,-125,-25
37736,Brindisi,Italia,17.933333,40.633333,Brindisian amphora,CANINI,1,-125,-25
34221,Modena,Italia,10.9,44.5,Amphora incerta,THB,0,,
40711,Brindisi,Italia,17.933333,40.633333,Brindisian amphora,POSIDONI,1,-125,-25
38289,Brindisi,Italia,17.933333,40.633333,Brindisian amphora,VEHILI,1,-125,-25
9767,Calvatone,Italia,10.433333,45.116667,Lamboglia 2,GENTIVS,1,-125,-25
32625,Oderzo,Italia,12.488056,45.78,Dressel 6B,FELICIO,1,-50,-1
36839,Vicenza,Italia,11.55,45.55,Dressel 6B,LAEK,1,-50,-1
40824,Brindisi,Italia,17.933333,40.633333,Brindisian amphora,SOTERICSOTERIX,1,-125,-25
38451,Brindisi,Italia,17.933333,40.633333,Brindisian amphora,APELAES,1,-125,-25
36839,Vicenza,Italia,11.55,45.55,Dressel 6B,L,1,-50,-1
33939,Albinia,Italia,11.25,42.5,Dressel 1C,L,1,-150,-1
34205,Grosseto,Italia,11.25,42.833333,Amphora incerta,EXFDECENTI,0,,
35256,Canale Giancola,Italia,17.85,40.683333,Brindisian amphora,LVCAO,1,-125,-25
40912,Brindisi,Italia,17.933333,40.633333,Brindisian amphora,TARVLAESVLLAEL,1,-125,-25
37442,Canale Giancola,Italia,17.85,40.683333,Brindisian amphora,VISELLI,1,-125,-25
40624,Brindisi,Italia,17.933333,40.633333,Brindisian amphora,PERDICAS,1,-125,-25
32771,Padova,Italia,11.883333,45.416667,Dressel 6B,LAEK,1,-50,-1
25079,Aquileia,Italia,13.368333,45.770278,Lamboglia 2,PERO,1,-125,-25
34355,Malcantone,Italia,11.133333,45.016667,Operculum,CAESARE,0,,
38195,Brindisi,Italia,17.933333,40.633333,Brindisian amphora,VEHILI,1,-125,-25
9807,Milano,Italia,9.2,45.466667,Lamboglia 2,PROTE,1,-125,-25
35391,Canale Giancola,Italia,17.85,40.683333,Brindisian amphora,LVKAON,1,-125,-25
41010,Brindisi,Italia,17.933333,40.633333,Brindisian amphora,ANINIANA,1,-125,-25
32812,Padova,Italia,11.883333,45.416667,Dressel 6B,COSTINI,1,-50,-1
34775,Canale Giancola,Italia,17.85,40.683333,Brindisian amphora,APOLLONIDES,1,-125,-25
34107,Fermo,Italia,13.716667,43.15,Lamboglia 2,LSALVI,1,-125,-25
25409,Cosa,Italia,12.896389,46.057778,Dressel 1A,ANCORA,1,-150,-1
33030,Padova,Italia,11.883333,45.416667,Dressel 6B,CAEKBAS,1,-50,-1
20288,Ostia Antica,Italia,12.283333,41.75,Amphora incerta,CAVIF,0,,
1782,Ostia Antica,Italia,12.283333,41.75,Dressel 20,CAMILIMELISSI,0,,
34164,Villanova,Italia,11.983333,44.25,Amphora incerta,ALEXA,0,,
35562,Canale Giancola,Italia,17.85,40.683333,Brindisian amphora,SCOPA,1,-125,-25
9605,Padova,Italia,11.883333,45.416667,Dressel 6A,LNF,1,-50,-1
40440,Brindisi,Italia,17.933333,40.633333,Brindisian amphora,MENAI,1,-125,-25
35889,Canale Giancola,Italia,17.85,40.683333,Brindisian amphora,PAMPVDICOM,1,-125,-25
37913,Brindisi,Italia,17.933333,40.633333,Brindisian amphora,LLVCI,1,-125,-25
36737,Padova,Italia,11.883333,45.416667,Dressel 6B,PIERI,1,-50,-1
38428,Brindisi,Italia,17.933333,40.633333,Brindisian amphora,APELAES,1,-125,-25
40702,Brindisi,Italia,17.933333,40.633333,Brindisian amphora,PHILONICAPPVLEI,1,-125,-25
28523,Ostia Antica,Italia,12.283333,41.75,Dressel 20,OPTATI,0,,
40699,Brindisi,Italia,17.933333,40.633333,Brindisian amphora,PHILONICAPPVLEI,1,-125,-25
35431,Canale Giancola,Italia,17.85,40.683333,Brindisian amphora,SCOPAS,1,-125,-25
40763,Brindisi,Italia,17.933333,40.633333,Brindisian amphora,PTOLEMAE,1,-125,-25
40352,Brindisi,Italia,17.933333,40.633333,Brindisian amphora,KEPHALONOSKEFALONOS,1,-125,-25
34649,Canale Giancola,Italia,17.85,40.683333,Brindisian amphora,APOLLONID,1,-125,-25
19480,Imperia,Italia,8.05,43.883333,Dressel 2-4 Catalan,RIM,1,-30,-1
4654,Este,Italia,11.65,45.233333,Dressel 6A,THB,1,-50,-1
26480,Ostia Antica,Italia,12.283333,41.75,Dressel 20,FICEP,0,,
37561,Canale Giancola,Italia,17.85,40.683333,Brindisian amphora,VISELLI,1,-125,-25
37979,Brindisi,Italia,17.933333,40.633333,Brindisian amphora,LPVBLILI,1,-125,-25
35439,Canale Giancola,Italia,17.85,40.683333,Brindisian amphora,SCOPAS,1,-125,-25
34583,Canale Giancola,Italia,17.85,40.683333,Brindisian amphora,APELLAE,1,-125,-25
34750,Canale Giancola,Italia,17.85,40.683333,Brindisian amphora,APOLONIDA,1,-125,-25
41083,Brindisi,Italia,17.933333,40.633333,Brindisian amphora,ANINIANA,1,-125,-25
28224,Ostia Antica,Italia,12.283333,41.75,Dressel 20,PNN,0,,
28233,Ostia Antica,Italia,12.283333,41.75,Dressel 20,PNN,0,,
33122,Erice,Sicilia,12.583333,38.033333,Greco-Itálica,LVESCEI,1,-400,-100
37277,Canale Giancola,Italia,17.85,40.683333,Brindisian amphora,DEMETRI,1,-125,-25
37789,Brindisi,Italia,17.933333,40.633333,Brindisian amphora,APPVLEI,1,-125,-25
28169,Ostia Antica,Italia,12.283333,41.75,Dressel 20,POPVLI,0,,
26467,Ostia Antica,Italia,12.283333,41.75,Dressel 20,CAS,0,,
26358,Cosa,Italia,12.896389,46.057778,Africana 1A pic.,PAS,0,,
35193,Canale Giancola,Italia,17.85,40.683333,Brindisian amphora,HERMAISCI,1,-125,-25
35236,Canale Giancola,Italia,17.85,40.683333,Brindisian amphora,LIBO,1,-125,-25
38073,Brindisi,Italia,17.933333,40.633333,Brindisian amphora,VEHIL,1,-125,-25
35008,Canale Giancola,Italia,17.85,40.683333,Brindisian amphora,DEMETRI,1,-125,-25
40260,Brindisi,Italia,17.933333,40.633333,Brindisian amphora,HPAIOC,1,-125,-25
33737,Sermide,Italia,11.366667,45.0,Amphora incerta,PAPIANI,0,,
35619,Canale Giancola,Italia,17.85,40.683333,Brindisian amphora,VISELLI,1,-125,-25
40589,Brindisi,Italia,17.933333,40.633333,Brindisian amphora,NOYMHNIO,1,-125,-25
32772,Padova,Italia,11.883333,45.416667,Dressel 6B,SPERA,1,-50,-1
32587,Oderzo,Italia,12.488056,45.78,Dressel 6A,COSSII,1,-50,-1
39260,Brindisi,Italia,17.933333,40.633333,Brindisian amphora,APLONI,1,-125,-25
20323,Ostia Antica,Italia,12.283333,41.75,Dressel 30 - Keay 1B,EXOIVLIHONORPMCTVB,0,,
37818,Brindisi,Italia,17.933333,40.633333,Brindisian amphora,APPVLEI,1,-125,-25
37847,Brindisi,Italia,17.933333,40.633333,Brindisian amphora,PCLAVDIVSNQ,1,-125,-25
37987,Brindisi,Italia,17.933333,40.633333,Brindisian amphora,MRVDI,1,-125,-25
35540,Canale Giancola,Italia,17.85,40.683333,Brindisian amphora,SCOPAS,1,-125,-25
35368,Canale Giancola,Italia,17.85,40.683333,Brindisian amphora,LVKAON,1,-125,-25
26223,Ostia Antica,Italia,12.283333,41.75,Africana 2D Grande,HCVINSEC,0,,
36774,Vicenza,Italia,11.55,45.55,Dressel 6A,ILEGIBILE,1,-50,-1
37033,Parenzo (Porec),Italia,13.593889,45.225833,Amphora incerta,AELICRIS,0,,
32891,Padova,Italia,11.883333,45.416667,Dressel 6A,CLODCF,1,-50,-1
33804,Albinia,Italia,11.25,42.5,Amphora incerta,ARME,0,,
35652,Canale Giancola,Italia,17.85,40.683333,Brindisian amphora,VISELLI,1,-125,-25
35565,Canale Giancola,Italia,17.85,40.683333,Brindisian amphora,SCOPA,1,-125,-25
34595,Canale Giancola,Italia,17.85,40.683333,Brindisian amphora,APELLAE,1,-125,-25
38124,Brindisi,Italia,17.933333,40.633333,Brindisian amphora,VEHILI,1,-125,-25
18583,Îles Lavezzi,Corsica et Sardinia,9.254185,41.341096,Dressel 2-4 Catalan,NICI,1,-30,-1
35988,Canale Giancola,Italia,17.85,40.683333,Brindisian amphora,CNPETROSOSTR,1,-125,-25
34735,Canale Giancola,Italia,17.85,40.683333,Brindisian amphora,APOLONIDA,1,-125,-25
35210,Canale Giancola,Italia,17.85,40.683333,Brindisian amphora,HERMAISCI,1,-125,-25
40240,Brindisi,Italia,17.933333,40.633333,Brindisian amphora,EIKADIO,1,-125,-25
4841,Vibo Valentia,Italia,16.1,38.666667,Brindisian amphora,CIVLIBRVNDIS,1,-125,-25
9795,Milano,Italia,9.2,45.466667,Lamboglia 2,MENO,1,-125,-25
40146,Brindisi,Italia,17.933333,40.633333,Brindisian amphora,DAMAS,1,-125,-25
40750,Brindisi,Italia,17.933333,40.633333,Brindisian amphora,PTOLEMAE,1,-125,-25
40511,Brindisi,Italia,17.933333,40.633333,Brindisian amphora,MENECRATES,1,-125,-25
29301,Ostia Antica,Italia,12.283333,41.75,Dressel 20,LFC,0,,
32792,Padova,Italia,11.883333,45.416667,Dressel 6A,A,1,-50,-1
26387,Ljubljana (Emona),Italia,14.514444,46.055278,Dressel 6B,FI,1,-50,-1
37761,Brindisi,Italia,17.933333,40.633333,Brindisian amphora,LANINIVS,1,-125,-25
37429,Canale Giancola,Italia,17.85,40.683333,Brindisian amphora,VISELLI,1,-125,-25
37960,Brindisi,Italia,17.933333,40.633333,Brindisian amphora,QOBVLTRON,1,-125,-25
38371,Brindisi,Italia,17.933333,40.633333,Brindisian amphora,VEHILI,1,-125,-25
40075,Brindisi,Italia,17.933333,40.633333,Brindisian amphora,BATON,1,-125,-25
41041,Brindisi,Italia,17.933333,40.633333,Brindisian amphora,ANINIANA,1,-125,-25
33095,Erice,Sicilia,12.583333,38.033333,Greco-Itálica,TRLOISIO,1,-400,-100
34988,Canale Giancola,Italia,17.85,40.683333,Brindisian amphora,DAEDALI,1,-125,-25
32597,Oderzo,Italia,12.488056,45.78,Dressel 6A,LLPOMPVSIORVM,1,-50,-1
39207,Brindisi,Italia,17.933333,40.633333,Brindisian amphora,APOLONI,1,-125,-25
32452,Pegognaga,Italia,10.85,45.0,Dressel 6B,CLYMEN,1,-50,-1
35070,Canale Giancola,Italia,17.85,40.683333,Brindisian amphora,DIOCLES,1,-125,-25
33816,Albinia,Italia,11.25,42.5,Dressel 1,MAHE,1,-150,-1
35372,Canale Giancola,Italia,17.85,40.683333,Brindisian amphora,LVKAON,1,-125,-25
32750,Este,Italia,11.65,45.233333,Dressel 6B,LAEKA,1,-50,-1
21093,Tortona,Italia,8.866667,44.9,Dressel 20,LQS,0,,
36960,Trapani,Sicilia,12.483333,38.016667,Amphora incerta,LVESGEI,0,,
26279,Ostia Antica,Italia,12.283333,41.75,Africana 2,ASYILFELIC,0,,
37258,Canale Giancola,Italia,17.85,40.683333,Brindisian amphora,CARITON,1,-125,-25
38117,Brindisi,Italia,17.933333,40.633333,Brindisian amphora,VEHILI,1,-125,-25
40393,Brindisi,Italia,17.933333,40.633333,Brindisian amphora,LEONTISCVS,1,-125,-25
9768,Milano,Italia,9.2,45.466667,Lamboglia 2,HERENNIA,1,-125,-25
35621,Canale Giancola,Italia,17.85,40.683333,Brindisian amphora,VISELLI,1,-125,-25
37270,Canale Giancola,Italia,17.85,40.683333,Brindisian amphora,CHARITON,1,-125,-25
37452,Canale Giancola,Italia,17.85,40.683333,Brindisian amphora,VISELLI,1,-125,-25
25800,Ostia Antica,Italia,12.283333,41.75,Dressel 20,GAVFL,0,,
38422,Brindisi,Italia,17.933333,40.633333,Brindisian amphora,APELLES,1,-125,-25
40402,Brindisi,Italia,17.933333,40.633333,Brindisian amphora,LEONTISCVS,1,-125,-25
25358,Vercelli,Italia,8.416667,45.316667,Dressel 6B,IMP,1,-50,-1
39259,Brindisi,Italia,17.933333,40.633333,Brindisian amphora,APLONI,1,-125,-25
38401,Brindisi,Italia,17.933333,40.633333,Brindisian amphora,ANTIOCOS,1,-125,-25
38205,Brindisi,Italia,17.933333,40.633333,Brindisian amphora,VEHILI,1,-125,-25
40967,Brindisi,Italia,17.933333,40.633333,Brindisian amphora,ANINIANA,1,-125,-25
34533,Canale Giancola,Italia,17.85,40.683333,Brindisian amphora,ANDRONICI,1,-125,-25
40547,Brindisi,Italia,17.933333,40.633333,Brindisian amphora,MENOPILVS,1,-125,-25
37581,Canale Giancola,Italia,17.85,40.683333,Brindisian amphora,DEMETRI,1,-125,-25
25313,Sardegna,Corsica et Sardinia,8.44,39.881944,Dressel 20,MIMOPSI,0,,
9630,Padova,Italia,11.883333,45.416667,Dressel 6B,NOC,1,-50,-1
34907,Canale Giancola,Italia,17.85,40.683333,Brindisian amphora,ARCHELA,1,-125,-25
35707,Canale Giancola,Italia,17.85,40.683333,Brindisian amphora,VISELLI,1,-125,-25
38018,Brindisi,Italia,17.933333,40.633333,Brindisian amphora,CVEHILI,1,-125,-25
40808,Brindisi,Italia,17.933333,40.633333,Brindisian amphora,SOC,1,-125,-25
10586,Altino,Italia,12.393333,45.544444,Dressel 21-22,OPPSERVAEPFQVIART,0,,
40477,Brindisi,Italia,17.933333,40.633333,Brindisian amphora,MENECRATES,1,-125,-25
40135,Brindisi,Italia,17.933333,40.633333,Brindisian amphora,DAMA,1,-125,-25
9575,Padova,Italia,11.883333,45.416667,Lamboglia 2,SARA,1,-125,-25
25702,Ostia Antica,Italia,12.283333,41.75,Dressel 20,ACIRGI,0,,
38448,Brindisi,Italia,17.933333,40.633333,Brindisian amphora,APELAES,1,-125,-25
40645,Brindisi,Italia,17.933333,40.633333,Brindisian amphora,PHILEMONOS,1,-125,-25
40524,Brindisi,Italia,17.933333,40.633333,Brindisian amphora,MENOPILVS,1,-125,-25
34324,Orbetello,Italia,11.216667,42.45,Amphora incerta,KF,0,,
38015,Brindisi,Italia,17.933333,40.633333,Brindisian amphora,CVEHILICF,1,-125,-25
40312,Brindisi,Italia,17.933333,40.633333,Brindisian amphora,GORGIA,1,-125,-25
25752,Ostia Antica,Italia,12.283333,41.75,Dressel 20,CANTONIQVIETI,0,,
35399,Canale Giancola,Italia,17.85,40.683333,Brindisian amphora,MENOPHIL,1,-125,-25
37495,Canale Giancola,Italia,17.85,40.683333,Brindisian amphora,VISELLI,1,-125,-25
37307,Canale Giancola,Italia,17.85,40.683333,Brindisian amphora,EPIGENVS,1,-125,-25
35947,Canale Giancola,Italia,17.85,40.683333,Brindisian amphora,CNPE,1,-125,-25
33900,Albinia,Italia,11.25,42.5,Dressel 1C,DIS,1,-150,-1
40416,Brindisi,Italia,17.933333,40.633333,Brindisian amphora,LVCRIOAPPVLEI,1,-125,-25
34289,Modena,Italia,10.9,44.5,Amphora incerta,VARIPACCI,0,,
20307,Ostia Antica,Italia,12.283333,41.75,Africana,OO,0,,
32833,Padova,Italia,11.883333,45.416667,Dressel 6B,VARIPACCI,1,-50,-1
9718,Milano,Italia,9.2,45.466667,Lamboglia 2,AGATO,1,-125,-25
37968,Brindisi,Italia,17.933333,40.633333,Brindisian amphora,QOBVRON,1,-125,-25
29220,Ostia Antica,Italia,12.283333,41.75,Dressel 20,ANCORA,0,,
34607,Canale Giancola,Italia,17.85,40.683333,Brindisian amphora,APELLESAEH,1,-125,-25
37878,Brindisi,Italia,17.933333,40.633333,Brindisian amphora,MEXSONI,1,-125,-25
40976,Brindisi,Italia,17.933333,40.633333,Brindisian amphora,ANINIANA,1,-125,-25
36781,Vicenza,Italia,11.55,45.55,Dressel 6B,APICI,1,-50,-1
27081,Ostia Antica,Italia,12.283333,41.75,Dressel 20,L,0,,
33922,Albinia,Italia,11.25,42.5,Dressel 1C,D,1,-150,-1
36920,Pompeya,Italia,14.483333,40.75,Amphora incerta,DAM,0,,
33914,Albinia,Italia,11.25,42.5,Dressel 1C,FALE,1,-150,-1
27078,Ostia Antica,Italia,12.283333,41.75,Dressel 20,QAELIOPTATI,0,,
34559,Canale Giancola,Italia,17.85,40.683333,Brindisian amphora,APELLAE,1,-125,-25
37718,Brindisi,Italia,17.933333,40.633333,Brindisian amphora,CANINI,1,-125,-25
35213,Canale Giancola,Italia,17.85,40.683333,Brindisian amphora,HERMAISCI,1,-125,-25
37937,Brindisi,Italia,17.933333,40.633333,Brindisian amphora,NMACCIVSLFQ,1,-125,-25
36970,Sardegna,Corsica et Sardinia,9.516667,40.916667,Amphora incerta,LARTPETI,0,,
34672,Canale Giancola,Italia,17.85,40.683333,Brindisian amphora,APOLLONID,1,-125,-25
25351,Vercelli,Italia,8.416667,45.316667,Dressel 6A,CIVILPOLY,1,-50,-1
26585,Ostia Antica,Italia,12.283333,41.75,Dressel 2-4 Catalan,NP,1,-30,-1
20384,Tortona,Italia,8.866667,44.9,Amphora incerta,LVD,0,,
40166,Brindisi,Italia,17.933333,40.633333,Brindisian amphora,DASI,1,-125,-25
37016,Reggio Emilia,Italia,10.616667,44.616667,Amphora incerta,AEC,0,,
41089,Brindisi,Italia,17.933333,40.633333,Brindisian amphora,VEHILIANA,1,-125,-25
37836,Brindisi,Italia,17.933333,40.633333,Brindisian amphora,PCLAVDIVSPNQ,1,-125,-25
5133,Ostia Antica,Italia,12.283333,41.75,Africana 1B pic.,NAVIG,0,,
35785,Canale Giancola,Italia,17.85,40.683333,Brindisian amphora,VISELLI,1,-125,-25
4815,Canosa,Italia,16.066667,41.216667,Dressel 2-4,LATTALVSF,1,-30,-1
35555,Canale Giancola,Italia,17.85,40.683333,Brindisian amphora,SCOPAS,1,-125,-25
40633,Brindisi,Italia,17.933333,40.633333,Brindisian amphora,PERDICAS,1,-125,-25
37822,Brindisi,Italia,17.933333,40.633333,Brindisian amphora,CNAVDI,1,-125,-25
40608,Brindisi,Italia,17.933333,40.633333,Brindisian amphora,PERDICAS,1,-125,-25
35687,Canale Giancola,Italia,17.85,40.683333,Brindisian amphora,VISELLI,1,-125,-25
37728,Brindisi,Italia,17.933333,40.633333,Brindisian amphora,CANINI,1,-125,-25
40973,Brindisi,Italia,17.933333,40.633333,Brindisian amphora,ANINIANA,1,-125,-25
28140,Ostia Antica,Italia,12.283333,41.75,Dressel 20,FPAT,0,,
9312,Este,Italia,11.65,45.233333,Dressel 6B,CLAEB,1,-50,-1
28517,Ostia Antica,Italia,12.283333,41.75,Dressel 20,POROCODV,0,,
37998,Brindisi,Italia,17.933333,40.633333,Brindisian amphora,PVEBAL,1,-125,-25
33854,Albinia,Italia,11.25,42.5,Dressel 1C,ARS,1,-150,-1
37605,Canale Giancola,Italia,17.85,40.683333,Brindisian amphora,LUKAON,1,-125,-25
25798,Ostia Antica,Italia,12.283333,41.75,Dressel 20,AVGN,0,,
37848,Brindisi,Italia,17.933333,40.633333,Brindisian amphora,PCLAVDIVSNQ,1,-125,-25
32859,Padova,Italia,11.883333,45.416667,Dressel 6B,FONTANI,1,-50,-1
33685,Castelfranco Emilia,Italia,11.05,44.616667,Amphora incerta,VIN,0,,
19197,Isola del Giglio,Italia,10.9,42.35,Gauloise 4,CTITIENNIPAENONI,0,,
4697,Classe,Italia,11.983333,44.416667,Dressel 2-4,MIVLIVSSYRVS,1,-30,-1
33026,Padova,Italia,11.883333,45.416667,Dressel 6B,AR,1,-50,-1
33750,Casa Nuova,Italia,12.066667,44.566667,Amphora incerta,MAL,0,,
40584,Brindisi,Italia,17.933333,40.633333,Brindisian amphora,NOYMHNIO,1,-125,-25
32620,Oderzo,Italia,12.488056,45.78,Dressel 6B,CRISPINILLAE,1,-50,-1
21339,Ostia Antica,Italia,12.283333,41.75,Dressel 2-4 Italian,LEVMACHI,0,,
33783,Albinia,Italia,11.25,42.5,Dressel 1,AI,1,-150,-1
40035,Brindisi,Italia,17.933333,40.633333,Brindisian amphora,BAHANO,1,-125,-25
40758,Brindisi,Italia,17.933333,40.633333,Brindisian amphora,PTOLEMAE,1,-125,-25
40443,Brindisi,Italia,17.933333,40.633333,Brindisian amphora,MENAI,1,-125,-25
35869,Canale Giancola,Italia,17.85,40.683333,Brindisian amphora,HERACLEO,1,-125,-25
35731,Canale Giancola,Italia,17.85,40.683333,Brindisian amphora,VISELLI,1,-125,-25
40746,Brindisi,Italia,17.933333,40.633333,Brindisian amphora,PTOLEMAE,1,-125,-25
4769,Brindisi,Italia,17.933333,40.633333,Brindisian amphora,CVEHILI,1,-125,-25
34597,Canale Giancola,Italia,17.85,40.683333,Brindisian amphora,APELLESAEH,1,-125,-25
35148,Canale Giancola,Italia,17.85,40.683333,Brindisian amphora,DIOCLES,1,-125,-25
40047,Brindisi,Italia,17.933333,40.633333,Brindisian amphora,BAHANO,1,-125,-25
35414,Canale Giancola,Italia,17.85,40.683333,Brindisian amphora,POLEMON,1,-125,-25
40782,Brindisi,Italia,17.933333,40.633333,Brindisian amphora,PVLADE,1,-125,-25
32835,Padova,Italia,11.883333,45.416667,Dressel 6B,VARIPACCI,1,-50,-1
37869,Brindisi,Italia,17.933333,40.633333,Brindisian amphora,MEXSONI,1,-125,-25
39205,Brindisi,Italia,17.933333,40.633333,Brindisian amphora,APOLONI,1,-125,-25
34895,Canale Giancola,Italia,17.85,40.683333,Brindisian amphora,ARCHELA,1,-125,-25
34498,Canale Giancola,Italia,17.85,40.683333,Brindisian amphora,AENEAS,1,-125,-25
35750,Canale Giancola,Italia,17.85,40.683333,Brindisian amphora,VISELLI,1,-125,-25
40857,Brindisi,Italia,17.933333,40.633333,Brindisian amphora,SOTERICO,1,-125,-25
40574,Brindisi,Italia,17.933333,40.633333,Brindisian amphora,NOYMHNIO,1,-125,-25
40156,Brindisi,Italia,17.933333,40.633333,Brindisian amphora,DAMAS,1,-125,-25
40241,Lecce,Italia,18.183333,40.383333,Brindisian amphora,EIKADIO,1,-125,-25
40650,Brindisi,Italia,17.933333,40.633333,Brindisian amphora,PILEMO,1,-125,-25
37670,Brindisi,Italia,17.933333,40.633333,Brindisian amphora,CANINI,1,-125,-25
34587,Canale Giancola,Italia,17.85,40.683333,Brindisian amphora,APELLAE,1,-125,-25
36768,Vicenza,Italia,11.55,45.55,Dressel 6A,TFADIANTHI,1,-50,-1
34737,Canale Giancola,Italia,17.85,40.683333,Brindisian amphora,APOLONIDA,1,-125,-25
33682,Riolo,Italia,11.083333,44.616667,Dressel 6B,VARIPACCI,1,-50,-1
35547,Canale Giancola,Italia,17.85,40.683333,Brindisian amphora,SCOPAS,1,-125,-25
34185,Anzola,Italia,11.183333,44.55,Amphora incerta,AVCTHEI,0,,
34678,Canale Giancola,Italia,17.85,40.683333,Brindisian amphora,APOLLONID,1,-125,-25
10513,Altino,Italia,12.393333,45.544444,Dressel ante 6B,VARIPACCI,0,,
28232,Ostia Antica,Italia,12.283333,41.75,Dressel 20,PNN,0,,
29605,Ostia Antica,Italia,12.283333,41.75,Dressel 20,CVP,0,,
40564,Brindisi,Italia,17.933333,40.633333,Brindisian amphora,MENOPHILI,1,-125,-25
34669,Canale Giancola,Italia,17.85,40.683333,Brindisian amphora,APOLLONID,1,-125,-25
40529,Brindisi,Italia,17.933333,40.633333,Brindisian amphora,MENOPILVS,1,-125,-25
40565,Brindisi,Italia,17.933333,40.633333,Brindisian amphora,MENOPHILI,1,-125,-25
35682,Canale Giancola,Italia,17.85,40.683333,Brindisian amphora,VISELLI,1,-125,-25
40969,Brindisi,Italia,17.933333,40.633333,Brindisian amphora,ANINIANA,1,-125,-25
37250,Canale Giancola,Italia,17.85,40.683333,Brindisian amphora,APOLONI,1,-125,-25
37601,Canale Giancola,Italia,17.85,40.683333,Brindisian amphora,LUKAON,1,-125,-25
39313,Brindisi,Italia,17.933333,40.633333,Brindisian amphora,APOLLON,1,-125,-25
36967,Sardegna,Corsica et Sardinia,8.44,39.881944,Amphora incerta,EP,0,,
9809,Cremona,Italia,10.033333,45.116667,Lamboglia 2,Q,1,-125,-25
26248,Ostia Antica,Italia,12.283333,41.75,Africana 2D Grande,TOPHBLC,0,,
38000,Brindisi,Italia,17.933333,40.633333,Brindisian amphora,PVEBAL,1,-125,-25
36726,Padova,Italia,11.883333,45.416667,Dressel 6A,CORNELI,1,-50,-1
10491,Altino,Italia,12.393333,45.544444,Dressel 6A,ACLMVADI,1,-50,-1
25082,Aquileia,Italia,13.368333,45.770278,Dressel 2-4,LV,1,-30,-1
25294,Sardegna,Corsica et Sardinia,8.44,39.881944,Tripolitanian 3,CSMCV,0,,
37232,Isola del Giglio,Italia,10.9,42.35,Amphora incerta,CC,0,,
37669,Brindisi,Italia,17.933333,40.633333,Brindisian amphora,CANINI,1,-125,-25
32674,Oderzo,Italia,12.488056,45.78,Dressel 6B,CLAEKBAS,1,-50,-1
37027,Parenzo (Porec),Italia,13.593889,45.225833,Amphora incerta,AELICRIS,0,,
37293,Canale Giancola,Italia,17.85,40.683333,Brindisian amphora,DEMETRI,1,-125,-25
40472,Brindisi,Italia,17.933333,40.633333,Brindisian amphora,MENECRATES,1,-125,-25
35417,Canale Giancola,Italia,17.85,40.683333,Brindisian amphora,SCOPAS,1,-125,-25
40031,Brindisi,Italia,17.933333,40.633333,Brindisian amphora,BAHANO,1,-125,-25
37900,Brindisi,Italia,17.933333,40.633333,Brindisian amphora,DIODOTVS,1,-125,-25
37666,Brindisi,Italia,17.933333,40.633333,Brindisian amphora,CANINI,1,-125,-25
38490,Brindisi,Italia,17.933333,40.633333,Brindisian amphora,APELAES,1,-125,-25
33740,Ostiglia,Italia,11.133333,45.066667,Dressel 6B,SISENNAE,1,-50,-1
35835,Canale Giancola,Italia,17.85,40.683333,Brindisian amphora,CERDO,1,-125,-25
38019,Brindisi,Italia,17.933333,40.633333,Brindisian amphora,CVEHILI,1,-125,-25
35386,Canale Giancola,Italia,17.85,40.683333,Brindisian amphora,LVKAON,1,-125,-25
35911,Canale Giancola,Italia,17.85,40.683333,Brindisian amphora,LMARCISATVR,1,-125,-25
35882,Canale Giancola,Italia,17.85,40.683333,Brindisian amphora,PROTAGATHVS,1,-125,-25
36121,Torre Valdaliga,Italia,11.75,42.116667,Lamboglia 2,CNPMG,1,-125,-25
37514,Canale Giancola,Italia,17.85,40.683333,Brindisian amphora,VISELLI,1,-125,-25
40451,Brindisi,Italia,17.933333,40.633333,Brindisian amphora,MENECRATES,1,-125,-25
34588,Canale Giancola,Italia,17.85,40.683333,Brindisian amphora,APELLAE,1,-125,-25
25485,Capalbio,Italia,11.416667,42.45,Dolium,STIVM,0,,
26134,Margherita di Savoia,Italia,16.15,41.366667,Lamboglia 2,ME,1,-125,-25
38034,Brindisi,Italia,17.933333,40.633333,Brindisian amphora,CVEHILI,1,-125,-25
10561,Altino,Italia,12.393333,45.544444,Dressel 6A,LCORNELIAMICI,1,-50,-1
35026,Canale Giancola,Italia,17.85,40.683333,Brindisian amphora,DEMETRI,1,-125,-25
28151,Ostia Antica,Italia,12.283333,41.75,Dressel 20,FPAT,0,,
37897,Brindisi,Italia,17.933333,40.633333,Brindisian amphora,LFANNI,1,-125,-25
37317,Canale Giancola,Italia,17.85,40.683333,Brindisian amphora,LIBO,1,-125,-25
9646,Padova,Italia,11.883333,45.416667,Amphora incerta,OM,0,,
32781,Padova,Italia,11.883333,45.416667,Dressel 6B,CLAEKBA,1,-50,-1
23195,Tortona,Italia,8.866667,44.9,Dressel 6A,MHEPICEN,1,-50,-1
18603,Îles Lavezzi,Corsica et Sardinia,9.254185,41.341096,Dressel 2-4 Catalan,VIC,1,-30,-1
35173,Canale Giancola,Italia,17.85,40.683333,Brindisian amphora,DIOCLEI,1,-125,-25
38265,Brindisi,Italia,17.933333,40.633333,Brindisian amphora,VEHILI,1,-125,-25
28154,Ostia Antica,Italia,12.283333,41.75,Dressel 20,PERSEI,0,,
33807,Albinia,Italia,11.25,42.5,Dressel 1,NICIA,1,-150,-1
19215,Giglio Porto,Italia,10.916667,42.366667,Africana 2,O,0,,
40096,Brindisi,Italia,17.933333,40.633333,Brindisian amphora,CTESO,1,-125,-25
21137,Tortona,Italia,8.866667,44.9,Dressel 6B,APPVLCRI,1,-50,-1
25343,Vercelli,Italia,8.416667,45.316667,Dressel ante 6B,ABID,0,,
28129,Ostia Antica,Italia,12.283333,41.75,Dressel 20,SPPNN,0,,
29286,Ostia Antica,Italia,12.283333,41.75,Dressel 20,LFCRES,0,,
32630,Oderzo,Italia,12.488056,45.78,Dressel 6B,LIVNIPAETI,1,-50,-1
37845,Brindisi,Italia,17.933333,40.633333,Brindisian amphora,PCLAVDIVSPNQ,1,-125,-25
25704,Ostia Antica,Italia,12.283333,41.75,Dressel 20,MSM,0,,
38464,Brindisi,Italia,17.933333,40.633333,Brindisian amphora,APELAES,1,-125,-25
35278,Canale Giancola,Italia,17.85,40.683333,Brindisian amphora,LVCAON,1,-125,-25
40345,Brindisi,Italia,17.933333,40.633333,Brindisian amphora,KEPDOS,1,-125,-25
28228,Ostia Antica,Italia,12.283333,41.75,Dressel 20,PNN,0,,
35116,Canale Giancola,Italia,17.85,40.683333,Brindisian amphora,DIOCLES,1,-125,-25
33448,Modena,Italia,10.916667,44.666667,Amphora incerta,CINA,0,,
37320,Canale Giancola,Italia,17.85,40.683333,Brindisian amphora,LIBO,1,-125,-25
33076,Erice,Sicilia,12.583333,38.033333,Greco-Itálica,CARISTO,1,-400,-100
26226,Ostia Antica,Italia,12.283333,41.75,Africana,PETIALASVL,0,,
26403,Ljubljana (Emona),Italia,14.514444,46.055278,Dressel 7-11,CLANIAVGTI,0,,
38244,Brindisi,Italia,17.933333,40.633333,Brindisian amphora,VEHILI,1,-125,-25
9183,Este,Italia,11.65,45.233333,Dressel 6B,APICI,1,-50,-1
37803,Brindisi,Italia,17.933333,40.633333,Brindisian amphora,APPVLEI,1,-125,-25
34260,Reggio Emilia,Italia,10.616667,44.616667,Amphora incerta,PRIMIAEA,0,,
40445,Brindisi,Italia,17.933333,40.633333,Brindisian amphora,MENAIAMENAA,1,-125,-25
33819,Albinia,Italia,11.25,42.5,Amphora incerta,MAHE,0,,
34297,Bologna,Italia,11.333333,44.483333,Amphora incerta,AGTITAMRASI,0,,
39258,Brindisi,Italia,17.933333,40.633333,Brindisian amphora,APLONI,1,-125,-25
37276,Canale Giancola,Italia,17.85,40.683333,Brindisian amphora,DEMETRI,1,-125,-25
29227,Ostia Antica,Italia,12.283333,41.75,Dressel 20,EROTIS,0,,
34125,Canale Giancola,Italia,17.85,40.683333,Amphora incerta,VISELLI,0,,
39331,Brindisi,Italia,17.933333,40.633333,Brindisian amphora,APOLONISINEIMAGINE,1,-125,-25
4766,Brindisi,Italia,17.933333,40.633333,Brindisian amphora,PERDICAS,1,-125,-25
33084,Erice,Sicilia,12.583333,38.033333,Greco-Itálica,MBAI,1,-400,-100
33280,Pola,Italia,13.848056,44.868333,Dressel 6,IMPDOMITIANI,0,,
34850,Canale Giancola,Italia,17.85,40.683333,Brindisian amphora,ARCHELA,1,-125,-25
33664,Due Maestà,Italia,11.0,44.75,Dressel 2-4,LANCH,1,-30,-1
34800,Canale Giancola,Italia,17.85,40.683333,Brindisian amphora,APOLLONIDES,1,-125,-25
40186,Brindisi,Italia,17.933333,40.633333,Brindisian amphora,DIODOTVS,1,-125,-25
10489,Altino,Italia,12.393333,45.544444,Dressel 6A,A,1,-50,-1
35435,Canale Giancola,Italia,17.85,40.683333,Brindisian amphora,SCOPAS,1,-125,-25
37942,Brindisi,Italia,17.933333,40.633333,Brindisian amphora,NMACCIVSLFQ,1,-125,-25
28177,Ostia Antica,Italia,12.283333,41.75,Dressel 20,PORTOPOPULI,0,,
34323,Orbetello,Italia,11.216667,42.45,Amphora incerta,GM,0,,
38091,Brindisi,Italia,17.933333,40.633333,Brindisian amphora,VEHILI,1,-125,-25
25338,Vercelli,Italia,8.416667,45.316667,Lamboglia 2,EPIC,1,-125,-25
34523,Canale Giancola,Italia,17.85,40.683333,Brindisian amphora,ANDRONICI,1,-125,-25
39212,Brindisi,Italia,17.933333,40.633333,Brindisian amphora,APOLONI,1,-125,-25
36958,Sicilia,Sicilia,13.583333,37.816667,Amphora incerta,VEN,0,,
33707,Finale Emilia,Italia,11.283333,44.833333,Lamboglia 2,ILEGIBILE,1,-125,-25
40892,Brindisi,Italia,17.933333,40.633333,Brindisian amphora,STR,1,-125,-25
26163,Porto Torres,Corsica et Sardinia,8.397222,40.835,Africana 2D Grande,COLHADRHERCRI,0,,
37469,Canale Giancola,Italia,17.85,40.683333,Brindisian amphora,VISELLI,1,-125,-25
40283,Brindisi,Italia,17.933333,40.633333,Brindisian amphora,HPAIOC,1,-125,-25
40208,Brindisi,Italia,17.933333,40.633333,Brindisian amphora,DIONVSI,1,-125,-25
36922,Pompeya,Italia,14.483333,40.75,Amphora incerta,EPINAYSIPPOYDALIOY,0,,
10530,Altino,Italia,12.393333,45.544444,Dressel 6B,SC,1,-50,-1
35332,Canale Giancola,Italia,17.85,40.683333,Brindisian amphora,LVKAON,1,-125,-25
9691,Padova,Italia,11.883333,45.416667,Amphora incerta,ISA,0,,
34791,Canale Giancola,Italia,17.85,40.683333,Brindisian amphora,APOLLONIDES,1,-125,-25
36183,Ancona,Italia,13.5,43.633333,Lamboglia 2,PHILIP,1,-125,-25
9800,Milano,Italia,9.2,45.466667,Lamboglia 2,PAP,1,-125,-25
26158,Felline,Italia,18.116667,39.933333,Amphora incerta,FELIXPVL,0,,
35303,Canale Giancola,Italia,17.85,40.683333,Brindisian amphora,LVKAON,1,-125,-25
40021,Brindisi,Italia,17.933333,40.633333,Brindisian amphora,BAHANO,1,-125,-25
35857,Canale Giancola,Italia,17.85,40.683333,Brindisian amphora,DAZIO,1,-125,-25
40974,Brindisi,Italia,17.933333,40.633333,Brindisian amphora,ANINIANA,1,-125,-25
33738,Bonizzo,Italia,11.183333,45.033333,Amphora incerta,IILT,0,,
40889,Brindisi,Italia,17.933333,40.633333,Brindisian amphora,STR,1,-125,-25
36162,Ancona,Italia,13.5,43.633333,Lamboglia 2,APRODIS,1,-125,-25
34823,Canale Giancola,Italia,17.85,40.683333,Brindisian amphora,APOLONI,1,-125,-25
33782,Albinia,Italia,11.25,42.5,Dressel 1,AIAS,1,-150,-1
35769,Canale Giancola,Italia,17.85,40.683333,Brindisian amphora,VISELLI,1,-125,-25
33114,Selinunte,Sicilia,12.816667,37.583333,Greco-Itálica,LVAPE,1,-400,-100
9587,Padova,Italia,11.883333,45.416667,Dressel 6B,CALTEN,1,-50,-1
9648,Padova,Italia,11.883333,45.416667,Amphora incerta,VIAT,0,,
35056,Canale Giancola,Italia,17.85,40.683333,Brindisian amphora,DEMETRI,1,-125,-25
32752,Padova,Italia,11.883333,45.416667,Dressel 6B,CLA,1,-50,-1
32820,Padova,Italia,11.883333,45.416667,Dressel 6B,LIVNIPAETI,1,-50,-1
20295,Ostia Antica,Italia,12.283333,41.75,Dressel 20,LFC,0,,
40888,Brindisi,Italia,17.933333,40.633333,Brindisian amphora,STR,1,-125,-25
37329,Canale Giancola,Italia,17.85,40.683333,Brindisian amphora,MANISA,1,-125,-25
32834,Padova,Italia,11.883333,45.416667,Dressel 6B,VARIPACCI,1,-50,-1
40603,Brindisi,Italia,17.933333,40.633333,Brindisian amphora,PERDICAS,1,-125,-25
25394,Cosa,Italia,12.896389,46.057778,Dressel 1B,CIRCULUS,1,-150,-1
38408,Brindisi,Italia,17.933333,40.633333,Brindisian amphora,APEICAE,1,-125,-25
40333,Brindisi,Italia,17.933333,40.633333,Brindisian amphora,HERMOGE,1,-125,-25
33976,Toscana,Italia,11.0,43.416667,Dressel 1,NE,1,-150,-1
25753,Ostia Antica,Italia,12.283333,41.75,Dressel 20,CANTONIQVIETI,0,,
38240,Brindisi,Italia,17.933333,40.633333,Brindisian amphora,VEHILI,1,-125,-25
39223,Brindisi,Italia,17.933333,40.633333,Brindisian amphora,APOLONI,1,-125,-25
38156,Brindisi,Italia,17.933333,40.633333,Brindisian amphora,VEHILI,1,-125,-25
37260,Canale Giancola,Italia,17.85,40.683333,Brindisian amphora,CARITON,1,-125,-25
35257,Canale Giancola,Italia,17.85,40.683333,Brindisian amphora,LVCAO,1,-125,-25
23503,Tortona,Italia,8.866667,44.9,Lamboglia 2,ALEX,1,-125,-25
40924,Brindisi,Italia,17.933333,40.633333,Brindisian amphora,MCAIACIANA,1,-125,-25
35424,Canale Giancola,Italia,17.85,40.683333,Brindisian amphora,SCOPAS,1,-125,-25
35402,Canale Giancola,Italia,17.85,40.683333,Brindisian amphora,MENOPHIL,1,-125,-25
33838,Albinia,Italia,11.25,42.5,Dressel 1C,ARS,1,-150,-1
32268,Cremona,Italia,10.033333,45.116667,Lamboglia 2,PAP,1,-125,-25
35187,Canale Giancola,Italia,17.85,40.683333,Brindisian amphora,HERMAISCI,1,-125,-25
35550,Canale Giancola,Italia,17.85,40.683333,Brindisian amphora,SCOPAS,1,-125,-25
37978,Brindisi,Italia,17.933333,40.633333,Brindisian amphora,LPVBLILI,1,-125,-25
7205,Ostia Antica,Italia,12.283333,41.75,Dressel 20,VIRAV,0,,
35021,Canale Giancola,Italia,17.85,40.683333,Brindisian amphora,DEMETRI,1,-125,-25
4750,Brindisi,Italia,17.933333,40.633333,Brindisian amphora,PILBETILM,1,-125,-25
35293,Canale Giancola,Italia,17.85,40.683333,Brindisian amphora,LVKAON,1,-125,-25
25357,Vercelli,Italia,8.416667,45.316667,Dressel 6B,DAET,1,-50,-1
37865,Brindisi,Italia,17.933333,40.633333,Brindisian amphora,MEXSONI,1,-125,-25
38049,Brindisi,Italia,17.933333,40.633333,Brindisian amphora,CVEHILI,1,-125,-25
9789,Calvatone,Italia,10.433333,45.116667,Lamboglia 2,MATVIL,1,-125,-25
32621,Oderzo,Italia,12.488056,45.78,Dressel 6B,CRISPINILLI,1,-50,-1
36850,Vicenza,Italia,11.55,45.55,Dressel 6B,PPETRONI,1,-50,-1
35963,Canale Giancola,Italia,17.85,40.683333,Brindisian amphora,CNPETROSOSTR,1,-125,-25
37829,Brindisi,Italia,17.933333,40.633333,Brindisian amphora,ACAESELIAFQ,1,-125,-25
35433,Canale Giancola,Italia,17.85,40.683333,Brindisian amphora,SCOPAS,1,-125,-25
9658,Padova,Italia,11.883333,45.416667,Amphora incerta,APOLLONI,0,,
10551,Altino,Italia,12.393333,45.544444,Dressel 6B,APICI,1,-50,-1
40497,Brindisi,Italia,17.933333,40.633333,Brindisian amphora,MENECRATES,1,-125,-25
423,Ostia Antica,Italia,12.283333,41.75,Dressel 20,LFC,0,,
36816,Vicenza,Italia,11.55,45.55,Dressel 6B,LAEK,1,-50,-1
37566,Canale Giancola,Italia,17.85,40.683333,Brindisian amphora,VISELLI,1,-125,-25
33029,Padova,Italia,11.883333,45.416667,Ignotus,TO,0,,
33908,Albinia,Italia,11.25,42.5,Dressel 1C,D,1,-150,-1
39191,Brindisi,Italia,17.933333,40.633333,Brindisian amphora,VEHILI,1,-125,-25
34995,Canale Giancola,Italia,17.85,40.683333,Brindisian amphora,DAMATRI,1,-125,-25
40197,Brindisi,Italia,17.933333,40.633333,Brindisian amphora,DIODOTI,1,-125,-25
29668,Ostia Antica,Italia,12.283333,41.75,Dressel 20,VNI,0,,
37287,Canale Giancola,Italia,17.85,40.683333,Brindisian amphora,DEMETRI,1,-125,-25
35308,Canale Giancola,Italia,17.85,40.683333,Brindisian amphora,LVKAON,1,-125,-25
40458,Brindisi,Italia,17.933333,40.633333,Brindisian amphora,MENECRATES,1,-125,-25
40884,Brindisi,Italia,17.933333,40.633333,Brindisian amphora,STR,1,-125,-25
35492,Canale Giancola,Italia,17.85,40.683333,Brindisian amphora,SCOPAS,1,-125,-25
9793,Milano,Italia,9.2,45.466667,Lamboglia 2,MENI,1,-125,-25
37578,Canale Giancola,Italia,17.85,40.683333,Brindisian amphora,DEMETRI,1,-125,-25
35971,Canale Giancola,Italia,17.85,40.683333,Brindisian amphora,CNPETROSOSTR,1,-125,-25
21336,Pompeya,Italia,14.483333,40.75,Dressel 2-4 Italian,LEVMACHI,0,,
37537,Canale Giancola,Italia,17.85,40.683333,Brindisian amphora,VISELLI,1,-125,-25
35212,Canale Giancola,Italia,17.85,40.683333,Brindisian amphora,HERMAISCI,1,-125,-25
9570,Padova,Italia,11.883333,45.416667,Lamboglia 2,LTAR,1,-125,-25
10535,Altino,Italia,12.393333,45.544444,Dressel 6B,PQSCAPVLAE,1,-50,-1
35627,Canale Giancola,Italia,17.85,40.683333,Brindisian amphora,VISELLI,1,-125,-25
7208,Ostia Antica,Italia,12.283333,41.75,Dressel 20,LEC,0,,
38322,Brindisi,Italia,17.933333,40.633333,Brindisian amphora,VEHILI,1,-125,-25
38345,Brindisi,Italia,17.933333,40.633333,Brindisian amphora,VEHILI,1,-125,-25
9763,Calvatone,Italia,10.433333,45.116667,Lamboglia 2,EPICA,1,-125,-25
40959,Brindisi,Italia,17.933333,40.633333,Brindisian amphora,ANINIANA,1,-125,-25
40830,Brindisi,Italia,17.933333,40.633333,Brindisian amphora,SOTERICSOTERIX,1,-125,-25
40019,Brindisi,Italia,17.933333,40.633333,Brindisian amphora,BAHANO,1,-125,-25
35394,Canale Giancola,Italia,17.85,40.683333,Brindisian amphora,MANISA,1,-125,-25
36778,Vicenza,Italia,11.55,45.55,Dressel 6B,APIC,1,-50,-1
29294,Ostia Antica,Italia,12.283333,41.75,Dressel 20,LFC,0,,
38211,Brindisi,Italia,17.933333,40.633333,Brindisian amphora,VEHILI,1,-125,-25
36784,Vicenza,Italia,11.55,45.55,Dressel 6B,APICI,1,-50,-1
34265,Castel San Pietro Terme,Italia,11.583333,44.4,Amphora incerta,APPVLCRI,0,,
32308,Padova,Italia,11.883333,45.416667,Dressel 6B,CELER,1,-50,-1
10508,Altino,Italia,12.393333,45.544444,Dressel ante 6B,SENCOS,0,,
40747,Brindisi,Italia,17.933333,40.633333,Brindisian amphora,PTOLEMAE,1,-125,-25
26165,Porto Torres,Corsica et Sardinia,8.397222,40.835,Africana 2D Grande,FANFORCOLHADR,0,,
37908,Brindisi,Italia,17.933333,40.633333,Brindisian amphora,LLVCI,1,-125,-25
40114,Brindisi,Italia,17.933333,40.633333,Brindisian amphora,CTESO,1,-125,-25
32492,Pegognaga,Italia,10.85,45.0,Lamboglia 2,NTIO,1,-125,-25
34616,Canale Giancola,Italia,17.85,40.683333,Brindisian amphora,APOLLONID,1,-125,-25
40618,Brindisi,Italia,17.933333,40.633333,Brindisian amphora,PERDICAS,1,-125,-25
38241,Brindisi,Italia,17.933333,40.633333,Brindisian amphora,VEHILI,1,-125,-25
28410,Ostia Antica,Italia,12.283333,41.75,Dressel 20,DIP,0,,
33107,Segesta,Sicilia,12.833333,37.933333,Greco-Itálica,TRLOISIO,1,-400,-100
33715,Ferrara,Italia,11.833333,44.8,Amphora incerta,PHAE,0,,
40464,Brindisi,Italia,17.933333,40.633333,Brindisian amphora,MENECRATES,1,-125,-25
40725,Brindisi,Italia,17.933333,40.633333,Brindisian amphora,PTOLEMAE,1,-125,-25
34831,Canale Giancola,Italia,17.85,40.683333,Brindisian amphora,APOLONI,1,-125,-25
38381,Brindisi,Italia,17.933333,40.633333,Brindisian amphora,VHEILI,1,-125,-25
35593,Canale Giancola,Italia,17.85,40.683333,Brindisian amphora,VISELLI,1,-125,-25
38286,Brindisi,Italia,17.933333,40.633333,Brindisian amphora,VEHILI,1,-125,-25
33091,Trapani,Sicilia,12.483333,38.016667,Greco-Itálica,QIVENTI,1,-400,-100
32893,Padova,Italia,11.883333,45.416667,Dressel 6B,ROM,1,-50,-1
32889,Padova,Italia,11.883333,45.416667,Dressel 6B,SEPVLLIVM,1,-50,-1
35490,Canale Giancola,Italia,17.85,40.683333,Brindisian amphora,SCOPAS,1,-125,-25
35719,Canale Giancola,Italia,17.85,40.683333,Brindisian amphora,VISELLI,1,-125,-25
35779,Canale Giancola,Italia,17.85,40.683333,Brindisian amphora,VISELLI,1,-125,-25
37586,San Cataldo,Italia,18.3,40.383333,Brindisian amphora,DEMETRI,1,-125,-25
40083,Brindisi,Italia,17.933333,40.633333,Brindisian amphora,BATON,1,-125,-25
33110,Erice,Sicilia,12.583333,38.033333,Greco-Itálica,NOV,1,-400,-100
34899,Canale Giancola,Italia,17.85,40.683333,Brindisian amphora,ARCHELA,1,-125,-25
11965,Ostia Antica,Italia,12.283333,41.75,Lamboglia 2,MENOLA,1,-125,-25
4840,Brindisi,Italia,17.933333,40.633333,Brindisian amphora,LMARCISATVR,1,-125,-25
38145,Brindisi,Italia,17.933333,40.633333,Brindisian amphora,VEHILI,1,-125,-25
20360,Ostia Antica,Italia,12.283333,41.75,Dressel 30 - Keay 1B,IIII,0,,
34298,Modena,Italia,10.9,44.5,Amphora incerta,ARIA,0,,
39192,Monopoli,Italia,17.3,40.95,Brindisian amphora,APOLONI,1,-125,-25
34176,Magreta,Italia,10.8,44.6,Amphora incerta,APICI,0,,
4648,Este,Italia,11.65,45.233333,Dressel 6A,TARI,1,-50,-1
34765,Canale Giancola,Italia,17.85,40.683333,Brindisian amphora,APOLLONIDES,1,-125,-25
38436,Brindisi,Italia,17.933333,40.633333,Brindisian amphora,APELAES,1,-125,-25
34367,Pesaro,Italia,12.916667,43.9,Operculum,POM,0,,
9744,Milano,Italia,9.2,45.466667,Lamboglia 2,DAMA,1,-125,-25
34674,Canale Giancola,Italia,17.85,40.683333,Brindisian amphora,APOLLONID,1,-125,-25
33022,Padova,Italia,11.883333,45.416667,Dressel 6B,AMETHYSTI,1,-50,-1
28199,Ostia Antica,Italia,12.283333,41.75,Dressel 20,PNN,0,,
33915,Albinia,Italia,11.25,42.5,Dressel 1C,C,1,-150,-1
38498,Brindisi,Italia,17.933333,40.633333,Brindisian amphora,APELLAIS,1,-125,-25
34599,Canale Giancola,Italia,17.85,40.683333,Brindisian amphora,APELLESAEH,1,-125,-25
33953,Albinia,Italia,11.25,42.5,Dressel 1C,MA,1,-150,-1
34730,Canale Giancola,Italia,17.85,40.683333,Brindisian amphora,APOLONIDA,1,-125,-25
32858,Padova,Italia,11.883333,45.416667,Dressel 6B,APPVLCR,1,-50,-1
37921,Brindisi,Italia,17.933333,40.633333,Brindisian amphora,LLVC,1,-125,-25
29357,Ostia Antica,Italia,12.283333,41.75,Dressel 20,MFPONI,0,,
38173,Brindisi,Italia,17.933333,40.633333,Brindisian amphora,VEHILI,1,-125,-25
33979,Alba,Italia,8.033333,44.7,Dressel 6B,RIMIC,1,-50,-1
38487,Brindisi,Italia,17.933333,40.633333,Brindisian amphora,APELAES,1,-125,-25
38384,Brindisi,Italia,17.933333,40.633333,Brindisian amphora,ALEXAN,1,-125,-25
36126,Santa Severa,Italia,11.95,42.033333,Dolium,ABINAECAHICSF,0,,
40074,Brindisi,Italia,17.933333,40.633333,Brindisian amphora,BATON,1,-125,-25
36177,Ancona,Italia,13.5,43.633333,Lamboglia 2,MENADE,1,-125,-25
23140,Tortona,Italia,8.866667,44.9,Dressel 6B,COSAE,1,-50,-1
37714,Brindisi,Italia,17.933333,40.633333,Brindisian amphora,CANINI,1,-125,-25
38128,Brindisi,Italia,17.933333,40.633333,Brindisian amphora,VEHILI,1,-125,-25
40726,Brindisi,Italia,17.933333,40.633333,Brindisian amphora,PTOLEMAE,1,-125,-25
25831,Ostia Antica,Italia,12.283333,41.75,Dressel 20,BEL,0,,
38328,Brindisi,Italia,17.933333,40.633333,Brindisian amphora,VEHILI,1,-125,-25
19206,Giglio Porto,Italia,10.916667,42.366667,Africana,O,0,,
8625,Ostia Antica,Italia,12.283333,41.75,Africana,TOPHCOL,0,,
40188,Brindisi,Italia,17.933333,40.633333,Brindisian amphora,DIODOTVS,1,-125,-25
39308,Brindisi,Italia,17.933333,40.633333,Brindisian amphora,APOLLONIMA,1,-125,-25
40401,Brindisi,Italia,17.933333,40.633333,Brindisian amphora,LEONTISCVS,1,-125,-25
35207,Canale Giancola,Italia,17.85,40.683333,Brindisian amphora,HERMAISCI,1,-125,-25
38106,Brindisi,Italia,17.933333,40.633333,Brindisian amphora,VEHILI,1,-125,-25
34927,Canale Giancola,Italia,17.85,40.683333,Brindisian amphora,ARCHELA,1,-125,-25
34945,Canale Giancola,Italia,17.85,40.683333,Brindisian amphora,ARCHELA,1,-125,-25
9722,Milano,Italia,9.2,45.466667,Lamboglia 2,AMPIOR,1,-125,-25
35799,Canale Giancola,Italia,17.85,40.683333,Brindisian amphora,VISELLI,1,-125,-25
32277,Cremona,Italia,10.033333,45.116667,Lamboglia 2,RA,1,-125,-25
40997,Brindisi,Italia,17.933333,40.633333,Brindisian amphora,ANINIANA,1,-125,-25
35552,Canale Giancola,Italia,17.85,40.683333,Brindisian amphora,SCOPAS,1,-125,-25
26483,Ostia Antica,Italia,12.283333,41.75,Dressel 20,KV,0,,
35704,Canale Giancola,Italia,17.85,40.683333,Brindisian amphora,VISELLI,1,-125,-25
25475,Pegognaga,Italia,10.85,45.0,Dressel 6B,CELE,1,-50,-1
40235,Brindisi,Italia,17.933333,40.633333,Brindisian amphora,EIKADIO,1,-125,-25
34247,Pesaro,Italia,12.916667,43.9,Amphora incerta,PMESTRI,0,,
41032,Brindisi,Italia,17.933333,40.633333,Brindisian amphora,ANINIANA,1,-125,-25
32664,Oderzo,Italia,12.488056,45.78,Dressel 6B,PTOLEM,1,-50,-1
38295,Brindisi,Italia,17.933333,40.633333,Brindisian amphora,VEHILI,1,-125,-25
37026,Parenzo (Porec),Italia,13.593889,45.225833,Amphora incerta,AELICRIS,0,,
9784,Milano,Italia,9.2,45.466667,Lamboglia 2,MAHE,1,-125,-25
21073,Tortona,Italia,8.866667,44.9,Dressel 20,CSTERTINIPAVLLINI,0,,
34241,Modena,Italia,10.9,44.5,Amphora incerta,LICNVSGAV,0,,
4870,Dugenta,Italia,14.45,41.133333,Dressel 1A,CERDO,1,-150,-1
40665,Brindisi,Italia,17.933333,40.633333,Brindisian amphora,PILEMO,1,-125,-25
40376,Brindisi,Italia,17.933333,40.633333,Brindisian amphora,LEONTISCVS,1,-125,-25
9633,Padova,Italia,11.883333,45.416667,Dressel 6B,LAE,1,-50,-1
32798,Padova,Italia,11.883333,45.416667,Dressel 6A,MHERPICE,1,-50,-1
35263,Canale Giancola,Italia,17.85,40.683333,Brindisian amphora,LVCAO,1,-125,-25
37742,Brindisi,Italia,17.933333,40.633333,Brindisian amphora,CANINI,1,-125,-25
34303,Modena,Italia,10.9,44.5,Amphora incerta,COIO,0,,
32762,Padova,Italia,11.883333,45.416667,Dressel 6B,FELIXSCR,1,-50,-1
9671,Padova,Italia,11.883333,45.416667,Amphora incerta,RB,0,,
35840,Canale Giancola,Italia,17.85,40.683333,Brindisian amphora,CERDO,1,-125,-25
26556,Ostia Antica,Italia,12.283333,41.75,Amphora incerta,CHR,0,,
40084,Brindisi,Italia,17.933333,40.633333,Brindisian amphora,BATON,1,-125,-25
20286,Ostia Antica,Italia,12.283333,41.75,Dressel 20,CLPV,0,,
40745,Brindisi,Italia,17.933333,40.633333,Brindisian amphora,PTOLEMAE,1,-125,-25
40634,Brindisi,Italia,17.933333,40.633333,Brindisian amphora,PERDICAS,1,-125,-25
32300,Padova,Italia,11.883333,45.416667,Dressel 6B,CLAEKBAS,1,-50,-1
35734,Canale Giancola,Italia,17.85,40.683333,Brindisian amphora,VISELLI,1,-125,-25
32604,Oderzo,Italia,12.488056,45.78,Dressel 6B,CALCRISPINILLAE,1,-50,-1
40381,Brindisi,Italia,17.933333,40.633333,Brindisian amphora,LEONTISCVS,1,-125,-25
37398,Canale Giancola,Italia,17.85,40.683333,Brindisian amphora,STABVA,1,-125,-25
13765,Ivrea,Italia,7.866667,45.466667,Dressel 1,OPEL,1,-150,-1
34226,Modena,Italia,10.9,44.5,Amphora incerta,MHERPICF,0,,
40242,Brindisi,Italia,17.933333,40.633333,Brindisian amphora,EIKADI,1,-125,-25
38226,Brindisi,Italia,17.933333,40.633333,Brindisian amphora,VEHILI,1,-125,-25
25309,Sardegna,Corsica et Sardinia,8.44,39.881944,Africana 2,FANFORTCOLHADR,0,,
37434,Canale Giancola,Italia,17.85,40.683333,Brindisian amphora,VISELLI,1,-125,-25
32286,Cremona,Italia,10.033333,45.116667,Amphora incerta,EVNO,0,,
40112,Brindisi,Italia,17.933333,40.633333,Brindisian amphora,CTESO,1,-125,-25
32752,Padova,Italia,11.883333,45.416667,Dressel 6B,AMETHY,1,-50,-1
28343,Ostia Antica,Italia,12.283333,41.75,Dressel 20,IICCLLM,0,,
34215,Provincia di Parma,Italia,10.083333,44.7,Amphora incerta,CFG,0,,
37855,Brindisi,Italia,17.933333,40.633333,Brindisian amphora,PCLAVDIVSNQ,1,-125,-25
26397,Ljubljana (Emona),Italia,14.514444,46.055278,Dressel 6B,CLAEKBAS,1,-50,-1
35052,Canale Giancola,Italia,17.85,40.683333,Brindisian amphora,DEMETRI,1,-125,-25
35146,Canale Giancola,Italia,17.85,40.683333,Brindisian amphora,DIOCLES,1,-125,-25
35001,Canale Giancola,Italia,17.85,40.683333,Brindisian amphora,DAMATRI,1,-125,-25
32632,Oderzo,Italia,12.488056,45.78,Dressel 6B,ADEL,1,-50,-1
27030,Ostia Antica,Italia,12.283333,41.75,Dressel 20,CMMCR,0,,
34542,Canale Giancola,Italia,17.85,40.683333,Brindisian amphora,APELLAE,1,-125,-25
35626,Canale Giancola,Italia,17.85,40.683333,Brindisian amphora,VISELLI,1,-125,-25
27190,Ostia Antica,Italia,12.283333,41.75,Almagro 50,ANGE,0,,
37274,Canale Giancola,Italia,17.85,40.683333,Brindisian amphora,CHARITON,1,-125,-25
20362,Ostia Antica,Italia,12.283333,41.75,Keay 16,ANCE,0,,
23172,Tortona,Italia,8.866667,44.9,Dressel 6B,IMPDOMITIANI,1,-50,-1
38344,Brindisi,Italia,17.933333,40.633333,Brindisian amphora,VEHILI,1,-125,-25
14092,Hochtaunuskreis,Italia,16.2,39.816667,Dressel 20,MSM,0,,
10483,Altino,Italia,12.393333,45.544444,Dressel 6A,LCORNELIAMICI,1,-50,-1
35797,Canale Giancola,Italia,17.85,40.683333,Brindisian amphora,VISELLI,1,-125,-25
34861,Canale Giancola,Italia,17.85,40.683333,Brindisian amphora,ARCHELA,1,-125,-25
37911,Brindisi,Italia,17.933333,40.633333,Brindisian amphora,LLVCI,1,-125,-25
25366,Vercelli,Italia,8.416667,45.316667,Dressel 6B,AEDEARC,1,-50,-1
35086,Canale Giancola,Italia,17.85,40.683333,Brindisian amphora,DIOCLES,1,-125,-25
35867,Canale Giancola,Italia,17.85,40.683333,Brindisian amphora,DEMETREI,1,-125,-25
40567,Brindisi,Italia,17.933333,40.633333,Brindisian amphora,MENOPHILI,1,-125,-25
35426,Canale Giancola,Italia,17.85,40.683333,Brindisian amphora,SCOPAS,1,-125,-25
35862,Canale Giancola,Italia,17.85,40.683333,Brindisian amphora,DAZIO,1,-125,-25
37546,Canale Giancola,Italia,17.85,40.683333,Brindisian amphora,VISELLI,1,-125,-25
37862,Brindisi,Italia,17.933333,40.633333,Brindisian amphora,LCORNELIQ,1,-125,-25
37529,Canale Giancola,Italia,17.85,40.683333,Brindisian amphora,VISELLI,1,-125,-25
10468,Altino,Italia,12.393333,45.544444,Dressel 6B,VARIPACCI,1,-50,-1
35864,Canale Giancola,Italia,17.85,40.683333,Brindisian amphora,DEMETREI,1,-125,-25
39973,Ostia Antica,Italia,12.283333,41.75,Dressel 20,QFVLNIC,0,,
35740,Canale Giancola,Italia,17.85,40.683333,Brindisian amphora,VISELLI,1,-125,-25
37821,Brindisi,Italia,17.933333,40.633333,Brindisian amphora,CNAVDI,1,-125,-25
29325,Ostia Antica,Italia,12.283333,41.75,Dressel 20,PNN,0,,
40180,Brindisi,Italia,17.933333,40.633333,Brindisian amphora,DEMETRI,1,-125,-25
25292,Sardegna,Corsica et Sardinia,8.44,39.881944,Amphora incerta,SAED,0,,
35189,Canale Giancola,Italia,17.85,40.683333,Brindisian amphora,HERMAISCI,1,-125,-25
33822,Albinia,Italia,11.25,42.5,Greco-Itálica,SE,1,-400,-100
37255,Canale Giancola,Italia,17.85,40.683333,Brindisian amphora,ARCHELLA,1,-125,-25
35602,Canale Giancola,Italia,17.85,40.683333,Brindisian amphora,VISELLI,1,-125,-25
34359,Modena,Italia,10.9,44.5,Operculum,PIHILARI,0,,
35309,Canale Giancola,Italia,17.85,40.683333,Brindisian amphora,LVKAON,1,-125,-25
38007,Brindisi,Italia,17.933333,40.633333,Brindisian amphora,CADUCEUS,1,-125,-25
40520,Brindisi,Italia,17.933333,40.633333,Brindisian amphora,MENOPILVS,1,-125,-25
37392,Canale Giancola,Italia,17.85,40.683333,Brindisian amphora,STABVA,1,-125,-25
35380,Canale Giancola,Italia,17.85,40.683333,Brindisian amphora,LVKAON,1,-125,-25
34715,Canale Giancola,Italia,17.85,40.683333,Brindisian amphora,APOLONIDA,1,-125,-25
26137,Ordona,Italia,15.616667,41.316667,Dressel ante 6B,ACAS,0,,
34283,Provincia di Parma,Italia,10.083333,44.7,Amphora incerta,PSVTORI,0,,
34603,Canale Giancola,Italia,17.85,40.683333,Brindisian amphora,APELLESAEH,1,-125,-25
4971,Ostia Antica,Italia,12.283333,41.75,Africana,COLLEPFELIC,0,,
36957,Sicilia,Sicilia,15.1,37.5,Amphora incerta,QVI,0,,
35035,Canale Giancola,Italia,17.85,40.683333,Brindisian amphora,DEMETRI,1,-125,-25
34609,Canale Giancola,Italia,17.85,40.683333,Brindisian amphora,APELLESAEH,1,-125,-25
33885,Albinia,Italia,11.25,42.5,Dressel 1C,DAS,1,-150,-1
40255,Brindisi,Italia,17.933333,40.633333,Brindisian amphora,HPAIOC,1,-125,-25
41048,Brindisi,Italia,17.933333,40.633333,Brindisian amphora,ANINIANA,1,-125,-25
32759,Padova,Italia,11.883333,45.416667,Dressel 6B,FA,1,-50,-1
33683,Castelfranco Emilia,Italia,11.05,44.616667,Dressel 2-4,TEBIDPARHALI,1,-30,-1
38203,Brindisi,Italia,17.933333,40.633333,Brindisian amphora,VEHILI,1,-125,-25
38174,Brindisi,Italia,17.933333,40.633333,Brindisian amphora,VEHILI,1,-125,-25
41046,Brindisi,Italia,17.933333,40.633333,Brindisian amphora,ANINIANA,1,-125,-25
10485,Altino,Italia,12.393333,45.544444,Dressel 6A,EXSPECTATGAVI,1,-50,-1
28217,Ostia Antica,Italia,12.283333,41.75,Dressel 20,PNN,0,,
21082,Tournus,Italia,6.75,44.466667,Dressel 1,CFD,1,-150,-1
18611,Îles Lavezzi,Corsica et Sardinia,9.254185,41.341096,Dressel 2-4 Catalan,POT,1,-30,-1
37837,Brindisi,Italia,17.933333,40.633333,Brindisian amphora,PCLAVDIVSPNQ,1,-125,-25
32650,Oderzo,Italia,12.488056,45.78,Dressel 6B,FELIXSCR,1,-50,-1
36952,Sardegna,Corsica et Sardinia,9.516667,40.916667,Amphora incerta,SHX,0,,
37690,Brindisi,Italia,17.933333,40.633333,Brindisian amphora,CANINI,1,-125,-25
4658,Este,Italia,11.65,45.233333,Lamboglia 2,NICOST,1,-125,-25
38219,Brindisi,Italia,17.933333,40.633333,Brindisian amphora,VEHILI,1,-125,-25
37246,Canale Giancola,Italia,17.85,40.683333,Brindisian amphora,APOLONI,1,-125,-25
29218,Ostia Antica,Italia,12.283333,41.75,Dressel 20,AELIFVSCIANI,0,,
26276,Ostia Antica,Italia,12.283333,41.75,Africana,DONASVLL,0,,
33921,Albinia,Italia,11.25,42.5,Dressel 1C,D,1,-150,-1
33014,Padova,Italia,11.883333,45.416667,Dressel 6A,TIIVLP,1,-50,-1
23049,Tortona,Italia,8.866667,44.9,Dressel 6B,CLAEK,1,-50,-1
20433,Tortona,Italia,8.866667,44.9,Amphora incerta,BERE,0,,
29211,Ostia Antica,Italia,12.283333,41.75,Dressel 20,DEF,0,,
40018,Brindisi,Italia,17.933333,40.633333,Brindisian amphora,BAHANO,1,-125,-25
25303,Sardegna,Corsica et Sardinia,8.44,39.881944,Amphora incerta,VCI,0,,
34629,Canale Giancola,Italia,17.85,40.683333,Brindisian amphora,APOLLONID,1,-125,-25
35043,Canale Giancola,Italia,17.85,40.683333,Brindisian amphora,DEMETRI,1,-125,-25
40509,Brindisi,Italia,17.933333,40.633333,Brindisian amphora,MENECRATES,1,-125,-25
9577,Padova,Italia,11.883333,45.416667,Lamboglia 2,DIONC,1,-125,-25
35544,Canale Giancola,Italia,17.85,40.683333,Brindisian amphora,SCOPAS,1,-125,-25
40691,Brindisi,Italia,17.933333,40.633333,Brindisian amphora,PILEMO,1,-125,-25
35977,Canale Giancola,Italia,17.85,40.683333,Brindisian amphora,CNPETROSOSTR,1,-125,-25
33788,Albinia,Italia,11.25,42.5,Dressel 1,AIAS,1,-150,-1
33880,Albinia,Italia,11.25,42.5,Dressel 1C,DAS,1,-150,-1
33074,Erice,Sicilia,12.583333,38.033333,Greco-Itálica,QANTRO,1,-400,-100
36205,Ancona,Italia,13.5,43.633333,Lamboglia 2,POMDOIMMOG,1,-125,-25
38002,Brindisi,Italia,17.933333,40.633333,Brindisian amphora,PVEBAL,1,-125,-25
9684,Padova,Italia,11.883333,45.416667,Amphora incerta,LAE,0,,
40636,Brindisi,Italia,17.933333,40.633333,Brindisian amphora,PERDICAS,1,-125,-25
33760,Piadena,Italia,10.366667,45.133333,Lamboglia 2,NO,1,-125,-25
28257,Ostia Antica,Italia,12.283333,41.75,Dressel 20,PNN,0,,
26195,Ostia Antica,Italia,12.283333,41.75,Africana,TFASVL,0,,
37509,Canale Giancola,Italia,17.85,40.683333,Brindisian amphora,VISELLI,1,-125,-25
35156,Canale Giancola,Italia,17.85,40.683333,Brindisian amphora,DIOCLES,1,-125,-25
33972,Lodi Vecchio,Italia,9.4,45.3,Dressel 6A,OPTATIETMARCELLI,1,-50,-1
32846,Padova,Italia,11.883333,45.416667,Dressel 6B,ILEGIBLE,1,-50,-1
34493,Canale Giancola,Italia,17.85,40.683333,Brindisian amphora,AENEAS,1,-125,-25
40652,Brindisi,Italia,17.933333,40.633333,Brindisian amphora,PILEMO,1,-125,-25
40430,Brindisi,Italia,17.933333,40.633333,Brindisian amphora,MENAS,1,-125,-25
17051,Lipari,Sicilia,14.933333,38.483333,Richborough 527,ALB,0,,
40576,Brindisi,Italia,17.933333,40.633333,Brindisian amphora,NOYMHNIO,1,-125,-25
34864,Canale Giancola,Italia,17.85,40.683333,Brindisian amphora,ARCHELA,1,-125,-25
37749,Brindisi,Italia,17.933333,40.633333,Brindisian amphora,LANINIVS,1,-125,-25
25287,Sardegna,Corsica et Sardinia,8.44,39.881944,Amphora incerta,QISA,0,,
34626,Canale Giancola,Italia,17.85,40.683333,Brindisian amphora,APOLLONID,1,-125,-25
36789,Vicenza,Italia,11.55,45.55,Dressel 6B,LIVNIPAETI,1,-50,-1
33856,Albinia,Italia,11.25,42.5,Dressel 1C,ARS,1,-150,-1
35228,Canale Giancola,Italia,17.85,40.683333,Brindisian amphora,HERMAISCI,1,-125,-25
40729,Brindisi,Italia,17.933333,40.633333,Brindisian amphora,PTOLEMAE,1,-125,-25
33098,Erice,Sicilia,12.583333,38.033333,Greco-Itálica,TRLOISIO,1,-400,-100
40724,Brindisi,Italia,17.933333,40.633333,Brindisian amphora,PTOLEMAE,1,-125,-25
34877,Canale Giancola,Italia,17.85,40.683333,Brindisian amphora,ARCHELA,1,-125,-25
40087,Brindisi,Italia,17.933333,40.633333,Brindisian amphora,BATON,1,-125,-25
4661,Este,Italia,11.65,45.233333,Lamboglia 2,H,1,-125,-25
23158,Tortona,Italia,8.866667,44.9,Dressel 6B,APICI,1,-50,-1
35753,Canale Giancola,Italia,17.85,40.683333,Brindisian amphora,VISELLI,1,-125,-25
35987,Canale Giancola,Italia,17.85,40.683333,Brindisian amphora,CNPETROSOSTR,1,-125,-25
40070,Brindisi,Italia,17.933333,40.633333,Brindisian amphora,BATON,1,-125,-25
35033,Canale Giancola,Italia,17.85,40.683333,Brindisian amphora,DEMETRI,1,-125,-25
37751,Brindisi,Italia,17.933333,40.633333,Brindisian amphora,LANINIVS,1,-125,-25
34261,Provincia di Parma,Italia,10.083333,44.7,Amphora incerta,PRIMIGIINIVS,0,,
19429,Îles Perduto,Corsica et Sardinia,9.305129,41.369872,Dressel 2-4 Catalan,HILARI,1,-30,-1
34656,Canale Giancola,Italia,17.85,40.683333,Brindisian amphora,APOLLONID,1,-125,-25
35646,Canale Giancola,Italia,17.85,40.683333,Brindisian amphora,VISELLI,1,-125,-25
9624,Padova,Italia,11.883333,45.416667,Dressel 6A,LTAR,1,-50,-1
33755,Domagnano,Italia,12.466667,43.95,Lamboglia 2,VMBRICLVMBRICI,1,-125,-25
35178,Canale Giancola,Italia,17.85,40.683333,Brindisian amphora,HERMAISCI,1,-125,-25
35377,Canale Giancola,Italia,17.85,40.683333,Brindisian amphora,LVKAON,1,-125,-25
39957,Ostia Antica,Italia,12.283333,41.75,Amphora incerta,APM,0,,
34868,Canale Giancola,Italia,17.85,40.683333,Brindisian amphora,ARCHELA,1,-125,-25
40236,Brindisi,Italia,17.933333,40.633333,Brindisian amphora,EIKADIO,1,-125,-25
10543,Altino,Italia,12.393333,45.544444,Dressel 6B,PQSCAPVLAE,1,-50,-1
28325,Ostia Antica,Italia,12.283333,41.75,Dressel 20,MAT,0,,
9755,Milano,Italia,9.2,45.466667,Lamboglia 2,DION,1,-125,-25
35339,Canale Giancola,Italia,17.85,40.683333,Brindisian amphora,LVKAON,1,-125,-25
37235,Rosignano Marittimo,Italia,10.466667,43.4,Operculum,MRVFIM,0,,
35037,Canale Giancola,Italia,17.85,40.683333,Brindisian amphora,DEMETRI,1,-125,-25
34792,Canale Giancola,Italia,17.85,40.683333,Brindisian amphora,APOLLONIDES,1,-125,-25
34548,Canale Giancola,Italia,17.85,40.683333,Brindisian amphora,APELLAE,1,-125,-25
37572,Canale Giancola,Italia,17.85,40.683333,Brindisian amphora,VISELLI,1,-125,-25
33797,Albinia,Italia,11.25,42.5,Dressel 1,APOL,1,-150,-1
35917,Canale Giancola,Italia,17.85,40.683333,Brindisian amphora,LMARCISATVR,1,-125,-25
34522,Canale Giancola,Italia,17.85,40.683333,Brindisian amphora,ANDRONICI,1,-125,-25
35974,Canale Giancola,Italia,17.85,40.683333,Brindisian amphora,CNPETROSOSTR,1,-125,-25
34622,Canale Giancola,Italia,17.85,40.683333,Brindisian amphora,APOLLONID,1,-125,-25
4820,Barletta,Italia,16.283333,41.316667,Lamboglia 2,BALI,1,-125,-25
38206,Brindisi,Italia,17.933333,40.633333,Brindisian amphora,VEHILI,1,-125,-25
37552,Canale Giancola,Italia,17.85,40.683333,Brindisian amphora,VISELLI,1,-125,-25
36182,Ancona,Italia,13.5,43.633333,Lamboglia 2,PHALLPHALL,1,-125,-25
35872,Canale Giancola,Italia,17.85,40.683333,Brindisian amphora,PROTAGATHVS,1,-125,-25
34834,Canale Giancola,Italia,17.85,40.683333,Brindisian amphora,APOLONI,1,-125,-25
36738,Padova,Italia,11.883333,45.416667,Dressel 6B,PRI,1,-50,-1
33258,Martigny,Italia,7.076771,46.104593,Dressel 20,PIRP,0,,
40827,Brindisi,Italia,17.933333,40.633333,Brindisian amphora,SOTERICSOTERIX,1,-125,-25
33746,Coriano,Italia,12.6,43.966667,Amphora incerta,SAEMSMF,0,,
19201,Isola di Giannutri,Italia,11.1,42.25,Africana 1A pic.,CSA,0,,
34198,Bologna,Italia,11.333333,44.483333,Amphora incerta,COSTINI,0,,
26171,Porto Torres,Corsica et Sardinia,8.397222,40.835,Africana 2D Grande,ANLEP,0,,
35532,Canale Giancola,Italia,17.85,40.683333,Brindisian amphora,SCOPAS,1,-125,-25
35050,Canale Giancola,Italia,17.85,40.683333,Brindisian amphora,DEMETRI,1,-125,-25
10534,Altino,Italia,12.393333,45.544444,Lamboglia 2,VERSO,1,-125,-25
37833,Brindisi,Italia,17.933333,40.633333,Brindisian amphora,ACAESELIAFQ,1,-125,-25
38418,Brindisi,Italia,17.933333,40.633333,Brindisian amphora,APELLES,1,-125,-25
35727,Canale Giancola,Italia,17.85,40.683333,Brindisian amphora,VISELLI,1,-125,-25
34973,Canale Giancola,Italia,17.85,40.683333,Brindisian amphora,ARCHELAVS,1,-125,-25
10585,Altino,Italia,12.393333,45.544444,Amphora incerta,PMP,0,,
26169,Porto Torres,Corsica et Sardinia,8.397222,40.835,Africana 2D Grande,PAVLFH,0,,
38027,Brindisi,Italia,17.933333,40.633333,Brindisian amphora,CVEHILI,1,-125,-25
34562,Canale Giancola,Italia,17.85,40.683333,Brindisian amphora,APELLAE,1,-125,-25
34224,Modena,Italia,10.9,44.5,Amphora incerta,MHEPICEN,0,,
10599,Este,Italia,11.65,45.233333,Dressel 6B,APPVLCRI,1,-50,-1
35545,Canale Giancola,Italia,17.85,40.683333,Brindisian amphora,SCOPAS,1,-125,-25
33875,Albinia,Italia,11.25,42.5,Dressel 1C,DAS,1,-150,-1
27222,Massa d'Albe,Italia,13.383333,42.1,Almagro 50,LEVGEN,0,,
20351,Ostia Antica,Italia,12.283333,41.75,Dressel 20,AELIFVSCIANI,0,,
32780,Padova,Italia,11.883333,45.416667,Dressel 6B,CAEKANI,1,-50,-1
28378,Ostia Antica,Italia,12.283333,41.75,Dressel 20,QIC,0,,
37014,Vicenza,Italia,11.45,45.666667,Amphora incerta,AEBLIDIENI,0,,
16176,Este,Italia,11.65,45.233333,Dressel 6B,PSEPVLLI,1,-50,-1
38376,Brindisi,Italia,17.933333,40.633333,Brindisian amphora,VHEILI,1,-125,-25
10542,Altino,Italia,12.393333,45.544444,Dressel 6B,ACCI,1,-50,-1
34709,Canale Giancola,Italia,17.85,40.683333,Brindisian amphora,APOLONIDA,1,-125,-25
34512,Canale Giancola,Italia,17.85,40.683333,Brindisian amphora,AENEAS,1,-125,-25
40295,Brindisi,Italia,17.933333,40.633333,Brindisian amphora,EVTVCHI,1,-125,-25
32888,Padova,Italia,11.883333,45.416667,Dressel 6B,ACCI,1,-50,-1
40701,Brindisi,Italia,17.933333,40.633333,Brindisian amphora,PHILONICAPPVLEI,1,-125,-25
40932,Brindisi,Italia,17.933333,40.633333,Brindisian amphora,ANINIANA,1,-125,-25
33017,Padova,Italia,11.883333,45.416667,Dressel 6B,CRISPINILLI,1,-50,-1
27077,Ascoli Satriano,Italia,15.566667,41.2,Lamboglia 2,HPAIOC,1,-125,-25
26326,Ostia Antica,Italia,12.283333,41.75,Africana 2D Grande,TEPSVRI,0,,
37951,Brindisi,Italia,17.933333,40.633333,Brindisian amphora,QOBVLTRON,1,-125,-25
10516,Altino,Italia,12.393333,45.544444,Dressel ante 6B,NTK,0,,
34173,Modena,Italia,10.9,44.5,Amphora incerta,APICI,0,,
32295,Padova,Italia,11.883333,45.416667,Dressel 6B,CLAECS,1,-50,-1
4751,Brindisi,Italia,17.933333,40.633333,Brindisian amphora,AENEABETIL,1,-125,-25
25482,Capalbio,Italia,11.416667,42.45,Dressel 2-4 Catalan,PTPL,1,-30,-1
33862,Albinia,Italia,11.25,42.5,Dressel 1C,DAS,1,-150,-1
34999,Canale Giancola,Italia,17.85,40.683333,Brindisian amphora,DAMATRI,1,-125,-25
40125,Brindisi,Italia,17.933333,40.633333,Brindisian amphora,DAMA,1,-125,-25
18561,Île Cavallo,Corsica et Sardinia,9.262903,41.368374,Dressel 2-4 Catalan,PTE,1,-30,-1
29400,Ostia Antica,Italia,12.283333,41.75,Dressel 20,XIIIIHP,0,,
40818,Brindisi,Italia,17.933333,40.633333,Brindisian amphora,SOTERICSOTERIX,1,-125,-25
28171,Ostia Antica,Italia,12.283333,41.75,Dressel 20,POPVLI,0,,
40005,Brindisi,Italia,17.933333,40.633333,Brindisian amphora,BAHANO,1,-125,-25
37489,Canale Giancola,Italia,17.85,40.683333,Brindisian amphora,VISELLI,1,-125,-25
35326,Canale Giancola,Italia,17.85,40.683333,Brindisian amphora,LVKAON,1,-125,-25
37453,Canale Giancola,Italia,17.85,40.683333,Brindisian amphora,VISELLI,1,-125,-25
35871,Canale Giancola,Italia,17.85,40.683333,Brindisian amphora,PROTAGATHVS,1,-125,-25
37759,Brindisi,Italia,17.933333,40.633333,Brindisian amphora,LANINIVS,1,-125,-25
40587,Brindisi,Italia,17.933333,40.633333,Brindisian amphora,NOYMHNIO,1,-125,-25
26253,Ostia Antica,Italia,12.283333,41.75,Africana 2D Grande,TOPHLV,0,,
39241,Brindisi,Italia,17.933333,40.633333,Brindisian amphora,APOLONI,1,-125,-25
40515,Brindisi,Italia,17.933333,40.633333,Brindisian amphora,MENOPILVS,1,-125,-25
35239,Canale Giancola,Italia,17.85,40.683333,Brindisian amphora,LVCAO,1,-125,-25
33085,Erice,Sicilia,12.583333,38.033333,Greco-Itálica,MDCIO,1,-400,-100
37445,Canale Giancola,Italia,17.85,40.683333,Brindisian amphora,VISELLI,1,-125,-25
39268,Brindisi,Italia,17.933333,40.633333,Brindisian amphora,APOLLONI,1,-125,-25
37527,Canale Giancola,Italia,17.85,40.683333,Brindisian amphora,VISELLI,1,-125,-25
25400,Cosa,Italia,12.896389,46.057778,Dressel 1A,SIGNUM,1,-150,-1
33133,Entella,Italia,9.333333,44.316667,Dressel 1,NA,1,-150,-1
39271,Brindisi,Italia,17.933333,40.633333,Brindisian amphora,APOLLONI,1,-125,-25
40261,Brindisi,Italia,17.933333,40.633333,Brindisian amphora,HPAIOC,1,-125,-25
33778,Gavello,Italia,11.916667,45.016667,Dressel 6B,APIC,1,-50,-1
35638,Canale Giancola,Italia,17.85,40.683333,Brindisian amphora,VISELLI,1,-125,-25
40644,Brindisi,Italia,17.933333,40.633333,Brindisian amphora,PHILEMONOS,1,-125,-25
34871,Canale Giancola,Italia,17.85,40.683333,Brindisian amphora,ARCHELA,1,-125,-25
35823,Canale Giancola,Italia,17.85,40.683333,Brindisian amphora,VISELLI,1,-125,-25
39285,Brindisi,Italia,17.933333,40.633333,Brindisian amphora,APOLLONI,1,-125,-25
25767,Ostia Antica,Italia,12.283333,41.75,Dressel 20,PARVA,0,,
35429,Canale Giancola,Italia,17.85,40.683333,Brindisian amphora,SCOPAS,1,-125,-25
40955,Brindisi,Italia,17.933333,40.633333,Brindisian amphora,ANINIANA,1,-125,-25
9282,Este,Italia,11.65,45.233333,Dressel 6B,AV,1,-50,-1
9597,Padova,Italia,11.883333,45.416667,Dressel 6A,COT,1,-50,-1
40426,Brindisi,Italia,17.933333,40.633333,Brindisian amphora,LVCRIO,1,-125,-25
26374,Ljubljana (Emona),Italia,14.514444,46.055278,Dressel 6B,CALCRISPINILLAE,1,-50,-1
35292,Canale Giancola,Italia,17.85,40.683333,Brindisian amphora,LVKAON,1,-125,-25
29291,Ostia Antica,Italia,12.283333,41.75,Dressel 20,LFC,0,,
36004,Alghero,Corsica et Sardinia,8.318056,40.558889,Dressel 2-4,MPM,1,-30,-1
37702,Brindisi,Italia,17.933333,40.633333,Brindisian amphora,CANINI,1,-125,-25
40444,Brindisi,Italia,17.933333,40.633333,Brindisian amphora,MENAIS,1,-125,-25
35290,Canale Giancola,Italia,17.85,40.683333,Brindisian amphora,LVKAON,1,-125,-25
9682,Padova,Italia,11.883333,45.416667,Amphora incerta,VMBRI,0,,
26170,Porto Torres,Corsica et Sardinia,8.397222,40.835,Africana 2D Grande,SECDIFHD,0,,
34177,Provincia di Parma,Italia,10.083333,44.7,Amphora incerta,APICI,0,,
40688,Brindisi,Italia,17.933333,40.633333,Brindisian amphora,PILEMO,1,-125,-25
34746,Canale Giancola,Italia,17.85,40.683333,Brindisian amphora,APOLONIDA,1,-125,-25
32612,Oderzo,Italia,12.488056,45.78,Dressel 6B,CRISPIN,1,-50,-1
32809,Padova,Italia,11.883333,45.416667,Dressel 6B,APICI,1,-50,-1
34998,Canale Giancola,Italia,17.85,40.683333,Brindisian amphora,DAMATRI,1,-125,-25
32687,Oderzo,Italia,12.488056,45.78,Dressel 6B,VARIPACC,1,-50,-1
37674,Brindisi,Italia,17.933333,40.633333,Brindisian amphora,CANINI,1,-125,-25
40721,Brindisi,Italia,17.933333,40.633333,Brindisian amphora,PTOLEMAE,1,-125,-25
40797,Brindisi,Italia,17.933333,40.633333,Brindisian amphora,PVLADEI,1,-125,-25
35141,Canale Giancola,Italia,17.85,40.683333,Brindisian amphora,DIOCLES,1,-125,-25
33888,Albinia,Italia,11.25,42.5,Dressel 1C,DIS,1,-150,-1
34653,Canale Giancola,Italia,17.85,40.683333,Brindisian amphora,APOLLONID,1,-125,-25
40491,Brindisi,Italia,17.933333,40.633333,Brindisian amphora,MENECRATES,1,-125,-25
38221,Brindisi,Italia,17.933333,40.633333,Brindisian amphora,VEHILI,1,-125,-25
32267,Cremona,Italia,10.033333,45.116667,Lamboglia 2,LTAR,1,-125,-25
36204,Ancona,Italia,13.5,43.633333,Lamboglia 2,SOL,1,-125,-25
35904,Canale Giancola,Italia,17.85,40.683333,Brindisian amphora,LMARCISATVR,1,-125,-25
18658,Îles Perduto,Corsica et Sardinia,9.305129,41.369872,Dressel 2-4 Catalan,HIL,1,-30,-1
41081,Brindisi,Italia,17.933333,40.633333,Brindisian amphora,ANINIANA,1,-125,-25
37373,Canale Giancola,Italia,17.85,40.683333,Brindisian amphora,SCOPAS,1,-125,-25
25361,Vercelli,Italia,8.416667,45.316667,Dressel 6B,IMP,1,-50,-1
33668,Umbria,Italia,12.55,43.05,Dressel 2-4,DIODOPOXMEEPOIEI,1,-30,-1
25786,Ostia Antica,Italia,12.283333,41.75,Dressel 20,TATILIASIATICI,0,,
33916,Albinia,Italia,11.25,42.5,Dressel 1C,D,1,-150,-1
39263,Brindisi,Italia,17.933333,40.633333,Brindisian amphora,APLONI,1,-125,-25
26129,Trinitapoli,Italia,16.083333,41.35,Lamboglia 2,BARNA,1,-125,-25
40764,Brindisi,Italia,17.933333,40.633333,Brindisian amphora,PTOLEMAE,1,-125,-25
34793,Canale Giancola,Italia,17.85,40.683333,Brindisian amphora,APOLLONIDES,1,-125,-25
37017,Lazio,Italia,13.25,41.7,Dressel 20,AELIFVSCIANI,0,,
37781,Brindisi,Italia,17.933333,40.633333,Brindisian amphora,APPVLEI,1,-125,-25
41044,Brindisi,Italia,17.933333,40.633333,Brindisian amphora,ANINIANA,1,-125,-25
28215,Ostia Antica,Italia,12.283333,41.75,Dressel 20,PNN,0,,
13778,Gricignano d'Aversa,Italia,14.233333,40.983333,Africana 2,AFI,0,,
20308,Isola Sacra,Italia,12.25,41.75,Africana,TEPKOP,0,,
34311,Modena,Italia,10.9,44.5,Amphora incerta,MIEEMMHEPICEN,0,,
38443,Brindisi,Italia,17.933333,40.633333,Brindisian amphora,APELAES,1,-125,-25
37738,Brindisi,Italia,17.933333,40.633333,Brindisian amphora,CANINI,1,-125,-25
18572,Îles Lavezzi,Corsica et Sardinia,9.254185,41.341096,Dressel 2-4 Catalan,T,1,-30,-1
35924,Canale Giancola,Italia,17.85,40.683333,Brindisian amphora,LMARCISATVR,1,-125,-25
32765,Padova,Italia,11.883333,45.416667,Dressel 6B,LAE,1,-50,-1
37838,Brindisi,Italia,17.933333,40.633333,Brindisian amphora,PCLAVDIVSPNQ,1,-125,-25
18597,Îles Lavezzi,Corsica et Sardinia,9.254185,41.341096,Dressel 2-4 Catalan,CELSI,1,-30,-1
29393,Ostia Antica,Italia,12.283333,41.75,Dressel 20,MHGI,0,,
4792,Taranto,Italia,17.229722,40.476111,Greco-Itálica,TRLOISIO,1,-400,-100
34829,Canale Giancola,Italia,17.85,40.683333,Brindisian amphora,APOLONI,1,-125,-25
41031,Brindisi,Italia,17.933333,40.633333,Brindisian amphora,ANINIANA,1,-125,-25
28340,Ostia Antica,Italia,12.283333,41.75,Dressel 20,IICCLLM,0,,
18659,Îles Perduto,Corsica et Sardinia,9.305129,41.369872,Dressel 2-4 Catalan,CISSI,1,-30,-1
34585,Canale Giancola,Italia,17.85,40.683333,Brindisian amphora,APELLAE,1,-125,-25
32648,Oderzo,Italia,12.488056,45.78,Dressel 6B,FA,1,-50,-1
35792,Canale Giancola,Italia,17.85,40.683333,Brindisian amphora,VISELLI,1,-125,-25
33068,Erice,Sicilia,12.583333,38.033333,Greco-Itálica,ANTIO,1,-400,-100
35765,Canale Giancola,Italia,17.85,40.683333,Brindisian amphora,VISELLIVISELL,1,-125,-25
40859,Brindisi,Italia,17.933333,40.633333,Brindisian amphora,SOTERICO,1,-125,-25
35838,Canale Giancola,Italia,17.85,40.683333,Brindisian amphora,CERDO,1,-125,-25
12024,Susa,Italia,7.05,45.133333,Dressel 6B,PQSCAPVLAE,1,-50,-1
40056,Brindisi,Italia,17.933333,40.633333,Brindisian amphora,BATON,1,-125,-25
36845,Vicenza,Italia,11.55,45.55,Dressel 6B,VIAT,1,-50,-1
40009,Brindisi,Italia,17.933333,40.633333,Brindisian amphora,BAHANO,1,-125,-25
36848,Vicenza,Italia,11.55,45.55,Dressel 6B,LAEK,1,-50,-1
10576,Altino,Italia,12.393333,45.544444,Dressel 6A,THB,1,-50,-1
34717,Canale Giancola,Italia,17.85,40.683333,Brindisian amphora,APOLONIDA,1,-125,-25
37597,Canale Giancola,Italia,17.85,40.683333,Brindisian amphora,LUKAON,1,-125,-25
40502,Brindisi,Italia,17.933333,40.633333,Brindisian amphora,MENECRATES,1,-125,-25
35733,Canale Giancola,Italia,17.85,40.683333,Brindisian amphora,VISELLI,1,-125,-25
35024,Canale Giancola,Italia,17.85,40.683333,Brindisian amphora,DEMETRI,1,-125,-25
9817,Milano,Italia,9.2,45.466667,Lamboglia 2,SCNICSONIC,1,-125,-25
38233,Brindisi,Italia,17.933333,40.633333,Brindisian amphora,VEHILI,1,-125,-25
37563,Canale Giancola,Italia,17.85,40.683333,Brindisian amphora,VISELLI,1,-125,-25
41043,Brindisi,Italia,17.933333,40.633333,Brindisian amphora,ANINIANA,1,-125,-25
35449,Canale Giancola,Italia,17.85,40.683333,Brindisian amphora,SCOPAS,1,-125,-25
25370,Cosa,Italia,12.896389,46.057778,Dressel 1A,SES,1,-150,-1
33858,Albinia,Italia,11.25,42.5,Dressel 1C,ARS,1,-150,-1
40905,Brindisi,Italia,17.933333,40.633333,Brindisian amphora,TARVLAESVLLAEL,1,-125,-25
38356,Brindisi,Italia,17.933333,40.633333,Brindisian amphora,VEHILI,1,-125,-25
33696,Modena,Italia,10.9,44.5,Dressel 6A,CIRT,1,-50,-1
11109,Pegognaga,Italia,10.85,45.0,Dressel 6B,NNESECV,1,-50,-1
36763,Vicenza,Italia,11.55,45.55,Dressel 6A,MHERPHAE,1,-50,-1
37302,Canale Giancola,Italia,17.85,40.683333,Brindisian amphora,EPIGENVS,1,-125,-25
9766,Milano,Italia,9.2,45.466667,Lamboglia 2,GENTI,1,-125,-25
35162,Canale Giancola,Italia,17.85,40.683333,Brindisian amphora,DIOCLEI,1,-125,-25
35603,Canale Giancola,Italia,17.85,40.683333,Brindisian amphora,VISELLI,1,-125,-25
37684,Brindisi,Italia,17.933333,40.633333,Brindisian amphora,CANINI,1,-125,-25
37248,Canale Giancola,Italia,17.85,40.683333,Brindisian amphora,APOLONI,1,-125,-25
34990,Canale Giancola,Italia,17.85,40.683333,Brindisian amphora,DAEDALI,1,-125,-25
26314,Ostia Antica,Italia,12.283333,41.75,Africana 2B Grande,BSCDLEPMI,0,,
38028,Brindisi,Italia,17.933333,40.633333,Brindisian amphora,CVEHILI,1,-125,-25
9826,Milano,Italia,9.2,45.466667,Lamboglia 2,VV,1,-125,-25
33135,Agrigento,Sicilia,13.566667,37.316667,Greco-Itálica,ETEI,1,-400,-100
34563,Canale Giancola,Italia,17.85,40.683333,Brindisian amphora,APELLAE,1,-125,-25
37251,Canale Giancola,Italia,17.85,40.683333,Brindisian amphora,APOLONI,1,-125,-25
35251,Canale Giancola,Italia,17.85,40.683333,Brindisian amphora,LVCAO,1,-125,-25
35822,Canale Giancola,Italia,17.85,40.683333,Brindisian amphora,VISELLI,1,-125,-25
40001,Brindisi,Italia,17.933333,40.633333,Brindisian amphora,BAHANO,1,-125,-25
40631,Brindisi,Italia,17.933333,40.633333,Brindisian amphora,PERDICAS,1,-125,-25
29575,Ostia Antica,Italia,12.283333,41.75,Dressel 20,FIGCSIC,0,,
34638,Canale Giancola,Italia,17.85,40.683333,Brindisian amphora,APOLLONID,1,-125,-25
19209,Giglio Porto,Italia,10.916667,42.366667,Africana,STELLA,0,,
29321,Ostia Antica,Italia,12.283333,41.75,Dressel 20,PALMA,0,,
37261,Canale Giancola,Italia,17.85,40.683333,Brindisian amphora,CHARITON,1,-125,-25
32652,Oderzo,Italia,12.488056,45.78,Dressel 6B,CLAEKBASS,1,-50,-1
4817,Cerignola,Italia,15.9,41.266667,Lamboglia 2,COIO,1,-125,-25
37607,Canale Giancola,Italia,17.85,40.683333,Brindisian amphora,LUKAON,1,-125,-25
35736,Canale Giancola,Italia,17.85,40.683333,Brindisian amphora,VISELLI,1,-125,-25
40542,Brindisi,Italia,17.933333,40.633333,Brindisian amphora,MENOPILVS,1,-125,-25
38432,Brindisi,Italia,17.933333,40.633333,Brindisian amphora,APELAES,1,-125,-25
37427,Canale Giancola,Italia,17.85,40.683333,Brindisian amphora,VISELLI,1,-125,-25
40848,Brindisi,Italia,17.933333,40.633333,Brindisian amphora,SOTERICSOTERIX,1,-125,-25
34483,Trecino,Italia,12.05,36.8,Amphora incerta,SIGNUM,0,,
40843,Brindisi,Italia,17.933333,40.633333,Brindisian amphora,SOTERICSOTERIX,1,-125,-25
38102,Brindisi,Italia,17.933333,40.633333,Brindisian amphora,VEHILI,1,-125,-25
38101,Brindisi,Italia,17.933333,40.633333,Brindisian amphora,VEHILI,1,-125,-25
40669,Brindisi,Italia,17.933333,40.633333,Brindisian amphora,PILEMO,1,-125,-25
32766,Padova,Italia,11.883333,45.416667,Dressel 6B,LAEK,1,-50,-1
40756,Brindisi,Italia,17.933333,40.633333,Brindisian amphora,PTOLEMAE,1,-125,-25
10500,Altino,Italia,12.393333,45.544444,Dressel 6A,LTR,1,-50,-1
40708,Brindisi,Italia,17.933333,40.633333,Brindisian amphora,POSIDONI,1,-125,-25
35475,Canale Giancola,Italia,17.85,40.683333,Brindisian amphora,SCOPAS,1,-125,-25
36820,Vicenza,Italia,11.55,45.55,Dressel 6B,LAEKANI,1,-50,-1
4652,Este,Italia,11.65,45.233333,Dressel 6A,MHERPHAE,1,-50,-1
37351,Canale Giancola,Italia,17.85,40.683333,Brindisian amphora,PHILIPI,1,-125,-25
33669,Umbria,Italia,12.55,43.05,Dressel 20,PORLAR,0,,
33677,Fiorano Modenese,Italia,10.816667,44.533333,Lamboglia 2,C,1,-125,-25
26201,Ostia Antica,Italia,12.283333,41.75,Africana 2D Grande,SECDIFHD,0,,
4823,Canosa,Italia,16.066667,41.216667,Greco-Itálica,CA,1,-400,-100
35245,Canale Giancola,Italia,17.85,40.683333,Brindisian amphora,LVCAO,1,-125,-25
40654,Brindisi,Italia,17.933333,40.633333,Brindisian amphora,PILEMO,1,-125,-25
32872,Padova,Italia,11.883333,45.416667,Lamboglia 2,HERENNIA,1,-125,-25
29210,Ostia Antica,Italia,12.283333,41.75,Dressel 20,CEFP,0,,
33784,Albinia,Italia,11.25,42.5,Dressel 1,AIAS,1,-150,-1
35436,Canale Giancola,Italia,17.85,40.683333,Brindisian amphora,SCOPAS,1,-125,-25
35985,Canale Giancola,Italia,17.85,40.683333,Brindisian amphora,CNPETROSOSTR,1,-125,-25
41094,Brindisi,Italia,17.933333,40.633333,Brindisian amphora,VEHILIAN,1,-125,-25
36811,Vicenza,Italia,11.55,45.55,Dressel 6B,LAEK,1,-50,-1
35675,Canale Giancola,Italia,17.85,40.683333,Brindisian amphora,VISELLI,1,-125,-25
40851,Brindisi,Italia,17.933333,40.633333,Brindisian amphora,SOTERIC,1,-125,-25
32614,Oderzo,Italia,12.488056,45.78,Dressel 6B,CRISPINI,1,-50,-1
33779,Gavello,Italia,11.916667,45.016667,Dressel 6A,ILEGIBILE,1,-50,-1
34935,Canale Giancola,Italia,17.85,40.683333,Brindisian amphora,ARCHELA,1,-125,-25
40557,Brindisi,Italia,17.933333,40.633333,Brindisian amphora,MENOPILVS,1,-125,-25
35718,Canale Giancola,Italia,17.85,40.683333,Brindisian amphora,VISELLI,1,-125,-25
36729,Padova,Italia,11.883333,45.416667,Dressel 6B,IALIS,1,-50,-1
37741,Brindisi,Italia,17.933333,40.633333,Brindisian amphora,CANINI,1,-125,-25
36798,Vicenza,Italia,11.55,45.55,Dressel 6B,VNIPAETI,1,-50,-1
9594,Padova,Italia,11.883333,45.416667,Brindisian amphora,LATINI,1,-125,-25
32622,Oderzo,Italia,12.488056,45.78,Dressel 6B,FELICIO,1,-50,-1
36826,Vicenza,Italia,11.55,45.55,Dressel 6B,FELIXSCR,1,-50,-1
37444,Canale Giancola,Italia,17.85,40.683333,Brindisian amphora,VISELLI,1,-125,-25
40741,Brindisi,Italia,17.933333,40.633333,Brindisian amphora,PTOLEMAE,1,-125,-25
25323,Sardegna,Corsica et Sardinia,8.44,39.881944,Tegula,OLYBRIVC,0,,
39316,Brindisi,Italia,17.933333,40.633333,Brindisian amphora,APOLNVEB,1,-125,-25
9773,Milano,Italia,9.2,45.466667,Lamboglia 2,LCGENV,1,-125,-25
40926,Brindisi,Italia,17.933333,40.633333,Brindisian amphora,ANINIANA,1,-125,-25
9812,Calvatone,Italia,10.433333,45.116667,Lamboglia 2,SABOSAPO,1,-125,-25
33827,Albinia,Italia,11.25,42.5,Dressel 1,SOTIC,1,-150,-1
38119,Brindisi,Italia,17.933333,40.633333,Brindisian amphora,VEHILI,1,-125,-25
38031,Brindisi,Italia,17.933333,40.633333,Brindisian amphora,CVEHILI,1,-125,-25
9717,Calvatone,Italia,10.433333,45.116667,Lamboglia 2,ADIVTOT,1,-125,-25
10467,Altino,Italia,12.393333,45.544444,Dressel 6B,VARIPACCI,1,-50,-1
25076,Aquileia,Italia,13.368333,45.770278,Lamboglia 2,PAP,1,-125,-25
18604,Îles Lavezzi,Corsica et Sardinia,9.254185,41.341096,Dressel 2-4 Catalan,LYA,1,-30,-1
32322,Padova,Italia,11.883333,45.416667,Dressel 2-4,TEBIDPARHALI,1,-30,-1
35025,Canale Giancola,Italia,17.85,40.683333,Brindisian amphora,DEMETRI,1,-125,-25
4665,Este,Italia,11.65,45.233333,Lamboglia 2,LCORE,1,-125,-25
26328,Calabria,Italia,16.5,39.0,Africana,SECDIFHD,0,,
33857,Albinia,Italia,11.25,42.5,Dressel 1C,ARS,1,-150,-1
40566,Brindisi,Italia,17.933333,40.633333,Brindisian amphora,MENOPHILI,1,-125,-25
34619,Canale Giancola,Italia,17.85,40.683333,Brindisian amphora,APOLLONID,1,-125,-25
34158,Modena,Italia,10.9,44.5,Amphora incerta,LABVRI,0,,
33111,Lilibeo,Sicilia,12.416667,37.8,Greco-Itálica,TPOS,1,-400,-100
34102,Pisa,Italia,10.716667,43.416667,Brindisian amphora,LVKAON,1,-125,-25
32285,Cremona,Italia,10.033333,45.116667,Dressel 2-4,ATPOY,1,-30,-1
40987,Brindisi,Italia,17.933333,40.633333,Brindisian amphora,ANINIANA,1,-125,-25
40377,Brindisi,Italia,17.933333,40.633333,Brindisian amphora,LEONTISCVS,1,-125,-25
35312,Canale Giancola,Italia,17.85,40.683333,Brindisian amphora,LVKAON,1,-125,-25
32588,Oderzo,Italia,12.488056,45.78,Dressel 6A,D,1,-50,-1
35575,Canale Giancola,Italia,17.85,40.683333,Brindisian amphora,SCOPA,1,-125,-25
34497,Canale Giancola,Italia,17.85,40.683333,Brindisian amphora,AENEAS,1,-125,-25
26611,Herculanum,Italia,14.333333,40.8,Dressel 2-4 Catalan,NP,1,-30,-1
35110,Canale Giancola,Italia,17.85,40.683333,Brindisian amphora,DIOCLES,1,-125,-25
34569,Canale Giancola,Italia,17.85,40.683333,Brindisian amphora,APELLAE,1,-125,-25
37382,Canale Giancola,Italia,17.85,40.683333,Brindisian amphora,SCOPAS,1,-125,-25
21105,Tournus,Italia,6.75,44.466667,Dressel 1,EH,1,-150,-1
37893,Brindisi,Italia,17.933333,40.633333,Brindisian amphora,LFANNI,1,-125,-25
33025,Padova,Italia,11.883333,45.416667,Dressel 6B,ILEGIBLE,1,-50,-1
36770,Vicenza,Italia,11.55,45.55,Dressel 6A,VALRSQFF,1,-50,-1
33024,Padova,Italia,11.883333,45.416667,Dressel 6B,ILEGIBLE,1,-50,-1
19484,Imperia,Italia,8.05,43.883333,Dressel 2-4 Catalan,LE,1,-30,-1
40913,Brindisi,Italia,17.933333,40.633333,Brindisian amphora,TARVLAESVLLAEL,1,-125,-25
35725,Canale Giancola,Italia,17.85,40.683333,Brindisian amphora,VISELLI,1,-125,-25
33743,Ostiglia,Italia,11.133333,45.066667,Amphora incerta,TORIS,0,,
34964,Canale Giancola,Italia,17.85,40.683333,Brindisian amphora,ARCHELA,1,-125,-25
1192,Tivoli,Italia,7.166667,44.683333,Dressel 2-4,CAEDICIAEMFVICTRICIS,1,-30,-1
37825,Brindisi,Italia,17.933333,40.633333,Brindisian amphora,ACAESELIAFQ,1,-125,-25
35913,Canale Giancola,Italia,17.85,40.683333,Brindisian amphora,LMARCISATVR,1,-125,-25
37917,Brindisi,Italia,17.933333,40.633333,Brindisian amphora,LLVCI,1,-125,-25
35143,Canale Giancola,Italia,17.85,40.683333,Brindisian amphora,DIOCLES,1,-125,-25
34686,Canale Giancola,Italia,17.85,40.683333,Brindisian amphora,APOLONIDA,1,-125,-25
34495,Canale Giancola,Italia,17.85,40.683333,Brindisian amphora,AENEAS,1,-125,-25
29221,Ostia Antica,Italia,12.283333,41.75,Dressel 20,PALMA,0,,
25365,Vercelli,Italia,8.416667,45.316667,Dressel 6B,LTREOPTATI,1,-50,-1
36179,Ancona,Italia,13.5,43.633333,Lamboglia 2,MITRA,1,-125,-25
35077,Canale Giancola,Italia,17.85,40.683333,Brindisian amphora,DIOCLES,1,-125,-25
25304,Sardegna,Corsica et Sardinia,8.44,39.881944,Amphora incerta,MAE,0,,
40929,Brindisi,Italia,17.933333,40.633333,Brindisian amphora,ANINIANA,1,-125,-25
36803,Vicenza,Italia,11.55,45.55,Dressel 6B,PACCI,1,-50,-1
37402,Canale Giancola,Italia,17.85,40.683333,Brindisian amphora,STABVA,1,-125,-25
40215,Brindisi,Italia,17.933333,40.633333,Brindisian amphora,DIOPANTVS,1,-125,-25
9727,Milano,Italia,9.2,45.466667,Lamboglia 2,APOL,1,-125,-25
37315,Canale Giancola,Italia,17.85,40.683333,Brindisian amphora,LIBO,1,-125,-25
38411,Brindisi,Italia,17.933333,40.633333,Brindisian amphora,APELLE,1,-125,-25
37468,Canale Giancola,Italia,17.85,40.683333,Brindisian amphora,VISELLI,1,-125,-25
35968,Canale Giancola,Italia,17.85,40.683333,Brindisian amphora,CNPETROSOSTR,1,-125,-25
37531,Canale Giancola,Italia,17.85,40.683333,Brindisian amphora,VISELLI,1,-125,-25
39213,Brindisi,Italia,17.933333,40.633333,Brindisian amphora,APOLONI,1,-125,-25
40221,Brindisi,Italia,17.933333,40.633333,Brindisian amphora,DIOPANTVS,1,-125,-25
35074,Canale Giancola,Italia,17.85,40.683333,Brindisian amphora,DIOCLES,1,-125,-25
34531,Canale Giancola,Italia,17.85,40.683333,Brindisian amphora,ANDRONICI,1,-125,-25
10502,Altino,Italia,12.393333,45.544444,Dressel ante 6B,LVMBRICI,0,,
32794,Padova,Italia,11.883333,45.416667,Dressel 6A,CCARISTFRONT,1,-50,-1
35101,Canale Giancola,Italia,17.85,40.683333,Brindisian amphora,DIOCLES,1,-125,-25
9677,Padova,Italia,11.883333,45.416667,Amphora incerta,PACCI,0,,
38223,Brindisi,Italia,17.933333,40.633333,Brindisian amphora,VEHILI,1,-125,-25
39187,Brindisi,Italia,17.933333,40.633333,Brindisian amphora,APOLLONID,1,-125,-25
28139,Ostia Antica,Italia,12.283333,41.75,Dressel 20,FPAT,0,,
38435,Brindisi,Italia,17.933333,40.633333,Brindisian amphora,APELAES,1,-125,-25
34743,Canale Giancola,Italia,17.85,40.683333,Brindisian amphora,APOLONIDA,1,-125,-25
21340,Monasterace,Italia,16.55,38.45,Dressel 2-4 Italian,LEVMACH,0,,
37344,Canale Giancola,Italia,17.85,40.683333,Brindisian amphora,MENOPHILI,1,-125,-25
35464,Canale Giancola,Italia,17.85,40.683333,Brindisian amphora,SCOPAS,1,-125,-25
39317,Brindisi,Italia,17.933333,40.633333,Brindisian amphora,APOLNVEB,1,-125,-25
33137,Erice,Sicilia,12.583333,38.033333,Dressel 1,RD,1,-150,-1
33027,Padova,Italia,11.883333,45.416667,Dressel 6B,VARIPACCI,1,-50,-1
35717,Canale Giancola,Italia,17.85,40.683333,Brindisian amphora,VISELLI,1,-125,-25
10614,Este,Italia,11.65,45.233333,Dressel 6B,PQSCAPVLAE,1,-50,-1
35163,Canale Giancola,Italia,17.85,40.683333,Brindisian amphora,DIOCLEI,1,-125,-25
32769,Padova,Italia,11.883333,45.416667,Dressel 6B,CLAEB,1,-50,-1
28446,Ostia Antica,Italia,12.283333,41.75,Dressel 20,LIVNIMELISSI,0,,
34602,Canale Giancola,Italia,17.85,40.683333,Brindisian amphora,APELLESAEH,1,-125,-25
37729,Brindisi,Italia,17.933333,40.633333,Brindisian amphora,CANINI,1,-125,-25
40122,Brindisi,Italia,17.933333,40.633333,Brindisian amphora,DAMA,1,-125,-25
36973,Sicilia,Sicilia,13.583333,37.816667,Amphora incerta,NIS,0,,
33735,Ostiglia,Italia,11.133333,45.066667,Dressel 6B,LNE,1,-50,-1
35524,Canale Giancola,Italia,17.85,40.683333,Brindisian amphora,SCOPAS,1,-125,-25
33459,Cesena,Italia,12.249722,44.143333,Operculum,ILEGIBLE,0,,
28149,Ostia Antica,Italia,12.283333,41.75,Dressel 20,FPAT,0,,
40033,Brindisi,Italia,17.933333,40.633333,Brindisian amphora,BAHANO,1,-125,-25
39217,Brindisi,Italia,17.933333,40.633333,Brindisian amphora,APOLONI,1,-125,-25
37758,Brindisi,Italia,17.933333,40.633333,Brindisian amphora,LANINIVS,1,-125,-25
36961,Erice,Sicilia,12.583333,38.033333,Amphora incerta,LVESGEI,0,,
29337,Ostia Antica,Italia,12.283333,41.75,Dressel 20,LFLVC,0,,
34230,Arcevia,Italia,12.933333,43.5,Amphora incerta,HERMA,0,,
40815,Brindisi,Italia,17.933333,40.633333,Brindisian amphora,SOTERICSOTERIX,1,-125,-25
10479,Altino,Italia,12.393333,45.544444,Dressel 6A,THB,1,-50,-1
32659,Oderzo,Italia,12.488056,45.78,Dressel 6B,PIERI,1,-50,-1
37598,Brindisi,Italia,17.933333,40.633333,Brindisian amphora,STABUAS,1,-125,-25
40765,Brindisi,Italia,17.933333,40.633333,Brindisian amphora,PTOLEMAE,1,-125,-25
33043,Padova,Italia,11.883333,45.416667,Dressel 6B,IMP,1,-50,-1
32882,Padova,Italia,11.883333,45.416667,Dressel 6B,FELTVR,1,-50,-1
26250,Ostia Antica,Italia,12.283333,41.75,Africana 2D Grande,TOPHCS,0,,
34736,Canale Giancola,Italia,17.85,40.683333,Brindisian amphora,APOLONIDA,1,-125,-25
39244,Brindisi,Italia,17.933333,40.633333,Brindisian amphora,APOLONI,1,-125,-25
32649,Oderzo,Italia,12.488056,45.78,Dressel 6B,CLAEK,1,-50,-1
34572,Canale Giancola,Italia,17.85,40.683333,Brindisian amphora,APELLAE,1,-125,-25
18598,Îles Lavezzi,Corsica et Sardinia,9.254185,41.341096,Dressel 2-4 Catalan,QVAD,1,-30,-1
33048,Padova,Italia,11.883333,45.416667,Dressel 6B,ILEGIBILE,1,-50,-1
35647,Canale Giancola,Italia,17.85,40.683333,Brindisian amphora,VISELLI,1,-125,-25
35526,Canale Giancola,Italia,17.85,40.683333,Brindisian amphora,SCOPAS,1,-125,-25
34525,Canale Giancola,Italia,17.85,40.683333,Brindisian amphora,ANDRONICI,1,-125,-25
40679,Brindisi,Italia,17.933333,40.633333,Brindisian amphora,PILEMO,1,-125,-25
35049,Canale Giancola,Italia,17.85,40.683333,Brindisian amphora,DEMETRI,1,-125,-25
35460,Canale Giancola,Italia,17.85,40.683333,Brindisian amphora,SCOPAS,1,-125,-25
34767,Canale Giancola,Italia,17.85,40.683333,Brindisian amphora,APOLLONIDES,1,-125,-25
34333,Arezzo,Italia,11.883333,43.416667,Amphora incerta,IPPOKPATEYS,0,,
35351,Canale Giancola,Italia,17.85,40.683333,Brindisian amphora,LVKAON,1,-125,-25
34203,Bologna,Italia,11.333333,44.483333,Amphora incerta,CHODAMA,0,,
34271,Cecina,Italia,10.866667,43.833333,Amphora incerta,RVFI,0,,
35533,Canale Giancola,Italia,17.85,40.683333,Brindisian amphora,SCOPAS,1,-125,-25
40152,Brindisi,Italia,17.933333,40.633333,Brindisian amphora,DAMAS,1,-125,-25
32613,Oderzo,Italia,12.488056,45.78,Dressel 6B,CRISPIN,1,-50,-1
33948,Albinia,Italia,11.25,42.5,Dressel 1C,L,1,-150,-1
41018,Brindisi,Italia,17.933333,40.633333,Brindisian amphora,ANINIANA,1,-125,-25
38220,Brindisi,Italia,17.933333,40.633333,Brindisian amphora,VEHILI,1,-125,-25
37717,Brindisi,Italia,17.933333,40.633333,Brindisian amphora,CANINI,1,-125,-25
38030,Brindisi,Italia,17.933333,40.633333,Brindisian amphora,CVEHILI,1,-125,-25
40468,Brindisi,Italia,17.933333,40.633333,Brindisian amphora,MENECRATES,1,-125,-25
26190,Ostia Antica,Italia,12.283333,41.75,Africana,ASVLOTFEL,0,,
40759,Brindisi,Italia,17.933333,40.633333,Brindisian amphora,PTOLEMAE,1,-125,-25
37567,Canale Giancola,Italia,17.85,40.683333,Brindisian amphora,VISELLI,1,-125,-25
32765,Padova,Italia,11.883333,45.416667,Dressel 6B,FVI,1,-50,-1
32755,Padova,Italia,11.883333,45.416667,Dressel 6B,LAE,1,-50,-1
35040,Canale Giancola,Italia,17.85,40.683333,Brindisian amphora,DEMETRI,1,-125,-25
25674,Ostia Antica,Italia,12.283333,41.75,Dressel 20,CAN,0,,
32840,Padova,Italia,11.883333,45.416667,Dressel 6B,AE,1,-50,-1
40504,Brindisi,Italia,17.933333,40.633333,Brindisian amphora,MENECRATES,1,-125,-25
28213,Ostia Antica,Italia,12.283333,41.75,Dressel 20,PNN,0,,
35268,Canale Giancola,Italia,17.85,40.683333,Brindisian amphora,LVCAO,1,-125,-25
9695,Padova,Italia,11.883333,45.416667,Amphora incerta,AE,0,,
4847,Taranto,Italia,17.229722,40.476111,Lamboglia 2,BOISCVSMALLEOLI,1,-125,-25
37777,Brindisi,Italia,17.933333,40.633333,Brindisian amphora,APPVLEI,1,-125,-25
34889,Canale Giancola,Italia,17.85,40.683333,Brindisian amphora,ARCHELA,1,-125,-25
34692,Canale Giancola,Italia,17.85,40.683333,Brindisian amphora,APOLONIDA,1,-125,-25
32617,Oderzo,Italia,12.488056,45.78,Dressel 6B,CRISPINILI,1,-50,-1
40153,Brindisi,Italia,17.933333,40.633333,Brindisian amphora,DAMAS,1,-125,-25
20343,Ostia Antica,Italia,12.283333,41.75,Dressel 20,ACIRGI,0,,
33867,Albinia,Italia,11.25,42.5,Dressel 1C,DAS,1,-150,-1
37234,San Vincenzo,Italia,10.533333,43.1,Ignotus,FVIVCVN,0,,
29309,Ostia Antica,Italia,12.283333,41.75,Dressel 20,QFG,0,,
40046,Brindisi,Italia,17.933333,40.633333,Brindisian amphora,BAHANO,1,-125,-25
33806,Albinia,Italia,11.25,42.5,Greco-Itálica,NICIA,1,-400,-100
34248,Magreta,Italia,10.8,44.6,Amphora incerta,SNT,0,,
40326,Brindisi,Italia,17.933333,40.633333,Brindisian amphora,GORGIA,1,-125,-25
4770,Brindisi,Italia,17.933333,40.633333,Brindisian amphora,CTESO,1,-125,-25
26251,Ostia Antica,Italia,12.283333,41.75,Africana 1B pic.,TOPHCS,0,,
38430,Brindisi,Italia,17.933333,40.633333,Brindisian amphora,APELAES,1,-125,-25
33117,Lilibeo,Sicilia,12.416667,37.8,Greco-Itálica,MVA,1,-400,-100
40105,Brindisi,Italia,17.933333,40.633333,Brindisian amphora,CTESO,1,-125,-25
34270,Arcevia,Italia,12.933333,43.5,Amphora incerta,ROD,0,,
37796,Brindisi,Italia,17.933333,40.633333,Brindisian amphora,APPVLEI,1,-125,-25
32817,Padova,Italia,11.883333,45.416667,Dressel 6B,CHELAB,1,-50,-1
35046,Canale Giancola,Italia,17.85,40.683333,Brindisian amphora,DEMETRI,1,-125,-25
37431,Canale Giancola,Italia,17.85,40.683333,Brindisian amphora,VISELLI,1,-125,-25
36924,Siracusa,Sicilia,15.3,37.066667,Amphora incerta,AGX,0,,
23196,Tortona,Italia,8.866667,44.9,Dressel 6A,MHERPHAE,1,-50,-1
35154,Canale Giancola,Italia,17.85,40.683333,Brindisian amphora,DIOCLES,1,-125,-25
40043,Brindisi,Italia,17.933333,40.633333,Brindisian amphora,BAHANO,1,-125,-25
9596,Padova,Italia,11.883333,45.416667,Dressel 6A,APROCICRAS,1,-50,-1
32777,Asolo,Italia,11.9,45.8,Dressel 6B,CLAEK,1,-50,-1
36072,Urbisaglia,Italia,13.383333,43.2,Rodia,XLEYSYAXINTHIOY,0,,
36822,Vicenza,Italia,11.55,45.55,Dressel 6B,DI,1,-50,-1
37946,Brindisi,Italia,17.933333,40.633333,Brindisian amphora,QOBVLTRON,1,-125,-25
32282,Cremona,Italia,10.033333,45.116667,Lamboglia 2,EVRIDICI,1,-125,-25
10504,Altino,Italia,12.393333,45.544444,Dressel ante 6B,BPHILISTI,0,,
34615,Canale Giancola,Italia,17.85,40.683333,Brindisian amphora,APOLLONID,1,-125,-25
38208,Brindisi,Italia,17.933333,40.633333,Brindisian amphora,VEHILI,1,-125,-25
35699,Canale Giancola,Italia,17.85,40.683333,Brindisian amphora,VISELLI,1,-125,-25
29220,Ostia Antica,Italia,12.283333,41.75,Dressel 20,PMOCVFIGEDO,0,,
32805,Padova,Italia,11.883333,45.416667,Dressel 6A,AE,1,-50,-1
40002,Brindisi,Italia,17.933333,40.633333,Brindisian amphora,BAHANO,1,-125,-25
32669,Oderzo,Italia,12.488056,45.78,Dressel 6B,CLAEKBAS,1,-50,-1
37816,Brindisi,Italia,17.933333,40.633333,Brindisian amphora,APPVLEI,1,-125,-25
32760,Padova,Italia,11.883333,45.416667,Dressel 6B,FEL,1,-50,-1
35217,Canale Giancola,Italia,17.85,40.683333,Brindisian amphora,HERMAISCI,1,-125,-25
34614,Canale Giancola,Italia,17.85,40.683333,Brindisian amphora,APOLLONID,1,-125,-25
35229,Canale Giancola,Italia,17.85,40.683333,Brindisian amphora,HERMAISCI,1,-125,-25
37290,Canale Giancola,Italia,17.85,40.683333,Brindisian amphora,DEMETRI,1,-125,-25
23088,Tortona,Italia,8.866667,44.9,Dressel 6B,IALI,1,-50,-1
35561,Canale Giancola,Italia,17.85,40.683333,Brindisian amphora,SCOPA,1,-125,-25
34326,Vada,Italia,10.45,43.35,Amphora incerta,C,0,,
38256,Brindisi,Italia,17.933333,40.633333,Brindisian amphora,VEHILI,1,-125,-25
9762,Milano,Italia,9.2,45.466667,Lamboglia 2,EPICA,1,-125,-25
36832,Vicenza,Italia,11.55,45.55,Dressel 6B,LAEK,1,-50,-1
34825,Canale Giancola,Italia,17.85,40.683333,Brindisian amphora,APOLONI,1,-125,-25
40316,Brindisi,Italia,17.933333,40.633333,Brindisian amphora,GORGIA,1,-125,-25
36841,Vicenza,Italia,11.55,45.55,Dressel 6B,LAEK,1,-50,-1
40544,Brindisi,Italia,17.933333,40.633333,Brindisian amphora,MENOPILVS,1,-125,-25
35477,Canale Giancola,Italia,17.85,40.683333,Brindisian amphora,SCOPAS,1,-125,-25
37479,Canale Giancola,Italia,17.85,40.683333,Brindisian amphora,VISELLI,1,-125,-25
39999,Brindisi,Italia,17.933333,40.633333,Brindisian amphora,BAHANO,1,-125,-25
40883,Brindisi,Italia,17.933333,40.633333,Brindisian amphora,STR,1,-125,-25
33694,Modena,Italia,10.9,44.5,Amphora incerta,CIRT,0,,
35030,Canale Giancola,Italia,17.85,40.683333,Brindisian amphora,DEMETRI,1,-125,-25
38238,Brindisi,Italia,17.933333,40.633333,Brindisian amphora,VEHILI,1,-125,-25
39288,Brindisi,Italia,17.933333,40.633333,Brindisian amphora,APOLLONI,1,-125,-25
37343,Canale Giancola,Italia,17.85,40.683333,Brindisian amphora,MENOPHILI,1,-125,-25
40278,Brindisi,Italia,17.933333,40.633333,Brindisian amphora,HPAIOC,1,-125,-25
40872,Brindisi,Italia,17.933333,40.633333,Brindisian amphora,STR,1,-125,-25
33259,Martigny,Italia,7.076771,46.104593,Dressel 20,PMANISVP,0,,
35796,Canale Giancola,Italia,17.85,40.683333,Brindisian amphora,VISELLI,1,-125,-25
40963,Brindisi,Italia,17.933333,40.633333,Brindisian amphora,ANINIANA,1,-125,-25
32829,Padova,Italia,11.883333,45.416667,Dressel 6B,VARIPACCI,1,-50,-1
4810,Canosa,Italia,16.066667,41.216667,Dressel 6A,NES,1,-50,-1
37875,Brindisi,Italia,17.933333,40.633333,Brindisian amphora,MEXSONI,1,-125,-25
33960,Bologna,Italia,11.433333,44.466667,Amphora incerta,SONION,0,,
34880,Canale Giancola,Italia,17.85,40.683333,Brindisian amphora,ARCHELA,1,-125,-25
36913,Pompeya,Italia,14.483333,40.75,Amphora incerta,SEXLIG,0,,
35804,Canale Giancola,Italia,17.85,40.683333,Brindisian amphora,VISELLI,1,-125,-25
40740,Brindisi,Italia,17.933333,40.633333,Brindisian amphora,PTOLEMAE,1,-125,-25
40370,Brindisi,Italia,17.933333,40.633333,Brindisian amphora,LAPANES,1,-125,-25
38445,Brindisi,Italia,17.933333,40.633333,Brindisian amphora,APELAES,1,-125,-25
29256,Ostia Antica,Italia,12.283333,41.75,Dressel 20,CCHREST,0,,
9808,Cremona,Italia,10.033333,45.116667,Lamboglia 2,Q,1,-125,-25
34768,Canale Giancola,Italia,17.85,40.683333,Brindisian amphora,APOLLONIDES,1,-125,-25
34878,Canale Giancola,Italia,17.85,40.683333,Brindisian amphora,ARCHELA,1,-125,-25
4776,Brindisi,Italia,17.933333,40.633333,Brindisian amphora,APELAES,1,-125,-25
18587,Îles Lavezzi,Corsica et Sardinia,9.254185,41.341096,Dressel 2-4 Catalan,ANT,1,-30,-1
39210,Brindisi,Italia,17.933333,40.633333,Brindisian amphora,APOLONI,1,-125,-25
39291,Brindisi,Italia,17.933333,40.633333,Brindisian amphora,APOLLONI,1,-125,-25
34304,Modena,Italia,10.9,44.5,Amphora incerta,CREA,0,,
37905,Brindisi,Italia,17.933333,40.633333,Brindisian amphora,LLVCI,1,-125,-25
38201,Brindisi,Italia,17.933333,40.633333,Brindisian amphora,VEHILI,1,-125,-25
26255,Ostia Antica,Italia,12.283333,41.75,Africana 1A pic.,MERCVRCANN,0,,
36955,Erice,Sicilia,12.583333,38.033333,Amphora incerta,IREBIT,0,,
26539,Paggio Gramignano (Lugnano in Teverina),Italia,12.333333,42.566667,Ignotus,MC,0,,
36806,Vicenza,Italia,11.55,45.55,Dressel 6B,PQSCAPVLAE,1,-50,-1
35767,Canale Giancola,Italia,17.85,40.683333,Brindisian amphora,VISELLI,1,-125,-25
9601,Padova,Italia,11.883333,45.416667,Lamboglia 2,CMIM,1,-125,-25
28078,Ostia Antica,Italia,12.283333,41.75,Dressel 20,LQR,0,,
4693,Modena,Italia,10.916667,44.666667,Lamboglia 2,SCOS,1,-125,-25
34163,Modena,Italia,10.9,44.5,Amphora incerta,ALEXA,0,,
28431,Ostia Antica,Italia,12.283333,41.75,Dressel 20,ILFT,0,,
37554,Canale Giancola,Italia,17.85,40.683333,Brindisian amphora,VISELLI,1,-125,-25
37324,Canale Giancola,Italia,17.85,40.683333,Brindisian amphora,LIBO,1,-125,-25
40258,Brindisi,Italia,17.933333,40.633333,Brindisian amphora,HPAIOC,1,-125,-25
40628,Brindisi,Italia,17.933333,40.633333,Brindisian amphora,PERDICAS,1,-125,-25
33748,Calderara di Reno,Italia,11.266667,44.566667,Dressel 2-4,CIA,1,-30,-1
10463,Altino,Italia,12.393333,45.544444,Dressel 6B,VARIPACCI,1,-50,-1
34513,Canale Giancola,Italia,17.85,40.683333,Brindisian amphora,AENEAS,1,-125,-25
33774,Verona,Italia,11.0,45.45,Amphora incerta,PRIMVSGAVI,0,,
32867,Padova,Italia,11.883333,45.416667,Dressel 6B,AP,1,-50,-1
37916,Brindisi,Italia,17.933333,40.633333,Brindisian amphora,LLVCI,1,-125,-25
35200,Canale Giancola,Italia,17.85,40.683333,Brindisian amphora,HERMAISCI,1,-125,-25
4816,Canosa,Italia,16.066667,41.216667,Brindisian amphora,MEBETILMS,1,-125,-25
37249,Canale Giancola,Italia,17.85,40.683333,Brindisian amphora,APOLONI,1,-125,-25
29645,Ostia Antica,Italia,12.283333,41.75,Dressel 20,VICTOR,0,,
37359,Canale Giancola,Italia,17.85,40.683333,Brindisian amphora,PTOLEMAEI,1,-125,-25
25682,Ostia Antica,Italia,12.283333,41.75,Dressel 20,CAP,0,,
40296,Brindisi,Italia,17.933333,40.633333,Brindisian amphora,EVTVCHI,1,-125,-25
40223,Brindisi,Italia,17.933333,40.633333,Brindisian amphora,DIOPANTVS,1,-125,-25
26245,Ostia Antica,Italia,12.283333,41.75,Africana 2D Grande,TEPSVRI,0,,
32299,Padova,Italia,11.883333,45.416667,Dressel 6B,PIERI,1,-50,-1
33060,Pegognaga,Italia,10.85,45.0,Operculum,ID,0,,
32779,Padova,Italia,11.883333,45.416667,Dressel 6B,CK,1,-50,-1
26468,Ostia Antica,Italia,12.283333,41.75,Dressel 20,CAS,0,,
33023,Padova,Italia,11.883333,45.416667,Dressel 6B,CLAEKB,1,-50,-1
9715,Milano,Italia,9.2,45.466667,Lamboglia 2,ABNA,1,-125,-25
37952,Brindisi,Italia,17.933333,40.633333,Brindisian amphora,QOBVLTRON,1,-125,-25
37523,Canale Giancola,Italia,17.85,40.683333,Brindisian amphora,VISELLI,1,-125,-25
35697,Canale Giancola,Italia,17.85,40.683333,Brindisian amphora,VISELLI,1,-125,-25
28345,Ostia Antica,Italia,12.283333,41.75,Dressel 20,CLM,0,,
35352,Canale Giancola,Italia,17.85,40.683333,Brindisian amphora,LVKAON,1,-125,-25
25376,Cosa,Italia,12.896389,46.057778,Dressel 1A,HERMO,1,-150,-1
4873,Maranello,Italia,10.866667,44.533333,Lamboglia 2,MNV,1,-125,-25
35002,Canale Giancola,Italia,17.85,40.683333,Brindisian amphora,DAMATRI,1,-125,-25
37970,Brindisi,Italia,17.933333,40.633333,Brindisian amphora,LPVBLILI,1,-125,-25
32647,Oderzo,Italia,12.488056,45.78,Dressel 6B,FA,1,-50,-1
4842,Brindisi,Italia,17.933333,40.633333,Brindisian amphora,DAZIO,1,-125,-25
32691,Oderzo,Italia,12.488056,45.78,Dressel 6B,VARIPACCI,1,-50,-1
32651,Oderzo,Italia,12.488056,45.78,Dressel 6B,FVI,1,-50,-1
33892,Albinia,Italia,11.25,42.5,Dressel 1C,DIS,1,-150,-1
40508,Brindisi,Italia,17.933333,40.633333,Brindisian amphora,MENECRATES,1,-125,-25
39255,Brindisi,Italia,17.933333,40.633333,Brindisian amphora,APOLONI,1,-125,-25
34946,Canale Giancola,Italia,17.85,40.683333,Brindisian amphora,ARCHELA,1,-125,-25
40707,Brindisi,Italia,17.933333,40.633333,Brindisian amphora,POSIDONI,1,-125,-25
38272,Brindisi,Italia,17.933333,40.633333,Brindisian amphora,VEHILI,1,-125,-25
34560,Canale Giancola,Italia,17.85,40.683333,Brindisian amphora,APELLAE,1,-125,-25
35735,Canale Giancola,Italia,17.85,40.683333,Brindisian amphora,VISELLI,1,-125,-25
37528,Canale Giancola,Italia,17.85,40.683333,Brindisian amphora,VISELLI,1,-125,-25
10515,Altino,Italia,12.393333,45.544444,Dressel ante 6B,PSEPVLLIP,0,,
38306,Brindisi,Italia,17.933333,40.633333,Brindisian amphora,VEHILI,1,-125,-25
34209,Bologna,Italia,11.333333,44.483333,Amphora incerta,PARHAEBID,0,,
38437,Brindisi,Italia,17.933333,40.633333,Brindisian amphora,APELAES,1,-125,-25
37295,Canale Giancola,Italia,17.85,40.683333,Brindisian amphora,DEMETRI,1,-125,-25
9645,Padova,Italia,11.883333,45.416667,Amphora incerta,LLRO,0,,
28201,Ostia Antica,Italia,12.283333,41.75,Dressel 20,PNN,0,,
35041,Canale Giancola,Italia,17.85,40.683333,Brindisian amphora,DEMETRI,1,-125,-25
40661,Brindisi,Italia,17.933333,40.633333,Brindisian amphora,PILEMO,1,-125,-25
40968,Brindisi,Italia,17.933333,40.633333,Brindisian amphora,ANINIANA,1,-125,-25
37341,Canale Giancola,Italia,17.85,40.683333,Brindisian amphora,MANISA,1,-125,-25
38115,Brindisi,Italia,17.933333,40.633333,Brindisian amphora,VEHILI,1,-125,-25
4812,Canosa,Italia,16.066667,41.216667,Dressel 2-4,MSA,1,-30,-1
21112,Tournus,Italia,6.75,44.466667,Dressel 1,HE,1,-150,-1
40335,Brindisi,Italia,17.933333,40.633333,Brindisian amphora,HERMOGE,1,-125,-25
18587,Îles Lavezzi,Corsica et Sardinia,9.254185,41.341096,Dressel 2-4 Catalan,VIC,1,-30,-1
9686,Padova,Italia,11.883333,45.416667,Amphora incerta,AP,0,,
37323,Canale Giancola,Italia,17.85,40.683333,Brindisian amphora,LIBO,1,-125,-25
32662,Oderzo,Italia,12.488056,45.78,Dressel 6B,PIERI,1,-50,-1
29598,Ostia Antica,Italia,12.283333,41.75,Dressel 20,LVA,0,,
34518,Canale Giancola,Italia,17.85,40.683333,Brindisian amphora,AENEAE,1,-125,-25
34301,Modena,Italia,10.9,44.5,Amphora incerta,CD,0,,
26180,Porto Torres,Corsica et Sardinia,8.397222,40.835,Africana 2D Grande,CISSVL,0,,
40355,Brindisi,Italia,17.933333,40.633333,Brindisian amphora,KEPHALONOSKEFALONOS,1,-125,-25
40498,Brindisi,Italia,17.933333,40.633333,Brindisian amphora,MENECRATES,1,-125,-25
34914,Canale Giancola,Italia,17.85,40.683333,Brindisian amphora,ARCHELA,1,-125,-25
26145,Brindisi,Italia,17.933333,40.633333,Brindisian amphora,DAEDALI,1,-125,-25
37779,Brindisi,Italia,17.933333,40.633333,Brindisian amphora,APPVLEI,1,-125,-25
28113,Ostia Antica,Italia,12.283333,41.75,Dressel 20,GPCI,0,,
28387,Ostia Antica,Italia,12.283333,41.75,Dressel 20,GIF,0,,
35827,Canale Giancola,Italia,17.85,40.683333,Brindisian amphora,VISELLI,1,-125,-25
40342,Brindisi,Italia,17.933333,40.633333,Brindisian amphora,KEPDOS,1,-125,-25
37530,Canale Giancola,Italia,17.85,40.683333,Brindisian amphora,VISELLI,1,-125,-25
40267,Brindisi,Italia,17.933333,40.633333,Brindisian amphora,HPAIOC,1,-125,-25
32265,Cremona,Italia,10.033333,45.116667,Amphora incerta,DAMA,0,,
25280,Sardegna,Corsica et Sardinia,8.44,39.881944,Dressel 1C,SCG,1,-150,-1
39254,Brindisi,Italia,17.933333,40.633333,Brindisian amphora,APOLONI,1,-125,-25
32660,Oderzo,Italia,12.488056,45.78,Dressel 6B,CLAEKB,1,-50,-1
37387,Canale Giancola,Italia,17.85,40.683333,Brindisian amphora,SCOPAS,1,-125,-25
19203,Isola di Giannutri,Italia,11.1,42.25,Africana 2,HMCASSFHADR,0,,
35375,Canale Giancola,Italia,17.85,40.683333,Brindisian amphora,LVKAON,1,-125,-25
10470,Altino,Italia,12.393333,45.544444,Dressel 6B,PSEPVLLI,1,-50,-1
34940,Canale Giancola,Italia,17.85,40.683333,Brindisian amphora,ARCHELA,1,-125,-25
37031,Parenzo (Porec),Italia,13.593889,45.225833,Amphora incerta,AELICRIS,0,,
41065,Brindisi,Italia,17.933333,40.633333,Brindisian amphora,ANINIANA,1,-125,-25
33083,Erice,Sicilia,12.583333,38.033333,Greco-Itálica,MBAI,1,-400,-100
38453,Brindisi,Italia,17.933333,40.633333,Brindisian amphora,APELAES,1,-125,-25
35044,Canale Giancola,Italia,17.85,40.683333,Brindisian amphora,DEMETRI,1,-125,-25
35064,Canale Giancola,Italia,17.85,40.683333,Brindisian amphora,DIOCLES,1,-125,-25
40184,Brindisi,Italia,17.933333,40.633333,Brindisian amphora,DEMETRI,1,-125,-25
39262,Brindisi,Italia,17.933333,40.633333,Brindisian amphora,APLONI,1,-125,-25
34575,Canale Giancola,Italia,17.85,40.683333,Brindisian amphora,APELLAE,1,-125,-25
32757,Padova,Italia,11.883333,45.416667,Dressel 6B,LAE,1,-50,-1
34700,Canale Giancola,Italia,17.85,40.683333,Brindisian amphora,APOLONIDA,1,-125,-25
35663,Canale Giancola,Italia,17.85,40.683333,Brindisian amphora,VISELLI,1,-125,-25
28219,Ostia Antica,Italia,12.283333,41.75,Dressel 20,PNN,0,,
35104,Canale Giancola,Italia,17.85,40.683333,Brindisian amphora,DIOCLES,1,-125,-25
36834,Vicenza,Italia,11.55,45.55,Dressel 6B,LAEK,1,-50,-1
38500,Brindisi,Italia,17.933333,40.633333,Brindisian amphora,APELLE,1,-125,-25
35651,Canale Giancola,Italia,17.85,40.683333,Brindisian amphora,VISELLI,1,-125,-25
33911,Albinia,Italia,11.25,42.5,Dressel 1C,FALE,1,-150,-1
36834,Vicenza,Italia,11.55,45.55,Dressel 6B,L,1,-50,-1
37971,Brindisi,Italia,17.933333,40.633333,Brindisian amphora,LPVBLILI,1,-125,-25
35806,Canale Giancola,Italia,17.85,40.683333,Brindisian amphora,VISELLI,1,-125,-25
33835,Albinia,Italia,11.25,42.5,Dressel 1C,ARS,1,-150,-1
37925,Brindisi,Italia,17.933333,40.633333,Brindisian amphora,LLVCI,1,-125,-25
40737,Brindisi,Italia,17.933333,40.633333,Brindisian amphora,PTOLEMAE,1,-125,-25
26289,Monaco,Italia,7.4252,43.735208,Africana 2A Grande,LVD,0,,
40027,Brindisi,Italia,17.933333,40.633333,Brindisian amphora,BAHANO,1,-125,-25
32657,Oderzo,Italia,12.488056,45.78,Dressel 6B,CLAEKBAS,1,-50,-1
35149,Canale Giancola,Italia,17.85,40.683333,Brindisian amphora,DIOCLES,1,-125,-25
40820,Brindisi,Italia,17.933333,40.633333,Brindisian amphora,SOTERICSOTERIX,1,-125,-25
34961,Canale Giancola,Italia,17.85,40.683333,Brindisian amphora,ARCHELA,1,-125,-25
18582,Îles Lavezzi,Corsica et Sardinia,9.254185,41.341096,Dressel 2-4 Catalan,AM,1,-30,-1
25406,Cosa,Italia,12.896389,46.057778,Dressel 1,NG,1,-150,-1
37331,Canale Giancola,Italia,17.85,40.683333,Brindisian amphora,MANISA,1,-125,-25
40369,Brindisi,Italia,17.933333,40.633333,Brindisian amphora,LAPANES,1,-125,-25
4788,Taranto,Italia,17.229722,40.476111,Lamboglia 2,SARAPI,1,-125,-25
34983,Canale Giancola,Italia,17.85,40.683333,Brindisian amphora,BAHANO,1,-125,-25
9285,Este,Italia,11.65,45.233333,Dressel 6B,CLAEK,1,-50,-1
34813,Canale Giancola,Italia,17.85,40.683333,Brindisian amphora,APOLONI,1,-125,-25
36923,Siracusa,Sicilia,15.3,37.066667,Amphora incerta,AEC,0,,
40799,Brindisi,Italia,17.933333,40.633333,Brindisian amphora,PVLADEI,1,-125,-25
35277,Canale Giancola,Italia,17.85,40.683333,Brindisian amphora,LVCAON,1,-125,-25
35762,Canale Giancola,Italia,17.85,40.683333,Brindisian amphora,VISELLIVISELL,1,-125,-25
36807,Vicenza,Italia,11.55,45.55,Dressel 6B,LTREOPTATI,1,-50,-1
33721,Cazzano,Italia,11.5,44.583333,Lamboglia 2,EPICAD,1,-125,-25
9615,Padova,Italia,11.883333,45.416667,Dressel 6A,LNF,1,-50,-1
29586,Ostia Antica,Italia,12.283333,41.75,Dressel 20,CSTERTINIPAVLINI,0,,
36965,Sicilia,Sicilia,13.5,37.45,Amphora incerta,CPPILICFFVSCIRMVSFEC,0,,
32851,Padova,Italia,11.883333,45.416667,Dressel 6A,ILEGIBLE,1,-50,-1
32301,Padova,Italia,11.883333,45.416667,Dressel 6B,SPERATUS,1,-50,-1
32293,Padova,Italia,11.883333,45.416667,Dressel 6B,EVCHAR,1,-50,-1
32879,Padova,Italia,11.883333,45.416667,Dressel 6B,APICI,1,-50,-1
40204,Brindisi,Italia,17.933333,40.633333,Brindisian amphora,DIODOTVS,1,-125,-25
40572,Brindisi,Italia,17.933333,40.633333,Brindisian amphora,NOYMHNIO,1,-125,-25
32290,Padova,Italia,11.883333,45.416667,Dressel 6B,COM,1,-50,-1
34242,Calvatone,Italia,10.433333,45.116667,Amphora incerta,LVCI,0,,
40323,Brindisi,Italia,17.933333,40.633333,Brindisian amphora,GORGIA,1,-125,-25
37524,Canale Giancola,Italia,17.85,40.683333,Brindisian amphora,VISELLI,1,-125,-25
37918,Brindisi,Italia,17.933333,40.633333,Brindisian amphora,LLVC,1,-125,-25
35157,Canale Giancola,Italia,17.85,40.683333,Brindisian amphora,DIOCLES,1,-125,-25
25391,Cosa,Italia,12.896389,46.057778,Dressel 1A,ANCORA,1,-150,-1
32671,Oderzo,Italia,12.488056,45.78,Dressel 6B,C,1,-50,-1
7216,Ostia Antica,Italia,12.283333,41.75,Dressel 20,LLFESTINI,0,,
38094,Brindisi,Italia,17.933333,40.633333,Brindisian amphora,VEHILI,1,-125,-25
40571,Taranto,Italia,17.229722,40.476111,Lamboglia 2,MENOP,1,-125,-25
33950,Albinia,Italia,11.25,42.5,Dressel 1C,L,1,-150,-1
19198,Isola del Giglio,Italia,10.9,42.35,Gauloise 4,SPR,0,,
40346,Brindisi,Italia,17.933333,40.633333,Brindisian amphora,KEPHALONOSKEFALONOS,1,-125,-25
35830,Canale Giancola,Italia,17.85,40.683333,Brindisian amphora,CERDO,1,-125,-25
40986,Brindisi,Italia,17.933333,40.633333,Brindisian amphora,ANINIANA,1,-125,-25
39279,Brindisi,Italia,17.933333,40.633333,Brindisian amphora,APOLLONI,1,-125,-25
32772,Padova,Italia,11.883333,45.416667,Dressel 6B,CLAEKBAS,1,-50,-1
5004,Ostia Antica,Italia,12.283333,41.75,Keay 16,ANNGENIALIS,0,,
37585,San Cataldo,Italia,18.3,40.383333,Brindisian amphora,DEMETRI,1,-125,-25
37763,Brindisi,Italia,17.933333,40.633333,Brindisian amphora,LANINIVS,1,-125,-25
40871,Brindisi,Italia,17.933333,40.633333,Brindisian amphora,STR,1,-125,-25
18591,Îles Lavezzi,Corsica et Sardinia,9.254185,41.341096,Dressel 2-4 Catalan,ATT,1,-30,-1
38052,Brindisi,Italia,17.933333,40.633333,Brindisian amphora,CVEHILI,1,-125,-25
18596,Îles Lavezzi,Corsica et Sardinia,9.254185,41.341096,Dressel 2-4 Catalan,CELSI,1,-30,-1
32606,Oderzo,Italia,12.488056,45.78,Dressel 6B,CALCRISPINILLAE,1,-50,-1
20313,Ostia Antica,Italia,12.283333,41.75,Africana,MARI,0,,
9618,Padova,Italia,11.883333,45.416667,Dressel 6A,THB,1,-50,-1
8631,Ugento,Italia,18.166667,39.933333,Amphora incerta,LHI,0,,
9655,Padova,Italia,11.883333,45.416667,Amphora incerta,FVAEVH,0,,
35113,Canale Giancola,Italia,17.85,40.683333,Brindisian amphora,DIOCLES,1,-125,-25
34680,Canale Giancola,Italia,17.85,40.683333,Brindisian amphora,APOLLONID,1,-125,-25
25322,Sardegna,Corsica et Sardinia,8.44,39.881944,Tegula,HESPERI,0,,
40268,Brindisi,Italia,17.933333,40.633333,Brindisian amphora,HPAIOC,1,-125,-25
37603,Canale Giancola,Italia,17.85,40.683333,Brindisian amphora,LUKAON,1,-125,-25
38099,Brindisi,Italia,17.933333,40.633333,Brindisian amphora,VEHILI,1,-125,-25
40189,Brindisi,Italia,17.933333,40.633333,Brindisian amphora,DIODOTVS,1,-125,-25
28177,Ostia Antica,Italia,12.283333,41.75,Dressel 20,CLPV,0,,
40072,Brindisi,Italia,17.933333,40.633333,Brindisian amphora,BATON,1,-125,-25
34253,Provincia di Parma,Italia,10.083333,44.7,Amphora incerta,MPETRONISEC,0,,
40534,Brindisi,Italia,17.933333,40.633333,Brindisian amphora,MENOPILVS,1,-125,-25
35616,Canale Giancola,Italia,17.85,40.683333,Brindisian amphora,VISELLI,1,-125,-25
27091,Spargi,Corsica et Sardinia,9.35,41.233333,Dressel 1A,EREY,1,-150,-1
4684,Modena,Italia,10.916667,44.666667,Dressel 6B,LIVNIPAETI,1,-50,-1
36849,Vicenza,Italia,11.55,45.55,Dressel 6B,LAE,1,-50,-1
33120,Erice,Sicilia,12.583333,38.033333,Greco-Itálica,LVESCEI,1,-400,-100
40256,Brindisi,Italia,17.933333,40.633333,Brindisian amphora,HPAIOC,1,-125,-25
37871,Brindisi,Italia,17.933333,40.633333,Brindisian amphora,MEXSONI,1,-125,-25
20356,Ostia Antica,Italia,12.283333,41.75,Amphora incerta,V,0,,
38390,Brindisi,Italia,17.933333,40.633333,Brindisian amphora,ANTIOCOS,1,-125,-25
37556,Canale Giancola,Italia,17.85,40.683333,Brindisian amphora,VISELLI,1,-125,-25
40432,Brindisi,Italia,17.933333,40.633333,Brindisian amphora,MENAS,1,-125,-25
33445,Modena,Italia,10.916667,44.666667,Lamboglia 2,RS,1,-125,-25
3067,Ostia Antica,Italia,12.283333,41.75,Dressel 20,IICCLLM,0,,
9643,Padova,Italia,11.883333,45.416667,Amphora incerta,TARBA,0,,
4775,Brindisi,Italia,17.933333,40.633333,Brindisian amphora,APELAES,1,-125,-25
9629,Padova,Italia,11.883333,45.416667,Dressel 6A,MHERPRISCI,1,-50,-1
32297,Padova,Italia,11.883333,45.416667,Dressel 6B,HER,1,-50,-1
36005,Pula,Corsica et Sardinia,9.001667,39.01,Dressel 20,LIVNIMELISSI,0,,
10475,Altino,Italia,12.393333,45.544444,Dressel 6B,APIC,1,-50,-1
40523,Brindisi,Italia,17.933333,40.633333,Brindisian amphora,MENOPILVS,1,-125,-25
4740,Brindisi,Italia,17.933333,40.633333,Brindisian amphora,RVMAS,1,-125,-25
28114,Ostia Antica,Italia,12.283333,41.75,Dressel 20,GPCI,0,,
37042,Siracusa,Sicilia,15.3,37.066667,Amphora incerta,AGAT,0,,
33667,Due Maestà,Italia,11.0,44.75,Amphora incerta,IMVSCBAR,0,,
39321,Brindisi,Italia,17.933333,40.633333,Brindisian amphora,APOLNVEB,1,-125,-25
33772,Ivrea,Italia,7.866667,45.466667,Amphora incerta,LICINVSGAV,0,,
40265,Brindisi,Italia,17.933333,40.633333,Brindisian amphora,HPAIOC,1,-125,-25
35751,Canale Giancola,Italia,17.85,40.683333,Brindisian amphora,VISELLI,1,-125,-25
34811,Canale Giancola,Italia,17.85,40.683333,Brindisian amphora,APOLONI,1,-125,-25
18567,Îles Lavezzi,Corsica et Sardinia,9.254185,41.341096,Dressel 2-4 Catalan,PHIL,1,-30,-1
35784,Canale Giancola,Italia,17.85,40.683333,Brindisian amphora,VISELLI,1,-125,-25
41074,Brindisi,Italia,17.933333,40.633333,Brindisian amphora,ANINIANA,1,-125,-25
37446,Canale Giancola,Italia,17.85,40.683333,Brindisian amphora,VISELLI,1,-125,-25
40210,Brindisi,Italia,17.933333,40.633333,Brindisian amphora,DIOPANTVS,1,-125,-25
37667,Brindisi,Italia,17.933333,40.633333,Brindisian amphora,CANINI,1,-125,-25
37573,Canale Giancola,Italia,17.85,40.683333,Brindisian amphora,VISELLI,1,-125,-25
35566,Canale Giancola,Italia,17.85,40.683333,Brindisian amphora,SCOPA,1,-125,-25
18602,Îles Lavezzi,Corsica et Sardinia,9.254185,41.341096,Dressel 2-4 Catalan,L,1,-30,-1
18608,Îles Lavezzi,Corsica et Sardinia,9.254185,41.341096,Dressel 2-4 Catalan,LYA,1,-30,-1
35167,Canale Giancola,Italia,17.85,40.683333,Brindisian amphora,DIOCLEI,1,-125,-25
40823,Brindisi,Italia,17.933333,40.633333,Brindisian amphora,SOTERICSOTERIX,1,-125,-25
28236,Ostia Antica,Italia,12.283333,41.75,Dressel 20,PNN,0,,
34900,Canale Giancola,Italia,17.85,40.683333,Brindisian amphora,ARCHELA,1,-125,-25
35978,Canale Giancola,Italia,17.85,40.683333,Brindisian amphora,CNPETROSOSTR,1,-125,-25
40093,Brindisi,Italia,17.933333,40.633333,Brindisian amphora,CTESON,1,-125,-25
35622,Canale Giancola,Italia,17.85,40.683333,Brindisian amphora,VISELLI,1,-125,-25
37309,Canale Giancola,Italia,17.85,40.683333,Brindisian amphora,EPIGENVS,1,-125,-25
33693,Modena,Italia,10.9,44.5,Amphora incerta,MIEPICE,0,,
40423,Brindisi,Italia,17.933333,40.633333,Brindisian amphora,LVCRIOAPPVLEI,1,-125,-25
29395,Ostia Antica,Italia,12.283333,41.75,Dressel 20,MHICA,0,,
25291,Sardegna,Corsica et Sardinia,8.44,39.881944,Amphora incerta,RVFINI,0,,
37421,Canale Giancola,Italia,17.85,40.683333,Brindisian amphora,VISELLI,1,-125,-25
29359,Ostia Antica,Italia,12.283333,41.75,Dressel 20,MFR,0,,
29671,Ostia Antica,Italia,12.283333,41.75,Dressel 20,VRITTIPV,0,,
26593,Ostia Antica,Italia,12.283333,41.75,Amphora incerta,PTE,0,,
38479,Brindisi,Italia,17.933333,40.633333,Brindisian amphora,APELAES,1,-125,-25
34701,Canale Giancola,Italia,17.85,40.683333,Brindisian amphora,APOLONIDA,1,-125,-25
40305,Brindisi,Italia,17.933333,40.633333,Brindisian amphora,GORGIA,1,-125,-25
35415,Canale Giancola,Italia,17.85,40.683333,Brindisian amphora,SCOPAS,1,-125,-25
35885,Canale Giancola,Italia,17.85,40.683333,Brindisian amphora,PROTAGATHVS,1,-125,-25
36000,Canale Giancola,Italia,17.85,40.683333,Brindisian amphora,LSDIP,1,-125,-25
32325,Padova,Italia,11.883333,45.416667,Dressel 20,CTRN,0,,
3272,Ostia Antica,Italia,12.283333,41.75,Dressel 20,IIIMINICIOR,0,,
37367,Canale Giancola,Italia,17.85,40.683333,Brindisian amphora,RUMA,1,-125,-25
40463,Brindisi,Italia,17.933333,40.633333,Brindisian amphora,MENECRATES,1,-125,-25
35065,Canale Giancola,Italia,17.85,40.683333,Brindisian amphora,DIOCLES,1,-125,-25
33938,Albinia,Italia,11.25,42.5,Dressel 1C,L,1,-150,-1
35724,Canale Giancola,Italia,17.85,40.683333,Brindisian amphora,VISELLI,1,-125,-25
35946,Canale Giancola,Italia,17.85,40.683333,Brindisian amphora,CNPE,1,-125,-25
37473,Canale Giancola,Italia,17.85,40.683333,Brindisian amphora,VISELLI,1,-125,-25
29628,Ostia Antica,Italia,12.283333,41.75,Dressel 20,VAR,0,,
32270,Cremona,Italia,10.033333,45.116667,Lamboglia 2,L,1,-125,-25
35809,Canale Giancola,Italia,17.85,40.683333,Brindisian amphora,VISELLI,1,-125,-25
37535,Canale Giancola,Italia,17.85,40.683333,Brindisian amphora,VISELLI,1,-125,-25
33716,Ferrara,Italia,11.833333,44.8,Tegula,NERONISCLAPAN,0,,
9720,Milano,Italia,9.2,45.466667,Lamboglia 2,ALEX,1,-125,-25
26377,Ljubljana (Emona),Italia,14.514444,46.055278,Dressel 6B,CLYMEN,1,-50,-1
25384,Cosa,Italia,12.896389,46.057778,Dressel 1A,SES,1,-150,-1
39256,Brindisi,Italia,17.933333,40.633333,Brindisian amphora,APOLONI,1,-125,-25
33032,Padova,Italia,11.883333,45.416667,Dressel 6A,COPONI,1,-50,-1
36194,Ancona,Italia,13.5,43.633333,Lamboglia 2,VENET,1,-125,-25
37237,Marciana,Italia,10.166667,42.783333,Operculum,MFVRVIN,0,,
29217,Ostia Antica,Italia,12.283333,41.75,Dressel 20,AELIFVSCIANI,0,,
33663,Due Maestà,Italia,11.0,44.75,Amphora incerta,FSCH,0,,
32531,Pegognaga,Italia,10.85,45.0,Dressel 6A,BARBVL,1,-50,-1
40124,Brindisi,Italia,17.933333,40.633333,Brindisian amphora,DAMA,1,-125,-25
35100,Canale Giancola,Italia,17.85,40.683333,Brindisian amphora,DIOCLES,1,-125,-25
33709,Finale Emilia,Italia,11.283333,44.833333,Dressel 6B,PSEPVLLIPF,1,-50,-1
13764,Ivrea,Italia,7.866667,45.466667,Lamboglia 2,IVVNR,1,-125,-25
19373,Tortona,Italia,8.866667,44.9,Amphora incerta,TICOT,0,,
36204,Ancona,Italia,13.5,43.633333,Lamboglia 2,ILVS,1,-125,-25
32494,Pegognaga,Italia,10.85,45.0,Dressel 6A,THB,1,-50,-1
34631,Canale Giancola,Italia,17.85,40.683333,Brindisian amphora,APOLLONID,1,-125,-25
35535,Canale Giancola,Italia,17.85,40.683333,Brindisian amphora,SCOPAS,1,-125,-25
32653,Oderzo,Italia,12.488056,45.78,Dressel 6B,CLAEKBASS,1,-50,-1
21108,Tortona,Italia,8.866667,44.9,Dressel 20,PPF,0,,
35094,Canale Giancola,Italia,17.85,40.683333,Brindisian amphora,DIOCLES,1,-125,-25
33035,Padova,Italia,11.883333,45.416667,Dressel 6B,LTEOPTATI,1,-50,-1
35359,Canale Giancola,Italia,17.85,40.683333,Brindisian amphora,LVKAON,1,-125,-25
34360,Calvatone,Italia,10.433333,45.116667,Operculum,SABDAFECIT,0,,
27073,Islas de Tremiti,Italia,15.5,42.116667,Lamboglia 2,ANTIPR,1,-125,-25
40141,Brindisi,Italia,17.933333,40.633333,Brindisian amphora,DAMA,1,-125,-25
29315,Ostia Antica,Italia,12.283333,41.75,Dressel 20,QFC,0,,
35501,Canale Giancola,Italia,17.85,40.683333,Brindisian amphora,SCOPAS,1,-125,-25
38489,Brindisi,Italia,17.933333,40.633333,Brindisian amphora,APELAES,1,-125,-25
35504,Canale Giancola,Italia,17.85,40.683333,Brindisian amphora,SCOPAS,1,-125,-25
37394,Canale Giancola,Italia,17.85,40.683333,Brindisian amphora,STABVA,1,-125,-25
38224,Brindisi,Italia,17.933333,40.633333,Brindisian amphora,VEHILI,1,-125,-25
40115,Brindisi,Italia,17.933333,40.633333,Brindisian amphora,CTESO,1,-125,-25
37247,Canale Giancola,Italia,17.85,40.683333,Brindisian amphora,APOLONI,1,-125,-25
38092,Brindisi,Italia,17.933333,40.633333,Brindisian amphora,VEHILI,1,-125,-25
34216,Cecina,Italia,10.866667,43.833333,Amphora incerta,FELIX,0,,
35097,Canale Giancola,Italia,17.85,40.683333,Brindisian amphora,DIOCLES,1,-125,-25
37720,Brindisi,Italia,17.933333,40.633333,Brindisian amphora,CANINI,1,-125,-25
35612,Canale Giancola,Italia,17.85,40.683333,Brindisian amphora,VISELLI,1,-125,-25
32491,Pegognaga,Italia,10.85,45.0,Lamboglia 2,HESTUDIT,1,-125,-25
33942,Albinia,Italia,11.25,42.5,Dressel 1C,L,1,-150,-1
37955,Brindisi,Italia,17.933333,40.633333,Brindisian amphora,QOBVLTRON,1,-125,-25
40067,Brindisi,Italia,17.933333,40.633333,Brindisian amphora,BATON,1,-125,-25
35416,Canale Giancola,Italia,17.85,40.683333,Brindisian amphora,SCOPAS,1,-125,-25
34172,Cortona,Italia,11.983333,43.266667,Amphora incerta,CANTONIQVIETI,0,,
26274,Airola,Italia,14.55,41.066667,Africana 2,CHDRAED,0,,
10533,Altino,Italia,12.393333,45.544444,Lamboglia 2,A,1,-125,-25
27027,Ostia Antica,Italia,12.283333,41.75,Greco-Itálica,ANTIAVTI,1,-400,-100
18604,Îles Lavezzi,Corsica et Sardinia,9.254185,41.341096,Dressel 2-4 Catalan,VIC,1,-30,-1
26429,Ostia Antica,Italia,12.283333,41.75,Dressel 20,CCNS,0,,
28110,Ostia Antica,Italia,12.283333,41.75,Dressel 20,P,0,,
9815,Calvatone,Italia,10.433333,45.116667,Lamboglia 2,SASVI,1,-125,-25
34779,Canale Giancola,Italia,17.85,40.683333,Brindisian amphora,APOLLONIDES,1,-125,-25
26478,Ostia Antica,Italia,12.283333,41.75,Dressel 20,GENETIV,0,,
38059,Brindisi,Italia,17.933333,40.633333,Brindisian amphora,CVEILI,1,-125,-25
25356,Vercelli,Italia,8.416667,45.316667,Dressel 6B,BARB,1,-50,-1
34837,Canale Giancola,Italia,17.85,40.683333,Brindisian amphora,APOLONI,1,-125,-25
40617,Brindisi,Italia,17.933333,40.633333,Brindisian amphora,PERDICAS,1,-125,-25
34510,Canale Giancola,Italia,17.85,40.683333,Brindisian amphora,AENEAS,1,-125,-25
40867,Brindisi,Italia,17.933333,40.633333,Brindisian amphora,STR,1,-125,-25
37678,Brindisi,Italia,17.933333,40.633333,Brindisian amphora,CANINI,1,-125,-25
37281,Canale Giancola,Italia,17.85,40.683333,Brindisian amphora,DEMETRI,1,-125,-25
10465,Altino,Italia,12.393333,45.544444,Dressel 6B,VARIPACCI,1,-50,-1
40606,Brindisi,Italia,17.933333,40.633333,Brindisian amphora,PERDICAS,1,-125,-25
38463,Brindisi,Italia,17.933333,40.633333,Brindisian amphora,APELAES,1,-125,-25
36917,Pompeya,Italia,14.483333,40.75,Amphora incerta,PORCPR,0,,
38122,Brindisi,Italia,17.933333,40.633333,Brindisian amphora,VEHILI,1,-125,-25
35922,Canale Giancola,Italia,17.85,40.683333,Brindisian amphora,LMARCISATVR,1,-125,-25
4672,Classe,Italia,11.983333,44.416667,Dressel 6B,IMPHADRIANIAVG,1,-50,-1
36800,Vicenza,Italia,11.55,45.55,Dressel 6B,LIC,1,-50,-1
26272,Isola Sacra,Italia,12.25,41.75,Africana 2D Grande,TEPLOP,0,,
40583,Brindisi,Italia,17.933333,40.633333,Brindisian amphora,NOYMHNIO,1,-125,-25
40930,Brindisi,Italia,17.933333,40.633333,Brindisian amphora,ANINIANA,1,-125,-25
38231,Brindisi,Italia,17.933333,40.633333,Brindisian amphora,VEHILI,1,-125,-25
37405,Canale Giancola,Italia,17.85,40.683333,Brindisian amphora,STICHVS,1,-125,-25
40357,Brindisi,Italia,17.933333,40.633333,Brindisian amphora,KEPHALONOSKEFALONOS,1,-125,-25
37662,Brindisi,Italia,17.933333,40.633333,Brindisian amphora,CANINI,1,-125,-25
34833,Canale Giancola,Italia,17.85,40.683333,Brindisian amphora,APOLONI,1,-125,-25
34745,Canale Giancola,Italia,17.85,40.683333,Brindisian amphora,APOLONIDA,1,-125,-25
33935,Albinia,Italia,11.25,42.5,Dressel 1C,L,1,-150,-1
18594,Îles Lavezzi,Corsica et Sardinia,9.254185,41.341096,Dressel 2-4 Catalan,ATT,1,-30,-1
25354,Vercelli,Italia,8.416667,45.316667,Dressel 6B,ANKA,1,-50,-1
4682,Modena,Italia,10.916667,44.666667,Dressel 6B,VARIPACC,1,-50,-1
9574,Padova,Italia,11.883333,45.416667,Lamboglia 2,TELVS,1,-125,-25
38166,Brindisi,Italia,17.933333,40.633333,Brindisian amphora,VEHILI,1,-125,-25
29300,Ostia Antica,Italia,12.283333,41.75,Dressel 20,LFC,0,,
37723,Brindisi,Italia,17.933333,40.633333,Brindisian amphora,CANINI,1,-125,-25
39284,Brindisi,Italia,17.933333,40.633333,Brindisian amphora,APOLLONI,1,-125,-25
26325,Ostia Antica,Italia,12.283333,41.75,Africana,BSCDLEPMI,0,,
33907,Albinia,Italia,11.25,42.5,Dressel 1C,D,1,-150,-1
35093,Canale Giancola,Italia,17.85,40.683333,Brindisian amphora,DIOCLES,1,-125,-25
23095,Tortona,Italia,8.866667,44.9,Dressel 6B,FELIXSER,1,-50,-1
35783,Canale Giancola,Italia,17.85,40.683333,Brindisian amphora,VISELLI,1,-125,-25
40263,Brindisi,Italia,17.933333,40.633333,Brindisian amphora,HPAIOC,1,-125,-25
35413,Canale Giancola,Italia,17.85,40.683333,Brindisian amphora,POLEMON,1,-125,-25
37877,Brindisi,Italia,17.933333,40.633333,Brindisian amphora,MEXSONI,1,-125,-25
34165,Bologna,Italia,11.333333,44.483333,Amphora incerta,LANINISVRI,0,,
35975,Canale Giancola,Italia,17.85,40.683333,Brindisian amphora,CNPETROSOSTR,1,-125,-25
9769,Milano,Italia,9.2,45.466667,Lamboglia 2,HERMOGES,1,-125,-25
34677,Canale Giancola,Italia,17.85,40.683333,Brindisian amphora,APOLLONID,1,-125,-25
28246,Ostia Antica,Italia,12.283333,41.75,Dressel 20,PNN,0,,
35591,Canale Giancola,Italia,17.85,40.683333,Brindisian amphora,VISELLI,1,-125,-25
41049,Brindisi,Italia,17.933333,40.633333,Brindisian amphora,ANINIANA,1,-125,-25
32291,Padova,Italia,11.883333,45.416667,Dressel 6B,COMI,1,-50,-1
4957,Ostia Antica,Italia,12.283333,41.75,Africana,FANFORTCOLHADR,0,,
33787,Albinia,Italia,11.25,42.5,Dressel 1,AIAS,1,-150,-1
32749,Padova,Italia,11.883333,45.416667,Dressel 6B,LAEKA,1,-50,-1
37849,Brindisi,Italia,17.933333,40.633333,Brindisian amphora,PCLAVDIVSNQ,1,-125,-25
35072,Canale Giancola,Italia,17.85,40.683333,Brindisian amphora,DIOCLES,1,-125,-25
34978,Canale Giancola,Italia,17.85,40.683333,Brindisian amphora,BAHANO,1,-125,-25
32635,Oderzo,Italia,12.488056,45.78,Dressel 6B,CLYMEN,1,-50,-1
35880,Canale Giancola,Italia,17.85,40.683333,Brindisian amphora,PROTAGATHVS,1,-125,-25
32689,Oderzo,Italia,12.488056,45.78,Dressel 6B,VARIPACC,1,-50,-1
36740,Padova,Italia,11.883333,45.416667,Dressel 6A,PCP,1,-50,-1
40753,Brindisi,Italia,17.933333,40.633333,Brindisian amphora,PTOLEMAE,1,-125,-25
26259,Ostia Antica,Italia,12.283333,41.75,Africana 1B pic.,ASYILTEREN,0,,
37839,Brindisi,Italia,17.933333,40.633333,Brindisian amphora,PCLAVDIVSPNQ,1,-125,-25
38283,Brindisi,Italia,17.933333,40.633333,Brindisian amphora,VEHILI,1,-125,-25
38392,Brindisi,Italia,17.933333,40.633333,Brindisian amphora,ANTIOCOS,1,-125,-25
34929,Canale Giancola,Italia,17.85,40.683333,Brindisian amphora,ARCHELA,1,-125,-25
34855,Canale Giancola,Italia,17.85,40.683333,Brindisian amphora,ARCHELA,1,-125,-25
40418,Brindisi,Italia,17.933333,40.633333,Brindisian amphora,LVCRIOAPPVLEI,1,-125,-25
35581,Canale Giancola,Italia,17.85,40.683333,Brindisian amphora,STABVAS,1,-125,-25
4850,Taranto,Italia,17.229722,40.476111,Lamboglia 2,TEVCRFAB,1,-125,-25
18615,Îles Lavezzi,Corsica et Sardinia,9.254185,41.341096,Dressel 2-4 Catalan,QVAD,1,-30,-1
33933,Albinia,Italia,11.25,42.5,Dressel 1C,L,1,-150,-1
33925,Albinia,Italia,11.25,42.5,Dressel 1C,D,1,-150,-1
26191,Ostia Antica,Italia,12.283333,41.75,Africana,ASVLTF,0,,
25407,Cosa,Italia,12.896389,46.057778,Amphora incerta,M,0,,
34543,Canale Giancola,Italia,17.85,40.683333,Brindisian amphora,APELLAE,1,-125,-25
4790,Taranto,Italia,17.229722,40.476111,Lamboglia 2,DIOD,1,-125,-25
40103,Brindisi,Italia,17.933333,40.633333,Brindisian amphora,CTESO,1,-125,-25
37456,Canale Giancola,Italia,17.85,40.683333,Brindisian amphora,VISELLI,1,-125,-25
33954,Albinia,Italia,11.25,42.5,Dressel 1C,MX,1,-150,-1
28240,Ostia Antica,Italia,12.283333,41.75,Dressel 20,PNN,0,,
25748,Bari,Italia,16.85,41.133333,Lamboglia 2,CLEO,1,-125,-25
20386,Tortona,Italia,8.866667,44.9,Amphora incerta,LV,0,,
20392,Tortona,Italia,8.866667,44.9,Amphora incerta,FILV,0,,
33962,Lodi Vecchio,Italia,9.4,45.3,Dressel 6B,LAEKVIAT,1,-50,-1
32800,Padova,Italia,11.883333,45.416667,Dressel 6A,TPAPIRIDAMA,1,-50,-1
9633,Padova,Italia,11.883333,45.416667,Dressel 6B,FA,1,-50,-1
37891,Brindisi,Italia,17.933333,40.633333,Brindisian amphora,LFANNI,1,-125,-25
26323,Bolsena,Italia,11.983333,42.65,Africana,VTHPVLROC,0,,
29368,Ostia Antica,Italia,12.283333,41.75,Dressel 20,CFSAR,0,,
35319,Canale Giancola,Italia,17.85,40.683333,Brindisian amphora,LVKAON,1,-125,-25
37502,Canale Giancola,Italia,17.85,40.683333,Brindisian amphora,VISELLI,1,-125,-25
34920,Canale Giancola,Italia,17.85,40.683333,Brindisian amphora,ARCHELA,1,-125,-25
36168,Ancona,Italia,13.5,43.633333,Lamboglia 2,EPICA,1,-125,-25
38020,Brindisi,Italia,17.933333,40.633333,Brindisian amphora,CVEHILI,1,-125,-25
40819,Brindisi,Italia,17.933333,40.633333,Brindisian amphora,SOTERICSOTERIX,1,-125,-25
9776,Calvatone,Italia,10.433333,45.116667,Lamboglia 2,LOPITIR,1,-125,-25
37279,Canale Giancola,Italia,17.85,40.683333,Brindisian amphora,DEMETRI,1,-125,-25
40893,Brindisi,Italia,17.933333,40.633333,Brindisian amphora,STR,1,-125,-25
33877,Albinia,Italia,11.25,42.5,Dressel 1C,DAS,1,-150,-1
37827,Brindisi,Italia,17.933333,40.633333,Brindisian amphora,ACAESELIAFQ,1,-125,-25
26231,Ostia Antica,Italia,12.283333,41.75,Africana 2D Grande,CTHTVLROGATIA,0,,
29253,Ostia Antica,Italia,12.283333,41.75,Dressel 20,LFC,0,,
20126,Bottrighe,Italia,12.086944,45.024444,Greco-Itálica,CERDO,1,-400,-100
37655,Brindisi,Italia,17.933333,40.633333,Brindisian amphora,MAIA,1,-125,-25
36859,Vicenza,Italia,11.55,45.55,Dressel 6B,TC,1,-50,-1
38275,Brindisi,Italia,17.933333,40.633333,Brindisian amphora,VEHILI,1,-125,-25
40575,Brindisi,Italia,17.933333,40.633333,Brindisian amphora,NOYMHNIO,1,-125,-25
33873,Albinia,Italia,11.25,42.5,Dressel 1C,DAS,1,-150,-1
35420,Canale Giancola,Italia,17.85,40.683333,Brindisian amphora,SCOPAS,1,-125,-25
35019,Canale Giancola,Italia,17.85,40.683333,Brindisian amphora,DEMETRI,1,-125,-25
9801,Milano,Italia,9.2,45.466667,Lamboglia 2,PHILEM,1,-125,-25
35105,Canale Giancola,Italia,17.85,40.683333,Brindisian amphora,DIOCLES,1,-125,-25
32656,Oderzo,Italia,12.488056,45.78,Dressel 6B,OPTA,1,-50,-1
36733,Padova,Italia,11.883333,45.416667,Dressel 6B,LAEK,1,-50,-1
10544,Altino,Italia,12.393333,45.544444,Dressel 6B,MTITI,1,-50,-1
37560,Canale Giancola,Italia,17.85,40.683333,Brindisian amphora,VISELLI,1,-125,-25
4807,Canosa,Italia,16.066667,41.216667,Amphora incerta,CLITVS,0,,
36939,Lazio,Italia,13.25,41.7,Amphora incerta,AELIFVSCIANI,0,,
35054,Canale Giancola,Italia,17.85,40.683333,Brindisian amphora,DEMETRI,1,-125,-25
9675,Padova,Italia,11.883333,45.416667,Amphora incerta,APICI,0,,
33687,Castelfranco Emilia,Italia,11.05,44.616667,Lamboglia 2,D,1,-125,-25
37604,Canale Giancola,Italia,17.85,40.683333,Brindisian amphora,LUKAON,1,-125,-25
9631,Padova,Italia,11.883333,45.416667,Dressel 6B,PQSCAPVLAE,1,-50,-1
37418,Canale Giancola,Italia,17.85,40.683333,Brindisian amphora,VISELLI,1,-125,-25
33443,Modena,Italia,10.916667,44.666667,Lamboglia 2,S,1,-125,-25
40743,Brindisi,Italia,17.933333,40.633333,Brindisian amphora,PTOLEMAE,1,-125,-25
40139,Brindisi,Italia,17.933333,40.633333,Brindisian amphora,DAMA,1,-125,-25
33868,Albinia,Italia,11.25,42.5,Dressel 1C,DAS,1,-150,-1
34662,Canale Giancola,Italia,17.85,40.683333,Brindisian amphora,APOLLONID,1,-125,-25
10480,Altino,Italia,12.393333,45.544444,Dressel 6A,THB,1,-50,-1
34368,Saliceto di Chiaravalle,Italia,9.983333,44.9,Operculum,EX,0,,
35488,Canale Giancola,Italia,17.85,40.683333,Brindisian amphora,SCOPAS,1,-125,-25
25279,Sardegna,Corsica et Sardinia,8.44,39.881944,Dressel 20,EXOFAN,0,,
35801,Canale Giancola,Italia,17.85,40.683333,Brindisian amphora,VISELLI,1,-125,-25
32810,Padova,Italia,11.883333,45.416667,Dressel 6B,APICI,1,-50,-1
35572,Canale Giancola,Italia,17.85,40.683333,Brindisian amphora,SCOPA,1,-125,-25
34804,Canale Giancola,Italia,17.85,40.683333,Brindisian amphora,APOLLONIDES,1,-125,-25
38304,Brindisi,Italia,17.933333,40.633333,Brindisian amphora,VEHILI,1,-125,-25
35938,Canale Giancola,Italia,17.85,40.683333,Brindisian amphora,LMARCISATVR,1,-125,-25
26552,Montedoro,Sicilia,13.816667,37.45,Amphora incerta,CALAM,0,,
23069,Tortona,Italia,8.866667,44.9,Dressel 6B,LIVNIPAETI,1,-50,-1
33009,Padova,Italia,11.883333,45.416667,Dressel 6B,UMBRICIVM,1,-50,-1
12784,Ivrea,Italia,7.866667,45.466667,Lamboglia 2,VERSO,1,-125,-25
33924,Albinia,Italia,11.25,42.5,Dressel 1C,D,1,-150,-1
35939,Canale Giancola,Italia,17.85,40.683333,Brindisian amphora,LMARCISATVR,1,-125,-25
34986,Canale Giancola,Italia,17.85,40.683333,Brindisian amphora,CARITON,1,-125,-25
8632,Ugento,Italia,18.166667,39.933333,Dressel 2-4,TA,1,-30,-1
41013,Brindisi,Italia,17.933333,40.633333,Brindisian amphora,ANINIANA,1,-125,-25
39265,Brindisi,Italia,17.933333,40.633333,Brindisian amphora,APONI,1,-125,-25
40062,Brindisi,Italia,17.933333,40.633333,Brindisian amphora,BATON,1,-125,-25
11111,Pegognaga,Italia,10.85,45.0,Dressel 6B,VARIPACCI,1,-50,-1
35805,Canale Giancola,Italia,17.85,40.683333,Brindisian amphora,VISELLI,1,-125,-25
38314,Brindisi,Italia,17.933333,40.633333,Brindisian amphora,VEHILI,1,-125,-25
33936,Albinia,Italia,11.25,42.5,Dressel 1C,L,1,-150,-1
39289,Brindisi,Italia,17.933333,40.633333,Brindisian amphora,APOLLONI,1,-125,-25
41056,Brindisi,Italia,17.933333,40.633333,Brindisian amphora,ANINIANA,1,-125,-25
33115,Entella,Italia,9.333333,44.316667,Greco-Itálica,MVA,1,-400,-100
37333,Canale Giancola,Italia,17.85,40.683333,Brindisian amphora,MANISA,1,-125,-25
34258,Provincia di Parma,Italia,10.083333,44.7,Amphora incerta,APLA,0,,
34611,Canale Giancola,Italia,17.85,40.683333,Brindisian amphora,APELLESAEH,1,-125,-25
35485,Canale Giancola,Italia,17.85,40.683333,Brindisian amphora,SCOPAS,1,-125,-25
37576,Canale Giancola,Italia,17.85,40.683333,Brindisian amphora,SIGNUM,1,-125,-25
18573,Îles Lavezzi,Corsica et Sardinia,9.254185,41.341096,Dressel 2-4 Catalan,VIC,1,-30,-1
34970,Canale Giancola,Italia,17.85,40.683333,Brindisian amphora,ARCHELA,1,-125,-25
28259,Ostia Antica,Italia,12.283333,41.75,Dressel 20,HILIX,0,,
34264,Modena,Italia,10.9,44.5,Amphora incerta,APPVLCRI,0,,
34604,Canale Giancola,Italia,17.85,40.683333,Brindisian amphora,APELLESAEH,1,-125,-25
9758,Calvatone,Italia,10.433333,45.116667,Lamboglia 2,EISI,1,-125,-25
33704,Finale Emilia,Italia,11.283333,44.833333,Dressel 6A,API,1,-50,-1
41042,Brindisi,Italia,17.933333,40.633333,Brindisian amphora,ANINIANA,1,-125,-25
19216,Giglio Porto,Italia,10.916667,42.366667,Africana 2,O,0,,
33736,Ostiglia,Italia,11.133333,45.066667,Amphora incerta,LOGVLNI,0,,
4779,Brindisi,Italia,17.933333,40.633333,Brindisian amphora,CANINI,1,-125,-25
8630,Ugento,Italia,18.166667,39.933333,Amphora incerta,NN,0,,
4750,Brindisi,Italia,17.933333,40.633333,Brindisian amphora,SIGNUM,1,-125,-25
35916,Canale Giancola,Italia,17.85,40.683333,Brindisian amphora,LMARCISATVR,1,-125,-25
40400,Brindisi,Italia,17.933333,40.633333,Brindisian amphora,LEONTISCVS,1,-125,-25
35854,Canale Giancola,Italia,17.85,40.683333,Brindisian amphora,DAZIO,1,-125,-25
40436,Brindisi,Italia,17.933333,40.633333,Brindisian amphora,MENAI,1,-125,-25
13890,Milano,Italia,9.2,45.466667,Dressel 6A,HERENNIA,1,-50,-1
20332,Ostia Antica,Italia,12.283333,41.75,Dressel 30 - Keay 1B,EXPROVINCMAVRETANCAESTVB,0,,
34667,Canale Giancola,Italia,17.85,40.683333,Brindisian amphora,APOLLONID,1,-125,-25
41000,Brindisi,Italia,17.933333,40.633333,Brindisian amphora,ANINIANA,1,-125,-25
40398,Brindisi,Italia,17.933333,40.633333,Brindisian amphora,LEONTISCVS,1,-125,-25
25767,Ostia Antica,Italia,12.283333,41.75,Dressel 20,IIIMINICIOR,0,,
35907,Canale Giancola,Italia,17.85,40.683333,Brindisian amphora,LMARCISATVR,1,-125,-25
37375,Canale Giancola,Italia,17.85,40.683333,Brindisian amphora,SCOPAS,1,-125,-25
32701,Oderzo,Italia,12.488056,45.78,Dressel 6B,TERSERETE,1,-50,-1
38136,Brindisi,Italia,17.933333,40.633333,Brindisian amphora,VEHILI,1,-125,-25
40185,Taranto,Italia,17.229722,40.476111,Dressel 2-4,DEM,1,-30,-1
39243,Brindisi,Italia,17.933333,40.633333,Brindisian amphora,APOLONI,1,-125,-25
34711,Canale Giancola,Italia,17.85,40.683333,Brindisian amphora,APOLONIDA,1,-125,-25
37506,Canale Giancola,Italia,17.85,40.683333,Brindisian amphora,VISELLI,1,-125,-25
34526,Canale Giancola,Italia,17.85,40.683333,Brindisian amphora,ANDRONICI,1,-125,-25
34256,Piacenza,Italia,9.666667,45.016667,Amphora incerta,APLA,0,,
34949,Canale Giancola,Italia,17.85,40.683333,Brindisian amphora,ARCHELA,1,-125,-25
28234,Ostia Antica,Italia,12.283333,41.75,Dressel 20,PNN,0,,
7219,Ostia Antica,Italia,12.283333,41.75,Dressel 20,QFLAVIFLAVIANI,0,,
34902,Canale Giancola,Italia,17.85,40.683333,Brindisian amphora,ARCHELA,1,-125,-25
9741,Milano,Italia,9.2,45.466667,Lamboglia 2,DA,1,-125,-25
40718,Brindisi,Italia,17.933333,40.633333,Brindisian amphora,PTOLEMAE,1,-125,-25
39270,Brindisi,Italia,17.933333,40.633333,Brindisian amphora,APOLLONI,1,-125,-25
29263,Ostia Antica,Italia,12.283333,41.75,Dressel 20,LFC,0,,
5074,Ostia Antica,Italia,12.283333,41.75,Africana,LEPMIDOMF,0,,
32259,Cremona,Italia,10.033333,45.116667,Brindisian amphora,BATO,1,-125,-25
38267,Brindisi,Italia,17.933333,40.633333,Brindisian amphora,VEHILI,1,-125,-25
41087,Brindisi,Italia,17.933333,40.633333,Brindisian amphora,VEHELIANA,1,-125,-25
39277,Brindisi,Italia,17.933333,40.633333,Brindisian amphora,APOLLONI,1,-125,-25
20289,Ostia Antica,Italia,12.283333,41.75,Dressel 20,CAERARIA,0,,
37265,Canale Giancola,Italia,17.85,40.683333,Brindisian amphora,CHARITON,1,-125,-25
37455,Canale Giancola,Italia,17.85,40.683333,Brindisian amphora,VISELLI,1,-125,-25
37379,Canale Giancola,Italia,17.85,40.683333,Brindisian amphora,SCOPAS,1,-125,-25
33810,Albinia,Italia,11.25,42.5,Dressel 1,NICIA,1,-150,-1
4865,Astura,Italia,12.766667,41.4,Amphora incerta,LAV,0,,
36819,Vicenza,Italia,11.55,45.55,Dressel 6B,BAR,1,-50,-1
35109,Canale Giancola,Italia,17.85,40.683333,Brindisian amphora,DIOCLES,1,-125,-25
10522,Altino,Italia,12.393333,45.544444,Dressel 6B,VARIPACCI,1,-50,-1
35669,Canale Giancola,Italia,17.85,40.683333,Brindisian amphora,VISELLI,1,-125,-25
17091,Islas de Tremiti,Italia,15.5,42.116667,Lamboglia 2,MFVS,1,-125,-25
38271,Brindisi,Italia,17.933333,40.633333,Brindisian amphora,VEHILI,1,-125,-25
39997,Brindisi,Italia,17.933333,40.633333,Brindisian amphora,BAHANO,1,-125,-25
35317,Canale Giancola,Italia,17.85,40.683333,Brindisian amphora,LVKAON,1,-125,-25
33798,Albinia,Italia,11.25,42.5,Dressel 1,APOL,1,-150,-1
28183,Ostia Antica,Italia,12.283333,41.75,Dressel 20,POROCODV,0,,
26581,Ostia Antica,Italia,12.283333,41.75,Amphora incerta,MAF,0,,
40064,Brindisi,Italia,17.933333,40.633333,Brindisian amphora,BATON,1,-125,-25
35180,Canale Giancola,Italia,17.85,40.683333,Brindisian amphora,HERMAISCI,1,-125,-25
35995,Canale Giancola,Italia,17.85,40.683333,Brindisian amphora,CNPETROSOSTR,1,-125,-25
23237,Tortona,Italia,8.866667,44.9,Dressel 2-4,CIVLINIC,1,-30,-1
33777,Padova,Italia,11.816667,45.35,Amphora incerta,ROMAANIGAVI,0,,
35839,Canale Giancola,Italia,17.85,40.683333,Brindisian amphora,CERDO,1,-125,-25
32670,Oderzo,Italia,12.488056,45.78,Dressel 6B,CLAEC,1,-50,-1
38297,Brindisi,Italia,17.933333,40.633333,Brindisian amphora,VEHILI,1,-125,-25
38159,Brindisi,Italia,17.933333,40.633333,Brindisian amphora,VEHILI,1,-125,-25
33814,Albinia,Italia,11.25,42.5,Greco-Itálica,MAHE,1,-400,-100
34761,Canale Giancola,Italia,17.85,40.683333,Brindisian amphora,APOLONIDA,1,-125,-25
37521,Canale Giancola,Italia,17.85,40.683333,Brindisian amphora,VISELLI,1,-125,-25
37735,Brindisi,Italia,17.933333,40.633333,Brindisian amphora,CANINI,1,-125,-25
40385,Brindisi,Italia,17.933333,40.633333,Brindisian amphora,LEONTISCVS,1,-125,-25
36070,Urbisaglia,Italia,13.383333,43.2,Rodia,MENODOSOYYAXINTHIOY,0,,
37762,Brindisi,Italia,17.933333,40.633333,Brindisian amphora,LANINIVS,1,-125,-25
37487,Canale Giancola,Italia,17.85,40.683333,Brindisian amphora,VISELLI,1,-125,-25
38021,Brindisi,Italia,17.933333,40.633333,Brindisian amphora,CVEHILI,1,-125,-25
36977,Siracusa,Sicilia,15.3,37.066667,Amphora incerta,FP,0,,
36914,Pompeya,Italia,14.483333,40.75,Amphora incerta,MAPRC,0,,
35421,Canale Giancola,Italia,17.85,40.683333,Brindisian amphora,SCOPAS,1,-125,-25
33790,Albinia,Italia,11.25,42.5,Greco-Itálica,APEL,1,-400,-100
39983,Ostia Antica,Italia,12.283333,41.75,Amphora incerta,FVT,0,,
40055,Brindisi,Italia,17.933333,40.633333,Brindisian amphora,BATON,1,-125,-25
39228,Brindisi,Italia,17.933333,40.633333,Brindisian amphora,APOLONI,1,-125,-25
25393,Cosa,Italia,12.896389,46.057778,Dressel 1A,CADUCEUS,1,-150,-1
9813,Cremona,Italia,10.033333,45.116667,Lamboglia 2,SALVI,1,-125,-25
40683,Brindisi,Italia,17.933333,40.633333,Brindisian amphora,PILEMO,1,-125,-25
35045,Canale Giancola,Italia,17.85,40.683333,Brindisian amphora,DEMETRI,1,-125,-25
34744,Canale Giancola,Italia,17.85,40.683333,Brindisian amphora,APOLONIDA,1,-125,-25
41007,Brindisi,Italia,17.933333,40.633333,Brindisian amphora,ANINIANA,1,-125,-25
40193,Brindisi,Italia,17.933333,40.633333,Brindisian amphora,DIODOTI,1,-125,-25
40552,Brindisi,Italia,17.933333,40.633333,Brindisian amphora,MENOPILVS,1,-125,-25
38439,Brindisi,Italia,17.933333,40.633333,Brindisian amphora,APELAES,1,-125,-25
32317,Padova,Italia,11.883333,45.416667,Dressel 6A,TCLS,1,-50,-1
40181,Brindisi,Italia,17.933333,40.633333,Brindisian amphora,DEMETRI,1,-125,-25
40673,Brindisi,Italia,17.933333,40.633333,Brindisian amphora,PILEMO,1,-125,-25
36796,Vicenza,Italia,11.55,45.55,Dressel 6B,IVNIPAETIN,1,-50,-1
4811,Canosa,Italia,16.066667,41.216667,Dressel 6A,MHERPICENT,1,-50,-1
31709,Pompeya,Italia,14.483333,40.75,Amphora incerta,ARCHEI,0,,
35774,Canale Giancola,Italia,17.85,40.683333,Brindisian amphora,VISELLI,1,-125,-25
37407,Canale Giancola,Italia,17.85,40.683333,Brindisian amphora,ON,1,-125,-25
9803,Milano,Italia,9.2,45.466667,Lamboglia 2,PHILIP,1,-125,-25
32718,Pegognaga,Italia,10.85,45.0,Dressel 6B,MM,1,-50,-1
36971,Erice,Sicilia,12.583333,38.033333,Greco-Itálica,MDCIO,1,-400,-100
40386,Brindisi,Italia,17.933333,40.633333,Brindisian amphora,LEONTISCVS,1,-125,-25
34928,Canale Giancola,Italia,17.85,40.683333,Brindisian amphora,ARCHELA,1,-125,-25
28406,Ostia Antica,Italia,12.283333,41.75,Dressel 20,QIM,0,,
27086,Spargi,Corsica et Sardinia,9.35,41.233333,Dressel 1A,PI,1,-150,-1
4774,Brindisi,Italia,17.933333,40.633333,Brindisian amphora,ORESTELENTVLO,1,-125,-25
33761,Piadena,Italia,10.366667,45.133333,Lamboglia 2,MENO,1,-125,-25
34798,Canale Giancola,Italia,17.85,40.683333,Brindisian amphora,APOLLONIDES,1,-125,-25
35403,Canale Giancola,Italia,17.85,40.683333,Brindisian amphora,MENOPHIL,1,-125,-25
33092,Entella,Italia,9.333333,44.316667,Greco-Itálica,TRLOISIO,1,-400,-100
34197,Bologna,Italia,11.333333,44.483333,Amphora incerta,COSAE,0,,
9639,Padova,Italia,11.883333,45.416667,Dressel 6B,PQSCAPVLAE,1,-50,-1
40947,Brindisi,Italia,17.933333,40.633333,Brindisian amphora,ANINIANA,1,-125,-25
26207,Ostia Antica,Italia,12.283333,41.75,Africana 2D Grande,COLLEPCAS,0,,
37507,Canale Giancola,Italia,17.85,40.683333,Brindisian amphora,VISELLI,1,-125,-25
40975,Brindisi,Italia,17.933333,40.633333,Brindisian amphora,ANINIANA,1,-125,-25
40676,Brindisi,Italia,17.933333,40.633333,Brindisian amphora,PILEMO,1,-125,-25
29255,Ostia Antica,Italia,12.283333,41.75,Dressel 20,CRESLFCRESCCVF,0,,
37409,Canale Giancola,Italia,17.85,40.683333,Brindisian amphora,MFABI,1,-125,-25
35325,Canale Giancola,Italia,17.85,40.683333,Brindisian amphora,LVKAON,1,-125,-25
35686,Canale Giancola,Italia,17.85,40.683333,Brindisian amphora,VISELLI,1,-125,-25
33726,Ostiglia,Italia,11.133333,45.066667,Dressel 6A,DAMAEBIDIENI,1,-50,-1
35873,Canale Giancola,Italia,17.85,40.683333,Brindisian amphora,PROTAGATHVS,1,-125,-25
33824,Albinia,Italia,11.25,42.5,Greco-Itálica,SOTIC,1,-400,-100
37339,Canale Giancola,Italia,17.85,40.683333,Brindisian amphora,MANISA,1,-125,-25
32489,Pegognaga,Italia,10.85,45.0,Amphora incerta,PRG,0,,
29252,Ostia Antica,Italia,12.283333,41.75,Dressel 20,LFC,0,,
34860,Canale Giancola,Italia,17.85,40.683333,Brindisian amphora,ARCHELA,1,-125,-25
35378,Canale Giancola,Italia,17.85,40.683333,Brindisian amphora,LVKAON,1,-125,-25
35205,Canale Giancola,Italia,17.85,40.683333,Brindisian amphora,HERMAISCI,1,-125,-25
33947,Albinia,Italia,11.25,42.5,Dressel 1C,L,1,-150,-1
38400,Brindisi,Italia,17.933333,40.633333,Brindisian amphora,ANTIOCOS,1,-125,-25
40835,Brindisi,Italia,17.933333,40.633333,Brindisian amphora,SOTERICSOTERIX,1,-125,-25
35244,Canale Giancola,Italia,17.85,40.683333,Brindisian amphora,LVCAO,1,-125,-25
34306,Provincia di Parma,Italia,10.083333,44.7,Amphora incerta,DEFMPHER,0,,
35122,Canale Giancola,Italia,17.85,40.683333,Brindisian amphora,DIOCLES,1,-125,-25
35813,Canale Giancola,Italia,17.85,40.683333,Brindisian amphora,VISELLI,1,-125,-25
35852,Canale Giancola,Italia,17.85,40.683333,Brindisian amphora,DAZIO,1,-125,-25
33047,Padova,Italia,11.883333,45.416667,Dressel 6B,IMP,1,-50,-1
37783,Brindisi,Italia,17.933333,40.633333,Brindisian amphora,APPVLEI,1,-125,-25
33116,Lilibeo,Sicilia,12.416667,37.8,Greco-Itálica,MVA,1,-400,-100
39998,Brindisi,Italia,17.933333,40.633333,Brindisian amphora,BAHANO,1,-125,-25
40026,Brindisi,Italia,17.933333,40.633333,Brindisian amphora,BAHANO,1,-125,-25
37299,Canale Giancola,Italia,17.85,40.683333,Brindisian amphora,EPIGENVS,1,-125,-25
33442,Modena,Italia,10.916667,44.666667,Lamboglia 2,DIONIS,1,-125,-25
39193,Brindisi,Italia,17.933333,40.633333,Brindisian amphora,APOLONI,1,-125,-25
35944,Canale Giancola,Italia,17.85,40.683333,Brindisian amphora,CNPE,1,-125,-25
38149,Brindisi,Italia,17.933333,40.633333,Brindisian amphora,VEHILI,1,-125,-25
32331,Calvatone,Italia,10.433333,45.116667,Amphora incerta,TA,0,,
40757,Brindisi,Italia,17.933333,40.633333,Brindisian amphora,PTOLEMAE,1,-125,-25
9623,Padova,Italia,11.883333,45.416667,Dressel 6A,THB,1,-50,-1
34817,Canale Giancola,Italia,17.85,40.683333,Brindisian amphora,APOLONI,1,-125,-25
39245,Brindisi,Italia,17.933333,40.633333,Brindisian amphora,APOLONI,1,-125,-25
41039,Brindisi,Italia,17.933333,40.633333,Brindisian amphora,ANINIANA,1,-125,-25
35459,Canale Giancola,Italia,17.85,40.683333,Brindisian amphora,SCOPAS,1,-125,-25
20297,Ostia Antica,Italia,12.283333,41.75,Dressel 20,LIVNIMELISSI,0,,
25299,Sardegna,Corsica et Sardinia,8.44,39.881944,Amphora incerta,AT,0,,
34645,Canale Giancola,Italia,17.85,40.683333,Brindisian amphora,APOLLONID,1,-125,-25
32791,Padova,Italia,11.883333,45.416667,Lamboglia 2,PLPAPI,1,-125,-25
38343,Brindisi,Italia,17.933333,40.633333,Brindisian amphora,VEHILI,1,-125,-25
34190,Arezzo,Italia,11.883333,43.416667,Amphora incerta,CERD,0,,
7212,Ostia Antica,Italia,12.283333,41.75,Dressel 20,ENNIORVMIVLIORVM,0,,
26204,Ostia Antica,Italia,12.283333,41.75,Africana 2D Grande,CLEPMAX,0,,
35115,Canale Giancola,Italia,17.85,40.683333,Brindisian amphora,DIOCLES,1,-125,-25
35295,Canale Giancola,Italia,17.85,40.683333,Brindisian amphora,LVKAON,1,-125,-25
40503,Brindisi,Italia,17.933333,40.633333,Brindisian amphora,MENECRATES,1,-125,-25
26218,Ostia Antica,Italia,12.283333,41.75,Africana 2D Grande,CLLLC,0,,
35698,Canale Giancola,Italia,17.85,40.683333,Brindisian amphora,VISELLI,1,-125,-25
6365,Taranto,Italia,17.229722,40.476111,Dressel 1,PSVLLA,1,-150,-1
34362,Fosso Sanguinara,Italia,12.083333,41.933333,Operculum,N,0,,
9640,Padova,Italia,11.883333,45.416667,Dressel 6B,NETCANITCA,1,-50,-1
26547,Ostia Antica,Italia,12.283333,41.75,Amphora incerta,AMAND,0,,
40238,Brindisi,Italia,17.933333,40.633333,Brindisian amphora,EIKADIO,1,-125,-25
38190,Brindisi,Italia,17.933333,40.633333,Brindisian amphora,VEHILI,1,-125,-25
33257,Martigny,Italia,7.076771,46.104593,Dressel 20,MIM,0,,
35027,Canale Giancola,Italia,17.85,40.683333,Brindisian amphora,DEMETRI,1,-125,-25
38288,Brindisi,Italia,17.933333,40.633333,Brindisian amphora,VEHILI,1,-125,-25
36747,Padova,Italia,11.883333,45.416667,Dressel 6B,FELIXSCR,1,-50,-1
34814,Canale Giancola,Italia,17.85,40.683333,Brindisian amphora,APOLONI,1,-125,-25
39323,Brindisi,Italia,17.933333,40.633333,Brindisian amphora,APOLNVEB,1,-125,-25
34250,Provincia di Parma,Italia,10.083333,44.7,Amphora incerta,PACAR,0,,
33823,Albinia,Italia,11.25,42.5,Greco-Itálica,SOTIC,1,-400,-100
23039,Tortona,Italia,8.866667,44.9,Dressel 6B,PAGAN,1,-50,-1
27090,Spargi,Corsica et Sardinia,9.35,41.233333,Dressel 1A,ER,1,-150,-1
19217,Giglio Porto,Italia,10.916667,42.366667,Africana 2,O,0,,
35468,Canale Giancola,Italia,17.85,40.683333,Brindisian amphora,SCOPAS,1,-125,-25
35814,Canale Giancola,Italia,17.85,40.683333,Brindisian amphora,VISELLI,1,-125,-25
35188,Canale Giancola,Italia,17.85,40.683333,Brindisian amphora,HERMAISCI,1,-125,-25
26559,Ostia Antica,Italia,12.283333,41.75,Amphora incerta,COM,0,,
37541,Canale Giancola,Italia,17.85,40.683333,Brindisian amphora,VISELLI,1,-125,-25
37273,Canale Giancola,Italia,17.85,40.683333,Brindisian amphora,CHARITON,1,-125,-25
37257,Canale Giancola,Italia,17.85,40.683333,Brindisian amphora,CARITON,1,-125,-25
33670,Umbria,Italia,12.55,43.05,Dressel 2-4,OFFICIBASSI,1,-30,-1
39206,Brindisi,Italia,17.933333,40.633333,Brindisian amphora,APOLONI,1,-125,-25
25380,Cosa,Italia,12.896389,46.057778,Dressel 1A,SES,1,-150,-1
40179,Brindisi,Italia,17.933333,40.633333,Brindisian amphora,DEMETRI,1,-125,-25
26513,Ostia Antica,Italia,12.283333,41.75,Dressel 20,EXOFCBEL,0,,
40790,Brindisi,Italia,17.933333,40.633333,Brindisian amphora,PVLADEI,1,-125,-25
10521,Altino,Italia,12.393333,45.544444,Dressel 6B,FLAVFONTANI,1,-50,-1
7217,Ostia Antica,Italia,12.283333,41.75,Dressel 20,CLPV,0,,
7203,Ostia Antica,Italia,12.283333,41.75,Dressel 20,ALFO,0,,
21111,Tortona,Italia,8.866667,44.9,Dressel 20,PIVLICRISPI,0,,
25823,Ostia Antica,Italia,12.283333,41.75,Dressel 20,BARBA,0,,
35684,Canale Giancola,Italia,17.85,40.683333,Brindisian amphora,VISELLI,1,-125,-25
33012,Padova,Italia,11.883333,45.416667,Dressel 20,OM,0,,
35329,Canale Giancola,Italia,17.85,40.683333,Brindisian amphora,LVKAON,1,-125,-25
29242,Ostia Antica,Italia,12.283333,41.75,Dressel 20,FLFBA,0,,
33820,Albinia,Italia,11.25,42.5,Amphora incerta,MAHE,0,,
33318,Castelfranco Emilia,Italia,11.05,44.616667,Amphora incerta,PQSCAPVLAE,0,,
33724,Ostiglia,Italia,11.133333,45.066667,Dressel 6B,CELERSARI,1,-50,-1
36964,Trapani,Sicilia,12.483333,38.016667,Amphora incerta,CAIIST,0,,
32821,Padova,Italia,11.883333,45.416667,Dressel 6B,PACC,1,-50,-1
39315,Brindisi,Italia,17.933333,40.633333,Brindisian amphora,APOLNVEB,1,-125,-25
36947,Sicilia,Sicilia,14.95,38.5,Amphora incerta,PPO,0,,
34937,Canale Giancola,Italia,17.85,40.683333,Brindisian amphora,ARCHELA,1,-125,-25
32273,Cremona,Italia,10.033333,45.116667,Lamboglia 2,DIOMACDIOMAO,1,-125,-25
32761,Padova,Italia,11.883333,45.416667,Dressel 6B,FELIXPET,1,-50,-1
37695,Brindisi,Italia,17.933333,40.633333,Brindisian amphora,CANINI,1,-125,-25
10481,Altino,Italia,12.393333,45.544444,Dressel 6A,THB,1,-50,-1
40659,Brindisi,Italia,17.933333,40.633333,Brindisian amphora,PILEMO,1,-125,-25
37703,Brindisi,Italia,17.933333,40.633333,Brindisian amphora,CANINI,1,-125,-25
34632,Canale Giancola,Italia,17.85,40.683333,Brindisian amphora,APOLLONID,1,-125,-25
32651,Oderzo,Italia,12.488056,45.78,Dressel 6B,LAE,1,-50,-1
40334,Brindisi,Italia,17.933333,40.633333,Brindisian amphora,HERMOGE,1,-125,-25
35723,Canale Giancola,Italia,17.85,40.683333,Brindisian amphora,VISELLI,1,-125,-25
40983,Brindisi,Italia,17.933333,40.633333,Brindisian amphora,ANINIANA,1,-125,-25
32885,Padova,Italia,11.883333,45.416667,Dressel 6B,MLIVIATTALI,1,-50,-1
35004,Canale Giancola,Italia,17.85,40.683333,Brindisian amphora,DAMATRI,1,-125,-25
36962,Trapani,Sicilia,12.483333,38.016667,Amphora incerta,CVETI,0,,
35017,Canale Giancola,Italia,17.85,40.683333,Brindisian amphora,DEMETRI,1,-125,-25
37297,Canale Giancola,Italia,17.85,40.683333,Brindisian amphora,DEMETRI,1,-125,-25
40196,Brindisi,Italia,17.933333,40.633333,Brindisian amphora,DIODOTI,1,-125,-25
38013,Brindisi,Italia,17.933333,40.633333,Brindisian amphora,CVEHILICF,1,-125,-25
41071,Brindisi,Italia,17.933333,40.633333,Brindisian amphora,ANINIANA,1,-125,-25
34917,Canale Giancola,Italia,17.85,40.683333,Brindisian amphora,ARCHELA,1,-125,-25
35778,Canale Giancola,Italia,17.85,40.683333,Brindisian amphora,VISELLI,1,-125,-25
36742,Padova,Italia,11.883333,45.416667,Dressel 6B,CELE,1,-50,-1
9586,Padova,Italia,11.883333,45.416667,Dressel 6A,STATI,1,-50,-1
33090,Erice,Sicilia,12.583333,38.033333,Greco-Itálica,QIVE,1,-400,-100
33019,Padova,Italia,11.883333,45.416667,Dressel 6B,ILEGIBLE,1,-50,-1
18573,Îles Lavezzi,Corsica et Sardinia,9.254185,41.341096,Dressel 2-4 Catalan,ALBA,1,-30,-1
35166,Canale Giancola,Italia,17.85,40.683333,Brindisian amphora,DIOCLEI,1,-125,-25
34987,Canale Giancola,Italia,17.85,40.683333,Brindisian amphora,DAEDALI,1,-125,-25
9838,Turrida di Sedegliano,Italia,12.932778,46.029444,Lamboglia 2,ARCHELA,1,-125,-25
37739,Brindisi,Italia,17.933333,40.633333,Brindisian amphora,CANINI,1,-125,-25
29623,Ostia Antica,Italia,12.283333,41.75,Dressel 20,LVALERITERNI,0,,
37559,Canale Giancola,Italia,17.85,40.683333,Brindisian amphora,VISELLI,1,-125,-25
34610,Canale Giancola,Italia,17.85,40.683333,Brindisian amphora,APELLESAEH,1,-125,-25
20078,Tortona,Italia,8.866667,44.9,Amphora incerta,PRVY,0,,
10579,Altino,Italia,12.393333,45.544444,Dressel 6A,PRIMVEBDIEN,1,-50,-1
36978,Ascoli,Italia,13.566667,42.85,Lamboglia 2,ANTI,1,-125,-25
36856,Vicenza,Italia,11.55,45.55,Dressel 6B,MLIVIAALI,1,-50,-1
32793,Padova,Italia,11.883333,45.416667,Dressel 6A,TCS,1,-50,-1
37411,Canale Giancola,Italia,17.85,40.683333,Brindisian amphora,VISELLI,1,-125,-25
36827,Vicenza,Italia,11.55,45.55,Dressel 6B,CLAEKBASSI,1,-50,-1
35458,Canale Giancola,Italia,17.85,40.683333,Brindisian amphora,SCOPAS,1,-125,-25
25471,Pegognaga,Italia,10.85,45.0,Dressel 1B,XSCR,1,-150,-1
9286,Este,Italia,11.65,45.233333,Dressel 6B,FLACFA,1,-50,-1
9684,Padova,Italia,11.883333,45.416667,Amphora incerta,FVC,0,,
40942,Brindisi,Italia,17.933333,40.633333,Brindisian amphora,ANINIANA,1,-125,-25
10565,Altino,Italia,12.393333,45.544444,Dressel ante 6B,PSEPVLLI,0,,
34268,Castelnuovo di sotto,Italia,10.566667,44.816667,Amphora incerta,QSCAPVLAE,0,,
32807,Padova,Italia,11.883333,45.416667,Dressel 6A,ROM,1,-50,-1
35674,Canale Giancola,Italia,17.85,40.683333,Brindisian amphora,VISELLI,1,-125,-25
18608,Îles Lavezzi,Corsica et Sardinia,9.254185,41.341096,Dressel 2-4 Catalan,VIC,1,-30,-1
35232,Canale Giancola,Italia,17.85,40.683333,Brindisian amphora,LIBO,1,-125,-25
26186,Porto Torres,Corsica et Sardinia,8.397222,40.835,Africana,IC,0,,
25385,Cosa,Italia,12.896389,46.057778,Dressel 1A,SEST,1,-150,-1
32305,Padova,Italia,11.883333,45.416667,Dressel 6B,VIAT,1,-50,-1
38189,Brindisi,Italia,17.933333,40.633333,Brindisian amphora,VEHILI,1,-125,-25
35962,Canale Giancola,Italia,17.85,40.683333,Brindisian amphora,CNPETROSOSTR,1,-125,-25
37740,Brindisi,Italia,17.933333,40.633333,Brindisian amphora,CANINI,1,-125,-25
34208,Bologna,Italia,11.333333,44.483333,Amphora incerta,TEBIDPHARHA,0,,
9657,Padova,Italia,11.883333,45.416667,Amphora incerta,CHOSDAM,0,,
33958,Albinia,Italia,11.25,42.5,Dressel 1C,S,1,-150,-1
28191,Ostia Antica,Italia,12.283333,41.75,Dressel 20,NIII,0,,
37354,Canale Giancola,Italia,17.85,40.683333,Brindisian amphora,PHILIPI,1,-125,-25
38298,Brindisi,Italia,17.933333,40.633333,Brindisian amphora,VEHILI,1,-125,-25
19208,Giglio Porto,Italia,10.916667,42.366667,Africana,STELLA,0,,
32504,Pegognaga,Italia,10.85,45.0,Dressel 6A,CIVLPOLY,1,-50,-1
35576,Canale Giancola,Italia,17.85,40.683333,Brindisian amphora,SCOPA,1,-125,-25
40539,Brindisi,Italia,17.933333,40.633333,Brindisian amphora,MENOPILVS,1,-125,-25
20324,Ostia Antica,Italia,12.283333,41.75,Dressel 30 - Keay 1B,EXOIVLIHONORPMCTVB,0,,
40656,Brindisi,Italia,17.933333,40.633333,Brindisian amphora,PILEMO,1,-125,-25
33264,Martigny,Italia,7.076771,46.104593,Dressel 20,CTVC,0,,
35819,Canale Giancola,Italia,17.85,40.683333,Brindisian amphora,VISELLI,1,-125,-25
35192,Canale Giancola,Italia,17.85,40.683333,Brindisian amphora,HERMAISCI,1,-125,-25
35738,Canale Giancola,Italia,17.85,40.683333,Brindisian amphora,VISELLI,1,-125,-25
34972,Canale Giancola,Italia,17.85,40.683333,Brindisian amphora,ARCHELAVS,1,-125,-25
29297,Ostia Antica,Italia,12.283333,41.75,Dressel 20,LFC,0,,
40640,Messina,Sicilia,15.566667,38.183333,Brindisian amphora,PERDICAS,1,-125,-25
40111,Brindisi,Italia,17.933333,40.633333,Brindisian amphora,CTESO,1,-125,-25
37582,Canale Giancola,Italia,17.85,40.683333,Brindisian amphora,DEMETRI,1,-125,-25
38007,Brindisi,Italia,17.933333,40.633333,Brindisian amphora,PVEBAL,1,-125,-25
34109,San Potito,Italia,13.5,42.116667,Dressel 20,NM,0,,
40695,Brindisi,Italia,17.933333,40.633333,Brindisian amphora,PHILONICAPPVLEI,1,-125,-25
32618,Oderzo,Italia,12.488056,45.78,Dressel 6B,CRISPINILI,1,-50,-1
34752,Canale Giancola,Italia,17.85,40.683333,Brindisian amphora,APOLONIDA,1,-125,-25
34984,Canale Giancola,Italia,17.85,40.683333,Brindisian amphora,BAHANO,1,-125,-25
35625,Canale Giancola,Italia,17.85,40.683333,Brindisian amphora,VISELLI,1,-125,-25
37997,Brindisi,Italia,17.933333,40.633333,Brindisian amphora,PVEBAL,1,-125,-25
37692,Brindisi,Italia,17.933333,40.633333,Brindisian amphora,CANINI,1,-125,-25
36125,Civitavecchia,Italia,11.8,42.1,Dressel 20,MARMA,0,,
33978,Toscana,Italia,11.0,43.416667,Dressel 2-4 Catalan,PTE,1,-30,-1
35117,Canale Giancola,Italia,17.85,40.683333,Brindisian amphora,DIOCLES,1,-125,-25
26287,Monaco,Italia,7.4252,43.735208,Africana 2A Grande,SV,0,,
37755,Brindisi,Italia,17.933333,40.633333,Brindisian amphora,LANINIVS,1,-125,-25
40876,Brindisi,Italia,17.933333,40.633333,Brindisian amphora,STR,1,-125,-25
23243,Tortona,Italia,8.866667,44.9,Brindisian amphora,CNPETROSOSTR,1,-125,-25
38200,Brindisi,Italia,17.933333,40.633333,Brindisian amphora,VEHILI,1,-125,-25
26592,Imperia,Italia,8.05,43.883333,Dressel 2-4 Catalan,PTE,1,-30,-1
35445,Canale Giancola,Italia,17.85,40.683333,Brindisian amphora,SCOPAS,1,-125,-25
34757,Canale Giancola,Italia,17.85,40.683333,Brindisian amphora,APOLONIDA,1,-125,-25
40484,Brindisi,Italia,17.933333,40.633333,Brindisian amphora,MENECRATES,1,-125,-25
37778,Brindisi,Italia,17.933333,40.633333,Brindisian amphora,APPVLEI,1,-125,-25
32768,Padova,Italia,11.883333,45.416667,Dressel 6B,LAEK,1,-50,-1
38303,Brindisi,Italia,17.933333,40.633333,Brindisian amphora,VEHILI,1,-125,-25
35023,Canale Giancola,Italia,17.85,40.683333,Brindisian amphora,DEMETRI,1,-125,-25
37786,Brindisi,Italia,17.933333,40.633333,Brindisian amphora,APPVLEI,1,-125,-25
39269,Brindisi,Italia,17.933333,40.633333,Brindisian amphora,APOLLONI,1,-125,-25
9723,Milano,Italia,9.2,45.466667,Lamboglia 2,ANTIO,1,-125,-25
40384,Brindisi,Italia,17.933333,40.633333,Brindisian amphora,LEONTISCVS,1,-125,-25
35816,Canale Giancola,Italia,17.85,40.683333,Brindisian amphora,VISELLI,1,-125,-25
38081,Brindisi,Italia,17.933333,40.633333,Brindisian amphora,VEHILI,1,-125,-25
34720,Canale Giancola,Italia,17.85,40.683333,Brindisian amphora,APOLONIDA,1,-125,-25
29453,Ostia Antica,Italia,12.283333,41.75,Dressel 20,CSP,0,,
40450,Brindisi,Italia,17.933333,40.633333,Brindisian amphora,MENECRATES,1,-125,-25
1055,Ostia Antica,Italia,12.283333,41.75,Dressel 30 - Keay 1B,EXPROVMAVRCAESTVBVS,0,,
34810,Canale Giancola,Italia,17.85,40.683333,Brindisian amphora,APOLONI,1,-125,-25
33989,Trieste,Italia,13.766667,45.666667,Dressel 6B,LQTHAL,1,-50,-1
18567,Îles Lavezzi,Corsica et Sardinia,9.254185,41.341096,Dressel 2-4 Catalan,SC,1,-30,-1
28229,Ostia Antica,Italia,12.283333,41.75,Dressel 20,PNN,0,,
28245,Ostia Antica,Italia,12.283333,41.75,Dressel 20,PNN,0,,
35419,Canale Giancola,Italia,17.85,40.683333,Brindisian amphora,SCOPAS,1,-125,-25
32884,Padova,Italia,11.883333,45.416667,Dressel 6B,LPAETINI,1,-50,-1
37923,Brindisi,Italia,17.933333,40.633333,Brindisian amphora,LLVCI,1,-125,-25
35397,Canale Giancola,Italia,17.85,40.683333,Brindisian amphora,MENOPHIL,1,-125,-25
40102,Brindisi,Italia,17.933333,40.633333,Brindisian amphora,CTESO,1,-125,-25
37737,Brindisi,Italia,17.933333,40.633333,Brindisian amphora,CANINI,1,-125,-25
40311,Brindisi,Italia,17.933333,40.633333,Brindisian amphora,GORGIA,1,-125,-25
40560,Brindisi,Italia,17.933333,40.633333,Brindisian amphora,MENOPILVS,1,-125,-25
20310,Ostia Antica,Italia,12.283333,41.75,Africana,O,0,,
34909,Canale Giancola,Italia,17.85,40.683333,Brindisian amphora,ARCHELA,1,-125,-25
34625,Canale Giancola,Italia,17.85,40.683333,Brindisian amphora,APOLLONID,1,-125,-25
34280,Villanova,Italia,11.983333,44.25,Amphora incerta,PSEPVLLIPF,0,,
40921,Brindisi,Italia,17.933333,40.633333,Lamboglia 2,TARVLA,1,-125,-25
26211,Ostia Antica,Italia,12.283333,41.75,Africana 2D Grande,LEPROSAR,0,,
37463,Canale Giancola,Italia,17.85,40.683333,Brindisian amphora,VISELLI,1,-125,-25
34225,Modena,Italia,10.9,44.5,Amphora incerta,MHERPICEN,0,,
19199,Isola del Giglio,Italia,10.9,42.35,Gauloise 4,MATVRI,0,,
40201,Lecce,Italia,18.183333,40.383333,Brindisian amphora,DIODOT,1,-125,-25
32646,Oderzo,Italia,12.488056,45.78,Dressel 6B,EVCHARISTI,1,-50,-1
32633,Oderzo,Italia,12.488056,45.78,Dressel 6B,AMETHYSTI,1,-50,-1
37784,Brindisi,Italia,17.933333,40.633333,Brindisian amphora,APPVLEI,1,-125,-25
32276,Cremona,Italia,10.033333,45.116667,Lamboglia 2,SENO,1,-125,-25
37540,Canale Giancola,Italia,17.85,40.683333,Brindisian amphora,VISELLI,1,-125,-25
25684,Ostia Antica,Italia,12.283333,41.75,Dressel 20,CAP,0,,
33681,Castelfranco Emilia,Italia,11.05,44.616667,Amphora incerta,PPETR,0,,
40059,Brindisi,Italia,17.933333,40.633333,Brindisian amphora,BATON,1,-125,-25
38383,Brindisi,Italia,17.933333,40.633333,Brindisian amphora,ALESAN,1,-125,-25
37522,Canale Giancola,Italia,17.85,40.683333,Brindisian amphora,VISELLI,1,-125,-25
37944,Brindisi,Italia,17.933333,40.633333,Brindisian amphora,NMACCIVSLFQ,1,-125,-25
35597,Canale Giancola,Italia,17.85,40.683333,Brindisian amphora,VISELLI,1,-125,-25
32661,Oderzo,Italia,12.488056,45.78,Dressel 6B,PIERI,1,-50,-1
29272,Ostia Antica,Italia,12.283333,41.75,Dressel 20,LFC,0,,
37858,Brindisi,Italia,17.933333,40.633333,Brindisian amphora,LCORNELIQ,1,-125,-25
40817,Brindisi,Italia,17.933333,40.633333,Brindisian amphora,SOTERICSOTERIX,1,-125,-25
36840,Vicenza,Italia,11.55,45.55,Dressel 6B,OP,1,-50,-1
40387,Brindisi,Italia,17.933333,40.633333,Brindisian amphora,LEONTISCVS,1,-125,-25
37715,Brindisi,Italia,17.933333,40.633333,Brindisian amphora,CANINI,1,-125,-25
37813,Brindisi,Italia,17.933333,40.633333,Brindisian amphora,APPVLEI,1,-125,-25
35959,Canale Giancola,Italia,17.85,40.683333,Brindisian amphora,CNPETROSOSTR,1,-125,-25
33930,Albinia,Italia,11.25,42.5,Dressel 1C,L,1,-150,-1
37484,Canale Giancola,Italia,17.85,40.683333,Brindisian amphora,VISELLI,1,-125,-25
25399,Cosa,Italia,12.896389,46.057778,Dressel 1A,PALMA,1,-150,-1
35355,Canale Giancola,Italia,17.85,40.683333,Brindisian amphora,LVKAON,1,-125,-25
40266,Brindisi,Italia,17.933333,40.633333,Brindisian amphora,HPAIOC,1,-125,-25
40801,Brindisi,Italia,17.933333,40.633333,Brindisian amphora,PVLADEI,1,-125,-25
37353,Canale Giancola,Italia,17.85,40.683333,Brindisian amphora,PHILIPI,1,-125,-25
34103,Lucania,Italia,16.0,40.5,Dressel 2-4,PSA,1,-30,-1
40795,Brindisi,Italia,17.933333,40.633333,Brindisian amphora,PVLADEI,1,-125,-25
37327,Canale Giancola,Italia,17.85,40.683333,Brindisian amphora,MANISA,1,-125,-25
37810,Brindisi,Italia,17.933333,40.633333,Brindisian amphora,APPVLEI,1,-125,-25
36943,Trapani,Sicilia,12.483333,38.016667,Amphora incerta,TRLOISIO,0,,
38449,Brindisi,Italia,17.933333,40.633333,Brindisian amphora,APELAES,1,-125,-25
37853,Brindisi,Italia,17.933333,40.633333,Brindisian amphora,PCLAVDIVSNQ,1,-125,-25
35139,Canale Giancola,Italia,17.85,40.683333,Brindisian amphora,DIOCLES,1,-125,-25
40216,Brindisi,Italia,17.933333,40.633333,Brindisian amphora,DIOPANTVS,1,-125,-25
37288,Canale Giancola,Italia,17.85,40.683333,Brindisian amphora,DEMETRI,1,-125,-25
37688,Brindisi,Italia,17.933333,40.633333,Brindisian amphora,CANINI,1,-125,-25
18579,Îles Lavezzi,Corsica et Sardinia,9.254185,41.341096,Dressel 2-4 Catalan,ALEX,1,-30,-1
39229,Brindisi,Italia,17.933333,40.633333,Brindisian amphora,APOLONI,1,-125,-25
32635,Oderzo,Italia,12.488056,45.78,Dressel 6B,CLAEKBAS,1,-50,-1
40297,Brindisi,Italia,17.933333,40.633333,Brindisian amphora,GLAVCI,1,-125,-25
40555,Brindisi,Italia,17.933333,40.633333,Brindisian amphora,MENOPILVS,1,-125,-25
35585,Canale Giancola,Italia,17.85,40.683333,Brindisian amphora,STABVA,1,-125,-25
9670,Padova,Italia,11.883333,45.416667,Amphora incerta,CAE,0,,
39329,Brindisi,Italia,17.933333,40.633333,Brindisian amphora,APOIAE,1,-125,-25
33260,Martigny,Italia,7.076771,46.104593,Dressel 20,PMANISVP,0,,
32695,Oderzo,Italia,12.488056,45.78,Dressel 6B,CIA,1,-50,-1
35510,Canale Giancola,Italia,17.85,40.683333,Brindisian amphora,SCOPAS,1,-125,-25
35984,Canale Giancola,Italia,17.85,40.683333,Brindisian amphora,CNPETROSOSTR,1,-125,-25
10476,Altino,Italia,12.393333,45.544444,Dressel 6B,APIC,1,-50,-1
36203,Ancona,Italia,13.5,43.633333,Lamboglia 2,ILVS,1,-125,-25
26426,Ostia Antica,Italia,12.283333,41.75,Dressel 20,LCM,0,,
32271,Cremona,Italia,10.033333,45.116667,Lamboglia 2,C,1,-125,-25
35172,Canale Giancola,Italia,17.85,40.683333,Brindisian amphora,DIOCLEI,1,-125,-25
38153,Brindisi,Italia,17.933333,40.633333,Brindisian amphora,VEHILI,1,-125,-25
35570,Canale Giancola,Italia,17.85,40.683333,Brindisian amphora,SCOPA,1,-125,-25
40298,Brindisi,Italia,17.933333,40.633333,Brindisian amphora,GLAVCI,1,-125,-25
40249,Brindisi,Italia,17.933333,40.633333,Brindisian amphora,HPAIOC,1,-125,-25
38484,Brindisi,Italia,17.933333,40.633333,Brindisian amphora,APELAES,1,-125,-25
40809,Brindisi,Italia,17.933333,40.633333,Brindisian amphora,SOC,1,-125,-25
38191,Brindisi,Italia,17.933333,40.633333,Brindisian amphora,VEHILI,1,-125,-25
34980,Canale Giancola,Italia,17.85,40.683333,Brindisian amphora,BAHANO,1,-125,-25
40157,Brindisi,Italia,17.933333,40.633333,Brindisian amphora,DAMAS,1,-125,-25
34299,Provincia di Parma,Italia,10.083333,44.7,Amphora incerta,APICICI,0,,
20358,Ostia Antica,Italia,12.283333,41.75,Africana,TOP,0,,
36757,Vicenza,Italia,11.55,45.55,Dressel 6A,CHO,1,-50,-1
9783,Milano,Italia,9.2,45.466667,Lamboglia 2,MAHE,1,-125,-25
37543,Canale Giancola,Italia,17.85,40.683333,Brindisian amphora,VISELLI,1,-125,-25
28144,Ostia Antica,Italia,12.283333,41.75,Dressel 20,FPAT,0,,
40916,Brindisi,Italia,17.933333,40.633333,Brindisian amphora,TARVLAESVLLAEL,1,-125,-25
33281,Pola,Italia,13.848056,44.868333,Dressel 6,AMETHYSTI,0,,
4743,Brindisi,Italia,17.933333,40.633333,Brindisian amphora,VEHILI,1,-125,-25
37986,Brindisi,Italia,17.933333,40.633333,Brindisian amphora,MRVDI,1,-125,-25
39286,Brindisi,Italia,17.933333,40.633333,Brindisian amphora,APOLLONI,1,-125,-25
37791,Brindisi,Italia,17.933333,40.633333,Brindisian amphora,APPVLEI,1,-125,-25
40489,Brindisi,Italia,17.933333,40.633333,Brindisian amphora,MENECRATES,1,-125,-25
35343,Canale Giancola,Italia,17.85,40.683333,Brindisian amphora,LVKAON,1,-125,-25
29238,Ostia Antica,Italia,12.283333,41.75,Dressel 20,TFA,0,,
23095,Tortona,Italia,8.866667,44.9,Dressel 6B,CLAEKBAS,1,-50,-1
37903,Brindisi,Italia,17.933333,40.633333,Brindisian amphora,LLVCI,1,-125,-25
21596,Tortona,Italia,8.866667,44.9,Dressel 6B,SYNT,1,-50,-1
32262,Cremona,Italia,10.033333,45.116667,Brindisian amphora,MARC,1,-125,-25
25379,Cosa,Italia,12.896389,46.057778,Dressel 1A,SES,1,-150,-1
20299,Ostia Antica,Italia,12.283333,41.75,Dressel 20,LIVNIMELISSI,0,,
32857,Padova,Italia,11.883333,45.416667,Dressel 6B,APPVLCR,1,-50,-1
35637,Canale Giancola,Italia,17.85,40.683333,Brindisian amphora,VISELLI,1,-125,-25
37868,Brindisi,Italia,17.933333,40.633333,Brindisian amphora,MEXSONI,1,-125,-25
36937,Campania,Italia,14.366667,40.616667,Amphora incerta,ENTIV,0,,
19211,Giglio Porto,Italia,10.916667,42.366667,Africana,PSA,0,,
33893,Albinia,Italia,11.25,42.5,Dressel 1C,DIS,1,-150,-1
38033,Brindisi,Italia,17.933333,40.633333,Brindisian amphora,CVEHILI,1,-125,-25
36122,Santa Severa,Italia,11.95,42.033333,Dressel 1B,DAM,1,-150,-1
39249,Brindisi,Italia,17.933333,40.633333,Brindisian amphora,APOLONI,1,-125,-25
33030,Padova,Italia,11.883333,45.416667,Dressel 6B,ILEGIBLE,1,-50,-1
32684,Pegognaga,Italia,10.85,45.0,Dressel 6B,ILEGIBLE,1,-50,-1
37346,Canale Giancola,Italia,17.85,40.683333,Brindisian amphora,MENOPHILI,1,-125,-25
29218,Ostia Antica,Italia,12.283333,41.75,Dressel 20,PALMA,0,,
40614,Brindisi,Italia,17.933333,40.633333,Brindisian amphora,PERDICAS,1,-125,-25
32643,Oderzo,Italia,12.488056,45.78,Dressel 6B,COMI,1,-50,-1
40993,Brindisi,Italia,17.933333,40.633333,Brindisian amphora,ANINIANA,1,-125,-25
36821,Vicenza,Italia,11.55,45.55,Dressel 6B,DI,1,-50,-1
34846,Canale Giancola,Italia,17.85,40.683333,Brindisian amphora,ARCHELA,1,-125,-25
33121,Erice,Sicilia,12.583333,38.033333,Greco-Itálica,LVESCEI,1,-400,-100
33887,Albinia,Italia,11.25,42.5,Dressel 1C,DIS,1,-150,-1
38016,Brindisi,Italia,17.933333,40.633333,Brindisian amphora,CVEHILI,1,-125,-25
37841,Brindisi,Italia,17.933333,40.633333,Brindisian amphora,PCLAVDIVSPNQ,1,-125,-25
33863,Albinia,Italia,11.25,42.5,Dressel 1C,DAS,1,-150,-1
26527,Ostia Antica,Italia,12.283333,41.75,Dressel 20,MDENOMLDENO,0,,
10563,Altino,Italia,12.393333,45.544444,Lamboglia 2,IOC,1,-125,-25
36843,Vicenza,Italia,11.55,45.55,Dressel 6B,CLAEK,1,-50,-1
34922,Canale Giancola,Italia,17.85,40.683333,Brindisian amphora,ARCHELA,1,-125,-25
35186,Canale Giancola,Italia,17.85,40.683333,Brindisian amphora,HERMAISCI,1,-125,-25
36818,Vicenza,Italia,11.55,45.55,Dressel 6B,ADEL,1,-50,-1
40013,Brindisi,Italia,17.933333,40.633333,Brindisian amphora,BAHANO,1,-125,-25
29353,Ostia Antica,Italia,12.283333,41.75,Dressel 20,FMFP,0,,
10574,Altino,Italia,12.393333,45.544444,Dressel 6B,LICI,1,-50,-1
35999,Canale Giancola,Italia,17.85,40.683333,Brindisian amphora,LSDIP,1,-125,-25
32637,Oderzo,Italia,12.488056,45.78,Dressel 6B,COLTO,1,-50,-1
32594,Oderzo,Italia,12.488056,45.78,Dressel 6A,QNVMERI,1,-50,-1
38075,Brindisi,Italia,17.933333,40.633333,Brindisian amphora,VEHIL,1,-125,-25
38333,Brindisi,Italia,17.933333,40.633333,Brindisian amphora,VEHILI,1,-125,-25
20335,Ostia Antica,Italia,12.283333,41.75,Amphora incerta,ALM,0,,
9811,Milano,Italia,9.2,45.466667,Lamboglia 2,RVFIOLVC,1,-125,-25
20134,Adria,Italia,12.057778,45.056389,Greco-Itálica,ARI,1,-400,-100
32312,Padova,Italia,11.883333,45.416667,Dressel 6B,RUSOCOC,1,-50,-1
33444,Modena,Italia,10.916667,44.666667,Lamboglia 2,PLATO,1,-125,-25
25282,Sardegna,Corsica et Sardinia,8.44,39.881944,Dressel 20,QCR,0,,
37854,Brindisi,Italia,17.933333,40.633333,Brindisian amphora,PCLAVDIVSNQ,1,-125,-25
35448,Canale Giancola,Italia,17.85,40.683333,Brindisian amphora,SCOPAS,1,-125,-25
40151,Brindisi,Italia,17.933333,40.633333,Brindisian amphora,DAMAS,1,-125,-25
33833,Albinia,Italia,11.25,42.5,Dressel 1C,ARS,1,-150,-1
32665,Oderzo,Italia,12.488056,45.78,Dressel 6B,VIAT,1,-50,-1
35893,Canale Giancola,Italia,17.85,40.683333,Brindisian amphora,CAVILF,1,-125,-25
20135,Adria,Italia,12.057778,45.056389,Greco-Itálica,SALVI,1,-400,-100
37593,San Cataldo,Italia,18.3,40.383333,Brindisian amphora,DEMETRI,1,-125,-25
4649,Este,Italia,11.65,45.233333,Dressel 6A,SAFINIAEPICE,1,-50,-1
33127,Cattolica Eraclea,Sicilia,13.4,37.433333,Dressel 1,APRO,1,-150,-1
35702,Canale Giancola,Italia,17.85,40.683333,Brindisian amphora,VISELLI,1,-125,-25
40331,Taranto,Italia,17.229722,40.476111,Brindisian amphora,HERAS,1,-125,-25
36844,Vicenza,Italia,11.55,45.55,Dressel 6B,VI,1,-50,-1
34947,Canale Giancola,Italia,17.85,40.683333,Brindisian amphora,ARCHELA,1,-125,-25
40174,Brindisi,Italia,17.933333,40.633333,Brindisian amphora,DEMETRI,1,-125,-25
8572,Vallebuona,Italia,9.116667,44.45,Dressel 1A,SALVI,1,-150,-1
32316,Padova,Italia,11.883333,45.416667,Dressel 6A,PCP,1,-50,-1
40144,Brindisi,Italia,17.933333,40.633333,Brindisian amphora,DAMAS,1,-125,-25
4647,Este,Italia,11.65,45.233333,Dressel 6A,LTARIRVFI,1,-50,-1
35498,Canale Giancola,Italia,17.85,40.683333,Brindisian amphora,SCOPAS,1,-125,-25
40373,Brindisi,Italia,17.933333,40.633333,Brindisian amphora,LEONTISCVS,1,-125,-25
10482,Altino,Italia,12.393333,45.544444,Dressel 6A,LCORHER,1,-50,-1
33053,Padova,Italia,11.883333,45.416667,Dressel 6B,IMT,1,-50,-1
37687,Brindisi,Italia,17.933333,40.633333,Brindisian amphora,CANINI,1,-125,-25
33781,Albinia,Italia,11.25,42.5,Dressel 1,AIAS,1,-150,-1
39974,Ostia Antica,Italia,12.283333,41.75,Dressel 20,QIE,0,,
33719,Bologna,Italia,11.433333,44.466667,Amphora incerta,COPONI,0,,
36760,Vicenza,Italia,11.55,45.55,Dressel 6A,THB,1,-50,-1
35530,Canale Giancola,Italia,17.85,40.683333,Brindisian amphora,SCOPAS,1,-125,-25
32177,Lucera,Italia,15.333333,41.5,Dressel 6A,CCARISFRONTO,1,-50,-1
34551,Canale Giancola,Italia,17.85,40.683333,Brindisian amphora,APELLAE,1,-125,-25
10464,Altino,Italia,12.393333,45.544444,Dressel 6B,VARIPACCI,1,-50,-1
10525,Altino,Italia,12.393333,45.544444,Dressel 6A,PIO,1,-50,-1
32875,Padova,Italia,11.883333,45.416667,Dressel 6A,RPHAE,1,-50,-1
29467,Ostia Antica,Italia,12.283333,41.75,Dressel 20,LSSEX,0,,
35795,Canale Giancola,Italia,17.85,40.683333,Brindisian amphora,VISELLI,1,-125,-25
40952,Brindisi,Italia,17.933333,40.633333,Brindisian amphora,ANINIANA,1,-125,-25
34891,Canale Giancola,Italia,17.85,40.683333,Brindisian amphora,ARCHELA,1,-125,-25
34160,Provincia di Parma,Italia,10.083333,44.7,Amphora incerta,CAER,0,,
32881,Padova,Italia,11.883333,45.416667,Dressel 6B,DI,1,-50,-1
41088,Brindisi,Italia,17.933333,40.633333,Brindisian amphora,VEHILIANA,1,-125,-25
37850,Brindisi,Italia,17.933333,40.633333,Brindisian amphora,PCLAVDIVSNQ,1,-125,-25
36767,Vicenza,Italia,11.55,45.55,Dressel 6A,SAFINIAEPICE,1,-50,-1
9613,Padova,Italia,11.883333,45.416667,Dressel 6A,LLTO,1,-50,-1
35798,Canale Giancola,Italia,17.85,40.683333,Brindisian amphora,VISELLI,1,-125,-25
32657,Oderzo,Italia,12.488056,45.78,Dressel 6B,PAGANI,1,-50,-1
25325,Sardegna,Corsica et Sardinia,8.44,39.881944,Tegula,IVLIANETQVAD,0,,
40006,Brindisi,Italia,17.933333,40.633333,Brindisian amphora,BAHANO,1,-125,-25
34741,Canale Giancola,Italia,17.85,40.683333,Brindisian amphora,APOLONIDA,1,-125,-25
34292,Provincia di Parma,Italia,10.083333,44.7,Amphora incerta,VMBRICIVM,0,,
40247,Brindisi,Italia,17.933333,40.633333,Brindisian amphora,EPICADVS,1,-125,-25
33689,Modena,Italia,10.9,44.5,Dressel 6,HERPICEN,0,,
32873,Padova,Italia,11.883333,45.416667,Lamboglia 2,HERENNIA,1,-125,-25
34729,Canale Giancola,Italia,17.85,40.683333,Brindisian amphora,APOLONIDA,1,-125,-25
35142,Canale Giancola,Italia,17.85,40.683333,Brindisian amphora,DIOCLES,1,-125,-25
40641,Brindisi,Italia,17.933333,40.633333,Brindisian amphora,PHILEMONOS,1,-125,-25
36824,Vicenza,Italia,11.55,45.55,Dressel 6B,FELIX,1,-50,-1
38044,Brindisi,Italia,17.933333,40.633333,Brindisian amphora,CVEHILI,1,-125,-25
18624,Îles Lavezzi,Corsica et Sardinia,9.254185,41.341096,Dressel 2-4 Catalan,NICI,1,-30,-1
32664,Oderzo,Italia,12.488056,45.78,Dressel 6B,CLAEKBAS,1,-50,-1
39281,Brindisi,Italia,17.933333,40.633333,Brindisian amphora,APOLLONI,1,-125,-25
4749,Brindisi,Italia,17.933333,40.633333,Brindisian amphora,RVMABETILIENI,1,-125,-25
29561,Ostia Antica,Italia,12.283333,41.75,Dressel 20,CSEMPRONIPOLYCLITI,0,,
33112,Entella,Italia,9.333333,44.316667,Greco-Itálica,TAVR,1,-400,-100
33136,Lilibeo,Sicilia,12.416667,37.8,Dressel 1,PAP,1,-150,-1
38003,Brindisi,Italia,17.933333,40.633333,Brindisian amphora,PVEBAL,1,-125,-25
36828,Vicenza,Italia,11.55,45.55,Dressel 6B,CLAEKBASSI,1,-50,-1
37231,Castiglione de la Pescaia,Italia,10.883333,42.766667,Dressel 20,TCESCAES,0,,
36928,Sardegna,Corsica et Sardinia,9.516667,40.916667,Amphora incerta,ANTVSSIIS,0,,
9799,Milano,Italia,9.2,45.466667,Lamboglia 2,OPT,1,-125,-25
9685,Padova,Italia,11.883333,45.416667,Operculum,RVFI,0,,
33069,Erice,Sicilia,12.583333,38.033333,Greco-Itálica,QANTR,1,-400,-100
34782,Canale Giancola,Italia,17.85,40.683333,Brindisian amphora,APOLLONIDES,1,-125,-25
35260,Canale Giancola,Italia,17.85,40.683333,Brindisian amphora,LVCAO,1,-125,-25
10567,Altino,Italia,12.393333,45.544444,Dressel ante 6B,PQSCAPVLAE,0,,
36862,Vicenza,Italia,11.55,45.55,Dressel 6B,OX,1,-50,-1
34644,Canale Giancola,Italia,17.85,40.683333,Brindisian amphora,APOLLONID,1,-125,-25
34801,Canale Giancola,Italia,17.85,40.683333,Brindisian amphora,APOLLONIDES,1,-125,-25
34962,Canale Giancola,Italia,17.85,40.683333,Brindisian amphora,ARCHELA,1,-125,-25
35518,Canale Giancola,Italia,17.85,40.683333,Brindisian amphora,SCOPAS,1,-125,-25
9738,Milano,Italia,9.2,45.466667,Lamboglia 2,CAVPO,1,-125,-25
10510,Altino,Italia,12.393333,45.544444,Dressel ante 6B,PQSCAPVL,0,,
35155,Canale Giancola,Italia,17.85,40.683333,Brindisian amphora,DIOCLES,1,-125,-25
40825,Brindisi,Italia,17.933333,40.633333,Brindisian amphora,SOTERICSOTERIX,1,-125,-25
33745,Ostiglia,Italia,11.133333,45.066667,Amphora incerta,LARININ,0,,
36732,Padova,Italia,11.883333,45.416667,Dressel 6B,LVRIAESA,1,-50,-1
35604,Canale Giancola,Italia,17.85,40.683333,Brindisian amphora,VISELLI,1,-125,-25
33018,Padova,Italia,11.883333,45.416667,Dressel 6B,VIAT,1,-50,-1
26148,Brindisi,Italia,17.933333,40.633333,Brindisian amphora,SCOPAS,1,-125,-25
40129,Brindisi,Italia,17.933333,40.633333,Brindisian amphora,DAMA,1,-125,-25
36786,Vicenza,Italia,11.55,45.55,Dressel 6B,APII,1,-50,-1
35770,Canale Giancola,Italia,17.85,40.683333,Brindisian amphora,VISELLI,1,-125,-25
10577,Altino,Italia,12.393333,45.544444,Dressel 6A,PPETRONI,1,-50,-1
34529,Canale Giancola,Italia,17.85,40.683333,Brindisian amphora,ANDRONICI,1,-125,-25
35267,Canale Giancola,Italia,17.85,40.683333,Brindisian amphora,LVCAO,1,-125,-25
36188,Ancona,Italia,13.5,43.633333,Lamboglia 2,PLEPI,1,-125,-25
20290,Ostia Antica,Italia,12.283333,41.75,Dressel 20,OFGRARLVC,0,,
38260,Brindisi,Italia,17.933333,40.633333,Brindisian amphora,VEHILI,1,-125,-25
522,Ostia Antica,Italia,12.283333,41.75,Dressel 20,RAMVSPALMAE,0,,
37389,Canale Giancola,Italia,17.85,40.683333,Brindisian amphora,SCOPAS,1,-125,-25
35564,Canale Giancola,Italia,17.85,40.683333,Brindisian amphora,SCOPA,1,-125,-25
37892,Brindisi,Italia,17.933333,40.633333,Brindisian amphora,LFANNI,1,-125,-25
40694,Brindisi,Italia,17.933333,40.633333,Brindisian amphora,PHILONICAPPVLEI,1,-125,-25
35588,Canale Giancola,Italia,17.85,40.683333,Brindisian amphora,STABVA,1,-125,-25
37414,Canale Giancola,Italia,17.85,40.683333,Brindisian amphora,VISELLI,1,-125,-25
34725,Canale Giancola,Italia,17.85,40.683333,Brindisian amphora,APOLONIDA,1,-125,-25
29280,Ostia Antica,Italia,12.283333,41.75,Dressel 20,LFC,0,,
34734,Canale Giancola,Italia,17.85,40.683333,Brindisian amphora,APOLONIDA,1,-125,-25
29321,Ostia Antica,Italia,12.283333,41.75,Dressel 20,AELIFVSCIANI,0,,
37721,Brindisi,Italia,17.933333,40.633333,Brindisian amphora,CANINI,1,-125,-25
10528,Altino,Italia,12.393333,45.544444,Dressel 6B,COSAE,1,-50,-1
34670,Canale Giancola,Italia,17.85,40.683333,Brindisian amphora,APOLLONID,1,-125,-25
38123,Brindisi,Italia,17.933333,40.633333,Brindisian amphora,VEHILI,1,-125,-25
38500,Brindisi,Italia,17.933333,40.633333,Brindisian amphora,LFANNI,1,-125,-25
34561,Canale Giancola,Italia,17.85,40.683333,Brindisian amphora,APELLAE,1,-125,-25
36744,Padova,Italia,11.883333,45.416667,Dressel 6B,CLAE,1,-50,-1
4814,Canosa,Italia,16.066667,41.216667,Dressel 2-4,MVAFEL,1,-30,-1
7201,Ostia Antica,Italia,12.283333,41.75,Dressel 20,C,0,,
38143,Brindisi,Italia,17.933333,40.633333,Brindisian amphora,VEHILI,1,-125,-25
38210,Brindisi,Italia,17.933333,40.633333,Brindisian amphora,VEHILI,1,-125,-25
40874,Brindisi,Italia,17.933333,40.633333,Brindisian amphora,STR,1,-125,-25
37884,Brindisi,Italia,17.933333,40.633333,Brindisian amphora,MEXSONI,1,-125,-25
40405,Brindisi,Italia,17.933333,40.633333,Brindisian amphora,LIBON,1,-125,-25
37961,Brindisi,Italia,17.933333,40.633333,Brindisian amphora,QOBVLTRON,1,-125,-25
18588,Îles Lavezzi,Corsica et Sardinia,9.254185,41.341096,Dressel 2-4 Catalan,ATT,1,-30,-1
36805,Vicenza,Italia,11.55,45.55,Dressel 6B,VARIPACC,1,-50,-1
36073,Ripatransone,Italia,13.766667,43.0,Amphora incerta,MARRIILI,0,,
32329,Calvatone,Italia,10.433333,45.116667,Lamboglia 2,OS,1,-125,-25
37988,Brindisi,Italia,17.933333,40.633333,Brindisian amphora,MRVDI,1,-125,-25
35696,Canale Giancola,Italia,17.85,40.683333,Brindisian amphora,VISELLI,1,-125,-25
19488,Imperia,Italia,8.05,43.883333,Dressel 2-4 Catalan,RAGIRACIBAGI,1,-30,-1
40762,Brindisi,Italia,17.933333,40.633333,Brindisian amphora,PTOLEMAE,1,-125,-25
32887,Padova,Italia,11.883333,45.416667,Dressel 6B,LTREOPTATI,1,-50,-1
4868,Mondragone,Italia,13.883333,41.116667,Dressel 1B,LM,1,-150,-1
39995,Brindisi,Italia,17.933333,40.633333,Brindisian amphora,BAHANO,1,-125,-25
40723,Brindisi,Italia,17.933333,40.633333,Brindisian amphora,PTOLEMAE,1,-125,-25
25318,Sardegna,Corsica et Sardinia,8.44,39.881944,Dolium,CSATRIIPHOEBVS,0,,
41082,Brindisi,Italia,17.933333,40.633333,Brindisian amphora,ANINIANA,1,-125,-25
36192,Ancona,Italia,13.5,43.633333,Lamboglia 2,ROD,1,-125,-25
25700,Ostia Antica,Italia,12.283333,41.75,Dressel 20,ACIRGI,0,,
18578,Îles Lavezzi,Corsica et Sardinia,9.254185,41.341096,Dressel 2-4 Catalan,ATT,1,-30,-1
35894,Canale Giancola,Italia,17.85,40.683333,Brindisian amphora,CAVILF,1,-125,-25
35258,Canale Giancola,Italia,17.85,40.683333,Brindisian amphora,LVCAO,1,-125,-25
37713,Brindisi,Italia,17.933333,40.633333,Brindisian amphora,CANINI,1,-125,-25
34211,Reggio Emilia,Italia,10.616667,44.616667,Amphora incerta,ELENCHVSVETVRI,0,,
8627,Ostia Antica,Italia,12.283333,41.75,Tripolitanian 3,LMPPC,0,,
9673,Padova,Italia,11.883333,45.416667,Amphora incerta,SE,0,,
3272,Ostia Antica,Italia,12.283333,41.75,Dressel 20,PARVA,0,,
38320,Brindisi,Italia,17.933333,40.633333,Brindisian amphora,VEHILI,1,-125,-25
39319,Brindisi,Italia,17.933333,40.633333,Brindisian amphora,APOLNVEB,1,-125,-25
33968,Lodi Vecchio,Italia,9.4,45.3,Dressel 6B,COM,1,-50,-1
35370,Canale Giancola,Italia,17.85,40.683333,Brindisian amphora,LVKAON,1,-125,-25
40850,Brindisi,Italia,17.933333,40.633333,Brindisian amphora,SOTERICSOTERIX,1,-125,-25
36193,Ancona,Italia,13.5,43.633333,Lamboglia 2,TRVPO,1,-125,-25
40098,Brindisi,Italia,17.933333,40.633333,Brindisian amphora,CTESO,1,-125,-25
35106,Canale Giancola,Italia,17.85,40.683333,Brindisian amphora,DIOCLES,1,-125,-25
34200,Nonantola,Italia,11.033333,44.683333,Amphora incerta,DAMA,0,,
40839,Brindisi,Italia,17.933333,40.633333,Brindisian amphora,SOTERICSOTERIX,1,-125,-25
38118,Brindisi,Italia,17.933333,40.633333,Brindisian amphora,VEHILI,1,-125,-25
35091,Canale Giancola,Italia,17.85,40.683333,Brindisian amphora,DIOCLES,1,-125,-25
40309,Brindisi,Italia,17.933333,40.633333,Brindisian amphora,GORGIA,1,-125,-25
40582,Brindisi,Italia,17.933333,40.633333,Brindisian amphora,NOYMHNIO,1,-125,-25
38181,Brindisi,Italia,17.933333,40.633333,Brindisian amphora,VEHILI,1,-125,-25
32775,Padova,Italia,11.883333,45.416667,Dressel 6B,LAEK,1,-50,-1
37513,Canale Giancola,Italia,17.85,40.683333,Brindisian amphora,VISELLI,1,-125,-25
40940,Brindisi,Italia,17.933333,40.633333,Brindisian amphora,ANINIANA,1,-125,-25
7222,Ostia Antica,Italia,12.283333,41.75,Dressel 20,LVC,0,,
28447,Ostia Antica,Italia,12.283333,41.75,Dressel 20,LIVNIMELISSI,0,,
34279,Bologna,Italia,11.333333,44.483333,Amphora incerta,SEPVLLIVM,0,,
33662,Due Maestà,Italia,11.0,44.75,Dressel 6,LAEII,0,,
37312,Canale Giancola,Italia,17.85,40.683333,Brindisian amphora,EPIGENEI,1,-125,-25
20331,Ostia Antica,Italia,12.283333,41.75,Dressel 30 - Keay 1B,EXPROVINCMAVRETANCAESTVB,0,,
37852,Brindisi,Italia,17.933333,40.633333,Brindisian amphora,PCLAVDIVSNQ,1,-125,-25
18600,Îles Lavezzi,Corsica et Sardinia,9.254185,41.341096,Dressel 2-4 Catalan,CELSI,1,-30,-1
40010,Brindisi,Italia,17.933333,40.633333,Brindisian amphora,BAHANO,1,-125,-25
35584,Canale Giancola,Italia,17.85,40.683333,Brindisian amphora,STABVA,1,-125,-25
33795,Albinia,Italia,11.25,42.5,Dressel 1,APOL,1,-150,-1
34540,Canale Giancola,Italia,17.85,40.683333,Brindisian amphora,APELLAE,1,-125,-25
35131,Canale Giancola,Italia,17.85,40.683333,Brindisian amphora,DIOCLES,1,-125,-25
33141,Erice,Sicilia,12.583333,38.033333,Dressel 1,TIBERI,1,-150,-1
40579,Brindisi,Italia,17.933333,40.633333,Brindisian amphora,NOYMHNIO,1,-125,-25
29251,Ostia Antica,Italia,12.283333,41.75,Dressel 20,LFC,0,,
34315,Provincia di Parma,Italia,10.083333,44.7,Amphora incerta,SC,0,,
40412,Brindisi,Italia,17.933333,40.633333,Brindisian amphora,LVCRIOAPPVLEI,1,-125,-25
33803,Albinia,Italia,11.25,42.5,Dressel 1,ARME,1,-150,-1
41037,Brindisi,Italia,17.933333,40.633333,Brindisian amphora,ANINIANA,1,-125,-25
4714,Ostia Antica,Italia,12.283333,41.75,Dressel 2-4 Catalan,MA,1,-30,-1
40138,Brindisi,Italia,17.933333,40.633333,Brindisian amphora,DAMA,1,-125,-25
38473,Brindisi,Italia,17.933333,40.633333,Brindisian amphora,APELAES,1,-125,-25
33062,Erice,Sicilia,12.583333,38.033333,Greco-Itálica,NALFI,1,-400,-100
37551,Canale Giancola,Italia,17.85,40.683333,Brindisian amphora,VISELLI,1,-125,-25
35897,Canale Giancola,Italia,17.85,40.683333,Brindisian amphora,FABAPRA,1,-125,-25
35206,Canale Giancola,Italia,17.85,40.683333,Brindisian amphora,HERMAISCI,1,-125,-25
40685,Brindisi,Italia,17.933333,40.633333,Brindisian amphora,PILEMO,1,-125,-25
37494,Canale Giancola,Italia,17.85,40.683333,Brindisian amphora,VISELLI,1,-125,-25
33013,Padova,Italia,11.883333,45.416667,Dressel 6A,CEFP,1,-50,-1
40877,Brindisi,Italia,17.933333,40.633333,Brindisian amphora,STR,1,-125,-25
9743,Calvatone,Italia,10.433333,45.116667,Lamboglia 2,DAMA,1,-125,-25
36953,Siracusa,Sicilia,15.3,37.066667,Amphora incerta,CSESA,0,,
36921,Pompeya,Italia,14.483333,40.75,Amphora incerta,DAM,0,,
40604,Brindisi,Italia,17.933333,40.633333,Brindisian amphora,PERDICAS,1,-125,-25
9591,Padova,Italia,11.883333,45.416667,Dressel 6B,VARIPACCI,1,-50,-1
34778,Canale Giancola,Italia,17.85,40.683333,Brindisian amphora,APOLLONIDES,1,-125,-25
26305,Nice,Italia,7.25952,43.713644,Africana 2D Grande,PFELIASVL,0,,
35422,Canale Giancola,Italia,17.85,40.683333,Brindisian amphora,SCOPAS,1,-125,-25
38441,Brindisi,Italia,17.933333,40.633333,Brindisian amphora,APELAES,1,-125,-25
35010,Canale Giancola,Italia,17.85,40.683333,Brindisian amphora,DEMETRI,1,-125,-25
35845,Canale Giancola,Italia,17.85,40.683333,Brindisian amphora,DAZIO,1,-125,-25
40367,Brindisi,Italia,17.933333,40.633333,Brindisian amphora,KEPHALONOSKEFALONOS,1,-125,-25
40460,Brindisi,Italia,17.933333,40.633333,Brindisian amphora,MENECRATES,1,-125,-25
25765,Ostia Antica,Italia,12.283333,41.75,Dressel 20,ARAXIFM,0,,
38213,Brindisi,Italia,17.933333,40.633333,Brindisian amphora,VEHILI,1,-125,-25
38141,Brindisi,Italia,17.933333,40.633333,Brindisian amphora,VEHILI,1,-125,-25
26376,Ljubljana (Emona),Italia,14.514444,46.055278,Dressel 6B,CAR,1,-50,-1
35438,Canale Giancola,Italia,17.85,40.683333,Brindisian amphora,SCOPAS,1,-125,-25
38209,Brindisi,Italia,17.933333,40.633333,Brindisian amphora,VEHILI,1,-125,-25
33872,Albinia,Italia,11.25,42.5,Dressel 1C,DAS,1,-150,-1
38037,Brindisi,Italia,17.933333,40.633333,Brindisian amphora,CVEHILI,1,-125,-25
35099,Canale Giancola,Italia,17.85,40.683333,Brindisian amphora,DIOCLES,1,-125,-25
33708,Mirandola,Italia,11.066667,44.883333,Dressel 6A,CLARIEBIDIENI,1,-50,-1
36869,Vicenza,Italia,11.55,45.55,Dressel 6B,CIRCULUS,1,-50,-1
25350,Vercelli,Italia,8.416667,45.316667,Dressel 6A,HERENNIA,1,-50,-1
41026,Brindisi,Italia,17.933333,40.633333,Brindisian amphora,ANINIANA,1,-125,-25
40045,Brindisi,Italia,17.933333,40.633333,Brindisian amphora,BAHANO,1,-125,-25
7202,Ostia Antica,Italia,12.283333,41.75,Dressel 20,SCOROBRES,0,,
40939,Brindisi,Italia,17.933333,40.633333,Brindisian amphora,ANINIANA,1,-125,-25
34223,Rimini,Italia,12.580833,44.063333,Amphora incerta,HERENFL,0,,
35761,Canale Giancola,Italia,17.85,40.683333,Brindisian amphora,VISELLIVISELL,1,-125,-25
26141,Pozzuolo del Friuli,Italia,13.195556,45.987778,Lamboglia 2,HEO,1,-125,-25
4791,Taranto,Italia,17.229722,40.476111,Lamboglia 2,DASIO,1,-125,-25
35225,Canale Giancola,Italia,17.85,40.683333,Brindisian amphora,HERMAISCI,1,-125,-25
33129,Agrigento,Sicilia,13.566667,37.316667,Dressel 1,FAB,1,-150,-1
35777,Canale Giancola,Italia,17.85,40.683333,Brindisian amphora,VISELLI,1,-125,-25
40834,Brindisi,Italia,17.933333,40.633333,Brindisian amphora,SOTERICSOTERIX,1,-125,-25
32302,Padova,Italia,11.883333,45.416667,Dressel 6B,CLAEKBAS,1,-50,-1
26269,Ostia Antica,Italia,12.283333,41.75,Africana 1A pic.,MVI,0,,
40927,Brindisi,Italia,17.933333,40.633333,Brindisian amphora,ANINIANA,1,-125,-25
21596,Tortona,Italia,8.866667,44.9,Dressel 6B,CLAEKBASSI,1,-50,-1
33128,Erice,Sicilia,12.583333,38.033333,Dressel 1,BAR,1,-150,-1
26414,Ostia Antica,Italia,12.283333,41.75,Dressel 20,QCCL,0,,
34579,Canale Giancola,Italia,17.85,40.683333,Brindisian amphora,APELLAE,1,-125,-25
36980,Ascoli,Italia,13.566667,42.85,Lamboglia 2,DAMA,1,-125,-25
40831,Brindisi,Italia,17.933333,40.633333,Brindisian amphora,SOTERICSOTERIX,1,-125,-25
40148,Brindisi,Italia,17.933333,40.633333,Brindisian amphora,DAMAS,1,-125,-25
40014,Brindisi,Italia,17.933333,40.633333,Brindisian amphora,BAHANO,1,-125,-25
39960,Ostia Antica,Italia,12.283333,41.75,Amphora incerta,MATVRI,0,,
34852,Canale Giancola,Italia,17.85,40.683333,Brindisian amphora,ARCHELA,1,-125,-25
40319,Brindisi,Italia,17.933333,40.633333,Brindisian amphora,GORGIA,1,-125,-25
38251,Brindisi,Italia,17.933333,40.633333,Brindisian amphora,VEHILI,1,-125,-25
32260,Cremona,Italia,10.033333,45.116667,Brindisian amphora,A,1,-125,-25
26512,Ostia Antica,Italia,12.283333,41.75,Dressel 20,CORBEL,0,,
18575,Îles Lavezzi,Corsica et Sardinia,9.254185,41.341096,Dressel 2-4 Catalan,VIC,1,-30,-1
29446,Ostia Antica,Italia,12.283333,41.75,Dressel 20,MSFM,0,,
39219,Brindisi,Italia,17.933333,40.633333,Brindisian amphora,APOLONI,1,-125,-25
35171,Canale Giancola,Italia,17.85,40.683333,Brindisian amphora,DIOCLEI,1,-125,-25
25348,Vercelli,Italia,8.416667,45.316667,Dressel 6A,PCF,1,-50,-1
39189,Brindisi,Italia,17.933333,40.633333,Brindisian amphora,APOLLONID,1,-125,-25
29381,Ostia Antica,Italia,12.283333,41.75,Dressel 20,FEL,0,,
40671,Brindisi,Italia,17.933333,40.633333,Brindisian amphora,PILEMO,1,-125,-25
40519,Brindisi,Italia,17.933333,40.633333,Brindisian amphora,MENOPILVS,1,-125,-25
29408,Ostia Antica,Italia,12.283333,41.75,Dressel 20,MR,0,,
26579,Pompeya,Italia,14.483333,40.75,Pascual 1,MPORC,1,-50,-1
34331,Fiesole,Italia,11.283333,43.8,Amphora incerta,TEYSBAAPOOY,0,,
38270,Brindisi,Italia,17.933333,40.633333,Brindisian amphora,VEHILI,1,-125,-25
40120,Brindisi,Italia,17.933333,40.633333,Brindisian amphora,DAMA,1,-125,-25
9779,Milano,Italia,9.2,45.466667,Lamboglia 2,LTAR,1,-125,-25
40561,Brindisi,Italia,17.933333,40.633333,Brindisian amphora,MENOPILVS,1,-125,-25
34169,Bologna,Italia,11.333333,44.483333,Amphora incerta,LANINISVRF,0,,
10606,Este,Italia,11.65,45.233333,Dressel 6B,PQS,1,-50,-1
33033,Padova,Italia,11.883333,45.416667,Dressel 6A,PMESTRI,1,-50,-1
37815,Brindisi,Italia,17.933333,40.633333,Brindisian amphora,APPVLEI,1,-125,-25
9665,Padova,Italia,11.883333,45.416667,Amphora incerta,ANTIO,0,,
38471,Brindisi,Italia,17.933333,40.633333,Brindisian amphora,APELAES,1,-125,-25
40273,Brindisi,Italia,17.933333,40.633333,Brindisian amphora,HPAIOC,1,-125,-25
35692,Canale Giancola,Italia,17.85,40.683333,Brindisian amphora,VISELLI,1,-125,-25
9689,Padova,Italia,11.883333,45.416667,Amphora incerta,COM,0,,
40816,Brindisi,Italia,17.933333,40.633333,Brindisian amphora,SOTERICSOTERIX,1,-125,-25
13779,Gricignano d'Aversa,Italia,14.233333,40.983333,Africana 1 Piccolo,DA,0,,
34110,San Potito,Italia,13.5,42.116667,Dressel 20,LS,0,,
9595,Padova,Italia,11.883333,45.416667,Lamboglia 2,CAPVA,1,-125,-25
40675,Brindisi,Italia,17.933333,40.633333,Brindisian amphora,PILEMO,1,-125,-25
37352,Canale Giancola,Italia,17.85,40.683333,Brindisian amphora,PHILIPI,1,-125,-25
40760,Brindisi,Italia,17.933333,40.633333,Brindisian amphora,PTOLEMAE,1,-125,-25
32785,Padova,Italia,11.883333,45.416667,Dressel 6B,LAEB,1,-50,-1
38179,Brindisi,Italia,17.933333,40.633333,Brindisian amphora,VEHILI,1,-125,-25
12745,Susa,Italia,7.05,45.133333,Amphora incerta,EOD,0,,
34174,Modena,Italia,10.9,44.5,Amphora incerta,APICI,0,,
36932,Ostia Antica,Italia,12.283333,41.75,Keay 16,CVRVCVNTIN,0,,
37820,Brindisi,Italia,17.933333,40.633333,Brindisian amphora,CNAVDI,1,-125,-25
32296,Padova,Italia,11.883333,45.416667,Dressel 6B,CBASS,1,-50,-1
37518,Canale Giancola,Italia,17.85,40.683333,Brindisian amphora,VISELLI,1,-125,-25
35381,Canale Giancola,Italia,17.85,40.683333,Brindisian amphora,LVKAON,1,-125,-25
34108,Fermo,Italia,13.716667,43.15,Dressel 6A,BARBVLA,1,-50,-1
5047,Ostia Antica,Italia,12.283333,41.75,Amphora incerta,CAR,0,,
40950,Brindisi,Italia,17.933333,40.633333,Brindisian amphora,ANINIANA,1,-125,-25
26236,Ostia Antica,Italia,12.283333,41.75,Africana 2D Grande,PAVLFHADR,0,,
38247,Brindisi,Italia,17.933333,40.633333,Brindisian amphora,VEHILI,1,-125,-25
25360,Vercelli,Italia,8.416667,45.316667,Dressel 6B,CLYMEN,1,-50,-1
38212,Brindisi,Italia,17.933333,40.633333,Brindisian amphora,VEHILI,1,-125,-25
9790,Milano,Italia,9.2,45.466667,Lamboglia 2,ME,1,-125,-25
40271,Brindisi,Italia,17.933333,40.633333,Brindisian amphora,HPAIOC,1,-125,-25
38326,Brindisi,Italia,17.933333,40.633333,Brindisian amphora,VEHILI,1,-125,-25
33837,Albinia,Italia,11.25,42.5,Dressel 1C,ARS,1,-150,-1
39327,Brindisi,Italia,17.933333,40.633333,Brindisian amphora,APOLNAH,1,-125,-25
40663,Brindisi,Italia,17.933333,40.633333,Brindisian amphora,PILEMO,1,-125,-25
17003,Lipari,Sicilia,14.933333,38.483333,Richborough 527,ILEGIBLE,0,,
39204,Brindisi,Italia,17.933333,40.633333,Brindisian amphora,APOLONI,1,-125,-25
34682,Canale Giancola,Italia,17.85,40.683333,Brindisian amphora,APOLLONID,1,-125,-25
26132,Trinitapoli,Italia,16.083333,41.35,Lamboglia 2,CASTIRFAB,1,-125,-25
40044,Brindisi,Italia,17.933333,40.633333,Brindisian amphora,BAHANO,1,-125,-25
39191,Brindisi,Italia,17.933333,40.633333,Brindisian amphora,APOLLONID,1,-125,-25
39958,Ostia Antica,Italia,12.283333,41.75,Amphora incerta,CMS,0,,
37471,Canale Giancola,Italia,17.85,40.683333,Brindisian amphora,VISELLI,1,-125,-25
41008,Brindisi,Italia,17.933333,40.633333,Brindisian amphora,ANINIANA,1,-125,-25
38096,Brindisi,Italia,17.933333,40.633333,Brindisian amphora,VEHILI,1,-125,-25
26588,Ostia Antica,Italia,12.283333,41.75,Amphora incerta,PLOC,0,,
32828,Padova,Italia,11.883333,45.416667,Dressel 6B,PLL,1,-50,-1
35226,Canale Giancola,Italia,17.85,40.683333,Brindisian amphora,HERMAISCI,1,-125,-25
36730,Padova,Italia,11.883333,45.416667,Dressel 6B,ARCI,1,-50,-1
9696,Padova,Italia,11.883333,45.416667,Amphora incerta,LAA,0,,
40145,Brindisi,Italia,17.933333,40.633333,Brindisian amphora,DAMAS,1,-125,-25
40981,Brindisi,Italia,17.933333,40.633333,Brindisian amphora,ANINIANA,1,-125,-25
41014,Brindisi,Italia,17.933333,40.633333,Brindisian amphora,ANINIANA,1,-125,-25
28150,Ostia Antica,Italia,12.283333,41.75,Dressel 20,FPAT,0,,
29469,Ostia Antica,Italia,12.283333,41.75,Dressel 20,QSS,0,,
35264,Canale Giancola,Italia,17.85,40.683333,Brindisian amphora,LVCAO,1,-125,-25
32761,Padova,Italia,11.883333,45.416667,Dressel 6B,CLA,1,-50,-1
34103,Lucania,Italia,16.0,40.5,Dressel 2-4,POSCVRT,1,-30,-1
10487,Altino,Italia,12.393333,45.544444,Dressel 6A,HADD,1,-50,-1
25832,Ostia Antica,Italia,12.283333,41.75,Dressel 20,BEL,0,,
37029,Parenzo (Porec),Italia,13.593889,45.225833,Amphora incerta,AELICRIS,0,,
32838,Padova,Italia,11.883333,45.416667,Dressel 6B,VARPAC,1,-50,-1
36728,Padova,Italia,11.883333,45.416667,Dressel 6B,PCL,1,-50,-1
39220,Brindisi,Italia,17.933333,40.633333,Brindisian amphora,APOLONI,1,-125,-25
40178,Brindisi,Italia,17.933333,40.633333,Brindisian amphora,DEMETRI,1,-125,-25
34601,Canale Giancola,Italia,17.85,40.683333,Brindisian amphora,APELLESAEH,1,-125,-25
40375,Brindisi,Italia,17.933333,40.633333,Brindisian amphora,LEONTISCVS,1,-125,-25
23229,Tortona,Italia,8.866667,44.9,Dressel 6B,CIEIA,1,-50,-1
35579,Canale Giancola,Italia,17.85,40.683333,Brindisian amphora,SCOPA,1,-125,-25
39996,Brindisi,Italia,17.933333,40.633333,Brindisian amphora,BAHANO,1,-125,-25
34733,Canale Giancola,Italia,17.85,40.683333,Brindisian amphora,APOLONIDA,1,-125,-25
33050,Padova,Italia,11.883333,45.416667,Dressel 6B,AENERVAVG,1,-50,-1
26176,Porto Torres,Corsica et Sardinia,8.397222,40.835,Africana 2D Grande,TEPLOP,0,,
33899,Albinia,Italia,11.25,42.5,Dressel 1C,DIS,1,-150,-1
40348,Brindisi,Italia,17.933333,40.633333,Brindisian amphora,KEPHALONOSKEFALONOS,1,-125,-25
40202,Brindisi,Italia,17.933333,40.633333,Brindisian amphora,DIODOT,1,-125,-25
32836,Padova,Italia,11.883333,45.416667,Dressel 6B,VAIPACCI,1,-50,-1
33058,Pegognaga,Italia,10.85,45.0,Dressel 2-4,FEL,1,-30,-1
35615,Canale Giancola,Italia,17.85,40.683333,Brindisian amphora,VISELLI,1,-125,-25
29324,Ostia Antica,Italia,12.283333,41.75,Dressel 20,PNN,0,,
37919,Brindisi,Italia,17.933333,40.633333,Brindisian amphora,LLVC,1,-125,-25
29655,Ostia Antica,Italia,12.283333,41.75,Dressel 20,VIROM,0,,
20311,Ostia Antica,Italia,12.283333,41.75,Africana,SAT,0,,
35297,Canale Giancola,Italia,17.85,40.683333,Brindisian amphora,LVKAON,1,-125,-25
34776,Canale Giancola,Italia,17.85,40.683333,Brindisian amphora,APOLLONIDES,1,-125,-25
35901,Canale Giancola,Italia,17.85,40.683333,Brindisian amphora,LMARCISATVR,1,-125,-25
36005,Pula,Corsica et Sardinia,9.001667,39.01,Dressel 20,FPAT,0,,
37496,Canale Giancola,Italia,17.85,40.683333,Brindisian amphora,VISELLI,1,-125,-25
37482,Canale Giancola,Italia,17.85,40.683333,Brindisian amphora,VISELLI,1,-125,-25
9607,Padova,Italia,11.883333,45.416667,Lamboglia 2,LMODI,1,-125,-25
33282,Pola,Italia,13.848056,44.868333,Dressel 6,CASTOR,0,,
35231,Canale Giancola,Italia,17.85,40.683333,Brindisian amphora,HERMAISCI,1,-125,-25
26228,Ostia Antica,Italia,12.283333,41.75,Africana 2B Grande,ASYLFVSC,0,,
18594,Îles Lavezzi,Corsica et Sardinia,9.254185,41.341096,Dressel 2-4 Catalan,POT,1,-30,-1
25278,Sardegna,Corsica et Sardinia,8.44,39.881944,Dressel 1,AS,1,-150,-1
35130,Canale Giancola,Italia,17.85,40.683333,Brindisian amphora,DIOCLES,1,-125,-25
23412,Tortona,Italia,8.866667,44.9,Lamboglia 2,CAVCVS,1,-125,-25
34727,Canale Giancola,Italia,17.85,40.683333,Brindisian amphora,APOLONIDA,1,-125,-25
4774,Brindisi,Italia,17.933333,40.633333,Brindisian amphora,PHILONICAPPVLEI,1,-125,-25
35247,Canale Giancola,Italia,17.85,40.683333,Brindisian amphora,LVCAO,1,-125,-25
25074,Aquileia,Italia,13.368333,45.770278,Dressel 1B,CCA,1,-150,-1
35294,Canale Giancola,Italia,17.85,40.683333,Brindisian amphora,LVKAON,1,-125,-25
37710,Brindisi,Italia,17.933333,40.633333,Brindisian amphora,CANINI,1,-125,-25
37386,Canale Giancola,Italia,17.85,40.683333,Brindisian amphora,SCOPAS,1,-125,-25
35563,Canale Giancola,Italia,17.85,40.683333,Brindisian amphora,SCOPA,1,-125,-25
39253,Brindisi,Italia,17.933333,40.633333,Brindisian amphora,APOLONI,1,-125,-25
26302,Nice,Italia,7.25952,43.713644,Africana 2D Grande,MALLILEPTIMARILEPTI,0,,
37511,Canale Giancola,Italia,17.85,40.683333,Brindisian amphora,VISELLI,1,-125,-25
4743,Brindisi,Italia,17.933333,40.633333,Brindisian amphora,PHILIPVS,1,-125,-25
40481,Brindisi,Italia,17.933333,40.633333,Brindisian amphora,MENECRATES,1,-125,-25
32877,Padova,Italia,11.883333,45.416667,Dressel 6A,TNPAPIA,1,-50,-1
34309,Provincia di Parma,Italia,10.083333,44.7,Amphora incerta,L,0,,
1882,Ostia Antica,Italia,12.283333,41.75,Beltrán 72,CVRVCVNTIN,0,,
26242,Ostia Antica,Italia,12.283333,41.75,Africana 1A pic.,LEPMI,0,,
9664,Padova,Italia,11.883333,45.416667,Amphora incerta,VRBA,0,,
34354,Modena,Italia,10.9,44.5,Operculum,BRVTIRV,0,,
9569,Padova,Italia,11.883333,45.416667,Lamboglia 2,E,1,-125,-25
35773,Canale Giancola,Italia,17.85,40.683333,Brindisian amphora,VISELLI,1,-125,-25
32874,Padova,Italia,11.883333,45.416667,Dressel 6A,MHERP,1,-50,-1
32609,Oderzo,Italia,12.488056,45.78,Dressel 6B,CELE,1,-50,-1
8997,Ventimiglia,Italia,7.6,43.783333,Dressel 1C,AP,1,-150,-1
33802,Albinia,Italia,11.25,42.5,Dressel 1,ARME,1,-150,-1
40770,Brindisi,Italia,17.933333,40.633333,Brindisian amphora,PTOLEMA,1,-125,-25
35558,Canale Giancola,Italia,17.85,40.683333,Brindisian amphora,SCOPA,1,-125,-25
37278,Canale Giancola,Italia,17.85,40.683333,Brindisian amphora,DEMETRI,1,-125,-25
35660,Canale Giancola,Italia,17.85,40.683333,Brindisian amphora,VISELLI,1,-125,-25
25818,Ostia Antica,Italia,12.283333,41.75,Dressel 20,BAIS,0,,
29352,Ostia Antica,Italia,12.283333,41.75,Dressel 20,FMFP,0,,
9651,Padova,Italia,11.883333,45.416667,Amphora incerta,ECATO,0,,
35554,Canale Giancola,Italia,17.85,40.683333,Brindisian amphora,SCOPAS,1,-125,-25
40269,Brindisi,Italia,17.933333,40.633333,Brindisian amphora,HPAIOC,1,-125,-25
34237,Modena,Italia,10.9,44.5,Amphora incerta,IVNPATEN,0,,
32787,Padova,Italia,11.883333,45.416667,Dressel 6B,LAB,1,-50,-1
40447,Brindisi,Italia,17.933333,40.633333,Brindisian amphora,MENA,1,-125,-25
34269,Modena,Italia,10.9,44.5,Amphora incerta,PQSCAPVLAE,0,,
33713,Finale Emilia,Italia,11.283333,44.833333,Operculum,SIGNUM,0,,
40162,Brindisi,Italia,17.933333,40.633333,Brindisian amphora,DASI,1,-125,-25
26234,Ostia Antica,Italia,12.283333,41.75,Africana 2D Grande,FANFORTCOLHADR,0,,
34879,Canale Giancola,Italia,17.85,40.683333,Brindisian amphora,ARCHELA,1,-125,-25
36842,Vicenza,Italia,11.55,45.55,Dressel 6B,SYNT,1,-50,-1
36197,Ancona,Italia,13.5,43.633333,Lamboglia 2,ACASIC,1,-125,-25
38491,Brindisi,Italia,17.933333,40.633333,Brindisian amphora,APELLAIS,1,-125,-25
36846,Vicenza,Italia,11.55,45.55,Dressel 6B,VIAT,1,-50,-1
34827,Canale Giancola,Italia,17.85,40.683333,Brindisian amphora,APOLONI,1,-125,-25
37945,Pompeya,Italia,14.483333,40.75,Brindisian amphora,MACCIVSLFQ,1,-125,-25
38062,Brindisi,Italia,17.933333,40.633333,Brindisian amphora,CVEILI,1,-125,-25
35720,Canale Giancola,Italia,17.85,40.683333,Brindisian amphora,VISELLI,1,-125,-25
40177,Brindisi,Italia,17.933333,40.633333,Brindisian amphora,DEMETRI,1,-125,-25
35273,Canale Giancola,Italia,17.85,40.683333,Brindisian amphora,LVCAO,1,-125,-25
40358,Brindisi,Italia,17.933333,40.633333,Brindisian amphora,KEPHALONOSKEFALONOS,1,-125,-25
40783,Brindisi,Italia,17.933333,40.633333,Brindisian amphora,PVLADE,1,-125,-25
37285,Canale Giancola,Italia,17.85,40.683333,Brindisian amphora,DEMETRI,1,-125,-25
20350,Ostia Antica,Italia,12.283333,41.75,Dressel 20,AELIFVSCIANI,0,,
35896,Canale Giancola,Italia,17.85,40.683333,Brindisian amphora,CAVILF,1,-125,-25
26462,Ostia Antica,Italia,12.283333,41.75,Dressel 20,CA,0,,
20327,Ostia Antica,Italia,12.283333,41.75,Dressel 30 - Keay 1B,EXPROVINCMAVRETANCAESTVB,0,,
41025,Brindisi,Italia,17.933333,40.633333,Brindisian amphora,ANINIANA,1,-125,-25
34875,Canale Giancola,Italia,17.85,40.683333,Brindisian amphora,ARCHELA,1,-125,-25
37301,Canale Giancola,Italia,17.85,40.683333,Brindisian amphora,EPIGENVS,1,-125,-25
4966,Ostia Antica,Italia,12.283333,41.75,Africana,CHDRCFVC,0,,
20336,Ostia Antica,Italia,12.283333,41.75,Amphora incerta,DAT,0,,
38243,Brindisi,Italia,17.933333,40.633333,Brindisian amphora,VEHILI,1,-125,-25
36748,Padova,Italia,11.883333,45.416667,Dressel 6B,LAEK,1,-50,-1
40767,Brindisi,Italia,17.933333,40.633333,Brindisian amphora,PTOLEMAE,1,-125,-25
34886,Canale Giancola,Italia,17.85,40.683333,Brindisian amphora,ARCHELA,1,-125,-25
37788,Brindisi,Italia,17.933333,40.633333,Brindisian amphora,APPVLEI,1,-125,-25
9721,Milano,Italia,9.2,45.466667,Lamboglia 2,ALEXA,1,-125,-25
40234,Brindisi,Italia,17.933333,40.633333,Brindisian amphora,EIKADIO,1,-125,-25
29636,Ostia Antica,Italia,12.283333,41.75,Dressel 20,VETERAN,0,,
10552,Altino,Italia,12.393333,45.544444,Dressel 6A,PCVRI,1,-50,-1
37867,Brindisi,Italia,17.933333,40.633333,Brindisian amphora,MEXSONI,1,-125,-25
18590,Îles Lavezzi,Corsica et Sardinia,9.254185,41.341096,Dressel 2-4 Catalan,ATT,1,-30,-1
37245,Canale Giancola,Italia,17.85,40.683333,Brindisian amphora,APOLLONIDES,1,-125,-25
28128,Ostia Antica,Italia,12.283333,41.75,Dressel 20,SPPNN,0,,
35400,Canale Giancola,Italia,17.85,40.683333,Brindisian amphora,MENOPHIL,1,-125,-25
20353,Ostia Antica,Italia,12.283333,41.75,Amphora incerta,AVGN,0,,
35568,Canale Giancola,Italia,17.85,40.683333,Brindisian amphora,SCOPA,1,-125,-25
38301,Brindisi,Italia,17.933333,40.633333,Brindisian amphora,VEHILI,1,-125,-25
40733,Brindisi,Italia,17.933333,40.633333,Brindisian amphora,PTOLEMAE,1,-125,-25
32297,Padova,Italia,11.883333,45.416667,Dressel 6B,CLAEB,1,-50,-1
32645,Oderzo,Italia,12.488056,45.78,Dressel 6B,EVCHARISTI,1,-50,-1
37808,Brindisi,Italia,17.933333,40.633333,Brindisian amphora,APPVLEI,1,-125,-25
40109,Brindisi,Italia,17.933333,40.633333,Brindisian amphora,CTESO,1,-125,-25
38087,Brindisi,Italia,17.933333,40.633333,Brindisian amphora,VEHILI,1,-125,-25
40248,Brindisi,Italia,17.933333,40.633333,Brindisian amphora,EPICADVS,1,-125,-25
18575,Îles Lavezzi,Corsica et Sardinia,9.254185,41.341096,Dressel 2-4 Catalan,ALBA,1,-30,-1
34887,Canale Giancola,Italia,17.85,40.683333,Brindisian amphora,ARCHELA,1,-125,-25
40003,Brindisi,Italia,17.933333,40.633333,Brindisian amphora,BAHANO,1,-125,-25
34581,Canale Giancola,Italia,17.85,40.683333,Brindisian amphora,APELLAE,1,-125,-25
40578,Brindisi,Italia,17.933333,40.633333,Brindisian amphora,NOYMHNIO,1,-125,-25
37426,Canale Giancola,Italia,17.85,40.683333,Brindisian amphora,VISELLI,1,-125,-25
32292,Padova,Italia,11.883333,45.416667,Dressel 6B,CLAEKBAS,1,-50,-1
38456,Brindisi,Italia,17.933333,40.633333,Brindisian amphora,APELAES,1,-125,-25
36864,Vicenza,Italia,11.55,45.55,Dressel 6B,INI,1,-50,-1
39963,Ostia Antica,Italia,12.283333,41.75,Gauloise 4,TVP,0,,
35234,Canale Giancola,Italia,17.85,40.683333,Brindisian amphora,LIBO,1,-125,-25
35821,Canale Giancola,Italia,17.85,40.683333,Brindisian amphora,VISELLI,1,-125,-25
33044,Padova,Italia,11.883333,45.416667,Dressel 6B,YME,1,-50,-1
26522,Ostia Antica,Italia,12.283333,41.75,Dressel 20,CVYVC,0,,
34942,Canale Giancola,Italia,17.85,40.683333,Brindisian amphora,ARCHELA,1,-125,-25
40530,Brindisi,Italia,17.933333,40.633333,Brindisian amphora,MENOPILVS,1,-125,-25
37900,Brindisi,Italia,17.933333,40.633333,Brindisian amphora,LFANNI,1,-125,-25
32647,Oderzo,Italia,12.488056,45.78,Dressel 6B,LAE,1,-50,-1
34655,Canale Giancola,Italia,17.85,40.683333,Brindisian amphora,APOLLONID,1,-125,-25
34975,Canale Giancola,Italia,17.85,40.683333,Brindisian amphora,ARCHELAVS,1,-125,-25
39975,Ostia Antica,Italia,12.283333,41.75,Dressel 20,SAXOFERREO,0,,
35282,Canale Giancola,Italia,17.85,40.683333,Brindisian amphora,LVKAON,1,-125,-25
41084,Brindisi,Italia,17.933333,40.633333,Brindisian amphora,ANINIANA,1,-125,-25
13838,Marano Lagunare,Italia,13.169167,45.766389,Dressel 6B,IMPAVGGER,1,-50,-1
4763,Brindisi,Italia,17.933333,40.633333,Brindisian amphora,CVEHILI,1,-125,-25
39956,Ostia Antica,Italia,12.283333,41.75,Gauloise 4,APM,0,,
34191,Fiesole,Italia,11.283333,43.8,Amphora incerta,CINA,0,,
37300,Canale Giancola,Italia,17.85,40.683333,Brindisian amphora,EPIGENVS,1,-125,-25
34809,Canale Giancola,Italia,17.85,40.683333,Brindisian amphora,APOLONI,1,-125,-25
34171,Firenze,Italia,11.333333,43.833333,Amphora incerta,ANTAEVS,0,,
32595,Oderzo,Italia,12.488056,45.78,Dressel 6A,OPTATIETMARCELLI,1,-50,-1
38239,Brindisi,Italia,17.933333,40.633333,Brindisian amphora,VEHILI,1,-125,-25
34657,Canale Giancola,Italia,17.85,40.683333,Brindisian amphora,APOLLONID,1,-125,-25
26178,Porto Torres,Corsica et Sardinia,8.397222,40.835,Africana 2D Grande,CCAP,0,,
40119,Brindisi,Italia,17.933333,40.633333,Brindisian amphora,DAMA,1,-125,-25
39274,Brindisi,Italia,17.933333,40.633333,Brindisian amphora,APOLLONI,1,-125,-25
40200,Lecce,Italia,18.183333,40.383333,Brindisian amphora,DIODOT,1,-125,-25
32762,Padova,Italia,11.883333,45.416667,Dressel 6B,CLAEKBAI,1,-50,-1
40117,Brindisi,Italia,17.933333,40.633333,Brindisian amphora,DAMA,1,-125,-25
33678,Fiorano Modenese,Italia,10.816667,44.533333,Dressel 6A,TIMOE,1,-50,-1
38379,Brindisi,Italia,17.933333,40.633333,Brindisian amphora,VHEILI,1,-125,-25
40008,Brindisi,Italia,17.933333,40.633333,Brindisian amphora,BAHANO,1,-125,-25
34327,Rimini,Italia,12.580833,44.063333,Amphora incerta,EPEPEOSTHEDHTOYSMINTHIOY,0,,
36831,Vicenza,Italia,11.55,45.55,Dressel 6B,LAEKH,1,-50,-1
4667,Este,Italia,11.65,45.233333,Lamboglia 2,NICEF,1,-125,-25
28448,Ostia Antica,Italia,12.283333,41.75,Dressel 20,LIVNIMELISSI,0,,
18610,Îles Lavezzi,Corsica et Sardinia,9.254185,41.341096,Dressel 2-4 Catalan,PR,1,-30,-1
9804,Cremona,Italia,10.033333,45.116667,Lamboglia 2,PHILIP,1,-125,-25
25342,Vercelli,Italia,8.416667,45.316667,Brindisian amphora,BAHANO,1,-125,-25
9628,Padova,Italia,11.883333,45.416667,Dressel 6A,CCARFRONTO,1,-50,-1
34524,Canale Giancola,Italia,17.85,40.683333,Brindisian amphora,ANDRONICI,1,-125,-25
35598,Canale Giancola,Italia,17.85,40.683333,Brindisian amphora,VISELLI,1,-125,-25
34905,Canale Giancola,Italia,17.85,40.683333,Brindisian amphora,ARCHELA,1,-125,-25
34287,Modena,Italia,10.9,44.5,Amphora incerta,VARIPACVARIPACC,0,,
38253,Brindisi,Italia,17.933333,40.633333,Brindisian amphora,VEHILI,1,-125,-25
36838,Vicenza,Italia,11.55,45.55,Dressel 6B,LAEK,1,-50,-1
36838,Vicenza,Italia,11.55,45.55,Dressel 6B,L,1,-50,-1
35307,Canale Giancola,Italia,17.85,40.683333,Brindisian amphora,LVKAON,1,-125,-25
12620,Susa,Italia,7.05,45.133333,Dressel 2-4,CTV,1,-30,-1
35614,Canale Giancola,Italia,17.85,40.683333,Brindisian amphora,VISELLI,1,-125,-25
35034,Canale Giancola,Italia,17.85,40.683333,Brindisian amphora,DEMETRI,1,-125,-25
38120,Brindisi,Italia,17.933333,40.633333,Brindisian amphora,VEHILI,1,-125,-25
38429,Brindisi,Italia,17.933333,40.633333,Brindisian amphora,APELAES,1,-125,-25
28174,Ostia Antica,Italia,12.283333,41.75,Dressel 20,PORTO,0,,
29443,Ostia Antica,Italia,12.283333,41.75,Dressel 20,PSAVITI,0,,
25344,Vercelli,Italia,8.416667,45.316667,Dressel ante 6B,ALIBAN,0,,
25357,Vercelli,Italia,8.416667,45.316667,Dressel 6B,CI,1,-50,-1
34659,Canale Giancola,Italia,17.85,40.683333,Brindisian amphora,APOLLONID,1,-125,-25
37906,Brindisi,Italia,17.933333,40.633333,Brindisian amphora,LLVCI,1,-125,-25
29259,Ostia Antica,Italia,12.283333,41.75,Dressel 20,LFC,0,,
28256,Ostia Antica,Italia,12.283333,41.75,Dressel 20,PNN,0,,
26247,Ostia Antica,Italia,12.283333,41.75,Africana 2D Grande,TOPDVMR,0,,
39203,Brindisi,Italia,17.933333,40.633333,Brindisian amphora,APOLONI,1,-125,-25
26278,Ostia Antica,Italia,12.283333,41.75,Africana 2A Grande,ISF,0,,
35248,Canale Giancola,Italia,17.85,40.683333,Brindisian amphora,LVCAO,1,-125,-25
10506,Altino,Italia,12.393333,45.544444,Dressel ante 6B,APICI,0,,
40630,Brindisi,Italia,17.933333,40.633333,Brindisian amphora,PERDICAS,1,-125,-25
28151,Ostia Antica,Italia,12.283333,41.75,Dressel 20,AVGN,0,,
36842,Vicenza,Italia,11.55,45.55,Dressel 6B,CLAEK,1,-50,-1
28170,Ostia Antica,Italia,12.283333,41.75,Dressel 20,POPVLI,0,,
20347,Ostia Antica,Italia,12.283333,41.75,Dressel 20,LIVNIMELISSI,0,,
34866,Canale Giancola,Italia,17.85,40.683333,Brindisian amphora,ARCHELA,1,-125,-25
26188,Porto Torres,Corsica et Sardinia,8.397222,40.835,Africana,OLM,0,,
33955,Albinia,Italia,11.25,42.5,Dressel 1C,M,1,-150,-1
522,Ostia Antica,Italia,12.283333,41.75,Dressel 20,AELIFVSCIANI,0,,
37691,Brindisi,Italia,17.933333,40.633333,Brindisian amphora,CANINI,1,-125,-25
37443,Canale Giancola,Italia,17.85,40.683333,Brindisian amphora,VISELLI,1,-125,-25
34704,Canale Giancola,Italia,17.85,40.683333,Brindisian amphora,APOLONIDA,1,-125,-25
40500,Brindisi,Italia,17.933333,40.633333,Brindisian amphora,MENECRATES,1,-125,-25
33695,Modena,Italia,10.9,44.5,Lamboglia 2,EPICA,1,-125,-25
37564,Canale Giancola,Italia,17.85,40.683333,Brindisian amphora,VISELLI,1,-125,-25
13780,Gricignano d'Aversa,Italia,14.233333,40.983333,Africana 1 Piccolo,MFF,0,,
25738,Ostia Antica,Italia,12.283333,41.75,Dressel 20,FALEXAND,0,,
33840,Albinia,Italia,11.25,42.5,Dressel 1C,ARS,1,-150,-1
34291,Modena,Italia,10.9,44.5,Amphora incerta,VMBRICIVM,0,,
35771,Canale Giancola,Italia,17.85,40.683333,Brindisian amphora,VISELLI,1,-125,-25
28076,Ostia Antica,Italia,12.283333,41.75,Dressel 20,LQR,0,,
40518,Brindisi,Italia,17.933333,40.633333,Brindisian amphora,MENOPILVS,1,-125,-25
35152,Canale Giancola,Italia,17.85,40.683333,Brindisian amphora,DIOCLES,1,-125,-25
41077,Brindisi,Italia,17.933333,40.633333,Brindisian amphora,ANINIANA,1,-125,-25
38363,Brindisi,Italia,17.933333,40.633333,Brindisian amphora,VEHILI,1,-125,-25
9690,Padova,Italia,11.883333,45.416667,Amphora incerta,COVM,0,,
40861,Brindisi,Italia,17.933333,40.633333,Brindisian amphora,SOTERICO,1,-125,-25
34325,Orbetello,Italia,11.216667,42.45,Amphora incerta,NF,0,,
23189,Tortona,Italia,8.866667,44.9,Dressel 6A,LICI,1,-50,-1
35722,Canale Giancola,Italia,17.85,40.683333,Brindisian amphora,VISELLI,1,-125,-25
37587,San Cataldo,Italia,18.3,40.383333,Brindisian amphora,DEMETRI,1,-125,-25
25811,Ljubljana (Emona),Italia,14.514444,46.055278,Dressel 6B,LAEK,1,-50,-1
35573,Canale Giancola,Italia,17.85,40.683333,Brindisian amphora,SCOPA,1,-125,-25
38227,Brindisi,Italia,17.933333,40.633333,Brindisian amphora,VEHILI,1,-125,-25
37256,Canale Giancola,Italia,17.85,40.683333,Brindisian amphora,CARITON,1,-125,-25
34566,Canale Giancola,Italia,17.85,40.683333,Brindisian amphora,APELLAE,1,-125,-25
40908,Brindisi,Italia,17.933333,40.633333,Brindisian amphora,TARVLAESVLLAEL,1,-125,-25
33851,Albinia,Italia,11.25,42.5,Dressel 1C,ARS,1,-150,-1
34781,Canale Giancola,Italia,17.85,40.683333,Brindisian amphora,APOLLONIDES,1,-125,-25
35330,Canale Giancola,Italia,17.85,40.683333,Brindisian amphora,LVKAON,1,-125,-25
36173,Ancona,Italia,13.5,43.633333,Lamboglia 2,KANI,1,-125,-25
41068,Brindisi,Italia,17.933333,40.633333,Brindisian amphora,ANINIANA,1,-125,-25
33984,Trieste,Italia,13.766667,45.666667,Amphora incerta,TAFC,0,,
40015,Brindisi,Italia,17.933333,40.633333,Brindisian amphora,BAHANO,1,-125,-25
34958,Canale Giancola,Italia,17.85,40.683333,Brindisian amphora,ARCHELA,1,-125,-25
41060,Brindisi,Italia,17.933333,40.633333,Brindisian amphora,ANINIANA,1,-125,-25
9681,Padova,Italia,11.883333,45.416667,Amphora incerta,CIAP,0,,
34244,Bazzano,Italia,11.083333,44.5,Amphora incerta,CMS,0,,
33926,Albinia,Italia,11.25,42.5,Dressel 1C,D,1,-150,-1
4627,Sibari,Italia,16.45,39.75,Africana 2A Grande,PASC,0,,
28124,Ostia Antica,Italia,12.283333,41.75,Dressel 20,PPNPPAN,0,,
34675,Canale Giancola,Italia,17.85,40.683333,Brindisian amphora,APOLLONID,1,-125,-25
18605,Îles Lavezzi,Corsica et Sardinia,9.254185,41.341096,Dressel 2-4 Catalan,LYA,1,-30,-1
37262,Canale Giancola,Italia,17.85,40.683333,Brindisian amphora,CHARITON,1,-125,-25
38350,Brindisi,Italia,17.933333,40.633333,Brindisian amphora,VEHILI,1,-125,-25
34196,Modena,Italia,10.9,44.5,Amphora incerta,COSAE,0,,
38068,Brindisi,Italia,17.933333,40.633333,Brindisian amphora,CVEILI,1,-125,-25
34178,Villanova,Italia,11.983333,44.25,Amphora incerta,QAPPOLSODALIS,0,,
32692,Oderzo,Italia,12.488056,45.78,Dressel 6B,AETIDI,1,-50,-1
37413,Canale Giancola,Italia,17.85,40.683333,Brindisian amphora,VISELLI,1,-125,-25
35516,Canale Giancola,Italia,17.85,40.683333,Brindisian amphora,SCOPAS,1,-125,-25
40092,Brindisi,Italia,17.933333,40.633333,Brindisian amphora,BATON,1,-125,-25
40130,Brindisi,Italia,17.933333,40.633333,Brindisian amphora,DAMA,1,-125,-25
37536,Canale Giancola,Italia,17.85,40.683333,Brindisian amphora,VISELLI,1,-125,-25
25363,Vercelli,Italia,8.416667,45.316667,Dressel 6B,CLAEKB,1,-50,-1
20337,Ostia Antica,Italia,12.283333,41.75,Amphora incerta,LPG,0,,
35164,Canale Giancola,Italia,17.85,40.683333,Brindisian amphora,DIOCLEI,1,-125,-25
4839,Brindisi,Italia,17.933333,40.633333,Brindisian amphora,CNPETROSOSTR,1,-125,-25
36911,Pompeya,Italia,14.483333,40.75,Amphora incerta,DIPHILVSHMALLEOLILS,0,,
35957,Canale Giancola,Italia,17.85,40.683333,Brindisian amphora,CNPETROSOSTR,1,-125,-25
9697,Padova,Italia,11.883333,45.416667,Amphora incerta,MESCAE,0,,
39298,Brindisi,Italia,17.933333,40.633333,Brindisian amphora,APOLLONIMA,1,-125,-25
32755,Padova,Italia,11.883333,45.416667,Dressel 6B,FA,1,-50,-1
34756,Canale Giancola,Italia,17.85,40.683333,Brindisian amphora,APOLONIDA,1,-125,-25
36910,Pompeya,Italia,14.483333,40.75,Amphora incerta,LD,0,,
36174,Ancona,Italia,13.5,43.633333,Lamboglia 2,LTAR,1,-125,-25
40903,Brindisi,Italia,17.933333,40.633333,Brindisian amphora,STRATONICVS,1,-125,-25
39218,Brindisi,Italia,17.933333,40.633333,Brindisian amphora,APOLONI,1,-125,-25
40546,Brindisi,Italia,17.933333,40.633333,Brindisian amphora,MENOPILVS,1,-125,-25
40881,Brindisi,Italia,17.933333,40.633333,Brindisian amphora,STR,1,-125,-25
34754,Canale Giancola,Italia,17.85,40.683333,Brindisian amphora,APOLONIDA,1,-125,-25
33711,Modena,Italia,10.9,44.5,Operculum,CC,0,,
36930,Campania,Italia,14.416667,40.883333,Amphora incerta,CAI,0,,
40482,Brindisi,Italia,17.933333,40.633333,Brindisian amphora,MENECRATES,1,-125,-25
32848,Padova,Italia,11.883333,45.416667,Dressel 6A,AMAEBIDIE,1,-50,-1
35390,Canale Giancola,Italia,17.85,40.683333,Brindisian amphora,LVKAON,1,-125,-25
23224,Tortona,Italia,8.866667,44.9,Dressel 6A,LCORHER,1,-50,-1
40034,Brindisi,Italia,17.933333,40.633333,Brindisian amphora,BAHANO,1,-125,-25
39994,Brindisi,Italia,17.933333,40.633333,Brindisian amphora,BAHANO,1,-125,-25
28075,Ostia Antica,Italia,12.283333,41.75,Dressel 20,LQR,0,,
38014,Brindisi,Italia,17.933333,40.633333,Brindisian amphora,CVEHILICF,1,-125,-25
33712,Finale Emilia,Italia,11.283333,44.833333,Operculum,ILEGIBILE,0,,
32333,Calvatone,Italia,10.433333,45.116667,Dressel 6B,PAC,1,-50,-1
36199,Ancona,Italia,13.5,43.633333,Lamboglia 2,TEA,1,-125,-25
18625,Îles Lavezzi,Corsica et Sardinia,9.254185,41.341096,Dressel 2-4 Catalan,PARA,1,-30,-1
40232,Brindisi,Italia,17.933333,40.633333,Brindisian amphora,EIKADIO,1,-125,-25
39222,Brindisi,Italia,17.933333,40.633333,Brindisian amphora,APOLONI,1,-125,-25
40931,Brindisi,Italia,17.933333,40.633333,Brindisian amphora,ANINIANA,1,-125,-25
37991,Brindisi,Italia,17.933333,40.633333,Brindisian amphora,MVRVDI,1,-125,-25
9759,Calvatone,Italia,10.433333,45.116667,Lamboglia 2,EISI,1,-125,-25
25698,Ostia Antica,Italia,12.283333,41.75,Dressel 20,CATSNFN,0,,
40347,Brindisi,Italia,17.933333,40.633333,Brindisian amphora,KEPHALONOSKEFALONOS,1,-125,-25
40678,Brindisi,Italia,17.933333,40.633333,Brindisian amphora,PILEMO,1,-125,-25
36907,Pompeya,Italia,14.483333,40.75,Amphora incerta,CATQ,0,,
38051,Brindisi,Italia,17.933333,40.633333,Brindisian amphora,CVEHILI,1,-125,-25
36787,Vicenza,Italia,11.55,45.55,Dressel 6B,COSAE,1,-50,-1
36843,Vicenza,Italia,11.55,45.55,Dressel 6B,SYNT,1,-50,-1
37314,Canale Giancola,Italia,17.85,40.683333,Brindisian amphora,EPIGENEI,1,-125,-25
38499,Brindisi,Italia,17.933333,40.633333,Brindisian amphora,APELLE,1,-125,-25
35405,Canale Giancola,Italia,17.85,40.683333,Brindisian amphora,MENOPHIL,1,-125,-25
7210,Ostia Antica,Italia,12.283333,41.75,Dressel 20,CENNIHISPANI,0,,
37780,Brindisi,Italia,17.933333,40.633333,Brindisian amphora,APPVLEI,1,-125,-25
9747,Milano,Italia,9.2,45.466667,Lamboglia 2,DICAEVSTE,1,-125,-25
36950,Trapani,Sicilia,12.483333,38.016667,Amphora incerta,REB,0,,
33808,Albinia,Italia,11.25,42.5,Dressel 1,NICIA,1,-150,-1
20326,Ostia Antica,Italia,12.283333,41.75,Dressel 30 - Keay 1B,EXOIVLIHONORPMCTVB,0,,
34683,Canale Giancola,Italia,17.85,40.683333,Brindisian amphora,APOLLONID,1,-125,-25
38287,Brindisi,Italia,17.933333,40.633333,Brindisian amphora,VEHILI,1,-125,-25
4753,Brindisi,Italia,17.933333,40.633333,Brindisian amphora,LALBIDAMAE,1,-125,-25
26291,Monaco,Italia,7.4252,43.735208,Africana 2A Grande,GM,0,,
34643,Canale Giancola,Italia,17.85,40.683333,Brindisian amphora,APOLLONID,1,-125,-25
35877,Canale Giancola,Italia,17.85,40.683333,Brindisian amphora,PROTAGATHVS,1,-125,-25
32774,Padova,Italia,11.883333,45.416667,Dressel 6B,CLAE,1,-50,-1
37547,Canale Giancola,Italia,17.85,40.683333,Brindisian amphora,VISELLI,1,-125,-25
37834,Brindisi,Italia,17.933333,40.633333,Brindisian amphora,PCLAVDIVSPNQ,1,-125,-25
37774,Brindisi,Italia,17.933333,40.633333,Brindisian amphora,LANINI,1,-125,-25
40821,Brindisi,Italia,17.933333,40.633333,Brindisian amphora,SOTERICSOTERIX,1,-125,-25
35098,Canale Giancola,Italia,17.85,40.683333,Brindisian amphora,DIOCLES,1,-125,-25
40078,Brindisi,Italia,17.933333,40.633333,Brindisian amphora,BATON,1,-125,-25
40275,Brindisi,Italia,17.933333,40.633333,Brindisian amphora,HPAIOC,1,-125,-25
40318,Brindisi,Italia,17.933333,40.633333,Brindisian amphora,GORGIA,1,-125,-25
19502,Imperia,Italia,8.05,43.883333,Dolium,SIGNUM,0,,
23200,Tortona,Italia,8.866667,44.9,Dressel 6A,THB,1,-50,-1
18653,Îles Perduto,Corsica et Sardinia,9.305129,41.369872,Dressel 2-4 Catalan,CISSI,1,-30,-1
37794,Brindisi,Italia,17.933333,40.633333,Brindisian amphora,APPVLEI,1,-125,-25
35209,Canale Giancola,Italia,17.85,40.683333,Brindisian amphora,HERMAISCI,1,-125,-25
39979,Ostia Antica,Italia,12.283333,41.75,Amphora incerta,SOC,0,,
40365,Brindisi,Italia,17.933333,40.633333,Brindisian amphora,KEPHALOKEFALO,1,-125,-25
37659,Brindisi,Italia,17.933333,40.633333,Brindisian amphora,DAMA,1,-125,-25
26229,Ostia Antica,Italia,12.283333,41.75,Africana 1B pic.,ASVLSATVR,0,,
37661,Brindisi,Italia,17.933333,40.633333,Brindisian amphora,CANINI,1,-125,-25
36863,Vicenza,Italia,11.55,45.55,Dressel 6B,MBO,1,-50,-1
32582,Oderzo,Italia,12.488056,45.78,Dressel 2-4,MLIVICA,1,-30,-1
35159,Canale Giancola,Italia,17.85,40.683333,Brindisian amphora,DIOCLES,1,-125,-25
41061,Brindisi,Italia,17.933333,40.633333,Brindisian amphora,ANINIANA,1,-125,-25
33686,Castelfranco Emilia,Italia,11.05,44.616667,Amphora incerta,ON,0,,
38385,Brindisi,Italia,17.933333,40.633333,Brindisian amphora,ALEXAN,1,-125,-25
35078,Canale Giancola,Italia,17.85,40.683333,Brindisian amphora,DIOCLES,1,-125,-25
26133,Ordona,Italia,15.616667,41.316667,Lamboglia 2,IGIAVS,1,-125,-25
33038,Padova,Italia,11.883333,45.416667,Ignotus,PVB,0,,
32771,Padova,Italia,11.883333,45.416667,Dressel 6B,L,1,-50,-1
34884,Canale Giancola,Italia,17.85,40.683333,Brindisian amphora,ARCHELA,1,-125,-25
33903,Albinia,Italia,11.25,42.5,Dressel 1C,D,1,-150,-1
26175,Porto Torres,Corsica et Sardinia,8.397222,40.835,Africana 2D Grande,LEPMIBSCD,0,,
34739,Canale Giancola,Italia,17.85,40.683333,Brindisian amphora,APOLONIDA,1,-125,-25
32619,Oderzo,Italia,12.488056,45.78,Dressel 6B,CRISPINILI,1,-50,-1
35283,Canale Giancola,Italia,17.85,40.683333,Brindisian amphora,LVKAON,1,-125,-25
19049,Tortona,Italia,8.866667,44.9,Amphora incerta,ENACS,0,,
26431,Ostia Antica,Italia,12.283333,41.75,Dressel 20,GGR,0,,
41064,Brindisi,Italia,17.933333,40.633333,Brindisian amphora,ANINIANA,1,-125,-25
35371,Canale Giancola,Italia,17.85,40.683333,Brindisian amphora,LVKAON,1,-125,-25
38114,Brindisi,Italia,17.933333,40.633333,Brindisian amphora,VEHILI,1,-125,-25
36815,Vicenza,Italia,11.55,45.55,Dressel 6B,LAE,1,-50,-1
29401,Ostia Antica,Italia,12.283333,41.75,Dressel 20,XIIIIHP,0,,
28429,Ostia Antica,Italia,12.283333,41.75,Dressel 20,ILFT,0,,
35641,Canale Giancola,Italia,17.85,40.683333,Brindisian amphora,VISELLI,1,-125,-25
34872,Canale Giancola,Italia,17.85,40.683333,Brindisian amphora,ARCHELA,1,-125,-25
35655,Canale Giancola,Italia,17.85,40.683333,Brindisian amphora,VISELLI,1,-125,-25
10581,Altino,Italia,12.393333,45.544444,Dressel 6A,THEODORVS,1,-50,-1
32593,Oderzo,Italia,12.488056,45.78,Dressel 6A,QNVMERI,1,-50,-1
37388,Canale Giancola,Italia,17.85,40.683333,Brindisian amphora,SCOPAS,1,-125,-25
40996,Brindisi,Italia,17.933333,40.633333,Brindisian amphora,ANINIANA,1,-125,-25
37575,Canale Giancola,Italia,17.85,40.683333,Brindisian amphora,SIGNUM,1,-125,-25
20300,Ostia Antica,Italia,12.283333,41.75,Dressel 20,CAMILIMELISSI,0,,
26193,Ostia Antica,Italia,12.283333,41.75,Africana 2D Grande,FELICASYLL,0,,
29279,Ostia Antica,Italia,12.283333,41.75,Dressel 20,LFC,0,,
23199,Tortona,Italia,8.866667,44.9,Dressel 6A,HERENNIA,1,-50,-1
35079,Canale Giancola,Italia,17.85,40.683333,Brindisian amphora,DIOCLES,1,-125,-25
10548,Altino,Italia,12.393333,45.544444,Dressel 6A,AMAEBID,1,-50,-1
9617,Padova,Italia,11.883333,45.416667,Dressel 6A,PCTITCIP,1,-50,-1
40022,Brindisi,Italia,17.933333,40.633333,Brindisian amphora,BAHANO,1,-125,-25
34955,Canale Giancola,Italia,17.85,40.683333,Brindisian amphora,ARCHELA,1,-125,-25
35153,Canale Giancola,Italia,17.85,40.683333,Brindisian amphora,DIOCLES,1,-125,-25
40230,Brindisi,Italia,17.933333,40.633333,Brindisian amphora,EIKADIO,1,-125,-25
9688,Padova,Italia,11.883333,45.416667,Amphora incerta,PQSCAPVLAE,0,,
40601,Brindisi,Italia,17.933333,40.633333,Brindisian amphora,PERDICAS,1,-125,-25
40314,Brindisi,Italia,17.933333,40.633333,Brindisian amphora,GORGIA,1,-125,-25
37533,Canale Giancola,Italia,17.85,40.683333,Brindisian amphora,VISELLI,1,-125,-25
37466,Canale Giancola,Italia,17.85,40.683333,Brindisian amphora,VISELLI,1,-125,-25
38142,Brindisi,Italia,17.933333,40.633333,Brindisian amphora,VEHILI,1,-125,-25
41002,Brindisi,Italia,17.933333,40.633333,Brindisian amphora,ANINIANA,1,-125,-25
33070,Erice,Sicilia,12.583333,38.033333,Greco-Itálica,QANTRO,1,-400,-100
33046,Padova,Italia,11.883333,45.416667,Dressel 6B,DO,1,-50,-1
28458,Oderzo,Italia,12.488056,45.78,Dressel 6B,FONTANI,1,-50,-1
26399,Celje,Italia,14.156111,45.591667,Dressel 6B,LTREOPTA,1,-50,-1
28306,Ostia Antica,Italia,12.283333,41.75,Dressel 20,LMVE,0,,
4662,Este,Italia,11.65,45.233333,Lamboglia 2,ENIC,1,-125,-25
37989,Brindisi,Italia,17.933333,40.633333,Brindisian amphora,MVRVDI,1,-125,-25
8633,Ugento,Italia,18.166667,39.933333,Dressel 2-4,ENERO,1,-30,-1
28249,Ostia Antica,Italia,12.283333,41.75,Dressel 20,PNN,0,,
37793,Brindisi,Italia,17.933333,40.633333,Brindisian amphora,APPVLEI,1,-125,-25
37782,Brindisi,Italia,17.933333,40.633333,Brindisian amphora,APPVLEI,1,-125,-25
32832,Padova,Italia,11.883333,45.416667,Dressel 6B,VARIPACCI,1,-50,-1
36792,Vicenza,Italia,11.55,45.55,Dressel 6B,LIVNIPAETI,1,-50,-1
40681,Brindisi,Italia,17.933333,40.633333,Brindisian amphora,PILEMO,1,-125,-25
35728,Canale Giancola,Italia,17.85,40.683333,Brindisian amphora,VISELLI,1,-125,-25
40562,Brindisi,Italia,17.933333,40.633333,Brindisian amphora,MENOPILVS,1,-125,-25
33020,Padova,Italia,11.883333,45.416667,Dressel 6B,ILEGIBLE,1,-50,-1
34520,Canale Giancola,Italia,17.85,40.683333,Brindisian amphora,AENEAE,1,-125,-25
34285,Modena,Italia,10.9,44.5,Amphora incerta,CTARI,0,,
37342,Canale Giancola,Italia,17.85,40.683333,Brindisian amphora,MENOPHI,1,-125,-25
23093,Tortona,Italia,8.866667,44.9,Dressel 6B,HERME,1,-50,-1
37470,Canale Giancola,Italia,17.85,40.683333,Brindisian amphora,VISELLI,1,-125,-25
34218,Provincia di Parma,Italia,10.083333,44.7,Amphora incerta,LICIS,0,,
40619,Brindisi,Italia,17.933333,40.633333,Brindisian amphora,PERDICAS,1,-125,-25
37840,Brindisi,Italia,17.933333,40.633333,Brindisian amphora,PCLAVDIVSPNQ,1,-125,-25
26389,Ljubljana (Emona),Italia,14.514444,46.055278,Dressel 6B,IMPAVGGER,1,-50,-1
33912,Albinia,Italia,11.25,42.5,Dressel 1C,FALE,1,-150,-1
32839,Padova,Italia,11.883333,45.416667,Dressel 6B,CHIR,1,-50,-1
33733,Ostiglia,Italia,11.133333,45.066667,Amphora incerta,LAPPVLEII,0,,
40796,Brindisi,Italia,17.933333,40.633333,Brindisian amphora,PVLADEI,1,-125,-25
34812,Canale Giancola,Italia,17.85,40.683333,Brindisian amphora,APOLONI,1,-125,-25
36938,Campania,Italia,14.116667,40.816667,Amphora incerta,EPMCHI,0,,
37348,Canale Giancola,Italia,17.85,40.683333,Brindisian amphora,NIC,1,-125,-25
10466,Altino,Italia,12.393333,45.544444,Dressel 6B,VARIPACCI,1,-50,-1
34960,Canale Giancola,Italia,17.85,40.683333,Brindisian amphora,ARCHELA,1,-125,-25
40946,Brindisi,Italia,17.933333,40.633333,Brindisian amphora,ANINIANA,1,-125,-25
36711,Pegognaga,Italia,10.85,45.0,Dressel 6B,SCAEIANAM,1,-50,-1
37805,Brindisi,Italia,17.933333,40.633333,Brindisian amphora,APPVLEI,1,-125,-25
39199,Brindisi,Italia,17.933333,40.633333,Brindisian amphora,APOLONI,1,-125,-25
9634,Padova,Italia,11.883333,45.416667,Dressel 6B,AM,1,-50,-1
40140,Brindisi,Italia,17.933333,40.633333,Brindisian amphora,DAMA,1,-125,-25
32864,Padova,Italia,11.883333,45.416667,Dressel 6B,VARIPACC,1,-50,-1
40244,Brindisi,Italia,17.933333,40.633333,Brindisian amphora,EPICADVS,1,-125,-25
40250,Brindisi,Italia,17.933333,40.633333,Brindisian amphora,HPAIOC,1,-125,-25
40214,Brindisi,Italia,17.933333,40.633333,Brindisian amphora,DIOPANTVS,1,-125,-25
25773,Ostia Antica,Italia,12.283333,41.75,Dressel 20,ASVLEIANESE,0,,
18599,Îles Lavezzi,Corsica et Sardinia,9.254185,41.341096,Dressel 2-4 Catalan,QVAD,1,-30,-1
36915,Pompeya,Italia,14.483333,40.75,Beltrán 2B,MARPRO,0,,
39190,Brindisi,Italia,17.933333,40.633333,Brindisian amphora,APOLLONID,1,-125,-25
19474,Imperia,Italia,8.05,43.883333,Dressel 2-4 Catalan,A,1,-30,-1
38360,Brindisi,Italia,17.933333,40.633333,Brindisian amphora,VEHILI,1,-125,-25
34758,Canale Giancola,Italia,17.85,40.683333,Brindisian amphora,APOLONIDA,1,-125,-25
28292,Ostia Antica,Italia,12.283333,41.75,Dressel 20,FMMI,0,,
34882,Canale Giancola,Italia,17.85,40.683333,Brindisian amphora,ARCHELA,1,-125,-25
38299,Brindisi,Italia,17.933333,40.633333,Brindisian amphora,VEHILI,1,-125,-25
40822,Brindisi,Italia,17.933333,40.633333,Brindisian amphora,SOTERICSOTERIX,1,-125,-25
37671,Brindisi,Italia,17.933333,40.633333,Brindisian amphora,CANINI,1,-125,-25
40525,Brindisi,Italia,17.933333,40.633333,Brindisian amphora,MENOPILVS,1,-125,-25
35960,Canale Giancola,Italia,17.85,40.683333,Brindisian amphora,CNPETROSOSTR,1,-125,-25
10575,Altino,Italia,12.393333,45.544444,Dressel 6B,VAFA,1,-50,-1
9649,Padova,Italia,11.883333,45.416667,Amphora incerta,IALIS,0,,
35334,Canale Giancola,Italia,17.85,40.683333,Brindisian amphora,LVKAON,1,-125,-25
32706,Oderzo,Italia,12.488056,45.78,Dressel 6A,AMPHORA,1,-50,-1
40885,Brindisi,Italia,17.933333,40.633333,Brindisian amphora,STR,1,-125,-25
37801,Brindisi,Italia,17.933333,40.633333,Brindisian amphora,APPVLEI,1,-125,-25
18579,Îles Lavezzi,Corsica et Sardinia,9.254185,41.341096,Dressel 2-4 Catalan,ATT,1,-30,-1
35936,Canale Giancola,Italia,17.85,40.683333,Brindisian amphora,LMARCISATVR,1,-125,-25
35964,Canale Giancola,Italia,17.85,40.683333,Brindisian amphora,CNPETROSOSTR,1,-125,-25
38341,Brindisi,Italia,17.933333,40.633333,Brindisian amphora,VEHILI,1,-125,-25
35302,Canale Giancola,Italia,17.85,40.683333,Brindisian amphora,LVKAON,1,-125,-25
37430,Canale Giancola,Italia,17.85,40.683333,Brindisian amphora,VISELLI,1,-125,-25
35670,Canale Giancola,Italia,17.85,40.683333,Brindisian amphora,VISELLI,1,-125,-25
19202,Isola di Giannutri,Italia,11.1,42.25,Africana 1A pic.,CSA,0,,
40492,Brindisi,Italia,17.933333,40.633333,Brindisian amphora,MENECRATES,1,-125,-25
38417,Brindisi,Italia,17.933333,40.633333,Brindisian amphora,APELLES,1,-125,-25
35255,Canale Giancola,Italia,17.85,40.683333,Brindisian amphora,LVCAO,1,-125,-25
32287,Cremona,Italia,10.033333,45.116667,Amphora incerta,EVNO,0,,
40887,Brindisi,Italia,17.933333,40.633333,Brindisian amphora,STR,1,-125,-25
38004,Brindisi,Italia,17.933333,40.633333,Brindisian amphora,PVEBAL,1,-125,-25
40735,Brindisi,Italia,17.933333,40.633333,Brindisian amphora,PTOLEMAE,1,-125,-25
38193,Brindisi,Italia,17.933333,40.633333,Brindisian amphora,VEHILI,1,-125,-25
40844,Brindisi,Italia,17.933333,40.633333,Brindisian amphora,SOTERICSOTERIX,1,-125,-25
35589,Canale Giancola,Italia,17.85,40.683333,Brindisian amphora,THEARION,1,-125,-25
35836,Canale Giancola,Italia,17.85,40.683333,Brindisian amphora,CERDO,1,-125,-25
32663,Oderzo,Italia,12.488056,45.78,Dressel 6B,PIERI,1,-50,-1
37036,Parenzo (Porec),Italia,13.593889,45.225833,Amphora incerta,AELICRIS,0,,
35243,Canale Giancola,Italia,17.85,40.683333,Brindisian amphora,LVCAO,1,-125,-25
19219,Giglio Porto,Italia,10.916667,42.366667,Africana 1B pic.,PSA,0,,
28223,Ostia Antica,Italia,12.283333,41.75,Dressel 20,PNN,0,,
35476,Canale Giancola,Italia,17.85,40.683333,Brindisian amphora,SCOPAS,1,-125,-25
33042,Padova,Italia,11.883333,45.416667,Dressel 6B,DOM,1,-50,-1
38176,Brindisi,Italia,17.933333,40.633333,Brindisian amphora,VEHILI,1,-125,-25
36752,Vicenza,Italia,11.55,45.55,Dressel 6A,BIDIENICLAR,1,-50,-1
35874,Canale Giancola,Italia,17.85,40.683333,Brindisian amphora,PROTAGATHVS,1,-125,-25
35280,Canale Giancola,Italia,17.85,40.683333,Brindisian amphora,LVCAON,1,-125,-25
35118,Canale Giancola,Italia,17.85,40.683333,Brindisian amphora,DIOCLES,1,-125,-25
20575,Islas de Tremiti,Italia,15.5,42.116667,Lamboglia 2,DASMI,1,-125,-25
35491,Canale Giancola,Italia,17.85,40.683333,Brindisian amphora,SCOPAS,1,-125,-25
38043,Brindisi,Italia,17.933333,40.633333,Brindisian amphora,CVEHILI,1,-125,-25
33871,Albinia,Italia,11.25,42.5,Dressel 1C,DAS,1,-150,-1
38125,Brindisi,Italia,17.933333,40.633333,Brindisian amphora,VEHILI,1,-125,-25
38405,Brindisi,Italia,17.933333,40.633333,Brindisian amphora,APEICAE,1,-125,-25
35866,Canale Giancola,Italia,17.85,40.683333,Brindisian amphora,DEMETREI,1,-125,-25
24443,Capo Murri di Porco (Siracusa),Sicilia,15.283333,37.066667,Africana 2A Grande,PP,0,,
37240,Canale Giancola,Italia,17.85,40.683333,Brindisian amphora,ANDRONICI,1,-125,-25
10461,Altino,Italia,12.393333,45.544444,Dressel ante 6B,LFO,0,,
37252,Canale Giancola,Italia,17.85,40.683333,Brindisian amphora,APOLONI,1,-125,-25
40476,Brindisi,Italia,17.933333,40.633333,Brindisian amphora,MENECRATES,1,-125,-25
40992,Brindisi,Italia,17.933333,40.633333,Brindisian amphora,ANINIANA,1,-125,-25
40784,Brindisi,Italia,17.933333,40.633333,Brindisian amphora,PVLADE,1,-125,-25
25483,Capalbio,Italia,11.416667,42.45,Mañá C2C,SIGNUM,0,,
37771,Brindisi,Italia,17.933333,40.633333,Brindisian amphora,LANINI,1,-125,-25
33262,Martigny,Italia,7.076771,46.104593,Dressel 20,STLACCI,0,,
4747,Brindisi,Italia,17.933333,40.633333,Brindisian amphora,LVCCOLVCO,1,-125,-25
38446,Brindisi,Italia,17.933333,40.633333,Brindisian amphora,APELAES,1,-125,-25
28347,Ostia Antica,Italia,12.283333,41.75,Dressel 20,TLN,0,,
35908,Canale Giancola,Italia,17.85,40.683333,Brindisian amphora,LMARCISATVR,1,-125,-25
37851,Brindisi,Italia,17.933333,40.633333,Brindisian amphora,PCLAVDIVSNQ,1,-125,-25
35238,Canale Giancola,Italia,17.85,40.683333,Brindisian amphora,LVCAO,1,-125,-25
35345,Canale Giancola,Italia,17.85,40.683333,Brindisian amphora,LVKAON,1,-125,-25
37950,Brindisi,Italia,17.933333,40.633333,Brindisian amphora,QOBVLTRON,1,-125,-25
37744,Brindisi,Italia,17.933333,40.633333,Brindisian amphora,LANINIVS,1,-125,-25
40406,Brindisi,Italia,17.933333,40.633333,Brindisian amphora,LIBON,1,-125,-25
35401,Canale Giancola,Italia,17.85,40.683333,Brindisian amphora,MENOPHIL,1,-125,-25
26233,Ostia Antica,Italia,12.283333,41.75,Africana 1A pic.,FANFORTCOLHADR,0,,
37282,Canale Giancola,Italia,17.85,40.683333,Brindisian amphora,DEMETRI,1,-125,-25
40040,Brindisi,Italia,17.933333,40.633333,Brindisian amphora,BAHANO,1,-125,-25
39300,Brindisi,Italia,17.933333,40.633333,Brindisian amphora,APOLLONIMA,1,-125,-25
35514,Canale Giancola,Italia,17.85,40.683333,Brindisian amphora,SCOPAS,1,-125,-25
37899,Brindisi,Italia,17.933333,40.633333,Brindisian amphora,DIODOTI,1,-125,-25
40891,Brindisi,Italia,17.933333,40.633333,Brindisian amphora,STR,1,-125,-25
34295,Provincia di Parma,Italia,10.083333,44.7,Amphora incerta,ACSACIS,0,,
39307,Brindisi,Italia,17.933333,40.633333,Brindisian amphora,APOLLONIMA,1,-125,-25
37357,Canale Giancola,Italia,17.85,40.683333,Brindisian amphora,PTOLEMAEI,1,-125,-25
35910,Canale Giancola,Italia,17.85,40.683333,Brindisian amphora,LMARCISATVR,1,-125,-25
35481,Canale Giancola,Italia,17.85,40.683333,Brindisian amphora,SCOPAS,1,-125,-25
9672,Padova,Italia,11.883333,45.416667,Amphora incerta,AEB,0,,
37532,Canale Giancola,Italia,17.85,40.683333,Brindisian amphora,VISELLI,1,-125,-25
36956,Sardegna,Corsica et Sardinia,8.5,40.083333,Amphora incerta,TVCCILFTROCALEONIS,0,,
35610,Canale Giancola,Italia,17.85,40.683333,Brindisian amphora,VISELLI,1,-125,-25
40147,Brindisi,Italia,17.933333,40.633333,Brindisian amphora,DAMAS,1,-125,-25
34612,Canale Giancola,Italia,17.85,40.683333,Brindisian amphora,APELLESAEH,1,-125,-25
38469,Brindisi,Italia,17.933333,40.633333,Brindisian amphora,APELAES,1,-125,-25
10566,Altino,Italia,12.393333,45.544444,Dressel ante 6B,PQSCAPVLAE,0,,
34819,Canale Giancola,Italia,17.85,40.683333,Brindisian amphora,APOLONI,1,-125,-25
34594,Canale Giancola,Italia,17.85,40.683333,Brindisian amphora,APELLAE,1,-125,-25
38232,Brindisi,Italia,17.933333,40.633333,Brindisian amphora,VEHILI,1,-125,-25
38261,Brindisi,Italia,17.933333,40.633333,Brindisian amphora,VEHILI,1,-125,-25
20302,Ostia Antica,Italia,12.283333,41.75,Dressel 20,PNN,0,,
38399,Brindisi,Italia,17.933333,40.633333,Brindisian amphora,ANTIOCOS,1,-125,-25
34748,Canale Giancola,Italia,17.85,40.683333,Brindisian amphora,APOLONIDA,1,-125,-25
40570,Taranto,Italia,17.229722,40.476111,Lamboglia 2,MENOP,1,-125,-25
25020,Pompeya,Italia,14.483333,40.75,Haltern 70,CCIVL,0,,
25275,Sardegna,Corsica et Sardinia,8.44,39.881944,Dressel 20,LANTEISVRI,0,,
37909,Lecce,Italia,18.183333,40.383333,Brindisian amphora,LLVCI,1,-125,-25
33834,Albinia,Italia,11.25,42.5,Dressel 1C,ARS,1,-150,-1
40856,Brindisi,Italia,17.933333,40.633333,Brindisian amphora,SOTERICO,1,-125,-25
35681,Canale Giancola,Italia,17.85,40.683333,Brindisian amphora,VISELLI,1,-125,-25
36857,Vicenza,Italia,11.55,45.55,Dressel 6B,QSA,1,-50,-1
35269,Canale Giancola,Italia,17.85,40.683333,Brindisian amphora,LVCAO,1,-125,-25
32788,Padova,Italia,11.883333,45.416667,Amphora incerta,OR,0,,
36817,Vicenza,Italia,11.55,45.55,Dressel 6B,ADEL,1,-50,-1
32629,Oderzo,Italia,12.488056,45.78,Dressel 6B,QGPHE,1,-50,-1
41012,Brindisi,Italia,17.933333,40.633333,Brindisian amphora,ANINIANA,1,-125,-25
40865,Brindisi,Italia,17.933333,40.633333,Brindisian amphora,SOTERICO,1,-125,-25
32767,Padova,Italia,11.883333,45.416667,Dressel 6B,HER,1,-50,-1
40841,Brindisi,Italia,17.933333,40.633333,Brindisian amphora,SOTERICSOTERIX,1,-125,-25
35927,Canale Giancola,Italia,17.85,40.683333,Brindisian amphora,LMARCISATVR,1,-125,-25
4663,Este,Italia,11.65,45.233333,Lamboglia 2,DIOG,1,-125,-25
37266,Canale Giancola,Italia,17.85,40.683333,Brindisian amphora,CHARITON,1,-125,-25
36785,Vicenza,Italia,11.55,45.55,Dressel 6B,AICI,1,-50,-1
40479,Brindisi,Italia,17.933333,40.633333,Brindisian amphora,MENECRATES,1,-125,-25
35299,Canale Giancola,Italia,17.85,40.683333,Brindisian amphora,LVKAON,1,-125,-25
32634,Oderzo,Italia,12.488056,45.78,Dressel 6B,CLAEKBASS,1,-50,-1
34537,Canale Giancola,Italia,17.85,40.683333,Brindisian amphora,APELLAE,1,-125,-25
37437,Canale Giancola,Italia,17.85,40.683333,Brindisian amphora,VISELLI,1,-125,-25
35036,Canale Giancola,Italia,17.85,40.683333,Brindisian amphora,DEMETRI,1,-125,-25
33104,Lilibeo,Sicilia,12.416667,37.8,Greco-Itálica,TRLOISIO,1,-400,-100
36124,Santa Severa,Italia,11.95,42.033333,Dressel 1B,HERM,1,-150,-1
35262,Canale Giancola,Italia,17.85,40.683333,Brindisian amphora,LVCAO,1,-125,-25
9634,Padova,Italia,11.883333,45.416667,Dressel 6B,LAEK,1,-50,-1
28272,Ostia Antica,Italia,12.283333,41.75,Dressel 20,CNACOR,0,,
37305,Canale Giancola,Italia,17.85,40.683333,Brindisian amphora,EPIGENVS,1,-125,-25
35582,Canale Giancola,Italia,17.85,40.683333,Brindisian amphora,STABVAS,1,-125,-25
23053,Tortona,Italia,8.866667,44.9,Dressel 6B,LIVNIPAETI,1,-50,-1
37785,Brindisi,Italia,17.933333,40.633333,Brindisian amphora,APPVLEI,1,-125,-25
28235,Ostia Antica,Italia,12.283333,41.75,Dressel 20,PNN,0,,
41052,Brindisi,Italia,17.933333,40.633333,Brindisian amphora,ANINIANA,1,-125,-25
32844,Padova,Italia,11.883333,45.416667,Dressel 6B,LIVI,1,-50,-1
34182,Provincia di Parma,Italia,10.083333,44.7,Amphora incerta,ATI,0,,
34620,Canale Giancola,Italia,17.85,40.683333,Brindisian amphora,APOLLONID,1,-125,-25
35955,Canale Giancola,Italia,17.85,40.683333,Brindisian amphora,CNPETROSOSTR,1,-125,-25
34251,Piacenza,Italia,9.583333,44.883333,Amphora incerta,PAPIAHOS,0,,
40396,Brindisi,Italia,17.933333,40.633333,Brindisian amphora,LEONTISCVS,1,-125,-25
35689,Canale Giancola,Italia,17.85,40.683333,Brindisian amphora,VISELLI,1,-125,-25
18595,Îles Lavezzi,Corsica et Sardinia,9.254185,41.341096,Dressel 2-4 Catalan,VIC,1,-30,-1
34799,Canale Giancola,Italia,17.85,40.683333,Brindisian amphora,APOLLONIDES,1,-125,-25
5207,Ostia Antica,Italia,12.283333,41.75,Tripolitanian 3,AVGN,0,,
26217,Ostia Antica,Italia,12.283333,41.75,Africana 2,CCF,0,,
27221,Luni,Italia,9.983333,44.066667,Keay 16,QETAVR,0,,
32603,Oderzo,Italia,12.488056,45.78,Dressel 6B,TPAVI,1,-50,-1
4849,Villetelle,Italia,6.883333,44.066667,Gauloise 1,LAET,0,,
41078,Brindisi,Italia,17.933333,40.633333,Brindisian amphora,ANINIANA,1,-125,-25
32684,Pegognaga,Italia,10.85,45.0,Dressel 6B,LAEK,1,-50,-1
40625,Brindisi,Italia,17.933333,40.633333,Brindisian amphora,PERDICAS,1,-125,-25
35653,Canale Giancola,Italia,17.85,40.683333,Brindisian amphora,VISELLI,1,-125,-25
37747,Brindisi,Italia,17.933333,40.633333,Brindisian amphora,LANINIVS,1,-125,-25
40956,Brindisi,Italia,17.933333,40.633333,Brindisian amphora,ANINIANA,1,-125,-25
40169,Brindisi,Italia,17.933333,40.633333,Brindisian amphora,DASI,1,-125,-25
32855,Padova,Italia,11.883333,45.416667,Dressel 6B,APPVLCR,1,-50,-1
37365,Canale Giancola,Italia,17.85,40.683333,Brindisian amphora,PTOLEMAEI,1,-125,-25
35534,Canale Giancola,Italia,17.85,40.683333,Brindisian amphora,SCOPAS,1,-125,-25
34528,Canale Giancola,Italia,17.85,40.683333,Brindisian amphora,ANDRONICI,1,-125,-25
36734,Padova,Italia,11.883333,45.416667,Dressel 6B,FELIXSCR,1,-50,-1
37769,Brindisi,Italia,17.933333,40.633333,Brindisian amphora,LANINI,1,-125,-25
38138,Brindisi,Italia,17.933333,40.633333,Brindisian amphora,VEHILI,1,-125,-25
37420,Canale Giancola,Italia,17.85,40.683333,Brindisian amphora,VISELLI,1,-125,-25
37983,Brindisi,Italia,17.933333,40.633333,Brindisian amphora,LPVBLILI,1,-125,-25
38425,Brindisi,Italia,17.933333,40.633333,Brindisian amphora,APELLA,1,-125,-25
37915,Brindisi,Italia,17.933333,40.633333,Brindisian amphora,LLVCI,1,-125,-25
37477,Canale Giancola,Italia,17.85,40.683333,Brindisian amphora,VISELLI,1,-125,-25
25373,Cosa,Italia,12.896389,46.057778,Dressel 1A,APOL,1,-150,-1
36741,Padova,Italia,11.883333,45.416667,Dressel 6B,CAESIL,1,-50,-1
26372,Ljubljana (Emona),Italia,14.514444,46.055278,Dressel 6B,APIC,1,-50,-1
32770,Padova,Italia,11.883333,45.416667,Dressel 6B,LAEK,1,-50,-1
34839,Canale Giancola,Italia,17.85,40.683333,Brindisian amphora,APOLONI,1,-125,-25
40118,Brindisi,Italia,17.933333,40.633333,Brindisian amphora,DAMA,1,-125,-25
33457,Cesena,Italia,12.249722,44.143333,Dressel 6A,TETTI,1,-50,-1
9683,Padova,Italia,11.883333,45.416667,Amphora incerta,VMBRI,0,,
33044,Padova,Italia,11.883333,45.416667,Dressel 6B,IMP,1,-50,-1
35291,Canale Giancola,Italia,17.85,40.683333,Brindisian amphora,LVKAON,1,-125,-25
9679,Padova,Italia,11.883333,45.416667,Amphora incerta,AM,0,,
4883,Taranto,Italia,17.229722,40.476111,Lamboglia 2,EPICRFAB,1,-125,-25
40349,Brindisi,Italia,17.933333,40.633333,Brindisian amphora,KEPHALONOSKEFALONOS,1,-125,-25
36847,Vicenza,Italia,11.55,45.55,Dressel 6B,VI,1,-50,-1
18581,Îles Lavezzi,Corsica et Sardinia,9.254185,41.341096,Dressel 2-4 Catalan,VIC,1,-30,-1
35883,Canale Giancola,Italia,17.85,40.683333,Brindisian amphora,PROTAGATHVS,1,-125,-25
37488,Canale Giancola,Italia,17.85,40.683333,Brindisian amphora,VISELLI,1,-125,-25
34769,Canale Giancola,Italia,17.85,40.683333,Brindisian amphora,APOLLONIDES,1,-125,-25
40038,Brindisi,Italia,17.933333,40.633333,Brindisian amphora,BAHANO,1,-125,-25
29351,Ostia Antica,Italia,12.283333,41.75,Dressel 20,FMFP,0,,
16687,Este,Italia,11.65,45.233333,Dressel 6B,SEPVLLIVM,1,-50,-1
40030,Brindisi,Italia,17.933333,40.633333,Brindisian amphora,BAHANO,1,-125,-25
35472,Canale Giancola,Italia,17.85,40.683333,Brindisian amphora,SCOPAS,1,-125,-25
13833,Vercelli,Italia,8.416667,45.316667,Dressel 6B,DAETH,1,-50,-1
40670,Brindisi,Italia,17.933333,40.633333,Brindisian amphora,PILEMO,1,-125,-25
32751,Padova,Italia,11.883333,45.416667,Dressel 6B,ADEL,1,-50,-1
34773,Canale Giancola,Italia,17.85,40.683333,Brindisian amphora,APOLLONIDES,1,-125,-25
35942,Canale Giancola,Italia,17.85,40.683333,Brindisian amphora,OCT,1,-125,-25
37756,Brindisi,Italia,17.933333,40.633333,Brindisian amphora,LANINIVS,1,-125,-25
34491,Gonnesa,Corsica et Sardinia,8.471111,39.265278,Dressel 20,AVRELIHERACLAE,0,,
33934,Albinia,Italia,11.25,42.5,Dressel 1C,L,1,-150,-1
37579,Canale Giancola,Italia,17.85,40.683333,Brindisian amphora,DEMETRI,1,-125,-25
29328,Ostia Antica,Italia,12.283333,41.75,Dressel 20,LFF,0,,
4781,Brindisi,Italia,17.933333,40.633333,Brindisian amphora,CTESO,1,-125,-25
37599,Brindisi,Italia,17.933333,40.633333,Brindisian amphora,LUKAON,1,-125,-25
34642,Canale Giancola,Italia,17.85,40.683333,Brindisian amphora,APOLLONID,1,-125,-25
38169,Brindisi,Italia,17.933333,40.633333,Brindisian amphora,VEHILI,1,-125,-25
35657,Canale Giancola,Italia,17.85,40.683333,Brindisian amphora,VISELLI,1,-125,-25
31710,Pompeya,Italia,14.483333,40.75,Amphora incerta,AYSIOES,0,,
9726,Milano,Italia,9.2,45.466667,Lamboglia 2,ANTIOC,1,-125,-25
35227,Canale Giancola,Italia,17.85,40.683333,Brindisian amphora,HERMAISCI,1,-125,-25
32628,Pegognaga,Italia,10.85,45.0,Dressel 6A,LLAETARG,1,-50,-1
33131,Erice,Sicilia,12.583333,38.033333,Dressel 1,ISID,1,-150,-1
36840,Vicenza,Italia,11.55,45.55,Dressel 6B,LAE,1,-50,-1
34501,Canale Giancola,Italia,17.85,40.683333,Brindisian amphora,AENEAS,1,-125,-25
26173,Porto Torres,Corsica et Sardinia,8.397222,40.835,Africana 2D Grande,COLLFRTS,0,,
37700,Brindisi,Italia,17.933333,40.633333,Brindisian amphora,CANINI,1,-125,-25
35135,Canale Giancola,Italia,17.85,40.683333,Brindisian amphora,DIOCLES,1,-125,-25
20349,Ostia Antica,Italia,12.283333,41.75,Dressel 20,LFC,0,,
40810,Brindisi,Italia,17.933333,40.633333,Brindisian amphora,SOC,1,-125,-25
34589,Canale Giancola,Italia,17.85,40.683333,Brindisian amphora,APELLAE,1,-125,-25
3697,Ostia Antica,Italia,12.283333,41.75,Dressel 20,SPPNN,0,,
20375,Tortona,Italia,8.866667,44.9,Amphora incerta,OCELI,0,,
40419,Brindisi,Italia,17.933333,40.633333,Brindisian amphora,LVCRIOAPPVLEI,1,-125,-25
33876,Albinia,Italia,11.25,42.5,Dressel 1C,DAS,1,-150,-1
37458,Canale Giancola,Italia,17.85,40.683333,Brindisian amphora,VISELLI,1,-125,-25
37334,Canale Giancola,Italia,17.85,40.683333,Brindisian amphora,MANISA,1,-125,-25
37459,Canale Giancola,Italia,17.85,40.683333,Brindisian amphora,VISELLI,1,-125,-25
36855,Vicenza,Italia,11.55,45.55,Dressel 6B,VMBRICVM,1,-50,-1
28463,Padova,Italia,11.883333,45.416667,Dressel 6B,IVNPAETIN,1,-50,-1
36860,Vicenza,Italia,11.55,45.55,Dressel 6B,CLDI,1,-50,-1
35912,Canale Giancola,Italia,17.85,40.683333,Brindisian amphora,LMARCISATVR,1,-125,-25
32654,Oderzo,Italia,12.488056,45.78,Dressel 6B,BAS,1,-50,-1
9622,Padova,Italia,11.883333,45.416667,Dressel 6A,LTR,1,-50,-1
36758,Vicenza,Italia,11.55,45.55,Dressel 6A,BAR,1,-50,-1
10546,Altino,Italia,12.393333,45.544444,Dressel 6B,PPVLC,1,-50,-1
35444,Canale Giancola,Italia,17.85,40.683333,Brindisian amphora,SCOPAS,1,-125,-25
34305,Viterbo,Italia,12.083333,42.416667,Amphora incerta,CVS,0,,
35793,Canale Giancola,Italia,17.85,40.683333,Brindisian amphora,VISELLI,1,-125,-25
23136,Tortona,Italia,8.866667,44.9,Dressel 6B,ACRISPIN,1,-50,-1
40245,Brindisi,Italia,17.933333,40.633333,Brindisian amphora,EPICADVS,1,-125,-25
39194,Brindisi,Italia,17.933333,40.633333,Brindisian amphora,APOLONI,1,-125,-25
39283,Brindisi,Italia,17.933333,40.633333,Brindisian amphora,APOLLONI,1,-125,-25
25398,Cosa,Italia,12.896389,46.057778,Dressel 1A,PALMA,1,-150,-1
23268,Tortona,Italia,8.866667,44.9,Lamboglia 2,PLATO,1,-125,-25
40505,Brindisi,Italia,17.933333,40.633333,Brindisian amphora,MENECRATES,1,-125,-25
35014,Canale Giancola,Italia,17.85,40.683333,Brindisian amphora,DEMETRI,1,-125,-25
38172,Brindisi,Italia,17.933333,40.633333,Brindisian amphora,VEHILI,1,-125,-25
34719,Canale Giancola,Italia,17.85,40.683333,Brindisian amphora,APOLONIDA,1,-125,-25
4666,Este,Italia,11.65,45.233333,Lamboglia 2,C,1,-125,-25
41029,Brindisi,Italia,17.933333,40.633333,Brindisian amphora,ANINIANA,1,-125,-25
33063,Erice,Sicilia,12.583333,38.033333,Greco-Itálica,NALFI,1,-400,-100
32784,Padova,Italia,11.883333,45.416667,Dressel 6B,LAE,1,-50,-1
26196,Ostia Antica,Italia,12.283333,41.75,Africana,CTAVCRET,0,,
35233,Canale Giancola,Italia,17.85,40.683333,Brindisian amphora,LIBO,1,-125,-25
18578,Îles Lavezzi,Corsica et Sardinia,9.254185,41.341096,Dressel 2-4 Catalan,ALEX,1,-30,-1
39318,Brindisi,Italia,17.933333,40.633333,Brindisian amphora,APOLNVEB,1,-125,-25
38325,Brindisi,Italia,17.933333,40.633333,Brindisian amphora,VEHILI,1,-125,-25
37959,Brindisi,Italia,17.933333,40.633333,Brindisian amphora,QOBVLTRON,1,-125,-25
35313,Canale Giancola,Italia,17.85,40.683333,Brindisian amphora,LVKAON,1,-125,-25
9667,Padova,Italia,11.883333,45.416667,Amphora incerta,OTAM,0,,
32318,Padova,Italia,11.883333,45.416667,Dressel 6A,EFLH,1,-50,-1
36975,Sicilia,Sicilia,13.583333,37.816667,Amphora incerta,OIVMVA,0,,
25277,Sardegna,Corsica et Sardinia,8.44,39.881944,Amphora incerta,AO,0,,
35831,Canale Giancola,Italia,17.85,40.683333,Brindisian amphora,CERDO,1,-125,-25
40475,Brindisi,Italia,17.933333,40.633333,Brindisian amphora,MENECRATES,1,-125,-25
4667,Este,Italia,11.65,45.233333,Lamboglia 2,ATTA,1,-125,-25
37233,Isola di Giannutri,Italia,11.1,42.25,Dolium,CASSIUSFECIT,0,,
26192,Ostia Antica,Italia,12.283333,41.75,Africana 2D Grande,ASVLLMAR,0,,
36948,Siracusa,Sicilia,15.3,37.066667,Amphora incerta,PCVR,0,,
39964,Ostia Antica,Italia,12.283333,41.75,Amphora incerta,FST,0,,
40734,Brindisi,Italia,17.933333,40.633333,Brindisian amphora,PTOLEMAE,1,-125,-25
20377,Tortona,Italia,8.866667,44.9,Amphora incerta,MAR,0,,
35787,Canale Giancola,Italia,17.85,40.683333,Brindisian amphora,VISELLI,1,-125,-25
26206,Ostia Antica,Italia,12.283333,41.75,Africana 2D Grande,CLEPTSCD,0,,
37806,Brindisi,Italia,17.933333,40.633333,Brindisian amphora,APPVLEI,1,-125,-25
38222,Brindisi,Italia,17.933333,40.633333,Brindisian amphora,VEHILI,1,-125,-25
9672,Padova,Italia,11.883333,45.416667,Amphora incerta,CMI,0,,
33742,Ostiglia,Italia,11.133333,45.066667,Dressel 6A,SAFINIAEPICE,1,-50,-1
40598,Brindisi,Italia,17.933333,40.633333,Brindisian amphora,ORESTELENTVLO,1,-125,-25
40164,Brindisi,Italia,17.933333,40.633333,Brindisian amphora,DASI,1,-125,-25
35408,Canale Giancola,Italia,17.85,40.683333,Brindisian amphora,MENOPHIL,1,-125,-25
9568,Padova,Italia,11.883333,45.416667,Lamboglia 2,CLICABI,1,-125,-25
35465,Canale Giancola,Italia,17.85,40.683333,Brindisian amphora,SCOPAS,1,-125,-25
37981,Brindisi,Italia,17.933333,40.633333,Brindisian amphora,LPVBLILI,1,-125,-25
37990,Brindisi,Italia,17.933333,40.633333,Brindisian amphora,MVRVDI,1,-125,-25
10572,Altino,Italia,12.393333,45.544444,Dressel 6B,PQSCAPVLAE,1,-50,-1
9754,Calvatone,Italia,10.433333,45.116667,Lamboglia 2,DIODFAR,1,-125,-25
9724,Milano,Italia,9.2,45.466667,Lamboglia 2,ANTIO,1,-125,-25
25842,Ostia Antica,Italia,12.283333,41.75,Dressel 20,POROCODV,0,,
40282,Brindisi,Italia,17.933333,40.633333,Brindisian amphora,HPAIOC,1,-125,-25
35366,Canale Giancola,Italia,17.85,40.683333,Brindisian amphora,LVKAON,1,-125,-25
4780,Brindisi,Italia,17.933333,40.633333,Brindisian amphora,DAMAS,1,-125,-25
37550,Canale Giancola,Italia,17.85,40.683333,Brindisian amphora,VISELLI,1,-125,-25
34314,Ozzano,Italia,11.466667,44.45,Amphora incerta,OMI,0,,
33734,Ostiglia,Italia,11.133333,45.066667,Dressel 6B,LIVNIPAETI,1,-50,-1
26381,Parenzo (Porec),Italia,13.593889,45.225833,Dressel 6B,CRISPINILI,1,-50,-1
37417,Canale Giancola,Italia,17.85,40.683333,Brindisian amphora,VISELLI,1,-125,-25
33697,Modena,Italia,13.033333,45.833333,Dressel 6A,MHERPRISC,1,-50,-1
34815,Canale Giancola,Italia,17.85,40.683333,Brindisian amphora,APOLONI,1,-125,-25
40855,Brindisi,Italia,17.933333,40.633333,Brindisian amphora,SOTERICO,1,-125,-25
37656,Brindisi,Italia,17.933333,40.633333,Brindisian amphora,GAIOSANINI,1,-125,-25
26489,Ostia Antica,Italia,12.283333,41.75,Dressel 20,CAERARIA,0,,
32623,Oderzo,Italia,12.488056,45.78,Dressel 6B,FELICIO,1,-50,-1
35940,Canale Giancola,Italia,17.85,40.683333,Brindisian amphora,LMARCISATVR,1,-125,-25
37491,Canale Giancola,Italia,17.85,40.683333,Brindisian amphora,VISELLI,1,-125,-25
35119,Canale Giancola,Italia,17.85,40.683333,Brindisian amphora,DIOCLES,1,-125,-25
35712,Canale Giancola,Italia,17.85,40.683333,Brindisian amphora,VISELLI,1,-125,-25
34805,Canale Giancola,Italia,17.85,40.683333,Brindisian amphora,APOLLONIDES,1,-125,-25
33869,Albinia,Italia,11.25,42.5,Dressel 1C,DAS,1,-150,-1
37596,Canale Giancola,Italia,17.85,40.683333,Brindisian amphora,LIBO,1,-125,-25
36743,Padova,Italia,11.883333,45.416667,Dressel 6B,GH,1,-50,-1
32175,Ascoli Satriano,Italia,15.566667,41.2,Rodia,EYKLEITOY,0,,
40422,Brindisi,Italia,17.933333,40.633333,Brindisian amphora,LVCRIOAPPVLEI,1,-125,-25
40231,Brindisi,Italia,17.933333,40.633333,Brindisian amphora,EIKADIO,1,-125,-25
35828,Canale Giancola,Italia,17.85,40.683333,Brindisian amphora,CERDO,1,-125,-25
33665,Due Maestà,Italia,11.0,44.75,Dressel 6,COPONI,0,,
34238,Provincia di Parma,Italia,10.083333,44.7,Amphora incerta,IVNPATEN,0,,
34309,Provincia di Parma,Italia,10.083333,44.7,Amphora incerta,LAE,0,,
40032,Brindisi,Italia,17.933333,40.633333,Brindisian amphora,BAHANO,1,-125,-25
26545,Île Cavallo,Corsica et Sardinia,9.262903,41.368374,Dressel 2-4 Catalan,A,1,-30,-1
25377,Cosa,Italia,12.896389,46.057778,Dressel 1A,MNMN,1,-150,-1
40635,Brindisi,Italia,17.933333,40.633333,Brindisian amphora,PERDICAS,1,-125,-25
33825,Albinia,Italia,11.25,42.5,Greco-Itálica,SOTIC,1,-400,-100
40262,Brindisi,Italia,17.933333,40.633333,Brindisian amphora,HPAIOC,1,-125,-25
40121,Brindisi,Italia,17.933333,40.633333,Brindisian amphora,DAMA,1,-125,-25
40136,Brindisi,Italia,17.933333,40.633333,Brindisian amphora,DAMA,1,-125,-25
9785,Milano,Italia,9.2,45.466667,Lamboglia 2,MAHES,1,-125,-25
38170,Brindisi,Italia,17.933333,40.633333,Brindisian amphora,VEHILI,1,-125,-25
28332,Ostia Antica,Italia,12.283333,41.75,Dressel 20,IIIMINICIOR,0,,
35120,Canale Giancola,Italia,17.85,40.683333,Brindisian amphora,DIOCLES,1,-125,-25
37920,Brindisi,Italia,17.933333,40.633333,Brindisian amphora,LLVC,1,-125,-25
37665,Brindisi,Italia,17.933333,40.633333,Brindisian amphora,CANINI,1,-125,-25
37711,Brindisi,Italia,17.933333,40.633333,Brindisian amphora,CANINI,1,-125,-25
21090,Tournus,Italia,6.75,44.466667,Dressel 1,D,1,-150,-1
20305,Ostia Antica,Italia,12.283333,41.75,Dressel 20,PNN,0,,
35662,Canale Giancola,Italia,17.85,40.683333,Brindisian amphora,VISELLI,1,-125,-25
18597,Îles Lavezzi,Corsica et Sardinia,9.254185,41.341096,Dressel 2-4 Catalan,QVAD,1,-30,-1
35335,Canale Giancola,Italia,17.85,40.683333,Brindisian amphora,LVKAON,1,-125,-25
26140,Ordona,Italia,15.616667,41.316667,Dressel 6B,TFLAVFONTAN,1,-50,-1
37378,Canale Giancola,Italia,17.85,40.683333,Brindisian amphora,SCOPAS,1,-125,-25
32697,Oderzo,Italia,12.488056,45.78,Dressel 6B,LAEL,1,-50,-1
23165,Tortona,Italia,8.866667,44.9,Dressel 6B,MALLITITIASVL,1,-50,-1
9635,Padova,Italia,11.883333,45.416667,Dressel 6B,AMETHIST,1,-50,-1
34721,Canale Giancola,Italia,17.85,40.683333,Brindisian amphora,APOLONIDA,1,-125,-25
38351,Brindisi,Italia,17.933333,40.633333,Brindisian amphora,VEHILI,1,-125,-25
34492,Gonnesa,Corsica et Sardinia,8.471111,39.265278,Dressel 20,VISVHPCSV,0,,
40786,Brindisi,Italia,17.933333,40.633333,Brindisian amphora,PVLADE,1,-125,-25
34549,Canale Giancola,Italia,17.85,40.683333,Brindisian amphora,APELLAE,1,-125,-25
33813,Albinia,Italia,11.25,42.5,Greco-Itálica,MAHE,1,-400,-100
40183,Brindisi,Italia,17.933333,40.633333,Brindisian amphora,DEMETRI,1,-125,-25
32819,Padova,Italia,11.883333,45.416667,Dressel 6B,IVNIPAETIN,1,-50,-1
32871,Padova,Italia,11.883333,45.416667,Dressel 6B,VARIPACC,1,-50,-1
18654,Îles Perduto,Corsica et Sardinia,9.305129,41.369872,Dressel 2-4 Catalan,CISSI,1,-30,-1
35629,Canale Giancola,Italia,17.85,40.683333,Brindisian amphora,VISELLI,1,-125,-25
9608,Padova,Italia,11.883333,45.416667,Operculum,AOL,0,,
26131,Trinitapoli,Italia,16.083333,41.35,Lamboglia 2,DIODFE,1,-125,-25
35969,Canale Giancola,Italia,17.85,40.683333,Brindisian amphora,CNPETROSOSTR,1,-125,-25
25080,Aquileia,Italia,13.368333,45.770278,Lamboglia 2,LTAR,1,-125,-25
37438,Canale Giancola,Italia,17.85,40.683333,Brindisian amphora,VISELLI,1,-125,-25
26139,Ordona,Italia,15.616667,41.316667,Dressel 6A,THB,1,-50,-1
40531,Brindisi,Italia,17.933333,40.633333,Brindisian amphora,MENOPILVS,1,-125,-25
33671,Umbria,Italia,12.55,43.05,Amphora incerta,MIM,0,,
37435,Canale Giancola,Italia,17.85,40.683333,Brindisian amphora,VISELLI,1,-125,-25
9653,Padova,Italia,11.883333,45.416667,Amphora incerta,LTREOPTAT,0,,
9719,Milano,Italia,9.2,45.466667,Lamboglia 2,AGATO,1,-125,-25
18581,Îles Lavezzi,Corsica et Sardinia,9.254185,41.341096,Dressel 2-4 Catalan,ALEX,1,-30,-1
33982,Trieste,Italia,13.766667,45.666667,Amphora incerta,CRISPINI,0,,
33769,Este,Italia,11.65,45.233333,Amphora incerta,EXSPECTGAVI,0,,
29607,Ostia Antica,Italia,12.283333,41.75,Dressel 20,QETSVSV,0,,
37709,Brindisi,Italia,17.933333,40.633333,Brindisian amphora,CANINI,1,-125,-25
28173,Ostia Antica,Italia,12.283333,41.75,Dressel 20,PORTO,0,,
9632,Padova,Italia,11.883333,45.416667,Dressel 6B,CAECBASS,1,-50,-1
34703,Canale Giancola,Italia,17.85,40.683333,Brindisian amphora,APOLONIDA,1,-125,-25
34795,Canale Giancola,Italia,17.85,40.683333,Brindisian amphora,APOLLONIDES,1,-125,-25
40828,Brindisi,Italia,17.933333,40.633333,Brindisian amphora,SOTERICSOTERIX,1,-125,-25
40662,Brindisi,Italia,17.933333,40.633333,Brindisian amphora,PILEMO,1,-125,-25
38478,Brindisi,Italia,17.933333,40.633333,Brindisian amphora,APELAES,1,-125,-25
40985,Brindisi,Italia,17.933333,40.633333,Brindisian amphora,ANINIANA,1,-125,-25
19478,Imperia,Italia,8.05,43.883333,Dressel 2-4 Catalan,ASCL,1,-30,-1
38199,Brindisi,Italia,17.933333,40.633333,Brindisian amphora,VEHILI,1,-125,-25
34288,Modena,Italia,10.9,44.5,Amphora incerta,VARACC,0,,
40730,Brindisi,Italia,17.933333,40.633333,Brindisian amphora,PTOLEMAE,1,-125,-25
29399,Ostia Antica,Italia,12.283333,41.75,Dressel 20,XIIIIHP,0,,
34277,Umbria,Italia,12.55,43.05,Amphora incerta,CS,0,,
28339,Ostia Antica,Italia,12.283333,41.75,Dressel 20,IICCLLM,0,,
38133,Brindisi,Italia,17.933333,40.633333,Brindisian amphora,VEHILI,1,-125,-25
4808,Canosa,Italia,16.066667,41.216667,Amphora incerta,LAVILLI,0,,
35346,Canale Giancola,Italia,17.85,40.683333,Brindisian amphora,LVKAON,1,-125,-25
35596,Canale Giancola,Italia,17.85,40.683333,Brindisian amphora,VISELLI,1,-125,-25
10518,Altino,Italia,12.393333,45.544444,Dressel 6A,MANIATTALI,1,-50,-1
40626,Brindisi,Italia,17.933333,40.633333,Brindisian amphora,PERDICAS,1,-125,-25
20341,Ostia Antica,Italia,12.283333,41.75,Amphora incerta,SIGNUM,0,,
25311,Sardegna,Corsica et Sardinia,8.44,39.881944,Operculum,CHRISMON,0,,
35818,Canale Giancola,Italia,17.85,40.683333,Brindisian amphora,VISELLI,1,-125,-25
32845,Padova,Italia,11.883333,45.416667,Dressel 6B,VE,1,-50,-1
37313,Canale Giancola,Italia,17.85,40.683333,Brindisian amphora,EPIGENEI,1,-125,-25
4695,Vibo Valentia,Italia,16.1,38.666667,Dressel 2-4,PRIMIGENI,1,-30,-1
34334,Arezzo,Italia,11.883333,43.416667,Amphora incerta,IOIONIKAYMYKNATO,0,,
36730,Padova,Italia,11.883333,45.416667,Dressel 6B,LAEK,1,-50,-1
28198,Ostia Antica,Italia,12.283333,41.75,Dressel 20,PNN,0,,
38335,Brindisi,Italia,17.933333,40.633333,Brindisian amphora,VEHILI,1,-125,-25
35182,Canale Giancola,Italia,17.85,40.683333,Brindisian amphora,HERMAISCI,1,-125,-25
32663,Oderzo,Italia,12.488056,45.78,Dressel 6B,CLAEKB,1,-50,-1
36918,Pompeya,Italia,14.483333,40.75,Amphora incerta,VOLVSIO,0,,
37424,Canale Giancola,Italia,17.85,40.683333,Brindisian amphora,VISELLI,1,-125,-25
36746,Padova,Italia,11.883333,45.416667,Dressel 6B,CLAEKBAS,1,-50,-1
33864,Albinia,Italia,11.25,42.5,Dressel 1C,DAS,1,-150,-1
32632,Oderzo,Italia,12.488056,45.78,Dressel 6B,CLAEK,1,-50,-1
34790,Canale Giancola,Italia,17.85,40.683333,Brindisian amphora,APOLLONIDES,1,-125,-25
37397,Canale Giancola,Italia,17.85,40.683333,Brindisian amphora,STABVA,1,-125,-25
38076,Brindisi,Italia,17.933333,40.633333,Brindisian amphora,VEHIL,1,-125,-25
39226,Brindisi,Italia,17.933333,40.633333,Brindisian amphora,APOLONI,1,-125,-25
4714,Ostia Antica,Italia,12.283333,41.75,Dressel 2-4 Catalan,TPIM,1,-30,-1
40705,Brindisi,Italia,17.933333,40.633333,Brindisian amphora,POSIDONIO,1,-125,-25
35279,Canale Giancola,Italia,17.85,40.683333,Brindisian amphora,LVCAON,1,-125,-25
4747,Brindisi,Italia,17.933333,40.633333,Brindisian amphora,LVCCO,1,-125,-25
35406,Canale Giancola,Italia,17.85,40.683333,Brindisian amphora,MENOPHIL,1,-125,-25
38067,Brindisi,Italia,17.933333,40.633333,Brindisian amphora,CVEILI,1,-125,-25
40616,Brindisi,Italia,17.933333,40.633333,Brindisian amphora,PERDICAS,1,-125,-25
34797,Canale Giancola,Italia,17.85,40.683333,Brindisian amphora,APOLLONIDES,1,-125,-25
40536,Brindisi,Italia,17.933333,40.633333,Brindisian amphora,MENOPILVS,1,-125,-25
25486,Capalbio,Italia,11.416667,42.45,Rodia Antiqua,MHNODOPOYEM,0,,
32763,Padova,Italia,11.883333,45.416667,Dressel 6B,CLAEKBASI,1,-50,-1
35829,Canale Giancola,Italia,17.85,40.683333,Brindisian amphora,CERDO,1,-125,-25
38230,Brindisi,Italia,17.933333,40.633333,Brindisian amphora,VEHILI,1,-125,-25
36123,Santa Severa,Italia,11.95,42.033333,Dressel 1B,LLENTVPF,1,-150,-1
38480,Brindisi,Italia,17.933333,40.633333,Brindisian amphora,APELAES,1,-125,-25
35133,Canale Giancola,Italia,17.85,40.683333,Brindisian amphora,DIOCLES,1,-125,-25
33080,Lilibeo,Sicilia,12.416667,37.8,Greco-Itálica,CARISTO,1,-400,-100
20123,Adria,Italia,12.057778,45.056389,Greco-Itálica,NAIMVA,1,-400,-100
34954,Canale Giancola,Italia,17.85,40.683333,Brindisian amphora,ARCHELA,1,-125,-25
40501,Brindisi,Italia,17.933333,40.633333,Brindisian amphora,MENECRATES,1,-125,-25
35080,Canale Giancola,Italia,17.85,40.683333,Brindisian amphora,DIOCLES,1,-125,-25
38348,Brindisi,Italia,17.933333,40.633333,Brindisian amphora,VEHILI,1,-125,-25
37549,Canale Giancola,Italia,17.85,40.683333,Brindisian amphora,VISELLI,1,-125,-25
33828,Albinia,Italia,11.25,42.5,Dressel 1,SOTIC,1,-150,-1
34364,Firenze,Italia,11.333333,43.833333,Operculum,TVIX,0,,
35176,Canale Giancola,Italia,17.85,40.683333,Brindisian amphora,DIOCLEI,1,-125,-25
33102,Erice,Sicilia,12.583333,38.033333,Greco-Itálica,TRLOISIO,1,-400,-100
38266,Brindisi,Italia,17.933333,40.633333,Brindisian amphora,VEHILI,1,-125,-25
36908,Pompeya,Italia,14.483333,40.75,Haltern 70,CCIVL,0,,
32642,Oderzo,Italia,12.488056,45.78,Dressel 6B,COM,1,-50,-1
28258,Ostia Antica,Italia,12.283333,41.75,Dressel 20,PNPHI,0,,
28390,Ostia Antica,Italia,12.283333,41.75,Dressel 20,LIM,0,,
9733,Milano,Italia,9.2,45.466667,Lamboglia 2,ATTALVS,1,-125,-25
18603,Îles Lavezzi,Corsica et Sardinia,9.254185,41.341096,Dressel 2-4 Catalan,LYA,1,-30,-1
32321,Padova,Italia,11.883333,45.416667,Dressel 2-4,BECMAE,1,-30,-1
4646,Este,Italia,11.65,45.233333,Dressel 6A,AVALERIFELIX,1,-50,-1
33853,Albinia,Italia,11.25,42.5,Dressel 1C,ARS,1,-150,-1
37476,Canale Giancola,Italia,17.85,40.683333,Brindisian amphora,VISELLI,1,-125,-25
33051,Padova,Italia,11.883333,45.416667,Dressel 6B,CLESBI,1,-50,-1
37790,Brindisi,Italia,17.933333,40.633333,Brindisian amphora,APPVLEI,1,-125,-25
18558,Île Cavallo,Corsica et Sardinia,9.262903,41.368374,Dressel 2-4 Catalan,PTE,1,-30,-1
35844,Canale Giancola,Italia,17.85,40.683333,Brindisian amphora,DAZIO,1,-125,-25
38331,Brindisi,Italia,17.933333,40.633333,Brindisian amphora,VEHILI,1,-125,-25
33932,Albinia,Italia,11.25,42.5,Dressel 1C,L,1,-150,-1
40459,Brindisi,Italia,17.933333,40.633333,Brindisian amphora,MENECRATES,1,-125,-25
20338,Ostia Antica,Italia,12.283333,41.75,Amphora incerta,CAVST,0,,
29394,Ostia Antica,Italia,12.283333,41.75,Dressel 20,MHICA,0,,
32883,Padova,Italia,11.883333,45.416667,Dressel 6B,IVNIPAETINI,1,-50,-1
25382,Cosa,Italia,12.896389,46.057778,Dressel 1A,SES,1,-150,-1
40836,Brindisi,Italia,17.933333,40.633333,Brindisian amphora,SOTERICSOTERIX,1,-125,-25
33698,Modena,Italia,13.033333,45.833333,Dressel 6B,PSEPVLLIPF,1,-50,-1
33768,Padova,Italia,11.816667,45.35,Amphora incerta,EXSPECTATGAVI,0,,
36820,Vicenza,Italia,11.55,45.55,Dressel 6B,DI,1,-50,-1
35063,Canale Giancola,Italia,17.85,40.683333,Brindisian amphora,DIOCLES,1,-125,-25
35583,Canale Giancola,Italia,17.85,40.683333,Brindisian amphora,STABVAS,1,-125,-25
35151,Canale Giancola,Italia,17.85,40.683333,Brindisian amphora,DIOCLES,1,-125,-25
26219,Ostia Antica,Italia,12.283333,41.75,Africana 2D Grande,CLST,0,,
4689,Modena,Italia,10.916667,44.666667,Dressel 6A,CCARFRONT,1,-50,-1
38419,Brindisi,Italia,17.933333,40.633333,Brindisian amphora,APELLES,1,-125,-25
34854,Canale Giancola,Italia,17.85,40.683333,Brindisian amphora,ARCHELA,1,-125,-25
33105,Lilibeo,Sicilia,12.416667,37.8,Greco-Itálica,TRLOISIO,1,-400,-100
33874,Albinia,Italia,11.25,42.5,Dressel 1C,DAS,1,-150,-1
41038,Brindisi,Italia,17.933333,40.633333,Brindisian amphora,ANINIANA,1,-125,-25
20319,Ostia Antica,Italia,12.283333,41.75,Africana 1 Piccolo,L,0,,
32890,Padova,Italia,11.883333,45.416667,Dressel 6A,BIDIENI,1,-50,-1
35820,Canale Giancola,Italia,17.85,40.683333,Brindisian amphora,VISELLI,1,-125,-25
35387,Canale Giancola,Italia,17.85,40.683333,Brindisian amphora,LVKAON,1,-125,-25
37966,Brindisi,Italia,17.933333,40.633333,Brindisian amphora,QOBVR,1,-125,-25
25774,Ostia Antica,Italia,12.283333,41.75,Dressel 20,ASVLEIANESE,0,,
29342,Ostia Antica,Italia,12.283333,41.75,Dressel 20,DFN,0,,
25812,Ljubljana (Emona),Italia,14.514444,46.055278,Dressel 6B,SISENNAE,1,-50,-1
34934,Canale Giancola,Italia,17.85,40.683333,Brindisian amphora,ARCHELA,1,-125,-25
26294,Nice,Italia,7.25952,43.713644,Africana 1A pic.,PAS,0,,
10524,Altino,Italia,12.393333,45.544444,Dressel 6A,THB,1,-50,-1
34976,Canale Giancola,Italia,17.85,40.683333,Brindisian amphora,ARCELAVI,1,-125,-25
36774,Vicenza,Italia,11.55,45.55,Dressel 6A,GALLUS,1,-50,-1
34170,Bologna,Italia,11.333333,44.483333,Amphora incerta,LANINISVRF,0,,
28222,Ostia Antica,Italia,12.283333,41.75,Dressel 20,PNN,0,,
4688,Modena,Italia,10.916667,44.666667,Dressel 6A,CRTE,1,-50,-1
20340,Ostia Antica,Italia,12.283333,41.75,Amphora incerta,V,0,,
33699,Modena,Italia,13.033333,45.833333,Operculum,AVAN,0,,
33051,Padova,Italia,11.883333,45.416667,Dressel 6B,IMPDOM,1,-50,-1
33130,Lilibeo,Sicilia,12.416667,37.8,Dressel 1,GENAIVS,1,-150,-1
32847,Padova,Italia,11.883333,45.416667,Dressel 8,CLANIAVCT,0,,
40081,Brindisi,Italia,17.933333,40.633333,Brindisian amphora,BATON,1,-125,-25
36764,Vicenza,Italia,11.55,45.55,Dressel 6A,MHEPICEN,1,-50,-1
33961,Bologna,Italia,11.433333,44.466667,Dressel 6A,NIMAR,1,-50,-1
18580,Îles Lavezzi,Corsica et Sardinia,9.254185,41.341096,Dressel 2-4 Catalan,ALEX,1,-30,-1
32790,Padova,Italia,11.883333,45.416667,Lamboglia 2,APPOLLO,1,-125,-25
33109,Erice,Sicilia,12.583333,38.033333,Greco-Itálica,NOV,1,-400,-100
35305,Canale Giancola,Italia,17.85,40.683333,Brindisian amphora,LVKAON,1,-125,-25
33963,Lodi Vecchio,Italia,9.4,45.3,Dressel 6B,LAEKVIAT,1,-50,-1
37347,Canale Giancola,Italia,17.85,40.683333,Brindisian amphora,MENOPHILI,1,-125,-25
37558,Canale Giancola,Italia,17.85,40.683333,Brindisian amphora,VISELLI,1,-125,-25
33927,Albinia,Italia,11.25,42.5,Dressel 1C,D,1,-150,-1
33794,Albinia,Italia,11.25,42.5,Greco-Itálica,APOL,1,-400,-100
7220,Ostia Antica,Italia,12.283333,41.75,Dressel 20,VRC,0,,
33676,Rubiera,Italia,10.783333,44.65,Amphora incerta,SOCRATCRAS,0,,
35246,Canale Giancola,Italia,17.85,40.683333,Brindisian amphora,LVCAO,1,-125,-25
33056,Pegognaga,Italia,10.85,45.0,Dressel 6B,COS,1,-50,-1
27079,Ostia Antica,Italia,12.283333,41.75,Dressel 20,SAXOFERR,0,,
35509,Canale Giancola,Italia,17.85,40.683333,Brindisian amphora,SCOPAS,1,-125,-25
41005,Brindisi,Italia,17.933333,40.633333,Brindisian amphora,ANINIANA,1,-125,-25
34578,Canale Giancola,Italia,17.85,40.683333,Brindisian amphora,APELLAE,1,-125,-25
38407,Brindisi,Italia,17.933333,40.633333,Brindisian amphora,APEICAE,1,-125,-25
37326,Canale Giancola,Italia,17.85,40.683333,Brindisian amphora,MANISA,1,-125,-25
35843,Canale Giancola,Italia,17.85,40.683333,Brindisian amphora,DAZIO,1,-125,-25
34494,Canale Giancola,Italia,17.85,40.683333,Brindisian amphora,AENEAS,1,-125,-25
33945,Albinia,Italia,11.25,42.5,Dressel 1C,L,1,-150,-1
39310,Brindisi,Italia,17.933333,40.633333,Brindisian amphora,APOLLON,1,-125,-25
23178,Tortona,Italia,8.866667,44.9,Dressel 6A,ARN,1,-50,-1
38312,Brindisi,Italia,17.933333,40.633333,Brindisian amphora,VEHILI,1,-125,-25
34908,Canale Giancola,Italia,17.85,40.683333,Brindisian amphora,ARCHELA,1,-125,-25
34731,Canale Giancola,Italia,17.85,40.683333,Brindisian amphora,APOLONIDA,1,-125,-25
38036,Brindisi,Italia,17.933333,40.633333,Brindisian amphora,CVEHILI,1,-125,-25
33757,Piadena,Italia,10.366667,45.133333,Lamboglia 2,MVMETE,1,-125,-25
29364,Ostia Antica,Italia,12.283333,41.75,Dressel 20,GFS,0,,
32290,Padova,Italia,11.883333,45.416667,Dressel 6B,CLAEKB,1,-50,-1
4771,Brindisi,Italia,17.933333,40.633333,Brindisian amphora,PILEMO,1,-125,-25
34685,Canale Giancola,Italia,17.85,40.683333,Brindisian amphora,APOLONIDA,1,-125,-25
37289,Canale Giancola,Italia,17.85,40.683333,Brindisian amphora,DEMETRI,1,-125,-25
38045,Brindisi,Italia,17.933333,40.633333,Brindisian amphora,CVEHILI,1,-125,-25
20317,Ostia Antica,Italia,12.283333,41.75,Africana,FLP,0,,
32278,Cremona,Italia,10.033333,45.116667,Lamboglia 2,EVNO,1,-125,-25
37953,Brindisi,Italia,17.933333,40.633333,Brindisian amphora,QOBVLTRON,1,-125,-25
40069,Brindisi,Italia,17.933333,40.633333,Brindisian amphora,BATON,1,-125,-25
28381,Ostia Antica,Italia,12.283333,41.75,Dressel 20,LIDFIT,0,,
35624,Canale Giancola,Italia,17.85,40.683333,Brindisian amphora,VISELLI,1,-125,-25
37555,Canale Giancola,Italia,17.85,40.683333,Brindisian amphora,VISELLI,1,-125,-25
8573,Vallebuona,Italia,9.116667,44.45,Greco-Itálica,PVRG,1,-400,-100
38214,Brindisi,Italia,17.933333,40.633333,Brindisian amphora,VEHILI,1,-125,-25
37746,Brindisi,Italia,17.933333,40.633333,Brindisian amphora,LANINIVS,1,-125,-25
35216,Canale Giancola,Italia,17.85,40.683333,Brindisian amphora,HERMAISCI,1,-125,-25
38377,Brindisi,Italia,17.933333,40.633333,Brindisian amphora,VHEILI,1,-125,-25
26157,Taranto,Italia,17.229722,40.476111,Lamboglia 2,OCT,1,-125,-25
37696,Brindisi,Italia,17.933333,40.633333,Brindisian amphora,CANINI,1,-125,-25
34229,Provincia di Parma,Italia,10.083333,44.7,Amphora incerta,MHERPIC,0,,
38249,Brindisi,Italia,17.933333,40.633333,Brindisian amphora,VEHILI,1,-125,-25
38365,Brindisi,Italia,17.933333,40.633333,Brindisian amphora,VEHILI,1,-125,-25
40865,Brindisi,Italia,17.933333,40.633333,Brindisian amphora,CADUCEUS,1,-125,-25
41004,Brindisi,Italia,17.933333,40.633333,Brindisian amphora,ANINIANA,1,-125,-25
34749,Canale Giancola,Italia,17.85,40.683333,Brindisian amphora,APOLONIDA,1,-125,-25
25397,Cosa,Italia,12.896389,46.057778,Dressel 1B,PALMA,1,-150,-1
25405,Cosa,Italia,12.896389,46.057778,Dressel 1B,IO,1,-150,-1
34313,Modena,Italia,10.9,44.5,Amphora incerta,NDE,0,,
35546,Canale Giancola,Italia,17.85,40.683333,Brindisian amphora,SCOPAS,1,-125,-25
35665,Canale Giancola,Italia,17.85,40.683333,Brindisian amphora,VISELLI,1,-125,-25
36929,Sardegna,Corsica et Sardinia,8.75,39.5,Amphora incerta,DEPREDIOAPOLLONI,0,,
35005,Canale Giancola,Italia,17.85,40.683333,Brindisian amphora,DAMATRI,1,-125,-25
40541,Brindisi,Italia,17.933333,40.633333,Brindisian amphora,MENOPILVS,1,-125,-25
20333,Ostia Antica,Italia,12.283333,41.75,Amphora incerta,PATR,0,,
36780,Vicenza,Italia,11.55,45.55,Dressel 6B,APICI,1,-50,-1
35808,Canale Giancola,Italia,17.85,40.683333,Brindisian amphora,VISELLI,1,-125,-25
19205,Giglio Porto,Italia,10.916667,42.366667,Africana,O,0,,
34840,Canale Giancola,Italia,17.85,40.683333,Brindisian amphora,APOLONI,1,-125,-25
9810,Milano,Italia,9.2,45.466667,Lamboglia 2,QAQVAVP,1,-125,-25
38184,Brindisi,Italia,17.933333,40.633333,Brindisian amphora,VEHILI,1,-125,-25
32843,Padova,Italia,11.883333,45.416667,Dressel 6B,ER,1,-50,-1
35170,Canale Giancola,Italia,17.85,40.683333,Brindisian amphora,DIOCLEI,1,-125,-25
32636,Oderzo,Italia,12.488056,45.78,Dressel 6B,CLYMEN,1,-50,-1
35437,Canale Giancola,Italia,17.85,40.683333,Brindisian amphora,SCOPAS,1,-125,-25
40158,Brindisi,Italia,17.933333,40.633333,Brindisian amphora,DAMAS,1,-125,-25
37480,Canale Giancola,Italia,17.85,40.683333,Brindisian amphora,VISELLI,1,-125,-25
18583,Îles Lavezzi,Corsica et Sardinia,9.254185,41.341096,Dressel 2-4 Catalan,ANDO,1,-30,-1
33848,Albinia,Italia,11.25,42.5,Dressel 1C,ARS,1,-150,-1
23093,Tortona,Italia,8.866667,44.9,Dressel 6B,CLAEKBAS,1,-50,-1
26232,Ostia Antica,Italia,12.283333,41.75,Africana 2D Grande,CLHDRFLC,0,,
38291,Brindisi,Italia,17.933333,40.633333,Brindisian amphora,VEHILI,1,-125,-25
37861,Brindisi,Italia,17.933333,40.633333,Brindisian amphora,LCORNELIQ,1,-125,-25
38070,Brindisi,Italia,17.933333,40.633333,Brindisian amphora,CVEILI,1,-125,-25
20309,Isola Sacra,Italia,12.25,41.75,Africana,LEP,0,,
36853,Vicenza,Italia,11.55,45.55,Dressel 6B,SISENNAE,1,-50,-1
37399,Canale Giancola,Italia,17.85,40.683333,Brindisian amphora,STABVA,1,-125,-25
4781,Brindisi,Italia,17.933333,40.633333,Brindisian amphora,CANINI,1,-125,-25
35611,Canale Giancola,Italia,17.85,40.683333,Brindisian amphora,VISELLI,1,-125,-25
35933,Canale Giancola,Italia,17.85,40.683333,Brindisian amphora,LMARCISATVR,1,-125,-25
34245,Bolsena,Italia,11.983333,42.65,Amphora incerta,ICMV,0,,
38369,Brindisi,Italia,17.933333,40.633333,Brindisian amphora,VEHILI,1,-125,-25
39188,Brindisi,Italia,17.933333,40.633333,Brindisian amphora,APOLLONID,1,-125,-25
34906,Canale Giancola,Italia,17.85,40.683333,Brindisian amphora,ARCHELA,1,-125,-25
25353,Vercelli,Italia,8.416667,45.316667,Dressel 6A,ARN,1,-50,-1
37812,Brindisi,Italia,17.933333,40.633333,Brindisian amphora,APPVLEI,1,-125,-25
37972,Brindisi,Italia,17.933333,40.633333,Brindisian amphora,LPVBLILI,1,-125,-25
38424,Brindisi,Italia,17.933333,40.633333,Brindisian amphora,APELLAA,1,-125,-25
40294,Brindisi,Italia,17.933333,40.633333,Brindisian amphora,EVTVCHI,1,-125,-25
32698,Oderzo,Italia,12.488056,45.78,Dressel 6B,MBAESI,1,-50,-1
33919,Albinia,Italia,11.25,42.5,Dressel 1C,D,1,-150,-1
33898,Albinia,Italia,11.25,42.5,Dressel 1C,DIS,1,-150,-1
40198,Brindisi,Italia,17.933333,40.633333,Brindisian amphora,DIODOTI,1,-125,-25
32869,Padova,Italia,11.883333,45.416667,Dressel 6B,VARIPACC,1,-50,-1
34770,Canale Giancola,Italia,17.85,40.683333,Brindisian amphora,APOLLONIDES,1,-125,-25
36161,Ancona,Italia,13.5,43.633333,Lamboglia 2,ALB,1,-125,-25
38311,Brindisi,Italia,17.933333,40.633333,Brindisian amphora,VEHILI,1,-125,-25
37831,Brindisi,Italia,17.933333,40.633333,Brindisian amphora,ACAESELIAFQ,1,-125,-25
12316,Susa,Italia,7.05,45.133333,Dressel 6B,LICI,1,-50,-1
40076,Brindisi,Italia,17.933333,40.633333,Brindisian amphora,BATON,1,-125,-25
35388,Canale Giancola,Italia,17.85,40.683333,Brindisian amphora,LVKAON,1,-125,-25
40785,Brindisi,Italia,17.933333,40.633333,Brindisian amphora,PVLADE,1,-125,-25
35298,Canale Giancola,Italia,17.85,40.683333,Brindisian amphora,LVKAON,1,-125,-25
33706,Concordia,Italia,10.983333,44.916667,Dressel 6B,LICITE,1,-50,-1
40372,Brindisi,Italia,17.933333,40.633333,Brindisian amphora,LEONTISCVS,1,-125,-25
34881,Canale Giancola,Italia,17.85,40.683333,Brindisian amphora,ARCHELA,1,-125,-25
32675,Oderzo,Italia,12.488056,45.78,Dressel 6B,CLAEKBASS,1,-50,-1
35221,Canale Giancola,Italia,17.85,40.683333,Brindisian amphora,HERMAISCI,1,-125,-25
38196,Brindisi,Italia,17.933333,40.633333,Brindisian amphora,VEHILI,1,-125,-25
40077,Brindisi,Italia,17.933333,40.633333,Brindisian amphora,BATON,1,-125,-25
36799,Vicenza,Italia,11.55,45.55,Dressel 6B,PAETI,1,-50,-1
32631,Oderzo,Italia,12.488056,45.78,Dressel 6B,LIVNIPAETI,1,-50,-1
37428,Canale Giancola,Italia,17.85,40.683333,Brindisian amphora,VISELLI,1,-125,-25
41040,Brindisi,Italia,17.933333,40.633333,Brindisian amphora,ANINIANA,1,-125,-25
34630,Canale Giancola,Italia,17.85,40.683333,Brindisian amphora,APOLLONID,1,-125,-25
35609,Canale Giancola,Italia,17.85,40.683333,Brindisian amphora,VISELLI,1,-125,-25
4545,Ostia Antica,Italia,12.283333,41.75,Dressel 20,FCCO,0,,
10494,Altino,Italia,12.393333,45.544444,Dressel 2-4,MPHIOAVTRONI,1,-30,-1
9637,Padova,Italia,11.883333,45.416667,Dressel 6B,VARIPAC,1,-50,-1
35878,Canale Giancola,Italia,17.85,40.683333,Brindisian amphora,PROTAGATHVS,1,-125,-25
21091,Tournus,Italia,6.75,44.466667,Dressel 1,D,1,-150,-1
35480,Canale Giancola,Italia,17.85,40.683333,Brindisian amphora,SCOPAS,1,-125,-25
40982,Brindisi,Italia,17.933333,40.633333,Brindisian amphora,ANINIANA,1,-125,-25
35336,Canale Giancola,Italia,17.85,40.683333,Brindisian amphora,LVKAON,1,-125,-25
10507,Altino,Italia,12.393333,45.544444,Dressel ante 6B,SENCOS,0,,
34723,Canale Giancola,Italia,17.85,40.683333,Brindisian amphora,APOLONIDA,1,-125,-25
37584,Canale Giancola,Italia,17.85,40.683333,Brindisian amphora,DEMETRI,1,-125,-25
35760,Canale Giancola,Italia,17.85,40.683333,Brindisian amphora,VISELLIVISELL,1,-125,-25
34660,Canale Giancola,Italia,17.85,40.683333,Brindisian amphora,APOLLONID,1,-125,-25
26494,Ostia Antica,Italia,12.283333,41.75,Dressel 20,CHRYSANTI,0,,
40527,Brindisi,Italia,17.933333,40.633333,Brindisian amphora,MENOPILVS,1,-125,-25
33281,Pola,Italia,13.848056,44.868333,Dressel 6,CLAEKBASSI,0,,
26609,Ostia Antica,Italia,12.283333,41.75,Amphora incerta,VE,0,,
33047,Padova,Italia,11.883333,45.416667,Dressel 6B,PAGA,1,-50,-1
26205,Ostia Antica,Italia,12.283333,41.75,Africana 2D Grande,COLLEP,0,,
38409,Brindisi,Italia,17.933333,40.633333,Brindisian amphora,APEICAE,1,-125,-25
40366,Brindisi,Italia,17.933333,40.633333,Brindisian amphora,KEPHALOKEFALO,1,-125,-25
35726,Canale Giancola,Italia,17.85,40.683333,Brindisian amphora,VISELLI,1,-125,-25
32633,Oderzo,Italia,12.488056,45.78,Dressel 6B,CLAEBASS,1,-50,-1
39200,Brindisi,Italia,17.933333,40.633333,Brindisian amphora,APOLONI,1,-125,-25
34681,Canale Giancola,Italia,17.85,40.683333,Brindisian amphora,APOLLONID,1,-125,-25
37912,Brindisi,Italia,17.933333,40.633333,Brindisian amphora,LLVCI,1,-125,-25
40457,Brindisi,Italia,17.933333,40.633333,Brindisian amphora,MENECRATES,1,-125,-25
9821,Cremona,Italia,10.033333,45.116667,Lamboglia 2,VEN,1,-125,-25
38459,Brindisi,Italia,17.933333,40.633333,Brindisian amphora,APELAES,1,-125,-25
39201,Brindisi,Italia,17.933333,40.633333,Brindisian amphora,APOLONI,1,-125,-25
32581,Islas de Tremiti,Italia,15.5,42.116667,Operculum,HSOMIT,0,,
40116,Brindisi,Italia,17.933333,40.633333,Brindisian amphora,DAMA,1,-125,-25
40493,Brindisi,Italia,17.933333,40.633333,Brindisian amphora,MENECRATES,1,-125,-25
41017,Brindisi,Italia,17.933333,40.633333,Brindisian amphora,ANINIANA,1,-125,-25
38398,Brindisi,Italia,17.933333,40.633333,Brindisian amphora,ANTIOCOS,1,-125,-25
19476,Imperia,Italia,8.05,43.883333,Dressel 2-4 Catalan,APO,1,-30,-1
39221,Brindisi,Italia,17.933333,40.633333,Brindisian amphora,APOLONI,1,-125,-25
32306,Padova,Italia,11.883333,45.416667,Dressel 6B,RSP,1,-50,-1
4780,Brindisi,Italia,17.933333,40.633333,Brindisian amphora,CANINI,1,-125,-25
34570,Canale Giancola,Italia,17.85,40.683333,Brindisian amphora,APELLAE,1,-125,-25
37958,Brindisi,Italia,17.933333,40.633333,Brindisian amphora,QOBVLTRON,1,-125,-25
35132,Canale Giancola,Italia,17.85,40.683333,Brindisian amphora,DIOCLES,1,-125,-25
35470,Canale Giancola,Italia,17.85,40.683333,Brindisian amphora,SCOPAS,1,-125,-25
35634,Canale Giancola,Italia,17.85,40.683333,Brindisian amphora,VISELLI,1,-125,-25
35744,Canale Giancola,Italia,17.85,40.683333,Brindisian amphora,VISELLI,1,-125,-25
29334,Ostia Antica,Italia,12.283333,41.75,Dressel 20,FGFIVSFM,0,,
40573,Brindisi,Italia,17.933333,40.633333,Brindisian amphora,NOYMHNIO,1,-125,-25
26142,Pozzuolo del Friuli,Italia,13.195556,45.987778,Lamboglia 2,PHILO,1,-125,-25
36207,Ancona,Italia,13.5,43.633333,Lamboglia 2,TRVPO,1,-125,-25
7207,Ostia Antica,Italia,12.283333,41.75,Dressel 20,TANP,0,,
32490,Pegognaga,Italia,10.85,45.0,Amphora incerta,STELLA,0,,
4829,Este,Italia,11.65,45.233333,Dressel 6B,ALB,1,-50,-1
10514,Altino,Italia,12.393333,45.544444,Dressel ante 6B,PSEPVLLIS,0,,
40792,Brindisi,Italia,17.933333,40.633333,Brindisian amphora,PVLADEI,1,-125,-25
40965,Brindisi,Italia,17.933333,40.633333,Brindisian amphora,ANINIANA,1,-125,-25
20328,Ostia Antica,Italia,12.283333,41.75,Dressel 30 - Keay 1B,EXPROVINCMAVRETANCAESTVB,0,,
40229,Brindisi,Italia,17.933333,40.633333,Brindisian amphora,DOCO,1,-125,-25
35385,Canale Giancola,Italia,17.85,40.683333,Brindisian amphora,LVKAON,1,-125,-25
34828,Canale Giancola,Italia,17.85,40.683333,Brindisian amphora,APOLONI,1,-125,-25
39211,Brindisi,Italia,17.933333,40.633333,Brindisian amphora,APOLONI,1,-125,-25
40979,Brindisi,Italia,17.933333,40.633333,Brindisian amphora,ANINIANA,1,-125,-25
33975,Sassuolo,Italia,10.783333,44.55,Tegula,Q,0,,
33747,Nonantola,Italia,11.033333,44.683333,Amphora incerta,PROTAGATHVS,0,,
4771,Brindisi,Italia,17.933333,40.633333,Brindisian amphora,BATON,1,-125,-25
40548,Brindisi,Italia,17.933333,40.633333,Brindisian amphora,MENOPILVS,1,-125,-25
32854,Padova,Italia,11.883333,45.416667,Dressel 6B,APPVLCRI,1,-50,-1
37492,Canale Giancola,Italia,17.85,40.683333,Brindisian amphora,VISELLI,1,-125,-25
38063,Brindisi,Italia,17.933333,40.633333,Brindisian amphora,CVEILI,1,-125,-25
35095,Canale Giancola,Italia,17.85,40.683333,Brindisian amphora,DIOCLES,1,-125,-25
4764,Brindisi,Italia,17.933333,40.633333,Brindisian amphora,PILEMO,1,-125,-25
9648,Padova,Italia,11.883333,45.416667,Amphora incerta,LAEK,0,,
40991,Brindisi,Italia,17.933333,40.633333,Brindisian amphora,ANINIANA,1,-125,-25
39264,Brindisi,Italia,17.933333,40.633333,Brindisian amphora,APLONI,1,-125,-25
34888,Canale Giancola,Italia,17.85,40.683333,Brindisian amphora,ARCHELA,1,-125,-25
35384,Canale Giancola,Italia,17.85,40.683333,Brindisian amphora,LVKAON,1,-125,-25
35134,Canale Giancola,Italia,17.85,40.683333,Brindisian amphora,DIOCLES,1,-125,-25
4766,Brindisi,Italia,17.933333,40.633333,Brindisian amphora,VEHILI,1,-125,-25
4785,Taranto,Italia,17.229722,40.476111,Brindisian amphora,VHEILI,1,-125,-25
21059,Tortona,Italia,8.866667,44.9,Dressel 20,LAVRELIGERMANI,0,,
37384,Canale Giancola,Italia,17.85,40.683333,Brindisian amphora,SCOPAS,1,-125,-25
37957,Brindisi,Italia,17.933333,40.633333,Brindisian amphora,QOBVLTRON,1,-125,-25
37425,Canale Giancola,Italia,17.85,40.683333,Brindisian amphora,VISELLI,1,-125,-25
28142,Ostia Antica,Italia,12.283333,41.75,Dressel 20,FPAT,0,,
9749,Milano,Italia,9.2,45.466667,Lamboglia 2,DIEMP,1,-125,-25
34759,Canale Giancola,Italia,17.85,40.683333,Brindisian amphora,APOLONIDA,1,-125,-25
38427,Brindisi,Italia,17.933333,40.633333,Brindisian amphora,APELAES,1,-125,-25
37975,Brindisi,Italia,17.933333,40.633333,Brindisian amphora,LPVBLILI,1,-125,-25
27080,Ostia Antica,Italia,12.283333,41.75,Dressel 20,SCOROBRES,0,,
34857,Canale Giancola,Italia,17.85,40.683333,Brindisian amphora,ARCHELA,1,-125,-25
35090,Canale Giancola,Italia,17.85,40.683333,Brindisian amphora,DIOCLES,1,-125,-25
35557,Canale Giancola,Italia,17.85,40.683333,Brindisian amphora,SCOPA,1,-125,-25
18617,Îles Lavezzi,Corsica et Sardinia,9.254185,41.341096,Dressel 2-4 Catalan,S,1,-30,-1
28247,Ostia Antica,Italia,12.283333,41.75,Dressel 20,PNN,0,,
32667,Oderzo,Italia,12.488056,45.78,Dressel 6B,CLAEKBASS,1,-50,-1
32824,Padova,Italia,11.883333,45.416667,Dressel 6B,PQSCAPVLAE,1,-50,-1
34199,Modena,Italia,10.9,44.5,Amphora incerta,COSTINI,0,,
33057,Pegognaga,Italia,10.85,45.0,Dressel 6B,CARI,1,-50,-1
36170,Ancona,Italia,13.5,43.633333,Lamboglia 2,EV,1,-125,-25
38175,Brindisi,Italia,17.933333,40.633333,Brindisian amphora,VEHILI,1,-125,-25
34661,Canale Giancola,Italia,17.85,40.683333,Brindisian amphora,APOLLONID,1,-125,-25
40307,Brindisi,Italia,17.933333,40.633333,Brindisian amphora,GORGIA,1,-125,-25
35473,Canale Giancola,Italia,17.85,40.683333,Brindisian amphora,SCOPAS,1,-125,-25
40417,Brindisi,Italia,17.933333,40.633333,Brindisian amphora,LVCRIOAPPVLEI,1,-125,-25
10505,Altino,Italia,12.393333,45.544444,Dressel ante 6B,PHILI,0,,
38465,Brindisi,Italia,17.933333,40.633333,Brindisian amphora,APELAES,1,-125,-25
32493,Pegognaga,Italia,10.85,45.0,Dressel 6A,LTR,1,-50,-1
35966,Canale Giancola,Italia,17.85,40.683333,Brindisian amphora,CNPETROSOSTR,1,-125,-25
33703,Finale Emilia,Italia,11.283333,44.833333,Dressel 2-4,SABFECI,1,-30,-1
40308,Brindisi,Italia,17.933333,40.633333,Brindisian amphora,GORGIA,1,-125,-25
35631,Canale Giancola,Italia,17.85,40.683333,Brindisian amphora,VISELLI,1,-125,-25
37520,Canale Giancola,Italia,17.85,40.683333,Brindisian amphora,VISELLI,1,-125,-25
33124,Erice,Sicilia,12.583333,38.033333,Greco-Itálica,LVESCEI,1,-400,-100
34766,Canale Giancola,Italia,17.85,40.683333,Brindisian amphora,APOLLONIDES,1,-125,-25
34838,Canale Giancola,Italia,17.85,40.683333,Brindisian amphora,APOLONI,1,-125,-25
34841,Canale Giancola,Italia,17.85,40.683333,Brindisian amphora,APOLONI,1,-125,-25
9822,Milano,Italia,9.2,45.466667,Lamboglia 2,VERSO,1,-125,-25
28220,Ostia Antica,Italia,12.283333,41.75,Dressel 20,PNN,0,,
37683,Brindisi,Italia,17.933333,40.633333,Brindisian amphora,CANINI,1,-125,-25
35776,Canale Giancola,Italia,17.85,40.683333,Brindisian amphora,VISELLI,1,-125,-25
39962,Ostia Antica,Italia,12.283333,41.75,Amphora incerta,QCA,0,,
18600,Îles Lavezzi,Corsica et Sardinia,9.254185,41.341096,Dressel 2-4 Catalan,QVAD,1,-30,-1
34957,Canale Giancola,Italia,17.85,40.683333,Brindisian amphora,ARCHELA,1,-125,-25
35075,Canale Giancola,Italia,17.85,40.683333,Brindisian amphora,DIOCLES,1,-125,-25
39215,Brindisi,Italia,17.933333,40.633333,Brindisian amphora,APOLONI,1,-125,-25
34699,Canale Giancola,Italia,17.85,40.683333,Brindisian amphora,APOLONIDA,1,-125,-25
4964,Ostia Antica,Italia,12.283333,41.75,Africana,PAVLFHADR,0,,
36748,Padova,Italia,11.883333,45.416667,Dressel 6B,HER,1,-50,-1
38225,Brindisi,Italia,17.933333,40.633333,Brindisian amphora,VEHILI,1,-125,-25
34992,Canale Giancola,Italia,17.85,40.683333,Brindisian amphora,DAMATRI,1,-125,-25
40453,Brindisi,Italia,17.933333,40.633333,Brindisian amphora,MENECRATES,1,-125,-25
29390,Ostia Antica,Italia,12.283333,41.75,Dressel 20,MFVSCI,0,,
33717,Ficarolo,Italia,11.433333,44.95,Dressel 6B,TVETTIMACRI,1,-50,-1
35254,Canale Giancola,Italia,17.85,40.683333,Brindisian amphora,LVCAO,1,-125,-25
40325,Brindisi,Italia,17.933333,40.633333,Brindisian amphora,GORGIA,1,-125,-25
33850,Albinia,Italia,11.25,42.5,Dressel 1C,ARS,1,-150,-1
35594,Canale Giancola,Italia,17.85,40.683333,Brindisian amphora,VISELLI,1,-125,-25
20304,Ostia Antica,Italia,12.283333,41.75,Dressel 20,PNN,0,,
32849,Padova,Italia,11.883333,45.416667,Dressel 6A,PHERENNI,1,-50,-1
35265,Canale Giancola,Italia,17.85,40.683333,Brindisian amphora,LVCAO,1,-125,-25
35060,Canale Giancola,Italia,17.85,40.683333,Brindisian amphora,DIFILVS,1,-125,-25
35393,Canale Giancola,Italia,17.85,40.683333,Brindisian amphora,MANISA,1,-125,-25
25683,Ostia Antica,Italia,12.283333,41.75,Dressel 20,CAP,0,,
40622,Brindisi,Italia,17.933333,40.633333,Brindisian amphora,PERDICAS,1,-125,-25
39275,Brindisi,Italia,17.933333,40.633333,Brindisian amphora,APOLLONI,1,-125,-25
35447,Canale Giancola,Italia,17.85,40.683333,Brindisian amphora,SCOPAS,1,-125,-25
19214,Giglio Porto,Italia,10.916667,42.366667,Africana 2,HONORATI,0,,
40766,Brindisi,Italia,17.933333,40.633333,Brindisian amphora,PTOLEMAE,1,-125,-25
35249,Canale Giancola,Italia,17.85,40.683333,Brindisian amphora,LVCAO,1,-125,-25
40478,Brindisi,Italia,17.933333,40.633333,Brindisian amphora,MENECRATES,1,-125,-25
33966,Lodi Vecchio,Italia,9.4,45.3,Dressel 6B,LAEKCOMI,1,-50,-1
29343,Ostia Antica,Italia,12.283333,41.75,Dressel 20,LFO,0,,
32822,Padova,Italia,11.883333,45.416667,Dressel 6B,PQSCAPVLAE,1,-50,-1
33088,Erice,Sicilia,12.583333,38.033333,Greco-Itálica,QIVENTI,1,-400,-100
35357,Canale Giancola,Italia,17.85,40.683333,Brindisian amphora,LVKAON,1,-125,-25
38100,Brindisi,Italia,17.933333,40.633333,Brindisian amphora,VEHILI,1,-125,-25
25809,Ljubljana (Emona),Italia,14.514444,46.055278,Dressel 6B,COSAE,1,-50,-1
40806,Brindisi,Italia,17.933333,40.633333,Brindisian amphora,SOC,1,-125,-25
10517,Altino,Italia,12.393333,45.544444,Dressel 6A,GAESATILVCR,1,-50,-1
40620,Brindisi,Italia,17.933333,40.633333,Brindisian amphora,PERDICAS,1,-125,-25
37732,Brindisi,Italia,17.933333,40.633333,Brindisian amphora,CANINI,1,-125,-25
32776,Padova,Italia,11.883333,45.416667,Dressel 6B,CLAEK,1,-50,-1
18559,Île Cavallo,Corsica et Sardinia,9.262903,41.368374,Dressel 2-4 Catalan,PTE,1,-30,-1
35382,Canale Giancola,Italia,17.85,40.683333,Brindisian amphora,LVKAON,1,-125,-25
36766,Vicenza,Italia,11.55,45.55,Dressel 6A,IVLORP,1,-50,-1
37996,Brindisi,Italia,17.933333,40.633333,Brindisian amphora,PVEBAL,1,-125,-25
5055,Ostia Antica,Italia,12.283333,41.75,Africana,CLST,0,,
35979,Canale Giancola,Italia,17.85,40.683333,Brindisian amphora,CNPETROSOSTR,1,-125,-25
32314,Padova,Italia,11.883333,45.416667,Dressel 6A,MARRILI,1,-50,-1
38493,Brindisi,Italia,17.933333,40.633333,Brindisian amphora,APELLAIS,1,-125,-25
37595,Canale Giancola,Italia,17.85,40.683333,Brindisian amphora,DIOCLEI,1,-125,-25
29673,Ostia Antica,Italia,12.283333,41.75,Dressel 20,VRS,0,,
41091,Brindisi,Italia,17.933333,40.633333,Brindisian amphora,VEHILIANA,1,-125,-25
9775,Milano,Italia,9.2,45.466667,Lamboglia 2,LICI,1,-125,-25
26270,Pontecagnano,Italia,14.883333,40.633333,Africana 2B Grande,FLO,0,,
38121,Brindisi,Italia,17.933333,40.633333,Brindisian amphora,VEHILI,1,-125,-25
33879,Albinia,Italia,11.25,42.5,Dressel 1C,DAS,1,-150,-1
3696,Ostia Antica,Italia,12.283333,41.75,Dressel 20,SPPNN,0,,
10570,Altino,Italia,12.393333,45.544444,Dressel 6B,VARIPACCI,1,-50,-1
35327,Canale Giancola,Italia,17.85,40.683333,Brindisian amphora,LVKAON,1,-125,-25
37526,Canale Giancola,Italia,17.85,40.683333,Brindisian amphora,VISELLI,1,-125,-25
34821,Canale Giancola,Italia,17.85,40.683333,Brindisian amphora,APOLONI,1,-125,-25
37977,Brindisi,Italia,17.933333,40.633333,Brindisian amphora,LPVBLILI,1,-125,-25
34924,Canale Giancola,Italia,17.85,40.683333,Brindisian amphora,ARCHELA,1,-125,-25
9791,Milano,Italia,9.2,45.466667,Lamboglia 2,MENI,1,-125,-25
34167,Bologna,Italia,11.333333,44.483333,Amphora incerta,LANINIVSSVRVS,0,,
37422,Canale Giancola,Italia,17.85,40.683333,Brindisian amphora,VISELLI,1,-125,-25
35096,Canale Giancola,Italia,17.85,40.683333,Brindisian amphora,DIOCLES,1,-125,-25
38104,Brindisi,Italia,17.933333,40.633333,Brindisian amphora,VEHILI,1,-125,-25
41054,Brindisi,Italia,17.933333,40.633333,Brindisian amphora,ANINIANA,1,-125,-25
38268,Brindisi,Italia,17.933333,40.633333,Brindisian amphora,VEHILI,1,-125,-25
38177,Brindisi,Italia,17.933333,40.633333,Brindisian amphora,VEHILI,1,-125,-25
40465,Brindisi,Italia,17.933333,40.633333,Brindisian amphora,MENECRATES,1,-125,-25
40998,Brindisi,Italia,17.933333,40.633333,Brindisian amphora,ANINIANA,1,-125,-25
40588,Brindisi,Italia,17.933333,40.633333,Brindisian amphora,NOYMHNIO,1,-125,-25
34691,Canale Giancola,Italia,17.85,40.683333,Brindisian amphora,APOLONIDA,1,-125,-25
20330,Ostia Antica,Italia,12.283333,41.75,Dressel 30 - Keay 1B,EXPROVINCMAVRETANCAESTVB,0,,
38050,Brindisi,Italia,17.933333,40.633333,Brindisian amphora,CVEHILI,1,-125,-25
32275,Cremona,Italia,10.033333,45.116667,Lamboglia 2,TIRFAB,1,-125,-25
38077,Brindisi,Italia,17.933333,40.633333,Brindisian amphora,VEHIL,1,-125,-25
37380,Canale Giancola,Italia,17.85,40.683333,Brindisian amphora,SCOPAS,1,-125,-25
34184,Livorno,Italia,10.583333,43.233333,Amphora incerta,ATP,0,,
32825,Padova,Italia,11.883333,45.416667,Dressel 6B,PQSCAPVLAE,1,-50,-1
9756,Milano,Italia,9.2,45.466667,Lamboglia 2,DIONIS,1,-125,-25
21420,Tortona,Italia,8.866667,44.9,Dressel 6B,PACCI,1,-50,-1
26155,Brindisi,Italia,17.933333,40.633333,Brindisian amphora,CNPECNEP,1,-125,-25
36830,Vicenza,Italia,11.55,45.55,Dressel 6B,LAEKH,1,-50,-1
33086,Erice,Sicilia,12.583333,38.033333,Greco-Itálica,QIVENTI,1,-400,-100
40207,Brindisi,Italia,17.933333,40.633333,Brindisian amphora,DIONVSI,1,-125,-25
8574,Vallebuona,Italia,9.116667,44.45,Dressel 1B,ARSA,1,-150,-1
20314,Ostia Antica,Italia,12.283333,41.75,Africana,OI,0,,
9771,Milano,Italia,9.2,45.466667,Lamboglia 2,L,1,-125,-25
38024,Brindisi,Italia,17.933333,40.633333,Brindisian amphora,CVEHILI,1,-125,-25
39968,Ostia Antica,Italia,12.283333,41.75,Dressel 20,GGR,0,,
39196,Brindisi,Italia,17.933333,40.633333,Brindisian amphora,APOLONI,1,-125,-25
19200,Isola di Giannutri,Italia,11.1,42.25,Africana 1A pic.,CSA,0,,
35590,Canale Giancola,Italia,17.85,40.683333,Brindisian amphora,VISELLI,1,-125,-25
34204,Bologna,Italia,11.333333,44.483333,Amphora incerta,CHODAMA,0,,
35695,Canale Giancola,Italia,17.85,40.683333,Brindisian amphora,VISELLI,1,-125,-25
41051,Brindisi,Italia,17.933333,40.633333,Brindisian amphora,ANINIANA,1,-125,-25
35482,Canale Giancola,Italia,17.85,40.683333,Brindisian amphora,SCOPAS,1,-125,-25
35410,Canale Giancola,Italia,17.85,40.683333,Brindisian amphora,MENOPHIL,1,-125,-25
28175,Ostia Antica,Italia,12.283333,41.75,Dressel 20,PORTOPOPULI,0,,
34870,Canale Giancola,Italia,17.85,40.683333,Brindisian amphora,ARCHELA,1,-125,-25
34936,Canale Giancola,Italia,17.85,40.683333,Brindisian amphora,ARCHELA,1,-125,-25
33022,Padova,Italia,11.883333,45.416667,Dressel 6B,ILEGIBLE,1,-50,-1
40994,Brindisi,Italia,17.933333,40.633333,Brindisian amphora,ANINIANA,1,-125,-25
37701,Brindisi,Italia,17.933333,40.633333,Brindisian amphora,CANINI,1,-125,-25
35126,Canale Giancola,Italia,17.85,40.683333,Brindisian amphora,DIOCLES,1,-125,-25
37391,Canale Giancola,Italia,17.85,40.683333,Brindisian amphora,SCOPAS,1,-125,-25
38423,Brindisi,Italia,17.933333,40.633333,Brindisian amphora,APELL,1,-125,-25
10587,Altino,Italia,12.393333,45.544444,Dressel 21-22,OPPSERVAEPFQVIPVP,0,,
34671,Canale Giancola,Italia,17.85,40.683333,Brindisian amphora,APOLLONID,1,-125,-25
34845,Canale Giancola,Italia,17.85,40.683333,Brindisian amphora,ARCHELA,1,-125,-25
35140,Canale Giancola,Italia,17.85,40.683333,Brindisian amphora,DIOCLES,1,-125,-25
37935,Brindisi,Italia,17.933333,40.633333,Brindisian amphora,NMACCIVSLFQ,1,-125,-25
34780,Canale Giancola,Italia,17.85,40.683333,Brindisian amphora,APOLLONIDES,1,-125,-25
25392,Cosa,Italia,12.896389,46.057778,Dressel 1A,ANCORA,1,-150,-1
40568,Brindisi,Italia,17.933333,40.633333,Brindisian amphora,MENOP,1,-125,-25
9687,Padova,Italia,11.883333,45.416667,Amphora incerta,PQSCAPVLAE,0,,
29369,Ostia Antica,Italia,12.283333,41.75,Dressel 20,QFSAR,0,,
37792,Brindisi,Italia,17.933333,40.633333,Brindisian amphora,APPVLEI,1,-125,-25
26172,Porto Torres,Corsica et Sardinia,8.397222,40.835,Africana 2D Grande,COLLEPMAI,0,,
2976,Ostia Antica,Italia,12.283333,41.75,Dressel 20,LIVNIMELISSI,0,,
37899,Brindisi,Italia,17.933333,40.633333,Brindisian amphora,LFANNI,1,-125,-25
4653,Este,Italia,11.65,45.233333,Dressel 6A,MHER,1,-50,-1
35306,Canale Giancola,Italia,17.85,40.683333,Brindisian amphora,LVKAON,1,-125,-25
19491,Imperia,Italia,8.05,43.883333,Dressel 2-4 Catalan,TYR,1,-30,-1
35996,Canale Giancola,Italia,17.85,40.683333,Brindisian amphora,CNPETROSOSTR,1,-125,-25
38330,Brindisi,Italia,17.933333,40.633333,Brindisian amphora,VEHILI,1,-125,-25
32683,Oderzo,Italia,12.488056,45.78,Dressel 6B,FEL,1,-50,-1
32580,Islas de Tremiti,Italia,15.5,42.116667,Operculum,FLF,0,,
29532,Ostia Antica,Italia,12.283333,41.75,Dressel 20,FSCIMNIANO,0,,
34714,Canale Giancola,Italia,17.85,40.683333,Brindisian amphora,APOLONIDA,1,-125,-25
28143,Ostia Antica,Italia,12.283333,41.75,Dressel 20,FPAT,0,,
38339,Brindisi,Italia,17.933333,40.633333,Brindisian amphora,VEHILI,1,-125,-25
40953,Brindisi,Italia,17.933333,40.633333,Brindisian amphora,ANINIANA,1,-125,-25
40036,Brindisi,Italia,17.933333,40.633333,Brindisian amphora,BAHANO,1,-125,-25
37608,Canale Giancola,Italia,17.85,40.683333,Brindisian amphora,LUKAON,1,-125,-25
40206,Brindisi,Italia,17.933333,40.633333,Brindisian amphora,DIODOTVS,1,-125,-25
40602,Brindisi,Italia,17.933333,40.633333,Brindisian amphora,PERDICAS,1,-125,-25
4746,Brindisi,Italia,17.933333,40.633333,Brindisian amphora,LVCCOLVCO,1,-125,-25
35683,Canale Giancola,Italia,17.85,40.683333,Brindisian amphora,VISELLI,1,-125,-25
37454,Canale Giancola,Italia,17.85,40.683333,Brindisian amphora,VISELLI,1,-125,-25
20609,Pegognaga,Italia,10.85,45.0,Dressel 6B,ERI,1,-50,-1
28323,Ostia Antica,Italia,12.283333,41.75,Dressel 20,MAT,0,,
34869,Canale Giancola,Italia,17.85,40.683333,Brindisian amphora,ARCHELA,1,-125,-25
34249,Modena,Italia,10.9,44.5,Amphora incerta,NAEPOR,0,,
37447,Canale Giancola,Italia,17.85,40.683333,Brindisian amphora,VISELLI,1,-125,-25
40918,Brindisi,Italia,17.933333,40.633333,Brindisian amphora,TARVLAESVLLAEL,1,-125,-25
21592,Tortona,Italia,8.866667,44.9,Dressel 6B,LICI,1,-50,-1
37795,Brindisi,Italia,17.933333,40.633333,Brindisian amphora,APPVLEI,1,-125,-25
33008,Padova,Italia,11.883333,45.416667,Dressel 6B,FLAVFONTAN,1,-50,-1
37600,Canale Giancola,Italia,17.85,40.683333,Brindisian amphora,LUKAON,1,-125,-25
26167,Porto Torres,Corsica et Sardinia,8.397222,40.835,Africana 2D Grande,FANFORTCOLHADR,0,,
29223,Ostia Antica,Italia,12.283333,41.75,Dressel 20,PMOCVFIGEDO,0,,
32315,Padova,Italia,11.883333,45.416667,Dressel 6A,ILI,1,-50,-1
9692,Padova,Italia,11.883333,45.416667,Amphora incerta,BOD,0,,
40304,Brindisi,Italia,17.933333,40.633333,Brindisian amphora,GORGIA,1,-125,-25
40473,Brindisi,Italia,17.933333,40.633333,Brindisian amphora,MENECRATES,1,-125,-25
32782,Padova,Italia,11.883333,45.416667,Dressel 6B,CLAEKBAS,1,-50,-1
40257,Brindisi,Italia,17.933333,40.633333,Brindisian amphora,HPAIOC,1,-125,-25
34316,Piacenza,Italia,9.583333,44.883333,Amphora incerta,SVADI,0,,
39246,Brindisi,Italia,17.933333,40.633333,Brindisian amphora,APOLONI,1,-125,-25
39292,Brindisi,Italia,17.933333,40.633333,Brindisian amphora,APOLLONI,1,-125,-25
40988,Brindisi,Italia,17.933333,40.633333,Brindisian amphora,ANINIANA,1,-125,-25
40543,Brindisi,Italia,17.933333,40.633333,Brindisian amphora,MENOPILVS,1,-125,-25
40085,Brindisi,Italia,17.933333,40.633333,Brindisian amphora,BATON,1,-125,-25
38058,Brindisi,Italia,17.933333,40.633333,Brindisian amphora,CVEILI,1,-125,-25
38061,Brindisi,Italia,17.933333,40.633333,Brindisian amphora,CVEILI,1,-125,-25
35537,Canale Giancola,Italia,17.85,40.683333,Brindisian amphora,SCOPAS,1,-125,-25
37485,Canale Giancola,Italia,17.85,40.683333,Brindisian amphora,VISELLI,1,-125,-25
4845,Taranto,Italia,17.229722,40.476111,Dressel 2-4,POSTCVRT,1,-30,-1
35972,Canale Giancola,Italia,17.85,40.683333,Brindisian amphora,CNPETROSOSTR,1,-125,-25
34867,Canale Giancola,Italia,17.85,40.683333,Brindisian amphora,ARCHELA,1,-125,-25
39272,Brindisi,Italia,17.933333,40.633333,Brindisian amphora,APOLLONI,1,-125,-25
40944,Brindisi,Italia,17.933333,40.633333,Brindisian amphora,ANINIANA,1,-125,-25
35456,Canale Giancola,Italia,17.85,40.683333,Brindisian amphora,SCOPAS,1,-125,-25
28422,Ostia Antica,Italia,12.283333,41.75,Dressel 20,LIT,0,,
38334,Brindisi,Italia,17.933333,40.633333,Brindisian amphora,VEHILI,1,-125,-25
35650,Canale Giancola,Italia,17.85,40.683333,Brindisian amphora,VISELLI,1,-125,-25
38375,Brindisi,Italia,17.933333,40.633333,Brindisian amphora,VHEILI,1,-125,-25
36750,Vicenza,Italia,11.55,45.55,Dressel 6A,TEPDI,1,-50,-1
34997,Canale Giancola,Italia,17.85,40.683333,Brindisian amphora,DAMATRI,1,-125,-25
40812,Brindisi,Italia,17.933333,40.633333,Brindisian amphora,SOC,1,-125,-25
35137,Canale Giancola,Italia,17.85,40.683333,Brindisian amphora,DIOCLES,1,-125,-25
23197,Tortona,Italia,8.866667,44.9,Dressel 6A,MHERPHAE,1,-50,-1
35494,Canale Giancola,Italia,17.85,40.683333,Brindisian amphora,SCOPAS,1,-125,-25
32261,Cremona,Italia,10.033333,45.116667,Brindisian amphora,DI,1,-125,-25
33285,Pola,Italia,13.848056,44.868333,Dressel 6,IMPNERVAEAVG,0,,
26267,Ostia Antica,Italia,12.283333,41.75,Africana 2B Grande,P,0,,
37325,Canale Giancola,Italia,17.85,40.683333,Brindisian amphora,LIBO,1,-125,-25
18606,Îles Lavezzi,Corsica et Sardinia,9.254185,41.341096,Dressel 2-4 Catalan,LYA,1,-30,-1
25364,Vercelli,Italia,8.416667,45.316667,Dressel 6B,CLAEK,1,-50,-1
40829,Brindisi,Italia,17.933333,40.633333,Brindisian amphora,SOTERICSOTERIX,1,-125,-25
35714,Canale Giancola,Italia,17.85,40.683333,Brindisian amphora,VISELLI,1,-125,-25
25408,Cosa,Italia,12.896389,46.057778,Dressel 1A,SES,1,-150,-1
32756,Padova,Italia,11.883333,45.416667,Dressel 6B,LAE,1,-50,-1
34254,Bellaria,Italia,12.469167,44.151667,Amphora incerta,PETROOSTR,0,,
25419,Este,Italia,11.65,45.233333,Dressel 6B,VMBRICI,1,-50,-1
36909,Pompeya,Italia,14.483333,40.75,Amphora incerta,MCR,0,,
35837,Canale Giancola,Italia,17.85,40.683333,Brindisian amphora,CERDO,1,-125,-25
34539,Canale Giancola,Italia,17.85,40.683333,Brindisian amphora,APELLAE,1,-125,-25
33766,Legnano,Italia,8.9,45.6,Amphora incerta,EXSPECTATGAVI,0,,
9660,Padova,Italia,11.883333,45.416667,Amphora incerta,ROMI,0,,
33064,Erice,Sicilia,12.583333,38.033333,Greco-Itálica,NALFINF,1,-400,-100
40167,Brindisi,Italia,17.933333,40.633333,Brindisian amphora,DASI,1,-125,-25
36804,Vicenza,Italia,11.55,45.55,Dressel 6B,PACCI,1,-50,-1
34228,Reggio Emilia,Italia,10.616667,44.616667,Amphora incerta,MHERPICEN,0,,
10477,Altino,Italia,12.393333,45.544444,Dressel 6B,FLAVFONTANI,1,-50,-1
40192,Brindisi,Italia,17.933333,40.633333,Brindisian amphora,DIODOTI,1,-125,-25
35951,Canale Giancola,Italia,17.85,40.683333,Brindisian amphora,CNPETROSOSTR,1,-125,-25
26243,Ostia Antica,Italia,12.283333,41.75,Africana 2D Grande,LEPMIDOMF,0,,
37870,Brindisi,Italia,17.933333,40.633333,Brindisian amphora,MEXSONI,1,-125,-25
34764,Canale Giancola,Italia,17.85,40.683333,Brindisian amphora,APOLONIDA,1,-125,-25
32320,Padova,Italia,11.883333,45.416667,Dressel 6A,STTS,1,-50,-1
33773,Modena,Italia,10.9,44.5,Amphora incerta,LICINVSGAV,0,,
37292,Canale Giancola,Italia,17.85,40.683333,Brindisian amphora,DEMETRI,1,-125,-25
33831,Albinia,Italia,11.25,42.5,Dressel 1C,ARS,1,-150,-1
39287,Brindisi,Italia,17.933333,40.633333,Brindisian amphora,APOLLONI,1,-125,-25
32636,Oderzo,Italia,12.488056,45.78,Dressel 6B,CLAEKBAS,1,-50,-1
4690,Modena,Italia,10.916667,44.666667,Dressel 2-4,STCP,1,-30,-1
34162,Rimini,Italia,12.580833,44.063333,Amphora incerta,GAEC,0,,
35898,Canale Giancola,Italia,17.85,40.683333,Brindisian amphora,FABAPRA,1,-125,-25
32599,Oderzo,Italia,12.488056,45.78,Dressel 6A,AVALERI,1,-50,-1
34651,Canale Giancola,Italia,17.85,40.683333,Brindisian amphora,APOLLONID,1,-125,-25
36814,Vicenza,Italia,11.55,45.55,Dressel 6B,CLAEB,1,-50,-1
39198,Brindisi,Italia,17.933333,40.633333,Brindisian amphora,APOLONI,1,-125,-25
38361,Brindisi,Italia,17.933333,40.633333,Brindisian amphora,VEHILI,1,-125,-25
40720,Brindisi,Italia,17.933333,40.633333,Brindisian amphora,PTOLEMAE,1,-125,-25
35954,Canale Giancola,Italia,17.85,40.683333,Brindisian amphora,CNPETROSOSTR,1,-125,-25
18566,Îles Lavezzi,Corsica et Sardinia,9.254185,41.341096,Dressel 2-4 Catalan,AC,1,-30,-1
35440,Canale Giancola,Italia,17.85,40.683333,Brindisian amphora,SCOPAS,1,-125,-25
33805,Albinia,Italia,11.25,42.5,Amphora incerta,ARME,0,,
36735,Padova,Italia,11.883333,45.416667,Dressel 6B,CLAEB,1,-50,-1
38415,Brindisi,Italia,17.933333,40.633333,Brindisian amphora,APELLES,1,-125,-25
38188,Brindisi,Italia,17.933333,40.633333,Brindisian amphora,VEHILI,1,-125,-25
37949,Brindisi,Italia,17.933333,40.633333,Brindisian amphora,QOBVLTRON,1,-125,-25
35965,Canale Giancola,Italia,17.85,40.683333,Brindisian amphora,CNPETROSOSTR,1,-125,-25
34482,Trecino,Italia,12.05,36.8,Amphora incerta,SIGNUM,0,,
40126,Brindisi,Italia,17.933333,40.633333,Brindisian amphora,DAMA,1,-125,-25
4779,Brindisi,Italia,17.933333,40.633333,Brindisian amphora,DASI,1,-125,-25
38336,Brindisi,Italia,17.933333,40.633333,Brindisian amphora,VEHILI,1,-125,-25
33139,Agrigento,Sicilia,13.566667,37.316667,Dressel 2-4 Italian,SVR,0,,
40878,Brindisi,Italia,17.933333,40.633333,Brindisian amphora,STR,1,-125,-25
35775,Canale Giancola,Italia,17.85,40.683333,Brindisian amphora,VISELLI,1,-125,-25
33786,Albinia,Italia,11.25,42.5,Dressel 1,AIAS,1,-150,-1
9644,Padova,Italia,11.883333,45.416667,Amphora incerta,IVLO,0,,
38160,Brindisi,Italia,17.933333,40.633333,Brindisian amphora,VEHILI,1,-125,-25
34915,Canale Giancola,Italia,17.85,40.683333,Brindisian amphora,ARCHELA,1,-125,-25
38276,Brindisi,Italia,17.933333,40.633333,Brindisian amphora,VEHILI,1,-125,-25
34696,Canale Giancola,Italia,17.85,40.683333,Brindisian amphora,APOLONIDA,1,-125,-25
40392,Brindisi,Italia,17.933333,40.633333,Brindisian amphora,LEONTISCVS,1,-125,-25
36812,Vicenza,Italia,11.55,45.55,Dressel 6B,LAEKA,1,-50,-1
40409,Brindisi,Italia,17.933333,40.633333,Brindisian amphora,LVCRIOAPPVLEI,1,-125,-25
35136,Canale Giancola,Italia,17.85,40.683333,Brindisian amphora,DIOCLES,1,-125,-25
37842,Brindisi,Italia,17.933333,40.633333,Brindisian amphora,PCLAVDIVSPNQ,1,-125,-25
40485,Brindisi,Italia,17.933333,40.633333,Brindisian amphora,MENECRATES,1,-125,-25
34796,Canale Giancola,Italia,17.85,40.683333,Brindisian amphora,APOLLONIDES,1,-125,-25
23039,Tortona,Italia,8.866667,44.9,Dressel 6B,CLAEKBAS,1,-50,-1
35461,Canale Giancola,Italia,17.85,40.683333,Brindisian amphora,SCOPAS,1,-125,-25
33673,Umbria,Italia,12.55,43.05,Dressel 2-4,PICEX,1,-30,-1
37505,Canale Giancola,Italia,17.85,40.683333,Brindisian amphora,VISELLI,1,-125,-25
35031,Canale Giancola,Italia,17.85,40.683333,Brindisian amphora,DEMETRI,1,-125,-25
40894,Brindisi,Italia,17.933333,40.633333,Brindisian amphora,STR,1,-125,-25
35849,Canale Giancola,Italia,17.85,40.683333,Brindisian amphora,DAZIO,1,-125,-25
9609,Padova,Italia,11.883333,45.416667,Lamboglia 2,MENOLA,1,-125,-25
35539,Canale Giancola,Italia,17.85,40.683333,Brindisian amphora,SCOPAS,1,-125,-25
33447,Modena,Italia,10.916667,44.666667,Dressel 2-4,ERO,1,-30,-1
10545,Altino,Italia,12.393333,45.544444,Dressel 6B,VMBRI,1,-50,-1
9589,Padova,Italia,11.883333,45.416667,Dressel 6B,PSEPVLLIPF,1,-50,-1
40917,Brindisi,Italia,17.933333,40.633333,Brindisian amphora,TARVLAESVLLAEL,1,-125,-25
41072,Brindisi,Italia,17.933333,40.633333,Brindisian amphora,ANINIANA,1,-125,-25
40920,Brindisi,Italia,17.933333,40.633333,Lamboglia 2,TARVLA,1,-125,-25
9647,Padova,Italia,11.883333,45.416667,Amphora incerta,CLAB,0,,
9735,Cremona,Italia,10.033333,45.116667,Lamboglia 2,BARN,1,-125,-25
20334,Ostia Antica,Italia,12.283333,41.75,Amphora incerta,CAS,0,,
38386,Brindisi,Italia,17.933333,40.633333,Brindisian amphora,ALEXAN,1,-125,-25
34234,Cecina,Italia,10.866667,43.833333,Amphora incerta,IVCVND,0,,
34873,Canale Giancola,Italia,17.85,40.683333,Brindisian amphora,ARCHELA,1,-125,-25
40510,Brindisi,Italia,17.933333,40.633333,Brindisian amphora,MENECRATES,1,-125,-25
40826,Brindisi,Italia,17.933333,40.633333,Brindisian amphora,SOTERICSOTERIX,1,-125,-25
32590,Oderzo,Italia,12.488056,45.78,Dressel 6A,THB,1,-50,-1
34673,Canale Giancola,Italia,17.85,40.683333,Brindisian amphora,APOLLONID,1,-125,-25
37982,Brindisi,Italia,17.933333,40.633333,Brindisian amphora,LPVBLILI,1,-125,-25
33859,Albinia,Italia,11.25,42.5,Dressel 1C,ARS,1,-150,-1
36944,Trapani,Sicilia,12.483333,38.016667,Amphora incerta,CMEL,0,,
28432,Ostia Antica,Italia,12.283333,41.75,Dressel 20,INDVS,0,,
9765,Milano,Italia,9.2,45.466667,Lamboglia 2,GARIGABI,1,-125,-25
26464,Ostia Antica,Italia,12.283333,41.75,Dressel 20,CANANIA,0,,
33920,Albinia,Italia,11.25,42.5,Dressel 1C,D,1,-150,-1
33776,Este,Italia,11.65,45.233333,Amphora incerta,PRIMIGAVI,0,,
28360,Ostia Antica,Italia,12.283333,41.75,Dressel 20,LIBERALINI,0,,
10472,Altino,Italia,12.393333,45.544444,Dressel 6B,PQSCAPVLAE,1,-50,-1
35409,Canale Giancola,Italia,17.85,40.683333,Brindisian amphora,MENOPHIL,1,-125,-25
37973,Brindisi,Italia,17.933333,40.633333,Brindisian amphora,LPVBLILI,1,-125,-25
36823,Vicenza,Italia,11.55,45.55,Dressel 6B,FA,1,-50,-1
33801,Albinia,Italia,11.25,42.5,Greco-Itálica,ARME,1,-400,-100
40709,Brindisi,Italia,17.933333,40.633333,Brindisian amphora,POSIDONI,1,-125,-25
37964,Brindisi,Italia,17.933333,40.633333,Brindisian amphora,QOBVLTRON,1,-125,-25
38080,Brindisi,Italia,17.933333,40.633333,Brindisian amphora,VEHIL,1,-125,-25
34985,Canale Giancola,Italia,17.85,40.683333,Brindisian amphora,CARITON,1,-125,-25
33093,Erice,Sicilia,12.583333,38.033333,Greco-Itálica,TRLOISIO,1,-400,-100
40882,Brindisi,Italia,17.933333,40.633333,Brindisian amphora,STR,1,-125,-25
4853,Villetelle,Italia,6.866667,44.066667,Gauloise 1,GSM,0,,
25404,Cosa,Italia,12.896389,46.057778,Dressel 1B,IN,1,-150,-1
29431,Ostia Antica,Italia,12.283333,41.75,Dressel 20,ROMANI,0,,
1051,Palestrina,Italia,12.883333,41.833333,Dressel 30 - Keay 1B,EXOIVLIHONORPMCTVB,0,,
37298,Canale Giancola,Italia,17.85,40.683333,Brindisian amphora,EPIGENVS,1,-125,-25
20325,Ostia Antica,Italia,12.283333,41.75,Dressel 30 - Keay 1B,EXOIVLIHONORPMCTVB,0,,
34577,Canale Giancola,Italia,17.85,40.683333,Brindisian amphora,APELLAE,1,-125,-25
40804,Brindisi,Italia,17.933333,40.633333,Brindisian amphora,SOC,1,-125,-25
32886,Padova,Italia,11.883333,45.416667,Dressel 6B,SCALINIVM,1,-50,-1
36927,Sicilia,Sicilia,14.216667,38.016667,Amphora incerta,QANTR,0,,
40150,Brindisi,Italia,17.933333,40.633333,Brindisian amphora,DAMAS,1,-125,-25
23177,Tortona,Italia,8.866667,44.9,Dressel 6A,CVIBIR,1,-50,-1
34552,Canale Giancola,Italia,17.85,40.683333,Brindisian amphora,APELLAE,1,-125,-25
40870,Brindisi,Italia,17.933333,40.633333,Brindisian amphora,STR,1,-125,-25
9802,Milano,Italia,9.2,45.466667,Lamboglia 2,PHILP,1,-125,-25
25345,Vercelli,Italia,8.416667,45.316667,Dressel ante 6B,DANH,0,,
35986,Canale Giancola,Italia,17.85,40.683333,Brindisian amphora,CNPETROSOSTR,1,-125,-25
40486,Brindisi,Italia,17.933333,40.633333,Brindisian amphora,MENECRATES,1,-125,-25
32596,Oderzo,Italia,12.488056,45.78,Dressel 6A,OPTATIETMARCELLI,1,-50,-1
41058,Brindisi,Italia,17.933333,40.633333,Brindisian amphora,ANINIANA,1,-125,-25
9730,Milano,Italia,9.2,45.466667,Lamboglia 2,ALCO,1,-125,-25
34193,Piacenza,Italia,9.583333,44.883333,Amphora incerta,CIRRAT,0,,
35453,Canale Giancola,Italia,17.85,40.683333,Brindisian amphora,SCOPAS,1,-125,-25
26282,Ostia Antica,Italia,12.283333,41.75,Africana 2,TFASYL,0,,
34903,Canale Giancola,Italia,17.85,40.683333,Brindisian amphora,ARCHELA,1,-125,-25
32627,Oderzo,Italia,12.488056,45.78,Dressel 6B,FELICIO,1,-50,-1
34210,Bologna,Italia,11.333333,44.483333,Amphora incerta,GAEBIDII,0,,
40863,Brindisi,Italia,17.933333,40.633333,Brindisian amphora,SOTERICO,1,-125,-25
18601,Îles Lavezzi,Corsica et Sardinia,9.254185,41.341096,Dressel 2-4 Catalan,CELSI,1,-30,-1
40354,Brindisi,Italia,17.933333,40.633333,Brindisian amphora,KEPHALONOSKEFALONOS,1,-125,-25
36817,Vicenza,Italia,11.55,45.55,Dressel 6B,CLAEK,1,-50,-1
28354,Ostia Antica,Italia,12.283333,41.75,Dressel 20,LEONINI,0,,
41047,Brindisi,Italia,17.933333,40.633333,Brindisian amphora,ANINIANA,1,-125,-25
40779,Brindisi,Italia,17.933333,40.633333,Brindisian amphora,PVLADE,1,-125,-25
35705,Canale Giancola,Italia,17.85,40.683333,Brindisian amphora,VISELLI,1,-125,-25
28141,Ostia Antica,Italia,12.283333,41.75,Dressel 20,FPAT,0,,
35266,Canale Giancola,Italia,17.85,40.683333,Brindisian amphora,LVCAO,1,-125,-25
26265,Ostia Antica,Italia,12.283333,41.75,Africana 2A Grande,SVY,0,,
37926,Pompeya,Italia,14.483333,40.75,Brindisian amphora,LLVC,1,-125,-25
26387,Ljubljana (Emona),Italia,14.514444,46.055278,Dressel 6B,CLAEK,1,-50,-1
41011,Brindisi,Italia,17.933333,40.633333,Brindisian amphora,ANINIANA,1,-125,-25
35057,Canale Giancola,Italia,17.85,40.683333,Brindisian amphora,DEMETRI,1,-125,-25
20315,Isola Sacra,Italia,12.25,41.75,Africana,O,0,,
10554,Altino,Italia,12.393333,45.544444,Dressel 6B,CASS,1,-50,-1
32583,Oderzo,Italia,12.488056,45.78,Dressel 6A,TCAEFVSCI,1,-50,-1
18582,Îles Lavezzi,Corsica et Sardinia,9.254185,41.341096,Dressel 2-4 Catalan,ANT,1,-30,-1
35301,Canale Giancola,Italia,17.85,40.683333,Brindisian amphora,LVKAON,1,-125,-25
37591,San Cataldo,Italia,18.3,40.383333,Brindisian amphora,DEMETRI,1,-125,-25
19486,Imperia,Italia,8.05,43.883333,Dressel 2-4 Catalan,QV,1,-30,-1
38178,Brindisi,Italia,17.933333,40.633333,Brindisian amphora,VEHILI,1,-125,-25
37404,Canale Giancola,Italia,17.85,40.683333,Brindisian amphora,STABVA,1,-125,-25
38414,Brindisi,Italia,17.933333,40.633333,Brindisian amphora,APELLES,1,-125,-25
35275,Canale Giancola,Italia,17.85,40.683333,Brindisian amphora,LVCAO,1,-125,-25
32301,Padova,Italia,11.883333,45.416667,Dressel 6B,CLAEKBAS,1,-50,-1
34938,Canale Giancola,Italia,17.85,40.683333,Brindisian amphora,ARCHELA,1,-125,-25
37371,Canale Giancola,Italia,17.85,40.683333,Brindisian amphora,RUMA,1,-125,-25
40209,Brindisi,Italia,17.933333,40.633333,Brindisian amphora,DIONVSI,1,-125,-25
38438,Brindisi,Italia,17.933333,40.633333,Brindisian amphora,APELAES,1,-125,-25
35296,Canale Giancola,Italia,17.85,40.683333,Brindisian amphora,LVKAON,1,-125,-25
36851,Vicenza,Italia,11.55,45.55,Dressel 6B,ROM,1,-50,-1
38349,Brindisi,Italia,17.933333,40.633333,Brindisian amphora,VEHILI,1,-125,-25
35169,Canale Giancola,Italia,17.85,40.683333,Brindisian amphora,DIOCLEI,1,-125,-25
40533,Brindisi,Italia,17.933333,40.633333,Brindisian amphora,MENOPILVS,1,-125,-25
4645,Este,Italia,11.65,45.233333,Dressel 6A,ZEN,1,-50,-1
4793,Taranto,Italia,17.229722,40.476111,Greco-Itálica,CARISTO,1,-400,-100
34753,Canale Giancola,Italia,17.85,40.683333,Brindisian amphora,APOLONIDA,1,-125,-25
37230,Civitavecchia,Italia,11.8,42.1,Tripolitanian 2,M,0,,
35754,Canale Giancola,Italia,17.85,40.683333,Brindisian amphora,VISELLI,1,-125,-25
36822,Vicenza,Italia,11.55,45.55,Dressel 6B,LAEKANI,1,-50,-1
25359,Vercelli,Italia,8.416667,45.316667,Dressel 6B,CLY,1,-50,-1
39202,Brindisi,Italia,17.933333,40.633333,Brindisian amphora,APOLONI,1,-125,-25
40658,Brindisi,Italia,17.933333,40.633333,Brindisian amphora,PILEMO,1,-125,-25
35361,Canale Giancola,Italia,17.85,40.683333,Brindisian amphora,LVKAON,1,-125,-25
36736,Padova,Italia,11.883333,45.416667,Dressel 6B,CLAEB,1,-50,-1
20361,Ostia Antica,Italia,12.283333,41.75,Dressel 30 - Keay 1B,EXPROVINCMAVRETANCAESTVB,0,,
25389,Cosa,Italia,12.896389,46.057778,Dressel 1A,SES,1,-150,-1
28322,Ostia Antica,Italia,12.283333,41.75,Dressel 20,FMARS,0,,
35318,Canale Giancola,Italia,17.85,40.683333,Brindisian amphora,LVKAON,1,-125,-25
10568,Altino,Italia,12.393333,45.544444,Dressel 6B,FLAVFONTANI,1,-50,-1
37416,Canale Giancola,Italia,17.85,40.683333,Brindisian amphora,VISELLI,1,-125,-25
9666,Padova,Italia,11.883333,45.416667,Amphora incerta,PVIIVS,0,,
35649,Canale Giancola,Italia,17.85,40.683333,Brindisian amphora,VISELLI,1,-125,-25
37360,Canale Giancola,Italia,17.85,40.683333,Brindisian amphora,PTOLEMAEI,1,-125,-25
3107,Ostia Antica,Italia,12.283333,41.75,Dressel 20,CLPV,0,,
40648,Brindisi,Italia,17.933333,40.633333,Brindisian amphora,PHILEMONOS,1,-125,-25
29332,Ostia Antica,Italia,12.283333,41.75,Dressel 20,MFFM,0,,
38496,Brindisi,Italia,17.933333,40.633333,Brindisian amphora,APELLAIS,1,-125,-25
4822,Canosa,Italia,16.066667,41.216667,Greco-Itálica,TYXON,1,-400,-100
37562,Canale Giancola,Italia,17.85,40.683333,Brindisian amphora,VISELLI,1,-125,-25
33796,Albinia,Italia,11.25,42.5,Dressel 1,APOL,1,-150,-1
40205,Brindisi,Italia,17.933333,40.633333,Brindisian amphora,DIODOTVS,1,-125,-25
32531,Pegognaga,Italia,10.85,45.0,Dressel 6A,CIVLPOLY,1,-50,-1
37401,Canale Giancola,Italia,17.85,40.683333,Brindisian amphora,STABVA,1,-125,-25
28227,Ostia Antica,Italia,12.283333,41.75,Dressel 20,PNN,0,,
35483,Canale Giancola,Italia,17.85,40.683333,Brindisian amphora,SCOPAS,1,-125,-25
26237,Ostia Antica,Italia,12.283333,41.75,Africana 2D Grande,QSMCH,0,,
32282,Cremona,Italia,10.033333,45.116667,Lamboglia 2,PILO,1,-125,-25
35932,Canale Giancola,Italia,17.85,40.683333,Brindisian amphora,LMARCISATVR,1,-125,-25
26179,Porto Torres,Corsica et Sardinia,8.397222,40.835,Africana 2D Grande,CIPPVB,0,,
35543,Canale Giancola,Italia,17.85,40.683333,Brindisian amphora,SCOPAS,1,-125,-25
40011,Brindisi,Italia,17.933333,40.633333,Brindisian amphora,BAHANO,1,-125,-25
40303,Brindisi,Italia,17.933333,40.633333,Brindisian amphora,GORGIA,1,-125,-25
32837,Padova,Italia,11.883333,45.416667,Dressel 6B,VARIPACI,1,-50,-1
34232,Reggio Emilia,Italia,10.616667,44.616667,Amphora incerta,HIER,0,,
28202,Ostia Antica,Italia,12.283333,41.75,Dressel 20,PNN,0,,
26393,Ljubljana (Emona),Italia,14.514444,46.055278,Dressel 6B,LIVNIPAETI,1,-50,-1
40838,Brindisi,Italia,17.933333,40.633333,Brindisian amphora,SOTERICSOTERIX,1,-125,-25
40277,Brindisi,Italia,17.933333,40.633333,Brindisian amphora,HPAIOC,1,-125,-25
37254,Canale Giancola,Italia,17.85,40.683333,Brindisian amphora,ARCHELLA,1,-125,-25
20532,Tortona,Italia,8.866667,44.9,Amphora incerta,ARIA,0,,
40080,Brindisi,Italia,17.933333,40.633333,Brindisian amphora,BATON,1,-125,-25
40995,Brindisi,Italia,17.933333,40.633333,Brindisian amphora,ANINIANA,1,-125,-25
40060,Brindisi,Italia,17.933333,40.633333,Brindisian amphora,BATON,1,-125,-25
35664,Canale Giancola,Italia,17.85,40.683333,Brindisian amphora,VISELLI,1,-125,-25
37734,Brindisi,Italia,17.933333,40.633333,Brindisian amphora,CANINI,1,-125,-25
35218,Canale Giancola,Italia,17.85,40.683333,Brindisian amphora,HERMAISCI,1,-125,-25
37361,Canale Giancola,Italia,17.85,40.683333,Brindisian amphora,PTOLEMAEI,1,-125,-25
20318,Ostia Antica,Italia,12.283333,41.75,Africana,ATS,0,,
35527,Canale Giancola,Italia,17.85,40.683333,Brindisian amphora,SCOPAS,1,-125,-25
37236,Marciana,Italia,10.166667,42.783333,Amphora incerta,MATVR,0,,
32767,Padova,Italia,11.883333,45.416667,Dressel 6B,LAEK,1,-50,-1
41033,Brindisi,Italia,17.933333,40.633333,Brindisian amphora,ANINIANA,1,-125,-25
36963,Trapani,Sicilia,12.483333,38.016667,Amphora incerta,CVET,0,,
40787,Brindisi,Italia,17.933333,40.633333,Brindisian amphora,PVLADEI,1,-125,-25
35729,Canale Giancola,Italia,17.85,40.683333,Brindisian amphora,VISELLI,1,-125,-25
37881,Brindisi,Italia,17.933333,40.633333,Brindisian amphora,MEXSONI,1,-125,-25
18567,Îles Lavezzi,Corsica et Sardinia,9.254185,41.341096,Dressel 2-4 Catalan,AC,1,-30,-1
36949,Erice,Sicilia,12.583333,38.033333,Dressel 1,RD,1,-150,-1
40842,Brindisi,Italia,17.933333,40.633333,Brindisian amphora,SOTERICSOTERIX,1,-125,-25
32591,Oderzo,Italia,12.488056,45.78,Dressel 6A,MHERPHAE,1,-50,-1
40869,Brindisi,Italia,17.933333,40.633333,Brindisian amphora,STR,1,-125,-25
32688,Oderzo,Italia,12.488056,45.78,Dressel 6B,VARIPACC,1,-50,-1
34519,Canale Giancola,Italia,17.85,40.683333,Brindisian amphora,AENEAE,1,-125,-25
12827,Boscoreale,Italia,14.466667,40.783333,Dressel 20,IVCVNDI,0,,
34965,Canale Giancola,Italia,17.85,40.683333,Brindisian amphora,ARCHELA,1,-125,-25
39276,Brindisi,Italia,17.933333,40.633333,Brindisian amphora,APOLLONI,1,-125,-25
37995,Brindisi,Italia,17.933333,40.633333,Brindisian amphora,PVEBAL,1,-125,-25
35274,Canale Giancola,Italia,17.85,40.683333,Brindisian amphora,LVCAO,1,-125,-25
21121,Tortona,Italia,8.866667,44.9,Dressel 6B,SEPVLLIVM,1,-50,-1
35567,Canale Giancola,Italia,17.85,40.683333,Brindisian amphora,SCOPA,1,-125,-25
33986,Trieste,Italia,13.766667,45.666667,Amphora incerta,CALTEN,0,,
35499,Canale Giancola,Italia,17.85,40.683333,Brindisian amphora,SCOPAS,1,-125,-25
13848,Carlino,Italia,13.188056,45.802222,Dressel 6A,APLA,1,-50,-1
33758,Piadena,Italia,10.366667,45.133333,Lamboglia 2,C,1,-125,-25
40113,Brindisi,Italia,17.933333,40.633333,Brindisian amphora,CTESO,1,-125,-25
37689,Brindisi,Italia,17.933333,40.633333,Brindisian amphora,CANINI,1,-125,-25
35578,Canale Giancola,Italia,17.85,40.683333,Brindisian amphora,SCOPA,1,-125,-25
35848,Canale Giancola,Italia,17.85,40.683333,Brindisian amphora,DAZIO,1,-125,-25
40655,Brindisi,Italia,17.933333,40.633333,Brindisian amphora,PILEMO,1,-125,-25
38248,Brindisi,Italia,17.933333,40.633333,Brindisian amphora,VEHILI,1,-125,-25
37370,Canale Giancola,Italia,17.85,40.683333,Brindisian amphora,RUMA,1,-125,-25
33949,Albinia,Italia,11.25,42.5,Dressel 1C,L,1,-150,-1
26227,Ostia Antica,Italia,12.283333,41.75,Africana 2D Grande,ASYL,0,,
18592,Îles Lavezzi,Corsica et Sardinia,9.254185,41.341096,Dressel 2-4 Catalan,ATT,1,-30,-1
40961,Brindisi,Italia,17.933333,40.633333,Brindisian amphora,ANINIANA,1,-125,-25
34239,Bologna,Italia,11.333333,44.483333,Amphora incerta,LIC,0,,
37462,Canale Giancola,Italia,17.85,40.683333,Brindisian amphora,VISELLI,1,-125,-25
41036,Brindisi,Italia,17.933333,40.633333,Brindisian amphora,ANINIANA,1,-125,-25
32266,Cremona,Italia,10.033333,45.116667,Lamboglia 2,GENT,1,-125,-25
32751,Padova,Italia,11.883333,45.416667,Dressel 6B,CLAEK,1,-50,-1
25317,Sardegna,Corsica et Sardinia,8.44,39.881944,Dolium,OPA,0,,
33019,Padova,Italia,11.883333,45.416667,Dressel 6B,BAR,1,-50,-1
34807,Canale Giancola,Italia,17.85,40.683333,Brindisian amphora,APOLLONIDES,1,-125,-25
39248,Brindisi,Italia,17.933333,40.633333,Brindisian amphora,APOLONI,1,-125,-25
8082,Fiesole,Italia,11.283333,43.8,Dressel 1A,LCINA,1,-150,-1
33005,Padova,Italia,11.883333,45.416667,Dressel 6A,BARB,1,-50,-1
194,Ostia Antica,Italia,12.283333,41.75,Dressel 20,ASVLEIANESE,0,,
37828,Brindisi,Italia,17.933333,40.633333,Brindisian amphora,ACAESELIAFQ,1,-125,-25
40922,Brindisi,Italia,17.933333,40.633333,Lamboglia 2,TARVLA,1,-125,-25
34971,Canale Giancola,Italia,17.85,40.683333,Brindisian amphora,ARCHELAVS,1,-125,-25
35639,Canale Giancola,Italia,17.85,40.683333,Brindisian amphora,VISELLI,1,-125,-25
20294,Ostia Antica,Italia,12.283333,41.75,Dressel 20,LFC,0,,
36127,Torre Valdaliga,Italia,11.75,42.116667,Dressel 2-4,LAETI,1,-30,-1
37436,Canale Giancola,Italia,17.85,40.683333,Brindisian amphora,VISELLI,1,-125,-25
25293,Sardegna,Corsica et Sardinia,8.44,39.881944,Dressel 1,NSCA,1,-150,-1
40058,Brindisi,Italia,17.933333,40.633333,Brindisian amphora,BATON,1,-125,-25
38023,Brindisi,Italia,17.933333,40.633333,Brindisian amphora,CVEHILI,1,-125,-25
35865,Canale Giancola,Italia,17.85,40.683333,Brindisian amphora,DEMETREI,1,-125,-25
38130,Brindisi,Italia,17.933333,40.633333,Brindisian amphora,VEHILI,1,-125,-25
9567,Padova,Italia,11.883333,45.416667,Lamboglia 2,ARTHMALLE,1,-125,-25
38373,Brindisi,Italia,17.933333,40.633333,Brindisian amphora,VEHILI,1,-125,-25
38259,Brindisi,Italia,17.933333,40.633333,Brindisian amphora,VEHILI,1,-125,-25
35315,Canale Giancola,Italia,17.85,40.683333,Brindisian amphora,LVKAON,1,-125,-25
32323,Padova,Italia,11.883333,45.416667,Dressel 2-4,PALBNICEPO,1,-30,-1
27220,Ostia Antica,Italia,12.283333,41.75,Keay 16,QETAVR,0,,
35923,Canale Giancola,Italia,17.85,40.683333,Brindisian amphora,LMARCISATVR,1,-125,-25
32586,Oderzo,Italia,12.488056,45.78,Dressel 6A,COSSII,1,-50,-1
35859,Canale Giancola,Italia,17.85,40.683333,Brindisian amphora,DAZIO,1,-125,-25
34816,Canale Giancola,Italia,17.85,40.683333,Brindisian amphora,APOLONI,1,-125,-25
40442,Brindisi,Italia,17.933333,40.633333,Brindisian amphora,MENAI,1,-125,-25
40082,Brindisi,Italia,17.933333,40.633333,Brindisian amphora,BATON,1,-125,-25
40798,Brindisi,Italia,17.933333,40.633333,Brindisian amphora,PVLADEI,1,-125,-25
29327,Ostia Antica,Italia,12.283333,41.75,Dressel 20,PNN,0,,
35038,Canale Giancola,Italia,17.85,40.683333,Brindisian amphora,DEMETRI,1,-125,-25
34876,Canale Giancola,Italia,17.85,40.683333,Brindisian amphora,ARCHELA,1,-125,-25
36931,Calabria,Italia,17.05,39.266667,Amphora incerta,CAM,0,,
25772,Ostia Antica,Italia,12.283333,41.75,Dressel 20,ASVLEIANESE,0,,
25362,Vercelli,Italia,8.416667,45.316667,Dressel 6B,IOPT,1,-50,-1
9725,Milano,Italia,9.2,45.466667,Lamboglia 2,ANTIO,1,-125,-25
37464,Canale Giancola,Italia,17.85,40.683333,Brindisian amphora,VISELLI,1,-125,-25
37517,Canale Giancola,Italia,17.85,40.683333,Brindisian amphora,VISELLI,1,-125,-25
33890,Albinia,Italia,11.25,42.5,Dressel 1C,DIS,1,-150,-1
10531,Altino,Italia,12.393333,45.544444,Dressel 6B,TEN,1,-50,-1
36808,Vicenza,Italia,11.55,45.55,Dressel 6B,CALTENI,1,-50,-1
28421,Ostia Antica,Italia,12.283333,41.75,Dressel 20,LIT,0,,
33792,Albinia,Italia,11.25,42.5,Dressel 1,APEL,1,-150,-1
19477,Imperia,Italia,8.05,43.883333,Dressel 2-4 Catalan,APO,1,-30,-1
40958,Brindisi,Italia,17.933333,40.633333,Brindisian amphora,ANINIANA,1,-125,-25
33073,Palermo,Sicilia,13.366667,38.116667,Greco-Itálica,QANTRO,1,-400,-100
35428,Canale Giancola,Italia,17.85,40.683333,Brindisian amphora,SCOPAS,1,-125,-25
35015,Canale Giancola,Italia,17.85,40.683333,Brindisian amphora,DEMETRI,1,-125,-25
33956,Albinia,Italia,11.25,42.5,Dressel 1C,N,1,-150,-1
25360,Vercelli,Italia,8.416667,45.316667,Dressel 6B,CLAEBA,1,-50,-1
26181,Porto Torres,Corsica et Sardinia,8.397222,40.835,Africana 2D Grande,COAP,0,,
34192,Modena,Italia,10.9,44.5,Amphora incerta,CIRT,0,,
37659,Brindisi,Italia,17.933333,40.633333,Brindisian amphora,GAIOSANINI,1,-125,-25
33016,Padova,Italia,11.883333,45.416667,Dressel 6B,CRISPINILLAE,1,-50,-1
35595,Canale Giancola,Italia,17.85,40.683333,Brindisian amphora,VISELLI,1,-125,-25
35048,Canale Giancola,Italia,17.85,40.683333,Brindisian amphora,DEMETRI,1,-125,-25
40558,Brindisi,Italia,17.933333,40.633333,Brindisian amphora,MENOPILVS,1,-125,-25
37439,Canale Giancola,Italia,17.85,40.683333,Brindisian amphora,VISELLI,1,-125,-25
34994,Canale Giancola,Italia,17.85,40.683333,Brindisian amphora,DAMATRI,1,-125,-25
35376,Canale Giancola,Italia,17.85,40.683333,Brindisian amphora,LVKAON,1,-125,-25
36782,Vicenza,Italia,11.55,45.55,Dressel 6B,APICI,1,-50,-1
36171,Ancona,Italia,13.5,43.633333,Lamboglia 2,GENTI,1,-125,-25
34977,Canale Giancola,Italia,17.85,40.683333,Brindisian amphora,BAHANO,1,-125,-25
26177,Porto Torres,Corsica et Sardinia,8.397222,40.835,Africana 2D Grande,CAP,0,,
37724,Brindisi,Italia,17.933333,40.633333,Brindisian amphora,CANINI,1,-125,-25
34365,Perugia,Italia,12.366667,43.133333,Operculum,AN,0,,
36788,Vicenza,Italia,11.55,45.55,Dressel 6B,LIVNIPAETI,1,-50,-1
29374,Ostia Antica,Italia,12.283333,41.75,Dressel 20,QFV,0,,
41092,Brindisi,Italia,17.933333,40.633333,Brindisian amphora,VEHILIANA,1,-125,-25
27829,Hochtaunuskreis,Italia,16.2,39.816667,Dressel 20,LFC,0,,
37681,Brindisi,Italia,17.933333,40.633333,Brindisian amphora,CANINI,1,-125,-25
37872,Brindisi,Italia,17.933333,40.633333,Brindisian amphora,MEXSONI,1,-125,-25
37374,Canale Giancola,Italia,17.85,40.683333,Brindisian amphora,SCOPAS,1,-125,-25
32284,Cremona,Italia,10.033333,45.116667,Dressel 2-4,FAV,1,-30,-1
35810,Canale Giancola,Italia,17.85,40.683333,Brindisian amphora,VISELLI,1,-125,-25
20301,Ostia Antica,Italia,12.283333,41.75,Dressel 20,PERSEIPERSEV,0,,
40581,Brindisi,Italia,17.933333,40.633333,Brindisian amphora,NOYMHNIO,1,-125,-25
32680,Oderzo,Italia,12.488056,45.78,Dressel 6B,SEPVLLIVM,1,-50,-1
34822,Canale Giancola,Italia,17.85,40.683333,Brindisian amphora,APOLONI,1,-125,-25
9823,Milano,Italia,9.2,45.466667,Lamboglia 2,VERSO,1,-125,-25
37922,Brindisi,Italia,17.933333,40.633333,Brindisian amphora,LLVC,1,-125,-25
33904,Albinia,Italia,11.25,42.5,Dressel 1C,D,1,-150,-1
35790,Canale Giancola,Italia,17.85,40.683333,Brindisian amphora,VISELLI,1,-125,-25
40928,Brindisi,Italia,17.933333,40.633333,Brindisian amphora,ANINIANA,1,-125,-25
40852,Brindisi,Italia,17.933333,40.633333,Brindisian amphora,SOTERIC,1,-125,-25
39290,Brindisi,Italia,17.933333,40.633333,Brindisian amphora,APOLLONI,1,-125,-25
33905,Albinia,Italia,11.25,42.5,Dressel 1C,D,1,-150,-1
34728,Canale Giancola,Italia,17.85,40.683333,Brindisian amphora,APOLONIDA,1,-125,-25
26147,Brindisi,Italia,17.933333,40.633333,Brindisian amphora,SCOPAS,1,-125,-25
4786,Taranto,Italia,17.229722,40.476111,Brindisian amphora,NICEPOR,1,-125,-25
32853,Padova,Italia,11.883333,45.416667,Dressel 6B,APPVLCR,1,-50,-1
32865,Padova,Italia,11.883333,45.416667,Dressel 6B,VARIPACC,1,-50,-1
27259,Pompeya,Italia,14.483333,40.75,Beltrán 2B,MARPRO,0,,
35803,Canale Giancola,Italia,17.85,40.683333,Brindisian amphora,VISELLI,1,-125,-25
35606,Canale Giancola,Italia,17.85,40.683333,Brindisian amphora,VISELLI,1,-125,-25
35214,Canale Giancola,Italia,17.85,40.683333,Brindisian amphora,HERMAISCI,1,-125,-25
35158,Canale Giancola,Italia,17.85,40.683333,Brindisian amphora,DIOCLES,1,-125,-25
33891,Albinia,Italia,11.25,42.5,Dressel 1C,DIS,1,-150,-1
37449,Canale Giancola,Italia,17.85,40.683333,Brindisian amphora,VISELLI,1,-125,-25
40499,Brindisi,Italia,17.933333,40.633333,Brindisian amphora,MENECRATES,1,-125,-25
41020,Brindisi,Italia,17.933333,40.633333,Brindisian amphora,ANINIANA,1,-125,-25
37698,Brindisi,Italia,17.933333,40.633333,Brindisian amphora,CANINI,1,-125,-25
4714,Ostia Antica,Italia,12.283333,41.75,Dressel 2-4 Catalan,ALB,1,-30,-1
32610,Oderzo,Italia,12.488056,45.78,Dressel 6B,PCQVIR,1,-50,-1
26346,Luni,Italia,9.983333,44.066667,Africana 2D Grande,A,0,,
28221,Ostia Antica,Italia,12.283333,41.75,Dressel 20,PNN,0,,
10584,Altino,Italia,12.393333,45.544444,Dressel 6A,VE,1,-50,-1
19614,Tortona,Italia,8.866667,44.9,Amphora incerta,SAECA,0,,
9650,Padova,Italia,11.883333,45.416667,Amphora incerta,CLAEKBASSI,0,,
38497,Brindisi,Italia,17.933333,40.633333,Brindisian amphora,APELLAIS,1,-125,-25
26184,Porto Torres,Corsica et Sardinia,8.397222,40.835,Africana,MAR,0,,
35879,Canale Giancola,Italia,17.85,40.683333,Brindisian amphora,PROTAGATHVS,1,-125,-25
37461,Canale Giancola,Italia,17.85,40.683333,Brindisian amphora,VISELLI,1,-125,-25
4738,Brindisi,Italia,17.933333,40.633333,Brindisian amphora,VHEILI,1,-125,-25
36802,Vicenza,Italia,11.55,45.55,Dressel 6B,PACCI,1,-50,-1
33728,Ostiglia,Italia,11.133333,45.066667,Dressel 6A,EROSCEPIDIENI,1,-50,-1
33446,Modena,Italia,10.916667,44.666667,Dressel 1B,MTATTIBLANDI,1,-150,-1
35324,Canale Giancola,Italia,17.85,40.683333,Brindisian amphora,LVKAON,1,-125,-25
33847,Albinia,Italia,11.25,42.5,Dressel 1C,ARS,1,-150,-1
35089,Canale Giancola,Italia,17.85,40.683333,Brindisian amphora,DIOCLES,1,-125,-25
36187,Ancona,Italia,13.5,43.633333,Lamboglia 2,PLATE,1,-125,-25
41023,Brindisi,Italia,17.933333,40.633333,Brindisian amphora,ANINIANA,1,-125,-25
35850,Canale Giancola,Italia,17.85,40.683333,Brindisian amphora,DAZIO,1,-125,-25
32655,Oderzo,Italia,12.488056,45.78,Dressel 6B,NICOMEDE,1,-50,-1
36176,Ancona,Italia,13.5,43.633333,Lamboglia 2,MAHE,1,-125,-25
34586,Canale Giancola,Italia,17.85,40.683333,Brindisian amphora,APELLAE,1,-125,-25
35507,Canale Giancola,Italia,17.85,40.683333,Brindisian amphora,SCOPAS,1,-125,-25
35423,Canale Giancola,Italia,17.85,40.683333,Brindisian amphora,SCOPAS,1,-125,-25
37965,Brindisi,Italia,17.933333,40.633333,Brindisian amphora,QOBVLTRON,1,-125,-25
37500,Canale Giancola,Italia,17.85,40.683333,Brindisian amphora,VISELLI,1,-125,-25
34106,Sirignano,Sicilia,12.95,37.883333,Dressel 21-22,MAESTANE,0,,
38263,Brindisi,Italia,17.933333,40.633333,Brindisian amphora,VEHILI,1,-125,-25
40091,Brindisi,Italia,17.933333,40.633333,Brindisian amphora,BATON,1,-125,-25
37832,Brindisi,Italia,17.933333,40.633333,Brindisian amphora,ACAESELIAFQ,1,-125,-25
7209,Ostia Antica,Italia,12.283333,41.75,Dressel 20,EVI,0,,
33901,Albinia,Italia,11.25,42.5,Dressel 1C,D,1,-150,-1
32766,Padova,Italia,11.883333,45.416667,Dressel 6B,H,1,-50,-1
38187,Brindisi,Italia,17.933333,40.633333,Brindisian amphora,VEHILI,1,-125,-25
20342,Ostia Antica,Italia,12.283333,41.75,Amphora incerta,SEXVIBICRESCENTIS,0,,
33878,Albinia,Italia,11.25,42.5,Dressel 1C,DAS,1,-150,-1
32786,Padova,Italia,11.883333,45.416667,Dressel 6B,LAE,1,-50,-1
37699,Brindisi,Italia,17.933333,40.633333,Brindisian amphora,CANINI,1,-125,-25
7211,Ostia Antica,Italia,12.283333,41.75,Dressel 20,CENNIHISPANI,0,,
37895,Brindisi,Italia,17.933333,40.633333,Brindisian amphora,LFANNI,1,-125,-25
35145,Canale Giancola,Italia,17.85,40.683333,Brindisian amphora,DIOCLES,1,-125,-25
25375,Cosa,Italia,12.896389,46.057778,Dressel 1B,H,1,-150,-1
34921,Canale Giancola,Italia,17.85,40.683333,Brindisian amphora,ARCHELA,1,-125,-25
38158,Brindisi,Italia,17.933333,40.633333,Brindisian amphora,VEHILI,1,-125,-25
38307,Brindisi,Italia,17.933333,40.633333,Brindisian amphora,VEHILI,1,-125,-25
4838,Brindisi,Italia,17.933333,40.633333,Brindisian amphora,PROTAGATHVS,1,-125,-25
32878,Padova,Italia,11.883333,45.416667,Dressel 6B,APICI,1,-50,-1
20285,Ostia Antica,Italia,12.283333,41.75,Dressel 20,ATMARS,0,,
35467,Canale Giancola,Italia,17.85,40.683333,Brindisian amphora,SCOPAS,1,-125,-25
40134,Brindisi,Italia,17.933333,40.633333,Brindisian amphora,DAMA,1,-125,-25
35287,Canale Giancola,Italia,17.85,40.683333,Brindisian amphora,LVKAON,1,-125,-25
34654,Canale Giancola,Italia,17.85,40.683333,Brindisian amphora,APOLLONID,1,-125,-25
40227,Brindisi,Italia,17.933333,40.633333,Brindisian amphora,DOCO,1,-125,-25
29241,Ostia Antica,Italia,12.283333,41.75,Dressel 20,FLFBA,0,,
34243,Arezzo,Italia,11.883333,43.416667,Amphora incerta,LVSICLE,0,,
33970,Lodi Vecchio,Italia,9.4,45.3,Amphora incerta,FELICIO,0,,
32639,Oderzo,Italia,12.488056,45.78,Dressel 6B,COLTO,1,-50,-1
38090,Brindisi,Italia,17.933333,40.633333,Brindisian amphora,VEHILI,1,-125,-25
37460,Canale Giancola,Italia,17.85,40.683333,Brindisian amphora,VISELLI,1,-125,-25
38420,Brindisi,Italia,17.933333,40.633333,Brindisian amphora,APELLES,1,-125,-25
32335,Populonia,Italia,10.483333,42.983333,Brindisian amphora,MTVCCILFTROCALEONTVS,1,-125,-25
39227,Brindisi,Italia,17.933333,40.633333,Brindisian amphora,APOLONI,1,-125,-25
32868,Padova,Italia,11.883333,45.416667,Dressel 6B,LCORNELIAMICI,1,-50,-1
34933,Canale Giancola,Italia,17.85,40.683333,Brindisian amphora,ARCHELA,1,-125,-25
33811,Albinia,Italia,11.25,42.5,Dressel 1,NICIA,1,-150,-1
40379,Brindisi,Italia,17.933333,40.633333,Brindisian amphora,LEONTISCVS,1,-125,-25
40448,Brindisi,Italia,17.933333,40.633333,Brindisian amphora,MENA,1,-125,-25
38327,Brindisi,Italia,17.933333,40.633333,Brindisian amphora,VEHILI,1,-125,-25
27284,Ostia Antica,Italia,12.283333,41.75,Keay 16,OLYNT,0,,
28452,Ostia Antica,Italia,12.283333,41.75,Dressel 20,LIVNIMELISSI,0,,
28251,Ostia Antica,Italia,12.283333,41.75,Dressel 20,PNN,0,,
13837,Marano Lagunare,Italia,13.169167,45.766389,Dressel 6B,LFVFICPRIN,1,-50,-1
4845,Taranto,Italia,17.229722,40.476111,Dressel 2-4,AP,1,-30,-1
36169,Ancona,Italia,13.5,43.633333,Lamboglia 2,EVNUS,1,-125,-25
35073,Canale Giancola,Italia,17.85,40.683333,Brindisian amphora,DIOCLES,1,-125,-25
39305,Brindisi,Italia,17.933333,40.633333,Brindisian amphora,APOLLONIMA,1,-125,-25
34859,Canale Giancola,Italia,17.85,40.683333,Brindisian amphora,ARCHELA,1,-125,-25
27075,Islas de Tremiti,Italia,15.5,42.116667,Lamboglia 2,CATR,1,-125,-25
41079,Brindisi,Italia,17.933333,40.633333,Brindisian amphora,ANINIANA,1,-125,-25
35636,Canale Giancola,Italia,17.85,40.683333,Brindisian amphora,VISELLI,1,-125,-25
35011,Canale Giancola,Italia,17.85,40.683333,Brindisian amphora,DEMETRI,1,-125,-25
34259,Perugia,Italia,12.366667,43.133333,Amphora incerta,LPOBLIC,0,,
36934,Trapani,Sicilia,12.483333,38.016667,Amphora incerta,DASI,0,,
36912,Pompeya,Italia,14.483333,40.75,Amphora incerta,IVCVNDVSSVRRENTIN,0,,
34593,Canale Giancola,Italia,17.85,40.683333,Brindisian amphora,APELLAE,1,-125,-25
25296,Sardegna,Corsica et Sardinia,8.44,39.881944,Amphora incerta,VRPA,0,,
38483,Brindisi,Italia,17.933333,40.633333,Brindisian amphora,APELAES,1,-125,-25
10527,Altino,Italia,12.393333,45.544444,Dressel 2-4,SVRI,1,-30,-1
34222,Modena,Italia,10.9,44.5,Amphora incerta,ANCHA,0,,
35321,Canale Giancola,Italia,17.85,40.683333,Brindisian amphora,LVKAON,1,-125,-25
37366,Canale Giancola,Italia,17.85,40.683333,Brindisian amphora,PTOLEMAEI,1,-125,-25
36201,Ancona,Italia,13.5,43.633333,Lamboglia 2,ICO,1,-125,-25
32804,Padova,Italia,11.883333,45.416667,Dressel 6A,LL,1,-50,-1
17174,Este,Italia,11.65,45.233333,Dressel 6B,VARIPACCI,1,-50,-1
20316,Isola Sacra,Italia,12.25,41.75,Africana,IO,0,,
40980,Brindisi,Italia,17.933333,40.633333,Brindisian amphora,ANINIANA,1,-125,-25
40106,Brindisi,Italia,17.933333,40.633333,Brindisian amphora,CTESO,1,-125,-25
9716,Milano,Italia,9.2,45.466667,Lamboglia 2,ABNA,1,-125,-25
33753,Cesena,Italia,12.249722,44.143333,Amphora incerta,HOMVNC,0,,
40941,Brindisi,Italia,17.933333,40.633333,Brindisian amphora,ANINIANA,1,-125,-25
38284,Brindisi,Italia,17.933333,40.633333,Brindisian amphora,VEHILI,1,-125,-25
18622,Îles Lavezzi,Corsica et Sardinia,9.254185,41.341096,Dressel 2-4 Catalan,VIC,1,-30,-1
32769,Padova,Italia,11.883333,45.416667,Dressel 6B,IALIS,1,-50,-1
28520,Ostia Antica,Italia,12.283333,41.75,Dressel 20,FOLS,0,,
33072,Lilibeo,Sicilia,12.416667,37.8,Greco-Itálica,QANTRO,1,-400,-100
37519,Canale Giancola,Italia,17.85,40.683333,Brindisian amphora,VISELLI,1,-125,-25
34310,Modena,Italia,10.9,44.5,Amphora incerta,MAHE,0,,
32658,Oderzo,Italia,12.488056,45.78,Dressel 6B,PAGAN,1,-50,-1
34293,Perugia,Italia,12.366667,43.133333,Amphora incerta,LVOESIVS,0,,
18611,Îles Lavezzi,Corsica et Sardinia,9.254185,41.341096,Dressel 2-4 Catalan,VIC,1,-30,-1
9627,Padova,Italia,11.883333,45.416667,Dressel 6A,TANTHI,1,-50,-1
40041,Brindisi,Italia,17.933333,40.633333,Brindisian amphora,BAHANO,1,-125,-25
35902,Canale Giancola,Italia,17.85,40.683333,Brindisian amphora,LMARCISATVR,1,-125,-25
41086,Narni,Italia,12.516667,42.516667,Brindisian amphora,ANI,1,-125,-25
40957,Brindisi,Italia,17.933333,40.633333,Brindisian amphora,ANINIANA,1,-125,-25
33730,Ostiglia,Italia,11.133333,45.066667,Amphora incerta,FELIXANTON,0,,
35863,Canale Giancola,Italia,17.85,40.683333,Brindisian amphora,DAZIO,1,-125,-25
39967,Ostia Antica,Italia,12.283333,41.75,Dressel 20,CSERH,0,,
41015,Brindisi,Italia,17.933333,40.633333,Brindisian amphora,ANINIANA,1,-125,-25
35648,Canale Giancola,Italia,17.85,40.683333,Brindisian amphora,VISELLI,1,-125,-25
40538,Brindisi,Italia,17.933333,40.633333,Brindisian amphora,MENOPILVS,1,-125,-25
7214,Ostia Antica,Italia,12.283333,41.75,Dressel 20,LFC,0,,
32803,Padova,Italia,11.883333,45.416667,Dressel 6A,CAEAV,1,-50,-1
37525,Canale Giancola,Italia,17.85,40.683333,Brindisian amphora,VISELLI,1,-125,-25
36852,Vicenza,Italia,11.55,45.55,Dressel 6B,SISENNAE,1,-50,-1
36925,Trapani,Sicilia,12.483333,38.016667,Amphora incerta,NALFINF,0,,
9753,Calvatone,Italia,10.433333,45.116667,Lamboglia 2,DIOD,1,-125,-25
35202,Canale Giancola,Italia,17.85,40.683333,Brindisian amphora,HERMAISCI,1,-125,-25
20344,Ostia Antica,Italia,12.283333,41.75,Dressel 20,ARVA,0,,
40984,Brindisi,Italia,17.933333,40.633333,Brindisian amphora,ANINIANA,1,-125,-25
4775,Brindisi,Italia,17.933333,40.633333,Brindisian amphora,BATON,1,-125,-25
40017,Brindisi,Italia,17.933333,40.633333,Brindisian amphora,BAHANO,1,-125,-25
40050,Parma,Italia,10.333333,44.8,Brindisian amphora,BAHANO,1,-125,-25
34633,Canale Giancola,Italia,17.85,40.683333,Brindisian amphora,APOLLONID,1,-125,-25
32650,Oderzo,Italia,12.488056,45.78,Dressel 6B,CLAEKBASSI,1,-50,-1
18599,Îles Lavezzi,Corsica et Sardinia,9.254185,41.341096,Dressel 2-4 Catalan,CELSI,1,-30,-1
7224,Ostia Antica,Italia,12.283333,41.75,Dressel 20,M,0,,
34511,Canale Giancola,Italia,17.85,40.683333,Brindisian amphora,AENEAS,1,-125,-25
33951,Albinia,Italia,11.25,42.5,Dressel 1C,L,1,-150,-1
37362,Canale Giancola,Italia,17.85,40.683333,Brindisian amphora,PTOLEMAEI,1,-125,-25
32816,Padova,Italia,11.883333,45.416667,Dressel 6B,CHEL,1,-50,-1
35107,Canale Giancola,Italia,17.85,40.683333,Brindisian amphora,DIOCLES,1,-125,-25
35144,Canale Giancola,Italia,17.85,40.683333,Brindisian amphora,DIOCLES,1,-125,-25
8634,Ugento,Italia,18.166667,39.933333,Amphora incerta,FELIXPVLLI,0,,
38457,Brindisi,Italia,17.933333,40.633333,Brindisian amphora,APELAES,1,-125,-25
34707,Canale Giancola,Italia,17.85,40.683333,Brindisian amphora,APOLONIDA,1,-125,-25
36734,Padova,Italia,11.883333,45.416667,Dressel 6B,CLAEKBASSI,1,-50,-1
35511,Canale Giancola,Italia,17.85,40.683333,Brindisian amphora,SCOPAS,1,-125,-25
33809,Albinia,Italia,11.25,42.5,Dressel 1,NICIA,1,-150,-1
37349,Canale Giancola,Italia,17.85,40.683333,Brindisian amphora,PHILIPI,1,-125,-25
35493,Canale Giancola,Italia,17.85,40.683333,Brindisian amphora,SCOPAS,1,-125,-25
40684,Brindisi,Italia,17.933333,40.633333,Brindisian amphora,PILEMO,1,-125,-25
32808,Padova,Italia,11.883333,45.416667,Amphora incerta,PIES,0,,
25403,Cosa,Italia,12.896389,46.057778,Dressel 1B,SIGNUM,1,-150,-1
34777,Canale Giancola,Italia,17.85,40.683333,Brindisian amphora,APOLLONIDES,1,-125,-25
32653,Oderzo,Italia,12.488056,45.78,Dressel 6B,HERME,1,-50,-1
4789,Taranto,Italia,17.229722,40.476111,Lamboglia 2,MENOLA,1,-125,-25
33732,Ostiglia,Italia,11.133333,45.066667,Dressel 6B,CLAEKBASSI,1,-50,-1
33725,Ostiglia,Italia,11.133333,45.066667,Dressel 6A,COPONI,1,-50,-1
35956,Canale Giancola,Italia,17.85,40.683333,Brindisian amphora,CNPETROSOSTR,1,-125,-25
35656,Canale Giancola,Italia,17.85,40.683333,Brindisian amphora,VISELLI,1,-125,-25
4846,Taranto,Italia,17.229722,40.476111,Lamboglia 2,SOCRATCRAS,1,-125,-25
33658,Ficarolo,Italia,11.433333,44.95,Amphora incerta,TVETTIMACRI,0,,
35659,Canale Giancola,Italia,17.85,40.683333,Brindisian amphora,VISELLI,1,-125,-25
26208,Ostia Antica,Italia,12.283333,41.75,Africana 2D Grande,COLLEPFELIC,0,,
40513,Brindisi,Italia,17.933333,40.633333,Brindisian amphora,MENECRATES,1,-125,-25
36825,Vicenza,Italia,11.55,45.55,Dressel 6B,CAEBIIIX,1,-50,-1
38440,Brindisi,Italia,17.933333,40.633333,Brindisian amphora,APELAES,1,-125,-25
4715,Canoneghe,Italia,11.916667,45.433333,Dressel 6B,PQSCAPVLAE,1,-50,-1
37534,Canale Giancola,Italia,17.85,40.683333,Brindisian amphora,VISELLI,1,-125,-25
36184,Ancona,Italia,13.5,43.633333,Lamboglia 2,PHILO,1,-125,-25
35618,Canale Giancola,Italia,17.85,40.683333,Brindisian amphora,VISELLI,1,-125,-25
32640,Oderzo,Italia,12.488056,45.78,Dressel 6B,CLB,1,-50,-1
35846,Canale Giancola,Italia,17.85,40.683333,Brindisian amphora,DAZIO,1,-125,-25
19413,Tortona,Italia,8.866667,44.9,Amphora incerta,SIM,0,,
29389,Ostia Antica,Italia,12.283333,41.75,Dressel 20,MFVSCI,0,,
39242,Brindisi,Italia,17.933333,40.633333,Brindisian amphora,APOLONI,1,-125,-25
35389,Canale Giancola,Italia,17.85,40.683333,Brindisian amphora,LVKAON,1,-125,-25
34544,Canale Giancola,Italia,17.85,40.683333,Brindisian amphora,APELLAE,1,-125,-25
35331,Canale Giancola,Italia,17.85,40.683333,Brindisian amphora,LVKAON,1,-125,-25
20396,Tortona,Italia,8.866667,44.9,Amphora incerta,CEN,0,,
32842,Padova,Italia,11.883333,45.416667,Dressel 6B,CD,1,-50,-1
35671,Canale Giancola,Italia,17.85,40.683333,Brindisian amphora,VISELLI,1,-125,-25
27832,Hochtaunuskreis,Italia,16.2,39.816667,Dressel 20,DFN,0,,
38088,Brindisi,Italia,17.933333,40.633333,Brindisian amphora,VEHILI,1,-125,-25
33974,Sassuolo,Italia,10.783333,44.55,Dressel 2-4,EROSMARCI,1,-30,-1
29296,Ostia Antica,Italia,12.283333,41.75,Dressel 20,LFC,0,,
28453,Ostia Antica,Italia,12.283333,41.75,Dressel 20,LIVNIMELISSI,0,,
29529,Ostia Antica,Italia,12.283333,41.75,Dressel 20,FSCIMNIANO,0,,
35756,Canale Giancola,Italia,17.85,40.683333,Brindisian amphora,VISELLI,1,-125,-25
35934,Canale Giancola,Italia,17.85,40.683333,Dolium,LMARCISATVR,0,,
9819,Milano,Italia,9.2,45.466667,Lamboglia 2,SIANDAE,1,-125,-25
36942,Sicilia,Sicilia,15.1,37.5,Amphora incerta,QLE,0,,
40421,Brindisi,Italia,17.933333,40.633333,Brindisian amphora,LVCRIOAPPVLEI,1,-125,-25
35577,Canale Giancola,Italia,17.85,40.683333,Brindisian amphora,SCOPA,1,-125,-25
37999,Brindisi,Italia,17.933333,40.633333,Brindisian amphora,PVEBAL,1,-125,-25
35713,Canale Giancola,Italia,17.85,40.683333,Brindisian amphora,VISELLI,1,-125,-25
33028,Padova,Italia,11.883333,45.416667,Dressel 2-4,PALBN,1,-30,-1
35285,Canale Giancola,Italia,17.85,40.683333,Brindisian amphora,LVKAON,1,-125,-25
36755,Vicenza,Italia,11.55,45.55,Dressel 6A,AEBIDIE,1,-50,-1
38047,Brindisi,Italia,17.933333,40.633333,Brindisian amphora,CVEHILI,1,-125,-25
35442,Canale Giancola,Italia,17.85,40.683333,Brindisian amphora,SCOPAS,1,-125,-25
35895,Canale Giancola,Italia,17.85,40.683333,Brindisian amphora,CAVILF,1,-125,-25
37368,Canale Giancola,Italia,17.85,40.683333,Brindisian amphora,RUMA,1,-125,-25
40714,Brindisi,Italia,17.933333,40.633333,Brindisian amphora,PTOLEMAE,1,-125,-25
35407,Canale Giancola,Italia,17.85,40.683333,Brindisian amphora,MENOPHIL,1,-125,-25
35129,Canale Giancola,Italia,17.85,40.683333,Brindisian amphora,DIOCLES,1,-125,-25
37383,Canale Giancola,Italia,17.85,40.683333,Brindisian amphora,SCOPAS,1,-125,-25
33701,Faenza,Italia,11.883333,44.283333,Amphora incerta,APHRO,0,,
38183,Brindisi,Italia,17.933333,40.633333,Brindisian amphora,VEHILI,1,-125,-25
35259,Canale Giancola,Italia,17.85,40.683333,Brindisian amphora,LVCAO,1,-125,-25
37390,Canale Giancola,Italia,17.85,40.683333,Brindisian amphora,SCOPAS,1,-125,-25
40805,Brindisi,Italia,17.933333,40.633333,Brindisian amphora,SOC,1,-125,-25
40322,Brindisi,Italia,17.933333,40.633333,Brindisian amphora,GORGIA,1,-125,-25
35203,Canale Giancola,Italia,17.85,40.683333,Brindisian amphora,HERMAISCI,1,-125,-25
33097,Erice,Sicilia,12.583333,38.033333,Greco-Itálica,TRLOISIO,1,-400,-100
10573,Altino,Italia,12.393333,45.544444,Dressel 6B,AEN,1,-50,-1
33815,Albinia,Italia,11.25,42.5,Dressel 1,MAHE,1,-150,-1
40954,Brindisi,Italia,17.933333,40.633333,Brindisian amphora,ANINIANA,1,-125,-25
41076,Brindisi,Italia,17.933333,40.633333,Brindisian amphora,ANINIANA,1,-125,-25
35690,Canale Giancola,Italia,17.85,40.683333,Brindisian amphora,VISELLI,1,-125,-25
37338,Canale Giancola,Italia,17.85,40.683333,Brindisian amphora,MANISA,1,-125,-25
33727,Ostiglia,Italia,11.133333,45.066667,Dressel 6A,DIOCHARESHOS,1,-50,-1
26212,Ostia Antica,Italia,12.283333,41.75,Africana 2D Grande,TOPHCOL,0,,
40526,Brindisi,Italia,17.933333,40.633333,Brindisian amphora,MENOPILVS,1,-125,-25
40621,Brindisi,Italia,17.933333,40.633333,Brindisian amphora,PERDICAS,1,-125,-25
35253,Canale Giancola,Italia,17.85,40.683333,Brindisian amphora,LVCAO,1,-125,-25
29284,Ostia Antica,Italia,12.283333,41.75,Dressel 20,LFC,0,,
20292,Ostia Antica,Italia,12.283333,41.75,Dressel 20,XIIIIHP,0,,
40512,Brindisi,Italia,17.933333,40.633333,Brindisian amphora,MENECRATES,1,-125,-25
40990,Brindisi,Italia,17.933333,40.633333,Brindisian amphora,ANINIANA,1,-125,-25
35374,Canale Giancola,Italia,17.85,40.683333,Brindisian amphora,LVKAON,1,-125,-25
33861,Albinia,Italia,11.25,42.5,Dressel 1C,ARS,1,-150,-1
35364,Canale Giancola,Italia,17.85,40.683333,Brindisian amphora,LVKAON,1,-125,-25
37515,Canale Giancola,Italia,17.85,40.683333,Brindisian amphora,VISELLI,1,-125,-25
36933,Trapani,Sicilia,12.483333,38.016667,Amphora incerta,MDLIO,0,,
35832,Canale Giancola,Italia,17.85,40.683333,Brindisian amphora,CERDO,1,-125,-25
4757,Brindisi,Italia,17.933333,40.633333,Brindisian amphora,ANTIOXOY,1,-125,-25
26469,Ostia Antica,Italia,12.283333,41.75,Dressel 20,CAS,0,,
37503,Canale Giancola,Italia,17.85,40.683333,Brindisian amphora,VISELLI,1,-125,-25
34535,Canale Giancola,Italia,17.85,40.683333,Brindisian amphora,APELLAE,1,-125,-25
25314,Sardegna,Corsica et Sardinia,8.44,39.881944,Dolium,ATO,0,,
39240,Brindisi,Italia,17.933333,40.633333,Brindisian amphora,APOLONI,1,-125,-25
32699,Oderzo,Italia,12.488056,45.78,Dressel 6B,NE,1,-50,-1
40629,Brindisi,Italia,17.933333,40.633333,Brindisian amphora,PERDICAS,1,-125,-25
19490,Imperia,Italia,8.05,43.883333,Dressel 2-4 Catalan,STTS,1,-30,-1
25367,Vercelli,Italia,8.416667,45.316667,Dressel 20,DIN,0,,
20320,Ostia Antica,Italia,12.283333,41.75,Africana 1 Piccolo,COL,0,,
33039,Padova,Italia,11.883333,45.416667,Ignotus,COTDRAT,0,,
39320,Brindisi,Italia,17.933333,40.633333,Brindisian amphora,APOLNVEB,1,-125,-25
26516,Ostia Antica,Italia,12.283333,41.75,Dressel 20,AVGN,0,,
34168,Bologna,Italia,11.333333,44.483333,Amphora incerta,LANINISVRF,0,,
40585,Brindisi,Italia,17.933333,40.633333,Brindisian amphora,NOYMHNIO,1,-125,-25
35179,Canale Giancola,Italia,17.85,40.683333,Brindisian amphora,HERMAISCI,1,-125,-25
35758,Canale Giancola,Italia,17.85,40.683333,Brindisian amphora,VISELLI,1,-125,-25
40251,Brindisi,Italia,17.933333,40.633333,Brindisian amphora,HPAIOC,1,-125,-25
37590,San Cataldo,Italia,18.3,40.383333,Brindisian amphora,DEMETRI,1,-125,-25
23176,Tortona,Italia,8.866667,44.9,Dressel 6B,IMPAVGGER,1,-50,-1
34939,Canale Giancola,Italia,17.85,40.683333,Brindisian amphora,ARCHELA,1,-125,-25
21118,Tortona,Italia,8.866667,44.9,Dressel 6B,LTROPTATI,1,-50,-1
38022,Brindisi,Italia,17.933333,40.633333,Brindisian amphora,CVEHILI,1,-125,-25
9652,Padova,Italia,11.883333,45.416667,Amphora incerta,MINVCE,0,,
35517,Canale Giancola,Italia,17.85,40.683333,Brindisian amphora,SCOPAS,1,-125,-25
32585,Oderzo,Italia,12.488056,45.78,Dressel 6A,TICLS,1,-50,-1
40226,Brindisi,Italia,17.933333,40.633333,Brindisian amphora,DIOPANTVS,1,-125,-25
18660,Îles Perduto,Corsica et Sardinia,9.305129,41.369872,Dressel 2-4 Catalan,CISSI,1,-30,-1
40190,Brindisi,Italia,17.933333,40.633333,Brindisian amphora,DIODOTVS,1,-125,-25
37879,Brindisi,Italia,17.933333,40.633333,Brindisian amphora,MEXSONI,1,-125,-25
35108,Canale Giancola,Italia,17.85,40.683333,Brindisian amphora,DIOCLES,1,-125,-25
37498,Canale Giancola,Italia,17.85,40.683333,Brindisian amphora,VISELLI,1,-125,-25
28204,Ostia Antica,Italia,12.283333,41.75,Dressel 20,PNN,0,,
34233,Provincia di Parma,Italia,10.083333,44.7,Amphora incerta,PAR,0,,
29654,Ostia Antica,Italia,12.283333,41.75,Dressel 20,VIN,0,,
34666,Canale Giancola,Italia,17.85,40.683333,Brindisian amphora,APOLLONID,1,-125,-25
35337,Canale Giancola,Italia,17.85,40.683333,Brindisian amphora,LVKAON,1,-125,-25
37225,Civitavecchia,Italia,11.8,42.1,Dressel 20,MAR,0,,
35087,Canale Giancola,Italia,17.85,40.683333,Brindisian amphora,DIOCLES,1,-125,-25
36827,Vicenza,Italia,11.55,45.55,Dressel 6B,FELIXSCR,1,-50,-1
40246,Brindisi,Italia,17.933333,40.633333,Brindisian amphora,EPICADVS,1,-125,-25
19475,Imperia,Italia,8.05,43.883333,Dressel 2-4 Catalan,APO,1,-30,-1
34943,Canale Giancola,Italia,17.85,40.683333,Brindisian amphora,ARCHELA,1,-125,-25
40004,Brindisi,Italia,17.933333,40.633333,Brindisian amphora,BAHANO,1,-125,-25
9668,Padova,Italia,11.883333,45.416667,Amphora incerta,PSASF,0,,
25679,Ostia Antica,Italia,12.283333,41.75,Dressel 20,PORTAN,0,,
9646,Padova,Italia,11.883333,45.416667,Amphora incerta,CLAE,0,,
35928,Canale Giancola,Italia,17.85,40.683333,Brindisian amphora,LMARCISATVR,1,-125,-25
29258,Ostia Antica,Italia,12.283333,41.75,Dressel 20,LFC,0,,
34576,Canale Giancola,Italia,17.85,40.683333,Brindisian amphora,APELLAE,1,-125,-25
37328,Canale Giancola,Italia,17.85,40.683333,Brindisian amphora,MANISA,1,-125,-25
40937,Brindisi,Italia,17.933333,40.633333,Brindisian amphora,ANINIANA,1,-125,-25
36202,Ancona,Italia,13.5,43.633333,Lamboglia 2,IDI,1,-125,-25
37303,Canale Giancola,Italia,17.85,40.683333,Brindisian amphora,EPIGENVS,1,-125,-25
41028,Brindisi,Italia,17.933333,40.633333,Brindisian amphora,ANINIANA,1,-125,-25
39231,Brindisi,Italia,17.933333,40.633333,Brindisian amphora,APOLONI,1,-125,-25
4765,Brindisi,Italia,17.933333,40.633333,Brindisian amphora,PILEMO,1,-125,-25
35672,Canale Giancola,Italia,17.85,40.683333,Brindisian amphora,VISELLI,1,-125,-25
34369,Modena,Italia,10.9,44.5,Operculum,X,0,,
40317,Brindisi,Italia,17.933333,40.633333,Brindisian amphora,GORGIA,1,-125,-25
10549,Altino,Italia,12.393333,45.544444,Dressel 6A,PAPIAHOS,1,-50,-1
18570,Îles Lavezzi,Corsica et Sardinia,9.254185,41.341096,Dressel 2-4 Catalan,AD,1,-30,-1
35677,Canale Giancola,Italia,17.85,40.683333,Brindisian amphora,VISELLI,1,-125,-25
34916,Canale Giancola,Italia,17.85,40.683333,Brindisian amphora,ARCHELA,1,-125,-25
34538,Canale Giancola,Italia,17.85,40.683333,Brindisian amphora,APELLAE,1,-125,-25
20306,Ostia Antica,Italia,12.283333,41.75,Africana,TCO,0,,
35194,Canale Giancola,Italia,17.85,40.683333,Brindisian amphora,HERMAISCI,1,-125,-25
18655,Îles Perduto,Corsica et Sardinia,9.305129,41.369872,Dressel 2-4 Catalan,CISSI,1,-30,-1
34648,Canale Giancola,Italia,17.85,40.683333,Brindisian amphora,APOLLONID,1,-125,-25
35452,Canale Giancola,Italia,17.85,40.683333,Brindisian amphora,SCOPAS,1,-125,-25
33941,Albinia,Italia,11.25,42.5,Dressel 1C,L,1,-150,-1
37508,Canale Giancola,Italia,17.85,40.683333,Brindisian amphora,VISELLI,1,-125,-25
29585,Ostia Antica,Italia,12.283333,41.75,Dressel 20,CSTERTINIPAVLLINI,0,,
38292,Brindisi,Italia,17.933333,40.633333,Brindisian amphora,VEHILI,1,-125,-25
34366,Provincia di Parma,Italia,10.083333,44.7,Operculum,SOS,0,,
35457,Canale Giancola,Italia,17.85,40.683333,Brindisian amphora,SCOPAS,1,-125,-25
35973,Canale Giancola,Italia,17.85,40.683333,Brindisian amphora,CNPETROSOSTR,1,-125,-25
39233,Brindisi,Italia,17.933333,40.633333,Brindisian amphora,APOLONI,1,-125,-25
18913,Tortona,Italia,8.866667,44.9,Amphora incerta,EP,0,,
40537,Brindisi,Italia,17.933333,40.633333,Brindisian amphora,MENOPILVS,1,-125,-25
34918,Canale Giancola,Italia,17.85,40.683333,Brindisian amphora,ARCHELA,1,-125,-25
38426,Brindisi,Italia,17.933333,40.633333,Brindisian amphora,APELLAE,1,-125,-25
29260,Ostia Antica,Italia,12.283333,41.75,Dressel 20,LFC,0,,
35114,Canale Giancola,Italia,17.85,40.683333,Brindisian amphora,DIOCLES,1,-125,-25
34582,Canale Giancola,Italia,17.85,40.683333,Brindisian amphora,APELLAE,1,-125,-25
21022,Tortona,Italia,8.866667,44.9,Amphora incerta,MAA,0,,
4848,Villetelle,Italia,6.866667,44.066667,Gauloise 1,GSM,0,,
28176,Ostia Antica,Italia,12.283333,41.75,Dressel 20,PORTOPOPULI,0,,
35340,Canale Giancola,Italia,17.85,40.683333,Brindisian amphora,LVKAON,1,-125,-25
40698,Brindisi,Italia,17.933333,40.633333,Brindisian amphora,PHILONICAPPVLEI,1,-125,-25
36762,Vicenza,Italia,11.55,45.55,Dressel 6A,THB,1,-50,-1
38071,Brindisi,Italia,17.933333,40.633333,Brindisian amphora,CVEILI,1,-125,-25
37332,Canale Giancola,Italia,17.85,40.683333,Brindisian amphora,MANISA,1,-125,-25
40337,Brindisi,Italia,17.933333,40.633333,Brindisian amphora,HERMOGE,1,-125,-25
35748,Canale Giancola,Italia,17.85,40.683333,Brindisian amphora,VISELLI,1,-125,-25
40949,Brindisi,Italia,17.933333,40.633333,Brindisian amphora,ANINIANA,1,-125,-25
19487,Imperia,Italia,8.05,43.883333,Dressel 2-4 Catalan,QV,1,-30,-1
35379,Canale Giancola,Italia,17.85,40.683333,Brindisian amphora,LVKAON,1,-125,-25
40771,Brindisi,Italia,17.933333,40.633333,Brindisian amphora,POLEMAE,1,-125,-25
4784,Taranto,Italia,17.229722,40.476111,Dressel 2-4,EVDE,1,-30,-1
11097,Pegognaga,Italia,10.85,45.0,Dressel 6A,THB,1,-50,-1
19456,Îles Perduto,Corsica et Sardinia,9.305129,41.369872,Dressel 2-4 Catalan,STAB,1,-30,-1
37706,Brindisi,Italia,17.933333,40.633333,Brindisian amphora,CANINI,1,-125,-25
39266,Brindisi,Italia,17.933333,40.633333,Brindisian amphora,APOLLONI,1,-125,-25
38032,Brindisi,Italia,17.933333,40.633333,Brindisian amphora,CVEHILI,1,-125,-25
33692,Modena,Italia,10.9,44.5,Amphora incerta,PQSCAPVULAE,0,,
37773,Brindisi,Italia,17.933333,40.633333,Brindisian amphora,LANINI,1,-125,-25
35815,Canale Giancola,Italia,17.85,40.683333,Brindisian amphora,VISELLI,1,-125,-25
26341,Aquileia,Italia,13.368333,45.770278,Africana 3A,PGT,0,,
37675,Brindisi,Italia,17.933333,40.633333,Brindisian amphora,CANINI,1,-125,-25
40470,Brindisi,Italia,17.933333,40.633333,Brindisian amphora,MENECRATES,1,-125,-25
40461,Brindisi,Italia,17.933333,40.633333,Brindisian amphora,MENECRATES,1,-125,-25
9698,Padova,Italia,11.883333,45.416667,Amphora incerta,PL,0,,
35198,Canale Giancola,Italia,17.85,40.683333,Brindisian amphora,HERMAISCI,1,-125,-25
36756,Vicenza,Italia,11.55,45.55,Dressel 6A,AA,1,-50,-1
35432,Canale Giancola,Italia,17.85,40.683333,Brindisian amphora,SCOPAS,1,-125,-25
32279,Cremona,Italia,10.033333,45.116667,Lamboglia 2,NAEPOR,1,-125,-25
26388,Ljubljana (Emona),Italia,14.514444,46.055278,Dressel 6B,FLAVFON,1,-50,-1
37015,Vicenza,Italia,11.45,45.666667,Amphora incerta,AEBLIDIENI,0,,
20287,Ostia Antica,Italia,12.283333,41.75,Dressel 20,AELIFVSCIANI,0,,
34328,Modena,Italia,10.9,44.5,Amphora incerta,EPILEONTIDAAPTAMITIOY,0,,
40104,Brindisi,Italia,17.933333,40.633333,Brindisian amphora,CTESO,1,-125,-25
35640,Canale Giancola,Italia,17.85,40.683333,Brindisian amphora,VISELLI,1,-125,-25
36974,Sicilia,Sicilia,13.583333,37.816667,Amphora incerta,IOIIAMAX,0,,
34664,Canale Giancola,Italia,17.85,40.683333,Brindisian amphora,APOLLONID,1,-125,-25
38216,Brindisi,Italia,17.933333,40.633333,Brindisian amphora,VEHILI,1,-125,-25
40507,Brindisi,Italia,17.933333,40.633333,Brindisian amphora,MENECRATES,1,-125,-25
40686,Brindisi,Italia,17.933333,40.633333,Brindisian amphora,PILEMO,1,-125,-25
38129,Brindisi,Italia,17.933333,40.633333,Brindisian amphora,VEHILI,1,-125,-25
41050,Brindisi,Italia,17.933333,40.633333,Brindisian amphora,ANINIANA,1,-125,-25
26379,Ljubljana (Emona),Italia,14.514444,46.055278,Dressel 6B,CRISPIN,1,-50,-1
37873,Brindisi,Italia,17.933333,40.633333,Brindisian amphora,MEXSONI,1,-125,-25
35930,Canale Giancola,Italia,17.85,40.683333,Brindisian amphora,LMARCISATVR,1,-125,-25
38085,Brindisi,Italia,17.933333,40.633333,Brindisian amphora,VEHILI,1,-125,-25
37943,Brindisi,Italia,17.933333,40.633333,Brindisian amphora,NMACCIVSLFQ,1,-125,-25
26281,Ostia Antica,Italia,12.283333,41.75,Africana 2,ASYLTF,0,,
19212,Giglio Porto,Italia,10.916667,42.366667,Africana,LAS,0,,
38186,Brindisi,Italia,17.933333,40.633333,Brindisian amphora,VEHILI,1,-125,-25
35782,Canale Giancola,Italia,17.85,40.683333,Brindisian amphora,VISELLI,1,-125,-25
36813,Vicenza,Italia,11.55,45.55,Dressel 6B,LAEKA,1,-50,-1
7223,Ostia Antica,Italia,12.283333,41.75,Dressel 20,LVCI,0,,
20329,Ostia Antica,Italia,12.283333,41.75,Dressel 30 - Keay 1B,EXPROVINCMAVRETANCAESTVB,0,,
38083,Brindisi,Italia,17.933333,40.633333,Brindisian amphora,VEHILI,1,-125,-25
9824,Revere,Italia,11.133333,45.05,Lamboglia 2,ACVNDA,1,-125,-25
32295,Padova,Italia,11.883333,45.416667,Dressel 6B,FEL,1,-50,-1
23899,Tortona,Italia,8.866667,44.9,Lamboglia 2,ABIN,1,-125,-25
39225,Brindisi,Italia,17.933333,40.633333,Brindisian amphora,APOLONI,1,-125,-25
38055,Brindisi,Italia,17.933333,40.633333,Brindisian amphora,CVEHILI,1,-125,-25
18576,Îles Lavezzi,Corsica et Sardinia,9.254185,41.341096,Dressel 2-4 Catalan,ALEX,1,-30,-1
35553,Canale Giancola,Italia,17.85,40.683333,Brindisian amphora,SCOPAS,1,-125,-25
35240,Canale Giancola,Italia,17.85,40.683333,Brindisian amphora,LVCAO,1,-125,-25
35362,Canale Giancola,Italia,17.85,40.683333,Brindisian amphora,LVKAON,1,-125,-25
9805,Milano,Italia,9.2,45.466667,Lamboglia 2,PHY,1,-125,-25
10511,Altino,Italia,12.393333,45.544444,Dressel ante 6B,VARIPACCI,0,,
39309,Brindisi,Italia,17.933333,40.633333,Brindisian amphora,APOLLONIMA,1,-125,-25
35571,Canale Giancola,Italia,17.85,40.683333,Brindisian amphora,SCOPA,1,-125,-25
33680,Montale,Italia,10.916667,44.583333,Amphora incerta,CORP,0,,
36727,Padova,Italia,11.883333,45.416667,Dressel 6A,EFLH,1,-50,-1
39314,Brindisi,Italia,17.933333,40.633333,Brindisian amphora,APOLNVEB,1,-125,-25
35344,Canale Giancola,Italia,17.85,40.683333,Brindisian amphora,LVKAON,1,-125,-25
34865,Canale Giancola,Italia,17.85,40.683333,Brindisian amphora,ARCHELA,1,-125,-25
40858,Brindisi,Italia,17.933333,40.633333,Brindisian amphora,SOTERICO,1,-125,-25
26479,Ostia Antica,Italia,12.283333,41.75,Dressel 20,GENETIV,0,,
34738,Canale Giancola,Italia,17.85,40.683333,Brindisian amphora,APOLONIDA,1,-125,-25
39330,Brindisi,Italia,17.933333,40.633333,Brindisian amphora,APONER,1,-125,-25
34690,Canale Giancola,Italia,17.85,40.683333,Brindisian amphora,APOLONIDA,1,-125,-25
40559,Brindisi,Italia,17.933333,40.633333,Brindisian amphora,MENOPILVS,1,-125,-25
32281,Cremona,Italia,10.033333,45.116667,Lamboglia 2,ANTIP,1,-125,-25
33053,Padova,Italia,11.883333,45.416667,Dressel 6B,GER,1,-50,-1
27032,Ostia Antica,Italia,12.283333,41.75,Dressel 20,SA,0,,
37311,Canale Giancola,Italia,17.85,40.683333,Brindisian amphora,EPIGENEI,1,-125,-25
37538,Canale Giancola,Italia,17.85,40.683333,Brindisian amphora,VISELLI,1,-125,-25
33866,Albinia,Italia,11.25,42.5,Dressel 1C,DAS,1,-150,-1
39306,Brindisi,Italia,17.933333,40.633333,Brindisian amphora,APOLLONIMA,1,-125,-25
34322,Orbetello,Italia,11.216667,42.45,Amphora incerta,AG,0,,
40736,Brindisi,Italia,17.933333,40.633333,Brindisian amphora,PTOLEMAE,1,-125,-25
25481,Capalbio,Italia,11.416667,42.45,Dressel 1A,PALMA,1,-150,-1
38082,Brindisi,Italia,17.933333,40.633333,Brindisian amphora,VEHILI,1,-125,-25
35486,Canale Giancola,Italia,17.85,40.683333,Brindisian amphora,SCOPAS,1,-125,-25
40899,Brindisi,Italia,17.933333,40.633333,Brindisian amphora,STRATONIC,1,-125,-25
34705,Canale Giancola,Italia,17.85,40.683333,Brindisian amphora,APOLONIDA,1,-125,-25
36195,Ancona,Italia,13.5,43.633333,Lamboglia 2,B,1,-125,-25
26164,Porto Torres,Corsica et Sardinia,8.397222,40.835,Africana 2D Grande,FANFORCOLHADR,0,,
28189,Ostia Antica,Italia,12.283333,41.75,Dressel 20,OPTATI,0,,
34919,Canale Giancola,Italia,17.85,40.683333,Brindisian amphora,ARCHELA,1,-125,-25
33113,Erice,Sicilia,12.583333,38.033333,Greco-Itálica,LVAL,1,-400,-100
28454,Ostia Antica,Italia,12.283333,41.75,Dressel 20,IVSFABFM,0,,
34786,Canale Giancola,Italia,17.85,40.683333,Brindisian amphora,APOLLONIDES,1,-125,-25
38235,Brindisi,Italia,17.933333,40.633333,Brindisian amphora,VEHILI,1,-125,-25
37400,Canale Giancola,Italia,17.85,40.683333,Brindisian amphora,STABVA,1,-125,-25
9643,Padova,Italia,11.883333,45.416667,Amphora incerta,SICPMS,0,,
35199,Canale Giancola,Italia,17.85,40.683333,Brindisian amphora,HERMAISCI,1,-125,-25
37985,Brindisi,Italia,17.933333,40.633333,Brindisian amphora,MRVDI,1,-125,-25
35958,Canale Giancola,Italia,17.85,40.683333,Brindisian amphora,CNPETROSOSTR,1,-125,-25
25301,Sardegna,Corsica et Sardinia,8.44,39.881944,Amphora incerta,BELIM,0,,
36185,Ancona,Italia,13.5,43.633333,Lamboglia 2,PHILOC,1,-125,-25
35111,Canale Giancola,Italia,17.85,40.683333,Brindisian amphora,DIOCLES,1,-125,-25
41030,Brindisi,Italia,17.933333,40.633333,Brindisian amphora,ANINIANA,1,-125,-25
9794,Cremona,Italia,10.033333,45.116667,Lamboglia 2,MENI,1,-125,-25
37887,Brindisi,Italia,17.933333,40.633333,Brindisian amphora,MEXSONI,1,-125,-25
35853,Canale Giancola,Italia,17.85,40.683333,Brindisian amphora,DAZIO,1,-125,-25
32764,Padova,Italia,11.883333,45.416667,Dressel 6B,FELIXSER,1,-50,-1
37432,Canale Giancola,Italia,17.85,40.683333,Brindisian amphora,VISELLI,1,-125,-25
7206,Ostia Antica,Italia,12.283333,41.75,Dressel 20,OA,0,,
37677,Brindisi,Italia,17.933333,40.633333,Brindisian amphora,CANINI,1,-125,-25
36833,Vicenza,Italia,11.55,45.55,Dressel 6B,I,1,-50,-1
40438,Brindisi,Italia,17.933333,40.633333,Brindisian amphora,MENAI,1,-125,-25
37726,Brindisi,Italia,17.933333,40.633333,Brindisian amphora,CANINI,1,-125,-25
38359,Brindisi,Italia,17.933333,40.633333,Brindisian amphora,VEHILI,1,-125,-25
28244,Ostia Antica,Italia,12.283333,41.75,Dressel 20,PNN,0,,
33897,Albinia,Italia,11.25,42.5,Dressel 1C,DIS,1,-150,-1
34276,Firenze,Italia,11.333333,43.833333,Amphora incerta,SATVRNINI,0,,
34953,Canale Giancola,Italia,17.85,40.683333,Brindisian amphora,ARCHELA,1,-125,-25
4777,Brindisi,Italia,17.933333,40.633333,Brindisian amphora,APELAES,1,-125,-25
38132,Brindisi,Italia,17.933333,40.633333,Brindisian amphora,VEHILI,1,-125,-25
40086,Brindisi,Italia,17.933333,40.633333,Brindisian amphora,BATON,1,-125,-25
35755,Canale Giancola,Italia,17.85,40.683333,Brindisian amphora,VISELLI,1,-125,-25
10529,Altino,Italia,12.393333,45.544444,Dressel 6B,COSAE,1,-50,-1
34966,Canale Giancola,Italia,17.85,40.683333,Brindisian amphora,ARCHELA,1,-125,-25
9728,Milano,Italia,9.2,45.466667,Lamboglia 2,APOL,1,-125,-25
10469,Altino,Italia,12.393333,45.544444,Dressel 6B,VARIPACCI,1,-50,-1
32291,Padova,Italia,11.883333,45.416667,Dressel 6B,LAEK,1,-50,-1
35906,Canale Giancola,Italia,17.85,40.683333,Brindisian amphora,LMARCISATVR,1,-125,-25
39216,Brindisi,Italia,17.933333,40.633333,Brindisian amphora,APOLONI,1,-125,-25
37369,Canale Giancola,Italia,17.85,40.683333,Brindisian amphora,RUMA,1,-125,-25
29595,Ostia Antica,Italia,12.283333,41.75,Dressel 20,THROPIMI,0,,
35824,Canale Giancola,Italia,17.85,40.683333,Brindisian amphora,VISELLI,1,-125,-25
40594,Brindisi,Italia,17.933333,40.633333,Brindisian amphora,NVMENI,1,-125,-25
35395,Canale Giancola,Italia,17.85,40.683333,Brindisian amphora,MENOPHIL,1,-125,-25
32815,Padova,Italia,11.883333,45.416667,Dressel 6B,FONTANI,1,-50,-1
40666,Brindisi,Italia,17.933333,40.633333,Brindisian amphora,PILEMO,1,-125,-25
35363,Canale Giancola,Italia,17.85,40.683333,Brindisian amphora,LVKAON,1,-125,-25
38281,Brindisi,Italia,17.933333,40.633333,Brindisian amphora,VEHILI,1,-125,-25
40978,Brindisi,Italia,17.933333,40.633333,Brindisian amphora,ANINIANA,1,-125,-25
35288,Canale Giancola,Italia,17.85,40.683333,Brindisian amphora,LVKAON,1,-125,-25
33952,Albinia,Italia,11.25,42.5,Dressel 1C,LC,1,-150,-1
35353,Canale Giancola,Italia,17.85,40.683333,Brindisian amphora,LVKAON,1,-125,-25
38321,Brindisi,Italia,17.933333,40.633333,Brindisian amphora,VEHILI,1,-125,-25
36777,Vicenza,Italia,11.55,45.55,Dressel 6B,APIC,1,-50,-1
33099,Erice,Sicilia,12.583333,38.033333,Greco-Itálica,TRLOISIO,1,-400,-100
33020,Padova,Italia,11.883333,45.416667,Dressel 6B,VR,1,-50,-1
37589,San Cataldo,Italia,18.3,40.383333,Brindisian amphora,DEMETRI,1,-125,-25
27357,Ostia Antica,Italia,12.283333,41.75,Almagro 50,CVRVCVNTINCVRVCVNIN,0,,
4755,Brindisi,Italia,17.933333,40.633333,Brindisian amphora,VEHILI,1,-125,-25
40875,Brindisi,Italia,17.933333,40.633333,Brindisian amphora,STR,1,-125,-25
38069,Brindisi,Italia,17.933333,40.633333,Brindisian amphora,CVEILI,1,-125,-25
4754,Brindisi,Italia,17.933333,40.633333,Brindisian amphora,LALBIDAMAE,1,-125,-25
38054,Brindisi,Italia,17.933333,40.633333,Brindisian amphora,CVEHILI,1,-125,-25
36159,Ancona,Italia,13.5,43.633333,Lamboglia 2,ABINH,1,-125,-25
4787,Taranto,Italia,17.229722,40.476111,Brindisian amphora,DAMA,1,-125,-25
38274,Brindisi,Italia,17.933333,40.633333,Brindisian amphora,VEHILI,1,-125,-25
38140,Brindisi,Italia,17.933333,40.633333,Brindisian amphora,VEHILI,1,-125,-25
40431,Brindisi,Italia,17.933333,40.633333,Brindisian amphora,MENAS,1,-125,-25
34931,Canale Giancola,Italia,17.85,40.683333,Brindisian amphora,ARCHELA,1,-125,-25
20125,Bottrighe,Italia,12.086944,45.024444,Greco-Itálica,CAEAVS,1,-400,-100
26460,Ostia Antica,Italia,12.283333,41.75,Dressel 20,CAMILIMELISSI,0,,
26307,Nice,Italia,7.25952,43.713644,Africana 2B Grande,PFENASVL,0,,
34968,Canale Giancola,Italia,17.85,40.683333,Brindisian amphora,ARCHELA,1,-125,-25
33923,Albinia,Italia,11.25,42.5,Dressel 1C,D,1,-150,-1
33690,Modena,Italia,10.9,44.5,Operculum,LIFECAILITECAI,0,,
40717,Brindisi,Italia,17.933333,40.633333,Brindisian amphora,PTOLEMAE,1,-125,-25
34693,Canale Giancola,Italia,17.85,40.683333,Brindisian amphora,APOLONIDA,1,-125,-25
35512,Canale Giancola,Italia,17.85,40.683333,Brindisian amphora,SCOPAS,1,-125,-25
9669,Padova,Italia,11.883333,45.416667,Amphora incerta,LAFINI,0,,
37898,Brindisi,Italia,17.933333,40.633333,Brindisian amphora,APELL,1,-125,-25
40690,Brindisi,Italia,17.933333,40.633333,Brindisian amphora,PILEMO,1,-125,-25
32644,Oderzo,Italia,12.488056,45.78,Dressel 6B,EVCH,1,-50,-1
40739,Brindisi,Italia,17.933333,40.633333,Brindisian amphora,PTOLEMAE,1,-125,-25
35000,Canale Giancola,Italia,17.85,40.683333,Brindisian amphora,DAMATRI,1,-125,-25
32795,Padova,Italia,11.883333,45.416667,Dressel 6A,CCARISTFRONT,1,-50,-1
25283,Sardegna,Corsica et Sardinia,8.44,39.881944,Dressel 20,LCANSEC,0,,
37035,Parenzo (Porec),Italia,13.593889,45.225833,Amphora incerta,AELICRIS,0,,
7213,Ostia Antica,Italia,12.283333,41.75,Dressel 20,ENNIORVMIVLIORVM,0,,
38006,Brindisi,Italia,17.933333,40.633333,Brindisian amphora,PVEBAL,1,-125,-25
37682,Brindisi,Italia,17.933333,40.633333,Brindisian amphora,CANINI,1,-125,-25
34959,Canale Giancola,Italia,17.85,40.683333,Brindisian amphora,ARCHELA,1,-125,-25
36829,Vicenza,Italia,11.55,45.55,Dressel 6B,LAEKH,1,-50,-1
29298,Ostia Antica,Italia,12.283333,41.75,Dressel 20,LFC,0,,
18609,Îles Lavezzi,Corsica et Sardinia,9.254185,41.341096,Dressel 2-4 Catalan,LYA,1,-30,-1
33011,Padova,Italia,11.883333,45.416667,Dressel 6A,SLEP,1,-50,-1
39214,Brindisi,Italia,17.933333,40.633333,Brindisian amphora,APOLONI,1,-125,-25
37901,Brindisi,Italia,17.933333,40.633333,Brindisian amphora,LLVCI,1,-125,-25
26557,Ostia Antica,Italia,12.283333,41.75,Amphora incerta,CHR,0,,
33417,Monte Pallano,Italia,14.383333,42.033333,Brindisian amphora,ARCELAVOS,1,-125,-25
26156,Brindisi,Italia,17.933333,40.633333,Brindisian amphora,OCT,1,-125,-25
10580,Altino,Italia,12.393333,45.544444,Dressel 6A,THEODORVS,1,-50,-1
34580,Canale Giancola,Italia,17.85,40.683333,Brindisian amphora,APELLAE,1,-125,-25
36861,Vicenza,Italia,11.55,45.55,Dressel 6B,ASV,1,-50,-1
38364,Brindisi,Italia,17.933333,40.633333,Brindisian amphora,VEHILI,1,-125,-25
28172,Ostia Antica,Italia,12.283333,41.75,Dressel 20,POPVLI,0,,
38305,Brindisi,Italia,17.933333,40.633333,Brindisian amphora,VEHILI,1,-125,-25
32300,Padova,Italia,11.883333,45.416667,Dressel 6B,SPERATUS,1,-50,-1
9641,Padova,Italia,11.883333,45.416667,Dressel 6B,TVETTIMACRI,1,-50,-1
35316,Canale Giancola,Italia,17.85,40.683333,Brindisian amphora,LVKAON,1,-125,-25
19204,Giglio Porto,Italia,10.916667,42.366667,Africana 2,AV,0,,
35991,Canale Giancola,Italia,17.85,40.683333,Brindisian amphora,CNPETROSOSTR,1,-125,-25
37433,Canale Giancola,Italia,17.85,40.683333,Brindisian amphora,VISELLI,1,-125,-25
34507,Canale Giancola,Italia,17.85,40.683333,Brindisian amphora,AENEAS,1,-125,-25
25402,Cosa,Italia,12.896389,46.057778,Dressel 1B,SIGNUM,1,-150,-1
38154,Brindisi,Italia,17.933333,40.633333,Brindisian amphora,VEHILI,1,-125,-25
35029,Canale Giancola,Italia,17.85,40.683333,Brindisian amphora,DEMETRI,1,-125,-25
32841,Padova,Italia,11.883333,45.416667,Dressel 6B,ATI,1,-50,-1
29254,Ostia Antica,Italia,12.283333,41.75,Dressel 20,LFC,0,,
33284,Pola,Italia,13.848056,44.868333,Dressel 6,HADAVG,0,,
40697,Brindisi,Italia,17.933333,40.633333,Brindisian amphora,PHILONICAPPVLEI,1,-125,-25
35383,Canale Giancola,Italia,17.85,40.683333,Brindisian amphora,LVKAON,1,-125,-25
34844,Canale Giancola,Italia,17.85,40.683333,Brindisian amphora,APOLLONI,1,-125,-25
25383,Cosa,Italia,12.896389,46.057778,Dressel 1A,SIGNUM,1,-150,-1
33791,Albinia,Italia,11.25,42.5,Dressel 1,APEL,1,-150,-1
38273,Brindisi,Italia,17.933333,40.633333,Brindisian amphora,VEHILI,1,-125,-25
35150,Canale Giancola,Italia,17.85,40.683333,Brindisian amphora,DIOCLES,1,-125,-25
10510,Altino,Italia,12.393333,45.544444,Dressel ante 6B,PQSCAPVLAE,0,,
20293,Ostia Antica,Italia,12.283333,41.75,Dressel 20,LFC,0,,
32313,Padova,Italia,11.883333,45.416667,Dressel 6B,RUSOCOC,1,-50,-1
35495,Canale Giancola,Italia,17.85,40.683333,Brindisian amphora,SCOPAS,1,-125,-25
35396,Canale Giancola,Italia,17.85,40.683333,Brindisian amphora,MENOPHIL,1,-125,-25
37658,Brindisi,Italia,17.933333,40.633333,Brindisian amphora,GAIOSANINI,1,-125,-25
33118,Erice,Sicilia,12.583333,38.033333,Greco-Itálica,MVA,1,-400,-100
37571,Canale Giancola,Italia,17.85,40.683333,Brindisian amphora,VISELLI,1,-125,-25
34212,Bomarzo,Italia,12.25,42.483333,Amphora incerta,P,0,,
40627,Brindisi,Italia,17.933333,40.633333,Brindisian amphora,PERDICAS,1,-125,-25
4737,Brindisi,Italia,17.933333,40.633333,Brindisian amphora,RIAN,1,-125,-25
28286,Ostia Antica,Italia,12.283333,41.75,Dressel 20,PMF,0,,
34156,Castelnuovo di sotto,Italia,10.566667,44.816667,Amphora incerta,AAG,0,,
38131,Brindisi,Italia,17.933333,40.633333,Brindisian amphora,VEHILI,1,-125,-25
40849,Brindisi,Italia,17.933333,40.633333,Brindisian amphora,SOTERICSOTERIX,1,-125,-25
35644,Canale Giancola,Italia,17.85,40.683333,Brindisian amphora,VISELLI,1,-125,-25
39939,Ostia Antica,Italia,12.283333,41.75,Amphora incerta,TILIANAAVIIENITILIANAAVIICANI,0,,
8622,Narni,Italia,12.516667,42.516667,Dressel 1A,DE,1,-150,-1
34732,Canale Giancola,Italia,17.85,40.683333,Brindisian amphora,APOLONIDA,1,-125,-25
4852,Villetelle,Italia,6.816667,44.083333,Amphora incerta,PLS,0,,
26290,Monaco,Italia,7.4252,43.735208,Africana 2A Grande,LTS,0,,
34194,Modena,Italia,10.9,44.5,Amphora incerta,CORONI,0,,
34755,Canale Giancola,Italia,17.85,40.683333,Brindisian amphora,APOLONIDA,1,-125,-25
4657,Este,Italia,11.65,45.233333,Dressel 6A,MCORELIVITVLI,1,-50,-1
19210,Giglio Porto,Italia,10.916667,42.366667,Africana,PSA,0,,
40039,Brindisi,Italia,17.933333,40.633333,Brindisian amphora,BAHANO,1,-125,-25
35559,Canale Giancola,Italia,17.85,40.683333,Brindisian amphora,SCOPA,1,-125,-25
9642,Padova,Italia,11.883333,45.416667,Dressel 6B,CBRAETIAMPH,1,-50,-1
35084,Canale Giancola,Italia,17.85,40.683333,Brindisian amphora,DIOCLES,1,-125,-25
26239,Ostia Antica,Italia,12.283333,41.75,Africana 2B Grande,BSCDLEPMI,0,,
25300,Sardegna,Corsica et Sardinia,8.44,39.881944,Amphora incerta,BAGI,0,,
35147,Canale Giancola,Italia,17.85,40.683333,Brindisian amphora,DIOCLES,1,-125,-25
34181,Modena,Italia,10.9,44.5,Amphora incerta,CATI,0,,
37395,Canale Giancola,Italia,17.85,40.683333,Brindisian amphora,STABVA,1,-125,-25
41001,Brindisi,Italia,17.933333,40.633333,Brindisian amphora,ANINIANA,1,-125,-25
32870,Padova,Italia,11.883333,45.416667,Dressel 6B,VARIPACCI,1,-50,-1
38038,Brindisi,Italia,17.933333,40.633333,Brindisian amphora,CVEHILI,1,-125,-25
36836,Vicenza,Italia,11.55,45.55,Dressel 6B,LAEK,1,-50,-1
35676,Canale Giancola,Italia,17.85,40.683333,Brindisian amphora,VISELLI,1,-125,-25
25298,Sardegna,Corsica et Sardinia,8.44,39.881944,Amphora incerta,GEOLO,0,,
36836,Vicenza,Italia,11.55,45.55,Dressel 6B,L,1,-50,-1
28425,Ostia Antica,Italia,12.283333,41.75,Dressel 20,LIT,0,,
40253,Brindisi,Italia,17.933333,40.633333,Brindisian amphora,HPAIOC,1,-125,-25
32773,Padova,Italia,11.883333,45.416667,Dressel 6B,CLAEK,1,-50,-1
39961,Ostia Antica,Italia,12.283333,41.75,Gauloise 4,MIP,0,,
32660,Oderzo,Italia,12.488056,45.78,Dressel 6B,PIERI,1,-50,-1
18607,Îles Lavezzi,Corsica et Sardinia,9.254185,41.341096,Dressel 2-4 Catalan,VIC,1,-30,-1
40433,Brindisi,Italia,17.933333,40.633333,Brindisian amphora,MENAS,1,-125,-25
34202,Modena,Italia,10.9,44.5,Amphora incerta,DAMAEBIDIE,0,,
28305,Ostia Antica,Italia,12.283333,41.75,Dressel 20,LMVE,0,,
38084,Brindisi,Italia,17.933333,40.633333,Brindisian amphora,VEHILI,1,-125,-25
28203,Ostia Antica,Italia,12.283333,41.75,Dressel 20,PNN,0,,
41021,Brindisi,Italia,17.933333,40.633333,Brindisian amphora,ANINIANA,1,-125,-25
8728,Ugento,Italia,18.166667,39.933333,Dressel ante 6B,ARISTIDIISPVLLI,0,,
36858,Vicenza,Italia,11.55,45.55,Dressel 6B,QSA,1,-50,-1
26215,Ostia Antica,Italia,12.283333,41.75,Africana 2D Grande,TOPQIQ,0,,
35586,Canale Giancola,Italia,17.85,40.683333,Brindisian amphora,STABVA,1,-125,-25
29411,Ostia Antica,Italia,12.283333,41.75,Dressel 20,GRA,0,,
37474,Canale Giancola,Italia,17.85,40.683333,Brindisian amphora,VISELLI,1,-125,-25
39941,Ostia Antica,Italia,12.283333,41.75,Dressel 2-4,CLAVRED,1,-30,-1
39942,Ostia Antica,Italia,12.283333,41.75,Amphora incerta,MENOLA,0,,
40914,Brindisi,Italia,17.933333,40.633333,Brindisian amphora,TARVLAESVLLAEL,1,-125,-25
10589,Altino,Italia,12.393333,45.544444,Dressel 6B,PSEPVLLIPF,1,-50,-1
34555,Canale Giancola,Italia,17.85,40.683333,Brindisian amphora,APELLAE,1,-125,-25
32662,Oderzo,Italia,12.488056,45.78,Dressel 6B,CLAEKB,1,-50,-1
38374,Brindisi,Italia,17.933333,40.633333,Brindisian amphora,VHEILI,1,-125,-25
25776,Ostia Antica,Italia,12.283333,41.75,Dressel 20,ASVLEIANESE,0,,
32681,Oderzo,Italia,12.488056,45.78,Dressel 6B,THAL,1,-50,-1
40713,Brindisi,Italia,17.933333,40.633333,Brindisian amphora,PTOLEMAE,1,-125,-25
32866,Padova,Italia,11.883333,45.416667,Dressel 6B,NH,1,-50,-1
18572,Îles Lavezzi,Corsica et Sardinia,9.254185,41.341096,Dressel 2-4 Catalan,AD,1,-30,-1
40394,Brindisi,Italia,17.933333,40.633333,Brindisian amphora,LEONTISCVS,1,-125,-25
33700,Faenza,Italia,11.883333,44.283333,Dressel 6,PSEPVLLIPF,0,,
4767,Brindisi,Italia,17.933333,40.633333,Brindisian amphora,VEHILI,1,-125,-25
27033,Ostia Antica,Italia,12.283333,41.75,Dressel 20,ECRLCR,0,,
9699,Padova,Italia,11.883333,45.416667,Amphora incerta,FA,0,,
40191,Brindisi,Italia,17.933333,40.633333,Brindisian amphora,DIODOTVS,1,-125,-25
40224,Brindisi,Italia,17.933333,40.633333,Brindisian amphora,DIOPANTVS,1,-125,-25
37448,Canale Giancola,Italia,17.85,40.683333,Brindisian amphora,VISELLI,1,-125,-25
9662,Padova,Italia,11.883333,45.416667,Amphora incerta,COSAE,0,,
37694,Brindisi,Italia,17.933333,40.633333,Brindisian amphora,CANINI,1,-125,-25
9737,Cremona,Italia,10.033333,45.116667,Lamboglia 2,CAVCVS,1,-125,-25
38147,Brindisi,Italia,17.933333,40.633333,Brindisian amphora,VEHILI,1,-125,-25
34702,Canale Giancola,Italia,17.85,40.683333,Brindisian amphora,APOLONIDA,1,-125,-25
40455,Brindisi,Italia,17.933333,40.633333,Brindisian amphora,MENECRATES,1,-125,-25
38095,Brindisi,Italia,17.933333,40.633333,Brindisian amphora,VEHILI,1,-125,-25
34530,Canale Giancola,Italia,17.85,40.683333,Brindisian amphora,ANDRONICI,1,-125,-25
20644,Pegognaga,Italia,10.85,45.0,Dressel 1B,ATTA,1,-150,-1
4745,Brindisi,Italia,17.933333,40.633333,Brindisian amphora,MENOPILVS,1,-125,-25
18571,Îles Lavezzi,Corsica et Sardinia,9.254185,41.341096,Dressel 2-4 Catalan,AD,1,-30,-1
33821,Albinia,Italia,11.25,42.5,Amphora incerta,MAHE,0,,
9676,Padova,Italia,11.883333,45.416667,Amphora incerta,APICI,0,,
25290,Sardegna,Corsica et Sardinia,8.44,39.881944,Amphora incerta,XMS,0,,
35607,Canale Giancola,Italia,17.85,40.683333,Brindisian amphora,VISELLI,1,-125,-25
18616,Îles Lavezzi,Corsica et Sardinia,9.254185,41.341096,Dressel 2-4 Catalan,QVAD,1,-30,-1
29476,Ostia Antica,Italia,12.283333,41.75,Dressel 20,AMVELMA,0,,
34930,Canale Giancola,Italia,17.85,40.683333,Brindisian amphora,ARCHELA,1,-125,-25
26146,Brindisi,Italia,17.933333,40.633333,Brindisian amphora,CAVILF,1,-125,-25
40403,Sardegna,Corsica et Sardinia,9.0,40.0,Brindisian amphora,VEHILI,1,-125,-25
18614,Îles Lavezzi,Corsica et Sardinia,9.254185,41.341096,Dressel 2-4 Catalan,QVAD,1,-30,-1
40100,Brindisi,Italia,17.933333,40.633333,Brindisian amphora,CTESO,1,-125,-25
40943,Brindisi,Italia,17.933333,40.633333,Brindisian amphora,ANINIANA,1,-125,-25
35039,Canale Giancola,Italia,17.85,40.683333,Brindisian amphora,DEMETRI,1,-125,-25
9644,Padova,Italia,11.883333,45.416667,Amphora incerta,BAR,0,,
33729,Ostiglia,Italia,11.133333,45.066667,Amphora incerta,EV,0,,
35680,Canale Giancola,Italia,17.85,40.683333,Brindisian amphora,VISELLI,1,-125,-25
35446,Canale Giancola,Italia,17.85,40.683333,Brindisian amphora,SCOPAS,1,-125,-25
40095,Brindisi,Italia,17.933333,40.633333,Brindisian amphora,CTESO,1,-125,-25
34944,Canale Giancola,Italia,17.85,40.683333,Brindisian amphora,ARCHELA,1,-125,-25
35909,Canale Giancola,Italia,17.85,40.683333,Brindisian amphora,LMARCISATVR,1,-125,-25
37685,Brindisi,Italia,17.933333,40.633333,Brindisian amphora,CANINI,1,-125,-25
37483,Canale Giancola,Italia,17.85,40.683333,Brindisian amphora,VISELLI,1,-125,-25
34201,Villanova,Italia,11.983333,44.25,Amphora incerta,DAMAEBIDIE,0,,
35921,Canale Giancola,Italia,17.85,40.683333,Brindisian amphora,LMARCISATVR,1,-125,-25
35237,Canale Giancola,Italia,17.85,40.683333,Brindisian amphora,LVCAO,1,-125,-25
26197,Ostia Antica,Italia,12.283333,41.75,Africana 2D Grande,CTHCECV,0,,
37263,Canale Giancola,Italia,17.85,40.683333,Brindisian amphora,CHARITON,1,-125,-25
40596,Brindisi,Italia,17.933333,40.633333,Brindisian amphora,NVMENI,1,-125,-25
20355,Ostia Antica,Italia,12.283333,41.75,Amphora incerta,AVGN,0,,
38192,Brindisi,Italia,17.933333,40.633333,Brindisian amphora,VEHILI,1,-125,-25
25813,Ljubljana (Emona),Italia,14.514444,46.055278,Dressel 6B,LIVNIPAETI,1,-50,-1
38025,Brindisi,Italia,17.933333,40.633333,Brindisian amphora,CVEHILI,1,-125,-25
39976,Ostia Antica,Italia,12.283333,41.75,Dressel 20,TTLVC,0,,
33067,Erice,Sicilia,12.583333,38.033333,Greco-Itálica,MANTESTIO,1,-400,-100
37760,Brindisi,Italia,17.933333,40.633333,Brindisian amphora,LANINIVS,1,-125,-25
40833,Brindisi,Italia,17.933333,40.633333,Brindisian amphora,SOTERICSOTERIX,1,-125,-25
35730,Canale Giancola,Italia,17.85,40.683333,Brindisian amphora,VISELLI,1,-125,-25
19483,Imperia,Italia,8.05,43.883333,Dressel 2-4 Catalan,HILARI,1,-30,-1
34634,Canale Giancola,Italia,17.85,40.683333,Brindisian amphora,APOLLONID,1,-125,-25
37940,Brindisi,Italia,17.933333,40.633333,Brindisian amphora,NMACCIVSLFQ,1,-125,-25
26537,Ostia Antica,Italia,12.283333,41.75,Africana 2A Grande,PE,0,,
36845,Vicenza,Italia,11.55,45.55,Dressel 6B,LAEK,1,-50,-1
35613,Canale Giancola,Italia,17.85,40.683333,Brindisian amphora,VISELLI,1,-125,-25
33839,Albinia,Italia,11.25,42.5,Dressel 1C,ARS,1,-150,-1
33800,Albinia,Italia,11.25,42.5,Dressel 1,APOL,1,-150,-1
35929,Canale Giancola,Italia,17.85,40.683333,Brindisian amphora,LMARCISATVR,1,-125,-25
39261,Brindisi,Italia,17.933333,40.633333,Brindisian amphora,APLONI,1,-125,-25
29592,Ostia Antica,Italia,12.283333,41.75,Dressel 20,LTSTR,0,,
40131,Brindisi,Italia,17.933333,40.633333,Brindisian amphora,DAMA,1,-125,-25
34710,Canale Giancola,Italia,17.85,40.683333,Brindisian amphora,APOLONIDA,1,-125,-25
29669,Ostia Antica,Italia,12.283333,41.75,Dressel 20,VRITTIFAV,0,,
39232,Brindisi,Italia,17.933333,40.633333,Brindisian amphora,APOLONI,1,-125,-25
39969,Ostia Antica,Italia,12.283333,41.75,Dressel 20,MAR,0,,
9752,Cremona,Italia,10.033333,45.116667,Lamboglia 2,DIOD,1,-125,-25
34220,Provincia di Parma,Italia,10.083333,44.7,Amphora incerta,FVSISCAE,0,,
37415,Canale Giancola,Italia,17.85,40.683333,Brindisian amphora,VISELLI,1,-125,-25
9621,Padova,Italia,11.883333,45.416667,Dressel 6A,ESTVVTSE,1,-50,-1
35623,Canale Giancola,Italia,17.85,40.683333,Brindisian amphora,VISELLI,1,-125,-25
38204,Brindisi,Italia,17.933333,40.633333,Brindisian amphora,VEHILI,1,-125,-25
29288,Ostia Antica,Italia,12.283333,41.75,Dressel 20,LFCRES,0,,
40611,Brindisi,Italia,17.933333,40.633333,Brindisian amphora,PERDICAS,1,-125,-25
18556,Île Cavallo,Corsica et Sardinia,9.262903,41.368374,Dressel 2-4 Catalan,PTE,1,-30,-1
35454,Canale Giancola,Italia,17.85,40.683333,Brindisian amphora,SCOPAS,1,-125,-25
33789,Albinia,Italia,11.25,42.5,Greco-Itálica,APEL,1,-400,-100
38492,Brindisi,Italia,17.933333,40.633333,Brindisian amphora,APELLAIS,1,-125,-25
38086,Brindisi,Italia,17.933333,40.633333,Brindisian amphora,VEHILI,1,-125,-25
36935,Sicilia,Sicilia,13.583333,37.816667,Amphora incerta,DICAER,0,,
33283,Pola,Italia,13.848056,44.868333,Dressel 6,CLAEKANI,0,,
34989,Canale Giancola,Italia,17.85,40.683333,Brindisian amphora,DAEDALI,1,-125,-25
40228,Brindisi,Italia,17.933333,40.633333,Brindisian amphora,DOCO,1,-125,-25
34515,Canale Giancola,Italia,17.85,40.683333,Brindisian amphora,AENEAS,1,-125,-25
40494,Brindisi,Italia,17.933333,40.633333,Brindisian amphora,MENECRATES,1,-125,-25
33021,Padova,Italia,11.883333,45.416667,Dressel 6B,FEXPET,1,-50,-1
33889,Albinia,Italia,11.25,42.5,Dressel 1C,DIS,1,-150,-1
37976,Brindisi,Italia,17.933333,40.633333,Brindisian amphora,LPVBLILI,1,-125,-25
40780,Brindisi,Italia,17.933333,40.633333,Brindisian amphora,PVLADE,1,-125,-25
34820,Canale Giancola,Italia,17.85,40.683333,Brindisian amphora,APOLONI,1,-125,-25
40600,Brindisi,Italia,17.933333,40.633333,Brindisian amphora,ORESTELENTVLO,1,-125,-25
35016,Canale Giancola,Italia,17.85,40.683333,Brindisian amphora,DEMETRI,1,-125,-25
34370,Malcantone,Italia,11.133333,45.016667,Operculum,FAMFV,0,,
34996,Canale Giancola,Italia,17.85,40.683333,Brindisian amphora,DAMATRI,1,-125,-25
38455,Brindisi,Italia,17.933333,40.633333,Brindisian amphora,APELAES,1,-125,-25
33812,Albinia,Italia,11.25,42.5,Greco-Itálica,MAHE,1,-400,-100
9797,Milano,Italia,9.2,45.466667,Lamboglia 2,NICAD,1,-125,-25
40315,Brindisi,Italia,17.933333,40.633333,Brindisian amphora,GORGIA,1,-125,-25
38103,Brindisi,Italia,17.933333,40.633333,Brindisian amphora,VEHILI,1,-125,-25
38450,Brindisi,Italia,17.933333,40.633333,Brindisian amphora,APELAES,1,-125,-25
32305,Padova,Italia,11.883333,45.416667,Dressel 6B,L,1,-50,-1
27077,Ascoli Satriano,Italia,15.566667,41.2,Lamboglia 2,HEPAIOC,1,-125,-25
25743,Bari,Italia,16.85,41.133333,Lamboglia 2,CII,1,-125,-25
26225,Ostia Antica,Italia,12.283333,41.75,Africana 2D Grande,SVRIVS,0,,
39301,Brindisi,Italia,17.933333,40.633333,Brindisian amphora,APOLLONIMA,1,-125,-25
33775,Padova,Italia,11.816667,45.35,Amphora incerta,PRIMIGAVI,0,,
35443,Canale Giancola,Italia,17.85,40.683333,Brindisian amphora,SCOPAS,1,-125,-25
40900,Brindisi,Italia,17.933333,40.633333,Brindisian amphora,STRATONIC,1,-125,-25
35508,Canale Giancola,Italia,17.85,40.683333,Brindisian amphora,SCOPAS,1,-125,-25
37376,Canale Giancola,Italia,17.85,40.683333,Brindisian amphora,SCOPAS,1,-125,-25
38146,Brindisi,Italia,17.933333,40.633333,Brindisian amphora,VEHILI,1,-125,-25
34534,Canale Giancola,Italia,17.85,40.683333,Brindisian amphora,APELLAE,1,-125,-25
37269,Canale Giancola,Italia,17.85,40.683333,Brindisian amphora,CHARITON,1,-125,-25
33723,Provinzia di Bergamo,Italia,9.8,45.833333,Amphora incerta,ANSVR,0,,
38357,Brindisi,Italia,17.933333,40.633333,Brindisian amphora,VEHILI,1,-125,-25
34697,Canale Giancola,Italia,17.85,40.683333,Brindisian amphora,APOLONIDA,1,-125,-25
40403,Sardegna,Corsica et Sardinia,9.0,40.0,Brindisian amphora,LEONTISCVS,1,-125,-25
27083,Ostia Antica,Italia,12.283333,41.75,Amphora incerta,DOCTELIMARC,0,,
35620,Canale Giancola,Italia,17.85,40.683333,Brindisian amphora,VISELLI,1,-125,-25
26138,Ordona,Italia,15.616667,41.316667,Dressel ante 6B,EROSPVLLI,0,,
35411,Canale Giancola,Italia,17.85,40.683333,Brindisian amphora,POLEMON,1,-125,-25
26168,Porto Torres,Corsica et Sardinia,8.397222,40.835,Africana 2D Grande,HADR,0,,
36818,Vicenza,Italia,11.55,45.55,Dressel 6B,CLAEK,1,-50,-1
32652,Oderzo,Italia,12.488056,45.78,Dressel 6B,HERME,1,-50,-1
32280,Cremona,Italia,10.033333,45.116667,Lamboglia 2,AV,1,-125,-25
7221,Ostia Antica,Italia,12.283333,41.75,Dressel 20,SAXOFERREO,0,,
10488,Altino,Italia,12.393333,45.544444,Dressel 6A,SARDA,1,-50,-1
34808,Canale Giancola,Italia,17.85,40.683333,Brindisian amphora,APOLONI,1,-125,-25
26455,Ostia Antica,Italia,12.283333,41.75,Dressel 20,CALPVRNIAE,0,,
40613,Brindisi,Italia,17.933333,40.633333,Brindisian amphora,PERDICAS,1,-125,-25
9588,Padova,Italia,11.883333,45.416667,Dressel 6B,CRISPINI,1,-50,-1
32863,Padova,Italia,11.883333,45.416667,Dressel 6B,VARIPACCI,1,-50,-1
38368,Brindisi,Italia,17.933333,40.633333,Brindisian amphora,VEHILI,1,-125,-25
37238,Marciana,Italia,10.166667,42.783333,Dressel 20,SAENIANES,0,,
25358,Vercelli,Italia,8.416667,45.316667,Dressel 6B,CLYME,1,-50,-1
38108,Brindisi,Italia,17.933333,40.633333,Brindisian amphora,VEHILI,1,-125,-25
34751,Canale Giancola,Italia,17.85,40.683333,Brindisian amphora,APOLONIDA,1,-125,-25
18619,Îles Lavezzi,Corsica et Sardinia,9.254185,41.341096,Dressel 2-4 Catalan,VIC,1,-30,-1
40897,Brindisi,Italia,17.933333,40.633333,Brindisian amphora,STRATONIC,1,-125,-25
28457,Ostiglia,Italia,11.133333,45.066667,Dressel 6B,APPVLCRI,1,-50,-1
18574,Îles Lavezzi,Corsica et Sardinia,9.254185,41.341096,Dressel 2-4 Catalan,ALBA,1,-30,-1
40490,Brindisi,Italia,17.933333,40.633333,Brindisian amphora,MENECRATES,1,-125,-25
10582,Altino,Italia,12.393333,45.544444,Dressel 6A,PCF,1,-50,-1
40049,Lilibeo,Sicilia,12.416667,37.8,Brindisian amphora,BAHANO,1,-125,-25
10560,Altino,Italia,12.393333,45.544444,Dressel 6A,LICNVSGAV,1,-50,-1
41059,Brindisi,Italia,17.933333,40.633333,Brindisian amphora,ANINIANA,1,-125,-25
34858,Canale Giancola,Italia,17.85,40.683333,Brindisian amphora,ARCHELA,1,-125,-25
31711,Pompeya,Italia,14.483333,40.75,Amphora incerta,BATON,0,,
29570,Ostia Antica,Italia,12.283333,41.75,Dressel 20,SER,0,,
32696,Oderzo,Italia,12.488056,45.78,Dressel 6B,ITC,1,-50,-1
20520,Lugano,Italia,8.951142,46.006182,Amphora incerta,DIONIS,0,,
40682,Brindisi,Italia,17.933333,40.633333,Brindisian amphora,PILEMO,1,-125,-25
32638,Oderzo,Italia,12.488056,45.78,Dressel 6B,CLB,1,-50,-1
33046,Padova,Italia,11.883333,45.416667,Dressel 6B,CLESBI,1,-50,-1
38236,Brindisi,Italia,17.933333,40.633333,Brindisian amphora,VEHILI,1,-125,-25
40483,Brindisi,Italia,17.933333,40.633333,Brindisian amphora,MENECRATES,1,-125,-25
34503,Canale Giancola,Italia,17.85,40.683333,Brindisian amphora,AENEAS,1,-125,-25
32656,Oderzo,Italia,12.488056,45.78,Dressel 6B,LAEK,1,-50,-1
33981,Trieste,Italia,13.766667,45.666667,Amphora incerta,ACRISPINI,0,,
26397,Ljubljana (Emona),Italia,14.514444,46.055278,Dressel 6B,SPERATVS,1,-50,-1
33078,Erice,Sicilia,12.583333,38.033333,Greco-Itálica,CARISTO,1,-400,-100
36997,Taranto,Italia,17.229722,40.476111,Amphora incerta,ACAE,0,,
26209,Ostia Antica,Italia,12.283333,41.75,Africana 2D Grande,COLEGETV,0,,
26222,Ostia Antica,Italia,12.283333,41.75,Africana 2D Grande,FLOR,0,,
9284,Este,Italia,11.65,45.233333,Dressel 6B,COSTINI,1,-50,-1
28250,Ostia Antica,Italia,12.283333,41.75,Dressel 20,PNN,0,,
35520,Canale Giancola,Italia,17.85,40.683333,Brindisian amphora,SCOPAS,1,-125,-25
33049,Padova,Italia,11.883333,45.416667,Dressel 6B,ILEGIBILE,1,-50,-1
35062,Canale Giancola,Italia,17.85,40.683333,Brindisian amphora,DIOCLES,1,-125,-25
34157,Fornovo di Taro,Italia,10.1,44.7,Amphora incerta,GAE,0,,
29229,Ostia Antica,Italia,12.283333,41.75,Dressel 20,EYEA,0,,
37337,Canale Giancola,Italia,17.85,40.683333,Brindisian amphora,MANISA,1,-125,-25
38029,Brindisi,Italia,17.933333,40.633333,Brindisian amphora,CVEHILI,1,-125,-25
424,Ostia Antica,Italia,12.283333,41.75,Dressel 20,LFC,0,,
37924,Brindisi,Italia,17.933333,40.633333,Brindisian amphora,ELVCI,1,-125,-25
35764,Canale Giancola,Italia,17.85,40.683333,Brindisian amphora,VISELLIVISELL,1,-125,-25
9786,Milano,Italia,9.2,45.466667,Lamboglia 2,MAHES,1,-125,-25
9680,Padova,Italia,11.883333,45.416667,Amphora incerta,A,0,,
37272,Canale Giancola,Italia,17.85,40.683333,Brindisian amphora,CHARITON,1,-125,-25
32806,Padova,Italia,11.883333,45.416667,Dressel 6A,CR,1,-50,-1
38137,Brindisi,Italia,17.933333,40.633333,Brindisian amphora,VEHILI,1,-125,-25
25390,Cosa,Italia,12.896389,46.057778,Dressel 1,DOE,1,-150,-1
35503,Canale Giancola,Italia,17.85,40.683333,Brindisian amphora,SCOPAS,1,-125,-25
29396,Ostia Antica,Italia,12.283333,41.75,Dressel 20,MHICA,0,,
37226,Civitavecchia,Italia,11.8,42.1,Dressel 20,ENNIORVMIVLIORVM,0,,
39224,Brindisi,Italia,17.933333,40.633333,Brindisian amphora,APOLONI,1,-125,-25
35392,Canale Giancola,Italia,17.85,40.683333,Brindisian amphora,MANISA,1,-125,-25
10512,Altino,Italia,12.393333,45.544444,Dressel ante 6B,VARIPACCI,0,,
29281,Ostia Antica,Italia,12.283333,41.75,Dressel 20,LFC,0,,
34847,Canale Giancola,Italia,17.85,40.683333,Brindisian amphora,ARCHELA,1,-125,-25
39197,Brindisi,Italia,17.933333,40.633333,Brindisian amphora,APOLONI,1,-125,-25
40252,Brindisi,Italia,17.933333,40.633333,Brindisian amphora,HPAIOC,1,-125,-25
9663,Padova,Italia,11.883333,45.416667,Amphora incerta,VRBA,0,,
39250,Brindisi,Italia,17.933333,40.633333,Brindisian amphora,APOLONI,1,-125,-25
35138,Canale Giancola,Italia,17.85,40.683333,Brindisian amphora,DIOCLES,1,-125,-25
40923,Brindisi,Italia,17.933333,40.633333,Brindisian amphora,MCAIACIANA,1,-125,-25
34679,Canale Giancola,Italia,17.85,40.683333,Brindisian amphora,APOLLONID,1,-125,-25
32892,Padova,Italia,11.883333,45.416667,Dressel 6B,CALCRISPINILLAE,1,-50,-1
40710,Brindisi,Italia,17.933333,40.633333,Brindisian amphora,POSIDONI,1,-125,-25
40395,Brindisi,Italia,17.933333,40.633333,Brindisian amphora,LEONTISCVS,1,-125,-25
34105,Alcamo-Marina,Sicilia,12.966667,37.983333,Dressel 21-22,MAEST,0,,
32643,Oderzo,Italia,12.488056,45.78,Dressel 6B,LAEK,1,-50,-1
33043,Padova,Italia,11.883333,45.416667,Dressel 6B,CLYM,1,-50,-1
35673,Canale Giancola,Italia,17.85,40.683333,Brindisian amphora,VISELLI,1,-125,-25
40936,Brindisi,Italia,17.933333,40.633333,Brindisian amphora,ANINIANA,1,-125,-25
35970,Canale Giancola,Italia,17.85,40.683333,Brindisian amphora,CNPETROSOSTR,1,-125,-25
40182,Brindisi,Italia,17.933333,40.633333,Brindisian amphora,DEMETRI,1,-125,-25
37686,Brindisi,Italia,17.933333,40.633333,Brindisian amphora,CANINI,1,-125,-25
40898,Brindisi,Italia,17.933333,40.633333,Brindisian amphora,STRATONIC,1,-125,-25
40904,Brindisi,Italia,17.933333,40.633333,Brindisian amphora,STRATONICVS,1,-125,-25
38290,Brindisi,Italia,17.933333,40.633333,Brindisian amphora,VEHILI,1,-125,-25
39311,Brindisi,Italia,17.933333,40.633333,Brindisian amphora,APOLLON,1,-125,-25
38046,Brindisi,Italia,17.933333,40.633333,Brindisian amphora,CVEHILI,1,-125,-25
34862,Canale Giancola,Italia,17.85,40.683333,Brindisian amphora,ARCHELA,1,-125,-25
25675,Ostia Antica,Italia,12.283333,41.75,Dressel 20,CAN,0,,
38229,Brindisi,Italia,17.933333,40.633333,Brindisian amphora,VEHILI,1,-125,-25
34111,San Potito,Italia,13.5,42.116667,Dressel 20,SCALENSIAGEME,0,,
40170,Taranto,Italia,17.229722,40.476111,Lamboglia 2,DASI,1,-125,-25
9796,Cremona,Italia,10.033333,45.116667,Lamboglia 2,NEC,1,-125,-25
4778,Brindisi,Italia,17.933333,40.633333,Brindisian amphora,EVTVCHI,1,-125,-25
33710,Concordia,Italia,10.983333,44.916667,Lamboglia 2,CR,1,-125,-25
32827,Padova,Italia,11.883333,45.416667,Dressel 6B,SEPVLLI,1,-50,-1
33940,Albinia,Italia,11.25,42.5,Dressel 1C,L,1,-150,-1
38065,Brindisi,Italia,17.933333,40.633333,Brindisian amphora,CVEILI,1,-125,-25
36835,Vicenza,Italia,11.55,45.55,Dressel 6B,LAEK,1,-50,-1
36835,Vicenza,Italia,11.55,45.55,Dressel 6B,L,1,-50,-1
35592,Canale Giancola,Italia,17.85,40.683333,Brindisian amphora,VISELLI,1,-125,-25
33052,Padova,Italia,11.883333,45.416667,Dressel 6B,ILEGIBILE,1,-50,-1
4773,Brindisi,Italia,17.933333,40.633333,Brindisian amphora,BAHANO,1,-125,-25
18584,Îles Lavezzi,Corsica et Sardinia,9.254185,41.341096,Dressel 2-4 Catalan,ANDO,1,-30,-1
34321,Arezzo,Italia,11.883333,43.416667,Amphora incerta,AM,0,,
29367,Ostia Antica,Italia,12.283333,41.75,Dressel 20,MFS,0,,
35208,Canale Giancola,Italia,17.85,40.683333,Brindisian amphora,HERMAISCI,1,-125,-25
28225,Ostia Antica,Italia,12.283333,41.75,Dressel 20,PNN,0,,
26538,Ostia Antica,Italia,12.283333,41.75,Africana 1 Piccolo,PRI,0,,
37542,Canale Giancola,Italia,17.85,40.683333,Brindisian amphora,VISELLI,1,-125,-25
34913,Canale Giancola,Italia,17.85,40.683333,Brindisian amphora,ARCHELA,1,-125,-25
9751,Milano,Italia,9.2,45.466667,Lamboglia 2,DIO,1,-125,-25
26521,Ostia Antica,Italia,12.283333,41.75,Dressel 20,FCVCV,0,,
27031,Ostia Antica,Italia,12.283333,41.75,Dressel 20,PSAVITI,0,,
32659,Oderzo,Italia,12.488056,45.78,Dressel 6B,CLAEKB,1,-50,-1
28206,Ostia Antica,Italia,12.283333,41.75,Dressel 20,PNN,0,,
37824,Brindisi,Italia,17.933333,40.633333,Brindisian amphora,ACAESELIAFQ,1,-125,-25
28259,Ostia Antica,Italia,12.283333,41.75,Dressel 20,PNPHI,0,,
40441,Brindisi,Italia,17.933333,40.633333,Brindisian amphora,MENAI,1,-125,-25
4956,Ostia Antica,Italia,12.283333,41.75,Africana,FANFORTCOLHADR,0,,
35599,Canale Giancola,Italia,17.85,40.683333,Brindisian amphora,VISELLI,1,-125,-25
4805,Canosa,Italia,16.066667,41.216667,Amphora incerta,IO,0,,
35051,Canale Giancola,Italia,17.85,40.683333,Brindisian amphora,DEMETRI,1,-125,-25
35348,Canale Giancola,Italia,17.85,40.683333,Brindisian amphora,LVKAON,1,-125,-25
37548,Canale Giancola,Italia,17.85,40.683333,Brindisian amphora,VISELLI,1,-125,-25
9600,Padova,Italia,11.883333,45.416667,Dressel 6A,COPONI,1,-50,-1
40864,Brindisi,Italia,17.933333,40.633333,Brindisian amphora,SOTERICO,1,-125,-25
35990,Canale Giancola,Italia,17.85,40.683333,Brindisian amphora,CNPETROSOSTR,1,-125,-25
35190,Canale Giancola,Italia,17.85,40.683333,Brindisian amphora,HERMAISCI,1,-125,-25
38078,Brindisi,Italia,17.933333,40.633333,Brindisian amphora,VEHIL,1,-125,-25
34948,Canale Giancola,Italia,17.85,40.683333,Brindisian amphora,ARCHELA,1,-125,-25
25326,Sardegna,Corsica et Sardinia,8.44,39.881944,Tegula,LHEROPT,0,,
34236,Modena,Italia,10.9,44.5,Amphora incerta,IVNPATEN,0,,
34982,Canale Giancola,Italia,17.85,40.683333,Brindisian amphora,BAHANO,1,-125,-25
40356,Brindisi,Italia,17.933333,40.633333,Brindisian amphora,KEPHALONOSKEFALONOS,1,-125,-25
32288,Cremona,Italia,10.033333,45.116667,Amphora incerta,EVNO,0,,
38324,Brindisi,Italia,17.933333,40.633333,Brindisian amphora,VEHILI,1,-125,-25
25341,Vercelli,Italia,8.416667,45.316667,Lamboglia 2,PERIGE,1,-125,-25
18568,Îles Lavezzi,Corsica et Sardinia,9.254185,41.341096,Dressel 2-4 Catalan,AD,1,-30,-1
35941,Canale Giancola,Italia,17.85,40.683333,Brindisian amphora,OCT,1,-125,-25
25316,Sardegna,Corsica et Sardinia,8.44,39.881944,Dolium,MIC,0,,
40211,Brindisi,Italia,17.933333,40.633333,Brindisian amphora,DIOPANTVS,1,-125,-25
37672,Brindisi,Italia,17.933333,40.633333,Brindisian amphora,CANINI,1,-125,-25
40609,Brindisi,Italia,17.933333,40.633333,Brindisian amphora,PERDICAS,1,-125,-25
36979,Ascoli,Italia,13.566667,42.85,Lamboglia 2,R,1,-125,-25
26216,Ostia Antica,Italia,12.283333,41.75,Africana 2D Grande,ANMOL,0,,
28433,Ostia Antica,Italia,12.283333,41.75,Dressel 20,IVCVNDI,0,,
40774,Brindisi,Italia,17.933333,40.633333,Brindisian amphora,PTOLEMA,1,-125,-25
2474,Ostia Antica,Italia,12.283333,41.75,Dressel 20,MFVSCI,0,,
32672,Oderzo,Italia,12.488056,45.78,Dressel 6B,B,1,-50,-1
37668,Brindisi,Italia,17.933333,40.633333,Brindisian amphora,CANINI,1,-125,-25
40217,Brindisi,Italia,17.933333,40.633333,Brindisian amphora,DIOPANTVS,1,-125,-25
35888,Canale Giancola,Italia,17.85,40.683333,Brindisian amphora,PAMPVDICOM,1,-125,-25
33094,Erice,Sicilia,12.583333,38.033333,Greco-Itálica,TRLOISIO,1,-400,-100
37568,Canale Giancola,Italia,17.85,40.683333,Brindisian amphora,VISELLI,1,-125,-25
35791,Canale Giancola,Italia,17.85,40.683333,Brindisian amphora,VISELLI,1,-125,-25
26183,Porto Torres,Corsica et Sardinia,8.397222,40.835,Africana 2D Grande,FORTLFITI,0,,
34546,Canale Giancola,Italia,17.85,40.683333,Brindisian amphora,APELLAE,1,-125,-25
37594,San Cataldo,Italia,18.3,40.383333,Brindisian amphora,DEMETRI,1,-125,-25
35081,Canale Giancola,Italia,17.85,40.683333,Brindisian amphora,DIOCLES,1,-125,-25
40057,Brindisi,Italia,17.933333,40.633333,Brindisian amphora,BATON,1,-125,-25
25401,Cosa,Italia,12.896389,46.057778,Dressel 1B,SIGNUM,1,-150,-1
35630,Canale Giancola,Italia,17.85,40.683333,Brindisian amphora,VISELLI,1,-125,-25
25768,Ostia Antica,Italia,12.283333,41.75,Dressel 20,ARVA,0,,
40706,Brindisi,Italia,17.933333,40.633333,Brindisian amphora,POSIDONIO,1,-125,-25
37267,Canale Giancola,Italia,17.85,40.683333,Brindisian amphora,CHARITON,1,-125,-25
34708,Canale Giancola,Italia,17.85,40.683333,Brindisian amphora,APOLONIDA,1,-125,-25
32641,Oderzo,Italia,12.488056,45.78,Dressel 6B,COLTO,1,-50,-1
37501,Canale Giancola,Italia,17.85,40.683333,Brindisian amphora,VISELLI,1,-125,-25
40053,Brindisi,Italia,17.933333,40.633333,Brindisian amphora,BATON,1,-125,-25
35219,Canale Giancola,Italia,17.85,40.683333,Brindisian amphora,HERMAISCI,1,-125,-25
35542,Canale Giancola,Italia,17.85,40.683333,Brindisian amphora,SCOPAS,1,-125,-25
32299,Padova,Italia,11.883333,45.416667,Dressel 6B,CLAEKB,1,-50,-1
9750,Milano,Italia,9.2,45.466667,Lamboglia 2,DIO,1,-125,-25
33023,Padova,Italia,11.883333,45.416667,Dressel 6B,PIERI,1,-50,-1
34952,Canale Giancola,Italia,17.85,40.683333,Brindisian amphora,ARCHELA,1,-125,-25
33943,Albinia,Italia,11.25,42.5,Dressel 1C,L,1,-150,-1
35286,Canale Giancola,Italia,17.85,40.683333,Brindisian amphora,LVKAON,1,-125,-25
34553,Canale Giancola,Italia,17.85,40.683333,Brindisian amphora,APELLAE,1,-125,-25
4778,Brindisi,Italia,17.933333,40.633333,Brindisian amphora,CANINI,1,-125,-25
34687,Canale Giancola,Italia,17.85,40.683333,Brindisian amphora,APOLONIDA,1,-125,-25
37296,Canale Giancola,Italia,17.85,40.683333,Brindisian amphora,DEMETRI,1,-125,-25
34356,Corlo,Italia,11.75,44.883333,Operculum,QDAMASR,0,,
36940,Trapani,Sicilia,12.483333,38.016667,Amphora incerta,IASO,0,,
34307,Provincia di Parma,Italia,10.083333,44.7,Amphora incerta,DON,0,,
34969,Canale Giancola,Italia,17.85,40.683333,Brindisian amphora,ARCHELA,1,-125,-25
40051,Brindisi,Italia,17.933333,40.633333,Brindisian amphora,BATON,1,-125,-25
41053,Brindisi,Italia,17.933333,40.633333,Brindisian amphora,ANINIANA,1,-125,-25
32694,Oderzo,Italia,12.488056,45.78,Dressel 6B,BRCI,1,-50,-1
28371,Ostia Antica,Italia,12.283333,41.75,Dressel 20,QIA,0,,
34762,Canale Giancola,Italia,17.85,40.683333,Brindisian amphora,APOLONIDA,1,-125,-25
36754,Vicenza,Italia,11.55,45.55,Dressel 6A,MAEBIDIENI,1,-50,-1
37393,Canale Giancola,Italia,17.85,40.683333,Brindisian amphora,STABVA,1,-125,-25
40187,Brindisi,Italia,17.933333,40.633333,Brindisian amphora,DIODOTVS,1,-125,-25
38353,Brindisi,Italia,17.933333,40.633333,Brindisian amphora,VEHILI,1,-125,-25
35666,Canale Giancola,Italia,17.85,40.683333,Brindisian amphora,VISELLI,1,-125,-25
35020,Canale Giancola,Italia,17.85,40.683333,Brindisian amphora,DEMETRI,1,-125,-25
26591,Ostia Antica,Italia,12.283333,41.75,Amphora incerta,PRLF,0,,
41034,Brindisi,Italia,17.933333,40.633333,Brindisian amphora,ANINIANA,1,-125,-25
40907,Brindisi,Italia,17.933333,40.633333,Brindisian amphora,TARVLAESVLLAEL,1,-125,-25
5165,Ostia Antica,Italia,12.283333,41.75,Amphora incerta,SAL,0,,
40351,Brindisi,Italia,17.933333,40.633333,Brindisian amphora,KEPHALONOSKEFALONOS,1,-125,-25
25750,Ostia Antica,Italia,12.283333,41.75,Dressel 20,LAENTE,0,,
36946,Campania,Italia,14.416667,40.883333,Amphora incerta,MVT,0,,
34613,Canale Giancola,Italia,17.85,40.683333,Brindisian amphora,APOLLONID,1,-125,-25
35349,Canale Giancola,Italia,17.85,40.683333,Brindisian amphora,LVKAON,1,-125,-25
36729,Padova,Italia,11.883333,45.416667,Dressel 6B,CLAEB,1,-50,-1
40738,Brindisi,Italia,17.933333,40.633333,Brindisian amphora,PTOLEMAE,1,-125,-25
34991,Canale Giancola,Italia,17.85,40.683333,Brindisian amphora,DAMATRI,1,-125,-25
37377,Canale Giancola,Italia,17.85,40.683333,Brindisian amphora,SCOPAS,1,-125,-25
40506,Brindisi,Italia,17.933333,40.633333,Brindisian amphora,MENECRATES,1,-125,-25
37876,Brindisi,Italia,17.933333,40.633333,Brindisian amphora,MEXSONI,1,-125,-25
41073,Brindisi,Italia,17.933333,40.633333,Brindisian amphora,ANINIANA,1,-125,-25
40749,Brindisi,Italia,17.933333,40.633333,Brindisian amphora,PTOLEMAE,1,-125,-25
40692,Brindisi,Italia,17.933333,40.633333,Brindisian amphora,PILEMO,1,-125,-25
25274,Sardegna,Corsica et Sardinia,8.44,39.881944,Greco-Itálica,AEY,1,-400,-100
25387,Cosa,Italia,12.896389,46.057778,Dressel 1C,SEST,1,-150,-1
37938,Brindisi,Italia,17.933333,40.633333,Brindisian amphora,NMACCIVSLFQ,1,-125,-25
1880,Ostia Antica,Italia,12.283333,41.75,Dressel 20,CVP,0,,
33702,Faenza,Italia,11.883333,44.283333,Amphora incerta,EPITIMOCTHENEC,0,,
37663,Brindisi,Italia,17.933333,40.633333,Brindisian amphora,CANINI,1,-125,-25
25819,Ostia Antica,Italia,12.283333,41.75,Dressel 20,BAIS,0,,
40731,Brindisi,Italia,17.933333,40.633333,Brindisian amphora,PTOLEMAE,1,-125,-25
38171,Brindisi,Italia,17.933333,40.633333,Brindisian amphora,VEHILI,1,-125,-25
40291,Brindisi,Italia,17.933333,40.633333,Brindisian amphora,EVTVCHI,1,-125,-25
33883,Albinia,Italia,11.25,42.5,Dressel 1C,DAS,1,-150,-1
18574,Îles Lavezzi,Corsica et Sardinia,9.254185,41.341096,Dressel 2-4 Catalan,VIC,1,-30,-1
35983,Canale Giancola,Italia,17.85,40.683333,Brindisian amphora,CNPETROSOSTR,1,-125,-25
25285,Sardegna,Corsica et Sardinia,8.44,39.881944,Dressel 20,QFLVP,0,,
40632,Brindisi,Italia,17.933333,40.633333,Brindisian amphora,PERDICAS,1,-125,-25
5084,Ostia Antica,Italia,12.283333,41.75,Amphora incerta,EXPM,0,,
27072,Bonifacio,Corsica et Sardinia,9.156876,41.386814,Africana,M,0,,
38466,Brindisi,Italia,17.933333,40.633333,Brindisian amphora,APELAES,1,-125,-25
35688,Canale Giancola,Italia,17.85,40.683333,Brindisian amphora,VISELLI,1,-125,-25
37345,Canale Giancola,Italia,17.85,40.683333,Brindisian amphora,MENOPHILI,1,-125,-25
35918,Canale Giancola,Italia,17.85,40.683333,Brindisian amphora,LMARCISATVR,1,-125,-25
37727,Brindisi,Italia,17.933333,40.633333,Brindisian amphora,CANINI,1,-125,-25
38472,Brindisi,Italia,17.933333,40.633333,Brindisian amphora,APELAES,1,-125,-25
20291,Ostia Antica,Italia,12.283333,41.75,Dressel 20,FGFIVSFM,0,,
34892,Canale Giancola,Italia,17.85,40.683333,Brindisian amphora,ARCHELA,1,-125,-25
35128,Canale Giancola,Italia,17.85,40.683333,Brindisian amphora,DIOCLES,1,-125,-25
35474,Canale Giancola,Italia,17.85,40.683333,Brindisian amphora,SCOPAS,1,-125,-25
9764,Milano,Italia,9.2,45.466667,Lamboglia 2,EPICAD,1,-125,-25
38109,Brindisi,Italia,17.933333,40.633333,Brindisian amphora,VEHILI,1,-125,-25
26252,Ostia Antica,Italia,12.283333,41.75,Africana 1B pic.,TOPHLV,0,,
10571,Altino,Italia,12.393333,45.544444,Dressel 6B,COSAE,1,-50,-1
8629,Taranto,Italia,17.229722,40.476111,Greco-Itálica,GAIOCAPICTION,1,-400,-100
34235,Vicenza,Italia,11.45,45.666667,Amphora incerta,IVNPATEN,0,,
33852,Albinia,Italia,11.25,42.5,Dressel 1C,ARS,1,-150,-1
32611,Oderzo,Italia,12.488056,45.78,Dressel 6B,COSAE,1,-50,-1
32831,Padova,Italia,11.883333,45.416667,Dressel 6B,VARIPACCI,1,-50,-1
33799,Albinia,Italia,11.25,42.5,Dressel 1,APOL,1,-150,-1
33980,Trieste,Italia,13.766667,45.666667,Dressel 6B,PITVRISA,1,-50,-1
36926,Siracusa,Sicilia,15.3,37.066667,Amphora incerta,MANTESTIO,0,,
35102,Canale Giancola,Italia,17.85,40.683333,Brindisian amphora,DIOCLES,1,-125,-25
36797,Vicenza,Italia,11.55,45.55,Dressel 6B,IVNIPAETN,1,-50,-1
36772,Vicenza,Italia,11.55,45.55,Dressel 6A,B,1,-50,-1
29463,Ostia Antica,Italia,12.283333,41.75,Dressel 20,QSP,0,,
9638,Padova,Italia,11.883333,45.416667,Dressel 6B,LTREOPTA,1,-50,-1
37807,Brindisi,Italia,17.933333,40.633333,Brindisian amphora,APPVLEI,1,-125,-25
37412,Canale Giancola,Italia,17.85,40.683333,Brindisian amphora,VISELLI,1,-125,-25
33959,Concordia,Italia,10.983333,44.916667,Dressel 1C,CR,1,-150,-1
36969,Sardegna,Corsica et Sardinia,8.75,39.5,Amphora incerta,RISILLAII,0,,
33785,Albinia,Italia,11.25,42.5,Dressel 1,AIAS,1,-150,-1
29530,Ostia Antica,Italia,12.283333,41.75,Dressel 20,FSCIMNIANO,0,,
36753,Vicenza,Italia,11.55,45.55,Dressel 6A,ARVSEBIDIE,1,-50,-1
1192,Tivoli,Italia,7.166667,44.683333,Dressel 2-4,MFN,1,-30,-1
8626,Ostia Antica,Italia,12.283333,41.75,Dressel 30 - Keay 1B,EXPROVMAVRCAESTVBVS,0,,
35068,Canale Giancola,Italia,17.85,40.683333,Brindisian amphora,DIOCLES,1,-125,-25
40755,Brindisi,Italia,17.933333,40.633333,Brindisian amphora,PTOLEMAE,1,-125,-25
36775,Vicenza,Italia,11.55,45.55,Dressel 6A,ILEGIBILE,1,-50,-1
32303,Padova,Italia,11.883333,45.416667,Dressel 6B,CLAEKBAS,1,-50,-1
26166,Porto Torres,Corsica et Sardinia,8.397222,40.835,Africana 2D Grande,FANFORTCOLHADR,0,,
25288,Sardegna,Corsica et Sardinia,8.44,39.881944,Dressel 20,IVLINIGRI,0,,
37974,Brindisi,Italia,17.933333,40.633333,Brindisian amphora,LPVBLILI,1,-125,-25
40911,Brindisi,Italia,17.933333,40.633333,Brindisian amphora,TARVLAESVLLAEL,1,-125,-25
38252,Brindisi,Italia,17.933333,40.633333,Brindisian amphora,VEHILI,1,-125,-25
37752,Brindisi,Italia,17.933333,40.633333,Brindisian amphora,LANINIVS,1,-125,-25
32768,Padova,Italia,11.883333,45.416667,Dressel 6B,HER,1,-50,-1
36739,Padova,Italia,11.883333,45.416667,Dressel 6B,SPERATUS,1,-50,-1
36779,Vicenza,Italia,11.55,45.55,Dressel 6B,APIC,1,-50,-1
40299,Brindisi,Italia,17.933333,40.633333,Brindisian amphora,GLAVCI,1,-125,-25
33106,Lilibeo,Sicilia,12.416667,37.8,Greco-Itálica,TRLOISIO,1,-400,-100
40550,Brindisi,Italia,17.933333,40.633333,Brindisian amphora,MENOPILVS,1,-125,-25
37441,Canale Giancola,Italia,17.85,40.683333,Brindisian amphora,VISELLI,1,-125,-25
36739,Padova,Italia,11.883333,45.416667,Dressel 6B,CLAEK,1,-50,-1
40160,Taranto,Italia,17.229722,40.476111,Lamboglia 2,APOLLONI,1,-125,-25
40845,Brindisi,Italia,17.933333,40.633333,Brindisian amphora,SOTERICSOTERIX,1,-125,-25
40751,Brindisi,Italia,17.933333,40.633333,Brindisian amphora,PTOLEMAE,1,-125,-25
34571,Canale Giancola,Italia,17.85,40.683333,Brindisian amphora,APELLAE,1,-125,-25
32686,Oderzo,Italia,12.488056,45.78,Dressel 6B,VMBRICVM,1,-50,-1
5075,Ostia Antica,Italia,12.283333,41.75,Africana,LEPMIDOMF,0,,
40554,Brindisi,Italia,17.933333,40.633333,Brindisian amphora,MENOPILVS,1,-125,-25
35469,Canale Giancola,Italia,17.85,40.683333,Brindisian amphora,SCOPAS,1,-125,-25
34783,Canale Giancola,Italia,17.85,40.683333,Brindisian amphora,APOLLONIDES,1,-125,-25
26340,Aquileia,Italia,13.368333,45.770278,Africana 3B,PO,0,,
33865,Albinia,Italia,11.25,42.5,Dressel 1C,DAS,1,-150,-1
40866,Brindisi,Italia,17.933333,40.633333,Brindisian amphora,STR,1,-125,-25
38148,Brindisi,Italia,17.933333,40.633333,Brindisian amphora,VEHILI,1,-125,-25
34639,Canale Giancola,Italia,17.85,40.683333,Brindisian amphora,APOLLONID,1,-125,-25
26214,Ostia Antica,Italia,12.283333,41.75,Africana 2D Grande,TOPPOS,0,,
34658,Canale Giancola,Italia,17.85,40.683333,Brindisian amphora,APOLLONID,1,-125,-25
38410,Brindisi,Italia,17.933333,40.633333,Brindisian amphora,APELLE,1,-125,-25
35462,Canale Giancola,Italia,17.85,40.683333,Brindisian amphora,SCOPAS,1,-125,-25
35667,Canale Giancola,Italia,17.85,40.683333,Brindisian amphora,VISELLI,1,-125,-25
27087,Spargi,Corsica et Sardinia,9.35,41.233333,Dressel 1A,E,1,-150,-1
39299,Brindisi,Italia,17.933333,40.633333,Brindisian amphora,APOLLONIMA,1,-125,-25
32601,Oderzo,Italia,12.488056,45.78,Dressel 6B,APIC,1,-50,-1
35427,Canale Giancola,Italia,17.85,40.683333,Brindisian amphora,SCOPAS,1,-125,-25
33100,Erice,Sicilia,12.583333,38.033333,Greco-Itálica,TRLOISIO,1,-400,-100
38347,Brindisi,Italia,17.933333,40.633333,Brindisian amphora,VEHILI,1,-125,-25
27028,Ostia Antica,Italia,12.283333,41.75,Mau 35,PETRONIORVM,0,,
37318,Canale Giancola,Italia,17.85,40.683333,Brindisian amphora,LIBO,1,-125,-25
25081,Aquileia,Italia,13.368333,45.770278,Dressel 6B,CALTEN,1,-50,-1
37843,Brindisi,Italia,17.933333,40.633333,Brindisian amphora,PCLAVDIVSPNQ,1,-125,-25
37894,Brindisi,Italia,17.933333,40.633333,Brindisian amphora,LFANNI,1,-125,-25
37592,San Cataldo,Italia,18.3,40.383333,Brindisian amphora,DEMETRI,1,-125,-25
18612,Îles Lavezzi,Corsica et Sardinia,9.254185,41.341096,Dressel 2-4 Catalan,QVAD,1,-30,-1
35289,Canale Giancola,Italia,17.85,40.683333,Brindisian amphora,LVKAON,1,-125,-25
37725,Brindisi,Italia,17.933333,40.633333,Brindisian amphora,CANINI,1,-125,-25
40285,Brindisi,Italia,17.933333,40.633333,Brindisian amphora,HPAIOC,1,-125,-25
32676,Oderzo,Italia,12.488056,45.78,Dressel 6B,MESCAE,1,-50,-1
37712,Brindisi,Italia,17.933333,40.633333,Brindisian amphora,CANINI,1,-125,-25
37291,Canale Giancola,Italia,17.85,40.683333,Brindisian amphora,DEMETRI,1,-125,-25
35314,Canale Giancola,Italia,17.85,40.683333,Brindisian amphora,LVKAON,1,-125,-25
38416,Brindisi,Italia,17.933333,40.633333,Brindisian amphora,APELLES,1,-125,-25
28205,Ostia Antica,Italia,12.283333,41.75,Dressel 20,PNN,0,,
35300,Canale Giancola,Italia,17.85,40.683333,Brindisian amphora,LVKAON,1,-125,-25
18657,Îles Perduto,Corsica et Sardinia,9.305129,41.369872,Dressel 2-4 Catalan,CISSI,1,-30,-1
38470,Brindisi,Italia,17.933333,40.633333,Brindisian amphora,APELAES,1,-125,-25
26220,Ostia Antica,Italia,12.283333,41.75,Africana 2D Grande,COPPVB,0,,
37319,Canale Giancola,Italia,17.85,40.683333,Brindisian amphora,LIBO,1,-125,-25
40677,Brindisi,Italia,17.933333,40.633333,Brindisian amphora,PILEMO,1,-125,-25
40374,Brindisi,Italia,17.933333,40.633333,Brindisian amphora,LEONTISCVS,1,-125,-25
35632,Canale Giancola,Italia,17.85,40.683333,Brindisian amphora,VISELLI,1,-125,-25
34802,Canale Giancola,Italia,17.85,40.683333,Brindisian amphora,APOLLONIDES,1,-125,-25
37335,Canale Giancola,Italia,17.85,40.683333,Brindisian amphora,MANISA,1,-125,-25
40693,Brindisi,Italia,17.933333,40.633333,Brindisian amphora,PILEMO,1,-125,-25
38134,Brindisi,Italia,17.933333,40.633333,Brindisian amphora,VEHILI,1,-125,-25
35506,Canale Giancola,Italia,17.85,40.683333,Brindisian amphora,SCOPAS,1,-125,-25
34647,Canale Giancola,Italia,17.85,40.683333,Brindisian amphora,APOLLONID,1,-125,-25
35272,Canale Giancola,Italia,17.85,40.683333,Brindisian amphora,LVCAO,1,-125,-25
35811,Canale Giancola,Italia,17.85,40.683333,Brindisian amphora,VISELLI,1,-125,-25
35425,Canale Giancola,Italia,17.85,40.683333,Brindisian amphora,SCOPAS,1,-125,-25
33034,Padova,Italia,11.883333,45.416667,Dressel 6B,COSAE,1,-50,-1
40781,Brindisi,Italia,17.933333,40.633333,Brindisian amphora,PVLADE,1,-125,-25
40935,Brindisi,Italia,17.933333,40.633333,Brindisian amphora,ANINIANA,1,-125,-25
33826,Albinia,Italia,11.25,42.5,Dressel 1,SOTIC,1,-150,-1
35868,Canale Giancola,Italia,17.85,40.683333,Brindisian amphora,DEMETREI,1,-125,-25
18609,Îles Lavezzi,Corsica et Sardinia,9.254185,41.341096,Dressel 2-4 Catalan,VIC,1,-30,-1
35354,Canale Giancola,Italia,17.85,40.683333,Brindisian amphora,LVKAON,1,-125,-25
34722,Canale Giancola,Italia,17.85,40.683333,Brindisian amphora,APOLONIDA,1,-125,-25
28135,Ostia Antica,Italia,12.283333,41.75,Dressel 20,PPAC,0,,
28115,Ostia Antica,Italia,12.283333,41.75,Dressel 20,GPCI,0,,
28341,Ostia Antica,Italia,12.283333,41.75,Dressel 20,IICCLLM,0,,
36919,Pompeya,Italia,14.483333,40.75,Amphora incerta,CNMITACVPOI,0,,
36793,Vicenza,Italia,11.55,45.55,Dressel 6B,L,1,-50,-1
26162,Porto Torres,Corsica et Sardinia,8.397222,40.835,Africana 2D Grande,DONASVL,0,,
33881,Albinia,Italia,11.25,42.5,Dressel 1C,DAS,1,-150,-1
32852,Padova,Italia,11.883333,45.416667,Dressel 6B,APPVLCRI,1,-50,-1
37804,Brindisi,Italia,17.933333,40.633333,Brindisian amphora,APPVLEI,1,-125,-25
38228,Brindisi,Italia,17.933333,40.633333,Brindisian amphora,VEHILI,1,-125,-25
28127,Ostia Antica,Italia,12.283333,41.75,Dressel 20,QPPHRYXI,0,,
33688,Modena,Italia,10.9,44.5,Dressel 6,APPVLCRI,0,,
35742,Canale Giancola,Italia,17.85,40.683333,Brindisian amphora,VISELLI,1,-125,-25
33744,Bonizzo,Italia,11.183333,45.033333,Amphora incerta,ACVDA,0,,
9740,Milano,Italia,9.2,45.466667,Lamboglia 2,CHOSDA,1,-125,-25
32775,Padova,Italia,11.883333,45.416667,Dressel 6B,VIAT,1,-50,-1
37664,Brindisi,Italia,17.933333,40.633333,Brindisian amphora,CANINI,1,-125,-25
26446,Ostia Antica,Italia,12.283333,41.75,Dressel 20,LCT,0,,
34650,Canale Giancola,Italia,17.85,40.683333,Brindisian amphora,APOLLONID,1,-125,-25
32296,Padova,Italia,11.883333,45.416667,Dressel 6B,FELIXSER,1,-50,-1
35949,Canale Giancola,Italia,17.85,40.683333,Brindisian amphora,CNPE,1,-125,-25
4716,Canoneghe,Italia,11.916667,45.433333,Dressel 6A,LD,1,-50,-1
40281,Brindisi,Italia,17.933333,40.633333,Brindisian amphora,HPAIOC,1,-125,-25
39230,Brindisi,Italia,17.933333,40.633333,Brindisian amphora,APOLONI,1,-125,-25
34617,Canale Giancola,Italia,17.85,40.683333,Brindisian amphora,APOLLONID,1,-125,-25
35743,Canale Giancola,Italia,17.85,40.683333,Brindisian amphora,VISELLI,1,-125,-25
40279,Brindisi,Italia,17.933333,40.633333,Brindisian amphora,HPAIOC,1,-125,-25
40895,Brindisi,Italia,17.933333,40.633333,Brindisian amphora,STR,1,-125,-25
26151,Brindisi,Italia,17.933333,40.633333,Brindisian amphora,CORNELILSVLLTARV,1,-125,-25
25362,Vercelli,Italia,8.416667,45.316667,Dressel 6B,IMPPMI,1,-50,-1
37294,Canale Giancola,Italia,17.85,40.683333,Brindisian amphora,DEMETRI,1,-125,-25
34509,Canale Giancola,Italia,17.85,40.683333,Brindisian amphora,AENEAS,1,-125,-25
33894,Albinia,Italia,11.25,42.5,Dressel 1C,DIS,1,-150,-1
39328,Brindisi,Italia,17.933333,40.633333,Brindisian amphora,APOI,1,-125,-25
34925,Canale Giancola,Italia,17.85,40.683333,Brindisian amphora,ARCHELA,1,-125,-25
38342,Brindisi,Italia,17.933333,40.633333,Brindisian amphora,VEHILI,1,-125,-25
38460,Brindisi,Italia,17.933333,40.633333,Brindisian amphora,APELAES,1,-125,-25
35961,Canale Giancola,Italia,17.85,40.683333,Brindisian amphora,CNPETROSOSTR,1,-125,-25
28230,Ostia Antica,Italia,12.283333,41.75,Dressel 20,PNN,0,,
35161,Canale Giancola,Italia,17.85,40.683333,Brindisian amphora,DIOCLEI,1,-125,-25
37372,Canale Giancola,Italia,17.85,40.683333,Brindisian amphora,SCOPAS,1,-125,-25
35967,Canale Giancola,Italia,17.85,40.683333,Brindisian amphora,CNPETROSOSTR,1,-125,-25
34851,Canale Giancola,Italia,17.85,40.683333,Brindisian amphora,ARCHELA,1,-125,-25
34608,Canale Giancola,Italia,17.85,40.683333,Brindisian amphora,APELLESAEH,1,-125,-25
21135,Tortona,Italia,8.866667,44.9,Dressel 6B,PQSCAPVLAE,1,-50,-1
40556,Brindisi,Italia,17.933333,40.633333,Brindisian amphora,MENOPILVS,1,-125,-25
37673,Brindisi,Italia,17.933333,40.633333,Brindisian amphora,CANINI,1,-125,-25
41019,Brindisi,Italia,17.933333,40.633333,Brindisian amphora,ANINIANA,1,-125,-25
5213,Ostia Antica,Italia,12.283333,41.75,Africana,CTPOMCIPOM,0,,
18560,Île Cavallo,Corsica et Sardinia,9.262903,41.368374,Dressel 2-4 Catalan,OPTATI,1,-30,-1
34564,Canale Giancola,Italia,17.85,40.683333,Brindisian amphora,APELLAE,1,-125,-25
10487,Altino,Italia,12.393333,45.544444,Dressel 6A,PATE,1,-50,-1
40938,Brindisi,Italia,17.933333,40.633333,Brindisian amphora,ANINIANA,1,-125,-25
35645,Canale Giancola,Italia,17.85,40.683333,Brindisian amphora,VISELLI,1,-125,-25
34956,Canale Giancola,Italia,17.85,40.683333,Brindisian amphora,ARCHELA,1,-125,-25
34496,Canale Giancola,Italia,17.85,40.683333,Brindisian amphora,AENEAS,1,-125,-25
10486,Altino,Italia,12.393333,45.544444,Dressel 6A,MHERPHAE,1,-50,-1
40657,Brindisi,Italia,17.933333,40.633333,Brindisian amphora,PILEMO,1,-125,-25
40569,Brindisi,Italia,17.933333,40.633333,Brindisian amphora,MENOP,1,-125,-25
38258,Brindisi,Italia,17.933333,40.633333,Brindisian amphora,VEHILI,1,-125,-25
38454,Brindisi,Italia,17.933333,40.633333,Brindisian amphora,APELAES,1,-125,-25
41045,Brindisi,Italia,17.933333,40.633333,Brindisian amphora,ANINIANA,1,-125,-25
33679,Modena,Italia,10.9,44.5,Dressel 6A,MHEPICEN,1,-50,-1
29531,Ostia Antica,Italia,12.283333,41.75,Dressel 20,FSCIMNIANO,0,,
37253,Canale Giancola,Italia,17.85,40.683333,Brindisian amphora,APOLONI,1,-125,-25
38452,Brindisi,Italia,17.933333,40.633333,Brindisian amphora,APELAES,1,-125,-25
37419,Canale Giancola,Italia,17.85,40.683333,Brindisian amphora,VISELLI,1,-125,-25
37041,Taranto,Italia,17.229722,40.476111,Amphora incerta,AGAT,0,,
32799,Padova,Italia,11.883333,45.416667,Dressel 6A,MHERPICENT,1,-50,-1
34217,Ferriere,Italia,9.5,44.633333,Amphora incerta,FELICIC,0,,
37316,Canale Giancola,Italia,17.85,40.683333,Brindisian amphora,LIBO,1,-125,-25
39324,Brindisi,Italia,17.933333,40.633333,Brindisian amphora,APOLNVEB,1,-125,-25
34222,Modena,Italia,10.9,44.5,Amphora incerta,HARB,0,,
34320,Reggio Emilia,Italia,10.616667,44.616667,Amphora incerta,VLC,0,,
34898,Canale Giancola,Italia,17.85,40.683333,Brindisian amphora,ARCHELA,1,-125,-25
38495,Brindisi,Italia,17.933333,40.633333,Brindisian amphora,APELLAIS,1,-125,-25
19207,Giglio Porto,Italia,10.916667,42.366667,Africana,III,0,,
32294,Padova,Italia,11.883333,45.416667,Dressel 6B,CK,1,-50,-1
40832,Brindisi,Italia,17.933333,40.633333,Brindisian amphora,SOTERICSOTERIX,1,-125,-25
37753,Brindisi,Italia,17.933333,40.633333,Brindisian amphora,LANINIVS,1,-125,-25
38280,Brindisi,Italia,17.933333,40.633333,Brindisian amphora,VEHILI,1,-125,-25
36810,Vicenza,Italia,11.55,45.55,Dressel 6B,LAE,1,-50,-1
32823,Padova,Italia,11.883333,45.416667,Dressel 6B,PQSCAPVLAE,1,-50,-1
29273,Ostia Antica,Italia,12.283333,41.75,Dressel 20,LFC,0,,
35404,Canale Giancola,Italia,17.85,40.683333,Brindisian amphora,MENOPHIL,1,-125,-25
37745,Brindisi,Italia,17.933333,40.633333,Brindisian amphora,LANINIVS,1,-125,-25
4866,Minturno,Italia,13.75,41.25,Dressel 1B,VE,1,-150,-1
4650,Este,Italia,11.65,45.233333,Dressel 6A,CMCALAIS,1,-50,-1
34300,Provincia di Parma,Italia,10.083333,44.7,Amphora incerta,CIIDCHD,0,,
37350,Canale Giancola,Italia,17.85,40.683333,Brindisian amphora,PHILIPI,1,-125,-25
34521,Canale Giancola,Italia,17.85,40.683333,Brindisian amphora,AENEAE,1,-125,-25
40222,Brindisi,Italia,17.933333,40.633333,Brindisian amphora,DIOPANTVS,1,-125,-25
40727,Brindisi,Italia,17.933333,40.633333,Brindisian amphora,PTOLEMAE,1,-125,-25
33018,Padova,Italia,11.883333,45.416667,Dressel 6B,LAEK,1,-50,-1
25381,Cosa,Italia,12.896389,46.057778,Dressel 1A,SES,1,-150,-1
36794,Vicenza,Italia,11.55,45.55,Dressel 6B,IVNIPAETINI,1,-50,-1
34932,Canale Giancola,Italia,17.85,40.683333,Brindisian amphora,ARCHELA,1,-125,-25
20312,Ostia Antica,Italia,12.283333,41.75,Africana,SC,0,,
40220,Brindisi,Italia,17.933333,40.633333,Brindisian amphora,DIOPANTVS,1,-125,-25
35600,Canale Giancola,Italia,17.85,40.683333,Brindisian amphora,VISELLI,1,-125,-25
33987,Trieste,Italia,13.766667,45.666667,Amphora incerta,CALTEN,0,,
40428,Brindisi,Italia,17.933333,40.633333,Brindisian amphora,LVCRIO,1,-125,-25
34794,Canale Giancola,Italia,17.85,40.683333,Brindisian amphora,APOLLONIDES,1,-125,-25
9820,Milano,Italia,9.2,45.466667,Lamboglia 2,SOIL,1,-125,-25
39325,Brindisi,Italia,17.933333,40.633333,Brindisian amphora,APOLNVEB,1,-125,-25
37910,Brindisi,Italia,17.933333,40.633333,Brindisian amphora,LLVCI,1,-125,-25
40732,Brindisi,Italia,17.933333,40.633333,Brindisian amphora,PTOLEMAE,1,-125,-25
10501,Altino,Italia,12.393333,45.544444,Dressel ante 6B,LFO,0,,
40777,Brindisi,Italia,17.933333,40.633333,Brindisian amphora,PIILADE,1,-125,-25
32642,Oderzo,Italia,12.488056,45.78,Dressel 6B,CLAEKB,1,-50,-1
34652,Canale Giancola,Italia,17.85,40.683333,Brindisian amphora,APOLLONID,1,-125,-25
35322,Canale Giancola,Italia,17.85,40.683333,Brindisian amphora,LVKAON,1,-125,-25
39280,Brindisi,Italia,17.933333,40.633333,Brindisian amphora,APOLLONI,1,-125,-25
25327,Sardegna,Corsica et Sardinia,8.44,39.881944,Tegula,TARR,0,,
38431,Brindisi,Italia,17.933333,40.633333,Brindisian amphora,APELAES,1,-125,-25
8620,Narni,Italia,12.516667,42.516667,Rodia,EPIARISTOMACHOSSMINFIOS,0,,
34706,Canale Giancola,Italia,17.85,40.683333,Brindisian amphora,APOLONIDA,1,-125,-25
40302,Brindisi,Italia,17.933333,40.633333,Brindisian amphora,GORGIA,1,-125,-25
39239,Brindisi,Italia,17.933333,40.633333,Brindisian amphora,APOLONI,1,-125,-25
34219,Villanova,Italia,11.983333,44.25,Amphora incerta,FELIXAVTRON,0,,
37340,Canale Giancola,Italia,17.85,40.683333,Brindisian amphora,MANISA,1,-125,-25
40101,Brindisi,Italia,17.933333,40.633333,Brindisian amphora,CTESO,1,-125,-25
38262,Brindisi,Italia,17.933333,40.633333,Brindisian amphora,VEHILI,1,-125,-25
35953,Canale Giancola,Italia,17.85,40.683333,Brindisian amphora,CNPETROSOSTR,1,-125,-25
40960,Brindisi,Italia,17.933333,40.633333,Brindisian amphora,ANINIANA,1,-125,-25
25386,Cosa,Italia,12.896389,46.057778,Dressel 1A,SES,1,-150,-1
34787,Canale Giancola,Italia,17.85,40.683333,Brindisian amphora,APOLLONIDES,1,-125,-25
34981,Canale Giancola,Italia,17.85,40.683333,Brindisian amphora,BAHANO,1,-125,-25
35284,Canale Giancola,Italia,17.85,40.683333,Brindisian amphora,LVKAON,1,-125,-25
33937,Albinia,Italia,11.25,42.5,Dressel 1C,L,1,-150,-1
35608,Canale Giancola,Italia,17.85,40.683333,Brindisian amphora,VISELLI,1,-125,-25
39943,Ostia Antica,Italia,12.283333,41.75,Amphora incerta,MAAM,0,,
25354,Vercelli,Italia,8.416667,45.316667,Dressel 6B,IMPEVECT,1,-50,-1
36841,Vicenza,Italia,11.55,45.55,Dressel 6B,OPTA,1,-50,-1
9616,Padova,Italia,11.883333,45.416667,Dressel 6A,PSEPVLLIPF,1,-50,-1
9736,Milano,Italia,9.2,45.466667,Lamboglia 2,CARILLVS,1,-125,-25
26508,Ostia Antica,Italia,12.283333,41.75,Dressel 20,CONSFC,0,,
40466,Brindisi,Italia,17.933333,40.633333,Brindisian amphora,MENECRATES,1,-125,-25
4741,Brindisi,Italia,17.933333,40.633333,Brindisian amphora,VHEILI,1,-125,-25
4741,Brindisi,Italia,17.933333,40.633333,Brindisian amphora,POSIDONI,1,-125,-25
32690,Oderzo,Italia,12.488056,45.78,Dressel 6B,VARIPACCI,1,-50,-1
34624,Canale Giancola,Italia,17.85,40.683333,Brindisian amphora,APOLLONID,1,-125,-25
26174,Porto Torres,Corsica et Sardinia,8.397222,40.835,Africana 2D Grande,LEP,0,,
38242,Brindisi,Italia,17.933333,40.633333,Brindisian amphora,VEHILI,1,-125,-25
34772,Canale Giancola,Italia,17.85,40.683333,Brindisian amphora,APOLLONIDES,1,-125,-25
33089,Erice,Sicilia,12.583333,38.033333,Greco-Itálica,IVE,1,-400,-100
32753,Padova,Italia,11.883333,45.416667,Dressel 6B,C,1,-50,-1
35982,Canale Giancola,Italia,17.85,40.683333,Brindisian amphora,CNPETROSOSTR,1,-125,-25
37602,Canale Giancola,Italia,17.85,40.683333,Brindisian amphora,LUKAON,1,-125,-25
38370,Brindisi,Italia,17.933333,40.633333,Brindisian amphora,VEHILI,1,-125,-25
27089,Spargi,Corsica et Sardinia,9.35,41.233333,Dressel 1A,TH,1,-150,-1
32677,Oderzo,Italia,12.488056,45.78,Dressel 6B,PRIMI,1,-50,-1
35617,Canale Giancola,Italia,17.85,40.683333,Brindisian amphora,VISELLI,1,-125,-25
34606,Canale Giancola,Italia,17.85,40.683333,Brindisian amphora,APELLESAEH,1,-125,-25
35635,Canale Giancola,Italia,17.85,40.683333,Brindisian amphora,VISELLI,1,-125,-25
38447,Brindisi,Italia,17.933333,40.633333,Brindisian amphora,APELAES,1,-125,-25
40195,Brindisi,Italia,17.933333,40.633333,Brindisian amphora,DIODOTI,1,-125,-25
32272,Cremona,Italia,10.033333,45.116667,Lamboglia 2,DIO,1,-125,-25
40213,Brindisi,Italia,17.933333,40.633333,Brindisian amphora,DIOPANTVS,1,-125,-25
40879,Brindisi,Italia,17.933333,40.633333,Brindisian amphora,STR,1,-125,-25
38278,Brindisi,Italia,17.933333,40.633333,Brindisian amphora,VEHILI,1,-125,-25
25276,Sardegna,Corsica et Sardinia,8.44,39.881944,Dressel 20,CANTONIQVIETI,0,,
35800,Canale Giancola,Italia,17.85,40.683333,Brindisian amphora,VISELLI,1,-125,-25
33842,Albinia,Italia,11.25,42.5,Dressel 1C,ARS,1,-150,-1
29235,Ostia Antica,Italia,12.283333,41.75,Dressel 20,IIQQETCF,0,,
4837,Brindisi,Italia,17.933333,40.633333,Brindisian amphora,PROTAGATHVS,1,-125,-25
38413,Brindisi,Italia,17.933333,40.633333,Brindisian amphora,APELLES,1,-125,-25
34698,Canale Giancola,Italia,17.85,40.683333,Brindisian amphora,APOLONIDA,1,-125,-25
40344,Brindisi,Italia,17.933333,40.633333,Brindisian amphora,KEPDOS,1,-125,-25
34273,Modena,Italia,10.9,44.5,Amphora incerta,SAFPIC,0,,
34189,Firenze,Italia,11.333333,43.833333,Amphora incerta,CAEDICIAEMFVICTRICISDOL,0,,
37704,Brindisi,Italia,17.933333,40.633333,Brindisian amphora,CANINI,1,-125,-25
33418,Monte Pallano,Italia,14.383333,42.033333,Brindisian amphora,ARCELAVOS,1,-125,-25
33817,Albinia,Italia,11.25,42.5,Amphora incerta,MAHE,0,,
35789,Canale Giancola,Italia,17.85,40.683333,Brindisian amphora,VISELLI,1,-125,-25
40434,Brindisi,Italia,17.933333,40.633333,Brindisian amphora,MENAS,1,-125,-25
33108,Trapani,Sicilia,12.483333,38.016667,Greco-Itálica,TRLOISIO,1,-400,-100
37363,Canale Giancola,Italia,17.85,40.683333,Brindisian amphora,PTOLEMAEI,1,-125,-25
34195,Modena,Italia,10.916667,44.666667,Amphora incerta,SCOS,0,,
21122,Tortona,Italia,8.866667,44.9,Dressel 6B,PSEPVLLIPF,1,-50,-1
35706,Canale Giancola,Italia,17.85,40.683333,Brindisian amphora,VISELLI,1,-125,-25
21155,Tortona,Italia,8.866667,44.9,Dressel 6B,PAGAN,1,-50,-1
32764,Padova,Italia,11.883333,45.416667,Dressel 6B,CLAECBASSI,1,-50,-1
23198,Tortona,Italia,8.866667,44.9,Dressel 6A,MHE,1,-50,-1
40025,Brindisi,Italia,17.933333,40.633333,Brindisian amphora,BAHANO,1,-125,-25
37954,Brindisi,Italia,17.933333,40.633333,Brindisian amphora,QOBVLTRON,1,-125,-25
35250,Canale Giancola,Italia,17.85,40.683333,Brindisian amphora,LVCAO,1,-125,-25
36001,Gonnesa,Corsica et Sardinia,8.471111,39.265278,Dressel 20,PFFAB,0,,
34179,Modena,Italia,10.9,44.5,Amphora incerta,PARNASSI,0,,
33985,Trieste,Italia,13.766667,45.666667,Amphora incerta,TAFCRISPINAE,0,,
36196,Ancona,Italia,13.5,43.633333,Lamboglia 2,ACCIS,1,-125,-25
32778,Padova,Italia,11.883333,45.416667,Dressel 6B,CLAEK,1,-50,-1
34694,Canale Giancola,Italia,17.85,40.683333,Alia,APOLONIDA,0,,
36160,Ancona,Italia,13.5,43.633333,Lamboglia 2,AB,1,-125,-25
37308,Canale Giancola,Italia,17.85,40.683333,Brindisian amphora,EPIGENVS,1,-125,-25
25340,Vercelli,Italia,8.416667,45.316667,Lamboglia 2,MICRONI,1,-125,-25
39273,Brindisi,Italia,17.933333,40.633333,Brindisian amphora,APOLLONI,1,-125,-25
9798,Milano,Italia,9.2,45.466667,Lamboglia 2,NICEPHOROY,1,-125,-25
39312,Brindisi,Italia,17.933333,40.633333,Brindisian amphora,APOLLON,1,-125,-25
34747,Canale Giancola,Italia,17.85,40.683333,Brindisian amphora,APOLONIDA,1,-125,-25
37826,Brindisi,Italia,17.933333,40.633333,Brindisian amphora,ACAESELIAFQ,1,-125,-25
4660,Este,Italia,11.65,45.233333,Lamboglia 2,IRVFP,1,-125,-25
28464,Verona,Italia,11.0,45.45,Dressel 6B,LTREOPTATI,1,-50,-1
40065,Brindisi,Italia,17.933333,40.633333,Brindisian amphora,BATON,1,-125,-25
34849,Canale Giancola,Italia,17.85,40.683333,Brindisian amphora,ARCHELA,1,-125,-25
33731,Ostiglia,Italia,11.133333,45.066667,Amphora incerta,IVLIPAVLINI,0,,
35915,Canale Giancola,Italia,17.85,40.683333,Brindisian amphora,LMARCISATVR,1,-125,-25
38237,Brindisi,Italia,17.933333,40.633333,Brindisian amphora,VEHILI,1,-125,-25
34788,Canale Giancola,Italia,17.85,40.683333,Brindisian amphora,APOLLONIDES,1,-125,-25
33041,Padova,Italia,11.883333,45.416667,Dressel 6B,CLAEKB,1,-50,-1
9590,Padova,Italia,11.883333,45.416667,Dressel 6B,SEPVLLI,1,-50,-1
35006,Canale Giancola,Italia,17.85,40.683333,Brindisian amphora,DAMATRI,1,-125,-25
26187,Porto Torres,Corsica et Sardinia,8.397222,40.835,Africana,IV,0,,
34718,Canale Giancola,Italia,17.85,40.683333,Brindisian amphora,APOLONIDA,1,-125,-25
37969,Brindisi,Italia,17.933333,40.633333,Brindisian amphora,LPVBLILI,1,-125,-25
34332,Arezzo,Italia,11.883333,43.416667,Amphora incerta,AMYNTAS,0,,
40890,Brindisi,Italia,17.933333,40.633333,Brindisian amphora,STR,1,-125,-25
40175,Brindisi,Italia,17.933333,40.633333,Brindisian amphora,DEMETRI,1,-125,-25
35523,Canale Giancola,Italia,17.85,40.683333,Brindisian amphora,SCOPAS,1,-125,-25
35012,Canale Giancola,Italia,17.85,40.683333,Brindisian amphora,DEMETRI,1,-125,-25
19482,Imperia,Italia,8.05,43.883333,Dressel 2-4 Catalan,EAB,1,-30,-1
40332,Brindisi,Italia,17.933333,40.633333,Brindisian amphora,HERMOGE,1,-125,-25
40066,Brindisi,Italia,17.933333,40.633333,Brindisian amphora,BATON,1,-125,-25
37544,Canale Giancola,Italia,17.85,40.683333,Brindisian amphora,VISELLI,1,-125,-25
37403,Canale Giancola,Italia,17.85,40.683333,Brindisian amphora,STABVA,1,-125,-25
25364,Vercelli,Italia,8.416667,45.316667,Dressel 6B,SYNT,1,-50,-1
37757,Brindisi,Italia,17.933333,40.633333,Brindisian amphora,LANINIVS,1,-125,-25
40467,Brindisi,Italia,17.933333,40.633333,Brindisian amphora,MENECRATES,1,-125,-25
33125,Trapani,Sicilia,12.483333,38.016667,Greco-Itálica,LVESCEI,1,-400,-100
36823,Vicenza,Italia,11.55,45.55,Dressel 6B,LAE,1,-50,-1
35032,Canale Giancola,Italia,17.85,40.683333,Brindisian amphora,DEMETRI,1,-125,-25
37457,Canale Giancola,Italia,17.85,40.683333,Brindisian amphora,VISELLI,1,-125,-25
26280,Ostia Antica,Italia,12.283333,41.75,Africana 2,ASYLLFELCIC,0,,
10473,Altino,Italia,12.393333,45.544444,Dressel 6B,SCAPVLAE,1,-50,-1
41080,Brindisi,Italia,17.933333,40.633333,Brindisian amphora,ANINIANA,1,-125,-25
35605,Canale Giancola,Italia,17.85,40.683333,Brindisian amphora,VISELLI,1,-125,-25
40310,Brindisi,Italia,17.933333,40.633333,Brindisian amphora,GORGIA,1,-125,-25
34641,Canale Giancola,Italia,17.85,40.683333,Brindisian amphora,APOLLONID,1,-125,-25
29304,Ostia Antica,Italia,12.283333,41.75,Dressel 20,LFC,0,,
33021,Padova,Italia,11.883333,45.416667,Dressel 6B,CLAEK,1,-50,-1
38300,Brindisi,Italia,17.933333,40.633333,Brindisian amphora,VEHILI,1,-125,-25
26230,Ostia Antica,Italia,12.283333,41.75,Africana 2D Grande,TERTIASYLL,0,,
34742,Canale Giancola,Italia,17.85,40.683333,Brindisian amphora,APOLONIDA,1,-125,-25
4739,Brindisi,Italia,17.933333,40.633333,Brindisian amphora,SALM,1,-125,-25
40012,Brindisi,Italia,17.933333,40.633333,Brindisian amphora,BAHANO,1,-125,-25
26283,Ostia Antica,Italia,12.283333,41.75,Africana 2,RVFVSASVL,0,,
23245,Tortona,Italia,8.866667,44.9,Brindisian amphora,LARVNTI,1,-125,-25
41067,Brindisi,Italia,17.933333,40.633333,Brindisian amphora,ANINIANA,1,-125,-25
35270,Canale Giancola,Italia,17.85,40.683333,Brindisian amphora,LVCAO,1,-125,-25
37798,Brindisi,Italia,17.933333,40.633333,Brindisian amphora,APPVLEI,1,-125,-25
25355,Vercelli,Italia,8.416667,45.316667,Dressel 6B,ANTILO,1,-50,-1
38355,Brindisi,Italia,17.933333,40.633333,Brindisian amphora,VEHILI,1,-125,-25
40415,Brindisi,Italia,17.933333,40.633333,Brindisian amphora,LVCRIOAPPVLEI,1,-125,-25
34500,Canale Giancola,Italia,17.85,40.683333,Brindisian amphora,AENEAS,1,-125,-25
35496,Canale Giancola,Italia,17.85,40.683333,Brindisian amphora,SCOPAS,1,-125,-25
28402,Ostia Antica,Italia,12.283333,41.75,Dressel 20,QIM,0,,
37510,Canale Giancola,Italia,17.85,40.683333,Brindisian amphora,VISELLI,1,-125,-25
26415,Ostia Antica,Italia,12.283333,41.75,Dressel 20,LCFPC,0,,
37557,Canale Giancola,Italia,17.85,40.683333,Brindisian amphora,VISELLI,1,-125,-25
35817,Canale Giancola,Italia,17.85,40.683333,Brindisian amphora,VISELLI,1,-125,-25
36941,Trapani,Sicilia,12.483333,38.016667,Amphora incerta,QIVENTI,0,,
9573,Padova,Italia,11.883333,45.416667,Lamboglia 2,SAL,1,-125,-25
35945,Canale Giancola,Italia,17.85,40.683333,Brindisian amphora,CNPE,1,-125,-25
32624,Oderzo,Italia,12.488056,45.78,Dressel 6B,FELICIO,1,-50,-1
40128,Brindisi,Italia,17.933333,40.633333,Brindisian amphora,DAMA,1,-125,-25
34335,Arezzo,Italia,11.883333,43.416667,Amphora incerta,DIOELHIOYYAI,0,,
35058,Canale Giancola,Italia,17.85,40.683333,Brindisian amphora,DEMETRI,1,-125,-25
36765,Vicenza,Italia,11.55,45.55,Dressel 6A,CIVPO,1,-50,-1
33754,Cesena,Italia,12.249722,44.143333,Amphora incerta,SARAPI,0,,
10471,Altino,Italia,12.393333,45.544444,Dressel 6B,SEPVLLVM,1,-50,-1
32789,Padova,Italia,11.883333,45.416667,Amphora incerta,K,0,,
33132,Erice,Sicilia,12.583333,38.033333,Dressel 1,ISID,1,-150,-1
40023,Brindisi,Italia,17.933333,40.633333,Brindisian amphora,BAHANO,1,-125,-25
32302,Padova,Italia,11.883333,45.416667,Dressel 6B,SPERATUS,1,-50,-1
40161,Brindisi,Italia,17.933333,40.633333,Brindisian amphora,DASI,1,-125,-25
33895,Albinia,Italia,11.25,42.5,Dressel 1C,DIS,1,-150,-1
20345,Ostia Antica,Italia,12.283333,41.75,Amphora incerta,DT,0,,
37467,Canale Giancola,Italia,17.85,40.683333,Brindisian amphora,VISELLI,1,-125,-25
4783,Taranto,Italia,17.229722,40.476111,Dressel 6A,LSALVI,1,-50,-1
35847,Canale Giancola,Italia,17.85,40.683333,Brindisian amphora,DAZIO,1,-125,-25
36801,Vicenza,Italia,11.55,45.55,Dressel 6B,LICI,1,-50,-1
37410,Canale Giancola,Italia,17.85,40.683333,Brindisian amphora,MFABI,1,-125,-25
38319,Brindisi,Italia,17.933333,40.633333,Brindisian amphora,VEHILI,1,-125,-25
26200,Ostia Antica,Italia,12.283333,41.75,Africana,CHDRAED,0,,
9572,Padova,Italia,11.883333,45.416667,Lamboglia 2,MAHE,1,-125,-25
40194,Brindisi,Italia,17.933333,40.633333,Brindisian amphora,DIODOTI,1,-125,-25
33059,Pegognaga,Italia,10.85,45.0,Dressel 2-4,LLIA,1,-30,-1
32646,Oderzo,Italia,12.488056,45.78,Dressel 6B,CLAEKBASSI,1,-50,-1
37967,Brindisi,Italia,17.933333,40.633333,Brindisian amphora,OBVRON,1,-125,-25
34618,Canale Giancola,Italia,17.85,40.683333,Brindisian amphora,APOLLONID,1,-125,-25
38352,Brindisi,Italia,17.933333,40.633333,Brindisian amphora,VEHILI,1,-125,-25
18621,Îles Lavezzi,Corsica et Sardinia,9.254185,41.341096,Dressel 2-4 Catalan,VIC,1,-30,-1
35560,Canale Giancola,Italia,17.85,40.683333,Brindisian amphora,SCOPA,1,-125,-25
14318,Hochtaunuskreis,Italia,16.2,39.816667,Dressel 20,LFC,0,,
35484,Canale Giancola,Italia,17.85,40.683333,Brindisian amphora,SCOPAS,1,-125,-25
32856,Padova,Italia,11.883333,45.416667,Dressel 6B,APPVLCR,1,-50,-1
35661,Canale Giancola,Italia,17.85,40.683333,Brindisian amphora,VISELLI,1,-125,-25
9656,Padova,Italia,11.883333,45.416667,Amphora incerta,MENOLA,0,,
33830,Albinia,Italia,11.25,42.5,Dressel 1C,ARS,1,-150,-1
35497,Canale Giancola,Italia,17.85,40.683333,Brindisian amphora,SCOPAS,1,-125,-25
37264,Canale Giancola,Italia,17.85,40.683333,Brindisian amphora,CHARITON,1,-125,-25
32304,Padova,Italia,11.883333,45.416667,Dressel 6B,VRBA,1,-50,-1
28121,Ostia Antica,Italia,12.283333,41.75,Dressel 20,APFE,0,,
34842,Canale Giancola,Italia,17.85,40.683333,Brindisian amphora,APOLONI,1,-125,-25
38254,Brindisi,Italia,17.933333,40.633333,Brindisian amphora,VEHILI,1,-125,-25
28118,Ostia Antica,Italia,12.283333,41.75,Dressel 20,PPCAA,0,,
36163,Ancona,Italia,13.5,43.633333,Lamboglia 2,ARTEMOSAB,1,-125,-25
36966,Siracusa,Sicilia,15.3,37.066667,Amphora incerta,DICAS,0,,
40163,Brindisi,Italia,17.933333,40.633333,Brindisian amphora,DASI,1,-125,-25
25737,Ostia Antica,Italia,12.283333,41.75,Dressel 20,AFRICANI,0,,
38107,Brindisi,Italia,17.933333,40.633333,Brindisian amphora,VEHILI,1,-125,-25
35875,Canale Giancola,Italia,17.85,40.683333,Brindisian amphora,PROTAGATHVS,1,-125,-25
9814,Milano,Italia,9.2,45.466667,Lamboglia 2,SARDI,1,-125,-25
34231,Ozzano,Italia,11.466667,44.45,Amphora incerta,HERMA,0,,
19030,Tortona,Italia,8.866667,44.9,Amphora incerta,KI,0,,
35230,Canale Giancola,Italia,17.85,40.683333,Brindisian amphora,HERMAISCI,1,-125,-25
37743,Brindisi,Italia,17.933333,40.633333,Brindisian amphora,CANINI,1,-125,-25
29295,Ostia Antica,Italia,12.283333,41.75,Dressel 20,LFC,0,,
38313,Brindisi,Italia,17.933333,40.633333,Brindisian amphora,VEHILI,1,-125,-25
18589,Îles Lavezzi,Corsica et Sardinia,9.254185,41.341096,Dressel 2-4 Catalan,ATT,1,-30,-1
34993,Canale Giancola,Italia,17.85,40.683333,Brindisian amphora,DAMATRI,1,-125,-25
40127,Brindisi,Italia,17.933333,40.633333,Brindisian amphora,DAMA,1,-125,-25
35711,Canale Giancola,Italia,17.85,40.683333,Brindisian amphora,VISELLI,1,-125,-25
35241,Canale Giancola,Italia,17.85,40.683333,Brindisian amphora,LVCAO,1,-125,-25
34941,Canale Giancola,Italia,17.85,40.683333,Brindisian amphora,ARCHELA,1,-125,-25
35772,Canale Giancola,Italia,17.85,40.683333,Brindisian amphora,VISELLI,1,-125,-25
38198,Brindisi,Italia,17.933333,40.633333,Brindisian amphora,VEHILI,1,-125,-25
29425,Ostia Antica,Italia,12.283333,41.75,Dressel 20,OFGRARLVC,0,,
18554,Île Cavallo,Corsica et Sardinia,9.262903,41.368374,Dressel 2-4 Catalan,PTE,1,-30,-1
41075,Brindisi,Italia,17.933333,40.633333,Brindisian amphora,ANINIANA,1,-125,-25
4993,Ostia Antica,Italia,12.283333,41.75,Keay 16,AEMHEL,0,,
20352,Ostia Antica,Italia,12.283333,41.75,Amphora incerta,OLVRMRIS,0,,
38315,Brindisi,Italia,17.933333,40.633333,Brindisian amphora,VEHILI,1,-125,-25
32756,Padova,Italia,11.883333,45.416667,Dressel 6B,FA,1,-50,-1
10557,Altino,Italia,12.393333,45.544444,Dressel 6B,RI,1,-50,-1
19480,Imperia,Italia,8.05,43.883333,Dressel 2-4 Catalan,BAR,1,-30,-1
40071,Brindisi,Italia,17.933333,40.633333,Brindisian amphora,BATON,1,-125,-25
4692,Modena,Italia,10.916667,44.666667,Lamboglia 2,DIO,1,-125,-25
35181,Canale Giancola,Italia,17.85,40.683333,Brindisian amphora,HERMAISCI,1,-125,-25
33134,Cattolica Eraclea,Sicilia,13.4,37.433333,Dressel 1,NL,1,-150,-1
28353,Ostia Antica,Italia,12.283333,41.75,Dressel 20,LABP,0,,
23186,Tortona,Italia,8.866667,44.9,Dressel 6A,LOC,1,-50,-1
40456,Brindisi,Italia,17.933333,40.633333,Brindisian amphora,MENECRATES,1,-125,-25
40703,Brindisi,Italia,17.933333,40.633333,Brindisian amphora,POSIDONIOY,1,-125,-25
37275,Canale Giancola,Italia,17.85,40.683333,Brindisian amphora,CHARITON,1,-125,-25
40414,Brindisi,Italia,17.933333,40.633333,Brindisian amphora,LVCRIOAPPVLEI,1,-125,-25
35478,Canale Giancola,Italia,17.85,40.683333,Brindisian amphora,SCOPAS,1,-125,-25
37406,Canale Giancola,Italia,17.85,40.683333,Brindisian amphora,VIPOR,1,-125,-25
33928,Albinia,Italia,11.25,42.5,Dressel 1C,D,1,-150,-1
33065,Erice,Sicilia,12.583333,38.033333,Greco-Itálica,NALFINF,1,-400,-100
13839,Marano Lagunare,Italia,13.169167,45.766389,Lamboglia 2,Q,1,-125,-25
34574,Canale Giancola,Italia,17.85,40.683333,Brindisian amphora,APELLAE,1,-125,-25
37330,Canale Giancola,Italia,17.85,40.683333,Brindisian amphora,MANISA,1,-125,-25
38074,Brindisi,Italia,17.933333,40.633333,Brindisian amphora,VEHIL,1,-125,-25
26221,Ostia Antica,Italia,12.283333,41.75,Africana 2D Grande,DFH,0,,
35826,Canale Giancola,Italia,17.85,40.683333,Brindisian amphora,VISELLI,1,-125,-25
37708,Brindisi,Italia,17.933333,40.633333,Brindisian amphora,CANINI,1,-125,-25
38066,Brindisi,Italia,17.933333,40.633333,Brindisian amphora,CVEILI,1,-125,-25
33818,Albinia,Italia,11.25,42.5,Amphora incerta,MAHE,0,,
40073,Brindisi,Italia,17.933333,40.633333,Brindisian amphora,BATON,1,-125,-25
40108,Brindisi,Italia,17.933333,40.633333,Brindisian amphora,CTESO,1,-125,-25
38026,Brindisi,Italia,17.933333,40.633333,Brindisian amphora,CVEHILI,1,-125,-25
35721,Canale Giancola,Italia,17.85,40.683333,Brindisian amphora,VISELLI,1,-125,-25
40020,Brindisi,Italia,17.933333,40.633333,Brindisian amphora,BAHANO,1,-125,-25
35887,Canale Giancola,Italia,17.85,40.683333,Brindisian amphora,PAMPVDICOM,1,-125,-25
38246,Brindisi,Italia,17.933333,40.633333,Brindisian amphora,VEHILI,1,-125,-25
35884,Canale Giancola,Italia,17.85,40.683333,Brindisian amphora,PROTAGATHVS,1,-125,-25
28315,Ostia Antica,Italia,12.283333,41.75,Dressel 20,CMARISILVANI,0,,
36747,Padova,Italia,11.883333,45.416667,Dressel 6B,CLAEKBASSI,1,-50,-1
5224,Ostia Antica,Italia,12.283333,41.75,Amphora incerta,VSES,0,,
33103,Licata,Sicilia,13.933333,37.1,Greco-Itálica,TRLOISIO,1,-400,-100
23187,Tortona,Italia,8.866667,44.9,Dressel 6A,TINT,1,-50,-1
36847,Vicenza,Italia,11.55,45.55,Dressel 6B,LAEK,1,-50,-1
25731,Ostia Antica,Italia,12.283333,41.75,Dressel 20,MAEME,0,,
40212,Brindisi,Italia,17.933333,40.633333,Brindisian amphora,DIOPANTVS,1,-125,-25
32616,Oderzo,Italia,12.488056,45.78,Dressel 6B,CRISPINI,1,-50,-1
41063,Brindisi,Italia,17.933333,40.633333,Brindisian amphora,ANINIANA,1,-125,-25
33931,Albinia,Italia,11.25,42.5,Dressel 1C,L,1,-150,-1
34904,Canale Giancola,Italia,17.85,40.683333,Brindisian amphora,ARCHELA,1,-125,-25
38482,Brindisi,Italia,17.933333,40.633333,Brindisian amphora,APELAES,1,-125,-25
40290,Brindisi,Italia,17.933333,40.633333,Brindisian amphora,EVTVCHI,1,-125,-25
37227,Civitavecchia,Italia,11.8,42.1,Dolium,ABINAECAHICSF,0,,
37610,Canale Giancola,Italia,17.85,40.683333,Brindisian amphora,US,1,-125,-25
9732,Milano,Italia,9.2,45.466667,Lamboglia 2,ATTALVS,1,-125,-25
40029,Brindisi,Italia,17.933333,40.633333,Brindisian amphora,BAHANO,1,-125,-25
26194,Ostia Antica,Italia,12.283333,41.75,Africana,RVFVSASVL,0,,
26444,Ostia Antica,Italia,12.283333,41.75,Dressel 20,MCLS,0,,
40390,Brindisi,Italia,17.933333,40.633333,Brindisian amphora,LEONTISCVS,1,-125,-25
34592,Canale Giancola,Italia,17.85,40.683333,Brindisian amphora,APELLAE,1,-125,-25
33946,Albinia,Italia,11.25,42.5,Dressel 1C,L,1,-150,-1
7204,Ostia Antica,Italia,12.283333,41.75,Dressel 20,CIB,0,,
10495,Altino,Italia,12.393333,45.544444,Dressel 2-4,PRI,1,-30,-1
36172,Ancona,Italia,13.5,43.633333,Lamboglia 2,HER,1,-125,-25
34573,Canale Giancola,Italia,17.85,40.683333,Brindisian amphora,APELLAE,1,-125,-25
38008,Brindisi,Italia,17.933333,40.633333,Brindisian amphora,SOTERICO,1,-125,-25
35891,Canale Giancola,Italia,17.85,40.683333,Brindisian amphora,PAMPVDICOM,1,-125,-25
40977,Brindisi,Italia,17.933333,40.633333,Brindisian amphora,ANINIANA,1,-125,-25
19594,Tortona,Italia,8.866667,44.9,Amphora incerta,SEXT,0,,
37490,Canale Giancola,Italia,17.85,40.683333,Brindisian amphora,VISELLI,1,-125,-25
35694,Canale Giancola,Italia,17.85,40.683333,Brindisian amphora,VISELLI,1,-125,-25
35633,Canale Giancola,Italia,17.85,40.683333,Brindisian amphora,VISELLI,1,-125,-25
35807,Canale Giancola,Italia,17.85,40.683333,Brindisian amphora,VISELLI,1,-125,-25
32304,Padova,Italia,11.883333,45.416667,Dressel 6B,CLAEK,1,-50,-1
35441,Canale Giancola,Italia,17.85,40.683333,Brindisian amphora,SCOPAS,1,-125,-25
26198,Ostia Antica,Italia,12.283333,41.75,Africana,CTVCTV,0,,
35746,Canale Giancola,Italia,17.85,40.683333,Brindisian amphora,VISELLI,1,-125,-25
33123,Erice,Sicilia,12.583333,38.033333,Greco-Itálica,LVESCEI,1,-400,-100
35781,Canale Giancola,Italia,17.85,40.683333,Brindisian amphora,VISELLI,1,-125,-25
35745,Canale Giancola,Italia,17.85,40.683333,Brindisian amphora,VISELLI,1,-125,-25
28324,Ostia Antica,Italia,12.283333,41.75,Dressel 20,MAT,0,,
9729,Milano,Italia,9.2,45.466667,Lamboglia 2,APOLLON,1,-125,-25
4772,Brindisi,Italia,17.933333,40.633333,Brindisian amphora,BATON,1,-125,-25
40789,Brindisi,Italia,17.933333,40.633333,Brindisian amphora,PVLADEI,1,-125,-25
4687,Modena,Italia,10.916667,44.666667,Dressel 6A,LSALVI,1,-50,-1
20609,Pegognaga,Italia,10.85,45.0,Dressel 6B,ILEGIBILE,1,-50,-1
29356,Ostia Antica,Italia,12.283333,41.75,Dressel 20,MFPONI,0,,
33294,Modena,Italia,10.916667,44.666667,Lamboglia 2,NA,1,-125,-25
35183,Canale Giancola,Italia,17.85,40.683333,Brindisian amphora,HERMAISCI,1,-125,-25
40999,Brindisi,Italia,17.933333,40.633333,Brindisian amphora,ANINIANA,1,-125,-25
34294,Provincia di Parma,Italia,10.083333,44.7,Amphora incerta,ACSD,0,,
23139,Tortona,Italia,8.866667,44.9,Dressel 6B,ACRISPIN,1,-50,-1
36180,Ancona,Italia,13.5,43.633333,Lamboglia 2,MITRAE,1,-125,-25
37440,Canale Giancola,Italia,17.85,40.683333,Brindisian amphora,VISELLI,1,-125,-25
18610,Îles Lavezzi,Corsica et Sardinia,9.254185,41.341096,Dressel 2-4 Catalan,M,1,-30,-1
33718,Aquileia,Italia,13.368333,45.770278,Amphora incerta,TVETTIMACRI,0,,
4744,Brindisi,Italia,17.933333,40.633333,Brindisian amphora,PASTOR,1,-125,-25
32754,Padova,Italia,11.883333,45.416667,Dressel 6B,COM,1,-50,-1
37941,Aquileia,Italia,13.368333,45.770278,Brindisian amphora,NMACCIVSLFQ,1,-125,-25
35003,Canale Giancola,Italia,17.85,40.683333,Brindisian amphora,DAMATRI,1,-125,-25
34527,Canale Giancola,Italia,17.85,40.683333,Brindisian amphora,ANDRONICI,1,-125,-25
26161,Porto Torres,Corsica et Sardinia,8.397222,40.835,Africana 2D Grande,ASVLCAT,0,,
34565,Canale Giancola,Italia,17.85,40.683333,Brindisian amphora,APELLAE,1,-125,-25
10550,Altino,Italia,12.393333,45.544444,Dressel 6B,LIVNIPAETI,1,-50,-1
35601,Canale Giancola,Italia,17.85,40.683333,Brindisian amphora,VISELLI,1,-125,-25
34640,Canale Giancola,Italia,17.85,40.683333,Brindisian amphora,APOLLONID,1,-125,-25
35900,Canale Giancola,Italia,17.85,40.683333,Brindisian amphora,LMARCISATVR,1,-125,-25
34646,Canale Giancola,Italia,17.85,40.683333,Brindisian amphora,APOLLONID,1,-125,-25
40642,Brindisi,Italia,17.933333,40.633333,Brindisian amphora,PHILEMONOS,1,-125,-25
40099,Brindisi,Italia,17.933333,40.633333,Brindisian amphora,CTESO,1,-125,-25
34557,Canale Giancola,Italia,17.85,40.683333,Brindisian amphora,APELLAE,1,-125,-25
32682,Oderzo,Italia,12.488056,45.78,Dressel 6B,TRAVLETCRIS,1,-50,-1
35732,Canale Giancola,Italia,17.85,40.683333,Brindisian amphora,VISELLI,1,-125,-25
32666,Oderzo,Italia,12.488056,45.78,Dressel 6B,VIAT,1,-50,-1
38337,Brindisi,Italia,17.933333,40.633333,Brindisian amphora,VEHILI,1,-125,-25
33045,Padova,Italia,11.883333,45.416667,Dressel 6B,IMPDO,1,-50,-1
33841,Albinia,Italia,11.25,42.5,Dressel 1C,ARS,1,-150,-1
18562,Île Cavallo,Corsica et Sardinia,9.262903,41.368374,Dressel 2-4 Catalan,MALI,1,-30,-1
38442,Brindisi,Italia,17.933333,40.633333,Brindisian amphora,APELAES,1,-125,-25
4685,Modena,Italia,10.916667,44.666667,Dressel 6B,LCH,1,-50,-1
34514,Canale Giancola,Italia,17.85,40.683333,Brindisian amphora,AENEAS,1,-125,-25
40172,Brindisi,Italia,17.933333,40.633333,Brindisian amphora,DEMETRI,1,-125,-25
34504,Canale Giancola,Italia,17.85,40.683333,Brindisian amphora,AENEAS,1,-125,-25
35013,Canale Giancola,Italia,17.85,40.683333,Brindisian amphora,DEMETRI,1,-125,-25
25805,Ostia Antica,Italia,12.283333,41.75,Dressel 20,AVRSTR,0,,
40000,Brindisi,Italia,17.933333,40.633333,Brindisian amphora,BAHANO,1,-125,-25
37472,Canale Giancola,Italia,17.85,40.683333,Brindisian amphora,VISELLI,1,-125,-25
34785,Canale Giancola,Italia,17.85,40.683333,Brindisian amphora,APOLLONIDES,1,-125,-25
40410,Brindisi,Italia,17.933333,40.633333,Brindisian amphora,LVCRIOAPPVLEI,1,-125,-25
33075,Erice,Sicilia,12.583333,38.033333,Greco-Itálica,CARISTO,1,-400,-100
19218,Giglio Porto,Italia,10.916667,42.366667,Africana 2,FLP,0,,
40948,Brindisi,Italia,17.933333,40.633333,Brindisian amphora,ANINIANA,1,-125,-25
35191,Canale Giancola,Italia,17.85,40.683333,Brindisian amphora,HERMAISCI,1,-125,-25
40495,Brindisi,Italia,17.933333,40.633333,Brindisian amphora,MENECRATES,1,-125,-25
37408,Canale Giancola,Italia,17.85,40.683333,Brindisian amphora,ON,1,-125,-25
4755,Brindisi,Italia,17.933333,40.633333,Brindisian amphora,AENEA,1,-125,-25
29268,Ostia Antica,Italia,12.283333,41.75,Dressel 20,LFC,0,,
4821,Canosa,Italia,16.066667,41.216667,Lamboglia 2,APRODI,1,-125,-25
34516,Canale Giancola,Italia,17.85,40.683333,Brindisian amphora,AENEAS,1,-125,-25
35905,Canale Giancola,Italia,17.85,40.683333,Brindisian amphora,LMARCISATVR,1,-125,-25
35528,Canale Giancola,Italia,17.85,40.683333,Brindisian amphora,SCOPAS,1,-125,-25
35525,Canale Giancola,Italia,17.85,40.683333,Brindisian amphora,SCOPAS,1,-125,-25
35757,Canale Giancola,Italia,17.85,40.683333,Brindisian amphora,VISELLI,1,-125,-25
4748,Brindisi,Italia,17.933333,40.633333,Brindisian amphora,LVCCO,1,-125,-25
35028,Canale Giancola,Italia,17.85,40.683333,Brindisian amphora,DEMETRI,1,-125,-25
40061,Brindisi,Italia,17.933333,40.633333,Brindisian amphora,BATON,1,-125,-25
35700,Canale Giancola,Italia,17.85,40.683333,Brindisian amphora,VISELLI,1,-125,-25
35418,Canale Giancola,Italia,17.85,40.683333,Brindisian amphora,SCOPAS,1,-125,-25
9598,Padova,Italia,11.883333,45.416667,Dressel 6A,SEINIMAN,1,-50,-1
40715,Brindisi,Italia,17.933333,40.633333,Brindisian amphora,PTOLEMAE,1,-125,-25
10492,Altino,Italia,12.393333,45.544444,Dressel 6A,PHIA,1,-50,-1
4769,Brindisi,Italia,17.933333,40.633333,Brindisian amphora,DAMA,1,-125,-25
41055,Brindisi,Italia,17.933333,40.633333,Brindisian amphora,ANINIANA,1,-125,-25
28145,Ostia Antica,Italia,12.283333,41.75,Dressel 20,FPAT,0,,
9748,Milano,Italia,9.2,45.466667,Lamboglia 2,DICAEVSTE,1,-125,-25
40219,Brindisi,Italia,17.933333,40.633333,Brindisian amphora,DIOPANTVS,1,-125,-25
26189,Porto Torres,Corsica et Sardinia,8.397222,40.835,Africana,P,0,,
34668,Canale Giancola,Italia,17.85,40.683333,Brindisian amphora,APOLLONID,1,-125,-25
40945,Brindisi,Italia,17.933333,40.633333,Brindisian amphora,ANINIANA,1,-125,-25
37271,Canale Giancola,Italia,17.85,40.683333,Brindisian amphora,CHARITON,1,-125,-25
9745,Milano,Italia,9.2,45.466667,Lamboglia 2,DASSIACF,1,-125,-25
32577,Islas de Tremiti,Italia,15.5,42.116667,Operculum,SIGNUM,0,,
20346,Ostia Antica,Italia,12.283333,41.75,Amphora incerta,LEC,0,,
18565,Îles Lavezzi,Corsica et Sardinia,9.254185,41.341096,Dressel 2-4 Catalan,AC,1,-30,-1
40471,Brindisi,Italia,17.933333,40.633333,Brindisian amphora,MENECRATES,1,-125,-25
40814,Brindisi,Italia,17.933333,40.633333,Brindisian amphora,SOC,1,-125,-25
34803,Canale Giancola,Italia,17.85,40.683333,Brindisian amphora,APOLLONIDES,1,-125,-25
36837,Vicenza,Italia,11.55,45.55,Dressel 6B,LAEK,1,-50,-1
36837,Vicenza,Italia,11.55,45.55,Dressel 6B,L,1,-50,-1
32679,Oderzo,Italia,12.488056,45.78,Dressel 6B,SEPVLLIVM,1,-50,-1
34901,Canale Giancola,Italia,17.85,40.683333,Brindisian amphora,ARCHELA,1,-125,-25
40301,Brindisi,Italia,17.933333,40.633333,Brindisian amphora,GORGIA,1,-125,-25
40791,Brindisi,Italia,17.933333,40.633333,Brindisian amphora,PVLADEI,1,-125,-25
33913,Albinia,Italia,11.25,42.5,Dressel 1C,FALE,1,-150,-1
38164,Brindisi,Italia,17.933333,40.633333,Brindisian amphora,VEHILI,1,-125,-25
40910,Brindisi,Italia,17.933333,40.633333,Brindisian amphora,TARVLAESVLLAEL,1,-125,-25
35950,Canale Giancola,Italia,17.85,40.683333,Brindisian amphora,CNPE,1,-125,-25
4694,Vibo Valentia,Italia,16.1,38.666667,Dressel 2-4,ROM,1,-30,-1
35548,Canale Giancola,Italia,17.85,40.683333,Brindisian amphora,SCOPAS,1,-125,-25
9788,Milano,Italia,9.2,45.466667,Lamboglia 2,MAS,1,-125,-25
40239,Brindisi,Italia,17.933333,40.633333,Brindisian amphora,EIKADIO,1,-125,-25
26130,Ordona,Italia,15.616667,41.316667,Lamboglia 2,DIO,1,-125,-25
40173,Brindisi,Italia,17.933333,40.633333,Brindisian amphora,DEMETRI,1,-125,-25
33965,Lodi Vecchio,Italia,9.4,45.3,Dressel 6B,CLAEBCOM,1,-50,-1
40270,Brindisi,Italia,17.933333,40.633333,Brindisian amphora,HPAIOC,1,-125,-25
34784,Canale Giancola,Italia,17.85,40.683333,Brindisian amphora,APOLLONIDES,1,-125,-25
35224,Canale Giancola,Italia,17.85,40.683333,Brindisian amphora,HERMAISCI,1,-125,-25
25396,Cosa,Italia,12.896389,46.057778,Dressel 1B,STELLA,1,-150,-1
10474,Altino,Italia,12.393333,45.544444,Dressel 6B,SCAPVL,1,-50,-1
26224,Ostia Antica,Italia,12.283333,41.75,Africana,PECNAV,0,,
38093,Brindisi,Italia,17.933333,40.633333,Brindisian amphora,VEHILI,1,-125,-25
32289,Padova,Italia,11.883333,45.416667,Dressel 6B,AR,1,-50,-1
38089,Brindisi,Italia,17.933333,40.633333,Brindisian amphora,VEHILI,1,-125,-25
26560,Ostia Antica,Italia,12.283333,41.75,Amphora incerta,EPA,0,,
34684,Canale Giancola,Italia,17.85,40.683333,Brindisian amphora,APOLLONID,1,-125,-25
35531,Canale Giancola,Italia,17.85,40.683333,Brindisian amphora,SCOPAS,1,-125,-25
33672,Umbria,Italia,12.55,43.05,Dressel 2-4,COR,1,-30,-1
34893,Canale Giancola,Italia,17.85,40.683333,Brindisian amphora,ARCHELA,1,-125,-25
33844,Albinia,Italia,11.25,42.5,Dressel 1C,ARS,1,-150,-1
34554,Canale Giancola,Italia,17.85,40.683333,Brindisian amphora,APELLAE,1,-125,-25
29536,Ostia Antica,Italia,12.283333,41.75,Dressel 20,SCOROBRES,0,,
40549,Brindisi,Italia,17.933333,40.633333,Brindisian amphora,MENOPILVS,1,-125,-25
32818,Padova,Italia,11.883333,45.416667,Dressel 6B,CHELAB,1,-50,-1
20114,Bottrighe,Italia,12.086944,45.024444,Greco-Itálica,RSI,1,-400,-100
32850,Padova,Italia,11.883333,45.416667,Dressel 6A,RIMIGA,1,-50,-1
27283,Luni,Italia,9.983333,44.066667,Keay 16,OLYNT,0,,
36809,Vicenza,Italia,11.55,45.55,Dressel 6B,CALTENI,1,-50,-1
25369,Vercelli,Italia,8.416667,45.316667,Amphora incerta,TICLAVDISOSISTRATI,0,,
35450,Canale Giancola,Italia,17.85,40.683333,Brindisian amphora,SCOPAS,1,-125,-25
35168,Canale Giancola,Italia,17.85,40.683333,Brindisian amphora,DIOCLEI,1,-125,-25
33006,Padova,Italia,11.883333,45.416667,Dressel 6B,VARIPACCI,1,-50,-1
37588,San Cataldo,Italia,18.3,40.383333,Brindisian amphora,DEMETRI,1,-125,-25
37787,Brindisi,Italia,17.933333,40.633333,Brindisian amphora,APPVLEI,1,-125,-25
37657,Brindisi,Italia,17.933333,40.633333,Brindisian amphora,GAIOSANINI,1,-125,-25
37748,Brindisi,Italia,17.933333,40.633333,Brindisian amphora,LANINIVS,1,-125,-25
18577,Îles Lavezzi,Corsica et Sardinia,9.254185,41.341096,Dressel 2-4 Catalan,ATT,1,-30,-1
20298,Ostia Antica,Italia,12.283333,41.75,Dressel 20,LIVNIMELISSI,0,,
33918,Albinia,Italia,11.25,42.5,Dressel 1C,D,1,-150,-1
39191,Brindisi,Italia,17.933333,40.633333,Brindisian amphora,APOLLONIDAS,1,-125,-25
37719,Brindisi,Italia,17.933333,40.633333,Brindisian amphora,CANINI,1,-125,-25
35451,Canale Giancola,Italia,17.85,40.683333,Brindisian amphora,SCOPAS,1,-125,-25
34818,Canale Giancola,Italia,17.85,40.683333,Brindisian amphora,APOLONI,1,-125,-25
35430,Canale Giancola,Italia,17.85,40.683333,Brindisian amphora,SCOPAS,1,-125,-25
40176,Brindisi,Italia,17.933333,40.633333,Brindisian amphora,DEMETRI,1,-125,-25
40313,Brindisi,Italia,17.933333,40.633333,Brindisian amphora,GORGIA,1,-125,-25
38332,Brindisi,Italia,17.933333,40.633333,Brindisian amphora,VEHILI,1,-125,-25
37680,Brindisi,Italia,17.933333,40.633333,Brindisian amphora,CANINI,1,-125,-25
35276,Canale Giancola,Italia,17.85,40.683333,Brindisian amphora,LVCAON,1,-125,-25
32298,Padova,Italia,11.883333,45.416667,Dressel 6B,HERME,1,-50,-1
37028,Parenzo (Porec),Italia,13.593889,45.225833,Amphora incerta,AELICRIS,0,,
35786,Canale Giancola,Italia,17.85,40.683333,Brindisian amphora,VISELLI,1,-125,-25
35083,Canale Giancola,Italia,17.85,40.683333,Brindisian amphora,DIOCLES,1,-125,-25
40846,Brindisi,Italia,17.933333,40.633333,Brindisian amphora,SOTERICSOTERIX,1,-125,-25
33973,Lodi Vecchio,Italia,9.4,45.3,Amphora incerta,CIVLIMARCELLI,0,,
10484,Altino,Italia,12.393333,45.544444,Dressel 6A,PPETRONI,1,-50,-1
32881,Padova,Italia,11.883333,45.416667,Dressel 6B,LAEK,1,-50,-1
25284,Sardegna,Corsica et Sardinia,8.44,39.881944,Amphora incerta,C,0,,
35926,Canale Giancola,Italia,17.85,40.683333,Brindisian amphora,LMARCISATVR,1,-125,-25
33079,Erice,Sicilia,12.583333,38.033333,Greco-Itálica,CARISTO,1,-400,-100
38467,Brindisi,Italia,17.933333,40.633333,Brindisian amphora,APELAES,1,-125,-25
40744,Brindisi,Italia,17.933333,40.633333,Brindisian amphora,PTOLEMAE,1,-125,-25
37844,Brindisi,Italia,17.933333,40.633333,Brindisian amphora,PCLAVDIVSPNQ,1,-125,-25
25784,Ostia Antica,Italia,12.283333,41.75,Dressel 20,TATILIASIATICI,0,,
34628,Canale Giancola,Italia,17.85,40.683333,Brindisian amphora,APOLLONID,1,-125,-25
37830,Brindisi,Italia,17.933333,40.633333,Brindisian amphora,ACAESELIAFQ,1,-125,-25
34257,Reggio Emilia,Italia,10.616667,44.616667,Amphora incerta,APLA,0,,
40516,Brindisi,Italia,17.933333,40.633333,Brindisian amphora,MENOPILVS,1,-125,-25
38378,Brindisi,Italia,17.933333,40.633333,Brindisian amphora,VHEILI,1,-125,-25
32862,Padova,Italia,11.883333,45.416667,Dressel 6B,VARIPACC,1,-50,-1
32615,Oderzo,Italia,12.488056,45.78,Dressel 6B,CRISPINI,1,-50,-1
32668,Oderzo,Italia,12.488056,45.78,Dressel 6B,CLAEKBASS,1,-50,-1
37800,Brindisi,Italia,17.933333,40.633333,Brindisian amphora,APPVLEI,1,-125,-25
38476,Brindisi,Italia,17.933333,40.633333,Brindisian amphora,APELAES,1,-125,-25
40480,Brindisi,Italia,17.933333,40.633333,Brindisian amphora,MENECRATES,1,-125,-25
28428,Ostia Antica,Italia,12.283333,41.75,Dressel 20,ILFT,0,,
35338,Canale Giancola,Italia,17.85,40.683333,Brindisian amphora,LVKAON,1,-125,-25
37229,Civitavecchia,Italia,11.8,42.1,Dressel 2-4,LAETI,1,-30,-1
34318,Modena,Italia,10.9,44.5,Amphora incerta,TEI,0,,
40868,Brindisi,Italia,17.933333,40.633333,Brindisian amphora,STR,1,-125,-25
18618,Îles Lavezzi,Corsica et Sardinia,9.254185,41.341096,Dressel 2-4 Catalan,T,1,-30,-1
40933,Brindisi,Italia,17.933333,40.633333,Brindisian amphora,ANINIANA,1,-125,-25
19487,Imperia,Italia,8.05,43.883333,Dressel 2-4 Catalan,EAB,1,-30,-1
4813,Canosa,Italia,16.066667,41.216667,Dressel 2-4,HILARVS,1,-30,-1
34967,Canale Giancola,Italia,17.85,40.683333,Brindisian amphora,ARCHELA,1,-125,-25
34726,Canale Giancola,Italia,17.85,40.683333,Brindisian amphora,APOLONIDA,1,-125,-25
35522,Canale Giancola,Italia,17.85,40.683333,Brindisian amphora,SCOPAS,1,-125,-25
32700,Oderzo,Italia,12.488056,45.78,Dressel 6B,Q,1,-50,-1
34885,Canale Giancola,Italia,17.85,40.683333,Brindisian amphora,ARCHELA,1,-125,-25
36186,Ancona,Italia,13.5,43.633333,Lamboglia 2,PHILOC,1,-125,-25
21062,Tournus,Italia,6.75,44.466667,Dressel 1,ANT,1,-150,-1
35022,Canale Giancola,Italia,17.85,40.683333,Brindisian amphora,DEMETRI,1,-125,-25
40901,Brindisi,Italia,17.933333,40.633333,Brindisian amphora,STRATONIC,1,-125,-25
34590,Canale Giancola,Italia,17.85,40.683333,Brindisian amphora,APELLAE,1,-125,-25
40380,Brindisi,Italia,17.933333,40.633333,Brindisian amphora,LEONTISCVS,1,-125,-25
37244,Canale Giancola,Italia,17.85,40.683333,Brindisian amphora,APOLLODOT,1,-125,-25
40454,Brindisi,Italia,17.933333,40.633333,Brindisian amphora,MENECRATES,1,-125,-25
32274,Cremona,Italia,10.033333,45.116667,Lamboglia 2,SEX,1,-125,-25
35310,Canale Giancola,Italia,17.85,40.683333,Brindisian amphora,LVKAON,1,-125,-25
36951,Sicilia,Sicilia,15.283333,37.85,Amphora incerta,ESATRINICOMMVNI,0,,
41062,Brindisi,Italia,17.933333,40.633333,Brindisian amphora,ANINIANA,1,-125,-25
40951,Brindisi,Italia,17.933333,40.633333,Brindisian amphora,ANINIANA,1,-125,-25
33836,Albinia,Italia,11.25,42.5,Dressel 1C,ARS,1,-150,-1
41024,Brindisi,Italia,17.933333,40.633333,Brindisian amphora,ANINIANA,1,-125,-25
38163,Brindisi,Italia,17.933333,40.633333,Brindisian amphora,VEHILI,1,-125,-25
25281,Sardegna,Corsica et Sardinia,8.44,39.881944,Tripolitanian 3,CR,0,,
36776,Vicenza,Italia,11.55,45.55,Dressel 6B,APIC,1,-50,-1
40840,Brindisi,Italia,17.933333,40.633333,Brindisian amphora,SOTERICSOTERIX,1,-125,-25
37243,Canale Giancola,Italia,17.85,40.683333,Brindisian amphora,ANDRONICI,1,-125,-25
40462,Brindisi,Italia,17.933333,40.633333,Brindisian amphora,MENECRATES,1,-125,-25
40353,Brindisi,Italia,17.933333,40.633333,Brindisian amphora,KEPHALONOSKEFALONOS,1,-125,-25
29290,Ostia Antica,Italia,12.283333,41.75,Dressel 20,LFC,0,,
35935,Canale Giancola,Italia,17.85,40.683333,Brindisian amphora,LMARCISATVR,1,-125,-25
39970,Ostia Antica,Italia,12.283333,41.75,Dressel 20,MAVRI,0,,
40837,Brindisi,Italia,17.933333,40.633333,Brindisian amphora,SOTERICSOTERIX,1,-125,-25
41057,Brindisi,Italia,17.933333,40.633333,Brindisian amphora,ANINIANA,1,-125,-25
40752,Brindisi,Italia,17.933333,40.633333,Brindisian amphora,PTOLEMAE,1,-125,-25
29609,Ostia Antica,Italia,12.283333,41.75,Dressel 20,QESVSV,0,,
10540,Altino,Italia,12.393333,45.544444,Dressel 6A,THB,1,-50,-1
34166,Bologna,Italia,11.333333,44.483333,Amphora incerta,LANINISVRI,0,,
36826,Vicenza,Italia,11.55,45.55,Dressel 6B,CLAEKBASSI,1,-50,-1
35997,Canale Giancola,Italia,17.85,40.683333,Brindisian amphora,CNPETROSOSTR,1,-125,-25
27088,Spargi,Corsica et Sardinia,9.35,41.233333,Dressel 1A,E,1,-150,-1
36821,Vicenza,Italia,11.55,45.55,Dressel 6B,LAEK,1,-50,-1
40689,Brindisi,Italia,17.933333,40.633333,Brindisian amphora,PILEMO,1,-125,-25
20424,Tortona,Italia,8.866667,44.9,Amphora incerta,BITVS,0,,
35071,Canale Giancola,Italia,17.85,40.683333,Brindisian amphora,DIOCLES,1,-125,-25
32880,Padova,Italia,11.883333,45.416667,Dressel 6B,CAMI,1,-50,-1
32332,Calvatone,Italia,10.433333,45.116667,Dressel 6B,CACRISPINILLA,1,-50,-1
36737,Padova,Italia,11.883333,45.416667,Dressel 6B,CLAEB,1,-50,-1
32811,Padova,Italia,11.883333,45.416667,Dressel 6B,API,1,-50,-1
40664,Brindisi,Italia,17.933333,40.633333,Brindisian amphora,PILEMO,1,-125,-25
40404,Sicilia,Sicilia,14.0,37.5,Brindisian amphora,VEHILI,1,-125,-25
40028,Brindisi,Italia,17.933333,40.633333,Brindisian amphora,BAHANO,1,-125,-25
32661,Oderzo,Italia,12.488056,45.78,Dressel 6B,CLAEKB,1,-50,-1
37835,Brindisi,Italia,17.933333,40.633333,Brindisian amphora,PCLAVDIVSPNQ,1,-125,-25
38269,Brindisi,Italia,17.933333,40.633333,Brindisian amphora,VEHILI,1,-125,-25
36071,Urbisaglia,Italia,13.383333,43.2,Rodia,ROSA,0,,
10498,Altino,Italia,12.393333,45.544444,Dressel 7-11,CEVE,0,,
36733,Padova,Italia,11.883333,45.416667,Dressel 6B,VIAT,1,-50,-1
35066,Canale Giancola,Italia,17.85,40.683333,Brindisian amphora,DIOCLES,1,-125,-25
32802,Padova,Italia,11.883333,45.416667,Dressel 6A,AVLVAKERIPHOM,1,-50,-1
35741,Canale Giancola,Italia,17.85,40.683333,Brindisian amphora,VISELLI,1,-125,-25
32758,Asolo,Italia,11.9,45.8,Dressel 6B,FA,1,-50,-1
37882,Brindisi,Italia,17.933333,40.633333,Brindisian amphora,MEXSONI,1,-125,-25
20303,Ostia Antica,Italia,12.283333,41.75,Dressel 20,PNN,0,,
40327,Lecce,Italia,18.183333,40.383333,Brindisian amphora,GORGIA,1,-125,-25
35487,Canale Giancola,Italia,17.85,40.683333,Brindisian amphora,SCOPAS,1,-125,-25
36832,Vicenza,Italia,11.55,45.55,Dressel 6B,HER,1,-50,-1
34536,Canale Giancola,Italia,17.85,40.683333,Brindisian amphora,APELLAE,1,-125,-25
25378,Cosa,Italia,12.896389,46.057778,Dressel 1A,SES,1,-150,-1
37980,Brindisi,Italia,17.933333,40.633333,Brindisian amphora,LPVBLILI,1,-125,-25
35709,Canale Giancola,Italia,17.85,40.683333,Brindisian amphora,VISELLI,1,-125,-25
40284,Brindisi,Italia,17.933333,40.633333,Brindisian amphora,HPAIOC,1,-125,-25
37859,Brindisi,Italia,17.933333,40.633333,Brindisian amphora,LCORNELIQ,1,-125,-25
36751,Vicenza,Italia,11.55,45.55,Dressel 6A,TPARHA,1,-50,-1
35529,Canale Giancola,Italia,17.85,40.683333,Brindisian amphora,SCOPAS,1,-125,-25
38477,Brindisi,Italia,17.933333,40.633333,Brindisian amphora,APELAES,1,-125,-25
35197,Canale Giancola,Italia,17.85,40.683333,Brindisian amphora,HERMAISCI,1,-125,-25
40722,Brindisi,Italia,17.933333,40.633333,Brindisian amphora,PTOLEMAE,1,-125,-25
10462,Altino,Italia,12.393333,45.544444,Dressel ante 6B,PQSCAPVLAE,0,,
25802,Ostia Antica,Italia,12.283333,41.75,Dressel 20,AVRLPROCVO,0,,
34600,Canale Giancola,Italia,17.85,40.683333,Brindisian amphora,APELLESAEH,1,-125,-25
26288,Monaco,Italia,7.4252,43.735208,Africana 2A Grande,QCR,0,,
34517,Canale Giancola,Italia,17.85,40.683333,Brindisian amphora,AENEAS,1,-125,-25
39940,Ostia Antica,Italia,12.283333,41.75,Dressel 2-4 Italian,LD,0,,
34505,Canale Giancola,Italia,17.85,40.683333,Brindisian amphora,AENEAS,1,-125,-25
40860,Brindisi,Italia,17.933333,40.633333,Brindisian amphora,SOTERICO,1,-125,-25
35505,Canale Giancola,Italia,17.85,40.683333,Brindisian amphora,SCOPAS,1,-125,-25
40528,Brindisi,Italia,17.933333,40.633333,Brindisian amphora,MENOPILVS,1,-125,-25
40324,Brindisi,Italia,17.933333,40.633333,Brindisian amphora,GORGIA,1,-125,-25
37259,Canale Giancola,Italia,17.85,40.683333,Brindisian amphora,CARITON,1,-125,-25
37242,Canale Giancola,Italia,17.85,40.683333,Brindisian amphora,ANDRONICI,1,-125,-25
19501,Imperia,Italia,8.05,43.883333,Dolium,HILARVSMPDICI,0,,
34897,Canale Giancola,Italia,17.85,40.683333,Brindisian amphora,ARCHELA,1,-125,-25
25685,Ostia Antica,Italia,12.283333,41.75,Dressel 20,CAP,0,,
39322,Brindisi,Italia,17.933333,40.633333,Brindisian amphora,APOLNVEB,1,-125,-25
40651,Brindisi,Italia,17.933333,40.633333,Brindisian amphora,PILEMO,1,-125,-25
33767,Aquileia,Italia,13.368333,45.770278,Amphora incerta,EXSPECTATGAVI,0,,
34890,Canale Giancola,Italia,17.85,40.683333,Brindisian amphora,ARCHELA,1,-125,-25
40488,Brindisi,Italia,17.933333,40.633333,Brindisian amphora,MENECRATES,1,-125,-25
38309,Brindisi,Italia,17.933333,40.633333,Brindisian amphora,VEHILI,1,-125,-25
4804,Canosa,Italia,16.066667,41.216667,Amphora incerta,EP,0,,
9689,Padova,Italia,11.883333,45.416667,Amphora incerta,CLAEKB,0,,
35569,Canale Giancola,Italia,17.85,40.683333,Brindisian amphora,SCOPA,1,-125,-25
36749,Padova,Italia,11.883333,45.416667,Dressel 6B,PACCI,1,-50,-1
38144,Brindisi,Italia,17.933333,40.633333,Brindisian amphora,VEHILI,1,-125,-25
28120,Ostia Antica,Italia,12.283333,41.75,Dressel 20,LPCO,0,,
35759,Canale Giancola,Italia,17.85,40.683333,Brindisian amphora,VISELLIVISELL,1,-125,-25
40719,Brindisi,Italia,17.933333,40.633333,Brindisian amphora,PTOLEMAE,1,-125,-25
35876,Canale Giancola,Italia,17.85,40.683333,Brindisian amphora,PROTAGATHVS,1,-125,-25
33917,Albinia,Italia,11.25,42.5,Dressel 1C,D,1,-150,-1
37883,Brindisi,Italia,17.933333,40.633333,Brindisian amphora,MEXSONI,1,-125,-25
23337,Tortona,Italia,8.866667,44.9,Lamboglia 2,GENTI,1,-125,-25
38338,Brindisi,Italia,17.933333,40.633333,Brindisian amphora,VEHILI,1,-125,-25
29676,Ostia Antica,Italia,12.283333,41.75,Dressel 20,ENNIORVMIVLIORVM,0,,
28465,Oderzo,Italia,12.488056,45.78,Dressel 6B,LTREOPTATI,1,-50,-1
9742,Milano,Italia,9.2,45.466667,Lamboglia 2,DAMA,1,-125,-25
38194,Brindisi,Italia,17.933333,40.633333,Brindisian amphora,VEHILI,1,-125,-25
32605,Oderzo,Italia,12.488056,45.78,Dressel 6B,CALCRISPINILLAE,1,-50,-1
4656,Este,Italia,11.65,45.233333,Dressel 6A,PRIMVEBIDIENI,1,-50,-1
25395,Cosa,Italia,12.896389,46.057778,Dressel 1A,SYMBOLUS,1,-150,-1
38367,Brindisi,Italia,17.933333,40.633333,Brindisian amphora,VEHILI,1,-125,-25
38234,Brindisi,Italia,17.933333,40.633333,Brindisian amphora,VEHILI,1,-125,-25
37356,Canale Giancola,Italia,17.85,40.683333,Brindisian amphora,PTOLEMAEI,1,-125,-25
37396,Canale Giancola,Italia,17.85,40.683333,Brindisian amphora,STABVA,1,-125,-25
36972,Sicilia,Sicilia,13.583333,37.816667,Amphora incerta,RICAIAI,0,,
40068,Brindisi,Italia,17.933333,40.633333,Brindisian amphora,BATON,1,-125,-25
40496,Brindisi,Italia,17.933333,40.633333,Brindisian amphora,MENECRATES,1,-125,-25
35948,Canale Giancola,Italia,17.85,40.683333,Brindisian amphora,CNPE,1,-125,-25
37693,Brindisi,Italia,17.933333,40.633333,Brindisian amphora,CANINI,1,-125,-25
37364,Canale Giancola,Italia,17.85,40.683333,Brindisian amphora,PTOLEMAEI,1,-125,-25
9009,Taranto,Italia,17.229722,40.476111,Greco-Itálica,TRLOISIO,1,-400,-100
40803,Brindisi,Italia,17.933333,40.633333,Brindisian amphora,PVLADEI,1,-125,-25
26401,Ljubljana (Emona),Italia,14.514444,46.055278,Dressel 6B,M,1,-50,-1
38060,Brindisi,Italia,17.933333,40.633333,Brindisian amphora,CVEILI,1,-125,-25
10523,Altino,Italia,12.393333,45.544444,Dressel 6B,VARIPACCI,1,-50,-1
35059,Canale Giancola,Italia,17.85,40.683333,Brindisian amphora,DIFILVS,1,-125,-25
38277,Brindisi,Italia,17.933333,40.633333,Brindisian amphora,VEHILI,1,-125,-25
34835,Canale Giancola,Italia,17.85,40.683333,Brindisian amphora,APOLONI,1,-125,-25
40404,Sicilia,Sicilia,14.0,37.5,Brindisian amphora,LEONTISCVS,1,-125,-25
35127,Canale Giancola,Italia,17.85,40.683333,Brindisian amphora,DIOCLES,1,-125,-25
35587,Canale Giancola,Italia,17.85,40.683333,Brindisian amphora,STABVA,1,-125,-25
40054,Brindisi,Italia,17.933333,40.633333,Brindisian amphora,BATON,1,-125,-25
35794,Canale Giancola,Italia,17.85,40.683333,Brindisian amphora,VISELLI,1,-125,-25
40772,Brindisi,Italia,17.933333,40.633333,Brindisian amphora,PTOLEMAE,1,-125,-25
40811,Brindisi,Italia,17.933333,40.633333,Brindisian amphora,SOC,1,-125,-25
34843,Canale Giancola,Italia,17.85,40.683333,Brindisian amphora,APOLONI,1,-125,-25
25740,Ostia Antica,Italia,12.283333,41.75,Dressel 20,LANNI,0,,
33749,Casa Nuova,Italia,12.066667,44.566667,Amphora incerta,ARO,0,,
35009,Canale Giancola,Italia,17.85,40.683333,Brindisian amphora,DEMETRI,1,-125,-25
7232,Ostia Antica,Italia,12.283333,41.75,Tripolitanian 1,QSCS,0,,
40042,Brindisi,Italia,17.933333,40.633333,Brindisian amphora,BAHANO,1,-125,-25
38421,Brindisi,Italia,17.933333,40.633333,Brindisian amphora,APELLES,1,-125,-25
26153,Taranto,Italia,17.229722,40.476111,Brindisian amphora,LGRATIN,1,-125,-25
40090,Brindisi,Italia,17.933333,40.633333,Brindisian amphora,BATON,1,-125,-25
26417,Ostia Antica,Italia,12.283333,41.75,Dressel 20,QCF,0,,
33910,Albinia,Italia,11.25,42.5,Dressel 1C,D,1,-150,-1
28211,Ostia Antica,Italia,12.283333,41.75,Dressel 20,PNN,0,,
40469,Brindisi,Italia,17.933333,40.633333,Brindisian amphora,MENECRATES,1,-125,-25
35737,Canale Giancola,Italia,17.85,40.683333,Brindisian amphora,VISELLI,1,-125,-25
36006,Porto Conte,Corsica et Sardinia,8.183889,40.578056,Dressel 20,LIVNIMELISSI,0,,
35628,Canale Giancola,Italia,17.85,40.683333,Brindisian amphora,VISELLI,1,-125,-25
18631,Îles Lavezzi,Corsica et Sardinia,9.254185,41.341096,Dressel 2-4 Catalan,ANDO,1,-30,-1
40110,Brindisi,Italia,17.933333,40.633333,Brindisian amphora,CTESO,1,-125,-25
23301,Tortona,Italia,8.866667,44.9,Lamboglia 2,NICIA,1,-125,-25
37956,Brindisi,Italia,17.933333,40.633333,Brindisian amphora,QOBVLTRON,1,-125,-25
9661,Padova,Italia,11.883333,45.416667,Amphora incerta,IMPNERVAEAVG,0,,
37580,Canale Giancola,Italia,17.85,40.683333,Brindisian amphora,DEMETRI,1,-125,-25
40639,Brindisi,Italia,17.933333,40.633333,Brindisian amphora,PERDICAS,1,-125,-25
40586,Brindisi,Italia,17.933333,40.633333,Brindisian amphora,NOYMHNIO,1,-125,-25
25346,Vercelli,Italia,8.416667,45.316667,Dressel 2-4,ZSS,1,-30,-1
18595,Îles Lavezzi,Corsica et Sardinia,9.254185,41.341096,Dressel 2-4 Catalan,ATT,1,-30,-1
36166,Ancona,Italia,13.5,43.633333,Lamboglia 2,DACVS,1,-125,-25
37465,Canale Giancola,Italia,17.85,40.683333,Brindisian amphora,VISELLI,1,-125,-25
29243,Ostia Antica,Italia,12.283333,41.75,Dressel 20,FLFB,0,,
37817,Brindisi,Italia,17.933333,40.633333,Brindisian amphora,APPVLEI,1,-125,-25
26486,Ostia Antica,Italia,12.283333,41.75,Dressel 20,CAERARIA,0,,
40623,Brindisi,Italia,17.933333,40.633333,Brindisian amphora,PERDICAS,1,-125,-25
34596,Canale Giancola,Italia,17.85,40.683333,Brindisian amphora,APELLESAEH,1,-125,-25
41006,Brindisi,Italia,17.933333,40.633333,Brindisian amphora,ANINIANA,1,-125,-25
38042,Brindisi,Italia,17.933333,40.633333,Brindisian amphora,CVEHILI,1,-125,-25
39195,Brindisi,Italia,17.933333,40.633333,Brindisian amphora,APOLONI,1,-125,-25
10558,Altino,Italia,12.393333,45.544444,Dressel 6B,FLAVFONTANI,1,-50,-1
34695,Canale Giancola,Italia,17.85,40.683333,Brindisian amphora,APOLONIDA,1,-125,-25
33077,Erice,Sicilia,12.583333,38.033333,Greco-Itálica,CARISTO,1,-400,-100
38001,Brindisi,Italia,17.933333,40.633333,Brindisian amphora,PVEBAL,1,-125,-25
26210,Ostia Antica,Italia,12.283333,41.75,Africana 2D Grande,LEPT,0,,
34676,Canale Giancola,Italia,17.85,40.683333,Brindisian amphora,APOLLONID,1,-125,-25
9806,Milano,Italia,9.2,45.466667,Lamboglia 2,PRO,1,-125,-25
35701,Canale Giancola,Italia,17.85,40.683333,Brindisian amphora,VISELLI,1,-125,-25
38255,Brindisi,Italia,17.933333,40.633333,Brindisian amphora,VEHILI,1,-125,-25
33031,Padova,Italia,11.883333,45.416667,Dressel 6A,THB,1,-50,-1
34591,Canale Giancola,Italia,17.85,40.683333,Brindisian amphora,APELLAE,1,-125,-25
38111,Brindisi,Italia,17.933333,40.633333,Brindisian amphora,VEHILI,1,-125,-25
38135,Brindisi,Italia,17.933333,40.633333,Brindisian amphora,VEHILI,1,-125,-25
33964,Lodi Vecchio,Italia,9.4,45.3,Dressel 6B,CLAEKBAR,1,-50,-1
40225,Brindisi,Italia,17.933333,40.633333,Brindisian amphora,DIOPANTVS,1,-125,-25
34979,Canale Giancola,Italia,17.85,40.683333,Brindisian amphora,BAHANO,1,-125,-25
38064,Brindisi,Italia,17.933333,40.633333,Brindisian amphora,CVEILI,1,-125,-25
37880,Brindisi,Italia,17.933333,40.633333,Brindisian amphora,MEXSONI,1,-125,-25
35992,Canale Giancola,Italia,17.85,40.683333,Brindisian amphora,CNPETROSOSTR,1,-125,-25
38329,Brindisi,Italia,17.933333,40.633333,Brindisian amphora,VEHILI,1,-125,-25
35092,Canale Giancola,Italia,17.85,40.683333,Brindisian amphora,DIOCLES,1,-125,-25
18607,Îles Lavezzi,Corsica et Sardinia,9.254185,41.341096,Dressel 2-4 Catalan,LYA,1,-30,-1
38302,Brindisi,Italia,17.933333,40.633333,Brindisian amphora,VEHILI,1,-125,-25
10583,Altino,Italia,12.393333,45.544444,Dressel 6A,COELI,1,-50,-1
33279,Biella,Italia,8.05,45.566667,Lamboglia 2,PLAETO,1,-125,-25
37764,Brindisi,Italia,17.933333,40.633333,Brindisian amphora,LANINIVS,1,-125,-25
28445,Ostia Antica,Italia,12.283333,41.75,Dressel 20,LIVNIMELISSI,0,,
36761,Vicenza,Italia,11.55,45.55,Dressel 6A,THB,1,-50,-1
13849,Carlino,Italia,13.188056,45.802222,Lamboglia 2,MS,1,-125,-25
34363,Fosso Sanguinara,Italia,12.083333,41.933333,Operculum,IIIR,0,,
33779,Gavello,Italia,11.916667,45.016667,Dressel 6A,THB,1,-50,-1
21141,Tortona,Italia,8.866667,44.9,Dressel 6B,PPETRONI,1,-50,-1
40754,Brindisi,Italia,17.933333,40.633333,Brindisian amphora,PTOLEMAE,1,-125,-25
38279,Brindisi,Italia,17.933333,40.633333,Brindisian amphora,VEHILI,1,-125,-25
9777,Milano,Italia,9.2,45.466667,Lamboglia 2,LPACONI,1,-125,-25
35931,Canale Giancola,Italia,17.85,40.683333,Brindisian amphora,LMARCISATVR,1,-125,-25
34826,Canale Giancola,Italia,17.85,40.683333,Brindisian amphora,APOLONI,1,-125,-25
25801,Ostia Antica,Italia,12.283333,41.75,Dressel 20,LAG,0,,
40487,Brindisi,Italia,17.933333,40.633333,Brindisian amphora,MENECRATES,1,-125,-25
26324,Ostia Antica,Italia,12.283333,41.75,Africana 1B pic.,IVLIAEASYL,0,,
37814,Brindisi,Italia,17.933333,40.633333,Brindisian amphora,APPVLEI,1,-125,-25
34836,Canale Giancola,Italia,17.85,40.683333,Brindisian amphora,APOLONI,1,-125,-25
27082,Ostia Antica,Italia,12.283333,41.75,Amphora incerta,TCAPGEMTCARGEM,0,,
33666,Due Maestà,Italia,11.0,44.75,Dressel 6A,AEI,1,-50,-1
18661,Îles Perduto,Corsica et Sardinia,9.305129,41.369872,Dressel 2-4 Catalan,APO,1,-30,-1
13844,Marano Lagunare,Italia,13.169167,45.766389,Lamboglia 2,PAP,1,-125,-25
34286,Modena,Italia,10.9,44.5,Amphora incerta,AVALIVS,0,,
37451,Canale Giancola,Italia,17.85,40.683333,Brindisian amphora,VISELLI,1,-125,-25
13781,Gricignano d'Aversa,Italia,14.233333,40.983333,Africana 2,TOPHLV,0,,
38182,Brindisi,Italia,17.933333,40.633333,Brindisian amphora,VEHILI,1,-125,-25
38165,Brindisi,Italia,17.933333,40.633333,Brindisian amphora,VEHILI,1,-125,-25
34187,Modena,Italia,10.9,44.5,Amphora incerta,CAVRASE,0,,
38494,Brindisi,Italia,17.933333,40.633333,Brindisian amphora,APELLAIS,1,-125,-25
36745,Padova,Italia,11.883333,45.416667,Dressel 6B,BAR,1,-50,-1
4664,Este,Italia,11.65,45.233333,Lamboglia 2,DIOF,1,-125,-25
10503,Altino,Italia,12.393333,45.544444,Dressel ante 6B,CHEB,0,,
32673,Oderzo,Italia,12.488056,45.78,Dressel 6B,CLB,1,-50,-1
29444,Ostia Antica,Italia,12.283333,41.75,Dressel 20,QSDIOTIM,0,,
33969,Lodi Vecchio,Italia,9.4,45.3,Dressel 6B,LA,1,-50,-1
39303,Brindisi,Italia,17.933333,40.633333,Brindisian amphora,APOLLONIMA,1,-125,-25
40292,Brindisi,Italia,17.933333,40.633333,Brindisian amphora,EVTVCHI,1,-125,-25
38323,Brindisi,Italia,17.933333,40.633333,Brindisian amphora,VEHILI,1,-125,-25
38481,Brindisi,Italia,17.933333,40.633333,Brindisian amphora,APELAES,1,-125,-25
38387,Brindisi,Italia,17.933333,40.633333,Brindisian amphora,ALEXAN,1,-125,-25
4651,Este,Italia,11.65,45.233333,Dressel 6A,MHERPHAE,1,-50,-1
36190,Ancona,Italia,13.5,43.633333,Lamboglia 2,ROD,1,-125,-25
37775,Brindisi,Italia,17.933333,40.633333,Brindisian amphora,LANINI,1,-125,-25
39971,Ostia Antica,Italia,12.283333,41.75,Dressel 20,P,0,,
37811,Brindisi,Italia,17.933333,40.633333,Brindisian amphora,APPVLEI,1,-125,-25
39208,Brindisi,Italia,17.933333,40.633333,Brindisian amphora,APOLONI,1,-125,-25
33691,Modena,Italia,10.9,44.5,Amphora incerta,DAMA,0,,
40143,Brindisi,Italia,17.933333,40.633333,Brindisian amphora,DAMA,1,-125,-25
38488,Brindisi,Italia,17.933333,40.633333,Brindisian amphora,APELAES,1,-125,-25
35252,Canale Giancola,Italia,17.85,40.683333,Brindisian amphora,LVCAO,1,-125,-25
32813,Padova,Italia,11.883333,45.416667,Dressel 6B,COSTINI,1,-50,-1
39234,Brindisi,Italia,17.933333,40.633333,Brindisian amphora,APOLONI,1,-125,-25
35211,Canale Giancola,Italia,17.85,40.683333,Brindisian amphora,HERMAISCI,1,-125,-25
38048,Brindisi,Italia,17.933333,40.633333,Brindisian amphora,CVEHILI,1,-125,-25
32311,Padova,Italia,11.883333,45.416667,Dressel 6B,RUSOCOC,1,-50,-1
37574,Canale Giancola,Italia,17.85,40.683333,Brindisian amphora,SIGNUM,1,-125,-25
37381,Canale Giancola,Italia,17.85,40.683333,Brindisian amphora,SCOPAS,1,-125,-25
37654,Brindisi,Italia,17.933333,40.633333,Brindisian amphora,MAI,1,-125,-25
35502,Canale Giancola,Italia,17.85,40.683333,Brindisian amphora,SCOPAS,1,-125,-25
40306,Brindisi,Italia,17.933333,40.633333,Brindisian amphora,GORGIA,1,-125,-25
32608,Oderzo,Italia,12.488056,45.78,Dressel 6B,CALCRISPINILLAE,1,-50,-1
33902,Albinia,Italia,11.25,42.5,Dressel 1C,D,1,-150,-1
34547,Canale Giancola,Italia,17.85,40.683333,Brindisian amphora,APELLAE,1,-125,-25
33720,Voghenza,Italia,11.75,44.766667,Amphora incerta,BABSEC,0,,
40605,Brindisi,Italia,17.933333,40.633333,Brindisian amphora,PERDICAS,1,-125,-25
35739,Canale Giancola,Italia,17.85,40.683333,Brindisian amphora,VISELLI,1,-125,-25
29311,Ostia Antica,Italia,12.283333,41.75,Dressel 20,QFG,0,,
20354,Ostia Antica,Italia,12.283333,41.75,Amphora incerta,VS,0,,
40420,Brindisi,Italia,17.933333,40.633333,Brindisian amphora,LVCRIOAPPVLEI,1,-125,-25
9283,Este,Italia,11.65,45.233333,Dressel 6B,CELER,1,-50,-1
35369,Canale Giancola,Italia,17.85,40.683333,Brindisian amphora,LVKAON,1,-125,-25
20339,Ostia Antica,Italia,12.283333,41.75,Amphora incerta,III,0,,
36181,Ancona,Italia,13.5,43.633333,Lamboglia 2,NICI,1,-125,-25
38053,Brindisi,Italia,17.933333,40.633333,Brindisian amphora,CVEHILI,1,-125,-25
35103,Canale Giancola,Italia,17.85,40.683333,Brindisian amphora,DIOCLES,1,-125,-25
34716,Canale Giancola,Italia,17.85,40.683333,Brindisian amphora,APOLONIDA,1,-125,-25
34317,Modena,Italia,10.9,44.5,Amphora incerta,TB,0,,
38185,Brindisi,Italia,17.933333,40.633333,Brindisian amphora,VEHILI,1,-125,-25
37475,Canale Giancola,Italia,17.85,40.683333,Brindisian amphora,VISELLI,1,-125,-25
34598,Canale Giancola,Italia,17.85,40.683333,Brindisian amphora,APELLESAEH,1,-125,-25
38035,Brindisi,Italia,17.933333,40.633333,Brindisian amphora,CVEHILI,1,-125,-25
34361,Calvatone,Italia,10.433333,45.116667,Operculum,EA,0,,
4838,Brindisi,Italia,17.933333,40.633333,Brindisian amphora,CNPETROSOSTR,1,-125,-25
37450,Canale Giancola,Italia,17.85,40.683333,Brindisian amphora,VISELLI,1,-125,-25
35333,Canale Giancola,Italia,17.85,40.683333,Brindisian amphora,LVKAON,1,-125,-25
25359,Vercelli,Italia,8.416667,45.316667,Dressel 6B,IMP,1,-50,-1
29423,Ostia Antica,Italia,12.283333,41.75,Dressel 20,GRA,0,,
38039,Brindisi,Italia,17.933333,40.633333,Brindisian amphora,CVEHILI,1,-125,-25
32584,Oderzo,Italia,12.488056,45.78,Dressel 6A,CAESINASICAE,1,-50,-1
40615,Brindisi,Italia,17.933333,40.633333,Brindisian amphora,PERDICAS,1,-125,-25
33984,Trieste,Italia,13.766667,45.666667,Amphora incerta,TAFCRISPINAETVLLIAE,0,,
10541,Altino,Italia,12.393333,45.544444,Dressel 6A,VALERIFELIX,1,-50,-1
37846,Brindisi,Italia,17.933333,40.633333,Brindisian amphora,PCLAVDIVSNQ,1,-125,-25
35463,Canale Giancola,Italia,17.85,40.683333,Brindisian amphora,SCOPAS,1,-125,-25
40653,Brindisi,Italia,17.933333,40.633333,Brindisian amphora,PILEMO,1,-125,-25
40168,Brindisi,Italia,17.933333,40.633333,Brindisian amphora,DASI,1,-125,-25
34863,Canale Giancola,Italia,17.85,40.683333,Brindisian amphora,ARCHELA,1,-125,-25
40399,Brindisi,Italia,17.933333,40.633333,Brindisian amphora,LEONTISCVS,1,-125,-25
4809,Canosa,Italia,16.066667,41.216667,Keay 16,QIA,0,,
35271,Canale Giancola,Italia,17.85,40.683333,Brindisian amphora,LVCAO,1,-125,-25
40647,Brindisi,Italia,17.933333,40.633333,Brindisian amphora,PHILEMONOS,1,-125,-25
4818,Canosa,Italia,16.066667,41.216667,Lamboglia 2,ESTVS,1,-125,-25
37497,Canale Giancola,Italia,17.85,40.683333,Brindisian amphora,VISELLI,1,-125,-25
40411,Brindisi,Italia,17.933333,40.633333,Brindisian amphora,LVCRIOAPPVLEI,1,-125,-25
26350,Porto Azzurro,Italia,10.4,42.766667,Africana 2A Grande,CPC,0,,
10559,Altino,Italia,12.393333,45.544444,Dressel 6B,SCAPV,1,-50,-1
37268,Canale Giancola,Italia,17.85,40.683333,Brindisian amphora,CHARITON,1,-125,-25
34558,Canale Giancola,Italia,17.85,40.683333,Brindisian amphora,APELLAE,1,-125,-25
20322,Ostia Antica,Italia,12.283333,41.75,Amphora incerta,SVLLSVE,0,,
34255,Modena,Italia,10.9,44.5,Amphora incerta,PHALL,0,,
9734,Cremona,Italia,10.033333,45.116667,Lamboglia 2,BARN,1,-125,-25
33096,Erice,Sicilia,12.583333,38.033333,Greco-Itálica,TRLOISIO,1,-400,-100
37577,Canale Giancola,Italia,17.85,40.683333,Brindisian amphora,VISELLI,1,-125,-25
37705,Brindisi,Italia,17.933333,40.633333,Brindisian amphora,CANINI,1,-125,-25
35088,Canale Giancola,Italia,17.85,40.683333,Brindisian amphora,DIOCLES,1,-125,-25
35538,Canale Giancola,Italia,17.85,40.683333,Brindisian amphora,SCOPAS,1,-125,-25
40024,Brindisi,Italia,17.933333,40.633333,Brindisian amphora,BAHANO,1,-125,-25
33832,Albinia,Italia,11.25,42.5,Dressel 1C,ARS,1,-150,-1
36795,Vicenza,Italia,11.55,45.55,Dressel 6B,IVNIPAETINI,1,-50,-1
25315,Sardegna,Corsica et Sardinia,8.44,39.881944,Dolium,ISMA,0,,
38215,Brindisi,Italia,17.933333,40.633333,Brindisian amphora,VEHILI,1,-125,-25
40591,Brindisi,Italia,17.933333,40.633333,Brindisian amphora,NOYMHNIOY,1,-125,-25
34951,Canale Giancola,Italia,17.85,40.683333,Brindisian amphora,ARCHELA,1,-125,-25
40437,Brindisi,Italia,17.933333,40.633333,Brindisian amphora,MENAI,1,-125,-25
9772,Milano,Italia,9.2,45.466667,Lamboglia 2,L,1,-125,-25
38157,Brindisi,Italia,17.933333,40.633333,Brindisian amphora,VEHILI,1,-125,-25
34824,Canale Giancola,Italia,17.85,40.683333,Brindisian amphora,APOLONI,1,-125,-25
27074,Barletta,Italia,16.283333,41.316667,Lamboglia 2,BALI,1,-125,-25
34266,Piacenza,Italia,9.666667,45.016667,Amphora incerta,TPVPI,0,,
26254,Ostia Antica,Italia,12.283333,41.75,Africana 2D Grande,TOPMAF,0,,
40218,Brindisi,Italia,17.933333,40.633333,Brindisian amphora,DIOPANTVS,1,-125,-25
38468,Brindisi,Italia,17.933333,40.633333,Brindisian amphora,APELAES,1,-125,-25
35341,Canale Giancola,Italia,17.85,40.683333,Brindisian amphora,LVKAON,1,-125,-25
34214,Modena,Italia,10.9,44.5,Amphora incerta,EROSCEPI,0,,
38180,Brindisi,Italia,17.933333,40.633333,Brindisian amphora,VEHILI,1,-125,-25
35574,Canale Giancola,Italia,17.85,40.683333,Brindisian amphora,SCOPA,1,-125,-25
33977,Toscana,Italia,11.0,43.416667,Dressel 1,PALMA,1,-150,-1
35914,Canale Giancola,Italia,17.85,40.683333,Brindisian amphora,LMARCISATVR,1,-125,-25
40788,Brindisi,Italia,17.933333,40.633333,Brindisian amphora,PVLADEI,1,-125,-25
38257,Brindisi,Italia,17.933333,40.633333,Brindisian amphora,VEHILI,1,-125,-25
33944,Albinia,Italia,11.25,42.5,Dressel 1C,L,1,-150,-1
34832,Canale Giancola,Italia,17.85,40.683333,Brindisian amphora,APOLONI,1,-125,-25
40048,Brindisi,Italia,17.933333,40.633333,Brindisian amphora,BAHANO,1,-125,-25
32638,Oderzo,Italia,12.488056,45.78,Dressel 6B,COLTO,1,-50,-1
40350,Brindisi,Italia,17.933333,40.633333,Brindisian amphora,KEPHALONOSKEFALONOS,1,-125,-25
23088,Tortona,Italia,8.866667,44.9,Dressel 6B,CLAEB,1,-50,-1
26256,Ostia Antica,Italia,12.283333,41.75,Africana 1B pic.,TVSFCIVSSR,0,,
36736,Padova,Italia,11.883333,45.416667,Dressel 6B,ISAR,1,-50,-1
35069,Canale Giancola,Italia,17.85,40.683333,Brindisian amphora,DIOCLES,1,-125,-25
35358,Canale Giancola,Italia,17.85,40.683333,Brindisian amphora,LVKAON,1,-125,-25
39982,Ostia Antica,Italia,12.283333,41.75,Amphora incerta,BITF,0,,
37907,Brindisi,Italia,17.933333,40.633333,Brindisian amphora,LLVCI,1,-125,-25
40094,Brindisi,Italia,17.933333,40.633333,Brindisian amphora,CTESON,1,-125,-25
35825,Canale Giancola,Italia,17.85,40.683333,Brindisian amphora,VISELLI,1,-125,-25
40712,Brindisi,Italia,17.933333,40.633333,Brindisian amphora,PTOLEMAE,1,-125,-25
25352,Vercelli,Italia,8.416667,45.316667,Dressel 6A,LLAETARG,1,-50,-1
40674,Brindisi,Italia,17.933333,40.633333,Brindisian amphora,PILEMO,1,-125,-25
40137,Brindisi,Italia,17.933333,40.633333,Brindisian amphora,DAMA,1,-125,-25
4768,Brindisi,Italia,17.933333,40.633333,Brindisian amphora,EVTVCHI,1,-125,-25
35976,Canale Giancola,Italia,17.85,40.683333,Brindisian amphora,CNPETROSOSTR,1,-125,-25
40052,Brindisi,Italia,17.933333,40.633333,Brindisian amphora,BATON,1,-125,-25
29375,Ostia Antica,Italia,12.283333,41.75,Dressel 20,CFABVAL,0,,
32294,Padova,Italia,11.883333,45.416667,Dressel 6B,FEE,1,-50,-1
40272,Brindisi,Italia,17.933333,40.633333,Brindisian amphora,HPAIOC,1,-125,-25
36790,Vicenza,Italia,11.55,45.55,Dressel 6B,LIVNIPAETI,1,-50,-1
34853,Canale Giancola,Italia,17.85,40.683333,Brindisian amphora,ARCHELA,1,-125,-25
41003,Brindisi,Italia,17.933333,40.633333,Brindisian amphora,ANINIANA,1,-125,-25
37423,Canale Giancola,Italia,17.85,40.683333,Brindisian amphora,VISELLI,1,-125,-25
10515,Altino,Italia,12.393333,45.544444,Dressel ante 6B,PSEPVLLIPF,0,,
9746,Calvatone,Italia,10.433333,45.116667,Lamboglia 2,DIAL,1,-125,-25
34263,Modena,Italia,10.9,44.5,Amphora incerta,APPVLCRI,0,,
35121,Canale Giancola,Italia,17.85,40.683333,Brindisian amphora,DIOCLES,1,-125,-25
29468,Ostia Antica,Italia,12.283333,41.75,Dressel 20,LSSPAL,0,,
34302,Reggio Emilia,Italia,10.616667,44.616667,Amphora incerta,CLDAC,0,,
39293,Brindisi,Italia,17.933333,40.633333,Brindisian amphora,APOLLONI,1,-125,-25
40368,Brindisi,Italia,17.933333,40.633333,Brindisian amphora,KEPHALOSKEFALOS,1,-125,-25
40132,Brindisi,Italia,17.933333,40.633333,Brindisian amphora,DAMA,1,-125,-25
40551,Brindisi,Italia,17.933333,40.633333,Brindisian amphora,MENOPILVS,1,-125,-25
36833,Vicenza,Italia,11.55,45.55,Dressel 6B,CLAEB,1,-50,-1
4867,Dugenta,Italia,14.45,41.133333,Dressel 1,NICIA,1,-150,-1
32797,Padova,Italia,11.883333,45.416667,Dressel 6A,HERPHA,1,-50,-1
40668,Brindisi,Italia,17.933333,40.633333,Brindisian amphora,PILEMO,1,-125,-25
18586,Îles Lavezzi,Corsica et Sardinia,9.254185,41.341096,Dressel 2-4 Catalan,ANDO,1,-30,-1
35434,Canale Giancola,Italia,17.85,40.683333,Brindisian amphora,SCOPAS,1,-125,-25
18598,Îles Lavezzi,Corsica et Sardinia,9.254185,41.341096,Dressel 2-4 Catalan,CELSI,1,-30,-1
33909,Albinia,Italia,11.25,42.5,Dressel 1C,D,1,-150,-1
38245,Brindisi,Italia,17.933333,40.633333,Brindisian amphora,VEHILI,1,-125,-25
33007,Padova,Italia,11.883333,45.416667,Dressel 6A,SAFINIAEPICE,1,-50,-1
25388,Cosa,Italia,12.896389,46.057778,Dressel 1A,SEST,1,-150,-1
38057,Brindisi,Italia,17.933333,40.633333,Brindisian amphora,CVEHI,1,-125,-25
35892,Canale Giancola,Italia,17.85,40.683333,Brindisian amphora,PAMPVDICOM,1,-125,-25
35320,Canale Giancola,Italia,17.85,40.683333,Brindisian amphora,LVKAON,1,-125,-25
34329,Fiesole,Italia,11.283333,43.8,Amphora incerta,APISTEIDAYSOESMOPHOPIS,0,,
33896,Albinia,Italia,11.25,42.5,Dressel 1C,DIS,1,-150,-1
40580,Brindisi,Italia,17.933333,40.633333,Brindisian amphora,NOYMHNIO,1,-125,-25
37948,Brindisi,Italia,17.933333,40.633333,Brindisian amphora,QOBVLTRON,1,-125,-25
9787,Milano,Italia,9.2,45.466667,Lamboglia 2,LEOMALLEOLILSH,1,-125,-25
38444,Brindisi,Italia,17.933333,40.633333,Brindisian amphora,APELAES,1,-125,-25
29275,Ostia Antica,Italia,12.283333,41.75,Dressel 20,LFC,0,,
33983,Trieste,Italia,13.766667,45.666667,Amphora incerta,CRISPIN,0,,
37565,Canale Giancola,Italia,17.85,40.683333,Brindisian amphora,VISELLI,1,-125,-25
40514,Brindisi,Italia,17.933333,40.633333,Brindisian amphora,MENECRATES,1,-125,-25
32602,Oderzo,Italia,12.488056,45.78,Dressel 6B,APICI,1,-50,-1
33129,Agrigento,Sicilia,13.566667,37.316667,Dressel 1,NICOMAC,1,-150,-1
38397,Brindisi,Italia,17.933333,40.633333,Brindisian amphora,ANTIOCOS,1,-125,-25
26376,Ljubljana (Emona),Italia,14.514444,46.055278,Dressel 6B,CLAEK,1,-50,-1
33087,Erice,Sicilia,12.583333,38.033333,Greco-Itálica,QIVENTI,1,-400,-100
36189,Ancona,Italia,13.5,43.633333,Lamboglia 2,PRVX,1,-125,-25
37539,Canale Giancola,Italia,17.85,40.683333,Brindisian amphora,VISELLI,1,-125,-25
20359,Ostia Antica,Italia,12.283333,41.75,Amphora incerta,PECNAV,0,,
38197,Brindisi,Italia,17.933333,40.633333,Brindisian amphora,VEHILI,1,-125,-25
36791,Vicenza,Italia,11.55,45.55,Dressel 6B,LIVNIPAETI,1,-50,-1
33929,Albinia,Italia,11.25,42.5,Dressel 1C,L,1,-150,-1
37914,Brindisi,Italia,17.933333,40.633333,Brindisian amphora,LLVCI,1,-125,-25
32303,Padova,Italia,11.883333,45.416667,Dressel 6B,S,1,-50,-1
34274,Modena,Italia,10.9,44.5,Amphora incerta,LSALVI,0,,
35160,Canale Giancola,Italia,17.85,40.683333,Brindisian amphora,DIOCLEI,1,-125,-25
9694,Padova,Italia,11.883333,45.416667,Amphora incerta,HEDI,0,,
9584,Padova,Italia,11.883333,45.416667,Dressel 6A,ROMANIGAVI,1,-50,-1
29274,Ostia Antica,Italia,12.283333,41.75,Dressel 20,LFC,0,,
34963,Canale Giancola,Italia,17.85,40.683333,Brindisian amphora,ARCHELA,1,-125,-25
40474,Brindisi,Italia,17.933333,40.633333,Brindisian amphora,MENECRATES,1,-125,-25
18564,Îles Lavezzi,Corsica et Sardinia,9.254185,41.341096,Dressel 2-4 Catalan,A,1,-30,-1
9757,Milano,Italia,9.2,45.466667,Lamboglia 2,DIONIS,1,-125,-25
40142,Brindisi,Italia,17.933333,40.633333,Brindisian amphora,DAMA,1,-125,-25
21104,Tournus,Italia,6.75,44.466667,Dressel 1,EH,1,-150,-1
34541,Canale Giancola,Italia,17.85,40.683333,Brindisian amphora,APELLAE,1,-125,-25
35685,Canale Giancola,Italia,17.85,40.683333,Brindisian amphora,VISELLI,1,-125,-25
40089,Brindisi,Italia,17.933333,40.633333,Brindisian amphora,BATON,1,-125,-25
38317,Brindisi,Italia,17.933333,40.633333,Brindisian amphora,VEHILI,1,-125,-25
26235,Ostia Antica,Italia,12.283333,41.75,Africana 1A pic.,PAVLFH,0,,
35007,Canale Giancola,Italia,17.85,40.683333,Brindisian amphora,DAMATRI,1,-125,-25
37962,Brindisi,Italia,17.933333,40.633333,Brindisian amphora,QOBVLTRON,1,-125,-25
37697,Brindisi,Italia,17.933333,40.633333,Brindisian amphora,CANINI,1,-125,-25
35342,Canale Giancola,Italia,17.85,40.683333,Brindisian amphora,LVKAON,1,-125,-25
37032,Parenzo (Porec),Italia,13.593889,45.225833,Amphora incerta,AELICRIS,0,,
9282,Este,Italia,11.65,45.233333,Dressel 6B,MINVCI,1,-50,-1
32861,Padova,Italia,11.883333,45.416667,Dressel 6B,L,1,-50,-1
40793,Brindisi,Italia,17.933333,40.633333,Brindisian amphora,PVLADEI,1,-125,-25
29234,Ostia Antica,Italia,12.283333,41.75,Dressel 20,IIQQETCF,0,,
29499,Ostia Antica,Italia,12.283333,41.75,Dressel 20,SAXOFERR,0,,
35861,Canale Giancola,Italia,17.85,40.683333,Brindisian amphora,DAZIO,1,-125,-25
34896,Canale Giancola,Italia,17.85,40.683333,Brindisian amphora,ARCHELA,1,-125,-25
34789,Canale Giancola,Italia,17.85,40.683333,Brindisian amphora,APOLLONIDES,1,-125,-25
33739,Poggio Rusco,Italia,11.116667,44.983333,Dressel 6B,PSEPVLLIPF,1,-50,-1
40794,Brindisi,Italia,17.933333,40.633333,Brindisian amphora,PVLADEI,1,-125,-25
25022,Sardegna,Corsica et Sardinia,8.44,39.881944,Verulamium 1908,LIFO,0,,
38395,Brindisi,Italia,17.933333,40.633333,Brindisian amphora,ANTIOCOS,1,-125,-25
40667,Brindisi,Italia,17.933333,40.633333,Brindisian amphora,PILEMO,1,-125,-25
9585,Padova,Italia,11.883333,45.416667,Dressel 6A,SAFINIAEPICE,1,-50,-1
34950,Canale Giancola,Italia,17.85,40.683333,Brindisian amphora,ARCHELA,1,-125,-25
35242,Canale Giancola,Italia,17.85,40.683333,Brindisian amphora,LVCAO,1,-125,-25
10539,Altino,Italia,12.393333,45.544444,Dressel 6A,THB,1,-50,-1
29340,Ostia Antica,Italia,12.283333,41.75,Dressel 20,QFVLP,0,,
33988,Trieste,Italia,13.766667,45.666667,Dressel 6B,THAL,1,-50,-1
37228,Civitavecchia,Italia,11.8,42.1,Lamboglia 2,CNPMG,1,-125,-25
25804,Ostia Antica,Italia,12.283333,41.75,Dressel 20,AVRSTR,0,,
37874,Brindisi,Italia,17.933333,40.633333,Brindisian amphora,MEXSONI,1,-125,-25
41066,Brindisi,Italia,17.933333,40.633333,Brindisian amphora,ANINIANA,1,-125,-25
23242,Tortona,Italia,8.866667,44.9,Dressel 5,LANINISVRI,0,,
26275,Ostia Antica,Italia,12.283333,41.75,Africana 1B pic.,ASVLLFELCIC,0,,
41027,Brindisi,Italia,17.933333,40.633333,Brindisian amphora,ANINIANA,1,-125,-25
33884,Albinia,Italia,11.25,42.5,Dressel 1C,DAS,1,-150,-1
34297,Bologna,Italia,11.333333,44.483333,Amphora incerta,ELXOSK,0,,
32773,Padova,Italia,11.883333,45.416667,Dressel 6B,SYNT,1,-50,-1
37493,Canale Giancola,Italia,17.85,40.683333,Brindisian amphora,VISELLI,1,-125,-25
37478,Canale Giancola,Italia,17.85,40.683333,Brindisian amphora,VISELLI,1,-125,-25
35125,Canale Giancola,Italia,17.85,40.683333,Brindisian amphora,DIOCLES,1,-125,-25
35812,Canale Giancola,Italia,17.85,40.683333,Brindisian amphora,VISELLI,1,-125,-25
34763,Canale Giancola,Italia,17.85,40.683333,Brindisian amphora,APOLONIDA,1,-125,-25
34848,Canale Giancola,Italia,17.85,40.683333,Brindisian amphora,ARCHELA,1,-125,-25
33906,Albinia,Italia,11.25,42.5,Dressel 1C,D,1,-150,-1
32763,Padova,Italia,11.883333,45.416667,Dressel 6B,FELIXSCR,1,-50,-1
26562,Ostia Antica,Italia,12.283333,41.75,Amphora incerta,FCL,0,,
35479,Canale Giancola,Italia,17.85,40.683333,Brindisian amphora,SCOPAS,1,-125,-25
40646,Brindisi,Italia,17.933333,40.633333,Brindisian amphora,PHILEMONOS,1,-125,-25
9792,Milano,Italia,9.2,45.466667,Lamboglia 2,MENI,1,-125,-25
37676,Brindisi,Italia,17.933333,40.633333,Brindisian amphora,CANINI,1,-125,-25
40610,Brindisi,Italia,17.933333,40.633333,Brindisian amphora,PERDICAS,1,-125,-25
38207,Brindisi,Italia,17.933333,40.633333,Brindisian amphora,VEHILI,1,-125,-25
35471,Canale Giancola,Italia,17.85,40.683333,Brindisian amphora,SCOPAS,1,-125,-25
39278,Brindisi,Italia,17.933333,40.633333,Brindisian amphora,APOLLONI,1,-125,-25
26327,Paggio Gramignano (Lugnano in Teverina),Italia,12.333333,42.566667,Africana,NAVIASVL,0,,
32334,Calvatone,Italia,10.433333,45.116667,Amphora incerta,ALL,0,,
34584,Canale Giancola,Italia,17.85,40.683333,Brindisian amphora,APELLAE,1,-125,-25
33860,Albinia,Italia,11.25,42.5,Dressel 1C,ARS,1,-150,-1
37733,Brindisi,Italia,17.933333,40.633333,Brindisian amphora,CANINI,1,-125,-25
40363,Brindisi,Italia,17.933333,40.633333,Brindisian amphora,KEPHALONOSKEFALONOS,1,-125,-25
8621,Narni,Italia,12.516667,42.516667,Greco-Itálica,AN,1,-400,-100
18623,Îles Lavezzi,Corsica et Sardinia,9.254185,41.341096,Dressel 2-4 Catalan,VIC,1,-30,-1
36206,Ancona,Italia,13.5,43.633333,Lamboglia 2,MITRAE,1,-125,-25
18927,Tortona,Italia,8.866667,44.9,Amphora incerta,ALG,0,,
35580,Canale Giancola,Italia,17.85,40.683333,Brindisian amphora,SCOPA,1,-125,-25
10536,Altino,Italia,12.393333,45.544444,Greco-Itálica,CEP,1,-400,-100
40427,Brindisi,Italia,17.933333,40.633333,Brindisian amphora,LVCRIO,1,-125,-25
38152,Brindisi,Italia,17.933333,40.633333,Brindisian amphora,VEHILI,1,-125,-25
35184,Canale Giancola,Italia,17.85,40.683333,Brindisian amphora,HERMAISCI,1,-125,-25
40769,Brindisi,Italia,17.933333,40.633333,Brindisian amphora,POLEMA,1,-125,-25
32495,Pegognaga,Italia,10.85,45.0,Dressel 6A,THB,1,-50,-1
19051,Tortona,Italia,8.866667,44.9,Amphora incerta,ACVL,0,,
33752,Cesena,Italia,12.249722,44.143333,Amphora incerta,LCORHER,0,,
35047,Canale Giancola,Italia,17.85,40.683333,Brindisian amphora,DEMETRI,1,-125,-25
4669,Este,Italia,11.65,45.233333,Lamboglia 2,ALEX,1,-125,-25
26182,Porto Torres,Corsica et Sardinia,8.397222,40.835,Africana,COLSFAPN,0,,
25337,Vercelli,Italia,8.416667,45.316667,Lamboglia 2,CERD,1,-125,-25
36175,Ancona,Italia,13.5,43.633333,Lamboglia 2,MAHES,1,-125,-25
10346,Atri,Italia,13.966667,42.583333,Amphora incerta,SEXIVLIAEQVANILAVTI,0,,
19502,Imperia,Italia,8.05,43.883333,Dolium,HILARVSMP,0,,
9739,Milano,Italia,9.2,45.466667,Lamboglia 2,CEICES,1,-125,-25
37516,Canale Giancola,Italia,17.85,40.683333,Brindisian amphora,VISELLI,1,-125,-25
36854,Vicenza,Italia,11.55,45.55,Dressel 6B,SISEN,1,-50,-1
25321,Sardegna,Corsica et Sardinia,8.44,39.881944,Dolium,BONIFATIAVIVAS,0,,
33278,Alghero,Corsica et Sardinia,8.318056,40.558889,Dressel 20,LIVNIMELISSI,0,,
34506,Canale Giancola,Italia,17.85,40.683333,Brindisian amphora,AENEAS,1,-125,-25
28391,Ostia Antica,Italia,12.283333,41.75,Dressel 20,LIM,0,,
40773,Brindisi,Italia,17.933333,40.633333,Brindisian amphora,PTOLEMAE,1,-125,-25
34712,Canale Giancola,Italia,17.85,40.683333,Brindisian amphora,APOLONIDA,1,-125,-25
34760,Canale Giancola,Italia,17.85,40.683333,Brindisian amphora,APOLONIDA,1,-125,-25
35691,Canale Giancola,Italia,17.85,40.683333,Brindisian amphora,VISELLI,1,-125,-25
40687,Brindisi,Italia,17.933333,40.633333,Brindisian amphora,PILEMO,1,-125,-25
32654,Oderzo,Italia,12.488056,45.78,Dressel 6B,NICOMEDE,1,-50,-1
40748,Brindisi,Italia,17.933333,40.633333,Brindisian amphora,PTOLEMAE,1,-125,-25
26488,Ostia Antica,Italia,12.283333,41.75,Dressel 20,CAERARIA,0,,
34296,Castelnuovo di sotto,Italia,10.566667,44.816667,Amphora incerta,ACVB,0,,
32717,Pegognaga,Italia,10.85,45.0,Dressel 6B,AMYC,1,-50,-1
33071,Erice,Sicilia,12.583333,38.033333,Greco-Itálica,QANTRO,1,-400,-100
37797,Brindisi,Italia,17.933333,40.633333,Brindisian amphora,APPVLEI,1,-125,-25
19213,Giglio Porto,Italia,10.916667,42.366667,Africana,O,0,,
35055,Canale Giancola,Italia,17.85,40.683333,Brindisian amphora,DEMETRI,1,-125,-25
37750,Brindisi,Italia,17.933333,40.633333,Brindisian amphora,LANINIVS,1,-125,-25
40037,Brindisi,Italia,17.933333,40.633333,Brindisian amphora,BAHANO,1,-125,-25
26266,Ostia Antica,Italia,12.283333,41.75,Africana 2D Grande,PAVD,0,,
26518,Ostia Antica,Italia,12.283333,41.75,Dressel 20,KV,0,,
26128,Ordona,Italia,15.616667,41.316667,Lamboglia 2,ARCHEL,1,-125,-25
40962,Brindisi,Italia,17.933333,40.633333,Brindisian amphora,ANINIANA,1,-125,-25
25347,Vercelli,Italia,8.416667,45.316667,Dressel 6A,BAR,1,-50,-1
27076,Islas de Tremiti,Italia,15.5,42.116667,Lamboglia 2,DASMI,1,-125,-25
35766,Canale Giancola,Italia,17.85,40.683333,Brindisian amphora,VISELLI,1,-125,-25
40155,Brindisi,Italia,17.933333,40.633333,Brindisian amphora,DAMAS,1,-125,-25
40391,Brindisi,Italia,17.933333,40.633333,Brindisian amphora,LEONTISCVS,1,-125,-25
37241,Canale Giancola,Italia,17.85,40.683333,Brindisian amphora,ANDRONICI,1,-125,-25
26150,Brindisi,Italia,17.933333,40.633333,Brindisian amphora,VEHILIANA,1,-125,-25
35042,Canale Giancola,Italia,17.85,40.683333,Brindisian amphora,DEMETRI,1,-125,-25
18563,Îles Lavezzi,Corsica et Sardinia,9.254185,41.341096,Dressel 2-4 Catalan,A,1,-30,-1
40989,Brindisi,Italia,17.933333,40.633333,Brindisian amphora,ANINIANA,1,-125,-25
35768,Canale Giancola,Italia,17.85,40.683333,Brindisian amphora,VISELLI,1,-125,-25
9782,Milano,Italia,9.2,45.466667,Lamboglia 2,MAHC,1,-125,-25
34911,Canale Giancola,Italia,17.85,40.683333,Brindisian amphora,ARCHELA,1,-125,-25
34278,Villanova,Italia,11.983333,44.25,Amphora incerta,CSENTI,0,,
40761,Brindisi,Italia,17.933333,40.633333,Brindisian amphora,PTOLEMAE,1,-125,-25
34926,Canale Giancola,Italia,17.85,40.683333,Brindisian amphora,ARCHELA,1,-125,-25
40970,Brindisi,Italia,17.933333,40.633333,Brindisian amphora,ANINIANA,1,-125,-25
37802,Brindisi,Italia,17.933333,40.633333,Brindisian amphora,APPVLEI,1,-125,-25
35328,Canale Giancola,Italia,17.85,40.683333,Brindisian amphora,LVKAON,1,-125,-25
10569,Altino,Italia,12.393333,45.544444,Dressel 6B,FLAVFONTANI,1,-50,-1
34974,Canale Giancola,Italia,17.85,40.683333,Brindisian amphora,ARCHELAVS,1,-125,-25
8600,Pisa,Italia,10.383333,43.716667,Lamboglia 2,CIVLIZOELI,1,-125,-25
34545,Canale Giancola,Italia,17.85,40.683333,Brindisian amphora,APELLAE,1,-125,-25
35989,Canale Giancola,Italia,17.85,40.683333,Brindisian amphora,CNPETROSOSTR,1,-125,-25
36844,Vicenza,Italia,11.55,45.55,Dressel 6B,LAEK,1,-50,-1
36745,Padova,Italia,11.883333,45.416667,Dressel 6B,EB,1,-50,-1
40577,Brindisi,Italia,17.933333,40.633333,Brindisian amphora,NOYMHNIO,1,-125,-25
9699,Padova,Italia,11.883333,45.416667,Amphora incerta,LAE,0,,
33759,Piadena,Italia,10.366667,45.133333,Lamboglia 2,A,1,-125,-25
33846,Albinia,Italia,11.25,42.5,Dressel 1C,ARS,1,-150,-1
38434,Brindisi,Italia,17.933333,40.633333,Brindisian amphora,APELAES,1,-125,-25
40439,Brindisi,Italia,17.933333,40.633333,Brindisian amphora,MENAI,1,-125,-25
34556,Canale Giancola,Italia,17.85,40.683333,Brindisian amphora,APELLAE,1,-125,-25
40259,Brindisi,Italia,17.933333,40.633333,Brindisian amphora,HPAIOC,1,-125,-25
32685,Oderzo,Italia,12.488056,45.78,Dressel 6B,VMBRICVM,1,-50,-1
36959,Trapani,Sicilia,12.483333,38.016667,Amphora incerta,LVESGEI,0,,
4784,Taranto,Italia,17.229722,40.476111,Dressel 2-4,MOCTA,1,-30,-1
33140,Erice,Sicilia,12.583333,38.033333,Dressel 1,TIBERI,1,-150,-1
40880,Brindisi,Italia,17.933333,40.633333,Brindisian amphora,STR,1,-125,-25
38308,Brindisi,Italia,17.933333,40.633333,Brindisian amphora,VEHILI,1,-125,-25
34275,Provincia di Parma,Italia,10.083333,44.7,Amphora incerta,SATVRNINI,0,,
34508,Canale Giancola,Italia,17.85,40.683333,Brindisian amphora,AENEAS,1,-125,-25
33979,Alba,Italia,8.033333,44.7,Dressel 6B,ATCAEV,1,-50,-1
18984,Tortona,Italia,8.866667,44.9,Amphora incerta,SSIEN,0,,
32753,Padova,Italia,11.883333,45.416667,Dressel 6B,COM,1,-50,-1
40934,Brindisi,Italia,17.933333,40.633333,Brindisian amphora,ANINIANA,1,-125,-25
35018,Canale Giancola,Italia,17.85,40.683333,Brindisian amphora,DEMETRI,1,-125,-25
18596,Îles Lavezzi,Corsica et Sardinia,9.254185,41.341096,Dressel 2-4 Catalan,QVAD,1,-30,-1
37994,Brindisi,Italia,17.933333,40.633333,Brindisian amphora,MRVDI,1,-125,-25
36744,Padova,Italia,11.883333,45.416667,Dressel 6B,BAR,1,-50,-1
34663,Canale Giancola,Italia,17.85,40.683333,Brindisian amphora,APOLLONID,1,-125,-25
32683,Oderzo,Italia,12.488056,45.78,Dressel 6B,TRAVLE,1,-50,-1
40545,Brindisi,Italia,17.933333,40.633333,Brindisian amphora,MENOPILVS,1,-125,-25
34856,Canale Giancola,Italia,17.85,40.683333,Brindisian amphora,ARCHELA,1,-125,-25
35870,Canale Giancola,Italia,17.85,40.683333,Brindisian amphora,HERACLEO,1,-125,-25
29306,Ostia Antica,Italia,12.283333,41.75,Dressel 20,LCFSCVFM,0,,
40902,Brindisi,Italia,17.933333,40.633333,Brindisian amphora,STRATONIC,1,-125,-25
40807,Brindisi,Italia,17.933333,40.633333,Brindisian amphora,SOC,1,-125,-25
34188,Bologna,Italia,11.333333,44.483333,Amphora incerta,CAVRASE,0,,
35281,Canale Giancola,Italia,17.85,40.683333,Brindisian amphora,LVCAON,1,-125,-25
40660,Brindisi,Italia,17.933333,40.633333,Brindisian amphora,PILEMO,1,-125,-25
33261,Martigny,Italia,7.076771,46.104593,Dressel 20,FSCIMNIANO,0,,
38139,Brindisi,Italia,17.933333,40.633333,Brindisian amphora,VEHILI,1,-125,-25
40873,Brindisi,Italia,17.933333,40.633333,Brindisian amphora,STR,1,-125,-25
33015,Padova,Italia,11.883333,45.416667,Dressel 6A,MVETTI,1,-50,-1
28214,Ostia Antica,Italia,12.283333,41.75,Dressel 20,PNN,0,,
40254,Brindisi,Italia,17.933333,40.633333,Brindisian amphora,HPAIOC,1,-125,-25
40383,Brindisi,Italia,17.933333,40.633333,Brindisian amphora,LEONTISCVS,1,-125,-25
35174,Canale Giancola,Italia,17.85,40.683333,Brindisian amphora,DIOCLEI,1,-125,-25
35398,Canale Giancola,Italia,17.85,40.683333,Brindisian amphora,MENOPHIL,1,-125,-25
28065,Ostia Antica,Italia,12.283333,41.75,Dressel 20,FCOL,0,,
40389,Brindisi,Italia,17.933333,40.633333,Brindisian amphora,LEONTISCVS,1,-125,-25
40896,Brindisi,Italia,17.933333,40.633333,Brindisian amphora,STR,1,-125,-25
36746,Padova,Italia,11.883333,45.416667,Dressel 6B,EVCHAR,1,-50,-1
40862,Brindisi,Italia,17.933333,40.633333,Brindisian amphora,SOTERICO,1,-125,-25
37306,Canale Giancola,Italia,17.85,40.683333,Brindisian amphora,EPIGENVS,1,-125,-25
32598,Oderzo,Italia,12.488056,45.78,Dressel 6A,LSALVI,1,-50,-1
38282,Brindisi,Italia,17.933333,40.633333,Brindisian amphora,VEHILI,1,-125,-25
38461,Brindisi,Italia,17.933333,40.633333,Brindisian amphora,APELAES,1,-125,-25
32626,Oderzo,Italia,12.488056,45.78,Dressel 6B,FELICIO,1,-50,-1
35124,Canale Giancola,Italia,17.85,40.683333,Brindisian amphora,DIOCLES,1,-125,-25
36769,Vicenza,Italia,11.55,45.55,Dressel 6A,LOGVLNI,1,-50,-1
35222,Canale Giancola,Italia,17.85,40.683333,Brindisian amphora,HERMAISCI,1,-125,-25
3008,Ostia Antica,Italia,12.283333,41.75,Dressel 20,LIVNIMELISSI,0,,
32269,Cremona,Italia,10.033333,45.116667,Lamboglia 2,E,1,-125,-25
34623,Canale Giancola,Italia,17.85,40.683333,Brindisian amphora,APOLLONID,1,-125,-25
38366,Brindisi,Italia,17.933333,40.633333,Brindisian amphora,VEHILI,1,-125,-25
29213,Ostia Antica,Italia,12.283333,41.75,Dressel 20,LEF,0,,
40343,Brindisi,Italia,17.933333,40.633333,Brindisian amphora,KEPDOS,1,-125,-25
25371,Cosa,Italia,12.896389,46.057778,Dressel 1B,A,1,-150,-1
35175,Canale Giancola,Italia,17.85,40.683333,Brindisian amphora,DIOCLEI,1,-125,-25
32319,Padova,Italia,11.883333,45.416667,Dressel 6A,LIVL,1,-50,-1
38167,Brindisi,Italia,17.933333,40.633333,Brindisian amphora,VEHILI,1,-125,-25
35994,Canale Giancola,Italia,17.85,40.683333,Brindisian amphora,CNPETROSOSTR,1,-125,-25
38127,Brindisi,Italia,17.933333,40.633333,Brindisian amphora,VEHILI,1,-125,-25
38458,Brindisi,Italia,17.933333,40.633333,Brindisian amphora,APELAES,1,-125,-25
32860,Padova,Italia,11.883333,45.416667,Dressel 6B,PQSCAPVLAE,1,-50,-1
37902,Brindisi,Italia,17.933333,40.633333,Brindisian amphora,LLVCI,1,-125,-25
38110,Brindisi,Italia,17.933333,40.633333,Brindisian amphora,VEHILI,1,-125,-25
25775,Ostia Antica,Italia,12.283333,41.75,Dressel 20,ASVLEIANESE,0,,
38041,Brindisi,Italia,17.933333,40.633333,Brindisian amphora,CVEHILI,1,-125,-25
38474,Brindisi,Italia,17.933333,40.633333,Brindisian amphora,APELAES,1,-125,-25
25295,Sardegna,Corsica et Sardinia,8.44,39.881944,Dressel 2-4 Catalan,PTE,1,-30,-1
35749,Canale Giancola,Italia,17.85,40.683333,Brindisian amphora,VISELLI,1,-125,-25
34605,Canale Giancola,Italia,17.85,40.683333,Brindisian amphora,APELLESAEH,1,-125,-25
10597,Este,Italia,11.65,45.233333,Dressel 6B,MINVCI,1,-50,-1
26203,Ostia Antica,Italia,12.283333,41.75,Africana 2D Grande,CLEPARAP,0,,
32641,Oderzo,Italia,12.488056,45.78,Dressel 6B,CLB,1,-50,-1
25374,Cosa,Italia,12.896389,46.057778,Dressel 1,DIOCI,1,-150,-1
38293,Brindisi,Italia,17.933333,40.633333,Brindisian amphora,VEHILI,1,-125,-25
35123,Canale Giancola,Italia,17.85,40.683333,Brindisian amphora,DIOCLES,1,-125,-25
26249,Ostia Antica,Italia,12.283333,41.75,Africana 1B pic.,TOPHBLC,0,,
35519,Canale Giancola,Italia,17.85,40.683333,Brindisian amphora,SCOPAS,1,-125,-25
34637,Canale Giancola,Italia,17.85,40.683333,Brindisian amphora,APOLLONID,1,-125,-25
34233,Provincia di Parma,Italia,10.083333,44.7,Amphora incerta,SIO,0,,
40612,Brindisi,Italia,17.933333,40.633333,Brindisian amphora,PERDICAS,1,-125,-25
37030,Parenzo (Porec),Italia,13.593889,45.225833,Amphora incerta,AELICRIS,0,,
35235,Canale Giancola,Italia,17.85,40.683333,Brindisian amphora,LIBO,1,-125,-25
9713,Milano,Italia,9.2,45.466667,Lamboglia 2,A,1,-125,-25
26377,Ljubljana (Emona),Italia,14.514444,46.055278,Dressel 6B,CLAEBAS,1,-50,-1
35323,Canale Giancola,Italia,17.85,40.683333,Brindisian amphora,LVKAON,1,-125,-25
35851,Canale Giancola,Italia,17.85,40.683333,Brindisian amphora,DAZIO,1,-125,-25
35788,Canale Giancola,Italia,17.85,40.683333,Brindisian amphora,VISELLI,1,-125,-25
37385,Canale Giancola,Italia,17.85,40.683333,Brindisian amphora,SCOPAS,1,-125,-25
32589,Oderzo,Italia,12.488056,45.78,Dressel 6A,CLARVSEBIDIE,1,-50,-1
26285,Isola Sacra,Italia,12.25,41.75,Africana 1 Piccolo,CAECEL,0,,
26273,Ostia Antica,Italia,12.283333,41.75,Africana,TEPLOP,0,,
35855,Canale Giancola,Italia,17.85,40.683333,Brindisian amphora,DAZIO,1,-125,-25
39972,Ostia Antica,Italia,12.283333,41.75,Dressel 20,PHILEROTI,0,,
32876,Padova,Italia,11.883333,45.416667,Dressel 6A,THB,1,-50,-1
19489,Imperia,Italia,8.05,43.883333,Dressel 2-4 Catalan,RAGIRACIBAGI,1,-30,-1
40276,Brindisi,Italia,17.933333,40.633333,Brindisian amphora,HPAIOC,1,-125,-25
35515,Canale Giancola,Italia,17.85,40.683333,Brindisian amphora,SCOPAS,1,-125,-25
38318,Brindisi,Italia,17.933333,40.633333,Brindisian amphora,VEHILI,1,-125,-25
5180,Ostia Antica,Italia,12.283333,41.75,Amphora incerta,TER,0,,
9781,Pavia,Italia,9.166667,45.166667,Lamboglia 2,LTAR,1,-125,-25
40742,Brindisi,Italia,17.933333,40.633333,Brindisian amphora,PTOLEMAE,1,-125,-25
18585,Îles Lavezzi,Corsica et Sardinia,9.254185,41.341096,Dressel 2-4 Catalan,ANDO,1,-30,-1
39526,Savoy,Italia,6.5,45.4,Dressel 20,LIVNIMELISSI,0,,
28426,Ostia Antica,Italia,12.283333,41.75,Dressel 20,SIT,0,,
29410,Ostia Antica,Italia,12.283333,41.75,Dressel 20,GRA,0,,
40802,Brindisi,Italia,17.933333,40.633333,Brindisian amphora,PVLADEI,1,-125,-25
27029,Ostia Antica,Italia,12.283333,41.75,Dressel 20,IPIR,0,,
7218,Ostia Antica,Italia,12.283333,41.75,Dressel 20,APN,0,,
25075,Aquileia,Italia,13.368333,45.770278,Dressel 1B,MTIR,1,-150,-1
35668,Canale Giancola,Italia,17.85,40.683333,Brindisian amphora,VISELLI,1,-125,-25
34636,Canale Giancola,Italia,17.85,40.683333,Brindisian amphora,APOLLONID,1,-125,-25
29221,Ostia Antica,Italia,12.283333,41.75,Dressel 20,PMOCVFIGEDO,0,,
25808,Ljubljana (Emona),Italia,14.514444,46.055278,Dressel 6B,APICI,1,-50,-1
9576,Padova,Italia,11.883333,45.416667,Lamboglia 2,AP,1,-125,-25
25811,Ljubljana (Emona),Italia,14.514444,46.055278,Dressel 6B,VIAT,1,-50,-1
33061,Pegognaga,Italia,10.85,45.0,Operculum,HVLEIM,0,,
37772,Brindisi,Italia,17.933333,40.633333,Brindisian amphora,LANINI,1,-125,-25
4844,Brindisi,Italia,17.933333,40.633333,Brindisian amphora,CERDO,1,-125,-25
38079,Brindisi,Italia,17.933333,40.633333,Brindisian amphora,VEHIL,1,-125,-25
7229,Ostia Antica,Italia,12.283333,41.75,Africana 1 Piccolo,MVI,0,,
34290,Modena,Italia,10.9,44.5,Amphora incerta,LVFICIRN,0,,
33741,Sermide,Italia,11.366667,45.0,Dressel 6B,EOPTA,1,-50,-1
26520,Ostia Antica,Italia,12.283333,41.75,Dressel 20,FCVCV,0,,
35549,Canale Giancola,Italia,17.85,40.683333,Brindisian amphora,SCOPAS,1,-125,-25
32796,Padova,Italia,11.883333,45.416667,Dressel 6A,THB,1,-50,-1
35165,Canale Giancola,Italia,17.85,40.683333,Brindisian amphora,DIOCLEI,1,-125,-25
34724,Canale Giancola,Italia,17.85,40.683333,Brindisian amphora,APOLONIDA,1,-125,-25
35833,Canale Giancola,Italia,17.85,40.683333,Brindisian amphora,CERDO,1,-125,-25
37286,Canale Giancola,Italia,17.85,40.683333,Brindisian amphora,DEMETRI,1,-125,-25
34272,Villanova,Italia,11.983333,44.25,Amphora incerta,SAFPIC,0,,
5153,Ostia Antica,Italia,12.283333,41.75,Amphora incerta,CQFHIH,0,,
37904,Brindisi,Italia,17.933333,40.633333,Brindisian amphora,LLVCI,1,-125,-25
40171,Brindisi,Italia,17.933333,40.633333,Brindisian amphora,DEMETRI,1,-125,-25
34246,Bologna,Italia,11.333333,44.483333,Amphora incerta,TMANLATTAL,0,,
9285,Este,Italia,11.65,45.233333,Dressel 6B,FELIX,1,-50,-1
36191,Ancona,Italia,13.5,43.633333,Lamboglia 2,ROD,1,-125,-25
35521,Canale Giancola,Italia,17.85,40.683333,Brindisian amphora,SCOPAS,1,-125,-25
35752,Canale Giancola,Italia,17.85,40.683333,Brindisian amphora,VISELLI,1,-125,-25
9731,Milano,Italia,9.2,45.466667,Lamboglia 2,ATTALVS,1,-125,-25
35834,Canale Giancola,Italia,17.85,40.683333,Brindisian amphora,CERDO,1,-125,-25
40123,Brindisi,Italia,17.933333,40.633333,Brindisian amphora,DAMA,1,-125,-25
40517,Brindisi,Italia,17.933333,40.633333,Brindisian amphora,MENOPILVS,1,-125,-25
34180,Provicia di Forli,Italia,12.033333,44.083333,Amphora incerta,MATIVL,0,,
4767,Brindisi,Italia,17.933333,40.633333,Brindisian amphora,GORGIA,1,-125,-25
34252,Provincia di Parma,Italia,10.083333,44.7,Amphora incerta,QPETOOSATVRN,0,,
40329,Brindisi,Italia,17.933333,40.633333,Brindisian amphora,HERAI,1,-125,-25
35899,Canale Giancola,Italia,17.85,40.683333,Brindisian amphora,FABAPRA,1,-125,-25
10556,Altino,Italia,12.393333,45.544444,Dressel 6A,PAPIRICRISPI,1,-50,-1
35925,Canale Giancola,Italia,17.85,40.683333,Brindisian amphora,LMARCISATVR,1,-125,-25
32639,Oderzo,Italia,12.488056,45.78,Dressel 6B,CLB,1,-50,-1
36164,Ancona,Italia,13.5,43.633333,Lamboglia 2,BARNA,1,-125,-25
32310,Padova,Italia,11.883333,45.416667,Dressel 6B,FELICIO,1,-50,-1
34910,Canale Giancola,Italia,17.85,40.683333,Brindisian amphora,ARCHELA,1,-125,-25
41035,Brindisi,Italia,17.933333,40.633333,Brindisian amphora,ANINIANA,1,-125,-25
36916,Pompeya,Italia,14.483333,40.75,Pascual 1,MPORC,1,-50,-1
36007,Pula,Corsica et Sardinia,9.001667,39.01,Dressel 20,MIR,0,,
40590,Brindisi,Italia,17.933333,40.633333,Brindisian amphora,NOYMHNH,1,-125,-25
36994,Brindisi,Italia,17.933333,40.633333,Amphora incerta,AACCIVCVFO,0,,
9774,Calvatone,Italia,10.433333,45.116667,Lamboglia 2,LHILPLAET,1,-125,-25
35360,Canale Giancola,Italia,17.85,40.683333,Brindisian amphora,LVKAON,1,-125,-25
37609,Canale Giancola,Italia,17.85,40.683333,Brindisian amphora,LUKAON,1,-125,-25
40320,Brindisi,Italia,17.933333,40.633333,Brindisian amphora,GORGIA,1,-125,-25
34771,Canale Giancola,Italia,17.85,40.683333,Brindisian amphora,APOLLONIDES,1,-125,-25
29305,Ostia Antica,Italia,12.283333,41.75,Dressel 20,LCFSCVFM,0,,
37716,Brindisi,Italia,17.933333,40.633333,Brindisian amphora,CANINI,1,-125,-25
4974,Ostia Antica,Italia,12.283333,41.75,Africana,ANLEP,0,,
32783,Padova,Italia,11.883333,45.416667,Dressel 6B,LA,1,-50,-1
25825,Ostia Antica,Italia,12.283333,41.75,Dressel 20,BARBA,0,,
38040,Brindisi,Italia,17.933333,40.633333,Brindisian amphora,CVEHILI,1,-125,-25
18577,Îles Lavezzi,Corsica et Sardinia,9.254185,41.341096,Dressel 2-4 Catalan,ALEX,1,-30,-1
35919,Canale Giancola,Italia,17.85,40.683333,Brindisian amphora,LMARCISATVR,1,-125,-25
29392,Ostia Antica,Italia,12.283333,41.75,Dressel 20,MHAS,0,,
8602,Pisa,Italia,10.383333,43.716667,Dressel 6A,CORHER,1,-50,-1
29644,Ostia Antica,Italia,12.283333,41.75,Dressel 20,NICXIII,0,,
33082,Erice,Sicilia,12.583333,38.033333,Greco-Itálica,MBAI,1,-400,-100
39304,Brindisi,Italia,17.933333,40.633333,Brindisian amphora,APOLLONIMA,1,-125,-25
35841,Canale Giancola,Italia,17.85,40.683333,Brindisian amphora,CERDO,1,-125,-25
10497,Altino,Italia,12.393333,45.544444,Amphora incerta,MALVSF,0,,
34912,Canale Giancola,Italia,17.85,40.683333,Brindisian amphora,ARCHELA,1,-125,-25
33870,Albinia,Italia,11.25,42.5,Dressel 1C,DAS,1,-150,-1
33843,Albinia,Italia,11.25,42.5,Dressel 1C,ARS,1,-150,-1
29501,Ostia Antica,Italia,12.283333,41.75,Dressel 20,SAXOFERREO,0,,
9693,Padova,Italia,11.883333,45.416667,Amphora incerta,LAS,0,,
33010,Padova,Italia,11.883333,45.416667,Dressel 6A,THB,1,-50,-1
9730,Milano,Italia,9.2,45.466667,Lamboglia 2,ARCHELA,1,-125,-25
37896,Brindisi,Italia,17.933333,40.633333,Brindisian amphora,LFANNI,1,-125,-25
39247,Brindisi,Italia,17.933333,40.633333,Brindisian amphora,APOLONI,1,-125,-25
37553,Canale Giancola,Italia,17.85,40.683333,Brindisian amphora,VISELLI,1,-125,-25
40016,Brindisi,Italia,17.933333,40.633333,Brindisian amphora,BAHANO,1,-125,-25
33066,Lilibeo,Sicilia,12.416667,37.8,Greco-Itálica,QAN,1,-400,-100
34267,Reggio Emilia,Italia,10.616667,44.616667,Amphora incerta,PQSCAPVLAE,0,,
34499,Canale Giancola,Italia,17.85,40.683333,Brindisian amphora,AENEAS,1,-125,-25
35053,Canale Giancola,Italia,17.85,40.683333,Brindisian amphora,DEMETRI,1,-125,-25
35082,Canale Giancola,Italia,17.85,40.683333,Brindisian amphora,DIOCLES,1,-125,-25
40007,Brindisi,Italia,17.933333,40.633333,Brindisian amphora,BAHANO,1,-125,-25
40199,Brindisi,Italia,17.933333,40.633333,Brindisian amphora,DIODOT,1,-125,-25
33101,Erice,Sicilia,12.583333,38.033333,Greco-Itálica,TRLOISIO,1,-400,-100
37570,Canale Giancola,Italia,17.85,40.683333,Brindisian amphora,VISELLI,1,-125,-25
25289,Sardegna,Corsica et Sardinia,8.44,39.881944,Lamboglia 2,MLOLLIQF,1,-125,-25
40597,Brindisi,Italia,17.933333,40.633333,Brindisian amphora,ORESTELENTVLO,1,-125,-25
40535,Brindisi,Italia,17.933333,40.633333,Brindisian amphora,MENOPILVS,1,-125,-25
35489,Canale Giancola,Italia,17.85,40.683333,Brindisian amphora,SCOPAS,1,-125,-25
35658,Canale Giancola,Italia,17.85,40.683333,Brindisian amphora,VISELLI,1,-125,-25
4836,Brindisi,Italia,17.933333,40.633333,Dressel 2-4,LMARCISATVR,1,-30,-1
35311,Canale Giancola,Italia,17.85,40.683333,Brindisian amphora,LVKAON,1,-125,-25
35678,Canale Giancola,Italia,17.85,40.683333,Brindisian amphora,VISELLI,1,-125,-25
33119,Erice,Sicilia,12.583333,38.033333,Greco-Itálica,LVESCEI,1,-400,-100
32600,Oderzo,Italia,12.488056,45.78,Dressel 6,CIVLIMARCELLI,0,,
40382,Brindisi,Italia,17.933333,40.633333,Brindisian amphora,LEONTISCVS,1,-125,-25
28338,Ostia Antica,Italia,12.283333,41.75,Dressel 20,CLM,0,,
39209,Brindisi,Italia,17.933333,40.633333,Brindisian amphora,APOLONI,1,-125,-25
35890,Canale Giancola,Italia,17.85,40.683333,Brindisian amphora,PAMPVDICOM,1,-125,-25
33882,Albinia,Italia,11.25,42.5,Dressel 1C,DAS,1,-150,-1
34688,Canale Giancola,Italia,17.85,40.683333,Brindisian amphora,APOLONIDA,1,-125,-25
34175,Modena,Italia,10.9,44.5,Amphora incerta,APICI,0,,
38346,Brindisi,Italia,17.933333,40.633333,Brindisian amphora,VEHILI,1,-125,-25
36771,Vicenza,Italia,11.55,45.55,Dressel 6A,VALRSQFF,1,-50,-1
37355,Canale Giancola,Italia,17.85,40.683333,Brindisian amphora,PTOLEMAEI,1,-125,-25
25312,Sardegna,Corsica et Sardinia,8.44,39.881944,Amphora incerta,SI,0,,
4668,Este,Italia,11.65,45.233333,Lamboglia 2,ARI,1,-125,-25
36167,Ancona,Italia,13.5,43.633333,Lamboglia 2,EPIC,1,-125,-25
35500,Canale Giancola,Italia,17.85,40.683333,Brindisian amphora,SCOPAS,1,-125,-25
32324,Padova,Italia,11.883333,45.416667,Dressel 2-4,OTMN,1,-30,-1
37569,Canale Giancola,Italia,17.85,40.683333,Brindisian amphora,VISELLI,1,-125,-25
5190,Ostia Antica,Italia,12.283333,41.75,Amphora incerta,VAS,0,,
33967,Lodi Vecchio,Italia,9.4,45.3,Dressel 6B,COM,1,-50,-1
37545,Canale Giancola,Italia,17.85,40.683333,Brindisian amphora,VISELLI,1,-125,-25
37486,Canale Giancola,Italia,17.85,40.683333,Brindisian amphora,VISELLI,1,-125,-25
35654,Canale Giancola,Italia,17.85,40.683333,Brindisian amphora,VISELLI,1,-125,-25
40435,Salapia,Italia,16.0,41.4,Brindisian amphora,MENACS,1,-125,-25
35112,Canale Giancola,Italia,17.85,40.683333,Brindisian amphora,DIOCLES,1,-125,-25
37856,Brindisi,Italia,17.933333,40.633333,Brindisian amphora,PCLAVDIVSNQ,1,-125,-25
38218,Brindisi,Italia,17.933333,40.633333,Brindisian amphora,VEHILI,1,-125,-25
34108,Fermo,Italia,13.716667,43.15,Dressel 6A,CIVLPOLY,1,-50,-1
38316,Brindisi,Italia,17.933333,40.633333,Brindisian amphora,VEHILI,1,-125,-25
39252,Brindisi,Italia,17.933333,40.633333,Brindisian amphora,APOLONI,1,-125,-25
33705,Finale Emilia,Italia,11.283333,44.833333,Dressel 6B,VNPAI,1,-50,-1
34282,Piacenza,Italia,9.666667,45.016667,Amphora incerta,SISENNAE,0,,
37707,Brindisi,Italia,17.933333,40.633333,Brindisian amphora,CANINI,1,-125,-25
33263,Martigny,Italia,7.076771,46.104593,Dressel 20,QAEVER,0,,
35780,Canale Giancola,Italia,17.85,40.683333,Brindisian amphora,VISELLI,1,-125,-25
26400,Ljubljana (Emona),Italia,14.514444,46.055278,Dressel 6B,VARIPACCI,1,-50,-1
34532,Canale Giancola,Italia,17.85,40.683333,Brindisian amphora,ANDRONICI,1,-125,-25
40599,Brindisi,Italia,17.933333,40.633333,Brindisian amphora,ORESTELENTVLO,1,-125,-25
33771,Verona,Italia,11.0,45.45,Amphora incerta,LICINVSGAV,0,,
20296,Ostia Antica,Italia,12.283333,41.75,Dressel 20,LIVNIMELISSI,0,,
32640,Oderzo,Italia,12.488056,45.78,Dressel 6B,COLTO,1,-50,-1
35881,Canale Giancola,Italia,17.85,40.683333,Brindisian amphora,PROTAGATHVS,1,-125,-25
40971,Brindisi,Italia,17.933333,40.633333,Brindisian amphora,ANINIANA,1,-125,-25
28155,Ostia Antica,Italia,12.283333,41.75,Dressel 20,PERSEI,0,,
4782,Brindisi,Italia,17.933333,40.633333,Brindisian amphora,ANINIANA,1,-125,-25
34568,Canale Giancola,Italia,17.85,40.683333,Brindisian amphora,APELLAE,1,-125,-25
19479,Imperia,Italia,8.05,43.883333,Dressel 2-4 Catalan,ASCL,1,-30,-1
26602,Lugano,Italia,8.951142,46.006182,Amphora incerta,SEXDOMITI,0,,
35201,Canale Giancola,Italia,17.85,40.683333,Brindisian amphora,HERMAISCI,1,-125,-25
40886,Brindisi,Italia,17.933333,40.633333,Brindisian amphora,STR,1,-125,-25
34284,Bologna,Italia,11.333333,44.483333,Amphora incerta,PSVTORI,0,,
9816,Milano,Italia,9.2,45.466667,Lamboglia 2,SATNRASATNAR,1,-125,-25
38485,Brindisi,Italia,17.933333,40.633333,Brindisian amphora,APELAES,1,-125,-25
35856,Canale Giancola,Italia,17.85,40.683333,Brindisian amphora,DAZIO,1,-125,-25
32645,Oderzo,Italia,12.488056,45.78,Dressel 6B,CLAEKBASSI,1,-50,-1
38296,Brindisi,Italia,17.933333,40.633333,Brindisian amphora,VEHILI,1,-125,-25
37927,Altino,Italia,12.393333,45.544444,Brindisian amphora,LLVCI,1,-125,-25
33126,Erice,Sicilia,12.583333,38.033333,Dressel 1,APR,1,-150,-1
34567,Canale Giancola,Italia,17.85,40.683333,Brindisian amphora,APELLAE,1,-125,-25
38391,Brindisi,Italia,17.933333,40.633333,Brindisian amphora,ANTIOCOS,1,-125,-25
40607,Brindisi,Italia,17.933333,40.633333,Brindisian amphora,PERDICAS,1,-125,-25
37481,Canale Giancola,Italia,17.85,40.683333,Brindisian amphora,VISELLI,1,-125,-25
40079,Brindisi,Italia,17.933333,40.633333,Brindisian amphora,BATON,1,-125,-25
32649,Oderzo,Italia,12.488056,45.78,Dressel 6B,FELIX,1,-50,-1
39238,Brindisi,Italia,17.933333,40.633333,Brindisian amphora,APOLONI,1,-125,-25
36848,Vicenza,Italia,11.55,45.55,Dressel 6B,IAT,1,-50,-1
35952,Canale Giancola,Italia,17.85,40.683333,Brindisian amphora,CNPETROSOSTR,1,-125,-25
33441,Modena,Italia,10.916667,44.666667,Lamboglia 2,ATHE,1,-125,-25
40800,Brindisi,Italia,17.933333,40.633333,Brindisian amphora,PVLADEI,1,-125,-25
38005,Brindisi,Italia,17.933333,40.633333,Brindisian amphora,PVEBAL,1,-125,-25
35085,Canale Giancola,Italia,17.85,40.683333,Brindisian amphora,DIOCLES,1,-125,-25
28186,Ostia Antica,Italia,12.283333,41.75,Dressel 20,FOLS,0,,
33780,Albinia,Italia,11.25,42.5,Greco-Itálica,AIA,1,-400,-100
38264,Brindisi,Italia,17.933333,40.633333,Brindisian amphora,VEHILI,1,-125,-25
28456,Sevegliano,Italia,13.306944,45.887778,Dressel 6B,APPVLCRI,1,-50,-1
37336,Canale Giancola,Italia,17.85,40.683333,Brindisian amphora,MANISA,1,-125,-25
40280,Brindisi,Italia,17.933333,40.633333,Brindisian amphora,HPAIOC,1,-125,-25
34502,Canale Giancola,Italia,17.85,40.683333,Brindisian amphora,AENEAS,1,-125,-25
25680,Ostia Antica,Italia,12.283333,41.75,Dressel 20,PTANB,0,,
38462,Brindisi,Italia,17.933333,40.633333,Brindisian amphora,APELAES,1,-125,-25
13833,Vercelli,Italia,8.416667,45.316667,Dressel 6B,CI,1,-50,-1
36738,Padova,Italia,11.883333,45.416667,Dressel 6B,CLAEB,1,-50,-1
4716,Canoneghe,Italia,11.916667,45.433333,Dressel 6A,ANEPTES,1,-50,-1
26375,Vrhnika,Italia,14.295556,45.966111,Dressel 6B,CAMI,1,-50,-1
40341,Brindisi,Italia,17.933333,40.633333,Brindisian amphora,KEPDOS,1,-125,-25
33138,Cattolica Eraclea,Sicilia,13.4,37.433333,Amphora incerta,CS,0,,
35943,Canale Giancola,Italia,17.85,40.683333,Brindisian amphora,CNPE,1,-125,-25
18557,Île Cavallo,Corsica et Sardinia,9.262903,41.368374,Dressel 2-4 Catalan,PTE,1,-30,-1
34774,Canale Giancola,Italia,17.85,40.683333,Brindisian amphora,APOLLONIDES,1,-125,-25
9780,Milano,Italia,9.2,45.466667,Lamboglia 2,LTAR,1,-125,-25
35763,Canale Giancola,Italia,17.85,40.683333,Brindisian amphora,VISELLIVISELL,1,-125,-25
37034,Parenzo (Porec),Italia,13.593889,45.225833,Amphora incerta,AELICRIS,0,,
35886,Canale Giancola,Italia,17.85,40.683333,Brindisian amphora,PAMPVDICOM,1,-125,-25
34874,Canale Giancola,Italia,17.85,40.683333,Brindisian amphora,ARCHELA,1,-125,-25
19485,Imperia,Italia,8.05,43.883333,Dressel 2-4 Catalan,PAT,1,-30,-1
35715,Canale Giancola,Italia,17.85,40.683333,Brindisian amphora,VISELLI,1,-125,-25
37512,Canale Giancola,Italia,17.85,40.683333,Brindisian amphora,VISELLI,1,-125,-25
32292,Padova,Italia,11.883333,45.416667,Dressel 6B,EVCHAR,1,-50,-1
32260,Cremona,Italia,10.033333,45.116667,Brindisian amphora,ASCO,1,-125,-25
11969,Oderzo,Italia,12.488056,45.78,Amphora incerta,ANTH,0,,
37898,Brindisi,Italia,17.933333,40.633333,Brindisian amphora,LFANNI,1,-125,-25
33037,Padova,Italia,11.883333,45.416667,Dressel 6B,IL,1,-50,-1
33770,Padova,Italia,11.816667,45.35,Amphora incerta,EXSPECTGAVI,0,,
26292,Monaco,Italia,7.4252,43.735208,Africana 2A Grande,CSII,0,,
32607,Oderzo,Italia,12.488056,45.78,Dressel 6B,CALCRISPINILLAE,1,-50,-1
37809,Brindisi,Italia,17.933333,40.633333,Brindisian amphora,APPVLEI,1,-125,-25
33684,La Torre,Italia,12.066667,44.016667,Lamboglia 2,APA,1,-125,-25
39267,Brindisi,Italia,17.933333,40.633333,Brindisian amphora,APOLLONI,1,-125,-25
37866,Brindisi,Italia,17.933333,40.633333,Brindisian amphora,MEXSONI,1,-125,-25
27034,Ordona,Italia,15.616667,41.316667,Lamboglia 2,DAC,1,-125,-25
35204,Canale Giancola,Italia,17.85,40.683333,Brindisian amphora,HERMAISCI,1,-125,-25
34923,Canale Giancola,Italia,17.85,40.683333,Brindisian amphora,ARCHELA,1,-125,-25
33081,Trapani,Sicilia,12.483333,38.016667,Greco-Itálica,CARISTO,1,-400,-100
35076,Canale Giancola,Italia,17.85,40.683333,Brindisian amphora,DIOCLES,1,-125,-25
9761,Cremona,Italia,10.033333,45.116667,Lamboglia 2,EPIC,1,-125,-25
35223,Canale Giancola,Italia,17.85,40.683333,Brindisian amphora,HERMAISCI,1,-125,-25
35513,Canale Giancola,Italia,17.85,40.683333,Brindisian amphora,SCOPAS,1,-125,-25
26213,Ostia Antica,Italia,12.283333,41.75,Africana 2D Grande,TOPMAR,0,,
32801,Padova,Italia,11.883333,45.416667,Dressel 6A,STATI,1,-50,-1
9635,Padova,Italia,11.883333,45.416667,Dressel 6B,CLAE,1,-50,-1
35716,Canale Giancola,Italia,17.85,40.683333,Brindisian amphora,VISELLI,1,-125,-25
40854,Brindisi,Italia,17.933333,40.633333,Brindisian amphora,SOTERICO,1,-125,-25
29318,Ostia Antica,Italia,12.283333,41.75,Dressel 20,MFDIA,0,,
37322,Canale Giancola,Italia,17.85,40.683333,Brindisian amphora,LIBO,1,-125,-25
8996,Ventimiglia,Italia,7.6,43.783333,Dressel 6A,FLAVI,1,-50,-1
32283,Cremona,Italia,10.033333,45.116667,Dressel 2-4,FAVORCLMODE,1,-30,-1
4752,Brindisi,Italia,17.933333,40.633333,Brindisian amphora,APOLONIDA,1,-125,-25
36731,Padova,Italia,11.883333,45.416667,Dressel 6B,LAE,1,-50,-1
38150,Brindisi,Italia,17.933333,40.633333,Brindisian amphora,VEHILI,1,-125,-25
34207,Modena,Italia,10.9,44.5,Alia,DIOCHARESH,0,,
35703,Canale Giancola,Italia,17.85,40.683333,Brindisian amphora,VISELLI,1,-125,-25
40593,Brindisi,Italia,17.933333,40.633333,Brindisian amphora,NVMENI,1,-125,-25
35196,Canale Giancola,Italia,17.85,40.683333,Brindisian amphora,HERMAISCI,1,-125,-25
40700,Brindisi,Italia,17.933333,40.633333,Brindisian amphora,PHILONICAPPVLEI,1,-125,-25
36846,Vicenza,Italia,11.55,45.55,Dressel 6B,LAEK,1,-50,-1
32757,Padova,Italia,11.883333,45.416667,Dressel 6B,ILEGIBLE,1,-50,-1
18613,Îles Lavezzi,Corsica et Sardinia,9.254185,41.341096,Dressel 2-4 Catalan,QVAD,1,-30,-1
36945,Trapani,Sicilia,12.483333,38.016667,Amphora incerta,MVCIIP,0,,
28077,Ostia Antica,Italia,12.283333,41.75,Dressel 20,LQR,0,,
32826,Padova,Italia,11.883333,45.416667,Dressel 6B,PSEPVLLISIGNUM,1,-50,-1
37304,Canale Giancola,Italia,17.85,40.683333,Brindisian amphora,EPIGENVS,1,-125,-25
40243,Brindisi,Italia,17.933333,40.633333,Brindisian amphora,EIKADIC,1,-125,-25
26284,Ostia Antica,Italia,12.283333,41.75,Africana 2,FELICASYLL,0,,
35536,Canale Giancola,Italia,17.85,40.683333,Brindisian amphora,SCOPAS,1,-125,-25
4659,Este,Italia,11.65,45.233333,Lamboglia 2,MINI,1,-125,-25
35067,Canale Giancola,Italia,17.85,40.683333,Brindisian amphora,DIOCLES,1,-125,-25
35215,Canale Giancola,Italia,17.85,40.683333,Brindisian amphora,HERMAISCI,1,-125,-25
32298,Padova,Italia,11.883333,45.416667,Dressel 6B,CLAEBAS,1,-50,-1
10532,Altino,Italia,12.393333,45.544444,Dressel 6A,NHERPICEN,1,-50,-1
18620,Îles Lavezzi,Corsica et Sardinia,9.254185,41.341096,Dressel 2-4 Catalan,VIC,1,-30,-1
34883,Canale Giancola,Italia,17.85,40.683333,Brindisian amphora,ARCHELA,1,-125,-25
33722,Cazzano,Italia,11.5,44.583333,Dressel 2-4,TEBD,1,-30,-1
38388,Brindisi,Italia,17.933333,40.633333,Brindisian amphora,ALE,1,-125,-25
10538,Altino,Italia,12.393333,45.544444,Lamboglia 2,SASSI,1,-125,-25
10578,Altino,Italia,12.393333,45.544444,Dressel 6A,LARIEBID,1,-50,-1
25383,Cosa,Italia,12.896389,46.057778,Dressel 1A,SES,1,-150,-1
35356,Canale Giancola,Italia,17.85,40.683333,Brindisian amphora,LVKAON,1,-125,-25
40149,Brindisi,Italia,17.933333,40.633333,Brindisian amphora,DAMAS,1,-125,-25
9760,Calvatone,Italia,10.433333,45.116667,Lamboglia 2,ELIC,1,-125,-25
32592,Oderzo,Italia,12.488056,45.78,Dressel 6A,MHERPRISC,1,-50,-1
35708,Canale Giancola,Italia,17.85,40.683333,Brindisian amphora,VISELLI,1,-125,-25
40716,Brindisi,Italia,17.933333,40.633333,Brindisian amphora,PTOLEMAE,1,-125,-25
38486,Brindisi,Italia,17.933333,40.633333,Brindisian amphora,APELAES,1,-125,-25
40915,Brindisi,Italia,17.933333,40.633333,Brindisian amphora,TARVLAESVLLAEL,1,-125,-25
38202,Brindisi,Italia,17.933333,40.633333,Brindisian amphora,VEHILI,1,-125,-25
38406,Brindisi,Italia,17.933333,40.633333,Brindisian amphora,APEICAE,1,-125,-25
33036,Padova,Italia,11.883333,45.416667,Dressel 6B,LAEKA,1,-50,-1
34635,Canale Giancola,Italia,17.85,40.683333,Brindisian amphora,APOLLONID,1,-125,-25
9603,Padova,Italia,11.883333,45.416667,Lamboglia 2,AB,1,-125,-25
26135,Canosa,Italia,16.066667,41.216667,Lamboglia 2,ILI,1,-125,-25
35981,Canale Giancola,Italia,17.85,40.683333,Brindisian amphora,CNPETROSOSTR,1,-125,-25
40424,Brindisi,Italia,17.933333,40.633333,Brindisian amphora,LVCRIOAPPVLEI,1,-125,-25
29614,Ostia Antica,Italia,12.283333,41.75,Dressel 20,VAL,0,,
34806,Canale Giancola,Italia,17.85,40.683333,Brindisian amphora,APOLLONIDES,1,-125,-25
35556,Canale Giancola,Italia,17.85,40.683333,Brindisian amphora,SCOPAS,1,-125,-25
37770,Brindisi,Italia,17.933333,40.633333,Brindisian amphora,LANINI,1,-125,-25
25372,Cosa,Italia,12.896389,46.057778,Dressel 1,ALEXANDRI,1,-150,-1
40906,Brindisi,Italia,17.933333,40.633333,Brindisian amphora,TARVLAESVLLAEL,1,-125,-25
27218,Ostia Antica,Italia,12.283333,41.75,Keay 16,QET,0,,
40649,Brindisi,Italia,17.933333,40.633333,Brindisian amphora,PILEMO,1,-125,-25
9714,Milano,Italia,9.2,45.466667,Lamboglia 2,ABI,1,-125,-25
34740,Canale Giancola,Italia,17.85,40.683333,Brindisian amphora,APOLONIDA,1,-125,-25
34312,Modena,Italia,10.9,44.5,Amphora incerta,MLATTMLANTT,0,,
32328,Calvatone,Italia,10.433333,45.116667,Richborough 527,CCATD,0,,
37767,Brindisi,Italia,17.933333,40.633333,Brindisian amphora,LANINI,1,-125,-25
32307,Padova,Italia,11.883333,45.416667,Dressel 6B,PCLQVIR,1,-50,-1
35304,Canale Giancola,Italia,17.85,40.683333,Brindisian amphora,LVKAON,1,-125,-25
35980,Canale Giancola,Italia,17.85,40.683333,Brindisian amphora,CNPETROSOSTR,1,-125,-25
36773,Vicenza,Italia,11.55,45.55,Dressel 6A,SPERATV,1,-50,-1
26199,Ostia Antica,Italia,12.283333,41.75,Africana 1B pic.,CHADRMFFOR,0,,
29282,Ostia Antica,Italia,12.283333,41.75,Dressel 20,LFC,0,,
25339,Vercelli,Italia,8.416667,45.316667,Lamboglia 2,LICI,1,-125,-25
37583,Canale Giancola,Italia,17.85,40.683333,Brindisian amphora,DEMETRI,1,-125,-25
35802,Canale Giancola,Italia,17.85,40.683333,Brindisian amphora,VISELLI,1,-125,-25
33957,Albinia,Italia,11.25,42.5,Dressel 1C,S,1,-150,-1
40413,Brindisi,Italia,17.933333,40.633333,Brindisian amphora,LVCRIOAPPVLEI,1,-125,-25
35860,Canale Giancola,Italia,17.85,40.683333,Brindisian amphora,DAZIO,1,-125,-25
35455,Canale Giancola,Italia,17.85,40.683333,Brindisian amphora,SCOPAS,1,-125,-25
40925,Brindisi,Italia,17.933333,40.633333,Brindisian amphora,MCAIMCAIACIANA,1,-125,-25
4683,Modena,Italia,10.916667,44.666667,Dressel 6B,VARIPACC,1,-50,-1
38116,Brindisi,Italia,17.933333,40.633333,Brindisian amphora,VEHILI,1,-125,-25
34308,Firenze,Italia,11.333333,43.833333,Amphora incerta,HNO,0,,
18606,Îles Lavezzi,Corsica et Sardinia,9.254185,41.341096,Dressel 2-4 Catalan,VIC,1,-30,-1
8571,Orbetello,Italia,11.216667,42.45,Dressel 1B,NON,1,-150,-1
38285,Brindisi,Italia,17.933333,40.633333,Brindisian amphora,VEHILI,1,-125,-25
40165,Brindisi,Italia,17.933333,40.633333,Brindisian amphora,DASI,1,-125,-25
18569,Îles Lavezzi,Corsica et Sardinia,9.254185,41.341096,Dressel 2-4 Catalan,AD,1,-30,-1
35710,Canale Giancola,Italia,17.85,40.683333,Brindisian amphora,VISELLI,1,-125,-25
37722,Brindisi,Italia,17.933333,40.633333,Brindisian amphora,CANINI,1,-125,-25
36759,Vicenza,Italia,11.55,45.55,Dressel 6A,BAR,1,-50,-1
38358,Brindisi,Italia,17.933333,40.633333,Brindisian amphora,VEHILI,1,-125,-25
38412,Brindisi,Italia,17.933333,40.633333,Brindisian amphora,APELLES,1,-125,-25
