source_type,source_id,name,bin_start_year,bin_end_year,weight
maritime_shipwreck,154.0,Agropoli,-150,-125,0.04545454680919647
maritime_shipwreck,154.0,Agropoli,-125,-100,0.04545454680919647
maritime_shipwreck,154.0,Agropoli,-100,-75,0.04545454680919647
maritime_shipwreck,154.0,Agropoli,-75,-50,0.04545454680919647
maritime_shipwreck,154.0,Agropoli,-50,-25,0.04545454680919647
maritime_shipwreck,154.0,Agropoli,-25,0,0.04545454680919647
maritime_shipwreck,7462.0,Albenga,-100,-75,1.0
maritime_shipwreck,8644.0,Albenga II,-100,-75,0.2525252401828766
maritime_shipwreck,8644.0,Albenga II,-75,-50,0.2525252401828766
maritime_shipwreck,8644.0,Albenga II,-50,-25,0.2525252401828766
maritime_shipwreck,8644.0,Albenga II,-25,0,0.24242424964904785
maritime_shipwreck,7467.0,Alghero,-150,-125,0.04545454680919647
maritime_shipwreck,7467.0,Alghero,-125,-100,0.04545454680919647
maritime_shipwreck,7467.0,Alghero,-100,-75,0.04545454680919647
maritime_shipwreck,7467.0,Alghero,-75,-50,0.04545454680919647
maritime_shipwreck,7467.0,Alghero,-50,-25,0.04545454680919647
maritime_shipwreck,7467.0,Alghero,-25,0,0.04545454680919647
maritime_shipwreck,8877.0,Alghero 1,-25,0,0.1428571492433548
maritime_shipwreck,7473.0,Ancona,-150,-125,0.20000000298023224
maritime_shipwreck,7473.0,Ancona,-125,-100,0.20000000298023224
maritime_shipwreck,7473.0,Ancona,-100,-75,0.20000000298023224
maritime_shipwreck,7473.0,Ancona,-75,-50,0.20000000298023224
maritime_shipwreck,7473.0,Ancona,-50,-25,0.20000000298023224
maritime_shipwreck,8700.0,Ancona 1,-200,-175,0.1666666716337204
maritime_shipwreck,8700.0,Ancona 1,-175,-150,0.1666666716337204
maritime_shipwreck,8700.0,Ancona 1,-150,-125,0.1666666716337204
maritime_shipwreck,8700.0,Ancona 1,-125,-100,0.1666666716337204
maritime_shipwreck,8700.0,Ancona 1,-100,-75,0.1666666716337204
maritime_shipwreck,8700.0,Ancona 1,-75,-50,0.1666666716337204
maritime_shipwreck,8701.0,Ancona 2,-200,-175,1.0
maritime_shipwreck,8702.0,Ancona 3,-300,-275,0.125
maritime_shipwreck,8702.0,Ancona 3,-275,-250,0.125
maritime_shipwreck,8702.0,Ancona 3,-250,-225,0.125
maritime_shipwreck,8702.0,Ancona 3,-225,-200,0.125
maritime_shipwreck,8702.0,Ancona 3,-200,-175,0.125
maritime_shipwreck,8702.0,Ancona 3,-175,-150,0.125
maritime_shipwreck,8702.0,Ancona 3,-150,-125,0.125
maritime_shipwreck,8702.0,Ancona 3,-125,-100,0.125
maritime_shipwreck,206.0,Barbarossa,-250,-225,0.25
maritime_shipwreck,206.0,Barbarossa,-225,-200,0.25
maritime_shipwreck,206.0,Barbarossa,-200,-175,0.25
maritime_shipwreck,206.0,Barbarossa,-175,-150,0.25
maritime_shipwreck,8689.0,Bocca Grande,-100,-75,0.125
maritime_shipwreck,8689.0,Bocca Grande,-75,-50,0.125
maritime_shipwreck,8689.0,Bocca Grande,-50,-25,0.125
maritime_shipwreck,8689.0,Bocca Grande,-25,0,0.125
maritime_shipwreck,8983.0,Cala del Diavolo,-125,-100,0.1818181872367859
maritime_shipwreck,8983.0,Cala del Diavolo,-100,-75,0.22727273404598236
maritime_shipwreck,8983.0,Cala del Diavolo,-75,-50,0.22727273404598236
maritime_shipwreck,8983.0,Cala del Diavolo,-50,-25,0.22727273404598236
maritime_shipwreck,8983.0,Cala del Diavolo,-25,0,0.13636364042758942
maritime_shipwreck,8925.0,Cala Gadir II,-125,-100,0.5
maritime_shipwreck,8925.0,Cala Gadir II,-100,-75,0.5
maritime_shipwreck,8722.0,Cala Minnola,-100,-75,0.5
maritime_shipwreck,8722.0,Cala Minnola,-75,-50,0.5
maritime_shipwreck,8825.0,Cala Palombara,-100,-75,0.25
maritime_shipwreck,8825.0,Cala Palombara,-75,-50,0.25
maritime_shipwreck,8825.0,Cala Palombara,-50,-25,0.25
maritime_shipwreck,8825.0,Cala Palombara,-25,0,0.25
maritime_shipwreck,8953.0,Cala Su Pallosu,-200,-175,0.25
maritime_shipwreck,8953.0,Cala Su Pallosu,-175,-150,0.25
maritime_shipwreck,8953.0,Cala Su Pallosu,-150,-125,0.25
maritime_shipwreck,8953.0,Cala Su Pallosu,-125,-100,0.25
maritime_shipwreck,204.0,Camarina E,-300,-275,0.0357142873108387
maritime_shipwreck,204.0,Camarina E,-275,-250,0.0357142873108387
maritime_shipwreck,204.0,Camarina E,-250,-225,0.0357142873108387
maritime_shipwreck,204.0,Camarina E,-225,-200,0.0357142873108387
maritime_shipwreck,204.0,Camarina E,-200,-175,0.0357142873108387
maritime_shipwreck,204.0,Camarina E,-175,-150,0.0357142873108387
maritime_shipwreck,204.0,Camarina E,-150,-125,0.0357142873108387
maritime_shipwreck,204.0,Camarina E,-125,-100,0.0357142873108387
maritime_shipwreck,204.0,Camarina E,-100,-75,0.0357142873108387
maritime_shipwreck,204.0,Camarina E,-75,-50,0.0357142873108387
maritime_shipwreck,204.0,Camarina E,-50,-25,0.0357142873108387
maritime_shipwreck,204.0,Camarina E,-25,0,0.0357142873108387
maritime_shipwreck,8703.0,Caorle,-125,-100,0.5
maritime_shipwreck,8703.0,Caorle,-100,-75,0.5
maritime_shipwreck,186.0,Capo Cimiti,-150,-125,0.04545454680919647
maritime_shipwreck,186.0,Capo Cimiti,-125,-100,0.04545454680919647
maritime_shipwreck,186.0,Capo Cimiti,-100,-75,0.04545454680919647
maritime_shipwreck,186.0,Capo Cimiti,-75,-50,0.04545454680919647
maritime_shipwreck,186.0,Capo Cimiti,-50,-25,0.04545454680919647
maritime_shipwreck,186.0,Capo Cimiti,-25,0,0.04545454680919647
maritime_shipwreck,8813.0,Capo d'Armi,-50,-25,0.1071428582072258
maritime_shipwreck,8813.0,Capo d'Armi,-25,0,0.1785714328289032
maritime_shipwreck,7649.0,Capo di Torre Cavallo,-150,-125,0.25
maritime_shipwreck,7649.0,Capo di Torre Cavallo,-125,-100,0.25
maritime_shipwreck,7649.0,Capo di Torre Cavallo,-100,-75,0.25
maritime_shipwreck,7649.0,Capo di Torre Cavallo,-75,-50,0.25
maritime_shipwreck,8717.0,Capo Feto,-500,-475,0.125
maritime_shipwreck,8717.0,Capo Feto,-475,-450,0.125
maritime_shipwreck,8717.0,Capo Feto,-450,-425,0.125
maritime_shipwreck,8717.0,Capo Feto,-425,-400,0.125
maritime_shipwreck,8717.0,Capo Feto,-400,-375,0.125
maritime_shipwreck,8717.0,Capo Feto,-375,-350,0.125
maritime_shipwreck,8717.0,Capo Feto,-350,-325,0.125
maritime_shipwreck,8717.0,Capo Feto,-325,-300,0.125
maritime_shipwreck,8811.0,Capo Palinuro - Punta della Quaglia,-150,-125,0.04545454680919647
maritime_shipwreck,8811.0,Capo Palinuro - Punta della Quaglia,-125,-100,0.04545454680919647
maritime_shipwreck,8811.0,Capo Palinuro - Punta della Quaglia,-100,-75,0.04545454680919647
maritime_shipwreck,8811.0,Capo Palinuro - Punta della Quaglia,-75,-50,0.04545454680919647
maritime_shipwreck,8811.0,Capo Palinuro - Punta della Quaglia,-50,-25,0.04545454680919647
maritime_shipwreck,8811.0,Capo Palinuro - Punta della Quaglia,-25,0,0.04545454680919647
maritime_shipwreck,7684.0,Capraia A,-100,-75,0.125
maritime_shipwreck,7684.0,Capraia A,-75,-50,0.125
maritime_shipwreck,7684.0,Capraia A,-50,-25,0.125
maritime_shipwreck,7684.0,Capraia A,-25,0,0.125
maritime_shipwreck,7685.0,Capraia B,-150,-125,0.04545454680919647
maritime_shipwreck,7685.0,Capraia B,-125,-100,0.04545454680919647
maritime_shipwreck,7685.0,Capraia B,-100,-75,0.04545454680919647
maritime_shipwreck,7685.0,Capraia B,-75,-50,0.04545454680919647
maritime_shipwreck,7685.0,Capraia B,-50,-25,0.04545454680919647
maritime_shipwreck,7685.0,Capraia B,-25,0,0.04545454680919647
maritime_shipwreck,8668.0,Capraia Etruscan 2004,-600,-575,0.0833333358168602
maritime_shipwreck,8668.0,Capraia Etruscan 2004,-575,-550,0.0833333358168602
maritime_shipwreck,8668.0,Capraia Etruscan 2004,-550,-525,0.0833333358168602
maritime_shipwreck,8668.0,Capraia Etruscan 2004,-525,-500,0.0833333358168602
maritime_shipwreck,8668.0,Capraia Etruscan 2004,-500,-475,0.0833333358168602
maritime_shipwreck,8668.0,Capraia Etruscan 2004,-475,-450,0.0833333358168602
maritime_shipwreck,8668.0,Capraia Etruscan 2004,-450,-425,0.0833333358168602
maritime_shipwreck,8668.0,Capraia Etruscan 2004,-425,-400,0.0833333358168602
maritime_shipwreck,8668.0,Capraia Etruscan 2004,-400,-375,0.0833333358168602
maritime_shipwreck,8668.0,Capraia Etruscan 2004,-375,-350,0.0833333358168602
maritime_shipwreck,8668.0,Capraia Etruscan 2004,-350,-325,0.0833333358168602
maritime_shipwreck,8668.0,Capraia Etruscan 2004,-325,-300,0.0833333358168602
maritime_shipwreck,8669.0,Capraia Roman 2004,-300,-275,0.0357142873108387
maritime_shipwreck,8669.0,Capraia Roman 2004,-275,-250,0.0357142873108387
maritime_shipwreck,8669.0,Capraia Roman 2004,-250,-225,0.0357142873108387
maritime_shipwreck,8669.0,Capraia Roman 2004,-225,-200,0.0357142873108387
maritime_shipwreck,8669.0,Capraia Roman 2004,-200,-175,0.0357142873108387
maritime_shipwreck,8669.0,Capraia Roman 2004,-175,-150,0.0357142873108387
maritime_shipwreck,8669.0,Capraia Roman 2004,-150,-125,0.0357142873108387
maritime_shipwreck,8669.0,Capraia Roman 2004,-125,-100,0.0357142873108387
maritime_shipwreck,8669.0,Capraia Roman 2004,-100,-75,0.0357142873108387
maritime_shipwreck,8669.0,Capraia Roman 2004,-75,-50,0.0357142873108387
maritime_shipwreck,8669.0,Capraia Roman 2004,-50,-25,0.0357142873108387
maritime_shipwreck,8669.0,Capraia Roman 2004,-25,0,0.0357142873108387
maritime_shipwreck,8878.0,Caprara,-100,-75,0.1666666716337204
maritime_shipwreck,8878.0,Caprara,-75,-50,0.1666666716337204
maritime_shipwreck,8878.0,Caprara,-50,-25,0.1666666716337204
maritime_shipwreck,8878.0,Caprara,-25,0,0.1666666716337204
maritime_shipwreck,8882.0,Gallipoli 3,-150,-125,0.04545454680919647
maritime_shipwreck,8882.0,Gallipoli 3,-125,-100,0.04545454680919647
maritime_shipwreck,8882.0,Gallipoli 3,-100,-75,0.04545454680919647
maritime_shipwreck,8882.0,Gallipoli 3,-75,-50,0.04545454680919647
maritime_shipwreck,8882.0,Gallipoli 3,-50,-25,0.04545454680919647
maritime_shipwreck,8882.0,Gallipoli 3,-25,0,0.04545454680919647
maritime_shipwreck,8695.0,Gallipoli 2,-300,-275,0.25
maritime_shipwreck,8695.0,Gallipoli 2,-275,-250,0.25
maritime_shipwreck,8695.0,Gallipoli 2,-250,-225,0.25
maritime_shipwreck,8695.0,Gallipoli 2,-225,-200,0.25
maritime_shipwreck,7857.0,Gela A,-525,-500,0.5
maritime_shipwreck,7857.0,Gela A,-500,-475,0.5
maritime_shipwreck,8873.0,Gela B,-475,-450,0.5
maritime_shipwreck,8873.0,Gela B,-450,-425,0.5
maritime_shipwreck,7867.0,Giglio Campese A,-600,-575,1.0
maritime_shipwreck,8885.0,Grado (2000),-300,-275,0.25
maritime_shipwreck,8885.0,Grado (2000),-275,-250,0.25
maritime_shipwreck,8885.0,Grado (2000),-250,-225,0.25
maritime_shipwreck,8885.0,Grado (2000),-225,-200,0.25
maritime_shipwreck,8693.0,Ischia,-300,-275,0.0416666679084301
maritime_shipwreck,8693.0,Ischia,-275,-250,0.0416666679084301
maritime_shipwreck,8693.0,Ischia,-250,-225,0.0416666679084301
maritime_shipwreck,8693.0,Ischia,-225,-200,0.0416666679084301
maritime_shipwreck,8693.0,Ischia,-200,-175,0.0416666679084301
maritime_shipwreck,8693.0,Ischia,-175,-150,0.0416666679084301
maritime_shipwreck,8693.0,Ischia,-150,-125,0.0416666679084301
maritime_shipwreck,8693.0,Ischia,-125,-100,0.0416666679084301
maritime_shipwreck,8693.0,Ischia,-100,-75,0.0416666679084301
maritime_shipwreck,8693.0,Ischia,-75,-50,0.0416666679084301
maritime_shipwreck,8693.0,Ischia,-50,-25,0.0416666679084301
maritime_shipwreck,8693.0,Ischia,-25,0,0.0416666679084301
maritime_shipwreck,9060.0,Isola della Gallinara (Savona),-100,-75,0.2525252401828766
maritime_shipwreck,9060.0,Isola della Gallinara (Savona),-75,-50,0.2525252401828766
maritime_shipwreck,9060.0,Isola della Gallinara (Savona),-50,-25,0.2525252401828766
maritime_shipwreck,9060.0,Isola della Gallinara (Savona),-25,0,0.24242424964904785
maritime_shipwreck,9032.0,Isola Rossa 2,-50,-25,0.021739130839705467
maritime_shipwreck,9032.0,Isola Rossa 2,-25,0,0.10869564861059189
maritime_shipwreck,8829.0,Isole Pedagne Grandi,-25,0,0.5
maritime_shipwreck,8022.0,La Madonnina,-325,-300,1.0
maritime_shipwreck,156.0,Lampedusa B,-125,-100,0.5
maritime_shipwreck,156.0,Lampedusa B,-100,-75,0.5
maritime_shipwreck,8919.0,Le Formiche di Capraia,-175,-150,0.5
maritime_shipwreck,8919.0,Le Formiche di Capraia,-150,-125,0.5
maritime_shipwreck,9.0,Le Grotticelle,-75,-50,0.5
maritime_shipwreck,9.0,Le Grotticelle,-50,-25,0.5
maritime_shipwreck,8809.0,Li Galli - Vetara,-100,-75,0.125
maritime_shipwreck,8809.0,Li Galli - Vetara,-75,-50,0.125
maritime_shipwreck,8809.0,Li Galli - Vetara,-50,-25,0.125
maritime_shipwreck,8809.0,Li Galli - Vetara,-25,0,0.125
maritime_shipwreck,8008.0,Lido di Sant'Anna,-150,-125,0.20000000298023224
maritime_shipwreck,8008.0,Lido di Sant'Anna,-125,-100,0.20000000298023224
maritime_shipwreck,8008.0,Lido di Sant'Anna,-100,-75,0.20000000298023224
maritime_shipwreck,8008.0,Lido di Sant'Anna,-75,-50,0.20000000298023224
maritime_shipwreck,8008.0,Lido di Sant'Anna,-50,-25,0.20000000298023224
maritime_shipwreck,8035.0,Mal di Ventre,-75,-50,0.5
maritime_shipwreck,8035.0,Mal di Ventre,-50,-25,0.5
maritime_shipwreck,8699.0,Margherita di Savoia,-500,-475,0.125
maritime_shipwreck,8699.0,Margherita di Savoia,-475,-450,0.125
maritime_shipwreck,8699.0,Margherita di Savoia,-450,-425,0.125
maritime_shipwreck,8699.0,Margherita di Savoia,-425,-400,0.125
maritime_shipwreck,8699.0,Margherita di Savoia,-400,-375,0.125
maritime_shipwreck,8699.0,Margherita di Savoia,-375,-350,0.125
maritime_shipwreck,8699.0,Margherita di Savoia,-350,-325,0.125
maritime_shipwreck,8699.0,Margherita di Savoia,-325,-300,0.125
maritime_shipwreck,8805.0,Marina Grande di Bacoli,-50,-25,0.1666666716337204
maritime_shipwreck,8805.0,Marina Grande di Bacoli,-25,0,0.1666666716337204
maritime_shipwreck,8058.0,Marsala (Punic Ship),-250,-225,0.3333333432674408
maritime_shipwreck,8058.0,Marsala (Punic Ship),-225,-200,0.3333333432674408
maritime_shipwreck,8058.0,Marsala (Punic Ship),-200,-175,0.3333333432674408
maritime_shipwreck,8865.0,Montalto di Castro,-200,-175,0.25
maritime_shipwreck,8865.0,Montalto di Castro,-175,-150,0.25
maritime_shipwreck,8865.0,Montalto di Castro,-150,-125,0.25
maritime_shipwreck,8865.0,Montalto di Castro,-125,-100,0.25
maritime_shipwreck,8826.0,Mucurune,-200,-175,0.1666666716337204
maritime_shipwreck,8826.0,Mucurune,-175,-150,0.1666666716337204
maritime_shipwreck,8826.0,Mucurune,-150,-125,0.1666666716337204
maritime_shipwreck,8826.0,Mucurune,-125,-100,0.1666666716337204
maritime_shipwreck,8826.0,Mucurune,-100,-75,0.1666666716337204
maritime_shipwreck,8826.0,Mucurune,-75,-50,0.1666666716337204
maritime_shipwreck,8822.0,Nardo,-200,-175,0.1666666716337204
maritime_shipwreck,8822.0,Nardo,-175,-150,0.1666666716337204
maritime_shipwreck,8822.0,Nardo,-150,-125,0.1666666716337204
maritime_shipwreck,8822.0,Nardo,-125,-100,0.1666666716337204
maritime_shipwreck,8822.0,Nardo,-100,-75,0.1666666716337204
maritime_shipwreck,8822.0,Nardo,-75,-50,0.1666666716337204
maritime_shipwreck,8924.0,Olbia (statue),-150,-125,0.04545454680919647
maritime_shipwreck,8924.0,Olbia (statue),-125,-100,0.04545454680919647
maritime_shipwreck,8924.0,Olbia (statue),-100,-75,0.04545454680919647
maritime_shipwreck,8924.0,Olbia (statue),-75,-50,0.04545454680919647
maritime_shipwreck,8924.0,Olbia (statue),-50,-25,0.04545454680919647
maritime_shipwreck,8924.0,Olbia (statue),-25,0,0.04545454680919647
maritime_shipwreck,8172.0,Palombina Vecchia,-100,-75,0.5
maritime_shipwreck,8172.0,Palombina Vecchia,-75,-50,0.5
maritime_shipwreck,8647.0,Pisa B,-25,0,0.4444444477558136
maritime_shipwreck,8648.0,Pisa C,-50,-25,0.5102040767669678
maritime_shipwreck,8648.0,Pisa C,-25,0,0.4897959232330322
maritime_shipwreck,8650.0,Pisa E,-50,-25,0.17241379618644714
maritime_shipwreck,8650.0,Pisa E,-25,0,0.8275862336158752
maritime_shipwreck,8653.0,Pisa G,-150,-125,0.04545454680919647
maritime_shipwreck,8653.0,Pisa G,-125,-100,0.04545454680919647
maritime_shipwreck,8653.0,Pisa G,-100,-75,0.04545454680919647
maritime_shipwreck,8653.0,Pisa G,-75,-50,0.04545454680919647
maritime_shipwreck,8653.0,Pisa G,-50,-25,0.04545454680919647
maritime_shipwreck,8653.0,Pisa G,-25,0,0.04545454680919647
maritime_shipwreck,8654.0,Pisa H,-150,-125,0.04545454680919647
maritime_shipwreck,8654.0,Pisa H,-125,-100,0.04545454680919647
maritime_shipwreck,8654.0,Pisa H,-100,-75,0.04545454680919647
maritime_shipwreck,8654.0,Pisa H,-75,-50,0.04545454680919647
maritime_shipwreck,8654.0,Pisa H,-50,-25,0.04545454680919647
maritime_shipwreck,8654.0,Pisa H,-25,0,0.04545454680919647
maritime_shipwreck,9034.0,Pisa Hellenistic ship,-200,-175,1.0
maritime_shipwreck,8652.0,Pisa P,-50,-25,0.0833333358168602
maritime_shipwreck,8652.0,Pisa P,-25,0,0.4166666567325592
maritime_shipwreck,8262.0,Porticello,-425,-400,1.0
maritime_shipwreck,208.0,Porto Ercole A,-150,-125,0.5
maritime_shipwreck,208.0,Porto Ercole A,-125,-100,0.5
maritime_shipwreck,8872.0,Porto Palo di Capo Passero,-400,-375,0.125
maritime_shipwreck,8872.0,Porto Palo di Capo Passero,-375,-350,0.125
maritime_shipwreck,8872.0,Porto Palo di Capo Passero,-350,-325,0.125
maritime_shipwreck,8872.0,Porto Palo di Capo Passero,-325,-300,0.125
maritime_shipwreck,8872.0,Porto Palo di Capo Passero,-300,-275,0.125
maritime_shipwreck,8872.0,Porto Palo di Capo Passero,-275,-250,0.125
maritime_shipwreck,8872.0,Porto Palo di Capo Passero,-250,-225,0.125
maritime_shipwreck,8872.0,Porto Palo di Capo Passero,-225,-200,0.125
maritime_shipwreck,8718.0,Porto Palo di Menfi,-200,-175,0.25
maritime_shipwreck,8718.0,Porto Palo di Menfi,-175,-150,0.25
maritime_shipwreck,8718.0,Porto Palo di Menfi,-150,-125,0.25
maritime_shipwreck,8718.0,Porto Palo di Menfi,-125,-100,0.25
maritime_shipwreck,150.0,Pozzino,-150,-125,0.75
maritime_shipwreck,150.0,Pozzino,-125,-100,0.25
maritime_shipwreck,8297.0,Punta Braccetto,-500,-475,1.0
maritime_shipwreck,8812.0,Punta di Zambrone,-100,-75,0.1785714328289032
maritime_shipwreck,8812.0,Punta di Zambrone,-75,-50,0.1785714328289032
maritime_shipwreck,8812.0,Punta di Zambrone,-50,-25,0.1785714328289032
maritime_shipwreck,8812.0,Punta di Zambrone,-25,0,0.1785714328289032
maritime_shipwreck,8329.0,Punta Licosa 1,-100,-75,0.2525252401828766
maritime_shipwreck,8329.0,Punta Licosa 1,-75,-50,0.2525252401828766
maritime_shipwreck,8329.0,Punta Licosa 1,-50,-25,0.2525252401828766
maritime_shipwreck,8329.0,Punta Licosa 1,-25,0,0.24242424964904785
maritime_shipwreck,8810.0,Punta Licosa 2,-100,-75,0.125
maritime_shipwreck,8810.0,Punta Licosa 2,-75,-50,0.125
maritime_shipwreck,8810.0,Punta Licosa 2,-50,-25,0.125
maritime_shipwreck,8810.0,Punta Licosa 2,-25,0,0.125
maritime_shipwreck,8342.0,Punta Scaletta,-150,-125,1.0
maritime_shipwreck,8954.0,Sa Tonnara A,-200,-175,0.5
maritime_shipwreck,8954.0,Sa Tonnara A,-175,-150,0.5
maritime_shipwreck,8411.0,Santa Caterina di Nardo,-175,-150,0.5
maritime_shipwreck,8411.0,Santa Caterina di Nardo,-150,-125,0.5
maritime_shipwreck,8823.0,Santa Caterina di Nardo 2,-400,-375,0.125
maritime_shipwreck,8823.0,Santa Caterina di Nardo 2,-375,-350,0.125
maritime_shipwreck,8823.0,Santa Caterina di Nardo 2,-350,-325,0.125
maritime_shipwreck,8823.0,Santa Caterina di Nardo 2,-325,-300,0.125
maritime_shipwreck,8823.0,Santa Caterina di Nardo 2,-300,-275,0.125
maritime_shipwreck,8823.0,Santa Caterina di Nardo 2,-275,-250,0.125
maritime_shipwreck,8823.0,Santa Caterina di Nardo 2,-250,-225,0.125
maritime_shipwreck,8823.0,Santa Caterina di Nardo 2,-225,-200,0.125
maritime_shipwreck,8869.0,Sant'Andrea A,-50,-25,1.0
maritime_shipwreck,8870.0,Sant'Andrea B,-100,-75,1.0
maritime_shipwreck,8867.0,Santo Stefano al Mare,-25,0,0.5
maritime_shipwreck,8419.0,Saturo A,-200,-175,0.5
maritime_shipwreck,8419.0,Saturo A,-175,-150,0.5
maritime_shipwreck,180.0,Savelletri,-300,-275,0.1666666716337204
maritime_shipwreck,180.0,Savelletri,-275,-250,0.8333333134651184
maritime_shipwreck,8723.0,Sciacca,-150,-125,0.04545454680919647
maritime_shipwreck,8723.0,Sciacca,-125,-100,0.04545454680919647
maritime_shipwreck,8723.0,Sciacca,-100,-75,0.04545454680919647
maritime_shipwreck,8723.0,Sciacca,-75,-50,0.04545454680919647
maritime_shipwreck,8723.0,Sciacca,-50,-25,0.04545454680919647
maritime_shipwreck,8723.0,Sciacca,-25,0,0.04545454680919647
maritime_shipwreck,8439.0,Secca dei Mattoni,-100,-75,0.5
maritime_shipwreck,8439.0,Secca dei Mattoni,-75,-50,0.5
maritime_shipwreck,207.0,Secca Del Bagno,-200,-175,1.0
maritime_shipwreck,8444.0,Secca di Capistello,-300,-275,1.0
maritime_shipwreck,8876.0,Secche della Meloria,-275,-250,0.5
maritime_shipwreck,8876.0,Secche della Meloria,-250,-225,0.5
maritime_shipwreck,182.0,Secche Di Ugento A,-50,-25,0.1666666716337204
maritime_shipwreck,182.0,Secche Di Ugento A,-25,0,0.1666666716337204
maritime_shipwreck,8816.0,Seleno,-150,-125,0.20000000298023224
maritime_shipwreck,8816.0,Seleno,-125,-100,0.20000000298023224
maritime_shipwreck,8816.0,Seleno,-100,-75,0.20000000298023224
maritime_shipwreck,8816.0,Seleno,-75,-50,0.20000000298023224
maritime_shipwreck,8816.0,Seleno,-50,-25,0.20000000298023224
maritime_shipwreck,169.0,Spargi,-125,-100,1.0
maritime_shipwreck,146.0,Stentinello,-300,-275,1.0
maritime_shipwreck,8712.0,Teulada,-600,-575,0.0833333358168602
maritime_shipwreck,8712.0,Teulada,-575,-550,0.0833333358168602
maritime_shipwreck,8712.0,Teulada,-550,-525,0.0833333358168602
maritime_shipwreck,8712.0,Teulada,-525,-500,0.0833333358168602
maritime_shipwreck,8712.0,Teulada,-500,-475,0.0833333358168602
maritime_shipwreck,8712.0,Teulada,-475,-450,0.0833333358168602
maritime_shipwreck,8712.0,Teulada,-450,-425,0.0833333358168602
maritime_shipwreck,8712.0,Teulada,-425,-400,0.0833333358168602
maritime_shipwreck,8712.0,Teulada,-400,-375,0.0833333358168602
maritime_shipwreck,8712.0,Teulada,-375,-350,0.0833333358168602
maritime_shipwreck,8712.0,Teulada,-350,-325,0.0833333358168602
maritime_shipwreck,8712.0,Teulada,-325,-300,0.0833333358168602
maritime_shipwreck,8534.0,Torre Guaceto,-100,-75,0.2525252401828766
maritime_shipwreck,8534.0,Torre Guaceto,-75,-50,0.2525252401828766
maritime_shipwreck,8534.0,Torre Guaceto,-50,-25,0.2525252401828766
maritime_shipwreck,8534.0,Torre Guaceto,-25,0,0.24242424964904785
maritime_shipwreck,8820.0,Torre Melissa - Villaggio Sirio,-125,-100,0.20000000298023224
maritime_shipwreck,8820.0,Torre Melissa - Villaggio Sirio,-100,-75,0.20000000298023224
maritime_shipwreck,8820.0,Torre Melissa - Villaggio Sirio,-75,-50,0.20000000298023224
maritime_shipwreck,8820.0,Torre Melissa - Villaggio Sirio,-50,-25,0.20000000298023224
maritime_shipwreck,8820.0,Torre Melissa - Villaggio Sirio,-25,0,0.20000000298023224
maritime_shipwreck,8537.0,Torre Santa Sabina 1,-25,0,0.5
maritime_shipwreck,8698.0,Torre Santa Sabina 2,-300,-275,0.0416666679084301
maritime_shipwreck,8698.0,Torre Santa Sabina 2,-275,-250,0.0416666679084301
maritime_shipwreck,8698.0,Torre Santa Sabina 2,-250,-225,0.0416666679084301
maritime_shipwreck,8698.0,Torre Santa Sabina 2,-225,-200,0.0416666679084301
maritime_shipwreck,8698.0,Torre Santa Sabina 2,-200,-175,0.0416666679084301
maritime_shipwreck,8698.0,Torre Santa Sabina 2,-175,-150,0.0416666679084301
maritime_shipwreck,8698.0,Torre Santa Sabina 2,-150,-125,0.0416666679084301
maritime_shipwreck,8698.0,Torre Santa Sabina 2,-125,-100,0.0416666679084301
maritime_shipwreck,8698.0,Torre Santa Sabina 2,-100,-75,0.0416666679084301
maritime_shipwreck,8698.0,Torre Santa Sabina 2,-75,-50,0.0416666679084301
maritime_shipwreck,8698.0,Torre Santa Sabina 2,-50,-25,0.0416666679084301
maritime_shipwreck,8698.0,Torre Santa Sabina 2,-25,0,0.0416666679084301
maritime_shipwreck,8824.0,Torre Sinfono,-100,-75,0.2525252401828766
maritime_shipwreck,8824.0,Torre Sinfono,-75,-50,0.2525252401828766
maritime_shipwreck,8824.0,Torre Sinfono,-50,-25,0.2525252401828766
maritime_shipwreck,8824.0,Torre Sinfono,-25,0,0.24242424964904785
maritime_shipwreck,8828.0,Torre Testa - Porto di Brindisi,-200,-175,0.1666666716337204
maritime_shipwreck,8828.0,Torre Testa - Porto di Brindisi,-175,-150,0.1666666716337204
maritime_shipwreck,8828.0,Torre Testa - Porto di Brindisi,-150,-125,0.1666666716337204
maritime_shipwreck,8828.0,Torre Testa - Porto di Brindisi,-125,-100,0.1666666716337204
maritime_shipwreck,8828.0,Torre Testa - Porto di Brindisi,-100,-75,0.1666666716337204
maritime_shipwreck,8828.0,Torre Testa - Porto di Brindisi,-75,-50,0.1666666716337204
maritime_shipwreck,8550.0,Tre Senghe,-50,-25,0.5
maritime_shipwreck,8550.0,Tre Senghe,-25,0,0.5
maritime_shipwreck,181.0,Valle Ponti,-25,0,1.0
maritime_shipwreck,8956.0,Ventotene 2,-100,-75,0.2525252401828766
maritime_shipwreck,8956.0,Ventotene 2,-75,-50,0.2525252401828766
maritime_shipwreck,8956.0,Ventotene 2,-50,-25,0.2525252401828766
maritime_shipwreck,8956.0,Ventotene 2,-25,0,0.24242424964904785
maritime_shipwreck,155.0,Vulpiglia,-300,-275,1.0
archaeological_occupation,AIDA_10181,Herculaneum,-375,-350,1.1324882507324219e-06
archaeological_occupation,AIDA_10181,Herculaneum,-350,-325,0.0073615312576293945
archaeological_occupation,AIDA_10181,Herculaneum,-325,-300,0.001245260238647461
archaeological_occupation,AIDA_10181,Herculaneum,-300,-275,2.8371810913085938e-05
archaeological_occupation,AIDA_10181,Herculaneum,-275,-250,1.6093254089355469e-06
archaeological_occupation,AIDA_10181,Herculaneum,-250,-225,5.066394805908203e-06
archaeological_occupation,AIDA_10181,Herculaneum,-225,-200,0.00014704465866088867
archaeological_occupation,AIDA_10181,Herculaneum,-200,-175,0.020235657691955566
archaeological_occupation,AIDA_10181,Herculaneum,-175,-150,0.23899149894714355
archaeological_occupation,AIDA_10181,Herculaneum,-150,-125,0.5248399972915649
archaeological_occupation,AIDA_10181,Herculaneum,-125,-100,0.5208492279052734
archaeological_occupation,AIDA_10181,Herculaneum,-100,-75,0.8799221515655518
archaeological_occupation,AIDA_10181,Herculaneum,-75,-50,0.7858306169509888
archaeological_occupation,AIDA_10181,Herculaneum,-50,-25,0.9794697761535645
archaeological_occupation,AIDA_10181,Herculaneum,-25,0,0.983045220375061
archaeological_occupation,AIDA_10244,Matrice Roman villa,-100,-75,3.516674041748047e-06
archaeological_occupation,AIDA_10244,Matrice Roman villa,-75,-50,2.1457672119140625e-06
archaeological_occupation,AIDA_10244,Matrice Roman villa,-50,-25,5.6803226470947266e-05
archaeological_occupation,AIDA_10244,Matrice Roman villa,-25,0,7.528066635131836e-05
archaeological_occupation,AIDA_10260,Otzi,-700,-675,0.09446334838867188
archaeological_occupation,AIDA_10260,Otzi,-675,-650,0.08018195629119873
archaeological_occupation,AIDA_10260,Otzi,-650,-625,0.10136425495147705
archaeological_occupation,AIDA_10260,Otzi,-625,-600,0.1076764464378357
archaeological_occupation,AIDA_10260,Otzi,-600,-575,0.10610455274581909
archaeological_occupation,AIDA_10260,Otzi,-575,-550,0.1019279956817627
archaeological_occupation,AIDA_10260,Otzi,-550,-525,0.0531843900680542
archaeological_occupation,AIDA_10260,Otzi,-525,-500,0.030321955680847168
archaeological_occupation,AIDA_10260,Otzi,-500,-475,0.025898635387420654
archaeological_occupation,AIDA_10260,Otzi,-475,-450,0.016013383865356445
archaeological_occupation,AIDA_10260,Otzi,-450,-425,0.015261709690093994
archaeological_occupation,AIDA_10260,Otzi,-425,-400,0.009316623210906982
archaeological_occupation,AIDA_10260,Otzi,-400,-375,2.2530555725097656e-05
archaeological_occupation,AIDA_10265,Alpe Veglia,-700,-675,0.07342696189880371
archaeological_occupation,AIDA_10265,Alpe Veglia,-675,-650,0.06924331188201904
archaeological_occupation,AIDA_10265,Alpe Veglia,-650,-625,0.07525479793548584
archaeological_occupation,AIDA_10265,Alpe Veglia,-625,-600,0.0780676007270813
archaeological_occupation,AIDA_10265,Alpe Veglia,-600,-575,0.0774727463722229
archaeological_occupation,AIDA_10265,Alpe Veglia,-575,-550,0.07520371675491333
archaeological_occupation,AIDA_10265,Alpe Veglia,-550,-525,0.05856192111968994
archaeological_occupation,AIDA_10265,Alpe Veglia,-525,-500,0.049500882625579834
archaeological_occupation,AIDA_10265,Alpe Veglia,-500,-475,0.04742711782455444
archaeological_occupation,AIDA_10265,Alpe Veglia,-475,-450,0.040833473205566406
archaeological_occupation,AIDA_10265,Alpe Veglia,-450,-425,0.04011720418930054
archaeological_occupation,AIDA_10265,Alpe Veglia,-425,-400,0.03186178207397461
archaeological_occupation,AIDA_10265,Alpe Veglia,-400,-375,0.0035729408264160156
archaeological_occupation,AIDA_10265,Alpe Veglia,-375,-350,0.0004086494445800781
archaeological_occupation,AIDA_10265,Alpe Veglia,-350,-325,2.4259090423583984e-05
archaeological_occupation,AIDA_10265,Alpe Veglia,-325,-300,4.786252975463867e-05
archaeological_occupation,AIDA_10265,Alpe Veglia,-300,-275,0.00012308359146118164
archaeological_occupation,AIDA_10265,Alpe Veglia,-275,-250,0.0003033876419067383
archaeological_occupation,AIDA_10265,Alpe Veglia,-250,-225,0.0002601742744445801
archaeological_occupation,AIDA_10265,Alpe Veglia,-225,-200,9.298324584960938e-05
archaeological_occupation,AIDA_10265,Alpe Veglia,-200,-175,8.046627044677734e-06
archaeological_occupation,AIDA_10265,Alpe Veglia,-175,-150,1.7285346984863281e-06
archaeological_occupation,AIDA_10267,Riparo Pian dul Scricc,-700,-675,0.06876075267791748
archaeological_occupation,AIDA_10267,Riparo Pian dul Scricc,-675,-650,0.06406104564666748
archaeological_occupation,AIDA_10267,Riparo Pian dul Scricc,-650,-625,0.07270443439483643
archaeological_occupation,AIDA_10267,Riparo Pian dul Scricc,-625,-600,0.08720576763153076
archaeological_occupation,AIDA_10267,Riparo Pian dul Scricc,-600,-575,0.08439689874649048
archaeological_occupation,AIDA_10267,Riparo Pian dul Scricc,-575,-550,0.07074308395385742
archaeological_occupation,AIDA_10267,Riparo Pian dul Scricc,-550,-525,0.035454750061035156
archaeological_occupation,AIDA_10267,Riparo Pian dul Scricc,-525,-500,0.022078871726989746
archaeological_occupation,AIDA_10267,Riparo Pian dul Scricc,-500,-475,0.019787192344665527
archaeological_occupation,AIDA_10267,Riparo Pian dul Scricc,-475,-450,0.014310896396636963
archaeological_occupation,AIDA_10267,Riparo Pian dul Scricc,-450,-425,0.013839542865753174
archaeological_occupation,AIDA_10267,Riparo Pian dul Scricc,-425,-400,0.00949186086654663
archaeological_occupation,AIDA_10267,Riparo Pian dul Scricc,-400,-375,0.00024372339248657227
archaeological_occupation,AIDA_10267,Riparo Pian dul Scricc,-375,-350,5.245208740234375e-06
archaeological_occupation,AIDA_10267,Riparo Pian dul Scricc,-275,-250,3.337860107421875e-06
archaeological_occupation,AIDA_10267,Riparo Pian dul Scricc,-250,-225,2.6226043701171875e-06
archaeological_occupation,AIDA_10448,Le Cerquete-Fianello,-700,-675,0.14185702800750732
archaeological_occupation,AIDA_10448,Le Cerquete-Fianello,-675,-650,0.14175307750701904
archaeological_occupation,AIDA_10448,Le Cerquete-Fianello,-650,-625,0.1419999599456787
archaeological_occupation,AIDA_10448,Le Cerquete-Fianello,-625,-600,0.14724421501159668
archaeological_occupation,AIDA_10448,Le Cerquete-Fianello,-600,-575,0.1464664340019226
archaeological_occupation,AIDA_10448,Le Cerquete-Fianello,-575,-550,0.14111995697021484
archaeological_occupation,AIDA_10448,Le Cerquete-Fianello,-550,-525,0.13174045085906982
archaeological_occupation,AIDA_10448,Le Cerquete-Fianello,-525,-500,0.12644529342651367
archaeological_occupation,AIDA_10448,Le Cerquete-Fianello,-500,-475,0.12505370378494263
archaeological_occupation,AIDA_10448,Le Cerquete-Fianello,-475,-450,0.11872637271881104
archaeological_occupation,AIDA_10448,Le Cerquete-Fianello,-450,-425,0.11783730983734131
archaeological_occupation,AIDA_10448,Le Cerquete-Fianello,-425,-400,0.10445797443389893
archaeological_occupation,AIDA_10448,Le Cerquete-Fianello,-400,-375,0.025988757610321045
archaeological_occupation,AIDA_10448,Le Cerquete-Fianello,-375,-350,0.006190955638885498
archaeological_occupation,AIDA_10448,Le Cerquete-Fianello,-350,-325,0.0009438991546630859
archaeological_occupation,AIDA_10448,Le Cerquete-Fianello,-325,-300,0.0014815926551818848
archaeological_occupation,AIDA_10448,Le Cerquete-Fianello,-300,-275,0.0027637481689453125
archaeological_occupation,AIDA_10448,Le Cerquete-Fianello,-275,-250,0.005063474178314209
archaeological_occupation,AIDA_10448,Le Cerquete-Fianello,-250,-225,0.004539847373962402
archaeological_occupation,AIDA_10448,Le Cerquete-Fianello,-225,-200,0.0023128390312194824
archaeological_occupation,AIDA_10448,Le Cerquete-Fianello,-200,-175,0.0005140304565429688
archaeological_occupation,AIDA_10448,Le Cerquete-Fianello,-175,-150,0.00020253658294677734
archaeological_occupation,AIDA_10448,Le Cerquete-Fianello,-150,-125,9.697675704956055e-05
archaeological_occupation,AIDA_10448,Le Cerquete-Fianello,-125,-100,9.679794311523438e-05
archaeological_occupation,AIDA_10448,Le Cerquete-Fianello,-100,-75,4.076957702636719e-05
archaeological_occupation,AIDA_10448,Le Cerquete-Fianello,-75,-50,5.650520324707031e-05
archaeological_occupation,AIDA_10448,Le Cerquete-Fianello,-50,-25,7.748603820800781e-06
archaeological_occupation,AIDA_10448,Le Cerquete-Fianello,-25,0,4.470348358154297e-06
archaeological_occupation,AIDA_10457,Fonte Maggio,-700,-675,0.00021225214004516602
archaeological_occupation,AIDA_10457,Fonte Maggio,-675,-650,0.00026279687881469727
archaeological_occupation,AIDA_10457,Fonte Maggio,-650,-625,0.00019156932830810547
archaeological_occupation,AIDA_10457,Fonte Maggio,-625,-600,0.00014549493789672852
archaeological_occupation,AIDA_10457,Fonte Maggio,-600,-575,0.00015425682067871094
archaeological_occupation,AIDA_10457,Fonte Maggio,-575,-550,0.0001946091651916504
archaeological_occupation,AIDA_10457,Fonte Maggio,-550,-525,0.00042557716369628906
archaeological_occupation,AIDA_10457,Fonte Maggio,-525,-500,0.0005654096603393555
archaeological_occupation,AIDA_10457,Fonte Maggio,-500,-475,0.0006000995635986328
archaeological_occupation,AIDA_10457,Fonte Maggio,-475,-450,0.0007395148277282715
archaeological_occupation,AIDA_10457,Fonte Maggio,-450,-425,0.0007584691047668457
archaeological_occupation,AIDA_10457,Fonte Maggio,-425,-400,0.0010704994201660156
archaeological_occupation,AIDA_10457,Fonte Maggio,-400,-375,0.00511622428894043
archaeological_occupation,AIDA_10457,Fonte Maggio,-375,-350,0.00951385498046875
archaeological_occupation,AIDA_10457,Fonte Maggio,-350,-325,0.01882380247116089
archaeological_occupation,AIDA_10457,Fonte Maggio,-325,-300,0.01620769500732422
archaeological_occupation,AIDA_10457,Fonte Maggio,-300,-275,0.012921631336212158
archaeological_occupation,AIDA_10457,Fonte Maggio,-275,-250,0.010255098342895508
archaeological_occupation,AIDA_10457,Fonte Maggio,-250,-225,0.010788559913635254
archaeological_occupation,AIDA_10457,Fonte Maggio,-225,-200,0.013762235641479492
archaeological_occupation,AIDA_10457,Fonte Maggio,-200,-175,0.021636366844177246
archaeological_occupation,AIDA_10457,Fonte Maggio,-175,-150,0.027362048625946045
archaeological_occupation,AIDA_10457,Fonte Maggio,-150,-125,0.031203746795654297
archaeological_occupation,AIDA_10457,Fonte Maggio,-125,-100,0.0311887264251709
archaeological_occupation,AIDA_10457,Fonte Maggio,-100,-75,0.03611135482788086
archaeological_occupation,AIDA_10457,Fonte Maggio,-75,-50,0.03432309627532959
archaeological_occupation,AIDA_10457,Fonte Maggio,-50,-25,0.044493019580841064
archaeological_occupation,AIDA_10457,Fonte Maggio,-25,0,0.045911192893981934
archaeological_occupation,AIDA_10459,S. Margherita a Guglionesi,-700,-675,0.17826849222183228
archaeological_occupation,AIDA_10459,S. Margherita a Guglionesi,-675,-650,0.17036473751068115
archaeological_occupation,AIDA_10459,S. Margherita a Guglionesi,-650,-625,0.18229347467422485
archaeological_occupation,AIDA_10459,S. Margherita a Guglionesi,-625,-600,0.19226139783859253
archaeological_occupation,AIDA_10459,S. Margherita a Guglionesi,-600,-575,0.19031524658203125
archaeological_occupation,AIDA_10459,S. Margherita a Guglionesi,-575,-550,0.1814032793045044
archaeological_occupation,AIDA_10459,S. Margherita a Guglionesi,-550,-525,0.1423242688179016
archaeological_occupation,AIDA_10459,S. Margherita a Guglionesi,-525,-500,0.12227702140808105
archaeological_occupation,AIDA_10459,S. Margherita a Guglionesi,-500,-475,0.11783087253570557
archaeological_occupation,AIDA_10459,S. Margherita a Guglionesi,-475,-450,0.10363245010375977
archaeological_occupation,AIDA_10459,S. Margherita a Guglionesi,-450,-425,0.10206526517868042
archaeological_occupation,AIDA_10459,S. Margherita a Guglionesi,-425,-400,0.08341175317764282
archaeological_occupation,AIDA_10459,S. Margherita a Guglionesi,-400,-375,0.011909663677215576
archaeological_occupation,AIDA_10459,S. Margherita a Guglionesi,-375,-350,0.0017253756523132324
archaeological_occupation,AIDA_10459,S. Margherita a Guglionesi,-350,-325,0.000125885009765625
archaeological_occupation,AIDA_10459,S. Margherita a Guglionesi,-325,-300,0.00023859739303588867
archaeological_occupation,AIDA_10459,S. Margherita a Guglionesi,-300,-275,0.0005731582641601562
archaeological_occupation,AIDA_10459,S. Margherita a Guglionesi,-275,-250,0.0013144612312316895
archaeological_occupation,AIDA_10459,S. Margherita a Guglionesi,-250,-225,0.0011395812034606934
archaeological_occupation,AIDA_10459,S. Margherita a Guglionesi,-225,-200,0.0004436969757080078
archaeological_occupation,AIDA_10459,S. Margherita a Guglionesi,-200,-175,4.595518112182617e-05
archaeological_occupation,AIDA_10459,S. Margherita a Guglionesi,-175,-150,1.0728836059570312e-05
archaeological_occupation,AIDA_10459,S. Margherita a Guglionesi,-150,-125,2.86102294921875e-06
archaeological_occupation,AIDA_10459,S. Margherita a Guglionesi,-125,-100,2.8014183044433594e-06
archaeological_occupation,AIDA_10459,S. Margherita a Guglionesi,-75,-50,1.1324882507324219e-06
archaeological_occupation,AIDA_10470,S. Francesco del Deserto,-50,-25,6.198883056640625e-06
archaeological_occupation,AIDA_10470,S. Francesco del Deserto,-25,0,9.655952453613281e-06
archaeological_occupation,AIDA_10696,"Grotta del Fauno, Pomezia",-700,-675,0.023492515087127686
archaeological_occupation,AIDA_10696,"Grotta del Fauno, Pomezia",-675,-650,0.026301562786102295
archaeological_occupation,AIDA_10696,"Grotta del Fauno, Pomezia",-650,-625,0.02202552556991577
archaeological_occupation,AIDA_10696,"Grotta del Fauno, Pomezia",-625,-600,0.018074512481689453
archaeological_occupation,AIDA_10696,"Grotta del Fauno, Pomezia",-600,-575,0.018832504749298096
archaeological_occupation,AIDA_10696,"Grotta del Fauno, Pomezia",-575,-550,0.02241039276123047
archaeological_occupation,AIDA_10696,"Grotta del Fauno, Pomezia",-550,-525,0.03685230016708374
archaeological_occupation,AIDA_10696,"Grotta del Fauno, Pomezia",-525,-500,0.0440555214881897
archaeological_occupation,AIDA_10696,"Grotta del Fauno, Pomezia",-500,-475,0.04563707113265991
archaeological_occupation,AIDA_10696,"Grotta del Fauno, Pomezia",-475,-450,0.05072528123855591
archaeological_occupation,AIDA_10696,"Grotta del Fauno, Pomezia",-450,-425,0.051291465759277344
archaeological_occupation,AIDA_10696,"Grotta del Fauno, Pomezia",-425,-400,0.05802440643310547
archaeological_occupation,AIDA_10696,"Grotta del Fauno, Pomezia",-400,-375,0.07465499639511108
archaeological_occupation,AIDA_10696,"Grotta del Fauno, Pomezia",-375,-350,0.06159335374832153
archaeological_occupation,AIDA_10696,"Grotta del Fauno, Pomezia",-350,-325,0.03262686729431152
archaeological_occupation,AIDA_10696,"Grotta del Fauno, Pomezia",-325,-300,0.03941977024078369
archaeological_occupation,AIDA_10696,"Grotta del Fauno, Pomezia",-300,-275,0.049404680728912354
archaeological_occupation,AIDA_10696,"Grotta del Fauno, Pomezia",-275,-250,0.05881798267364502
archaeological_occupation,AIDA_10696,"Grotta del Fauno, Pomezia",-250,-225,0.05690920352935791
archaeological_occupation,AIDA_10696,"Grotta del Fauno, Pomezia",-225,-200,0.046686530113220215
archaeological_occupation,AIDA_10696,"Grotta del Fauno, Pomezia",-200,-175,0.025896668434143066
archaeological_occupation,AIDA_10696,"Grotta del Fauno, Pomezia",-175,-150,0.016167879104614258
archaeological_occupation,AIDA_10696,"Grotta del Fauno, Pomezia",-150,-125,0.01114577054977417
archaeological_occupation,AIDA_10696,"Grotta del Fauno, Pomezia",-125,-100,0.011148810386657715
archaeological_occupation,AIDA_10696,"Grotta del Fauno, Pomezia",-100,-75,0.006705343723297119
archaeological_occupation,AIDA_10696,"Grotta del Fauno, Pomezia",-75,-50,0.00814896821975708
archaeological_occupation,AIDA_10696,"Grotta del Fauno, Pomezia",-50,-25,0.0022262930870056152
archaeological_occupation,AIDA_10696,"Grotta del Fauno, Pomezia",-25,0,0.0016259551048278809
archaeological_occupation,AIDA_10735,Castione Marchesi,-700,-675,6.4373016357421875e-06
archaeological_occupation,AIDA_10735,Castione Marchesi,-675,-650,7.033348083496094e-06
archaeological_occupation,AIDA_10735,Castione Marchesi,-650,-625,6.496906280517578e-06
archaeological_occupation,AIDA_10735,Castione Marchesi,-625,-600,1.0192394256591797e-05
archaeological_occupation,AIDA_10735,Castione Marchesi,-600,-575,9.655952453613281e-06
archaeological_occupation,AIDA_10735,Castione Marchesi,-575,-550,5.841255187988281e-06
archaeological_occupation,AIDA_10735,Castione Marchesi,-550,-525,1.6093254089355469e-06
archaeological_occupation,AIDA_10839,Riparo di Romagnano III,-700,-675,0.04532670974731445
archaeological_occupation,AIDA_10839,Riparo di Romagnano III,-675,-650,0.0435904860496521
archaeological_occupation,AIDA_10839,Riparo di Romagnano III,-650,-625,0.04636901617050171
archaeological_occupation,AIDA_10839,Riparo di Romagnano III,-625,-600,0.049580395221710205
archaeological_occupation,AIDA_10839,Riparo di Romagnano III,-600,-575,0.04896557331085205
archaeological_occupation,AIDA_10839,Riparo di Romagnano III,-575,-550,0.046003103256225586
archaeological_occupation,AIDA_10839,Riparo di Romagnano III,-550,-525,0.03597348928451538
archaeological_occupation,AIDA_10839,Riparo di Romagnano III,-525,-500,0.031352341175079346
archaeological_occupation,AIDA_10839,Riparo di Romagnano III,-500,-475,0.03039538860321045
archaeological_occupation,AIDA_10839,Riparo di Romagnano III,-475,-450,0.027469635009765625
archaeological_occupation,AIDA_10839,Riparo di Romagnano III,-450,-425,0.0271531343460083
archaeological_occupation,AIDA_10839,Riparo di Romagnano III,-425,-400,0.023363173007965088
archaeological_occupation,AIDA_10839,Riparo di Romagnano III,-400,-375,0.006844520568847656
archaeological_occupation,AIDA_10839,Riparo di Romagnano III,-375,-350,0.0026733875274658203
archaeological_occupation,AIDA_10839,Riparo di Romagnano III,-350,-325,0.0007348060607910156
archaeological_occupation,AIDA_10839,Riparo di Romagnano III,-325,-300,0.0010164976119995117
archaeological_occupation,AIDA_10839,Riparo di Romagnano III,-300,-275,0.0015673637390136719
archaeological_occupation,AIDA_10839,Riparo di Romagnano III,-275,-250,0.002347588539123535
archaeological_occupation,AIDA_10839,Riparo di Romagnano III,-250,-225,0.0021770596504211426
archaeological_occupation,AIDA_10839,Riparo di Romagnano III,-225,-200,0.0013920068740844727
archaeological_occupation,AIDA_10839,Riparo di Romagnano III,-200,-175,0.00048786401748657227
archaeological_occupation,AIDA_10839,Riparo di Romagnano III,-175,-150,0.00024449825286865234
archaeological_occupation,AIDA_10839,Riparo di Romagnano III,-150,-125,0.00014412403106689453
archaeological_occupation,AIDA_10839,Riparo di Romagnano III,-125,-100,0.00014400482177734375
archaeological_occupation,AIDA_10839,Riparo di Romagnano III,-100,-75,7.516145706176758e-05
archaeological_occupation,AIDA_10839,Riparo di Romagnano III,-75,-50,9.608268737792969e-05
archaeological_occupation,AIDA_10839,Riparo di Romagnano III,-50,-25,2.092123031616211e-05
archaeological_occupation,AIDA_10839,Riparo di Romagnano III,-25,0,1.4424324035644531e-05
archaeological_occupation,AIDA_10854,Grotta del Pertusello,-700,-675,0.0019672513008117676
archaeological_occupation,AIDA_10854,Grotta del Pertusello,-675,-650,0.002289712429046631
archaeological_occupation,AIDA_10854,Grotta del Pertusello,-650,-625,0.0019435882568359375
archaeological_occupation,AIDA_10854,Grotta del Pertusello,-625,-600,0.003330826759338379
archaeological_occupation,AIDA_10854,Grotta del Pertusello,-600,-575,0.0031408071517944336
archaeological_occupation,AIDA_10854,Grotta del Pertusello,-575,-550,0.0016872882843017578
archaeological_occupation,AIDA_10854,Grotta del Pertusello,-550,-525,0.0003701448440551758
archaeological_occupation,AIDA_10854,Grotta del Pertusello,-525,-500,9.98377799987793e-05
archaeological_occupation,AIDA_10854,Grotta del Pertusello,-500,-475,8.130073547363281e-05
archaeological_occupation,AIDA_10854,Grotta del Pertusello,-475,-450,7.086992263793945e-05
archaeological_occupation,AIDA_10854,Grotta del Pertusello,-450,-425,7.295608520507812e-05
archaeological_occupation,AIDA_10854,Grotta del Pertusello,-425,-400,0.00016415119171142578
archaeological_occupation,AIDA_10854,Grotta del Pertusello,-400,-375,0.005887389183044434
archaeological_occupation,AIDA_10854,Grotta del Pertusello,-375,-350,0.018954873085021973
archaeological_occupation,AIDA_10854,Grotta del Pertusello,-350,-325,0.05755549669265747
archaeological_occupation,AIDA_10854,Grotta del Pertusello,-325,-300,0.04685407876968384
archaeological_occupation,AIDA_10854,Grotta del Pertusello,-300,-275,0.032763659954071045
archaeological_occupation,AIDA_10854,Grotta del Pertusello,-275,-250,0.021737337112426758
archaeological_occupation,AIDA_10854,Grotta del Pertusello,-250,-225,0.023907780647277832
archaeological_occupation,AIDA_10854,Grotta del Pertusello,-225,-200,0.036350905895233154
archaeological_occupation,AIDA_10854,Grotta del Pertusello,-200,-175,0.06854075193405151
archaeological_occupation,AIDA_10854,Grotta del Pertusello,-175,-150,0.08383232355117798
archaeological_occupation,AIDA_10854,Grotta del Pertusello,-150,-125,0.08948427438735962
archaeological_occupation,AIDA_10854,Grotta del Pertusello,-125,-100,0.08953899145126343
archaeological_occupation,AIDA_10854,Grotta del Pertusello,-100,-75,0.08771413564682007
archaeological_occupation,AIDA_10854,Grotta del Pertusello,-75,-50,0.08935415744781494
archaeological_occupation,AIDA_10854,Grotta del Pertusello,-50,-25,0.0620044469833374
archaeological_occupation,AIDA_10854,Grotta del Pertusello,-25,0,0.05614602565765381
archaeological_occupation,AIDA_10888,Grotta Mora Cavorso,-700,-675,1.895427703857422e-05
archaeological_occupation,AIDA_10888,Grotta Mora Cavorso,-675,-650,1.823902130126953e-05
archaeological_occupation,AIDA_10888,Grotta Mora Cavorso,-650,-625,1.9550323486328125e-05
archaeological_occupation,AIDA_10888,Grotta Mora Cavorso,-625,-600,2.2292137145996094e-05
archaeological_occupation,AIDA_10888,Grotta Mora Cavorso,-600,-575,2.181529998779297e-05
archaeological_occupation,AIDA_10888,Grotta Mora Cavorso,-575,-550,1.919269561767578e-05
archaeological_occupation,AIDA_10888,Grotta Mora Cavorso,-550,-525,1.2934207916259766e-05
archaeological_occupation,AIDA_10888,Grotta Mora Cavorso,-525,-500,1.049041748046875e-05
archaeological_occupation,AIDA_10888,Grotta Mora Cavorso,-500,-475,1.0013580322265625e-05
archaeological_occupation,AIDA_10888,Grotta Mora Cavorso,-475,-450,8.821487426757812e-06
archaeological_occupation,AIDA_10888,Grotta Mora Cavorso,-450,-425,8.702278137207031e-06
archaeological_occupation,AIDA_10888,Grotta Mora Cavorso,-425,-400,7.331371307373047e-06
archaeological_occupation,AIDA_10888,Grotta Mora Cavorso,-400,-375,2.205371856689453e-06
archaeological_occupation,AIDA_10888,Grotta Mora Cavorso,-375,-350,1.0728836059570312e-06
archaeological_occupation,AIDA_10912,S. Michele di Valestra,-700,-675,0.0017513036727905273
archaeological_occupation,AIDA_10912,S. Michele di Valestra,-675,-650,0.00224226713180542
archaeological_occupation,AIDA_10912,S. Michele di Valestra,-650,-625,0.0016161799430847168
archaeological_occupation,AIDA_10912,S. Michele di Valestra,-625,-600,0.003130495548248291
archaeological_occupation,AIDA_10912,S. Michele di Valestra,-600,-575,0.0029647350311279297
archaeological_occupation,AIDA_10912,S. Michele di Valestra,-575,-550,0.0013325810432434082
archaeological_occupation,AIDA_10912,S. Michele di Valestra,-550,-525,0.00021970272064208984
archaeological_occupation,AIDA_10912,S. Michele di Valestra,-525,-500,2.658367156982422e-05
archaeological_occupation,AIDA_10912,S. Michele di Valestra,-500,-475,1.6808509826660156e-05
archaeological_occupation,AIDA_10912,S. Michele di Valestra,-475,-450,6.4373016357421875e-06
archaeological_occupation,AIDA_10912,S. Michele di Valestra,-450,-425,6.020069122314453e-06
archaeological_occupation,AIDA_10912,S. Michele di Valestra,-425,-400,3.2186508178710938e-06
archaeological_occupation,AIDA_10920,Grotta Misa,-700,-675,0.06272828578948975
archaeological_occupation,AIDA_10920,Grotta Misa,-675,-650,0.06206369400024414
archaeological_occupation,AIDA_10920,Grotta Misa,-650,-625,0.06255882978439331
archaeological_occupation,AIDA_10920,Grotta Misa,-625,-600,0.06073421239852905
archaeological_occupation,AIDA_10920,Grotta Misa,-600,-575,0.06109243631362915
archaeological_occupation,AIDA_10920,Grotta Misa,-575,-550,0.06292784214019775
archaeological_occupation,AIDA_10920,Grotta Misa,-550,-525,0.06337040662765503
archaeological_occupation,AIDA_10920,Grotta Misa,-525,-500,0.06205487251281738
archaeological_occupation,AIDA_10920,Grotta Misa,-500,-475,0.061531007289886475
archaeological_occupation,AIDA_10920,Grotta Misa,-475,-450,0.05900990962982178
archaeological_occupation,AIDA_10920,Grotta Misa,-450,-425,0.058655500411987305
archaeological_occupation,AIDA_10920,Grotta Misa,-425,-400,0.05332505702972412
archaeological_occupation,AIDA_10920,Grotta Misa,-400,-375,0.018835484981536865
archaeological_occupation,AIDA_10920,Grotta Misa,-375,-350,0.006775498390197754
archaeological_occupation,AIDA_10920,Grotta Misa,-350,-325,0.0013900995254516602
archaeological_occupation,AIDA_10920,Grotta Misa,-325,-300,0.0020893216133117676
archaeological_occupation,AIDA_10920,Grotta Misa,-300,-275,0.003566443920135498
archaeological_occupation,AIDA_10920,Grotta Misa,-275,-250,0.00580829381942749
archaeological_occupation,AIDA_10920,Grotta Misa,-250,-225,0.005314230918884277
archaeological_occupation,AIDA_10920,Grotta Misa,-225,-200,0.003081381320953369
archaeological_occupation,AIDA_10920,Grotta Misa,-200,-175,0.0008029341697692871
archaeological_occupation,AIDA_10920,Grotta Misa,-175,-150,0.0003222823143005371
archaeological_occupation,AIDA_10920,Grotta Misa,-150,-125,0.00015294551849365234
archaeological_occupation,AIDA_10920,Grotta Misa,-125,-100,0.000152587890625
archaeological_occupation,AIDA_10920,Grotta Misa,-100,-75,6.192922592163086e-05
archaeological_occupation,AIDA_10920,Grotta Misa,-75,-50,8.726119995117188e-05
archaeological_occupation,AIDA_10920,Grotta Misa,-50,-25,1.0788440704345703e-05
archaeological_occupation,AIDA_10920,Grotta Misa,-25,0,5.900859832763672e-06
archaeological_occupation,AIDA_11020,"Luni sul Mignone, Tre Erici",-700,-675,2.4020671844482422e-05
archaeological_occupation,AIDA_11020,"Luni sul Mignone, Tre Erici",-675,-650,2.9861927032470703e-05
archaeological_occupation,AIDA_11020,"Luni sul Mignone, Tre Erici",-650,-625,2.2590160369873047e-05
archaeological_occupation,AIDA_11020,"Luni sul Mignone, Tre Erici",-625,-600,4.1961669921875e-05
archaeological_occupation,AIDA_11020,"Luni sul Mignone, Tre Erici",-600,-575,3.987550735473633e-05
archaeological_occupation,AIDA_11020,"Luni sul Mignone, Tre Erici",-575,-550,1.901388168334961e-05
archaeological_occupation,AIDA_11020,"Luni sul Mignone, Tre Erici",-550,-525,3.5762786865234375e-06
archaeological_occupation,AIDA_11021,Forum Romanum,-700,-675,0.07554197311401367
archaeological_occupation,AIDA_11021,Forum Romanum,-675,-650,0.07030665874481201
archaeological_occupation,AIDA_11021,Forum Romanum,-650,-625,0.07826197147369385
archaeological_occupation,AIDA_11021,Forum Romanum,-625,-600,0.08400183916091919
archaeological_occupation,AIDA_11021,Forum Romanum,-600,-575,0.08282268047332764
archaeological_occupation,AIDA_11021,Forum Romanum,-575,-550,0.07783013582229614
archaeological_occupation,AIDA_11021,Forum Romanum,-550,-525,0.05392712354660034
archaeological_occupation,AIDA_11021,Forum Romanum,-525,-500,0.042325735092163086
archaeological_occupation,AIDA_11021,Forum Romanum,-500,-475,0.039870381355285645
archaeological_occupation,AIDA_11021,Forum Romanum,-475,-450,0.03270202875137329
archaeological_occupation,AIDA_11021,Forum Romanum,-450,-425,0.0319749116897583
archaeological_occupation,AIDA_11021,Forum Romanum,-425,-400,0.024185478687286377
archaeological_occupation,AIDA_11021,Forum Romanum,-400,-375,0.0017119050025939941
archaeological_occupation,AIDA_11021,Forum Romanum,-375,-350,0.00011616945266723633
archaeological_occupation,AIDA_11021,Forum Romanum,-350,-325,4.231929779052734e-06
archaeological_occupation,AIDA_11021,Forum Romanum,-325,-300,9.238719940185547e-06
archaeological_occupation,AIDA_11021,Forum Romanum,-300,-275,2.7954578399658203e-05
archaeological_occupation,AIDA_11021,Forum Romanum,-275,-250,8.14199447631836e-05
archaeological_occupation,AIDA_11021,Forum Romanum,-250,-225,6.812810897827148e-05
archaeological_occupation,AIDA_11021,Forum Romanum,-225,-200,1.9848346710205078e-05
archaeological_occupation,AIDA_11021,Forum Romanum,-200,-175,1.0728836059570312e-06
archaeological_occupation,AIDA_11074,San Giovenale,-700,-675,0.09920769929885864
archaeological_occupation,AIDA_11074,San Giovenale,-675,-650,0.10487020015716553
archaeological_occupation,AIDA_11074,San Giovenale,-650,-625,0.095028817653656
archaeological_occupation,AIDA_11074,San Giovenale,-625,-600,0.0811644196510315
archaeological_occupation,AIDA_11074,San Giovenale,-600,-575,0.08385062217712402
archaeological_occupation,AIDA_11074,San Giovenale,-575,-550,0.09674453735351562
archaeological_occupation,AIDA_11074,San Giovenale,-550,-525,0.13312536478042603
archaeological_occupation,AIDA_11074,San Giovenale,-525,-500,0.14690983295440674
archaeological_occupation,AIDA_11074,San Giovenale,-500,-475,0.14926272630691528
archaeological_occupation,AIDA_11074,San Giovenale,-475,-450,0.1537279486656189
archaeological_occupation,AIDA_11074,San Giovenale,-450,-425,0.1539209485054016
archaeological_occupation,AIDA_11074,San Giovenale,-425,-400,0.15130913257598877
archaeological_occupation,AIDA_11074,San Giovenale,-400,-375,0.07212835550308228
archaeological_occupation,AIDA_11074,San Giovenale,-375,-350,0.02571314573287964
archaeological_occupation,AIDA_11074,San Giovenale,-350,-325,0.00420910120010376
archaeological_occupation,AIDA_11074,San Giovenale,-325,-300,0.006763458251953125
archaeological_occupation,AIDA_11074,San Giovenale,-300,-275,0.012512624263763428
archaeological_occupation,AIDA_11074,San Giovenale,-275,-250,0.02168405055999756
archaeological_occupation,AIDA_11074,San Giovenale,-250,-225,0.019655048847198486
archaeological_occupation,AIDA_11074,San Giovenale,-225,-200,0.010578334331512451
archaeological_occupation,AIDA_11074,San Giovenale,-200,-175,0.002141416072845459
archaeological_occupation,AIDA_11074,San Giovenale,-175,-150,0.0007085204124450684
archaeological_occupation,AIDA_11074,San Giovenale,-150,-125,0.00027239322662353516
archaeological_occupation,AIDA_11074,San Giovenale,-125,-100,0.00027126073837280273
archaeological_occupation,AIDA_11074,San Giovenale,-100,-75,8.720159530639648e-05
archaeological_occupation,AIDA_11074,San Giovenale,-75,-50,0.00013446807861328125
archaeological_occupation,AIDA_11074,San Giovenale,-50,-25,1.0251998901367188e-05
archaeological_occupation,AIDA_11074,San Giovenale,-25,0,4.291534423828125e-06
archaeological_occupation,AIDA_11269,Pozzuolo,-700,-675,0.01755315065383911
archaeological_occupation,AIDA_11269,Pozzuolo,-675,-650,0.01863276958465576
archaeological_occupation,AIDA_11269,Pozzuolo,-650,-625,0.017507195472717285
archaeological_occupation,AIDA_11269,Pozzuolo,-625,-600,0.019394397735595703
archaeological_occupation,AIDA_11269,Pozzuolo,-600,-575,0.019070684909820557
archaeological_occupation,AIDA_11269,Pozzuolo,-575,-550,0.01709306240081787
archaeological_occupation,AIDA_11269,Pozzuolo,-550,-525,0.017714738845825195
archaeological_occupation,AIDA_11269,Pozzuolo,-525,-500,0.01960355043411255
archaeological_occupation,AIDA_11269,Pozzuolo,-500,-475,0.020246505737304688
archaeological_occupation,AIDA_11269,Pozzuolo,-475,-450,0.0231514573097229
archaeological_occupation,AIDA_11269,Pozzuolo,-450,-425,0.02355438470840454
archaeological_occupation,AIDA_11269,Pozzuolo,-425,-400,0.029725968837738037
archaeological_occupation,AIDA_11269,Pozzuolo,-400,-375,0.07183539867401123
archaeological_occupation,AIDA_11269,Pozzuolo,-375,-350,0.08191150426864624
archaeological_occupation,AIDA_11269,Pozzuolo,-350,-325,0.06308382749557495
archaeological_occupation,AIDA_11269,Pozzuolo,-325,-300,0.07004153728485107
archaeological_occupation,AIDA_11269,Pozzuolo,-300,-275,0.0777086615562439
archaeological_occupation,AIDA_11269,Pozzuolo,-275,-250,0.08161640167236328
archaeological_occupation,AIDA_11269,Pozzuolo,-250,-225,0.08093899488449097
archaeological_occupation,AIDA_11269,Pozzuolo,-225,-200,0.07597899436950684
archaeological_occupation,AIDA_11269,Pozzuolo,-200,-175,0.05540949106216431
archaeological_occupation,AIDA_11269,Pozzuolo,-175,-150,0.04025375843048096
archaeological_occupation,AIDA_11269,Pozzuolo,-150,-125,0.03095632791519165
archaeological_occupation,AIDA_11269,Pozzuolo,-125,-100,0.030976474285125732
archaeological_occupation,AIDA_11269,Pozzuolo,-100,-75,0.020961761474609375
archaeological_occupation,AIDA_11269,Pozzuolo,-75,-50,0.024394094944000244
archaeological_occupation,AIDA_11269,Pozzuolo,-50,-25,0.008394300937652588
archaeological_occupation,AIDA_11269,Pozzuolo,-25,0,0.0065351128578186035
archaeological_occupation,AIDA_11270,Perteghelle,-700,-675,5.9604644775390625e-06
archaeological_occupation,AIDA_11270,Perteghelle,-675,-650,9.000301361083984e-06
archaeological_occupation,AIDA_11270,Perteghelle,-650,-625,4.410743713378906e-06
archaeological_occupation,AIDA_11270,Perteghelle,-625,-600,1.1026859283447266e-05
archaeological_occupation,AIDA_11270,Perteghelle,-600,-575,1.0967254638671875e-05
archaeological_occupation,AIDA_11270,Perteghelle,-575,-550,3.2782554626464844e-06
archaeological_occupation,AIDA_11271,Perteghelle B,-700,-675,3.445148468017578e-05
archaeological_occupation,AIDA_11271,Perteghelle B,-675,-650,5.0067901611328125e-05
archaeological_occupation,AIDA_11271,Perteghelle B,-650,-625,2.7477741241455078e-05
archaeological_occupation,AIDA_11271,Perteghelle B,-625,-600,6.365776062011719e-05
archaeological_occupation,AIDA_11271,Perteghelle B,-600,-575,6.210803985595703e-05
archaeological_occupation,AIDA_11271,Perteghelle B,-575,-550,2.104043960571289e-05
archaeological_occupation,AIDA_11271,Perteghelle B,-550,-525,2.682209014892578e-06
archaeological_occupation,AIDA_11457,Etruscan ovens,-550,-525,3.337860107421875e-06
archaeological_occupation,AIDA_11457,Etruscan ovens,-525,-500,7.212162017822266e-06
archaeological_occupation,AIDA_11457,Etruscan ovens,-500,-475,8.404254913330078e-06
archaeological_occupation,AIDA_11457,Etruscan ovens,-475,-450,1.7642974853515625e-05
archaeological_occupation,AIDA_11457,Etruscan ovens,-450,-425,1.9669532775878906e-05
archaeological_occupation,AIDA_11457,Etruscan ovens,-425,-400,9.810924530029297e-05
archaeological_occupation,AIDA_11457,Etruscan ovens,-400,-375,0.008511185646057129
archaeological_occupation,AIDA_11457,Etruscan ovens,-375,-350,0.03083217144012451
archaeological_occupation,AIDA_11457,Etruscan ovens,-350,-325,0.08718204498291016
archaeological_occupation,AIDA_11457,Etruscan ovens,-325,-300,0.0745651125907898
archaeological_occupation,AIDA_11457,Etruscan ovens,-300,-275,0.054170966148376465
archaeological_occupation,AIDA_11457,Etruscan ovens,-275,-250,0.035713374614715576
archaeological_occupation,AIDA_11457,Etruscan ovens,-250,-225,0.03938668966293335
archaeological_occupation,AIDA_11457,Etruscan ovens,-225,-200,0.05970025062561035
archaeological_occupation,AIDA_11457,Etruscan ovens,-200,-175,0.0984201431274414
archaeological_occupation,AIDA_11457,Etruscan ovens,-175,-150,0.10035502910614014
archaeological_occupation,AIDA_11457,Etruscan ovens,-150,-125,0.0924186110496521
archaeological_occupation,AIDA_11457,Etruscan ovens,-125,-100,0.09254437685012817
archaeological_occupation,AIDA_11457,Etruscan ovens,-100,-75,0.07118052244186401
archaeological_occupation,AIDA_11457,Etruscan ovens,-75,-50,0.07971453666687012
archaeological_occupation,AIDA_11457,Etruscan ovens,-50,-25,0.028768539428710938
archaeological_occupation,AIDA_11457,Etruscan ovens,-25,0,0.02179509401321411
archaeological_occupation,AIDA_1146,"Fabbrica dei Soci, Villa Bartolomea",-700,-675,7.62939453125e-05
archaeological_occupation,AIDA_1146,"Fabbrica dei Soci, Villa Bartolomea",-675,-650,7.367134094238281e-05
archaeological_occupation,AIDA_1146,"Fabbrica dei Soci, Villa Bartolomea",-650,-625,7.94529914855957e-05
archaeological_occupation,AIDA_1146,"Fabbrica dei Soci, Villa Bartolomea",-625,-600,9.673833847045898e-05
archaeological_occupation,AIDA_1146,"Fabbrica dei Soci, Villa Bartolomea",-600,-575,9.369850158691406e-05
archaeological_occupation,AIDA_1146,"Fabbrica dei Soci, Villa Bartolomea",-575,-550,7.683038711547852e-05
archaeological_occupation,AIDA_1146,"Fabbrica dei Soci, Villa Bartolomea",-550,-525,4.2557716369628906e-05
archaeological_occupation,AIDA_1146,"Fabbrica dei Soci, Villa Bartolomea",-525,-500,3.0219554901123047e-05
archaeological_occupation,AIDA_1146,"Fabbrica dei Soci, Villa Bartolomea",-500,-475,2.8133392333984375e-05
archaeological_occupation,AIDA_1146,"Fabbrica dei Soci, Villa Bartolomea",-475,-450,2.294778823852539e-05
archaeological_occupation,AIDA_1146,"Fabbrica dei Soci, Villa Bartolomea",-450,-425,2.2470951080322266e-05
archaeological_occupation,AIDA_1146,"Fabbrica dei Soci, Villa Bartolomea",-425,-400,1.7464160919189453e-05
archaeological_occupation,AIDA_1146,"Fabbrica dei Soci, Villa Bartolomea",-400,-375,2.562999725341797e-06
archaeological_occupation,AIDA_11812,Faragola,-400,-375,1.2516975402832031e-06
archaeological_occupation,AIDA_11812,Faragola,-375,-350,7.873773574829102e-05
archaeological_occupation,AIDA_11812,Faragola,-350,-325,0.010793864727020264
archaeological_occupation,AIDA_11812,Faragola,-325,-300,0.004015088081359863
archaeological_occupation,AIDA_11812,Faragola,-300,-275,0.0006219148635864258
archaeological_occupation,AIDA_11812,Faragola,-275,-250,0.0001081228256225586
archaeological_occupation,AIDA_11812,Faragola,-250,-225,0.00018894672393798828
archaeological_occupation,AIDA_11812,Faragola,-225,-200,0.0011532902717590332
archaeological_occupation,AIDA_11812,Faragola,-200,-175,0.021062612533569336
archaeological_occupation,AIDA_11812,Faragola,-175,-150,0.07454150915145874
archaeological_occupation,AIDA_11812,Faragola,-150,-125,0.123421311378479
archaeological_occupation,AIDA_11812,Faragola,-125,-100,0.123299241065979
archaeological_occupation,AIDA_11812,Faragola,-100,-75,0.17614245414733887
archaeological_occupation,AIDA_11812,Faragola,-75,-50,0.1610073447227478
archaeological_occupation,AIDA_11812,Faragola,-50,-25,0.11704826354980469
archaeological_occupation,AIDA_11812,Faragola,-25,0,0.0969388484954834
archaeological_occupation,AIDA_11923,"Lago di Mezzano, Site 1-B",-700,-675,0.0004048347473144531
archaeological_occupation,AIDA_11923,"Lago di Mezzano, Site 1-B",-675,-650,0.0005480051040649414
archaeological_occupation,AIDA_11923,"Lago di Mezzano, Site 1-B",-650,-625,0.00035315752029418945
archaeological_occupation,AIDA_11923,"Lago di Mezzano, Site 1-B",-625,-600,0.0007366538047790527
archaeological_occupation,AIDA_11923,"Lago di Mezzano, Site 1-B",-600,-575,0.000704646110534668
archaeological_occupation,AIDA_11923,"Lago di Mezzano, Site 1-B",-575,-550,0.0002823472023010254
archaeological_occupation,AIDA_11923,"Lago di Mezzano, Site 1-B",-550,-525,4.1544437408447266e-05
archaeological_occupation,AIDA_11923,"Lago di Mezzano, Site 1-B",-525,-500,3.814697265625e-06
archaeological_occupation,AIDA_11923,"Lago di Mezzano, Site 1-B",-500,-475,2.2649765014648438e-06
archaeological_occupation,AIDA_12068,"Palu di Livenza, Pordenone, Friuli Venezia Giulia",-700,-675,0.0007387995719909668
archaeological_occupation,AIDA_12068,"Palu di Livenza, Pordenone, Friuli Venezia Giulia",-675,-650,0.0007112622261047363
archaeological_occupation,AIDA_12068,"Palu di Livenza, Pordenone, Friuli Venezia Giulia",-650,-625,0.0007616877555847168
archaeological_occupation,AIDA_12068,"Palu di Livenza, Pordenone, Friuli Venezia Giulia",-625,-600,0.000861048698425293
archaeological_occupation,AIDA_12068,"Palu di Livenza, Pordenone, Friuli Venezia Giulia",-600,-575,0.0008428692817687988
archaeological_occupation,AIDA_12068,"Palu di Livenza, Pordenone, Friuli Venezia Giulia",-575,-550,0.0007477998733520508
archaeological_occupation,AIDA_12068,"Palu di Livenza, Pordenone, Friuli Venezia Giulia",-550,-525,0.0005148053169250488
archaeological_occupation,AIDA_12068,"Palu di Livenza, Pordenone, Friuli Venezia Giulia",-525,-500,0.0004215836524963379
archaeological_occupation,AIDA_12068,"Palu di Livenza, Pordenone, Friuli Venezia Giulia",-500,-475,0.0004042983055114746
archaeological_occupation,AIDA_12068,"Palu di Livenza, Pordenone, Friuli Venezia Giulia",-475,-450,0.00035643577575683594
archaeological_occupation,AIDA_12068,"Palu di Livenza, Pordenone, Friuli Venezia Giulia",-450,-425,0.0003516077995300293
archaeological_occupation,AIDA_12068,"Palu di Livenza, Pordenone, Friuli Venezia Giulia",-425,-400,0.00029754638671875
archaeological_occupation,AIDA_12068,"Palu di Livenza, Pordenone, Friuli Venezia Giulia",-400,-375,8.952617645263672e-05
archaeological_occupation,AIDA_12068,"Palu di Livenza, Pordenone, Friuli Venezia Giulia",-375,-350,4.178285598754883e-05
archaeological_occupation,AIDA_12068,"Palu di Livenza, Pordenone, Friuli Venezia Giulia",-350,-325,1.627206802368164e-05
archaeological_occupation,AIDA_12068,"Palu di Livenza, Pordenone, Friuli Venezia Giulia",-325,-300,2.0503997802734375e-05
archaeological_occupation,AIDA_12068,"Palu di Livenza, Pordenone, Friuli Venezia Giulia",-300,-275,2.8014183044433594e-05
archaeological_occupation,AIDA_12068,"Palu di Livenza, Pordenone, Friuli Venezia Giulia",-275,-250,3.784894943237305e-05
archaeological_occupation,AIDA_12068,"Palu di Livenza, Pordenone, Friuli Venezia Giulia",-250,-225,3.5762786865234375e-05
archaeological_occupation,AIDA_12068,"Palu di Livenza, Pordenone, Friuli Venezia Giulia",-225,-200,2.568960189819336e-05
archaeological_occupation,AIDA_12068,"Palu di Livenza, Pordenone, Friuli Venezia Giulia",-200,-175,1.239776611328125e-05
archaeological_occupation,AIDA_12068,"Palu di Livenza, Pordenone, Friuli Venezia Giulia",-175,-150,8.285045623779297e-06
archaeological_occupation,AIDA_12068,"Palu di Livenza, Pordenone, Friuli Venezia Giulia",-150,-125,7.68899917602539e-06
archaeological_occupation,AIDA_12068,"Palu di Livenza, Pordenone, Friuli Venezia Giulia",-125,-100,7.569789886474609e-06
archaeological_occupation,AIDA_12068,"Palu di Livenza, Pordenone, Friuli Venezia Giulia",-100,-75,2.4318695068359375e-05
archaeological_occupation,AIDA_12068,"Palu di Livenza, Pordenone, Friuli Venezia Giulia",-75,-50,1.4007091522216797e-05
archaeological_occupation,AIDA_12068,"Palu di Livenza, Pordenone, Friuli Venezia Giulia",-50,-25,0.0012564659118652344
archaeological_occupation,AIDA_12068,"Palu di Livenza, Pordenone, Friuli Venezia Giulia",-25,0,0.0017558932304382324
archaeological_occupation,AIDA_12122,Valle del Temperino,-700,-675,1.6093254089355469e-06
archaeological_occupation,AIDA_12122,Valle del Temperino,-675,-650,9.119510650634766e-06
archaeological_occupation,AIDA_12122,Valle del Temperino,-550,-525,4.392862319946289e-05
archaeological_occupation,AIDA_12122,Valle del Temperino,-525,-500,0.00010758638381958008
archaeological_occupation,AIDA_12122,Valle del Temperino,-500,-475,0.0001271963119506836
archaeological_occupation,AIDA_12122,Valle del Temperino,-475,-450,0.00031441450119018555
archaeological_occupation,AIDA_12122,Valle del Temperino,-450,-425,0.00036144256591796875
archaeological_occupation,AIDA_12122,Valle del Temperino,-425,-400,0.002359330654144287
archaeological_occupation,AIDA_12122,Valle del Temperino,-400,-375,0.10909080505371094
archaeological_occupation,AIDA_12122,Valle del Temperino,-375,-350,0.20184844732284546
archaeological_occupation,AIDA_12122,Valle del Temperino,-350,-325,0.17682117223739624
archaeological_occupation,AIDA_12122,Valle del Temperino,-325,-300,0.1954813003540039
archaeological_occupation,AIDA_12122,Valle del Temperino,-300,-275,0.20973026752471924
archaeological_occupation,AIDA_12122,Valle del Temperino,-275,-250,0.20764893293380737
archaeological_occupation,AIDA_12122,Valle del Temperino,-250,-225,0.20859664678573608
archaeological_occupation,AIDA_12122,Valle del Temperino,-225,-200,0.2074960470199585
archaeological_occupation,AIDA_12122,Valle del Temperino,-200,-175,0.15339022874832153
archaeological_occupation,AIDA_12122,Valle del Temperino,-175,-150,0.09135186672210693
archaeological_occupation,AIDA_12122,Valle del Temperino,-150,-125,0.05299246311187744
archaeological_occupation,AIDA_12122,Valle del Temperino,-125,-100,0.05298483371734619
archaeological_occupation,AIDA_12122,Valle del Temperino,-100,-75,0.021171629428863525
archaeological_occupation,AIDA_12122,Valle del Temperino,-75,-50,0.030699551105499268
archaeological_occupation,AIDA_12122,Valle del Temperino,-50,-25,0.002517402172088623
archaeological_occupation,AIDA_12122,Valle del Temperino,-25,0,0.0009350776672363281
archaeological_occupation,AIDA_12130,"Privernum - Domus della Soglia Nilotica, Latina",-175,-150,1.4662742614746094e-05
archaeological_occupation,AIDA_12130,"Privernum - Domus della Soglia Nilotica, Latina",-150,-125,5.2988529205322266e-05
archaeological_occupation,AIDA_12130,"Privernum - Domus della Soglia Nilotica, Latina",-125,-100,5.1140785217285156e-05
archaeological_occupation,AIDA_12130,"Privernum - Domus della Soglia Nilotica, Latina",-100,-75,0.00035572052001953125
archaeological_occupation,AIDA_12130,"Privernum - Domus della Soglia Nilotica, Latina",-75,-50,0.00018906593322753906
archaeological_occupation,AIDA_12130,"Privernum - Domus della Soglia Nilotica, Latina",-50,-25,0.008702993392944336
archaeological_occupation,AIDA_12130,"Privernum - Domus della Soglia Nilotica, Latina",-25,0,0.011520683765411377
archaeological_occupation,AIDA_12143,Saint-Martin-de-Corléans,-700,-675,0.09279060363769531
archaeological_occupation,AIDA_12143,Saint-Martin-de-Corléans,-675,-650,0.08204090595245361
archaeological_occupation,AIDA_12143,Saint-Martin-de-Corléans,-650,-625,0.1016695499420166
archaeological_occupation,AIDA_12143,Saint-Martin-de-Corléans,-625,-600,0.12385433912277222
archaeological_occupation,AIDA_12143,Saint-Martin-de-Corléans,-600,-575,0.11898326873779297
archaeological_occupation,AIDA_12143,Saint-Martin-de-Corléans,-575,-550,0.09904873371124268
archaeological_occupation,AIDA_12143,Saint-Martin-de-Corléans,-550,-525,0.037133634090423584
archaeological_occupation,AIDA_12143,Saint-Martin-de-Corléans,-525,-500,0.015521347522735596
archaeological_occupation,AIDA_12143,Saint-Martin-de-Corléans,-500,-475,0.012385189533233643
archaeological_occupation,AIDA_12143,Saint-Martin-de-Corléans,-475,-450,0.006706714630126953
archaeological_occupation,AIDA_12143,Saint-Martin-de-Corléans,-450,-425,0.006342589855194092
archaeological_occupation,AIDA_12143,Saint-Martin-de-Corléans,-425,-400,0.0036986470222473145
archaeological_occupation,AIDA_12143,Saint-Martin-de-Corléans,-400,-375,3.6954879760742188e-06
archaeological_occupation,AIDA_12177,"Sant'Agata Bolognese, Bologna, Emilia Romagna",-700,-675,2.9206275939941406e-05
archaeological_occupation,AIDA_12177,"Sant'Agata Bolognese, Bologna, Emilia Romagna",-675,-650,3.3736228942871094e-05
archaeological_occupation,AIDA_12177,"Sant'Agata Bolognese, Bologna, Emilia Romagna",-650,-625,2.7239322662353516e-05
archaeological_occupation,AIDA_12177,"Sant'Agata Bolognese, Bologna, Emilia Romagna",-625,-600,2.2351741790771484e-05
archaeological_occupation,AIDA_12177,"Sant'Agata Bolognese, Bologna, Emilia Romagna",-600,-575,2.3245811462402344e-05
archaeological_occupation,AIDA_12177,"Sant'Agata Bolognese, Bologna, Emilia Romagna",-575,-550,2.759695053100586e-05
archaeological_occupation,AIDA_12177,"Sant'Agata Bolognese, Bologna, Emilia Romagna",-550,-525,4.9173831939697266e-05
archaeological_occupation,AIDA_12177,"Sant'Agata Bolognese, Bologna, Emilia Romagna",-525,-500,6.151199340820312e-05
archaeological_occupation,AIDA_12177,"Sant'Agata Bolognese, Bologna, Emilia Romagna",-500,-475,6.443262100219727e-05
archaeological_occupation,AIDA_12177,"Sant'Agata Bolognese, Bologna, Emilia Romagna",-475,-450,7.575750350952148e-05
archaeological_occupation,AIDA_12177,"Sant'Agata Bolognese, Bologna, Emilia Romagna",-450,-425,7.724761962890625e-05
archaeological_occupation,AIDA_12177,"Sant'Agata Bolognese, Bologna, Emilia Romagna",-425,-400,0.00010079145431518555
archaeological_occupation,AIDA_12177,"Sant'Agata Bolognese, Bologna, Emilia Romagna",-400,-375,0.0003834366798400879
archaeological_occupation,AIDA_12177,"Sant'Agata Bolognese, Bologna, Emilia Romagna",-375,-350,0.0006929636001586914
archaeological_occupation,AIDA_12177,"Sant'Agata Bolognese, Bologna, Emilia Romagna",-350,-325,0.001449882984161377
archaeological_occupation,AIDA_12177,"Sant'Agata Bolognese, Bologna, Emilia Romagna",-325,-300,0.0012188553810119629
archaeological_occupation,AIDA_12177,"Sant'Agata Bolognese, Bologna, Emilia Romagna",-300,-275,0.0009491443634033203
archaeological_occupation,AIDA_12177,"Sant'Agata Bolognese, Bologna, Emilia Romagna",-275,-250,0.0007467865943908691
archaeological_occupation,AIDA_12177,"Sant'Agata Bolognese, Bologna, Emilia Romagna",-250,-225,0.000786900520324707
archaeological_occupation,AIDA_12177,"Sant'Agata Bolognese, Bologna, Emilia Romagna",-225,-200,0.001016080379486084
archaeological_occupation,AIDA_12177,"Sant'Agata Bolognese, Bologna, Emilia Romagna",-200,-175,0.0017075538635253906
archaeological_occupation,AIDA_12177,"Sant'Agata Bolognese, Bologna, Emilia Romagna",-175,-150,0.002324998378753662
archaeological_occupation,AIDA_12177,"Sant'Agata Bolognese, Bologna, Emilia Romagna",-150,-125,0.0027971863746643066
archaeological_occupation,AIDA_12177,"Sant'Agata Bolognese, Bologna, Emilia Romagna",-125,-100,0.002794206142425537
archaeological_occupation,AIDA_12177,"Sant'Agata Bolognese, Bologna, Emilia Romagna",-100,-75,0.003537893295288086
archaeological_occupation,AIDA_12177,"Sant'Agata Bolognese, Bologna, Emilia Romagna",-75,-50,0.003249824047088623
archaeological_occupation,AIDA_12177,"Sant'Agata Bolognese, Bologna, Emilia Romagna",-50,-25,0.005503296852111816
archaeological_occupation,AIDA_12177,"Sant'Agata Bolognese, Bologna, Emilia Romagna",-25,0,0.005911290645599365
archaeological_occupation,AIDA_12936,Su Putzu 4,-700,-675,9.655952453613281e-06
archaeological_occupation,AIDA_12936,Su Putzu 4,-675,-650,1.2278556823730469e-05
archaeological_occupation,AIDA_12936,Su Putzu 4,-650,-625,8.940696716308594e-06
archaeological_occupation,AIDA_12936,Su Putzu 4,-625,-600,1.704692840576172e-05
archaeological_occupation,AIDA_12936,Su Putzu 4,-600,-575,1.621246337890625e-05
archaeological_occupation,AIDA_12936,Su Putzu 4,-575,-550,7.3909759521484375e-06
archaeological_occupation,AIDA_12936,Su Putzu 4,-550,-525,1.3113021850585938e-06
archaeological_occupation,AIDA_12950,Pranu Illixi,-700,-675,0.08822548389434814
archaeological_occupation,AIDA_12950,Pranu Illixi,-675,-650,0.07646167278289795
archaeological_occupation,AIDA_12950,Pranu Illixi,-650,-625,0.09084641933441162
archaeological_occupation,AIDA_12950,Pranu Illixi,-625,-600,0.08450675010681152
archaeological_occupation,AIDA_12950,Pranu Illixi,-600,-575,0.0857306718826294
archaeological_occupation,AIDA_12950,Pranu Illixi,-575,-550,0.09323298931121826
archaeological_occupation,AIDA_12950,Pranu Illixi,-550,-525,0.06854277849197388
archaeological_occupation,AIDA_12950,Pranu Illixi,-525,-500,0.049843668937683105
archaeological_occupation,AIDA_12950,Pranu Illixi,-500,-475,0.04501575231552124
archaeological_occupation,AIDA_12950,Pranu Illixi,-475,-450,0.031444430351257324
archaeological_occupation,AIDA_12950,Pranu Illixi,-450,-425,0.03021836280822754
archaeological_occupation,AIDA_12950,Pranu Illixi,-425,-400,0.019434630870819092
archaeological_occupation,AIDA_12950,Pranu Illixi,-400,-375,0.00010472536087036133
archaeological_occupation,AIDA_12962,Nuraghe Albucciu,-700,-675,0.000813603401184082
archaeological_occupation,AIDA_12962,Nuraghe Albucciu,-675,-650,0.0008006095886230469
archaeological_occupation,AIDA_12962,Nuraghe Albucciu,-650,-625,0.0008309483528137207
archaeological_occupation,AIDA_12962,Nuraghe Albucciu,-625,-600,0.0009791851043701172
archaeological_occupation,AIDA_12962,Nuraghe Albucciu,-600,-575,0.0009579658508300781
archaeological_occupation,AIDA_12962,Nuraghe Albucciu,-575,-550,0.0008088350296020508
archaeological_occupation,AIDA_12962,Nuraghe Albucciu,-550,-525,0.0005336999893188477
archaeological_occupation,AIDA_12962,Nuraghe Albucciu,-525,-500,0.0004292726516723633
archaeological_occupation,AIDA_12962,Nuraghe Albucciu,-500,-475,0.00041043758392333984
archaeological_occupation,AIDA_12962,Nuraghe Albucciu,-475,-450,0.00035881996154785156
archaeological_occupation,AIDA_12962,Nuraghe Albucciu,-450,-425,0.00035369396209716797
archaeological_occupation,AIDA_12962,Nuraghe Albucciu,-425,-400,0.0002964138984680176
archaeological_occupation,AIDA_12962,Nuraghe Albucciu,-400,-375,8.219480514526367e-05
archaeological_occupation,AIDA_12962,Nuraghe Albucciu,-375,-350,3.606081008911133e-05
archaeological_occupation,AIDA_12962,Nuraghe Albucciu,-350,-325,1.3053417205810547e-05
archaeological_occupation,AIDA_12962,Nuraghe Albucciu,-325,-300,1.6748905181884766e-05
archaeological_occupation,AIDA_12962,Nuraghe Albucciu,-300,-275,2.3484230041503906e-05
archaeological_occupation,AIDA_12962,Nuraghe Albucciu,-275,-250,3.24249267578125e-05
archaeological_occupation,AIDA_12962,Nuraghe Albucciu,-250,-225,3.045797348022461e-05
archaeological_occupation,AIDA_12962,Nuraghe Albucciu,-225,-200,2.1398067474365234e-05
archaeological_occupation,AIDA_12962,Nuraghe Albucciu,-200,-175,9.715557098388672e-06
archaeological_occupation,AIDA_12962,Nuraghe Albucciu,-175,-150,5.900859832763672e-06
archaeological_occupation,AIDA_12962,Nuraghe Albucciu,-150,-125,4.112720489501953e-06
archaeological_occupation,AIDA_12962,Nuraghe Albucciu,-125,-100,4.112720489501953e-06
archaeological_occupation,AIDA_12962,Nuraghe Albucciu,-100,-75,2.682209014892578e-06
archaeological_occupation,AIDA_12962,Nuraghe Albucciu,-75,-50,3.159046173095703e-06
archaeological_occupation,AIDA_12962,Nuraghe Albucciu,-50,-25,1.1324882507324219e-06
archaeological_occupation,AIDA_13019,Ortu Comidu,-700,-675,0.01354748010635376
archaeological_occupation,AIDA_13019,Ortu Comidu,-675,-650,0.01308351755142212
archaeological_occupation,AIDA_13019,Ortu Comidu,-650,-625,0.01388615369796753
archaeological_occupation,AIDA_13019,Ortu Comidu,-625,-600,0.015202581882476807
archaeological_occupation,AIDA_13019,Ortu Comidu,-600,-575,0.014958381652832031
archaeological_occupation,AIDA_13019,Ortu Comidu,-575,-550,0.013711810111999512
archaeological_occupation,AIDA_13019,Ortu Comidu,-550,-525,0.010328710079193115
archaeological_occupation,AIDA_13019,Ortu Comidu,-525,-500,0.008901417255401611
archaeological_occupation,AIDA_13019,Ortu Comidu,-500,-475,0.00862497091293335
archaeological_occupation,AIDA_13019,Ortu Comidu,-475,-450,0.007823288440704346
archaeological_occupation,AIDA_13019,Ortu Comidu,-450,-425,0.007739603519439697
archaeological_occupation,AIDA_13019,Ortu Comidu,-425,-400,0.006762862205505371
archaeological_occupation,AIDA_13019,Ortu Comidu,-400,-375,0.002556443214416504
archaeological_occupation,AIDA_13019,Ortu Comidu,-375,-350,0.001370251178741455
archaeological_occupation,AIDA_13019,Ortu Comidu,-350,-325,0.0006152987480163574
archaeological_occupation,AIDA_13019,Ortu Comidu,-325,-300,0.0007495880126953125
archaeological_occupation,AIDA_13019,Ortu Comidu,-300,-275,0.0009798407554626465
archaeological_occupation,AIDA_13019,Ortu Comidu,-275,-250,0.001262366771697998
archaeological_occupation,AIDA_13019,Ortu Comidu,-250,-225,0.001201927661895752
archaeological_occupation,AIDA_13019,Ortu Comidu,-225,-200,0.0009107589721679688
archaeological_occupation,AIDA_13019,Ortu Comidu,-200,-175,0.0004894137382507324
archaeological_occupation,AIDA_13019,Ortu Comidu,-175,-150,0.0003287792205810547
archaeological_occupation,AIDA_13019,Ortu Comidu,-150,-125,0.0002478957176208496
archaeological_occupation,AIDA_13019,Ortu Comidu,-125,-100,0.0002480149269104004
archaeological_occupation,AIDA_13019,Ortu Comidu,-100,-75,0.00017410516738891602
archaeological_occupation,AIDA_13019,Ortu Comidu,-75,-50,0.00019866228103637695
archaeological_occupation,AIDA_13019,Ortu Comidu,-50,-25,8.606910705566406e-05
archaeological_occupation,AIDA_13019,Ortu Comidu,-25,0,7.289648056030273e-05
archaeological_occupation,AIDA_13023,"Lago di Mezzano, Site II",-700,-675,0.011968016624450684
archaeological_occupation,AIDA_13023,"Lago di Mezzano, Site II",-675,-650,0.011788129806518555
archaeological_occupation,AIDA_13023,"Lago di Mezzano, Site II",-650,-625,0.012080490589141846
archaeological_occupation,AIDA_13023,"Lago di Mezzano, Site II",-625,-600,0.012475430965423584
archaeological_occupation,AIDA_13023,"Lago di Mezzano, Site II",-600,-575,0.012402474880218506
archaeological_occupation,AIDA_13023,"Lago di Mezzano, Site II",-575,-550,0.012032270431518555
archaeological_occupation,AIDA_13023,"Lago di Mezzano, Site II",-550,-525,0.010889708995819092
archaeological_occupation,AIDA_13023,"Lago di Mezzano, Site II",-525,-500,0.010367333889007568
archaeological_occupation,AIDA_13023,"Lago di Mezzano, Site II",-500,-475,0.010259091854095459
archaeological_occupation,AIDA_13023,"Lago di Mezzano, Site II",-475,-450,0.00991898775100708
archaeological_occupation,AIDA_13023,"Lago di Mezzano, Site II",-450,-425,0.00988095998764038
archaeological_occupation,AIDA_13023,"Lago di Mezzano, Site II",-425,-400,0.009398221969604492
archaeological_occupation,AIDA_13023,"Lago di Mezzano, Site II",-400,-375,0.006646573543548584
archaeological_occupation,AIDA_13023,"Lago di Mezzano, Site II",-375,-350,0.005375087261199951
archaeological_occupation,AIDA_13023,"Lago di Mezzano, Site II",-350,-325,0.004022538661956787
archaeological_occupation,AIDA_13023,"Lago di Mezzano, Site II",-325,-300,0.004325509071350098
archaeological_occupation,AIDA_13023,"Lago di Mezzano, Site II",-300,-275,0.004770874977111816
archaeological_occupation,AIDA_13023,"Lago di Mezzano, Site II",-275,-250,0.00522381067276001
archaeological_occupation,AIDA_13023,"Lago di Mezzano, Site II",-250,-225,0.005129754543304443
archaeological_occupation,AIDA_13023,"Lago di Mezzano, Site II",-225,-200,0.004647016525268555
archaeological_occupation,AIDA_13023,"Lago di Mezzano, Site II",-200,-175,0.0037176012992858887
archaeological_occupation,AIDA_13023,"Lago di Mezzano, Site II",-175,-150,0.003211498260498047
archaeological_occupation,AIDA_13023,"Lago di Mezzano, Site II",-150,-125,0.002906203269958496
archaeological_occupation,AIDA_13023,"Lago di Mezzano, Site II",-125,-100,0.002907097339630127
archaeological_occupation,AIDA_13023,"Lago di Mezzano, Site II",-100,-75,0.0025517940521240234
archaeological_occupation,AIDA_13023,"Lago di Mezzano, Site II",-75,-50,0.002678513526916504
archaeological_occupation,AIDA_13023,"Lago di Mezzano, Site II",-50,-25,0.0019512772560119629
archaeological_occupation,AIDA_13023,"Lago di Mezzano, Site II",-25,0,0.0018457770347595215
archaeological_occupation,AIDA_13024,Nuraghe Serucci,-700,-675,1.3113021850585938e-05
archaeological_occupation,AIDA_13024,Nuraghe Serucci,-675,-650,2.086162567138672e-05
archaeological_occupation,AIDA_13024,Nuraghe Serucci,-650,-625,8.940696716308594e-06
archaeological_occupation,AIDA_13024,Nuraghe Serucci,-625,-600,2.4437904357910156e-05
archaeological_occupation,AIDA_13024,Nuraghe Serucci,-600,-575,2.47955322265625e-05
archaeological_occupation,AIDA_13024,Nuraghe Serucci,-575,-550,6.4373016357421875e-06
archaeological_occupation,AIDA_13033,Su Foxi 'e S'Abba,-700,-675,0.004287660121917725
archaeological_occupation,AIDA_13033,Su Foxi 'e S'Abba,-675,-650,0.005395472049713135
archaeological_occupation,AIDA_13033,Su Foxi 'e S'Abba,-650,-625,0.004015743732452393
archaeological_occupation,AIDA_13033,Su Foxi 'e S'Abba,-625,-600,0.0076056718826293945
archaeological_occupation,AIDA_13033,Su Foxi 'e S'Abba,-600,-575,0.007190227508544922
archaeological_occupation,AIDA_13033,Su Foxi 'e S'Abba,-575,-550,0.00334244966506958
archaeological_occupation,AIDA_13033,Su Foxi 'e S'Abba,-550,-525,0.0005728006362915039
archaeological_occupation,AIDA_13033,Su Foxi 'e S'Abba,-525,-500,7.599592208862305e-05
archaeological_occupation,AIDA_13033,Su Foxi 'e S'Abba,-500,-475,4.9114227294921875e-05
archaeological_occupation,AIDA_13033,Su Foxi 'e S'Abba,-475,-450,1.9371509552001953e-05
archaeological_occupation,AIDA_13033,Su Foxi 'e S'Abba,-450,-425,1.806020736694336e-05
archaeological_occupation,AIDA_13033,Su Foxi 'e S'Abba,-425,-400,9.715557098388672e-06
archaeological_occupation,AIDA_13034,Sa Mandra 'e Sa Giua,-700,-675,0.15890955924987793
archaeological_occupation,AIDA_13034,Sa Mandra 'e Sa Giua,-675,-650,0.15708720684051514
archaeological_occupation,AIDA_13034,Sa Mandra 'e Sa Giua,-650,-625,0.16335606575012207
archaeological_occupation,AIDA_13034,Sa Mandra 'e Sa Giua,-625,-600,0.19493699073791504
archaeological_occupation,AIDA_13034,Sa Mandra 'e Sa Giua,-600,-575,0.1894153356552124
archaeological_occupation,AIDA_13034,Sa Mandra 'e Sa Giua,-575,-550,0.15815883874893188
archaeological_occupation,AIDA_13034,Sa Mandra 'e Sa Giua,-550,-525,0.10218930244445801
archaeological_occupation,AIDA_13034,Sa Mandra 'e Sa Giua,-525,-500,0.08226346969604492
archaeological_occupation,AIDA_13034,Sa Mandra 'e Sa Giua,-500,-475,0.07890123128890991
archaeological_occupation,AIDA_13034,Sa Mandra 'e Sa Giua,-475,-450,0.06926977634429932
archaeological_occupation,AIDA_13034,Sa Mandra 'e Sa Giua,-450,-425,0.06823998689651489
archaeological_occupation,AIDA_13034,Sa Mandra 'e Sa Giua,-425,-400,0.05585378408432007
archaeological_occupation,AIDA_13034,Sa Mandra 'e Sa Giua,-400,-375,0.007511734962463379
archaeological_occupation,AIDA_13034,Sa Mandra 'e Sa Giua,-375,-350,0.0008476376533508301
archaeological_occupation,AIDA_13034,Sa Mandra 'e Sa Giua,-350,-325,4.178285598754883e-05
archaeological_occupation,AIDA_13034,Sa Mandra 'e Sa Giua,-325,-300,8.654594421386719e-05
archaeological_occupation,AIDA_13034,Sa Mandra 'e Sa Giua,-300,-275,0.00023800134658813477
archaeological_occupation,AIDA_13034,Sa Mandra 'e Sa Giua,-275,-250,0.0006195902824401855
archaeological_occupation,AIDA_13034,Sa Mandra 'e Sa Giua,-250,-225,0.000527501106262207
archaeological_occupation,AIDA_13034,Sa Mandra 'e Sa Giua,-225,-200,0.00017589330673217773
archaeological_occupation,AIDA_13034,Sa Mandra 'e Sa Giua,-200,-175,1.2159347534179688e-05
archaeological_occupation,AIDA_13034,Sa Mandra 'e Sa Giua,-175,-150,2.205371856689453e-06
archaeological_occupation,AIDA_13036,Grotta- Santuario di Pirosu o Su Benatzu,-700,-675,0.001970946788787842
archaeological_occupation,AIDA_13036,Grotta- Santuario di Pirosu o Su Benatzu,-675,-650,0.002293109893798828
archaeological_occupation,AIDA_13036,Grotta- Santuario di Pirosu o Su Benatzu,-650,-625,0.0019469857215881348
archaeological_occupation,AIDA_13036,Grotta- Santuario di Pirosu o Su Benatzu,-625,-600,0.0033402442932128906
archaeological_occupation,AIDA_13036,Grotta- Santuario di Pirosu o Su Benatzu,-600,-575,0.003149747848510742
archaeological_occupation,AIDA_13036,Grotta- Santuario di Pirosu o Su Benatzu,-575,-550,0.0016897916793823242
archaeological_occupation,AIDA_13036,Grotta- Santuario di Pirosu o Su Benatzu,-550,-525,0.00035887956619262695
archaeological_occupation,AIDA_13036,Grotta- Santuario di Pirosu o Su Benatzu,-525,-500,7.778406143188477e-05
archaeological_occupation,AIDA_13036,Grotta- Santuario di Pirosu o Su Benatzu,-500,-475,5.620718002319336e-05
archaeological_occupation,AIDA_13036,Grotta- Santuario di Pirosu o Su Benatzu,-475,-450,2.664327621459961e-05
archaeological_occupation,AIDA_13036,Grotta- Santuario di Pirosu o Su Benatzu,-450,-425,2.5093555450439453e-05
archaeological_occupation,AIDA_13036,Grotta- Santuario di Pirosu o Su Benatzu,-425,-400,1.424551010131836e-05
archaeological_occupation,AIDA_13119,Praia di Mare (Grotta della Madonna),-700,-675,0.08018338680267334
archaeological_occupation,AIDA_13119,Praia di Mare (Grotta della Madonna),-675,-650,0.08251911401748657
archaeological_occupation,AIDA_13119,Praia di Mare (Grotta della Madonna),-650,-625,0.08346855640411377
archaeological_occupation,AIDA_13119,Praia di Mare (Grotta della Madonna),-625,-600,0.11612272262573242
archaeological_occupation,AIDA_13119,Praia di Mare (Grotta della Madonna),-600,-575,0.1103634238243103
archaeological_occupation,AIDA_13119,Praia di Mare (Grotta della Madonna),-575,-550,0.07764846086502075
archaeological_occupation,AIDA_13119,Praia di Mare (Grotta della Madonna),-550,-525,0.033462464809417725
archaeological_occupation,AIDA_13119,Praia di Mare (Grotta della Madonna),-525,-500,0.022132813930511475
archaeological_occupation,AIDA_13119,Praia di Mare (Grotta della Madonna),-500,-475,0.020971357822418213
archaeological_occupation,AIDA_13119,Praia di Mare (Grotta della Madonna),-475,-450,0.01896345615386963
archaeological_occupation,AIDA_13119,Praia di Mare (Grotta della Madonna),-450,-425,0.018818318843841553
archaeological_occupation,AIDA_13119,Praia di Mare (Grotta della Madonna),-425,-400,0.01739358901977539
archaeological_occupation,AIDA_13119,Praia di Mare (Grotta della Madonna),-400,-375,0.011319279670715332
archaeological_occupation,AIDA_13119,Praia di Mare (Grotta della Madonna),-375,-350,0.008756518363952637
archaeological_occupation,AIDA_13119,Praia di Mare (Grotta della Madonna),-350,-325,0.006079375743865967
archaeological_occupation,AIDA_13119,Praia di Mare (Grotta della Madonna),-325,-300,0.00666964054107666
archaeological_occupation,AIDA_13119,Praia di Mare (Grotta della Madonna),-300,-275,0.007547974586486816
archaeological_occupation,AIDA_13119,Praia di Mare (Grotta della Madonna),-275,-250,0.008452415466308594
archaeological_occupation,AIDA_13119,Praia di Mare (Grotta della Madonna),-250,-225,0.008264303207397461
archaeological_occupation,AIDA_13119,Praia di Mare (Grotta della Madonna),-225,-200,0.007302463054656982
archaeological_occupation,AIDA_13119,Praia di Mare (Grotta della Madonna),-200,-175,0.0054891109466552734
archaeological_occupation,AIDA_13119,Praia di Mare (Grotta della Madonna),-175,-150,0.004535853862762451
archaeological_occupation,AIDA_13119,Praia di Mare (Grotta della Madonna),-150,-125,0.003973245620727539
archaeological_occupation,AIDA_13119,Praia di Mare (Grotta della Madonna),-125,-100,0.003974735736846924
archaeological_occupation,AIDA_13119,Praia di Mare (Grotta della Madonna),-100,-75,0.0033407211303710938
archaeological_occupation,AIDA_13119,Praia di Mare (Grotta della Madonna),-75,-50,0.003564596176147461
archaeological_occupation,AIDA_13119,Praia di Mare (Grotta della Madonna),-50,-25,0.0023276805877685547
archaeological_occupation,AIDA_13119,Praia di Mare (Grotta della Madonna),-25,0,0.0021541714668273926
archaeological_occupation,AIDA_13515,Acropoli di Lipari,-700,-675,0.07674586772918701
archaeological_occupation,AIDA_13515,Acropoli di Lipari,-675,-650,0.07231813669204712
archaeological_occupation,AIDA_13515,Acropoli di Lipari,-650,-625,0.08263194561004639
archaeological_occupation,AIDA_13515,Acropoli di Lipari,-625,-600,0.1082112193107605
archaeological_occupation,AIDA_13515,Acropoli di Lipari,-600,-575,0.10318416357040405
archaeological_occupation,AIDA_13515,Acropoli di Lipari,-575,-550,0.07873213291168213
archaeological_occupation,AIDA_13515,Acropoli di Lipari,-550,-525,0.028015077114105225
archaeological_occupation,AIDA_13515,Acropoli di Lipari,-525,-500,0.01191014051437378
archaeological_occupation,AIDA_13515,Acropoli di Lipari,-500,-475,0.009720325469970703
archaeological_occupation,AIDA_13515,Acropoli di Lipari,-475,-450,0.005634427070617676
archaeological_occupation,AIDA_13515,Acropoli di Lipari,-450,-425,0.005356848239898682
archaeological_occupation,AIDA_13515,Acropoli di Lipari,-425,-400,0.003233492374420166
archaeological_occupation,AIDA_13515,Acropoli di Lipari,-400,-375,9.47713851928711e-06
archaeological_occupation,AIDA_13697,Bee Berciassa,-700,-675,8.702278137207031e-06
archaeological_occupation,AIDA_13697,Bee Berciassa,-675,-650,2.4139881134033203e-05
archaeological_occupation,AIDA_13697,Bee Berciassa,-650,-625,5.7220458984375e-06
archaeological_occupation,AIDA_13697,Bee Berciassa,-625,-600,2.086162567138672e-06
archaeological_occupation,AIDA_13697,Bee Berciassa,-600,-575,2.6226043701171875e-06
archaeological_occupation,AIDA_13697,Bee Berciassa,-575,-550,5.304813385009766e-06
archaeological_occupation,AIDA_13697,Bee Berciassa,-550,-525,7.396936416625977e-05
archaeological_occupation,AIDA_13697,Bee Berciassa,-525,-500,0.00014460086822509766
archaeological_occupation,AIDA_13697,Bee Berciassa,-500,-475,0.00016582012176513672
archaeological_occupation,AIDA_13697,Bee Berciassa,-475,-450,0.0003044009208679199
archaeological_occupation,AIDA_13697,Bee Berciassa,-450,-425,0.0003313422203063965
archaeological_occupation,AIDA_13697,Bee Berciassa,-425,-400,0.0010916590690612793
archaeological_occupation,AIDA_13697,Bee Berciassa,-400,-375,0.03143465518951416
archaeological_occupation,AIDA_13697,Bee Berciassa,-375,-350,0.07352292537689209
archaeological_occupation,AIDA_13697,Bee Berciassa,-350,-325,0.09859317541122437
archaeological_occupation,AIDA_13697,Bee Berciassa,-325,-300,0.10110872983932495
archaeological_occupation,AIDA_13697,Bee Berciassa,-300,-275,0.0951685905456543
archaeological_occupation,AIDA_13697,Bee Berciassa,-275,-250,0.0797848105430603
archaeological_occupation,AIDA_13697,Bee Berciassa,-250,-225,0.08315205574035645
archaeological_occupation,AIDA_13697,Bee Berciassa,-225,-200,0.0979202389717102
archaeological_occupation,AIDA_13697,Bee Berciassa,-200,-175,0.09286624193191528
archaeological_occupation,AIDA_13697,Bee Berciassa,-175,-150,0.06742441654205322
archaeological_occupation,AIDA_13697,Bee Berciassa,-150,-125,0.04891622066497803
archaeological_occupation,AIDA_13697,Bee Berciassa,-125,-100,0.04895985126495361
archaeological_occupation,AIDA_13697,Bee Berciassa,-100,-75,0.02832329273223877
archaeological_occupation,AIDA_13697,Bee Berciassa,-75,-50,0.03526794910430908
archaeological_occupation,AIDA_13697,Bee Berciassa,-50,-25,0.007216095924377441
archaeological_occupation,AIDA_13697,Bee Berciassa,-25,0,0.004543960094451904
archaeological_occupation,AIDA_13990,Megara Hyblaea,-700,-675,0.022467374801635742
archaeological_occupation,AIDA_13990,Megara Hyblaea,-675,-650,0.030370056629180908
archaeological_occupation,AIDA_13990,Megara Hyblaea,-650,-625,0.019203364849090576
archaeological_occupation,AIDA_13990,Megara Hyblaea,-625,-600,0.012531280517578125
archaeological_occupation,AIDA_13990,Megara Hyblaea,-600,-575,0.01380389928817749
archaeological_occupation,AIDA_13990,Megara Hyblaea,-575,-550,0.01955568790435791
archaeological_occupation,AIDA_13990,Megara Hyblaea,-550,-525,0.05398291349411011
archaeological_occupation,AIDA_13990,Megara Hyblaea,-525,-500,0.07363486289978027
archaeological_occupation,AIDA_13990,Megara Hyblaea,-500,-475,0.07834213972091675
archaeological_occupation,AIDA_13990,Megara Hyblaea,-475,-450,0.0944216251373291
archaeological_occupation,AIDA_13990,Megara Hyblaea,-450,-425,0.09623897075653076
archaeological_occupation,AIDA_13990,Megara Hyblaea,-425,-400,0.11633574962615967
archaeological_occupation,AIDA_13990,Megara Hyblaea,-400,-375,0.1108817458152771
archaeological_occupation,AIDA_13990,Megara Hyblaea,-375,-350,0.045708417892456055
archaeological_occupation,AIDA_13990,Megara Hyblaea,-350,-325,0.00631183385848999
archaeological_occupation,AIDA_13990,Megara Hyblaea,-325,-300,0.010785579681396484
archaeological_occupation,AIDA_13990,Megara Hyblaea,-300,-275,0.02131861448287964
archaeological_occupation,AIDA_13990,Megara Hyblaea,-275,-250,0.038359999656677246
archaeological_occupation,AIDA_13990,Megara Hyblaea,-250,-225,0.034603238105773926
archaeological_occupation,AIDA_13990,Megara Hyblaea,-225,-200,0.01773858070373535
archaeological_occupation,AIDA_13990,Megara Hyblaea,-200,-175,0.002806723117828369
archaeological_occupation,AIDA_13990,Megara Hyblaea,-175,-150,0.0007524490356445312
archaeological_occupation,AIDA_13990,Megara Hyblaea,-150,-125,0.00022220611572265625
archaeological_occupation,AIDA_13990,Megara Hyblaea,-125,-100,0.00022047758102416992
archaeological_occupation,AIDA_13990,Megara Hyblaea,-100,-75,5.340576171875e-05
archaeological_occupation,AIDA_13990,Megara Hyblaea,-75,-50,9.202957153320312e-05
archaeological_occupation,AIDA_13990,Megara Hyblaea,-50,-25,3.993511199951172e-06
archaeological_occupation,AIDA_13990,Megara Hyblaea,-25,0,1.1324882507324219e-06
archaeological_occupation,AIDA_14038,Gran Carro,-700,-675,0.00013697147369384766
archaeological_occupation,AIDA_14038,Gran Carro,-675,-650,0.0001932978630065918
archaeological_occupation,AIDA_14038,Gran Carro,-650,-625,0.00011342763900756836
archaeological_occupation,AIDA_14038,Gran Carro,-625,-600,0.00025087594985961914
archaeological_occupation,AIDA_14038,Gran Carro,-600,-575,0.00024312734603881836
archaeological_occupation,AIDA_14038,Gran Carro,-575,-550,8.863210678100586e-05
archaeological_occupation,AIDA_14038,Gran Carro,-550,-525,1.2278556823730469e-05
archaeological_occupation,AIDA_14038,Gran Carro,-525,-500,1.1324882507324219e-06
archaeological_occupation,AIDA_14177,Su Tintiriolu,-175,-150,6.496906280517578e-06
archaeological_occupation,AIDA_14177,Su Tintiriolu,-150,-125,2.467632293701172e-05
archaeological_occupation,AIDA_14177,Su Tintiriolu,-125,-100,2.372264862060547e-05
archaeological_occupation,AIDA_14177,Su Tintiriolu,-100,-75,0.00018274784088134766
archaeological_occupation,AIDA_14177,Su Tintiriolu,-75,-50,9.417533874511719e-05
archaeological_occupation,AIDA_14177,Su Tintiriolu,-50,-25,0.005611777305603027
archaeological_occupation,AIDA_14177,Su Tintiriolu,-25,0,0.007532000541687012
archaeological_occupation,AIDA_1586,Vadena,-700,-675,0.05610167980194092
archaeological_occupation,AIDA_1586,Vadena,-675,-650,0.05820357799530029
archaeological_occupation,AIDA_1586,Vadena,-650,-625,0.05885404348373413
archaeological_occupation,AIDA_1586,Vadena,-625,-600,0.08788472414016724
archaeological_occupation,AIDA_1586,Vadena,-600,-575,0.08291435241699219
archaeological_occupation,AIDA_1586,Vadena,-575,-550,0.05373436212539673
archaeological_occupation,AIDA_1586,Vadena,-550,-525,0.014462769031524658
archaeological_occupation,AIDA_1586,Vadena,-525,-500,0.004361271858215332
archaeological_occupation,AIDA_1586,Vadena,-500,-475,0.003325223922729492
archaeological_occupation,AIDA_1586,Vadena,-475,-450,0.001704394817352295
archaeological_occupation,AIDA_1586,Vadena,-450,-425,0.001609504222869873
archaeological_occupation,AIDA_1586,Vadena,-425,-400,0.0009315013885498047
archaeological_occupation,AIDA_1586,Vadena,-400,-375,1.1920928955078125e-06
archaeological_occupation,AIDA_1609,Dicomano,-700,-675,4.947185516357422e-06
archaeological_occupation,AIDA_1609,Dicomano,-675,-650,6.020069122314453e-06
archaeological_occupation,AIDA_1609,Dicomano,-650,-625,4.708766937255859e-06
archaeological_occupation,AIDA_1609,Dicomano,-625,-600,8.52346420288086e-06
archaeological_occupation,AIDA_1609,Dicomano,-600,-575,8.106231689453125e-06
archaeological_occupation,AIDA_1609,Dicomano,-575,-550,4.0531158447265625e-06
archaeological_occupation,AIDA_16098,Latsch,-700,-675,0.10216546058654785
archaeological_occupation,AIDA_16098,Latsch,-675,-650,0.11336565017700195
archaeological_occupation,AIDA_16098,Latsch,-650,-625,0.10077381134033203
archaeological_occupation,AIDA_16098,Latsch,-625,-600,0.11994671821594238
archaeological_occupation,AIDA_16098,Latsch,-600,-575,0.11644977331161499
archaeological_occupation,AIDA_16098,Latsch,-575,-550,0.09628921747207642
archaeological_occupation,AIDA_16098,Latsch,-550,-525,0.1012006402015686
archaeological_occupation,AIDA_16098,Latsch,-525,-500,0.11176043748855591
archaeological_occupation,AIDA_16098,Latsch,-500,-475,0.11469966173171997
archaeological_occupation,AIDA_16098,Latsch,-475,-450,0.11909109354019165
archaeological_occupation,AIDA_16098,Latsch,-450,-425,0.1189153790473938
archaeological_occupation,AIDA_16098,Latsch,-425,-400,0.1068727970123291
archaeological_occupation,AIDA_16098,Latsch,-400,-375,0.01218414306640625
archaeological_occupation,AIDA_16098,Latsch,-375,-350,0.00027436017990112305
archaeological_occupation,AIDA_16098,Latsch,-350,-325,1.6689300537109375e-06
archaeological_occupation,AIDA_16098,Latsch,-325,-300,5.185604095458984e-06
archaeological_occupation,AIDA_16098,Latsch,-300,-275,3.063678741455078e-05
archaeological_occupation,AIDA_16098,Latsch,-275,-250,0.00016045570373535156
archaeological_occupation,AIDA_16098,Latsch,-250,-225,0.00012409687042236328
archaeological_occupation,AIDA_16098,Latsch,-225,-200,1.633167266845703e-05
archaeological_occupation,AIDA_1610,Stofles,-700,-675,0.00017493963241577148
archaeological_occupation,AIDA_1610,Stofles,-675,-650,0.0002059340476989746
archaeological_occupation,AIDA_1610,Stofles,-650,-625,0.0001710057258605957
archaeological_occupation,AIDA_1610,Stofles,-625,-600,0.0002968907356262207
archaeological_occupation,AIDA_1610,Stofles,-600,-575,0.00028067827224731445
archaeological_occupation,AIDA_1610,Stofles,-575,-550,0.00014781951904296875
archaeological_occupation,AIDA_1610,Stofles,-550,-525,3.159046173095703e-05
archaeological_occupation,AIDA_1610,Stofles,-525,-500,7.212162017822266e-06
archaeological_occupation,AIDA_1610,Stofles,-500,-475,5.304813385009766e-06
archaeological_occupation,AIDA_1610,Stofles,-475,-450,2.6226043701171875e-06
archaeological_occupation,AIDA_1610,Stofles,-450,-425,2.4437904357910156e-06
archaeological_occupation,AIDA_1610,Stofles,-425,-400,1.430511474609375e-06
archaeological_occupation,AIDA_1619,"Arma di Nasino, Val Pennavaira",-700,-675,0.08838242292404175
archaeological_occupation,AIDA_1619,"Arma di Nasino, Val Pennavaira",-675,-650,0.08749151229858398
archaeological_occupation,AIDA_1619,"Arma di Nasino, Val Pennavaira",-650,-625,0.09336930513381958
archaeological_occupation,AIDA_1619,"Arma di Nasino, Val Pennavaira",-625,-600,0.11245262622833252
archaeological_occupation,AIDA_1619,"Arma di Nasino, Val Pennavaira",-600,-575,0.10847324132919312
archaeological_occupation,AIDA_1619,"Arma di Nasino, Val Pennavaira",-575,-550,0.09040653705596924
archaeological_occupation,AIDA_1619,"Arma di Nasino, Val Pennavaira",-550,-525,0.06613671779632568
archaeological_occupation,AIDA_1619,"Arma di Nasino, Val Pennavaira",-525,-500,0.07199794054031372
archaeological_occupation,AIDA_1619,"Arma di Nasino, Val Pennavaira",-500,-475,0.07613641023635864
archaeological_occupation,AIDA_1619,"Arma di Nasino, Val Pennavaira",-475,-450,0.1054234504699707
archaeological_occupation,AIDA_1619,"Arma di Nasino, Val Pennavaira",-450,-425,0.11042183637619019
archaeological_occupation,AIDA_1619,"Arma di Nasino, Val Pennavaira",-425,-400,0.1995910406112671
archaeological_occupation,AIDA_1619,"Arma di Nasino, Val Pennavaira",-400,-375,0.5636996626853943
archaeological_occupation,AIDA_1619,"Arma di Nasino, Val Pennavaira",-375,-350,0.4195059537887573
archaeological_occupation,AIDA_1619,"Arma di Nasino, Val Pennavaira",-350,-325,0.16918694972991943
archaeological_occupation,AIDA_1619,"Arma di Nasino, Val Pennavaira",-325,-300,0.20996695756912231
archaeological_occupation,AIDA_1619,"Arma di Nasino, Val Pennavaira",-300,-275,0.28534871339797974
archaeological_occupation,AIDA_1619,"Arma di Nasino, Val Pennavaira",-275,-250,0.3835829496383667
archaeological_occupation,AIDA_1619,"Arma di Nasino, Val Pennavaira",-250,-225,0.3630892038345337
archaeological_occupation,AIDA_1619,"Arma di Nasino, Val Pennavaira",-225,-200,0.26185548305511475
archaeological_occupation,AIDA_1619,"Arma di Nasino, Val Pennavaira",-200,-175,0.13179051876068115
archaeological_occupation,AIDA_1619,"Arma di Nasino, Val Pennavaira",-175,-150,0.09487372636795044
archaeological_occupation,AIDA_1619,"Arma di Nasino, Val Pennavaira",-150,-125,0.08555430173873901
archaeological_occupation,AIDA_1619,"Arma di Nasino, Val Pennavaira",-125,-100,0.0854177474975586
archaeological_occupation,AIDA_1619,"Arma di Nasino, Val Pennavaira",-100,-75,0.09447574615478516
archaeological_occupation,AIDA_1619,"Arma di Nasino, Val Pennavaira",-75,-50,0.08956021070480347
archaeological_occupation,AIDA_1619,"Arma di Nasino, Val Pennavaira",-50,-25,0.11680817604064941
archaeological_occupation,AIDA_1619,"Arma di Nasino, Val Pennavaira",-25,0,0.11899816989898682
archaeological_occupation,AIDA_16616,Salve,-700,-675,0.02928459644317627
archaeological_occupation,AIDA_16616,Salve,-675,-650,0.02896219491958618
archaeological_occupation,AIDA_16616,Salve,-650,-625,0.029470443725585938
archaeological_occupation,AIDA_16616,Salve,-625,-600,0.03005427122116089
archaeological_occupation,AIDA_16616,Salve,-600,-575,0.02994406223297119
archaeological_occupation,AIDA_16616,Salve,-575,-550,0.029404103755950928
archaeological_occupation,AIDA_16616,Salve,-550,-525,0.027542293071746826
archaeological_occupation,AIDA_16616,Salve,-525,-500,0.02665048837661743
archaeological_occupation,AIDA_16616,Salve,-500,-475,0.02645939588546753
archaeological_occupation,AIDA_16616,Salve,-475,-450,0.025835871696472168
archaeological_occupation,AIDA_16616,Salve,-450,-425,0.02576392889022827
archaeological_occupation,AIDA_16616,Salve,-425,-400,0.024817347526550293
archaeological_occupation,AIDA_16616,Salve,-400,-375,0.01878446340560913
archaeological_occupation,AIDA_16616,Salve,-375,-350,0.01558011770248413
archaeological_occupation,AIDA_16616,Salve,-350,-325,0.011810660362243652
archaeological_occupation,AIDA_16616,Salve,-325,-300,0.012683272361755371
archaeological_occupation,AIDA_16616,Salve,-300,-275,0.013938724994659424
archaeological_occupation,AIDA_16616,Salve,-275,-250,0.015176713466644287
archaeological_occupation,AIDA_16616,Salve,-250,-225,0.014921009540557861
archaeological_occupation,AIDA_16616,Salve,-225,-200,0.013593614101409912
archaeological_occupation,AIDA_16616,Salve,-200,-175,0.010924220085144043
archaeological_occupation,AIDA_16616,Salve,-175,-150,0.009411275386810303
archaeological_occupation,AIDA_16616,Salve,-150,-125,0.00848478078842163
archaeological_occupation,AIDA_16616,Salve,-125,-100,0.008487582206726074
archaeological_occupation,AIDA_16616,Salve,-100,-75,0.007392406463623047
archaeological_occupation,AIDA_16616,Salve,-75,-50,0.007784426212310791
archaeological_occupation,AIDA_16616,Salve,-50,-25,0.005518138408660889
archaeological_occupation,AIDA_16616,Salve,-25,0,0.005187869071960449
archaeological_occupation,AIDA_16623,"S. Antonio, Buccino",-700,-675,8.702278137207031e-06
archaeological_occupation,AIDA_16623,"S. Antonio, Buccino",-675,-650,8.64267349243164e-06
archaeological_occupation,AIDA_16623,"S. Antonio, Buccino",-650,-625,8.940696716308594e-06
archaeological_occupation,AIDA_16623,"S. Antonio, Buccino",-625,-600,1.0907649993896484e-05
archaeological_occupation,AIDA_16623,"S. Antonio, Buccino",-600,-575,1.0609626770019531e-05
archaeological_occupation,AIDA_16623,"S. Antonio, Buccino",-575,-550,8.702278137207031e-06
archaeological_occupation,AIDA_16623,"S. Antonio, Buccino",-550,-525,5.304813385009766e-06
archaeological_occupation,AIDA_16623,"S. Antonio, Buccino",-525,-500,4.112720489501953e-06
archaeological_occupation,AIDA_16623,"S. Antonio, Buccino",-500,-475,3.933906555175781e-06
archaeological_occupation,AIDA_16623,"S. Antonio, Buccino",-475,-450,3.4570693969726562e-06
archaeological_occupation,AIDA_16623,"S. Antonio, Buccino",-450,-425,3.3974647521972656e-06
archaeological_occupation,AIDA_16623,"S. Antonio, Buccino",-425,-400,2.8014183044433594e-06
archaeological_occupation,AIDA_16626,Riace,-700,-675,0.28893619775772095
archaeological_occupation,AIDA_16626,Riace,-675,-650,0.377236545085907
archaeological_occupation,AIDA_16626,Riace,-650,-625,0.2554050087928772
archaeological_occupation,AIDA_16626,Riace,-625,-600,0.19227266311645508
archaeological_occupation,AIDA_16626,Riace,-600,-575,0.2043125033378601
archaeological_occupation,AIDA_16626,Riace,-575,-550,0.25653111934661865
archaeological_occupation,AIDA_16626,Riace,-550,-525,0.5732903480529785
archaeological_occupation,AIDA_16626,Riace,-525,-500,0.704582929611206
archaeological_occupation,AIDA_16626,Riace,-500,-475,0.7315922975540161
archaeological_occupation,AIDA_16626,Riace,-475,-450,0.8131784200668335
archaeological_occupation,AIDA_16626,Riace,-450,-425,0.8212082386016846
archaeological_occupation,AIDA_16626,Riace,-425,-400,0.8920178413391113
archaeological_occupation,AIDA_16626,Riace,-400,-375,0.8162967562675476
archaeological_occupation,AIDA_16626,Riace,-375,-350,0.2650020718574524
archaeological_occupation,AIDA_16626,Riace,-350,-325,0.024237990379333496
archaeological_occupation,AIDA_16626,Riace,-325,-300,0.04043072462081909
archaeological_occupation,AIDA_16626,Riace,-300,-275,0.09007710218429565
archaeological_occupation,AIDA_16626,Riace,-275,-250,0.20369434356689453
archaeological_occupation,AIDA_16626,Riace,-250,-225,0.17758679389953613
archaeological_occupation,AIDA_16626,Riace,-225,-200,0.07015877962112427
archaeological_occupation,AIDA_16626,Riace,-200,-175,0.012531280517578125
archaeological_occupation,AIDA_16626,Riace,-175,-150,0.005291283130645752
archaeological_occupation,AIDA_16626,Riace,-150,-125,0.0027375221252441406
archaeological_occupation,AIDA_16626,Riace,-125,-100,0.0027336478233337402
archaeological_occupation,AIDA_16626,Riace,-100,-75,0.0012328624725341797
archaeological_occupation,AIDA_16626,Riace,-75,-50,0.0016679167747497559
archaeological_occupation,AIDA_16626,Riace,-50,-25,0.0002573728561401367
archaeological_occupation,AIDA_16626,Riace,-25,0,0.00015419721603393555
archaeological_occupation,AIDA_16628,Laion/Lajen,-700,-675,0.25743377208709717
archaeological_occupation,AIDA_16628,Laion/Lajen,-675,-650,0.24754440784454346
archaeological_occupation,AIDA_16628,Laion/Lajen,-650,-625,0.2572174072265625
archaeological_occupation,AIDA_16628,Laion/Lajen,-625,-600,0.25909650325775146
archaeological_occupation,AIDA_16628,Laion/Lajen,-600,-575,0.25949573516845703
archaeological_occupation,AIDA_16628,Laion/Lajen,-575,-550,0.25790780782699585
archaeological_occupation,AIDA_16628,Laion/Lajen,-550,-525,0.2210712432861328
archaeological_occupation,AIDA_16628,Laion/Lajen,-525,-500,0.1872987151145935
archaeological_occupation,AIDA_16628,Laion/Lajen,-500,-475,0.17705082893371582
archaeological_occupation,AIDA_16628,Laion/Lajen,-475,-450,0.1401219367980957
archaeological_occupation,AIDA_16628,Laion/Lajen,-450,-425,0.13609075546264648
archaeological_occupation,AIDA_16628,Laion/Lajen,-425,-400,0.09475624561309814
archaeological_occupation,AIDA_16628,Laion/Lajen,-400,-375,0.001215815544128418
archaeological_occupation,AIDA_16628,Laion/Lajen,-375,-350,1.2516975402832031e-06
archaeological_occupation,AIDA_16629,Stufles,-700,-675,0.24581462144851685
archaeological_occupation,AIDA_16629,Stufles,-675,-650,0.24426835775375366
archaeological_occupation,AIDA_16629,Stufles,-650,-625,0.25515180826187134
archaeological_occupation,AIDA_16629,Stufles,-625,-600,0.3053070902824402
archaeological_occupation,AIDA_16629,Stufles,-600,-575,0.295859158039093
archaeological_occupation,AIDA_16629,Stufles,-575,-550,0.24692225456237793
archaeological_occupation,AIDA_16629,Stufles,-550,-525,0.16552114486694336
archaeological_occupation,AIDA_16629,Stufles,-525,-500,0.1456887125968933
archaeological_occupation,AIDA_16629,Stufles,-500,-475,0.14415961503982544
archaeological_occupation,AIDA_16629,Stufles,-475,-450,0.13626563549041748
archaeological_occupation,AIDA_16629,Stufles,-450,-425,0.1346743106842041
archaeological_occupation,AIDA_16629,Stufles,-425,-400,0.10695326328277588
archaeological_occupation,AIDA_16629,Stufles,-400,-375,0.0036017298698425293
archaeological_occupation,AIDA_16629,Stufles,-375,-350,4.172325134277344e-06
archaeological_occupation,AIDA_16629,Stufles,-275,-250,2.0265579223632812e-06
archaeological_occupation,AIDA_16629,Stufles,-250,-225,1.3709068298339844e-06
archaeological_occupation,AIDA_16630,Fidene,-700,-675,2.562999725341797e-06
archaeological_occupation,AIDA_16630,Fidene,-675,-650,3.635883331298828e-06
archaeological_occupation,AIDA_16630,Fidene,-650,-625,2.086162567138672e-06
archaeological_occupation,AIDA_16630,Fidene,-625,-600,4.708766937255859e-06
archaeological_occupation,AIDA_16630,Fidene,-600,-575,4.5299530029296875e-06
archaeological_occupation,AIDA_16630,Fidene,-575,-550,1.6689300537109375e-06
archaeological_occupation,AIDA_16632,Satricum,-700,-675,0.0007960796356201172
archaeological_occupation,AIDA_16632,Satricum,-675,-650,0.0013611912727355957
archaeological_occupation,AIDA_16632,Satricum,-650,-625,0.00046324729919433594
archaeological_occupation,AIDA_16632,Satricum,-625,-600,0.0014843344688415527
archaeological_occupation,AIDA_16632,Satricum,-600,-575,0.0015645027160644531
archaeological_occupation,AIDA_16632,Satricum,-575,-550,0.0003085136413574219
archaeological_occupation,AIDA_16632,Satricum,-550,-525,2.4080276489257812e-05
archaeological_occupation,AIDA_16641,Moscosi di Cingoli,-700,-675,0.0697629451751709
archaeological_occupation,AIDA_16641,Moscosi di Cingoli,-675,-650,0.06598687171936035
archaeological_occupation,AIDA_16641,Moscosi di Cingoli,-650,-625,0.07168561220169067
archaeological_occupation,AIDA_16641,Moscosi di Cingoli,-625,-600,0.07596617937088013
archaeological_occupation,AIDA_16641,Moscosi di Cingoli,-600,-575,0.07510507106781006
archaeological_occupation,AIDA_16641,Moscosi di Cingoli,-575,-550,0.07134592533111572
archaeological_occupation,AIDA_16641,Moscosi di Cingoli,-550,-525,0.05373018980026245
archaeological_occupation,AIDA_16641,Moscosi di Cingoli,-525,-500,0.04496002197265625
archaeological_occupation,AIDA_16641,Moscosi di Cingoli,-500,-475,0.04305732250213623
archaeological_occupation,AIDA_16641,Moscosi di Cingoli,-475,-450,0.037201642990112305
archaeological_occupation,AIDA_16641,Moscosi di Cingoli,-450,-425,0.03657585382461548
archaeological_occupation,AIDA_16641,Moscosi di Cingoli,-425,-400,0.02938765287399292
archaeological_occupation,AIDA_16641,Moscosi di Cingoli,-400,-375,0.0039865970611572266
archaeological_occupation,AIDA_16641,Moscosi di Cingoli,-375,-350,0.0006282329559326172
archaeological_occupation,AIDA_16641,Moscosi di Cingoli,-350,-325,5.513429641723633e-05
archaeological_occupation,AIDA_16641,Moscosi di Cingoli,-325,-300,9.989738464355469e-05
archaeological_occupation,AIDA_16641,Moscosi di Cingoli,-300,-275,0.0002250075340270996
archaeological_occupation,AIDA_16641,Moscosi di Cingoli,-275,-250,0.00048720836639404297
archaeological_occupation,AIDA_16641,Moscosi di Cingoli,-250,-225,0.0004259347915649414
archaeological_occupation,AIDA_16641,Moscosi di Cingoli,-225,-200,0.00017780065536499023
archaeological_occupation,AIDA_16641,Moscosi di Cingoli,-200,-175,2.2411346435546875e-05
archaeological_occupation,AIDA_16641,Moscosi di Cingoli,-175,-150,5.9604644775390625e-06
archaeological_occupation,AIDA_16641,Moscosi di Cingoli,-150,-125,1.8477439880371094e-06
archaeological_occupation,AIDA_16641,Moscosi di Cingoli,-125,-100,1.8477439880371094e-06
archaeological_occupation,AIDA_16664,Valmaione 3,-425,-400,8.64267349243164e-06
archaeological_occupation,AIDA_16664,Valmaione 3,-400,-375,0.041561782360076904
archaeological_occupation,AIDA_16664,Valmaione 3,-375,-350,0.1507677435874939
archaeological_occupation,AIDA_16664,Valmaione 3,-350,-325,0.0564885139465332
archaeological_occupation,AIDA_16664,Valmaione 3,-325,-300,0.09715414047241211
archaeological_occupation,AIDA_16664,Valmaione 3,-300,-275,0.15520817041397095
archaeological_occupation,AIDA_16664,Valmaione 3,-275,-250,0.16541028022766113
archaeological_occupation,AIDA_16664,Valmaione 3,-250,-225,0.1655731201171875
archaeological_occupation,AIDA_16664,Valmaione 3,-225,-200,0.1433083415031433
archaeological_occupation,AIDA_16664,Valmaione 3,-200,-175,0.020984530448913574
archaeological_occupation,AIDA_16664,Valmaione 3,-175,-150,0.003003716468811035
archaeological_occupation,AIDA_16664,Valmaione 3,-150,-125,0.00024145841598510742
archaeological_occupation,AIDA_16664,Valmaione 3,-125,-100,0.0002326369285583496
archaeological_occupation,AIDA_16664,Valmaione 3,-100,-75,1.4662742614746094e-05
archaeological_occupation,AIDA_16664,Valmaione 3,-75,-50,4.202127456665039e-05
archaeological_occupation,AIDA_16666,San Zeno,-700,-675,1.7285346984863281e-06
archaeological_occupation,AIDA_16666,San Zeno,-675,-650,1.233816146850586e-05
archaeological_occupation,AIDA_16666,San Zeno,-550,-525,6.93202018737793e-05
archaeological_occupation,AIDA_16666,San Zeno,-525,-500,0.00018090009689331055
archaeological_occupation,AIDA_16666,San Zeno,-500,-475,0.00021505355834960938
archaeological_occupation,AIDA_16666,San Zeno,-475,-450,0.000579535961151123
archaeological_occupation,AIDA_16666,San Zeno,-450,-425,0.0006771683692932129
archaeological_occupation,AIDA_16666,San Zeno,-425,-400,0.005157649517059326
archaeological_occupation,AIDA_16666,San Zeno,-400,-375,0.17357802391052246
archaeological_occupation,AIDA_16666,San Zeno,-375,-350,0.19478195905685425
archaeological_occupation,AIDA_16666,San Zeno,-350,-325,0.027638018131256104
archaeological_occupation,AIDA_16666,San Zeno,-325,-300,0.05191659927368164
archaeological_occupation,AIDA_16666,San Zeno,-300,-275,0.10689777135848999
archaeological_occupation,AIDA_16666,San Zeno,-275,-250,0.1757209300994873
archaeological_occupation,AIDA_16666,San Zeno,-250,-225,0.16179871559143066
archaeological_occupation,AIDA_16666,San Zeno,-225,-200,0.08967679738998413
archaeological_occupation,AIDA_16666,San Zeno,-200,-175,0.009179353713989258
archaeological_occupation,AIDA_16666,San Zeno,-175,-150,0.001473546028137207
archaeological_occupation,AIDA_16666,San Zeno,-150,-125,0.00018352270126342773
archaeological_occupation,AIDA_16666,San Zeno,-125,-100,0.00017911195755004883
archaeological_occupation,AIDA_16666,San Zeno,-100,-75,1.8477439880371094e-05
archaeological_occupation,AIDA_16666,San Zeno,-75,-50,4.404783248901367e-05
archaeological_occupation,AIDA_16677,Tharros,-425,-400,1.2516975402832031e-06
archaeological_occupation,AIDA_16677,Tharros,-400,-375,6.42538070678711e-05
archaeological_occupation,AIDA_16677,Tharros,-375,-350,0.000276029109954834
archaeological_occupation,AIDA_16677,Tharros,-350,-325,0.001812279224395752
archaeological_occupation,AIDA_16677,Tharros,-325,-300,0.0011813044548034668
archaeological_occupation,AIDA_16677,Tharros,-300,-275,0.0006154179573059082
archaeological_occupation,AIDA_16677,Tharros,-275,-250,0.00033032894134521484
archaeological_occupation,AIDA_16677,Tharros,-250,-225,0.00038355588912963867
archaeological_occupation,AIDA_16677,Tharros,-225,-200,0.0007380247116088867
archaeological_occupation,AIDA_16677,Tharros,-200,-175,0.0025968551635742188
archaeological_occupation,AIDA_16677,Tharros,-175,-150,0.0052825212478637695
archaeological_occupation,AIDA_16677,Tharros,-150,-125,0.007777035236358643
archaeological_occupation,AIDA_16677,Tharros,-125,-100,0.007753610610961914
archaeological_occupation,AIDA_16677,Tharros,-100,-75,0.01258939504623413
archaeological_occupation,AIDA_16677,Tharros,-75,-50,0.01062476634979248
archaeological_occupation,AIDA_16677,Tharros,-50,-25,0.02827233076095581
archaeological_occupation,AIDA_16677,Tharros,-25,0,0.031666100025177
archaeological_occupation,AIDA_16681,"Monte Ansciano Alto, Gubbio",-700,-675,0.08264511823654175
archaeological_occupation,AIDA_16681,"Monte Ansciano Alto, Gubbio",-675,-650,0.08571535348892212
archaeological_occupation,AIDA_16681,"Monte Ansciano Alto, Gubbio",-650,-625,0.08666974306106567
archaeological_occupation,AIDA_16681,"Monte Ansciano Alto, Gubbio",-625,-600,0.1284705400466919
archaeological_occupation,AIDA_16681,"Monte Ansciano Alto, Gubbio",-600,-575,0.12132042646408081
archaeological_occupation,AIDA_16681,"Monte Ansciano Alto, Gubbio",-575,-550,0.07920926809310913
archaeological_occupation,AIDA_16681,"Monte Ansciano Alto, Gubbio",-550,-525,0.021490871906280518
archaeological_occupation,AIDA_16681,"Monte Ansciano Alto, Gubbio",-525,-500,0.006485104560852051
archaeological_occupation,AIDA_16681,"Monte Ansciano Alto, Gubbio",-500,-475,0.004948139190673828
archaeological_occupation,AIDA_16681,"Monte Ansciano Alto, Gubbio",-475,-450,0.002543032169342041
archaeological_occupation,AIDA_16681,"Monte Ansciano Alto, Gubbio",-450,-425,0.0024018287658691406
archaeological_occupation,AIDA_16681,"Monte Ansciano Alto, Gubbio",-425,-400,0.0013921260833740234
archaeological_occupation,AIDA_16681,"Monte Ansciano Alto, Gubbio",-400,-375,1.8477439880371094e-06
archaeological_occupation,AIDA_16682,Chia,-700,-675,0.01990717649459839
archaeological_occupation,AIDA_16682,Chia,-675,-650,0.022222697734832764
archaeological_occupation,AIDA_16682,Chia,-650,-625,0.01873534917831421
archaeological_occupation,AIDA_16682,Chia,-625,-600,0.015599071979522705
archaeological_occupation,AIDA_16682,Chia,-600,-575,0.016198694705963135
archaeological_occupation,AIDA_16682,Chia,-575,-550,0.019034922122955322
archaeological_occupation,AIDA_16682,Chia,-550,-525,0.03082895278930664
archaeological_occupation,AIDA_16682,Chia,-525,-500,0.03688901662826538
archaeological_occupation,AIDA_16682,Chia,-500,-475,0.03825026750564575
archaeological_occupation,AIDA_16682,Chia,-475,-450,0.0428730845451355
archaeological_occupation,AIDA_16682,Chia,-450,-425,0.043418169021606445
archaeological_occupation,AIDA_16682,Chia,-425,-400,0.05064225196838379
archaeological_occupation,AIDA_16682,Chia,-400,-375,0.09067356586456299
archaeological_occupation,AIDA_16682,Chia,-375,-350,0.10278379917144775
archaeological_occupation,AIDA_16682,Chia,-350,-325,0.10027223825454712
archaeological_occupation,AIDA_16682,Chia,-325,-300,0.10264045000076294
archaeological_occupation,AIDA_16682,Chia,-300,-275,0.10420471429824829
archaeological_occupation,AIDA_16682,Chia,-275,-250,0.10351687669754028
archaeological_occupation,AIDA_16682,Chia,-250,-225,0.10372436046600342
archaeological_occupation,AIDA_16682,Chia,-225,-200,0.10401779413223267
archaeological_occupation,AIDA_16682,Chia,-200,-175,0.09727156162261963
archaeological_occupation,AIDA_16682,Chia,-175,-150,0.08831828832626343
archaeological_occupation,AIDA_16682,Chia,-150,-125,0.08127880096435547
archaeological_occupation,AIDA_16682,Chia,-125,-100,0.08131879568099976
archaeological_occupation,AIDA_16682,Chia,-100,-75,0.07075685262680054
archaeological_occupation,AIDA_16682,Chia,-75,-50,0.07474839687347412
archaeological_occupation,AIDA_16682,Chia,-50,-25,0.04851973056793213
archaeological_occupation,AIDA_16682,Chia,-25,0,0.04437023401260376
archaeological_occupation,AIDA_16683,Isola Spargi,-700,-675,0.00012052059173583984
archaeological_occupation,AIDA_16683,Isola Spargi,-675,-650,0.0003777742385864258
archaeological_occupation,AIDA_16683,Isola Spargi,-650,-625,7.587671279907227e-05
archaeological_occupation,AIDA_16683,Isola Spargi,-625,-600,2.3543834686279297e-05
archaeological_occupation,AIDA_16683,Isola Spargi,-600,-575,3.129243850708008e-05
archaeological_occupation,AIDA_16683,Isola Spargi,-575,-550,6.783008575439453e-05
archaeological_occupation,AIDA_16683,Isola Spargi,-550,-525,0.0012236833572387695
archaeological_occupation,AIDA_16683,Isola Spargi,-525,-500,0.002453148365020752
archaeological_occupation,AIDA_16683,Isola Spargi,-500,-475,0.0028261542320251465
archaeological_occupation,AIDA_16683,Isola Spargi,-475,-450,0.005279541015625
archaeological_occupation,AIDA_16683,Isola Spargi,-450,-425,0.005750417709350586
archaeological_occupation,AIDA_16683,Isola Spargi,-425,-400,0.017890632152557373
archaeological_occupation,AIDA_16683,Isola Spargi,-400,-375,0.22852098941802979
archaeological_occupation,AIDA_16683,Isola Spargi,-375,-350,0.28547072410583496
archaeological_occupation,AIDA_16683,Isola Spargi,-350,-325,0.10636907815933228
archaeological_occupation,AIDA_16683,Isola Spargi,-325,-300,0.1527518630027771
archaeological_occupation,AIDA_16683,Isola Spargi,-300,-275,0.2225854992866516
archaeological_occupation,AIDA_16683,Isola Spargi,-275,-250,0.2763242721557617
archaeological_occupation,AIDA_16683,Isola Spargi,-250,-225,0.266356885433197
archaeological_occupation,AIDA_16683,Isola Spargi,-225,-200,0.20450299978256226
archaeological_occupation,AIDA_16683,Isola Spargi,-200,-175,0.062399446964263916
archaeological_occupation,AIDA_16683,Isola Spargi,-175,-150,0.02081984281539917
archaeological_occupation,AIDA_16683,Isola Spargi,-150,-125,0.0072078704833984375
archaeological_occupation,AIDA_16683,Isola Spargi,-125,-100,0.007165372371673584
archaeological_occupation,AIDA_16683,Isola Spargi,-100,-75,0.0018349885940551758
archaeological_occupation,AIDA_16683,Isola Spargi,-75,-50,0.0031201839447021484
archaeological_occupation,AIDA_16683,Isola Spargi,-50,-25,0.00013381242752075195
archaeological_occupation,AIDA_16683,Isola Spargi,-25,0,3.5762786865234375e-05
archaeological_occupation,AIDA_16702,Frascole,-700,-675,0.06413376331329346
archaeological_occupation,AIDA_16702,Frascole,-675,-650,0.06363844871520996
archaeological_occupation,AIDA_16702,Frascole,-650,-625,0.06343293190002441
archaeological_occupation,AIDA_16702,Frascole,-625,-600,0.05874037742614746
archaeological_occupation,AIDA_16702,Frascole,-600,-575,0.05962616205215454
archaeological_occupation,AIDA_16702,Frascole,-575,-550,0.06425535678863525
archaeological_occupation,AIDA_16702,Frascole,-550,-525,0.06932634115219116
archaeological_occupation,AIDA_16702,Frascole,-525,-500,0.0689813494682312
archaeological_occupation,AIDA_16702,Frascole,-500,-475,0.0684664249420166
archaeological_occupation,AIDA_16702,Frascole,-475,-450,0.06529837846755981
archaeological_occupation,AIDA_16702,Frascole,-450,-425,0.06481891870498657
archaeological_occupation,AIDA_16702,Frascole,-425,-400,0.0574457049369812
archaeological_occupation,AIDA_16702,Frascole,-400,-375,0.01405787467956543
archaeological_occupation,AIDA_16702,Frascole,-375,-350,0.0030362606048583984
archaeological_occupation,AIDA_16702,Frascole,-350,-325,0.00030750036239624023
archaeological_occupation,AIDA_16702,Frascole,-325,-300,0.0005463361740112305
archaeological_occupation,AIDA_16702,Frascole,-300,-275,0.0011803507804870605
archaeological_occupation,AIDA_16702,Frascole,-275,-250,0.0024124979972839355
archaeological_occupation,AIDA_16702,Frascole,-250,-225,0.00212937593460083
archaeological_occupation,AIDA_16702,Frascole,-225,-200,0.0009485483169555664
archaeological_occupation,AIDA_16702,Frascole,-200,-175,0.00012880563735961914
archaeological_occupation,AIDA_16702,Frascole,-175,-150,3.445148468017578e-05
archaeological_occupation,AIDA_16702,Frascole,-150,-125,1.0609626770019531e-05
archaeological_occupation,AIDA_16702,Frascole,-125,-100,1.049041748046875e-05
archaeological_occupation,AIDA_16702,Frascole,-100,-75,2.8014183044433594e-06
archaeological_occupation,AIDA_16702,Frascole,-75,-50,4.589557647705078e-06
archaeological_occupation,AIDA_16708,"Grandi Magazzini di Traiano, Roma",-350,-325,3.314018249511719e-05
archaeological_occupation,AIDA_16708,"Grandi Magazzini di Traiano, Roma",-325,-300,3.814697265625e-06
archaeological_occupation,AIDA_16708,"Grandi Magazzini di Traiano, Roma",-200,-175,0.00010567903518676758
archaeological_occupation,AIDA_16708,"Grandi Magazzini di Traiano, Roma",-175,-150,0.003327488899230957
archaeological_occupation,AIDA_16708,"Grandi Magazzini di Traiano, Roma",-150,-125,0.012326598167419434
archaeological_occupation,AIDA_16708,"Grandi Magazzini di Traiano, Roma",-125,-100,0.01196366548538208
archaeological_occupation,AIDA_16708,"Grandi Magazzini di Traiano, Roma",-100,-75,0.0640631914138794
archaeological_occupation,AIDA_16708,"Grandi Magazzini di Traiano, Roma",-75,-50,0.03822672367095947
archaeological_occupation,AIDA_16708,"Grandi Magazzini di Traiano, Roma",-50,-25,0.23263639211654663
archaeological_occupation,AIDA_16708,"Grandi Magazzini di Traiano, Roma",-25,0,0.2530295252799988
archaeological_occupation,AIDA_16710,"Aquileia, Udine",-700,-675,0.3034185767173767
archaeological_occupation,AIDA_16710,"Aquileia, Udine",-675,-650,0.2519482970237732
archaeological_occupation,AIDA_16710,"Aquileia, Udine",-650,-625,0.32407426834106445
archaeological_occupation,AIDA_16710,"Aquileia, Udine",-625,-600,0.3198137879371643
archaeological_occupation,AIDA_16710,"Aquileia, Udine",-600,-575,0.3222736716270447
archaeological_occupation,AIDA_16710,"Aquileia, Udine",-575,-550,0.3336949348449707
archaeological_occupation,AIDA_16710,"Aquileia, Udine",-550,-525,0.19898760318756104
archaeological_occupation,AIDA_16710,"Aquileia, Udine",-525,-500,0.13314014673233032
archaeological_occupation,AIDA_16710,"Aquileia, Udine",-500,-475,0.1226988434791565
archaeological_occupation,AIDA_16710,"Aquileia, Udine",-475,-450,0.10109245777130127
archaeological_occupation,AIDA_16710,"Aquileia, Udine",-450,-425,0.09920668601989746
archaeological_occupation,AIDA_16710,"Aquileia, Udine",-425,-400,0.07977902889251709
archaeological_occupation,AIDA_16710,"Aquileia, Udine",-400,-375,0.018395185470581055
archaeological_occupation,AIDA_16710,"Aquileia, Udine",-375,-350,0.007786691188812256
archaeological_occupation,AIDA_16710,"Aquileia, Udine",-350,-325,0.002497851848602295
archaeological_occupation,AIDA_16710,"Aquileia, Udine",-325,-300,0.003330230712890625
archaeological_occupation,AIDA_16710,"Aquileia, Udine",-300,-275,0.00487750768661499
archaeological_occupation,AIDA_16710,"Aquileia, Udine",-275,-250,0.00695037841796875
archaeological_occupation,AIDA_16710,"Aquileia, Udine",-250,-225,0.00650101900100708
archaeological_occupation,AIDA_16710,"Aquileia, Udine",-225,-200,0.004396557807922363
archaeological_occupation,AIDA_16710,"Aquileia, Udine",-200,-175,0.0017497539520263672
archaeological_occupation,AIDA_16710,"Aquileia, Udine",-175,-150,0.0009434819221496582
archaeological_occupation,AIDA_16710,"Aquileia, Udine",-150,-125,0.0005898475646972656
archaeological_occupation,AIDA_16710,"Aquileia, Udine",-125,-100,0.0005897283554077148
archaeological_occupation,AIDA_16710,"Aquileia, Udine",-100,-75,0.00032705068588256836
archaeological_occupation,AIDA_16710,"Aquileia, Udine",-75,-50,0.00040858983993530273
archaeological_occupation,AIDA_16710,"Aquileia, Udine",-50,-25,0.00010001659393310547
archaeological_occupation,AIDA_16710,"Aquileia, Udine",-25,0,7.152557373046875e-05
archaeological_occupation,AIDA_16712,"Sant'Agostino, Gubbio",-700,-675,0.07356518507003784
archaeological_occupation,AIDA_16712,"Sant'Agostino, Gubbio",-675,-650,0.06903946399688721
archaeological_occupation,AIDA_16712,"Sant'Agostino, Gubbio",-650,-625,0.07575374841690063
archaeological_occupation,AIDA_16712,"Sant'Agostino, Gubbio",-625,-600,0.07992863655090332
archaeological_occupation,AIDA_16712,"Sant'Agostino, Gubbio",-600,-575,0.07906478643417358
archaeological_occupation,AIDA_16712,"Sant'Agostino, Gubbio",-575,-550,0.07550954818725586
archaeological_occupation,AIDA_16712,"Sant'Agostino, Gubbio",-550,-525,0.05590975284576416
archaeological_occupation,AIDA_16712,"Sant'Agostino, Gubbio",-525,-500,0.04591149091720581
archaeological_occupation,AIDA_16712,"Sant'Agostino, Gubbio",-500,-475,0.043716251850128174
archaeological_occupation,AIDA_16712,"Sant'Agostino, Gubbio",-475,-450,0.037007927894592285
archaeological_occupation,AIDA_16712,"Sant'Agostino, Gubbio",-450,-425,0.03630024194717407
archaeological_occupation,AIDA_16712,"Sant'Agostino, Gubbio",-425,-400,0.02837347984313965
archaeological_occupation,AIDA_16712,"Sant'Agostino, Gubbio",-400,-375,0.002801835536956787
archaeological_occupation,AIDA_16712,"Sant'Agostino, Gubbio",-375,-350,0.0002868771553039551
archaeological_occupation,AIDA_16712,"Sant'Agostino, Gubbio",-350,-325,1.5616416931152344e-05
archaeological_occupation,AIDA_16712,"Sant'Agostino, Gubbio",-325,-300,3.129243850708008e-05
archaeological_occupation,AIDA_16712,"Sant'Agostino, Gubbio",-300,-275,8.285045623779297e-05
archaeological_occupation,AIDA_16712,"Sant'Agostino, Gubbio",-275,-250,0.00021064281463623047
archaeological_occupation,AIDA_16712,"Sant'Agostino, Gubbio",-250,-225,0.00017982721328735352
archaeological_occupation,AIDA_16712,"Sant'Agostino, Gubbio",-225,-200,6.192922592163086e-05
archaeological_occupation,AIDA_16712,"Sant'Agostino, Gubbio",-200,-175,4.947185516357422e-06
archaeological_occupation,AIDA_16712,"Sant'Agostino, Gubbio",-175,-150,1.0132789611816406e-06
archaeological_occupation,AIDA_16855,Monte Giulio,-700,-675,0.09311389923095703
archaeological_occupation,AIDA_16855,Monte Giulio,-675,-650,0.08795225620269775
archaeological_occupation,AIDA_16855,Monte Giulio,-650,-625,0.1043701171875
archaeological_occupation,AIDA_16855,Monte Giulio,-625,-600,0.1457808017730713
archaeological_occupation,AIDA_16855,Monte Giulio,-600,-575,0.13646996021270752
archaeological_occupation,AIDA_16855,Monte Giulio,-575,-550,0.09747809171676636
archaeological_occupation,AIDA_16855,Monte Giulio,-550,-525,0.023086249828338623
archaeological_occupation,AIDA_16855,Monte Giulio,-525,-500,0.00426405668258667
archaeological_occupation,AIDA_16855,Monte Giulio,-500,-475,0.0027208924293518066
archaeological_occupation,AIDA_16855,Monte Giulio,-475,-450,0.000987231731414795
archaeological_occupation,AIDA_16855,Monte Giulio,-450,-425,0.0009188055992126465
archaeological_occupation,AIDA_16855,Monte Giulio,-425,-400,0.0008279681205749512
archaeological_occupation,AIDA_16855,Monte Giulio,-400,-375,0.16231751441955566
archaeological_occupation,AIDA_16855,Monte Giulio,-375,-350,0.33613455295562744
archaeological_occupation,AIDA_16855,Monte Giulio,-350,-325,0.25374603271484375
archaeological_occupation,AIDA_16855,Monte Giulio,-325,-300,0.3089923858642578
archaeological_occupation,AIDA_16855,Monte Giulio,-300,-275,0.34550392627716064
archaeological_occupation,AIDA_16855,Monte Giulio,-275,-250,0.343647837638855
archaeological_occupation,AIDA_16855,Monte Giulio,-250,-225,0.344296395778656
archaeological_occupation,AIDA_16855,Monte Giulio,-225,-200,0.3402825593948364
archaeological_occupation,AIDA_16855,Monte Giulio,-200,-175,0.1827174425125122
archaeological_occupation,AIDA_16855,Monte Giulio,-175,-150,0.059143126010894775
archaeological_occupation,AIDA_16855,Monte Giulio,-150,-125,0.015021741390228271
archaeological_occupation,AIDA_16855,Monte Giulio,-125,-100,0.014834880828857422
archaeological_occupation,AIDA_16855,Monte Giulio,-100,-75,0.002100527286529541
archaeological_occupation,AIDA_16855,Monte Giulio,-75,-50,0.004573822021484375
archaeological_occupation,AIDA_16855,Monte Giulio,-50,-25,5.257129669189453e-05
archaeological_occupation,AIDA_16855,Monte Giulio,-25,0,3.5762786865234375e-06
archaeological_occupation,AIDA_16858,Montisola,-700,-675,0.00020581483840942383
archaeological_occupation,AIDA_16858,Montisola,-675,-650,0.0002040863037109375
archaeological_occupation,AIDA_16858,Montisola,-650,-625,0.00021499395370483398
archaeological_occupation,AIDA_16858,Montisola,-625,-600,0.0002881288528442383
archaeological_occupation,AIDA_16858,Montisola,-600,-575,0.00027573108673095703
archaeological_occupation,AIDA_16858,Montisola,-575,-550,0.00020307302474975586
archaeological_occupation,AIDA_16858,Montisola,-550,-525,8.45193862915039e-05
archaeological_occupation,AIDA_16858,Montisola,-525,-500,4.7266483306884766e-05
archaeological_occupation,AIDA_16858,Montisola,-500,-475,4.190206527709961e-05
archaeological_occupation,AIDA_16858,Montisola,-475,-450,3.0159950256347656e-05
archaeological_occupation,AIDA_16858,Montisola,-450,-425,2.9206275939941406e-05
archaeological_occupation,AIDA_16858,Montisola,-425,-400,2.0384788513183594e-05
archaeological_occupation,AIDA_16859,Narce,-700,-675,2.4199485778808594e-05
archaeological_occupation,AIDA_16859,Narce,-675,-650,2.580881118774414e-05
archaeological_occupation,AIDA_16859,Narce,-650,-625,2.47955322265625e-05
archaeological_occupation,AIDA_16859,Narce,-625,-600,3.7610530853271484e-05
archaeological_occupation,AIDA_16859,Narce,-600,-575,3.5703182220458984e-05
archaeological_occupation,AIDA_16859,Narce,-575,-550,2.2530555725097656e-05
archaeological_occupation,AIDA_16859,Narce,-550,-525,6.735324859619141e-06
archaeological_occupation,AIDA_16859,Narce,-525,-500,2.6226043701171875e-06
archaeological_occupation,AIDA_16859,Narce,-500,-475,2.205371856689453e-06
archaeological_occupation,AIDA_16859,Narce,-475,-450,1.3709068298339844e-06
archaeological_occupation,AIDA_16859,Narce,-450,-425,1.3113021850585938e-06
archaeological_occupation,AIDA_16860,Necropolis of Cerveteri,-700,-675,0.03408026695251465
archaeological_occupation,AIDA_16860,Necropolis of Cerveteri,-675,-650,0.043210744857788086
archaeological_occupation,AIDA_16860,Necropolis of Cerveteri,-650,-625,0.0297698974609375
archaeological_occupation,AIDA_16860,Necropolis of Cerveteri,-625,-600,0.020217478275299072
archaeological_occupation,AIDA_16860,Necropolis of Cerveteri,-600,-575,0.022066473960876465
archaeological_occupation,AIDA_16860,Necropolis of Cerveteri,-575,-550,0.030445635318756104
archaeological_occupation,AIDA_16860,Necropolis of Cerveteri,-550,-525,0.07191711664199829
archaeological_occupation,AIDA_16860,Necropolis of Cerveteri,-525,-500,0.09294688701629639
archaeological_occupation,AIDA_16860,Necropolis of Cerveteri,-500,-475,0.09758085012435913
archaeological_occupation,AIDA_16860,Necropolis of Cerveteri,-475,-450,0.11079835891723633
archaeological_occupation,AIDA_16860,Necropolis of Cerveteri,-450,-425,0.11201167106628418
archaeological_occupation,AIDA_16860,Necropolis of Cerveteri,-425,-400,0.12041240930557251
archaeological_occupation,AIDA_16860,Necropolis of Cerveteri,-400,-375,0.05792033672332764
archaeological_occupation,AIDA_16860,Necropolis of Cerveteri,-375,-350,0.012600183486938477
archaeological_occupation,AIDA_16860,Necropolis of Cerveteri,-350,-325,0.0008203387260437012
archaeological_occupation,AIDA_16860,Necropolis of Cerveteri,-325,-300,0.001643538475036621
archaeological_occupation,AIDA_16860,Necropolis of Cerveteri,-300,-275,0.004164338111877441
archaeological_occupation,AIDA_16860,Necropolis of Cerveteri,-275,-250,0.00966709852218628
archaeological_occupation,AIDA_16860,Necropolis of Cerveteri,-250,-225,0.008385062217712402
archaeological_occupation,AIDA_16860,Necropolis of Cerveteri,-225,-200,0.0031889677047729492
archaeological_occupation,AIDA_16860,Necropolis of Cerveteri,-200,-175,0.00025409460067749023
archaeological_occupation,AIDA_16860,Necropolis of Cerveteri,-175,-150,4.667043685913086e-05
archaeological_occupation,AIDA_16860,Necropolis of Cerveteri,-150,-125,8.58306884765625e-06
archaeological_occupation,AIDA_16860,Necropolis of Cerveteri,-125,-100,8.463859558105469e-06
archaeological_occupation,AIDA_16860,Necropolis of Cerveteri,-100,-75,1.3709068298339844e-06
archaeological_occupation,AIDA_16860,Necropolis of Cerveteri,-75,-50,2.7418136596679688e-06
archaeological_occupation,AIDA_16865,"Parco ""I Forti"", Chiusi",-700,-675,0.051641225814819336
archaeological_occupation,AIDA_16865,"Parco ""I Forti"", Chiusi",-675,-650,0.04920816421508789
archaeological_occupation,AIDA_16865,"Parco ""I Forti"", Chiusi",-650,-625,0.05474722385406494
archaeological_occupation,AIDA_16865,"Parco ""I Forti"", Chiusi",-625,-600,0.0700879693031311
archaeological_occupation,AIDA_16865,"Parco ""I Forti"", Chiusi",-600,-575,0.06723231077194214
archaeological_occupation,AIDA_16865,"Parco ""I Forti"", Chiusi",-575,-550,0.05241185426712036
archaeological_occupation,AIDA_16865,"Parco ""I Forti"", Chiusi",-550,-525,0.02217864990234375
archaeological_occupation,AIDA_16865,"Parco ""I Forti"", Chiusi",-525,-500,0.011975586414337158
archaeological_occupation,AIDA_16865,"Parco ""I Forti"", Chiusi",-500,-475,0.010426461696624756
archaeological_occupation,AIDA_16865,"Parco ""I Forti"", Chiusi",-475,-450,0.0070677995681762695
archaeological_occupation,AIDA_16865,"Parco ""I Forti"", Chiusi",-450,-425,0.0068010687828063965
archaeological_occupation,AIDA_16865,"Parco ""I Forti"", Chiusi",-425,-400,0.004486560821533203
archaeological_occupation,AIDA_16865,"Parco ""I Forti"", Chiusi",-400,-375,7.289648056030273e-05
archaeological_occupation,AIDA_16869,Pisa,-700,-675,0.25158149003982544
archaeological_occupation,AIDA_16869,Pisa,-675,-650,0.24692291021347046
archaeological_occupation,AIDA_16869,Pisa,-650,-625,0.246018648147583
archaeological_occupation,AIDA_16869,Pisa,-625,-600,0.25966477394104004
archaeological_occupation,AIDA_16869,Pisa,-600,-575,0.259457528591156
archaeological_occupation,AIDA_16869,Pisa,-575,-550,0.24433773756027222
archaeological_occupation,AIDA_16869,Pisa,-550,-525,0.20047509670257568
archaeological_occupation,AIDA_16869,Pisa,-525,-500,0.16048717498779297
archaeological_occupation,AIDA_16869,Pisa,-500,-475,0.1481764316558838
archaeological_occupation,AIDA_16869,Pisa,-475,-450,0.10973018407821655
archaeological_occupation,AIDA_16869,Pisa,-450,-425,0.10606837272644043
archaeological_occupation,AIDA_16869,Pisa,-425,-400,0.07210397720336914
archaeological_occupation,AIDA_16869,Pisa,-400,-375,0.001244962215423584
archaeological_occupation,AIDA_16869,Pisa,-375,-350,2.390146255493164e-05
archaeological_occupation,AIDA_16869,Pisa,-325,-300,1.3709068298339844e-06
archaeological_occupation,AIDA_16869,Pisa,-300,-275,4.708766937255859e-06
archaeological_occupation,AIDA_16869,Pisa,-275,-250,1.5854835510253906e-05
archaeological_occupation,AIDA_16869,Pisa,-250,-225,1.2993812561035156e-05
archaeological_occupation,AIDA_16869,Pisa,-225,-200,3.0994415283203125e-06
archaeological_occupation,AIDA_16871,Poggio Pietricci,-700,-675,1.0907649993896484e-05
archaeological_occupation,AIDA_16871,Poggio Pietricci,-675,-650,4.357099533081055e-05
archaeological_occupation,AIDA_16871,Poggio Pietricci,-650,-625,6.377696990966797e-06
archaeological_occupation,AIDA_16871,Poggio Pietricci,-625,-600,1.5497207641601562e-06
archaeological_occupation,AIDA_16871,Poggio Pietricci,-600,-575,2.205371856689453e-06
archaeological_occupation,AIDA_16871,Poggio Pietricci,-575,-550,5.364418029785156e-06
archaeological_occupation,AIDA_16871,Poggio Pietricci,-550,-525,0.00016546249389648438
archaeological_occupation,AIDA_16871,Poggio Pietricci,-525,-500,0.0003612637519836426
archaeological_occupation,AIDA_16871,Poggio Pietricci,-500,-475,0.0004215240478515625
archaeological_occupation,AIDA_16871,Poggio Pietricci,-475,-450,0.0008853673934936523
archaeological_occupation,AIDA_16871,Poggio Pietricci,-450,-425,0.000985264778137207
archaeological_occupation,AIDA_16871,Poggio Pietricci,-425,-400,0.004174649715423584
archaeological_occupation,AIDA_16871,Poggio Pietricci,-400,-375,0.10085111856460571
archaeological_occupation,AIDA_16871,Poggio Pietricci,-375,-350,0.15175944566726685
archaeological_occupation,AIDA_16871,Poggio Pietricci,-350,-325,0.06047695875167847
archaeological_occupation,AIDA_16871,Poggio Pietricci,-325,-300,0.08674031496047974
archaeological_occupation,AIDA_16871,Poggio Pietricci,-300,-275,0.12480568885803223
archaeological_occupation,AIDA_16871,Poggio Pietricci,-275,-250,0.14970219135284424
archaeological_occupation,AIDA_16871,Poggio Pietricci,-250,-225,0.1453084945678711
archaeological_occupation,AIDA_16871,Poggio Pietricci,-225,-200,0.11535531282424927
archaeological_occupation,AIDA_16871,Poggio Pietricci,-200,-175,0.035638630390167236
archaeological_occupation,AIDA_16871,Poggio Pietricci,-175,-150,0.011685967445373535
archaeological_occupation,AIDA_16871,Poggio Pietricci,-150,-125,0.003932058811187744
archaeological_occupation,AIDA_16871,Poggio Pietricci,-125,-100,0.003907203674316406
archaeological_occupation,AIDA_16871,Poggio Pietricci,-100,-75,0.0009566545486450195
archaeological_occupation,AIDA_16871,Poggio Pietricci,-75,-50,0.0016570091247558594
archaeological_occupation,AIDA_16871,Poggio Pietricci,-50,-25,6.437301635742188e-05
archaeological_occupation,AIDA_16871,Poggio Pietricci,-25,0,1.5795230865478516e-05
archaeological_occupation,AIDA_16874,Populonia-Baratti,-700,-675,0.13131606578826904
archaeological_occupation,AIDA_16874,Populonia-Baratti,-675,-650,0.1428765058517456
archaeological_occupation,AIDA_16874,Populonia-Baratti,-650,-625,0.1340731978416443
archaeological_occupation,AIDA_16874,Populonia-Baratti,-625,-600,0.20846819877624512
archaeological_occupation,AIDA_16874,Populonia-Baratti,-600,-575,0.1981305480003357
archaeological_occupation,AIDA_16874,Populonia-Baratti,-575,-550,0.12066549062728882
archaeological_occupation,AIDA_16874,Populonia-Baratti,-550,-525,0.028835415840148926
archaeological_occupation,AIDA_16874,Populonia-Baratti,-525,-500,0.006544589996337891
archaeological_occupation,AIDA_16874,Populonia-Baratti,-500,-475,0.004604041576385498
archaeological_occupation,AIDA_16874,Populonia-Baratti,-475,-450,0.0020218491554260254
archaeological_occupation,AIDA_16874,Populonia-Baratti,-450,-425,0.0018941164016723633
archaeological_occupation,AIDA_16874,Populonia-Baratti,-425,-400,0.0010446906089782715
archaeological_occupation,AIDA_16874,Populonia-Baratti,-175,-150,7.3909759521484375e-06
archaeological_occupation,AIDA_16874,Populonia-Baratti,-150,-125,6.192922592163086e-05
archaeological_occupation,AIDA_16874,Populonia-Baratti,-125,-100,5.418062210083008e-05
archaeological_occupation,AIDA_16874,Populonia-Baratti,-100,-75,0.001953721046447754
archaeological_occupation,AIDA_16874,Populonia-Baratti,-75,-50,0.0007013082504272461
archaeological_occupation,AIDA_16874,Populonia-Baratti,-50,-25,0.19516515731811523
archaeological_occupation,AIDA_16874,Populonia-Baratti,-25,0,0.2532885670661926
archaeological_occupation,AIDA_16883,"Roman Forum Regia, Roma",-700,-675,0.30498844385147095
archaeological_occupation,AIDA_16883,"Roman Forum Regia, Roma",-675,-650,0.30317360162734985
archaeological_occupation,AIDA_16883,"Roman Forum Regia, Roma",-650,-625,0.3055374026298523
archaeological_occupation,AIDA_16883,"Roman Forum Regia, Roma",-625,-600,0.2971116900444031
archaeological_occupation,AIDA_16883,"Roman Forum Regia, Roma",-600,-575,0.29841411113739014
archaeological_occupation,AIDA_16883,"Roman Forum Regia, Roma",-575,-550,0.3073163628578186
archaeological_occupation,AIDA_16883,"Roman Forum Regia, Roma",-550,-525,0.31932568550109863
archaeological_occupation,AIDA_16883,"Roman Forum Regia, Roma",-525,-500,0.3288763761520386
archaeological_occupation,AIDA_16883,"Roman Forum Regia, Roma",-500,-475,0.3317606449127197
archaeological_occupation,AIDA_16883,"Roman Forum Regia, Roma",-475,-450,0.3486958146095276
archaeological_occupation,AIDA_16883,"Roman Forum Regia, Roma",-450,-425,0.35143834352493286
archaeological_occupation,AIDA_16883,"Roman Forum Regia, Roma",-425,-400,0.3977409601211548
archaeological_occupation,AIDA_16883,"Roman Forum Regia, Roma",-400,-375,0.5807996988296509
archaeological_occupation,AIDA_16883,"Roman Forum Regia, Roma",-375,-350,0.5071611404418945
archaeological_occupation,AIDA_16883,"Roman Forum Regia, Roma",-350,-325,0.29069364070892334
archaeological_occupation,AIDA_16883,"Roman Forum Regia, Roma",-325,-300,0.3456481695175171
archaeological_occupation,AIDA_16883,"Roman Forum Regia, Roma",-300,-275,0.4215162992477417
archaeological_occupation,AIDA_16883,"Roman Forum Regia, Roma",-275,-250,0.4881046414375305
archaeological_occupation,AIDA_16883,"Roman Forum Regia, Roma",-250,-225,0.47497260570526123
archaeological_occupation,AIDA_16883,"Roman Forum Regia, Roma",-225,-200,0.40146124362945557
archaeological_occupation,AIDA_16883,"Roman Forum Regia, Roma",-200,-175,0.23352700471878052
archaeological_occupation,AIDA_16883,"Roman Forum Regia, Roma",-175,-150,0.15440505743026733
archaeological_occupation,AIDA_16883,"Roman Forum Regia, Roma",-150,-125,0.1175653338432312
archaeological_occupation,AIDA_16883,"Roman Forum Regia, Roma",-125,-100,0.11749422550201416
archaeological_occupation,AIDA_16883,"Roman Forum Regia, Roma",-100,-75,0.09592002630233765
archaeological_occupation,AIDA_16883,"Roman Forum Regia, Roma",-75,-50,0.10131591558456421
archaeological_occupation,AIDA_16883,"Roman Forum Regia, Roma",-50,-25,0.1282990574836731
archaeological_occupation,AIDA_16883,"Roman Forum Regia, Roma",-25,0,0.13976776599884033
archaeological_occupation,AIDA_16886,"Rome, Colosseo",-350,-325,4.112720489501953e-06
archaeological_occupation,AIDA_16886,"Rome, Colosseo",-200,-175,1.043081283569336e-05
archaeological_occupation,AIDA_16886,"Rome, Colosseo",-175,-150,0.0001392364501953125
archaeological_occupation,AIDA_16886,"Rome, Colosseo",-150,-125,0.00043511390686035156
archaeological_occupation,AIDA_16886,"Rome, Colosseo",-125,-100,0.0004240274429321289
archaeological_occupation,AIDA_16886,"Rome, Colosseo",-100,-75,0.0021712183952331543
archaeological_occupation,AIDA_16886,"Rome, Colosseo",-75,-50,0.0012686848640441895
archaeological_occupation,AIDA_16886,"Rome, Colosseo",-50,-25,0.027197420597076416
archaeological_occupation,AIDA_16886,"Rome, Colosseo",-25,0,0.034498393535614014
archaeological_occupation,AIDA_16887,"Rome, Forum of Caesar",-700,-675,5.424022674560547e-06
archaeological_occupation,AIDA_16887,"Rome, Forum of Caesar",-675,-650,7.569789886474609e-06
archaeological_occupation,AIDA_16887,"Rome, Forum of Caesar",-650,-625,4.589557647705078e-06
archaeological_occupation,AIDA_16887,"Rome, Forum of Caesar",-625,-600,9.953975677490234e-06
archaeological_occupation,AIDA_16887,"Rome, Forum of Caesar",-600,-575,9.59634780883789e-06
archaeological_occupation,AIDA_16887,"Rome, Forum of Caesar",-575,-550,3.635883331298828e-06
archaeological_occupation,AIDA_16889,"Rome, Ponte della Magliana",-700,-675,0.0007929801940917969
archaeological_occupation,AIDA_16889,"Rome, Ponte della Magliana",-675,-650,0.0010743141174316406
archaeological_occupation,AIDA_16889,"Rome, Ponte della Magliana",-650,-625,0.0006877779960632324
archaeological_occupation,AIDA_16889,"Rome, Ponte della Magliana",-625,-600,0.00047457218170166016
archaeological_occupation,AIDA_16889,"Rome, Ponte della Magliana",-600,-575,0.000514686107635498
archaeological_occupation,AIDA_16889,"Rome, Ponte della Magliana",-575,-550,0.0006977319717407227
archaeological_occupation,AIDA_16889,"Rome, Ponte della Magliana",-550,-525,0.0019324421882629395
archaeological_occupation,AIDA_16889,"Rome, Ponte della Magliana",-525,-500,0.0027257204055786133
archaeological_occupation,AIDA_16889,"Rome, Ponte della Magliana",-500,-475,0.0029288530349731445
archaeological_occupation,AIDA_16889,"Rome, Ponte della Magliana",-475,-450,0.0037784576416015625
archaeological_occupation,AIDA_16889,"Rome, Ponte della Magliana",-450,-425,0.003897249698638916
archaeological_occupation,AIDA_16889,"Rome, Ponte della Magliana",-425,-400,0.005895853042602539
archaeological_occupation,AIDA_16889,"Rome, Ponte della Magliana",-400,-375,0.030766308307647705
archaeological_occupation,AIDA_16889,"Rome, Ponte della Magliana",-375,-350,0.05375063419342041
archaeological_occupation,AIDA_16889,"Rome, Ponte della Magliana",-350,-325,0.08801722526550293
archaeological_occupation,AIDA_16889,"Rome, Ponte della Magliana",-325,-300,0.0799521803855896
archaeological_occupation,AIDA_16889,"Rome, Ponte della Magliana",-300,-275,0.06830328702926636
archaeological_occupation,AIDA_16889,"Rome, Ponte della Magliana",-275,-250,0.05718827247619629
archaeological_occupation,AIDA_16889,"Rome, Ponte della Magliana",-250,-225,0.05946457386016846
archaeological_occupation,AIDA_16889,"Rome, Ponte della Magliana",-225,-200,0.07147616147994995
archaeological_occupation,AIDA_16889,"Rome, Ponte della Magliana",-200,-175,0.09610629081726074
archaeological_occupation,AIDA_16889,"Rome, Ponte della Magliana",-175,-150,0.10863655805587769
archaeological_occupation,AIDA_16889,"Rome, Ponte della Magliana",-150,-125,0.11539220809936523
archaeological_occupation,AIDA_16889,"Rome, Ponte della Magliana",-125,-100,0.11538904905319214
archaeological_occupation,AIDA_16889,"Rome, Ponte della Magliana",-100,-75,0.12133067846298218
archaeological_occupation,AIDA_16889,"Rome, Ponte della Magliana",-75,-50,0.1194506287574768
archaeological_occupation,AIDA_16889,"Rome, Ponte della Magliana",-50,-25,0.12426161766052246
archaeological_occupation,AIDA_16889,"Rome, Ponte della Magliana",-25,0,0.12424582242965698
archaeological_occupation,AIDA_16894,San Rocchino,-700,-675,0.1494123935699463
archaeological_occupation,AIDA_16894,San Rocchino,-675,-650,0.1564996838569641
archaeological_occupation,AIDA_16894,San Rocchino,-650,-625,0.14898639917373657
archaeological_occupation,AIDA_16894,San Rocchino,-625,-600,0.16066622734069824
archaeological_occupation,AIDA_16894,San Rocchino,-600,-575,0.15858471393585205
archaeological_occupation,AIDA_16894,San Rocchino,-575,-550,0.14643943309783936
archaeological_occupation,AIDA_16894,San Rocchino,-550,-525,0.15378153324127197
archaeological_occupation,AIDA_16894,San Rocchino,-525,-500,0.16891372203826904
archaeological_occupation,AIDA_16894,San Rocchino,-500,-475,0.17388761043548584
archaeological_occupation,AIDA_16894,San Rocchino,-475,-450,0.19644391536712646
archaeological_occupation,AIDA_16894,San Rocchino,-450,-425,0.1995311975479126
archaeological_occupation,AIDA_16894,San Rocchino,-425,-400,0.2430395483970642
archaeological_occupation,AIDA_16894,San Rocchino,-400,-375,0.466987669467926
archaeological_occupation,AIDA_16894,San Rocchino,-375,-350,0.5038645267486572
archaeological_occupation,AIDA_16894,San Rocchino,-350,-325,0.340542197227478
archaeological_occupation,AIDA_16894,San Rocchino,-325,-300,0.38862013816833496
archaeological_occupation,AIDA_16894,San Rocchino,-300,-275,0.4528810977935791
archaeological_occupation,AIDA_16894,San Rocchino,-275,-250,0.49680811166763306
archaeological_occupation,AIDA_16894,San Rocchino,-250,-225,0.48869049549102783
archaeological_occupation,AIDA_16894,San Rocchino,-225,-200,0.4370834231376648
archaeological_occupation,AIDA_16894,San Rocchino,-200,-175,0.29190683364868164
archaeological_occupation,AIDA_16894,San Rocchino,-175,-150,0.22909528017044067
archaeological_occupation,AIDA_16894,San Rocchino,-150,-125,0.19502806663513184
archaeological_occupation,AIDA_16894,San Rocchino,-125,-100,0.19519704580307007
archaeological_occupation,AIDA_16894,San Rocchino,-100,-75,0.14771372079849243
archaeological_occupation,AIDA_16894,San Rocchino,-75,-50,0.1660778522491455
archaeological_occupation,AIDA_16894,San Rocchino,-50,-25,0.05542957782745361
archaeological_occupation,AIDA_16894,San Rocchino,-25,0,0.040130794048309326
archaeological_occupation,AIDA_16899,"Tre Erici, Luni",-700,-675,0.001532137393951416
archaeological_occupation,AIDA_16899,"Tre Erici, Luni",-675,-650,0.00153273344039917
archaeological_occupation,AIDA_16899,"Tre Erici, Luni",-650,-625,0.0016021728515625
archaeological_occupation,AIDA_16899,"Tre Erici, Luni",-625,-600,0.0022040605545043945
archaeological_occupation,AIDA_16899,"Tre Erici, Luni",-600,-575,0.0021025538444519043
archaeological_occupation,AIDA_16899,"Tre Erici, Luni",-575,-550,0.0015019774436950684
archaeological_occupation,AIDA_16899,"Tre Erici, Luni",-550,-525,0.000568687915802002
archaeological_occupation,AIDA_16899,"Tre Erici, Luni",-525,-500,0.0002867579460144043
archaeological_occupation,AIDA_16899,"Tre Erici, Luni",-500,-475,0.0002484321594238281
archaeological_occupation,AIDA_16899,"Tre Erici, Luni",-475,-450,0.00016885995864868164
archaeological_occupation,AIDA_16899,"Tre Erici, Luni",-450,-425,0.0001627206802368164
archaeological_occupation,AIDA_16899,"Tre Erici, Luni",-425,-400,0.00010895729064941406
archaeological_occupation,AIDA_16899,"Tre Erici, Luni",-400,-375,2.7418136596679688e-06
archaeological_occupation,AIDA_16900,"Via Por Santa Maria, Florence",-350,-325,2.771615982055664e-05
archaeological_occupation,AIDA_16900,"Via Por Santa Maria, Florence",-325,-300,7.927417755126953e-06
archaeological_occupation,AIDA_16900,"Via Por Santa Maria, Florence",-225,-200,1.8477439880371094e-06
archaeological_occupation,AIDA_16900,"Via Por Santa Maria, Florence",-200,-175,6.29425048828125e-05
archaeological_occupation,AIDA_16900,"Via Por Santa Maria, Florence",-175,-150,0.0005156397819519043
archaeological_occupation,AIDA_16900,"Via Por Santa Maria, Florence",-150,-125,0.0013503432273864746
archaeological_occupation,AIDA_16900,"Via Por Santa Maria, Florence",-125,-100,0.001327216625213623
archaeological_occupation,AIDA_16900,"Via Por Santa Maria, Florence",-100,-75,0.004969954490661621
archaeological_occupation,AIDA_16900,"Via Por Santa Maria, Florence",-75,-50,0.003199636936187744
archaeological_occupation,AIDA_16900,"Via Por Santa Maria, Florence",-50,-25,0.03694707155227661
archaeological_occupation,AIDA_16900,"Via Por Santa Maria, Florence",-25,0,0.045382559299468994
archaeological_occupation,AIDA_18046,Pralola Serra,-700,-675,5.364418029785156e-06
archaeological_occupation,AIDA_18046,Pralola Serra,-675,-650,5.245208740234375e-06
archaeological_occupation,AIDA_18046,Pralola Serra,-650,-625,5.602836608886719e-06
archaeological_occupation,AIDA_18046,Pralola Serra,-625,-600,6.9141387939453125e-06
archaeological_occupation,AIDA_18046,Pralola Serra,-600,-575,6.67572021484375e-06
archaeological_occupation,AIDA_18046,Pralola Serra,-575,-550,5.424022674560547e-06
archaeological_occupation,AIDA_18046,Pralola Serra,-550,-525,2.86102294921875e-06
archaeological_occupation,AIDA_18046,Pralola Serra,-525,-500,1.9669532775878906e-06
archaeological_occupation,AIDA_18046,Pralola Serra,-500,-475,1.8477439880371094e-06
archaeological_occupation,AIDA_18046,Pralola Serra,-475,-450,1.4901161193847656e-06
archaeological_occupation,AIDA_18046,Pralola Serra,-450,-425,1.430511474609375e-06
archaeological_occupation,AIDA_18046,Pralola Serra,-425,-400,1.1324882507324219e-06
archaeological_occupation,AIDA_18689,"Ulten, St. Walburg",-700,-675,0.32284313440322876
archaeological_occupation,AIDA_18689,"Ulten, St. Walburg",-675,-650,0.31483209133148193
archaeological_occupation,AIDA_18689,"Ulten, St. Walburg",-650,-625,0.3308142423629761
archaeological_occupation,AIDA_18689,"Ulten, St. Walburg",-625,-600,0.3327218294143677
archaeological_occupation,AIDA_18689,"Ulten, St. Walburg",-600,-575,0.331292986869812
archaeological_occupation,AIDA_18689,"Ulten, St. Walburg",-575,-550,0.33200305700302124
archaeological_occupation,AIDA_18689,"Ulten, St. Walburg",-550,-525,0.3203321695327759
archaeological_occupation,AIDA_18689,"Ulten, St. Walburg",-525,-500,0.33358240127563477
archaeological_occupation,AIDA_18689,"Ulten, St. Walburg",-500,-475,0.34009015560150146
archaeological_occupation,AIDA_18689,"Ulten, St. Walburg",-475,-450,0.3687925338745117
archaeological_occupation,AIDA_18689,"Ulten, St. Walburg",-450,-425,0.371792197227478
archaeological_occupation,AIDA_18689,"Ulten, St. Walburg",-425,-400,0.38309210538864136
archaeological_occupation,AIDA_18689,"Ulten, St. Walburg",-400,-375,0.10934650897979736
archaeological_occupation,AIDA_18689,"Ulten, St. Walburg",-375,-350,0.05204927921295166
archaeological_occupation,AIDA_18689,"Ulten, St. Walburg",-350,-325,0.1656804084777832
archaeological_occupation,AIDA_18689,"Ulten, St. Walburg",-325,-300,0.17073798179626465
archaeological_occupation,AIDA_18689,"Ulten, St. Walburg",-300,-275,0.12543076276779175
archaeological_occupation,AIDA_18689,"Ulten, St. Walburg",-275,-250,0.06330859661102295
archaeological_occupation,AIDA_18689,"Ulten, St. Walburg",-250,-225,0.07517129182815552
archaeological_occupation,AIDA_18689,"Ulten, St. Walburg",-225,-200,0.14122194051742554
archaeological_occupation,AIDA_18689,"Ulten, St. Walburg",-200,-175,0.14136570692062378
archaeological_occupation,AIDA_18689,"Ulten, St. Walburg",-175,-150,0.05073904991149902
archaeological_occupation,AIDA_18689,"Ulten, St. Walburg",-150,-125,0.013958990573883057
archaeological_occupation,AIDA_18689,"Ulten, St. Walburg",-125,-100,0.013800740242004395
archaeological_occupation,AIDA_18689,"Ulten, St. Walburg",-100,-75,0.002014338970184326
archaeological_occupation,AIDA_18689,"Ulten, St. Walburg",-75,-50,0.004348099231719971
archaeological_occupation,AIDA_18689,"Ulten, St. Walburg",-50,-25,5.14984130859375e-05
archaeological_occupation,AIDA_18689,"Ulten, St. Walburg",-25,0,3.516674041748047e-06
archaeological_occupation,AIDA_18722,"Maneidtal, Grubensee",-400,-375,0.0007878541946411133
archaeological_occupation,AIDA_18722,"Maneidtal, Grubensee",-375,-350,0.013872683048248291
archaeological_occupation,AIDA_18722,"Maneidtal, Grubensee",-350,-325,0.14681345224380493
archaeological_occupation,AIDA_18722,"Maneidtal, Grubensee",-325,-300,0.10909163951873779
archaeological_occupation,AIDA_18722,"Maneidtal, Grubensee",-300,-275,0.052114784717559814
archaeological_occupation,AIDA_18722,"Maneidtal, Grubensee",-275,-250,0.01862490177154541
archaeological_occupation,AIDA_18722,"Maneidtal, Grubensee",-250,-225,0.024690866470336914
archaeological_occupation,AIDA_18722,"Maneidtal, Grubensee",-225,-200,0.06573152542114258
archaeological_occupation,AIDA_18722,"Maneidtal, Grubensee",-200,-175,0.1777002215385437
archaeological_occupation,AIDA_18722,"Maneidtal, Grubensee",-175,-150,0.14476966857910156
archaeological_occupation,AIDA_18722,"Maneidtal, Grubensee",-150,-125,0.10525882244110107
archaeological_occupation,AIDA_18722,"Maneidtal, Grubensee",-125,-100,0.10497903823852539
archaeological_occupation,AIDA_18722,"Maneidtal, Grubensee",-100,-75,0.10366994142532349
archaeological_occupation,AIDA_18722,"Maneidtal, Grubensee",-75,-50,0.09506535530090332
archaeological_occupation,AIDA_18722,"Maneidtal, Grubensee",-50,-25,0.20791268348693848
archaeological_occupation,AIDA_18722,"Maneidtal, Grubensee",-25,0,0.22105008363723755
archaeological_occupation,AIDA_20141,"Campo Moro, Lanzada",-400,-375,0.00010347366333007812
archaeological_occupation,AIDA_20141,"Campo Moro, Lanzada",-375,-350,0.001856386661529541
archaeological_occupation,AIDA_20141,"Campo Moro, Lanzada",-350,-325,0.04414612054824829
archaeological_occupation,AIDA_20141,"Campo Moro, Lanzada",-325,-300,0.024354398250579834
archaeological_occupation,AIDA_20141,"Campo Moro, Lanzada",-300,-275,0.00808572769165039
archaeological_occupation,AIDA_20141,"Campo Moro, Lanzada",-275,-250,0.002488374710083008
archaeological_occupation,AIDA_20141,"Campo Moro, Lanzada",-250,-225,0.0034589767456054688
archaeological_occupation,AIDA_20141,"Campo Moro, Lanzada",-225,-200,0.011287987232208252
archaeological_occupation,AIDA_20141,"Campo Moro, Lanzada",-200,-175,0.06850922107696533
archaeological_occupation,AIDA_20141,"Campo Moro, Lanzada",-175,-150,0.12375706434249878
archaeological_occupation,AIDA_20141,"Campo Moro, Lanzada",-150,-125,0.14858078956604004
archaeological_occupation,AIDA_20141,"Campo Moro, Lanzada",-125,-100,0.14884483814239502
archaeological_occupation,AIDA_20141,"Campo Moro, Lanzada",-100,-75,0.14013010263442993
archaeological_occupation,AIDA_20141,"Campo Moro, Lanzada",-75,-50,0.14798647165298462
archaeological_occupation,AIDA_20141,"Campo Moro, Lanzada",-50,-25,0.05577033758163452
archaeological_occupation,AIDA_20141,"Campo Moro, Lanzada",-25,0,0.0398097038269043
archaeological_occupation,AIDA_20142,"Campolungo, Bienno",-700,-675,0.07645165920257568
archaeological_occupation,AIDA_20142,"Campolungo, Bienno",-675,-650,0.09647917747497559
archaeological_occupation,AIDA_20142,"Campolungo, Bienno",-650,-625,0.0723523497581482
archaeological_occupation,AIDA_20142,"Campolungo, Bienno",-625,-600,0.09129714965820312
archaeological_occupation,AIDA_20142,"Campolungo, Bienno",-600,-575,0.08804059028625488
archaeological_occupation,AIDA_20142,"Campolungo, Bienno",-575,-550,0.06705665588378906
archaeological_occupation,AIDA_20142,"Campolungo, Bienno",-550,-525,0.09813737869262695
archaeological_occupation,AIDA_20142,"Campolungo, Bienno",-525,-500,0.12490707635879517
archaeological_occupation,AIDA_20142,"Campolungo, Bienno",-500,-475,0.13184601068496704
archaeological_occupation,AIDA_20142,"Campolungo, Bienno",-475,-450,0.14446020126342773
archaeological_occupation,AIDA_20142,"Campolungo, Bienno",-450,-425,0.14451289176940918
archaeological_occupation,AIDA_20142,"Campolungo, Bienno",-425,-400,0.12658554315567017
archaeological_occupation,AIDA_20142,"Campolungo, Bienno",-400,-375,0.007235884666442871
archaeological_occupation,AIDA_20142,"Campolungo, Bienno",-375,-350,1.537799835205078e-05
archaeological_occupation,AIDA_20142,"Campolungo, Bienno",-275,-250,7.569789886474609e-06
archaeological_occupation,AIDA_20142,"Campolungo, Bienno",-250,-225,5.185604095458984e-06
archaeological_occupation,AIDA_2414,Castellaro di Uscio,-700,-675,4.6193599700927734e-05
archaeological_occupation,AIDA_2414,Castellaro di Uscio,-675,-650,6.073713302612305e-05
archaeological_occupation,AIDA_2414,Castellaro di Uscio,-650,-625,4.1425228118896484e-05
archaeological_occupation,AIDA_2414,Castellaro di Uscio,-625,-600,8.291006088256836e-05
archaeological_occupation,AIDA_2414,Castellaro di Uscio,-600,-575,7.915496826171875e-05
archaeological_occupation,AIDA_2414,Castellaro di Uscio,-575,-550,3.3795833587646484e-05
archaeological_occupation,AIDA_2414,Castellaro di Uscio,-550,-525,5.4836273193359375e-06
archaeological_occupation,AIDA_2450,Lago di Monate,-100,-75,1.9669532775878906e-06
archaeological_occupation,AIDA_2450,Lago di Monate,-75,-50,1.1324882507324219e-06
archaeological_occupation,AIDA_2450,Lago di Monate,-50,-25,0.00011605024337768555
archaeological_occupation,AIDA_2450,Lago di Monate,-25,0,0.00016897916793823242
archaeological_occupation,AIDA_2501,Tumulo 1 di Pian del Re,-700,-675,0.00039887428283691406
archaeological_occupation,AIDA_2501,Tumulo 1 di Pian del Re,-675,-650,0.0005390048027038574
archaeological_occupation,AIDA_2501,Tumulo 1 di Pian del Re,-650,-625,0.00034874677658081055
archaeological_occupation,AIDA_2501,Tumulo 1 di Pian del Re,-625,-600,0.0007256269454956055
archaeological_occupation,AIDA_2501,Tumulo 1 di Pian del Re,-600,-575,0.0006936788558959961
archaeological_occupation,AIDA_2501,Tumulo 1 di Pian del Re,-575,-550,0.0002790689468383789
archaeological_occupation,AIDA_2501,Tumulo 1 di Pian del Re,-550,-525,4.118680953979492e-05
archaeological_occupation,AIDA_2501,Tumulo 1 di Pian del Re,-525,-500,3.814697265625e-06
archaeological_occupation,AIDA_2501,Tumulo 1 di Pian del Re,-500,-475,2.2649765014648438e-06
archaeological_occupation,AIDA_25759,Duos Nuraghes,-700,-675,0.1470234990119934
archaeological_occupation,AIDA_25759,Duos Nuraghes,-675,-650,0.1439839005470276
archaeological_occupation,AIDA_25759,Duos Nuraghes,-650,-625,0.14856308698654175
archaeological_occupation,AIDA_25759,Duos Nuraghes,-625,-600,0.15265005826950073
archaeological_occupation,AIDA_25759,Duos Nuraghes,-600,-575,0.15186792612075806
archaeological_occupation,AIDA_25759,Duos Nuraghes,-575,-550,0.14817523956298828
archaeological_occupation,AIDA_25759,Duos Nuraghes,-550,-525,0.13270294666290283
archaeological_occupation,AIDA_25759,Duos Nuraghes,-525,-500,0.1247057318687439
archaeological_occupation,AIDA_25759,Duos Nuraghes,-500,-475,0.12290650606155396
archaeological_occupation,AIDA_25759,Duos Nuraghes,-475,-450,0.11681300401687622
archaeological_occupation,AIDA_25759,Duos Nuraghes,-450,-425,0.11609631776809692
archaeological_occupation,AIDA_25759,Duos Nuraghes,-425,-400,0.10658872127532959
archaeological_occupation,AIDA_25759,Duos Nuraghes,-400,-375,0.04999655485153198
archaeological_occupation,AIDA_25759,Duos Nuraghes,-375,-350,0.02678900957107544
archaeological_occupation,AIDA_25759,Duos Nuraghes,-350,-325,0.010228753089904785
archaeological_occupation,AIDA_25759,Duos Nuraghes,-325,-300,0.013137519359588623
archaeological_occupation,AIDA_25759,Duos Nuraghes,-300,-275,0.01821160316467285
archaeological_occupation,AIDA_25759,Duos Nuraghes,-275,-250,0.024443984031677246
archaeological_occupation,AIDA_25759,Duos Nuraghes,-250,-225,0.023115575313568115
archaeological_occupation,AIDA_25759,Duos Nuraghes,-225,-200,0.01668691635131836
archaeological_occupation,AIDA_25759,Duos Nuraghes,-200,-175,0.0075386762619018555
archaeological_occupation,AIDA_25759,Duos Nuraghes,-175,-150,0.004361152648925781
archaeological_occupation,AIDA_25759,Duos Nuraghes,-150,-125,0.002881765365600586
archaeological_occupation,AIDA_25759,Duos Nuraghes,-125,-100,0.002881765365600586
archaeological_occupation,AIDA_25759,Duos Nuraghes,-100,-75,0.0016965866088867188
archaeological_occupation,AIDA_25759,Duos Nuraghes,-75,-50,0.0020731091499328613
archaeological_occupation,AIDA_25759,Duos Nuraghes,-50,-25,0.000574648380279541
archaeological_occupation,AIDA_25759,Duos Nuraghes,-25,0,0.0004265904426574707
archaeological_occupation,AIDA_25761,Salapia,-700,-675,0.1028447151184082
archaeological_occupation,AIDA_25761,Salapia,-675,-650,0.08101052045822144
archaeological_occupation,AIDA_25761,Salapia,-650,-625,0.11411529779434204
archaeological_occupation,AIDA_25761,Salapia,-625,-600,0.1205129623413086
archaeological_occupation,AIDA_25761,Salapia,-600,-575,0.1187138557434082
archaeological_occupation,AIDA_25761,Salapia,-575,-550,0.11581963300704956
archaeological_occupation,AIDA_25761,Salapia,-550,-525,0.04832524061203003
archaeological_occupation,AIDA_25761,Salapia,-525,-500,0.019730687141418457
archaeological_occupation,AIDA_25761,Salapia,-500,-475,0.015070676803588867
archaeological_occupation,AIDA_25761,Salapia,-475,-450,0.0072062015533447266
archaeological_occupation,AIDA_25761,Salapia,-450,-425,0.006765425205230713
archaeological_occupation,AIDA_25761,Salapia,-425,-400,0.006340682506561279
archaeological_occupation,AIDA_25761,Salapia,-400,-375,0.46860843896865845
archaeological_occupation,AIDA_25761,Salapia,-375,-350,0.38057804107666016
archaeological_occupation,AIDA_25761,Salapia,-350,-325,0.02683156728744507
archaeological_occupation,AIDA_25761,Salapia,-325,-300,0.06345856189727783
archaeological_occupation,AIDA_25761,Salapia,-300,-275,0.16962307691574097
archaeological_occupation,AIDA_25761,Salapia,-275,-250,0.32510483264923096
archaeological_occupation,AIDA_25761,Salapia,-250,-225,0.293277382850647
archaeological_occupation,AIDA_25761,Salapia,-225,-200,0.13364726305007935
archaeological_occupation,AIDA_25761,Salapia,-200,-175,0.0036202669143676758
archaeological_occupation,AIDA_25761,Salapia,-175,-150,0.00020456314086914062
archaeological_occupation,AIDA_25761,Salapia,-150,-125,1.7881393432617188e-06
archaeological_occupation,AIDA_25761,Salapia,-125,-100,1.6093254089355469e-06
archaeological_occupation,AIDA_25762,San Giovanni Rotondo,-700,-675,0.06868588924407959
archaeological_occupation,AIDA_25762,San Giovanni Rotondo,-675,-650,0.07771265506744385
archaeological_occupation,AIDA_25762,San Giovanni Rotondo,-650,-625,0.0536496639251709
archaeological_occupation,AIDA_25762,San Giovanni Rotondo,-625,-600,0.024302303791046143
archaeological_occupation,AIDA_25762,San Giovanni Rotondo,-600,-575,0.030428707599639893
archaeological_occupation,AIDA_25762,San Giovanni Rotondo,-575,-550,0.05600327253341675
archaeological_occupation,AIDA_25762,San Giovanni Rotondo,-550,-525,0.11056721210479736
archaeological_occupation,AIDA_25762,San Giovanni Rotondo,-525,-500,0.10263258218765259
archaeological_occupation,AIDA_25762,San Giovanni Rotondo,-500,-475,0.09358346462249756
archaeological_occupation,AIDA_25762,San Giovanni Rotondo,-475,-450,0.05850476026535034
archaeological_occupation,AIDA_25762,San Giovanni Rotondo,-450,-425,0.05538588762283325
archaeological_occupation,AIDA_25762,San Giovanni Rotondo,-425,-400,0.032282233238220215
archaeological_occupation,AIDA_25762,San Giovanni Rotondo,-400,-375,0.007510125637054443
archaeological_occupation,AIDA_25762,San Giovanni Rotondo,-375,-350,0.07974034547805786
archaeological_occupation,AIDA_25762,San Giovanni Rotondo,-350,-325,0.11432880163192749
archaeological_occupation,AIDA_25762,San Giovanni Rotondo,-325,-300,0.15880656242370605
archaeological_occupation,AIDA_25762,San Giovanni Rotondo,-300,-275,0.1689697504043579
archaeological_occupation,AIDA_25762,San Giovanni Rotondo,-275,-250,0.10320174694061279
archaeological_occupation,AIDA_25762,San Giovanni Rotondo,-250,-225,0.1175796389579773
archaeological_occupation,AIDA_25762,San Giovanni Rotondo,-225,-200,0.1750696301460266
archaeological_occupation,AIDA_25762,San Giovanni Rotondo,-200,-175,0.06160235404968262
archaeological_occupation,AIDA_25762,San Giovanni Rotondo,-175,-150,0.010916829109191895
archaeological_occupation,AIDA_25762,San Giovanni Rotondo,-150,-125,0.0010377168655395508
archaeological_occupation,AIDA_25762,San Giovanni Rotondo,-125,-100,0.0010012388229370117
archaeological_occupation,AIDA_25762,San Giovanni Rotondo,-100,-75,6.091594696044922e-05
archaeological_occupation,AIDA_25762,San Giovanni Rotondo,-75,-50,0.0001785755157470703
archaeological_occupation,AIDA_25827,Avola,-350,-325,2.1338462829589844e-05
archaeological_occupation,AIDA_25827,Avola,-325,-300,5.304813385009766e-06
archaeological_occupation,AIDA_25827,Avola,-225,-200,1.0728836059570312e-06
archaeological_occupation,AIDA_25827,Avola,-200,-175,5.155801773071289e-05
archaeological_occupation,AIDA_25827,Avola,-175,-150,0.0005313754081726074
archaeological_occupation,AIDA_25827,Avola,-150,-125,0.0015007257461547852
archaeological_occupation,AIDA_25827,Avola,-125,-100,0.0014706850051879883
archaeological_occupation,AIDA_25827,Avola,-100,-75,0.006144702434539795
archaeological_occupation,AIDA_25827,Avola,-75,-50,0.003832399845123291
archaeological_occupation,AIDA_25827,Avola,-50,-25,0.049433231353759766
archaeological_occupation,AIDA_25827,Avola,-25,0,0.06071484088897705
archaeological_occupation,AIDA_25852,Garigliano River at Minturno,-700,-675,0.03286850452423096
archaeological_occupation,AIDA_25852,Garigliano River at Minturno,-675,-650,0.03164994716644287
archaeological_occupation,AIDA_25852,Garigliano River at Minturno,-650,-625,0.03431576490402222
archaeological_occupation,AIDA_25852,Garigliano River at Minturno,-625,-600,0.042304396629333496
archaeological_occupation,AIDA_25852,Garigliano River at Minturno,-600,-575,0.040895044803619385
archaeological_occupation,AIDA_25852,Garigliano River at Minturno,-575,-550,0.033106207847595215
archaeological_occupation,AIDA_25852,Garigliano River at Minturno,-550,-525,0.017216980457305908
archaeological_occupation,AIDA_25852,Garigliano River at Minturno,-525,-500,0.011493325233459473
archaeological_occupation,AIDA_25852,Garigliano River at Minturno,-500,-475,0.01053774356842041
archaeological_occupation,AIDA_25852,Garigliano River at Minturno,-475,-450,0.008175492286682129
archaeological_occupation,AIDA_25852,Garigliano River at Minturno,-450,-425,0.007961809635162354
archaeological_occupation,AIDA_25852,Garigliano River at Minturno,-425,-400,0.005849599838256836
archaeological_occupation,AIDA_25852,Garigliano River at Minturno,-400,-375,0.00039839744567871094
archaeological_occupation,AIDA_25852,Garigliano River at Minturno,-375,-350,3.9517879486083984e-05
archaeological_occupation,AIDA_25852,Garigliano River at Minturno,-350,-325,2.6226043701171875e-06
archaeological_occupation,AIDA_25852,Garigliano River at Minturno,-325,-300,4.947185516357422e-06
archaeological_occupation,AIDA_25852,Garigliano River at Minturno,-300,-275,1.2278556823730469e-05
archaeological_occupation,AIDA_25852,Garigliano River at Minturno,-275,-250,2.944469451904297e-05
archaeological_occupation,AIDA_25852,Garigliano River at Minturno,-250,-225,2.5331974029541016e-05
archaeological_occupation,AIDA_25852,Garigliano River at Minturno,-225,-200,9.357929229736328e-06
archaeological_occupation,AIDA_25853,Golfo di Procchio,-50,-25,4.863739013671875e-05
archaeological_occupation,AIDA_25853,Golfo di Procchio,-25,0,7.295608520507812e-05
archaeological_occupation,AIDA_25855,Grotta del Santuario,-700,-675,0.027031421661376953
archaeological_occupation,AIDA_25855,Grotta del Santuario,-675,-650,0.031147658824920654
archaeological_occupation,AIDA_25855,Grotta del Santuario,-650,-625,0.027121305465698242
archaeological_occupation,AIDA_25855,Grotta del Santuario,-625,-600,0.04628586769104004
archaeological_occupation,AIDA_25855,Grotta del Santuario,-600,-575,0.04337477684020996
archaeological_occupation,AIDA_25855,Grotta del Santuario,-575,-550,0.023519396781921387
archaeological_occupation,AIDA_25855,Grotta del Santuario,-550,-525,0.004665017127990723
archaeological_occupation,AIDA_25855,Grotta del Santuario,-525,-500,0.0007990598678588867
archaeological_occupation,AIDA_25855,Grotta del Santuario,-500,-475,0.0005368590354919434
archaeological_occupation,AIDA_25855,Grotta del Santuario,-475,-450,0.00022202730178833008
archaeological_occupation,AIDA_25855,Grotta del Santuario,-450,-425,0.00020760297775268555
archaeological_occupation,AIDA_25855,Grotta del Santuario,-425,-400,0.00011295080184936523
archaeological_occupation,AIDA_25872,Langtaufers,-700,-675,0.06166034936904907
archaeological_occupation,AIDA_25872,Langtaufers,-675,-650,0.06196558475494385
archaeological_occupation,AIDA_25872,Langtaufers,-650,-625,0.06055516004562378
archaeological_occupation,AIDA_25872,Langtaufers,-625,-600,0.05500298738479614
archaeological_occupation,AIDA_25872,Langtaufers,-600,-575,0.05606144666671753
archaeological_occupation,AIDA_25872,Langtaufers,-575,-550,0.06143951416015625
archaeological_occupation,AIDA_25872,Langtaufers,-550,-525,0.07013779878616333
archaeological_occupation,AIDA_25872,Langtaufers,-525,-500,0.07155632972717285
archaeological_occupation,AIDA_25872,Langtaufers,-500,-475,0.0714152455329895
archaeological_occupation,AIDA_25872,Langtaufers,-475,-450,0.06928688287734985
archaeological_occupation,AIDA_25872,Langtaufers,-450,-425,0.06890416145324707
archaeological_occupation,AIDA_25872,Langtaufers,-425,-400,0.062345802783966064
archaeological_occupation,AIDA_25872,Langtaufers,-400,-375,0.017427563667297363
archaeological_occupation,AIDA_25872,Langtaufers,-375,-350,0.004163920879364014
archaeological_occupation,AIDA_25872,Langtaufers,-350,-325,0.0004616975784301758
archaeological_occupation,AIDA_25872,Langtaufers,-325,-300,0.0008053183555603027
archaeological_occupation,AIDA_25872,Langtaufers,-300,-275,0.0016896724700927734
archaeological_occupation,AIDA_25872,Langtaufers,-275,-250,0.0033465027809143066
archaeological_occupation,AIDA_25872,Langtaufers,-250,-225,0.0029684901237487793
archaeological_occupation,AIDA_25872,Langtaufers,-225,-200,0.0013713240623474121
archaeological_occupation,AIDA_25872,Langtaufers,-200,-175,0.00020080804824829102
archaeological_occupation,AIDA_25872,Langtaufers,-175,-150,5.5789947509765625e-05
archaeological_occupation,AIDA_25872,Langtaufers,-150,-125,1.7940998077392578e-05
archaeological_occupation,AIDA_25872,Langtaufers,-125,-100,1.7821788787841797e-05
archaeological_occupation,AIDA_25872,Langtaufers,-100,-75,4.887580871582031e-06
archaeological_occupation,AIDA_25872,Langtaufers,-75,-50,7.987022399902344e-06
archaeological_occupation,AIDA_25876,Madre Chiesa,-700,-675,2.9802322387695312e-06
archaeological_occupation,AIDA_25876,Madre Chiesa,-675,-650,3.516674041748047e-06
archaeological_occupation,AIDA_25876,Madre Chiesa,-650,-625,2.9206275939941406e-06
archaeological_occupation,AIDA_25876,Madre Chiesa,-625,-600,5.0067901611328125e-06
archaeological_occupation,AIDA_25876,Madre Chiesa,-600,-575,4.76837158203125e-06
archaeological_occupation,AIDA_25876,Madre Chiesa,-575,-550,2.562999725341797e-06
archaeological_occupation,AIDA_25878,Messina,-700,-675,0.016264796257019043
archaeological_occupation,AIDA_25878,Messina,-675,-650,0.027909517288208008
archaeological_occupation,AIDA_25878,Messina,-650,-625,0.012477457523345947
archaeological_occupation,AIDA_25878,Messina,-625,-600,0.006323754787445068
archaeological_occupation,AIDA_25878,Messina,-600,-575,0.007443249225616455
archaeological_occupation,AIDA_25878,Messina,-575,-550,0.012442946434020996
archaeological_occupation,AIDA_25878,Messina,-550,-525,0.05918699502944946
archaeological_occupation,AIDA_25878,Messina,-525,-500,0.09011733531951904
archaeological_occupation,AIDA_25878,Messina,-500,-475,0.09817832708358765
archaeological_occupation,AIDA_25878,Messina,-475,-450,0.12857216596603394
archaeological_occupation,AIDA_25878,Messina,-450,-425,0.13223618268966675
archaeological_occupation,AIDA_25878,Messina,-425,-400,0.17592620849609375
archaeological_occupation,AIDA_25878,Messina,-400,-375,0.2930925488471985
archaeological_occupation,AIDA_25878,Messina,-375,-350,0.2091904878616333
archaeological_occupation,AIDA_25878,Messina,-350,-325,0.02633965015411377
archaeological_occupation,AIDA_25878,Messina,-325,-300,0.049695730209350586
archaeological_occupation,AIDA_25878,Messina,-300,-275,0.1051209568977356
archaeological_occupation,AIDA_25878,Messina,-275,-250,0.18294113874435425
archaeological_occupation,AIDA_25878,Messina,-250,-225,0.16671043634414673
archaeological_occupation,AIDA_25878,Messina,-225,-200,0.08702796697616577
archaeological_occupation,AIDA_25878,Messina,-200,-175,0.008789002895355225
archaeological_occupation,AIDA_25878,Messina,-175,-150,0.0014663338661193848
archaeological_occupation,AIDA_25878,Messina,-150,-125,0.00020003318786621094
archaeological_occupation,AIDA_25878,Messina,-125,-100,0.00019568204879760742
archaeological_occupation,AIDA_25878,Messina,-100,-75,2.205371856689453e-05
archaeological_occupation,AIDA_25878,Messina,-75,-50,5.0961971282958984e-05
archaeological_occupation,AIDA_25879,Michele di Valestra,-700,-675,0.0017513036727905273
archaeological_occupation,AIDA_25879,Michele di Valestra,-675,-650,0.00224226713180542
archaeological_occupation,AIDA_25879,Michele di Valestra,-650,-625,0.0016161799430847168
archaeological_occupation,AIDA_25879,Michele di Valestra,-625,-600,0.003130495548248291
archaeological_occupation,AIDA_25879,Michele di Valestra,-600,-575,0.0029647350311279297
archaeological_occupation,AIDA_25879,Michele di Valestra,-575,-550,0.0013325810432434082
archaeological_occupation,AIDA_25879,Michele di Valestra,-550,-525,0.00021970272064208984
archaeological_occupation,AIDA_25879,Michele di Valestra,-525,-500,2.658367156982422e-05
archaeological_occupation,AIDA_25879,Michele di Valestra,-500,-475,1.6808509826660156e-05
archaeological_occupation,AIDA_25879,Michele di Valestra,-475,-450,6.4373016357421875e-06
archaeological_occupation,AIDA_25879,Michele di Valestra,-450,-425,6.020069122314453e-06
archaeological_occupation,AIDA_25879,Michele di Valestra,-425,-400,3.2186508178710938e-06
archaeological_occupation,AIDA_25889,Nora,-700,-675,0.0903480052947998
archaeological_occupation,AIDA_25889,Nora,-675,-650,0.07688504457473755
archaeological_occupation,AIDA_25889,Nora,-650,-625,0.09312212467193604
archaeological_occupation,AIDA_25889,Nora,-625,-600,0.08504509925842285
archaeological_occupation,AIDA_25889,Nora,-600,-575,0.08666753768920898
archaeological_occupation,AIDA_25889,Nora,-575,-550,0.09602755308151245
archaeological_occupation,AIDA_25889,Nora,-550,-525,0.0692017674446106
archaeological_occupation,AIDA_25889,Nora,-525,-500,0.048513710498809814
archaeological_occupation,AIDA_25889,Nora,-500,-475,0.04318034648895264
archaeological_occupation,AIDA_25889,Nora,-475,-450,0.028831183910369873
archaeological_occupation,AIDA_25889,Nora,-450,-425,0.027597427368164062
archaeological_occupation,AIDA_25889,Nora,-425,-400,0.017262399196624756
archaeological_occupation,AIDA_25889,Nora,-400,-375,5.27501106262207e-05
archaeological_occupation,AIDA_25903,Nuraghe Iloi,-700,-675,0.11726433038711548
archaeological_occupation,AIDA_25903,Nuraghe Iloi,-675,-650,0.12486153841018677
archaeological_occupation,AIDA_25903,Nuraghe Iloi,-650,-625,0.10694020986557007
archaeological_occupation,AIDA_25903,Nuraghe Iloi,-625,-600,0.07560241222381592
archaeological_occupation,AIDA_25903,Nuraghe Iloi,-600,-575,0.0820990800857544
archaeological_occupation,AIDA_25903,Nuraghe Iloi,-575,-550,0.11099094152450562
archaeological_occupation,AIDA_25903,Nuraghe Iloi,-550,-525,0.17082703113555908
archaeological_occupation,AIDA_25903,Nuraghe Iloi,-525,-500,0.178442120552063
archaeological_occupation,AIDA_25903,Nuraghe Iloi,-500,-475,0.17625373601913452
archaeological_occupation,AIDA_25903,Nuraghe Iloi,-475,-450,0.15577441453933716
archaeological_occupation,AIDA_25903,Nuraghe Iloi,-450,-425,0.15267568826675415
archaeological_occupation,AIDA_25903,Nuraghe Iloi,-425,-400,0.113716721534729
archaeological_occupation,AIDA_25903,Nuraghe Iloi,-400,-375,0.0026494860649108887
archaeological_occupation,AIDA_25903,Nuraghe Iloi,-375,-350,1.049041748046875e-05
archaeological_occupation,AIDA_25903,Nuraghe Iloi,-350,-325,0.002735733985900879
archaeological_occupation,AIDA_25903,Nuraghe Iloi,-325,-300,0.0007741451263427734
archaeological_occupation,AIDA_25903,Nuraghe Iloi,-300,-275,6.783008575439453e-05
archaeological_occupation,AIDA_25903,Nuraghe Iloi,-275,-250,1.043081283569336e-05
archaeological_occupation,AIDA_25903,Nuraghe Iloi,-250,-225,1.8596649169921875e-05
archaeological_occupation,AIDA_25903,Nuraghe Iloi,-225,-200,0.00016254186630249023
archaeological_occupation,AIDA_25903,Nuraghe Iloi,-200,-175,0.006122469902038574
archaeological_occupation,AIDA_25903,Nuraghe Iloi,-175,-150,0.03650778532028198
archaeological_occupation,AIDA_25903,Nuraghe Iloi,-150,-125,0.07598370313644409
archaeological_occupation,AIDA_25903,Nuraghe Iloi,-125,-100,0.0755578875541687
archaeological_occupation,AIDA_25903,Nuraghe Iloi,-100,-75,0.1538810133934021
archaeological_occupation,AIDA_25903,Nuraghe Iloi,-75,-50,0.12444460391998291
archaeological_occupation,AIDA_25903,Nuraghe Iloi,-50,-25,0.17200517654418945
archaeological_occupation,AIDA_25903,Nuraghe Iloi,-25,0,0.16071152687072754
archaeological_occupation,AIDA_25909,Rome,-700,-675,0.06858283281326294
archaeological_occupation,AIDA_25909,Rome,-675,-650,0.06677430868148804
archaeological_occupation,AIDA_25909,Rome,-650,-625,0.06830412149429321
archaeological_occupation,AIDA_25909,Rome,-625,-600,0.06381714344024658
archaeological_occupation,AIDA_25909,Rome,-600,-575,0.06465780735015869
archaeological_occupation,AIDA_25909,Rome,-575,-550,0.069225013256073
archaeological_occupation,AIDA_25909,Rome,-550,-525,0.07002276182174683
archaeological_occupation,AIDA_25909,Rome,-525,-500,0.06694090366363525
archaeological_occupation,AIDA_25909,Rome,-500,-475,0.06574112176895142
archaeological_occupation,AIDA_25909,Rome,-475,-450,0.060356080532073975
archaeological_occupation,AIDA_25909,Rome,-450,-425,0.059644341468811035
archaeological_occupation,AIDA_25909,Rome,-425,-400,0.05001020431518555
archaeological_occupation,AIDA_25909,Rome,-400,-375,0.007394969463348389
archaeological_occupation,AIDA_25909,Rome,-375,-350,0.0008739829063415527
archaeological_occupation,AIDA_25909,Rome,-350,-325,4.5359134674072266e-05
archaeological_occupation,AIDA_25909,Rome,-325,-300,9.298324584960938e-05
archaeological_occupation,AIDA_25909,Rome,-300,-275,0.0002511143684387207
archaeological_occupation,AIDA_25909,Rome,-275,-250,0.0006425380706787109
archaeological_occupation,AIDA_25909,Rome,-250,-225,0.0005484223365783691
archaeological_occupation,AIDA_25909,Rome,-225,-200,0.00018680095672607422
archaeological_occupation,AIDA_25909,Rome,-200,-175,1.3589859008789062e-05
archaeological_occupation,AIDA_25909,Rome,-175,-150,2.562999725341797e-06
archaeological_occupation,AIDA_25935,Venice,-700,-675,0.0952901840209961
archaeological_occupation,AIDA_25935,Venice,-675,-650,0.09953707456588745
archaeological_occupation,AIDA_25935,Venice,-650,-625,0.09304231405258179
archaeological_occupation,AIDA_25935,Venice,-625,-600,0.08425068855285645
archaeological_occupation,AIDA_25935,Venice,-600,-575,0.08586019277572632
archaeological_occupation,AIDA_25935,Venice,-575,-550,0.09416109323501587
archaeological_occupation,AIDA_25935,Venice,-550,-525,0.12169671058654785
archaeological_occupation,AIDA_25935,Venice,-525,-500,0.13716363906860352
archaeological_occupation,AIDA_25935,Venice,-500,-475,0.1409372091293335
archaeological_occupation,AIDA_25935,Venice,-475,-450,0.15604734420776367
archaeological_occupation,AIDA_25935,Venice,-450,-425,0.15803265571594238
archaeological_occupation,AIDA_25935,Venice,-425,-400,0.18551689386367798
archaeological_occupation,AIDA_25935,Venice,-400,-375,0.25769883394241333
archaeological_occupation,AIDA_25935,Venice,-375,-350,0.18210935592651367
archaeological_occupation,AIDA_25935,Venice,-350,-325,0.04940611124038696
archaeological_occupation,AIDA_25935,Venice,-325,-300,0.07340848445892334
archaeological_occupation,AIDA_25935,Venice,-300,-275,0.11678391695022583
archaeological_occupation,AIDA_25935,Venice,-275,-250,0.1661531925201416
archaeological_occupation,AIDA_25935,Venice,-250,-225,0.1560034155845642
archaeological_occupation,AIDA_25935,Venice,-225,-200,0.10396265983581543
archaeological_occupation,AIDA_25935,Venice,-200,-175,0.02816230058670044
archaeological_occupation,AIDA_25935,Venice,-175,-150,0.009814321994781494
archaeological_occupation,AIDA_25935,Venice,-150,-125,0.0037503838539123535
archaeological_occupation,AIDA_25935,Venice,-125,-100,0.003733515739440918
archaeological_occupation,AIDA_25935,Venice,-100,-75,0.0011072754859924316
archaeological_occupation,AIDA_25935,Venice,-75,-50,0.0017731189727783203
archaeological_occupation,AIDA_25935,Venice,-50,-25,0.00010472536087036133
archaeological_occupation,AIDA_25935,Venice,-25,0,3.5822391510009766e-05
archaeological_occupation,AIDA_25964,La Starza (Ariano Irpino),-700,-675,2.2649765014648438e-06
archaeological_occupation,AIDA_25964,La Starza (Ariano Irpino),-675,-650,2.2649765014648438e-06
archaeological_occupation,AIDA_25964,La Starza (Ariano Irpino),-650,-625,2.384185791015625e-06
archaeological_occupation,AIDA_25964,La Starza (Ariano Irpino),-625,-600,3.2186508178710938e-06
archaeological_occupation,AIDA_25964,La Starza (Ariano Irpino),-600,-575,3.039836883544922e-06
archaeological_occupation,AIDA_25964,La Starza (Ariano Irpino),-575,-550,2.205371856689453e-06
archaeological_occupation,AIDA_25966,Pratola Serra,-700,-675,5.364418029785156e-06
archaeological_occupation,AIDA_25966,Pratola Serra,-675,-650,5.245208740234375e-06
archaeological_occupation,AIDA_25966,Pratola Serra,-650,-625,5.602836608886719e-06
archaeological_occupation,AIDA_25966,Pratola Serra,-625,-600,6.9141387939453125e-06
archaeological_occupation,AIDA_25966,Pratola Serra,-600,-575,6.67572021484375e-06
archaeological_occupation,AIDA_25966,Pratola Serra,-575,-550,5.424022674560547e-06
archaeological_occupation,AIDA_25966,Pratola Serra,-550,-525,2.86102294921875e-06
archaeological_occupation,AIDA_25966,Pratola Serra,-525,-500,1.9669532775878906e-06
archaeological_occupation,AIDA_25966,Pratola Serra,-500,-475,1.8477439880371094e-06
archaeological_occupation,AIDA_25966,Pratola Serra,-475,-450,1.4901161193847656e-06
archaeological_occupation,AIDA_25966,Pratola Serra,-450,-425,1.430511474609375e-06
archaeological_occupation,AIDA_25966,Pratola Serra,-425,-400,1.1324882507324219e-06
archaeological_occupation,AIDA_25979,"Grotta del Marinaio, Orosei",-700,-675,2.384185791015625e-06
archaeological_occupation,AIDA_25979,"Grotta del Marinaio, Orosei",-675,-650,4.112720489501953e-06
archaeological_occupation,AIDA_25979,"Grotta del Marinaio, Orosei",-650,-625,1.3709068298339844e-06
archaeological_occupation,AIDA_25979,"Grotta del Marinaio, Orosei",-625,-600,4.470348358154297e-06
archaeological_occupation,AIDA_25979,"Grotta del Marinaio, Orosei",-600,-575,4.827976226806641e-06
archaeological_occupation,AIDA_25987,Pontecagnano,-700,-675,0.05885577201843262
archaeological_occupation,AIDA_25987,Pontecagnano,-675,-650,0.056189000606536865
archaeological_occupation,AIDA_25987,Pontecagnano,-650,-625,0.06073957681655884
archaeological_occupation,AIDA_25987,Pontecagnano,-625,-600,0.06699347496032715
archaeological_occupation,AIDA_25987,Pontecagnano,-600,-575,0.06578630208969116
archaeological_occupation,AIDA_25987,Pontecagnano,-575,-550,0.05996352434158325
archaeological_occupation,AIDA_25987,Pontecagnano,-550,-525,0.04288458824157715
archaeological_occupation,AIDA_25987,Pontecagnano,-525,-500,0.03595137596130371
archaeological_occupation,AIDA_25987,Pontecagnano,-500,-475,0.03467601537704468
archaeological_occupation,AIDA_25987,Pontecagnano,-475,-450,0.031558871269226074
archaeological_occupation,AIDA_25987,Pontecagnano,-450,-425,0.0313035249710083
archaeological_occupation,AIDA_25987,Pontecagnano,-425,-400,0.029708385467529297
archaeological_occupation,AIDA_25987,Pontecagnano,-400,-375,0.049708783626556396
archaeological_occupation,AIDA_25987,Pontecagnano,-375,-350,0.07015413045883179
archaeological_occupation,AIDA_25987,Pontecagnano,-350,-325,0.07510578632354736
archaeological_occupation,AIDA_25987,Pontecagnano,-325,-300,0.07713621854782104
archaeological_occupation,AIDA_25987,Pontecagnano,-300,-275,0.07666170597076416
archaeological_occupation,AIDA_25987,Pontecagnano,-275,-250,0.07231831550598145
archaeological_occupation,AIDA_25987,Pontecagnano,-250,-225,0.07331967353820801
archaeological_occupation,AIDA_25987,Pontecagnano,-225,-200,0.07722491025924683
archaeological_occupation,AIDA_25987,Pontecagnano,-200,-175,0.0719369649887085
archaeological_occupation,AIDA_25987,Pontecagnano,-175,-150,0.06034862995147705
archaeological_occupation,AIDA_25987,Pontecagnano,-150,-125,0.05133223533630371
archaeological_occupation,AIDA_25987,Pontecagnano,-125,-100,0.05137336254119873
archaeological_occupation,AIDA_25987,Pontecagnano,-100,-75,0.03906673192977905
archaeological_occupation,AIDA_25987,Pontecagnano,-75,-50,0.04354512691497803
archaeological_occupation,AIDA_25987,Pontecagnano,-50,-25,0.01908266544342041
archaeological_occupation,AIDA_25987,Pontecagnano,-25,0,0.015801072120666504
archaeological_occupation,AIDA_25998,Tres Nuraghe di Bonorva,-700,-675,0.053829967975616455
archaeological_occupation,AIDA_25998,Tres Nuraghe di Bonorva,-675,-650,0.05667990446090698
archaeological_occupation,AIDA_25998,Tres Nuraghe di Bonorva,-650,-625,0.05654263496398926
archaeological_occupation,AIDA_25998,Tres Nuraghe di Bonorva,-625,-600,0.08679783344268799
archaeological_occupation,AIDA_25998,Tres Nuraghe di Bonorva,-600,-575,0.08148682117462158
archaeological_occupation,AIDA_25998,Tres Nuraghe di Bonorva,-575,-550,0.051093101501464844
archaeological_occupation,AIDA_25998,Tres Nuraghe di Bonorva,-550,-525,0.01236724853515625
archaeological_occupation,AIDA_25998,Tres Nuraghe di Bonorva,-525,-500,0.0030307769775390625
archaeological_occupation,AIDA_25998,Tres Nuraghe di Bonorva,-500,-475,0.002190828323364258
archaeological_occupation,AIDA_25998,Tres Nuraghe di Bonorva,-475,-450,0.0010151267051696777
archaeological_occupation,AIDA_25998,Tres Nuraghe di Bonorva,-450,-425,0.0009534358978271484
archaeological_occupation,AIDA_25998,Tres Nuraghe di Bonorva,-425,-400,0.0005339980125427246
archaeological_occupation,AIDA_26025,"Cathedral, Bergamo",-700,-675,0.019546210765838623
archaeological_occupation,AIDA_26025,"Cathedral, Bergamo",-675,-650,0.028124332427978516
archaeological_occupation,AIDA_26025,"Cathedral, Bergamo",-650,-625,0.01564866304397583
archaeological_occupation,AIDA_26025,"Cathedral, Bergamo",-625,-600,0.03561985492706299
archaeological_occupation,AIDA_26025,"Cathedral, Bergamo",-600,-575,0.03467118740081787
archaeological_occupation,AIDA_26025,"Cathedral, Bergamo",-575,-550,0.012094378471374512
archaeological_occupation,AIDA_26025,"Cathedral, Bergamo",-550,-525,0.0016471147537231445
archaeological_occupation,AIDA_26025,"Cathedral, Bergamo",-525,-500,0.00013870000839233398
archaeological_occupation,AIDA_26025,"Cathedral, Bergamo",-500,-475,8.20159912109375e-05
archaeological_occupation,AIDA_26025,"Cathedral, Bergamo",-475,-450,2.8252601623535156e-05
archaeological_occupation,AIDA_26025,"Cathedral, Bergamo",-450,-425,2.6285648345947266e-05
archaeological_occupation,AIDA_26025,"Cathedral, Bergamo",-425,-400,1.3649463653564453e-05
archaeological_occupation,AIDA_26027,"Domus dei Bragagnoli, Bergamo",-150,-125,4.5299530029296875e-06
archaeological_occupation,AIDA_26027,"Domus dei Bragagnoli, Bergamo",-125,-100,3.993511199951172e-06
archaeological_occupation,AIDA_26027,"Domus dei Bragagnoli, Bergamo",-100,-75,0.00013333559036254883
archaeological_occupation,AIDA_26027,"Domus dei Bragagnoli, Bergamo",-75,-50,4.8100948333740234e-05
archaeological_occupation,AIDA_26027,"Domus dei Bragagnoli, Bergamo",-50,-25,0.023751437664031982
archaeological_occupation,AIDA_26027,"Domus dei Bragagnoli, Bergamo",-25,0,0.033070504665374756
archaeological_occupation,AIDA_26030,Arma delle Anime,-700,-675,0.10072314739227295
archaeological_occupation,AIDA_26030,Arma delle Anime,-675,-650,0.07867240905761719
archaeological_occupation,AIDA_26030,Arma delle Anime,-650,-625,0.10776317119598389
archaeological_occupation,AIDA_26030,Arma delle Anime,-625,-600,0.101284921169281
archaeological_occupation,AIDA_26030,Arma delle Anime,-600,-575,0.1025857925415039
archaeological_occupation,AIDA_26030,Arma delle Anime,-575,-550,0.1116907000541687
archaeological_occupation,AIDA_26030,Arma delle Anime,-550,-525,0.06093645095825195
archaeological_occupation,AIDA_26030,Arma delle Anime,-525,-500,0.032006680965423584
archaeological_occupation,AIDA_26030,Arma delle Anime,-500,-475,0.025959014892578125
archaeological_occupation,AIDA_26030,Arma delle Anime,-475,-450,0.013798356056213379
archaeological_occupation,AIDA_26030,Arma delle Anime,-450,-425,0.013003647327423096
archaeological_occupation,AIDA_26030,Arma delle Anime,-425,-400,0.007425189018249512
archaeological_occupation,AIDA_26030,Arma delle Anime,-400,-375,2.1457672119140625e-06
archaeological_occupation,AIDA_2880,Artena,-700,-675,0.07773768901824951
archaeological_occupation,AIDA_2880,Artena,-675,-650,0.10744202136993408
archaeological_occupation,AIDA_2880,Artena,-650,-625,0.06673753261566162
archaeological_occupation,AIDA_2880,Artena,-625,-600,0.045937418937683105
archaeological_occupation,AIDA_2880,Artena,-600,-575,0.04984229803085327
archaeological_occupation,AIDA_2880,Artena,-575,-550,0.0673632025718689
archaeological_occupation,AIDA_2880,Artena,-550,-525,0.1885392665863037
archaeological_occupation,AIDA_2880,Artena,-525,-500,0.25813889503479004
archaeological_occupation,AIDA_2880,Artena,-500,-475,0.2749977707862854
archaeological_occupation,AIDA_2880,Artena,-475,-450,0.33548855781555176
archaeological_occupation,AIDA_2880,Artena,-450,-425,0.3426225781440735
archaeological_occupation,AIDA_2880,Artena,-425,-400,0.42768967151641846
archaeological_occupation,AIDA_2880,Artena,-400,-375,0.5888758897781372
archaeological_occupation,AIDA_2880,Artena,-375,-350,0.4607905149459839
archaeological_occupation,AIDA_2880,Artena,-350,-325,0.23829275369644165
archaeological_occupation,AIDA_2880,Artena,-325,-300,0.2796843647956848
archaeological_occupation,AIDA_2880,Artena,-300,-275,0.3530646562576294
archaeological_occupation,AIDA_2880,Artena,-275,-250,0.434598445892334
archaeological_occupation,AIDA_2880,Artena,-250,-225,0.4181670546531677
archaeological_occupation,AIDA_2880,Artena,-225,-200,0.3314884901046753
archaeological_occupation,AIDA_2880,Artena,-200,-175,0.20106762647628784
archaeological_occupation,AIDA_2880,Artena,-175,-150,0.16683757305145264
archaeological_occupation,AIDA_2880,Artena,-150,-125,0.15219128131866455
archaeological_occupation,AIDA_2880,Artena,-125,-100,0.15224415063858032
archaeological_occupation,AIDA_2880,Artena,-100,-75,0.13464957475662231
archaeological_occupation,AIDA_2880,Artena,-75,-50,0.14153355360031128
archaeological_occupation,AIDA_2880,Artena,-50,-25,0.08506351709365845
archaeological_occupation,AIDA_2880,Artena,-25,0,0.07495760917663574
archaeological_occupation,AIDA_302,"Bule (Monte Viso), Oncino",-700,-675,0.0891227126121521
archaeological_occupation,AIDA_302,"Bule (Monte Viso), Oncino",-675,-650,0.08038157224655151
archaeological_occupation,AIDA_302,"Bule (Monte Viso), Oncino",-650,-625,0.09710043668746948
archaeological_occupation,AIDA_302,"Bule (Monte Viso), Oncino",-625,-600,0.12073075771331787
archaeological_occupation,AIDA_302,"Bule (Monte Viso), Oncino",-600,-575,0.11572062969207764
archaeological_occupation,AIDA_302,"Bule (Monte Viso), Oncino",-575,-550,0.09399604797363281
archaeological_occupation,AIDA_302,"Bule (Monte Viso), Oncino",-550,-525,0.035058557987213135
archaeological_occupation,AIDA_302,"Bule (Monte Viso), Oncino",-525,-500,0.014967381954193115
archaeological_occupation,AIDA_302,"Bule (Monte Viso), Oncino",-500,-475,0.012081325054168701
archaeological_occupation,AIDA_302,"Bule (Monte Viso), Oncino",-475,-450,0.006746411323547363
archaeological_occupation,AIDA_302,"Bule (Monte Viso), Oncino",-450,-425,0.00639420747756958
archaeological_occupation,AIDA_302,"Bule (Monte Viso), Oncino",-425,-400,0.0037799477577209473
archaeological_occupation,AIDA_302,"Bule (Monte Viso), Oncino",-400,-375,5.781650543212891e-06
archaeological_occupation,AIDA_31001,Mont'e Prama,-700,-675,0.05555051565170288
archaeological_occupation,AIDA_31001,Mont'e Prama,-675,-650,0.06876486539840698
archaeological_occupation,AIDA_31001,Mont'e Prama,-650,-625,0.05376344919204712
archaeological_occupation,AIDA_31001,Mont'e Prama,-625,-600,0.10004782676696777
archaeological_occupation,AIDA_31001,Mont'e Prama,-600,-575,0.09300857782363892
archaeological_occupation,AIDA_31001,Mont'e Prama,-575,-550,0.044538140296936035
archaeological_occupation,AIDA_31001,Mont'e Prama,-550,-525,0.007174551486968994
archaeological_occupation,AIDA_31001,Mont'e Prama,-525,-500,0.0008633732795715332
archaeological_occupation,AIDA_31001,Mont'e Prama,-500,-475,0.0005979537963867188
archaeological_occupation,AIDA_31001,Mont'e Prama,-475,-450,0.00036585330963134766
archaeological_occupation,AIDA_31001,Mont'e Prama,-450,-425,0.00037729740142822266
archaeological_occupation,AIDA_31001,Mont'e Prama,-425,-400,0.003451228141784668
archaeological_occupation,AIDA_31001,Mont'e Prama,-400,-375,0.28393155336380005
archaeological_occupation,AIDA_31001,Mont'e Prama,-375,-350,0.23016071319580078
archaeological_occupation,AIDA_31001,Mont'e Prama,-350,-325,0.0077111124992370605
archaeological_occupation,AIDA_31001,Mont'e Prama,-325,-300,0.020007312297821045
archaeological_occupation,AIDA_31001,Mont'e Prama,-300,-275,0.06899869441986084
archaeological_occupation,AIDA_31001,Mont'e Prama,-275,-250,0.18030130863189697
archaeological_occupation,AIDA_31001,Mont'e Prama,-250,-225,0.15552961826324463
archaeological_occupation,AIDA_31001,Mont'e Prama,-225,-200,0.048948049545288086
archaeological_occupation,AIDA_31001,Mont'e Prama,-200,-175,0.0008588433265686035
archaeological_occupation,AIDA_31001,Mont'e Prama,-175,-150,5.0961971282958984e-05
archaeological_occupation,AIDA_31017,﻿Ossimo-Pat,-700,-675,0.04260522127151489
archaeological_occupation,AIDA_31017,﻿Ossimo-Pat,-675,-650,0.043485283851623535
archaeological_occupation,AIDA_31017,﻿Ossimo-Pat,-650,-625,0.044390738010406494
archaeological_occupation,AIDA_31017,﻿Ossimo-Pat,-625,-600,0.06177341938018799
archaeological_occupation,AIDA_31017,﻿Ossimo-Pat,-600,-575,0.05883431434631348
archaeological_occupation,AIDA_31017,﻿Ossimo-Pat,-575,-550,0.04138004779815674
archaeological_occupation,AIDA_31017,﻿Ossimo-Pat,-550,-525,0.016666293144226074
archaeological_occupation,AIDA_31017,﻿Ossimo-Pat,-525,-500,0.010121166706085205
archaeological_occupation,AIDA_31017,﻿Ossimo-Pat,-500,-475,0.009435892105102539
archaeological_occupation,AIDA_31017,﻿Ossimo-Pat,-475,-450,0.00863492488861084
archaeological_occupation,AIDA_31017,﻿Ossimo-Pat,-450,-425,0.008634686470031738
archaeological_occupation,AIDA_31017,﻿Ossimo-Pat,-425,-400,0.009509384632110596
archaeological_occupation,AIDA_31017,﻿Ossimo-Pat,-400,-375,0.024981558322906494
archaeological_occupation,AIDA_31017,﻿Ossimo-Pat,-375,-350,0.037092745304107666
archaeological_occupation,AIDA_31017,﻿Ossimo-Pat,-350,-325,0.05032569169998169
archaeological_occupation,AIDA_31017,﻿Ossimo-Pat,-325,-300,0.04777204990386963
archaeological_occupation,AIDA_31017,﻿Ossimo-Pat,-300,-275,0.043459177017211914
archaeological_occupation,AIDA_31017,﻿Ossimo-Pat,-275,-250,0.03869819641113281
archaeological_occupation,AIDA_31017,﻿Ossimo-Pat,-250,-225,0.03969013690948486
archaeological_occupation,AIDA_31017,﻿Ossimo-Pat,-225,-200,0.04470705986022949
archaeological_occupation,AIDA_31017,﻿Ossimo-Pat,-200,-175,0.05266296863555908
archaeological_occupation,AIDA_31017,﻿Ossimo-Pat,-175,-150,0.05458563566207886
archaeological_occupation,AIDA_31017,﻿Ossimo-Pat,-150,-125,0.0546913743019104
archaeological_occupation,AIDA_31017,﻿Ossimo-Pat,-125,-100,0.05470693111419678
archaeological_occupation,AIDA_31017,﻿Ossimo-Pat,-100,-75,0.052924275398254395
archaeological_occupation,AIDA_31017,﻿Ossimo-Pat,-75,-50,0.053768813610076904
archaeological_occupation,AIDA_31017,﻿Ossimo-Pat,-50,-25,0.044626474380493164
archaeological_occupation,AIDA_31017,﻿Ossimo-Pat,-25,0,0.04278767108917236
archaeological_occupation,AIDA_31021,Este Campo Sportivo,-700,-675,0.1040428876876831
archaeological_occupation,AIDA_31021,Este Campo Sportivo,-675,-650,0.09827935695648193
archaeological_occupation,AIDA_31021,Este Campo Sportivo,-650,-625,0.12637591361999512
archaeological_occupation,AIDA_31021,Este Campo Sportivo,-625,-600,0.16569215059280396
archaeological_occupation,AIDA_31021,Este Campo Sportivo,-600,-575,0.15433990955352783
archaeological_occupation,AIDA_31021,Este Campo Sportivo,-575,-550,0.12034016847610474
archaeological_occupation,AIDA_31021,Este Campo Sportivo,-550,-525,0.07491844892501831
archaeological_occupation,AIDA_31021,Este Campo Sportivo,-525,-500,0.11353141069412231
archaeological_occupation,AIDA_31021,Este Campo Sportivo,-500,-475,0.13267922401428223
archaeological_occupation,AIDA_31021,Este Campo Sportivo,-475,-450,0.21944350004196167
archaeological_occupation,AIDA_31021,Este Campo Sportivo,-450,-425,0.2269861102104187
archaeological_occupation,AIDA_31021,Este Campo Sportivo,-425,-400,0.2227855920791626
archaeological_occupation,AIDA_31021,Este Campo Sportivo,-400,-375,0.0037712454795837402
archaeological_occupation,AIDA_31025,S`Urachi,-700,-675,0.1664683222770691
archaeological_occupation,AIDA_31025,S`Urachi,-675,-650,0.14615219831466675
archaeological_occupation,AIDA_31025,S`Urachi,-650,-625,0.17049747705459595
archaeological_occupation,AIDA_31025,S`Urachi,-625,-600,0.1559392213821411
archaeological_occupation,AIDA_31025,S`Urachi,-600,-575,0.15867149829864502
archaeological_occupation,AIDA_31025,S`Urachi,-575,-550,0.17523419857025146
archaeological_occupation,AIDA_31025,S`Urachi,-550,-525,0.138885498046875
archaeological_occupation,AIDA_31025,S`Urachi,-525,-500,0.10657352209091187
archaeological_occupation,AIDA_31025,S`Urachi,-500,-475,0.09735697507858276
archaeological_occupation,AIDA_31025,S`Urachi,-475,-450,0.06869947910308838
archaeological_occupation,AIDA_31025,S`Urachi,-450,-425,0.06596451997756958
archaeological_occupation,AIDA_31025,S`Urachi,-425,-400,0.04187047481536865
archaeological_occupation,AIDA_31025,S`Urachi,-400,-375,0.00011175870895385742
archaeological_occupation,AIDA_31045,Panarea,-700,-675,1.7881393432617188e-05
archaeological_occupation,AIDA_31045,Panarea,-675,-650,2.7835369110107422e-05
archaeological_occupation,AIDA_31045,Panarea,-650,-625,1.2755393981933594e-05
archaeological_occupation,AIDA_31045,Panarea,-625,-600,3.331899642944336e-05
archaeological_occupation,AIDA_31045,Panarea,-600,-575,3.343820571899414e-05
archaeological_occupation,AIDA_31045,Panarea,-575,-550,9.298324584960938e-06
archaeological_occupation,AIDA_31045,Panarea,-550,-525,1.0132789611816406e-06
archaeological_occupation,AIDA_31052,Lago delle Fate,-50,-25,0.00013250112533569336
archaeological_occupation,AIDA_31052,Lago delle Fate,-25,0,0.00021636486053466797
archaeological_occupation,AIDA_31054,Calicantone-Cava d'Ispica,-700,-675,0.0008274316787719727
archaeological_occupation,AIDA_31054,Calicantone-Cava d'Ispica,-675,-650,0.000823974609375
archaeological_occupation,AIDA_31054,Calicantone-Cava d'Ispica,-650,-625,0.0008650422096252441
archaeological_occupation,AIDA_31054,Calicantone-Cava d'Ispica,-625,-600,0.0011756420135498047
archaeological_occupation,AIDA_31054,Calicantone-Cava d'Ispica,-600,-575,0.0011231303215026855
archaeological_occupation,AIDA_31054,Calicantone-Cava d'Ispica,-575,-550,0.0008137226104736328
archaeological_occupation,AIDA_31054,Calicantone-Cava d'Ispica,-550,-525,0.00032150745391845703
archaeological_occupation,AIDA_31054,Calicantone-Cava d'Ispica,-525,-500,0.00017005205154418945
archaeological_occupation,AIDA_31054,Calicantone-Cava d'Ispica,-500,-475,0.00014889240264892578
archaeological_occupation,AIDA_31054,Calicantone-Cava d'Ispica,-475,-450,0.00010389089584350586
archaeological_occupation,AIDA_31054,Calicantone-Cava d'Ispica,-450,-425,0.00010025501251220703
archaeological_occupation,AIDA_31054,Calicantone-Cava d'Ispica,-425,-400,6.842613220214844e-05
archaeological_occupation,AIDA_31054,Calicantone-Cava d'Ispica,-400,-375,2.2649765014648438e-06
archaeological_occupation,AIDA_31059,Cavita 254-Orvieto,-700,-675,0.10545545816421509
archaeological_occupation,AIDA_31059,Cavita 254-Orvieto,-675,-650,0.08158165216445923
archaeological_occupation,AIDA_31059,Cavita 254-Orvieto,-650,-625,0.12101531028747559
archaeological_occupation,AIDA_31059,Cavita 254-Orvieto,-625,-600,0.1343367099761963
archaeological_occupation,AIDA_31059,Cavita 254-Orvieto,-600,-575,0.13069748878479004
archaeological_occupation,AIDA_31059,Cavita 254-Orvieto,-575,-550,0.12191754579544067
archaeological_occupation,AIDA_31059,Cavita 254-Orvieto,-550,-525,0.04032212495803833
archaeological_occupation,AIDA_31059,Cavita 254-Orvieto,-525,-500,0.011286318302154541
archaeological_occupation,AIDA_31059,Cavita 254-Orvieto,-500,-475,0.0076604485511779785
archaeological_occupation,AIDA_31059,Cavita 254-Orvieto,-475,-450,0.002939939498901367
archaeological_occupation,AIDA_31059,Cavita 254-Orvieto,-450,-425,0.0027324557304382324
archaeological_occupation,AIDA_31059,Cavita 254-Orvieto,-425,-400,0.0014418363571166992
archaeological_occupation,AIDA_31077,Aosta-Via Roma,-700,-675,0.0637812614440918
archaeological_occupation,AIDA_31077,Aosta-Via Roma,-675,-650,0.07307243347167969
archaeological_occupation,AIDA_31077,Aosta-Via Roma,-650,-625,0.06550043821334839
archaeological_occupation,AIDA_31077,Aosta-Via Roma,-625,-600,0.11210441589355469
archaeological_occupation,AIDA_31077,Aosta-Via Roma,-600,-575,0.10384500026702881
archaeological_occupation,AIDA_31077,Aosta-Via Roma,-575,-550,0.056365132331848145
archaeological_occupation,AIDA_31077,Aosta-Via Roma,-550,-525,0.009794056415557861
archaeological_occupation,AIDA_31077,Aosta-Via Roma,-525,-500,0.0009929537773132324
archaeological_occupation,AIDA_31077,Aosta-Via Roma,-500,-475,0.0005630254745483398
archaeological_occupation,AIDA_31077,Aosta-Via Roma,-475,-450,0.00017595291137695312
archaeological_occupation,AIDA_31077,Aosta-Via Roma,-450,-425,0.00016295909881591797
archaeological_occupation,AIDA_31077,Aosta-Via Roma,-425,-400,8.279085159301758e-05
archaeological_occupation,AIDA_31078,Aosta-Ospedale,-700,-675,0.5166223049163818
archaeological_occupation,AIDA_31078,Aosta-Ospedale,-675,-650,0.49506282806396484
archaeological_occupation,AIDA_31078,Aosta-Ospedale,-650,-625,0.5357860326766968
archaeological_occupation,AIDA_31078,Aosta-Ospedale,-625,-600,0.6134170293807983
archaeological_occupation,AIDA_31078,Aosta-Ospedale,-600,-575,0.5983482003211975
archaeological_occupation,AIDA_31078,Aosta-Ospedale,-575,-550,0.5232741832733154
archaeological_occupation,AIDA_31078,Aosta-Ospedale,-550,-525,0.3015868067741394
archaeological_occupation,AIDA_31078,Aosta-Ospedale,-525,-500,0.19212090969085693
archaeological_occupation,AIDA_31078,Aosta-Ospedale,-500,-475,0.1696079969406128
archaeological_occupation,AIDA_31078,Aosta-Ospedale,-475,-450,0.11033403873443604
archaeological_occupation,AIDA_31078,Aosta-Ospedale,-450,-425,0.10531806945800781
archaeological_occupation,AIDA_31078,Aosta-Ospedale,-425,-400,0.06477940082550049
archaeological_occupation,AIDA_31078,Aosta-Ospedale,-400,-375,0.00012183189392089844
archaeological_occupation,AIDA_31087,Fontanazza Monte Grande,-700,-675,1.3232231140136719e-05
archaeological_occupation,AIDA_31087,Fontanazza Monte Grande,-675,-650,1.2874603271484375e-05
archaeological_occupation,AIDA_31087,Fontanazza Monte Grande,-650,-625,1.3470649719238281e-05
archaeological_occupation,AIDA_31087,Fontanazza Monte Grande,-625,-600,1.4483928680419922e-05
archaeological_occupation,AIDA_31087,Fontanazza Monte Grande,-600,-575,1.430511474609375e-05
archaeological_occupation,AIDA_31087,Fontanazza Monte Grande,-575,-550,1.33514404296875e-05
archaeological_occupation,AIDA_31087,Fontanazza Monte Grande,-550,-525,1.0728836059570312e-05
archaeological_occupation,AIDA_31087,Fontanazza Monte Grande,-525,-500,9.59634780883789e-06
archaeological_occupation,AIDA_31087,Fontanazza Monte Grande,-500,-475,9.417533874511719e-06
archaeological_occupation,AIDA_31087,Fontanazza Monte Grande,-475,-450,8.761882781982422e-06
archaeological_occupation,AIDA_31087,Fontanazza Monte Grande,-450,-425,8.702278137207031e-06
archaeological_occupation,AIDA_31087,Fontanazza Monte Grande,-425,-400,7.867813110351562e-06
archaeological_occupation,AIDA_31087,Fontanazza Monte Grande,-400,-375,4.172325134277344e-06
archaeological_occupation,AIDA_31087,Fontanazza Monte Grande,-375,-350,2.86102294921875e-06
archaeological_occupation,AIDA_31087,Fontanazza Monte Grande,-350,-325,1.8477439880371094e-06
archaeological_occupation,AIDA_31087,Fontanazza Monte Grande,-325,-300,2.0265579223632812e-06
archaeological_occupation,AIDA_31087,Fontanazza Monte Grande,-300,-275,2.384185791015625e-06
archaeological_occupation,AIDA_31087,Fontanazza Monte Grande,-275,-250,2.7418136596679688e-06
archaeological_occupation,AIDA_31087,Fontanazza Monte Grande,-250,-225,2.682209014892578e-06
archaeological_occupation,AIDA_31087,Fontanazza Monte Grande,-225,-200,2.2649765014648438e-06
archaeological_occupation,AIDA_31087,Fontanazza Monte Grande,-200,-175,1.6093254089355469e-06
archaeological_occupation,AIDA_31087,Fontanazza Monte Grande,-175,-150,1.3113021850585938e-06
archaeological_occupation,AIDA_31087,Fontanazza Monte Grande,-150,-125,1.1324882507324219e-06
archaeological_occupation,AIDA_31087,Fontanazza Monte Grande,-125,-100,1.1324882507324219e-06
archaeological_occupation,AIDA_31087,Fontanazza Monte Grande,-75,-50,1.0132789611816406e-06
archaeological_occupation,AIDA_3279,Alba,-700,-675,0.0002136826515197754
archaeological_occupation,AIDA_3279,Alba,-675,-650,0.00022834539413452148
archaeological_occupation,AIDA_3279,Alba,-650,-625,0.00021910667419433594
archaeological_occupation,AIDA_3279,Alba,-625,-600,0.0003344416618347168
archaeological_occupation,AIDA_3279,Alba,-600,-575,0.00031679868698120117
archaeological_occupation,AIDA_3279,Alba,-575,-550,0.00019872188568115234
archaeological_occupation,AIDA_3279,Alba,-550,-525,5.7816505432128906e-05
archaeological_occupation,AIDA_3279,Alba,-525,-500,2.1576881408691406e-05
archaeological_occupation,AIDA_3279,Alba,-500,-475,1.7583370208740234e-05
archaeological_occupation,AIDA_3279,Alba,-475,-450,1.055002212524414e-05
archaeological_occupation,AIDA_3279,Alba,-450,-425,1.0073184967041016e-05
archaeological_occupation,AIDA_3279,Alba,-425,-400,6.318092346191406e-06
archaeological_occupation,AIDA_3283,Montale,-700,-675,0.017370998859405518
archaeological_occupation,AIDA_3283,Montale,-675,-650,0.01707279682159424
archaeological_occupation,AIDA_3283,Montale,-650,-625,0.017552435398101807
archaeological_occupation,AIDA_3283,Montale,-625,-600,0.01815032958984375
archaeological_occupation,AIDA_3283,Montale,-600,-575,0.01803767681121826
archaeological_occupation,AIDA_3283,Montale,-575,-550,0.017481625080108643
archaeological_occupation,AIDA_3283,Montale,-550,-525,0.015677809715270996
archaeological_occupation,AIDA_3283,Montale,-525,-500,0.014842331409454346
archaeological_occupation,AIDA_3283,Montale,-500,-475,0.014667749404907227
archaeological_occupation,AIDA_3283,Montale,-475,-450,0.014115989208221436
archaeological_occupation,AIDA_3283,Montale,-450,-425,0.014054059982299805
archaeological_occupation,AIDA_3283,Montale,-425,-400,0.01326608657836914
archaeological_occupation,AIDA_3283,Montale,-400,-375,0.009152650833129883
archaeological_occupation,AIDA_3283,Montale,-375,-350,0.017548024654388428
archaeological_occupation,AIDA_3283,Montale,-350,-325,0.1684989333152771
archaeological_occupation,AIDA_3283,Montale,-325,-300,0.12288451194763184
archaeological_occupation,AIDA_3283,Montale,-300,-275,0.055468082427978516
archaeological_occupation,AIDA_3283,Montale,-275,-250,0.021305620670318604
archaeological_occupation,AIDA_3283,Montale,-250,-225,0.027297556400299072
archaeological_occupation,AIDA_3283,Montale,-225,-200,0.07097643613815308
archaeological_occupation,AIDA_3283,Montale,-200,-175,0.20473140478134155
archaeological_occupation,AIDA_3283,Montale,-175,-150,0.1455775499343872
archaeological_occupation,AIDA_3283,Montale,-150,-125,0.07903403043746948
archaeological_occupation,AIDA_3283,Montale,-125,-100,0.07896596193313599
archaeological_occupation,AIDA_3283,Montale,-100,-75,0.02334463596343994
archaeological_occupation,AIDA_3283,Montale,-75,-50,0.03840827941894531
archaeological_occupation,AIDA_3283,Montale,-50,-25,0.0029511451721191406
archaeological_occupation,AIDA_3283,Montale,-25,0,0.0018605589866638184
archaeological_occupation,AIDA_3288,Bosca di Pacengo,-700,-675,0.011262953281402588
archaeological_occupation,AIDA_3288,Bosca di Pacengo,-675,-650,0.01324450969696045
archaeological_occupation,AIDA_3288,Bosca di Pacengo,-650,-625,0.01110529899597168
archaeological_occupation,AIDA_3288,Bosca di Pacengo,-625,-600,0.019363582134246826
archaeological_occupation,AIDA_3288,Bosca di Pacengo,-600,-575,0.01820850372314453
archaeological_occupation,AIDA_3288,Bosca di Pacengo,-575,-550,0.009561240673065186
archaeological_occupation,AIDA_3288,Bosca di Pacengo,-550,-525,0.0018871426582336426
archaeological_occupation,AIDA_3288,Bosca di Pacengo,-525,-500,0.0003361701965332031
archaeological_occupation,AIDA_3288,Bosca di Pacengo,-500,-475,0.00023031234741210938
archaeological_occupation,AIDA_3288,Bosca di Pacengo,-475,-450,9.918212890625e-05
archaeological_occupation,AIDA_3288,Bosca di Pacengo,-450,-425,9.28640365600586e-05
archaeological_occupation,AIDA_3288,Bosca di Pacengo,-425,-400,5.1140785217285156e-05
archaeological_occupation,AIDA_3333,Borgo Le Ferriere (Satricum),-700,-675,0.21992695331573486
archaeological_occupation,AIDA_3333,Borgo Le Ferriere (Satricum),-675,-650,0.22684800624847412
archaeological_occupation,AIDA_3333,Borgo Le Ferriere (Satricum),-650,-625,0.21926528215408325
archaeological_occupation,AIDA_3333,Borgo Le Ferriere (Satricum),-625,-600,0.2735457420349121
archaeological_occupation,AIDA_3333,Borgo Le Ferriere (Satricum),-600,-575,0.2653220295906067
archaeological_occupation,AIDA_3333,Borgo Le Ferriere (Satricum),-575,-550,0.20890718698501587
archaeological_occupation,AIDA_3333,Borgo Le Ferriere (Satricum),-550,-525,0.1343058943748474
archaeological_occupation,AIDA_3333,Borgo Le Ferriere (Satricum),-525,-500,0.10027235746383667
archaeological_occupation,AIDA_3333,Borgo Le Ferriere (Satricum),-500,-475,0.0919874906539917
archaeological_occupation,AIDA_3333,Borgo Le Ferriere (Satricum),-475,-450,0.06491804122924805
archaeological_occupation,AIDA_3333,Borgo Le Ferriere (Satricum),-450,-425,0.062294185161590576
archaeological_occupation,AIDA_3333,Borgo Le Ferriere (Satricum),-425,-400,0.03940051794052124
archaeological_occupation,AIDA_3333,Borgo Le Ferriere (Satricum),-400,-375,0.0001289844512939453
archaeological_occupation,AIDA_3336,Caolino Necropolis,-700,-675,0.09120863676071167
archaeological_occupation,AIDA_3336,Caolino Necropolis,-675,-650,0.07996100187301636
archaeological_occupation,AIDA_3336,Caolino Necropolis,-650,-625,0.09816539287567139
archaeological_occupation,AIDA_3336,Caolino Necropolis,-625,-600,0.11145669221878052
archaeological_occupation,AIDA_3336,Caolino Necropolis,-600,-575,0.10851472616195679
archaeological_occupation,AIDA_3336,Caolino Necropolis,-575,-550,0.09714251756668091
archaeological_occupation,AIDA_3336,Caolino Necropolis,-550,-525,0.046349167823791504
archaeological_occupation,AIDA_3336,Caolino Necropolis,-525,-500,0.025429069995880127
archaeological_occupation,AIDA_3336,Caolino Necropolis,-500,-475,0.021736323833465576
archaeological_occupation,AIDA_3336,Caolino Necropolis,-475,-450,0.013665974140167236
archaeological_occupation,AIDA_3336,Caolino Necropolis,-450,-425,0.013050556182861328
archaeological_occupation,AIDA_3336,Caolino Necropolis,-425,-400,0.008086860179901123
archaeological_occupation,AIDA_3336,Caolino Necropolis,-400,-375,3.123283386230469e-05
archaeological_occupation,AIDA_430,"Arene Candide, Finale Ligure",-700,-675,2.086162567138672e-06
archaeological_occupation,AIDA_430,"Arene Candide, Finale Ligure",-675,-650,2.0265579223632812e-06
archaeological_occupation,AIDA_430,"Arene Candide, Finale Ligure",-650,-625,2.1457672119140625e-06
archaeological_occupation,AIDA_430,"Arene Candide, Finale Ligure",-625,-600,2.7418136596679688e-06
archaeological_occupation,AIDA_430,"Arene Candide, Finale Ligure",-600,-575,2.6226043701171875e-06
archaeological_occupation,AIDA_430,"Arene Candide, Finale Ligure",-575,-550,2.086162567138672e-06
archaeological_occupation,AIDA_430,"Arene Candide, Finale Ligure",-550,-525,1.0728836059570312e-06
archaeological_occupation,AIDA_4329,Potenza valley,-350,-325,1.1920928955078125e-06
archaeological_occupation,AIDA_4329,Potenza valley,-200,-175,4.649162292480469e-06
archaeological_occupation,AIDA_4329,Potenza valley,-175,-150,0.0005744099617004395
archaeological_occupation,AIDA_4329,Potenza valley,-150,-125,0.003117203712463379
archaeological_occupation,AIDA_4329,Potenza valley,-125,-100,0.002930164337158203
archaeological_occupation,AIDA_4329,Potenza valley,-100,-75,0.03257405757904053
archaeological_occupation,AIDA_4329,Potenza valley,-75,-50,0.015871405601501465
archaeological_occupation,AIDA_4329,Potenza valley,-50,-25,0.247674822807312
archaeological_occupation,AIDA_4329,Potenza valley,-25,0,0.282328724861145
archaeological_occupation,AIDA_4367,Castiglione (Gabii),-700,-675,9.85264778137207e-05
archaeological_occupation,AIDA_4367,Castiglione (Gabii),-675,-650,9.98377799987793e-05
archaeological_occupation,AIDA_4367,Castiglione (Gabii),-650,-625,0.00010251998901367188
archaeological_occupation,AIDA_4367,Castiglione (Gabii),-625,-600,0.00014340877532958984
archaeological_occupation,AIDA_4367,Castiglione (Gabii),-600,-575,0.0001367330551147461
archaeological_occupation,AIDA_4367,Castiglione (Gabii),-575,-550,9.566545486450195e-05
archaeological_occupation,AIDA_4367,Castiglione (Gabii),-550,-525,3.546476364135742e-05
archaeological_occupation,AIDA_4367,Castiglione (Gabii),-525,-500,1.7702579498291016e-05
archaeological_occupation,AIDA_4367,Castiglione (Gabii),-500,-475,1.531839370727539e-05
archaeological_occupation,AIDA_4367,Castiglione (Gabii),-475,-450,1.049041748046875e-05
archaeological_occupation,AIDA_4367,Castiglione (Gabii),-450,-425,1.0132789611816406e-05
archaeological_occupation,AIDA_4367,Castiglione (Gabii),-425,-400,6.794929504394531e-06
archaeological_occupation,AIDA_4368,Celano-Paludi,-700,-675,1.3113021850585938e-06
archaeological_occupation,AIDA_4368,Celano-Paludi,-675,-650,1.4901161193847656e-06
archaeological_occupation,AIDA_4368,Celano-Paludi,-650,-625,1.3113021850585938e-06
archaeological_occupation,AIDA_4368,Celano-Paludi,-625,-600,2.1457672119140625e-06
archaeological_occupation,AIDA_4368,Celano-Paludi,-600,-575,2.0265579223632812e-06
archaeological_occupation,AIDA_4368,Celano-Paludi,-575,-550,1.1324882507324219e-06
archaeological_occupation,AIDA_4369,"Colle dei Cappuccini, Ancona",-700,-675,0.000891268253326416
archaeological_occupation,AIDA_4369,"Colle dei Cappuccini, Ancona",-675,-650,0.0009101033210754395
archaeological_occupation,AIDA_4369,"Colle dei Cappuccini, Ancona",-650,-625,0.0009278059005737305
archaeological_occupation,AIDA_4369,"Colle dei Cappuccini, Ancona",-625,-600,0.001323699951171875
archaeological_occupation,AIDA_4369,"Colle dei Cappuccini, Ancona",-600,-575,0.00125885009765625
archaeological_occupation,AIDA_4369,"Colle dei Cappuccini, Ancona",-575,-550,0.0008603334426879883
archaeological_occupation,AIDA_4369,"Colle dei Cappuccini, Ancona",-550,-525,0.0002955794334411621
archaeological_occupation,AIDA_4369,"Colle dei Cappuccini, Ancona",-525,-500,0.00013434886932373047
archaeological_occupation,AIDA_4369,"Colle dei Cappuccini, Ancona",-500,-475,0.00011396408081054688
archaeological_occupation,AIDA_4369,"Colle dei Cappuccini, Ancona",-475,-450,7.402896881103516e-05
archaeological_occupation,AIDA_4369,"Colle dei Cappuccini, Ancona",-450,-425,7.104873657226562e-05
archaeological_occupation,AIDA_4369,"Colle dei Cappuccini, Ancona",-425,-400,4.6253204345703125e-05
archaeological_occupation,AIDA_4447,Cosa,-700,-675,0.07806229591369629
archaeological_occupation,AIDA_4447,Cosa,-675,-650,0.0718504786491394
archaeological_occupation,AIDA_4447,Cosa,-650,-625,0.08307129144668579
archaeological_occupation,AIDA_4447,Cosa,-625,-600,0.09961986541748047
archaeological_occupation,AIDA_4447,Cosa,-600,-575,0.09632354974746704
archaeological_occupation,AIDA_4447,Cosa,-575,-550,0.08091968297958374
archaeological_occupation,AIDA_4447,Cosa,-550,-525,0.03854125738143921
archaeological_occupation,AIDA_4447,Cosa,-525,-500,0.02251720428466797
archaeological_occupation,AIDA_4447,Cosa,-500,-475,0.019812405109405518
archaeological_occupation,AIDA_4447,Cosa,-475,-450,0.013612508773803711
archaeological_occupation,AIDA_4447,Cosa,-450,-425,0.013103246688842773
archaeological_occupation,AIDA_4447,Cosa,-425,-400,0.008635997772216797
archaeological_occupation,AIDA_4447,Cosa,-400,-375,0.0001195073127746582
archaeological_occupation,AIDA_4447,Cosa,-375,-350,1.9729137420654297e-05
archaeological_occupation,AIDA_4447,Cosa,-350,-325,0.0010482072830200195
archaeological_occupation,AIDA_4447,Cosa,-325,-300,0.00043469667434692383
archaeological_occupation,AIDA_4447,Cosa,-300,-275,9.816884994506836e-05
archaeological_occupation,AIDA_4447,Cosa,-275,-250,2.586841583251953e-05
archaeological_occupation,AIDA_4447,Cosa,-250,-225,3.790855407714844e-05
archaeological_occupation,AIDA_4447,Cosa,-225,-200,0.00015497207641601562
archaeological_occupation,AIDA_4447,Cosa,-200,-175,0.0019690990447998047
archaeological_occupation,AIDA_4447,Cosa,-175,-150,0.007815122604370117
archaeological_occupation,AIDA_4447,Cosa,-150,-125,0.015113532543182373
archaeological_occupation,AIDA_4447,Cosa,-125,-100,0.015007078647613525
archaeological_occupation,AIDA_4447,Cosa,-100,-75,0.033663392066955566
archaeological_occupation,AIDA_4447,Cosa,-75,-50,0.025665640830993652
archaeological_occupation,AIDA_4447,Cosa,-50,-25,0.10324645042419434
archaeological_occupation,AIDA_4447,Cosa,-25,0,0.11810934543609619
archaeological_occupation,AIDA_445,Bric Tana,-700,-675,0.08983319997787476
archaeological_occupation,AIDA_445,Bric Tana,-675,-650,0.07635742425918579
archaeological_occupation,AIDA_445,Bric Tana,-650,-625,0.09152823686599731
archaeological_occupation,AIDA_445,Bric Tana,-625,-600,0.07998102903366089
archaeological_occupation,AIDA_445,Bric Tana,-600,-575,0.08240854740142822
archaeological_occupation,AIDA_445,Bric Tana,-575,-550,0.09501588344573975
archaeological_occupation,AIDA_445,Bric Tana,-550,-525,0.07278764247894287
archaeological_occupation,AIDA_445,Bric Tana,-525,-500,0.05203181505203247
archaeological_occupation,AIDA_445,Bric Tana,-500,-475,0.046310245990753174
archaeological_occupation,AIDA_445,Bric Tana,-475,-450,0.030630946159362793
archaeological_occupation,AIDA_445,Bric Tana,-450,-425,0.029284298419952393
archaeological_occupation,AIDA_445,Bric Tana,-425,-400,0.018151521682739258
archaeological_occupation,AIDA_445,Bric Tana,-400,-375,4.220008850097656e-05
archaeological_occupation,AIDA_4463,Tarquinia,-700,-675,0.08557254076004028
archaeological_occupation,AIDA_4463,Tarquinia,-675,-650,0.07528764009475708
archaeological_occupation,AIDA_4463,Tarquinia,-650,-625,0.08695745468139648
archaeological_occupation,AIDA_4463,Tarquinia,-625,-600,0.07813704013824463
archaeological_occupation,AIDA_4463,Tarquinia,-600,-575,0.07991176843643188
archaeological_occupation,AIDA_4463,Tarquinia,-575,-550,0.08957093954086304
archaeological_occupation,AIDA_4463,Tarquinia,-550,-525,0.07219153642654419
archaeological_occupation,AIDA_4463,Tarquinia,-525,-500,0.055474281311035156
archaeological_occupation,AIDA_4463,Tarquinia,-500,-475,0.050759077072143555
archaeological_occupation,AIDA_4463,Tarquinia,-475,-450,0.036561667919158936
archaeological_occupation,AIDA_4463,Tarquinia,-450,-425,0.03521615266799927
archaeological_occupation,AIDA_4463,Tarquinia,-425,-400,0.022993147373199463
archaeological_occupation,AIDA_4463,Tarquinia,-400,-375,0.0001513957977294922
archaeological_occupation,AIDA_4495,"San Callixtus, Roma",-700,-675,0.06251013278961182
archaeological_occupation,AIDA_4495,"San Callixtus, Roma",-675,-650,0.0674898624420166
archaeological_occupation,AIDA_4495,"San Callixtus, Roma",-650,-625,0.06479847431182861
archaeological_occupation,AIDA_4495,"San Callixtus, Roma",-625,-600,0.10208314657211304
archaeological_occupation,AIDA_4495,"San Callixtus, Roma",-600,-575,0.09592068195343018
archaeological_occupation,AIDA_4495,"San Callixtus, Roma",-575,-550,0.05798715353012085
archaeological_occupation,AIDA_4495,"San Callixtus, Roma",-550,-525,0.01338130235671997
archaeological_occupation,AIDA_4495,"San Callixtus, Roma",-525,-500,0.003012537956237793
archaeological_occupation,AIDA_4495,"San Callixtus, Roma",-500,-475,0.0021356940269470215
archaeological_occupation,AIDA_4495,"San Callixtus, Roma",-475,-450,0.0009555816650390625
archaeological_occupation,AIDA_4495,"San Callixtus, Roma",-450,-425,0.0008960366249084473
archaeological_occupation,AIDA_4495,"San Callixtus, Roma",-425,-400,0.0004966855049133301
archaeological_occupation,AIDA_4495,"San Callixtus, Roma",-400,-375,4.0531158447265625e-06
archaeological_occupation,AIDA_4495,"San Callixtus, Roma",-375,-350,0.00011622905731201172
archaeological_occupation,AIDA_4495,"San Callixtus, Roma",-350,-325,0.007774949073791504
archaeological_occupation,AIDA_4495,"San Callixtus, Roma",-325,-300,0.0032448768615722656
archaeological_occupation,AIDA_4495,"San Callixtus, Roma",-300,-275,0.0006860494613647461
archaeological_occupation,AIDA_4495,"San Callixtus, Roma",-275,-250,0.00015819072723388672
archaeological_occupation,AIDA_4495,"San Callixtus, Roma",-250,-225,0.0002449154853820801
archaeological_occupation,AIDA_4495,"San Callixtus, Roma",-225,-200,0.0011170506477355957
archaeological_occupation,AIDA_4495,"San Callixtus, Roma",-200,-175,0.01440894603729248
archaeological_occupation,AIDA_4495,"San Callixtus, Roma",-175,-150,0.04909247159957886
archaeological_occupation,AIDA_4495,"San Callixtus, Roma",-150,-125,0.08520740270614624
archaeological_occupation,AIDA_4495,"San Callixtus, Roma",-125,-100,0.08487838506698608
archaeological_occupation,AIDA_4495,"San Callixtus, Roma",-100,-75,0.15205252170562744
archaeological_occupation,AIDA_4495,"San Callixtus, Roma",-75,-50,0.125865638256073
archaeological_occupation,AIDA_4495,"San Callixtus, Roma",-50,-25,0.30424565076828003
archaeological_occupation,AIDA_4495,"San Callixtus, Roma",-25,0,0.33134889602661133
archaeological_occupation,AIDA_4515,"Firenze, San Reparata, Cattedrale Santa Maria del Fiore",-525,-500,1.1920928955078125e-06
archaeological_occupation,AIDA_4515,"Firenze, San Reparata, Cattedrale Santa Maria del Fiore",-500,-475,1.3113021850585938e-06
archaeological_occupation,AIDA_4515,"Firenze, San Reparata, Cattedrale Santa Maria del Fiore",-475,-450,1.9669532775878906e-06
archaeological_occupation,AIDA_4515,"Firenze, San Reparata, Cattedrale Santa Maria del Fiore",-450,-425,2.086162567138672e-06
archaeological_occupation,AIDA_4515,"Firenze, San Reparata, Cattedrale Santa Maria del Fiore",-425,-400,4.589557647705078e-06
archaeological_occupation,AIDA_4515,"Firenze, San Reparata, Cattedrale Santa Maria del Fiore",-400,-375,0.00010633468627929688
archaeological_occupation,AIDA_4515,"Firenze, San Reparata, Cattedrale Santa Maria del Fiore",-375,-350,0.0003605484962463379
archaeological_occupation,AIDA_4515,"Firenze, San Reparata, Cattedrale Santa Maria del Fiore",-350,-325,0.001750349998474121
archaeological_occupation,AIDA_4515,"Firenze, San Reparata, Cattedrale Santa Maria del Fiore",-325,-300,0.001213669776916504
archaeological_occupation,AIDA_4515,"Firenze, San Reparata, Cattedrale Santa Maria del Fiore",-300,-275,0.0007040500640869141
archaeological_occupation,AIDA_4515,"Firenze, San Reparata, Cattedrale Santa Maria del Fiore",-275,-250,0.00041997432708740234
archaeological_occupation,AIDA_4515,"Firenze, San Reparata, Cattedrale Santa Maria del Fiore",-250,-225,0.00047385692596435547
archaeological_occupation,AIDA_4515,"Firenze, San Reparata, Cattedrale Santa Maria del Fiore",-225,-200,0.0008180737495422363
archaeological_occupation,AIDA_4515,"Firenze, San Reparata, Cattedrale Santa Maria del Fiore",-200,-175,0.002403855323791504
archaeological_occupation,AIDA_4515,"Firenze, San Reparata, Cattedrale Santa Maria del Fiore",-175,-150,0.004534602165222168
archaeological_occupation,AIDA_4515,"Firenze, San Reparata, Cattedrale Santa Maria del Fiore",-150,-125,0.006497383117675781
archaeological_occupation,AIDA_4515,"Firenze, San Reparata, Cattedrale Santa Maria del Fiore",-125,-100,0.006478488445281982
archaeological_occupation,AIDA_4515,"Firenze, San Reparata, Cattedrale Santa Maria del Fiore",-100,-75,0.010369479656219482
archaeological_occupation,AIDA_4515,"Firenze, San Reparata, Cattedrale Santa Maria del Fiore",-75,-50,0.008771300315856934
archaeological_occupation,AIDA_4515,"Firenze, San Reparata, Cattedrale Santa Maria del Fiore",-50,-25,0.024786949157714844
archaeological_occupation,AIDA_4515,"Firenze, San Reparata, Cattedrale Santa Maria del Fiore",-25,0,0.02809387445449829
archaeological_occupation,AIDA_5121,Vezzano Falacrinae,-700,-675,0.09028035402297974
archaeological_occupation,AIDA_5121,Vezzano Falacrinae,-675,-650,0.084220290184021
archaeological_occupation,AIDA_5121,Vezzano Falacrinae,-650,-625,0.099886953830719
archaeological_occupation,AIDA_5121,Vezzano Falacrinae,-625,-600,0.13515996932983398
archaeological_occupation,AIDA_5121,Vezzano Falacrinae,-600,-575,0.1275542974472046
archaeological_occupation,AIDA_5121,Vezzano Falacrinae,-575,-550,0.094349205493927
archaeological_occupation,AIDA_5121,Vezzano Falacrinae,-550,-525,0.026012659072875977
archaeological_occupation,AIDA_5121,Vezzano Falacrinae,-525,-500,0.006881773471832275
archaeological_occupation,AIDA_5121,Vezzano Falacrinae,-500,-475,0.004891932010650635
archaeological_occupation,AIDA_5121,Vezzano Falacrinae,-475,-450,0.002134084701538086
archaeological_occupation,AIDA_5121,Vezzano Falacrinae,-450,-425,0.001996457576751709
archaeological_occupation,AIDA_5121,Vezzano Falacrinae,-425,-400,0.0010927319526672363
archaeological_occupation,AIDA_5121,Vezzano Falacrinae,-400,-375,0.00013595819473266602
archaeological_occupation,AIDA_5121,Vezzano Falacrinae,-375,-350,0.005969524383544922
archaeological_occupation,AIDA_5121,Vezzano Falacrinae,-350,-325,0.15062391757965088
archaeological_occupation,AIDA_5121,Vezzano Falacrinae,-325,-300,0.09682124853134155
archaeological_occupation,AIDA_5121,Vezzano Falacrinae,-300,-275,0.03315764665603638
archaeological_occupation,AIDA_5121,Vezzano Falacrinae,-275,-250,0.0082283616065979
archaeological_occupation,AIDA_5121,Vezzano Falacrinae,-250,-225,0.012474000453948975
archaeological_occupation,AIDA_5121,Vezzano Falacrinae,-225,-200,0.046663880348205566
archaeological_occupation,AIDA_5121,Vezzano Falacrinae,-200,-175,0.2007402777671814
archaeological_occupation,AIDA_5121,Vezzano Falacrinae,-175,-150,0.16667675971984863
archaeological_occupation,AIDA_5121,Vezzano Falacrinae,-150,-125,0.09902477264404297
archaeological_occupation,AIDA_5121,Vezzano Falacrinae,-125,-100,0.0990605354309082
archaeological_occupation,AIDA_5121,Vezzano Falacrinae,-100,-75,0.02932649850845337
archaeological_occupation,AIDA_5121,Vezzano Falacrinae,-75,-50,0.049080610275268555
archaeological_occupation,AIDA_5121,Vezzano Falacrinae,-50,-25,0.001695871353149414
archaeological_occupation,AIDA_5121,Vezzano Falacrinae,-25,0,0.00026553869247436523
archaeological_occupation,AIDA_5342,Botromagno,-700,-675,0.058366596698760986
archaeological_occupation,AIDA_5342,Botromagno,-675,-650,0.07855743169784546
archaeological_occupation,AIDA_5342,Botromagno,-650,-625,0.04956817626953125
archaeological_occupation,AIDA_5342,Botromagno,-625,-600,0.03145802021026611
archaeological_occupation,AIDA_5342,Botromagno,-600,-575,0.03494805097579956
archaeological_occupation,AIDA_5342,Botromagno,-575,-550,0.05056041479110718
archaeological_occupation,AIDA_5342,Botromagno,-550,-525,0.1371321678161621
archaeological_occupation,AIDA_5342,Botromagno,-525,-500,0.1822502613067627
archaeological_occupation,AIDA_5342,Botromagno,-500,-475,0.19251304864883423
archaeological_occupation,AIDA_5342,Botromagno,-475,-450,0.2238662838935852
archaeological_occupation,AIDA_5342,Botromagno,-450,-425,0.22698384523391724
archaeological_occupation,AIDA_5342,Botromagno,-425,-400,0.25295060873031616
archaeological_occupation,AIDA_5342,Botromagno,-400,-375,0.13179022073745728
archaeological_occupation,AIDA_5342,Botromagno,-375,-350,0.02221810817718506
archaeological_occupation,AIDA_5342,Botromagno,-350,-325,0.0008134841918945312
archaeological_occupation,AIDA_5342,Botromagno,-325,-300,0.0018562674522399902
archaeological_occupation,AIDA_5342,Botromagno,-300,-275,0.005764126777648926
archaeological_occupation,AIDA_5342,Botromagno,-275,-250,0.01607966423034668
archaeological_occupation,AIDA_5342,Botromagno,-250,-225,0.013598799705505371
archaeological_occupation,AIDA_5342,Botromagno,-225,-200,0.00411224365234375
archaeological_occupation,AIDA_5342,Botromagno,-200,-175,0.00017148256301879883
archaeological_occupation,AIDA_5342,Botromagno,-175,-150,2.1278858184814453e-05
archaeological_occupation,AIDA_5342,Botromagno,-150,-125,2.086162567138672e-06
archaeological_occupation,AIDA_5342,Botromagno,-125,-100,2.0265579223632812e-06
archaeological_occupation,AIDA_5351,Vivara,-700,-675,0.017854034900665283
archaeological_occupation,AIDA_5351,Vivara,-675,-650,0.020303547382354736
archaeological_occupation,AIDA_5351,Vivara,-650,-625,0.017980754375457764
archaeological_occupation,AIDA_5351,Vivara,-625,-600,0.03013235330581665
archaeological_occupation,AIDA_5351,Vivara,-600,-575,0.028301358222961426
archaeological_occupation,AIDA_5351,Vivara,-575,-550,0.015724658966064453
archaeological_occupation,AIDA_5351,Vivara,-550,-525,0.0033298134803771973
archaeological_occupation,AIDA_5351,Vivara,-525,-500,0.0006760954856872559
archaeological_occupation,AIDA_5351,Vivara,-500,-475,0.00047534704208374023
archaeological_occupation,AIDA_5351,Vivara,-475,-450,0.0002129077911376953
archaeological_occupation,AIDA_5351,Vivara,-450,-425,0.00019979476928710938
archaeological_occupation,AIDA_5351,Vivara,-425,-400,0.0001112222671508789
archaeological_occupation,AIDA_5471,Casa Cingolani,-700,-675,4.4286251068115234e-05
archaeological_occupation,AIDA_5471,Casa Cingolani,-675,-650,8.046627044677734e-05
archaeological_occupation,AIDA_5471,Casa Cingolani,-650,-625,2.1398067474365234e-05
archaeological_occupation,AIDA_5471,Casa Cingolani,-625,-600,8.207559585571289e-05
archaeological_occupation,AIDA_5471,Casa Cingolani,-600,-575,9.357929229736328e-05
archaeological_occupation,AIDA_5471,Casa Cingolani,-575,-550,1.3649463653564453e-05
archaeological_occupation,AIDA_5538,Poggiaccio,-700,-675,7.152557373046875e-06
archaeological_occupation,AIDA_5538,Poggiaccio,-675,-650,6.9141387939453125e-06
archaeological_occupation,AIDA_5538,Poggiaccio,-650,-625,7.3909759521484375e-06
archaeological_occupation,AIDA_5538,Poggiaccio,-625,-600,9.000301361083984e-06
archaeological_occupation,AIDA_5538,Poggiaccio,-600,-575,8.702278137207031e-06
archaeological_occupation,AIDA_5538,Poggiaccio,-575,-550,7.152557373046875e-06
archaeological_occupation,AIDA_5538,Poggiaccio,-550,-525,4.0531158447265625e-06
archaeological_occupation,AIDA_5538,Poggiaccio,-525,-500,2.9206275939941406e-06
archaeological_occupation,AIDA_5538,Poggiaccio,-500,-475,2.7418136596679688e-06
archaeological_occupation,AIDA_5538,Poggiaccio,-475,-450,2.2649765014648438e-06
archaeological_occupation,AIDA_5538,Poggiaccio,-450,-425,2.205371856689453e-06
archaeological_occupation,AIDA_5538,Poggiaccio,-425,-400,1.7285346984863281e-06
archaeological_occupation,AIDA_5543,Poggio Castelluccio,-700,-675,0.07748562097549438
archaeological_occupation,AIDA_5543,Poggio Castelluccio,-675,-650,0.08101117610931396
archaeological_occupation,AIDA_5543,Poggio Castelluccio,-650,-625,0.0751638412475586
archaeological_occupation,AIDA_5543,Poggio Castelluccio,-625,-600,0.07274043560028076
archaeological_occupation,AIDA_5543,Poggio Castelluccio,-600,-575,0.07341617345809937
archaeological_occupation,AIDA_5543,Poggio Castelluccio,-575,-550,0.07517236471176147
archaeological_occupation,AIDA_5543,Poggio Castelluccio,-550,-525,0.08776485919952393
archaeological_occupation,AIDA_5543,Poggio Castelluccio,-525,-500,0.09120732545852661
archaeological_occupation,AIDA_5543,Poggio Castelluccio,-500,-475,0.09133946895599365
archaeological_occupation,AIDA_5543,Poggio Castelluccio,-475,-450,0.08804923295974731
archaeological_occupation,AIDA_5543,Poggio Castelluccio,-450,-425,0.08734428882598877
archaeological_occupation,AIDA_5543,Poggio Castelluccio,-425,-400,0.07496112585067749
archaeological_occupation,AIDA_5543,Poggio Castelluccio,-400,-375,0.009357988834381104
archaeological_occupation,AIDA_5543,Poggio Castelluccio,-375,-350,0.0008652210235595703
archaeological_occupation,AIDA_5543,Poggio Castelluccio,-350,-325,0.0022782087326049805
archaeological_occupation,AIDA_5543,Poggio Castelluccio,-325,-300,0.0015242695808410645
archaeological_occupation,AIDA_5543,Poggio Castelluccio,-300,-275,0.0008895993232727051
archaeological_occupation,AIDA_5543,Poggio Castelluccio,-275,-250,0.0007637739181518555
archaeological_occupation,AIDA_5543,Poggio Castelluccio,-250,-225,0.0007706284523010254
archaeological_occupation,AIDA_5543,Poggio Castelluccio,-225,-200,0.0010109543800354004
archaeological_occupation,AIDA_5543,Poggio Castelluccio,-200,-175,0.0032172799110412598
archaeological_occupation,AIDA_5543,Poggio Castelluccio,-175,-150,0.0063520073890686035
archaeological_occupation,AIDA_5543,Poggio Castelluccio,-150,-125,0.009200513362884521
archaeological_occupation,AIDA_5543,Poggio Castelluccio,-125,-100,0.009175240993499756
archaeological_occupation,AIDA_5543,Poggio Castelluccio,-100,-75,0.014524281024932861
archaeological_occupation,AIDA_5543,Poggio Castelluccio,-75,-50,0.01237034797668457
archaeological_occupation,AIDA_5543,Poggio Castelluccio,-50,-25,0.030787110328674316
archaeological_occupation,AIDA_5543,Poggio Castelluccio,-25,0,0.03422105312347412
archaeological_occupation,AIDA_5689,Toppo Daguzzo,-700,-675,9.655952453613281e-06
archaeological_occupation,AIDA_5689,Toppo Daguzzo,-675,-650,1.2278556823730469e-05
archaeological_occupation,AIDA_5689,Toppo Daguzzo,-650,-625,8.940696716308594e-06
archaeological_occupation,AIDA_5689,Toppo Daguzzo,-625,-600,1.704692840576172e-05
archaeological_occupation,AIDA_5689,Toppo Daguzzo,-600,-575,1.621246337890625e-05
archaeological_occupation,AIDA_5689,Toppo Daguzzo,-575,-550,7.3909759521484375e-06
archaeological_occupation,AIDA_5689,Toppo Daguzzo,-550,-525,1.3113021850585938e-06
archaeological_occupation,AIDA_5713,Fondo Paviani,-700,-675,0.08631473779678345
archaeological_occupation,AIDA_5713,Fondo Paviani,-675,-650,0.0784677267074585
archaeological_occupation,AIDA_5713,Fondo Paviani,-650,-625,0.08756786584854126
archaeological_occupation,AIDA_5713,Fondo Paviani,-625,-600,0.08505839109420776
archaeological_occupation,AIDA_5713,Fondo Paviani,-600,-575,0.08614403009414673
archaeological_occupation,AIDA_5713,Fondo Paviani,-575,-550,0.08902806043624878
archaeological_occupation,AIDA_5713,Fondo Paviani,-550,-525,0.06861478090286255
archaeological_occupation,AIDA_5713,Fondo Paviani,-525,-500,0.05312412977218628
archaeological_occupation,AIDA_5713,Fondo Paviani,-500,-475,0.04904216527938843
archaeological_occupation,AIDA_5713,Fondo Paviani,-475,-450,0.036664605140686035
archaeological_occupation,AIDA_5713,Fondo Paviani,-450,-425,0.035456061363220215
archaeological_occupation,AIDA_5713,Fondo Paviani,-425,-400,0.023930788040161133
archaeological_occupation,AIDA_5713,Fondo Paviani,-400,-375,0.0002913475036621094
archaeological_occupation,AIDA_6602,Lipari Island,-700,-675,0.000148773193359375
archaeological_occupation,AIDA_6602,Lipari Island,-675,-650,0.00015228986740112305
archaeological_occupation,AIDA_6602,Lipari Island,-650,-625,0.0001545548439025879
archaeological_occupation,AIDA_6602,Lipari Island,-625,-600,0.00022035837173461914
archaeological_occupation,AIDA_6602,Lipari Island,-600,-575,0.00020968914031982422
archaeological_occupation,AIDA_6602,Lipari Island,-575,-550,0.00014334917068481445
archaeological_occupation,AIDA_6602,Lipari Island,-550,-525,5.0187110900878906e-05
archaeological_occupation,AIDA_6602,Lipari Island,-525,-500,2.3543834686279297e-05
archaeological_occupation,AIDA_6602,Lipari Island,-500,-475,2.014636993408203e-05
archaeological_occupation,AIDA_6602,Lipari Island,-475,-450,1.33514404296875e-05
archaeological_occupation,AIDA_6602,Lipari Island,-450,-425,1.2874603271484375e-05
archaeological_occupation,AIDA_6602,Lipari Island,-425,-400,8.52346420288086e-06
archaeological_occupation,AIDA_6602,Lipari Island,-350,-325,1.1861324310302734e-05
archaeological_occupation,AIDA_6602,Lipari Island,-325,-300,5.543231964111328e-06
archaeological_occupation,AIDA_6602,Lipari Island,-300,-275,1.6689300537109375e-06
archaeological_occupation,AIDA_6602,Lipari Island,-225,-200,2.384185791015625e-06
archaeological_occupation,AIDA_6602,Lipari Island,-200,-175,2.110004425048828e-05
archaeological_occupation,AIDA_6602,Lipari Island,-175,-150,7.987022399902344e-05
archaeological_occupation,AIDA_6602,Lipari Island,-150,-125,0.0001589059829711914
archaeological_occupation,AIDA_6602,Lipari Island,-125,-100,0.00015741586685180664
archaeological_occupation,AIDA_6602,Lipari Island,-100,-75,0.00040715932846069336
archaeological_occupation,AIDA_6602,Lipari Island,-75,-50,0.00029265880584716797
archaeological_occupation,AIDA_6602,Lipari Island,-50,-25,0.002296149730682373
archaeological_occupation,AIDA_6602,Lipari Island,-25,0,0.0028180480003356934
archaeological_occupation,AIDA_6675,Ordona,-700,-675,0.29533761739730835
archaeological_occupation,AIDA_6675,Ordona,-675,-650,0.30819207429885864
archaeological_occupation,AIDA_6675,Ordona,-650,-625,0.29180437326431274
archaeological_occupation,AIDA_6675,Ordona,-625,-600,0.2870010733604431
archaeological_occupation,AIDA_6675,Ordona,-600,-575,0.2861427068710327
archaeological_occupation,AIDA_6675,Ordona,-575,-550,0.29049140214920044
archaeological_occupation,AIDA_6675,Ordona,-550,-525,0.33966493606567383
archaeological_occupation,AIDA_6675,Ordona,-525,-500,0.3668143153190613
archaeological_occupation,AIDA_6675,Ordona,-500,-475,0.3711044192314148
archaeological_occupation,AIDA_6675,Ordona,-475,-450,0.4082576036453247
archaeological_occupation,AIDA_6675,Ordona,-450,-425,0.4173749089241028
archaeological_occupation,AIDA_6675,Ordona,-425,-400,0.5320810079574585
archaeological_occupation,AIDA_6675,Ordona,-400,-375,0.2598866820335388
archaeological_occupation,AIDA_6675,Ordona,-375,-350,0.2694234848022461
archaeological_occupation,AIDA_6675,Ordona,-350,-325,0.32365429401397705
archaeological_occupation,AIDA_6675,Ordona,-325,-300,0.3176482915878296
archaeological_occupation,AIDA_6675,Ordona,-300,-275,0.301797091960907
archaeological_occupation,AIDA_6675,Ordona,-275,-250,0.2783161401748657
archaeological_occupation,AIDA_6675,Ordona,-250,-225,0.28336626291275024
archaeological_occupation,AIDA_6675,Ordona,-225,-200,0.30704033374786377
archaeological_occupation,AIDA_6675,Ordona,-200,-175,0.3275449275970459
archaeological_occupation,AIDA_6675,Ordona,-175,-150,0.32420504093170166
archaeological_occupation,AIDA_6675,Ordona,-150,-125,0.32165277004241943
archaeological_occupation,AIDA_6675,Ordona,-125,-100,0.32163745164871216
archaeological_occupation,AIDA_6675,Ordona,-100,-75,0.32203197479248047
archaeological_occupation,AIDA_6675,Ordona,-75,-50,0.32132601737976074
archaeological_occupation,AIDA_6675,Ordona,-50,-25,0.3340253233909607
archaeological_occupation,AIDA_6675,Ordona,-25,0,0.336871862411499
archaeological_occupation,AIDA_6699,Le Muraglie,-700,-675,2.682209014892578e-06
archaeological_occupation,AIDA_6699,Le Muraglie,-675,-650,1.2993812561035156e-05
archaeological_occupation,AIDA_6699,Le Muraglie,-650,-625,1.4901161193847656e-06
archaeological_occupation,AIDA_6699,Le Muraglie,-575,-550,1.1920928955078125e-06
archaeological_occupation,AIDA_6699,Le Muraglie,-550,-525,5.626678466796875e-05
archaeological_occupation,AIDA_6699,Le Muraglie,-525,-500,0.0001310110092163086
archaeological_occupation,AIDA_6699,Le Muraglie,-500,-475,0.00015407800674438477
archaeological_occupation,AIDA_6699,Le Muraglie,-475,-450,0.00035506486892700195
archaeological_occupation,AIDA_6699,Le Muraglie,-450,-425,0.0004025101661682129
archaeological_occupation,AIDA_6699,Le Muraglie,-425,-400,0.0022134780883789062
archaeological_occupation,AIDA_6699,Le Muraglie,-400,-375,0.08565717935562134
archaeological_occupation,AIDA_6699,Le Muraglie,-375,-350,0.14739608764648438
archaeological_occupation,AIDA_6699,Le Muraglie,-350,-325,0.06528419256210327
archaeological_occupation,AIDA_6699,Le Muraglie,-325,-300,0.09243631362915039
archaeological_occupation,AIDA_6699,Le Muraglie,-300,-275,0.1291419267654419
archaeological_occupation,AIDA_6699,Le Muraglie,-275,-250,0.14813590049743652
archaeological_occupation,AIDA_6699,Le Muraglie,-250,-225,0.14508384466171265
archaeological_occupation,AIDA_6699,Le Muraglie,-225,-200,0.12055253982543945
archaeological_occupation,AIDA_6699,Le Muraglie,-200,-175,0.03905361890792847
archaeological_occupation,AIDA_6699,Le Muraglie,-175,-150,0.012744724750518799
archaeological_occupation,AIDA_6699,Le Muraglie,-150,-125,0.004198312759399414
archaeological_occupation,AIDA_6699,Le Muraglie,-125,-100,0.0041702985763549805
archaeological_occupation,AIDA_6699,Le Muraglie,-100,-75,0.0009830594062805176
archaeological_occupation,AIDA_6699,Le Muraglie,-75,-50,0.0017299056053161621
archaeological_occupation,AIDA_6699,Le Muraglie,-50,-25,6.16908073425293e-05
archaeological_occupation,AIDA_6699,Le Muraglie,-25,0,1.4066696166992188e-05
archaeological_occupation,AIDA_6714,Torre Sgarrata,-375,-350,4.231929779052734e-06
archaeological_occupation,AIDA_6714,Torre Sgarrata,-350,-325,0.001300215721130371
archaeological_occupation,AIDA_6714,Torre Sgarrata,-325,-300,0.0003878474235534668
archaeological_occupation,AIDA_6714,Torre Sgarrata,-300,-275,4.088878631591797e-05
archaeological_occupation,AIDA_6714,Torre Sgarrata,-275,-250,5.841255187988281e-06
archaeological_occupation,AIDA_6714,Torre Sgarrata,-250,-225,1.1146068572998047e-05
archaeological_occupation,AIDA_6714,Torre Sgarrata,-225,-200,8.928775787353516e-05
archaeological_occupation,AIDA_6714,Torre Sgarrata,-200,-175,0.002857506275177002
archaeological_occupation,AIDA_6714,Torre Sgarrata,-175,-150,0.017378926277160645
archaeological_occupation,AIDA_6714,Torre Sgarrata,-150,-125,0.03790390491485596
archaeological_occupation,AIDA_6714,Torre Sgarrata,-125,-100,0.03759348392486572
archaeological_occupation,AIDA_6714,Torre Sgarrata,-100,-75,0.08969748020172119
archaeological_occupation,AIDA_6714,Torre Sgarrata,-75,-50,0.06806814670562744
archaeological_occupation,AIDA_6714,Torre Sgarrata,-50,-25,0.17217868566513062
archaeological_occupation,AIDA_6714,Torre Sgarrata,-25,0,0.17979776859283447
archaeological_occupation,AIDA_6716,"Pian di Bezzo, Sarsina",-400,-375,1.5497207641601562e-06
archaeological_occupation,AIDA_6716,"Pian di Bezzo, Sarsina",-375,-350,1.5676021575927734e-05
archaeological_occupation,AIDA_6716,"Pian di Bezzo, Sarsina",-350,-325,0.00037425756454467773
archaeological_occupation,AIDA_6716,"Pian di Bezzo, Sarsina",-325,-300,0.00018262863159179688
archaeological_occupation,AIDA_6716,"Pian di Bezzo, Sarsina",-300,-275,5.799531936645508e-05
archaeological_occupation,AIDA_6716,"Pian di Bezzo, Sarsina",-275,-250,2.0384788513183594e-05
archaeological_occupation,AIDA_6716,"Pian di Bezzo, Sarsina",-250,-225,2.6941299438476562e-05
archaeological_occupation,AIDA_6716,"Pian di Bezzo, Sarsina",-225,-200,8.106231689453125e-05
archaeological_occupation,AIDA_6716,"Pian di Bezzo, Sarsina",-200,-175,0.0006454586982727051
archaeological_occupation,AIDA_6716,"Pian di Bezzo, Sarsina",-175,-150,0.0021116137504577637
archaeological_occupation,AIDA_6716,"Pian di Bezzo, Sarsina",-150,-125,0.0038620829582214355
archaeological_occupation,AIDA_6716,"Pian di Bezzo, Sarsina",-125,-100,0.0038364529609680176
archaeological_occupation,AIDA_6716,"Pian di Bezzo, Sarsina",-100,-75,0.008376002311706543
archaeological_occupation,AIDA_6716,"Pian di Bezzo, Sarsina",-75,-50,0.006401956081390381
archaeological_occupation,AIDA_6716,"Pian di Bezzo, Sarsina",-50,-25,0.029417574405670166
archaeological_occupation,AIDA_6716,"Pian di Bezzo, Sarsina",-25,0,0.034366607666015625
archaeological_occupation,AIDA_6745,Ca Morta,-700,-675,0.06185680627822876
archaeological_occupation,AIDA_6745,Ca Morta,-675,-650,0.06346720457077026
archaeological_occupation,AIDA_6745,Ca Morta,-650,-625,0.05910235643386841
archaeological_occupation,AIDA_6745,Ca Morta,-625,-600,0.048397719860076904
archaeological_occupation,AIDA_6745,Ca Morta,-600,-575,0.05052310228347778
archaeological_occupation,AIDA_6745,Ca Morta,-575,-550,0.06068134307861328
archaeological_occupation,AIDA_6745,Ca Morta,-550,-525,0.07987385988235474
archaeological_occupation,AIDA_6745,Ca Morta,-525,-500,0.08327382802963257
archaeological_occupation,AIDA_6745,Ca Morta,-500,-475,0.0830034613609314
archaeological_occupation,AIDA_6745,Ca Morta,-475,-450,0.07851958274841309
archaeological_occupation,AIDA_6745,Ca Morta,-450,-425,0.07776051759719849
archaeological_occupation,AIDA_6745,Ca Morta,-425,-400,0.06743454933166504
archaeological_occupation,AIDA_6745,Ca Morta,-400,-375,0.08754438161849976
archaeological_occupation,AIDA_6745,Ca Morta,-375,-350,0.1335005760192871
archaeological_occupation,AIDA_6745,Ca Morta,-350,-325,0.08298522233963013
archaeological_occupation,AIDA_6745,Ca Morta,-325,-300,0.10027796030044556
archaeological_occupation,AIDA_6745,Ca Morta,-300,-275,0.12418961524963379
archaeological_occupation,AIDA_6745,Ca Morta,-275,-250,0.13485592603683472
archaeological_occupation,AIDA_6745,Ca Morta,-250,-225,0.13326847553253174
archaeological_occupation,AIDA_6745,Ca Morta,-225,-200,0.1187487244606018
archaeological_occupation,AIDA_6745,Ca Morta,-200,-175,0.06751853227615356
archaeological_occupation,AIDA_6745,Ca Morta,-175,-150,0.07197362184524536
archaeological_occupation,AIDA_6745,Ca Morta,-150,-125,0.09200268983840942
archaeological_occupation,AIDA_6745,Ca Morta,-125,-100,0.0918089747428894
archaeological_occupation,AIDA_6745,Ca Morta,-100,-75,0.13085055351257324
archaeological_occupation,AIDA_6745,Ca Morta,-75,-50,0.11674803495407104
archaeological_occupation,AIDA_6745,Ca Morta,-50,-25,0.13728266954421997
archaeological_occupation,AIDA_6745,Ca Morta,-25,0,0.13133341073989868
archaeological_occupation,AIDA_6746,Morgantina,-700,-675,0.08603113889694214
archaeological_occupation,AIDA_6746,Morgantina,-675,-650,0.082339346408844
archaeological_occupation,AIDA_6746,Morgantina,-650,-625,0.0890079140663147
archaeological_occupation,AIDA_6746,Morgantina,-625,-600,0.10176616907119751
archaeological_occupation,AIDA_6746,Morgantina,-600,-575,0.09945034980773926
archaeological_occupation,AIDA_6746,Morgantina,-575,-550,0.08723390102386475
archaeological_occupation,AIDA_6746,Morgantina,-550,-525,0.05642509460449219
archaeological_occupation,AIDA_6746,Morgantina,-525,-500,0.04383820295333862
archaeological_occupation,AIDA_6746,Morgantina,-500,-475,0.041482627391815186
archaeological_occupation,AIDA_6746,Morgantina,-475,-450,0.03496193885803223
archaeological_occupation,AIDA_6746,Morgantina,-450,-425,0.03431141376495361
archaeological_occupation,AIDA_6746,Morgantina,-425,-400,0.02720695734024048
archaeological_occupation,AIDA_6746,Morgantina,-400,-375,0.0037142038345336914
archaeological_occupation,AIDA_6746,Morgantina,-375,-350,0.0006824135780334473
archaeological_occupation,AIDA_6746,Morgantina,-350,-325,7.599592208862305e-05
archaeological_occupation,AIDA_6746,Morgantina,-325,-300,0.00013017654418945312
archaeological_occupation,AIDA_6746,Morgantina,-300,-275,0.0002703666687011719
archaeological_occupation,AIDA_6746,Morgantina,-275,-250,0.0005426406860351562
archaeological_occupation,AIDA_6746,Morgantina,-250,-225,0.00047981739044189453
archaeological_occupation,AIDA_6746,Morgantina,-225,-200,0.0002192854881286621
archaeological_occupation,AIDA_6746,Morgantina,-200,-175,3.4868717193603516e-05
archaeological_occupation,AIDA_6746,Morgantina,-175,-150,1.0728836059570312e-05
archaeological_occupation,AIDA_6746,Morgantina,-150,-125,3.933906555175781e-06
archaeological_occupation,AIDA_6746,Morgantina,-125,-100,3.874301910400391e-06
archaeological_occupation,AIDA_6746,Morgantina,-100,-75,1.2516975402832031e-06
archaeological_occupation,AIDA_6746,Morgantina,-75,-50,1.9073486328125e-06
archaeological_occupation,AIDA_6750,Pizzica Pontanelle,-700,-675,0.12228119373321533
archaeological_occupation,AIDA_6750,Pizzica Pontanelle,-675,-650,0.12418359518051147
archaeological_occupation,AIDA_6750,Pizzica Pontanelle,-650,-625,0.12171167135238647
archaeological_occupation,AIDA_6750,Pizzica Pontanelle,-625,-600,0.11934423446655273
archaeological_occupation,AIDA_6750,Pizzica Pontanelle,-600,-575,0.11972147226333618
archaeological_occupation,AIDA_6750,Pizzica Pontanelle,-575,-550,0.1219678521156311
archaeological_occupation,AIDA_6750,Pizzica Pontanelle,-550,-525,0.13277602195739746
archaeological_occupation,AIDA_6750,Pizzica Pontanelle,-525,-500,0.14070290327072144
archaeological_occupation,AIDA_6750,Pizzica Pontanelle,-500,-475,0.14290034770965576
archaeological_occupation,AIDA_6750,Pizzica Pontanelle,-475,-450,0.15295231342315674
archaeological_occupation,AIDA_6750,Pizzica Pontanelle,-450,-425,0.15438157320022583
archaeological_occupation,AIDA_6750,Pizzica Pontanelle,-425,-400,0.17579436302185059
archaeological_occupation,AIDA_6750,Pizzica Pontanelle,-400,-375,0.23375356197357178
archaeological_occupation,AIDA_6750,Pizzica Pontanelle,-375,-350,0.17795634269714355
archaeological_occupation,AIDA_6750,Pizzica Pontanelle,-350,-325,0.12811189889907837
archaeological_occupation,AIDA_6750,Pizzica Pontanelle,-325,-300,0.13907337188720703
archaeological_occupation,AIDA_6750,Pizzica Pontanelle,-300,-275,0.15287458896636963
archaeological_occupation,AIDA_6750,Pizzica Pontanelle,-275,-250,0.1702776551246643
archaeological_occupation,AIDA_6750,Pizzica Pontanelle,-250,-225,0.16636866331100464
archaeological_occupation,AIDA_6750,Pizzica Pontanelle,-225,-200,0.14885640144348145
archaeological_occupation,AIDA_6750,Pizzica Pontanelle,-200,-175,0.11539721488952637
archaeological_occupation,AIDA_6750,Pizzica Pontanelle,-175,-150,0.0819050669670105
archaeological_occupation,AIDA_6750,Pizzica Pontanelle,-150,-125,0.05857360363006592
archaeological_occupation,AIDA_6750,Pizzica Pontanelle,-125,-100,0.058625221252441406
archaeological_occupation,AIDA_6750,Pizzica Pontanelle,-100,-75,0.03305327892303467
archaeological_occupation,AIDA_6750,Pizzica Pontanelle,-75,-50,0.04161882400512695
archaeological_occupation,AIDA_6750,Pizzica Pontanelle,-50,-25,0.007859885692596436
archaeological_occupation,AIDA_6750,Pizzica Pontanelle,-25,0,0.004761099815368652
archaeological_occupation,AIDA_6831,"Grande Colette, La Thuile",-700,-675,0.07139772176742554
archaeological_occupation,AIDA_6831,"Grande Colette, La Thuile",-675,-650,0.06937450170516968
archaeological_occupation,AIDA_6831,"Grande Colette, La Thuile",-650,-625,0.06815129518508911
archaeological_occupation,AIDA_6831,"Grande Colette, La Thuile",-625,-600,0.05300164222717285
archaeological_occupation,AIDA_6831,"Grande Colette, La Thuile",-600,-575,0.05614948272705078
archaeological_occupation,AIDA_6831,"Grande Colette, La Thuile",-575,-550,0.07079499959945679
archaeological_occupation,AIDA_6831,"Grande Colette, La Thuile",-550,-525,0.0843735933303833
archaeological_occupation,AIDA_6831,"Grande Colette, La Thuile",-525,-500,0.07914406061172485
archaeological_occupation,AIDA_6831,"Grande Colette, La Thuile",-500,-475,0.07602488994598389
archaeological_occupation,AIDA_6831,"Grande Colette, La Thuile",-475,-450,0.06196647882461548
archaeological_occupation,AIDA_6831,"Grande Colette, La Thuile",-450,-425,0.0602840781211853
archaeological_occupation,AIDA_6831,"Grande Colette, La Thuile",-425,-400,0.04224884510040283
archaeological_occupation,AIDA_6831,"Grande Colette, La Thuile",-400,-375,0.0006188750267028809
archaeological_occupation,AIDA_7046,"Sant Peter and Marcellinus, Roma",-50,-25,0.0007339119911193848
archaeological_occupation,AIDA_7046,"Sant Peter and Marcellinus, Roma",-25,0,0.0012049078941345215
archaeological_occupation,AIDA_7080,"Portus, Fiumicino",-700,-675,0.12354427576065063
archaeological_occupation,AIDA_7080,"Portus, Fiumicino",-675,-650,0.21178597211837769
archaeological_occupation,AIDA_7080,"Portus, Fiumicino",-650,-625,0.09145492315292358
archaeological_occupation,AIDA_7080,"Portus, Fiumicino",-625,-600,0.097584068775177
archaeological_occupation,AIDA_7080,"Portus, Fiumicino",-600,-575,0.10125869512557983
archaeological_occupation,AIDA_7080,"Portus, Fiumicino",-575,-550,0.08257395029067993
archaeological_occupation,AIDA_7080,"Portus, Fiumicino",-550,-525,0.3359161615371704
archaeological_occupation,AIDA_7080,"Portus, Fiumicino",-525,-500,0.48083412647247314
archaeological_occupation,AIDA_7080,"Portus, Fiumicino",-500,-475,0.51423180103302
archaeological_occupation,AIDA_7080,"Portus, Fiumicino",-475,-450,0.6400169730186462
archaeological_occupation,AIDA_7080,"Portus, Fiumicino",-450,-425,0.6562565565109253
archaeological_occupation,AIDA_7080,"Portus, Fiumicino",-425,-400,0.8559159636497498
archaeological_occupation,AIDA_7080,"Portus, Fiumicino",-400,-375,0.984900712966919
archaeological_occupation,AIDA_7080,"Portus, Fiumicino",-375,-350,0.6748983860015869
archaeological_occupation,AIDA_7080,"Portus, Fiumicino",-350,-325,0.8096303343772888
archaeological_occupation,AIDA_7080,"Portus, Fiumicino",-325,-300,0.7505927681922913
archaeological_occupation,AIDA_7080,"Portus, Fiumicino",-300,-275,0.6472119092941284
archaeological_occupation,AIDA_7080,"Portus, Fiumicino",-275,-250,0.6369296312332153
archaeological_occupation,AIDA_7080,"Portus, Fiumicino",-250,-225,0.6326299905776978
archaeological_occupation,AIDA_7080,"Portus, Fiumicino",-225,-200,0.6703689098358154
archaeological_occupation,AIDA_7080,"Portus, Fiumicino",-200,-175,0.8509822487831116
archaeological_occupation,AIDA_7080,"Portus, Fiumicino",-175,-150,0.7955827713012695
archaeological_occupation,AIDA_7080,"Portus, Fiumicino",-150,-125,0.6800655126571655
archaeological_occupation,AIDA_7080,"Portus, Fiumicino",-125,-100,0.680101752281189
archaeological_occupation,AIDA_7080,"Portus, Fiumicino",-100,-75,0.5350832343101501
archaeological_occupation,AIDA_7080,"Portus, Fiumicino",-75,-50,0.57118159532547
archaeological_occupation,AIDA_7080,"Portus, Fiumicino",-50,-25,0.6895616054534912
archaeological_occupation,AIDA_7080,"Portus, Fiumicino",-25,0,0.7203369140625
archaeological_occupation,AIDA_7084,"Pian Del Bosco, Pré-Saint-Didier",-700,-675,0.020016729831695557
archaeological_occupation,AIDA_7084,"Pian Del Bosco, Pré-Saint-Didier",-675,-650,0.03601682186126709
archaeological_occupation,AIDA_7084,"Pian Del Bosco, Pré-Saint-Didier",-650,-625,0.014738082885742188
archaeological_occupation,AIDA_7084,"Pian Del Bosco, Pré-Saint-Didier",-625,-600,0.006648838520050049
archaeological_occupation,AIDA_7084,"Pian Del Bosco, Pré-Saint-Didier",-600,-575,0.008102953433990479
archaeological_occupation,AIDA_7084,"Pian Del Bosco, Pré-Saint-Didier",-575,-550,0.014567971229553223
archaeological_occupation,AIDA_7084,"Pian Del Bosco, Pré-Saint-Didier",-550,-525,0.07615184783935547
archaeological_occupation,AIDA_7084,"Pian Del Bosco, Pré-Saint-Didier",-525,-500,0.11385601758956909
archaeological_occupation,AIDA_7084,"Pian Del Bosco, Pré-Saint-Didier",-500,-475,0.12329447269439697
archaeological_occupation,AIDA_7084,"Pian Del Bosco, Pré-Saint-Didier",-475,-450,0.15150022506713867
archaeological_occupation,AIDA_7084,"Pian Del Bosco, Pré-Saint-Didier",-450,-425,0.15393072366714478
archaeological_occupation,AIDA_7084,"Pian Del Bosco, Pré-Saint-Didier",-425,-400,0.16355961561203003
archaeological_occupation,AIDA_7084,"Pian Del Bosco, Pré-Saint-Didier",-400,-375,0.1319299340248108
archaeological_occupation,AIDA_7084,"Pian Del Bosco, Pré-Saint-Didier",-375,-350,0.311129093170166
archaeological_occupation,AIDA_7084,"Pian Del Bosco, Pré-Saint-Didier",-350,-325,0.3746321201324463
archaeological_occupation,AIDA_7084,"Pian Del Bosco, Pré-Saint-Didier",-325,-300,0.4107970595359802
archaeological_occupation,AIDA_7084,"Pian Del Bosco, Pré-Saint-Didier",-300,-275,0.40920573472976685
archaeological_occupation,AIDA_7084,"Pian Del Bosco, Pré-Saint-Didier",-275,-250,0.3433876633644104
archaeological_occupation,AIDA_7084,"Pian Del Bosco, Pré-Saint-Didier",-250,-225,0.3586251735687256
archaeological_occupation,AIDA_7084,"Pian Del Bosco, Pré-Saint-Didier",-225,-200,0.4165586829185486
archaeological_occupation,AIDA_7084,"Pian Del Bosco, Pré-Saint-Didier",-200,-175,0.32036155462265015
archaeological_occupation,AIDA_7084,"Pian Del Bosco, Pré-Saint-Didier",-175,-150,0.17299455404281616
archaeological_occupation,AIDA_7084,"Pian Del Bosco, Pré-Saint-Didier",-150,-125,0.09064120054244995
archaeological_occupation,AIDA_7084,"Pian Del Bosco, Pré-Saint-Didier",-125,-100,0.09052562713623047
archaeological_occupation,AIDA_7084,"Pian Del Bosco, Pré-Saint-Didier",-100,-75,0.033079326152801514
archaeological_occupation,AIDA_7084,"Pian Del Bosco, Pré-Saint-Didier",-75,-50,0.04954808950424194
archaeological_occupation,AIDA_7084,"Pian Del Bosco, Pré-Saint-Didier",-50,-25,0.01468348503112793
archaeological_occupation,AIDA_7084,"Pian Del Bosco, Pré-Saint-Didier",-25,0,0.01743185520172119
archaeological_occupation,AIDA_762,Lago di Ledro,-700,-675,1.8358230590820312e-05
archaeological_occupation,AIDA_762,Lago di Ledro,-675,-650,1.7821788787841797e-05
archaeological_occupation,AIDA_762,Lago di Ledro,-650,-625,1.919269561767578e-05
archaeological_occupation,AIDA_762,Lago di Ledro,-625,-600,2.384185791015625e-05
archaeological_occupation,AIDA_762,Lago di Ledro,-600,-575,2.300739288330078e-05
archaeological_occupation,AIDA_762,Lago di Ledro,-575,-550,1.8417835235595703e-05
archaeological_occupation,AIDA_762,Lago di Ledro,-550,-525,9.655952453613281e-06
archaeological_occupation,AIDA_762,Lago di Ledro,-525,-500,6.556510925292969e-06
archaeological_occupation,AIDA_762,Lago di Ledro,-500,-475,6.079673767089844e-06
archaeological_occupation,AIDA_762,Lago di Ledro,-475,-450,4.887580871582031e-06
archaeological_occupation,AIDA_762,Lago di Ledro,-450,-425,4.76837158203125e-06
archaeological_occupation,AIDA_762,Lago di Ledro,-425,-400,3.635883331298828e-06
archaeological_occupation,AIDA_763,Monte Covolo,-700,-675,1.1324882507324219e-06
archaeological_occupation,AIDA_763,Monte Covolo,-675,-650,1.0728836059570312e-06
archaeological_occupation,AIDA_763,Monte Covolo,-650,-625,1.1324882507324219e-06
archaeological_occupation,AIDA_763,Monte Covolo,-625,-600,1.3709068298339844e-06
archaeological_occupation,AIDA_763,Monte Covolo,-600,-575,1.3113021850585938e-06
archaeological_occupation,AIDA_763,Monte Covolo,-575,-550,1.1324882507324219e-06
archaeological_occupation,AIDA_7684,"Incoronata, Pisticci",-700,-675,0.09533321857452393
archaeological_occupation,AIDA_7684,"Incoronata, Pisticci",-675,-650,0.08428007364273071
archaeological_occupation,AIDA_7684,"Incoronata, Pisticci",-650,-625,0.10600394010543823
archaeological_occupation,AIDA_7684,"Incoronata, Pisticci",-625,-600,0.13330078125
archaeological_occupation,AIDA_7684,"Incoronata, Pisticci",-600,-575,0.12713885307312012
archaeological_occupation,AIDA_7684,"Incoronata, Pisticci",-575,-550,0.10250085592269897
archaeological_occupation,AIDA_7684,"Incoronata, Pisticci",-550,-525,0.032893359661102295
archaeological_occupation,AIDA_7684,"Incoronata, Pisticci",-525,-500,0.01075667142868042
archaeological_occupation,AIDA_7684,"Incoronata, Pisticci",-500,-475,0.008006095886230469
archaeological_occupation,AIDA_7684,"Incoronata, Pisticci",-475,-450,0.003762543201446533
archaeological_occupation,AIDA_7684,"Incoronata, Pisticci",-450,-425,0.0035305023193359375
archaeological_occupation,AIDA_7684,"Incoronata, Pisticci",-425,-400,0.0019675493240356445
archaeological_occupation,AIDA_7716,"Lac de Servaz, La Thuile",-700,-675,0.0006477236747741699
archaeological_occupation,AIDA_7716,"Lac de Servaz, La Thuile",-675,-650,0.003272414207458496
archaeological_occupation,AIDA_7716,"Lac de Servaz, La Thuile",-650,-625,0.0003466010093688965
archaeological_occupation,AIDA_7716,"Lac de Servaz, La Thuile",-625,-600,5.7697296142578125e-05
archaeological_occupation,AIDA_7716,"Lac de Servaz, La Thuile",-600,-575,9.042024612426758e-05
archaeological_occupation,AIDA_7716,"Lac de Servaz, La Thuile",-575,-550,0.0002620220184326172
archaeological_occupation,AIDA_7716,"Lac de Servaz, La Thuile",-550,-525,0.013309717178344727
archaeological_occupation,AIDA_7716,"Lac de Servaz, La Thuile",-525,-500,0.029450535774230957
archaeological_occupation,AIDA_7716,"Lac de Servaz, La Thuile",-500,-475,0.03452324867248535
archaeological_occupation,AIDA_7716,"Lac de Servaz, La Thuile",-475,-450,0.0705101490020752
archaeological_occupation,AIDA_7716,"Lac de Servaz, La Thuile",-450,-425,0.07735198736190796
archaeological_occupation,AIDA_7716,"Lac de Servaz, La Thuile",-425,-400,0.21447265148162842
archaeological_occupation,AIDA_7716,"Lac de Servaz, La Thuile",-400,-375,0.43025684356689453
archaeological_occupation,AIDA_7716,"Lac de Servaz, La Thuile",-375,-350,0.05051445960998535
archaeological_occupation,AIDA_7716,"Lac de Servaz, La Thuile",-350,-325,0.0004299283027648926
archaeological_occupation,AIDA_7716,"Lac de Servaz, La Thuile",-325,-300,0.0013208985328674316
archaeological_occupation,AIDA_7716,"Lac de Servaz, La Thuile",-300,-275,0.007106602191925049
archaeological_occupation,AIDA_7716,"Lac de Servaz, La Thuile",-275,-250,0.03160768747329712
archaeological_occupation,AIDA_7716,"Lac de Servaz, La Thuile",-250,-225,0.025195419788360596
archaeological_occupation,AIDA_7716,"Lac de Servaz, La Thuile",-225,-200,0.004047513008117676
archaeological_occupation,AIDA_7716,"Lac de Servaz, La Thuile",-200,-175,2.8252601623535156e-05
archaeological_occupation,AIDA_7716,"Lac de Servaz, La Thuile",-175,-150,1.3113021850585938e-06
archaeological_occupation,AIDA_7958,"Ostia, Fiumicino",-700,-675,0.024754106998443604
archaeological_occupation,AIDA_7958,"Ostia, Fiumicino",-675,-650,0.04718899726867676
archaeological_occupation,AIDA_7958,"Ostia, Fiumicino",-650,-625,0.01472008228302002
archaeological_occupation,AIDA_7958,"Ostia, Fiumicino",-625,-600,0.038272321224212646
archaeological_occupation,AIDA_7958,"Ostia, Fiumicino",-600,-575,0.03928017616271973
archaeological_occupation,AIDA_7958,"Ostia, Fiumicino",-575,-550,0.010336697101593018
archaeological_occupation,AIDA_7958,"Ostia, Fiumicino",-550,-525,0.038702547550201416
archaeological_occupation,AIDA_7958,"Ostia, Fiumicino",-525,-500,0.07013428211212158
archaeological_occupation,AIDA_7958,"Ostia, Fiumicino",-500,-475,0.07962214946746826
archaeological_occupation,AIDA_7958,"Ostia, Fiumicino",-475,-450,0.12701207399368286
archaeological_occupation,AIDA_7958,"Ostia, Fiumicino",-450,-425,0.13400721549987793
archaeological_occupation,AIDA_7958,"Ostia, Fiumicino",-425,-400,0.23907262086868286
archaeological_occupation,AIDA_7958,"Ostia, Fiumicino",-400,-375,0.9554972648620605
archaeological_occupation,AIDA_7958,"Ostia, Fiumicino",-375,-350,0.8877803087234497
archaeological_occupation,AIDA_7958,"Ostia, Fiumicino",-350,-325,0.943338930606842
archaeological_occupation,AIDA_7958,"Ostia, Fiumicino",-325,-300,0.920039176940918
archaeological_occupation,AIDA_7958,"Ostia, Fiumicino",-300,-275,0.8400709629058838
archaeological_occupation,AIDA_7958,"Ostia, Fiumicino",-275,-250,0.8413834571838379
archaeological_occupation,AIDA_7958,"Ostia, Fiumicino",-250,-225,0.8327175378799438
archaeological_occupation,AIDA_7958,"Ostia, Fiumicino",-225,-200,0.8612216114997864
archaeological_occupation,AIDA_7958,"Ostia, Fiumicino",-200,-175,0.9542733430862427
archaeological_occupation,AIDA_7958,"Ostia, Fiumicino",-175,-150,0.894189178943634
archaeological_occupation,AIDA_7958,"Ostia, Fiumicino",-150,-125,0.8314688801765442
archaeological_occupation,AIDA_7958,"Ostia, Fiumicino",-125,-100,0.8311077356338501
archaeological_occupation,AIDA_7958,"Ostia, Fiumicino",-100,-75,0.8353685736656189
archaeological_occupation,AIDA_7958,"Ostia, Fiumicino",-75,-50,0.8155843615531921
archaeological_occupation,AIDA_7958,"Ostia, Fiumicino",-50,-25,0.9035755395889282
archaeological_occupation,AIDA_7958,"Ostia, Fiumicino",-25,0,0.8995559811592102
archaeological_occupation,AIDA_7969,"Abri Grande-Golette, La Thuile",-550,-525,2.562999725341797e-06
archaeological_occupation,AIDA_7969,"Abri Grande-Golette, La Thuile",-525,-500,8.463859558105469e-06
archaeological_occupation,AIDA_7969,"Abri Grande-Golette, La Thuile",-500,-475,1.0132789611816406e-05
archaeological_occupation,AIDA_7969,"Abri Grande-Golette, La Thuile",-475,-450,3.88026237487793e-05
archaeological_occupation,AIDA_7969,"Abri Grande-Golette, La Thuile",-450,-425,4.947185516357422e-05
archaeological_occupation,AIDA_7969,"Abri Grande-Golette, La Thuile",-425,-400,0.001069784164428711
archaeological_occupation,AIDA_7969,"Abri Grande-Golette, La Thuile",-400,-375,0.1373268961906433
archaeological_occupation,AIDA_7969,"Abri Grande-Golette, La Thuile",-375,-350,0.20108526945114136
archaeological_occupation,AIDA_7969,"Abri Grande-Golette, La Thuile",-350,-325,0.027505159378051758
archaeological_occupation,AIDA_7969,"Abri Grande-Golette, La Thuile",-325,-300,0.05410891771316528
archaeological_occupation,AIDA_7969,"Abri Grande-Golette, La Thuile",-300,-275,0.11522501707077026
archaeological_occupation,AIDA_7969,"Abri Grande-Golette, La Thuile",-275,-250,0.18595623970031738
archaeological_occupation,AIDA_7969,"Abri Grande-Golette, La Thuile",-250,-225,0.17214596271514893
archaeological_occupation,AIDA_7969,"Abri Grande-Golette, La Thuile",-225,-200,0.09646546840667725
archaeological_occupation,AIDA_7969,"Abri Grande-Golette, La Thuile",-200,-175,0.007815182209014893
archaeological_occupation,AIDA_7969,"Abri Grande-Golette, La Thuile",-175,-150,0.0010075569152832031
archaeological_occupation,AIDA_7969,"Abri Grande-Golette, La Thuile",-150,-125,8.034706115722656e-05
archaeological_occupation,AIDA_7969,"Abri Grande-Golette, La Thuile",-125,-100,7.75456428527832e-05
archaeological_occupation,AIDA_7969,"Abri Grande-Golette, La Thuile",-100,-75,5.543231964111328e-06
archaeological_occupation,AIDA_7969,"Abri Grande-Golette, La Thuile",-75,-50,1.5079975128173828e-05
archaeological_occupation,AIDA_7993,"Girella, Bagnoreggio",-525,-500,1.0728836059570312e-06
archaeological_occupation,AIDA_7993,"Girella, Bagnoreggio",-500,-475,1.3113021850585938e-06
archaeological_occupation,AIDA_7993,"Girella, Bagnoreggio",-475,-450,3.7550926208496094e-06
archaeological_occupation,AIDA_7993,"Girella, Bagnoreggio",-450,-425,4.470348358154297e-06
archaeological_occupation,AIDA_7993,"Girella, Bagnoreggio",-425,-400,5.328655242919922e-05
archaeological_occupation,AIDA_7993,"Girella, Bagnoreggio",-400,-375,0.014667272567749023
archaeological_occupation,AIDA_7993,"Girella, Bagnoreggio",-375,-350,0.0584564208984375
archaeological_occupation,AIDA_7993,"Girella, Bagnoreggio",-350,-325,0.11892205476760864
archaeological_occupation,AIDA_7993,"Girella, Bagnoreggio",-325,-300,0.11695104837417603
archaeological_occupation,AIDA_7993,"Girella, Bagnoreggio",-300,-275,0.09774655103683472
archaeological_occupation,AIDA_7993,"Girella, Bagnoreggio",-275,-250,0.0679161548614502
archaeological_occupation,AIDA_7993,"Girella, Bagnoreggio",-250,-225,0.07410329580307007
archaeological_occupation,AIDA_7993,"Girella, Bagnoreggio",-225,-200,0.10449481010437012
archaeological_occupation,AIDA_7993,"Girella, Bagnoreggio",-200,-175,0.11480116844177246
archaeological_occupation,AIDA_7993,"Girella, Bagnoreggio",-175,-150,0.0765146017074585
archaeological_occupation,AIDA_7993,"Girella, Bagnoreggio",-150,-125,0.04869586229324341
archaeological_occupation,AIDA_7993,"Girella, Bagnoreggio",-125,-100,0.04871976375579834
archaeological_occupation,AIDA_7993,"Girella, Bagnoreggio",-100,-75,0.022061705589294434
archaeological_occupation,AIDA_7993,"Girella, Bagnoreggio",-75,-50,0.0304110050201416
archaeological_occupation,AIDA_7993,"Girella, Bagnoreggio",-50,-25,0.0033048391342163086
archaeological_occupation,AIDA_7993,"Girella, Bagnoreggio",-25,0,0.0014802813529968262
archaeological_occupation,AIDA_8016,"Plan Veyle, La Thuile",-700,-675,0.04092293977737427
archaeological_occupation,AIDA_8016,"Plan Veyle, La Thuile",-675,-650,0.0533827543258667
archaeological_occupation,AIDA_8016,"Plan Veyle, La Thuile",-650,-625,0.03413146734237671
archaeological_occupation,AIDA_8016,"Plan Veyle, La Thuile",-625,-600,0.020093679428100586
archaeological_occupation,AIDA_8016,"Plan Veyle, La Thuile",-600,-575,0.022860586643218994
archaeological_occupation,AIDA_8016,"Plan Veyle, La Thuile",-575,-550,0.03504973649978638
archaeological_occupation,AIDA_8016,"Plan Veyle, La Thuile",-550,-525,0.08962500095367432
archaeological_occupation,AIDA_8016,"Plan Veyle, La Thuile",-525,-500,0.1111147403717041
archaeological_occupation,AIDA_8016,"Plan Veyle, La Thuile",-500,-475,0.1146547794342041
archaeological_occupation,AIDA_8016,"Plan Veyle, La Thuile",-475,-450,0.11637955904006958
archaeological_occupation,AIDA_8016,"Plan Veyle, La Thuile",-450,-425,0.1156345009803772
archaeological_occupation,AIDA_8016,"Plan Veyle, La Thuile",-425,-400,0.0969393253326416
archaeological_occupation,AIDA_8016,"Plan Veyle, La Thuile",-400,-375,0.005710244178771973
archaeological_occupation,AIDA_8016,"Plan Veyle, La Thuile",-375,-350,3.2007694244384766e-05
archaeological_occupation,AIDA_8016,"Plan Veyle, La Thuile",-300,-275,2.086162567138672e-06
archaeological_occupation,AIDA_8016,"Plan Veyle, La Thuile",-275,-250,1.6748905181884766e-05
archaeological_occupation,AIDA_8016,"Plan Veyle, La Thuile",-250,-225,1.2159347534179688e-05
archaeological_occupation,AIDA_8509,"Petit-Saint-Bernard, Pré-Saint-Didier",-700,-675,0.08605766296386719
archaeological_occupation,AIDA_8509,"Petit-Saint-Bernard, Pré-Saint-Didier",-675,-650,0.07522702217102051
archaeological_occupation,AIDA_8509,"Petit-Saint-Bernard, Pré-Saint-Didier",-650,-625,0.08311241865158081
archaeological_occupation,AIDA_8509,"Petit-Saint-Bernard, Pré-Saint-Didier",-625,-600,0.06198692321777344
archaeological_occupation,AIDA_8509,"Petit-Saint-Bernard, Pré-Saint-Didier",-600,-575,0.06668150424957275
archaeological_occupation,AIDA_8509,"Petit-Saint-Bernard, Pré-Saint-Didier",-575,-550,0.0877387523651123
archaeological_occupation,AIDA_8509,"Petit-Saint-Bernard, Pré-Saint-Didier",-550,-525,0.08462297916412354
archaeological_occupation,AIDA_8509,"Petit-Saint-Bernard, Pré-Saint-Didier",-525,-500,0.06520628929138184
archaeological_occupation,AIDA_8509,"Petit-Saint-Bernard, Pré-Saint-Didier",-500,-475,0.05828368663787842
archaeological_occupation,AIDA_8509,"Petit-Saint-Bernard, Pré-Saint-Didier",-475,-450,0.03776359558105469
archaeological_occupation,AIDA_8509,"Petit-Saint-Bernard, Pré-Saint-Didier",-450,-425,0.03598904609680176
archaeological_occupation,AIDA_8509,"Petit-Saint-Bernard, Pré-Saint-Didier",-425,-400,0.02182215452194214
archaeological_occupation,AIDA_8509,"Petit-Saint-Bernard, Pré-Saint-Didier",-400,-375,0.04158371686935425
archaeological_occupation,AIDA_8509,"Petit-Saint-Bernard, Pré-Saint-Didier",-375,-350,0.1507677435874939
archaeological_occupation,AIDA_8509,"Petit-Saint-Bernard, Pré-Saint-Didier",-350,-325,0.0564885139465332
archaeological_occupation,AIDA_8509,"Petit-Saint-Bernard, Pré-Saint-Didier",-325,-300,0.09715414047241211
archaeological_occupation,AIDA_8509,"Petit-Saint-Bernard, Pré-Saint-Didier",-300,-275,0.15520817041397095
archaeological_occupation,AIDA_8509,"Petit-Saint-Bernard, Pré-Saint-Didier",-275,-250,0.16541028022766113
archaeological_occupation,AIDA_8509,"Petit-Saint-Bernard, Pré-Saint-Didier",-250,-225,0.1655731201171875
archaeological_occupation,AIDA_8509,"Petit-Saint-Bernard, Pré-Saint-Didier",-225,-200,0.1433083415031433
archaeological_occupation,AIDA_8509,"Petit-Saint-Bernard, Pré-Saint-Didier",-200,-175,0.020984530448913574
archaeological_occupation,AIDA_8509,"Petit-Saint-Bernard, Pré-Saint-Didier",-175,-150,0.003003716468811035
archaeological_occupation,AIDA_8509,"Petit-Saint-Bernard, Pré-Saint-Didier",-150,-125,0.00024145841598510742
archaeological_occupation,AIDA_8509,"Petit-Saint-Bernard, Pré-Saint-Didier",-125,-100,0.0002326369285583496
archaeological_occupation,AIDA_8509,"Petit-Saint-Bernard, Pré-Saint-Didier",-100,-75,1.4662742614746094e-05
archaeological_occupation,AIDA_8509,"Petit-Saint-Bernard, Pré-Saint-Didier",-75,-50,4.202127456665039e-05
archaeological_occupation,AIDA_8536,"Site X, Galli Islands, Salerno",-400,-375,0.002356290817260742
archaeological_occupation,AIDA_8536,"Site X, Galli Islands, Salerno",-375,-350,0.024122655391693115
archaeological_occupation,AIDA_8536,"Site X, Galli Islands, Salerno",-350,-325,0.14175355434417725
archaeological_occupation,AIDA_8536,"Site X, Galli Islands, Salerno",-325,-300,0.11668992042541504
archaeological_occupation,AIDA_8536,"Site X, Galli Islands, Salerno",-300,-275,0.06875544786453247
archaeological_occupation,AIDA_8536,"Site X, Galli Islands, Salerno",-275,-250,0.03120410442352295
archaeological_occupation,AIDA_8536,"Site X, Galli Islands, Salerno",-250,-225,0.03830462694168091
archaeological_occupation,AIDA_8536,"Site X, Galli Islands, Salerno",-225,-200,0.08138507604598999
archaeological_occupation,AIDA_8536,"Site X, Galli Islands, Salerno",-200,-175,0.15876811742782593
archaeological_occupation,AIDA_8536,"Site X, Galli Islands, Salerno",-175,-150,0.11680048704147339
archaeological_occupation,AIDA_8536,"Site X, Galli Islands, Salerno",-150,-125,0.07296949625015259
archaeological_occupation,AIDA_8536,"Site X, Galli Islands, Salerno",-125,-100,0.0730169415473938
archaeological_occupation,AIDA_8536,"Site X, Galli Islands, Salerno",-100,-75,0.02814018726348877
archaeological_occupation,AIDA_8536,"Site X, Galli Islands, Salerno",-75,-50,0.04179579019546509
archaeological_occupation,AIDA_8536,"Site X, Galli Islands, Salerno",-50,-25,0.002810955047607422
archaeological_occupation,AIDA_8536,"Site X, Galli Islands, Salerno",-25,0,0.0008557438850402832
archaeological_occupation,AIDA_8803,Albenga wreck,-550,-525,2.682209014892578e-06
archaeological_occupation,AIDA_8803,Albenga wreck,-525,-500,6.556510925292969e-06
archaeological_occupation,AIDA_8803,Albenga wreck,-500,-475,7.748603820800781e-06
archaeological_occupation,AIDA_8803,Albenga wreck,-475,-450,1.9609928131103516e-05
archaeological_occupation,AIDA_8803,Albenga wreck,-450,-425,2.276897430419922e-05
archaeological_occupation,AIDA_8803,Albenga wreck,-425,-400,0.00018149614334106445
archaeological_occupation,AIDA_8803,Albenga wreck,-400,-375,0.023578345775604248
archaeological_occupation,AIDA_8803,Albenga wreck,-375,-350,0.07505011558532715
archaeological_occupation,AIDA_8803,Albenga wreck,-350,-325,0.11157923936843872
archaeological_occupation,AIDA_8803,Albenga wreck,-325,-300,0.11710476875305176
archaeological_occupation,AIDA_8803,Albenga wreck,-300,-275,0.10856807231903076
archaeological_occupation,AIDA_8803,Albenga wreck,-275,-250,0.0843920111656189
archaeological_occupation,AIDA_8803,Albenga wreck,-250,-225,0.0896337628364563
archaeological_occupation,AIDA_8803,Albenga wreck,-225,-200,0.11281216144561768
archaeological_occupation,AIDA_8803,Albenga wreck,-200,-175,0.10068821907043457
archaeological_occupation,AIDA_8803,Albenga wreck,-175,-150,0.06122487783432007
archaeological_occupation,AIDA_8803,Albenga wreck,-150,-125,0.03666907548904419
archaeological_occupation,AIDA_8803,Albenga wreck,-125,-100,0.03666895627975464
archaeological_occupation,AIDA_8803,Albenga wreck,-100,-75,0.015838980674743652
archaeological_occupation,AIDA_8803,Albenga wreck,-75,-50,0.022181212902069092
archaeological_occupation,AIDA_8803,Albenga wreck,-50,-25,0.0022853612899780273
archaeological_occupation,AIDA_8803,Albenga wreck,-25,0,0.0010103583335876465
archaeological_occupation,AIDA_9294,Stagno,-700,-675,5.125999450683594e-06
archaeological_occupation,AIDA_9294,Stagno,-675,-650,5.424022674560547e-06
archaeological_occupation,AIDA_9294,Stagno,-650,-625,5.245208740234375e-06
archaeological_occupation,AIDA_9294,Stagno,-625,-600,7.927417755126953e-06
archaeological_occupation,AIDA_9294,Stagno,-600,-575,7.510185241699219e-06
archaeological_occupation,AIDA_9294,Stagno,-575,-550,4.76837158203125e-06
archaeological_occupation,AIDA_9294,Stagno,-550,-525,1.430511474609375e-06
archaeological_occupation,AIDA_9371,Baratti,-400,-375,1.5020370483398438e-05
archaeological_occupation,AIDA_9371,Baratti,-375,-350,7.843971252441406e-05
archaeological_occupation,AIDA_9371,Baratti,-350,-325,0.0007074475288391113
archaeological_occupation,AIDA_9371,Baratti,-325,-300,0.00042766332626342773
archaeological_occupation,AIDA_9371,Baratti,-300,-275,0.00019782781600952148
archaeological_occupation,AIDA_9371,Baratti,-275,-250,9.59634780883789e-05
archaeological_occupation,AIDA_9371,Baratti,-250,-225,0.00011467933654785156
archaeological_occupation,AIDA_9371,Baratti,-225,-200,0.0002455711364746094
archaeological_occupation,AIDA_9371,Baratti,-200,-175,0.0010682940483093262
archaeological_occupation,AIDA_9371,Baratti,-175,-150,0.0024840831756591797
archaeological_occupation,AIDA_9371,Baratti,-150,-125,0.003912746906280518
archaeological_occupation,AIDA_9371,Baratti,-125,-100,0.0038968920707702637
archaeological_occupation,AIDA_9371,Baratti,-100,-75,0.006975769996643066
archaeological_occupation,AIDA_9371,Baratti,-75,-50,0.0056906938552856445
archaeological_occupation,AIDA_9371,Baratti,-50,-25,0.01877272129058838
archaeological_occupation,AIDA_9371,Baratti,-25,0,0.02146047353744507
archaeological_occupation,AIDA_969,Alba Fucens,-700,-675,0.053898394107818604
archaeological_occupation,AIDA_969,Alba Fucens,-675,-650,0.06355732679367065
archaeological_occupation,AIDA_969,Alba Fucens,-650,-625,0.0493241548538208
archaeological_occupation,AIDA_969,Alba Fucens,-625,-600,0.038234591484069824
archaeological_occupation,AIDA_969,Alba Fucens,-600,-575,0.04036819934844971
archaeological_occupation,AIDA_969,Alba Fucens,-575,-550,0.05022609233856201
archaeological_occupation,AIDA_969,Alba Fucens,-550,-525,0.0958789587020874
archaeological_occupation,AIDA_969,Alba Fucens,-525,-500,0.11961233615875244
archaeological_occupation,AIDA_969,Alba Fucens,-500,-475,0.12499731779098511
archaeological_occupation,AIDA_969,Alba Fucens,-475,-450,0.14297109842300415
archaeological_occupation,AIDA_969,Alba Fucens,-450,-425,0.14502280950546265
archaeological_occupation,AIDA_969,Alba Fucens,-425,-400,0.1700858473777771
archaeological_occupation,AIDA_969,Alba Fucens,-400,-375,0.25873804092407227
archaeological_occupation,AIDA_969,Alba Fucens,-375,-350,0.2640201449394226
archaeological_occupation,AIDA_969,Alba Fucens,-350,-325,0.2362372875213623
archaeological_occupation,AIDA_969,Alba Fucens,-325,-300,0.2470969557762146
archaeological_occupation,AIDA_969,Alba Fucens,-300,-275,0.25770729780197144
archaeological_occupation,AIDA_969,Alba Fucens,-275,-250,0.2631469964981079
archaeological_occupation,AIDA_969,Alba Fucens,-250,-225,0.2621375322341919
archaeological_occupation,AIDA_969,Alba Fucens,-225,-200,0.25537484884262085
archaeological_occupation,AIDA_969,Alba Fucens,-200,-175,0.22335243225097656
archaeological_occupation,AIDA_969,Alba Fucens,-175,-150,0.19003170728683472
archaeological_occupation,AIDA_969,Alba Fucens,-150,-125,0.16529184579849243
archaeological_occupation,AIDA_969,Alba Fucens,-125,-100,0.16539710760116577
archaeological_occupation,AIDA_969,Alba Fucens,-100,-75,0.13193130493164062
archaeological_occupation,AIDA_969,Alba Fucens,-75,-50,0.14416992664337158
archaeological_occupation,AIDA_969,Alba Fucens,-50,-25,0.07706469297409058
archaeological_occupation,AIDA_969,Alba Fucens,-25,0,0.06807994842529297
archaeological_occupation,AIDA_9732,Parre,-700,-675,0.06224101781845093
archaeological_occupation,AIDA_9732,Parre,-675,-650,0.06334340572357178
archaeological_occupation,AIDA_9732,Parre,-650,-625,0.06000858545303345
archaeological_occupation,AIDA_9732,Parre,-625,-600,0.05069172382354736
archaeological_occupation,AIDA_9732,Parre,-600,-575,0.05252307653427124
archaeological_occupation,AIDA_9732,Parre,-575,-550,0.06141984462738037
archaeological_occupation,AIDA_9732,Parre,-550,-525,0.07736361026763916
archaeological_occupation,AIDA_9732,Parre,-525,-500,0.0800127387046814
archaeological_occupation,AIDA_9732,Parre,-500,-475,0.07973659038543701
archaeological_occupation,AIDA_9732,Parre,-475,-450,0.07565486431121826
archaeological_occupation,AIDA_9732,Parre,-450,-425,0.07494282722473145
archaeological_occupation,AIDA_9732,Parre,-425,-400,0.06371361017227173
archaeological_occupation,AIDA_9732,Parre,-400,-375,0.008322596549987793
archaeological_occupation,AIDA_9732,Parre,-375,-350,0.0006019473075866699
archaeological_occupation,AIDA_9732,Parre,-350,-325,1.615285873413086e-05
archaeological_occupation,AIDA_9732,Parre,-325,-300,3.796815872192383e-05
archaeological_occupation,AIDA_9732,Parre,-300,-275,0.00012916326522827148
archaeological_occupation,AIDA_9732,Parre,-275,-250,0.00041157007217407227
archaeological_occupation,AIDA_9732,Parre,-250,-225,0.0003407001495361328
archaeological_occupation,AIDA_9732,Parre,-225,-200,8.809566497802734e-05
archaeological_occupation,AIDA_9732,Parre,-200,-175,3.2782554626464844e-06
archaeological_occupation,AIDA_9755,Molveno,-700,-675,0.0011572837829589844
archaeological_occupation,AIDA_9755,Molveno,-675,-650,0.0011157393455505371
archaeological_occupation,AIDA_9755,Molveno,-650,-625,0.0012081265449523926
archaeological_occupation,AIDA_9755,Molveno,-625,-600,0.0014870762825012207
archaeological_occupation,AIDA_9755,Molveno,-600,-575,0.001437366008758545
archaeological_occupation,AIDA_9755,Molveno,-575,-550,0.0011656880378723145
archaeological_occupation,AIDA_9755,Molveno,-550,-525,0.0006163120269775391
archaeological_occupation,AIDA_9755,Molveno,-525,-500,0.00042045116424560547
archaeological_occupation,AIDA_9755,Molveno,-500,-475,0.00038802623748779297
archaeological_occupation,AIDA_9755,Molveno,-475,-450,0.00030803680419921875
archaeological_occupation,AIDA_9755,Molveno,-450,-425,0.0003007650375366211
archaeological_occupation,AIDA_9755,Molveno,-425,-400,0.0002276897430419922
archaeological_occupation,AIDA_9755,Molveno,-400,-375,2.4378299713134766e-05
archaeological_occupation,AIDA_9755,Molveno,-375,-350,4.708766937255859e-06
archaeological_occupation,AIDA_9755,Molveno,-325,-300,1.1324882507324219e-06
archaeological_occupation,AIDA_9755,Molveno,-300,-275,2.086162567138672e-06
archaeological_occupation,AIDA_9755,Molveno,-275,-250,3.874301910400391e-06
archaeological_occupation,AIDA_9755,Molveno,-250,-225,3.4570693969726562e-06
archaeological_occupation,AIDA_9755,Molveno,-225,-200,1.7285346984863281e-06
archaeological_occupation,AIDA_9798,Valle Lagorara,-700,-675,0.24314641952514648
archaeological_occupation,AIDA_9798,Valle Lagorara,-675,-650,0.23706656694412231
archaeological_occupation,AIDA_9798,Valle Lagorara,-650,-625,0.2501119375228882
archaeological_occupation,AIDA_9798,Valle Lagorara,-625,-600,0.27435022592544556
archaeological_occupation,AIDA_9798,Valle Lagorara,-600,-575,0.2691877484321594
archaeological_occupation,AIDA_9798,Valle Lagorara,-575,-550,0.24657166004180908
archaeological_occupation,AIDA_9798,Valle Lagorara,-550,-525,0.19466173648834229
archaeological_occupation,AIDA_9798,Valle Lagorara,-525,-500,0.17840653657913208
archaeological_occupation,AIDA_9798,Valle Lagorara,-500,-475,0.17626631259918213
archaeological_occupation,AIDA_9798,Valle Lagorara,-475,-450,0.17188549041748047
archaeological_occupation,AIDA_9798,Valle Lagorara,-450,-425,0.17148417234420776
archaeological_occupation,AIDA_9798,Valle Lagorara,-425,-400,0.1651822328567505
archaeological_occupation,AIDA_9798,Valle Lagorara,-400,-375,0.082302987575531
archaeological_occupation,AIDA_9798,Valle Lagorara,-375,-350,0.043648600578308105
archaeological_occupation,AIDA_9798,Valle Lagorara,-350,-325,0.1294061541557312
archaeological_occupation,AIDA_9798,Valle Lagorara,-325,-300,0.10095053911209106
archaeological_occupation,AIDA_9798,Valle Lagorara,-300,-275,0.06181216239929199
archaeological_occupation,AIDA_9798,Valle Lagorara,-275,-250,0.04366546869277954
archaeological_occupation,AIDA_9798,Valle Lagorara,-250,-225,0.046588361263275146
archaeological_occupation,AIDA_9798,Valle Lagorara,-225,-200,0.07067674398422241
archaeological_occupation,AIDA_9798,Valle Lagorara,-200,-175,0.15446364879608154
archaeological_occupation,AIDA_9798,Valle Lagorara,-175,-150,0.1364080309867859
archaeological_occupation,AIDA_9798,Valle Lagorara,-150,-125,0.09915727376937866
archaeological_occupation,AIDA_9798,Valle Lagorara,-125,-100,0.09933143854141235
archaeological_occupation,AIDA_9798,Valle Lagorara,-100,-75,0.046130597591400146
archaeological_occupation,AIDA_9798,Valle Lagorara,-75,-50,0.06380629539489746
archaeological_occupation,AIDA_9798,Valle Lagorara,-50,-25,0.005958080291748047
archaeological_occupation,AIDA_9798,Valle Lagorara,-25,0,0.0022292137145996094
archaeological_occupation,AIDA_9842,Pompeii,-700,-675,0.0008615255355834961
archaeological_occupation,AIDA_9842,Pompeii,-675,-650,0.0010396838188171387
archaeological_occupation,AIDA_9842,Pompeii,-650,-625,0.0007863640785217285
archaeological_occupation,AIDA_9842,Pompeii,-625,-600,0.0006134510040283203
archaeological_occupation,AIDA_9842,Pompeii,-600,-575,0.0006462931632995605
archaeological_occupation,AIDA_9842,Pompeii,-575,-550,0.000798642635345459
archaeological_occupation,AIDA_9842,Pompeii,-550,-525,0.0016264915466308594
archaeological_occupation,AIDA_9842,Pompeii,-525,-500,0.0021172761917114258
archaeological_occupation,AIDA_9842,Pompeii,-500,-475,0.0022379159927368164
archaeological_occupation,AIDA_9842,Pompeii,-475,-450,0.00271451473236084
archaeological_occupation,AIDA_9842,Pompeii,-450,-425,0.0027788877487182617
archaeological_occupation,AIDA_9842,Pompeii,-425,-400,0.00382840633392334
archaeological_occupation,AIDA_9842,Pompeii,-400,-375,0.018432319164276123
archaeological_occupation,AIDA_9842,Pompeii,-375,-350,0.037995338439941406
archaeological_occupation,AIDA_9842,Pompeii,-350,-325,0.10407471656799316
archaeological_occupation,AIDA_9842,Pompeii,-325,-300,0.08163213729858398
archaeological_occupation,AIDA_9842,Pompeii,-300,-275,0.057566821575164795
archaeological_occupation,AIDA_9842,Pompeii,-275,-250,0.041775524616241455
archaeological_occupation,AIDA_9842,Pompeii,-250,-225,0.04485541582107544
archaeological_occupation,AIDA_9842,Pompeii,-225,-200,0.06327122449874878
archaeological_occupation,AIDA_9842,Pompeii,-200,-175,0.12964367866516113
archaeological_occupation,AIDA_9842,Pompeii,-175,-150,0.1961250901222229
archaeological_occupation,AIDA_9842,Pompeii,-150,-125,0.24646121263504028
archaeological_occupation,AIDA_9842,Pompeii,-125,-100,0.246137797832489
archaeological_occupation,AIDA_9842,Pompeii,-100,-75,0.3211473822593689
archaeological_occupation,AIDA_9842,Pompeii,-75,-50,0.293035089969635
archaeological_occupation,AIDA_9842,Pompeii,-50,-25,0.4675748944282532
archaeological_occupation,AIDA_9842,Pompeii,-25,0,0.4915751814842224
archaeological_occupation,AIDA_9874,San Francesco del Deserto Isl,-425,-400,6.198883056640625e-06
archaeological_occupation,AIDA_9874,San Francesco del Deserto Isl,-400,-375,0.012191414833068848
archaeological_occupation,AIDA_9874,San Francesco del Deserto Isl,-375,-350,0.06754058599472046
archaeological_occupation,AIDA_9874,San Francesco del Deserto Isl,-350,-325,0.19485419988632202
archaeological_occupation,AIDA_9874,San Francesco del Deserto Isl,-325,-300,0.17279678583145142
archaeological_occupation,AIDA_9874,San Francesco del Deserto Isl,-300,-275,0.13026225566864014
archaeological_occupation,AIDA_9874,San Francesco del Deserto Isl,-275,-250,0.08150351047515869
archaeological_occupation,AIDA_9874,San Francesco del Deserto Isl,-250,-225,0.09144139289855957
archaeological_occupation,AIDA_9874,San Francesco del Deserto Isl,-225,-200,0.14298582077026367
archaeological_occupation,AIDA_9874,San Francesco del Deserto Isl,-200,-175,0.21447044610977173
archaeological_occupation,AIDA_9874,San Francesco del Deserto Isl,-175,-150,0.2134351134300232
archaeological_occupation,AIDA_9874,San Francesco del Deserto Isl,-150,-125,0.18288588523864746
archaeological_occupation,AIDA_9874,San Francesco del Deserto Isl,-125,-100,0.18336623907089233
archaeological_occupation,AIDA_9874,San Francesco del Deserto Isl,-100,-75,0.10361891984939575
archaeological_occupation,AIDA_9874,San Francesco del Deserto Isl,-75,-50,0.13392800092697144
archaeological_occupation,AIDA_9874,San Francesco del Deserto Isl,-50,-25,0.01561272144317627
archaeological_occupation,AIDA_9874,San Francesco del Deserto Isl,-25,0,0.006162881851196289
archaeological_occupation,AIDA_9875,"Mazzorbo, Venice Lagoon",-700,-675,0.05722743272781372
archaeological_occupation,AIDA_9875,"Mazzorbo, Venice Lagoon",-675,-650,0.05761617422103882
archaeological_occupation,AIDA_9875,"Mazzorbo, Venice Lagoon",-650,-625,0.060789406299591064
archaeological_occupation,AIDA_9875,"Mazzorbo, Venice Lagoon",-625,-600,0.08773863315582275
archaeological_occupation,AIDA_9875,"Mazzorbo, Venice Lagoon",-600,-575,0.08284366130828857
archaeological_occupation,AIDA_9875,"Mazzorbo, Venice Lagoon",-575,-550,0.05616438388824463
archaeological_occupation,AIDA_9875,"Mazzorbo, Venice Lagoon",-550,-525,0.01605522632598877
archaeological_occupation,AIDA_9875,"Mazzorbo, Venice Lagoon",-525,-500,0.005228519439697266
archaeological_occupation,AIDA_9875,"Mazzorbo, Venice Lagoon",-500,-475,0.0040419697761535645
archaeological_occupation,AIDA_9875,"Mazzorbo, Venice Lagoon",-475,-450,0.00212019681930542
archaeological_occupation,AIDA_9875,"Mazzorbo, Venice Lagoon",-450,-425,0.002004384994506836
archaeological_occupation,AIDA_9875,"Mazzorbo, Venice Lagoon",-425,-400,0.001168370246887207
archaeological_occupation,AIDA_9875,"Mazzorbo, Venice Lagoon",-400,-375,1.7285346984863281e-06
archaeological_occupation,AIDA_9935,Lake Nemi,-700,-675,1.8477439880371094e-06
archaeological_occupation,AIDA_9935,Lake Nemi,-675,-650,5.185604095458984e-06
archaeological_occupation,AIDA_9935,Lake Nemi,-650,-625,1.1920928955078125e-06
archaeological_occupation,AIDA_9935,Lake Nemi,-575,-550,1.1324882507324219e-06
archaeological_occupation,AIDA_9935,Lake Nemi,-550,-525,1.627206802368164e-05
archaeological_occupation,AIDA_9935,Lake Nemi,-525,-500,3.224611282348633e-05
archaeological_occupation,AIDA_9935,Lake Nemi,-500,-475,3.707408905029297e-05
archaeological_occupation,AIDA_9935,Lake Nemi,-475,-450,6.967782974243164e-05
archaeological_occupation,AIDA_9935,Lake Nemi,-450,-425,7.635354995727539e-05
archaeological_occupation,AIDA_9935,Lake Nemi,-425,-400,0.00028079748153686523
archaeological_occupation,AIDA_9935,Lake Nemi,-400,-375,0.014376938343048096
archaeological_occupation,AIDA_9935,Lake Nemi,-375,-350,0.05029016733169556
archaeological_occupation,AIDA_9935,Lake Nemi,-350,-325,0.18397557735443115
archaeological_occupation,AIDA_9935,Lake Nemi,-325,-300,0.1432194709777832
archaeological_occupation,AIDA_9935,Lake Nemi,-300,-275,0.0931820273399353
archaeological_occupation,AIDA_9935,Lake Nemi,-275,-250,0.058338463306427
archaeological_occupation,AIDA_9935,Lake Nemi,-250,-225,0.06512975692749023
archaeological_occupation,AIDA_9935,Lake Nemi,-225,-200,0.10543620586395264
archaeological_occupation,AIDA_9935,Lake Nemi,-200,-175,0.22621357440948486
archaeological_occupation,AIDA_9935,Lake Nemi,-175,-150,0.2882099151611328
archaeological_occupation,AIDA_9935,Lake Nemi,-150,-125,0.30990415811538696
archaeological_occupation,AIDA_9935,Lake Nemi,-125,-100,0.3101452589035034
archaeological_occupation,AIDA_9935,Lake Nemi,-100,-75,0.3006979823112488
archaeological_occupation,AIDA_9935,Lake Nemi,-75,-50,0.30779725313186646
archaeological_occupation,AIDA_9935,Lake Nemi,-50,-25,0.22101753950119019
archaeological_occupation,AIDA_9935,Lake Nemi,-25,0,0.20428192615509033
archaeological_occupation,AIDA_9946,Francavilla marittima,-700,-675,0.2184649109840393
archaeological_occupation,AIDA_9946,Francavilla marittima,-675,-650,0.20302826166152954
archaeological_occupation,AIDA_9946,Francavilla marittima,-650,-625,0.2342839241027832
archaeological_occupation,AIDA_9946,Francavilla marittima,-625,-600,0.2915595769882202
archaeological_occupation,AIDA_9946,Francavilla marittima,-600,-575,0.2804710268974304
archaeological_occupation,AIDA_9946,Francavilla marittima,-575,-550,0.2259737253189087
archaeological_occupation,AIDA_9946,Francavilla marittima,-550,-525,0.08745896816253662
archaeological_occupation,AIDA_9946,Francavilla marittima,-525,-500,0.037883639335632324
archaeological_occupation,AIDA_9946,Francavilla marittima,-500,-475,0.030671119689941406
archaeological_occupation,AIDA_9946,Francavilla marittima,-475,-450,0.017178118228912354
archaeological_occupation,AIDA_9946,Francavilla marittima,-450,-425,0.016280829906463623
archaeological_occupation,AIDA_9946,Francavilla marittima,-425,-400,0.009620249271392822
archaeological_occupation,AIDA_9946,Francavilla marittima,-400,-375,1.2934207916259766e-05
mining_production,1468,Bottino,-700,-675,1.0
mining_production,1468,Bottino,-675,-650,1.0
mining_production,1468,Bottino,-650,-625,1.0
mining_production,1468,Bottino,-625,-600,1.0
mining_production,1468,Bottino,-600,-575,1.0
mining_production,1468,Bottino,-575,-550,1.0
mining_production,1468,Bottino,-550,-525,1.0
mining_production,1468,Bottino,-525,-500,1.0
mining_production,1468,Bottino,-500,-475,1.0
mining_production,1468,Bottino,-475,-450,1.0
mining_production,1468,Bottino,-450,-425,1.0
mining_production,1468,Bottino,-425,-400,1.0
mining_production,1468,Bottino,-400,-375,1.0
mining_production,1468,Bottino,-375,-350,1.0
mining_production,1468,Bottino,-350,-325,1.0
mining_production,1468,Bottino,-325,-300,1.0
mining_production,1468,Bottino,-300,-275,1.0
mining_production,1468,Bottino,-275,-250,1.0
mining_production,1468,Bottino,-250,-225,1.0
mining_production,1468,Bottino,-225,-200,1.0
mining_production,1468,Bottino,-200,-175,1.0
mining_production,1468,Bottino,-175,-150,1.0
mining_production,1468,Bottino,-150,-125,1.0
mining_production,1468,Bottino,-125,-100,1.0
mining_production,1468,Bottino,-100,-75,1.0
mining_production,1468,Bottino,-75,-50,1.0
mining_production,1468,Bottino,-50,-25,1.0
mining_production,1468,Bottino,-25,0,1.0
mining_production,1484,Arbus,-325,-300,1.0
mining_production,1484,Arbus,-300,-275,1.0
mining_production,1484,Arbus,-275,-250,1.0
mining_production,1484,Arbus,-250,-225,1.0
mining_production,1484,Arbus,-225,-200,1.0
mining_production,1484,Arbus,-200,-175,1.0
mining_production,1484,Arbus,-175,-150,1.0
mining_production,1484,Arbus,-150,-125,1.0
mining_production,1484,Arbus,-125,-100,1.0
mining_production,1484,Arbus,-100,-75,1.0
mining_production,1484,Arbus,-75,-50,1.0
mining_production,1484,Arbus,-50,-25,1.0
mining_production,1484,Arbus,-25,0,1.0
mining_production,1497,Lula,-325,-300,1.0
mining_production,1497,Lula,-300,-275,1.0
mining_production,1497,Lula,-275,-250,1.0
mining_production,1497,Lula,-250,-225,1.0
mining_production,1497,Lula,-225,-200,1.0
mining_production,1497,Lula,-200,-175,1.0
mining_production,1497,Lula,-175,-150,1.0
mining_production,1497,Lula,-150,-125,1.0
mining_production,1497,Lula,-125,-100,1.0
mining_production,1497,Lula,-100,-75,1.0
mining_production,1497,Lula,-75,-50,1.0
mining_production,1497,Lula,-50,-25,1.0
mining_production,1497,Lula,-25,0,1.0
mining_production,1499,Villacidro,-325,-300,1.0
mining_production,1499,Villacidro,-300,-275,1.0
mining_production,1499,Villacidro,-275,-250,1.0
mining_production,1499,Villacidro,-250,-225,1.0
mining_production,1499,Villacidro,-225,-200,1.0
mining_production,1499,Villacidro,-200,-175,1.0
mining_production,1499,Villacidro,-175,-150,1.0
mining_production,1499,Villacidro,-150,-125,1.0
mining_production,1499,Villacidro,-125,-100,1.0
mining_production,1499,Villacidro,-100,-75,1.0
mining_production,1499,Villacidro,-75,-50,1.0
mining_production,1499,Villacidro,-50,-25,1.0
mining_production,1499,Villacidro,-25,0,1.0
