pleiades_id,title,longitude,latitude,location_precision,feature_types,time_periods,sources,in_window_bins
48210385,Borgo Medievale,13.4119837,42.082885,precise,settlement,mediaeval-byzantine,pleiades_settlement,0.0
305023,Ad Rubras?,7.157147,36.092899,precise,station,"roman,late-antique",pleiades_transport,0.055
305030,Aquae Thibilitanae,7.270135,36.459865,precise,"settlement, settlement-modern","roman,late-antique",pleiades_settlement,0.055
305032,*Astora?,6.878282,36.9038465,precise,settlement,"hellenistic-republican,roman,late-antique",pleiades_settlement,7.2
305033,Asuccuris?,7.518478,36.608739,precise,settlement,"roman,late-antique",pleiades_settlement,0.055
305034,Azimacia,6.60429750352,36.3920235308,precise,settlement,roman,pleiades_settlement,0.102
305039,Calama,7.427677,36.4643305,precise,settlement,"hellenistic-republican,roman,late-antique",pleiades_settlement,7.2
305048,Castellum Fabatianum?,6.832552,36.283833,precise,settlement,"roman,late-antique",pleiades_settlement,0.055
305053,Castellum Subzuaritanum,6.516829,36.233093,precise,settlement,"roman,late-antique",pleiades_settlement,0.055
305058,Celtianis,6.588689,36.838344,precise,settlement,"roman,late-antique",pleiades_settlement,0.055
305063,Chullu,6.562081,37.0078525,precise,settlement,"hellenistic-republican,roman,late-antique,twentieth-ce",pleiades_settlement,7.2
305064,Cirta/Constantina,6.61330266667,36.3681146667,precise,settlement,"hellenistic-republican,roman,late-antique",pleiades_settlement,7.2
993452096,Ghar El Kebir Quarries,10.9961232,37.0595979,precise,quarry,roman,pleiades_production,0.102
776367157,Roman villa at Anagnina Metro station ,12.5872779,41.8432658,precise,"villa, archaeological-site",roman,pleiades_production,0.102
637350139,Colle Oliva,12.6274873976,41.7960055501,precise,villa,"hellenistic-republican,roman",pleiades_production,7.145
998907993,Boville Ernica,13.466667,41.65,precise,settlement,"archaic,classical,hellenistic-republican,roman,late-antique,modern",pleiades_settlement,25.75
262148219,Piana di Monte Verna,14.319641339,41.1849709375,precise,"fortified-settlement, settlement, archaeological-site, settlement-modern","hellenistic-republican,roman,modern",pleiades_settlement,7.145
367530812,Monte Nuxi,9.3079687,39.7610764,precise,"spring, settlement",2nd-millenium-bce,pleiades_settlement,0.0
388120836,Villa of Caius Olius Ampliatus,14.3449071916,40.8472057403,precise,villa,"roman,twentieth-ce,twenty-first-ce",pleiades_production,0.102
12364847,Isole della Marmorata,9.23818293039,41.2536135617,precise,"archipelago, island, quarry","modern,twenty-first-ce",pleiades_production,0.0
227716874,Poggio Civitella,11.4827337232,43.0352642091,precise,fortified-settlement,"twentieth-ce,twenty-first-ce",pleiades_settlement,0.0
491524938,Cannatello,13.6173889297,37.2570399335,precise,settlement,"2nd-millenium-bce,modern",pleiades_settlement,0.0
546680198,Henchir Hnich,9.10115316148,36.3478400418,precise,"settlement, archaeological-site","roman,twenty-first-ce",pleiades_settlement,0.102
176421766,Ponte di Pratolungo,12.5937252288,41.9328047919,precise,"bridge, archaeological-site",hellenistic-republican,pleiades_transport,4.0
364873309,Geridu,8.57348110251,40.7806000574,precise,"settlement, archaeological-site","twentieth-ce,twenty-first-ce",pleiades_settlement,0.0
119022475,Potter's workshop,14.4794174,40.7526867,precise,production,roman,pleiades_production,0.102
640651840,Casale Ciuffa,12.7553665833,41.8347038794,precise,"villa, settlement-modern",twenty-first-ce,pleiades_production,0.0
135082913,Unnamed Roman bridge,13.6829694572,41.6701659951,precise,bridge,roman,pleiades_transport,0.102
663875862,San Giuliano Roman bridge,13.7989589,41.6336248,precise,bridge,roman,pleiades_transport,0.102
267702571,Clivus Scauri,12.4912209346,41.8863923292,precise,road,"roman-early-empire-late-antique,modern",pleiades_transport,0.052
714400874,Colle S. Lucia-Maceralonga (Castelnuovo Parano),13.7553846,41.3788737,precise,"settlement, settlement-modern",modern,pleiades_settlement,0.0
572637979,Mandra Castellone,14.1310175,41.4902367,precise,settlement,"hellenistic-republican,roman,twenty-first-ce",pleiades_settlement,7.145
52863698,Villa Romana di Boscorotto ,14.3892132812,41.0017570209,precise,villa,roman,pleiades_production,0.102
547266548,Roman Bridge (Auletta),15.3816844812,40.5710452228,precise,bridge,roman,pleiades_transport,0.102
157798,Ad Horrea,6.956062,43.549999,precise,station,"roman,late-antique",pleiades_transport,0.055
157802,Alb(i)um Intimilium/Albintimilium,7.625772,43.789146,precise,"settlement, archaeological-site, settlement-modern","classical,hellenistic-republican,roman,late-antique,mediaeval-byzantine,modern,twentieth-ce",pleiades_settlement,17.6
157803,Album Ingaunum/Albingaunum,8.21493,44.0484,precise,settlement,"roman,modern,twentieth-ce",pleiades_settlement,0.102
157810,*Anao,7.333909,43.688824,precise,station,roman,pleiades_transport,0.102
157812,Antipolis,7.120902,43.580587,precise,"settlement, port","archaic,classical,hellenistic-republican,roman,late-antique,modern",pleiades_settlement;pleiades_transport,25.75
157816,Athenopolis,6.640921,43.270134,precise,settlement,"hellenistic-republican,roman",pleiades_settlement,7.145
157817,*Avisio,7.381752,43.724847,precise,station,roman,pleiades_transport,0.102
157819,Baou-des-Noirs,7.1240229,43.7429727,precise,"settlement, archaeological-site","classical,hellenistic-republican",pleiades_settlement,10.4
157825,Boulouris,6.824677,43.430529,precise,quarry,"roman,late-antique",pleiades_production,0.055
157826,Bouteillière,6.741268,43.485868,precise,quarry,"roman,late-antique",pleiades_production,0.055
157827,*Brigomagus,6.758067,43.864627,precise,settlement,roman,pleiades_settlement,0.102
157828,Bussana,7.8388778366,43.8211080147,precise,villa,"roman,twenty-first-ce",pleiades_production,0.102
157833,Le Candéou,6.87945,43.62179,precise,"villa, settlement-modern","hellenistic-republican,roman,modern,twenty-first-ce",pleiades_production,7.145
157834,Cemenelum,7.2758295,43.7194725,precise,settlement,"hellenistic-republican,roman,late-antique,modern",pleiades_settlement,7.2
157836,Col. Forum Iulii,6.7360345,43.4328295,precise,"settlement, port","hellenistic-republican,roman,late-antique,modern",pleiades_settlement;pleiades_transport,7.2
157837,Costa Bellene/Ballene (Capo Don?),7.86550498665,43.8347168819,precise,"church-2, cemetery, station, archaeological-site, church","roman,late-antique,mediaeval-byzantine",pleiades_transport,0.055
157840,*Cuntinus,7.314468,43.811965,precise,settlement,roman,pleiades_settlement,0.102
157861,Glanate,6.841592,43.946703,precise,settlement,"roman,late-antique",pleiades_settlement,0.055
157867,Heraclia Caccabaria,6.53009,43.173059,precise,station,roman,pleiades_transport,0.102
157868,Herakles Monoikos/Portus Monoeci,7.425673,43.740339,precise,settlement,"archaic,classical,hellenistic-republican,roman,late-antique",pleiades_settlement,25.75
157879,Lucus Bormani,8.08057,43.911292,precise,settlement,"roman,late-antique,twentieth-ce",pleiades_settlement,0.055
157880,Lumo,7.476725,43.7586,precise,station,roman,pleiades_transport,0.102
157882,Mandelieu,6.937314,43.543891,precise,villa,"roman,late-antique,twentieth-ce",pleiades_production,0.055
157886,Monte Bignone,7.73388934783,43.873496088,precise,"fortified-settlement, settlement","archaic,classical,twentieth-ce",pleiades_settlement,8.15
157887,Monte Colma,7.79613,43.857059,precise,settlement,"classical,modern,twentieth-ce",pleiades_settlement,2.933
157888,Montjean,6.516594,43.199971,precise,settlement,"archaic,classical",pleiades_settlement,8.15
157891,Navelis,7.28351,43.725031,precise,settlement,roman,pleiades_settlement,0.102
157894,Nicaea,7.266233,43.703436,precise,settlement,"archaic,classical,hellenistic-republican,roman,late-antique,sixteenth-ce",pleiades_settlement,25.75
157897,Olivula,7.310126,43.704222,precise,station,roman,pleiades_transport,0.102
157901,Unnamed villa,6.548428,43.188356,precise,villa,roman,pleiades_production,0.102
157902,Unnamed villa,6.5561987,43.19034235,precise,villa,"roman,late-antique",pleiades_production,0.055
157908,Portus Maurici,8.015133,43.873685,precise,"station, settlement-modern","roman,twenty-first-ce",pleiades_transport,0.102
157910,Pullopice,8.345138,44.169972,precise,station,"roman,late-antique",pleiades_transport,0.055
157915,Roussivau,6.845027,43.47388,precise,villa,"roman,twentieth-ce",pleiades_production,0.102
861510570,Roman villa of Aia Nova,11.347410934,42.6515954437,precise,villa,"hellenistic-republican,roman",pleiades_production,7.145
572329938,"Villa Prato, Sperlonga",13.4240302595,41.2719806543,precise,villa,roman,pleiades_production,0.102
922176737,Villa di Pipiano,14.4019849,40.6375616,precise,"fountain, villa",roman,pleiades_production,0.102
789450243,Orto della Regina,13.9441244538,41.2997457404,precise,settlement,"hellenistic-republican,modern",pleiades_settlement,4.0
851887955,Forcello,10.8350454496,45.1100542597,precise,settlement,"classical,modern",pleiades_settlement,2.933
315097,Numluli,9.21945770134,36.5234797735,precise,"settlement, archaeological-site","roman,late-antique,twentieth-ce",pleiades_settlement,0.055
774894386,Nuraghe S'Urachi,8.58279987189,40.0156080323,precise,"nuraghe, settlement, archaeological-site","2nd-millenium-bce,1st-millennium-bce,early-geometric,middle-geometric,archaic,classical,hellenistic-republican,roman,modern",pleiades_settlement,27.945
486975583,Fossa Traiana,12.2231012,41.7709232,precise,canal,modern,pleiades_transport,0.0
236993544,Roman villa at Verige Bay,13.7738700725,44.9098534541,precise,villa,roman,pleiades_production,0.102
124611682,Tremona,8.9595678,45.8846685,precise,"settlement, archaeological-site",late-antique,pleiades_settlement,0.0
100447491,Pons Neronianus,12.4641,41.901,precise,bridge,roman,pleiades_transport,0.102
321633,Absasallensis,7.5,37.5,rough,"unlocated, settlement",late-antique,pleiades_settlement,0.0
936919090,Roman castrum at Pyrgi,11.9586871865,42.0165681649,precise,settlement,"hellenistic-republican,roman",pleiades_settlement,7.145
653538433,Ganglegg,10.5904588686,46.6723028821,precise,settlement,"2nd-millenium-bce,archaic",pleiades_settlement,2.25
835247251,Nuraghe Bruncu Maduli o Bruncu Madugui ,8.997715,39.730975,precise,"nuraghe, settlement",2nd-millenium-bce,pleiades_settlement,0.0
330348886,Poggio Gramignano Roman Villa,12.3100066473,42.5501617536,precise,"cemetery, villa","roman-early-empire-late-antique,twenty-first-ce",pleiades_production,0.052
330348887,Villa Redenta,12.7412055,42.74468775,precise,villa,"roman,late-antique",pleiades_production,0.055
850888151,Linguella Roman villa,10.3303362692,42.8119294814,precise,villa,"roman,late-antique",pleiades_production,0.055
629429886,Ripatransone,13.7617959,42.9961784,precise,"settlement, settlement-modern",modern,pleiades_settlement,0.0
612970100,Villa of L. Crassius Tertius,14.4565198195,40.7562278109,precise,villa,roman,pleiades_production,0.102
773379957,"Cala Minnola, Levanzo, Province de Trapani",12.3513932,37.9932535,precise,production,"hellenistic-republican,roman",pleiades_production,7.145
383542,Acerrae (Cisalpine Gaul),9.790962,45.190014,precise,settlement,"hellenistic-republican,roman,late-antique,twentieth-ce",pleiades_settlement,7.2
383544,Ad Figlinas,8.8872,44.437188,precise,station,"roman,late-antique",pleiades_transport,0.055
383545,Ad Fines,7.4208953,45.0957849,precise,"station, settlement-modern","roman,late-antique,modern",pleiades_transport,0.055
383546,Ad Flexum/Sermione Mansio,10.6078237,45.4688494,precise,"station, settlement-modern","roman,late-antique,modern,twentieth-ce",pleiades_transport,0.055
383547,Ad Fonteclos,9.865474,44.956105,precise,station,"roman,late-antique",pleiades_transport,0.055
383548,Ad IX,9.322956,45.356918,precise,station,"roman,late-antique",pleiades_transport,0.055
383550,Ad Monilia,9.491255,44.238283,precise,station,"roman,late-antique",pleiades_transport,0.055
383551,Ad Navalia,8.643922,44.390314,precise,station,"roman,late-antique",pleiades_transport,0.055
383552,Ad Padum,9.5972,45.088302,precise,station,"roman,late-antique",pleiades_transport,0.055
383554,Ad Rota(s),9.57987,45.169874,precise,station,"roman,late-antique",pleiades_transport,0.055
383555,Ad Solaria,9.320172,44.317059,precise,station,late-antique,pleiades_transport,0.0
383556,Ad Tarum,10.211566,44.830006,precise,station,"roman,late-antique,twentieth-ce",pleiades_transport,0.055
383557,Ad VIII,7.5176764,45.0697151,precise,"station, settlement-modern","roman,late-antique,twenty-first-ce",pleiades_transport,0.055
383558,Ad X,7.828594,45.177939,precise,station,"roman,late-antique",pleiades_transport,0.055
383559,Ad X,9.1586709,45.3238086,precise,"station, settlement-modern","roman,late-antique,modern",pleiades_transport,0.055
383563,Alba Docilia,8.51176015004,44.3338309131,precise,"station, archaeological-site","roman,late-antique",pleiades_transport,0.055
383564,Alba Pompeia,8.035244,44.700835,precise,settlement,"roman,late-antique",pleiades_settlement,0.055
383570,Andes,10.824999,45.125167,precise,settlement,"roman,late-antique",pleiades_settlement,0.055
383572,Antion,9.555623,44.203883,precise,station,classical,pleiades_transport,2.933
383574,Aquae Statiellae,8.470658,44.675532,precise,settlement,"roman,late-antique",pleiades_settlement,0.055
383575,Argentea,9.405692,45.53071,precise,station,"roman,late-antique",pleiades_transport,0.055
383576,Ari(o)lica,10.692043,45.439424,precise,station,"roman,late-antique,twentieth-ce",pleiades_transport,0.055
383578,Augusta Bagiennorum,7.85034051918,44.5566760869,precise,settlement,"hellenistic-republican,roman,late-antique",pleiades_settlement,7.2
383579,Augusta Praetoria,7.3161705,45.737444,precise,settlement,"roman,late-antique,modern",pleiades_settlement,0.055
383580,Augusta Taurinorum,7.685998,45.0717795,precise,settlement,"roman,late-antique,modern",pleiades_settlement,0.055
383584,Bedriacum,10.442348,45.129535,precise,settlement,"roman,late-antique,twentieth-ce,twenty-first-ce",pleiades_settlement,0.055
383588,Beneventum,10.727138,45.43771,precise,station,"roman,late-antique",pleiades_transport,0.055
383589,Bergomum,9.669949,45.694909,precise,settlement,"classical,hellenistic-republican,roman,late-antique",pleiades_settlement,17.6
383594,Bobium,9.3862814,44.769273,precise,"settlement, settlement-modern","late-antique,modern",pleiades_settlement,0.0
383595,Bodetia,9.656845,44.242543,precise,station,"roman,late-antique",pleiades_transport,0.055
383601,Bretina,10.872761,45.643262,precise,settlement,"roman,late-antique,twentieth-ce",pleiades_settlement,0.055
383602,Brixellum,10.515757,44.9011102,precise,"settlement, settlement-modern","roman,late-antique,modern",pleiades_settlement,0.055
383603,Brixia,10.223135,45.539773,precise,settlement,"classical,hellenistic-republican,roman,late-antique,modern",pleiades_settlement,17.6
383605,[Bugella],8.058255,45.562812,precise,settlement,late-antique,pleiades_settlement,0.0
383609,Canalicum,8.277543,44.397501,precise,station,"roman,late-antique",pleiades_transport,0.055
383610,Carbantia/Ad Medias,8.479819,45.18293,precise,station,"roman,late-antique",pleiades_transport,0.055
383611,Carreum Potentia,7.822544,45.011441,precise,settlement,"hellenistic-republican,roman,late-antique,twentieth-ce,twenty-first-ce",pleiades_settlement,7.2
383612,Castelletto Ticino,8.63684,45.718711,precise,settlement,"archaic,classical,twentieth-ce",pleiades_settlement,8.15
383616,Cest(a)e,8.151744,45.189906,precise,station,"roman,late-antique",pleiades_transport,0.055
383617,*Civitas Camunnorum,10.278604,45.94345,precise,settlement,"roman,late-antique,twentieth-ce",pleiades_settlement,0.055
383618,Clastidium,9.123457,45.011113,precise,settlement,"hellenistic-republican,roman,late-antique",pleiades_settlement,7.2
383621,Coeba,8.034988,44.387325,precise,settlement,"roman,late-antique",pleiades_settlement,0.055
383626,‘Comeli magus’,9.224705,45.043908,precise,station,"roman,late-antique,twentieth-ce",pleiades_transport,0.055
383627,Comum,9.085784,45.81192,precise,settlement,"archaic,classical,hellenistic-republican,roman,late-antique,modern",pleiades_settlement,25.75
383628,Cremona,10.026149,45.133639,precise,settlement,"roman,late-antique",pleiades_settlement,0.055
383629,Crixia,8.309042,44.48594,precise,station,"roman,late-antique",pleiades_transport,0.055
383630,Cuttiae,8.61234,45.193215,precise,station,"roman,late-antique,twentieth-ce",pleiades_transport,0.055
383632,‘Delphinis’,9.156049,44.348809,precise,station,"roman,late-antique,twentieth-ce",pleiades_transport,0.055
383633,Dertona,8.865452,44.897171,precise,settlement,"classical,hellenistic-republican,roman,late-antique,modern",pleiades_settlement,17.6
383634,Desenzano,10.5382608,45.472984,precise,villa,"roman,late-antique,twentieth-ce,twenty-first-ce",pleiades_production,0.055
383637,Durriae,8.954,45.157083,precise,station,"roman,late-antique",pleiades_transport,0.055
383642,Eporedia,7.875942,45.466604,precise,settlement,"roman,late-antique,modern",pleiades_settlement,0.055
383648,Fidentia,10.061732,44.865109,precise,settlement,"roman,late-antique,modern",pleiades_settlement,0.055
383649,Florenti(ol)a,9.910786,44.927187,precise,station,"roman,late-antique",pleiades_transport,0.055
383650,Forum Clodi?,10.286228,44.193657,precise,settlement,"roman,late-antique",pleiades_settlement,0.055
383651,Forum Fulvii Valentinum,8.644186,45.012274,precise,settlement,"roman,late-antique,modern",pleiades_settlement,0.055
383653,*Forum Germanici,7.475266,44.518081,precise,settlement,"roman,late-antique",pleiades_settlement,0.055
383655,*Forum Novum,9.679688,45.498815,precise,settlement,"roman,late-antique",pleiades_settlement,0.055
383656,Forum Novum,10.097415,44.691301,precise,settlement,"roman,late-antique,twentieth-ce",pleiades_settlement,0.055
383657,Forum Vibii,7.374977,44.785652,precise,settlement,"hellenistic-republican,roman,late-antique",pleiades_settlement,7.2
383659,Fundus Ancharianus,9.614589,44.923934,precise,villa,roman,pleiades_production,0.102
383664,Genua,8.93155,44.4062315,precise,"settlement, port","archaic,classical,hellenistic-republican,roman,late-antique,mediaeval-byzantine,sixteenth-ce,modern",pleiades_settlement;pleiades_transport,25.75
383666,Grebia,10.354428,46.0695155,precise,settlement,"roman,late-antique",pleiades_settlement,0.055
383669,Hasta,8.206756,44.900895,precise,settlement,"roman,late-antique,modern",pleiades_settlement,0.055
383670,Hasta,8.747845,44.430661,precise,station,"roman,late-antique,twentieth-ce",pleiades_transport,0.055
383675,In Alpe Pennino,9.5697383,44.2494805,precise,"station, pass","late-antique,twentieth-ce,twenty-first-ce",pleiades_transport,0.0
383677,Industria/Bodincomagum?,8.01877822494,45.1590585267,precise,"settlement, archaeological-site, theatre, temple-2","hellenistic-republican,roman,late-antique",pleiades_settlement,7.2
383680,Iria/Forum Iulii Iriensium,9.00968,44.992219,precise,settlement,"roman,late-antique",pleiades_settlement,0.055
383685,Lambrum,9.52751,45.158683,precise,station,"roman,late-antique",pleiades_transport,0.055
383691,Laus Pompeia,9.418776,45.303456,precise,settlement,"hellenistic-republican,roman,late-antique,twentieth-ce,twenty-first-ce",pleiades_settlement,7.2
383693,Leucerae,9.390035,45.852986,precise,settlement,"roman,late-antique",pleiades_settlement,0.055
383694,Libarna,8.8610596,44.7148917,precise,settlement,"classical,hellenistic-republican,roman,late-antique",pleiades_settlement,17.6
383696,Licini Forum?,9.223955,45.812228,precise,settlement,"roman,late-antique",pleiades_settlement,0.055
383700,Litubium,9.037371,44.950485,precise,settlement,hellenistic-republican,pleiades_settlement,4.0
383704,Mantua,10.7976015,45.160646,precise,settlement,"classical,hellenistic-republican,roman,late-antique,modern",pleiades_settlement,17.6
383706,Mediolan(i)um,9.18806,45.463746,precise,"settlement, urban","classical,hellenistic-republican,roman,late-antique,sixteenth-ce,modern",pleiades_settlement,17.6
383710,*Minervium,10.141892,45.355168,precise,settlement,"roman,late-antique",pleiades_settlement,0.055
383711,Modicia,9.273926,45.5839066667,precise,settlement,"roman,late-antique",pleiades_settlement,0.055
383712,Monte Barro,9.36685208576,45.8320800419,precise,"architecturalcomplex, villa, archaeological-site","roman-early-empire-late-antique,late-antique,twentieth-ce",pleiades_production,0.027
383715,Mutina,10.925223,44.647057,precise,settlement,"roman,late-antique,modern",pleiades_settlement,0.055
383717,Novaria,8.618661,45.445082,precise,settlement,"roman,late-antique,modern",pleiades_settlement,0.055
383720,Ocelum,7.344923,45.116103,precise,station,"roman,late-antique",pleiades_transport,0.055
383730,Pagus Arusnatium,10.9199075946,45.5669146473,precise,"region, pagus, label",roman,pleiades_settlement,0.102
383732,Pagus *Fortunensis,9.47862532897,45.6850374541,precise,"pagus, label",roman,pleiades_settlement,0.102
383735,Palazzo Pignano,9.5739118,45.3924289,precise,villa,late-antique,pleiades_production,0.0
383737,Parma,10.327967,44.801507,precise,settlement,"roman,late-antique,modern",pleiades_settlement,0.055
383739,Parra,9.887912,45.872575,precise,settlement,"archaic,classical,hellenistic-republican,roman,late-antique",pleiades_settlement,25.75
383740,Pedo(na),7.468615,44.335303,precise,settlement,"roman,late-antique",pleiades_settlement,0.055
383741,Placentia,9.6976645,45.0525855,precise,settlement,"roman,late-antique,twentieth-ce,twenty-first-ce",pleiades_settlement,0.055
383742,Plinio,9.311135,46.089624,precise,villa,"roman,late-antique",pleiades_production,0.055
383743,Plumbia,8.633496,45.652008,precise,settlement,"roman,late-antique",pleiades_settlement,0.055
383744,Poggio di Gaggiola,10.933886,44.198002,precise,settlement,"archaic,classical",pleiades_settlement,8.15
383745,Pollentia,7.895976,44.686768,precise,settlement,"roman,late-antique",pleiades_settlement,0.055
383747,Pons Aureoli,9.542833,45.576747,precise,station,"roman,late-antique",pleiades_transport,0.055
383748,Pons *Seciae,10.781256,44.65373,precise,station,"roman,late-antique",pleiades_transport,0.055
383750,Portus Delphini,9.207761,44.303972,precise,station,"roman,late-antique",pleiades_transport,0.055
383753,Quadrata,7.969391,45.191112,precise,station,"roman,late-antique",pleiades_transport,0.055
383755,Regium Lepidum,10.630721,44.698137,precise,"settlement, amphitheatre","roman,late-antique,twentieth-ce,twenty-first-ce",pleiades_settlement,0.055
383756,Retovium,8.592305,45.291593,precise,settlement,"roman,late-antique",pleiades_settlement,0.055
383758,Ricina,9.143844,44.361906,precise,"station, settlement-modern","late-antique,modern",pleiades_transport,0.0
383759,Rigomagus,8.297388,45.193171,precise,station,"roman,late-antique,twentieth-ce",pleiades_transport,0.055
383761,Rubra,9.960918,44.234849,precise,station,late-antique,pleiades_transport,0.0
383765,Saltus Berusetis,9.989987,44.510579,precise,villa,roman,pleiades_production,0.102
383766,Saltus Bitunia(e),9.633909,44.501886,precise,villa,roman,pleiades_production,0.102
383770,Savo/Vicus Virginis?,8.477232,44.311085,precise,"settlement, port","hellenistic-republican,roman,late-antique",pleiades_settlement;pleiades_transport,7.2
383773,Sebuinus Vicus,8.571296,45.774415,precise,settlement,"roman,late-antique",pleiades_settlement,0.055
383775,Segesta Tigulliorum,9.396776,44.273159,precise,settlement,"roman,late-antique,twentieth-ce",pleiades_settlement,0.055
383780,Sibrium,8.85905960289,45.7288210139,precise,"settlement, fort","roman,late-antique,mediaeval-byzantine",pleiades_settlement,0.055
383781,Sirmio,10.60805,45.492485,precise,settlement,"roman,late-antique,modern",pleiades_settlement,0.055
383791,Tannetum,10.455169,44.771748,precise,settlement,"roman,late-antique",pleiades_settlement,0.055
383795,Tegulata,9.343302,44.308919,precise,station,"roman,late-antique",pleiades_transport,0.055
383796,Tellegate,9.852833,45.629884,precise,station,"roman,late-antique",pleiades_transport,0.055
383797,Tetellus,10.080814,45.554987,precise,station,"roman,late-antique",pleiades_transport,0.055
383798,Ticinum,9.156562,45.185899,precise,settlement,"roman,late-antique,modern",pleiades_settlement,0.055
383803,Tres Tabernae,9.459543,45.264219,precise,station,"roman,late-antique",pleiades_transport,0.055
383804,Trident(i)um,11.119135,46.0667685,precise,settlement,"hellenistic-republican,roman,late-antique,twentieth-ce",pleiades_settlement,7.2
383808,Vada Sabatia,8.435757,44.269359,precise,settlement,"roman,late-antique,twenty-first-ce",pleiades_settlement,0.055
383809,Vardagate,8.444375,45.08329,precise,settlement,"roman,late-antique,twentieth-ce",pleiades_settlement,0.055
383811,Veleia,9.72159425,44.78529,precise,settlement,"hellenistic-republican,roman,roman-early-empire-late-antique,late-antique",pleiades_settlement,7.2
383813,Vennum,10.8233628,45.5476339,precise,"station, settlement-modern","roman,late-antique,twenty-first-ce",pleiades_transport,0.055
383815,Vercellae,8.426374,45.321094,precise,settlement,"classical,hellenistic-republican,roman,late-antique,modern",pleiades_settlement,17.6
383818,Vettianus Fundus,11.000669,46.080018,precise,villa,"roman,late-antique",pleiades_production,0.055
383820,Victoriolae,10.999738,44.623851,precise,station,late-antique,pleiades_transport,0.0
383821,Victumulae,7.999899,45.505531,precise,mine-2,"hellenistic-republican,roman,late-antique,twentieth-ce",pleiades_production,7.2
383822,Vicus Baginas,7.880721,44.448981,precise,settlement,"roman,late-antique,twentieth-ce",pleiades_settlement,0.055
383824,Vitricium,7.690596,45.668586,precise,station,"roman,late-antique",pleiades_transport,0.055
383827,Voberna,10.50093,45.64235,precise,settlement,"roman,late-antique",pleiades_settlement,0.055
383829,[Vulturina],10.34765,45.014349,precise,settlement,late-antique,pleiades_settlement,0.0
385053,Unnamed bridge at Lévérogne,7.2074956,45.7024174,precise,"bridge, settlement-modern","roman,late-antique,modern",pleiades_transport,0.055
385054,Roman Bridge of Châtillon,7.6108771,45.7480008,precise,bridge,"roman,late-antique,modern",pleiades_transport,0.055
385055,Unnamed bridge at Vitricium,7.75,45.75,rough,bridge,"roman,late-antique",pleiades_transport,0.055
385056,Pont-Saint-Martin (bridge),7.80009985,45.5992967,precise,bridge,"roman,late-antique",pleiades_transport,0.055
385057,Unnamed bridge at Bard,7.744271,45.61178815,precise,bridge,"roman,late-antique,mediaeval-byzantine",pleiades_transport,0.055
385058,Unnamed bridge,8.833833,44.757596,precise,bridge,"roman,late-antique",pleiades_transport,0.055
385059,Untitled,9.25,45.75,rough,bridge,"roman,late-antique",pleiades_transport,0.055
385060,Untitled,9.25,45.75,rough,bridge,"roman,late-antique",pleiades_transport,0.055
385062,Untitled,9.25,45.25,rough,bridge,"roman,late-antique",pleiades_transport,0.055
385063,Untitled,8.998533,44.999293,precise,bridge,"roman,late-antique",pleiades_transport,0.055
385064,Untitled,9.75,45.75,rough,bridge,"roman,late-antique",pleiades_transport,0.055
385065,Unnamed bridge,9.767245,45.009302,precise,bridge,"roman,late-antique",pleiades_transport,0.055
385066,Untitled,10.25,44.75,rough,bridge,"roman,late-antique",pleiades_transport,0.055
385067,Enza Roman Bridge,10.42671335,44.7699767,precise,bridge,"roman,late-antique,twenty-first-ce",pleiades_transport,0.055
385807,Untitled,7.25,44.75,rough,centuriation,"roman,late-antique",pleiades_production,0.055
385808,Untitled,7.75,45.25,rough,centuriation,"roman,late-antique",pleiades_production,0.055
385809,Untitled,7.75,45.25,rough,centuriation,"roman,late-antique",pleiades_production,0.055
385810,Untitled,7.75,45.25,rough,centuriation,"roman,late-antique",pleiades_production,0.055
385811,Untitled,7.75,45.25,rough,centuriation,"roman,late-antique",pleiades_production,0.055
385812,Untitled,7.75,45.25,rough,centuriation,"roman,late-antique",pleiades_production,0.055
385814,Untitled,7.75,44.75,rough,centuriation,"roman,late-antique",pleiades_production,0.055
385815,Untitled,7.75,44.75,rough,centuriation,"roman,late-antique",pleiades_production,0.055
385816,Untitled,7.75,44.25,rough,centuriation,"roman,late-antique",pleiades_production,0.055
385818,Untitled,8.75,45.75,rough,centuriation,"roman,late-antique",pleiades_production,0.055
385819,Untitled,8.75,45.25,rough,centuriation,"roman,late-antique",pleiades_production,0.055
385822,Untitled,8.75,44.75,rough,centuriation,"roman,late-antique",pleiades_production,0.055
385823,Untitled,9.25,45.75,rough,centuriation,"roman,late-antique",pleiades_production,0.055
385824,Untitled,9.25,45.75,rough,centuriation,"roman,late-antique",pleiades_production,0.055
385825,Untitled,9.25,45.25,rough,centuriation,"roman,late-antique",pleiades_production,0.055
385826,Untitled,9.25,45.25,rough,centuriation,"roman,late-antique",pleiades_production,0.055
385827,Untitled,9.25,45.25,rough,centuriation,"roman,late-antique",pleiades_production,0.055
385828,Untitled,9.25,45.25,rough,centuriation,"roman,late-antique",pleiades_production,0.055
385829,Unnamed centuriation (Placentia),9.25,45.25,rough,centuriation,"roman,late-antique",pleiades_production,0.055
385830,Untitled,9.25,45.25,rough,centuriation,"roman,late-antique",pleiades_production,0.055
385831,Untitled,9.25,45.25,rough,centuriation,"roman,late-antique",pleiades_production,0.055
385832,Untitled,9.75,45.75,rough,centuriation,"roman,late-antique",pleiades_production,0.055
385833,Untitled,9.75,45.75,rough,centuriation,"roman,late-antique",pleiades_production,0.055
385834,Untitled,9.75,45.75,rough,centuriation,"roman,late-antique",pleiades_production,0.055
385835,Untitled,9.75,45.25,rough,centuriation,"roman,late-antique",pleiades_production,0.055
385836,Untitled,9.75,45.25,rough,centuriation,"roman,late-antique",pleiades_production,0.055
385837,Untitled,9.75,45.25,rough,centuriation,"roman,late-antique",pleiades_production,0.055
385838,Untitled,10.25,45.25,rough,centuriation,"roman,late-antique",pleiades_production,0.055
385839,Untitled,10.25,44.75,rough,centuriation,"roman,late-antique",pleiades_production,0.055
385840,Untitled,10.25,44.75,rough,centuriation,"roman,late-antique",pleiades_production,0.055
385841,Untitled,10.75,45.75,rough,centuriation,"roman,late-antique",pleiades_production,0.055
385843,Unnamed centuriation (Regium Lepidum),10.75,44.75,rough,centuriation,"roman,late-antique",pleiades_production,0.055
387319,Carystum,8.25,44.75,rough,"unlocated, settlement",hellenistic-republican,pleiades_settlement,4.0
393357,Acelum,11.912808,45.793247,precise,settlement,"roman,late-antique,twentieth-ce",pleiades_settlement,0.055
393358,Ad IX,12.266922,45.495449,precise,station,"roman,late-antique,twentieth-ce",pleiades_transport,0.055
393359,Ad XII/Meduacus Maior,12.102889,45.413458,precise,station,"roman,late-antique,twentieth-ce,twenty-first-ce",pleiades_transport,0.055
393360,Ad Cerasias,12.0028335,45.8935235,precise,station,"roman,late-antique",pleiades_transport,0.055
393361,Ad Finem,11.720524,45.461781,precise,station,"roman,late-antique,twentieth-ce",pleiades_transport,0.055
393362,Ad Idicem,11.430301,44.45827,precise,station,"roman,late-antique",pleiades_transport,0.055
393363,Ad Medias,11.25,44.75,rough,station,"roman,late-antique",pleiades_transport,0.055
393365,Ad Palatium,11.000245,45.757783,precise,station,"roman,late-antique,twentieth-ce",pleiades_transport,0.055
393366,Ad Portum,12.14042,45.420331,precise,station,"roman,late-antique",pleiades_transport,0.055
393368,Ad Rubiconem,12.41986,44.154621,precise,station,"roman,late-antique",pleiades_transport,0.055
393369,Ad Sanos,12.675577,45.714942,precise,station,"roman,late-antique",pleiades_transport,0.055
393370,Ad Silarum,11.57935,44.400126,precise,station,"roman,late-antique",pleiades_transport,0.055
393371,Ad Sinnium,11.7992579,44.3204868,precise,"station, settlement-modern","roman,late-antique,twenty-first-ce",pleiades_transport,0.055
393374,Altinum,12.3996813934,45.5462731208,precise,"settlement, road","classical,hellenistic-republican,roman,late-antique,twentieth-ce,twenty-first-ce",pleiades_settlement;pleiades_transport,17.6
393379,Ariminum,12.5631945,44.0589565,precise,settlement,"classical,hellenistic-republican,roman,late-antique,twentieth-ce,twenty-first-ce",pleiades_settlement,17.6
393382,Ateste,11.656616,45.227738,precise,"settlement, archaeological-site","archaic,classical,hellenistic-republican,roman,late-antique,twentieth-ce,twenty-first-ce",pleiades_settlement,25.75
393386,Augusta,12.1026112,44.5531287,precise,"station, settlement-modern","roman,late-antique,twenty-first-ce",pleiades_transport,0.055
393387,Auraei,11.384537,45.4574885,precise,station,"archaic,classical,hellenistic-republican,roman,late-antique,twentieth-ce",pleiades_transport,25.75
393393,Brundulum,12.2842163,45.1948519,precise,"settlement, settlement-modern","roman,late-antique,twentieth-ce,twenty-first-ce",pleiades_settlement,0.055
393394,Butrium,12.154815,44.543056,precise,station,"hellenistic-republican,roman,late-antique",pleiades_transport,7.2
393396,Cadianum,11.1784345,45.415334,precise,station,"roman,late-antique,twentieth-ce",pleiades_transport,0.055
393397,Caesena,12.2418006115,44.1351069024,precise,settlement,"classical,hellenistic-roman-early-empire,roman,late-antique,twentieth-ce,twenty-first-ce",pleiades_settlement,17.6
393400,Castello del Tartaro,10.991749,45.438347,precise,settlement,"archaic,twentieth-ce",pleiades_settlement,2.25
393401,Castellum,11.6128962,44.0757376,precise,"station, settlement-modern","roman,late-antique,twenty-first-ce",pleiades_transport,0.055
393402,[Castrum Cumiacli],12.17416,44.697767,precise,settlement,"late-antique,twentieth-ce,twenty-first-ce",pleiades_settlement,0.0
393403,[Castrum Volaenes],11.063331,45.918526,precise,settlement,late-antique,pleiades_settlement,0.0
393404,Classis,12.2190726913,44.3953242972,precise,"settlement, port","roman,roman-early-empire-late-antique,late-antique,modern",pleiades_settlement;pleiades_transport,0.055
393405,Claterna,11.5045531003,44.4344526511,precise,"settlement, archaeological-site, theatre","roman,late-antique,twentieth-ce",pleiades_settlement,0.055
393407,Colicaria,10.997984,44.891684,precise,station,"roman,late-antique,twentieth-ce",pleiades_transport,0.055
393408,Compitum ad Confluentes,12.39517,44.089401,precise,station,"roman,late-antique,twentieth-ce",pleiades_transport,0.055
393409,Corniculani,12.131134,44.824027,precise,station,"roman,late-antique",pleiades_transport,0.055
393412,*Duplavilis,11.995435,45.90129,precise,settlement,late-antique,pleiades_settlement,0.0
393414,[Equilum],12.6385134743,45.5428439341,precise,settlement,"roman,roman-early-empire-late-antique,late-antique,twentieth-ce",pleiades_settlement,0.055
393419,Fabbrica dei Soci,11.352543,45.158508,precise,settlement,"archaic,twentieth-ce",pleiades_settlement,2.25
393420,Faventia,11.883507,44.286236,precise,settlement,"roman,late-antique,modern",pleiades_settlement,0.055
393421,Felsina/Bononia,11.3455467,44.4945737,precise,settlement,"archaic,classical,hellenistic-republican,roman,late-antique,modern",pleiades_settlement,25.75
393422,[Feraria],11.620477,44.837952,precise,settlement,"late-antique,twentieth-ce,twenty-first-ce",pleiades_settlement,0.0
393423,Fondo Paviani,11.307631,45.190712,precise,settlement,"archaic,twentieth-ce",pleiades_settlement,2.25
393424,Forum Cornelii,11.707535,44.353995,precise,settlement,"roman,late-antique,modern",pleiades_settlement,0.055
393425,Forum Gallorum,11.053156,44.596736,precise,settlement,"roman,late-antique",pleiades_settlement,0.055
393426,Forum Livii,12.042702,44.221277,precise,settlement,"roman,late-antique,modern",pleiades_settlement,0.055
393427,Forum Popilii,12.12589355,44.18823405,precise,"settlement, settlement-modern","roman,late-antique,modern,twentieth-ce,twenty-first-ce",pleiades_settlement,0.055
393429,Fossis,12.189555,45.062499,precise,station,"roman,late-antique,twentieth-ce",pleiades_transport,0.055
393431,Frattesina,11.652628,45.0251,precise,settlement,"2nd-millenium-bce,archaic,twentieth-ce,twenty-first-ce",pleiades_settlement,2.25
393434,*Hadriani,12.176693,44.9463899,precise,"station, settlement-modern","archaic,classical,roman,late-antique,twenty-first-ce",pleiades_transport,8.205
393436,(H)Atria,12.056195,45.0577,precise,settlement,"archaic,classical,hellenistic-republican,roman,late-antique",pleiades_settlement,25.75
393437,[(H)Eraclia],12.657285,45.6377475,precise,settlement,late-antique,pleiades_settlement,0.0
393438,Hostilia,11.137868,45.070242,precise,station,"roman,late-antique,twentieth-ce",pleiades_transport,0.055
393441,Iulia Concordia,12.8427680218,45.7582850005,precise,"settlement, archaeological-site","archaic,classical,hellenistic-republican,roman,late-antique,twenty-first-ce",pleiades_settlement,25.75
393443,Ligeris,11.031731,45.917205,precise,settlement,late-antique,pleiades_settlement,0.0
393448,Kainua,11.2028415955,44.3352657904,precise,"settlement, archaeological-site","1st-millennium-bce,archaic,classical,hellenistic-republican,roman,modern",pleiades_settlement,18.164
393451,Meduacus Minor,12.1265309,45.3298779,precise,"station, settlement-modern","roman,late-antique,twenty-first-ce",pleiades_transport,0.055
393454,Mons Silicis,11.750443,45.239638,precise,settlement,"roman,late-antique",pleiades_settlement,0.055
393455,Montagnana,11.467218,45.233609,precise,station,"archaic,classical,hellenistic-republican,roman,late-antique,twentieth-ce",pleiades_transport,25.75
393457,*Neronia,12.1311662,44.7662851,precise,"station, settlement-modern","roman,late-antique,twenty-first-ce",pleiades_transport,0.055
393459,Opitergium,12.493677,45.781212,precise,settlement,"archaic,classical,hellenistic-republican,roman,late-antique,modern",pleiades_settlement,25.75
393471,Pagus Disaenius,11.75,45.25,rough,"pagus, label","roman,twentieth-ce,twenty-first-ce",pleiades_settlement,0.102
393473,Patavium,11.876975,45.409561,precise,settlement,"archaic,classical,hellenistic-republican,roman,late-antique,modern",pleiades_settlement,25.75
393476,Portus Edronis,12.07577,45.273511,precise,"station, settlement-modern","roman,late-antique,twentieth-ce,twenty-first-ce",pleiades_transport,0.055
393477,Portus Liquentiae,12.81516,45.592053,precise,"settlement, port","roman,late-antique",pleiades_settlement;pleiades_transport,0.055
393478,Portus Reatinus,12.909068,45.617971,precise,settlement,"roman,late-antique,twentieth-ce",pleiades_settlement,0.055
393480,Ravenna,12.196604,44.415718,precise,settlement,"classical,hellenistic-republican,roman,late-antique",pleiades_settlement,17.6
393485,Russi Roman Villa,12.0316726854,44.3818706766,precise,villa,"roman,roman-early-empire-late-antique,late-antique,twentieth-ce,twenty-first-ce",pleiades_production,0.055
393487,Sabis,12.257789,44.261368,precise,station,"roman,late-antique",pleiades_transport,0.055
393488,Sacis ad Padum,12.0939,44.705544,precise,station,"roman,late-antique",pleiades_transport,0.055
393491,Sarnis,11.014154,45.811804,precise,station,"roman,late-antique,twentieth-ce,twenty-first-ce",pleiades_transport,0.055
393493,Septem Maria (Station),12.227829,45.024199,precise,station,"roman,late-antique",pleiades_transport,0.055
393498,Spina,12.0930800829,44.6934447879,precise,"settlement, port, archaeological-site","archaic,classical,hellenistic-republican,roman",pleiades_settlement;pleiades_transport,25.695
393503,Tarvisium,12.242061,45.666251,precise,settlement,"hellenistic-republican,roman,late-antique,modern",pleiades_settlement,7.2
393506,[Torcellum],12.417709,45.496601,precise,settlement,late-antique,pleiades_settlement,0.0
393513,Vicetia,11.540277,45.545773,precise,"settlement, theatre","archaic,classical,hellenistic-republican,roman,late-antique,modern",pleiades_settlement,25.75
393514,[Vicus Aventia],11.756131,44.753293,precise,settlement,"roman,late-antique,twentieth-ce",pleiades_settlement,0.055
393515,Vicus Serninus,11.15096,44.721559,precise,station,"roman,late-antique,twentieth-ce",pleiades_transport,0.055
393516,Vicus Varianus,11.495837,44.841111,precise,station,"roman,late-antique,twentieth-ce",pleiades_transport,0.055
93478894,Ponte Brabaciera,9.1390874,39.7385368,precise,bridge,"roman-early-empire-late-antique,twenty-first-ce",pleiades_transport,0.052
229277207,Civitas Leonina,12.4495142421,41.90346846,precise,"urban, city-wall, settlement",mediaeval-byzantine,pleiades_settlement,0.0
204528069,Centocamere at Lokroi Epizephyrioi,16.2368113,38.2081075,precise,"townhouse, settlement",hellenistic-republican,pleiades_settlement,4.0
689046103,Roiate,13.067291,41.872322,precise,"settlement, settlement-modern",modern,pleiades_settlement,0.0
785990531,Villa di Capitone,12.791411,41.9487626,precise,"ruin, villa",hellenistic-republican,pleiades_production,4.0
303732808,Monteriggioni,11.2230684,43.3901051,precise,"settlement, settlement-modern","mediaeval-byzantine,modern",pleiades_settlement,0.0
288445158,Nazzano Romano,12.5976389,42.229257,precise,"settlement, settlement-modern",modern,pleiades_settlement,0.0
755104812,Villa Romana di Collesecco,12.6776902628,42.4003847684,precise,villa,"roman,late-antique,twenty-first-ce",pleiades_production,0.055
24736652,Poggio del Molino,10.4896134,42.9858967,precise,villa,roman-early-empire-late-antique,pleiades_production,0.052
317667991,Ponte Valentino,14.8301547753,41.1455334247,precise,bridge,late-antique,pleiades_transport,0.0
729310594,Su Carroppu,8.5588487,39.2068994,precise,settlement,4th-millenium-bce,pleiades_settlement,0.0
839282561,Villa Commedia,9.30152185,45.96256775,precise,villa,"roman,twenty-first-ce",pleiades_production,0.102
434674445,Ulrichsberg,14.2974686474,46.7021088972,precise,settlement,roman-early-empire-late-antique,pleiades_settlement,0.052
687957706,Castellaccio di Capo Ripa,12.1776114,42.2564918,precise,"settlement, settlement-modern",twenty-first-ce,pleiades_settlement,0.0
171953680,Villa of Agrippa,10.0933700968,42.5931001746,precise,"villa, bath",roman,pleiades_production,0.102
576118704,Villa di Casale Ghella,12.4347970386,41.9756464718,precise,"villa, cistern","roman,late-antique,twentieth-ce,twenty-first-ce",pleiades_production,0.055
214128051,Ponte Scotonico,13.0099219,42.02400365,precise,bridge,"hellenistic-republican,roman",pleiades_transport,7.145
818739154,Venice,12.3361849867,45.4419791663,precise,"settlement, port, settlement-modern","mediaeval-byzantine,modern,twenty-first-ce",pleiades_settlement;pleiades_transport,0.0
601235773,Tas-Silġ,14.5536321803,35.8439940769,precise,"sanctuary, findspot, settlement, archaeological-site","neolithic-eastern-med,bronze-age-malta,archaic,seventh-bce,classical,hellenistic-republican,first-bce,roman,late-antique,modern",pleiades_settlement,28.0
967100965,Ponte d'Augusto,12.5638073,44.06364065,precise,bridge,"roman,modern",pleiades_transport,0.102
856037447,Canopus at Hadrian's Villa,12.7761614115,41.9381523305,precise,"garden-hortus, canal, architecturalcomplex",roman,pleiades_transport,0.102
815871562,Le Spugne di Nocera Umbra,12.7805193429,43.1043724181,precise,road,roman,pleiades_transport,0.102
943722594,Formello villa and mausoleum,12.0081616382,42.2523039753,precise,"tomb, villa, cistern",roman,pleiades_production,0.102
104638958,Cantiano,12.6288151,43.4743093,precise,"settlement, settlement-modern",modern,pleiades_settlement,0.0
104638959,Bibbiena,11.817341,43.6955475,precise,"settlement, settlement-modern",modern,pleiades_settlement,0.0
881305239,Civita Giuliana,14.483086,40.759386,precise,villa,"twentieth-ce,twenty-first-ce",pleiades_production,0.0
362684055,Arienzo,14.4970522,41.0242566,precise,"villa, settlement-modern",modern,pleiades_production,0.0
588990228,Ponte di Annibale - Sant'Angelo,16.2745670504,39.1329317508,precise,bridge,roman,pleiades_transport,0.102
68481414,Pons Fabricius,12.4782358548,41.8910799156,precise,bridge,"hellenistic-republican,roman,late-antique,modern,twenty-first-ce",pleiades_transport,7.2
240096674,Archaeological area of Macchia Grande,12.4058783143,42.0179394977,precise,settlement,"archaic,classical,hellenistic-republican,roman,late-antique,twenty-first-ce",pleiades_settlement,25.75
640346165,Avezzano Roman villa,13.4065430432,42.0463143172,precise,villa,roman,pleiades_production,0.102
244583542,Ponte Apollosa,14.7129451,41.0750945,precise,bridge,roman,pleiades_transport,0.102
244583543,Ponte delle Serretelle,14.7493297375,41.1237406663,precise,"bridge, archaeological-site","roman,twenty-first-ce",pleiades_transport,0.102
716857195,Villa of Caesar and Maxentius at San Cesareo,12.7945254579,41.8225042513,precise,villa,"roman,late-antique,twenty-first-ce",pleiades_production,0.055
1628988,Pietra Dell’Oglio (bridge),15.5630563182,40.9652437943,precise,bridge,"hellenistic-republican,roman,late-antique,mediaeval-byzantine,fourteenth-ce,fifteenth-ce,seventeenth-ce,modern",pleiades_transport,7.2
346004677,Casale di Madonna del Piano,13.4009962879,41.5170284311,precise,"archaeological-site, villa",roman,pleiades_production,0.102
603636200,Casa del Diavolo,15.7493479,41.0577579,precise,villa,roman,pleiades_production,0.102
573036190,Amiternum (Samnium),13.866147,41.539107,precise,"settlement, settlement-modern","hellenistic-republican,roman,modern",pleiades_settlement,7.145
395241613,Cardo Maximus,14.6189688,41.4349536,precise,road,"hellenistic-republican,roman",pleiades_transport,7.145
850699463,Decumanus maximus of Carsulae,12.5577433,42.6399708,precise,road,roman,pleiades_transport,0.102
992988978,Vetricella,10.8170406914,42.9497407847,precise,settlement,mediaeval-byzantine,pleiades_settlement,0.0
786052704,Albinia Roman villa,11.2072722,42.4957253,precise,villa,roman,pleiades_production,0.102
446574720,"Ponte di Diocleziano, San Lazzaro di Fossombrone",12.7713803,43.6831366,precise,"bridge, settlement-modern","twentieth-ce,twenty-first-ce",pleiades_transport,0.0
789855016,Villa Romana ai Cavallacci,12.6543451,41.7216763,precise,villa,"late-antique,twentieth-ce,twenty-first-ce",pleiades_production,0.0
972453396,Kupinovik Roman Villa,16.6144506,43.1771621,precise,"villa, archaeological-site",roman,pleiades_production,0.102
376634672,Ponte dell'Ospedalato,12.8976195,41.8341512,precise,bridge,roman-early-empire-late-antique,pleiades_transport,0.052
549181140,Villa Sora,14.3743361186,40.7783713287,precise,villa,"roman,twenty-first-ce",pleiades_production,0.102
511009249,Barcola,13.752,45.682,precise,villa,"roman,late-antique",pleiades_production,0.055
183817908,Unnamed bridge over the Simbruina Stagna (Anio flumen) at Villa Neronis,13.101729,41.922059,precise,bridge,"roman,late-antique",pleiades_transport,0.055
183817913,Iron mine near Djebel Taya,7.119469,36.521745,precise,mine-2,"hellenistic-republican,roman",pleiades_production,7.145
625626693,Adoni,9.1731198,39.785806,precise,"nuraghe, settlement",2nd-millenium-bce,pleiades_settlement,0.0
907518896,Unnamed Roman villa,12.1284675684,41.9268624087,precise,villa,roman,pleiades_production,0.102
1677899,Sa Mandra Manna,9.00841194761,40.7337957751,precise,settlement,"2nd-millenium-bce,twenty-first-ce",pleiades_settlement,0.0
832104039,Villa dell'Incastro,12.6651709,41.9707314,precise,villa,roman,pleiades_production,0.102
587180153,Mons Faliscorum,12.036944,42.540278,precise,settlement,"archaic,classical,hellenistic-republican,roman,twenty-first-ce",pleiades_settlement,25.695
144825573,"Villa di Tor Vergata, località Carcaricola",12.6204579,41.8605744,precise,"villa, settlement-modern",modern,pleiades_production,0.0
305770200,Montagna di Gildone,14.7592688,41.4943754,precise,"mountain, settlement",modern,pleiades_settlement,0.0
410058373,Qlejgħa tal-Baħrija,14.3348289618,35.8986088968,precise,"settlement, plateau","2nd-millenium-bce,tenth-bce,ninth-bce,eighth-bce,twenty-first-ce",pleiades_settlement,0.0
83003523,"House of the masks, Hadrumetum",10.6342196474,35.8282802134,precise,villa,roman,pleiades_production,0.102
69621014,Villa dei Quattro Venti,13.0920604,41.2323335,precise,villa,"roman,modern",pleiades_production,0.102
666067878,Villa di Faragola,15.5598272,41.2283725,precise,villa,"late-antique,mediaeval-byzantine,modern",pleiades_production,0.0
723135883,Dragoncello,12.3473293393,41.7842833561,precise,villa,roman,pleiades_production,0.102
142165735,Villa of Diomedes,14.4786786,40.75238945,precise,villa,"hellenistic-republican,roman,first-ce,modern",pleiades_production,7.2
492463658,Torvaianica,12.4737358597,41.6166674179,precise,villa,roman,pleiades_production,0.102
297866878,Via Ostiensis viaduct,12.3565359606,41.7820959854,precise,bridge,"hellenistic-republican,roman",pleiades_transport,7.145
305066,Civitas Nattabutum/Castellum Ro(...),7.260549,36.239408,precise,settlement,"roman,late-antique",pleiades_settlement,0.055
305069,Culucitanis?,7.252483,37.030021,precise,settlement,"hellenistic-republican,roman,late-antique",pleiades_settlement,7.2
305071,Djebel Felfela,7.142645,36.89839,precise,quarry,"hellenistic-republican,roman",pleiades_production,7.145
305072,Djebel Taya,7.082773,36.507494,precise,"mine-2, monument","hellenistic-republican,roman",pleiades_production,7.145
305082,Gadiaufala,7.258862,36.081671,precise,settlement,"hellenistic-republican,roman,late-antique,twentieth-ce",pleiades_settlement,7.2
305089,Hippo? Akra,7.7835559,36.967081,precise,"cape, lighthouse","hellenistic-republican,roman,late-antique,modern,twenty-first-ce",pleiades_transport,7.2
305090,Hippo Regius,7.75014588123,36.882539297,precise,"settlement, port, archaeological-site","hellenistic-republican,roman,late-antique,twentieth-ce,twenty-first-ce",pleiades_settlement;pleiades_transport,7.2
305097,Jemmapes,7.107983,36.740541,precise,settlement,"roman,late-antique",pleiades_settlement,0.055
305117,Niniba,7.728403,36.471683,precise,station,"roman,late-antique",pleiades_transport,0.055
305128,Paratianis,7.156637,36.91671,precise,settlement,"roman,late-antique",pleiades_settlement,0.055
305137,Rusicade/Thapsus,6.9055805,36.8814425,precise,"settlement, port","hellenistic-republican,roman,late-antique",pleiades_settlement;pleiades_transport,7.2
305140,*Saddar,6.611396,36.253097,precise,settlement,"roman,late-antique",pleiades_settlement,0.055
305143,Saltus Bagatensis,6.83273,36.317545,precise,villa,"roman,late-antique",pleiades_production,0.055
305145,Saltus Poctanensis P(h)osphorianus,7.044814,36.402214,precise,villa,"roman,late-antique",pleiades_production,0.055
305150,Sigus,6.78528,36.122312,precise,settlement,"hellenistic-republican,roman,late-antique",pleiades_settlement,7.2
305151,*Sila,6.7256625,36.0831305,precise,settlement,"hellenistic-republican,roman,late-antique",pleiades_settlement,7.2
305158,Sulluctu?,7.33233,37.038565,precise,settlement,"hellenistic-republican,roman,late-antique",pleiades_settlement,7.2
305160,Tacatua,7.380568,37.065966,precise,settlement,"hellenistic-republican,roman,late-antique",pleiades_settlement,7.2
305161,Thabarbusis,7.240989,37.054332,precise,settlement,"roman,late-antique",pleiades_settlement,0.055
305165,Thibilis,7.250033,36.382567,precise,settlement,"roman,late-antique,twentieth-ce",pleiades_settlement,0.055
305166,Thubursicum Numidarum,7.65627473048,36.1910192093,precise,settlement,"hellenistic-republican,roman,late-antique",pleiades_settlement,7.2
305168,Tigisis,6.9426995,36.110666,precise,settlement,"roman,late-antique",pleiades_settlement,0.055
305185,*Vicus Phosphorianus,7.080887,36.137412,precise,villa,"roman,late-antique",pleiades_production,0.055
305187,Zacca,7.170556,37.079722,precise,settlement,"hellenistic-republican,roman,late-antique",pleiades_settlement,7.2
305188,Zattara,7.531821,36.328022,precise,settlement,"roman,late-antique,twentieth-ce",pleiades_settlement,0.055
306532,Unnamed bridge (south of Rusicade),6.86307701388,36.7377763052,precise,bridge,"roman,late-antique",pleiades_transport,0.055
306533,Unnamed bridge (south of Hippo Regius),7.72937894004,36.8127643432,precise,bridge,"roman,late-antique",pleiades_transport,0.055
306534,Unnamed bridge (north of Niniba),7.71402809666,36.5364964237,precise,bridge,"roman,late-antique",pleiades_transport,0.055
307288,Untitled,6.562665,36.85102,precise,quarry,"roman,late-antique",pleiades_production,0.055
307289,Unnamed iron mine,7.446431,36.886538,precise,mine-2,"roman,late-antique",pleiades_production,0.055
307290,Untitled,7.75,36.75,rough,quarry,roman,pleiades_production,0.102
307291,Untitled,7.75,36.25,rough,quarry,roman,pleiades_production,0.102
310320,Untitled,6.75,37.25,rough,settlement,"roman,late-antique",pleiades_settlement,0.055
310321,Untitled,6.816675,36.710567,precise,"settlement, unlabeled","roman,late-antique",pleiades_settlement,0.055
310322,Untitled,6.961221,36.032961,precise,"settlement, fort","roman,late-antique",pleiades_settlement,0.055
310323,Untitled,7.28009,36.986284,precise,"settlement, unlabeled","roman,late-antique",pleiades_settlement,0.055
310326,Untitled,7.989234,36.694974,precise,"settlement, unlabeled","roman,late-antique",pleiades_settlement,0.055
310327,Untitled,7.638,36.33523,precise,"settlement, mine-2","roman,late-antique",pleiades_settlement;pleiades_production,0.055
314837,(...)rdensium,8.141323,36.18549,precise,settlement,roman,pleiades_settlement,0.102
314838,(...)sinsensium,9.558067,36.220971,precise,settlement,"roman,late-antique",pleiades_settlement,0.055
314839,Abbi(…),9.57173,36.16242,precise,settlement,roman,pleiades_settlement,0.102
314840,Abbir Cella(e),9.844189,36.466607,precise,settlement,"hellenistic-republican,roman,late-antique,twentieth-ce",pleiades_settlement,7.2
314841,Abbir Maius,10.008826,36.374,precise,settlement,roman,pleiades_settlement,0.102
314842,Abitina(e),9.549085,36.627874,precise,settlement,"hellenistic-republican,roman,late-antique",pleiades_settlement,7.2
314843,Abthugni,10.031037,36.1865135,precise,settlement,"roman,late-antique",pleiades_settlement,0.055
314844,Ad Aquas,8.336988,36.525792,precise,"station, bath","roman,late-antique",pleiades_transport,0.055
314845,Ad Aquas,10.25,36.75,rough,settlement,"roman,modern",pleiades_settlement,0.102
314847,Ad Atticille?,10.700285,36.633001,precise,station,"roman,late-antique",pleiades_transport,0.055
314848,Ad Decimum,10.2094774626,36.7632902507,precise,station,"roman,late-antique,twentieth-ce,twenty-first-ce",pleiades_transport,0.055
314849,Ad Gall(inaci)um?,10.096435,36.905461,precise,"station, fort","roman,late-antique",pleiades_transport,0.055
314850,Ad Mercurium?,10.25,36.75,rough,station,"roman,twentieth-ce",pleiades_transport,0.102
314851,Ad Mercurium?,10.650043,36.433266,precise,"settlement, station",roman,pleiades_settlement;pleiades_transport,0.102
314852,Ad Molas?,7.886012,36.117651,precise,station,"roman,late-antique",pleiades_transport,0.055
314853,Ad Pertusa,10.115375,36.781395,precise,station,"roman,late-antique",pleiades_transport,0.055
314857,Agbia,9.2283934,36.3931101,precise,settlement,"roman,late-antique",pleiades_settlement,0.055
314858,Sidi-Abd-er-Rahmane-el-Garci,10.250755,36.1472695,precise,settlement,"hellenistic-republican,roman,late-antique,twentieth-ce",pleiades_settlement,7.2
314859,Ain-Golea,9.332035,36.469751,precise,settlement,"roman,twentieth-ce",pleiades_settlement,0.102
314860,Ain-Guerchba,9.685358,36.852811,precise,settlement,"roman,late-antique",pleiades_settlement,0.055
314861,Ain-el-Blate,9.505378,36.878308,precise,settlement,roman,pleiades_settlement,0.102
314862,Ain-el-Djemala,9.312556,36.502403,precise,villa,roman,pleiades_production,0.102
314863,Ain-el-Djenane,8.075846,36.454166,precise,settlement,"roman,late-antique",pleiades_settlement,0.055
314864,Ain-el-Hamera,10.217113,36.145906,precise,settlement,roman,pleiades_settlement,0.102
314865,Ain-el-Hofra,8.117252,36.646353,precise,settlement,roman,pleiades_settlement,0.102
314866,Ain-el-Kheraib,9.51092,36.920537,precise,settlement,roman,pleiades_settlement,0.102
314867,Ain-el-Metouia,8.63666,36.537594,precise,settlement,roman,pleiades_settlement,0.102
314869,Ain-Harouri,11.033147,36.858388,precise,settlement,"hellenistic-republican,roman",pleiades_settlement,7.145
314870,Ain-Kradkrada,9.21613,36.646154,precise,settlement,"roman,twentieth-ce",pleiades_settlement,0.102
314872,Ain Ouassel,9.106753,36.450148,precise,settlement,roman,pleiades_settlement,0.102
314873,Ain-Rchine,9.674818,36.184719,precise,settlement,roman,pleiades_settlement,0.102
314874,Ain-Taleb,8.789781,36.209043,precise,villa,roman,pleiades_production,0.102
314875,Ain-Terguellache,9.763712,36.94936,precise,settlement,"hellenistic-republican,roman,late-antique",pleiades_settlement,7.2
314876,Ain-Teserat,9.201081,36.04398,precise,settlement,roman,pleiades_settlement,0.102
314877,*Alma,9.538906,36.504007,precise,settlement,"hellenistic-republican,roman",pleiades_settlement,7.145
314878,Apisa Maius,9.722376,36.34713,precise,settlement,"roman,late-antique",pleiades_settlement,0.055
314880,Aptuc(c)a,8.940301,36.409344,precise,settlement,"hellenistic-republican,roman,late-antique",pleiades_settlement,7.2
314886,Aquilaria?,11.011535,37.051811,precise,settlement,"hellenistic-republican,roman",pleiades_settlement,7.145
314887,Aradi,9.609691,36.309996,precise,settlement,roman,pleiades_settlement,0.102
314888,Argoub-el-Bania,8.922636,37.034978,precise,settlement,roman,pleiades_settlement,0.102
314891,Asadi,10.45704,36.420272,precise,settlement,"roman,late-antique",pleiades_settlement,0.055
314892,Aspis/Clipea,11.115794,36.838512,precise,settlement,"hellenistic-republican,roman,late-antique",pleiades_settlement,7.2
314893,Aulodes,9.571439,36.823067,precise,settlement,"hellenistic-republican,roman,late-antique",pleiades_settlement,7.2
314894,Aunobari,9.1913638,36.3832286,precise,settlement,"hellenistic-republican,roman,late-antique",pleiades_settlement,7.2
314895,Avensa,9.099738,36.58353,precise,settlement,"roman,late-antique",pleiades_settlement,0.055
314896,Avioccala,9.70456,36.184232,precise,settlement,"roman,late-antique",pleiades_settlement,0.055
314897,Avitta Bibba,9.704586,36.409869,precise,settlement,"hellenistic-republican,roman,late-antique",pleiades_settlement,7.2
314900,Belalis Maior,9.25784702398,36.7649321812,precise,settlement,"roman,late-antique",pleiades_settlement,0.055
314901,Biha Bilta,9.58426,36.925886,precise,settlement,"hellenistic-republican,roman,late-antique",pleiades_settlement,7.2
314902,*Biia,10.2465705,36.2630175,precise,settlement,"roman,late-antique",pleiades_settlement,0.055
314903,*Biracsaccaria,9.627402,36.327689,precise,settlement,roman,pleiades_settlement,0.102
314904,Bir-Bou-Gharbel,9.279857,36.92128,precise,settlement,roman,pleiades_settlement,0.102
314905,Bir Laafou,8.325351,36.524214,precise,settlement,roman,pleiades_settlement,0.102
314906,Bir-Merouane,9.25,36.25,rough,settlement,roman,pleiades_settlement,0.102
314907,Bir-Moussa,8.062938,36.476264,precise,settlement,roman,pleiades_settlement,0.102
314908,Bisica Lucana,9.634267,36.397969,precise,settlement,"roman,late-antique",pleiades_settlement,0.055
314911,Bordj-Mohammed-ben-Sultan,9.08635,36.386967,precise,settlement,"hellenistic-republican,roman",pleiades_settlement,7.145
314912,Bulla Regia,8.75454455441,36.5587966892,precise,"settlement, archaeological-site","hellenistic-republican,roman,late-antique,nineteenth-ce",pleiades_settlement,7.2
314916,C-16-I,10.367262,36.438654,precise,settlement,"roman,late-antique",pleiades_settlement,0.055
314917,C-17-I,10.375191,36.44217,precise,settlement,"roman,late-antique",pleiades_settlement,0.055
314919,Canop(e)?,10.324119,36.660697,precise,settlement,"hellenistic-republican,roman",pleiades_settlement,7.145
314920,Carpi(s),10.5531225,36.7652445,precise,settlement,"hellenistic-republican,roman,late-antique",pleiades_settlement,7.2
314921,Carthago,10.323056,36.853056,precise,"settlement, port","archaic,classical,hellenistic-republican,roman,late-antique,sixteenth-ce,modern",pleiades_settlement;pleiades_transport,25.75
314922,Castellum (...),8.792195,36.2931,precise,settlement,roman,pleiades_settlement,0.102
314923,Castra Corneli(ana)?,10.118533,37.062694,precise,settlement,"roman,late-antique,twentieth-ce,twenty-first-ce",pleiades_settlement,0.055
314925,Chabit-el-Magroun,8.675975,36.647067,precise,settlement,roman,pleiades_settlement,0.102
314927,*Chidibbia,9.510248,36.579541,precise,settlement,roman,pleiades_settlement,0.102
314928,*Chiniava,9.583303,36.899893,precise,settlement,"hellenistic-republican,roman,late-antique",pleiades_settlement,7.2
314929,Chul,10.591034,36.649178,precise,settlement,"hellenistic-republican,roman",pleiades_settlement,7.145
314931,Cigisa,10.099599,36.79961,precise,settlement,"roman,late-antique",pleiades_settlement,0.055
314932,Cilibia,11.091786,36.849256,precise,settlement,"hellenistic-republican,roman",pleiades_settlement,7.145
314933,*Cincaris,9.7566885,36.777983,precise,settlement,"hellenistic-republican,roman,late-antique",pleiades_settlement,7.2
314934,Civitas (...)iana,9.791021,36.505784,precise,settlement,"roman,late-antique",pleiades_settlement,0.055
314935,Civitas Furc(...),10.177525,36.803818,precise,settlement,"roman,late-antique",pleiades_settlement,0.055
314936,Civitas Mizigitanorum,9.350631,36.439552,precise,settlement,roman,pleiades_settlement,0.102
314937,*Civitas Sivalitana,9.78081,36.027331,precise,settlement,"hellenistic-republican,roman",pleiades_settlement,7.145
314939,Cluacar(ia)?,9.65,36.733324,precise,settlement,"roman,late-antique,twentieth-ce",pleiades_settlement,0.055
314940,Coreva,9.4691485,36.508717,precise,settlement,"hellenistic-republican,roman,late-antique",pleiades_settlement,7.2
314941,Cresima?,9.635465,36.837215,precise,settlement,"roman,late-antique",pleiades_settlement,0.055
314942,*Culusa,10.584929,36.68135,precise,settlement,"roman,late-antique",pleiades_settlement,0.055
314943,Curubis,10.862461,36.575649,precise,settlement,"hellenistic-republican,roman,late-antique",pleiades_settlement,7.2
314945,Djebel-el-Kalaa,10.783066,36.799887,precise,settlement,hellenistic-republican,pleiades_settlement,4.0
314946,Djebel Touta,9.516334,36.882914,precise,settlement,"roman,late-antique",pleiades_settlement,0.055
314947,Djebel Zid,10.333311,36.483273,precise,settlement,"hellenistic-republican,roman,late-antique",pleiades_settlement,7.2
314948,Douar Chabia,9.398166,36.60873,precise,settlement,roman,pleiades_settlement,0.102
314949,Drusiliana?,8.907667,36.249547,precise,settlement,"roman,late-antique,twentieth-ce",pleiades_settlement,0.055
314951,Sidi-Saïd,9.524385,36.657933,precise,settlement,"roman,late-antique",pleiades_settlement,0.055
314953,Felicitan(i),9.648624,36.830987,precise,settlement,roman,pleiades_settlement,0.102
314954,Fundus Aufidianus,9.666923,37.033395,precise,villa,roman,pleiades_production,0.102
314955,Fundus Bassianus,9.774381,37.129658,precise,settlement,roman,pleiades_settlement,0.102
314956,Fundus Tigibelle?,9.25,36.25,rough,villa,roman,pleiades_production,0.102
314957,Fundus (...) 1,9.436861,36.333963,precise,villa,"roman,late-antique",pleiades_production,0.055
314958,Fundus (...) 2,9.199862,36.290664,precise,villa,"roman,late-antique",pleiades_production,0.055
314959,Furnos Maius,9.582593,36.136476,precise,settlement,"hellenistic-republican,roman,late-antique",pleiades_settlement,7.2
314960,Furnos Minus,9.830048,36.693084,precise,settlement,"hellenistic-republican,roman,late-antique",pleiades_settlement,7.2
314962,Gales,9.69998,36.266625,precise,settlement,"hellenistic-republican,roman,late-antique",pleiades_settlement,7.2
314963,el-Gasseur,9.050359,37.020933,precise,settlement,"roman,late-antique",pleiades_settlement,0.055
314964,*Geumi,9.145717,36.396812,precise,settlement,"roman,late-antique",pleiades_settlement,0.055
314965,Gillium,9.038332,36.477401,precise,settlement,"roman,late-antique",pleiades_settlement,0.055
314966,*Giufi,9.959979,36.52,precise,settlement,"roman,late-antique",pleiades_settlement,0.055
314967,Gor(...),9.97604,36.434323,precise,settlement,"hellenistic-republican,roman,late-antique",pleiades_settlement,7.2
314968,Gumis?,10.4032705,36.7023075,precise,settlement,"roman,late-antique",pleiades_settlement,0.055
314969,*Gunela?,9.765536,37.165524,precise,settlement,"roman,late-antique",pleiades_settlement,0.055
314971,H-17-I,10.349731,36.396613,precise,settlement,"roman,late-antique",pleiades_settlement,0.055
314972,Henchir-Ain-ez-Zaouia,9.206123,36.408896,precise,settlement,"roman,late-antique",pleiades_settlement,0.055
314973,Henchir-Ain-Zeress,9.922224,36.169565,precise,settlement,"roman,late-antique",pleiades_settlement,0.055
314974,Henchir-Ali-ben-Amara,9.90359,36.157256,precise,settlement,"roman,late-antique",pleiades_settlement,0.055
314975,Henchir-Bab-Khaled,10.068221,36.524832,precise,settlement,"roman,late-antique",pleiades_settlement,0.055
314976,Henchir-Belda,9.25,36.25,rough,settlement,"roman,late-antique",pleiades_settlement,0.055
314977,Henchir-Ben-Kremis,11.015132,36.855008,precise,settlement,"roman,late-antique",pleiades_settlement,0.055
314978,Henchir-Bir-ben-Faiza,9.330991,36.523983,precise,settlement,"roman,late-antique",pleiades_settlement,0.055
314979,Henchir-Bou-Houia,9.130574,36.28825,precise,settlement,"roman,late-antique",pleiades_settlement,0.055
314980,Henchir-Bou-Zitouna,10.845206,36.795259,precise,settlement,"roman,late-antique",pleiades_settlement,0.055
314981,Henchir-Chaada,10.225027,36.459922,precise,settlement,"roman,late-antique",pleiades_settlement,0.055
314983,Henchir-Chelga,9.519243,36.807753,precise,settlement,"roman,late-antique",pleiades_settlement,0.055
314984,Henchir-Chemmame,9.955787,36.499154,precise,settlement,"roman,late-antique",pleiades_settlement,0.055
314985,Henchir-Dehamine,9.542322,36.870445,precise,settlement,"roman,late-antique",pleiades_settlement,0.055
314986,Henchir-Douamis-es-Slitnia,9.052069,36.857526,precise,settlement,"roman,late-antique",pleiades_settlement,0.055
314987,Henchir-ed-Dalia,10.770708,36.730195,precise,settlement,"roman,late-antique",pleiades_settlement,0.055
314988,Henchir-ed-Douamis,9.70772,36.251731,precise,settlement,roman,pleiades_settlement,0.102
314989,Henchir-el-Abiod,10.316765,35.931554,precise,settlement,"roman,late-antique",pleiades_settlement,0.055
314990,Henchir-el-Baharine,9.568416,36.616011,precise,settlement,"roman,late-antique",pleiades_settlement,0.055
314991,Henchir-el-Faouara,10.313997,36.282537,precise,settlement,roman,pleiades_settlement,0.102
314992,Henchir-el-Houaria,9.75,36.25,rough,settlement,"roman,late-antique",pleiades_settlement,0.055
314993,Henchir-el-Kebir,8.806741,36.195927,precise,settlement,"roman,late-antique",pleiades_settlement,0.055
314994,Henchir-el-Khima,9.25,36.25,rough,settlement,"roman,late-antique",pleiades_settlement,0.055
314995,Henchir-el-Oust,9.115684,36.276926,precise,"settlement, archaeological-site","roman,late-antique",pleiades_settlement,0.055
314997,Henchir-ez-Zguidane,10.138711,36.134957,precise,settlement,"roman,late-antique",pleiades_settlement,0.055
314999,Henchir-Gabgab,9.740601,36.701581,precise,settlement,"roman,late-antique",pleiades_settlement,0.055
315000,Henchir-Ganndouza,9.432687,36.928831,precise,settlement,"roman,late-antique",pleiades_settlement,0.055
315001,Henchir-Gastlaia,10.388085,36.202753,precise,villa,"roman,late-antique",pleiades_production,0.055
315002,Henchir-Guennara,9.827868,36.632433,precise,settlement,"roman,late-antique",pleiades_settlement,0.055
315003,Henchir-Halloufa,9.25,36.75,rough,settlement,"roman,late-antique",pleiades_settlement,0.055
315004,Henchir-Khemissa,9.936439,36.499852,precise,settlement,"roman,late-antique",pleiades_settlement,0.055
315005,Henchir-Ksar-Ghazelli,8.59501,36.383377,precise,settlement,"roman,late-antique",pleiades_settlement,0.055
315006,Henchir-Ksour-Abbeda,9.861464,36.286831,precise,villa,"roman,late-antique",pleiades_production,0.055
315007,Henchir-Manndra-el-Kedima,9.284363,36.523959,precise,settlement,"roman,late-antique",pleiades_settlement,0.055
315008,Henchir-Menzel-Yahia,10.988878,36.781099,precise,settlement,"roman,late-antique",pleiades_settlement,0.055
315009,Henchir-Meskine/Sidi Ayed,9.25,36.25,rough,settlement,"roman,late-antique",pleiades_settlement,0.055
315010,Henchir-Messaouer,9.507505,36.300619,precise,settlement,roman,pleiades_settlement,0.102
315011,Henchir-Mezouar,9.333373,36.783575,precise,villa,"roman,late-antique",pleiades_production,0.055
315012,Henchir-Moussa,8.25,36.75,rough,settlement,"roman,late-antique",pleiades_settlement,0.055
315013,Henchir-Moussa,8.25,36.25,rough,settlement,roman,pleiades_settlement,0.102
315014,Henchir-Mrhotta,9.997715,36.248783,precise,settlement,"roman,late-antique",pleiades_settlement,0.055
315015,Henchir-Negachia,9.256019,36.8345,precise,settlement,"roman,late-antique",pleiades_settlement,0.055
315016,Henchir-Oum-ech-Chellaligue,9.905834,36.210673,precise,settlement,"roman,late-antique",pleiades_settlement,0.055
315017,Henchir-Rhiria,9.100011,36.716673,precise,settlement,"roman,late-antique",pleiades_settlement,0.055
315018,Henchir-R'mel,9.75,36.75,rough,settlement,"roman,late-antique",pleiades_settlement,0.055
315019,Henchir-Romana,9.540481,36.1573,precise,settlement,roman,pleiades_settlement,0.102
315020,Henchir-Semmech,8.961653,36.405098,precise,settlement,"roman,late-antique",pleiades_settlement,0.055
315022,Henchir-Sidi-Abd-el-Azziz,10.048976,36.465074,precise,settlement,"roman,late-antique",pleiades_settlement,0.055
315023,Henchir-Sidi-Abd-el-Basset,9.646291,36.875004,precise,settlement,"hellenistic-republican,roman,late-antique",pleiades_settlement,7.2
315024,Henchir-Sidi-Abd-en-Nour,9.572929,36.262771,precise,settlement,roman,pleiades_settlement,0.102
315025,Henchir-Sidi-Ahmed,9.66769,36.745637,precise,settlement,"roman,late-antique",pleiades_settlement,0.055
315026,Henchir-Sidi-Amara,9.75,36.25,rough,"settlement, citadel",roman,pleiades_settlement,0.102
315027,Henchir-Sidi-Ameur,9.950543,36.460813,precise,settlement,"roman,late-antique",pleiades_settlement,0.055
315028,Henchir-Sidi-ben-Nour,10.313763,36.6181,precise,settlement,"roman,late-antique",pleiades_settlement,0.055
315029,Henchir-Sidi-Bou-Douib,10.479082,36.557671,precise,settlement,"roman,late-antique",pleiades_settlement,0.055
315031,Henchir-Snobbeur,9.690507,36.442544,precise,settlement,"roman,late-antique",pleiades_settlement,0.055
315032,Henchir-Teffaha,9.591841,36.710026,precise,settlement,"roman,late-antique",pleiades_settlement,0.055
315033,Henchir-Touidjine,9.643844,36.745427,precise,settlement,"roman,late-antique",pleiades_settlement,0.055
315038,Hippo Diarrhytus,9.873108,37.276147,precise,settlement,"hellenistic-republican,roman,late-antique",pleiades_settlement,7.2
315041,Horrea Caelia,10.507908,36.030099,precise,settlement,"roman,late-antique",pleiades_settlement,0.055
315044,Inuca,10.012412,36.728132,precise,settlement,"hellenistic-republican,roman",pleiades_settlement,7.145
315046,K-15-I,10.314179,36.369777,precise,settlement,"roman,late-antique",pleiades_settlement,0.055
315049,Kef-er-Rechga,9.066589,36.649913,precise,settlement,"roman,late-antique",pleiades_settlement,0.055
315050,Kerkouane,11.0989635112,36.9463970638,precise,"settlement, cemetery",hellenistic-republican,pleiades_settlement,4.0
315053,Ksar-es-Soudane,10.281119,36.4306695,precise,settlement,roman,pleiades_settlement,0.102
315055,Ksar Tyr,9.798231,36.5998265,precise,settlement,"roman,late-antique",pleiades_settlement,0.055
315057,L-7-1,10.264998,36.360448,precise,settlement,roman,pleiades_settlement,0.102
315058,L-12-I,10.291349,36.366781,precise,settlement,roman,pleiades_settlement,0.102
315059,Lalla Maiza,8.873348,36.394738,precise,settlement,"roman,late-antique,twentieth-ce",pleiades_settlement,0.055
315060,Lamniana?,10.471795,36.275428,precise,settlement,"roman,late-antique",pleiades_settlement,0.055
315061,Lares,8.841397,36.081288,precise,settlement,"hellenistic-republican,roman,late-antique",pleiades_settlement,7.2
315062,Ghar El Kebir settlement,10.9966628865,37.0587376754,precise,"settlement, archaeological-site","hellenistic-republican,roman",pleiades_settlement,7.145
315063,Limisa,9.69141823837,36.0351168684,precise,settlement,"hellenistic-republican,roman,roman-early-empire-late-antique,late-antique",pleiades_settlement,7.2
315065,Madauros,7.90228590473,36.0776105205,precise,settlement,"roman,late-antique",pleiades_settlement,0.055
315068,*Maragui Sara?,9.25,36.25,rough,settlement,roman,pleiades_settlement,0.102
315069,Marsa Nouira,9.507797,37.26988,precise,settlement,roman,pleiades_settlement,0.102
315070,Masculula,8.517999,36.354507,precise,settlement,"roman,late-antique",pleiades_settlement,0.055
315071,*Matar,9.667433,37.0378485,precise,settlement,"hellenistic-republican,roman,late-antique",pleiades_settlement,7.2
315072,Maxula,10.271569,36.768841,precise,settlement,"hellenistic-republican,roman,late-antique",pleiades_settlement,7.2
315073,*Medd(a),9.52286,36.797938,precise,settlement,"hellenistic-republican,roman,late-antique",pleiades_settlement,7.2
315074,Mediccera,10.26075,36.195833,precise,settlement,"roman,late-antique",pleiades_settlement,0.055
315075,Membressa,9.613446,36.648688,precise,settlement,"hellenistic-republican,roman,late-antique",pleiades_settlement,7.2
315076,Membrone?,10.017825,37.100163,precise,settlement,"hellenistic-republican,roman",pleiades_settlement,7.145
315077,Mennzel-bel-Gassem,10.995119,36.943192,precise,settlement,"hellenistic-republican,roman,late-antique",pleiades_settlement,7.2
315080,Midicca?,10.538681,36.513658,precise,settlement,"roman,late-antique",pleiades_settlement,0.055
315082,Missua,10.899956,36.999978,precise,settlement,"hellenistic-republican,roman",pleiades_settlement,7.145
315083,Miz(…),9.50765,36.421726,precise,settlement,"hellenistic-republican,roman",pleiades_settlement,7.145
315084,Municipium Aurelium Commodianum/Thibiuca?,9.884781,36.532162,precise,settlement,"roman,late-antique",pleiades_settlement,0.055
315085,Musti,9.14405459259,36.3365827917,precise,"settlement, archaeological-site","hellenistic-republican,roman,late-antique,twentieth-ce,twenty-first-ce",pleiades_settlement,7.2
315088,Muzuc,9.800296,36.025724,precise,settlement,"roman,late-antique",pleiades_settlement,0.055
315090,N-4-I,10.236586,36.349175,precise,settlement,roman,pleiades_settlement,0.102
315091,Naraggara,8.356079,36.223438,precise,settlement,"roman,late-antique",pleiades_settlement,0.055
315092,*Naro/Aquae Persianae,10.327692,36.731005,precise,settlement,"roman,late-antique,twentieth-ce,twenty-first-ce",pleiades_settlement,0.055
315093,Neapolis,10.7183542495,36.4403375418,precise,settlement,"classical,hellenistic-republican,roman,late-antique",pleiades_settlement,17.6
315094,Nepheris,10.383068,36.615106,precise,settlement,"hellenistic-republican,roman",pleiades_settlement,7.145
315095,Novae Aquilianae?,9.024258,36.640531,precise,settlement,"roman,late-antique",pleiades_settlement,0.055
315098,O-14-I,10.334501,36.343449,precise,settlement,"roman,late-antique",pleiades_settlement,0.055
315099,Onellaba?/Odiana,8.175841,36.624498,precise,settlement,"roman,late-antique",pleiades_settlement,0.055
315100,Orbita?,10.448014,36.126163,precise,settlement,"roman,late-antique",pleiades_settlement,0.055
315103,Pagus Fortunalis,9.954528,36.610887,precise,settlement,roman,pleiades_settlement,0.102
315105,Pagus Ma(...)rensium,8.489912,36.742692,precise,settlement,roman,pleiades_settlement,0.102
315106,Pagus Mercurialis?,10.062114,36.556084,precise,settlement,"roman,late-antique",pleiades_settlement,0.055
315108,Pagus Suttuensis,8.421198,36.418637,precise,settlement,roman,pleiades_settlement,0.102
315110,Pagus Trisipensis?,8.978073,36.726902,precise,settlement,"roman,late-antique",pleiades_settlement,0.055
315111,Pagus Veneriensis,8.749857,36.333162,precise,settlement,roman,pleiades_settlement,0.102
315113,Pheradi Maius,10.3986860393,36.2495803938,precise,"settlement, archaeological-site","hellenistic-republican,roman,late-antique",pleiades_settlement,7.2
315114,Picus,9.142701,36.615628,precise,settlement,"hellenistic-republican,roman",pleiades_settlement,7.145
315115,*Popthensis,8.314198,36.310721,precise,settlement,"roman,late-antique",pleiades_settlement,0.055
315116,Praedia B(...),9.25,36.25,rough,villa,roman,pleiades_production,0.102
315117,*Praedia Buritanorum,9.713474,36.892965,precise,villa,"roman,late-antique",pleiades_production,0.055
315118,Praedia Pullaienorum,9.120605,36.43235,precise,villa,roman,pleiades_production,0.102
315119,Praedia Rufii Volusiani,9.291762,36.464686,precise,villa,"roman,late-antique",pleiades_production,0.055
315121,Pupput,10.562216,36.392998,precise,settlement,"hellenistic-republican,roman,roman-early-empire-late-antique,late-antique",pleiades_settlement,7.2
315123,Q-9-I,10.275964,36.32946,precise,settlement,roman,pleiades_settlement,0.102
315124,Q-12-I,10.30227,36.329611,precise,settlement,roman,pleiades_settlement,0.102
315127,Ras-el-Kasba,9.043874,36.969765,precise,villa,"roman,late-antique",pleiades_production,0.055
315128,Ras Enghela,9.740962,37.344573,precise,villa,"roman,late-antique",pleiades_production,0.055
315129,Ras Maamoura,10.804516,36.465037,precise,settlement,roman,pleiades_settlement,0.102
315131,Rucuma,9.521675,37.048181,precise,settlement,"hellenistic-republican,roman,late-antique",pleiades_settlement,7.2
315132,Rusucmona?/Castra Delia,10.2158515,37.168499,precise,settlement,"hellenistic-republican,roman",pleiades_settlement,7.145
315134,Sabzia,9.827731,36.286683,precise,settlement,"roman,late-antique",pleiades_settlement,0.055
315136,Saltus Blandianus,9.143819,36.563753,precise,villa,roman,pleiades_production,0.102
315137,Saltus Burunitanus,9.083551,36.766375,precise,villa,roman,pleiades_production,0.102
315138,Saltus Domitianus,9.181016,36.597924,precise,villa,roman,pleiades_production,0.102
315139,Saltus Lamianus,9.24277,36.605963,precise,villa,roman,pleiades_production,0.102
315140,Saltus Neronianus,9.342536,36.612535,precise,villa,roman,pleiades_production,0.102
315141,Saltus Philomusianus,8.669907,36.516842,precise,"villa, estate","roman,first-ce",pleiades_production,0.055
315142,Saltus Tuzritanus,9.209926,36.416006,precise,villa,roman,pleiades_production,0.102
315143,Saltus Udensis,9.195726,36.380061,precise,villa,roman,pleiades_production,0.102
315144,Saradi(...),9.601684,36.092496,precise,settlement,"roman,late-antique",pleiades_settlement,0.055
315147,Segermes,10.301692,36.345023,precise,settlement,"hellenistic-republican,roman,late-antique",pleiades_settlement,7.2
315148,Semta,9.887345,36.269282,precise,settlement,"roman,late-antique",pleiades_settlement,0.055
315149,Septim(...),9.796048,36.577046,precise,settlement,"roman,late-antique",pleiades_settlement,0.055
315150,*Seressi,9.773609,36.166741,precise,settlement,"roman,late-antique",pleiades_settlement,0.055
315151,Siagu,10.5909,36.43399,precise,settlement,"hellenistic-republican,roman,late-antique,twenty-first-ce",pleiades_settlement,7.2
315152,Sicca Veneria,8.712204,36.18057,precise,settlement,"hellenistic-republican,roman,late-antique",pleiades_settlement,7.2
315153,Sicilibba,9.873597,36.68588,precise,settlement,"hellenistic-republican,roman,late-antique",pleiades_settlement,7.2
315154,*Sicingi,10.606063,36.831044,precise,settlement,"hellenistic-republican,roman",pleiades_settlement,7.145
315155,Sidi-Abd-el-Djedidi,9.726641,36.045369,precise,settlement,"roman,late-antique",pleiades_settlement,0.055
315156,Sidi-Abd-es-Smet,9.332566,36.332511,precise,settlement,roman,pleiades_settlement,0.102
315157,Sidi-Ahmed Rouigeud,10.358834,36.401544,precise,settlement,"hellenistic-republican,roman,late-antique",pleiades_settlement,7.2
315159,Sidi-Ali-el-Haouam,9.434772,36.198597,precise,settlement,"hellenistic-republican,roman",pleiades_settlement,7.145
315161,Sidi-Bel-Kassem-Ben-es-Souda,10.188225,36.132502,precise,settlement,roman,pleiades_settlement,0.102
315162,Sidi Bellaoui,8.977077,36.416215,precise,settlement,"roman,late-antique",pleiades_settlement,0.055
315163,Sidi-Bou-Goussa,8.583035,36.433222,precise,settlement,"roman,late-antique",pleiades_settlement,0.055
315164,Sidi-el-Hemissi,8.781601,36.496635,precise,settlement,"roman,late-antique",pleiades_settlement,0.055
315165,Sidi-el-Mareghni,10.695519,36.86571,precise,settlement,"roman,late-antique",pleiades_settlement,0.055
315167,Sidi-Medine-el-Aala,10.086446,36.348383,precise,settlement,"roman,late-antique",pleiades_settlement,0.055
315168,Sidi Naoui,9.786979,36.249239,precise,settlement,"roman,late-antique",pleiades_settlement,0.055
315169,Sidi N'sir,9.443916,36.894393,precise,settlement,"roman,late-antique",pleiades_settlement,0.055
315170,Sidi-Salah-el-Balti,8.940949,36.711303,precise,settlement,"roman,late-antique",pleiades_settlement,0.055
315171,Siguese,8.930003,36.209896,precise,station,late-antique,pleiades_transport,0.0
315172,Siminga,9.992434,36.457987,precise,settlement,"roman,late-antique",pleiades_settlement,0.055
315174,Simitthu,8.5753105,36.490103,precise,settlement,"hellenistic-republican,roman,late-antique,modern,twenty-first-ce",pleiades_settlement,7.2
315176,*Sua,9.5434195,36.708069,precise,settlement,"hellenistic-republican,roman,late-antique",pleiades_settlement,7.2
315177,Suct(...),9.645585,36.317358,precise,settlement,"roman,late-antique",pleiades_settlement,0.055
315178,Sululos,9.605158,36.461372,precise,settlement,"roman,late-antique",pleiades_settlement,0.055
315180,Sustri,9.29794,36.547633,precise,settlement,"hellenistic-republican,roman,late-antique",pleiades_settlement,7.2
315181,Sutunurca,9.9836735,36.581302,precise,settlement,"hellenistic-republican,roman",pleiades_settlement,7.145
315183,Tac(...),9.175157,36.33085,precise,settlement,"roman,late-antique",pleiades_settlement,0.055
315185,Tapphugabe(n)sis,9.525144,36.287237,precise,settlement,roman,pleiades_settlement,0.102
315186,Tegla,10.847646,36.959233,precise,settlement,"roman,late-antique",pleiades_settlement,0.055
315187,Teglata?,9.339372,36.636636,precise,settlement,"roman,late-antique",pleiades_settlement,0.055
315188,Tepelte,9.757767,36.395552,precise,settlement,"roman,late-antique",pleiades_settlement,0.055
315190,Tezaga?,9.556456,36.778088,precise,settlement,"roman,late-antique",pleiades_settlement,0.055
315191,Thabbora,9.434433,36.384209,precise,settlement,"hellenistic-republican,roman,late-antique",pleiades_settlement,7.2
315192,Thabraca,8.7497465,36.9567785,precise,settlement,"hellenistic-republican,roman,late-antique",pleiades_settlement,7.2
315194,Thaca,10.113359,36.280128,precise,settlement,"roman,late-antique",pleiades_settlement,0.055
315195,Thacia,9.050218,36.30267,precise,settlement,"roman,late-antique,twentieth-ce",pleiades_settlement,0.055
315196,Thaddur(...),9.718538,36.459555,precise,settlement,"hellenistic-republican,roman,late-antique",pleiades_settlement,7.2
315197,Thagari Maius,9.947919,36.446852,precise,settlement,"hellenistic-republican,roman,late-antique",pleiades_settlement,7.2
315198,Thagaste,8.004957,36.238412,precise,settlement,"roman,late-antique",pleiades_settlement,0.055
315199,Thagura,8.044696,36.174195,precise,settlement,"hellenistic-republican,roman,late-antique",pleiades_settlement,7.2
315200,Theudalis?,9.742676,37.128742,precise,settlement,"hellenistic-republican,roman,late-antique",pleiades_settlement,7.2
315201,Thibari,9.083041,36.505393,precise,settlement,"hellenistic-republican,roman,late-antique",pleiades_settlement,7.2
315202,Thibicaae,9.791064,36.322229,precise,settlement,"roman,late-antique",pleiades_settlement,0.055
315203,Thibiuca?,9.75,36.75,rough,settlement,roman,pleiades_settlement,0.102
315205,Thibuli,9.842198,36.631882,precise,settlement,"roman,late-antique",pleiades_settlement,0.055
315206,Thigibba Bure,9.081467,36.475683,precise,settlement,"hellenistic-republican,roman,late-antique",pleiades_settlement,7.2
315207,Thignica,9.3618302925,36.5237425832,precise,settlement,"hellenistic-republican,roman,late-antique",pleiades_settlement,7.2
315208,Thimida,9.763771,37.16244,precise,settlement,"hellenistic-republican,roman,late-antique,twentieth-ce",pleiades_settlement,7.2
315209,Thimida Bure,9.131302,36.489223,precise,settlement,"hellenistic-republican,roman,late-antique",pleiades_settlement,7.2
315210,Thimida Regia,10.141835,36.640739,precise,settlement,"hellenistic-republican,roman,twentieth-ce",pleiades_settlement,7.145
315211,Thimisua,9.322543,36.3148285,precise,settlement,"hellenistic-republican,roman,late-antique",pleiades_settlement,7.2
315212,Thinisa?/Tuneiza?/Tunisa?,10.1246134,37.2144672,precise,"settlement, settlement-modern","hellenistic-republican,roman,late-antique,modern",pleiades_settlement,7.2
315213,Thinissut,10.585889,36.429258,precise,settlement,"hellenistic-republican,roman,late-antique",pleiades_settlement,7.2
315214,Thisiduo,9.667333,36.680351,precise,settlement,"hellenistic-republican,roman,late-antique",pleiades_settlement,7.2
315215,*Thisitana,9.739207,37.305692,precise,settlement,"roman,late-antique",pleiades_settlement,0.055
315216,Thizika,9.702008,37.003737,precise,settlement,"hellenistic-republican,roman,late-antique",pleiades_settlement,7.2
315217,Thub(...),9.036339,36.774695,precise,settlement,"roman,late-antique",pleiades_settlement,0.055
315218,Thubba,9.801327,36.878082,precise,settlement,"hellenistic-republican,roman,late-antique",pleiades_settlement,7.2
315219,Thuburbo Minus,9.838642,36.829599,precise,settlement,"hellenistic-republican,roman,late-antique,modern",pleiades_settlement,7.2
315220,Thuburbo Maius,9.90431802656,36.4004835066,precise,settlement,"hellenistic-republican,roman,late-antique,modern,twenty-first-ce",pleiades_settlement,7.2
315221,Thuburnica,8.4612665,36.527541,precise,settlement,"hellenistic-republican,roman,late-antique",pleiades_settlement,7.2
315222,Thubursicu Bure,9.247116,36.458902,precise,settlement,"hellenistic-republican,roman,late-antique",pleiades_settlement,7.2
315223,Thugga/Tokai?,9.21868921531,36.4232387819,precise,"settlement, archaeological-site","hellenistic-republican,roman,late-antique,modern",pleiades_settlement,7.2
315224,*Thullio,8.04749,36.654674,precise,settlement,"roman,late-antique",pleiades_settlement,0.055
315225,*Thunigaba,9.2126795,36.873168,precise,settlement,"roman,late-antique",pleiades_settlement,0.055
315226,Thunusuda,8.6659,36.451828,precise,settlement,"roman,late-antique",pleiades_settlement,0.055
315227,Thuraria,9.940136,36.834925,precise,station,late-antique,pleiades_transport,0.0
315228,Tichilla,9.444863,36.552416,precise,settlement,"hellenistic-republican,roman,late-antique",pleiades_settlement,7.2
315230,Tubernuc,10.4564245,36.53214665,precise,settlement,"hellenistic-republican,roman,roman-early-empire-late-antique,late-antique",pleiades_settlement,7.2
315231,Tuccabor,9.522496,36.70526,precise,settlement,"hellenistic-republican,roman,late-antique",pleiades_settlement,7.2
315233,Tunes,10.171649,36.79923,precise,settlement,"hellenistic-republican,roman,roman-early-empire-late-antique,late-antique,sixteenth-ce",pleiades_settlement,7.2
315235,Tuniza?,8.438117,36.8912775,precise,settlement,"hellenistic-republican,roman,late-antique",pleiades_settlement,7.2
315236,Turris,9.793709,36.656954,precise,settlement,"roman,late-antique",pleiades_settlement,0.055
315237,Turris Rutunda,10.386576,36.260237,precise,villa,"roman,late-antique",pleiades_production,0.055
315241,Uccula,9.524142,36.767496,precise,settlement,"hellenistic-republican,roman,late-antique",pleiades_settlement,7.2
315242,Uchi Maius,9.0842951,36.4113635,precise,"settlement, archaeological-site","hellenistic-republican,roman,late-antique",pleiades_settlement,7.2
315243,Ucres,9.97083,36.901123,precise,settlement,"roman,late-antique",pleiades_settlement,0.055
315244,Ucubi,8.892196,36.238518,precise,settlement,"roman,late-antique",pleiades_settlement,0.055
315245,Uppenna,10.441259,36.16839,precise,settlement,"roman,late-antique",pleiades_settlement,0.055
315246,Ureu,9.535499,36.875269,precise,settlement,"hellenistic-republican,roman",pleiades_settlement,7.145
315247,Uthina,10.172291,36.607458,precise,settlement,"roman,late-antique,twentieth-ce",pleiades_settlement,0.055
315248,Utica,10.0600077651,37.0558774503,precise,"settlement, archaeological-site","archaic,classical,hellenistic-republican,roman,late-antique,twentieth-ce",pleiades_settlement,25.75
315250,Uzali Sar,9.688235,36.811582,precise,settlement,"hellenistic-republican,roman,late-antique",pleiades_settlement,7.2
315251,Uzalis,10.033986,37.169048,precise,settlement,"hellenistic-republican,roman,late-antique",pleiades_settlement,7.2
315253,Vaga,9.184162,36.726581,precise,settlement,"hellenistic-republican,roman,late-antique,sixteenth-ce",pleiades_settlement,7.2
315254,Vallis,9.7466495,36.6248409,precise,"settlement, settlement-modern","roman,late-antique,nineteenth-ce,twentieth-ce,twenty-first-ce",pleiades_settlement,0.055
315255,Vasidice?,7.96098,36.151796,precise,settlement,late-antique,pleiades_settlement,0.0
315256,*Vazari,9.579189,36.872048,precise,settlement,"hellenistic-republican,roman,late-antique",pleiades_settlement,7.2
315258,Vicus Annaeus,9.906042,36.263392,precise,settlement,"roman,late-antique",pleiades_settlement,0.055
315259,Vicus Augusti?,9.238986,36.636684,precise,settlement,"roman,late-antique",pleiades_settlement,0.055
315260,Vicus Bovius,9.825728,36.6633,precise,settlement,"roman,late-antique",pleiades_settlement,0.055
315261,Vicus Haterianus,9.763611,36.325319,precise,settlement,"roman,late-antique",pleiades_settlement,0.055
315262,Vieux Ghardimaou,8.436315,36.448956,precise,settlement,"roman,late-antique",pleiades_settlement,0.055
315263,Villa Magna Variana,9.366642,36.569468,precise,villa,"hellenistic-republican,roman,late-antique",pleiades_production,7.2
315264,Vina,10.550673,36.510508,precise,settlement,"hellenistic-republican,roman,late-antique",pleiades_settlement,7.2
315267,Zama Regia/Zama *Maior,9.28599123658,36.1116547921,precise,"settlement, archaeological-site","hellenistic-republican,roman,late-antique",pleiades_settlement,7.2
315269,*Ziccilia,8.842194,36.33022,precise,settlement,"roman,late-antique",pleiades_settlement,0.055
315270,Zigira,9.400005,36.600011,precise,settlement,"roman,late-antique",pleiades_settlement,0.055
315271,Ziqua,10.1390015,36.393555,precise,settlement,"hellenistic-republican,roman,late-antique",pleiades_settlement,7.2
315273,Zucchari(...),9.9622488,36.2626668,precise,"settlement, settlement-modern","roman,late-antique,twenty-first-ce",pleiades_settlement,0.055
317857,Untitled,8.75,36.25,rough,bridge,"roman,late-antique",pleiades_transport,0.055
317858,Untitled,8.75,36.25,rough,bridge,"roman,late-antique",pleiades_transport,0.055
317859,Untitled,9.25,36.75,rough,bridge,"roman,late-antique",pleiades_transport,0.055
317860,Untitled,9.25,36.75,rough,bridge,"roman,late-antique",pleiades_transport,0.055
317861,Untitled,9.25,36.25,rough,bridge,"roman,late-antique",pleiades_transport,0.055
317862,Untitled,10.493508,36.322191,precise,bridge,"roman,late-antique",pleiades_transport,0.055
318613,Untitled,8.573824,36.866224,precise,mine-2,roman,pleiades_production,0.102
318614,Untitled,8.981726,36.697824,precise,mine-2,roman,pleiades_production,0.102
318615,Marble quarry near Simitthus,8.57748845922,36.4929298436,precise,quarry,"roman,late-antique",pleiades_production,0.055
318616,Untitled,9.25,36.75,rough,quarry,roman,pleiades_production,0.102
318617,Untitled,9.25,36.75,rough,quarry,roman,pleiades_production,0.102
318618,Untitled,9.51335,37.263143,precise,quarry,roman,pleiades_production,0.102
318619,Untitled,9.643071,36.888865,precise,mine-2,roman,pleiades_production,0.102
318620,Untitled,10.844502,36.946399,precise,quarry,roman,pleiades_production,0.102
318621,Untitled,10.904112,36.998701,precise,quarry,"hellenistic-republican,roman",pleiades_production,7.145
318622,Untitled,11.25,37.25,rough,quarry,"hellenistic-republican,roman",pleiades_production,7.145
319367,Untitled,9.5,37.0,rough,road,"roman,late-antique",pleiades_transport,0.055
319368,Untitled,9.5,37.0,rough,road,"roman,late-antique",pleiades_transport,0.055
319369,Untitled,9.5,37.0,rough,road,"roman,late-antique",pleiades_transport,0.055
319370,Untitled,9.5,37.0,rough,road,"roman,late-antique",pleiades_transport,0.055
319371,Untitled,9.5,37.0,rough,road,"roman,late-antique",pleiades_transport,0.055
319372,Untitled,9.5,37.0,rough,road,"roman,late-antique",pleiades_transport,0.055
319373,Untitled,9.5,37.0,rough,road,"roman,late-antique",pleiades_transport,0.055
319374,Untitled,9.5,37.0,rough,road,"roman,late-antique",pleiades_transport,0.055
319375,Untitled,9.5,37.0,rough,road,"roman,late-antique",pleiades_transport,0.055
319377,Untitled,9.5,37.0,rough,road,"roman,late-antique",pleiades_transport,0.055
319379,Untitled,9.5,37.0,rough,road,"roman,late-antique",pleiades_transport,0.055
319380,Untitled,9.5,37.0,rough,road,"roman,late-antique",pleiades_transport,0.055
319381,Untitled,9.5,37.0,rough,road,"roman,late-antique",pleiades_transport,0.055
319382,Untitled,9.5,37.0,rough,road,"roman,late-antique",pleiades_transport,0.055
319383,Untitled,9.5,37.0,rough,road,"roman,late-antique",pleiades_transport,0.055
319384,Untitled,9.5,37.0,rough,road,"roman,late-antique",pleiades_transport,0.055
319385,Untitled,9.5,37.0,rough,road,"roman,late-antique",pleiades_transport,0.055
320123,Untitled,8.752589,36.691677,precise,villa,roman,pleiades_production,0.102
320124,Untitled,9.445923,37.048402,precise,"settlement, unlabeled",roman,pleiades_settlement,0.102
320125,Untitled,9.404307,36.596698,precise,"villa, monument","hellenistic-republican,roman",pleiades_production,7.145
320127,Untitled,9.894521,37.145838,precise,"settlement, unlabeled",hellenistic-republican,pleiades_settlement,4.0
320128,Untitled,9.792771,36.836889,precise,"settlement, unlabeled",hellenistic-republican,pleiades_settlement,4.0
320129,Untitled,9.55092,36.050557,precise,"settlement, unlabeled",hellenistic-republican,pleiades_settlement,4.0
320130,Untitled,10.356781,36.520194,precise,"villa, unlabeled",roman,pleiades_production,0.102
320131,Untitled,10.173673,36.429987,precise,"villa, unlabeled",hellenistic-republican,pleiades_production,4.0
320132,Untitled,10.642624,36.513501,precise,"villa, unlabeled",roman,pleiades_production,0.102
434423626,Sacra Via,12.4880568181,41.8912481359,precise,road,"archaic,classical,hellenistic-republican,roman,late-antique,mediaeval-byzantine",pleiades_transport,25.75
671053358,Isera,11.0100244,45.8856353,precise,villa,roman,pleiades_production,0.102
352972522,"Coriglia, Castel Viscardo",12.0215283327,42.7753423349,precise,settlement,"archaic,classical,hellenistic-republican,roman,late-antique",pleiades_settlement,25.75
721060792,"The ""Auditorium site"" at the Auditorium Parco della Musica (Rome)",12.4755058349,41.9287870637,precise,"villa, archaeological-site","archaic,classical,hellenistic-republican,roman,twentieth-ce,twenty-first-ce",pleiades_production,25.695
215496319,Withdrawn: Tellaro Roman villa,15.0784713,36.8359248,precise,villa,"roman,late-antique",pleiades_production,0.055
251126036,San Felice Roman villa,16.290342,40.826347,precise,villa,roman,pleiades_production,0.102
306780756,"Ponte di Apollo, Punicum",11.8812405,42.0387821,precise,"bridge, archaeological-site",roman,pleiades_transport,0.102
306780757,"Ponte Romano Di Largo Impero, Santa Marinella",11.8764434,42.0377163,precise,bridge,roman,pleiades_transport,0.102
375994248,Villa romana di Acque Fresche a Civitavecchia,11.742479,42.1506675,precise,villa,roman,pleiades_production,0.102
505616398,Castelliere di Monte Orve,12.8886459,43.0335335,precise,fortified-settlement,"1st-millennium-bce,twenty-first-ce",pleiades_settlement,10.438
50391614,Monte Catalfaro,14.7170002,37.280398,precise,"mountain, settlement, wall-2","archaic,classical,hellenistic-roman-early-empire,late-antique,modern",pleiades_settlement,25.75
334522083,San Antonino di Perti,8.322503,44.194436,precise,fortified-settlement,"late-antique,mediaeval-byzantine",pleiades_settlement,0.0
736595947,Fonteblanda,11.1680802,42.5648566,precise,"settlement, settlement-modern",modern,pleiades_settlement,0.0
922522298,Paduline villa,10.8871217543,42.7651149466,precise,villa,"hellenistic-republican,roman,late-antique,twenty-first-ce",pleiades_production,7.2
687658192,"Staranzano, Roman villa “Liberta Peticia”",13.4967749702,45.8086662871,precise,villa,roman,pleiades_production,0.102
413249072,Solestà Roman bridge,13.5718295,42.85851385,precise,bridge,roman-early-empire-late-antique,pleiades_transport,0.052
423044,S. Gennaro,12.72048,41.683455,precise,settlement,"roman,late-antique,twentieth-ce",pleiades_settlement,0.055
791200251,Masseria Caronella,17.31499,40.50047,precise,villa,hellenistic-roman-early-empire,pleiades_production,4.5
66910159,Ponte Romano di Viale Roma,11.8722269,42.0370513,precise,bridge,roman,pleiades_transport,0.102
66910160,Villa Mattonara,11.7685633,42.1164052,precise,villa,roman,pleiades_production,0.102
555723846,Acquapendente,11.864988,42.7439961,precise,"settlement, settlement-modern",modern,pleiades_settlement,0.0
943717699,Gran Carro (Bolsena),11.9951461185,42.5915592305,precise,settlement,"2nd-millenium-bce,archaic,twentieth-ce,twenty-first-ce",pleiades_settlement,2.25
100196697,Torcularium villa,12.4147255132,41.8143153632,precise,villa,"hellenistic-republican,roman,twenty-first-ce",pleiades_production,7.145
166681198,Izola,13.647245,45.533601,precise,villa,roman-early-empire-late-antique,pleiades_production,0.052
54771560,Cave di Fosso del Drago,12.494114,42.053798,precise,quarry,"hellenistic-republican,roman",pleiades_production,7.145
399911221,Mdina,14.4044833,35.8844423,precise,"city-wall, settlement","archaic,classical,hellenistic-republican,roman,late-antique,mediaeval-byzantine",pleiades_settlement,25.75
628761194,Villa of Lucullus (Neaoplis),14.2479532,40.8311445,precise,villa,"roman,twenty-first-ce",pleiades_production,0.102
334776903,Pons Aelius,12.4664399121,41.9018943389,precise,bridge,"roman,late-antique",pleiades_transport,0.055
846285407,S'Imbalconadu Roman villa,9.5051592,40.8870294,precise,villa,roman,pleiades_production,0.102
720902384,Villa di Nerone,12.6219082,41.4461039,precise,villa,roman,pleiades_production,0.102
201409250,Castellaccio Europarco,12.472699,41.80281,precise,"cemetery, villa","hellenistic-republican,roman",pleiades_production,7.145
783133250,Nuraghe Sant'Imbenia,8.196389,40.622778,precise,"nuraghe, settlement","2nd-millenium-bce,archaic",pleiades_settlement,2.25
575996197,Negrar Roman Villa,10.9452002003,45.5382597065,precise,villa,roman,pleiades_production,0.102
822068560,Colle della Coedra,12.843599,41.689938,precise,fortified-settlement,twenty-first-ce,pleiades_settlement,0.0
822068561,Villa di Rufione,12.5523065926,42.8590682644,precise,villa,roman,pleiades_production,0.102
520388219,Tigellio Roman villa,9.1085565618,39.2206395762,precise,"villa, bath","roman,twenty-first-ce",pleiades_production,0.102
692947273,Capo la Timpa,15.7167,40.0,precise,settlement,archaic,pleiades_settlement,2.25
106443043,La Muculufa (Butera),14.1834889,37.1903541,precise,"settlement, settlement-modern",twentieth-ce,pleiades_settlement,0.0
158906364,Ponte Sereno,13.2668477,41.70469995,precise,bridge,roman,pleiades_transport,0.102
423119,Via delle Piagge,12.786854,41.956104,precise,villa,"hellenistic-republican,roman,twentieth-ce",pleiades_production,7.145
423120,Vicus Alexandri,12.4615543,41.8527477,precise,"settlement, port","hellenistic-republican,roman,late-antique",pleiades_settlement;pleiades_transport,7.2
423121,Vicus Augustanus Laurentium?,12.3932255227,41.6793411235,precise,settlement,"roman,roman-early-empire-late-antique,late-antique",pleiades_settlement,0.055
423122,Le Vignacce,12.5763879467,41.8388998741,precise,villa,"roman,roman-early-empire-late-antique,late-antique,modern",pleiades_production,0.055
423123,Villa Aldobrandini,12.6826208137,41.8037882968,precise,villa,"hellenistic-republican,roman,late-antique,sixteenth-ce,twentieth-ce,twenty-first-ce",pleiades_production,7.2
423124,Villa di Vibio Varo,12.7863397,41.9252568,precise,villa,"roman,twentieth-ce,twenty-first-ce",pleiades_production,0.102
423125,Villa Domitiani,12.6550285,41.73834825,precise,villa,"roman,late-antique,modern,twenty-first-ce",pleiades_production,0.055
423126,Villa Esmeade,12.47977,41.912106,precise,villa,"roman,late-antique,twentieth-ce",pleiades_production,0.055
423127,Villa Hadriani,12.7761170282,41.9415034597,precise,villa,"hellenistic-republican,roman,late-antique,modern",pleiades_production,7.2
423128,Villa Lucidi,12.708628,41.812259,precise,villa,"roman,late-antique,twentieth-ce",pleiades_production,0.055
423129,Villa Maxentii,12.521486177,41.8549277778,precise,"circus, villa, palace-complex","hellenistic-republican,roman,late-antique,modern",pleiades_production,7.2
423130,Villa Muti,12.671767376,41.8015762135,precise,villa,"hellenistic-republican,roman,late-antique,twentieth-ce",pleiades_production,7.2
423131,Villa Neronis,13.10123,41.922364,precise,villa,"roman,late-antique",pleiades_production,0.055
423134,Villa Torlonia,12.6793093693,41.8035397249,precise,villa,"hellenistic-republican,roman,late-antique,modern,twentieth-ce,twenty-first-ce",pleiades_production,7.2
423135,Villamagna,13.1118010153,41.6833773103,precise,villa,"roman,roman-early-empire-late-antique,late-antique",pleiades_production,0.055
425068,Pons Aemilius,12.4793727678,41.8893372541,precise,bridge,"hellenistic-republican,roman,late-antique,modern",pleiades_transport,7.2
425069,Untitled,12.625,41.875,rough,bridge,roman,pleiades_transport,0.102
425071,Unnamed bridge,12.875,41.625,rough,bridge,roman,pleiades_transport,0.102
425073,Unnamed bridge (near Forum Appii),12.875,41.375,rough,bridge,roman,pleiades_transport,0.102
425822,Untitled,12.375,41.875,rough,canal,roman,pleiades_transport,0.102
425823,Untitled,12.375,41.625,rough,canal,roman,pleiades_transport,0.102
425825,Emissarium of Lake Nemi,12.6883153667,41.7121724333,precise,canal,"classical,roman,late-antique,modern",pleiades_transport,2.988
425827,Unnamed canals,13.125,41.375,rough,canal,"hellenistic-republican,roman",pleiades_transport,7.145
426578,Unnamed bridge over R. Quartaccio,12.125,41.875,rough,bridge,"hellenistic-republican,roman,late-antique",pleiades_transport,7.2
426579,Roman bridge at Palidoro,12.1785507,41.9301799,precise,"bridge, settlement-modern","hellenistic-republican,roman,late-antique,modern",pleiades_transport,7.2
426580,Unnamed bridge,12.2655321153,41.906370828,precise,bridge,"hellenistic-republican,roman,late-antique",pleiades_transport,7.2
426581,Untitled,12.375,41.875,rough,bridge,"roman,late-antique",pleiades_transport,0.055
426584,Villa delle Grotte at Grottarossa,12.4844788,41.95757235,precise,"tomb, villa","classical,hellenistic-republican,roman,late-antique",pleiades_production,17.6
426586,Unnamed bridge in the Piazza Eugenio Biffi,12.4901634968,41.8666640307,precise,bridge,"hellenistic-republican,roman,late-antique",pleiades_transport,7.2
426589,Ponte di Vallerano,12.445345,41.826733,precise,bridge,"hellenistic-republican,roman,late-antique,twentieth-ce",pleiades_transport,7.2
426590,Unnamed bridge,12.375,41.875,rough,"bridge, settlement-modern","hellenistic-republican,roman,late-antique,twenty-first-ce",pleiades_transport,7.2
426591,Ponte di Malafede,12.3780048,41.7755265,precise,"bridge, settlement-modern","hellenistic-republican,roman,late-antique,twentieth-ce,twenty-first-ce",pleiades_transport,7.2
426592,Ponte Ladrone,12.3751754,41.7896892,precise,bridge,"hellenistic-republican,roman,late-antique,twentieth-ce",pleiades_transport,7.2
426593,Unnamed tuff quarry,12.4019607,41.7430975,precise,"settlement-modern, quarry","hellenistic-republican,roman,twenty-first-ce",pleiades_production,7.145
426598,Roman villa and aqueduct at Ponte delle Sette Miglia,12.625,41.875,rough,"aqueduct, villa","roman,late-antique",pleiades_production,0.055
426599,Villa and aqueduct at Vermicino,12.6419037,41.8252227,precise,"aqueduct, villa, settlement-modern","roman,late-antique,modern",pleiades_production,0.055
426600,Untitled,12.673457,41.833797,precise,"villa, settlement-modern","hellenistic-republican,roman,late-antique,twenty-first-ce",pleiades_production,7.2
426601,Untitled,12.625,41.875,rough,"settlement, villa","hellenistic-republican,roman,late-antique",pleiades_settlement;pleiades_production,7.2
426602,Unnamed villa,12.6105711,41.8641331,precise,"villa, settlement-modern","hellenistic-republican,roman,late-antique,modern",pleiades_production,7.2
426603,Untitled,12.625,41.875,rough,bridge,"hellenistic-republican,roman,late-antique",pleiades_transport,7.2
426604,"Villa del Torraccio, Torrenova",12.6102712351,41.8478609269,precise,"villa, settlement-modern","hellenistic-republican,roman,late-antique,twenty-first-ce",pleiades_production,7.2
426607,Untitled,12.875,41.875,rough,"bridge, quarry, temple-2","archaic,classical,hellenistic-republican,roman,late-antique",pleiades_production;pleiades_transport,25.75
426610,Untitled,12.875,41.875,rough,bridge,"roman,late-antique",pleiades_transport,0.055
426611,Untitled,12.7830541324,41.9232405711,precise,bridge,"hellenistic-republican,roman,late-antique,twentieth-ce",pleiades_transport,7.2
426612,Bridge over Fosso di Acqua Rossa,12.79031,41.904633,precise,bridge,"roman,twentieth-ce",pleiades_transport,0.102
426613,Ponte Ceccara,12.760130441,41.8789273883,precise,bridge,"hellenistic-republican,roman,late-antique",pleiades_transport,7.2
426614,Ponte dell’Acqua Nera,12.7863084,41.871736,precise,bridge,"hellenistic-republican,roman,late-antique,twentieth-ce",pleiades_transport,7.2
426615,Ponte Amato,12.81137605,41.86836795,precise,bridge,"roman,late-antique,twentieth-ce",pleiades_transport,0.055
426616,Colle Rasto Settlement,12.845665,41.8428269,precise,"settlement, settlement-modern","classical,hellenistic-republican,roman,late-antique,twentieth-ce,twenty-first-ce",pleiades_settlement,17.6
426617,Roman villa near Praeneste,12.8976195,41.8341512,precise,villa,"roman,roman-early-empire-late-antique,late-antique",pleiades_production,0.055
426619,Villas on Via Castrimeniense,12.5791600594,41.8287165565,precise,villa,"roman,late-antique,twentieth-ce",pleiades_production,0.055
426620,Vigna Spinabella,12.625,41.875,rough,villa,"hellenistic-republican,roman,late-antique",pleiades_production,7.2
426622,Roman Villa at Lago di Nemi,12.6977522,41.7166154,precise,villa,"roman,late-antique",pleiades_production,0.055
426625,Villas at Castelporziano,12.357962,41.700681,precise,villa,"roman,late-antique",pleiades_production,0.055
426626,Unnamed Roman villa,12.4988,41.591196,precise,villa,"roman,late-antique",pleiades_production,0.055
426627,Road station at Foce del Fosso Grande,12.625,41.625,rough,station,"roman,late-antique",pleiades_transport,0.055
426629,Ponte Loreto,12.6941709413,41.6454443453,precise,bridge,"hellenistic-republican,roman,late-antique,twentieth-ce",pleiades_transport,7.2
426630,Ponte di Mele,12.625,41.625,rough,bridge,"hellenistic-republican,roman,late-antique,modern,twentieth-ce",pleiades_transport,7.2
426631,Untitled,12.875,41.625,rough,bridge,"hellenistic-republican,roman,late-antique",pleiades_transport,7.2
426634,Ponte di Traiano at Tor Tre Ponti,12.95039285,41.50349415,precise,bridge,"roman,late-antique,twentieth-ce,twenty-first-ce",pleiades_transport,0.055
426635,Untitled,12.875,41.375,rough,bridge,"roman,late-antique",pleiades_transport,0.055
426636,Roman villa near Setia,13.0706929,41.4859276,precise,villa,"hellenistic-republican,hellenistic-roman-early-empire,roman,late-antique",pleiades_production,7.2
428087,Untitled,12.375,41.875,rough,salt-pan-salina,"archaic,classical,hellenistic-republican,roman",pleiades_production,25.695
432617,Abella,14.6003925,40.965054,precise,settlement,"hellenistic-republican,roman,late-antique,twentieth-ce",pleiades_settlement,7.2
432618,Abellinum,14.8311870834,40.9223280563,precise,"settlement, amphitheatre, archaeological-site","hellenistic-republican,roman,late-antique",pleiades_settlement,7.2
432621,Acerrae,14.371233,40.946092,precise,settlement,"hellenistic-republican,roman,late-antique",pleiades_settlement,7.2
432623,Acqua Claudia,12.30187205,42.06759695,precise,villa,"hellenistic-republican,roman,roman-early-empire-late-antique",pleiades_production,7.173
432626,Ad Flexum,13.9677794829,41.4464211973,precise,"station, archaeological-site","hellenistic-republican,roman,late-antique,twentieth-ce,twenty-first-ce",pleiades_transport,7.2
432629,Ad Medias,13.10272235,41.38571465,precise,"station, settlement-modern","roman,late-antique,modern",pleiades_transport,0.055
432631,Ad Octavum,14.14361,41.11417,precise,station,late-antique,pleiades_transport,0.0
432633,Ad Quartum,14.140293,40.877822,precise,station,"hellenistic-republican,roman,late-antique",pleiades_transport,7.2
432635,Ad Rotas/Rotae,14.17702,41.521123,precise,"station, settlement-modern","hellenistic-republican,roman,late-antique,modern,twentieth-ce,twenty-first-ce",pleiades_transport,7.2
432636,Ad Septimum,14.191132,40.984028,precise,station,"hellenistic-republican,roman,late-antique",pleiades_transport,7.2
432641,Ad Teglanum,14.549705,40.86594,precise,station,"hellenistic-republican,roman,late-antique,twentieth-ce",pleiades_transport,7.2
432643,Ad Turres,13.099955,41.252486,precise,station,"hellenistic-republican,roman,late-antique",pleiades_transport,7.2
432644,Ad Turres Albas,12.923377,41.386204,precise,station,"hellenistic-republican,roman",pleiades_transport,7.145
432649,Aequana,14.4264683,40.6623446,precise,"settlement, settlement-modern","archaic,hellenistic-republican,roman,late-antique,twenty-first-ce",pleiades_settlement,9.45
432652,Aesernia,14.2324325,41.596276,precise,settlement,"hellenistic-republican,roman,late-antique,modern",pleiades_settlement,7.2
432654,Afragola,14.30722,40.921039,precise,settlement,"hellenistic-republican,twentieth-ce",pleiades_settlement,4.0
432655,Agellum,13.590599,42.08083,precise,"settlement, settlement-modern","hellenistic-republican,roman,modern",pleiades_settlement,7.145
432656,Agnone,14.383245,41.8106527,precise,"settlement, defensive-wall, sanctuary","1st-millennium-bce,classical,hellenistic-republican,twentieth-ce",pleiades_settlement,12.321
432658,Al(l)ifae,14.330592,41.328486,precise,"settlement, amphitheatre","hellenistic-republican,roman,late-antique,twentieth-ce",pleiades_settlement,7.2
432664,Aletrium,13.343955,41.724822,precise,settlement,"hellenistic-republican,roman,late-antique,mediaeval-byzantine,modern",pleiades_settlement,7.2
432666,Alfedena,14.032523,41.734257,precise,"settlement, cemetery","archaic,classical",pleiades_settlement,8.15
432670,Amalfitana Civitas,14.60257,40.634361,precise,settlement,late-antique,pleiades_settlement,0.0
432672,Amplero,13.6026890608,41.9187226473,precise,"settlement, archaeological-site","hellenistic-republican,roman,twentieth-ce,twenty-first-ce",pleiades_settlement,7.145
432676,Angitiae Lucus,13.4675938296,41.9643832563,precise,"sanctuary, settlement","hellenistic-republican,roman,roman-early-empire-late-antique,late-antique,modern",pleiades_settlement,7.2
432679,Antinum,13.4711263,41.8861054,precise,"settlement, settlement-modern","hellenistic-republican,roman,late-antique,twenty-first-ce",pleiades_settlement,7.2
432695,Aquinum,13.705626,41.492208,precise,settlement,"hellenistic-republican,roman,late-antique,twentieth-ce",pleiades_settlement,7.2
432700,Arpinum,13.609876,41.648422,precise,"city-gate, settlement, archaeological-site","hellenistic-republican,roman,late-antique,modern",pleiades_settlement,7.2
432702,Arx Fregellana,13.58542,41.58715,precise,settlement,"hellenistic-republican,roman,late-antique,modern",pleiades_settlement,7.2
432703,Astura,12.765272,41.408855,precise,villa,"hellenistic-republican,roman,twentieth-ce",pleiades_production,7.145
432705,Atella (Campania),14.26311,40.964613,precise,"settlement, amphitheatre","hellenistic-republican,roman,late-antique",pleiades_settlement,7.2
432708,Atina,13.7971679209,41.6207105927,precise,settlement,"hellenistic-republican,roman,late-antique",pleiades_settlement,7.2
432709,Aufidena,14.108223,41.784299,precise,settlement,"hellenistic-republican,roman,late-antique",pleiades_settlement,7.2
432713,Aversa,14.207679,40.973328,precise,settlement,"hellenistic-republican,roman,twentieth-ce",pleiades_settlement,7.145
432716,Baiae,14.0702734022,40.8173606854,precise,"settlement, archaeological-site, bath","hellenistic-republican,roman,late-antique,modern",pleiades_settlement,7.2
432720,Bauli,14.066789,40.832263,precise,settlement,"hellenistic-republican,roman,late-antique",pleiades_settlement,7.2
432721,Beneventum/Maleventum,14.781161,41.130437,precise,settlement,"hellenistic-republican,roman,late-antique,mediaeval-byzantine,modern",pleiades_settlement,7.2
432723,Boscoreale,14.4732795,40.76841,precise,settlement,roman,pleiades_settlement,0.102
432724,Boscotrecase,14.462036,40.77431,precise,"settlement, settlement-modern","roman,modern",pleiades_settlement,0.102
432725,Bovianum,14.473913,41.48673,precise,"settlement, settlement-modern","hellenistic-republican,roman,late-antique,modern",pleiades_settlement,7.2
432727,Buca,14.996484,42.004313,precise,settlement,"hellenistic-republican,roman,twentieth-ce",pleiades_settlement,7.145
432733,Caiatia,14.364282,41.178153,precise,settlement,"hellenistic-republican,roman,late-antique,modern",pleiades_settlement,7.2
432734,Caieta,13.570989,41.214072,precise,"settlement, port","hellenistic-republican,roman,late-antique,modern",pleiades_settlement;pleiades_transport,7.2
432737,Callifae?,14.1509143873,41.4002913611,precise,"fortified-settlement, settlement","hellenistic-republican,roman,late-antique",pleiades_settlement,7.2
432738,Calatia,14.3562465,41.044283,precise,settlement,"archaic,classical,hellenistic-republican,roman,late-antique,twentieth-ce",pleiades_settlement,25.75
432739,Cales (Campania),14.1321245,41.199961,precise,settlement,"classical,hellenistic-republican,roman,late-antique,twentieth-ce,twenty-first-ce",pleiades_settlement,17.6
432745,Campobasso,14.65681,41.562732,precise,settlement,"classical,hellenistic-republican",pleiades_settlement,10.4
432749,Villa Maritima di Capo di Sorrento,14.3516337,40.6340423,precise,villa,"roman,twentieth-ce,twenty-first-ce",pleiades_production,0.102
432751,Capreae,14.243228,40.55011,precise,"settlement, villa","classical,hellenistic-republican,roman,modern",pleiades_settlement;pleiades_production,17.545
432753,Capriati,14.146772,41.466625,precise,settlement,"hellenistic-republican,roman",pleiades_settlement,7.145
432754,Capua,14.250207,41.0860925,precise,settlement,"archaic,classical,hellenistic-republican,roman,late-antique,twentieth-ce,twenty-first-ce",pleiades_settlement,25.75
432759,Carovilli,14.29561,41.714422,precise,"settlement, sanctuary","classical,hellenistic-republican",pleiades_settlement,10.4
432760,Carsioli,13.0654793,42.08904735,precise,settlement,"classical,hellenistic-republican,roman,late-antique",pleiades_settlement,17.6
432762,Cascano,13.969802,41.233083,precise,settlement,"hellenistic-republican,roman",pleiades_settlement,7.145
432763,Casilinum,14.2170763,41.1034594,precise,settlement,"hellenistic-republican,roman,late-antique",pleiades_settlement,7.2
432764,Casinum,13.830583,41.492907,precise,settlement,"hellenistic-republican,roman,late-antique,modern",pleiades_settlement,7.2
432766,Castellina,11.840555,42.062123,precise,settlement,twentieth-ce,pleiades_settlement,0.0
432770,Castro dei Volsci,13.4065751,41.5090635,precise,"settlement, settlement-modern","hellenistic-republican,roman,late-antique,twentieth-ce,twenty-first-ce",pleiades_settlement,7.2
432771,Castropignano,14.560796,41.619391,precise,settlement,"hellenistic-republican,roman,late-antique,twentieth-ce",pleiades_settlement,7.2
432772,Castrum Novum,11.8334515369,42.0352849142,precise,"settlement, archaeological-site","hellenistic-republican,roman",pleiades_settlement,7.145
432773,Caudium,14.6367615,41.06255,precise,settlement,"archaic,classical,hellenistic-republican,roman,late-antique,twentieth-ce",pleiades_settlement,25.75
432776,Cereatae Marianae,13.487263063,41.6713196555,precise,"settlement, abbey","hellenistic-republican,roman,thirteenth-ce,fourteenth-ce,fifteenth-ce,sixteenth-ce,seventeenth-ce,eighteenth-ce,nineteenth-ce,twentieth-ce,twenty-first-ce",pleiades_settlement,7.145
432777,Cerfennia,13.6257,42.05903,precise,"station, settlement-modern","roman,late-antique,modern",pleiades_transport,0.055
432778,Chiauci,14.384677,41.677418,precise,settlement,"classical,hellenistic-republican",pleiades_settlement,10.4
432782,Circeii 1,13.096264,41.235627,precise,settlement,"classical,hellenistic-republican",pleiades_settlement,10.4
432783,Circeii 2,13.034928,41.252111,precise,"settlement, port","hellenistic-republican,roman",pleiades_settlement;pleiades_transport,7.145
432784,Civitanova,14.3903263,41.6709297,precise,"settlement, hill","classical,hellenistic-republican,twentieth-ce,twenty-first-ce",pleiades_settlement,10.4
432787,Cliternia,15.034695,41.957052,precise,settlement,"roman,twentieth-ce",pleiades_settlement,0.102
432788,Clostra (Romana),12.872401,41.414938,precise,station,"roman,late-antique",pleiades_transport,0.055
432789,Cluturnum,14.373563,41.533898,precise,station,"roman,late-antique",pleiades_transport,0.055
432794,Colle Mitra,13.925641,42.04688,precise,settlement,"classical,hellenistic-republican,twentieth-ce",pleiades_settlement,10.4
432797,Colle Tassito,13.873828,42.011101,precise,settlement,"hellenistic-republican,twentieth-ce",pleiades_settlement,4.0
432805,Cretone,12.703932,42.073156,precise,settlement,"archaic,classical,twentieth-ce",pleiades_settlement,8.15
432808,Cumae/Kyme (Campanian),14.0563813,40.84794965,precise,"settlement, port","archaic,classical,hellenistic-republican,roman,late-antique",pleiades_settlement;pleiades_transport,25.75
432811,Damecuta,14.2010157655,40.5587908026,precise,villa,"roman,twentieth-ce",pleiades_production,0.102
432812,Decennovium,13.25,41.25,rough,road,late-antique,pleiades_transport,0.0
432815,Dikaiarcheia/Puteoli,14.1217415,40.825838,precise,settlement,"archaic,classical,hellenistic-republican,roman,late-antique,modern",pleiades_settlement,25.75
432817,Duronia,14.4590313,41.6538203,precise,"settlement, hill","hellenistic-republican,twentieth-ce,twenty-first-ce",pleiades_settlement,4.0
432825,Fabrateria Nova,13.558107,41.51929,precise,"settlement, amphitheatre","hellenistic-republican,roman,late-antique",pleiades_settlement,7.2
432826,Fabrateria Vetus,13.333544,41.568449,precise,settlement,"hellenistic-republican,roman,twentieth-ce",pleiades_settlement,7.145
432827,Fagifulae,14.671377,41.6514025,precise,"settlement, settlement-modern","hellenistic-republican,roman,modern,twentieth-ce",pleiades_settlement,7.145
432829,Faustianum?,13.945091,41.161895,precise,settlement,"roman,twentieth-ce",pleiades_settlement,0.102
432830,Ferentinum,13.253364,41.692693,precise,settlement,"hellenistic-republican,roman,late-antique",pleiades_settlement,7.2
432831,Ferrazzano,14.671646,41.53018,precise,settlement,"classical,hellenistic-republican",pleiades_settlement,10.4
432838,Fonte Romito,14.296273,41.839559,precise,"settlement, sanctuary","archaic,classical,hellenistic-republican,roman,twentieth-ce",pleiades_settlement,25.695
432839,Formiae,13.6035325,41.2560395,precise,"settlement, amphitheatre, theatre","hellenistic-republican,roman,late-antique",pleiades_settlement,7.2
432843,Forum Popillii,13.966869,41.17202,precise,settlement,"hellenistic-republican,roman",pleiades_settlement,7.145
432845,Fratte,14.7776015403,40.6979760748,precise,settlement,"archaic,classical,twentieth-ce",pleiades_settlement,8.15
432846,Fregellae,13.538889,41.536667,precise,settlement,"hellenistic-republican,roman",pleiades_settlement,7.145
432847,Fregellanum,13.513236,41.5461,precise,settlement,late-antique,pleiades_settlement,0.0
432851,Frosolone,14.448738,41.601108,precise,settlement,"classical,hellenistic-republican",pleiades_settlement,10.4
432852,Frusino,13.351922,41.64016,precise,settlement,"hellenistic-republican,roman,late-antique,modern",pleiades_settlement,7.2
432855,Fundi,13.427922,41.357429,precise,settlement,"hellenistic-republican,roman,late-antique",pleiades_settlement,7.2
432863,Gianola,13.6689953453,41.2493499378,precise,"building, archaeological-site, villa, cistern","hellenistic-republican,roman,modern,twentieth-ce",pleiades_production,7.145
432865,Gioia dei Marsi,13.684089,41.956093,precise,settlement,"hellenistic-republican,roman,twentieth-ce",pleiades_settlement,7.145
432866,Giurlanda,13.666003,42.026717,precise,settlement,"hellenistic-republican,roman,twentieth-ce",pleiades_settlement,7.145
432867,Grottacce,11.9017218,42.0395539,precise,villa,roman,pleiades_production,0.102
432871,Hamae,14.071241,40.880458,precise,settlement,hellenistic-republican,pleiades_settlement,4.0
432873,Herculaneum,14.3473828114,40.8054053939,precise,"settlement, archaeological-site","classical,hellenistic-republican,roman,first-ce,late-antique,modern,twentieth-ce",pleiades_settlement,17.6
432875,‘Herculis Rani’?,14.533055,41.450425,precise,"sanctuary, station","hellenistic-republican,roman,late-antique",pleiades_transport,7.2
432884,Interamna Lirenas,13.7539255549,41.4276737161,precise,"settlement, theatre","hellenistic-republican,roman",pleiades_settlement,7.145
432885,‘Invinias’,14.105023,40.829882,precise,station,late-antique,pleiades_transport,0.0
432886,‘Iovis Lareni’,13.9901244292,42.0029401077,precise,"settlement, station, sanctuary","hellenistic-republican,hellenistic-roman-early-empire,roman,late-antique",pleiades_settlement;pleiades_transport,7.2
432887,Iuvanum,14.2496038334,41.9977087668,precise,"settlement, archaeological-site","hellenistic-republican,roman,twentieth-ce",pleiades_settlement,7.145
432890,Kupelternum/Cubulteria,14.327125,41.251934,precise,settlement,"classical,hellenistic-republican,roman,late-antique",pleiades_settlement,17.6
432893,La Giostra,13.5923927808,41.9290157399,precise,"settlement, archaeological-site","classical,hellenistic-republican,twentieth-ce",pleiades_settlement,10.4
432895,Lago di Paola,13.0395205097,41.2682982343,precise,villa,"roman,twentieth-ce",pleiades_production,0.102
432899,*Lavernae,13.83803,42.065392,precise,settlement,"hellenistic-republican,roman,twentieth-ce",pleiades_settlement,7.145
432907,Ligures Baebiani,14.8110530831,41.3194200222,precise,"settlement, archaeological-site, settlement-modern","hellenistic-republican,roman,twentieth-ce,twenty-first-ce",pleiades_settlement,7.145
432911,Liternum,14.0300735059,40.9210656031,precise,settlement,"hellenistic-republican,hellenistic-roman-early-empire,roman,roman-early-empire-late-antique",pleiades_settlement,7.173
432921,Malborghetto,12.491215,42.058824,precise,settlement,"late-antique,modern",pleiades_settlement,0.0
432927,Marruvium,13.6142935,42.01271,precise,"settlement, settlement-modern","hellenistic-republican,roman,late-antique,modern",pleiades_settlement,7.2
432932,Matrice,14.710515,41.613726,precise,"villa, archaeological-site","hellenistic-republican,roman",pleiades_production,7.145
432936,Mignano,13.986398,41.407034,precise,settlement,"hellenistic-republican,roman,twentieth-ce",pleiades_settlement,7.145
432939,Minori,14.6263769333,40.6505093,precise,villa,"roman,twenty-first-ce",pleiades_production,0.102
432940,Minturnae,13.7684175702,41.2421529896,precise,"settlement, archaeological-site","hellenistic-republican,roman,late-antique",pleiades_settlement,7.2
432941,Misenum,14.084884,40.786279,precise,"settlement, port","roman,late-antique,twentieth-ce,twenty-first-ce",pleiades_settlement;pleiades_transport,0.055
432944,Monte Acero,14.491642,41.258879,precise,settlement,"classical,hellenistic-republican,twentieth-ce",pleiades_settlement,10.4
432945,Monte Annamunna,13.568226,41.922008,precise,settlement,"classical,hellenistic-republican,twentieth-ce",pleiades_settlement,10.4
432946,Monte Castellone (Torcino),14.131545,41.445348,precise,settlement,"classical,hellenistic-republican,twentieth-ce",pleiades_settlement,10.4
432947,Monte Castellone 2,14.3281081,41.1322626,precise,"defensive-wall, settlement","1st-millennium-bce,classical,hellenistic-republican,twentieth-ce",pleiades_settlement,12.321
432948,Monte Cavallerizzo,14.2742471,41.8020514,precise,"mountain, settlement","classical,hellenistic-republican,twentieth-ce,twenty-first-ce",pleiades_settlement,10.4
432949,Monte Cicoli,13.854877,41.149052,precise,settlement,"classical,hellenistic-republican",pleiades_settlement,10.4
432950,Monte Cila,14.36046,41.368368,precise,"settlement, hill","classical,hellenistic-republican",pleiades_settlement,10.4
432952,Monte Frascara,13.938727,41.304958,precise,settlement,"classical,hellenistic-republican,twentieth-ce",pleiades_settlement,10.4
432953,Monte Monaco di Gioia,14.4781328894,41.2833979409,precise,"church-2, settlement","classical,hellenistic-republican,twentieth-ce",pleiades_settlement,10.4
432954,Monte Nero,14.070344,41.717809,precise,"settlement, settlement-modern","classical,hellenistic-republican,twentieth-ce,twenty-first-ce",pleiades_settlement,10.4
432958,Monte S. Angelo,14.1256518,41.3256896,precise,"settlement, hill","classical,hellenistic-republican,twenty-first-ce",pleiades_settlement,10.4
432959,Monte S. Croce,13.9725,41.2969444,precise,"settlement, mountain","classical,hellenistic-republican,modern",pleiades_settlement,10.4
432960,Monte S. Croce,14.327009675,41.1833225182,precise,"settlement, acropolis","classical,hellenistic-republican,roman",pleiades_settlement,17.545
432963,Monte Saraceno di Cercemaggiore,14.7364108,41.45724,precise,"defensive-wall, settlement","classical,hellenistic-republican,roman,twentieth-ce",pleiades_settlement,17.545
432965,Monte Vairano,14.5900376,41.5449481,precise,"settlement, archaeological-site","classical,hellenistic-republican",pleiades_settlement,10.4
432970,Monteverde,14.6303317973,41.4984103881,precise,"church-2, settlement","archaic,classical,eleventh-ce,modern",pleiades_settlement,8.15
432971,Montevetrano,14.860673,40.677515,precise,settlement,"archaic,twentieth-ce",pleiades_settlement,2.25
432973,Morroni,13.848446,41.378294,precise,settlement,"archaic,classical,twentieth-ce",pleiades_settlement,8.15
432975,Mura di S. Stefano,12.2584970129,42.070202208,precise,villa,"roman,roman-early-empire-late-antique,late-antique,twentieth-ce,twenty-first-ce",pleiades_production,0.055
432979,Neratii,14.6334476233,41.4522600029,precise,villa,roman,pleiades_production,0.102
432981,Nola,14.524545,40.926823,precise,settlement,"archaic,classical,hellenistic-republican,roman,late-antique",pleiades_settlement,25.75
432985,Nuceria (Alfaterna),14.673929,40.743128,precise,settlement,"archaic,classical,hellenistic-republican,roman,late-antique",pleiades_settlement,25.75
432986,*Nuceriola,14.828707,41.1233865,precise,station,"roman,late-antique",pleiades_transport,0.055
432992,Oplontis,14.4527291195,40.7573908393,precise,"settlement, villa","hellenistic-republican,hellenistic-roman-early-empire,roman,modern,twentieth-ce",pleiades_settlement;pleiades_production,7.145
432994,Oratino,14.586791,41.584927,precise,settlement,"classical,hellenistic-republican,twentieth-ce",pleiades_settlement,10.4
433001,Pagus Capriculanus?,14.606223,40.896055,precise,settlement,"hellenistic-republican,roman,twentieth-ce",pleiades_settlement,7.145
433002,Pagus Meflanus,14.85632,41.2419715,precise,settlement,"hellenistic-republican,roman",pleiades_settlement,7.145
433003,Pagus Sarclanus,13.894563,41.115166,precise,"settlement, archaeological-site","hellenistic-republican,roman,twentieth-ce",pleiades_settlement,7.145
433004,Pagus Vescinus,13.81796,41.28326,precise,settlement,"hellenistic-republican,roman",pleiades_settlement,7.145
433006,Palazzo a Mare,14.234301,40.557984,precise,villa,"roman,twentieth-ce",pleiades_production,0.102
433007,*Pallanum,14.383333,42.033333,precise,"mountain, settlement","classical,hellenistic-republican,modern",pleiades_settlement,10.4
433010,Panapio/Punicum,11.867938,42.0354641,precise,"settlement, settlement-modern","hellenistic-republican,roman,late-antique,twenty-first-ce",pleiades_settlement,7.2
433014,Parthenope/Neapolis,14.25287,40.839995,precise,"urban, settlement","archaic,classical,hellenistic-republican,roman,late-antique,modern",pleiades_settlement,25.75
433020,Pescolanciano,14.338156,41.679558,precise,settlement,"classical,hellenistic-republican,twentieth-ce",pleiades_settlement,10.4
433021,Pian di Sorrento,14.407028,40.636613,precise,settlement,"classical,twentieth-ce",pleiades_settlement,2.933
433023,Piano della Civitella,13.907756,42.003875,precise,settlement,"classical,hellenistic-republican,twentieth-ce",pleiades_settlement,10.4
433026,Pithekoussai (settlement),13.8820005,40.7580256,precise,"settlement, archaeological-site","archaic,twentieth-ce,twenty-first-ce",pleiades_settlement,2.25
433028,Pitonia?,13.440554,41.99175,precise,settlement,"hellenistic-republican,roman",pleiades_settlement,7.145
433032,Pompeii,14.485429,40.74941,precise,"urban, settlement","archaic,classical,hellenistic-republican,first-bce,roman,first-ce,modern",pleiades_settlement,25.75
433035,Pons Apollinis,11.8812405,42.0387821,precise,bridge,"hellenistic-republican,roman",pleiades_transport,7.145
433036,Pons Campanus,13.9688025,41.1317445,precise,bridge,"hellenistic-republican,roman,late-antique",pleiades_transport,7.2
433037,Pons Auruncus,13.909388,41.232489,precise,bridge,"hellenistic-republican,roman",pleiades_transport,7.145
433039,Pons Tirenus,13.771826,41.241686,precise,bridge,"hellenistic-republican,roman",pleiades_transport,7.145
433041,Pontia,12.9629906404,40.909282022,precise,"settlement, settlement-modern, island","archaic,classical,roman,modern,twenty-first-ce",pleiades_settlement,8.252
433043,Porticone,14.990563,41.995784,precise,settlement,"archaic,classical,twentieth-ce",pleiades_settlement,8.15
433044,Porto,13.875119,41.336458,precise,settlement,roman,pleiades_settlement,0.102
433048,Roman villa at Positano,14.486888,40.628479,precise,villa,"roman,modern,twenty-first-ce",pleiades_production,0.102
433052,Privernum,13.1851343,41.4907686,precise,settlement,"classical,hellenistic-republican,roman",pleiades_settlement,17.545
433055,Punta Chiarito,13.879191,40.69825,precise,settlement,"archaic,twentieth-ce",pleiades_settlement,2.25
433057,Punta Eolo,13.430066913,40.8012167054,precise,villa,"roman,twentieth-ce",pleiades_production,0.102
433061,Pyrgi,11.9626995307,42.0155261018,precise,"sanctuary, temple-2, archaeological-site, settlement, port","archaic,classical,hellenistic-republican,roman,late-antique,modern",pleiades_settlement;pleiades_transport,25.75
433070,Rufrae,14.078067,41.376142,precise,settlement,"hellenistic-republican,roman,modern",pleiades_settlement,7.145
433073,Saepinum,14.617557,41.433541,precise,settlement,"classical,hellenistic-republican,roman,roman-early-empire-late-antique,late-antique,modern",pleiades_settlement,17.6
433075,Salernum,14.765922,40.677988,precise,settlement,"hellenistic-republican,roman,late-antique,twentieth-ce,twenty-first-ce",pleiades_settlement,7.2
433080,S. Angelo d’Ogliara,14.814195,40.70483,precise,settlement,"classical,hellenistic-republican,twentieth-ce,twenty-first-ce",pleiades_settlement,10.4
433081,S. Apollinare,13.830828,41.40261,precise,settlement,"classical,hellenistic-republican",pleiades_settlement,10.4
433083,S. Buono,14.570712,41.981785,precise,"settlement, sanctuary","archaic,classical,hellenistic-republican",pleiades_settlement,18.55
433085,S. Giacomo,14.94721,41.96428,precise,villa,"roman,late-antique",pleiades_production,0.055
433093,S. Marzano,14.586219,40.776589,precise,settlement,"archaic,twentieth-ce",pleiades_settlement,2.25
433094,S. Rocco,14.0585376935,41.184685135,precise,villa,"hellenistic-republican,roman",pleiades_production,7.145
433098,S. Valentino Torio,14.601766,40.793704,precise,settlement,"archaic,twentieth-ce",pleiades_settlement,2.25
433099,S. Vincenzo al Volturno,14.086584,41.649335,precise,settlement,"hellenistic-republican,roman,modern",pleiades_settlement,7.145
433100,S. Vittore,13.933789,41.462515,precise,settlement,"classical,hellenistic-republican,modern",pleiades_settlement,10.4
433101,Sarno,14.619565,40.811763,precise,settlement,archaic,pleiades_settlement,2.25
433105,Saticula,14.501299,41.090948,precise,settlement,"archaic,classical,hellenistic-republican,roman,late-antique,twentieth-ce",pleiades_settlement,25.75
433107,Sava di Baronissi,14.7824363,40.7456287,precise,villa,"hellenistic-republican,roman,twentieth-ce",pleiades_production,7.145
433111,Scauri,13.698676,41.251174,precise,villa,"hellenistic-republican,roman",pleiades_production,7.145
433122,Sinues(s)a/Sinope,13.84483,41.15229,precise,"settlement, settlement-modern","hellenistic-republican,roman,late-antique,modern,twentieth-ce",pleiades_settlement,7.2
433125,Sirpium?,14.666714,41.344079,precise,"settlement, fort","roman,late-antique",pleiades_settlement,0.055
433126,Sora,13.6139576,41.7203358,precise,settlement,"hellenistic-republican,roman,late-antique",pleiades_settlement,7.2
433127,Speluncae,13.44998035,41.2502679,precise,"settlement, cave","roman,late-antique,modern",pleiades_settlement,0.055
433128,Stabiae,14.4989227191,40.7029699785,precise,"settlement, archaeological-site","hellenistic-republican,first-bce,roman,first-ce,late-antique",pleiades_settlement,7.2
433130,Striano,14.577508,40.817055,precise,settlement,"archaic,twentieth-ce",pleiades_settlement,2.25
433132,Suessa Aurunca,13.932224,41.238254,precise,settlement,"archaic,classical,hellenistic-republican,roman,late-antique",pleiades_settlement,25.75
433133,Suessula,14.398616924,40.9900796014,precise,settlement,"classical,hellenistic-republican,roman,late-antique",pleiades_settlement,17.6
433134,Sulmo,13.925673,42.046817,precise,settlement,"hellenistic-republican,roman,late-antique,modern",pleiades_settlement,7.2
433135,Super *Tamari Fluvium,14.683403,41.386302,precise,station,roman,pleiades_transport,0.102
433138,*Supinum,13.534276,41.967482,precise,"settlement, theatre","hellenistic-republican,roman",pleiades_settlement,7.145
433139,Surrentum,14.370775,40.625464,precise,settlement,"hellenistic-republican,roman,late-antique",pleiades_settlement,7.2
433143,Tarracina(e)/Anxur,13.24885,41.291169,precise,"sanctuary, settlement","archaic,classical,hellenistic-republican,roman,late-antique,modern",pleiades_settlement,25.75
433146,Teanum Sidicinum,14.0700745,41.2502785,precise,settlement,"classical,hellenistic-republican,roman,late-antique,twentieth-ce",pleiades_settlement,17.6
433147,Telesia,14.5041752135,41.2234541313,precise,settlement,"hellenistic-republican,roman,late-antique,twentieth-ce",pleiades_settlement,7.2
433148,Terravecchia,14.6011206692,41.4310814633,precise,"sanctuary, settlement","classical,hellenistic-republican,twentieth-ce",pleiades_settlement,10.4
433149,Terventum,14.551936,41.782158,precise,settlement,"hellenistic-republican,roman,late-antique,twentieth-ce",pleiades_settlement,7.2
433150,Terzigno,14.499581,40.8102325,precise,"settlement, settlement-modern","roman,modern,twentieth-ce",pleiades_settlement,0.102
433159,Torre S. Limato,13.85795,41.139027,precise,villa,"hellenistic-republican,roman",pleiades_production,7.145
433162,Treba,13.2501345,41.8626645,precise,settlement,"hellenistic-republican,roman,late-antique",pleiades_settlement,7.2
433164,Trebula Balli(ni)ensium,14.2608725509,41.2279742542,precise,settlement,"hellenistic-republican,roman",pleiades_settlement,7.145
433165,Treppete,13.873787,41.113325,precise,villa,roman,pleiades_production,0.102
433176,Urbana,14.032656,41.1232685,precise,settlement,hellenistic-republican,pleiades_settlement,4.0
433177,Uscosium?,14.947224,41.96435,precise,settlement,"hellenistic-republican,roman",pleiades_settlement,7.145
433180,Val Fondillo,13.845121,41.775381,precise,settlement,classical,pleiades_settlement,2.933
433185,Venafrum,14.046066,41.484488,precise,settlement,"hellenistic-republican,roman,late-antique,modern",pleiades_settlement,7.2
433187,Verulae,13.417284,41.69053,precise,settlement,"hellenistic-republican,roman,late-antique,twenty-first-ce",pleiades_settlement,7.2
433192,Vicalvi,13.70748,41.677951,precise,"settlement, amphitheatre","archaic,classical,hellenistic-republican,twentieth-ce",pleiades_settlement,18.55
433194,Vicus (...)staniensis,13.507816,41.9543,precise,settlement,"hellenistic-republican,roman",pleiades_settlement,7.145
433195,Vicus *Novaniensis/Ad Novas,14.465967,41.028493,precise,settlement,"roman,late-antique",pleiades_settlement,0.055
433196,Vicus Anninus,13.6910044006,41.8927769893,precise,"settlement, settlement-modern","hellenistic-republican,roman,modern,twentieth-ce,twenty-first-ce",pleiades_settlement,7.145
433197,Vicus Feniculensis,14.076529,41.013131,precise,settlement,"late-antique,twentieth-ce",pleiades_settlement,0.0
433198,Vicus Palatius,14.173299,41.191896,precise,settlement,roman,pleiades_settlement,0.102
433199,Vietri,14.72808,40.672914,precise,settlement,"archaic,classical,roman,modern",pleiades_settlement,8.252
433200,Villa Euchelia,13.701353172,41.5325433163,precise,villa,"roman,late-antique",pleiades_production,0.055
433202,Villa Iovis,14.2625044216,40.5584257603,precise,villa,roman,pleiades_production,0.102
433204,Villa Tiberii,13.4493266615,41.2515078968,precise,villa,roman,pleiades_production,0.102
433210,Volturnum,13.941734,41.033657,precise,settlement,"classical,hellenistic-republican,roman",pleiades_settlement,17.545
434132,Untitled,13.75,41.25,rough,bridge,"hellenistic-republican,roman",pleiades_transport,7.145
434134,Ponte Latrone,14.124737,41.508821,precise,bridge,"hellenistic-republican,roman,late-antique",pleiades_transport,7.2
434135,Ponte Romano di Val d'Assano,14.1358041377,41.2485577782,precise,bridge,"hellenistic-republican,roman,late-antique,twentieth-ce",pleiades_transport,7.2
434136,Untitled,14.25,41.25,rough,bridge,"hellenistic-republican,roman,late-antique",pleiades_transport,7.2
434137,Untitled,14.75,41.25,rough,bridge,"hellenistic-republican,roman,late-antique",pleiades_transport,7.2
434140,Untitled,14.75,41.25,rough,bridge,roman,pleiades_transport,0.102
434882,Fossa Neronis,13.25,41.25,rough,canal,roman,pleiades_transport,0.102
434883,Fossa Neronis,13.75,41.25,rough,canal,roman,pleiades_transport,0.102
435637,Untitled,13.25,41.75,rough,canal,roman,pleiades_transport,0.102
435638,Untitled,13.25,41.25,rough,canal,roman,pleiades_transport,0.102
435639,Untitled,13.25,41.25,rough,canal,"hellenistic-republican,roman,late-antique",pleiades_transport,7.2
435640,Untitled,14.25,41.25,rough,canal,roman,pleiades_transport,0.102
436392,Untitled,12.75,42.25,rough,centuriation,"hellenistic-republican,roman",pleiades_production,7.145
436397,Untitled,13.25,41.25,rough,centuriation,"hellenistic-republican,roman",pleiades_production,7.145
436398,Untitled,13.25,41.25,rough,centuriation,"hellenistic-republican,roman",pleiades_production,7.145
436400,Untitled,13.75,41.75,rough,centuriation,"hellenistic-republican,roman",pleiades_production,7.145
436403,Untitled,13.75,41.25,rough,centuriation,"hellenistic-republican,roman",pleiades_production,7.145
436404,Untitled,13.75,41.25,rough,centuriation,"hellenistic-republican,roman",pleiades_production,7.145
436405,Untitled,14.25,41.25,rough,centuriation,"hellenistic-republican,roman",pleiades_production,7.145
436406,Untitled,14.25,41.25,rough,centuriation,"hellenistic-republican,roman",pleiades_production,7.145
436407,Unnamed centuriation (Cales),14.25,41.25,rough,centuriation,"hellenistic-republican,roman",pleiades_production,7.145
436408,Unnamed centuriation (Teanum Sidicinum),14.25,41.25,rough,centuriation,"hellenistic-republican,roman",pleiades_production,7.145
436411,Untitled,14.25,41.25,rough,centuriation,"hellenistic-republican,roman",pleiades_production,7.145
436417,Untitled,14.75,40.75,rough,centuriation,"hellenistic-republican,roman",pleiades_production,7.145
438660,Ad Matrem Magnam,15.058945,41.06972,precise,"unlocated, station, settlement-modern","roman,late-antique,twenty-first-ce",pleiades_transport,0.055
438705,Capitulum Hernicum,13.146399,41.8308503,precise,"unlocated, settlement, settlement-modern","hellenistic-republican,roman,modern",pleiades_settlement,7.145
438710,Castrum Invi,12.5112470186,41.5801237686,precise,"settlement, archaeological-site","archaic,classical,hellenistic-republican,roman,modern",pleiades_settlement,25.695
438722,Corbio (Latium),12.7621,41.7909,precise,"unlocated, settlement","classical,roman,modern",pleiades_settlement,3.036
438803,Pedum,12.7953454646,41.8811019381,precise,"unlocated, settlement, settlement-modern","archaic,classical,hellenistic-republican,roman,modern",pleiades_settlement,25.695
438818,Roboaria,12.7194776,41.7882011,precise,"unlocated, station","hellenistic-republican,roman",pleiades_transport,7.145
442433,Accadia,15.329499,41.1593,precise,settlement,"hellenistic-republican,roman",pleiades_settlement,7.145
442434,Acerina,15.958032,41.396699,precise,settlement,"hellenistic-republican,roman,late-antique",pleiades_settlement,7.2
442435,Acer(r)onia,15.425661,40.561913,precise,settlement,"roman,late-antique",pleiades_settlement,0.055
442436,Ac(h)eruntia,15.937511,40.793108,precise,settlement,"archaic,classical,hellenistic-republican,roman,late-antique",pleiades_settlement,25.75
442438,Acquaviva,16.843231,40.894841,precise,settlement,"archaic,classical,hellenistic-republican",pleiades_settlement,18.55
442439,Ad Calorem,14.937736,41.072616,precise,station,"roman,late-antique",pleiades_transport,0.055
442440,Ad Decimum,17.516039,40.803537,precise,station,late-antique,pleiades_transport,0.0
442441,Ad Duodecimum,18.25,40.25,rough,station,late-antique,pleiades_transport,0.0
442442,Ad Fluvium Bradanum,15.810676,40.816934,precise,station,"roman,late-antique",pleiades_transport,0.055
442443,Ad Pirum,15.496286,41.120939,precise,station,"roman,late-antique",pleiades_transport,0.055
442444,Ad Quintumdecimum,16.31977,41.196392,precise,station,"late-antique,twentieth-ce",pleiades_transport,0.0
442446,Ad Silarum,15.051421,40.549696,precise,station,"roman,late-antique",pleiades_transport,0.055
442447,Ad Speluncas,17.703709,40.756506,precise,station,"roman,late-antique",pleiades_transport,0.055
442448,Ad Tana(g)rum,15.395132,40.571326,precise,station,"roman,late-antique",pleiades_transport,0.055
442449,Ad Undecimum,15.861909,41.261625,precise,station,late-antique,pleiades_transport,0.0
442450,Aecae,15.308894,41.361189,precise,settlement,"archaic,classical,hellenistic-republican,roman,late-antique",pleiades_settlement,25.75
442451,Aeclanum,15.0104517447,41.054199832,precise,settlement,"hellenistic-republican,roman,late-antique,abassid-middle-east,modern",pleiades_settlement,7.2
442452,Aequum Tuticum/Equus Tuticus,15.087531,41.152484,precise,settlement,"hellenistic-republican,roman,late-antique,twentieth-ce,twenty-first-ce",pleiades_settlement,7.2
442453,Agnuli,16.0777454241,41.7110639212,precise,villa,"roman,late-antique,twentieth-ce",pleiades_production,0.055
442454,Agropoli,14.989448,40.350569,precise,settlement,"classical,hellenistic-republican,roman,twentieth-ce,twenty-first-ce",pleiades_settlement,17.545
442457,Alburnus Portus,14.95978,40.487421,precise,"settlement, port","hellenistic-republican,roman",pleiades_settlement;pleiades_transport,7.145
442459,Alianello,16.244127,40.27877,precise,settlement,"archaic,classical",pleiades_settlement,8.15
442460,Aliano,16.229848,40.313778,precise,settlement,"archaic,classical,hellenistic-republican,twentieth-ce",pleiades_settlement,18.55
442461,Altamura,16.554519,40.830269,precise,settlement,"archaic,classical,hellenistic-republican,late-antique,twentieth-ce,twenty-first-ce",pleiades_settlement,18.55
442465,Anxia,15.925556,40.517656,precise,settlement,"archaic,classical,roman,late-antique",pleiades_settlement,8.205
442466,Apani,17.8245438872,40.7035993802,precise,"archipelago, settlement","hellenistic-republican,roman,modern,twentieth-ce",pleiades_settlement,7.145
442471,Aquilonia,15.4245615,41.052268,precise,"settlement, settlement-modern","roman,late-antique,twentieth-ce,twenty-first-ce",pleiades_settlement,0.055
442473,Arcora,15.056818,41.933003,precise,settlement,"archaic,classical,twentieth-ce",pleiades_settlement,8.15
442475,Arenosola,14.939334,40.540759,precise,settlement,"archaic,hellenistic-republican,roman,late-antique,twentieth-ce",pleiades_settlement,9.45
442476,Argos Hippium/Arpi/Argyripa,15.555444,41.475654,precise,settlement,"archaic,hellenistic-republican,roman,late-antique,modern",pleiades_settlement,9.45
442477,Armento,16.0693889186,40.3089887565,precise,"settlement, settlement-modern","archaic,classical,hellenistic-republican,twentieth-ce",pleiades_settlement,18.55
442479,Atella,15.650161,40.880321,precise,"villa, settlement-modern","roman,late-antique,modern,twentieth-ce",pleiades_production,0.055
442481,Atina,15.556067,40.454278,precise,settlement,"archaic,classical,hellenistic-republican,roman,modern",pleiades_settlement,25.695
442483,Atre,15.743888,41.575477,precise,station,"late-antique,twentieth-ce",pleiades_transport,0.0
442484,Aufidena/Aufinum,16.194104,41.33639,precise,station,"roman,late-antique",pleiades_transport,0.055
442487,Ausculum,15.562485,41.207142,precise,settlement,"archaic,classical,hellenistic-republican,roman,twentieth-ce,twenty-first-ce",pleiades_settlement,25.695
442489,Auxanum,15.891172,41.513735,precise,station,late-antique,pleiades_transport,0.0
442490,Avicenna,15.790696,41.851337,precise,villa,"roman,late-antique,twentieth-ce",pleiades_production,0.055
442491,*Azetium,17.0185823,41.0300791,precise,"settlement, archaeological-site","archaic,classical,hellenistic-republican,roman,late-antique,twentieth-ce",pleiades_settlement,25.75
442495,(B)Aletium,18.059097,40.062362,precise,settlement,"archaic,classical,hellenistic-republican,roman,late-antique",pleiades_settlement,25.75
442496,Bantia,16.0150916185,40.8615002503,precise,"settlement, archaeological-site","archaic,classical,hellenistic-republican,roman,late-antique,modern",pleiades_settlement,25.75
442497,Baragiano,15.595334,40.680328,precise,settlement,"archaic,classical,twentieth-ce",pleiades_settlement,8.15
442498,Barduli,16.283979,41.319271,precise,settlement,"hellenistic-republican,roman,late-antique,twentieth-ce,twenty-first-ce",pleiades_settlement,7.2
442500,Barium,16.870331,41.129222,precise,settlement,"archaic,classical,hellenistic-republican,roman,late-antique,twenty-first-ce",pleiades_settlement,25.75
442501,Baselice,14.973654,41.394903,precise,settlement,"classical,twentieth-ce",pleiades_settlement,2.933
442502,Basta,18.3872637,40.050815,precise,settlement,"hellenistic-republican,roman,modern",pleiades_settlement,7.145
442505,Bisaccia,15.375327,41.013876,precise,settlement,"archaic,roman,twentieth-ce",pleiades_settlement,2.353
442506,Bitetto,16.748738,41.039253,precise,settlement,"hellenistic-republican,roman,twentieth-ce",pleiades_settlement,7.145
442507,Blera?,16.64295,40.743803,precise,settlement,"archaic,classical,hellenistic-republican,roman,late-antique",pleiades_settlement,25.75
442509,Brundisium/Brentesion,17.9429115,40.638663,precise,"settlement, port","archaic,classical,hellenistic-republican,roman,roman-early-empire-late-antique,late-antique,modern",pleiades_settlement;pleiades_transport,25.75
442511,Butuntum,16.691435,41.108479,precise,settlement,"archaic,classical,hellenistic-republican,roman,late-antique,twentieth-ce",pleiades_settlement,25.75
442515,Caelia (Apulia),16.86947645,41.0640832,precise,settlement,"archaic,classical,hellenistic-republican,roman,late-antique,twentieth-ce",pleiades_settlement,25.75
442516,Caelia,17.514427,40.646287,precise,settlement,"archaic,classical,hellenistic-republican,roman",pleiades_settlement,25.695
442517,Cairano,15.367613,40.894852,precise,settlement,archaic,pleiades_settlement,2.25
442519,Calise,14.897247,41.266046,precise,settlement,roman,pleiades_settlement,0.102
442520,Calle,16.133766,40.683925,precise,settlement,"roman,late-antique,twentieth-ce",pleiades_settlement,0.055
442522,Cancellara,15.926744,40.73126,precise,settlement,"archaic,classical,twentieth-ce",pleiades_settlement,8.15
442523,Cannae,16.1518327589,41.296683331,precise,settlement,"archaic,classical,hellenistic-republican,hellenistic-roman-early-empire,roman,twenty-first-ce",pleiades_settlement,25.695
442524,Canneto,16.870900939,40.9975660684,precise,"settlement, settlement-modern","archaic,classical,hellenistic-republican,twenty-first-ce",pleiades_settlement,18.55
442525,Canusium,16.0655784,41.22142765,precise,settlement,"archaic,classical,hellenistic-republican,roman,late-antique,twentieth-ce",pleiades_settlement,25.75
442528,Carife,15.209843,41.027348,precise,settlement,"classical,hellenistic-republican,roman,twentieth-ce",pleiades_settlement,17.545
442529,Carmeia,15.595272,41.432799,precise,settlement,late-antique,pleiades_settlement,0.0
442530,Caruso,16.158118,40.473548,precise,settlement,"hellenistic-republican,roman",pleiades_settlement,7.145
442532,Casone,15.458624,41.662959,precise,settlement,"archaic,classical,hellenistic-republican",pleiades_settlement,18.55
442533,Castelluccio,15.200867,41.342889,precise,settlement,"classical,hellenistic-republican",pleiades_settlement,10.4
442535,Castelvetere,14.940135,41.442373,precise,settlement,"classical,twentieth-ce",pleiades_settlement,2.933
442536,Castrum Minervae/Athenaion/Limen Aphrodites,18.4282030797,40.0043142715,precise,"settlement, port, archaeological-site","classical,hellenistic-republican,roman,late-antique,modern",pleiades_settlement;pleiades_transport,17.6
442538,Cavallino,18.202308,40.31217,precise,settlement,archaic,pleiades_settlement,2.25
442545,"Ciccotti, S. Gilio",16.0357190667,40.7464349786,precise,villa,"hellenistic-republican,roman,late-antique,twentieth-ce",pleiades_production,7.2
442546,Cività di Tricarico,16.0588417,40.6375988,precise,settlement,"archaic,classical,hellenistic-republican,roman",pleiades_settlement,25.695
442548,Colle d’Armi,15.123103,41.659721,precise,settlement,"classical,hellenistic-republican,roman,twentieth-ce",pleiades_settlement,17.545
442550,Compsa,15.3304812217,40.8704548417,precise,settlement,"classical,roman,roman-early-empire-late-antique,late-antique,twentieth-ce",pleiades_settlement,2.988
442551,Co(n)silinum/Cosilianum,15.592337,40.39484,precise,"settlement, archaeological-site","archaic,classical,roman,late-antique",pleiades_settlement,8.205
442552,Coppa Nevigata,15.8338518,41.558074,precise,"production, settlement","archaic,modern",pleiades_settlement;pleiades_production,2.25
442553,Corato,16.410747,41.153137,precise,settlement,"archaic,twentieth-ce",pleiades_settlement,2.25
442554,Corigliano,18.258014,40.1600565,precise,"settlement, settlement-modern","archaic,twenty-first-ce",pleiades_settlement,2.25
442555,Corneli,15.329985,41.746851,precise,station,"roman,late-antique",pleiades_transport,0.055
442558,Craco,16.436332,40.380276,precise,settlement,archaic,pleiades_settlement,2.25
442559,Crispiano,17.229819,40.604697,precise,settlement,"archaic,classical,hellenistic-republican,roman",pleiades_settlement,25.695
442560,Croccia Cognato Fortified Settlement,16.184577,40.535317,precise,"fortified-settlement, settlement-modern","classical,hellenistic-republican,twentieth-ce,twenty-first-ce",pleiades_settlement,10.4
442562,Cupola,15.829659,41.516008,precise,settlement,"archaic,classical,hellenistic-republican,twentieth-ce",pleiades_settlement,18.55
442565,Difesa S. Biagio,16.662388,40.518076,precise,settlement,"archaic,classical",pleiades_settlement,8.15
442566,Diria?,17.2949039,40.95483995,precise,settlement,"roman,late-antique,twentieth-ce",pleiades_settlement,0.055
442569,Dragonara,15.13934,41.683461,precise,"settlement, settlement-modern","roman,late-antique,modern",pleiades_settlement,0.055
442572,Eburum,15.058618,40.6175505,precise,settlement,"archaic,classical,hellenistic-republican,roman,late-antique",pleiades_settlement,25.75
442573,Egnatia/Gnathia,17.3898455387,40.8869804399,precise,"settlement, archaeological-site","archaic,classical,hellenistic-republican,roman,late-antique,twentieth-ce,twenty-first-ce",pleiades_settlement,25.75
442577,Erchie,17.731369,40.439051,precise,settlement,"classical,hellenistic-republican",pleiades_settlement,10.4
442578,Ergitium,15.49961,41.714154,precise,station,"roman,late-antique",pleiades_transport,0.055
442580,Fano,18.2350275902,39.8569282454,precise,"building, settlement","twentieth-ce,twenty-first-ce",pleiades_settlement,0.0
442581,Ferrandina,16.455655,40.502413,precise,settlement,"archaic,classical,hellenistic-republican",pleiades_settlement,18.55
442583,Fioccaglia di Flumeri,15.0996215511,41.0847995659,precise,"settlement, archaeological-site, townhouse","hellenistic-republican,roman,twentieth-ce",pleiades_settlement,7.145
442584,Forentum?,15.790762,41.045625,precise,"settlement, settlement-modern","archaic,classical,hellenistic-republican,roman,modern",pleiades_settlement,25.695
442585,Forum Novum,14.9386214,41.166408,precise,station,"roman,late-antique",pleiades_transport,0.055
442586,Forum Popili,15.498879,40.518218,precise,"station, settlement","hellenistic-republican,roman,late-antique,twentieth-ce",pleiades_settlement;pleiades_transport,7.2
442587,Francavilla,17.582159,40.528711,precise,settlement,"classical,hellenistic-republican,roman",pleiades_settlement,17.545
442589,Frigento,15.100624,41.012349,precise,settlement,"hellenistic-republican,roman,modern",pleiades_settlement,7.145
442590,Furfane,15.901436,41.264994,precise,station,"late-antique,twentieth-ce",pleiades_transport,0.0
442594,Garaguso,16.22814,40.549566,precise,settlement,"archaic,classical,hellenistic-republican",pleiades_settlement,18.55
442597,Gaudiano,15.895927,41.102372,precise,villa,"roman,late-antique,twentieth-ce",pleiades_production,0.055
442598,Genusia,16.757056,40.581291,precise,settlement,"classical,hellenistic-republican,roman",pleiades_settlement,17.545
442599,Gereonium?,14.8900571,41.7524469,precise,settlement,"classical,hellenistic-republican,roman,roman-early-empire-late-antique,late-antique",pleiades_settlement,17.6
442600,Giffoni Valle Piana,14.943731,40.719034,precise,settlement,"roman,twentieth-ce",pleiades_settlement,0.102
442603,Grumentum,15.9069143331,40.2851925903,precise,"settlement, archaeological-site","archaic,classical,hellenistic-republican,roman,late-antique,modern",pleiades_settlement,25.75
442604,*Grumum,16.708079,41.011963,precise,settlement,"hellenistic-republican,roman,twentieth-ce",pleiades_settlement,7.145
442605,Guardia Perticara,16.100406,40.358308,precise,settlement,archaic,pleiades_settlement,2.25
442607,Hadrianou Hormos,18.309379,40.379773,precise,"settlement, port","roman,late-antique",pleiades_settlement;pleiades_transport,0.055
442613,Herdoniae/Ardaneae/Civitas Serdonis,15.6223949934,41.3104411958,precise,settlement,"archaic,classical,hellenistic-republican,roman,roman-early-empire-late-antique,late-antique,modern",pleiades_settlement,25.75
442615,Hydruntum/Hydrous,18.4910835,40.1458515,precise,"settlement, port","archaic,classical,hellenistic-republican,roman,late-antique,modern,eighteenth-ce",pleiades_settlement;pleiades_transport,25.75
442616,Hyria/Uria,15.830385,41.882097,precise,settlement,"hellenistic-republican,roman,late-antique",pleiades_settlement,7.2
442620,Incoronata,16.7375320047,40.3711725546,precise,"settlement, archaeological-site","archaic,twentieth-ce",pleiades_settlement,2.25
442622,Irsina,16.239469,40.748569,precise,settlement,"archaic,classical",pleiades_settlement,8.15
442625,Kallipolis/Anxa,17.978842,40.056251,precise,settlement,"archaic,classical,hellenistic-republican,roman,late-antique,modern,twentieth-ce",pleiades_settlement,25.75
442626,Karbinai?,17.658872,40.703058,precise,settlement,"archaic,classical",pleiades_settlement,8.15
442628,Lago del Lupo,16.740477,40.43285,precise,villa,"archaic,classical,twentieth-ce",pleiades_production,8.15
442629,Larinum,14.9175768,41.8064879,precise,"settlement, amphitheatre","archaic,hellenistic-republican,roman,late-antique,modern",pleiades_settlement,9.45
442630,Laterza,16.79783,40.625917,precise,settlement,"hellenistic-republican,roman,twentieth-ce,twenty-first-ce",pleiades_settlement,7.145
442631,Leonessa,15.604385,41.077678,precise,settlement,"archaic,roman,twentieth-ce",pleiades_settlement,2.353
442632,Leuca/Portus Sallentinus,18.356944,39.801,precise,"settlement, port","archaic,classical,hellenistic-republican,roman,late-antique,modern",pleiades_settlement;pleiades_transport,25.75
442635,Li Castelli,17.8620579225,40.4174391208,precise,"settlement, archaeological-site","archaic,classical,hellenistic-republican,twentieth-ce",pleiades_settlement,18.55
442636,Ligures Corneliani?,15.002628,41.446291,precise,settlement,"hellenistic-republican,roman,twentieth-ce",pleiades_settlement,7.145
442640,Luceria/Noukeria (Apoulon),15.3354745,41.5086475,precise,settlement,"classical,hellenistic-republican,roman,late-antique,modern",pleiades_settlement,17.6
442641,Lucus Aquilonensis/Aquilonis Mutatio,15.134864,41.186419,precise,station,"roman,late-antique",pleiades_transport,0.055
442642,Lupia(e),18.172425,40.352152,precise,settlement,"hellenistic-republican,roman,late-antique,modern",pleiades_settlement,7.2
442644,Manduria,17.636381,40.397704,precise,settlement,"archaic,classical,hellenistic-republican,roman,late-antique",pleiades_settlement,25.75
442645,Marcellianum,15.592292,40.394818,precise,station,"roman,late-antique",pleiades_transport,0.055
442646,Marsico Nuovo,15.735452,40.423964,precise,settlement,"archaic,classical,hellenistic-republican,twentieth-ce",pleiades_settlement,18.55
442647,Mascherone,15.875952,41.5969,precise,settlement,roman,pleiades_settlement,0.102
442648,Masseria Finocchito,15.143061,41.644416,precise,settlement,"hellenistic-republican,roman,twentieth-ce,twenty-first-ce",pleiades_settlement,7.145
442649,Masseria Manes,15.055296,41.91225,precise,settlement,"twentieth-ce,twenty-first-ce",pleiades_settlement,0.0
442650,Matera,16.606281,40.668888,precise,settlement,"archaic,classical,hellenistic-republican,roman,late-antique",pleiades_settlement,25.75
442651,Melfi,15.65361,40.998352,precise,settlement,"archaic,classical,hellenistic-republican,roman,twentieth-ce",pleiades_settlement,25.695
442654,Merinum,16.111125,41.915823,precise,settlement,"roman,late-antique",pleiades_settlement,0.055
442655,Mesagne,17.807727,40.559856,precise,settlement,"archaic,classical,hellenistic-republican,roman,late-antique,twentieth-ce,twenty-first-ce",pleiades_settlement,25.75
442656,Mesochorum,17.4387855,40.4880695,precise,station,"archaic,classical,hellenistic-republican,roman,late-antique",pleiades_transport,25.75
442658,Metapontum,16.8243315236,40.3836414032,precise,settlement,"archaic,classical,hellenistic-republican,roman,late-antique,modern,twentieth-ce,twenty-first-ce",pleiades_settlement,25.75
442659,Miglionico,16.49964,40.569462,precise,settlement,"archaic,classical,hellenistic-republican",pleiades_settlement,18.55
442660,Minervino Murge,16.079226,41.085323,precise,settlement,"archaic,classical,twentieth-ce",pleiades_settlement,8.15
442661,Moio della Civitella,15.2758653852,40.2577785536,precise,settlement,"archaic,classical,hellenistic-republican,roman,twentieth-ce",pleiades_settlement,25.695
442663,"Moltone, S. Pietro",16.01993459,40.7109475802,precise,villa,"hellenistic-republican,hellenistic-roman-early-empire,roman,late-antique,twentieth-ce",pleiades_production,7.2
442665,Montecorvino Rovella,14.978917,40.692828,precise,settlement,"archaic,twentieth-ce,twenty-first-ce",pleiades_settlement,2.25
442667,Monte Irsi,16.319382,40.72058,precise,settlement,"archaic,classical,hellenistic-republican,roman",pleiades_settlement,25.695
442668,Monte Ianice,16.326827,40.314592,precise,settlement,"archaic,twentieth-ce",pleiades_settlement,2.25
442669,Montella,15.018793,40.844874,precise,settlement,"hellenistic-republican,roman,late-antique,twentieth-ce",pleiades_settlement,7.2
442670,Monte Pruno,15.361221815,40.41145628,precise,"settlement, archaeological-site","archaic,classical,hellenistic-republican,twentieth-ce",pleiades_settlement,18.55
442671,Monte Rotaro,15.066374,41.606586,precise,settlement,"roman,twentieth-ce",pleiades_settlement,0.102
442672,Monte Salete,17.357788,40.562522,precise,settlement,archaic,pleiades_settlement,2.25
442673,Monte Sambuco,15.07719,41.527124,precise,settlement,"hellenistic-republican,twentieth-ce",pleiades_settlement,4.0
442674,Monte Sannace,16.9633366893,40.8323912815,precise,settlement,"archaic,classical,hellenistic-republican,roman",pleiades_settlement,25.695
442675,Monte S. Giovanni,14.973741,41.597028,precise,settlement,"classical,hellenistic-republican",pleiades_settlement,10.4
442676,Monte S. Trinità,16.937831,40.628289,precise,settlement,"archaic,twentieth-ce",pleiades_settlement,2.25
442677,Monte Saraceno,16.01661,41.699565,precise,settlement,"archaic,twentieth-ce",pleiades_settlement,2.25
442678,Montescaglioso,16.667984,40.553392,precise,"defensive-wall, settlement","archaic,classical,hellenistic-republican,roman,twentieth-ce",pleiades_settlement,25.695
442679,Monte Serico,16.151405,40.85476,precise,"settlement, fort","archaic,classical,hellenistic-republican,roman,late-antique,mediaeval-byzantine",pleiades_settlement,25.75
442680,Monticchio,15.569536,40.950306,precise,settlement,classical,pleiades_settlement,2.933
442681,Mottola,17.038157,40.634233,precise,settlement,"archaic,classical,hellenistic-republican,roman",pleiades_settlement,25.695
442682,Muro Leccese,18.338916,40.103487,precise,settlement,"archaic,classical,hellenistic-republican,roman,twentieth-ce",pleiades_settlement,25.695
442683,Muro Maurizio,17.809247,40.559863,precise,settlement,"archaic,classical,hellenistic-republican,twentieth-ce",pleiades_settlement,18.55
442685,Nares Lucanae,15.265011,40.578494,precise,settlement,"roman,late-antique,twentieth-ce",pleiades_settlement,0.055
442686,Natiolum,16.672566,41.187539,precise,settlement,"hellenistic-republican,roman,late-antique,twentieth-ce,twenty-first-ce",pleiades_settlement,7.2
442688,Neretum,18.030423,40.175928,precise,settlement,"archaic,classical,hellenistic-republican,roman,late-antique,modern",pleiades_settlement,25.75
442690,Noicattaro,16.989942,41.031982,precise,settlement,"archaic,classical,twentieth-ce",pleiades_settlement,8.15
442691,Norba,17.11590245,40.96706605,precise,settlement,"classical,hellenistic-republican,roman,late-antique,modern",pleiades_settlement,17.6
442693,Numistro?,15.486234,40.7530465,precise,"settlement, settlement-modern","classical,hellenistic-republican,roman,modern,twentieth-ce,twenty-first-ce",pleiades_settlement,17.545
442694,Nusco,15.084903,40.887294,precise,settlement,"classical,hellenistic-republican,twentieth-ce,twenty-first-ce",pleiades_settlement,10.4
442697,Olevano sul Tusciano,15.02061,40.650477,precise,settlement,"archaic,classical,twentieth-ce",pleiades_settlement,8.15
442698,Oliveto Citra,15.230934,40.691435,precise,settlement,"archaic,classical,twentieth-ce,twenty-first-ce",pleiades_settlement,8.15
442699,Oppido Lucano,15.98752,40.762849,precise,settlement,"archaic,classical,hellenistic-republican,twentieth-ce",pleiades_settlement,18.55
442700,Oppidovetere,15.188879,40.877644,precise,settlement,"classical,hellenistic-republican,twentieth-ce",pleiades_settlement,10.4
442709,Pandosia,16.557488,40.244355,precise,settlement,"archaic,classical,hellenistic-republican,roman",pleiades_settlement,25.695
442711,Paterno,15.73382,40.379351,precise,settlement,"archaic,classical,hellenistic-republican,roman,late-antique",pleiades_settlement,25.75
442712,Pattano,15.232304,40.227865,precise,villa,"hellenistic-republican,twentieth-ce",pleiades_production,4.0
442713,Pertosa,15.449897,40.54473,precise,settlement,"archaic,classical,hellenistic-republican",pleiades_settlement,18.55
442715,Pezza Petrosa,17.476886,40.577447,precise,settlement,"archaic,classical,hellenistic-republican,twentieth-ce",pleiades_settlement,18.55
442716,Piano dei Tivoli,15.243778,40.930023,precise,"sanctuary, settlement","hellenistic-republican,twentieth-ce",pleiades_settlement,4.0
442720,Pietrastretta,15.530891,40.620507,precise,villa,"hellenistic-republican,roman,late-antique,twentieth-ce",pleiades_production,7.2
442721,Pisciolo,15.335012,40.952407,precise,settlement,"archaic,classical,twentieth-ce",pleiades_settlement,8.15
442722,Pisticci,16.554837,40.392081,precise,settlement,"archaic,classical,hellenistic-republican",pleiades_settlement,18.55
442724,Planisium?,15.168769,41.493921,precise,settlement,hellenistic-republican,pleiades_settlement,4.0
442726,Pomarico Vecchio,16.577197218,40.465493682,precise,"settlement, archaeological-site","archaic,classical",pleiades_settlement,8.15
442728,Pontecagnano,14.871604,40.6465,precise,settlement,"archaic,classical,hellenistic-republican,twentieth-ce,twenty-first-ce",pleiades_settlement,18.55
442729,‘Ponte Longo’/Pordona,15.637857,41.629957,precise,station,"roman,late-antique",pleiades_transport,0.055
442733,Poseidonia/Paestum,15.0050786006,40.4208483394,precise,"settlement, archaeological-site","archaic,classical,hellenistic-republican,roman,late-antique,mediaeval-byzantine,modern",pleiades_settlement,25.75
442734,Posta Crusta,15.60796,41.336061,precise,villa,"roman,late-antique",pleiades_production,0.055
442735,Potentia,15.801741,40.637601,precise,settlement,"hellenistic-republican,roman,late-antique",pleiades_settlement,7.2
442736,Pr(a)etorium Laverianum?,15.320573,41.41948,precise,station,"roman,late-antique",pleiades_transport,0.055
442737,Praetorium Publilianum,15.366244,41.826086,precise,settlement,"roman,late-antique",pleiades_settlement,0.055
442743,Respa,16.599335,41.205554,precise,station,"roman,late-antique,twentieth-ce",pleiades_transport,0.055
442744,Ripacandida,15.7252081,40.91237315,precise,"settlement, settlement-modern","archaic,classical,hellenistic-republican,roman,modern",pleiades_settlement,25.695
442746,Rocavecchia,18.426358666,40.2872861337,precise,settlement,"archaic,classical,hellenistic-republican,hellenistic-roman-early-empire,roman,late-antique,mediaeval-byzantine,twentieth-ce",pleiades_settlement,25.75
442751,Rubi,16.4845354,41.1171985,precise,"settlement, station, settlement-modern","archaic,classical,hellenistic-republican,roman,late-antique,modern,twenty-first-ce",pleiades_settlement;pleiades_transport,25.75
442752,‘Rudas’/‘Budas’,16.295367,41.201233,precise,station,late-antique,pleiades_transport,0.0
442753,Rudiae,18.1470612264,40.3335243187,precise,"settlement, archaeological-site","archaic,classical,hellenistic-republican,roman,twentieth-ce",pleiades_settlement,25.695
442755,Ruvo,15.542359,40.849764,precise,settlement,"archaic,classical,twentieth-ce",pleiades_settlement,8.15
442757,Sala Consilina,15.592351,40.394869,precise,settlement,"archaic,roman,twentieth-ce",pleiades_settlement,2.353
442758,Sal(a)pia(i)/Elpia,15.9598715,41.3985735,precise,settlement,"archaic,classical,hellenistic-republican,roman",pleiades_settlement,25.695
442759,Sal(a)pia(i)/Salinae,15.9933,41.403381,precise,settlement,"roman,late-antique",pleiades_settlement,0.055
442764,Saltus Carminianensis,15.7097426328,41.3931635603,precise,"estate, label",late-antique,pleiades_production,0.0
723394918,Aristanis,8.5916112,39.9059497,precise,"settlement, settlement-modern","mediaeval-byzantine,modern,twenty-first-ce",pleiades_settlement,0.0
50864837,Villa di Monte delle Colonnacce,12.3009671513,41.8883932272,precise,villa,"roman,modern",pleiades_production,0.102
50864838,Ponte Nomentano,12.5324853,41.9336012,precise,bridge,"roman-early-empire-late-antique,twenty-first-ce",pleiades_transport,0.052
442522220,Villa of the Papyri,14.3447698058,40.8075346703,precise,"villa, archaeological-site","hellenistic-republican,roman,twenty-first-ce",pleiades_production,7.145
396427768,Villa of the Mysteries,14.4774831216,40.7536929471,precise,"villa, archaeological-site","hellenistic-republican,roman,first-ce,modern",pleiades_production,7.2
567970829,Ponte Molino,11.873766,45.4116765,precise,bridge,"roman-early-empire-late-antique,twenty-first-ce",pleiades_transport,0.052
567970830,Ponte di San Lorenzo,11.87782705,45.40611245,precise,bridge,roman,pleiades_transport,0.102
532772123,Ponte Corvo,11.88366745,45.40186475,precise,bridge,roman-early-empire-late-antique,pleiades_transport,0.052
411767088,Ponte Gobbo,9.39083374673,44.767158732,precise,bridge,"late-antique,mediaeval-byzantine,modern",pleiades_transport,0.0
118164239,Podere Pievina,11.392892,42.8904069,precise,"settlement, settlement-modern",modern,pleiades_settlement,0.0
708211558,Pauli Stincus,8.64502214698,39.683672196,precise,settlement,hellenistic-republican,pleiades_settlement,4.0
264713171,Örvényes,17.8159145772,46.9175862792,precise,"settlement, settlement-modern",twenty-first-ce,pleiades_settlement,0.0
161590165,Villa Romana di Casalotti,12.3735374558,41.9163564434,precise,villa,roman,pleiades_production,0.102
706597506,Villa di Faonte a Vigne Nuove,12.5378322763,41.95413106,precise,"villa, cistern",roman,pleiades_production,0.102
706597507,Colle Lecinone,12.8087007,42.0053772,precise,"villa, cistern",roman,pleiades_production,0.102
180279390,Montereggi,10.9941832522,43.7479669195,precise,settlement,"classical,hellenistic-republican",pleiades_settlement,10.4
48972915,Villa Romana di S. Andrea,9.2734274,39.212856,precise,villa,roman,pleiades_production,0.102
492787885,Nuraghe Cuccuru Ibba,9.0236646366,39.1895756293,precise,"nuraghe, settlement","3rd-millennium-bc,2nd-millenium-bce",pleiades_settlement,0.0
772313148,Villa del Pastore,14.4981456,40.7019848,precise,villa,roman,pleiades_production,0.102
194091492,"Spolverino, Alberese",11.0706977,42.6886813,precise,"production, villa",roman-early-empire-late-antique,pleiades_production,0.052
831144251,Portus Cosanus,11.29406,42.4076939,precise,port,"hellenistic-republican,roman",pleiades_transport,7.145
544641873,Villa delle Colonne,11.3110416902,42.4217540289,precise,"villa, estate","roman,modern",pleiades_production,0.102
208942145,Untitled,9.939363,36.507191,precise,"settlement, unlabeled",hellenistic-republican,pleiades_settlement,4.0
208942146,Untitled,9.939207,36.938329,precise,"settlement, unlabeled",hellenistic-republican,pleiades_settlement,4.0
208942147,Untitled,9.938309,36.949234,precise,"settlement, unlabeled",hellenistic-republican,pleiades_settlement,4.0
208942148,Untitled,9.925318,36.942823,precise,"settlement, unlabeled",hellenistic-republican,pleiades_settlement,4.0
208942149,Untitled,9.913789,36.948741,precise,"settlement, unlabeled",hellenistic-republican,pleiades_settlement,4.0
208942150,Untitled,9.922672,36.933811,precise,"settlement, unlabeled",hellenistic-republican,pleiades_settlement,4.0
208942151,Untitled,9.941307,36.905849,precise,"settlement, unlabeled",hellenistic-republican,pleiades_settlement,4.0
208942152,Untitled,9.936317,36.879296,precise,"settlement, unlabeled",hellenistic-republican,pleiades_settlement,4.0
208942158,Jebel Moraba,9.8687155,36.5984035,precise,"settlement, monument",hellenistic-republican,pleiades_settlement,4.0
208942159,Untitled,9.734518,36.616778,precise,"settlement, unlabeled",hellenistic-republican,pleiades_settlement,4.0
208942160,Untitled,9.741801,36.630533,precise,"settlement, unlabeled",hellenistic-republican,pleiades_settlement,4.0
208942161,Untitled,9.531511,36.512252,precise,"settlement, unlabeled",hellenistic-republican,pleiades_settlement,4.0
208942162,Untitled,9.560261,36.510268,precise,"settlement, unlabeled",hellenistic-republican,pleiades_settlement,4.0
208942163,Untitled,9.926337,36.60708,precise,"settlement, unlabeled",hellenistic-republican,pleiades_settlement,4.0
208942164,Untitled,9.985353,36.663705,precise,"settlement, unlabeled",hellenistic-republican,pleiades_settlement,4.0
208942165,Untitled,9.876854,36.674989,precise,"settlement, unlabeled",hellenistic-republican,pleiades_settlement,4.0
208942166,Untitled,9.891307,36.650615,precise,"settlement, unlabeled",hellenistic-republican,pleiades_settlement,4.0
208942167,Untitled,9.875535,36.741549,precise,"settlement, unlabeled",hellenistic-republican,pleiades_settlement,4.0
208942168,Untitled,9.969828,36.555494,precise,"settlement, unlabeled",hellenistic-republican,pleiades_settlement,4.0
208942176,Untitled,9.686057,36.778578,precise,"settlement, unlabeled",hellenistic-republican,pleiades_settlement,4.0
208942178,Untitled,9.795234,36.8491,precise,"settlement, unlabeled",hellenistic-republican,pleiades_settlement,4.0
208942179,Untitled,9.740141,36.803928,precise,"settlement, unlabeled",hellenistic-republican,pleiades_settlement,4.0
208942180,Untitled,9.653533,36.553169,precise,"settlement, unlabeled",hellenistic-republican,pleiades_settlement,4.0
208942181,Untitled,9.709303,36.578225,precise,"settlement, unlabeled",hellenistic-republican,pleiades_settlement,4.0
208942182,Untitled,9.636015,36.562804,precise,"settlement, unlabeled",hellenistic-republican,pleiades_settlement,4.0
208942183,Untitled,9.62317,36.575062,precise,"settlement, unlabeled",hellenistic-republican,pleiades_settlement,4.0
208942184,Untitled,9.775258,36.639859,precise,"settlement, unlabeled",hellenistic-republican,pleiades_settlement,4.0
208942185,Untitled,9.869693,36.786587,precise,"villa, unlabeled",hellenistic-republican,pleiades_production,4.0
208942186,Untitled,9.929791,36.786654,precise,"villa, unlabeled",hellenistic-republican,pleiades_production,4.0
208942187,Untitled,9.792366,36.703404,precise,"villa, unlabeled",hellenistic-republican,pleiades_production,4.0
208942188,Untitled,9.633577,36.925863,precise,"villa, unlabeled",hellenistic-republican,pleiades_production,4.0
208942189,Untitled,9.832906,36.926754,precise,"villa, unlabeled",hellenistic-republican,pleiades_production,4.0
208942190,Untitled,9.662469,36.934038,precise,"villa, unlabeled",hellenistic-republican,pleiades_production,4.0
208942191,Untitled,9.623502,36.976328,precise,"villa, unlabeled",hellenistic-republican,pleiades_production,4.0
208942192,Untitled,9.703727,36.951968,precise,villa,hellenistic-republican,pleiades_production,4.0
208942193,Untitled,9.63395,36.960246,precise,"villa, unlabeled",hellenistic-republican,pleiades_production,4.0
208942194,Untitled,9.61592,36.961119,precise,"villa, unlabeled",hellenistic-republican,pleiades_production,4.0
208942195,Untitled,9.598081,36.849617,precise,"villa, unlabeled",hellenistic-republican,pleiades_production,4.0
208942196,Untitled,9.783869,36.931094,precise,"villa, unlabeled",hellenistic-republican,pleiades_production,4.0
208942197,Untitled,9.982041,36.91535,precise,"settlement, unlabeled",hellenistic-republican,pleiades_settlement,4.0
208942202,Untitled,9.773308,36.612623,precise,"settlement, unlabeled",hellenistic-republican,pleiades_settlement,4.0
208942203,Untitled,9.583255,36.513101,precise,"settlement, unlabeled",hellenistic-republican,pleiades_settlement,4.0
208942204,Untitled,9.89441,36.883997,precise,"settlement, unlabeled",hellenistic-republican,pleiades_settlement,4.0
208942205,Untitled,9.898218,36.899648,precise,"settlement, unlabeled",hellenistic-republican,pleiades_settlement,4.0
208942206,Untitled,9.656099,36.51637,precise,"villa, unlabeled",hellenistic-republican,pleiades_production,4.0
208942207,Untitled,9.610205,36.582463,precise,"villa, monument",hellenistic-republican,pleiades_production,4.0
208942208,Untitled,9.69764,36.591326,precise,"villa, unlabeled",hellenistic-republican,pleiades_production,4.0
208942209,Untitled,9.734795,36.556169,precise,"villa, unlabeled",hellenistic-republican,pleiades_production,4.0
208942210,Untitled,9.687987,36.530216,precise,"villa, unlabeled",hellenistic-republican,pleiades_production,4.0
208942211,Untitled,9.504072,36.772601,precise,"villa, unlabeled",hellenistic-republican,pleiades_production,4.0
208942212,Untitled,9.582687,36.735094,precise,"villa, unlabeled",hellenistic-republican,pleiades_production,4.0
208942213,Untitled,9.778091,36.744322,precise,"villa, unlabeled",hellenistic-republican,pleiades_production,4.0
208942214,Untitled,9.741146,36.711057,precise,"villa, unlabeled",hellenistic-republican,pleiades_production,4.0
208942215,Untitled,9.534709,36.040552,precise,"settlement, unlabeled",hellenistic-republican,pleiades_settlement,4.0
208942216,Untitled,9.822209,36.468932,precise,"settlement, unlabeled",hellenistic-republican,pleiades_settlement,4.0
208942219,Untitled,9.75297,36.078518,precise,"settlement, unlabeled",hellenistic-republican,pleiades_settlement,4.0
208942220,Untitled,9.748065,36.406171,precise,"settlement, unlabeled",hellenistic-republican,pleiades_settlement,4.0
208942221,Untitled,9.548444,36.069679,precise,"settlement, unlabeled",hellenistic-republican,pleiades_settlement,4.0
208942222,Untitled,9.552377,36.088126,precise,"settlement, unlabeled",hellenistic-republican,pleiades_settlement,4.0
208942223,Untitled,9.870831,36.211428,precise,"villa, unlabeled",hellenistic-republican,pleiades_production,4.0
208942224,Untitled,9.875963,36.198435,precise,"villa, unlabeled",hellenistic-republican,pleiades_production,4.0
208942225,Untitled,9.951407,36.303242,precise,"villa, unlabeled",hellenistic-republican,pleiades_production,4.0
208942226,Untitled,9.998879,36.416315,precise,"villa, unlabeled",hellenistic-republican,pleiades_production,4.0
208942227,Untitled,9.9961,36.390174,precise,"villa, unlabeled",hellenistic-republican,pleiades_production,4.0
208942230,Untitled,9.95859,36.061932,precise,"villa, unlabeled",hellenistic-republican,pleiades_production,4.0
208942231,Untitled,9.809281,36.123164,precise,"villa, unlabeled",hellenistic-republican,pleiades_production,4.0
208942232,Untitled,9.968895,36.106705,precise,"villa, unlabeled",hellenistic-republican,pleiades_production,4.0
208942233,Untitled,9.960745,36.10044,precise,"villa, unlabeled",hellenistic-republican,pleiades_production,4.0
208942239,Untitled,9.515607,36.029348,precise,"settlement, unlabeled",hellenistic-republican,pleiades_settlement,4.0
208942249,Untitled,9.735429,36.031459,precise,"settlement, unlabeled",hellenistic-republican,pleiades_settlement,4.0
208942250,Untitled,9.75807,36.041444,precise,"settlement, unlabeled",hellenistic-republican,pleiades_settlement,4.0
208942251,Untitled,9.68378,36.064596,precise,"villa, unlabeled",hellenistic-republican,pleiades_production,4.0
208942252,Untitled,9.605187,36.112714,precise,"villa, unlabeled",hellenistic-republican,pleiades_production,4.0
208942253,Untitled,9.515063,36.375398,precise,"villa, unlabeled",hellenistic-republican,pleiades_production,4.0
208942254,Untitled,9.51738,36.448516,precise,"villa, unlabeled",hellenistic-republican,pleiades_production,4.0
208942255,Untitled,9.761269,36.468909,precise,"villa, unlabeled",hellenistic-republican,pleiades_production,4.0
208942256,Untitled,9.776207,36.469894,precise,"villa, unlabeled",hellenistic-republican,pleiades_production,4.0
208942257,Untitled,9.525997,36.361738,precise,"villa, unlabeled",hellenistic-republican,pleiades_production,4.0
208942258,Untitled,9.535698,36.355403,precise,"villa, unlabeled",hellenistic-republican,pleiades_production,4.0
208942259,Untitled,9.58595,36.361564,precise,"villa, unlabeled",hellenistic-republican,pleiades_production,4.0
208942260,Untitled,9.543699,36.379335,precise,"villa, unlabeled",hellenistic-republican,pleiades_production,4.0
208942261,Untitled,9.570011,36.144214,precise,"villa, unlabeled",hellenistic-republican,pleiades_production,4.0
208942262,Untitled,9.559808,36.144873,precise,"villa, unlabeled",hellenistic-republican,pleiades_production,4.0
208942263,Untitled,9.705196,36.058409,precise,"settlement, unlabeled",hellenistic-republican,pleiades_settlement,4.0
208942264,Untitled,9.661494,36.496274,precise,"villa, unlabeled",hellenistic-republican,pleiades_production,4.0
208942266,Untitled,10.818323,36.933601,precise,quarry,roman,pleiades_production,0.102
208942320,Untitled,8.775961,36.926423,precise,"villa, unlabeled",roman,pleiades_production,0.102
208942321,Untitled,8.782793,36.923459,precise,"villa, unlabeled",roman,pleiades_production,0.102
208942322,Untitled,8.783562,36.896978,precise,"villa, unlabeled",roman,pleiades_production,0.102
208942323,Untitled,8.777705,36.904031,precise,"villa, unlabeled",roman,pleiades_production,0.102
208942324,Untitled,8.79858,36.937258,precise,"villa, unlabeled",roman,pleiades_production,0.102
208942325,Untitled,8.788855,36.936958,precise,"villa, unlabeled",roman,pleiades_production,0.102
208942326,Untitled,8.807969,36.923119,precise,"villa, unlabeled",roman,pleiades_production,0.102
208942327,Untitled,8.816,36.933755,precise,"villa, unlabeled",roman,pleiades_production,0.102
208942328,Untitled,8.798299,36.879688,precise,"villa, unlabeled",roman,pleiades_production,0.102
208942329,Untitled,8.795401,36.896969,precise,"villa, unlabeled",roman,pleiades_production,0.102
208942330,Untitled,8.508594,36.819556,precise,"settlement, unlabeled",roman,pleiades_settlement,0.102
208942331,Untitled,8.501328,36.555476,precise,"villa, unlabeled",roman,pleiades_production,0.102
208942332,Untitled,8.752437,36.908946,precise,"villa, unlabeled",roman,pleiades_production,0.102
208942333,Untitled,8.740131,36.910812,precise,villa,roman,pleiades_production,0.102
208942334,Untitled,8.764292,36.898413,precise,"villa, unlabeled",roman,pleiades_production,0.102
208942335,Untitled,8.759508,36.904629,precise,"villa, unlabeled",roman,pleiades_production,0.102
208942336,Untitled,8.826014,36.888717,precise,"villa, unlabeled",roman,pleiades_production,0.102
208942337,Untitled,8.760962,36.886141,precise,villa,roman,pleiades_production,0.102
208942338,Untitled,8.813192,36.885151,precise,"villa, unlabeled",roman,pleiades_production,0.102
208942339,Untitled,8.823447,36.879854,precise,"villa, unlabeled",roman,pleiades_production,0.102
208942340,Untitled,8.738699,36.898905,precise,"villa, monument",roman,pleiades_production,0.102
208942341,Untitled,8.73273,36.920388,precise,"villa, unlabeled",roman,pleiades_production,0.102
208942342,Untitled,8.789482,36.873448,precise,"villa, unlabeled",roman,pleiades_production,0.102
208942343,Untitled,8.777652,36.936465,precise,"villa, monument",roman,pleiades_production,0.102
208942346,Untitled,8.848865,36.665071,precise,"settlement, unlabeled",roman,pleiades_settlement,0.102
208942347,Untitled,8.83272,36.672157,precise,"settlement, unlabeled",roman,pleiades_settlement,0.102
208942348,Untitled,8.874077,36.689653,precise,"settlement, unlabeled",roman,pleiades_settlement,0.102
208942349,Untitled,8.827141,36.708389,precise,"settlement, unlabeled",roman,pleiades_settlement,0.102
208942350,Untitled,8.654757,36.735823,precise,"settlement, unlabeled",roman,pleiades_settlement,0.102
208942351,Untitled,8.641336,36.732735,precise,"settlement, unlabeled",roman,pleiades_settlement,0.102
208942352,Untitled,8.543026,36.726943,precise,"settlement, unlabeled",roman,pleiades_settlement,0.102
208942353,Untitled,8.673138,36.761724,precise,"settlement, unlabeled",roman,pleiades_settlement,0.102
208942354,Untitled,8.522714,36.729833,precise,"settlement, unlabeled",roman,pleiades_settlement,0.102
208942355,Untitled,8.721554,36.689804,precise,"settlement, unlabeled",roman,pleiades_settlement,0.102
208942356,Untitled,8.846331,36.686584,precise,"settlement, unlabeled",roman,pleiades_settlement,0.102
208942357,Untitled,8.506218,36.658296,precise,"settlement, unlabeled",roman,pleiades_settlement,0.102
208942358,Untitled,8.568432,36.620301,precise,"settlement, unlabeled",roman,pleiades_settlement,0.102
208942359,Untitled,8.572026,36.628161,precise,"settlement, unlabeled",roman,pleiades_settlement,0.102
208942360,Untitled,8.616366,36.622075,precise,"settlement, unlabeled",roman,pleiades_settlement,0.102
208942361,Untitled,8.61297,36.693611,precise,"settlement, unlabeled",roman,pleiades_settlement,0.102
208942362,Untitled,8.713266,36.702579,precise,"settlement, unlabeled",roman,pleiades_settlement,0.102
208942363,Untitled,8.581258,36.594895,precise,"settlement, unlabeled",roman,pleiades_settlement,0.102
208942364,Untitled,8.571077,36.589814,precise,"settlement, unlabeled",roman,pleiades_settlement,0.102
208942365,Untitled,8.746365,36.575323,precise,"settlement, unlabeled",roman,pleiades_settlement,0.102
208942366,Untitled,8.747986,36.568394,precise,"settlement, unlabeled",roman,pleiades_settlement,0.102
208942367,Untitled,8.747643,36.593995,precise,"settlement, unlabeled",roman,pleiades_settlement,0.102
208942368,Untitled,8.749918,36.586056,precise,"settlement, unlabeled",roman,pleiades_settlement,0.102
208942369,Untitled,8.731332,36.570532,precise,"settlement, unlabeled",roman,pleiades_settlement,0.102
208942370,Untitled,8.727535,36.580652,precise,"settlement, unlabeled",roman,pleiades_settlement,0.102
208942371,Untitled,8.78578,36.580617,precise,"settlement, unlabeled",roman,pleiades_settlement,0.102
208942372,Untitled,8.827808,36.581858,precise,settlement,roman,pleiades_settlement,0.102
208942373,Untitled,8.808674,36.602294,precise,"settlement, unlabeled",roman,pleiades_settlement,0.102
208942374,Untitled,8.79889,36.587239,precise,"settlement, unlabeled",roman,pleiades_settlement,0.102
208942375,Untitled,8.784278,36.602135,precise,"settlement, unlabeled",roman,pleiades_settlement,0.102
208942376,Untitled,8.795153,36.605165,precise,"settlement, unlabeled",roman,pleiades_settlement,0.102
208942377,Untitled,8.770879,36.589231,precise,"settlement, unlabeled",roman,pleiades_settlement,0.102
208942378,Untitled,8.775524,36.598283,precise,"settlement, unlabeled",roman,pleiades_settlement,0.102
208942379,Untitled,8.946749,36.562486,precise,"settlement, unlabeled",roman,pleiades_settlement,0.102
208942380,Untitled,8.732044,36.951626,precise,"villa, monument",roman,pleiades_production,0.102
208942381,Untitled,8.754645,36.943792,precise,"villa, monument",roman,pleiades_production,0.102
208942382,Untitled,8.751839,36.936619,precise,"villa, unlabeled",roman,pleiades_production,0.102
208942383,Untitled,8.743129,36.938195,precise,"villa, unlabeled",roman,pleiades_production,0.102
208942384,Untitled,8.741808,36.930875,precise,"villa, unlabeled",roman,pleiades_production,0.102
208942385,Untitled,8.734744,36.934681,precise,"villa, monument",roman,pleiades_production,0.102
208942436,Untitled,9.829808,37.026463,precise,"villa, unlabeled",hellenistic-republican,pleiades_production,4.0
208942437,Untitled,9.835448,37.01924,precise,"villa, unlabeled",hellenistic-republican,pleiades_production,4.0
208942438,Untitled,9.968659,37.093871,precise,"cemetery, villa",hellenistic-republican,pleiades_production,4.0
208942439,Untitled,9.878233,37.138698,precise,"settlement, unlabeled",hellenistic-republican,pleiades_settlement,4.0
208942441,Untitled,9.747393,37.336942,precise,"villa, unlabeled",hellenistic-republican,pleiades_production,4.0
208942442,Untitled,9.727621,37.33546,precise,"villa, unlabeled",hellenistic-republican,pleiades_production,4.0
208942443,Untitled,9.752388,37.282341,precise,"villa, unlabeled",hellenistic-republican,pleiades_production,4.0
208942444,Untitled,9.740773,37.255004,precise,"villa, unlabeled",hellenistic-republican,pleiades_production,4.0
208942445,Untitled,9.769303,37.324653,precise,"villa, unlabeled",hellenistic-republican,pleiades_production,4.0
208942446,Untitled,9.758448,37.325099,precise,"villa, unlabeled",hellenistic-republican,pleiades_production,4.0
208942447,Untitled,9.677367,37.122185,precise,"settlement, unlabeled",hellenistic-republican,pleiades_settlement,4.0
208942448,Untitled,9.691007,37.25841,precise,"settlement, unlabeled",hellenistic-republican,pleiades_settlement,4.0
208942449,Untitled,9.821035,37.279654,precise,"settlement, unlabeled",hellenistic-republican,pleiades_settlement,4.0
208942450,Untitled,9.826569,37.26732,precise,"settlement, unlabeled",hellenistic-republican,pleiades_settlement,4.0
208942451,Untitled,9.724331,37.246291,precise,"settlement, unlabeled",hellenistic-republican,pleiades_settlement,4.0
208942452,Untitled,9.706948,37.277694,precise,"settlement, unlabeled",hellenistic-republican,pleiades_settlement,4.0
208942453,Untitled,9.711237,37.222452,precise,"settlement, unlabeled",hellenistic-republican,pleiades_settlement,4.0
208942454,Untitled,9.817123,37.015291,precise,"villa, unlabeled",hellenistic-republican,pleiades_production,4.0
208942455,Untitled,9.921495,37.039044,precise,"villa, unlabeled",hellenistic-republican,pleiades_production,4.0
208942456,Untitled,9.780154,37.053693,precise,"villa, unlabeled",hellenistic-republican,pleiades_production,4.0
208942457,Untitled,9.77707,37.009568,precise,"villa, unlabeled",hellenistic-republican,pleiades_production,4.0
208942458,Untitled,9.733492,37.031981,precise,"villa, unlabeled",hellenistic-republican,pleiades_production,4.0
208942459,Untitled,9.721994,37.023645,precise,"villa, unlabeled",hellenistic-republican,pleiades_production,4.0
208942460,Untitled,9.533422,37.077658,precise,"villa, unlabeled",hellenistic-republican,pleiades_production,4.0
208942461,Untitled,9.510474,37.025586,precise,"villa, unlabeled",hellenistic-republican,pleiades_production,4.0
208942462,Untitled,9.809105,37.292927,precise,"villa, unlabeled",hellenistic-republican,pleiades_production,4.0
208942463,Untitled,9.539339,37.115175,precise,"villa, unlabeled",hellenistic-republican,pleiades_production,4.0
208942464,Untitled,9.781503,37.322665,precise,"villa, unlabeled",hellenistic-republican,pleiades_production,4.0
208942465,Untitled,9.792054,37.32352,precise,"villa, unlabeled",hellenistic-republican,pleiades_production,4.0
208942466,Untitled,9.713211,37.005355,precise,"villa, unlabeled",hellenistic-republican,pleiades_production,4.0
208942467,Untitled,9.759912,37.010472,precise,"villa, unlabeled",hellenistic-republican,pleiades_production,4.0
208942468,Untitled,9.858705,37.124906,precise,"settlement, unlabeled",hellenistic-republican,pleiades_settlement,4.0
208942469,Untitled,9.332441,37.055954,precise,"settlement, unlabeled",roman,pleiades_settlement,0.102
208942470,Untitled,9.375566,37.066969,precise,"settlement, unlabeled",roman,pleiades_settlement,0.102
208942471,Untitled,9.377807,37.055772,precise,"settlement, unlabeled",roman,pleiades_settlement,0.102
208942472,Untitled,9.427084,37.0245,precise,"settlement, unlabeled",roman,pleiades_settlement,0.102
208942473,Untitled,9.273018,37.128475,precise,"villa, unlabeled",roman,pleiades_production,0.102
208942475,Untitled,9.497604,37.042593,precise,"settlement, unlabeled",roman,pleiades_settlement,0.102
208942478,Untitled,9.299998,37.039228,precise,"settlement, unlabeled",roman,pleiades_settlement,0.102
208942481,Untitled,9.052816,36.595584,precise,"villa, unlabeled","hellenistic-republican,roman",pleiades_production,7.145
208942482,Untitled,9.430938,36.642474,precise,"villa, monument","hellenistic-republican,roman",pleiades_production,7.145
208942483,Untitled,9.417719,36.635966,precise,"villa, monument","hellenistic-republican,roman",pleiades_production,7.145
208942484,Untitled,9.055606,36.701393,precise,"villa, unlabeled","hellenistic-republican,roman",pleiades_production,7.145
208942485,Untitled,9.438012,36.735032,precise,"villa, unlabeled","hellenistic-republican,roman",pleiades_production,7.145
208942486,Untitled,9.018886,36.702282,precise,"villa, unlabeled","hellenistic-republican,roman",pleiades_production,7.145
208942487,Untitled,9.04522,36.686077,precise,"villa, unlabeled","hellenistic-republican,roman",pleiades_production,7.145
208942489,Untitled,9.309852,36.818128,precise,"settlement, unlabeled","hellenistic-republican,roman",pleiades_settlement,7.145
208942490,Untitled,9.022133,36.557364,precise,"villa, unlabeled","hellenistic-republican,roman",pleiades_production,7.145
208942491,Untitled,9.326935,36.881274,precise,"villa, unlabeled","hellenistic-republican,roman",pleiades_production,7.145
208942492,Untitled,9.252539,36.54849,precise,villa,"hellenistic-republican,roman",pleiades_production,7.145
208942493,Untitled,9.335053,36.778668,precise,"villa, unlabeled","hellenistic-republican,roman",pleiades_production,7.145
208942494,Untitled,9.308596,36.786393,precise,"villa, monument","hellenistic-republican,roman",pleiades_production,7.145
208942496,Untitled,9.453528,36.923692,precise,"settlement, unlabeled","hellenistic-republican,roman",pleiades_settlement,7.145
208942497,Untitled,9.046658,36.840981,precise,"villa, unlabeled","hellenistic-republican,roman",pleiades_production,7.145
208942498,Untitled,9.125257,36.862144,precise,"villa, unlabeled","hellenistic-republican,roman",pleiades_production,7.145
208942499,Untitled,9.135462,36.875316,precise,"villa, unlabeled","hellenistic-republican,roman",pleiades_production,7.145
208942500,Untitled,9.166164,36.836818,precise,"villa, unlabeled","hellenistic-republican,roman",pleiades_production,7.145
208942501,Untitled,9.223488,36.898141,precise,"villa, unlabeled","hellenistic-republican,roman",pleiades_production,7.145
208942502,Untitled,9.290568,36.961698,precise,"villa, unlabeled","hellenistic-republican,roman",pleiades_production,7.145
208942503,Untitled,9.307148,36.955713,precise,"villa, unlabeled","hellenistic-republican,roman",pleiades_production,7.145
208942507,Untitled,9.242979,36.653171,precise,"settlement, unlabeled","hellenistic-republican,roman",pleiades_settlement,7.145
208942508,Untitled,9.304876,36.810621,precise,"settlement, unlabeled","hellenistic-republican,roman",pleiades_settlement,7.145
208942509,Untitled,9.227986,36.514674,precise,"settlement, unlabeled","hellenistic-republican,roman",pleiades_settlement,7.145
208942546,Untitled,7.995712,35.687341,precise,"settlement, feature","roman,late-antique",pleiades_settlement,0.055
208942571,Untitled,7.957009,35.521415,precise,"settlement, feature","roman,late-antique",pleiades_settlement,0.055
208942573,Untitled,7.892417,35.617578,precise,mine-2,"roman,late-antique",pleiades_production,0.055
208942589,Untitled,7.465452,35.507641,precise,"settlement, feature","roman,late-antique",pleiades_settlement,0.055
208942612,Untitled,7.293297,35.726877,precise,"settlement, feature","roman,late-antique",pleiades_settlement,0.055
208942613,Untitled,7.330618,35.653202,precise,"settlement, feature","roman,late-antique",pleiades_settlement,0.055
208942614,Untitled,7.488945,35.610752,precise,"settlement, feature","roman,late-antique",pleiades_settlement,0.055
208942615,Untitled,7.440408,35.551089,precise,"settlement, feature","roman,late-antique",pleiades_settlement,0.055
208942616,Untitled,7.381445,35.687759,precise,"settlement, feature","roman,late-antique",pleiades_settlement,0.055
208942617,Untitled,7.452649,35.666046,precise,"settlement, feature","roman,late-antique",pleiades_settlement,0.055
208942618,Untitled,7.49911,35.693123,precise,"settlement, feature","roman,late-antique",pleiades_settlement,0.055
208942619,Untitled,7.643458,35.746168,precise,"settlement, feature","roman,late-antique",pleiades_settlement,0.055
208942620,Untitled,7.582255,35.554133,precise,"settlement, feature","roman,late-antique",pleiades_settlement,0.055
208942621,Untitled,7.54588,35.614302,precise,"settlement, feature","roman,late-antique",pleiades_settlement,0.055
208942632,Untitled,7.028346,35.640115,precise,"settlement, feature","roman,late-antique",pleiades_settlement,0.055
208942633,Untitled,7.057853,35.585736,precise,"settlement, feature","roman,late-antique",pleiades_settlement,0.055
208942634,Untitled,7.046065,35.524642,precise,"settlement, feature","roman,late-antique",pleiades_settlement,0.055
208942635,Untitled,7.142649,35.72455,precise,"settlement, feature","roman,late-antique",pleiades_settlement,0.055
208942636,Untitled,7.070114,35.649773,precise,"settlement, feature","roman,late-antique",pleiades_settlement,0.055
208942637,Untitled,7.107692,35.792908,precise,"settlement, feature","roman,late-antique",pleiades_settlement,0.055
208942638,Untitled,7.188163,35.781901,precise,"settlement, feature","roman,late-antique",pleiades_settlement,0.055
208942639,Untitled,7.263331,35.807111,precise,"settlement, feature","roman,late-antique",pleiades_settlement,0.055
208942640,Untitled,7.211476,35.530531,precise,"settlement, feature","roman,late-antique",pleiades_settlement,0.055
208942644,Untitled,7.219423,35.500685,precise,"settlement, feature","roman,late-antique",pleiades_settlement,0.055
208942651,Untitled,7.849706,35.663525,precise,"settlement, feature","roman,late-antique",pleiades_settlement,0.055
208942652,Untitled,7.931666,35.684914,precise,"settlement, feature","roman,late-antique",pleiades_settlement,0.055
208942653,Untitled,7.602833,35.865111,precise,"settlement, feature","roman,late-antique",pleiades_settlement,0.055
208942654,Untitled,7.452572,35.955718,precise,"settlement, feature","roman,late-antique",pleiades_settlement,0.055
208942655,Untitled,7.451856,35.985852,precise,"settlement, feature","roman,late-antique",pleiades_settlement,0.055
208942656,Untitled,7.263087,35.978264,precise,"settlement, feature","roman,late-antique",pleiades_settlement,0.055
208942657,Untitled,7.762375,35.862494,precise,"settlement, feature","roman,late-antique",pleiades_settlement,0.055
208942658,Untitled,7.737556,35.886652,precise,"settlement, feature","roman,late-antique",pleiades_settlement,0.055
208942659,Untitled,7.818375,35.930009,precise,"settlement, feature","roman,late-antique",pleiades_settlement,0.055
208942660,Untitled,7.762964,35.940779,precise,"settlement, feature","roman,late-antique",pleiades_settlement,0.055
208942664,Untitled,7.81553,35.814251,precise,"settlement, feature","roman,late-antique",pleiades_settlement,0.055
208942665,Untitled,7.773219,35.781609,precise,"settlement, feature","roman,late-antique",pleiades_settlement,0.055
208942666,Untitled,7.807002,35.755247,precise,"settlement, feature","roman,late-antique",pleiades_settlement,0.055
208942667,Untitled,7.73093,35.71883,precise,"settlement, feature","roman,late-antique",pleiades_settlement,0.055
208942668,Untitled,7.898183,35.589436,precise,"settlement, feature","roman,late-antique",pleiades_settlement,0.055
208942669,Untitled,7.945854,35.755676,precise,"settlement, feature","roman,late-antique",pleiades_settlement,0.055
208942670,Untitled,7.874898,35.789462,precise,"settlement, feature","roman,late-antique",pleiades_settlement,0.055
208942671,Untitled,7.848374,35.829638,precise,"settlement, feature","roman,late-antique",pleiades_settlement,0.055
208942672,Untitled,7.760364,35.68121,precise,"settlement, feature","roman,late-antique",pleiades_settlement,0.055
208942673,Untitled,7.645416,35.623334,precise,"settlement, feature","roman,late-antique",pleiades_settlement,0.055
208942674,Untitled,7.369955,35.585546,precise,"settlement, feature","roman,late-antique",pleiades_settlement,0.055
208942675,Untitled,7.071673,35.94051,precise,"settlement, feature","roman,late-antique",pleiades_settlement,0.055
208942676,Untitled,7.163376,35.948853,precise,"settlement, feature","roman,late-antique",pleiades_settlement,0.055
208942677,Untitled,7.184878,35.974347,precise,"settlement, feature","roman,late-antique",pleiades_settlement,0.055
208942678,Untitled,7.220389,35.957475,precise,"settlement, feature","roman,late-antique",pleiades_settlement,0.055
208942681,Untitled,8.471227,36.213466,precise,"settlement, feature","roman,late-antique",pleiades_settlement,0.055
208942682,Untitled,8.481796,36.216866,precise,"settlement, feature","roman,late-antique",pleiades_settlement,0.055
208942683,Untitled,8.490136,36.290171,precise,"settlement, feature","roman,late-antique",pleiades_settlement,0.055
208942688,Untitled,8.082216,35.873735,precise,"feature, villa","roman,late-antique",pleiades_production,0.055
208942689,Untitled,8.086098,35.846037,precise,"feature, villa","roman,late-antique",pleiades_production,0.055
208942690,Untitled,8.087795,35.83244,precise,"feature, villa","roman,late-antique",pleiades_production,0.055
208942698,Untitled,8.051156,35.855467,precise,"feature, villa","roman,late-antique",pleiades_production,0.055
208942700,Untitled,8.052912,35.835627,precise,"feature, villa","roman,late-antique",pleiades_production,0.055
208942704,Untitled,8.068242,35.840551,precise,"feature, villa","roman,late-antique",pleiades_production,0.055
208942705,Untitled,8.07603,35.860728,precise,"feature, villa","roman,late-antique",pleiades_production,0.055
208942706,Untitled,8.026414,35.827903,precise,"settlement, feature","roman,late-antique",pleiades_settlement,0.055
208942707,Untitled,8.357705,36.239525,precise,"feature, villa","roman,late-antique",pleiades_production,0.055
208942709,Untitled,8.431284,36.183645,precise,"settlement, feature","roman,late-antique",pleiades_settlement,0.055
208942713,Untitled,8.497101,36.30401,precise,"settlement, feature","roman,late-antique",pleiades_settlement,0.055
208942783,Untitled,6.697998,35.640971,precise,"settlement, feature","roman,late-antique",pleiades_settlement,0.055
208942785,Untitled,6.739068,35.705187,precise,"settlement, feature","roman,late-antique",pleiades_settlement,0.055
208942786,Untitled,6.776617,35.639998,precise,"settlement, feature","roman,late-antique",pleiades_settlement,0.055
208942787,Untitled,6.84195,35.653542,precise,"settlement, feature","roman,late-antique",pleiades_settlement,0.055
208942788,Untitled,6.847712,35.701368,precise,"settlement, feature","roman,late-antique",pleiades_settlement,0.055
208942789,Untitled,6.870182,35.67107,precise,"settlement, feature","roman,late-antique",pleiades_settlement,0.055
208942790,Untitled,6.930566,35.666394,precise,"settlement, feature","roman,late-antique",pleiades_settlement,0.055
208942791,Untitled,6.614835,35.565908,precise,"settlement, feature","roman,late-antique",pleiades_settlement,0.055
208942792,Untitled,6.567936,35.625789,precise,settlement,"roman,late-antique",pleiades_settlement,0.055
208942800,Untitled,6.62886,35.549448,precise,"settlement, feature","roman,late-antique",pleiades_settlement,0.055
208942801,Untitled,6.57744,35.524147,precise,"settlement, feature","roman,late-antique",pleiades_settlement,0.055
208942820,Untitled,6.974426,35.612532,precise,"settlement, feature","roman,late-antique",pleiades_settlement,0.055
208942827,Untitled,6.668174,35.893618,precise,"settlement, feature","roman,late-antique",pleiades_settlement,0.055
208942828,Untitled,6.589829,35.84296,precise,"settlement, feature","roman,late-antique",pleiades_settlement,0.055
208942829,Untitled,6.891743,35.814728,precise,"settlement, feature","roman,late-antique",pleiades_settlement,0.055
208942830,Untitled,6.858758,35.851,precise,"settlement, feature","roman,late-antique",pleiades_settlement,0.055
208942831,Untitled,6.688387,35.842824,precise,"settlement, feature","roman,late-antique",pleiades_settlement,0.055
208942832,Untitled,6.545049,35.792101,precise,"settlement, feature","roman,late-antique",pleiades_settlement,0.055
208942833,Untitled,6.827664,35.961759,precise,"settlement, feature","roman,late-antique",pleiades_settlement,0.055
208942835,Untitled,12.721115,43.333301,precise,bridge,"hellenistic-republican,roman",pleiades_transport,7.145
208942836,Ponte Spiano,12.7315991,43.3379371,precise,bridge,"hellenistic-republican,roman",pleiades_transport,7.145
208942837,Ponte Grosso,12.6330770821,43.5009074172,precise,bridge,"hellenistic-republican,roman",pleiades_transport,7.145
208942838,Ponte Manlio,12.6507458,43.5509864,precise,bridge,"hellenistic-republican,roman",pleiades_transport,7.145
208942839,Untitled,12.676511,43.586198,precise,bridge,"hellenistic-republican,roman",pleiades_transport,7.145
208942840,Untitled,12.6782,43.619141,precise,bridge,"hellenistic-republican,roman",pleiades_transport,7.145
208942841,Untitled,12.752462,43.672531,precise,bridge,"hellenistic-republican,roman",pleiades_transport,7.145
208942842,Unnamed bridge,12.777484,43.678181,precise,bridge,"hellenistic-republican,roman",pleiades_transport,7.145
208942843,Untitled,12.535463,42.567293,precise,bridge,"hellenistic-republican,roman",pleiades_transport,7.145
208942844,Untitled,12.553036,42.707563,precise,bridge,"hellenistic-republican,roman",pleiades_transport,7.145
208942845,Ponte del Toro,12.70473475,42.5535438,precise,bridge,"hellenistic-republican,roman,modern",pleiades_transport,7.145
208942846,Ponte di Augusto,12.5145181974,42.5250389789,precise,bridge,"hellenistic-republican,roman,roman-early-empire-late-antique,modern",pleiades_transport,7.173
208942847,Ponte Calamone ,12.5285051,42.5489654,precise,bridge,"hellenistic-republican,roman",pleiades_transport,7.145
208942848,Ponte Fonnaia,12.5431823405,42.7177842229,precise,bridge,"hellenistic-republican,roman,roman-early-empire-late-antique",pleiades_transport,7.173
208942849,Ponte di San Giovanni de Butris,12.5510371,42.6801049,precise,bridge,"hellenistic-republican,roman",pleiades_transport,7.145
208942852,Untitled,7.94028,36.072028,precise,settlement,"roman,late-antique",pleiades_settlement,0.055
208942853,Untitled,7.958285,36.270384,precise,"settlement, unlabeled","roman,late-antique",pleiades_settlement,0.055
208942854,Untitled,7.963664,36.260174,precise,"settlement, unlabeled","roman,late-antique",pleiades_settlement,0.055
208942855,Untitled,7.820035,36.381094,precise,"villa, unlabeled","roman,late-antique",pleiades_production,0.055
208942856,Untitled,7.618067,36.325614,precise,"station, unlabeled","roman,late-antique",pleiades_transport,0.055
208942857,Untitled,7.944861,36.166144,precise,"villa, unlabeled","roman,late-antique",pleiades_production,0.055
208942858,Untitled,7.796768,36.241053,precise,"villa, unlabeled","roman,late-antique",pleiades_production,0.055
208942859,Untitled,7.979098,36.182321,precise,"villa, unlabeled","roman,late-antique",pleiades_production,0.055
208942860,Untitled,7.953718,36.221719,precise,"villa, unlabeled","roman,late-antique",pleiades_production,0.055
208942861,Untitled,7.944683,36.081505,precise,"villa, unlabeled","roman,late-antique",pleiades_production,0.055
208942862,Untitled,7.759881,36.362971,precise,"settlement, unlabeled","roman,late-antique",pleiades_settlement,0.055
208942863,Untitled,7.636826,36.049578,precise,"settlement, unlabeled","roman,late-antique",pleiades_settlement,0.055
208942864,Untitled,7.618331,36.060856,precise,"settlement, unlabeled","roman,late-antique",pleiades_settlement,0.055
208942865,Untitled,7.659565,36.104176,precise,"settlement, unlabeled","roman,late-antique",pleiades_settlement,0.055
208942866,Untitled,7.76905,36.457533,precise,"settlement, unlabeled","roman,late-antique",pleiades_settlement,0.055
208942868,Untitled,7.578827,36.386548,precise,"settlement, unlabeled","roman,late-antique",pleiades_settlement,0.055
208942869,Untitled,7.676018,36.371029,precise,"settlement, unlabeled","roman,late-antique",pleiades_settlement,0.055
208942870,Untitled,7.661496,36.241422,precise,"settlement, unlabeled","roman,late-antique",pleiades_settlement,0.055
208942871,Untitled,7.575167,36.444405,precise,"settlement, unlabeled","roman,late-antique",pleiades_settlement,0.055
208942872,Untitled,7.607748,36.146456,precise,"settlement, unlabeled","roman,late-antique",pleiades_settlement,0.055
208942873,Untitled,7.650676,36.144732,precise,"settlement, unlabeled","roman,late-antique",pleiades_settlement,0.055
208942875,Untitled,7.534568,36.222608,precise,"settlement, unlabeled","roman,late-antique",pleiades_settlement,0.055
208942876,Untitled,7.511936,36.393248,precise,"settlement, unlabeled","roman,late-antique",pleiades_settlement,0.055
208942878,Untitled,7.934576,36.44337,precise,"settlement, unlabeled","roman,late-antique",pleiades_settlement,0.055
208942879,Untitled,7.8923,36.428816,precise,"settlement, unlabeled","roman,late-antique",pleiades_settlement,0.055
208942880,Untitled,7.837826,36.432593,precise,"settlement, unlabeled","roman,late-antique",pleiades_settlement,0.055
208942881,Untitled,7.809617,36.440719,precise,"settlement, unlabeled","roman,late-antique",pleiades_settlement,0.055
208942882,Untitled,7.948789,36.361693,precise,"villa, unlabeled","roman,late-antique",pleiades_production,0.055
208942883,Untitled,7.885431,36.292825,precise,"villa, unlabeled","roman,late-antique",pleiades_production,0.055
208942884,Untitled,7.836558,36.264272,precise,"villa, unlabeled","roman,late-antique",pleiades_production,0.055
208942885,Untitled,7.567686,36.143066,precise,"settlement, unlabeled","roman,late-antique",pleiades_settlement,0.055
208942886,Untitled,7.547987,36.165077,precise,"settlement, unlabeled","roman,late-antique",pleiades_settlement,0.055
208942887,Untitled,7.568075,36.180428,precise,"settlement, unlabeled","roman,late-antique",pleiades_settlement,0.055
208942888,Untitled,7.793226,36.252556,precise,"villa, unlabeled","roman,late-antique",pleiades_production,0.055
208942889,Untitled,7.974843,36.359716,precise,"settlement, unlabeled","roman,late-antique",pleiades_settlement,0.055
208942890,Untitled,7.756381,36.352265,precise,"settlement, unlabeled","roman,late-antique",pleiades_settlement,0.055
208942891,Untitled,7.757898,36.432479,precise,"settlement, unlabeled","roman,late-antique",pleiades_settlement,0.055
208942892,Untitled,7.769763,36.445832,precise,"settlement, unlabeled","roman,late-antique",pleiades_settlement,0.055
208942893,Untitled,7.817687,36.394302,precise,"villa, unlabeled","roman,late-antique",pleiades_production,0.055
208942894,Untitled,7.831982,36.394223,precise,"villa, unlabeled","roman,late-antique",pleiades_production,0.055
208942895,Untitled,7.832598,36.384824,precise,"villa, unlabeled","roman,late-antique",pleiades_production,0.055
208942897,Untitled,7.600649,36.116675,precise,"settlement, unlabeled","roman,late-antique",pleiades_settlement,0.055
208942899,Untitled,7.772287,36.752115,precise,settlement,"roman,late-antique",pleiades_settlement,0.055
208942900,Untitled,7.756094,36.694035,precise,"villa, unlabeled","roman,late-antique",pleiades_production,0.055
208942901,Untitled,7.841189,36.766418,precise,"villa, unlabeled","roman,late-antique",pleiades_production,0.055
208942902,Untitled,7.782484,36.618297,precise,"settlement, unlabeled","roman,late-antique",pleiades_settlement,0.055
208942903,Untitled,7.770854,36.641591,precise,"settlement, unlabeled","roman,late-antique",pleiades_settlement,0.055
208942904,Untitled,7.811376,36.577787,precise,"settlement, unlabeled","roman,late-antique",pleiades_settlement,0.055
208942905,Untitled,7.927184,36.568173,precise,"settlement, unlabeled","roman,late-antique",pleiades_settlement,0.055
208942906,Untitled,7.988038,36.553625,precise,"settlement, unlabeled","roman,late-antique",pleiades_settlement,0.055
208942907,Untitled,7.955623,36.668077,precise,"settlement, unlabeled","roman,late-antique",pleiades_settlement,0.055
208942908,Untitled,7.793142,36.60923,precise,"settlement, unlabeled","roman,late-antique",pleiades_settlement,0.055
208942909,Untitled,7.772595,36.810833,precise,"settlement, unlabeled","roman,late-antique",pleiades_settlement,0.055
208942910,Untitled,7.768157,36.824518,precise,"settlement, unlabeled","roman,late-antique",pleiades_settlement,0.055
208942911,Untitled,7.770718,36.757353,precise,"settlement, unlabeled","roman,late-antique",pleiades_settlement,0.055
208942913,Untitled,7.780722,36.627312,precise,"settlement, unlabeled","roman,late-antique",pleiades_settlement,0.055
208942914,Untitled,7.795383,36.613796,precise,"settlement, unlabeled","roman,late-antique",pleiades_settlement,0.055
208942915,Untitled,7.709679,36.534478,precise,"villa, unlabeled","roman,late-antique",pleiades_production,0.055
208942916,Untitled,7.594769,36.611551,precise,"villa, unlabeled","roman,late-antique",pleiades_production,0.055
208942917,Untitled,7.736646,36.704227,precise,"villa, unlabeled","roman,late-antique",pleiades_production,0.055
208942918,Untitled,7.755782,36.699528,precise,"villa, unlabeled","roman,late-antique",pleiades_production,0.055
208942920,Untitled,7.853337,36.754924,precise,"villa, unlabeled","roman,late-antique",pleiades_production,0.055
208942922,Untitled,7.749562,36.880769,precise,"settlement, unlabeled","roman,late-antique",pleiades_settlement,0.055
208942923,Untitled,7.569227,36.969515,precise,"settlement, unlabeled","roman,late-antique",pleiades_settlement,0.055
208942924,Untitled,7.624138,36.962195,precise,"settlement, unlabeled","roman,late-antique",pleiades_settlement,0.055
208942925,Untitled,7.682612,36.923951,precise,"settlement, unlabeled","roman,late-antique",pleiades_settlement,0.055
208942926,Untitled,7.37974,36.542018,precise,"settlement, unlabeled","roman,late-antique",pleiades_settlement,0.055
208942927,Untitled,7.42441,36.865444,precise,"settlement, unlabeled","roman,late-antique",pleiades_settlement,0.055
208942928,Untitled,7.378932,36.583586,precise,"settlement, unlabeled","roman,late-antique",pleiades_settlement,0.055
208942931,Untitled,7.439937,36.527652,precise,"villa, unlabeled","roman,late-antique",pleiades_production,0.055
208942932,Untitled,7.088662,36.727059,precise,"settlement, unlabeled","roman,late-antique",pleiades_settlement,0.055
208942933,Untitled,7.301397,36.704789,precise,"settlement, unlabeled","roman,late-antique",pleiades_settlement,0.055
208942936,Untitled,6.967599,36.26871,precise,"settlement, unlabeled","roman,late-antique",pleiades_settlement,0.055
208942937,Untitled,6.855115,36.39207,precise,"settlement, unlabeled","roman,late-antique",pleiades_settlement,0.055
208942938,Untitled,6.696729,36.304909,precise,"settlement, unlabeled","roman,late-antique",pleiades_settlement,0.055
208942939,Untitled,6.751768,36.083132,precise,"settlement, unlabeled","roman,late-antique",pleiades_settlement,0.055
208942940,Untitled,6.958719,36.230196,precise,"settlement, unlabeled","roman,late-antique",pleiades_settlement,0.055
208942941,Untitled,6.600896,36.363717,precise,"villa, unlabeled","roman,late-antique",pleiades_production,0.055
208942942,Untitled,6.502609,36.480636,precise,settlement,"roman,late-antique",pleiades_settlement,0.055
208942943,Untitled,6.529634,36.347725,precise,"settlement, unlabeled","roman,late-antique",pleiades_settlement,0.055
208942944,Untitled,6.537179,36.301702,precise,"settlement, unlabeled","roman,late-antique",pleiades_settlement,0.055
208942945,Untitled,6.755872,36.041189,precise,"settlement, unlabeled","roman,late-antique",pleiades_settlement,0.055
208942946,Untitled,6.873727,36.033369,precise,"settlement, unlabeled","roman,late-antique",pleiades_settlement,0.055
208942947,Untitled,6.81714,36.078755,precise,"settlement, unlabeled","roman,late-antique",pleiades_settlement,0.055
208942948,Untitled,6.933174,36.039471,precise,"settlement, unlabeled","roman,late-antique",pleiades_settlement,0.055
208942949,Untitled,6.886393,36.057803,precise,"settlement, unlabeled","roman,late-antique",pleiades_settlement,0.055
208942953,Untitled,6.887063,36.003769,precise,"settlement, unlabeled","roman,late-antique",pleiades_settlement,0.055
208942954,Untitled,6.802601,36.605938,precise,"settlement, unlabeled","roman,late-antique",pleiades_settlement,0.055
208942955,Untitled,6.85933,36.705885,precise,"villa, unlabeled","roman,late-antique",pleiades_production,0.055
208942956,Untitled,6.606087,36.555039,precise,villa,"roman,late-antique",pleiades_production,0.055
208942957,Untitled,6.655816,36.562248,precise,villa,"roman,late-antique",pleiades_production,0.055
208942958,Untitled,6.595352,36.646648,precise,"settlement, unlabeled","roman,late-antique",pleiades_settlement,0.055
208942959,Untitled,6.670371,36.504635,precise,settlement,"roman,late-antique",pleiades_settlement,0.055
208942982,Untitled,10.519148,35.601731,precise,"settlement, unlabeled",roman,pleiades_settlement,0.102
208942983,Untitled,10.506039,35.590662,precise,"settlement, unlabeled",roman,pleiades_settlement,0.102
208942984,Untitled,10.515775,35.579201,precise,"settlement, unlabeled",roman,pleiades_settlement,0.102
208942985,Untitled,10.555244,35.928606,precise,"villa, unlabeled",roman,pleiades_production,0.102
208942986,Untitled,10.571321,35.908257,precise,"villa, unlabeled",roman,pleiades_production,0.102
208942987,Untitled,10.533723,35.948467,precise,"villa, unlabeled",roman,pleiades_production,0.102
208942988,Untitled,10.551848,35.940828,precise,"villa, unlabeled",roman,pleiades_production,0.102
208942989,Untitled,10.526499,35.961751,precise,"villa, unlabeled",roman,pleiades_production,0.102
208942990,Untitled,10.530269,35.954979,precise,"villa, unlabeled",roman,pleiades_production,0.102
208942991,Untitled,10.572863,35.902796,precise,"villa, unlabeled",roman,pleiades_production,0.102
208942992,Untitled,10.575652,35.894474,precise,"villa, unlabeled",roman,pleiades_production,0.102
208942993,Untitled,10.595089,35.892527,precise,"villa, unlabeled",roman,pleiades_production,0.102
208942994,Untitled,10.589115,35.901132,precise,"villa, unlabeled",roman,pleiades_production,0.102
208942995,Untitled,10.905421,35.662486,precise,"settlement, unlabeled",roman,pleiades_settlement,0.102
208942996,Untitled,10.536653,35.607329,precise,"settlement, unlabeled",roman,pleiades_settlement,0.102
208942997,Untitled,10.535235,35.625742,precise,"settlement, unlabeled",roman,pleiades_settlement,0.102
208942998,Untitled,10.573738,35.60191,precise,"settlement, unlabeled",roman,pleiades_settlement,0.102
208942999,Untitled,10.571224,35.637182,precise,"settlement, unlabeled",roman,pleiades_settlement,0.102
208943000,Untitled,10.585451,35.598983,precise,"settlement, unlabeled",roman,pleiades_settlement,0.102
208943001,Untitled,10.563953,35.574499,precise,"settlement, unlabeled",roman,pleiades_settlement,0.102
208943002,Untitled,10.619421,35.630116,precise,"settlement, unlabeled",roman,pleiades_settlement,0.102
208943003,Untitled,10.611364,35.618765,precise,"settlement, cemetery",roman,pleiades_settlement,0.102
208943004,Untitled,10.535035,35.568978,precise,"settlement, unlabeled",roman,pleiades_settlement,0.102
208943005,Untitled,10.501991,35.673901,precise,"settlement, unlabeled",roman,pleiades_settlement,0.102
208943006,Untitled,10.515439,35.613159,precise,"settlement, unlabeled",roman,pleiades_settlement,0.102
208943078,Untitled,9.804073,35.900413,precise,"villa, unlabeled",roman,pleiades_production,0.102
208943079,Untitled,9.810317,35.844114,precise,"villa, unlabeled",roman,pleiades_production,0.102
208943080,Untitled,9.817959,35.845946,precise,"villa, unlabeled",roman,pleiades_production,0.102
208943082,Untitled,9.777589,35.734565,precise,"settlement, unlabeled",roman,pleiades_settlement,0.102
208943083,Untitled,9.659933,35.838214,precise,"settlement, unlabeled",roman,pleiades_settlement,0.102
208943084,Untitled,9.694745,35.945268,precise,"settlement, unlabeled",roman,pleiades_settlement,0.102
208943085,Untitled,9.660939,35.939434,precise,"settlement, unlabeled",roman,pleiades_settlement,0.102
208943086,Untitled,9.63735,35.955587,precise,"settlement, unlabeled",roman,pleiades_settlement,0.102
208943087,Untitled,9.653197,35.845452,precise,"settlement, unlabeled",roman,pleiades_settlement,0.102
208943088,Untitled,9.641688,35.851375,precise,"aqueduct, settlement, monument, wall-2",roman,pleiades_settlement,0.102
208943089,Untitled,9.752467,35.959207,precise,"settlement, unlabeled",roman,pleiades_settlement,0.102
208943090,Untitled,9.708539,35.931816,precise,"settlement, unlabeled",roman,pleiades_settlement,0.102
208943091,Untitled,9.643344,35.596582,precise,"settlement, unlabeled",roman,pleiades_settlement,0.102
208943092,Untitled,9.806229,35.923453,precise,"villa, unlabeled",roman,pleiades_production,0.102
208943093,Untitled,9.875658,35.988674,precise,"villa, unlabeled",roman,pleiades_production,0.102
208943094,Untitled,9.953992,35.906718,precise,"villa, unlabeled",roman,pleiades_production,0.102
208943095,Untitled,9.607353,35.921718,precise,"settlement, unlabeled",roman,pleiades_settlement,0.102
208943096,Untitled,9.610771,35.949643,precise,"settlement, unlabeled",roman,pleiades_settlement,0.102
208943097,Untitled,9.590771,35.680895,precise,"settlement, unlabeled",roman,pleiades_settlement,0.102
208943098,Untitled,9.591814,35.701681,precise,"settlement, unlabeled",roman,pleiades_settlement,0.102
208943099,Untitled,9.622898,35.655412,precise,"settlement, unlabeled",roman,pleiades_settlement,0.102
208943100,Untitled,9.603109,35.646996,precise,"settlement, unlabeled",roman,pleiades_settlement,0.102
208943105,Untitled,9.859252,35.902984,precise,"villa, unlabeled",roman,pleiades_production,0.102
208943106,Untitled,9.893121,35.872927,precise,"villa, unlabeled",roman,pleiades_production,0.102
208943107,Untitled,9.674866,35.788457,precise,"villa, unlabeled",roman,pleiades_production,0.102
208943108,Untitled,9.886119,35.86695,precise,"villa, unlabeled",roman,pleiades_production,0.102
208943114,Untitled,10.285455,35.514429,precise,"settlement, unlabeled",roman,pleiades_settlement,0.102
208943115,Untitled,10.491677,35.997781,precise,"settlement, unlabeled",roman,pleiades_settlement,0.102
208943116,Untitled,10.491498,35.673183,precise,"settlement, unlabeled",roman,pleiades_settlement,0.102
208943117,Untitled,10.459366,35.66817,precise,"settlement, unlabeled",roman,pleiades_settlement,0.102
208943119,Untitled,10.436302,35.68566,precise,"settlement, unlabeled",roman,pleiades_settlement,0.102
208943120,Untitled,10.440229,35.658415,precise,"settlement, unlabeled",roman,pleiades_settlement,0.102
208943122,Untitled,10.498039,35.956983,precise,"villa, unlabeled",roman,pleiades_production,0.102
208943126,Untitled,10.382915,35.638202,precise,"settlement, unlabeled",roman,pleiades_settlement,0.102
533417134,Roman Villa La Grottaccia,12.0778176875,41.9527390555,precise,villa,roman,pleiades_production,0.102
819599643,Villa Marittima della Tagliata,11.2941445,42.4085831,precise,villa,roman,pleiades_production,0.102
952765524,Cencelle,11.8581077466,42.1952681266,precise,settlement,"mediaeval-byzantine,modern",pleiades_settlement,0.0
420169498,Podere Marzuolo,11.39196,42.89059,precise,"production, archaeological-site, settlement-modern","first-bce,first-ce,second-ce,third-ce,fourth-ce,twenty-first-ce",pleiades_production,1.32
166695363,Clelia Roman Villa,11.6957859,44.3576796,precise,villa,"roman-early-empire-late-antique,modern",pleiades_production,0.052
433411640,Unnamed bridge,12.4145379,41.8167337,precise,bridge,roman,pleiades_transport,0.102
431699812,Villa Arcinelli,12.795513283,41.9414044625,precise,villa,"first-bce,roman",pleiades_production,1.97
431699813,Selciatella Roman bridge,12.7994379,41.9010819,precise,bridge,"roman,twenty-first-ce",pleiades_transport,0.102
77149477,Roman vicus and harbor at Lousonna,6.60097538268,46.5165265898,precise,"settlement, port",roman,pleiades_settlement;pleiades_transport,0.102
404373769,"Sacred Way at Iuppiter Latiaris, T.",12.7054175099,41.7470678287,precise,"street, road",roman,pleiades_transport,0.102
91511819,"""Ponte Sanguinario"" at Spoletium",12.7377559,42.7401172,precise,bridge,"roman-early-empire-late-antique,twenty-first-ce",pleiades_transport,0.052
294093253,Noddule nuragic complex,9.28493975147,40.3873758299,precise,settlement,"3rd-millennium-bc,2nd-millenium-bce,archaic,classical,hellenistic-republican,roman,late-antique,modern",pleiades_settlement,25.75
836358555,Carthage military harbor,10.3248036,36.8456504,precise,port,roman,pleiades_transport,0.102
462234,Helorus,15.1071028507,36.8422623852,precise,"city-wall, settlement, cistern, agora","archaic,classical,hellenistic-republican,hellenistic-roman-early-empire,roman-early-empire-late-antique,late-antique,modern",pleiades_settlement,25.75
462236,(H)Enna,14.28015265,37.56720465,precise,"settlement, settlement-modern","classical,hellenistic-republican,hellenistic-roman-early-empire,roman,late-antique,modern",pleiades_settlement,17.6
462237,Heraclea Minoa,13.2803028773,37.394756571,precise,settlement,"archaic,classical,hellenistic-republican,roman-early-empire-late-antique,late-antique,modern",pleiades_settlement,25.75
462239,Herbessos?,14.3006101,37.4265766,precise,settlement,"archaic,classical,hellenistic-republican,roman",pleiades_settlement,25.695
462240,Hereum/Cymbe,14.78121485,36.70433415,precise,"station, cape","roman,modern",pleiades_transport,0.102
462244,Himera,13.8223437955,37.9698366164,precise,"settlement, archaeological-site","archaic,classical,hellenistic-roman-early-empire,modern",pleiades_settlement,22.293
462247,Hippana,13.4357804,37.7018481,precise,"settlement, hill","archaic,classical,hellenistic-republican,modern",pleiades_settlement,18.55
462250,*Hortesiana,15.188035,37.15671,precise,"villa, estate",late-antique,pleiades_production,0.0
462251,Hybla Gereatis,14.90091,37.567342,precise,settlement,"classical,hellenistic-republican,roman,late-antique,modern",pleiades_settlement,17.6
462252,Hybla Heraia,14.7476217105,36.926552091,precise,settlement,"archaic,classical,hellenistic-republican,roman,roman-early-empire-late-antique,late-antique,modern",pleiades_settlement,25.75
462254,Hykkara?,13.180922,38.131616,precise,settlement,"archaic,classical,hellenistic-republican,roman",pleiades_settlement,25.695
462258,Ietas,13.1982317836,37.9672677566,precise,"settlement, archaeological-site, theatre","archaic,classical,hellenistic-republican,roman,late-antique,modern",pleiades_settlement,25.75
462259,Imachara?,14.398112,37.748625,precise,settlement,"hellenistic-republican,roman,twentieth-ce",pleiades_settlement,7.145
462261,Inykon?,12.865856,38.004476,precise,settlement,"classical,roman,late-antique,twentieth-ce",pleiades_settlement,2.988
462263,Iurato,14.464699,36.858639,precise,villa,classical,pleiades_production,2.933
462266,Monte Saraceno di Ravanusa (Kakyron?),13.9847189761,37.2555812277,precise,settlement,"archaic,classical,modern",pleiades_settlement,8.15
462267,Kale Akte,14.45267,38.033091,precise,settlement,"classical,hellenistic-republican",pleiades_settlement,10.4
462268,Kaprianon?,13.348765,37.471668,precise,settlement,"archaic,classical,hellenistic-republican",pleiades_settlement,18.55
462269,Kasmenai,14.8362835,37.073804,precise,settlement,"archaic,classical,modern",pleiades_settlement,8.15
462270,Katane/Catina,15.088142,37.502959,precise,settlement,"archaic,classical,hellenistic-republican,roman,modern",pleiades_settlement,25.695
462276,Lakkios,15.25,37.25,rough,port,hellenistic-republican,pleiades_transport,4.0
462278,Leon,15.23553,37.115623,precise,settlement,"classical,hellenistic-republican",pleiades_settlement,10.4
462279,Leontini,14.998115,37.285478,precise,"settlement, archaeological-site","archaic,classical,hellenistic-republican,hellenistic-roman-early-empire,roman,modern",pleiades_settlement,25.695
462280,Letojanni,15.305584,37.879504,precise,quarry,"hellenistic-republican,roman",pleiades_production,7.145
462281,Lilybaeum,12.4296649099,37.8027343605,precise,settlement,"archaic,classical,hellenistic-republican,hellenistic-roman-early-empire,roman,late-antique,modern",pleiades_settlement,25.75
462283,Lipara (settlement),14.9539573,38.46740105,precise,settlement,"archaic,classical,hellenistic-republican,roman,late-antique,modern",pleiades_settlement,25.75
462285,Liste della Margana,13.506433,37.777012,precise,settlement,"archaic,classical",pleiades_settlement,8.15
462286,*Logariana,14.90438,37.063427,precise,villa,late-antique,pleiades_production,0.0
462287,Longane,15.168053,38.082515,precise,settlement,"archaic,classical",pleiades_settlement,8.15
462289,Longaricum,13.089565,37.934891,precise,station,"roman,late-antique",pleiades_transport,0.055
462293,Maestro,14.607182,36.778468,precise,settlement,"archaic,classical",pleiades_settlement,8.15
462295,Maktorion?,14.33899985,37.2513551,precise,settlement,"archaic,classical",pleiades_settlement,8.15
462298,Manfria,14.13754,37.099809,precise,villa,"archaic,classical,hellenistic-republican,roman",pleiades_production,25.695
462300,Margi di Giarratana,14.793723,37.048099,precise,villa,roman,pleiades_production,0.102
462303,Mastro Paolo di Barrafranca,14.200938,37.375679,precise,settlement,"hellenistic-republican,roman,late-antique",pleiades_settlement,7.2
462304,Matrensa,15.26644,37.037885,precise,villa,roman,pleiades_production,0.102
462305,Mazara,12.590812,37.650881,precise,settlement,"archaic,classical,hellenistic-republican,hellenistic-roman-early-empire,roman,late-antique,modern",pleiades_settlement,25.75
462307,Megara Hyblaia,15.1822845784,37.2038011298,precise,settlement,"archaic,classical,hellenistic-republican,modern",pleiades_settlement,18.55
462312,Menai,14.69094,37.266404,precise,settlement,"classical,hellenistic-republican,roman,roman-early-empire-late-antique,late-antique,modern",pleiades_settlement,17.6
462313,Mendolito,14.807103923,37.697732667,precise,"settlement, archaeological-site","archaic,classical,twentieth-ce,twenty-first-ce",pleiades_settlement,8.15
462314,Mesopotamium,14.423845,36.929383,precise,station,roman,pleiades_transport,0.102
462316,Michelica di Modica,14.802833,36.825627,precise,settlement,late-antique,pleiades_settlement,0.0
462317,Milingiana,14.09176,37.203782,precise,villa,"archaic,classical,hellenistic-republican",pleiades_production,18.55
462318,Misterbianco,15.001930883,37.5199383559,precise,"villa, bath","roman,late-antique",pleiades_production,0.055
462322,Montagna di Ramacca,14.693465,37.385176,precise,settlement,"archaic,classical",pleiades_settlement,8.15
462323,Montagna Vecchia di Corleone,13.3101399,37.7905564,precise,settlement,"archaic,classical",pleiades_settlement,8.15
462324,Montagnola di Marineo,13.415131,37.951583,precise,settlement,"archaic,classical,hellenistic-republican",pleiades_settlement,18.55
462325,Montagnola di S. Giovanni Gemini,13.6693311,37.630203,precise,"settlement, hill","archaic,classical,twenty-first-ce",pleiades_settlement,8.15
462326,Montagnoli,12.892309,37.603185,precise,settlement,"hellenistic-republican,twentieth-ce",pleiades_settlement,4.0
462327,Monte Alburchia di Gangi,14.1735113,37.7569858,precise,"mountain, settlement","classical,hellenistic-republican,modern",pleiades_settlement,10.4
462328,Monte Artesino di Nicosia,14.2886714,37.6642081,precise,"settlement, mountain","archaic,classical,hellenistic-republican,modern,twentieth-ce,twenty-first-ce",pleiades_settlement,18.55
462329,Monte Balchino di Altobrando,14.55957,37.272863,precise,settlement,"archaic,classical,hellenistic-republican",pleiades_settlement,18.55
462330,Monte Balzo di Alimena,14.114513,37.694864,precise,settlement,"archaic,classical,hellenistic-republican",pleiades_settlement,18.55
462331,Monte Bonifato di Alcamo,12.9646145279,37.9574587797,precise,"defensive-wall, settlement, ruin","archaic,classical,twentieth-ce",pleiades_settlement,8.15
462333,Monte Capodarso,14.144764,37.495428,precise,settlement,"archaic,classical",pleiades_settlement,8.15
462334,Monte Casasia,14.718176,37.102892,precise,settlement,archaic,pleiades_settlement,2.25
462335,Monte Castellazzo di Pietralunga,14.842591,37.581598,precise,settlement,archaic,pleiades_settlement,2.25
462336,Monte Castellazzo di Poggioreale,13.0247368,37.7969205,precise,"settlement, mountain","archaic,classical,modern,twentieth-ce",pleiades_settlement,8.15
462337,Monte Castello di S. Angelo Muxaro,13.546243,37.479469,precise,settlement,archaic,pleiades_settlement,2.25
462338,Monte Chibbò,13.976467,37.609756,precise,settlement,"archaic,classical",pleiades_settlement,8.15
462339,Monte Colobria,13.519528,37.729472,precise,settlement,"archaic,classical",pleiades_settlement,8.15
462340,Monte d’Oro di Collesano,13.936583,37.919585,precise,settlement,archaic,pleiades_settlement,2.25
462341,Monte d’Oro di Montelepre,13.178222,38.106959,precise,settlement,"archaic,classical,hellenistic-republican,twentieth-ce",pleiades_settlement,18.55
462342,Monte della Giudecca,13.417023,37.456476,precise,settlement,"archaic,classical,hellenistic-republican,twentieth-ce",pleiades_settlement,18.55
462343,Monte delle Rocche,14.019575,37.575389,precise,settlement,"archaic,classical,twentieth-ce",pleiades_settlement,8.15
462344,Monte Dessueri,14.25702,37.190284,precise,settlement,"archaic,twentieth-ce",pleiades_settlement,2.25
462345,Monte Fagaria,14.084922,37.579798,precise,settlement,"archaic,classical",pleiades_settlement,8.15
462346,Monte Falcone di Baucina,13.538133,37.926117,precise,settlement,"archaic,classical,hellenistic-republican",pleiades_settlement,18.55
462347,Monte Finocchito,14.9988753,36.9098747,precise,"settlement, archaeological-site",archaic,pleiades_settlement,2.25
462348,Monte Gibel Gabel,14.0775077615,37.4530807387,precise,settlement,"archaic,classical,hellenistic-republican,modern,twentieth-ce,twenty-first-ce",pleiades_settlement,18.55
462349,Monte Grande,13.663092,37.202363,precise,mine-2,"roman,twentieth-ce,twenty-first-ce",pleiades_production,0.102
462350,Monte Kassar di Castronuovo di Sicilia,13.598601,37.677368,precise,settlement,"archaic,classical",pleiades_settlement,8.15
462351,Monte Lavanca Nera,14.2634758,37.2364262,precise,"settlement, mountain","archaic,modern,twentieth-ce",pleiades_settlement,2.25
462352,Monte Manganello,14.31212575,37.39113605,precise,"settlement, mountain","classical,modern,twentieth-ce",pleiades_settlement,2.933
462353,Monte Maranfusa,13.130772935,37.8503298604,precise,"settlement, archaeological-site","archaic,classical,twentieth-ce",pleiades_settlement,8.15
462354,Monte Navone,14.2880753,37.35647515,precise,"settlement, mountain","archaic,classical,modern,twentieth-ce,twenty-first-ce",pleiades_settlement,8.15
462355,Monte Pecoraro,13.127107,38.157661,precise,settlement,"hellenistic-republican,twentieth-ce",pleiades_settlement,4.0
462356,Monte Pietroso di Camporeale,13.094844,37.898286,precise,settlement,"archaic,classical",pleiades_settlement,8.15
462358,Monte Polizzo,12.788574,37.864138,precise,settlement,"archaic,hellenistic-republican,roman",pleiades_settlement,9.395
462359,Monte Porcara,13.48212,38.048777,precise,settlement,"archaic,twentieth-ce",pleiades_settlement,2.25
462360,Monte Raffe di Mussomeli,13.7712,37.57779,precise,"settlement, hill","archaic,classical,hellenistic-republican,twentieth-ce",pleiades_settlement,18.55
462361,Monte Riparato di Caltavuturo,13.882395,37.8497898,precise,settlement,"hellenistic-republican,roman",pleiades_settlement,7.145
462362,Monte Rosso di Ravanusa,13.977912,37.242158,precise,settlement,archaic,pleiades_settlement,2.25
462363,Monte Rossomanno,14.3975348,37.463466,precise,"settlement, mountain","archaic,classical,hellenistic-republican,modern",pleiades_settlement,18.55
462364,Monte S. Giuliano di Caltanissetta,14.0582565,37.5007533,precise,"settlement, hill","archaic,twenty-first-ce",pleiades_settlement,2.25
462365,Monte S. Mauro di Caltagirone,14.4686489122,37.2161897678,precise,settlement,"2nd-millenium-bce,archaic,classical,modern",pleiades_settlement,8.15
462367,Monte Scurzi,14.668042,38.061104,precise,settlement,archaic,pleiades_settlement,2.25
462369,Montelungo,14.201997,37.08352,precise,settlement,"archaic,classical,hellenistic-republican,twentieth-ce",pleiades_settlement,18.55
462370,Montevago,12.989483,37.702234,precise,villa,"hellenistic-republican,roman,twentieth-ce",pleiades_production,7.145
462371,Montevergine di S. Anna,13.235331,37.560943,precise,settlement,"roman,late-antique,twentieth-ce",pleiades_settlement,0.055
462372,Morgantina,14.4769822201,37.4288453808,precise,"settlement, archaeological-site, plaza","archaic,classical,hellenistic-republican,roman,modern",pleiades_settlement,25.695
462373,Motya,12.4683078931,37.8674149383,precise,"island, settlement, archaeological-site","archaic,classical,hellenistic-republican,modern",pleiades_settlement,18.55
462375,Motyon?,13.9464934374,37.4725648082,precise,settlement,"archaic,classical",pleiades_settlement,8.15
462376,Mura Pregne,13.766293,37.9509469,precise,"fort-2, settlement","archaic,classical,hellenistic-republican,modern,twentieth-ce",pleiades_settlement,18.55
462377,Muratore di Castellana Sicula,14.042973,37.781903,precise,villa,"roman,twentieth-ce,twenty-first-ce",pleiades_production,0.102
462378,Mutyce,14.760759,36.859007,precise,settlement,"classical,hellenistic-republican,hellenistic-roman-early-empire,roman,modern",pleiades_settlement,17.545
462379,Mylae,15.240385,38.219365,precise,"settlement, port, isthmus","archaic,classical,hellenistic-republican,hellenistic-roman-early-empire,roman,late-antique,modern",pleiades_settlement;pleiades_transport,25.75
462381,Myttistraton,13.93401535,37.6042569,precise,settlement,"archaic,classical,hellenistic-republican,hellenistic-roman-early-empire,roman,modern",pleiades_settlement,25.695
462383,Narasette,13.76507,37.159693,precise,settlement,"hellenistic-republican,roman,late-antique",pleiades_settlement,7.2
462384,Naulochos,15.374469,38.221699,precise,station,"hellenistic-republican,roman",pleiades_transport,7.145
462385,Naustathmus Portus,15.2231642,36.9645478,precise,"port, settlement-modern","roman,modern",pleiades_transport,0.102
462386,Naxos (settlement),15.2677947,37.82248715,precise,settlement,"archaic,classical,hellenistic-roman-early-empire,modern",pleiades_settlement,22.293
462387,Naxus (station),15.266684,37.82534,precise,station,"hellenistic-republican,roman,late-antique",pleiades_transport,7.2
462388,Neaition/Netum,15.0514325,36.911036,precise,settlement,"classical,hellenistic-republican,hellenistic-roman-early-empire,roman,late-antique,modern,twentieth-ce",pleiades_settlement,17.6
462392,Nicosia,14.398131,37.748613,precise,settlement,"hellenistic-republican,roman",pleiades_settlement,7.145
462393,Noai?,14.63838175,37.5041514,precise,"settlement, mountain","archaic,classical,hellenistic-republican,roman,modern,twentieth-ce",pleiades_settlement,25.695
462399,Omphake,14.18321695,37.19006655,precise,"settlement, settlement-modern","archaic,classical,roman,modern",pleiades_settlement,8.252
462401,Ortomosaico di Giarratana,14.793736,37.048117,precise,villa,roman,pleiades_production,0.102
462406,Pagliuzza,13.914358,37.789228,precise,villa,hellenistic-republican,pleiades_production,4.0
462410,Pan(h)ormus,13.3524434,38.1112268,precise,"settlement, settlement-modern","archaic,classical,hellenistic-republican,hellenistic-roman-early-empire,roman,late-antique,sixteenth-ce,modern",pleiades_settlement,25.75
462412,Pantalica,15.03267,37.139715,precise,"settlement, cemetery","archaic,classical,late-antique,modern",pleiades_settlement,8.15
462413,Parthenicum,13.12095,38.044987,precise,settlement,"roman,late-antique,modern",pleiades_settlement,0.055
462414,Patti Marina,14.9723592,38.14891,precise,villa,"roman,late-antique",pleiades_production,0.055
462418,Petiliana,13.91924,37.259543,precise,station,"roman,late-antique",pleiades_transport,0.055
462419,*Petrina,13.417496,37.735414,precise,station,"hellenistic-republican,roman",pleiades_transport,7.145
462420,Petrusa,14.386461,37.148965,precise,settlement,"hellenistic-republican,roman,late-antique,twentieth-ce",pleiades_settlement,7.2
462422,Phalarion?,14.05833,37.148324,precise,settlement,"classical,hellenistic-republican,twentieth-ce",pleiades_settlement,10.4
462423,Philosophiana,14.2956854395,37.319261464,precise,"basilica, settlement, bath","hellenistic-republican,roman,late-antique,modern",pleiades_settlement,7.2
462424,Phintias,13.9318400639,37.1000059548,precise,"settlement, archaeological-site","hellenistic-republican,hellenistic-roman-early-empire,roman,modern,twenty-first-ce",pleiades_settlement,7.145
462426,Phoinikous Limen,15.1021245361,36.7973424065,precise,"island, bay, anchorage, settlement, port","roman,modern,nineteenth-ce",pleiades_settlement;pleiades_transport,0.102
462427,Phoinix/Tamaricii/Palmae,15.340335,37.954016,precise,station,"hellenistic-republican,roman,twentieth-ce",pleiades_transport,7.145
462429,Piano dei Casazzi,14.567071,37.302697,precise,settlement,"archaic,classical",pleiades_settlement,8.15
462430,Piano della Camera,14.343444,37.162942,precise,settlement,"archaic,hellenistic-republican,roman,late-antique",pleiades_settlement,9.45
462431,Piano della Città,13.804068,37.161496,precise,settlement,"archaic,twentieth-ce",pleiades_settlement,2.25
462432,Piano della Clesia,14.13669,37.485641,precise,villa,"roman,twentieth-ce",pleiades_production,0.102
462433,Piano Fontane,14.23635,37.983284,precise,villa,roman,pleiades_production,0.102
462434,Piano Rizzuto,14.316046,37.030908,precise,settlement,"classical,hellenistic-republican",pleiades_settlement,10.4
462435,Roman Villa and Medieval Settlement at Piazza Armerina,14.334722,37.364722,precise,"settlement, villa","roman,late-antique,modern",pleiades_settlement;pleiades_production,0.055
462436,Pietra Rossa,13.491809,37.380402,precise,settlement,late-antique,pleiades_settlement,0.0
462438,Pirama?,13.283665,37.996465,precise,station,"roman,late-antique",pleiades_transport,0.055
462439,Pirrera,14.510287,36.809483,precise,settlement,late-antique,pleiades_settlement,0.0
462440,Pistunina,15.529006,38.147146,precise,villa,"roman,late-antique,twentieth-ce",pleiades_production,0.055
462441,Pitiniana,13.617815,37.403181,precise,station,"roman,late-antique",pleiades_transport,0.055
462442,Pizzo Caduta,13.895814,37.101481,precise,settlement,"archaic,classical,twentieth-ce",pleiades_settlement,8.15
462443,Pizzo Cannita,13.4715454,38.0691991,precise,"fortified-settlement, hill","archaic,classical,hellenistic-republican,twentieth-ce,twenty-first-ce",pleiades_settlement,18.55
462444,Pizzo Chiarastella,13.481852,37.924453,precise,settlement,"archaic,classical,hellenistic-republican",pleiades_settlement,18.55
462445,Pizzo di Casa,13.449364,37.84432,precise,settlement,"archaic,classical",pleiades_settlement,8.15
462447,Pizzo di Ciminna,13.560454,37.897539,precise,fortified-settlement,"archaic,classical,hellenistic-republican,twentieth-ce",pleiades_settlement,18.55
462448,Pizzo Nicolosi,13.332265,37.869043,precise,settlement,"archaic,classical,hellenistic-republican,roman,twentieth-ce",pleiades_settlement,25.695
462449,Pizzo Pipitone,13.613843,37.858077,precise,fortified-settlement,"archaic,classical,twentieth-ce",pleiades_settlement,8.15
462452,Plemmyrium (promontory),15.3192879161,37.0230334013,precise,"cape, lighthouse","classical,roman,twenty-first-ce",pleiades_transport,3.036
462453,Poira,14.808244,37.556267,precise,settlement,"archaic,classical",pleiades_settlement,8.15
462454,Polizzello,13.826699,37.6064334,precise,"fortified-settlement, settlement",archaic,pleiades_settlement,2.25
462455,Polizzi Generosa,14.000168,37.81238,precise,settlement,"hellenistic-republican,twentieth-ce",pleiades_settlement,4.0
462456,Portus Pachyni/*Apollineum,15.135478,36.683441,precise,settlement,"hellenistic-republican,roman,twentieth-ce",pleiades_settlement,7.145
462457,Priorato,14.144968,37.242434,precise,villa,"archaic,hellenistic-republican,roman",pleiades_production,9.395
462458,Punta Castelluzzo,15.126728,37.308261,precise,settlement,"archaic,classical,hellenistic-republican,roman,late-antique",pleiades_settlement,25.75
462459,Punta Secca,14.5071814644,36.7878770438,precise,"settlement, archaeological-site","roman,late-antique,modern,twenty-first-ce",pleiades_settlement,0.055
462461,Racalmuto,13.7330745,37.4076652,precise,"production, settlement-modern","roman,modern",pleiades_production,0.102
462463,Ras-ir Raheb Roman Farm,14.328531,35.906401,precise,estate,roman,pleiades_production,0.102
462466,Reilla,15.290988,38.186862,precise,villa,"roman,twentieth-ce",pleiades_production,0.102
462468,Rocca Argenteria,13.313466,37.8637582,precise,"quarry, mountain","roman,modern",pleiades_production,0.102
462469,Rocca Nadore,13.1226364,37.5647701,precise,"settlement, fort","classical,hellenistic-republican",pleiades_settlement,10.4
462470,Rocca Stefano,13.6892457717,37.3138844754,precise,"cemetery, villa","roman,late-antique",pleiades_production,0.055
462471,Rometta,15.413438,38.170558,precise,villa,"classical,hellenistic-republican,late-antique,twentieth-ce",pleiades_production,10.4
462472,Runzi di Pietraperzia,14.137985,37.42113,precise,settlement,"hellenistic-republican,roman",pleiades_settlement,7.145
462474,S. Agata di Campobello di Mazara,12.6875061373,37.665968631,precise,settlement,"roman,roman-early-empire-late-antique,late-antique,twentieth-ce",pleiades_settlement,0.055
462476,S. Croce Camarina,14.525137,36.828437,precise,settlement,late-antique,pleiades_settlement,0.0
462477,S. Luca di Castronuovo,13.604398,37.679997,precise,villa,"hellenistic-republican,roman",pleiades_production,7.145
462478,S. Marco d’Alunzio,14.700325,38.071905,precise,quarry,roman,pleiades_production,0.102
462479,S. Nicolo di Carini,13.180165,38.153624,precise,villa,late-antique,pleiades_production,0.0
462480,San Pawl Milqi Roman Villa,14.4116,35.933331,precise,"villa, estate","hellenistic-republican,roman,late-antique",pleiades_production,7.2
462481,S. Teresa di Longarini,15.238338,37.006654,precise,villa,roman,pleiades_production,0.102
462482,S. Venera al Pozzo,15.154041,37.582516,precise,settlement,"roman,late-antique",pleiades_settlement,0.055
462483,Sabucina,14.1203403815,37.5025854791,precise,"urban, settlement","archaic,classical,hellenistic-republican",pleiades_settlement,18.55
462484,Saraceno di Favara,13.65470395,37.3289243459,precise,villa,"roman,late-antique,twentieth-ce,twenty-first-ce",pleiades_production,0.055
462485,Scicli,14.702367,36.791428,precise,settlement,roman,pleiades_settlement,0.102
462486,Scornavacche,14.5798213877,37.0507125088,precise,"settlement, archaeological-site","classical,hellenistic-republican",pleiades_settlement,10.4
462487,Segesta/Egesta,12.8361805,37.940316,precise,"settlement, archaeological-site","archaic,classical,hellenistic-republican,hellenistic-roman-early-empire,roman,late-antique",pleiades_settlement,25.75
462489,Selinus,12.8248930865,37.5882816559,precise,"settlement, archaeological-site","archaic,classical,hellenistic-republican,modern",pleiades_settlement,18.55
462490,Settefrati,13.966881,38.02886,precise,villa,roman,pleiades_production,0.102
462495,Sirignano,13.25,38.25,rough,villa,roman,pleiades_production,0.102
462496,Sirignano,12.958049,37.891099,precise,villa,"roman,late-antique",pleiades_production,0.055
462497,Solous,13.527452,38.082498,precise,settlement,"archaic,classical",pleiades_settlement,8.15
462498,Soluntum,13.5316956318,38.0931395441,precise,settlement,"archaic,classical,hellenistic-republican,hellenistic-roman-early-empire,roman,late-antique,modern",pleiades_settlement,25.75
462501,Suor Marchesa,14.036442,37.203716,precise,settlement,"hellenistic-republican,roman,late-antique",pleiades_settlement,7.2
462506,Tauromenium,15.292123,37.852391,precise,"settlement, theatre","classical,hellenistic-republican,hellenistic-roman-early-empire,roman,late-antique,modern",pleiades_settlement,17.6
462509,Terravecchia di Cuti,14.023517,37.646624,precise,settlement,"archaic,classical,twentieth-ce",pleiades_settlement,8.15
462510,Terravecchia di Grammichele,14.6228555377,37.2347915666,precise,"settlement, archaeological-site","archaic,classical,hellenistic-republican,twentieth-ce",pleiades_settlement,18.55
462511,Thapsos,15.2337760886,37.1530740249,precise,settlement,"archaic,classical,modern",pleiades_settlement,8.15
462513,Thermae Himeraeae,13.6962535,37.9851965,precise,settlement,"classical,hellenistic-republican,hellenistic-roman-early-empire,roman,late-antique,modern",pleiades_settlement,17.6
462516,Thorax,15.182249,38.131542,precise,settlement,hellenistic-republican,pleiades_settlement,4.0
462518,Timpone Rasta,12.580732,37.702669,precise,villa,"hellenistic-republican,roman,twentieth-ce",pleiades_production,7.145
462520,Traiectus,15.61165225,38.2642982,precise,settlement,"roman,late-antique",pleiades_settlement,0.055
462521,Trapani,12.51783,38.017131,precise,quarry,"roman,twentieth-ce",pleiades_production,0.102
462522,Trecastagni,15.078921,37.619703,precise,villa,roman,pleiades_production,0.102
462523,Treppiedi di Modica,14.760772,36.858998,precise,settlement,late-antique,pleiades_settlement,0.0
462525,Triokala?,13.217575,37.578612,precise,settlement,"archaic,classical,hellenistic-republican,roman,late-antique,twenty-first-ce",pleiades_settlement,25.75
462526,Trogilos,15.25,37.25,rough,port,"classical,roman",pleiades_transport,3.036
462527,Tyndaris,15.0445609,38.14272495,precise,"settlement, settlement-modern","classical,hellenistic-republican,hellenistic-roman-early-empire,roman,roman-early-empire-late-antique,late-antique,modern",pleiades_settlement,17.6
462530,Ulixis Portus,15.1132178,37.529051,precise,"port, settlement-modern","archaic,roman,twentieth-ce,twenty-first-ce",pleiades_transport,2.353
462532,Ventrelli,14.665722,37.424203,precise,villa,roman,pleiades_production,0.102
462534,Villasmundo,15.092802,37.250388,precise,settlement,archaic,pleiades_settlement,2.25
462538,Zancle/Messana,15.556634,38.192251,precise,settlement,"archaic,classical,hellenistic-republican,roman,late-antique,modern",pleiades_settlement,25.75
462539,Żejtun (Zejtun) Roman Villa,14.535766877,35.8516816025,precise,"villa, estate",roman,pleiades_production,0.102
463572,Unnamed bridge at Selinus,12.80502,37.607074,precise,bridge,hellenistic-republican,pleiades_transport,4.0
463573,Roman bridge at Buonfornello,13.75,37.75,rough,bridge,roman,pleiades_transport,0.102
463574,Untitled,13.570975,37.282319,precise,bridge,roman,pleiades_transport,0.102
463575,Untitled,14.180131,38.018848,precise,bridge,roman,pleiades_transport,0.102
463576,Untitled,14.695556,38.106314,precise,bridge,roman,pleiades_transport,0.102
463577,Untitled,14.75,37.75,rough,bridge,roman,pleiades_transport,0.102
463578,"Roman bridge, Pietralunga di Paternò",14.8645357173,37.5751594413,precise,bridge,roman,pleiades_transport,0.102
463579,Untitled,15.241401,37.817276,precise,bridge,roman,pleiades_transport,0.102
464327,Motya causeway,12.4705536014,37.8782193078,precise,causeway,archaic,pleiades_transport,2.25
465884,Echetla,14.6240607,37.2327642,precise,settlement,"hellenistic-republican,hellenistic-roman-early-empire,roman",pleiades_settlement,7.145
465970,Palike,14.697361,37.329954,precise,"sanctuary, settlement, architecturalcomplex","archaic,classical,hellenistic-republican,late-antique,early-byzantine,modern",pleiades_settlement,18.55
471877,Ad Herculem,8.662883,40.781624,precise,station,roman,pleiades_transport,0.102
471879,Ad Octavum,8.4993256,40.762541,precise,"station, settlement-modern","roman,late-antique,modern,twenty-first-ce",pleiades_transport,0.055
471882,Aquae Calidae Neapolitanorum,8.78626398574,39.6140191948,precise,"settlement, bath","classical,hellenistic-republican,roman,late-antique,modern,twentieth-ce",pleiades_settlement,17.6
471883,Arbus,8.598949,39.527055,precise,mine,"hellenistic-republican,roman",pleiades_production,7.145
471884,Ardara,8.810204,40.622894,precise,villa,roman,pleiades_production,0.102
471886,Assemini,9.002479,39.292462,precise,villa,"roman,late-antique,twentieth-ce,twenty-first-ce",pleiades_production,0.055
471887,Augustae,9.088906,40.071704,precise,settlement,"roman,late-antique",pleiades_settlement,0.055
471893,Biora,9.145167,39.702809,precise,station,"roman,late-antique",pleiades_transport,0.055
471894,Bitia,8.8903613,38.8981891,precise,station,"archaic,classical,hellenistic-republican,roman,late-antique",pleiades_transport,25.75
471895,Bosa,8.498154,40.299242,precise,settlement,"hellenistic-republican,roman,late-antique",pleiades_settlement,7.2
471898,Caput Tyrsi,9.259229,40.579278,precise,station,roman,pleiades_transport,0.102
471899,Caralis,9.109522,39.214886,precise,settlement,"archaic,classical,hellenistic-republican,roman,late-antique,modern",pleiades_settlement,25.75
471901,Carbia,8.322198,40.557995,precise,station,roman,pleiades_transport,0.102
471902,Castelsardo,8.713337,40.912809,precise,settlement,"roman,late-antique,twentieth-ce,twenty-first-ce",pleiades_settlement,0.055
471904,Cheremule,8.725225,40.504996,precise,villa,"roman,late-antique",pleiades_production,0.055
471906,Coclearia,9.673348,40.770672,precise,settlement,roman,pleiades_settlement,0.102
471907,Cornus,8.5081312117,40.0933604423,precise,"settlement, archaeological-site","hellenistic-republican,roman,late-antique",pleiades_settlement,7.2
471911,Custodia Rubriensis,9.683113,39.830392,precise,station,"roman,late-antique",pleiades_transport,0.055
471913,Decimoputzu,8.916265,39.336422,precise,station,"roman,late-antique",pleiades_transport,0.055
471916,Elefantaria,9.388604,41.078941,precise,station,roman,pleiades_transport,0.102
471919,Erucium,8.883981,40.8346,precise,station,roman,pleiades_transport,0.102
471923,Ferraria,9.367166,39.30132,precise,settlement,roman,pleiades_settlement,0.102
471928,Fluminimaggiore,8.496933,39.437896,precise,mine-2,late-antique,pleiades_production,0.0
471929,Fundus Cotronianus,8.689137,40.671239,precise,villa,roman,pleiades_production,0.102
471930,Fundus Moddol(...),8.943866,39.381546,precise,villa,roman,pleiades_production,0.102
471937,Gouroulis Nea?,8.567526,40.189071,precise,settlement,"roman,late-antique",pleiades_settlement,0.055
471938,Gouroulis Palaia?,8.630918,40.397592,precise,settlement,"hellenistic-republican,roman",pleiades_settlement,7.145
471939,Grugua,8.457435,39.383355,precise,mine-2,late-antique,pleiades_production,0.0
471941,Hafa?,8.83308,40.548365,precise,station,roman,pleiades_transport,0.102
471942,Herakleous? Limen,8.81414,38.885163,precise,"port, bay","archaic,classical,hellenistic-republican,roman,twentieth-ce,twenty-first-ce",pleiades_transport,25.695
471947,Hydata Hypsitana/Forum Traiani,8.810955,39.995636,precise,settlement,"roman,late-antique,modern",pleiades_settlement,0.055
471950,Iglesias,8.534334,39.312681,precise,mine-2,"hellenistic-republican,roman",pleiades_production,7.145
471954,Is Bangius,8.674557,39.789252,precise,"villa, bath","roman,late-antique,twentieth-ce",pleiades_production,0.055
830595307,Gallese,12.4028042,42.3732869,precise,"settlement, settlement-modern",modern,pleiades_settlement,0.0
830595308,"Grotta Porciosa, Borghetto",12.45531,42.3427048,precise,"settlement, settlement-modern",twenty-first-ce,pleiades_settlement,0.0
305624956,Trevinano,11.8709531,42.8221916,precise,"settlement, settlement-modern",modern,pleiades_settlement,0.0
285873044,Unnamed bridge near Concordia Sagittaria,12.8380113637,45.7585218427,precise,bridge,roman,pleiades_transport,0.102
65595829,Aiano-Torraccia di Chiusi Roman villa,11.0725502634,43.433680004,precise,villa,"roman-early-empire-late-antique,twenty-first-ce",pleiades_production,0.052
588233703,Balsignano,16.7968555489,41.0641493431,precise,"church-2, settlement, fort",mediaeval-byzantine,pleiades_settlement,0.0
537241210,Sito archeologico Le Tombe di Amplero,13.6050619107,41.9207388458,precise,"settlement, cemetery","classical,hellenistic-republican",pleiades_settlement,10.4
479701642,Villa Carmiano,14.5080203276,40.7068517899,precise,villa,"hellenistic-republican,first-ce",pleiades_production,4.0
927235843,Trajanic harbor,12.2594755208,41.7784985629,precise,port,"roman,late-antique",pleiades_transport,0.055
423894082,Dragonera,13.7703304,44.9686329,precise,villa,roman-early-empire-late-antique,pleiades_production,0.052
636310450,Hannibal's Bridge (Rapallo),9.2271279543,44.346910831,precise,bridge,twenty-first-ce,pleiades_transport,0.0
431472221,Ponte delle Voze,8.3675933,44.2057411,precise,bridge,"roman,twenty-first-ce",pleiades_transport,0.102
505987879,Le Muracche Roman villa,13.9332763896,42.8036620874,precise,villa,"roman,twenty-first-ce",pleiades_production,0.102
724797678,Ponte di San Francesco,13.08916975,41.9242729,precise,bridge,"fourteenth-ce,fifteenth-ce,sixteenth-ce,modern,twenty-first-ce",pleiades_transport,0.0
743823049,Area archeologica di Satricum,12.749938723,41.5148720633,precise,"archaeological-site, villa",roman,pleiades_production,0.102
387363581,Cortaillod-Est,6.850908,46.938539,precise,"settlement, archaeological-site",tenth-bce,pleiades_settlement,0.0
617582458,Sorna Roman Villa and Church,13.5892,45.2022018,precise,"church-2, peninsula, cemetery, villa, port",roman,pleiades_production;pleiades_transport,0.102
199996184,Lio Piccolo Roman Villa,12.4896583,45.4902415,precise,"villa, settlement-modern",twenty-first-ce,pleiades_production,0.0
865293111,"Ponte della Concordia, Fossombrone",12.8032894208,43.6883149286,precise,bridge,"twentieth-ce,twenty-first-ce",pleiades_transport,0.0
726542221,Ponte Sisto,12.4707460763,41.892340237,precise,bridge,"fifteenth-ce,sixteenth-ce,seventeenth-ce,modern",pleiades_transport,0.0
686909163,Grottini Roman villa,11.93637525,42.02960875,precise,villa,roman,pleiades_production,0.102
145326401,Posto villa,14.0508780605,41.1847675549,precise,villa,roman,pleiades_production,0.102
234790083,Ponte del Diavolo,12.0279870534,42.2705046918,precise,bridge,"hellenistic-republican,roman",pleiades_transport,7.145
965004100,Ponte di Pioraco,12.98474885,43.17919815,precise,bridge,roman,pleiades_transport,0.102
112047227,Ponte Funicchio,12.1198557,42.4629243,precise,bridge,hellenistic-roman-early-empire,pleiades_transport,4.5
65232414,Villa Romana di Caselette,7.48090925959,45.1162391468,precise,villa,roman,pleiades_production,0.102
65232415,Roman Villa of San Giovanni Del Palco,14.6292648092,40.887026312,precise,villa,roman,pleiades_production,0.102
372588261,Nuraghe Albucciu,9.409444,41.067778,precise,"nuraghe, settlement",2nd-millenium-bce,pleiades_settlement,0.0
891687982,Gremanu,9.33874014431,40.1079901636,precise,settlement,2nd-millenium-bce,pleiades_settlement,0.0
986457209,Santa Liberata,11.1520473,42.436299,precise,villa,roman,pleiades_production,0.102
967101988,Ponte Altinate,11.8784996,45.4089491,precise,bridge,"roman,twenty-first-ce",pleiades_transport,0.102
442766,S. Brancato,16.25753005,40.25898315,precise,"settlement, settlement-modern","classical,fourth-bce,hellenistic-republican,third-bce,twentieth-ce,twenty-first-ce",pleiades_settlement,11.0
442767,S. Caterina,17.984708,40.140675,precise,settlement,archaic,pleiades_settlement,2.25
442769,S. Felice,16.286319,40.826262,precise,settlement,"archaic,classical,hellenistic-republican",pleiades_settlement,18.55
442770,S. Foca,18.40579,40.301245,precise,settlement,"archaic,classical,hellenistic-republican,roman",pleiades_settlement,25.695
442772,S. Giorgio,17.883568,40.581539,precise,settlement,late-antique,pleiades_settlement,0.0
442773,S. Giovanni,15.6741329334,40.7362808247,precise,villa,"roman,late-antique",pleiades_production,0.055
442774,S. Giusto,15.402677,41.429933,precise,settlement,"hellenistic-republican,roman,late-antique",pleiades_settlement,7.2
442775,S. Marco di Castelabbate,14.938441,40.267634,precise,settlement,"roman,twentieth-ce",pleiades_settlement,0.102
442776,S. Maria a Vico,14.910141,40.699545,precise,settlement,"archaic,classical,twentieth-ce",pleiades_settlement,8.15
442777,S. Martino in Pensilis,15.012392,41.87059,precise,villa,"roman,late-antique,twentieth-ce",pleiades_production,0.055
442778,S. Mauro Forte,16.252542,40.486546,precise,settlement,"archaic,classical,hellenistic-republican,roman",pleiades_settlement,25.695
442779,S. Mola,16.883382,40.76369,precise,settlement,"archaic,classical,hellenistic-republican",pleiades_settlement,18.55
442780,S. Pancrazio,17.8254777152,40.4291925226,precise,"settlement, settlement-modern","archaic,classical,hellenistic-republican,twentieth-ce,twenty-first-ce",pleiades_settlement,18.55
442782,S. Pietro,17.486182,40.663091,precise,settlement,"archaic,twentieth-ce",pleiades_settlement,2.25
442783,S. Severo,15.377074,41.690798,precise,settlement,archaic,pleiades_settlement,2.25
442785,S. Vito,16.048199,41.38166,precise,villa,"hellenistic-republican,roman",pleiades_production,7.145
442786,Sannicandro di Bari,16.798624,41.0001,precise,settlement,"classical,hellenistic-republican,twentieth-ce",pleiades_settlement,10.4
442787,Santeramo,16.756161,40.794041,precise,settlement,classical,pleiades_settlement,2.933
442788,Satrianum,15.629515,40.559001,precise,settlement,"archaic,classical,hellenistic-republican,twentieth-ce",pleiades_settlement,18.55
442789,Satyrion/Saturum,17.3063010983,40.3718555375,precise,"settlement, archaeological-site","archaic,classical,hellenistic-republican,roman",pleiades_settlement,25.695
442790,Muro Tenente (Scamnum?),17.7422738392,40.5423279097,precise,"station, settlement","2nd-millenium-bce,archaic,classical,hellenistic-republican,roman",pleiades_settlement;pleiades_transport,25.695
442794,Sicalenum?/Kalena,14.847653,41.738144,precise,settlement,roman,pleiades_settlement,0.102
442796,Silvium,16.4123476782,40.819597015,precise,"settlement, archaeological-site","archaic,classical,hellenistic-republican,roman,late-antique,twentieth-ce",pleiades_settlement,25.75
442797,Sipous/Sipontum,15.8906336309,41.609389939,precise,"settlement, archaeological-site","hellenistic-republican,roman,late-antique,modern",pleiades_settlement,7.2
442801,Soletum,18.207212,40.189577,precise,settlement,"archaic,classical,hellenistic-republican,twentieth-ce,twenty-first-ce",pleiades_settlement,18.55
442802,Statio Caesariana,15.608369,40.274635,precise,station,"roman,late-antique",pleiades_transport,0.055
442803,Stournoi/Austranum?,17.577471,40.7271,precise,settlement,"archaic,classical,hellenistic-republican,roman",pleiades_settlement,25.695
442804,Sub Romula,15.3320955,40.9982135,precise,station,"hellenistic-republican,roman,late-antique",pleiades_transport,7.2
442814,Tatinie,15.5863,41.657661,precise,station,late-antique,pleiades_transport,0.0
442815,Teanum Apulum,15.261276,41.739367,precise,settlement,"hellenistic-republican,roman,late-antique",pleiades_settlement,7.2
442816,Tegianum,15.54158,40.380529,precise,settlement,"hellenistic-republican,roman,twenty-first-ce",pleiades_settlement,7.145
442817,Termitito,16.6858122922,40.3009952409,precise,"settlement, villa, archaeological-site","archaic,hellenistic-republican,roman,late-antique,twentieth-ce",pleiades_settlement;pleiades_production,9.45
442820,Timmari,16.4919823,40.6551473,precise,settlement,"archaic,classical,hellenistic-republican,hellenistic-roman-early-empire,roman,twentieth-ce",pleiades_settlement,25.695
442822,Toritto,16.680612,40.999245,precise,settlement,"archaic,classical,hellenistic-republican,twentieth-ce",pleiades_settlement,18.55
442823,Torre Castiglione,17.123892,40.917303,precise,settlement,"archaic,classical,twentieth-ce",pleiades_settlement,8.15
442824,Torre Guaceto,17.799019,40.715068,precise,settlement,"archaic,twentieth-ce",pleiades_settlement,2.25
442825,Torre Mare,16.997615,41.087312,precise,settlement,"archaic,classical,twentieth-ce",pleiades_settlement,8.15
442826,Torre Ovo,17.50737,40.304855,precise,settlement,"hellenistic-republican,roman,twentieth-ce",pleiades_settlement,7.145
442828,Torretta,15.8183151,40.7860856,precise,"settlement, archaeological-site","1st-millennium-bce,archaic,classical,hellenistic-republican,twentieth-ce,twenty-first-ce",pleiades_settlement,12.321
442832,Trivici Villa?,15.234388,41.049548,precise,settlement,"hellenistic-republican,roman,twentieth-ce",pleiades_settlement,7.145
442833,Turenum,16.417622,41.275544,precise,settlement,"roman,late-antique,twentieth-ce,twenty-first-ce",pleiades_settlement,0.055
442834,Turris Caesaris,17.21907555,40.99061735,precise,station,"hellenistic-republican,roman,late-antique",pleiades_transport,7.2
442835,Turres Iulianae,17.087923,41.061888,precise,station,late-antique,pleiades_transport,0.0
442836,Turum?/Thuriae?,17.019414,40.917445,precise,settlement,"hellenistic-republican,roman,twentieth-ce",pleiades_settlement,7.145
442839,Uria,17.642349,40.497834,precise,settlement,"archaic,classical,hellenistic-republican,roman",pleiades_settlement,25.695
442841,Uzentum/Ouxenton,18.157428,39.926319,precise,settlement,"archaic,classical,hellenistic-republican,roman,late-antique,twenty-first-ce",pleiades_settlement,25.75
442843,Vaglio,15.8978174003,40.6761148371,precise,settlement,"archaic,classical,hellenistic-republican",pleiades_settlement,18.55
442844,Valenzano,16.883007,41.040528,precise,settlement,"archaic,classical,hellenistic-republican,twentieth-ce",pleiades_settlement,18.55
442845,Valetium/Balesium,18.0318716352,40.5073232287,precise,"settlement, archaeological-site","archaic,classical,hellenistic-republican,roman,late-antique,twentieth-ce,twenty-first-ce",pleiades_settlement,25.75
442847,Venusia,15.8272682392,40.9688992239,precise,"settlement, archaeological-site","hellenistic-republican,roman,late-antique",pleiades_settlement,7.2
442849,Vescellium?,14.963923,41.2462,precise,settlement,"classical,hellenistic-republican,roman,twentieth-ce",pleiades_settlement,17.545
442851,Vibinum/Vibarna,15.341247,41.2511915,precise,settlement,"hellenistic-republican,roman",pleiades_settlement,7.145
442852,‘Vico Mendicoleo’,15.744834,40.122485,precise,station,late-antique,pleiades_transport,0.0
442853,Vieste,16.1791791,41.8827595,precise,"settlement, settlement-modern","classical,hellenistic-republican,roman,twentieth-ce,twenty-first-ce",pleiades_settlement,17.545
442854,Vittimose,15.379039,40.633923,precise,villa,"hellenistic-republican,roman,late-antique,twentieth-ce",pleiades_production,7.2
442855,Volcei,15.3743386407,40.6328310954,precise,"settlement, archaeological-site","hellenistic-republican,roman,late-antique,twentieth-ce",pleiades_settlement,7.2
442856,Volturino,15.125151,41.47828,precise,settlement,"roman,twentieth-ce",pleiades_settlement,0.102
443943,Unnamed bridge,14.939979,41.07225,precise,bridge,"roman,late-antique",pleiades_transport,0.055
443944,Untitled,15.223583,41.783219,precise,bridge,"roman,late-antique",pleiades_transport,0.055
443946,Ponte di Santo Spirito,15.04287295,41.22534335,precise,bridge,"roman,late-antique",pleiades_transport,0.055
443947,"Ponte San Cono, Buccino",15.3906017,40.6077911,precise,bridge,"roman,late-antique",pleiades_transport,0.055
443948,Untitled,15.25,40.75,rough,bridge,"roman,late-antique",pleiades_transport,0.055
443949,Roman bridge,15.483029,40.643864,precise,bridge,"roman,late-antique",pleiades_transport,0.055
443950,Untitled,15.542419,41.533091,precise,bridge,"roman,late-antique",pleiades_transport,0.055
443951,Untitled,15.75,41.25,rough,bridge,"roman,late-antique",pleiades_transport,0.055
443952,Untitled,15.75,41.25,rough,bridge,"hellenistic-republican,roman",pleiades_transport,7.145
443953,Untitled,15.75,41.25,rough,bridge,"roman,late-antique",pleiades_transport,0.055
443954,Ponte S. Venere,15.54551505,41.074168,precise,"bridge, station","roman,late-antique,mediaeval-byzantine,sixteenth-ce,seventeenth-ce,modern",pleiades_transport,0.055
443955,Untitled,15.75,40.25,rough,bridge,"roman,late-antique",pleiades_transport,0.055
443956,Untitled,15.75,40.25,rough,bridge,"roman,late-antique",pleiades_transport,0.055
443958,Unnamed Roman bridge near Canusium,16.020115032,41.2294942904,precise,bridge,"roman,late-antique",pleiades_transport,0.055
443959,Untitled,16.042075,40.271335,precise,bridge,"roman,late-antique",pleiades_transport,0.055
444697,Untitled,14.75,41.75,rough,centuriation,hellenistic-republican,pleiades_production,4.0
444698,Untitled,14.75,41.25,rough,centuriation,hellenistic-republican,pleiades_production,4.0
444700,Untitled,15.25,41.75,rough,centuriation,hellenistic-republican,pleiades_production,4.0
444702,Untitled,15.25,41.25,rough,centuriation,hellenistic-republican,pleiades_production,4.0
444703,Untitled,15.25,40.75,rough,centuriation,hellenistic-republican,pleiades_production,4.0
444704,Untitled,15.25,40.25,rough,centuriation,hellenistic-republican,pleiades_production,4.0
444705,Untitled,15.75,41.25,rough,centuriation,"hellenistic-republican,roman",pleiades_production,7.145
444706,Untitled,15.75,41.25,rough,centuriation,"hellenistic-republican,roman",pleiades_production,7.145
444707,Untitled,15.75,41.25,rough,centuriation,hellenistic-republican,pleiades_production,4.0
444708,Untitled,15.75,40.25,rough,centuriation,hellenistic-republican,pleiades_production,4.0
444709,Untitled,15.75,40.25,rough,centuriation,hellenistic-republican,pleiades_production,4.0
444710,Untitled,15.75,40.25,rough,centuriation,roman,pleiades_production,0.102
444711,Untitled,16.25,41.25,rough,centuriation,"hellenistic-republican,roman",pleiades_production,7.145
444712,Untitled,16.25,41.25,rough,centuriation,"hellenistic-republican,roman",pleiades_production,7.145
444713,Untitled,16.75,40.25,rough,centuriation,"archaic,classical",pleiades_production,8.15
444714,Untitled,16.75,40.25,rough,centuriation,"archaic,classical",pleiades_production,8.15
444715,Untitled,16.75,40.25,rough,centuriation,"archaic,classical",pleiades_production,8.15
444716,Untitled,18.25,40.25,rough,centuriation,"hellenistic-republican,roman",pleiades_production,7.145
446209,Acidios,15.734868,40.423012,precise,"unlocated, station, settlement-modern","roman,late-antique,twenty-first-ce",pleiades_transport,0.055
446251,In Honoratianum,15.374753,41.012121,precise,"unlocated, station, settlement-modern","roman,late-antique,twenty-first-ce",pleiades_transport,0.055
452247,Acconia,16.264532,38.836745,precise,settlement,late-antique,pleiades_settlement,0.0
452249,Acquappesa,15.953525,39.495079,precise,settlement,"classical,hellenistic-republican",pleiades_settlement,10.4
452250,Ad Columnam,15.651754,38.191434,precise,station,"roman,late-antique",pleiades_transport,0.055
452251,Ad Fluvium Angitulam,16.200639,38.763869,precise,station,"roman,late-antique",pleiades_transport,0.055
452252,Ad Fluvium Sabutum,16.271456,39.090504,precise,station,"roman,late-antique",pleiades_transport,0.055
452253,Ad Mallias,15.829655,38.310645,precise,station,"roman,late-antique",pleiades_transport,0.055
452254,Ad Turres,16.269759,38.928249,precise,station,"roman,late-antique",pleiades_transport,0.055
452255,Ad Vicesimum,16.606119,39.9391495,precise,station,"roman,late-antique",pleiades_transport,0.055
452257,Aiello,16.166842,39.117213,precise,settlement,"archaic,classical,hellenistic-republican,twentieth-ce",pleiades_settlement,18.55
452259,Altanum?,16.17485,38.150001,precise,settlement,"classical,hellenistic-republican,roman,late-antique,twentieth-ce",pleiades_settlement,17.6
452260,Amendolara,16.582314,39.952995,precise,settlement,archaic,pleiades_settlement,2.25
452263,Aprustum,16.915691,39.147636,precise,settlement,"hellenistic-republican,roman",pleiades_settlement,7.145
452264,Arciade,15.812382,38.28633,precise,station,late-antique,pleiades_transport,0.0
452266,Aufugum,16.158919,39.405983,precise,settlement,"hellenistic-republican,roman,twentieth-ce",pleiades_settlement,7.145
452270,Battifarano,16.220337,40.160801,precise,settlement,"archaic,classical,hellenistic-republican,roman,late-antique,twentieth-ce",pleiades_settlement,25.75
452271,Belvedere,16.888016,39.213498,precise,settlement,"classical,twenty-first-ce",pleiades_settlement,2.933
452272,Belvedere Marittimo,15.862493,39.618907,precise,settlement,"hellenistic-republican,roman,late-antique,twentieth-ce,twenty-first-ce",pleiades_settlement,7.2
452273,Bisignano,16.287161,39.512593,precise,settlement,"archaic,hellenistic-republican,modern",pleiades_settlement,6.25
452274,Blanda,15.778558,39.929308,precise,"settlement, archaeological-site","archaic,classical,hellenistic-republican,roman,late-antique,modern",pleiades_settlement,25.75
452280,Calanna,15.723906,38.184869,precise,settlement,archaic,pleiades_settlement,2.25
452281,Camerelle Roman Villa,16.2424993,39.7589979,precise,villa,"hellenistic-republican,roman,twentieth-ce",pleiades_production,7.145
452282,Canale,16.221886,38.223244,precise,settlement,"archaic,twentieth-ce",pleiades_settlement,2.25
452283,Capo Cimiti,17.1709623898,38.9569086724,precise,"settlement, temple","archaic,classical,twentieth-ce",pleiades_settlement,8.15
452284,Caprasia,16.27126,39.621778,precise,station,"roman,late-antique",pleiades_transport,0.055
452286,Cariati,16.960337,39.493309,precise,settlement,hellenistic-republican,pleiades_settlement,4.0
452287,Casabona,16.957352,39.251426,precise,settlement,archaic,pleiades_settlement,2.25
452288,Cassano,16.318288,39.785357,precise,settlement,"archaic,twentieth-ce",pleiades_settlement,2.25
452289,Le Castella,17.022757,38.909729,precise,settlement,"hellenistic-republican,twentieth-ce",pleiades_settlement,4.0
452292,Castiglione di Paludi,16.6972561527,39.5429003244,precise,settlement,"archaic,classical,hellenistic-republican",pleiades_settlement,18.55
452293,Castra Hannibalis,16.610374,38.819771,precise,settlement,"hellenistic-republican,roman,late-antique,twentieth-ce,twenty-first-ce",pleiades_settlement,7.2
452294,Castrovillari,16.202575,39.812474,precise,settlement,"archaic,classical,hellenistic-republican,twentieth-ce",pleiades_settlement,18.55
452295,Caulonia,16.409007,38.381377,precise,"settlement, settlement-modern","hellenistic-republican,roman,twenty-first-ce",pleiades_settlement,7.145
452296,Cerilli,15.810335,39.715625,precise,settlement,"hellenistic-republican,roman,late-antique",pleiades_settlement,7.2
452297,Cesernia,15.695781,40.00232,precise,station,"roman,late-antique",pleiades_transport,0.055
452298,Cersosimo,16.3541222944,40.0438027482,precise,"fortified-settlement, settlement","classical,hellenistic-republican,twentieth-ce",pleiades_settlement,10.4
452300,Chiaromonte,16.215631,40.125024,precise,settlement,"archaic,classical,hellenistic-republican,roman,twentieth-ce",pleiades_settlement,25.695
452301,Chiuse delle Grotte,15.154847,40.160643,precise,settlement,"hellenistic-republican,twentieth-ce",pleiades_settlement,4.0
452302,Cirò,17.06251,39.383477,precise,settlement,"archaic,classical,hellenistic-republican",pleiades_settlement,18.55
452303,Cittanova,16.080618,38.356265,precise,settlement,"archaic,classical,twentieth-ce",pleiades_settlement,8.15
452304,Clampetia,16.075485,39.134225,precise,settlement,"hellenistic-republican,roman,late-antique",pleiades_settlement,7.2
452305,‘Cocinto’?,16.572828,38.455763,precise,station,"roman,late-antique",pleiades_transport,0.055
452307,Colle dei Greci,16.0477364,40.086637,precise,"settlement, hill","archaic,classical,hellenistic-republican,twentieth-ce,twenty-first-ce",pleiades_settlement,18.55
452308,Consentia,16.253611,39.295395,precise,settlement,"classical,hellenistic-republican,roman,late-antique,modern",pleiades_settlement,17.6
452310,Corigliano,16.5180798,39.595648,precise,"settlement, settlement-modern","archaic,classical,hellenistic-republican,twenty-first-ce",pleiades_settlement,18.55
452311,Cotronei,16.781727,39.159224,precise,settlement,"archaic,classical,hellenistic-republican",pleiades_settlement,18.55
452312,Cozzo Cerasello,16.81558,39.487286,precise,settlement,hellenistic-republican,pleiades_settlement,4.0
452313,Cozzo la Torre,16.145732,39.505953,precise,settlement,"archaic,classical,roman,twentieth-ce",pleiades_settlement,8.252
452314,Cozzo Michelicchio,16.43848,39.69416,precise,settlement,"archaic,twentieth-ce",pleiades_settlement,2.25
452317,Croto(n),17.127966,39.0811675,precise,settlement,"archaic,classical,hellenistic-republican,roman,late-antique",pleiades_settlement,25.75
452318,Cugno dei Vagni,16.6296992749,40.142264059,precise,"settlement, vicus, villa, bath","roman,twentieth-ce",pleiades_settlement;pleiades_production,0.102
452320,Decastadium?,15.785665,37.920708,precise,settlement,"roman,late-antique",pleiades_settlement,0.055
452323,Emporion,15.976366,38.487328,precise,"settlement, port","hellenistic-republican,roman",pleiades_settlement;pleiades_transport,7.145
452326,Francavilla Marittima,16.389532,39.822519,precise,settlement,"archaic,classical,twentieth-ce",pleiades_settlement,8.15
452328,Grimaldi,16.236574,39.143142,precise,settlement,"hellenistic-republican,twentieth-ce",pleiades_settlement,4.0
452329,Grotteria,16.265795,38.366573,precise,settlement,"archaic,twentieth-ce",pleiades_settlement,2.25
452333,Heraclea,16.6703978702,40.2197296732,precise,settlement,"classical,hellenistic-republican,roman,late-antique,modern",pleiades_settlement,17.6
452337,Hipponion/Vibo Valentia,16.097648,38.675581,precise,settlement,"classical,hellenistic-republican,roman,late-antique",pleiades_settlement,17.6
452338,Hipporum,16.062018,37.947209,precise,station,"roman,late-antique",pleiades_transport,0.055
452343,Interamnium,16.30221,39.701979,precise,station,"roman,late-antique,twenty-first-ce",pleiades_transport,0.055
452345,Isola S. Janni,15.7159703259,39.9672381914,precise,"settlement, island","roman,modern,twentieth-ce",pleiades_settlement,0.102
452352,Kaulonia,16.5793716688,38.4473353654,precise,settlement,"archaic,classical,hellenistic-republican,roman,late-antique,twentieth-ce,twenty-first-ce",pleiades_settlement,25.75
452353,Krimis(s)a?,17.131471,39.370793,precise,settlement,"archaic,classical",pleiades_settlement,8.15
452357,Laino,15.97514955,39.944912,precise,"settlement, settlement-modern","archaic,classical,twentieth-ce,twenty-first-ce",pleiades_settlement,8.15
452361,Laos/Lavinium?,15.829829572,39.7667004238,precise,settlement,"archaic,classical,hellenistic-republican,roman,twentieth-ce",pleiades_settlement,25.695
452363,Larderia,16.1514600645,39.6553562711,precise,villa,"hellenistic-republican,roman,twentieth-ce",pleiades_production,7.145
452365,Leucopetra,15.636815,38.017459,precise,station,"hellenistic-republican,roman,late-antique",pleiades_transport,7.2
452369,Lokroi Epizephyrioi,16.2443395,38.2262955,precise,settlement,"archaic,classical,hellenistic-republican,roman,late-antique,modern",pleiades_settlement,25.75
452370,Longobucco,16.611427,39.449388,precise,settlement,"archaic,classical,twentieth-ce",pleiades_settlement,8.15
452373,Malvito,16.054221,39.600799,precise,settlement,"roman,twentieth-ce",pleiades_settlement,0.102
452374,Mamertion?,15.984863,38.294539,precise,settlement,"hellenistic-republican,twentieth-ce",pleiades_settlement,4.0
452375,Medma,15.976368,38.487328,precise,settlement,"archaic,classical,hellenistic-republican,roman,twentieth-ce,twenty-first-ce",pleiades_settlement,25.695
452379,Metaurum,15.89985,38.425,precise,settlement,"archaic,classical,twentieth-ce,twenty-first-ce",pleiades_settlement,8.15
452381,Meto,17.117494,39.181065,precise,station,"roman,late-antique",pleiades_transport,0.055
452382,Molpa,15.3031714,40.0337103,precise,"settlement, archaeological-site","archaic,classical,hellenistic-roman-early-empire",pleiades_settlement,22.293
452383,Monte Coppolo,16.46414,40.15756,precise,settlement,"classical,hellenistic-republican,roman,twentieth-ce",pleiades_settlement,17.545
452384,Montegiordano,16.535333,40.044072,precise,villa,"classical,hellenistic-republican,twentieth-ce",pleiades_production,10.4
452386,Muranum,16.13737,39.842839,precise,settlement,"roman,late-antique",pleiades_settlement,0.055
452388,Naniglio Roman Villa,16.2978271,38.3282739,precise,villa,"roman,twenty-first-ce",pleiades_production,0.102
452390,Nerulum?,16.039995,39.953733,precise,settlement,"classical,hellenistic-republican,roman,late-antique,twentieth-ce",pleiades_settlement,17.6
452391,Nicotera,15.937498,38.55563,precise,settlement,"archaic,classical,hellenistic-republican,roman,late-antique",pleiades_settlement,25.75
452392,Noepoli,16.330641,40.087811,precise,settlement,"archaic,twentieth-ce",pleiades_settlement,2.25
452397,Casignana Roman Villa,16.1580973721,38.1176173873,precise,villa,"roman,late-antique,twentieth-ce,twenty-first-ce",pleiades_production,0.055
452398,Palinurus,15.28813,40.035965,precise,settlement,"archaic,classical,hellenistic-republican",pleiades_settlement,18.55
452400,Palizzi,15.987199,37.967037,precise,settlement,classical,pleiades_settlement,2.933
452401,Paternum,17.021616,39.453057,precise,station,"roman,late-antique",pleiades_transport,0.055
452403,Petelia,17.05108,39.266064,precise,settlement,"classical,hellenistic-republican,roman,late-antique,twentieth-ce",pleiades_settlement,17.6
452404,Petrosa,15.790912,39.814525,precise,settlement,archaic,pleiades_settlement,2.25
452405,Piano delle Vigne,16.154073,38.986834,precise,villa,"hellenistic-republican,roman",pleiades_production,7.145
452406,Piano di Cammarata,16.2318483,39.7642956,precise,settlement,"hellenistic-republican,roman,twentieth-ce",pleiades_settlement,7.145
452407,Piano S. Pietro,16.640241,40.152777,precise,settlement,"hellenistic-republican,roman,twentieth-ce",pleiades_settlement,7.145
452408,Piano Sollazzo,16.526426,40.172364,precise,settlement,"archaic,classical,twentieth-ce",pleiades_settlement,8.15
452409,Portus Orestis,15.836332,38.352423,precise,settlement,roman,pleiades_settlement,0.102
452410,Prunetta,16.160852,39.618867,precise,settlement,"archaic,twentieth-ce",pleiades_settlement,2.25
452411,Pyxous/Buxentum (settlement),15.5246477,40.0765477,precise,"settlement, settlement-modern","archaic,classical,hellenistic-republican,roman,twenty-first-ce",pleiades_settlement,25.695
452416,Rhegion/Regium,15.64393,38.109279,precise,settlement,"archaic,classical,hellenistic-republican,roman,late-antique,modern",pleiades_settlement,25.75
452417,Rivello,15.757046,40.07908,precise,settlement,"archaic,classical",pleiades_settlement,8.15
452418,Rocca di Neto,17.002695,39.191342,precise,settlement,"classical,twentieth-ce",pleiades_settlement,2.933
452419,Roccagloriosa,15.4467117599,40.1264430455,precise,settlement,"archaic,classical,hellenistic-republican,twentieth-ce",pleiades_settlement,18.55
452420,Roccanova,16.204071,40.213155,precise,settlement,"archaic,twentieth-ce",pleiades_settlement,2.25
452421,Roscianum,16.634153,39.576395,precise,settlement,"roman,late-antique",pleiades_settlement,0.055
452422,Rouskiane,16.769346,39.610403,precise,"settlement, port","roman,late-antique",pleiades_settlement;pleiades_transport,0.055
452426,Sambiase,16.283308,38.966633,precise,settlement,"archaic,hellenistic-republican,twentieth-ce",pleiades_settlement,6.25
452427,S. Anna,17.074073,39.004557,precise,settlement,"archaic,classical",pleiades_settlement,8.15
452428,S. Croce,15.594489,40.076897,precise,villa,"hellenistic-republican,roman,twentieth-ce",pleiades_production,7.145
452430,S. Lucido,16.051738,39.310017,precise,settlement,"classical,hellenistic-republican,twentieth-ce",pleiades_settlement,10.4
452431,S. Onofrio,16.407713,38.32516,precise,settlement,"archaic,twentieth-ce",pleiades_settlement,2.25
452432,S. Teodoro,15.933816,38.523334,precise,settlement,"roman,late-antique",pleiades_settlement,0.055
452433,S. Venere,15.431945,40.103795,precise,villa,"hellenistic-republican,roman",pleiades_production,7.145
452435,Scyle,15.9179564,37.93102145,precise,"station, settlement-modern","hellenistic-republican,roman,late-antique,modern",pleiades_transport,7.2
452439,Scylletium/Scolacium,16.594442994,38.8078147047,precise,settlement,"classical,hellenistic-republican,roman,late-antique,twentieth-ce",pleiades_settlement,17.6
452442,Semnum,16.635885,40.170861,precise,station,late-antique,pleiades_transport,0.0
452444,Serra Maiori,16.4932132015,40.1251279629,precise,"settlement, archaeological-site","classical,hellenistic-republican,twentieth-ce,twenty-first-ce",pleiades_settlement,10.4
452450,Siris,16.54137,40.149042,precise,settlement,"archaic,roman",pleiades_settlement,2.353
452452,Skidros,15.63048,40.076278,precise,settlement,archaic,pleiades_settlement,2.25
452454,Spezzano Albanese,16.3110861333,39.6694357667,precise,"settlement, settlement-modern","archaic,hellenistic-republican,twentieth-ce,twenty-first-ce",pleiades_settlement,6.25
452456,‘Subsicivo’?,16.332992,38.301356,precise,station,"roman,late-antique",pleiades_transport,0.055
452457,Sybaris/Thurii/Copia,16.4942623529,39.7173276732,precise,"settlement, port, archaeological-site","archaic,classical,hellenistic-republican,roman,late-antique",pleiades_settlement;pleiades_transport,25.75
452458,Sybaris,16.771002,39.590607,precise,settlement,classical,pleiades_settlement,2.933
452461,Tacina,16.908956,38.935085,precise,station,late-antique,pleiades_transport,0.0
452462,Taisia(i),15.703056,38.002718,precise,settlement,"hellenistic-republican,roman",pleiades_settlement,7.145
452466,Taurianum,15.871422,38.394393,precise,settlement,"hellenistic-republican,roman,late-antique,twentieth-ce,twenty-first-ce",pleiades_settlement,7.2
452467,Tauri(a)num/‘Vaticanum’ Pr.,15.8281862,38.6193683,precise,"cape, lighthouse",modern,pleiades_transport,0.0
452469,Temesa/Tempsa,16.159633,39.036454,precise,settlement,"archaic,classical,hellenistic-republican,roman,late-antique",pleiades_settlement,25.75
452470,Terina?,16.2340000297,38.9393420228,precise,settlement,"classical,hellenistic-republican,roman,twentieth-ce",pleiades_settlement,17.545
452471,Terravecchia,16.94689,39.465946,precise,settlement,"hellenistic-republican,twentieth-ce",pleiades_settlement,4.0
452472,Teura,16.5086089,38.9473164,precise,"settlement, settlement-modern","hellenistic-republican,roman,modern,twentieth-ce,twenty-first-ce",pleiades_settlement,7.145
452475,Thebae Lucanae?,16.289247,39.447204,precise,"settlement, settlement-modern","roman,twentieth-ce,twenty-first-ce",pleiades_settlement,0.102
452478,Timpone del Ponto,16.44657,40.17794,precise,fortified-settlement,"hellenistic-republican,twentieth-ce",pleiades_settlement,4.0
452479,Torre Galli,15.9355597161,38.6450020951,precise,"tower-defensive, settlement","archaic,twentieth-ce",pleiades_settlement,2.25
452480,Torre Mordillo,16.3155824,39.7151976,precise,"settlement, fort","2nd-millenium-bce,archaic,classical,hellenistic-republican,modern",pleiades_settlement,18.55
452482,Trapeia,15.896267,38.679109,precise,settlement,late-antique,pleiades_settlement,0.0
452483,Trebisacce,16.531253,39.872167,precise,settlement,hellenistic-republican,pleiades_settlement,4.0
452488,Velia/Elea,15.1561568475,40.1605007372,precise,settlement,"archaic,classical,hellenistic-republican,roman,twentieth-ce,twenty-first-ce",pleiades_settlement,25.695
452492,Vivarium,16.5624292865,38.7574007014,precise,settlement,"late-antique,twentieth-ce",pleiades_settlement,0.0
452496,Zinga,16.918296,39.261899,precise,settlement,"archaic,classical,twentieth-ce",pleiades_settlement,8.15
453757,Ponte Mormanno,15.9873612419,39.8808227158,precise,bridge,"roman,late-antique",pleiades_transport,0.055
453758,Untitled,16.248454,39.740009,precise,bridge,"roman,late-antique",pleiades_transport,0.055
453759,Untitled,16.2745670504,39.1329317508,precise,bridge,"roman,late-antique",pleiades_transport,0.055
455268,Untitled,16.0,38.75,rough,road,"archaic,classical,hellenistic-republican,roman,late-antique",pleiades_transport,25.75
455269,Untitled,16.0,38.75,rough,road,"hellenistic-republican,roman,late-antique",pleiades_transport,7.2
455271,Untitled,16.0,38.75,rough,road,"archaic,classical,hellenistic-republican,roman,late-antique",pleiades_transport,25.75
455272,Untitled,16.0,38.75,rough,road,"archaic,classical",pleiades_transport,8.15
455273,Untitled,16.0,38.75,rough,road,"archaic,classical",pleiades_transport,8.15
455275,Untitled,16.0,38.75,rough,road,"archaic,classical",pleiades_transport,8.15
455276,Untitled,16.0,38.75,rough,road,"archaic,classical,hellenistic-republican,roman,late-antique",pleiades_transport,25.75
455277,Untitled,16.0,38.75,rough,road,"archaic,classical",pleiades_transport,8.15
455278,Untitled,16.0,38.75,rough,road,"archaic,classical,hellenistic-republican",pleiades_transport,18.55
455279,Untitled,16.0,38.75,rough,road,"archaic,classical,hellenistic-republican,roman,late-antique",pleiades_transport,25.75
455280,Untitled,16.0,38.75,rough,road,"archaic,classical,hellenistic-republican",pleiades_transport,18.55
455281,Untitled,16.0,38.75,rough,road,"hellenistic-republican,roman,late-antique",pleiades_transport,7.2
455282,Untitled,16.0,38.75,rough,road,"archaic,classical",pleiades_transport,8.15
455283,Road segment: Metaurum → Cittanova,16.0,38.75,rough,road,"archaic,classical",pleiades_transport,8.15
455284,Untitled,16.0,38.75,rough,road,"hellenistic-republican,roman,late-antique",pleiades_transport,7.2
455286,Unnamed road segment,16.0,38.75,rough,road,"archaic,classical,hellenistic-republican",pleiades_transport,18.55
455287,Untitled,16.0,38.75,rough,road,"hellenistic-republican,roman",pleiades_transport,7.145
456108,Pandosia (Bruttium),16.1942468,39.308789,precise,"unlocated, settlement","classical,hellenistic-republican,roman",pleiades_settlement,17.545
462062,Abakainon,15.0994809,38.04958595,precise,"settlement, settlement-modern","hellenistic-republican,hellenistic-roman-early-empire,roman,modern",pleiades_settlement,7.145
462063,Abolla,15.134319,36.909856,precise,settlement,"archaic,classical,hellenistic-republican,twentieth-ce",pleiades_settlement,18.55
462067,Acium,15.17314665,37.5756461,precise,"settlement, station, cape","roman,modern",pleiades_settlement;pleiades_transport,0.102
462068,Acrae,14.8924544895,37.0576867094,precise,"settlement, settlement-modern","archaic,classical,hellenistic-republican,hellenistic-roman-early-empire,roman,late-antique,modern",pleiades_settlement,25.75
462069,Acrillae,14.7017465,37.0319325,precise,"settlement, settlement-modern","archaic,classical,hellenistic-republican,hellenistic-roman-early-empire,roman,late-antique,modern",pleiades_settlement,25.75
462070,Ad Fluvium Lanaricum,12.794926,37.624706,precise,station,roman,pleiades_transport,0.102
462071,Ad Olivam,12.821994,37.872495,precise,station,roman,pleiades_transport,0.102
462073,Monte Adranone (Adranon?),13.1410142854,37.6867097935,precise,settlement,"archaic,classical,hellenistic-republican,modern",pleiades_settlement,18.55
462074,Adranon,14.8333672,37.661966,precise,"settlement, settlement-modern","archaic,classical,hellenistic-republican,hellenistic-roman-early-empire,roman,late-antique,modern",pleiades_settlement,25.75
462079,Agathyrnum,14.749006,38.164099,precise,settlement,"classical,hellenistic-republican,hellenistic-roman-early-empire,roman,late-antique,modern",pleiades_settlement,17.6
462081,Aguglia,14.916324,37.013662,precise,villa,hellenistic-republican,pleiades_production,4.0
462082,Agyrium,14.5259926,37.65624055,precise,"settlement, fort","classical,hellenistic-republican,roman,late-antique,mediaeval-byzantine,modern",pleiades_settlement,17.6
462086,Akragas/Agrigentum,13.585475,37.290594,precise,"ekklesiasterion, settlement, temple, church","archaic,classical,hellenistic-republican,roman,roman-early-empire-late-antique,late-antique,modern",pleiades_settlement,25.75
462089,Alessandria della Rocca,13.454222,37.567498,precise,villa,roman,pleiades_production,0.102
462090,Alia,13.7075572,37.7760341,precise,villa,"roman,late-antique,twentieth-ce",pleiades_production,0.055
462091,Allava,13.230872,37.49365,precise,station,roman,pleiades_transport,0.102
462093,Amestratus,14.362532,37.929543,precise,settlement,"hellenistic-republican,roman,modern",pleiades_settlement,7.145
462095,Annunziata di Mascali,15.19601,37.757489,precise,villa,roman,pleiades_production,0.102
462097,Apollonia,14.5956489,38.0324655,precise,settlement,"hellenistic-republican,hellenistic-roman-early-empire,roman,modern",pleiades_settlement,7.145
462106,Assorus,14.4238862,37.6279049,precise,"settlement, settlement-modern","hellenistic-republican,hellenistic-roman-early-empire,roman,modern",pleiades_settlement,7.145
462108,Bagnoli di S. Gregorio,14.766107923,38.1535901929,precise,"villa, bath","roman,late-antique,twenty-first-ce",pleiades_production,0.055
462109,Balate di Marianopoli,13.9172162,37.5956902,precise,"mountain, settlement","archaic,classical,hellenistic-republican,modern",pleiades_settlement,18.55
462111,Bella Cortina,14.875736,37.58124,precise,villa,"roman,twentieth-ce",pleiades_production,0.102
462112,Biancavilla,14.867982,37.646261,precise,villa,roman,pleiades_production,0.102
462113,Bidis?,14.549924,37.062471,precise,"fortified-settlement, settlement-modern","classical,hellenistic-republican,hellenistic-roman-early-empire,roman,late-antique,modern",pleiades_settlement,17.6
462115,Borgellusa di Avola,15.1563860143,36.9184170927,precise,villa,"roman,twentieth-ce",pleiades_production,0.102
462116,Borgo Bonsignore,13.268982,37.422378,precise,settlement,"archaic,twentieth-ce",pleiades_settlement,2.25
462118,Brikinniai?,14.855766,37.3388842,precise,"sanctuary, settlement, hill","archaic,classical,hellenistic-roman-early-empire,late-antique,modern",pleiades_settlement,25.75
462119,Buonfornello,13.824059,37.973916,precise,villa,roman,pleiades_production,0.102
462120,Buscemi,14.88525565,37.08223645,precise,"settlement, sanctuary","hellenistic-republican,roman,modern",pleiades_settlement,7.145
462122,Tellaro Roman Villa (Caddeddi),15.0784713,36.8359248,precise,villa,"roman,late-antique",pleiades_production,0.055
462123,Calacte,14.44077045,38.024474,precise,"station, settlement-modern","roman,roman-early-empire-late-antique,late-antique,modern",pleiades_transport,0.055
462124,Calloniana,13.994528,37.334336,precise,station,"hellenistic-republican,roman,late-antique",pleiades_transport,7.2
462125,Calvisiana?,14.293643,37.043562,precise,station,"roman,late-antique",pleiades_transport,0.055
462126,Camarina,14.4483234195,36.8718784874,precise,"sanctuary, settlement, settlement-modern, plaza","archaic,classical,hellenistic-republican,hellenistic-roman-early-empire,roman,late-antique,modern",pleiades_settlement,25.75
462127,Campanaio di Montallegro,13.347505,37.392609,precise,settlement,"hellenistic-republican,roman,late-antique",pleiades_settlement,7.2
462128,Canale di Naro,13.795185,37.294766,precise,villa,roman,pleiades_production,0.102
462129,Canne Masche,13.824427,37.973993,precise,villa,"hellenistic-republican,twentieth-ce",pleiades_production,4.0
462130,Capitium,14.478631,37.8484125,precise,"settlement, settlement-modern","hellenistic-republican,hellenistic-roman-early-empire,roman,modern",pleiades_settlement,7.145
462131,Capitoniana,14.692681,37.388048,precise,"station, settlement-modern","roman,modern",pleiades_transport,0.102
462132,Capodicasa,14.458418,36.865491,precise,villa,classical,pleiades_production,2.933
462133,Casale di Maniace di Bronte,14.833991,37.787226,precise,villa,late-antique,pleiades_production,0.0
462135,Casalotto,15.150544,37.580758,precise,villa,roman,pleiades_production,0.102
462136,Cassibile,15.197602,36.976384,precise,settlement,"archaic,classical,hellenistic-republican,late-antique",pleiades_settlement,18.55
462137,Castagna,13.322587,37.411716,precise,settlement,"hellenistic-republican,roman,late-antique",pleiades_settlement,7.2
462138,Castellazzo di Palma di Montechiaro,13.751477,37.195709,precise,settlement,"archaic,classical,hellenistic-republican",pleiades_settlement,18.55
462139,Castellito di Ramacca,14.693454,37.385182,precise,villa,roman,pleiades_production,0.102
462140,Castello della Pietra,12.8930313011,37.6687298922,precise,settlement,"1st-millennium-bce,archaic,classical,twentieth-ce",pleiades_settlement,9.21
462141,Castello di Calatubo,12.984158,38.01548,precise,"castle, settlement","archaic,classical,hellenistic-republican,late-antique,twentieth-ce",pleiades_settlement,18.55
462143,Castello S. Filippo,15.140824,37.587763,precise,settlement,archaic,pleiades_settlement,2.25
462144,Castiglione di Ragusa,14.6504504,36.9507789,precise,settlement,"archaic,classical,hellenistic-republican,twentieth-ce",pleiades_settlement,18.55
462145,Castroreale S. Biagio,15.1420664838,38.1274314021,precise,"villa, bath","roman,late-antique",pleiades_production,0.055
153255876,Roman road,8.8935675724,38.9022185849,precise,road,roman,pleiades_transport,0.102
916776658,Pantano Borghese,12.7048077,41.8641542,precise,"marsh-wetland, settlement-modern, estate",twenty-first-ce,pleiades_production,0.0
963297877,So-called House of the Mosaic Columns,14.480403531,40.7522621909,precise,estate,"roman,nineteenth-ce,twenty-first-ce",pleiades_production,0.102
440105873,Castellina del Marangone,11.8353236,42.0604355,precise,settlement,"2nd-millenium-bce,archaic,classical,hellenistic-republican,modern",pleiades_settlement,18.55
746490963,Ponte di Traiano,12.9505568,41.5033601,precise,bridge,roman,pleiades_transport,0.102
147468860,Ponte Acque Alte,12.8843378915,41.5545526745,precise,bridge,"roman,roman-early-empire-late-antique",pleiades_transport,0.053
538911200,"Regio VIII, Pompeii",14.4866726986,40.7485423902,precise,"urban, region",modern,pleiades_settlement,0.0
757662810,Villa of Masseria Ciccotti,16.0830673,40.7560387,precise,villa,"hellenistic-republican,roman,modern",pleiades_production,7.145
965286144,Prato La Corte,12.3971535935,42.0404142878,precise,villa,twenty-first-ce,pleiades_production,0.0
933683601,S. Pietro ad centum muros,12.5917465416,42.3704390644,precise,"church-2, villa",modern,pleiades_production,0.0
970142378,Loron workshop (Croatia)  ,13.5996312277,45.2782379729,precise,production,roman,pleiades_production,0.102
208942912,Withdrawn: Untitled,7.765893,36.646995,precise,settlement,"roman,late-antique",pleiades_settlement,0.055
208942867,Withdrawn: Untitled,7.754548,36.441205,precise,settlement,"roman,late-antique",pleiades_settlement,0.055
87797229,Sorgenti della Nova,11.685037,42.595495,precise,"fort-2, settlement",modern,pleiades_settlement,0.0
987722043,Villa Romana di Punta San Limato,13.8408414503,41.158492793,precise,villa,roman,pleiades_production,0.102
257120882,Ponte Ezzu,8.97885097329,40.614237436,precise,bridge,"roman,modern",pleiades_transport,0.102
275500868,Ponte romano di Santa Giusta,8.6090506,39.8695884,precise,bridge,roman,pleiades_transport,0.102
710429513,"Ponte Etrusco, Gallese",12.44861,42.367188,precise,bridge,roman,pleiades_transport,0.102
710429514,Ponte Nepesino,12.3384718,42.2168642,precise,bridge,roman,pleiades_transport,0.102
922890940,Ponte Romano di Parco dei Medici,12.4143687282,41.816582791,precise,bridge,"roman,twenty-first-ce",pleiades_transport,0.102
960655569,Ponte Sanguinario (Narni),12.5159061,42.4759459,precise,bridge,roman,pleiades_transport,0.102
935472409,Santa Maria in Portuno,13.0383212252,43.6668143902,precise,"church-2, monastery, villa, vicus",mediaeval-byzantine,pleiades_settlement;pleiades_production,0.0
738128724,Villa di via della Magliana,12.4064682754,41.814005286,precise,villa,roman,pleiades_production,0.102
611260640,Arpaia milestone,14.5467299,41.0361044,precise,"findspot, monument, milestone",hellenistic-roman-early-empire,pleiades_transport,4.5
849534583,Seruci,8.42266446664,39.2491567819,precise,"nuraghe, settlement",2nd-millenium-bce,pleiades_settlement,0.0
765136701,Vejano,12.0952017,42.216757,precise,"settlement, settlement-modern",modern,pleiades_settlement,0.0
34221419,Poggio Colla,11.48,43.924167,precise,"sanctuary, settlement","archaic,classical,hellenistic-republican",pleiades_settlement,18.55
861853679,Algund,11.1157511,46.6804577,precise,bridge,roman,pleiades_transport,0.102
483627782,Podere S. Mario,10.8724009,43.2992367,precise,"settlement, settlement-modern",modern,pleiades_settlement,0.0
744307622,Pianello di Genga,12.9365309,43.4075115,precise,"settlement, cemetery, settlement-modern",twenty-first-ce,pleiades_settlement,0.0
334583,Macomades?,7.165181,35.8254,precise,settlement,"roman,late-antique",pleiades_settlement,0.055
334586,Marcimeni?,7.3928,35.796796,precise,settlement,"roman,late-antique",pleiades_settlement,0.055
334612,Regius (lake),6.5492272,35.7229208,precise,"lake, salt-pan-salina","roman,late-antique,modern",pleiades_production,0.055
334617,Saltus Sorothensis,7.247124,35.948705,precise,villa,"roman,late-antique",pleiades_production,0.055
334659,Vatari?,7.66,35.93,precise,settlement,"roman,late-antique",pleiades_settlement,0.055
889101791,Vicus Iugarius,12.4847254582,41.8916844743,precise,road,"hellenistic-roman-early-empire,modern",pleiades_transport,4.5
714351467,Villa romana di via Carciano,12.6127278747,41.9308102173,precise,villa,roman,pleiades_production,0.102
952976544,Pagliano Roman port,12.1919605486,42.6955301821,precise,"settlement, port","archaic,classical,hellenistic-republican,roman,twenty-first-ce",pleiades_settlement;pleiades_transport,25.695
322920273,Villa di Formello,12.7767848,42.0546304,precise,villa,roman,pleiades_production,0.102
652231747,Villa Augustea,14.4240718966,40.8758366465,precise,villa,"roman,late-antique,twenty-first-ce",pleiades_production,0.055
108889248,Korčula Neolithic Site,17.157111,42.945318,precise,"island, settlement",5th-millennium-bce,pleiades_settlement,0.0
311132362,Decumanus maximus at Vulci,11.6261905,42.4196492,precise,road,roman,pleiades_transport,0.102
923198883,"Ponte delle Chianche, Buonalbergo",14.9813047,41.2117665,precise,bridge,roman,pleiades_transport,0.102
963441585,Poggio Evangelista,11.8041569,42.6430096,precise,fortified-settlement,"modern,twentieth-ce,twenty-first-ce",pleiades_settlement,0.0
386176625,Kothon,12.465828,37.864674,precise,"sanctuary, port",archaic,pleiades_transport,2.25
140509391,Roman villa,13.7101584452,42.656723091,precise,villa,roman,pleiades_production,0.102
292680658,"Pian di Civita, Tarquinii",11.795556,42.262778,precise,settlement,"archaic,classical,hellenistic-republican,modern",pleiades_settlement,18.55
992586572,Scoppieto,12.2954654811,42.7247204083,precise,"settlement, production, sanctuary","hellenistic-republican,roman,late-antique",pleiades_settlement;pleiades_production,7.2
462147,Cava d’Ispica,14.837505,36.851422,precise,settlement,"archaic,classical,hellenistic-republican,late-antique",pleiades_settlement,18.55
462148,Cava Portella Misilbesi,13.002665,37.649418,precise,quarry,"classical,hellenistic-republican,roman,twentieth-ce",pleiades_production,17.545
462149,Cave di Barone,12.814435,37.63202,precise,quarry,"archaic,classical,twentieth-ce",pleiades_production,8.15
462150,Cave di Belice,12.87704,37.646804,precise,quarry,"archaic,classical",pleiades_production,8.15
462151,Cave di Cusa,12.7208154584,37.6196749138,precise,quarry,"archaic,classical,twentieth-ce",pleiades_production,8.15
462152,Cena,13.362455,37.381503,precise,station,roman,pleiades_transport,0.102
462153,Centuripae,14.740017,37.624073,precise,settlement,"classical,hellenistic-republican,hellenistic-roman-early-empire,roman,late-antique,modern",pleiades_settlement,17.6
462154,Cephaloedium,14.025568,38.03814,precise,settlement,"classical,hellenistic-republican,roman,late-antique,modern",pleiades_settlement,17.6
462155,Cerami,14.508204,37.809495,precise,settlement,hellenistic-republican,pleiades_settlement,4.0
462156,*Chalae?,14.222817,37.072185,precise,station,roman,pleiades_transport,0.102
462161,Cignana,13.736219,37.205014,precise,villa,"roman,late-antique",pleiades_production,0.055
462162,Cittadella,15.088638,36.785333,precise,settlement,"roman,late-antique",pleiades_settlement,0.055
462163,Colle Madore,13.6210453754,37.7473106711,precise,"settlement, archaeological-site","archaic,classical",pleiades_settlement,8.15
462164,Colle Rotondo,13.35685,37.437918,precise,settlement,"archaic,classical,hellenistic-republican,late-antique,twentieth-ce",pleiades_settlement,18.55
462165,Comiciana?,13.492949,37.651142,precise,station,roman,pleiades_transport,0.102
462166,Cosconiana,13.8073538,37.355902,precise,"settlement, station","roman,roman-early-empire-late-antique,late-antique,twentieth-ce",pleiades_settlement;pleiades_transport,0.055
462167,Cossyra (settlement),11.9450395,36.8314576,precise,"settlement, port, settlement-modern","roman,late-antique,modern",pleiades_settlement;pleiades_transport,0.055
462169,Cozzo Cicirello,14.405837,37.016817,precise,villa,"roman,late-antique",pleiades_production,0.055
462170,Cozzo Matrice,14.3151441,37.5349431,precise,"fortified-settlement, defensive-wall","archaic,classical,twentieth-ce",pleiades_settlement,8.15
462171,Cozzo Mususino,14.014815,37.669568,precise,settlement,"archaic,classical,hellenistic-republican",pleiades_settlement,18.55
462172,Cozzo S. Nicola,13.367047,37.735318,precise,settlement,"archaic,classical",pleiades_settlement,8.15
462173,Cozzo Sannita,13.635515,37.984776,precise,settlement,"archaic,classical,hellenistic-republican",pleiades_settlement,18.55
462174,Cozzo Spolentino,13.301428,37.812455,precise,settlement,"archaic,classical,hellenistic-republican",pleiades_settlement,18.55
462176,Cusumano,13.010956,37.759462,precise,villa,"roman,twentieth-ce",pleiades_production,0.102
462184,D(a)edalium,13.882921,37.134096,precise,station,"roman,late-antique",pleiades_transport,0.055
462185,Dianae Fons?,14.605763,36.947195,precise,settlement,"roman,late-antique",pleiades_settlement,0.055
462187,Drepanum,12.51782,38.017128,precise,"settlement, port","hellenistic-republican,hellenistic-roman-early-empire,roman,modern",pleiades_settlement;pleiades_transport,7.145
462188,Durrueli di Realmonte,13.4877500081,37.2898119725,precise,villa,"roman,roman-early-empire-late-antique",pleiades_production,0.053
462194,Emporion Segestanon,12.88672,38.020006,precise,settlement,"hellenistic-republican,roman",pleiades_settlement,7.145
462195,Engyon,14.591438,37.786715,precise,settlement,"classical,hellenistic-republican,roman",pleiades_settlement,17.545
462197,Entella,13.1249825,37.7739772,precise,settlement,"archaic,classical,hellenistic-republican,roman,roman-early-empire-late-antique,late-antique,modern",pleiades_settlement,25.75
462201,Eryx,12.583607,38.036517,precise,settlement,"classical,hellenistic-republican,hellenistic-roman-early-empire,roman,modern",pleiades_settlement,17.545
462203,Euboia?,14.6996988,37.1547375,precise,settlement,"archaic,classical,hellenistic-republican",pleiades_settlement,18.55
462208,Fiumedinisi,15.380031,38.025839,precise,settlement,"archaic,late-antique",pleiades_settlement,2.25
462210,Francavilla di Sicilia,15.135935,37.901637,precise,"sanctuary, settlement","classical,hellenistic-republican",pleiades_settlement,10.4
462214,Gela,14.2584705,37.0630925,precise,settlement,"archaic,classical,hellenistic-republican,modern",pleiades_settlement,18.55
462217,Gerace Roman Villa,14.2534017505,37.4653342663,precise,"villa, archaeological-site","roman,late-antique,fourth-ce,modern,twentieth-ce",pleiades_production,0.055
462218,"Roman Villa at Għajn Tuffieħa, Malta",14.357491,35.926949,precise,"estate, bath",roman,pleiades_production,0.102
462219,Giarranauti,15.01171,37.131091,precise,settlement,late-antique,pleiades_settlement,0.0
462220,Gioiosa Vecchia,14.931179,38.150737,precise,settlement,"archaic,classical",pleiades_settlement,8.15
462221,Grancifone,13.720302,37.250762,precise,villa,classical,pleiades_production,2.933
462225,Halaesa,14.2625920484,37.9987097962,precise,"settlement, archaeological-site","hellenistic-republican,hellenistic-roman-early-empire,roman,roman-early-empire-late-antique,late-antique,modern",pleiades_settlement,7.2
462227,Halicyae,12.808862,37.817,precise,settlement,"classical,hellenistic-republican,roman,modern",pleiades_settlement,17.545
462228,Haluntium,14.700314,38.071898,precise,settlement,"hellenistic-republican,hellenistic-roman-early-empire,roman,modern",pleiades_settlement,7.145
294527345,Broglio di Trebisacce,16.5032732,39.8644864,precise,settlement,"2nd-millenium-bce,archaic",pleiades_settlement,2.25
685301277,Vitozza,11.7506365,42.6830783,precise,settlement,"archaic,classical,hellenistic-republican,roman,late-antique,mediaeval-byzantine,modern",pleiades_settlement,25.75
762217869,"Regio III, Pompeii",14.4916226126,40.7526467619,precise,"urban, region",modern,pleiades_settlement,0.0
589093011,Poggibonsi,11.1483367,43.4650284,precise,settlement,modern,pleiades_settlement,0.0
94419788,Valdonega Roman villa,11.0020210271,45.4563458334,precise,villa,roman,pleiades_production,0.102
989027460,Monte Rovello,11.9038323,42.156218,precise,"settlement, settlement-modern",modern,pleiades_settlement,0.0
344747000,Stifone,12.4949428,42.4965566,precise,port,modern,pleiades_transport,0.0
472107,Ourkinion,8.761599,42.040029,precise,settlement,"hellenistic-republican,roman",pleiades_settlement,7.145
472109,Palania,8.849904,42.501906,precise,settlement,"hellenistic-republican,roman",pleiades_settlement,7.145
472110,Palla,9.1590609,41.3872348,precise,"settlement, settlement-modern","roman,late-antique,twenty-first-ce",pleiades_settlement,0.055
472111,Pauka,8.799868,41.711504,precise,settlement,"hellenistic-republican,roman",pleiades_settlement,7.145
472112,Phikaria,9.093197,41.466887,precise,settlement,"hellenistic-republican,roman,twentieth-ce",pleiades_settlement,7.145
472113,Piantarella,9.22172354137,41.3714869293,precise,"settlement, villa","hellenistic-republican,roman,twentieth-ce,twenty-first-ce",pleiades_settlement;pleiades_production,7.145
472121,Rhopikon,8.892453,42.57175,precise,settlement,"hellenistic-republican,roman",pleiades_settlement,7.145
472123,Rhoubra,9.260508,41.470715,precise,settlement,"hellenistic-republican,roman,twentieth-ce",pleiades_settlement,7.145
472126,Saone,8.701978,42.112565,precise,settlement,"hellenistic-republican,roman",pleiades_settlement,7.145
472128,Sermigion,8.889751,42.200898,precise,settlement,"hellenistic-republican,roman",pleiades_settlement,7.145
472131,Syrakousanos Limen,9.23404,41.40727,precise,settlement,"hellenistic-republican,roman,twenty-first-ce",pleiades_settlement,7.145
472133,Talkinon,9.20048,42.23177,precise,settlement,"hellenistic-republican,roman",pleiades_settlement,7.145
472138,Titianos Limen,8.851838,41.540412,precise,settlement,"hellenistic-republican,roman",pleiades_settlement,7.145
472139,Toutelas Bomos,9.534194,42.209673,precise,settlement,"hellenistic-republican,roman",pleiades_settlement,7.145
472632,Untitled,8.5,40.5,rough,bridge,"roman,late-antique",pleiades_transport,0.055
472633,Untitled,8.5,40.5,rough,bridge,"roman,late-antique",pleiades_transport,0.055
472634,Untitled,8.5,39.5,rough,bridge,"roman,late-antique",pleiades_transport,0.055
472635,Unnamed bridge,8.84920345,39.81257975,precise,bridge,"roman,late-antique",pleiades_transport,0.055
472636,Unnamed bridge north of Aquae Calidae Neapolitanorum,8.5,39.5,rough,bridge,"roman,late-antique",pleiades_transport,0.055
472637,Decimomannu Roman bridge,8.95488815,39.30535435,precise,bridge,"roman,roman-early-empire-late-antique,late-antique",pleiades_transport,0.055
472638,Unnamed Roman bridge,9.146174,40.74996,precise,bridge,"roman,late-antique",pleiades_transport,0.055
472639,Unnamed bridge (E Fundus Moddol(...)),9.5,39.5,rough,bridge,"roman,roman-early-empire-late-antique,late-antique,modern",pleiades_transport,0.055
472640,Ussana Roman bridge,9.06660435,39.4045363,precise,bridge,"roman,late-antique",pleiades_transport,0.055
473387,Unnamed quarry,9.1605910813,41.2405175394,precise,quarry,roman,pleiades_production,0.102
473388,Untitled,8.5,39.5,rough,quarry,"roman,late-antique",pleiades_production,0.055
877624196,Pollupice,8.278936,44.162554,precise,"unlocated, station, estate","roman,roman-early-empire-late-antique,late-antique",pleiades_production;pleiades_transport,0.055
42248665,Via Gabina villas,12.628907,41.878239,precise,villa,"hellenistic-republican,roman,twentieth-ce,twenty-first-ce",pleiades_production,7.145
584324061,Colombarone,12.7878273165,43.9511143332,precise,villa,late-antique,pleiades_production,0.0
160277607,Unnamed Roman bridge (Fidenza),10.0572382139,44.8670213934,precise,bridge,roman,pleiades_transport,0.102
631723722,Villa in via Enzo Tortora,12.500182,41.983495,precise,"villa, archaeological-site","hellenistic-republican,roman,late-antique,mediaeval-byzantine,twenty-first-ce",pleiades_production,7.2
395149981,Voconius Pollio villa,12.6586082,41.7697883,precise,"villa, settlement-modern",modern,pleiades_production,0.0
480714925,Villa del Cimitero Flaminio,12.5001761852,42.0116051856,precise,villa,roman,pleiades_production,0.102
786551142,"Nuragic settlement, Antas",8.4976672,39.3923602,precise,settlement,2nd-millenium-bce,pleiades_settlement,0.0
361811831,"Massaciuccoli Romana - Padiglione ""Guglielmo Lera""",10.3599589,43.836301,precise,"villa, archaeological-site",roman,pleiades_production,0.102
587781815,Ponte di Annibale,14.5493204671,41.2920250028,precise,bridge,"roman,twenty-first-ce",pleiades_transport,0.102
421074111,Rofalco,11.7132845691,42.5706839057,precise,"settlement, archaeological-site","classical,hellenistic-republican,twentieth-ce,twenty-first-ce",pleiades_settlement,10.4
267550313,Cocciano,12.6843610635,41.8193325657,precise,"archaeological-site, villa",roman,pleiades_production,0.102
916222889,Ponte del Gran Caso,13.587222,42.832222,precise,bridge,"roman,twenty-first-ce",pleiades_transport,0.102
172158347,Ponte della Maddalena,10.5519940556,43.9857049063,precise,bridge,"eleventh-ce,twelfth-ce,thirteenth-ce,fourteenth-ce,fifteenth-ce,sixteenth-ce,seventeenth-ce,modern",pleiades_transport,0.0
239384580,Villa of Lucius Nonius Calpurnius Torquatus Asprenas,12.417829,41.793932,precise,"villa, cistern",roman,pleiades_production,0.102
985266459,Zama Minor,9.205708,35.8605078,precise,settlement,hellenistic-roman-early-empire,pleiades_settlement,4.5
140039890,Complesso di Sant'Imbenia,8.19661717829,40.6226312699,precise,"nuraghe, settlement","2nd-millenium-bce,tenth-bce,ninth-bce,eighth-bce,twenty-first-ce",pleiades_settlement,0.0
710079070,Banjole Roman villa,13.8701,44.8219986,precise,"villa, settlement-modern, archaeological-site","roman,late-antique,twenty-first-ce",pleiades_production,0.055
458685459,Roman harbor at Carthage,10.3248504,36.8414507,precise,port,roman,pleiades_transport,0.102
582358863,South-Western Baths,14.345260875,40.8068003028,precise,"shipshed, bath","first-bce,first-ce",pleiades_transport,1.32
746338295,villa del Cavalcavia di Salone,12.630097,41.922505,precise,villa,"roman,twenty-first-ce",pleiades_production,0.102
936341523,Roman furnaces in Alcamo,12.9063846834,38.020483714,precise,production,roman,pleiades_production,0.102
178764324,Monte Gentili,12.6839054478,41.725963812,precise,villa,roman,pleiades_production,0.102
110978357,Roman quarry of Antas,8.5054684,39.3970655,precise,quarry,roman,pleiades_production,0.102
668784750,Ponte Leproso,14.7654031052,41.1313942086,precise,bridge,roman-early-empire-late-antique,pleiades_transport,0.052
793184758,Unnamed road,12.6421427,42.0556258,precise,"archaeological-site, road",roman,pleiades_transport,0.102
37513578,Unnamed Roman villa,14.6041317,40.7327409,precise,villa,roman,pleiades_production,0.102
481770,Bouthoe,18.831815,42.279737,precise,settlement,"classical,hellenistic-republican,roman",pleiades_settlement,17.545
365894023,House of the Mosaic Atrium,14.3467379834,40.8056850237,precise,"townhouse, estate",twenty-first-ce,pleiades_production,0.0
60021200,Villa Poppaea,14.452853019,40.7571164987,precise,"villa, estate","first-bce,first-ce,twentieth-ce,twenty-first-ce",pleiades_production,1.32
196169550,Unnamed Roman bridge,8.8481451,40.2522688,precise,bridge,roman-early-empire-late-antique,pleiades_transport,0.052
59919788,Unnamed Roman bridge,8.7048499,39.6367393,precise,bridge,roman,pleiades_transport,0.102
342847225,Collepardo,13.369499,41.764322,precise,"settlement, settlement-modern","late-antique,modern",pleiades_settlement,0.0
621589779,Monte San Giovanni Campano,13.516667,41.633333,precise,"settlement, fort",mediaeval-byzantine,pleiades_settlement,0.0
364357852,Roman villa on viale Alfredo Ottaviani,12.3413925275,41.7929137758,precise,villa,roman,pleiades_production,0.102
275434516,Posta Vecchia,12.1043693336,41.9329866052,precise,"villa, archaeological-site",roman,pleiades_production,0.102
917618128,San Potito Sannitico,14.3929016,41.337736,precise,"villa, settlement-modern",modern,pleiades_production,0.0
143520698,Passo di Corvo,15.6113875808,41.5530250262,precise,settlement,"archaic,classical,hellenistic-republican",pleiades_settlement,18.55
599902893,"Regio VII, Pompeii",14.4849661216,40.7498290608,precise,"urban, region","modern,twenty-first-ce",pleiades_settlement,0.0
169940092,Masseria De Carolis,14.3759693272,40.8668089397,precise,"villa, settlement-modern, bath","roman,modern,twentieth-ce,twenty-first-ce",pleiades_production,0.102
710805922,"Via cava del Cavone, Sovana",11.6358965,42.6608222,precise,road,"archaic,classical,hellenistic-roman-early-empire",pleiades_transport,22.293
142118702,Monte Croce Guardia,12.9385108,43.4925032,precise,"settlement, archaeological-site","2nd-millenium-bce,twenty-first-ce",pleiades_settlement,0.0
814125747,Le Sparne archaeological area,11.5910708,42.5882742,precise,settlement,"2nd-millenium-bce,archaic,classical",pleiades_settlement,8.15
375710890,Monte Testaccio,12.475516215,41.8759536238,precise,"production, archaeological-site, hill","roman,modern",pleiades_production,0.102
362185575,Varignano Vecchio,9.84121257286,44.0637806568,precise,"production, bath, cistern, villa","roman,late-antique,modern",pleiades_production,0.055
208942898,Withdrawn: Untitled,7.76848,36.818001,precise,settlement,"roman,late-antique",pleiades_settlement,0.055
208942921,Withdrawn: Untitled,7.774604,36.801578,precise,settlement,"roman,late-antique",pleiades_settlement,0.055
356090423,Ponte Genga,12.97095365,43.402751,precise,bridge,"roman,twenty-first-ce",pleiades_transport,0.102
356090424,Ponte Tufillo,13.5798041747,42.8573231487,precise,bridge,"eleventh-ce,twenty-first-ce",pleiades_transport,0.0
877349743,Masseria Ponte,16.91208055,40.6281735,precise,bridge,roman,pleiades_transport,0.102
937921711,Emporium,12.4746727276,41.8823495984,precise,port,"third-bce,second-bce,roman",pleiades_transport,2.743
596384814,Vignale,10.6800789657,42.965900925,precise,"station, production, cemetery, villa, estate","hellenistic-republican,roman,late-antique,mediaeval-byzantine,modern",pleiades_production;pleiades_transport,7.2
208943200,Untitled,9.654412,36.904218,precise,mine,roman,pleiades_production,0.102
208943201,Untitled,10.227422,36.398281,precise,"villa, unlabeled",hellenistic-republican,pleiades_production,4.0
208943202,Untitled,10.335058,36.389424,precise,"villa, unlabeled",hellenistic-republican,pleiades_production,4.0
208943203,Untitled,10.281453,36.497033,precise,"villa, unlabeled",hellenistic-republican,pleiades_production,4.0
208943204,Untitled,10.297,36.499468,precise,"villa, unlabeled",hellenistic-republican,pleiades_production,4.0
208943205,Untitled,10.439555,36.047295,precise,"settlement, unlabeled",hellenistic-republican,pleiades_settlement,4.0
208943206,Untitled,10.302994,36.07598,precise,"settlement, unlabeled",hellenistic-republican,pleiades_settlement,4.0
208943207,Untitled,10.471977,36.06402,precise,"settlement, unlabeled",hellenistic-republican,pleiades_settlement,4.0
208943208,Untitled,10.438226,36.064074,precise,"settlement, unlabeled",hellenistic-republican,pleiades_settlement,4.0
208943209,Untitled,10.140263,36.053001,precise,"settlement, unlabeled",hellenistic-republican,pleiades_settlement,4.0
208943210,Untitled,10.035511,36.006576,precise,"settlement, unlabeled",hellenistic-republican,pleiades_settlement,4.0
208943211,Untitled,10.486292,36.001229,precise,"settlement, unlabeled",hellenistic-republican,pleiades_settlement,4.0
208943213,Untitled,10.010968,36.109073,precise,"villa, unlabeled",hellenistic-republican,pleiades_production,4.0
208943214,Untitled,10.022617,36.112142,precise,"villa, unlabeled",hellenistic-republican,pleiades_production,4.0
208943215,Untitled,10.461356,36.358462,precise,"villa, unlabeled",hellenistic-republican,pleiades_production,4.0
208943216,Untitled,10.09945,36.429627,precise,"villa, unlabeled",hellenistic-republican,pleiades_production,4.0
208943217,Untitled,10.035477,36.429085,precise,"villa, unlabeled",hellenistic-republican,pleiades_production,4.0
208943218,Untitled,10.166169,36.16114,precise,"settlement, unlabeled",hellenistic-republican,pleiades_settlement,4.0
208943219,Untitled,10.158975,36.194951,precise,"settlement, unlabeled",hellenistic-republican,pleiades_settlement,4.0
208943220,Untitled,10.173702,36.146474,precise,"settlement, unlabeled",hellenistic-republican,pleiades_settlement,4.0
208943221,Untitled,10.157711,36.158793,precise,"settlement, unlabeled",hellenistic-republican,pleiades_settlement,4.0
208943222,Untitled,10.007027,36.020133,precise,"villa, unlabeled",hellenistic-republican,pleiades_production,4.0
208943223,Untitled,10.484955,36.435429,precise,"settlement, unlabeled",hellenistic-republican,pleiades_settlement,4.0
208943224,Untitled,10.346226,36.495769,precise,"settlement, unlabeled",hellenistic-republican,pleiades_settlement,4.0
208943225,Untitled,10.292976,36.45715,precise,"settlement, unlabeled",hellenistic-republican,pleiades_settlement,4.0
208943226,Untitled,10.150806,36.305846,precise,"settlement, unlabeled",hellenistic-republican,pleiades_settlement,4.0
208943227,Untitled,10.088209,36.257222,precise,"settlement, unlabeled",hellenistic-republican,pleiades_settlement,4.0
208943228,Untitled,10.492422,36.0105,precise,"settlement, unlabeled",hellenistic-republican,pleiades_settlement,4.0
208943229,Untitled,10.034442,36.000959,precise,"settlement, unlabeled",hellenistic-republican,pleiades_settlement,4.0
208943230,Untitled,10.286297,36.231773,precise,"settlement, unlabeled",hellenistic-republican,pleiades_settlement,4.0
208943231,Untitled,10.46388,36.289893,precise,"settlement, unlabeled",hellenistic-republican,pleiades_settlement,4.0
208943232,Untitled,10.468664,36.240276,precise,"settlement, unlabeled",hellenistic-republican,pleiades_settlement,4.0
208943233,Untitled,10.478544,36.261679,precise,"settlement, unlabeled",hellenistic-republican,pleiades_settlement,4.0
208943234,Untitled,10.305545,36.229581,precise,"settlement, unlabeled",hellenistic-republican,pleiades_settlement,4.0
208943235,Untitled,10.308523,36.241154,precise,"settlement, unlabeled",hellenistic-republican,pleiades_settlement,4.0
208943236,Untitled,10.486692,36.014217,precise,"settlement, unlabeled",hellenistic-republican,pleiades_settlement,4.0
208943237,Untitled,10.460452,36.096742,precise,"settlement, unlabeled",hellenistic-republican,pleiades_settlement,4.0
208943238,Untitled,10.459472,36.18495,precise,"settlement, unlabeled",hellenistic-republican,pleiades_settlement,4.0
208943239,Untitled,10.465599,36.21281,precise,"settlement, unlabeled",hellenistic-republican,pleiades_settlement,4.0
208943243,Untitled,10.005365,36.013688,precise,"villa, unlabeled",hellenistic-republican,pleiades_production,4.0
208943246,Untitled,10.288866,36.573347,precise,"villa, unlabeled",roman,pleiades_production,0.102
208943247,Untitled,10.314513,36.512543,precise,"villa, unlabeled",roman,pleiades_production,0.102
208943248,Untitled,10.027356,36.591479,precise,"settlement, unlabeled",roman,pleiades_settlement,0.102
208943249,Untitled,10.027987,36.684307,precise,"settlement, unlabeled",roman,pleiades_settlement,0.102
208943250,Untitled,10.00241,36.841158,precise,"settlement, unlabeled",roman,pleiades_settlement,0.102
208943251,Untitled,10.001516,36.517152,precise,"settlement, unlabeled",roman,pleiades_settlement,0.102
208943252,Untitled,10.150738,36.561496,precise,"settlement, unlabeled",roman,pleiades_settlement,0.102
208943253,Untitled,10.158923,36.550118,precise,"settlement, unlabeled",roman,pleiades_settlement,0.102
208943254,Untitled,10.421032,36.503967,precise,"settlement, unlabeled",roman,pleiades_settlement,0.102
208943257,Untitled,10.277687,36.537164,precise,"settlement, unlabeled",roman,pleiades_settlement,0.102
208943258,Untitled,10.096984,36.880746,precise,"villa, unlabeled",roman,pleiades_production,0.102
208943259,Untitled,10.299101,36.537567,precise,"villa, unlabeled",roman,pleiades_production,0.102
208943260,Untitled,10.269223,36.609455,precise,"villa, unlabeled",roman,pleiades_production,0.102
208943261,Untitled,10.294962,36.704016,precise,"settlement, unlabeled",roman,pleiades_settlement,0.102
208943262,Untitled,10.296125,36.902592,precise,"settlement, unlabeled",roman,pleiades_settlement,0.102
208943263,Untitled,10.285351,36.902509,precise,"settlement, unlabeled",roman,pleiades_settlement,0.102
208943264,Untitled,10.275669,36.698866,precise,"settlement, unlabeled",roman,pleiades_settlement,0.102
208943265,Untitled,10.295732,36.883274,precise,"settlement, unlabeled",roman,pleiades_settlement,0.102
208943266,Untitled,10.150366,36.927138,precise,"settlement, unlabeled",roman,pleiades_settlement,0.102
208943267,Untitled,10.173885,36.940848,precise,"settlement, unlabeled",roman,pleiades_settlement,0.102
208943268,Untitled,10.27329,36.911556,precise,"settlement, unlabeled",roman,pleiades_settlement,0.102
208943269,Untitled,10.07493,36.939325,precise,"settlement, unlabeled",roman,pleiades_settlement,0.102
208943270,Untitled,10.124727,36.951955,precise,"settlement, unlabeled",roman,pleiades_settlement,0.102
208943271,Untitled,10.143778,36.949437,precise,"settlement, unlabeled",roman,pleiades_settlement,0.102
208943272,Untitled,10.083812,36.953602,precise,"settlement, unlabeled",roman,pleiades_settlement,0.102
208943273,Untitled,10.082497,36.964453,precise,"settlement, unlabeled",roman,pleiades_settlement,0.102
208943274,Untitled,10.133354,36.722288,precise,"settlement, unlabeled",roman,pleiades_settlement,0.102
208943275,Untitled,10.177563,36.696509,precise,"settlement, unlabeled",roman,pleiades_settlement,0.102
208943276,Untitled,10.262199,36.647334,precise,"settlement, unlabeled",roman,pleiades_settlement,0.102
208943277,Untitled,10.104318,36.693546,precise,"settlement, unlabeled",roman,pleiades_settlement,0.102
208943278,Untitled,10.304086,36.676923,precise,"settlement, unlabeled",roman,pleiades_settlement,0.102
208943281,Untitled,10.01601,36.966564,precise,"settlement, unlabeled",roman,pleiades_settlement,0.102
208943323,Untitled,10.86353,36.668466,precise,"settlement, cemetery, bath",roman,pleiades_settlement,0.102
208943324,Untitled,10.972123,36.925959,precise,"villa, unlabeled",roman,pleiades_production,0.102
208943325,Untitled,10.748323,36.717534,precise,"settlement, unlabeled",roman,pleiades_settlement,0.102
208943326,Untitled,10.765613,36.656511,precise,"settlement, unlabeled",roman,pleiades_settlement,0.102
208943327,Untitled,10.719367,36.696096,precise,"settlement, unlabeled",roman,pleiades_settlement,0.102
208943328,Untitled,10.725816,36.659212,precise,"settlement, unlabeled",roman,pleiades_settlement,0.102
208943329,Untitled,10.606501,36.634172,precise,"settlement, unlabeled",roman,pleiades_settlement,0.102
208943330,Untitled,10.904935,36.646385,precise,"settlement, unlabeled",roman,pleiades_settlement,0.102
208943331,Untitled,10.889707,36.611725,precise,"settlement, unlabeled",roman,pleiades_settlement,0.102
208943332,Untitled,10.639204,36.589012,precise,"settlement, unlabeled",roman,pleiades_settlement,0.102
208943333,Untitled,10.716294,36.602396,precise,"settlement, unlabeled",roman,pleiades_settlement,0.102
208943334,Untitled,10.855951,36.633132,precise,"settlement, unlabeled",roman,pleiades_settlement,0.102
208943335,Untitled,10.843712,36.640117,precise,"settlement, unlabeled",roman,pleiades_settlement,0.102
208943336,Untitled,10.837161,36.613893,precise,"settlement, unlabeled",roman,pleiades_settlement,0.102
208943337,Untitled,10.844555,36.617375,precise,"settlement, unlabeled",roman,pleiades_settlement,0.102
208943338,Untitled,10.872288,36.586325,precise,"settlement, unlabeled",roman,pleiades_settlement,0.102
208943339,Untitled,10.829335,36.600705,precise,"settlement, unlabeled",roman,pleiades_settlement,0.102
208943340,Untitled,10.740308,36.700544,precise,"settlement, unlabeled",roman,pleiades_settlement,0.102
208943341,Untitled,10.799284,36.700154,precise,"settlement, unlabeled",roman,pleiades_settlement,0.102
208943342,Untitled,10.759043,36.70465,precise,"settlement, unlabeled",roman,pleiades_settlement,0.102
208943343,Untitled,10.97776,36.947414,precise,"settlement, unlabeled",roman,pleiades_settlement,0.102
208943344,Untitled,10.633834,36.863086,precise,"settlement, unlabeled",roman,pleiades_settlement,0.102
208943345,Untitled,10.90843,36.663046,precise,"settlement, unlabeled",roman,pleiades_settlement,0.102
208943346,Untitled,10.91524,36.675412,precise,"settlement, cemetery, bath",roman,pleiades_settlement,0.102
208943347,Untitled,10.923167,36.683857,precise,"settlement, cemetery, bath",roman,pleiades_settlement,0.102
208943348,Untitled,10.977353,36.740373,precise,"settlement, unlabeled",roman,pleiades_settlement,0.102
208943349,Untitled,10.650757,36.624209,precise,"settlement, unlabeled",roman,pleiades_settlement,0.102
208943350,Untitled,10.720103,36.625335,precise,"settlement, unlabeled",roman,pleiades_settlement,0.102
208943351,Untitled,10.680635,36.51674,precise,"settlement, unlabeled",roman,pleiades_settlement,0.102
208943352,Untitled,10.631199,36.608722,precise,"settlement, unlabeled",roman,pleiades_settlement,0.102
208943353,Untitled,10.642024,36.604856,precise,"settlement, unlabeled",roman,pleiades_settlement,0.102
208943354,Untitled,10.688066,36.57468,precise,"settlement, unlabeled",roman,pleiades_settlement,0.102
208943355,Untitled,10.626372,36.596916,precise,"settlement, unlabeled",roman,pleiades_settlement,0.102
208943356,Untitled,10.776372,36.76841,precise,"settlement, unlabeled",roman,pleiades_settlement,0.102
208943357,Untitled,10.942439,36.955499,precise,"settlement, unlabeled",roman,pleiades_settlement,0.102
208943358,Untitled,10.934201,36.994123,precise,"settlement, unlabeled",roman,pleiades_settlement,0.102
208943359,Untitled,10.820745,36.896237,precise,"settlement, unlabeled",roman,pleiades_settlement,0.102
208943360,Untitled,10.838427,36.762281,precise,"settlement, unlabeled",roman,pleiades_settlement,0.102
208943361,Untitled,10.876416,36.645722,precise,"settlement, unlabeled",roman,pleiades_settlement,0.102
208943362,Untitled,10.854684,36.646881,precise,"settlement, unlabeled",roman,pleiades_settlement,0.102
208943363,Untitled,10.665763,36.651806,precise,"settlement, unlabeled",roman,pleiades_settlement,0.102
208943364,Untitled,10.65579,36.653538,precise,"settlement, unlabeled",roman,pleiades_settlement,0.102
208943365,Untitled,10.947559,36.997363,precise,"settlement, unlabeled",roman,pleiades_settlement,0.102
208943366,Untitled,10.961015,36.997457,precise,"settlement, unlabeled",roman,pleiades_settlement,0.102
208943367,Untitled,10.975012,36.994578,precise,"settlement, unlabeled",roman,pleiades_settlement,0.102
208943368,Untitled,10.972076,36.960696,precise,"settlement, unlabeled",roman,pleiades_settlement,0.102
208943369,Untitled,10.990306,36.972591,precise,"settlement, unlabeled",roman,pleiades_settlement,0.102
208943370,Untitled,10.687441,36.781904,precise,"villa, unlabeled",roman,pleiades_production,0.102
208943371,Untitled,10.70018,36.751358,precise,"villa, unlabeled",roman,pleiades_production,0.102
208943372,Untitled,10.679439,36.76526,precise,"villa, unlabeled",roman,pleiades_production,0.102
208943373,Untitled,10.801129,36.684651,precise,"cemetery, villa, bath",roman,pleiades_production,0.102
208943374,Untitled,10.729797,36.718516,precise,"settlement, unlabeled",roman,pleiades_settlement,0.102
208943375,Untitled,10.837783,36.951619,precise,"settlement, unlabeled",roman,pleiades_settlement,0.102
208943376,Untitled,10.655726,36.712813,precise,"settlement, unlabeled",roman,pleiades_settlement,0.102
208943377,Untitled,10.658678,36.726531,precise,"settlement, unlabeled",roman,pleiades_settlement,0.102
208943378,Untitled,10.675731,36.750332,precise,"settlement, unlabeled",roman,pleiades_settlement,0.102
208943379,Untitled,10.683844,36.85134,precise,"settlement, unlabeled",roman,pleiades_settlement,0.102
208943380,Untitled,10.670119,36.850378,precise,"settlement, unlabeled",roman,pleiades_settlement,0.102
208943382,Untitled,10.514401,36.536644,precise,"settlement, unlabeled",roman,pleiades_settlement,0.102
208943383,Untitled,10.89413,36.660348,precise,"settlement, unlabeled",roman,pleiades_settlement,0.102
208943384,Untitled,10.884196,36.654763,precise,"settlement, unlabeled",roman,pleiades_settlement,0.102
208943557,Untitled,9.068518,35.699486,precise,"settlement, unlabeled",roman,pleiades_settlement,0.102
208943558,Untitled,9.083199,35.83871,precise,"villa, unlabeled",roman,pleiades_production,0.102
208943560,Untitled,9.249505,35.716491,precise,"villa, unlabeled",roman,pleiades_production,0.102
208943561,Untitled,9.32835,35.675115,precise,"settlement, unlabeled",roman,pleiades_settlement,0.102
208943567,Untitled,9.127807,35.616971,precise,"villa, unlabeled",roman,pleiades_production,0.102
208943568,Untitled,9.171263,35.652138,precise,"villa, unlabeled",roman,pleiades_production,0.102
208943569,Untitled,9.154772,35.584402,precise,"villa, unlabeled",roman,pleiades_production,0.102
208943570,Untitled,9.229743,35.569058,precise,"villa, unlabeled",roman,pleiades_production,0.102
208943571,Untitled,9.08872,35.823863,precise,"settlement, unlabeled",roman,pleiades_settlement,0.102
208943572,Untitled,9.049232,35.791603,precise,"settlement, unlabeled",roman,pleiades_settlement,0.102
208943573,Untitled,9.074825,35.817286,precise,"settlement, unlabeled",roman,pleiades_settlement,0.102
208943574,Untitled,9.139996,35.710525,precise,"settlement, unlabeled",roman,pleiades_settlement,0.102
208943575,Untitled,9.136027,35.704502,precise,"settlement, unlabeled",roman,pleiades_settlement,0.102
208943576,Untitled,9.132056,35.698479,precise,"settlement, unlabeled",roman,pleiades_settlement,0.102
208943577,Untitled,9.145551,35.693518,precise,"settlement, unlabeled",roman,pleiades_settlement,0.102
208943578,Untitled,9.095401,35.67685,precise,"settlement, unlabeled",roman,pleiades_settlement,0.102
208943579,Untitled,9.094324,35.665764,precise,"settlement, unlabeled",roman,pleiades_settlement,0.102
208943580,Untitled,9.096065,35.532542,precise,"settlement, unlabeled",roman,pleiades_settlement,0.102
208943581,Untitled,9.092691,35.852057,precise,"settlement, unlabeled",roman,pleiades_settlement,0.102
208943582,Untitled,9.073096,35.962974,precise,"settlement, unlabeled",roman,pleiades_settlement,0.102
208943583,Untitled,9.078356,35.639631,precise,"settlement, unlabeled",roman,pleiades_settlement,0.102
208943584,Untitled,9.058271,35.647564,precise,"settlement, unlabeled",roman,pleiades_settlement,0.102
208943585,Untitled,9.069579,35.534429,precise,"settlement, unlabeled",roman,pleiades_settlement,0.102
208943586,Untitled,9.056985,35.533659,precise,"settlement, unlabeled",roman,pleiades_settlement,0.102
208943732,Untitled,6.516861,36.792597,precise,quarry,"roman,late-antique",pleiades_production,0.055
407809786,Grotte dell'Acqua,14.0595539,40.8250584,precise,"archaeological-site, villa",roman,pleiades_production,0.102
870993210,Grotte di Catullo,10.6065722617,45.500919199,precise,villa,"hellenistic-roman-early-empire,twenty-first-ce",pleiades_production,4.5
149580279,Raviscanina,14.242723,41.37022,precise,"settlement, settlement-modern",twenty-first-ce,pleiades_settlement,0.0
817583144,Poggio La Croce,11.3602368575,43.4811575902,precise,settlement,"classical,hellenistic-roman-early-empire",pleiades_settlement,14.143
170572802,Ramla bay villa,14.2835669,36.0611956,precise,villa,roman,pleiades_production,0.102
597395300,Santa Maria in Legarano,12.6749319858,42.3547711487,precise,"church-2, villa",modern,pleiades_production,0.0
939167121,Hellenistic and Roman quarter archaeological area,13.5909112,37.298114,precise,settlement,"hellenistic-republican,roman,late-antique",pleiades_settlement,7.2
659022266,Monte Rocche,7.8674622,43.8484748,precise,"settlement, hill","hellenistic-republican,roman,modern",pleiades_settlement,7.145
445499723,Trebbio,12.1427677712,43.5440859427,precise,"settlement, archaeological-site",1st-millennium-bce,pleiades_settlement,10.438
575015998,Casale dell’Infernaccio,12.4143258,41.8279581,precise,villa,roman,pleiades_production,0.102
360417791,Unnamed bridge,8.13855287651,43.9668772291,precise,bridge,mediaeval-byzantine,pleiades_transport,0.0
303135575,Vagnari,16.283,40.834,precise,"cemetery, villa, vicus","roman,modern",pleiades_settlement;pleiades_production,0.102
24162247,Ninfa,12.954470352,41.581405851,precise,settlement,modern,pleiades_settlement,0.0
316104222,Portus Iulius,14.0948924,40.8287282,precise,"harbor, archaeological-site",roman,pleiades_transport,0.102
580782181,Villa Romana Baláca,17.8886459509,47.0451674605,precise,villa,"roman,twentieth-ce,twenty-first-ce",pleiades_production,0.102
596205488,Roman bridge over Rio S'Adde,8.7718289,40.2728744,precise,bridge,roman,pleiades_transport,0.102
83747513,Villa di Podere Anna,12.5663503439,41.9423385706,precise,villa,"roman,twentieth-ce,twenty-first-ce",pleiades_production,0.102
973087402,Su Coddu,9.16073253635,39.2617704647,precise,settlement,"4th-millenium-bce,3rd-millennium-bc,modern",pleiades_settlement,0.0
414506,Ponte sul Fosso Tre Ponti,12.3556733,42.2778805,precise,bridge,roman-early-empire-late-antique,pleiades_transport,0.052
535279841,Bridge,13.110216,41.9172,precise,bridge,"roman,late-antique",pleiades_transport,0.055
69940816,Capo di Bove,12.5242055,41.8485542,precise,"villa, bath",roman,pleiades_production,0.102
710140373,Valbandon Roman Villa(s),13.81216115,44.91333885,precise,"villa, archaeological-site","roman,first-ce,second-ce,third-ce,fourth-ce",pleiades_production,0.055
157920,Salinae,6.510738,43.847565,precise,settlement,"roman,late-antique",pleiades_settlement,0.055
157924,Sanremo,7.75949961657,43.8082109458,precise,villa,"roman,mediaeval-byzantine",pleiades_production,0.102
157938,La Trinité,6.552252,43.57211,precise,villa,roman,pleiades_production,0.102
157945,Vergoanum,7.0443,43.523555,precise,settlement,"hellenistic-republican,roman,late-antique",pleiades_settlement,7.2
157951,Villepey,6.730361,43.421272,precise,villa,roman,pleiades_production,0.102
157952,Vintium,7.113504,43.722738,precise,settlement,"roman,late-antique",pleiades_settlement,0.055
159311,Untitled,6.706223,43.435929,precise,bridge,"roman,late-antique",pleiades_transport,0.055
159312,Unnamed bridge,7.9637075,43.8547109,precise,"bridge, settlement-modern","roman,late-antique,twenty-first-ce",pleiades_transport,0.055
167617,Ad Martis,6.833543,45.03323,precise,station,"roman,late-antique",pleiades_transport,0.055
167623,Ad XII,7.214525,45.134977,precise,station,late-antique,pleiades_transport,0.0
167639,*Alpis Graia,6.8839636,45.680501,precise,"settlement, pass","hellenistic-republican,roman",pleiades_settlement,7.145
167654,Arebrigium,6.984632,45.764042,precise,settlement,"roman,late-antique",pleiades_settlement,0.055
167655,Ariolica,6.9483484,45.7185727,precise,settlement,"roman,late-antique",pleiades_settlement,0.055
167663,Axima/Forum Claudii Ceutronum,6.653224,45.556944,precise,settlement,"hellenistic-republican,roman,late-antique,modern",pleiades_settlement,7.2
167675,Bergintrum,6.766804,45.615918,precise,settlement,"roman,late-antique,modern",pleiades_settlement,0.055
167684,Bourg-St-Pierre,7.208202,45.94926,precise,station,"roman,late-antique",pleiades_transport,0.055
167687,Bramans,6.775785,45.223762,precise,mine,"roman,late-antique",pleiades_production,0.055
167691,Brigantio,6.633951,44.896886,precise,settlement,"roman,late-antique",pleiades_settlement,0.055
167736,Darantasia,6.532142,45.484001,precise,settlement,"roman,late-antique,twentieth-ce",pleiades_settlement,0.055
167743,Druantium/*Alpis Cottia/Summae Alpes,6.7350045,44.934099,precise,settlement,"hellenistic-republican,roman,late-antique",pleiades_settlement,7.2
167760,Eudracinum,7.183884,45.835681,precise,station,"roman,late-antique",pleiades_transport,0.055
167778,Gaesao/Tyrium,6.793592,44.952968,precise,settlement,"hellenistic-republican,roman,late-antique,twentieth-ce",pleiades_settlement,7.2
167800,Lanslevillard,6.91292,45.290153,precise,settlement,"classical,hellenistic-republican,roman",pleiades_settlement,17.545
167821,Macôt-La-Plagne,6.672046,45.553337,precise,mine,"roman,late-antique",pleiades_production,0.055
167849,Mustiae Calmes,6.762891,44.474637,precise,settlement,"roman,late-antique",pleiades_settlement,0.055
167859,Octodurus/Forum Claudii Vallensium,7.073918,46.100848,precise,settlement,"hellenistic-republican,roman,late-antique,modern",pleiades_settlement,7.2
167862,Orsières,7.146316,46.030693,precise,station,"roman,late-antique",pleiades_transport,0.055
167870,Le Plan de Phazy,6.608774,44.660089,precise,settlement,"hellenistic-republican,roman",pleiades_settlement,7.145
424390148,La Marmotta,12.2767281,42.0988911,precise,settlement,"6th-millennium-bce,5th-millennium-bce,twenty-first-ce",pleiades_settlement,0.0
708516601,Nuraghe Sa Mandra 'e Sa Giua,8.98956372352,40.6110272794,precise,"nuraghe, settlement","2nd-millenium-bce,twenty-first-ce",pleiades_settlement,0.0
524074853,Steinerner Steg - Ponte Romano,11.16926825,46.6715961,precise,bridge,roman,pleiades_transport,0.102
798536747,Porto romano,14.932799156,40.2679161048,precise,harbor,roman,pleiades_transport,0.102
328783231,Cuccureddus,9.4909084,39.1359745,precise,"settlement, port",1st-millennium-bce,pleiades_settlement;pleiades_transport,10.438
837661672,Punta Milazzese,15.0634174434,38.6254255262,precise,settlement,"fourteenth-bce,thirteenth-bce,twenty-first-ce",pleiades_settlement,0.0
203215665,San Gimignano,11.0432115,43.4677993,precise,"settlement, settlement-modern",modern,pleiades_settlement,0.0
991900272,Villa dei Casoni,12.7088652036,42.2656628223,precise,"ruin, villa","roman,modern",pleiades_production,0.102
703739111,Monte Amiata,11.6232935,42.8875147,precise,"mountain, mine-2",modern,pleiades_production,0.0
378639806,St. Pauls villa,11.2585500472,46.4699220265,precise,villa,late-antique,pleiades_production,0.0
102937425,Susegana bridge,12.2031034,45.84589755,precise,"bridge, settlement-modern","roman,modern",pleiades_transport,0.102
334515,Castellum A(...),7.171151,35.910602,precise,settlement,"roman,late-antique",pleiades_settlement,0.055
334547,Fundus Thavagalensis,7.888715,35.864336,precise,villa,"roman,late-antique",pleiades_production,0.055
334568,La Meskiana,7.667716,35.630172,precise,settlement,"roman,late-antique",pleiades_settlement,0.055
415397391,Ponte d'Arli,13.4607361,42.7978273,precise,bridge,roman-early-empire-late-antique,pleiades_transport,0.052
834043772,Vacone Roman villa,12.6465284,42.3808966,precise,villa,roman,pleiades_production,0.102
735955220,Piazza d'Armi,12.4072321414,42.0136328813,precise,"settlement, archaeological-site","archaic,classical,hellenistic-republican",pleiades_settlement,18.55
322576916,Archaeological area of Piano della Comunità,12.3997063,42.0239218,precise,settlement,"archaic,classical,hellenistic-republican,roman,late-antique",pleiades_settlement,25.75
607885596,Campetti - Decumano,12.394030993,42.0266141979,precise,settlement,roman,pleiades_settlement,0.102
607885597,Archaeological area of Villa di Campetti,12.3897481598,42.0234172485,precise,villa,"roman,late-antique",pleiades_production,0.055
791702428,Ponte Lucano Roman Bridge,12.76180405,41.95488805,precise,bridge,"roman,late-antique",pleiades_transport,0.055
195429894,Unnamed Roman bridge,8.6988372,40.3302161,precise,bridge,roman,pleiades_transport,0.102
371443773,Malvaccaro Roman villa,15.7858478929,40.6463379949,precise,villa,roman-early-empire-late-antique,pleiades_production,0.052
561660362,Ponte Ettori,8.5787598,40.4144317,precise,bridge,roman-early-empire-late-antique,pleiades_transport,0.052
584868518,"Villa del Vergigno, Montelupo Fiorentino",11.0634314177,43.7064670541,precise,villa,"roman,late-antique,twentieth-ce,twenty-first-ce",pleiades_production,0.055
584868519,Marina di Palo Roman villa ,12.0865467852,41.9432408988,precise,villa,roman-early-empire-late-antique,pleiades_production,0.052
878719593,Twann,7.1548139,47.093989,precise,settlement,"neolithic-eastern-med,roman,mediaeval-byzantine,twelfth-ce,thirteenth-ce,fifteenth-ce,sixteenth-ce,seventeenth-ce,modern,twentieth-ce,twenty-first-ce",pleiades_settlement,0.102
798954739,Oued Cherchira Roman Bridge,9.82624650539,35.6305169047,precise,"aqueduct, bridge",roman,pleiades_transport,0.102
471093749,Ascoli Satriano Roman bridge,15.5439208093,41.2283801558,precise,bridge,roman,pleiades_transport,0.102
256190697,Ponte Papaloppe,9.4369298,40.293763,precise,bridge,roman,pleiades_transport,0.102
296648276,Vižula Maritime Villa,13.9217997,44.8182983,precise,villa,"roman,late-antique",pleiades_production,0.055
324652,A(...),9.211067,35.939459,precise,settlement,"roman,late-antique",pleiades_settlement,0.055
324655,Ad Arvalla?,8.200694,36.016818,precise,station,"roman,late-antique",pleiades_transport,0.055
324659,Agger,9.5156285,35.8626025,precise,settlement,"hellenistic-republican,roman,late-antique",pleiades_settlement,7.2
324661,Ain-el-Hamedna,8.83588,35.666391,precise,settlement,roman,pleiades_settlement,0.102
324662,Ain-es-Sif,9.877074,36.017362,precise,settlement,"roman,late-antique",pleiades_settlement,0.055
324663,Alipota?/Gummi,11.067592,35.503618,precise,settlement,"hellenistic-republican,roman,late-antique",pleiades_settlement,7.2
324664,Althiburos,8.78616403127,35.8736831032,precise,"settlement, archaeological-site","hellenistic-republican,roman,late-antique",pleiades_settlement,7.2
324665,Ammaedara,8.45578082286,35.56530426,precise,"settlement, archaeological-site","roman,late-antique",pleiades_settlement,0.055
324667,Aquae Regiae,9.718677,35.58292,precise,settlement,"roman,late-antique",pleiades_settlement,0.055
324669,Assuras,9.0223555,35.9926205,precise,settlement,"hellenistic-republican,roman,late-antique",pleiades_settlement,7.2
324670,Aubuzza,8.598432,35.952388,precise,settlement,"roman,late-antique",pleiades_settlement,0.055
324671,Avidus Vicus,10.736343,35.574804,precise,settlement,"roman,late-antique",pleiades_settlement,0.055
324680,Bordj-el-Menzel,10.371348,36.014647,precise,settlement,"roman,late-antique",pleiades_settlement,0.055
324693,Chusira,9.364815,35.81447,precise,settlement,"hellenistic-republican,roman,late-antique",pleiades_settlement,7.2
324696,Cit(...),8.882839,35.862392,precise,settlement,"roman,late-antique",pleiades_settlement,0.055
324697,Cululis (Theodoriana)?,9.803995,35.79838,precise,settlement,"roman,late-antique",pleiades_settlement,0.055
324698,*Cuttilula,9.331699,35.970151,precise,settlement,"roman,late-antique",pleiades_settlement,0.055
324706,Fundus (Dic)itanus,10.147576,35.938507,precise,villa,"roman,late-antique",pleiades_production,0.055
324707,Fundus Ver(...),8.62168,35.737815,precise,villa,roman,pleiades_production,0.102
324714,Gurza,10.532444,35.870495,precise,settlement,"hellenistic-republican,roman",pleiades_settlement,7.145
324716,Hadrumetum/Iustinianopolis,10.63878,35.825866,precise,"settlement, port","hellenistic-republican,roman,late-antique,sixteenth-ce,modern",pleiades_settlement;pleiades_transport,7.2
324718,Henchir-Bou-Okkaz,10.259887,35.895967,precise,settlement,roman,pleiades_settlement,0.102
324719,Henchir-Djemal,9.353593,35.847857,precise,settlement,roman,pleiades_settlement,0.102
324720,Henchir-Draa-Ech-Chii,10.255803,35.910253,precise,villa,roman,pleiades_production,0.102
324725,Henchir-el-Guenafid,10.146985,35.90012,precise,settlement,"hellenistic-republican,roman",pleiades_settlement,7.145
324727,Henchir-el-Hadid,8.22968,35.78189,precise,settlement,"roman,late-antique",pleiades_settlement,0.055
324728,Henchir-el-Hammam,9.300023,35.826429,precise,settlement,roman,pleiades_settlement,0.102
324731,Henchir-el-Kebir,10.725853,35.712017,precise,settlement,roman,pleiades_settlement,0.102
324732,Henchir-el-Kouskoussi,10.204325,35.877946,precise,settlement,roman,pleiades_settlement,0.102
324735,Henchir-en-Nechmaya,9.893012,35.932622,precise,settlement,"hellenistic-republican,roman,late-antique",pleiades_settlement,7.2
324736,Henchir-er-Rayada,9.302579,36.032262,precise,settlement,"hellenistic-republican,roman,late-antique,twentieth-ce",pleiades_settlement,7.2
324737,Henchir-es-Snob,9.725952,35.82573,precise,settlement,"roman,late-antique",pleiades_settlement,0.055
324743,Henchir-Maherza,8.856952,35.623289,precise,settlement,roman,pleiades_settlement,0.102
324744,Henchir-Mannsoura,9.535587,35.844669,precise,settlement,"roman,late-antique",pleiades_settlement,0.055
324745,Henchir-Mazrouai,9.810316,35.746053,precise,settlement,roman,pleiades_settlement,0.102
324746,Henchir-Oued-Laya,10.486337,35.778765,precise,settlement,roman,pleiades_settlement,0.102
324749,Henchir-Serama,9.339792,36.017122,precise,settlement,"roman,late-antique",pleiades_settlement,0.055
324750,Henchir-Sidi-Marchett,9.47168,35.93949,precise,settlement,"roman,late-antique",pleiades_settlement,0.055
324751,Henchir-Souma-Rous-el-Aioun,8.286231,35.526524,precise,settlement,"roman,late-antique",pleiades_settlement,0.055
324753,Henchir-Tsemade,9.752235,35.63752,precise,settlement,"roman,late-antique",pleiades_settlement,0.055
324755,Henchir-Ziba,10.278276,35.939516,precise,settlement,roman,pleiades_settlement,0.102
324761,Kebeur-er-Roul,9.415467,35.966283,precise,settlement,"hellenistic-republican,roman,late-antique",pleiades_settlement,7.2
324762,el-Knissia,10.619343,35.752285,precise,settlement,roman,pleiades_settlement,0.102
324764,Ksar-el-Guennara,9.261125,35.973925,precise,settlement,roman,pleiades_settlement,0.102
324767,Lepti Minus,10.866332,35.678102,precise,"settlement, amphitheatre, port","hellenistic-republican,roman,late-antique",pleiades_settlement;pleiades_transport,7.2
324770,M(...),9.390765,35.884303,precise,settlement,"roman,late-antique",pleiades_settlement,0.055
324773,Macota,9.146933,35.921724,precise,settlement,"hellenistic-republican,roman,late-antique",pleiades_settlement,7.2
324774,Mactaris,9.2065445,35.8531985,precise,settlement,"hellenistic-republican,roman,late-antique",pleiades_settlement,7.2
324776,*Maracitana,9.222872,36.02994,precise,settlement,roman,pleiades_settlement,0.102
324783,Mididi,9.057096,35.806271,precise,settlement,"roman,late-antique",pleiades_settlement,0.055
324784,Moknine,10.900881,35.631407,precise,settlement,"roman,late-antique",pleiades_settlement,0.055
324788,Mutia?,8.562379,35.697392,precise,settlement,"hellenistic-republican,roman",pleiades_settlement,7.145
324789,Muzuc,9.710379,35.979006,precise,settlement,"hellenistic-republican,roman,late-antique",pleiades_settlement,7.2
324795,Obba,8.829587,35.944739,precise,settlement,"hellenistic-republican,roman",pleiades_settlement,7.145
324803,Ruspina,10.8291825,35.7742245,precise,settlement,"hellenistic-republican,roman,late-antique",pleiades_settlement,7.2
324806,Saltus Massipianus,8.452689,35.566036,precise,villa,roman,pleiades_production,0.102
324808,Se(...),9.678799,35.996184,precise,settlement,roman,pleiades_settlement,0.102
324809,Seba-Biar,9.157266,35.996004,precise,settlement,"roman,late-antique",pleiades_settlement,0.055
324810,Sidi-Ali-Mediouni,9.184696,35.769478,precise,settlement,"roman,late-antique",pleiades_settlement,0.055
324811,Sidi-Ali-Bou-Khraled,8.657847,35.693168,precise,settlement,"roman,late-antique",pleiades_settlement,0.055
324815,Sufes,9.073196,35.5433595,precise,settlement,"roman,late-antique",pleiades_settlement,0.055
324824,Tegea?,10.574536,35.65116,precise,settlement,hellenistic-republican,pleiades_settlement,4.0
324826,Thala,8.66687,35.578179,precise,settlement,"hellenistic-republican,roman,late-antique",pleiades_settlement,7.2
324827,Thapsus,11.0427093523,35.6213685746,precise,"settlement, amphitheatre, port, archaeological-site","hellenistic-republican,roman,late-antique",pleiades_settlement;pleiades_transport,7.2
324829,Themetra?,10.5603,35.920567,precise,settlement,roman,pleiades_settlement,0.102
324830,*Thesacthum?,8.035208,35.719814,precise,settlement,roman,pleiades_settlement,0.102
324834,Thugga Terebenthina,9.014215,35.829469,precise,settlement,"hellenistic-republican,roman,late-antique",pleiades_settlement,7.2
324836,Tituli,8.50238,35.809048,precise,settlement,"roman,late-antique",pleiades_settlement,0.055
324839,Uluzibbira,10.441026,35.958576,precise,settlement,"hellenistic-republican,roman,second-ce,late-antique",pleiades_settlement,7.2
324840,Urusi,9.577272,35.987089,precise,settlement,"roman,late-antique",pleiades_settlement,0.055
324842,Uzaae,10.583314,35.729372,precise,settlement,roman,pleiades_settlement,0.102
324843,Uzappa,9.330468,35.924034,precise,settlement,"hellenistic-republican,roman",pleiades_settlement,7.145
324844,Uzita,10.758926,35.68762,precise,settlement,"hellenistic-republican,roman",pleiades_settlement,7.145
324846,Vaga?,10.479302,35.658211,precise,settlement,"hellenistic-republican,roman",pleiades_settlement,7.145
324847,Morsott,8.0102728,35.6717654,precise,"settlement, settlement-modern","roman,late-antique,twentieth-ce,twenty-first-ce",pleiades_settlement,0.055
324848,Vazi Sarra,9.530301,36.01617,precise,settlement,"roman,late-antique",pleiades_settlement,0.055
324850,Vicus Augusti?,10.308148,35.676112,precise,settlement,"roman,late-antique",pleiades_settlement,0.055
324852,Zella,11.060551,35.500579,precise,settlement,"roman,late-antique",pleiades_settlement,0.055
326162,Untitled,8.25,35.75,rough,bridge,"roman,late-antique",pleiades_transport,0.055
327678,Untitled,9.494381,35.561944,precise,"villa, unlabeled",roman,pleiades_production,0.102
327681,Untitled,9.746149,35.943354,precise,"villa, unlabeled",roman,pleiades_production,0.102
327684,Untitled,10.314291,35.514071,precise,"settlement, unlabeled",roman,pleiades_settlement,0.102
327688,Untitled,10.909658,35.589748,precise,"settlement, unlabeled",roman,pleiades_settlement,0.102
368834138,Monte Baranta,8.3970716,40.6324147,precise,"settlement, architecturalcomplex","3rd-millennium-bc,twenty-first-ce",pleiades_settlement,0.0
688325943,Villa San Marco,14.4991112,40.7031479,precise,villa,"roman,modern",pleiades_production,0.102
688325945,Villa Arianna,14.4924824587,40.6997149605,precise,villa,"roman,modern",pleiades_production,0.102
523755190,"Villa Regina, Boscoreale",14.4713730639,40.7614716656,precise,"villa, archaeological-site","hellenistic-republican,roman,first-ce,twentieth-ce,twenty-first-ce",pleiades_production,7.2
523755191,Villa in via Casone Grotta,14.479286,40.761322,precise,villa,roman,pleiades_production,0.102
336470346,Capalbio,11.4195148,42.4548792,precise,"settlement, settlement-modern",modern,pleiades_settlement,0.0
418123958,Selvicciola Roman villa,11.6795010818,42.5006605926,precise,"villa, settlement-modern","hellenistic-republican,roman,late-antique,modern",pleiades_production,7.2
167881,Rama,6.57861,44.747573,precise,station,"hellenistic-republican,roman,late-antique",pleiades_transport,7.2
167883,Rigomagus,6.648039,44.386142,precise,settlement,"hellenistic-republican,roman,late-antique",pleiades_settlement,7.2
167907,St-Véran (mine),6.9148448,44.6783369,precise,mine-2,"2nd-millenium-bce,archaic,classical,hellenistic-republican,roman,modern",pleiades_production,25.695
167914,Scingomagus,6.930634,45.098402,precise,station,"hellenistic-republican,roman,twentieth-ce",pleiades_transport,7.145
167919,Segusio,7.048364,45.138348,precise,settlement,"hellenistic-republican,roman,late-antique,modern",pleiades_settlement,7.2
167929,Stabatio,6.507754,44.975753,precise,station,"roman,late-antique",pleiades_transport,0.055
167932,Summus P(o)eninus,7.25,45.75,rough,"station, pass","hellenistic-republican,roman,late-antique,twenty-first-ce",pleiades_transport,7.2
167969,Villarodin-Bourget,6.709531,45.207256,precise,mine,"roman,late-antique",pleiades_production,0.055
167971,Villette,6.608811,45.54698,precise,mine,"roman,late-antique",pleiades_production,0.055
169141,Untitled,6.75,45.25,rough,bridge,"roman,late-antique",pleiades_transport,0.055
169142,Untitled,6.75,45.25,rough,bridge,"roman,late-antique",pleiades_transport,0.055
169143,Untitled,7.25,46.25,rough,bridge,"roman,late-antique",pleiades_transport,0.055
169144,Untitled,7.25,46.25,rough,bridge,"roman,late-antique",pleiades_transport,0.055
169145,Orsières Roman Bridge,7.1453627,46.0300676,precise,"bridge, settlement-modern","roman,late-antique,twenty-first-ce",pleiades_transport,0.055
177429,Acaunum,7.0039815,46.218462,precise,settlement,"roman,late-antique",pleiades_settlement,0.055
177471,Bern,7.45083312777,46.9774741752,precise,settlement,"hellenistic-republican,roman,late-antique,modern",pleiades_settlement,7.2
177482,Buchs,8.437115,47.457965,precise,villa,"roman,late-antique",pleiades_production,0.055
177495,Aventicum,7.04071033333,46.88008,precise,settlement,"roman,roman-early-empire-late-antique,late-antique,modern",pleiades_settlement,0.055
177514,Eburodunum,6.641452,46.7828485,precise,settlement,"classical,hellenistic-republican,roman,late-antique,modern",pleiades_settlement,17.6
177516,Epamanduodurum,6.802052,47.4507785,precise,settlement,"roman,late-antique,modern",pleiades_settlement,0.055
177535,Hölstein,7.771403,47.42779,precise,villa,roman,pleiades_production,0.102
177557,Lenzburg,8.185288,47.3912525,precise,settlement,"roman,late-antique,modern",pleiades_settlement,0.055
177561,Liestal,7.7201709,47.4886291,precise,villa,"roman,late-antique,modern",pleiades_production,0.055
177565,Lousonna,6.6353401,46.522586,precise,settlement,"hellenistic-republican,roman,late-antique",pleiades_settlement,7.2
177576,Mathay,6.786054,47.437005,precise,settlement,"hellenistic-republican,roman,late-antique",pleiades_settlement,7.2
177580,Minnodunum,6.796935,46.671963,precise,station,"roman,late-antique",pleiades_transport,0.055
177596,Oberentfelden,8.046769,47.356477,precise,villa,"roman,late-antique",pleiades_production,0.055
177598,Orbe Gallo-Roman Villa,6.53684868247,46.7442809538,precise,villa,"roman,late-antique,modern",pleiades_production,0.055
177599,Oskela?,8.29152,46.114848,precise,settlement,"roman,late-antique",pleiades_settlement,0.055
177602,Penne Locos,6.925836,46.397952,precise,station,"roman,roman-early-empire-late-antique,late-antique",pleiades_transport,0.055
177603,Petinesca,7.2999945,47.1093935,precise,settlement,"hellenistic-republican,roman,late-antique,modern",pleiades_settlement,7.2
177608,Pully,6.660332,46.508319,precise,villa,roman,pleiades_production,0.102
177624,Salodurum,7.533305,47.206955,precise,settlement,"roman,late-antique,modern",pleiades_settlement,0.055
177630,*Sedunum,7.358467,46.23235,precise,settlement,"roman,late-antique",pleiades_settlement,0.055
177637,Tarnaias?,6.989159,46.242249,precise,settlement,"hellenistic-republican,roman,late-antique",pleiades_settlement,7.2
177648,Urba,6.530955,46.724676,precise,station,"roman,modern",pleiades_transport,0.102
177663,Vivisco,6.847173,46.458838,precise,station,"roman,late-antique",pleiades_transport,0.055
177667,Winkel-Seeb,8.5422632,47.4939641,precise,"villa, settlement-modern","roman,late-antique,twentieth-ce,twenty-first-ce",pleiades_production,0.055
177669,Yvonand,6.742515,46.800281,precise,villa,roman,pleiades_production,0.102
179696,Untitled,6.5,46.5,rough,centuriation,"roman,late-antique",pleiades_production,0.055
187256,Ad Rhenum,9.589648,47.466764,precise,station,"roman,late-antique",pleiades_transport,0.055
187258,Ad Silanos,13.153857,46.237294,precise,station,"roman,late-antique",pleiades_transport,0.055
187259,Ad Trice(n)simum,13.216109,46.15763,precise,station,"roman,late-antique",pleiades_transport,0.055
187260,Ad Undecimum 1,13.215652,45.833489,precise,station,"roman,late-antique",pleiades_transport,0.055
187261,Ad Undecimum 2,13.49563,45.895518,precise,station,"roman,late-antique",pleiades_transport,0.055
187265,Aguntum,12.8230826062,46.8276784004,precise,"settlement, archaeological-site","roman,late-antique,modern",pleiades_settlement,0.055
187283,Anaunion,11.04805,46.315249,precise,settlement,"roman,late-antique",pleiades_settlement,0.055
187285,*Anisus,13.422851,47.378351,precise,station,"roman,late-antique",pleiades_transport,0.055
187287,‘Apicilia’,12.991773,45.789263,precise,station,"roman,late-antique",pleiades_transport,0.055
187289,Aquae Bormiae,10.378107,46.467537,precise,settlement,"roman,late-antique,twentieth-ce,twenty-first-ce",pleiades_settlement,0.055
187290,Aquileia,13.370946,45.769631,precise,settlement,"hellenistic-republican,roman,late-antique",pleiades_settlement,7.2
187298,Auf Krüppel,9.543727,47.148903,precise,settlement,late-antique,pleiades_settlement,0.0
187302,Avesica,13.811925,45.717745,precise,station,"roman,late-antique,twentieth-ce",pleiades_transport,0.055
187307,Balzers,9.500504,47.065134,precise,settlement,"hellenistic-republican,roman,late-antique",pleiades_settlement,7.2
187310,Beliandrum,14.162861,46.854152,precise,station,"roman,late-antique",pleiades_transport,0.055
187311,Bellunum,12.217395,46.140031,precise,settlement,"hellenistic-republican,roman,late-antique",pleiades_settlement,7.2
187316,Biberg,12.819137,47.418019,precise,settlement,hellenistic-republican,pleiades_settlement,4.0
187317,Bilitio,9.018035,46.193329,precise,settlement,"roman,late-antique",pleiades_settlement,0.055
187318,Bludenz,9.82071,47.155552,precise,settlement,"hellenistic-republican,roman,late-antique",pleiades_settlement,7.2
187322,Bressanone,11.657279,46.715944,precise,settlement,"hellenistic-republican,roman",pleiades_settlement,7.145
187339,Castellum Pucinum,13.73367,45.707479,precise,"fort-2, settlement",roman,pleiades_settlement,0.102
187340,Castelraimondo,12.973739,46.223943,precise,settlement,"hellenistic-republican,roman,late-antique",pleiades_settlement,7.2
187341,Castiel,9.602383,46.838961,precise,settlement,late-antique,pleiades_settlement,0.0
187347,Cesio Maggiore,11.987496,46.089028,precise,settlement,"roman,late-antique",pleiades_settlement,0.055
187349,Clavenna,9.397884,46.319789,precise,station,"roman,late-antique",pleiades_transport,0.055
187350,Clunia,9.617966,47.260687,precise,station,"roman,late-antique",pleiades_transport,0.055
187356,*Cunus Aureus,9.33029285,46.50568335,precise,"station, pass","roman,late-antique,twentieth-ce,twenty-first-ce",pleiades_transport,0.055
187357,Curia,9.533107,46.8485485,precise,settlement,"roman,late-antique,modern",pleiades_settlement,0.055
187365,Duel,13.648147,46.6988267,precise,"fortified-settlement, settlement, quarry",late-antique,pleiades_settlement;pleiades_production,0.0
187368,Endidae,11.273762,46.317814,precise,station,"roman,late-antique",pleiades_transport,0.055
187376,Feldkirchen,14.094802,46.723979,precise,settlement,roman,pleiades_settlement,0.102
187377,Feltria,11.905691,46.016583,precise,settlement,"hellenistic-republican,roman,late-antique,twentieth-ce",pleiades_settlement,7.2
187383,Fons Timavi,13.5898629715,45.7903786609,precise,"settlement, villa","roman,late-antique",pleiades_settlement;pleiades_production,0.055
187386,Forum Iulii,13.4333385,46.091866,precise,settlement,"roman,late-antique,modern",pleiades_settlement,0.055
187397,Gradus,13.395936,45.678403,precise,"settlement, port","roman,late-antique",pleiades_settlement;pleiades_transport,0.055
187398,Grattenbergl,12.083995,47.495604,precise,settlement,"classical,hellenistic-republican",pleiades_settlement,10.4
187399,‘Graviacis’,13.982488,47.088628,precise,station,"roman,late-antique",pleiades_transport,0.055
187401,Gröbming,13.901605,47.444853,precise,settlement,roman,pleiades_settlement,0.102
187402,Gummern,13.768338,46.655517,precise,mine,roman,pleiades_production,0.102
187403,Gurina,13.079529,46.661699,precise,settlement,"hellenistic-republican,roman,late-antique",pleiades_settlement,7.2
187409,Himmelreich,11.565457,47.287425,precise,settlement,"classical,hellenistic-republican",pleiades_settlement,10.4
187411,Hohe Birga,11.299551,47.235595,precise,settlement,hellenistic-republican,pleiades_settlement,4.0
187413,Hoischhügel,13.6667366667,46.5400327067,precise,settlement,late-antique,pleiades_settlement,0.0
187416,Ibligo,12.937114,46.407838,precise,settlement,"roman,late-antique",pleiades_settlement,0.055
187418,In Alpe,13.613342,47.193251,precise,mine,"roman,late-antique",pleiades_production,0.055
187420,‘In Murio’,13.7066585,47.1019265,precise,station,"roman,late-antique,modern",pleiades_transport,0.055
187430,Iulium Carnicum,13.025781,46.460709,precise,settlement,"roman,late-antique,modern",pleiades_settlement,0.055
187434,Kals,12.645139,47.001202,precise,mine-2,"roman,late-antique",pleiades_production,0.055
187435,Kanzianiberg,13.876484,46.552331,precise,settlement,"roman,late-antique",pleiades_settlement,0.055
187436,Kappele,13.379887,46.638813,precise,settlement,late-antique,pleiades_settlement,0.0
187438,Kempraten,8.818089,47.234765,precise,"station, vicus","roman,mediaeval-byzantine,twentieth-ce",pleiades_settlement;pleiades_transport,0.102
187439,Kempten,8.817043,47.332061,precise,settlement,"roman,late-antique",pleiades_settlement,0.055
187440,Kloten,8.580514,47.452687,precise,villa,"roman,late-antique",pleiades_production,0.055
187446,Lapidaria?,9.443943,46.634098,precise,station,"roman,late-antique,twenty-first-ce",pleiades_transport,0.055
187447,‘Larice’,13.309025,46.4083337,precise,"station, settlement-modern","roman,late-antique,modern",pleiades_transport,0.055
187450,Lavant,12.8386875,46.7958345,precise,settlement,"late-antique,modern",pleiades_settlement,0.0
187459,‘Littamum’,12.280018,46.733931,precise,station,"roman,late-antique",pleiades_transport,0.055
187460,Loncium?,12.999485,46.662562,precise,station,"roman,late-antique",pleiades_transport,0.055
187462,Lutzengüetlekopf,9.52861,47.201984,precise,settlement,late-antique,pleiades_settlement,0.0
187464,Magia,9.531138,47.007704,precise,station,"roman,late-antique,twentieth-ce",pleiades_transport,0.055
187465,Maiensis Statio,11.163976,46.669126,precise,station,"roman,late-antique,twentieth-ce",pleiades_transport,0.055
187466,Maladers,9.559521,46.836367,precise,settlement,"hellenistic-republican,roman,late-antique",pleiades_settlement,7.2
187468,*Mastiacum,11.878479,47.430039,precise,station,"roman,late-antique",pleiades_transport,0.055
187469,Matrei,12.541439,46.996813,precise,mine,"roman,late-antique",pleiades_production,0.055
187470,*Matreium,11.452701,47.131614,precise,station,"roman,late-antique",pleiades_transport,0.055
187472,Meclaria,13.654591,46.544411,precise,station,"roman,late-antique",pleiades_transport,0.055
187476,Mezzocorona,11.1207858,46.2154357,precise,"settlement, settlement-modern","hellenistic-republican,roman,late-antique,twenty-first-ce",pleiades_settlement,7.2
187483,Muralto,8.801439,46.173139,precise,settlement,"roman,late-antique",pleiades_settlement,0.055
187485,Murus,9.554578,46.335002,precise,station,"roman,late-antique",pleiades_transport,0.055
187494,Oberdrauburg,12.971174,46.748673,precise,settlement,"hellenistic-republican,roman,late-antique,twentieth-ce",pleiades_settlement,7.2
187503,Pagus Laebactium?,12.30816,46.285961,precise,settlement,"roman,late-antique",pleiades_settlement,0.055
187505,*Parthanum/*Tartenum,11.086258,47.49237,precise,station,"roman,late-antique",pleiades_transport,0.055
187518,*Pons Drusi,11.357998,46.496716,precise,station,"roman,late-antique",pleiades_transport,0.055
187519,Pons Sonti,13.555002,45.907285,precise,station,"roman,late-antique",pleiades_transport,0.055
187525,Ramsau,13.667638,47.420146,precise,settlement,late-antique,pleiades_settlement,0.0
187530,Riom,9.581967,46.609377,precise,station,"roman,late-antique",pleiades_transport,0.055
187536,Salurnis,11.213073,46.240205,precise,settlement,"roman,late-antique",pleiades_settlement,0.055
187537,Santicum,13.848725,46.615977,precise,station,"roman,late-antique,modern",pleiades_transport,0.055
187538,Sanzeno,11.077656,46.367871,precise,settlement,"roman,late-antique",pleiades_settlement,0.055
187540,Scarbia,11.263985,47.388812,precise,station,"roman,late-antique",pleiades_transport,0.055
187543,Schiers,9.688604,46.969952,precise,settlement,late-antique,pleiades_settlement,0.0
187546,‘Sebatum’,11.9060410941,46.7852656516,precise,"station, archaeological-site","roman,late-antique,twentieth-ce",pleiades_transport,0.055
187556,Statio Bilachiniensis,13.533145,46.510035,precise,station,"roman,late-antique,twentieth-ce",pleiades_transport,0.055
187557,Statio Plorucensis,13.220313,46.394296,precise,station,"roman,late-antique",pleiades_transport,0.055
187558,Statio Timaviensis,13.001737,46.584765,precise,station,roman,pleiades_transport,0.102
187561,‘Sublavione’,11.5491233,46.6190911,precise,"settlement, settlement-modern","roman,late-antique,twenty-first-ce",pleiades_settlement,0.055
187563,Summus Vicus,10.353903,46.166421,precise,settlement,"roman,late-antique",pleiades_settlement,0.055
187564,Sutrio,12.990405,46.514112,precise,settlement,"roman,late-antique,twentieth-ce",pleiades_settlement,0.055
187568,‘Tarnasici’,14.029711,46.945376,precise,station,"roman,late-antique",pleiades_transport,0.055
187569,Tarrenz,10.762062,47.262394,precise,settlement,"roman,twentieth-ce",pleiades_settlement,0.102
187572,*Tarvessedum,9.353376,46.403017,precise,station,"roman,late-antique",pleiades_transport,0.055
187574,‘Tasinemeti’,13.99216,46.625766,precise,station,"roman,late-antique",pleiades_transport,0.055
187575,Tegna,8.744288,46.186721,precise,settlement,"roman,late-antique",pleiades_settlement,0.055
187577,Tenna,11.265332,46.016835,precise,settlement,"roman,late-antique",pleiades_settlement,0.055
187578,Tergeste,13.7717,45.649148,precise,"urban, settlement, vicus, fort","hellenistic-republican,roman,late-antique,modern",pleiades_settlement,7.2
187581,Teriolis,11.242145,47.273341,precise,settlement,"roman,late-antique,modern",pleiades_settlement,0.055
187583,Teurnia,13.44705435,46.8228721,precise,settlement,"roman,late-antique,modern,twentieth-ce",pleiades_settlement,0.055
187587,Tiefencastel,9.576149,46.661489,precise,settlement,"roman,late-antique",pleiades_settlement,0.055
187589,*Tinnetio,9.61699,46.583117,precise,station,"roman,late-antique",pleiades_transport,0.055
187590,Tirol,11.154723,46.690347,precise,settlement,"roman,late-antique",pleiades_settlement,0.055
187592,Treffen,13.854454,46.668245,precise,mine,roman,pleiades_production,0.102
187596,Turicum,8.539374,47.371022,precise,settlement,"roman,late-antique,modern",pleiades_settlement,0.055
187600,Üetliberg,8.4836947,47.34937,precise,settlement,"roman,late-antique",pleiades_settlement,0.055
187605,Vadena,11.306075,46.414574,precise,settlement,"classical,hellenistic-republican,roman",pleiades_settlement,17.545
187608,Veldidena,11.399902,47.253961,precise,settlement,"hellenistic-republican,roman,late-antique,modern",pleiades_settlement,7.2
187616,Vervassium,11.119064,46.311065,precise,settlement,"roman,late-antique",pleiades_settlement,0.055
187620,Vill,11.402314,47.2365,precise,settlement,"hellenistic-republican,roman",pleiades_settlement,7.145
187621,*Vipitenum,11.431153,46.89921,precise,station,"roman,late-antique",pleiades_transport,0.055
187623,Virgen,12.458477,47.003505,precise,mine,"hellenistic-republican,roman",pleiades_production,7.145
187624,Vitudurum,8.731863,47.4985705,precise,settlement,"roman,late-antique,modern",pleiades_settlement,0.055
187626,*Vocarium,13.2050152,47.45726315,precise,station,"roman,late-antique",pleiades_transport,0.055
187631,Zernez,10.094846,46.700458,precise,station,"roman,late-antique",pleiades_transport,0.055
188752,Untitled,8.5,47.5,rough,bridge,"roman,late-antique",pleiades_transport,0.055
188753,Untitled,8.5,47.5,rough,bridge,"roman,late-antique",pleiades_transport,0.055
188756,Untitled,10.5,47.5,rough,bridge,"roman,late-antique",pleiades_transport,0.055
188757,Untitled,11.5,46.5,rough,bridge,"roman,late-antique",pleiades_transport,0.055
188758,Untitled,11.5,46.5,rough,bridge,"roman,late-antique",pleiades_transport,0.055
188759,Unnamed bridge near Maiensis Statio,11.1690766,46.6716426,precise,bridge,roman,pleiades_transport,0.102
188760,Untitled,11.4474668,46.4952363,precise,"bridge, settlement-modern","roman,modern",pleiades_transport,0.102
189508,Untitled,13.5,45.5,rough,centuriation,"roman,late-antique",pleiades_production,0.055
191017,Untitled,13.5,47.5,rough,quarry,"roman,late-antique",pleiades_production,0.055
191018,Untitled,13.5,47.5,rough,quarry,"roman,late-antique",pleiades_production,0.055
191019,Untitled,13.5,47.5,rough,"mine, quarry","roman,late-antique",pleiades_production,0.055
197057,Acervo,14.75833,45.956269,precise,station,"roman,late-antique",pleiades_transport,0.055
197058,Ad Basante,18.69819,45.096804,precise,station,"roman,late-antique",pleiades_transport,0.055
197059,Ad Dianam,16.389936,43.508516,precise,station,"roman,late-antique",pleiades_transport,0.055
197060,Ad Fines,16.1157503,45.6339365,precise,"station, settlement-modern","roman,late-antique,twenty-first-ce",pleiades_transport,0.055
197061,Ad Fines (Laktaši),17.30197735,44.9071262,precise,"station, settlement-modern","roman,late-antique,twenty-first-ce",pleiades_transport,0.055
197063,*Ad Fornulos,13.713064,45.890011,precise,station,"roman,late-antique",pleiades_transport,0.055
197064,Ad Labores?,18.769761,45.540045,precise,station,"roman,late-antique",pleiades_transport,0.055
197065,Ad Labores Pontis Ulcae/‘Leutuoano’,18.856212,45.422056,precise,station,"roman,late-antique,twentieth-ce",pleiades_transport,0.055
197066,Ad Ladios,17.255353,44.843222,precise,station,"roman,late-antique",pleiades_transport,0.055
197068,Ad Libros,17.072435,43.616611,precise,station,"roman,late-antique",pleiades_transport,0.055
197069,Ad Lotodos,15.364373,46.363327,precise,station,"roman,late-antique",pleiades_transport,0.055
197070,Ad Malum,13.996584,45.580328,precise,station,"roman,late-antique",pleiades_transport,0.055
197071,Ad Matricem,17.308756,43.978973,precise,station,"roman,late-antique",pleiades_transport,0.055
197072,Ad Medias,15.099168,46.262736,precise,station,"roman,late-antique",pleiades_transport,0.055
197075,Ad Ningum,13.828551,45.336496,precise,station,"roman,late-antique",pleiades_transport,0.055
197076,Ad Nonum,14.368555,46.010943,precise,station,"roman,late-antique",pleiades_transport,0.055
197079,Ad Pontem,14.398606,47.158422,precise,station,"roman,late-antique",pleiades_transport,0.055
197080,Ad Praetorium,16.825678,45.202118,precise,station,"roman,late-antique",pleiades_transport,0.055
197081,Ad Publicanos?,14.686021,46.167016,precise,station,"roman,late-antique",pleiades_transport,0.055
197082,Ad Quartodecimum,14.562912,46.151108,precise,station,"roman,late-antique",pleiades_transport,0.055
197087,Ad Titulos?,14.251372,45.481151,precise,station,"roman,late-antique",pleiades_transport,0.055
197088,Ad Turres,14.689261,45.174936,precise,station,"roman,late-antique",pleiades_transport,0.055
197089,Ad Turres,17.719999,43.113334,precise,station,"roman,late-antique",pleiades_transport,0.055
197090,Ad Vicesimum,16.162566,46.581688,precise,station,"roman,late-antique",pleiades_transport,0.055
197091,‘Ad Zizio’?,18.387915,42.776686,precise,station,"roman,late-antique",pleiades_transport,0.055
197092,Aegida,13.764656,45.55341,precise,settlement,"hellenistic-republican,roman",pleiades_settlement,7.145
197093,Aemate,17.0335202,44.6534271333,precise,"settlement, station, settlement-modern","roman,late-antique,twenty-first-ce",pleiades_settlement;pleiades_transport,0.055
197094,Aenona,15.1847195,44.2435845,precise,settlement,"hellenistic-republican,roman,late-antique",pleiades_settlement,7.2
197095,Aequum,16.655704,43.739278,precise,settlement,"roman,late-antique",pleiades_settlement,0.055
197097,*Agruvium,18.7673025,42.4215365,precise,settlement,"hellenistic-republican,roman,late-antique,modern",pleiades_settlement,7.2
197099,Albanum,18.773792,45.663601,precise,station,"roman,late-antique",pleiades_transport,0.055
197102,Albona,14.115747,45.098398,precise,settlement,"hellenistic-republican,roman,late-antique",pleiades_settlement,7.2
197104,Aljmaš,18.5,45.5,rough,settlement,"roman,late-antique",pleiades_settlement,0.055
197109,Alta Ripa,18.790249,46.423606,precise,"fort-2, station","roman,late-antique",pleiades_transport,0.055
197111,Alveria,15.823191,44.045357,precise,settlement,"roman,late-antique",pleiades_settlement,0.055
197112,Ancus,15.50375,44.524607,precise,station,"roman,late-antique",pleiades_transport,0.055
197113,Andautonia,16.1171489745,45.773968669,precise,settlement,"roman,late-antique,modern",pleiades_settlement,0.055
197114,Anderva,18.944147,42.773242,precise,station,"roman,late-antique",pleiades_transport,0.055
197115,Andetrium,16.484007,43.690597,precise,station,"roman,late-antique",pleiades_transport,0.055
197119,Ansium,15.665495,44.179011,precise,settlement,"roman,late-antique",pleiades_settlement,0.055
197120,Antiana,18.665075,45.804539,precise,station,"roman,late-antique",pleiades_transport,0.055
197121,Apeva,17.269098,44.340784,precise,station,late-antique,pleiades_transport,0.0
197122,Apsarus,14.361643,44.673267,precise,settlement,"classical,hellenistic-republican,roman,late-antique",pleiades_settlement,17.6
197126,Aquae Balissae/Municipium Iasorum,17.224015,45.593653,precise,settlement,"roman,late-antique",pleiades_settlement,0.055
197128,Aquae S(...),18.3040453,43.8276983,precise,"settlement, architecturalcomplex, bath","roman,late-antique",pleiades_settlement,0.055
197129,Aqua Viva,16.233016,46.343945,precise,station,"roman,late-antique",pleiades_transport,0.055
197133,Arausa,15.79233,43.804229,precise,settlement,"roman,late-antique",pleiades_settlement,0.055
197134,Arba,14.761834,44.754525,precise,settlement,"classical,hellenistic-republican,roman,late-antique",pleiades_settlement,17.6
197139,Argyruntum,15.440271,44.295052,precise,settlement,"hellenistic-republican,roman,late-antique",pleiades_settlement,7.2
197141,Arrabona,17.5,47.5,rough,settlement,"roman,late-antique",pleiades_settlement,0.055
197143,Arupium,15.268748,44.84851,precise,settlement,"hellenistic-republican,roman,late-antique",pleiades_settlement,7.2
197144,Asamum,18.341542,42.70966,precise,station,"roman,late-antique",pleiades_transport,0.055
197145,Asseria,15.6663802,44.01096805,precise,settlement,"hellenistic-republican,roman,late-antique",pleiades_settlement,7.2
197147,Atrans,14.884014,46.188312,precise,station,"roman,late-antique",pleiades_transport,0.055
197148,‘Aufustianis’,17.361944,43.321667,precise,station,"roman,late-antique,twentieth-ce",pleiades_transport,0.055
197150,*Ausancalio,15.686781,44.391687,precise,station,"roman,late-antique",pleiades_transport,0.055
197152,Avendo,15.131095,44.940597,precise,station,"hellenistic-republican,roman,late-antique",pleiades_transport,7.2
197158,Baloie,17.090799,44.282804,precise,settlement,"roman,late-antique",pleiades_settlement,0.055
197159,Bariduum,17.010412,43.826378,precise,station,"roman,late-antique",pleiades_transport,0.055
197160,Bassiana,16.935227,47.254062,precise,settlement,"roman,late-antique",pleiades_settlement,0.055
197164,Bersellum,17.593458,44.244909,precise,station,late-antique,pleiades_transport,0.0
197167,Bigeste,17.838322,43.214714,precise,station,"roman,late-antique",pleiades_transport,0.055
197168,Bilje,18.744933,45.603691,precise,settlement,"roman,late-antique",pleiades_settlement,0.055
197169,Biston?,17.34129,43.104758,precise,station,"roman,late-antique",pleiades_transport,0.055
197170,Bistua Nova,17.437348,44.053454,precise,settlement,"roman,late-antique",pleiades_settlement,0.055
197171,Bistua Vetus,17.225701,43.720698,precise,station,"roman,late-antique",pleiades_transport,0.055
197172,Blandona,15.501533,43.986045,precise,station,"roman,late-antique",pleiades_transport,0.055
197175,Borovo,18.976973,45.401043,precise,settlement,"roman,late-antique,twentieth-ce",pleiades_settlement,0.055
197184,Burnum,16.025622,44.018914,precise,settlement,"hellenistic-republican,roman,late-antique",pleiades_settlement,7.2
197186,Caesariana,17.965908,47.059822,precise,settlement,"roman,late-antique",pleiades_settlement,0.055
197188,Candalicae,14.376345,46.977266,precise,station,"roman,late-antique",pleiades_transport,0.055
197189,‘Capris’/Iustinopolis,13.731116,45.548131,precise,settlement,"roman,late-antique",pleiades_settlement,0.055
197193,Carnium,14.355657,46.239202,precise,settlement,"roman,late-antique",pleiades_settlement,0.055
197197,Castra,17.190468,44.766562,precise,station,"roman,late-antique",pleiades_transport,0.055
197204,Causilena,18.98546,45.214789,precise,station,"roman,late-antique",pleiades_transport,0.055
197206,Celeia,15.27184,46.219721,precise,settlement,"roman,late-antique,modern",pleiades_settlement,0.055
197207,Cibalae,18.8045248,45.2883771,precise,"settlement, settlement-modern","roman,late-antique,twenty-first-ce",pleiades_settlement,0.055
197209,Cirtisa,18.433879,45.285247,precise,station,"roman,late-antique",pleiades_transport,0.055
197210,Cissa,14.918037,44.550965,precise,settlement,"hellenistic-republican,roman",pleiades_settlement,7.145
197212,‘Clambetis’,15.815436,44.241734,precise,station,"roman,late-antique",pleiades_transport,0.055
197213,Clandate,16.452766,44.921509,precise,station,"roman,late-antique",pleiades_transport,0.055
197215,‘Cocconis’,17.740369,45.805024,precise,station,"roman,late-antique",pleiades_transport,0.055
197218,Colatio,15.05976,46.510116,precise,station,"roman,late-antique",pleiades_transport,0.055
197225,Corinium,15.633504,44.104527,precise,settlement,"roman,late-antique",pleiades_settlement,0.055
197229,Crexa,14.397461,44.856809,precise,settlement,"roman,late-antique",pleiades_settlement,0.055
197230,Crispiana,17.803179,47.39096,precise,station,"roman,late-antique",pleiades_transport,0.055
197231,Crucium,15.361782,45.852862,precise,station,"roman,late-antique",pleiades_transport,0.055
197235,Curicum,14.573372,45.026156,precise,settlement,"hellenistic-republican,roman,late-antique",pleiades_settlement,7.2
197236,Curta,16.149322,46.407245,precise,station,"roman,late-antique",pleiades_transport,0.055
197244,Delminium,17.313894,43.644639,precise,settlement,"hellenistic-republican,roman,late-antique",pleiades_settlement,7.2
197247,Diluntum,17.958448,43.078729,precise,settlement,"hellenistic-republican,roman,late-antique,modern",pleiades_settlement,7.2
197258,Emona,14.505963,46.051425,precise,settlement,"hellenistic-republican,roman,late-antique,modern",pleiades_settlement,7.2
197262,Epetium,16.525751,43.507324,precise,settlement,"hellenistic-republican,roman,late-antique",pleiades_settlement,7.2
197263,Epidaurum,18.218868,42.58101,precise,settlement,"classical,hellenistic-republican,roman,twentieth-ce,twenty-first-ce",pleiades_settlement,17.545
197264,Epidotium,15.420023,44.726961,precise,station,"roman,late-antique",pleiades_transport,0.055
197272,Flanona,14.1764485,45.1377845,precise,settlement,"hellenistic-republican,roman,late-antique",pleiades_settlement,7.2
197273,Flavia Solva,15.5689860408,46.7690443121,precise,"settlement, archaeological-site","roman,late-antique,modern",pleiades_settlement,0.055
197275,Floriana?,18.460507,47.39333,precise,settlement,"roman,late-antique",pleiades_settlement,0.055
197280,Fulfinium/Fertinium,14.5543,45.211727,precise,settlement,"roman,late-antique",pleiades_settlement,0.055
197284,Gleisdorf,15.711324,47.104745,precise,settlement,"roman,late-antique",pleiades_settlement,0.055
197287,Gorsium/Herculia,18.4205453087,47.0899955584,precise,"fort-2, settlement, archaeological-site","roman,late-antique,modern",pleiades_settlement,0.055
197296,Halicanum,16.361983,46.525105,precise,station,"roman,late-antique",pleiades_transport,0.055
197308,Humagum,13.520182,45.433033,precise,settlement,"roman,late-antique",pleiades_settlement,0.055
197312,Iader,15.223778,44.115501,precise,"urban, settlement, port, plaza","hellenistic-republican,roman,late-antique,modern",pleiades_settlement;pleiades_transport,7.2
197315,Iasulones,18.757121,47.287253,precise,station,"roman,late-antique",pleiades_transport,0.055
197317,In Alpe Iulia/Ad Pirum,14.11177865,45.8635266,precise,"station, fort","roman,late-antique",pleiades_transport,0.055
197318,In Alperio,16.831153,43.799419,precise,station,"roman,late-antique",pleiades_transport,0.055
197319,‘Incero’,17.735551,45.377474,precise,station,"roman,late-antique,sixteenth-ce",pleiades_transport,0.055
197321,In Monte Bulsinio,17.124715,43.704632,precise,station,"roman,late-antique",pleiades_transport,0.055
197322,Indenea,17.101927,44.243842,precise,station,"roman,late-antique",pleiades_transport,0.055
197324,Ionnaria,17.149806,44.082369,precise,station,"roman,late-antique",pleiades_transport,0.055
197325,Iovalia,18.41569,45.658516,precise,station,"roman,late-antique,twentieth-ce",pleiades_transport,0.055
197326,Iovia,16.61509,46.253769,precise,settlement,"roman,late-antique",pleiades_settlement,0.055
197330,Iuenna,14.700828,46.557259,precise,settlement,"roman,late-antique",pleiades_settlement,0.055
197338,Kisapostag,18.932167,46.894667,precise,settlement,"roman,late-antique",pleiades_settlement,0.055
197339,Kopačevo,18.788034,45.599667,precise,settlement,"roman,late-antique",pleiades_settlement,0.055
197340,Korkyra Melaina,17.135602,42.960475,precise,settlement,"classical,hellenistic-republican",pleiades_settlement,10.4
197346,‘Laurento’,17.060487,43.262736,precise,station,"roman,late-antique",pleiades_transport,0.055
197347,Lauriana,14.275837,45.29127,precise,settlement,"roman,late-antique",pleiades_settlement,0.055
197348,‘Lentulis’,17.292695,45.92436,precise,station,"roman,late-antique",pleiades_transport,0.055
197349,‘Leucono’?,18.292799,45.1904205,precise,settlement,"roman,late-antique",pleiades_settlement,0.055
197350,Leusaba,17.083952,44.416993,precise,"settlement, station","roman,late-antique",pleiades_settlement;pleiades_transport,0.055
197351,‘Leusinio’,18.471021,42.741551,precise,station,"roman,late-antique",pleiades_transport,0.055
197355,Limusa,17.800783,46.048273,precise,settlement,"roman,late-antique,sixteenth-ce",pleiades_settlement,0.055
197357,Longaticum,14.20586,45.911774,precise,station,"roman,late-antique",pleiades_transport,0.055
197358,Lopsica,14.92,44.928868,precise,settlement,"hellenistic-republican,roman,late-antique",pleiades_settlement,7.2
197361,Lussomana?,18.636317,47.490747,precise,settlement,"roman,late-antique",pleiades_settlement,0.055
197365,Magdalensberg,14.4296085,46.724573,precise,settlement,"hellenistic-republican,roman,modern",pleiades_settlement,7.145
197370,‘Marinianis’/Magniana,18.160945,45.759476,precise,station,late-antique,pleiades_transport,0.0
197371,Marsonia,18.018769,45.161708,precise,settlement,"roman,late-antique",pleiades_settlement,0.055
197373,Matucaium,14.248943,46.807813,precise,station,roman,pleiades_transport,0.102
197378,‘Mestrianis’,17.071344,46.942773,precise,settlement,"roman,late-antique",pleiades_settlement,0.055
197380,Metulum,15.299752,45.209371,precise,settlement,"hellenistic-republican,roman",pleiades_settlement,7.145
197381,Moge(n)tiana,17.314149,47.118283,precise,settlement,"roman,late-antique",pleiades_settlement,0.055
197383,Monate,14.488806,47.216049,precise,settlement,"roman,late-antique",pleiades_settlement,0.055
197384,Monetium,15.124266,44.998136,precise,settlement,"hellenistic-republican,roman",pleiades_settlement,7.145
197385,Mözs,18.755048,46.415346,precise,settlement,"roman,late-antique",pleiades_settlement,0.055
197386,Muccurum,17.020743,43.295215,precise,settlement,"roman,late-antique",pleiades_settlement,0.055
197389,Mursa,18.675749,45.560018,precise,settlement,"roman,roman-early-empire-late-antique,late-antique,sixteenth-ce,modern",pleiades_settlement,0.055
197391,Mursella,18.53692,45.61634,precise,settlement,"roman,late-antique",pleiades_settlement,0.055
197394,Mutila,13.936563,44.8219,precise,settlement,"hellenistic-republican,roman,late-antique",pleiades_settlement,7.2
197397,Nagyvenyim,18.86482,46.95779,precise,settlement,"roman,late-antique",pleiades_settlement,0.055
197400,Narona,17.598611,43.046389,precise,settlement,"roman,late-antique,modern,eighteenth-ce",pleiades_settlement,0.055
197401,Nauportus,14.3007595,45.9680435,precise,settlement,"roman,late-antique",pleiades_settlement,0.055
197403,Neapolis,13.562104,45.315245,precise,settlement,"roman,late-antique",pleiades_settlement,0.055
197404,Nedinum,15.497238,44.071458,precise,settlement,"hellenistic-republican,roman,late-antique",pleiades_settlement,7.2
197405,Nesactium,13.969982,44.9168565,precise,settlement,"hellenistic-republican,roman,late-antique",pleiades_settlement,7.2
197408,Neviodunum,15.4863805,45.917552,precise,settlement,"roman,late-antique",pleiades_settlement,0.055
197410,Ninia,16.194786,44.038272,precise,settlement,"hellenistic-republican,roman,late-antique",pleiades_settlement,7.2
197411,Noreia,14.526732,47.013808,precise,settlement,"roman,late-antique",pleiades_settlement,0.055
197413,Novae,17.2361262,43.3893681,precise,"settlement, settlement-modern","roman,late-antique,modern,twenty-first-ce",pleiades_settlement,0.055
197419,Oneum,16.692144,43.444003,precise,settlement,"roman,late-antique",pleiades_settlement,0.055
197420,Ortopla,14.892387,44.71907,precise,settlement,"hellenistic-republican,roman,late-antique",pleiades_settlement,7.2
197421,Ošanići,17.927039,43.10401,precise,settlement,"classical,hellenistic-republican",pleiades_settlement,10.4
197423,*Osinium,16.637897,43.701905,precise,settlement,"roman,late-antique",pleiades_settlement,0.055
197426,Pardua,18.083704,42.941391,precise,station,"roman,late-antique",pleiades_transport,0.055
197427,Parentium,13.5948985,45.227354,precise,settlement,"hellenistic-republican,roman,late-antique,modern",pleiades_settlement,7.2
197431,Pelva,16.7775,43.875555,precise,settlement,"roman,late-antique",pleiades_settlement,0.055
197433,Pharus,16.601041,43.184286,precise,settlement,"classical,hellenistic-republican,roman,late-antique",pleiades_settlement,17.6
197435,‘Picentino’,18.002223,45.313637,precise,station,"roman,late-antique",pleiades_transport,0.055
197438,Piquentum,13.969415,45.406399,precise,settlement,"hellenistic-republican,roman,late-antique",pleiades_settlement,7.2
197439,Piranum,13.568078,45.528129,precise,settlement,"hellenistic-republican,roman,late-antique,twentieth-ce",pleiades_settlement,7.2
197440,‘Piretis’,16.832663,46.125188,precise,station,"roman,late-antique",pleiades_transport,0.055
197441,Pituntium,16.552733,43.484422,precise,settlement,"roman,late-antique",pleiades_settlement,0.055
197442,Plana,18.403282,42.966309,precise,settlement,"roman,late-antique",pleiades_settlement,0.055
197446,Poetovio,15.86998,46.419985,precise,settlement,"roman,late-antique",pleiades_settlement,0.055
197447,Poidikon,15.269071,47.410494,precise,settlement,"roman,late-antique",pleiades_settlement,0.055
197448,Pola,13.841124,44.869567,precise,"settlement, port","hellenistic-republican,roman,late-antique,modern",pleiades_settlement;pleiades_transport,7.2
197453,Pons Tiluri,16.72759155,43.6173987,precise,station,"roman,late-antique",pleiades_transport,0.055
197454,Populi,16.33391,46.309909,precise,station,"roman,late-antique",pleiades_transport,0.055
197457,Praetorium Latobicorum,14.995969,45.909064,precise,settlement,"roman,late-antique",pleiades_settlement,0.055
197458,Promona,16.199379,43.896186,precise,station,"hellenistic-republican,roman",pleiades_transport,7.145
197460,Pultovia,15.637711,46.432402,precise,station,"roman,late-antique",pleiades_transport,0.055
197461,Pyrri,16.2846,46.002444,precise,station,"roman,late-antique",pleiades_transport,0.055
197465,Rácalmás,18.94037,47.02527,precise,settlement,"roman,late-antique",pleiades_settlement,0.055
197466,Raetinium?,15.938378,44.781036,precise,settlement,"hellenistic-republican,roman,late-antique",pleiades_settlement,7.2
197467,Ragando,15.499896,46.350982,precise,station,"roman,late-antique",pleiades_transport,0.055
197468,Ramista,16.038348,46.405119,precise,station,"roman,late-antique,modern",pleiades_transport,0.055
197470,Raparia,14.535292,45.306779,precise,settlement,"roman,late-antique",pleiades_settlement,0.055
197471,Rhizon/Risinium,18.694988,42.514718,precise,"settlement, port","hellenistic-republican,roman,late-antique",pleiades_settlement;pleiades_transport,7.2
197473,Rider,16.055704,43.700462,precise,settlement,"roman,late-antique",pleiades_settlement,0.055
197477,Romula,15.666591,45.865867,precise,station,"roman,late-antique",pleiades_transport,0.055
197478,Ruginium,13.635286,45.081788,precise,settlement,"roman,late-antique",pleiades_settlement,0.055
197481,Sabatinca,14.469009,47.357382,precise,station,"roman,late-antique",pleiades_transport,0.055
197482,Sala,16.585295,46.846569,precise,settlement,"roman,late-antique,twenty-first-ce",pleiades_settlement,0.055
197484,‘Saldis’,18.830811,44.946813,precise,station,"roman,late-antique",pleiades_transport,0.055
197485,[Salinae],18.694616,44.560024,precise,settlement,"roman,late-antique",pleiades_settlement,0.055
197486,Saloca,14.211513,46.625034,precise,station,"roman,late-antique",pleiades_transport,0.055
197488,Salona,16.483426,43.539561,precise,settlement,"hellenistic-republican,roman,late-antique,modern",pleiades_settlement,7.2
197489,Salthua,18.653543,42.766414,precise,settlement,"roman,late-antique",pleiades_settlement,0.055
197490,Salvia,16.779488,44.067371,precise,station,"roman,late-antique",pleiades_transport,0.055
197491,Salvium,16.751098,44.048361,precise,settlement,"roman,late-antique",pleiades_settlement,0.055
197493,Sapua,17.406947,44.300812,precise,station,late-antique,pleiades_transport,0.0
197496,Sarnade,16.866866,44.300466,precise,station,"roman,late-antique",pleiades_transport,0.055
197497,Sarute,17.151002,44.179755,precise,station,"roman,late-antique",pleiades_transport,0.055
197498,Savaria,16.62192,47.235142,precise,settlement,"roman,late-antique,modern",pleiades_settlement,0.055
197502,Scardona,15.922959,43.817746,precise,settlement,"hellenistic-republican,roman,late-antique,modern",pleiades_settlement,7.2
197504,Segestica/Siscia,16.371388,45.483168,precise,settlement,"classical,hellenistic-republican,roman,late-antique,modern",pleiades_settlement,17.6
197505,Senia,14.900874,44.990472,precise,"settlement, port","hellenistic-republican,roman,late-antique,modern",pleiades_settlement;pleiades_transport,7.2
197506,Seregélyes,18.578335,47.11159,precise,settlement,"roman,late-antique",pleiades_settlement,0.055
197507,Serena?,18.063541,45.751177,precise,station,"roman,late-antique",pleiades_transport,0.055
197508,Serota,17.383775,45.833408,precise,station,"roman,late-antique",pleiades_transport,0.055
197509,Servitium,17.25609,45.151471,precise,station,"roman,late-antique",pleiades_transport,0.055
197510,Setovia,16.655523,43.719023,precise,station,"hellenistic-republican,roman",pleiades_transport,7.145
197511,Siculi,16.346833,43.553234,precise,station,"roman,late-antique",pleiades_transport,0.055
197512,Sidrona,15.792445,44.09906,precise,settlement,"hellenistic-republican,roman,late-antique",pleiades_settlement,7.2
197513,‘Silicenis’,17.410663,46.315505,precise,station,"roman,late-antique",pleiades_transport,0.055
197514,‘Silvo’,13.505237,45.500513,precise,settlement,"roman,late-antique",pleiades_settlement,0.055
197515,Siparis,13.507065,45.467448,precise,settlement,"roman,late-antique,twentieth-ce,twenty-first-ce",pleiades_settlement,0.055
197522,Sonista,16.765678,46.185977,precise,station,"roman,late-antique",pleiades_transport,0.055
197523,Sopianae,18.228059,46.07335,precise,settlement,"roman,late-antique,modern",pleiades_settlement,0.055
197524,Spalatum,16.442449,43.506883,precise,settlement,"roman,late-antique,modern",pleiades_settlement,0.055
197525,Splonum,16.699712,44.843597,precise,settlement,"roman,late-antique,twentieth-ce",pleiades_settlement,0.055
197526,Stagnum,17.696979,42.838187,precise,settlement,"roman,late-antique",pleiades_settlement,0.055
197528,Stanecli,17.751034,44.174409,precise,station,"roman,late-antique",pleiades_transport,0.055
197532,‘Stravianis’,18.035862,45.437653,precise,station,"roman,late-antique",pleiades_transport,0.055
197533,‘Surontio’,14.487537,47.488038,precise,station,"roman,late-antique",pleiades_transport,0.055
197534,Synodion/Magnum,16.313369,43.793599,precise,settlement,"hellenistic-republican,roman",pleiades_settlement,7.145
197535,Szebény,18.586332,46.131408,precise,settlement,"roman,late-antique",pleiades_settlement,0.055
197536,Szekszárd,18.703895,46.355945,precise,settlement,"roman,late-antique",pleiades_settlement,0.055
197539,Tambia,16.201613,43.724105,precise,settlement,"roman,late-antique",pleiades_settlement,0.055
197541,Tarsatica,14.46247,45.330309,precise,settlement,"hellenistic-republican,roman,late-antique",pleiades_settlement,7.2
197542,‘Tartursanis’,14.48371,47.433801,precise,station,"roman,late-antique",pleiades_transport,0.055
197550,Terponus,15.241512,45.128905,precise,settlement,"hellenistic-republican,roman",pleiades_settlement,7.145
197555,Tragurium,16.25063,43.517639,precise,settlement,"hellenistic-republican,roman,late-antique",pleiades_settlement,7.2
197558,Tricciana,18.101446,46.837681,precise,settlement,"roman,late-antique",pleiades_settlement,0.055
197559,‘Trono’,16.863866,43.542611,precise,station,"roman,late-antique",pleiades_transport,0.055
197565,‘Upellis’,15.107994,46.358721,precise,station,"roman,late-antique",pleiades_transport,0.055
197567,‘Urbate’,17.515144,45.097363,precise,station,"roman,late-antique",pleiades_transport,0.055
197569,Ustikolina,18.781548,43.585559,precise,settlement,"roman,late-antique",pleiades_settlement,0.055
197573,‘Varianis’,16.776469,45.479229,precise,station,"roman,late-antique",pleiades_transport,0.055
197574,Varvaria,15.8427167301,43.9256794615,precise,settlement,"roman,late-antique",pleiades_settlement,0.055
197575,Vegium,15.073469,44.524317,precise,settlement,"hellenistic-republican,roman,late-antique",pleiades_settlement,7.2
197576,‘Vereis’,18.267202,45.730953,precise,station,"roman,late-antique,twentieth-ce",pleiades_transport,0.055
197577,Velence,18.647975,47.241828,precise,settlement,"roman,late-antique",pleiades_settlement,0.055
197583,Virunum,14.363668,46.7004835,precise,settlement,"roman,late-antique,modern",pleiades_settlement,0.055
197584,‘Viscellis’,14.481151,47.279273,precise,station,"roman,late-antique",pleiades_transport,0.055
197585,Volgum,17.2461339984,46.7114701017,precise,"fortified-settlement, fort-2, fort","roman,roman-early-empire-late-antique,late-antique",pleiades_settlement,0.055
198567,Untitled,13.5,45.5,rough,bridge,"roman,late-antique",pleiades_transport,0.055
198568,Untitled,14.517827,46.094911,precise,bridge,"roman,late-antique",pleiades_transport,0.055
198569,Untitled,15.165413,46.091882,precise,bridge,"roman,late-antique",pleiades_transport,0.055
198570,Untitled,18.5,45.5,rough,bridge,"roman,late-antique",pleiades_transport,0.055
199322,Untitled,13.5,45.5,rough,centuriation,"roman,late-antique",pleiades_production,0.055
199323,Untitled,14.5,44.5,rough,centuriation,"roman,late-antique",pleiades_production,0.055
199324,Untitled,15.5,44.5,rough,centuriation,"roman,late-antique",pleiades_production,0.055
199326,Untitled,16.5,43.5,rough,centuriation,"classical,hellenistic-republican,roman",pleiades_production,17.545
199327,Untitled,17.5,42.5,rough,centuriation,"roman,late-antique",pleiades_production,0.055
199328,Untitled,18.5,42.5,rough,centuriation,"roman,late-antique",pleiades_production,0.055
200081,Untitled,13.5,46.5,rough,quarry,"hellenistic-republican,roman,late-antique",pleiades_production,7.2
200083,Untitled,13.5,45.5,rough,quarry,"roman,late-antique",pleiades_production,0.055
200084,Untitled,13.5,44.5,rough,mine,"roman,late-antique",pleiades_production,0.055
200085,Untitled,14.5,47.5,rough,quarry,"roman,late-antique",pleiades_production,0.055
200087,Untitled,14.5,46.5,rough,mine,"roman,late-antique",pleiades_production,0.055
200088,Untitled,14.5,46.5,rough,quarry,"hellenistic-republican,roman,late-antique",pleiades_production,7.2
200089,Untitled,14.5,46.5,rough,quarry,"roman,late-antique",pleiades_production,0.055
200090,Untitled,14.5,46.5,rough,mine,"roman,late-antique",pleiades_production,0.055
200091,Untitled,14.5,46.5,rough,quarry,"roman,late-antique",pleiades_production,0.055
200092,Untitled,14.5,46.5,rough,mine,"roman,late-antique",pleiades_production,0.055
200093,Unnamed quarry group,14.5,46.5,rough,quarry,"roman,late-antique",pleiades_production,0.055
200094,Untitled,14.5,45.5,rough,mine,"roman,late-antique",pleiades_production,0.055
200095,Untitled,14.5,44.5,rough,quarry,"roman,late-antique",pleiades_production,0.055
200096,Untitled,15.5,47.5,rough,quarry,"roman,late-antique",pleiades_production,0.055
200097,Untitled,15.629721,46.736794,precise,quarry,"roman,late-antique",pleiades_production,0.055
200098,Untitled,15.557024,46.465715,precise,quarry,"roman,late-antique",pleiades_production,0.055
200099,Untitled,15.057926,46.338038,precise,mine,"roman,late-antique",pleiades_production,0.055
200100,Untitled,16.5,44.5,rough,quarry,"roman,late-antique",pleiades_production,0.055
200101,Untitled,16.5,44.5,rough,quarry,"roman,late-antique",pleiades_production,0.055
200102,Untitled,16.5,44.5,rough,quarry,"roman,late-antique",pleiades_production,0.055
200103,Untitled,16.5,44.5,rough,mine,"roman,late-antique",pleiades_production,0.055
200105,Untitled,17.5,44.5,rough,quarry,"roman,late-antique",pleiades_production,0.055
200106,Untitled,17.5,44.5,rough,quarry,"roman,late-antique",pleiades_production,0.055
200107,Untitled,17.5,44.5,rough,quarry,"roman,late-antique",pleiades_production,0.055
200108,Untitled,17.5,44.5,rough,quarry,"roman,late-antique",pleiades_production,0.055
200109,Untitled,17.5,44.5,rough,quarry,"roman,late-antique",pleiades_production,0.055
200110,Untitled,17.5,44.5,rough,mine,"roman,late-antique",pleiades_production,0.055
200111,Untitled,18.5,43.5,rough,mine,"roman,late-antique",pleiades_production,0.055
200112,Untitled,18.5,43.5,rough,mine,"roman,late-antique",pleiades_production,0.055
200113,Untitled,18.5,43.5,rough,quarry,"roman,late-antique",pleiades_production,0.055
206964,Biatorbágy,18.825224,47.471208,precise,settlement,"roman,late-antique",pleiades_settlement,0.055
952774737,Ponte di Pietra,7.3298864,45.73976235,precise,bridge,roman,pleiades_transport,0.102
48050878,Poggio la Guardia,12.2418498033,42.555887833,precise,villa,roman,pleiades_production,0.102
215721934,Savignano sul Rubicone Roman bridge,12.3954672,44.0925826,precise,bridge,roman-early-empire-late-antique,pleiades_transport,0.052
776618356,Mokarta,12.7467375667,37.801294445,precise,settlement,2nd-millenium-bce,pleiades_settlement,0.0
35287426,Torre degli Embrici,15.680987657,40.8878187612,precise,"archaeological-site, villa, bath","roman,late-antique",pleiades_production,0.055
662780947,Mursia,11.9298915,36.8135141,precise,"settlement, settlement-modern","sicilian-bronze-advanced,modern,twentieth-ce,twenty-first-ce",pleiades_settlement,0.0
18950434,Ponte del Diavolo,16.3182208,39.8291662,precise,bridge,roman,pleiades_transport,0.102
127450726,Rione Terra,14.1201437525,40.8210984098,precise,"settlement, archaeological-site","hellenistic-republican,roman,modern",pleiades_settlement,7.145
795348768,Civita di Artena,12.910556,41.727778,precise,settlement,"classical,hellenistic-republican,roman",pleiades_settlement,17.545
584523671,Villa di Teodorico,11.9136983086,44.0048402014,precise,"villa, bath",late-antique,pleiades_production,0.0
603582704,Villa di Fralana,12.3776001798,41.7746013019,precise,villa,roman,pleiades_production,0.102
357565834,Terme di Tito,13.0141349532,42.3850421074,precise,"villa, bath","roman,twenty-first-ce",pleiades_production,0.102
495398788,House of Caecilius Jucundus,14.4860543124,40.7520663855,precise,"townhouse, villa","second-bce,first-bce,roman,first-ce",pleiades_production,3.34
109944633,Villa romana della Standa a Fiano Romano,12.5919251,42.1390206,precise,villa,roman,pleiades_production,0.102
862491656,Roman bridge (via Salvator Rosa),14.2367771097,40.8512322958,precise,bridge,roman,pleiades_transport,0.102
381242986,Palazzo degli Spiriti,14.1906444937,40.7943281866,precise,villa,roman,pleiades_production,0.102
747659417,Ponte Tufaro,14.7014331,41.0549468,precise,bridge,"roman,modern",pleiades_transport,0.102
837378916,Nuraghe Chentu Istradas,8.76269935255,40.3252939396,precise,"nuraghe, settlement","2nd-millenium-bce,twenty-first-ce",pleiades_settlement,0.0
584920092,Nuraghe Palmavera,8.24282127946,40.5949507186,precise,"nuraghe, settlement","2nd-millenium-bce,modern",pleiades_settlement,0.0
471964,‘Luguidunec’,9.03880203641,40.7053693673,precise,settlement,"roman,roman-early-empire-late-antique,late-antique",pleiades_settlement,0.055
471965,Lula,9.485855,40.47001,precise,mine-2,"hellenistic-republican,roman",pleiades_production,7.145
471967,Makopsisa,8.770937,40.263151,precise,settlement,"hellenistic-republican,roman,modern",pleiades_settlement,7.145
471971,Metalla,8.500199,39.394012,precise,"settlement, mine-2","hellenistic-republican,roman,late-antique",pleiades_settlement;pleiades_production,7.2
471972,Molaria,8.8032,40.307764,precise,station,"roman,late-antique",pleiades_transport,0.055
471974,Monte Sirai,8.48783379438,39.1788351987,precise,"settlement, archaeological-site","2nd-millenium-bce,1st-millennium-bce,archaic,classical,hellenistic-republican,roman",pleiades_settlement,27.945
471975,Monte Urralidi,8.626281,39.571966,precise,villa,"roman,late-antique",pleiades_production,0.055
471977,Neapolis (Sardinia),8.5533252,39.6871314,precise,settlement,"classical,hellenistic-republican,roman,late-antique,twentieth-ce",pleiades_settlement,17.6
471979,Nora,9.01598036006,38.9843961177,precise,settlement,"archaic,classical,hellenistic-republican,roman,late-antique",pleiades_settlement,25.75
471981,Nurac Sessar,8.859221,40.321243,precise,settlement,roman,pleiades_settlement,0.102
471982,Nure,8.216247,40.685777,precise,station,roman,pleiades_transport,0.102
471985,Nymphaios Limen,8.205451,40.593709,precise,"settlement, port","hellenistic-republican,roman",pleiades_settlement;pleiades_transport,7.145
471987,Olbia,9.500426,40.923,precise,"settlement, port","hellenistic-republican,roman,late-antique",pleiades_settlement;pleiades_transport,7.2
471988,Othoca,8.611448,39.879418,precise,"settlement, port","archaic,classical,hellenistic-republican,roman,late-antique",pleiades_settlement;pleiades_transport,25.75
471989,Oualentia,9.034726,39.770507,precise,"settlement, settlement-modern","roman,late-antique,modern",pleiades_settlement,0.055
471994,Pauli Putzu,8.638749,39.718603,precise,villa,"hellenistic-republican,roman,late-antique",pleiades_production,7.2
471995,Pheronia,9.717501,40.633146,precise,settlement,roman,pleiades_settlement,0.102
471997,Ploaghe,8.742815,40.665338,precise,villa,"hellenistic-republican,roman",pleiades_production,7.145
471998,Porticenses,9.578276,39.697981,precise,settlement,roman,pleiades_settlement,0.102
471999,Portus Luguidonis,9.747191,40.617944,precise,settlement,roman,pleiades_settlement,0.102
472001,Quartu S. Elena,9.183435,39.241531,precise,villa,roman,pleiades_production,0.102
472005,S. Angiarxia,8.486115,39.713367,precise,villa,"roman,late-antique,twentieth-ce",pleiades_production,0.055
472007,S. Lussurgiu,8.655659,40.14237,precise,villa,"roman,twentieth-ce",pleiades_production,0.102
472009,S. Ungroni,8.580825,39.798367,precise,villa,"roman,late-antique",pleiades_production,0.055
472011,Sant'Imbenia Roman Villa,8.1896003,40.61665,precise,villa,"roman,twentieth-ce,twenty-first-ce",pleiades_production,0.102
472012,Sarcapos,9.574381,39.42025,precise,station,roman,pleiades_transport,0.102
472017,Sestu,9.094067,39.295471,precise,station,"roman,late-antique",pleiades_transport,0.055
472018,Settimo,9.187432,39.288401,precise,station,"roman,late-antique",pleiades_transport,0.055
472020,Siligo,8.728016,40.577359,precise,villa,"roman,late-antique,twentieth-ce",pleiades_production,0.055
472022,Santa Filitica,8.62910865216,40.8718831522,precise,"settlement, villa","roman,late-antique,twentieth-ce,twenty-first-ce",pleiades_settlement;pleiades_production,0.055
472024,Sulci(s),8.45147433118,39.0714858349,precise,"settlement, cemetery, port","archaic,classical,hellenistic-republican,roman,late-antique,twentieth-ce",pleiades_settlement;pleiades_transport,25.75
472025,Sulci(s),9.657846,39.926633,precise,"settlement, port","hellenistic-republican,roman",pleiades_settlement;pleiades_transport,7.145
472029,Tegula,8.77442,38.966747,precise,settlement,roman,pleiades_settlement,0.102
472031,Terr'e Frucca,8.641662,39.522674,precise,villa,"roman,late-antique,twentieth-ce",pleiades_production,0.055
472032,Tharros,8.44100948641,39.8748645059,precise,"settlement, archaeological-site","archaic,classical,hellenistic-republican,roman,late-antique,twentieth-ce,twenty-first-ce",pleiades_settlement,25.75
472034,Tibula,9.188518,41.241377,precise,"settlement, settlement-modern","roman,late-antique,twentieth-ce,twenty-first-ce",pleiades_settlement,0.055
472035,Turris Libisonis,8.39566221421,40.837236006,precise,"settlement, port, archaeological-site","classical,hellenistic-republican,roman,roman-early-empire-late-antique,late-antique,modern",pleiades_settlement;pleiades_transport,17.6
472036,Turublum Minus,9.282353,41.169722,precise,station,"roman,twentieth-ce",pleiades_transport,0.102
472038,Usel(l)is,8.850732,39.809646,precise,"settlement, settlement-modern","classical,roman,late-antique,modern,twenty-first-ce",pleiades_settlement,2.988
472039,Ussana,9.0874599,39.4144738,precise,"villa, bath","roman,late-antique,twentieth-ce,twenty-first-ce",pleiades_production,0.055
472042,Villacidro,8.738612,39.458727,precise,mine-2,"hellenistic-republican,roman,twentieth-ce",pleiades_production,7.145
472043,San Cromazio Roman Villa,8.91288570593,39.3177166486,precise,"villa, archaeological-site","roman,roman-early-empire-late-antique,late-antique,twentieth-ce,twenty-first-ce",pleiades_production,0.055
472044,Viniolae,9.05767,41.116203,precise,station,"roman,twentieth-ce",pleiades_transport,0.102
472047,Agiation,8.736872,41.918645,precise,"settlement, port","roman,late-antique",pleiades_settlement;pleiades_transport,0.055
472048,Alalie/Aleria,9.5104824918,42.1024853992,precise,"settlement, port, archaeological-site","archaic,classical,hellenistic-republican,roman,late-antique",pleiades_settlement;pleiades_transport,25.75
472049,Albiana,9.072659,41.508159,precise,settlement,"hellenistic-republican,roman",pleiades_settlement,7.145
472051,Alista,9.334952,41.73492,precise,settlement,"hellenistic-republican,roman",pleiades_settlement,7.145
472052,Alouka,8.802407,42.253495,precise,settlement,"hellenistic-republican,roman",pleiades_settlement,7.145
472055,Artemidos Limen,9.54439418525,42.133237135,precise,"settlement, lagoon","hellenistic-republican,roman,twenty-first-ce",pleiades_settlement,7.145
472056,Asinkon,9.166371,42.252111,precise,settlement,"hellenistic-republican,roman",pleiades_settlement,7.145
472066,Favoni Portus,9.397573,41.770115,precise,settlement,"roman,late-antique",pleiades_settlement,0.055
472071,Granianon Akron,9.36549066404,41.5951824232,precise,"cape, lighthouse","hellenistic-republican,roman,modern",pleiades_transport,7.145
472078,Kanelate,9.302439,42.680427,precise,settlement,"hellenistic-republican,roman",pleiades_settlement,7.145
472080,Keneston,9.266061,42.172503,precise,settlement,"hellenistic-republican,roman",pleiades_settlement,7.145
472081,Kentourinon,9.351912,42.965989,precise,settlement,"hellenistic-republican,roman",pleiades_settlement,7.145
472083,Kersounon,9.185004,42.666293,precise,settlement,"hellenistic-republican,roman",pleiades_settlement,7.145
472086,Klounion,9.474582,42.773685,precise,settlement,"hellenistic-republican,roman",pleiades_settlement,7.145
472092,Lourinon?,9.440208,42.892244,precise,settlement,"hellenistic-republican,roman,twentieth-ce",pleiades_settlement,7.145
472095,Mantinon,9.442685,42.691157,precise,settlement,"hellenistic-republican,roman",pleiades_settlement,7.145
472096,Mariana,9.49566571946,42.5391479855,precise,"settlement, archaeological-site","archaic,classical,hellenistic-republican,roman,late-antique,modern",pleiades_settlement,25.75
472097,Marianon,9.106545,41.403179,precise,settlement,"hellenistic-republican,roman,twentieth-ce",pleiades_settlement,7.145
472099,Matisa,8.981508,41.627192,precise,settlement,"hellenistic-republican,roman,twentieth-ce,twenty-first-ce",pleiades_settlement,7.145
472102,Opinon,9.412043,42.231536,precise,settlement,"hellenistic-republican,roman",pleiades_settlement,7.145
472104,Ouenikion,9.174704,42.237367,precise,settlement,"hellenistic-republican,roman",pleiades_settlement,7.145
329320003,Unnamed bridge,15.822272,40.63528,precise,bridge,roman-early-empire-late-antique,pleiades_transport,0.052
696470304,Sant'Annea,15.50154475,41.86134055,precise,"villa, archaeological-site",roman,pleiades_production,0.102
200179583,Quarries at Aquae Albulae,12.7466758565,41.9538233379,precise,quarry,modern,pleiades_production,0.0
152699900,Clivus Capitolinus,12.4838404229,41.8923745546,precise,road,"archaic,classical,hellenistic-republican,roman,roman-early-empire-late-antique",pleiades_transport,25.723
658098857,Villa Cuomo,14.5541787638,40.7201510811,precise,villa,first-ce,pleiades_production,0.0
418356677,Horti Lucull(i)ani,12.4813174698,41.9139871295,precise,"garden-hortus, estate","roman,modern",pleiades_production,0.102
923265256,Villaggio di Tramontana,13.1820584745,38.7189651,precise,settlement,2nd-millenium-bce,pleiades_settlement,0.0
584982268,Dugali Alti,10.2689502,45.2410193,precise,settlement,"neolithic-eastern-med,twentieth-ce",pleiades_settlement,0.0
786880550,Santa Marina (Villa),13.598625,45.281367,precise,"villa, archaeological-site","roman,late-antique",pleiades_production,0.055
607649583,Tramatza Roman bridge,8.6508508,39.99730745,precise,bridge,roman,pleiades_transport,0.102
32194089,Roman villa of Capo di Massa,14.3400884818,40.6265420636,precise,villa,roman,pleiades_production,0.102
456321707,"Regio II, Pompeii",14.4939906746,40.7512144099,precise,"urban, region","hellenistic-republican,roman,modern",pleiades_settlement,7.145
750610603,Villa delle Guardiole,11.830210862,42.0390164778,precise,"archaeological-site, villa",roman,pleiades_production,0.102
155158534,Marsicovetere Roman villa,15.799474011,40.3768327099,precise,villa,"roman,late-antique,modern",pleiades_production,0.055
574404728,Serra Orrios,9.53781234312,40.3337894597,precise,"settlement, monument","2nd-millenium-bce,modern",pleiades_settlement,0.0
741991861,Domus Romana,14.4001243,35.8851671,precise,villa,"classical,hellenistic-republican,roman,late-antique",pleiades_production,17.6
926170979,archaeological area of Monte Bibele,11.374532,44.2718317,precise,settlement,"archaic,classical,hellenistic-republican",pleiades_settlement,18.55
778691701,"Massaciuccoli Romana - Padiglione ""Il Cantiere""",10.3602003,43.8365873,precise,"villa, archaeological-site",hellenistic-roman-early-empire,pleiades_production,4.5
585690562,Villa Imperiale of Milan,9.1805470131,45.4651345506,precise,"architecturalcomplex, villa","late-antique,modern",pleiades_production,0.0
442302645,"Roman villa, via Michelangelo Tilli",12.5515074839,41.9308863054,precise,villa,"hellenistic-republican,twenty-first-ce",pleiades_production,4.0
107065917,Camars,11.132883,43.855775,precise,"townhouse, settlement, archaeological-site","archaic,classical",pleiades_settlement,8.15
803980452,Villa Rufinella,12.689205492,41.8031092542,precise,villa,"sixteenth-ce,seventeenth-ce,modern,eighteenth-ce,nineteenth-ce,twentieth-ce,twenty-first-ce",pleiades_production,0.0
17452629,Murgia Timone,16.6334502523,40.6730088328,precise,"settlement, archaeological-site","nineteenth-ce,twentieth-ce,twenty-first-ce",pleiades_settlement,0.0
109976883,Montesei di Serso,11.2436132589,46.0751492233,precise,"settlement, archaeological-site","classical,hellenistic-republican",pleiades_settlement,10.4
611636361,Frattocchie diverticulum,12.6156994319,41.7678310234,precise,road,twenty-first-ce,pleiades_transport,0.0
854820311,Frattura Vecchia,13.8641347,41.9407254,precise,settlement,mediaeval-byzantine,pleiades_settlement,0.0
158820260,Unnamed Roman bridge,12.8801731,42.199428,precise,bridge,roman,pleiades_transport,0.102
217816181,Villa romana del Torchio,14.1093088382,40.8781633668,precise,villa,"second-bce,first-bce,roman,fourth-ce,fifth-ce,twenty-first-ce",pleiades_production,3.34
460094535,"Villanovaforru, Nuraghe Genna Maria",8.85435735939,39.6345337545,precise,"nuraghe, settlement","2nd-millenium-bce,archaic",pleiades_settlement,2.25
460094536,Lu Brandali,9.175375,41.233578,precise,settlement,2nd-millenium-bce,pleiades_settlement,0.0
211668069,Pons Cestius,12.4772938765,41.8900482504,precise,bridge,"roman,late-antique,mediaeval-byzantine,modern",pleiades_transport,0.055
88500321,Vatican City,12.4528179569,41.9032651507,precise,fortified-settlement,twenty-first-ce,pleiades_settlement,0.0
986659307,Roman villa at Artena,12.9106153,41.7276456,precise,villa,"roman,late-antique",pleiades_production,0.055
277432404,Bocca di Magra Roman villa,9.9848442,44.0459741,precise,villa,"roman,modern",pleiades_production,0.102
113170099,Ponte Fabio Massimo,14.4923772,41.2759812,precise,bridge,"roman,twenty-first-ce",pleiades_transport,0.102
626303734,Ponte Fratto,14.7584977,41.1391994,precise,bridge,"roman,modern",pleiades_transport,0.102
222138654,"Regio I, Pompeii",14.4908421195,40.749857388,precise,"urban, region",modern,pleiades_settlement,0.0
984330149,"Regio IV, Pompeii",14.4894726789,40.7535634171,precise,"urban, region",modern,pleiades_settlement,0.0
984330150,"Regio V, Pompeii",14.486947783,40.7529950923,precise,"urban, region, archaeological-site",modern,pleiades_settlement,0.0
984330151,"Regio VI, Pompeii",14.4836118566,40.7517575567,precise,"urban, region","modern,twenty-first-ce",pleiades_settlement,0.0
680072866,"Regio IX, Pompeii",14.4884474397,40.7514343053,precise,"urban, region",modern,pleiades_settlement,0.0
877459133,Pani Loriga,8.6909848392,39.0891705221,precise,"settlement, cemetery","archaic,classical",pleiades_settlement,8.15
931492631,Felceto,12.26279695,43.37288815,precise,"production, settlement-modern",twenty-first-ce,pleiades_production,0.0
293747172,Tagliata Etrusca,11.2935791201,42.4089711673,precise,canal,"hellenistic-republican,roman",pleiades_transport,7.145
205387552,House of Julia Felix,14.4933665958,40.7520532285,precise,"architecturalcomplex, estate","roman,modern",pleiades_production,0.102
431558511,Villa of Horace,12.901174295,42.0658599677,precise,villa,"roman,modern",pleiades_production,0.102
125510816,Roman villa of Torre di Pordenone,12.6816555945,45.9667737184,precise,"archaeological-site, villa, bath","roman,twenty-first-ce",pleiades_production,0.102
594406649,S'Arcu 'e is Forros,9.40098690238,40.0024776222,precise,"nuraghe, settlement",2nd-millenium-bce,pleiades_settlement,0.0
237657888,Nuraghe Colombos,8.74862091064,40.2991231809,precise,"nuraghe, settlement",2nd-millenium-bce,pleiades_settlement,0.0
634295459,Saint-Saphorin,6.7959554,46.4731819,precise,"villa, settlement-modern",modern,pleiades_production,0.0
780853071,Csopak,17.928852,46.9734439,precise,"settlement, settlement-modern",modern,pleiades_settlement,0.0
780853072,Tempa Cortaglia,16.192539,40.4988679,precise,settlement,archaic,pleiades_settlement,2.25
207142,Goražde,18.975308,43.67068,precise,settlement,"roman,late-antique",pleiades_settlement,0.055
207352,Potpeć,18.873318,43.47887,precise,"settlement, mine-2","roman,late-antique",pleiades_settlement;pleiades_production,0.055
207627,Untitled,18.5,45.5,rough,bridge,"roman,late-antique",pleiades_transport,0.055
919620902,Timpone della Motta,16.3684571,39.8077845,precise,"sanctuary, settlement","2nd-millenium-bce,archaic,classical,modern",pleiades_settlement,8.15
823844102,Ponte di Nona,12.6588146,41.8914611,precise,bridge,roman,pleiades_transport,0.102
516051730,Molino San Vincenzo,11.0949512,43.6941505,precise,"settlement, villa","classical,roman,late-antique",pleiades_settlement;pleiades_production,2.988
513048413,Bir Massouda,10.3271851783,36.8508911811,precise,settlement,"archaic,classical,hellenistic-republican,roman,late-antique",pleiades_settlement,25.75
724216016,Manoppello Roman Villa,14.0567538099,42.2893870086,precise,"tomb, villa, estate, bath",roman,pleiades_production,0.102
530611410,Radicofani,11.7688501875,42.8986391578,precise,"settlement, fort",mediaeval-byzantine,pleiades_settlement,0.0
236153258,Domvs Romana,14.399458,35.8855259,precise,"townhouse, villa","roman,modern",pleiades_production,0.102
456339119,Oppidum de Conrouan,6.77839760691,43.7328713282,precise,fortified-settlement,1st-millennium-bce,pleiades_settlement,10.438
659743014,Passo Lombardo,12.6477298037,41.8451108276,precise,villa,roman,pleiades_production,0.102
659743015,Villa romana delle Grotte,10.3308107343,42.8004342509,precise,villa,"roman,modern",pleiades_production,0.102
348038268,Villa Area 5-7 a Tor Vergata,12.6326205403,41.8411785242,precise,villa,twenty-first-ce,pleiades_production,0.0
981864003,Canneto sul Trigno,14.60226515,41.85425955,precise,villa,"roman,twenty-first-ce",pleiades_production,0.102
664963716,Peschiera di Castrum Novum,11.8310858136,42.0381343224,precise,fishpond,roman,pleiades_production,0.102
429591722,Unnamed villa,12.4960243,41.8972416,precise,"ruin, villa",modern,pleiades_production,0.0
879707568,Podere Cosciano,10.798056,43.320278,precise,settlement,"classical,hellenistic-republican,roman,twentieth-ce,twenty-first-ce",pleiades_settlement,17.545
786809029,Villa of Furius Octavianus,12.363232,41.884525,precise,villa,"third-ce,twenty-first-ce",pleiades_production,0.0
394867,Untitled,12.25,44.25,rough,bridge,"roman,late-antique",pleiades_transport,0.055
394869,Roman bridge of San Vito,12.4534730794,44.0865590269,precise,bridge,"roman,late-antique",pleiades_transport,0.055
394870,Untitled,12.75,45.75,rough,bridge,"roman,late-antique",pleiades_transport,0.055
394871,Unnamed bridge,12.75,45.75,rough,bridge,"roman,late-antique",pleiades_transport,0.055
394872,Ponte romano – Ceggia,12.6592174,45.6745891499,precise,"bridge, archaeological-site","roman,late-antique",pleiades_transport,0.055
395622,Fossa Augusta,12.25,44.75,rough,canal,"roman,late-antique",pleiades_transport,0.055
395623,Fossa Flavia,12.25,44.75,rough,canal,"hellenistic-republican,roman,late-antique",pleiades_transport,7.2
396378,Untitled,11.25,45.25,rough,centuriation,"roman,late-antique",pleiades_production,0.055
396379,Untitled,11.25,45.25,rough,centuriation,"roman,late-antique",pleiades_production,0.055
396380,Untitled,11.25,45.25,rough,centuriation,"roman,late-antique",pleiades_production,0.055
396381,Untitled,11.25,44.75,rough,centuriation,"roman,late-antique",pleiades_production,0.055
396383,Untitled,11.75,45.75,rough,centuriation,"roman,late-antique",pleiades_production,0.055
396384,Untitled,11.75,45.75,rough,centuriation,"roman,late-antique",pleiades_production,0.055
396385,Untitled,11.75,45.25,rough,centuriation,"roman,late-antique",pleiades_production,0.055
396386,Unnamed centuriation (Claterna - Forum Cornelii - Faventia - Forum Livii),11.75,44.25,rough,centuriation,"roman,late-antique",pleiades_production,0.055
396387,Untitled,12.25,45.75,rough,centuriation,"roman,late-antique",pleiades_production,0.055
396388,Untitled,12.25,45.75,rough,centuriation,"roman,late-antique",pleiades_production,0.055
396389,Untitled,12.25,45.25,rough,centuriation,"roman,late-antique",pleiades_production,0.055
396390,Untitled,12.25,45.25,rough,centuriation,"roman,late-antique",pleiades_production,0.055
396393,Unnamed centuriation,12.25,44.25,rough,centuriation,"roman,late-antique",pleiades_production,0.055
396394,Untitled,12.75,45.75,rough,centuriation,"roman,late-antique",pleiades_production,0.055
403172,Ad Fines,10.4340511,43.3960392,precise,"station, settlement-modern","late-antique,twenty-first-ce",pleiades_transport,0.0
403173,Ad Solaria,11.116262,43.829747,precise,station,late-antique,pleiades_transport,0.0
403180,‘Argoos Limen’,10.3280985,42.8168005,precise,"settlement, port","archaic,classical,hellenistic-republican,roman,modern",pleiades_settlement;pleiades_transport,25.695
403183,Artimino,11.036,43.782111,precise,settlement,"archaic,classical,hellenistic-republican",pleiades_settlement,18.55
403187,Belora,10.522277,43.344522,precise,mine-2,"archaic,twentieth-ce",pleiades_production,2.25
403188,Boacias,9.910685,44.163256,precise,station,"roman,late-antique",pleiades_transport,0.055
403189,Bottino,10.2600493,43.9898607,precise,mine-2,"archaic,roman,modern",pleiades_production,2.353
403192,Cala Maestra,11.0968187986,42.2572113161,precise,"villa, bath","roman,twentieth-ce",pleiades_production,0.102
403194,Castellina Marittima,10.576512,43.412657,precise,mine-2,"archaic,twentieth-ce,twenty-first-ce",pleiades_production,2.25
403195,Castiglioncello,10.42891,43.404109,precise,settlement,"hellenistic-republican,roman",pleiades_settlement,7.145
403196,Cellole,11.001712,43.487846,precise,settlement,"classical,hellenistic-republican,twentieth-ce",pleiades_settlement,10.4
403197,Colle delle Carbonaie,10.41119,44.109277,precise,settlement,"hellenistic-republican,twentieth-ce",pleiades_settlement,4.0
403198,Colonnata,10.155511,44.087191,precise,quarry,"roman,twentieth-ce",pleiades_production,0.102
403202,Domitiana,11.11594,42.444525,precise,villa,"roman,late-antique,twentieth-ce",pleiades_production,0.055
403206,Falesia,10.5404874,42.9260272,precise,"settlement, port",late-antique,pleiades_settlement;pleiades_transport,0.0
403207,Fantiscritti,10.140644,44.08795,precise,quarry,"roman,twentieth-ce",pleiades_production,0.102
403208,Fossae Papirianae,10.256911,43.874536,precise,"canal, station","roman,late-antique",pleiades_transport,0.055
403211,La Fucinaia,10.612571,43.078744,precise,mine-2,"archaic,hellenistic-republican,twentieth-ce",pleiades_production,6.25
403212,Fufluna/Populonium,10.4896465247,42.9882438975,precise,"settlement, cemetery, mine, archaeological-site","archaic,classical,hellenistic-republican,roman,late-antique,modern",pleiades_settlement;pleiades_production,25.75
403214,Gallunianum,11.088246,43.428588,precise,"settlement, estate","late-antique,twentieth-ce",pleiades_settlement;pleiades_production,0.0
403218,Hellana,10.995417,43.886472,precise,station,late-antique,pleiades_transport,0.0
403220,Igilium,10.918268,42.361781,precise,settlement,"hellenistic-republican,roman,late-antique",pleiades_settlement,7.2
403223,Incitaria?,11.1237128,42.4338317,precise,"settlement, settlement-modern","late-antique,modern",pleiades_settlement,0.0
403225,Isola del Migliarino,10.315758,43.746445,precise,settlement,"archaic,classical,hellenistic-republican,roman,late-antique,twentieth-ce",pleiades_settlement,25.75
403230,Lago dell’Accesa (archaeological site),10.9011231,42.9877684,precise,"settlement, mine-2","archaic,classical,twentieth-ce,twenty-first-ce",pleiades_settlement;pleiades_production,8.15
403231,Levigliani,10.285414,44.021805,precise,settlement,"hellenistic-republican,roman,twentieth-ce",pleiades_settlement,7.145
403234,Luca,10.50703,43.84184,precise,settlement,"hellenistic-republican,roman,late-antique,modern",pleiades_settlement,7.2
403235,Luna,10.0167934777,44.0639916487,precise,"settlement, port, archaeological-site","hellenistic-republican,roman,late-antique,modern",pleiades_settlement;pleiades_transport,7.2
403239,Marciana Marina,10.197354,42.803757,precise,mine-2,"archaic,classical,hellenistic-republican",pleiades_production,18.55
403241,Massaciuccoli,10.360869,43.836039,precise,"villa, bath","hellenistic-republican,roman,modern",pleiades_production,7.145
403242,Miemo,10.670027,43.409309,precise,mine-2,"archaic,modern",pleiades_production,2.25
403243,Monte Castello,10.237092,42.77742,precise,settlement,"hellenistic-republican,roman,modern",pleiades_settlement,7.145
403244,Monte Serra,10.404491,42.829372,precise,mine-2,"archaic,classical,hellenistic-republican",pleiades_production,18.55
403245,Montecatini Val de Cécina,10.749662,43.392472,precise,mine-2,"archaic,twentieth-ce",pleiades_production,2.25
403248,Orbetello,11.220672,42.442267,precise,settlement,"archaic,classical,hellenistic-republican,twentieth-ce,twenty-first-ce",pleiades_settlement,18.55
403251,Pescia,10.691445,43.898167,precise,settlement,"roman,twentieth-ce",pleiades_settlement,0.102
403252,La Pieve,10.62101,43.298254,precise,villa,"roman,twentieth-ce",pleiades_production,0.102
403253,Pisae,10.400106,43.719417,precise,settlement,"classical,hellenistic-republican,roman,late-antique,modern",pleiades_settlement,17.6
403254,Pistoriae,10.9182435,43.932766,precise,settlement,"roman,late-antique",pleiades_settlement,0.055
403257,Ponte a Moriano,10.531034,43.907947,precise,settlement,"classical,hellenistic-republican",pleiades_settlement,10.4
403258,Ponte alle Conche,10.335553,43.734756,precise,settlement,"archaic,roman,twentieth-ce",pleiades_settlement,2.353
403260,Portus Herculis,11.203981,42.394886,precise,"settlement, port","hellenistic-republican,roman,late-antique,twentieth-ce,twenty-first-ce",pleiades_settlement;pleiades_transport,7.2
403261,Portus Pisanus?,10.3478436,43.6796766,precise,"settlement, port, settlement-modern","roman,late-antique,twentieth-ce,twenty-first-ce",pleiades_settlement;pleiades_transport,0.055
403262,Portus Veneris,9.832829,44.048291,precise,"settlement, port","roman,late-antique",pleiades_settlement;pleiades_transport,0.055
403265,Pullion,9.9088758,44.0844215,precise,"station, settlement-modern","late-antique,twenty-first-ce",pleiades_transport,0.0
403266,Puntone Vecchio,10.7869633173,42.8957951188,precise,villa,"roman,twentieth-ce",pleiades_production,0.102
403269,Salebro,10.882348,42.765854,precise,"settlement, port","hellenistic-republican,roman,late-antique,twentieth-ce",pleiades_settlement;pleiades_transport,7.2
403270,S. Gaetano di Vada,10.458431,43.352913,precise,settlement,"roman,late-antique,twentieth-ce",pleiades_settlement,0.055
403271,S. Giovanni,10.323734,42.795334,precise,mine-2,"archaic,classical,hellenistic-republican",pleiades_production,18.55
403272,S. Liberata,11.1520473,42.436299,precise,villa,roman,pleiades_production,0.102
403273,S. Maria del Giudice,10.4571433,43.7795666,precise,"settlement, settlement-modern","classical,hellenistic-republican,twentieth-ce,twenty-first-ce",pleiades_settlement,10.4
403274,S. Rocchino,10.289,43.875,precise,"settlement, port","villanovan,archaic,classical,hellenistic-republican,roman,late-antique,twentieth-ce",pleiades_settlement;pleiades_transport,28.0
403275,S. Vincenzino,10.5104764,43.3097587,precise,villa,"roman,late-antique,twentieth-ce",pleiades_production,0.055
403276,Scarlino,10.850554,42.909043,precise,settlement,"classical,hellenistic-republican",pleiades_settlement,10.4
403277,Sponda,10.107713,44.094988,precise,quarry,roman,pleiades_production,0.102
403279,Taberna Frigida,10.1168597248,44.0211615333,precise,"church-2, station","late-antique,modern,twentieth-ce",pleiades_transport,0.0
403280,Telamon,11.133273,42.555325,precise,"settlement, port","archaic,classical,hellenistic-republican,roman,late-antique,twentieth-ce",pleiades_settlement;pleiades_transport,25.75
403281,Tempagnano,10.526964,43.848303,precise,settlement,"archaic,classical,twentieth-ce",pleiades_settlement,8.15
403282,Terriccio,10.542344,43.382405,precise,mine-2,"archaic,twentieth-ce",pleiades_production,2.25
403288,Vada Volaterrana,10.4480069131,43.3594371303,precise,"settlement, port","hellenistic-republican,roman,late-antique,twentieth-ce",pleiades_settlement;pleiades_transport,7.2
403289,Valvata,10.546805,43.676629,precise,station,late-antique,pleiades_transport,0.0
403291,Vatl/Vetulonia,10.9721088,42.8594545333,precise,settlement,"archaic,classical,hellenistic-republican,roman,late-antique",pleiades_settlement,25.75
403292,Velathri/Volaterrae,10.8600625,43.401604,precise,"urban, settlement","archaic,classical,hellenistic-republican,roman,late-antique,modern",pleiades_settlement,25.75
403295,Virle,10.9422,43.807358,precise,mine-2,"archaic,classical",pleiades_production,8.15
404683,Untitled,10.25,43.25,rough,bridge,late-antique,pleiades_transport,0.0
404684,Untitled,11.25,42.75,rough,bridge,"roman,late-antique",pleiades_transport,0.055
405437,Untitled,10.25,43.75,rough,centuriation,"hellenistic-republican,roman",pleiades_production,7.145
405438,Untitled,10.25,43.75,rough,centuriation,roman,pleiades_production,0.102
405440,Untitled,11.25,43.75,rough,centuriation,"hellenistic-republican,roman",pleiades_production,7.145
408457,Villa del Saraceno (Giglio),10.9230003,42.35918475,precise,"lighthouse, villa, harbor, fishpond, bath","hellenistic-republican,roman",pleiades_production;pleiades_transport,7.145
409224,Hasta,11.1057807,42.669208,precise,"unlocated, station, settlement-modern",late-antique,pleiades_transport,0.0
409240,Turrita,10.4769785875,43.5584023613,precise,"unlocated, station, archaeological-site","roman,late-antique",pleiades_transport,0.055
412987,Acquarossa,12.134059823,42.4864243184,precise,settlement,"archaic,modern",pleiades_settlement,2.25
412988,Ad Aesim,12.75,43.25,rough,"unlocated, station",late-antique,pleiades_transport,0.0
412989,Ad Aesim,13.396908,43.629616,precise,station,late-antique,pleiades_transport,0.0
412990,Ad Aquas,13.411003,42.770761,precise,station,"hellenistic-republican,roman,late-antique,twentieth-ce,twenty-first-ce",pleiades_transport,7.2
412992,Ad Centesimum,13.311745,42.774676,precise,station,"roman,late-antique,twentieth-ce",pleiades_transport,0.055
412993,Ad Fines/Ad Casas Caesarianas,11.75,43.75,rough,station,"roman,late-antique",pleiades_transport,0.055
412995,Ad Octavum,12.958545,43.760033,precise,station,late-antique,pleiades_transport,0.0
412997,Ad Statuas,11.9011445,43.1484136,precise,"station, settlement-modern","roman,late-antique,twenty-first-ce",pleiades_transport,0.055
412998,Ad Vicesimum,12.487634,42.1477905,precise,station,"hellenistic-republican,roman,late-antique",pleiades_transport,7.2
413001,Aequiculi,13.1816409,42.2088946,precise,"settlement, settlement-modern","roman,late-antique,modern",pleiades_settlement,0.055
413002,Aesis,13.243375,43.522416,precise,settlement,"hellenistic-republican,roman,late-antique,modern",pleiades_settlement,7.2
413005,Alba Fucens,13.4111791182,42.0799043722,precise,"settlement, archaeological-site","hellenistic-republican,roman,late-antique,modern",pleiades_settlement,7.2
413008,Algae,11.7590683,42.1237348,precise,settlement,"roman,twenty-first-ce",pleiades_settlement,0.102
413009,Allumiere,11.90501,42.157369,precise,settlement,"archaic,twentieth-ce",pleiades_settlement,2.25
413011,Alviano Scalo,12.2611577,42.590112,precise,"villa, settlement-modern","roman,late-antique,twentieth-ce,twenty-first-ce",pleiades_production,0.055
413012,Ameria (Umbria),12.413467,42.557237,precise,settlement,"archaic,classical,hellenistic-republican,roman,late-antique,modern",pleiades_settlement,25.75
413013,Amiternum,13.3062214469,42.4004668176,precise,settlement,"hellenistic-republican,roman,late-antique,eighteenth-ce",pleiades_settlement,7.2
413014,Ancon(a),13.5160726667,43.6189926667,precise,"urban, settlement, port","classical,hellenistic-republican,roman,late-antique",pleiades_settlement;pleiades_transport,17.6
413015,Anguillara,12.269891,42.092645,precise,settlement,"roman,late-antique,twentieth-ce",pleiades_settlement,0.055
413016,Anneianum,11.38452,43.956438,precise,settlement,"roman,late-antique",pleiades_settlement,0.055
413017,Anxanum,14.391377,42.233175,precise,settlement,"classical,hellenistic-republican,roman,late-antique,twentieth-ce,twenty-first-ce",pleiades_settlement,17.6
413021,Aqua Viva,12.446371,42.272502,precise,station,"hellenistic-republican,roman,late-antique",pleiades_transport,7.2
413024,Aquae Cutiliae,13.011917,42.37894,precise,settlement,"roman,late-antique",pleiades_settlement,0.055
413025,Aquae Passeris,12.065647,42.414853,precise,"settlement, bath","roman,late-antique,nineteenth-ce,twentieth-ce",pleiades_settlement,0.055
413030,Arna,12.4860485,43.127841,precise,settlement,"classical,hellenistic-republican,roman,late-antique,modern",pleiades_settlement,17.6
413032,Arretium,11.863048,43.471274,precise,settlement,"archaic,classical,hellenistic-republican,roman,late-antique,modern",pleiades_settlement,25.75
413035,Asciano,11.561532,43.233376,precise,settlement,"archaic,classical,hellenistic-republican,roman,twentieth-ce",pleiades_settlement,25.695
413036,Asculum,13.574951,42.855397,precise,settlement,"classical,hellenistic-republican,roman,late-antique,modern",pleiades_settlement,17.6
413037,Asisium,12.618957,43.0706185,precise,settlement,"classical,hellenistic-republican,roman,late-antique,modern",pleiades_settlement,17.6
413039,Aternum,14.214037,42.4648345,precise,settlement,"hellenistic-republican,roman,late-antique",pleiades_settlement,7.2
413041,Attidium,12.9252914,43.3080729,precise,settlement,"hellenistic-republican,roman,roman-early-empire-late-antique,late-antique",pleiades_settlement,7.2
413042,*Aufenginum,13.574956,42.254057,precise,settlement,"roman,late-antique,twentieth-ce",pleiades_settlement,0.055
413043,Aufinum,13.7718891,42.2817298,precise,settlement,"hellenistic-republican,roman,late-antique",pleiades_settlement,7.2
413044,*Aurinia/Saturnia,11.504827,42.666255,precise,settlement,"archaic,classical,hellenistic-republican,roman,late-antique,twentieth-ce",pleiades_settlement,25.75
413045,Auximum,13.482435,43.486124,precise,settlement,"classical,hellenistic-republican,roman,late-antique,twentieth-ce",pleiades_settlement,17.6
413046,Aveia,13.487411,42.295745,precise,settlement,"hellenistic-republican,roman,late-antique,twentieth-ce",pleiades_settlement,7.2
413048,Axia,12.0190231229,42.3957687114,precise,"settlement, cemetery","archaic,classical,hellenistic-republican,roman,late-antique,modern",pleiades_settlement,25.75
413050,Baccanae,12.3600934668,42.1266374463,precise,station,"roman,late-antique,twentieth-ce",pleiades_transport,0.055
413051,Badies,13.272587,42.67347,precise,"unlocated, settlement","roman,late-antique",pleiades_settlement,0.055
413052,Balneum Regis,12.102333,42.6275932,precise,"settlement, settlement-modern, bath","archaic,hellenistic-republican,roman,late-antique,twenty-first-ce",pleiades_settlement,9.45
413054,Blera,12.027539,42.272684,precise,settlement,"archaic,classical,hellenistic-republican,roman,late-antique",pleiades_settlement,25.75
413056,Caelanum,13.540794,42.086584,precise,settlement,"hellenistic-republican,roman",pleiades_settlement,7.145
413058,Cales,12.648528,43.546796,precise,settlement,"classical,hellenistic-republican,roman,late-antique",pleiades_settlement,17.6
413060,Camerinum,13.068764,43.140369,precise,settlement,"classical,hellenistic-republican,roman,late-antique",pleiades_settlement,17.6
413061,Campovalano,13.663762,42.729081,precise,settlement,"archaic,classical,twentieth-ce",pleiades_settlement,8.15
413062,Capena,12.5396275,42.1735859,precise,"settlement, archaeological-site","archaic,classical,hellenistic-republican,roman,late-antique",pleiades_settlement,25.75
413063,Capestrano,13.766121,42.268582,precise,settlement,"archaic,classical,hellenistic-republican,twentieth-ce",pleiades_settlement,18.55
413065,Carsulae,12.5568068,42.6397991,precise,settlement,"hellenistic-republican,roman,late-antique",pleiades_settlement,7.2
413066,Casone,11.187324,43.39536,precise,settlement,"archaic,classical,hellenistic-republican,roman,twentieth-ce",pleiades_settlement,25.695
413067,Castellina,11.2872857,43.4691786,precise,"settlement, settlement-modern","archaic,twentieth-ce,twenty-first-ce",pleiades_settlement,2.25
413068,Castelluccio di Pienza,11.776145,43.032288,precise,settlement,"archaic,classical,hellenistic-republican,roman,late-antique",pleiades_settlement,25.75
413069,Castellum Firmanorum,13.794334,43.183742,precise,"settlement, port","hellenistic-republican,roman,late-antique",pleiades_settlement;pleiades_transport,7.2
413070,Castelsecco,11.9007486,43.445004,precise,settlement,"hellenistic-republican,roman",pleiades_settlement,7.145
413072,Castro,11.6494503,42.5330135,precise,settlement,"archaic,classical,hellenistic-republican,roman,late-antique,mediaeval-byzantine,twentieth-ce",pleiades_settlement,25.75
413073,Castrum Novum,13.962266,42.752395,precise,settlement,"hellenistic-republican,roman,late-antique,twentieth-ce,twenty-first-ce",pleiades_settlement,7.2
413074,Castrum Truentinum,13.904355,42.9137095,precise,settlement,"hellenistic-republican,roman,late-antique,twentieth-ce,twenty-first-ce",pleiades_settlement,7.2
413076,Centum Cellae,11.79681,42.091179,precise,"settlement, port","roman,late-antique,modern",pleiades_settlement;pleiades_transport,0.055
413077,Cetamura,11.4332763569,43.4927181998,precise,settlement,"archaic,classical,hellenistic-republican,roman,late-antique,mediaeval-byzantine,modern,twentieth-ce",pleiades_settlement,25.75
413078,Chianciano Terme,11.833663,43.059434,precise,settlement,"classical,hellenistic-republican,roman,late-antique,twentieth-ce",pleiades_settlement,17.6
413082,Cingulum,13.203437,43.37422,precise,settlement,"hellenistic-republican,roman,late-antique,twenty-first-ce",pleiades_settlement,7.2
413084,Civita,12.114371,42.6279534,precise,"settlement, settlement-modern","classical,hellenistic-republican,modern,twentieth-ce",pleiades_settlement,10.4
413085,Civita di Bagno,13.4401613491,42.311176927,precise,"church-2, sanctuary, settlement-modern, archaeological-site, settlement","hellenistic-republican,twentieth-ce,twenty-first-ce",pleiades_settlement,4.0
413086,La Cività di Spedino,13.262649,42.170865,precise,settlement,"hellenistic-republican,twentieth-ce",pleiades_settlement,4.0
413087,Civitalba,12.872519,43.4535495,precise,settlement,"hellenistic-republican,roman,twentieth-ce,twenty-first-ce",pleiades_settlement,7.145
413090,Cliternia,13.041311,42.314542,precise,settlement,"roman,late-antique,twentieth-ce",pleiades_settlement,0.055
413093,Cluana,13.719481,43.304556,precise,settlement,"roman,late-antique,twentieth-ce",pleiades_settlement,0.055
413096,Clusium,11.9477359,43.016515,precise,"settlement, settlement-modern","archaic,classical,hellenistic-republican,roman,late-antique,modern,twenty-first-ce",pleiades_settlement,25.75
413097,Cluviae,14.2614024,42.1327264,precise,settlement,"classical,hellenistic-republican,roman,late-antique,twentieth-ce,twenty-first-ce",pleiades_settlement,17.6
413098,Colle delle Fate,13.8995703849,42.1243068558,precise,"fortified-settlement, settlement, archaeological-site","classical,twentieth-ce",pleiades_settlement,2.933
413099,Colle Plinio,12.217487,43.5309165,precise,"villa, archaeological-site","roman,twentieth-ce",pleiades_production,0.102
413100,Collepezzuto,13.292748,42.163929,precise,settlement,"roman,twentieth-ce",pleiades_settlement,0.102
413101,Contrada Altavilla,13.597516,42.579768,precise,settlement,"hellenistic-republican,roman,late-antique,twentieth-ce",pleiades_settlement,7.2
413102,Contrada S. Rustico,13.713742,42.60531,precise,settlement,"hellenistic-republican,roman,late-antique,twentieth-ce",pleiades_settlement,7.2
413103,Corchiano,12.3605192508,42.351725456,precise,"settlement, settlement-modern","archaic,classical,hellenistic-republican,modern",pleiades_settlement,18.55
413104,Corciano,12.286271,43.128429,precise,settlement,"archaic,hellenistic-republican,twentieth-ce",pleiades_settlement,6.25
413105,Corfinium,13.8390468814,42.1219889899,precise,"settlement, archaeological-site","hellenistic-republican,roman,late-antique",pleiades_settlement,7.2
413106,Cortona,11.98775,43.274078,precise,settlement,"1st-millennium-bce,archaic,classical,hellenistic-republican,roman,late-antique",pleiades_settlement,18.218
413112,Cupra Maritima,13.85713,43.0225465,precise,settlement,"archaic,hellenistic-republican,roman,late-antique",pleiades_settlement,9.45
413113,Cupra Montana,13.116404,43.446878,precise,settlement,"hellenistic-republican,roman,late-antique,twentieth-ce,twenty-first-ce",pleiades_settlement,7.2
413114,Cures,12.68544,42.1802695,precise,settlement,"archaic,classical,hellenistic-republican,roman,late-antique",pleiades_settlement,25.75
413118,Doganella,11.27036615,42.54855935,precise,settlement,"archaic,classical,hellenistic-republican,twentieth-ce",pleiades_settlement,18.55
413121,Eretum,12.626047,42.101134,precise,settlement,"archaic,classical,hellenistic-republican,roman,late-antique",pleiades_settlement,25.75
413124,Faesulae,11.2937719332,43.8081829679,precise,"settlement, archaeological-site","archaic,classical,hellenistic-republican,roman,late-antique,twenty-first-ce",pleiades_settlement,25.75
413125,Falerii,12.3588927759,42.2998390896,precise,"settlement, archaeological-site","hellenistic-republican,roman,late-antique",pleiades_settlement,7.2
413126,Falerii Veteres,12.415435,42.297013,precise,"settlement, settlement-modern, findspot","archaic,classical,hellenistic-republican,roman,modern,twenty-first-ce",pleiades_settlement,25.695
413127,Falerio,13.470265,43.105492,precise,settlement,"hellenistic-republican,roman,late-antique,twentieth-ce",pleiades_settlement,7.2
413129,Fanum Fortunae,13.016921,43.844902,precise,settlement,"hellenistic-republican,roman,late-antique,modern",pleiades_settlement,7.2
413130,Fanum Fugitivi,12.723449,42.680127,precise,station,late-antique,pleiades_transport,0.0
413132,Ferentium,12.1312852549,42.4886766719,precise,"settlement, archaeological-site","hellenistic-republican,roman,late-antique,twentieth-ce,twenty-first-ce",pleiades_settlement,7.2
413133,Fescennium,12.416853,42.210553,precise,settlement,"archaic,twentieth-ce,twenty-first-ce",pleiades_settlement,2.25
413134,*Firmidianum,12.644981,43.685026,precise,settlement,"roman,late-antique",pleiades_settlement,0.055
413135,Firmum Picenum,13.7168264,43.1610772,precise,settlement,"archaic,classical,hellenistic-republican,roman,late-antique,modern",pleiades_settlement,25.75
413136,Fisternae,13.219143,42.348713,precise,station,late-antique,pleiades_transport,0.0
413138,Florentia,11.2556404,43.7697955,precise,"settlement, settlement-modern","roman,late-antique,sixteenth-ce,modern,twenty-first-ce",pleiades_settlement,0.055
413141,Fontecchio,13.605138,42.231677,precise,"settlement, sanctuary","roman,twentieth-ce",pleiades_settlement,0.102
413142,Foruli,13.279132,42.353137,precise,settlement,"roman,late-antique,twentieth-ce",pleiades_settlement,0.055
413143,Forum Aurelii,11.607969,42.351426,precise,settlement,"hellenistic-republican,roman,late-antique",pleiades_settlement,7.2
413144,Forum Cassii,12.0715965331,42.3306343445,precise,"church-2, settlement","hellenistic-republican,roman,late-antique,modern,twentieth-ce",pleiades_settlement,7.2
413145,Forum Clodii,12.167955,42.126751,precise,settlement,"hellenistic-republican,roman,late-antique",pleiades_settlement,7.2
413146,Forum Decii,13.098276,42.526509,precise,settlement,"hellenistic-republican,roman,late-antique,twentieth-ce",pleiades_settlement,7.2
413147,Forum Flaminii,12.7264717,42.9843035,precise,"settlement, settlement-modern","hellenistic-republican,roman,late-antique,twentieth-ce,twenty-first-ce",pleiades_settlement,7.2
413148,Forum Novum (Vescovio),12.61368,42.32876,precise,settlement,"roman,late-antique",pleiades_settlement,0.055
413149,Forum Sempronii,12.813782,43.69177,precise,settlement,"hellenistic-republican,roman,late-antique",pleiades_settlement,7.2
413151,Fulginiae,12.703279,42.956143,precise,settlement,"hellenistic-republican,roman,late-antique,twentieth-ce,twenty-first-ce",pleiades_settlement,7.2
413152,Furfo,13.5634153,42.3015747,precise,"church-2, settlement","roman,late-antique",pleiades_settlement,0.055
413154,Galeata,11.914199,43.998918,precise,settlement,roman,pleiades_settlement,0.102
413156,Ghiaccio Forte,11.3921086702,42.6062371674,precise,"settlement, archaeological-site","archaic,classical,hellenistic-republican,modern",pleiades_settlement,18.55
413157,Graviscae,11.7104317212,42.2128332483,precise,"settlement, port, archaeological-site","archaic,classical,hellenistic-republican,roman,late-antique,modern",pleiades_settlement;pleiades_transport,25.75
413158,Grotte di Castro,11.8842621695,42.6708875988,precise,"fortified-settlement, settlement, cemetery, settlement-modern","archaic,classical,hellenistic-republican,modern,twentieth-ce",pleiades_settlement,18.55
413159,Grotte di S. Nicola,12.8113711,42.492459,precise,villa,"hellenistic-republican,roman,roman-early-empire-late-antique,twentieth-ce,twenty-first-ce",pleiades_production,7.173
413160,Grotte di Torri,12.6721069406,42.2020207216,precise,villa,"roman,late-antique",pleiades_production,0.055
413163,Hatria (Picenum),13.981081,42.5802,precise,settlement,"archaic,hellenistic-republican,roman,late-antique",pleiades_settlement,9.45
413164,Heba,11.3075971,42.5856344,precise,settlement,"archaic,classical,hellenistic-republican,roman",pleiades_settlement,25.695
413166,Helvia Ricina,13.422732,43.326764,precise,settlement,"classical,hellenistic-republican,roman,late-antique",pleiades_settlement,17.6
413167,Helvillum,12.759704,43.296882,precise,settlement,"hellenistic-republican,roman,late-antique,twentieth-ce,twenty-first-ce",pleiades_settlement,7.2
413170,Hispellum,12.6718645,42.9903585,precise,settlement,"hellenistic-republican,roman,late-antique,twentieth-ce,twenty-first-ce",pleiades_settlement,7.2
413171,Histonium,14.709616,42.112716,precise,settlement,"classical,hellenistic-republican,roman,late-antique,twentieth-ce,twenty-first-ce",pleiades_settlement,17.6
413172,Horta,12.386423,42.460326,precise,"settlement, archaeological-site","archaic,classical,hellenistic-republican,roman,late-antique,modern",pleiades_settlement,25.75
413174,Iguvium,12.573438,43.355464,precise,settlement,"classical,hellenistic-republican,roman,late-antique,modern",pleiades_settlement,17.6
413178,Interamna Nahars,12.6436548,42.56219435,precise,"settlement, settlement-modern","archaic,classical,hellenistic-republican,roman,late-antique,modern,twentieth-ce,twenty-first-ce",pleiades_settlement,25.75
413179,Interamnia Praetuttiorum,13.698507,42.661254,precise,settlement,"archaic,hellenistic-republican,roman,late-antique,modern",pleiades_settlement,9.45
413180,Intercisa/Petra Pertusa,12.7311672,43.6534372,precise,"tunnel, station","roman,late-antique,twentieth-ce,twenty-first-ce",pleiades_transport,0.055
413181,Interocrium,13.080933,42.41605,precise,settlement,"roman,late-antique",pleiades_settlement,0.055
413182,Interpromium,13.934227,42.244249,precise,"settlement, station","roman,late-antique",pleiades_settlement;pleiades_transport,0.055
413184,Lucus Feroniae,12.5963813852,42.1302159491,precise,"settlement, villa","classical,hellenistic-republican,roman,late-antique",pleiades_settlement;pleiades_production,17.6
413185,Lugnano,12.330585,42.574173,precise,"cemetery, villa","roman,twentieth-ce,twenty-first-ce",pleiades_production,0.102
413186,Luni sul Mignone,11.9329888,42.225787,precise,settlement,"archaic,classical,twentieth-ce,twenty-first-ce",pleiades_settlement,8.15
413188,Magliano Sabina,12.4819577,42.3614197,precise,"settlement, settlement-modern","archaic,classical,hellenistic-republican,modern,twentieth-ce",pleiades_settlement,18.55
413189,Manliana,11.7716466,43.1667601,precise,"settlement, settlement-modern","roman,late-antique,twentieth-ce,twenty-first-ce",pleiades_settlement,0.055
413192,Marsiliana d’Albegna,11.342686,42.536242,precise,settlement,"archaic,classical,roman,twentieth-ce,twenty-first-ce",pleiades_settlement,8.252
413194,Martanum,11.696467,42.234372,precise,"settlement, port",roman,pleiades_settlement;pleiades_transport,0.102
413195,Maternum,11.726716,42.550458,precise,station,late-antique,pleiades_transport,0.0
413196,Matilica,13.011553,43.255092,precise,settlement,"hellenistic-republican,roman,late-antique",pleiades_settlement,7.2
413197,Matrinum,14.135503,42.534535,precise,settlement,"hellenistic-republican,roman,late-antique",pleiades_settlement,7.2
413200,Mevania,12.609394,42.93488,precise,settlement,"hellenistic-republican,roman,late-antique",pleiades_settlement,7.2
413201,Mevaniola,11.9044939168,43.988133964,precise,settlement,"roman,late-antique",pleiades_settlement,0.055
413205,Mola di Monte Gelato,12.378602,42.183716,precise,"tomb, settlement, archaeological-site","hellenistic-republican,roman,late-antique",pleiades_settlement,7.2
413207,Monte Calvo,12.8187491153,42.1958570703,precise,villa,"roman,modern,twenty-first-ce",pleiades_production,0.102
413208,Montedoro di Scapezzano,13.146849,43.73167,precise,settlement,"archaic,classical,twentieth-ce",pleiades_settlement,8.15
413209,Monte S. Angelo,12.3352607,42.1160579,precise,"settlement, hill","archaic,classical,twenty-first-ce",pleiades_settlement,8.15
413210,Monteferetra,12.346122,43.896791,precise,settlement,"roman,late-antique",pleiades_settlement,0.055
413212,Montelibretti,12.738121,42.135404,precise,settlement,"archaic,classical,twentieth-ce",pleiades_settlement,8.15
413213,Monterano,12.09040115,42.13557695,precise,"settlement, settlement-modern","archaic,hellenistic-republican,modern,twentieth-ce",pleiades_settlement,6.25
413214,Monti della Tolfa,11.931606326,42.1227316298,precise,"mountain, mine-2","archaic,modern,twenty-first-ce",pleiades_production,2.25
413216,Poggio Civitate (Murlo),11.3953309053,43.1622668775,precise,"settlement, architecturalcomplex","archaic,classical,mediaeval-byzantine,modern",pleiades_settlement,8.15
413217,Musarna,11.9765756,42.4122179,precise,settlement,"archaic,classical,hellenistic-republican,roman,late-antique",pleiades_settlement,25.75
413224,Nepet,12.346563,42.244061,precise,settlement,"archaic,classical,hellenistic-republican,roman,late-antique",pleiades_settlement,25.75
413225,Nequinum/Narnia,12.51568345,42.5187636,precise,settlement,"classical,hellenistic-republican,roman,late-antique,modern",pleiades_settlement,17.6
413226,Novilara,12.932178,43.858934,precise,settlement,"archaic,classical,twentieth-ce",pleiades_settlement,8.15
413227,Nuceria,12.788349,43.113857,precise,settlement,"hellenistic-republican,roman,roman-early-empire-late-antique,late-antique",pleiades_settlement,7.2
413228,Numana,13.62142,43.511271,precise,settlement,"archaic,classical,hellenistic-republican,roman,late-antique",pleiades_settlement,25.75
413229,Nursia,13.096435,42.794246,precise,settlement,"classical,hellenistic-republican,roman,late-antique",pleiades_settlement,17.6
413231,Ocriculum,12.466611,42.412746,precise,settlement,"archaic,classical,hellenistic-republican,roman,late-antique,modern",pleiades_settlement,25.75
413233,[Orcla],11.9509828338,42.3379487068,precise,"settlement, cemetery","archaic,classical,hellenistic-republican,modern",pleiades_settlement,18.55
413234,Ortona,14.405203,42.356904,precise,settlement,"hellenistic-republican,roman,late-antique",pleiades_settlement,7.2
413236,Ossaia,12.0040791,43.23473025,precise,villa,"hellenistic-republican,roman,late-antique,modern",pleiades_production,7.2
413237,Ostia Aterni,14.214093,42.46482,precise,settlement,"roman,late-antique",pleiades_settlement,0.055
413238,Ostra,13.0860688922,43.5843681671,precise,settlement,"hellenistic-republican,hellenistic-roman-early-empire,roman,late-antique,twentieth-ce",pleiades_settlement,7.2
413241,Paganica,13.470296,42.359661,precise,settlement,"hellenistic-republican,roman,late-antique",pleiades_settlement,7.2
413242,Pallanum,14.3952017984,42.0289861678,precise,"city-wall, station, archaeological-site","hellenistic-republican,late-antique",pleiades_transport,4.0
413244,Palmensis Ager,13.8089603,43.1410756,precise,"region, settlement","roman,twenty-first-ce",pleiades_settlement,0.102
413245,Passo Corese,12.6525978,42.1562653,precise,"settlement, settlement-modern","hellenistic-republican,roman,modern",pleiades_settlement,7.145
413246,Pausulae,13.5001341,43.2743549,precise,"settlement, settlement-modern","hellenistic-republican,roman,late-antique,twentieth-ce,twenty-first-ce",pleiades_settlement,7.2
413247,Peltuinum,13.622182098,42.2847521355,precise,settlement,"hellenistic-republican,roman,late-antique",pleiades_settlement,7.2
413248,Perusia,12.3899085,43.111192,precise,settlement,"archaic,classical,hellenistic-republican,roman,roman-early-empire-late-antique,late-antique,modern",pleiades_settlement,25.75
413251,Phalacrinae,13.158724,42.617277,precise,settlement,"roman,late-antique,twentieth-ce",pleiades_settlement,0.055
413252,Piano Tondo,11.512616,43.40836,precise,settlement,"archaic,twentieth-ce",pleiades_settlement,2.25
413255,Pinna,13.927488,42.457647,precise,settlement,"hellenistic-republican,roman,late-antique,twentieth-ce",pleiades_settlement,7.2
413256,Pisaurum,12.91577,43.912081,precise,settlement,"classical,hellenistic-republican,roman,late-antique,twentieth-ce,twenty-first-ce",pleiades_settlement,17.6
413258,Pitigliano,11.67454,42.635979,precise,settlement,"archaic,hellenistic-republican,twentieth-ce",pleiades_settlement,6.25
413259,Pitino,13.236158,43.279891,precise,settlement,"archaic,classical,twentieth-ce",pleiades_settlement,8.15
413260,Pitinum,13.377905,42.348273,precise,settlement,"roman,late-antique",pleiades_settlement,0.055
413261,Pitinum Mergens,12.6510415,43.613769,precise,settlement,"roman,late-antique",pleiades_settlement,0.055
413262,Pitinum Pisaurense,12.441276,43.803909,precise,settlement,"roman,late-antique,twentieth-ce",pleiades_settlement,0.055
413263,Planina,13.161432,43.485376,precise,settlement,"classical,hellenistic-republican,roman,twentieth-ce",pleiades_settlement,17.545
413264,Plestia,12.9037724984,43.0303410195,precise,settlement,"classical,hellenistic-republican,roman,late-antique,modern",pleiades_settlement,17.6
413266,Poggio Buco,11.5856036318,42.58852029,precise,"city-wall, settlement, cemetery","archaic,classical,hellenistic-republican,twentieth-ce",pleiades_settlement,18.55
413267,Poggio Sommavilla,12.527235,42.309147,precise,settlement,"archaic,classical,hellenistic-republican,twentieth-ce",pleiades_settlement,18.55
413268,Polimartium,12.248313,42.488153,precise,settlement,"late-antique,modern",pleiades_settlement,0.0
413269,Ponte a Buriano,11.797587,43.507544,precise,settlement,"roman,twentieth-ce",pleiades_settlement,0.102
413270,Ponte Capo d’Acqua,12.867477,42.466552,precise,villa,"hellenistic-republican,roman,twentieth-ce",pleiades_production,7.145
413272,Potentia,13.66733325,43.4198358,precise,"settlement, archaeological-site","hellenistic-republican,roman,late-antique",pleiades_settlement,7.2
413275,Prolaqueum,12.98567,43.17905,precise,"station, settlement, settlement-modern","roman,late-antique,modern",pleiades_settlement;pleiades_transport,0.055
413276,Punta La Penna,14.714246,42.17132,precise,settlement,"hellenistic-republican,roman,twentieth-ce",pleiades_settlement,7.145
413278,Quintianum,11.652634,42.273848,precise,settlement,roman,pleiades_settlement,0.102
413282,Rapinium,11.732615,42.1569,precise,settlement,roman,pleiades_settlement,0.102
413283,Reate,12.861183,42.403067,precise,settlement,"classical,hellenistic-republican,roman,late-antique,modern",pleiades_settlement,17.6
413284,Regis Villa/Regae,11.597172,42.30819,precise,settlement,"archaic,hellenistic-republican,roman,twentieth-ce",pleiades_settlement,9.395
413285,Respampani,11.9115246741,42.3656173778,precise,settlement,"archaic,classical,hellenistic-republican,modern,twentieth-ce,twenty-first-ce",pleiades_settlement,18.55
413287,Rostrata Villa,12.47521635,42.19691045,precise,"station, villa","roman,late-antique",pleiades_production;pleiades_transport,0.055
413288,Rusellae,11.1599991277,42.8277225058,precise,"settlement, archaeological-site","archaic,classical,hellenistic-republican,roman,late-antique,modern",pleiades_settlement,25.75
413292,Sacraria,12.767364,42.833321,precise,station,late-antique,pleiades_transport,0.0
413293,Saena,11.33107765,43.3186243,precise,"settlement, settlement-modern","hellenistic-republican,roman,roman-early-empire-late-antique,late-antique,modern",pleiades_settlement,7.2
413296,S. Casciano dei Bagni,11.8750878,42.8716655,precise,"settlement, settlement-modern, bath","hellenistic-republican,roman,modern,twenty-first-ce",pleiades_settlement,7.145
413297,S. Erasmo di Cesi,12.5913760181,42.6129987413,precise,"settlement, architecturalcomplex","archaic,classical,hellenistic-republican",pleiades_settlement,18.55
413298,San Giovenale,11.9993370324,42.2243731824,precise,"settlement, acropolis, archaeological-site","1st-millennium-bce,archaic,classical,hellenistic-republican,twentieth-ce,twenty-first-ce",pleiades_settlement,12.321
413299,San Giuliano,12.0777547764,42.2617498883,precise,"settlement, cemetery, archaeological-site","archaic,classical,hellenistic-republican",pleiades_settlement,18.55
413301,S. Pier Maggiore,11.487993,43.926494,precise,settlement,"classical,hellenistic-republican,roman,twentieth-ce",pleiades_settlement,17.545
413302,S. Valentino,12.697622,42.273213,precise,villa,"roman,twentieth-ce",pleiades_production,0.102
413303,S. Vittore,13.244333,43.43862,precise,settlement,"roman,late-antique,twentieth-ce",pleiades_settlement,0.055
413306,Sarsina,12.142155,43.9194,precise,settlement,"classical,hellenistic-republican,roman,late-antique",pleiades_settlement,17.6
413307,Sarteano,11.866922,42.989216,precise,settlement,"archaic,classical,hellenistic-republican,roman,twentieth-ce",pleiades_settlement,25.695
413310,Sena Gallica,13.21799,43.714978,precise,settlement,"hellenistic-republican,roman,late-antique,modern",pleiades_settlement,7.2
413312,Sentinum,12.855963,43.427013,precise,settlement,"classical,hellenistic-republican,roman,late-antique",pleiades_settlement,17.6
413314,Septempeda,13.1958654935,43.2353780132,precise,"defensive-wall, settlement, archaeological-site","hellenistic-republican,roman,late-antique,twentieth-ce",pleiades_settlement,7.2
413315,Sestinum,12.298883,43.710612,precise,settlement,"hellenistic-republican,roman,late-antique,modern",pleiades_settlement,7.2
413316,Settefinestre,11.3267444865,42.4307213024,precise,"villa, estate","hellenistic-republican,roman,late-antique,modern",pleiades_production,7.2
413318,Sorano,11.713704,42.682571,precise,settlement,"archaic,classical,hellenistic-republican,roman",pleiades_settlement,25.695
413319,Sorrina,12.104818,42.417376,precise,settlement,"classical,hellenistic-republican,roman",pleiades_settlement,17.545
413320,Spoletium,12.73839,42.745301,precise,settlement,"hellenistic-republican,roman,late-antique",pleiades_settlement,7.2
413321,Piammiano,12.2655679851,42.5096123799,precise,settlement,"seventh-bce,sixth-bce,fifth-bce,fourth-bce,hellenistic-republican,third-bce,second-bce,first-bce,roman,late-antique,fourth-ce,fifth-ce,sixth-ce,nineteenth-ce,twentieth-ce,twenty-first-ce",pleiades_settlement,17.98
413322,Statulae,13.773125,42.087576,precise,station,"hellenistic-republican,roman,late-antique",pleiades_transport,7.2
413323,Suana,11.647039,42.658621,precise,settlement,"classical,hellenistic-republican,roman,late-antique",pleiades_settlement,17.6
413324,Suasa,12.984093,43.625016,precise,settlement,"hellenistic-republican,roman,late-antique",pleiades_settlement,7.2
413325,Succosa,11.288555,42.407284,precise,station,"roman,late-antique",pleiades_transport,0.055
413326,Superaequum,13.73065,42.130585,precise,settlement,"archaic,hellenistic-republican,roman,late-antique",pleiades_settlement,9.45
413328,Sutrium,12.220462,42.242794,precise,settlement,"classical,hellenistic-republican,roman,late-antique",pleiades_settlement,17.6
413330,Tadinae,12.786046,43.230265,precise,"settlement, station","classical,hellenistic-republican,roman,late-antique",pleiades_settlement;pleiades_transport,17.6
413331,Talamone,11.1364256,42.5644167,precise,villa,"roman,twentieth-ce,twenty-first-ce",pleiades_production,0.102
413332,Tarchna/Tarquinii,11.7914539586,42.2572541045,precise,"cultural-landscape, settlement","archaic,classical,hellenistic-republican,roman,late-antique,modern",pleiades_settlement,25.75
413333,Teate,14.1659738,42.3446529,precise,"settlement, settlement-modern","classical,hellenistic-republican,roman,late-antique,modern,twenty-first-ce",pleiades_settlement,17.6
413338,Tifernum Mataurense,12.416182,43.666421,precise,settlement,"hellenistic-republican,roman,late-antique",pleiades_settlement,7.2
413339,Tifernum Tiberinum,12.2403118,43.4574214,precise,"settlement, settlement-modern","hellenistic-republican,roman,late-antique,twentieth-ce,twenty-first-ce",pleiades_settlement,7.2
413342,Tiora Matiene,13.2652927,42.4255566,precise,"settlement, settlement-modern","archaic,classical,roman,twentieth-ce,twenty-first-ce",pleiades_settlement,8.252
413344,Tolentinum,13.288166,43.209596,precise,settlement,"archaic,classical,hellenistic-republican,roman,late-antique",pleiades_settlement,25.75
413346,Traianus?,11.8047157,42.0992901,precise,villa,roman,pleiades_production,0.102
413348,Trea,13.2918780797,43.3182564062,precise,settlement,"hellenistic-republican,hellenistic-roman-early-empire,roman,late-antique",pleiades_settlement,7.2
413349,Trebiae,12.7474547,42.8774972,precise,"settlement, settlement-modern","hellenistic-republican,roman,late-antique,twenty-first-ce",pleiades_settlement,7.2
413350,Trebula Mutuesca,12.8685943,42.2278485,precise,settlement,"hellenistic-republican,roman,late-antique,twentieth-ce,twenty-first-ce",pleiades_settlement,7.2
413352,Trevignano,12.241718,42.158446,precise,settlement,"archaic,classical,modern",pleiades_settlement,8.15
413354,Tuder,12.408494,42.780253,precise,"settlement, settlement-modern","classical,hellenistic-republican,roman,late-antique,modern",pleiades_settlement,17.6
413355,Tuficum,12.997564,43.345836,precise,"settlement, amphitheatre","hellenistic-republican,roman,late-antique,twentieth-ce",pleiades_settlement,7.2
413356,Tuscana,11.87028,42.419248,precise,settlement,"archaic,classical,hellenistic-republican,roman,late-antique,modern",pleiades_settlement,25.75
413364,Urbs Salvia,13.3847004,43.1976738,precise,settlement,"hellenistic-republican,roman,late-antique",pleiades_settlement,7.2
413365,Urvinum Hortense,12.5249538406,42.9847018534,precise,"settlement, amphitheatre, settlement-modern","hellenistic-republican,roman,late-antique,modern",pleiades_settlement,7.2
413366,Urvinum Mataurense,12.6363135,43.7262608,precise,"settlement, settlement-modern","hellenistic-republican,roman,late-antique,twentieth-ce,twenty-first-ce",pleiades_settlement,7.2
413369,Vacchereccia,12.536298,42.094225,precise,settlement,"roman,late-antique",pleiades_settlement,0.055
413373,Velzna/*Volsinii Veteres/Urbiventus,12.111566,42.716449,precise,settlement,"archaic,classical,hellenistic-republican,roman,late-antique,modern",pleiades_settlement,25.75
413374,Verucchio,12.4220641,43.983469,precise,"settlement, settlement-modern","archaic,classical,roman,twentieth-ce,twenty-first-ce",pleiades_settlement,8.252
413375,Vespasiae,13.020469,42.787963,precise,settlement,roman,pleiades_settlement,0.102
413377,Vettona,12.4853735,43.013786,precise,settlement,"hellenistic-republican,roman,late-antique,twentieth-ce,twenty-first-ce",pleiades_settlement,7.2
413379,Vicarello,12.207393,42.158483,precise,villa,"hellenistic-republican,roman",pleiades_production,7.145
413380,Vicus Martis,12.5322317,42.7513892,precise,"settlement, archaeological-site","hellenistic-republican,roman,late-antique,twentieth-ce",pleiades_settlement,7.2
413381,Vicus Matrini,12.1514445,42.2686125,precise,settlement,"roman,late-antique",pleiades_settlement,0.055
413382,Vicus Novus/Ad Novas,12.81423,42.21133,precise,station,"roman,late-antique,twentieth-ce",pleiades_transport,0.055
413383,Vignanello,12.27716,42.383575,precise,settlement,"archaic,classical,hellenistic-republican,roman,twentieth-ce,twenty-first-ce",pleiades_settlement,25.695
413385,Villalfonsina,14.571047,42.160985,precise,settlement,"classical,hellenistic-republican,twentieth-ce",pleiades_settlement,10.4
413386,Visentium,11.8740046,42.5734232,precise,settlement,"2nd-millenium-bce,archaic,classical,hellenistic-republican,roman,twentieth-ce,twenty-first-ce",pleiades_settlement,25.695
413389,Volsinii,11.9851078364,42.6480274167,precise,"settlement, archaeological-site","hellenistic-republican,roman,late-antique,modern,twentieth-ce",pleiades_settlement,7.2
413391,Volusii,12.600626091,42.1330395279,precise,villa,"hellenistic-republican,roman,modern",pleiades_production,7.145
413393,Vulci,11.631667,42.418889,precise,settlement,"archaic,classical,hellenistic-republican,roman,late-antique,twenty-first-ce",pleiades_settlement,25.75
414498,Ponte Buriano,11.7981913,43.5060459,precise,"bridge, settlement-modern","hellenistic-republican,roman,late-antique,modern,twenty-first-ce",pleiades_transport,7.2
414499,Ponte Romito,11.6780812899,43.4995120669,precise,bridge,"hellenistic-republican,roman,roman-early-empire-late-antique,late-antique,twenty-first-ce",pleiades_transport,7.2
414500,Ponte di Pogi,11.61473525,43.4660722,precise,bridge,"hellenistic-republican,roman,late-antique,mediaeval-byzantine",pleiades_transport,7.2
414501,Untitled,11.9930994221,42.1787294158,precise,"bridge, settlement-modern","hellenistic-republican,roman,late-antique,twenty-first-ce",pleiades_transport,7.2
414502,Ponte dell'Abbadia,11.63162525,42.42986475,precise,bridge,"hellenistic-republican,roman,late-antique,mediaeval-byzantine",pleiades_transport,7.2
414503,Bridge on Via Cassia near *Volsinii Veteres,12.098483,42.745205,precise,bridge,"hellenistic-republican,roman,late-antique",pleiades_transport,7.2
414504,Untitled,12.25,42.25,rough,bridge,"hellenistic-republican,roman,late-antique",pleiades_transport,7.2
414505,"Ponte della Rocca, Blera",12.0156851,42.2835412,precise,bridge,"hellenistic-republican,roman,late-antique",pleiades_transport,7.2
414507,Unnamed bridge over the Nar river near Terni,12.70473475,42.5535438,precise,bridge,"hellenistic-republican,roman,roman-early-empire-late-antique,late-antique",pleiades_transport,7.2
414508,Unnamed bridge,12.569918,42.883902,precise,bridge,"hellenistic-republican,roman,late-antique",pleiades_transport,7.2
414509,Untitled,13.065599,43.047894,precise,bridge,"hellenistic-republican,roman,late-antique",pleiades_transport,7.2
414510,Ponte di Quintodecimo,13.3854880411,42.7630317524,precise,bridge,"hellenistic-republican,roman,late-antique,twenty-first-ce",pleiades_transport,7.2
415253,Untitled,11.25,42.75,rough,centuriation,"hellenistic-republican,roman,late-antique",pleiades_production,7.2
415255,Untitled,12.75,42.75,rough,centuriation,"hellenistic-republican,roman,late-antique",pleiades_production,7.2
415256,Untitled,13.25,43.75,rough,centuriation,"hellenistic-republican,roman,late-antique",pleiades_production,7.2
416791,Cingilia,13.75,42.25,rough,"unlocated, settlement","hellenistic-republican,roman",pleiades_settlement,7.145
416834,Nersa,13.1816409,42.2088946,precise,"unlocated, settlement, settlement-modern","hellenistic-republican,roman,modern",pleiades_settlement,7.145
416856,Septem Aquae,12.8361776,42.4755701,precise,settlement,"hellenistic-republican,roman,late-antique,modern",pleiades_settlement,7.2
416863,Surpicanum,13.2965826,42.7723609,precise,"unlocated, station, settlement-modern","late-antique,modern",pleiades_transport,0.0
422802,Acqua Acetosa,12.477671,41.802176,precise,settlement,"archaic,twentieth-ce,twenty-first-ce",pleiades_settlement,2.25
422803,Acquafredda,12.389849,41.884204,precise,settlement,archaic,pleiades_settlement,2.25
422805,Ad Bivium,12.97546265,41.74832945,precise,station,"archaic,classical,hellenistic-republican,roman,late-antique,twentieth-ce",pleiades_transport,25.75
422806,Ad Decimum,12.43771,41.756933,precise,"station, settlement-modern","archaic,classical,hellenistic-republican,roman,late-antique,modern,twenty-first-ce",pleiades_transport,25.75
422807,Ad Decimum,12.636344,41.803045,precise,station,"hellenistic-republican,roman,late-antique",pleiades_transport,7.2
422808,Ad Duas Lauros,12.548943,41.878938,precise,villa,late-antique,pleiades_production,0.0
422809,Ad Gallinas Albas,12.492049,42.001807,precise,station,"hellenistic-republican,roman,late-antique",pleiades_transport,7.2
422811,Ad Nonum,12.659532,41.890469,precise,"station, archaeological-site","archaic,classical,hellenistic-republican,roman,late-antique",pleiades_transport,25.75
422812,Ad Nonum,12.58889,41.79083,precise,station,"roman,late-antique",pleiades_transport,0.055
422813,Ad Pictas,12.860163,41.750203,precise,station,"hellenistic-republican,roman,late-antique,twentieth-ce",pleiades_transport,7.2
422814,Ad Quintanas,12.7555615,41.8374815,precise,station,"hellenistic-republican,roman,late-antique,twentieth-ce",pleiades_transport,7.2
422815,Ad Sextum,12.438952,41.967709,precise,station,roman,pleiades_transport,0.102
422816,Ad Sponsas,12.84611,41.58389,precise,station,"hellenistic-republican,roman,late-antique",pleiades_transport,7.2
422817,Ad Statuas,12.803583,41.821622,precise,station,"hellenistic-republican,roman,late-antique,twentieth-ce",pleiades_transport,7.2
422818,Ad Turres,12.1553995,41.936088,precise,station,"hellenistic-republican,roman,late-antique",pleiades_transport,7.2
422819,Adriano,12.890174,41.82875,precise,villa,"roman,late-antique,twentieth-ce",pleiades_production,0.055
422821,Aefula,12.870786,41.917121,precise,"sanctuary, settlement, settlement-modern","archaic,classical,hellenistic-republican,roman,late-antique,modern",pleiades_settlement,25.75
422823,Afilae,13.097666,41.885123,precise,settlement,"hellenistic-republican,roman,late-antique",pleiades_settlement,7.2
422824,Alba Longa,12.6496787,41.7444846,precise,settlement,"archaic,roman,twentieth-ce,twenty-first-ce",pleiades_settlement,2.353
422827,Albuccione,12.697147,41.951813,precise,villa,"roman,twentieth-ce",pleiades_production,0.102
422829,Algidus,12.794939,41.774341,precise,settlement,"archaic,classical,roman,twentieth-ce",pleiades_settlement,8.252
422831,Alsium,12.101258,41.9340466,precise,"settlement, port","archaic,classical,hellenistic-republican,roman,modern,twentieth-ce",pleiades_settlement;pleiades_transport,25.695
422832,L’Altare,12.598231,41.57084,precise,settlement,"archaic,twentieth-ce",pleiades_settlement,2.25
422833,Anagnia,13.158962,41.742213,precise,settlement,"archaic,classical,hellenistic-republican,roman,late-antique",pleiades_settlement,25.75
422835,Annunziatella,12.512212,41.832618,precise,settlement,"hellenistic-republican,roman,late-antique",pleiades_settlement,7.2
422836,Antemnae,12.500656,41.937528,precise,settlement,"archaic,classical,hellenistic-republican,roman",pleiades_settlement,25.695
422837,Antium,12.628995,41.44795,precise,"settlement, port, villa","archaic,classical,hellenistic-republican,roman,late-antique,modern",pleiades_settlement;pleiades_production;pleiades_transport,25.75
422838,Villa degli Antonini,12.6962973945,41.6930400227,precise,villa,"roman,late-antique,modern,twentieth-ce",pleiades_production,0.055
422842,Arcinazzo,13.159453816,41.8547045392,precise,villa,"roman,roman-early-empire-late-antique,modern,twentieth-ce",pleiades_production,0.053
422843,Ardea,12.547028,41.609389,precise,"urban, settlement","archaic,classical,hellenistic-republican,roman,late-antique",pleiades_settlement,25.75
422844,Aricia,12.67334715,41.72139965,precise,settlement,"archaic,classical,hellenistic-republican,roman,late-antique,modern",pleiades_settlement,25.75
422845,Artena,12.9121745,41.7419154,precise,settlement,"archaic,classical,hellenistic-republican,modern,twentieth-ce",pleiades_settlement,18.55
422848,Baebiana,12.202095,41.918656,precise,station,"roman,late-antique",pleiades_transport,0.055
422849,Il Barco,12.740991,41.951088,precise,villa,"roman,late-antique,twentieth-ce",pleiades_production,0.055
422851,Bel Poggio,12.668163,41.774383,precise,villa,"roman,late-antique",pleiades_production,0.055
422852,Bovillae,12.617018,41.76587,precise,station,"archaic,classical,hellenistic-republican,roman,late-antique,twentieth-ce,twenty-first-ce",pleiades_transport,25.75
422853,Bruto e Pisoni,12.7910663884,41.9509312973,precise,villa,"hellenistic-republican,roman,late-antique,twentieth-ce",pleiades_production,7.2
422854,Buglioncino,12.590177,41.542723,precise,settlement,classical,pleiades_settlement,2.933
422855,Buon Riposo,12.606081,41.589054,precise,settlement,"archaic,classical,hellenistic-republican,roman,late-antique",pleiades_settlement,25.75
422857,Cabum?,12.7096141,41.7607608,precise,"settlement, settlement-modern","archaic,modern",pleiades_settlement,2.25
422859,Caere,12.1077784689,42.0024869653,precise,"sanctuary, settlement, cemetery, architecturalcomplex","archaic,classical,hellenistic-republican,roman,late-antique,modern",pleiades_settlement,25.75
422861,Campo del Fico,12.561191,41.606433,precise,settlement,archaic,pleiades_settlement,2.25
422864,Capannacce,12.644815,41.941468,precise,station,"roman,late-antique",pleiades_transport,0.055
422866,Cappellette,12.70102685,41.81124,precise,villa,"roman,late-antique,twentieth-ce",pleiades_production,0.055
422867,I Cappuccini,12.687394672,41.8036169148,precise,"church-2, villa","hellenistic-republican,roman,late-antique,modern",pleiades_production,7.2
422868,Careiae,12.2994958,42.0263893,precise,"station, archaeological-site","roman,late-antique,twentieth-ce",pleiades_transport,0.055
422869,Casal Rotondo,12.5557044258,41.8211042332,precise,"tomb, villa","hellenistic-republican,roman,roman-early-empire-late-antique,late-antique,mediaeval-byzantine,twentieth-ce",pleiades_production,7.2
422870,Casale del Cavaliere,12.660322,41.930134,precise,villa,"roman,late-antique",pleiades_production,0.055
422871,Casale di Gregna,12.598111,41.825295,precise,villa,"hellenistic-republican,roman,late-antique,twentieth-ce",pleiades_production,7.2
422872,Casale Martellona,12.69607,41.939331,precise,villa,roman,pleiades_production,0.102
422873,Casale Morena,12.6198189895,41.8136737889,precise,villa,"roman,late-antique,twentieth-ce,twenty-first-ce",pleiades_production,0.055
422874,Casali,12.998237,41.53754,precise,settlement,classical,pleiades_settlement,2.933
422875,Casali Vitriano,12.775214,41.988581,precise,villa,"hellenistic-republican,roman,twentieth-ce",pleiades_production,7.145
422876,Case Nuove 1,12.616088,41.967431,precise,settlement,"archaic,classical,hellenistic-republican,roman,twentieth-ce",pleiades_settlement,25.695
422877,Case Nuove 2,12.619246,41.965642,precise,villa,"hellenistic-republican,roman,twentieth-ce",pleiades_production,7.145
422878,Case Rosse,12.648846,41.934132,precise,villa,"roman,twentieth-ce",pleiades_production,0.102
422879,Cassio,12.79610015,41.94087725,precise,villa,"hellenistic-republican,roman,late-antique,twentieth-ce",pleiades_production,7.2
422880,Castel Campanile,12.195362,41.957149,precise,settlement,"archaic,classical,hellenistic-republican,roman",pleiades_settlement,25.695
422881,Le Castella,12.806231,41.614299,precise,settlement,"hellenistic-republican,roman,late-antique,twentieth-ce",pleiades_settlement,7.2
422882,Castel Madama,12.880331,41.969893,precise,settlement,"roman,late-antique,twentieth-ce",pleiades_settlement,0.055
422883,Castelporziano,12.4017339,41.7427427,precise,"settlement, settlement-modern","roman,late-antique,modern,twentieth-ce",pleiades_settlement,0.055
422884,Castel Savello,12.6370655,41.7233395,precise,"settlement, settlement-modern","archaic,classical,hellenistic-republican,roman,late-antique,twentieth-ce,twenty-first-ce",pleiades_settlement,25.75
422886,Castrimoenium,12.658524,41.769809,precise,settlement,"roman,late-antique",pleiades_settlement,0.055
422888,Centroni,12.62901155,41.8098116,precise,villa,"hellenistic-republican,roman,late-antique,twentieth-ce,twenty-first-ce",pleiades_production,7.2
422890,Cervara 1,12.587543,41.923695,precise,quarry,"hellenistic-republican,roman",pleiades_production,7.145
422891,Cervara 2,12.585156,41.913138,precise,quarry,"hellenistic-republican,roman",pleiades_production,7.145
422893,Ciciliano,12.939843,41.960711,precise,settlement,"roman,twentieth-ce",pleiades_settlement,0.102
422895,Cinecittà,12.569185,41.855596,precise,villa,"roman,late-antique",pleiades_production,0.055
422896,Civitana,12.761885,41.641509,precise,villa,"roman,late-antique",pleiades_production,0.055
422897,Clodio,12.636007,41.749813,precise,villa,"hellenistic-republican,roman,late-antique,twentieth-ce",pleiades_production,7.2
422898,Collatia,12.667077,41.925248,precise,settlement,"archaic,classical,hellenistic-republican,roman,late-antique,twentieth-ce",pleiades_settlement,25.75
422899,Colle Gentile,12.9782205,41.5754108,precise,settlement,"classical,hellenistic-republican,twentieth-ce,twenty-first-ce",pleiades_settlement,10.4
422900,Colle Medico,12.88492815,41.70307965,precise,villa,"hellenistic-republican,roman,roman-early-empire-late-antique,late-antique",pleiades_production,7.2
422901,Colle Monitola,12.8371052,41.9605985,precise,"settlement, cistern","classical,hellenistic-republican,roman,late-antique,twentieth-ce",pleiades_settlement,17.6
422902,Colle Nocello,12.782354,41.972985,precise,villa,"hellenistic-republican,roman,twentieth-ce",pleiades_production,7.145
422903,Colle Rosa,12.767726,41.991481,precise,villa,"roman,twentieth-ce",pleiades_production,0.102
422904,Colle Rotondo,12.6042232,41.5172308,precise,"settlement, hill","archaic,classical,hellenistic-republican,twentieth-ce",pleiades_settlement,18.55
422905,Colle Tasso,12.751524,41.922139,precise,villa,"hellenistic-republican,roman,late-antique,twentieth-ce",pleiades_production,7.2
422906,Colle Vitriano,12.777664,41.993487,precise,villa,"hellenistic-republican,roman,twentieth-ce",pleiades_production,7.145
422909,Cora,12.915671,41.64255,precise,settlement,"archaic,classical,hellenistic-republican,roman,late-antique",pleiades_settlement,25.75
422910,Corniculum,12.742811,42.023477,precise,"unlocated, settlement","archaic,classical,hellenistic-republican,roman,late-antique,twentieth-ce",pleiades_settlement,25.75
422911,Corzano,12.743604,41.899252,precise,villa,"hellenistic-republican,roman,twentieth-ce",pleiades_production,7.145
422914,Crustumerium,12.550061,42.0150826,precise,settlement,"archaic,classical,hellenistic-republican,roman",pleiades_settlement,25.695
422921,Ficana,12.3592987728,41.7978848497,precise,"settlement, archaeological-site","archaic,classical",pleiades_settlement,8.15
422922,Ficulea,12.619129,41.996708,precise,settlement,"archaic,classical,hellenistic-republican,roman,late-antique",pleiades_settlement,25.75
422923,Fidenae,12.515431,41.982053,precise,settlement,"archaic,classical,hellenistic-republican,roman,late-antique",pleiades_settlement,25.75
422924,Forte Tiburtina,12.5554334,41.9038972,precise,villa,"hellenistic-republican,roman,late-antique,twentieth-ce",pleiades_production,7.2
422927,Forum Appii ,12.9975,41.46639,precise,station,"hellenistic-republican,roman,late-antique,modern",pleiades_transport,7.2
422928,Fosso della Crescenza,12.448389,41.978895,precise,villa,"hellenistic-republican,roman,late-antique,twentieth-ce,twenty-first-ce",pleiades_production,7.2
422929,Frascati,12.680437,41.806236,precise,villa,"hellenistic-republican,roman,late-antique",pleiades_production,7.2
422930,Fregenae,12.1957055,41.8545491,precise,settlement,"hellenistic-republican,roman",pleiades_settlement,7.145
422932,Gabii,12.719727,41.887373,precise,settlement,"archaic,classical,hellenistic-republican,roman,late-antique,mediaeval-byzantine,twentieth-ce,twenty-first-ce",pleiades_settlement,25.75
422935,La Giostra,12.562897,41.786028,precise,"fortified-settlement, fort-2","archaic,classical,hellenistic-republican,roman,twentieth-ce,twenty-first-ce",pleiades_settlement,25.695
422936,Villa Gordiani,12.5536268801,41.8947200822,precise,villa,"hellenistic-republican,roman,late-antique",pleiades_production,7.2
422937,Grotta del Mortale,12.893233,41.855843,precise,villa,"hellenistic-republican,roman,twentieth-ce",pleiades_production,7.145
422938,Grotta di Paris,12.7692663,41.923931,precise,"ruin, villa","hellenistic-republican,roman,late-antique,twentieth-ce,twenty-first-ce",pleiades_production,7.2
422939,Grotta Papale,12.807475,41.9291,precise,villa,"hellenistic-republican,roman,twentieth-ce",pleiades_production,7.145
422940,Grottaferrata,12.667686,41.78861,precise,villa,"hellenistic-republican,roman,late-antique,twentieth-ce",pleiades_production,7.2
422942,Grotta Oscura,12.503514,42.03387,precise,quarry,"hellenistic-republican,roman,modern",pleiades_production,7.145
422947,Inviolata,12.680523,41.974466,precise,villa,"roman,late-antique",pleiades_production,0.055
422952,Labicum,12.7432045,41.8204265,precise,settlement,"archaic,classical,hellenistic-republican,roman,late-antique,modern,twentieth-ce",pleiades_settlement,25.75
422953,Ladispoli,12.069786,41.955029,precise,villa,"hellenistic-republican,roman,twentieth-ce",pleiades_production,7.145
422954,Laghetto di Colonna,12.752863,41.834153,precise,villa,"hellenistic-republican,roman,twentieth-ce",pleiades_production,7.145
422955,Lamnae/Ad Lam(i)nas,12.949979,42.0418315,precise,station,"roman,late-antique,twentieth-ce",pleiades_transport,0.055
422956,Lanuvium,12.697593,41.674703,precise,settlement,"archaic,classical,hellenistic-republican,roman,late-antique",pleiades_settlement,25.75
422960,Lavinium,12.4807205,41.664474,precise,"urban, settlement, port","archaic,classical,hellenistic-republican,roman,late-antique,modern",pleiades_settlement;pleiades_transport,25.75
422962,Lolli Paolini,12.786159,41.930636,precise,villa,"hellenistic-republican,roman,late-antique,twentieth-ce",pleiades_production,7.2
422963,Lorium,12.2847625,41.9021045,precise,station,"hellenistic-republican,roman,late-antique",pleiades_transport,7.2
422964,Lucio Vero,12.4551076,41.9564709,precise,villa,"roman,roman-early-empire-late-antique,late-antique,modern",pleiades_production,0.055
422965,Lucullo,12.660112,41.802553,precise,villa,"hellenistic-republican,roman,late-antique,twentieth-ce",pleiades_production,7.2
422968,Magliana Vecchia,12.4037366654,41.8264046453,precise,"bridge, settlement, district, settlement-modern","hellenistic-republican,roman,twentieth-ce,twenty-first-ce",pleiades_settlement;pleiades_transport,7.145
422969,Marco Pedonio,12.71357,41.951766,precise,villa,"hellenistic-republican,roman,twentieth-ce",pleiades_production,7.145
422970,Marina di S. Nicola,12.1253595153,41.9267375322,precise,villa,"hellenistic-republican,roman,late-antique,twentieth-ce",pleiades_production,7.2
422971,Marmenia,12.5349541,41.83865465,precise,"tomb, villa","roman,late-antique,modern",pleiades_production,0.055
422972,Mondragone,12.69699,41.808973,precise,villa,"hellenistic-republican,roman,late-antique",pleiades_production,7.2
422974,Monte dell'Oro,12.44422,41.748949,precise,settlement,"archaic,classical,twentieth-ce",pleiades_settlement,8.15
422975,Montedoro,12.659881,41.781943,precise,villa,"hellenistic-republican,roman,late-antique",pleiades_production,7.2
422978,Monteverde,12.462808,41.875383,precise,quarry,"hellenistic-republican,roman,twentieth-ce",pleiades_production,7.145
422980,Munazio Planco,12.791263,41.957926,precise,villa,"hellenistic-republican,roman,late-antique,twentieth-ce",pleiades_production,7.2
422981,Muraccio dell’Omo,12.616376,41.890653,precise,settlement,"hellenistic-republican,roman,late-antique,twentieth-ce",pleiades_settlement,7.2
422983,Naumachia,12.460227,41.907927,precise,villa,roman,pleiades_production,0.102
422985,Nettuno,12.661016,41.457606,precise,settlement,"roman,twentieth-ce",pleiades_settlement,0.102
422986,Nomentum,12.6423486,42.03369795,precise,"settlement, settlement-modern","archaic,classical,hellenistic-republican,roman,late-antique,modern",pleiades_settlement,25.75
422987,Norba,12.9602348227,41.5916073414,precise,"urban, settlement","archaic,classical,hellenistic-republican,roman-early-empire-late-antique,twenty-first-ce",pleiades_settlement,25.723
422991,Villa of the Octavii,12.776712,41.678768,precise,villa,"hellenistic-republican,roman,late-antique",pleiades_production,7.2
422992,Opimiano,12.64264515,41.80178845,precise,villa,"hellenistic-republican,roman,late-antique,twentieth-ce",pleiades_production,7.2
422993,Ospedale di S. Camillo,12.456618,41.867367,precise,villa,"roman,late-antique,twentieth-ce",pleiades_production,0.055
422995,Ostia,12.2893574183,41.7535757522,precise,"urban, settlement, archaeological-site","archaic,classical,hellenistic-republican,roman,late-antique,modern",pleiades_settlement,25.75
422997,Pedum,12.7361671,41.9078779,precise,"settlement, settlement-modern","archaic,classical,hellenistic-republican,roman,twentieth-ce",pleiades_settlement,25.695
422999,Pianelle,12.791832,41.933484,precise,villa,"hellenistic-republican,roman,twentieth-ce",pleiades_production,7.145
423000,Pietra Papa,12.475336,41.86483,precise,station,"hellenistic-republican,roman,late-antique,twentieth-ce",pleiades_transport,7.2
423001,Pietralata,12.539944,41.912808,precise,quarry,"hellenistic-republican,roman,twentieth-ce",pleiades_production,7.145
423002,Piscina Torta,12.350258,41.715173,precise,"production, mine-2","archaic,classical,twentieth-ce",pleiades_production,8.15
423004,Plinio,12.3470692916,41.7109824858,precise,villa,"roman,late-antique",pleiades_production,0.055
423005,Pometia,12.826351,41.594438,precise,settlement,"archaic,classical,roman",pleiades_settlement,8.252
423006,Pompeo,12.6544524,41.7307706,precise,"tomb, villa","hellenistic-republican,roman,late-antique,modern,twentieth-ce,twenty-first-ce",pleiades_production,7.2
423008,Pons Mulvius,12.466894852,41.9356314174,precise,bridge,"hellenistic-republican,roman,late-antique,modern",pleiades_transport,7.2
423009,Ponte di Tuscolo,12.709745,41.798165,precise,villa,"roman,late-antique,twentieth-ce",pleiades_production,0.055
423010,Ponte Mammolo,12.5688105,41.919232,precise,"bridge, settlement, quarry","archaic,classical,hellenistic-republican,roman,late-antique,twentieth-ce",pleiades_settlement;pleiades_production;pleiades_transport,25.75
423011,Ponte Salario,12.5083388021,41.9394473076,precise,"bridge, villa","hellenistic-republican,roman,late-antique,modern,twentieth-ce,twenty-first-ce",pleiades_production;pleiades_transport,7.2
423012,Portus,12.2563223272,41.7770469489,precise,"settlement, port, archaeological-site","roman,late-antique,modern,twentieth-ce",pleiades_settlement;pleiades_transport,0.055
423013,Praeneste,12.8923075,41.8394835,precise,"sanctuary, city-wall, settlement","archaic,classical,hellenistic-republican,roman,late-antique,mediaeval-byzantine,modern",pleiades_settlement,25.75
423014,Prati Fiscali,12.517703,41.946331,precise,villa,"hellenistic-republican,roman,late-antique,twentieth-ce,twenty-first-ce",pleiades_production,7.2
423015,Prima Porta,12.4918625,42.001912,precise,"villa, archaeological-site","hellenistic-republican,roman,late-antique",pleiades_production,7.2
423018,Quadraro,12.538079,41.86443,precise,villa,"roman,late-antique,twentieth-ce",pleiades_production,0.055
423019,Quintilii,12.5512657862,41.8303825154,precise,villa,"roman,late-antique,modern",pleiades_production,0.055
423020,Quintilio Varo,12.7928766,41.9715776,precise,villa,"hellenistic-republican,roman,late-antique",pleiades_production,7.2
423026,La Rustica,12.610526,41.915947,precise,settlement,"archaic,classical,twentieth-ce",pleiades_settlement,8.15
423029,Sacer Mons,12.5344737758,41.9332614402,precise,settlement,"classical,hellenistic-republican,roman,late-antique,twentieth-ce",pleiades_settlement,17.6
423032,Salone,12.6278903895,41.924828555,precise,"bridge, quarry","hellenistic-republican,roman,twentieth-ce",pleiades_production;pleiades_transport,7.145
423034,S. Agata,12.421415,41.943165,precise,settlement,"archaic,classical,twentieth-ce",pleiades_settlement,8.15
423037,S. Antonio,12.799849,41.969464,precise,villa,"hellenistic-republican,roman,late-antique,twentieth-ce",pleiades_production,7.2
423039,S. Carlo,12.855584,41.986133,precise,villa,"roman,late-antique,twentieth-ce",pleiades_production,0.055
423040,S. Cesareo,12.524097,41.820922,precise,villa,"roman,late-antique,twentieth-ce",pleiades_production,0.055
423047,S. Lidano,12.9914163597,41.4970016484,precise,"bridge, ruin, sanctuary","hellenistic-republican,hellenistic-roman-early-empire,roman,late-antique,twentieth-ce,twenty-first-ce",pleiades_transport,7.2
423050,S. Martino,12.790418,41.973733,precise,villa,"hellenistic-republican,roman,late-antique",pleiades_production,7.2
423054,S. Rufina,12.371721,41.942714,precise,settlement,"roman,late-antique,twentieth-ce",pleiades_settlement,0.055
423060,Satricum,12.746396,41.519633,precise,settlement,"archaic,classical,hellenistic-republican,modern",pleiades_settlement,18.55
423061,Saxa Rubra,12.4799626394,41.9730683555,precise,"station, settlement-modern","roman,late-antique,modern,twentieth-ce,twenty-first-ce",pleiades_transport,0.055
423062,Scalzacane,12.791321,41.994468,precise,villa,"hellenistic-republican,roman,twentieth-ce",pleiades_production,7.145
423067,Serrone di Bove,12.9526113,41.5955075,precise,"settlement, hill, archaeological-site","archaic,classical,modern",pleiades_settlement,8.15
423068,Setia,13.0592171,41.4984145,precise,"settlement, settlement-modern","classical,hellenistic-republican,roman,late-antique,modern,twenty-first-ce",pleiades_settlement,17.6
423069,Sette Bassi,12.5764444869,41.8438936772,precise,villa,"hellenistic-republican,roman,roman-early-empire-late-antique,late-antique,modern,twentieth-ce",pleiades_production,7.2
423070,Settebagni,12.52286,42.007353,precise,villa,"roman,late-antique",pleiades_production,0.055
423071,Settecamini,12.6218532011,41.9385017844,precise,"station, archaeological-site","hellenistic-republican,roman,late-antique,twentieth-ce",pleiades_transport,7.2
423072,Signia,13.022225,41.691453,precise,settlement,"classical,hellenistic-republican,roman,late-antique,modern",pleiades_settlement,17.6
423075,Solforata,12.535351,41.700611,precise,"settlement-modern, mine-2","hellenistic-republican,roman,late-antique",pleiades_production,7.2
423076,La Storta,12.38216,42.002408,precise,settlement,"late-antique,twentieth-ce",pleiades_settlement,0.0
423077,Sublanuvio,12.70472,41.69222,precise,station,"hellenistic-republican,roman,late-antique",pleiades_transport,7.2
423078,Sublaqueum,13.094788,41.926019,precise,settlement,"hellenistic-republican,roman,late-antique",pleiades_settlement,7.2
423081,Tibur,12.79818,41.963602,precise,settlement,"archaic,classical,hellenistic-republican,roman,late-antique,twentieth-ce,twenty-first-ce",pleiades_settlement,25.75
423086,Il Tondo,12.8192165,41.8584397,precise,"amphitheatre, villa","roman,twentieth-ce,twenty-first-ce",pleiades_production,0.102
423087,Tor Angela,12.629196,41.891785,precise,settlement,"hellenistic-republican,roman,late-antique,twentieth-ce",pleiades_settlement,7.2
423088,Tor de’ Cenci,12.4401245484,41.7790700938,precise,villa,"roman,late-antique,twentieth-ce",pleiades_production,0.055
423089,Tor Marancia,12.4973447984,41.8566466001,precise,"villa, fort","roman,late-antique,mediaeval-byzantine,twentieth-ce",pleiades_production,0.055
423090,Tor Paterno,12.3917465217,41.6809594674,precise,villa,"roman,late-antique,twentieth-ce",pleiades_production,0.055
423095,Torre Caldara,12.590305,41.486976,precise,"villa, quarry","roman,late-antique,twentieth-ce",pleiades_production,0.055
423097,Torre del Padiglione,12.702034,41.575214,precise,"bridge, tomb","hellenistic-republican,roman,late-antique,twentieth-ce",pleiades_transport,7.2
423098,Torre di Palidoro,12.1464190415,41.9152522321,precise,"tower-single, villa","hellenistic-republican,roman,mediaeval-byzantine,twenty-first-ce",pleiades_production,7.145
423099,Torre Pascolaro (settlement),12.217388,41.984058,precise,settlement,"archaic,hellenistic-republican,roman,twentieth-ce",pleiades_settlement,9.395
423100,Torre S. Angelo,12.80923115,41.96993485,precise,"villa, settlement-modern","hellenistic-republican,roman,modern",pleiades_production,7.145
423101,Torre Sessano,12.859575,41.508429,precise,settlement,"hellenistic-republican,roman",pleiades_settlement,7.145
423102,Il Torrino,12.44113,41.812936,precise,settlement,"archaic,classical",pleiades_settlement,8.15
423103,Trebula Suffenas,12.9374871,41.95478325,precise,"settlement, settlement-modern","hellenistic-republican,roman,late-antique,twentieth-ce,twenty-first-ce",pleiades_settlement,7.2
423106,Tres Tabernae,12.8742822787,41.5616751339,precise,"station, archaeological-site","hellenistic-republican,roman,late-antique",pleiades_transport,7.2
423107,Troia?,12.439904,41.649916,precise,settlement,"classical,hellenistic-republican,roman,late-antique",pleiades_settlement,17.6
423108,Tusculum,12.7072072835,41.7980767008,precise,"settlement, archaeological-site","archaic,classical,hellenistic-republican,roman,late-antique,modern",pleiades_settlement,25.75
423113,Valerio Messala Corvino,12.637681,41.764361,precise,villa,"roman,late-antique",pleiades_production,0.055
423114,Valvisciolo,12.986299,41.5657992,precise,settlement,"archaic,classical,twentieth-ce",pleiades_settlement,8.15
423115,Varia,12.896194,42.018193,precise,settlement,"hellenistic-republican,roman,late-antique,modern,twentieth-ce",pleiades_settlement,7.2
423116,Veii,12.390519,42.021338,precise,"urban, settlement","archaic,classical,hellenistic-republican,roman,late-antique,modern",pleiades_settlement,25.75
423117,Velitrae,12.77721,41.687426,precise,settlement,"archaic,classical,hellenistic-republican,roman,late-antique",pleiades_settlement,25.75
560130184,Roman villa,10.3319426,36.8574463,precise,villa,roman,pleiades_production,0.102
141397578,Via Pollenza Roman villa,12.5774254,41.9465443,precise,villa,roman,pleiades_production,0.102
349625130,Villa Collatino,12.564352,41.901787,precise,villa,"roman,twenty-first-ce",pleiades_production,0.102
980972179,Mont Vully oppidum,7.0919922,46.9618874,precise,"mountain, earthwork, settlement","hellenistic-republican,modern",pleiades_settlement,4.0
702892067,Villa San Giovanni in Tuscia,12.0525247,42.2826688,precise,"villa, settlement-modern",modern,pleiades_production,0.0
21574678,Ponte Barucelli,12.7929260004,41.8669028003,precise,"aqueduct, bridge","roman,twenty-first-ce",pleiades_transport,0.102
572489080,Vila Mogorjelo,17.69989,43.0995839,precise,villa,"roman,late-antique,twenty-first-ce",pleiades_production,0.055
245569735,Civitavecchia di Arpino,13.6170414081,41.6488446458,precise,"city-wall, settlement","archaic,classical,hellenistic-republican,roman",pleiades_settlement,25.695
849308046,Roman bridge of Saint-Vincent,7.6562264,45.7430192,precise,bridge,roman,pleiades_transport,0.102
445462065,Podere Tartuchino,11.4899711,42.7098413,precise,"settlement, settlement-modern","twentieth-ce,twenty-first-ce",pleiades_settlement,0.0
332882379,Barbarano Romano,12.066763,42.249522,precise,settlement,"archaic,classical,hellenistic-republican,roman",pleiades_settlement,25.695
276094798,Muggia,13.7710497,45.5986173,precise,"settlement, settlement-modern",modern,pleiades_settlement,0.0
564709226,Salvatoretto,12.6218188,41.9978492,precise,villa,roman,pleiades_production,0.102
757679976,San Demetrio ne' Vestini,13.5557643217,42.2790134809,precise,"settlement, settlement-modern",modern,pleiades_settlement,0.0
966148098,Bridge at Brugnato ,9.7151841,44.2322536,precise,bridge,"mediaeval-byzantine,twenty-first-ce",pleiades_transport,0.0
657287138,Santa Venera al Pozzo,15.1531532,37.5827051,precise,"sanctuary, settlement, archaeological-site, bath",modern,pleiades_settlement,0.0
613140466,Tiscali,9.49161397047,40.2414638656,precise,"settlement, cave, archaeological-site","2nd-millenium-bce,archaic",pleiades_settlement,2.25
291526921,Vetralla,12.0575,42.3205336,precise,"settlement, settlement-modern","mediaeval-byzantine,modern",pleiades_settlement,0.0
291526922,Ponte Camillario,12.0687781,42.4149058,precise,bridge,"roman,twenty-first-ce",pleiades_transport,0.102
232079422,Cetona,11.9004107,42.9647394,precise,"settlement, settlement-modern",modern,pleiades_settlement,0.0
983899141,Villa di Grotte di Piastra,12.3796918,41.7071715,precise,villa,"roman,twenty-first-ce",pleiades_production,0.102
983899142,Villa della Longarina,12.3993011,41.7809628,precise,villa,"roman,twenty-first-ce",pleiades_production,0.102
742571972,Domus rustica,12.3328740925,41.808806935,precise,villa,hellenistic-republican,pleiades_production,4.0
963101020,Untitled,15.604685,46.453796,precise,quarry,"roman,late-antique",pleiades_production,0.055
963101120,Untitled,15.513653,46.794701,precise,quarry,"roman,late-antique",pleiades_production,0.055
766267487,Villa of Manlius Vopiscus,12.8000617,41.9658812,precise,villa,"roman,modern",pleiades_production,0.102
220822469,Ponte del Viceré de Ribera,13.48056555,41.3175457,precise,bridge,twenty-first-ce,pleiades_transport,0.0
190306780,Unnamed Roman villa (Ladispoli),12.0841098636,41.9428410165,precise,villa,roman,pleiades_production,0.102
