bin_start_year,bin_end_year,port_id,name,longitude,latitude,foundation_year,start_uncertainty_halfwidth_years,active_probability
-700,-675,753.1,"Olbia, Punic port and Roman port",9.5057,40.9232,-750.0,60.0,1.0
-700,-675,756.1,Outlet of R Kaidris,9.734,40.373,-1500.0,100.0,1.0
-700,-675,765,"Caralis, Carales, on R Sulcis",9.112387,39.211683,-750.0,60.0,1.0
-700,-675,766.1,,9.005325,39.095552,-1500.0,100.0,1.0
-700,-675,766.2,,9.0236,39.0619,-1500.0,100.0,1.0
-700,-675,767,Nora ,9.01444,38.987048,-750.0,60.0,1.0
-700,-675,768,Nora ,9.012555,38.984715,-750.0,60.0,1.0
-700,-675,769,Nora ,9.012066,38.988036,-750.0,60.0,1.0
-700,-675,770,"Bitia, Bithia, Bioea ",8.8849,38.8956,-750.0,60.0,1.0
-700,-675,778,"Sulcis, Solci (export of copper?)",8.462004,39.06534,-750.0,60.0,1.0
-700,-675,780,,8.4887,39.1774,-750.0,60.0,1.0
-700,-675,781.1,,8.4601,39.5681,-7000.0,100.0,1.0
-700,-675,786,"Othaia, Othoca, on R Thyrsos",8.60849,39.86957,-750.0,60.0,1.0
-700,-675,786.1,,8.495,39.925,-4500.0,100.0,1.0
-700,-675,787,"Tarrai, Tharros, Tarrhos, Punic port",8.44,39.892,-750.0,60.0,1.0
-700,-675,787.1,"Tarrai, Tharros, Tarrhos, possible Nuragic port",8.4416,39.8789,-1500.0,100.0,1.0
-700,-675,788,"Tarrai, Tharros, Tarrhos",8.437959,39.859288,-750.0,60.0,1.0
-700,-675,788.1,,8.3936,39.9725,-1200.0,100.0,1.0
-700,-675,788.2,,8.3066,39.988,-1200.0,100.0,1.0
-700,-675,789,"Coracodes, Korakodes portus",8.409895,40.043873,-1200.0,100.0,1.0
-700,-675,793,Nymphaeus portus ,8.189645,40.616568,-750.0,60.0,1.0
-700,-675,803,"Turublum Minus, Lamos?, Telepylos?, possible port of the Laestrygonians and stopover of Odysseus, near famous Arktou Akra Prom.",9.275693,41.199135,-1500.0,100.0,1.0
-700,-675,830,"archaic landing place of Genua, Etruscan Cainua?",8.94388,44.409,-1000.0,100.0,1.0
-700,-675,847,,10.28083,43.87307,-750.0,60.0,1.0
-700,-675,849,,10.32724,43.76764,-750.0,60.0,1.0
-700,-675,850,,10.33555,43.73476,-750.0,60.0,1.0
-700,-675,853,,10.3934,43.6386,-5000.0,100.0,1.0
-700,-675,854,"Triturrita? Turrita? Near Portus Pisanus, Pisarum emporio, Liburnus Portus, Portus Herculis Liburni, Portus Labro, Etruscan Liburna",10.3343,43.5733,-5000.0,100.0,1.0
-700,-675,858.1,,10.531,43.099,-5000.0,100.0,1.0
-700,-675,859,"Populonio, Poplonium, Etruscan Fufluna, Pupluna",10.5014,42.9924,-750.0,60.0,1.0
-700,-675,860,"Falesia, Porto Falese ",10.559041,42.934297,-5000.0,100.0,1.0
-700,-675,862,Etruscan Fullona,10.757,42.917,-700.0,30.0,0.7083333333333334
-700,-675,866,"Ilva, Aithalia, Ethalie ",10.273798,42.770152,-5000.0,100.0,1.0
-700,-675,867,"Argous portus, Argoos, ",10.329861,42.813066,-750.0,60.0,1.0
-700,-675,873,,10.09386,42.59297,-5000.0,100.0,1.0
-700,-675,880.1,,11.173,42.431,-1000.0,100.0,1.0
-700,-675,885,Oglasa insula,10.309211,42.331958,-5000.0,100.0,1.0
-700,-675,888.1,,11.2774,42.4201,-1000.0,100.0,1.0
-700,-675,893,"Regis, Regae ",11.6041,42.3122,-750.0,60.0,1.0
-700,-675,896,"Graviscae, port of Tarquinia, Etruscan Tarchuna, Tarchna, possible first settlement of Etruscan people",11.7066,42.2144,-750.0,60.0,1.0
-700,-675,906,"Pyrgoi, Pyrgi (also called The Towers), port of Agylle, Caere, Etruscan Chaire, Caisra, Cisra",11.9565,42.0152,-750.0,60.0,1.0
-700,-675,906.1,"Pyrgoi, Pyrgi (also called The Towers), port of Agylle, Caere, Etruscan Chaire, Caisra, Cisra",11.9604,42.015,-750.0,60.0,1.0
-700,-675,906.2,Etruscan submerged structure,11.977,41.9957,-750.0,60.0,1.0
-700,-675,909,"Alsium, port of Agylla, Caere, Coere, Etruscan Chaire, Caisra",12.100837,41.932961,-750.0,60.0,1.0
-700,-675,917,Ostia,12.290905,41.75752,-750.0,60.0,1.0
-700,-675,921,Ficana,12.35306,41.80187,-750.0,60.0,1.0
-700,-675,930,"Portus Tiberinus, near Pons Aemilius, oldest archaic port of Rome, close to Foro Romano and Horrea Agrippiana",12.4809,41.8892,-753.0,10.0,1.0
-700,-675,938,Castrum Inui,12.5113,41.5803,-750.0,60.0,1.0
-700,-675,943,"Antium, Nero's port, Etruscan Anth? Caenon?",12.628393,41.442702,-750.0,60.0,1.0
-700,-675,957,Pontia insula,12.964786,40.894781,-750.0,60.0,1.0
-700,-675,968.1,"Marica temple, sea-port of Minturnae",13.7645,41.2265,-700.0,30.0,0.7083333333333334
-700,-675,975,"Cumae, Cumes, Kyme",14.051265,40.846657,-750.0,60.0,1.0
-700,-675,977,"Pithekoussai, Pithecusae, Etruscan Inarime, first Greek (Euboian) settlement in Italy",13.885913,40.754297,-750.0,60.0,1.0
-700,-675,978,,13.879064,40.696687,-700.0,30.0,0.7083333333333334
-700,-675,978.1,"Procita, Prochyta insula",14.016731,40.759068,-700.0,30.0,0.7083333333333334
-700,-675,978.2,,13.992,40.74,-1500.0,100.0,1.0
-700,-675,991,"Puteoli, Dikaiarcheia, Dicearque, Flavia Colonia Augusta Puteoli, Delus Minor, in the Campi Phlegraei volcano district",14.1154,40.8216,-750.0,60.0,1.0
-700,-675,997,"Parthenope, Neapolis",14.2522,40.8398,-750.0,60.0,1.0
-700,-675,1002,"Pompeia, Porta Marina, Etruscan Pumpai",14.48226,40.74893,-750.0,60.0,1.0
-700,-675,1002.1,"Pompeia, Porta Stabia, Etruscan Pumpai",14.4908,40.7473,-750.0,60.0,1.0
-700,-675,1004,Aequana ,14.4215,40.6617,-750.0,60.0,1.0
-700,-675,1013.1,"Seirenoussai nesoi, Anthemoessa insulae, Anthemuse, possible Siren islands, no stopover for Odysseus",14.43365,40.5825,-750.0,60.0,1.0
-700,-675,1017,Vietri ,14.713068,40.657725,-750.0,60.0,1.0
-700,-675,1019,,14.94346,40.5352,-750.0,60.0,1.0
-700,-675,1021,"Poseïdonia, Posidonia, Paestum, on R Silarus",14.992,40.415,-750.0,60.0,1.0
-700,-675,1025,Palinurus ,15.282234,40.035658,-750.0,60.0,1.0
-700,-675,1026,"Oenotrides insulae, Molpa ",15.294659,40.026788,-750.0,60.0,1.0
-700,-675,1032,,15.781146,39.81781,-750.0,60.0,1.0
-700,-675,1033,"Laos, Laus ",15.789572,39.775272,-750.0,60.0,1.0
-700,-675,1039,"Temesa, Temese, Tempsa, on R Sabutus",16.094554,39.027944,-750.0,60.0,1.0
-700,-675,1047.3,,15.9718,38.7135,-1500.0,100.0,1.0
-700,-675,1049,,15.921,38.545,-750.0,60.0,1.0
-700,-675,1052,"Medma, Mesma",15.9882,38.4821,-750.0,60.0,1.0
-700,-675,1053,"Port at the outlet of R Metaurus, Metaure ",15.871137,38.421553,-750.0,60.0,1.0
-700,-675,1058,"Scyllaeum, Scylla, in front of Charybdis in Sicily, both Planktes insulae, where Odysseus possibly sailed",15.715,38.259,-750.0,60.0,1.0
-700,-675,1061,"Rhegium, Rhegion",15.634658,38.109425,-740.0,20.0,1.0
-700,-675,1069,"Lokroi Epizephyrioi, Locri Epizefiri, Locres ",16.2368,38.2077,-750.0,60.0,1.0
-700,-675,1071,"Amphissa, Santo Onofrio ",16.413143,38.318166,-750.0,60.0,1.0
-700,-675,1072,"Kaulonia, Caulonia, Aulonia, Stilida",16.5787,38.4454,-750.0,60.0,1.0
-700,-675,1080,,17.16869,38.95411,-750.0,60.0,1.0
-700,-675,1082,"Kroton, Crotone, on R Aisaros",17.126348,39.085539,-750.0,60.0,1.0
-700,-675,1084,Krimisa?,17.140861,39.370149,-750.0,60.0,1.0
-700,-675,1085,"Temple of Apollo Alaeus, port of Aesarus ",17.1466,39.39654,-750.0,60.0,1.0
-700,-675,1090,"archaic Sybaris, on R Sybaris and R Crathis, Thourioi, Thurii, Copia",16.491191,39.717044,-720.0,20.0,1.0
-700,-675,1091,,16.538059,39.865106,-1500.0,100.0,1.0
-700,-675,1097,"Siris, on R Siris",16.6682,40.1658,-750.0,60.0,1.0
-700,-675,1098.0999999999999,,16.6642,40.2934,-1500.0,100.0,1.0
-700,-675,1099,"Metapontum, Metaponte",16.8352,40.3728,-750.0,60.0,1.0
-700,-675,1100,"Tarentum, Taras, Neptuna",17.228144,40.472032,-750.0,60.0,1.0
-700,-675,1103,"Satyrion, Saturnum ",17.30396,40.37282,-1500.0,100.0,1.0
-700,-675,1105,Port Sasina ,17.896215,40.25706,-750.0,60.0,1.0
-700,-675,1106,Port of Neretum,17.983673,40.137046,-750.0,60.0,1.0
-700,-675,1107,"Kallipolis, Callipolis, Anxa ",17.979931,40.054413,-750.0,60.0,1.0
-700,-675,1110,"Portus Sallentinus, Leuke, near Iapygia Prom.",18.362675,39.792157,-750.0,60.0,1.0
-700,-675,1112,"Zancle, Zankle, Messana, Messene",15.560811,38.192865,-730.0,20.0,1.0
-700,-675,1113,,15.536584,38.145129,-750.0,60.0,1.0
-700,-675,1118,"Archaic Naxos, near R Akesines",15.2694,37.8193,-734.0,10.0,1.0
-700,-675,1123,"Katane, Catina ",15.0873,37.5024,-750.0,60.0,1.0
-700,-675,1123.2,"Leontinoi, on R Terias",14.998,37.2855,-750.0,60.0,1.0
-700,-675,1124,,15.132834,37.310011,-750.0,60.0,1.0
-700,-675,1126,"Megara Hyblaea, on R Alabon",15.183741,37.205772,-750.0,60.0,1.0
-700,-675,1127,"Tapsus, Thapsos ",15.228473,37.145257,-1200.0,100.0,1.0
-700,-675,1128,"Leon, landing place of Athenian fleet in 414 BC",15.2615,37.1076,-4000.0,100.0,1.0
-700,-675,1132,"Syracuse, ""Large Port"", on the isle of Sikelia, Sicania, Trinacria, major Greek (Corinthian) settlement in Sicily",15.288,37.06,-733.0,10.0,1.0
-700,-675,1138,Portus Naustathamus?,15.214525,36.95611,-750.0,60.0,1.0
-700,-675,1140,"Helorus, Elorus, on R Helorus",15.1075,36.8422,-750.0,60.0,1.0
-700,-675,1146,R Hirminum,14.594,36.771,-750.0,60.0,1.0
-700,-675,1152,"Gela, on R Gela",14.2583,37.063,-688.0,10.0,0.525
-700,-675,1154,,14.197,37.0842,-750.0,60.0,1.0
-700,-675,1155,"Port of Maktorion, Mactorium?",14.138661,37.100201,-750.0,60.0,1.0
-700,-675,1158,,13.881,37.102,-750.0,60.0,1.0
-700,-675,1160,,13.780019,37.144488,-750.0,60.0,1.0
-700,-675,1162.0999999999999,,13.624,37.233,-1400.0,100.0,1.0
-700,-675,1166,"Heraclea Minoa, on R Halycus",13.28,37.3937,-750.0,60.0,1.0
-700,-675,1167,,13.256671,37.414943,-750.0,60.0,1.0
-700,-675,1172,"Lilybaion, Lilybee South port?",12.43,37.7937,-750.0,60.0,1.0
-700,-675,1173,"Lilybaion, Lilybee Main port",12.428115,37.808131,-750.0,60.0,1.0
-700,-675,1174,"Lilybaion, Lilybee North port?",12.443337,37.8124,-750.0,60.0,1.0
-700,-675,1176,"Motye, Motya",12.4646,37.8641,-750.0,60.0,1.0
-700,-675,1177,"Aigousa insula, anchorage of Roman fleet before the famous battle of the Egadi Islands (10 March 241 BC), Odysseus' port of the Cyclops? ",12.322489,37.934044,-750.0,60.0,1.0
-700,-675,1180,"Bucinna, Phorbantia insula",12.321625,38.00168,-10000.0,100.0,1.0
-700,-675,1187,,13.182596,38.71968,-1500.0,100.0,1.0
-700,-675,1189,"Panhormus, Panorme",13.368583,38.120398,-750.0,60.0,1.0
-700,-675,1190,"Solus, port of Solonte ",13.542862,38.081694,-750.0,60.0,1.0
-700,-675,1193,"Himera, Himere, on R Himeras",13.8215,37.9683,-729.0,10.0,1.0
-700,-675,1203,"Celsina, Phoenicusa, Phoinikoussa insula",14.5883,38.5569,-1500.0,100.0,1.0
-700,-675,1204,Didyma insula,14.8696,38.5739,-1500.0,100.0,1.0
-700,-675,1205,"Lipara on Liparos insula, Meligounis nesos",14.9568,38.4717,-1500.0,100.0,1.0
-700,-675,1207,"Aegina, Euonymus insula",15.0636,38.6256,-1500.0,100.0,1.0
-700,-675,1209,"Strongilos, Eolie, possibly Odysseus' stopover on the isle of Aeolos",15.244209,38.797457,-1500.0,100.0,1.0
-700,-675,1212,"Myle, Mylae ",15.2428,38.2177,-750.0,60.0,1.0
-700,-675,1243,"Hydros, Hydruntum, Otrante ",18.490869,40.148182,-750.0,60.0,1.0
-700,-675,1244,Port Tarentin ,18.4263,40.2871,-1500.0,100.0,1.0
-700,-675,1245,,18.409136,40.301208,-750.0,60.0,1.0
-700,-675,1247,"Brindes, Brentesium, Brundisium, Bronduse",17.948953,40.641441,-750.0,60.0,1.0
-700,-675,1249,,17.7983,40.7137,-750.0,60.0,1.0
-700,-675,1250.0999999999999,Karbina,17.6983,40.7596,-1500.0,100.0,1.0
-700,-675,1252,Gnathia ,17.391,40.8896,-750.0,60.0,1.0
-700,-675,1257,,16.997139,41.090957,-750.0,60.0,1.0
-700,-675,1263.0999999999999,,16.0811,41.3592,-1500.0,100.0,1.0
-700,-675,1267,,15.8378,41.519,-750.0,60.0,1.0
-700,-675,1268,"Coppa Nevigatta, on R Aquilo",15.8338,41.558,-5000.0,100.0,1.0
-700,-675,1271,"Apanestae, Apeneste",16.06038,41.69375,-750.0,60.0,1.0
-700,-675,1284,,15.05334,41.93962,-750.0,60.0,1.0
-700,-675,1298,Cupra Maritima,13.8534,43.034,-750.0,60.0,1.0
-700,-675,1302,Numana ,13.628195,43.50729,-750.0,60.0,1.0
-700,-675,1306,,13.175681,43.75246,-750.0,60.0,1.0
-700,-675,1319,"Pomposa, Etruscan Spina, at the outlet of R Padus",12.10256,44.6943,-750.0,60.0,1.0
-700,-675,1323,Hadriani ,12.17741,44.94566,-750.0,60.0,1.0
-700,-675,1326,"Atria, Etruscan Hatria ",12.067121,45.048536,-750.0,60.0,1.0
-700,-675,1345,"Eraclia, Port on R Anassum or Anaxum ",12.6573,45.6378,-1300.0,100.0,1.0
-700,-675,1347.1,,12.8872,45.6356,-1200.0,100.0,1.0
-700,-675,1348.1,,13.1286,45.7714,-1300.0,100.0,1.0
-700,-675,1348.2,,13.1542,45.7705,-1300.0,100.0,1.0
-700,-675,1349.1,,13.3203,45.7648,-1500.0,100.0,1.0
-675,-650,753.1,"Olbia, Punic port and Roman port",9.5057,40.9232,-750.0,60.0,1.0
-675,-650,756.1,Outlet of R Kaidris,9.734,40.373,-1500.0,100.0,1.0
-675,-650,765,"Caralis, Carales, on R Sulcis",9.112387,39.211683,-750.0,60.0,1.0
-675,-650,766.1,,9.005325,39.095552,-1500.0,100.0,1.0
-675,-650,766.2,,9.0236,39.0619,-1500.0,100.0,1.0
-675,-650,767,Nora ,9.01444,38.987048,-750.0,60.0,1.0
-675,-650,768,Nora ,9.012555,38.984715,-750.0,60.0,1.0
-675,-650,769,Nora ,9.012066,38.988036,-750.0,60.0,1.0
-675,-650,770,"Bitia, Bithia, Bioea ",8.8849,38.8956,-750.0,60.0,1.0
-675,-650,778,"Sulcis, Solci (export of copper?)",8.462004,39.06534,-750.0,60.0,1.0
-675,-650,780,,8.4887,39.1774,-750.0,60.0,1.0
-675,-650,781.1,,8.4601,39.5681,-7000.0,100.0,1.0
-675,-650,786,"Othaia, Othoca, on R Thyrsos",8.60849,39.86957,-750.0,60.0,1.0
-675,-650,786.1,,8.495,39.925,-4500.0,100.0,1.0
-675,-650,787,"Tarrai, Tharros, Tarrhos, Punic port",8.44,39.892,-750.0,60.0,1.0
-675,-650,787.1,"Tarrai, Tharros, Tarrhos, possible Nuragic port",8.4416,39.8789,-1500.0,100.0,1.0
-675,-650,788,"Tarrai, Tharros, Tarrhos",8.437959,39.859288,-750.0,60.0,1.0
-675,-650,788.1,,8.3936,39.9725,-1200.0,100.0,1.0
-675,-650,788.2,,8.3066,39.988,-1200.0,100.0,1.0
-675,-650,789,"Coracodes, Korakodes portus",8.409895,40.043873,-1200.0,100.0,1.0
-675,-650,793,Nymphaeus portus ,8.189645,40.616568,-750.0,60.0,1.0
-675,-650,803,"Turublum Minus, Lamos?, Telepylos?, possible port of the Laestrygonians and stopover of Odysseus, near famous Arktou Akra Prom.",9.275693,41.199135,-1500.0,100.0,1.0
-675,-650,830,"archaic landing place of Genua, Etruscan Cainua?",8.94388,44.409,-1000.0,100.0,1.0
-675,-650,847,,10.28083,43.87307,-750.0,60.0,1.0
-675,-650,849,,10.32724,43.76764,-750.0,60.0,1.0
-675,-650,850,,10.33555,43.73476,-750.0,60.0,1.0
-675,-650,853,,10.3934,43.6386,-5000.0,100.0,1.0
-675,-650,854,"Triturrita? Turrita? Near Portus Pisanus, Pisarum emporio, Liburnus Portus, Portus Herculis Liburni, Portus Labro, Etruscan Liburna",10.3343,43.5733,-5000.0,100.0,1.0
-675,-650,858.1,,10.531,43.099,-5000.0,100.0,1.0
-675,-650,859,"Populonio, Poplonium, Etruscan Fufluna, Pupluna",10.5014,42.9924,-750.0,60.0,1.0
-675,-650,860,"Falesia, Porto Falese ",10.559041,42.934297,-5000.0,100.0,1.0
-675,-650,862,Etruscan Fullona,10.757,42.917,-700.0,30.0,1.0
-675,-650,866,"Ilva, Aithalia, Ethalie ",10.273798,42.770152,-5000.0,100.0,1.0
-675,-650,867,"Argous portus, Argoos, ",10.329861,42.813066,-750.0,60.0,1.0
-675,-650,873,,10.09386,42.59297,-5000.0,100.0,1.0
-675,-650,880.1,,11.173,42.431,-1000.0,100.0,1.0
-675,-650,885,Oglasa insula,10.309211,42.331958,-5000.0,100.0,1.0
-675,-650,888.1,,11.2774,42.4201,-1000.0,100.0,1.0
-675,-650,893,"Regis, Regae ",11.6041,42.3122,-750.0,60.0,1.0
-675,-650,896,"Graviscae, port of Tarquinia, Etruscan Tarchuna, Tarchna, possible first settlement of Etruscan people",11.7066,42.2144,-750.0,60.0,1.0
-675,-650,906,"Pyrgoi, Pyrgi (also called The Towers), port of Agylle, Caere, Etruscan Chaire, Caisra, Cisra",11.9565,42.0152,-750.0,60.0,1.0
-675,-650,906.1,"Pyrgoi, Pyrgi (also called The Towers), port of Agylle, Caere, Etruscan Chaire, Caisra, Cisra",11.9604,42.015,-750.0,60.0,1.0
-675,-650,906.2,Etruscan submerged structure,11.977,41.9957,-750.0,60.0,1.0
-675,-650,909,"Alsium, port of Agylla, Caere, Coere, Etruscan Chaire, Caisra",12.100837,41.932961,-750.0,60.0,1.0
-675,-650,917,Ostia,12.290905,41.75752,-750.0,60.0,1.0
-675,-650,921,Ficana,12.35306,41.80187,-750.0,60.0,1.0
-675,-650,930,"Portus Tiberinus, near Pons Aemilius, oldest archaic port of Rome, close to Foro Romano and Horrea Agrippiana",12.4809,41.8892,-753.0,10.0,1.0
-675,-650,938,Castrum Inui,12.5113,41.5803,-750.0,60.0,1.0
-675,-650,943,"Antium, Nero's port, Etruscan Anth? Caenon?",12.628393,41.442702,-750.0,60.0,1.0
-675,-650,957,Pontia insula,12.964786,40.894781,-750.0,60.0,1.0
-675,-650,968.1,"Marica temple, sea-port of Minturnae",13.7645,41.2265,-700.0,30.0,1.0
-675,-650,975,"Cumae, Cumes, Kyme",14.051265,40.846657,-750.0,60.0,1.0
-675,-650,977,"Pithekoussai, Pithecusae, Etruscan Inarime, first Greek (Euboian) settlement in Italy",13.885913,40.754297,-750.0,60.0,1.0
-675,-650,978,,13.879064,40.696687,-700.0,30.0,1.0
-675,-650,978.1,"Procita, Prochyta insula",14.016731,40.759068,-700.0,30.0,1.0
-675,-650,978.2,,13.992,40.74,-1500.0,100.0,1.0
-675,-650,991,"Puteoli, Dikaiarcheia, Dicearque, Flavia Colonia Augusta Puteoli, Delus Minor, in the Campi Phlegraei volcano district",14.1154,40.8216,-750.0,60.0,1.0
-675,-650,997,"Parthenope, Neapolis",14.2522,40.8398,-750.0,60.0,1.0
-675,-650,1002,"Pompeia, Porta Marina, Etruscan Pumpai",14.48226,40.74893,-750.0,60.0,1.0
-675,-650,1002.1,"Pompeia, Porta Stabia, Etruscan Pumpai",14.4908,40.7473,-750.0,60.0,1.0
-675,-650,1004,Aequana ,14.4215,40.6617,-750.0,60.0,1.0
-675,-650,1013.1,"Seirenoussai nesoi, Anthemoessa insulae, Anthemuse, possible Siren islands, no stopover for Odysseus",14.43365,40.5825,-750.0,60.0,1.0
-675,-650,1017,Vietri ,14.713068,40.657725,-750.0,60.0,1.0
-675,-650,1019,,14.94346,40.5352,-750.0,60.0,1.0
-675,-650,1021,"Poseïdonia, Posidonia, Paestum, on R Silarus",14.992,40.415,-750.0,60.0,1.0
-675,-650,1025,Palinurus ,15.282234,40.035658,-750.0,60.0,1.0
-675,-650,1026,"Oenotrides insulae, Molpa ",15.294659,40.026788,-750.0,60.0,1.0
-675,-650,1032,,15.781146,39.81781,-750.0,60.0,1.0
-675,-650,1033,"Laos, Laus ",15.789572,39.775272,-750.0,60.0,1.0
-675,-650,1039,"Temesa, Temese, Tempsa, on R Sabutus",16.094554,39.027944,-750.0,60.0,1.0
-675,-650,1047.3,,15.9718,38.7135,-1500.0,100.0,1.0
-675,-650,1049,,15.921,38.545,-750.0,60.0,1.0
-675,-650,1052,"Medma, Mesma",15.9882,38.4821,-750.0,60.0,1.0
-675,-650,1053,"Port at the outlet of R Metaurus, Metaure ",15.871137,38.421553,-750.0,60.0,1.0
-675,-650,1058,"Scyllaeum, Scylla, in front of Charybdis in Sicily, both Planktes insulae, where Odysseus possibly sailed",15.715,38.259,-750.0,60.0,1.0
-675,-650,1061,"Rhegium, Rhegion",15.634658,38.109425,-740.0,20.0,1.0
-675,-650,1069,"Lokroi Epizephyrioi, Locri Epizefiri, Locres ",16.2368,38.2077,-750.0,60.0,1.0
-675,-650,1071,"Amphissa, Santo Onofrio ",16.413143,38.318166,-750.0,60.0,1.0
-675,-650,1072,"Kaulonia, Caulonia, Aulonia, Stilida",16.5787,38.4454,-750.0,60.0,1.0
-675,-650,1080,,17.16869,38.95411,-750.0,60.0,1.0
-675,-650,1082,"Kroton, Crotone, on R Aisaros",17.126348,39.085539,-750.0,60.0,1.0
-675,-650,1084,Krimisa?,17.140861,39.370149,-750.0,60.0,1.0
-675,-650,1085,"Temple of Apollo Alaeus, port of Aesarus ",17.1466,39.39654,-750.0,60.0,1.0
-675,-650,1090,"archaic Sybaris, on R Sybaris and R Crathis, Thourioi, Thurii, Copia",16.491191,39.717044,-720.0,20.0,1.0
-675,-650,1091,,16.538059,39.865106,-1500.0,100.0,1.0
-675,-650,1097,"Siris, on R Siris",16.6682,40.1658,-750.0,60.0,1.0
-675,-650,1098.0999999999999,,16.6642,40.2934,-1500.0,100.0,1.0
-675,-650,1099,"Metapontum, Metaponte",16.8352,40.3728,-750.0,60.0,1.0
-675,-650,1100,"Tarentum, Taras, Neptuna",17.228144,40.472032,-750.0,60.0,1.0
-675,-650,1103,"Satyrion, Saturnum ",17.30396,40.37282,-1500.0,100.0,1.0
-675,-650,1105,Port Sasina ,17.896215,40.25706,-750.0,60.0,1.0
-675,-650,1106,Port of Neretum,17.983673,40.137046,-750.0,60.0,1.0
-675,-650,1107,"Kallipolis, Callipolis, Anxa ",17.979931,40.054413,-750.0,60.0,1.0
-675,-650,1110,"Portus Sallentinus, Leuke, near Iapygia Prom.",18.362675,39.792157,-750.0,60.0,1.0
-675,-650,1112,"Zancle, Zankle, Messana, Messene",15.560811,38.192865,-730.0,20.0,1.0
-675,-650,1113,,15.536584,38.145129,-750.0,60.0,1.0
-675,-650,1118,"Archaic Naxos, near R Akesines",15.2694,37.8193,-734.0,10.0,1.0
-675,-650,1123,"Katane, Catina ",15.0873,37.5024,-750.0,60.0,1.0
-675,-650,1123.2,"Leontinoi, on R Terias",14.998,37.2855,-750.0,60.0,1.0
-675,-650,1124,,15.132834,37.310011,-750.0,60.0,1.0
-675,-650,1126,"Megara Hyblaea, on R Alabon",15.183741,37.205772,-750.0,60.0,1.0
-675,-650,1127,"Tapsus, Thapsos ",15.228473,37.145257,-1200.0,100.0,1.0
-675,-650,1128,"Leon, landing place of Athenian fleet in 414 BC",15.2615,37.1076,-4000.0,100.0,1.0
-675,-650,1132,"Syracuse, ""Large Port"", on the isle of Sikelia, Sicania, Trinacria, major Greek (Corinthian) settlement in Sicily",15.288,37.06,-733.0,10.0,1.0
-675,-650,1138,Portus Naustathamus?,15.214525,36.95611,-750.0,60.0,1.0
-675,-650,1140,"Helorus, Elorus, on R Helorus",15.1075,36.8422,-750.0,60.0,1.0
-675,-650,1146,R Hirminum,14.594,36.771,-750.0,60.0,1.0
-675,-650,1152,"Gela, on R Gela",14.2583,37.063,-688.0,10.0,1.0
-675,-650,1154,,14.197,37.0842,-750.0,60.0,1.0
-675,-650,1155,"Port of Maktorion, Mactorium?",14.138661,37.100201,-750.0,60.0,1.0
-675,-650,1158,,13.881,37.102,-750.0,60.0,1.0
-675,-650,1160,,13.780019,37.144488,-750.0,60.0,1.0
-675,-650,1162.0999999999999,,13.624,37.233,-1400.0,100.0,1.0
-675,-650,1166,"Heraclea Minoa, on R Halycus",13.28,37.3937,-750.0,60.0,1.0
-675,-650,1167,,13.256671,37.414943,-750.0,60.0,1.0
-675,-650,1169,"Selinus, Selinunt, Selinonte east port",12.8294,37.5845,-650.0,30.0,0.2916666666666667
-675,-650,1170,"Selinus, Selinunt, Selinonte west port, on R Selinon",12.82116,37.5828,-650.0,30.0,0.2916666666666667
-675,-650,1172,"Lilybaion, Lilybee South port?",12.43,37.7937,-750.0,60.0,1.0
-675,-650,1173,"Lilybaion, Lilybee Main port",12.428115,37.808131,-750.0,60.0,1.0
-675,-650,1174,"Lilybaion, Lilybee North port?",12.443337,37.8124,-750.0,60.0,1.0
-675,-650,1176,"Motye, Motya",12.4646,37.8641,-750.0,60.0,1.0
-675,-650,1177,"Aigousa insula, anchorage of Roman fleet before the famous battle of the Egadi Islands (10 March 241 BC), Odysseus' port of the Cyclops? ",12.322489,37.934044,-750.0,60.0,1.0
-675,-650,1180,"Bucinna, Phorbantia insula",12.321625,38.00168,-10000.0,100.0,1.0
-675,-650,1187,,13.182596,38.71968,-1500.0,100.0,1.0
-675,-650,1189,"Panhormus, Panorme",13.368583,38.120398,-750.0,60.0,1.0
-675,-650,1190,"Solus, port of Solonte ",13.542862,38.081694,-750.0,60.0,1.0
-675,-650,1193,"Himera, Himere, on R Himeras",13.8215,37.9683,-729.0,10.0,1.0
-675,-650,1203,"Celsina, Phoenicusa, Phoinikoussa insula",14.5883,38.5569,-1500.0,100.0,1.0
-675,-650,1204,Didyma insula,14.8696,38.5739,-1500.0,100.0,1.0
-675,-650,1205,"Lipara on Liparos insula, Meligounis nesos",14.9568,38.4717,-1500.0,100.0,1.0
-675,-650,1207,"Aegina, Euonymus insula",15.0636,38.6256,-1500.0,100.0,1.0
-675,-650,1209,"Strongilos, Eolie, possibly Odysseus' stopover on the isle of Aeolos",15.244209,38.797457,-1500.0,100.0,1.0
-675,-650,1212,"Myle, Mylae ",15.2428,38.2177,-750.0,60.0,1.0
-675,-650,1243,"Hydros, Hydruntum, Otrante ",18.490869,40.148182,-750.0,60.0,1.0
-675,-650,1244,Port Tarentin ,18.4263,40.2871,-1500.0,100.0,1.0
-675,-650,1245,,18.409136,40.301208,-750.0,60.0,1.0
-675,-650,1247,"Brindes, Brentesium, Brundisium, Bronduse",17.948953,40.641441,-750.0,60.0,1.0
-675,-650,1249,,17.7983,40.7137,-750.0,60.0,1.0
-675,-650,1250.0999999999999,Karbina,17.6983,40.7596,-1500.0,100.0,1.0
-675,-650,1252,Gnathia ,17.391,40.8896,-750.0,60.0,1.0
-675,-650,1257,,16.997139,41.090957,-750.0,60.0,1.0
-675,-650,1263.0999999999999,,16.0811,41.3592,-1500.0,100.0,1.0
-675,-650,1267,,15.8378,41.519,-750.0,60.0,1.0
-675,-650,1268,"Coppa Nevigatta, on R Aquilo",15.8338,41.558,-5000.0,100.0,1.0
-675,-650,1271,"Apanestae, Apeneste",16.06038,41.69375,-750.0,60.0,1.0
-675,-650,1284,,15.05334,41.93962,-750.0,60.0,1.0
-675,-650,1298,Cupra Maritima,13.8534,43.034,-750.0,60.0,1.0
-675,-650,1302,Numana ,13.628195,43.50729,-750.0,60.0,1.0
-675,-650,1306,,13.175681,43.75246,-750.0,60.0,1.0
-675,-650,1319,"Pomposa, Etruscan Spina, at the outlet of R Padus",12.10256,44.6943,-750.0,60.0,1.0
-675,-650,1323,Hadriani ,12.17741,44.94566,-750.0,60.0,1.0
-675,-650,1326,"Atria, Etruscan Hatria ",12.067121,45.048536,-750.0,60.0,1.0
-675,-650,1345,"Eraclia, Port on R Anassum or Anaxum ",12.6573,45.6378,-1300.0,100.0,1.0
-675,-650,1347.1,,12.8872,45.6356,-1200.0,100.0,1.0
-675,-650,1348.1,,13.1286,45.7714,-1300.0,100.0,1.0
-675,-650,1348.2,,13.1542,45.7705,-1300.0,100.0,1.0
-675,-650,1349.1,,13.3203,45.7648,-1500.0,100.0,1.0
-650,-625,753.1,"Olbia, Punic port and Roman port",9.5057,40.9232,-750.0,60.0,1.0
-650,-625,756.1,Outlet of R Kaidris,9.734,40.373,-1500.0,100.0,1.0
-650,-625,765,"Caralis, Carales, on R Sulcis",9.112387,39.211683,-750.0,60.0,1.0
-650,-625,766.1,,9.005325,39.095552,-1500.0,100.0,1.0
-650,-625,766.2,,9.0236,39.0619,-1500.0,100.0,1.0
-650,-625,767,Nora ,9.01444,38.987048,-750.0,60.0,1.0
-650,-625,768,Nora ,9.012555,38.984715,-750.0,60.0,1.0
-650,-625,769,Nora ,9.012066,38.988036,-750.0,60.0,1.0
-650,-625,770,"Bitia, Bithia, Bioea ",8.8849,38.8956,-750.0,60.0,1.0
-650,-625,778,"Sulcis, Solci (export of copper?)",8.462004,39.06534,-750.0,60.0,1.0
-650,-625,780,,8.4887,39.1774,-750.0,60.0,1.0
-650,-625,781.1,,8.4601,39.5681,-7000.0,100.0,1.0
-650,-625,786,"Othaia, Othoca, on R Thyrsos",8.60849,39.86957,-750.0,60.0,1.0
-650,-625,786.1,,8.495,39.925,-4500.0,100.0,1.0
-650,-625,787,"Tarrai, Tharros, Tarrhos, Punic port",8.44,39.892,-750.0,60.0,1.0
-650,-625,787.1,"Tarrai, Tharros, Tarrhos, possible Nuragic port",8.4416,39.8789,-1500.0,100.0,1.0
-650,-625,788,"Tarrai, Tharros, Tarrhos",8.437959,39.859288,-750.0,60.0,1.0
-650,-625,788.1,,8.3936,39.9725,-1200.0,100.0,1.0
-650,-625,788.2,,8.3066,39.988,-1200.0,100.0,1.0
-650,-625,789,"Coracodes, Korakodes portus",8.409895,40.043873,-1200.0,100.0,1.0
-650,-625,793,Nymphaeus portus ,8.189645,40.616568,-750.0,60.0,1.0
-650,-625,803,"Turublum Minus, Lamos?, Telepylos?, possible port of the Laestrygonians and stopover of Odysseus, near famous Arktou Akra Prom.",9.275693,41.199135,-1500.0,100.0,1.0
-650,-625,830,"archaic landing place of Genua, Etruscan Cainua?",8.94388,44.409,-1000.0,100.0,1.0
-650,-625,847,,10.28083,43.87307,-750.0,60.0,1.0
-650,-625,849,,10.32724,43.76764,-750.0,60.0,1.0
-650,-625,850,,10.33555,43.73476,-750.0,60.0,1.0
-650,-625,853,,10.3934,43.6386,-5000.0,100.0,1.0
-650,-625,854,"Triturrita? Turrita? Near Portus Pisanus, Pisarum emporio, Liburnus Portus, Portus Herculis Liburni, Portus Labro, Etruscan Liburna",10.3343,43.5733,-5000.0,100.0,1.0
-650,-625,858.1,,10.531,43.099,-5000.0,100.0,1.0
-650,-625,859,"Populonio, Poplonium, Etruscan Fufluna, Pupluna",10.5014,42.9924,-750.0,60.0,1.0
-650,-625,860,"Falesia, Porto Falese ",10.559041,42.934297,-5000.0,100.0,1.0
-650,-625,862,Etruscan Fullona,10.757,42.917,-700.0,30.0,1.0
-650,-625,866,"Ilva, Aithalia, Ethalie ",10.273798,42.770152,-5000.0,100.0,1.0
-650,-625,867,"Argous portus, Argoos, ",10.329861,42.813066,-750.0,60.0,1.0
-650,-625,873,,10.09386,42.59297,-5000.0,100.0,1.0
-650,-625,880.1,,11.173,42.431,-1000.0,100.0,1.0
-650,-625,885,Oglasa insula,10.309211,42.331958,-5000.0,100.0,1.0
-650,-625,888.1,,11.2774,42.4201,-1000.0,100.0,1.0
-650,-625,893,"Regis, Regae ",11.6041,42.3122,-750.0,60.0,1.0
-650,-625,896,"Graviscae, port of Tarquinia, Etruscan Tarchuna, Tarchna, possible first settlement of Etruscan people",11.7066,42.2144,-750.0,60.0,1.0
-650,-625,906,"Pyrgoi, Pyrgi (also called The Towers), port of Agylle, Caere, Etruscan Chaire, Caisra, Cisra",11.9565,42.0152,-750.0,60.0,1.0
-650,-625,906.1,"Pyrgoi, Pyrgi (also called The Towers), port of Agylle, Caere, Etruscan Chaire, Caisra, Cisra",11.9604,42.015,-750.0,60.0,1.0
-650,-625,906.2,Etruscan submerged structure,11.977,41.9957,-750.0,60.0,1.0
-650,-625,909,"Alsium, port of Agylla, Caere, Coere, Etruscan Chaire, Caisra",12.100837,41.932961,-750.0,60.0,1.0
-650,-625,916,"Ostia, port of Rome",12.279848,41.75343,-640.0,20.0,0.5625
-650,-625,917,Ostia,12.290905,41.75752,-750.0,60.0,1.0
-650,-625,921,Ficana,12.35306,41.80187,-750.0,60.0,1.0
-650,-625,930,"Portus Tiberinus, near Pons Aemilius, oldest archaic port of Rome, close to Foro Romano and Horrea Agrippiana",12.4809,41.8892,-753.0,10.0,1.0
-650,-625,938,Castrum Inui,12.5113,41.5803,-750.0,60.0,1.0
-650,-625,943,"Antium, Nero's port, Etruscan Anth? Caenon?",12.628393,41.442702,-750.0,60.0,1.0
-650,-625,957,Pontia insula,12.964786,40.894781,-750.0,60.0,1.0
-650,-625,968.1,"Marica temple, sea-port of Minturnae",13.7645,41.2265,-700.0,30.0,1.0
-650,-625,975,"Cumae, Cumes, Kyme",14.051265,40.846657,-750.0,60.0,1.0
-650,-625,977,"Pithekoussai, Pithecusae, Etruscan Inarime, first Greek (Euboian) settlement in Italy",13.885913,40.754297,-750.0,60.0,1.0
-650,-625,978,,13.879064,40.696687,-700.0,30.0,1.0
-650,-625,978.1,"Procita, Prochyta insula",14.016731,40.759068,-700.0,30.0,1.0
-650,-625,978.2,,13.992,40.74,-1500.0,100.0,1.0
-650,-625,991,"Puteoli, Dikaiarcheia, Dicearque, Flavia Colonia Augusta Puteoli, Delus Minor, in the Campi Phlegraei volcano district",14.1154,40.8216,-750.0,60.0,1.0
-650,-625,997,"Parthenope, Neapolis",14.2522,40.8398,-750.0,60.0,1.0
-650,-625,1002,"Pompeia, Porta Marina, Etruscan Pumpai",14.48226,40.74893,-750.0,60.0,1.0
-650,-625,1002.1,"Pompeia, Porta Stabia, Etruscan Pumpai",14.4908,40.7473,-750.0,60.0,1.0
-650,-625,1004,Aequana ,14.4215,40.6617,-750.0,60.0,1.0
-650,-625,1013.1,"Seirenoussai nesoi, Anthemoessa insulae, Anthemuse, possible Siren islands, no stopover for Odysseus",14.43365,40.5825,-750.0,60.0,1.0
-650,-625,1017,Vietri ,14.713068,40.657725,-750.0,60.0,1.0
-650,-625,1019,,14.94346,40.5352,-750.0,60.0,1.0
-650,-625,1021,"Poseïdonia, Posidonia, Paestum, on R Silarus",14.992,40.415,-750.0,60.0,1.0
-650,-625,1025,Palinurus ,15.282234,40.035658,-750.0,60.0,1.0
-650,-625,1026,"Oenotrides insulae, Molpa ",15.294659,40.026788,-750.0,60.0,1.0
-650,-625,1032,,15.781146,39.81781,-750.0,60.0,1.0
-650,-625,1033,"Laos, Laus ",15.789572,39.775272,-750.0,60.0,1.0
-650,-625,1039,"Temesa, Temese, Tempsa, on R Sabutus",16.094554,39.027944,-750.0,60.0,1.0
-650,-625,1047.3,,15.9718,38.7135,-1500.0,100.0,1.0
-650,-625,1049,,15.921,38.545,-750.0,60.0,1.0
-650,-625,1052,"Medma, Mesma",15.9882,38.4821,-750.0,60.0,1.0
-650,-625,1053,"Port at the outlet of R Metaurus, Metaure ",15.871137,38.421553,-750.0,60.0,1.0
-650,-625,1058,"Scyllaeum, Scylla, in front of Charybdis in Sicily, both Planktes insulae, where Odysseus possibly sailed",15.715,38.259,-750.0,60.0,1.0
-650,-625,1061,"Rhegium, Rhegion",15.634658,38.109425,-740.0,20.0,1.0
-650,-625,1069,"Lokroi Epizephyrioi, Locri Epizefiri, Locres ",16.2368,38.2077,-750.0,60.0,1.0
-650,-625,1071,"Amphissa, Santo Onofrio ",16.413143,38.318166,-750.0,60.0,1.0
-650,-625,1072,"Kaulonia, Caulonia, Aulonia, Stilida",16.5787,38.4454,-750.0,60.0,1.0
-650,-625,1080,,17.16869,38.95411,-750.0,60.0,1.0
-650,-625,1082,"Kroton, Crotone, on R Aisaros",17.126348,39.085539,-750.0,60.0,1.0
-650,-625,1084,Krimisa?,17.140861,39.370149,-750.0,60.0,1.0
-650,-625,1085,"Temple of Apollo Alaeus, port of Aesarus ",17.1466,39.39654,-750.0,60.0,1.0
-650,-625,1090,"archaic Sybaris, on R Sybaris and R Crathis, Thourioi, Thurii, Copia",16.491191,39.717044,-720.0,20.0,1.0
-650,-625,1091,,16.538059,39.865106,-1500.0,100.0,1.0
-650,-625,1097,"Siris, on R Siris",16.6682,40.1658,-750.0,60.0,1.0
-650,-625,1098.0999999999999,,16.6642,40.2934,-1500.0,100.0,1.0
-650,-625,1099,"Metapontum, Metaponte",16.8352,40.3728,-750.0,60.0,1.0
-650,-625,1100,"Tarentum, Taras, Neptuna",17.228144,40.472032,-750.0,60.0,1.0
-650,-625,1103,"Satyrion, Saturnum ",17.30396,40.37282,-1500.0,100.0,1.0
-650,-625,1105,Port Sasina ,17.896215,40.25706,-750.0,60.0,1.0
-650,-625,1106,Port of Neretum,17.983673,40.137046,-750.0,60.0,1.0
-650,-625,1107,"Kallipolis, Callipolis, Anxa ",17.979931,40.054413,-750.0,60.0,1.0
-650,-625,1110,"Portus Sallentinus, Leuke, near Iapygia Prom.",18.362675,39.792157,-750.0,60.0,1.0
-650,-625,1112,"Zancle, Zankle, Messana, Messene",15.560811,38.192865,-730.0,20.0,1.0
-650,-625,1113,,15.536584,38.145129,-750.0,60.0,1.0
-650,-625,1118,"Archaic Naxos, near R Akesines",15.2694,37.8193,-734.0,10.0,1.0
-650,-625,1123,"Katane, Catina ",15.0873,37.5024,-750.0,60.0,1.0
-650,-625,1123.2,"Leontinoi, on R Terias",14.998,37.2855,-750.0,60.0,1.0
-650,-625,1124,,15.132834,37.310011,-750.0,60.0,1.0
-650,-625,1126,"Megara Hyblaea, on R Alabon",15.183741,37.205772,-750.0,60.0,1.0
-650,-625,1127,"Tapsus, Thapsos ",15.228473,37.145257,-1200.0,100.0,1.0
-650,-625,1128,"Leon, landing place of Athenian fleet in 414 BC",15.2615,37.1076,-4000.0,100.0,1.0
-650,-625,1132,"Syracuse, ""Large Port"", on the isle of Sikelia, Sicania, Trinacria, major Greek (Corinthian) settlement in Sicily",15.288,37.06,-733.0,10.0,1.0
-650,-625,1138,Portus Naustathamus?,15.214525,36.95611,-750.0,60.0,1.0
-650,-625,1140,"Helorus, Elorus, on R Helorus",15.1075,36.8422,-750.0,60.0,1.0
-650,-625,1146,R Hirminum,14.594,36.771,-750.0,60.0,1.0
-650,-625,1152,"Gela, on R Gela",14.2583,37.063,-688.0,10.0,1.0
-650,-625,1154,,14.197,37.0842,-750.0,60.0,1.0
-650,-625,1155,"Port of Maktorion, Mactorium?",14.138661,37.100201,-750.0,60.0,1.0
-650,-625,1158,,13.881,37.102,-750.0,60.0,1.0
-650,-625,1160,,13.780019,37.144488,-750.0,60.0,1.0
-650,-625,1162.0999999999999,,13.624,37.233,-1400.0,100.0,1.0
-650,-625,1166,"Heraclea Minoa, on R Halycus",13.28,37.3937,-750.0,60.0,1.0
-650,-625,1167,,13.256671,37.414943,-750.0,60.0,1.0
-650,-625,1169,"Selinus, Selinunt, Selinonte east port",12.8294,37.5845,-650.0,30.0,0.7083333333333334
-650,-625,1170,"Selinus, Selinunt, Selinonte west port, on R Selinon",12.82116,37.5828,-650.0,30.0,0.7083333333333334
-650,-625,1172,"Lilybaion, Lilybee South port?",12.43,37.7937,-750.0,60.0,1.0
-650,-625,1173,"Lilybaion, Lilybee Main port",12.428115,37.808131,-750.0,60.0,1.0
-650,-625,1174,"Lilybaion, Lilybee North port?",12.443337,37.8124,-750.0,60.0,1.0
-650,-625,1176,"Motye, Motya",12.4646,37.8641,-750.0,60.0,1.0
-650,-625,1177,"Aigousa insula, anchorage of Roman fleet before the famous battle of the Egadi Islands (10 March 241 BC), Odysseus' port of the Cyclops? ",12.322489,37.934044,-750.0,60.0,1.0
-650,-625,1180,"Bucinna, Phorbantia insula",12.321625,38.00168,-10000.0,100.0,1.0
-650,-625,1187,,13.182596,38.71968,-1500.0,100.0,1.0
-650,-625,1189,"Panhormus, Panorme",13.368583,38.120398,-750.0,60.0,1.0
-650,-625,1190,"Solus, port of Solonte ",13.542862,38.081694,-750.0,60.0,1.0
-650,-625,1193,"Himera, Himere, on R Himeras",13.8215,37.9683,-729.0,10.0,1.0
-650,-625,1203,"Celsina, Phoenicusa, Phoinikoussa insula",14.5883,38.5569,-1500.0,100.0,1.0
-650,-625,1204,Didyma insula,14.8696,38.5739,-1500.0,100.0,1.0
-650,-625,1205,"Lipara on Liparos insula, Meligounis nesos",14.9568,38.4717,-1500.0,100.0,1.0
-650,-625,1207,"Aegina, Euonymus insula",15.0636,38.6256,-1500.0,100.0,1.0
-650,-625,1209,"Strongilos, Eolie, possibly Odysseus' stopover on the isle of Aeolos",15.244209,38.797457,-1500.0,100.0,1.0
-650,-625,1212,"Myle, Mylae ",15.2428,38.2177,-750.0,60.0,1.0
-650,-625,1243,"Hydros, Hydruntum, Otrante ",18.490869,40.148182,-750.0,60.0,1.0
-650,-625,1244,Port Tarentin ,18.4263,40.2871,-1500.0,100.0,1.0
-650,-625,1245,,18.409136,40.301208,-750.0,60.0,1.0
-650,-625,1247,"Brindes, Brentesium, Brundisium, Bronduse",17.948953,40.641441,-750.0,60.0,1.0
-650,-625,1249,,17.7983,40.7137,-750.0,60.0,1.0
-650,-625,1250.0999999999999,Karbina,17.6983,40.7596,-1500.0,100.0,1.0
-650,-625,1252,Gnathia ,17.391,40.8896,-750.0,60.0,1.0
-650,-625,1257,,16.997139,41.090957,-750.0,60.0,1.0
-650,-625,1263.0999999999999,,16.0811,41.3592,-1500.0,100.0,1.0
-650,-625,1267,,15.8378,41.519,-750.0,60.0,1.0
-650,-625,1268,"Coppa Nevigatta, on R Aquilo",15.8338,41.558,-5000.0,100.0,1.0
-650,-625,1271,"Apanestae, Apeneste",16.06038,41.69375,-750.0,60.0,1.0
-650,-625,1284,,15.05334,41.93962,-750.0,60.0,1.0
-650,-625,1298,Cupra Maritima,13.8534,43.034,-750.0,60.0,1.0
-650,-625,1302,Numana ,13.628195,43.50729,-750.0,60.0,1.0
-650,-625,1306,,13.175681,43.75246,-750.0,60.0,1.0
-650,-625,1319,"Pomposa, Etruscan Spina, at the outlet of R Padus",12.10256,44.6943,-750.0,60.0,1.0
-650,-625,1323,Hadriani ,12.17741,44.94566,-750.0,60.0,1.0
-650,-625,1326,"Atria, Etruscan Hatria ",12.067121,45.048536,-750.0,60.0,1.0
-650,-625,1345,"Eraclia, Port on R Anassum or Anaxum ",12.6573,45.6378,-1300.0,100.0,1.0
-650,-625,1347.1,,12.8872,45.6356,-1200.0,100.0,1.0
-650,-625,1348.1,,13.1286,45.7714,-1300.0,100.0,1.0
-650,-625,1348.2,,13.1542,45.7705,-1300.0,100.0,1.0
-650,-625,1349.1,,13.3203,45.7648,-1500.0,100.0,1.0
-625,-600,753.1,"Olbia, Punic port and Roman port",9.5057,40.9232,-750.0,60.0,1.0
-625,-600,756.1,Outlet of R Kaidris,9.734,40.373,-1500.0,100.0,1.0
-625,-600,765,"Caralis, Carales, on R Sulcis",9.112387,39.211683,-750.0,60.0,1.0
-625,-600,766.1,,9.005325,39.095552,-1500.0,100.0,1.0
-625,-600,766.2,,9.0236,39.0619,-1500.0,100.0,1.0
-625,-600,767,Nora ,9.01444,38.987048,-750.0,60.0,1.0
-625,-600,768,Nora ,9.012555,38.984715,-750.0,60.0,1.0
-625,-600,769,Nora ,9.012066,38.988036,-750.0,60.0,1.0
-625,-600,770,"Bitia, Bithia, Bioea ",8.8849,38.8956,-750.0,60.0,1.0
-625,-600,778,"Sulcis, Solci (export of copper?)",8.462004,39.06534,-750.0,60.0,1.0
-625,-600,780,,8.4887,39.1774,-750.0,60.0,1.0
-625,-600,781.1,,8.4601,39.5681,-7000.0,100.0,1.0
-625,-600,786,"Othaia, Othoca, on R Thyrsos",8.60849,39.86957,-750.0,60.0,1.0
-625,-600,786.1,,8.495,39.925,-4500.0,100.0,1.0
-625,-600,787,"Tarrai, Tharros, Tarrhos, Punic port",8.44,39.892,-750.0,60.0,1.0
-625,-600,787.1,"Tarrai, Tharros, Tarrhos, possible Nuragic port",8.4416,39.8789,-1500.0,100.0,1.0
-625,-600,788,"Tarrai, Tharros, Tarrhos",8.437959,39.859288,-750.0,60.0,1.0
-625,-600,788.1,,8.3936,39.9725,-1200.0,100.0,1.0
-625,-600,788.2,,8.3066,39.988,-1200.0,100.0,1.0
-625,-600,789,"Coracodes, Korakodes portus",8.409895,40.043873,-1200.0,100.0,1.0
-625,-600,793,Nymphaeus portus ,8.189645,40.616568,-750.0,60.0,1.0
-625,-600,803,"Turublum Minus, Lamos?, Telepylos?, possible port of the Laestrygonians and stopover of Odysseus, near famous Arktou Akra Prom.",9.275693,41.199135,-1500.0,100.0,1.0
-625,-600,829,Genua,8.9284,44.411,-600.0,30.0,0.2916666666666667
-625,-600,830,"archaic landing place of Genua, Etruscan Cainua?",8.94388,44.409,-1000.0,100.0,1.0
-625,-600,847,,10.28083,43.87307,-750.0,60.0,1.0
-625,-600,849,,10.32724,43.76764,-750.0,60.0,1.0
-625,-600,850,,10.33555,43.73476,-750.0,60.0,1.0
-625,-600,853,,10.3934,43.6386,-5000.0,100.0,1.0
-625,-600,854,"Triturrita? Turrita? Near Portus Pisanus, Pisarum emporio, Liburnus Portus, Portus Herculis Liburni, Portus Labro, Etruscan Liburna",10.3343,43.5733,-5000.0,100.0,1.0
-625,-600,858.1,,10.531,43.099,-5000.0,100.0,1.0
-625,-600,859,"Populonio, Poplonium, Etruscan Fufluna, Pupluna",10.5014,42.9924,-750.0,60.0,1.0
-625,-600,860,"Falesia, Porto Falese ",10.559041,42.934297,-5000.0,100.0,1.0
-625,-600,862,Etruscan Fullona,10.757,42.917,-700.0,30.0,1.0
-625,-600,866,"Ilva, Aithalia, Ethalie ",10.273798,42.770152,-5000.0,100.0,1.0
-625,-600,867,"Argous portus, Argoos, ",10.329861,42.813066,-750.0,60.0,1.0
-625,-600,873,,10.09386,42.59297,-5000.0,100.0,1.0
-625,-600,880.1,,11.173,42.431,-1000.0,100.0,1.0
-625,-600,885,Oglasa insula,10.309211,42.331958,-5000.0,100.0,1.0
-625,-600,888.1,,11.2774,42.4201,-1000.0,100.0,1.0
-625,-600,893,"Regis, Regae ",11.6041,42.3122,-750.0,60.0,1.0
-625,-600,896,"Graviscae, port of Tarquinia, Etruscan Tarchuna, Tarchna, possible first settlement of Etruscan people",11.7066,42.2144,-750.0,60.0,1.0
-625,-600,906,"Pyrgoi, Pyrgi (also called The Towers), port of Agylle, Caere, Etruscan Chaire, Caisra, Cisra",11.9565,42.0152,-750.0,60.0,1.0
-625,-600,906.1,"Pyrgoi, Pyrgi (also called The Towers), port of Agylle, Caere, Etruscan Chaire, Caisra, Cisra",11.9604,42.015,-750.0,60.0,1.0
-625,-600,906.2,Etruscan submerged structure,11.977,41.9957,-750.0,60.0,1.0
-625,-600,909,"Alsium, port of Agylla, Caere, Coere, Etruscan Chaire, Caisra",12.100837,41.932961,-750.0,60.0,1.0
-625,-600,916,"Ostia, port of Rome",12.279848,41.75343,-640.0,20.0,1.0
-625,-600,917,Ostia,12.290905,41.75752,-750.0,60.0,1.0
-625,-600,921,Ficana,12.35306,41.80187,-750.0,60.0,1.0
-625,-600,930,"Portus Tiberinus, near Pons Aemilius, oldest archaic port of Rome, close to Foro Romano and Horrea Agrippiana",12.4809,41.8892,-753.0,10.0,1.0
-625,-600,938,Castrum Inui,12.5113,41.5803,-750.0,60.0,1.0
-625,-600,943,"Antium, Nero's port, Etruscan Anth? Caenon?",12.628393,41.442702,-750.0,60.0,1.0
-625,-600,957,Pontia insula,12.964786,40.894781,-750.0,60.0,1.0
-625,-600,968.1,"Marica temple, sea-port of Minturnae",13.7645,41.2265,-700.0,30.0,1.0
-625,-600,975,"Cumae, Cumes, Kyme",14.051265,40.846657,-750.0,60.0,1.0
-625,-600,977,"Pithekoussai, Pithecusae, Etruscan Inarime, first Greek (Euboian) settlement in Italy",13.885913,40.754297,-750.0,60.0,1.0
-625,-600,978,,13.879064,40.696687,-700.0,30.0,1.0
-625,-600,978.1,"Procita, Prochyta insula",14.016731,40.759068,-700.0,30.0,1.0
-625,-600,978.2,,13.992,40.74,-1500.0,100.0,1.0
-625,-600,991,"Puteoli, Dikaiarcheia, Dicearque, Flavia Colonia Augusta Puteoli, Delus Minor, in the Campi Phlegraei volcano district",14.1154,40.8216,-750.0,60.0,1.0
-625,-600,997,"Parthenope, Neapolis",14.2522,40.8398,-750.0,60.0,1.0
-625,-600,997.1,Neapolis ,14.25462,40.83927,-600.0,30.0,0.2916666666666667
-625,-600,998,Neapolis ,14.2524,40.83926,-600.0,30.0,0.2916666666666667
-625,-600,1002,"Pompeia, Porta Marina, Etruscan Pumpai",14.48226,40.74893,-750.0,60.0,1.0
-625,-600,1002.1,"Pompeia, Porta Stabia, Etruscan Pumpai",14.4908,40.7473,-750.0,60.0,1.0
-625,-600,1004,Aequana ,14.4215,40.6617,-750.0,60.0,1.0
-625,-600,1013.1,"Seirenoussai nesoi, Anthemoessa insulae, Anthemuse, possible Siren islands, no stopover for Odysseus",14.43365,40.5825,-750.0,60.0,1.0
-625,-600,1017,Vietri ,14.713068,40.657725,-750.0,60.0,1.0
-625,-600,1019,,14.94346,40.5352,-750.0,60.0,1.0
-625,-600,1021,"Poseïdonia, Posidonia, Paestum, on R Silarus",14.992,40.415,-750.0,60.0,1.0
-625,-600,1025,Palinurus ,15.282234,40.035658,-750.0,60.0,1.0
-625,-600,1026,"Oenotrides insulae, Molpa ",15.294659,40.026788,-750.0,60.0,1.0
-625,-600,1032,,15.781146,39.81781,-750.0,60.0,1.0
-625,-600,1033,"Laos, Laus ",15.789572,39.775272,-750.0,60.0,1.0
-625,-600,1039,"Temesa, Temese, Tempsa, on R Sabutus",16.094554,39.027944,-750.0,60.0,1.0
-625,-600,1047.3,,15.9718,38.7135,-1500.0,100.0,1.0
-625,-600,1049,,15.921,38.545,-750.0,60.0,1.0
-625,-600,1052,"Medma, Mesma",15.9882,38.4821,-750.0,60.0,1.0
-625,-600,1053,"Port at the outlet of R Metaurus, Metaure ",15.871137,38.421553,-750.0,60.0,1.0
-625,-600,1058,"Scyllaeum, Scylla, in front of Charybdis in Sicily, both Planktes insulae, where Odysseus possibly sailed",15.715,38.259,-750.0,60.0,1.0
-625,-600,1061,"Rhegium, Rhegion",15.634658,38.109425,-740.0,20.0,1.0
-625,-600,1069,"Lokroi Epizephyrioi, Locri Epizefiri, Locres ",16.2368,38.2077,-750.0,60.0,1.0
-625,-600,1071,"Amphissa, Santo Onofrio ",16.413143,38.318166,-750.0,60.0,1.0
-625,-600,1072,"Kaulonia, Caulonia, Aulonia, Stilida",16.5787,38.4454,-750.0,60.0,1.0
-625,-600,1080,,17.16869,38.95411,-750.0,60.0,1.0
-625,-600,1082,"Kroton, Crotone, on R Aisaros",17.126348,39.085539,-750.0,60.0,1.0
-625,-600,1084,Krimisa?,17.140861,39.370149,-750.0,60.0,1.0
-625,-600,1085,"Temple of Apollo Alaeus, port of Aesarus ",17.1466,39.39654,-750.0,60.0,1.0
-625,-600,1090,"archaic Sybaris, on R Sybaris and R Crathis, Thourioi, Thurii, Copia",16.491191,39.717044,-720.0,20.0,1.0
-625,-600,1091,,16.538059,39.865106,-1500.0,100.0,1.0
-625,-600,1097,"Siris, on R Siris",16.6682,40.1658,-750.0,60.0,1.0
-625,-600,1098.0999999999999,,16.6642,40.2934,-1500.0,100.0,1.0
-625,-600,1099,"Metapontum, Metaponte",16.8352,40.3728,-750.0,60.0,1.0
-625,-600,1100,"Tarentum, Taras, Neptuna",17.228144,40.472032,-750.0,60.0,1.0
-625,-600,1103,"Satyrion, Saturnum ",17.30396,40.37282,-1500.0,100.0,1.0
-625,-600,1105,Port Sasina ,17.896215,40.25706,-750.0,60.0,1.0
-625,-600,1106,Port of Neretum,17.983673,40.137046,-750.0,60.0,1.0
-625,-600,1107,"Kallipolis, Callipolis, Anxa ",17.979931,40.054413,-750.0,60.0,1.0
-625,-600,1110,"Portus Sallentinus, Leuke, near Iapygia Prom.",18.362675,39.792157,-750.0,60.0,1.0
-625,-600,1112,"Zancle, Zankle, Messana, Messene",15.560811,38.192865,-730.0,20.0,1.0
-625,-600,1113,,15.536584,38.145129,-750.0,60.0,1.0
-625,-600,1118,"Archaic Naxos, near R Akesines",15.2694,37.8193,-734.0,10.0,1.0
-625,-600,1123,"Katane, Catina ",15.0873,37.5024,-750.0,60.0,1.0
-625,-600,1123.2,"Leontinoi, on R Terias",14.998,37.2855,-750.0,60.0,1.0
-625,-600,1124,,15.132834,37.310011,-750.0,60.0,1.0
-625,-600,1126,"Megara Hyblaea, on R Alabon",15.183741,37.205772,-750.0,60.0,1.0
-625,-600,1127,"Tapsus, Thapsos ",15.228473,37.145257,-1200.0,100.0,1.0
-625,-600,1128,"Leon, landing place of Athenian fleet in 414 BC",15.2615,37.1076,-4000.0,100.0,1.0
-625,-600,1132,"Syracuse, ""Large Port"", on the isle of Sikelia, Sicania, Trinacria, major Greek (Corinthian) settlement in Sicily",15.288,37.06,-733.0,10.0,1.0
-625,-600,1138,Portus Naustathamus?,15.214525,36.95611,-750.0,60.0,1.0
-625,-600,1140,"Helorus, Elorus, on R Helorus",15.1075,36.8422,-750.0,60.0,1.0
-625,-600,1146,R Hirminum,14.594,36.771,-750.0,60.0,1.0
-625,-600,1152,"Gela, on R Gela",14.2583,37.063,-688.0,10.0,1.0
-625,-600,1154,,14.197,37.0842,-750.0,60.0,1.0
-625,-600,1155,"Port of Maktorion, Mactorium?",14.138661,37.100201,-750.0,60.0,1.0
-625,-600,1158,,13.881,37.102,-750.0,60.0,1.0
-625,-600,1160,,13.780019,37.144488,-750.0,60.0,1.0
-625,-600,1162.0999999999999,,13.624,37.233,-1400.0,100.0,1.0
-625,-600,1166,"Heraclea Minoa, on R Halycus",13.28,37.3937,-750.0,60.0,1.0
-625,-600,1167,,13.256671,37.414943,-750.0,60.0,1.0
-625,-600,1169,"Selinus, Selinunt, Selinonte east port",12.8294,37.5845,-650.0,30.0,1.0
-625,-600,1170,"Selinus, Selinunt, Selinonte west port, on R Selinon",12.82116,37.5828,-650.0,30.0,1.0
-625,-600,1172,"Lilybaion, Lilybee South port?",12.43,37.7937,-750.0,60.0,1.0
-625,-600,1173,"Lilybaion, Lilybee Main port",12.428115,37.808131,-750.0,60.0,1.0
-625,-600,1174,"Lilybaion, Lilybee North port?",12.443337,37.8124,-750.0,60.0,1.0
-625,-600,1176,"Motye, Motya",12.4646,37.8641,-750.0,60.0,1.0
-625,-600,1177,"Aigousa insula, anchorage of Roman fleet before the famous battle of the Egadi Islands (10 March 241 BC), Odysseus' port of the Cyclops? ",12.322489,37.934044,-750.0,60.0,1.0
-625,-600,1180,"Bucinna, Phorbantia insula",12.321625,38.00168,-10000.0,100.0,1.0
-625,-600,1187,,13.182596,38.71968,-1500.0,100.0,1.0
-625,-600,1189,"Panhormus, Panorme",13.368583,38.120398,-750.0,60.0,1.0
-625,-600,1190,"Solus, port of Solonte ",13.542862,38.081694,-750.0,60.0,1.0
-625,-600,1193,"Himera, Himere, on R Himeras",13.8215,37.9683,-729.0,10.0,1.0
-625,-600,1203,"Celsina, Phoenicusa, Phoinikoussa insula",14.5883,38.5569,-1500.0,100.0,1.0
-625,-600,1204,Didyma insula,14.8696,38.5739,-1500.0,100.0,1.0
-625,-600,1205,"Lipara on Liparos insula, Meligounis nesos",14.9568,38.4717,-1500.0,100.0,1.0
-625,-600,1207,"Aegina, Euonymus insula",15.0636,38.6256,-1500.0,100.0,1.0
-625,-600,1209,"Strongilos, Eolie, possibly Odysseus' stopover on the isle of Aeolos",15.244209,38.797457,-1500.0,100.0,1.0
-625,-600,1212,"Myle, Mylae ",15.2428,38.2177,-750.0,60.0,1.0
-625,-600,1243,"Hydros, Hydruntum, Otrante ",18.490869,40.148182,-750.0,60.0,1.0
-625,-600,1244,Port Tarentin ,18.4263,40.2871,-1500.0,100.0,1.0
-625,-600,1245,,18.409136,40.301208,-750.0,60.0,1.0
-625,-600,1247,"Brindes, Brentesium, Brundisium, Bronduse",17.948953,40.641441,-750.0,60.0,1.0
-625,-600,1249,,17.7983,40.7137,-750.0,60.0,1.0
-625,-600,1250.0999999999999,Karbina,17.6983,40.7596,-1500.0,100.0,1.0
-625,-600,1252,Gnathia ,17.391,40.8896,-750.0,60.0,1.0
-625,-600,1257,,16.997139,41.090957,-750.0,60.0,1.0
-625,-600,1263.0999999999999,,16.0811,41.3592,-1500.0,100.0,1.0
-625,-600,1267,,15.8378,41.519,-750.0,60.0,1.0
-625,-600,1268,"Coppa Nevigatta, on R Aquilo",15.8338,41.558,-5000.0,100.0,1.0
-625,-600,1271,"Apanestae, Apeneste",16.06038,41.69375,-750.0,60.0,1.0
-625,-600,1284,,15.05334,41.93962,-750.0,60.0,1.0
-625,-600,1298,Cupra Maritima,13.8534,43.034,-750.0,60.0,1.0
-625,-600,1302,Numana ,13.628195,43.50729,-750.0,60.0,1.0
-625,-600,1306,,13.175681,43.75246,-750.0,60.0,1.0
-625,-600,1319,"Pomposa, Etruscan Spina, at the outlet of R Padus",12.10256,44.6943,-750.0,60.0,1.0
-625,-600,1323,Hadriani ,12.17741,44.94566,-750.0,60.0,1.0
-625,-600,1326,"Atria, Etruscan Hatria ",12.067121,45.048536,-750.0,60.0,1.0
-625,-600,1345,"Eraclia, Port on R Anassum or Anaxum ",12.6573,45.6378,-1300.0,100.0,1.0
-625,-600,1347.1,,12.8872,45.6356,-1200.0,100.0,1.0
-625,-600,1348.1,,13.1286,45.7714,-1300.0,100.0,1.0
-625,-600,1348.2,,13.1542,45.7705,-1300.0,100.0,1.0
-625,-600,1349.1,,13.3203,45.7648,-1500.0,100.0,1.0
-600,-575,753.1,"Olbia, Punic port and Roman port",9.5057,40.9232,-750.0,60.0,1.0
-600,-575,756.1,Outlet of R Kaidris,9.734,40.373,-1500.0,100.0,1.0
-600,-575,765,"Caralis, Carales, on R Sulcis",9.112387,39.211683,-750.0,60.0,1.0
-600,-575,766.1,,9.005325,39.095552,-1500.0,100.0,1.0
-600,-575,766.2,,9.0236,39.0619,-1500.0,100.0,1.0
-600,-575,767,Nora ,9.01444,38.987048,-750.0,60.0,1.0
-600,-575,768,Nora ,9.012555,38.984715,-750.0,60.0,1.0
-600,-575,769,Nora ,9.012066,38.988036,-750.0,60.0,1.0
-600,-575,770,"Bitia, Bithia, Bioea ",8.8849,38.8956,-750.0,60.0,1.0
-600,-575,778,"Sulcis, Solci (export of copper?)",8.462004,39.06534,-750.0,60.0,1.0
-600,-575,780,,8.4887,39.1774,-750.0,60.0,1.0
-600,-575,781.1,,8.4601,39.5681,-7000.0,100.0,1.0
-600,-575,786,"Othaia, Othoca, on R Thyrsos",8.60849,39.86957,-750.0,60.0,1.0
-600,-575,786.1,,8.495,39.925,-4500.0,100.0,1.0
-600,-575,787,"Tarrai, Tharros, Tarrhos, Punic port",8.44,39.892,-750.0,60.0,1.0
-600,-575,787.1,"Tarrai, Tharros, Tarrhos, possible Nuragic port",8.4416,39.8789,-1500.0,100.0,1.0
-600,-575,788,"Tarrai, Tharros, Tarrhos",8.437959,39.859288,-750.0,60.0,1.0
-600,-575,788.1,,8.3936,39.9725,-1200.0,100.0,1.0
-600,-575,788.2,,8.3066,39.988,-1200.0,100.0,1.0
-600,-575,789,"Coracodes, Korakodes portus",8.409895,40.043873,-1200.0,100.0,1.0
-600,-575,793,Nymphaeus portus ,8.189645,40.616568,-750.0,60.0,1.0
-600,-575,803,"Turublum Minus, Lamos?, Telepylos?, possible port of the Laestrygonians and stopover of Odysseus, near famous Arktou Akra Prom.",9.275693,41.199135,-1500.0,100.0,1.0
-600,-575,811.1,"Vintimilio plagia, Album Intermilium, Albintimilium",7.6252,43.7893,-550.0,60.0,0.1875
-600,-575,818,"Albingauno, Albenganum ",8.2133,44.047,-550.0,60.0,0.1875
-600,-575,829,Genua,8.9284,44.411,-600.0,30.0,0.7083333333333334
-600,-575,830,"archaic landing place of Genua, Etruscan Cainua?",8.94388,44.409,-1000.0,100.0,1.0
-600,-575,838,Antion ,9.546199,44.202859,-550.0,60.0,0.1875
-600,-575,847,,10.28083,43.87307,-750.0,60.0,1.0
-600,-575,849,,10.32724,43.76764,-750.0,60.0,1.0
-600,-575,850,,10.33555,43.73476,-750.0,60.0,1.0
-600,-575,851,"Port of Pise, Pisa, Etruscan Pisna, Peithusa, Pithsa, on ancient R Auser, near R Arnus",10.3862,43.7211,-550.0,60.0,0.1875
-600,-575,853,,10.3934,43.6386,-5000.0,100.0,1.0
-600,-575,854,"Triturrita? Turrita? Near Portus Pisanus, Pisarum emporio, Liburnus Portus, Portus Herculis Liburni, Portus Labro, Etruscan Liburna",10.3343,43.5733,-5000.0,100.0,1.0
-600,-575,858.1,,10.531,43.099,-5000.0,100.0,1.0
-600,-575,859,"Populonio, Poplonium, Etruscan Fufluna, Pupluna",10.5014,42.9924,-750.0,60.0,1.0
-600,-575,860,"Falesia, Porto Falese ",10.559041,42.934297,-5000.0,100.0,1.0
-600,-575,862,Etruscan Fullona,10.757,42.917,-700.0,30.0,1.0
-600,-575,866,"Ilva, Aithalia, Ethalie ",10.273798,42.770152,-5000.0,100.0,1.0
-600,-575,867,"Argous portus, Argoos, ",10.329861,42.813066,-750.0,60.0,1.0
-600,-575,873,,10.09386,42.59297,-5000.0,100.0,1.0
-600,-575,880.1,,11.173,42.431,-1000.0,100.0,1.0
-600,-575,885,Oglasa insula,10.309211,42.331958,-5000.0,100.0,1.0
-600,-575,888.1,,11.2774,42.4201,-1000.0,100.0,1.0
-600,-575,893,"Regis, Regae ",11.6041,42.3122,-750.0,60.0,1.0
-600,-575,896,"Graviscae, port of Tarquinia, Etruscan Tarchuna, Tarchna, possible first settlement of Etruscan people",11.7066,42.2144,-750.0,60.0,1.0
-600,-575,906,"Pyrgoi, Pyrgi (also called The Towers), port of Agylle, Caere, Etruscan Chaire, Caisra, Cisra",11.9565,42.0152,-750.0,60.0,1.0
-600,-575,906.1,"Pyrgoi, Pyrgi (also called The Towers), port of Agylle, Caere, Etruscan Chaire, Caisra, Cisra",11.9604,42.015,-750.0,60.0,1.0
-600,-575,906.2,Etruscan submerged structure,11.977,41.9957,-750.0,60.0,1.0
-600,-575,909,"Alsium, port of Agylla, Caere, Coere, Etruscan Chaire, Caisra",12.100837,41.932961,-750.0,60.0,1.0
-600,-575,916,"Ostia, port of Rome",12.279848,41.75343,-640.0,20.0,1.0
-600,-575,917,Ostia,12.290905,41.75752,-750.0,60.0,1.0
-600,-575,921,Ficana,12.35306,41.80187,-750.0,60.0,1.0
-600,-575,930,"Portus Tiberinus, near Pons Aemilius, oldest archaic port of Rome, close to Foro Romano and Horrea Agrippiana",12.4809,41.8892,-753.0,10.0,1.0
-600,-575,935,Troia?,12.4685,41.6137,-550.0,60.0,0.1875
-600,-575,938,Castrum Inui,12.5113,41.5803,-750.0,60.0,1.0
-600,-575,943,"Antium, Nero's port, Etruscan Anth? Caenon?",12.628393,41.442702,-750.0,60.0,1.0
-600,-575,954,"Circei, Circaeum Prom., Kirkaion, outlet of Nero's Fossa Augusta",13.1052,41.2405,-550.0,60.0,0.1875
-600,-575,957,Pontia insula,12.964786,40.894781,-750.0,60.0,1.0
-600,-575,968.1,"Marica temple, sea-port of Minturnae",13.7645,41.2265,-700.0,30.0,1.0
-600,-575,970,"Sinuessa, Sinuesa, Sinope",13.85,41.14944,-550.0,60.0,0.1875
-600,-575,973,"Volturnum, on R Vulturnus",13.92,41.0186,-550.0,60.0,0.1875
-600,-575,975,"Cumae, Cumes, Kyme",14.051265,40.846657,-750.0,60.0,1.0
-600,-575,977,"Pithekoussai, Pithecusae, Etruscan Inarime, first Greek (Euboian) settlement in Italy",13.885913,40.754297,-750.0,60.0,1.0
-600,-575,978,,13.879064,40.696687,-700.0,30.0,1.0
-600,-575,978.1,"Procita, Prochyta insula",14.016731,40.759068,-700.0,30.0,1.0
-600,-575,978.2,,13.992,40.74,-1500.0,100.0,1.0
-600,-575,991,"Puteoli, Dikaiarcheia, Dicearque, Flavia Colonia Augusta Puteoli, Delus Minor, in the Campi Phlegraei volcano district",14.1154,40.8216,-750.0,60.0,1.0
-600,-575,997,"Parthenope, Neapolis",14.2522,40.8398,-750.0,60.0,1.0
-600,-575,997.1,Neapolis ,14.25462,40.83927,-600.0,30.0,0.7083333333333334
-600,-575,998,Neapolis ,14.2524,40.83926,-600.0,30.0,0.7083333333333334
-600,-575,999.1,"Herculaneum, Etruscan Herclena",14.35,40.7998,-550.0,60.0,0.1875
-600,-575,1002,"Pompeia, Porta Marina, Etruscan Pumpai",14.48226,40.74893,-750.0,60.0,1.0
-600,-575,1002.1,"Pompeia, Porta Stabia, Etruscan Pumpai",14.4908,40.7473,-750.0,60.0,1.0
-600,-575,1004,Aequana ,14.4215,40.6617,-750.0,60.0,1.0
-600,-575,1005,,14.402715,40.645818,-550.0,60.0,0.1875
-600,-575,1009,"Capraria, Capreae insula",14.236593,40.557685,-550.0,60.0,0.1875
-600,-575,1013.1,"Seirenoussai nesoi, Anthemoessa insulae, Anthemuse, possible Siren islands, no stopover for Odysseus",14.43365,40.5825,-750.0,60.0,1.0
-600,-575,1017,Vietri ,14.713068,40.657725,-750.0,60.0,1.0
-600,-575,1019,,14.94346,40.5352,-750.0,60.0,1.0
-600,-575,1021,"Poseïdonia, Posidonia, Paestum, on R Silarus",14.992,40.415,-750.0,60.0,1.0
-600,-575,1022,,14.990506,40.358318,-550.0,60.0,0.1875
-600,-575,1025,Palinurus ,15.282234,40.035658,-750.0,60.0,1.0
-600,-575,1026,"Oenotrides insulae, Molpa ",15.294659,40.026788,-750.0,60.0,1.0
-600,-575,1032,,15.781146,39.81781,-750.0,60.0,1.0
-600,-575,1033,"Laos, Laus ",15.789572,39.775272,-750.0,60.0,1.0
-600,-575,1036,,15.945789,39.491704,-550.0,60.0,0.1875
-600,-575,1037,Port of Pandosia,16.042302,39.301273,-550.0,60.0,0.1875
-600,-575,1039,"Temesa, Temese, Tempsa, on R Sabutus",16.094554,39.027944,-750.0,60.0,1.0
-600,-575,1041,Terina ,16.2389,38.9448,-550.0,60.0,0.1875
-600,-575,1047.3,,15.9718,38.7135,-1500.0,100.0,1.0
-600,-575,1049,,15.921,38.545,-750.0,60.0,1.0
-600,-575,1052,"Medma, Mesma",15.9882,38.4821,-750.0,60.0,1.0
-600,-575,1053,"Port at the outlet of R Metaurus, Metaure ",15.871137,38.421553,-750.0,60.0,1.0
-600,-575,1058,"Scyllaeum, Scylla, in front of Charybdis in Sicily, both Planktes insulae, where Odysseus possibly sailed",15.715,38.259,-750.0,60.0,1.0
-600,-575,1059,Kainys ,15.6354,38.2322,-550.0,60.0,0.1875
-600,-575,1061,"Rhegium, Rhegion",15.634658,38.109425,-740.0,20.0,1.0
-600,-575,1068,Altanum? ,16.177826,38.141495,-550.0,60.0,0.1875
-600,-575,1069,"Lokroi Epizephyrioi, Locri Epizefiri, Locres ",16.2368,38.2077,-750.0,60.0,1.0
-600,-575,1071,"Amphissa, Santo Onofrio ",16.413143,38.318166,-750.0,60.0,1.0
-600,-575,1072,"Kaulonia, Caulonia, Aulonia, Stilida",16.5787,38.4454,-750.0,60.0,1.0
-600,-575,1075,"Scylletium, Scolacium ",16.5952,38.8076,-550.0,60.0,0.1875
-600,-575,1080,,17.16869,38.95411,-750.0,60.0,1.0
-600,-575,1082,"Kroton, Crotone, on R Aisaros",17.126348,39.085539,-750.0,60.0,1.0
-600,-575,1084,Krimisa?,17.140861,39.370149,-750.0,60.0,1.0
-600,-575,1085,"Temple of Apollo Alaeus, port of Aesarus ",17.1466,39.39654,-750.0,60.0,1.0
-600,-575,1090,"archaic Sybaris, on R Sybaris and R Crathis, Thourioi, Thurii, Copia",16.491191,39.717044,-720.0,20.0,1.0
-600,-575,1091,,16.538059,39.865106,-1500.0,100.0,1.0
-600,-575,1093,,16.60264,40.04726,-550.0,60.0,0.1875
-600,-575,1097,"Siris, on R Siris",16.6682,40.1658,-750.0,60.0,1.0
-600,-575,1098,"Heraclea, Heraclee ",16.67,40.22,-550.0,60.0,0.1875
-600,-575,1098.0999999999999,,16.6642,40.2934,-1500.0,100.0,1.0
-600,-575,1099,"Metapontum, Metaponte",16.8352,40.3728,-750.0,60.0,1.0
-600,-575,1100,"Tarentum, Taras, Neptuna",17.228144,40.472032,-750.0,60.0,1.0
-600,-575,1103,"Satyrion, Saturnum ",17.30396,40.37282,-1500.0,100.0,1.0
-600,-575,1105,Port Sasina ,17.896215,40.25706,-750.0,60.0,1.0
-600,-575,1106,Port of Neretum,17.983673,40.137046,-750.0,60.0,1.0
-600,-575,1107,"Kallipolis, Callipolis, Anxa ",17.979931,40.054413,-750.0,60.0,1.0
-600,-575,1110,"Portus Sallentinus, Leuke, near Iapygia Prom.",18.362675,39.792157,-750.0,60.0,1.0
-600,-575,1112,"Zancle, Zankle, Messana, Messene",15.560811,38.192865,-730.0,20.0,1.0
-600,-575,1113,,15.536584,38.145129,-750.0,60.0,1.0
-600,-575,1116,Tauromenium ,15.302,37.848,-550.0,60.0,0.1875
-600,-575,1118,"Archaic Naxos, near R Akesines",15.2694,37.8193,-734.0,10.0,1.0
-600,-575,1123,"Katane, Catina ",15.0873,37.5024,-750.0,60.0,1.0
-600,-575,1123.2,"Leontinoi, on R Terias",14.998,37.2855,-750.0,60.0,1.0
-600,-575,1124,,15.132834,37.310011,-750.0,60.0,1.0
-600,-575,1126,"Megara Hyblaea, on R Alabon",15.183741,37.205772,-750.0,60.0,1.0
-600,-575,1127,"Tapsus, Thapsos ",15.228473,37.145257,-1200.0,100.0,1.0
-600,-575,1128,"Leon, landing place of Athenian fleet in 414 BC",15.2615,37.1076,-4000.0,100.0,1.0
-600,-575,1132,"Syracuse, ""Large Port"", on the isle of Sikelia, Sicania, Trinacria, major Greek (Corinthian) settlement in Sicily",15.288,37.06,-733.0,10.0,1.0
-600,-575,1138,Portus Naustathamus?,15.214525,36.95611,-750.0,60.0,1.0
-600,-575,1140,"Helorus, Elorus, on R Helorus",15.1075,36.8422,-750.0,60.0,1.0
-600,-575,1146,R Hirminum,14.594,36.771,-750.0,60.0,1.0
-600,-575,1148,"Kamarina, on R Hipparis",14.440957,36.866878,-598.0,10.0,1.0
-600,-575,1150,,14.3,37.032,-550.0,60.0,0.1875
-600,-575,1152,"Gela, on R Gela",14.2583,37.063,-688.0,10.0,1.0
-600,-575,1154,,14.197,37.0842,-750.0,60.0,1.0
-600,-575,1155,"Port of Maktorion, Mactorium?",14.138661,37.100201,-750.0,60.0,1.0
-600,-575,1158,,13.881,37.102,-750.0,60.0,1.0
-600,-575,1160,,13.780019,37.144488,-750.0,60.0,1.0
-600,-575,1161,,13.695341,37.17957,-550.0,60.0,0.1875
-600,-575,1162.0999999999999,,13.624,37.233,-1400.0,100.0,1.0
-600,-575,1163,"Agrakas, Akragas, Agrigentum, on R Hypsas",13.581,37.2687,-580.0,20.0,0.3125
-600,-575,1166,"Heraclea Minoa, on R Halycus",13.28,37.3937,-750.0,60.0,1.0
-600,-575,1167,,13.256671,37.414943,-750.0,60.0,1.0
-600,-575,1169,"Selinus, Selinunt, Selinonte east port",12.8294,37.5845,-650.0,30.0,1.0
-600,-575,1170,"Selinus, Selinunt, Selinonte west port, on R Selinon",12.82116,37.5828,-650.0,30.0,1.0
-600,-575,1171,"Mazara, on R Mazara",12.587605,37.644211,-550.0,60.0,0.1875
-600,-575,1172,"Lilybaion, Lilybee South port?",12.43,37.7937,-750.0,60.0,1.0
-600,-575,1173,"Lilybaion, Lilybee Main port",12.428115,37.808131,-750.0,60.0,1.0
-600,-575,1174,"Lilybaion, Lilybee North port?",12.443337,37.8124,-750.0,60.0,1.0
-600,-575,1176,"Motye, Motya",12.4646,37.8641,-750.0,60.0,1.0
-600,-575,1177,"Aigousa insula, anchorage of Roman fleet before the famous battle of the Egadi Islands (10 March 241 BC), Odysseus' port of the Cyclops? ",12.322489,37.934044,-750.0,60.0,1.0
-600,-575,1180,"Bucinna, Phorbantia insula",12.321625,38.00168,-10000.0,100.0,1.0
-600,-575,1182,"Port of Erix, Eryx, Erice, Carthaginian base camp during the famous battle of the Egadi Islands (10 March 241 BC)",12.58963,38.070435,-550.0,60.0,0.1875
-600,-575,1187,,13.182596,38.71968,-1500.0,100.0,1.0
-600,-575,1189,"Panhormus, Panorme",13.368583,38.120398,-750.0,60.0,1.0
-600,-575,1190,"Solus, port of Solonte ",13.542862,38.081694,-750.0,60.0,1.0
-600,-575,1191,"Thermai, Thermae Himeraeae, on R Thermos",13.690394,37.993991,-550.0,60.0,0.1875
-600,-575,1193,"Himera, Himere, on R Himeras",13.8215,37.9683,-729.0,10.0,1.0
-600,-575,1195,"Cephaloedium, Cephalidium ",14.024107,38.043883,-550.0,60.0,0.1875
-600,-575,1197,"Kale Akte, Calate ",14.448292,38.036496,-550.0,60.0,0.1875
-600,-575,1199,Agathyrnum ,14.752,38.164,-550.0,60.0,0.1875
-600,-575,1203,"Celsina, Phoenicusa, Phoinikoussa insula",14.5883,38.5569,-1500.0,100.0,1.0
-600,-575,1204,Didyma insula,14.8696,38.5739,-1500.0,100.0,1.0
-600,-575,1205,"Lipara on Liparos insula, Meligounis nesos",14.9568,38.4717,-1500.0,100.0,1.0
-600,-575,1206,"Heraclea, Hiera Thermessa insula,  Hiera Hephaistou insula",14.966446,38.416361,-550.0,60.0,0.1875
-600,-575,1207,"Aegina, Euonymus insula",15.0636,38.6256,-1500.0,100.0,1.0
-600,-575,1209,"Strongilos, Eolie, possibly Odysseus' stopover on the isle of Aeolos",15.244209,38.797457,-1500.0,100.0,1.0
-600,-575,1210,Tyndaris ,15.044,38.1433,-550.0,60.0,0.1875
-600,-575,1212,"Myle, Mylae ",15.2428,38.2177,-750.0,60.0,1.0
-600,-575,1242,"Castrum Minerva, Port of Venus, Limen Aphrodites, Athenaion ",18.435411,40.011636,-550.0,60.0,0.1875
-600,-575,1243,"Hydros, Hydruntum, Otrante ",18.490869,40.148182,-750.0,60.0,1.0
-600,-575,1244,Port Tarentin ,18.4263,40.2871,-1500.0,100.0,1.0
-600,-575,1245,,18.409136,40.301208,-750.0,60.0,1.0
-600,-575,1247,"Brindes, Brentesium, Brundisium, Bronduse",17.948953,40.641441,-750.0,60.0,1.0
-600,-575,1249,,17.7983,40.7137,-750.0,60.0,1.0
-600,-575,1250.0999999999999,Karbina,17.6983,40.7596,-1500.0,100.0,1.0
-600,-575,1252,Gnathia ,17.391,40.8896,-750.0,60.0,1.0
-600,-575,1257,,16.997139,41.090957,-750.0,60.0,1.0
-600,-575,1263.0999999999999,,16.0811,41.3592,-1500.0,100.0,1.0
-600,-575,1267,,15.8378,41.519,-750.0,60.0,1.0
-600,-575,1268,"Coppa Nevigatta, on R Aquilo",15.8338,41.558,-5000.0,100.0,1.0
-600,-575,1271,"Apanestae, Apeneste",16.06038,41.69375,-750.0,60.0,1.0
-600,-575,1274,"Portus Aggasus, Port Agasus ",16.183,41.885,-550.0,60.0,0.1875
-600,-575,1284,,15.05334,41.93962,-750.0,60.0,1.0
-600,-575,1288,"Histonium, Istonium ",14.7205,42.1188,-550.0,60.0,0.1875
-600,-575,1291,"Gualdi, port of Anxanum ",14.4434,42.3103,-550.0,60.0,0.1875
-600,-575,1298,Cupra Maritima,13.8534,43.034,-750.0,60.0,1.0
-600,-575,1302,Numana ,13.628195,43.50729,-750.0,60.0,1.0
-600,-575,1306,,13.175681,43.75246,-750.0,60.0,1.0
-600,-575,1309,"Pisaurum, on R Pisaurus",12.92,43.9159,-550.0,60.0,0.1875
-600,-575,1311,"Ariminum, Etruscan Arimna, Harimne, on R Ariminus & R Ausa",12.5739,44.0623,-550.0,60.0,0.1875
-600,-575,1319,"Pomposa, Etruscan Spina, at the outlet of R Padus",12.10256,44.6943,-750.0,60.0,1.0
-600,-575,1323,Hadriani ,12.17741,44.94566,-750.0,60.0,1.0
-600,-575,1326,"Atria, Etruscan Hatria ",12.067121,45.048536,-750.0,60.0,1.0
-600,-575,1339,Altinum ,12.4077,45.5428,-550.0,60.0,0.1875
-600,-575,1345,"Eraclia, Port on R Anassum or Anaxum ",12.6573,45.6378,-1300.0,100.0,1.0
-600,-575,1347.1,,12.8872,45.6356,-1200.0,100.0,1.0
-600,-575,1348.1,,13.1286,45.7714,-1300.0,100.0,1.0
-600,-575,1348.2,,13.1542,45.7705,-1300.0,100.0,1.0
-600,-575,1349.1,,13.3203,45.7648,-1500.0,100.0,1.0
-575,-550,753.1,"Olbia, Punic port and Roman port",9.5057,40.9232,-750.0,60.0,1.0
-575,-550,756.1,Outlet of R Kaidris,9.734,40.373,-1500.0,100.0,1.0
-575,-550,765,"Caralis, Carales, on R Sulcis",9.112387,39.211683,-750.0,60.0,1.0
-575,-550,766.1,,9.005325,39.095552,-1500.0,100.0,1.0
-575,-550,766.2,,9.0236,39.0619,-1500.0,100.0,1.0
-575,-550,767,Nora ,9.01444,38.987048,-750.0,60.0,1.0
-575,-550,768,Nora ,9.012555,38.984715,-750.0,60.0,1.0
-575,-550,769,Nora ,9.012066,38.988036,-750.0,60.0,1.0
-575,-550,770,"Bitia, Bithia, Bioea ",8.8849,38.8956,-750.0,60.0,1.0
-575,-550,778,"Sulcis, Solci (export of copper?)",8.462004,39.06534,-750.0,60.0,1.0
-575,-550,780,,8.4887,39.1774,-750.0,60.0,1.0
-575,-550,781.1,,8.4601,39.5681,-7000.0,100.0,1.0
-575,-550,786,"Othaia, Othoca, on R Thyrsos",8.60849,39.86957,-750.0,60.0,1.0
-575,-550,786.1,,8.495,39.925,-4500.0,100.0,1.0
-575,-550,787,"Tarrai, Tharros, Tarrhos, Punic port",8.44,39.892,-750.0,60.0,1.0
-575,-550,787.1,"Tarrai, Tharros, Tarrhos, possible Nuragic port",8.4416,39.8789,-1500.0,100.0,1.0
-575,-550,788,"Tarrai, Tharros, Tarrhos",8.437959,39.859288,-750.0,60.0,1.0
-575,-550,788.1,,8.3936,39.9725,-1200.0,100.0,1.0
-575,-550,788.2,,8.3066,39.988,-1200.0,100.0,1.0
-575,-550,789,"Coracodes, Korakodes portus",8.409895,40.043873,-1200.0,100.0,1.0
-575,-550,793,Nymphaeus portus ,8.189645,40.616568,-750.0,60.0,1.0
-575,-550,803,"Turublum Minus, Lamos?, Telepylos?, possible port of the Laestrygonians and stopover of Odysseus, near famous Arktou Akra Prom.",9.275693,41.199135,-1500.0,100.0,1.0
-575,-550,811.1,"Vintimilio plagia, Album Intermilium, Albintimilium",7.6252,43.7893,-550.0,60.0,0.3958333333333333
-575,-550,818,"Albingauno, Albenganum ",8.2133,44.047,-550.0,60.0,0.3958333333333333
-575,-550,829,Genua,8.9284,44.411,-600.0,30.0,1.0
-575,-550,830,"archaic landing place of Genua, Etruscan Cainua?",8.94388,44.409,-1000.0,100.0,1.0
-575,-550,838,Antion ,9.546199,44.202859,-550.0,60.0,0.3958333333333333
-575,-550,847,,10.28083,43.87307,-750.0,60.0,1.0
-575,-550,849,,10.32724,43.76764,-750.0,60.0,1.0
-575,-550,850,,10.33555,43.73476,-750.0,60.0,1.0
-575,-550,851,"Port of Pise, Pisa, Etruscan Pisna, Peithusa, Pithsa, on ancient R Auser, near R Arnus",10.3862,43.7211,-550.0,60.0,0.3958333333333333
-575,-550,853,,10.3934,43.6386,-5000.0,100.0,1.0
-575,-550,854,"Triturrita? Turrita? Near Portus Pisanus, Pisarum emporio, Liburnus Portus, Portus Herculis Liburni, Portus Labro, Etruscan Liburna",10.3343,43.5733,-5000.0,100.0,1.0
-575,-550,858.1,,10.531,43.099,-5000.0,100.0,1.0
-575,-550,859,"Populonio, Poplonium, Etruscan Fufluna, Pupluna",10.5014,42.9924,-750.0,60.0,1.0
-575,-550,860,"Falesia, Porto Falese ",10.559041,42.934297,-5000.0,100.0,1.0
-575,-550,862,Etruscan Fullona,10.757,42.917,-700.0,30.0,1.0
-575,-550,866,"Ilva, Aithalia, Ethalie ",10.273798,42.770152,-5000.0,100.0,1.0
-575,-550,867,"Argous portus, Argoos, ",10.329861,42.813066,-750.0,60.0,1.0
-575,-550,873,,10.09386,42.59297,-5000.0,100.0,1.0
-575,-550,880.1,,11.173,42.431,-1000.0,100.0,1.0
-575,-550,885,Oglasa insula,10.309211,42.331958,-5000.0,100.0,1.0
-575,-550,888.1,,11.2774,42.4201,-1000.0,100.0,1.0
-575,-550,893,"Regis, Regae ",11.6041,42.3122,-750.0,60.0,1.0
-575,-550,896,"Graviscae, port of Tarquinia, Etruscan Tarchuna, Tarchna, possible first settlement of Etruscan people",11.7066,42.2144,-750.0,60.0,1.0
-575,-550,906,"Pyrgoi, Pyrgi (also called The Towers), port of Agylle, Caere, Etruscan Chaire, Caisra, Cisra",11.9565,42.0152,-750.0,60.0,1.0
-575,-550,906.1,"Pyrgoi, Pyrgi (also called The Towers), port of Agylle, Caere, Etruscan Chaire, Caisra, Cisra",11.9604,42.015,-750.0,60.0,1.0
-575,-550,906.2,Etruscan submerged structure,11.977,41.9957,-750.0,60.0,1.0
-575,-550,909,"Alsium, port of Agylla, Caere, Coere, Etruscan Chaire, Caisra",12.100837,41.932961,-750.0,60.0,1.0
-575,-550,916,"Ostia, port of Rome",12.279848,41.75343,-640.0,20.0,1.0
-575,-550,917,Ostia,12.290905,41.75752,-750.0,60.0,1.0
-575,-550,921,Ficana,12.35306,41.80187,-750.0,60.0,1.0
-575,-550,930,"Portus Tiberinus, near Pons Aemilius, oldest archaic port of Rome, close to Foro Romano and Horrea Agrippiana",12.4809,41.8892,-753.0,10.0,1.0
-575,-550,935,Troia?,12.4685,41.6137,-550.0,60.0,0.3958333333333333
-575,-550,938,Castrum Inui,12.5113,41.5803,-750.0,60.0,1.0
-575,-550,943,"Antium, Nero's port, Etruscan Anth? Caenon?",12.628393,41.442702,-750.0,60.0,1.0
-575,-550,954,"Circei, Circaeum Prom., Kirkaion, outlet of Nero's Fossa Augusta",13.1052,41.2405,-550.0,60.0,0.3958333333333333
-575,-550,957,Pontia insula,12.964786,40.894781,-750.0,60.0,1.0
-575,-550,968.1,"Marica temple, sea-port of Minturnae",13.7645,41.2265,-700.0,30.0,1.0
-575,-550,970,"Sinuessa, Sinuesa, Sinope",13.85,41.14944,-550.0,60.0,0.3958333333333333
-575,-550,973,"Volturnum, on R Vulturnus",13.92,41.0186,-550.0,60.0,0.3958333333333333
-575,-550,975,"Cumae, Cumes, Kyme",14.051265,40.846657,-750.0,60.0,1.0
-575,-550,977,"Pithekoussai, Pithecusae, Etruscan Inarime, first Greek (Euboian) settlement in Italy",13.885913,40.754297,-750.0,60.0,1.0
-575,-550,978,,13.879064,40.696687,-700.0,30.0,1.0
-575,-550,978.1,"Procita, Prochyta insula",14.016731,40.759068,-700.0,30.0,1.0
-575,-550,978.2,,13.992,40.74,-1500.0,100.0,1.0
-575,-550,991,"Puteoli, Dikaiarcheia, Dicearque, Flavia Colonia Augusta Puteoli, Delus Minor, in the Campi Phlegraei volcano district",14.1154,40.8216,-750.0,60.0,1.0
-575,-550,997,"Parthenope, Neapolis",14.2522,40.8398,-750.0,60.0,1.0
-575,-550,997.1,Neapolis ,14.25462,40.83927,-600.0,30.0,1.0
-575,-550,998,Neapolis ,14.2524,40.83926,-600.0,30.0,1.0
-575,-550,999.1,"Herculaneum, Etruscan Herclena",14.35,40.7998,-550.0,60.0,0.3958333333333333
-575,-550,1002,"Pompeia, Porta Marina, Etruscan Pumpai",14.48226,40.74893,-750.0,60.0,1.0
-575,-550,1002.1,"Pompeia, Porta Stabia, Etruscan Pumpai",14.4908,40.7473,-750.0,60.0,1.0
-575,-550,1004,Aequana ,14.4215,40.6617,-750.0,60.0,1.0
-575,-550,1005,,14.402715,40.645818,-550.0,60.0,0.3958333333333333
-575,-550,1009,"Capraria, Capreae insula",14.236593,40.557685,-550.0,60.0,0.3958333333333333
-575,-550,1013.1,"Seirenoussai nesoi, Anthemoessa insulae, Anthemuse, possible Siren islands, no stopover for Odysseus",14.43365,40.5825,-750.0,60.0,1.0
-575,-550,1017,Vietri ,14.713068,40.657725,-750.0,60.0,1.0
-575,-550,1019,,14.94346,40.5352,-750.0,60.0,1.0
-575,-550,1021,"Poseïdonia, Posidonia, Paestum, on R Silarus",14.992,40.415,-750.0,60.0,1.0
-575,-550,1022,,14.990506,40.358318,-550.0,60.0,0.3958333333333333
-575,-550,1025,Palinurus ,15.282234,40.035658,-750.0,60.0,1.0
-575,-550,1026,"Oenotrides insulae, Molpa ",15.294659,40.026788,-750.0,60.0,1.0
-575,-550,1032,,15.781146,39.81781,-750.0,60.0,1.0
-575,-550,1033,"Laos, Laus ",15.789572,39.775272,-750.0,60.0,1.0
-575,-550,1036,,15.945789,39.491704,-550.0,60.0,0.3958333333333333
-575,-550,1037,Port of Pandosia,16.042302,39.301273,-550.0,60.0,0.3958333333333333
-575,-550,1039,"Temesa, Temese, Tempsa, on R Sabutus",16.094554,39.027944,-750.0,60.0,1.0
-575,-550,1041,Terina ,16.2389,38.9448,-550.0,60.0,0.3958333333333333
-575,-550,1047.3,,15.9718,38.7135,-1500.0,100.0,1.0
-575,-550,1049,,15.921,38.545,-750.0,60.0,1.0
-575,-550,1052,"Medma, Mesma",15.9882,38.4821,-750.0,60.0,1.0
-575,-550,1053,"Port at the outlet of R Metaurus, Metaure ",15.871137,38.421553,-750.0,60.0,1.0
-575,-550,1058,"Scyllaeum, Scylla, in front of Charybdis in Sicily, both Planktes insulae, where Odysseus possibly sailed",15.715,38.259,-750.0,60.0,1.0
-575,-550,1059,Kainys ,15.6354,38.2322,-550.0,60.0,0.3958333333333333
-575,-550,1061,"Rhegium, Rhegion",15.634658,38.109425,-740.0,20.0,1.0
-575,-550,1068,Altanum? ,16.177826,38.141495,-550.0,60.0,0.3958333333333333
-575,-550,1069,"Lokroi Epizephyrioi, Locri Epizefiri, Locres ",16.2368,38.2077,-750.0,60.0,1.0
-575,-550,1071,"Amphissa, Santo Onofrio ",16.413143,38.318166,-750.0,60.0,1.0
-575,-550,1072,"Kaulonia, Caulonia, Aulonia, Stilida",16.5787,38.4454,-750.0,60.0,1.0
-575,-550,1075,"Scylletium, Scolacium ",16.5952,38.8076,-550.0,60.0,0.3958333333333333
-575,-550,1080,,17.16869,38.95411,-750.0,60.0,1.0
-575,-550,1082,"Kroton, Crotone, on R Aisaros",17.126348,39.085539,-750.0,60.0,1.0
-575,-550,1084,Krimisa?,17.140861,39.370149,-750.0,60.0,1.0
-575,-550,1085,"Temple of Apollo Alaeus, port of Aesarus ",17.1466,39.39654,-750.0,60.0,1.0
-575,-550,1090,"archaic Sybaris, on R Sybaris and R Crathis, Thourioi, Thurii, Copia",16.491191,39.717044,-720.0,20.0,1.0
-575,-550,1091,,16.538059,39.865106,-1500.0,100.0,1.0
-575,-550,1093,,16.60264,40.04726,-550.0,60.0,0.3958333333333333
-575,-550,1097,"Siris, on R Siris",16.6682,40.1658,-750.0,60.0,1.0
-575,-550,1098,"Heraclea, Heraclee ",16.67,40.22,-550.0,60.0,0.3958333333333333
-575,-550,1098.0999999999999,,16.6642,40.2934,-1500.0,100.0,1.0
-575,-550,1099,"Metapontum, Metaponte",16.8352,40.3728,-750.0,60.0,1.0
-575,-550,1100,"Tarentum, Taras, Neptuna",17.228144,40.472032,-750.0,60.0,1.0
-575,-550,1103,"Satyrion, Saturnum ",17.30396,40.37282,-1500.0,100.0,1.0
-575,-550,1105,Port Sasina ,17.896215,40.25706,-750.0,60.0,1.0
-575,-550,1106,Port of Neretum,17.983673,40.137046,-750.0,60.0,1.0
-575,-550,1107,"Kallipolis, Callipolis, Anxa ",17.979931,40.054413,-750.0,60.0,1.0
-575,-550,1110,"Portus Sallentinus, Leuke, near Iapygia Prom.",18.362675,39.792157,-750.0,60.0,1.0
-575,-550,1112,"Zancle, Zankle, Messana, Messene",15.560811,38.192865,-730.0,20.0,1.0
-575,-550,1113,,15.536584,38.145129,-750.0,60.0,1.0
-575,-550,1116,Tauromenium ,15.302,37.848,-550.0,60.0,0.3958333333333333
-575,-550,1118,"Archaic Naxos, near R Akesines",15.2694,37.8193,-734.0,10.0,1.0
-575,-550,1123,"Katane, Catina ",15.0873,37.5024,-750.0,60.0,1.0
-575,-550,1123.2,"Leontinoi, on R Terias",14.998,37.2855,-750.0,60.0,1.0
-575,-550,1124,,15.132834,37.310011,-750.0,60.0,1.0
-575,-550,1126,"Megara Hyblaea, on R Alabon",15.183741,37.205772,-750.0,60.0,1.0
-575,-550,1127,"Tapsus, Thapsos ",15.228473,37.145257,-1200.0,100.0,1.0
-575,-550,1128,"Leon, landing place of Athenian fleet in 414 BC",15.2615,37.1076,-4000.0,100.0,1.0
-575,-550,1132,"Syracuse, ""Large Port"", on the isle of Sikelia, Sicania, Trinacria, major Greek (Corinthian) settlement in Sicily",15.288,37.06,-733.0,10.0,1.0
-575,-550,1138,Portus Naustathamus?,15.214525,36.95611,-750.0,60.0,1.0
-575,-550,1140,"Helorus, Elorus, on R Helorus",15.1075,36.8422,-750.0,60.0,1.0
-575,-550,1146,R Hirminum,14.594,36.771,-750.0,60.0,1.0
-575,-550,1148,"Kamarina, on R Hipparis",14.440957,36.866878,-598.0,10.0,1.0
-575,-550,1150,,14.3,37.032,-550.0,60.0,0.3958333333333333
-575,-550,1152,"Gela, on R Gela",14.2583,37.063,-688.0,10.0,1.0
-575,-550,1154,,14.197,37.0842,-750.0,60.0,1.0
-575,-550,1155,"Port of Maktorion, Mactorium?",14.138661,37.100201,-750.0,60.0,1.0
-575,-550,1158,,13.881,37.102,-750.0,60.0,1.0
-575,-550,1160,,13.780019,37.144488,-750.0,60.0,1.0
-575,-550,1161,,13.695341,37.17957,-550.0,60.0,0.3958333333333333
-575,-550,1162.0999999999999,,13.624,37.233,-1400.0,100.0,1.0
-575,-550,1163,"Agrakas, Akragas, Agrigentum, on R Hypsas",13.581,37.2687,-580.0,20.0,0.9375
-575,-550,1166,"Heraclea Minoa, on R Halycus",13.28,37.3937,-750.0,60.0,1.0
-575,-550,1167,,13.256671,37.414943,-750.0,60.0,1.0
-575,-550,1169,"Selinus, Selinunt, Selinonte east port",12.8294,37.5845,-650.0,30.0,1.0
-575,-550,1170,"Selinus, Selinunt, Selinonte west port, on R Selinon",12.82116,37.5828,-650.0,30.0,1.0
-575,-550,1171,"Mazara, on R Mazara",12.587605,37.644211,-550.0,60.0,0.3958333333333333
-575,-550,1172,"Lilybaion, Lilybee South port?",12.43,37.7937,-750.0,60.0,1.0
-575,-550,1173,"Lilybaion, Lilybee Main port",12.428115,37.808131,-750.0,60.0,1.0
-575,-550,1174,"Lilybaion, Lilybee North port?",12.443337,37.8124,-750.0,60.0,1.0
-575,-550,1176,"Motye, Motya",12.4646,37.8641,-750.0,60.0,1.0
-575,-550,1177,"Aigousa insula, anchorage of Roman fleet before the famous battle of the Egadi Islands (10 March 241 BC), Odysseus' port of the Cyclops? ",12.322489,37.934044,-750.0,60.0,1.0
-575,-550,1180,"Bucinna, Phorbantia insula",12.321625,38.00168,-10000.0,100.0,1.0
-575,-550,1182,"Port of Erix, Eryx, Erice, Carthaginian base camp during the famous battle of the Egadi Islands (10 March 241 BC)",12.58963,38.070435,-550.0,60.0,0.3958333333333333
-575,-550,1187,,13.182596,38.71968,-1500.0,100.0,1.0
-575,-550,1189,"Panhormus, Panorme",13.368583,38.120398,-750.0,60.0,1.0
-575,-550,1190,"Solus, port of Solonte ",13.542862,38.081694,-750.0,60.0,1.0
-575,-550,1191,"Thermai, Thermae Himeraeae, on R Thermos",13.690394,37.993991,-550.0,60.0,0.3958333333333333
-575,-550,1193,"Himera, Himere, on R Himeras",13.8215,37.9683,-729.0,10.0,1.0
-575,-550,1195,"Cephaloedium, Cephalidium ",14.024107,38.043883,-550.0,60.0,0.3958333333333333
-575,-550,1197,"Kale Akte, Calate ",14.448292,38.036496,-550.0,60.0,0.3958333333333333
-575,-550,1199,Agathyrnum ,14.752,38.164,-550.0,60.0,0.3958333333333333
-575,-550,1203,"Celsina, Phoenicusa, Phoinikoussa insula",14.5883,38.5569,-1500.0,100.0,1.0
-575,-550,1204,Didyma insula,14.8696,38.5739,-1500.0,100.0,1.0
-575,-550,1205,"Lipara on Liparos insula, Meligounis nesos",14.9568,38.4717,-1500.0,100.0,1.0
-575,-550,1206,"Heraclea, Hiera Thermessa insula,  Hiera Hephaistou insula",14.966446,38.416361,-550.0,60.0,0.3958333333333333
-575,-550,1207,"Aegina, Euonymus insula",15.0636,38.6256,-1500.0,100.0,1.0
-575,-550,1209,"Strongilos, Eolie, possibly Odysseus' stopover on the isle of Aeolos",15.244209,38.797457,-1500.0,100.0,1.0
-575,-550,1210,Tyndaris ,15.044,38.1433,-550.0,60.0,0.3958333333333333
-575,-550,1212,"Myle, Mylae ",15.2428,38.2177,-750.0,60.0,1.0
-575,-550,1242,"Castrum Minerva, Port of Venus, Limen Aphrodites, Athenaion ",18.435411,40.011636,-550.0,60.0,0.3958333333333333
-575,-550,1243,"Hydros, Hydruntum, Otrante ",18.490869,40.148182,-750.0,60.0,1.0
-575,-550,1244,Port Tarentin ,18.4263,40.2871,-1500.0,100.0,1.0
-575,-550,1245,,18.409136,40.301208,-750.0,60.0,1.0
-575,-550,1247,"Brindes, Brentesium, Brundisium, Bronduse",17.948953,40.641441,-750.0,60.0,1.0
-575,-550,1249,,17.7983,40.7137,-750.0,60.0,1.0
-575,-550,1250.0999999999999,Karbina,17.6983,40.7596,-1500.0,100.0,1.0
-575,-550,1252,Gnathia ,17.391,40.8896,-750.0,60.0,1.0
-575,-550,1257,,16.997139,41.090957,-750.0,60.0,1.0
-575,-550,1263.0999999999999,,16.0811,41.3592,-1500.0,100.0,1.0
-575,-550,1267,,15.8378,41.519,-750.0,60.0,1.0
-575,-550,1268,"Coppa Nevigatta, on R Aquilo",15.8338,41.558,-5000.0,100.0,1.0
-575,-550,1271,"Apanestae, Apeneste",16.06038,41.69375,-750.0,60.0,1.0
-575,-550,1274,"Portus Aggasus, Port Agasus ",16.183,41.885,-550.0,60.0,0.3958333333333333
-575,-550,1284,,15.05334,41.93962,-750.0,60.0,1.0
-575,-550,1288,"Histonium, Istonium ",14.7205,42.1188,-550.0,60.0,0.3958333333333333
-575,-550,1291,"Gualdi, port of Anxanum ",14.4434,42.3103,-550.0,60.0,0.3958333333333333
-575,-550,1298,Cupra Maritima,13.8534,43.034,-750.0,60.0,1.0
-575,-550,1302,Numana ,13.628195,43.50729,-750.0,60.0,1.0
-575,-550,1306,,13.175681,43.75246,-750.0,60.0,1.0
-575,-550,1309,"Pisaurum, on R Pisaurus",12.92,43.9159,-550.0,60.0,0.3958333333333333
-575,-550,1311,"Ariminum, Etruscan Arimna, Harimne, on R Ariminus & R Ausa",12.5739,44.0623,-550.0,60.0,0.3958333333333333
-575,-550,1319,"Pomposa, Etruscan Spina, at the outlet of R Padus",12.10256,44.6943,-750.0,60.0,1.0
-575,-550,1323,Hadriani ,12.17741,44.94566,-750.0,60.0,1.0
-575,-550,1326,"Atria, Etruscan Hatria ",12.067121,45.048536,-750.0,60.0,1.0
-575,-550,1339,Altinum ,12.4077,45.5428,-550.0,60.0,0.3958333333333333
-575,-550,1345,"Eraclia, Port on R Anassum or Anaxum ",12.6573,45.6378,-1300.0,100.0,1.0
-575,-550,1347.1,,12.8872,45.6356,-1200.0,100.0,1.0
-575,-550,1348.1,,13.1286,45.7714,-1300.0,100.0,1.0
-575,-550,1348.2,,13.1542,45.7705,-1300.0,100.0,1.0
-575,-550,1349.1,,13.3203,45.7648,-1500.0,100.0,1.0
-550,-525,753.1,"Olbia, Punic port and Roman port",9.5057,40.9232,-750.0,60.0,1.0
-550,-525,756.1,Outlet of R Kaidris,9.734,40.373,-1500.0,100.0,1.0
-550,-525,765,"Caralis, Carales, on R Sulcis",9.112387,39.211683,-750.0,60.0,1.0
-550,-525,766.1,,9.005325,39.095552,-1500.0,100.0,1.0
-550,-525,766.2,,9.0236,39.0619,-1500.0,100.0,1.0
-550,-525,767,Nora ,9.01444,38.987048,-750.0,60.0,1.0
-550,-525,768,Nora ,9.012555,38.984715,-750.0,60.0,1.0
-550,-525,769,Nora ,9.012066,38.988036,-750.0,60.0,1.0
-550,-525,770,"Bitia, Bithia, Bioea ",8.8849,38.8956,-750.0,60.0,1.0
-550,-525,778,"Sulcis, Solci (export of copper?)",8.462004,39.06534,-750.0,60.0,1.0
-550,-525,780,,8.4887,39.1774,-750.0,60.0,1.0
-550,-525,781.1,,8.4601,39.5681,-7000.0,100.0,1.0
-550,-525,786,"Othaia, Othoca, on R Thyrsos",8.60849,39.86957,-750.0,60.0,1.0
-550,-525,786.1,,8.495,39.925,-4500.0,100.0,1.0
-550,-525,787,"Tarrai, Tharros, Tarrhos, Punic port",8.44,39.892,-750.0,60.0,1.0
-550,-525,787.1,"Tarrai, Tharros, Tarrhos, possible Nuragic port",8.4416,39.8789,-1500.0,100.0,1.0
-550,-525,788,"Tarrai, Tharros, Tarrhos",8.437959,39.859288,-750.0,60.0,1.0
-550,-525,788.1,,8.3936,39.9725,-1200.0,100.0,1.0
-550,-525,788.2,,8.3066,39.988,-1200.0,100.0,1.0
-550,-525,789,"Coracodes, Korakodes portus",8.409895,40.043873,-1200.0,100.0,1.0
-550,-525,793,Nymphaeus portus ,8.189645,40.616568,-750.0,60.0,1.0
-550,-525,803,"Turublum Minus, Lamos?, Telepylos?, possible port of the Laestrygonians and stopover of Odysseus, near famous Arktou Akra Prom.",9.275693,41.199135,-1500.0,100.0,1.0
-550,-525,811.1,"Vintimilio plagia, Album Intermilium, Albintimilium",7.6252,43.7893,-550.0,60.0,0.6041666666666666
-550,-525,818,"Albingauno, Albenganum ",8.2133,44.047,-550.0,60.0,0.6041666666666666
-550,-525,829,Genua,8.9284,44.411,-600.0,30.0,1.0
-550,-525,830,"archaic landing place of Genua, Etruscan Cainua?",8.94388,44.409,-1000.0,100.0,1.0
-550,-525,838,Antion ,9.546199,44.202859,-550.0,60.0,0.6041666666666666
-550,-525,847,,10.28083,43.87307,-750.0,60.0,1.0
-550,-525,849,,10.32724,43.76764,-750.0,60.0,1.0
-550,-525,850,,10.33555,43.73476,-750.0,60.0,1.0
-550,-525,851,"Port of Pise, Pisa, Etruscan Pisna, Peithusa, Pithsa, on ancient R Auser, near R Arnus",10.3862,43.7211,-550.0,60.0,0.6041666666666666
-550,-525,853,,10.3934,43.6386,-5000.0,100.0,1.0
-550,-525,854,"Triturrita? Turrita? Near Portus Pisanus, Pisarum emporio, Liburnus Portus, Portus Herculis Liburni, Portus Labro, Etruscan Liburna",10.3343,43.5733,-5000.0,100.0,1.0
-550,-525,858.1,,10.531,43.099,-5000.0,100.0,1.0
-550,-525,859,"Populonio, Poplonium, Etruscan Fufluna, Pupluna",10.5014,42.9924,-750.0,60.0,1.0
-550,-525,860,"Falesia, Porto Falese ",10.559041,42.934297,-5000.0,100.0,1.0
-550,-525,862,Etruscan Fullona,10.757,42.917,-700.0,30.0,1.0
-550,-525,866,"Ilva, Aithalia, Ethalie ",10.273798,42.770152,-5000.0,100.0,1.0
-550,-525,867,"Argous portus, Argoos, ",10.329861,42.813066,-750.0,60.0,1.0
-550,-525,873,,10.09386,42.59297,-5000.0,100.0,1.0
-550,-525,880.1,,11.173,42.431,-1000.0,100.0,1.0
-550,-525,885,Oglasa insula,10.309211,42.331958,-5000.0,100.0,1.0
-550,-525,888.1,,11.2774,42.4201,-1000.0,100.0,1.0
-550,-525,893,"Regis, Regae ",11.6041,42.3122,-750.0,60.0,1.0
-550,-525,896,"Graviscae, port of Tarquinia, Etruscan Tarchuna, Tarchna, possible first settlement of Etruscan people",11.7066,42.2144,-750.0,60.0,1.0
-550,-525,906,"Pyrgoi, Pyrgi (also called The Towers), port of Agylle, Caere, Etruscan Chaire, Caisra, Cisra",11.9565,42.0152,-750.0,60.0,1.0
-550,-525,906.1,"Pyrgoi, Pyrgi (also called The Towers), port of Agylle, Caere, Etruscan Chaire, Caisra, Cisra",11.9604,42.015,-750.0,60.0,1.0
-550,-525,906.2,Etruscan submerged structure,11.977,41.9957,-750.0,60.0,1.0
-550,-525,909,"Alsium, port of Agylla, Caere, Coere, Etruscan Chaire, Caisra",12.100837,41.932961,-750.0,60.0,1.0
-550,-525,916,"Ostia, port of Rome",12.279848,41.75343,-640.0,20.0,1.0
-550,-525,917,Ostia,12.290905,41.75752,-750.0,60.0,1.0
-550,-525,921,Ficana,12.35306,41.80187,-750.0,60.0,1.0
-550,-525,930,"Portus Tiberinus, near Pons Aemilius, oldest archaic port of Rome, close to Foro Romano and Horrea Agrippiana",12.4809,41.8892,-753.0,10.0,1.0
-550,-525,935,Troia?,12.4685,41.6137,-550.0,60.0,0.6041666666666666
-550,-525,938,Castrum Inui,12.5113,41.5803,-750.0,60.0,1.0
-550,-525,943,"Antium, Nero's port, Etruscan Anth? Caenon?",12.628393,41.442702,-750.0,60.0,1.0
-550,-525,954,"Circei, Circaeum Prom., Kirkaion, outlet of Nero's Fossa Augusta",13.1052,41.2405,-550.0,60.0,0.6041666666666666
-550,-525,957,Pontia insula,12.964786,40.894781,-750.0,60.0,1.0
-550,-525,968.1,"Marica temple, sea-port of Minturnae",13.7645,41.2265,-700.0,30.0,1.0
-550,-525,970,"Sinuessa, Sinuesa, Sinope",13.85,41.14944,-550.0,60.0,0.6041666666666666
-550,-525,973,"Volturnum, on R Vulturnus",13.92,41.0186,-550.0,60.0,0.6041666666666666
-550,-525,975,"Cumae, Cumes, Kyme",14.051265,40.846657,-750.0,60.0,1.0
-550,-525,977,"Pithekoussai, Pithecusae, Etruscan Inarime, first Greek (Euboian) settlement in Italy",13.885913,40.754297,-750.0,60.0,1.0
-550,-525,978,,13.879064,40.696687,-700.0,30.0,1.0
-550,-525,978.1,"Procita, Prochyta insula",14.016731,40.759068,-700.0,30.0,1.0
-550,-525,978.2,,13.992,40.74,-1500.0,100.0,1.0
-550,-525,991,"Puteoli, Dikaiarcheia, Dicearque, Flavia Colonia Augusta Puteoli, Delus Minor, in the Campi Phlegraei volcano district",14.1154,40.8216,-750.0,60.0,1.0
-550,-525,997,"Parthenope, Neapolis",14.2522,40.8398,-750.0,60.0,1.0
-550,-525,997.1,Neapolis ,14.25462,40.83927,-600.0,30.0,1.0
-550,-525,998,Neapolis ,14.2524,40.83926,-600.0,30.0,1.0
-550,-525,999.1,"Herculaneum, Etruscan Herclena",14.35,40.7998,-550.0,60.0,0.6041666666666666
-550,-525,1002,"Pompeia, Porta Marina, Etruscan Pumpai",14.48226,40.74893,-750.0,60.0,1.0
-550,-525,1002.1,"Pompeia, Porta Stabia, Etruscan Pumpai",14.4908,40.7473,-750.0,60.0,1.0
-550,-525,1004,Aequana ,14.4215,40.6617,-750.0,60.0,1.0
-550,-525,1005,,14.402715,40.645818,-550.0,60.0,0.6041666666666666
-550,-525,1009,"Capraria, Capreae insula",14.236593,40.557685,-550.0,60.0,0.6041666666666666
-550,-525,1013.1,"Seirenoussai nesoi, Anthemoessa insulae, Anthemuse, possible Siren islands, no stopover for Odysseus",14.43365,40.5825,-750.0,60.0,1.0
-550,-525,1017,Vietri ,14.713068,40.657725,-750.0,60.0,1.0
-550,-525,1019,,14.94346,40.5352,-750.0,60.0,1.0
-550,-525,1021,"Poseïdonia, Posidonia, Paestum, on R Silarus",14.992,40.415,-750.0,60.0,1.0
-550,-525,1022,,14.990506,40.358318,-550.0,60.0,0.6041666666666666
-550,-525,1024,"Velia, Elea, Portus Velinus, Hyele, near R Hales",15.157,40.1602,-535.0,10.0,0.375
-550,-525,1025,Palinurus ,15.282234,40.035658,-750.0,60.0,1.0
-550,-525,1026,"Oenotrides insulae, Molpa ",15.294659,40.026788,-750.0,60.0,1.0
-550,-525,1032,,15.781146,39.81781,-750.0,60.0,1.0
-550,-525,1033,"Laos, Laus ",15.789572,39.775272,-750.0,60.0,1.0
-550,-525,1036,,15.945789,39.491704,-550.0,60.0,0.6041666666666666
-550,-525,1037,Port of Pandosia,16.042302,39.301273,-550.0,60.0,0.6041666666666666
-550,-525,1039,"Temesa, Temese, Tempsa, on R Sabutus",16.094554,39.027944,-750.0,60.0,1.0
-550,-525,1041,Terina ,16.2389,38.9448,-550.0,60.0,0.6041666666666666
-550,-525,1047.3,,15.9718,38.7135,-1500.0,100.0,1.0
-550,-525,1049,,15.921,38.545,-750.0,60.0,1.0
-550,-525,1052,"Medma, Mesma",15.9882,38.4821,-750.0,60.0,1.0
-550,-525,1053,"Port at the outlet of R Metaurus, Metaure ",15.871137,38.421553,-750.0,60.0,1.0
-550,-525,1058,"Scyllaeum, Scylla, in front of Charybdis in Sicily, both Planktes insulae, where Odysseus possibly sailed",15.715,38.259,-750.0,60.0,1.0
-550,-525,1059,Kainys ,15.6354,38.2322,-550.0,60.0,0.6041666666666666
-550,-525,1061,"Rhegium, Rhegion",15.634658,38.109425,-740.0,20.0,1.0
-550,-525,1068,Altanum? ,16.177826,38.141495,-550.0,60.0,0.6041666666666666
-550,-525,1069,"Lokroi Epizephyrioi, Locri Epizefiri, Locres ",16.2368,38.2077,-750.0,60.0,1.0
-550,-525,1071,"Amphissa, Santo Onofrio ",16.413143,38.318166,-750.0,60.0,1.0
-550,-525,1072,"Kaulonia, Caulonia, Aulonia, Stilida",16.5787,38.4454,-750.0,60.0,1.0
-550,-525,1075,"Scylletium, Scolacium ",16.5952,38.8076,-550.0,60.0,0.6041666666666666
-550,-525,1080,,17.16869,38.95411,-750.0,60.0,1.0
-550,-525,1082,"Kroton, Crotone, on R Aisaros",17.126348,39.085539,-750.0,60.0,1.0
-550,-525,1084,Krimisa?,17.140861,39.370149,-750.0,60.0,1.0
-550,-525,1085,"Temple of Apollo Alaeus, port of Aesarus ",17.1466,39.39654,-750.0,60.0,1.0
-550,-525,1090,"archaic Sybaris, on R Sybaris and R Crathis, Thourioi, Thurii, Copia",16.491191,39.717044,-720.0,20.0,1.0
-550,-525,1091,,16.538059,39.865106,-1500.0,100.0,1.0
-550,-525,1093,,16.60264,40.04726,-550.0,60.0,0.6041666666666666
-550,-525,1097,"Siris, on R Siris",16.6682,40.1658,-750.0,60.0,1.0
-550,-525,1098,"Heraclea, Heraclee ",16.67,40.22,-550.0,60.0,0.6041666666666666
-550,-525,1098.0999999999999,,16.6642,40.2934,-1500.0,100.0,1.0
-550,-525,1099,"Metapontum, Metaponte",16.8352,40.3728,-750.0,60.0,1.0
-550,-525,1100,"Tarentum, Taras, Neptuna",17.228144,40.472032,-750.0,60.0,1.0
-550,-525,1103,"Satyrion, Saturnum ",17.30396,40.37282,-1500.0,100.0,1.0
-550,-525,1105,Port Sasina ,17.896215,40.25706,-750.0,60.0,1.0
-550,-525,1106,Port of Neretum,17.983673,40.137046,-750.0,60.0,1.0
-550,-525,1107,"Kallipolis, Callipolis, Anxa ",17.979931,40.054413,-750.0,60.0,1.0
-550,-525,1110,"Portus Sallentinus, Leuke, near Iapygia Prom.",18.362675,39.792157,-750.0,60.0,1.0
-550,-525,1112,"Zancle, Zankle, Messana, Messene",15.560811,38.192865,-730.0,20.0,1.0
-550,-525,1113,,15.536584,38.145129,-750.0,60.0,1.0
-550,-525,1116,Tauromenium ,15.302,37.848,-550.0,60.0,0.6041666666666666
-550,-525,1118,"Archaic Naxos, near R Akesines",15.2694,37.8193,-734.0,10.0,1.0
-550,-525,1123,"Katane, Catina ",15.0873,37.5024,-750.0,60.0,1.0
-550,-525,1123.2,"Leontinoi, on R Terias",14.998,37.2855,-750.0,60.0,1.0
-550,-525,1124,,15.132834,37.310011,-750.0,60.0,1.0
-550,-525,1126,"Megara Hyblaea, on R Alabon",15.183741,37.205772,-750.0,60.0,1.0
-550,-525,1127,"Tapsus, Thapsos ",15.228473,37.145257,-1200.0,100.0,1.0
-550,-525,1128,"Leon, landing place of Athenian fleet in 414 BC",15.2615,37.1076,-4000.0,100.0,1.0
-550,-525,1132,"Syracuse, ""Large Port"", on the isle of Sikelia, Sicania, Trinacria, major Greek (Corinthian) settlement in Sicily",15.288,37.06,-733.0,10.0,1.0
-550,-525,1138,Portus Naustathamus?,15.214525,36.95611,-750.0,60.0,1.0
-550,-525,1140,"Helorus, Elorus, on R Helorus",15.1075,36.8422,-750.0,60.0,1.0
-550,-525,1146,R Hirminum,14.594,36.771,-750.0,60.0,1.0
-550,-525,1148,"Kamarina, on R Hipparis",14.440957,36.866878,-598.0,10.0,1.0
-550,-525,1150,,14.3,37.032,-550.0,60.0,0.6041666666666666
-550,-525,1152,"Gela, on R Gela",14.2583,37.063,-688.0,10.0,1.0
-550,-525,1154,,14.197,37.0842,-750.0,60.0,1.0
-550,-525,1155,"Port of Maktorion, Mactorium?",14.138661,37.100201,-750.0,60.0,1.0
-550,-525,1158,,13.881,37.102,-750.0,60.0,1.0
-550,-525,1160,,13.780019,37.144488,-750.0,60.0,1.0
-550,-525,1161,,13.695341,37.17957,-550.0,60.0,0.6041666666666666
-550,-525,1162.0999999999999,,13.624,37.233,-1400.0,100.0,1.0
-550,-525,1163,"Agrakas, Akragas, Agrigentum, on R Hypsas",13.581,37.2687,-580.0,20.0,1.0
-550,-525,1166,"Heraclea Minoa, on R Halycus",13.28,37.3937,-750.0,60.0,1.0
-550,-525,1167,,13.256671,37.414943,-750.0,60.0,1.0
-550,-525,1169,"Selinus, Selinunt, Selinonte east port",12.8294,37.5845,-650.0,30.0,1.0
-550,-525,1170,"Selinus, Selinunt, Selinonte west port, on R Selinon",12.82116,37.5828,-650.0,30.0,1.0
-550,-525,1171,"Mazara, on R Mazara",12.587605,37.644211,-550.0,60.0,0.6041666666666666
-550,-525,1172,"Lilybaion, Lilybee South port?",12.43,37.7937,-750.0,60.0,1.0
-550,-525,1173,"Lilybaion, Lilybee Main port",12.428115,37.808131,-750.0,60.0,1.0
-550,-525,1174,"Lilybaion, Lilybee North port?",12.443337,37.8124,-750.0,60.0,1.0
-550,-525,1176,"Motye, Motya",12.4646,37.8641,-750.0,60.0,1.0
-550,-525,1177,"Aigousa insula, anchorage of Roman fleet before the famous battle of the Egadi Islands (10 March 241 BC), Odysseus' port of the Cyclops? ",12.322489,37.934044,-750.0,60.0,1.0
-550,-525,1180,"Bucinna, Phorbantia insula",12.321625,38.00168,-10000.0,100.0,1.0
-550,-525,1182,"Port of Erix, Eryx, Erice, Carthaginian base camp during the famous battle of the Egadi Islands (10 March 241 BC)",12.58963,38.070435,-550.0,60.0,0.6041666666666666
-550,-525,1187,,13.182596,38.71968,-1500.0,100.0,1.0
-550,-525,1189,"Panhormus, Panorme",13.368583,38.120398,-750.0,60.0,1.0
-550,-525,1190,"Solus, port of Solonte ",13.542862,38.081694,-750.0,60.0,1.0
-550,-525,1191,"Thermai, Thermae Himeraeae, on R Thermos",13.690394,37.993991,-550.0,60.0,0.6041666666666666
-550,-525,1193,"Himera, Himere, on R Himeras",13.8215,37.9683,-729.0,10.0,1.0
-550,-525,1195,"Cephaloedium, Cephalidium ",14.024107,38.043883,-550.0,60.0,0.6041666666666666
-550,-525,1197,"Kale Akte, Calate ",14.448292,38.036496,-550.0,60.0,0.6041666666666666
-550,-525,1199,Agathyrnum ,14.752,38.164,-550.0,60.0,0.6041666666666666
-550,-525,1203,"Celsina, Phoenicusa, Phoinikoussa insula",14.5883,38.5569,-1500.0,100.0,1.0
-550,-525,1204,Didyma insula,14.8696,38.5739,-1500.0,100.0,1.0
-550,-525,1205,"Lipara on Liparos insula, Meligounis nesos",14.9568,38.4717,-1500.0,100.0,1.0
-550,-525,1206,"Heraclea, Hiera Thermessa insula,  Hiera Hephaistou insula",14.966446,38.416361,-550.0,60.0,0.6041666666666666
-550,-525,1207,"Aegina, Euonymus insula",15.0636,38.6256,-1500.0,100.0,1.0
-550,-525,1209,"Strongilos, Eolie, possibly Odysseus' stopover on the isle of Aeolos",15.244209,38.797457,-1500.0,100.0,1.0
-550,-525,1210,Tyndaris ,15.044,38.1433,-550.0,60.0,0.6041666666666666
-550,-525,1212,"Myle, Mylae ",15.2428,38.2177,-750.0,60.0,1.0
-550,-525,1242,"Castrum Minerva, Port of Venus, Limen Aphrodites, Athenaion ",18.435411,40.011636,-550.0,60.0,0.6041666666666666
-550,-525,1243,"Hydros, Hydruntum, Otrante ",18.490869,40.148182,-750.0,60.0,1.0
-550,-525,1244,Port Tarentin ,18.4263,40.2871,-1500.0,100.0,1.0
-550,-525,1245,,18.409136,40.301208,-750.0,60.0,1.0
-550,-525,1247,"Brindes, Brentesium, Brundisium, Bronduse",17.948953,40.641441,-750.0,60.0,1.0
-550,-525,1249,,17.7983,40.7137,-750.0,60.0,1.0
-550,-525,1250.0999999999999,Karbina,17.6983,40.7596,-1500.0,100.0,1.0
-550,-525,1252,Gnathia ,17.391,40.8896,-750.0,60.0,1.0
-550,-525,1257,,16.997139,41.090957,-750.0,60.0,1.0
-550,-525,1263.0999999999999,,16.0811,41.3592,-1500.0,100.0,1.0
-550,-525,1267,,15.8378,41.519,-750.0,60.0,1.0
-550,-525,1268,"Coppa Nevigatta, on R Aquilo",15.8338,41.558,-5000.0,100.0,1.0
-550,-525,1271,"Apanestae, Apeneste",16.06038,41.69375,-750.0,60.0,1.0
-550,-525,1274,"Portus Aggasus, Port Agasus ",16.183,41.885,-550.0,60.0,0.6041666666666666
-550,-525,1284,,15.05334,41.93962,-750.0,60.0,1.0
-550,-525,1288,"Histonium, Istonium ",14.7205,42.1188,-550.0,60.0,0.6041666666666666
-550,-525,1291,"Gualdi, port of Anxanum ",14.4434,42.3103,-550.0,60.0,0.6041666666666666
-550,-525,1298,Cupra Maritima,13.8534,43.034,-750.0,60.0,1.0
-550,-525,1302,Numana ,13.628195,43.50729,-750.0,60.0,1.0
-550,-525,1306,,13.175681,43.75246,-750.0,60.0,1.0
-550,-525,1309,"Pisaurum, on R Pisaurus",12.92,43.9159,-550.0,60.0,0.6041666666666666
-550,-525,1311,"Ariminum, Etruscan Arimna, Harimne, on R Ariminus & R Ausa",12.5739,44.0623,-550.0,60.0,0.6041666666666666
-550,-525,1319,"Pomposa, Etruscan Spina, at the outlet of R Padus",12.10256,44.6943,-750.0,60.0,1.0
-550,-525,1323,Hadriani ,12.17741,44.94566,-750.0,60.0,1.0
-550,-525,1326,"Atria, Etruscan Hatria ",12.067121,45.048536,-750.0,60.0,1.0
-550,-525,1339,Altinum ,12.4077,45.5428,-550.0,60.0,0.6041666666666666
-550,-525,1345,"Eraclia, Port on R Anassum or Anaxum ",12.6573,45.6378,-1300.0,100.0,1.0
-550,-525,1347.1,,12.8872,45.6356,-1200.0,100.0,1.0
-550,-525,1348.1,,13.1286,45.7714,-1300.0,100.0,1.0
-550,-525,1348.2,,13.1542,45.7705,-1300.0,100.0,1.0
-550,-525,1349.1,,13.3203,45.7648,-1500.0,100.0,1.0
-525,-500,753.1,"Olbia, Punic port and Roman port",9.5057,40.9232,-750.0,60.0,1.0
-525,-500,756.1,Outlet of R Kaidris,9.734,40.373,-1500.0,100.0,1.0
-525,-500,765,"Caralis, Carales, on R Sulcis",9.112387,39.211683,-750.0,60.0,1.0
-525,-500,766.1,,9.005325,39.095552,-1500.0,100.0,1.0
-525,-500,766.2,,9.0236,39.0619,-1500.0,100.0,1.0
-525,-500,767,Nora ,9.01444,38.987048,-750.0,60.0,1.0
-525,-500,768,Nora ,9.012555,38.984715,-750.0,60.0,1.0
-525,-500,769,Nora ,9.012066,38.988036,-750.0,60.0,1.0
-525,-500,770,"Bitia, Bithia, Bioea ",8.8849,38.8956,-750.0,60.0,1.0
-525,-500,778,"Sulcis, Solci (export of copper?)",8.462004,39.06534,-750.0,60.0,1.0
-525,-500,780,,8.4887,39.1774,-750.0,60.0,1.0
-525,-500,781,Metalla? ,8.5002,39.394,-500.0,30.0,0.2916666666666667
-525,-500,781.1,,8.4601,39.5681,-7000.0,100.0,1.0
-525,-500,786,"Othaia, Othoca, on R Thyrsos",8.60849,39.86957,-750.0,60.0,1.0
-525,-500,786.1,,8.495,39.925,-4500.0,100.0,1.0
-525,-500,787,"Tarrai, Tharros, Tarrhos, Punic port",8.44,39.892,-750.0,60.0,1.0
-525,-500,787.1,"Tarrai, Tharros, Tarrhos, possible Nuragic port",8.4416,39.8789,-1500.0,100.0,1.0
-525,-500,788,"Tarrai, Tharros, Tarrhos",8.437959,39.859288,-750.0,60.0,1.0
-525,-500,788.1,,8.3936,39.9725,-1200.0,100.0,1.0
-525,-500,788.2,,8.3066,39.988,-1200.0,100.0,1.0
-525,-500,789,"Coracodes, Korakodes portus",8.409895,40.043873,-1200.0,100.0,1.0
-525,-500,793,Nymphaeus portus ,8.189645,40.616568,-750.0,60.0,1.0
-525,-500,803,"Turublum Minus, Lamos?, Telepylos?, possible port of the Laestrygonians and stopover of Odysseus, near famous Arktou Akra Prom.",9.275693,41.199135,-1500.0,100.0,1.0
-525,-500,811.1,"Vintimilio plagia, Album Intermilium, Albintimilium",7.6252,43.7893,-550.0,60.0,0.8125
-525,-500,818,"Albingauno, Albenganum ",8.2133,44.047,-550.0,60.0,0.8125
-525,-500,829,Genua,8.9284,44.411,-600.0,30.0,1.0
-525,-500,830,"archaic landing place of Genua, Etruscan Cainua?",8.94388,44.409,-1000.0,100.0,1.0
-525,-500,838,Antion ,9.546199,44.202859,-550.0,60.0,0.8125
-525,-500,847,,10.28083,43.87307,-750.0,60.0,1.0
-525,-500,849,,10.32724,43.76764,-750.0,60.0,1.0
-525,-500,850,,10.33555,43.73476,-750.0,60.0,1.0
-525,-500,851,"Port of Pise, Pisa, Etruscan Pisna, Peithusa, Pithsa, on ancient R Auser, near R Arnus",10.3862,43.7211,-550.0,60.0,0.8125
-525,-500,853,,10.3934,43.6386,-5000.0,100.0,1.0
-525,-500,854,"Triturrita? Turrita? Near Portus Pisanus, Pisarum emporio, Liburnus Portus, Portus Herculis Liburni, Portus Labro, Etruscan Liburna",10.3343,43.5733,-5000.0,100.0,1.0
-525,-500,858.1,,10.531,43.099,-5000.0,100.0,1.0
-525,-500,859,"Populonio, Poplonium, Etruscan Fufluna, Pupluna",10.5014,42.9924,-750.0,60.0,1.0
-525,-500,860,"Falesia, Porto Falese ",10.559041,42.934297,-5000.0,100.0,1.0
-525,-500,862,Etruscan Fullona,10.757,42.917,-700.0,30.0,1.0
-525,-500,866,"Ilva, Aithalia, Ethalie ",10.273798,42.770152,-5000.0,100.0,1.0
-525,-500,867,"Argous portus, Argoos, ",10.329861,42.813066,-750.0,60.0,1.0
-525,-500,873,,10.09386,42.59297,-5000.0,100.0,1.0
-525,-500,880.1,,11.173,42.431,-1000.0,100.0,1.0
-525,-500,885,Oglasa insula,10.309211,42.331958,-5000.0,100.0,1.0
-525,-500,888.1,,11.2774,42.4201,-1000.0,100.0,1.0
-525,-500,893,"Regis, Regae ",11.6041,42.3122,-750.0,60.0,1.0
-525,-500,896,"Graviscae, port of Tarquinia, Etruscan Tarchuna, Tarchna, possible first settlement of Etruscan people",11.7066,42.2144,-750.0,60.0,1.0
-525,-500,902.1,,11.8243,42.0446,-500.0,30.0,0.2916666666666667
-525,-500,906,"Pyrgoi, Pyrgi (also called The Towers), port of Agylle, Caere, Etruscan Chaire, Caisra, Cisra",11.9565,42.0152,-750.0,60.0,1.0
-525,-500,906.1,"Pyrgoi, Pyrgi (also called The Towers), port of Agylle, Caere, Etruscan Chaire, Caisra, Cisra",11.9604,42.015,-750.0,60.0,1.0
-525,-500,906.2,Etruscan submerged structure,11.977,41.9957,-750.0,60.0,1.0
-525,-500,909,"Alsium, port of Agylla, Caere, Coere, Etruscan Chaire, Caisra",12.100837,41.932961,-750.0,60.0,1.0
-525,-500,916,"Ostia, port of Rome",12.279848,41.75343,-640.0,20.0,1.0
-525,-500,917,Ostia,12.290905,41.75752,-750.0,60.0,1.0
-525,-500,921,Ficana,12.35306,41.80187,-750.0,60.0,1.0
-525,-500,930,"Portus Tiberinus, near Pons Aemilius, oldest archaic port of Rome, close to Foro Romano and Horrea Agrippiana",12.4809,41.8892,-753.0,10.0,1.0
-525,-500,935,Troia?,12.4685,41.6137,-550.0,60.0,0.8125
-525,-500,938,Castrum Inui,12.5113,41.5803,-750.0,60.0,1.0
-525,-500,943,"Antium, Nero's port, Etruscan Anth? Caenon?",12.628393,41.442702,-750.0,60.0,1.0
-525,-500,954,"Circei, Circaeum Prom., Kirkaion, outlet of Nero's Fossa Augusta",13.1052,41.2405,-550.0,60.0,0.8125
-525,-500,955,"Terracina, Tarracina, Anxur, Etruscan Tarchna, Tarkina",13.2545,41.286,-500.0,30.0,0.2916666666666667
-525,-500,957,Pontia insula,12.964786,40.894781,-750.0,60.0,1.0
-525,-500,968.1,"Marica temple, sea-port of Minturnae",13.7645,41.2265,-700.0,30.0,1.0
-525,-500,970,"Sinuessa, Sinuesa, Sinope",13.85,41.14944,-550.0,60.0,0.8125
-525,-500,973,"Volturnum, on R Vulturnus",13.92,41.0186,-550.0,60.0,0.8125
-525,-500,975,"Cumae, Cumes, Kyme",14.051265,40.846657,-750.0,60.0,1.0
-525,-500,977,"Pithekoussai, Pithecusae, Etruscan Inarime, first Greek (Euboian) settlement in Italy",13.885913,40.754297,-750.0,60.0,1.0
-525,-500,978,,13.879064,40.696687,-700.0,30.0,1.0
-525,-500,978.1,"Procita, Prochyta insula",14.016731,40.759068,-700.0,30.0,1.0
-525,-500,978.2,,13.992,40.74,-1500.0,100.0,1.0
-525,-500,991,"Puteoli, Dikaiarcheia, Dicearque, Flavia Colonia Augusta Puteoli, Delus Minor, in the Campi Phlegraei volcano district",14.1154,40.8216,-750.0,60.0,1.0
-525,-500,997,"Parthenope, Neapolis",14.2522,40.8398,-750.0,60.0,1.0
-525,-500,997.1,Neapolis ,14.25462,40.83927,-600.0,30.0,1.0
-525,-500,998,Neapolis ,14.2524,40.83926,-600.0,30.0,1.0
-525,-500,999.1,"Herculaneum, Etruscan Herclena",14.35,40.7998,-550.0,60.0,0.8125
-525,-500,1002,"Pompeia, Porta Marina, Etruscan Pumpai",14.48226,40.74893,-750.0,60.0,1.0
-525,-500,1002.1,"Pompeia, Porta Stabia, Etruscan Pumpai",14.4908,40.7473,-750.0,60.0,1.0
-525,-500,1004,Aequana ,14.4215,40.6617,-750.0,60.0,1.0
-525,-500,1005,,14.402715,40.645818,-550.0,60.0,0.8125
-525,-500,1009,"Capraria, Capreae insula",14.236593,40.557685,-550.0,60.0,0.8125
-525,-500,1013.1,"Seirenoussai nesoi, Anthemoessa insulae, Anthemuse, possible Siren islands, no stopover for Odysseus",14.43365,40.5825,-750.0,60.0,1.0
-525,-500,1017,Vietri ,14.713068,40.657725,-750.0,60.0,1.0
-525,-500,1019,,14.94346,40.5352,-750.0,60.0,1.0
-525,-500,1021,"Poseïdonia, Posidonia, Paestum, on R Silarus",14.992,40.415,-750.0,60.0,1.0
-525,-500,1022,,14.990506,40.358318,-550.0,60.0,0.8125
-525,-500,1024,"Velia, Elea, Portus Velinus, Hyele, near R Hales",15.157,40.1602,-535.0,10.0,1.0
-525,-500,1025,Palinurus ,15.282234,40.035658,-750.0,60.0,1.0
-525,-500,1026,"Oenotrides insulae, Molpa ",15.294659,40.026788,-750.0,60.0,1.0
-525,-500,1032,,15.781146,39.81781,-750.0,60.0,1.0
-525,-500,1033,"Laos, Laus ",15.789572,39.775272,-750.0,60.0,1.0
-525,-500,1036,,15.945789,39.491704,-550.0,60.0,0.8125
-525,-500,1037,Port of Pandosia,16.042302,39.301273,-550.0,60.0,0.8125
-525,-500,1039,"Temesa, Temese, Tempsa, on R Sabutus",16.094554,39.027944,-750.0,60.0,1.0
-525,-500,1041,Terina ,16.2389,38.9448,-550.0,60.0,0.8125
-525,-500,1047.3,,15.9718,38.7135,-1500.0,100.0,1.0
-525,-500,1049,,15.921,38.545,-750.0,60.0,1.0
-525,-500,1052,"Medma, Mesma",15.9882,38.4821,-750.0,60.0,1.0
-525,-500,1053,"Port at the outlet of R Metaurus, Metaure ",15.871137,38.421553,-750.0,60.0,1.0
-525,-500,1058,"Scyllaeum, Scylla, in front of Charybdis in Sicily, both Planktes insulae, where Odysseus possibly sailed",15.715,38.259,-750.0,60.0,1.0
-525,-500,1059,Kainys ,15.6354,38.2322,-550.0,60.0,0.8125
-525,-500,1061,"Rhegium, Rhegion",15.634658,38.109425,-740.0,20.0,1.0
-525,-500,1068,Altanum? ,16.177826,38.141495,-550.0,60.0,0.8125
-525,-500,1069,"Lokroi Epizephyrioi, Locri Epizefiri, Locres ",16.2368,38.2077,-750.0,60.0,1.0
-525,-500,1071,"Amphissa, Santo Onofrio ",16.413143,38.318166,-750.0,60.0,1.0
-525,-500,1072,"Kaulonia, Caulonia, Aulonia, Stilida",16.5787,38.4454,-750.0,60.0,1.0
-525,-500,1075,"Scylletium, Scolacium ",16.5952,38.8076,-550.0,60.0,0.8125
-525,-500,1080,,17.16869,38.95411,-750.0,60.0,1.0
-525,-500,1082,"Kroton, Crotone, on R Aisaros",17.126348,39.085539,-750.0,60.0,1.0
-525,-500,1084,Krimisa?,17.140861,39.370149,-750.0,60.0,1.0
-525,-500,1085,"Temple of Apollo Alaeus, port of Aesarus ",17.1466,39.39654,-750.0,60.0,1.0
-525,-500,1090,"archaic Sybaris, on R Sybaris and R Crathis, Thourioi, Thurii, Copia",16.491191,39.717044,-720.0,20.0,1.0
-525,-500,1091,,16.538059,39.865106,-1500.0,100.0,1.0
-525,-500,1093,,16.60264,40.04726,-550.0,60.0,0.8125
-525,-500,1097,"Siris, on R Siris",16.6682,40.1658,-750.0,60.0,1.0
-525,-500,1098,"Heraclea, Heraclee ",16.67,40.22,-550.0,60.0,0.8125
-525,-500,1098.0999999999999,,16.6642,40.2934,-1500.0,100.0,1.0
-525,-500,1099,"Metapontum, Metaponte",16.8352,40.3728,-750.0,60.0,1.0
-525,-500,1100,"Tarentum, Taras, Neptuna",17.228144,40.472032,-750.0,60.0,1.0
-525,-500,1103,"Satyrion, Saturnum ",17.30396,40.37282,-1500.0,100.0,1.0
-525,-500,1105,Port Sasina ,17.896215,40.25706,-750.0,60.0,1.0
-525,-500,1106,Port of Neretum,17.983673,40.137046,-750.0,60.0,1.0
-525,-500,1107,"Kallipolis, Callipolis, Anxa ",17.979931,40.054413,-750.0,60.0,1.0
-525,-500,1110,"Portus Sallentinus, Leuke, near Iapygia Prom.",18.362675,39.792157,-750.0,60.0,1.0
-525,-500,1112,"Zancle, Zankle, Messana, Messene",15.560811,38.192865,-730.0,20.0,1.0
-525,-500,1113,,15.536584,38.145129,-750.0,60.0,1.0
-525,-500,1116,Tauromenium ,15.302,37.848,-550.0,60.0,0.8125
-525,-500,1118,"Archaic Naxos, near R Akesines",15.2694,37.8193,-734.0,10.0,1.0
-525,-500,1123,"Katane, Catina ",15.0873,37.5024,-750.0,60.0,1.0
-525,-500,1123.2,"Leontinoi, on R Terias",14.998,37.2855,-750.0,60.0,1.0
-525,-500,1124,,15.132834,37.310011,-750.0,60.0,1.0
-525,-500,1126,"Megara Hyblaea, on R Alabon",15.183741,37.205772,-750.0,60.0,1.0
-525,-500,1127,"Tapsus, Thapsos ",15.228473,37.145257,-1200.0,100.0,1.0
-525,-500,1128,"Leon, landing place of Athenian fleet in 414 BC",15.2615,37.1076,-4000.0,100.0,1.0
-525,-500,1132,"Syracuse, ""Large Port"", on the isle of Sikelia, Sicania, Trinacria, major Greek (Corinthian) settlement in Sicily",15.288,37.06,-733.0,10.0,1.0
-525,-500,1138,Portus Naustathamus?,15.214525,36.95611,-750.0,60.0,1.0
-525,-500,1140,"Helorus, Elorus, on R Helorus",15.1075,36.8422,-750.0,60.0,1.0
-525,-500,1146,R Hirminum,14.594,36.771,-750.0,60.0,1.0
-525,-500,1148,"Kamarina, on R Hipparis",14.440957,36.866878,-598.0,10.0,1.0
-525,-500,1150,,14.3,37.032,-550.0,60.0,0.8125
-525,-500,1152,"Gela, on R Gela",14.2583,37.063,-688.0,10.0,1.0
-525,-500,1154,,14.197,37.0842,-750.0,60.0,1.0
-525,-500,1155,"Port of Maktorion, Mactorium?",14.138661,37.100201,-750.0,60.0,1.0
-525,-500,1158,,13.881,37.102,-750.0,60.0,1.0
-525,-500,1160,,13.780019,37.144488,-750.0,60.0,1.0
-525,-500,1161,,13.695341,37.17957,-550.0,60.0,0.8125
-525,-500,1162.0999999999999,,13.624,37.233,-1400.0,100.0,1.0
-525,-500,1163,"Agrakas, Akragas, Agrigentum, on R Hypsas",13.581,37.2687,-580.0,20.0,1.0
-525,-500,1166,"Heraclea Minoa, on R Halycus",13.28,37.3937,-750.0,60.0,1.0
-525,-500,1167,,13.256671,37.414943,-750.0,60.0,1.0
-525,-500,1169,"Selinus, Selinunt, Selinonte east port",12.8294,37.5845,-650.0,30.0,1.0
-525,-500,1170,"Selinus, Selinunt, Selinonte west port, on R Selinon",12.82116,37.5828,-650.0,30.0,1.0
-525,-500,1171,"Mazara, on R Mazara",12.587605,37.644211,-550.0,60.0,0.8125
-525,-500,1172,"Lilybaion, Lilybee South port?",12.43,37.7937,-750.0,60.0,1.0
-525,-500,1173,"Lilybaion, Lilybee Main port",12.428115,37.808131,-750.0,60.0,1.0
-525,-500,1174,"Lilybaion, Lilybee North port?",12.443337,37.8124,-750.0,60.0,1.0
-525,-500,1176,"Motye, Motya",12.4646,37.8641,-750.0,60.0,1.0
-525,-500,1177,"Aigousa insula, anchorage of Roman fleet before the famous battle of the Egadi Islands (10 March 241 BC), Odysseus' port of the Cyclops? ",12.322489,37.934044,-750.0,60.0,1.0
-525,-500,1180,"Bucinna, Phorbantia insula",12.321625,38.00168,-10000.0,100.0,1.0
-525,-500,1182,"Port of Erix, Eryx, Erice, Carthaginian base camp during the famous battle of the Egadi Islands (10 March 241 BC)",12.58963,38.070435,-550.0,60.0,0.8125
-525,-500,1187,,13.182596,38.71968,-1500.0,100.0,1.0
-525,-500,1189,"Panhormus, Panorme",13.368583,38.120398,-750.0,60.0,1.0
-525,-500,1190,"Solus, port of Solonte ",13.542862,38.081694,-750.0,60.0,1.0
-525,-500,1191,"Thermai, Thermae Himeraeae, on R Thermos",13.690394,37.993991,-550.0,60.0,0.8125
-525,-500,1193,"Himera, Himere, on R Himeras",13.8215,37.9683,-729.0,10.0,1.0
-525,-500,1195,"Cephaloedium, Cephalidium ",14.024107,38.043883,-550.0,60.0,0.8125
-525,-500,1197,"Kale Akte, Calate ",14.448292,38.036496,-550.0,60.0,0.8125
-525,-500,1199,Agathyrnum ,14.752,38.164,-550.0,60.0,0.8125
-525,-500,1203,"Celsina, Phoenicusa, Phoinikoussa insula",14.5883,38.5569,-1500.0,100.0,1.0
-525,-500,1204,Didyma insula,14.8696,38.5739,-1500.0,100.0,1.0
-525,-500,1205,"Lipara on Liparos insula, Meligounis nesos",14.9568,38.4717,-1500.0,100.0,1.0
-525,-500,1206,"Heraclea, Hiera Thermessa insula,  Hiera Hephaistou insula",14.966446,38.416361,-550.0,60.0,0.8125
-525,-500,1207,"Aegina, Euonymus insula",15.0636,38.6256,-1500.0,100.0,1.0
-525,-500,1209,"Strongilos, Eolie, possibly Odysseus' stopover on the isle of Aeolos",15.244209,38.797457,-1500.0,100.0,1.0
-525,-500,1210,Tyndaris ,15.044,38.1433,-550.0,60.0,0.8125
-525,-500,1212,"Myle, Mylae ",15.2428,38.2177,-750.0,60.0,1.0
-525,-500,1242,"Castrum Minerva, Port of Venus, Limen Aphrodites, Athenaion ",18.435411,40.011636,-550.0,60.0,0.8125
-525,-500,1243,"Hydros, Hydruntum, Otrante ",18.490869,40.148182,-750.0,60.0,1.0
-525,-500,1244,Port Tarentin ,18.4263,40.2871,-1500.0,100.0,1.0
-525,-500,1245,,18.409136,40.301208,-750.0,60.0,1.0
-525,-500,1247,"Brindes, Brentesium, Brundisium, Bronduse",17.948953,40.641441,-750.0,60.0,1.0
-525,-500,1249,,17.7983,40.7137,-750.0,60.0,1.0
-525,-500,1250.0999999999999,Karbina,17.6983,40.7596,-1500.0,100.0,1.0
-525,-500,1252,Gnathia ,17.391,40.8896,-750.0,60.0,1.0
-525,-500,1257,,16.997139,41.090957,-750.0,60.0,1.0
-525,-500,1263.0999999999999,,16.0811,41.3592,-1500.0,100.0,1.0
-525,-500,1267,,15.8378,41.519,-750.0,60.0,1.0
-525,-500,1268,"Coppa Nevigatta, on R Aquilo",15.8338,41.558,-5000.0,100.0,1.0
-525,-500,1271,"Apanestae, Apeneste",16.06038,41.69375,-750.0,60.0,1.0
-525,-500,1274,"Portus Aggasus, Port Agasus ",16.183,41.885,-550.0,60.0,0.8125
-525,-500,1284,,15.05334,41.93962,-750.0,60.0,1.0
-525,-500,1288,"Histonium, Istonium ",14.7205,42.1188,-550.0,60.0,0.8125
-525,-500,1291,"Gualdi, port of Anxanum ",14.4434,42.3103,-550.0,60.0,0.8125
-525,-500,1298,Cupra Maritima,13.8534,43.034,-750.0,60.0,1.0
-525,-500,1302,Numana ,13.628195,43.50729,-750.0,60.0,1.0
-525,-500,1306,,13.175681,43.75246,-750.0,60.0,1.0
-525,-500,1309,"Pisaurum, on R Pisaurus",12.92,43.9159,-550.0,60.0,0.8125
-525,-500,1311,"Ariminum, Etruscan Arimna, Harimne, on R Ariminus & R Ausa",12.5739,44.0623,-550.0,60.0,0.8125
-525,-500,1319,"Pomposa, Etruscan Spina, at the outlet of R Padus",12.10256,44.6943,-750.0,60.0,1.0
-525,-500,1323,Hadriani ,12.17741,44.94566,-750.0,60.0,1.0
-525,-500,1326,"Atria, Etruscan Hatria ",12.067121,45.048536,-750.0,60.0,1.0
-525,-500,1339,Altinum ,12.4077,45.5428,-550.0,60.0,0.8125
-525,-500,1345,"Eraclia, Port on R Anassum or Anaxum ",12.6573,45.6378,-1300.0,100.0,1.0
-525,-500,1347.1,,12.8872,45.6356,-1200.0,100.0,1.0
-525,-500,1348.1,,13.1286,45.7714,-1300.0,100.0,1.0
-525,-500,1348.2,,13.1542,45.7705,-1300.0,100.0,1.0
-525,-500,1349.1,,13.3203,45.7648,-1500.0,100.0,1.0
-500,-475,753.1,"Olbia, Punic port and Roman port",9.5057,40.9232,-750.0,60.0,1.0
-500,-475,756.1,Outlet of R Kaidris,9.734,40.373,-1500.0,100.0,1.0
-500,-475,765,"Caralis, Carales, on R Sulcis",9.112387,39.211683,-750.0,60.0,1.0
-500,-475,766.1,,9.005325,39.095552,-1500.0,100.0,1.0
-500,-475,766.2,,9.0236,39.0619,-1500.0,100.0,1.0
-500,-475,767,Nora ,9.01444,38.987048,-750.0,60.0,1.0
-500,-475,768,Nora ,9.012555,38.984715,-750.0,60.0,1.0
-500,-475,769,Nora ,9.012066,38.988036,-750.0,60.0,1.0
-500,-475,770,"Bitia, Bithia, Bioea ",8.8849,38.8956,-750.0,60.0,1.0
-500,-475,778,"Sulcis, Solci (export of copper?)",8.462004,39.06534,-750.0,60.0,1.0
-500,-475,780,,8.4887,39.1774,-750.0,60.0,1.0
-500,-475,781,Metalla? ,8.5002,39.394,-500.0,30.0,0.7083333333333334
-500,-475,781.1,,8.4601,39.5681,-7000.0,100.0,1.0
-500,-475,786,"Othaia, Othoca, on R Thyrsos",8.60849,39.86957,-750.0,60.0,1.0
-500,-475,786.1,,8.495,39.925,-4500.0,100.0,1.0
-500,-475,787,"Tarrai, Tharros, Tarrhos, Punic port",8.44,39.892,-750.0,60.0,1.0
-500,-475,787.1,"Tarrai, Tharros, Tarrhos, possible Nuragic port",8.4416,39.8789,-1500.0,100.0,1.0
-500,-475,788,"Tarrai, Tharros, Tarrhos",8.437959,39.859288,-750.0,60.0,1.0
-500,-475,788.1,,8.3936,39.9725,-1200.0,100.0,1.0
-500,-475,788.2,,8.3066,39.988,-1200.0,100.0,1.0
-500,-475,789,"Coracodes, Korakodes portus",8.409895,40.043873,-1200.0,100.0,1.0
-500,-475,793,Nymphaeus portus ,8.189645,40.616568,-750.0,60.0,1.0
-500,-475,803,"Turublum Minus, Lamos?, Telepylos?, possible port of the Laestrygonians and stopover of Odysseus, near famous Arktou Akra Prom.",9.275693,41.199135,-1500.0,100.0,1.0
-500,-475,811.1,"Vintimilio plagia, Album Intermilium, Albintimilium",7.6252,43.7893,-550.0,60.0,1.0
-500,-475,818,"Albingauno, Albenganum ",8.2133,44.047,-550.0,60.0,1.0
-500,-475,829,Genua,8.9284,44.411,-600.0,30.0,1.0
-500,-475,830,"archaic landing place of Genua, Etruscan Cainua?",8.94388,44.409,-1000.0,100.0,1.0
-500,-475,838,Antion ,9.546199,44.202859,-550.0,60.0,1.0
-500,-475,847,,10.28083,43.87307,-750.0,60.0,1.0
-500,-475,849,,10.32724,43.76764,-750.0,60.0,1.0
-500,-475,850,,10.33555,43.73476,-750.0,60.0,1.0
-500,-475,851,"Port of Pise, Pisa, Etruscan Pisna, Peithusa, Pithsa, on ancient R Auser, near R Arnus",10.3862,43.7211,-550.0,60.0,1.0
-500,-475,853,,10.3934,43.6386,-5000.0,100.0,1.0
-500,-475,854,"Triturrita? Turrita? Near Portus Pisanus, Pisarum emporio, Liburnus Portus, Portus Herculis Liburni, Portus Labro, Etruscan Liburna",10.3343,43.5733,-5000.0,100.0,1.0
-500,-475,858.1,,10.531,43.099,-5000.0,100.0,1.0
-500,-475,859,"Populonio, Poplonium, Etruscan Fufluna, Pupluna",10.5014,42.9924,-750.0,60.0,1.0
-500,-475,860,"Falesia, Porto Falese ",10.559041,42.934297,-5000.0,100.0,1.0
-500,-475,862,Etruscan Fullona,10.757,42.917,-700.0,30.0,1.0
-500,-475,866,"Ilva, Aithalia, Ethalie ",10.273798,42.770152,-5000.0,100.0,1.0
-500,-475,867,"Argous portus, Argoos, ",10.329861,42.813066,-750.0,60.0,1.0
-500,-475,873,,10.09386,42.59297,-5000.0,100.0,1.0
-500,-475,880.1,,11.173,42.431,-1000.0,100.0,1.0
-500,-475,885,Oglasa insula,10.309211,42.331958,-5000.0,100.0,1.0
-500,-475,888.1,,11.2774,42.4201,-1000.0,100.0,1.0
-500,-475,893,"Regis, Regae ",11.6041,42.3122,-750.0,60.0,1.0
-500,-475,896,"Graviscae, port of Tarquinia, Etruscan Tarchuna, Tarchna, possible first settlement of Etruscan people",11.7066,42.2144,-750.0,60.0,1.0
-500,-475,902.1,,11.8243,42.0446,-500.0,30.0,0.7083333333333334
-500,-475,906,"Pyrgoi, Pyrgi (also called The Towers), port of Agylle, Caere, Etruscan Chaire, Caisra, Cisra",11.9565,42.0152,-750.0,60.0,1.0
-500,-475,906.1,"Pyrgoi, Pyrgi (also called The Towers), port of Agylle, Caere, Etruscan Chaire, Caisra, Cisra",11.9604,42.015,-750.0,60.0,1.0
-500,-475,906.2,Etruscan submerged structure,11.977,41.9957,-750.0,60.0,1.0
-500,-475,909,"Alsium, port of Agylla, Caere, Coere, Etruscan Chaire, Caisra",12.100837,41.932961,-750.0,60.0,1.0
-500,-475,916,"Ostia, port of Rome",12.279848,41.75343,-640.0,20.0,1.0
-500,-475,917,Ostia,12.290905,41.75752,-750.0,60.0,1.0
-500,-475,921,Ficana,12.35306,41.80187,-750.0,60.0,1.0
-500,-475,930,"Portus Tiberinus, near Pons Aemilius, oldest archaic port of Rome, close to Foro Romano and Horrea Agrippiana",12.4809,41.8892,-753.0,10.0,1.0
-500,-475,935,Troia?,12.4685,41.6137,-550.0,60.0,1.0
-500,-475,938,Castrum Inui,12.5113,41.5803,-750.0,60.0,1.0
-500,-475,943,"Antium, Nero's port, Etruscan Anth? Caenon?",12.628393,41.442702,-750.0,60.0,1.0
-500,-475,954,"Circei, Circaeum Prom., Kirkaion, outlet of Nero's Fossa Augusta",13.1052,41.2405,-550.0,60.0,1.0
-500,-475,955,"Terracina, Tarracina, Anxur, Etruscan Tarchna, Tarkina",13.2545,41.286,-500.0,30.0,0.7083333333333334
-500,-475,957,Pontia insula,12.964786,40.894781,-750.0,60.0,1.0
-500,-475,968.1,"Marica temple, sea-port of Minturnae",13.7645,41.2265,-700.0,30.0,1.0
-500,-475,970,"Sinuessa, Sinuesa, Sinope",13.85,41.14944,-550.0,60.0,1.0
-500,-475,973,"Volturnum, on R Vulturnus",13.92,41.0186,-550.0,60.0,1.0
-500,-475,975,"Cumae, Cumes, Kyme",14.051265,40.846657,-750.0,60.0,1.0
-500,-475,977,"Pithekoussai, Pithecusae, Etruscan Inarime, first Greek (Euboian) settlement in Italy",13.885913,40.754297,-750.0,60.0,1.0
-500,-475,978,,13.879064,40.696687,-700.0,30.0,1.0
-500,-475,978.1,"Procita, Prochyta insula",14.016731,40.759068,-700.0,30.0,1.0
-500,-475,978.2,,13.992,40.74,-1500.0,100.0,1.0
-500,-475,991,"Puteoli, Dikaiarcheia, Dicearque, Flavia Colonia Augusta Puteoli, Delus Minor, in the Campi Phlegraei volcano district",14.1154,40.8216,-750.0,60.0,1.0
-500,-475,997,"Parthenope, Neapolis",14.2522,40.8398,-750.0,60.0,1.0
-500,-475,997.1,Neapolis ,14.25462,40.83927,-600.0,30.0,1.0
-500,-475,998,Neapolis ,14.2524,40.83926,-600.0,30.0,1.0
-500,-475,999.1,"Herculaneum, Etruscan Herclena",14.35,40.7998,-550.0,60.0,1.0
-500,-475,1002,"Pompeia, Porta Marina, Etruscan Pumpai",14.48226,40.74893,-750.0,60.0,1.0
-500,-475,1002.1,"Pompeia, Porta Stabia, Etruscan Pumpai",14.4908,40.7473,-750.0,60.0,1.0
-500,-475,1004,Aequana ,14.4215,40.6617,-750.0,60.0,1.0
-500,-475,1005,,14.402715,40.645818,-550.0,60.0,1.0
-500,-475,1009,"Capraria, Capreae insula",14.236593,40.557685,-550.0,60.0,1.0
-500,-475,1013.1,"Seirenoussai nesoi, Anthemoessa insulae, Anthemuse, possible Siren islands, no stopover for Odysseus",14.43365,40.5825,-750.0,60.0,1.0
-500,-475,1017,Vietri ,14.713068,40.657725,-750.0,60.0,1.0
-500,-475,1019,,14.94346,40.5352,-750.0,60.0,1.0
-500,-475,1021,"Poseïdonia, Posidonia, Paestum, on R Silarus",14.992,40.415,-750.0,60.0,1.0
-500,-475,1022,,14.990506,40.358318,-550.0,60.0,1.0
-500,-475,1024,"Velia, Elea, Portus Velinus, Hyele, near R Hales",15.157,40.1602,-535.0,10.0,1.0
-500,-475,1025,Palinurus ,15.282234,40.035658,-750.0,60.0,1.0
-500,-475,1026,"Oenotrides insulae, Molpa ",15.294659,40.026788,-750.0,60.0,1.0
-500,-475,1027,"Pyxus, near Buxentum Prom.",15.516403,40.065378,-470.0,20.0,0.0625
-500,-475,1032,,15.781146,39.81781,-750.0,60.0,1.0
-500,-475,1033,"Laos, Laus ",15.789572,39.775272,-750.0,60.0,1.0
-500,-475,1036,,15.945789,39.491704,-550.0,60.0,1.0
-500,-475,1037,Port of Pandosia,16.042302,39.301273,-550.0,60.0,1.0
-500,-475,1039,"Temesa, Temese, Tempsa, on R Sabutus",16.094554,39.027944,-750.0,60.0,1.0
-500,-475,1041,Terina ,16.2389,38.9448,-550.0,60.0,1.0
-500,-475,1047.3,,15.9718,38.7135,-1500.0,100.0,1.0
-500,-475,1049,,15.921,38.545,-750.0,60.0,1.0
-500,-475,1052,"Medma, Mesma",15.9882,38.4821,-750.0,60.0,1.0
-500,-475,1053,"Port at the outlet of R Metaurus, Metaure ",15.871137,38.421553,-750.0,60.0,1.0
-500,-475,1058,"Scyllaeum, Scylla, in front of Charybdis in Sicily, both Planktes insulae, where Odysseus possibly sailed",15.715,38.259,-750.0,60.0,1.0
-500,-475,1059,Kainys ,15.6354,38.2322,-550.0,60.0,1.0
-500,-475,1061,"Rhegium, Rhegion",15.634658,38.109425,-740.0,20.0,1.0
-500,-475,1068,Altanum? ,16.177826,38.141495,-550.0,60.0,1.0
-500,-475,1069,"Lokroi Epizephyrioi, Locri Epizefiri, Locres ",16.2368,38.2077,-750.0,60.0,1.0
-500,-475,1071,"Amphissa, Santo Onofrio ",16.413143,38.318166,-750.0,60.0,1.0
-500,-475,1072,"Kaulonia, Caulonia, Aulonia, Stilida",16.5787,38.4454,-750.0,60.0,1.0
-500,-475,1075,"Scylletium, Scolacium ",16.5952,38.8076,-550.0,60.0,1.0
-500,-475,1080,,17.16869,38.95411,-750.0,60.0,1.0
-500,-475,1082,"Kroton, Crotone, on R Aisaros",17.126348,39.085539,-750.0,60.0,1.0
-500,-475,1084,Krimisa?,17.140861,39.370149,-750.0,60.0,1.0
-500,-475,1085,"Temple of Apollo Alaeus, port of Aesarus ",17.1466,39.39654,-750.0,60.0,1.0
-500,-475,1090,"archaic Sybaris, on R Sybaris and R Crathis, Thourioi, Thurii, Copia",16.491191,39.717044,-720.0,20.0,1.0
-500,-475,1091,,16.538059,39.865106,-1500.0,100.0,1.0
-500,-475,1093,,16.60264,40.04726,-550.0,60.0,1.0
-500,-475,1097,"Siris, on R Siris",16.6682,40.1658,-750.0,60.0,1.0
-500,-475,1098,"Heraclea, Heraclee ",16.67,40.22,-550.0,60.0,1.0
-500,-475,1098.0999999999999,,16.6642,40.2934,-1500.0,100.0,1.0
-500,-475,1099,"Metapontum, Metaponte",16.8352,40.3728,-750.0,60.0,1.0
-500,-475,1100,"Tarentum, Taras, Neptuna",17.228144,40.472032,-750.0,60.0,1.0
-500,-475,1103,"Satyrion, Saturnum ",17.30396,40.37282,-1500.0,100.0,1.0
-500,-475,1105,Port Sasina ,17.896215,40.25706,-750.0,60.0,1.0
-500,-475,1106,Port of Neretum,17.983673,40.137046,-750.0,60.0,1.0
-500,-475,1107,"Kallipolis, Callipolis, Anxa ",17.979931,40.054413,-750.0,60.0,1.0
-500,-475,1110,"Portus Sallentinus, Leuke, near Iapygia Prom.",18.362675,39.792157,-750.0,60.0,1.0
-500,-475,1112,"Zancle, Zankle, Messana, Messene",15.560811,38.192865,-730.0,20.0,1.0
-500,-475,1113,,15.536584,38.145129,-750.0,60.0,1.0
-500,-475,1116,Tauromenium ,15.302,37.848,-550.0,60.0,1.0
-500,-475,1117,"Naxos, Naxus ",15.2694,37.8239,-470.0,20.0,0.0625
-500,-475,1118,"Archaic Naxos, near R Akesines",15.2694,37.8193,-734.0,10.0,1.0
-500,-475,1123,"Katane, Catina ",15.0873,37.5024,-750.0,60.0,1.0
-500,-475,1123.2,"Leontinoi, on R Terias",14.998,37.2855,-750.0,60.0,1.0
-500,-475,1124,,15.132834,37.310011,-750.0,60.0,1.0
-500,-475,1126,"Megara Hyblaea, on R Alabon",15.183741,37.205772,-750.0,60.0,1.0
-500,-475,1127,"Tapsus, Thapsos ",15.228473,37.145257,-1200.0,100.0,1.0
-500,-475,1128,"Leon, landing place of Athenian fleet in 414 BC",15.2615,37.1076,-4000.0,100.0,1.0
-500,-475,1132,"Syracuse, ""Large Port"", on the isle of Sikelia, Sicania, Trinacria, major Greek (Corinthian) settlement in Sicily",15.288,37.06,-733.0,10.0,1.0
-500,-475,1138,Portus Naustathamus?,15.214525,36.95611,-750.0,60.0,1.0
-500,-475,1140,"Helorus, Elorus, on R Helorus",15.1075,36.8422,-750.0,60.0,1.0
-500,-475,1146,R Hirminum,14.594,36.771,-750.0,60.0,1.0
-500,-475,1148,"Kamarina, on R Hipparis",14.440957,36.866878,-598.0,10.0,1.0
-500,-475,1150,,14.3,37.032,-550.0,60.0,1.0
-500,-475,1152,"Gela, on R Gela",14.2583,37.063,-688.0,10.0,1.0
-500,-475,1154,,14.197,37.0842,-750.0,60.0,1.0
-500,-475,1155,"Port of Maktorion, Mactorium?",14.138661,37.100201,-750.0,60.0,1.0
-500,-475,1158,,13.881,37.102,-750.0,60.0,1.0
-500,-475,1160,,13.780019,37.144488,-750.0,60.0,1.0
-500,-475,1161,,13.695341,37.17957,-550.0,60.0,1.0
-500,-475,1162.0999999999999,,13.624,37.233,-1400.0,100.0,1.0
-500,-475,1163,"Agrakas, Akragas, Agrigentum, on R Hypsas",13.581,37.2687,-580.0,20.0,1.0
-500,-475,1166,"Heraclea Minoa, on R Halycus",13.28,37.3937,-750.0,60.0,1.0
-500,-475,1167,,13.256671,37.414943,-750.0,60.0,1.0
-500,-475,1169,"Selinus, Selinunt, Selinonte east port",12.8294,37.5845,-650.0,30.0,1.0
-500,-475,1170,"Selinus, Selinunt, Selinonte west port, on R Selinon",12.82116,37.5828,-650.0,30.0,1.0
-500,-475,1171,"Mazara, on R Mazara",12.587605,37.644211,-550.0,60.0,1.0
-500,-475,1172,"Lilybaion, Lilybee South port?",12.43,37.7937,-750.0,60.0,1.0
-500,-475,1173,"Lilybaion, Lilybee Main port",12.428115,37.808131,-750.0,60.0,1.0
-500,-475,1174,"Lilybaion, Lilybee North port?",12.443337,37.8124,-750.0,60.0,1.0
-500,-475,1176,"Motye, Motya",12.4646,37.8641,-750.0,60.0,1.0
-500,-475,1177,"Aigousa insula, anchorage of Roman fleet before the famous battle of the Egadi Islands (10 March 241 BC), Odysseus' port of the Cyclops? ",12.322489,37.934044,-750.0,60.0,1.0
-500,-475,1180,"Bucinna, Phorbantia insula",12.321625,38.00168,-10000.0,100.0,1.0
-500,-475,1182,"Port of Erix, Eryx, Erice, Carthaginian base camp during the famous battle of the Egadi Islands (10 March 241 BC)",12.58963,38.070435,-550.0,60.0,1.0
-500,-475,1187,,13.182596,38.71968,-1500.0,100.0,1.0
-500,-475,1189,"Panhormus, Panorme",13.368583,38.120398,-750.0,60.0,1.0
-500,-475,1190,"Solus, port of Solonte ",13.542862,38.081694,-750.0,60.0,1.0
-500,-475,1191,"Thermai, Thermae Himeraeae, on R Thermos",13.690394,37.993991,-550.0,60.0,1.0
-500,-475,1193,"Himera, Himere, on R Himeras",13.8215,37.9683,-729.0,10.0,1.0
-500,-475,1195,"Cephaloedium, Cephalidium ",14.024107,38.043883,-550.0,60.0,1.0
-500,-475,1197,"Kale Akte, Calate ",14.448292,38.036496,-550.0,60.0,1.0
-500,-475,1199,Agathyrnum ,14.752,38.164,-550.0,60.0,1.0
-500,-475,1203,"Celsina, Phoenicusa, Phoinikoussa insula",14.5883,38.5569,-1500.0,100.0,1.0
-500,-475,1204,Didyma insula,14.8696,38.5739,-1500.0,100.0,1.0
-500,-475,1205,"Lipara on Liparos insula, Meligounis nesos",14.9568,38.4717,-1500.0,100.0,1.0
-500,-475,1206,"Heraclea, Hiera Thermessa insula,  Hiera Hephaistou insula",14.966446,38.416361,-550.0,60.0,1.0
-500,-475,1207,"Aegina, Euonymus insula",15.0636,38.6256,-1500.0,100.0,1.0
-500,-475,1209,"Strongilos, Eolie, possibly Odysseus' stopover on the isle of Aeolos",15.244209,38.797457,-1500.0,100.0,1.0
-500,-475,1210,Tyndaris ,15.044,38.1433,-550.0,60.0,1.0
-500,-475,1212,"Myle, Mylae ",15.2428,38.2177,-750.0,60.0,1.0
-500,-475,1242,"Castrum Minerva, Port of Venus, Limen Aphrodites, Athenaion ",18.435411,40.011636,-550.0,60.0,1.0
-500,-475,1243,"Hydros, Hydruntum, Otrante ",18.490869,40.148182,-750.0,60.0,1.0
-500,-475,1244,Port Tarentin ,18.4263,40.2871,-1500.0,100.0,1.0
-500,-475,1245,,18.409136,40.301208,-750.0,60.0,1.0
-500,-475,1247,"Brindes, Brentesium, Brundisium, Bronduse",17.948953,40.641441,-750.0,60.0,1.0
-500,-475,1249,,17.7983,40.7137,-750.0,60.0,1.0
-500,-475,1250.0999999999999,Karbina,17.6983,40.7596,-1500.0,100.0,1.0
-500,-475,1252,Gnathia ,17.391,40.8896,-750.0,60.0,1.0
-500,-475,1257,,16.997139,41.090957,-750.0,60.0,1.0
-500,-475,1263.0999999999999,,16.0811,41.3592,-1500.0,100.0,1.0
-500,-475,1267,,15.8378,41.519,-750.0,60.0,1.0
-500,-475,1268,"Coppa Nevigatta, on R Aquilo",15.8338,41.558,-5000.0,100.0,1.0
-500,-475,1271,"Apanestae, Apeneste",16.06038,41.69375,-750.0,60.0,1.0
-500,-475,1274,"Portus Aggasus, Port Agasus ",16.183,41.885,-550.0,60.0,1.0
-500,-475,1284,,15.05334,41.93962,-750.0,60.0,1.0
-500,-475,1288,"Histonium, Istonium ",14.7205,42.1188,-550.0,60.0,1.0
-500,-475,1291,"Gualdi, port of Anxanum ",14.4434,42.3103,-550.0,60.0,1.0
-500,-475,1298,Cupra Maritima,13.8534,43.034,-750.0,60.0,1.0
-500,-475,1302,Numana ,13.628195,43.50729,-750.0,60.0,1.0
-500,-475,1306,,13.175681,43.75246,-750.0,60.0,1.0
-500,-475,1309,"Pisaurum, on R Pisaurus",12.92,43.9159,-550.0,60.0,1.0
-500,-475,1311,"Ariminum, Etruscan Arimna, Harimne, on R Ariminus & R Ausa",12.5739,44.0623,-550.0,60.0,1.0
-500,-475,1319,"Pomposa, Etruscan Spina, at the outlet of R Padus",12.10256,44.6943,-750.0,60.0,1.0
-500,-475,1323,Hadriani ,12.17741,44.94566,-750.0,60.0,1.0
-500,-475,1326,"Atria, Etruscan Hatria ",12.067121,45.048536,-750.0,60.0,1.0
-500,-475,1339,Altinum ,12.4077,45.5428,-550.0,60.0,1.0
-500,-475,1345,"Eraclia, Port on R Anassum or Anaxum ",12.6573,45.6378,-1300.0,100.0,1.0
-500,-475,1347.1,,12.8872,45.6356,-1200.0,100.0,1.0
-500,-475,1348.1,,13.1286,45.7714,-1300.0,100.0,1.0
-500,-475,1348.2,,13.1542,45.7705,-1300.0,100.0,1.0
-500,-475,1349.1,,13.3203,45.7648,-1500.0,100.0,1.0
-475,-450,753.1,"Olbia, Punic port and Roman port",9.5057,40.9232,-750.0,60.0,1.0
-475,-450,756.1,Outlet of R Kaidris,9.734,40.373,-1500.0,100.0,1.0
-475,-450,765,"Caralis, Carales, on R Sulcis",9.112387,39.211683,-750.0,60.0,1.0
-475,-450,766.1,,9.005325,39.095552,-1500.0,100.0,1.0
-475,-450,766.2,,9.0236,39.0619,-1500.0,100.0,1.0
-475,-450,767,Nora ,9.01444,38.987048,-750.0,60.0,1.0
-475,-450,768,Nora ,9.012555,38.984715,-750.0,60.0,1.0
-475,-450,769,Nora ,9.012066,38.988036,-750.0,60.0,1.0
-475,-450,770,"Bitia, Bithia, Bioea ",8.8849,38.8956,-750.0,60.0,1.0
-475,-450,778,"Sulcis, Solci (export of copper?)",8.462004,39.06534,-750.0,60.0,1.0
-475,-450,780,,8.4887,39.1774,-750.0,60.0,1.0
-475,-450,781,Metalla? ,8.5002,39.394,-500.0,30.0,1.0
-475,-450,781.1,,8.4601,39.5681,-7000.0,100.0,1.0
-475,-450,786,"Othaia, Othoca, on R Thyrsos",8.60849,39.86957,-750.0,60.0,1.0
-475,-450,786.1,,8.495,39.925,-4500.0,100.0,1.0
-475,-450,787,"Tarrai, Tharros, Tarrhos, Punic port",8.44,39.892,-750.0,60.0,1.0
-475,-450,787.1,"Tarrai, Tharros, Tarrhos, possible Nuragic port",8.4416,39.8789,-1500.0,100.0,1.0
-475,-450,788,"Tarrai, Tharros, Tarrhos",8.437959,39.859288,-750.0,60.0,1.0
-475,-450,788.1,,8.3936,39.9725,-1200.0,100.0,1.0
-475,-450,788.2,,8.3066,39.988,-1200.0,100.0,1.0
-475,-450,789,"Coracodes, Korakodes portus",8.409895,40.043873,-1200.0,100.0,1.0
-475,-450,793,Nymphaeus portus ,8.189645,40.616568,-750.0,60.0,1.0
-475,-450,803,"Turublum Minus, Lamos?, Telepylos?, possible port of the Laestrygonians and stopover of Odysseus, near famous Arktou Akra Prom.",9.275693,41.199135,-1500.0,100.0,1.0
-475,-450,811.1,"Vintimilio plagia, Album Intermilium, Albintimilium",7.6252,43.7893,-550.0,60.0,1.0
-475,-450,818,"Albingauno, Albenganum ",8.2133,44.047,-550.0,60.0,1.0
-475,-450,829,Genua,8.9284,44.411,-600.0,30.0,1.0
-475,-450,830,"archaic landing place of Genua, Etruscan Cainua?",8.94388,44.409,-1000.0,100.0,1.0
-475,-450,838,Antion ,9.546199,44.202859,-550.0,60.0,1.0
-475,-450,847,,10.28083,43.87307,-750.0,60.0,1.0
-475,-450,849,,10.32724,43.76764,-750.0,60.0,1.0
-475,-450,850,,10.33555,43.73476,-750.0,60.0,1.0
-475,-450,851,"Port of Pise, Pisa, Etruscan Pisna, Peithusa, Pithsa, on ancient R Auser, near R Arnus",10.3862,43.7211,-550.0,60.0,1.0
-475,-450,853,,10.3934,43.6386,-5000.0,100.0,1.0
-475,-450,854,"Triturrita? Turrita? Near Portus Pisanus, Pisarum emporio, Liburnus Portus, Portus Herculis Liburni, Portus Labro, Etruscan Liburna",10.3343,43.5733,-5000.0,100.0,1.0
-475,-450,858.1,,10.531,43.099,-5000.0,100.0,1.0
-475,-450,859,"Populonio, Poplonium, Etruscan Fufluna, Pupluna",10.5014,42.9924,-750.0,60.0,1.0
-475,-450,860,"Falesia, Porto Falese ",10.559041,42.934297,-5000.0,100.0,1.0
-475,-450,862,Etruscan Fullona,10.757,42.917,-700.0,30.0,1.0
-475,-450,866,"Ilva, Aithalia, Ethalie ",10.273798,42.770152,-5000.0,100.0,1.0
-475,-450,867,"Argous portus, Argoos, ",10.329861,42.813066,-750.0,60.0,1.0
-475,-450,873,,10.09386,42.59297,-5000.0,100.0,1.0
-475,-450,880.1,,11.173,42.431,-1000.0,100.0,1.0
-475,-450,885,Oglasa insula,10.309211,42.331958,-5000.0,100.0,1.0
-475,-450,888.1,,11.2774,42.4201,-1000.0,100.0,1.0
-475,-450,893,"Regis, Regae ",11.6041,42.3122,-750.0,60.0,1.0
-475,-450,896,"Graviscae, port of Tarquinia, Etruscan Tarchuna, Tarchna, possible first settlement of Etruscan people",11.7066,42.2144,-750.0,60.0,1.0
-475,-450,902.1,,11.8243,42.0446,-500.0,30.0,1.0
-475,-450,906,"Pyrgoi, Pyrgi (also called The Towers), port of Agylle, Caere, Etruscan Chaire, Caisra, Cisra",11.9565,42.0152,-750.0,60.0,1.0
-475,-450,906.1,"Pyrgoi, Pyrgi (also called The Towers), port of Agylle, Caere, Etruscan Chaire, Caisra, Cisra",11.9604,42.015,-750.0,60.0,1.0
-475,-450,906.2,Etruscan submerged structure,11.977,41.9957,-750.0,60.0,1.0
-475,-450,909,"Alsium, port of Agylla, Caere, Coere, Etruscan Chaire, Caisra",12.100837,41.932961,-750.0,60.0,1.0
-475,-450,916,"Ostia, port of Rome",12.279848,41.75343,-640.0,20.0,1.0
-475,-450,917,Ostia,12.290905,41.75752,-750.0,60.0,1.0
-475,-450,921,Ficana,12.35306,41.80187,-750.0,60.0,1.0
-475,-450,930,"Portus Tiberinus, near Pons Aemilius, oldest archaic port of Rome, close to Foro Romano and Horrea Agrippiana",12.4809,41.8892,-753.0,10.0,1.0
-475,-450,935,Troia?,12.4685,41.6137,-550.0,60.0,1.0
-475,-450,938,Castrum Inui,12.5113,41.5803,-750.0,60.0,1.0
-475,-450,943,"Antium, Nero's port, Etruscan Anth? Caenon?",12.628393,41.442702,-750.0,60.0,1.0
-475,-450,954,"Circei, Circaeum Prom., Kirkaion, outlet of Nero's Fossa Augusta",13.1052,41.2405,-550.0,60.0,1.0
-475,-450,955,"Terracina, Tarracina, Anxur, Etruscan Tarchna, Tarkina",13.2545,41.286,-500.0,30.0,1.0
-475,-450,957,Pontia insula,12.964786,40.894781,-750.0,60.0,1.0
-475,-450,968.1,"Marica temple, sea-port of Minturnae",13.7645,41.2265,-700.0,30.0,1.0
-475,-450,970,"Sinuessa, Sinuesa, Sinope",13.85,41.14944,-550.0,60.0,1.0
-475,-450,973,"Volturnum, on R Vulturnus",13.92,41.0186,-550.0,60.0,1.0
-475,-450,975,"Cumae, Cumes, Kyme",14.051265,40.846657,-750.0,60.0,1.0
-475,-450,977,"Pithekoussai, Pithecusae, Etruscan Inarime, first Greek (Euboian) settlement in Italy",13.885913,40.754297,-750.0,60.0,1.0
-475,-450,978,,13.879064,40.696687,-700.0,30.0,1.0
-475,-450,978.1,"Procita, Prochyta insula",14.016731,40.759068,-700.0,30.0,1.0
-475,-450,978.2,,13.992,40.74,-1500.0,100.0,1.0
-475,-450,991,"Puteoli, Dikaiarcheia, Dicearque, Flavia Colonia Augusta Puteoli, Delus Minor, in the Campi Phlegraei volcano district",14.1154,40.8216,-750.0,60.0,1.0
-475,-450,997,"Parthenope, Neapolis",14.2522,40.8398,-750.0,60.0,1.0
-475,-450,997.1,Neapolis ,14.25462,40.83927,-600.0,30.0,1.0
-475,-450,998,Neapolis ,14.2524,40.83926,-600.0,30.0,1.0
-475,-450,999.1,"Herculaneum, Etruscan Herclena",14.35,40.7998,-550.0,60.0,1.0
-475,-450,1002,"Pompeia, Porta Marina, Etruscan Pumpai",14.48226,40.74893,-750.0,60.0,1.0
-475,-450,1002.1,"Pompeia, Porta Stabia, Etruscan Pumpai",14.4908,40.7473,-750.0,60.0,1.0
-475,-450,1004,Aequana ,14.4215,40.6617,-750.0,60.0,1.0
-475,-450,1005,,14.402715,40.645818,-550.0,60.0,1.0
-475,-450,1009,"Capraria, Capreae insula",14.236593,40.557685,-550.0,60.0,1.0
-475,-450,1013.1,"Seirenoussai nesoi, Anthemoessa insulae, Anthemuse, possible Siren islands, no stopover for Odysseus",14.43365,40.5825,-750.0,60.0,1.0
-475,-450,1017,Vietri ,14.713068,40.657725,-750.0,60.0,1.0
-475,-450,1019,,14.94346,40.5352,-750.0,60.0,1.0
-475,-450,1021,"Poseïdonia, Posidonia, Paestum, on R Silarus",14.992,40.415,-750.0,60.0,1.0
-475,-450,1022,,14.990506,40.358318,-550.0,60.0,1.0
-475,-450,1024,"Velia, Elea, Portus Velinus, Hyele, near R Hales",15.157,40.1602,-535.0,10.0,1.0
-475,-450,1025,Palinurus ,15.282234,40.035658,-750.0,60.0,1.0
-475,-450,1026,"Oenotrides insulae, Molpa ",15.294659,40.026788,-750.0,60.0,1.0
-475,-450,1027,"Pyxus, near Buxentum Prom.",15.516403,40.065378,-470.0,20.0,0.6875
-475,-450,1032,,15.781146,39.81781,-750.0,60.0,1.0
-475,-450,1033,"Laos, Laus ",15.789572,39.775272,-750.0,60.0,1.0
-475,-450,1036,,15.945789,39.491704,-550.0,60.0,1.0
-475,-450,1037,Port of Pandosia,16.042302,39.301273,-550.0,60.0,1.0
-475,-450,1039,"Temesa, Temese, Tempsa, on R Sabutus",16.094554,39.027944,-750.0,60.0,1.0
-475,-450,1041,Terina ,16.2389,38.9448,-550.0,60.0,1.0
-475,-450,1047.3,,15.9718,38.7135,-1500.0,100.0,1.0
-475,-450,1049,,15.921,38.545,-750.0,60.0,1.0
-475,-450,1052,"Medma, Mesma",15.9882,38.4821,-750.0,60.0,1.0
-475,-450,1053,"Port at the outlet of R Metaurus, Metaure ",15.871137,38.421553,-750.0,60.0,1.0
-475,-450,1058,"Scyllaeum, Scylla, in front of Charybdis in Sicily, both Planktes insulae, where Odysseus possibly sailed",15.715,38.259,-750.0,60.0,1.0
-475,-450,1059,Kainys ,15.6354,38.2322,-550.0,60.0,1.0
-475,-450,1061,"Rhegium, Rhegion",15.634658,38.109425,-740.0,20.0,1.0
-475,-450,1068,Altanum? ,16.177826,38.141495,-550.0,60.0,1.0
-475,-450,1069,"Lokroi Epizephyrioi, Locri Epizefiri, Locres ",16.2368,38.2077,-750.0,60.0,1.0
-475,-450,1071,"Amphissa, Santo Onofrio ",16.413143,38.318166,-750.0,60.0,1.0
-475,-450,1072,"Kaulonia, Caulonia, Aulonia, Stilida",16.5787,38.4454,-750.0,60.0,1.0
-475,-450,1075,"Scylletium, Scolacium ",16.5952,38.8076,-550.0,60.0,1.0
-475,-450,1080,,17.16869,38.95411,-750.0,60.0,1.0
-475,-450,1082,"Kroton, Crotone, on R Aisaros",17.126348,39.085539,-750.0,60.0,1.0
-475,-450,1084,Krimisa?,17.140861,39.370149,-750.0,60.0,1.0
-475,-450,1085,"Temple of Apollo Alaeus, port of Aesarus ",17.1466,39.39654,-750.0,60.0,1.0
-475,-450,1090,"archaic Sybaris, on R Sybaris and R Crathis, Thourioi, Thurii, Copia",16.491191,39.717044,-720.0,20.0,1.0
-475,-450,1091,,16.538059,39.865106,-1500.0,100.0,1.0
-475,-450,1093,,16.60264,40.04726,-550.0,60.0,1.0
-475,-450,1097,"Siris, on R Siris",16.6682,40.1658,-750.0,60.0,1.0
-475,-450,1098,"Heraclea, Heraclee ",16.67,40.22,-550.0,60.0,1.0
-475,-450,1098.0999999999999,,16.6642,40.2934,-1500.0,100.0,1.0
-475,-450,1099,"Metapontum, Metaponte",16.8352,40.3728,-750.0,60.0,1.0
-475,-450,1100,"Tarentum, Taras, Neptuna",17.228144,40.472032,-750.0,60.0,1.0
-475,-450,1103,"Satyrion, Saturnum ",17.30396,40.37282,-1500.0,100.0,1.0
-475,-450,1105,Port Sasina ,17.896215,40.25706,-750.0,60.0,1.0
-475,-450,1106,Port of Neretum,17.983673,40.137046,-750.0,60.0,1.0
-475,-450,1107,"Kallipolis, Callipolis, Anxa ",17.979931,40.054413,-750.0,60.0,1.0
-475,-450,1110,"Portus Sallentinus, Leuke, near Iapygia Prom.",18.362675,39.792157,-750.0,60.0,1.0
-475,-450,1112,"Zancle, Zankle, Messana, Messene",15.560811,38.192865,-730.0,20.0,1.0
-475,-450,1113,,15.536584,38.145129,-750.0,60.0,1.0
-475,-450,1116,Tauromenium ,15.302,37.848,-550.0,60.0,1.0
-475,-450,1117,"Naxos, Naxus ",15.2694,37.8239,-470.0,20.0,0.6875
-475,-450,1118,"Archaic Naxos, near R Akesines",15.2694,37.8193,-734.0,10.0,1.0
-475,-450,1123,"Katane, Catina ",15.0873,37.5024,-750.0,60.0,1.0
-475,-450,1123.2,"Leontinoi, on R Terias",14.998,37.2855,-750.0,60.0,1.0
-475,-450,1124,,15.132834,37.310011,-750.0,60.0,1.0
-475,-450,1126,"Megara Hyblaea, on R Alabon",15.183741,37.205772,-750.0,60.0,1.0
-475,-450,1127,"Tapsus, Thapsos ",15.228473,37.145257,-1200.0,100.0,1.0
-475,-450,1128,"Leon, landing place of Athenian fleet in 414 BC",15.2615,37.1076,-4000.0,100.0,1.0
-475,-450,1132,"Syracuse, ""Large Port"", on the isle of Sikelia, Sicania, Trinacria, major Greek (Corinthian) settlement in Sicily",15.288,37.06,-733.0,10.0,1.0
-475,-450,1138,Portus Naustathamus?,15.214525,36.95611,-750.0,60.0,1.0
-475,-450,1140,"Helorus, Elorus, on R Helorus",15.1075,36.8422,-750.0,60.0,1.0
-475,-450,1146,R Hirminum,14.594,36.771,-750.0,60.0,1.0
-475,-450,1148,"Kamarina, on R Hipparis",14.440957,36.866878,-598.0,10.0,1.0
-475,-450,1150,,14.3,37.032,-550.0,60.0,1.0
-475,-450,1152,"Gela, on R Gela",14.2583,37.063,-688.0,10.0,1.0
-475,-450,1154,,14.197,37.0842,-750.0,60.0,1.0
-475,-450,1155,"Port of Maktorion, Mactorium?",14.138661,37.100201,-750.0,60.0,1.0
-475,-450,1158,,13.881,37.102,-750.0,60.0,1.0
-475,-450,1160,,13.780019,37.144488,-750.0,60.0,1.0
-475,-450,1161,,13.695341,37.17957,-550.0,60.0,1.0
-475,-450,1162.0999999999999,,13.624,37.233,-1400.0,100.0,1.0
-475,-450,1163,"Agrakas, Akragas, Agrigentum, on R Hypsas",13.581,37.2687,-580.0,20.0,1.0
-475,-450,1166,"Heraclea Minoa, on R Halycus",13.28,37.3937,-750.0,60.0,1.0
-475,-450,1167,,13.256671,37.414943,-750.0,60.0,1.0
-475,-450,1169,"Selinus, Selinunt, Selinonte east port",12.8294,37.5845,-650.0,30.0,1.0
-475,-450,1170,"Selinus, Selinunt, Selinonte west port, on R Selinon",12.82116,37.5828,-650.0,30.0,1.0
-475,-450,1171,"Mazara, on R Mazara",12.587605,37.644211,-550.0,60.0,1.0
-475,-450,1172,"Lilybaion, Lilybee South port?",12.43,37.7937,-750.0,60.0,1.0
-475,-450,1173,"Lilybaion, Lilybee Main port",12.428115,37.808131,-750.0,60.0,1.0
-475,-450,1174,"Lilybaion, Lilybee North port?",12.443337,37.8124,-750.0,60.0,1.0
-475,-450,1176,"Motye, Motya",12.4646,37.8641,-750.0,60.0,1.0
-475,-450,1177,"Aigousa insula, anchorage of Roman fleet before the famous battle of the Egadi Islands (10 March 241 BC), Odysseus' port of the Cyclops? ",12.322489,37.934044,-750.0,60.0,1.0
-475,-450,1180,"Bucinna, Phorbantia insula",12.321625,38.00168,-10000.0,100.0,1.0
-475,-450,1182,"Port of Erix, Eryx, Erice, Carthaginian base camp during the famous battle of the Egadi Islands (10 March 241 BC)",12.58963,38.070435,-550.0,60.0,1.0
-475,-450,1187,,13.182596,38.71968,-1500.0,100.0,1.0
-475,-450,1189,"Panhormus, Panorme",13.368583,38.120398,-750.0,60.0,1.0
-475,-450,1190,"Solus, port of Solonte ",13.542862,38.081694,-750.0,60.0,1.0
-475,-450,1191,"Thermai, Thermae Himeraeae, on R Thermos",13.690394,37.993991,-550.0,60.0,1.0
-475,-450,1193,"Himera, Himere, on R Himeras",13.8215,37.9683,-729.0,10.0,1.0
-475,-450,1195,"Cephaloedium, Cephalidium ",14.024107,38.043883,-550.0,60.0,1.0
-475,-450,1197,"Kale Akte, Calate ",14.448292,38.036496,-550.0,60.0,1.0
-475,-450,1199,Agathyrnum ,14.752,38.164,-550.0,60.0,1.0
-475,-450,1203,"Celsina, Phoenicusa, Phoinikoussa insula",14.5883,38.5569,-1500.0,100.0,1.0
-475,-450,1204,Didyma insula,14.8696,38.5739,-1500.0,100.0,1.0
-475,-450,1205,"Lipara on Liparos insula, Meligounis nesos",14.9568,38.4717,-1500.0,100.0,1.0
-475,-450,1206,"Heraclea, Hiera Thermessa insula,  Hiera Hephaistou insula",14.966446,38.416361,-550.0,60.0,1.0
-475,-450,1207,"Aegina, Euonymus insula",15.0636,38.6256,-1500.0,100.0,1.0
-475,-450,1209,"Strongilos, Eolie, possibly Odysseus' stopover on the isle of Aeolos",15.244209,38.797457,-1500.0,100.0,1.0
-475,-450,1210,Tyndaris ,15.044,38.1433,-550.0,60.0,1.0
-475,-450,1212,"Myle, Mylae ",15.2428,38.2177,-750.0,60.0,1.0
-475,-450,1242,"Castrum Minerva, Port of Venus, Limen Aphrodites, Athenaion ",18.435411,40.011636,-550.0,60.0,1.0
-475,-450,1243,"Hydros, Hydruntum, Otrante ",18.490869,40.148182,-750.0,60.0,1.0
-475,-450,1244,Port Tarentin ,18.4263,40.2871,-1500.0,100.0,1.0
-475,-450,1245,,18.409136,40.301208,-750.0,60.0,1.0
-475,-450,1247,"Brindes, Brentesium, Brundisium, Bronduse",17.948953,40.641441,-750.0,60.0,1.0
-475,-450,1249,,17.7983,40.7137,-750.0,60.0,1.0
-475,-450,1250.0999999999999,Karbina,17.6983,40.7596,-1500.0,100.0,1.0
-475,-450,1252,Gnathia ,17.391,40.8896,-750.0,60.0,1.0
-475,-450,1257,,16.997139,41.090957,-750.0,60.0,1.0
-475,-450,1263.0999999999999,,16.0811,41.3592,-1500.0,100.0,1.0
-475,-450,1267,,15.8378,41.519,-750.0,60.0,1.0
-475,-450,1268,"Coppa Nevigatta, on R Aquilo",15.8338,41.558,-5000.0,100.0,1.0
-475,-450,1271,"Apanestae, Apeneste",16.06038,41.69375,-750.0,60.0,1.0
-475,-450,1274,"Portus Aggasus, Port Agasus ",16.183,41.885,-550.0,60.0,1.0
-475,-450,1284,,15.05334,41.93962,-750.0,60.0,1.0
-475,-450,1288,"Histonium, Istonium ",14.7205,42.1188,-550.0,60.0,1.0
-475,-450,1291,"Gualdi, port of Anxanum ",14.4434,42.3103,-550.0,60.0,1.0
-475,-450,1298,Cupra Maritima,13.8534,43.034,-750.0,60.0,1.0
-475,-450,1302,Numana ,13.628195,43.50729,-750.0,60.0,1.0
-475,-450,1306,,13.175681,43.75246,-750.0,60.0,1.0
-475,-450,1309,"Pisaurum, on R Pisaurus",12.92,43.9159,-550.0,60.0,1.0
-475,-450,1311,"Ariminum, Etruscan Arimna, Harimne, on R Ariminus & R Ausa",12.5739,44.0623,-550.0,60.0,1.0
-475,-450,1319,"Pomposa, Etruscan Spina, at the outlet of R Padus",12.10256,44.6943,-750.0,60.0,1.0
-475,-450,1323,Hadriani ,12.17741,44.94566,-750.0,60.0,1.0
-475,-450,1326,"Atria, Etruscan Hatria ",12.067121,45.048536,-750.0,60.0,1.0
-475,-450,1339,Altinum ,12.4077,45.5428,-550.0,60.0,1.0
-475,-450,1345,"Eraclia, Port on R Anassum or Anaxum ",12.6573,45.6378,-1300.0,100.0,1.0
-475,-450,1347.1,,12.8872,45.6356,-1200.0,100.0,1.0
-475,-450,1348.1,,13.1286,45.7714,-1300.0,100.0,1.0
-475,-450,1348.2,,13.1542,45.7705,-1300.0,100.0,1.0
-475,-450,1349.1,,13.3203,45.7648,-1500.0,100.0,1.0
-450,-425,753.1,"Olbia, Punic port and Roman port",9.5057,40.9232,-750.0,60.0,1.0
-450,-425,756.1,Outlet of R Kaidris,9.734,40.373,-1500.0,100.0,1.0
-450,-425,765,"Caralis, Carales, on R Sulcis",9.112387,39.211683,-750.0,60.0,1.0
-450,-425,766.1,,9.005325,39.095552,-1500.0,100.0,1.0
-450,-425,766.2,,9.0236,39.0619,-1500.0,100.0,1.0
-450,-425,767,Nora ,9.01444,38.987048,-750.0,60.0,1.0
-450,-425,768,Nora ,9.012555,38.984715,-750.0,60.0,1.0
-450,-425,769,Nora ,9.012066,38.988036,-750.0,60.0,1.0
-450,-425,770,"Bitia, Bithia, Bioea ",8.8849,38.8956,-750.0,60.0,1.0
-450,-425,778,"Sulcis, Solci (export of copper?)",8.462004,39.06534,-750.0,60.0,1.0
-450,-425,780,,8.4887,39.1774,-750.0,60.0,1.0
-450,-425,781,Metalla? ,8.5002,39.394,-500.0,30.0,1.0
-450,-425,781.1,,8.4601,39.5681,-7000.0,100.0,1.0
-450,-425,786,"Othaia, Othoca, on R Thyrsos",8.60849,39.86957,-750.0,60.0,1.0
-450,-425,786.1,,8.495,39.925,-4500.0,100.0,1.0
-450,-425,787,"Tarrai, Tharros, Tarrhos, Punic port",8.44,39.892,-750.0,60.0,1.0
-450,-425,787.1,"Tarrai, Tharros, Tarrhos, possible Nuragic port",8.4416,39.8789,-1500.0,100.0,1.0
-450,-425,788,"Tarrai, Tharros, Tarrhos",8.437959,39.859288,-750.0,60.0,1.0
-450,-425,788.1,,8.3936,39.9725,-1200.0,100.0,1.0
-450,-425,788.2,,8.3066,39.988,-1200.0,100.0,1.0
-450,-425,789,"Coracodes, Korakodes portus",8.409895,40.043873,-1200.0,100.0,1.0
-450,-425,793,Nymphaeus portus ,8.189645,40.616568,-750.0,60.0,1.0
-450,-425,803,"Turublum Minus, Lamos?, Telepylos?, possible port of the Laestrygonians and stopover of Odysseus, near famous Arktou Akra Prom.",9.275693,41.199135,-1500.0,100.0,1.0
-450,-425,811.1,"Vintimilio plagia, Album Intermilium, Albintimilium",7.6252,43.7893,-550.0,60.0,1.0
-450,-425,818,"Albingauno, Albenganum ",8.2133,44.047,-550.0,60.0,1.0
-450,-425,829,Genua,8.9284,44.411,-600.0,30.0,1.0
-450,-425,830,"archaic landing place of Genua, Etruscan Cainua?",8.94388,44.409,-1000.0,100.0,1.0
-450,-425,838,Antion ,9.546199,44.202859,-550.0,60.0,1.0
-450,-425,847,,10.28083,43.87307,-750.0,60.0,1.0
-450,-425,849,,10.32724,43.76764,-750.0,60.0,1.0
-450,-425,850,,10.33555,43.73476,-750.0,60.0,1.0
-450,-425,851,"Port of Pise, Pisa, Etruscan Pisna, Peithusa, Pithsa, on ancient R Auser, near R Arnus",10.3862,43.7211,-550.0,60.0,1.0
-450,-425,853,,10.3934,43.6386,-5000.0,100.0,1.0
-450,-425,854,"Triturrita? Turrita? Near Portus Pisanus, Pisarum emporio, Liburnus Portus, Portus Herculis Liburni, Portus Labro, Etruscan Liburna",10.3343,43.5733,-5000.0,100.0,1.0
-450,-425,858.1,,10.531,43.099,-5000.0,100.0,1.0
-450,-425,859,"Populonio, Poplonium, Etruscan Fufluna, Pupluna",10.5014,42.9924,-750.0,60.0,1.0
-450,-425,860,"Falesia, Porto Falese ",10.559041,42.934297,-5000.0,100.0,1.0
-450,-425,862,Etruscan Fullona,10.757,42.917,-700.0,30.0,1.0
-450,-425,866,"Ilva, Aithalia, Ethalie ",10.273798,42.770152,-5000.0,100.0,1.0
-450,-425,867,"Argous portus, Argoos, ",10.329861,42.813066,-750.0,60.0,1.0
-450,-425,873,,10.09386,42.59297,-5000.0,100.0,1.0
-450,-425,880.1,,11.173,42.431,-1000.0,100.0,1.0
-450,-425,885,Oglasa insula,10.309211,42.331958,-5000.0,100.0,1.0
-450,-425,888.1,,11.2774,42.4201,-1000.0,100.0,1.0
-450,-425,893,"Regis, Regae ",11.6041,42.3122,-750.0,60.0,1.0
-450,-425,896,"Graviscae, port of Tarquinia, Etruscan Tarchuna, Tarchna, possible first settlement of Etruscan people",11.7066,42.2144,-750.0,60.0,1.0
-450,-425,902.1,,11.8243,42.0446,-500.0,30.0,1.0
-450,-425,906,"Pyrgoi, Pyrgi (also called The Towers), port of Agylle, Caere, Etruscan Chaire, Caisra, Cisra",11.9565,42.0152,-750.0,60.0,1.0
-450,-425,906.1,"Pyrgoi, Pyrgi (also called The Towers), port of Agylle, Caere, Etruscan Chaire, Caisra, Cisra",11.9604,42.015,-750.0,60.0,1.0
-450,-425,906.2,Etruscan submerged structure,11.977,41.9957,-750.0,60.0,1.0
-450,-425,909,"Alsium, port of Agylla, Caere, Coere, Etruscan Chaire, Caisra",12.100837,41.932961,-750.0,60.0,1.0
-450,-425,916,"Ostia, port of Rome",12.279848,41.75343,-640.0,20.0,1.0
-450,-425,917,Ostia,12.290905,41.75752,-750.0,60.0,1.0
-450,-425,921,Ficana,12.35306,41.80187,-750.0,60.0,1.0
-450,-425,930,"Portus Tiberinus, near Pons Aemilius, oldest archaic port of Rome, close to Foro Romano and Horrea Agrippiana",12.4809,41.8892,-753.0,10.0,1.0
-450,-425,935,Troia?,12.4685,41.6137,-550.0,60.0,1.0
-450,-425,938,Castrum Inui,12.5113,41.5803,-750.0,60.0,1.0
-450,-425,943,"Antium, Nero's port, Etruscan Anth? Caenon?",12.628393,41.442702,-750.0,60.0,1.0
-450,-425,954,"Circei, Circaeum Prom., Kirkaion, outlet of Nero's Fossa Augusta",13.1052,41.2405,-550.0,60.0,1.0
-450,-425,955,"Terracina, Tarracina, Anxur, Etruscan Tarchna, Tarkina",13.2545,41.286,-500.0,30.0,1.0
-450,-425,957,Pontia insula,12.964786,40.894781,-750.0,60.0,1.0
-450,-425,968.1,"Marica temple, sea-port of Minturnae",13.7645,41.2265,-700.0,30.0,1.0
-450,-425,970,"Sinuessa, Sinuesa, Sinope",13.85,41.14944,-550.0,60.0,1.0
-450,-425,973,"Volturnum, on R Vulturnus",13.92,41.0186,-550.0,60.0,1.0
-450,-425,975,"Cumae, Cumes, Kyme",14.051265,40.846657,-750.0,60.0,1.0
-450,-425,977,"Pithekoussai, Pithecusae, Etruscan Inarime, first Greek (Euboian) settlement in Italy",13.885913,40.754297,-750.0,60.0,1.0
-450,-425,978,,13.879064,40.696687,-700.0,30.0,1.0
-450,-425,978.1,"Procita, Prochyta insula",14.016731,40.759068,-700.0,30.0,1.0
-450,-425,978.2,,13.992,40.74,-1500.0,100.0,1.0
-450,-425,991,"Puteoli, Dikaiarcheia, Dicearque, Flavia Colonia Augusta Puteoli, Delus Minor, in the Campi Phlegraei volcano district",14.1154,40.8216,-750.0,60.0,1.0
-450,-425,997,"Parthenope, Neapolis",14.2522,40.8398,-750.0,60.0,1.0
-450,-425,997.1,Neapolis ,14.25462,40.83927,-600.0,30.0,1.0
-450,-425,998,Neapolis ,14.2524,40.83926,-600.0,30.0,1.0
-450,-425,999.1,"Herculaneum, Etruscan Herclena",14.35,40.7998,-550.0,60.0,1.0
-450,-425,1002,"Pompeia, Porta Marina, Etruscan Pumpai",14.48226,40.74893,-750.0,60.0,1.0
-450,-425,1002.1,"Pompeia, Porta Stabia, Etruscan Pumpai",14.4908,40.7473,-750.0,60.0,1.0
-450,-425,1004,Aequana ,14.4215,40.6617,-750.0,60.0,1.0
-450,-425,1005,,14.402715,40.645818,-550.0,60.0,1.0
-450,-425,1009,"Capraria, Capreae insula",14.236593,40.557685,-550.0,60.0,1.0
-450,-425,1013.1,"Seirenoussai nesoi, Anthemoessa insulae, Anthemuse, possible Siren islands, no stopover for Odysseus",14.43365,40.5825,-750.0,60.0,1.0
-450,-425,1017,Vietri ,14.713068,40.657725,-750.0,60.0,1.0
-450,-425,1019,,14.94346,40.5352,-750.0,60.0,1.0
-450,-425,1021,"Poseïdonia, Posidonia, Paestum, on R Silarus",14.992,40.415,-750.0,60.0,1.0
-450,-425,1022,,14.990506,40.358318,-550.0,60.0,1.0
-450,-425,1024,"Velia, Elea, Portus Velinus, Hyele, near R Hales",15.157,40.1602,-535.0,10.0,1.0
-450,-425,1025,Palinurus ,15.282234,40.035658,-750.0,60.0,1.0
-450,-425,1026,"Oenotrides insulae, Molpa ",15.294659,40.026788,-750.0,60.0,1.0
-450,-425,1027,"Pyxus, near Buxentum Prom.",15.516403,40.065378,-470.0,20.0,1.0
-450,-425,1032,,15.781146,39.81781,-750.0,60.0,1.0
-450,-425,1033,"Laos, Laus ",15.789572,39.775272,-750.0,60.0,1.0
-450,-425,1036,,15.945789,39.491704,-550.0,60.0,1.0
-450,-425,1037,Port of Pandosia,16.042302,39.301273,-550.0,60.0,1.0
-450,-425,1039,"Temesa, Temese, Tempsa, on R Sabutus",16.094554,39.027944,-750.0,60.0,1.0
-450,-425,1041,Terina ,16.2389,38.9448,-550.0,60.0,1.0
-450,-425,1047.3,,15.9718,38.7135,-1500.0,100.0,1.0
-450,-425,1049,,15.921,38.545,-750.0,60.0,1.0
-450,-425,1052,"Medma, Mesma",15.9882,38.4821,-750.0,60.0,1.0
-450,-425,1053,"Port at the outlet of R Metaurus, Metaure ",15.871137,38.421553,-750.0,60.0,1.0
-450,-425,1058,"Scyllaeum, Scylla, in front of Charybdis in Sicily, both Planktes insulae, where Odysseus possibly sailed",15.715,38.259,-750.0,60.0,1.0
-450,-425,1059,Kainys ,15.6354,38.2322,-550.0,60.0,1.0
-450,-425,1061,"Rhegium, Rhegion",15.634658,38.109425,-740.0,20.0,1.0
-450,-425,1068,Altanum? ,16.177826,38.141495,-550.0,60.0,1.0
-450,-425,1069,"Lokroi Epizephyrioi, Locri Epizefiri, Locres ",16.2368,38.2077,-750.0,60.0,1.0
-450,-425,1071,"Amphissa, Santo Onofrio ",16.413143,38.318166,-750.0,60.0,1.0
-450,-425,1072,"Kaulonia, Caulonia, Aulonia, Stilida",16.5787,38.4454,-750.0,60.0,1.0
-450,-425,1075,"Scylletium, Scolacium ",16.5952,38.8076,-550.0,60.0,1.0
-450,-425,1080,,17.16869,38.95411,-750.0,60.0,1.0
-450,-425,1082,"Kroton, Crotone, on R Aisaros",17.126348,39.085539,-750.0,60.0,1.0
-450,-425,1084,Krimisa?,17.140861,39.370149,-750.0,60.0,1.0
-450,-425,1085,"Temple of Apollo Alaeus, port of Aesarus ",17.1466,39.39654,-750.0,60.0,1.0
-450,-425,1088,"Sybaris ad Traeis, on R Traeis",16.771,39.59,-443.0,10.0,0.775
-450,-425,1090,"archaic Sybaris, on R Sybaris and R Crathis, Thourioi, Thurii, Copia",16.491191,39.717044,-720.0,20.0,1.0
-450,-425,1091,,16.538059,39.865106,-1500.0,100.0,1.0
-450,-425,1093,,16.60264,40.04726,-550.0,60.0,1.0
-450,-425,1097,"Siris, on R Siris",16.6682,40.1658,-750.0,60.0,1.0
-450,-425,1098,"Heraclea, Heraclee ",16.67,40.22,-550.0,60.0,1.0
-450,-425,1098.0999999999999,,16.6642,40.2934,-1500.0,100.0,1.0
-450,-425,1099,"Metapontum, Metaponte",16.8352,40.3728,-750.0,60.0,1.0
-450,-425,1100,"Tarentum, Taras, Neptuna",17.228144,40.472032,-750.0,60.0,1.0
-450,-425,1103,"Satyrion, Saturnum ",17.30396,40.37282,-1500.0,100.0,1.0
-450,-425,1105,Port Sasina ,17.896215,40.25706,-750.0,60.0,1.0
-450,-425,1106,Port of Neretum,17.983673,40.137046,-750.0,60.0,1.0
-450,-425,1107,"Kallipolis, Callipolis, Anxa ",17.979931,40.054413,-750.0,60.0,1.0
-450,-425,1110,"Portus Sallentinus, Leuke, near Iapygia Prom.",18.362675,39.792157,-750.0,60.0,1.0
-450,-425,1112,"Zancle, Zankle, Messana, Messene",15.560811,38.192865,-730.0,20.0,1.0
-450,-425,1113,,15.536584,38.145129,-750.0,60.0,1.0
-450,-425,1116,Tauromenium ,15.302,37.848,-550.0,60.0,1.0
-450,-425,1117,"Naxos, Naxus ",15.2694,37.8239,-470.0,20.0,1.0
-450,-425,1118,"Archaic Naxos, near R Akesines",15.2694,37.8193,-734.0,10.0,1.0
-450,-425,1123,"Katane, Catina ",15.0873,37.5024,-750.0,60.0,1.0
-450,-425,1123.2,"Leontinoi, on R Terias",14.998,37.2855,-750.0,60.0,1.0
-450,-425,1124,,15.132834,37.310011,-750.0,60.0,1.0
-450,-425,1126,"Megara Hyblaea, on R Alabon",15.183741,37.205772,-750.0,60.0,1.0
-450,-425,1127,"Tapsus, Thapsos ",15.228473,37.145257,-1200.0,100.0,1.0
-450,-425,1128,"Leon, landing place of Athenian fleet in 414 BC",15.2615,37.1076,-4000.0,100.0,1.0
-450,-425,1132,"Syracuse, ""Large Port"", on the isle of Sikelia, Sicania, Trinacria, major Greek (Corinthian) settlement in Sicily",15.288,37.06,-733.0,10.0,1.0
-450,-425,1138,Portus Naustathamus?,15.214525,36.95611,-750.0,60.0,1.0
-450,-425,1140,"Helorus, Elorus, on R Helorus",15.1075,36.8422,-750.0,60.0,1.0
-450,-425,1146,R Hirminum,14.594,36.771,-750.0,60.0,1.0
-450,-425,1148,"Kamarina, on R Hipparis",14.440957,36.866878,-598.0,10.0,1.0
-450,-425,1150,,14.3,37.032,-550.0,60.0,1.0
-450,-425,1152,"Gela, on R Gela",14.2583,37.063,-688.0,10.0,1.0
-450,-425,1154,,14.197,37.0842,-750.0,60.0,1.0
-450,-425,1155,"Port of Maktorion, Mactorium?",14.138661,37.100201,-750.0,60.0,1.0
-450,-425,1158,,13.881,37.102,-750.0,60.0,1.0
-450,-425,1160,,13.780019,37.144488,-750.0,60.0,1.0
-450,-425,1161,,13.695341,37.17957,-550.0,60.0,1.0
-450,-425,1162.0999999999999,,13.624,37.233,-1400.0,100.0,1.0
-450,-425,1163,"Agrakas, Akragas, Agrigentum, on R Hypsas",13.581,37.2687,-580.0,20.0,1.0
-450,-425,1166,"Heraclea Minoa, on R Halycus",13.28,37.3937,-750.0,60.0,1.0
-450,-425,1167,,13.256671,37.414943,-750.0,60.0,1.0
-450,-425,1169,"Selinus, Selinunt, Selinonte east port",12.8294,37.5845,-650.0,30.0,1.0
-450,-425,1170,"Selinus, Selinunt, Selinonte west port, on R Selinon",12.82116,37.5828,-650.0,30.0,1.0
-450,-425,1171,"Mazara, on R Mazara",12.587605,37.644211,-550.0,60.0,1.0
-450,-425,1172,"Lilybaion, Lilybee South port?",12.43,37.7937,-750.0,60.0,1.0
-450,-425,1173,"Lilybaion, Lilybee Main port",12.428115,37.808131,-750.0,60.0,1.0
-450,-425,1174,"Lilybaion, Lilybee North port?",12.443337,37.8124,-750.0,60.0,1.0
-450,-425,1176,"Motye, Motya",12.4646,37.8641,-750.0,60.0,1.0
-450,-425,1177,"Aigousa insula, anchorage of Roman fleet before the famous battle of the Egadi Islands (10 March 241 BC), Odysseus' port of the Cyclops? ",12.322489,37.934044,-750.0,60.0,1.0
-450,-425,1180,"Bucinna, Phorbantia insula",12.321625,38.00168,-10000.0,100.0,1.0
-450,-425,1182,"Port of Erix, Eryx, Erice, Carthaginian base camp during the famous battle of the Egadi Islands (10 March 241 BC)",12.58963,38.070435,-550.0,60.0,1.0
-450,-425,1187,,13.182596,38.71968,-1500.0,100.0,1.0
-450,-425,1189,"Panhormus, Panorme",13.368583,38.120398,-750.0,60.0,1.0
-450,-425,1190,"Solus, port of Solonte ",13.542862,38.081694,-750.0,60.0,1.0
-450,-425,1191,"Thermai, Thermae Himeraeae, on R Thermos",13.690394,37.993991,-550.0,60.0,1.0
-450,-425,1193,"Himera, Himere, on R Himeras",13.8215,37.9683,-729.0,10.0,1.0
-450,-425,1195,"Cephaloedium, Cephalidium ",14.024107,38.043883,-550.0,60.0,1.0
-450,-425,1197,"Kale Akte, Calate ",14.448292,38.036496,-550.0,60.0,1.0
-450,-425,1199,Agathyrnum ,14.752,38.164,-550.0,60.0,1.0
-450,-425,1203,"Celsina, Phoenicusa, Phoinikoussa insula",14.5883,38.5569,-1500.0,100.0,1.0
-450,-425,1204,Didyma insula,14.8696,38.5739,-1500.0,100.0,1.0
-450,-425,1205,"Lipara on Liparos insula, Meligounis nesos",14.9568,38.4717,-1500.0,100.0,1.0
-450,-425,1206,"Heraclea, Hiera Thermessa insula,  Hiera Hephaistou insula",14.966446,38.416361,-550.0,60.0,1.0
-450,-425,1207,"Aegina, Euonymus insula",15.0636,38.6256,-1500.0,100.0,1.0
-450,-425,1209,"Strongilos, Eolie, possibly Odysseus' stopover on the isle of Aeolos",15.244209,38.797457,-1500.0,100.0,1.0
-450,-425,1210,Tyndaris ,15.044,38.1433,-550.0,60.0,1.0
-450,-425,1212,"Myle, Mylae ",15.2428,38.2177,-750.0,60.0,1.0
-450,-425,1242,"Castrum Minerva, Port of Venus, Limen Aphrodites, Athenaion ",18.435411,40.011636,-550.0,60.0,1.0
-450,-425,1243,"Hydros, Hydruntum, Otrante ",18.490869,40.148182,-750.0,60.0,1.0
-450,-425,1244,Port Tarentin ,18.4263,40.2871,-1500.0,100.0,1.0
-450,-425,1245,,18.409136,40.301208,-750.0,60.0,1.0
-450,-425,1247,"Brindes, Brentesium, Brundisium, Bronduse",17.948953,40.641441,-750.0,60.0,1.0
-450,-425,1249,,17.7983,40.7137,-750.0,60.0,1.0
-450,-425,1250.0999999999999,Karbina,17.6983,40.7596,-1500.0,100.0,1.0
-450,-425,1252,Gnathia ,17.391,40.8896,-750.0,60.0,1.0
-450,-425,1257,,16.997139,41.090957,-750.0,60.0,1.0
-450,-425,1263.0999999999999,,16.0811,41.3592,-1500.0,100.0,1.0
-450,-425,1267,,15.8378,41.519,-750.0,60.0,1.0
-450,-425,1268,"Coppa Nevigatta, on R Aquilo",15.8338,41.558,-5000.0,100.0,1.0
-450,-425,1271,"Apanestae, Apeneste",16.06038,41.69375,-750.0,60.0,1.0
-450,-425,1274,"Portus Aggasus, Port Agasus ",16.183,41.885,-550.0,60.0,1.0
-450,-425,1284,,15.05334,41.93962,-750.0,60.0,1.0
-450,-425,1288,"Histonium, Istonium ",14.7205,42.1188,-550.0,60.0,1.0
-450,-425,1291,"Gualdi, port of Anxanum ",14.4434,42.3103,-550.0,60.0,1.0
-450,-425,1298,Cupra Maritima,13.8534,43.034,-750.0,60.0,1.0
-450,-425,1302,Numana ,13.628195,43.50729,-750.0,60.0,1.0
-450,-425,1306,,13.175681,43.75246,-750.0,60.0,1.0
-450,-425,1309,"Pisaurum, on R Pisaurus",12.92,43.9159,-550.0,60.0,1.0
-450,-425,1311,"Ariminum, Etruscan Arimna, Harimne, on R Ariminus & R Ausa",12.5739,44.0623,-550.0,60.0,1.0
-450,-425,1319,"Pomposa, Etruscan Spina, at the outlet of R Padus",12.10256,44.6943,-750.0,60.0,1.0
-450,-425,1323,Hadriani ,12.17741,44.94566,-750.0,60.0,1.0
-450,-425,1326,"Atria, Etruscan Hatria ",12.067121,45.048536,-750.0,60.0,1.0
-450,-425,1339,Altinum ,12.4077,45.5428,-550.0,60.0,1.0
-450,-425,1345,"Eraclia, Port on R Anassum or Anaxum ",12.6573,45.6378,-1300.0,100.0,1.0
-450,-425,1347.1,,12.8872,45.6356,-1200.0,100.0,1.0
-450,-425,1348.1,,13.1286,45.7714,-1300.0,100.0,1.0
-450,-425,1348.2,,13.1542,45.7705,-1300.0,100.0,1.0
-450,-425,1349.1,,13.3203,45.7648,-1500.0,100.0,1.0
-425,-400,753.1,"Olbia, Punic port and Roman port",9.5057,40.9232,-750.0,60.0,1.0
-425,-400,756.1,Outlet of R Kaidris,9.734,40.373,-1500.0,100.0,1.0
-425,-400,765,"Caralis, Carales, on R Sulcis",9.112387,39.211683,-750.0,60.0,1.0
-425,-400,766.1,,9.005325,39.095552,-1500.0,100.0,1.0
-425,-400,766.2,,9.0236,39.0619,-1500.0,100.0,1.0
-425,-400,767,Nora ,9.01444,38.987048,-750.0,60.0,1.0
-425,-400,768,Nora ,9.012555,38.984715,-750.0,60.0,1.0
-425,-400,769,Nora ,9.012066,38.988036,-750.0,60.0,1.0
-425,-400,770,"Bitia, Bithia, Bioea ",8.8849,38.8956,-750.0,60.0,1.0
-425,-400,778,"Sulcis, Solci (export of copper?)",8.462004,39.06534,-750.0,60.0,1.0
-425,-400,780,,8.4887,39.1774,-750.0,60.0,1.0
-425,-400,781,Metalla? ,8.5002,39.394,-500.0,30.0,1.0
-425,-400,781.1,,8.4601,39.5681,-7000.0,100.0,1.0
-425,-400,786,"Othaia, Othoca, on R Thyrsos",8.60849,39.86957,-750.0,60.0,1.0
-425,-400,786.1,,8.495,39.925,-4500.0,100.0,1.0
-425,-400,787,"Tarrai, Tharros, Tarrhos, Punic port",8.44,39.892,-750.0,60.0,1.0
-425,-400,787.1,"Tarrai, Tharros, Tarrhos, possible Nuragic port",8.4416,39.8789,-1500.0,100.0,1.0
-425,-400,788,"Tarrai, Tharros, Tarrhos",8.437959,39.859288,-750.0,60.0,1.0
-425,-400,788.1,,8.3936,39.9725,-1200.0,100.0,1.0
-425,-400,788.2,,8.3066,39.988,-1200.0,100.0,1.0
-425,-400,789,"Coracodes, Korakodes portus",8.409895,40.043873,-1200.0,100.0,1.0
-425,-400,793,Nymphaeus portus ,8.189645,40.616568,-750.0,60.0,1.0
-425,-400,803,"Turublum Minus, Lamos?, Telepylos?, possible port of the Laestrygonians and stopover of Odysseus, near famous Arktou Akra Prom.",9.275693,41.199135,-1500.0,100.0,1.0
-425,-400,811.1,"Vintimilio plagia, Album Intermilium, Albintimilium",7.6252,43.7893,-550.0,60.0,1.0
-425,-400,818,"Albingauno, Albenganum ",8.2133,44.047,-550.0,60.0,1.0
-425,-400,829,Genua,8.9284,44.411,-600.0,30.0,1.0
-425,-400,830,"archaic landing place of Genua, Etruscan Cainua?",8.94388,44.409,-1000.0,100.0,1.0
-425,-400,838,Antion ,9.546199,44.202859,-550.0,60.0,1.0
-425,-400,847,,10.28083,43.87307,-750.0,60.0,1.0
-425,-400,849,,10.32724,43.76764,-750.0,60.0,1.0
-425,-400,850,,10.33555,43.73476,-750.0,60.0,1.0
-425,-400,851,"Port of Pise, Pisa, Etruscan Pisna, Peithusa, Pithsa, on ancient R Auser, near R Arnus",10.3862,43.7211,-550.0,60.0,1.0
-425,-400,853,,10.3934,43.6386,-5000.0,100.0,1.0
-425,-400,854,"Triturrita? Turrita? Near Portus Pisanus, Pisarum emporio, Liburnus Portus, Portus Herculis Liburni, Portus Labro, Etruscan Liburna",10.3343,43.5733,-5000.0,100.0,1.0
-425,-400,858.1,,10.531,43.099,-5000.0,100.0,1.0
-425,-400,859,"Populonio, Poplonium, Etruscan Fufluna, Pupluna",10.5014,42.9924,-750.0,60.0,1.0
-425,-400,860,"Falesia, Porto Falese ",10.559041,42.934297,-5000.0,100.0,1.0
-425,-400,862,Etruscan Fullona,10.757,42.917,-700.0,30.0,1.0
-425,-400,866,"Ilva, Aithalia, Ethalie ",10.273798,42.770152,-5000.0,100.0,1.0
-425,-400,867,"Argous portus, Argoos, ",10.329861,42.813066,-750.0,60.0,1.0
-425,-400,873,,10.09386,42.59297,-5000.0,100.0,1.0
-425,-400,880.1,,11.173,42.431,-1000.0,100.0,1.0
-425,-400,885,Oglasa insula,10.309211,42.331958,-5000.0,100.0,1.0
-425,-400,888.1,,11.2774,42.4201,-1000.0,100.0,1.0
-425,-400,893,"Regis, Regae ",11.6041,42.3122,-750.0,60.0,1.0
-425,-400,896,"Graviscae, port of Tarquinia, Etruscan Tarchuna, Tarchna, possible first settlement of Etruscan people",11.7066,42.2144,-750.0,60.0,1.0
-425,-400,902.1,,11.8243,42.0446,-500.0,30.0,1.0
-425,-400,906,"Pyrgoi, Pyrgi (also called The Towers), port of Agylle, Caere, Etruscan Chaire, Caisra, Cisra",11.9565,42.0152,-750.0,60.0,1.0
-425,-400,906.1,"Pyrgoi, Pyrgi (also called The Towers), port of Agylle, Caere, Etruscan Chaire, Caisra, Cisra",11.9604,42.015,-750.0,60.0,1.0
-425,-400,906.2,Etruscan submerged structure,11.977,41.9957,-750.0,60.0,1.0
-425,-400,909,"Alsium, port of Agylla, Caere, Coere, Etruscan Chaire, Caisra",12.100837,41.932961,-750.0,60.0,1.0
-425,-400,916,"Ostia, port of Rome",12.279848,41.75343,-640.0,20.0,1.0
-425,-400,917,Ostia,12.290905,41.75752,-750.0,60.0,1.0
-425,-400,921,Ficana,12.35306,41.80187,-750.0,60.0,1.0
-425,-400,930,"Portus Tiberinus, near Pons Aemilius, oldest archaic port of Rome, close to Foro Romano and Horrea Agrippiana",12.4809,41.8892,-753.0,10.0,1.0
-425,-400,935,Troia?,12.4685,41.6137,-550.0,60.0,1.0
-425,-400,938,Castrum Inui,12.5113,41.5803,-750.0,60.0,1.0
-425,-400,943,"Antium, Nero's port, Etruscan Anth? Caenon?",12.628393,41.442702,-750.0,60.0,1.0
-425,-400,954,"Circei, Circaeum Prom., Kirkaion, outlet of Nero's Fossa Augusta",13.1052,41.2405,-550.0,60.0,1.0
-425,-400,955,"Terracina, Tarracina, Anxur, Etruscan Tarchna, Tarkina",13.2545,41.286,-500.0,30.0,1.0
-425,-400,957,Pontia insula,12.964786,40.894781,-750.0,60.0,1.0
-425,-400,968.1,"Marica temple, sea-port of Minturnae",13.7645,41.2265,-700.0,30.0,1.0
-425,-400,970,"Sinuessa, Sinuesa, Sinope",13.85,41.14944,-550.0,60.0,1.0
-425,-400,973,"Volturnum, on R Vulturnus",13.92,41.0186,-550.0,60.0,1.0
-425,-400,975,"Cumae, Cumes, Kyme",14.051265,40.846657,-750.0,60.0,1.0
-425,-400,977,"Pithekoussai, Pithecusae, Etruscan Inarime, first Greek (Euboian) settlement in Italy",13.885913,40.754297,-750.0,60.0,1.0
-425,-400,978,,13.879064,40.696687,-700.0,30.0,1.0
-425,-400,978.1,"Procita, Prochyta insula",14.016731,40.759068,-700.0,30.0,1.0
-425,-400,978.2,,13.992,40.74,-1500.0,100.0,1.0
-425,-400,991,"Puteoli, Dikaiarcheia, Dicearque, Flavia Colonia Augusta Puteoli, Delus Minor, in the Campi Phlegraei volcano district",14.1154,40.8216,-750.0,60.0,1.0
-425,-400,997,"Parthenope, Neapolis",14.2522,40.8398,-750.0,60.0,1.0
-425,-400,997.1,Neapolis ,14.25462,40.83927,-600.0,30.0,1.0
-425,-400,998,Neapolis ,14.2524,40.83926,-600.0,30.0,1.0
-425,-400,999.1,"Herculaneum, Etruscan Herclena",14.35,40.7998,-550.0,60.0,1.0
-425,-400,1002,"Pompeia, Porta Marina, Etruscan Pumpai",14.48226,40.74893,-750.0,60.0,1.0
-425,-400,1002.1,"Pompeia, Porta Stabia, Etruscan Pumpai",14.4908,40.7473,-750.0,60.0,1.0
-425,-400,1004,Aequana ,14.4215,40.6617,-750.0,60.0,1.0
-425,-400,1005,,14.402715,40.645818,-550.0,60.0,1.0
-425,-400,1009,"Capraria, Capreae insula",14.236593,40.557685,-550.0,60.0,1.0
-425,-400,1013.1,"Seirenoussai nesoi, Anthemoessa insulae, Anthemuse, possible Siren islands, no stopover for Odysseus",14.43365,40.5825,-750.0,60.0,1.0
-425,-400,1017,Vietri ,14.713068,40.657725,-750.0,60.0,1.0
-425,-400,1019,,14.94346,40.5352,-750.0,60.0,1.0
-425,-400,1021,"Poseïdonia, Posidonia, Paestum, on R Silarus",14.992,40.415,-750.0,60.0,1.0
-425,-400,1022,,14.990506,40.358318,-550.0,60.0,1.0
-425,-400,1024,"Velia, Elea, Portus Velinus, Hyele, near R Hales",15.157,40.1602,-535.0,10.0,1.0
-425,-400,1025,Palinurus ,15.282234,40.035658,-750.0,60.0,1.0
-425,-400,1026,"Oenotrides insulae, Molpa ",15.294659,40.026788,-750.0,60.0,1.0
-425,-400,1027,"Pyxus, near Buxentum Prom.",15.516403,40.065378,-470.0,20.0,1.0
-425,-400,1032,,15.781146,39.81781,-750.0,60.0,1.0
-425,-400,1033,"Laos, Laus ",15.789572,39.775272,-750.0,60.0,1.0
-425,-400,1036,,15.945789,39.491704,-550.0,60.0,1.0
-425,-400,1037,Port of Pandosia,16.042302,39.301273,-550.0,60.0,1.0
-425,-400,1039,"Temesa, Temese, Tempsa, on R Sabutus",16.094554,39.027944,-750.0,60.0,1.0
-425,-400,1041,Terina ,16.2389,38.9448,-550.0,60.0,1.0
-425,-400,1047.3,,15.9718,38.7135,-1500.0,100.0,1.0
-425,-400,1049,,15.921,38.545,-750.0,60.0,1.0
-425,-400,1052,"Medma, Mesma",15.9882,38.4821,-750.0,60.0,1.0
-425,-400,1053,"Port at the outlet of R Metaurus, Metaure ",15.871137,38.421553,-750.0,60.0,1.0
-425,-400,1058,"Scyllaeum, Scylla, in front of Charybdis in Sicily, both Planktes insulae, where Odysseus possibly sailed",15.715,38.259,-750.0,60.0,1.0
-425,-400,1059,Kainys ,15.6354,38.2322,-550.0,60.0,1.0
-425,-400,1061,"Rhegium, Rhegion",15.634658,38.109425,-740.0,20.0,1.0
-425,-400,1068,Altanum? ,16.177826,38.141495,-550.0,60.0,1.0
-425,-400,1069,"Lokroi Epizephyrioi, Locri Epizefiri, Locres ",16.2368,38.2077,-750.0,60.0,1.0
-425,-400,1071,"Amphissa, Santo Onofrio ",16.413143,38.318166,-750.0,60.0,1.0
-425,-400,1072,"Kaulonia, Caulonia, Aulonia, Stilida",16.5787,38.4454,-750.0,60.0,1.0
-425,-400,1075,"Scylletium, Scolacium ",16.5952,38.8076,-550.0,60.0,1.0
-425,-400,1080,,17.16869,38.95411,-750.0,60.0,1.0
-425,-400,1082,"Kroton, Crotone, on R Aisaros",17.126348,39.085539,-750.0,60.0,1.0
-425,-400,1084,Krimisa?,17.140861,39.370149,-750.0,60.0,1.0
-425,-400,1085,"Temple of Apollo Alaeus, port of Aesarus ",17.1466,39.39654,-750.0,60.0,1.0
-425,-400,1088,"Sybaris ad Traeis, on R Traeis",16.771,39.59,-443.0,10.0,1.0
-425,-400,1090,"archaic Sybaris, on R Sybaris and R Crathis, Thourioi, Thurii, Copia",16.491191,39.717044,-720.0,20.0,1.0
-425,-400,1091,,16.538059,39.865106,-1500.0,100.0,1.0
-425,-400,1093,,16.60264,40.04726,-550.0,60.0,1.0
-425,-400,1097,"Siris, on R Siris",16.6682,40.1658,-750.0,60.0,1.0
-425,-400,1098,"Heraclea, Heraclee ",16.67,40.22,-550.0,60.0,1.0
-425,-400,1098.0999999999999,,16.6642,40.2934,-1500.0,100.0,1.0
-425,-400,1099,"Metapontum, Metaponte",16.8352,40.3728,-750.0,60.0,1.0
-425,-400,1100,"Tarentum, Taras, Neptuna",17.228144,40.472032,-750.0,60.0,1.0
-425,-400,1103,"Satyrion, Saturnum ",17.30396,40.37282,-1500.0,100.0,1.0
-425,-400,1105,Port Sasina ,17.896215,40.25706,-750.0,60.0,1.0
-425,-400,1106,Port of Neretum,17.983673,40.137046,-750.0,60.0,1.0
-425,-400,1107,"Kallipolis, Callipolis, Anxa ",17.979931,40.054413,-750.0,60.0,1.0
-425,-400,1110,"Portus Sallentinus, Leuke, near Iapygia Prom.",18.362675,39.792157,-750.0,60.0,1.0
-425,-400,1112,"Zancle, Zankle, Messana, Messene",15.560811,38.192865,-730.0,20.0,1.0
-425,-400,1113,,15.536584,38.145129,-750.0,60.0,1.0
-425,-400,1116,Tauromenium ,15.302,37.848,-550.0,60.0,1.0
-425,-400,1117,"Naxos, Naxus ",15.2694,37.8239,-470.0,20.0,1.0
-425,-400,1118,"Archaic Naxos, near R Akesines",15.2694,37.8193,-734.0,10.0,1.0
-425,-400,1123,"Katane, Catina ",15.0873,37.5024,-750.0,60.0,1.0
-425,-400,1123.2,"Leontinoi, on R Terias",14.998,37.2855,-750.0,60.0,1.0
-425,-400,1124,,15.132834,37.310011,-750.0,60.0,1.0
-425,-400,1126,"Megara Hyblaea, on R Alabon",15.183741,37.205772,-750.0,60.0,1.0
-425,-400,1127,"Tapsus, Thapsos ",15.228473,37.145257,-1200.0,100.0,1.0
-425,-400,1128,"Leon, landing place of Athenian fleet in 414 BC",15.2615,37.1076,-4000.0,100.0,1.0
-425,-400,1132,"Syracuse, ""Large Port"", on the isle of Sikelia, Sicania, Trinacria, major Greek (Corinthian) settlement in Sicily",15.288,37.06,-733.0,10.0,1.0
-425,-400,1138,Portus Naustathamus?,15.214525,36.95611,-750.0,60.0,1.0
-425,-400,1140,"Helorus, Elorus, on R Helorus",15.1075,36.8422,-750.0,60.0,1.0
-425,-400,1146,R Hirminum,14.594,36.771,-750.0,60.0,1.0
-425,-400,1148,"Kamarina, on R Hipparis",14.440957,36.866878,-598.0,10.0,1.0
-425,-400,1150,,14.3,37.032,-550.0,60.0,1.0
-425,-400,1152,"Gela, on R Gela",14.2583,37.063,-688.0,10.0,1.0
-425,-400,1154,,14.197,37.0842,-750.0,60.0,1.0
-425,-400,1155,"Port of Maktorion, Mactorium?",14.138661,37.100201,-750.0,60.0,1.0
-425,-400,1158,,13.881,37.102,-750.0,60.0,1.0
-425,-400,1160,,13.780019,37.144488,-750.0,60.0,1.0
-425,-400,1161,,13.695341,37.17957,-550.0,60.0,1.0
-425,-400,1162.0999999999999,,13.624,37.233,-1400.0,100.0,1.0
-425,-400,1163,"Agrakas, Akragas, Agrigentum, on R Hypsas",13.581,37.2687,-580.0,20.0,1.0
-425,-400,1166,"Heraclea Minoa, on R Halycus",13.28,37.3937,-750.0,60.0,1.0
-425,-400,1167,,13.256671,37.414943,-750.0,60.0,1.0
-425,-400,1169,"Selinus, Selinunt, Selinonte east port",12.8294,37.5845,-650.0,30.0,1.0
-425,-400,1170,"Selinus, Selinunt, Selinonte west port, on R Selinon",12.82116,37.5828,-650.0,30.0,1.0
-425,-400,1171,"Mazara, on R Mazara",12.587605,37.644211,-550.0,60.0,1.0
-425,-400,1172,"Lilybaion, Lilybee South port?",12.43,37.7937,-750.0,60.0,1.0
-425,-400,1173,"Lilybaion, Lilybee Main port",12.428115,37.808131,-750.0,60.0,1.0
-425,-400,1174,"Lilybaion, Lilybee North port?",12.443337,37.8124,-750.0,60.0,1.0
-425,-400,1176,"Motye, Motya",12.4646,37.8641,-750.0,60.0,1.0
-425,-400,1177,"Aigousa insula, anchorage of Roman fleet before the famous battle of the Egadi Islands (10 March 241 BC), Odysseus' port of the Cyclops? ",12.322489,37.934044,-750.0,60.0,1.0
-425,-400,1180,"Bucinna, Phorbantia insula",12.321625,38.00168,-10000.0,100.0,1.0
-425,-400,1182,"Port of Erix, Eryx, Erice, Carthaginian base camp during the famous battle of the Egadi Islands (10 March 241 BC)",12.58963,38.070435,-550.0,60.0,1.0
-425,-400,1182.2,,12.736,38.186,-400.0,30.0,0.2916666666666667
-425,-400,1182.3,,12.7692,38.1673,-400.0,30.0,0.2916666666666667
-425,-400,1184.0999999999999,,13.0791,38.1732,-400.0,30.0,0.2916666666666667
-425,-400,1187,,13.182596,38.71968,-1500.0,100.0,1.0
-425,-400,1189,"Panhormus, Panorme",13.368583,38.120398,-750.0,60.0,1.0
-425,-400,1190,"Solus, port of Solonte ",13.542862,38.081694,-750.0,60.0,1.0
-425,-400,1191,"Thermai, Thermae Himeraeae, on R Thermos",13.690394,37.993991,-550.0,60.0,1.0
-425,-400,1193,"Himera, Himere, on R Himeras",13.8215,37.9683,-729.0,10.0,1.0
-425,-400,1195,"Cephaloedium, Cephalidium ",14.024107,38.043883,-550.0,60.0,1.0
-425,-400,1197,"Kale Akte, Calate ",14.448292,38.036496,-550.0,60.0,1.0
-425,-400,1199,Agathyrnum ,14.752,38.164,-550.0,60.0,1.0
-425,-400,1203,"Celsina, Phoenicusa, Phoinikoussa insula",14.5883,38.5569,-1500.0,100.0,1.0
-425,-400,1204,Didyma insula,14.8696,38.5739,-1500.0,100.0,1.0
-425,-400,1205,"Lipara on Liparos insula, Meligounis nesos",14.9568,38.4717,-1500.0,100.0,1.0
-425,-400,1206,"Heraclea, Hiera Thermessa insula,  Hiera Hephaistou insula",14.966446,38.416361,-550.0,60.0,1.0
-425,-400,1207,"Aegina, Euonymus insula",15.0636,38.6256,-1500.0,100.0,1.0
-425,-400,1209,"Strongilos, Eolie, possibly Odysseus' stopover on the isle of Aeolos",15.244209,38.797457,-1500.0,100.0,1.0
-425,-400,1210,Tyndaris ,15.044,38.1433,-550.0,60.0,1.0
-425,-400,1212,"Myle, Mylae ",15.2428,38.2177,-750.0,60.0,1.0
-425,-400,1242,"Castrum Minerva, Port of Venus, Limen Aphrodites, Athenaion ",18.435411,40.011636,-550.0,60.0,1.0
-425,-400,1243,"Hydros, Hydruntum, Otrante ",18.490869,40.148182,-750.0,60.0,1.0
-425,-400,1244,Port Tarentin ,18.4263,40.2871,-1500.0,100.0,1.0
-425,-400,1245,,18.409136,40.301208,-750.0,60.0,1.0
-425,-400,1247,"Brindes, Brentesium, Brundisium, Bronduse",17.948953,40.641441,-750.0,60.0,1.0
-425,-400,1249,,17.7983,40.7137,-750.0,60.0,1.0
-425,-400,1250.0999999999999,Karbina,17.6983,40.7596,-1500.0,100.0,1.0
-425,-400,1252,Gnathia ,17.391,40.8896,-750.0,60.0,1.0
-425,-400,1257,,16.997139,41.090957,-750.0,60.0,1.0
-425,-400,1263.0999999999999,,16.0811,41.3592,-1500.0,100.0,1.0
-425,-400,1267,,15.8378,41.519,-750.0,60.0,1.0
-425,-400,1268,"Coppa Nevigatta, on R Aquilo",15.8338,41.558,-5000.0,100.0,1.0
-425,-400,1271,"Apanestae, Apeneste",16.06038,41.69375,-750.0,60.0,1.0
-425,-400,1274,"Portus Aggasus, Port Agasus ",16.183,41.885,-550.0,60.0,1.0
-425,-400,1284,,15.05334,41.93962,-750.0,60.0,1.0
-425,-400,1288,"Histonium, Istonium ",14.7205,42.1188,-550.0,60.0,1.0
-425,-400,1291,"Gualdi, port of Anxanum ",14.4434,42.3103,-550.0,60.0,1.0
-425,-400,1298,Cupra Maritima,13.8534,43.034,-750.0,60.0,1.0
-425,-400,1302,Numana ,13.628195,43.50729,-750.0,60.0,1.0
-425,-400,1306,,13.175681,43.75246,-750.0,60.0,1.0
-425,-400,1309,"Pisaurum, on R Pisaurus",12.92,43.9159,-550.0,60.0,1.0
-425,-400,1311,"Ariminum, Etruscan Arimna, Harimne, on R Ariminus & R Ausa",12.5739,44.0623,-550.0,60.0,1.0
-425,-400,1319,"Pomposa, Etruscan Spina, at the outlet of R Padus",12.10256,44.6943,-750.0,60.0,1.0
-425,-400,1323,Hadriani ,12.17741,44.94566,-750.0,60.0,1.0
-425,-400,1326,"Atria, Etruscan Hatria ",12.067121,45.048536,-750.0,60.0,1.0
-425,-400,1339,Altinum ,12.4077,45.5428,-550.0,60.0,1.0
-425,-400,1345,"Eraclia, Port on R Anassum or Anaxum ",12.6573,45.6378,-1300.0,100.0,1.0
-425,-400,1347.1,,12.8872,45.6356,-1200.0,100.0,1.0
-425,-400,1348.1,,13.1286,45.7714,-1300.0,100.0,1.0
-425,-400,1348.2,,13.1542,45.7705,-1300.0,100.0,1.0
-425,-400,1349.1,,13.3203,45.7648,-1500.0,100.0,1.0
-400,-375,753,"Olbia, Roman port",9.5031,40.9275,-330.0,60.0,0.020833333333333332
-400,-375,753.1,"Olbia, Punic port and Roman port",9.5057,40.9232,-750.0,60.0,1.0
-400,-375,756.1,Outlet of R Kaidris,9.734,40.373,-1500.0,100.0,1.0
-400,-375,757,"Sulcis, Sulpicius, Supicius ",9.706108,39.912462,-330.0,60.0,0.020833333333333332
-400,-375,762,Caralitanum Prom.,9.516373,39.11649,-330.0,60.0,0.020833333333333332
-400,-375,765,"Caralis, Carales, on R Sulcis",9.112387,39.211683,-750.0,60.0,1.0
-400,-375,766.1,,9.005325,39.095552,-1500.0,100.0,1.0
-400,-375,766.2,,9.0236,39.0619,-1500.0,100.0,1.0
-400,-375,767,Nora ,9.01444,38.987048,-750.0,60.0,1.0
-400,-375,768,Nora ,9.012555,38.984715,-750.0,60.0,1.0
-400,-375,769,Nora ,9.012066,38.988036,-750.0,60.0,1.0
-400,-375,770,"Bitia, Bithia, Bioea ",8.8849,38.8956,-750.0,60.0,1.0
-400,-375,778,"Sulcis, Solci (export of copper?)",8.462004,39.06534,-750.0,60.0,1.0
-400,-375,780,,8.4887,39.1774,-750.0,60.0,1.0
-400,-375,781,Metalla? ,8.5002,39.394,-500.0,30.0,1.0
-400,-375,781.1,,8.4601,39.5681,-7000.0,100.0,1.0
-400,-375,783,,8.60514,39.72744,-330.0,60.0,0.020833333333333332
-400,-375,786,"Othaia, Othoca, on R Thyrsos",8.60849,39.86957,-750.0,60.0,1.0
-400,-375,786.1,,8.495,39.925,-4500.0,100.0,1.0
-400,-375,787,"Tarrai, Tharros, Tarrhos, Punic port",8.44,39.892,-750.0,60.0,1.0
-400,-375,787.1,"Tarrai, Tharros, Tarrhos, possible Nuragic port",8.4416,39.8789,-1500.0,100.0,1.0
-400,-375,788,"Tarrai, Tharros, Tarrhos",8.437959,39.859288,-750.0,60.0,1.0
-400,-375,788.1,,8.3936,39.9725,-1200.0,100.0,1.0
-400,-375,788.2,,8.3066,39.988,-1200.0,100.0,1.0
-400,-375,789,"Coracodes, Korakodes portus",8.409895,40.043873,-1200.0,100.0,1.0
-400,-375,790,"Cornus, Kornos",8.490364,40.087832,-330.0,60.0,0.020833333333333332
-400,-375,791,"Bosa, on R Temos",8.469417,40.284535,-330.0,60.0,0.020833333333333332
-400,-375,793,Nymphaeus portus ,8.189645,40.616568,-750.0,60.0,1.0
-400,-375,796,"Turris Libyssonis, Libisonis",8.3918,40.8368,-330.0,60.0,0.020833333333333332
-400,-375,796.1,"Turris Libyssonis, Libisonis",8.3941,40.8391,-330.0,60.0,0.020833333333333332
-400,-375,796.2,"Turris Libyssonis, Libisonis",8.4016,40.8392,-330.0,60.0,0.020833333333333332
-400,-375,796.3,"Turris Libyssonis, Libisonis",8.4089,40.8389,-330.0,60.0,0.020833333333333332
-400,-375,801,,9.1609,41.2404,-330.0,60.0,0.020833333333333332
-400,-375,803,"Turublum Minus, Lamos?, Telepylos?, possible port of the Laestrygonians and stopover of Odysseus, near famous Arktou Akra Prom.",9.275693,41.199135,-1500.0,100.0,1.0
-400,-375,811.1,"Vintimilio plagia, Album Intermilium, Albintimilium",7.6252,43.7893,-550.0,60.0,1.0
-400,-375,818,"Albingauno, Albenganum ",8.2133,44.047,-550.0,60.0,1.0
-400,-375,823,"Savo, Vicus Virginis? ",8.479161,44.296439,-330.0,60.0,0.020833333333333332
-400,-375,829,Genua,8.9284,44.411,-600.0,30.0,1.0
-400,-375,830,"archaic landing place of Genua, Etruscan Cainua?",8.94388,44.409,-1000.0,100.0,1.0
-400,-375,838,Antion ,9.546199,44.202859,-550.0,60.0,1.0
-400,-375,844,"Portus Lunae, Lune, Selene, Etruscan Luna, near R Macra  (export of white marble)",10.0152,44.0608,-330.0,60.0,0.020833333333333332
-400,-375,847,,10.28083,43.87307,-750.0,60.0,1.0
-400,-375,848,,10.3602,43.83659,-330.0,60.0,0.020833333333333332
-400,-375,849,,10.32724,43.76764,-750.0,60.0,1.0
-400,-375,850,,10.33555,43.73476,-750.0,60.0,1.0
-400,-375,851,"Port of Pise, Pisa, Etruscan Pisna, Peithusa, Pithsa, on ancient R Auser, near R Arnus",10.3862,43.7211,-550.0,60.0,1.0
-400,-375,853,,10.3934,43.6386,-5000.0,100.0,1.0
-400,-375,854,"Triturrita? Turrita? Near Portus Pisanus, Pisarum emporio, Liburnus Portus, Portus Herculis Liburni, Portus Labro, Etruscan Liburna",10.3343,43.5733,-5000.0,100.0,1.0
-400,-375,855,,10.4182,43.4022,-330.0,60.0,0.020833333333333332
-400,-375,856,"Vadis, Vada Volaterrana ",10.44801,43.35981,-330.0,60.0,0.020833333333333332
-400,-375,858.1,,10.531,43.099,-5000.0,100.0,1.0
-400,-375,859,"Populonio, Poplonium, Etruscan Fufluna, Pupluna",10.5014,42.9924,-750.0,60.0,1.0
-400,-375,860,"Falesia, Porto Falese ",10.559041,42.934297,-5000.0,100.0,1.0
-400,-375,861,,10.67991,42.9663,-330.0,60.0,0.020833333333333332
-400,-375,862,Etruscan Fullona,10.757,42.917,-700.0,30.0,1.0
-400,-375,866,"Ilva, Aithalia, Ethalie ",10.273798,42.770152,-5000.0,100.0,1.0
-400,-375,867,"Argous portus, Argoos, ",10.329861,42.813066,-750.0,60.0,1.0
-400,-375,872,Planasia insula,10.082156,42.582969,-330.0,60.0,0.020833333333333332
-400,-375,873,,10.09386,42.59297,-5000.0,100.0,1.0
-400,-375,880.1,,11.173,42.431,-1000.0,100.0,1.0
-400,-375,884.1,,10.922725,42.3593,-330.0,60.0,0.020833333333333332
-400,-375,885,Oglasa insula,10.309211,42.331958,-5000.0,100.0,1.0
-400,-375,886,"Portu Herculis, Port of Hercules",11.2086,42.3912,-330.0,60.0,0.020833333333333332
-400,-375,888.1,,11.2774,42.4201,-1000.0,100.0,1.0
-400,-375,891,"Cosa, Cossae, Portus Herculis Cosanus, Etruscan Cusi, Cuthi",11.293827,42.40709,-330.0,60.0,0.020833333333333332
-400,-375,893,"Regis, Regae ",11.6041,42.3122,-750.0,60.0,1.0
-400,-375,896,"Graviscae, port of Tarquinia, Etruscan Tarchuna, Tarchna, possible first settlement of Etruscan people",11.7066,42.2144,-750.0,60.0,1.0
-400,-375,902.1,,11.8243,42.0446,-500.0,30.0,1.0
-400,-375,904.1,Punicum ,11.8715,42.035,-330.0,60.0,0.020833333333333332
-400,-375,906,"Pyrgoi, Pyrgi (also called The Towers), port of Agylle, Caere, Etruscan Chaire, Caisra, Cisra",11.9565,42.0152,-750.0,60.0,1.0
-400,-375,906.1,"Pyrgoi, Pyrgi (also called The Towers), port of Agylle, Caere, Etruscan Chaire, Caisra, Cisra",11.9604,42.015,-750.0,60.0,1.0
-400,-375,906.2,Etruscan submerged structure,11.977,41.9957,-750.0,60.0,1.0
-400,-375,909,"Alsium, port of Agylla, Caere, Coere, Etruscan Chaire, Caisra",12.100837,41.932961,-750.0,60.0,1.0
-400,-375,910,,12.1253,41.9271,-330.0,60.0,0.020833333333333332
-400,-375,911,,12.1424,41.9128,-330.0,60.0,0.020833333333333332
-400,-375,912,"Fregenae, Etruscan Ficrine",12.18341,41.853058,-330.0,60.0,0.020833333333333332
-400,-375,916,"Ostia, port of Rome",12.279848,41.75343,-640.0,20.0,1.0
-400,-375,917,Ostia,12.290905,41.75752,-750.0,60.0,1.0
-400,-375,921,Ficana,12.35306,41.80187,-750.0,60.0,1.0
-400,-375,922,Portus Vicus Alexandri,12.471443,41.847394,-330.0,60.0,0.020833333333333332
-400,-375,930,"Portus Tiberinus, near Pons Aemilius, oldest archaic port of Rome, close to Foro Romano and Horrea Agrippiana",12.4809,41.8892,-753.0,10.0,1.0
-400,-375,935,Troia?,12.4685,41.6137,-550.0,60.0,1.0
-400,-375,938,Castrum Inui,12.5113,41.5803,-750.0,60.0,1.0
-400,-375,943,"Antium, Nero's port, Etruscan Anth? Caenon?",12.628393,41.442702,-750.0,60.0,1.0
-400,-375,949,"Astura, Storas, on R Astura",12.767198,41.407351,-330.0,60.0,0.020833333333333332
-400,-375,951,Ad Turres Albas ,12.91288,41.375768,-330.0,60.0,0.020833333333333332
-400,-375,953,"Port of Circei, Circe, Eea, Aeaea, Aiaia, Aia insula?, possible stopover for Odysseus",13.04425,41.253072,-330.0,60.0,0.020833333333333332
-400,-375,954,"Circei, Circaeum Prom., Kirkaion, outlet of Nero's Fossa Augusta",13.1052,41.2405,-550.0,60.0,1.0
-400,-375,955,"Terracina, Tarracina, Anxur, Etruscan Tarchna, Tarkina",13.2545,41.286,-500.0,30.0,1.0
-400,-375,956,Fundi,13.42926,41.35738,-330.0,60.0,0.020833333333333332
-400,-375,957,Pontia insula,12.964786,40.894781,-750.0,60.0,1.0
-400,-375,962,"Caiete, Caieta, Caeatas, Aeete, Etruscan Caithi",13.586,41.211,-330.0,60.0,0.020833333333333332
-400,-375,964,"Formiae, Formies, Hormies ",13.6057,41.253,-330.0,60.0,0.020833333333333332
-400,-375,966,,13.675,41.2479,-330.0,60.0,0.020833333333333332
-400,-375,967,Pyrae?,13.703677,41.250662,-330.0,60.0,0.020833333333333332
-400,-375,968.1,"Marica temple, sea-port of Minturnae",13.7645,41.2265,-700.0,30.0,1.0
-400,-375,969,,13.8408,41.15847,-330.0,60.0,0.020833333333333332
-400,-375,970,"Sinuessa, Sinuesa, Sinope",13.85,41.14944,-550.0,60.0,1.0
-400,-375,972,Aquae Sinuessanae & Pagus Sarclanus?,13.9125,41.1228,-330.0,60.0,0.020833333333333332
-400,-375,973,"Volturnum, on R Vulturnus",13.92,41.0186,-550.0,60.0,1.0
-400,-375,974,"Liternum, Linternum, port of the Osci, Oskoi, Osques, Opici, Aurunci, Ausones",14.029903,40.921334,-330.0,60.0,0.020833333333333332
-400,-375,975,"Cumae, Cumes, Kyme",14.051265,40.846657,-750.0,60.0,1.0
-400,-375,977,"Pithekoussai, Pithecusae, Etruscan Inarime, first Greek (Euboian) settlement in Italy",13.885913,40.754297,-750.0,60.0,1.0
-400,-375,978,,13.879064,40.696687,-700.0,30.0,1.0
-400,-375,978.1,"Procita, Prochyta insula",14.016731,40.759068,-700.0,30.0,1.0
-400,-375,978.2,,13.992,40.74,-1500.0,100.0,1.0
-400,-375,991,"Puteoli, Dikaiarcheia, Dicearque, Flavia Colonia Augusta Puteoli, Delus Minor, in the Campi Phlegraei volcano district",14.1154,40.8216,-750.0,60.0,1.0
-400,-375,997,"Parthenope, Neapolis",14.2522,40.8398,-750.0,60.0,1.0
-400,-375,997.1,Neapolis ,14.25462,40.83927,-600.0,30.0,1.0
-400,-375,998,Neapolis ,14.2524,40.83926,-600.0,30.0,1.0
-400,-375,999.1,"Herculaneum, Etruscan Herclena",14.35,40.7998,-550.0,60.0,1.0
-400,-375,1001,Oplontis ,14.4525,40.75755,-330.0,60.0,0.020833333333333332
-400,-375,1002,"Pompeia, Porta Marina, Etruscan Pumpai",14.48226,40.74893,-750.0,60.0,1.0
-400,-375,1002.1,"Pompeia, Porta Stabia, Etruscan Pumpai",14.4908,40.7473,-750.0,60.0,1.0
-400,-375,1003,Stabiae ,14.4926,40.69976,-330.0,60.0,0.020833333333333332
-400,-375,1004,Aequana ,14.4215,40.6617,-750.0,60.0,1.0
-400,-375,1005,,14.402715,40.645818,-550.0,60.0,1.0
-400,-375,1006,"Surrentum, Etruscan Irnthi",14.3698,40.6279,-330.0,60.0,0.020833333333333332
-400,-375,1009,"Capraria, Capreae insula",14.236593,40.557685,-550.0,60.0,1.0
-400,-375,1013.1,"Seirenoussai nesoi, Anthemoessa insulae, Anthemuse, possible Siren islands, no stopover for Odysseus",14.43365,40.5825,-750.0,60.0,1.0
-400,-375,1017,Vietri ,14.713068,40.657725,-750.0,60.0,1.0
-400,-375,1019,,14.94346,40.5352,-750.0,60.0,1.0
-400,-375,1020,Portus Alburnus ,14.969769,40.488629,-330.0,60.0,0.020833333333333332
-400,-375,1021,"Poseïdonia, Posidonia, Paestum, on R Silarus",14.992,40.415,-750.0,60.0,1.0
-400,-375,1022,,14.990506,40.358318,-550.0,60.0,1.0
-400,-375,1024,"Velia, Elea, Portus Velinus, Hyele, near R Hales",15.157,40.1602,-535.0,10.0,1.0
-400,-375,1025,Palinurus ,15.282234,40.035658,-750.0,60.0,1.0
-400,-375,1026,"Oenotrides insulae, Molpa ",15.294659,40.026788,-750.0,60.0,1.0
-400,-375,1027,"Pyxus, near Buxentum Prom.",15.516403,40.065378,-470.0,20.0,1.0
-400,-375,1028,Scidrus ,15.6222,40.07218,-330.0,60.0,0.020833333333333332
-400,-375,1031,Blanda ,15.756465,39.913511,-330.0,60.0,0.020833333333333332
-400,-375,1032,,15.781146,39.81781,-750.0,60.0,1.0
-400,-375,1033,"Laos, Laus ",15.789572,39.775272,-750.0,60.0,1.0
-400,-375,1034,"Cerillea, Cerilli ",15.804176,39.709009,-330.0,60.0,0.020833333333333332
-400,-375,1035,,15.848026,39.613783,-330.0,60.0,0.020833333333333332
-400,-375,1036,,15.945789,39.491704,-550.0,60.0,1.0
-400,-375,1037,Port of Pandosia,16.042302,39.301273,-550.0,60.0,1.0
-400,-375,1038,"Klampeteia, Clampetia ",16.065528,39.127809,-330.0,60.0,0.020833333333333332
-400,-375,1039,"Temesa, Temese, Tempsa, on R Sabutus",16.094554,39.027944,-750.0,60.0,1.0
-400,-375,1040,,16.15407,38.98683,-330.0,60.0,0.020833333333333332
-400,-375,1041,Terina ,16.2389,38.9448,-550.0,60.0,1.0
-400,-375,1047.3,,15.9718,38.7135,-1500.0,100.0,1.0
-400,-375,1049,,15.921,38.545,-750.0,60.0,1.0
-400,-375,1051,Emporion,15.95941,38.49277,-330.0,60.0,0.020833333333333332
-400,-375,1052,"Medma, Mesma",15.9882,38.4821,-750.0,60.0,1.0
-400,-375,1053,"Port at the outlet of R Metaurus, Metaure ",15.871137,38.421553,-750.0,60.0,1.0
-400,-375,1054,Taurianum ,15.86494,38.39426,-330.0,60.0,0.020833333333333332
-400,-375,1058,"Scyllaeum, Scylla, in front of Charybdis in Sicily, both Planktes insulae, where Odysseus possibly sailed",15.715,38.259,-750.0,60.0,1.0
-400,-375,1059,Kainys ,15.6354,38.2322,-550.0,60.0,1.0
-400,-375,1061,"Rhegium, Rhegion",15.634658,38.109425,-740.0,20.0,1.0
-400,-375,1064,Scyle ,15.92,37.928,-330.0,60.0,0.020833333333333332
-400,-375,1068,Altanum? ,16.177826,38.141495,-550.0,60.0,1.0
-400,-375,1069,"Lokroi Epizephyrioi, Locri Epizefiri, Locres ",16.2368,38.2077,-750.0,60.0,1.0
-400,-375,1071,"Amphissa, Santo Onofrio ",16.413143,38.318166,-750.0,60.0,1.0
-400,-375,1072,"Kaulonia, Caulonia, Aulonia, Stilida",16.5787,38.4454,-750.0,60.0,1.0
-400,-375,1075,"Scylletium, Scolacium ",16.5952,38.8076,-550.0,60.0,1.0
-400,-375,1076,"Castra Hannibalis, Camp of Annibal ",16.713868,38.85776,-330.0,60.0,0.020833333333333332
-400,-375,1078,,17.023685,38.903404,-330.0,60.0,0.020833333333333332
-400,-375,1080,,17.16869,38.95411,-750.0,60.0,1.0
-400,-375,1082,"Kroton, Crotone, on R Aisaros",17.126348,39.085539,-750.0,60.0,1.0
-400,-375,1084,Krimisa?,17.140861,39.370149,-750.0,60.0,1.0
-400,-375,1085,"Temple of Apollo Alaeus, port of Aesarus ",17.1466,39.39654,-750.0,60.0,1.0
-400,-375,1087,,16.9617,39.496,-330.0,60.0,0.020833333333333332
-400,-375,1088,"Sybaris ad Traeis, on R Traeis",16.771,39.59,-443.0,10.0,1.0
-400,-375,1090,"archaic Sybaris, on R Sybaris and R Crathis, Thourioi, Thurii, Copia",16.491191,39.717044,-720.0,20.0,1.0
-400,-375,1091,,16.538059,39.865106,-1500.0,100.0,1.0
-400,-375,1093,,16.60264,40.04726,-550.0,60.0,1.0
-400,-375,1095,,16.64197,40.15955,-330.0,60.0,0.020833333333333332
-400,-375,1097,"Siris, on R Siris",16.6682,40.1658,-750.0,60.0,1.0
-400,-375,1098,"Heraclea, Heraclee ",16.67,40.22,-550.0,60.0,1.0
-400,-375,1098.0999999999999,,16.6642,40.2934,-1500.0,100.0,1.0
-400,-375,1099,"Metapontum, Metaponte",16.8352,40.3728,-750.0,60.0,1.0
-400,-375,1100,"Tarentum, Taras, Neptuna",17.228144,40.472032,-750.0,60.0,1.0
-400,-375,1103,"Satyrion, Saturnum ",17.30396,40.37282,-1500.0,100.0,1.0
-400,-375,1104,,17.50013,40.30372,-330.0,60.0,0.020833333333333332
-400,-375,1105,Port Sasina ,17.896215,40.25706,-750.0,60.0,1.0
-400,-375,1106,Port of Neretum,17.983673,40.137046,-750.0,60.0,1.0
-400,-375,1107,"Kallipolis, Callipolis, Anxa ",17.979931,40.054413,-750.0,60.0,1.0
-400,-375,1109,,18.31,39.8138,-330.0,60.0,0.020833333333333332
-400,-375,1110,"Portus Sallentinus, Leuke, near Iapygia Prom.",18.362675,39.792157,-750.0,60.0,1.0
-400,-375,1112,"Zancle, Zankle, Messana, Messene",15.560811,38.192865,-730.0,20.0,1.0
-400,-375,1113,,15.536584,38.145129,-750.0,60.0,1.0
-400,-375,1114,"Phoinix, Tamaricii, Palmae ",15.37,37.9438,-330.0,60.0,0.020833333333333332
-400,-375,1115,,15.3078,37.878,-330.0,60.0,0.020833333333333332
-400,-375,1116,Tauromenium ,15.302,37.848,-550.0,60.0,1.0
-400,-375,1117,"Naxos, Naxus ",15.2694,37.8239,-470.0,20.0,1.0
-400,-375,1118,"Archaic Naxos, near R Akesines",15.2694,37.8193,-734.0,10.0,1.0
-400,-375,1123,"Katane, Catina ",15.0873,37.5024,-750.0,60.0,1.0
-400,-375,1123.2,"Leontinoi, on R Terias",14.998,37.2855,-750.0,60.0,1.0
-400,-375,1124,,15.132834,37.310011,-750.0,60.0,1.0
-400,-375,1125.0999999999999,"Xiphoneos, Xiphonia, Xiphon",15.207,37.234,-330.0,60.0,0.020833333333333332
-400,-375,1126,"Megara Hyblaea, on R Alabon",15.183741,37.205772,-750.0,60.0,1.0
-400,-375,1127,"Tapsus, Thapsos ",15.228473,37.145257,-1200.0,100.0,1.0
-400,-375,1128,"Leon, landing place of Athenian fleet in 414 BC",15.2615,37.1076,-4000.0,100.0,1.0
-400,-375,1132,"Syracuse, ""Large Port"", on the isle of Sikelia, Sicania, Trinacria, major Greek (Corinthian) settlement in Sicily",15.288,37.06,-733.0,10.0,1.0
-400,-375,1138,Portus Naustathamus?,15.214525,36.95611,-750.0,60.0,1.0
-400,-375,1140,"Helorus, Elorus, on R Helorus",15.1075,36.8422,-750.0,60.0,1.0
-400,-375,1141,Phoenicus portus ,15.0985,36.803,-330.0,60.0,0.020833333333333332
-400,-375,1143,"Portus Pachino, Pachyno, Pachyni, Apollineum ",15.1385,36.6857,-330.0,60.0,0.020833333333333332
-400,-375,1146,R Hirminum,14.594,36.771,-750.0,60.0,1.0
-400,-375,1148,"Kamarina, on R Hipparis",14.440957,36.866878,-598.0,10.0,1.0
-400,-375,1150,,14.3,37.032,-550.0,60.0,1.0
-400,-375,1152,"Gela, on R Gela",14.2583,37.063,-688.0,10.0,1.0
-400,-375,1154,,14.197,37.0842,-750.0,60.0,1.0
-400,-375,1155,"Port of Maktorion, Mactorium?",14.138661,37.100201,-750.0,60.0,1.0
-400,-375,1156,"Phintias, on R Himeras",13.9317,37.1,-330.0,60.0,0.020833333333333332
-400,-375,1158,,13.881,37.102,-750.0,60.0,1.0
-400,-375,1160,,13.780019,37.144488,-750.0,60.0,1.0
-400,-375,1161,,13.695341,37.17957,-550.0,60.0,1.0
-400,-375,1162.0999999999999,,13.624,37.233,-1400.0,100.0,1.0
-400,-375,1163,"Agrakas, Akragas, Agrigentum, on R Hypsas",13.581,37.2687,-580.0,20.0,1.0
-400,-375,1166,"Heraclea Minoa, on R Halycus",13.28,37.3937,-750.0,60.0,1.0
-400,-375,1167,,13.256671,37.414943,-750.0,60.0,1.0
-400,-375,1169,"Selinus, Selinunt, Selinonte east port",12.8294,37.5845,-650.0,30.0,1.0
-400,-375,1170,"Selinus, Selinunt, Selinonte west port, on R Selinon",12.82116,37.5828,-650.0,30.0,1.0
-400,-375,1171,"Mazara, on R Mazara",12.587605,37.644211,-550.0,60.0,1.0
-400,-375,1172,"Lilybaion, Lilybee South port?",12.43,37.7937,-750.0,60.0,1.0
-400,-375,1173,"Lilybaion, Lilybee Main port",12.428115,37.808131,-750.0,60.0,1.0
-400,-375,1174,"Lilybaion, Lilybee North port?",12.443337,37.8124,-750.0,60.0,1.0
-400,-375,1176,"Motye, Motya",12.4646,37.8641,-750.0,60.0,1.0
-400,-375,1177,"Aigousa insula, anchorage of Roman fleet before the famous battle of the Egadi Islands (10 March 241 BC), Odysseus' port of the Cyclops? ",12.322489,37.934044,-750.0,60.0,1.0
-400,-375,1179,"Maritima, Hieronesos, Hiera insula",12.077769,37.970422,-330.0,60.0,0.020833333333333332
-400,-375,1180,"Bucinna, Phorbantia insula",12.321625,38.00168,-10000.0,100.0,1.0
-400,-375,1181,"Drepanum, Drepane ",12.502194,38.007961,-330.0,60.0,0.020833333333333332
-400,-375,1182,"Port of Erix, Eryx, Erice, Carthaginian base camp during the famous battle of the Egadi Islands (10 March 241 BC)",12.58963,38.070435,-550.0,60.0,1.0
-400,-375,1182.2,,12.736,38.186,-400.0,30.0,0.7083333333333334
-400,-375,1182.3,,12.7692,38.1673,-400.0,30.0,0.7083333333333334
-400,-375,1184,"Emporion Segestanon, Emporium of the Aegestes, port of Segesta, on R Crimisus",12.88,38.0295,-330.0,60.0,0.020833333333333332
-400,-375,1184.0999999999999,,13.0791,38.1732,-400.0,30.0,0.7083333333333334
-400,-375,1187,,13.182596,38.71968,-1500.0,100.0,1.0
-400,-375,1189,"Panhormus, Panorme",13.368583,38.120398,-750.0,60.0,1.0
-400,-375,1190,"Solus, port of Solonte ",13.542862,38.081694,-750.0,60.0,1.0
-400,-375,1191,"Thermai, Thermae Himeraeae, on R Thermos",13.690394,37.993991,-550.0,60.0,1.0
-400,-375,1192,,13.7815,37.9743,-330.0,60.0,0.020833333333333332
-400,-375,1193,"Himera, Himere, on R Himeras",13.8215,37.9683,-729.0,10.0,1.0
-400,-375,1195,"Cephaloedium, Cephalidium ",14.024107,38.043883,-550.0,60.0,1.0
-400,-375,1196,"Halaesa, on R Halaisos",14.263,37.998,-330.0,60.0,0.020833333333333332
-400,-375,1197,"Kale Akte, Calate ",14.448292,38.036496,-550.0,60.0,1.0
-400,-375,1199,Agathyrnum ,14.752,38.164,-550.0,60.0,1.0
-400,-375,1202,"Egira, Erikodes, Ericusa Insula",14.351188,38.5428,-330.0,60.0,0.020833333333333332
-400,-375,1203,"Celsina, Phoenicusa, Phoinikoussa insula",14.5883,38.5569,-1500.0,100.0,1.0
-400,-375,1204,Didyma insula,14.8696,38.5739,-1500.0,100.0,1.0
-400,-375,1205,"Lipara on Liparos insula, Meligounis nesos",14.9568,38.4717,-1500.0,100.0,1.0
-400,-375,1206,"Heraclea, Hiera Thermessa insula,  Hiera Hephaistou insula",14.966446,38.416361,-550.0,60.0,1.0
-400,-375,1207,"Aegina, Euonymus insula",15.0636,38.6256,-1500.0,100.0,1.0
-400,-375,1209,"Strongilos, Eolie, possibly Odysseus' stopover on the isle of Aeolos",15.244209,38.797457,-1500.0,100.0,1.0
-400,-375,1210,Tyndaris ,15.044,38.1433,-550.0,60.0,1.0
-400,-375,1212,"Myle, Mylae ",15.2428,38.2177,-750.0,60.0,1.0
-400,-375,1213,"Naulochos, Naulocha ",15.371783,38.22509,-330.0,60.0,0.020833333333333332
-400,-375,1242,"Castrum Minerva, Port of Venus, Limen Aphrodites, Athenaion ",18.435411,40.011636,-550.0,60.0,1.0
-400,-375,1242.0999999999999,,18.4849,40.079,-330.0,60.0,0.020833333333333332
-400,-375,1243,"Hydros, Hydruntum, Otrante ",18.490869,40.148182,-750.0,60.0,1.0
-400,-375,1243.0999999999999,,18.4732,40.1841,-330.0,60.0,0.020833333333333332
-400,-375,1243.2,,18.431,40.277,-330.0,60.0,0.020833333333333332
-400,-375,1244,Port Tarentin ,18.4263,40.2871,-1500.0,100.0,1.0
-400,-375,1245,,18.409136,40.301208,-750.0,60.0,1.0
-400,-375,1247,"Brindes, Brentesium, Brundisium, Bronduse",17.948953,40.641441,-750.0,60.0,1.0
-400,-375,1248,,17.8705,40.6875,-330.0,60.0,0.020833333333333332
-400,-375,1249,,17.7983,40.7137,-750.0,60.0,1.0
-400,-375,1250.0999999999999,Karbina,17.6983,40.7596,-1500.0,100.0,1.0
-400,-375,1252,Gnathia ,17.391,40.8896,-750.0,60.0,1.0
-400,-375,1254,"Turris Caesaris, Neapolis ",17.2183,40.9975,-330.0,60.0,0.020833333333333332
-400,-375,1257,,16.997139,41.090957,-750.0,60.0,1.0
-400,-375,1259,Natiolum ,16.669838,41.192824,-330.0,60.0,0.020833333333333332
-400,-375,1262,Barduli ,16.287075,41.334436,-330.0,60.0,0.020833333333333332
-400,-375,1263.0999999999999,,16.0811,41.3592,-1500.0,100.0,1.0
-400,-375,1264,San Vito ,16.03185,41.3848,-330.0,60.0,0.020833333333333332
-400,-375,1267,,15.8378,41.519,-750.0,60.0,1.0
-400,-375,1268,"Coppa Nevigatta, on R Aquilo",15.8338,41.558,-5000.0,100.0,1.0
-400,-375,1270,"Sipous, Sipontum, Sipunte ",15.9221,41.617859,-330.0,60.0,0.020833333333333332
-400,-375,1271,"Apanestae, Apeneste",16.06038,41.69375,-750.0,60.0,1.0
-400,-375,1274,"Portus Aggasus, Port Agasus ",16.183,41.885,-550.0,60.0,1.0
-400,-375,1277,"Hyria, Uria",15.83039,41.8821,-330.0,60.0,0.020833333333333332
-400,-375,1284,,15.05334,41.93962,-750.0,60.0,1.0
-400,-375,1286,Buca?,14.9976,42.0066,-330.0,60.0,0.020833333333333332
-400,-375,1288,"Histonium, Istonium ",14.7205,42.1188,-550.0,60.0,1.0
-400,-375,1289,Buca?,14.7125,42.172,-330.0,60.0,0.020833333333333332
-400,-375,1291,"Gualdi, port of Anxanum ",14.4434,42.3103,-550.0,60.0,1.0
-400,-375,1292,"Orton, Hortona",14.4098,42.357,-330.0,60.0,0.020833333333333332
-400,-375,1293,"Aternum, Ostia Aterni, on R Aternus",14.2118,42.4614,-330.0,60.0,0.020833333333333332
-400,-375,1294.0999999999999,"Matrinus, port of Hatria, Adria at the outlet of R Matrinus",14.138,42.5332,-330.0,60.0,0.020833333333333332
-400,-375,1296,"Castrum Novum, on R Batinus",13.971,42.7356,-330.0,60.0,0.020833333333333332
-400,-375,1297,"Castrum Truentinum, Truentum, on R Truentinum",13.901,42.8908,-330.0,60.0,0.020833333333333332
-400,-375,1298,Cupra Maritima,13.8534,43.034,-750.0,60.0,1.0
-400,-375,1299,"Castellum Firmanorum, port of Firmum Picenum, Etruscan Permu",13.8011,43.1605,-330.0,60.0,0.020833333333333332
-400,-375,1301,"Potentia, near R Flosis",13.6711,43.4142,-330.0,60.0,0.020833333333333332
-400,-375,1302,Numana ,13.628195,43.50729,-750.0,60.0,1.0
-400,-375,1305,"Sena Gallica, on R Sena",13.2185,43.7123,-330.0,60.0,0.020833333333333332
-400,-375,1306,,13.175681,43.75246,-750.0,60.0,1.0
-400,-375,1308,Fanum Fortunae ,13.019325,43.858514,-330.0,60.0,0.020833333333333332
-400,-375,1309,"Pisaurum, on R Pisaurus",12.92,43.9159,-550.0,60.0,1.0
-400,-375,1311,"Ariminum, Etruscan Arimna, Harimne, on R Ariminus & R Ausa",12.5739,44.0623,-550.0,60.0,1.0
-400,-375,1316,"Butrium, Budrium, port of Budrio ",12.14588,44.53989,-330.0,60.0,0.020833333333333332
-400,-375,1319,"Pomposa, Etruscan Spina, at the outlet of R Padus",12.10256,44.6943,-750.0,60.0,1.0
-400,-375,1323,Hadriani ,12.17741,44.94566,-750.0,60.0,1.0
-400,-375,1326,"Atria, Etruscan Hatria ",12.067121,45.048536,-750.0,60.0,1.0
-400,-375,1339,Altinum ,12.4077,45.5428,-550.0,60.0,1.0
-400,-375,1345,"Eraclia, Port on R Anassum or Anaxum ",12.6573,45.6378,-1300.0,100.0,1.0
-400,-375,1347.1,,12.8872,45.6356,-1200.0,100.0,1.0
-400,-375,1348.1,,13.1286,45.7714,-1300.0,100.0,1.0
-400,-375,1348.2,,13.1542,45.7705,-1300.0,100.0,1.0
-400,-375,1349.1,,13.3203,45.7648,-1500.0,100.0,1.0
-400,-375,1354,Etruscan Tarcste,13.771666,45.649509,-330.0,60.0,0.020833333333333332
-375,-350,753,"Olbia, Roman port",9.5031,40.9275,-330.0,60.0,0.22916666666666666
-375,-350,753.1,"Olbia, Punic port and Roman port",9.5057,40.9232,-750.0,60.0,1.0
-375,-350,756.1,Outlet of R Kaidris,9.734,40.373,-1500.0,100.0,1.0
-375,-350,757,"Sulcis, Sulpicius, Supicius ",9.706108,39.912462,-330.0,60.0,0.22916666666666666
-375,-350,762,Caralitanum Prom.,9.516373,39.11649,-330.0,60.0,0.22916666666666666
-375,-350,765,"Caralis, Carales, on R Sulcis",9.112387,39.211683,-750.0,60.0,1.0
-375,-350,766.1,,9.005325,39.095552,-1500.0,100.0,1.0
-375,-350,766.2,,9.0236,39.0619,-1500.0,100.0,1.0
-375,-350,767,Nora ,9.01444,38.987048,-750.0,60.0,1.0
-375,-350,768,Nora ,9.012555,38.984715,-750.0,60.0,1.0
-375,-350,769,Nora ,9.012066,38.988036,-750.0,60.0,1.0
-375,-350,770,"Bitia, Bithia, Bioea ",8.8849,38.8956,-750.0,60.0,1.0
-375,-350,778,"Sulcis, Solci (export of copper?)",8.462004,39.06534,-750.0,60.0,1.0
-375,-350,780,,8.4887,39.1774,-750.0,60.0,1.0
-375,-350,781,Metalla? ,8.5002,39.394,-500.0,30.0,1.0
-375,-350,781.1,,8.4601,39.5681,-7000.0,100.0,1.0
-375,-350,783,,8.60514,39.72744,-330.0,60.0,0.22916666666666666
-375,-350,786,"Othaia, Othoca, on R Thyrsos",8.60849,39.86957,-750.0,60.0,1.0
-375,-350,786.1,,8.495,39.925,-4500.0,100.0,1.0
-375,-350,787,"Tarrai, Tharros, Tarrhos, Punic port",8.44,39.892,-750.0,60.0,1.0
-375,-350,787.1,"Tarrai, Tharros, Tarrhos, possible Nuragic port",8.4416,39.8789,-1500.0,100.0,1.0
-375,-350,788,"Tarrai, Tharros, Tarrhos",8.437959,39.859288,-750.0,60.0,1.0
-375,-350,788.1,,8.3936,39.9725,-1200.0,100.0,1.0
-375,-350,788.2,,8.3066,39.988,-1200.0,100.0,1.0
-375,-350,789,"Coracodes, Korakodes portus",8.409895,40.043873,-1200.0,100.0,1.0
-375,-350,790,"Cornus, Kornos",8.490364,40.087832,-330.0,60.0,0.22916666666666666
-375,-350,791,"Bosa, on R Temos",8.469417,40.284535,-330.0,60.0,0.22916666666666666
-375,-350,793,Nymphaeus portus ,8.189645,40.616568,-750.0,60.0,1.0
-375,-350,796,"Turris Libyssonis, Libisonis",8.3918,40.8368,-330.0,60.0,0.22916666666666666
-375,-350,796.1,"Turris Libyssonis, Libisonis",8.3941,40.8391,-330.0,60.0,0.22916666666666666
-375,-350,796.2,"Turris Libyssonis, Libisonis",8.4016,40.8392,-330.0,60.0,0.22916666666666666
-375,-350,796.3,"Turris Libyssonis, Libisonis",8.4089,40.8389,-330.0,60.0,0.22916666666666666
-375,-350,801,,9.1609,41.2404,-330.0,60.0,0.22916666666666666
-375,-350,803,"Turublum Minus, Lamos?, Telepylos?, possible port of the Laestrygonians and stopover of Odysseus, near famous Arktou Akra Prom.",9.275693,41.199135,-1500.0,100.0,1.0
-375,-350,811.1,"Vintimilio plagia, Album Intermilium, Albintimilium",7.6252,43.7893,-550.0,60.0,1.0
-375,-350,818,"Albingauno, Albenganum ",8.2133,44.047,-550.0,60.0,1.0
-375,-350,823,"Savo, Vicus Virginis? ",8.479161,44.296439,-330.0,60.0,0.22916666666666666
-375,-350,829,Genua,8.9284,44.411,-600.0,30.0,1.0
-375,-350,830,"archaic landing place of Genua, Etruscan Cainua?",8.94388,44.409,-1000.0,100.0,1.0
-375,-350,838,Antion ,9.546199,44.202859,-550.0,60.0,1.0
-375,-350,844,"Portus Lunae, Lune, Selene, Etruscan Luna, near R Macra  (export of white marble)",10.0152,44.0608,-330.0,60.0,0.22916666666666666
-375,-350,847,,10.28083,43.87307,-750.0,60.0,1.0
-375,-350,848,,10.3602,43.83659,-330.0,60.0,0.22916666666666666
-375,-350,849,,10.32724,43.76764,-750.0,60.0,1.0
-375,-350,850,,10.33555,43.73476,-750.0,60.0,1.0
-375,-350,851,"Port of Pise, Pisa, Etruscan Pisna, Peithusa, Pithsa, on ancient R Auser, near R Arnus",10.3862,43.7211,-550.0,60.0,1.0
-375,-350,853,,10.3934,43.6386,-5000.0,100.0,1.0
-375,-350,854,"Triturrita? Turrita? Near Portus Pisanus, Pisarum emporio, Liburnus Portus, Portus Herculis Liburni, Portus Labro, Etruscan Liburna",10.3343,43.5733,-5000.0,100.0,1.0
-375,-350,855,,10.4182,43.4022,-330.0,60.0,0.22916666666666666
-375,-350,856,"Vadis, Vada Volaterrana ",10.44801,43.35981,-330.0,60.0,0.22916666666666666
-375,-350,858.1,,10.531,43.099,-5000.0,100.0,1.0
-375,-350,859,"Populonio, Poplonium, Etruscan Fufluna, Pupluna",10.5014,42.9924,-750.0,60.0,1.0
-375,-350,860,"Falesia, Porto Falese ",10.559041,42.934297,-5000.0,100.0,1.0
-375,-350,861,,10.67991,42.9663,-330.0,60.0,0.22916666666666666
-375,-350,862,Etruscan Fullona,10.757,42.917,-700.0,30.0,1.0
-375,-350,866,"Ilva, Aithalia, Ethalie ",10.273798,42.770152,-5000.0,100.0,1.0
-375,-350,867,"Argous portus, Argoos, ",10.329861,42.813066,-750.0,60.0,1.0
-375,-350,872,Planasia insula,10.082156,42.582969,-330.0,60.0,0.22916666666666666
-375,-350,873,,10.09386,42.59297,-5000.0,100.0,1.0
-375,-350,880.1,,11.173,42.431,-1000.0,100.0,1.0
-375,-350,884.1,,10.922725,42.3593,-330.0,60.0,0.22916666666666666
-375,-350,885,Oglasa insula,10.309211,42.331958,-5000.0,100.0,1.0
-375,-350,886,"Portu Herculis, Port of Hercules",11.2086,42.3912,-330.0,60.0,0.22916666666666666
-375,-350,888.1,,11.2774,42.4201,-1000.0,100.0,1.0
-375,-350,891,"Cosa, Cossae, Portus Herculis Cosanus, Etruscan Cusi, Cuthi",11.293827,42.40709,-330.0,60.0,0.22916666666666666
-375,-350,893,"Regis, Regae ",11.6041,42.3122,-750.0,60.0,1.0
-375,-350,896,"Graviscae, port of Tarquinia, Etruscan Tarchuna, Tarchna, possible first settlement of Etruscan people",11.7066,42.2144,-750.0,60.0,1.0
-375,-350,902.1,,11.8243,42.0446,-500.0,30.0,1.0
-375,-350,904.1,Punicum ,11.8715,42.035,-330.0,60.0,0.22916666666666666
-375,-350,906,"Pyrgoi, Pyrgi (also called The Towers), port of Agylle, Caere, Etruscan Chaire, Caisra, Cisra",11.9565,42.0152,-750.0,60.0,1.0
-375,-350,906.1,"Pyrgoi, Pyrgi (also called The Towers), port of Agylle, Caere, Etruscan Chaire, Caisra, Cisra",11.9604,42.015,-750.0,60.0,1.0
-375,-350,906.2,Etruscan submerged structure,11.977,41.9957,-750.0,60.0,1.0
-375,-350,909,"Alsium, port of Agylla, Caere, Coere, Etruscan Chaire, Caisra",12.100837,41.932961,-750.0,60.0,1.0
-375,-350,910,,12.1253,41.9271,-330.0,60.0,0.22916666666666666
-375,-350,911,,12.1424,41.9128,-330.0,60.0,0.22916666666666666
-375,-350,912,"Fregenae, Etruscan Ficrine",12.18341,41.853058,-330.0,60.0,0.22916666666666666
-375,-350,916,"Ostia, port of Rome",12.279848,41.75343,-640.0,20.0,1.0
-375,-350,917,Ostia,12.290905,41.75752,-750.0,60.0,1.0
-375,-350,921,Ficana,12.35306,41.80187,-750.0,60.0,1.0
-375,-350,922,Portus Vicus Alexandri,12.471443,41.847394,-330.0,60.0,0.22916666666666666
-375,-350,930,"Portus Tiberinus, near Pons Aemilius, oldest archaic port of Rome, close to Foro Romano and Horrea Agrippiana",12.4809,41.8892,-753.0,10.0,1.0
-375,-350,935,Troia?,12.4685,41.6137,-550.0,60.0,1.0
-375,-350,938,Castrum Inui,12.5113,41.5803,-750.0,60.0,1.0
-375,-350,943,"Antium, Nero's port, Etruscan Anth? Caenon?",12.628393,41.442702,-750.0,60.0,1.0
-375,-350,949,"Astura, Storas, on R Astura",12.767198,41.407351,-330.0,60.0,0.22916666666666666
-375,-350,951,Ad Turres Albas ,12.91288,41.375768,-330.0,60.0,0.22916666666666666
-375,-350,953,"Port of Circei, Circe, Eea, Aeaea, Aiaia, Aia insula?, possible stopover for Odysseus",13.04425,41.253072,-330.0,60.0,0.22916666666666666
-375,-350,954,"Circei, Circaeum Prom., Kirkaion, outlet of Nero's Fossa Augusta",13.1052,41.2405,-550.0,60.0,1.0
-375,-350,955,"Terracina, Tarracina, Anxur, Etruscan Tarchna, Tarkina",13.2545,41.286,-500.0,30.0,1.0
-375,-350,956,Fundi,13.42926,41.35738,-330.0,60.0,0.22916666666666666
-375,-350,957,Pontia insula,12.964786,40.894781,-750.0,60.0,1.0
-375,-350,962,"Caiete, Caieta, Caeatas, Aeete, Etruscan Caithi",13.586,41.211,-330.0,60.0,0.22916666666666666
-375,-350,964,"Formiae, Formies, Hormies ",13.6057,41.253,-330.0,60.0,0.22916666666666666
-375,-350,966,,13.675,41.2479,-330.0,60.0,0.22916666666666666
-375,-350,967,Pyrae?,13.703677,41.250662,-330.0,60.0,0.22916666666666666
-375,-350,968.1,"Marica temple, sea-port of Minturnae",13.7645,41.2265,-700.0,30.0,1.0
-375,-350,969,,13.8408,41.15847,-330.0,60.0,0.22916666666666666
-375,-350,970,"Sinuessa, Sinuesa, Sinope",13.85,41.14944,-550.0,60.0,1.0
-375,-350,972,Aquae Sinuessanae & Pagus Sarclanus?,13.9125,41.1228,-330.0,60.0,0.22916666666666666
-375,-350,973,"Volturnum, on R Vulturnus",13.92,41.0186,-550.0,60.0,1.0
-375,-350,974,"Liternum, Linternum, port of the Osci, Oskoi, Osques, Opici, Aurunci, Ausones",14.029903,40.921334,-330.0,60.0,0.22916666666666666
-375,-350,975,"Cumae, Cumes, Kyme",14.051265,40.846657,-750.0,60.0,1.0
-375,-350,977,"Pithekoussai, Pithecusae, Etruscan Inarime, first Greek (Euboian) settlement in Italy",13.885913,40.754297,-750.0,60.0,1.0
-375,-350,978,,13.879064,40.696687,-700.0,30.0,1.0
-375,-350,978.1,"Procita, Prochyta insula",14.016731,40.759068,-700.0,30.0,1.0
-375,-350,978.2,,13.992,40.74,-1500.0,100.0,1.0
-375,-350,991,"Puteoli, Dikaiarcheia, Dicearque, Flavia Colonia Augusta Puteoli, Delus Minor, in the Campi Phlegraei volcano district",14.1154,40.8216,-750.0,60.0,1.0
-375,-350,997,"Parthenope, Neapolis",14.2522,40.8398,-750.0,60.0,1.0
-375,-350,997.1,Neapolis ,14.25462,40.83927,-600.0,30.0,1.0
-375,-350,998,Neapolis ,14.2524,40.83926,-600.0,30.0,1.0
-375,-350,999.1,"Herculaneum, Etruscan Herclena",14.35,40.7998,-550.0,60.0,1.0
-375,-350,1001,Oplontis ,14.4525,40.75755,-330.0,60.0,0.22916666666666666
-375,-350,1002,"Pompeia, Porta Marina, Etruscan Pumpai",14.48226,40.74893,-750.0,60.0,1.0
-375,-350,1002.1,"Pompeia, Porta Stabia, Etruscan Pumpai",14.4908,40.7473,-750.0,60.0,1.0
-375,-350,1003,Stabiae ,14.4926,40.69976,-330.0,60.0,0.22916666666666666
-375,-350,1004,Aequana ,14.4215,40.6617,-750.0,60.0,1.0
-375,-350,1005,,14.402715,40.645818,-550.0,60.0,1.0
-375,-350,1006,"Surrentum, Etruscan Irnthi",14.3698,40.6279,-330.0,60.0,0.22916666666666666
-375,-350,1009,"Capraria, Capreae insula",14.236593,40.557685,-550.0,60.0,1.0
-375,-350,1013.1,"Seirenoussai nesoi, Anthemoessa insulae, Anthemuse, possible Siren islands, no stopover for Odysseus",14.43365,40.5825,-750.0,60.0,1.0
-375,-350,1017,Vietri ,14.713068,40.657725,-750.0,60.0,1.0
-375,-350,1019,,14.94346,40.5352,-750.0,60.0,1.0
-375,-350,1020,Portus Alburnus ,14.969769,40.488629,-330.0,60.0,0.22916666666666666
-375,-350,1021,"Poseïdonia, Posidonia, Paestum, on R Silarus",14.992,40.415,-750.0,60.0,1.0
-375,-350,1022,,14.990506,40.358318,-550.0,60.0,1.0
-375,-350,1024,"Velia, Elea, Portus Velinus, Hyele, near R Hales",15.157,40.1602,-535.0,10.0,1.0
-375,-350,1025,Palinurus ,15.282234,40.035658,-750.0,60.0,1.0
-375,-350,1026,"Oenotrides insulae, Molpa ",15.294659,40.026788,-750.0,60.0,1.0
-375,-350,1027,"Pyxus, near Buxentum Prom.",15.516403,40.065378,-470.0,20.0,1.0
-375,-350,1028,Scidrus ,15.6222,40.07218,-330.0,60.0,0.22916666666666666
-375,-350,1031,Blanda ,15.756465,39.913511,-330.0,60.0,0.22916666666666666
-375,-350,1032,,15.781146,39.81781,-750.0,60.0,1.0
-375,-350,1033,"Laos, Laus ",15.789572,39.775272,-750.0,60.0,1.0
-375,-350,1034,"Cerillea, Cerilli ",15.804176,39.709009,-330.0,60.0,0.22916666666666666
-375,-350,1035,,15.848026,39.613783,-330.0,60.0,0.22916666666666666
-375,-350,1036,,15.945789,39.491704,-550.0,60.0,1.0
-375,-350,1037,Port of Pandosia,16.042302,39.301273,-550.0,60.0,1.0
-375,-350,1038,"Klampeteia, Clampetia ",16.065528,39.127809,-330.0,60.0,0.22916666666666666
-375,-350,1039,"Temesa, Temese, Tempsa, on R Sabutus",16.094554,39.027944,-750.0,60.0,1.0
-375,-350,1040,,16.15407,38.98683,-330.0,60.0,0.22916666666666666
-375,-350,1041,Terina ,16.2389,38.9448,-550.0,60.0,1.0
-375,-350,1047.3,,15.9718,38.7135,-1500.0,100.0,1.0
-375,-350,1049,,15.921,38.545,-750.0,60.0,1.0
-375,-350,1051,Emporion,15.95941,38.49277,-330.0,60.0,0.22916666666666666
-375,-350,1052,"Medma, Mesma",15.9882,38.4821,-750.0,60.0,1.0
-375,-350,1053,"Port at the outlet of R Metaurus, Metaure ",15.871137,38.421553,-750.0,60.0,1.0
-375,-350,1054,Taurianum ,15.86494,38.39426,-330.0,60.0,0.22916666666666666
-375,-350,1058,"Scyllaeum, Scylla, in front of Charybdis in Sicily, both Planktes insulae, where Odysseus possibly sailed",15.715,38.259,-750.0,60.0,1.0
-375,-350,1059,Kainys ,15.6354,38.2322,-550.0,60.0,1.0
-375,-350,1061,"Rhegium, Rhegion",15.634658,38.109425,-740.0,20.0,1.0
-375,-350,1064,Scyle ,15.92,37.928,-330.0,60.0,0.22916666666666666
-375,-350,1068,Altanum? ,16.177826,38.141495,-550.0,60.0,1.0
-375,-350,1069,"Lokroi Epizephyrioi, Locri Epizefiri, Locres ",16.2368,38.2077,-750.0,60.0,1.0
-375,-350,1071,"Amphissa, Santo Onofrio ",16.413143,38.318166,-750.0,60.0,1.0
-375,-350,1072,"Kaulonia, Caulonia, Aulonia, Stilida",16.5787,38.4454,-750.0,60.0,1.0
-375,-350,1075,"Scylletium, Scolacium ",16.5952,38.8076,-550.0,60.0,1.0
-375,-350,1076,"Castra Hannibalis, Camp of Annibal ",16.713868,38.85776,-330.0,60.0,0.22916666666666666
-375,-350,1078,,17.023685,38.903404,-330.0,60.0,0.22916666666666666
-375,-350,1080,,17.16869,38.95411,-750.0,60.0,1.0
-375,-350,1082,"Kroton, Crotone, on R Aisaros",17.126348,39.085539,-750.0,60.0,1.0
-375,-350,1084,Krimisa?,17.140861,39.370149,-750.0,60.0,1.0
-375,-350,1085,"Temple of Apollo Alaeus, port of Aesarus ",17.1466,39.39654,-750.0,60.0,1.0
-375,-350,1087,,16.9617,39.496,-330.0,60.0,0.22916666666666666
-375,-350,1088,"Sybaris ad Traeis, on R Traeis",16.771,39.59,-443.0,10.0,1.0
-375,-350,1090,"archaic Sybaris, on R Sybaris and R Crathis, Thourioi, Thurii, Copia",16.491191,39.717044,-720.0,20.0,1.0
-375,-350,1091,,16.538059,39.865106,-1500.0,100.0,1.0
-375,-350,1093,,16.60264,40.04726,-550.0,60.0,1.0
-375,-350,1095,,16.64197,40.15955,-330.0,60.0,0.22916666666666666
-375,-350,1097,"Siris, on R Siris",16.6682,40.1658,-750.0,60.0,1.0
-375,-350,1098,"Heraclea, Heraclee ",16.67,40.22,-550.0,60.0,1.0
-375,-350,1098.0999999999999,,16.6642,40.2934,-1500.0,100.0,1.0
-375,-350,1099,"Metapontum, Metaponte",16.8352,40.3728,-750.0,60.0,1.0
-375,-350,1100,"Tarentum, Taras, Neptuna",17.228144,40.472032,-750.0,60.0,1.0
-375,-350,1103,"Satyrion, Saturnum ",17.30396,40.37282,-1500.0,100.0,1.0
-375,-350,1104,,17.50013,40.30372,-330.0,60.0,0.22916666666666666
-375,-350,1105,Port Sasina ,17.896215,40.25706,-750.0,60.0,1.0
-375,-350,1106,Port of Neretum,17.983673,40.137046,-750.0,60.0,1.0
-375,-350,1107,"Kallipolis, Callipolis, Anxa ",17.979931,40.054413,-750.0,60.0,1.0
-375,-350,1109,,18.31,39.8138,-330.0,60.0,0.22916666666666666
-375,-350,1110,"Portus Sallentinus, Leuke, near Iapygia Prom.",18.362675,39.792157,-750.0,60.0,1.0
-375,-350,1112,"Zancle, Zankle, Messana, Messene",15.560811,38.192865,-730.0,20.0,1.0
-375,-350,1113,,15.536584,38.145129,-750.0,60.0,1.0
-375,-350,1114,"Phoinix, Tamaricii, Palmae ",15.37,37.9438,-330.0,60.0,0.22916666666666666
-375,-350,1115,,15.3078,37.878,-330.0,60.0,0.22916666666666666
-375,-350,1116,Tauromenium ,15.302,37.848,-550.0,60.0,1.0
-375,-350,1117,"Naxos, Naxus ",15.2694,37.8239,-470.0,20.0,1.0
-375,-350,1118,"Archaic Naxos, near R Akesines",15.2694,37.8193,-734.0,10.0,1.0
-375,-350,1123,"Katane, Catina ",15.0873,37.5024,-750.0,60.0,1.0
-375,-350,1123.2,"Leontinoi, on R Terias",14.998,37.2855,-750.0,60.0,1.0
-375,-350,1124,,15.132834,37.310011,-750.0,60.0,1.0
-375,-350,1125.0999999999999,"Xiphoneos, Xiphonia, Xiphon",15.207,37.234,-330.0,60.0,0.22916666666666666
-375,-350,1126,"Megara Hyblaea, on R Alabon",15.183741,37.205772,-750.0,60.0,1.0
-375,-350,1127,"Tapsus, Thapsos ",15.228473,37.145257,-1200.0,100.0,1.0
-375,-350,1128,"Leon, landing place of Athenian fleet in 414 BC",15.2615,37.1076,-4000.0,100.0,1.0
-375,-350,1132,"Syracuse, ""Large Port"", on the isle of Sikelia, Sicania, Trinacria, major Greek (Corinthian) settlement in Sicily",15.288,37.06,-733.0,10.0,1.0
-375,-350,1138,Portus Naustathamus?,15.214525,36.95611,-750.0,60.0,1.0
-375,-350,1140,"Helorus, Elorus, on R Helorus",15.1075,36.8422,-750.0,60.0,1.0
-375,-350,1141,Phoenicus portus ,15.0985,36.803,-330.0,60.0,0.22916666666666666
-375,-350,1143,"Portus Pachino, Pachyno, Pachyni, Apollineum ",15.1385,36.6857,-330.0,60.0,0.22916666666666666
-375,-350,1146,R Hirminum,14.594,36.771,-750.0,60.0,1.0
-375,-350,1148,"Kamarina, on R Hipparis",14.440957,36.866878,-598.0,10.0,1.0
-375,-350,1150,,14.3,37.032,-550.0,60.0,1.0
-375,-350,1152,"Gela, on R Gela",14.2583,37.063,-688.0,10.0,1.0
-375,-350,1154,,14.197,37.0842,-750.0,60.0,1.0
-375,-350,1155,"Port of Maktorion, Mactorium?",14.138661,37.100201,-750.0,60.0,1.0
-375,-350,1156,"Phintias, on R Himeras",13.9317,37.1,-330.0,60.0,0.22916666666666666
-375,-350,1158,,13.881,37.102,-750.0,60.0,1.0
-375,-350,1160,,13.780019,37.144488,-750.0,60.0,1.0
-375,-350,1161,,13.695341,37.17957,-550.0,60.0,1.0
-375,-350,1162.0999999999999,,13.624,37.233,-1400.0,100.0,1.0
-375,-350,1163,"Agrakas, Akragas, Agrigentum, on R Hypsas",13.581,37.2687,-580.0,20.0,1.0
-375,-350,1166,"Heraclea Minoa, on R Halycus",13.28,37.3937,-750.0,60.0,1.0
-375,-350,1167,,13.256671,37.414943,-750.0,60.0,1.0
-375,-350,1169,"Selinus, Selinunt, Selinonte east port",12.8294,37.5845,-650.0,30.0,1.0
-375,-350,1170,"Selinus, Selinunt, Selinonte west port, on R Selinon",12.82116,37.5828,-650.0,30.0,1.0
-375,-350,1171,"Mazara, on R Mazara",12.587605,37.644211,-550.0,60.0,1.0
-375,-350,1172,"Lilybaion, Lilybee South port?",12.43,37.7937,-750.0,60.0,1.0
-375,-350,1173,"Lilybaion, Lilybee Main port",12.428115,37.808131,-750.0,60.0,1.0
-375,-350,1174,"Lilybaion, Lilybee North port?",12.443337,37.8124,-750.0,60.0,1.0
-375,-350,1176,"Motye, Motya",12.4646,37.8641,-750.0,60.0,1.0
-375,-350,1176.0999999999999,"Motye, Motya",12.4724,37.86902,-350.0,30.0,0.2916666666666667
-375,-350,1176.2,"Motye, Motya",12.47,37.8715,-350.0,30.0,0.2916666666666667
-375,-350,1177,"Aigousa insula, anchorage of Roman fleet before the famous battle of the Egadi Islands (10 March 241 BC), Odysseus' port of the Cyclops? ",12.322489,37.934044,-750.0,60.0,1.0
-375,-350,1179,"Maritima, Hieronesos, Hiera insula",12.077769,37.970422,-330.0,60.0,0.22916666666666666
-375,-350,1180,"Bucinna, Phorbantia insula",12.321625,38.00168,-10000.0,100.0,1.0
-375,-350,1181,"Drepanum, Drepane ",12.502194,38.007961,-330.0,60.0,0.22916666666666666
-375,-350,1182,"Port of Erix, Eryx, Erice, Carthaginian base camp during the famous battle of the Egadi Islands (10 March 241 BC)",12.58963,38.070435,-550.0,60.0,1.0
-375,-350,1182.2,,12.736,38.186,-400.0,30.0,1.0
-375,-350,1182.3,,12.7692,38.1673,-400.0,30.0,1.0
-375,-350,1184,"Emporion Segestanon, Emporium of the Aegestes, port of Segesta, on R Crimisus",12.88,38.0295,-330.0,60.0,0.22916666666666666
-375,-350,1184.0999999999999,,13.0791,38.1732,-400.0,30.0,1.0
-375,-350,1187,,13.182596,38.71968,-1500.0,100.0,1.0
-375,-350,1189,"Panhormus, Panorme",13.368583,38.120398,-750.0,60.0,1.0
-375,-350,1190,"Solus, port of Solonte ",13.542862,38.081694,-750.0,60.0,1.0
-375,-350,1191,"Thermai, Thermae Himeraeae, on R Thermos",13.690394,37.993991,-550.0,60.0,1.0
-375,-350,1192,,13.7815,37.9743,-330.0,60.0,0.22916666666666666
-375,-350,1193,"Himera, Himere, on R Himeras",13.8215,37.9683,-729.0,10.0,1.0
-375,-350,1195,"Cephaloedium, Cephalidium ",14.024107,38.043883,-550.0,60.0,1.0
-375,-350,1196,"Halaesa, on R Halaisos",14.263,37.998,-330.0,60.0,0.22916666666666666
-375,-350,1197,"Kale Akte, Calate ",14.448292,38.036496,-550.0,60.0,1.0
-375,-350,1199,Agathyrnum ,14.752,38.164,-550.0,60.0,1.0
-375,-350,1202,"Egira, Erikodes, Ericusa Insula",14.351188,38.5428,-330.0,60.0,0.22916666666666666
-375,-350,1203,"Celsina, Phoenicusa, Phoinikoussa insula",14.5883,38.5569,-1500.0,100.0,1.0
-375,-350,1204,Didyma insula,14.8696,38.5739,-1500.0,100.0,1.0
-375,-350,1205,"Lipara on Liparos insula, Meligounis nesos",14.9568,38.4717,-1500.0,100.0,1.0
-375,-350,1206,"Heraclea, Hiera Thermessa insula,  Hiera Hephaistou insula",14.966446,38.416361,-550.0,60.0,1.0
-375,-350,1207,"Aegina, Euonymus insula",15.0636,38.6256,-1500.0,100.0,1.0
-375,-350,1209,"Strongilos, Eolie, possibly Odysseus' stopover on the isle of Aeolos",15.244209,38.797457,-1500.0,100.0,1.0
-375,-350,1210,Tyndaris ,15.044,38.1433,-550.0,60.0,1.0
-375,-350,1212,"Myle, Mylae ",15.2428,38.2177,-750.0,60.0,1.0
-375,-350,1213,"Naulochos, Naulocha ",15.371783,38.22509,-330.0,60.0,0.22916666666666666
-375,-350,1242,"Castrum Minerva, Port of Venus, Limen Aphrodites, Athenaion ",18.435411,40.011636,-550.0,60.0,1.0
-375,-350,1242.0999999999999,,18.4849,40.079,-330.0,60.0,0.22916666666666666
-375,-350,1243,"Hydros, Hydruntum, Otrante ",18.490869,40.148182,-750.0,60.0,1.0
-375,-350,1243.0999999999999,,18.4732,40.1841,-330.0,60.0,0.22916666666666666
-375,-350,1243.2,,18.431,40.277,-330.0,60.0,0.22916666666666666
-375,-350,1244,Port Tarentin ,18.4263,40.2871,-1500.0,100.0,1.0
-375,-350,1245,,18.409136,40.301208,-750.0,60.0,1.0
-375,-350,1247,"Brindes, Brentesium, Brundisium, Bronduse",17.948953,40.641441,-750.0,60.0,1.0
-375,-350,1248,,17.8705,40.6875,-330.0,60.0,0.22916666666666666
-375,-350,1249,,17.7983,40.7137,-750.0,60.0,1.0
-375,-350,1250.0999999999999,Karbina,17.6983,40.7596,-1500.0,100.0,1.0
-375,-350,1252,Gnathia ,17.391,40.8896,-750.0,60.0,1.0
-375,-350,1254,"Turris Caesaris, Neapolis ",17.2183,40.9975,-330.0,60.0,0.22916666666666666
-375,-350,1257,,16.997139,41.090957,-750.0,60.0,1.0
-375,-350,1259,Natiolum ,16.669838,41.192824,-330.0,60.0,0.22916666666666666
-375,-350,1262,Barduli ,16.287075,41.334436,-330.0,60.0,0.22916666666666666
-375,-350,1263.0999999999999,,16.0811,41.3592,-1500.0,100.0,1.0
-375,-350,1264,San Vito ,16.03185,41.3848,-330.0,60.0,0.22916666666666666
-375,-350,1267,,15.8378,41.519,-750.0,60.0,1.0
-375,-350,1268,"Coppa Nevigatta, on R Aquilo",15.8338,41.558,-5000.0,100.0,1.0
-375,-350,1270,"Sipous, Sipontum, Sipunte ",15.9221,41.617859,-330.0,60.0,0.22916666666666666
-375,-350,1271,"Apanestae, Apeneste",16.06038,41.69375,-750.0,60.0,1.0
-375,-350,1274,"Portus Aggasus, Port Agasus ",16.183,41.885,-550.0,60.0,1.0
-375,-350,1277,"Hyria, Uria",15.83039,41.8821,-330.0,60.0,0.22916666666666666
-375,-350,1284,,15.05334,41.93962,-750.0,60.0,1.0
-375,-350,1286,Buca?,14.9976,42.0066,-330.0,60.0,0.22916666666666666
-375,-350,1288,"Histonium, Istonium ",14.7205,42.1188,-550.0,60.0,1.0
-375,-350,1289,Buca?,14.7125,42.172,-330.0,60.0,0.22916666666666666
-375,-350,1291,"Gualdi, port of Anxanum ",14.4434,42.3103,-550.0,60.0,1.0
-375,-350,1292,"Orton, Hortona",14.4098,42.357,-330.0,60.0,0.22916666666666666
-375,-350,1293,"Aternum, Ostia Aterni, on R Aternus",14.2118,42.4614,-330.0,60.0,0.22916666666666666
-375,-350,1294.0999999999999,"Matrinus, port of Hatria, Adria at the outlet of R Matrinus",14.138,42.5332,-330.0,60.0,0.22916666666666666
-375,-350,1296,"Castrum Novum, on R Batinus",13.971,42.7356,-330.0,60.0,0.22916666666666666
-375,-350,1297,"Castrum Truentinum, Truentum, on R Truentinum",13.901,42.8908,-330.0,60.0,0.22916666666666666
-375,-350,1298,Cupra Maritima,13.8534,43.034,-750.0,60.0,1.0
-375,-350,1299,"Castellum Firmanorum, port of Firmum Picenum, Etruscan Permu",13.8011,43.1605,-330.0,60.0,0.22916666666666666
-375,-350,1301,"Potentia, near R Flosis",13.6711,43.4142,-330.0,60.0,0.22916666666666666
-375,-350,1302,Numana ,13.628195,43.50729,-750.0,60.0,1.0
-375,-350,1305,"Sena Gallica, on R Sena",13.2185,43.7123,-330.0,60.0,0.22916666666666666
-375,-350,1306,,13.175681,43.75246,-750.0,60.0,1.0
-375,-350,1308,Fanum Fortunae ,13.019325,43.858514,-330.0,60.0,0.22916666666666666
-375,-350,1309,"Pisaurum, on R Pisaurus",12.92,43.9159,-550.0,60.0,1.0
-375,-350,1311,"Ariminum, Etruscan Arimna, Harimne, on R Ariminus & R Ausa",12.5739,44.0623,-550.0,60.0,1.0
-375,-350,1316,"Butrium, Budrium, port of Budrio ",12.14588,44.53989,-330.0,60.0,0.22916666666666666
-375,-350,1319,"Pomposa, Etruscan Spina, at the outlet of R Padus",12.10256,44.6943,-750.0,60.0,1.0
-375,-350,1323,Hadriani ,12.17741,44.94566,-750.0,60.0,1.0
-375,-350,1326,"Atria, Etruscan Hatria ",12.067121,45.048536,-750.0,60.0,1.0
-375,-350,1339,Altinum ,12.4077,45.5428,-550.0,60.0,1.0
-375,-350,1345,"Eraclia, Port on R Anassum or Anaxum ",12.6573,45.6378,-1300.0,100.0,1.0
-375,-350,1347.1,,12.8872,45.6356,-1200.0,100.0,1.0
-375,-350,1348.1,,13.1286,45.7714,-1300.0,100.0,1.0
-375,-350,1348.2,,13.1542,45.7705,-1300.0,100.0,1.0
-375,-350,1349.1,,13.3203,45.7648,-1500.0,100.0,1.0
-375,-350,1354,Etruscan Tarcste,13.771666,45.649509,-330.0,60.0,0.22916666666666666
-350,-325,753,"Olbia, Roman port",9.5031,40.9275,-330.0,60.0,0.4375
-350,-325,753.1,"Olbia, Punic port and Roman port",9.5057,40.9232,-750.0,60.0,1.0
-350,-325,756.1,Outlet of R Kaidris,9.734,40.373,-1500.0,100.0,1.0
-350,-325,757,"Sulcis, Sulpicius, Supicius ",9.706108,39.912462,-330.0,60.0,0.4375
-350,-325,762,Caralitanum Prom.,9.516373,39.11649,-330.0,60.0,0.4375
-350,-325,765,"Caralis, Carales, on R Sulcis",9.112387,39.211683,-750.0,60.0,1.0
-350,-325,766.1,,9.005325,39.095552,-1500.0,100.0,1.0
-350,-325,766.2,,9.0236,39.0619,-1500.0,100.0,1.0
-350,-325,767,Nora ,9.01444,38.987048,-750.0,60.0,1.0
-350,-325,768,Nora ,9.012555,38.984715,-750.0,60.0,1.0
-350,-325,769,Nora ,9.012066,38.988036,-750.0,60.0,1.0
-350,-325,770,"Bitia, Bithia, Bioea ",8.8849,38.8956,-750.0,60.0,1.0
-350,-325,778,"Sulcis, Solci (export of copper?)",8.462004,39.06534,-750.0,60.0,1.0
-350,-325,780,,8.4887,39.1774,-750.0,60.0,1.0
-350,-325,781,Metalla? ,8.5002,39.394,-500.0,30.0,1.0
-350,-325,781.1,,8.4601,39.5681,-7000.0,100.0,1.0
-350,-325,783,,8.60514,39.72744,-330.0,60.0,0.4375
-350,-325,786,"Othaia, Othoca, on R Thyrsos",8.60849,39.86957,-750.0,60.0,1.0
-350,-325,786.1,,8.495,39.925,-4500.0,100.0,1.0
-350,-325,787,"Tarrai, Tharros, Tarrhos, Punic port",8.44,39.892,-750.0,60.0,1.0
-350,-325,787.1,"Tarrai, Tharros, Tarrhos, possible Nuragic port",8.4416,39.8789,-1500.0,100.0,1.0
-350,-325,788,"Tarrai, Tharros, Tarrhos",8.437959,39.859288,-750.0,60.0,1.0
-350,-325,788.1,,8.3936,39.9725,-1200.0,100.0,1.0
-350,-325,788.2,,8.3066,39.988,-1200.0,100.0,1.0
-350,-325,789,"Coracodes, Korakodes portus",8.409895,40.043873,-1200.0,100.0,1.0
-350,-325,790,"Cornus, Kornos",8.490364,40.087832,-330.0,60.0,0.4375
-350,-325,791,"Bosa, on R Temos",8.469417,40.284535,-330.0,60.0,0.4375
-350,-325,793,Nymphaeus portus ,8.189645,40.616568,-750.0,60.0,1.0
-350,-325,796,"Turris Libyssonis, Libisonis",8.3918,40.8368,-330.0,60.0,0.4375
-350,-325,796.1,"Turris Libyssonis, Libisonis",8.3941,40.8391,-330.0,60.0,0.4375
-350,-325,796.2,"Turris Libyssonis, Libisonis",8.4016,40.8392,-330.0,60.0,0.4375
-350,-325,796.3,"Turris Libyssonis, Libisonis",8.4089,40.8389,-330.0,60.0,0.4375
-350,-325,801,,9.1609,41.2404,-330.0,60.0,0.4375
-350,-325,803,"Turublum Minus, Lamos?, Telepylos?, possible port of the Laestrygonians and stopover of Odysseus, near famous Arktou Akra Prom.",9.275693,41.199135,-1500.0,100.0,1.0
-350,-325,811.1,"Vintimilio plagia, Album Intermilium, Albintimilium",7.6252,43.7893,-550.0,60.0,1.0
-350,-325,818,"Albingauno, Albenganum ",8.2133,44.047,-550.0,60.0,1.0
-350,-325,823,"Savo, Vicus Virginis? ",8.479161,44.296439,-330.0,60.0,0.4375
-350,-325,829,Genua,8.9284,44.411,-600.0,30.0,1.0
-350,-325,830,"archaic landing place of Genua, Etruscan Cainua?",8.94388,44.409,-1000.0,100.0,1.0
-350,-325,838,Antion ,9.546199,44.202859,-550.0,60.0,1.0
-350,-325,844,"Portus Lunae, Lune, Selene, Etruscan Luna, near R Macra  (export of white marble)",10.0152,44.0608,-330.0,60.0,0.4375
-350,-325,847,,10.28083,43.87307,-750.0,60.0,1.0
-350,-325,848,,10.3602,43.83659,-330.0,60.0,0.4375
-350,-325,849,,10.32724,43.76764,-750.0,60.0,1.0
-350,-325,850,,10.33555,43.73476,-750.0,60.0,1.0
-350,-325,851,"Port of Pise, Pisa, Etruscan Pisna, Peithusa, Pithsa, on ancient R Auser, near R Arnus",10.3862,43.7211,-550.0,60.0,1.0
-350,-325,853,,10.3934,43.6386,-5000.0,100.0,1.0
-350,-325,854,"Triturrita? Turrita? Near Portus Pisanus, Pisarum emporio, Liburnus Portus, Portus Herculis Liburni, Portus Labro, Etruscan Liburna",10.3343,43.5733,-5000.0,100.0,1.0
-350,-325,855,,10.4182,43.4022,-330.0,60.0,0.4375
-350,-325,856,"Vadis, Vada Volaterrana ",10.44801,43.35981,-330.0,60.0,0.4375
-350,-325,858.1,,10.531,43.099,-5000.0,100.0,1.0
-350,-325,859,"Populonio, Poplonium, Etruscan Fufluna, Pupluna",10.5014,42.9924,-750.0,60.0,1.0
-350,-325,860,"Falesia, Porto Falese ",10.559041,42.934297,-5000.0,100.0,1.0
-350,-325,861,,10.67991,42.9663,-330.0,60.0,0.4375
-350,-325,862,Etruscan Fullona,10.757,42.917,-700.0,30.0,1.0
-350,-325,866,"Ilva, Aithalia, Ethalie ",10.273798,42.770152,-5000.0,100.0,1.0
-350,-325,867,"Argous portus, Argoos, ",10.329861,42.813066,-750.0,60.0,1.0
-350,-325,872,Planasia insula,10.082156,42.582969,-330.0,60.0,0.4375
-350,-325,873,,10.09386,42.59297,-5000.0,100.0,1.0
-350,-325,880.1,,11.173,42.431,-1000.0,100.0,1.0
-350,-325,884.1,,10.922725,42.3593,-330.0,60.0,0.4375
-350,-325,885,Oglasa insula,10.309211,42.331958,-5000.0,100.0,1.0
-350,-325,886,"Portu Herculis, Port of Hercules",11.2086,42.3912,-330.0,60.0,0.4375
-350,-325,888.1,,11.2774,42.4201,-1000.0,100.0,1.0
-350,-325,891,"Cosa, Cossae, Portus Herculis Cosanus, Etruscan Cusi, Cuthi",11.293827,42.40709,-330.0,60.0,0.4375
-350,-325,893,"Regis, Regae ",11.6041,42.3122,-750.0,60.0,1.0
-350,-325,896,"Graviscae, port of Tarquinia, Etruscan Tarchuna, Tarchna, possible first settlement of Etruscan people",11.7066,42.2144,-750.0,60.0,1.0
-350,-325,902.1,,11.8243,42.0446,-500.0,30.0,1.0
-350,-325,904.1,Punicum ,11.8715,42.035,-330.0,60.0,0.4375
-350,-325,906,"Pyrgoi, Pyrgi (also called The Towers), port of Agylle, Caere, Etruscan Chaire, Caisra, Cisra",11.9565,42.0152,-750.0,60.0,1.0
-350,-325,906.1,"Pyrgoi, Pyrgi (also called The Towers), port of Agylle, Caere, Etruscan Chaire, Caisra, Cisra",11.9604,42.015,-750.0,60.0,1.0
-350,-325,906.2,Etruscan submerged structure,11.977,41.9957,-750.0,60.0,1.0
-350,-325,909,"Alsium, port of Agylla, Caere, Coere, Etruscan Chaire, Caisra",12.100837,41.932961,-750.0,60.0,1.0
-350,-325,910,,12.1253,41.9271,-330.0,60.0,0.4375
-350,-325,911,,12.1424,41.9128,-330.0,60.0,0.4375
-350,-325,912,"Fregenae, Etruscan Ficrine",12.18341,41.853058,-330.0,60.0,0.4375
-350,-325,916,"Ostia, port of Rome",12.279848,41.75343,-640.0,20.0,1.0
-350,-325,917,Ostia,12.290905,41.75752,-750.0,60.0,1.0
-350,-325,921,Ficana,12.35306,41.80187,-750.0,60.0,1.0
-350,-325,922,Portus Vicus Alexandri,12.471443,41.847394,-330.0,60.0,0.4375
-350,-325,930,"Portus Tiberinus, near Pons Aemilius, oldest archaic port of Rome, close to Foro Romano and Horrea Agrippiana",12.4809,41.8892,-753.0,10.0,1.0
-350,-325,935,Troia?,12.4685,41.6137,-550.0,60.0,1.0
-350,-325,938,Castrum Inui,12.5113,41.5803,-750.0,60.0,1.0
-350,-325,943,"Antium, Nero's port, Etruscan Anth? Caenon?",12.628393,41.442702,-750.0,60.0,1.0
-350,-325,949,"Astura, Storas, on R Astura",12.767198,41.407351,-330.0,60.0,0.4375
-350,-325,951,Ad Turres Albas ,12.91288,41.375768,-330.0,60.0,0.4375
-350,-325,953,"Port of Circei, Circe, Eea, Aeaea, Aiaia, Aia insula?, possible stopover for Odysseus",13.04425,41.253072,-330.0,60.0,0.4375
-350,-325,954,"Circei, Circaeum Prom., Kirkaion, outlet of Nero's Fossa Augusta",13.1052,41.2405,-550.0,60.0,1.0
-350,-325,955,"Terracina, Tarracina, Anxur, Etruscan Tarchna, Tarkina",13.2545,41.286,-500.0,30.0,1.0
-350,-325,956,Fundi,13.42926,41.35738,-330.0,60.0,0.4375
-350,-325,957,Pontia insula,12.964786,40.894781,-750.0,60.0,1.0
-350,-325,962,"Caiete, Caieta, Caeatas, Aeete, Etruscan Caithi",13.586,41.211,-330.0,60.0,0.4375
-350,-325,964,"Formiae, Formies, Hormies ",13.6057,41.253,-330.0,60.0,0.4375
-350,-325,966,,13.675,41.2479,-330.0,60.0,0.4375
-350,-325,967,Pyrae?,13.703677,41.250662,-330.0,60.0,0.4375
-350,-325,968.1,"Marica temple, sea-port of Minturnae",13.7645,41.2265,-700.0,30.0,1.0
-350,-325,969,,13.8408,41.15847,-330.0,60.0,0.4375
-350,-325,970,"Sinuessa, Sinuesa, Sinope",13.85,41.14944,-550.0,60.0,1.0
-350,-325,972,Aquae Sinuessanae & Pagus Sarclanus?,13.9125,41.1228,-330.0,60.0,0.4375
-350,-325,973,"Volturnum, on R Vulturnus",13.92,41.0186,-550.0,60.0,1.0
-350,-325,974,"Liternum, Linternum, port of the Osci, Oskoi, Osques, Opici, Aurunci, Ausones",14.029903,40.921334,-330.0,60.0,0.4375
-350,-325,975,"Cumae, Cumes, Kyme",14.051265,40.846657,-750.0,60.0,1.0
-350,-325,977,"Pithekoussai, Pithecusae, Etruscan Inarime, first Greek (Euboian) settlement in Italy",13.885913,40.754297,-750.0,60.0,1.0
-350,-325,978,,13.879064,40.696687,-700.0,30.0,1.0
-350,-325,978.1,"Procita, Prochyta insula",14.016731,40.759068,-700.0,30.0,1.0
-350,-325,978.2,,13.992,40.74,-1500.0,100.0,1.0
-350,-325,991,"Puteoli, Dikaiarcheia, Dicearque, Flavia Colonia Augusta Puteoli, Delus Minor, in the Campi Phlegraei volcano district",14.1154,40.8216,-750.0,60.0,1.0
-350,-325,997,"Parthenope, Neapolis",14.2522,40.8398,-750.0,60.0,1.0
-350,-325,997.1,Neapolis ,14.25462,40.83927,-600.0,30.0,1.0
-350,-325,998,Neapolis ,14.2524,40.83926,-600.0,30.0,1.0
-350,-325,999.1,"Herculaneum, Etruscan Herclena",14.35,40.7998,-550.0,60.0,1.0
-350,-325,1001,Oplontis ,14.4525,40.75755,-330.0,60.0,0.4375
-350,-325,1002,"Pompeia, Porta Marina, Etruscan Pumpai",14.48226,40.74893,-750.0,60.0,1.0
-350,-325,1002.1,"Pompeia, Porta Stabia, Etruscan Pumpai",14.4908,40.7473,-750.0,60.0,1.0
-350,-325,1003,Stabiae ,14.4926,40.69976,-330.0,60.0,0.4375
-350,-325,1004,Aequana ,14.4215,40.6617,-750.0,60.0,1.0
-350,-325,1005,,14.402715,40.645818,-550.0,60.0,1.0
-350,-325,1006,"Surrentum, Etruscan Irnthi",14.3698,40.6279,-330.0,60.0,0.4375
-350,-325,1009,"Capraria, Capreae insula",14.236593,40.557685,-550.0,60.0,1.0
-350,-325,1013.1,"Seirenoussai nesoi, Anthemoessa insulae, Anthemuse, possible Siren islands, no stopover for Odysseus",14.43365,40.5825,-750.0,60.0,1.0
-350,-325,1017,Vietri ,14.713068,40.657725,-750.0,60.0,1.0
-350,-325,1019,,14.94346,40.5352,-750.0,60.0,1.0
-350,-325,1020,Portus Alburnus ,14.969769,40.488629,-330.0,60.0,0.4375
-350,-325,1021,"Poseïdonia, Posidonia, Paestum, on R Silarus",14.992,40.415,-750.0,60.0,1.0
-350,-325,1022,,14.990506,40.358318,-550.0,60.0,1.0
-350,-325,1024,"Velia, Elea, Portus Velinus, Hyele, near R Hales",15.157,40.1602,-535.0,10.0,1.0
-350,-325,1025,Palinurus ,15.282234,40.035658,-750.0,60.0,1.0
-350,-325,1026,"Oenotrides insulae, Molpa ",15.294659,40.026788,-750.0,60.0,1.0
-350,-325,1027,"Pyxus, near Buxentum Prom.",15.516403,40.065378,-470.0,20.0,1.0
-350,-325,1028,Scidrus ,15.6222,40.07218,-330.0,60.0,0.4375
-350,-325,1031,Blanda ,15.756465,39.913511,-330.0,60.0,0.4375
-350,-325,1032,,15.781146,39.81781,-750.0,60.0,1.0
-350,-325,1033,"Laos, Laus ",15.789572,39.775272,-750.0,60.0,1.0
-350,-325,1034,"Cerillea, Cerilli ",15.804176,39.709009,-330.0,60.0,0.4375
-350,-325,1035,,15.848026,39.613783,-330.0,60.0,0.4375
-350,-325,1036,,15.945789,39.491704,-550.0,60.0,1.0
-350,-325,1037,Port of Pandosia,16.042302,39.301273,-550.0,60.0,1.0
-350,-325,1038,"Klampeteia, Clampetia ",16.065528,39.127809,-330.0,60.0,0.4375
-350,-325,1039,"Temesa, Temese, Tempsa, on R Sabutus",16.094554,39.027944,-750.0,60.0,1.0
-350,-325,1040,,16.15407,38.98683,-330.0,60.0,0.4375
-350,-325,1041,Terina ,16.2389,38.9448,-550.0,60.0,1.0
-350,-325,1047.3,,15.9718,38.7135,-1500.0,100.0,1.0
-350,-325,1049,,15.921,38.545,-750.0,60.0,1.0
-350,-325,1051,Emporion,15.95941,38.49277,-330.0,60.0,0.4375
-350,-325,1052,"Medma, Mesma",15.9882,38.4821,-750.0,60.0,1.0
-350,-325,1053,"Port at the outlet of R Metaurus, Metaure ",15.871137,38.421553,-750.0,60.0,1.0
-350,-325,1054,Taurianum ,15.86494,38.39426,-330.0,60.0,0.4375
-350,-325,1058,"Scyllaeum, Scylla, in front of Charybdis in Sicily, both Planktes insulae, where Odysseus possibly sailed",15.715,38.259,-750.0,60.0,1.0
-350,-325,1059,Kainys ,15.6354,38.2322,-550.0,60.0,1.0
-350,-325,1061,"Rhegium, Rhegion",15.634658,38.109425,-740.0,20.0,1.0
-350,-325,1064,Scyle ,15.92,37.928,-330.0,60.0,0.4375
-350,-325,1068,Altanum? ,16.177826,38.141495,-550.0,60.0,1.0
-350,-325,1069,"Lokroi Epizephyrioi, Locri Epizefiri, Locres ",16.2368,38.2077,-750.0,60.0,1.0
-350,-325,1071,"Amphissa, Santo Onofrio ",16.413143,38.318166,-750.0,60.0,1.0
-350,-325,1072,"Kaulonia, Caulonia, Aulonia, Stilida",16.5787,38.4454,-750.0,60.0,1.0
-350,-325,1075,"Scylletium, Scolacium ",16.5952,38.8076,-550.0,60.0,1.0
-350,-325,1076,"Castra Hannibalis, Camp of Annibal ",16.713868,38.85776,-330.0,60.0,0.4375
-350,-325,1078,,17.023685,38.903404,-330.0,60.0,0.4375
-350,-325,1080,,17.16869,38.95411,-750.0,60.0,1.0
-350,-325,1082,"Kroton, Crotone, on R Aisaros",17.126348,39.085539,-750.0,60.0,1.0
-350,-325,1084,Krimisa?,17.140861,39.370149,-750.0,60.0,1.0
-350,-325,1085,"Temple of Apollo Alaeus, port of Aesarus ",17.1466,39.39654,-750.0,60.0,1.0
-350,-325,1087,,16.9617,39.496,-330.0,60.0,0.4375
-350,-325,1088,"Sybaris ad Traeis, on R Traeis",16.771,39.59,-443.0,10.0,1.0
-350,-325,1090,"archaic Sybaris, on R Sybaris and R Crathis, Thourioi, Thurii, Copia",16.491191,39.717044,-720.0,20.0,1.0
-350,-325,1091,,16.538059,39.865106,-1500.0,100.0,1.0
-350,-325,1093,,16.60264,40.04726,-550.0,60.0,1.0
-350,-325,1095,,16.64197,40.15955,-330.0,60.0,0.4375
-350,-325,1097,"Siris, on R Siris",16.6682,40.1658,-750.0,60.0,1.0
-350,-325,1098,"Heraclea, Heraclee ",16.67,40.22,-550.0,60.0,1.0
-350,-325,1098.0999999999999,,16.6642,40.2934,-1500.0,100.0,1.0
-350,-325,1099,"Metapontum, Metaponte",16.8352,40.3728,-750.0,60.0,1.0
-350,-325,1100,"Tarentum, Taras, Neptuna",17.228144,40.472032,-750.0,60.0,1.0
-350,-325,1103,"Satyrion, Saturnum ",17.30396,40.37282,-1500.0,100.0,1.0
-350,-325,1104,,17.50013,40.30372,-330.0,60.0,0.4375
-350,-325,1105,Port Sasina ,17.896215,40.25706,-750.0,60.0,1.0
-350,-325,1106,Port of Neretum,17.983673,40.137046,-750.0,60.0,1.0
-350,-325,1107,"Kallipolis, Callipolis, Anxa ",17.979931,40.054413,-750.0,60.0,1.0
-350,-325,1109,,18.31,39.8138,-330.0,60.0,0.4375
-350,-325,1110,"Portus Sallentinus, Leuke, near Iapygia Prom.",18.362675,39.792157,-750.0,60.0,1.0
-350,-325,1112,"Zancle, Zankle, Messana, Messene",15.560811,38.192865,-730.0,20.0,1.0
-350,-325,1113,,15.536584,38.145129,-750.0,60.0,1.0
-350,-325,1114,"Phoinix, Tamaricii, Palmae ",15.37,37.9438,-330.0,60.0,0.4375
-350,-325,1115,,15.3078,37.878,-330.0,60.0,0.4375
-350,-325,1116,Tauromenium ,15.302,37.848,-550.0,60.0,1.0
-350,-325,1117,"Naxos, Naxus ",15.2694,37.8239,-470.0,20.0,1.0
-350,-325,1118,"Archaic Naxos, near R Akesines",15.2694,37.8193,-734.0,10.0,1.0
-350,-325,1123,"Katane, Catina ",15.0873,37.5024,-750.0,60.0,1.0
-350,-325,1123.2,"Leontinoi, on R Terias",14.998,37.2855,-750.0,60.0,1.0
-350,-325,1124,,15.132834,37.310011,-750.0,60.0,1.0
-350,-325,1125.0999999999999,"Xiphoneos, Xiphonia, Xiphon",15.207,37.234,-330.0,60.0,0.4375
-350,-325,1126,"Megara Hyblaea, on R Alabon",15.183741,37.205772,-750.0,60.0,1.0
-350,-325,1127,"Tapsus, Thapsos ",15.228473,37.145257,-1200.0,100.0,1.0
-350,-325,1128,"Leon, landing place of Athenian fleet in 414 BC",15.2615,37.1076,-4000.0,100.0,1.0
-350,-325,1132,"Syracuse, ""Large Port"", on the isle of Sikelia, Sicania, Trinacria, major Greek (Corinthian) settlement in Sicily",15.288,37.06,-733.0,10.0,1.0
-350,-325,1138,Portus Naustathamus?,15.214525,36.95611,-750.0,60.0,1.0
-350,-325,1140,"Helorus, Elorus, on R Helorus",15.1075,36.8422,-750.0,60.0,1.0
-350,-325,1141,Phoenicus portus ,15.0985,36.803,-330.0,60.0,0.4375
-350,-325,1143,"Portus Pachino, Pachyno, Pachyni, Apollineum ",15.1385,36.6857,-330.0,60.0,0.4375
-350,-325,1146,R Hirminum,14.594,36.771,-750.0,60.0,1.0
-350,-325,1148,"Kamarina, on R Hipparis",14.440957,36.866878,-598.0,10.0,1.0
-350,-325,1150,,14.3,37.032,-550.0,60.0,1.0
-350,-325,1152,"Gela, on R Gela",14.2583,37.063,-688.0,10.0,1.0
-350,-325,1154,,14.197,37.0842,-750.0,60.0,1.0
-350,-325,1155,"Port of Maktorion, Mactorium?",14.138661,37.100201,-750.0,60.0,1.0
-350,-325,1156,"Phintias, on R Himeras",13.9317,37.1,-330.0,60.0,0.4375
-350,-325,1158,,13.881,37.102,-750.0,60.0,1.0
-350,-325,1160,,13.780019,37.144488,-750.0,60.0,1.0
-350,-325,1161,,13.695341,37.17957,-550.0,60.0,1.0
-350,-325,1162.0999999999999,,13.624,37.233,-1400.0,100.0,1.0
-350,-325,1163,"Agrakas, Akragas, Agrigentum, on R Hypsas",13.581,37.2687,-580.0,20.0,1.0
-350,-325,1166,"Heraclea Minoa, on R Halycus",13.28,37.3937,-750.0,60.0,1.0
-350,-325,1167,,13.256671,37.414943,-750.0,60.0,1.0
-350,-325,1169,"Selinus, Selinunt, Selinonte east port",12.8294,37.5845,-650.0,30.0,1.0
-350,-325,1170,"Selinus, Selinunt, Selinonte west port, on R Selinon",12.82116,37.5828,-650.0,30.0,1.0
-350,-325,1171,"Mazara, on R Mazara",12.587605,37.644211,-550.0,60.0,1.0
-350,-325,1172,"Lilybaion, Lilybee South port?",12.43,37.7937,-750.0,60.0,1.0
-350,-325,1173,"Lilybaion, Lilybee Main port",12.428115,37.808131,-750.0,60.0,1.0
-350,-325,1174,"Lilybaion, Lilybee North port?",12.443337,37.8124,-750.0,60.0,1.0
-350,-325,1176,"Motye, Motya",12.4646,37.8641,-750.0,60.0,1.0
-350,-325,1176.0999999999999,"Motye, Motya",12.4724,37.86902,-350.0,30.0,0.7083333333333334
-350,-325,1176.2,"Motye, Motya",12.47,37.8715,-350.0,30.0,0.7083333333333334
-350,-325,1177,"Aigousa insula, anchorage of Roman fleet before the famous battle of the Egadi Islands (10 March 241 BC), Odysseus' port of the Cyclops? ",12.322489,37.934044,-750.0,60.0,1.0
-350,-325,1179,"Maritima, Hieronesos, Hiera insula",12.077769,37.970422,-330.0,60.0,0.4375
-350,-325,1180,"Bucinna, Phorbantia insula",12.321625,38.00168,-10000.0,100.0,1.0
-350,-325,1181,"Drepanum, Drepane ",12.502194,38.007961,-330.0,60.0,0.4375
-350,-325,1182,"Port of Erix, Eryx, Erice, Carthaginian base camp during the famous battle of the Egadi Islands (10 March 241 BC)",12.58963,38.070435,-550.0,60.0,1.0
-350,-325,1182.2,,12.736,38.186,-400.0,30.0,1.0
-350,-325,1182.3,,12.7692,38.1673,-400.0,30.0,1.0
-350,-325,1184,"Emporion Segestanon, Emporium of the Aegestes, port of Segesta, on R Crimisus",12.88,38.0295,-330.0,60.0,0.4375
-350,-325,1184.0999999999999,,13.0791,38.1732,-400.0,30.0,1.0
-350,-325,1187,,13.182596,38.71968,-1500.0,100.0,1.0
-350,-325,1189,"Panhormus, Panorme",13.368583,38.120398,-750.0,60.0,1.0
-350,-325,1190,"Solus, port of Solonte ",13.542862,38.081694,-750.0,60.0,1.0
-350,-325,1191,"Thermai, Thermae Himeraeae, on R Thermos",13.690394,37.993991,-550.0,60.0,1.0
-350,-325,1192,,13.7815,37.9743,-330.0,60.0,0.4375
-350,-325,1193,"Himera, Himere, on R Himeras",13.8215,37.9683,-729.0,10.0,1.0
-350,-325,1195,"Cephaloedium, Cephalidium ",14.024107,38.043883,-550.0,60.0,1.0
-350,-325,1196,"Halaesa, on R Halaisos",14.263,37.998,-330.0,60.0,0.4375
-350,-325,1197,"Kale Akte, Calate ",14.448292,38.036496,-550.0,60.0,1.0
-350,-325,1199,Agathyrnum ,14.752,38.164,-550.0,60.0,1.0
-350,-325,1202,"Egira, Erikodes, Ericusa Insula",14.351188,38.5428,-330.0,60.0,0.4375
-350,-325,1203,"Celsina, Phoenicusa, Phoinikoussa insula",14.5883,38.5569,-1500.0,100.0,1.0
-350,-325,1204,Didyma insula,14.8696,38.5739,-1500.0,100.0,1.0
-350,-325,1205,"Lipara on Liparos insula, Meligounis nesos",14.9568,38.4717,-1500.0,100.0,1.0
-350,-325,1206,"Heraclea, Hiera Thermessa insula,  Hiera Hephaistou insula",14.966446,38.416361,-550.0,60.0,1.0
-350,-325,1207,"Aegina, Euonymus insula",15.0636,38.6256,-1500.0,100.0,1.0
-350,-325,1209,"Strongilos, Eolie, possibly Odysseus' stopover on the isle of Aeolos",15.244209,38.797457,-1500.0,100.0,1.0
-350,-325,1210,Tyndaris ,15.044,38.1433,-550.0,60.0,1.0
-350,-325,1212,"Myle, Mylae ",15.2428,38.2177,-750.0,60.0,1.0
-350,-325,1213,"Naulochos, Naulocha ",15.371783,38.22509,-330.0,60.0,0.4375
-350,-325,1242,"Castrum Minerva, Port of Venus, Limen Aphrodites, Athenaion ",18.435411,40.011636,-550.0,60.0,1.0
-350,-325,1242.0999999999999,,18.4849,40.079,-330.0,60.0,0.4375
-350,-325,1243,"Hydros, Hydruntum, Otrante ",18.490869,40.148182,-750.0,60.0,1.0
-350,-325,1243.0999999999999,,18.4732,40.1841,-330.0,60.0,0.4375
-350,-325,1243.2,,18.431,40.277,-330.0,60.0,0.4375
-350,-325,1244,Port Tarentin ,18.4263,40.2871,-1500.0,100.0,1.0
-350,-325,1245,,18.409136,40.301208,-750.0,60.0,1.0
-350,-325,1247,"Brindes, Brentesium, Brundisium, Bronduse",17.948953,40.641441,-750.0,60.0,1.0
-350,-325,1248,,17.8705,40.6875,-330.0,60.0,0.4375
-350,-325,1249,,17.7983,40.7137,-750.0,60.0,1.0
-350,-325,1250.0999999999999,Karbina,17.6983,40.7596,-1500.0,100.0,1.0
-350,-325,1252,Gnathia ,17.391,40.8896,-750.0,60.0,1.0
-350,-325,1254,"Turris Caesaris, Neapolis ",17.2183,40.9975,-330.0,60.0,0.4375
-350,-325,1257,,16.997139,41.090957,-750.0,60.0,1.0
-350,-325,1259,Natiolum ,16.669838,41.192824,-330.0,60.0,0.4375
-350,-325,1262,Barduli ,16.287075,41.334436,-330.0,60.0,0.4375
-350,-325,1263.0999999999999,,16.0811,41.3592,-1500.0,100.0,1.0
-350,-325,1264,San Vito ,16.03185,41.3848,-330.0,60.0,0.4375
-350,-325,1267,,15.8378,41.519,-750.0,60.0,1.0
-350,-325,1268,"Coppa Nevigatta, on R Aquilo",15.8338,41.558,-5000.0,100.0,1.0
-350,-325,1270,"Sipous, Sipontum, Sipunte ",15.9221,41.617859,-330.0,60.0,0.4375
-350,-325,1271,"Apanestae, Apeneste",16.06038,41.69375,-750.0,60.0,1.0
-350,-325,1274,"Portus Aggasus, Port Agasus ",16.183,41.885,-550.0,60.0,1.0
-350,-325,1277,"Hyria, Uria",15.83039,41.8821,-330.0,60.0,0.4375
-350,-325,1284,,15.05334,41.93962,-750.0,60.0,1.0
-350,-325,1286,Buca?,14.9976,42.0066,-330.0,60.0,0.4375
-350,-325,1288,"Histonium, Istonium ",14.7205,42.1188,-550.0,60.0,1.0
-350,-325,1289,Buca?,14.7125,42.172,-330.0,60.0,0.4375
-350,-325,1291,"Gualdi, port of Anxanum ",14.4434,42.3103,-550.0,60.0,1.0
-350,-325,1292,"Orton, Hortona",14.4098,42.357,-330.0,60.0,0.4375
-350,-325,1293,"Aternum, Ostia Aterni, on R Aternus",14.2118,42.4614,-330.0,60.0,0.4375
-350,-325,1294.0999999999999,"Matrinus, port of Hatria, Adria at the outlet of R Matrinus",14.138,42.5332,-330.0,60.0,0.4375
-350,-325,1296,"Castrum Novum, on R Batinus",13.971,42.7356,-330.0,60.0,0.4375
-350,-325,1297,"Castrum Truentinum, Truentum, on R Truentinum",13.901,42.8908,-330.0,60.0,0.4375
-350,-325,1298,Cupra Maritima,13.8534,43.034,-750.0,60.0,1.0
-350,-325,1299,"Castellum Firmanorum, port of Firmum Picenum, Etruscan Permu",13.8011,43.1605,-330.0,60.0,0.4375
-350,-325,1301,"Potentia, near R Flosis",13.6711,43.4142,-330.0,60.0,0.4375
-350,-325,1302,Numana ,13.628195,43.50729,-750.0,60.0,1.0
-350,-325,1305,"Sena Gallica, on R Sena",13.2185,43.7123,-330.0,60.0,0.4375
-350,-325,1306,,13.175681,43.75246,-750.0,60.0,1.0
-350,-325,1308,Fanum Fortunae ,13.019325,43.858514,-330.0,60.0,0.4375
-350,-325,1309,"Pisaurum, on R Pisaurus",12.92,43.9159,-550.0,60.0,1.0
-350,-325,1311,"Ariminum, Etruscan Arimna, Harimne, on R Ariminus & R Ausa",12.5739,44.0623,-550.0,60.0,1.0
-350,-325,1316,"Butrium, Budrium, port of Budrio ",12.14588,44.53989,-330.0,60.0,0.4375
-350,-325,1319,"Pomposa, Etruscan Spina, at the outlet of R Padus",12.10256,44.6943,-750.0,60.0,1.0
-350,-325,1323,Hadriani ,12.17741,44.94566,-750.0,60.0,1.0
-350,-325,1326,"Atria, Etruscan Hatria ",12.067121,45.048536,-750.0,60.0,1.0
-350,-325,1339,Altinum ,12.4077,45.5428,-550.0,60.0,1.0
-350,-325,1345,"Eraclia, Port on R Anassum or Anaxum ",12.6573,45.6378,-1300.0,100.0,1.0
-350,-325,1347.1,,12.8872,45.6356,-1200.0,100.0,1.0
-350,-325,1348.1,,13.1286,45.7714,-1300.0,100.0,1.0
-350,-325,1348.2,,13.1542,45.7705,-1300.0,100.0,1.0
-350,-325,1349.1,,13.3203,45.7648,-1500.0,100.0,1.0
-350,-325,1354,Etruscan Tarcste,13.771666,45.649509,-330.0,60.0,0.4375
-325,-300,753,"Olbia, Roman port",9.5031,40.9275,-330.0,60.0,0.6458333333333334
-325,-300,753.1,"Olbia, Punic port and Roman port",9.5057,40.9232,-750.0,60.0,1.0
-325,-300,756.1,Outlet of R Kaidris,9.734,40.373,-1500.0,100.0,1.0
-325,-300,757,"Sulcis, Sulpicius, Supicius ",9.706108,39.912462,-330.0,60.0,0.6458333333333334
-325,-300,762,Caralitanum Prom.,9.516373,39.11649,-330.0,60.0,0.6458333333333334
-325,-300,765,"Caralis, Carales, on R Sulcis",9.112387,39.211683,-750.0,60.0,1.0
-325,-300,766.1,,9.005325,39.095552,-1500.0,100.0,1.0
-325,-300,766.2,,9.0236,39.0619,-1500.0,100.0,1.0
-325,-300,767,Nora ,9.01444,38.987048,-750.0,60.0,1.0
-325,-300,768,Nora ,9.012555,38.984715,-750.0,60.0,1.0
-325,-300,769,Nora ,9.012066,38.988036,-750.0,60.0,1.0
-325,-300,770,"Bitia, Bithia, Bioea ",8.8849,38.8956,-750.0,60.0,1.0
-325,-300,778,"Sulcis, Solci (export of copper?)",8.462004,39.06534,-750.0,60.0,1.0
-325,-300,780,,8.4887,39.1774,-750.0,60.0,1.0
-325,-300,781,Metalla? ,8.5002,39.394,-500.0,30.0,1.0
-325,-300,781.1,,8.4601,39.5681,-7000.0,100.0,1.0
-325,-300,783,,8.60514,39.72744,-330.0,60.0,0.6458333333333334
-325,-300,786,"Othaia, Othoca, on R Thyrsos",8.60849,39.86957,-750.0,60.0,1.0
-325,-300,786.1,,8.495,39.925,-4500.0,100.0,1.0
-325,-300,787,"Tarrai, Tharros, Tarrhos, Punic port",8.44,39.892,-750.0,60.0,1.0
-325,-300,787.1,"Tarrai, Tharros, Tarrhos, possible Nuragic port",8.4416,39.8789,-1500.0,100.0,1.0
-325,-300,788,"Tarrai, Tharros, Tarrhos",8.437959,39.859288,-750.0,60.0,1.0
-325,-300,788.1,,8.3936,39.9725,-1200.0,100.0,1.0
-325,-300,788.2,,8.3066,39.988,-1200.0,100.0,1.0
-325,-300,789,"Coracodes, Korakodes portus",8.409895,40.043873,-1200.0,100.0,1.0
-325,-300,790,"Cornus, Kornos",8.490364,40.087832,-330.0,60.0,0.6458333333333334
-325,-300,791,"Bosa, on R Temos",8.469417,40.284535,-330.0,60.0,0.6458333333333334
-325,-300,793,Nymphaeus portus ,8.189645,40.616568,-750.0,60.0,1.0
-325,-300,796,"Turris Libyssonis, Libisonis",8.3918,40.8368,-330.0,60.0,0.6458333333333334
-325,-300,796.1,"Turris Libyssonis, Libisonis",8.3941,40.8391,-330.0,60.0,0.6458333333333334
-325,-300,796.2,"Turris Libyssonis, Libisonis",8.4016,40.8392,-330.0,60.0,0.6458333333333334
-325,-300,796.3,"Turris Libyssonis, Libisonis",8.4089,40.8389,-330.0,60.0,0.6458333333333334
-325,-300,801,,9.1609,41.2404,-330.0,60.0,0.6458333333333334
-325,-300,803,"Turublum Minus, Lamos?, Telepylos?, possible port of the Laestrygonians and stopover of Odysseus, near famous Arktou Akra Prom.",9.275693,41.199135,-1500.0,100.0,1.0
-325,-300,811.1,"Vintimilio plagia, Album Intermilium, Albintimilium",7.6252,43.7893,-550.0,60.0,1.0
-325,-300,818,"Albingauno, Albenganum ",8.2133,44.047,-550.0,60.0,1.0
-325,-300,823,"Savo, Vicus Virginis? ",8.479161,44.296439,-330.0,60.0,0.6458333333333334
-325,-300,829,Genua,8.9284,44.411,-600.0,30.0,1.0
-325,-300,830,"archaic landing place of Genua, Etruscan Cainua?",8.94388,44.409,-1000.0,100.0,1.0
-325,-300,838,Antion ,9.546199,44.202859,-550.0,60.0,1.0
-325,-300,844,"Portus Lunae, Lune, Selene, Etruscan Luna, near R Macra  (export of white marble)",10.0152,44.0608,-330.0,60.0,0.6458333333333334
-325,-300,847,,10.28083,43.87307,-750.0,60.0,1.0
-325,-300,848,,10.3602,43.83659,-330.0,60.0,0.6458333333333334
-325,-300,849,,10.32724,43.76764,-750.0,60.0,1.0
-325,-300,850,,10.33555,43.73476,-750.0,60.0,1.0
-325,-300,851,"Port of Pise, Pisa, Etruscan Pisna, Peithusa, Pithsa, on ancient R Auser, near R Arnus",10.3862,43.7211,-550.0,60.0,1.0
-325,-300,853,,10.3934,43.6386,-5000.0,100.0,1.0
-325,-300,854,"Triturrita? Turrita? Near Portus Pisanus, Pisarum emporio, Liburnus Portus, Portus Herculis Liburni, Portus Labro, Etruscan Liburna",10.3343,43.5733,-5000.0,100.0,1.0
-325,-300,855,,10.4182,43.4022,-330.0,60.0,0.6458333333333334
-325,-300,856,"Vadis, Vada Volaterrana ",10.44801,43.35981,-330.0,60.0,0.6458333333333334
-325,-300,858.1,,10.531,43.099,-5000.0,100.0,1.0
-325,-300,859,"Populonio, Poplonium, Etruscan Fufluna, Pupluna",10.5014,42.9924,-750.0,60.0,1.0
-325,-300,860,"Falesia, Porto Falese ",10.559041,42.934297,-5000.0,100.0,1.0
-325,-300,861,,10.67991,42.9663,-330.0,60.0,0.6458333333333334
-325,-300,862,Etruscan Fullona,10.757,42.917,-700.0,30.0,1.0
-325,-300,866,"Ilva, Aithalia, Ethalie ",10.273798,42.770152,-5000.0,100.0,1.0
-325,-300,867,"Argous portus, Argoos, ",10.329861,42.813066,-750.0,60.0,1.0
-325,-300,872,Planasia insula,10.082156,42.582969,-330.0,60.0,0.6458333333333334
-325,-300,873,,10.09386,42.59297,-5000.0,100.0,1.0
-325,-300,880.1,,11.173,42.431,-1000.0,100.0,1.0
-325,-300,884.1,,10.922725,42.3593,-330.0,60.0,0.6458333333333334
-325,-300,885,Oglasa insula,10.309211,42.331958,-5000.0,100.0,1.0
-325,-300,886,"Portu Herculis, Port of Hercules",11.2086,42.3912,-330.0,60.0,0.6458333333333334
-325,-300,888.1,,11.2774,42.4201,-1000.0,100.0,1.0
-325,-300,891,"Cosa, Cossae, Portus Herculis Cosanus, Etruscan Cusi, Cuthi",11.293827,42.40709,-330.0,60.0,0.6458333333333334
-325,-300,893,"Regis, Regae ",11.6041,42.3122,-750.0,60.0,1.0
-325,-300,896,"Graviscae, port of Tarquinia, Etruscan Tarchuna, Tarchna, possible first settlement of Etruscan people",11.7066,42.2144,-750.0,60.0,1.0
-325,-300,902.1,,11.8243,42.0446,-500.0,30.0,1.0
-325,-300,904.1,Punicum ,11.8715,42.035,-330.0,60.0,0.6458333333333334
-325,-300,906,"Pyrgoi, Pyrgi (also called The Towers), port of Agylle, Caere, Etruscan Chaire, Caisra, Cisra",11.9565,42.0152,-750.0,60.0,1.0
-325,-300,906.1,"Pyrgoi, Pyrgi (also called The Towers), port of Agylle, Caere, Etruscan Chaire, Caisra, Cisra",11.9604,42.015,-750.0,60.0,1.0
-325,-300,906.2,Etruscan submerged structure,11.977,41.9957,-750.0,60.0,1.0
-325,-300,909,"Alsium, port of Agylla, Caere, Coere, Etruscan Chaire, Caisra",12.100837,41.932961,-750.0,60.0,1.0
-325,-300,910,,12.1253,41.9271,-330.0,60.0,0.6458333333333334
-325,-300,911,,12.1424,41.9128,-330.0,60.0,0.6458333333333334
-325,-300,912,"Fregenae, Etruscan Ficrine",12.18341,41.853058,-330.0,60.0,0.6458333333333334
-325,-300,916,"Ostia, port of Rome",12.279848,41.75343,-640.0,20.0,1.0
-325,-300,917,Ostia,12.290905,41.75752,-750.0,60.0,1.0
-325,-300,921,Ficana,12.35306,41.80187,-750.0,60.0,1.0
-325,-300,922,Portus Vicus Alexandri,12.471443,41.847394,-330.0,60.0,0.6458333333333334
-325,-300,930,"Portus Tiberinus, near Pons Aemilius, oldest archaic port of Rome, close to Foro Romano and Horrea Agrippiana",12.4809,41.8892,-753.0,10.0,1.0
-325,-300,935,Troia?,12.4685,41.6137,-550.0,60.0,1.0
-325,-300,938,Castrum Inui,12.5113,41.5803,-750.0,60.0,1.0
-325,-300,943,"Antium, Nero's port, Etruscan Anth? Caenon?",12.628393,41.442702,-750.0,60.0,1.0
-325,-300,949,"Astura, Storas, on R Astura",12.767198,41.407351,-330.0,60.0,0.6458333333333334
-325,-300,951,Ad Turres Albas ,12.91288,41.375768,-330.0,60.0,0.6458333333333334
-325,-300,953,"Port of Circei, Circe, Eea, Aeaea, Aiaia, Aia insula?, possible stopover for Odysseus",13.04425,41.253072,-330.0,60.0,0.6458333333333334
-325,-300,954,"Circei, Circaeum Prom., Kirkaion, outlet of Nero's Fossa Augusta",13.1052,41.2405,-550.0,60.0,1.0
-325,-300,955,"Terracina, Tarracina, Anxur, Etruscan Tarchna, Tarkina",13.2545,41.286,-500.0,30.0,1.0
-325,-300,956,Fundi,13.42926,41.35738,-330.0,60.0,0.6458333333333334
-325,-300,957,Pontia insula,12.964786,40.894781,-750.0,60.0,1.0
-325,-300,962,"Caiete, Caieta, Caeatas, Aeete, Etruscan Caithi",13.586,41.211,-330.0,60.0,0.6458333333333334
-325,-300,964,"Formiae, Formies, Hormies ",13.6057,41.253,-330.0,60.0,0.6458333333333334
-325,-300,966,,13.675,41.2479,-330.0,60.0,0.6458333333333334
-325,-300,967,Pyrae?,13.703677,41.250662,-330.0,60.0,0.6458333333333334
-325,-300,968.1,"Marica temple, sea-port of Minturnae",13.7645,41.2265,-700.0,30.0,1.0
-325,-300,969,,13.8408,41.15847,-330.0,60.0,0.6458333333333334
-325,-300,970,"Sinuessa, Sinuesa, Sinope",13.85,41.14944,-550.0,60.0,1.0
-325,-300,972,Aquae Sinuessanae & Pagus Sarclanus?,13.9125,41.1228,-330.0,60.0,0.6458333333333334
-325,-300,973,"Volturnum, on R Vulturnus",13.92,41.0186,-550.0,60.0,1.0
-325,-300,974,"Liternum, Linternum, port of the Osci, Oskoi, Osques, Opici, Aurunci, Ausones",14.029903,40.921334,-330.0,60.0,0.6458333333333334
-325,-300,975,"Cumae, Cumes, Kyme",14.051265,40.846657,-750.0,60.0,1.0
-325,-300,977,"Pithekoussai, Pithecusae, Etruscan Inarime, first Greek (Euboian) settlement in Italy",13.885913,40.754297,-750.0,60.0,1.0
-325,-300,978,,13.879064,40.696687,-700.0,30.0,1.0
-325,-300,978.1,"Procita, Prochyta insula",14.016731,40.759068,-700.0,30.0,1.0
-325,-300,978.2,,13.992,40.74,-1500.0,100.0,1.0
-325,-300,991,"Puteoli, Dikaiarcheia, Dicearque, Flavia Colonia Augusta Puteoli, Delus Minor, in the Campi Phlegraei volcano district",14.1154,40.8216,-750.0,60.0,1.0
-325,-300,997,"Parthenope, Neapolis",14.2522,40.8398,-750.0,60.0,1.0
-325,-300,997.1,Neapolis ,14.25462,40.83927,-600.0,30.0,1.0
-325,-300,998,Neapolis ,14.2524,40.83926,-600.0,30.0,1.0
-325,-300,999.1,"Herculaneum, Etruscan Herclena",14.35,40.7998,-550.0,60.0,1.0
-325,-300,1001,Oplontis ,14.4525,40.75755,-330.0,60.0,0.6458333333333334
-325,-300,1002,"Pompeia, Porta Marina, Etruscan Pumpai",14.48226,40.74893,-750.0,60.0,1.0
-325,-300,1002.1,"Pompeia, Porta Stabia, Etruscan Pumpai",14.4908,40.7473,-750.0,60.0,1.0
-325,-300,1003,Stabiae ,14.4926,40.69976,-330.0,60.0,0.6458333333333334
-325,-300,1004,Aequana ,14.4215,40.6617,-750.0,60.0,1.0
-325,-300,1005,,14.402715,40.645818,-550.0,60.0,1.0
-325,-300,1006,"Surrentum, Etruscan Irnthi",14.3698,40.6279,-330.0,60.0,0.6458333333333334
-325,-300,1009,"Capraria, Capreae insula",14.236593,40.557685,-550.0,60.0,1.0
-325,-300,1013.1,"Seirenoussai nesoi, Anthemoessa insulae, Anthemuse, possible Siren islands, no stopover for Odysseus",14.43365,40.5825,-750.0,60.0,1.0
-325,-300,1017,Vietri ,14.713068,40.657725,-750.0,60.0,1.0
-325,-300,1019,,14.94346,40.5352,-750.0,60.0,1.0
-325,-300,1020,Portus Alburnus ,14.969769,40.488629,-330.0,60.0,0.6458333333333334
-325,-300,1021,"Poseïdonia, Posidonia, Paestum, on R Silarus",14.992,40.415,-750.0,60.0,1.0
-325,-300,1022,,14.990506,40.358318,-550.0,60.0,1.0
-325,-300,1024,"Velia, Elea, Portus Velinus, Hyele, near R Hales",15.157,40.1602,-535.0,10.0,1.0
-325,-300,1025,Palinurus ,15.282234,40.035658,-750.0,60.0,1.0
-325,-300,1026,"Oenotrides insulae, Molpa ",15.294659,40.026788,-750.0,60.0,1.0
-325,-300,1027,"Pyxus, near Buxentum Prom.",15.516403,40.065378,-470.0,20.0,1.0
-325,-300,1028,Scidrus ,15.6222,40.07218,-330.0,60.0,0.6458333333333334
-325,-300,1031,Blanda ,15.756465,39.913511,-330.0,60.0,0.6458333333333334
-325,-300,1032,,15.781146,39.81781,-750.0,60.0,1.0
-325,-300,1033,"Laos, Laus ",15.789572,39.775272,-750.0,60.0,1.0
-325,-300,1034,"Cerillea, Cerilli ",15.804176,39.709009,-330.0,60.0,0.6458333333333334
-325,-300,1035,,15.848026,39.613783,-330.0,60.0,0.6458333333333334
-325,-300,1036,,15.945789,39.491704,-550.0,60.0,1.0
-325,-300,1037,Port of Pandosia,16.042302,39.301273,-550.0,60.0,1.0
-325,-300,1038,"Klampeteia, Clampetia ",16.065528,39.127809,-330.0,60.0,0.6458333333333334
-325,-300,1039,"Temesa, Temese, Tempsa, on R Sabutus",16.094554,39.027944,-750.0,60.0,1.0
-325,-300,1040,,16.15407,38.98683,-330.0,60.0,0.6458333333333334
-325,-300,1041,Terina ,16.2389,38.9448,-550.0,60.0,1.0
-325,-300,1047.3,,15.9718,38.7135,-1500.0,100.0,1.0
-325,-300,1049,,15.921,38.545,-750.0,60.0,1.0
-325,-300,1051,Emporion,15.95941,38.49277,-330.0,60.0,0.6458333333333334
-325,-300,1052,"Medma, Mesma",15.9882,38.4821,-750.0,60.0,1.0
-325,-300,1053,"Port at the outlet of R Metaurus, Metaure ",15.871137,38.421553,-750.0,60.0,1.0
-325,-300,1054,Taurianum ,15.86494,38.39426,-330.0,60.0,0.6458333333333334
-325,-300,1058,"Scyllaeum, Scylla, in front of Charybdis in Sicily, both Planktes insulae, where Odysseus possibly sailed",15.715,38.259,-750.0,60.0,1.0
-325,-300,1059,Kainys ,15.6354,38.2322,-550.0,60.0,1.0
-325,-300,1061,"Rhegium, Rhegion",15.634658,38.109425,-740.0,20.0,1.0
-325,-300,1064,Scyle ,15.92,37.928,-330.0,60.0,0.6458333333333334
-325,-300,1068,Altanum? ,16.177826,38.141495,-550.0,60.0,1.0
-325,-300,1069,"Lokroi Epizephyrioi, Locri Epizefiri, Locres ",16.2368,38.2077,-750.0,60.0,1.0
-325,-300,1071,"Amphissa, Santo Onofrio ",16.413143,38.318166,-750.0,60.0,1.0
-325,-300,1072,"Kaulonia, Caulonia, Aulonia, Stilida",16.5787,38.4454,-750.0,60.0,1.0
-325,-300,1075,"Scylletium, Scolacium ",16.5952,38.8076,-550.0,60.0,1.0
-325,-300,1076,"Castra Hannibalis, Camp of Annibal ",16.713868,38.85776,-330.0,60.0,0.6458333333333334
-325,-300,1078,,17.023685,38.903404,-330.0,60.0,0.6458333333333334
-325,-300,1080,,17.16869,38.95411,-750.0,60.0,1.0
-325,-300,1082,"Kroton, Crotone, on R Aisaros",17.126348,39.085539,-750.0,60.0,1.0
-325,-300,1084,Krimisa?,17.140861,39.370149,-750.0,60.0,1.0
-325,-300,1085,"Temple of Apollo Alaeus, port of Aesarus ",17.1466,39.39654,-750.0,60.0,1.0
-325,-300,1087,,16.9617,39.496,-330.0,60.0,0.6458333333333334
-325,-300,1088,"Sybaris ad Traeis, on R Traeis",16.771,39.59,-443.0,10.0,1.0
-325,-300,1090,"archaic Sybaris, on R Sybaris and R Crathis, Thourioi, Thurii, Copia",16.491191,39.717044,-720.0,20.0,1.0
-325,-300,1091,,16.538059,39.865106,-1500.0,100.0,1.0
-325,-300,1093,,16.60264,40.04726,-550.0,60.0,1.0
-325,-300,1095,,16.64197,40.15955,-330.0,60.0,0.6458333333333334
-325,-300,1097,"Siris, on R Siris",16.6682,40.1658,-750.0,60.0,1.0
-325,-300,1098,"Heraclea, Heraclee ",16.67,40.22,-550.0,60.0,1.0
-325,-300,1098.0999999999999,,16.6642,40.2934,-1500.0,100.0,1.0
-325,-300,1099,"Metapontum, Metaponte",16.8352,40.3728,-750.0,60.0,1.0
-325,-300,1100,"Tarentum, Taras, Neptuna",17.228144,40.472032,-750.0,60.0,1.0
-325,-300,1103,"Satyrion, Saturnum ",17.30396,40.37282,-1500.0,100.0,1.0
-325,-300,1104,,17.50013,40.30372,-330.0,60.0,0.6458333333333334
-325,-300,1105,Port Sasina ,17.896215,40.25706,-750.0,60.0,1.0
-325,-300,1106,Port of Neretum,17.983673,40.137046,-750.0,60.0,1.0
-325,-300,1107,"Kallipolis, Callipolis, Anxa ",17.979931,40.054413,-750.0,60.0,1.0
-325,-300,1109,,18.31,39.8138,-330.0,60.0,0.6458333333333334
-325,-300,1110,"Portus Sallentinus, Leuke, near Iapygia Prom.",18.362675,39.792157,-750.0,60.0,1.0
-325,-300,1112,"Zancle, Zankle, Messana, Messene",15.560811,38.192865,-730.0,20.0,1.0
-325,-300,1113,,15.536584,38.145129,-750.0,60.0,1.0
-325,-300,1114,"Phoinix, Tamaricii, Palmae ",15.37,37.9438,-330.0,60.0,0.6458333333333334
-325,-300,1115,,15.3078,37.878,-330.0,60.0,0.6458333333333334
-325,-300,1116,Tauromenium ,15.302,37.848,-550.0,60.0,1.0
-325,-300,1117,"Naxos, Naxus ",15.2694,37.8239,-470.0,20.0,1.0
-325,-300,1118,"Archaic Naxos, near R Akesines",15.2694,37.8193,-734.0,10.0,1.0
-325,-300,1123,"Katane, Catina ",15.0873,37.5024,-750.0,60.0,1.0
-325,-300,1123.2,"Leontinoi, on R Terias",14.998,37.2855,-750.0,60.0,1.0
-325,-300,1124,,15.132834,37.310011,-750.0,60.0,1.0
-325,-300,1125.0999999999999,"Xiphoneos, Xiphonia, Xiphon",15.207,37.234,-330.0,60.0,0.6458333333333334
-325,-300,1126,"Megara Hyblaea, on R Alabon",15.183741,37.205772,-750.0,60.0,1.0
-325,-300,1127,"Tapsus, Thapsos ",15.228473,37.145257,-1200.0,100.0,1.0
-325,-300,1128,"Leon, landing place of Athenian fleet in 414 BC",15.2615,37.1076,-4000.0,100.0,1.0
-325,-300,1132,"Syracuse, ""Large Port"", on the isle of Sikelia, Sicania, Trinacria, major Greek (Corinthian) settlement in Sicily",15.288,37.06,-733.0,10.0,1.0
-325,-300,1138,Portus Naustathamus?,15.214525,36.95611,-750.0,60.0,1.0
-325,-300,1140,"Helorus, Elorus, on R Helorus",15.1075,36.8422,-750.0,60.0,1.0
-325,-300,1141,Phoenicus portus ,15.0985,36.803,-330.0,60.0,0.6458333333333334
-325,-300,1143,"Portus Pachino, Pachyno, Pachyni, Apollineum ",15.1385,36.6857,-330.0,60.0,0.6458333333333334
-325,-300,1146,R Hirminum,14.594,36.771,-750.0,60.0,1.0
-325,-300,1148,"Kamarina, on R Hipparis",14.440957,36.866878,-598.0,10.0,1.0
-325,-300,1150,,14.3,37.032,-550.0,60.0,1.0
-325,-300,1152,"Gela, on R Gela",14.2583,37.063,-688.0,10.0,1.0
-325,-300,1154,,14.197,37.0842,-750.0,60.0,1.0
-325,-300,1155,"Port of Maktorion, Mactorium?",14.138661,37.100201,-750.0,60.0,1.0
-325,-300,1156,"Phintias, on R Himeras",13.9317,37.1,-330.0,60.0,0.6458333333333334
-325,-300,1158,,13.881,37.102,-750.0,60.0,1.0
-325,-300,1160,,13.780019,37.144488,-750.0,60.0,1.0
-325,-300,1161,,13.695341,37.17957,-550.0,60.0,1.0
-325,-300,1162.0999999999999,,13.624,37.233,-1400.0,100.0,1.0
-325,-300,1163,"Agrakas, Akragas, Agrigentum, on R Hypsas",13.581,37.2687,-580.0,20.0,1.0
-325,-300,1166,"Heraclea Minoa, on R Halycus",13.28,37.3937,-750.0,60.0,1.0
-325,-300,1167,,13.256671,37.414943,-750.0,60.0,1.0
-325,-300,1169,"Selinus, Selinunt, Selinonte east port",12.8294,37.5845,-650.0,30.0,1.0
-325,-300,1170,"Selinus, Selinunt, Selinonte west port, on R Selinon",12.82116,37.5828,-650.0,30.0,1.0
-325,-300,1171,"Mazara, on R Mazara",12.587605,37.644211,-550.0,60.0,1.0
-325,-300,1172,"Lilybaion, Lilybee South port?",12.43,37.7937,-750.0,60.0,1.0
-325,-300,1173,"Lilybaion, Lilybee Main port",12.428115,37.808131,-750.0,60.0,1.0
-325,-300,1174,"Lilybaion, Lilybee North port?",12.443337,37.8124,-750.0,60.0,1.0
-325,-300,1176,"Motye, Motya",12.4646,37.8641,-750.0,60.0,1.0
-325,-300,1176.0999999999999,"Motye, Motya",12.4724,37.86902,-350.0,30.0,1.0
-325,-300,1176.2,"Motye, Motya",12.47,37.8715,-350.0,30.0,1.0
-325,-300,1177,"Aigousa insula, anchorage of Roman fleet before the famous battle of the Egadi Islands (10 March 241 BC), Odysseus' port of the Cyclops? ",12.322489,37.934044,-750.0,60.0,1.0
-325,-300,1179,"Maritima, Hieronesos, Hiera insula",12.077769,37.970422,-330.0,60.0,0.6458333333333334
-325,-300,1180,"Bucinna, Phorbantia insula",12.321625,38.00168,-10000.0,100.0,1.0
-325,-300,1181,"Drepanum, Drepane ",12.502194,38.007961,-330.0,60.0,0.6458333333333334
-325,-300,1182,"Port of Erix, Eryx, Erice, Carthaginian base camp during the famous battle of the Egadi Islands (10 March 241 BC)",12.58963,38.070435,-550.0,60.0,1.0
-325,-300,1182.2,,12.736,38.186,-400.0,30.0,1.0
-325,-300,1182.3,,12.7692,38.1673,-400.0,30.0,1.0
-325,-300,1184,"Emporion Segestanon, Emporium of the Aegestes, port of Segesta, on R Crimisus",12.88,38.0295,-330.0,60.0,0.6458333333333334
-325,-300,1184.0999999999999,,13.0791,38.1732,-400.0,30.0,1.0
-325,-300,1187,,13.182596,38.71968,-1500.0,100.0,1.0
-325,-300,1188.0999999999999,Pakonia?,13.23715,38.2079,-300.0,30.0,0.2916666666666667
-325,-300,1189,"Panhormus, Panorme",13.368583,38.120398,-750.0,60.0,1.0
-325,-300,1190,"Solus, port of Solonte ",13.542862,38.081694,-750.0,60.0,1.0
-325,-300,1191,"Thermai, Thermae Himeraeae, on R Thermos",13.690394,37.993991,-550.0,60.0,1.0
-325,-300,1192,,13.7815,37.9743,-330.0,60.0,0.6458333333333334
-325,-300,1193,"Himera, Himere, on R Himeras",13.8215,37.9683,-729.0,10.0,1.0
-325,-300,1195,"Cephaloedium, Cephalidium ",14.024107,38.043883,-550.0,60.0,1.0
-325,-300,1196,"Halaesa, on R Halaisos",14.263,37.998,-330.0,60.0,0.6458333333333334
-325,-300,1197,"Kale Akte, Calate ",14.448292,38.036496,-550.0,60.0,1.0
-325,-300,1199,Agathyrnum ,14.752,38.164,-550.0,60.0,1.0
-325,-300,1202,"Egira, Erikodes, Ericusa Insula",14.351188,38.5428,-330.0,60.0,0.6458333333333334
-325,-300,1203,"Celsina, Phoenicusa, Phoinikoussa insula",14.5883,38.5569,-1500.0,100.0,1.0
-325,-300,1204,Didyma insula,14.8696,38.5739,-1500.0,100.0,1.0
-325,-300,1205,"Lipara on Liparos insula, Meligounis nesos",14.9568,38.4717,-1500.0,100.0,1.0
-325,-300,1206,"Heraclea, Hiera Thermessa insula,  Hiera Hephaistou insula",14.966446,38.416361,-550.0,60.0,1.0
-325,-300,1207,"Aegina, Euonymus insula",15.0636,38.6256,-1500.0,100.0,1.0
-325,-300,1209,"Strongilos, Eolie, possibly Odysseus' stopover on the isle of Aeolos",15.244209,38.797457,-1500.0,100.0,1.0
-325,-300,1210,Tyndaris ,15.044,38.1433,-550.0,60.0,1.0
-325,-300,1212,"Myle, Mylae ",15.2428,38.2177,-750.0,60.0,1.0
-325,-300,1213,"Naulochos, Naulocha ",15.371783,38.22509,-330.0,60.0,0.6458333333333334
-325,-300,1242,"Castrum Minerva, Port of Venus, Limen Aphrodites, Athenaion ",18.435411,40.011636,-550.0,60.0,1.0
-325,-300,1242.0999999999999,,18.4849,40.079,-330.0,60.0,0.6458333333333334
-325,-300,1243,"Hydros, Hydruntum, Otrante ",18.490869,40.148182,-750.0,60.0,1.0
-325,-300,1243.0999999999999,,18.4732,40.1841,-330.0,60.0,0.6458333333333334
-325,-300,1243.2,,18.431,40.277,-330.0,60.0,0.6458333333333334
-325,-300,1244,Port Tarentin ,18.4263,40.2871,-1500.0,100.0,1.0
-325,-300,1245,,18.409136,40.301208,-750.0,60.0,1.0
-325,-300,1247,"Brindes, Brentesium, Brundisium, Bronduse",17.948953,40.641441,-750.0,60.0,1.0
-325,-300,1248,,17.8705,40.6875,-330.0,60.0,0.6458333333333334
-325,-300,1249,,17.7983,40.7137,-750.0,60.0,1.0
-325,-300,1250.0999999999999,Karbina,17.6983,40.7596,-1500.0,100.0,1.0
-325,-300,1252,Gnathia ,17.391,40.8896,-750.0,60.0,1.0
-325,-300,1254,"Turris Caesaris, Neapolis ",17.2183,40.9975,-330.0,60.0,0.6458333333333334
-325,-300,1257,,16.997139,41.090957,-750.0,60.0,1.0
-325,-300,1259,Natiolum ,16.669838,41.192824,-330.0,60.0,0.6458333333333334
-325,-300,1262,Barduli ,16.287075,41.334436,-330.0,60.0,0.6458333333333334
-325,-300,1263.0999999999999,,16.0811,41.3592,-1500.0,100.0,1.0
-325,-300,1264,San Vito ,16.03185,41.3848,-330.0,60.0,0.6458333333333334
-325,-300,1267,,15.8378,41.519,-750.0,60.0,1.0
-325,-300,1268,"Coppa Nevigatta, on R Aquilo",15.8338,41.558,-5000.0,100.0,1.0
-325,-300,1270,"Sipous, Sipontum, Sipunte ",15.9221,41.617859,-330.0,60.0,0.6458333333333334
-325,-300,1271,"Apanestae, Apeneste",16.06038,41.69375,-750.0,60.0,1.0
-325,-300,1274,"Portus Aggasus, Port Agasus ",16.183,41.885,-550.0,60.0,1.0
-325,-300,1277,"Hyria, Uria",15.83039,41.8821,-330.0,60.0,0.6458333333333334
-325,-300,1284,,15.05334,41.93962,-750.0,60.0,1.0
-325,-300,1286,Buca?,14.9976,42.0066,-330.0,60.0,0.6458333333333334
-325,-300,1288,"Histonium, Istonium ",14.7205,42.1188,-550.0,60.0,1.0
-325,-300,1289,Buca?,14.7125,42.172,-330.0,60.0,0.6458333333333334
-325,-300,1291,"Gualdi, port of Anxanum ",14.4434,42.3103,-550.0,60.0,1.0
-325,-300,1292,"Orton, Hortona",14.4098,42.357,-330.0,60.0,0.6458333333333334
-325,-300,1293,"Aternum, Ostia Aterni, on R Aternus",14.2118,42.4614,-330.0,60.0,0.6458333333333334
-325,-300,1294.0999999999999,"Matrinus, port of Hatria, Adria at the outlet of R Matrinus",14.138,42.5332,-330.0,60.0,0.6458333333333334
-325,-300,1296,"Castrum Novum, on R Batinus",13.971,42.7356,-330.0,60.0,0.6458333333333334
-325,-300,1297,"Castrum Truentinum, Truentum, on R Truentinum",13.901,42.8908,-330.0,60.0,0.6458333333333334
-325,-300,1298,Cupra Maritima,13.8534,43.034,-750.0,60.0,1.0
-325,-300,1299,"Castellum Firmanorum, port of Firmum Picenum, Etruscan Permu",13.8011,43.1605,-330.0,60.0,0.6458333333333334
-325,-300,1301,"Potentia, near R Flosis",13.6711,43.4142,-330.0,60.0,0.6458333333333334
-325,-300,1302,Numana ,13.628195,43.50729,-750.0,60.0,1.0
-325,-300,1305,"Sena Gallica, on R Sena",13.2185,43.7123,-330.0,60.0,0.6458333333333334
-325,-300,1306,,13.175681,43.75246,-750.0,60.0,1.0
-325,-300,1308,Fanum Fortunae ,13.019325,43.858514,-330.0,60.0,0.6458333333333334
-325,-300,1309,"Pisaurum, on R Pisaurus",12.92,43.9159,-550.0,60.0,1.0
-325,-300,1311,"Ariminum, Etruscan Arimna, Harimne, on R Ariminus & R Ausa",12.5739,44.0623,-550.0,60.0,1.0
-325,-300,1316,"Butrium, Budrium, port of Budrio ",12.14588,44.53989,-330.0,60.0,0.6458333333333334
-325,-300,1319,"Pomposa, Etruscan Spina, at the outlet of R Padus",12.10256,44.6943,-750.0,60.0,1.0
-325,-300,1323,Hadriani ,12.17741,44.94566,-750.0,60.0,1.0
-325,-300,1326,"Atria, Etruscan Hatria ",12.067121,45.048536,-750.0,60.0,1.0
-325,-300,1339,Altinum ,12.4077,45.5428,-550.0,60.0,1.0
-325,-300,1345,"Eraclia, Port on R Anassum or Anaxum ",12.6573,45.6378,-1300.0,100.0,1.0
-325,-300,1347.1,,12.8872,45.6356,-1200.0,100.0,1.0
-325,-300,1348.1,,13.1286,45.7714,-1300.0,100.0,1.0
-325,-300,1348.2,,13.1542,45.7705,-1300.0,100.0,1.0
-325,-300,1349.1,,13.3203,45.7648,-1500.0,100.0,1.0
-325,-300,1354,Etruscan Tarcste,13.771666,45.649509,-330.0,60.0,0.6458333333333334
-300,-275,753,"Olbia, Roman port",9.5031,40.9275,-330.0,60.0,0.8541666666666666
-300,-275,753.1,"Olbia, Punic port and Roman port",9.5057,40.9232,-750.0,60.0,1.0
-300,-275,756.1,Outlet of R Kaidris,9.734,40.373,-1500.0,100.0,1.0
-300,-275,757,"Sulcis, Sulpicius, Supicius ",9.706108,39.912462,-330.0,60.0,0.8541666666666666
-300,-275,762,Caralitanum Prom.,9.516373,39.11649,-330.0,60.0,0.8541666666666666
-300,-275,765,"Caralis, Carales, on R Sulcis",9.112387,39.211683,-750.0,60.0,1.0
-300,-275,766.1,,9.005325,39.095552,-1500.0,100.0,1.0
-300,-275,766.2,,9.0236,39.0619,-1500.0,100.0,1.0
-300,-275,767,Nora ,9.01444,38.987048,-750.0,60.0,1.0
-300,-275,768,Nora ,9.012555,38.984715,-750.0,60.0,1.0
-300,-275,769,Nora ,9.012066,38.988036,-750.0,60.0,1.0
-300,-275,770,"Bitia, Bithia, Bioea ",8.8849,38.8956,-750.0,60.0,1.0
-300,-275,778,"Sulcis, Solci (export of copper?)",8.462004,39.06534,-750.0,60.0,1.0
-300,-275,780,,8.4887,39.1774,-750.0,60.0,1.0
-300,-275,781,Metalla? ,8.5002,39.394,-500.0,30.0,1.0
-300,-275,781.1,,8.4601,39.5681,-7000.0,100.0,1.0
-300,-275,783,,8.60514,39.72744,-330.0,60.0,0.8541666666666666
-300,-275,786,"Othaia, Othoca, on R Thyrsos",8.60849,39.86957,-750.0,60.0,1.0
-300,-275,786.1,,8.495,39.925,-4500.0,100.0,1.0
-300,-275,787,"Tarrai, Tharros, Tarrhos, Punic port",8.44,39.892,-750.0,60.0,1.0
-300,-275,787.1,"Tarrai, Tharros, Tarrhos, possible Nuragic port",8.4416,39.8789,-1500.0,100.0,1.0
-300,-275,788,"Tarrai, Tharros, Tarrhos",8.437959,39.859288,-750.0,60.0,1.0
-300,-275,788.1,,8.3936,39.9725,-1200.0,100.0,1.0
-300,-275,788.2,,8.3066,39.988,-1200.0,100.0,1.0
-300,-275,789,"Coracodes, Korakodes portus",8.409895,40.043873,-1200.0,100.0,1.0
-300,-275,790,"Cornus, Kornos",8.490364,40.087832,-330.0,60.0,0.8541666666666666
-300,-275,791,"Bosa, on R Temos",8.469417,40.284535,-330.0,60.0,0.8541666666666666
-300,-275,793,Nymphaeus portus ,8.189645,40.616568,-750.0,60.0,1.0
-300,-275,796,"Turris Libyssonis, Libisonis",8.3918,40.8368,-330.0,60.0,0.8541666666666666
-300,-275,796.1,"Turris Libyssonis, Libisonis",8.3941,40.8391,-330.0,60.0,0.8541666666666666
-300,-275,796.2,"Turris Libyssonis, Libisonis",8.4016,40.8392,-330.0,60.0,0.8541666666666666
-300,-275,796.3,"Turris Libyssonis, Libisonis",8.4089,40.8389,-330.0,60.0,0.8541666666666666
-300,-275,801,,9.1609,41.2404,-330.0,60.0,0.8541666666666666
-300,-275,803,"Turublum Minus, Lamos?, Telepylos?, possible port of the Laestrygonians and stopover of Odysseus, near famous Arktou Akra Prom.",9.275693,41.199135,-1500.0,100.0,1.0
-300,-275,811.1,"Vintimilio plagia, Album Intermilium, Albintimilium",7.6252,43.7893,-550.0,60.0,1.0
-300,-275,818,"Albingauno, Albenganum ",8.2133,44.047,-550.0,60.0,1.0
-300,-275,823,"Savo, Vicus Virginis? ",8.479161,44.296439,-330.0,60.0,0.8541666666666666
-300,-275,829,Genua,8.9284,44.411,-600.0,30.0,1.0
-300,-275,830,"archaic landing place of Genua, Etruscan Cainua?",8.94388,44.409,-1000.0,100.0,1.0
-300,-275,838,Antion ,9.546199,44.202859,-550.0,60.0,1.0
-300,-275,844,"Portus Lunae, Lune, Selene, Etruscan Luna, near R Macra  (export of white marble)",10.0152,44.0608,-330.0,60.0,0.8541666666666666
-300,-275,847,,10.28083,43.87307,-750.0,60.0,1.0
-300,-275,848,,10.3602,43.83659,-330.0,60.0,0.8541666666666666
-300,-275,849,,10.32724,43.76764,-750.0,60.0,1.0
-300,-275,850,,10.33555,43.73476,-750.0,60.0,1.0
-300,-275,851,"Port of Pise, Pisa, Etruscan Pisna, Peithusa, Pithsa, on ancient R Auser, near R Arnus",10.3862,43.7211,-550.0,60.0,1.0
-300,-275,853,,10.3934,43.6386,-5000.0,100.0,1.0
-300,-275,854,"Triturrita? Turrita? Near Portus Pisanus, Pisarum emporio, Liburnus Portus, Portus Herculis Liburni, Portus Labro, Etruscan Liburna",10.3343,43.5733,-5000.0,100.0,1.0
-300,-275,855,,10.4182,43.4022,-330.0,60.0,0.8541666666666666
-300,-275,856,"Vadis, Vada Volaterrana ",10.44801,43.35981,-330.0,60.0,0.8541666666666666
-300,-275,858.1,,10.531,43.099,-5000.0,100.0,1.0
-300,-275,859,"Populonio, Poplonium, Etruscan Fufluna, Pupluna",10.5014,42.9924,-750.0,60.0,1.0
-300,-275,860,"Falesia, Porto Falese ",10.559041,42.934297,-5000.0,100.0,1.0
-300,-275,861,,10.67991,42.9663,-330.0,60.0,0.8541666666666666
-300,-275,862,Etruscan Fullona,10.757,42.917,-700.0,30.0,1.0
-300,-275,866,"Ilva, Aithalia, Ethalie ",10.273798,42.770152,-5000.0,100.0,1.0
-300,-275,867,"Argous portus, Argoos, ",10.329861,42.813066,-750.0,60.0,1.0
-300,-275,872,Planasia insula,10.082156,42.582969,-330.0,60.0,0.8541666666666666
-300,-275,873,,10.09386,42.59297,-5000.0,100.0,1.0
-300,-275,880.1,,11.173,42.431,-1000.0,100.0,1.0
-300,-275,884.1,,10.922725,42.3593,-330.0,60.0,0.8541666666666666
-300,-275,885,Oglasa insula,10.309211,42.331958,-5000.0,100.0,1.0
-300,-275,886,"Portu Herculis, Port of Hercules",11.2086,42.3912,-330.0,60.0,0.8541666666666666
-300,-275,888.1,,11.2774,42.4201,-1000.0,100.0,1.0
-300,-275,891,"Cosa, Cossae, Portus Herculis Cosanus, Etruscan Cusi, Cuthi",11.293827,42.40709,-330.0,60.0,0.8541666666666666
-300,-275,893,"Regis, Regae ",11.6041,42.3122,-750.0,60.0,1.0
-300,-275,896,"Graviscae, port of Tarquinia, Etruscan Tarchuna, Tarchna, possible first settlement of Etruscan people",11.7066,42.2144,-750.0,60.0,1.0
-300,-275,902.1,,11.8243,42.0446,-500.0,30.0,1.0
-300,-275,903,"Castrum Novum (port of Caere, Coere, Agylla), Etruscan port",11.8305,42.0383,-287.0,10.0,0.475
-300,-275,904.1,Punicum ,11.8715,42.035,-330.0,60.0,0.8541666666666666
-300,-275,906,"Pyrgoi, Pyrgi (also called The Towers), port of Agylle, Caere, Etruscan Chaire, Caisra, Cisra",11.9565,42.0152,-750.0,60.0,1.0
-300,-275,906.1,"Pyrgoi, Pyrgi (also called The Towers), port of Agylle, Caere, Etruscan Chaire, Caisra, Cisra",11.9604,42.015,-750.0,60.0,1.0
-300,-275,906.2,Etruscan submerged structure,11.977,41.9957,-750.0,60.0,1.0
-300,-275,909,"Alsium, port of Agylla, Caere, Coere, Etruscan Chaire, Caisra",12.100837,41.932961,-750.0,60.0,1.0
-300,-275,910,,12.1253,41.9271,-330.0,60.0,0.8541666666666666
-300,-275,911,,12.1424,41.9128,-330.0,60.0,0.8541666666666666
-300,-275,912,"Fregenae, Etruscan Ficrine",12.18341,41.853058,-330.0,60.0,0.8541666666666666
-300,-275,916,"Ostia, port of Rome",12.279848,41.75343,-640.0,20.0,1.0
-300,-275,917,Ostia,12.290905,41.75752,-750.0,60.0,1.0
-300,-275,921,Ficana,12.35306,41.80187,-750.0,60.0,1.0
-300,-275,922,Portus Vicus Alexandri,12.471443,41.847394,-330.0,60.0,0.8541666666666666
-300,-275,930,"Portus Tiberinus, near Pons Aemilius, oldest archaic port of Rome, close to Foro Romano and Horrea Agrippiana",12.4809,41.8892,-753.0,10.0,1.0
-300,-275,935,Troia?,12.4685,41.6137,-550.0,60.0,1.0
-300,-275,938,Castrum Inui,12.5113,41.5803,-750.0,60.0,1.0
-300,-275,943,"Antium, Nero's port, Etruscan Anth? Caenon?",12.628393,41.442702,-750.0,60.0,1.0
-300,-275,949,"Astura, Storas, on R Astura",12.767198,41.407351,-330.0,60.0,0.8541666666666666
-300,-275,951,Ad Turres Albas ,12.91288,41.375768,-330.0,60.0,0.8541666666666666
-300,-275,953,"Port of Circei, Circe, Eea, Aeaea, Aiaia, Aia insula?, possible stopover for Odysseus",13.04425,41.253072,-330.0,60.0,0.8541666666666666
-300,-275,954,"Circei, Circaeum Prom., Kirkaion, outlet of Nero's Fossa Augusta",13.1052,41.2405,-550.0,60.0,1.0
-300,-275,955,"Terracina, Tarracina, Anxur, Etruscan Tarchna, Tarkina",13.2545,41.286,-500.0,30.0,1.0
-300,-275,956,Fundi,13.42926,41.35738,-330.0,60.0,0.8541666666666666
-300,-275,957,Pontia insula,12.964786,40.894781,-750.0,60.0,1.0
-300,-275,962,"Caiete, Caieta, Caeatas, Aeete, Etruscan Caithi",13.586,41.211,-330.0,60.0,0.8541666666666666
-300,-275,964,"Formiae, Formies, Hormies ",13.6057,41.253,-330.0,60.0,0.8541666666666666
-300,-275,966,,13.675,41.2479,-330.0,60.0,0.8541666666666666
-300,-275,967,Pyrae?,13.703677,41.250662,-330.0,60.0,0.8541666666666666
-300,-275,968,"Minturnae, on via Appia, with Pons Tirenus bridge on R Liris",13.7709,41.241,-296.0,10.0,0.925
-300,-275,968.1,"Marica temple, sea-port of Minturnae",13.7645,41.2265,-700.0,30.0,1.0
-300,-275,969,,13.8408,41.15847,-330.0,60.0,0.8541666666666666
-300,-275,970,"Sinuessa, Sinuesa, Sinope",13.85,41.14944,-550.0,60.0,1.0
-300,-275,972,Aquae Sinuessanae & Pagus Sarclanus?,13.9125,41.1228,-330.0,60.0,0.8541666666666666
-300,-275,973,"Volturnum, on R Vulturnus",13.92,41.0186,-550.0,60.0,1.0
-300,-275,974,"Liternum, Linternum, port of the Osci, Oskoi, Osques, Opici, Aurunci, Ausones",14.029903,40.921334,-330.0,60.0,0.8541666666666666
-300,-275,975,"Cumae, Cumes, Kyme",14.051265,40.846657,-750.0,60.0,1.0
-300,-275,977,"Pithekoussai, Pithecusae, Etruscan Inarime, first Greek (Euboian) settlement in Italy",13.885913,40.754297,-750.0,60.0,1.0
-300,-275,978,,13.879064,40.696687,-700.0,30.0,1.0
-300,-275,978.1,"Procita, Prochyta insula",14.016731,40.759068,-700.0,30.0,1.0
-300,-275,978.2,,13.992,40.74,-1500.0,100.0,1.0
-300,-275,991,"Puteoli, Dikaiarcheia, Dicearque, Flavia Colonia Augusta Puteoli, Delus Minor, in the Campi Phlegraei volcano district",14.1154,40.8216,-750.0,60.0,1.0
-300,-275,997,"Parthenope, Neapolis",14.2522,40.8398,-750.0,60.0,1.0
-300,-275,997.1,Neapolis ,14.25462,40.83927,-600.0,30.0,1.0
-300,-275,998,Neapolis ,14.2524,40.83926,-600.0,30.0,1.0
-300,-275,999.1,"Herculaneum, Etruscan Herclena",14.35,40.7998,-550.0,60.0,1.0
-300,-275,1001,Oplontis ,14.4525,40.75755,-330.0,60.0,0.8541666666666666
-300,-275,1002,"Pompeia, Porta Marina, Etruscan Pumpai",14.48226,40.74893,-750.0,60.0,1.0
-300,-275,1002.1,"Pompeia, Porta Stabia, Etruscan Pumpai",14.4908,40.7473,-750.0,60.0,1.0
-300,-275,1003,Stabiae ,14.4926,40.69976,-330.0,60.0,0.8541666666666666
-300,-275,1004,Aequana ,14.4215,40.6617,-750.0,60.0,1.0
-300,-275,1005,,14.402715,40.645818,-550.0,60.0,1.0
-300,-275,1006,"Surrentum, Etruscan Irnthi",14.3698,40.6279,-330.0,60.0,0.8541666666666666
-300,-275,1009,"Capraria, Capreae insula",14.236593,40.557685,-550.0,60.0,1.0
-300,-275,1013.1,"Seirenoussai nesoi, Anthemoessa insulae, Anthemuse, possible Siren islands, no stopover for Odysseus",14.43365,40.5825,-750.0,60.0,1.0
-300,-275,1017,Vietri ,14.713068,40.657725,-750.0,60.0,1.0
-300,-275,1019,,14.94346,40.5352,-750.0,60.0,1.0
-300,-275,1020,Portus Alburnus ,14.969769,40.488629,-330.0,60.0,0.8541666666666666
-300,-275,1021,"Poseïdonia, Posidonia, Paestum, on R Silarus",14.992,40.415,-750.0,60.0,1.0
-300,-275,1022,,14.990506,40.358318,-550.0,60.0,1.0
-300,-275,1024,"Velia, Elea, Portus Velinus, Hyele, near R Hales",15.157,40.1602,-535.0,10.0,1.0
-300,-275,1025,Palinurus ,15.282234,40.035658,-750.0,60.0,1.0
-300,-275,1026,"Oenotrides insulae, Molpa ",15.294659,40.026788,-750.0,60.0,1.0
-300,-275,1027,"Pyxus, near Buxentum Prom.",15.516403,40.065378,-470.0,20.0,1.0
-300,-275,1028,Scidrus ,15.6222,40.07218,-330.0,60.0,0.8541666666666666
-300,-275,1031,Blanda ,15.756465,39.913511,-330.0,60.0,0.8541666666666666
-300,-275,1032,,15.781146,39.81781,-750.0,60.0,1.0
-300,-275,1033,"Laos, Laus ",15.789572,39.775272,-750.0,60.0,1.0
-300,-275,1034,"Cerillea, Cerilli ",15.804176,39.709009,-330.0,60.0,0.8541666666666666
-300,-275,1035,,15.848026,39.613783,-330.0,60.0,0.8541666666666666
-300,-275,1036,,15.945789,39.491704,-550.0,60.0,1.0
-300,-275,1037,Port of Pandosia,16.042302,39.301273,-550.0,60.0,1.0
-300,-275,1038,"Klampeteia, Clampetia ",16.065528,39.127809,-330.0,60.0,0.8541666666666666
-300,-275,1039,"Temesa, Temese, Tempsa, on R Sabutus",16.094554,39.027944,-750.0,60.0,1.0
-300,-275,1040,,16.15407,38.98683,-330.0,60.0,0.8541666666666666
-300,-275,1041,Terina ,16.2389,38.9448,-550.0,60.0,1.0
-300,-275,1047.3,,15.9718,38.7135,-1500.0,100.0,1.0
-300,-275,1049,,15.921,38.545,-750.0,60.0,1.0
-300,-275,1051,Emporion,15.95941,38.49277,-330.0,60.0,0.8541666666666666
-300,-275,1052,"Medma, Mesma",15.9882,38.4821,-750.0,60.0,1.0
-300,-275,1053,"Port at the outlet of R Metaurus, Metaure ",15.871137,38.421553,-750.0,60.0,1.0
-300,-275,1054,Taurianum ,15.86494,38.39426,-330.0,60.0,0.8541666666666666
-300,-275,1058,"Scyllaeum, Scylla, in front of Charybdis in Sicily, both Planktes insulae, where Odysseus possibly sailed",15.715,38.259,-750.0,60.0,1.0
-300,-275,1059,Kainys ,15.6354,38.2322,-550.0,60.0,1.0
-300,-275,1061,"Rhegium, Rhegion",15.634658,38.109425,-740.0,20.0,1.0
-300,-275,1064,Scyle ,15.92,37.928,-330.0,60.0,0.8541666666666666
-300,-275,1068,Altanum? ,16.177826,38.141495,-550.0,60.0,1.0
-300,-275,1069,"Lokroi Epizephyrioi, Locri Epizefiri, Locres ",16.2368,38.2077,-750.0,60.0,1.0
-300,-275,1071,"Amphissa, Santo Onofrio ",16.413143,38.318166,-750.0,60.0,1.0
-300,-275,1072,"Kaulonia, Caulonia, Aulonia, Stilida",16.5787,38.4454,-750.0,60.0,1.0
-300,-275,1075,"Scylletium, Scolacium ",16.5952,38.8076,-550.0,60.0,1.0
-300,-275,1076,"Castra Hannibalis, Camp of Annibal ",16.713868,38.85776,-330.0,60.0,0.8541666666666666
-300,-275,1078,,17.023685,38.903404,-330.0,60.0,0.8541666666666666
-300,-275,1080,,17.16869,38.95411,-750.0,60.0,1.0
-300,-275,1082,"Kroton, Crotone, on R Aisaros",17.126348,39.085539,-750.0,60.0,1.0
-300,-275,1084,Krimisa?,17.140861,39.370149,-750.0,60.0,1.0
-300,-275,1085,"Temple of Apollo Alaeus, port of Aesarus ",17.1466,39.39654,-750.0,60.0,1.0
-300,-275,1087,,16.9617,39.496,-330.0,60.0,0.8541666666666666
-300,-275,1088,"Sybaris ad Traeis, on R Traeis",16.771,39.59,-443.0,10.0,1.0
-300,-275,1090,"archaic Sybaris, on R Sybaris and R Crathis, Thourioi, Thurii, Copia",16.491191,39.717044,-720.0,20.0,1.0
-300,-275,1091,,16.538059,39.865106,-1500.0,100.0,1.0
-300,-275,1093,,16.60264,40.04726,-550.0,60.0,1.0
-300,-275,1095,,16.64197,40.15955,-330.0,60.0,0.8541666666666666
-300,-275,1097,"Siris, on R Siris",16.6682,40.1658,-750.0,60.0,1.0
-300,-275,1098,"Heraclea, Heraclee ",16.67,40.22,-550.0,60.0,1.0
-300,-275,1098.0999999999999,,16.6642,40.2934,-1500.0,100.0,1.0
-300,-275,1099,"Metapontum, Metaponte",16.8352,40.3728,-750.0,60.0,1.0
-300,-275,1100,"Tarentum, Taras, Neptuna",17.228144,40.472032,-750.0,60.0,1.0
-300,-275,1103,"Satyrion, Saturnum ",17.30396,40.37282,-1500.0,100.0,1.0
-300,-275,1104,,17.50013,40.30372,-330.0,60.0,0.8541666666666666
-300,-275,1105,Port Sasina ,17.896215,40.25706,-750.0,60.0,1.0
-300,-275,1106,Port of Neretum,17.983673,40.137046,-750.0,60.0,1.0
-300,-275,1107,"Kallipolis, Callipolis, Anxa ",17.979931,40.054413,-750.0,60.0,1.0
-300,-275,1109,,18.31,39.8138,-330.0,60.0,0.8541666666666666
-300,-275,1110,"Portus Sallentinus, Leuke, near Iapygia Prom.",18.362675,39.792157,-750.0,60.0,1.0
-300,-275,1112,"Zancle, Zankle, Messana, Messene",15.560811,38.192865,-730.0,20.0,1.0
-300,-275,1113,,15.536584,38.145129,-750.0,60.0,1.0
-300,-275,1114,"Phoinix, Tamaricii, Palmae ",15.37,37.9438,-330.0,60.0,0.8541666666666666
-300,-275,1115,,15.3078,37.878,-330.0,60.0,0.8541666666666666
-300,-275,1116,Tauromenium ,15.302,37.848,-550.0,60.0,1.0
-300,-275,1117,"Naxos, Naxus ",15.2694,37.8239,-470.0,20.0,1.0
-300,-275,1118,"Archaic Naxos, near R Akesines",15.2694,37.8193,-734.0,10.0,1.0
-300,-275,1123,"Katane, Catina ",15.0873,37.5024,-750.0,60.0,1.0
-300,-275,1123.2,"Leontinoi, on R Terias",14.998,37.2855,-750.0,60.0,1.0
-300,-275,1124,,15.132834,37.310011,-750.0,60.0,1.0
-300,-275,1125.0999999999999,"Xiphoneos, Xiphonia, Xiphon",15.207,37.234,-330.0,60.0,0.8541666666666666
-300,-275,1126,"Megara Hyblaea, on R Alabon",15.183741,37.205772,-750.0,60.0,1.0
-300,-275,1127,"Tapsus, Thapsos ",15.228473,37.145257,-1200.0,100.0,1.0
-300,-275,1128,"Leon, landing place of Athenian fleet in 414 BC",15.2615,37.1076,-4000.0,100.0,1.0
-300,-275,1132,"Syracuse, ""Large Port"", on the isle of Sikelia, Sicania, Trinacria, major Greek (Corinthian) settlement in Sicily",15.288,37.06,-733.0,10.0,1.0
-300,-275,1138,Portus Naustathamus?,15.214525,36.95611,-750.0,60.0,1.0
-300,-275,1140,"Helorus, Elorus, on R Helorus",15.1075,36.8422,-750.0,60.0,1.0
-300,-275,1141,Phoenicus portus ,15.0985,36.803,-330.0,60.0,0.8541666666666666
-300,-275,1143,"Portus Pachino, Pachyno, Pachyni, Apollineum ",15.1385,36.6857,-330.0,60.0,0.8541666666666666
-300,-275,1146,R Hirminum,14.594,36.771,-750.0,60.0,1.0
-300,-275,1148,"Kamarina, on R Hipparis",14.440957,36.866878,-598.0,10.0,1.0
-300,-275,1150,,14.3,37.032,-550.0,60.0,1.0
-300,-275,1152,"Gela, on R Gela",14.2583,37.063,-688.0,10.0,1.0
-300,-275,1154,,14.197,37.0842,-750.0,60.0,1.0
-300,-275,1155,"Port of Maktorion, Mactorium?",14.138661,37.100201,-750.0,60.0,1.0
-300,-275,1156,"Phintias, on R Himeras",13.9317,37.1,-330.0,60.0,0.8541666666666666
-300,-275,1158,,13.881,37.102,-750.0,60.0,1.0
-300,-275,1160,,13.780019,37.144488,-750.0,60.0,1.0
-300,-275,1161,,13.695341,37.17957,-550.0,60.0,1.0
-300,-275,1162.0999999999999,,13.624,37.233,-1400.0,100.0,1.0
-300,-275,1163,"Agrakas, Akragas, Agrigentum, on R Hypsas",13.581,37.2687,-580.0,20.0,1.0
-300,-275,1166,"Heraclea Minoa, on R Halycus",13.28,37.3937,-750.0,60.0,1.0
-300,-275,1167,,13.256671,37.414943,-750.0,60.0,1.0
-300,-275,1169,"Selinus, Selinunt, Selinonte east port",12.8294,37.5845,-650.0,30.0,1.0
-300,-275,1170,"Selinus, Selinunt, Selinonte west port, on R Selinon",12.82116,37.5828,-650.0,30.0,1.0
-300,-275,1171,"Mazara, on R Mazara",12.587605,37.644211,-550.0,60.0,1.0
-300,-275,1172,"Lilybaion, Lilybee South port?",12.43,37.7937,-750.0,60.0,1.0
-300,-275,1173,"Lilybaion, Lilybee Main port",12.428115,37.808131,-750.0,60.0,1.0
-300,-275,1174,"Lilybaion, Lilybee North port?",12.443337,37.8124,-750.0,60.0,1.0
-300,-275,1176,"Motye, Motya",12.4646,37.8641,-750.0,60.0,1.0
-300,-275,1176.0999999999999,"Motye, Motya",12.4724,37.86902,-350.0,30.0,1.0
-300,-275,1176.2,"Motye, Motya",12.47,37.8715,-350.0,30.0,1.0
-300,-275,1177,"Aigousa insula, anchorage of Roman fleet before the famous battle of the Egadi Islands (10 March 241 BC), Odysseus' port of the Cyclops? ",12.322489,37.934044,-750.0,60.0,1.0
-300,-275,1179,"Maritima, Hieronesos, Hiera insula",12.077769,37.970422,-330.0,60.0,0.8541666666666666
-300,-275,1180,"Bucinna, Phorbantia insula",12.321625,38.00168,-10000.0,100.0,1.0
-300,-275,1181,"Drepanum, Drepane ",12.502194,38.007961,-330.0,60.0,0.8541666666666666
-300,-275,1182,"Port of Erix, Eryx, Erice, Carthaginian base camp during the famous battle of the Egadi Islands (10 March 241 BC)",12.58963,38.070435,-550.0,60.0,1.0
-300,-275,1182.2,,12.736,38.186,-400.0,30.0,1.0
-300,-275,1182.3,,12.7692,38.1673,-400.0,30.0,1.0
-300,-275,1184,"Emporion Segestanon, Emporium of the Aegestes, port of Segesta, on R Crimisus",12.88,38.0295,-330.0,60.0,0.8541666666666666
-300,-275,1184.0999999999999,,13.0791,38.1732,-400.0,30.0,1.0
-300,-275,1187,,13.182596,38.71968,-1500.0,100.0,1.0
-300,-275,1188.0999999999999,Pakonia?,13.23715,38.2079,-300.0,30.0,0.7083333333333334
-300,-275,1189,"Panhormus, Panorme",13.368583,38.120398,-750.0,60.0,1.0
-300,-275,1190,"Solus, port of Solonte ",13.542862,38.081694,-750.0,60.0,1.0
-300,-275,1191,"Thermai, Thermae Himeraeae, on R Thermos",13.690394,37.993991,-550.0,60.0,1.0
-300,-275,1192,,13.7815,37.9743,-330.0,60.0,0.8541666666666666
-300,-275,1193,"Himera, Himere, on R Himeras",13.8215,37.9683,-729.0,10.0,1.0
-300,-275,1195,"Cephaloedium, Cephalidium ",14.024107,38.043883,-550.0,60.0,1.0
-300,-275,1196,"Halaesa, on R Halaisos",14.263,37.998,-330.0,60.0,0.8541666666666666
-300,-275,1197,"Kale Akte, Calate ",14.448292,38.036496,-550.0,60.0,1.0
-300,-275,1199,Agathyrnum ,14.752,38.164,-550.0,60.0,1.0
-300,-275,1202,"Egira, Erikodes, Ericusa Insula",14.351188,38.5428,-330.0,60.0,0.8541666666666666
-300,-275,1203,"Celsina, Phoenicusa, Phoinikoussa insula",14.5883,38.5569,-1500.0,100.0,1.0
-300,-275,1204,Didyma insula,14.8696,38.5739,-1500.0,100.0,1.0
-300,-275,1205,"Lipara on Liparos insula, Meligounis nesos",14.9568,38.4717,-1500.0,100.0,1.0
-300,-275,1206,"Heraclea, Hiera Thermessa insula,  Hiera Hephaistou insula",14.966446,38.416361,-550.0,60.0,1.0
-300,-275,1207,"Aegina, Euonymus insula",15.0636,38.6256,-1500.0,100.0,1.0
-300,-275,1209,"Strongilos, Eolie, possibly Odysseus' stopover on the isle of Aeolos",15.244209,38.797457,-1500.0,100.0,1.0
-300,-275,1210,Tyndaris ,15.044,38.1433,-550.0,60.0,1.0
-300,-275,1212,"Myle, Mylae ",15.2428,38.2177,-750.0,60.0,1.0
-300,-275,1213,"Naulochos, Naulocha ",15.371783,38.22509,-330.0,60.0,0.8541666666666666
-300,-275,1242,"Castrum Minerva, Port of Venus, Limen Aphrodites, Athenaion ",18.435411,40.011636,-550.0,60.0,1.0
-300,-275,1242.0999999999999,,18.4849,40.079,-330.0,60.0,0.8541666666666666
-300,-275,1243,"Hydros, Hydruntum, Otrante ",18.490869,40.148182,-750.0,60.0,1.0
-300,-275,1243.0999999999999,,18.4732,40.1841,-330.0,60.0,0.8541666666666666
-300,-275,1243.2,,18.431,40.277,-330.0,60.0,0.8541666666666666
-300,-275,1244,Port Tarentin ,18.4263,40.2871,-1500.0,100.0,1.0
-300,-275,1245,,18.409136,40.301208,-750.0,60.0,1.0
-300,-275,1247,"Brindes, Brentesium, Brundisium, Bronduse",17.948953,40.641441,-750.0,60.0,1.0
-300,-275,1248,,17.8705,40.6875,-330.0,60.0,0.8541666666666666
-300,-275,1249,,17.7983,40.7137,-750.0,60.0,1.0
-300,-275,1250.0999999999999,Karbina,17.6983,40.7596,-1500.0,100.0,1.0
-300,-275,1252,Gnathia ,17.391,40.8896,-750.0,60.0,1.0
-300,-275,1254,"Turris Caesaris, Neapolis ",17.2183,40.9975,-330.0,60.0,0.8541666666666666
-300,-275,1257,,16.997139,41.090957,-750.0,60.0,1.0
-300,-275,1259,Natiolum ,16.669838,41.192824,-330.0,60.0,0.8541666666666666
-300,-275,1262,Barduli ,16.287075,41.334436,-330.0,60.0,0.8541666666666666
-300,-275,1263.0999999999999,,16.0811,41.3592,-1500.0,100.0,1.0
-300,-275,1264,San Vito ,16.03185,41.3848,-330.0,60.0,0.8541666666666666
-300,-275,1267,,15.8378,41.519,-750.0,60.0,1.0
-300,-275,1268,"Coppa Nevigatta, on R Aquilo",15.8338,41.558,-5000.0,100.0,1.0
-300,-275,1270,"Sipous, Sipontum, Sipunte ",15.9221,41.617859,-330.0,60.0,0.8541666666666666
-300,-275,1271,"Apanestae, Apeneste",16.06038,41.69375,-750.0,60.0,1.0
-300,-275,1274,"Portus Aggasus, Port Agasus ",16.183,41.885,-550.0,60.0,1.0
-300,-275,1277,"Hyria, Uria",15.83039,41.8821,-330.0,60.0,0.8541666666666666
-300,-275,1284,,15.05334,41.93962,-750.0,60.0,1.0
-300,-275,1286,Buca?,14.9976,42.0066,-330.0,60.0,0.8541666666666666
-300,-275,1288,"Histonium, Istonium ",14.7205,42.1188,-550.0,60.0,1.0
-300,-275,1289,Buca?,14.7125,42.172,-330.0,60.0,0.8541666666666666
-300,-275,1291,"Gualdi, port of Anxanum ",14.4434,42.3103,-550.0,60.0,1.0
-300,-275,1292,"Orton, Hortona",14.4098,42.357,-330.0,60.0,0.8541666666666666
-300,-275,1293,"Aternum, Ostia Aterni, on R Aternus",14.2118,42.4614,-330.0,60.0,0.8541666666666666
-300,-275,1294.0999999999999,"Matrinus, port of Hatria, Adria at the outlet of R Matrinus",14.138,42.5332,-330.0,60.0,0.8541666666666666
-300,-275,1296,"Castrum Novum, on R Batinus",13.971,42.7356,-330.0,60.0,0.8541666666666666
-300,-275,1297,"Castrum Truentinum, Truentum, on R Truentinum",13.901,42.8908,-330.0,60.0,0.8541666666666666
-300,-275,1298,Cupra Maritima,13.8534,43.034,-750.0,60.0,1.0
-300,-275,1299,"Castellum Firmanorum, port of Firmum Picenum, Etruscan Permu",13.8011,43.1605,-330.0,60.0,0.8541666666666666
-300,-275,1301,"Potentia, near R Flosis",13.6711,43.4142,-330.0,60.0,0.8541666666666666
-300,-275,1302,Numana ,13.628195,43.50729,-750.0,60.0,1.0
-300,-275,1305,"Sena Gallica, on R Sena",13.2185,43.7123,-330.0,60.0,0.8541666666666666
-300,-275,1306,,13.175681,43.75246,-750.0,60.0,1.0
-300,-275,1308,Fanum Fortunae ,13.019325,43.858514,-330.0,60.0,0.8541666666666666
-300,-275,1309,"Pisaurum, on R Pisaurus",12.92,43.9159,-550.0,60.0,1.0
-300,-275,1311,"Ariminum, Etruscan Arimna, Harimne, on R Ariminus & R Ausa",12.5739,44.0623,-550.0,60.0,1.0
-300,-275,1316,"Butrium, Budrium, port of Budrio ",12.14588,44.53989,-330.0,60.0,0.8541666666666666
-300,-275,1319,"Pomposa, Etruscan Spina, at the outlet of R Padus",12.10256,44.6943,-750.0,60.0,1.0
-300,-275,1323,Hadriani ,12.17741,44.94566,-750.0,60.0,1.0
-300,-275,1326,"Atria, Etruscan Hatria ",12.067121,45.048536,-750.0,60.0,1.0
-300,-275,1339,Altinum ,12.4077,45.5428,-550.0,60.0,1.0
-300,-275,1345,"Eraclia, Port on R Anassum or Anaxum ",12.6573,45.6378,-1300.0,100.0,1.0
-300,-275,1347.1,,12.8872,45.6356,-1200.0,100.0,1.0
-300,-275,1348.1,,13.1286,45.7714,-1300.0,100.0,1.0
-300,-275,1348.2,,13.1542,45.7705,-1300.0,100.0,1.0
-300,-275,1349.1,,13.3203,45.7648,-1500.0,100.0,1.0
-300,-275,1354,Etruscan Tarcste,13.771666,45.649509,-330.0,60.0,0.8541666666666666
-275,-250,753,"Olbia, Roman port",9.5031,40.9275,-330.0,60.0,1.0
-275,-250,753.1,"Olbia, Punic port and Roman port",9.5057,40.9232,-750.0,60.0,1.0
-275,-250,756.1,Outlet of R Kaidris,9.734,40.373,-1500.0,100.0,1.0
-275,-250,757,"Sulcis, Sulpicius, Supicius ",9.706108,39.912462,-330.0,60.0,1.0
-275,-250,762,Caralitanum Prom.,9.516373,39.11649,-330.0,60.0,1.0
-275,-250,765,"Caralis, Carales, on R Sulcis",9.112387,39.211683,-750.0,60.0,1.0
-275,-250,766.1,,9.005325,39.095552,-1500.0,100.0,1.0
-275,-250,766.2,,9.0236,39.0619,-1500.0,100.0,1.0
-275,-250,767,Nora ,9.01444,38.987048,-750.0,60.0,1.0
-275,-250,768,Nora ,9.012555,38.984715,-750.0,60.0,1.0
-275,-250,769,Nora ,9.012066,38.988036,-750.0,60.0,1.0
-275,-250,770,"Bitia, Bithia, Bioea ",8.8849,38.8956,-750.0,60.0,1.0
-275,-250,778,"Sulcis, Solci (export of copper?)",8.462004,39.06534,-750.0,60.0,1.0
-275,-250,780,,8.4887,39.1774,-750.0,60.0,1.0
-275,-250,781,Metalla? ,8.5002,39.394,-500.0,30.0,1.0
-275,-250,781.1,,8.4601,39.5681,-7000.0,100.0,1.0
-275,-250,783,,8.60514,39.72744,-330.0,60.0,1.0
-275,-250,786,"Othaia, Othoca, on R Thyrsos",8.60849,39.86957,-750.0,60.0,1.0
-275,-250,786.1,,8.495,39.925,-4500.0,100.0,1.0
-275,-250,787,"Tarrai, Tharros, Tarrhos, Punic port",8.44,39.892,-750.0,60.0,1.0
-275,-250,787.1,"Tarrai, Tharros, Tarrhos, possible Nuragic port",8.4416,39.8789,-1500.0,100.0,1.0
-275,-250,788,"Tarrai, Tharros, Tarrhos",8.437959,39.859288,-750.0,60.0,1.0
-275,-250,788.1,,8.3936,39.9725,-1200.0,100.0,1.0
-275,-250,788.2,,8.3066,39.988,-1200.0,100.0,1.0
-275,-250,789,"Coracodes, Korakodes portus",8.409895,40.043873,-1200.0,100.0,1.0
-275,-250,790,"Cornus, Kornos",8.490364,40.087832,-330.0,60.0,1.0
-275,-250,791,"Bosa, on R Temos",8.469417,40.284535,-330.0,60.0,1.0
-275,-250,793,Nymphaeus portus ,8.189645,40.616568,-750.0,60.0,1.0
-275,-250,796,"Turris Libyssonis, Libisonis",8.3918,40.8368,-330.0,60.0,1.0
-275,-250,796.1,"Turris Libyssonis, Libisonis",8.3941,40.8391,-330.0,60.0,1.0
-275,-250,796.2,"Turris Libyssonis, Libisonis",8.4016,40.8392,-330.0,60.0,1.0
-275,-250,796.3,"Turris Libyssonis, Libisonis",8.4089,40.8389,-330.0,60.0,1.0
-275,-250,801,,9.1609,41.2404,-330.0,60.0,1.0
-275,-250,803,"Turublum Minus, Lamos?, Telepylos?, possible port of the Laestrygonians and stopover of Odysseus, near famous Arktou Akra Prom.",9.275693,41.199135,-1500.0,100.0,1.0
-275,-250,811.1,"Vintimilio plagia, Album Intermilium, Albintimilium",7.6252,43.7893,-550.0,60.0,1.0
-275,-250,818,"Albingauno, Albenganum ",8.2133,44.047,-550.0,60.0,1.0
-275,-250,823,"Savo, Vicus Virginis? ",8.479161,44.296439,-330.0,60.0,1.0
-275,-250,829,Genua,8.9284,44.411,-600.0,30.0,1.0
-275,-250,830,"archaic landing place of Genua, Etruscan Cainua?",8.94388,44.409,-1000.0,100.0,1.0
-275,-250,838,Antion ,9.546199,44.202859,-550.0,60.0,1.0
-275,-250,844,"Portus Lunae, Lune, Selene, Etruscan Luna, near R Macra  (export of white marble)",10.0152,44.0608,-330.0,60.0,1.0
-275,-250,847,,10.28083,43.87307,-750.0,60.0,1.0
-275,-250,848,,10.3602,43.83659,-330.0,60.0,1.0
-275,-250,849,,10.32724,43.76764,-750.0,60.0,1.0
-275,-250,850,,10.33555,43.73476,-750.0,60.0,1.0
-275,-250,851,"Port of Pise, Pisa, Etruscan Pisna, Peithusa, Pithsa, on ancient R Auser, near R Arnus",10.3862,43.7211,-550.0,60.0,1.0
-275,-250,853,,10.3934,43.6386,-5000.0,100.0,1.0
-275,-250,854,"Triturrita? Turrita? Near Portus Pisanus, Pisarum emporio, Liburnus Portus, Portus Herculis Liburni, Portus Labro, Etruscan Liburna",10.3343,43.5733,-5000.0,100.0,1.0
-275,-250,855,,10.4182,43.4022,-330.0,60.0,1.0
-275,-250,856,"Vadis, Vada Volaterrana ",10.44801,43.35981,-330.0,60.0,1.0
-275,-250,858.1,,10.531,43.099,-5000.0,100.0,1.0
-275,-250,859,"Populonio, Poplonium, Etruscan Fufluna, Pupluna",10.5014,42.9924,-750.0,60.0,1.0
-275,-250,860,"Falesia, Porto Falese ",10.559041,42.934297,-5000.0,100.0,1.0
-275,-250,861,,10.67991,42.9663,-330.0,60.0,1.0
-275,-250,862,Etruscan Fullona,10.757,42.917,-700.0,30.0,1.0
-275,-250,866,"Ilva, Aithalia, Ethalie ",10.273798,42.770152,-5000.0,100.0,1.0
-275,-250,867,"Argous portus, Argoos, ",10.329861,42.813066,-750.0,60.0,1.0
-275,-250,872,Planasia insula,10.082156,42.582969,-330.0,60.0,1.0
-275,-250,873,,10.09386,42.59297,-5000.0,100.0,1.0
-275,-250,880.1,,11.173,42.431,-1000.0,100.0,1.0
-275,-250,884.1,,10.922725,42.3593,-330.0,60.0,1.0
-275,-250,885,Oglasa insula,10.309211,42.331958,-5000.0,100.0,1.0
-275,-250,886,"Portu Herculis, Port of Hercules",11.2086,42.3912,-330.0,60.0,1.0
-275,-250,888.1,,11.2774,42.4201,-1000.0,100.0,1.0
-275,-250,891,"Cosa, Cossae, Portus Herculis Cosanus, Etruscan Cusi, Cuthi",11.293827,42.40709,-330.0,60.0,1.0
-275,-250,893,"Regis, Regae ",11.6041,42.3122,-750.0,60.0,1.0
-275,-250,896,"Graviscae, port of Tarquinia, Etruscan Tarchuna, Tarchna, possible first settlement of Etruscan people",11.7066,42.2144,-750.0,60.0,1.0
-275,-250,902.1,,11.8243,42.0446,-500.0,30.0,1.0
-275,-250,903,"Castrum Novum (port of Caere, Coere, Agylla), Etruscan port",11.8305,42.0383,-287.0,10.0,1.0
-275,-250,904.1,Punicum ,11.8715,42.035,-330.0,60.0,1.0
-275,-250,906,"Pyrgoi, Pyrgi (also called The Towers), port of Agylle, Caere, Etruscan Chaire, Caisra, Cisra",11.9565,42.0152,-750.0,60.0,1.0
-275,-250,906.1,"Pyrgoi, Pyrgi (also called The Towers), port of Agylle, Caere, Etruscan Chaire, Caisra, Cisra",11.9604,42.015,-750.0,60.0,1.0
-275,-250,906.2,Etruscan submerged structure,11.977,41.9957,-750.0,60.0,1.0
-275,-250,909,"Alsium, port of Agylla, Caere, Coere, Etruscan Chaire, Caisra",12.100837,41.932961,-750.0,60.0,1.0
-275,-250,910,,12.1253,41.9271,-330.0,60.0,1.0
-275,-250,911,,12.1424,41.9128,-330.0,60.0,1.0
-275,-250,912,"Fregenae, Etruscan Ficrine",12.18341,41.853058,-330.0,60.0,1.0
-275,-250,916,"Ostia, port of Rome",12.279848,41.75343,-640.0,20.0,1.0
-275,-250,917,Ostia,12.290905,41.75752,-750.0,60.0,1.0
-275,-250,921,Ficana,12.35306,41.80187,-750.0,60.0,1.0
-275,-250,922,Portus Vicus Alexandri,12.471443,41.847394,-330.0,60.0,1.0
-275,-250,930,"Portus Tiberinus, near Pons Aemilius, oldest archaic port of Rome, close to Foro Romano and Horrea Agrippiana",12.4809,41.8892,-753.0,10.0,1.0
-275,-250,935,Troia?,12.4685,41.6137,-550.0,60.0,1.0
-275,-250,938,Castrum Inui,12.5113,41.5803,-750.0,60.0,1.0
-275,-250,943,"Antium, Nero's port, Etruscan Anth? Caenon?",12.628393,41.442702,-750.0,60.0,1.0
-275,-250,949,"Astura, Storas, on R Astura",12.767198,41.407351,-330.0,60.0,1.0
-275,-250,951,Ad Turres Albas ,12.91288,41.375768,-330.0,60.0,1.0
-275,-250,953,"Port of Circei, Circe, Eea, Aeaea, Aiaia, Aia insula?, possible stopover for Odysseus",13.04425,41.253072,-330.0,60.0,1.0
-275,-250,954,"Circei, Circaeum Prom., Kirkaion, outlet of Nero's Fossa Augusta",13.1052,41.2405,-550.0,60.0,1.0
-275,-250,955,"Terracina, Tarracina, Anxur, Etruscan Tarchna, Tarkina",13.2545,41.286,-500.0,30.0,1.0
-275,-250,956,Fundi,13.42926,41.35738,-330.0,60.0,1.0
-275,-250,957,Pontia insula,12.964786,40.894781,-750.0,60.0,1.0
-275,-250,962,"Caiete, Caieta, Caeatas, Aeete, Etruscan Caithi",13.586,41.211,-330.0,60.0,1.0
-275,-250,964,"Formiae, Formies, Hormies ",13.6057,41.253,-330.0,60.0,1.0
-275,-250,966,,13.675,41.2479,-330.0,60.0,1.0
-275,-250,967,Pyrae?,13.703677,41.250662,-330.0,60.0,1.0
-275,-250,968,"Minturnae, on via Appia, with Pons Tirenus bridge on R Liris",13.7709,41.241,-296.0,10.0,1.0
-275,-250,968.1,"Marica temple, sea-port of Minturnae",13.7645,41.2265,-700.0,30.0,1.0
-275,-250,969,,13.8408,41.15847,-330.0,60.0,1.0
-275,-250,970,"Sinuessa, Sinuesa, Sinope",13.85,41.14944,-550.0,60.0,1.0
-275,-250,972,Aquae Sinuessanae & Pagus Sarclanus?,13.9125,41.1228,-330.0,60.0,1.0
-275,-250,973,"Volturnum, on R Vulturnus",13.92,41.0186,-550.0,60.0,1.0
-275,-250,974,"Liternum, Linternum, port of the Osci, Oskoi, Osques, Opici, Aurunci, Ausones",14.029903,40.921334,-330.0,60.0,1.0
-275,-250,975,"Cumae, Cumes, Kyme",14.051265,40.846657,-750.0,60.0,1.0
-275,-250,977,"Pithekoussai, Pithecusae, Etruscan Inarime, first Greek (Euboian) settlement in Italy",13.885913,40.754297,-750.0,60.0,1.0
-275,-250,978,,13.879064,40.696687,-700.0,30.0,1.0
-275,-250,978.1,"Procita, Prochyta insula",14.016731,40.759068,-700.0,30.0,1.0
-275,-250,978.2,,13.992,40.74,-1500.0,100.0,1.0
-275,-250,991,"Puteoli, Dikaiarcheia, Dicearque, Flavia Colonia Augusta Puteoli, Delus Minor, in the Campi Phlegraei volcano district",14.1154,40.8216,-750.0,60.0,1.0
-275,-250,997,"Parthenope, Neapolis",14.2522,40.8398,-750.0,60.0,1.0
-275,-250,997.1,Neapolis ,14.25462,40.83927,-600.0,30.0,1.0
-275,-250,998,Neapolis ,14.2524,40.83926,-600.0,30.0,1.0
-275,-250,999.1,"Herculaneum, Etruscan Herclena",14.35,40.7998,-550.0,60.0,1.0
-275,-250,1001,Oplontis ,14.4525,40.75755,-330.0,60.0,1.0
-275,-250,1002,"Pompeia, Porta Marina, Etruscan Pumpai",14.48226,40.74893,-750.0,60.0,1.0
-275,-250,1002.1,"Pompeia, Porta Stabia, Etruscan Pumpai",14.4908,40.7473,-750.0,60.0,1.0
-275,-250,1003,Stabiae ,14.4926,40.69976,-330.0,60.0,1.0
-275,-250,1004,Aequana ,14.4215,40.6617,-750.0,60.0,1.0
-275,-250,1005,,14.402715,40.645818,-550.0,60.0,1.0
-275,-250,1006,"Surrentum, Etruscan Irnthi",14.3698,40.6279,-330.0,60.0,1.0
-275,-250,1009,"Capraria, Capreae insula",14.236593,40.557685,-550.0,60.0,1.0
-275,-250,1013.1,"Seirenoussai nesoi, Anthemoessa insulae, Anthemuse, possible Siren islands, no stopover for Odysseus",14.43365,40.5825,-750.0,60.0,1.0
-275,-250,1017,Vietri ,14.713068,40.657725,-750.0,60.0,1.0
-275,-250,1019,,14.94346,40.5352,-750.0,60.0,1.0
-275,-250,1020,Portus Alburnus ,14.969769,40.488629,-330.0,60.0,1.0
-275,-250,1021,"Poseïdonia, Posidonia, Paestum, on R Silarus",14.992,40.415,-750.0,60.0,1.0
-275,-250,1022,,14.990506,40.358318,-550.0,60.0,1.0
-275,-250,1024,"Velia, Elea, Portus Velinus, Hyele, near R Hales",15.157,40.1602,-535.0,10.0,1.0
-275,-250,1025,Palinurus ,15.282234,40.035658,-750.0,60.0,1.0
-275,-250,1026,"Oenotrides insulae, Molpa ",15.294659,40.026788,-750.0,60.0,1.0
-275,-250,1027,"Pyxus, near Buxentum Prom.",15.516403,40.065378,-470.0,20.0,1.0
-275,-250,1028,Scidrus ,15.6222,40.07218,-330.0,60.0,1.0
-275,-250,1031,Blanda ,15.756465,39.913511,-330.0,60.0,1.0
-275,-250,1032,,15.781146,39.81781,-750.0,60.0,1.0
-275,-250,1033,"Laos, Laus ",15.789572,39.775272,-750.0,60.0,1.0
-275,-250,1034,"Cerillea, Cerilli ",15.804176,39.709009,-330.0,60.0,1.0
-275,-250,1035,,15.848026,39.613783,-330.0,60.0,1.0
-275,-250,1036,,15.945789,39.491704,-550.0,60.0,1.0
-275,-250,1037,Port of Pandosia,16.042302,39.301273,-550.0,60.0,1.0
-275,-250,1038,"Klampeteia, Clampetia ",16.065528,39.127809,-330.0,60.0,1.0
-275,-250,1039,"Temesa, Temese, Tempsa, on R Sabutus",16.094554,39.027944,-750.0,60.0,1.0
-275,-250,1040,,16.15407,38.98683,-330.0,60.0,1.0
-275,-250,1041,Terina ,16.2389,38.9448,-550.0,60.0,1.0
-275,-250,1047.3,,15.9718,38.7135,-1500.0,100.0,1.0
-275,-250,1049,,15.921,38.545,-750.0,60.0,1.0
-275,-250,1051,Emporion,15.95941,38.49277,-330.0,60.0,1.0
-275,-250,1052,"Medma, Mesma",15.9882,38.4821,-750.0,60.0,1.0
-275,-250,1053,"Port at the outlet of R Metaurus, Metaure ",15.871137,38.421553,-750.0,60.0,1.0
-275,-250,1054,Taurianum ,15.86494,38.39426,-330.0,60.0,1.0
-275,-250,1058,"Scyllaeum, Scylla, in front of Charybdis in Sicily, both Planktes insulae, where Odysseus possibly sailed",15.715,38.259,-750.0,60.0,1.0
-275,-250,1059,Kainys ,15.6354,38.2322,-550.0,60.0,1.0
-275,-250,1061,"Rhegium, Rhegion",15.634658,38.109425,-740.0,20.0,1.0
-275,-250,1064,Scyle ,15.92,37.928,-330.0,60.0,1.0
-275,-250,1068,Altanum? ,16.177826,38.141495,-550.0,60.0,1.0
-275,-250,1069,"Lokroi Epizephyrioi, Locri Epizefiri, Locres ",16.2368,38.2077,-750.0,60.0,1.0
-275,-250,1071,"Amphissa, Santo Onofrio ",16.413143,38.318166,-750.0,60.0,1.0
-275,-250,1072,"Kaulonia, Caulonia, Aulonia, Stilida",16.5787,38.4454,-750.0,60.0,1.0
-275,-250,1075,"Scylletium, Scolacium ",16.5952,38.8076,-550.0,60.0,1.0
-275,-250,1076,"Castra Hannibalis, Camp of Annibal ",16.713868,38.85776,-330.0,60.0,1.0
-275,-250,1078,,17.023685,38.903404,-330.0,60.0,1.0
-275,-250,1080,,17.16869,38.95411,-750.0,60.0,1.0
-275,-250,1082,"Kroton, Crotone, on R Aisaros",17.126348,39.085539,-750.0,60.0,1.0
-275,-250,1084,Krimisa?,17.140861,39.370149,-750.0,60.0,1.0
-275,-250,1085,"Temple of Apollo Alaeus, port of Aesarus ",17.1466,39.39654,-750.0,60.0,1.0
-275,-250,1087,,16.9617,39.496,-330.0,60.0,1.0
-275,-250,1088,"Sybaris ad Traeis, on R Traeis",16.771,39.59,-443.0,10.0,1.0
-275,-250,1090,"archaic Sybaris, on R Sybaris and R Crathis, Thourioi, Thurii, Copia",16.491191,39.717044,-720.0,20.0,1.0
-275,-250,1091,,16.538059,39.865106,-1500.0,100.0,1.0
-275,-250,1093,,16.60264,40.04726,-550.0,60.0,1.0
-275,-250,1095,,16.64197,40.15955,-330.0,60.0,1.0
-275,-250,1097,"Siris, on R Siris",16.6682,40.1658,-750.0,60.0,1.0
-275,-250,1098,"Heraclea, Heraclee ",16.67,40.22,-550.0,60.0,1.0
-275,-250,1098.0999999999999,,16.6642,40.2934,-1500.0,100.0,1.0
-275,-250,1099,"Metapontum, Metaponte",16.8352,40.3728,-750.0,60.0,1.0
-275,-250,1100,"Tarentum, Taras, Neptuna",17.228144,40.472032,-750.0,60.0,1.0
-275,-250,1103,"Satyrion, Saturnum ",17.30396,40.37282,-1500.0,100.0,1.0
-275,-250,1104,,17.50013,40.30372,-330.0,60.0,1.0
-275,-250,1105,Port Sasina ,17.896215,40.25706,-750.0,60.0,1.0
-275,-250,1106,Port of Neretum,17.983673,40.137046,-750.0,60.0,1.0
-275,-250,1107,"Kallipolis, Callipolis, Anxa ",17.979931,40.054413,-750.0,60.0,1.0
-275,-250,1109,,18.31,39.8138,-330.0,60.0,1.0
-275,-250,1110,"Portus Sallentinus, Leuke, near Iapygia Prom.",18.362675,39.792157,-750.0,60.0,1.0
-275,-250,1112,"Zancle, Zankle, Messana, Messene",15.560811,38.192865,-730.0,20.0,1.0
-275,-250,1113,,15.536584,38.145129,-750.0,60.0,1.0
-275,-250,1114,"Phoinix, Tamaricii, Palmae ",15.37,37.9438,-330.0,60.0,1.0
-275,-250,1115,,15.3078,37.878,-330.0,60.0,1.0
-275,-250,1116,Tauromenium ,15.302,37.848,-550.0,60.0,1.0
-275,-250,1117,"Naxos, Naxus ",15.2694,37.8239,-470.0,20.0,1.0
-275,-250,1118,"Archaic Naxos, near R Akesines",15.2694,37.8193,-734.0,10.0,1.0
-275,-250,1123,"Katane, Catina ",15.0873,37.5024,-750.0,60.0,1.0
-275,-250,1123.2,"Leontinoi, on R Terias",14.998,37.2855,-750.0,60.0,1.0
-275,-250,1124,,15.132834,37.310011,-750.0,60.0,1.0
-275,-250,1125.0999999999999,"Xiphoneos, Xiphonia, Xiphon",15.207,37.234,-330.0,60.0,1.0
-275,-250,1126,"Megara Hyblaea, on R Alabon",15.183741,37.205772,-750.0,60.0,1.0
-275,-250,1127,"Tapsus, Thapsos ",15.228473,37.145257,-1200.0,100.0,1.0
-275,-250,1128,"Leon, landing place of Athenian fleet in 414 BC",15.2615,37.1076,-4000.0,100.0,1.0
-275,-250,1132,"Syracuse, ""Large Port"", on the isle of Sikelia, Sicania, Trinacria, major Greek (Corinthian) settlement in Sicily",15.288,37.06,-733.0,10.0,1.0
-275,-250,1138,Portus Naustathamus?,15.214525,36.95611,-750.0,60.0,1.0
-275,-250,1140,"Helorus, Elorus, on R Helorus",15.1075,36.8422,-750.0,60.0,1.0
-275,-250,1141,Phoenicus portus ,15.0985,36.803,-330.0,60.0,1.0
-275,-250,1143,"Portus Pachino, Pachyno, Pachyni, Apollineum ",15.1385,36.6857,-330.0,60.0,1.0
-275,-250,1146,R Hirminum,14.594,36.771,-750.0,60.0,1.0
-275,-250,1148,"Kamarina, on R Hipparis",14.440957,36.866878,-598.0,10.0,1.0
-275,-250,1150,,14.3,37.032,-550.0,60.0,1.0
-275,-250,1152,"Gela, on R Gela",14.2583,37.063,-688.0,10.0,1.0
-275,-250,1154,,14.197,37.0842,-750.0,60.0,1.0
-275,-250,1155,"Port of Maktorion, Mactorium?",14.138661,37.100201,-750.0,60.0,1.0
-275,-250,1156,"Phintias, on R Himeras",13.9317,37.1,-330.0,60.0,1.0
-275,-250,1158,,13.881,37.102,-750.0,60.0,1.0
-275,-250,1160,,13.780019,37.144488,-750.0,60.0,1.0
-275,-250,1161,,13.695341,37.17957,-550.0,60.0,1.0
-275,-250,1162.0999999999999,,13.624,37.233,-1400.0,100.0,1.0
-275,-250,1163,"Agrakas, Akragas, Agrigentum, on R Hypsas",13.581,37.2687,-580.0,20.0,1.0
-275,-250,1166,"Heraclea Minoa, on R Halycus",13.28,37.3937,-750.0,60.0,1.0
-275,-250,1167,,13.256671,37.414943,-750.0,60.0,1.0
-275,-250,1169,"Selinus, Selinunt, Selinonte east port",12.8294,37.5845,-650.0,30.0,1.0
-275,-250,1170,"Selinus, Selinunt, Selinonte west port, on R Selinon",12.82116,37.5828,-650.0,30.0,1.0
-275,-250,1171,"Mazara, on R Mazara",12.587605,37.644211,-550.0,60.0,1.0
-275,-250,1172,"Lilybaion, Lilybee South port?",12.43,37.7937,-750.0,60.0,1.0
-275,-250,1173,"Lilybaion, Lilybee Main port",12.428115,37.808131,-750.0,60.0,1.0
-275,-250,1174,"Lilybaion, Lilybee North port?",12.443337,37.8124,-750.0,60.0,1.0
-275,-250,1176,"Motye, Motya",12.4646,37.8641,-750.0,60.0,1.0
-275,-250,1176.0999999999999,"Motye, Motya",12.4724,37.86902,-350.0,30.0,1.0
-275,-250,1176.2,"Motye, Motya",12.47,37.8715,-350.0,30.0,1.0
-275,-250,1177,"Aigousa insula, anchorage of Roman fleet before the famous battle of the Egadi Islands (10 March 241 BC), Odysseus' port of the Cyclops? ",12.322489,37.934044,-750.0,60.0,1.0
-275,-250,1179,"Maritima, Hieronesos, Hiera insula",12.077769,37.970422,-330.0,60.0,1.0
-275,-250,1180,"Bucinna, Phorbantia insula",12.321625,38.00168,-10000.0,100.0,1.0
-275,-250,1181,"Drepanum, Drepane ",12.502194,38.007961,-330.0,60.0,1.0
-275,-250,1182,"Port of Erix, Eryx, Erice, Carthaginian base camp during the famous battle of the Egadi Islands (10 March 241 BC)",12.58963,38.070435,-550.0,60.0,1.0
-275,-250,1182.0999999999999,,12.6801,38.1123,-250.0,30.0,0.2916666666666667
-275,-250,1182.2,,12.736,38.186,-400.0,30.0,1.0
-275,-250,1182.3,,12.7692,38.1673,-400.0,30.0,1.0
-275,-250,1184,"Emporion Segestanon, Emporium of the Aegestes, port of Segesta, on R Crimisus",12.88,38.0295,-330.0,60.0,1.0
-275,-250,1184.0999999999999,,13.0791,38.1732,-400.0,30.0,1.0
-275,-250,1187,,13.182596,38.71968,-1500.0,100.0,1.0
-275,-250,1188.0999999999999,Pakonia?,13.23715,38.2079,-300.0,30.0,1.0
-275,-250,1189,"Panhormus, Panorme",13.368583,38.120398,-750.0,60.0,1.0
-275,-250,1190,"Solus, port of Solonte ",13.542862,38.081694,-750.0,60.0,1.0
-275,-250,1191,"Thermai, Thermae Himeraeae, on R Thermos",13.690394,37.993991,-550.0,60.0,1.0
-275,-250,1192,,13.7815,37.9743,-330.0,60.0,1.0
-275,-250,1193,"Himera, Himere, on R Himeras",13.8215,37.9683,-729.0,10.0,1.0
-275,-250,1195,"Cephaloedium, Cephalidium ",14.024107,38.043883,-550.0,60.0,1.0
-275,-250,1196,"Halaesa, on R Halaisos",14.263,37.998,-330.0,60.0,1.0
-275,-250,1197,"Kale Akte, Calate ",14.448292,38.036496,-550.0,60.0,1.0
-275,-250,1199,Agathyrnum ,14.752,38.164,-550.0,60.0,1.0
-275,-250,1202,"Egira, Erikodes, Ericusa Insula",14.351188,38.5428,-330.0,60.0,1.0
-275,-250,1203,"Celsina, Phoenicusa, Phoinikoussa insula",14.5883,38.5569,-1500.0,100.0,1.0
-275,-250,1204,Didyma insula,14.8696,38.5739,-1500.0,100.0,1.0
-275,-250,1205,"Lipara on Liparos insula, Meligounis nesos",14.9568,38.4717,-1500.0,100.0,1.0
-275,-250,1206,"Heraclea, Hiera Thermessa insula,  Hiera Hephaistou insula",14.966446,38.416361,-550.0,60.0,1.0
-275,-250,1207,"Aegina, Euonymus insula",15.0636,38.6256,-1500.0,100.0,1.0
-275,-250,1209,"Strongilos, Eolie, possibly Odysseus' stopover on the isle of Aeolos",15.244209,38.797457,-1500.0,100.0,1.0
-275,-250,1210,Tyndaris ,15.044,38.1433,-550.0,60.0,1.0
-275,-250,1212,"Myle, Mylae ",15.2428,38.2177,-750.0,60.0,1.0
-275,-250,1213,"Naulochos, Naulocha ",15.371783,38.22509,-330.0,60.0,1.0
-275,-250,1242,"Castrum Minerva, Port of Venus, Limen Aphrodites, Athenaion ",18.435411,40.011636,-550.0,60.0,1.0
-275,-250,1242.0999999999999,,18.4849,40.079,-330.0,60.0,1.0
-275,-250,1243,"Hydros, Hydruntum, Otrante ",18.490869,40.148182,-750.0,60.0,1.0
-275,-250,1243.0999999999999,,18.4732,40.1841,-330.0,60.0,1.0
-275,-250,1243.2,,18.431,40.277,-330.0,60.0,1.0
-275,-250,1244,Port Tarentin ,18.4263,40.2871,-1500.0,100.0,1.0
-275,-250,1245,,18.409136,40.301208,-750.0,60.0,1.0
-275,-250,1247,"Brindes, Brentesium, Brundisium, Bronduse",17.948953,40.641441,-750.0,60.0,1.0
-275,-250,1248,,17.8705,40.6875,-330.0,60.0,1.0
-275,-250,1249,,17.7983,40.7137,-750.0,60.0,1.0
-275,-250,1250.0999999999999,Karbina,17.6983,40.7596,-1500.0,100.0,1.0
-275,-250,1252,Gnathia ,17.391,40.8896,-750.0,60.0,1.0
-275,-250,1254,"Turris Caesaris, Neapolis ",17.2183,40.9975,-330.0,60.0,1.0
-275,-250,1257,,16.997139,41.090957,-750.0,60.0,1.0
-275,-250,1259,Natiolum ,16.669838,41.192824,-330.0,60.0,1.0
-275,-250,1262,Barduli ,16.287075,41.334436,-330.0,60.0,1.0
-275,-250,1263.0999999999999,,16.0811,41.3592,-1500.0,100.0,1.0
-275,-250,1264,San Vito ,16.03185,41.3848,-330.0,60.0,1.0
-275,-250,1267,,15.8378,41.519,-750.0,60.0,1.0
-275,-250,1268,"Coppa Nevigatta, on R Aquilo",15.8338,41.558,-5000.0,100.0,1.0
-275,-250,1270,"Sipous, Sipontum, Sipunte ",15.9221,41.617859,-330.0,60.0,1.0
-275,-250,1271,"Apanestae, Apeneste",16.06038,41.69375,-750.0,60.0,1.0
-275,-250,1274,"Portus Aggasus, Port Agasus ",16.183,41.885,-550.0,60.0,1.0
-275,-250,1277,"Hyria, Uria",15.83039,41.8821,-330.0,60.0,1.0
-275,-250,1284,,15.05334,41.93962,-750.0,60.0,1.0
-275,-250,1286,Buca?,14.9976,42.0066,-330.0,60.0,1.0
-275,-250,1288,"Histonium, Istonium ",14.7205,42.1188,-550.0,60.0,1.0
-275,-250,1289,Buca?,14.7125,42.172,-330.0,60.0,1.0
-275,-250,1291,"Gualdi, port of Anxanum ",14.4434,42.3103,-550.0,60.0,1.0
-275,-250,1292,"Orton, Hortona",14.4098,42.357,-330.0,60.0,1.0
-275,-250,1293,"Aternum, Ostia Aterni, on R Aternus",14.2118,42.4614,-330.0,60.0,1.0
-275,-250,1294.0999999999999,"Matrinus, port of Hatria, Adria at the outlet of R Matrinus",14.138,42.5332,-330.0,60.0,1.0
-275,-250,1296,"Castrum Novum, on R Batinus",13.971,42.7356,-330.0,60.0,1.0
-275,-250,1297,"Castrum Truentinum, Truentum, on R Truentinum",13.901,42.8908,-330.0,60.0,1.0
-275,-250,1298,Cupra Maritima,13.8534,43.034,-750.0,60.0,1.0
-275,-250,1299,"Castellum Firmanorum, port of Firmum Picenum, Etruscan Permu",13.8011,43.1605,-330.0,60.0,1.0
-275,-250,1301,"Potentia, near R Flosis",13.6711,43.4142,-330.0,60.0,1.0
-275,-250,1302,Numana ,13.628195,43.50729,-750.0,60.0,1.0
-275,-250,1305,"Sena Gallica, on R Sena",13.2185,43.7123,-330.0,60.0,1.0
-275,-250,1306,,13.175681,43.75246,-750.0,60.0,1.0
-275,-250,1308,Fanum Fortunae ,13.019325,43.858514,-330.0,60.0,1.0
-275,-250,1309,"Pisaurum, on R Pisaurus",12.92,43.9159,-550.0,60.0,1.0
-275,-250,1311,"Ariminum, Etruscan Arimna, Harimne, on R Ariminus & R Ausa",12.5739,44.0623,-550.0,60.0,1.0
-275,-250,1316,"Butrium, Budrium, port of Budrio ",12.14588,44.53989,-330.0,60.0,1.0
-275,-250,1319,"Pomposa, Etruscan Spina, at the outlet of R Padus",12.10256,44.6943,-750.0,60.0,1.0
-275,-250,1323,Hadriani ,12.17741,44.94566,-750.0,60.0,1.0
-275,-250,1326,"Atria, Etruscan Hatria ",12.067121,45.048536,-750.0,60.0,1.0
-275,-250,1339,Altinum ,12.4077,45.5428,-550.0,60.0,1.0
-275,-250,1345,"Eraclia, Port on R Anassum or Anaxum ",12.6573,45.6378,-1300.0,100.0,1.0
-275,-250,1347.1,,12.8872,45.6356,-1200.0,100.0,1.0
-275,-250,1348.1,,13.1286,45.7714,-1300.0,100.0,1.0
-275,-250,1348.2,,13.1542,45.7705,-1300.0,100.0,1.0
-275,-250,1349.1,,13.3203,45.7648,-1500.0,100.0,1.0
-275,-250,1354,Etruscan Tarcste,13.771666,45.649509,-330.0,60.0,1.0
-250,-225,753,"Olbia, Roman port",9.5031,40.9275,-330.0,60.0,1.0
-250,-225,753.1,"Olbia, Punic port and Roman port",9.5057,40.9232,-750.0,60.0,1.0
-250,-225,756.1,Outlet of R Kaidris,9.734,40.373,-1500.0,100.0,1.0
-250,-225,757,"Sulcis, Sulpicius, Supicius ",9.706108,39.912462,-330.0,60.0,1.0
-250,-225,762,Caralitanum Prom.,9.516373,39.11649,-330.0,60.0,1.0
-250,-225,765,"Caralis, Carales, on R Sulcis",9.112387,39.211683,-750.0,60.0,1.0
-250,-225,766.1,,9.005325,39.095552,-1500.0,100.0,1.0
-250,-225,766.2,,9.0236,39.0619,-1500.0,100.0,1.0
-250,-225,767,Nora ,9.01444,38.987048,-750.0,60.0,1.0
-250,-225,768,Nora ,9.012555,38.984715,-750.0,60.0,1.0
-250,-225,769,Nora ,9.012066,38.988036,-750.0,60.0,1.0
-250,-225,770,"Bitia, Bithia, Bioea ",8.8849,38.8956,-750.0,60.0,1.0
-250,-225,778,"Sulcis, Solci (export of copper?)",8.462004,39.06534,-750.0,60.0,1.0
-250,-225,780,,8.4887,39.1774,-750.0,60.0,1.0
-250,-225,781,Metalla? ,8.5002,39.394,-500.0,30.0,1.0
-250,-225,781.1,,8.4601,39.5681,-7000.0,100.0,1.0
-250,-225,783,,8.60514,39.72744,-330.0,60.0,1.0
-250,-225,786,"Othaia, Othoca, on R Thyrsos",8.60849,39.86957,-750.0,60.0,1.0
-250,-225,786.1,,8.495,39.925,-4500.0,100.0,1.0
-250,-225,787,"Tarrai, Tharros, Tarrhos, Punic port",8.44,39.892,-750.0,60.0,1.0
-250,-225,787.1,"Tarrai, Tharros, Tarrhos, possible Nuragic port",8.4416,39.8789,-1500.0,100.0,1.0
-250,-225,788,"Tarrai, Tharros, Tarrhos",8.437959,39.859288,-750.0,60.0,1.0
-250,-225,788.1,,8.3936,39.9725,-1200.0,100.0,1.0
-250,-225,788.2,,8.3066,39.988,-1200.0,100.0,1.0
-250,-225,789,"Coracodes, Korakodes portus",8.409895,40.043873,-1200.0,100.0,1.0
-250,-225,790,"Cornus, Kornos",8.490364,40.087832,-330.0,60.0,1.0
-250,-225,791,"Bosa, on R Temos",8.469417,40.284535,-330.0,60.0,1.0
-250,-225,793,Nymphaeus portus ,8.189645,40.616568,-750.0,60.0,1.0
-250,-225,796,"Turris Libyssonis, Libisonis",8.3918,40.8368,-330.0,60.0,1.0
-250,-225,796.1,"Turris Libyssonis, Libisonis",8.3941,40.8391,-330.0,60.0,1.0
-250,-225,796.2,"Turris Libyssonis, Libisonis",8.4016,40.8392,-330.0,60.0,1.0
-250,-225,796.3,"Turris Libyssonis, Libisonis",8.4089,40.8389,-330.0,60.0,1.0
-250,-225,801,,9.1609,41.2404,-330.0,60.0,1.0
-250,-225,803,"Turublum Minus, Lamos?, Telepylos?, possible port of the Laestrygonians and stopover of Odysseus, near famous Arktou Akra Prom.",9.275693,41.199135,-1500.0,100.0,1.0
-250,-225,811.1,"Vintimilio plagia, Album Intermilium, Albintimilium",7.6252,43.7893,-550.0,60.0,1.0
-250,-225,818,"Albingauno, Albenganum ",8.2133,44.047,-550.0,60.0,1.0
-250,-225,823,"Savo, Vicus Virginis? ",8.479161,44.296439,-330.0,60.0,1.0
-250,-225,829,Genua,8.9284,44.411,-600.0,30.0,1.0
-250,-225,830,"archaic landing place of Genua, Etruscan Cainua?",8.94388,44.409,-1000.0,100.0,1.0
-250,-225,838,Antion ,9.546199,44.202859,-550.0,60.0,1.0
-250,-225,844,"Portus Lunae, Lune, Selene, Etruscan Luna, near R Macra  (export of white marble)",10.0152,44.0608,-330.0,60.0,1.0
-250,-225,847,,10.28083,43.87307,-750.0,60.0,1.0
-250,-225,848,,10.3602,43.83659,-330.0,60.0,1.0
-250,-225,849,,10.32724,43.76764,-750.0,60.0,1.0
-250,-225,850,,10.33555,43.73476,-750.0,60.0,1.0
-250,-225,851,"Port of Pise, Pisa, Etruscan Pisna, Peithusa, Pithsa, on ancient R Auser, near R Arnus",10.3862,43.7211,-550.0,60.0,1.0
-250,-225,853,,10.3934,43.6386,-5000.0,100.0,1.0
-250,-225,854,"Triturrita? Turrita? Near Portus Pisanus, Pisarum emporio, Liburnus Portus, Portus Herculis Liburni, Portus Labro, Etruscan Liburna",10.3343,43.5733,-5000.0,100.0,1.0
-250,-225,855,,10.4182,43.4022,-330.0,60.0,1.0
-250,-225,856,"Vadis, Vada Volaterrana ",10.44801,43.35981,-330.0,60.0,1.0
-250,-225,858.1,,10.531,43.099,-5000.0,100.0,1.0
-250,-225,859,"Populonio, Poplonium, Etruscan Fufluna, Pupluna",10.5014,42.9924,-750.0,60.0,1.0
-250,-225,860,"Falesia, Porto Falese ",10.559041,42.934297,-5000.0,100.0,1.0
-250,-225,861,,10.67991,42.9663,-330.0,60.0,1.0
-250,-225,862,Etruscan Fullona,10.757,42.917,-700.0,30.0,1.0
-250,-225,866,"Ilva, Aithalia, Ethalie ",10.273798,42.770152,-5000.0,100.0,1.0
-250,-225,867,"Argous portus, Argoos, ",10.329861,42.813066,-750.0,60.0,1.0
-250,-225,872,Planasia insula,10.082156,42.582969,-330.0,60.0,1.0
-250,-225,873,,10.09386,42.59297,-5000.0,100.0,1.0
-250,-225,880.1,,11.173,42.431,-1000.0,100.0,1.0
-250,-225,884.1,,10.922725,42.3593,-330.0,60.0,1.0
-250,-225,885,Oglasa insula,10.309211,42.331958,-5000.0,100.0,1.0
-250,-225,886,"Portu Herculis, Port of Hercules",11.2086,42.3912,-330.0,60.0,1.0
-250,-225,888.1,,11.2774,42.4201,-1000.0,100.0,1.0
-250,-225,891,"Cosa, Cossae, Portus Herculis Cosanus, Etruscan Cusi, Cuthi",11.293827,42.40709,-330.0,60.0,1.0
-250,-225,893,"Regis, Regae ",11.6041,42.3122,-750.0,60.0,1.0
-250,-225,896,"Graviscae, port of Tarquinia, Etruscan Tarchuna, Tarchna, possible first settlement of Etruscan people",11.7066,42.2144,-750.0,60.0,1.0
-250,-225,902.1,,11.8243,42.0446,-500.0,30.0,1.0
-250,-225,903,"Castrum Novum (port of Caere, Coere, Agylla), Etruscan port",11.8305,42.0383,-287.0,10.0,1.0
-250,-225,904.1,Punicum ,11.8715,42.035,-330.0,60.0,1.0
-250,-225,906,"Pyrgoi, Pyrgi (also called The Towers), port of Agylle, Caere, Etruscan Chaire, Caisra, Cisra",11.9565,42.0152,-750.0,60.0,1.0
-250,-225,906.1,"Pyrgoi, Pyrgi (also called The Towers), port of Agylle, Caere, Etruscan Chaire, Caisra, Cisra",11.9604,42.015,-750.0,60.0,1.0
-250,-225,906.2,Etruscan submerged structure,11.977,41.9957,-750.0,60.0,1.0
-250,-225,909,"Alsium, port of Agylla, Caere, Coere, Etruscan Chaire, Caisra",12.100837,41.932961,-750.0,60.0,1.0
-250,-225,910,,12.1253,41.9271,-330.0,60.0,1.0
-250,-225,911,,12.1424,41.9128,-330.0,60.0,1.0
-250,-225,912,"Fregenae, Etruscan Ficrine",12.18341,41.853058,-330.0,60.0,1.0
-250,-225,916,"Ostia, port of Rome",12.279848,41.75343,-640.0,20.0,1.0
-250,-225,917,Ostia,12.290905,41.75752,-750.0,60.0,1.0
-250,-225,921,Ficana,12.35306,41.80187,-750.0,60.0,1.0
-250,-225,922,Portus Vicus Alexandri,12.471443,41.847394,-330.0,60.0,1.0
-250,-225,930,"Portus Tiberinus, near Pons Aemilius, oldest archaic port of Rome, close to Foro Romano and Horrea Agrippiana",12.4809,41.8892,-753.0,10.0,1.0
-250,-225,935,Troia?,12.4685,41.6137,-550.0,60.0,1.0
-250,-225,938,Castrum Inui,12.5113,41.5803,-750.0,60.0,1.0
-250,-225,943,"Antium, Nero's port, Etruscan Anth? Caenon?",12.628393,41.442702,-750.0,60.0,1.0
-250,-225,949,"Astura, Storas, on R Astura",12.767198,41.407351,-330.0,60.0,1.0
-250,-225,951,Ad Turres Albas ,12.91288,41.375768,-330.0,60.0,1.0
-250,-225,953,"Port of Circei, Circe, Eea, Aeaea, Aiaia, Aia insula?, possible stopover for Odysseus",13.04425,41.253072,-330.0,60.0,1.0
-250,-225,954,"Circei, Circaeum Prom., Kirkaion, outlet of Nero's Fossa Augusta",13.1052,41.2405,-550.0,60.0,1.0
-250,-225,955,"Terracina, Tarracina, Anxur, Etruscan Tarchna, Tarkina",13.2545,41.286,-500.0,30.0,1.0
-250,-225,956,Fundi,13.42926,41.35738,-330.0,60.0,1.0
-250,-225,957,Pontia insula,12.964786,40.894781,-750.0,60.0,1.0
-250,-225,962,"Caiete, Caieta, Caeatas, Aeete, Etruscan Caithi",13.586,41.211,-330.0,60.0,1.0
-250,-225,964,"Formiae, Formies, Hormies ",13.6057,41.253,-330.0,60.0,1.0
-250,-225,966,,13.675,41.2479,-330.0,60.0,1.0
-250,-225,967,Pyrae?,13.703677,41.250662,-330.0,60.0,1.0
-250,-225,968,"Minturnae, on via Appia, with Pons Tirenus bridge on R Liris",13.7709,41.241,-296.0,10.0,1.0
-250,-225,968.1,"Marica temple, sea-port of Minturnae",13.7645,41.2265,-700.0,30.0,1.0
-250,-225,969,,13.8408,41.15847,-330.0,60.0,1.0
-250,-225,970,"Sinuessa, Sinuesa, Sinope",13.85,41.14944,-550.0,60.0,1.0
-250,-225,972,Aquae Sinuessanae & Pagus Sarclanus?,13.9125,41.1228,-330.0,60.0,1.0
-250,-225,973,"Volturnum, on R Vulturnus",13.92,41.0186,-550.0,60.0,1.0
-250,-225,974,"Liternum, Linternum, port of the Osci, Oskoi, Osques, Opici, Aurunci, Ausones",14.029903,40.921334,-330.0,60.0,1.0
-250,-225,975,"Cumae, Cumes, Kyme",14.051265,40.846657,-750.0,60.0,1.0
-250,-225,977,"Pithekoussai, Pithecusae, Etruscan Inarime, first Greek (Euboian) settlement in Italy",13.885913,40.754297,-750.0,60.0,1.0
-250,-225,978,,13.879064,40.696687,-700.0,30.0,1.0
-250,-225,978.1,"Procita, Prochyta insula",14.016731,40.759068,-700.0,30.0,1.0
-250,-225,978.2,,13.992,40.74,-1500.0,100.0,1.0
-250,-225,991,"Puteoli, Dikaiarcheia, Dicearque, Flavia Colonia Augusta Puteoli, Delus Minor, in the Campi Phlegraei volcano district",14.1154,40.8216,-750.0,60.0,1.0
-250,-225,997,"Parthenope, Neapolis",14.2522,40.8398,-750.0,60.0,1.0
-250,-225,997.1,Neapolis ,14.25462,40.83927,-600.0,30.0,1.0
-250,-225,998,Neapolis ,14.2524,40.83926,-600.0,30.0,1.0
-250,-225,999.1,"Herculaneum, Etruscan Herclena",14.35,40.7998,-550.0,60.0,1.0
-250,-225,1001,Oplontis ,14.4525,40.75755,-330.0,60.0,1.0
-250,-225,1002,"Pompeia, Porta Marina, Etruscan Pumpai",14.48226,40.74893,-750.0,60.0,1.0
-250,-225,1002.1,"Pompeia, Porta Stabia, Etruscan Pumpai",14.4908,40.7473,-750.0,60.0,1.0
-250,-225,1003,Stabiae ,14.4926,40.69976,-330.0,60.0,1.0
-250,-225,1004,Aequana ,14.4215,40.6617,-750.0,60.0,1.0
-250,-225,1005,,14.402715,40.645818,-550.0,60.0,1.0
-250,-225,1006,"Surrentum, Etruscan Irnthi",14.3698,40.6279,-330.0,60.0,1.0
-250,-225,1009,"Capraria, Capreae insula",14.236593,40.557685,-550.0,60.0,1.0
-250,-225,1013.1,"Seirenoussai nesoi, Anthemoessa insulae, Anthemuse, possible Siren islands, no stopover for Odysseus",14.43365,40.5825,-750.0,60.0,1.0
-250,-225,1017,Vietri ,14.713068,40.657725,-750.0,60.0,1.0
-250,-225,1019,,14.94346,40.5352,-750.0,60.0,1.0
-250,-225,1020,Portus Alburnus ,14.969769,40.488629,-330.0,60.0,1.0
-250,-225,1021,"Poseïdonia, Posidonia, Paestum, on R Silarus",14.992,40.415,-750.0,60.0,1.0
-250,-225,1022,,14.990506,40.358318,-550.0,60.0,1.0
-250,-225,1024,"Velia, Elea, Portus Velinus, Hyele, near R Hales",15.157,40.1602,-535.0,10.0,1.0
-250,-225,1025,Palinurus ,15.282234,40.035658,-750.0,60.0,1.0
-250,-225,1026,"Oenotrides insulae, Molpa ",15.294659,40.026788,-750.0,60.0,1.0
-250,-225,1027,"Pyxus, near Buxentum Prom.",15.516403,40.065378,-470.0,20.0,1.0
-250,-225,1028,Scidrus ,15.6222,40.07218,-330.0,60.0,1.0
-250,-225,1031,Blanda ,15.756465,39.913511,-330.0,60.0,1.0
-250,-225,1032,,15.781146,39.81781,-750.0,60.0,1.0
-250,-225,1033,"Laos, Laus ",15.789572,39.775272,-750.0,60.0,1.0
-250,-225,1034,"Cerillea, Cerilli ",15.804176,39.709009,-330.0,60.0,1.0
-250,-225,1035,,15.848026,39.613783,-330.0,60.0,1.0
-250,-225,1036,,15.945789,39.491704,-550.0,60.0,1.0
-250,-225,1037,Port of Pandosia,16.042302,39.301273,-550.0,60.0,1.0
-250,-225,1038,"Klampeteia, Clampetia ",16.065528,39.127809,-330.0,60.0,1.0
-250,-225,1039,"Temesa, Temese, Tempsa, on R Sabutus",16.094554,39.027944,-750.0,60.0,1.0
-250,-225,1040,,16.15407,38.98683,-330.0,60.0,1.0
-250,-225,1041,Terina ,16.2389,38.9448,-550.0,60.0,1.0
-250,-225,1047.3,,15.9718,38.7135,-1500.0,100.0,1.0
-250,-225,1049,,15.921,38.545,-750.0,60.0,1.0
-250,-225,1051,Emporion,15.95941,38.49277,-330.0,60.0,1.0
-250,-225,1052,"Medma, Mesma",15.9882,38.4821,-750.0,60.0,1.0
-250,-225,1053,"Port at the outlet of R Metaurus, Metaure ",15.871137,38.421553,-750.0,60.0,1.0
-250,-225,1054,Taurianum ,15.86494,38.39426,-330.0,60.0,1.0
-250,-225,1058,"Scyllaeum, Scylla, in front of Charybdis in Sicily, both Planktes insulae, where Odysseus possibly sailed",15.715,38.259,-750.0,60.0,1.0
-250,-225,1059,Kainys ,15.6354,38.2322,-550.0,60.0,1.0
-250,-225,1061,"Rhegium, Rhegion",15.634658,38.109425,-740.0,20.0,1.0
-250,-225,1064,Scyle ,15.92,37.928,-330.0,60.0,1.0
-250,-225,1068,Altanum? ,16.177826,38.141495,-550.0,60.0,1.0
-250,-225,1069,"Lokroi Epizephyrioi, Locri Epizefiri, Locres ",16.2368,38.2077,-750.0,60.0,1.0
-250,-225,1071,"Amphissa, Santo Onofrio ",16.413143,38.318166,-750.0,60.0,1.0
-250,-225,1072,"Kaulonia, Caulonia, Aulonia, Stilida",16.5787,38.4454,-750.0,60.0,1.0
-250,-225,1075,"Scylletium, Scolacium ",16.5952,38.8076,-550.0,60.0,1.0
-250,-225,1076,"Castra Hannibalis, Camp of Annibal ",16.713868,38.85776,-330.0,60.0,1.0
-250,-225,1078,,17.023685,38.903404,-330.0,60.0,1.0
-250,-225,1080,,17.16869,38.95411,-750.0,60.0,1.0
-250,-225,1082,"Kroton, Crotone, on R Aisaros",17.126348,39.085539,-750.0,60.0,1.0
-250,-225,1084,Krimisa?,17.140861,39.370149,-750.0,60.0,1.0
-250,-225,1085,"Temple of Apollo Alaeus, port of Aesarus ",17.1466,39.39654,-750.0,60.0,1.0
-250,-225,1087,,16.9617,39.496,-330.0,60.0,1.0
-250,-225,1088,"Sybaris ad Traeis, on R Traeis",16.771,39.59,-443.0,10.0,1.0
-250,-225,1090,"archaic Sybaris, on R Sybaris and R Crathis, Thourioi, Thurii, Copia",16.491191,39.717044,-720.0,20.0,1.0
-250,-225,1091,,16.538059,39.865106,-1500.0,100.0,1.0
-250,-225,1093,,16.60264,40.04726,-550.0,60.0,1.0
-250,-225,1095,,16.64197,40.15955,-330.0,60.0,1.0
-250,-225,1097,"Siris, on R Siris",16.6682,40.1658,-750.0,60.0,1.0
-250,-225,1098,"Heraclea, Heraclee ",16.67,40.22,-550.0,60.0,1.0
-250,-225,1098.0999999999999,,16.6642,40.2934,-1500.0,100.0,1.0
-250,-225,1099,"Metapontum, Metaponte",16.8352,40.3728,-750.0,60.0,1.0
-250,-225,1100,"Tarentum, Taras, Neptuna",17.228144,40.472032,-750.0,60.0,1.0
-250,-225,1103,"Satyrion, Saturnum ",17.30396,40.37282,-1500.0,100.0,1.0
-250,-225,1104,,17.50013,40.30372,-330.0,60.0,1.0
-250,-225,1105,Port Sasina ,17.896215,40.25706,-750.0,60.0,1.0
-250,-225,1106,Port of Neretum,17.983673,40.137046,-750.0,60.0,1.0
-250,-225,1107,"Kallipolis, Callipolis, Anxa ",17.979931,40.054413,-750.0,60.0,1.0
-250,-225,1109,,18.31,39.8138,-330.0,60.0,1.0
-250,-225,1110,"Portus Sallentinus, Leuke, near Iapygia Prom.",18.362675,39.792157,-750.0,60.0,1.0
-250,-225,1112,"Zancle, Zankle, Messana, Messene",15.560811,38.192865,-730.0,20.0,1.0
-250,-225,1113,,15.536584,38.145129,-750.0,60.0,1.0
-250,-225,1114,"Phoinix, Tamaricii, Palmae ",15.37,37.9438,-330.0,60.0,1.0
-250,-225,1115,,15.3078,37.878,-330.0,60.0,1.0
-250,-225,1116,Tauromenium ,15.302,37.848,-550.0,60.0,1.0
-250,-225,1117,"Naxos, Naxus ",15.2694,37.8239,-470.0,20.0,1.0
-250,-225,1118,"Archaic Naxos, near R Akesines",15.2694,37.8193,-734.0,10.0,1.0
-250,-225,1123,"Katane, Catina ",15.0873,37.5024,-750.0,60.0,1.0
-250,-225,1123.2,"Leontinoi, on R Terias",14.998,37.2855,-750.0,60.0,1.0
-250,-225,1124,,15.132834,37.310011,-750.0,60.0,1.0
-250,-225,1125.0999999999999,"Xiphoneos, Xiphonia, Xiphon",15.207,37.234,-330.0,60.0,1.0
-250,-225,1126,"Megara Hyblaea, on R Alabon",15.183741,37.205772,-750.0,60.0,1.0
-250,-225,1127,"Tapsus, Thapsos ",15.228473,37.145257,-1200.0,100.0,1.0
-250,-225,1128,"Leon, landing place of Athenian fleet in 414 BC",15.2615,37.1076,-4000.0,100.0,1.0
-250,-225,1132,"Syracuse, ""Large Port"", on the isle of Sikelia, Sicania, Trinacria, major Greek (Corinthian) settlement in Sicily",15.288,37.06,-733.0,10.0,1.0
-250,-225,1138,Portus Naustathamus?,15.214525,36.95611,-750.0,60.0,1.0
-250,-225,1140,"Helorus, Elorus, on R Helorus",15.1075,36.8422,-750.0,60.0,1.0
-250,-225,1141,Phoenicus portus ,15.0985,36.803,-330.0,60.0,1.0
-250,-225,1143,"Portus Pachino, Pachyno, Pachyni, Apollineum ",15.1385,36.6857,-330.0,60.0,1.0
-250,-225,1146,R Hirminum,14.594,36.771,-750.0,60.0,1.0
-250,-225,1148,"Kamarina, on R Hipparis",14.440957,36.866878,-598.0,10.0,1.0
-250,-225,1150,,14.3,37.032,-550.0,60.0,1.0
-250,-225,1152,"Gela, on R Gela",14.2583,37.063,-688.0,10.0,1.0
-250,-225,1154,,14.197,37.0842,-750.0,60.0,1.0
-250,-225,1155,"Port of Maktorion, Mactorium?",14.138661,37.100201,-750.0,60.0,1.0
-250,-225,1156,"Phintias, on R Himeras",13.9317,37.1,-330.0,60.0,1.0
-250,-225,1158,,13.881,37.102,-750.0,60.0,1.0
-250,-225,1160,,13.780019,37.144488,-750.0,60.0,1.0
-250,-225,1161,,13.695341,37.17957,-550.0,60.0,1.0
-250,-225,1162.0999999999999,,13.624,37.233,-1400.0,100.0,1.0
-250,-225,1163,"Agrakas, Akragas, Agrigentum, on R Hypsas",13.581,37.2687,-580.0,20.0,1.0
-250,-225,1166,"Heraclea Minoa, on R Halycus",13.28,37.3937,-750.0,60.0,1.0
-250,-225,1167,,13.256671,37.414943,-750.0,60.0,1.0
-250,-225,1169,"Selinus, Selinunt, Selinonte east port",12.8294,37.5845,-650.0,30.0,1.0
-250,-225,1170,"Selinus, Selinunt, Selinonte west port, on R Selinon",12.82116,37.5828,-650.0,30.0,1.0
-250,-225,1171,"Mazara, on R Mazara",12.587605,37.644211,-550.0,60.0,1.0
-250,-225,1172,"Lilybaion, Lilybee South port?",12.43,37.7937,-750.0,60.0,1.0
-250,-225,1173,"Lilybaion, Lilybee Main port",12.428115,37.808131,-750.0,60.0,1.0
-250,-225,1174,"Lilybaion, Lilybee North port?",12.443337,37.8124,-750.0,60.0,1.0
-250,-225,1176,"Motye, Motya",12.4646,37.8641,-750.0,60.0,1.0
-250,-225,1176.0999999999999,"Motye, Motya",12.4724,37.86902,-350.0,30.0,1.0
-250,-225,1176.2,"Motye, Motya",12.47,37.8715,-350.0,30.0,1.0
-250,-225,1177,"Aigousa insula, anchorage of Roman fleet before the famous battle of the Egadi Islands (10 March 241 BC), Odysseus' port of the Cyclops? ",12.322489,37.934044,-750.0,60.0,1.0
-250,-225,1179,"Maritima, Hieronesos, Hiera insula",12.077769,37.970422,-330.0,60.0,1.0
-250,-225,1180,"Bucinna, Phorbantia insula",12.321625,38.00168,-10000.0,100.0,1.0
-250,-225,1181,"Drepanum, Drepane ",12.502194,38.007961,-330.0,60.0,1.0
-250,-225,1182,"Port of Erix, Eryx, Erice, Carthaginian base camp during the famous battle of the Egadi Islands (10 March 241 BC)",12.58963,38.070435,-550.0,60.0,1.0
-250,-225,1182.0999999999999,,12.6801,38.1123,-250.0,30.0,0.7083333333333334
-250,-225,1182.2,,12.736,38.186,-400.0,30.0,1.0
-250,-225,1182.3,,12.7692,38.1673,-400.0,30.0,1.0
-250,-225,1184,"Emporion Segestanon, Emporium of the Aegestes, port of Segesta, on R Crimisus",12.88,38.0295,-330.0,60.0,1.0
-250,-225,1184.0999999999999,,13.0791,38.1732,-400.0,30.0,1.0
-250,-225,1187,,13.182596,38.71968,-1500.0,100.0,1.0
-250,-225,1188.0999999999999,Pakonia?,13.23715,38.2079,-300.0,30.0,1.0
-250,-225,1189,"Panhormus, Panorme",13.368583,38.120398,-750.0,60.0,1.0
-250,-225,1190,"Solus, port of Solonte ",13.542862,38.081694,-750.0,60.0,1.0
-250,-225,1191,"Thermai, Thermae Himeraeae, on R Thermos",13.690394,37.993991,-550.0,60.0,1.0
-250,-225,1192,,13.7815,37.9743,-330.0,60.0,1.0
-250,-225,1193,"Himera, Himere, on R Himeras",13.8215,37.9683,-729.0,10.0,1.0
-250,-225,1195,"Cephaloedium, Cephalidium ",14.024107,38.043883,-550.0,60.0,1.0
-250,-225,1196,"Halaesa, on R Halaisos",14.263,37.998,-330.0,60.0,1.0
-250,-225,1197,"Kale Akte, Calate ",14.448292,38.036496,-550.0,60.0,1.0
-250,-225,1199,Agathyrnum ,14.752,38.164,-550.0,60.0,1.0
-250,-225,1202,"Egira, Erikodes, Ericusa Insula",14.351188,38.5428,-330.0,60.0,1.0
-250,-225,1203,"Celsina, Phoenicusa, Phoinikoussa insula",14.5883,38.5569,-1500.0,100.0,1.0
-250,-225,1204,Didyma insula,14.8696,38.5739,-1500.0,100.0,1.0
-250,-225,1205,"Lipara on Liparos insula, Meligounis nesos",14.9568,38.4717,-1500.0,100.0,1.0
-250,-225,1206,"Heraclea, Hiera Thermessa insula,  Hiera Hephaistou insula",14.966446,38.416361,-550.0,60.0,1.0
-250,-225,1207,"Aegina, Euonymus insula",15.0636,38.6256,-1500.0,100.0,1.0
-250,-225,1209,"Strongilos, Eolie, possibly Odysseus' stopover on the isle of Aeolos",15.244209,38.797457,-1500.0,100.0,1.0
-250,-225,1210,Tyndaris ,15.044,38.1433,-550.0,60.0,1.0
-250,-225,1212,"Myle, Mylae ",15.2428,38.2177,-750.0,60.0,1.0
-250,-225,1213,"Naulochos, Naulocha ",15.371783,38.22509,-330.0,60.0,1.0
-250,-225,1242,"Castrum Minerva, Port of Venus, Limen Aphrodites, Athenaion ",18.435411,40.011636,-550.0,60.0,1.0
-250,-225,1242.0999999999999,,18.4849,40.079,-330.0,60.0,1.0
-250,-225,1243,"Hydros, Hydruntum, Otrante ",18.490869,40.148182,-750.0,60.0,1.0
-250,-225,1243.0999999999999,,18.4732,40.1841,-330.0,60.0,1.0
-250,-225,1243.2,,18.431,40.277,-330.0,60.0,1.0
-250,-225,1244,Port Tarentin ,18.4263,40.2871,-1500.0,100.0,1.0
-250,-225,1245,,18.409136,40.301208,-750.0,60.0,1.0
-250,-225,1247,"Brindes, Brentesium, Brundisium, Bronduse",17.948953,40.641441,-750.0,60.0,1.0
-250,-225,1248,,17.8705,40.6875,-330.0,60.0,1.0
-250,-225,1249,,17.7983,40.7137,-750.0,60.0,1.0
-250,-225,1250.0999999999999,Karbina,17.6983,40.7596,-1500.0,100.0,1.0
-250,-225,1252,Gnathia ,17.391,40.8896,-750.0,60.0,1.0
-250,-225,1254,"Turris Caesaris, Neapolis ",17.2183,40.9975,-330.0,60.0,1.0
-250,-225,1257,,16.997139,41.090957,-750.0,60.0,1.0
-250,-225,1259,Natiolum ,16.669838,41.192824,-330.0,60.0,1.0
-250,-225,1262,Barduli ,16.287075,41.334436,-330.0,60.0,1.0
-250,-225,1263.0999999999999,,16.0811,41.3592,-1500.0,100.0,1.0
-250,-225,1264,San Vito ,16.03185,41.3848,-330.0,60.0,1.0
-250,-225,1267,,15.8378,41.519,-750.0,60.0,1.0
-250,-225,1268,"Coppa Nevigatta, on R Aquilo",15.8338,41.558,-5000.0,100.0,1.0
-250,-225,1270,"Sipous, Sipontum, Sipunte ",15.9221,41.617859,-330.0,60.0,1.0
-250,-225,1271,"Apanestae, Apeneste",16.06038,41.69375,-750.0,60.0,1.0
-250,-225,1274,"Portus Aggasus, Port Agasus ",16.183,41.885,-550.0,60.0,1.0
-250,-225,1277,"Hyria, Uria",15.83039,41.8821,-330.0,60.0,1.0
-250,-225,1284,,15.05334,41.93962,-750.0,60.0,1.0
-250,-225,1286,Buca?,14.9976,42.0066,-330.0,60.0,1.0
-250,-225,1288,"Histonium, Istonium ",14.7205,42.1188,-550.0,60.0,1.0
-250,-225,1289,Buca?,14.7125,42.172,-330.0,60.0,1.0
-250,-225,1291,"Gualdi, port of Anxanum ",14.4434,42.3103,-550.0,60.0,1.0
-250,-225,1292,"Orton, Hortona",14.4098,42.357,-330.0,60.0,1.0
-250,-225,1293,"Aternum, Ostia Aterni, on R Aternus",14.2118,42.4614,-330.0,60.0,1.0
-250,-225,1294.0999999999999,"Matrinus, port of Hatria, Adria at the outlet of R Matrinus",14.138,42.5332,-330.0,60.0,1.0
-250,-225,1296,"Castrum Novum, on R Batinus",13.971,42.7356,-330.0,60.0,1.0
-250,-225,1297,"Castrum Truentinum, Truentum, on R Truentinum",13.901,42.8908,-330.0,60.0,1.0
-250,-225,1298,Cupra Maritima,13.8534,43.034,-750.0,60.0,1.0
-250,-225,1299,"Castellum Firmanorum, port of Firmum Picenum, Etruscan Permu",13.8011,43.1605,-330.0,60.0,1.0
-250,-225,1301,"Potentia, near R Flosis",13.6711,43.4142,-330.0,60.0,1.0
-250,-225,1302,Numana ,13.628195,43.50729,-750.0,60.0,1.0
-250,-225,1305,"Sena Gallica, on R Sena",13.2185,43.7123,-330.0,60.0,1.0
-250,-225,1306,,13.175681,43.75246,-750.0,60.0,1.0
-250,-225,1308,Fanum Fortunae ,13.019325,43.858514,-330.0,60.0,1.0
-250,-225,1309,"Pisaurum, on R Pisaurus",12.92,43.9159,-550.0,60.0,1.0
-250,-225,1311,"Ariminum, Etruscan Arimna, Harimne, on R Ariminus & R Ausa",12.5739,44.0623,-550.0,60.0,1.0
-250,-225,1316,"Butrium, Budrium, port of Budrio ",12.14588,44.53989,-330.0,60.0,1.0
-250,-225,1319,"Pomposa, Etruscan Spina, at the outlet of R Padus",12.10256,44.6943,-750.0,60.0,1.0
-250,-225,1323,Hadriani ,12.17741,44.94566,-750.0,60.0,1.0
-250,-225,1326,"Atria, Etruscan Hatria ",12.067121,45.048536,-750.0,60.0,1.0
-250,-225,1339,Altinum ,12.4077,45.5428,-550.0,60.0,1.0
-250,-225,1345,"Eraclia, Port on R Anassum or Anaxum ",12.6573,45.6378,-1300.0,100.0,1.0
-250,-225,1347.1,,12.8872,45.6356,-1200.0,100.0,1.0
-250,-225,1348.1,,13.1286,45.7714,-1300.0,100.0,1.0
-250,-225,1348.2,,13.1542,45.7705,-1300.0,100.0,1.0
-250,-225,1349.1,,13.3203,45.7648,-1500.0,100.0,1.0
-250,-225,1354,Etruscan Tarcste,13.771666,45.649509,-330.0,60.0,1.0
-225,-200,753,"Olbia, Roman port",9.5031,40.9275,-330.0,60.0,1.0
-225,-200,753.1,"Olbia, Punic port and Roman port",9.5057,40.9232,-750.0,60.0,1.0
-225,-200,756.1,Outlet of R Kaidris,9.734,40.373,-1500.0,100.0,1.0
-225,-200,757,"Sulcis, Sulpicius, Supicius ",9.706108,39.912462,-330.0,60.0,1.0
-225,-200,762,Caralitanum Prom.,9.516373,39.11649,-330.0,60.0,1.0
-225,-200,765,"Caralis, Carales, on R Sulcis",9.112387,39.211683,-750.0,60.0,1.0
-225,-200,766.1,,9.005325,39.095552,-1500.0,100.0,1.0
-225,-200,766.2,,9.0236,39.0619,-1500.0,100.0,1.0
-225,-200,767,Nora ,9.01444,38.987048,-750.0,60.0,1.0
-225,-200,768,Nora ,9.012555,38.984715,-750.0,60.0,1.0
-225,-200,769,Nora ,9.012066,38.988036,-750.0,60.0,1.0
-225,-200,770,"Bitia, Bithia, Bioea ",8.8849,38.8956,-750.0,60.0,1.0
-225,-200,778,"Sulcis, Solci (export of copper?)",8.462004,39.06534,-750.0,60.0,1.0
-225,-200,780,,8.4887,39.1774,-750.0,60.0,1.0
-225,-200,781,Metalla? ,8.5002,39.394,-500.0,30.0,1.0
-225,-200,781.1,,8.4601,39.5681,-7000.0,100.0,1.0
-225,-200,783,,8.60514,39.72744,-330.0,60.0,1.0
-225,-200,786,"Othaia, Othoca, on R Thyrsos",8.60849,39.86957,-750.0,60.0,1.0
-225,-200,786.1,,8.495,39.925,-4500.0,100.0,1.0
-225,-200,787,"Tarrai, Tharros, Tarrhos, Punic port",8.44,39.892,-750.0,60.0,1.0
-225,-200,787.1,"Tarrai, Tharros, Tarrhos, possible Nuragic port",8.4416,39.8789,-1500.0,100.0,1.0
-225,-200,788,"Tarrai, Tharros, Tarrhos",8.437959,39.859288,-750.0,60.0,1.0
-225,-200,788.1,,8.3936,39.9725,-1200.0,100.0,1.0
-225,-200,788.2,,8.3066,39.988,-1200.0,100.0,1.0
-225,-200,789,"Coracodes, Korakodes portus",8.409895,40.043873,-1200.0,100.0,1.0
-225,-200,790,"Cornus, Kornos",8.490364,40.087832,-330.0,60.0,1.0
-225,-200,791,"Bosa, on R Temos",8.469417,40.284535,-330.0,60.0,1.0
-225,-200,793,Nymphaeus portus ,8.189645,40.616568,-750.0,60.0,1.0
-225,-200,796,"Turris Libyssonis, Libisonis",8.3918,40.8368,-330.0,60.0,1.0
-225,-200,796.1,"Turris Libyssonis, Libisonis",8.3941,40.8391,-330.0,60.0,1.0
-225,-200,796.2,"Turris Libyssonis, Libisonis",8.4016,40.8392,-330.0,60.0,1.0
-225,-200,796.3,"Turris Libyssonis, Libisonis",8.4089,40.8389,-330.0,60.0,1.0
-225,-200,801,,9.1609,41.2404,-330.0,60.0,1.0
-225,-200,803,"Turublum Minus, Lamos?, Telepylos?, possible port of the Laestrygonians and stopover of Odysseus, near famous Arktou Akra Prom.",9.275693,41.199135,-1500.0,100.0,1.0
-225,-200,811.1,"Vintimilio plagia, Album Intermilium, Albintimilium",7.6252,43.7893,-550.0,60.0,1.0
-225,-200,818,"Albingauno, Albenganum ",8.2133,44.047,-550.0,60.0,1.0
-225,-200,823,"Savo, Vicus Virginis? ",8.479161,44.296439,-330.0,60.0,1.0
-225,-200,829,Genua,8.9284,44.411,-600.0,30.0,1.0
-225,-200,830,"archaic landing place of Genua, Etruscan Cainua?",8.94388,44.409,-1000.0,100.0,1.0
-225,-200,838,Antion ,9.546199,44.202859,-550.0,60.0,1.0
-225,-200,844,"Portus Lunae, Lune, Selene, Etruscan Luna, near R Macra  (export of white marble)",10.0152,44.0608,-330.0,60.0,1.0
-225,-200,847,,10.28083,43.87307,-750.0,60.0,1.0
-225,-200,848,,10.3602,43.83659,-330.0,60.0,1.0
-225,-200,849,,10.32724,43.76764,-750.0,60.0,1.0
-225,-200,850,,10.33555,43.73476,-750.0,60.0,1.0
-225,-200,851,"Port of Pise, Pisa, Etruscan Pisna, Peithusa, Pithsa, on ancient R Auser, near R Arnus",10.3862,43.7211,-550.0,60.0,1.0
-225,-200,853,,10.3934,43.6386,-5000.0,100.0,1.0
-225,-200,854,"Triturrita? Turrita? Near Portus Pisanus, Pisarum emporio, Liburnus Portus, Portus Herculis Liburni, Portus Labro, Etruscan Liburna",10.3343,43.5733,-5000.0,100.0,1.0
-225,-200,855,,10.4182,43.4022,-330.0,60.0,1.0
-225,-200,856,"Vadis, Vada Volaterrana ",10.44801,43.35981,-330.0,60.0,1.0
-225,-200,858.1,,10.531,43.099,-5000.0,100.0,1.0
-225,-200,859,"Populonio, Poplonium, Etruscan Fufluna, Pupluna",10.5014,42.9924,-750.0,60.0,1.0
-225,-200,860,"Falesia, Porto Falese ",10.559041,42.934297,-5000.0,100.0,1.0
-225,-200,861,,10.67991,42.9663,-330.0,60.0,1.0
-225,-200,862,Etruscan Fullona,10.757,42.917,-700.0,30.0,1.0
-225,-200,866,"Ilva, Aithalia, Ethalie ",10.273798,42.770152,-5000.0,100.0,1.0
-225,-200,867,"Argous portus, Argoos, ",10.329861,42.813066,-750.0,60.0,1.0
-225,-200,872,Planasia insula,10.082156,42.582969,-330.0,60.0,1.0
-225,-200,873,,10.09386,42.59297,-5000.0,100.0,1.0
-225,-200,880.1,,11.173,42.431,-1000.0,100.0,1.0
-225,-200,884.1,,10.922725,42.3593,-330.0,60.0,1.0
-225,-200,885,Oglasa insula,10.309211,42.331958,-5000.0,100.0,1.0
-225,-200,886,"Portu Herculis, Port of Hercules",11.2086,42.3912,-330.0,60.0,1.0
-225,-200,888.1,,11.2774,42.4201,-1000.0,100.0,1.0
-225,-200,891,"Cosa, Cossae, Portus Herculis Cosanus, Etruscan Cusi, Cuthi",11.293827,42.40709,-330.0,60.0,1.0
-225,-200,893,"Regis, Regae ",11.6041,42.3122,-750.0,60.0,1.0
-225,-200,896,"Graviscae, port of Tarquinia, Etruscan Tarchuna, Tarchna, possible first settlement of Etruscan people",11.7066,42.2144,-750.0,60.0,1.0
-225,-200,902.1,,11.8243,42.0446,-500.0,30.0,1.0
-225,-200,903,"Castrum Novum (port of Caere, Coere, Agylla), Etruscan port",11.8305,42.0383,-287.0,10.0,1.0
-225,-200,904.1,Punicum ,11.8715,42.035,-330.0,60.0,1.0
-225,-200,906,"Pyrgoi, Pyrgi (also called The Towers), port of Agylle, Caere, Etruscan Chaire, Caisra, Cisra",11.9565,42.0152,-750.0,60.0,1.0
-225,-200,906.1,"Pyrgoi, Pyrgi (also called The Towers), port of Agylle, Caere, Etruscan Chaire, Caisra, Cisra",11.9604,42.015,-750.0,60.0,1.0
-225,-200,906.2,Etruscan submerged structure,11.977,41.9957,-750.0,60.0,1.0
-225,-200,909,"Alsium, port of Agylla, Caere, Coere, Etruscan Chaire, Caisra",12.100837,41.932961,-750.0,60.0,1.0
-225,-200,910,,12.1253,41.9271,-330.0,60.0,1.0
-225,-200,911,,12.1424,41.9128,-330.0,60.0,1.0
-225,-200,912,"Fregenae, Etruscan Ficrine",12.18341,41.853058,-330.0,60.0,1.0
-225,-200,916,"Ostia, port of Rome",12.279848,41.75343,-640.0,20.0,1.0
-225,-200,917,Ostia,12.290905,41.75752,-750.0,60.0,1.0
-225,-200,921,Ficana,12.35306,41.80187,-750.0,60.0,1.0
-225,-200,922,Portus Vicus Alexandri,12.471443,41.847394,-330.0,60.0,1.0
-225,-200,930,"Portus Tiberinus, near Pons Aemilius, oldest archaic port of Rome, close to Foro Romano and Horrea Agrippiana",12.4809,41.8892,-753.0,10.0,1.0
-225,-200,935,Troia?,12.4685,41.6137,-550.0,60.0,1.0
-225,-200,938,Castrum Inui,12.5113,41.5803,-750.0,60.0,1.0
-225,-200,943,"Antium, Nero's port, Etruscan Anth? Caenon?",12.628393,41.442702,-750.0,60.0,1.0
-225,-200,949,"Astura, Storas, on R Astura",12.767198,41.407351,-330.0,60.0,1.0
-225,-200,951,Ad Turres Albas ,12.91288,41.375768,-330.0,60.0,1.0
-225,-200,953,"Port of Circei, Circe, Eea, Aeaea, Aiaia, Aia insula?, possible stopover for Odysseus",13.04425,41.253072,-330.0,60.0,1.0
-225,-200,954,"Circei, Circaeum Prom., Kirkaion, outlet of Nero's Fossa Augusta",13.1052,41.2405,-550.0,60.0,1.0
-225,-200,955,"Terracina, Tarracina, Anxur, Etruscan Tarchna, Tarkina",13.2545,41.286,-500.0,30.0,1.0
-225,-200,956,Fundi,13.42926,41.35738,-330.0,60.0,1.0
-225,-200,957,Pontia insula,12.964786,40.894781,-750.0,60.0,1.0
-225,-200,962,"Caiete, Caieta, Caeatas, Aeete, Etruscan Caithi",13.586,41.211,-330.0,60.0,1.0
-225,-200,964,"Formiae, Formies, Hormies ",13.6057,41.253,-330.0,60.0,1.0
-225,-200,966,,13.675,41.2479,-330.0,60.0,1.0
-225,-200,967,Pyrae?,13.703677,41.250662,-330.0,60.0,1.0
-225,-200,968,"Minturnae, on via Appia, with Pons Tirenus bridge on R Liris",13.7709,41.241,-296.0,10.0,1.0
-225,-200,968.1,"Marica temple, sea-port of Minturnae",13.7645,41.2265,-700.0,30.0,1.0
-225,-200,969,,13.8408,41.15847,-330.0,60.0,1.0
-225,-200,970,"Sinuessa, Sinuesa, Sinope",13.85,41.14944,-550.0,60.0,1.0
-225,-200,972,Aquae Sinuessanae & Pagus Sarclanus?,13.9125,41.1228,-330.0,60.0,1.0
-225,-200,973,"Volturnum, on R Vulturnus",13.92,41.0186,-550.0,60.0,1.0
-225,-200,974,"Liternum, Linternum, port of the Osci, Oskoi, Osques, Opici, Aurunci, Ausones",14.029903,40.921334,-330.0,60.0,1.0
-225,-200,975,"Cumae, Cumes, Kyme",14.051265,40.846657,-750.0,60.0,1.0
-225,-200,977,"Pithekoussai, Pithecusae, Etruscan Inarime, first Greek (Euboian) settlement in Italy",13.885913,40.754297,-750.0,60.0,1.0
-225,-200,978,,13.879064,40.696687,-700.0,30.0,1.0
-225,-200,978.1,"Procita, Prochyta insula",14.016731,40.759068,-700.0,30.0,1.0
-225,-200,978.2,,13.992,40.74,-1500.0,100.0,1.0
-225,-200,991,"Puteoli, Dikaiarcheia, Dicearque, Flavia Colonia Augusta Puteoli, Delus Minor, in the Campi Phlegraei volcano district",14.1154,40.8216,-750.0,60.0,1.0
-225,-200,997,"Parthenope, Neapolis",14.2522,40.8398,-750.0,60.0,1.0
-225,-200,997.1,Neapolis ,14.25462,40.83927,-600.0,30.0,1.0
-225,-200,998,Neapolis ,14.2524,40.83926,-600.0,30.0,1.0
-225,-200,999.1,"Herculaneum, Etruscan Herclena",14.35,40.7998,-550.0,60.0,1.0
-225,-200,1001,Oplontis ,14.4525,40.75755,-330.0,60.0,1.0
-225,-200,1002,"Pompeia, Porta Marina, Etruscan Pumpai",14.48226,40.74893,-750.0,60.0,1.0
-225,-200,1002.1,"Pompeia, Porta Stabia, Etruscan Pumpai",14.4908,40.7473,-750.0,60.0,1.0
-225,-200,1003,Stabiae ,14.4926,40.69976,-330.0,60.0,1.0
-225,-200,1004,Aequana ,14.4215,40.6617,-750.0,60.0,1.0
-225,-200,1005,,14.402715,40.645818,-550.0,60.0,1.0
-225,-200,1006,"Surrentum, Etruscan Irnthi",14.3698,40.6279,-330.0,60.0,1.0
-225,-200,1009,"Capraria, Capreae insula",14.236593,40.557685,-550.0,60.0,1.0
-225,-200,1013.1,"Seirenoussai nesoi, Anthemoessa insulae, Anthemuse, possible Siren islands, no stopover for Odysseus",14.43365,40.5825,-750.0,60.0,1.0
-225,-200,1017,Vietri ,14.713068,40.657725,-750.0,60.0,1.0
-225,-200,1019,,14.94346,40.5352,-750.0,60.0,1.0
-225,-200,1020,Portus Alburnus ,14.969769,40.488629,-330.0,60.0,1.0
-225,-200,1021,"Poseïdonia, Posidonia, Paestum, on R Silarus",14.992,40.415,-750.0,60.0,1.0
-225,-200,1022,,14.990506,40.358318,-550.0,60.0,1.0
-225,-200,1024,"Velia, Elea, Portus Velinus, Hyele, near R Hales",15.157,40.1602,-535.0,10.0,1.0
-225,-200,1025,Palinurus ,15.282234,40.035658,-750.0,60.0,1.0
-225,-200,1026,"Oenotrides insulae, Molpa ",15.294659,40.026788,-750.0,60.0,1.0
-225,-200,1027,"Pyxus, near Buxentum Prom.",15.516403,40.065378,-470.0,20.0,1.0
-225,-200,1028,Scidrus ,15.6222,40.07218,-330.0,60.0,1.0
-225,-200,1031,Blanda ,15.756465,39.913511,-330.0,60.0,1.0
-225,-200,1032,,15.781146,39.81781,-750.0,60.0,1.0
-225,-200,1033,"Laos, Laus ",15.789572,39.775272,-750.0,60.0,1.0
-225,-200,1034,"Cerillea, Cerilli ",15.804176,39.709009,-330.0,60.0,1.0
-225,-200,1035,,15.848026,39.613783,-330.0,60.0,1.0
-225,-200,1036,,15.945789,39.491704,-550.0,60.0,1.0
-225,-200,1037,Port of Pandosia,16.042302,39.301273,-550.0,60.0,1.0
-225,-200,1038,"Klampeteia, Clampetia ",16.065528,39.127809,-330.0,60.0,1.0
-225,-200,1039,"Temesa, Temese, Tempsa, on R Sabutus",16.094554,39.027944,-750.0,60.0,1.0
-225,-200,1040,,16.15407,38.98683,-330.0,60.0,1.0
-225,-200,1041,Terina ,16.2389,38.9448,-550.0,60.0,1.0
-225,-200,1047.3,,15.9718,38.7135,-1500.0,100.0,1.0
-225,-200,1049,,15.921,38.545,-750.0,60.0,1.0
-225,-200,1051,Emporion,15.95941,38.49277,-330.0,60.0,1.0
-225,-200,1052,"Medma, Mesma",15.9882,38.4821,-750.0,60.0,1.0
-225,-200,1053,"Port at the outlet of R Metaurus, Metaure ",15.871137,38.421553,-750.0,60.0,1.0
-225,-200,1054,Taurianum ,15.86494,38.39426,-330.0,60.0,1.0
-225,-200,1058,"Scyllaeum, Scylla, in front of Charybdis in Sicily, both Planktes insulae, where Odysseus possibly sailed",15.715,38.259,-750.0,60.0,1.0
-225,-200,1059,Kainys ,15.6354,38.2322,-550.0,60.0,1.0
-225,-200,1061,"Rhegium, Rhegion",15.634658,38.109425,-740.0,20.0,1.0
-225,-200,1064,Scyle ,15.92,37.928,-330.0,60.0,1.0
-225,-200,1068,Altanum? ,16.177826,38.141495,-550.0,60.0,1.0
-225,-200,1069,"Lokroi Epizephyrioi, Locri Epizefiri, Locres ",16.2368,38.2077,-750.0,60.0,1.0
-225,-200,1071,"Amphissa, Santo Onofrio ",16.413143,38.318166,-750.0,60.0,1.0
-225,-200,1072,"Kaulonia, Caulonia, Aulonia, Stilida",16.5787,38.4454,-750.0,60.0,1.0
-225,-200,1075,"Scylletium, Scolacium ",16.5952,38.8076,-550.0,60.0,1.0
-225,-200,1076,"Castra Hannibalis, Camp of Annibal ",16.713868,38.85776,-330.0,60.0,1.0
-225,-200,1078,,17.023685,38.903404,-330.0,60.0,1.0
-225,-200,1080,,17.16869,38.95411,-750.0,60.0,1.0
-225,-200,1082,"Kroton, Crotone, on R Aisaros",17.126348,39.085539,-750.0,60.0,1.0
-225,-200,1084,Krimisa?,17.140861,39.370149,-750.0,60.0,1.0
-225,-200,1085,"Temple of Apollo Alaeus, port of Aesarus ",17.1466,39.39654,-750.0,60.0,1.0
-225,-200,1087,,16.9617,39.496,-330.0,60.0,1.0
-225,-200,1088,"Sybaris ad Traeis, on R Traeis",16.771,39.59,-443.0,10.0,1.0
-225,-200,1090,"archaic Sybaris, on R Sybaris and R Crathis, Thourioi, Thurii, Copia",16.491191,39.717044,-720.0,20.0,1.0
-225,-200,1091,,16.538059,39.865106,-1500.0,100.0,1.0
-225,-200,1093,,16.60264,40.04726,-550.0,60.0,1.0
-225,-200,1095,,16.64197,40.15955,-330.0,60.0,1.0
-225,-200,1097,"Siris, on R Siris",16.6682,40.1658,-750.0,60.0,1.0
-225,-200,1098,"Heraclea, Heraclee ",16.67,40.22,-550.0,60.0,1.0
-225,-200,1098.0999999999999,,16.6642,40.2934,-1500.0,100.0,1.0
-225,-200,1099,"Metapontum, Metaponte",16.8352,40.3728,-750.0,60.0,1.0
-225,-200,1100,"Tarentum, Taras, Neptuna",17.228144,40.472032,-750.0,60.0,1.0
-225,-200,1103,"Satyrion, Saturnum ",17.30396,40.37282,-1500.0,100.0,1.0
-225,-200,1104,,17.50013,40.30372,-330.0,60.0,1.0
-225,-200,1105,Port Sasina ,17.896215,40.25706,-750.0,60.0,1.0
-225,-200,1106,Port of Neretum,17.983673,40.137046,-750.0,60.0,1.0
-225,-200,1107,"Kallipolis, Callipolis, Anxa ",17.979931,40.054413,-750.0,60.0,1.0
-225,-200,1109,,18.31,39.8138,-330.0,60.0,1.0
-225,-200,1110,"Portus Sallentinus, Leuke, near Iapygia Prom.",18.362675,39.792157,-750.0,60.0,1.0
-225,-200,1112,"Zancle, Zankle, Messana, Messene",15.560811,38.192865,-730.0,20.0,1.0
-225,-200,1113,,15.536584,38.145129,-750.0,60.0,1.0
-225,-200,1114,"Phoinix, Tamaricii, Palmae ",15.37,37.9438,-330.0,60.0,1.0
-225,-200,1115,,15.3078,37.878,-330.0,60.0,1.0
-225,-200,1116,Tauromenium ,15.302,37.848,-550.0,60.0,1.0
-225,-200,1117,"Naxos, Naxus ",15.2694,37.8239,-470.0,20.0,1.0
-225,-200,1118,"Archaic Naxos, near R Akesines",15.2694,37.8193,-734.0,10.0,1.0
-225,-200,1123,"Katane, Catina ",15.0873,37.5024,-750.0,60.0,1.0
-225,-200,1123.2,"Leontinoi, on R Terias",14.998,37.2855,-750.0,60.0,1.0
-225,-200,1124,,15.132834,37.310011,-750.0,60.0,1.0
-225,-200,1125.0999999999999,"Xiphoneos, Xiphonia, Xiphon",15.207,37.234,-330.0,60.0,1.0
-225,-200,1126,"Megara Hyblaea, on R Alabon",15.183741,37.205772,-750.0,60.0,1.0
-225,-200,1127,"Tapsus, Thapsos ",15.228473,37.145257,-1200.0,100.0,1.0
-225,-200,1128,"Leon, landing place of Athenian fleet in 414 BC",15.2615,37.1076,-4000.0,100.0,1.0
-225,-200,1132,"Syracuse, ""Large Port"", on the isle of Sikelia, Sicania, Trinacria, major Greek (Corinthian) settlement in Sicily",15.288,37.06,-733.0,10.0,1.0
-225,-200,1138,Portus Naustathamus?,15.214525,36.95611,-750.0,60.0,1.0
-225,-200,1140,"Helorus, Elorus, on R Helorus",15.1075,36.8422,-750.0,60.0,1.0
-225,-200,1141,Phoenicus portus ,15.0985,36.803,-330.0,60.0,1.0
-225,-200,1143,"Portus Pachino, Pachyno, Pachyni, Apollineum ",15.1385,36.6857,-330.0,60.0,1.0
-225,-200,1146,R Hirminum,14.594,36.771,-750.0,60.0,1.0
-225,-200,1148,"Kamarina, on R Hipparis",14.440957,36.866878,-598.0,10.0,1.0
-225,-200,1150,,14.3,37.032,-550.0,60.0,1.0
-225,-200,1152,"Gela, on R Gela",14.2583,37.063,-688.0,10.0,1.0
-225,-200,1154,,14.197,37.0842,-750.0,60.0,1.0
-225,-200,1155,"Port of Maktorion, Mactorium?",14.138661,37.100201,-750.0,60.0,1.0
-225,-200,1156,"Phintias, on R Himeras",13.9317,37.1,-330.0,60.0,1.0
-225,-200,1158,,13.881,37.102,-750.0,60.0,1.0
-225,-200,1160,,13.780019,37.144488,-750.0,60.0,1.0
-225,-200,1161,,13.695341,37.17957,-550.0,60.0,1.0
-225,-200,1162.0999999999999,,13.624,37.233,-1400.0,100.0,1.0
-225,-200,1163,"Agrakas, Akragas, Agrigentum, on R Hypsas",13.581,37.2687,-580.0,20.0,1.0
-225,-200,1166,"Heraclea Minoa, on R Halycus",13.28,37.3937,-750.0,60.0,1.0
-225,-200,1167,,13.256671,37.414943,-750.0,60.0,1.0
-225,-200,1169,"Selinus, Selinunt, Selinonte east port",12.8294,37.5845,-650.0,30.0,1.0
-225,-200,1170,"Selinus, Selinunt, Selinonte west port, on R Selinon",12.82116,37.5828,-650.0,30.0,1.0
-225,-200,1171,"Mazara, on R Mazara",12.587605,37.644211,-550.0,60.0,1.0
-225,-200,1172,"Lilybaion, Lilybee South port?",12.43,37.7937,-750.0,60.0,1.0
-225,-200,1173,"Lilybaion, Lilybee Main port",12.428115,37.808131,-750.0,60.0,1.0
-225,-200,1174,"Lilybaion, Lilybee North port?",12.443337,37.8124,-750.0,60.0,1.0
-225,-200,1176,"Motye, Motya",12.4646,37.8641,-750.0,60.0,1.0
-225,-200,1176.0999999999999,"Motye, Motya",12.4724,37.86902,-350.0,30.0,1.0
-225,-200,1176.2,"Motye, Motya",12.47,37.8715,-350.0,30.0,1.0
-225,-200,1177,"Aigousa insula, anchorage of Roman fleet before the famous battle of the Egadi Islands (10 March 241 BC), Odysseus' port of the Cyclops? ",12.322489,37.934044,-750.0,60.0,1.0
-225,-200,1179,"Maritima, Hieronesos, Hiera insula",12.077769,37.970422,-330.0,60.0,1.0
-225,-200,1180,"Bucinna, Phorbantia insula",12.321625,38.00168,-10000.0,100.0,1.0
-225,-200,1181,"Drepanum, Drepane ",12.502194,38.007961,-330.0,60.0,1.0
-225,-200,1182,"Port of Erix, Eryx, Erice, Carthaginian base camp during the famous battle of the Egadi Islands (10 March 241 BC)",12.58963,38.070435,-550.0,60.0,1.0
-225,-200,1182.0999999999999,,12.6801,38.1123,-250.0,30.0,1.0
-225,-200,1182.2,,12.736,38.186,-400.0,30.0,1.0
-225,-200,1182.3,,12.7692,38.1673,-400.0,30.0,1.0
-225,-200,1184,"Emporion Segestanon, Emporium of the Aegestes, port of Segesta, on R Crimisus",12.88,38.0295,-330.0,60.0,1.0
-225,-200,1184.0999999999999,,13.0791,38.1732,-400.0,30.0,1.0
-225,-200,1187,,13.182596,38.71968,-1500.0,100.0,1.0
-225,-200,1188.0999999999999,Pakonia?,13.23715,38.2079,-300.0,30.0,1.0
-225,-200,1189,"Panhormus, Panorme",13.368583,38.120398,-750.0,60.0,1.0
-225,-200,1190,"Solus, port of Solonte ",13.542862,38.081694,-750.0,60.0,1.0
-225,-200,1191,"Thermai, Thermae Himeraeae, on R Thermos",13.690394,37.993991,-550.0,60.0,1.0
-225,-200,1192,,13.7815,37.9743,-330.0,60.0,1.0
-225,-200,1193,"Himera, Himere, on R Himeras",13.8215,37.9683,-729.0,10.0,1.0
-225,-200,1195,"Cephaloedium, Cephalidium ",14.024107,38.043883,-550.0,60.0,1.0
-225,-200,1196,"Halaesa, on R Halaisos",14.263,37.998,-330.0,60.0,1.0
-225,-200,1197,"Kale Akte, Calate ",14.448292,38.036496,-550.0,60.0,1.0
-225,-200,1199,Agathyrnum ,14.752,38.164,-550.0,60.0,1.0
-225,-200,1202,"Egira, Erikodes, Ericusa Insula",14.351188,38.5428,-330.0,60.0,1.0
-225,-200,1203,"Celsina, Phoenicusa, Phoinikoussa insula",14.5883,38.5569,-1500.0,100.0,1.0
-225,-200,1204,Didyma insula,14.8696,38.5739,-1500.0,100.0,1.0
-225,-200,1205,"Lipara on Liparos insula, Meligounis nesos",14.9568,38.4717,-1500.0,100.0,1.0
-225,-200,1206,"Heraclea, Hiera Thermessa insula,  Hiera Hephaistou insula",14.966446,38.416361,-550.0,60.0,1.0
-225,-200,1207,"Aegina, Euonymus insula",15.0636,38.6256,-1500.0,100.0,1.0
-225,-200,1209,"Strongilos, Eolie, possibly Odysseus' stopover on the isle of Aeolos",15.244209,38.797457,-1500.0,100.0,1.0
-225,-200,1210,Tyndaris ,15.044,38.1433,-550.0,60.0,1.0
-225,-200,1212,"Myle, Mylae ",15.2428,38.2177,-750.0,60.0,1.0
-225,-200,1213,"Naulochos, Naulocha ",15.371783,38.22509,-330.0,60.0,1.0
-225,-200,1242,"Castrum Minerva, Port of Venus, Limen Aphrodites, Athenaion ",18.435411,40.011636,-550.0,60.0,1.0
-225,-200,1242.0999999999999,,18.4849,40.079,-330.0,60.0,1.0
-225,-200,1243,"Hydros, Hydruntum, Otrante ",18.490869,40.148182,-750.0,60.0,1.0
-225,-200,1243.0999999999999,,18.4732,40.1841,-330.0,60.0,1.0
-225,-200,1243.2,,18.431,40.277,-330.0,60.0,1.0
-225,-200,1244,Port Tarentin ,18.4263,40.2871,-1500.0,100.0,1.0
-225,-200,1245,,18.409136,40.301208,-750.0,60.0,1.0
-225,-200,1247,"Brindes, Brentesium, Brundisium, Bronduse",17.948953,40.641441,-750.0,60.0,1.0
-225,-200,1248,,17.8705,40.6875,-330.0,60.0,1.0
-225,-200,1249,,17.7983,40.7137,-750.0,60.0,1.0
-225,-200,1250.0999999999999,Karbina,17.6983,40.7596,-1500.0,100.0,1.0
-225,-200,1252,Gnathia ,17.391,40.8896,-750.0,60.0,1.0
-225,-200,1254,"Turris Caesaris, Neapolis ",17.2183,40.9975,-330.0,60.0,1.0
-225,-200,1257,,16.997139,41.090957,-750.0,60.0,1.0
-225,-200,1259,Natiolum ,16.669838,41.192824,-330.0,60.0,1.0
-225,-200,1262,Barduli ,16.287075,41.334436,-330.0,60.0,1.0
-225,-200,1263.0999999999999,,16.0811,41.3592,-1500.0,100.0,1.0
-225,-200,1264,San Vito ,16.03185,41.3848,-330.0,60.0,1.0
-225,-200,1267,,15.8378,41.519,-750.0,60.0,1.0
-225,-200,1268,"Coppa Nevigatta, on R Aquilo",15.8338,41.558,-5000.0,100.0,1.0
-225,-200,1270,"Sipous, Sipontum, Sipunte ",15.9221,41.617859,-330.0,60.0,1.0
-225,-200,1271,"Apanestae, Apeneste",16.06038,41.69375,-750.0,60.0,1.0
-225,-200,1274,"Portus Aggasus, Port Agasus ",16.183,41.885,-550.0,60.0,1.0
-225,-200,1277,"Hyria, Uria",15.83039,41.8821,-330.0,60.0,1.0
-225,-200,1284,,15.05334,41.93962,-750.0,60.0,1.0
-225,-200,1286,Buca?,14.9976,42.0066,-330.0,60.0,1.0
-225,-200,1288,"Histonium, Istonium ",14.7205,42.1188,-550.0,60.0,1.0
-225,-200,1289,Buca?,14.7125,42.172,-330.0,60.0,1.0
-225,-200,1291,"Gualdi, port of Anxanum ",14.4434,42.3103,-550.0,60.0,1.0
-225,-200,1292,"Orton, Hortona",14.4098,42.357,-330.0,60.0,1.0
-225,-200,1293,"Aternum, Ostia Aterni, on R Aternus",14.2118,42.4614,-330.0,60.0,1.0
-225,-200,1294.0999999999999,"Matrinus, port of Hatria, Adria at the outlet of R Matrinus",14.138,42.5332,-330.0,60.0,1.0
-225,-200,1296,"Castrum Novum, on R Batinus",13.971,42.7356,-330.0,60.0,1.0
-225,-200,1297,"Castrum Truentinum, Truentum, on R Truentinum",13.901,42.8908,-330.0,60.0,1.0
-225,-200,1298,Cupra Maritima,13.8534,43.034,-750.0,60.0,1.0
-225,-200,1299,"Castellum Firmanorum, port of Firmum Picenum, Etruscan Permu",13.8011,43.1605,-330.0,60.0,1.0
-225,-200,1301,"Potentia, near R Flosis",13.6711,43.4142,-330.0,60.0,1.0
-225,-200,1302,Numana ,13.628195,43.50729,-750.0,60.0,1.0
-225,-200,1305,"Sena Gallica, on R Sena",13.2185,43.7123,-330.0,60.0,1.0
-225,-200,1306,,13.175681,43.75246,-750.0,60.0,1.0
-225,-200,1308,Fanum Fortunae ,13.019325,43.858514,-330.0,60.0,1.0
-225,-200,1309,"Pisaurum, on R Pisaurus",12.92,43.9159,-550.0,60.0,1.0
-225,-200,1311,"Ariminum, Etruscan Arimna, Harimne, on R Ariminus & R Ausa",12.5739,44.0623,-550.0,60.0,1.0
-225,-200,1316,"Butrium, Budrium, port of Budrio ",12.14588,44.53989,-330.0,60.0,1.0
-225,-200,1319,"Pomposa, Etruscan Spina, at the outlet of R Padus",12.10256,44.6943,-750.0,60.0,1.0
-225,-200,1323,Hadriani ,12.17741,44.94566,-750.0,60.0,1.0
-225,-200,1326,"Atria, Etruscan Hatria ",12.067121,45.048536,-750.0,60.0,1.0
-225,-200,1339,Altinum ,12.4077,45.5428,-550.0,60.0,1.0
-225,-200,1345,"Eraclia, Port on R Anassum or Anaxum ",12.6573,45.6378,-1300.0,100.0,1.0
-225,-200,1347.1,,12.8872,45.6356,-1200.0,100.0,1.0
-225,-200,1348.1,,13.1286,45.7714,-1300.0,100.0,1.0
-225,-200,1348.2,,13.1542,45.7705,-1300.0,100.0,1.0
-225,-200,1349.1,,13.3203,45.7648,-1500.0,100.0,1.0
-225,-200,1351,"Aquileia, Aquilee, on ancient course of R Aesontius, Sontius, Isontius (ca. 50 m wide)",13.3695,45.7748,-200.0,30.0,0.2916666666666667
-225,-200,1354,Etruscan Tarcste,13.771666,45.649509,-330.0,60.0,1.0
-200,-175,753,"Olbia, Roman port",9.5031,40.9275,-330.0,60.0,1.0
-200,-175,753.1,"Olbia, Punic port and Roman port",9.5057,40.9232,-750.0,60.0,1.0
-200,-175,756.1,Outlet of R Kaidris,9.734,40.373,-1500.0,100.0,1.0
-200,-175,757,"Sulcis, Sulpicius, Supicius ",9.706108,39.912462,-330.0,60.0,1.0
-200,-175,762,Caralitanum Prom.,9.516373,39.11649,-330.0,60.0,1.0
-200,-175,765,"Caralis, Carales, on R Sulcis",9.112387,39.211683,-750.0,60.0,1.0
-200,-175,766.1,,9.005325,39.095552,-1500.0,100.0,1.0
-200,-175,766.2,,9.0236,39.0619,-1500.0,100.0,1.0
-200,-175,767,Nora ,9.01444,38.987048,-750.0,60.0,1.0
-200,-175,768,Nora ,9.012555,38.984715,-750.0,60.0,1.0
-200,-175,769,Nora ,9.012066,38.988036,-750.0,60.0,1.0
-200,-175,770,"Bitia, Bithia, Bioea ",8.8849,38.8956,-750.0,60.0,1.0
-200,-175,778,"Sulcis, Solci (export of copper?)",8.462004,39.06534,-750.0,60.0,1.0
-200,-175,780,,8.4887,39.1774,-750.0,60.0,1.0
-200,-175,781,Metalla? ,8.5002,39.394,-500.0,30.0,1.0
-200,-175,781.1,,8.4601,39.5681,-7000.0,100.0,1.0
-200,-175,783,,8.60514,39.72744,-330.0,60.0,1.0
-200,-175,786,"Othaia, Othoca, on R Thyrsos",8.60849,39.86957,-750.0,60.0,1.0
-200,-175,786.1,,8.495,39.925,-4500.0,100.0,1.0
-200,-175,787,"Tarrai, Tharros, Tarrhos, Punic port",8.44,39.892,-750.0,60.0,1.0
-200,-175,787.1,"Tarrai, Tharros, Tarrhos, possible Nuragic port",8.4416,39.8789,-1500.0,100.0,1.0
-200,-175,788,"Tarrai, Tharros, Tarrhos",8.437959,39.859288,-750.0,60.0,1.0
-200,-175,788.1,,8.3936,39.9725,-1200.0,100.0,1.0
-200,-175,788.2,,8.3066,39.988,-1200.0,100.0,1.0
-200,-175,789,"Coracodes, Korakodes portus",8.409895,40.043873,-1200.0,100.0,1.0
-200,-175,790,"Cornus, Kornos",8.490364,40.087832,-330.0,60.0,1.0
-200,-175,791,"Bosa, on R Temos",8.469417,40.284535,-330.0,60.0,1.0
-200,-175,793,Nymphaeus portus ,8.189645,40.616568,-750.0,60.0,1.0
-200,-175,796,"Turris Libyssonis, Libisonis",8.3918,40.8368,-330.0,60.0,1.0
-200,-175,796.1,"Turris Libyssonis, Libisonis",8.3941,40.8391,-330.0,60.0,1.0
-200,-175,796.2,"Turris Libyssonis, Libisonis",8.4016,40.8392,-330.0,60.0,1.0
-200,-175,796.3,"Turris Libyssonis, Libisonis",8.4089,40.8389,-330.0,60.0,1.0
-200,-175,801,,9.1609,41.2404,-330.0,60.0,1.0
-200,-175,803,"Turublum Minus, Lamos?, Telepylos?, possible port of the Laestrygonians and stopover of Odysseus, near famous Arktou Akra Prom.",9.275693,41.199135,-1500.0,100.0,1.0
-200,-175,811.1,"Vintimilio plagia, Album Intermilium, Albintimilium",7.6252,43.7893,-550.0,60.0,1.0
-200,-175,818,"Albingauno, Albenganum ",8.2133,44.047,-550.0,60.0,1.0
-200,-175,823,"Savo, Vicus Virginis? ",8.479161,44.296439,-330.0,60.0,1.0
-200,-175,829,Genua,8.9284,44.411,-600.0,30.0,1.0
-200,-175,830,"archaic landing place of Genua, Etruscan Cainua?",8.94388,44.409,-1000.0,100.0,1.0
-200,-175,838,Antion ,9.546199,44.202859,-550.0,60.0,1.0
-200,-175,844,"Portus Lunae, Lune, Selene, Etruscan Luna, near R Macra  (export of white marble)",10.0152,44.0608,-330.0,60.0,1.0
-200,-175,847,,10.28083,43.87307,-750.0,60.0,1.0
-200,-175,848,,10.3602,43.83659,-330.0,60.0,1.0
-200,-175,849,,10.32724,43.76764,-750.0,60.0,1.0
-200,-175,850,,10.33555,43.73476,-750.0,60.0,1.0
-200,-175,851,"Port of Pise, Pisa, Etruscan Pisna, Peithusa, Pithsa, on ancient R Auser, near R Arnus",10.3862,43.7211,-550.0,60.0,1.0
-200,-175,853,,10.3934,43.6386,-5000.0,100.0,1.0
-200,-175,854,"Triturrita? Turrita? Near Portus Pisanus, Pisarum emporio, Liburnus Portus, Portus Herculis Liburni, Portus Labro, Etruscan Liburna",10.3343,43.5733,-5000.0,100.0,1.0
-200,-175,855,,10.4182,43.4022,-330.0,60.0,1.0
-200,-175,856,"Vadis, Vada Volaterrana ",10.44801,43.35981,-330.0,60.0,1.0
-200,-175,858.1,,10.531,43.099,-5000.0,100.0,1.0
-200,-175,859,"Populonio, Poplonium, Etruscan Fufluna, Pupluna",10.5014,42.9924,-750.0,60.0,1.0
-200,-175,860,"Falesia, Porto Falese ",10.559041,42.934297,-5000.0,100.0,1.0
-200,-175,861,,10.67991,42.9663,-330.0,60.0,1.0
-200,-175,862,Etruscan Fullona,10.757,42.917,-700.0,30.0,1.0
-200,-175,866,"Ilva, Aithalia, Ethalie ",10.273798,42.770152,-5000.0,100.0,1.0
-200,-175,867,"Argous portus, Argoos, ",10.329861,42.813066,-750.0,60.0,1.0
-200,-175,872,Planasia insula,10.082156,42.582969,-330.0,60.0,1.0
-200,-175,873,,10.09386,42.59297,-5000.0,100.0,1.0
-200,-175,880.1,,11.173,42.431,-1000.0,100.0,1.0
-200,-175,884.1,,10.922725,42.3593,-330.0,60.0,1.0
-200,-175,885,Oglasa insula,10.309211,42.331958,-5000.0,100.0,1.0
-200,-175,886,"Portu Herculis, Port of Hercules",11.2086,42.3912,-330.0,60.0,1.0
-200,-175,888.1,,11.2774,42.4201,-1000.0,100.0,1.0
-200,-175,891,"Cosa, Cossae, Portus Herculis Cosanus, Etruscan Cusi, Cuthi",11.293827,42.40709,-330.0,60.0,1.0
-200,-175,893,"Regis, Regae ",11.6041,42.3122,-750.0,60.0,1.0
-200,-175,896,"Graviscae, port of Tarquinia, Etruscan Tarchuna, Tarchna, possible first settlement of Etruscan people",11.7066,42.2144,-750.0,60.0,1.0
-200,-175,902.1,,11.8243,42.0446,-500.0,30.0,1.0
-200,-175,903,"Castrum Novum (port of Caere, Coere, Agylla), Etruscan port",11.8305,42.0383,-287.0,10.0,1.0
-200,-175,904.1,Punicum ,11.8715,42.035,-330.0,60.0,1.0
-200,-175,906,"Pyrgoi, Pyrgi (also called The Towers), port of Agylle, Caere, Etruscan Chaire, Caisra, Cisra",11.9565,42.0152,-750.0,60.0,1.0
-200,-175,906.1,"Pyrgoi, Pyrgi (also called The Towers), port of Agylle, Caere, Etruscan Chaire, Caisra, Cisra",11.9604,42.015,-750.0,60.0,1.0
-200,-175,906.2,Etruscan submerged structure,11.977,41.9957,-750.0,60.0,1.0
-200,-175,909,"Alsium, port of Agylla, Caere, Coere, Etruscan Chaire, Caisra",12.100837,41.932961,-750.0,60.0,1.0
-200,-175,910,,12.1253,41.9271,-330.0,60.0,1.0
-200,-175,911,,12.1424,41.9128,-330.0,60.0,1.0
-200,-175,912,"Fregenae, Etruscan Ficrine",12.18341,41.853058,-330.0,60.0,1.0
-200,-175,916,"Ostia, port of Rome",12.279848,41.75343,-640.0,20.0,1.0
-200,-175,917,Ostia,12.290905,41.75752,-750.0,60.0,1.0
-200,-175,921,Ficana,12.35306,41.80187,-750.0,60.0,1.0
-200,-175,922,Portus Vicus Alexandri,12.471443,41.847394,-330.0,60.0,1.0
-200,-175,930,"Portus Tiberinus, near Pons Aemilius, oldest archaic port of Rome, close to Foro Romano and Horrea Agrippiana",12.4809,41.8892,-753.0,10.0,1.0
-200,-175,935,Troia?,12.4685,41.6137,-550.0,60.0,1.0
-200,-175,938,Castrum Inui,12.5113,41.5803,-750.0,60.0,1.0
-200,-175,943,"Antium, Nero's port, Etruscan Anth? Caenon?",12.628393,41.442702,-750.0,60.0,1.0
-200,-175,949,"Astura, Storas, on R Astura",12.767198,41.407351,-330.0,60.0,1.0
-200,-175,951,Ad Turres Albas ,12.91288,41.375768,-330.0,60.0,1.0
-200,-175,953,"Port of Circei, Circe, Eea, Aeaea, Aiaia, Aia insula?, possible stopover for Odysseus",13.04425,41.253072,-330.0,60.0,1.0
-200,-175,954,"Circei, Circaeum Prom., Kirkaion, outlet of Nero's Fossa Augusta",13.1052,41.2405,-550.0,60.0,1.0
-200,-175,955,"Terracina, Tarracina, Anxur, Etruscan Tarchna, Tarkina",13.2545,41.286,-500.0,30.0,1.0
-200,-175,956,Fundi,13.42926,41.35738,-330.0,60.0,1.0
-200,-175,957,Pontia insula,12.964786,40.894781,-750.0,60.0,1.0
-200,-175,962,"Caiete, Caieta, Caeatas, Aeete, Etruscan Caithi",13.586,41.211,-330.0,60.0,1.0
-200,-175,964,"Formiae, Formies, Hormies ",13.6057,41.253,-330.0,60.0,1.0
-200,-175,966,,13.675,41.2479,-330.0,60.0,1.0
-200,-175,967,Pyrae?,13.703677,41.250662,-330.0,60.0,1.0
-200,-175,968,"Minturnae, on via Appia, with Pons Tirenus bridge on R Liris",13.7709,41.241,-296.0,10.0,1.0
-200,-175,968.1,"Marica temple, sea-port of Minturnae",13.7645,41.2265,-700.0,30.0,1.0
-200,-175,969,,13.8408,41.15847,-330.0,60.0,1.0
-200,-175,970,"Sinuessa, Sinuesa, Sinope",13.85,41.14944,-550.0,60.0,1.0
-200,-175,972,Aquae Sinuessanae & Pagus Sarclanus?,13.9125,41.1228,-330.0,60.0,1.0
-200,-175,973,"Volturnum, on R Vulturnus",13.92,41.0186,-550.0,60.0,1.0
-200,-175,974,"Liternum, Linternum, port of the Osci, Oskoi, Osques, Opici, Aurunci, Ausones",14.029903,40.921334,-330.0,60.0,1.0
-200,-175,975,"Cumae, Cumes, Kyme",14.051265,40.846657,-750.0,60.0,1.0
-200,-175,977,"Pithekoussai, Pithecusae, Etruscan Inarime, first Greek (Euboian) settlement in Italy",13.885913,40.754297,-750.0,60.0,1.0
-200,-175,978,,13.879064,40.696687,-700.0,30.0,1.0
-200,-175,978.1,"Procita, Prochyta insula",14.016731,40.759068,-700.0,30.0,1.0
-200,-175,978.2,,13.992,40.74,-1500.0,100.0,1.0
-200,-175,991,"Puteoli, Dikaiarcheia, Dicearque, Flavia Colonia Augusta Puteoli, Delus Minor, in the Campi Phlegraei volcano district",14.1154,40.8216,-750.0,60.0,1.0
-200,-175,997,"Parthenope, Neapolis",14.2522,40.8398,-750.0,60.0,1.0
-200,-175,997.1,Neapolis ,14.25462,40.83927,-600.0,30.0,1.0
-200,-175,998,Neapolis ,14.2524,40.83926,-600.0,30.0,1.0
-200,-175,999.1,"Herculaneum, Etruscan Herclena",14.35,40.7998,-550.0,60.0,1.0
-200,-175,1001,Oplontis ,14.4525,40.75755,-330.0,60.0,1.0
-200,-175,1002,"Pompeia, Porta Marina, Etruscan Pumpai",14.48226,40.74893,-750.0,60.0,1.0
-200,-175,1002.1,"Pompeia, Porta Stabia, Etruscan Pumpai",14.4908,40.7473,-750.0,60.0,1.0
-200,-175,1003,Stabiae ,14.4926,40.69976,-330.0,60.0,1.0
-200,-175,1004,Aequana ,14.4215,40.6617,-750.0,60.0,1.0
-200,-175,1005,,14.402715,40.645818,-550.0,60.0,1.0
-200,-175,1006,"Surrentum, Etruscan Irnthi",14.3698,40.6279,-330.0,60.0,1.0
-200,-175,1009,"Capraria, Capreae insula",14.236593,40.557685,-550.0,60.0,1.0
-200,-175,1013.1,"Seirenoussai nesoi, Anthemoessa insulae, Anthemuse, possible Siren islands, no stopover for Odysseus",14.43365,40.5825,-750.0,60.0,1.0
-200,-175,1017,Vietri ,14.713068,40.657725,-750.0,60.0,1.0
-200,-175,1019,,14.94346,40.5352,-750.0,60.0,1.0
-200,-175,1020,Portus Alburnus ,14.969769,40.488629,-330.0,60.0,1.0
-200,-175,1021,"Poseïdonia, Posidonia, Paestum, on R Silarus",14.992,40.415,-750.0,60.0,1.0
-200,-175,1022,,14.990506,40.358318,-550.0,60.0,1.0
-200,-175,1024,"Velia, Elea, Portus Velinus, Hyele, near R Hales",15.157,40.1602,-535.0,10.0,1.0
-200,-175,1025,Palinurus ,15.282234,40.035658,-750.0,60.0,1.0
-200,-175,1026,"Oenotrides insulae, Molpa ",15.294659,40.026788,-750.0,60.0,1.0
-200,-175,1027,"Pyxus, near Buxentum Prom.",15.516403,40.065378,-470.0,20.0,1.0
-200,-175,1028,Scidrus ,15.6222,40.07218,-330.0,60.0,1.0
-200,-175,1031,Blanda ,15.756465,39.913511,-330.0,60.0,1.0
-200,-175,1032,,15.781146,39.81781,-750.0,60.0,1.0
-200,-175,1033,"Laos, Laus ",15.789572,39.775272,-750.0,60.0,1.0
-200,-175,1034,"Cerillea, Cerilli ",15.804176,39.709009,-330.0,60.0,1.0
-200,-175,1035,,15.848026,39.613783,-330.0,60.0,1.0
-200,-175,1036,,15.945789,39.491704,-550.0,60.0,1.0
-200,-175,1037,Port of Pandosia,16.042302,39.301273,-550.0,60.0,1.0
-200,-175,1038,"Klampeteia, Clampetia ",16.065528,39.127809,-330.0,60.0,1.0
-200,-175,1039,"Temesa, Temese, Tempsa, on R Sabutus",16.094554,39.027944,-750.0,60.0,1.0
-200,-175,1040,,16.15407,38.98683,-330.0,60.0,1.0
-200,-175,1041,Terina ,16.2389,38.9448,-550.0,60.0,1.0
-200,-175,1047.3,,15.9718,38.7135,-1500.0,100.0,1.0
-200,-175,1049,,15.921,38.545,-750.0,60.0,1.0
-200,-175,1051,Emporion,15.95941,38.49277,-330.0,60.0,1.0
-200,-175,1052,"Medma, Mesma",15.9882,38.4821,-750.0,60.0,1.0
-200,-175,1053,"Port at the outlet of R Metaurus, Metaure ",15.871137,38.421553,-750.0,60.0,1.0
-200,-175,1054,Taurianum ,15.86494,38.39426,-330.0,60.0,1.0
-200,-175,1058,"Scyllaeum, Scylla, in front of Charybdis in Sicily, both Planktes insulae, where Odysseus possibly sailed",15.715,38.259,-750.0,60.0,1.0
-200,-175,1059,Kainys ,15.6354,38.2322,-550.0,60.0,1.0
-200,-175,1061,"Rhegium, Rhegion",15.634658,38.109425,-740.0,20.0,1.0
-200,-175,1064,Scyle ,15.92,37.928,-330.0,60.0,1.0
-200,-175,1068,Altanum? ,16.177826,38.141495,-550.0,60.0,1.0
-200,-175,1069,"Lokroi Epizephyrioi, Locri Epizefiri, Locres ",16.2368,38.2077,-750.0,60.0,1.0
-200,-175,1071,"Amphissa, Santo Onofrio ",16.413143,38.318166,-750.0,60.0,1.0
-200,-175,1072,"Kaulonia, Caulonia, Aulonia, Stilida",16.5787,38.4454,-750.0,60.0,1.0
-200,-175,1075,"Scylletium, Scolacium ",16.5952,38.8076,-550.0,60.0,1.0
-200,-175,1076,"Castra Hannibalis, Camp of Annibal ",16.713868,38.85776,-330.0,60.0,1.0
-200,-175,1078,,17.023685,38.903404,-330.0,60.0,1.0
-200,-175,1080,,17.16869,38.95411,-750.0,60.0,1.0
-200,-175,1082,"Kroton, Crotone, on R Aisaros",17.126348,39.085539,-750.0,60.0,1.0
-200,-175,1084,Krimisa?,17.140861,39.370149,-750.0,60.0,1.0
-200,-175,1085,"Temple of Apollo Alaeus, port of Aesarus ",17.1466,39.39654,-750.0,60.0,1.0
-200,-175,1087,,16.9617,39.496,-330.0,60.0,1.0
-200,-175,1088,"Sybaris ad Traeis, on R Traeis",16.771,39.59,-443.0,10.0,1.0
-200,-175,1090,"archaic Sybaris, on R Sybaris and R Crathis, Thourioi, Thurii, Copia",16.491191,39.717044,-720.0,20.0,1.0
-200,-175,1091,,16.538059,39.865106,-1500.0,100.0,1.0
-200,-175,1093,,16.60264,40.04726,-550.0,60.0,1.0
-200,-175,1095,,16.64197,40.15955,-330.0,60.0,1.0
-200,-175,1097,"Siris, on R Siris",16.6682,40.1658,-750.0,60.0,1.0
-200,-175,1098,"Heraclea, Heraclee ",16.67,40.22,-550.0,60.0,1.0
-200,-175,1098.0999999999999,,16.6642,40.2934,-1500.0,100.0,1.0
-200,-175,1099,"Metapontum, Metaponte",16.8352,40.3728,-750.0,60.0,1.0
-200,-175,1100,"Tarentum, Taras, Neptuna",17.228144,40.472032,-750.0,60.0,1.0
-200,-175,1103,"Satyrion, Saturnum ",17.30396,40.37282,-1500.0,100.0,1.0
-200,-175,1104,,17.50013,40.30372,-330.0,60.0,1.0
-200,-175,1105,Port Sasina ,17.896215,40.25706,-750.0,60.0,1.0
-200,-175,1106,Port of Neretum,17.983673,40.137046,-750.0,60.0,1.0
-200,-175,1107,"Kallipolis, Callipolis, Anxa ",17.979931,40.054413,-750.0,60.0,1.0
-200,-175,1109,,18.31,39.8138,-330.0,60.0,1.0
-200,-175,1110,"Portus Sallentinus, Leuke, near Iapygia Prom.",18.362675,39.792157,-750.0,60.0,1.0
-200,-175,1112,"Zancle, Zankle, Messana, Messene",15.560811,38.192865,-730.0,20.0,1.0
-200,-175,1113,,15.536584,38.145129,-750.0,60.0,1.0
-200,-175,1114,"Phoinix, Tamaricii, Palmae ",15.37,37.9438,-330.0,60.0,1.0
-200,-175,1115,,15.3078,37.878,-330.0,60.0,1.0
-200,-175,1116,Tauromenium ,15.302,37.848,-550.0,60.0,1.0
-200,-175,1117,"Naxos, Naxus ",15.2694,37.8239,-470.0,20.0,1.0
-200,-175,1118,"Archaic Naxos, near R Akesines",15.2694,37.8193,-734.0,10.0,1.0
-200,-175,1123,"Katane, Catina ",15.0873,37.5024,-750.0,60.0,1.0
-200,-175,1123.2,"Leontinoi, on R Terias",14.998,37.2855,-750.0,60.0,1.0
-200,-175,1124,,15.132834,37.310011,-750.0,60.0,1.0
-200,-175,1125.0999999999999,"Xiphoneos, Xiphonia, Xiphon",15.207,37.234,-330.0,60.0,1.0
-200,-175,1126,"Megara Hyblaea, on R Alabon",15.183741,37.205772,-750.0,60.0,1.0
-200,-175,1127,"Tapsus, Thapsos ",15.228473,37.145257,-1200.0,100.0,1.0
-200,-175,1128,"Leon, landing place of Athenian fleet in 414 BC",15.2615,37.1076,-4000.0,100.0,1.0
-200,-175,1132,"Syracuse, ""Large Port"", on the isle of Sikelia, Sicania, Trinacria, major Greek (Corinthian) settlement in Sicily",15.288,37.06,-733.0,10.0,1.0
-200,-175,1138,Portus Naustathamus?,15.214525,36.95611,-750.0,60.0,1.0
-200,-175,1140,"Helorus, Elorus, on R Helorus",15.1075,36.8422,-750.0,60.0,1.0
-200,-175,1141,Phoenicus portus ,15.0985,36.803,-330.0,60.0,1.0
-200,-175,1143,"Portus Pachino, Pachyno, Pachyni, Apollineum ",15.1385,36.6857,-330.0,60.0,1.0
-200,-175,1146,R Hirminum,14.594,36.771,-750.0,60.0,1.0
-200,-175,1148,"Kamarina, on R Hipparis",14.440957,36.866878,-598.0,10.0,1.0
-200,-175,1150,,14.3,37.032,-550.0,60.0,1.0
-200,-175,1152,"Gela, on R Gela",14.2583,37.063,-688.0,10.0,1.0
-200,-175,1154,,14.197,37.0842,-750.0,60.0,1.0
-200,-175,1155,"Port of Maktorion, Mactorium?",14.138661,37.100201,-750.0,60.0,1.0
-200,-175,1156,"Phintias, on R Himeras",13.9317,37.1,-330.0,60.0,1.0
-200,-175,1158,,13.881,37.102,-750.0,60.0,1.0
-200,-175,1160,,13.780019,37.144488,-750.0,60.0,1.0
-200,-175,1161,,13.695341,37.17957,-550.0,60.0,1.0
-200,-175,1162.0999999999999,,13.624,37.233,-1400.0,100.0,1.0
-200,-175,1163,"Agrakas, Akragas, Agrigentum, on R Hypsas",13.581,37.2687,-580.0,20.0,1.0
-200,-175,1166,"Heraclea Minoa, on R Halycus",13.28,37.3937,-750.0,60.0,1.0
-200,-175,1167,,13.256671,37.414943,-750.0,60.0,1.0
-200,-175,1169,"Selinus, Selinunt, Selinonte east port",12.8294,37.5845,-650.0,30.0,1.0
-200,-175,1170,"Selinus, Selinunt, Selinonte west port, on R Selinon",12.82116,37.5828,-650.0,30.0,1.0
-200,-175,1171,"Mazara, on R Mazara",12.587605,37.644211,-550.0,60.0,1.0
-200,-175,1172,"Lilybaion, Lilybee South port?",12.43,37.7937,-750.0,60.0,1.0
-200,-175,1173,"Lilybaion, Lilybee Main port",12.428115,37.808131,-750.0,60.0,1.0
-200,-175,1174,"Lilybaion, Lilybee North port?",12.443337,37.8124,-750.0,60.0,1.0
-200,-175,1176,"Motye, Motya",12.4646,37.8641,-750.0,60.0,1.0
-200,-175,1176.0999999999999,"Motye, Motya",12.4724,37.86902,-350.0,30.0,1.0
-200,-175,1176.2,"Motye, Motya",12.47,37.8715,-350.0,30.0,1.0
-200,-175,1177,"Aigousa insula, anchorage of Roman fleet before the famous battle of the Egadi Islands (10 March 241 BC), Odysseus' port of the Cyclops? ",12.322489,37.934044,-750.0,60.0,1.0
-200,-175,1179,"Maritima, Hieronesos, Hiera insula",12.077769,37.970422,-330.0,60.0,1.0
-200,-175,1180,"Bucinna, Phorbantia insula",12.321625,38.00168,-10000.0,100.0,1.0
-200,-175,1181,"Drepanum, Drepane ",12.502194,38.007961,-330.0,60.0,1.0
-200,-175,1182,"Port of Erix, Eryx, Erice, Carthaginian base camp during the famous battle of the Egadi Islands (10 March 241 BC)",12.58963,38.070435,-550.0,60.0,1.0
-200,-175,1182.0999999999999,,12.6801,38.1123,-250.0,30.0,1.0
-200,-175,1182.2,,12.736,38.186,-400.0,30.0,1.0
-200,-175,1182.3,,12.7692,38.1673,-400.0,30.0,1.0
-200,-175,1184,"Emporion Segestanon, Emporium of the Aegestes, port of Segesta, on R Crimisus",12.88,38.0295,-330.0,60.0,1.0
-200,-175,1184.0999999999999,,13.0791,38.1732,-400.0,30.0,1.0
-200,-175,1187,,13.182596,38.71968,-1500.0,100.0,1.0
-200,-175,1188.0999999999999,Pakonia?,13.23715,38.2079,-300.0,30.0,1.0
-200,-175,1189,"Panhormus, Panorme",13.368583,38.120398,-750.0,60.0,1.0
-200,-175,1190,"Solus, port of Solonte ",13.542862,38.081694,-750.0,60.0,1.0
-200,-175,1191,"Thermai, Thermae Himeraeae, on R Thermos",13.690394,37.993991,-550.0,60.0,1.0
-200,-175,1192,,13.7815,37.9743,-330.0,60.0,1.0
-200,-175,1193,"Himera, Himere, on R Himeras",13.8215,37.9683,-729.0,10.0,1.0
-200,-175,1195,"Cephaloedium, Cephalidium ",14.024107,38.043883,-550.0,60.0,1.0
-200,-175,1196,"Halaesa, on R Halaisos",14.263,37.998,-330.0,60.0,1.0
-200,-175,1197,"Kale Akte, Calate ",14.448292,38.036496,-550.0,60.0,1.0
-200,-175,1199,Agathyrnum ,14.752,38.164,-550.0,60.0,1.0
-200,-175,1202,"Egira, Erikodes, Ericusa Insula",14.351188,38.5428,-330.0,60.0,1.0
-200,-175,1203,"Celsina, Phoenicusa, Phoinikoussa insula",14.5883,38.5569,-1500.0,100.0,1.0
-200,-175,1204,Didyma insula,14.8696,38.5739,-1500.0,100.0,1.0
-200,-175,1205,"Lipara on Liparos insula, Meligounis nesos",14.9568,38.4717,-1500.0,100.0,1.0
-200,-175,1206,"Heraclea, Hiera Thermessa insula,  Hiera Hephaistou insula",14.966446,38.416361,-550.0,60.0,1.0
-200,-175,1207,"Aegina, Euonymus insula",15.0636,38.6256,-1500.0,100.0,1.0
-200,-175,1209,"Strongilos, Eolie, possibly Odysseus' stopover on the isle of Aeolos",15.244209,38.797457,-1500.0,100.0,1.0
-200,-175,1210,Tyndaris ,15.044,38.1433,-550.0,60.0,1.0
-200,-175,1212,"Myle, Mylae ",15.2428,38.2177,-750.0,60.0,1.0
-200,-175,1213,"Naulochos, Naulocha ",15.371783,38.22509,-330.0,60.0,1.0
-200,-175,1242,"Castrum Minerva, Port of Venus, Limen Aphrodites, Athenaion ",18.435411,40.011636,-550.0,60.0,1.0
-200,-175,1242.0999999999999,,18.4849,40.079,-330.0,60.0,1.0
-200,-175,1243,"Hydros, Hydruntum, Otrante ",18.490869,40.148182,-750.0,60.0,1.0
-200,-175,1243.0999999999999,,18.4732,40.1841,-330.0,60.0,1.0
-200,-175,1243.2,,18.431,40.277,-330.0,60.0,1.0
-200,-175,1244,Port Tarentin ,18.4263,40.2871,-1500.0,100.0,1.0
-200,-175,1245,,18.409136,40.301208,-750.0,60.0,1.0
-200,-175,1247,"Brindes, Brentesium, Brundisium, Bronduse",17.948953,40.641441,-750.0,60.0,1.0
-200,-175,1248,,17.8705,40.6875,-330.0,60.0,1.0
-200,-175,1249,,17.7983,40.7137,-750.0,60.0,1.0
-200,-175,1250.0999999999999,Karbina,17.6983,40.7596,-1500.0,100.0,1.0
-200,-175,1252,Gnathia ,17.391,40.8896,-750.0,60.0,1.0
-200,-175,1254,"Turris Caesaris, Neapolis ",17.2183,40.9975,-330.0,60.0,1.0
-200,-175,1257,,16.997139,41.090957,-750.0,60.0,1.0
-200,-175,1259,Natiolum ,16.669838,41.192824,-330.0,60.0,1.0
-200,-175,1262,Barduli ,16.287075,41.334436,-330.0,60.0,1.0
-200,-175,1263.0999999999999,,16.0811,41.3592,-1500.0,100.0,1.0
-200,-175,1264,San Vito ,16.03185,41.3848,-330.0,60.0,1.0
-200,-175,1267,,15.8378,41.519,-750.0,60.0,1.0
-200,-175,1268,"Coppa Nevigatta, on R Aquilo",15.8338,41.558,-5000.0,100.0,1.0
-200,-175,1270,"Sipous, Sipontum, Sipunte ",15.9221,41.617859,-330.0,60.0,1.0
-200,-175,1271,"Apanestae, Apeneste",16.06038,41.69375,-750.0,60.0,1.0
-200,-175,1274,"Portus Aggasus, Port Agasus ",16.183,41.885,-550.0,60.0,1.0
-200,-175,1277,"Hyria, Uria",15.83039,41.8821,-330.0,60.0,1.0
-200,-175,1284,,15.05334,41.93962,-750.0,60.0,1.0
-200,-175,1286,Buca?,14.9976,42.0066,-330.0,60.0,1.0
-200,-175,1288,"Histonium, Istonium ",14.7205,42.1188,-550.0,60.0,1.0
-200,-175,1289,Buca?,14.7125,42.172,-330.0,60.0,1.0
-200,-175,1291,"Gualdi, port of Anxanum ",14.4434,42.3103,-550.0,60.0,1.0
-200,-175,1292,"Orton, Hortona",14.4098,42.357,-330.0,60.0,1.0
-200,-175,1293,"Aternum, Ostia Aterni, on R Aternus",14.2118,42.4614,-330.0,60.0,1.0
-200,-175,1294.0999999999999,"Matrinus, port of Hatria, Adria at the outlet of R Matrinus",14.138,42.5332,-330.0,60.0,1.0
-200,-175,1296,"Castrum Novum, on R Batinus",13.971,42.7356,-330.0,60.0,1.0
-200,-175,1297,"Castrum Truentinum, Truentum, on R Truentinum",13.901,42.8908,-330.0,60.0,1.0
-200,-175,1298,Cupra Maritima,13.8534,43.034,-750.0,60.0,1.0
-200,-175,1299,"Castellum Firmanorum, port of Firmum Picenum, Etruscan Permu",13.8011,43.1605,-330.0,60.0,1.0
-200,-175,1301,"Potentia, near R Flosis",13.6711,43.4142,-330.0,60.0,1.0
-200,-175,1302,Numana ,13.628195,43.50729,-750.0,60.0,1.0
-200,-175,1305,"Sena Gallica, on R Sena",13.2185,43.7123,-330.0,60.0,1.0
-200,-175,1306,,13.175681,43.75246,-750.0,60.0,1.0
-200,-175,1308,Fanum Fortunae ,13.019325,43.858514,-330.0,60.0,1.0
-200,-175,1309,"Pisaurum, on R Pisaurus",12.92,43.9159,-550.0,60.0,1.0
-200,-175,1311,"Ariminum, Etruscan Arimna, Harimne, on R Ariminus & R Ausa",12.5739,44.0623,-550.0,60.0,1.0
-200,-175,1316,"Butrium, Budrium, port of Budrio ",12.14588,44.53989,-330.0,60.0,1.0
-200,-175,1319,"Pomposa, Etruscan Spina, at the outlet of R Padus",12.10256,44.6943,-750.0,60.0,1.0
-200,-175,1323,Hadriani ,12.17741,44.94566,-750.0,60.0,1.0
-200,-175,1326,"Atria, Etruscan Hatria ",12.067121,45.048536,-750.0,60.0,1.0
-200,-175,1339,Altinum ,12.4077,45.5428,-550.0,60.0,1.0
-200,-175,1345,"Eraclia, Port on R Anassum or Anaxum ",12.6573,45.6378,-1300.0,100.0,1.0
-200,-175,1347.1,,12.8872,45.6356,-1200.0,100.0,1.0
-200,-175,1348.1,,13.1286,45.7714,-1300.0,100.0,1.0
-200,-175,1348.2,,13.1542,45.7705,-1300.0,100.0,1.0
-200,-175,1349.1,,13.3203,45.7648,-1500.0,100.0,1.0
-200,-175,1351,"Aquileia, Aquilee, on ancient course of R Aesontius, Sontius, Isontius (ca. 50 m wide)",13.3695,45.7748,-200.0,30.0,0.7083333333333334
-200,-175,1354,Etruscan Tarcste,13.771666,45.649509,-330.0,60.0,1.0
-200,-175,1355,,13.844,45.606,-178.0,10.0,0.025
-175,-150,753,"Olbia, Roman port",9.5031,40.9275,-330.0,60.0,1.0
-175,-150,753.1,"Olbia, Punic port and Roman port",9.5057,40.9232,-750.0,60.0,1.0
-175,-150,756.1,Outlet of R Kaidris,9.734,40.373,-1500.0,100.0,1.0
-175,-150,757,"Sulcis, Sulpicius, Supicius ",9.706108,39.912462,-330.0,60.0,1.0
-175,-150,762,Caralitanum Prom.,9.516373,39.11649,-330.0,60.0,1.0
-175,-150,765,"Caralis, Carales, on R Sulcis",9.112387,39.211683,-750.0,60.0,1.0
-175,-150,766.1,,9.005325,39.095552,-1500.0,100.0,1.0
-175,-150,766.2,,9.0236,39.0619,-1500.0,100.0,1.0
-175,-150,767,Nora ,9.01444,38.987048,-750.0,60.0,1.0
-175,-150,768,Nora ,9.012555,38.984715,-750.0,60.0,1.0
-175,-150,769,Nora ,9.012066,38.988036,-750.0,60.0,1.0
-175,-150,770,"Bitia, Bithia, Bioea ",8.8849,38.8956,-750.0,60.0,1.0
-175,-150,778,"Sulcis, Solci (export of copper?)",8.462004,39.06534,-750.0,60.0,1.0
-175,-150,780,,8.4887,39.1774,-750.0,60.0,1.0
-175,-150,781,Metalla? ,8.5002,39.394,-500.0,30.0,1.0
-175,-150,781.1,,8.4601,39.5681,-7000.0,100.0,1.0
-175,-150,783,,8.60514,39.72744,-330.0,60.0,1.0
-175,-150,786,"Othaia, Othoca, on R Thyrsos",8.60849,39.86957,-750.0,60.0,1.0
-175,-150,786.1,,8.495,39.925,-4500.0,100.0,1.0
-175,-150,787,"Tarrai, Tharros, Tarrhos, Punic port",8.44,39.892,-750.0,60.0,1.0
-175,-150,787.1,"Tarrai, Tharros, Tarrhos, possible Nuragic port",8.4416,39.8789,-1500.0,100.0,1.0
-175,-150,788,"Tarrai, Tharros, Tarrhos",8.437959,39.859288,-750.0,60.0,1.0
-175,-150,788.1,,8.3936,39.9725,-1200.0,100.0,1.0
-175,-150,788.2,,8.3066,39.988,-1200.0,100.0,1.0
-175,-150,789,"Coracodes, Korakodes portus",8.409895,40.043873,-1200.0,100.0,1.0
-175,-150,790,"Cornus, Kornos",8.490364,40.087832,-330.0,60.0,1.0
-175,-150,791,"Bosa, on R Temos",8.469417,40.284535,-330.0,60.0,1.0
-175,-150,793,Nymphaeus portus ,8.189645,40.616568,-750.0,60.0,1.0
-175,-150,796,"Turris Libyssonis, Libisonis",8.3918,40.8368,-330.0,60.0,1.0
-175,-150,796.1,"Turris Libyssonis, Libisonis",8.3941,40.8391,-330.0,60.0,1.0
-175,-150,796.2,"Turris Libyssonis, Libisonis",8.4016,40.8392,-330.0,60.0,1.0
-175,-150,796.3,"Turris Libyssonis, Libisonis",8.4089,40.8389,-330.0,60.0,1.0
-175,-150,801,,9.1609,41.2404,-330.0,60.0,1.0
-175,-150,803,"Turublum Minus, Lamos?, Telepylos?, possible port of the Laestrygonians and stopover of Odysseus, near famous Arktou Akra Prom.",9.275693,41.199135,-1500.0,100.0,1.0
-175,-150,811.1,"Vintimilio plagia, Album Intermilium, Albintimilium",7.6252,43.7893,-550.0,60.0,1.0
-175,-150,818,"Albingauno, Albenganum ",8.2133,44.047,-550.0,60.0,1.0
-175,-150,823,"Savo, Vicus Virginis? ",8.479161,44.296439,-330.0,60.0,1.0
-175,-150,829,Genua,8.9284,44.411,-600.0,30.0,1.0
-175,-150,830,"archaic landing place of Genua, Etruscan Cainua?",8.94388,44.409,-1000.0,100.0,1.0
-175,-150,838,Antion ,9.546199,44.202859,-550.0,60.0,1.0
-175,-150,844,"Portus Lunae, Lune, Selene, Etruscan Luna, near R Macra  (export of white marble)",10.0152,44.0608,-330.0,60.0,1.0
-175,-150,847,,10.28083,43.87307,-750.0,60.0,1.0
-175,-150,848,,10.3602,43.83659,-330.0,60.0,1.0
-175,-150,849,,10.32724,43.76764,-750.0,60.0,1.0
-175,-150,850,,10.33555,43.73476,-750.0,60.0,1.0
-175,-150,851,"Port of Pise, Pisa, Etruscan Pisna, Peithusa, Pithsa, on ancient R Auser, near R Arnus",10.3862,43.7211,-550.0,60.0,1.0
-175,-150,853,,10.3934,43.6386,-5000.0,100.0,1.0
-175,-150,854,"Triturrita? Turrita? Near Portus Pisanus, Pisarum emporio, Liburnus Portus, Portus Herculis Liburni, Portus Labro, Etruscan Liburna",10.3343,43.5733,-5000.0,100.0,1.0
-175,-150,855,,10.4182,43.4022,-330.0,60.0,1.0
-175,-150,856,"Vadis, Vada Volaterrana ",10.44801,43.35981,-330.0,60.0,1.0
-175,-150,858.1,,10.531,43.099,-5000.0,100.0,1.0
-175,-150,859,"Populonio, Poplonium, Etruscan Fufluna, Pupluna",10.5014,42.9924,-750.0,60.0,1.0
-175,-150,860,"Falesia, Porto Falese ",10.559041,42.934297,-5000.0,100.0,1.0
-175,-150,861,,10.67991,42.9663,-330.0,60.0,1.0
-175,-150,862,Etruscan Fullona,10.757,42.917,-700.0,30.0,1.0
-175,-150,866,"Ilva, Aithalia, Ethalie ",10.273798,42.770152,-5000.0,100.0,1.0
-175,-150,867,"Argous portus, Argoos, ",10.329861,42.813066,-750.0,60.0,1.0
-175,-150,872,Planasia insula,10.082156,42.582969,-330.0,60.0,1.0
-175,-150,873,,10.09386,42.59297,-5000.0,100.0,1.0
-175,-150,880.1,,11.173,42.431,-1000.0,100.0,1.0
-175,-150,884.1,,10.922725,42.3593,-330.0,60.0,1.0
-175,-150,885,Oglasa insula,10.309211,42.331958,-5000.0,100.0,1.0
-175,-150,886,"Portu Herculis, Port of Hercules",11.2086,42.3912,-330.0,60.0,1.0
-175,-150,888.1,,11.2774,42.4201,-1000.0,100.0,1.0
-175,-150,891,"Cosa, Cossae, Portus Herculis Cosanus, Etruscan Cusi, Cuthi",11.293827,42.40709,-330.0,60.0,1.0
-175,-150,893,"Regis, Regae ",11.6041,42.3122,-750.0,60.0,1.0
-175,-150,896,"Graviscae, port of Tarquinia, Etruscan Tarchuna, Tarchna, possible first settlement of Etruscan people",11.7066,42.2144,-750.0,60.0,1.0
-175,-150,902.1,,11.8243,42.0446,-500.0,30.0,1.0
-175,-150,903,"Castrum Novum (port of Caere, Coere, Agylla), Etruscan port",11.8305,42.0383,-287.0,10.0,1.0
-175,-150,904.1,Punicum ,11.8715,42.035,-330.0,60.0,1.0
-175,-150,906,"Pyrgoi, Pyrgi (also called The Towers), port of Agylle, Caere, Etruscan Chaire, Caisra, Cisra",11.9565,42.0152,-750.0,60.0,1.0
-175,-150,906.1,"Pyrgoi, Pyrgi (also called The Towers), port of Agylle, Caere, Etruscan Chaire, Caisra, Cisra",11.9604,42.015,-750.0,60.0,1.0
-175,-150,906.2,Etruscan submerged structure,11.977,41.9957,-750.0,60.0,1.0
-175,-150,909,"Alsium, port of Agylla, Caere, Coere, Etruscan Chaire, Caisra",12.100837,41.932961,-750.0,60.0,1.0
-175,-150,910,,12.1253,41.9271,-330.0,60.0,1.0
-175,-150,911,,12.1424,41.9128,-330.0,60.0,1.0
-175,-150,912,"Fregenae, Etruscan Ficrine",12.18341,41.853058,-330.0,60.0,1.0
-175,-150,916,"Ostia, port of Rome",12.279848,41.75343,-640.0,20.0,1.0
-175,-150,917,Ostia,12.290905,41.75752,-750.0,60.0,1.0
-175,-150,921,Ficana,12.35306,41.80187,-750.0,60.0,1.0
-175,-150,922,Portus Vicus Alexandri,12.471443,41.847394,-330.0,60.0,1.0
-175,-150,930,"Portus Tiberinus, near Pons Aemilius, oldest archaic port of Rome, close to Foro Romano and Horrea Agrippiana",12.4809,41.8892,-753.0,10.0,1.0
-175,-150,935,Troia?,12.4685,41.6137,-550.0,60.0,1.0
-175,-150,938,Castrum Inui,12.5113,41.5803,-750.0,60.0,1.0
-175,-150,943,"Antium, Nero's port, Etruscan Anth? Caenon?",12.628393,41.442702,-750.0,60.0,1.0
-175,-150,949,"Astura, Storas, on R Astura",12.767198,41.407351,-330.0,60.0,1.0
-175,-150,951,Ad Turres Albas ,12.91288,41.375768,-330.0,60.0,1.0
-175,-150,953,"Port of Circei, Circe, Eea, Aeaea, Aiaia, Aia insula?, possible stopover for Odysseus",13.04425,41.253072,-330.0,60.0,1.0
-175,-150,954,"Circei, Circaeum Prom., Kirkaion, outlet of Nero's Fossa Augusta",13.1052,41.2405,-550.0,60.0,1.0
-175,-150,955,"Terracina, Tarracina, Anxur, Etruscan Tarchna, Tarkina",13.2545,41.286,-500.0,30.0,1.0
-175,-150,956,Fundi,13.42926,41.35738,-330.0,60.0,1.0
-175,-150,957,Pontia insula,12.964786,40.894781,-750.0,60.0,1.0
-175,-150,962,"Caiete, Caieta, Caeatas, Aeete, Etruscan Caithi",13.586,41.211,-330.0,60.0,1.0
-175,-150,964,"Formiae, Formies, Hormies ",13.6057,41.253,-330.0,60.0,1.0
-175,-150,966,,13.675,41.2479,-330.0,60.0,1.0
-175,-150,967,Pyrae?,13.703677,41.250662,-330.0,60.0,1.0
-175,-150,968,"Minturnae, on via Appia, with Pons Tirenus bridge on R Liris",13.7709,41.241,-296.0,10.0,1.0
-175,-150,968.1,"Marica temple, sea-port of Minturnae",13.7645,41.2265,-700.0,30.0,1.0
-175,-150,969,,13.8408,41.15847,-330.0,60.0,1.0
-175,-150,970,"Sinuessa, Sinuesa, Sinope",13.85,41.14944,-550.0,60.0,1.0
-175,-150,972,Aquae Sinuessanae & Pagus Sarclanus?,13.9125,41.1228,-330.0,60.0,1.0
-175,-150,973,"Volturnum, on R Vulturnus",13.92,41.0186,-550.0,60.0,1.0
-175,-150,974,"Liternum, Linternum, port of the Osci, Oskoi, Osques, Opici, Aurunci, Ausones",14.029903,40.921334,-330.0,60.0,1.0
-175,-150,975,"Cumae, Cumes, Kyme",14.051265,40.846657,-750.0,60.0,1.0
-175,-150,977,"Pithekoussai, Pithecusae, Etruscan Inarime, first Greek (Euboian) settlement in Italy",13.885913,40.754297,-750.0,60.0,1.0
-175,-150,978,,13.879064,40.696687,-700.0,30.0,1.0
-175,-150,978.1,"Procita, Prochyta insula",14.016731,40.759068,-700.0,30.0,1.0
-175,-150,978.2,,13.992,40.74,-1500.0,100.0,1.0
-175,-150,991,"Puteoli, Dikaiarcheia, Dicearque, Flavia Colonia Augusta Puteoli, Delus Minor, in the Campi Phlegraei volcano district",14.1154,40.8216,-750.0,60.0,1.0
-175,-150,997,"Parthenope, Neapolis",14.2522,40.8398,-750.0,60.0,1.0
-175,-150,997.1,Neapolis ,14.25462,40.83927,-600.0,30.0,1.0
-175,-150,998,Neapolis ,14.2524,40.83926,-600.0,30.0,1.0
-175,-150,999.1,"Herculaneum, Etruscan Herclena",14.35,40.7998,-550.0,60.0,1.0
-175,-150,1001,Oplontis ,14.4525,40.75755,-330.0,60.0,1.0
-175,-150,1002,"Pompeia, Porta Marina, Etruscan Pumpai",14.48226,40.74893,-750.0,60.0,1.0
-175,-150,1002.1,"Pompeia, Porta Stabia, Etruscan Pumpai",14.4908,40.7473,-750.0,60.0,1.0
-175,-150,1003,Stabiae ,14.4926,40.69976,-330.0,60.0,1.0
-175,-150,1004,Aequana ,14.4215,40.6617,-750.0,60.0,1.0
-175,-150,1005,,14.402715,40.645818,-550.0,60.0,1.0
-175,-150,1006,"Surrentum, Etruscan Irnthi",14.3698,40.6279,-330.0,60.0,1.0
-175,-150,1009,"Capraria, Capreae insula",14.236593,40.557685,-550.0,60.0,1.0
-175,-150,1013.1,"Seirenoussai nesoi, Anthemoessa insulae, Anthemuse, possible Siren islands, no stopover for Odysseus",14.43365,40.5825,-750.0,60.0,1.0
-175,-150,1017,Vietri ,14.713068,40.657725,-750.0,60.0,1.0
-175,-150,1019,,14.94346,40.5352,-750.0,60.0,1.0
-175,-150,1020,Portus Alburnus ,14.969769,40.488629,-330.0,60.0,1.0
-175,-150,1021,"Poseïdonia, Posidonia, Paestum, on R Silarus",14.992,40.415,-750.0,60.0,1.0
-175,-150,1022,,14.990506,40.358318,-550.0,60.0,1.0
-175,-150,1024,"Velia, Elea, Portus Velinus, Hyele, near R Hales",15.157,40.1602,-535.0,10.0,1.0
-175,-150,1025,Palinurus ,15.282234,40.035658,-750.0,60.0,1.0
-175,-150,1026,"Oenotrides insulae, Molpa ",15.294659,40.026788,-750.0,60.0,1.0
-175,-150,1027,"Pyxus, near Buxentum Prom.",15.516403,40.065378,-470.0,20.0,1.0
-175,-150,1028,Scidrus ,15.6222,40.07218,-330.0,60.0,1.0
-175,-150,1031,Blanda ,15.756465,39.913511,-330.0,60.0,1.0
-175,-150,1032,,15.781146,39.81781,-750.0,60.0,1.0
-175,-150,1033,"Laos, Laus ",15.789572,39.775272,-750.0,60.0,1.0
-175,-150,1034,"Cerillea, Cerilli ",15.804176,39.709009,-330.0,60.0,1.0
-175,-150,1035,,15.848026,39.613783,-330.0,60.0,1.0
-175,-150,1036,,15.945789,39.491704,-550.0,60.0,1.0
-175,-150,1037,Port of Pandosia,16.042302,39.301273,-550.0,60.0,1.0
-175,-150,1038,"Klampeteia, Clampetia ",16.065528,39.127809,-330.0,60.0,1.0
-175,-150,1039,"Temesa, Temese, Tempsa, on R Sabutus",16.094554,39.027944,-750.0,60.0,1.0
-175,-150,1040,,16.15407,38.98683,-330.0,60.0,1.0
-175,-150,1041,Terina ,16.2389,38.9448,-550.0,60.0,1.0
-175,-150,1047.3,,15.9718,38.7135,-1500.0,100.0,1.0
-175,-150,1049,,15.921,38.545,-750.0,60.0,1.0
-175,-150,1051,Emporion,15.95941,38.49277,-330.0,60.0,1.0
-175,-150,1052,"Medma, Mesma",15.9882,38.4821,-750.0,60.0,1.0
-175,-150,1053,"Port at the outlet of R Metaurus, Metaure ",15.871137,38.421553,-750.0,60.0,1.0
-175,-150,1054,Taurianum ,15.86494,38.39426,-330.0,60.0,1.0
-175,-150,1058,"Scyllaeum, Scylla, in front of Charybdis in Sicily, both Planktes insulae, where Odysseus possibly sailed",15.715,38.259,-750.0,60.0,1.0
-175,-150,1059,Kainys ,15.6354,38.2322,-550.0,60.0,1.0
-175,-150,1061,"Rhegium, Rhegion",15.634658,38.109425,-740.0,20.0,1.0
-175,-150,1064,Scyle ,15.92,37.928,-330.0,60.0,1.0
-175,-150,1068,Altanum? ,16.177826,38.141495,-550.0,60.0,1.0
-175,-150,1069,"Lokroi Epizephyrioi, Locri Epizefiri, Locres ",16.2368,38.2077,-750.0,60.0,1.0
-175,-150,1071,"Amphissa, Santo Onofrio ",16.413143,38.318166,-750.0,60.0,1.0
-175,-150,1072,"Kaulonia, Caulonia, Aulonia, Stilida",16.5787,38.4454,-750.0,60.0,1.0
-175,-150,1075,"Scylletium, Scolacium ",16.5952,38.8076,-550.0,60.0,1.0
-175,-150,1076,"Castra Hannibalis, Camp of Annibal ",16.713868,38.85776,-330.0,60.0,1.0
-175,-150,1078,,17.023685,38.903404,-330.0,60.0,1.0
-175,-150,1080,,17.16869,38.95411,-750.0,60.0,1.0
-175,-150,1082,"Kroton, Crotone, on R Aisaros",17.126348,39.085539,-750.0,60.0,1.0
-175,-150,1084,Krimisa?,17.140861,39.370149,-750.0,60.0,1.0
-175,-150,1085,"Temple of Apollo Alaeus, port of Aesarus ",17.1466,39.39654,-750.0,60.0,1.0
-175,-150,1087,,16.9617,39.496,-330.0,60.0,1.0
-175,-150,1088,"Sybaris ad Traeis, on R Traeis",16.771,39.59,-443.0,10.0,1.0
-175,-150,1090,"archaic Sybaris, on R Sybaris and R Crathis, Thourioi, Thurii, Copia",16.491191,39.717044,-720.0,20.0,1.0
-175,-150,1091,,16.538059,39.865106,-1500.0,100.0,1.0
-175,-150,1093,,16.60264,40.04726,-550.0,60.0,1.0
-175,-150,1095,,16.64197,40.15955,-330.0,60.0,1.0
-175,-150,1097,"Siris, on R Siris",16.6682,40.1658,-750.0,60.0,1.0
-175,-150,1098,"Heraclea, Heraclee ",16.67,40.22,-550.0,60.0,1.0
-175,-150,1098.0999999999999,,16.6642,40.2934,-1500.0,100.0,1.0
-175,-150,1099,"Metapontum, Metaponte",16.8352,40.3728,-750.0,60.0,1.0
-175,-150,1100,"Tarentum, Taras, Neptuna",17.228144,40.472032,-750.0,60.0,1.0
-175,-150,1103,"Satyrion, Saturnum ",17.30396,40.37282,-1500.0,100.0,1.0
-175,-150,1104,,17.50013,40.30372,-330.0,60.0,1.0
-175,-150,1105,Port Sasina ,17.896215,40.25706,-750.0,60.0,1.0
-175,-150,1106,Port of Neretum,17.983673,40.137046,-750.0,60.0,1.0
-175,-150,1107,"Kallipolis, Callipolis, Anxa ",17.979931,40.054413,-750.0,60.0,1.0
-175,-150,1109,,18.31,39.8138,-330.0,60.0,1.0
-175,-150,1110,"Portus Sallentinus, Leuke, near Iapygia Prom.",18.362675,39.792157,-750.0,60.0,1.0
-175,-150,1112,"Zancle, Zankle, Messana, Messene",15.560811,38.192865,-730.0,20.0,1.0
-175,-150,1113,,15.536584,38.145129,-750.0,60.0,1.0
-175,-150,1114,"Phoinix, Tamaricii, Palmae ",15.37,37.9438,-330.0,60.0,1.0
-175,-150,1115,,15.3078,37.878,-330.0,60.0,1.0
-175,-150,1116,Tauromenium ,15.302,37.848,-550.0,60.0,1.0
-175,-150,1117,"Naxos, Naxus ",15.2694,37.8239,-470.0,20.0,1.0
-175,-150,1118,"Archaic Naxos, near R Akesines",15.2694,37.8193,-734.0,10.0,1.0
-175,-150,1123,"Katane, Catina ",15.0873,37.5024,-750.0,60.0,1.0
-175,-150,1123.2,"Leontinoi, on R Terias",14.998,37.2855,-750.0,60.0,1.0
-175,-150,1124,,15.132834,37.310011,-750.0,60.0,1.0
-175,-150,1125.0999999999999,"Xiphoneos, Xiphonia, Xiphon",15.207,37.234,-330.0,60.0,1.0
-175,-150,1126,"Megara Hyblaea, on R Alabon",15.183741,37.205772,-750.0,60.0,1.0
-175,-150,1127,"Tapsus, Thapsos ",15.228473,37.145257,-1200.0,100.0,1.0
-175,-150,1128,"Leon, landing place of Athenian fleet in 414 BC",15.2615,37.1076,-4000.0,100.0,1.0
-175,-150,1132,"Syracuse, ""Large Port"", on the isle of Sikelia, Sicania, Trinacria, major Greek (Corinthian) settlement in Sicily",15.288,37.06,-733.0,10.0,1.0
-175,-150,1138,Portus Naustathamus?,15.214525,36.95611,-750.0,60.0,1.0
-175,-150,1140,"Helorus, Elorus, on R Helorus",15.1075,36.8422,-750.0,60.0,1.0
-175,-150,1141,Phoenicus portus ,15.0985,36.803,-330.0,60.0,1.0
-175,-150,1143,"Portus Pachino, Pachyno, Pachyni, Apollineum ",15.1385,36.6857,-330.0,60.0,1.0
-175,-150,1146,R Hirminum,14.594,36.771,-750.0,60.0,1.0
-175,-150,1148,"Kamarina, on R Hipparis",14.440957,36.866878,-598.0,10.0,1.0
-175,-150,1150,,14.3,37.032,-550.0,60.0,1.0
-175,-150,1152,"Gela, on R Gela",14.2583,37.063,-688.0,10.0,1.0
-175,-150,1154,,14.197,37.0842,-750.0,60.0,1.0
-175,-150,1155,"Port of Maktorion, Mactorium?",14.138661,37.100201,-750.0,60.0,1.0
-175,-150,1156,"Phintias, on R Himeras",13.9317,37.1,-330.0,60.0,1.0
-175,-150,1158,,13.881,37.102,-750.0,60.0,1.0
-175,-150,1160,,13.780019,37.144488,-750.0,60.0,1.0
-175,-150,1161,,13.695341,37.17957,-550.0,60.0,1.0
-175,-150,1162.0999999999999,,13.624,37.233,-1400.0,100.0,1.0
-175,-150,1163,"Agrakas, Akragas, Agrigentum, on R Hypsas",13.581,37.2687,-580.0,20.0,1.0
-175,-150,1166,"Heraclea Minoa, on R Halycus",13.28,37.3937,-750.0,60.0,1.0
-175,-150,1167,,13.256671,37.414943,-750.0,60.0,1.0
-175,-150,1169,"Selinus, Selinunt, Selinonte east port",12.8294,37.5845,-650.0,30.0,1.0
-175,-150,1170,"Selinus, Selinunt, Selinonte west port, on R Selinon",12.82116,37.5828,-650.0,30.0,1.0
-175,-150,1171,"Mazara, on R Mazara",12.587605,37.644211,-550.0,60.0,1.0
-175,-150,1172,"Lilybaion, Lilybee South port?",12.43,37.7937,-750.0,60.0,1.0
-175,-150,1173,"Lilybaion, Lilybee Main port",12.428115,37.808131,-750.0,60.0,1.0
-175,-150,1174,"Lilybaion, Lilybee North port?",12.443337,37.8124,-750.0,60.0,1.0
-175,-150,1176,"Motye, Motya",12.4646,37.8641,-750.0,60.0,1.0
-175,-150,1176.0999999999999,"Motye, Motya",12.4724,37.86902,-350.0,30.0,1.0
-175,-150,1176.2,"Motye, Motya",12.47,37.8715,-350.0,30.0,1.0
-175,-150,1177,"Aigousa insula, anchorage of Roman fleet before the famous battle of the Egadi Islands (10 March 241 BC), Odysseus' port of the Cyclops? ",12.322489,37.934044,-750.0,60.0,1.0
-175,-150,1179,"Maritima, Hieronesos, Hiera insula",12.077769,37.970422,-330.0,60.0,1.0
-175,-150,1180,"Bucinna, Phorbantia insula",12.321625,38.00168,-10000.0,100.0,1.0
-175,-150,1181,"Drepanum, Drepane ",12.502194,38.007961,-330.0,60.0,1.0
-175,-150,1182,"Port of Erix, Eryx, Erice, Carthaginian base camp during the famous battle of the Egadi Islands (10 March 241 BC)",12.58963,38.070435,-550.0,60.0,1.0
-175,-150,1182.0999999999999,,12.6801,38.1123,-250.0,30.0,1.0
-175,-150,1182.2,,12.736,38.186,-400.0,30.0,1.0
-175,-150,1182.3,,12.7692,38.1673,-400.0,30.0,1.0
-175,-150,1184,"Emporion Segestanon, Emporium of the Aegestes, port of Segesta, on R Crimisus",12.88,38.0295,-330.0,60.0,1.0
-175,-150,1184.0999999999999,,13.0791,38.1732,-400.0,30.0,1.0
-175,-150,1187,,13.182596,38.71968,-1500.0,100.0,1.0
-175,-150,1188.0999999999999,Pakonia?,13.23715,38.2079,-300.0,30.0,1.0
-175,-150,1189,"Panhormus, Panorme",13.368583,38.120398,-750.0,60.0,1.0
-175,-150,1190,"Solus, port of Solonte ",13.542862,38.081694,-750.0,60.0,1.0
-175,-150,1191,"Thermai, Thermae Himeraeae, on R Thermos",13.690394,37.993991,-550.0,60.0,1.0
-175,-150,1192,,13.7815,37.9743,-330.0,60.0,1.0
-175,-150,1193,"Himera, Himere, on R Himeras",13.8215,37.9683,-729.0,10.0,1.0
-175,-150,1195,"Cephaloedium, Cephalidium ",14.024107,38.043883,-550.0,60.0,1.0
-175,-150,1196,"Halaesa, on R Halaisos",14.263,37.998,-330.0,60.0,1.0
-175,-150,1197,"Kale Akte, Calate ",14.448292,38.036496,-550.0,60.0,1.0
-175,-150,1199,Agathyrnum ,14.752,38.164,-550.0,60.0,1.0
-175,-150,1202,"Egira, Erikodes, Ericusa Insula",14.351188,38.5428,-330.0,60.0,1.0
-175,-150,1203,"Celsina, Phoenicusa, Phoinikoussa insula",14.5883,38.5569,-1500.0,100.0,1.0
-175,-150,1204,Didyma insula,14.8696,38.5739,-1500.0,100.0,1.0
-175,-150,1205,"Lipara on Liparos insula, Meligounis nesos",14.9568,38.4717,-1500.0,100.0,1.0
-175,-150,1206,"Heraclea, Hiera Thermessa insula,  Hiera Hephaistou insula",14.966446,38.416361,-550.0,60.0,1.0
-175,-150,1207,"Aegina, Euonymus insula",15.0636,38.6256,-1500.0,100.0,1.0
-175,-150,1209,"Strongilos, Eolie, possibly Odysseus' stopover on the isle of Aeolos",15.244209,38.797457,-1500.0,100.0,1.0
-175,-150,1210,Tyndaris ,15.044,38.1433,-550.0,60.0,1.0
-175,-150,1212,"Myle, Mylae ",15.2428,38.2177,-750.0,60.0,1.0
-175,-150,1213,"Naulochos, Naulocha ",15.371783,38.22509,-330.0,60.0,1.0
-175,-150,1242,"Castrum Minerva, Port of Venus, Limen Aphrodites, Athenaion ",18.435411,40.011636,-550.0,60.0,1.0
-175,-150,1242.0999999999999,,18.4849,40.079,-330.0,60.0,1.0
-175,-150,1243,"Hydros, Hydruntum, Otrante ",18.490869,40.148182,-750.0,60.0,1.0
-175,-150,1243.0999999999999,,18.4732,40.1841,-330.0,60.0,1.0
-175,-150,1243.2,,18.431,40.277,-330.0,60.0,1.0
-175,-150,1244,Port Tarentin ,18.4263,40.2871,-1500.0,100.0,1.0
-175,-150,1245,,18.409136,40.301208,-750.0,60.0,1.0
-175,-150,1247,"Brindes, Brentesium, Brundisium, Bronduse",17.948953,40.641441,-750.0,60.0,1.0
-175,-150,1248,,17.8705,40.6875,-330.0,60.0,1.0
-175,-150,1249,,17.7983,40.7137,-750.0,60.0,1.0
-175,-150,1250.0999999999999,Karbina,17.6983,40.7596,-1500.0,100.0,1.0
-175,-150,1252,Gnathia ,17.391,40.8896,-750.0,60.0,1.0
-175,-150,1254,"Turris Caesaris, Neapolis ",17.2183,40.9975,-330.0,60.0,1.0
-175,-150,1257,,16.997139,41.090957,-750.0,60.0,1.0
-175,-150,1259,Natiolum ,16.669838,41.192824,-330.0,60.0,1.0
-175,-150,1262,Barduli ,16.287075,41.334436,-330.0,60.0,1.0
-175,-150,1263.0999999999999,,16.0811,41.3592,-1500.0,100.0,1.0
-175,-150,1264,San Vito ,16.03185,41.3848,-330.0,60.0,1.0
-175,-150,1267,,15.8378,41.519,-750.0,60.0,1.0
-175,-150,1268,"Coppa Nevigatta, on R Aquilo",15.8338,41.558,-5000.0,100.0,1.0
-175,-150,1270,"Sipous, Sipontum, Sipunte ",15.9221,41.617859,-330.0,60.0,1.0
-175,-150,1271,"Apanestae, Apeneste",16.06038,41.69375,-750.0,60.0,1.0
-175,-150,1274,"Portus Aggasus, Port Agasus ",16.183,41.885,-550.0,60.0,1.0
-175,-150,1277,"Hyria, Uria",15.83039,41.8821,-330.0,60.0,1.0
-175,-150,1284,,15.05334,41.93962,-750.0,60.0,1.0
-175,-150,1286,Buca?,14.9976,42.0066,-330.0,60.0,1.0
-175,-150,1288,"Histonium, Istonium ",14.7205,42.1188,-550.0,60.0,1.0
-175,-150,1289,Buca?,14.7125,42.172,-330.0,60.0,1.0
-175,-150,1291,"Gualdi, port of Anxanum ",14.4434,42.3103,-550.0,60.0,1.0
-175,-150,1292,"Orton, Hortona",14.4098,42.357,-330.0,60.0,1.0
-175,-150,1293,"Aternum, Ostia Aterni, on R Aternus",14.2118,42.4614,-330.0,60.0,1.0
-175,-150,1294.0999999999999,"Matrinus, port of Hatria, Adria at the outlet of R Matrinus",14.138,42.5332,-330.0,60.0,1.0
-175,-150,1296,"Castrum Novum, on R Batinus",13.971,42.7356,-330.0,60.0,1.0
-175,-150,1297,"Castrum Truentinum, Truentum, on R Truentinum",13.901,42.8908,-330.0,60.0,1.0
-175,-150,1298,Cupra Maritima,13.8534,43.034,-750.0,60.0,1.0
-175,-150,1299,"Castellum Firmanorum, port of Firmum Picenum, Etruscan Permu",13.8011,43.1605,-330.0,60.0,1.0
-175,-150,1301,"Potentia, near R Flosis",13.6711,43.4142,-330.0,60.0,1.0
-175,-150,1302,Numana ,13.628195,43.50729,-750.0,60.0,1.0
-175,-150,1305,"Sena Gallica, on R Sena",13.2185,43.7123,-330.0,60.0,1.0
-175,-150,1306,,13.175681,43.75246,-750.0,60.0,1.0
-175,-150,1308,Fanum Fortunae ,13.019325,43.858514,-330.0,60.0,1.0
-175,-150,1309,"Pisaurum, on R Pisaurus",12.92,43.9159,-550.0,60.0,1.0
-175,-150,1311,"Ariminum, Etruscan Arimna, Harimne, on R Ariminus & R Ausa",12.5739,44.0623,-550.0,60.0,1.0
-175,-150,1316,"Butrium, Budrium, port of Budrio ",12.14588,44.53989,-330.0,60.0,1.0
-175,-150,1319,"Pomposa, Etruscan Spina, at the outlet of R Padus",12.10256,44.6943,-750.0,60.0,1.0
-175,-150,1323,Hadriani ,12.17741,44.94566,-750.0,60.0,1.0
-175,-150,1326,"Atria, Etruscan Hatria ",12.067121,45.048536,-750.0,60.0,1.0
-175,-150,1339,Altinum ,12.4077,45.5428,-550.0,60.0,1.0
-175,-150,1345,"Eraclia, Port on R Anassum or Anaxum ",12.6573,45.6378,-1300.0,100.0,1.0
-175,-150,1347.1,,12.8872,45.6356,-1200.0,100.0,1.0
-175,-150,1348.1,,13.1286,45.7714,-1300.0,100.0,1.0
-175,-150,1348.2,,13.1542,45.7705,-1300.0,100.0,1.0
-175,-150,1349.1,,13.3203,45.7648,-1500.0,100.0,1.0
-175,-150,1351,"Aquileia, Aquilee, on ancient course of R Aesontius, Sontius, Isontius (ca. 50 m wide)",13.3695,45.7748,-200.0,30.0,1.0
-175,-150,1354,Etruscan Tarcste,13.771666,45.649509,-330.0,60.0,1.0
-175,-150,1355,,13.844,45.606,-178.0,10.0,1.0
-150,-125,753,"Olbia, Roman port",9.5031,40.9275,-330.0,60.0,1.0
-150,-125,753.1,"Olbia, Punic port and Roman port",9.5057,40.9232,-750.0,60.0,1.0
-150,-125,756.1,Outlet of R Kaidris,9.734,40.373,-1500.0,100.0,1.0
-150,-125,757,"Sulcis, Sulpicius, Supicius ",9.706108,39.912462,-330.0,60.0,1.0
-150,-125,762,Caralitanum Prom.,9.516373,39.11649,-330.0,60.0,1.0
-150,-125,765,"Caralis, Carales, on R Sulcis",9.112387,39.211683,-750.0,60.0,1.0
-150,-125,766.1,,9.005325,39.095552,-1500.0,100.0,1.0
-150,-125,766.2,,9.0236,39.0619,-1500.0,100.0,1.0
-150,-125,767,Nora ,9.01444,38.987048,-750.0,60.0,1.0
-150,-125,768,Nora ,9.012555,38.984715,-750.0,60.0,1.0
-150,-125,769,Nora ,9.012066,38.988036,-750.0,60.0,1.0
-150,-125,770,"Bitia, Bithia, Bioea ",8.8849,38.8956,-750.0,60.0,1.0
-150,-125,778,"Sulcis, Solci (export of copper?)",8.462004,39.06534,-750.0,60.0,1.0
-150,-125,780,,8.4887,39.1774,-750.0,60.0,1.0
-150,-125,781,Metalla? ,8.5002,39.394,-500.0,30.0,1.0
-150,-125,781.1,,8.4601,39.5681,-7000.0,100.0,1.0
-150,-125,783,,8.60514,39.72744,-330.0,60.0,1.0
-150,-125,786,"Othaia, Othoca, on R Thyrsos",8.60849,39.86957,-750.0,60.0,1.0
-150,-125,786.1,,8.495,39.925,-4500.0,100.0,1.0
-150,-125,787,"Tarrai, Tharros, Tarrhos, Punic port",8.44,39.892,-750.0,60.0,1.0
-150,-125,787.1,"Tarrai, Tharros, Tarrhos, possible Nuragic port",8.4416,39.8789,-1500.0,100.0,1.0
-150,-125,788,"Tarrai, Tharros, Tarrhos",8.437959,39.859288,-750.0,60.0,1.0
-150,-125,788.1,,8.3936,39.9725,-1200.0,100.0,1.0
-150,-125,788.2,,8.3066,39.988,-1200.0,100.0,1.0
-150,-125,789,"Coracodes, Korakodes portus",8.409895,40.043873,-1200.0,100.0,1.0
-150,-125,790,"Cornus, Kornos",8.490364,40.087832,-330.0,60.0,1.0
-150,-125,791,"Bosa, on R Temos",8.469417,40.284535,-330.0,60.0,1.0
-150,-125,793,Nymphaeus portus ,8.189645,40.616568,-750.0,60.0,1.0
-150,-125,796,"Turris Libyssonis, Libisonis",8.3918,40.8368,-330.0,60.0,1.0
-150,-125,796.1,"Turris Libyssonis, Libisonis",8.3941,40.8391,-330.0,60.0,1.0
-150,-125,796.2,"Turris Libyssonis, Libisonis",8.4016,40.8392,-330.0,60.0,1.0
-150,-125,796.3,"Turris Libyssonis, Libisonis",8.4089,40.8389,-330.0,60.0,1.0
-150,-125,801,,9.1609,41.2404,-330.0,60.0,1.0
-150,-125,803,"Turublum Minus, Lamos?, Telepylos?, possible port of the Laestrygonians and stopover of Odysseus, near famous Arktou Akra Prom.",9.275693,41.199135,-1500.0,100.0,1.0
-150,-125,811.1,"Vintimilio plagia, Album Intermilium, Albintimilium",7.6252,43.7893,-550.0,60.0,1.0
-150,-125,818,"Albingauno, Albenganum ",8.2133,44.047,-550.0,60.0,1.0
-150,-125,823,"Savo, Vicus Virginis? ",8.479161,44.296439,-330.0,60.0,1.0
-150,-125,829,Genua,8.9284,44.411,-600.0,30.0,1.0
-150,-125,830,"archaic landing place of Genua, Etruscan Cainua?",8.94388,44.409,-1000.0,100.0,1.0
-150,-125,838,Antion ,9.546199,44.202859,-550.0,60.0,1.0
-150,-125,844,"Portus Lunae, Lune, Selene, Etruscan Luna, near R Macra  (export of white marble)",10.0152,44.0608,-330.0,60.0,1.0
-150,-125,847,,10.28083,43.87307,-750.0,60.0,1.0
-150,-125,848,,10.3602,43.83659,-330.0,60.0,1.0
-150,-125,849,,10.32724,43.76764,-750.0,60.0,1.0
-150,-125,850,,10.33555,43.73476,-750.0,60.0,1.0
-150,-125,851,"Port of Pise, Pisa, Etruscan Pisna, Peithusa, Pithsa, on ancient R Auser, near R Arnus",10.3862,43.7211,-550.0,60.0,1.0
-150,-125,853,,10.3934,43.6386,-5000.0,100.0,1.0
-150,-125,854,"Triturrita? Turrita? Near Portus Pisanus, Pisarum emporio, Liburnus Portus, Portus Herculis Liburni, Portus Labro, Etruscan Liburna",10.3343,43.5733,-5000.0,100.0,1.0
-150,-125,855,,10.4182,43.4022,-330.0,60.0,1.0
-150,-125,856,"Vadis, Vada Volaterrana ",10.44801,43.35981,-330.0,60.0,1.0
-150,-125,858.1,,10.531,43.099,-5000.0,100.0,1.0
-150,-125,859,"Populonio, Poplonium, Etruscan Fufluna, Pupluna",10.5014,42.9924,-750.0,60.0,1.0
-150,-125,860,"Falesia, Porto Falese ",10.559041,42.934297,-5000.0,100.0,1.0
-150,-125,861,,10.67991,42.9663,-330.0,60.0,1.0
-150,-125,862,Etruscan Fullona,10.757,42.917,-700.0,30.0,1.0
-150,-125,866,"Ilva, Aithalia, Ethalie ",10.273798,42.770152,-5000.0,100.0,1.0
-150,-125,867,"Argous portus, Argoos, ",10.329861,42.813066,-750.0,60.0,1.0
-150,-125,872,Planasia insula,10.082156,42.582969,-330.0,60.0,1.0
-150,-125,873,,10.09386,42.59297,-5000.0,100.0,1.0
-150,-125,880.1,,11.173,42.431,-1000.0,100.0,1.0
-150,-125,884.1,,10.922725,42.3593,-330.0,60.0,1.0
-150,-125,885,Oglasa insula,10.309211,42.331958,-5000.0,100.0,1.0
-150,-125,886,"Portu Herculis, Port of Hercules",11.2086,42.3912,-330.0,60.0,1.0
-150,-125,888.1,,11.2774,42.4201,-1000.0,100.0,1.0
-150,-125,891,"Cosa, Cossae, Portus Herculis Cosanus, Etruscan Cusi, Cuthi",11.293827,42.40709,-330.0,60.0,1.0
-150,-125,893,"Regis, Regae ",11.6041,42.3122,-750.0,60.0,1.0
-150,-125,896,"Graviscae, port of Tarquinia, Etruscan Tarchuna, Tarchna, possible first settlement of Etruscan people",11.7066,42.2144,-750.0,60.0,1.0
-150,-125,902.1,,11.8243,42.0446,-500.0,30.0,1.0
-150,-125,903,"Castrum Novum (port of Caere, Coere, Agylla), Etruscan port",11.8305,42.0383,-287.0,10.0,1.0
-150,-125,904.1,Punicum ,11.8715,42.035,-330.0,60.0,1.0
-150,-125,906,"Pyrgoi, Pyrgi (also called The Towers), port of Agylle, Caere, Etruscan Chaire, Caisra, Cisra",11.9565,42.0152,-750.0,60.0,1.0
-150,-125,906.1,"Pyrgoi, Pyrgi (also called The Towers), port of Agylle, Caere, Etruscan Chaire, Caisra, Cisra",11.9604,42.015,-750.0,60.0,1.0
-150,-125,906.2,Etruscan submerged structure,11.977,41.9957,-750.0,60.0,1.0
-150,-125,909,"Alsium, port of Agylla, Caere, Coere, Etruscan Chaire, Caisra",12.100837,41.932961,-750.0,60.0,1.0
-150,-125,910,,12.1253,41.9271,-330.0,60.0,1.0
-150,-125,911,,12.1424,41.9128,-330.0,60.0,1.0
-150,-125,912,"Fregenae, Etruscan Ficrine",12.18341,41.853058,-330.0,60.0,1.0
-150,-125,916,"Ostia, port of Rome",12.279848,41.75343,-640.0,20.0,1.0
-150,-125,917,Ostia,12.290905,41.75752,-750.0,60.0,1.0
-150,-125,921,Ficana,12.35306,41.80187,-750.0,60.0,1.0
-150,-125,922,Portus Vicus Alexandri,12.471443,41.847394,-330.0,60.0,1.0
-150,-125,930,"Portus Tiberinus, near Pons Aemilius, oldest archaic port of Rome, close to Foro Romano and Horrea Agrippiana",12.4809,41.8892,-753.0,10.0,1.0
-150,-125,935,Troia?,12.4685,41.6137,-550.0,60.0,1.0
-150,-125,938,Castrum Inui,12.5113,41.5803,-750.0,60.0,1.0
-150,-125,943,"Antium, Nero's port, Etruscan Anth? Caenon?",12.628393,41.442702,-750.0,60.0,1.0
-150,-125,949,"Astura, Storas, on R Astura",12.767198,41.407351,-330.0,60.0,1.0
-150,-125,951,Ad Turres Albas ,12.91288,41.375768,-330.0,60.0,1.0
-150,-125,953,"Port of Circei, Circe, Eea, Aeaea, Aiaia, Aia insula?, possible stopover for Odysseus",13.04425,41.253072,-330.0,60.0,1.0
-150,-125,954,"Circei, Circaeum Prom., Kirkaion, outlet of Nero's Fossa Augusta",13.1052,41.2405,-550.0,60.0,1.0
-150,-125,955,"Terracina, Tarracina, Anxur, Etruscan Tarchna, Tarkina",13.2545,41.286,-500.0,30.0,1.0
-150,-125,956,Fundi,13.42926,41.35738,-330.0,60.0,1.0
-150,-125,957,Pontia insula,12.964786,40.894781,-750.0,60.0,1.0
-150,-125,962,"Caiete, Caieta, Caeatas, Aeete, Etruscan Caithi",13.586,41.211,-330.0,60.0,1.0
-150,-125,964,"Formiae, Formies, Hormies ",13.6057,41.253,-330.0,60.0,1.0
-150,-125,966,,13.675,41.2479,-330.0,60.0,1.0
-150,-125,967,Pyrae?,13.703677,41.250662,-330.0,60.0,1.0
-150,-125,968,"Minturnae, on via Appia, with Pons Tirenus bridge on R Liris",13.7709,41.241,-296.0,10.0,1.0
-150,-125,968.1,"Marica temple, sea-port of Minturnae",13.7645,41.2265,-700.0,30.0,1.0
-150,-125,969,,13.8408,41.15847,-330.0,60.0,1.0
-150,-125,970,"Sinuessa, Sinuesa, Sinope",13.85,41.14944,-550.0,60.0,1.0
-150,-125,972,Aquae Sinuessanae & Pagus Sarclanus?,13.9125,41.1228,-330.0,60.0,1.0
-150,-125,973,"Volturnum, on R Vulturnus",13.92,41.0186,-550.0,60.0,1.0
-150,-125,974,"Liternum, Linternum, port of the Osci, Oskoi, Osques, Opici, Aurunci, Ausones",14.029903,40.921334,-330.0,60.0,1.0
-150,-125,975,"Cumae, Cumes, Kyme",14.051265,40.846657,-750.0,60.0,1.0
-150,-125,977,"Pithekoussai, Pithecusae, Etruscan Inarime, first Greek (Euboian) settlement in Italy",13.885913,40.754297,-750.0,60.0,1.0
-150,-125,978,,13.879064,40.696687,-700.0,30.0,1.0
-150,-125,978.1,"Procita, Prochyta insula",14.016731,40.759068,-700.0,30.0,1.0
-150,-125,978.2,,13.992,40.74,-1500.0,100.0,1.0
-150,-125,991,"Puteoli, Dikaiarcheia, Dicearque, Flavia Colonia Augusta Puteoli, Delus Minor, in the Campi Phlegraei volcano district",14.1154,40.8216,-750.0,60.0,1.0
-150,-125,997,"Parthenope, Neapolis",14.2522,40.8398,-750.0,60.0,1.0
-150,-125,997.1,Neapolis ,14.25462,40.83927,-600.0,30.0,1.0
-150,-125,998,Neapolis ,14.2524,40.83926,-600.0,30.0,1.0
-150,-125,999.1,"Herculaneum, Etruscan Herclena",14.35,40.7998,-550.0,60.0,1.0
-150,-125,1001,Oplontis ,14.4525,40.75755,-330.0,60.0,1.0
-150,-125,1002,"Pompeia, Porta Marina, Etruscan Pumpai",14.48226,40.74893,-750.0,60.0,1.0
-150,-125,1002.1,"Pompeia, Porta Stabia, Etruscan Pumpai",14.4908,40.7473,-750.0,60.0,1.0
-150,-125,1003,Stabiae ,14.4926,40.69976,-330.0,60.0,1.0
-150,-125,1004,Aequana ,14.4215,40.6617,-750.0,60.0,1.0
-150,-125,1005,,14.402715,40.645818,-550.0,60.0,1.0
-150,-125,1006,"Surrentum, Etruscan Irnthi",14.3698,40.6279,-330.0,60.0,1.0
-150,-125,1009,"Capraria, Capreae insula",14.236593,40.557685,-550.0,60.0,1.0
-150,-125,1013.1,"Seirenoussai nesoi, Anthemoessa insulae, Anthemuse, possible Siren islands, no stopover for Odysseus",14.43365,40.5825,-750.0,60.0,1.0
-150,-125,1017,Vietri ,14.713068,40.657725,-750.0,60.0,1.0
-150,-125,1019,,14.94346,40.5352,-750.0,60.0,1.0
-150,-125,1020,Portus Alburnus ,14.969769,40.488629,-330.0,60.0,1.0
-150,-125,1021,"Poseïdonia, Posidonia, Paestum, on R Silarus",14.992,40.415,-750.0,60.0,1.0
-150,-125,1022,,14.990506,40.358318,-550.0,60.0,1.0
-150,-125,1024,"Velia, Elea, Portus Velinus, Hyele, near R Hales",15.157,40.1602,-535.0,10.0,1.0
-150,-125,1025,Palinurus ,15.282234,40.035658,-750.0,60.0,1.0
-150,-125,1026,"Oenotrides insulae, Molpa ",15.294659,40.026788,-750.0,60.0,1.0
-150,-125,1027,"Pyxus, near Buxentum Prom.",15.516403,40.065378,-470.0,20.0,1.0
-150,-125,1028,Scidrus ,15.6222,40.07218,-330.0,60.0,1.0
-150,-125,1031,Blanda ,15.756465,39.913511,-330.0,60.0,1.0
-150,-125,1032,,15.781146,39.81781,-750.0,60.0,1.0
-150,-125,1033,"Laos, Laus ",15.789572,39.775272,-750.0,60.0,1.0
-150,-125,1034,"Cerillea, Cerilli ",15.804176,39.709009,-330.0,60.0,1.0
-150,-125,1035,,15.848026,39.613783,-330.0,60.0,1.0
-150,-125,1036,,15.945789,39.491704,-550.0,60.0,1.0
-150,-125,1037,Port of Pandosia,16.042302,39.301273,-550.0,60.0,1.0
-150,-125,1038,"Klampeteia, Clampetia ",16.065528,39.127809,-330.0,60.0,1.0
-150,-125,1039,"Temesa, Temese, Tempsa, on R Sabutus",16.094554,39.027944,-750.0,60.0,1.0
-150,-125,1040,,16.15407,38.98683,-330.0,60.0,1.0
-150,-125,1041,Terina ,16.2389,38.9448,-550.0,60.0,1.0
-150,-125,1047.3,,15.9718,38.7135,-1500.0,100.0,1.0
-150,-125,1049,,15.921,38.545,-750.0,60.0,1.0
-150,-125,1051,Emporion,15.95941,38.49277,-330.0,60.0,1.0
-150,-125,1052,"Medma, Mesma",15.9882,38.4821,-750.0,60.0,1.0
-150,-125,1053,"Port at the outlet of R Metaurus, Metaure ",15.871137,38.421553,-750.0,60.0,1.0
-150,-125,1054,Taurianum ,15.86494,38.39426,-330.0,60.0,1.0
-150,-125,1058,"Scyllaeum, Scylla, in front of Charybdis in Sicily, both Planktes insulae, where Odysseus possibly sailed",15.715,38.259,-750.0,60.0,1.0
-150,-125,1059,Kainys ,15.6354,38.2322,-550.0,60.0,1.0
-150,-125,1061,"Rhegium, Rhegion",15.634658,38.109425,-740.0,20.0,1.0
-150,-125,1064,Scyle ,15.92,37.928,-330.0,60.0,1.0
-150,-125,1068,Altanum? ,16.177826,38.141495,-550.0,60.0,1.0
-150,-125,1069,"Lokroi Epizephyrioi, Locri Epizefiri, Locres ",16.2368,38.2077,-750.0,60.0,1.0
-150,-125,1071,"Amphissa, Santo Onofrio ",16.413143,38.318166,-750.0,60.0,1.0
-150,-125,1072,"Kaulonia, Caulonia, Aulonia, Stilida",16.5787,38.4454,-750.0,60.0,1.0
-150,-125,1075,"Scylletium, Scolacium ",16.5952,38.8076,-550.0,60.0,1.0
-150,-125,1076,"Castra Hannibalis, Camp of Annibal ",16.713868,38.85776,-330.0,60.0,1.0
-150,-125,1078,,17.023685,38.903404,-330.0,60.0,1.0
-150,-125,1080,,17.16869,38.95411,-750.0,60.0,1.0
-150,-125,1082,"Kroton, Crotone, on R Aisaros",17.126348,39.085539,-750.0,60.0,1.0
-150,-125,1084,Krimisa?,17.140861,39.370149,-750.0,60.0,1.0
-150,-125,1085,"Temple of Apollo Alaeus, port of Aesarus ",17.1466,39.39654,-750.0,60.0,1.0
-150,-125,1087,,16.9617,39.496,-330.0,60.0,1.0
-150,-125,1088,"Sybaris ad Traeis, on R Traeis",16.771,39.59,-443.0,10.0,1.0
-150,-125,1090,"archaic Sybaris, on R Sybaris and R Crathis, Thourioi, Thurii, Copia",16.491191,39.717044,-720.0,20.0,1.0
-150,-125,1091,,16.538059,39.865106,-1500.0,100.0,1.0
-150,-125,1093,,16.60264,40.04726,-550.0,60.0,1.0
-150,-125,1095,,16.64197,40.15955,-330.0,60.0,1.0
-150,-125,1097,"Siris, on R Siris",16.6682,40.1658,-750.0,60.0,1.0
-150,-125,1098,"Heraclea, Heraclee ",16.67,40.22,-550.0,60.0,1.0
-150,-125,1098.0999999999999,,16.6642,40.2934,-1500.0,100.0,1.0
-150,-125,1099,"Metapontum, Metaponte",16.8352,40.3728,-750.0,60.0,1.0
-150,-125,1100,"Tarentum, Taras, Neptuna",17.228144,40.472032,-750.0,60.0,1.0
-150,-125,1103,"Satyrion, Saturnum ",17.30396,40.37282,-1500.0,100.0,1.0
-150,-125,1104,,17.50013,40.30372,-330.0,60.0,1.0
-150,-125,1105,Port Sasina ,17.896215,40.25706,-750.0,60.0,1.0
-150,-125,1106,Port of Neretum,17.983673,40.137046,-750.0,60.0,1.0
-150,-125,1107,"Kallipolis, Callipolis, Anxa ",17.979931,40.054413,-750.0,60.0,1.0
-150,-125,1109,,18.31,39.8138,-330.0,60.0,1.0
-150,-125,1110,"Portus Sallentinus, Leuke, near Iapygia Prom.",18.362675,39.792157,-750.0,60.0,1.0
-150,-125,1112,"Zancle, Zankle, Messana, Messene",15.560811,38.192865,-730.0,20.0,1.0
-150,-125,1113,,15.536584,38.145129,-750.0,60.0,1.0
-150,-125,1114,"Phoinix, Tamaricii, Palmae ",15.37,37.9438,-330.0,60.0,1.0
-150,-125,1115,,15.3078,37.878,-330.0,60.0,1.0
-150,-125,1116,Tauromenium ,15.302,37.848,-550.0,60.0,1.0
-150,-125,1117,"Naxos, Naxus ",15.2694,37.8239,-470.0,20.0,1.0
-150,-125,1118,"Archaic Naxos, near R Akesines",15.2694,37.8193,-734.0,10.0,1.0
-150,-125,1123,"Katane, Catina ",15.0873,37.5024,-750.0,60.0,1.0
-150,-125,1123.2,"Leontinoi, on R Terias",14.998,37.2855,-750.0,60.0,1.0
-150,-125,1124,,15.132834,37.310011,-750.0,60.0,1.0
-150,-125,1125.0999999999999,"Xiphoneos, Xiphonia, Xiphon",15.207,37.234,-330.0,60.0,1.0
-150,-125,1126,"Megara Hyblaea, on R Alabon",15.183741,37.205772,-750.0,60.0,1.0
-150,-125,1127,"Tapsus, Thapsos ",15.228473,37.145257,-1200.0,100.0,1.0
-150,-125,1128,"Leon, landing place of Athenian fleet in 414 BC",15.2615,37.1076,-4000.0,100.0,1.0
-150,-125,1132,"Syracuse, ""Large Port"", on the isle of Sikelia, Sicania, Trinacria, major Greek (Corinthian) settlement in Sicily",15.288,37.06,-733.0,10.0,1.0
-150,-125,1138,Portus Naustathamus?,15.214525,36.95611,-750.0,60.0,1.0
-150,-125,1140,"Helorus, Elorus, on R Helorus",15.1075,36.8422,-750.0,60.0,1.0
-150,-125,1141,Phoenicus portus ,15.0985,36.803,-330.0,60.0,1.0
-150,-125,1143,"Portus Pachino, Pachyno, Pachyni, Apollineum ",15.1385,36.6857,-330.0,60.0,1.0
-150,-125,1146,R Hirminum,14.594,36.771,-750.0,60.0,1.0
-150,-125,1148,"Kamarina, on R Hipparis",14.440957,36.866878,-598.0,10.0,1.0
-150,-125,1150,,14.3,37.032,-550.0,60.0,1.0
-150,-125,1152,"Gela, on R Gela",14.2583,37.063,-688.0,10.0,1.0
-150,-125,1154,,14.197,37.0842,-750.0,60.0,1.0
-150,-125,1155,"Port of Maktorion, Mactorium?",14.138661,37.100201,-750.0,60.0,1.0
-150,-125,1156,"Phintias, on R Himeras",13.9317,37.1,-330.0,60.0,1.0
-150,-125,1158,,13.881,37.102,-750.0,60.0,1.0
-150,-125,1160,,13.780019,37.144488,-750.0,60.0,1.0
-150,-125,1161,,13.695341,37.17957,-550.0,60.0,1.0
-150,-125,1162.0999999999999,,13.624,37.233,-1400.0,100.0,1.0
-150,-125,1163,"Agrakas, Akragas, Agrigentum, on R Hypsas",13.581,37.2687,-580.0,20.0,1.0
-150,-125,1166,"Heraclea Minoa, on R Halycus",13.28,37.3937,-750.0,60.0,1.0
-150,-125,1167,,13.256671,37.414943,-750.0,60.0,1.0
-150,-125,1169,"Selinus, Selinunt, Selinonte east port",12.8294,37.5845,-650.0,30.0,1.0
-150,-125,1170,"Selinus, Selinunt, Selinonte west port, on R Selinon",12.82116,37.5828,-650.0,30.0,1.0
-150,-125,1171,"Mazara, on R Mazara",12.587605,37.644211,-550.0,60.0,1.0
-150,-125,1172,"Lilybaion, Lilybee South port?",12.43,37.7937,-750.0,60.0,1.0
-150,-125,1173,"Lilybaion, Lilybee Main port",12.428115,37.808131,-750.0,60.0,1.0
-150,-125,1174,"Lilybaion, Lilybee North port?",12.443337,37.8124,-750.0,60.0,1.0
-150,-125,1176,"Motye, Motya",12.4646,37.8641,-750.0,60.0,1.0
-150,-125,1176.0999999999999,"Motye, Motya",12.4724,37.86902,-350.0,30.0,1.0
-150,-125,1176.2,"Motye, Motya",12.47,37.8715,-350.0,30.0,1.0
-150,-125,1177,"Aigousa insula, anchorage of Roman fleet before the famous battle of the Egadi Islands (10 March 241 BC), Odysseus' port of the Cyclops? ",12.322489,37.934044,-750.0,60.0,1.0
-150,-125,1179,"Maritima, Hieronesos, Hiera insula",12.077769,37.970422,-330.0,60.0,1.0
-150,-125,1180,"Bucinna, Phorbantia insula",12.321625,38.00168,-10000.0,100.0,1.0
-150,-125,1181,"Drepanum, Drepane ",12.502194,38.007961,-330.0,60.0,1.0
-150,-125,1182,"Port of Erix, Eryx, Erice, Carthaginian base camp during the famous battle of the Egadi Islands (10 March 241 BC)",12.58963,38.070435,-550.0,60.0,1.0
-150,-125,1182.0999999999999,,12.6801,38.1123,-250.0,30.0,1.0
-150,-125,1182.2,,12.736,38.186,-400.0,30.0,1.0
-150,-125,1182.3,,12.7692,38.1673,-400.0,30.0,1.0
-150,-125,1184,"Emporion Segestanon, Emporium of the Aegestes, port of Segesta, on R Crimisus",12.88,38.0295,-330.0,60.0,1.0
-150,-125,1184.0999999999999,,13.0791,38.1732,-400.0,30.0,1.0
-150,-125,1187,,13.182596,38.71968,-1500.0,100.0,1.0
-150,-125,1188.0999999999999,Pakonia?,13.23715,38.2079,-300.0,30.0,1.0
-150,-125,1189,"Panhormus, Panorme",13.368583,38.120398,-750.0,60.0,1.0
-150,-125,1190,"Solus, port of Solonte ",13.542862,38.081694,-750.0,60.0,1.0
-150,-125,1191,"Thermai, Thermae Himeraeae, on R Thermos",13.690394,37.993991,-550.0,60.0,1.0
-150,-125,1192,,13.7815,37.9743,-330.0,60.0,1.0
-150,-125,1193,"Himera, Himere, on R Himeras",13.8215,37.9683,-729.0,10.0,1.0
-150,-125,1195,"Cephaloedium, Cephalidium ",14.024107,38.043883,-550.0,60.0,1.0
-150,-125,1196,"Halaesa, on R Halaisos",14.263,37.998,-330.0,60.0,1.0
-150,-125,1197,"Kale Akte, Calate ",14.448292,38.036496,-550.0,60.0,1.0
-150,-125,1199,Agathyrnum ,14.752,38.164,-550.0,60.0,1.0
-150,-125,1202,"Egira, Erikodes, Ericusa Insula",14.351188,38.5428,-330.0,60.0,1.0
-150,-125,1203,"Celsina, Phoenicusa, Phoinikoussa insula",14.5883,38.5569,-1500.0,100.0,1.0
-150,-125,1204,Didyma insula,14.8696,38.5739,-1500.0,100.0,1.0
-150,-125,1205,"Lipara on Liparos insula, Meligounis nesos",14.9568,38.4717,-1500.0,100.0,1.0
-150,-125,1206,"Heraclea, Hiera Thermessa insula,  Hiera Hephaistou insula",14.966446,38.416361,-550.0,60.0,1.0
-150,-125,1207,"Aegina, Euonymus insula",15.0636,38.6256,-1500.0,100.0,1.0
-150,-125,1209,"Strongilos, Eolie, possibly Odysseus' stopover on the isle of Aeolos",15.244209,38.797457,-1500.0,100.0,1.0
-150,-125,1210,Tyndaris ,15.044,38.1433,-550.0,60.0,1.0
-150,-125,1212,"Myle, Mylae ",15.2428,38.2177,-750.0,60.0,1.0
-150,-125,1213,"Naulochos, Naulocha ",15.371783,38.22509,-330.0,60.0,1.0
-150,-125,1242,"Castrum Minerva, Port of Venus, Limen Aphrodites, Athenaion ",18.435411,40.011636,-550.0,60.0,1.0
-150,-125,1242.0999999999999,,18.4849,40.079,-330.0,60.0,1.0
-150,-125,1243,"Hydros, Hydruntum, Otrante ",18.490869,40.148182,-750.0,60.0,1.0
-150,-125,1243.0999999999999,,18.4732,40.1841,-330.0,60.0,1.0
-150,-125,1243.2,,18.431,40.277,-330.0,60.0,1.0
-150,-125,1244,Port Tarentin ,18.4263,40.2871,-1500.0,100.0,1.0
-150,-125,1245,,18.409136,40.301208,-750.0,60.0,1.0
-150,-125,1247,"Brindes, Brentesium, Brundisium, Bronduse",17.948953,40.641441,-750.0,60.0,1.0
-150,-125,1248,,17.8705,40.6875,-330.0,60.0,1.0
-150,-125,1249,,17.7983,40.7137,-750.0,60.0,1.0
-150,-125,1250.0999999999999,Karbina,17.6983,40.7596,-1500.0,100.0,1.0
-150,-125,1252,Gnathia ,17.391,40.8896,-750.0,60.0,1.0
-150,-125,1254,"Turris Caesaris, Neapolis ",17.2183,40.9975,-330.0,60.0,1.0
-150,-125,1257,,16.997139,41.090957,-750.0,60.0,1.0
-150,-125,1259,Natiolum ,16.669838,41.192824,-330.0,60.0,1.0
-150,-125,1262,Barduli ,16.287075,41.334436,-330.0,60.0,1.0
-150,-125,1263.0999999999999,,16.0811,41.3592,-1500.0,100.0,1.0
-150,-125,1264,San Vito ,16.03185,41.3848,-330.0,60.0,1.0
-150,-125,1267,,15.8378,41.519,-750.0,60.0,1.0
-150,-125,1268,"Coppa Nevigatta, on R Aquilo",15.8338,41.558,-5000.0,100.0,1.0
-150,-125,1270,"Sipous, Sipontum, Sipunte ",15.9221,41.617859,-330.0,60.0,1.0
-150,-125,1271,"Apanestae, Apeneste",16.06038,41.69375,-750.0,60.0,1.0
-150,-125,1274,"Portus Aggasus, Port Agasus ",16.183,41.885,-550.0,60.0,1.0
-150,-125,1277,"Hyria, Uria",15.83039,41.8821,-330.0,60.0,1.0
-150,-125,1284,,15.05334,41.93962,-750.0,60.0,1.0
-150,-125,1286,Buca?,14.9976,42.0066,-330.0,60.0,1.0
-150,-125,1288,"Histonium, Istonium ",14.7205,42.1188,-550.0,60.0,1.0
-150,-125,1289,Buca?,14.7125,42.172,-330.0,60.0,1.0
-150,-125,1291,"Gualdi, port of Anxanum ",14.4434,42.3103,-550.0,60.0,1.0
-150,-125,1292,"Orton, Hortona",14.4098,42.357,-330.0,60.0,1.0
-150,-125,1293,"Aternum, Ostia Aterni, on R Aternus",14.2118,42.4614,-330.0,60.0,1.0
-150,-125,1294.0999999999999,"Matrinus, port of Hatria, Adria at the outlet of R Matrinus",14.138,42.5332,-330.0,60.0,1.0
-150,-125,1296,"Castrum Novum, on R Batinus",13.971,42.7356,-330.0,60.0,1.0
-150,-125,1297,"Castrum Truentinum, Truentum, on R Truentinum",13.901,42.8908,-330.0,60.0,1.0
-150,-125,1298,Cupra Maritima,13.8534,43.034,-750.0,60.0,1.0
-150,-125,1299,"Castellum Firmanorum, port of Firmum Picenum, Etruscan Permu",13.8011,43.1605,-330.0,60.0,1.0
-150,-125,1301,"Potentia, near R Flosis",13.6711,43.4142,-330.0,60.0,1.0
-150,-125,1302,Numana ,13.628195,43.50729,-750.0,60.0,1.0
-150,-125,1305,"Sena Gallica, on R Sena",13.2185,43.7123,-330.0,60.0,1.0
-150,-125,1306,,13.175681,43.75246,-750.0,60.0,1.0
-150,-125,1308,Fanum Fortunae ,13.019325,43.858514,-330.0,60.0,1.0
-150,-125,1309,"Pisaurum, on R Pisaurus",12.92,43.9159,-550.0,60.0,1.0
-150,-125,1311,"Ariminum, Etruscan Arimna, Harimne, on R Ariminus & R Ausa",12.5739,44.0623,-550.0,60.0,1.0
-150,-125,1316,"Butrium, Budrium, port of Budrio ",12.14588,44.53989,-330.0,60.0,1.0
-150,-125,1319,"Pomposa, Etruscan Spina, at the outlet of R Padus",12.10256,44.6943,-750.0,60.0,1.0
-150,-125,1323,Hadriani ,12.17741,44.94566,-750.0,60.0,1.0
-150,-125,1326,"Atria, Etruscan Hatria ",12.067121,45.048536,-750.0,60.0,1.0
-150,-125,1339,Altinum ,12.4077,45.5428,-550.0,60.0,1.0
-150,-125,1345,"Eraclia, Port on R Anassum or Anaxum ",12.6573,45.6378,-1300.0,100.0,1.0
-150,-125,1347.1,,12.8872,45.6356,-1200.0,100.0,1.0
-150,-125,1348.1,,13.1286,45.7714,-1300.0,100.0,1.0
-150,-125,1348.2,,13.1542,45.7705,-1300.0,100.0,1.0
-150,-125,1349.1,,13.3203,45.7648,-1500.0,100.0,1.0
-150,-125,1351,"Aquileia, Aquilee, on ancient course of R Aesontius, Sontius, Isontius (ca. 50 m wide)",13.3695,45.7748,-200.0,30.0,1.0
-150,-125,1354,Etruscan Tarcste,13.771666,45.649509,-330.0,60.0,1.0
-150,-125,1355,,13.844,45.606,-178.0,10.0,1.0
-125,-100,753,"Olbia, Roman port",9.5031,40.9275,-330.0,60.0,1.0
-125,-100,753.1,"Olbia, Punic port and Roman port",9.5057,40.9232,-750.0,60.0,1.0
-125,-100,756.1,Outlet of R Kaidris,9.734,40.373,-1500.0,100.0,1.0
-125,-100,757,"Sulcis, Sulpicius, Supicius ",9.706108,39.912462,-330.0,60.0,1.0
-125,-100,762,Caralitanum Prom.,9.516373,39.11649,-330.0,60.0,1.0
-125,-100,765,"Caralis, Carales, on R Sulcis",9.112387,39.211683,-750.0,60.0,1.0
-125,-100,766.1,,9.005325,39.095552,-1500.0,100.0,1.0
-125,-100,766.2,,9.0236,39.0619,-1500.0,100.0,1.0
-125,-100,767,Nora ,9.01444,38.987048,-750.0,60.0,1.0
-125,-100,768,Nora ,9.012555,38.984715,-750.0,60.0,1.0
-125,-100,769,Nora ,9.012066,38.988036,-750.0,60.0,1.0
-125,-100,770,"Bitia, Bithia, Bioea ",8.8849,38.8956,-750.0,60.0,1.0
-125,-100,778,"Sulcis, Solci (export of copper?)",8.462004,39.06534,-750.0,60.0,1.0
-125,-100,780,,8.4887,39.1774,-750.0,60.0,1.0
-125,-100,781,Metalla? ,8.5002,39.394,-500.0,30.0,1.0
-125,-100,781.1,,8.4601,39.5681,-7000.0,100.0,1.0
-125,-100,783,,8.60514,39.72744,-330.0,60.0,1.0
-125,-100,786,"Othaia, Othoca, on R Thyrsos",8.60849,39.86957,-750.0,60.0,1.0
-125,-100,786.1,,8.495,39.925,-4500.0,100.0,1.0
-125,-100,787,"Tarrai, Tharros, Tarrhos, Punic port",8.44,39.892,-750.0,60.0,1.0
-125,-100,787.1,"Tarrai, Tharros, Tarrhos, possible Nuragic port",8.4416,39.8789,-1500.0,100.0,1.0
-125,-100,788,"Tarrai, Tharros, Tarrhos",8.437959,39.859288,-750.0,60.0,1.0
-125,-100,788.1,,8.3936,39.9725,-1200.0,100.0,1.0
-125,-100,788.2,,8.3066,39.988,-1200.0,100.0,1.0
-125,-100,789,"Coracodes, Korakodes portus",8.409895,40.043873,-1200.0,100.0,1.0
-125,-100,790,"Cornus, Kornos",8.490364,40.087832,-330.0,60.0,1.0
-125,-100,791,"Bosa, on R Temos",8.469417,40.284535,-330.0,60.0,1.0
-125,-100,793,Nymphaeus portus ,8.189645,40.616568,-750.0,60.0,1.0
-125,-100,796,"Turris Libyssonis, Libisonis",8.3918,40.8368,-330.0,60.0,1.0
-125,-100,796.1,"Turris Libyssonis, Libisonis",8.3941,40.8391,-330.0,60.0,1.0
-125,-100,796.2,"Turris Libyssonis, Libisonis",8.4016,40.8392,-330.0,60.0,1.0
-125,-100,796.3,"Turris Libyssonis, Libisonis",8.4089,40.8389,-330.0,60.0,1.0
-125,-100,801,,9.1609,41.2404,-330.0,60.0,1.0
-125,-100,803,"Turublum Minus, Lamos?, Telepylos?, possible port of the Laestrygonians and stopover of Odysseus, near famous Arktou Akra Prom.",9.275693,41.199135,-1500.0,100.0,1.0
-125,-100,811.1,"Vintimilio plagia, Album Intermilium, Albintimilium",7.6252,43.7893,-550.0,60.0,1.0
-125,-100,818,"Albingauno, Albenganum ",8.2133,44.047,-550.0,60.0,1.0
-125,-100,821,"Vada Sabatia, Vadis Savadis",8.4359,44.2693,-100.0,30.0,0.2916666666666667
-125,-100,823,"Savo, Vicus Virginis? ",8.479161,44.296439,-330.0,60.0,1.0
-125,-100,829,Genua,8.9284,44.411,-600.0,30.0,1.0
-125,-100,830,"archaic landing place of Genua, Etruscan Cainua?",8.94388,44.409,-1000.0,100.0,1.0
-125,-100,838,Antion ,9.546199,44.202859,-550.0,60.0,1.0
-125,-100,840,,9.841662,44.063586,-100.0,30.0,0.2916666666666667
-125,-100,844,"Portus Lunae, Lune, Selene, Etruscan Luna, near R Macra  (export of white marble)",10.0152,44.0608,-330.0,60.0,1.0
-125,-100,847,,10.28083,43.87307,-750.0,60.0,1.0
-125,-100,848,,10.3602,43.83659,-330.0,60.0,1.0
-125,-100,849,,10.32724,43.76764,-750.0,60.0,1.0
-125,-100,850,,10.33555,43.73476,-750.0,60.0,1.0
-125,-100,851,"Port of Pise, Pisa, Etruscan Pisna, Peithusa, Pithsa, on ancient R Auser, near R Arnus",10.3862,43.7211,-550.0,60.0,1.0
-125,-100,853,,10.3934,43.6386,-5000.0,100.0,1.0
-125,-100,854,"Triturrita? Turrita? Near Portus Pisanus, Pisarum emporio, Liburnus Portus, Portus Herculis Liburni, Portus Labro, Etruscan Liburna",10.3343,43.5733,-5000.0,100.0,1.0
-125,-100,855,,10.4182,43.4022,-330.0,60.0,1.0
-125,-100,856,"Vadis, Vada Volaterrana ",10.44801,43.35981,-330.0,60.0,1.0
-125,-100,858.1,,10.531,43.099,-5000.0,100.0,1.0
-125,-100,859,"Populonio, Poplonium, Etruscan Fufluna, Pupluna",10.5014,42.9924,-750.0,60.0,1.0
-125,-100,860,"Falesia, Porto Falese ",10.559041,42.934297,-5000.0,100.0,1.0
-125,-100,861,,10.67991,42.9663,-330.0,60.0,1.0
-125,-100,862,Etruscan Fullona,10.757,42.917,-700.0,30.0,1.0
-125,-100,866,"Ilva, Aithalia, Ethalie ",10.273798,42.770152,-5000.0,100.0,1.0
-125,-100,867,"Argous portus, Argoos, ",10.329861,42.813066,-750.0,60.0,1.0
-125,-100,872,Planasia insula,10.082156,42.582969,-330.0,60.0,1.0
-125,-100,873,,10.09386,42.59297,-5000.0,100.0,1.0
-125,-100,880.1,,11.173,42.431,-1000.0,100.0,1.0
-125,-100,884.1,,10.922725,42.3593,-330.0,60.0,1.0
-125,-100,885,Oglasa insula,10.309211,42.331958,-5000.0,100.0,1.0
-125,-100,886,"Portu Herculis, Port of Hercules",11.2086,42.3912,-330.0,60.0,1.0
-125,-100,888.1,,11.2774,42.4201,-1000.0,100.0,1.0
-125,-100,891,"Cosa, Cossae, Portus Herculis Cosanus, Etruscan Cusi, Cuthi",11.293827,42.40709,-330.0,60.0,1.0
-125,-100,893,"Regis, Regae ",11.6041,42.3122,-750.0,60.0,1.0
-125,-100,896,"Graviscae, port of Tarquinia, Etruscan Tarchuna, Tarchna, possible first settlement of Etruscan people",11.7066,42.2144,-750.0,60.0,1.0
-125,-100,902.1,,11.8243,42.0446,-500.0,30.0,1.0
-125,-100,903,"Castrum Novum (port of Caere, Coere, Agylla), Etruscan port",11.8305,42.0383,-287.0,10.0,1.0
-125,-100,904.1,Punicum ,11.8715,42.035,-330.0,60.0,1.0
-125,-100,906,"Pyrgoi, Pyrgi (also called The Towers), port of Agylle, Caere, Etruscan Chaire, Caisra, Cisra",11.9565,42.0152,-750.0,60.0,1.0
-125,-100,906.1,"Pyrgoi, Pyrgi (also called The Towers), port of Agylle, Caere, Etruscan Chaire, Caisra, Cisra",11.9604,42.015,-750.0,60.0,1.0
-125,-100,906.2,Etruscan submerged structure,11.977,41.9957,-750.0,60.0,1.0
-125,-100,909,"Alsium, port of Agylla, Caere, Coere, Etruscan Chaire, Caisra",12.100837,41.932961,-750.0,60.0,1.0
-125,-100,910,,12.1253,41.9271,-330.0,60.0,1.0
-125,-100,911,,12.1424,41.9128,-330.0,60.0,1.0
-125,-100,912,"Fregenae, Etruscan Ficrine",12.18341,41.853058,-330.0,60.0,1.0
-125,-100,916,"Ostia, port of Rome",12.279848,41.75343,-640.0,20.0,1.0
-125,-100,917,Ostia,12.290905,41.75752,-750.0,60.0,1.0
-125,-100,921,Ficana,12.35306,41.80187,-750.0,60.0,1.0
-125,-100,922,Portus Vicus Alexandri,12.471443,41.847394,-330.0,60.0,1.0
-125,-100,930,"Portus Tiberinus, near Pons Aemilius, oldest archaic port of Rome, close to Foro Romano and Horrea Agrippiana",12.4809,41.8892,-753.0,10.0,1.0
-125,-100,935,Troia?,12.4685,41.6137,-550.0,60.0,1.0
-125,-100,938,Castrum Inui,12.5113,41.5803,-750.0,60.0,1.0
-125,-100,943,"Antium, Nero's port, Etruscan Anth? Caenon?",12.628393,41.442702,-750.0,60.0,1.0
-125,-100,949,"Astura, Storas, on R Astura",12.767198,41.407351,-330.0,60.0,1.0
-125,-100,951,Ad Turres Albas ,12.91288,41.375768,-330.0,60.0,1.0
-125,-100,953,"Port of Circei, Circe, Eea, Aeaea, Aiaia, Aia insula?, possible stopover for Odysseus",13.04425,41.253072,-330.0,60.0,1.0
-125,-100,954,"Circei, Circaeum Prom., Kirkaion, outlet of Nero's Fossa Augusta",13.1052,41.2405,-550.0,60.0,1.0
-125,-100,955,"Terracina, Tarracina, Anxur, Etruscan Tarchna, Tarkina",13.2545,41.286,-500.0,30.0,1.0
-125,-100,956,Fundi,13.42926,41.35738,-330.0,60.0,1.0
-125,-100,957,Pontia insula,12.964786,40.894781,-750.0,60.0,1.0
-125,-100,961.1,,13.4547,41.249,-100.0,30.0,0.2916666666666667
-125,-100,961.3,,13.512,41.224,-100.0,30.0,0.2916666666666667
-125,-100,962,"Caiete, Caieta, Caeatas, Aeete, Etruscan Caithi",13.586,41.211,-330.0,60.0,1.0
-125,-100,964,"Formiae, Formies, Hormies ",13.6057,41.253,-330.0,60.0,1.0
-125,-100,966,,13.675,41.2479,-330.0,60.0,1.0
-125,-100,967,Pyrae?,13.703677,41.250662,-330.0,60.0,1.0
-125,-100,968,"Minturnae, on via Appia, with Pons Tirenus bridge on R Liris",13.7709,41.241,-296.0,10.0,1.0
-125,-100,968.1,"Marica temple, sea-port of Minturnae",13.7645,41.2265,-700.0,30.0,1.0
-125,-100,969,,13.8408,41.15847,-330.0,60.0,1.0
-125,-100,970,"Sinuessa, Sinuesa, Sinope",13.85,41.14944,-550.0,60.0,1.0
-125,-100,972,Aquae Sinuessanae & Pagus Sarclanus?,13.9125,41.1228,-330.0,60.0,1.0
-125,-100,973,"Volturnum, on R Vulturnus",13.92,41.0186,-550.0,60.0,1.0
-125,-100,974,"Liternum, Linternum, port of the Osci, Oskoi, Osques, Opici, Aurunci, Ausones",14.029903,40.921334,-330.0,60.0,1.0
-125,-100,975,"Cumae, Cumes, Kyme",14.051265,40.846657,-750.0,60.0,1.0
-125,-100,977,"Pithekoussai, Pithecusae, Etruscan Inarime, first Greek (Euboian) settlement in Italy",13.885913,40.754297,-750.0,60.0,1.0
-125,-100,978,,13.879064,40.696687,-700.0,30.0,1.0
-125,-100,978.1,"Procita, Prochyta insula",14.016731,40.759068,-700.0,30.0,1.0
-125,-100,978.2,,13.992,40.74,-1500.0,100.0,1.0
-125,-100,991,"Puteoli, Dikaiarcheia, Dicearque, Flavia Colonia Augusta Puteoli, Delus Minor, in the Campi Phlegraei volcano district",14.1154,40.8216,-750.0,60.0,1.0
-125,-100,997,"Parthenope, Neapolis",14.2522,40.8398,-750.0,60.0,1.0
-125,-100,997.1,Neapolis ,14.25462,40.83927,-600.0,30.0,1.0
-125,-100,998,Neapolis ,14.2524,40.83926,-600.0,30.0,1.0
-125,-100,999.1,"Herculaneum, Etruscan Herclena",14.35,40.7998,-550.0,60.0,1.0
-125,-100,1001,Oplontis ,14.4525,40.75755,-330.0,60.0,1.0
-125,-100,1002,"Pompeia, Porta Marina, Etruscan Pumpai",14.48226,40.74893,-750.0,60.0,1.0
-125,-100,1002.1,"Pompeia, Porta Stabia, Etruscan Pumpai",14.4908,40.7473,-750.0,60.0,1.0
-125,-100,1003,Stabiae ,14.4926,40.69976,-330.0,60.0,1.0
-125,-100,1004,Aequana ,14.4215,40.6617,-750.0,60.0,1.0
-125,-100,1005,,14.402715,40.645818,-550.0,60.0,1.0
-125,-100,1006,"Surrentum, Etruscan Irnthi",14.3698,40.6279,-330.0,60.0,1.0
-125,-100,1009,"Capraria, Capreae insula",14.236593,40.557685,-550.0,60.0,1.0
-125,-100,1013.1,"Seirenoussai nesoi, Anthemoessa insulae, Anthemuse, possible Siren islands, no stopover for Odysseus",14.43365,40.5825,-750.0,60.0,1.0
-125,-100,1017,Vietri ,14.713068,40.657725,-750.0,60.0,1.0
-125,-100,1019,,14.94346,40.5352,-750.0,60.0,1.0
-125,-100,1020,Portus Alburnus ,14.969769,40.488629,-330.0,60.0,1.0
-125,-100,1021,"Poseïdonia, Posidonia, Paestum, on R Silarus",14.992,40.415,-750.0,60.0,1.0
-125,-100,1022,,14.990506,40.358318,-550.0,60.0,1.0
-125,-100,1024,"Velia, Elea, Portus Velinus, Hyele, near R Hales",15.157,40.1602,-535.0,10.0,1.0
-125,-100,1025,Palinurus ,15.282234,40.035658,-750.0,60.0,1.0
-125,-100,1026,"Oenotrides insulae, Molpa ",15.294659,40.026788,-750.0,60.0,1.0
-125,-100,1027,"Pyxus, near Buxentum Prom.",15.516403,40.065378,-470.0,20.0,1.0
-125,-100,1028,Scidrus ,15.6222,40.07218,-330.0,60.0,1.0
-125,-100,1031,Blanda ,15.756465,39.913511,-330.0,60.0,1.0
-125,-100,1032,,15.781146,39.81781,-750.0,60.0,1.0
-125,-100,1033,"Laos, Laus ",15.789572,39.775272,-750.0,60.0,1.0
-125,-100,1034,"Cerillea, Cerilli ",15.804176,39.709009,-330.0,60.0,1.0
-125,-100,1035,,15.848026,39.613783,-330.0,60.0,1.0
-125,-100,1036,,15.945789,39.491704,-550.0,60.0,1.0
-125,-100,1037,Port of Pandosia,16.042302,39.301273,-550.0,60.0,1.0
-125,-100,1038,"Klampeteia, Clampetia ",16.065528,39.127809,-330.0,60.0,1.0
-125,-100,1039,"Temesa, Temese, Tempsa, on R Sabutus",16.094554,39.027944,-750.0,60.0,1.0
-125,-100,1040,,16.15407,38.98683,-330.0,60.0,1.0
-125,-100,1041,Terina ,16.2389,38.9448,-550.0,60.0,1.0
-125,-100,1047.3,,15.9718,38.7135,-1500.0,100.0,1.0
-125,-100,1049,,15.921,38.545,-750.0,60.0,1.0
-125,-100,1051,Emporion,15.95941,38.49277,-330.0,60.0,1.0
-125,-100,1052,"Medma, Mesma",15.9882,38.4821,-750.0,60.0,1.0
-125,-100,1053,"Port at the outlet of R Metaurus, Metaure ",15.871137,38.421553,-750.0,60.0,1.0
-125,-100,1054,Taurianum ,15.86494,38.39426,-330.0,60.0,1.0
-125,-100,1058,"Scyllaeum, Scylla, in front of Charybdis in Sicily, both Planktes insulae, where Odysseus possibly sailed",15.715,38.259,-750.0,60.0,1.0
-125,-100,1059,Kainys ,15.6354,38.2322,-550.0,60.0,1.0
-125,-100,1061,"Rhegium, Rhegion",15.634658,38.109425,-740.0,20.0,1.0
-125,-100,1064,Scyle ,15.92,37.928,-330.0,60.0,1.0
-125,-100,1068,Altanum? ,16.177826,38.141495,-550.0,60.0,1.0
-125,-100,1069,"Lokroi Epizephyrioi, Locri Epizefiri, Locres ",16.2368,38.2077,-750.0,60.0,1.0
-125,-100,1071,"Amphissa, Santo Onofrio ",16.413143,38.318166,-750.0,60.0,1.0
-125,-100,1072,"Kaulonia, Caulonia, Aulonia, Stilida",16.5787,38.4454,-750.0,60.0,1.0
-125,-100,1075,"Scylletium, Scolacium ",16.5952,38.8076,-550.0,60.0,1.0
-125,-100,1076,"Castra Hannibalis, Camp of Annibal ",16.713868,38.85776,-330.0,60.0,1.0
-125,-100,1078,,17.023685,38.903404,-330.0,60.0,1.0
-125,-100,1080,,17.16869,38.95411,-750.0,60.0,1.0
-125,-100,1082,"Kroton, Crotone, on R Aisaros",17.126348,39.085539,-750.0,60.0,1.0
-125,-100,1084,Krimisa?,17.140861,39.370149,-750.0,60.0,1.0
-125,-100,1085,"Temple of Apollo Alaeus, port of Aesarus ",17.1466,39.39654,-750.0,60.0,1.0
-125,-100,1087,,16.9617,39.496,-330.0,60.0,1.0
-125,-100,1088,"Sybaris ad Traeis, on R Traeis",16.771,39.59,-443.0,10.0,1.0
-125,-100,1090,"archaic Sybaris, on R Sybaris and R Crathis, Thourioi, Thurii, Copia",16.491191,39.717044,-720.0,20.0,1.0
-125,-100,1091,,16.538059,39.865106,-1500.0,100.0,1.0
-125,-100,1093,,16.60264,40.04726,-550.0,60.0,1.0
-125,-100,1095,,16.64197,40.15955,-330.0,60.0,1.0
-125,-100,1097,"Siris, on R Siris",16.6682,40.1658,-750.0,60.0,1.0
-125,-100,1098,"Heraclea, Heraclee ",16.67,40.22,-550.0,60.0,1.0
-125,-100,1098.0999999999999,,16.6642,40.2934,-1500.0,100.0,1.0
-125,-100,1099,"Metapontum, Metaponte",16.8352,40.3728,-750.0,60.0,1.0
-125,-100,1100,"Tarentum, Taras, Neptuna",17.228144,40.472032,-750.0,60.0,1.0
-125,-100,1103,"Satyrion, Saturnum ",17.30396,40.37282,-1500.0,100.0,1.0
-125,-100,1104,,17.50013,40.30372,-330.0,60.0,1.0
-125,-100,1105,Port Sasina ,17.896215,40.25706,-750.0,60.0,1.0
-125,-100,1106,Port of Neretum,17.983673,40.137046,-750.0,60.0,1.0
-125,-100,1107,"Kallipolis, Callipolis, Anxa ",17.979931,40.054413,-750.0,60.0,1.0
-125,-100,1109,,18.31,39.8138,-330.0,60.0,1.0
-125,-100,1110,"Portus Sallentinus, Leuke, near Iapygia Prom.",18.362675,39.792157,-750.0,60.0,1.0
-125,-100,1112,"Zancle, Zankle, Messana, Messene",15.560811,38.192865,-730.0,20.0,1.0
-125,-100,1113,,15.536584,38.145129,-750.0,60.0,1.0
-125,-100,1114,"Phoinix, Tamaricii, Palmae ",15.37,37.9438,-330.0,60.0,1.0
-125,-100,1115,,15.3078,37.878,-330.0,60.0,1.0
-125,-100,1116,Tauromenium ,15.302,37.848,-550.0,60.0,1.0
-125,-100,1117,"Naxos, Naxus ",15.2694,37.8239,-470.0,20.0,1.0
-125,-100,1118,"Archaic Naxos, near R Akesines",15.2694,37.8193,-734.0,10.0,1.0
-125,-100,1123,"Katane, Catina ",15.0873,37.5024,-750.0,60.0,1.0
-125,-100,1123.2,"Leontinoi, on R Terias",14.998,37.2855,-750.0,60.0,1.0
-125,-100,1124,,15.132834,37.310011,-750.0,60.0,1.0
-125,-100,1125.0999999999999,"Xiphoneos, Xiphonia, Xiphon",15.207,37.234,-330.0,60.0,1.0
-125,-100,1126,"Megara Hyblaea, on R Alabon",15.183741,37.205772,-750.0,60.0,1.0
-125,-100,1127,"Tapsus, Thapsos ",15.228473,37.145257,-1200.0,100.0,1.0
-125,-100,1128,"Leon, landing place of Athenian fleet in 414 BC",15.2615,37.1076,-4000.0,100.0,1.0
-125,-100,1132,"Syracuse, ""Large Port"", on the isle of Sikelia, Sicania, Trinacria, major Greek (Corinthian) settlement in Sicily",15.288,37.06,-733.0,10.0,1.0
-125,-100,1138,Portus Naustathamus?,15.214525,36.95611,-750.0,60.0,1.0
-125,-100,1140,"Helorus, Elorus, on R Helorus",15.1075,36.8422,-750.0,60.0,1.0
-125,-100,1141,Phoenicus portus ,15.0985,36.803,-330.0,60.0,1.0
-125,-100,1143,"Portus Pachino, Pachyno, Pachyni, Apollineum ",15.1385,36.6857,-330.0,60.0,1.0
-125,-100,1146,R Hirminum,14.594,36.771,-750.0,60.0,1.0
-125,-100,1148,"Kamarina, on R Hipparis",14.440957,36.866878,-598.0,10.0,1.0
-125,-100,1150,,14.3,37.032,-550.0,60.0,1.0
-125,-100,1152,"Gela, on R Gela",14.2583,37.063,-688.0,10.0,1.0
-125,-100,1154,,14.197,37.0842,-750.0,60.0,1.0
-125,-100,1155,"Port of Maktorion, Mactorium?",14.138661,37.100201,-750.0,60.0,1.0
-125,-100,1156,"Phintias, on R Himeras",13.9317,37.1,-330.0,60.0,1.0
-125,-100,1158,,13.881,37.102,-750.0,60.0,1.0
-125,-100,1160,,13.780019,37.144488,-750.0,60.0,1.0
-125,-100,1161,,13.695341,37.17957,-550.0,60.0,1.0
-125,-100,1162.0999999999999,,13.624,37.233,-1400.0,100.0,1.0
-125,-100,1163,"Agrakas, Akragas, Agrigentum, on R Hypsas",13.581,37.2687,-580.0,20.0,1.0
-125,-100,1166,"Heraclea Minoa, on R Halycus",13.28,37.3937,-750.0,60.0,1.0
-125,-100,1167,,13.256671,37.414943,-750.0,60.0,1.0
-125,-100,1169,"Selinus, Selinunt, Selinonte east port",12.8294,37.5845,-650.0,30.0,1.0
-125,-100,1170,"Selinus, Selinunt, Selinonte west port, on R Selinon",12.82116,37.5828,-650.0,30.0,1.0
-125,-100,1171,"Mazara, on R Mazara",12.587605,37.644211,-550.0,60.0,1.0
-125,-100,1172,"Lilybaion, Lilybee South port?",12.43,37.7937,-750.0,60.0,1.0
-125,-100,1173,"Lilybaion, Lilybee Main port",12.428115,37.808131,-750.0,60.0,1.0
-125,-100,1174,"Lilybaion, Lilybee North port?",12.443337,37.8124,-750.0,60.0,1.0
-125,-100,1176,"Motye, Motya",12.4646,37.8641,-750.0,60.0,1.0
-125,-100,1176.0999999999999,"Motye, Motya",12.4724,37.86902,-350.0,30.0,1.0
-125,-100,1176.2,"Motye, Motya",12.47,37.8715,-350.0,30.0,1.0
-125,-100,1177,"Aigousa insula, anchorage of Roman fleet before the famous battle of the Egadi Islands (10 March 241 BC), Odysseus' port of the Cyclops? ",12.322489,37.934044,-750.0,60.0,1.0
-125,-100,1179,"Maritima, Hieronesos, Hiera insula",12.077769,37.970422,-330.0,60.0,1.0
-125,-100,1180,"Bucinna, Phorbantia insula",12.321625,38.00168,-10000.0,100.0,1.0
-125,-100,1181,"Drepanum, Drepane ",12.502194,38.007961,-330.0,60.0,1.0
-125,-100,1182,"Port of Erix, Eryx, Erice, Carthaginian base camp during the famous battle of the Egadi Islands (10 March 241 BC)",12.58963,38.070435,-550.0,60.0,1.0
-125,-100,1182.0999999999999,,12.6801,38.1123,-250.0,30.0,1.0
-125,-100,1182.2,,12.736,38.186,-400.0,30.0,1.0
-125,-100,1182.3,,12.7692,38.1673,-400.0,30.0,1.0
-125,-100,1184,"Emporion Segestanon, Emporium of the Aegestes, port of Segesta, on R Crimisus",12.88,38.0295,-330.0,60.0,1.0
-125,-100,1184.0999999999999,,13.0791,38.1732,-400.0,30.0,1.0
-125,-100,1187,,13.182596,38.71968,-1500.0,100.0,1.0
-125,-100,1188.0999999999999,Pakonia?,13.23715,38.2079,-300.0,30.0,1.0
-125,-100,1189,"Panhormus, Panorme",13.368583,38.120398,-750.0,60.0,1.0
-125,-100,1190,"Solus, port of Solonte ",13.542862,38.081694,-750.0,60.0,1.0
-125,-100,1191,"Thermai, Thermae Himeraeae, on R Thermos",13.690394,37.993991,-550.0,60.0,1.0
-125,-100,1192,,13.7815,37.9743,-330.0,60.0,1.0
-125,-100,1193,"Himera, Himere, on R Himeras",13.8215,37.9683,-729.0,10.0,1.0
-125,-100,1195,"Cephaloedium, Cephalidium ",14.024107,38.043883,-550.0,60.0,1.0
-125,-100,1196,"Halaesa, on R Halaisos",14.263,37.998,-330.0,60.0,1.0
-125,-100,1197,"Kale Akte, Calate ",14.448292,38.036496,-550.0,60.0,1.0
-125,-100,1199,Agathyrnum ,14.752,38.164,-550.0,60.0,1.0
-125,-100,1202,"Egira, Erikodes, Ericusa Insula",14.351188,38.5428,-330.0,60.0,1.0
-125,-100,1203,"Celsina, Phoenicusa, Phoinikoussa insula",14.5883,38.5569,-1500.0,100.0,1.0
-125,-100,1204,Didyma insula,14.8696,38.5739,-1500.0,100.0,1.0
-125,-100,1205,"Lipara on Liparos insula, Meligounis nesos",14.9568,38.4717,-1500.0,100.0,1.0
-125,-100,1206,"Heraclea, Hiera Thermessa insula,  Hiera Hephaistou insula",14.966446,38.416361,-550.0,60.0,1.0
-125,-100,1207,"Aegina, Euonymus insula",15.0636,38.6256,-1500.0,100.0,1.0
-125,-100,1209,"Strongilos, Eolie, possibly Odysseus' stopover on the isle of Aeolos",15.244209,38.797457,-1500.0,100.0,1.0
-125,-100,1210,Tyndaris ,15.044,38.1433,-550.0,60.0,1.0
-125,-100,1212,"Myle, Mylae ",15.2428,38.2177,-750.0,60.0,1.0
-125,-100,1213,"Naulochos, Naulocha ",15.371783,38.22509,-330.0,60.0,1.0
-125,-100,1242,"Castrum Minerva, Port of Venus, Limen Aphrodites, Athenaion ",18.435411,40.011636,-550.0,60.0,1.0
-125,-100,1242.0999999999999,,18.4849,40.079,-330.0,60.0,1.0
-125,-100,1243,"Hydros, Hydruntum, Otrante ",18.490869,40.148182,-750.0,60.0,1.0
-125,-100,1243.0999999999999,,18.4732,40.1841,-330.0,60.0,1.0
-125,-100,1243.2,,18.431,40.277,-330.0,60.0,1.0
-125,-100,1244,Port Tarentin ,18.4263,40.2871,-1500.0,100.0,1.0
-125,-100,1245,,18.409136,40.301208,-750.0,60.0,1.0
-125,-100,1247,"Brindes, Brentesium, Brundisium, Bronduse",17.948953,40.641441,-750.0,60.0,1.0
-125,-100,1248,,17.8705,40.6875,-330.0,60.0,1.0
-125,-100,1249,,17.7983,40.7137,-750.0,60.0,1.0
-125,-100,1250.0999999999999,Karbina,17.6983,40.7596,-1500.0,100.0,1.0
-125,-100,1252,Gnathia ,17.391,40.8896,-750.0,60.0,1.0
-125,-100,1254,"Turris Caesaris, Neapolis ",17.2183,40.9975,-330.0,60.0,1.0
-125,-100,1257,,16.997139,41.090957,-750.0,60.0,1.0
-125,-100,1259,Natiolum ,16.669838,41.192824,-330.0,60.0,1.0
-125,-100,1262,Barduli ,16.287075,41.334436,-330.0,60.0,1.0
-125,-100,1263.0999999999999,,16.0811,41.3592,-1500.0,100.0,1.0
-125,-100,1264,San Vito ,16.03185,41.3848,-330.0,60.0,1.0
-125,-100,1267,,15.8378,41.519,-750.0,60.0,1.0
-125,-100,1268,"Coppa Nevigatta, on R Aquilo",15.8338,41.558,-5000.0,100.0,1.0
-125,-100,1270,"Sipous, Sipontum, Sipunte ",15.9221,41.617859,-330.0,60.0,1.0
-125,-100,1271,"Apanestae, Apeneste",16.06038,41.69375,-750.0,60.0,1.0
-125,-100,1274,"Portus Aggasus, Port Agasus ",16.183,41.885,-550.0,60.0,1.0
-125,-100,1277,"Hyria, Uria",15.83039,41.8821,-330.0,60.0,1.0
-125,-100,1284,,15.05334,41.93962,-750.0,60.0,1.0
-125,-100,1286,Buca?,14.9976,42.0066,-330.0,60.0,1.0
-125,-100,1288,"Histonium, Istonium ",14.7205,42.1188,-550.0,60.0,1.0
-125,-100,1289,Buca?,14.7125,42.172,-330.0,60.0,1.0
-125,-100,1291,"Gualdi, port of Anxanum ",14.4434,42.3103,-550.0,60.0,1.0
-125,-100,1292,"Orton, Hortona",14.4098,42.357,-330.0,60.0,1.0
-125,-100,1293,"Aternum, Ostia Aterni, on R Aternus",14.2118,42.4614,-330.0,60.0,1.0
-125,-100,1294.0999999999999,"Matrinus, port of Hatria, Adria at the outlet of R Matrinus",14.138,42.5332,-330.0,60.0,1.0
-125,-100,1296,"Castrum Novum, on R Batinus",13.971,42.7356,-330.0,60.0,1.0
-125,-100,1297,"Castrum Truentinum, Truentum, on R Truentinum",13.901,42.8908,-330.0,60.0,1.0
-125,-100,1298,Cupra Maritima,13.8534,43.034,-750.0,60.0,1.0
-125,-100,1299,"Castellum Firmanorum, port of Firmum Picenum, Etruscan Permu",13.8011,43.1605,-330.0,60.0,1.0
-125,-100,1301,"Potentia, near R Flosis",13.6711,43.4142,-330.0,60.0,1.0
-125,-100,1302,Numana ,13.628195,43.50729,-750.0,60.0,1.0
-125,-100,1305,"Sena Gallica, on R Sena",13.2185,43.7123,-330.0,60.0,1.0
-125,-100,1306,,13.175681,43.75246,-750.0,60.0,1.0
-125,-100,1308,Fanum Fortunae ,13.019325,43.858514,-330.0,60.0,1.0
-125,-100,1309,"Pisaurum, on R Pisaurus",12.92,43.9159,-550.0,60.0,1.0
-125,-100,1311,"Ariminum, Etruscan Arimna, Harimne, on R Ariminus & R Ausa",12.5739,44.0623,-550.0,60.0,1.0
-125,-100,1316,"Butrium, Budrium, port of Budrio ",12.14588,44.53989,-330.0,60.0,1.0
-125,-100,1319,"Pomposa, Etruscan Spina, at the outlet of R Padus",12.10256,44.6943,-750.0,60.0,1.0
-125,-100,1323,Hadriani ,12.17741,44.94566,-750.0,60.0,1.0
-125,-100,1326,"Atria, Etruscan Hatria ",12.067121,45.048536,-750.0,60.0,1.0
-125,-100,1339,Altinum ,12.4077,45.5428,-550.0,60.0,1.0
-125,-100,1345,"Eraclia, Port on R Anassum or Anaxum ",12.6573,45.6378,-1300.0,100.0,1.0
-125,-100,1347.1,,12.8872,45.6356,-1200.0,100.0,1.0
-125,-100,1348.1,,13.1286,45.7714,-1300.0,100.0,1.0
-125,-100,1348.2,,13.1542,45.7705,-1300.0,100.0,1.0
-125,-100,1349.1,,13.3203,45.7648,-1500.0,100.0,1.0
-125,-100,1351,"Aquileia, Aquilee, on ancient course of R Aesontius, Sontius, Isontius (ca. 50 m wide)",13.3695,45.7748,-200.0,30.0,1.0
-125,-100,1354,Etruscan Tarcste,13.771666,45.649509,-330.0,60.0,1.0
-125,-100,1355,,13.844,45.606,-178.0,10.0,1.0
-100,-75,753,"Olbia, Roman port",9.5031,40.9275,-330.0,60.0,1.0
-100,-75,753.1,"Olbia, Punic port and Roman port",9.5057,40.9232,-750.0,60.0,1.0
-100,-75,754,Coclearia ,9.675812,40.784988,-30.0,75.0,0.11666666666666667
-100,-75,755,"Pheronia, Feronia ",9.722893,40.639368,-30.0,75.0,0.11666666666666667
-100,-75,756,Portus Liguidonis,9.751357,40.616236,-30.0,75.0,0.11666666666666667
-100,-75,756.1,Outlet of R Kaidris,9.734,40.373,-1500.0,100.0,1.0
-100,-75,757,"Sulcis, Sulpicius, Supicius ",9.706108,39.912462,-330.0,60.0,1.0
-100,-75,758,Custodia Rubriensis ,9.686434,39.833966,-30.0,75.0,0.11666666666666667
-100,-75,761,"Sarcapos, Sarpach, on R Saipros",9.631611,39.425626,-30.0,75.0,0.11666666666666667
-100,-75,762,Caralitanum Prom.,9.516373,39.11649,-330.0,60.0,1.0
-100,-75,764,,9.27361,39.21267,-30.0,75.0,0.11666666666666667
-100,-75,765,"Caralis, Carales, on R Sulcis",9.112387,39.211683,-750.0,60.0,1.0
-100,-75,766,,9.10834,39.22054,-30.0,75.0,0.11666666666666667
-100,-75,766.1,,9.005325,39.095552,-1500.0,100.0,1.0
-100,-75,766.2,,9.0236,39.0619,-1500.0,100.0,1.0
-100,-75,767,Nora ,9.01444,38.987048,-750.0,60.0,1.0
-100,-75,768,Nora ,9.012555,38.984715,-750.0,60.0,1.0
-100,-75,769,Nora ,9.012066,38.988036,-750.0,60.0,1.0
-100,-75,769.1,"Littus anneum, Aigialos Proseches?",8.9971,38.9843,-30.0,75.0,0.11666666666666667
-100,-75,770,"Bitia, Bithia, Bioea ",8.8849,38.8956,-750.0,60.0,1.0
-100,-75,772.1,,8.7779,38.9083,-30.0,75.0,0.11666666666666667
-100,-75,773,"Port of Tegulitia, Tegula ",8.7236,38.9347,-30.0,75.0,0.11666666666666667
-100,-75,778,"Sulcis, Solci (export of copper?)",8.462004,39.06534,-750.0,60.0,1.0
-100,-75,779,Enosis insula,8.321367,39.140566,-30.0,75.0,0.11666666666666667
-100,-75,780,,8.4887,39.1774,-750.0,60.0,1.0
-100,-75,781,Metalla? ,8.5002,39.394,-500.0,30.0,1.0
-100,-75,781.1,,8.4601,39.5681,-7000.0,100.0,1.0
-100,-75,782.1,,8.4946,39.7145,-30.0,75.0,0.11666666666666667
-100,-75,783,,8.60514,39.72744,-330.0,60.0,1.0
-100,-75,784,,8.6645,39.78592,-30.0,75.0,0.11666666666666667
-100,-75,785,,8.5822,39.7945,-30.0,75.0,0.11666666666666667
-100,-75,786,"Othaia, Othoca, on R Thyrsos",8.60849,39.86957,-750.0,60.0,1.0
-100,-75,786.1,,8.495,39.925,-4500.0,100.0,1.0
-100,-75,787,"Tarrai, Tharros, Tarrhos, Punic port",8.44,39.892,-750.0,60.0,1.0
-100,-75,787.1,"Tarrai, Tharros, Tarrhos, possible Nuragic port",8.4416,39.8789,-1500.0,100.0,1.0
-100,-75,788,"Tarrai, Tharros, Tarrhos",8.437959,39.859288,-750.0,60.0,1.0
-100,-75,788.1,,8.3936,39.9725,-1200.0,100.0,1.0
-100,-75,788.2,,8.3066,39.988,-1200.0,100.0,1.0
-100,-75,789,"Coracodes, Korakodes portus",8.409895,40.043873,-1200.0,100.0,1.0
-100,-75,790,"Cornus, Kornos",8.490364,40.087832,-330.0,60.0,1.0
-100,-75,791,"Bosa, on R Temos",8.469417,40.284535,-330.0,60.0,1.0
-100,-75,792,"Carbia, Garbia ",8.306281,40.569916,-30.0,75.0,0.11666666666666667
-100,-75,793,Nymphaeus portus ,8.189645,40.616568,-750.0,60.0,1.0
-100,-75,794,Nure ,8.19785,40.682966,-30.0,75.0,0.11666666666666667
-100,-75,796,"Turris Libyssonis, Libisonis",8.3918,40.8368,-330.0,60.0,1.0
-100,-75,796.1,"Turris Libyssonis, Libisonis",8.3941,40.8391,-330.0,60.0,1.0
-100,-75,796.2,"Turris Libyssonis, Libisonis",8.4016,40.8392,-330.0,60.0,1.0
-100,-75,796.3,"Turris Libyssonis, Libisonis",8.4089,40.8389,-330.0,60.0,1.0
-100,-75,797,,8.62901,40.87198,-30.0,75.0,0.11666666666666667
-100,-75,798,,8.68912,40.90308,-30.0,75.0,0.11666666666666667
-100,-75,799,Portus Tibulae ,8.706077,40.916939,-30.0,75.0,0.11666666666666667
-100,-75,800,Viniolae,9.060096,41.129461,-30.0,75.0,0.11666666666666667
-100,-75,801,,9.1609,41.2404,-330.0,60.0,1.0
-100,-75,802,Tibula?,9.195259,41.237221,-30.0,75.0,0.11666666666666667
-100,-75,803,"Turublum Minus, Lamos?, Telepylos?, possible port of the Laestrygonians and stopover of Odysseus, near famous Arktou Akra Prom.",9.275693,41.199135,-1500.0,100.0,1.0
-100,-75,805,Elefantaria,9.444,41.105,-30.0,75.0,0.11666666666666667
-100,-75,811,,7.564,43.7902,-30.0,75.0,0.11666666666666667
-100,-75,811.1,"Vintimilio plagia, Album Intermilium, Albintimilium",7.6252,43.7893,-550.0,60.0,1.0
-100,-75,812,,7.75954,43.80824,-30.0,75.0,0.11666666666666667
-100,-75,813,Matutia,7.7807,43.8147,-30.0,75.0,0.11666666666666667
-100,-75,814,,7.83858,43.82099,-30.0,75.0,0.11666666666666667
-100,-75,816,"Portus Mauritii, Portu Maurici ",8.0207,43.8737,-30.0,75.0,0.11666666666666667
-100,-75,817,Lucus Bormani ,8.0859,43.9068,-30.0,75.0,0.11666666666666667
-100,-75,818,"Albingauno, Albenganum ",8.2133,44.047,-550.0,60.0,1.0
-100,-75,819,Pullopice,8.342,44.164,-30.0,75.0,0.11666666666666667
-100,-75,821,"Vada Sabatia, Vadis Savadis",8.4359,44.2693,-100.0,30.0,0.7083333333333334
-100,-75,823,"Savo, Vicus Virginis? ",8.479161,44.296439,-330.0,60.0,1.0
-100,-75,824,Alba Docilia ,8.51187,44.33385,-30.0,75.0,0.11666666666666667
-100,-75,826,Ad Navalia ,8.633105,44.37737,-30.0,75.0,0.11666666666666667
-100,-75,827,Hasta ,8.744872,44.422373,-30.0,75.0,0.11666666666666667
-100,-75,828,Sestri Ponente ,8.867501,44.395427,-30.0,75.0,0.11666666666666667
-100,-75,829,Genua,8.9284,44.411,-600.0,30.0,1.0
-100,-75,830,"archaic landing place of Genua, Etruscan Cainua?",8.94388,44.409,-1000.0,100.0,1.0
-100,-75,832,Delphinis ,9.1526,44.349,-30.0,75.0,0.11666666666666667
-100,-75,833,"Portu Delphini, Port du Dauphin ",9.211589,44.302575,-30.0,75.0,0.11666666666666667
-100,-75,835,Tegulata ,9.338812,44.299149,-30.0,75.0,0.11666666666666667
-100,-75,836,"Segesta, Tigulliorum ",9.389291,44.273009,-30.0,75.0,0.11666666666666667
-100,-75,837,Ad Monilia ,9.484384,44.234533,-30.0,75.0,0.11666666666666667
-100,-75,838,Antion ,9.546199,44.202859,-550.0,60.0,1.0
-100,-75,839,Portus Veneris ,9.833473,44.049041,-30.0,75.0,0.11666666666666667
-100,-75,840,,9.841662,44.063586,-100.0,30.0,0.7083333333333334
-100,-75,844,"Portus Lunae, Lune, Selene, Etruscan Luna, near R Macra  (export of white marble)",10.0152,44.0608,-330.0,60.0,1.0
-100,-75,846,Fossae Papirianae,10.16,43.951,-30.0,75.0,0.11666666666666667
-100,-75,847,,10.28083,43.87307,-750.0,60.0,1.0
-100,-75,848,,10.3602,43.83659,-330.0,60.0,1.0
-100,-75,849,,10.32724,43.76764,-750.0,60.0,1.0
-100,-75,850,,10.33555,43.73476,-750.0,60.0,1.0
-100,-75,851,"Port of Pise, Pisa, Etruscan Pisna, Peithusa, Pithsa, on ancient R Auser, near R Arnus",10.3862,43.7211,-550.0,60.0,1.0
-100,-75,852,,10.346,43.68,-30.0,75.0,0.11666666666666667
-100,-75,853,,10.3934,43.6386,-5000.0,100.0,1.0
-100,-75,854,"Triturrita? Turrita? Near Portus Pisanus, Pisarum emporio, Liburnus Portus, Portus Herculis Liburni, Portus Labro, Etruscan Liburna",10.3343,43.5733,-5000.0,100.0,1.0
-100,-75,855,,10.4182,43.4022,-330.0,60.0,1.0
-100,-75,856,"Vadis, Vada Volaterrana ",10.44801,43.35981,-330.0,60.0,1.0
-100,-75,857,"Caecina, Etruscan Ceicna, Caicni",10.5106,43.3099,-30.0,75.0,0.11666666666666667
-100,-75,858.1,,10.531,43.099,-5000.0,100.0,1.0
-100,-75,859,"Populonio, Poplonium, Etruscan Fufluna, Pupluna",10.5014,42.9924,-750.0,60.0,1.0
-100,-75,860,"Falesia, Porto Falese ",10.559041,42.934297,-5000.0,100.0,1.0
-100,-75,861,,10.67991,42.9663,-330.0,60.0,1.0
-100,-75,862,Etruscan Fullona,10.757,42.917,-700.0,30.0,1.0
-100,-75,863,,10.787,42.89577,-30.0,75.0,0.11666666666666667
-100,-75,866,"Ilva, Aithalia, Ethalie ",10.273798,42.770152,-5000.0,100.0,1.0
-100,-75,867,"Argous portus, Argoos, ",10.329861,42.813066,-750.0,60.0,1.0
-100,-75,872,Planasia insula,10.082156,42.582969,-330.0,60.0,1.0
-100,-75,873,,10.09386,42.59297,-5000.0,100.0,1.0
-100,-75,876,Salebro,10.8868,42.765,-30.0,75.0,0.11666666666666667
-100,-75,878,,11.13614,42.56418,-30.0,75.0,0.11666666666666667
-100,-75,880,R Alminia,11.20724,42.49566,-30.0,75.0,0.11666666666666667
-100,-75,880.1,,11.173,42.431,-1000.0,100.0,1.0
-100,-75,881,"Domitiana positio, Portus Domitianus ",11.152682,42.436562,-30.0,75.0,0.11666666666666667
-100,-75,882,Incitaria?,11.1166,42.4396,-30.0,75.0,0.11666666666666667
-100,-75,884.1,,10.922725,42.3593,-330.0,60.0,1.0
-100,-75,885,Oglasa insula,10.309211,42.331958,-5000.0,100.0,1.0
-100,-75,886,"Portu Herculis, Port of Hercules",11.2086,42.3912,-330.0,60.0,1.0
-100,-75,888,,11.242,42.4459,-30.0,75.0,0.11666666666666667
-100,-75,888.1,,11.2774,42.4201,-1000.0,100.0,1.0
-100,-75,889,"Artemisia, Dianium insula",11.103834,42.253963,-30.0,75.0,0.11666666666666667
-100,-75,890,"Villa Domitia, on Artemisia, Dianium insula",11.096265,42.25423,-30.0,75.0,0.11666666666666667
-100,-75,891,"Cosa, Cossae, Portus Herculis Cosanus, Etruscan Cusi, Cuthi",11.293827,42.40709,-330.0,60.0,1.0
-100,-75,891.1,,11.38,42.4,-30.0,75.0,0.11666666666666667
-100,-75,892,"R Arnine, Armenta, port of Vulci, Etruscan Velch, Velx",11.5856,42.3251,-30.0,75.0,0.11666666666666667
-100,-75,893,"Regis, Regae ",11.6041,42.3122,-750.0,60.0,1.0
-100,-75,894,Quintiana,11.6518,42.2824,-30.0,75.0,0.11666666666666667
-100,-75,895,"Martanum, Maltano, Etruscan port",11.6783,42.2493,-30.0,75.0,0.11666666666666667
-100,-75,896,"Graviscae, port of Tarquinia, Etruscan Tarchuna, Tarchna, possible first settlement of Etruscan people",11.7066,42.2144,-750.0,60.0,1.0
-100,-75,897,Rapinium,11.737,42.167,-30.0,75.0,0.11666666666666667
-100,-75,898,"Algae, Etruscan port",11.75841,42.12394,-30.0,75.0,0.11666666666666667
-100,-75,899.1,,11.78,42.106,-30.0,75.0,0.11666666666666667
-100,-75,901,,11.803,42.074,-30.0,75.0,0.11666666666666667
-100,-75,902,,11.81967,42.0487,-30.0,75.0,0.11666666666666667
-100,-75,902.1,,11.8243,42.0446,-500.0,30.0,1.0
-100,-75,903,"Castrum Novum (port of Caere, Coere, Agylla), Etruscan port",11.8305,42.0383,-287.0,10.0,1.0
-100,-75,904.1,Punicum ,11.8715,42.035,-330.0,60.0,1.0
-100,-75,905,,11.903,42.0398,-30.0,75.0,0.11666666666666667
-100,-75,905.1,,11.9354,42.0288,-30.0,75.0,0.11666666666666667
-100,-75,906,"Pyrgoi, Pyrgi (also called The Towers), port of Agylle, Caere, Etruscan Chaire, Caisra, Cisra",11.9565,42.0152,-750.0,60.0,1.0
-100,-75,906.1,"Pyrgoi, Pyrgi (also called The Towers), port of Agylle, Caere, Etruscan Chaire, Caisra, Cisra",11.9604,42.015,-750.0,60.0,1.0
-100,-75,906.2,Etruscan submerged structure,11.977,41.9957,-750.0,60.0,1.0
-100,-75,908,,12.0493,41.9555,-30.0,75.0,0.11666666666666667
-100,-75,909,"Alsium, port of Agylla, Caere, Coere, Etruscan Chaire, Caisra",12.100837,41.932961,-750.0,60.0,1.0
-100,-75,910,,12.1253,41.9271,-330.0,60.0,1.0
-100,-75,911,,12.1424,41.9128,-330.0,60.0,1.0
-100,-75,912,"Fregenae, Etruscan Ficrine",12.18341,41.853058,-330.0,60.0,1.0
-100,-75,916,"Ostia, port of Rome",12.279848,41.75343,-640.0,20.0,1.0
-100,-75,917,Ostia,12.290905,41.75752,-750.0,60.0,1.0
-100,-75,921,Ficana,12.35306,41.80187,-750.0,60.0,1.0
-100,-75,922,Portus Vicus Alexandri,12.471443,41.847394,-330.0,60.0,1.0
-100,-75,930,"Portus Tiberinus, near Pons Aemilius, oldest archaic port of Rome, close to Foro Romano and Horrea Agrippiana",12.4809,41.8892,-753.0,10.0,1.0
-100,-75,932,,12.3125,41.7446,-30.0,75.0,0.11666666666666667
-100,-75,932.1,,12.3468,41.7111,-30.0,75.0,0.11666666666666667
-100,-75,933,,12.3637,41.7004,-30.0,75.0,0.11666666666666667
-100,-75,934,"Praetorium de Laurentum, Laureta, Loreta",12.3915,41.6809,-30.0,75.0,0.11666666666666667
-100,-75,934.1,,12.3984,41.6735,-30.0,75.0,0.11666666666666667
-100,-75,935,Troia?,12.4685,41.6137,-550.0,60.0,1.0
-100,-75,936,,12.4732,41.61634,-30.0,75.0,0.11666666666666667
-100,-75,937,,12.4988,41.5912,-30.0,75.0,0.11666666666666667
-100,-75,938,Castrum Inui,12.5113,41.5803,-750.0,60.0,1.0
-100,-75,939,Lacus Nemorensis (Caligula's Naumachies),12.7,41.70552,-30.0,75.0,0.11666666666666667
-100,-75,940,Lacus Albanus (Caligula's Naumachies),12.668608,41.745241,-30.0,75.0,0.11666666666666667
-100,-75,942,,12.5869,41.4859,-30.0,75.0,0.11666666666666667
-100,-75,943,"Antium, Nero's port, Etruscan Anth? Caenon?",12.628393,41.442702,-750.0,60.0,1.0
-100,-75,944,,12.65254,41.45554,-30.0,75.0,0.11666666666666667
-100,-75,945,,12.65607,41.45583,-30.0,75.0,0.11666666666666667
-100,-75,946,Caenon?,12.66064,41.45612,-30.0,75.0,0.11666666666666667
-100,-75,946.1,,12.7299,41.4315,-30.0,75.0,0.11666666666666667
-100,-75,949,"Astura, Storas, on R Astura",12.767198,41.407351,-330.0,60.0,1.0
-100,-75,950,Clostra Romana ,12.868416,41.401924,-30.0,75.0,0.11666666666666667
-100,-75,951,Ad Turres Albas ,12.91288,41.375768,-330.0,60.0,1.0
-100,-75,952,,13.0396,41.2684,-30.0,75.0,0.11666666666666667
-100,-75,953,"Port of Circei, Circe, Eea, Aeaea, Aiaia, Aia insula?, possible stopover for Odysseus",13.04425,41.253072,-330.0,60.0,1.0
-100,-75,954,"Circei, Circaeum Prom., Kirkaion, outlet of Nero's Fossa Augusta",13.1052,41.2405,-550.0,60.0,1.0
-100,-75,955,"Terracina, Tarracina, Anxur, Etruscan Tarchna, Tarkina",13.2545,41.286,-500.0,30.0,1.0
-100,-75,956,Fundi,13.42926,41.35738,-330.0,60.0,1.0
-100,-75,957,Pontia insula,12.964786,40.894781,-750.0,60.0,1.0
-100,-75,958,Pandataria insula,13.433896,40.797822,-30.0,75.0,0.11666666666666667
-100,-75,958.2,Pandataria insula,13.4348,40.7968,-30.0,75.0,0.11666666666666667
-100,-75,960,Speluncae ,13.432844,41.253212,-30.0,75.0,0.11666666666666667
-100,-75,961,Villa Tiberii ,13.449773,41.250255,-30.0,75.0,0.11666666666666667
-100,-75,961.1,,13.4547,41.249,-100.0,30.0,0.7083333333333334
-100,-75,961.2,,13.4879,41.235,-70.0,20.0,0.0625
-100,-75,961.3,,13.512,41.224,-100.0,30.0,0.7083333333333334
-100,-75,962,"Caiete, Caieta, Caeatas, Aeete, Etruscan Caithi",13.586,41.211,-330.0,60.0,1.0
-100,-75,962.1,,13.55314,41.20846,-30.0,75.0,0.11666666666666667
-100,-75,962.2,,13.5705,41.231,-30.0,75.0,0.11666666666666667
-100,-75,962.3,,13.5753,41.2405,-30.0,75.0,0.11666666666666667
-100,-75,962.4,,13.591,41.2476,-30.0,75.0,0.11666666666666667
-100,-75,962.5,,13.5956,41.2485,-30.0,75.0,0.11666666666666667
-100,-75,963,,13.5981,41.25082,-30.0,75.0,0.11666666666666667
-100,-75,964,"Formiae, Formies, Hormies ",13.6057,41.253,-330.0,60.0,1.0
-100,-75,965,"Formiae, Formies, Hormies ",13.608778,41.255461,-30.0,75.0,0.11666666666666667
-100,-75,965.1,"Formiae, Formies, Hormies ",13.6116,41.2578,-30.0,75.0,0.11666666666666667
-100,-75,966,,13.675,41.2479,-330.0,60.0,1.0
-100,-75,967,Pyrae?,13.703677,41.250662,-330.0,60.0,1.0
-100,-75,968,"Minturnae, on via Appia, with Pons Tirenus bridge on R Liris",13.7709,41.241,-296.0,10.0,1.0
-100,-75,968.1,"Marica temple, sea-port of Minturnae",13.7645,41.2265,-700.0,30.0,1.0
-100,-75,969,,13.8408,41.15847,-330.0,60.0,1.0
-100,-75,970,"Sinuessa, Sinuesa, Sinope",13.85,41.14944,-550.0,60.0,1.0
-100,-75,971,,13.86509,41.12983,-30.0,75.0,0.11666666666666667
-100,-75,972,Aquae Sinuessanae & Pagus Sarclanus?,13.9125,41.1228,-330.0,60.0,1.0
-100,-75,973,"Volturnum, on R Vulturnus",13.92,41.0186,-550.0,60.0,1.0
-100,-75,974,"Liternum, Linternum, port of the Osci, Oskoi, Osques, Opici, Aurunci, Ausones",14.029903,40.921334,-330.0,60.0,1.0
-100,-75,975,"Cumae, Cumes, Kyme",14.051265,40.846657,-750.0,60.0,1.0
-100,-75,977,"Pithekoussai, Pithecusae, Etruscan Inarime, first Greek (Euboian) settlement in Italy",13.885913,40.754297,-750.0,60.0,1.0
-100,-75,978,,13.879064,40.696687,-700.0,30.0,1.0
-100,-75,978.1,"Procita, Prochyta insula",14.016731,40.759068,-700.0,30.0,1.0
-100,-75,978.2,,13.992,40.74,-1500.0,100.0,1.0
-100,-75,979.1,,14.0888,40.7869,-30.0,75.0,0.11666666666666667
-100,-75,984.1,"Misenos, Misenum, Misene ",14.088,40.7931,-30.0,75.0,0.11666666666666667
-100,-75,984.2,Thermae,14.0853,40.7984,-30.0,75.0,0.11666666666666667
-100,-75,984.3,Bauli,14.0831,40.8,-30.0,75.0,0.11666666666666667
-100,-75,985,Bauli,14.08134,40.80286,-30.0,75.0,0.11666666666666667
-100,-75,985.1,Bauli,14.0829,40.809,-30.0,75.0,0.11666666666666667
-100,-75,985.2,Bauli,14.083,40.8111,-30.0,75.0,0.11666666666666667
-100,-75,985.3,Bauli,14.0766,40.8126,-30.0,75.0,0.11666666666666667
-100,-75,986,"Baiae, Baïes, with access to Portus Baianus, on Lacus Baianus",14.0775,40.8183,-30.0,75.0,0.11666666666666667
-100,-75,986.1,,14.0796,40.8205,-30.0,75.0,0.11666666666666667
-100,-75,991,"Puteoli, Dikaiarcheia, Dicearque, Flavia Colonia Augusta Puteoli, Delus Minor, in the Campi Phlegraei volcano district",14.1154,40.8216,-750.0,60.0,1.0
-100,-75,994,Imperial Villa of Pausilypon ,14.1883,40.793,-30.0,75.0,0.11666666666666667
-100,-75,994.1,Imperial Villa of Pausilypon ,14.1917,40.7934,-30.0,75.0,0.11666666666666667
-100,-75,995,Imperial Villa of Pausilypon ,14.1919,40.7947,-30.0,75.0,0.11666666666666667
-100,-75,995.1,,14.2071,40.8024,-30.0,75.0,0.11666666666666667
-100,-75,997,"Parthenope, Neapolis",14.2522,40.8398,-750.0,60.0,1.0
-100,-75,997.1,Neapolis ,14.25462,40.83927,-600.0,30.0,1.0
-100,-75,998,Neapolis ,14.2524,40.83926,-600.0,30.0,1.0
-100,-75,999.1,"Herculaneum, Etruscan Herclena",14.35,40.7998,-550.0,60.0,1.0
-100,-75,1001,Oplontis ,14.4525,40.75755,-330.0,60.0,1.0
-100,-75,1001.1,Oplontis ,14.4566,40.7562,-30.0,75.0,0.11666666666666667
-100,-75,1002,"Pompeia, Porta Marina, Etruscan Pumpai",14.48226,40.74893,-750.0,60.0,1.0
-100,-75,1002.1,"Pompeia, Porta Stabia, Etruscan Pumpai",14.4908,40.7473,-750.0,60.0,1.0
-100,-75,1003,Stabiae ,14.4926,40.69976,-330.0,60.0,1.0
-100,-75,1004,Aequana ,14.4215,40.6617,-750.0,60.0,1.0
-100,-75,1005,,14.402715,40.645818,-550.0,60.0,1.0
-100,-75,1005.1,,14.3778,40.6301,-30.0,75.0,0.11666666666666667
-100,-75,1006,"Surrentum, Etruscan Irnthi",14.3698,40.6279,-330.0,60.0,1.0
-100,-75,1007,,14.3519,40.6338,-30.0,75.0,0.11666666666666667
-100,-75,1007.1,,14.3484,40.6294,-30.0,75.0,0.11666666666666667
-100,-75,1008,,14.3404,40.6263,-30.0,75.0,0.11666666666666667
-100,-75,1008.1,Minervae Prom.,14.3244,40.5692,-30.0,75.0,0.11666666666666667
-100,-75,1009,"Capraria, Capreae insula",14.236593,40.557685,-550.0,60.0,1.0
-100,-75,1010,"Capraria, Capreae insula",14.2288,40.5596,-30.0,75.0,0.11666666666666667
-100,-75,1013.1,"Seirenoussai nesoi, Anthemoessa insulae, Anthemuse, possible Siren islands, no stopover for Odysseus",14.43365,40.5825,-750.0,60.0,1.0
-100,-75,1014,,14.4871,40.62815,-30.0,75.0,0.11666666666666667
-100,-75,1016,,14.6262,40.6505,-30.0,75.0,0.11666666666666667
-100,-75,1017,Vietri ,14.713068,40.657725,-750.0,60.0,1.0
-100,-75,1019,,14.94346,40.5352,-750.0,60.0,1.0
-100,-75,1020,Portus Alburnus ,14.969769,40.488629,-330.0,60.0,1.0
-100,-75,1021,"Poseïdonia, Posidonia, Paestum, on R Silarus",14.992,40.415,-750.0,60.0,1.0
-100,-75,1022,,14.990506,40.358318,-550.0,60.0,1.0
-100,-75,1023,,14.932901,40.268002,-30.0,75.0,0.11666666666666667
-100,-75,1024,"Velia, Elea, Portus Velinus, Hyele, near R Hales",15.157,40.1602,-535.0,10.0,1.0
-100,-75,1025,Palinurus ,15.282234,40.035658,-750.0,60.0,1.0
-100,-75,1026,"Oenotrides insulae, Molpa ",15.294659,40.026788,-750.0,60.0,1.0
-100,-75,1027,"Pyxus, near Buxentum Prom.",15.516403,40.065378,-470.0,20.0,1.0
-100,-75,1028,Scidrus ,15.6222,40.07218,-330.0,60.0,1.0
-100,-75,1029,Cesernia ,15.7001,39.9922,-30.0,75.0,0.11666666666666667
-100,-75,1030,,15.716,39.9673,-30.0,75.0,0.11666666666666667
-100,-75,1030.0999999999999,,15.7436,39.9342,-30.0,75.0,0.11666666666666667
-100,-75,1031,Blanda ,15.756465,39.913511,-330.0,60.0,1.0
-100,-75,1032,,15.781146,39.81781,-750.0,60.0,1.0
-100,-75,1033,"Laos, Laus ",15.789572,39.775272,-750.0,60.0,1.0
-100,-75,1034,"Cerillea, Cerilli ",15.804176,39.709009,-330.0,60.0,1.0
-100,-75,1035,,15.848026,39.613783,-330.0,60.0,1.0
-100,-75,1036,,15.945789,39.491704,-550.0,60.0,1.0
-100,-75,1037,Port of Pandosia,16.042302,39.301273,-550.0,60.0,1.0
-100,-75,1038,"Klampeteia, Clampetia ",16.065528,39.127809,-330.0,60.0,1.0
-100,-75,1039,"Temesa, Temese, Tempsa, on R Sabutus",16.094554,39.027944,-750.0,60.0,1.0
-100,-75,1040,,16.15407,38.98683,-330.0,60.0,1.0
-100,-75,1041,Terina ,16.2389,38.9448,-550.0,60.0,1.0
-100,-75,1042,Ad Turres,16.2697,38.9282,-30.0,75.0,0.11666666666666667
-100,-75,1045,Ad Fluvium Angitulam ,16.192327,38.773926,-30.0,75.0,0.11666666666666667
-100,-75,1047.0999999999999,"Port of Hipponium, Hipponion",16.0723,38.7222,-30.0,75.0,0.11666666666666667
-100,-75,1047.2,,15.9994,38.7254,-30.0,75.0,0.11666666666666667
-100,-75,1047.3,,15.9718,38.7135,-1500.0,100.0,1.0
-100,-75,1049,,15.921,38.545,-750.0,60.0,1.0
-100,-75,1050,,15.9234,38.5247,-30.0,75.0,0.11666666666666667
-100,-75,1051,Emporion,15.95941,38.49277,-330.0,60.0,1.0
-100,-75,1052,"Medma, Mesma",15.9882,38.4821,-750.0,60.0,1.0
-100,-75,1053,"Port at the outlet of R Metaurus, Metaure ",15.871137,38.421553,-750.0,60.0,1.0
-100,-75,1054,Taurianum ,15.86494,38.39426,-330.0,60.0,1.0
-100,-75,1055,Portus Orestis,15.8336,38.351,-30.0,75.0,0.11666666666666667
-100,-75,1056,Ad Mallias,15.823,38.3162,-30.0,75.0,0.11666666666666667
-100,-75,1058,"Scyllaeum, Scylla, in front of Charybdis in Sicily, both Planktes insulae, where Odysseus possibly sailed",15.715,38.259,-750.0,60.0,1.0
-100,-75,1059,Kainys ,15.6354,38.2322,-550.0,60.0,1.0
-100,-75,1060,Ad Columnam ,15.6318,38.2193,-30.0,75.0,0.11666666666666667
-100,-75,1061,"Rhegium, Rhegion",15.634658,38.109425,-740.0,20.0,1.0
-100,-75,1063,Decastadium? On R Halex,15.792908,37.912551,-30.0,75.0,0.11666666666666667
-100,-75,1064,Scyle ,15.92,37.928,-330.0,60.0,1.0
-100,-75,1065,Hipporum ,16.070617,37.926494,-30.0,75.0,0.11666666666666667
-100,-75,1067,,16.158269,38.11782,-30.0,75.0,0.11666666666666667
-100,-75,1068,Altanum? ,16.177826,38.141495,-550.0,60.0,1.0
-100,-75,1069,"Lokroi Epizephyrioi, Locri Epizefiri, Locres ",16.2368,38.2077,-750.0,60.0,1.0
-100,-75,1070,Subsicivo? ,16.333741,38.293092,-30.0,75.0,0.11666666666666667
-100,-75,1071,"Amphissa, Santo Onofrio ",16.413143,38.318166,-750.0,60.0,1.0
-100,-75,1072,"Kaulonia, Caulonia, Aulonia, Stilida",16.5787,38.4454,-750.0,60.0,1.0
-100,-75,1073,Cocinto?,16.5843,38.4573,-30.0,75.0,0.11666666666666667
-100,-75,1075,"Scylletium, Scolacium ",16.5952,38.8076,-550.0,60.0,1.0
-100,-75,1076,"Castra Hannibalis, Camp of Annibal ",16.713868,38.85776,-330.0,60.0,1.0
-100,-75,1078,,17.023685,38.903404,-330.0,60.0,1.0
-100,-75,1080,,17.16869,38.95411,-750.0,60.0,1.0
-100,-75,1082,"Kroton, Crotone, on R Aisaros",17.126348,39.085539,-750.0,60.0,1.0
-100,-75,1083,Meto ,17.1409,39.1763,-30.0,75.0,0.11666666666666667
-100,-75,1084,Krimisa?,17.140861,39.370149,-750.0,60.0,1.0
-100,-75,1085,"Temple of Apollo Alaeus, port of Aesarus ",17.1466,39.39654,-750.0,60.0,1.0
-100,-75,1086,"Paternum, at outlet of R Hylias",17.031,39.48,-30.0,75.0,0.11666666666666667
-100,-75,1087,,16.9617,39.496,-330.0,60.0,1.0
-100,-75,1088,"Sybaris ad Traeis, on R Traeis",16.771,39.59,-443.0,10.0,1.0
-100,-75,1089,"Portus Roscia, Ruscia, Rouskiane",16.769,39.61,-30.0,75.0,0.11666666666666667
-100,-75,1090,"archaic Sybaris, on R Sybaris and R Crathis, Thourioi, Thurii, Copia",16.491191,39.717044,-720.0,20.0,1.0
-100,-75,1091,,16.538059,39.865106,-1500.0,100.0,1.0
-100,-75,1092,"Ad Vicesimum, Lagaria?",16.589,39.9483,-30.0,75.0,0.11666666666666667
-100,-75,1093,,16.60264,40.04726,-550.0,60.0,1.0
-100,-75,1094,Cugno dei Vagni ,16.6296,40.14226,-30.0,75.0,0.11666666666666667
-100,-75,1095,,16.64197,40.15955,-330.0,60.0,1.0
-100,-75,1097,"Siris, on R Siris",16.6682,40.1658,-750.0,60.0,1.0
-100,-75,1098,"Heraclea, Heraclee ",16.67,40.22,-550.0,60.0,1.0
-100,-75,1098.0999999999999,,16.6642,40.2934,-1500.0,100.0,1.0
-100,-75,1099,"Metapontum, Metaponte",16.8352,40.3728,-750.0,60.0,1.0
-100,-75,1100,"Tarentum, Taras, Neptuna",17.228144,40.472032,-750.0,60.0,1.0
-100,-75,1101,,17.31499,40.50047,-30.0,75.0,0.11666666666666667
-100,-75,1103,"Satyrion, Saturnum ",17.30396,40.37282,-1500.0,100.0,1.0
-100,-75,1104,,17.50013,40.30372,-330.0,60.0,1.0
-100,-75,1105,Port Sasina ,17.896215,40.25706,-750.0,60.0,1.0
-100,-75,1106,Port of Neretum,17.983673,40.137046,-750.0,60.0,1.0
-100,-75,1107,"Kallipolis, Callipolis, Anxa ",17.979931,40.054413,-750.0,60.0,1.0
-100,-75,1109,,18.31,39.8138,-330.0,60.0,1.0
-100,-75,1110,"Portus Sallentinus, Leuke, near Iapygia Prom.",18.362675,39.792157,-750.0,60.0,1.0
-100,-75,1111.2,Port of Traiectus ,15.589,38.246,-30.0,75.0,0.11666666666666667
-100,-75,1112,"Zancle, Zankle, Messana, Messene",15.560811,38.192865,-730.0,20.0,1.0
-100,-75,1113,,15.536584,38.145129,-750.0,60.0,1.0
-100,-75,1114,"Phoinix, Tamaricii, Palmae ",15.37,37.9438,-330.0,60.0,1.0
-100,-75,1115,,15.3078,37.878,-330.0,60.0,1.0
-100,-75,1116,Tauromenium ,15.302,37.848,-550.0,60.0,1.0
-100,-75,1117,"Naxos, Naxus ",15.2694,37.8239,-470.0,20.0,1.0
-100,-75,1118,"Archaic Naxos, near R Akesines",15.2694,37.8193,-734.0,10.0,1.0
-100,-75,1119,Acium ,15.171274,37.572564,-30.0,75.0,0.11666666666666667
-100,-75,1122,"Ulixis portus, Port of Odysseus ",15.118541,37.529208,-30.0,75.0,0.11666666666666667
-100,-75,1123,"Katane, Catina ",15.0873,37.5024,-750.0,60.0,1.0
-100,-75,1123.2,"Leontinoi, on R Terias",14.998,37.2855,-750.0,60.0,1.0
-100,-75,1124,,15.132834,37.310011,-750.0,60.0,1.0
-100,-75,1125.0999999999999,"Xiphoneos, Xiphonia, Xiphon",15.207,37.234,-330.0,60.0,1.0
-100,-75,1126,"Megara Hyblaea, on R Alabon",15.183741,37.205772,-750.0,60.0,1.0
-100,-75,1127,"Tapsus, Thapsos ",15.228473,37.145257,-1200.0,100.0,1.0
-100,-75,1128,"Leon, landing place of Athenian fleet in 414 BC",15.2615,37.1076,-4000.0,100.0,1.0
-100,-75,1132,"Syracuse, ""Large Port"", on the isle of Sikelia, Sicania, Trinacria, major Greek (Corinthian) settlement in Sicily",15.288,37.06,-733.0,10.0,1.0
-100,-75,1138,Portus Naustathamus?,15.214525,36.95611,-750.0,60.0,1.0
-100,-75,1139,,15.1486,36.91385,-30.0,75.0,0.11666666666666667
-100,-75,1140,"Helorus, Elorus, on R Helorus",15.1075,36.8422,-750.0,60.0,1.0
-100,-75,1141,Phoenicus portus ,15.0985,36.803,-330.0,60.0,1.0
-100,-75,1142,,15.0888,36.7853,-30.0,75.0,0.11666666666666667
-100,-75,1143,"Portus Pachino, Pachyno, Pachyni, Apollineum ",15.1385,36.6857,-330.0,60.0,1.0
-100,-75,1146,R Hirminum,14.594,36.771,-750.0,60.0,1.0
-100,-75,1148,"Kamarina, on R Hipparis",14.440957,36.866878,-598.0,10.0,1.0
-100,-75,1149,"Mesopotamium, port of Euboia?",14.399822,36.927737,-30.0,75.0,0.11666666666666667
-100,-75,1150,,14.3,37.032,-550.0,60.0,1.0
-100,-75,1151,Calvisiana ,14.27,37.047,-30.0,75.0,0.11666666666666667
-100,-75,1152,"Gela, on R Gela",14.2583,37.063,-688.0,10.0,1.0
-100,-75,1153,Chalae? ,14.23,37.06648,-30.0,75.0,0.11666666666666667
-100,-75,1154,,14.197,37.0842,-750.0,60.0,1.0
-100,-75,1155,"Port of Maktorion, Mactorium?",14.138661,37.100201,-750.0,60.0,1.0
-100,-75,1156,"Phintias, on R Himeras",13.9317,37.1,-330.0,60.0,1.0
-100,-75,1158,,13.881,37.102,-750.0,60.0,1.0
-100,-75,1159,"Port of Daedalium, Dedalium, Omphale ",13.856089,37.114826,-30.0,75.0,0.11666666666666667
-100,-75,1160,,13.780019,37.144488,-750.0,60.0,1.0
-100,-75,1161,,13.695341,37.17957,-550.0,60.0,1.0
-100,-75,1162,,13.6667,37.192,-30.0,75.0,0.11666666666666667
-100,-75,1162.0999999999999,,13.624,37.233,-1400.0,100.0,1.0
-100,-75,1163,"Agrakas, Akragas, Agrigentum, on R Hypsas",13.581,37.2687,-580.0,20.0,1.0
-100,-75,1164,,13.4877,37.2899,-30.0,75.0,0.11666666666666667
-100,-75,1166,"Heraclea Minoa, on R Halycus",13.28,37.3937,-750.0,60.0,1.0
-100,-75,1167,,13.256671,37.414943,-750.0,60.0,1.0
-100,-75,1168,"Thermae Selinuntinae, Aquae Larodes",13.0923,37.503,-30.0,75.0,0.11666666666666667
-100,-75,1169,"Selinus, Selinunt, Selinonte east port",12.8294,37.5845,-650.0,30.0,1.0
-100,-75,1170,"Selinus, Selinunt, Selinonte west port, on R Selinon",12.82116,37.5828,-650.0,30.0,1.0
-100,-75,1171,"Mazara, on R Mazara",12.587605,37.644211,-550.0,60.0,1.0
-100,-75,1172,"Lilybaion, Lilybee South port?",12.43,37.7937,-750.0,60.0,1.0
-100,-75,1173,"Lilybaion, Lilybee Main port",12.428115,37.808131,-750.0,60.0,1.0
-100,-75,1174,"Lilybaion, Lilybee North port?",12.443337,37.8124,-750.0,60.0,1.0
-100,-75,1176,"Motye, Motya",12.4646,37.8641,-750.0,60.0,1.0
-100,-75,1176.0999999999999,"Motye, Motya",12.4724,37.86902,-350.0,30.0,1.0
-100,-75,1176.2,"Motye, Motya",12.47,37.8715,-350.0,30.0,1.0
-100,-75,1177,"Aigousa insula, anchorage of Roman fleet before the famous battle of the Egadi Islands (10 March 241 BC), Odysseus' port of the Cyclops? ",12.322489,37.934044,-750.0,60.0,1.0
-100,-75,1179,"Maritima, Hieronesos, Hiera insula",12.077769,37.970422,-330.0,60.0,1.0
-100,-75,1180,"Bucinna, Phorbantia insula",12.321625,38.00168,-10000.0,100.0,1.0
-100,-75,1181,"Drepanum, Drepane ",12.502194,38.007961,-330.0,60.0,1.0
-100,-75,1182,"Port of Erix, Eryx, Erice, Carthaginian base camp during the famous battle of the Egadi Islands (10 March 241 BC)",12.58963,38.070435,-550.0,60.0,1.0
-100,-75,1182.0999999999999,,12.6801,38.1123,-250.0,30.0,1.0
-100,-75,1182.2,,12.736,38.186,-400.0,30.0,1.0
-100,-75,1182.3,,12.7692,38.1673,-400.0,30.0,1.0
-100,-75,1184,"Emporion Segestanon, Emporium of the Aegestes, port of Segesta, on R Crimisus",12.88,38.0295,-330.0,60.0,1.0
-100,-75,1184.0999999999999,,13.0791,38.1732,-400.0,30.0,1.0
-100,-75,1185,"Os, Osteodes",13.1957,38.7082,-30.0,75.0,0.11666666666666667
-100,-75,1186,,13.152119,38.695927,-30.0,75.0,0.11666666666666667
-100,-75,1187,,13.182596,38.71968,-1500.0,100.0,1.0
-100,-75,1188.0999999999999,Pakonia?,13.23715,38.2079,-300.0,30.0,1.0
-100,-75,1189,"Panhormus, Panorme",13.368583,38.120398,-750.0,60.0,1.0
-100,-75,1190,"Solus, port of Solonte ",13.542862,38.081694,-750.0,60.0,1.0
-100,-75,1191,"Thermai, Thermae Himeraeae, on R Thermos",13.690394,37.993991,-550.0,60.0,1.0
-100,-75,1192,,13.7815,37.9743,-330.0,60.0,1.0
-100,-75,1193,"Himera, Himere, on R Himeras",13.8215,37.9683,-729.0,10.0,1.0
-100,-75,1194,,13.964,38.0319,-30.0,75.0,0.11666666666666667
-100,-75,1195,"Cephaloedium, Cephalidium ",14.024107,38.043883,-550.0,60.0,1.0
-100,-75,1196,"Halaesa, on R Halaisos",14.263,37.998,-330.0,60.0,1.0
-100,-75,1197,"Kale Akte, Calate ",14.448292,38.036496,-550.0,60.0,1.0
-100,-75,1198,,14.67,38.097,-30.0,75.0,0.11666666666666667
-100,-75,1199,Agathyrnum ,14.752,38.164,-550.0,60.0,1.0
-100,-75,1200,,14.765,38.157,-30.0,75.0,0.11666666666666667
-100,-75,1201,,14.9726,38.1487,-30.0,75.0,0.11666666666666667
-100,-75,1202,"Egira, Erikodes, Ericusa Insula",14.351188,38.5428,-330.0,60.0,1.0
-100,-75,1203,"Celsina, Phoenicusa, Phoinikoussa insula",14.5883,38.5569,-1500.0,100.0,1.0
-100,-75,1204,Didyma insula,14.8696,38.5739,-1500.0,100.0,1.0
-100,-75,1205,"Lipara on Liparos insula, Meligounis nesos",14.9568,38.4717,-1500.0,100.0,1.0
-100,-75,1206,"Heraclea, Hiera Thermessa insula,  Hiera Hephaistou insula",14.966446,38.416361,-550.0,60.0,1.0
-100,-75,1207,"Aegina, Euonymus insula",15.0636,38.6256,-1500.0,100.0,1.0
-100,-75,1209,"Strongilos, Eolie, possibly Odysseus' stopover on the isle of Aeolos",15.244209,38.797457,-1500.0,100.0,1.0
-100,-75,1210,Tyndaris ,15.044,38.1433,-550.0,60.0,1.0
-100,-75,1211,,15.150606,38.146439,-30.0,75.0,0.11666666666666667
-100,-75,1212,"Myle, Mylae ",15.2428,38.2177,-750.0,60.0,1.0
-100,-75,1213,"Naulochos, Naulocha ",15.371783,38.22509,-330.0,60.0,1.0
-100,-75,1240,"Aethusa, Hefaesta, Ephaestia, Efesta ",12.869306,35.861034,-30.0,75.0,0.11666666666666667
-100,-75,1242,"Castrum Minerva, Port of Venus, Limen Aphrodites, Athenaion ",18.435411,40.011636,-550.0,60.0,1.0
-100,-75,1242.0999999999999,,18.4849,40.079,-330.0,60.0,1.0
-100,-75,1243,"Hydros, Hydruntum, Otrante ",18.490869,40.148182,-750.0,60.0,1.0
-100,-75,1243.0999999999999,,18.4732,40.1841,-330.0,60.0,1.0
-100,-75,1243.2,,18.431,40.277,-330.0,60.0,1.0
-100,-75,1244,Port Tarentin ,18.4263,40.2871,-1500.0,100.0,1.0
-100,-75,1245,,18.409136,40.301208,-750.0,60.0,1.0
-100,-75,1246,"Hadrianou Hormos, port of Lupiae, Miltopiae? ",18.307982,40.386459,-30.0,75.0,0.11666666666666667
-100,-75,1247,"Brindes, Brentesium, Brundisium, Bronduse",17.948953,40.641441,-750.0,60.0,1.0
-100,-75,1248,,17.8705,40.6875,-330.0,60.0,1.0
-100,-75,1249,,17.7983,40.7137,-750.0,60.0,1.0
-100,-75,1250,Ad Speluncas ,17.723,40.752,-30.0,75.0,0.11666666666666667
-100,-75,1250.0999999999999,Karbina,17.6983,40.7596,-1500.0,100.0,1.0
-100,-75,1252,Gnathia ,17.391,40.8896,-750.0,60.0,1.0
-100,-75,1253,Diria? ,17.300749,40.962258,-30.0,75.0,0.11666666666666667
-100,-75,1254,"Turris Caesaris, Neapolis ",17.2183,40.9975,-330.0,60.0,1.0
-100,-75,1257,,16.997139,41.090957,-750.0,60.0,1.0
-100,-75,1259,Natiolum ,16.669838,41.192824,-330.0,60.0,1.0
-100,-75,1260,Respa ,16.59485,41.215935,-30.0,75.0,0.11666666666666667
-100,-75,1261,Turenum ,16.423982,41.286177,-30.0,75.0,0.11666666666666667
-100,-75,1262,Barduli ,16.287075,41.334436,-330.0,60.0,1.0
-100,-75,1263,"Aufinum, Aufidena on R Aufidus, port of the Canusites ",16.206,41.3324,-30.0,75.0,0.11666666666666667
-100,-75,1263.0999999999999,,16.0811,41.3592,-1500.0,100.0,1.0
-100,-75,1264,San Vito ,16.03185,41.3848,-330.0,60.0,1.0
-100,-75,1265,Salapia,15.9965,41.3993,-30.0,75.0,0.11666666666666667
-100,-75,1267,,15.8378,41.519,-750.0,60.0,1.0
-100,-75,1268,"Coppa Nevigatta, on R Aquilo",15.8338,41.558,-5000.0,100.0,1.0
-100,-75,1269,,15.903378,41.605674,-30.0,75.0,0.11666666666666667
-100,-75,1270,"Sipous, Sipontum, Sipunte ",15.9221,41.617859,-330.0,60.0,1.0
-100,-75,1271,"Apanestae, Apeneste",16.06038,41.69375,-750.0,60.0,1.0
-100,-75,1272,,16.074573,41.706483,-30.0,75.0,0.11666666666666667
-100,-75,1274,"Portus Aggasus, Port Agasus ",16.183,41.885,-550.0,60.0,1.0
-100,-75,1275,Merinum ,16.1114,41.915,-30.0,75.0,0.11666666666666667
-100,-75,1277,"Hyria, Uria",15.83039,41.8821,-330.0,60.0,1.0
-100,-75,1278,Urias Sinus,15.8127,41.8505,-30.0,75.0,0.11666666666666667
-100,-75,1279,,15.50164,41.86139,-30.0,75.0,0.11666666666666667
-100,-75,1280,"Praetorium Publilianum, on Pantanus Lacus",15.42795,41.84148,-30.0,75.0,0.11666666666666667
-100,-75,1282,"Trimerus insula, one of the Diomedeae insulae",15.499203,42.118661,-30.0,75.0,0.11666666666666667
-100,-75,1284,,15.05334,41.93962,-750.0,60.0,1.0
-100,-75,1285,Cliternia,15.0401,41.971,-30.0,75.0,0.11666666666666667
-100,-75,1286,Buca?,14.9976,42.0066,-330.0,60.0,1.0
-100,-75,1288,"Histonium, Istonium ",14.7205,42.1188,-550.0,60.0,1.0
-100,-75,1289,Buca?,14.7125,42.172,-330.0,60.0,1.0
-100,-75,1291,"Gualdi, port of Anxanum ",14.4434,42.3103,-550.0,60.0,1.0
-100,-75,1292,"Orton, Hortona",14.4098,42.357,-330.0,60.0,1.0
-100,-75,1293,"Aternum, Ostia Aterni, on R Aternus",14.2118,42.4614,-330.0,60.0,1.0
-100,-75,1294.0999999999999,"Matrinus, port of Hatria, Adria at the outlet of R Matrinus",14.138,42.5332,-330.0,60.0,1.0
-100,-75,1295.0999999999999,,14.036685,42.633425,-30.0,75.0,0.11666666666666667
-100,-75,1295.2,R Vomanus,14.033,42.654,-30.0,75.0,0.11666666666666667
-100,-75,1296,"Castrum Novum, on R Batinus",13.971,42.7356,-330.0,60.0,1.0
-100,-75,1297,"Castrum Truentinum, Truentum, on R Truentinum",13.901,42.8908,-330.0,60.0,1.0
-100,-75,1298,Cupra Maritima,13.8534,43.034,-750.0,60.0,1.0
-100,-75,1299,"Castellum Firmanorum, port of Firmum Picenum, Etruscan Permu",13.8011,43.1605,-330.0,60.0,1.0
-100,-75,1300,"Cluana, on R Cluentus",13.7396,43.317031,-30.0,75.0,0.11666666666666667
-100,-75,1301,"Potentia, near R Flosis",13.6711,43.4142,-330.0,60.0,1.0
-100,-75,1302,Numana ,13.628195,43.50729,-750.0,60.0,1.0
-100,-75,1305,"Sena Gallica, on R Sena",13.2185,43.7123,-330.0,60.0,1.0
-100,-75,1306,,13.175681,43.75246,-750.0,60.0,1.0
-100,-75,1308,Fanum Fortunae ,13.019325,43.858514,-330.0,60.0,1.0
-100,-75,1309,"Pisaurum, on R Pisaurus",12.92,43.9159,-550.0,60.0,1.0
-100,-75,1311,"Ariminum, Etruscan Arimna, Harimne, on R Ariminus & R Ausa",12.5739,44.0623,-550.0,60.0,1.0
-100,-75,1312,Ad Rubiconem ,12.446855,44.171696,-30.0,75.0,0.11666666666666667
-100,-75,1313,Ad Novas,12.3542,44.18738,-30.0,75.0,0.11666666666666667
-100,-75,1314,Sabis,12.2633,44.26035,-30.0,75.0,0.11666666666666667
-100,-75,1316,"Butrium, Budrium, port of Budrio ",12.14588,44.53989,-330.0,60.0,1.0
-100,-75,1317,"Augusta, on Fossa Augusta",12.09413,44.56244,-30.0,75.0,0.11666666666666667
-100,-75,1319,"Pomposa, Etruscan Spina, at the outlet of R Padus",12.10256,44.6943,-750.0,60.0,1.0
-100,-75,1319.1,,12.1823,44.694,-30.0,75.0,0.11666666666666667
-100,-75,1320,Sacis ad Padum,12.11759,44.72213,-30.0,75.0,0.11666666666666667
-100,-75,1321,Neronia ,12.13237,44.7672,-30.0,75.0,0.11666666666666667
-100,-75,1322,Corniculani ,12.13113,44.82403,-30.0,75.0,0.11666666666666667
-100,-75,1323,Hadriani ,12.17741,44.94566,-750.0,60.0,1.0
-100,-75,1325,Septem Maria ,12.22032,45.02637,-30.0,75.0,0.11666666666666667
-100,-75,1326,"Atria, Etruscan Hatria ",12.067121,45.048536,-750.0,60.0,1.0
-100,-75,1327,Fossis ,12.24533,45.10979,-30.0,75.0,0.11666666666666667
-100,-75,1328,"Bruntulum, Brundulus ",12.28343,45.19576,-30.0,75.0,0.11666666666666667
-100,-75,1329,"Edrum, Aedro, Edron, Edro portus, Ebro portus, on R Fossa Claudia canal",12.07582,45.27356,-30.0,75.0,0.11666666666666667
-100,-75,1330,"R Medoacus Minor, Meduacus ",12.09872,45.33435,-30.0,75.0,0.11666666666666667
-100,-75,1332,Ad Portum ,12.13381,45.41901,-30.0,75.0,0.11666666666666667
-100,-75,1333,"R Medoacus Maior, Meduacus, Ad XII ",12.10001,45.4132,-30.0,75.0,0.11666666666666667
-100,-75,1335,Ad IX ,12.221424,45.48142,-30.0,75.0,0.11666666666666667
-100,-75,1339,Altinum ,12.4077,45.5428,-550.0,60.0,1.0
-100,-75,1342,,12.4829,45.493,-30.0,75.0,0.11666666666666667
-100,-75,1344,Equilum,12.63852,45.54283,-30.0,75.0,0.11666666666666667
-100,-75,1345,"Eraclia, Port on R Anassum or Anaxum ",12.6573,45.6378,-1300.0,100.0,1.0
-100,-75,1346,Port on R Liquentia ,12.81516,45.59205,-30.0,75.0,0.11666666666666667
-100,-75,1347,"Port on the Romatinus, Reatinus ",12.90582,45.61705,-30.0,75.0,0.11666666666666667
-100,-75,1347.1,,12.8872,45.6356,-1200.0,100.0,1.0
-100,-75,1348,"Port on R Tilaventum Maius, Apicilia",12.98675,45.78756,-30.0,75.0,0.11666666666666667
-100,-75,1348.1,,13.1286,45.7714,-1300.0,100.0,1.0
-100,-75,1348.2,,13.1542,45.7705,-1300.0,100.0,1.0
-100,-75,1349,Port on R Tilaventum Minus ,13.21565,45.83349,-30.0,75.0,0.11666666666666667
-100,-75,1349.1,,13.3203,45.7648,-1500.0,100.0,1.0
-100,-75,1351,"Aquileia, Aquilee, on ancient course of R Aesontius, Sontius, Isontius (ca. 50 m wide)",13.3695,45.7748,-200.0,30.0,1.0
-100,-75,1352,,13.5266,45.7885,-30.0,75.0,0.11666666666666667
-100,-75,1352.2,"Fons Timavi, Port on Lake Timavus, Timave ",13.5909,45.7896,-30.0,75.0,0.11666666666666667
-100,-75,1352.3,,13.6272,45.7722,-30.0,75.0,0.11666666666666667
-100,-75,1353,Castellum Pucinum ,13.708221,45.70551,-30.0,75.0,0.11666666666666667
-100,-75,1353.1,,13.732,45.694,-30.0,75.0,0.11666666666666667
-100,-75,1354,Etruscan Tarcste,13.771666,45.649509,-330.0,60.0,1.0
-100,-75,1355,,13.844,45.606,-178.0,10.0,1.0
-75,-50,753,"Olbia, Roman port",9.5031,40.9275,-330.0,60.0,1.0
-75,-50,753.1,"Olbia, Punic port and Roman port",9.5057,40.9232,-750.0,60.0,1.0
-75,-50,754,Coclearia ,9.675812,40.784988,-30.0,75.0,0.2833333333333333
-75,-50,755,"Pheronia, Feronia ",9.722893,40.639368,-30.0,75.0,0.2833333333333333
-75,-50,756,Portus Liguidonis,9.751357,40.616236,-30.0,75.0,0.2833333333333333
-75,-50,756.1,Outlet of R Kaidris,9.734,40.373,-1500.0,100.0,1.0
-75,-50,757,"Sulcis, Sulpicius, Supicius ",9.706108,39.912462,-330.0,60.0,1.0
-75,-50,758,Custodia Rubriensis ,9.686434,39.833966,-30.0,75.0,0.2833333333333333
-75,-50,761,"Sarcapos, Sarpach, on R Saipros",9.631611,39.425626,-30.0,75.0,0.2833333333333333
-75,-50,762,Caralitanum Prom.,9.516373,39.11649,-330.0,60.0,1.0
-75,-50,764,,9.27361,39.21267,-30.0,75.0,0.2833333333333333
-75,-50,765,"Caralis, Carales, on R Sulcis",9.112387,39.211683,-750.0,60.0,1.0
-75,-50,766,,9.10834,39.22054,-30.0,75.0,0.2833333333333333
-75,-50,766.1,,9.005325,39.095552,-1500.0,100.0,1.0
-75,-50,766.2,,9.0236,39.0619,-1500.0,100.0,1.0
-75,-50,767,Nora ,9.01444,38.987048,-750.0,60.0,1.0
-75,-50,768,Nora ,9.012555,38.984715,-750.0,60.0,1.0
-75,-50,769,Nora ,9.012066,38.988036,-750.0,60.0,1.0
-75,-50,769.1,"Littus anneum, Aigialos Proseches?",8.9971,38.9843,-30.0,75.0,0.2833333333333333
-75,-50,770,"Bitia, Bithia, Bioea ",8.8849,38.8956,-750.0,60.0,1.0
-75,-50,772.1,,8.7779,38.9083,-30.0,75.0,0.2833333333333333
-75,-50,773,"Port of Tegulitia, Tegula ",8.7236,38.9347,-30.0,75.0,0.2833333333333333
-75,-50,778,"Sulcis, Solci (export of copper?)",8.462004,39.06534,-750.0,60.0,1.0
-75,-50,779,Enosis insula,8.321367,39.140566,-30.0,75.0,0.2833333333333333
-75,-50,780,,8.4887,39.1774,-750.0,60.0,1.0
-75,-50,781,Metalla? ,8.5002,39.394,-500.0,30.0,1.0
-75,-50,781.1,,8.4601,39.5681,-7000.0,100.0,1.0
-75,-50,782.1,,8.4946,39.7145,-30.0,75.0,0.2833333333333333
-75,-50,783,,8.60514,39.72744,-330.0,60.0,1.0
-75,-50,784,,8.6645,39.78592,-30.0,75.0,0.2833333333333333
-75,-50,785,,8.5822,39.7945,-30.0,75.0,0.2833333333333333
-75,-50,786,"Othaia, Othoca, on R Thyrsos",8.60849,39.86957,-750.0,60.0,1.0
-75,-50,786.1,,8.495,39.925,-4500.0,100.0,1.0
-75,-50,787,"Tarrai, Tharros, Tarrhos, Punic port",8.44,39.892,-750.0,60.0,1.0
-75,-50,787.1,"Tarrai, Tharros, Tarrhos, possible Nuragic port",8.4416,39.8789,-1500.0,100.0,1.0
-75,-50,788,"Tarrai, Tharros, Tarrhos",8.437959,39.859288,-750.0,60.0,1.0
-75,-50,788.1,,8.3936,39.9725,-1200.0,100.0,1.0
-75,-50,788.2,,8.3066,39.988,-1200.0,100.0,1.0
-75,-50,789,"Coracodes, Korakodes portus",8.409895,40.043873,-1200.0,100.0,1.0
-75,-50,790,"Cornus, Kornos",8.490364,40.087832,-330.0,60.0,1.0
-75,-50,791,"Bosa, on R Temos",8.469417,40.284535,-330.0,60.0,1.0
-75,-50,792,"Carbia, Garbia ",8.306281,40.569916,-30.0,75.0,0.2833333333333333
-75,-50,793,Nymphaeus portus ,8.189645,40.616568,-750.0,60.0,1.0
-75,-50,794,Nure ,8.19785,40.682966,-30.0,75.0,0.2833333333333333
-75,-50,796,"Turris Libyssonis, Libisonis",8.3918,40.8368,-330.0,60.0,1.0
-75,-50,796.1,"Turris Libyssonis, Libisonis",8.3941,40.8391,-330.0,60.0,1.0
-75,-50,796.2,"Turris Libyssonis, Libisonis",8.4016,40.8392,-330.0,60.0,1.0
-75,-50,796.3,"Turris Libyssonis, Libisonis",8.4089,40.8389,-330.0,60.0,1.0
-75,-50,797,,8.62901,40.87198,-30.0,75.0,0.2833333333333333
-75,-50,798,,8.68912,40.90308,-30.0,75.0,0.2833333333333333
-75,-50,799,Portus Tibulae ,8.706077,40.916939,-30.0,75.0,0.2833333333333333
-75,-50,800,Viniolae,9.060096,41.129461,-30.0,75.0,0.2833333333333333
-75,-50,801,,9.1609,41.2404,-330.0,60.0,1.0
-75,-50,802,Tibula?,9.195259,41.237221,-30.0,75.0,0.2833333333333333
-75,-50,803,"Turublum Minus, Lamos?, Telepylos?, possible port of the Laestrygonians and stopover of Odysseus, near famous Arktou Akra Prom.",9.275693,41.199135,-1500.0,100.0,1.0
-75,-50,805,Elefantaria,9.444,41.105,-30.0,75.0,0.2833333333333333
-75,-50,811,,7.564,43.7902,-30.0,75.0,0.2833333333333333
-75,-50,811.1,"Vintimilio plagia, Album Intermilium, Albintimilium",7.6252,43.7893,-550.0,60.0,1.0
-75,-50,812,,7.75954,43.80824,-30.0,75.0,0.2833333333333333
-75,-50,813,Matutia,7.7807,43.8147,-30.0,75.0,0.2833333333333333
-75,-50,814,,7.83858,43.82099,-30.0,75.0,0.2833333333333333
-75,-50,816,"Portus Mauritii, Portu Maurici ",8.0207,43.8737,-30.0,75.0,0.2833333333333333
-75,-50,817,Lucus Bormani ,8.0859,43.9068,-30.0,75.0,0.2833333333333333
-75,-50,818,"Albingauno, Albenganum ",8.2133,44.047,-550.0,60.0,1.0
-75,-50,819,Pullopice,8.342,44.164,-30.0,75.0,0.2833333333333333
-75,-50,821,"Vada Sabatia, Vadis Savadis",8.4359,44.2693,-100.0,30.0,1.0
-75,-50,823,"Savo, Vicus Virginis? ",8.479161,44.296439,-330.0,60.0,1.0
-75,-50,824,Alba Docilia ,8.51187,44.33385,-30.0,75.0,0.2833333333333333
-75,-50,826,Ad Navalia ,8.633105,44.37737,-30.0,75.0,0.2833333333333333
-75,-50,827,Hasta ,8.744872,44.422373,-30.0,75.0,0.2833333333333333
-75,-50,828,Sestri Ponente ,8.867501,44.395427,-30.0,75.0,0.2833333333333333
-75,-50,829,Genua,8.9284,44.411,-600.0,30.0,1.0
-75,-50,830,"archaic landing place of Genua, Etruscan Cainua?",8.94388,44.409,-1000.0,100.0,1.0
-75,-50,832,Delphinis ,9.1526,44.349,-30.0,75.0,0.2833333333333333
-75,-50,833,"Portu Delphini, Port du Dauphin ",9.211589,44.302575,-30.0,75.0,0.2833333333333333
-75,-50,835,Tegulata ,9.338812,44.299149,-30.0,75.0,0.2833333333333333
-75,-50,836,"Segesta, Tigulliorum ",9.389291,44.273009,-30.0,75.0,0.2833333333333333
-75,-50,837,Ad Monilia ,9.484384,44.234533,-30.0,75.0,0.2833333333333333
-75,-50,838,Antion ,9.546199,44.202859,-550.0,60.0,1.0
-75,-50,839,Portus Veneris ,9.833473,44.049041,-30.0,75.0,0.2833333333333333
-75,-50,840,,9.841662,44.063586,-100.0,30.0,1.0
-75,-50,844,"Portus Lunae, Lune, Selene, Etruscan Luna, near R Macra  (export of white marble)",10.0152,44.0608,-330.0,60.0,1.0
-75,-50,846,Fossae Papirianae,10.16,43.951,-30.0,75.0,0.2833333333333333
-75,-50,847,,10.28083,43.87307,-750.0,60.0,1.0
-75,-50,848,,10.3602,43.83659,-330.0,60.0,1.0
-75,-50,849,,10.32724,43.76764,-750.0,60.0,1.0
-75,-50,850,,10.33555,43.73476,-750.0,60.0,1.0
-75,-50,851,"Port of Pise, Pisa, Etruscan Pisna, Peithusa, Pithsa, on ancient R Auser, near R Arnus",10.3862,43.7211,-550.0,60.0,1.0
-75,-50,852,,10.346,43.68,-30.0,75.0,0.2833333333333333
-75,-50,853,,10.3934,43.6386,-5000.0,100.0,1.0
-75,-50,854,"Triturrita? Turrita? Near Portus Pisanus, Pisarum emporio, Liburnus Portus, Portus Herculis Liburni, Portus Labro, Etruscan Liburna",10.3343,43.5733,-5000.0,100.0,1.0
-75,-50,855,,10.4182,43.4022,-330.0,60.0,1.0
-75,-50,856,"Vadis, Vada Volaterrana ",10.44801,43.35981,-330.0,60.0,1.0
-75,-50,857,"Caecina, Etruscan Ceicna, Caicni",10.5106,43.3099,-30.0,75.0,0.2833333333333333
-75,-50,858.1,,10.531,43.099,-5000.0,100.0,1.0
-75,-50,859,"Populonio, Poplonium, Etruscan Fufluna, Pupluna",10.5014,42.9924,-750.0,60.0,1.0
-75,-50,859.1,,10.4895,42.9881,-50.0,30.0,0.2916666666666667
-75,-50,860,"Falesia, Porto Falese ",10.559041,42.934297,-5000.0,100.0,1.0
-75,-50,861,,10.67991,42.9663,-330.0,60.0,1.0
-75,-50,862,Etruscan Fullona,10.757,42.917,-700.0,30.0,1.0
-75,-50,863,,10.787,42.89577,-30.0,75.0,0.2833333333333333
-75,-50,866,"Ilva, Aithalia, Ethalie ",10.273798,42.770152,-5000.0,100.0,1.0
-75,-50,867,"Argous portus, Argoos, ",10.329861,42.813066,-750.0,60.0,1.0
-75,-50,872,Planasia insula,10.082156,42.582969,-330.0,60.0,1.0
-75,-50,873,,10.09386,42.59297,-5000.0,100.0,1.0
-75,-50,876,Salebro,10.8868,42.765,-30.0,75.0,0.2833333333333333
-75,-50,878,,11.13614,42.56418,-30.0,75.0,0.2833333333333333
-75,-50,880,R Alminia,11.20724,42.49566,-30.0,75.0,0.2833333333333333
-75,-50,880.1,,11.173,42.431,-1000.0,100.0,1.0
-75,-50,881,"Domitiana positio, Portus Domitianus ",11.152682,42.436562,-30.0,75.0,0.2833333333333333
-75,-50,882,Incitaria?,11.1166,42.4396,-30.0,75.0,0.2833333333333333
-75,-50,884.1,,10.922725,42.3593,-330.0,60.0,1.0
-75,-50,885,Oglasa insula,10.309211,42.331958,-5000.0,100.0,1.0
-75,-50,886,"Portu Herculis, Port of Hercules",11.2086,42.3912,-330.0,60.0,1.0
-75,-50,888,,11.242,42.4459,-30.0,75.0,0.2833333333333333
-75,-50,888.1,,11.2774,42.4201,-1000.0,100.0,1.0
-75,-50,889,"Artemisia, Dianium insula",11.103834,42.253963,-30.0,75.0,0.2833333333333333
-75,-50,890,"Villa Domitia, on Artemisia, Dianium insula",11.096265,42.25423,-30.0,75.0,0.2833333333333333
-75,-50,891,"Cosa, Cossae, Portus Herculis Cosanus, Etruscan Cusi, Cuthi",11.293827,42.40709,-330.0,60.0,1.0
-75,-50,891.1,,11.38,42.4,-30.0,75.0,0.2833333333333333
-75,-50,892,"R Arnine, Armenta, port of Vulci, Etruscan Velch, Velx",11.5856,42.3251,-30.0,75.0,0.2833333333333333
-75,-50,893,"Regis, Regae ",11.6041,42.3122,-750.0,60.0,1.0
-75,-50,894,Quintiana,11.6518,42.2824,-30.0,75.0,0.2833333333333333
-75,-50,895,"Martanum, Maltano, Etruscan port",11.6783,42.2493,-30.0,75.0,0.2833333333333333
-75,-50,896,"Graviscae, port of Tarquinia, Etruscan Tarchuna, Tarchna, possible first settlement of Etruscan people",11.7066,42.2144,-750.0,60.0,1.0
-75,-50,897,Rapinium,11.737,42.167,-30.0,75.0,0.2833333333333333
-75,-50,898,"Algae, Etruscan port",11.75841,42.12394,-30.0,75.0,0.2833333333333333
-75,-50,899.1,,11.78,42.106,-30.0,75.0,0.2833333333333333
-75,-50,901,,11.803,42.074,-30.0,75.0,0.2833333333333333
-75,-50,902,,11.81967,42.0487,-30.0,75.0,0.2833333333333333
-75,-50,902.1,,11.8243,42.0446,-500.0,30.0,1.0
-75,-50,903,"Castrum Novum (port of Caere, Coere, Agylla), Etruscan port",11.8305,42.0383,-287.0,10.0,1.0
-75,-50,904.1,Punicum ,11.8715,42.035,-330.0,60.0,1.0
-75,-50,905,,11.903,42.0398,-30.0,75.0,0.2833333333333333
-75,-50,905.1,,11.9354,42.0288,-30.0,75.0,0.2833333333333333
-75,-50,906,"Pyrgoi, Pyrgi (also called The Towers), port of Agylle, Caere, Etruscan Chaire, Caisra, Cisra",11.9565,42.0152,-750.0,60.0,1.0
-75,-50,906.1,"Pyrgoi, Pyrgi (also called The Towers), port of Agylle, Caere, Etruscan Chaire, Caisra, Cisra",11.9604,42.015,-750.0,60.0,1.0
-75,-50,906.2,Etruscan submerged structure,11.977,41.9957,-750.0,60.0,1.0
-75,-50,908,,12.0493,41.9555,-30.0,75.0,0.2833333333333333
-75,-50,909,"Alsium, port of Agylla, Caere, Coere, Etruscan Chaire, Caisra",12.100837,41.932961,-750.0,60.0,1.0
-75,-50,910,,12.1253,41.9271,-330.0,60.0,1.0
-75,-50,911,,12.1424,41.9128,-330.0,60.0,1.0
-75,-50,912,"Fregenae, Etruscan Ficrine",12.18341,41.853058,-330.0,60.0,1.0
-75,-50,916,"Ostia, port of Rome",12.279848,41.75343,-640.0,20.0,1.0
-75,-50,917,Ostia,12.290905,41.75752,-750.0,60.0,1.0
-75,-50,921,Ficana,12.35306,41.80187,-750.0,60.0,1.0
-75,-50,922,Portus Vicus Alexandri,12.471443,41.847394,-330.0,60.0,1.0
-75,-50,930,"Portus Tiberinus, near Pons Aemilius, oldest archaic port of Rome, close to Foro Romano and Horrea Agrippiana",12.4809,41.8892,-753.0,10.0,1.0
-75,-50,932,,12.3125,41.7446,-30.0,75.0,0.2833333333333333
-75,-50,932.1,,12.3468,41.7111,-30.0,75.0,0.2833333333333333
-75,-50,933,,12.3637,41.7004,-30.0,75.0,0.2833333333333333
-75,-50,934,"Praetorium de Laurentum, Laureta, Loreta",12.3915,41.6809,-30.0,75.0,0.2833333333333333
-75,-50,934.1,,12.3984,41.6735,-30.0,75.0,0.2833333333333333
-75,-50,935,Troia?,12.4685,41.6137,-550.0,60.0,1.0
-75,-50,936,,12.4732,41.61634,-30.0,75.0,0.2833333333333333
-75,-50,937,,12.4988,41.5912,-30.0,75.0,0.2833333333333333
-75,-50,938,Castrum Inui,12.5113,41.5803,-750.0,60.0,1.0
-75,-50,939,Lacus Nemorensis (Caligula's Naumachies),12.7,41.70552,-30.0,75.0,0.2833333333333333
-75,-50,940,Lacus Albanus (Caligula's Naumachies),12.668608,41.745241,-30.0,75.0,0.2833333333333333
-75,-50,942,,12.5869,41.4859,-30.0,75.0,0.2833333333333333
-75,-50,943,"Antium, Nero's port, Etruscan Anth? Caenon?",12.628393,41.442702,-750.0,60.0,1.0
-75,-50,944,,12.65254,41.45554,-30.0,75.0,0.2833333333333333
-75,-50,945,,12.65607,41.45583,-30.0,75.0,0.2833333333333333
-75,-50,946,Caenon?,12.66064,41.45612,-30.0,75.0,0.2833333333333333
-75,-50,946.1,,12.7299,41.4315,-30.0,75.0,0.2833333333333333
-75,-50,949,"Astura, Storas, on R Astura",12.767198,41.407351,-330.0,60.0,1.0
-75,-50,950,Clostra Romana ,12.868416,41.401924,-30.0,75.0,0.2833333333333333
-75,-50,951,Ad Turres Albas ,12.91288,41.375768,-330.0,60.0,1.0
-75,-50,952,,13.0396,41.2684,-30.0,75.0,0.2833333333333333
-75,-50,953,"Port of Circei, Circe, Eea, Aeaea, Aiaia, Aia insula?, possible stopover for Odysseus",13.04425,41.253072,-330.0,60.0,1.0
-75,-50,954,"Circei, Circaeum Prom., Kirkaion, outlet of Nero's Fossa Augusta",13.1052,41.2405,-550.0,60.0,1.0
-75,-50,955,"Terracina, Tarracina, Anxur, Etruscan Tarchna, Tarkina",13.2545,41.286,-500.0,30.0,1.0
-75,-50,956,Fundi,13.42926,41.35738,-330.0,60.0,1.0
-75,-50,957,Pontia insula,12.964786,40.894781,-750.0,60.0,1.0
-75,-50,958,Pandataria insula,13.433896,40.797822,-30.0,75.0,0.2833333333333333
-75,-50,958.2,Pandataria insula,13.4348,40.7968,-30.0,75.0,0.2833333333333333
-75,-50,960,Speluncae ,13.432844,41.253212,-30.0,75.0,0.2833333333333333
-75,-50,961,Villa Tiberii ,13.449773,41.250255,-30.0,75.0,0.2833333333333333
-75,-50,961.1,,13.4547,41.249,-100.0,30.0,1.0
-75,-50,961.2,,13.4879,41.235,-70.0,20.0,0.6875
-75,-50,961.3,,13.512,41.224,-100.0,30.0,1.0
-75,-50,962,"Caiete, Caieta, Caeatas, Aeete, Etruscan Caithi",13.586,41.211,-330.0,60.0,1.0
-75,-50,962.1,,13.55314,41.20846,-30.0,75.0,0.2833333333333333
-75,-50,962.2,,13.5705,41.231,-30.0,75.0,0.2833333333333333
-75,-50,962.3,,13.5753,41.2405,-30.0,75.0,0.2833333333333333
-75,-50,962.4,,13.591,41.2476,-30.0,75.0,0.2833333333333333
-75,-50,962.5,,13.5956,41.2485,-30.0,75.0,0.2833333333333333
-75,-50,963,,13.5981,41.25082,-30.0,75.0,0.2833333333333333
-75,-50,964,"Formiae, Formies, Hormies ",13.6057,41.253,-330.0,60.0,1.0
-75,-50,965,"Formiae, Formies, Hormies ",13.608778,41.255461,-30.0,75.0,0.2833333333333333
-75,-50,965.1,"Formiae, Formies, Hormies ",13.6116,41.2578,-30.0,75.0,0.2833333333333333
-75,-50,966,,13.675,41.2479,-330.0,60.0,1.0
-75,-50,967,Pyrae?,13.703677,41.250662,-330.0,60.0,1.0
-75,-50,968,"Minturnae, on via Appia, with Pons Tirenus bridge on R Liris",13.7709,41.241,-296.0,10.0,1.0
-75,-50,968.1,"Marica temple, sea-port of Minturnae",13.7645,41.2265,-700.0,30.0,1.0
-75,-50,969,,13.8408,41.15847,-330.0,60.0,1.0
-75,-50,970,"Sinuessa, Sinuesa, Sinope",13.85,41.14944,-550.0,60.0,1.0
-75,-50,971,,13.86509,41.12983,-30.0,75.0,0.2833333333333333
-75,-50,972,Aquae Sinuessanae & Pagus Sarclanus?,13.9125,41.1228,-330.0,60.0,1.0
-75,-50,973,"Volturnum, on R Vulturnus",13.92,41.0186,-550.0,60.0,1.0
-75,-50,974,"Liternum, Linternum, port of the Osci, Oskoi, Osques, Opici, Aurunci, Ausones",14.029903,40.921334,-330.0,60.0,1.0
-75,-50,975,"Cumae, Cumes, Kyme",14.051265,40.846657,-750.0,60.0,1.0
-75,-50,977,"Pithekoussai, Pithecusae, Etruscan Inarime, first Greek (Euboian) settlement in Italy",13.885913,40.754297,-750.0,60.0,1.0
-75,-50,978,,13.879064,40.696687,-700.0,30.0,1.0
-75,-50,978.1,"Procita, Prochyta insula",14.016731,40.759068,-700.0,30.0,1.0
-75,-50,978.2,,13.992,40.74,-1500.0,100.0,1.0
-75,-50,979,,14.0836,40.7842,-60.0,20.0,0.4375
-75,-50,979.1,,14.0888,40.7869,-30.0,75.0,0.2833333333333333
-75,-50,984.1,"Misenos, Misenum, Misene ",14.088,40.7931,-30.0,75.0,0.2833333333333333
-75,-50,984.2,Thermae,14.0853,40.7984,-30.0,75.0,0.2833333333333333
-75,-50,984.3,Bauli,14.0831,40.8,-30.0,75.0,0.2833333333333333
-75,-50,985,Bauli,14.08134,40.80286,-30.0,75.0,0.2833333333333333
-75,-50,985.1,Bauli,14.0829,40.809,-30.0,75.0,0.2833333333333333
-75,-50,985.2,Bauli,14.083,40.8111,-30.0,75.0,0.2833333333333333
-75,-50,985.3,Bauli,14.0766,40.8126,-30.0,75.0,0.2833333333333333
-75,-50,986,"Baiae, Baïes, with access to Portus Baianus, on Lacus Baianus",14.0775,40.8183,-30.0,75.0,0.2833333333333333
-75,-50,986.1,,14.0796,40.8205,-30.0,75.0,0.2833333333333333
-75,-50,991,"Puteoli, Dikaiarcheia, Dicearque, Flavia Colonia Augusta Puteoli, Delus Minor, in the Campi Phlegraei volcano district",14.1154,40.8216,-750.0,60.0,1.0
-75,-50,994,Imperial Villa of Pausilypon ,14.1883,40.793,-30.0,75.0,0.2833333333333333
-75,-50,994.1,Imperial Villa of Pausilypon ,14.1917,40.7934,-30.0,75.0,0.2833333333333333
-75,-50,995,Imperial Villa of Pausilypon ,14.1919,40.7947,-30.0,75.0,0.2833333333333333
-75,-50,995.1,,14.2071,40.8024,-30.0,75.0,0.2833333333333333
-75,-50,997,"Parthenope, Neapolis",14.2522,40.8398,-750.0,60.0,1.0
-75,-50,997.1,Neapolis ,14.25462,40.83927,-600.0,30.0,1.0
-75,-50,998,Neapolis ,14.2524,40.83926,-600.0,30.0,1.0
-75,-50,999,,14.3446,40.8079,-50.0,30.0,0.2916666666666667
-75,-50,999.1,"Herculaneum, Etruscan Herclena",14.35,40.7998,-550.0,60.0,1.0
-75,-50,1000,,14.37469,40.77828,-50.0,30.0,0.2916666666666667
-75,-50,1001,Oplontis ,14.4525,40.75755,-330.0,60.0,1.0
-75,-50,1001.1,Oplontis ,14.4566,40.7562,-30.0,75.0,0.2833333333333333
-75,-50,1002,"Pompeia, Porta Marina, Etruscan Pumpai",14.48226,40.74893,-750.0,60.0,1.0
-75,-50,1002.1,"Pompeia, Porta Stabia, Etruscan Pumpai",14.4908,40.7473,-750.0,60.0,1.0
-75,-50,1003,Stabiae ,14.4926,40.69976,-330.0,60.0,1.0
-75,-50,1004,Aequana ,14.4215,40.6617,-750.0,60.0,1.0
-75,-50,1005,,14.402715,40.645818,-550.0,60.0,1.0
-75,-50,1005.1,,14.3778,40.6301,-30.0,75.0,0.2833333333333333
-75,-50,1006,"Surrentum, Etruscan Irnthi",14.3698,40.6279,-330.0,60.0,1.0
-75,-50,1007,,14.3519,40.6338,-30.0,75.0,0.2833333333333333
-75,-50,1007.1,,14.3484,40.6294,-30.0,75.0,0.2833333333333333
-75,-50,1008,,14.3404,40.6263,-30.0,75.0,0.2833333333333333
-75,-50,1008.1,Minervae Prom.,14.3244,40.5692,-30.0,75.0,0.2833333333333333
-75,-50,1009,"Capraria, Capreae insula",14.236593,40.557685,-550.0,60.0,1.0
-75,-50,1010,"Capraria, Capreae insula",14.2288,40.5596,-30.0,75.0,0.2833333333333333
-75,-50,1013.1,"Seirenoussai nesoi, Anthemoessa insulae, Anthemuse, possible Siren islands, no stopover for Odysseus",14.43365,40.5825,-750.0,60.0,1.0
-75,-50,1014,,14.4871,40.62815,-30.0,75.0,0.2833333333333333
-75,-50,1016,,14.6262,40.6505,-30.0,75.0,0.2833333333333333
-75,-50,1017,Vietri ,14.713068,40.657725,-750.0,60.0,1.0
-75,-50,1019,,14.94346,40.5352,-750.0,60.0,1.0
-75,-50,1020,Portus Alburnus ,14.969769,40.488629,-330.0,60.0,1.0
-75,-50,1021,"Poseïdonia, Posidonia, Paestum, on R Silarus",14.992,40.415,-750.0,60.0,1.0
-75,-50,1022,,14.990506,40.358318,-550.0,60.0,1.0
-75,-50,1023,,14.932901,40.268002,-30.0,75.0,0.2833333333333333
-75,-50,1024,"Velia, Elea, Portus Velinus, Hyele, near R Hales",15.157,40.1602,-535.0,10.0,1.0
-75,-50,1025,Palinurus ,15.282234,40.035658,-750.0,60.0,1.0
-75,-50,1026,"Oenotrides insulae, Molpa ",15.294659,40.026788,-750.0,60.0,1.0
-75,-50,1027,"Pyxus, near Buxentum Prom.",15.516403,40.065378,-470.0,20.0,1.0
-75,-50,1028,Scidrus ,15.6222,40.07218,-330.0,60.0,1.0
-75,-50,1029,Cesernia ,15.7001,39.9922,-30.0,75.0,0.2833333333333333
-75,-50,1030,,15.716,39.9673,-30.0,75.0,0.2833333333333333
-75,-50,1030.0999999999999,,15.7436,39.9342,-30.0,75.0,0.2833333333333333
-75,-50,1031,Blanda ,15.756465,39.913511,-330.0,60.0,1.0
-75,-50,1032,,15.781146,39.81781,-750.0,60.0,1.0
-75,-50,1033,"Laos, Laus ",15.789572,39.775272,-750.0,60.0,1.0
-75,-50,1034,"Cerillea, Cerilli ",15.804176,39.709009,-330.0,60.0,1.0
-75,-50,1035,,15.848026,39.613783,-330.0,60.0,1.0
-75,-50,1036,,15.945789,39.491704,-550.0,60.0,1.0
-75,-50,1037,Port of Pandosia,16.042302,39.301273,-550.0,60.0,1.0
-75,-50,1038,"Klampeteia, Clampetia ",16.065528,39.127809,-330.0,60.0,1.0
-75,-50,1039,"Temesa, Temese, Tempsa, on R Sabutus",16.094554,39.027944,-750.0,60.0,1.0
-75,-50,1040,,16.15407,38.98683,-330.0,60.0,1.0
-75,-50,1041,Terina ,16.2389,38.9448,-550.0,60.0,1.0
-75,-50,1042,Ad Turres,16.2697,38.9282,-30.0,75.0,0.2833333333333333
-75,-50,1045,Ad Fluvium Angitulam ,16.192327,38.773926,-30.0,75.0,0.2833333333333333
-75,-50,1047.0999999999999,"Port of Hipponium, Hipponion",16.0723,38.7222,-30.0,75.0,0.2833333333333333
-75,-50,1047.2,,15.9994,38.7254,-30.0,75.0,0.2833333333333333
-75,-50,1047.3,,15.9718,38.7135,-1500.0,100.0,1.0
-75,-50,1049,,15.921,38.545,-750.0,60.0,1.0
-75,-50,1050,,15.9234,38.5247,-30.0,75.0,0.2833333333333333
-75,-50,1051,Emporion,15.95941,38.49277,-330.0,60.0,1.0
-75,-50,1052,"Medma, Mesma",15.9882,38.4821,-750.0,60.0,1.0
-75,-50,1053,"Port at the outlet of R Metaurus, Metaure ",15.871137,38.421553,-750.0,60.0,1.0
-75,-50,1054,Taurianum ,15.86494,38.39426,-330.0,60.0,1.0
-75,-50,1055,Portus Orestis,15.8336,38.351,-30.0,75.0,0.2833333333333333
-75,-50,1056,Ad Mallias,15.823,38.3162,-30.0,75.0,0.2833333333333333
-75,-50,1058,"Scyllaeum, Scylla, in front of Charybdis in Sicily, both Planktes insulae, where Odysseus possibly sailed",15.715,38.259,-750.0,60.0,1.0
-75,-50,1059,Kainys ,15.6354,38.2322,-550.0,60.0,1.0
-75,-50,1060,Ad Columnam ,15.6318,38.2193,-30.0,75.0,0.2833333333333333
-75,-50,1061,"Rhegium, Rhegion",15.634658,38.109425,-740.0,20.0,1.0
-75,-50,1063,Decastadium? On R Halex,15.792908,37.912551,-30.0,75.0,0.2833333333333333
-75,-50,1064,Scyle ,15.92,37.928,-330.0,60.0,1.0
-75,-50,1065,Hipporum ,16.070617,37.926494,-30.0,75.0,0.2833333333333333
-75,-50,1067,,16.158269,38.11782,-30.0,75.0,0.2833333333333333
-75,-50,1068,Altanum? ,16.177826,38.141495,-550.0,60.0,1.0
-75,-50,1069,"Lokroi Epizephyrioi, Locri Epizefiri, Locres ",16.2368,38.2077,-750.0,60.0,1.0
-75,-50,1070,Subsicivo? ,16.333741,38.293092,-30.0,75.0,0.2833333333333333
-75,-50,1071,"Amphissa, Santo Onofrio ",16.413143,38.318166,-750.0,60.0,1.0
-75,-50,1072,"Kaulonia, Caulonia, Aulonia, Stilida",16.5787,38.4454,-750.0,60.0,1.0
-75,-50,1073,Cocinto?,16.5843,38.4573,-30.0,75.0,0.2833333333333333
-75,-50,1075,"Scylletium, Scolacium ",16.5952,38.8076,-550.0,60.0,1.0
-75,-50,1076,"Castra Hannibalis, Camp of Annibal ",16.713868,38.85776,-330.0,60.0,1.0
-75,-50,1078,,17.023685,38.903404,-330.0,60.0,1.0
-75,-50,1080,,17.16869,38.95411,-750.0,60.0,1.0
-75,-50,1082,"Kroton, Crotone, on R Aisaros",17.126348,39.085539,-750.0,60.0,1.0
-75,-50,1083,Meto ,17.1409,39.1763,-30.0,75.0,0.2833333333333333
-75,-50,1084,Krimisa?,17.140861,39.370149,-750.0,60.0,1.0
-75,-50,1085,"Temple of Apollo Alaeus, port of Aesarus ",17.1466,39.39654,-750.0,60.0,1.0
-75,-50,1086,"Paternum, at outlet of R Hylias",17.031,39.48,-30.0,75.0,0.2833333333333333
-75,-50,1087,,16.9617,39.496,-330.0,60.0,1.0
-75,-50,1088,"Sybaris ad Traeis, on R Traeis",16.771,39.59,-443.0,10.0,1.0
-75,-50,1089,"Portus Roscia, Ruscia, Rouskiane",16.769,39.61,-30.0,75.0,0.2833333333333333
-75,-50,1090,"archaic Sybaris, on R Sybaris and R Crathis, Thourioi, Thurii, Copia",16.491191,39.717044,-720.0,20.0,1.0
-75,-50,1091,,16.538059,39.865106,-1500.0,100.0,1.0
-75,-50,1092,"Ad Vicesimum, Lagaria?",16.589,39.9483,-30.0,75.0,0.2833333333333333
-75,-50,1093,,16.60264,40.04726,-550.0,60.0,1.0
-75,-50,1094,Cugno dei Vagni ,16.6296,40.14226,-30.0,75.0,0.2833333333333333
-75,-50,1095,,16.64197,40.15955,-330.0,60.0,1.0
-75,-50,1097,"Siris, on R Siris",16.6682,40.1658,-750.0,60.0,1.0
-75,-50,1098,"Heraclea, Heraclee ",16.67,40.22,-550.0,60.0,1.0
-75,-50,1098.0999999999999,,16.6642,40.2934,-1500.0,100.0,1.0
-75,-50,1099,"Metapontum, Metaponte",16.8352,40.3728,-750.0,60.0,1.0
-75,-50,1100,"Tarentum, Taras, Neptuna",17.228144,40.472032,-750.0,60.0,1.0
-75,-50,1101,,17.31499,40.50047,-30.0,75.0,0.2833333333333333
-75,-50,1103,"Satyrion, Saturnum ",17.30396,40.37282,-1500.0,100.0,1.0
-75,-50,1104,,17.50013,40.30372,-330.0,60.0,1.0
-75,-50,1105,Port Sasina ,17.896215,40.25706,-750.0,60.0,1.0
-75,-50,1106,Port of Neretum,17.983673,40.137046,-750.0,60.0,1.0
-75,-50,1107,"Kallipolis, Callipolis, Anxa ",17.979931,40.054413,-750.0,60.0,1.0
-75,-50,1109,,18.31,39.8138,-330.0,60.0,1.0
-75,-50,1110,"Portus Sallentinus, Leuke, near Iapygia Prom.",18.362675,39.792157,-750.0,60.0,1.0
-75,-50,1111.2,Port of Traiectus ,15.589,38.246,-30.0,75.0,0.2833333333333333
-75,-50,1112,"Zancle, Zankle, Messana, Messene",15.560811,38.192865,-730.0,20.0,1.0
-75,-50,1113,,15.536584,38.145129,-750.0,60.0,1.0
-75,-50,1114,"Phoinix, Tamaricii, Palmae ",15.37,37.9438,-330.0,60.0,1.0
-75,-50,1115,,15.3078,37.878,-330.0,60.0,1.0
-75,-50,1116,Tauromenium ,15.302,37.848,-550.0,60.0,1.0
-75,-50,1117,"Naxos, Naxus ",15.2694,37.8239,-470.0,20.0,1.0
-75,-50,1118,"Archaic Naxos, near R Akesines",15.2694,37.8193,-734.0,10.0,1.0
-75,-50,1119,Acium ,15.171274,37.572564,-30.0,75.0,0.2833333333333333
-75,-50,1122,"Ulixis portus, Port of Odysseus ",15.118541,37.529208,-30.0,75.0,0.2833333333333333
-75,-50,1123,"Katane, Catina ",15.0873,37.5024,-750.0,60.0,1.0
-75,-50,1123.2,"Leontinoi, on R Terias",14.998,37.2855,-750.0,60.0,1.0
-75,-50,1124,,15.132834,37.310011,-750.0,60.0,1.0
-75,-50,1125.0999999999999,"Xiphoneos, Xiphonia, Xiphon",15.207,37.234,-330.0,60.0,1.0
-75,-50,1126,"Megara Hyblaea, on R Alabon",15.183741,37.205772,-750.0,60.0,1.0
-75,-50,1127,"Tapsus, Thapsos ",15.228473,37.145257,-1200.0,100.0,1.0
-75,-50,1128,"Leon, landing place of Athenian fleet in 414 BC",15.2615,37.1076,-4000.0,100.0,1.0
-75,-50,1132,"Syracuse, ""Large Port"", on the isle of Sikelia, Sicania, Trinacria, major Greek (Corinthian) settlement in Sicily",15.288,37.06,-733.0,10.0,1.0
-75,-50,1138,Portus Naustathamus?,15.214525,36.95611,-750.0,60.0,1.0
-75,-50,1139,,15.1486,36.91385,-30.0,75.0,0.2833333333333333
-75,-50,1140,"Helorus, Elorus, on R Helorus",15.1075,36.8422,-750.0,60.0,1.0
-75,-50,1141,Phoenicus portus ,15.0985,36.803,-330.0,60.0,1.0
-75,-50,1142,,15.0888,36.7853,-30.0,75.0,0.2833333333333333
-75,-50,1143,"Portus Pachino, Pachyno, Pachyni, Apollineum ",15.1385,36.6857,-330.0,60.0,1.0
-75,-50,1146,R Hirminum,14.594,36.771,-750.0,60.0,1.0
-75,-50,1148,"Kamarina, on R Hipparis",14.440957,36.866878,-598.0,10.0,1.0
-75,-50,1149,"Mesopotamium, port of Euboia?",14.399822,36.927737,-30.0,75.0,0.2833333333333333
-75,-50,1150,,14.3,37.032,-550.0,60.0,1.0
-75,-50,1151,Calvisiana ,14.27,37.047,-30.0,75.0,0.2833333333333333
-75,-50,1152,"Gela, on R Gela",14.2583,37.063,-688.0,10.0,1.0
-75,-50,1153,Chalae? ,14.23,37.06648,-30.0,75.0,0.2833333333333333
-75,-50,1154,,14.197,37.0842,-750.0,60.0,1.0
-75,-50,1155,"Port of Maktorion, Mactorium?",14.138661,37.100201,-750.0,60.0,1.0
-75,-50,1156,"Phintias, on R Himeras",13.9317,37.1,-330.0,60.0,1.0
-75,-50,1158,,13.881,37.102,-750.0,60.0,1.0
-75,-50,1159,"Port of Daedalium, Dedalium, Omphale ",13.856089,37.114826,-30.0,75.0,0.2833333333333333
-75,-50,1160,,13.780019,37.144488,-750.0,60.0,1.0
-75,-50,1161,,13.695341,37.17957,-550.0,60.0,1.0
-75,-50,1162,,13.6667,37.192,-30.0,75.0,0.2833333333333333
-75,-50,1162.0999999999999,,13.624,37.233,-1400.0,100.0,1.0
-75,-50,1163,"Agrakas, Akragas, Agrigentum, on R Hypsas",13.581,37.2687,-580.0,20.0,1.0
-75,-50,1164,,13.4877,37.2899,-30.0,75.0,0.2833333333333333
-75,-50,1166,"Heraclea Minoa, on R Halycus",13.28,37.3937,-750.0,60.0,1.0
-75,-50,1167,,13.256671,37.414943,-750.0,60.0,1.0
-75,-50,1168,"Thermae Selinuntinae, Aquae Larodes",13.0923,37.503,-30.0,75.0,0.2833333333333333
-75,-50,1169,"Selinus, Selinunt, Selinonte east port",12.8294,37.5845,-650.0,30.0,1.0
-75,-50,1170,"Selinus, Selinunt, Selinonte west port, on R Selinon",12.82116,37.5828,-650.0,30.0,1.0
-75,-50,1171,"Mazara, on R Mazara",12.587605,37.644211,-550.0,60.0,1.0
-75,-50,1172,"Lilybaion, Lilybee South port?",12.43,37.7937,-750.0,60.0,1.0
-75,-50,1173,"Lilybaion, Lilybee Main port",12.428115,37.808131,-750.0,60.0,1.0
-75,-50,1174,"Lilybaion, Lilybee North port?",12.443337,37.8124,-750.0,60.0,1.0
-75,-50,1176,"Motye, Motya",12.4646,37.8641,-750.0,60.0,1.0
-75,-50,1176.0999999999999,"Motye, Motya",12.4724,37.86902,-350.0,30.0,1.0
-75,-50,1176.2,"Motye, Motya",12.47,37.8715,-350.0,30.0,1.0
-75,-50,1177,"Aigousa insula, anchorage of Roman fleet before the famous battle of the Egadi Islands (10 March 241 BC), Odysseus' port of the Cyclops? ",12.322489,37.934044,-750.0,60.0,1.0
-75,-50,1179,"Maritima, Hieronesos, Hiera insula",12.077769,37.970422,-330.0,60.0,1.0
-75,-50,1180,"Bucinna, Phorbantia insula",12.321625,38.00168,-10000.0,100.0,1.0
-75,-50,1181,"Drepanum, Drepane ",12.502194,38.007961,-330.0,60.0,1.0
-75,-50,1182,"Port of Erix, Eryx, Erice, Carthaginian base camp during the famous battle of the Egadi Islands (10 March 241 BC)",12.58963,38.070435,-550.0,60.0,1.0
-75,-50,1182.0999999999999,,12.6801,38.1123,-250.0,30.0,1.0
-75,-50,1182.2,,12.736,38.186,-400.0,30.0,1.0
-75,-50,1182.3,,12.7692,38.1673,-400.0,30.0,1.0
-75,-50,1184,"Emporion Segestanon, Emporium of the Aegestes, port of Segesta, on R Crimisus",12.88,38.0295,-330.0,60.0,1.0
-75,-50,1184.0999999999999,,13.0791,38.1732,-400.0,30.0,1.0
-75,-50,1185,"Os, Osteodes",13.1957,38.7082,-30.0,75.0,0.2833333333333333
-75,-50,1186,,13.152119,38.695927,-30.0,75.0,0.2833333333333333
-75,-50,1187,,13.182596,38.71968,-1500.0,100.0,1.0
-75,-50,1188.0999999999999,Pakonia?,13.23715,38.2079,-300.0,30.0,1.0
-75,-50,1189,"Panhormus, Panorme",13.368583,38.120398,-750.0,60.0,1.0
-75,-50,1190,"Solus, port of Solonte ",13.542862,38.081694,-750.0,60.0,1.0
-75,-50,1191,"Thermai, Thermae Himeraeae, on R Thermos",13.690394,37.993991,-550.0,60.0,1.0
-75,-50,1192,,13.7815,37.9743,-330.0,60.0,1.0
-75,-50,1193,"Himera, Himere, on R Himeras",13.8215,37.9683,-729.0,10.0,1.0
-75,-50,1194,,13.964,38.0319,-30.0,75.0,0.2833333333333333
-75,-50,1195,"Cephaloedium, Cephalidium ",14.024107,38.043883,-550.0,60.0,1.0
-75,-50,1196,"Halaesa, on R Halaisos",14.263,37.998,-330.0,60.0,1.0
-75,-50,1197,"Kale Akte, Calate ",14.448292,38.036496,-550.0,60.0,1.0
-75,-50,1198,,14.67,38.097,-30.0,75.0,0.2833333333333333
-75,-50,1199,Agathyrnum ,14.752,38.164,-550.0,60.0,1.0
-75,-50,1200,,14.765,38.157,-30.0,75.0,0.2833333333333333
-75,-50,1201,,14.9726,38.1487,-30.0,75.0,0.2833333333333333
-75,-50,1202,"Egira, Erikodes, Ericusa Insula",14.351188,38.5428,-330.0,60.0,1.0
-75,-50,1203,"Celsina, Phoenicusa, Phoinikoussa insula",14.5883,38.5569,-1500.0,100.0,1.0
-75,-50,1204,Didyma insula,14.8696,38.5739,-1500.0,100.0,1.0
-75,-50,1205,"Lipara on Liparos insula, Meligounis nesos",14.9568,38.4717,-1500.0,100.0,1.0
-75,-50,1206,"Heraclea, Hiera Thermessa insula,  Hiera Hephaistou insula",14.966446,38.416361,-550.0,60.0,1.0
-75,-50,1207,"Aegina, Euonymus insula",15.0636,38.6256,-1500.0,100.0,1.0
-75,-50,1209,"Strongilos, Eolie, possibly Odysseus' stopover on the isle of Aeolos",15.244209,38.797457,-1500.0,100.0,1.0
-75,-50,1210,Tyndaris ,15.044,38.1433,-550.0,60.0,1.0
-75,-50,1211,,15.150606,38.146439,-30.0,75.0,0.2833333333333333
-75,-50,1212,"Myle, Mylae ",15.2428,38.2177,-750.0,60.0,1.0
-75,-50,1213,"Naulochos, Naulocha ",15.371783,38.22509,-330.0,60.0,1.0
-75,-50,1240,"Aethusa, Hefaesta, Ephaestia, Efesta ",12.869306,35.861034,-30.0,75.0,0.2833333333333333
-75,-50,1242,"Castrum Minerva, Port of Venus, Limen Aphrodites, Athenaion ",18.435411,40.011636,-550.0,60.0,1.0
-75,-50,1242.0999999999999,,18.4849,40.079,-330.0,60.0,1.0
-75,-50,1243,"Hydros, Hydruntum, Otrante ",18.490869,40.148182,-750.0,60.0,1.0
-75,-50,1243.0999999999999,,18.4732,40.1841,-330.0,60.0,1.0
-75,-50,1243.2,,18.431,40.277,-330.0,60.0,1.0
-75,-50,1244,Port Tarentin ,18.4263,40.2871,-1500.0,100.0,1.0
-75,-50,1245,,18.409136,40.301208,-750.0,60.0,1.0
-75,-50,1246,"Hadrianou Hormos, port of Lupiae, Miltopiae? ",18.307982,40.386459,-30.0,75.0,0.2833333333333333
-75,-50,1247,"Brindes, Brentesium, Brundisium, Bronduse",17.948953,40.641441,-750.0,60.0,1.0
-75,-50,1248,,17.8705,40.6875,-330.0,60.0,1.0
-75,-50,1249,,17.7983,40.7137,-750.0,60.0,1.0
-75,-50,1250,Ad Speluncas ,17.723,40.752,-30.0,75.0,0.2833333333333333
-75,-50,1250.0999999999999,Karbina,17.6983,40.7596,-1500.0,100.0,1.0
-75,-50,1252,Gnathia ,17.391,40.8896,-750.0,60.0,1.0
-75,-50,1253,Diria? ,17.300749,40.962258,-30.0,75.0,0.2833333333333333
-75,-50,1254,"Turris Caesaris, Neapolis ",17.2183,40.9975,-330.0,60.0,1.0
-75,-50,1257,,16.997139,41.090957,-750.0,60.0,1.0
-75,-50,1259,Natiolum ,16.669838,41.192824,-330.0,60.0,1.0
-75,-50,1260,Respa ,16.59485,41.215935,-30.0,75.0,0.2833333333333333
-75,-50,1261,Turenum ,16.423982,41.286177,-30.0,75.0,0.2833333333333333
-75,-50,1262,Barduli ,16.287075,41.334436,-330.0,60.0,1.0
-75,-50,1263,"Aufinum, Aufidena on R Aufidus, port of the Canusites ",16.206,41.3324,-30.0,75.0,0.2833333333333333
-75,-50,1263.0999999999999,,16.0811,41.3592,-1500.0,100.0,1.0
-75,-50,1264,San Vito ,16.03185,41.3848,-330.0,60.0,1.0
-75,-50,1265,Salapia,15.9965,41.3993,-30.0,75.0,0.2833333333333333
-75,-50,1267,,15.8378,41.519,-750.0,60.0,1.0
-75,-50,1268,"Coppa Nevigatta, on R Aquilo",15.8338,41.558,-5000.0,100.0,1.0
-75,-50,1269,,15.903378,41.605674,-30.0,75.0,0.2833333333333333
-75,-50,1270,"Sipous, Sipontum, Sipunte ",15.9221,41.617859,-330.0,60.0,1.0
-75,-50,1271,"Apanestae, Apeneste",16.06038,41.69375,-750.0,60.0,1.0
-75,-50,1272,,16.074573,41.706483,-30.0,75.0,0.2833333333333333
-75,-50,1274,"Portus Aggasus, Port Agasus ",16.183,41.885,-550.0,60.0,1.0
-75,-50,1275,Merinum ,16.1114,41.915,-30.0,75.0,0.2833333333333333
-75,-50,1277,"Hyria, Uria",15.83039,41.8821,-330.0,60.0,1.0
-75,-50,1278,Urias Sinus,15.8127,41.8505,-30.0,75.0,0.2833333333333333
-75,-50,1279,,15.50164,41.86139,-30.0,75.0,0.2833333333333333
-75,-50,1280,"Praetorium Publilianum, on Pantanus Lacus",15.42795,41.84148,-30.0,75.0,0.2833333333333333
-75,-50,1282,"Trimerus insula, one of the Diomedeae insulae",15.499203,42.118661,-30.0,75.0,0.2833333333333333
-75,-50,1284,,15.05334,41.93962,-750.0,60.0,1.0
-75,-50,1285,Cliternia,15.0401,41.971,-30.0,75.0,0.2833333333333333
-75,-50,1286,Buca?,14.9976,42.0066,-330.0,60.0,1.0
-75,-50,1288,"Histonium, Istonium ",14.7205,42.1188,-550.0,60.0,1.0
-75,-50,1289,Buca?,14.7125,42.172,-330.0,60.0,1.0
-75,-50,1291,"Gualdi, port of Anxanum ",14.4434,42.3103,-550.0,60.0,1.0
-75,-50,1292,"Orton, Hortona",14.4098,42.357,-330.0,60.0,1.0
-75,-50,1293,"Aternum, Ostia Aterni, on R Aternus",14.2118,42.4614,-330.0,60.0,1.0
-75,-50,1294.0999999999999,"Matrinus, port of Hatria, Adria at the outlet of R Matrinus",14.138,42.5332,-330.0,60.0,1.0
-75,-50,1295.0999999999999,,14.036685,42.633425,-30.0,75.0,0.2833333333333333
-75,-50,1295.2,R Vomanus,14.033,42.654,-30.0,75.0,0.2833333333333333
-75,-50,1296,"Castrum Novum, on R Batinus",13.971,42.7356,-330.0,60.0,1.0
-75,-50,1297,"Castrum Truentinum, Truentum, on R Truentinum",13.901,42.8908,-330.0,60.0,1.0
-75,-50,1298,Cupra Maritima,13.8534,43.034,-750.0,60.0,1.0
-75,-50,1299,"Castellum Firmanorum, port of Firmum Picenum, Etruscan Permu",13.8011,43.1605,-330.0,60.0,1.0
-75,-50,1300,"Cluana, on R Cluentus",13.7396,43.317031,-30.0,75.0,0.2833333333333333
-75,-50,1301,"Potentia, near R Flosis",13.6711,43.4142,-330.0,60.0,1.0
-75,-50,1302,Numana ,13.628195,43.50729,-750.0,60.0,1.0
-75,-50,1305,"Sena Gallica, on R Sena",13.2185,43.7123,-330.0,60.0,1.0
-75,-50,1306,,13.175681,43.75246,-750.0,60.0,1.0
-75,-50,1308,Fanum Fortunae ,13.019325,43.858514,-330.0,60.0,1.0
-75,-50,1309,"Pisaurum, on R Pisaurus",12.92,43.9159,-550.0,60.0,1.0
-75,-50,1311,"Ariminum, Etruscan Arimna, Harimne, on R Ariminus & R Ausa",12.5739,44.0623,-550.0,60.0,1.0
-75,-50,1312,Ad Rubiconem ,12.446855,44.171696,-30.0,75.0,0.2833333333333333
-75,-50,1313,Ad Novas,12.3542,44.18738,-30.0,75.0,0.2833333333333333
-75,-50,1314,Sabis,12.2633,44.26035,-30.0,75.0,0.2833333333333333
-75,-50,1316,"Butrium, Budrium, port of Budrio ",12.14588,44.53989,-330.0,60.0,1.0
-75,-50,1317,"Augusta, on Fossa Augusta",12.09413,44.56244,-30.0,75.0,0.2833333333333333
-75,-50,1319,"Pomposa, Etruscan Spina, at the outlet of R Padus",12.10256,44.6943,-750.0,60.0,1.0
-75,-50,1319.1,,12.1823,44.694,-30.0,75.0,0.2833333333333333
-75,-50,1320,Sacis ad Padum,12.11759,44.72213,-30.0,75.0,0.2833333333333333
-75,-50,1321,Neronia ,12.13237,44.7672,-30.0,75.0,0.2833333333333333
-75,-50,1322,Corniculani ,12.13113,44.82403,-30.0,75.0,0.2833333333333333
-75,-50,1323,Hadriani ,12.17741,44.94566,-750.0,60.0,1.0
-75,-50,1325,Septem Maria ,12.22032,45.02637,-30.0,75.0,0.2833333333333333
-75,-50,1326,"Atria, Etruscan Hatria ",12.067121,45.048536,-750.0,60.0,1.0
-75,-50,1327,Fossis ,12.24533,45.10979,-30.0,75.0,0.2833333333333333
-75,-50,1328,"Bruntulum, Brundulus ",12.28343,45.19576,-30.0,75.0,0.2833333333333333
-75,-50,1329,"Edrum, Aedro, Edron, Edro portus, Ebro portus, on R Fossa Claudia canal",12.07582,45.27356,-30.0,75.0,0.2833333333333333
-75,-50,1330,"R Medoacus Minor, Meduacus ",12.09872,45.33435,-30.0,75.0,0.2833333333333333
-75,-50,1332,Ad Portum ,12.13381,45.41901,-30.0,75.0,0.2833333333333333
-75,-50,1333,"R Medoacus Maior, Meduacus, Ad XII ",12.10001,45.4132,-30.0,75.0,0.2833333333333333
-75,-50,1335,Ad IX ,12.221424,45.48142,-30.0,75.0,0.2833333333333333
-75,-50,1339,Altinum ,12.4077,45.5428,-550.0,60.0,1.0
-75,-50,1342,,12.4829,45.493,-30.0,75.0,0.2833333333333333
-75,-50,1344,Equilum,12.63852,45.54283,-30.0,75.0,0.2833333333333333
-75,-50,1345,"Eraclia, Port on R Anassum or Anaxum ",12.6573,45.6378,-1300.0,100.0,1.0
-75,-50,1346,Port on R Liquentia ,12.81516,45.59205,-30.0,75.0,0.2833333333333333
-75,-50,1347,"Port on the Romatinus, Reatinus ",12.90582,45.61705,-30.0,75.0,0.2833333333333333
-75,-50,1347.1,,12.8872,45.6356,-1200.0,100.0,1.0
-75,-50,1348,"Port on R Tilaventum Maius, Apicilia",12.98675,45.78756,-30.0,75.0,0.2833333333333333
-75,-50,1348.1,,13.1286,45.7714,-1300.0,100.0,1.0
-75,-50,1348.2,,13.1542,45.7705,-1300.0,100.0,1.0
-75,-50,1349,Port on R Tilaventum Minus ,13.21565,45.83349,-30.0,75.0,0.2833333333333333
-75,-50,1349.1,,13.3203,45.7648,-1500.0,100.0,1.0
-75,-50,1351,"Aquileia, Aquilee, on ancient course of R Aesontius, Sontius, Isontius (ca. 50 m wide)",13.3695,45.7748,-200.0,30.0,1.0
-75,-50,1352,,13.5266,45.7885,-30.0,75.0,0.2833333333333333
-75,-50,1352.2,"Fons Timavi, Port on Lake Timavus, Timave ",13.5909,45.7896,-30.0,75.0,0.2833333333333333
-75,-50,1352.3,,13.6272,45.7722,-30.0,75.0,0.2833333333333333
-75,-50,1353,Castellum Pucinum ,13.708221,45.70551,-30.0,75.0,0.2833333333333333
-75,-50,1353.1,,13.732,45.694,-30.0,75.0,0.2833333333333333
-75,-50,1354,Etruscan Tarcste,13.771666,45.649509,-330.0,60.0,1.0
-75,-50,1355,,13.844,45.606,-178.0,10.0,1.0
-50,-25,753,"Olbia, Roman port",9.5031,40.9275,-330.0,60.0,1.0
-50,-25,753.1,"Olbia, Punic port and Roman port",9.5057,40.9232,-750.0,60.0,1.0
-50,-25,754,Coclearia ,9.675812,40.784988,-30.0,75.0,0.45
-50,-25,755,"Pheronia, Feronia ",9.722893,40.639368,-30.0,75.0,0.45
-50,-25,756,Portus Liguidonis,9.751357,40.616236,-30.0,75.0,0.45
-50,-25,756.1,Outlet of R Kaidris,9.734,40.373,-1500.0,100.0,1.0
-50,-25,757,"Sulcis, Sulpicius, Supicius ",9.706108,39.912462,-330.0,60.0,1.0
-50,-25,758,Custodia Rubriensis ,9.686434,39.833966,-30.0,75.0,0.45
-50,-25,761,"Sarcapos, Sarpach, on R Saipros",9.631611,39.425626,-30.0,75.0,0.45
-50,-25,762,Caralitanum Prom.,9.516373,39.11649,-330.0,60.0,1.0
-50,-25,764,,9.27361,39.21267,-30.0,75.0,0.45
-50,-25,765,"Caralis, Carales, on R Sulcis",9.112387,39.211683,-750.0,60.0,1.0
-50,-25,766,,9.10834,39.22054,-30.0,75.0,0.45
-50,-25,766.1,,9.005325,39.095552,-1500.0,100.0,1.0
-50,-25,766.2,,9.0236,39.0619,-1500.0,100.0,1.0
-50,-25,767,Nora ,9.01444,38.987048,-750.0,60.0,1.0
-50,-25,768,Nora ,9.012555,38.984715,-750.0,60.0,1.0
-50,-25,769,Nora ,9.012066,38.988036,-750.0,60.0,1.0
-50,-25,769.1,"Littus anneum, Aigialos Proseches?",8.9971,38.9843,-30.0,75.0,0.45
-50,-25,770,"Bitia, Bithia, Bioea ",8.8849,38.8956,-750.0,60.0,1.0
-50,-25,772.1,,8.7779,38.9083,-30.0,75.0,0.45
-50,-25,773,"Port of Tegulitia, Tegula ",8.7236,38.9347,-30.0,75.0,0.45
-50,-25,778,"Sulcis, Solci (export of copper?)",8.462004,39.06534,-750.0,60.0,1.0
-50,-25,779,Enosis insula,8.321367,39.140566,-30.0,75.0,0.45
-50,-25,780,,8.4887,39.1774,-750.0,60.0,1.0
-50,-25,781,Metalla? ,8.5002,39.394,-500.0,30.0,1.0
-50,-25,781.1,,8.4601,39.5681,-7000.0,100.0,1.0
-50,-25,782.1,,8.4946,39.7145,-30.0,75.0,0.45
-50,-25,783,,8.60514,39.72744,-330.0,60.0,1.0
-50,-25,784,,8.6645,39.78592,-30.0,75.0,0.45
-50,-25,785,,8.5822,39.7945,-30.0,75.0,0.45
-50,-25,786,"Othaia, Othoca, on R Thyrsos",8.60849,39.86957,-750.0,60.0,1.0
-50,-25,786.1,,8.495,39.925,-4500.0,100.0,1.0
-50,-25,787,"Tarrai, Tharros, Tarrhos, Punic port",8.44,39.892,-750.0,60.0,1.0
-50,-25,787.1,"Tarrai, Tharros, Tarrhos, possible Nuragic port",8.4416,39.8789,-1500.0,100.0,1.0
-50,-25,788,"Tarrai, Tharros, Tarrhos",8.437959,39.859288,-750.0,60.0,1.0
-50,-25,788.1,,8.3936,39.9725,-1200.0,100.0,1.0
-50,-25,788.2,,8.3066,39.988,-1200.0,100.0,1.0
-50,-25,789,"Coracodes, Korakodes portus",8.409895,40.043873,-1200.0,100.0,1.0
-50,-25,790,"Cornus, Kornos",8.490364,40.087832,-330.0,60.0,1.0
-50,-25,791,"Bosa, on R Temos",8.469417,40.284535,-330.0,60.0,1.0
-50,-25,792,"Carbia, Garbia ",8.306281,40.569916,-30.0,75.0,0.45
-50,-25,793,Nymphaeus portus ,8.189645,40.616568,-750.0,60.0,1.0
-50,-25,794,Nure ,8.19785,40.682966,-30.0,75.0,0.45
-50,-25,796,"Turris Libyssonis, Libisonis",8.3918,40.8368,-330.0,60.0,1.0
-50,-25,796.1,"Turris Libyssonis, Libisonis",8.3941,40.8391,-330.0,60.0,1.0
-50,-25,796.2,"Turris Libyssonis, Libisonis",8.4016,40.8392,-330.0,60.0,1.0
-50,-25,796.3,"Turris Libyssonis, Libisonis",8.4089,40.8389,-330.0,60.0,1.0
-50,-25,797,,8.62901,40.87198,-30.0,75.0,0.45
-50,-25,798,,8.68912,40.90308,-30.0,75.0,0.45
-50,-25,799,Portus Tibulae ,8.706077,40.916939,-30.0,75.0,0.45
-50,-25,800,Viniolae,9.060096,41.129461,-30.0,75.0,0.45
-50,-25,801,,9.1609,41.2404,-330.0,60.0,1.0
-50,-25,802,Tibula?,9.195259,41.237221,-30.0,75.0,0.45
-50,-25,803,"Turublum Minus, Lamos?, Telepylos?, possible port of the Laestrygonians and stopover of Odysseus, near famous Arktou Akra Prom.",9.275693,41.199135,-1500.0,100.0,1.0
-50,-25,805,Elefantaria,9.444,41.105,-30.0,75.0,0.45
-50,-25,811,,7.564,43.7902,-30.0,75.0,0.45
-50,-25,811.1,"Vintimilio plagia, Album Intermilium, Albintimilium",7.6252,43.7893,-550.0,60.0,1.0
-50,-25,812,,7.75954,43.80824,-30.0,75.0,0.45
-50,-25,813,Matutia,7.7807,43.8147,-30.0,75.0,0.45
-50,-25,814,,7.83858,43.82099,-30.0,75.0,0.45
-50,-25,816,"Portus Mauritii, Portu Maurici ",8.0207,43.8737,-30.0,75.0,0.45
-50,-25,817,Lucus Bormani ,8.0859,43.9068,-30.0,75.0,0.45
-50,-25,818,"Albingauno, Albenganum ",8.2133,44.047,-550.0,60.0,1.0
-50,-25,819,Pullopice,8.342,44.164,-30.0,75.0,0.45
-50,-25,821,"Vada Sabatia, Vadis Savadis",8.4359,44.2693,-100.0,30.0,1.0
-50,-25,823,"Savo, Vicus Virginis? ",8.479161,44.296439,-330.0,60.0,1.0
-50,-25,824,Alba Docilia ,8.51187,44.33385,-30.0,75.0,0.45
-50,-25,826,Ad Navalia ,8.633105,44.37737,-30.0,75.0,0.45
-50,-25,827,Hasta ,8.744872,44.422373,-30.0,75.0,0.45
-50,-25,828,Sestri Ponente ,8.867501,44.395427,-30.0,75.0,0.45
-50,-25,829,Genua,8.9284,44.411,-600.0,30.0,1.0
-50,-25,830,"archaic landing place of Genua, Etruscan Cainua?",8.94388,44.409,-1000.0,100.0,1.0
-50,-25,832,Delphinis ,9.1526,44.349,-30.0,75.0,0.45
-50,-25,833,"Portu Delphini, Port du Dauphin ",9.211589,44.302575,-30.0,75.0,0.45
-50,-25,835,Tegulata ,9.338812,44.299149,-30.0,75.0,0.45
-50,-25,836,"Segesta, Tigulliorum ",9.389291,44.273009,-30.0,75.0,0.45
-50,-25,837,Ad Monilia ,9.484384,44.234533,-30.0,75.0,0.45
-50,-25,838,Antion ,9.546199,44.202859,-550.0,60.0,1.0
-50,-25,839,Portus Veneris ,9.833473,44.049041,-30.0,75.0,0.45
-50,-25,840,,9.841662,44.063586,-100.0,30.0,1.0
-50,-25,844,"Portus Lunae, Lune, Selene, Etruscan Luna, near R Macra  (export of white marble)",10.0152,44.0608,-330.0,60.0,1.0
-50,-25,846,Fossae Papirianae,10.16,43.951,-30.0,75.0,0.45
-50,-25,847,,10.28083,43.87307,-750.0,60.0,1.0
-50,-25,848,,10.3602,43.83659,-330.0,60.0,1.0
-50,-25,849,,10.32724,43.76764,-750.0,60.0,1.0
-50,-25,850,,10.33555,43.73476,-750.0,60.0,1.0
-50,-25,851,"Port of Pise, Pisa, Etruscan Pisna, Peithusa, Pithsa, on ancient R Auser, near R Arnus",10.3862,43.7211,-550.0,60.0,1.0
-50,-25,852,,10.346,43.68,-30.0,75.0,0.45
-50,-25,853,,10.3934,43.6386,-5000.0,100.0,1.0
-50,-25,854,"Triturrita? Turrita? Near Portus Pisanus, Pisarum emporio, Liburnus Portus, Portus Herculis Liburni, Portus Labro, Etruscan Liburna",10.3343,43.5733,-5000.0,100.0,1.0
-50,-25,855,,10.4182,43.4022,-330.0,60.0,1.0
-50,-25,856,"Vadis, Vada Volaterrana ",10.44801,43.35981,-330.0,60.0,1.0
-50,-25,857,"Caecina, Etruscan Ceicna, Caicni",10.5106,43.3099,-30.0,75.0,0.45
-50,-25,858.1,,10.531,43.099,-5000.0,100.0,1.0
-50,-25,859,"Populonio, Poplonium, Etruscan Fufluna, Pupluna",10.5014,42.9924,-750.0,60.0,1.0
-50,-25,859.1,,10.4895,42.9881,-50.0,30.0,0.7083333333333334
-50,-25,860,"Falesia, Porto Falese ",10.559041,42.934297,-5000.0,100.0,1.0
-50,-25,861,,10.67991,42.9663,-330.0,60.0,1.0
-50,-25,862,Etruscan Fullona,10.757,42.917,-700.0,30.0,1.0
-50,-25,863,,10.787,42.89577,-30.0,75.0,0.45
-50,-25,866,"Ilva, Aithalia, Ethalie ",10.273798,42.770152,-5000.0,100.0,1.0
-50,-25,867,"Argous portus, Argoos, ",10.329861,42.813066,-750.0,60.0,1.0
-50,-25,872,Planasia insula,10.082156,42.582969,-330.0,60.0,1.0
-50,-25,873,,10.09386,42.59297,-5000.0,100.0,1.0
-50,-25,876,Salebro,10.8868,42.765,-30.0,75.0,0.45
-50,-25,878,,11.13614,42.56418,-30.0,75.0,0.45
-50,-25,880,R Alminia,11.20724,42.49566,-30.0,75.0,0.45
-50,-25,880.1,,11.173,42.431,-1000.0,100.0,1.0
-50,-25,881,"Domitiana positio, Portus Domitianus ",11.152682,42.436562,-30.0,75.0,0.45
-50,-25,882,Incitaria?,11.1166,42.4396,-30.0,75.0,0.45
-50,-25,884.1,,10.922725,42.3593,-330.0,60.0,1.0
-50,-25,885,Oglasa insula,10.309211,42.331958,-5000.0,100.0,1.0
-50,-25,886,"Portu Herculis, Port of Hercules",11.2086,42.3912,-330.0,60.0,1.0
-50,-25,888,,11.242,42.4459,-30.0,75.0,0.45
-50,-25,888.1,,11.2774,42.4201,-1000.0,100.0,1.0
-50,-25,889,"Artemisia, Dianium insula",11.103834,42.253963,-30.0,75.0,0.45
-50,-25,890,"Villa Domitia, on Artemisia, Dianium insula",11.096265,42.25423,-30.0,75.0,0.45
-50,-25,891,"Cosa, Cossae, Portus Herculis Cosanus, Etruscan Cusi, Cuthi",11.293827,42.40709,-330.0,60.0,1.0
-50,-25,891.1,,11.38,42.4,-30.0,75.0,0.45
-50,-25,892,"R Arnine, Armenta, port of Vulci, Etruscan Velch, Velx",11.5856,42.3251,-30.0,75.0,0.45
-50,-25,893,"Regis, Regae ",11.6041,42.3122,-750.0,60.0,1.0
-50,-25,894,Quintiana,11.6518,42.2824,-30.0,75.0,0.45
-50,-25,895,"Martanum, Maltano, Etruscan port",11.6783,42.2493,-30.0,75.0,0.45
-50,-25,896,"Graviscae, port of Tarquinia, Etruscan Tarchuna, Tarchna, possible first settlement of Etruscan people",11.7066,42.2144,-750.0,60.0,1.0
-50,-25,897,Rapinium,11.737,42.167,-30.0,75.0,0.45
-50,-25,898,"Algae, Etruscan port",11.75841,42.12394,-30.0,75.0,0.45
-50,-25,899.1,,11.78,42.106,-30.0,75.0,0.45
-50,-25,901,,11.803,42.074,-30.0,75.0,0.45
-50,-25,902,,11.81967,42.0487,-30.0,75.0,0.45
-50,-25,902.1,,11.8243,42.0446,-500.0,30.0,1.0
-50,-25,903,"Castrum Novum (port of Caere, Coere, Agylla), Etruscan port",11.8305,42.0383,-287.0,10.0,1.0
-50,-25,904.1,Punicum ,11.8715,42.035,-330.0,60.0,1.0
-50,-25,905,,11.903,42.0398,-30.0,75.0,0.45
-50,-25,905.1,,11.9354,42.0288,-30.0,75.0,0.45
-50,-25,906,"Pyrgoi, Pyrgi (also called The Towers), port of Agylle, Caere, Etruscan Chaire, Caisra, Cisra",11.9565,42.0152,-750.0,60.0,1.0
-50,-25,906.1,"Pyrgoi, Pyrgi (also called The Towers), port of Agylle, Caere, Etruscan Chaire, Caisra, Cisra",11.9604,42.015,-750.0,60.0,1.0
-50,-25,906.2,Etruscan submerged structure,11.977,41.9957,-750.0,60.0,1.0
-50,-25,908,,12.0493,41.9555,-30.0,75.0,0.45
-50,-25,909,"Alsium, port of Agylla, Caere, Coere, Etruscan Chaire, Caisra",12.100837,41.932961,-750.0,60.0,1.0
-50,-25,910,,12.1253,41.9271,-330.0,60.0,1.0
-50,-25,911,,12.1424,41.9128,-330.0,60.0,1.0
-50,-25,912,"Fregenae, Etruscan Ficrine",12.18341,41.853058,-330.0,60.0,1.0
-50,-25,916,"Ostia, port of Rome",12.279848,41.75343,-640.0,20.0,1.0
-50,-25,917,Ostia,12.290905,41.75752,-750.0,60.0,1.0
-50,-25,921,Ficana,12.35306,41.80187,-750.0,60.0,1.0
-50,-25,922,Portus Vicus Alexandri,12.471443,41.847394,-330.0,60.0,1.0
-50,-25,930,"Portus Tiberinus, near Pons Aemilius, oldest archaic port of Rome, close to Foro Romano and Horrea Agrippiana",12.4809,41.8892,-753.0,10.0,1.0
-50,-25,932,,12.3125,41.7446,-30.0,75.0,0.45
-50,-25,932.1,,12.3468,41.7111,-30.0,75.0,0.45
-50,-25,933,,12.3637,41.7004,-30.0,75.0,0.45
-50,-25,934,"Praetorium de Laurentum, Laureta, Loreta",12.3915,41.6809,-30.0,75.0,0.45
-50,-25,934.1,,12.3984,41.6735,-30.0,75.0,0.45
-50,-25,935,Troia?,12.4685,41.6137,-550.0,60.0,1.0
-50,-25,936,,12.4732,41.61634,-30.0,75.0,0.45
-50,-25,937,,12.4988,41.5912,-30.0,75.0,0.45
-50,-25,938,Castrum Inui,12.5113,41.5803,-750.0,60.0,1.0
-50,-25,939,Lacus Nemorensis (Caligula's Naumachies),12.7,41.70552,-30.0,75.0,0.45
-50,-25,940,Lacus Albanus (Caligula's Naumachies),12.668608,41.745241,-30.0,75.0,0.45
-50,-25,942,,12.5869,41.4859,-30.0,75.0,0.45
-50,-25,943,"Antium, Nero's port, Etruscan Anth? Caenon?",12.628393,41.442702,-750.0,60.0,1.0
-50,-25,944,,12.65254,41.45554,-30.0,75.0,0.45
-50,-25,945,,12.65607,41.45583,-30.0,75.0,0.45
-50,-25,946,Caenon?,12.66064,41.45612,-30.0,75.0,0.45
-50,-25,946.1,,12.7299,41.4315,-30.0,75.0,0.45
-50,-25,949,"Astura, Storas, on R Astura",12.767198,41.407351,-330.0,60.0,1.0
-50,-25,950,Clostra Romana ,12.868416,41.401924,-30.0,75.0,0.45
-50,-25,951,Ad Turres Albas ,12.91288,41.375768,-330.0,60.0,1.0
-50,-25,952,,13.0396,41.2684,-30.0,75.0,0.45
-50,-25,953,"Port of Circei, Circe, Eea, Aeaea, Aiaia, Aia insula?, possible stopover for Odysseus",13.04425,41.253072,-330.0,60.0,1.0
-50,-25,954,"Circei, Circaeum Prom., Kirkaion, outlet of Nero's Fossa Augusta",13.1052,41.2405,-550.0,60.0,1.0
-50,-25,955,"Terracina, Tarracina, Anxur, Etruscan Tarchna, Tarkina",13.2545,41.286,-500.0,30.0,1.0
-50,-25,956,Fundi,13.42926,41.35738,-330.0,60.0,1.0
-50,-25,957,Pontia insula,12.964786,40.894781,-750.0,60.0,1.0
-50,-25,958,Pandataria insula,13.433896,40.797822,-30.0,75.0,0.45
-50,-25,958.2,Pandataria insula,13.4348,40.7968,-30.0,75.0,0.45
-50,-25,960,Speluncae ,13.432844,41.253212,-30.0,75.0,0.45
-50,-25,961,Villa Tiberii ,13.449773,41.250255,-30.0,75.0,0.45
-50,-25,961.1,,13.4547,41.249,-100.0,30.0,1.0
-50,-25,961.2,,13.4879,41.235,-70.0,20.0,1.0
-50,-25,961.3,,13.512,41.224,-100.0,30.0,1.0
-50,-25,962,"Caiete, Caieta, Caeatas, Aeete, Etruscan Caithi",13.586,41.211,-330.0,60.0,1.0
-50,-25,962.1,,13.55314,41.20846,-30.0,75.0,0.45
-50,-25,962.2,,13.5705,41.231,-30.0,75.0,0.45
-50,-25,962.3,,13.5753,41.2405,-30.0,75.0,0.45
-50,-25,962.4,,13.591,41.2476,-30.0,75.0,0.45
-50,-25,962.5,,13.5956,41.2485,-30.0,75.0,0.45
-50,-25,963,,13.5981,41.25082,-30.0,75.0,0.45
-50,-25,964,"Formiae, Formies, Hormies ",13.6057,41.253,-330.0,60.0,1.0
-50,-25,965,"Formiae, Formies, Hormies ",13.608778,41.255461,-30.0,75.0,0.45
-50,-25,965.1,"Formiae, Formies, Hormies ",13.6116,41.2578,-30.0,75.0,0.45
-50,-25,966,,13.675,41.2479,-330.0,60.0,1.0
-50,-25,967,Pyrae?,13.703677,41.250662,-330.0,60.0,1.0
-50,-25,968,"Minturnae, on via Appia, with Pons Tirenus bridge on R Liris",13.7709,41.241,-296.0,10.0,1.0
-50,-25,968.1,"Marica temple, sea-port of Minturnae",13.7645,41.2265,-700.0,30.0,1.0
-50,-25,969,,13.8408,41.15847,-330.0,60.0,1.0
-50,-25,970,"Sinuessa, Sinuesa, Sinope",13.85,41.14944,-550.0,60.0,1.0
-50,-25,971,,13.86509,41.12983,-30.0,75.0,0.45
-50,-25,972,Aquae Sinuessanae & Pagus Sarclanus?,13.9125,41.1228,-330.0,60.0,1.0
-50,-25,973,"Volturnum, on R Vulturnus",13.92,41.0186,-550.0,60.0,1.0
-50,-25,974,"Liternum, Linternum, port of the Osci, Oskoi, Osques, Opici, Aurunci, Ausones",14.029903,40.921334,-330.0,60.0,1.0
-50,-25,975,"Cumae, Cumes, Kyme",14.051265,40.846657,-750.0,60.0,1.0
-50,-25,977,"Pithekoussai, Pithecusae, Etruscan Inarime, first Greek (Euboian) settlement in Italy",13.885913,40.754297,-750.0,60.0,1.0
-50,-25,978,,13.879064,40.696687,-700.0,30.0,1.0
-50,-25,978.1,"Procita, Prochyta insula",14.016731,40.759068,-700.0,30.0,1.0
-50,-25,978.2,,13.992,40.74,-1500.0,100.0,1.0
-50,-25,979,,14.0836,40.7842,-60.0,20.0,1.0
-50,-25,979.1,,14.0888,40.7869,-30.0,75.0,0.45
-50,-25,980,"Misenos, Misenum, Misene, home port of Classis Misenensis fleet as from 12 BC",14.085,40.79,-12.0,40.0,0.18125
-50,-25,980.1,"Misenos, Misenum, Misene, Inner harbour",14.073,40.793,-12.0,40.0,0.18125
-50,-25,981,"Misenos, Misenum, Misene ",14.089871,40.788295,-12.0,40.0,0.18125
-50,-25,982,"Misenos, Misenum, Misene ",14.089078,40.789763,-12.0,40.0,0.18125
-50,-25,983,"Misenos, Misenum, Misene ",14.0829,40.79024,-12.0,40.0,0.18125
-50,-25,984,"Misenos, Misenum, Misene ",14.08524,40.7914,-12.0,40.0,0.18125
-50,-25,984.1,"Misenos, Misenum, Misene ",14.088,40.7931,-30.0,75.0,0.45
-50,-25,984.2,Thermae,14.0853,40.7984,-30.0,75.0,0.45
-50,-25,984.3,Bauli,14.0831,40.8,-30.0,75.0,0.45
-50,-25,985,Bauli,14.08134,40.80286,-30.0,75.0,0.45
-50,-25,985.1,Bauli,14.0829,40.809,-30.0,75.0,0.45
-50,-25,985.2,Bauli,14.083,40.8111,-30.0,75.0,0.45
-50,-25,985.3,Bauli,14.0766,40.8126,-30.0,75.0,0.45
-50,-25,986,"Baiae, Baïes, with access to Portus Baianus, on Lacus Baianus",14.0775,40.8183,-30.0,75.0,0.45
-50,-25,986.1,,14.0796,40.8205,-30.0,75.0,0.45
-50,-25,987,"Access to Portus Iulius, Julius, port of Julien, on Lacus Lucrinus, used by Agrippa as a naval base from 37 BC to 12 BC",14.094706,40.82648,-37.0,10.0,0.475
-50,-25,988,"Navale di Agrippa, on Lacus Avernus, Odysseus' stopover at the Halls of Hades possibly in this area",14.07598,40.837969,-37.0,10.0,0.475
-50,-25,991,"Puteoli, Dikaiarcheia, Dicearque, Flavia Colonia Augusta Puteoli, Delus Minor, in the Campi Phlegraei volcano district",14.1154,40.8216,-750.0,60.0,1.0
-50,-25,994,Imperial Villa of Pausilypon ,14.1883,40.793,-30.0,75.0,0.45
-50,-25,994.1,Imperial Villa of Pausilypon ,14.1917,40.7934,-30.0,75.0,0.45
-50,-25,995,Imperial Villa of Pausilypon ,14.1919,40.7947,-30.0,75.0,0.45
-50,-25,995.1,,14.2071,40.8024,-30.0,75.0,0.45
-50,-25,997,"Parthenope, Neapolis",14.2522,40.8398,-750.0,60.0,1.0
-50,-25,997.1,Neapolis ,14.25462,40.83927,-600.0,30.0,1.0
-50,-25,998,Neapolis ,14.2524,40.83926,-600.0,30.0,1.0
-50,-25,999,,14.3446,40.8079,-50.0,30.0,0.7083333333333334
-50,-25,999.1,"Herculaneum, Etruscan Herclena",14.35,40.7998,-550.0,60.0,1.0
-50,-25,1000,,14.37469,40.77828,-50.0,30.0,0.7083333333333334
-50,-25,1001,Oplontis ,14.4525,40.75755,-330.0,60.0,1.0
-50,-25,1001.1,Oplontis ,14.4566,40.7562,-30.0,75.0,0.45
-50,-25,1002,"Pompeia, Porta Marina, Etruscan Pumpai",14.48226,40.74893,-750.0,60.0,1.0
-50,-25,1002.1,"Pompeia, Porta Stabia, Etruscan Pumpai",14.4908,40.7473,-750.0,60.0,1.0
-50,-25,1003,Stabiae ,14.4926,40.69976,-330.0,60.0,1.0
-50,-25,1004,Aequana ,14.4215,40.6617,-750.0,60.0,1.0
-50,-25,1005,,14.402715,40.645818,-550.0,60.0,1.0
-50,-25,1005.1,,14.3778,40.6301,-30.0,75.0,0.45
-50,-25,1006,"Surrentum, Etruscan Irnthi",14.3698,40.6279,-330.0,60.0,1.0
-50,-25,1007,,14.3519,40.6338,-30.0,75.0,0.45
-50,-25,1007.1,,14.3484,40.6294,-30.0,75.0,0.45
-50,-25,1008,,14.3404,40.6263,-30.0,75.0,0.45
-50,-25,1008.1,Minervae Prom.,14.3244,40.5692,-30.0,75.0,0.45
-50,-25,1009,"Capraria, Capreae insula",14.236593,40.557685,-550.0,60.0,1.0
-50,-25,1010,"Capraria, Capreae insula",14.2288,40.5596,-30.0,75.0,0.45
-50,-25,1013.1,"Seirenoussai nesoi, Anthemoessa insulae, Anthemuse, possible Siren islands, no stopover for Odysseus",14.43365,40.5825,-750.0,60.0,1.0
-50,-25,1014,,14.4871,40.62815,-30.0,75.0,0.45
-50,-25,1016,,14.6262,40.6505,-30.0,75.0,0.45
-50,-25,1017,Vietri ,14.713068,40.657725,-750.0,60.0,1.0
-50,-25,1019,,14.94346,40.5352,-750.0,60.0,1.0
-50,-25,1020,Portus Alburnus ,14.969769,40.488629,-330.0,60.0,1.0
-50,-25,1021,"Poseïdonia, Posidonia, Paestum, on R Silarus",14.992,40.415,-750.0,60.0,1.0
-50,-25,1022,,14.990506,40.358318,-550.0,60.0,1.0
-50,-25,1023,,14.932901,40.268002,-30.0,75.0,0.45
-50,-25,1024,"Velia, Elea, Portus Velinus, Hyele, near R Hales",15.157,40.1602,-535.0,10.0,1.0
-50,-25,1025,Palinurus ,15.282234,40.035658,-750.0,60.0,1.0
-50,-25,1026,"Oenotrides insulae, Molpa ",15.294659,40.026788,-750.0,60.0,1.0
-50,-25,1027,"Pyxus, near Buxentum Prom.",15.516403,40.065378,-470.0,20.0,1.0
-50,-25,1028,Scidrus ,15.6222,40.07218,-330.0,60.0,1.0
-50,-25,1029,Cesernia ,15.7001,39.9922,-30.0,75.0,0.45
-50,-25,1030,,15.716,39.9673,-30.0,75.0,0.45
-50,-25,1030.0999999999999,,15.7436,39.9342,-30.0,75.0,0.45
-50,-25,1031,Blanda ,15.756465,39.913511,-330.0,60.0,1.0
-50,-25,1032,,15.781146,39.81781,-750.0,60.0,1.0
-50,-25,1033,"Laos, Laus ",15.789572,39.775272,-750.0,60.0,1.0
-50,-25,1034,"Cerillea, Cerilli ",15.804176,39.709009,-330.0,60.0,1.0
-50,-25,1035,,15.848026,39.613783,-330.0,60.0,1.0
-50,-25,1036,,15.945789,39.491704,-550.0,60.0,1.0
-50,-25,1037,Port of Pandosia,16.042302,39.301273,-550.0,60.0,1.0
-50,-25,1038,"Klampeteia, Clampetia ",16.065528,39.127809,-330.0,60.0,1.0
-50,-25,1039,"Temesa, Temese, Tempsa, on R Sabutus",16.094554,39.027944,-750.0,60.0,1.0
-50,-25,1040,,16.15407,38.98683,-330.0,60.0,1.0
-50,-25,1041,Terina ,16.2389,38.9448,-550.0,60.0,1.0
-50,-25,1042,Ad Turres,16.2697,38.9282,-30.0,75.0,0.45
-50,-25,1045,Ad Fluvium Angitulam ,16.192327,38.773926,-30.0,75.0,0.45
-50,-25,1047.0999999999999,"Port of Hipponium, Hipponion",16.0723,38.7222,-30.0,75.0,0.45
-50,-25,1047.2,,15.9994,38.7254,-30.0,75.0,0.45
-50,-25,1047.3,,15.9718,38.7135,-1500.0,100.0,1.0
-50,-25,1049,,15.921,38.545,-750.0,60.0,1.0
-50,-25,1050,,15.9234,38.5247,-30.0,75.0,0.45
-50,-25,1051,Emporion,15.95941,38.49277,-330.0,60.0,1.0
-50,-25,1052,"Medma, Mesma",15.9882,38.4821,-750.0,60.0,1.0
-50,-25,1053,"Port at the outlet of R Metaurus, Metaure ",15.871137,38.421553,-750.0,60.0,1.0
-50,-25,1054,Taurianum ,15.86494,38.39426,-330.0,60.0,1.0
-50,-25,1055,Portus Orestis,15.8336,38.351,-30.0,75.0,0.45
-50,-25,1056,Ad Mallias,15.823,38.3162,-30.0,75.0,0.45
-50,-25,1058,"Scyllaeum, Scylla, in front of Charybdis in Sicily, both Planktes insulae, where Odysseus possibly sailed",15.715,38.259,-750.0,60.0,1.0
-50,-25,1059,Kainys ,15.6354,38.2322,-550.0,60.0,1.0
-50,-25,1060,Ad Columnam ,15.6318,38.2193,-30.0,75.0,0.45
-50,-25,1061,"Rhegium, Rhegion",15.634658,38.109425,-740.0,20.0,1.0
-50,-25,1063,Decastadium? On R Halex,15.792908,37.912551,-30.0,75.0,0.45
-50,-25,1064,Scyle ,15.92,37.928,-330.0,60.0,1.0
-50,-25,1065,Hipporum ,16.070617,37.926494,-30.0,75.0,0.45
-50,-25,1067,,16.158269,38.11782,-30.0,75.0,0.45
-50,-25,1068,Altanum? ,16.177826,38.141495,-550.0,60.0,1.0
-50,-25,1069,"Lokroi Epizephyrioi, Locri Epizefiri, Locres ",16.2368,38.2077,-750.0,60.0,1.0
-50,-25,1070,Subsicivo? ,16.333741,38.293092,-30.0,75.0,0.45
-50,-25,1071,"Amphissa, Santo Onofrio ",16.413143,38.318166,-750.0,60.0,1.0
-50,-25,1072,"Kaulonia, Caulonia, Aulonia, Stilida",16.5787,38.4454,-750.0,60.0,1.0
-50,-25,1073,Cocinto?,16.5843,38.4573,-30.0,75.0,0.45
-50,-25,1075,"Scylletium, Scolacium ",16.5952,38.8076,-550.0,60.0,1.0
-50,-25,1076,"Castra Hannibalis, Camp of Annibal ",16.713868,38.85776,-330.0,60.0,1.0
-50,-25,1078,,17.023685,38.903404,-330.0,60.0,1.0
-50,-25,1080,,17.16869,38.95411,-750.0,60.0,1.0
-50,-25,1082,"Kroton, Crotone, on R Aisaros",17.126348,39.085539,-750.0,60.0,1.0
-50,-25,1083,Meto ,17.1409,39.1763,-30.0,75.0,0.45
-50,-25,1084,Krimisa?,17.140861,39.370149,-750.0,60.0,1.0
-50,-25,1085,"Temple of Apollo Alaeus, port of Aesarus ",17.1466,39.39654,-750.0,60.0,1.0
-50,-25,1086,"Paternum, at outlet of R Hylias",17.031,39.48,-30.0,75.0,0.45
-50,-25,1087,,16.9617,39.496,-330.0,60.0,1.0
-50,-25,1088,"Sybaris ad Traeis, on R Traeis",16.771,39.59,-443.0,10.0,1.0
-50,-25,1089,"Portus Roscia, Ruscia, Rouskiane",16.769,39.61,-30.0,75.0,0.45
-50,-25,1090,"archaic Sybaris, on R Sybaris and R Crathis, Thourioi, Thurii, Copia",16.491191,39.717044,-720.0,20.0,1.0
-50,-25,1091,,16.538059,39.865106,-1500.0,100.0,1.0
-50,-25,1092,"Ad Vicesimum, Lagaria?",16.589,39.9483,-30.0,75.0,0.45
-50,-25,1093,,16.60264,40.04726,-550.0,60.0,1.0
-50,-25,1094,Cugno dei Vagni ,16.6296,40.14226,-30.0,75.0,0.45
-50,-25,1095,,16.64197,40.15955,-330.0,60.0,1.0
-50,-25,1097,"Siris, on R Siris",16.6682,40.1658,-750.0,60.0,1.0
-50,-25,1098,"Heraclea, Heraclee ",16.67,40.22,-550.0,60.0,1.0
-50,-25,1098.0999999999999,,16.6642,40.2934,-1500.0,100.0,1.0
-50,-25,1099,"Metapontum, Metaponte",16.8352,40.3728,-750.0,60.0,1.0
-50,-25,1100,"Tarentum, Taras, Neptuna",17.228144,40.472032,-750.0,60.0,1.0
-50,-25,1101,,17.31499,40.50047,-30.0,75.0,0.45
-50,-25,1103,"Satyrion, Saturnum ",17.30396,40.37282,-1500.0,100.0,1.0
-50,-25,1104,,17.50013,40.30372,-330.0,60.0,1.0
-50,-25,1105,Port Sasina ,17.896215,40.25706,-750.0,60.0,1.0
-50,-25,1106,Port of Neretum,17.983673,40.137046,-750.0,60.0,1.0
-50,-25,1107,"Kallipolis, Callipolis, Anxa ",17.979931,40.054413,-750.0,60.0,1.0
-50,-25,1109,,18.31,39.8138,-330.0,60.0,1.0
-50,-25,1110,"Portus Sallentinus, Leuke, near Iapygia Prom.",18.362675,39.792157,-750.0,60.0,1.0
-50,-25,1111.2,Port of Traiectus ,15.589,38.246,-30.0,75.0,0.45
-50,-25,1112,"Zancle, Zankle, Messana, Messene",15.560811,38.192865,-730.0,20.0,1.0
-50,-25,1113,,15.536584,38.145129,-750.0,60.0,1.0
-50,-25,1114,"Phoinix, Tamaricii, Palmae ",15.37,37.9438,-330.0,60.0,1.0
-50,-25,1115,,15.3078,37.878,-330.0,60.0,1.0
-50,-25,1116,Tauromenium ,15.302,37.848,-550.0,60.0,1.0
-50,-25,1117,"Naxos, Naxus ",15.2694,37.8239,-470.0,20.0,1.0
-50,-25,1118,"Archaic Naxos, near R Akesines",15.2694,37.8193,-734.0,10.0,1.0
-50,-25,1119,Acium ,15.171274,37.572564,-30.0,75.0,0.45
-50,-25,1122,"Ulixis portus, Port of Odysseus ",15.118541,37.529208,-30.0,75.0,0.45
-50,-25,1123,"Katane, Catina ",15.0873,37.5024,-750.0,60.0,1.0
-50,-25,1123.2,"Leontinoi, on R Terias",14.998,37.2855,-750.0,60.0,1.0
-50,-25,1124,,15.132834,37.310011,-750.0,60.0,1.0
-50,-25,1125.0999999999999,"Xiphoneos, Xiphonia, Xiphon",15.207,37.234,-330.0,60.0,1.0
-50,-25,1126,"Megara Hyblaea, on R Alabon",15.183741,37.205772,-750.0,60.0,1.0
-50,-25,1127,"Tapsus, Thapsos ",15.228473,37.145257,-1200.0,100.0,1.0
-50,-25,1128,"Leon, landing place of Athenian fleet in 414 BC",15.2615,37.1076,-4000.0,100.0,1.0
-50,-25,1132,"Syracuse, ""Large Port"", on the isle of Sikelia, Sicania, Trinacria, major Greek (Corinthian) settlement in Sicily",15.288,37.06,-733.0,10.0,1.0
-50,-25,1138,Portus Naustathamus?,15.214525,36.95611,-750.0,60.0,1.0
-50,-25,1139,,15.1486,36.91385,-30.0,75.0,0.45
-50,-25,1140,"Helorus, Elorus, on R Helorus",15.1075,36.8422,-750.0,60.0,1.0
-50,-25,1141,Phoenicus portus ,15.0985,36.803,-330.0,60.0,1.0
-50,-25,1142,,15.0888,36.7853,-30.0,75.0,0.45
-50,-25,1143,"Portus Pachino, Pachyno, Pachyni, Apollineum ",15.1385,36.6857,-330.0,60.0,1.0
-50,-25,1146,R Hirminum,14.594,36.771,-750.0,60.0,1.0
-50,-25,1148,"Kamarina, on R Hipparis",14.440957,36.866878,-598.0,10.0,1.0
-50,-25,1149,"Mesopotamium, port of Euboia?",14.399822,36.927737,-30.0,75.0,0.45
-50,-25,1150,,14.3,37.032,-550.0,60.0,1.0
-50,-25,1151,Calvisiana ,14.27,37.047,-30.0,75.0,0.45
-50,-25,1152,"Gela, on R Gela",14.2583,37.063,-688.0,10.0,1.0
-50,-25,1153,Chalae? ,14.23,37.06648,-30.0,75.0,0.45
-50,-25,1154,,14.197,37.0842,-750.0,60.0,1.0
-50,-25,1155,"Port of Maktorion, Mactorium?",14.138661,37.100201,-750.0,60.0,1.0
-50,-25,1156,"Phintias, on R Himeras",13.9317,37.1,-330.0,60.0,1.0
-50,-25,1158,,13.881,37.102,-750.0,60.0,1.0
-50,-25,1159,"Port of Daedalium, Dedalium, Omphale ",13.856089,37.114826,-30.0,75.0,0.45
-50,-25,1160,,13.780019,37.144488,-750.0,60.0,1.0
-50,-25,1161,,13.695341,37.17957,-550.0,60.0,1.0
-50,-25,1162,,13.6667,37.192,-30.0,75.0,0.45
-50,-25,1162.0999999999999,,13.624,37.233,-1400.0,100.0,1.0
-50,-25,1163,"Agrakas, Akragas, Agrigentum, on R Hypsas",13.581,37.2687,-580.0,20.0,1.0
-50,-25,1164,,13.4877,37.2899,-30.0,75.0,0.45
-50,-25,1166,"Heraclea Minoa, on R Halycus",13.28,37.3937,-750.0,60.0,1.0
-50,-25,1167,,13.256671,37.414943,-750.0,60.0,1.0
-50,-25,1168,"Thermae Selinuntinae, Aquae Larodes",13.0923,37.503,-30.0,75.0,0.45
-50,-25,1169,"Selinus, Selinunt, Selinonte east port",12.8294,37.5845,-650.0,30.0,1.0
-50,-25,1170,"Selinus, Selinunt, Selinonte west port, on R Selinon",12.82116,37.5828,-650.0,30.0,1.0
-50,-25,1171,"Mazara, on R Mazara",12.587605,37.644211,-550.0,60.0,1.0
-50,-25,1172,"Lilybaion, Lilybee South port?",12.43,37.7937,-750.0,60.0,1.0
-50,-25,1173,"Lilybaion, Lilybee Main port",12.428115,37.808131,-750.0,60.0,1.0
-50,-25,1174,"Lilybaion, Lilybee North port?",12.443337,37.8124,-750.0,60.0,1.0
-50,-25,1176,"Motye, Motya",12.4646,37.8641,-750.0,60.0,1.0
-50,-25,1176.0999999999999,"Motye, Motya",12.4724,37.86902,-350.0,30.0,1.0
-50,-25,1176.2,"Motye, Motya",12.47,37.8715,-350.0,30.0,1.0
-50,-25,1177,"Aigousa insula, anchorage of Roman fleet before the famous battle of the Egadi Islands (10 March 241 BC), Odysseus' port of the Cyclops? ",12.322489,37.934044,-750.0,60.0,1.0
-50,-25,1179,"Maritima, Hieronesos, Hiera insula",12.077769,37.970422,-330.0,60.0,1.0
-50,-25,1180,"Bucinna, Phorbantia insula",12.321625,38.00168,-10000.0,100.0,1.0
-50,-25,1181,"Drepanum, Drepane ",12.502194,38.007961,-330.0,60.0,1.0
-50,-25,1182,"Port of Erix, Eryx, Erice, Carthaginian base camp during the famous battle of the Egadi Islands (10 March 241 BC)",12.58963,38.070435,-550.0,60.0,1.0
-50,-25,1182.0999999999999,,12.6801,38.1123,-250.0,30.0,1.0
-50,-25,1182.2,,12.736,38.186,-400.0,30.0,1.0
-50,-25,1182.3,,12.7692,38.1673,-400.0,30.0,1.0
-50,-25,1184,"Emporion Segestanon, Emporium of the Aegestes, port of Segesta, on R Crimisus",12.88,38.0295,-330.0,60.0,1.0
-50,-25,1184.0999999999999,,13.0791,38.1732,-400.0,30.0,1.0
-50,-25,1185,"Os, Osteodes",13.1957,38.7082,-30.0,75.0,0.45
-50,-25,1186,,13.152119,38.695927,-30.0,75.0,0.45
-50,-25,1187,,13.182596,38.71968,-1500.0,100.0,1.0
-50,-25,1188.0999999999999,Pakonia?,13.23715,38.2079,-300.0,30.0,1.0
-50,-25,1189,"Panhormus, Panorme",13.368583,38.120398,-750.0,60.0,1.0
-50,-25,1190,"Solus, port of Solonte ",13.542862,38.081694,-750.0,60.0,1.0
-50,-25,1191,"Thermai, Thermae Himeraeae, on R Thermos",13.690394,37.993991,-550.0,60.0,1.0
-50,-25,1192,,13.7815,37.9743,-330.0,60.0,1.0
-50,-25,1193,"Himera, Himere, on R Himeras",13.8215,37.9683,-729.0,10.0,1.0
-50,-25,1194,,13.964,38.0319,-30.0,75.0,0.45
-50,-25,1195,"Cephaloedium, Cephalidium ",14.024107,38.043883,-550.0,60.0,1.0
-50,-25,1196,"Halaesa, on R Halaisos",14.263,37.998,-330.0,60.0,1.0
-50,-25,1197,"Kale Akte, Calate ",14.448292,38.036496,-550.0,60.0,1.0
-50,-25,1198,,14.67,38.097,-30.0,75.0,0.45
-50,-25,1199,Agathyrnum ,14.752,38.164,-550.0,60.0,1.0
-50,-25,1200,,14.765,38.157,-30.0,75.0,0.45
-50,-25,1201,,14.9726,38.1487,-30.0,75.0,0.45
-50,-25,1202,"Egira, Erikodes, Ericusa Insula",14.351188,38.5428,-330.0,60.0,1.0
-50,-25,1203,"Celsina, Phoenicusa, Phoinikoussa insula",14.5883,38.5569,-1500.0,100.0,1.0
-50,-25,1204,Didyma insula,14.8696,38.5739,-1500.0,100.0,1.0
-50,-25,1205,"Lipara on Liparos insula, Meligounis nesos",14.9568,38.4717,-1500.0,100.0,1.0
-50,-25,1206,"Heraclea, Hiera Thermessa insula,  Hiera Hephaistou insula",14.966446,38.416361,-550.0,60.0,1.0
-50,-25,1207,"Aegina, Euonymus insula",15.0636,38.6256,-1500.0,100.0,1.0
-50,-25,1209,"Strongilos, Eolie, possibly Odysseus' stopover on the isle of Aeolos",15.244209,38.797457,-1500.0,100.0,1.0
-50,-25,1210,Tyndaris ,15.044,38.1433,-550.0,60.0,1.0
-50,-25,1211,,15.150606,38.146439,-30.0,75.0,0.45
-50,-25,1212,"Myle, Mylae ",15.2428,38.2177,-750.0,60.0,1.0
-50,-25,1213,"Naulochos, Naulocha ",15.371783,38.22509,-330.0,60.0,1.0
-50,-25,1240,"Aethusa, Hefaesta, Ephaestia, Efesta ",12.869306,35.861034,-30.0,75.0,0.45
-50,-25,1242,"Castrum Minerva, Port of Venus, Limen Aphrodites, Athenaion ",18.435411,40.011636,-550.0,60.0,1.0
-50,-25,1242.0999999999999,,18.4849,40.079,-330.0,60.0,1.0
-50,-25,1243,"Hydros, Hydruntum, Otrante ",18.490869,40.148182,-750.0,60.0,1.0
-50,-25,1243.0999999999999,,18.4732,40.1841,-330.0,60.0,1.0
-50,-25,1243.2,,18.431,40.277,-330.0,60.0,1.0
-50,-25,1244,Port Tarentin ,18.4263,40.2871,-1500.0,100.0,1.0
-50,-25,1245,,18.409136,40.301208,-750.0,60.0,1.0
-50,-25,1246,"Hadrianou Hormos, port of Lupiae, Miltopiae? ",18.307982,40.386459,-30.0,75.0,0.45
-50,-25,1247,"Brindes, Brentesium, Brundisium, Bronduse",17.948953,40.641441,-750.0,60.0,1.0
-50,-25,1248,,17.8705,40.6875,-330.0,60.0,1.0
-50,-25,1249,,17.7983,40.7137,-750.0,60.0,1.0
-50,-25,1250,Ad Speluncas ,17.723,40.752,-30.0,75.0,0.45
-50,-25,1250.0999999999999,Karbina,17.6983,40.7596,-1500.0,100.0,1.0
-50,-25,1252,Gnathia ,17.391,40.8896,-750.0,60.0,1.0
-50,-25,1253,Diria? ,17.300749,40.962258,-30.0,75.0,0.45
-50,-25,1254,"Turris Caesaris, Neapolis ",17.2183,40.9975,-330.0,60.0,1.0
-50,-25,1257,,16.997139,41.090957,-750.0,60.0,1.0
-50,-25,1259,Natiolum ,16.669838,41.192824,-330.0,60.0,1.0
-50,-25,1260,Respa ,16.59485,41.215935,-30.0,75.0,0.45
-50,-25,1261,Turenum ,16.423982,41.286177,-30.0,75.0,0.45
-50,-25,1262,Barduli ,16.287075,41.334436,-330.0,60.0,1.0
-50,-25,1263,"Aufinum, Aufidena on R Aufidus, port of the Canusites ",16.206,41.3324,-30.0,75.0,0.45
-50,-25,1263.0999999999999,,16.0811,41.3592,-1500.0,100.0,1.0
-50,-25,1264,San Vito ,16.03185,41.3848,-330.0,60.0,1.0
-50,-25,1265,Salapia,15.9965,41.3993,-30.0,75.0,0.45
-50,-25,1267,,15.8378,41.519,-750.0,60.0,1.0
-50,-25,1268,"Coppa Nevigatta, on R Aquilo",15.8338,41.558,-5000.0,100.0,1.0
-50,-25,1269,,15.903378,41.605674,-30.0,75.0,0.45
-50,-25,1270,"Sipous, Sipontum, Sipunte ",15.9221,41.617859,-330.0,60.0,1.0
-50,-25,1271,"Apanestae, Apeneste",16.06038,41.69375,-750.0,60.0,1.0
-50,-25,1272,,16.074573,41.706483,-30.0,75.0,0.45
-50,-25,1274,"Portus Aggasus, Port Agasus ",16.183,41.885,-550.0,60.0,1.0
-50,-25,1275,Merinum ,16.1114,41.915,-30.0,75.0,0.45
-50,-25,1277,"Hyria, Uria",15.83039,41.8821,-330.0,60.0,1.0
-50,-25,1278,Urias Sinus,15.8127,41.8505,-30.0,75.0,0.45
-50,-25,1279,,15.50164,41.86139,-30.0,75.0,0.45
-50,-25,1280,"Praetorium Publilianum, on Pantanus Lacus",15.42795,41.84148,-30.0,75.0,0.45
-50,-25,1282,"Trimerus insula, one of the Diomedeae insulae",15.499203,42.118661,-30.0,75.0,0.45
-50,-25,1284,,15.05334,41.93962,-750.0,60.0,1.0
-50,-25,1285,Cliternia,15.0401,41.971,-30.0,75.0,0.45
-50,-25,1286,Buca?,14.9976,42.0066,-330.0,60.0,1.0
-50,-25,1288,"Histonium, Istonium ",14.7205,42.1188,-550.0,60.0,1.0
-50,-25,1289,Buca?,14.7125,42.172,-330.0,60.0,1.0
-50,-25,1291,"Gualdi, port of Anxanum ",14.4434,42.3103,-550.0,60.0,1.0
-50,-25,1292,"Orton, Hortona",14.4098,42.357,-330.0,60.0,1.0
-50,-25,1293,"Aternum, Ostia Aterni, on R Aternus",14.2118,42.4614,-330.0,60.0,1.0
-50,-25,1294.0999999999999,"Matrinus, port of Hatria, Adria at the outlet of R Matrinus",14.138,42.5332,-330.0,60.0,1.0
-50,-25,1295.0999999999999,,14.036685,42.633425,-30.0,75.0,0.45
-50,-25,1295.2,R Vomanus,14.033,42.654,-30.0,75.0,0.45
-50,-25,1296,"Castrum Novum, on R Batinus",13.971,42.7356,-330.0,60.0,1.0
-50,-25,1297,"Castrum Truentinum, Truentum, on R Truentinum",13.901,42.8908,-330.0,60.0,1.0
-50,-25,1298,Cupra Maritima,13.8534,43.034,-750.0,60.0,1.0
-50,-25,1299,"Castellum Firmanorum, port of Firmum Picenum, Etruscan Permu",13.8011,43.1605,-330.0,60.0,1.0
-50,-25,1300,"Cluana, on R Cluentus",13.7396,43.317031,-30.0,75.0,0.45
-50,-25,1301,"Potentia, near R Flosis",13.6711,43.4142,-330.0,60.0,1.0
-50,-25,1302,Numana ,13.628195,43.50729,-750.0,60.0,1.0
-50,-25,1305,"Sena Gallica, on R Sena",13.2185,43.7123,-330.0,60.0,1.0
-50,-25,1306,,13.175681,43.75246,-750.0,60.0,1.0
-50,-25,1308,Fanum Fortunae ,13.019325,43.858514,-330.0,60.0,1.0
-50,-25,1309,"Pisaurum, on R Pisaurus",12.92,43.9159,-550.0,60.0,1.0
-50,-25,1311,"Ariminum, Etruscan Arimna, Harimne, on R Ariminus & R Ausa",12.5739,44.0623,-550.0,60.0,1.0
-50,-25,1312,Ad Rubiconem ,12.446855,44.171696,-30.0,75.0,0.45
-50,-25,1313,Ad Novas,12.3542,44.18738,-30.0,75.0,0.45
-50,-25,1314,Sabis,12.2633,44.26035,-30.0,75.0,0.45
-50,-25,1316,"Butrium, Budrium, port of Budrio ",12.14588,44.53989,-330.0,60.0,1.0
-50,-25,1317,"Augusta, on Fossa Augusta",12.09413,44.56244,-30.0,75.0,0.45
-50,-25,1319,"Pomposa, Etruscan Spina, at the outlet of R Padus",12.10256,44.6943,-750.0,60.0,1.0
-50,-25,1319.1,,12.1823,44.694,-30.0,75.0,0.45
-50,-25,1320,Sacis ad Padum,12.11759,44.72213,-30.0,75.0,0.45
-50,-25,1321,Neronia ,12.13237,44.7672,-30.0,75.0,0.45
-50,-25,1322,Corniculani ,12.13113,44.82403,-30.0,75.0,0.45
-50,-25,1323,Hadriani ,12.17741,44.94566,-750.0,60.0,1.0
-50,-25,1325,Septem Maria ,12.22032,45.02637,-30.0,75.0,0.45
-50,-25,1326,"Atria, Etruscan Hatria ",12.067121,45.048536,-750.0,60.0,1.0
-50,-25,1327,Fossis ,12.24533,45.10979,-30.0,75.0,0.45
-50,-25,1328,"Bruntulum, Brundulus ",12.28343,45.19576,-30.0,75.0,0.45
-50,-25,1329,"Edrum, Aedro, Edron, Edro portus, Ebro portus, on R Fossa Claudia canal",12.07582,45.27356,-30.0,75.0,0.45
-50,-25,1330,"R Medoacus Minor, Meduacus ",12.09872,45.33435,-30.0,75.0,0.45
-50,-25,1332,Ad Portum ,12.13381,45.41901,-30.0,75.0,0.45
-50,-25,1333,"R Medoacus Maior, Meduacus, Ad XII ",12.10001,45.4132,-30.0,75.0,0.45
-50,-25,1335,Ad IX ,12.221424,45.48142,-30.0,75.0,0.45
-50,-25,1339,Altinum ,12.4077,45.5428,-550.0,60.0,1.0
-50,-25,1342,,12.4829,45.493,-30.0,75.0,0.45
-50,-25,1344,Equilum,12.63852,45.54283,-30.0,75.0,0.45
-50,-25,1345,"Eraclia, Port on R Anassum or Anaxum ",12.6573,45.6378,-1300.0,100.0,1.0
-50,-25,1346,Port on R Liquentia ,12.81516,45.59205,-30.0,75.0,0.45
-50,-25,1347,"Port on the Romatinus, Reatinus ",12.90582,45.61705,-30.0,75.0,0.45
-50,-25,1347.1,,12.8872,45.6356,-1200.0,100.0,1.0
-50,-25,1348,"Port on R Tilaventum Maius, Apicilia",12.98675,45.78756,-30.0,75.0,0.45
-50,-25,1348.1,,13.1286,45.7714,-1300.0,100.0,1.0
-50,-25,1348.2,,13.1542,45.7705,-1300.0,100.0,1.0
-50,-25,1349,Port on R Tilaventum Minus ,13.21565,45.83349,-30.0,75.0,0.45
-50,-25,1349.1,,13.3203,45.7648,-1500.0,100.0,1.0
-50,-25,1351,"Aquileia, Aquilee, on ancient course of R Aesontius, Sontius, Isontius (ca. 50 m wide)",13.3695,45.7748,-200.0,30.0,1.0
-50,-25,1352,,13.5266,45.7885,-30.0,75.0,0.45
-50,-25,1352.2,"Fons Timavi, Port on Lake Timavus, Timave ",13.5909,45.7896,-30.0,75.0,0.45
-50,-25,1352.3,,13.6272,45.7722,-30.0,75.0,0.45
-50,-25,1353,Castellum Pucinum ,13.708221,45.70551,-30.0,75.0,0.45
-50,-25,1353.1,,13.732,45.694,-30.0,75.0,0.45
-50,-25,1354,Etruscan Tarcste,13.771666,45.649509,-330.0,60.0,1.0
-50,-25,1355,,13.844,45.606,-178.0,10.0,1.0
-25,0,753,"Olbia, Roman port",9.5031,40.9275,-330.0,60.0,1.0
-25,0,753.1,"Olbia, Punic port and Roman port",9.5057,40.9232,-750.0,60.0,1.0
-25,0,754,Coclearia ,9.675812,40.784988,-30.0,75.0,0.6166666666666667
-25,0,755,"Pheronia, Feronia ",9.722893,40.639368,-30.0,75.0,0.6166666666666667
-25,0,756,Portus Liguidonis,9.751357,40.616236,-30.0,75.0,0.6166666666666667
-25,0,756.1,Outlet of R Kaidris,9.734,40.373,-1500.0,100.0,1.0
-25,0,757,"Sulcis, Sulpicius, Supicius ",9.706108,39.912462,-330.0,60.0,1.0
-25,0,758,Custodia Rubriensis ,9.686434,39.833966,-30.0,75.0,0.6166666666666667
-25,0,761,"Sarcapos, Sarpach, on R Saipros",9.631611,39.425626,-30.0,75.0,0.6166666666666667
-25,0,762,Caralitanum Prom.,9.516373,39.11649,-330.0,60.0,1.0
-25,0,764,,9.27361,39.21267,-30.0,75.0,0.6166666666666667
-25,0,765,"Caralis, Carales, on R Sulcis",9.112387,39.211683,-750.0,60.0,1.0
-25,0,766,,9.10834,39.22054,-30.0,75.0,0.6166666666666667
-25,0,766.1,,9.005325,39.095552,-1500.0,100.0,1.0
-25,0,766.2,,9.0236,39.0619,-1500.0,100.0,1.0
-25,0,767,Nora ,9.01444,38.987048,-750.0,60.0,1.0
-25,0,768,Nora ,9.012555,38.984715,-750.0,60.0,1.0
-25,0,769,Nora ,9.012066,38.988036,-750.0,60.0,1.0
-25,0,769.1,"Littus anneum, Aigialos Proseches?",8.9971,38.9843,-30.0,75.0,0.6166666666666667
-25,0,770,"Bitia, Bithia, Bioea ",8.8849,38.8956,-750.0,60.0,1.0
-25,0,772.1,,8.7779,38.9083,-30.0,75.0,0.6166666666666667
-25,0,773,"Port of Tegulitia, Tegula ",8.7236,38.9347,-30.0,75.0,0.6166666666666667
-25,0,778,"Sulcis, Solci (export of copper?)",8.462004,39.06534,-750.0,60.0,1.0
-25,0,779,Enosis insula,8.321367,39.140566,-30.0,75.0,0.6166666666666667
-25,0,780,,8.4887,39.1774,-750.0,60.0,1.0
-25,0,781,Metalla? ,8.5002,39.394,-500.0,30.0,1.0
-25,0,781.1,,8.4601,39.5681,-7000.0,100.0,1.0
-25,0,782.1,,8.4946,39.7145,-30.0,75.0,0.6166666666666667
-25,0,783,,8.60514,39.72744,-330.0,60.0,1.0
-25,0,784,,8.6645,39.78592,-30.0,75.0,0.6166666666666667
-25,0,785,,8.5822,39.7945,-30.0,75.0,0.6166666666666667
-25,0,786,"Othaia, Othoca, on R Thyrsos",8.60849,39.86957,-750.0,60.0,1.0
-25,0,786.1,,8.495,39.925,-4500.0,100.0,1.0
-25,0,787,"Tarrai, Tharros, Tarrhos, Punic port",8.44,39.892,-750.0,60.0,1.0
-25,0,787.1,"Tarrai, Tharros, Tarrhos, possible Nuragic port",8.4416,39.8789,-1500.0,100.0,1.0
-25,0,788,"Tarrai, Tharros, Tarrhos",8.437959,39.859288,-750.0,60.0,1.0
-25,0,788.1,,8.3936,39.9725,-1200.0,100.0,1.0
-25,0,788.2,,8.3066,39.988,-1200.0,100.0,1.0
-25,0,789,"Coracodes, Korakodes portus",8.409895,40.043873,-1200.0,100.0,1.0
-25,0,790,"Cornus, Kornos",8.490364,40.087832,-330.0,60.0,1.0
-25,0,791,"Bosa, on R Temos",8.469417,40.284535,-330.0,60.0,1.0
-25,0,792,"Carbia, Garbia ",8.306281,40.569916,-30.0,75.0,0.6166666666666667
-25,0,793,Nymphaeus portus ,8.189645,40.616568,-750.0,60.0,1.0
-25,0,794,Nure ,8.19785,40.682966,-30.0,75.0,0.6166666666666667
-25,0,796,"Turris Libyssonis, Libisonis",8.3918,40.8368,-330.0,60.0,1.0
-25,0,796.1,"Turris Libyssonis, Libisonis",8.3941,40.8391,-330.0,60.0,1.0
-25,0,796.2,"Turris Libyssonis, Libisonis",8.4016,40.8392,-330.0,60.0,1.0
-25,0,796.3,"Turris Libyssonis, Libisonis",8.4089,40.8389,-330.0,60.0,1.0
-25,0,797,,8.62901,40.87198,-30.0,75.0,0.6166666666666667
-25,0,798,,8.68912,40.90308,-30.0,75.0,0.6166666666666667
-25,0,799,Portus Tibulae ,8.706077,40.916939,-30.0,75.0,0.6166666666666667
-25,0,800,Viniolae,9.060096,41.129461,-30.0,75.0,0.6166666666666667
-25,0,801,,9.1609,41.2404,-330.0,60.0,1.0
-25,0,802,Tibula?,9.195259,41.237221,-30.0,75.0,0.6166666666666667
-25,0,803,"Turublum Minus, Lamos?, Telepylos?, possible port of the Laestrygonians and stopover of Odysseus, near famous Arktou Akra Prom.",9.275693,41.199135,-1500.0,100.0,1.0
-25,0,805,Elefantaria,9.444,41.105,-30.0,75.0,0.6166666666666667
-25,0,811,,7.564,43.7902,-30.0,75.0,0.6166666666666667
-25,0,811.1,"Vintimilio plagia, Album Intermilium, Albintimilium",7.6252,43.7893,-550.0,60.0,1.0
-25,0,812,,7.75954,43.80824,-30.0,75.0,0.6166666666666667
-25,0,813,Matutia,7.7807,43.8147,-30.0,75.0,0.6166666666666667
-25,0,814,,7.83858,43.82099,-30.0,75.0,0.6166666666666667
-25,0,816,"Portus Mauritii, Portu Maurici ",8.0207,43.8737,-30.0,75.0,0.6166666666666667
-25,0,817,Lucus Bormani ,8.0859,43.9068,-30.0,75.0,0.6166666666666667
-25,0,818,"Albingauno, Albenganum ",8.2133,44.047,-550.0,60.0,1.0
-25,0,819,Pullopice,8.342,44.164,-30.0,75.0,0.6166666666666667
-25,0,821,"Vada Sabatia, Vadis Savadis",8.4359,44.2693,-100.0,30.0,1.0
-25,0,823,"Savo, Vicus Virginis? ",8.479161,44.296439,-330.0,60.0,1.0
-25,0,824,Alba Docilia ,8.51187,44.33385,-30.0,75.0,0.6166666666666667
-25,0,826,Ad Navalia ,8.633105,44.37737,-30.0,75.0,0.6166666666666667
-25,0,827,Hasta ,8.744872,44.422373,-30.0,75.0,0.6166666666666667
-25,0,828,Sestri Ponente ,8.867501,44.395427,-30.0,75.0,0.6166666666666667
-25,0,829,Genua,8.9284,44.411,-600.0,30.0,1.0
-25,0,830,"archaic landing place of Genua, Etruscan Cainua?",8.94388,44.409,-1000.0,100.0,1.0
-25,0,832,Delphinis ,9.1526,44.349,-30.0,75.0,0.6166666666666667
-25,0,833,"Portu Delphini, Port du Dauphin ",9.211589,44.302575,-30.0,75.0,0.6166666666666667
-25,0,835,Tegulata ,9.338812,44.299149,-30.0,75.0,0.6166666666666667
-25,0,836,"Segesta, Tigulliorum ",9.389291,44.273009,-30.0,75.0,0.6166666666666667
-25,0,837,Ad Monilia ,9.484384,44.234533,-30.0,75.0,0.6166666666666667
-25,0,838,Antion ,9.546199,44.202859,-550.0,60.0,1.0
-25,0,839,Portus Veneris ,9.833473,44.049041,-30.0,75.0,0.6166666666666667
-25,0,840,,9.841662,44.063586,-100.0,30.0,1.0
-25,0,844,"Portus Lunae, Lune, Selene, Etruscan Luna, near R Macra  (export of white marble)",10.0152,44.0608,-330.0,60.0,1.0
-25,0,846,Fossae Papirianae,10.16,43.951,-30.0,75.0,0.6166666666666667
-25,0,847,,10.28083,43.87307,-750.0,60.0,1.0
-25,0,848,,10.3602,43.83659,-330.0,60.0,1.0
-25,0,849,,10.32724,43.76764,-750.0,60.0,1.0
-25,0,850,,10.33555,43.73476,-750.0,60.0,1.0
-25,0,851,"Port of Pise, Pisa, Etruscan Pisna, Peithusa, Pithsa, on ancient R Auser, near R Arnus",10.3862,43.7211,-550.0,60.0,1.0
-25,0,852,,10.346,43.68,-30.0,75.0,0.6166666666666667
-25,0,853,,10.3934,43.6386,-5000.0,100.0,1.0
-25,0,854,"Triturrita? Turrita? Near Portus Pisanus, Pisarum emporio, Liburnus Portus, Portus Herculis Liburni, Portus Labro, Etruscan Liburna",10.3343,43.5733,-5000.0,100.0,1.0
-25,0,855,,10.4182,43.4022,-330.0,60.0,1.0
-25,0,856,"Vadis, Vada Volaterrana ",10.44801,43.35981,-330.0,60.0,1.0
-25,0,857,"Caecina, Etruscan Ceicna, Caicni",10.5106,43.3099,-30.0,75.0,0.6166666666666667
-25,0,858.1,,10.531,43.099,-5000.0,100.0,1.0
-25,0,859,"Populonio, Poplonium, Etruscan Fufluna, Pupluna",10.5014,42.9924,-750.0,60.0,1.0
-25,0,859.1,,10.4895,42.9881,-50.0,30.0,1.0
-25,0,860,"Falesia, Porto Falese ",10.559041,42.934297,-5000.0,100.0,1.0
-25,0,861,,10.67991,42.9663,-330.0,60.0,1.0
-25,0,862,Etruscan Fullona,10.757,42.917,-700.0,30.0,1.0
-25,0,863,,10.787,42.89577,-30.0,75.0,0.6166666666666667
-25,0,866,"Ilva, Aithalia, Ethalie ",10.273798,42.770152,-5000.0,100.0,1.0
-25,0,867,"Argous portus, Argoos, ",10.329861,42.813066,-750.0,60.0,1.0
-25,0,872,Planasia insula,10.082156,42.582969,-330.0,60.0,1.0
-25,0,873,,10.09386,42.59297,-5000.0,100.0,1.0
-25,0,876,Salebro,10.8868,42.765,-30.0,75.0,0.6166666666666667
-25,0,878,,11.13614,42.56418,-30.0,75.0,0.6166666666666667
-25,0,880,R Alminia,11.20724,42.49566,-30.0,75.0,0.6166666666666667
-25,0,880.1,,11.173,42.431,-1000.0,100.0,1.0
-25,0,881,"Domitiana positio, Portus Domitianus ",11.152682,42.436562,-30.0,75.0,0.6166666666666667
-25,0,882,Incitaria?,11.1166,42.4396,-30.0,75.0,0.6166666666666667
-25,0,884.1,,10.922725,42.3593,-330.0,60.0,1.0
-25,0,885,Oglasa insula,10.309211,42.331958,-5000.0,100.0,1.0
-25,0,886,"Portu Herculis, Port of Hercules",11.2086,42.3912,-330.0,60.0,1.0
-25,0,888,,11.242,42.4459,-30.0,75.0,0.6166666666666667
-25,0,888.1,,11.2774,42.4201,-1000.0,100.0,1.0
-25,0,889,"Artemisia, Dianium insula",11.103834,42.253963,-30.0,75.0,0.6166666666666667
-25,0,890,"Villa Domitia, on Artemisia, Dianium insula",11.096265,42.25423,-30.0,75.0,0.6166666666666667
-25,0,891,"Cosa, Cossae, Portus Herculis Cosanus, Etruscan Cusi, Cuthi",11.293827,42.40709,-330.0,60.0,1.0
-25,0,891.1,,11.38,42.4,-30.0,75.0,0.6166666666666667
-25,0,892,"R Arnine, Armenta, port of Vulci, Etruscan Velch, Velx",11.5856,42.3251,-30.0,75.0,0.6166666666666667
-25,0,893,"Regis, Regae ",11.6041,42.3122,-750.0,60.0,1.0
-25,0,894,Quintiana,11.6518,42.2824,-30.0,75.0,0.6166666666666667
-25,0,895,"Martanum, Maltano, Etruscan port",11.6783,42.2493,-30.0,75.0,0.6166666666666667
-25,0,896,"Graviscae, port of Tarquinia, Etruscan Tarchuna, Tarchna, possible first settlement of Etruscan people",11.7066,42.2144,-750.0,60.0,1.0
-25,0,897,Rapinium,11.737,42.167,-30.0,75.0,0.6166666666666667
-25,0,898,"Algae, Etruscan port",11.75841,42.12394,-30.0,75.0,0.6166666666666667
-25,0,899.1,,11.78,42.106,-30.0,75.0,0.6166666666666667
-25,0,901,,11.803,42.074,-30.0,75.0,0.6166666666666667
-25,0,902,,11.81967,42.0487,-30.0,75.0,0.6166666666666667
-25,0,902.1,,11.8243,42.0446,-500.0,30.0,1.0
-25,0,903,"Castrum Novum (port of Caere, Coere, Agylla), Etruscan port",11.8305,42.0383,-287.0,10.0,1.0
-25,0,904.1,Punicum ,11.8715,42.035,-330.0,60.0,1.0
-25,0,905,,11.903,42.0398,-30.0,75.0,0.6166666666666667
-25,0,905.1,,11.9354,42.0288,-30.0,75.0,0.6166666666666667
-25,0,906,"Pyrgoi, Pyrgi (also called The Towers), port of Agylle, Caere, Etruscan Chaire, Caisra, Cisra",11.9565,42.0152,-750.0,60.0,1.0
-25,0,906.1,"Pyrgoi, Pyrgi (also called The Towers), port of Agylle, Caere, Etruscan Chaire, Caisra, Cisra",11.9604,42.015,-750.0,60.0,1.0
-25,0,906.2,Etruscan submerged structure,11.977,41.9957,-750.0,60.0,1.0
-25,0,908,,12.0493,41.9555,-30.0,75.0,0.6166666666666667
-25,0,909,"Alsium, port of Agylla, Caere, Coere, Etruscan Chaire, Caisra",12.100837,41.932961,-750.0,60.0,1.0
-25,0,910,,12.1253,41.9271,-330.0,60.0,1.0
-25,0,911,,12.1424,41.9128,-330.0,60.0,1.0
-25,0,912,"Fregenae, Etruscan Ficrine",12.18341,41.853058,-330.0,60.0,1.0
-25,0,916,"Ostia, port of Rome",12.279848,41.75343,-640.0,20.0,1.0
-25,0,917,Ostia,12.290905,41.75752,-750.0,60.0,1.0
-25,0,921,Ficana,12.35306,41.80187,-750.0,60.0,1.0
-25,0,922,Portus Vicus Alexandri,12.471443,41.847394,-330.0,60.0,1.0
-25,0,930,"Portus Tiberinus, near Pons Aemilius, oldest archaic port of Rome, close to Foro Romano and Horrea Agrippiana",12.4809,41.8892,-753.0,10.0,1.0
-25,0,932,,12.3125,41.7446,-30.0,75.0,0.6166666666666667
-25,0,932.1,,12.3468,41.7111,-30.0,75.0,0.6166666666666667
-25,0,933,,12.3637,41.7004,-30.0,75.0,0.6166666666666667
-25,0,934,"Praetorium de Laurentum, Laureta, Loreta",12.3915,41.6809,-30.0,75.0,0.6166666666666667
-25,0,934.1,,12.3984,41.6735,-30.0,75.0,0.6166666666666667
-25,0,935,Troia?,12.4685,41.6137,-550.0,60.0,1.0
-25,0,936,,12.4732,41.61634,-30.0,75.0,0.6166666666666667
-25,0,937,,12.4988,41.5912,-30.0,75.0,0.6166666666666667
-25,0,938,Castrum Inui,12.5113,41.5803,-750.0,60.0,1.0
-25,0,939,Lacus Nemorensis (Caligula's Naumachies),12.7,41.70552,-30.0,75.0,0.6166666666666667
-25,0,940,Lacus Albanus (Caligula's Naumachies),12.668608,41.745241,-30.0,75.0,0.6166666666666667
-25,0,942,,12.5869,41.4859,-30.0,75.0,0.6166666666666667
-25,0,943,"Antium, Nero's port, Etruscan Anth? Caenon?",12.628393,41.442702,-750.0,60.0,1.0
-25,0,944,,12.65254,41.45554,-30.0,75.0,0.6166666666666667
-25,0,945,,12.65607,41.45583,-30.0,75.0,0.6166666666666667
-25,0,946,Caenon?,12.66064,41.45612,-30.0,75.0,0.6166666666666667
-25,0,946.1,,12.7299,41.4315,-30.0,75.0,0.6166666666666667
-25,0,949,"Astura, Storas, on R Astura",12.767198,41.407351,-330.0,60.0,1.0
-25,0,950,Clostra Romana ,12.868416,41.401924,-30.0,75.0,0.6166666666666667
-25,0,951,Ad Turres Albas ,12.91288,41.375768,-330.0,60.0,1.0
-25,0,952,,13.0396,41.2684,-30.0,75.0,0.6166666666666667
-25,0,953,"Port of Circei, Circe, Eea, Aeaea, Aiaia, Aia insula?, possible stopover for Odysseus",13.04425,41.253072,-330.0,60.0,1.0
-25,0,954,"Circei, Circaeum Prom., Kirkaion, outlet of Nero's Fossa Augusta",13.1052,41.2405,-550.0,60.0,1.0
-25,0,955,"Terracina, Tarracina, Anxur, Etruscan Tarchna, Tarkina",13.2545,41.286,-500.0,30.0,1.0
-25,0,956,Fundi,13.42926,41.35738,-330.0,60.0,1.0
-25,0,957,Pontia insula,12.964786,40.894781,-750.0,60.0,1.0
-25,0,958,Pandataria insula,13.433896,40.797822,-30.0,75.0,0.6166666666666667
-25,0,958.2,Pandataria insula,13.4348,40.7968,-30.0,75.0,0.6166666666666667
-25,0,960,Speluncae ,13.432844,41.253212,-30.0,75.0,0.6166666666666667
-25,0,961,Villa Tiberii ,13.449773,41.250255,-30.0,75.0,0.6166666666666667
-25,0,961.1,,13.4547,41.249,-100.0,30.0,1.0
-25,0,961.2,,13.4879,41.235,-70.0,20.0,1.0
-25,0,961.3,,13.512,41.224,-100.0,30.0,1.0
-25,0,962,"Caiete, Caieta, Caeatas, Aeete, Etruscan Caithi",13.586,41.211,-330.0,60.0,1.0
-25,0,962.1,,13.55314,41.20846,-30.0,75.0,0.6166666666666667
-25,0,962.2,,13.5705,41.231,-30.0,75.0,0.6166666666666667
-25,0,962.3,,13.5753,41.2405,-30.0,75.0,0.6166666666666667
-25,0,962.4,,13.591,41.2476,-30.0,75.0,0.6166666666666667
-25,0,962.5,,13.5956,41.2485,-30.0,75.0,0.6166666666666667
-25,0,963,,13.5981,41.25082,-30.0,75.0,0.6166666666666667
-25,0,964,"Formiae, Formies, Hormies ",13.6057,41.253,-330.0,60.0,1.0
-25,0,965,"Formiae, Formies, Hormies ",13.608778,41.255461,-30.0,75.0,0.6166666666666667
-25,0,965.1,"Formiae, Formies, Hormies ",13.6116,41.2578,-30.0,75.0,0.6166666666666667
-25,0,966,,13.675,41.2479,-330.0,60.0,1.0
-25,0,967,Pyrae?,13.703677,41.250662,-330.0,60.0,1.0
-25,0,968,"Minturnae, on via Appia, with Pons Tirenus bridge on R Liris",13.7709,41.241,-296.0,10.0,1.0
-25,0,968.1,"Marica temple, sea-port of Minturnae",13.7645,41.2265,-700.0,30.0,1.0
-25,0,969,,13.8408,41.15847,-330.0,60.0,1.0
-25,0,970,"Sinuessa, Sinuesa, Sinope",13.85,41.14944,-550.0,60.0,1.0
-25,0,971,,13.86509,41.12983,-30.0,75.0,0.6166666666666667
-25,0,972,Aquae Sinuessanae & Pagus Sarclanus?,13.9125,41.1228,-330.0,60.0,1.0
-25,0,973,"Volturnum, on R Vulturnus",13.92,41.0186,-550.0,60.0,1.0
-25,0,974,"Liternum, Linternum, port of the Osci, Oskoi, Osques, Opici, Aurunci, Ausones",14.029903,40.921334,-330.0,60.0,1.0
-25,0,975,"Cumae, Cumes, Kyme",14.051265,40.846657,-750.0,60.0,1.0
-25,0,977,"Pithekoussai, Pithecusae, Etruscan Inarime, first Greek (Euboian) settlement in Italy",13.885913,40.754297,-750.0,60.0,1.0
-25,0,978,,13.879064,40.696687,-700.0,30.0,1.0
-25,0,978.1,"Procita, Prochyta insula",14.016731,40.759068,-700.0,30.0,1.0
-25,0,978.2,,13.992,40.74,-1500.0,100.0,1.0
-25,0,979,,14.0836,40.7842,-60.0,20.0,1.0
-25,0,979.1,,14.0888,40.7869,-30.0,75.0,0.6166666666666667
-25,0,980,"Misenos, Misenum, Misene, home port of Classis Misenensis fleet as from 12 BC",14.085,40.79,-12.0,40.0,0.49375
-25,0,980.1,"Misenos, Misenum, Misene, Inner harbour",14.073,40.793,-12.0,40.0,0.49375
-25,0,981,"Misenos, Misenum, Misene ",14.089871,40.788295,-12.0,40.0,0.49375
-25,0,982,"Misenos, Misenum, Misene ",14.089078,40.789763,-12.0,40.0,0.49375
-25,0,983,"Misenos, Misenum, Misene ",14.0829,40.79024,-12.0,40.0,0.49375
-25,0,984,"Misenos, Misenum, Misene ",14.08524,40.7914,-12.0,40.0,0.49375
-25,0,984.1,"Misenos, Misenum, Misene ",14.088,40.7931,-30.0,75.0,0.6166666666666667
-25,0,984.2,Thermae,14.0853,40.7984,-30.0,75.0,0.6166666666666667
-25,0,984.3,Bauli,14.0831,40.8,-30.0,75.0,0.6166666666666667
-25,0,985,Bauli,14.08134,40.80286,-30.0,75.0,0.6166666666666667
-25,0,985.1,Bauli,14.0829,40.809,-30.0,75.0,0.6166666666666667
-25,0,985.2,Bauli,14.083,40.8111,-30.0,75.0,0.6166666666666667
-25,0,985.3,Bauli,14.0766,40.8126,-30.0,75.0,0.6166666666666667
-25,0,986,"Baiae, Baïes, with access to Portus Baianus, on Lacus Baianus",14.0775,40.8183,-30.0,75.0,0.6166666666666667
-25,0,986.1,,14.0796,40.8205,-30.0,75.0,0.6166666666666667
-25,0,987,"Access to Portus Iulius, Julius, port of Julien, on Lacus Lucrinus, used by Agrippa as a naval base from 37 BC to 12 BC",14.094706,40.82648,-37.0,10.0,1.0
-25,0,988,"Navale di Agrippa, on Lacus Avernus, Odysseus' stopover at the Halls of Hades possibly in this area",14.07598,40.837969,-37.0,10.0,1.0
-25,0,991,"Puteoli, Dikaiarcheia, Dicearque, Flavia Colonia Augusta Puteoli, Delus Minor, in the Campi Phlegraei volcano district",14.1154,40.8216,-750.0,60.0,1.0
-25,0,994,Imperial Villa of Pausilypon ,14.1883,40.793,-30.0,75.0,0.6166666666666667
-25,0,994.1,Imperial Villa of Pausilypon ,14.1917,40.7934,-30.0,75.0,0.6166666666666667
-25,0,995,Imperial Villa of Pausilypon ,14.1919,40.7947,-30.0,75.0,0.6166666666666667
-25,0,995.1,,14.2071,40.8024,-30.0,75.0,0.6166666666666667
-25,0,997,"Parthenope, Neapolis",14.2522,40.8398,-750.0,60.0,1.0
-25,0,997.1,Neapolis ,14.25462,40.83927,-600.0,30.0,1.0
-25,0,998,Neapolis ,14.2524,40.83926,-600.0,30.0,1.0
-25,0,999,,14.3446,40.8079,-50.0,30.0,1.0
-25,0,999.1,"Herculaneum, Etruscan Herclena",14.35,40.7998,-550.0,60.0,1.0
-25,0,1000,,14.37469,40.77828,-50.0,30.0,1.0
-25,0,1001,Oplontis ,14.4525,40.75755,-330.0,60.0,1.0
-25,0,1001.1,Oplontis ,14.4566,40.7562,-30.0,75.0,0.6166666666666667
-25,0,1002,"Pompeia, Porta Marina, Etruscan Pumpai",14.48226,40.74893,-750.0,60.0,1.0
-25,0,1002.1,"Pompeia, Porta Stabia, Etruscan Pumpai",14.4908,40.7473,-750.0,60.0,1.0
-25,0,1003,Stabiae ,14.4926,40.69976,-330.0,60.0,1.0
-25,0,1004,Aequana ,14.4215,40.6617,-750.0,60.0,1.0
-25,0,1005,,14.402715,40.645818,-550.0,60.0,1.0
-25,0,1005.1,,14.3778,40.6301,-30.0,75.0,0.6166666666666667
-25,0,1006,"Surrentum, Etruscan Irnthi",14.3698,40.6279,-330.0,60.0,1.0
-25,0,1007,,14.3519,40.6338,-30.0,75.0,0.6166666666666667
-25,0,1007.1,,14.3484,40.6294,-30.0,75.0,0.6166666666666667
-25,0,1008,,14.3404,40.6263,-30.0,75.0,0.6166666666666667
-25,0,1008.1,Minervae Prom.,14.3244,40.5692,-30.0,75.0,0.6166666666666667
-25,0,1009,"Capraria, Capreae insula",14.236593,40.557685,-550.0,60.0,1.0
-25,0,1010,"Capraria, Capreae insula",14.2288,40.5596,-30.0,75.0,0.6166666666666667
-25,0,1013.1,"Seirenoussai nesoi, Anthemoessa insulae, Anthemuse, possible Siren islands, no stopover for Odysseus",14.43365,40.5825,-750.0,60.0,1.0
-25,0,1014,,14.4871,40.62815,-30.0,75.0,0.6166666666666667
-25,0,1016,,14.6262,40.6505,-30.0,75.0,0.6166666666666667
-25,0,1017,Vietri ,14.713068,40.657725,-750.0,60.0,1.0
-25,0,1019,,14.94346,40.5352,-750.0,60.0,1.0
-25,0,1020,Portus Alburnus ,14.969769,40.488629,-330.0,60.0,1.0
-25,0,1021,"Poseïdonia, Posidonia, Paestum, on R Silarus",14.992,40.415,-750.0,60.0,1.0
-25,0,1022,,14.990506,40.358318,-550.0,60.0,1.0
-25,0,1023,,14.932901,40.268002,-30.0,75.0,0.6166666666666667
-25,0,1024,"Velia, Elea, Portus Velinus, Hyele, near R Hales",15.157,40.1602,-535.0,10.0,1.0
-25,0,1025,Palinurus ,15.282234,40.035658,-750.0,60.0,1.0
-25,0,1026,"Oenotrides insulae, Molpa ",15.294659,40.026788,-750.0,60.0,1.0
-25,0,1027,"Pyxus, near Buxentum Prom.",15.516403,40.065378,-470.0,20.0,1.0
-25,0,1028,Scidrus ,15.6222,40.07218,-330.0,60.0,1.0
-25,0,1029,Cesernia ,15.7001,39.9922,-30.0,75.0,0.6166666666666667
-25,0,1030,,15.716,39.9673,-30.0,75.0,0.6166666666666667
-25,0,1030.0999999999999,,15.7436,39.9342,-30.0,75.0,0.6166666666666667
-25,0,1031,Blanda ,15.756465,39.913511,-330.0,60.0,1.0
-25,0,1032,,15.781146,39.81781,-750.0,60.0,1.0
-25,0,1033,"Laos, Laus ",15.789572,39.775272,-750.0,60.0,1.0
-25,0,1034,"Cerillea, Cerilli ",15.804176,39.709009,-330.0,60.0,1.0
-25,0,1035,,15.848026,39.613783,-330.0,60.0,1.0
-25,0,1036,,15.945789,39.491704,-550.0,60.0,1.0
-25,0,1037,Port of Pandosia,16.042302,39.301273,-550.0,60.0,1.0
-25,0,1038,"Klampeteia, Clampetia ",16.065528,39.127809,-330.0,60.0,1.0
-25,0,1039,"Temesa, Temese, Tempsa, on R Sabutus",16.094554,39.027944,-750.0,60.0,1.0
-25,0,1040,,16.15407,38.98683,-330.0,60.0,1.0
-25,0,1041,Terina ,16.2389,38.9448,-550.0,60.0,1.0
-25,0,1042,Ad Turres,16.2697,38.9282,-30.0,75.0,0.6166666666666667
-25,0,1045,Ad Fluvium Angitulam ,16.192327,38.773926,-30.0,75.0,0.6166666666666667
-25,0,1047.0999999999999,"Port of Hipponium, Hipponion",16.0723,38.7222,-30.0,75.0,0.6166666666666667
-25,0,1047.2,,15.9994,38.7254,-30.0,75.0,0.6166666666666667
-25,0,1047.3,,15.9718,38.7135,-1500.0,100.0,1.0
-25,0,1049,,15.921,38.545,-750.0,60.0,1.0
-25,0,1050,,15.9234,38.5247,-30.0,75.0,0.6166666666666667
-25,0,1051,Emporion,15.95941,38.49277,-330.0,60.0,1.0
-25,0,1052,"Medma, Mesma",15.9882,38.4821,-750.0,60.0,1.0
-25,0,1053,"Port at the outlet of R Metaurus, Metaure ",15.871137,38.421553,-750.0,60.0,1.0
-25,0,1054,Taurianum ,15.86494,38.39426,-330.0,60.0,1.0
-25,0,1055,Portus Orestis,15.8336,38.351,-30.0,75.0,0.6166666666666667
-25,0,1056,Ad Mallias,15.823,38.3162,-30.0,75.0,0.6166666666666667
-25,0,1058,"Scyllaeum, Scylla, in front of Charybdis in Sicily, both Planktes insulae, where Odysseus possibly sailed",15.715,38.259,-750.0,60.0,1.0
-25,0,1059,Kainys ,15.6354,38.2322,-550.0,60.0,1.0
-25,0,1060,Ad Columnam ,15.6318,38.2193,-30.0,75.0,0.6166666666666667
-25,0,1061,"Rhegium, Rhegion",15.634658,38.109425,-740.0,20.0,1.0
-25,0,1063,Decastadium? On R Halex,15.792908,37.912551,-30.0,75.0,0.6166666666666667
-25,0,1064,Scyle ,15.92,37.928,-330.0,60.0,1.0
-25,0,1065,Hipporum ,16.070617,37.926494,-30.0,75.0,0.6166666666666667
-25,0,1067,,16.158269,38.11782,-30.0,75.0,0.6166666666666667
-25,0,1068,Altanum? ,16.177826,38.141495,-550.0,60.0,1.0
-25,0,1069,"Lokroi Epizephyrioi, Locri Epizefiri, Locres ",16.2368,38.2077,-750.0,60.0,1.0
-25,0,1070,Subsicivo? ,16.333741,38.293092,-30.0,75.0,0.6166666666666667
-25,0,1071,"Amphissa, Santo Onofrio ",16.413143,38.318166,-750.0,60.0,1.0
-25,0,1072,"Kaulonia, Caulonia, Aulonia, Stilida",16.5787,38.4454,-750.0,60.0,1.0
-25,0,1073,Cocinto?,16.5843,38.4573,-30.0,75.0,0.6166666666666667
-25,0,1075,"Scylletium, Scolacium ",16.5952,38.8076,-550.0,60.0,1.0
-25,0,1076,"Castra Hannibalis, Camp of Annibal ",16.713868,38.85776,-330.0,60.0,1.0
-25,0,1078,,17.023685,38.903404,-330.0,60.0,1.0
-25,0,1080,,17.16869,38.95411,-750.0,60.0,1.0
-25,0,1082,"Kroton, Crotone, on R Aisaros",17.126348,39.085539,-750.0,60.0,1.0
-25,0,1083,Meto ,17.1409,39.1763,-30.0,75.0,0.6166666666666667
-25,0,1084,Krimisa?,17.140861,39.370149,-750.0,60.0,1.0
-25,0,1085,"Temple of Apollo Alaeus, port of Aesarus ",17.1466,39.39654,-750.0,60.0,1.0
-25,0,1086,"Paternum, at outlet of R Hylias",17.031,39.48,-30.0,75.0,0.6166666666666667
-25,0,1087,,16.9617,39.496,-330.0,60.0,1.0
-25,0,1088,"Sybaris ad Traeis, on R Traeis",16.771,39.59,-443.0,10.0,1.0
-25,0,1089,"Portus Roscia, Ruscia, Rouskiane",16.769,39.61,-30.0,75.0,0.6166666666666667
-25,0,1090,"archaic Sybaris, on R Sybaris and R Crathis, Thourioi, Thurii, Copia",16.491191,39.717044,-720.0,20.0,1.0
-25,0,1091,,16.538059,39.865106,-1500.0,100.0,1.0
-25,0,1092,"Ad Vicesimum, Lagaria?",16.589,39.9483,-30.0,75.0,0.6166666666666667
-25,0,1093,,16.60264,40.04726,-550.0,60.0,1.0
-25,0,1094,Cugno dei Vagni ,16.6296,40.14226,-30.0,75.0,0.6166666666666667
-25,0,1095,,16.64197,40.15955,-330.0,60.0,1.0
-25,0,1097,"Siris, on R Siris",16.6682,40.1658,-750.0,60.0,1.0
-25,0,1098,"Heraclea, Heraclee ",16.67,40.22,-550.0,60.0,1.0
-25,0,1098.0999999999999,,16.6642,40.2934,-1500.0,100.0,1.0
-25,0,1099,"Metapontum, Metaponte",16.8352,40.3728,-750.0,60.0,1.0
-25,0,1100,"Tarentum, Taras, Neptuna",17.228144,40.472032,-750.0,60.0,1.0
-25,0,1101,,17.31499,40.50047,-30.0,75.0,0.6166666666666667
-25,0,1103,"Satyrion, Saturnum ",17.30396,40.37282,-1500.0,100.0,1.0
-25,0,1104,,17.50013,40.30372,-330.0,60.0,1.0
-25,0,1105,Port Sasina ,17.896215,40.25706,-750.0,60.0,1.0
-25,0,1106,Port of Neretum,17.983673,40.137046,-750.0,60.0,1.0
-25,0,1107,"Kallipolis, Callipolis, Anxa ",17.979931,40.054413,-750.0,60.0,1.0
-25,0,1109,,18.31,39.8138,-330.0,60.0,1.0
-25,0,1110,"Portus Sallentinus, Leuke, near Iapygia Prom.",18.362675,39.792157,-750.0,60.0,1.0
-25,0,1111.2,Port of Traiectus ,15.589,38.246,-30.0,75.0,0.6166666666666667
-25,0,1112,"Zancle, Zankle, Messana, Messene",15.560811,38.192865,-730.0,20.0,1.0
-25,0,1113,,15.536584,38.145129,-750.0,60.0,1.0
-25,0,1114,"Phoinix, Tamaricii, Palmae ",15.37,37.9438,-330.0,60.0,1.0
-25,0,1115,,15.3078,37.878,-330.0,60.0,1.0
-25,0,1116,Tauromenium ,15.302,37.848,-550.0,60.0,1.0
-25,0,1117,"Naxos, Naxus ",15.2694,37.8239,-470.0,20.0,1.0
-25,0,1118,"Archaic Naxos, near R Akesines",15.2694,37.8193,-734.0,10.0,1.0
-25,0,1119,Acium ,15.171274,37.572564,-30.0,75.0,0.6166666666666667
-25,0,1122,"Ulixis portus, Port of Odysseus ",15.118541,37.529208,-30.0,75.0,0.6166666666666667
-25,0,1123,"Katane, Catina ",15.0873,37.5024,-750.0,60.0,1.0
-25,0,1123.2,"Leontinoi, on R Terias",14.998,37.2855,-750.0,60.0,1.0
-25,0,1124,,15.132834,37.310011,-750.0,60.0,1.0
-25,0,1125.0999999999999,"Xiphoneos, Xiphonia, Xiphon",15.207,37.234,-330.0,60.0,1.0
-25,0,1126,"Megara Hyblaea, on R Alabon",15.183741,37.205772,-750.0,60.0,1.0
-25,0,1127,"Tapsus, Thapsos ",15.228473,37.145257,-1200.0,100.0,1.0
-25,0,1128,"Leon, landing place of Athenian fleet in 414 BC",15.2615,37.1076,-4000.0,100.0,1.0
-25,0,1132,"Syracuse, ""Large Port"", on the isle of Sikelia, Sicania, Trinacria, major Greek (Corinthian) settlement in Sicily",15.288,37.06,-733.0,10.0,1.0
-25,0,1138,Portus Naustathamus?,15.214525,36.95611,-750.0,60.0,1.0
-25,0,1139,,15.1486,36.91385,-30.0,75.0,0.6166666666666667
-25,0,1140,"Helorus, Elorus, on R Helorus",15.1075,36.8422,-750.0,60.0,1.0
-25,0,1141,Phoenicus portus ,15.0985,36.803,-330.0,60.0,1.0
-25,0,1142,,15.0888,36.7853,-30.0,75.0,0.6166666666666667
-25,0,1143,"Portus Pachino, Pachyno, Pachyni, Apollineum ",15.1385,36.6857,-330.0,60.0,1.0
-25,0,1146,R Hirminum,14.594,36.771,-750.0,60.0,1.0
-25,0,1148,"Kamarina, on R Hipparis",14.440957,36.866878,-598.0,10.0,1.0
-25,0,1149,"Mesopotamium, port of Euboia?",14.399822,36.927737,-30.0,75.0,0.6166666666666667
-25,0,1150,,14.3,37.032,-550.0,60.0,1.0
-25,0,1151,Calvisiana ,14.27,37.047,-30.0,75.0,0.6166666666666667
-25,0,1152,"Gela, on R Gela",14.2583,37.063,-688.0,10.0,1.0
-25,0,1153,Chalae? ,14.23,37.06648,-30.0,75.0,0.6166666666666667
-25,0,1154,,14.197,37.0842,-750.0,60.0,1.0
-25,0,1155,"Port of Maktorion, Mactorium?",14.138661,37.100201,-750.0,60.0,1.0
-25,0,1156,"Phintias, on R Himeras",13.9317,37.1,-330.0,60.0,1.0
-25,0,1158,,13.881,37.102,-750.0,60.0,1.0
-25,0,1159,"Port of Daedalium, Dedalium, Omphale ",13.856089,37.114826,-30.0,75.0,0.6166666666666667
-25,0,1160,,13.780019,37.144488,-750.0,60.0,1.0
-25,0,1161,,13.695341,37.17957,-550.0,60.0,1.0
-25,0,1162,,13.6667,37.192,-30.0,75.0,0.6166666666666667
-25,0,1162.0999999999999,,13.624,37.233,-1400.0,100.0,1.0
-25,0,1163,"Agrakas, Akragas, Agrigentum, on R Hypsas",13.581,37.2687,-580.0,20.0,1.0
-25,0,1164,,13.4877,37.2899,-30.0,75.0,0.6166666666666667
-25,0,1166,"Heraclea Minoa, on R Halycus",13.28,37.3937,-750.0,60.0,1.0
-25,0,1167,,13.256671,37.414943,-750.0,60.0,1.0
-25,0,1168,"Thermae Selinuntinae, Aquae Larodes",13.0923,37.503,-30.0,75.0,0.6166666666666667
-25,0,1169,"Selinus, Selinunt, Selinonte east port",12.8294,37.5845,-650.0,30.0,1.0
-25,0,1170,"Selinus, Selinunt, Selinonte west port, on R Selinon",12.82116,37.5828,-650.0,30.0,1.0
-25,0,1171,"Mazara, on R Mazara",12.587605,37.644211,-550.0,60.0,1.0
-25,0,1172,"Lilybaion, Lilybee South port?",12.43,37.7937,-750.0,60.0,1.0
-25,0,1173,"Lilybaion, Lilybee Main port",12.428115,37.808131,-750.0,60.0,1.0
-25,0,1174,"Lilybaion, Lilybee North port?",12.443337,37.8124,-750.0,60.0,1.0
-25,0,1176,"Motye, Motya",12.4646,37.8641,-750.0,60.0,1.0
-25,0,1176.0999999999999,"Motye, Motya",12.4724,37.86902,-350.0,30.0,1.0
-25,0,1176.2,"Motye, Motya",12.47,37.8715,-350.0,30.0,1.0
-25,0,1177,"Aigousa insula, anchorage of Roman fleet before the famous battle of the Egadi Islands (10 March 241 BC), Odysseus' port of the Cyclops? ",12.322489,37.934044,-750.0,60.0,1.0
-25,0,1179,"Maritima, Hieronesos, Hiera insula",12.077769,37.970422,-330.0,60.0,1.0
-25,0,1180,"Bucinna, Phorbantia insula",12.321625,38.00168,-10000.0,100.0,1.0
-25,0,1181,"Drepanum, Drepane ",12.502194,38.007961,-330.0,60.0,1.0
-25,0,1182,"Port of Erix, Eryx, Erice, Carthaginian base camp during the famous battle of the Egadi Islands (10 March 241 BC)",12.58963,38.070435,-550.0,60.0,1.0
-25,0,1182.0999999999999,,12.6801,38.1123,-250.0,30.0,1.0
-25,0,1182.2,,12.736,38.186,-400.0,30.0,1.0
-25,0,1182.3,,12.7692,38.1673,-400.0,30.0,1.0
-25,0,1184,"Emporion Segestanon, Emporium of the Aegestes, port of Segesta, on R Crimisus",12.88,38.0295,-330.0,60.0,1.0
-25,0,1184.0999999999999,,13.0791,38.1732,-400.0,30.0,1.0
-25,0,1185,"Os, Osteodes",13.1957,38.7082,-30.0,75.0,0.6166666666666667
-25,0,1186,,13.152119,38.695927,-30.0,75.0,0.6166666666666667
-25,0,1187,,13.182596,38.71968,-1500.0,100.0,1.0
-25,0,1188.0999999999999,Pakonia?,13.23715,38.2079,-300.0,30.0,1.0
-25,0,1189,"Panhormus, Panorme",13.368583,38.120398,-750.0,60.0,1.0
-25,0,1190,"Solus, port of Solonte ",13.542862,38.081694,-750.0,60.0,1.0
-25,0,1191,"Thermai, Thermae Himeraeae, on R Thermos",13.690394,37.993991,-550.0,60.0,1.0
-25,0,1192,,13.7815,37.9743,-330.0,60.0,1.0
-25,0,1193,"Himera, Himere, on R Himeras",13.8215,37.9683,-729.0,10.0,1.0
-25,0,1194,,13.964,38.0319,-30.0,75.0,0.6166666666666667
-25,0,1195,"Cephaloedium, Cephalidium ",14.024107,38.043883,-550.0,60.0,1.0
-25,0,1196,"Halaesa, on R Halaisos",14.263,37.998,-330.0,60.0,1.0
-25,0,1197,"Kale Akte, Calate ",14.448292,38.036496,-550.0,60.0,1.0
-25,0,1198,,14.67,38.097,-30.0,75.0,0.6166666666666667
-25,0,1199,Agathyrnum ,14.752,38.164,-550.0,60.0,1.0
-25,0,1200,,14.765,38.157,-30.0,75.0,0.6166666666666667
-25,0,1201,,14.9726,38.1487,-30.0,75.0,0.6166666666666667
-25,0,1202,"Egira, Erikodes, Ericusa Insula",14.351188,38.5428,-330.0,60.0,1.0
-25,0,1203,"Celsina, Phoenicusa, Phoinikoussa insula",14.5883,38.5569,-1500.0,100.0,1.0
-25,0,1204,Didyma insula,14.8696,38.5739,-1500.0,100.0,1.0
-25,0,1205,"Lipara on Liparos insula, Meligounis nesos",14.9568,38.4717,-1500.0,100.0,1.0
-25,0,1206,"Heraclea, Hiera Thermessa insula,  Hiera Hephaistou insula",14.966446,38.416361,-550.0,60.0,1.0
-25,0,1207,"Aegina, Euonymus insula",15.0636,38.6256,-1500.0,100.0,1.0
-25,0,1209,"Strongilos, Eolie, possibly Odysseus' stopover on the isle of Aeolos",15.244209,38.797457,-1500.0,100.0,1.0
-25,0,1210,Tyndaris ,15.044,38.1433,-550.0,60.0,1.0
-25,0,1211,,15.150606,38.146439,-30.0,75.0,0.6166666666666667
-25,0,1212,"Myle, Mylae ",15.2428,38.2177,-750.0,60.0,1.0
-25,0,1213,"Naulochos, Naulocha ",15.371783,38.22509,-330.0,60.0,1.0
-25,0,1240,"Aethusa, Hefaesta, Ephaestia, Efesta ",12.869306,35.861034,-30.0,75.0,0.6166666666666667
-25,0,1242,"Castrum Minerva, Port of Venus, Limen Aphrodites, Athenaion ",18.435411,40.011636,-550.0,60.0,1.0
-25,0,1242.0999999999999,,18.4849,40.079,-330.0,60.0,1.0
-25,0,1243,"Hydros, Hydruntum, Otrante ",18.490869,40.148182,-750.0,60.0,1.0
-25,0,1243.0999999999999,,18.4732,40.1841,-330.0,60.0,1.0
-25,0,1243.2,,18.431,40.277,-330.0,60.0,1.0
-25,0,1244,Port Tarentin ,18.4263,40.2871,-1500.0,100.0,1.0
-25,0,1245,,18.409136,40.301208,-750.0,60.0,1.0
-25,0,1246,"Hadrianou Hormos, port of Lupiae, Miltopiae? ",18.307982,40.386459,-30.0,75.0,0.6166666666666667
-25,0,1247,"Brindes, Brentesium, Brundisium, Bronduse",17.948953,40.641441,-750.0,60.0,1.0
-25,0,1248,,17.8705,40.6875,-330.0,60.0,1.0
-25,0,1249,,17.7983,40.7137,-750.0,60.0,1.0
-25,0,1250,Ad Speluncas ,17.723,40.752,-30.0,75.0,0.6166666666666667
-25,0,1250.0999999999999,Karbina,17.6983,40.7596,-1500.0,100.0,1.0
-25,0,1252,Gnathia ,17.391,40.8896,-750.0,60.0,1.0
-25,0,1253,Diria? ,17.300749,40.962258,-30.0,75.0,0.6166666666666667
-25,0,1254,"Turris Caesaris, Neapolis ",17.2183,40.9975,-330.0,60.0,1.0
-25,0,1257,,16.997139,41.090957,-750.0,60.0,1.0
-25,0,1259,Natiolum ,16.669838,41.192824,-330.0,60.0,1.0
-25,0,1260,Respa ,16.59485,41.215935,-30.0,75.0,0.6166666666666667
-25,0,1261,Turenum ,16.423982,41.286177,-30.0,75.0,0.6166666666666667
-25,0,1262,Barduli ,16.287075,41.334436,-330.0,60.0,1.0
-25,0,1263,"Aufinum, Aufidena on R Aufidus, port of the Canusites ",16.206,41.3324,-30.0,75.0,0.6166666666666667
-25,0,1263.0999999999999,,16.0811,41.3592,-1500.0,100.0,1.0
-25,0,1264,San Vito ,16.03185,41.3848,-330.0,60.0,1.0
-25,0,1265,Salapia,15.9965,41.3993,-30.0,75.0,0.6166666666666667
-25,0,1267,,15.8378,41.519,-750.0,60.0,1.0
-25,0,1268,"Coppa Nevigatta, on R Aquilo",15.8338,41.558,-5000.0,100.0,1.0
-25,0,1269,,15.903378,41.605674,-30.0,75.0,0.6166666666666667
-25,0,1270,"Sipous, Sipontum, Sipunte ",15.9221,41.617859,-330.0,60.0,1.0
-25,0,1271,"Apanestae, Apeneste",16.06038,41.69375,-750.0,60.0,1.0
-25,0,1272,,16.074573,41.706483,-30.0,75.0,0.6166666666666667
-25,0,1274,"Portus Aggasus, Port Agasus ",16.183,41.885,-550.0,60.0,1.0
-25,0,1275,Merinum ,16.1114,41.915,-30.0,75.0,0.6166666666666667
-25,0,1277,"Hyria, Uria",15.83039,41.8821,-330.0,60.0,1.0
-25,0,1278,Urias Sinus,15.8127,41.8505,-30.0,75.0,0.6166666666666667
-25,0,1279,,15.50164,41.86139,-30.0,75.0,0.6166666666666667
-25,0,1280,"Praetorium Publilianum, on Pantanus Lacus",15.42795,41.84148,-30.0,75.0,0.6166666666666667
-25,0,1282,"Trimerus insula, one of the Diomedeae insulae",15.499203,42.118661,-30.0,75.0,0.6166666666666667
-25,0,1284,,15.05334,41.93962,-750.0,60.0,1.0
-25,0,1285,Cliternia,15.0401,41.971,-30.0,75.0,0.6166666666666667
-25,0,1286,Buca?,14.9976,42.0066,-330.0,60.0,1.0
-25,0,1288,"Histonium, Istonium ",14.7205,42.1188,-550.0,60.0,1.0
-25,0,1289,Buca?,14.7125,42.172,-330.0,60.0,1.0
-25,0,1291,"Gualdi, port of Anxanum ",14.4434,42.3103,-550.0,60.0,1.0
-25,0,1292,"Orton, Hortona",14.4098,42.357,-330.0,60.0,1.0
-25,0,1293,"Aternum, Ostia Aterni, on R Aternus",14.2118,42.4614,-330.0,60.0,1.0
-25,0,1294.0999999999999,"Matrinus, port of Hatria, Adria at the outlet of R Matrinus",14.138,42.5332,-330.0,60.0,1.0
-25,0,1295.0999999999999,,14.036685,42.633425,-30.0,75.0,0.6166666666666667
-25,0,1295.2,R Vomanus,14.033,42.654,-30.0,75.0,0.6166666666666667
-25,0,1296,"Castrum Novum, on R Batinus",13.971,42.7356,-330.0,60.0,1.0
-25,0,1297,"Castrum Truentinum, Truentum, on R Truentinum",13.901,42.8908,-330.0,60.0,1.0
-25,0,1298,Cupra Maritima,13.8534,43.034,-750.0,60.0,1.0
-25,0,1299,"Castellum Firmanorum, port of Firmum Picenum, Etruscan Permu",13.8011,43.1605,-330.0,60.0,1.0
-25,0,1300,"Cluana, on R Cluentus",13.7396,43.317031,-30.0,75.0,0.6166666666666667
-25,0,1301,"Potentia, near R Flosis",13.6711,43.4142,-330.0,60.0,1.0
-25,0,1302,Numana ,13.628195,43.50729,-750.0,60.0,1.0
-25,0,1305,"Sena Gallica, on R Sena",13.2185,43.7123,-330.0,60.0,1.0
-25,0,1306,,13.175681,43.75246,-750.0,60.0,1.0
-25,0,1308,Fanum Fortunae ,13.019325,43.858514,-330.0,60.0,1.0
-25,0,1309,"Pisaurum, on R Pisaurus",12.92,43.9159,-550.0,60.0,1.0
-25,0,1311,"Ariminum, Etruscan Arimna, Harimne, on R Ariminus & R Ausa",12.5739,44.0623,-550.0,60.0,1.0
-25,0,1312,Ad Rubiconem ,12.446855,44.171696,-30.0,75.0,0.6166666666666667
-25,0,1313,Ad Novas,12.3542,44.18738,-30.0,75.0,0.6166666666666667
-25,0,1314,Sabis,12.2633,44.26035,-30.0,75.0,0.6166666666666667
-25,0,1316,"Butrium, Budrium, port of Budrio ",12.14588,44.53989,-330.0,60.0,1.0
-25,0,1317,"Augusta, on Fossa Augusta",12.09413,44.56244,-30.0,75.0,0.6166666666666667
-25,0,1319,"Pomposa, Etruscan Spina, at the outlet of R Padus",12.10256,44.6943,-750.0,60.0,1.0
-25,0,1319.1,,12.1823,44.694,-30.0,75.0,0.6166666666666667
-25,0,1320,Sacis ad Padum,12.11759,44.72213,-30.0,75.0,0.6166666666666667
-25,0,1321,Neronia ,12.13237,44.7672,-30.0,75.0,0.6166666666666667
-25,0,1322,Corniculani ,12.13113,44.82403,-30.0,75.0,0.6166666666666667
-25,0,1323,Hadriani ,12.17741,44.94566,-750.0,60.0,1.0
-25,0,1325,Septem Maria ,12.22032,45.02637,-30.0,75.0,0.6166666666666667
-25,0,1326,"Atria, Etruscan Hatria ",12.067121,45.048536,-750.0,60.0,1.0
-25,0,1327,Fossis ,12.24533,45.10979,-30.0,75.0,0.6166666666666667
-25,0,1328,"Bruntulum, Brundulus ",12.28343,45.19576,-30.0,75.0,0.6166666666666667
-25,0,1329,"Edrum, Aedro, Edron, Edro portus, Ebro portus, on R Fossa Claudia canal",12.07582,45.27356,-30.0,75.0,0.6166666666666667
-25,0,1330,"R Medoacus Minor, Meduacus ",12.09872,45.33435,-30.0,75.0,0.6166666666666667
-25,0,1332,Ad Portum ,12.13381,45.41901,-30.0,75.0,0.6166666666666667
-25,0,1333,"R Medoacus Maior, Meduacus, Ad XII ",12.10001,45.4132,-30.0,75.0,0.6166666666666667
-25,0,1335,Ad IX ,12.221424,45.48142,-30.0,75.0,0.6166666666666667
-25,0,1339,Altinum ,12.4077,45.5428,-550.0,60.0,1.0
-25,0,1342,,12.4829,45.493,-30.0,75.0,0.6166666666666667
-25,0,1344,Equilum,12.63852,45.54283,-30.0,75.0,0.6166666666666667
-25,0,1345,"Eraclia, Port on R Anassum or Anaxum ",12.6573,45.6378,-1300.0,100.0,1.0
-25,0,1346,Port on R Liquentia ,12.81516,45.59205,-30.0,75.0,0.6166666666666667
-25,0,1347,"Port on the Romatinus, Reatinus ",12.90582,45.61705,-30.0,75.0,0.6166666666666667
-25,0,1347.1,,12.8872,45.6356,-1200.0,100.0,1.0
-25,0,1348,"Port on R Tilaventum Maius, Apicilia",12.98675,45.78756,-30.0,75.0,0.6166666666666667
-25,0,1348.1,,13.1286,45.7714,-1300.0,100.0,1.0
-25,0,1348.2,,13.1542,45.7705,-1300.0,100.0,1.0
-25,0,1349,Port on R Tilaventum Minus ,13.21565,45.83349,-30.0,75.0,0.6166666666666667
-25,0,1349.1,,13.3203,45.7648,-1500.0,100.0,1.0
-25,0,1351,"Aquileia, Aquilee, on ancient course of R Aesontius, Sontius, Isontius (ca. 50 m wide)",13.3695,45.7748,-200.0,30.0,1.0
-25,0,1352,,13.5266,45.7885,-30.0,75.0,0.6166666666666667
-25,0,1352.2,"Fons Timavi, Port on Lake Timavus, Timave ",13.5909,45.7896,-30.0,75.0,0.6166666666666667
-25,0,1352.3,,13.6272,45.7722,-30.0,75.0,0.6166666666666667
-25,0,1353,Castellum Pucinum ,13.708221,45.70551,-30.0,75.0,0.6166666666666667
-25,0,1353.1,,13.732,45.694,-30.0,75.0,0.6166666666666667
-25,0,1354,Etruscan Tarcste,13.771666,45.649509,-330.0,60.0,1.0
-25,0,1355,,13.844,45.606,-178.0,10.0,1.0
