source_type,source_id,name,longitude,latitude,date_start,date_end,count_or_weight,notes
urban_city,Hanson2016_223,Augusta Taurinorum,7.686619,45.070562,-27.0,,,Hanson/OxREP Cities; presence only in default composite
urban_city,Hanson2016_224,Segusio,7.048414,45.138485,-100.0,,,Hanson/OxREP Cities; presence only in default composite
urban_city,Hanson2016_225,Augusta Praetoria,7.313234,45.735,-25.0,,,Hanson/OxREP Cities; presence only in default composite
urban_city,Hanson2016_228,Pedona,7.468616,44.335303,-146.0,,,Hanson/OxREP Cities; presence only in default composite
urban_city,Hanson2016_465,Caralis,9.104227,39.220021,-400.0,,,Hanson/OxREP Cities; presence only in default composite
urban_city,Hanson2016_466,Cornus,8.492639,40.104395,-400.0,,,Hanson/OxREP Cities; presence only in default composite
urban_city,Hanson2016_468,Nora,9.01586,38.984685,-400.0,,,Hanson/OxREP Cities; presence only in default composite
urban_city,Hanson2016_469,Olbia,9.500191,40.923049,-600.0,,,Hanson/OxREP Cities; presence only in default composite
urban_city,Hanson2016_470,Sulcis,8.454679,39.061796,-400.0,,,Hanson/OxREP Cities; presence only in default composite
urban_city,Hanson2016_471,Tharrus,8.440324,39.879633,-400.0,,,Hanson/OxREP Cities; presence only in default composite
urban_city,Hanson2016_472,Turris Libisonis,8.401365,40.838165,-42.0,,,Hanson/OxREP Cities; presence only in default composite
urban_city,Hanson2016_739,Abella,14.601389,40.96,-600.0,,,Hanson/OxREP Cities; presence only in default composite
urban_city,Hanson2016_740,Abellinum,14.792723,40.914749,-400.0,,,Hanson/OxREP Cities; presence only in default composite
urban_city,Hanson2016_741,Acerrae,14.371049,40.945557,-400.0,,,Hanson/OxREP Cities; presence only in default composite
urban_city,Hanson2016_742,Aletrium,13.34211,41.726495,-400.0,,,Hanson/OxREP Cities; presence only in default composite
urban_city,Hanson2016_743,Allifae,14.330584,41.328485,-400.0,,,Hanson/OxREP Cities; presence only in default composite
urban_city,Hanson2016_744,Anagnia,13.158999,41.742235,-400.0,,,Hanson/OxREP Cities; presence only in default composite
urban_city,Hanson2016_745,Antium,12.629052,41.447947,-500.0,,,Hanson/OxREP Cities; presence only in default composite
urban_city,Hanson2016_746,Aquilonia,14.750001,40.75,-400.0,,,Hanson/OxREP Cities; presence only in default composite
urban_city,Hanson2016_747,Aquinum,13.70563,41.492204,-400.0,,,Hanson/OxREP Cities; presence only in default composite
urban_city,Hanson2016_748,Ardea,12.510598,41.611502,-500.0,1.0,,Hanson/OxREP Cities; presence only in default composite
urban_city,Hanson2016_749,Aricia,12.664436,41.731719,-400.0,,,Hanson/OxREP Cities; presence only in default composite
urban_city,Hanson2016_750,Arpinum,13.60987,41.648444,-400.0,,,Hanson/OxREP Cities; presence only in default composite
urban_city,Hanson2016_751,Atella,14.269963,40.980411,-400.0,,,Hanson/OxREP Cities; presence only in default composite
urban_city,Hanson2016_752,Atina,13.799572,41.619665,-400.0,,,Hanson/OxREP Cities; presence only in default composite
urban_city,Hanson2016_753,Baiae,14.06645,40.819151,-100.0,,,Hanson/OxREP Cities; presence only in default composite
urban_city,Hanson2016_754,Bovillae,12.60986,41.743602,-400.0,,,Hanson/OxREP Cities; presence only in default composite
urban_city,Hanson2016_755,Caiatia,14.366638,41.177123,-400.0,,,Hanson/OxREP Cities; presence only in default composite
urban_city,Hanson2016_756,Calatia,14.377833,41.041111,-400.0,,,Hanson/OxREP Cities; presence only in default composite
urban_city,Hanson2016_757,Cales,14.132,41.2,-500.0,,,Hanson/OxREP Cities; presence only in default composite
urban_city,Hanson2016_758,Capua,14.256289,41.081428,-550.0,,,Hanson/OxREP Cities; presence only in default composite
urban_city,Hanson2016_759,Casilinum,14.211983,41.108736,-400.0,,,Hanson/OxREP Cities; presence only in default composite
urban_city,Hanson2016_760,Casinum,13.822167,41.48279,-400.0,,,Hanson/OxREP Cities; presence only in default composite
urban_city,Hanson2016_761,Castrimoenium,12.666646,41.766575,-82.0,,,Hanson/OxREP Cities; presence only in default composite
urban_city,Hanson2016_762,Caudium,14.639671,41.064374,-400.0,,,Hanson/OxREP Cities; presence only in default composite
urban_city,Hanson2016_763,Cereatae,13.487,41.671,-400.0,,,Hanson/OxREP Cities; presence only in default composite
urban_city,Hanson2016_764,Circeii (1),13.096265,41.235628,-600.0,-27.0,,Hanson/OxREP Cities; presence only in default composite
urban_city,Hanson2016_765,Circeii (2),13.096164,41.235449,-27.0,,,Hanson/OxREP Cities; presence only in default composite
urban_city,Hanson2016_766,Cora,12.91612,41.642797,-600.0,,,Hanson/OxREP Cities; presence only in default composite
urban_city,Hanson2016_767,Cubulteria,14.33333,41.25,-400.0,,,Hanson/OxREP Cities; presence only in default composite
urban_city,Hanson2016_768,Cumae,14.056078,40.847118,-750.0,,,Hanson/OxREP Cities; presence only in default composite
urban_city,Hanson2016_769,Fabrateria Nova,13.558926,41.502833,-124.0,,,Hanson/OxREP Cities; presence only in default composite
urban_city,Hanson2016_770,Ferentinum,13.253358,41.692712,-400.0,,,Hanson/OxREP Cities; presence only in default composite
urban_city,Hanson2016_771,Formiae,13.605914,41.256351,-400.0,,,Hanson/OxREP Cities; presence only in default composite
urban_city,Hanson2016_772,Forum Popili (Italia (I Latium and Campania)),13.96687,41.17202,-400.0,,,Hanson/OxREP Cities; presence only in default composite
urban_city,Hanson2016_773,Frusino,13.351917,41.639406,-400.0,,,Hanson/OxREP Cities; presence only in default composite
urban_city,Hanson2016_774,Fundi,13.426786,41.358806,-400.0,,,Hanson/OxREP Cities; presence only in default composite
urban_city,Hanson2016_775,Gabii,12.715833,41.886944,-600.0,,,Hanson/OxREP Cities; presence only in default composite
urban_city,Hanson2016_776,Herculaneum,14.347143,40.805855,-600.0,79.0,,Hanson/OxREP Cities; presence only in default composite
urban_city,Hanson2016_777,Interamna Lirenas,13.787852,41.438332,-400.0,,,Hanson/OxREP Cities; presence only in default composite
urban_city,Hanson2016_778,Labicum,12.736409,41.80752,-500.0,,,Hanson/OxREP Cities; presence only in default composite
urban_city,Hanson2016_779,Lanuvium,12.69758,41.674696,-400.0,,,Hanson/OxREP Cities; presence only in default composite
urban_city,Hanson2016_780,Lavinium,12.470884,41.667974,-400.0,,,Hanson/OxREP Cities; presence only in default composite
urban_city,Hanson2016_781,Liternum,14.030095,40.921005,-400.0,,,Hanson/OxREP Cities; presence only in default composite
urban_city,Hanson2016_782,Minturnae,13.74664,41.262771,-400.0,,,Hanson/OxREP Cities; presence only in default composite
urban_city,Hanson2016_783,Misenum,14.084886,40.786274,-31.0,,,Hanson/OxREP Cities; presence only in default composite
urban_city,Hanson2016_784,Neapolis (Italia (I Latium and Campania)),14.251636,40.840097,-500.0,,,Hanson/OxREP Cities; presence only in default composite
urban_city,Hanson2016_785,Nola,14.528564,40.925877,-600.0,,,Hanson/OxREP Cities; presence only in default composite
urban_city,Hanson2016_786,Norba,12.960278,41.591667,-600.0,-82.0,,Hanson/OxREP Cities; presence only in default composite
urban_city,Hanson2016_787,Nuceria Alfaterna,14.673929,40.743128,-400.0,,,Hanson/OxREP Cities; presence only in default composite
urban_city,Hanson2016_788,Ostia,12.288323,41.753798,-350.0,,,Hanson/OxREP Cities; presence only in default composite
urban_city,Hanson2016_789,Picentia,14.876851,40.644112,-400.0,,,Hanson/OxREP Cities; presence only in default composite
urban_city,Hanson2016_790,Pompeii,14.484821,40.749283,-600.0,79.0,,Hanson/OxREP Cities; presence only in default composite
urban_city,Hanson2016_791,Pontia,12.965089,40.892523,-400.0,,,Hanson/OxREP Cities; presence only in default composite
urban_city,Hanson2016_792,Praeneste,12.892377,41.840006,-400.0,,,Hanson/OxREP Cities; presence only in default composite
urban_city,Hanson2016_793,Privernum,13.180367,41.472643,-49.0,,,Hanson/OxREP Cities; presence only in default composite
urban_city,Hanson2016_794,Puteoli,14.125078,40.825869,-524.0,,,Hanson/OxREP Cities; presence only in default composite
urban_city,Hanson2016_795,Salernum,14.759886,40.679087,-400.0,,,Hanson/OxREP Cities; presence only in default composite
urban_city,Hanson2016_796,Saticula,14.504636,41.090469,-400.0,,,Hanson/OxREP Cities; presence only in default composite
urban_city,Hanson2016_797,Setia,13.058893,41.498643,-500.0,,,Hanson/OxREP Cities; presence only in default composite
urban_city,Hanson2016_798,Signia,13.024373,41.692178,-600.0,,,Hanson/OxREP Cities; presence only in default composite
urban_city,Hanson2016_799,Sinuessa,13.894556,41.115167,-400.0,,,Hanson/OxREP Cities; presence only in default composite
urban_city,Hanson2016_800,Sora,13.616791,41.717925,-400.0,,,Hanson/OxREP Cities; presence only in default composite
urban_city,Hanson2016_801,Suessa,13.933661,41.236115,-400.0,,,Hanson/OxREP Cities; presence only in default composite
urban_city,Hanson2016_802,Suessula,14.398876,40.990548,-400.0,,,Hanson/OxREP Cities; presence only in default composite
urban_city,Hanson2016_803,Surrentum,14.375738,40.626321,-600.0,,,Hanson/OxREP Cities; presence only in default composite
urban_city,Hanson2016_804,Tarracina,13.248865,41.291217,-400.0,,,Hanson/OxREP Cities; presence only in default composite
urban_city,Hanson2016_805,Teanum Sidicinum,14.049598,41.269557,-400.0,,,Hanson/OxREP Cities; presence only in default composite
urban_city,Hanson2016_806,Telesia,14.528778,41.218463,-400.0,,,Hanson/OxREP Cities; presence only in default composite
urban_city,Hanson2016_807,Treba,13.248674,41.862465,-400.0,,,Hanson/OxREP Cities; presence only in default composite
urban_city,Hanson2016_808,Trebula Balliensis,14.259857,41.227259,-400.0,,,Hanson/OxREP Cities; presence only in default composite
urban_city,Hanson2016_809,Tusculum,12.70869,41.798377,-400.0,,,Hanson/OxREP Cities; presence only in default composite
urban_city,Hanson2016_810,Ulubrae,12.983699,41.549836,-400.0,,,Hanson/OxREP Cities; presence only in default composite
urban_city,Hanson2016_811,Velitrae,12.777943,41.688987,-600.0,,,Hanson/OxREP Cities; presence only in default composite
urban_city,Hanson2016_812,Venafrum,14.043465,41.485659,-400.0,,,Hanson/OxREP Cities; presence only in default composite
urban_city,Hanson2016_813,Verulae,13.41736,41.690616,-400.0,,,Hanson/OxREP Cities; presence only in default composite
urban_city,Hanson2016_814,Vitellia,12.77899,41.882296,-500.0,,,Hanson/OxREP Cities; presence only in default composite
urban_city,Hanson2016_815,Volturnum,13.940276,41.021722,-400.0,,,Hanson/OxREP Cities; presence only in default composite
urban_city,Hanson2016_816,Aecae,15.307262,41.359672,-400.0,,,Hanson/OxREP Cities; presence only in default composite
urban_city,Hanson2016_817,Aeclanum,14.99423,41.04212,-400.0,,,Hanson/OxREP Cities; presence only in default composite
urban_city,Hanson2016_818,Anxa,17.975532,40.054286,-600.0,,,Hanson/OxREP Cities; presence only in default composite
urban_city,Hanson2016_819,Ausculum,15.562485,41.207142,-400.0,,,Hanson/OxREP Cities; presence only in default composite
urban_city,Hanson2016_820,Barium,16.86978,41.128982,-600.0,,,Hanson/OxREP Cities; presence only in default composite
urban_city,Hanson2016_821,Beneventum,14.777672,41.130842,-400.0,,,Hanson/OxREP Cities; presence only in default composite
urban_city,Hanson2016_822,Brundisium,17.938991,40.636175,-400.0,,,Hanson/OxREP Cities; presence only in default composite
urban_city,Hanson2016_823,Butuntum,16.691427,41.107205,-400.0,,,Hanson/OxREP Cities; presence only in default composite
urban_city,Hanson2016_824,Caelia,16.866105,41.064222,-400.0,,,Hanson/OxREP Cities; presence only in default composite
urban_city,Hanson2016_825,Cannae,16.151667,41.296389,-400.0,,,Hanson/OxREP Cities; presence only in default composite
urban_city,Hanson2016_826,Canusium,16.066025,41.222498,-400.0,,,Hanson/OxREP Cities; presence only in default composite
urban_city,Hanson2016_827,Compsa,15.333614,40.866953,-400.0,,,Hanson/OxREP Cities; presence only in default composite
urban_city,Hanson2016_828,Egnatia,17.39084,40.887938,-400.0,,,Hanson/OxREP Cities; presence only in default composite
urban_city,Hanson2016_829,Forentum,15.770541,41.052244,-400.0,,,Hanson/OxREP Cities; presence only in default composite
urban_city,Hanson2016_830,Genusia,16.757056,40.581291,-400.0,,,Hanson/OxREP Cities; presence only in default composite
urban_city,Hanson2016_831,Herdoniae,15.620768,41.310742,-400.0,,,Hanson/OxREP Cities; presence only in default composite
urban_city,Hanson2016_832,Hydruntum,18.483141,40.150048,-600.0,,,Hanson/OxREP Cities; presence only in default composite
urban_city,Hanson2016_833,Luceria,15.335944,41.509222,-400.0,,,Hanson/OxREP Cities; presence only in default composite
urban_city,Hanson2016_834,Lupiae,18.174015,40.353291,-400.0,,,Hanson/OxREP Cities; presence only in default composite
urban_city,Hanson2016_835,Neretum,18.030424,40.175929,-400.0,,,Hanson/OxREP Cities; presence only in default composite
urban_city,Hanson2016_836,Rubi,16.485165,41.118367,-400.0,,,Hanson/OxREP Cities; presence only in default composite
urban_city,Hanson2016_837,Rudiae,18.14849,40.33352,-600.0,,,Hanson/OxREP Cities; presence only in default composite
urban_city,Hanson2016_838,Salapia Nova,15.959872,41.398574,-100.0,,,Hanson/OxREP Cities; presence only in default composite
urban_city,Hanson2016_839,Salapia Vetus,15.9933,41.403381,-400.0,-88.0,,Hanson/OxREP Cities; presence only in default composite
urban_city,Hanson2016_840,Silvium,16.416166,40.818523,-400.0,-80.0,,Hanson/OxREP Cities; presence only in default composite
urban_city,Hanson2016_841,Sipontum,15.889767,41.608482,-400.0,,,Hanson/OxREP Cities; presence only in default composite
urban_city,Hanson2016_842,Tarentum,17.243272,40.47124,-706.0,,,Hanson/OxREP Cities; presence only in default composite
urban_city,Hanson2016_843,Teanum Apulum,15.261291,41.739075,-400.0,,,Hanson/OxREP Cities; presence only in default composite
urban_city,Hanson2016_844,Uxentum,18.158296,39.927352,-400.0,,,Hanson/OxREP Cities; presence only in default composite
urban_city,Hanson2016_845,Venusia,15.819405,40.963082,-400.0,,,Hanson/OxREP Cities; presence only in default composite
urban_city,Hanson2016_846,Veretum,15.827407,40.969057,-400.0,,,Hanson/OxREP Cities; presence only in default composite
urban_city,Hanson2016_847,Vibinum,15.957096,41.706464,-400.0,,,Hanson/OxREP Cities; presence only in default composite
urban_city,Hanson2016_848,Aceruntia,15.940592,40.796874,-400.0,,,Hanson/OxREP Cities; presence only in default composite
urban_city,Hanson2016_849,Aprustum,16.915692,39.147636,-400.0,,,Hanson/OxREP Cities; presence only in default composite
urban_city,Hanson2016_850,Bantia,16.013926,40.861741,-400.0,,,Hanson/OxREP Cities; presence only in default composite
urban_city,Hanson2016_851,Buxentum,15.511196,40.07015,-600.0,,,Hanson/OxREP Cities; presence only in default composite
urban_city,Hanson2016_852,Consentia,16.250026,39.29985,-400.0,,,Hanson/OxREP Cities; presence only in default composite
urban_city,Hanson2016_853,Copia,16.490517,39.715622,-194.0,,,Hanson/OxREP Cities; presence only in default composite
urban_city,Hanson2016_854,Cosilinum,15.592337,40.39484,-400.0,,,Hanson/OxREP Cities; presence only in default composite
urban_city,Hanson2016_855,Croton,17.146875,39.079077,-708.0,,,Hanson/OxREP Cities; presence only in default composite
urban_city,Hanson2016_856,Grumentum,15.906111,40.283889,-400.0,,,Hanson/OxREP Cities; presence only in default composite
urban_city,Hanson2016_857,Heraclea (Italia (III Lucania et Brutii)),16.691668,40.208334,-433.0,,,Hanson/OxREP Cities; presence only in default composite
urban_city,Hanson2016_858,Locri,16.259896,38.236415,-701.0,,,Hanson/OxREP Cities; presence only in default composite
urban_city,Hanson2016_859,Metapontum,16.825234,40.383628,-773.0,,,Hanson/OxREP Cities; presence only in default composite
urban_city,Hanson2016_860,Numistro,15.48671,40.753576,-400.0,,,Hanson/OxREP Cities; presence only in default composite
urban_city,Hanson2016_861,Paestum,15.00508,40.418666,-600.0,,,Hanson/OxREP Cities; presence only in default composite
urban_city,Hanson2016_862,Petelia,17.051082,39.266076,-400.0,,,Hanson/OxREP Cities; presence only in default composite
urban_city,Hanson2016_863,Potentia (Italia (III Lucania et Brutii)),15.804008,40.637974,-400.0,,,Hanson/OxREP Cities; presence only in default composite
urban_city,Hanson2016_864,Regium,15.645082,38.108612,-730.0,,,Hanson/OxREP Cities; presence only in default composite
urban_city,Hanson2016_865,Scolacium,16.59605,38.810332,-600.0,,,Hanson/OxREP Cities; presence only in default composite
urban_city,Hanson2016_866,Sontia,15.551387,40.242232,-400.0,,,Hanson/OxREP Cities; presence only in default composite
urban_city,Hanson2016_867,Tegianum,15.539993,40.378394,-400.0,,,Hanson/OxREP Cities; presence only in default composite
urban_city,Hanson2016_868,Tempsa,16.611139,39.448133,-400.0,,,Hanson/OxREP Cities; presence only in default composite
urban_city,Hanson2016_869,Velia,15.154241,40.159537,-540.0,,,Hanson/OxREP Cities; presence only in default composite
urban_city,Hanson2016_870,Vibo Valentia,16.104975,38.670773,-550.0,,,Hanson/OxREP Cities; presence only in default composite
urban_city,Hanson2016_871,Volcei,15.374758,40.632707,-400.0,,,Hanson/OxREP Cities; presence only in default composite
urban_city,Hanson2016_872,Aequi,13.195431,42.186833,-400.0,,,Hanson/OxREP Cities; presence only in default composite
urban_city,Hanson2016_873,Aesernia,14.233993,41.598064,-400.0,,,Hanson/OxREP Cities; presence only in default composite
urban_city,Hanson2016_874,Alba Fucentia,13.408983,42.079894,-303.0,,,Hanson/OxREP Cities; presence only in default composite
urban_city,Hanson2016_875,Amiternum,13.306,42.400556,-400.0,,,Hanson/OxREP Cities; presence only in default composite
urban_city,Hanson2016_876,Angitia,13.459907,41.970045,-400.0,,,Hanson/OxREP Cities; presence only in default composite
urban_city,Hanson2016_877,Antinum,13.471758,41.885604,-400.0,,,Hanson/OxREP Cities; presence only in default composite
urban_city,Hanson2016_878,Anxanum,14.388696,42.229729,-400.0,,,Hanson/OxREP Cities; presence only in default composite
urban_city,Hanson2016_879,Aufidena,14.104444,41.774722,-400.0,,,Hanson/OxREP Cities; presence only in default composite
urban_city,Hanson2016_880,Aveia,13.487411,42.295745,-400.0,,,Hanson/OxREP Cities; presence only in default composite
urban_city,Hanson2016_881,Bovianum,14.47104,41.482055,-400.0,,,Hanson/OxREP Cities; presence only in default composite
urban_city,Hanson2016_882,Carseoli,13.08687,42.0993,-400.0,,,Hanson/OxREP Cities; presence only in default composite
urban_city,Hanson2016_883,Cluviae,14.260862,42.136297,-400.0,,,Hanson/OxREP Cities; presence only in default composite
urban_city,Hanson2016_884,Corfinium,13.842185,42.123814,-400.0,,,Hanson/OxREP Cities; presence only in default composite
urban_city,Hanson2016_885,Cures,12.684231,42.178026,-400.0,,,Hanson/OxREP Cities; presence only in default composite
urban_city,Hanson2016_886,Fagifulae,14.667625,41.657876,-400.0,,,Hanson/OxREP Cities; presence only in default composite
urban_city,Hanson2016_887,Forum Novum,12.63908,42.35459,-27.0,,,Hanson/OxREP Cities; presence only in default composite
urban_city,Hanson2016_888,Histonium,14.709621,42.112706,-400.0,,,Hanson/OxREP Cities; presence only in default composite
urban_city,Hanson2016_889,Hortona,14.403382,42.3549,-400.0,,,Hanson/OxREP Cities; presence only in default composite
urban_city,Hanson2016_890,Iuvanum,14.256704,41.998988,-200.0,,,Hanson/OxREP Cities; presence only in default composite
urban_city,Hanson2016_891,Larinum,14.916232,41.805416,-400.0,,,Hanson/OxREP Cities; presence only in default composite
urban_city,Hanson2016_892,Marruvium,13.623923,42.005292,-200.0,,,Hanson/OxREP Cities; presence only in default composite
urban_city,Hanson2016_893,Nomentum,12.637366,42.033429,-400.0,,,Hanson/OxREP Cities; presence only in default composite
urban_city,Hanson2016_894,Peltuinum,13.620278,42.285833,-400.0,,,Hanson/OxREP Cities; presence only in default composite
urban_city,Hanson2016_895,Pinna,13.927488,42.457647,-400.0,,,Hanson/OxREP Cities; presence only in default composite
urban_city,Hanson2016_896,Reate,12.861179,42.403056,-400.0,,,Hanson/OxREP Cities; presence only in default composite
urban_city,Hanson2016_897,Saepinum,14.617674,41.433396,-400.0,,,Hanson/OxREP Cities; presence only in default composite
urban_city,Hanson2016_898,Sulmo,13.925721,42.047699,-400.0,,,Hanson/OxREP Cities; presence only in default composite
urban_city,Hanson2016_899,Superaequum,13.730645,42.130586,-400.0,,,Hanson/OxREP Cities; presence only in default composite
urban_city,Hanson2016_900,Teate Marrucinorum,14.167151,42.351793,-400.0,,,Hanson/OxREP Cities; presence only in default composite
urban_city,Hanson2016_901,Terventum,14.551936,41.782158,-400.0,,,Hanson/OxREP Cities; presence only in default composite
urban_city,Hanson2016_902,Tibur,12.798272,41.963579,-400.0,,,Hanson/OxREP Cities; presence only in default composite
urban_city,Hanson2016_903,Trebula Mutuesca,12.858141,42.233123,-400.0,,,Hanson/OxREP Cities; presence only in default composite
urban_city,Hanson2016_904,Trebula Suffenas,12.937703,41.95424,-400.0,,,Hanson/OxREP Cities; presence only in default composite
urban_city,Hanson2016_905,Ancona,13.518757,43.615857,-387.0,,,Hanson/OxREP Cities; presence only in default composite
urban_city,Hanson2016_906,Asculum,13.575401,42.854273,-400.0,,,Hanson/OxREP Cities; presence only in default composite
urban_city,Hanson2016_907,Atria,13.975858,42.579977,-400.0,,,Hanson/OxREP Cities; presence only in default composite
urban_city,Hanson2016_908,Auximum,13.485524,43.485838,-400.0,,,Hanson/OxREP Cities; presence only in default composite
urban_city,Hanson2016_909,Castrum Novum (Italia (V Picenum)),13.966112,42.753362,-400.0,,,Hanson/OxREP Cities; presence only in default composite
urban_city,Hanson2016_910,Cluana,13.730452,43.304794,-400.0,,,Hanson/OxREP Cities; presence only in default composite
urban_city,Hanson2016_911,Falerio,13.470265,43.105492,-400.0,,,Hanson/OxREP Cities; presence only in default composite
urban_city,Hanson2016_912,Firmum,13.724222,43.16563,-400.0,,,Hanson/OxREP Cities; presence only in default composite
urban_city,Hanson2016_913,Helvia Ricina,13.424,43.3279,-400.0,,,Hanson/OxREP Cities; presence only in default composite
urban_city,Hanson2016_914,Interamnia Praetuttiorum,13.700768,42.659733,-400.0,,,Hanson/OxREP Cities; presence only in default composite
urban_city,Hanson2016_915,Numana,13.622062,43.510254,-400.0,,,Hanson/OxREP Cities; presence only in default composite
urban_city,Hanson2016_916,Pausulae,13.510245,43.248496,-400.0,,,Hanson/OxREP Cities; presence only in default composite
urban_city,Hanson2016_917,Pollentia (Italia (V Picenum)),13.348377,43.266889,-179.0,,,Hanson/OxREP Cities; presence only in default composite
urban_city,Hanson2016_918,Potentia (Italia (V Picenum)),13.67103,43.414635,-184.0,,,Hanson/OxREP Cities; presence only in default composite
urban_city,Hanson2016_919,Tolentinum,13.283408,43.209532,-400.0,,,Hanson/OxREP Cities; presence only in default composite
urban_city,Hanson2016_920,Trea,13.312548,43.311591,-400.0,,,Hanson/OxREP Cities; presence only in default composite
urban_city,Hanson2016_921,Urbs Salvia,13.381379,43.198353,-400.0,,,Hanson/OxREP Cities; presence only in default composite
urban_city,Hanson2016_922,Aesis,13.24375,43.522387,-400.0,,,Hanson/OxREP Cities; presence only in default composite
urban_city,Hanson2016_923,Ameria,12.413636,42.557585,-400.0,,,Hanson/OxREP Cities; presence only in default composite
urban_city,Hanson2016_924,Asisium,12.617518,43.070167,-400.0,,,Hanson/OxREP Cities; presence only in default composite
urban_city,Hanson2016_925,Camerinum,13.066642,43.134144,-400.0,,,Hanson/OxREP Cities; presence only in default composite
urban_city,Hanson2016_926,Carsulae,12.557153,42.639792,-400.0,,,Hanson/OxREP Cities; presence only in default composite
urban_city,Hanson2016_927,Cingulum,13.203437,43.37422,-400.0,,,Hanson/OxREP Cities; presence only in default composite
urban_city,Hanson2016_928,Cupra Maritima,13.116407,43.446889,-400.0,,,Hanson/OxREP Cities; presence only in default composite
urban_city,Hanson2016_929,Fanum Fortunae,13.017751,43.843172,-27.0,,,Hanson/OxREP Cities; presence only in default composite
urban_city,Hanson2016_930,Forum Sempronii,12.817031,43.700322,-122.0,,,Hanson/OxREP Cities; presence only in default composite
urban_city,Hanson2016_931,Fulginiae,12.703192,42.955653,-400.0,,,Hanson/OxREP Cities; presence only in default composite
urban_city,Hanson2016_932,Hispellum,12.670753,42.994022,-400.0,,,Hanson/OxREP Cities; presence only in default composite
urban_city,Hanson2016_933,Iguvium,12.580375,43.350411,-400.0,,,Hanson/OxREP Cities; presence only in default composite
urban_city,Hanson2016_934,Interamna Nahars,12.646781,42.560219,-400.0,,,Hanson/OxREP Cities; presence only in default composite
urban_city,Hanson2016_935,Matilica,13.008723,43.255867,-400.0,,,Hanson/OxREP Cities; presence only in default composite
urban_city,Hanson2016_936,Mevania,12.607281,42.931821,-400.0,,,Hanson/OxREP Cities; presence only in default composite
urban_city,Hanson2016_937,Mevaniola,11.903398,43.983123,-400.0,,,Hanson/OxREP Cities; presence only in default composite
urban_city,Hanson2016_938,Narnia,12.51563,42.517602,-400.0,,,Hanson/OxREP Cities; presence only in default composite
urban_city,Hanson2016_939,Nuceria Camellaria,12.788349,43.113857,-400.0,,,Hanson/OxREP Cities; presence only in default composite
urban_city,Hanson2016_940,Nursia,13.093901,42.79336,-400.0,,,Hanson/OxREP Cities; presence only in default composite
urban_city,Hanson2016_941,Ocriculum,12.47655,42.422887,-400.0,,,Hanson/OxREP Cities; presence only in default composite
urban_city,Hanson2016_942,Ostra,13.157975,43.61335,-400.0,,,Hanson/OxREP Cities; presence only in default composite
urban_city,Hanson2016_943,Pisaurum,12.909749,43.91017,-184.0,,,Hanson/OxREP Cities; presence only in default composite
urban_city,Hanson2016_944,Pitinum Mergens,12.648462,43.546441,-400.0,,,Hanson/OxREP Cities; presence only in default composite
urban_city,Hanson2016_945,Pitinum Pisaurense,12.441276,43.803909,-400.0,,,Hanson/OxREP Cities; presence only in default composite
urban_city,Hanson2016_946,Plestia,12.889556,43.027667,-400.0,,,Hanson/OxREP Cities; presence only in default composite
urban_city,Hanson2016_947,Sarsina,12.143099,43.918666,-400.0,,,Hanson/OxREP Cities; presence only in default composite
urban_city,Hanson2016_948,Sena Gallica,13.218024,43.715014,-400.0,,,Hanson/OxREP Cities; presence only in default composite
urban_city,Hanson2016_949,Sentinum,12.852965,43.42179,-400.0,,,Hanson/OxREP Cities; presence only in default composite
urban_city,Hanson2016_950,Septempeda,13.197841,43.235641,-400.0,,,Hanson/OxREP Cities; presence only in default composite
urban_city,Hanson2016_951,Sestinum,12.298883,43.710612,-400.0,,,Hanson/OxREP Cities; presence only in default composite
urban_city,Hanson2016_952,Spoletium,12.736833,42.734216,-240.0,,,Hanson/OxREP Cities; presence only in default composite
urban_city,Hanson2016_953,Suasa,12.983986,43.623375,-400.0,,,Hanson/OxREP Cities; presence only in default composite
urban_city,Hanson2016_954,Tadinae,12.786046,43.230265,-400.0,,,Hanson/OxREP Cities; presence only in default composite
urban_city,Hanson2016_955,Tuder,12.406448,42.781909,-400.0,,,Hanson/OxREP Cities; presence only in default composite
urban_city,Hanson2016_956,Tuficum,12.997564,43.345836,-400.0,,,Hanson/OxREP Cities; presence only in default composite
urban_city,Hanson2016_957,Urvinum Hortense,12.522032,42.985186,-400.0,,,Hanson/OxREP Cities; presence only in default composite
urban_city,Hanson2016_958,Urvinum Mataurense,12.636848,43.723884,-400.0,,,Hanson/OxREP Cities; presence only in default composite
urban_city,Hanson2016_959,Vettona,12.484618,43.012888,-400.0,,,Hanson/OxREP Cities; presence only in default composite
urban_city,Hanson2016_960,Alsium,12.1,41.933333,-400.0,,,Hanson/OxREP Cities; presence only in default composite
urban_city,Hanson2016_961,Arna,12.486048,43.127841,-400.0,,,Hanson/OxREP Cities; presence only in default composite
urban_city,Hanson2016_962,Arretium,11.881301,43.463409,-400.0,,,Hanson/OxREP Cities; presence only in default composite
urban_city,Hanson2016_963,Baccanae,12.367302,42.119115,-27.0,,,Hanson/OxREP Cities; presence only in default composite
urban_city,Hanson2016_964,Blera,12.0325,42.273333,-600.0,,,Hanson/OxREP Cities; presence only in default composite
urban_city,Hanson2016_965,Caere,12.093463,41.993778,-400.0,,,Hanson/OxREP Cities; presence only in default composite
urban_city,Hanson2016_966,Capena,12.541739,42.142672,-500.0,275.0,,Hanson/OxREP Cities; presence only in default composite
urban_city,Hanson2016_967,Castrum Novum (Italia (VII Etruria)),11.833334,42.033334,-400.0,,,Hanson/OxREP Cities; presence only in default composite
urban_city,Hanson2016_968,Centumcellae,11.796814,42.09118,106.0,,,Hanson/OxREP Cities; presence only in default composite
urban_city,Hanson2016_969,Clusium,11.949005,43.016697,-500.0,,,Hanson/OxREP Cities; presence only in default composite
urban_city,Hanson2016_970,Cortona,11.985527,43.274476,-500.0,,,Hanson/OxREP Cities; presence only in default composite
urban_city,Hanson2016_971,Cosa,11.289618,42.413185,-400.0,275.0,,Hanson/OxREP Cities; presence only in default composite
urban_city,Hanson2016_972,Faesulae,11.293835,43.808079,-400.0,,,Hanson/OxREP Cities; presence only in default composite
urban_city,Hanson2016_973,Falerii Novi,12.411516,42.28884,-220.0,,,Hanson/OxREP Cities; presence only in default composite
urban_city,Hanson2016_974,Ferentum,12.132177,42.48859,-400.0,,,Hanson/OxREP Cities; presence only in default composite
urban_city,Hanson2016_975,Fidenae,12.515431,41.982054,-600.0,-50.0,,Hanson/OxREP Cities; presence only in default composite
urban_city,Hanson2016_976,Florentia,11.253807,43.770972,-41.0,,,Hanson/OxREP Cities; presence only in default composite
urban_city,Hanson2016_977,Forum Cassii,12.077133,42.331568,-27.0,,,Hanson/OxREP Cities; presence only in default composite
urban_city,Hanson2016_978,Fregenae,12.193359,41.85328,-400.0,,,Hanson/OxREP Cities; presence only in default composite
urban_city,Hanson2016_979,Graviscae,11.710278,42.212778,-181.0,,,Hanson/OxREP Cities; presence only in default composite
urban_city,Hanson2016_980,Heba,11.295279,42.592176,-400.0,,,Hanson/OxREP Cities; presence only in default composite
urban_city,Hanson2016_981,Horta,12.386423,42.460326,-400.0,,,Hanson/OxREP Cities; presence only in default composite
urban_city,Hanson2016_982,Luca,10.50603,43.845012,-180.0,,,Hanson/OxREP Cities; presence only in default composite
urban_city,Hanson2016_983,Lucus Feroniae,12.596872,42.129717,-400.0,,,Hanson/OxREP Cities; presence only in default composite
urban_city,Hanson2016_984,Luna,10.022101,44.062217,-177.0,,,Hanson/OxREP Cities; presence only in default composite
urban_city,Hanson2016_985,Nepet,12.347835,42.241889,-500.0,,,Hanson/OxREP Cities; presence only in default composite
urban_city,Hanson2016_986,Perusia,12.388791,43.111742,-400.0,,,Hanson/OxREP Cities; presence only in default composite
urban_city,Hanson2016_987,Pisae,10.40074,43.714368,-500.0,,,Hanson/OxREP Cities; presence only in default composite
urban_city,Hanson2016_988,Pistorium,10.916667,43.933333,-400.0,,,Hanson/OxREP Cities; presence only in default composite
urban_city,Hanson2016_989,Pitulum,12.327429,43.305119,-400.0,,,Hanson/OxREP Cities; presence only in default composite
urban_city,Hanson2016_990,Portus,12.266667,41.779167,41.0,,,Hanson/OxREP Cities; presence only in default composite
urban_city,Hanson2016_991,Pyrgi,11.963414,42.015225,-400.0,,,Hanson/OxREP Cities; presence only in default composite
urban_city,Hanson2016_992,Roma,12.485098,41.892777,-700.0,,,Hanson/OxREP Cities; presence only in default composite
urban_city,Hanson2016_993,Rusellae,11.159234,42.827387,-600.0,,,Hanson/OxREP Cities; presence only in default composite
urban_city,Hanson2016_994,Saena,11.330514,43.318661,-400.0,,,Hanson/OxREP Cities; presence only in default composite
urban_city,Hanson2016_995,Saturnia,11.504827,42.666255,-400.0,,,Hanson/OxREP Cities; presence only in default composite
urban_city,Hanson2016_996,Statonia,12.279127,42.520675,-400.0,,,Hanson/OxREP Cities; presence only in default composite
urban_city,Hanson2016_997,Suana,11.64704,42.658622,-400.0,,,Hanson/OxREP Cities; presence only in default composite
urban_city,Hanson2016_998,Sutrium,12.224259,42.241269,-500.0,,,Hanson/OxREP Cities; presence only in default composite
urban_city,Hanson2016_999,Tarquinii,11.758011,42.254051,-700.0,,,Hanson/OxREP Cities; presence only in default composite
urban_city,Hanson2016_1000,Tifernum Tiberinum,12.243968,43.460874,-400.0,,,Hanson/OxREP Cities; presence only in default composite
urban_city,Hanson2016_1001,Tuscana,11.872307,42.417272,-400.0,,,Hanson/OxREP Cities; presence only in default composite
urban_city,Hanson2016_1002,Veii,12.395451,42.021684,-600.0,,,Hanson/OxREP Cities; presence only in default composite
urban_city,Hanson2016_1003,Vetulonia,10.971111,42.859444,-400.0,,,Hanson/OxREP Cities; presence only in default composite
urban_city,Hanson2016_1004,Visentium,11.871512,42.569711,-400.0,,,Hanson/OxREP Cities; presence only in default composite
urban_city,Hanson2016_1005,Volaterra,10.858256,43.402179,-600.0,,,Hanson/OxREP Cities; presence only in default composite
urban_city,Hanson2016_1006,Volsinii Novi,12.02671,42.737752,-400.0,,,Hanson/OxREP Cities; presence only in default composite
urban_city,Hanson2016_1007,Vulci,11.631667,42.418889,-600.0,,,Hanson/OxREP Cities; presence only in default composite
urban_city,Hanson2016_1008,Ariminum,12.566257,44.060779,-268.0,,,Hanson/OxREP Cities; presence only in default composite
urban_city,Hanson2016_1009,Bononia,11.342381,44.494599,-189.0,,,Hanson/OxREP Cities; presence only in default composite
urban_city,Hanson2016_1010,Brixellum,10.516667,44.9,-150.0,,,Hanson/OxREP Cities; presence only in default composite
urban_city,Hanson2016_1011,Caesena,12.239124,44.13876,-200.0,,,Hanson/OxREP Cities; presence only in default composite
urban_city,Hanson2016_1012,Claterna,11.470525,44.443585,-200.0,,,Hanson/OxREP Cities; presence only in default composite
urban_city,Hanson2016_1013,Cremona,10.02297,45.134868,-218.0,,,Hanson/OxREP Cities; presence only in default composite
urban_city,Hanson2016_1014,Faventia,11.882989,44.285348,-146.0,,,Hanson/OxREP Cities; presence only in default composite
urban_city,Hanson2016_1015,Fidentia,10.066667,44.866667,-200.0,,,Hanson/OxREP Cities; presence only in default composite
urban_city,Hanson2016_1016,Forum Cornelii,11.713988,44.352373,-187.0,,,Hanson/OxREP Cities; presence only in default composite
urban_city,Hanson2016_1017,Forum Livii,12.040433,44.221874,-187.0,,,Hanson/OxREP Cities; presence only in default composite
urban_city,Hanson2016_1018,Forum Popili (Italia (VIII Aemilia)),12.126752,44.18877,-173.0,,,Hanson/OxREP Cities; presence only in default composite
urban_city,Hanson2016_1019,Mutina,10.92522,44.64708,-183.0,,,Hanson/OxREP Cities; presence only in default composite
urban_city,Hanson2016_1020,Parma,10.327894,44.800946,-183.0,,,Hanson/OxREP Cities; presence only in default composite
urban_city,Hanson2016_1021,Placentia,9.693115,45.052388,-218.0,,,Hanson/OxREP Cities; presence only in default composite
urban_city,Hanson2016_1022,Ravenna,12.204444,44.416667,-400.0,,,Hanson/OxREP Cities; presence only in default composite
urban_city,Hanson2016_1023,Regium Lepidum,10.631331,44.698103,-187.0,,,Hanson/OxREP Cities; presence only in default composite
urban_city,Hanson2016_1024,Solona,11.959167,44.185556,-400.0,,,Hanson/OxREP Cities; presence only in default composite
urban_city,Hanson2016_1025,Veleia,9.722352,44.784813,-89.0,,,Hanson/OxREP Cities; presence only in default composite
urban_city,Hanson2016_1026,Alba Pompeia,8.035259,44.700862,-89.0,,,Hanson/OxREP Cities; presence only in default composite
urban_city,Hanson2016_1027,Albingaunum,8.212805,44.048935,-89.0,,,Hanson/OxREP Cities; presence only in default composite
urban_city,Hanson2016_1028,Albintimilium,7.625772,43.789147,-180.0,,,Hanson/OxREP Cities; presence only in default composite
urban_city,Hanson2016_1029,Aquae Statiellae,8.470669,44.675527,-89.0,,,Hanson/OxREP Cities; presence only in default composite
urban_city,Hanson2016_1030,Augusta Bagiennorum,7.857836,44.561573,-17.0,,,Hanson/OxREP Cities; presence only in default composite
urban_city,Hanson2016_1031,Carreum,7.828285,45.006852,-123.0,,,Hanson/OxREP Cities; presence only in default composite
urban_city,Hanson2016_1032,Dertona,8.865485,44.897171,-123.0,,,Hanson/OxREP Cities; presence only in default composite
urban_city,Hanson2016_1033,Genua,8.932748,44.411119,-205.0,,,Hanson/OxREP Cities; presence only in default composite
urban_city,Hanson2016_1034,Hasta,8.207778,44.898889,-179.0,,,Hanson/OxREP Cities; presence only in default composite
urban_city,Hanson2016_1035,Industria,8.018086,45.151641,-179.0,,,Hanson/OxREP Cities; presence only in default composite
urban_city,Hanson2016_1036,Iria,9.009227,44.9922,-27.0,1.0,,Hanson/OxREP Cities; presence only in default composite
urban_city,Hanson2016_1037,Libarna,8.861004,44.709915,-148.0,,,Hanson/OxREP Cities; presence only in default composite
urban_city,Hanson2016_1038,Vada Sabatia,8.437811,44.27082,-89.0,,,Hanson/OxREP Cities; presence only in default composite
urban_city,Hanson2016_1039,Valentia (Italia (IX Liguria)),8.645107,45.014107,-179.0,,,Hanson/OxREP Cities; presence only in default composite
urban_city,Hanson2016_1040,Vardagate,8.450886,45.137156,-173.0,,,Hanson/OxREP Cities; presence only in default composite
urban_city,Hanson2016_1041,Acelum,11.913251,45.801703,-50.0,,,Hanson/OxREP Cities; presence only in default composite
urban_city,Hanson2016_1042,Adria,12.056242,45.054003,-600.0,,,Hanson/OxREP Cities; presence only in default composite
urban_city,Hanson2016_1044,Altinum,12.400964,45.549242,-50.0,,,Hanson/OxREP Cities; presence only in default composite
urban_city,Hanson2016_1045,Aquileia,13.367051,45.765269,-181.0,,,Hanson/OxREP Cities; presence only in default composite
urban_city,Hanson2016_1046,Ateste,11.666667,45.233333,-400.0,,,Hanson/OxREP Cities; presence only in default composite
urban_city,Hanson2016_1047,Bellunum,12.217395,46.140032,-220.0,,,Hanson/OxREP Cities; presence only in default composite
urban_city,Hanson2016_1048,Brixia,10.219836,45.539406,-89.0,,,Hanson/OxREP Cities; presence only in default composite
urban_city,Hanson2016_1049,Concordia,12.844317,45.756918,-42.0,,,Hanson/OxREP Cities; presence only in default composite
urban_city,Hanson2016_1051,Feltria,11.900036,46.016657,-100.0,,,Hanson/OxREP Cities; presence only in default composite
urban_city,Hanson2016_1053,Forum Iulii (X Venetia et Histria),13.431047,46.092796,-50.0,,,Hanson/OxREP Cities; presence only in default composite
urban_city,Hanson2016_1054,Iulium Carnicum,13.025796,46.460796,-50.0,,,Hanson/OxREP Cities; presence only in default composite
urban_city,Hanson2016_1055,Mantua,10.794299,45.159243,-100.0,,,Hanson/OxREP Cities; presence only in default composite
urban_city,Hanson2016_1057,Opitergum,12.490642,45.781115,-100.0,,,Hanson/OxREP Cities; presence only in default composite
urban_city,Hanson2016_1059,Patavium,11.876589,45.409568,-50.0,,,Hanson/OxREP Cities; presence only in default composite
urban_city,Hanson2016_1061,Tarvisium,12.242072,45.666286,-50.0,,,Hanson/OxREP Cities; presence only in default composite
urban_city,Hanson2016_1062,Tergestum,13.770245,45.648459,-43.0,,,Hanson/OxREP Cities; presence only in default composite
urban_city,Hanson2016_1063,Tridentum,11.121006,46.067253,-23.0,,,Hanson/OxREP Cities; presence only in default composite
urban_city,Hanson2016_1064,Urbana,11.445288,45.193362,-82.0,,,Hanson/OxREP Cities; presence only in default composite
urban_city,Hanson2016_1065,Verona,10.997047,45.442663,-89.0,,,Hanson/OxREP Cities; presence only in default composite
urban_city,Hanson2016_1066,Vicetia,11.54551,45.547333,-89.0,,,Hanson/OxREP Cities; presence only in default composite
urban_city,Hanson2016_1067,Bergomum,9.669953,45.694903,-50.0,,,Hanson/OxREP Cities; presence only in default composite
urban_city,Hanson2016_1068,Comum,9.082065,45.81011,-59.0,,,Hanson/OxREP Cities; presence only in default composite
urban_city,Hanson2016_1069,Eporedia,7.87595,45.4666,-100.0,,,Hanson/OxREP Cities; presence only in default composite
urban_city,Hanson2016_1070,Laumellum,8.79735,45.122042,-27.0,,,Hanson/OxREP Cities; presence only in default composite
urban_city,Hanson2016_1071,Laus Pompeia,9.418777,45.303456,-510.0,,,Hanson/OxREP Cities; presence only in default composite
urban_city,Hanson2016_1072,Mediolanum (Italia (XI Transpadana)),9.188141,45.463689,-89.0,,,Hanson/OxREP Cities; presence only in default composite
urban_city,Hanson2016_1073,Novaria,8.621834,45.446198,-50.0,,,Hanson/OxREP Cities; presence only in default composite
urban_city,Hanson2016_1074,Ticinum,9.155164,45.184912,-50.0,,,Hanson/OxREP Cities; presence only in default composite
urban_city,Hanson2016_1075,Vercellae,8.422795,45.325287,-50.0,,,Hanson/OxREP Cities; presence only in default composite
urban_city,Hanson2016_1292,Acrae,14.894215,37.057781,-664.0,,,Hanson/OxREP Cities; presence only in default composite
urban_city,Hanson2016_1293,Adranum,13.13773,37.663228,-400.0,,,Hanson/OxREP Cities; presence only in default composite
urban_city,Hanson2016_1294,Agrigentum,13.576956,37.311188,-582.0,,,Hanson/OxREP Cities; presence only in default composite
urban_city,Hanson2016_1295,Agyrium,14.529547,37.655226,-339.0,,,Hanson/OxREP Cities; presence only in default composite
urban_city,Hanson2016_1296,Apollonia (Sicilia),14.5974572,38.0128274,-600.0,,,Hanson/OxREP Cities; presence only in default composite
urban_city,Hanson2016_1297,Camarina,14.447679,36.872063,-599.0,-27.0,,Hanson/OxREP Cities; presence only in default composite
urban_city,Hanson2016_1298,Catania,15.087834,37.502482,-729.0,,,Hanson/OxREP Cities; presence only in default composite
urban_city,Hanson2016_1299,Centuripae,14.740133,37.624023,-400.0,,,Hanson/OxREP Cities; presence only in default composite
urban_city,Hanson2016_1300,Drepanum (Silicia),12.512684,38.015537,-600.0,,,Hanson/OxREP Cities; presence only in default composite
urban_city,Hanson2016_1301,Enna,14.279706,37.567595,-664.0,,,Hanson/OxREP Cities; presence only in default composite
urban_city,Hanson2016_1302,Eryx,12.586389,38.036944,-600.0,,,Hanson/OxREP Cities; presence only in default composite
urban_city,Hanson2016_1303,Halaesa,14.233333,37.983333,-403.0,,,Hanson/OxREP Cities; presence only in default composite
urban_city,Hanson2016_1304,Haluntium,14.700431,38.071846,-600.0,,,Hanson/OxREP Cities; presence only in default composite
urban_city,Hanson2016_1305,Helorus,15.109444,36.842222,-701.0,,,Hanson/OxREP Cities; presence only in default composite
urban_city,Hanson2016_1306,Heraclea (Sicilia),13.290876,37.394824,-600.0,-1.0,,Hanson/OxREP Cities; presence only in default composite
urban_city,Hanson2016_1307,Himera,13.696264,37.983949,-700.0,,,Hanson/OxREP Cities; presence only in default composite
urban_city,Hanson2016_1308,Leontini,15.000592,37.286523,-729.0,,,Hanson/OxREP Cities; presence only in default composite
urban_city,Hanson2016_1309,Lilybaeum,12.434233,37.799084,-397.0,,,Hanson/OxREP Cities; presence only in default composite
urban_city,Hanson2016_1310,Lipara,14.954018,38.467383,-580.0,,,Hanson/OxREP Cities; presence only in default composite
urban_city,Hanson2016_1312,Messana,15.555523,38.192332,-730.0,,,Hanson/OxREP Cities; presence only in default composite
urban_city,Hanson2016_1313,Morgantina,14.479254,37.431064,-600.0,-25.0,,Hanson/OxREP Cities; presence only in default composite
urban_city,Hanson2016_1314,Mylae,15.233333,38.216667,-716.0,,,Hanson/OxREP Cities; presence only in default composite
urban_city,Hanson2016_1315,Netum,15.071001,36.891741,-400.0,,,Hanson/OxREP Cities; presence only in default composite
urban_city,Hanson2016_1316,Panormus,13.361376,38.115619,-700.0,,,Hanson/OxREP Cities; presence only in default composite
urban_city,Hanson2016_1317,Phintias,13.937781,37.101414,-280.0,,,Hanson/OxREP Cities; presence only in default composite
urban_city,Hanson2016_1318,Segesta,12.832376,37.941352,-600.0,,,Hanson/OxREP Cities; presence only in default composite
urban_city,Hanson2016_1319,Soluntum,13.531739,38.092662,-400.0,199.0,,Hanson/OxREP Cities; presence only in default composite
urban_city,Hanson2016_1320,Syracusae,15.28444,37.066484,-733.0,,,Hanson/OxREP Cities; presence only in default composite
urban_city,Hanson2016_1321,Tauromenium,15.287916,37.853066,-396.0,,,Hanson/OxREP Cities; presence only in default composite
urban_city,Hanson2016_1322,Tyndaris,15.03996,38.145393,-396.0,,,Hanson/OxREP Cities; presence only in default composite
maritime_shipwreck,154.0,Agropoli,14.966666666666667,40.333333333333336,-150.0,400.0,,OxREP Shipwrecks; date interval distributed uniformly
maritime_shipwreck,7462.0,Albenga,8.22876,44.04255,-100.0,-80.0,,OxREP Shipwrecks; date interval distributed uniformly
maritime_shipwreck,8644.0,Albenga II,8.22876,44.04255,-100.0,-1.0,,OxREP Shipwrecks; date interval distributed uniformly
maritime_shipwreck,7467.0,Alghero,8.30944,40.55756,-150.0,400.0,,OxREP Shipwrecks; date interval distributed uniformly
maritime_shipwreck,8877.0,Alghero 1,8.30944,40.55756,-25.0,150.0,,OxREP Shipwrecks; date interval distributed uniformly
maritime_shipwreck,7473.0,Ancona,13.60656,43.81418,-150.0,-25.0,,OxREP Shipwrecks; date interval distributed uniformly
maritime_shipwreck,8700.0,Ancona 1,13.60656,43.81418,-200.0,-50.0,,OxREP Shipwrecks; date interval distributed uniformly
maritime_shipwreck,8701.0,Ancona 2,13.60656,43.81418,-200.0,-175.0,,OxREP Shipwrecks; date interval distributed uniformly
maritime_shipwreck,8702.0,Ancona 3,13.60656,43.81418,-300.0,-100.0,,OxREP Shipwrecks; date interval distributed uniformly
maritime_shipwreck,206.0,Barbarossa,10.4,42.75,-250.0,-150.0,,OxREP Shipwrecks; date interval distributed uniformly
maritime_shipwreck,8689.0,Bocca Grande,14.18644,40.53607,-100.0,100.0,,OxREP Shipwrecks; date interval distributed uniformly
maritime_shipwreck,8983.0,Cala del Diavolo,10.31066,42.30612,-120.0,-10.0,,OxREP Shipwrecks; date interval distributed uniformly
maritime_shipwreck,8925.0,Cala Gadir II,12.016666666666667,36.8,-125.0,-75.0,,OxREP Shipwrecks; date interval distributed uniformly
maritime_shipwreck,8722.0,Cala Minnola,12.35309,37.99504,-100.0,-50.0,,OxREP Shipwrecks; date interval distributed uniformly
maritime_shipwreck,8825.0,Cala Palombara,18.49823,40.14829,-100.0,0.0,,OxREP Shipwrecks; date interval distributed uniformly
maritime_shipwreck,8953.0,Cala Su Pallosu,8.39492,40.04279,-200.0,-100.0,,OxREP Shipwrecks; date interval distributed uniformly
maritime_shipwreck,204.0,Camarina E,14.45011,36.84438,-300.0,400.0,,OxREP Shipwrecks; date interval distributed uniformly
maritime_shipwreck,8703.0,Caorle,12.95288,45.49646,-125.0,-75.0,,OxREP Shipwrecks; date interval distributed uniformly
maritime_shipwreck,186.0,Capo Cimiti,17.166666666666668,38.95,-150.0,400.0,,OxREP Shipwrecks; date interval distributed uniformly
maritime_shipwreck,8813.0,Capo d'Armi,15.66942,37.95864,-40.0,100.0,,OxREP Shipwrecks; date interval distributed uniformly
maritime_shipwreck,7649.0,Capo di Torre Cavallo,18.016666666666666,40.63333333333333,-150.0,-50.0,,OxREP Shipwrecks; date interval distributed uniformly
maritime_shipwreck,8717.0,Capo Feto,12.53694,37.65552,-500.0,-300.0,,OxREP Shipwrecks; date interval distributed uniformly
maritime_shipwreck,8811.0,Capo Palinuro - Punta della Quaglia,15.24078,40.02649,-150.0,400.0,,OxREP Shipwrecks; date interval distributed uniformly
maritime_shipwreck,7684.0,Capraia A,9.82366,43.07225,-100.0,100.0,,OxREP Shipwrecks; date interval distributed uniformly
maritime_shipwreck,7685.0,Capraia B,9.82366,43.07225,-150.0,400.0,,OxREP Shipwrecks; date interval distributed uniformly
maritime_shipwreck,8668.0,Capraia Etruscan 2004,9.82366,43.07225,-600.0,-300.0,,OxREP Shipwrecks; date interval distributed uniformly
maritime_shipwreck,8669.0,Capraia Roman 2004,9.82366,43.07225,-300.0,400.0,,OxREP Shipwrecks; date interval distributed uniformly
maritime_shipwreck,8878.0,Caprara,15.49621,42.11267,-100.0,50.0,,OxREP Shipwrecks; date interval distributed uniformly
maritime_shipwreck,8882.0,Gallipoli 3,18.052303,39.90814,-150.0,400.0,,OxREP Shipwrecks; date interval distributed uniformly
maritime_shipwreck,8695.0,Gallipoli 2,18.07388,39.88416,-300.0,-200.0,,OxREP Shipwrecks; date interval distributed uniformly
maritime_shipwreck,7857.0,Gela A,14.26666,37.03333,-525.0,-475.0,,OxREP Shipwrecks; date interval distributed uniformly
maritime_shipwreck,8873.0,Gela B,14.26666,37.04304,-475.0,-425.0,,OxREP Shipwrecks; date interval distributed uniformly
maritime_shipwreck,7867.0,Giglio Campese A,10.866666666666667,42.36666666666667,-600.0,-590.0,,OxREP Shipwrecks; date interval distributed uniformly
maritime_shipwreck,8885.0,Grado (2000),13.33333,45.71666,-300.0,-200.0,,OxREP Shipwrecks; date interval distributed uniformly
maritime_shipwreck,8693.0,Ischia,13.96164,40.72571,-300.0,300.0,,OxREP Shipwrecks; date interval distributed uniformly
maritime_shipwreck,9060.0,Isola della Gallinara (Savona),8.22996,44.02648,-100.0,-1.0,,OxREP Shipwrecks; date interval distributed uniformly
maritime_shipwreck,9032.0,Isola Rossa 2,8.84579,41.01725,-30.0,200.0,,OxREP Shipwrecks; date interval distributed uniformly
maritime_shipwreck,8829.0,Isole Pedagne Grandi,18.04779,40.60026,-25.0,25.0,,OxREP Shipwrecks; date interval distributed uniformly
maritime_shipwreck,8022.0,La Madonnina,17.533333333333335,40.28333333333333,-325.0,-300.0,,OxREP Shipwrecks; date interval distributed uniformly
maritime_shipwreck,156.0,Lampedusa B,12.6,35.483333333333334,-125.0,-75.0,,OxREP Shipwrecks; date interval distributed uniformly
maritime_shipwreck,8919.0,Le Formiche di Capraia,9.82624,43.07383,-175.0,-125.0,,OxREP Shipwrecks; date interval distributed uniformly
maritime_shipwreck,9.0,Le Grotticelle,13.433333333333334,40.78333333333333,-75.0,-25.0,,OxREP Shipwrecks; date interval distributed uniformly
maritime_shipwreck,8809.0,Li Galli - Vetara,14.36428,40.58051,-100.0,100.0,,OxREP Shipwrecks; date interval distributed uniformly
maritime_shipwreck,8008.0,Lido di Sant'Anna,17.933333333333334,40.666666666666664,-150.0,-25.0,,OxREP Shipwrecks; date interval distributed uniformly
maritime_shipwreck,8035.0,Mal di Ventre,8.30755,39.97313,-75.0,-25.0,,OxREP Shipwrecks; date interval distributed uniformly
maritime_shipwreck,8699.0,Margherita di Savoia,16.20758,41.39405,-500.0,-300.0,,OxREP Shipwrecks; date interval distributed uniformly
maritime_shipwreck,8805.0,Marina Grande di Bacoli,14.08361,40.80325,-50.0,100.0,,OxREP Shipwrecks; date interval distributed uniformly
maritime_shipwreck,8058.0,Marsala (Punic Ship),12.4669,37.74462,-250.0,-175.0,,OxREP Shipwrecks; date interval distributed uniformly
maritime_shipwreck,8865.0,Montalto di Castro,11.50405,42.33811,-200.0,-100.0,,OxREP Shipwrecks; date interval distributed uniformly
maritime_shipwreck,8826.0,Mucurune,18.48793,40.06689,-200.0,-50.0,,OxREP Shipwrecks; date interval distributed uniformly
maritime_shipwreck,8822.0,Nardo,17.92419,40.15102,-200.0,-50.0,,OxREP Shipwrecks; date interval distributed uniformly
maritime_shipwreck,8924.0,Olbia (statue),9.50738,40.91148,-150.0,400.0,,OxREP Shipwrecks; date interval distributed uniformly
maritime_shipwreck,8172.0,Palombina Vecchia,13.416666666666666,43.63333333333333,-100.0,-50.0,,OxREP Shipwrecks; date interval distributed uniformly
maritime_shipwreck,8647.0,Pisa B,10.38813,43.72388,-12.0,15.0,,OxREP Shipwrecks; date interval distributed uniformly
maritime_shipwreck,8648.0,Pisa C,10.38813,43.72388,-50.0,-1.0,,OxREP Shipwrecks; date interval distributed uniformly
maritime_shipwreck,8650.0,Pisa E,10.38813,43.72388,-30.0,-1.0,,OxREP Shipwrecks; date interval distributed uniformly
maritime_shipwreck,8653.0,Pisa G,10.38813,43.72388,-150.0,400.0,,OxREP Shipwrecks; date interval distributed uniformly
maritime_shipwreck,8654.0,Pisa H,10.38813,43.72388,-150.0,400.0,,OxREP Shipwrecks; date interval distributed uniformly
maritime_shipwreck,9034.0,Pisa Hellenistic ship,10.38813,43.72388,-200.0,-175.0,,OxREP Shipwrecks; date interval distributed uniformly
maritime_shipwreck,8652.0,Pisa P,10.38813,43.72388,-30.0,30.0,,OxREP Shipwrecks; date interval distributed uniformly
maritime_shipwreck,8262.0,Porticello,15.66101,38.23972,-425.0,-400.0,,OxREP Shipwrecks; date interval distributed uniformly
maritime_shipwreck,208.0,Porto Ercole A,11.2,42.38333333333333,-150.0,-100.0,,OxREP Shipwrecks; date interval distributed uniformly
maritime_shipwreck,8872.0,Porto Palo di Capo Passero,15.16525,36.66922,-400.0,-200.0,,OxREP Shipwrecks; date interval distributed uniformly
maritime_shipwreck,8718.0,Porto Palo di Menfi,12.91082,37.57434,-200.0,-100.0,,OxREP Shipwrecks; date interval distributed uniformly
maritime_shipwreck,150.0,Pozzino,10.5,43.0,-140.0,-120.0,,OxREP Shipwrecks; date interval distributed uniformly
maritime_shipwreck,8297.0,Punta Braccetto,14.466666666666667,36.8,-500.0,-475.0,,OxREP Shipwrecks; date interval distributed uniformly
maritime_shipwreck,8812.0,Punta di Zambrone,15.97789,38.72,-100.0,40.0,,OxREP Shipwrecks; date interval distributed uniformly
maritime_shipwreck,8329.0,Punta Licosa 1,14.90192,40.25509,-100.0,-1.0,,OxREP Shipwrecks; date interval distributed uniformly
maritime_shipwreck,8810.0,Punta Licosa 2,14.90192,40.25368,-100.0,100.0,,OxREP Shipwrecks; date interval distributed uniformly
maritime_shipwreck,8342.0,Punta Scaletta,11.1,42.25,-140.0,-130.0,,OxREP Shipwrecks; date interval distributed uniformly
maritime_shipwreck,8954.0,Sa Tonnara A,8.40351,40.05386,-200.0,-150.0,,OxREP Shipwrecks; date interval distributed uniformly
maritime_shipwreck,8411.0,Santa Caterina di Nardo,17.95166,40.13633,-175.0,-125.0,,OxREP Shipwrecks; date interval distributed uniformly
maritime_shipwreck,8823.0,Santa Caterina di Nardo 2,17.95166,40.13633,-400.0,-200.0,,OxREP Shipwrecks; date interval distributed uniformly
maritime_shipwreck,8869.0,Sant'Andrea A,10.14038,42.81174,-50.0,-50.0,,OxREP Shipwrecks; date interval distributed uniformly
maritime_shipwreck,8870.0,Sant'Andrea B,10.14038,42.81174,-100.0,-100.0,,OxREP Shipwrecks; date interval distributed uniformly
maritime_shipwreck,8867.0,Santo Stefano al Mare,7.91118,43.83025,-10.0,10.0,,OxREP Shipwrecks; date interval distributed uniformly
maritime_shipwreck,8419.0,Saturo A,17.3,40.36666666666667,-200.0,-150.0,,OxREP Shipwrecks; date interval distributed uniformly
maritime_shipwreck,180.0,Savelletri,17.4,40.86666666666667,-280.0,-250.0,,OxREP Shipwrecks; date interval distributed uniformly
maritime_shipwreck,8723.0,Sciacca,13.08025,37.49603,-150.0,400.0,,OxREP Shipwrecks; date interval distributed uniformly
maritime_shipwreck,8439.0,Secca dei Mattoni,12.883333333333333,40.9,-100.0,-50.0,,OxREP Shipwrecks; date interval distributed uniformly
maritime_shipwreck,207.0,Secca Del Bagno,14.883333333333333,38.46666666666667,-200.0,-180.0,,OxREP Shipwrecks; date interval distributed uniformly
maritime_shipwreck,8444.0,Secca di Capistello,14.95,38.43333333333333,-300.0,-280.0,,OxREP Shipwrecks; date interval distributed uniformly
maritime_shipwreck,8876.0,Secche della Meloria,10.22071,43.54776,-275.0,-225.0,,OxREP Shipwrecks; date interval distributed uniformly
maritime_shipwreck,182.0,Secche Di Ugento A,18.15,39.81666666666667,-50.0,100.0,,OxREP Shipwrecks; date interval distributed uniformly
maritime_shipwreck,8816.0,Seleno,17.02056,38.89716,-150.0,-25.0,,OxREP Shipwrecks; date interval distributed uniformly
maritime_shipwreck,169.0,Spargi,9.333333333333334,41.21666666666667,-120.0,-100.0,,OxREP Shipwrecks; date interval distributed uniformly
maritime_shipwreck,146.0,Stentinello,15.25,37.11666666666667,-300.0,-280.0,,OxREP Shipwrecks; date interval distributed uniformly
maritime_shipwreck,8712.0,Teulada,8.7482,38.89684,-600.0,-300.0,,OxREP Shipwrecks; date interval distributed uniformly
maritime_shipwreck,8534.0,Torre Guaceto,17.783333333333335,40.7,-100.0,-1.0,,OxREP Shipwrecks; date interval distributed uniformly
maritime_shipwreck,8820.0,Torre Melissa - Villaggio Sirio,17.11326,39.30421,-125.0,0.0,,OxREP Shipwrecks; date interval distributed uniformly
maritime_shipwreck,8537.0,Torre Santa Sabina 1,17.70652,40.75993,-25.0,25.0,,OxREP Shipwrecks; date interval distributed uniformly
maritime_shipwreck,8698.0,Torre Santa Sabina 2,17.70652,40.75993,-300.0,300.0,,OxREP Shipwrecks; date interval distributed uniformly
maritime_shipwreck,8824.0,Torre Sinfono,18.04092,39.90945,-100.0,-1.0,,OxREP Shipwrecks; date interval distributed uniformly
maritime_shipwreck,8828.0,Torre Testa - Porto di Brindisi,17.88368,40.68831,-200.0,-50.0,,OxREP Shipwrecks; date interval distributed uniformly
maritime_shipwreck,8550.0,Tre Senghe,15.47767,42.10267,-30.0,-20.0,,OxREP Shipwrecks; date interval distributed uniformly
maritime_shipwreck,181.0,Valle Ponti,12.166666666666666,44.666666666666664,-25.0,-1.0,,OxREP Shipwrecks; date interval distributed uniformly
maritime_shipwreck,8956.0,Ventotene 2,13.416666666666666,40.78333333333333,-100.0,-1.0,,OxREP Shipwrecks; date interval distributed uniformly
maritime_shipwreck,155.0,Vulpiglia,15.133333333333333,36.7,-300.0,-290.0,,OxREP Shipwrecks; date interval distributed uniformly
archaeological_occupation,AIDA_10181,Herculaneum,14.3482,40.806,,,23,AIDA v5.0; IntCal20 calibrated; LocQual=A
archaeological_occupation,AIDA_10244,Matrice Roman villa,8.2674,46.0732,,,1,AIDA v5.0; IntCal20 calibrated; LocQual=B
archaeological_occupation,AIDA_10260,Otzi,10.8397,46.7789,,,1,AIDA v5.0; IntCal20 calibrated; LocQual=B
archaeological_occupation,AIDA_10265,Alpe Veglia,8.1427,46.2731,,,2,AIDA v5.0; IntCal20 calibrated; LocQual=A
archaeological_occupation,AIDA_10267,Riparo Pian dul Scricc,8.1467,46.2675,,,1,AIDA v5.0; IntCal20 calibrated; LocQual=A
archaeological_occupation,AIDA_10448,Le Cerquete-Fianello,12.2377,41.8484,,,3,AIDA v5.0; IntCal20 calibrated; LocQual=A
archaeological_occupation,AIDA_10457,Fonte Maggio,14.6909,41.6922,,,1,AIDA v5.0; IntCal20 calibrated; LocQual=B
archaeological_occupation,AIDA_10459,S. Margherita a Guglionesi,14.9128,41.921,,,3,AIDA v5.0; IntCal20 calibrated; LocQual=B
archaeological_occupation,AIDA_10470,S. Francesco del Deserto,12.2617,45.1044,,,1,AIDA v5.0; IntCal20 calibrated; LocQual=B
archaeological_occupation,AIDA_10696,"Grotta del Fauno, Pomezia",13.8333,41.7333,,,2,AIDA v5.0; IntCal20 calibrated; LocQual=A
archaeological_occupation,AIDA_10735,Castione Marchesi,10.05,44.9,,,1,AIDA v5.0; IntCal20 calibrated; LocQual=B
archaeological_occupation,AIDA_10839,Riparo di Romagnano III,11.06,46.01,,,1,AIDA v5.0; IntCal20 calibrated; LocQual=B
archaeological_occupation,AIDA_10854,Grotta del Pertusello,7.9984,44.1051,,,2,AIDA v5.0; IntCal20 calibrated; LocQual=A
archaeological_occupation,AIDA_10888,Grotta Mora Cavorso,13.1739,41.8779,,,1,AIDA v5.0; IntCal20 calibrated; LocQual=A
archaeological_occupation,AIDA_10912,S. Michele di Valestra,10.5561,44.4522,,,1,AIDA v5.0; IntCal20 calibrated; LocQual=B
archaeological_occupation,AIDA_10920,Grotta Misa,11.6333,42.35,,,2,AIDA v5.0; IntCal20 calibrated; LocQual=B
archaeological_occupation,AIDA_11020,"Luni sul Mignone, Tre Erici",11.9398,42.2267,,,1,AIDA v5.0; IntCal20 calibrated; LocQual=A
archaeological_occupation,AIDA_11021,Forum Romanum,12.4858,41.8923,,,1,AIDA v5.0; IntCal20 calibrated; LocQual=B
archaeological_occupation,AIDA_11074,San Giovenale,12.0037,42.2173,,,2,AIDA v5.0; IntCal20 calibrated; LocQual=B
archaeological_occupation,AIDA_11269,Pozzuolo,13.1952,45.9881,,,2,AIDA v5.0; IntCal20 calibrated; LocQual=B
archaeological_occupation,AIDA_11270,Perteghelle,11.2594,45.1447,,,1,AIDA v5.0; IntCal20 calibrated; LocQual=B
archaeological_occupation,AIDA_11271,Perteghelle B,11.2606,45.1447,,,1,AIDA v5.0; IntCal20 calibrated; LocQual=B
archaeological_occupation,AIDA_11457,Etruscan ovens,11.2486,43.7711,,,1,AIDA v5.0; IntCal20 calibrated; LocQual=A
archaeological_occupation,AIDA_1146,"Fabbrica dei Soci, Villa Bartolomea",11.3367,45.0839,,,1,AIDA v5.0; IntCal20 calibrated; LocQual=B
archaeological_occupation,AIDA_11812,Faragola,15.5599,41.2282,,,2,AIDA v5.0; IntCal20 calibrated; LocQual=B
archaeological_occupation,AIDA_11923,"Lago di Mezzano, Site 1-B",11.77,42.612,,,2,AIDA v5.0; IntCal20 calibrated; LocQual=C
archaeological_occupation,AIDA_12068,"Palu di Livenza, Pordenone, Friuli Venezia Giulia",12.4776,46.0178,,,2,AIDA v5.0; IntCal20 calibrated; LocQual=B
archaeological_occupation,AIDA_12122,Valle del Temperino,10.6142,43.0601,,,2,AIDA v5.0; IntCal20 calibrated; LocQual=A
archaeological_occupation,AIDA_12130,"Privernum - Domus della Soglia Nilotica, Latina",13.1956,41.4898,,,1,AIDA v5.0; IntCal20 calibrated; LocQual=B
archaeological_occupation,AIDA_12143,Saint-Martin-de-Corléans,7.297,45.735,,,1,AIDA v5.0; IntCal20 calibrated; LocQual=B
archaeological_occupation,AIDA_12177,"Sant'Agata Bolognese, Bologna, Emilia Romagna",11.135,44.665,,,1,AIDA v5.0; IntCal20 calibrated; LocQual=B
archaeological_occupation,AIDA_12936,Su Putzu 4,8.8968,40.1988,,,1,AIDA v5.0; IntCal20 calibrated; LocQual=A
archaeological_occupation,AIDA_12950,Pranu Illixi,9.3139,39.604,,,2,AIDA v5.0; IntCal20 calibrated; LocQual=A
archaeological_occupation,AIDA_12962,Nuraghe Albucciu,9.4078,41.0681,,,5,AIDA v5.0; IntCal20 calibrated; LocQual=A
archaeological_occupation,AIDA_13019,Ortu Comidu,8.8445,39.5897,,,2,AIDA v5.0; IntCal20 calibrated; LocQual=A
archaeological_occupation,AIDA_13023,"Lago di Mezzano, Site II",11.77,42.612,,,2,AIDA v5.0; IntCal20 calibrated; LocQual=C
archaeological_occupation,AIDA_13024,Nuraghe Serucci,8.4244,39.2492,,,2,AIDA v5.0; IntCal20 calibrated; LocQual=A
archaeological_occupation,AIDA_13033,Su Foxi 'e S'Abba,9.4897,39.8139,,,2,AIDA v5.0; IntCal20 calibrated; LocQual=A
archaeological_occupation,AIDA_13034,Sa Mandra 'e Sa Giua,8.9895,40.611,,,6,AIDA v5.0; IntCal20 calibrated; LocQual=A
archaeological_occupation,AIDA_13036,Grotta- Santuario di Pirosu o Su Benatzu,8.7053,39.0508,,,2,AIDA v5.0; IntCal20 calibrated; LocQual=A
archaeological_occupation,AIDA_13119,Praia di Mare (Grotta della Madonna),15.7667,39.9167,,,3,AIDA v5.0; IntCal20 calibrated; LocQual=A
archaeological_occupation,AIDA_13515,Acropoli di Lipari,14.9272,38.4937,,,1,AIDA v5.0; IntCal20 calibrated; LocQual=A
archaeological_occupation,AIDA_13697,Bee Berciassa,7.5427,44.3845,,,1,AIDA v5.0; IntCal20 calibrated; LocQual=A
archaeological_occupation,AIDA_13990,Megara Hyblaea,15.1844,37.1816,,,1,AIDA v5.0; IntCal20 calibrated; LocQual=A
archaeological_occupation,AIDA_14038,Gran Carro,11.9968,42.5925,,,5,AIDA v5.0; IntCal20 calibrated; LocQual=A
archaeological_occupation,AIDA_14177,Su Tintiriolu,8.6443,40.4472,,,1,AIDA v5.0; IntCal20 calibrated; LocQual=B
archaeological_occupation,AIDA_1586,Vadena,11.3042,46.4157,,,4,AIDA v5.0; IntCal20 calibrated; LocQual=B
archaeological_occupation,AIDA_1609,Dicomano,11.5196,43.8934,,,1,AIDA v5.0; IntCal20 calibrated; LocQual=B
archaeological_occupation,AIDA_16098,Latsch,10.8667,46.6167,,,2,AIDA v5.0; IntCal20 calibrated; LocQual=A
archaeological_occupation,AIDA_1610,Stofles,11.6613,46.7162,,,1,AIDA v5.0; IntCal20 calibrated; LocQual=B
archaeological_occupation,AIDA_1619,"Arma di Nasino, Val Pennavaira",8.0497,44.1097,,,7,AIDA v5.0; IntCal20 calibrated; LocQual=A
archaeological_occupation,AIDA_16616,Salve,18.3,39.8667,,,3,AIDA v5.0; IntCal20 calibrated; LocQual=B
archaeological_occupation,AIDA_16623,"S. Antonio, Buccino",15.38,40.6327,,,2,AIDA v5.0; IntCal20 calibrated; LocQual=A
archaeological_occupation,AIDA_16626,Riace,16.482,38.4193,,,16,AIDA v5.0; IntCal20 calibrated; LocQual=B
archaeological_occupation,AIDA_16628,Laion/Lajen,11.5667,46.6,,,4,AIDA v5.0; IntCal20 calibrated; LocQual=A
archaeological_occupation,AIDA_16629,Stufles,11.6613,46.7162,,,4,AIDA v5.0; IntCal20 calibrated; LocQual=B
archaeological_occupation,AIDA_16630,Fidene,12.5123,41.9785,,,1,AIDA v5.0; IntCal20 calibrated; LocQual=B
archaeological_occupation,AIDA_16632,Satricum,12.7551,41.5131,,,1,AIDA v5.0; IntCal20 calibrated; LocQual=B
archaeological_occupation,AIDA_16641,Moscosi di Cingoli,13.1414,43.3526,,,2,AIDA v5.0; IntCal20 calibrated; LocQual=A
archaeological_occupation,AIDA_16664,Valmaione 3,10.1755,45.8133,,,1,AIDA v5.0; IntCal20 calibrated; LocQual=A
archaeological_occupation,AIDA_16666,San Zeno,10.1829,45.7775,,,1,AIDA v5.0; IntCal20 calibrated; LocQual=A
archaeological_occupation,AIDA_16677,Tharros,8.4397,39.8733,,,2,AIDA v5.0; IntCal20 calibrated; LocQual=B
archaeological_occupation,AIDA_16681,"Monte Ansciano Alto, Gubbio",12.5929,43.3531,,,4,AIDA v5.0; IntCal20 calibrated; LocQual=A
archaeological_occupation,AIDA_16682,Chia,8.8806,38.9086,,,2,AIDA v5.0; IntCal20 calibrated; LocQual=B
archaeological_occupation,AIDA_16683,Isola Spargi,9.3477,41.2435,,,2,AIDA v5.0; IntCal20 calibrated; LocQual=B
archaeological_occupation,AIDA_16702,Frascole,11.5383,43.8816,,,1,AIDA v5.0; IntCal20 calibrated; LocQual=B
archaeological_occupation,AIDA_16708,"Grandi Magazzini di Traiano, Roma",12.267,41.779,,,1,AIDA v5.0; IntCal20 calibrated; LocQual=B
archaeological_occupation,AIDA_16710,"Aquileia, Udine",13.3712,45.7697,,,5,AIDA v5.0; IntCal20 calibrated; LocQual=B
archaeological_occupation,AIDA_16712,"Sant'Agostino, Gubbio",12.584,43.3497,,,1,AIDA v5.0; IntCal20 calibrated; LocQual=A
archaeological_occupation,AIDA_16855,Monte Giulio,12.2565,41.7871,,,4,AIDA v5.0; IntCal20 calibrated; LocQual=A
archaeological_occupation,AIDA_16858,Montisola,12.0531,42.5322,,,1,AIDA v5.0; IntCal20 calibrated; LocQual=C
archaeological_occupation,AIDA_16859,Narce,12.4142,42.2892,,,1,AIDA v5.0; IntCal20 calibrated; LocQual=A
archaeological_occupation,AIDA_16860,Necropolis of Cerveteri,12.1,42.0,,,1,AIDA v5.0; IntCal20 calibrated; LocQual=A
archaeological_occupation,AIDA_16865,"Parco ""I Forti"", Chiusi",11.9503,43.018,,,1,AIDA v5.0; IntCal20 calibrated; LocQual=A
archaeological_occupation,AIDA_16869,Pisa,10.4007,43.7186,,,4,AIDA v5.0; IntCal20 calibrated; LocQual=A
archaeological_occupation,AIDA_16871,Poggio Pietricci,11.3447,42.5044,,,1,AIDA v5.0; IntCal20 calibrated; LocQual=A
archaeological_occupation,AIDA_16874,Populonia-Baratti,10.5023,42.9901,,,9,AIDA v5.0; IntCal20 calibrated; LocQual=A
archaeological_occupation,AIDA_16883,"Roman Forum Regia, Roma",12.4855,41.892,,,14,AIDA v5.0; IntCal20 calibrated; LocQual=A
archaeological_occupation,AIDA_16886,"Rome, Colosseo",12.4919,41.8904,,,2,AIDA v5.0; IntCal20 calibrated; LocQual=A
archaeological_occupation,AIDA_16887,"Rome, Forum of Caesar",12.4848,41.892,,,1,AIDA v5.0; IntCal20 calibrated; LocQual=A
archaeological_occupation,AIDA_16889,"Rome, Ponte della Magliana",12.4579,41.8394,,,4,AIDA v5.0; IntCal20 calibrated; LocQual=A
archaeological_occupation,AIDA_16894,San Rocchino,10.3309,43.8577,,,9,AIDA v5.0; IntCal20 calibrated; LocQual=A
archaeological_occupation,AIDA_16899,"Tre Erici, Luni",11.9398,42.2267,,,2,AIDA v5.0; IntCal20 calibrated; LocQual=A
archaeological_occupation,AIDA_16900,"Via Por Santa Maria, Florence",11.2537,43.7686,,,1,AIDA v5.0; IntCal20 calibrated; LocQual=A
archaeological_occupation,AIDA_18046,Pralola Serra,14.85,40.9833,,,1,AIDA v5.0; IntCal20 calibrated; LocQual=A
archaeological_occupation,AIDA_18689,"Ulten, St. Walburg",11.0052,46.5497,,,7,AIDA v5.0; IntCal20 calibrated; LocQual=B
archaeological_occupation,AIDA_18722,"Maneidtal, Grubensee",10.5756,46.8177,,,2,AIDA v5.0; IntCal20 calibrated; LocQual=B
archaeological_occupation,AIDA_20141,"Campo Moro, Lanzada",9.9283,46.3019,,,1,AIDA v5.0; IntCal20 calibrated; LocQual=A
archaeological_occupation,AIDA_20142,"Campolungo, Bienno",10.4491,45.8746,,,2,AIDA v5.0; IntCal20 calibrated; LocQual=B
archaeological_occupation,AIDA_2414,Castellaro di Uscio,9.19,44.3961,,,1,AIDA v5.0; IntCal20 calibrated; LocQual=B
archaeological_occupation,AIDA_2450,Lago di Monate,8.6625,45.707,,,2,AIDA v5.0; IntCal20 calibrated; LocQual=A
archaeological_occupation,AIDA_2501,Tumulo 1 di Pian del Re,7.7288,43.8774,,,1,AIDA v5.0; IntCal20 calibrated; LocQual=B
archaeological_occupation,AIDA_25759,Duos Nuraghes,9.0129,40.1209,,,10,AIDA v5.0; IntCal20 calibrated; LocQual=A
archaeological_occupation,AIDA_25761,Salapia,15.959872,41.398574,,,3,AIDA v5.0; IntCal20 calibrated; LocQual=A
archaeological_occupation,AIDA_25762,San Giovanni Rotondo,15.733,41.7,,,2,AIDA v5.0; IntCal20 calibrated; LocQual=A
archaeological_occupation,AIDA_25827,Avola,15.1349,36.9095,,,1,AIDA v5.0; IntCal20 calibrated; LocQual=A
archaeological_occupation,AIDA_25852,Garigliano River at Minturno,13.7645,41.2283,,,3,AIDA v5.0; IntCal20 calibrated; LocQual=D
archaeological_occupation,AIDA_25853,Golfo di Procchio,10.2204,42.7894,,,1,AIDA v5.0; IntCal20 calibrated; LocQual=A
archaeological_occupation,AIDA_25855,Grotta del Santuario,16.1709,38.204,,,1,AIDA v5.0; IntCal20 calibrated; LocQual=A
archaeological_occupation,AIDA_25872,Langtaufers,10.6239,46.8295,,,1,AIDA v5.0; IntCal20 calibrated; LocQual=A
archaeological_occupation,AIDA_25876,Madre Chiesa,13.9464,37.099,,,1,AIDA v5.0; IntCal20 calibrated; LocQual=A
archaeological_occupation,AIDA_25878,Messina,15.554,38.1938,,,2,AIDA v5.0; IntCal20 calibrated; LocQual=A
archaeological_occupation,AIDA_25879,Michele di Valestra,10.6297,44.699,,,1,AIDA v5.0; IntCal20 calibrated; LocQual=A
archaeological_occupation,AIDA_25889,Nora,9.0159,38.9847,,,1,AIDA v5.0; IntCal20 calibrated; LocQual=A
archaeological_occupation,AIDA_25903,Nuraghe Iloi,8.899444,40.159444,,,3,AIDA v5.0; IntCal20 calibrated; LocQual=A
archaeological_occupation,AIDA_25909,Rome,12.4964,41.9028,,,1,AIDA v5.0; IntCal20 calibrated; LocQual=A
archaeological_occupation,AIDA_25935,Venice,12.3155,45.4408,,,3,AIDA v5.0; IntCal20 calibrated; LocQual=A
archaeological_occupation,AIDA_25964,La Starza (Ariano Irpino),15.0785,41.216,,,1,AIDA v5.0; IntCal20 calibrated; LocQual=A
archaeological_occupation,AIDA_25966,Pratola Serra,14.85,40.9833,,,1,AIDA v5.0; IntCal20 calibrated; LocQual=A
archaeological_occupation,AIDA_25979,"Grotta del Marinaio, Orosei",9.7166,40.3675,,,1,AIDA v5.0; IntCal20 calibrated; LocQual=A
archaeological_occupation,AIDA_25987,Pontecagnano,14.8769,40.6442,,,2,AIDA v5.0; IntCal20 calibrated; LocQual=A
archaeological_occupation,AIDA_25998,Tres Nuraghe di Bonorva,8.7611,40.4268,,,2,AIDA v5.0; IntCal20 calibrated; LocQual=A
archaeological_occupation,AIDA_26025,"Cathedral, Bergamo",9.662992,45.703418,,,2,AIDA v5.0; IntCal20 calibrated; LocQual=A
archaeological_occupation,AIDA_26027,"Domus dei Bragagnoli, Bergamo",9.662033,45.703961,,,1,AIDA v5.0; IntCal20 calibrated; LocQual=A
archaeological_occupation,AIDA_26030,Arma delle Anime,8.308929,44.179997,,,1,AIDA v5.0; IntCal20 calibrated; LocQual=B
archaeological_occupation,AIDA_2880,Artena,12.95,41.7167,,,8,AIDA v5.0; IntCal20 calibrated; LocQual=A
archaeological_occupation,AIDA_302,"Bule (Monte Viso), Oncino",7.1316,44.6343,,,1,AIDA v5.0; IntCal20 calibrated; LocQual=A
archaeological_occupation,AIDA_31001,Mont'e Prama,8.448278,39.965778,,,5,AIDA v5.0; IntCal20 calibrated; LocQual=A
archaeological_occupation,AIDA_31017,﻿Ossimo-Pat,10.22937,45.94584,,,4,AIDA v5.0; IntCal20 calibrated; LocQual=B
archaeological_occupation,AIDA_31021,Este Campo Sportivo,11.65965953,45.22607094,,,2,AIDA v5.0; IntCal20 calibrated; LocQual=A
archaeological_occupation,AIDA_31025,S`Urachi,8.582455,40.015424,,,2,AIDA v5.0; IntCal20 calibrated; LocQual=B
archaeological_occupation,AIDA_31045,Panarea,15.064509,38.637451,,,1,AIDA v5.0; IntCal20 calibrated; LocQual=B
archaeological_occupation,AIDA_31052,Lago delle Fate,7.13,44.23,,,1,AIDA v5.0; IntCal20 calibrated; LocQual=C
archaeological_occupation,AIDA_31054,Calicantone-Cava d'Ispica,14.839675,36.850312,,,2,AIDA v5.0; IntCal20 calibrated; LocQual=B
archaeological_occupation,AIDA_31059,Cavita 254-Orvieto,12.105149,42.71845307,,,1,AIDA v5.0; IntCal20 calibrated; LocQual=B
archaeological_occupation,AIDA_31077,Aosta-Via Roma,7.315135,45.741877,,,1,AIDA v5.0; IntCal20 calibrated; LocQual=A
archaeological_occupation,AIDA_31078,Aosta-Ospedale,7.315135,45.741877,,,8,AIDA v5.0; IntCal20 calibrated; LocQual=A
archaeological_occupation,AIDA_31087,Fontanazza Monte Grande,13.740502,37.457759,,,1,AIDA v5.0; IntCal20 calibrated; LocQual=B
archaeological_occupation,AIDA_3279,Alba,8.0309,44.6978,,,1,AIDA v5.0; IntCal20 calibrated; LocQual=B
archaeological_occupation,AIDA_3283,Montale,10.9096,44.5774,,,3,AIDA v5.0; IntCal20 calibrated; LocQual=A
archaeological_occupation,AIDA_3288,Bosca di Pacengo,10.7121,45.4669,,,2,AIDA v5.0; IntCal20 calibrated; LocQual=B
archaeological_occupation,AIDA_3333,Borgo Le Ferriere (Satricum),12.7551,41.5131,,,5,AIDA v5.0; IntCal20 calibrated; LocQual=A
archaeological_occupation,AIDA_3336,Caolino Necropolis,12.046,42.0559,,,1,AIDA v5.0; IntCal20 calibrated; LocQual=A
archaeological_occupation,AIDA_430,"Arene Candide, Finale Ligure",8.3283,44.1625,,,1,AIDA v5.0; IntCal20 calibrated; LocQual=A
archaeological_occupation,AIDA_4329,Potenza valley,13.6472,43.4086,,,1,AIDA v5.0; IntCal20 calibrated; LocQual=A
archaeological_occupation,AIDA_4367,Castiglione (Gabii),12.7169,41.8872,,,1,AIDA v5.0; IntCal20 calibrated; LocQual=A
archaeological_occupation,AIDA_4368,Celano-Paludi,13.5145,42.0527,,,1,AIDA v5.0; IntCal20 calibrated; LocQual=A
archaeological_occupation,AIDA_4369,"Colle dei Cappuccini, Ancona",13.5158,43.6228,,,1,AIDA v5.0; IntCal20 calibrated; LocQual=A
archaeological_occupation,AIDA_4447,Cosa,11.2865,42.4109,,,4,AIDA v5.0; IntCal20 calibrated; LocQual=A
archaeological_occupation,AIDA_445,Bric Tana,8.2178,44.3485,,,1,AIDA v5.0; IntCal20 calibrated; LocQual=B
archaeological_occupation,AIDA_4463,Tarquinia,11.7561,42.2492,,,1,AIDA v5.0; IntCal20 calibrated; LocQual=A
archaeological_occupation,AIDA_4495,"San Callixtus, Roma",12.5108,41.8589,,,8,AIDA v5.0; IntCal20 calibrated; LocQual=A
archaeological_occupation,AIDA_4515,"Firenze, San Reparata, Cattedrale Santa Maria del Fiore",11.256,43.7731,,,5,AIDA v5.0; IntCal20 calibrated; LocQual=A
archaeological_occupation,AIDA_5121,Vezzano Falacrinae,13.1706,42.5936,,,2,AIDA v5.0; IntCal20 calibrated; LocQual=B
archaeological_occupation,AIDA_5342,Botromagno,16.3955,40.8203,,,2,AIDA v5.0; IntCal20 calibrated; LocQual=A
archaeological_occupation,AIDA_5351,Vivara,13.9938,40.7445,,,1,AIDA v5.0; IntCal20 calibrated; LocQual=A
archaeological_occupation,AIDA_5471,Casa Cingolani,13.6772,43.3989,,,1,AIDA v5.0; IntCal20 calibrated; LocQual=B
archaeological_occupation,AIDA_5538,Poggiaccio,11.368,44.1578,,,1,AIDA v5.0; IntCal20 calibrated; LocQual=A
archaeological_occupation,AIDA_5543,Poggio Castelluccio,11.3855,44.1107,,,3,AIDA v5.0; IntCal20 calibrated; LocQual=A
archaeological_occupation,AIDA_5689,Toppo Daguzzo,15.6699,40.9801,,,1,AIDA v5.0; IntCal20 calibrated; LocQual=A
archaeological_occupation,AIDA_5713,Fondo Paviani,11.2878,45.1346,,,2,AIDA v5.0; IntCal20 calibrated; LocQual=A
archaeological_occupation,AIDA_6602,Lipari Island,14.9606,38.5061,,,2,AIDA v5.0; IntCal20 calibrated; LocQual=A
archaeological_occupation,AIDA_6675,Ordona,15.6266,41.3144,,,22,AIDA v5.0; IntCal20 calibrated; LocQual=A
archaeological_occupation,AIDA_6699,Le Muraglie,16.2632,39.0694,,,1,AIDA v5.0; IntCal20 calibrated; LocQual=A
archaeological_occupation,AIDA_6714,Torre Sgarrata,17.4026,40.3307,,,1,AIDA v5.0; IntCal20 calibrated; LocQual=A
archaeological_occupation,AIDA_6716,"Pian di Bezzo, Sarsina",12.1431,43.9194,,,1,AIDA v5.0; IntCal20 calibrated; LocQual=A
archaeological_occupation,AIDA_6745,Ca Morta,9.07,45.7904,,,3,AIDA v5.0; IntCal20 calibrated; LocQual=B
archaeological_occupation,AIDA_6746,Morgantina,14.4794,37.4308,,,8,AIDA v5.0; IntCal20 calibrated; LocQual=A
archaeological_occupation,AIDA_6750,Pizzica Pontanelle,16.7925,40.3903,,,4,AIDA v5.0; IntCal20 calibrated; LocQual=B
archaeological_occupation,AIDA_6831,"Grande Colette, La Thuile",6.951,45.7137,,,1,AIDA v5.0; IntCal20 calibrated; LocQual=B
archaeological_occupation,AIDA_7046,"Sant Peter and Marcellinus, Roma",12.5491,41.879,,,1,AIDA v5.0; IntCal20 calibrated; LocQual=B
archaeological_occupation,AIDA_7080,"Portus, Fiumicino",12.2562,41.7752,,,43,AIDA v5.0; IntCal20 calibrated; LocQual=A
archaeological_occupation,AIDA_7084,"Pian Del Bosco, Pré-Saint-Didier",6.9843,45.7623,,,6,AIDA v5.0; IntCal20 calibrated; LocQual=B
archaeological_occupation,AIDA_762,Lago di Ledro,10.7536,45.8769,,,1,AIDA v5.0; IntCal20 calibrated; LocQual=A
archaeological_occupation,AIDA_763,Monte Covolo,10.5833,45.5666,,,1,AIDA v5.0; IntCal20 calibrated; LocQual=B
archaeological_occupation,AIDA_7684,"Incoronata, Pisticci",16.55,40.3833,,,1,AIDA v5.0; IntCal20 calibrated; LocQual=A
archaeological_occupation,AIDA_7716,"Lac de Servaz, La Thuile",6.95,45.7,,,1,AIDA v5.0; IntCal20 calibrated; LocQual=D
archaeological_occupation,AIDA_7958,"Ostia, Fiumicino",12.2803,41.7533,,,41,AIDA v5.0; IntCal20 calibrated; LocQual=A
archaeological_occupation,AIDA_7969,"Abri Grande-Golette, La Thuile",6.9483,45.7172,,,1,AIDA v5.0; IntCal20 calibrated; LocQual=A
archaeological_occupation,AIDA_7993,"Girella, Bagnoreggio",12.0183,42.1183,,,1,AIDA v5.0; IntCal20 calibrated; LocQual=A
archaeological_occupation,AIDA_8016,"Plan Veyle, La Thuile",6.951,45.7137,,,1,AIDA v5.0; IntCal20 calibrated; LocQual=B
archaeological_occupation,AIDA_8509,"Petit-Saint-Bernard, Pré-Saint-Didier",6.9833,45.7667,,,2,AIDA v5.0; IntCal20 calibrated; LocQual=B
archaeological_occupation,AIDA_8536,"Site X, Galli Islands, Salerno",14.4347,40.5825,,,1,AIDA v5.0; IntCal20 calibrated; LocQual=A
archaeological_occupation,AIDA_8803,Albenga wreck,9.7921,44.2869,,,1,AIDA v5.0; IntCal20 calibrated; LocQual=A
archaeological_occupation,AIDA_9294,Stagno,10.3486,43.5895,,,1,AIDA v5.0; IntCal20 calibrated; LocQual=A
archaeological_occupation,AIDA_9371,Baratti,10.5171,42.9991,,,1,AIDA v5.0; IntCal20 calibrated; LocQual=A
archaeological_occupation,AIDA_969,Alba Fucens,13.409,42.0799,,,8,AIDA v5.0; IntCal20 calibrated; LocQual=A
archaeological_occupation,AIDA_9732,Parre,9.8871,45.8712,,,1,AIDA v5.0; IntCal20 calibrated; LocQual=B
archaeological_occupation,AIDA_9755,Molveno,10.9725,46.1523,,,1,AIDA v5.0; IntCal20 calibrated; LocQual=A
archaeological_occupation,AIDA_9798,Valle Lagorara,9.5258,44.3502,,,5,AIDA v5.0; IntCal20 calibrated; LocQual=A
archaeological_occupation,AIDA_9842,Pompeii,14.4879,40.7513,,,10,AIDA v5.0; IntCal20 calibrated; LocQual=B
archaeological_occupation,AIDA_9874,San Francesco del Deserto Isl,12.4175,45.4753,,,2,AIDA v5.0; IntCal20 calibrated; LocQual=B
archaeological_occupation,AIDA_9875,"Mazzorbo, Venice Lagoon",12.4087,45.4859,,,2,AIDA v5.0; IntCal20 calibrated; LocQual=B
archaeological_occupation,AIDA_9935,Lake Nemi,12.7049,41.7145,,,4,AIDA v5.0; IntCal20 calibrated; LocQual=A
archaeological_occupation,AIDA_9946,Francavilla marittima,16.3956,39.8169,,,3,AIDA v5.0; IntCal20 calibrated; LocQual=A
mining_production,1468,Bottino,10.26005,43.98969,-750.0,300.0,,"OxREP Mines v3.0; optional/sparse, excluded from default composite"
mining_production,1484,Arbus,8.59895,39.52705,-330.0,300.0,,"OxREP Mines v3.0; optional/sparse, excluded from default composite"
mining_production,1497,Lula,9.48586,40.47001,-330.0,300.0,,"OxREP Mines v3.0; optional/sparse, excluded from default composite"
mining_production,1499,Villacidro,8.73861,39.45873,-330.0,300.0,,"OxREP Mines v3.0; optional/sparse, excluded from default composite"
ancient_port,753,"Olbia, Roman port",9.5031,40.9275,-330,0,1,Ancient Ports catalogue; persistent after foundation in model
ancient_port,753.1,"Olbia, Punic port and Roman port",9.5057,40.9232,-750,0,1,Ancient Ports catalogue; persistent after foundation in model
ancient_port,754,Coclearia ,9.675812,40.784988,-30,0,1,Ancient Ports catalogue; persistent after foundation in model
ancient_port,755,"Pheronia, Feronia ",9.722893,40.639368,-30,0,1,Ancient Ports catalogue; persistent after foundation in model
ancient_port,756,Portus Liguidonis,9.751357,40.616236,-30,0,1,Ancient Ports catalogue; persistent after foundation in model
ancient_port,756.1,Outlet of R Kaidris,9.734,40.373,-1500,0,1,Ancient Ports catalogue; persistent after foundation in model
ancient_port,757,"Sulcis, Sulpicius, Supicius ",9.706108,39.912462,-330,0,1,Ancient Ports catalogue; persistent after foundation in model
ancient_port,758,Custodia Rubriensis ,9.686434,39.833966,-30,0,1,Ancient Ports catalogue; persistent after foundation in model
ancient_port,761,"Sarcapos, Sarpach, on R Saipros",9.631611,39.425626,-30,0,1,Ancient Ports catalogue; persistent after foundation in model
ancient_port,762,Caralitanum Prom.,9.516373,39.11649,-330,0,1,Ancient Ports catalogue; persistent after foundation in model
ancient_port,764,,9.27361,39.21267,-30,0,1,Ancient Ports catalogue; persistent after foundation in model
ancient_port,765,"Caralis, Carales, on R Sulcis",9.112387,39.211683,-750,0,1,Ancient Ports catalogue; persistent after foundation in model
ancient_port,766,,9.10834,39.22054,-30,0,1,Ancient Ports catalogue; persistent after foundation in model
ancient_port,766.1,,9.005325,39.095552,-1500,0,1,Ancient Ports catalogue; persistent after foundation in model
ancient_port,766.2,,9.0236,39.0619,-1500,0,1,Ancient Ports catalogue; persistent after foundation in model
ancient_port,767,Nora ,9.01444,38.987048,-750,0,1,Ancient Ports catalogue; persistent after foundation in model
ancient_port,768,Nora ,9.012555,38.984715,-750,0,1,Ancient Ports catalogue; persistent after foundation in model
ancient_port,769,Nora ,9.012066,38.988036,-750,0,1,Ancient Ports catalogue; persistent after foundation in model
ancient_port,769.1,"Littus anneum, Aigialos Proseches?",8.9971,38.9843,-30,0,1,Ancient Ports catalogue; persistent after foundation in model
ancient_port,770,"Bitia, Bithia, Bioea ",8.8849,38.8956,-750,0,1,Ancient Ports catalogue; persistent after foundation in model
ancient_port,772.1,,8.7779,38.9083,-30,0,1,Ancient Ports catalogue; persistent after foundation in model
ancient_port,773,"Port of Tegulitia, Tegula ",8.7236,38.9347,-30,0,1,Ancient Ports catalogue; persistent after foundation in model
ancient_port,778,"Sulcis, Solci (export of copper?)",8.462004,39.06534,-750,0,1,Ancient Ports catalogue; persistent after foundation in model
ancient_port,779,Enosis insula,8.321367,39.140566,-30,0,1,Ancient Ports catalogue; persistent after foundation in model
ancient_port,780,,8.4887,39.1774,-750,0,1,Ancient Ports catalogue; persistent after foundation in model
ancient_port,781,Metalla? ,8.5002,39.394,-500,0,1,Ancient Ports catalogue; persistent after foundation in model
ancient_port,781.1,,8.4601,39.5681,-7000,0,1,Ancient Ports catalogue; persistent after foundation in model
ancient_port,782.1,,8.4946,39.7145,-30,0,1,Ancient Ports catalogue; persistent after foundation in model
ancient_port,783,,8.60514,39.72744,-330,0,1,Ancient Ports catalogue; persistent after foundation in model
ancient_port,784,,8.6645,39.78592,-30,0,1,Ancient Ports catalogue; persistent after foundation in model
ancient_port,785,,8.5822,39.7945,-30,0,1,Ancient Ports catalogue; persistent after foundation in model
ancient_port,786,"Othaia, Othoca, on R Thyrsos",8.60849,39.86957,-750,0,1,Ancient Ports catalogue; persistent after foundation in model
ancient_port,786.1,,8.495,39.925,-4500,0,1,Ancient Ports catalogue; persistent after foundation in model
ancient_port,787,"Tarrai, Tharros, Tarrhos, Punic port",8.44,39.892,-750,0,1,Ancient Ports catalogue; persistent after foundation in model
ancient_port,787.1,"Tarrai, Tharros, Tarrhos, possible Nuragic port",8.4416,39.8789,-1500,0,1,Ancient Ports catalogue; persistent after foundation in model
ancient_port,788,"Tarrai, Tharros, Tarrhos",8.437959,39.859288,-750,0,1,Ancient Ports catalogue; persistent after foundation in model
ancient_port,788.1,,8.3936,39.9725,-1200,0,1,Ancient Ports catalogue; persistent after foundation in model
ancient_port,788.2,,8.3066,39.988,-1200,0,1,Ancient Ports catalogue; persistent after foundation in model
ancient_port,789,"Coracodes, Korakodes portus",8.409895,40.043873,-1200,0,1,Ancient Ports catalogue; persistent after foundation in model
ancient_port,790,"Cornus, Kornos",8.490364,40.087832,-330,0,1,Ancient Ports catalogue; persistent after foundation in model
ancient_port,791,"Bosa, on R Temos",8.469417,40.284535,-330,0,1,Ancient Ports catalogue; persistent after foundation in model
ancient_port,792,"Carbia, Garbia ",8.306281,40.569916,-30,0,1,Ancient Ports catalogue; persistent after foundation in model
ancient_port,793,Nymphaeus portus ,8.189645,40.616568,-750,0,1,Ancient Ports catalogue; persistent after foundation in model
ancient_port,794,Nure ,8.19785,40.682966,-30,0,1,Ancient Ports catalogue; persistent after foundation in model
ancient_port,796,"Turris Libyssonis, Libisonis",8.3918,40.8368,-330,0,1,Ancient Ports catalogue; persistent after foundation in model
ancient_port,796.1,"Turris Libyssonis, Libisonis",8.3941,40.8391,-330,0,1,Ancient Ports catalogue; persistent after foundation in model
ancient_port,796.2,"Turris Libyssonis, Libisonis",8.4016,40.8392,-330,0,1,Ancient Ports catalogue; persistent after foundation in model
ancient_port,796.3,"Turris Libyssonis, Libisonis",8.4089,40.8389,-330,0,1,Ancient Ports catalogue; persistent after foundation in model
ancient_port,797,,8.62901,40.87198,-30,0,1,Ancient Ports catalogue; persistent after foundation in model
ancient_port,798,,8.68912,40.90308,-30,0,1,Ancient Ports catalogue; persistent after foundation in model
ancient_port,799,Portus Tibulae ,8.706077,40.916939,-30,0,1,Ancient Ports catalogue; persistent after foundation in model
ancient_port,800,Viniolae,9.060096,41.129461,-30,0,1,Ancient Ports catalogue; persistent after foundation in model
ancient_port,801,,9.1609,41.2404,-330,0,1,Ancient Ports catalogue; persistent after foundation in model
ancient_port,802,Tibula?,9.195259,41.237221,-30,0,1,Ancient Ports catalogue; persistent after foundation in model
ancient_port,803,"Turublum Minus, Lamos?, Telepylos?, possible port of the Laestrygonians and stopover of Odysseus, near famous Arktou Akra Prom.",9.275693,41.199135,-1500,0,1,Ancient Ports catalogue; persistent after foundation in model
ancient_port,805,Elefantaria,9.444,41.105,-30,0,1,Ancient Ports catalogue; persistent after foundation in model
ancient_port,811,,7.564,43.7902,-30,0,1,Ancient Ports catalogue; persistent after foundation in model
ancient_port,811.1,"Vintimilio plagia, Album Intermilium, Albintimilium",7.6252,43.7893,-550,0,1,Ancient Ports catalogue; persistent after foundation in model
ancient_port,812,,7.75954,43.80824,-30,0,1,Ancient Ports catalogue; persistent after foundation in model
ancient_port,813,Matutia,7.7807,43.8147,-30,0,1,Ancient Ports catalogue; persistent after foundation in model
ancient_port,814,,7.83858,43.82099,-30,0,1,Ancient Ports catalogue; persistent after foundation in model
ancient_port,816,"Portus Mauritii, Portu Maurici ",8.0207,43.8737,-30,0,1,Ancient Ports catalogue; persistent after foundation in model
ancient_port,817,Lucus Bormani ,8.0859,43.9068,-30,0,1,Ancient Ports catalogue; persistent after foundation in model
ancient_port,818,"Albingauno, Albenganum ",8.2133,44.047,-550,0,1,Ancient Ports catalogue; persistent after foundation in model
ancient_port,819,Pullopice,8.342,44.164,-30,0,1,Ancient Ports catalogue; persistent after foundation in model
ancient_port,821,"Vada Sabatia, Vadis Savadis",8.4359,44.2693,-100,0,1,Ancient Ports catalogue; persistent after foundation in model
ancient_port,823,"Savo, Vicus Virginis? ",8.479161,44.296439,-330,0,1,Ancient Ports catalogue; persistent after foundation in model
ancient_port,824,Alba Docilia ,8.51187,44.33385,-30,0,1,Ancient Ports catalogue; persistent after foundation in model
ancient_port,826,Ad Navalia ,8.633105,44.37737,-30,0,1,Ancient Ports catalogue; persistent after foundation in model
ancient_port,827,Hasta ,8.744872,44.422373,-30,0,1,Ancient Ports catalogue; persistent after foundation in model
ancient_port,828,Sestri Ponente ,8.867501,44.395427,-30,0,1,Ancient Ports catalogue; persistent after foundation in model
ancient_port,829,Genua,8.9284,44.411,-600,0,1,Ancient Ports catalogue; persistent after foundation in model
ancient_port,830,"archaic landing place of Genua, Etruscan Cainua?",8.94388,44.409,-1000,0,1,Ancient Ports catalogue; persistent after foundation in model
ancient_port,832,Delphinis ,9.1526,44.349,-30,0,1,Ancient Ports catalogue; persistent after foundation in model
ancient_port,833,"Portu Delphini, Port du Dauphin ",9.211589,44.302575,-30,0,1,Ancient Ports catalogue; persistent after foundation in model
ancient_port,835,Tegulata ,9.338812,44.299149,-30,0,1,Ancient Ports catalogue; persistent after foundation in model
ancient_port,836,"Segesta, Tigulliorum ",9.389291,44.273009,-30,0,1,Ancient Ports catalogue; persistent after foundation in model
ancient_port,837,Ad Monilia ,9.484384,44.234533,-30,0,1,Ancient Ports catalogue; persistent after foundation in model
ancient_port,838,Antion ,9.546199,44.202859,-550,0,1,Ancient Ports catalogue; persistent after foundation in model
ancient_port,839,Portus Veneris ,9.833473,44.049041,-30,0,1,Ancient Ports catalogue; persistent after foundation in model
ancient_port,840,,9.841662,44.063586,-100,0,1,Ancient Ports catalogue; persistent after foundation in model
ancient_port,844,"Portus Lunae, Lune, Selene, Etruscan Luna, near R Macra  (export of white marble)",10.0152,44.0608,-330,0,1,Ancient Ports catalogue; persistent after foundation in model
ancient_port,846,Fossae Papirianae,10.16,43.951,-30,0,1,Ancient Ports catalogue; persistent after foundation in model
ancient_port,847,,10.28083,43.87307,-750,0,1,Ancient Ports catalogue; persistent after foundation in model
ancient_port,848,,10.3602,43.83659,-330,0,1,Ancient Ports catalogue; persistent after foundation in model
ancient_port,849,,10.32724,43.76764,-750,0,1,Ancient Ports catalogue; persistent after foundation in model
ancient_port,850,,10.33555,43.73476,-750,0,1,Ancient Ports catalogue; persistent after foundation in model
ancient_port,851,"Port of Pise, Pisa, Etruscan Pisna, Peithusa, Pithsa, on ancient R Auser, near R Arnus",10.3862,43.7211,-550,0,1,Ancient Ports catalogue; persistent after foundation in model
ancient_port,852,,10.346,43.68,-30,0,1,Ancient Ports catalogue; persistent after foundation in model
ancient_port,853,,10.3934,43.6386,-5000,0,1,Ancient Ports catalogue; persistent after foundation in model
ancient_port,854,"Triturrita? Turrita? Near Portus Pisanus, Pisarum emporio, Liburnus Portus, Portus Herculis Liburni, Portus Labro, Etruscan Liburna",10.3343,43.5733,-5000,0,1,Ancient Ports catalogue; persistent after foundation in model
ancient_port,855,,10.4182,43.4022,-330,0,1,Ancient Ports catalogue; persistent after foundation in model
ancient_port,856,"Vadis, Vada Volaterrana ",10.44801,43.35981,-330,0,1,Ancient Ports catalogue; persistent after foundation in model
ancient_port,857,"Caecina, Etruscan Ceicna, Caicni",10.5106,43.3099,-30,0,1,Ancient Ports catalogue; persistent after foundation in model
ancient_port,858.1,,10.531,43.099,-5000,0,1,Ancient Ports catalogue; persistent after foundation in model
ancient_port,859,"Populonio, Poplonium, Etruscan Fufluna, Pupluna",10.5014,42.9924,-750,0,1,Ancient Ports catalogue; persistent after foundation in model
ancient_port,859.1,,10.4895,42.9881,-50,0,1,Ancient Ports catalogue; persistent after foundation in model
ancient_port,860,"Falesia, Porto Falese ",10.559041,42.934297,-5000,0,1,Ancient Ports catalogue; persistent after foundation in model
ancient_port,861,,10.67991,42.9663,-330,0,1,Ancient Ports catalogue; persistent after foundation in model
ancient_port,862,Etruscan Fullona,10.757,42.917,-700,0,1,Ancient Ports catalogue; persistent after foundation in model
ancient_port,863,,10.787,42.89577,-30,0,1,Ancient Ports catalogue; persistent after foundation in model
ancient_port,866,"Ilva, Aithalia, Ethalie ",10.273798,42.770152,-5000,0,1,Ancient Ports catalogue; persistent after foundation in model
ancient_port,867,"Argous portus, Argoos, ",10.329861,42.813066,-750,0,1,Ancient Ports catalogue; persistent after foundation in model
ancient_port,872,Planasia insula,10.082156,42.582969,-330,0,1,Ancient Ports catalogue; persistent after foundation in model
ancient_port,873,,10.09386,42.59297,-5000,0,1,Ancient Ports catalogue; persistent after foundation in model
ancient_port,876,Salebro,10.8868,42.765,-30,0,1,Ancient Ports catalogue; persistent after foundation in model
ancient_port,878,,11.13614,42.56418,-30,0,1,Ancient Ports catalogue; persistent after foundation in model
ancient_port,880,R Alminia,11.20724,42.49566,-30,0,1,Ancient Ports catalogue; persistent after foundation in model
ancient_port,880.1,,11.173,42.431,-1000,0,1,Ancient Ports catalogue; persistent after foundation in model
ancient_port,881,"Domitiana positio, Portus Domitianus ",11.152682,42.436562,-30,0,1,Ancient Ports catalogue; persistent after foundation in model
ancient_port,882,Incitaria?,11.1166,42.4396,-30,0,1,Ancient Ports catalogue; persistent after foundation in model
ancient_port,884.1,,10.922725,42.3593,-330,0,1,Ancient Ports catalogue; persistent after foundation in model
ancient_port,885,Oglasa insula,10.309211,42.331958,-5000,0,1,Ancient Ports catalogue; persistent after foundation in model
ancient_port,886,"Portu Herculis, Port of Hercules",11.2086,42.3912,-330,0,1,Ancient Ports catalogue; persistent after foundation in model
ancient_port,888,,11.242,42.4459,-30,0,1,Ancient Ports catalogue; persistent after foundation in model
ancient_port,888.1,,11.2774,42.4201,-1000,0,1,Ancient Ports catalogue; persistent after foundation in model
ancient_port,889,"Artemisia, Dianium insula",11.103834,42.253963,-30,0,1,Ancient Ports catalogue; persistent after foundation in model
ancient_port,890,"Villa Domitia, on Artemisia, Dianium insula",11.096265,42.25423,-30,0,1,Ancient Ports catalogue; persistent after foundation in model
ancient_port,891,"Cosa, Cossae, Portus Herculis Cosanus, Etruscan Cusi, Cuthi",11.293827,42.40709,-330,0,1,Ancient Ports catalogue; persistent after foundation in model
ancient_port,891.1,,11.38,42.4,-30,0,1,Ancient Ports catalogue; persistent after foundation in model
ancient_port,892,"R Arnine, Armenta, port of Vulci, Etruscan Velch, Velx",11.5856,42.3251,-30,0,1,Ancient Ports catalogue; persistent after foundation in model
ancient_port,893,"Regis, Regae ",11.6041,42.3122,-750,0,1,Ancient Ports catalogue; persistent after foundation in model
ancient_port,894,Quintiana,11.6518,42.2824,-30,0,1,Ancient Ports catalogue; persistent after foundation in model
ancient_port,895,"Martanum, Maltano, Etruscan port",11.6783,42.2493,-30,0,1,Ancient Ports catalogue; persistent after foundation in model
ancient_port,896,"Graviscae, port of Tarquinia, Etruscan Tarchuna, Tarchna, possible first settlement of Etruscan people",11.7066,42.2144,-750,0,1,Ancient Ports catalogue; persistent after foundation in model
ancient_port,897,Rapinium,11.737,42.167,-30,0,1,Ancient Ports catalogue; persistent after foundation in model
ancient_port,898,"Algae, Etruscan port",11.75841,42.12394,-30,0,1,Ancient Ports catalogue; persistent after foundation in model
ancient_port,899.1,,11.78,42.106,-30,0,1,Ancient Ports catalogue; persistent after foundation in model
ancient_port,901,,11.803,42.074,-30,0,1,Ancient Ports catalogue; persistent after foundation in model
ancient_port,902,,11.81967,42.0487,-30,0,1,Ancient Ports catalogue; persistent after foundation in model
ancient_port,902.1,,11.8243,42.0446,-500,0,1,Ancient Ports catalogue; persistent after foundation in model
ancient_port,903,"Castrum Novum (port of Caere, Coere, Agylla), Etruscan port",11.8305,42.0383,-287,0,1,Ancient Ports catalogue; persistent after foundation in model
ancient_port,904.1,Punicum ,11.8715,42.035,-330,0,1,Ancient Ports catalogue; persistent after foundation in model
ancient_port,905,,11.903,42.0398,-30,0,1,Ancient Ports catalogue; persistent after foundation in model
ancient_port,905.1,,11.9354,42.0288,-30,0,1,Ancient Ports catalogue; persistent after foundation in model
ancient_port,906,"Pyrgoi, Pyrgi (also called The Towers), port of Agylle, Caere, Etruscan Chaire, Caisra, Cisra",11.9565,42.0152,-750,0,1,Ancient Ports catalogue; persistent after foundation in model
ancient_port,906.1,"Pyrgoi, Pyrgi (also called The Towers), port of Agylle, Caere, Etruscan Chaire, Caisra, Cisra",11.9604,42.015,-750,0,1,Ancient Ports catalogue; persistent after foundation in model
ancient_port,906.2,Etruscan submerged structure,11.977,41.9957,-750,0,1,Ancient Ports catalogue; persistent after foundation in model
ancient_port,908,,12.0493,41.9555,-30,0,1,Ancient Ports catalogue; persistent after foundation in model
ancient_port,909,"Alsium, port of Agylla, Caere, Coere, Etruscan Chaire, Caisra",12.100837,41.932961,-750,0,1,Ancient Ports catalogue; persistent after foundation in model
ancient_port,910,,12.1253,41.9271,-330,0,1,Ancient Ports catalogue; persistent after foundation in model
ancient_port,911,,12.1424,41.9128,-330,0,1,Ancient Ports catalogue; persistent after foundation in model
ancient_port,912,"Fregenae, Etruscan Ficrine",12.18341,41.853058,-330,0,1,Ancient Ports catalogue; persistent after foundation in model
ancient_port,916,"Ostia, port of Rome",12.279848,41.75343,-640,0,1,Ancient Ports catalogue; persistent after foundation in model
ancient_port,917,Ostia,12.290905,41.75752,-750,0,1,Ancient Ports catalogue; persistent after foundation in model
ancient_port,921,Ficana,12.35306,41.80187,-750,0,1,Ancient Ports catalogue; persistent after foundation in model
ancient_port,922,Portus Vicus Alexandri,12.471443,41.847394,-330,0,1,Ancient Ports catalogue; persistent after foundation in model
ancient_port,930,"Portus Tiberinus, near Pons Aemilius, oldest archaic port of Rome, close to Foro Romano and Horrea Agrippiana",12.4809,41.8892,-753,0,1,Ancient Ports catalogue; persistent after foundation in model
ancient_port,932,,12.3125,41.7446,-30,0,1,Ancient Ports catalogue; persistent after foundation in model
ancient_port,932.1,,12.3468,41.7111,-30,0,1,Ancient Ports catalogue; persistent after foundation in model
ancient_port,933,,12.3637,41.7004,-30,0,1,Ancient Ports catalogue; persistent after foundation in model
ancient_port,934,"Praetorium de Laurentum, Laureta, Loreta",12.3915,41.6809,-30,0,1,Ancient Ports catalogue; persistent after foundation in model
ancient_port,934.1,,12.3984,41.6735,-30,0,1,Ancient Ports catalogue; persistent after foundation in model
ancient_port,935,Troia?,12.4685,41.6137,-550,0,1,Ancient Ports catalogue; persistent after foundation in model
ancient_port,936,,12.4732,41.61634,-30,0,1,Ancient Ports catalogue; persistent after foundation in model
ancient_port,937,,12.4988,41.5912,-30,0,1,Ancient Ports catalogue; persistent after foundation in model
ancient_port,938,Castrum Inui,12.5113,41.5803,-750,0,1,Ancient Ports catalogue; persistent after foundation in model
ancient_port,939,Lacus Nemorensis (Caligula's Naumachies),12.7,41.70552,-30,0,1,Ancient Ports catalogue; persistent after foundation in model
ancient_port,940,Lacus Albanus (Caligula's Naumachies),12.668608,41.745241,-30,0,1,Ancient Ports catalogue; persistent after foundation in model
ancient_port,942,,12.5869,41.4859,-30,0,1,Ancient Ports catalogue; persistent after foundation in model
ancient_port,943,"Antium, Nero's port, Etruscan Anth? Caenon?",12.628393,41.442702,-750,0,1,Ancient Ports catalogue; persistent after foundation in model
ancient_port,944,,12.65254,41.45554,-30,0,1,Ancient Ports catalogue; persistent after foundation in model
ancient_port,945,,12.65607,41.45583,-30,0,1,Ancient Ports catalogue; persistent after foundation in model
ancient_port,946,Caenon?,12.66064,41.45612,-30,0,1,Ancient Ports catalogue; persistent after foundation in model
ancient_port,946.1,,12.7299,41.4315,-30,0,1,Ancient Ports catalogue; persistent after foundation in model
ancient_port,949,"Astura, Storas, on R Astura",12.767198,41.407351,-330,0,1,Ancient Ports catalogue; persistent after foundation in model
ancient_port,950,Clostra Romana ,12.868416,41.401924,-30,0,1,Ancient Ports catalogue; persistent after foundation in model
ancient_port,951,Ad Turres Albas ,12.91288,41.375768,-330,0,1,Ancient Ports catalogue; persistent after foundation in model
ancient_port,952,,13.0396,41.2684,-30,0,1,Ancient Ports catalogue; persistent after foundation in model
ancient_port,953,"Port of Circei, Circe, Eea, Aeaea, Aiaia, Aia insula?, possible stopover for Odysseus",13.04425,41.253072,-330,0,1,Ancient Ports catalogue; persistent after foundation in model
ancient_port,954,"Circei, Circaeum Prom., Kirkaion, outlet of Nero's Fossa Augusta",13.1052,41.2405,-550,0,1,Ancient Ports catalogue; persistent after foundation in model
ancient_port,955,"Terracina, Tarracina, Anxur, Etruscan Tarchna, Tarkina",13.2545,41.286,-500,0,1,Ancient Ports catalogue; persistent after foundation in model
ancient_port,956,Fundi,13.42926,41.35738,-330,0,1,Ancient Ports catalogue; persistent after foundation in model
ancient_port,957,Pontia insula,12.964786,40.894781,-750,0,1,Ancient Ports catalogue; persistent after foundation in model
ancient_port,958,Pandataria insula,13.433896,40.797822,-30,0,1,Ancient Ports catalogue; persistent after foundation in model
ancient_port,958.2,Pandataria insula,13.4348,40.7968,-30,0,1,Ancient Ports catalogue; persistent after foundation in model
ancient_port,960,Speluncae ,13.432844,41.253212,-30,0,1,Ancient Ports catalogue; persistent after foundation in model
ancient_port,961,Villa Tiberii ,13.449773,41.250255,-30,0,1,Ancient Ports catalogue; persistent after foundation in model
ancient_port,961.1,,13.4547,41.249,-100,0,1,Ancient Ports catalogue; persistent after foundation in model
ancient_port,961.2,,13.4879,41.235,-70,0,1,Ancient Ports catalogue; persistent after foundation in model
ancient_port,961.3,,13.512,41.224,-100,0,1,Ancient Ports catalogue; persistent after foundation in model
ancient_port,962,"Caiete, Caieta, Caeatas, Aeete, Etruscan Caithi",13.586,41.211,-330,0,1,Ancient Ports catalogue; persistent after foundation in model
ancient_port,962.1,,13.55314,41.20846,-30,0,1,Ancient Ports catalogue; persistent after foundation in model
ancient_port,962.2,,13.5705,41.231,-30,0,1,Ancient Ports catalogue; persistent after foundation in model
ancient_port,962.3,,13.5753,41.2405,-30,0,1,Ancient Ports catalogue; persistent after foundation in model
ancient_port,962.4,,13.591,41.2476,-30,0,1,Ancient Ports catalogue; persistent after foundation in model
ancient_port,962.5,,13.5956,41.2485,-30,0,1,Ancient Ports catalogue; persistent after foundation in model
ancient_port,963,,13.5981,41.25082,-30,0,1,Ancient Ports catalogue; persistent after foundation in model
ancient_port,964,"Formiae, Formies, Hormies ",13.6057,41.253,-330,0,1,Ancient Ports catalogue; persistent after foundation in model
ancient_port,965,"Formiae, Formies, Hormies ",13.608778,41.255461,-30,0,1,Ancient Ports catalogue; persistent after foundation in model
ancient_port,965.1,"Formiae, Formies, Hormies ",13.6116,41.2578,-30,0,1,Ancient Ports catalogue; persistent after foundation in model
ancient_port,966,,13.675,41.2479,-330,0,1,Ancient Ports catalogue; persistent after foundation in model
ancient_port,967,Pyrae?,13.703677,41.250662,-330,0,1,Ancient Ports catalogue; persistent after foundation in model
ancient_port,968,"Minturnae, on via Appia, with Pons Tirenus bridge on R Liris",13.7709,41.241,-296,0,1,Ancient Ports catalogue; persistent after foundation in model
ancient_port,968.1,"Marica temple, sea-port of Minturnae",13.7645,41.2265,-700,0,1,Ancient Ports catalogue; persistent after foundation in model
ancient_port,969,,13.8408,41.15847,-330,0,1,Ancient Ports catalogue; persistent after foundation in model
ancient_port,970,"Sinuessa, Sinuesa, Sinope",13.85,41.14944,-550,0,1,Ancient Ports catalogue; persistent after foundation in model
ancient_port,971,,13.86509,41.12983,-30,0,1,Ancient Ports catalogue; persistent after foundation in model
ancient_port,972,Aquae Sinuessanae & Pagus Sarclanus?,13.9125,41.1228,-330,0,1,Ancient Ports catalogue; persistent after foundation in model
ancient_port,973,"Volturnum, on R Vulturnus",13.92,41.0186,-550,0,1,Ancient Ports catalogue; persistent after foundation in model
ancient_port,974,"Liternum, Linternum, port of the Osci, Oskoi, Osques, Opici, Aurunci, Ausones",14.029903,40.921334,-330,0,1,Ancient Ports catalogue; persistent after foundation in model
ancient_port,975,"Cumae, Cumes, Kyme",14.051265,40.846657,-750,0,1,Ancient Ports catalogue; persistent after foundation in model
ancient_port,977,"Pithekoussai, Pithecusae, Etruscan Inarime, first Greek (Euboian) settlement in Italy",13.885913,40.754297,-750,0,1,Ancient Ports catalogue; persistent after foundation in model
ancient_port,978,,13.879064,40.696687,-700,0,1,Ancient Ports catalogue; persistent after foundation in model
ancient_port,978.1,"Procita, Prochyta insula",14.016731,40.759068,-700,0,1,Ancient Ports catalogue; persistent after foundation in model
ancient_port,978.2,,13.992,40.74,-1500,0,1,Ancient Ports catalogue; persistent after foundation in model
ancient_port,979,,14.0836,40.7842,-60,0,1,Ancient Ports catalogue; persistent after foundation in model
ancient_port,979.1,,14.0888,40.7869,-30,0,1,Ancient Ports catalogue; persistent after foundation in model
ancient_port,980,"Misenos, Misenum, Misene, home port of Classis Misenensis fleet as from 12 BC",14.085,40.79,-12,0,1,Ancient Ports catalogue; persistent after foundation in model
ancient_port,980.1,"Misenos, Misenum, Misene, Inner harbour",14.073,40.793,-12,0,1,Ancient Ports catalogue; persistent after foundation in model
ancient_port,981,"Misenos, Misenum, Misene ",14.089871,40.788295,-12,0,1,Ancient Ports catalogue; persistent after foundation in model
ancient_port,982,"Misenos, Misenum, Misene ",14.089078,40.789763,-12,0,1,Ancient Ports catalogue; persistent after foundation in model
ancient_port,983,"Misenos, Misenum, Misene ",14.0829,40.79024,-12,0,1,Ancient Ports catalogue; persistent after foundation in model
ancient_port,984,"Misenos, Misenum, Misene ",14.08524,40.7914,-12,0,1,Ancient Ports catalogue; persistent after foundation in model
ancient_port,984.1,"Misenos, Misenum, Misene ",14.088,40.7931,-30,0,1,Ancient Ports catalogue; persistent after foundation in model
ancient_port,984.2,Thermae,14.0853,40.7984,-30,0,1,Ancient Ports catalogue; persistent after foundation in model
ancient_port,984.3,Bauli,14.0831,40.8,-30,0,1,Ancient Ports catalogue; persistent after foundation in model
ancient_port,985,Bauli,14.08134,40.80286,-30,0,1,Ancient Ports catalogue; persistent after foundation in model
ancient_port,985.1,Bauli,14.0829,40.809,-30,0,1,Ancient Ports catalogue; persistent after foundation in model
ancient_port,985.2,Bauli,14.083,40.8111,-30,0,1,Ancient Ports catalogue; persistent after foundation in model
ancient_port,985.3,Bauli,14.0766,40.8126,-30,0,1,Ancient Ports catalogue; persistent after foundation in model
ancient_port,986,"Baiae, Baïes, with access to Portus Baianus, on Lacus Baianus",14.0775,40.8183,-30,0,1,Ancient Ports catalogue; persistent after foundation in model
ancient_port,986.1,,14.0796,40.8205,-30,0,1,Ancient Ports catalogue; persistent after foundation in model
ancient_port,987,"Access to Portus Iulius, Julius, port of Julien, on Lacus Lucrinus, used by Agrippa as a naval base from 37 BC to 12 BC",14.094706,40.82648,-37,0,1,Ancient Ports catalogue; persistent after foundation in model
ancient_port,988,"Navale di Agrippa, on Lacus Avernus, Odysseus' stopover at the Halls of Hades possibly in this area",14.07598,40.837969,-37,0,1,Ancient Ports catalogue; persistent after foundation in model
ancient_port,991,"Puteoli, Dikaiarcheia, Dicearque, Flavia Colonia Augusta Puteoli, Delus Minor, in the Campi Phlegraei volcano district",14.1154,40.8216,-750,0,1,Ancient Ports catalogue; persistent after foundation in model
ancient_port,994,Imperial Villa of Pausilypon ,14.1883,40.793,-30,0,1,Ancient Ports catalogue; persistent after foundation in model
ancient_port,994.1,Imperial Villa of Pausilypon ,14.1917,40.7934,-30,0,1,Ancient Ports catalogue; persistent after foundation in model
ancient_port,995,Imperial Villa of Pausilypon ,14.1919,40.7947,-30,0,1,Ancient Ports catalogue; persistent after foundation in model
ancient_port,995.1,,14.2071,40.8024,-30,0,1,Ancient Ports catalogue; persistent after foundation in model
ancient_port,997,"Parthenope, Neapolis",14.2522,40.8398,-750,0,1,Ancient Ports catalogue; persistent after foundation in model
ancient_port,997.1,Neapolis ,14.25462,40.83927,-600,0,1,Ancient Ports catalogue; persistent after foundation in model
ancient_port,998,Neapolis ,14.2524,40.83926,-600,0,1,Ancient Ports catalogue; persistent after foundation in model
ancient_port,999,,14.3446,40.8079,-50,0,1,Ancient Ports catalogue; persistent after foundation in model
ancient_port,999.1,"Herculaneum, Etruscan Herclena",14.35,40.7998,-550,0,1,Ancient Ports catalogue; persistent after foundation in model
ancient_port,1000,,14.37469,40.77828,-50,0,1,Ancient Ports catalogue; persistent after foundation in model
ancient_port,1001,Oplontis ,14.4525,40.75755,-330,0,1,Ancient Ports catalogue; persistent after foundation in model
ancient_port,1001.1,Oplontis ,14.4566,40.7562,-30,0,1,Ancient Ports catalogue; persistent after foundation in model
ancient_port,1002,"Pompeia, Porta Marina, Etruscan Pumpai",14.48226,40.74893,-750,0,1,Ancient Ports catalogue; persistent after foundation in model
ancient_port,1002.1,"Pompeia, Porta Stabia, Etruscan Pumpai",14.4908,40.7473,-750,0,1,Ancient Ports catalogue; persistent after foundation in model
ancient_port,1003,Stabiae ,14.4926,40.69976,-330,0,1,Ancient Ports catalogue; persistent after foundation in model
ancient_port,1004,Aequana ,14.4215,40.6617,-750,0,1,Ancient Ports catalogue; persistent after foundation in model
ancient_port,1005,,14.402715,40.645818,-550,0,1,Ancient Ports catalogue; persistent after foundation in model
ancient_port,1005.1,,14.3778,40.6301,-30,0,1,Ancient Ports catalogue; persistent after foundation in model
ancient_port,1006,"Surrentum, Etruscan Irnthi",14.3698,40.6279,-330,0,1,Ancient Ports catalogue; persistent after foundation in model
ancient_port,1007,,14.3519,40.6338,-30,0,1,Ancient Ports catalogue; persistent after foundation in model
ancient_port,1007.1,,14.3484,40.6294,-30,0,1,Ancient Ports catalogue; persistent after foundation in model
ancient_port,1008,,14.3404,40.6263,-30,0,1,Ancient Ports catalogue; persistent after foundation in model
ancient_port,1008.1,Minervae Prom.,14.3244,40.5692,-30,0,1,Ancient Ports catalogue; persistent after foundation in model
ancient_port,1009,"Capraria, Capreae insula",14.236593,40.557685,-550,0,1,Ancient Ports catalogue; persistent after foundation in model
ancient_port,1010,"Capraria, Capreae insula",14.2288,40.5596,-30,0,1,Ancient Ports catalogue; persistent after foundation in model
ancient_port,1013.1,"Seirenoussai nesoi, Anthemoessa insulae, Anthemuse, possible Siren islands, no stopover for Odysseus",14.43365,40.5825,-750,0,1,Ancient Ports catalogue; persistent after foundation in model
ancient_port,1014,,14.4871,40.62815,-30,0,1,Ancient Ports catalogue; persistent after foundation in model
ancient_port,1016,,14.6262,40.6505,-30,0,1,Ancient Ports catalogue; persistent after foundation in model
ancient_port,1017,Vietri ,14.713068,40.657725,-750,0,1,Ancient Ports catalogue; persistent after foundation in model
ancient_port,1019,,14.94346,40.5352,-750,0,1,Ancient Ports catalogue; persistent after foundation in model
ancient_port,1020,Portus Alburnus ,14.969769,40.488629,-330,0,1,Ancient Ports catalogue; persistent after foundation in model
ancient_port,1021,"Poseïdonia, Posidonia, Paestum, on R Silarus",14.992,40.415,-750,0,1,Ancient Ports catalogue; persistent after foundation in model
ancient_port,1022,,14.990506,40.358318,-550,0,1,Ancient Ports catalogue; persistent after foundation in model
ancient_port,1023,,14.932901,40.268002,-30,0,1,Ancient Ports catalogue; persistent after foundation in model
ancient_port,1024,"Velia, Elea, Portus Velinus, Hyele, near R Hales",15.157,40.1602,-535,0,1,Ancient Ports catalogue; persistent after foundation in model
ancient_port,1025,Palinurus ,15.282234,40.035658,-750,0,1,Ancient Ports catalogue; persistent after foundation in model
ancient_port,1026,"Oenotrides insulae, Molpa ",15.294659,40.026788,-750,0,1,Ancient Ports catalogue; persistent after foundation in model
ancient_port,1027,"Pyxus, near Buxentum Prom.",15.516403,40.065378,-470,0,1,Ancient Ports catalogue; persistent after foundation in model
ancient_port,1028,Scidrus ,15.6222,40.07218,-330,0,1,Ancient Ports catalogue; persistent after foundation in model
ancient_port,1029,Cesernia ,15.7001,39.9922,-30,0,1,Ancient Ports catalogue; persistent after foundation in model
ancient_port,1030,,15.716,39.9673,-30,0,1,Ancient Ports catalogue; persistent after foundation in model
ancient_port,1030.0999999999999,,15.7436,39.9342,-30,0,1,Ancient Ports catalogue; persistent after foundation in model
ancient_port,1031,Blanda ,15.756465,39.913511,-330,0,1,Ancient Ports catalogue; persistent after foundation in model
ancient_port,1032,,15.781146,39.81781,-750,0,1,Ancient Ports catalogue; persistent after foundation in model
ancient_port,1033,"Laos, Laus ",15.789572,39.775272,-750,0,1,Ancient Ports catalogue; persistent after foundation in model
ancient_port,1034,"Cerillea, Cerilli ",15.804176,39.709009,-330,0,1,Ancient Ports catalogue; persistent after foundation in model
ancient_port,1035,,15.848026,39.613783,-330,0,1,Ancient Ports catalogue; persistent after foundation in model
ancient_port,1036,,15.945789,39.491704,-550,0,1,Ancient Ports catalogue; persistent after foundation in model
ancient_port,1037,Port of Pandosia,16.042302,39.301273,-550,0,1,Ancient Ports catalogue; persistent after foundation in model
ancient_port,1038,"Klampeteia, Clampetia ",16.065528,39.127809,-330,0,1,Ancient Ports catalogue; persistent after foundation in model
ancient_port,1039,"Temesa, Temese, Tempsa, on R Sabutus",16.094554,39.027944,-750,0,1,Ancient Ports catalogue; persistent after foundation in model
ancient_port,1040,,16.15407,38.98683,-330,0,1,Ancient Ports catalogue; persistent after foundation in model
ancient_port,1041,Terina ,16.2389,38.9448,-550,0,1,Ancient Ports catalogue; persistent after foundation in model
ancient_port,1042,Ad Turres,16.2697,38.9282,-30,0,1,Ancient Ports catalogue; persistent after foundation in model
ancient_port,1045,Ad Fluvium Angitulam ,16.192327,38.773926,-30,0,1,Ancient Ports catalogue; persistent after foundation in model
ancient_port,1047.0999999999999,"Port of Hipponium, Hipponion",16.0723,38.7222,-30,0,1,Ancient Ports catalogue; persistent after foundation in model
ancient_port,1047.2,,15.9994,38.7254,-30,0,1,Ancient Ports catalogue; persistent after foundation in model
ancient_port,1047.3,,15.9718,38.7135,-1500,0,1,Ancient Ports catalogue; persistent after foundation in model
ancient_port,1049,,15.921,38.545,-750,0,1,Ancient Ports catalogue; persistent after foundation in model
ancient_port,1050,,15.9234,38.5247,-30,0,1,Ancient Ports catalogue; persistent after foundation in model
ancient_port,1051,Emporion,15.95941,38.49277,-330,0,1,Ancient Ports catalogue; persistent after foundation in model
ancient_port,1052,"Medma, Mesma",15.9882,38.4821,-750,0,1,Ancient Ports catalogue; persistent after foundation in model
ancient_port,1053,"Port at the outlet of R Metaurus, Metaure ",15.871137,38.421553,-750,0,1,Ancient Ports catalogue; persistent after foundation in model
ancient_port,1054,Taurianum ,15.86494,38.39426,-330,0,1,Ancient Ports catalogue; persistent after foundation in model
ancient_port,1055,Portus Orestis,15.8336,38.351,-30,0,1,Ancient Ports catalogue; persistent after foundation in model
ancient_port,1056,Ad Mallias,15.823,38.3162,-30,0,1,Ancient Ports catalogue; persistent after foundation in model
ancient_port,1058,"Scyllaeum, Scylla, in front of Charybdis in Sicily, both Planktes insulae, where Odysseus possibly sailed",15.715,38.259,-750,0,1,Ancient Ports catalogue; persistent after foundation in model
ancient_port,1059,Kainys ,15.6354,38.2322,-550,0,1,Ancient Ports catalogue; persistent after foundation in model
ancient_port,1060,Ad Columnam ,15.6318,38.2193,-30,0,1,Ancient Ports catalogue; persistent after foundation in model
ancient_port,1061,"Rhegium, Rhegion",15.634658,38.109425,-740,0,1,Ancient Ports catalogue; persistent after foundation in model
ancient_port,1063,Decastadium? On R Halex,15.792908,37.912551,-30,0,1,Ancient Ports catalogue; persistent after foundation in model
ancient_port,1064,Scyle ,15.92,37.928,-330,0,1,Ancient Ports catalogue; persistent after foundation in model
ancient_port,1065,Hipporum ,16.070617,37.926494,-30,0,1,Ancient Ports catalogue; persistent after foundation in model
ancient_port,1067,,16.158269,38.11782,-30,0,1,Ancient Ports catalogue; persistent after foundation in model
ancient_port,1068,Altanum? ,16.177826,38.141495,-550,0,1,Ancient Ports catalogue; persistent after foundation in model
ancient_port,1069,"Lokroi Epizephyrioi, Locri Epizefiri, Locres ",16.2368,38.2077,-750,0,1,Ancient Ports catalogue; persistent after foundation in model
ancient_port,1070,Subsicivo? ,16.333741,38.293092,-30,0,1,Ancient Ports catalogue; persistent after foundation in model
ancient_port,1071,"Amphissa, Santo Onofrio ",16.413143,38.318166,-750,0,1,Ancient Ports catalogue; persistent after foundation in model
ancient_port,1072,"Kaulonia, Caulonia, Aulonia, Stilida",16.5787,38.4454,-750,0,1,Ancient Ports catalogue; persistent after foundation in model
ancient_port,1073,Cocinto?,16.5843,38.4573,-30,0,1,Ancient Ports catalogue; persistent after foundation in model
ancient_port,1075,"Scylletium, Scolacium ",16.5952,38.8076,-550,0,1,Ancient Ports catalogue; persistent after foundation in model
ancient_port,1076,"Castra Hannibalis, Camp of Annibal ",16.713868,38.85776,-330,0,1,Ancient Ports catalogue; persistent after foundation in model
ancient_port,1078,,17.023685,38.903404,-330,0,1,Ancient Ports catalogue; persistent after foundation in model
ancient_port,1080,,17.16869,38.95411,-750,0,1,Ancient Ports catalogue; persistent after foundation in model
ancient_port,1082,"Kroton, Crotone, on R Aisaros",17.126348,39.085539,-750,0,1,Ancient Ports catalogue; persistent after foundation in model
ancient_port,1083,Meto ,17.1409,39.1763,-30,0,1,Ancient Ports catalogue; persistent after foundation in model
ancient_port,1084,Krimisa?,17.140861,39.370149,-750,0,1,Ancient Ports catalogue; persistent after foundation in model
ancient_port,1085,"Temple of Apollo Alaeus, port of Aesarus ",17.1466,39.39654,-750,0,1,Ancient Ports catalogue; persistent after foundation in model
ancient_port,1086,"Paternum, at outlet of R Hylias",17.031,39.48,-30,0,1,Ancient Ports catalogue; persistent after foundation in model
ancient_port,1087,,16.9617,39.496,-330,0,1,Ancient Ports catalogue; persistent after foundation in model
ancient_port,1088,"Sybaris ad Traeis, on R Traeis",16.771,39.59,-443,0,1,Ancient Ports catalogue; persistent after foundation in model
ancient_port,1089,"Portus Roscia, Ruscia, Rouskiane",16.769,39.61,-30,0,1,Ancient Ports catalogue; persistent after foundation in model
ancient_port,1090,"archaic Sybaris, on R Sybaris and R Crathis, Thourioi, Thurii, Copia",16.491191,39.717044,-720,0,1,Ancient Ports catalogue; persistent after foundation in model
ancient_port,1091,,16.538059,39.865106,-1500,0,1,Ancient Ports catalogue; persistent after foundation in model
ancient_port,1092,"Ad Vicesimum, Lagaria?",16.589,39.9483,-30,0,1,Ancient Ports catalogue; persistent after foundation in model
ancient_port,1093,,16.60264,40.04726,-550,0,1,Ancient Ports catalogue; persistent after foundation in model
ancient_port,1094,Cugno dei Vagni ,16.6296,40.14226,-30,0,1,Ancient Ports catalogue; persistent after foundation in model
ancient_port,1095,,16.64197,40.15955,-330,0,1,Ancient Ports catalogue; persistent after foundation in model
ancient_port,1097,"Siris, on R Siris",16.6682,40.1658,-750,0,1,Ancient Ports catalogue; persistent after foundation in model
ancient_port,1098,"Heraclea, Heraclee ",16.67,40.22,-550,0,1,Ancient Ports catalogue; persistent after foundation in model
ancient_port,1098.0999999999999,,16.6642,40.2934,-1500,0,1,Ancient Ports catalogue; persistent after foundation in model
ancient_port,1099,"Metapontum, Metaponte",16.8352,40.3728,-750,0,1,Ancient Ports catalogue; persistent after foundation in model
ancient_port,1100,"Tarentum, Taras, Neptuna",17.228144,40.472032,-750,0,1,Ancient Ports catalogue; persistent after foundation in model
ancient_port,1101,,17.31499,40.50047,-30,0,1,Ancient Ports catalogue; persistent after foundation in model
ancient_port,1103,"Satyrion, Saturnum ",17.30396,40.37282,-1500,0,1,Ancient Ports catalogue; persistent after foundation in model
ancient_port,1104,,17.50013,40.30372,-330,0,1,Ancient Ports catalogue; persistent after foundation in model
ancient_port,1105,Port Sasina ,17.896215,40.25706,-750,0,1,Ancient Ports catalogue; persistent after foundation in model
ancient_port,1106,Port of Neretum,17.983673,40.137046,-750,0,1,Ancient Ports catalogue; persistent after foundation in model
ancient_port,1107,"Kallipolis, Callipolis, Anxa ",17.979931,40.054413,-750,0,1,Ancient Ports catalogue; persistent after foundation in model
ancient_port,1109,,18.31,39.8138,-330,0,1,Ancient Ports catalogue; persistent after foundation in model
ancient_port,1110,"Portus Sallentinus, Leuke, near Iapygia Prom.",18.362675,39.792157,-750,0,1,Ancient Ports catalogue; persistent after foundation in model
ancient_port,1111.2,Port of Traiectus ,15.589,38.246,-30,0,1,Ancient Ports catalogue; persistent after foundation in model
ancient_port,1112,"Zancle, Zankle, Messana, Messene",15.560811,38.192865,-730,0,1,Ancient Ports catalogue; persistent after foundation in model
ancient_port,1113,,15.536584,38.145129,-750,0,1,Ancient Ports catalogue; persistent after foundation in model
ancient_port,1114,"Phoinix, Tamaricii, Palmae ",15.37,37.9438,-330,0,1,Ancient Ports catalogue; persistent after foundation in model
ancient_port,1115,,15.3078,37.878,-330,0,1,Ancient Ports catalogue; persistent after foundation in model
ancient_port,1116,Tauromenium ,15.302,37.848,-550,0,1,Ancient Ports catalogue; persistent after foundation in model
ancient_port,1117,"Naxos, Naxus ",15.2694,37.8239,-470,0,1,Ancient Ports catalogue; persistent after foundation in model
ancient_port,1118,"Archaic Naxos, near R Akesines",15.2694,37.8193,-734,0,1,Ancient Ports catalogue; persistent after foundation in model
ancient_port,1119,Acium ,15.171274,37.572564,-30,0,1,Ancient Ports catalogue; persistent after foundation in model
ancient_port,1122,"Ulixis portus, Port of Odysseus ",15.118541,37.529208,-30,0,1,Ancient Ports catalogue; persistent after foundation in model
ancient_port,1123,"Katane, Catina ",15.0873,37.5024,-750,0,1,Ancient Ports catalogue; persistent after foundation in model
ancient_port,1123.2,"Leontinoi, on R Terias",14.998,37.2855,-750,0,1,Ancient Ports catalogue; persistent after foundation in model
ancient_port,1124,,15.132834,37.310011,-750,0,1,Ancient Ports catalogue; persistent after foundation in model
ancient_port,1125.0999999999999,"Xiphoneos, Xiphonia, Xiphon",15.207,37.234,-330,0,1,Ancient Ports catalogue; persistent after foundation in model
ancient_port,1126,"Megara Hyblaea, on R Alabon",15.183741,37.205772,-750,0,1,Ancient Ports catalogue; persistent after foundation in model
ancient_port,1127,"Tapsus, Thapsos ",15.228473,37.145257,-1200,0,1,Ancient Ports catalogue; persistent after foundation in model
ancient_port,1128,"Leon, landing place of Athenian fleet in 414 BC",15.2615,37.1076,-4000,0,1,Ancient Ports catalogue; persistent after foundation in model
ancient_port,1132,"Syracuse, ""Large Port"", on the isle of Sikelia, Sicania, Trinacria, major Greek (Corinthian) settlement in Sicily",15.288,37.06,-733,0,1,Ancient Ports catalogue; persistent after foundation in model
ancient_port,1138,Portus Naustathamus?,15.214525,36.95611,-750,0,1,Ancient Ports catalogue; persistent after foundation in model
ancient_port,1139,,15.1486,36.91385,-30,0,1,Ancient Ports catalogue; persistent after foundation in model
ancient_port,1140,"Helorus, Elorus, on R Helorus",15.1075,36.8422,-750,0,1,Ancient Ports catalogue; persistent after foundation in model
ancient_port,1141,Phoenicus portus ,15.0985,36.803,-330,0,1,Ancient Ports catalogue; persistent after foundation in model
ancient_port,1142,,15.0888,36.7853,-30,0,1,Ancient Ports catalogue; persistent after foundation in model
ancient_port,1143,"Portus Pachino, Pachyno, Pachyni, Apollineum ",15.1385,36.6857,-330,0,1,Ancient Ports catalogue; persistent after foundation in model
ancient_port,1146,R Hirminum,14.594,36.771,-750,0,1,Ancient Ports catalogue; persistent after foundation in model
ancient_port,1148,"Kamarina, on R Hipparis",14.440957,36.866878,-598,0,1,Ancient Ports catalogue; persistent after foundation in model
ancient_port,1149,"Mesopotamium, port of Euboia?",14.399822,36.927737,-30,0,1,Ancient Ports catalogue; persistent after foundation in model
ancient_port,1150,,14.3,37.032,-550,0,1,Ancient Ports catalogue; persistent after foundation in model
ancient_port,1151,Calvisiana ,14.27,37.047,-30,0,1,Ancient Ports catalogue; persistent after foundation in model
ancient_port,1152,"Gela, on R Gela",14.2583,37.063,-688,0,1,Ancient Ports catalogue; persistent after foundation in model
ancient_port,1153,Chalae? ,14.23,37.06648,-30,0,1,Ancient Ports catalogue; persistent after foundation in model
ancient_port,1154,,14.197,37.0842,-750,0,1,Ancient Ports catalogue; persistent after foundation in model
ancient_port,1155,"Port of Maktorion, Mactorium?",14.138661,37.100201,-750,0,1,Ancient Ports catalogue; persistent after foundation in model
ancient_port,1156,"Phintias, on R Himeras",13.9317,37.1,-330,0,1,Ancient Ports catalogue; persistent after foundation in model
ancient_port,1158,,13.881,37.102,-750,0,1,Ancient Ports catalogue; persistent after foundation in model
ancient_port,1159,"Port of Daedalium, Dedalium, Omphale ",13.856089,37.114826,-30,0,1,Ancient Ports catalogue; persistent after foundation in model
ancient_port,1160,,13.780019,37.144488,-750,0,1,Ancient Ports catalogue; persistent after foundation in model
ancient_port,1161,,13.695341,37.17957,-550,0,1,Ancient Ports catalogue; persistent after foundation in model
ancient_port,1162,,13.6667,37.192,-30,0,1,Ancient Ports catalogue; persistent after foundation in model
ancient_port,1162.0999999999999,,13.624,37.233,-1400,0,1,Ancient Ports catalogue; persistent after foundation in model
ancient_port,1163,"Agrakas, Akragas, Agrigentum, on R Hypsas",13.581,37.2687,-580,0,1,Ancient Ports catalogue; persistent after foundation in model
ancient_port,1164,,13.4877,37.2899,-30,0,1,Ancient Ports catalogue; persistent after foundation in model
ancient_port,1166,"Heraclea Minoa, on R Halycus",13.28,37.3937,-750,0,1,Ancient Ports catalogue; persistent after foundation in model
ancient_port,1167,,13.256671,37.414943,-750,0,1,Ancient Ports catalogue; persistent after foundation in model
ancient_port,1168,"Thermae Selinuntinae, Aquae Larodes",13.0923,37.503,-30,0,1,Ancient Ports catalogue; persistent after foundation in model
ancient_port,1169,"Selinus, Selinunt, Selinonte east port",12.8294,37.5845,-650,0,1,Ancient Ports catalogue; persistent after foundation in model
ancient_port,1170,"Selinus, Selinunt, Selinonte west port, on R Selinon",12.82116,37.5828,-650,0,1,Ancient Ports catalogue; persistent after foundation in model
ancient_port,1171,"Mazara, on R Mazara",12.587605,37.644211,-550,0,1,Ancient Ports catalogue; persistent after foundation in model
ancient_port,1172,"Lilybaion, Lilybee South port?",12.43,37.7937,-750,0,1,Ancient Ports catalogue; persistent after foundation in model
ancient_port,1173,"Lilybaion, Lilybee Main port",12.428115,37.808131,-750,0,1,Ancient Ports catalogue; persistent after foundation in model
ancient_port,1174,"Lilybaion, Lilybee North port?",12.443337,37.8124,-750,0,1,Ancient Ports catalogue; persistent after foundation in model
ancient_port,1176,"Motye, Motya",12.4646,37.8641,-750,0,1,Ancient Ports catalogue; persistent after foundation in model
ancient_port,1176.0999999999999,"Motye, Motya",12.4724,37.86902,-350,0,1,Ancient Ports catalogue; persistent after foundation in model
ancient_port,1176.2,"Motye, Motya",12.47,37.8715,-350,0,1,Ancient Ports catalogue; persistent after foundation in model
ancient_port,1177,"Aigousa insula, anchorage of Roman fleet before the famous battle of the Egadi Islands (10 March 241 BC), Odysseus' port of the Cyclops? ",12.322489,37.934044,-750,0,1,Ancient Ports catalogue; persistent after foundation in model
ancient_port,1179,"Maritima, Hieronesos, Hiera insula",12.077769,37.970422,-330,0,1,Ancient Ports catalogue; persistent after foundation in model
ancient_port,1180,"Bucinna, Phorbantia insula",12.321625,38.00168,-10000,0,1,Ancient Ports catalogue; persistent after foundation in model
ancient_port,1181,"Drepanum, Drepane ",12.502194,38.007961,-330,0,1,Ancient Ports catalogue; persistent after foundation in model
ancient_port,1182,"Port of Erix, Eryx, Erice, Carthaginian base camp during the famous battle of the Egadi Islands (10 March 241 BC)",12.58963,38.070435,-550,0,1,Ancient Ports catalogue; persistent after foundation in model
ancient_port,1182.0999999999999,,12.6801,38.1123,-250,0,1,Ancient Ports catalogue; persistent after foundation in model
ancient_port,1182.2,,12.736,38.186,-400,0,1,Ancient Ports catalogue; persistent after foundation in model
ancient_port,1182.3,,12.7692,38.1673,-400,0,1,Ancient Ports catalogue; persistent after foundation in model
ancient_port,1184,"Emporion Segestanon, Emporium of the Aegestes, port of Segesta, on R Crimisus",12.88,38.0295,-330,0,1,Ancient Ports catalogue; persistent after foundation in model
ancient_port,1184.0999999999999,,13.0791,38.1732,-400,0,1,Ancient Ports catalogue; persistent after foundation in model
ancient_port,1185,"Os, Osteodes",13.1957,38.7082,-30,0,1,Ancient Ports catalogue; persistent after foundation in model
ancient_port,1186,,13.152119,38.695927,-30,0,1,Ancient Ports catalogue; persistent after foundation in model
ancient_port,1187,,13.182596,38.71968,-1500,0,1,Ancient Ports catalogue; persistent after foundation in model
ancient_port,1188.0999999999999,Pakonia?,13.23715,38.2079,-300,0,1,Ancient Ports catalogue; persistent after foundation in model
ancient_port,1189,"Panhormus, Panorme",13.368583,38.120398,-750,0,1,Ancient Ports catalogue; persistent after foundation in model
ancient_port,1190,"Solus, port of Solonte ",13.542862,38.081694,-750,0,1,Ancient Ports catalogue; persistent after foundation in model
ancient_port,1191,"Thermai, Thermae Himeraeae, on R Thermos",13.690394,37.993991,-550,0,1,Ancient Ports catalogue; persistent after foundation in model
ancient_port,1192,,13.7815,37.9743,-330,0,1,Ancient Ports catalogue; persistent after foundation in model
ancient_port,1193,"Himera, Himere, on R Himeras",13.8215,37.9683,-729,0,1,Ancient Ports catalogue; persistent after foundation in model
ancient_port,1194,,13.964,38.0319,-30,0,1,Ancient Ports catalogue; persistent after foundation in model
ancient_port,1195,"Cephaloedium, Cephalidium ",14.024107,38.043883,-550,0,1,Ancient Ports catalogue; persistent after foundation in model
ancient_port,1196,"Halaesa, on R Halaisos",14.263,37.998,-330,0,1,Ancient Ports catalogue; persistent after foundation in model
ancient_port,1197,"Kale Akte, Calate ",14.448292,38.036496,-550,0,1,Ancient Ports catalogue; persistent after foundation in model
ancient_port,1198,,14.67,38.097,-30,0,1,Ancient Ports catalogue; persistent after foundation in model
ancient_port,1199,Agathyrnum ,14.752,38.164,-550,0,1,Ancient Ports catalogue; persistent after foundation in model
ancient_port,1200,,14.765,38.157,-30,0,1,Ancient Ports catalogue; persistent after foundation in model
ancient_port,1201,,14.9726,38.1487,-30,0,1,Ancient Ports catalogue; persistent after foundation in model
ancient_port,1202,"Egira, Erikodes, Ericusa Insula",14.351188,38.5428,-330,0,1,Ancient Ports catalogue; persistent after foundation in model
ancient_port,1203,"Celsina, Phoenicusa, Phoinikoussa insula",14.5883,38.5569,-1500,0,1,Ancient Ports catalogue; persistent after foundation in model
ancient_port,1204,Didyma insula,14.8696,38.5739,-1500,0,1,Ancient Ports catalogue; persistent after foundation in model
ancient_port,1205,"Lipara on Liparos insula, Meligounis nesos",14.9568,38.4717,-1500,0,1,Ancient Ports catalogue; persistent after foundation in model
ancient_port,1206,"Heraclea, Hiera Thermessa insula,  Hiera Hephaistou insula",14.966446,38.416361,-550,0,1,Ancient Ports catalogue; persistent after foundation in model
ancient_port,1207,"Aegina, Euonymus insula",15.0636,38.6256,-1500,0,1,Ancient Ports catalogue; persistent after foundation in model
ancient_port,1209,"Strongilos, Eolie, possibly Odysseus' stopover on the isle of Aeolos",15.244209,38.797457,-1500,0,1,Ancient Ports catalogue; persistent after foundation in model
ancient_port,1210,Tyndaris ,15.044,38.1433,-550,0,1,Ancient Ports catalogue; persistent after foundation in model
ancient_port,1211,,15.150606,38.146439,-30,0,1,Ancient Ports catalogue; persistent after foundation in model
ancient_port,1212,"Myle, Mylae ",15.2428,38.2177,-750,0,1,Ancient Ports catalogue; persistent after foundation in model
ancient_port,1213,"Naulochos, Naulocha ",15.371783,38.22509,-330,0,1,Ancient Ports catalogue; persistent after foundation in model
ancient_port,1240,"Aethusa, Hefaesta, Ephaestia, Efesta ",12.869306,35.861034,-30,0,1,Ancient Ports catalogue; persistent after foundation in model
ancient_port,1242,"Castrum Minerva, Port of Venus, Limen Aphrodites, Athenaion ",18.435411,40.011636,-550,0,1,Ancient Ports catalogue; persistent after foundation in model
ancient_port,1242.0999999999999,,18.4849,40.079,-330,0,1,Ancient Ports catalogue; persistent after foundation in model
ancient_port,1243,"Hydros, Hydruntum, Otrante ",18.490869,40.148182,-750,0,1,Ancient Ports catalogue; persistent after foundation in model
ancient_port,1243.0999999999999,,18.4732,40.1841,-330,0,1,Ancient Ports catalogue; persistent after foundation in model
ancient_port,1243.2,,18.431,40.277,-330,0,1,Ancient Ports catalogue; persistent after foundation in model
ancient_port,1244,Port Tarentin ,18.4263,40.2871,-1500,0,1,Ancient Ports catalogue; persistent after foundation in model
ancient_port,1245,,18.409136,40.301208,-750,0,1,Ancient Ports catalogue; persistent after foundation in model
ancient_port,1246,"Hadrianou Hormos, port of Lupiae, Miltopiae? ",18.307982,40.386459,-30,0,1,Ancient Ports catalogue; persistent after foundation in model
ancient_port,1247,"Brindes, Brentesium, Brundisium, Bronduse",17.948953,40.641441,-750,0,1,Ancient Ports catalogue; persistent after foundation in model
ancient_port,1248,,17.8705,40.6875,-330,0,1,Ancient Ports catalogue; persistent after foundation in model
ancient_port,1249,,17.7983,40.7137,-750,0,1,Ancient Ports catalogue; persistent after foundation in model
ancient_port,1250,Ad Speluncas ,17.723,40.752,-30,0,1,Ancient Ports catalogue; persistent after foundation in model
ancient_port,1250.0999999999999,Karbina,17.6983,40.7596,-1500,0,1,Ancient Ports catalogue; persistent after foundation in model
ancient_port,1252,Gnathia ,17.391,40.8896,-750,0,1,Ancient Ports catalogue; persistent after foundation in model
ancient_port,1253,Diria? ,17.300749,40.962258,-30,0,1,Ancient Ports catalogue; persistent after foundation in model
ancient_port,1254,"Turris Caesaris, Neapolis ",17.2183,40.9975,-330,0,1,Ancient Ports catalogue; persistent after foundation in model
ancient_port,1257,,16.997139,41.090957,-750,0,1,Ancient Ports catalogue; persistent after foundation in model
ancient_port,1259,Natiolum ,16.669838,41.192824,-330,0,1,Ancient Ports catalogue; persistent after foundation in model
ancient_port,1260,Respa ,16.59485,41.215935,-30,0,1,Ancient Ports catalogue; persistent after foundation in model
ancient_port,1261,Turenum ,16.423982,41.286177,-30,0,1,Ancient Ports catalogue; persistent after foundation in model
ancient_port,1262,Barduli ,16.287075,41.334436,-330,0,1,Ancient Ports catalogue; persistent after foundation in model
ancient_port,1263,"Aufinum, Aufidena on R Aufidus, port of the Canusites ",16.206,41.3324,-30,0,1,Ancient Ports catalogue; persistent after foundation in model
ancient_port,1263.0999999999999,,16.0811,41.3592,-1500,0,1,Ancient Ports catalogue; persistent after foundation in model
ancient_port,1264,San Vito ,16.03185,41.3848,-330,0,1,Ancient Ports catalogue; persistent after foundation in model
ancient_port,1265,Salapia,15.9965,41.3993,-30,0,1,Ancient Ports catalogue; persistent after foundation in model
ancient_port,1267,,15.8378,41.519,-750,0,1,Ancient Ports catalogue; persistent after foundation in model
ancient_port,1268,"Coppa Nevigatta, on R Aquilo",15.8338,41.558,-5000,0,1,Ancient Ports catalogue; persistent after foundation in model
ancient_port,1269,,15.903378,41.605674,-30,0,1,Ancient Ports catalogue; persistent after foundation in model
ancient_port,1270,"Sipous, Sipontum, Sipunte ",15.9221,41.617859,-330,0,1,Ancient Ports catalogue; persistent after foundation in model
ancient_port,1271,"Apanestae, Apeneste",16.06038,41.69375,-750,0,1,Ancient Ports catalogue; persistent after foundation in model
ancient_port,1272,,16.074573,41.706483,-30,0,1,Ancient Ports catalogue; persistent after foundation in model
ancient_port,1274,"Portus Aggasus, Port Agasus ",16.183,41.885,-550,0,1,Ancient Ports catalogue; persistent after foundation in model
ancient_port,1275,Merinum ,16.1114,41.915,-30,0,1,Ancient Ports catalogue; persistent after foundation in model
ancient_port,1277,"Hyria, Uria",15.83039,41.8821,-330,0,1,Ancient Ports catalogue; persistent after foundation in model
ancient_port,1278,Urias Sinus,15.8127,41.8505,-30,0,1,Ancient Ports catalogue; persistent after foundation in model
ancient_port,1279,,15.50164,41.86139,-30,0,1,Ancient Ports catalogue; persistent after foundation in model
ancient_port,1280,"Praetorium Publilianum, on Pantanus Lacus",15.42795,41.84148,-30,0,1,Ancient Ports catalogue; persistent after foundation in model
ancient_port,1282,"Trimerus insula, one of the Diomedeae insulae",15.499203,42.118661,-30,0,1,Ancient Ports catalogue; persistent after foundation in model
ancient_port,1284,,15.05334,41.93962,-750,0,1,Ancient Ports catalogue; persistent after foundation in model
ancient_port,1285,Cliternia,15.0401,41.971,-30,0,1,Ancient Ports catalogue; persistent after foundation in model
ancient_port,1286,Buca?,14.9976,42.0066,-330,0,1,Ancient Ports catalogue; persistent after foundation in model
ancient_port,1288,"Histonium, Istonium ",14.7205,42.1188,-550,0,1,Ancient Ports catalogue; persistent after foundation in model
ancient_port,1289,Buca?,14.7125,42.172,-330,0,1,Ancient Ports catalogue; persistent after foundation in model
ancient_port,1291,"Gualdi, port of Anxanum ",14.4434,42.3103,-550,0,1,Ancient Ports catalogue; persistent after foundation in model
ancient_port,1292,"Orton, Hortona",14.4098,42.357,-330,0,1,Ancient Ports catalogue; persistent after foundation in model
ancient_port,1293,"Aternum, Ostia Aterni, on R Aternus",14.2118,42.4614,-330,0,1,Ancient Ports catalogue; persistent after foundation in model
ancient_port,1294.0999999999999,"Matrinus, port of Hatria, Adria at the outlet of R Matrinus",14.138,42.5332,-330,0,1,Ancient Ports catalogue; persistent after foundation in model
ancient_port,1295.0999999999999,,14.036685,42.633425,-30,0,1,Ancient Ports catalogue; persistent after foundation in model
ancient_port,1295.2,R Vomanus,14.033,42.654,-30,0,1,Ancient Ports catalogue; persistent after foundation in model
ancient_port,1296,"Castrum Novum, on R Batinus",13.971,42.7356,-330,0,1,Ancient Ports catalogue; persistent after foundation in model
ancient_port,1297,"Castrum Truentinum, Truentum, on R Truentinum",13.901,42.8908,-330,0,1,Ancient Ports catalogue; persistent after foundation in model
ancient_port,1298,Cupra Maritima,13.8534,43.034,-750,0,1,Ancient Ports catalogue; persistent after foundation in model
ancient_port,1299,"Castellum Firmanorum, port of Firmum Picenum, Etruscan Permu",13.8011,43.1605,-330,0,1,Ancient Ports catalogue; persistent after foundation in model
ancient_port,1300,"Cluana, on R Cluentus",13.7396,43.317031,-30,0,1,Ancient Ports catalogue; persistent after foundation in model
ancient_port,1301,"Potentia, near R Flosis",13.6711,43.4142,-330,0,1,Ancient Ports catalogue; persistent after foundation in model
ancient_port,1302,Numana ,13.628195,43.50729,-750,0,1,Ancient Ports catalogue; persistent after foundation in model
ancient_port,1305,"Sena Gallica, on R Sena",13.2185,43.7123,-330,0,1,Ancient Ports catalogue; persistent after foundation in model
ancient_port,1306,,13.175681,43.75246,-750,0,1,Ancient Ports catalogue; persistent after foundation in model
ancient_port,1308,Fanum Fortunae ,13.019325,43.858514,-330,0,1,Ancient Ports catalogue; persistent after foundation in model
ancient_port,1309,"Pisaurum, on R Pisaurus",12.92,43.9159,-550,0,1,Ancient Ports catalogue; persistent after foundation in model
ancient_port,1311,"Ariminum, Etruscan Arimna, Harimne, on R Ariminus & R Ausa",12.5739,44.0623,-550,0,1,Ancient Ports catalogue; persistent after foundation in model
ancient_port,1312,Ad Rubiconem ,12.446855,44.171696,-30,0,1,Ancient Ports catalogue; persistent after foundation in model
ancient_port,1313,Ad Novas,12.3542,44.18738,-30,0,1,Ancient Ports catalogue; persistent after foundation in model
ancient_port,1314,Sabis,12.2633,44.26035,-30,0,1,Ancient Ports catalogue; persistent after foundation in model
ancient_port,1316,"Butrium, Budrium, port of Budrio ",12.14588,44.53989,-330,0,1,Ancient Ports catalogue; persistent after foundation in model
ancient_port,1317,"Augusta, on Fossa Augusta",12.09413,44.56244,-30,0,1,Ancient Ports catalogue; persistent after foundation in model
ancient_port,1319,"Pomposa, Etruscan Spina, at the outlet of R Padus",12.10256,44.6943,-750,0,1,Ancient Ports catalogue; persistent after foundation in model
ancient_port,1319.1,,12.1823,44.694,-30,0,1,Ancient Ports catalogue; persistent after foundation in model
ancient_port,1320,Sacis ad Padum,12.11759,44.72213,-30,0,1,Ancient Ports catalogue; persistent after foundation in model
ancient_port,1321,Neronia ,12.13237,44.7672,-30,0,1,Ancient Ports catalogue; persistent after foundation in model
ancient_port,1322,Corniculani ,12.13113,44.82403,-30,0,1,Ancient Ports catalogue; persistent after foundation in model
ancient_port,1323,Hadriani ,12.17741,44.94566,-750,0,1,Ancient Ports catalogue; persistent after foundation in model
ancient_port,1325,Septem Maria ,12.22032,45.02637,-30,0,1,Ancient Ports catalogue; persistent after foundation in model
ancient_port,1326,"Atria, Etruscan Hatria ",12.067121,45.048536,-750,0,1,Ancient Ports catalogue; persistent after foundation in model
ancient_port,1327,Fossis ,12.24533,45.10979,-30,0,1,Ancient Ports catalogue; persistent after foundation in model
ancient_port,1328,"Bruntulum, Brundulus ",12.28343,45.19576,-30,0,1,Ancient Ports catalogue; persistent after foundation in model
ancient_port,1329,"Edrum, Aedro, Edron, Edro portus, Ebro portus, on R Fossa Claudia canal",12.07582,45.27356,-30,0,1,Ancient Ports catalogue; persistent after foundation in model
ancient_port,1330,"R Medoacus Minor, Meduacus ",12.09872,45.33435,-30,0,1,Ancient Ports catalogue; persistent after foundation in model
ancient_port,1332,Ad Portum ,12.13381,45.41901,-30,0,1,Ancient Ports catalogue; persistent after foundation in model
ancient_port,1333,"R Medoacus Maior, Meduacus, Ad XII ",12.10001,45.4132,-30,0,1,Ancient Ports catalogue; persistent after foundation in model
ancient_port,1335,Ad IX ,12.221424,45.48142,-30,0,1,Ancient Ports catalogue; persistent after foundation in model
ancient_port,1339,Altinum ,12.4077,45.5428,-550,0,1,Ancient Ports catalogue; persistent after foundation in model
ancient_port,1342,,12.4829,45.493,-30,0,1,Ancient Ports catalogue; persistent after foundation in model
ancient_port,1344,Equilum,12.63852,45.54283,-30,0,1,Ancient Ports catalogue; persistent after foundation in model
ancient_port,1345,"Eraclia, Port on R Anassum or Anaxum ",12.6573,45.6378,-1300,0,1,Ancient Ports catalogue; persistent after foundation in model
ancient_port,1346,Port on R Liquentia ,12.81516,45.59205,-30,0,1,Ancient Ports catalogue; persistent after foundation in model
ancient_port,1347,"Port on the Romatinus, Reatinus ",12.90582,45.61705,-30,0,1,Ancient Ports catalogue; persistent after foundation in model
ancient_port,1347.1,,12.8872,45.6356,-1200,0,1,Ancient Ports catalogue; persistent after foundation in model
ancient_port,1348,"Port on R Tilaventum Maius, Apicilia",12.98675,45.78756,-30,0,1,Ancient Ports catalogue; persistent after foundation in model
ancient_port,1348.1,,13.1286,45.7714,-1300,0,1,Ancient Ports catalogue; persistent after foundation in model
ancient_port,1348.2,,13.1542,45.7705,-1300,0,1,Ancient Ports catalogue; persistent after foundation in model
ancient_port,1349,Port on R Tilaventum Minus ,13.21565,45.83349,-30,0,1,Ancient Ports catalogue; persistent after foundation in model
ancient_port,1349.1,,13.3203,45.7648,-1500,0,1,Ancient Ports catalogue; persistent after foundation in model
ancient_port,1351,"Aquileia, Aquilee, on ancient course of R Aesontius, Sontius, Isontius (ca. 50 m wide)",13.3695,45.7748,-200,0,1,Ancient Ports catalogue; persistent after foundation in model
ancient_port,1352,,13.5266,45.7885,-30,0,1,Ancient Ports catalogue; persistent after foundation in model
ancient_port,1352.2,"Fons Timavi, Port on Lake Timavus, Timave ",13.5909,45.7896,-30,0,1,Ancient Ports catalogue; persistent after foundation in model
ancient_port,1352.3,,13.6272,45.7722,-30,0,1,Ancient Ports catalogue; persistent after foundation in model
ancient_port,1353,Castellum Pucinum ,13.708221,45.70551,-30,0,1,Ancient Ports catalogue; persistent after foundation in model
ancient_port,1353.1,,13.732,45.694,-30,0,1,Ancient Ports catalogue; persistent after foundation in model
ancient_port,1354,Etruscan Tarcste,13.771666,45.649509,-330,0,1,Ancient Ports catalogue; persistent after foundation in model
ancient_port,1355,,13.844,45.606,-178,0,1,Ancient Ports catalogue; persistent after foundation in model
amphora_trade_site,CEIPAC::Adria,Adria,12.057778,45.056389,-400,0,3,CEIPAC-derived site; only selected types with conservative chronology enter default model
amphora_trade_site,CEIPAC::Agrigento,Agrigento,13.566667,37.316667,-400,0,3,CEIPAC-derived site; only selected types with conservative chronology enter default model
amphora_trade_site,CEIPAC::Alba,Alba,8.033333,44.7,-400,0,2,CEIPAC-derived site; only selected types with conservative chronology enter default model
amphora_trade_site,CEIPAC::Albinia,Albinia,11.25,42.5,-400,0,170,CEIPAC-derived site; only selected types with conservative chronology enter default model
amphora_trade_site,CEIPAC::Alghero,Alghero,8.318056,40.558889,-400,0,1,CEIPAC-derived site; only selected types with conservative chronology enter default model
amphora_trade_site,CEIPAC::Altino,Altino,12.393333,45.544444,-400,0,92,CEIPAC-derived site; only selected types with conservative chronology enter default model
amphora_trade_site,CEIPAC::Ancona,Ancona,13.5,43.633333,-400,0,50,CEIPAC-derived site; only selected types with conservative chronology enter default model
amphora_trade_site,CEIPAC::Aquileia,Aquileia,13.368333,45.770278,-400,0,8,CEIPAC-derived site; only selected types with conservative chronology enter default model
amphora_trade_site,CEIPAC::Ascoli,Ascoli,13.566667,42.85,-400,0,3,CEIPAC-derived site; only selected types with conservative chronology enter default model
amphora_trade_site,CEIPAC::Ascoli Satriano,Ascoli Satriano,15.566667,41.2,-400,0,2,CEIPAC-derived site; only selected types with conservative chronology enter default model
amphora_trade_site,CEIPAC::Asolo,Asolo,11.9,45.8,-400,0,2,CEIPAC-derived site; only selected types with conservative chronology enter default model
amphora_trade_site,CEIPAC::Bari,Bari,16.85,41.133333,-400,0,2,CEIPAC-derived site; only selected types with conservative chronology enter default model
amphora_trade_site,CEIPAC::Barletta,Barletta,16.283333,41.316667,-400,0,2,CEIPAC-derived site; only selected types with conservative chronology enter default model
amphora_trade_site,CEIPAC::Biella,Biella,8.05,45.566667,-400,0,1,CEIPAC-derived site; only selected types with conservative chronology enter default model
amphora_trade_site,CEIPAC::Bologna,Bologna,11.433333,44.466667,-400,0,1,CEIPAC-derived site; only selected types with conservative chronology enter default model
amphora_trade_site,CEIPAC::Bottrighe,Bottrighe,12.086944,45.024444,-400,0,3,CEIPAC-derived site; only selected types with conservative chronology enter default model
amphora_trade_site,CEIPAC::Brindisi,Brindisi,17.933333,40.633333,-400,0,2058,CEIPAC-derived site; only selected types with conservative chronology enter default model
amphora_trade_site,CEIPAC::Calderara di Reno,Calderara di Reno,11.266667,44.566667,-400,0,1,CEIPAC-derived site; only selected types with conservative chronology enter default model
amphora_trade_site,CEIPAC::Calvatone,Calvatone,10.433333,45.116667,-400,0,18,CEIPAC-derived site; only selected types with conservative chronology enter default model
amphora_trade_site,CEIPAC::Canale Giancola,Canale Giancola,17.85,40.683333,-400,0,1864,CEIPAC-derived site; only selected types with conservative chronology enter default model
amphora_trade_site,CEIPAC::Canoneghe,Canoneghe,11.916667,45.433333,-400,0,3,CEIPAC-derived site; only selected types with conservative chronology enter default model
amphora_trade_site,CEIPAC::Canosa,Canosa,16.066667,41.216667,-400,0,12,CEIPAC-derived site; only selected types with conservative chronology enter default model
amphora_trade_site,CEIPAC::Capalbio,Capalbio,11.416667,42.45,-400,0,3,CEIPAC-derived site; only selected types with conservative chronology enter default model
amphora_trade_site,CEIPAC::Carlino,Carlino,13.188056,45.802222,-400,0,3,CEIPAC-derived site; only selected types with conservative chronology enter default model
amphora_trade_site,CEIPAC::Castelfranco Emilia,Castelfranco Emilia,11.05,44.616667,-400,0,2,CEIPAC-derived site; only selected types with conservative chronology enter default model
amphora_trade_site,CEIPAC::Cattolica Eraclea,Cattolica Eraclea,13.4,37.433333,-400,0,2,CEIPAC-derived site; only selected types with conservative chronology enter default model
amphora_trade_site,CEIPAC::Cazzano,Cazzano,11.5,44.583333,-400,0,2,CEIPAC-derived site; only selected types with conservative chronology enter default model
amphora_trade_site,CEIPAC::Celje,Celje,14.156111,45.591667,-400,0,1,CEIPAC-derived site; only selected types with conservative chronology enter default model
amphora_trade_site,CEIPAC::Cerignola,Cerignola,15.9,41.266667,-400,0,1,CEIPAC-derived site; only selected types with conservative chronology enter default model
amphora_trade_site,CEIPAC::Cesena,Cesena,12.249722,44.143333,-400,0,1,CEIPAC-derived site; only selected types with conservative chronology enter default model
amphora_trade_site,CEIPAC::Civitavecchia,Civitavecchia,11.8,42.1,-400,0,2,CEIPAC-derived site; only selected types with conservative chronology enter default model
amphora_trade_site,CEIPAC::Classe,Classe,11.983333,44.416667,-400,0,2,CEIPAC-derived site; only selected types with conservative chronology enter default model
amphora_trade_site,CEIPAC::Concordia,Concordia,10.983333,44.916667,-400,0,3,CEIPAC-derived site; only selected types with conservative chronology enter default model
amphora_trade_site,CEIPAC::Cosa,Cosa,12.896389,46.057778,-400,0,40,CEIPAC-derived site; only selected types with conservative chronology enter default model
amphora_trade_site,CEIPAC::Cremona,Cremona,10.033333,45.116667,-400,0,39,CEIPAC-derived site; only selected types with conservative chronology enter default model
amphora_trade_site,CEIPAC::Domagnano,Domagnano,12.466667,43.95,-400,0,1,CEIPAC-derived site; only selected types with conservative chronology enter default model
amphora_trade_site,CEIPAC::Due Maestà,Due Maestà,11.0,44.75,-400,0,2,CEIPAC-derived site; only selected types with conservative chronology enter default model
amphora_trade_site,CEIPAC::Dugenta,Dugenta,14.45,41.133333,-400,0,2,CEIPAC-derived site; only selected types with conservative chronology enter default model
amphora_trade_site,CEIPAC::Entella,Entella,9.333333,44.316667,-400,0,4,CEIPAC-derived site; only selected types with conservative chronology enter default model
amphora_trade_site,CEIPAC::Erice,Erice,12.583333,38.033333,-400,0,53,CEIPAC-derived site; only selected types with conservative chronology enter default model
amphora_trade_site,CEIPAC::Este,Este,11.65,45.233333,-400,0,46,CEIPAC-derived site; only selected types with conservative chronology enter default model
amphora_trade_site,CEIPAC::Fermo,Fermo,13.716667,43.15,-400,0,3,CEIPAC-derived site; only selected types with conservative chronology enter default model
amphora_trade_site,CEIPAC::Ficarolo,Ficarolo,11.433333,44.95,-400,0,1,CEIPAC-derived site; only selected types with conservative chronology enter default model
amphora_trade_site,CEIPAC::Fiesole,Fiesole,11.283333,43.8,-400,0,1,CEIPAC-derived site; only selected types with conservative chronology enter default model
amphora_trade_site,CEIPAC::Finale Emilia,Finale Emilia,11.283333,44.833333,-400,0,5,CEIPAC-derived site; only selected types with conservative chronology enter default model
amphora_trade_site,CEIPAC::Fiorano Modenese,Fiorano Modenese,10.816667,44.533333,-400,0,2,CEIPAC-derived site; only selected types with conservative chronology enter default model
amphora_trade_site,CEIPAC::Gavello,Gavello,11.916667,45.016667,-400,0,3,CEIPAC-derived site; only selected types with conservative chronology enter default model
amphora_trade_site,CEIPAC::Herculanum,Herculanum,14.333333,40.8,-400,0,1,CEIPAC-derived site; only selected types with conservative chronology enter default model
amphora_trade_site,CEIPAC::Imperia,Imperia,8.05,43.883333,-400,0,21,CEIPAC-derived site; only selected types with conservative chronology enter default model
amphora_trade_site,CEIPAC::Islas de Tremiti,Islas de Tremiti,15.5,42.116667,-400,0,5,CEIPAC-derived site; only selected types with conservative chronology enter default model
amphora_trade_site,CEIPAC::Ivrea,Ivrea,7.866667,45.466667,-400,0,3,CEIPAC-derived site; only selected types with conservative chronology enter default model
amphora_trade_site,CEIPAC::La Torre,La Torre,12.066667,44.016667,-400,0,1,CEIPAC-derived site; only selected types with conservative chronology enter default model
amphora_trade_site,CEIPAC::Lecce,Lecce,18.183333,40.383333,-400,0,5,CEIPAC-derived site; only selected types with conservative chronology enter default model
amphora_trade_site,CEIPAC::Licata,Licata,13.933333,37.1,-400,0,1,CEIPAC-derived site; only selected types with conservative chronology enter default model
amphora_trade_site,CEIPAC::Lilibeo,Lilibeo,12.416667,37.8,-400,0,12,CEIPAC-derived site; only selected types with conservative chronology enter default model
amphora_trade_site,CEIPAC::Ljubljana (Emona),Ljubljana (Emona),14.514444,46.055278,-400,0,24,CEIPAC-derived site; only selected types with conservative chronology enter default model
amphora_trade_site,CEIPAC::Lodi Vecchio,Lodi Vecchio,9.4,45.3,-400,0,10,CEIPAC-derived site; only selected types with conservative chronology enter default model
amphora_trade_site,CEIPAC::Lucania,Lucania,16.0,40.5,-400,0,2,CEIPAC-derived site; only selected types with conservative chronology enter default model
amphora_trade_site,CEIPAC::Lucera,Lucera,15.333333,41.5,-400,0,1,CEIPAC-derived site; only selected types with conservative chronology enter default model
amphora_trade_site,CEIPAC::Maranello,Maranello,10.866667,44.533333,-400,0,1,CEIPAC-derived site; only selected types with conservative chronology enter default model
amphora_trade_site,CEIPAC::Marano Lagunare,Marano Lagunare,13.169167,45.766389,-400,0,5,CEIPAC-derived site; only selected types with conservative chronology enter default model
amphora_trade_site,CEIPAC::Margherita di Savoia,Margherita di Savoia,16.15,41.366667,-400,0,1,CEIPAC-derived site; only selected types with conservative chronology enter default model
amphora_trade_site,CEIPAC::Messina,Messina,15.566667,38.183333,-400,0,1,CEIPAC-derived site; only selected types with conservative chronology enter default model
amphora_trade_site,CEIPAC::Milano,Milano,9.2,45.466667,-400,0,85,CEIPAC-derived site; only selected types with conservative chronology enter default model
amphora_trade_site,CEIPAC::Minturno,Minturno,13.75,41.25,-400,0,1,CEIPAC-derived site; only selected types with conservative chronology enter default model
amphora_trade_site,CEIPAC::Mirandola,Mirandola,11.066667,44.883333,-400,0,1,CEIPAC-derived site; only selected types with conservative chronology enter default model
amphora_trade_site,CEIPAC::Modena,Modena,10.9,44.5,-400,0,3,CEIPAC-derived site; only selected types with conservative chronology enter default model
amphora_trade_site,CEIPAC::Modena,Modena,10.916667,44.666667,-400,0,18,CEIPAC-derived site; only selected types with conservative chronology enter default model
amphora_trade_site,CEIPAC::Modena,Modena,13.033333,45.833333,-400,0,2,CEIPAC-derived site; only selected types with conservative chronology enter default model
amphora_trade_site,CEIPAC::Mondragone,Mondragone,13.883333,41.116667,-400,0,1,CEIPAC-derived site; only selected types with conservative chronology enter default model
amphora_trade_site,CEIPAC::Monopoli,Monopoli,17.3,40.95,-400,0,1,CEIPAC-derived site; only selected types with conservative chronology enter default model
amphora_trade_site,CEIPAC::Monte Pallano,Monte Pallano,14.383333,42.033333,-400,0,2,CEIPAC-derived site; only selected types with conservative chronology enter default model
amphora_trade_site,CEIPAC::Narni,Narni,12.516667,42.516667,-400,0,3,CEIPAC-derived site; only selected types with conservative chronology enter default model
amphora_trade_site,CEIPAC::Oderzo,Oderzo,12.488056,45.78,-400,0,150,CEIPAC-derived site; only selected types with conservative chronology enter default model
amphora_trade_site,CEIPAC::Orbetello,Orbetello,11.216667,42.45,-400,0,1,CEIPAC-derived site; only selected types with conservative chronology enter default model
amphora_trade_site,CEIPAC::Ordona,Ordona,15.616667,41.316667,-400,0,6,CEIPAC-derived site; only selected types with conservative chronology enter default model
amphora_trade_site,CEIPAC::Ostia Antica,Ostia Antica,12.283333,41.75,-400,0,7,CEIPAC-derived site; only selected types with conservative chronology enter default model
amphora_trade_site,CEIPAC::Ostiglia,Ostiglia,11.133333,45.066667,-400,0,11,CEIPAC-derived site; only selected types with conservative chronology enter default model
amphora_trade_site,CEIPAC::Padova,Padova,11.883333,45.416667,-400,0,369,CEIPAC-derived site; only selected types with conservative chronology enter default model
amphora_trade_site,CEIPAC::Palermo,Palermo,13.366667,38.116667,-400,0,1,CEIPAC-derived site; only selected types with conservative chronology enter default model
amphora_trade_site,CEIPAC::Parenzo (Porec),Parenzo (Porec),13.593889,45.225833,-400,0,1,CEIPAC-derived site; only selected types with conservative chronology enter default model
amphora_trade_site,CEIPAC::Parma,Parma,10.333333,44.8,-400,0,1,CEIPAC-derived site; only selected types with conservative chronology enter default model
amphora_trade_site,CEIPAC::Pavia,Pavia,9.166667,45.166667,-400,0,1,CEIPAC-derived site; only selected types with conservative chronology enter default model
amphora_trade_site,CEIPAC::Pegognaga,Pegognaga,10.85,45.0,-400,0,27,CEIPAC-derived site; only selected types with conservative chronology enter default model
amphora_trade_site,CEIPAC::Piadena,Piadena,10.366667,45.133333,-400,0,5,CEIPAC-derived site; only selected types with conservative chronology enter default model
amphora_trade_site,CEIPAC::Pisa,Pisa,10.383333,43.716667,-400,0,3,CEIPAC-derived site; only selected types with conservative chronology enter default model
amphora_trade_site,CEIPAC::Pisa,Pisa,10.716667,43.416667,-400,0,1,CEIPAC-derived site; only selected types with conservative chronology enter default model
amphora_trade_site,CEIPAC::Poggio Rusco,Poggio Rusco,11.116667,44.983333,-400,0,1,CEIPAC-derived site; only selected types with conservative chronology enter default model
amphora_trade_site,CEIPAC::Pompeya,Pompeya,14.483333,40.75,-400,0,4,CEIPAC-derived site; only selected types with conservative chronology enter default model
amphora_trade_site,CEIPAC::Populonia,Populonia,10.483333,42.983333,-400,0,1,CEIPAC-derived site; only selected types with conservative chronology enter default model
amphora_trade_site,CEIPAC::Pozzuolo del Friuli,Pozzuolo del Friuli,13.195556,45.987778,-400,0,2,CEIPAC-derived site; only selected types with conservative chronology enter default model
amphora_trade_site,CEIPAC::Revere,Revere,11.133333,45.05,-400,0,1,CEIPAC-derived site; only selected types with conservative chronology enter default model
amphora_trade_site,CEIPAC::Riolo,Riolo,11.083333,44.616667,-400,0,1,CEIPAC-derived site; only selected types with conservative chronology enter default model
amphora_trade_site,CEIPAC::Salapia,Salapia,16.0,41.4,-400,0,1,CEIPAC-derived site; only selected types with conservative chronology enter default model
amphora_trade_site,CEIPAC::San Cataldo,San Cataldo,18.3,40.383333,-400,0,10,CEIPAC-derived site; only selected types with conservative chronology enter default model
amphora_trade_site,CEIPAC::Santa Severa,Santa Severa,11.95,42.033333,-400,0,3,CEIPAC-derived site; only selected types with conservative chronology enter default model
amphora_trade_site,CEIPAC::Sardegna,Sardegna,8.44,39.881944,-400,0,6,CEIPAC-derived site; only selected types with conservative chronology enter default model
amphora_trade_site,CEIPAC::Sardegna,Sardegna,9.0,40.0,-400,0,2,CEIPAC-derived site; only selected types with conservative chronology enter default model
amphora_trade_site,CEIPAC::Sassuolo,Sassuolo,10.783333,44.55,-400,0,1,CEIPAC-derived site; only selected types with conservative chronology enter default model
amphora_trade_site,CEIPAC::Segesta,Segesta,12.833333,37.933333,-400,0,1,CEIPAC-derived site; only selected types with conservative chronology enter default model
amphora_trade_site,CEIPAC::Selinunte,Selinunte,12.816667,37.583333,-400,0,1,CEIPAC-derived site; only selected types with conservative chronology enter default model
amphora_trade_site,CEIPAC::Sermide,Sermide,11.366667,45.0,-400,0,1,CEIPAC-derived site; only selected types with conservative chronology enter default model
amphora_trade_site,CEIPAC::Sevegliano,Sevegliano,13.306944,45.887778,-400,0,1,CEIPAC-derived site; only selected types with conservative chronology enter default model
amphora_trade_site,CEIPAC::Sicilia,Sicilia,14.0,37.5,-400,0,2,CEIPAC-derived site; only selected types with conservative chronology enter default model
amphora_trade_site,CEIPAC::Spargi,Spargi,9.35,41.233333,-400,0,6,CEIPAC-derived site; only selected types with conservative chronology enter default model
amphora_trade_site,CEIPAC::Susa,Susa,7.05,45.133333,-400,0,3,CEIPAC-derived site; only selected types with conservative chronology enter default model
amphora_trade_site,CEIPAC::Taranto,Taranto,17.229722,40.476111,-400,0,30,CEIPAC-derived site; only selected types with conservative chronology enter default model
amphora_trade_site,CEIPAC::Tivoli,Tivoli,7.166667,44.683333,-400,0,2,CEIPAC-derived site; only selected types with conservative chronology enter default model
amphora_trade_site,CEIPAC::Torre Valdaliga,Torre Valdaliga,11.75,42.116667,-400,0,2,CEIPAC-derived site; only selected types with conservative chronology enter default model
amphora_trade_site,CEIPAC::Tortona,Tortona,8.866667,44.9,-400,0,52,CEIPAC-derived site; only selected types with conservative chronology enter default model
amphora_trade_site,CEIPAC::Toscana,Toscana,11.0,43.416667,-400,0,3,CEIPAC-derived site; only selected types with conservative chronology enter default model
amphora_trade_site,CEIPAC::Tournus,Tournus,6.75,44.466667,-400,0,7,CEIPAC-derived site; only selected types with conservative chronology enter default model
amphora_trade_site,CEIPAC::Trapani,Trapani,12.483333,38.016667,-400,0,4,CEIPAC-derived site; only selected types with conservative chronology enter default model
amphora_trade_site,CEIPAC::Trieste,Trieste,13.766667,45.666667,-400,0,3,CEIPAC-derived site; only selected types with conservative chronology enter default model
amphora_trade_site,CEIPAC::Trinitapoli,Trinitapoli,16.083333,41.35,-400,0,3,CEIPAC-derived site; only selected types with conservative chronology enter default model
amphora_trade_site,CEIPAC::Turrida di Sedegliano,Turrida di Sedegliano,12.932778,46.029444,-400,0,1,CEIPAC-derived site; only selected types with conservative chronology enter default model
amphora_trade_site,CEIPAC::Ugento,Ugento,18.166667,39.933333,-400,0,2,CEIPAC-derived site; only selected types with conservative chronology enter default model
amphora_trade_site,CEIPAC::Umbria,Umbria,12.55,43.05,-400,0,4,CEIPAC-derived site; only selected types with conservative chronology enter default model
amphora_trade_site,CEIPAC::Vallebuona,Vallebuona,9.116667,44.45,-400,0,3,CEIPAC-derived site; only selected types with conservative chronology enter default model
amphora_trade_site,CEIPAC::Ventimiglia,Ventimiglia,7.6,43.783333,-400,0,2,CEIPAC-derived site; only selected types with conservative chronology enter default model
amphora_trade_site,CEIPAC::Vercelli,Vercelli,8.416667,45.316667,-400,0,37,CEIPAC-derived site; only selected types with conservative chronology enter default model
amphora_trade_site,CEIPAC::Verona,Verona,11.0,45.45,-400,0,1,CEIPAC-derived site; only selected types with conservative chronology enter default model
amphora_trade_site,CEIPAC::Vibo Valentia,Vibo Valentia,16.1,38.666667,-400,0,3,CEIPAC-derived site; only selected types with conservative chronology enter default model
amphora_trade_site,CEIPAC::Vicenza,Vicenza,11.55,45.55,-400,0,143,CEIPAC-derived site; only selected types with conservative chronology enter default model
amphora_trade_site,CEIPAC::Vrhnika,Vrhnika,14.295556,45.966111,-400,0,1,CEIPAC-derived site; only selected types with conservative chronology enter default model
amphora_trade_site,CEIPAC::Île Cavallo,Île Cavallo,9.262903,41.368374,-400,0,10,CEIPAC-derived site; only selected types with conservative chronology enter default model
amphora_trade_site,CEIPAC::Îles Lavezzi,Îles Lavezzi,9.254185,41.341096,-400,0,93,CEIPAC-derived site; only selected types with conservative chronology enter default model
amphora_trade_site,CEIPAC::Îles Perduto,Îles Perduto,9.305129,41.369872,-400,0,11,CEIPAC-derived site; only selected types with conservative chronology enter default model
