{"type":"FeatureCollection","features":[{"type":"Feature","geometry":{"type":"MultiLineString","coordinates":[[[8.19406,46.03006],[8.52148,46.02816]]]},"properties":{"name":"Lepontii","class":"people, tribe","pid":"383692","type":"people, tribe","p_min_date":"-330.0","p_max_date":"300.0","kind":"cultural-region","source":"awmc-regional-names"}},{"type":"Feature","geometry":{"type":"MultiLineString","coordinates":[[[9.15019,45.97676],[9.18113,45.99103],[9.20849,46.01483],[9.22515,46.05409]]]},"properties":{"name":"Ausuciates","class":"people, tribe","pid":"383582","type":"people, tribe","p_min_date":"-30.0","p_max_date":"640.0","kind":"cultural-region","source":"awmc-regional-names"}},{"type":"Feature","geometry":{"type":"MultiLineString","coordinates":[[[10.90998,46.05647],[11.03193,46.05587]]]},"properties":{"name":"Tublinates","class":"people, tribe","pid":"383806","type":"people, tribe","p_min_date":"-30.0","p_max_date":"640.0","kind":"cultural-region","source":"awmc-regional-names"}},{"type":"Feature","geometry":{"type":"MultiLineString","coordinates":[[[8.36164,45.56332],[8.41875,45.58355],[8.49429,45.59604]]]},"properties":{"name":"Pagus Agaminus","class":"region","pid":"383728","type":"region","p_min_date":"-30.0","p_max_date":"640.0","kind":"cultural-region","source":"awmc-regional-names"}},{"type":"Feature","geometry":{"type":"MultiLineString","coordinates":[[[8.90047,45.9024],[9.02182,45.90121]]]},"properties":{"name":"Subinates","class":"people, tribe","pid":"383787","type":"people, tribe","p_min_date":"-30.0","p_max_date":"640.0","kind":"cultural-region","source":"awmc-regional-names"}},{"type":"Feature","geometry":{"type":"MultiLineString","coordinates":[[[8.71725,45.74059],[8.76246,45.74238],[8.82135,45.75368],[8.86597,45.76855]]]},"properties":{"name":"Montunates","class":"people, tribe","pid":"383714","type":"people, tribe","p_min_date":"-30.0","p_max_date":"640.0","kind":"cultural-region","source":"awmc-regional-names"}},{"type":"Feature","geometry":{"type":"MultiLineString","coordinates":[[[8.65657,45.6936],[8.72498,45.69301],[8.80588,45.6823]]]},"properties":{"name":"Votodrones","class":"people, tribe","pid":"383828","type":"people, tribe","p_min_date":"-30.0","p_max_date":"640.0","kind":"cultural-region","source":"awmc-regional-names"}},{"type":"Feature","geometry":{"type":"MultiLineString","coordinates":[[[8.90731,45.62995],[9.36357,45.62876]]]},"properties":{"name":"Insubres","class":"people, tribe","pid":"383678","type":"people, tribe","p_min_date":"-330.0","p_max_date":"300.0","kind":"cultural-region","source":"awmc-regional-names"}},{"type":"Feature","geometry":{"type":"MultiLineString","coordinates":[[[9.1518,45.75011],[9.29695,45.74833]]]},"properties":{"name":"Gallianates","class":"people, tribe","pid":"383662","type":"people, tribe","p_min_date":"-30.0","p_max_date":"640.0","kind":"cultural-region","source":"awmc-regional-names"}},{"type":"Feature","geometry":{"type":"MultiLineString","coordinates":[[[9.51633,45.90894],[9.71323,45.85064],[9.87682,45.78937]]]},"properties":{"name":"Orumbovii","class":"people, tribe","pid":"383725","type":"people, tribe","p_min_date":"-330.0","p_max_date":"300.0","kind":"cultural-region","source":"awmc-regional-names"}},{"type":"Feature","geometry":{"type":"MultiLineString","coordinates":[[[9.68111,45.74357],[9.80008,45.74297]]]},"properties":{"name":"Anesiates","class":"people, tribe","pid":"383571","type":"people, tribe","p_min_date":"-30.0","p_max_date":"640.0","kind":"cultural-region","source":"awmc-regional-names"}},{"type":"Feature","geometry":{"type":"MultiLineString","coordinates":[[[9.43953,45.84589],[9.502,45.84113],[9.61383,45.84291]]]},"properties":{"name":"*Bromanenses","class":"people, tribe","pid":"383604","type":"people, tribe","p_min_date":"-30.0","p_max_date":"640.0","kind":"cultural-region","source":"awmc-regional-names"}},{"type":"Feature","geometry":{"type":"MultiLineString","coordinates":[[[10.12726,45.66207],[10.19983,45.66624],[10.27776,45.66445]]]},"properties":{"name":"Gennanates","class":"people, tribe","pid":"383663","type":"people, tribe","p_min_date":"-30.0","p_max_date":"640.0","kind":"cultural-region","source":"awmc-regional-names"}},{"type":"Feature","geometry":{"type":"MultiLineString","coordinates":[[[10.12898,45.8679],[10.22476,45.94225],[10.27592,45.97438]]]},"properties":{"name":"Camunni","class":"people, tribe","pid":"383608","type":"people, tribe","p_min_date":"-330.0","p_max_date":"640.0","kind":"cultural-region","source":"awmc-regional-names"}},{"type":"Feature","geometry":{"type":"MultiLineString","coordinates":[[[10.2194,45.80603],[10.37228,45.80425]]]},"properties":{"name":"*Vobenenses","class":"people, tribe","pid":"383826","type":"people, tribe","p_min_date":"-30.0","p_max_date":"640.0","kind":"cultural-region","source":"awmc-regional-names"}},{"type":"Feature","geometry":{"type":"MultiLineString","coordinates":[[[10.21286,45.69003],[10.2664,45.79294],[10.33064,45.87265],[10.37466,45.91192]]]},"properties":{"name":"Trump(i)lini","class":"people, tribe","pid":"383805","type":"people, tribe","p_min_date":"-330.0","p_max_date":"300.0","kind":"cultural-region","source":"awmc-regional-names"}},{"type":"Feature","geometry":{"type":"MultiLineString","coordinates":[[[10.36158,45.74476],[10.36752,45.71383],[10.37704,45.69241],[10.43355,45.6359]]]},"properties":{"name":"Sabini","class":"people, tribe","pid":"383763","type":"people, tribe","p_min_date":"-330.0","p_max_date":"300.0","kind":"cultural-region","source":"awmc-regional-names"}},{"type":"Feature","geometry":{"type":"MultiLineString","coordinates":[[[10.43605,45.73643],[10.52528,45.73584]]]},"properties":{"name":"Edrani","class":"people, tribe","pid":"383639","type":"people, tribe","p_min_date":"-30.0","p_max_date":"640.0","kind":"cultural-region","source":"awmc-regional-names"}},{"type":"Feature","geometry":{"type":"MultiLineString","coordinates":[[[10.63147,45.68527],[10.70344,45.74476],[10.77304,45.8215]]]},"properties":{"name":"Benacenses","class":"people, tribe","pid":"383586","type":"people, tribe","p_min_date":"-330.0","p_max_date":"300.0","kind":"cultural-region","source":"awmc-regional-names"}},{"type":"Feature","geometry":{"type":"MultiLineString","coordinates":[[[10.57317,45.88991],[10.63325,45.95594],[10.65348,45.99044]]]},"properties":{"name":"Stoeni?","class":"people, tribe","pid":"383784","type":"people, tribe","p_min_date":"-330.0","p_max_date":"300.0","kind":"cultural-region","source":"awmc-regional-names"}},{"type":"Feature","geometry":{"type":"MultiLineString","coordinates":[[[10.81897,45.71085],[10.8618,45.77688],[10.89035,45.84291],[10.91296,45.93987],[10.91177,45.96783]]]},"properties":{"name":"Belounoi?","class":"people, tribe","pid":"383585","type":"people, tribe","p_min_date":"-330.0","p_max_date":"300.0","kind":"cultural-region","source":"awmc-regional-names"}},{"type":"Feature","geometry":{"type":"MultiLineString","coordinates":[[[8.32281,45.38403],[8.46415,45.3826]]]},"properties":{"name":"Libicii","class":"people, tribe","pid":"383695","type":"people, tribe","p_min_date":"-330.0","p_max_date":"300.0","kind":"cultural-region","source":"awmc-regional-names"}},{"type":"Feature","geometry":{"type":"MultiLineString","coordinates":[[[8.467,45.07209],[8.5648,45.09992]]]},"properties":{"name":"Iadatini","class":"people, tribe","pid":"383673","type":"people, tribe","p_min_date":"-330.0","p_max_date":"300.0","kind":"cultural-region","source":"awmc-regional-names"}},{"type":"Feature","geometry":{"type":"MultiLineString","coordinates":[[[8.07153,45.04306],[8.17028,45.1192],[8.41537,45.281],[8.66759,45.40949],[8.98644,45.54155]]]},"properties":{"name":"Transpadana","class":"region","pid":"383801","type":"region","p_min_date":"-30.0","p_max_date":"640.0","kind":"cultural-region","source":"awmc-regional-names"}},{"type":"Feature","geometry":{"type":"MultiLineString","coordinates":[[[8.46399,45.46378],[8.62341,45.47473],[8.72954,45.46949]]]},"properties":{"name":"Vertamocori","class":"people, tribe","pid":"383817","type":"people, tribe","p_min_date":"-330.0","p_max_date":"300.0","kind":"cultural-region","source":"awmc-regional-names"}},{"type":"Feature","geometry":{"type":"MultiLineString","coordinates":[[[8.95373,45.23843],[9.06508,45.237]]]},"properties":{"name":"Laevi","class":"people, tribe","pid":"383684","type":"people, tribe","p_min_date":"-330.0","p_max_date":"300.0","kind":"cultural-region","source":"awmc-regional-names"}},{"type":"Feature","geometry":{"type":"MultiLineString","coordinates":[[[8.90233,45.20131],[9.04724,45.19845]]]},"properties":{"name":"Marici","class":"people, tribe","pid":"383705","type":"people, tribe","p_min_date":"-330.0","p_max_date":"300.0","kind":"cultural-region","source":"awmc-regional-names"}},{"type":"Feature","geometry":{"type":"MultiLineString","coordinates":[[[8.66096,45.09566],[9.282,45.19203],[10.19571,45.30267],[10.41343,45.32052]]]},"properties":{"name":"Langobardi","class":"people, tribe","pid":"383688","type":"people, tribe","p_min_date":"300.0","p_max_date":"640.0","kind":"cultural-region","source":"awmc-regional-names"}},{"type":"Feature","geometry":{"type":"MultiLineString","coordinates":[[[9.19002,45.0638],[9.41012,45.05785]]]},"properties":{"name":"Anamares","class":"people, tribe","pid":"383569","type":"people, tribe","p_min_date":"-330.0","p_max_date":"300.0","kind":"cultural-region","source":"awmc-regional-names"}},{"type":"Feature","geometry":{"type":"MultiLineString","coordinates":[[[9.88275,45.33981],[10.04456,45.29984],[10.24729,45.23797],[10.38149,45.18182]]]},"properties":{"name":"Cenomani","class":"people, tribe","pid":"383614","type":"people, tribe","p_min_date":"-330.0","p_max_date":"-30.0","kind":"cultural-region","source":"awmc-regional-names"}},{"type":"Feature","geometry":{"type":"MultiLineString","coordinates":[[[10.78495,44.73279],[10.9063,44.71852],[11.04452,44.69162],[11.22039,44.63999],[11.3465,44.59716]]]},"properties":{"name":"Boi(i)","class":"people, tribe","pid":"393390","type":"people, tribe","p_min_date":"-550.0","p_max_date":"300.0","kind":"cultural-region","source":"awmc-regional-names"}},{"type":"Feature","geometry":{"type":"MultiLineString","coordinates":[[[10.7701,44.595],[10.86219,44.56288]]]},"properties":{"name":"Campi Macri","class":"plain","pid":"383607","type":"plain","p_min_date":"-330.0","p_max_date":"300.0","kind":"cultural-region","source":"awmc-regional-names"}},{"type":"Feature","geometry":{"type":"MultiLineString","coordinates":[[[10.45587,44.62356],[10.64456,44.65903],[10.84205,44.68045],[11.38219,44.70662],[11.66297,44.72803],[11.79384,44.71614],[11.94374,44.67569]]]},"properties":{"name":"Aemilia","class":"region","pid":"393372","type":"region","p_min_date":"-30.0","p_max_date":"640.0","kind":"cultural-region","source":"awmc-regional-names"}},{"type":"Feature","geometry":{"type":"MultiLineString","coordinates":[[[10.32669,44.09872],[10.39379,44.1544],[10.523,44.23578],[10.61937,44.28003],[10.74429,44.32286]]]},"properties":{"name":"Friniates","class":"people, tribe","pid":"403210","type":"people, tribe","p_min_date":"-550.0","p_max_date":"300.0","kind":"cultural-region","source":"awmc-regional-names"}},{"type":"Feature","geometry":{"type":"MultiLineString","coordinates":[[[8.81762,44.52778],[8.93837,44.52243],[9.01392,44.50875]]]},"properties":{"name":"V(e)iturii","class":"people, tribe","pid":"383810","type":"people, tribe","p_min_date":"-330.0","p_max_date":"300.0","kind":"cultural-region","source":"awmc-regional-names"}},{"type":"Feature","geometry":{"type":"MultiLineString","coordinates":[[[8.7962,44.49626],[8.87948,44.49566],[8.95265,44.48793],[9.01154,44.47544]]]},"properties":{"name":"Langenses","class":"people, tribe","pid":"383687","type":"people, tribe","p_min_date":"-330.0","p_max_date":"300.0","kind":"cultural-region","source":"awmc-regional-names"}},{"type":"Feature","geometry":{"type":"MultiLineString","coordinates":[[[8.31374,44.711],[8.50945,44.73896]]]},"properties":{"name":"Statielli","class":"people, tribe","pid":"383783","type":"people, tribe","p_min_date":"-330.0","p_max_date":"300.0","kind":"cultural-region","source":"awmc-regional-names"}},{"type":"Feature","geometry":{"type":"MultiLineString","coordinates":[[[8.94031,44.54654],[9.01217,44.57057],[9.06143,44.57652]]]},"properties":{"name":"Ioventio Mons","class":"mountain","pid":"383679","type":"mountain","p_min_date":"-30.0","p_max_date":"640.0","kind":"cultural-region","source":"awmc-regional-names"}},{"type":"Feature","geometry":{"type":"MultiLineString","coordinates":[[[8.64034,44.65889],[9.01878,44.62986],[9.31026,44.56145],[9.61067,44.46033],[9.89918,44.34135],[10.20554,44.19561],[10.50892,44.00228]]]},"properties":{"name":"Liguria","class":"region","pid":"383698","type":"region","p_min_date":"-750.0","p_max_date":"640.0","kind":"cultural-region","source":"awmc-regional-names"}},{"type":"Feature","geometry":{"type":"MultiLineString","coordinates":[[[9.38527,45.66362],[9.53518,45.69633],[9.57147,45.70823]]]},"properties":{"name":"Pagus *Fortunensis","class":"region","pid":"383732","type":"region","p_min_date":"-30.0","p_max_date":"300.0","kind":"cultural-region","source":"awmc-regional-names"}},{"type":"Feature","geometry":{"type":"MultiLineString","coordinates":[[[10.83092,45.54603],[10.91896,45.56388],[11.00819,45.59065]]]},"properties":{"name":"Pagus Arusnatium","class":"region","pid":"383730","type":"region","p_min_date":"-30.0","p_max_date":"300.0","kind":"cultural-region","source":"awmc-regional-names"}},{"type":"Feature","geometry":{"type":"MultiLineString","coordinates":[[[9.94091,45.36683],[10.13079,45.39824]]]},"properties":{"name":"Pagus Farraticanus","class":"region","pid":"383731","type":"region","p_min_date":"-30.0","p_max_date":"300.0","kind":"cultural-region","source":"awmc-regional-names"}},{"type":"Feature","geometry":{"type":"MultiLineString","coordinates":[[[9.71022,44.58819],[9.78065,44.66624]]]},"properties":{"name":"Pagus Salutaris","class":"region","pid":"383734","type":"region","p_min_date":"-30.0","p_max_date":"300.0","kind":"cultural-region","source":"awmc-regional-names"}},{"type":"Feature","geometry":{"type":"MultiLineString","coordinates":[[[9.4639,44.95891],[9.55241,44.92607]]]},"properties":{"name":"Pagus Luras","class":"region","pid":"383733","type":"region","p_min_date":"-30.0","p_max_date":"300.0","kind":"cultural-region","source":"awmc-regional-names"}},{"type":"Feature","geometry":{"type":"MultiLineString","coordinates":[[[9.38157,44.81091],[9.47104,44.84707],[9.5172,44.87277],[9.57716,44.92845],[9.64188,44.99746]]]},"properties":{"name":"Pagus Ambitrebius","class":"region","pid":"383729","type":"region","p_min_date":"-30.0","p_max_date":"300.0","kind":"cultural-region","source":"awmc-regional-names"}},{"type":"Feature","geometry":{"type":"MultiLineString","coordinates":[[[11.13499,45.56449],[11.52046,45.56449]]]},"properties":{"name":"Dripsinates","class":"people, tribe","pid":"393411","type":"people, tribe","p_min_date":"-30.0","p_max_date":"300.0","kind":"cultural-region","source":"awmc-regional-names"}},{"type":"Feature","geometry":{"type":"MultiLineString","coordinates":[[[11.30708,45.65193],[11.45818,45.7019],[11.70088,45.76853],[11.82819,45.79827],[12.09231,45.84467]]]},"properties":{"name":"Venetia","class":"region","pid":"393511","type":"region","p_min_date":"-30.0","p_max_date":"640.0","kind":"cultural-region","source":"awmc-regional-names"}},{"type":"Feature","geometry":{"type":"MultiLineString","coordinates":[[[11.4837,45.83325],[11.91557,45.83467]]]},"properties":{"name":"Misquilenses","class":"people, tribe","pid":"393453","type":"people, tribe","p_min_date":"-30.0","p_max_date":"300.0","kind":"cultural-region","source":"awmc-regional-names"}},{"type":"Feature","geometry":{"type":"MultiLineString","coordinates":[[[11.83555,45.33856],[11.97903,45.37496]]]},"properties":{"name":"Pagus Disaenius","class":"region","pid":"393471","type":"region","p_min_date":"-30.0","p_max_date":"300.0","kind":"cultural-region","source":"awmc-regional-names"}},{"type":"Feature","geometry":{"type":"MultiLineString","coordinates":[[[11.55815,44.60613],[11.99977,44.44337]]]},"properties":{"name":"Lingones","class":"people, tribe","pid":"177564","type":"people, tribe","p_min_date":"-330.0","p_max_date":"640.0","kind":"cultural-region","source":"awmc-regional-names"}},{"type":"Feature","geometry":{"type":"MultiLineString","coordinates":[[[9.86669,44.15511],[10.02945,44.10657],[10.16579,44.03661],[10.23432,43.99593]]]},"properties":{"name":"Apuani","class":"people, tribe","pid":"403177","type":"people, tribe","p_min_date":"-550.0","p_max_date":"-330.0","kind":"cultural-region","source":"awmc-regional-names"}},{"type":"Feature","geometry":{"type":"MultiLineString","coordinates":[[[9.84493,43.42944],[9.93487,43.43039]]]},"properties":{"name":"Urgo/Gorgon Ins.","class":"archipelago, island group, island","pid":"403286","type":"archipelago, island group, island","p_min_date":"1700.0","p_max_date":"2100.0","kind":"cultural-region","source":"awmc-regional-names"}},{"type":"Feature","geometry":{"type":"MultiLineString","coordinates":[[[9.79232,43.05677],[9.85519,43.05526]]]},"properties":{"name":"Caprasia Ins.","class":"archipelago, island group, island","pid":"403193","type":"archipelago, island group, island","p_min_date":"1700.0","p_max_date":"2100.0","kind":"cultural-region","source":"awmc-regional-names"}},{"type":"Feature","geometry":{"type":"MultiLineString","coordinates":[[[9.12751,42.3901],[9.16606,42.3794],[9.25672,42.36512],[9.64611,42.30855],[9.79424,42.26929]]]},"properties":{"name":"Corsica/Kyrnos","class":"archipelago, island group, island","pid":"472063","type":"archipelago, island group, island","p_min_date":"-330.0","p_max_date":"2100.0","kind":"cultural-region","source":"awmc-regional-names"}},{"type":"Feature","geometry":{"type":"MultiLineString","coordinates":[[[9.34679,42.74556],[9.37534,42.72082],[9.3939,42.69702],[9.41389,42.65943]]]},"properties":{"name":"Vanacini","class":"people, tribe","pid":"472144","type":"people, tribe","p_min_date":"-330.0","p_max_date":"300.0","kind":"cultural-region","source":"awmc-regional-names"}},{"type":"Feature","geometry":{"type":"MultiLineString","coordinates":[[[10.15325,42.71104],[10.33349,42.71104]]]},"properties":{"name":"Ilva/Aethalia Ins.","class":"archipelago, island group, island","pid":"403222","type":"archipelago, island group, island","p_min_date":"1700.0","p_max_date":"2100.0","kind":"cultural-region","source":"awmc-regional-names"}},{"type":"Feature","geometry":{"type":"MultiLineString","coordinates":[[[10.10535,42.59685],[10.15818,42.59662]]]},"properties":{"name":"Planasia Ins.","class":"archipelago, island group, island","pid":"403255","type":"archipelago, island group, island","p_min_date":"-330.0","p_max_date":"2100.0","kind":"cultural-region","source":"awmc-regional-names"}},{"type":"Feature","geometry":{"type":"MultiLineString","coordinates":[[[10.32926,42.33497],[10.37459,42.33461]]]},"properties":{"name":"Oglasa Ins.","class":"archipelago, island group, island","pid":"403247","type":"archipelago, island group, island","p_min_date":"1700.0","p_max_date":"2100.0","kind":"cultural-region","source":"awmc-regional-names"}},{"type":"Feature","geometry":{"type":"MultiLineString","coordinates":[[[10.83906,42.34311],[10.89201,42.34311]]]},"properties":{"name":"Igilium Ins.","class":"archipelago, island group, island","pid":"403221","type":"archipelago, island group, island","p_min_date":"1700.0","p_max_date":"2100.0","kind":"cultural-region","source":"awmc-regional-names"}},{"type":"Feature","geometry":{"type":"MultiLineString","coordinates":[[[11.02754,42.25586],[11.14318,42.2555]]]},"properties":{"name":"Artemisia/Dianium Ins.","class":"archipelago, island group, island","pid":"403182","type":"archipelago, island group, island","p_min_date":"-30.0","p_max_date":"2100.0","kind":"cultural-region","source":"awmc-regional-names"}},{"type":"Feature","geometry":{"type":"MultiLineString","coordinates":[[[11.09713,42.40416],[11.17601,42.3906]]]},"properties":{"name":"Argentarius M.","class":"mountain","pid":"403179","type":"mountain","p_min_date":"1700.0","p_max_date":"2100.0","kind":"cultural-region","source":"awmc-regional-names"}},{"type":"Feature","geometry":{"type":"MultiLineString","coordinates":[[[10.8849,43.46355],[11.00268,43.42607],[11.07763,43.37967],[11.35603,43.12091],[11.47381,43.01918],[11.69153,42.77112],[11.80218,42.62479]]]},"properties":{"name":"Etruria/Tuscia","class":"region","pid":"413122","type":"region","p_min_date":"-750.0","p_max_date":"640.0","kind":"cultural-region","source":"awmc-regional-names"}},{"type":"Feature","geometry":{"type":"MultiLineString","coordinates":[[[11.26269,43.98954],[11.41783,43.96385],[11.49874,43.94291]]]},"properties":{"name":"Mucella","class":"region","type":"region","kind":"cultural-region","source":"awmc-regional-names"}},{"type":"Feature","geometry":{"type":"MultiLineString","coordinates":[[[11.67891,43.84582],[11.76552,43.76492],[11.86546,43.6488]]]},"properties":{"name":"Casuentillani","class":"people, tribe","pid":"413075","type":"people, tribe","p_min_date":"-330.0","p_max_date":"640.0","kind":"cultural-region","source":"awmc-regional-names"}},{"type":"Feature","geometry":{"type":"MultiLineString","coordinates":[[[11.96368,43.88627],[12.08742,43.91864]]]},"properties":{"name":"Sappinates?","class":"people, tribe","pid":"413305","type":"people, tribe","p_min_date":"-330.0","p_max_date":"-30.0","kind":"cultural-region","source":"awmc-regional-names"}},{"type":"Feature","geometry":{"type":"MultiLineString","coordinates":[[[12.8488,43.92121],[13.18478,43.71086]]]},"properties":{"name":"Senones","class":"people, tribe","pid":"413311","type":"people, tribe","p_min_date":"-550.0","p_max_date":"-30.0","kind":"cultural-region","source":"awmc-regional-names"}},{"type":"Feature","geometry":{"type":"MultiLineString","coordinates":[[[12.43727,44.12953],[12.48188,44.11347],[12.65499,43.97605],[12.70674,43.9475],[12.96015,43.76725],[13.16895,43.65304]]]},"properties":{"name":"Ager Gallicus","class":"region","pid":"393373","type":"region","p_min_date":"-330.0","p_max_date":"640.0","kind":"cultural-region","source":"awmc-regional-names"}},{"type":"Feature","geometry":{"type":"MultiLineString","coordinates":[[[12.64785,43.87433],[12.72459,43.81901],[12.84951,43.74405],[13.11363,43.60843]]]},"properties":{"name":"Flaminia","class":"region","pid":"413137","type":"region","p_min_date":"-30.0","p_max_date":"640.0","kind":"cultural-region","source":"awmc-regional-names"}},{"type":"Feature","geometry":{"type":"MultiLineString","coordinates":[[[12.65035,42.53172],[12.76647,42.61833],[12.88449,42.72398]]]},"properties":{"name":"Naharcer","class":"people, tribe","pid":"413219","type":"people, tribe","p_min_date":"-550.0","p_max_date":"-30.0","kind":"cultural-region","source":"awmc-regional-names"}},{"type":"Feature","geometry":{"type":"MultiLineString","coordinates":[[[13.73338,42.88769],[13.79239,42.78585],[13.86949,42.67829]]]},"properties":{"name":"Praetuttii","class":"people, tribe","pid":"413273","type":"people, tribe","p_min_date":"-330.0","p_max_date":"300.0","kind":"cultural-region","source":"awmc-regional-names"}},{"type":"Feature","geometry":{"type":"MultiLineString","coordinates":[[[13.67152,42.70018],[13.87044,42.47461]]]},"properties":{"name":"*Aprutium","class":"region","pid":"413019","type":"region","p_min_date":"300.0","p_max_date":"640.0","kind":"cultural-region","source":"awmc-regional-names"}},{"type":"Feature","geometry":{"type":"MultiLineString","coordinates":[[[13.41073,43.33217],[13.55159,43.04092],[13.65439,42.86199],[13.73243,42.73826]]]},"properties":{"name":"Picenum","class":"region","pid":"413253","type":"region","p_min_date":"-550.0","p_max_date":"640.0","kind":"cultural-region","source":"awmc-regional-names"}},{"type":"Feature","geometry":{"type":"MultiLineString","coordinates":[[[13.22154,42.92876],[13.23225,42.88985],[13.2633,42.83096]]]},"properties":{"name":"Tetricus M.","class":"mountain","pid":"413336","type":"mountain","p_min_date":"1700.0","p_max_date":"2100.0","kind":"cultural-region","source":"awmc-regional-names"}},{"type":"Feature","geometry":{"type":"MultiLineString","coordinates":[[[12.69865,42.11879],[12.87663,42.3396],[12.9642,42.42336],[13.08032,42.50997],[13.21928,42.59944]]]},"properties":{"name":"Sabini","class":"people, tribe","type":"people, tribe","kind":"cultural-region","source":"awmc-regional-names"}},{"type":"Feature","geometry":{"type":"MultiLineString","coordinates":[[[12.62266,43.69499],[12.72508,43.62715],[12.78827,43.55222],[12.83966,43.45323],[12.86822,43.34854],[12.88344,43.25907],[12.88524,43.17308],[12.912,42.88597],[12.9139,42.60995]]]},"properties":{"name":"Umbria","class":"region","pid":"413360","type":"region","p_min_date":"-750.0","p_max_date":"640.0","kind":"cultural-region","source":"awmc-regional-names"}},{"type":"Feature","geometry":{"type":"MultiLineString","coordinates":[[[11.43584,42.65579],[11.50294,42.66507]]]},"properties":{"name":"Caletranus Ager","class":"region","pid":"413059","type":"region","p_min_date":"-550.0","p_max_date":"640.0","kind":"cultural-region","source":"awmc-regional-names"}},{"type":"Feature","geometry":{"type":"MultiLineString","coordinates":[[[11.78426,42.29412],[11.80092,42.28413],[11.8347,42.27413],[11.89847,42.26652]]]},"properties":{"name":"Tarchna/Tarquinii","class":"region","pid":"413332","type":"region","p_min_date":"-750.0","p_max_date":"2100.0","kind":"cultural-region","source":"awmc-regional-names"}},{"type":"Feature","geometry":{"type":"MultiLineString","coordinates":[[[12.13556,42.36741],[12.20647,42.34932]]]},"properties":{"name":"Ciminius M.","class":"mountain","pid":"413081","type":"mountain","p_min_date":"1700.0","p_max_date":"2100.0","kind":"cultural-region","source":"awmc-regional-names"}},{"type":"Feature","geometry":{"type":"MultiLineString","coordinates":[[[12.20238,42.42832],[12.348,42.26985]]]},"properties":{"name":"Falisci","class":"people, tribe","pid":"413128","type":"people, tribe","p_min_date":"-750.0","p_max_date":"-30.0","kind":"cultural-region","source":"awmc-regional-names"}},{"type":"Feature","geometry":{"type":"MultiLineString","coordinates":[[[12.50912,42.24463],[12.55908,42.26188]]]},"properties":{"name":"Soracte M.","class":"mountain","pid":"413317","type":"mountain","p_min_date":"1700.0","p_max_date":"2100.0","kind":"cultural-region","source":"awmc-regional-names"}},{"type":"Feature","geometry":{"type":"MultiLineString","coordinates":[[[12.53267,42.23425],[12.63654,42.23425]]]},"properties":{"name":"Sepernates?","class":"people, tribe","pid":"413313","type":"people, tribe","p_min_date":"-330.0","p_max_date":"300.0","kind":"cultural-region","source":"awmc-regional-names"}},{"type":"Feature","geometry":{"type":"MultiLineString","coordinates":[[[14.31872,42.24959],[14.37439,42.21561],[14.4787,42.14127],[14.69915,42.01142],[14.94899,41.84153],[15.0632,41.77871]]]},"properties":{"name":"Frentani","class":"people, tribe","pid":"432849","type":"people, tribe","p_min_date":"-550.0","p_max_date":"300.0","kind":"cultural-region","source":"awmc-regional-names"}},{"type":"Feature","geometry":{"type":"MultiLineString","coordinates":[[[14.20207,42.10993],[14.37767,42.09494]]]},"properties":{"name":"Carecini Infernates","class":"people, tribe","pid":"432755","type":"people, tribe","p_min_date":"-330.0","p_max_date":"640.0","kind":"cultural-region","source":"awmc-regional-names"}},{"type":"Feature","geometry":{"type":"MultiLineString","coordinates":[[[13.97765,42.20105],[14.02904,42.22818],[14.08758,42.26815],[14.15182,42.3167],[14.22749,42.38879]]]},"properties":{"name":"Marrucini","class":"people, tribe","pid":"413190","type":"people, tribe","p_min_date":"-550.0","p_max_date":"300.0","kind":"cultural-region","source":"awmc-regional-names"}},{"type":"Feature","geometry":{"type":"MultiLineString","coordinates":[[[13.76742,42.14609],[13.84737,42.15323],[13.94731,42.14395]]]},"properties":{"name":"Paeligni","class":"people, tribe","pid":"413240","type":"people, tribe","p_min_date":"-550.0","p_max_date":"300.0","kind":"cultural-region","source":"awmc-regional-names"}},{"type":"Feature","geometry":{"type":"MultiLineString","coordinates":[[[13.67748,42.29028],[13.88235,42.32883],[13.98443,42.3581]]]},"properties":{"name":"Vestini","class":"people, tribe","pid":"413376","type":"people, tribe","p_min_date":"-550.0","p_max_date":"300.0","kind":"cultural-region","source":"awmc-regional-names"}},{"type":"Feature","geometry":{"type":"MultiLineString","coordinates":[[[13.52512,42.13496],[13.52905,42.10616],[13.55046,42.05097],[13.59056,42.00112],[13.66908,41.94282],[13.71845,41.92141]]]},"properties":{"name":"Marsi","class":"people, tribe","pid":"413191","type":"people, tribe","p_min_date":"-550.0","p_max_date":"300.0","kind":"cultural-region","source":"awmc-regional-names"}},{"type":"Feature","geometry":{"type":"MultiLineString","coordinates":[[[12.99899,41.98306],[13.08322,42.03659],[13.14815,42.06614],[13.25883,42.09156],[13.31296,42.09591],[13.36567,42.09086]]]},"properties":{"name":"Aequi","class":"people, tribe","pid":"422822","type":"people, tribe","p_min_date":"-550.0","p_max_date":"300.0","kind":"cultural-region","source":"awmc-regional-names"}},{"type":"Feature","geometry":{"type":"MultiLineString","coordinates":[[[12.80674,42.46089],[12.88669,42.44304]]]},"properties":{"name":"Rosia Campus","class":"plain","pid":"413286","type":"plain","p_min_date":"-330.0","p_max_date":"300.0","kind":"cultural-region","source":"awmc-regional-names"}},{"type":"Feature","geometry":{"type":"MultiLineString","coordinates":[[[15.50746,40.86854],[15.26119,41.11482],[14.98279,41.279],[14.47596,41.62521],[14.21541,41.77155],[13.90846,41.97142],[13.72643,42.11062],[13.57296,42.32477],[13.45115,42.47919],[13.37977,42.60292],[13.27507,42.74569],[13.05616,42.98363],[12.96574,43.05978],[12.68021,43.34531],[12.54696,43.45001],[12.21383,43.64988],[12.11865,43.70223],[11.97589,43.80693],[11.79029,43.91638],[11.57614,43.99253],[11.35723,44.04963],[11.17639,44.11626],[10.96224,44.17336],[10.56249,44.31613],[10.34358,44.37324],[10.19129,44.42083],[10.02949,44.46366],[9.73443,44.52077]]]},"properties":{"name":"Ap(p)enninus M.","class":"mountain","pid":"815","type":"mountain","p_min_date":"-750.0","p_max_date":"300.0","kind":"cultural-region","source":"awmc-regional-names"}},{"type":"Feature","geometry":{"type":"MultiLineString","coordinates":[[[12.18845,42.01715],[12.27262,41.99693],[12.3449,41.96927]]]},"properties":{"name":"Etruria","class":"region","pid":"413122","type":"region","p_min_date":"-750.0","p_max_date":"640.0","kind":"cultural-region","source":"awmc-regional-names"}},{"type":"Feature","geometry":{"type":"MultiLineString","coordinates":[[[12.53159,41.95576],[12.6213,42.02048]]]},"properties":{"name":"Sabina","class":"region","pid":"423028","type":"region","p_min_date":"-750.0","p_max_date":"640.0","kind":"cultural-region","source":"awmc-regional-names"}},{"type":"Feature","geometry":{"type":"MultiLineString","coordinates":[[[13.10764,41.99776],[13.14648,41.96483],[13.18874,41.93989]]]},"properties":{"name":"Simbruini M.","class":"mountain","pid":"433120","type":"mountain","p_min_date":"1700.0","p_max_date":"2100.0","kind":"cultural-region","source":"awmc-regional-names"}},{"type":"Feature","geometry":{"type":"MultiLineString","coordinates":[[[12.46829,41.9011],[12.48043,41.90402]]]},"properties":{"name":"Campus Marius","class":"plain","pid":"422863","type":"plain","p_min_date":"-750.0","p_max_date":"640.0","kind":"cultural-region","source":"awmc-regional-names"}},{"type":"Feature","geometry":{"type":"MultiLineString","coordinates":[[[12.7156,41.75461],[12.74289,41.74451]]]},"properties":{"name":"Albanus M.","class":"mountain","pid":"422826","type":"mountain","p_min_date":"1700.0","p_max_date":"2100.0","kind":"cultural-region","source":"awmc-regional-names"}},{"type":"Feature","geometry":{"type":"MultiLineString","coordinates":[[[12.80254,41.94825],[12.82621,41.9423]]]},"properties":{"name":"Aeflanus M.","class":"mountain","pid":"422820","type":"mountain","p_min_date":"-30.0","p_max_date":"640.0","kind":"cultural-region","source":"awmc-regional-names"}},{"type":"Feature","geometry":{"type":"MultiLineString","coordinates":[[[13.04008,41.78107],[13.1721,41.73751],[13.31312,41.71218]]]},"properties":{"name":"Hernici","class":"people, tribe","pid":"422944","type":"people, tribe","p_min_date":"-330.0","p_max_date":"300.0","kind":"cultural-region","source":"awmc-regional-names"}},{"type":"Feature","geometry":{"type":"MultiLineString","coordinates":[[[12.40095,41.79004],[12.55502,41.76595],[12.69565,41.73582],[12.87221,41.68205]]]},"properties":{"name":"Latium Vetus","class":"region","pid":"422958","type":"region","p_min_date":"-330.0","p_max_date":"640.0","kind":"cultural-region","source":"awmc-regional-names"}},{"type":"Feature","geometry":{"type":"MultiLineString","coordinates":[[[12.93764,41.67265],[13.04665,41.60939]]]},"properties":{"name":"Lepinus M.","class":"mountain","pid":"422961","type":"mountain","p_min_date":"1700.0","p_max_date":"2100.0","kind":"cultural-region","source":"awmc-regional-names"}},{"type":"Feature","geometry":{"type":"MultiLineString","coordinates":[[[12.77994,41.73053],[12.80145,41.72235]]]},"properties":{"name":"Algidus M.","class":"mountain","pid":"422830","type":"mountain","p_min_date":"1700.0","p_max_date":"2100.0","kind":"cultural-region","source":"awmc-regional-names"}},{"type":"Feature","geometry":{"type":"MultiLineString","coordinates":[[[12.36757,41.70997],[12.42183,41.67076]]]},"properties":{"name":"Laurentes","class":"people, tribe","pid":"422959","type":"people, tribe","p_min_date":"-750.0","p_max_date":"300.0","kind":"cultural-region","source":"awmc-regional-names"}},{"type":"Feature","geometry":{"type":"MultiLineString","coordinates":[[[12.96553,41.48525],[13.05951,41.48036],[13.22965,41.45491],[13.30996,41.43885],[13.38134,41.41565]]]},"properties":{"name":"Volsci","class":"people, tribe","pid":"433208","type":"people, tribe","p_min_date":"-550.0","p_max_date":"-30.0","kind":"cultural-region","source":"awmc-regional-names"}},{"type":"Feature","geometry":{"type":"MultiLineString","coordinates":[[[12.51922,41.67799],[12.69244,41.71987],[12.81903,41.77697],[12.91421,41.83408]]]},"properties":{"name":"Latium","class":"region","pid":"432900","type":"region","p_min_date":"-330.0","p_max_date":"300.0","kind":"cultural-region","source":"awmc-regional-names"}},{"type":"Feature","geometry":{"type":"MultiLineString","coordinates":[[[13.99148,41.93933],[14.07857,41.96502],[14.13068,42.00428],[14.14639,42.03284]]]},"properties":{"name":"Carecini Supernates","class":"people, tribe","pid":"432756","type":"people, tribe","p_min_date":"-330.0","p_max_date":"640.0","kind":"cultural-region","source":"awmc-regional-names"}},{"type":"Feature","geometry":{"type":"MultiLineString","coordinates":[[[14.3993,41.86437],[14.43785,41.9329],[14.46569,42.01499],[14.47068,42.05211]]]},"properties":{"name":"Lucanus? Ager","class":"region","pid":"432913","type":"region","p_min_date":"-330.0","p_max_date":"300.0","kind":"cultural-region","source":"awmc-regional-names"}},{"type":"Feature","geometry":{"type":"MultiLineString","coordinates":[[[15.43089,42.1114],[15.47914,42.10962]]]},"properties":{"name":"Trimerus","class":"archipelago, island group, island","pid":"442831","type":"archipelago, island group, island","p_min_date":"-550.0","p_max_date":"300.0","kind":"cultural-region","source":"awmc-regional-names"}},{"type":"Feature","geometry":{"type":"MultiLineString","coordinates":[[[15.28164,41.71923],[15.41906,41.71423]]]},"properties":{"name":"Apuli","class":"people, tribe","pid":"442468","type":"people, tribe","p_min_date":"-550.0","p_max_date":"300.0","kind":"cultural-region","source":"awmc-regional-names"}},{"type":"Feature","geometry":{"type":"MultiLineString","coordinates":[[[14.36553,41.58836],[14.46963,41.5836],[14.68973,41.58479],[14.87533,41.58003]]]},"properties":{"name":"Samnium","class":"region","pid":"433078","type":"region","p_min_date":"-330.0","p_max_date":"300.0","kind":"cultural-region","source":"awmc-regional-names"}},{"type":"Feature","geometry":{"type":"MultiLineString","coordinates":[[[14.13799,41.72161],[14.34203,41.70495],[14.46695,41.68889]]]},"properties":{"name":"Pentri","class":"people, tribe","pid":"433017","type":"people, tribe","p_min_date":"-550.0","p_max_date":"-30.0","kind":"cultural-region","source":"awmc-regional-names"}},{"type":"Feature","geometry":{"type":"MultiLineString","coordinates":[[[12.83291,41.46165],[12.96914,41.45451],[13.04409,41.44262],[13.13332,41.41823]]]},"properties":{"name":"Pomptinus Ager","class":"region","pid":"433034","type":"region","p_min_date":"-550.0","p_max_date":"300.0","kind":"cultural-region","source":"awmc-regional-names"}},{"type":"Feature","geometry":{"type":"MultiLineString","coordinates":[[[13.19465,41.41632],[13.28245,41.39348],[13.50731,41.36278],[13.69148,41.36278],[13.80427,41.37349]]]},"properties":{"name":"Latium Adiectum","class":"region","pid":"432901","type":"region","p_min_date":"-30.0","p_max_date":"300.0","kind":"cultural-region","source":"awmc-regional-names"}},{"type":"Feature","geometry":{"type":"MultiLineString","coordinates":[[[13.30625,41.32019],[13.35336,41.3083],[13.41332,41.30401]]]},"properties":{"name":"Caecubus Ager","class":"region","pid":"432729","type":"region","p_min_date":"-330.0","p_max_date":"300.0","kind":"cultural-region","source":"awmc-regional-names"}},{"type":"Feature","geometry":{"type":"MultiLineString","coordinates":[[[13.23809,41.32543],[13.28782,41.32424]]]},"properties":{"name":"Lautulae","class":"region","type":"region","kind":"cultural-region","source":"awmc-regional-names"}},{"type":"Feature","geometry":{"type":"MultiLineString","coordinates":[[[13.84788,41.27473],[13.9841,41.27413]]]},"properties":{"name":"Aurunci","class":"people, tribe","pid":"432711","type":"people, tribe","p_min_date":"-550.0","p_max_date":"-30.0","kind":"cultural-region","source":"awmc-regional-names"}},{"type":"Feature","geometry":{"type":"MultiLineString","coordinates":[[[13.84728,41.16676],[13.92194,41.16617]]]},"properties":{"name":"Massicus M.","class":"mountain","pid":"432931","type":"mountain","p_min_date":"1700.0","p_max_date":"2100.0","kind":"cultural-region","source":"awmc-regional-names"}},{"type":"Feature","geometry":{"type":"MultiLineString","coordinates":[[[13.90954,41.09121],[14.01364,41.06563]]]},"properties":{"name":"Caedicius? Campus","class":"plain","pid":"432730","type":"plain","p_min_date":"-30.0","p_max_date":"300.0","kind":"cultural-region","source":"awmc-regional-names"}},{"type":"Feature","geometry":{"type":"MultiLineString","coordinates":[[[13.93749,41.20572],[14.03148,41.18609]]]},"properties":{"name":"Falernus Ager","class":"region","pid":"432828","type":"region","p_min_date":"-330.0","p_max_date":"300.0","kind":"cultural-region","source":"awmc-regional-names"}},{"type":"Feature","geometry":{"type":"MultiLineString","coordinates":[[[13.93103,41.33868],[13.97416,41.32737],[14.03573,41.3247]]]},"properties":{"name":"Saltus Vescinus/Mefineis M.","class":"mountain","pid":"433077","type":"mountain","p_min_date":"-330.0","p_max_date":"640.0","kind":"cultural-region","source":"awmc-regional-names"}},{"type":"Feature","geometry":{"type":"MultiLineString","coordinates":[[[14.00396,41.23678],[14.13721,41.2363]]]},"properties":{"name":"Sidicini","class":"people, tribe","pid":"433117","type":"people, tribe","p_min_date":"-550.0","p_max_date":"-30.0","kind":"cultural-region","source":"awmc-regional-names"}},{"type":"Feature","geometry":{"type":"MultiLineString","coordinates":[[[13.93444,41.21726],[14.09672,41.21726]]]},"properties":{"name":"Regio Statana?","class":"region","pid":"433065","type":"region","p_min_date":"-330.0","p_max_date":"300.0","kind":"cultural-region","source":"awmc-regional-names"}},{"type":"Feature","geometry":{"type":"MultiLineString","coordinates":[[[14.06769,41.14207],[14.12765,41.11828],[14.15382,41.11447]]]},"properties":{"name":"Campus Stellas","class":"plain","pid":"432747","type":"plain","p_min_date":"-330.0","p_max_date":"300.0","kind":"cultural-region","source":"awmc-regional-names"}},{"type":"Feature","geometry":{"type":"MultiLineString","coordinates":[[[14.01158,41.17206],[14.44369,41.1711]]]},"properties":{"name":"Campania","class":"region","pid":"991350","type":"region","p_min_date":"300.0","p_max_date":"1453.0","kind":"cultural-region","source":"awmc-regional-names"}},{"type":"Feature","geometry":{"type":"MultiLineString","coordinates":[[[14.3365,41.43957],[14.45892,41.43742]]]},"properties":{"name":"Tifernus M.","class":"mountain","pid":"433155","type":"mountain","p_min_date":"1700.0","p_max_date":"2100.0","kind":"cultural-region","source":"awmc-regional-names"}},{"type":"Feature","geometry":{"type":"MultiLineString","coordinates":[[[14.26583,41.1269],[14.3547,41.10335]]]},"properties":{"name":"Tifata M.","class":"mountain","pid":"433153","type":"mountain","p_min_date":"-30.0","p_max_date":"300.0","kind":"cultural-region","source":"awmc-regional-names"}},{"type":"Feature","geometry":{"type":"MultiLineString","coordinates":[[[14.04297,40.95844],[14.13006,40.98414],[14.18717,41.00948],[14.28211,41.06516]]]},"properties":{"name":"Campanus Ager","class":"region","pid":"432743","type":"region","p_min_date":"-330.0","p_max_date":"300.0","kind":"cultural-region","source":"awmc-regional-names"}},{"type":"Feature","geometry":{"type":"MultiLineString","coordinates":[[[14.77179,41.3274],[14.91563,41.42056],[14.99737,41.48552]]]},"properties":{"name":"Taurasinus? Ager","class":"region","pid":"433144","type":"region","p_min_date":"-330.0","p_max_date":"-30.0","kind":"cultural-region","source":"awmc-regional-names"}},{"type":"Feature","geometry":{"type":"MultiLineString","coordinates":[[[14.54253,41.17896],[14.60662,41.15724]]]},"properties":{"name":"Taburnus M.","class":"mountain","pid":"433141","type":"mountain","p_min_date":"1700.0","p_max_date":"2100.0","kind":"cultural-region","source":"awmc-regional-names"}},{"type":"Feature","geometry":{"type":"MultiLineString","coordinates":[[[14.93991,41.04358],[15.30397,41.03882]]]},"properties":{"name":"Hirpini","class":"people, tribe","pid":"442614","type":"people, tribe","p_min_date":"-550.0","p_max_date":"300.0","kind":"cultural-region","source":"awmc-regional-names"}},{"type":"Feature","geometry":{"type":"MultiLineString","coordinates":[[[15.28727,40.76255],[15.35209,40.75682],[15.40742,40.75878]]]},"properties":{"name":"Balabo? M.","class":"mountain","pid":"442493","type":"mountain","p_min_date":"1700.0","p_max_date":"2100.0","kind":"cultural-region","source":"awmc-regional-names"}},{"type":"Feature","geometry":{"type":"MultiLineString","coordinates":[[[15.22906,40.54086],[15.35431,40.50297]]]},"properties":{"name":"Alburnus M.","class":"mountain","pid":"442456","type":"mountain","p_min_date":"1700.0","p_max_date":"2100.0","kind":"cultural-region","source":"awmc-regional-names"}},{"type":"Feature","geometry":{"type":"MultiLineString","coordinates":[[[14.93624,40.70362],[15.05283,40.73907]]]},"properties":{"name":"Regio Auffeeiana","class":"region","pid":"442742","type":"region","p_min_date":"-30.0","p_max_date":"300.0","kind":"cultural-region","source":"awmc-regional-names"}},{"type":"Feature","geometry":{"type":"MultiLineString","coordinates":[[[14.81432,40.67911],[14.90141,40.60772],[14.9923,40.49636]]]},"properties":{"name":"Picentinus Ager","class":"region","pid":"433024","type":"region","p_min_date":"-330.0","p_max_date":"300.0","kind":"cultural-region","source":"awmc-regional-names"}},{"type":"Feature","geometry":{"type":"MultiLineString","coordinates":[[[14.54054,40.9299],[14.71043,40.9299]]]},"properties":{"name":"Laurinienses","class":"people, tribe","pid":"432902","type":"people, tribe","p_min_date":"-30.0","p_max_date":"300.0","kind":"cultural-region","source":"awmc-regional-names"}},{"type":"Feature","geometry":{"type":"MultiLineString","coordinates":[[[14.5945,40.84852],[14.68611,40.84781]]]},"properties":{"name":"Sarnus? M.","class":"mountain","pid":"433103","type":"mountain","p_min_date":"-750.0","p_max_date":"-550.0","kind":"cultural-region","source":"awmc-regional-names"}},{"type":"Feature","geometry":{"type":"MultiLineString","coordinates":[[[14.48832,40.83615],[14.65577,40.83258]]]},"properties":{"name":"Sarrastes","class":"people, tribe","pid":"433104","type":"people, tribe","p_min_date":"-550.0","p_max_date":"300.0","kind":"cultural-region","source":"awmc-regional-names"}},{"type":"Feature","geometry":{"type":"MultiLineString","coordinates":[[[14.58466,40.7305],[14.74742,40.72836]]]},"properties":{"name":"Alfaterni","class":"people, tribe","pid":"432665","type":"people, tribe","p_min_date":"-550.0","p_max_date":"-30.0","kind":"cultural-region","source":"awmc-regional-names"}},{"type":"Feature","geometry":{"type":"MultiLineString","coordinates":[[[14.53634,40.68964],[14.59274,40.67417]]]},"properties":{"name":"Lactarius M.","class":"mountain","pid":"432894","type":"mountain","p_min_date":"-550.0","p_max_date":"-30.0","kind":"cultural-region","source":"awmc-regional-names"}},{"type":"Feature","geometry":{"type":"MultiLineString","coordinates":[[[14.43085,40.57682],[14.49058,40.58562],[14.54864,40.58634]]]},"properties":{"name":"Sirenes/Seirenoussai Inss.","class":"archipelago, island group, island","pid":"433124","type":"archipelago, island group, island","p_min_date":"-750.0","p_max_date":"2100.0","kind":"cultural-region","source":"awmc-regional-names"}},{"type":"Feature","geometry":{"type":"MultiLineString","coordinates":[[[14.12384,40.54538],[14.18897,40.54509]]]},"properties":{"name":"Capreae Ins.","class":"archipelago, island group, island","pid":"432752","type":"archipelago, island group, island","p_min_date":"-330.0","p_max_date":"2100.0","kind":"cultural-region","source":"awmc-regional-names"}},{"type":"Feature","geometry":{"type":"MultiLineString","coordinates":[[[14.38716,40.73142],[14.43684,40.71467]]]},"properties":{"name":"Herculis Petra","class":"archipelago, island group, island","pid":"432876","type":"archipelago, island group, island","p_min_date":"1700.0","p_max_date":"2100.0","kind":"cultural-region","source":"awmc-regional-names"}},{"type":"Feature","geometry":{"type":"MultiLineString","coordinates":[[[14.33773,40.8664],[14.42548,40.84379]]]},"properties":{"name":"Vesuvius M.","class":"mountain","pid":"433189","type":"mountain","p_min_date":"-330.0","p_max_date":"640.0","kind":"cultural-region","source":"awmc-regional-names"}},{"type":"Feature","geometry":{"type":"MultiLineString","coordinates":[[[14.14771,40.87055],[14.20329,40.88331]]]},"properties":{"name":"Colles Leucogaei","class":"mountain","pid":"432799","type":"mountain","p_min_date":"-330.0","p_max_date":"-30.0","kind":"cultural-region","source":"awmc-regional-names"}},{"type":"Feature","geometry":{"type":"MultiLineString","coordinates":[[[14.11912,40.81007],[14.14982,40.80936]]]},"properties":{"name":"Nesis Ins.","class":"archipelago, island group, island","pid":"432980","type":"archipelago, island group, island","p_min_date":"1700.0","p_max_date":"2100.0","kind":"cultural-region","source":"awmc-regional-names"}},{"type":"Feature","geometry":{"type":"MultiLineString","coordinates":[[[14.0741,40.87146],[14.12074,40.8648],[14.1669,40.85148]]]},"properties":{"name":"Campi Phlegraei","class":"plain","pid":"432744","type":"plain","p_min_date":"-550.0","p_max_date":"2100.0","kind":"cultural-region","source":"awmc-regional-names"}},{"type":"Feature","geometry":{"type":"MultiLineString","coordinates":[[[14.06506,40.86147],[14.10503,40.84957]]]},"properties":{"name":"Gaurus M.","class":"mountain","pid":"432861","type":"mountain","p_min_date":"1700.0","p_max_date":"2100.0","kind":"cultural-region","source":"awmc-regional-names"}},{"type":"Feature","geometry":{"type":"MultiLineString","coordinates":[[[14.01083,40.75027],[14.06556,40.74979]]]},"properties":{"name":"Prochyta Ins.","class":"archipelago, island group, island","pid":"433053","type":"archipelago, island group, island","p_min_date":"-750.0","p_max_date":"2100.0","kind":"cultural-region","source":"awmc-regional-names"}},{"type":"Feature","geometry":{"type":"MultiLineString","coordinates":[[[13.71102,40.72493],[13.84962,40.74694]]]},"properties":{"name":"Aenaria/Pithekoussai","class":"archipelago, island group, island","pid":"432648","type":"archipelago, island group, island","p_min_date":"-550.0","p_max_date":"2100.0","kind":"cultural-region","source":"awmc-regional-names"}},{"type":"Feature","geometry":{"type":"MultiLineString","coordinates":[[[13.87401,40.74063],[13.94504,40.7417]]]},"properties":{"name":"Epomius M.","class":"mountain","pid":"432820","type":"mountain","p_min_date":"1700.0","p_max_date":"2100.0","kind":"cultural-region","source":"awmc-regional-names"}},{"type":"Feature","geometry":{"type":"MultiLineString","coordinates":[[[13.35433,40.79392],[13.41537,40.79428]]]},"properties":{"name":"Pandateria Ins.","class":"archipelago, island group, island","pid":"433011","type":"archipelago, island group, island","kind":"cultural-region","source":"awmc-regional-names"}},{"type":"Feature","geometry":{"type":"MultiLineString","coordinates":[[[12.97786,40.9217],[13.04353,40.92098]]]},"properties":{"name":"Pontiae Inss.","class":"archipelago, island group, island","pid":"433042","type":"archipelago, island group, island","p_min_date":"1700.0","p_max_date":"2100.0","kind":"cultural-region","source":"awmc-regional-names"}},{"type":"Feature","geometry":{"type":"MultiLineString","coordinates":[[[13.11099,40.84068],[13.17844,40.84068]]]},"properties":{"name":"Eumorfiana? Ins.","class":"archipelago, island group, island","pid":"432823","type":"archipelago, island group, island","p_min_date":"300.0","p_max_date":"2100.0","kind":"cultural-region","source":"awmc-regional-names"}},{"type":"Feature","geometry":{"type":"MultiLineString","coordinates":[[[12.86311,40.94204],[12.91165,40.94276]]]},"properties":{"name":"Palmaria Ins.","class":"archipelago, island group, island","pid":"433008","type":"archipelago, island group, island","p_min_date":"1700.0","p_max_date":"2100.0","kind":"cultural-region","source":"awmc-regional-names"}},{"type":"Feature","geometry":{"type":"MultiLineString","coordinates":[[[13.06533,40.97337],[13.10578,40.97367]]]},"properties":{"name":"Sinonia Ins.","class":"archipelago, island group, island","pid":"433121","type":"archipelago, island group, island","p_min_date":"1700.0","p_max_date":"2100.0","kind":"cultural-region","source":"awmc-regional-names"}},{"type":"Feature","geometry":{"type":"MultiLineString","coordinates":[[[14.84425,40.25621],[14.89393,40.25502]]]},"properties":{"name":"Leucosia Ins.","class":"archipelago, island group, island","pid":"442633","type":"archipelago, island group, island","p_min_date":"1700.0","p_max_date":"2100.0","kind":"cultural-region","source":"awmc-regional-names"}},{"type":"Feature","geometry":{"type":"MultiLineString","coordinates":[[[15.67423,41.75391],[15.71289,41.74856],[15.8164,41.74856],[16.00378,41.77236]]]},"properties":{"name":"Garganus Mons","class":"mountain","pid":"442596","type":"mountain","p_min_date":"1700.0","p_max_date":"2100.0","kind":"cultural-region","source":"awmc-regional-names"}},{"type":"Feature","geometry":{"type":"MultiLineString","coordinates":[[[14.90501,41.22032],[15.07097,41.15905],[15.15068,41.11919],[15.25479,41.05614]]]},"properties":{"name":"Samnites","class":"people, tribe","pid":"442765","type":"people, tribe","p_min_date":"-750.0","p_max_date":"-30.0","kind":"cultural-region","source":"awmc-regional-names"}},{"type":"Feature","geometry":{"type":"MultiLineString","coordinates":[[[15.37174,41.47195],[15.62872,41.47373]]]},"properties":{"name":"Daunii","class":"people, tribe","pid":"442564","type":"people, tribe","p_min_date":"-750.0","p_max_date":"-30.0","kind":"cultural-region","source":"awmc-regional-names"}},{"type":"Feature","geometry":{"type":"MultiLineString","coordinates":[[[15.57265,41.39926],[15.63297,41.38748],[15.70792,41.38569],[15.78323,41.39604],[15.8439,41.41889]]]},"properties":{"name":"Saltus Carminianensis?","class":"region","pid":"442764","type":"region","p_min_date":"300.0","p_max_date":"640.0","kind":"cultural-region","source":"awmc-regional-names"}},{"type":"Feature","geometry":{"type":"MultiLineString","coordinates":[[[15.7119,41.41075],[16.08024,41.16233],[16.25347,41.06144],[16.59706,40.88632],[16.65512,40.86347]]]},"properties":{"name":"Apulia","class":"region","pid":"442469","type":"region","p_min_date":"-330.0","p_max_date":"640.0","kind":"cultural-region","source":"awmc-regional-names"}},{"type":"Feature","geometry":{"type":"MultiLineString","coordinates":[[[15.58219,40.94771],[15.67713,40.94842]]]},"properties":{"name":"Vultur M.","class":"mountain","pid":"442857","type":"mountain","p_min_date":"-30.0","p_max_date":"300.0","kind":"cultural-region","source":"awmc-regional-names"}},{"type":"Feature","geometry":{"type":"MultiLineString","coordinates":[[[15.56173,40.65389],[15.91508,40.65865],[16.54564,40.65865]]]},"properties":{"name":"Lucania","class":"region","pid":"442857","type":"region","p_min_date":"-30.0","p_max_date":"300.0","kind":"cultural-region","source":"awmc-regional-names"}},{"type":"Feature","geometry":{"type":"MultiLineString","coordinates":[[[16.74373,40.97393],[17.00356,40.97321]]]},"properties":{"name":"Poediculi","class":"people, tribe","pid":"442725","type":"people, tribe","p_min_date":"-550.0","p_max_date":"-30.0","kind":"cultural-region","source":"awmc-regional-names"}},{"type":"Feature","geometry":{"type":"MultiLineString","coordinates":[[[16.62594,40.90469],[16.95288,40.90469]]]},"properties":{"name":"Peucetii","class":"people, tribe","pid":"442714","type":"people, tribe","p_min_date":"-750.0","p_max_date":"-30.0","kind":"cultural-region","source":"awmc-regional-names"}},{"type":"Feature","geometry":{"type":"MultiLineString","coordinates":[[[16.95681,40.7248],[17.39653,40.7248]]]},"properties":{"name":"Iapyges","class":"people, tribe","pid":"442618","type":"people, tribe","p_min_date":"-750.0","p_max_date":"-30.0","kind":"cultural-region","source":"awmc-regional-names"}},{"type":"Feature","geometry":{"type":"MultiLineString","coordinates":[[[17.53885,40.6735],[17.76442,40.5412],[17.95002,40.4108],[18.11848,40.2747],[18.20795,40.19475]]]},"properties":{"name":"Calabria","class":"region","pid":"442518","type":"region","p_min_date":"-330.0","p_max_date":"640.0","kind":"cultural-region","source":"awmc-regional-names"}},{"type":"Feature","geometry":{"type":"MultiLineString","coordinates":[[[15.45213,40.49397],[15.51637,40.42687],[15.59537,40.32931]]]},"properties":{"name":"Atinas Campus","class":"plain","pid":"442482","type":"plain","p_min_date":"-330.0","p_max_date":"300.0","kind":"cultural-region","source":"awmc-regional-names"}},{"type":"Feature","geometry":{"type":"MultiLineString","coordinates":[[[16.3664,39.86983],[16.25695,39.89601],[16.14154,39.93765],[16.01781,39.99357],[15.96308,40.03283],[15.93453,40.08161],[15.93206,40.14451],[15.94167,40.21367],[15.99758,40.31598],[16.03923,40.36119],[16.18675,40.43496],[16.39702,40.44412]]]},"properties":{"name":"Oenotri","class":"people, tribe","pid":"452395","type":"people, tribe","p_min_date":"-750.0","p_max_date":"-330.0","kind":"cultural-region","source":"awmc-regional-names"}},{"type":"Feature","geometry":{"type":"MultiLineString","coordinates":[[[16.25759,40.28398],[16.52742,40.28469]]]},"properties":{"name":"Chones","class":"people, tribe","pid":"442544","type":"people, tribe","p_min_date":"-750.0","p_max_date":"-330.0","kind":"cultural-region","source":"awmc-regional-names"}},{"type":"Feature","geometry":{"type":"MultiLineString","coordinates":[[[17.07386,40.44907],[17.1481,40.43574]]]},"properties":{"name":"Choirades Nesoi","class":"archipelago, island group, island","pid":"442543","type":"archipelago, island group, island","p_min_date":"1700.0","p_max_date":"2100.0","kind":"cultural-region","source":"awmc-regional-names"}},{"type":"Feature","geometry":{"type":"MultiLineString","coordinates":[[[17.69213,40.44609],[18.02228,40.44371]]]},"properties":{"name":"Messapii","class":"people, tribe","pid":"442657","type":"people, tribe","p_min_date":"-750.0","p_max_date":"640.0","kind":"cultural-region","source":"awmc-regional-names"}},{"type":"Feature","geometry":{"type":"MultiLineString","coordinates":[[[18.09616,39.99614],[18.21811,40.0122],[18.30496,40.01041],[18.37456,39.9997]]]},"properties":{"name":"Sallentini","class":"people, tribe","pid":"442762","type":"people, tribe","p_min_date":"-750.0","p_max_date":"-30.0","kind":"cultural-region","source":"awmc-regional-names"}},{"type":"Feature","geometry":{"type":"MultiLineString","coordinates":[[[15.53268,42.1518],[15.70721,42.22604]]]},"properties":{"name":"Diomedeae Inss.","class":"archipelago, island group, island","pid":"197248","type":"archipelago, island group, island","p_min_date":"-330.0","p_max_date":"2100.0","kind":"cultural-region","source":"awmc-regional-names"}},{"type":"Feature","geometry":{"type":"MultiLineString","coordinates":[[[18.21918,39.85153],[18.27248,39.84344],[18.34101,39.81489]]]},"properties":{"name":"Leuternia","class":"region","pid":"442634","type":"region","p_min_date":"-330.0","p_max_date":"-30.0","kind":"cultural-region","source":"awmc-regional-names"}},{"type":"Feature","geometry":{"type":"MultiLineString","coordinates":[[[15.82066,39.97096],[15.85695,39.92397],[15.8736,39.87935],[15.87896,39.84901]]]},"properties":{"name":"Serdaioi?","class":"people, tribe","pid":"452440","type":"people, tribe","p_min_date":"-750.0","p_max_date":"-550.0","kind":"cultural-region","source":"awmc-regional-names"}},{"type":"Feature","geometry":{"type":"MultiLineString","coordinates":[[[16.12486,39.60544],[16.27239,39.51787],[16.40469,39.47219],[16.4913,39.45125]]]},"properties":{"name":"Lucani","class":"people, tribe","pid":"452371","type":"people, tribe","p_min_date":"-550.0","p_max_date":"-330.0","kind":"cultural-region","source":"awmc-regional-names"}},{"type":"Feature","geometry":{"type":"MultiLineString","coordinates":[[[16.3571,39.2923],[16.36281,39.05816],[16.38946,38.84972],[16.44307,38.63202]]]},"properties":{"name":"Bruttii","class":"people, tribe","pid":"452275","type":"people, tribe","p_min_date":"-550.0","p_max_date":"-30.0","kind":"cultural-region","source":"awmc-regional-names"}},{"type":"Feature","geometry":{"type":"MultiLineString","coordinates":[[[16.53394,39.2969],[16.60354,39.23027],[16.69396,39.16246]]]},"properties":{"name":"Sila M.","class":"mountain","pid":"452449","type":"mountain","p_min_date":"1700.0","p_max_date":"2100.0","kind":"cultural-region","source":"awmc-regional-names"}},{"type":"Feature","geometry":{"type":"MultiLineString","coordinates":[[[16.2371,38.52334],[16.32098,38.52334],[16.38285,38.53583],[16.39831,38.54297]]]},"properties":{"name":"Skylakion Oros","class":"mountain","pid":"452453","type":"mountain","p_min_date":"-330.0","p_max_date":"300.0","kind":"cultural-region","source":"awmc-regional-names"}},{"type":"Feature","geometry":{"type":"MultiLineString","coordinates":[[[16.46482,38.9163],[16.51193,38.91249],[16.57285,38.89631]]]},"properties":{"name":"Teuranus Ager","class":"region","pid":"452473","type":"region","p_min_date":"-30.0","p_max_date":"300.0","kind":"cultural-region","source":"awmc-regional-names"}},{"type":"Feature","geometry":{"type":"MultiLineString","coordinates":[[[16.46625,38.74164],[16.51955,38.76044],[16.54786,38.76282]]]},"properties":{"name":"Moscius M.","class":"mountain","pid":"452385","type":"mountain","p_min_date":"-550.0","p_max_date":"-30.0","kind":"cultural-region","source":"awmc-regional-names"}},{"type":"Feature","geometry":{"type":"MultiLineString","coordinates":[[[16.09016,38.73135],[16.13931,38.73045]]]},"properties":{"name":"Leucosia Ins.","class":"archipelago, island group, island","pid":"452367","type":"archipelago, island group, island","p_min_date":"1700.0","p_max_date":"2100.0","kind":"cultural-region","source":"awmc-regional-names"}},{"type":"Feature","geometry":{"type":"MultiLineString","coordinates":[[[15.13194,38.80443],[15.20641,38.80466]]]},"properties":{"name":"Strongyle Ins.","class":"archipelgo, island group, island","pid":"452455","type":"archipelgo, island group, island","p_min_date":"-10000.0","p_max_date":"2100.0","kind":"cultural-region","source":"awmc-regional-names"}},{"type":"Feature","geometry":{"type":"MultiLineString","coordinates":[[[14.99588,38.63526],[15.05679,38.63511]]]},"properties":{"name":"Euonymus Ins.","class":"archipelgo, island group, island","pid":"452324","type":"archipelgo, island group, island","p_min_date":"1700.0","p_max_date":"2100.0","kind":"cultural-region","source":"awmc-regional-names"}},{"type":"Feature","geometry":{"type":"MultiLineString","coordinates":[[[15.11975,38.66391],[15.209,38.663]]]},"properties":{"name":"Hikesia Nesos/Basilidin Ins.","class":"archipelago, island group, island","pid":"452336","type":"archipelago, island group, island","p_min_date":"-330.0","p_max_date":"640.0","kind":"cultural-region","source":"awmc-regional-names"}},{"type":"Feature","geometry":{"type":"MultiLineString","coordinates":[[[14.95926,38.49591],[15.03986,38.49561]]]},"properties":{"name":"Lipara (island)","class":"archipelgo, island group, island","pid":"462284","type":"archipelgo, island group, island","p_min_date":"-550.0","p_max_date":"2100.0","kind":"cultural-region","source":"awmc-regional-names"}},{"type":"Feature","geometry":{"type":"MultiLineString","coordinates":[[[15.00179,38.39716],[15.12642,38.39687]]]},"properties":{"name":"Hiera (Hephaistou)","class":"archipelago, island group, island","pid":"462242","type":"archipelago, island group, island","p_min_date":"-550.0","p_max_date":"2100.0","kind":"cultural-region","source":"awmc-regional-names"}},{"type":"Feature","geometry":{"type":"MultiLineString","coordinates":[[[16.04225,38.27795],[16.0651,38.23726],[16.08651,38.17516],[16.09008,38.14375],[16.08651,38.04953]]]},"properties":{"name":"Sikeloi","class":"people, tribe","pid":"452448","type":"people, tribe","p_min_date":"-750.0","p_max_date":"-550.0","kind":"cultural-region","source":"awmc-regional-names"}},{"type":"Feature","geometry":{"type":"MultiLineString","coordinates":[[[15.99742,38.39145],[16.3986,38.39431]]]},"properties":{"name":"Italia","class":"region","pid":"452346","type":"region","p_min_date":"-750.0","p_max_date":"-330.0","kind":"cultural-region","source":"awmc-regional-names"}},{"type":"Feature","geometry":{"type":"MultiLineString","coordinates":[[[14.95734,37.79357],[14.99922,37.7574],[15.09154,37.72028]]]},"properties":{"name":"Aetna M.","class":"mountain","pid":"462077","type":"mountain","p_min_date":"-750.0","p_max_date":"2100.0","kind":"cultural-region","source":"awmc-regional-names"}},{"type":"Feature","geometry":{"type":"MultiLineString","coordinates":[[[12.24581,38.02397],[12.32616,38.02472]]]},"properties":{"name":"Phorbantia Ins.","class":"archipelago, island group, island","pid":"462428","type":"archipelago, island group, island","p_min_date":"-30.0","p_max_date":"2100.0","kind":"cultural-region","source":"awmc-regional-names"}},{"type":"Feature","geometry":{"type":"MultiLineString","coordinates":[[[12.5752,38.04627],[12.61851,38.04603]]]},"properties":{"name":"Eryx M.","class":"mountain","pid":"462202","type":"mountain","p_min_date":"-550.0","p_max_date":"2100.0","kind":"cultural-region","source":"awmc-regional-names"}},{"type":"Feature","geometry":{"type":"MultiLineString","coordinates":[[[13.18036,38.21952],[13.22695,38.21922]]]},"properties":{"name":"Pakonia? Ins.","class":"archipelago, island group, island","pid":"462407","type":"archipelago, island group, island","p_min_date":"-30.0","p_max_date":"2100.0","kind":"cultural-region","source":"awmc-regional-names"}},{"type":"Feature","geometry":{"type":"MultiLineString","coordinates":[[[13.34794,38.18711],[13.40251,38.17067]]]},"properties":{"name":"Heirkte? M.","class":"mountain","pid":"462230","type":"mountain","p_min_date":"-550.0","p_max_date":"2100.0","kind":"cultural-region","source":"awmc-regional-names"}},{"type":"Feature","geometry":{"type":"MultiLineString","coordinates":[[[14.2743,38.54131],[14.34604,38.51775]]]},"properties":{"name":"Erikodes/Ericusa Ins.","class":"archipelago, island group, island","pid":"462199","type":"archipelago, island group, island","p_min_date":"-330.0","p_max_date":"2100.0","kind":"cultural-region","source":"awmc-regional-names"}},{"type":"Feature","geometry":{"type":"MultiLineString","coordinates":[[[14.58365,38.57229],[14.66526,38.57086]]]},"properties":{"name":"Phoenicusa Ins.","class":"archipelago, island group, island","pid":"462425","type":"archipelago, island group, island","p_min_date":"-550.0","p_max_date":"2100.0","kind":"cultural-region","source":"awmc-regional-names"}},{"type":"Feature","geometry":{"type":"MultiLineString","coordinates":[[[14.87436,38.55695],[14.92492,38.55636]]]},"properties":{"name":"Didyme Ins.","class":"archipelago, island group, island","pid":"462186","type":"archipelago, island group, island","p_min_date":"-330.0","p_max_date":"2100.0","kind":"cultural-region","source":"awmc-regional-names"}},{"type":"Feature","geometry":{"type":"MultiLineString","coordinates":[[[14.42117,38.55167],[14.511,38.54513],[14.65495,38.51419],[14.80903,38.46304],[14.9048,38.41366]]]},"properties":{"name":"Aeoliae Inss.","class":"archipelago, island group, island","pid":"462076","type":"archipelago, island group, island","p_min_date":"-550.0","p_max_date":"2100.0","kind":"cultural-region","source":"awmc-regional-names"}},{"type":"Feature","geometry":{"type":"MultiLineString","coordinates":[[[12.07419,37.99552],[12.13986,37.97458]]]},"properties":{"name":"Hiera/Maritima Ins.","class":"archipelago, island group, island","pid":"462243","type":"archipelago, island group, island","p_min_date":"-330.0","p_max_date":"640.0","kind":"cultural-region","source":"awmc-regional-names"}},{"type":"Feature","geometry":{"type":"MultiLineString","coordinates":[[[12.16318,37.9741],[12.41779,37.97791]]]},"properties":{"name":"Aegates Inss.","class":"archipelago, island group, island","pid":"462075","type":"archipelago, island group, island","p_min_date":"-550.0","p_max_date":"2100.0","kind":"cultural-region","source":"awmc-regional-names"}},{"type":"Feature","geometry":{"type":"MultiLineString","coordinates":[[[12.34926,37.93746],[12.41065,37.93746]]]},"properties":{"name":"Aigousa Ins.","class":"archipelago, island group, island","pid":"462084","type":"archipelago, island group, island","p_min_date":"-750.0","p_max_date":"2100.0","kind":"cultural-region","source":"awmc-regional-names"}},{"type":"Feature","geometry":{"type":"MultiLineString","coordinates":[[[12.68978,37.89745],[12.90036,37.9003]]]},"properties":{"name":"Elymi","class":"people, tribe","type":"people, tribe","kind":"cultural-region","source":"awmc-regional-names"}},{"type":"Feature","geometry":{"type":"MultiLineString","coordinates":[[[13.0837,37.53674],[13.14009,37.52175]]]},"properties":{"name":"Kronion? Oros","class":"mountain","pid":"462272","type":"mountain","p_min_date":"-550.0","p_max_date":"640.0","kind":"cultural-region","source":"awmc-regional-names"}},{"type":"Feature","geometry":{"type":"MultiLineString","coordinates":[[[13.30277,37.7454],[13.36274,37.7197],[13.79961,37.60691],[14.23076,37.47985],[14.44349,37.40989],[14.72046,37.30853]]]},"properties":{"name":"Sicilia","class":"archipelago, island group, island","pid":"462492","type":"archipelago, island group, island","p_min_date":"-750.0","p_max_date":"2100.0","kind":"cultural-region","source":"awmc-regional-names"}},{"type":"Feature","geometry":{"type":"MultiLineString","coordinates":[[[13.5756,37.63254],[13.63735,37.60684]]]},"properties":{"name":"Gemelli Colles","class":"mountain","pid":"462216","type":"mountain","p_min_date":"-30.0","p_max_date":"2100.0","kind":"cultural-region","source":"awmc-regional-names"}},{"type":"Feature","geometry":{"type":"MultiLineString","coordinates":[[[13.3536,37.57294],[13.72622,37.57222]]]},"properties":{"name":"Sicani","class":"people, tribe","pid":"462491","type":"people, tribe","p_min_date":"-750.0","p_max_date":"300.0","kind":"cultural-region","source":"awmc-regional-names"}},{"type":"Feature","geometry":{"type":"MultiLineString","coordinates":[[[13.99406,37.90969],[14.0765,37.88078]]]},"properties":{"name":"Maroneus M.","class":"mountain","pid":"462302","type":"mountain","p_min_date":"-30.0","p_max_date":"2100.0","kind":"cultural-region","source":"awmc-regional-names"}},{"type":"Feature","geometry":{"type":"MultiLineString","coordinates":[[[14.19197,37.55503],[14.25681,37.51339],[14.45311,37.3611]]]},"properties":{"name":"Heraia M.","class":"mountain","pid":"462238","type":"mountain","p_min_date":"-30.0","p_max_date":"2100.0","kind":"cultural-region","source":"awmc-regional-names"}},{"type":"Feature","geometry":{"type":"MultiLineString","coordinates":[[[14.50832,37.89589],[14.82954,37.9637],[14.95506,37.99939]]]},"properties":{"name":"Nebrodes M.","class":"mountain","pid":"462389","type":"mountain","p_min_date":"-30.0","p_max_date":"2100.0","kind":"cultural-region","source":"awmc-regional-names"}},{"type":"Feature","geometry":{"type":"MultiLineString","coordinates":[[[15.17255,37.55971],[15.31413,37.55674]]]},"properties":{"name":"Cyclopum Scopuli Tres","class":"archipelago, island group, island","pid":"462179","type":"archipelago, island group, island","p_min_date":"-30.0","p_max_date":"2100.0","kind":"cultural-region","source":"awmc-regional-names"}},{"type":"Feature","geometry":{"type":"MultiLineString","coordinates":[[[14.38841,37.47345],[14.60732,37.47464],[14.7602,37.46928]]]},"properties":{"name":"Siculi","class":"people, tribe","pid":"462493","type":"people, tribe","p_min_date":"-750.0","p_max_date":"300.0","kind":"cultural-region","source":"awmc-regional-names"}},{"type":"Feature","geometry":{"type":"MultiLineString","coordinates":[[[14.87233,37.43656],[15.04009,37.40325]]]},"properties":{"name":"Laestrygonii Campi","class":"plain","pid":"462275","type":"plain","p_min_date":"-330.0","p_max_date":"300.0","kind":"cultural-region","source":"awmc-regional-names"}},{"type":"Feature","geometry":{"type":"MultiLineString","coordinates":[[[14.69532,37.34601],[14.79669,37.32102]]]},"properties":{"name":"Pelagonia Chora?","class":"region","pid":"462415","type":"region","p_min_date":"-550.0","p_max_date":"-30.0","kind":"cultural-region","source":"awmc-regional-names"}},{"type":"Feature","geometry":{"type":"MultiLineString","coordinates":[[[14.72689,37.02253],[14.76211,37.05869],[14.81541,37.09772],[14.88965,37.13912],[14.95199,37.16006]]]},"properties":{"name":"Hyblaei Colles","class":"mountain","pid":"462253","type":"mountain","p_min_date":"-30.0","p_max_date":"2100.0","kind":"cultural-region","source":"awmc-regional-names"}},{"type":"Feature","geometry":{"type":"MultiLineString","coordinates":[[[15.26398,37.13055],[15.31681,37.13008]]]},"properties":{"name":"Epipolai","class":"mountain","pid":"462198","type":"mountain","p_min_date":"-550.0","p_max_date":"300.0","kind":"cultural-region","source":"awmc-regional-names"}},{"type":"Feature","geometry":{"type":"MultiLineString","coordinates":[[[12.02144,36.82724],[12.12316,36.82939]]]},"properties":{"name":"Cossyra Ins.","class":"archipelago, island group, island","pid":"462168","type":"archipelago, island group, island","p_min_date":"-550.0","p_max_date":"2100.0","kind":"cultural-region","source":"awmc-regional-names"}},{"type":"Feature","geometry":{"type":"MultiLineString","coordinates":[[[9.11809,42.53184],[9.4304,42.53303]]]},"properties":{"name":"Kilebensioi","class":"people, tribe","pid":"472084","type":"people, tribe","p_min_date":"-330.0","p_max_date":"300.0","kind":"cultural-region","source":"awmc-regional-names"}},{"type":"Feature","geometry":{"type":"MultiLineString","coordinates":[[[8.81495,42.59103],[8.936,42.62285],[9.04635,42.64219]]]},"properties":{"name":"Kaisias Aigialos","class":"plain","pid":"472077","type":"plain","p_min_date":"-330.0","p_max_date":"300.0","kind":"cultural-region","source":"awmc-regional-names"}},{"type":"Feature","geometry":{"type":"MultiLineString","coordinates":[[[8.76944,42.45629],[8.91756,42.40454],[9.02226,42.35635]]]},"properties":{"name":"Chrysoun Oros","class":"mountain","pid":"472062","type":"mountain","p_min_date":"-330.0","p_max_date":"2100.0","kind":"cultural-region","source":"awmc-regional-names"}},{"type":"Feature","geometry":{"type":"MultiLineString","coordinates":[[[9.01601,42.42357],[9.25574,42.42119]]]},"properties":{"name":"Likninoi?","class":"people, tribe","pid":"472090","type":"people, tribe","p_min_date":"-330.0","p_max_date":"300.0","kind":"cultural-region","source":"awmc-regional-names"}},{"type":"Feature","geometry":{"type":"MultiLineString","coordinates":[[[9.28507,42.39918],[9.51231,42.39918]]]},"properties":{"name":"Makrinoi","class":"people, tribe","pid":"472094","type":"people, tribe","p_min_date":"-330.0","p_max_date":"300.0","kind":"cultural-region","source":"awmc-regional-names"}},{"type":"Feature","geometry":{"type":"MultiLineString","coordinates":[[[8.81293,42.33553],[9.06515,42.33494]]]},"properties":{"name":"Kerouinoi","class":"people, tribe","pid":"472082","type":"people, tribe","p_min_date":"-330.0","p_max_date":"300.0","kind":"cultural-region","source":"awmc-regional-names"}},{"type":"Feature","geometry":{"type":"MultiLineString","coordinates":[[[8.59812,42.24868],[8.62489,42.23679],[8.73315,42.20466],[8.81822,42.1892]]]},"properties":{"name":"Rhoition Oros","class":"mountain","pid":"472120","type":"mountain","p_min_date":"-330.0","p_max_date":"300.0","kind":"cultural-region","source":"awmc-regional-names"}},{"type":"Feature","geometry":{"type":"MultiLineString","coordinates":[[[9.10959,42.15588],[9.23689,42.16005],[9.26485,42.15707]]]},"properties":{"name":"Syrboi?","class":"people, tribe","pid":"472130","type":"people, tribe","p_min_date":"-330.0","p_max_date":"300.0","kind":"cultural-region","source":"awmc-regional-names"}},{"type":"Feature","geometry":{"type":"MultiLineString","coordinates":[[[9.06729,42.06546],[9.33379,42.06725]]]},"properties":{"name":"Tarabenioi","class":"people, tribe","pid":"472134","type":"people, tribe","p_min_date":"-330.0","p_max_date":"300.0","kind":"cultural-region","source":"awmc-regional-names"}},{"type":"Feature","geometry":{"type":"MultiLineString","coordinates":[[[8.79389,41.97088],[8.80638,41.91377],[8.82125,41.88463],[8.82244,41.85845]]]},"properties":{"name":"Ammodes Aigialos","class":"plain","pid":"472053","type":"plain","p_min_date":"-330.0","p_max_date":"300.0","kind":"cultural-region","source":"awmc-regional-names"}},{"type":"Feature","geometry":{"type":"MultiLineString","coordinates":[[[8.84207,41.57292],[9.04314,41.57351]]]},"properties":{"name":"Titianoi","class":"people, tribe","pid":"472137","type":"people, tribe","p_min_date":"-330.0","p_max_date":"300.0","kind":"cultural-region","source":"awmc-regional-names"}},{"type":"Feature","geometry":{"type":"MultiLineString","coordinates":[[[9.0833,41.90594],[9.40096,41.90594]]]},"properties":{"name":"Koumasenoi?","class":"people, tribe","pid":"472087","type":"people, tribe","p_min_date":"-330.0","p_max_date":"300.0","kind":"cultural-region","source":"awmc-regional-names"}},{"type":"Feature","geometry":{"type":"MultiLineString","coordinates":[[[9.00478,41.61624],[9.22964,41.61684]]]},"properties":{"name":"Balatonoi","class":"people, tribe","pid":"472059","type":"people, tribe","p_min_date":"-330.0","p_max_date":"300.0","kind":"cultural-region","source":"awmc-regional-names"}},{"type":"Feature","geometry":{"type":"MultiLineString","coordinates":[[[9.12322,41.4592],[9.23089,41.52344],[9.30703,41.58471]]]},"properties":{"name":"Soubasanoi","class":"people, tribe","pid":"472129","type":"people, tribe","p_min_date":"-330.0","p_max_date":"300.0","kind":"cultural-region","source":"awmc-regional-names"}},{"type":"Feature","geometry":{"type":"MultiLineString","coordinates":[[[8.17979,40.9893],[8.22262,41.07068],[8.25402,41.10637],[8.28972,41.13707]]]},"properties":{"name":"Herculis Inss.","class":"archipelago, island group, island","pid":"471943","type":"archipelago, island group, island","p_min_date":"-30.0","p_max_date":"2100.0","kind":"cultural-region","source":"awmc-regional-names"}},{"type":"Feature","geometry":{"type":"MultiLineString","coordinates":[[[8.25474,40.96503],[8.35182,40.96432]]]},"properties":{"name":"Diabate? Ins.","class":"archipelago, island group, island","pid":"471914","type":"archipelago, island group, island","p_min_date":"-330.0","p_max_date":"2100.0","kind":"cultural-region","source":"awmc-regional-names"}},{"type":"Feature","geometry":{"type":"MultiLineString","coordinates":[[[9.13048,41.28926],[9.34106,41.28712]]]},"properties":{"name":"Cuniculariae (islands)","class":"archipelago, island group, island","pid":"471909","type":"archipelago, island group, island","p_min_date":"-30.0","p_max_date":"2100.0","kind":"cultural-region","source":"awmc-regional-names"}},{"type":"Feature","geometry":{"type":"MultiLineString","coordinates":[[[9.2918,41.22644],[9.31179,41.22216],[9.37532,41.22501]]]},"properties":{"name":"Fossae? Ins.","class":"archipelago, island group, island","pid":"471927","type":"archipelago, island group, island","p_min_date":"-30.0","p_max_date":"640.0","kind":"cultural-region","source":"awmc-regional-names"}},{"type":"Feature","geometry":{"type":"MultiLineString","coordinates":[[[9.43957,41.2707],[9.48525,41.27212]]]},"properties":{"name":"Ilva Ins.","class":"archipelago, island group, island","pid":"471952","type":"archipelago, island group, island","p_min_date":"-330.0","p_max_date":"300.0","kind":"cultural-region","source":"awmc-regional-names"}},{"type":"Feature","geometry":{"type":"MultiLineString","coordinates":[[[9.49667,41.23429],[9.60946,41.235]]]},"properties":{"name":"Phintonis Ins.","class":"archipelago, island group, island","pid":"471996","type":"archipelago, island group, island","p_min_date":"-30.0","p_max_date":"640.0","kind":"cultural-region","source":"awmc-regional-names"}},{"type":"Feature","geometry":{"type":"MultiLineString","coordinates":[[[8.2174,40.6568],[8.44155,40.65894]]]},"properties":{"name":"Buduntini","class":"people, tribe","pid":"471896","type":"people, tribe","p_min_date":"-30.0","p_max_date":"300.0","kind":"cultural-region","source":"awmc-regional-names"}},{"type":"Feature","geometry":{"type":"MultiLineString","coordinates":[[[8.36303,40.61682],[8.66641,40.61753]]]},"properties":{"name":"Korakensioi","class":"people, tribe","pid":"471960","type":"people, tribe","p_min_date":"-330.0","p_max_date":"300.0","kind":"cultural-region","source":"awmc-regional-names"}},{"type":"Feature","geometry":{"type":"MultiLineString","coordinates":[[[8.82888,40.36626],[9.13511,40.36912]]]},"properties":{"name":"Sardi Pelliti","class":"people, tribe","pid":"472013","type":"people, tribe","p_min_date":"-330.0","p_max_date":"300.0","kind":"cultural-region","source":"awmc-regional-names"}},{"type":"Feature","geometry":{"type":"MultiLineString","coordinates":[[[8.47895,40.37197],[8.4968,40.35627],[8.52321,40.32058],[8.53107,40.3013],[8.54034,40.23777]]]},"properties":{"name":"Giddilitani","class":"people, tribe","pid":"471935","type":"people, tribe","p_min_date":"-30.0","p_max_date":"300.0","kind":"cultural-region","source":"awmc-regional-names"}},{"type":"Feature","geometry":{"type":"MultiLineString","coordinates":[[[8.87299,40.3013],[9.04646,40.3013]]]},"properties":{"name":"Ilienses","class":"people, tribe","pid":"471951","type":"people, tribe","p_min_date":"-330.0","p_max_date":"300.0","kind":"cultural-region","source":"awmc-regional-names"}},{"type":"Feature","geometry":{"type":"MultiLineString","coordinates":[[[8.5946,40.25134],[8.74093,40.25205]]]},"properties":{"name":"Numisiae","class":"people, tribe","pid":"471980","type":"people, tribe","p_min_date":"-30.0","p_max_date":"300.0","kind":"cultural-region","source":"awmc-regional-names"}},{"type":"Feature","geometry":{"type":"MultiLineString","coordinates":[[[8.50394,40.20494],[8.52179,40.16924],[8.54177,40.11142],[8.55177,40.03433]]]},"properties":{"name":"Eut(h)ychiani","class":"people, tribe","pid":"471920","type":"people, tribe","p_min_date":"-30.0","p_max_date":"300.0","kind":"cultural-region","source":"awmc-regional-names"}},{"type":"Feature","geometry":{"type":"MultiLineString","coordinates":[[[8.71452,40.19137],[8.88941,40.1928]]]},"properties":{"name":"Patulcii","class":"people, tribe","pid":"471993","type":"people, tribe","p_min_date":"-30.0","p_max_date":"300.0","kind":"cultural-region","source":"awmc-regional-names"}},{"type":"Feature","geometry":{"type":"MultiLineString","coordinates":[[[8.60388,40.09572],[8.72523,40.06645],[8.79947,40.06145]]]},"properties":{"name":"Kornensioi 'Aichilensioi'","class":"people, tribe","pid":"471961","type":"people, tribe","p_min_date":"-330.0","p_max_date":"300.0","kind":"cultural-region","source":"awmc-regional-names"}},{"type":"Feature","geometry":{"type":"MultiLineString","coordinates":[[[8.90326,40.01862],[9.19665,40.02148],[9.26375,40.01791]]]},"properties":{"name":"Barbaria","class":"region","pid":"471890","type":"region","p_min_date":"-30.0","p_max_date":"300.0","kind":"cultural-region","source":"awmc-regional-names"}},{"type":"Feature","geometry":{"type":"MultiLineString","coordinates":[[[9.03197,40.98659],[9.08764,40.99159],[9.19543,40.99087]]]},"properties":{"name":"Corsi","class":"people, tribe","pid":"471908","type":"people, tribe","p_min_date":"-30.0","p_max_date":"300.0","kind":"cultural-region","source":"awmc-regional-names"}},{"type":"Feature","geometry":{"type":"MultiLineString","coordinates":[[[9.74388,40.92449],[9.86237,40.92234]]]},"properties":{"name":"Hermaia? Ins.","class":"archipelago, island group, island","pid":"471944","type":"archipelago, island group, island","p_min_date":"-330.0","p_max_date":"2100.0","kind":"cultural-region","source":"awmc-regional-names"}},{"type":"Feature","geometry":{"type":"MultiLineString","coordinates":[[[9.05745,40.83568],[9.18832,40.8019],[9.27303,40.7662]]]},"properties":{"name":"Balari","class":"people, tribe","pid":"471889","type":"people, tribe","p_min_date":"-30.0","p_max_date":"300.0","kind":"cultural-region","source":"awmc-regional-names"}},{"type":"Feature","geometry":{"type":"MultiLineString","coordinates":[[[9.44816,40.68784],[9.75154,40.68713]]]},"properties":{"name":"Aisaronensioi","class":"people, tribe","pid":"471880","type":"people, tribe","p_min_date":"-330.0","p_max_date":"300.0","kind":"cultural-region","source":"awmc-regional-names"}},{"type":"Feature","geometry":{"type":"MultiLineString","coordinates":[[[9.01686,40.65572],[9.13749,40.65929],[9.41089,40.65714]]]},"properties":{"name":"Loukouidonensioi","class":"people, tribe","pid":"471963","type":"people, tribe","p_min_date":"-330.0","p_max_date":"300.0","kind":"cultural-region","source":"awmc-regional-names"}},{"type":"Feature","geometry":{"type":"MultiLineString","coordinates":[[[9.49805,40.47226],[9.59014,40.47869],[9.73576,40.47726]]]},"properties":{"name":"Karensioi?","class":"people, tribe","pid":"471958","type":"people, tribe","p_min_date":"-330.0","p_max_date":"300.0","kind":"cultural-region","source":"awmc-regional-names"}},{"type":"Feature","geometry":{"type":"MultiLineString","coordinates":[[[9.12093,40.29594],[9.33508,40.29951]]]},"properties":{"name":"Nurritani","class":"people, tribe","pid":"471983","type":"people, tribe","p_min_date":"-30.0","p_max_date":"300.0","kind":"cultural-region","source":"awmc-regional-names"}},{"type":"Feature","geometry":{"type":"MultiLineString","coordinates":[[[9.28961,40.23741],[9.35029,40.24098],[9.54588,40.23955]]]},"properties":{"name":"*Cusinitani","class":"people, tribe","pid":"471910","type":"people, tribe","p_min_date":"-30.0","p_max_date":"300.0","kind":"cultural-region","source":"awmc-regional-names"}},{"type":"Feature","geometry":{"type":"MultiLineString","coordinates":[[[9.27669,40.1803],[9.52511,40.17959]]]},"properties":{"name":"*Celesitani","class":"people, tribe","pid":"471903","type":"people, tribe","p_min_date":"-30.0","p_max_date":"300.0","kind":"cultural-region","source":"awmc-regional-names"}},{"type":"Feature","geometry":{"type":"MultiLineString","coordinates":[[[9.42945,40.07537],[9.64075,40.07608]]]},"properties":{"name":"Fifenses","class":"people, tribe","pid":"471925","type":"people, tribe","p_min_date":"-30.0","p_max_date":"300.0","kind":"cultural-region","source":"awmc-regional-names"}},{"type":"Feature","geometry":{"type":"MultiLineString","coordinates":[[[9.18397,40.08536],[9.24464,40.06323],[9.32316,40.02254],[9.38884,39.97757],[9.47664,39.90333]]]},"properties":{"name":"Insani M.","class":"mountain","pid":"471953","type":"mountain","p_min_date":"-330.0","p_max_date":"300.0","kind":"cultural-region","source":"awmc-regional-names"}},{"type":"Feature","geometry":{"type":"MultiLineString","coordinates":[[[8.63859,39.83694],[8.85489,39.8348]]]},"properties":{"name":"Uticenses","class":"people, tribe","pid":"472040","type":"people, tribe","p_min_date":"-30.0","p_max_date":"300.0","kind":"cultural-region","source":"awmc-regional-names"}},{"type":"Feature","geometry":{"type":"MultiLineString","coordinates":[[[8.92213,39.61922],[9.12557,39.61994]]]},"properties":{"name":"Semilitenses","class":"people, tribe","pid":"472016","type":"people, tribe","p_min_date":"-30.0","p_max_date":"300.0","kind":"cultural-region","source":"awmc-regional-names"}},{"type":"Feature","geometry":{"type":"MultiLineString","coordinates":[[[8.87287,39.58068],[9.14556,39.58139]]]},"properties":{"name":"Maltamonenses","class":"people, tribe","pid":"471968","type":"people, tribe","p_min_date":"-30.0","p_max_date":"300.0","kind":"cultural-region","source":"awmc-regional-names"}},{"type":"Feature","geometry":{"type":"MultiLineString","coordinates":[[[8.50361,39.22304],[8.76273,39.22519]]]},"properties":{"name":"Maurousioi","class":"people, tribe","pid":"471970","type":"people, tribe","p_min_date":"300.0","p_max_date":"640.0","kind":"cultural-region","source":"awmc-regional-names"}},{"type":"Feature","geometry":{"type":"MultiLineString","coordinates":[[[8.45221,39.1538],[8.73489,39.1538]]]},"properties":{"name":"Beronicenses","class":"people, tribe","pid":"471892","type":"people, tribe","p_min_date":"-30.0","p_max_date":"300.0","kind":"cultural-region","source":"awmc-regional-names"}},{"type":"Feature","geometry":{"type":"MultiLineString","coordinates":[[[8.14362,39.12882],[8.23856,39.12882]]]},"properties":{"name":"Enosis Ins.","class":"archipelago, island group, island","pid":"471917","type":"archipelago, island group, island","p_min_date":"-30.0","p_max_date":"2100.0","kind":"cultural-region","source":"awmc-regional-names"}},{"type":"Feature","geometry":{"type":"MultiLineString","coordinates":[[[8.17431,39.04387],[8.35563,39.04316]]]},"properties":{"name":"Molibodes Ins.","class":"archipelago, island group, island","pid":"471973","type":"archipelago, island group, island","p_min_date":"-330.0","p_max_date":"2100.0","kind":"cultural-region","source":"awmc-regional-names"}},{"type":"Feature","geometry":{"type":"MultiLineString","coordinates":[[[9.00101,39.9069],[9.30582,39.90761]]]},"properties":{"name":"Barbarikinoi","class":"people, tribe","pid":"471891","type":"people, tribe","p_min_date":"300.0","p_max_date":"640.0","kind":"cultural-region","source":"awmc-regional-names"}},{"type":"Feature","geometry":{"type":"MultiLineString","coordinates":[[[9.40012,39.82053],[9.4765,39.82552],[9.6314,39.82195]]]},"properties":{"name":"*Rubrenses","class":"people, tribe","pid":"472003","type":"people, tribe","p_min_date":"-30.0","p_max_date":"300.0","kind":"cultural-region","source":"awmc-regional-names"}},{"type":"Feature","geometry":{"type":"MultiLineString","coordinates":[[[9.42296,39.75343],[9.66352,39.75343]]]},"properties":{"name":"Alticienses","class":"people, tribe","pid":"471881","type":"people, tribe","p_min_date":"-30.0","p_max_date":"300.0","kind":"cultural-region","source":"awmc-regional-names"}},{"type":"Feature","geometry":{"type":"MultiLineString","coordinates":[[[9.08231,39.69489],[9.34072,39.69632]]]},"properties":{"name":"Martenses","class":"people, tribe","pid":"471969","type":"people, tribe","p_min_date":"-30.0","p_max_date":"300.0","kind":"cultural-region","source":"awmc-regional-names"}},{"type":"Feature","geometry":{"type":"MultiLineString","coordinates":[[[9.16391,39.50715],[9.44944,39.5043]]]},"properties":{"name":"Galillenses","class":"people, tribe","pid":"471932","type":"people, tribe","p_min_date":"-30.0","p_max_date":"300.0","kind":"cultural-region","source":"awmc-regional-names"}},{"type":"Feature","geometry":{"type":"MultiLineString","coordinates":[[[9.34665,39.42792],[9.39233,39.43291],[9.61077,39.43148]]]},"properties":{"name":"Sikoulensioi","class":"people, tribe","pid":"472019","type":"people, tribe","p_min_date":"-330.0","p_max_date":"300.0","kind":"cultural-region","source":"awmc-regional-names"}},{"type":"Feature","geometry":{"type":"MultiLineString","coordinates":[[[9.12672,39.41721],[9.22594,39.35153],[9.29946,39.29229],[9.38298,39.21091]]]},"properties":{"name":"Patulcenses Campani","class":"people, tribe","pid":"471992","type":"people, tribe","p_min_date":"-30.0","p_max_date":"300.0","kind":"cultural-region","source":"awmc-regional-names"}},{"type":"Feature","geometry":{"type":"MultiLineString","coordinates":[[[9.45419,39.08402],[9.52914,39.08402]]]},"properties":{"name":"Ficaria (island)","class":"archipelago, island group, island","pid":"471924","type":"archipelago, island group, island","p_min_date":"-30.0","p_max_date":"2100.0","kind":"cultural-region","source":"awmc-regional-names"}},{"type":"Feature","geometry":{"type":"MultiLineString","coordinates":[[[18.65833,42.67812],[18.92483,42.5062]]]},"properties":{"name":"Enchelei","class":"people, tribe","pid":"197260","type":"people, tribe","p_min_date":"-550.0","p_max_date":"-30.0","kind":"cultural-region","source":"awmc-regional-names"}},{"type":"Feature","geometry":{"type":"MultiLineString","coordinates":[[[8.91708,37.51736],[8.96383,37.51818]]]},"properties":{"name":"Galata Ins.","class":"archipelago, island group, island","pid":"314961","type":"archipelago, island group, island","p_min_date":"0.0","p_max_date":"0.0","kind":"cultural-region","source":"awmc-regional-names"}},{"type":"Feature","geometry":{"type":"MultiLineString","coordinates":[[[7.81466,36.7662],[7.95873,36.79738],[8.21799,36.8389],[8.4666,36.86263],[8.6173,36.87033]]]},"properties":{"name":"Iontioi","class":"people, tribe","pid":"315043","type":"people, tribe","p_min_date":"0.0","p_max_date":"0.0","kind":"cultural-region","source":"awmc-regional-names"}},{"type":"Feature","geometry":{"type":"MultiLineString","coordinates":[[[7.96038,36.76342],[8.09438,36.76413]]]},"properties":{"name":"Misictri","class":"people, tribe","pid":"315081","type":"people, tribe","p_min_date":"0.0","p_max_date":"0.0","kind":"cultural-region","source":"awmc-regional-names"}},{"type":"Feature","geometry":{"type":"MultiLineString","coordinates":[[[8.85006,36.9325],[8.99054,36.97731],[9.27897,37.04984]]]},"properties":{"name":"Midenoi","class":"people, tribe","pid":"315079","type":"people, tribe","p_min_date":"0.0","p_max_date":"0.0","kind":"cultural-region","source":"awmc-regional-names"}},{"type":"Feature","geometry":{"type":"MultiLineString","coordinates":[[[8.82013,36.50266],[8.85954,36.56226],[8.90096,36.60722]]]},"properties":{"name":"Magni Campi/Bullensis Campus","class":"plain","pid":"315066","type":"plain","p_min_date":"0.0","p_max_date":"0.0","kind":"cultural-region","source":"awmc-regional-names"}},{"type":"Feature","geometry":{"type":"MultiLineString","coordinates":[[[9.42276,37.11386],[9.48154,37.14871]]]},"properties":{"name":"Kinna M.","class":"mountain","pid":"315052","type":"mountain","p_min_date":"0.0","p_max_date":"0.0","kind":"cultural-region","source":"awmc-regional-names"}},{"type":"Feature","geometry":{"type":"MultiLineString","coordinates":[[[9.29312,37.08724],[9.58533,36.99101],[9.85906,36.88634],[9.98907,36.83027],[10.24993,36.69948],[10.41428,36.61138]]]},"properties":{"name":"Zeugitana","class":"region","pid":"315268","type":"region","p_min_date":"0.0","p_max_date":"0.0","kind":"cultural-region","source":"awmc-regional-names"}},{"type":"Feature","geometry":{"type":"MultiLineString","coordinates":[[[9.59942,36.92304],[9.83669,36.9221]]]},"properties":{"name":"Muxitani","class":"people, tribe","pid":"315087","type":"people, tribe","p_min_date":"0.0","p_max_date":"0.0","kind":"cultural-region","source":"awmc-regional-names"}},{"type":"Feature","geometry":{"type":"MultiLineString","coordinates":[[[9.48235,36.67533],[9.57445,36.67584]]]},"properties":{"name":"Afri","class":"people, tribe","pid":"314855","type":"people, tribe","p_min_date":"0.0","p_max_date":"0.0","kind":"cultural-region","source":"awmc-regional-names"}},{"type":"Feature","geometry":{"type":"MultiLineString","coordinates":[[[9.81929,36.72559],[9.97196,36.7911]]]},"properties":{"name":"Pagus Zeugei","class":"region","pid":"315112","type":"region","p_min_date":"0.0","p_max_date":"0.0","kind":"cultural-region","source":"awmc-regional-names"}},{"type":"Feature","geometry":{"type":"MultiLineString","coordinates":[[[9.76593,36.98786],[9.95237,36.99015]]]},"properties":{"name":"Pagus Muxsi","class":"region","pid":"315107","type":"region","p_min_date":"0.0","p_max_date":"0.0","kind":"cultural-region","source":"awmc-regional-names"}},{"type":"Feature","geometry":{"type":"MultiLineString","coordinates":[[[9.51238,36.47872],[9.7044,36.47924]]]},"properties":{"name":"Kerophaioi?","class":"people, tribe","pid":"315051","type":"people, tribe","p_min_date":"0.0","p_max_date":"0.0","kind":"cultural-region","source":"awmc-regional-names"}},{"type":"Feature","geometry":{"type":"MultiLineString","coordinates":[[[10.68606,34.96467],[10.68723,35.17609],[10.68343,35.23078],[10.65965,35.38722],[10.63196,35.45732],[10.57254,35.65217],[10.52941,35.73664],[10.5068,35.79887],[10.42126,35.93508],[10.35124,36.03331],[10.33263,36.06793],[10.32765,36.11728],[10.33615,36.17209],[10.36373,36.23985],[10.42324,36.33729],[10.46633,36.38522],[10.50763,36.4225],[10.62556,36.514]]]},"properties":{"name":"Byzacium","class":"region","pid":"324681","type":"region","p_min_date":"0.0","p_max_date":"0.0","kind":"cultural-region","source":"awmc-regional-names"}},{"type":"Feature","geometry":{"type":"MultiLineString","coordinates":[[[10.08738,36.37368],[10.1534,36.34968]]]},"properties":{"name":"Ziquensis M.","class":"mountain","pid":"315272","type":"mountain","p_min_date":"0.0","p_max_date":"0.0","kind":"cultural-region","source":"awmc-regional-names"}},{"type":"Feature","geometry":{"type":"MultiLineString","coordinates":[[[10.33758,37.18745],[10.38782,37.18804]]]},"properties":{"name":"Terapse? Ins.","class":"archipelago, island group, island","pid":"315189","type":"archipelago, island group, island","p_min_date":"0.0","p_max_date":"0.0","kind":"cultural-region","source":"awmc-regional-names"}},{"type":"Feature","geometry":{"type":"MultiLineString","coordinates":[[[10.77614,37.1007],[10.87487,37.1252]]]},"properties":{"name":"Aegimoeroe Inss.","class":"archipelago, island group, island","pid":"314854","type":"archipelago, island group, island","p_min_date":"0.0","p_max_date":"0.0","kind":"cultural-region","source":"awmc-regional-names"}},{"type":"Feature","geometry":{"type":"MultiLineString","coordinates":[[[10.25198,37.07325],[10.34271,37.05025],[10.60975,36.95322],[10.68838,36.92914]]]},"properties":{"name":"Uticensis Sinus","class":"water, open","pid":"315249","type":"water, open","p_min_date":"0.0","p_max_date":"0.0","kind":"cultural-region","source":"awmc-regional-names"}},{"type":"Feature","geometry":{"type":"MultiLineString","coordinates":[[[8.59404,37.49133],[8.83635,37.5848],[9.03706,37.65167],[9.37311,37.72191],[9.58718,37.75341],[9.7919,37.77109],[9.90759,37.77768],[10.09405,37.77225]]]},"properties":{"name":"Africum Mare","class":"water, open","pid":"776","type":"water, open","p_min_date":"0.0","p_max_date":"0.0","kind":"cultural-region","source":"awmc-regional-names"}},{"type":"Feature","geometry":{"type":"MultiLineString","coordinates":[[[6.33018,45.91456],[6.49437,45.99665],[6.89055,46.15013],[7.40451,46.33929],[7.8114,46.47492],[8.11835,46.57129],[8.6573,46.72834]]]},"properties":{"name":"Alpes M.","class":"mountain","pid":"783","type":"mountain","p_min_date":"0.0","p_max_date":"0.0","kind":"cultural-region","source":"awmc-regional-names"}},{"type":"Feature","geometry":{"type":"MultiLineString","coordinates":[[[8.07082,44.01942],[8.13601,44.05226],[8.21406,44.07891]]]},"properties":{"name":"Ingauni","class":"people, tribe","pid":"157870","type":"people, tribe","p_min_date":"0.0","p_max_date":"0.0","kind":"cultural-region","source":"awmc-regional-names"}},{"type":"Feature","geometry":{"type":"MultiLineString","coordinates":[[[8.23062,44.02884],[8.29439,44.02861]]]},"properties":{"name":"Gallinaria Ins.","class":"archipelago, island group, island","pid":"157858","type":"archipelago, island group, island","p_min_date":"0.0","p_max_date":"0.0","kind":"cultural-region","source":"awmc-regional-names"}},{"type":"Feature","geometry":{"type":"MultiLineString","coordinates":[[[16.4418,47.04248],[16.66784,47.11268],[16.82965,47.17573],[17.07116,47.28638],[17.18776,47.35895]]]},"properties":{"name":"Arabiates","class":"people, tribe","pid":"197132","type":"people, tribe","p_min_date":"0.0","p_max_date":"0.0","kind":"cultural-region","source":"awmc-regional-names"}},{"type":"Feature","geometry":{"type":"MultiLineString","coordinates":[[[16.0756,47.88481],[16.17458,47.80867],[16.80657,47.40892],[17.0902,47.22047],[17.18347,47.17097]]]},"properties":{"name":"Boii","class":"people, tribe","pid":"197173","type":"people, tribe","p_min_date":"0.0","p_max_date":"0.0","kind":"cultural-region","source":"awmc-regional-names"}},{"type":"Feature","geometry":{"type":"MultiLineString","coordinates":[[[18.34046,46.84],[18.37187,46.88997],[18.50465,47.06986],[18.60887,47.24689],[18.66026,47.32541],[18.7859,47.58239]]]},"properties":{"name":"Eravisci","class":"people, tribe","pid":"197265","type":"people, tribe","p_min_date":"0.0","p_max_date":"0.0","kind":"cultural-region","source":"awmc-regional-names"}},{"type":"Feature","geometry":{"type":"MultiLineString","coordinates":[[[17.88646,46.57017],[18.0021,46.5716],[18.55604,46.55732],[18.74449,46.56017]]]},"properties":{"name":"Hercuniates","class":"people, tribe","pid":"197301","type":"people, tribe","p_min_date":"0.0","p_max_date":"0.0","kind":"cultural-region","source":"awmc-regional-names"}},{"type":"Feature","geometry":{"type":"MultiLineString","coordinates":[[[14.20648,46.24695],[14.29214,46.27312],[14.55388,46.32785],[14.81324,46.36592],[15.08926,46.37544],[15.3391,46.36354],[15.59132,46.33737],[15.84355,46.30168],[16.08625,46.23981],[16.16953,46.21364]]]},"properties":{"name":"Taurisci","class":"people, tribe","pid":"197545","type":"people, tribe","p_min_date":"0.0","p_max_date":"0.0","kind":"cultural-region","source":"awmc-regional-names"}},{"type":"Feature","geometry":{"type":"MultiLineString","coordinates":[[[15.24511,46.16962],[15.36706,46.11013],[15.69423,45.99413],[16.06008,45.88111],[16.42294,45.77998],[17.13976,45.5926],[17.47883,45.51526],[17.83277,45.44388],[17.98744,45.42009]]]},"properties":{"name":"Pannonia","class":"region","pid":"197425","type":"region","p_min_date":"0.0","p_max_date":"0.0","kind":"cultural-region","source":"awmc-regional-names"}},{"type":"Feature","geometry":{"type":"MultiLineString","coordinates":[[[13.89734,46.42779],[13.98776,46.45872],[14.2495,46.5301],[14.48983,46.61101],[14.71112,46.70618],[14.93479,46.8204],[15.13942,46.94413],[15.4083,47.15352]]]},"properties":{"name":"Noricum","class":"region","pid":"187490","type":"region","p_min_date":"0.0","p_max_date":"0.0","kind":"cultural-region","source":"awmc-regional-names"}},{"type":"Feature","geometry":{"type":"MultiLineString","coordinates":[[[14.33534,46.4517],[14.75722,46.32821]]]},"properties":{"name":"Carvanca M.","class":"mountain","pid":"197194","type":"mountain","p_min_date":"0.0","p_max_date":"0.0","kind":"cultural-region","source":"awmc-regional-names"}},{"type":"Feature","geometry":{"type":"MultiLineString","coordinates":[[[13.68147,46.39038],[13.84636,46.3604],[13.9256,46.34113],[14.05766,46.30329],[14.17901,46.26118]]]},"properties":{"name":"Alpes Carnicae","class":"mountain","pid":"187269","type":"mountain","p_min_date":"0.0","p_max_date":"0.0","kind":"cultural-region","source":"awmc-regional-names"}},{"type":"Feature","geometry":{"type":"MultiLineString","coordinates":[[[13.60059,46.31821],[13.73979,46.28252],[14.081,46.22399]]]},"properties":{"name":"Carni","class":"people, tribe","pid":"187338","type":"people, tribe","p_min_date":"0.0","p_max_date":"0.0","kind":"cultural-region","source":"awmc-regional-names"}},{"type":"Feature","geometry":{"type":"MultiLineString","coordinates":[[[13.92759,45.97718],[14.30116,45.7428],[14.41419,45.66309]]]},"properties":{"name":"Alpes Iuliae","class":"mountain","pid":"197108","type":"mountain","p_min_date":"0.0","p_max_date":"0.0","kind":"cultural-region","source":"awmc-regional-names"}},{"type":"Feature","geometry":{"type":"MultiLineString","coordinates":[[[13.81772,45.77867],[13.89624,45.66803],[13.93693,45.58094],[13.95763,45.51455]]]},"properties":{"name":"Catali","class":"people, tribe","pid":"197203","type":"people, tribe","p_min_date":"0.0","p_max_date":"0.0","kind":"cultural-region","source":"awmc-regional-names"}},{"type":"Feature","geometry":{"type":"MultiLineString","coordinates":[[[13.97345,45.67243],[14.09409,45.73382],[14.22187,45.82019]]]},"properties":{"name":"Rundictes","class":"people, tribe","pid":"197479","type":"people, tribe","p_min_date":"0.0","p_max_date":"0.0","kind":"cultural-region","source":"awmc-regional-names"}},{"type":"Feature","geometry":{"type":"MultiLineString","coordinates":[[[13.87273,45.05374],[13.9384,45.16939],[14.05833,45.30787],[14.21109,45.43493],[14.32673,45.51774]]]},"properties":{"name":"Histria","class":"region","pid":"197304","type":"region","p_min_date":"0.0","p_max_date":"0.0","kind":"cultural-region","source":"awmc-regional-names"}},{"type":"Feature","geometry":{"type":"MultiLineString","coordinates":[[[13.49953,45.1651],[13.60304,45.16724]]]},"properties":{"name":"Cervaria Ins.","class":"archipelago, island group, island","pid":"197195","type":"archipelago, island group, island","p_min_date":"0.0","p_max_date":"0.0","kind":"cultural-region","source":"awmc-regional-names"}},{"type":"Feature","geometry":{"type":"MultiLineString","coordinates":[[[13.50453,45.12727],[13.5959,45.1287]]]},"properties":{"name":"Ursaria Ins.","class":"archipelago, island group, island","pid":"197568","type":"archipelago, island group, island","p_min_date":"0.0","p_max_date":"0.0","kind":"cultural-region","source":"awmc-regional-names"}},{"type":"Feature","geometry":{"type":"MultiLineString","coordinates":[[[13.92498,44.95024],[13.95639,45.01234],[14.00921,45.16225]]]},"properties":{"name":"Fecusses","class":"people, tribe","pid":"197268","type":"people, tribe","p_min_date":"0.0","p_max_date":"0.0","kind":"cultural-region","source":"awmc-regional-names"}},{"type":"Feature","geometry":{"type":"MultiLineString","coordinates":[[[13.60446,44.91901],[13.76567,44.9196]]]},"properties":{"name":"Pullariae Inss.","class":"archipelago, island group, island","pid":"197459","type":"archipelago, island group, island","p_min_date":"0.0","p_max_date":"0.0","kind":"cultural-region","source":"awmc-regional-names"}},{"type":"Feature","geometry":{"type":"MultiLineString","coordinates":[[[14.62204,45.40834],[14.73197,45.37551],[14.92899,45.29413],[14.99609,45.25844],[15.09745,45.19847],[15.12886,45.17278],[15.1874,45.13566],[15.23165,45.09997],[15.29447,45.03857]]]},"properties":{"name":"Alpes Delmaticae","class":"mountain","pid":"197106","type":"mountain","p_min_date":"0.0","p_max_date":"0.0","kind":"cultural-region","source":"awmc-regional-names"}},{"type":"Feature","geometry":{"type":"MultiLineString","coordinates":[[[14.45857,45.10282],[14.67557,45.10496]]]},"properties":{"name":"Curicta Ins.","class":"archipelago, island group, island","pid":"197234","type":"archipelago, island group, island","p_min_date":"0.0","p_max_date":"0.0","kind":"cultural-region","source":"awmc-regional-names"}},{"type":"Feature","geometry":{"type":"MultiLineString","coordinates":[[[14.79116,45.82743],[14.99341,45.82981],[15.45621,45.82267]]]},"properties":{"name":"Latobici","class":"people, tribe","pid":"197344","type":"people, tribe","p_min_date":"0.0","p_max_date":"0.0","kind":"cultural-region","source":"awmc-regional-names"}},{"type":"Feature","geometry":{"type":"MultiLineString","coordinates":[[[15.24087,45.54665],[15.40149,45.5526],[16.09272,45.5526],[16.25214,45.55736]]]},"properties":{"name":"Colapiani","class":"people, tribe","pid":"197216","type":"people, tribe","p_min_date":"0.0","p_max_date":"0.0","kind":"cultural-region","source":"awmc-regional-names"}},{"type":"Feature","geometry":{"type":"MultiLineString","coordinates":[[[15.86762,45.73772],[16.14424,45.73237],[16.36374,45.73772],[16.59512,45.73241],[16.75152,45.73919]]]},"properties":{"name":"Varciani","class":"people, tribe","pid":"197572","type":"people, tribe","p_min_date":"0.0","p_max_date":"0.0","kind":"cultural-region","source":"awmc-regional-names"}},{"type":"Feature","geometry":{"type":"MultiLineString","coordinates":[[[16.00628,45.30375],[16.32179,45.32231],[16.56164,45.34801],[16.81434,45.38513],[17.05848,45.43224],[17.27548,45.4922],[17.33973,45.52076]]]},"properties":{"name":"Breuci","class":"people, tribe","pid":"197179","type":"people, tribe","p_min_date":"0.0","p_max_date":"0.0","kind":"cultural-region","source":"awmc-regional-names"}},{"type":"Feature","geometry":{"type":"MultiLineString","coordinates":[[[16.54501,45.20774],[16.64638,45.22344],[16.75988,45.23415],[16.9262,45.23843],[17.07825,45.23058]]]},"properties":{"name":"Oseriates","class":"people, tribe","pid":"197422","type":"people, tribe","p_min_date":"0.0","p_max_date":"0.0","kind":"cultural-region","source":"awmc-regional-names"}},{"type":"Feature","geometry":{"type":"MultiLineString","coordinates":[[[16.1821,45.41525],[16.28989,45.38135]]]},"properties":{"name":"Alpes Ferreae","class":"mountain","pid":"197107","type":"mountain","p_min_date":"0.0","p_max_date":"0.0","kind":"cultural-region","source":"awmc-regional-names"}},{"type":"Feature","geometry":{"type":"MultiLineString","coordinates":[[[16.44158,45.14349],[16.63431,45.05926],[16.75424,44.99787],[16.87273,44.92934],[17.09688,44.78943],[17.24108,44.69378]]]},"properties":{"name":"Maezaei","class":"people, tribe","pid":"197364","type":"people, tribe","p_min_date":"0.0","p_max_date":"0.0","kind":"cultural-region","source":"awmc-regional-names"}},{"type":"Feature","geometry":{"type":"MultiLineString","coordinates":[[[16.22267,45.46139],[16.43396,45.46139],[16.52819,45.46567],[16.61099,45.47709],[16.70237,45.49708],[16.90652,45.56847]]]},"properties":{"name":"Sisciani","class":"people, tribe","pid":"197517","type":"people, tribe","p_min_date":"0.0","p_max_date":"0.0","kind":"cultural-region","source":"awmc-regional-names"}},{"type":"Feature","geometry":{"type":"MultiLineString","coordinates":[[[16.95471,45.68518],[17.34018,45.68446]]]},"properties":{"name":"Ias(s)ii","class":"people, tribe","pid":"197314","type":"people, tribe","p_min_date":"0.0","p_max_date":"0.0","kind":"cultural-region","source":"awmc-regional-names"}},{"type":"Feature","geometry":{"type":"MultiLineString","coordinates":[[[17.34863,45.26937],[17.99108,45.19441],[18.55144,45.1498],[18.99759,45.12303]]]},"properties":{"name":"Scordisci","class":"people, tribe","pid":"207434","type":"people, tribe","p_min_date":"0.0","p_max_date":"0.0","kind":"cultural-region","source":"awmc-regional-names"}},{"type":"Feature","geometry":{"type":"MultiLineString","coordinates":[[[18.3925,45.69089],[18.45912,45.65877],[18.58761,45.61118],[18.71729,45.58024],[18.79106,45.57073]]]},"properties":{"name":"Andizetes","class":"people, tribe","pid":"197116","type":"people, tribe","p_min_date":"0.0","p_max_date":"0.0","kind":"cultural-region","source":"awmc-regional-names"}},{"type":"Feature","geometry":{"type":"MultiLineString","coordinates":[[[18.62786,45.76312],[18.79324,45.81517]]]},"properties":{"name":"Aureus M.","class":"mountain","pid":"197149","type":"mountain","p_min_date":"0.0","p_max_date":"0.0","kind":"cultural-region","source":"awmc-regional-names"}},{"type":"Feature","geometry":{"type":"MultiLineString","coordinates":[[[17.85363,44.11714],[18.07635,44.22421],[18.77448,44.50975]]]},"properties":{"name":"Daesitiates","class":"people, tribe","pid":"197239","type":"people, tribe","p_min_date":"0.0","p_max_date":"0.0","kind":"cultural-region","source":"awmc-regional-names"}},{"type":"Feature","geometry":{"type":"MultiLineString","coordinates":[[[17.69871,43.92053],[17.79199,43.96717],[17.98996,44.05473],[18.2812,44.1737]]]},"properties":{"name":"Bathiatai","class":"people, tribe","pid":"197161","type":"people, tribe","p_min_date":"0.0","p_max_date":"0.0","kind":"cultural-region","source":"awmc-regional-names"}},{"type":"Feature","geometry":{"type":"MultiLineString","coordinates":[[[17.17176,44.33051],[17.32167,44.28054],[17.45373,44.25437],[17.52868,44.24604]]]},"properties":{"name":"Sapuates","class":"people, tribe","type":"people, tribe","p_min_date":"0.0","p_max_date":"0.0","kind":"cultural-region","source":"awmc-regional-names"}},{"type":"Feature","geometry":{"type":"MultiLineString","coordinates":[[[16.34049,44.10101],[16.45507,44.07817]]]},"properties":{"name":"Ulcirus M.","class":"mountain","pid":"197563","type":"mountain","p_min_date":"0.0","p_max_date":"0.0","kind":"cultural-region","source":"awmc-regional-names"}},{"type":"Feature","geometry":{"type":"MultiLineString","coordinates":[[[16.24044,44.51071],[16.33657,44.4479],[16.61068,44.30323]]]},"properties":{"name":"Sardeates","class":"people, tribe","pid":"197495","type":"people, tribe","p_min_date":"0.0","p_max_date":"0.0","kind":"cultural-region","source":"awmc-regional-names"}},{"type":"Feature","geometry":{"type":"MultiLineString","coordinates":[[[16.15858,44.38318],[16.15763,44.30798],[16.17001,44.25659],[16.19285,44.18711],[16.21569,44.14618]]]},"properties":{"name":"Ditiones","class":"people, tribe","pid":"197250","type":"people, tribe","p_min_date":"0.0","p_max_date":"0.0","kind":"cultural-region","source":"awmc-regional-names"}},{"type":"Feature","geometry":{"type":"MultiLineString","coordinates":[[[14.70085,45.51034],[14.84719,45.33723],[14.97033,45.16234],[15.07205,44.98924],[15.25051,44.63946],[15.32903,44.41638]]]},"properties":{"name":"Iapudes","class":"people, tribe","pid":"197313","type":"people, tribe","p_min_date":"0.0","p_max_date":"0.0","kind":"cultural-region","source":"awmc-regional-names"}},{"type":"Feature","geometry":{"type":"MultiLineString","coordinates":[[[14.65802,45.00887],[14.90073,44.65195],[15.0203,44.49312],[15.30226,44.18082],[15.44503,44.04162],[15.6681,43.86494]]]},"properties":{"name":"Liburnia","class":"region","pid":"197353","type":"region","p_min_date":"0.0","p_max_date":"0.0","kind":"cultural-region","source":"awmc-regional-names"}},{"type":"Feature","geometry":{"type":"MultiLineString","coordinates":[[[14.25569,44.92678],[14.25569,44.87681],[14.27496,44.77116],[14.31493,44.64553],[14.34063,44.59841],[14.37275,44.5513],[14.40987,44.51204],[14.51481,44.43637],[14.56549,44.41281]]]},"properties":{"name":"Apsyrtides (islands)","class":"archipelago, island group, island","pid":"197124","type":"archipelago, island group, island","p_min_date":"0.0","p_max_date":"0.0","kind":"cultural-region","source":"awmc-regional-names"}},{"type":"Feature","geometry":{"type":"MultiLineString","coordinates":[[[14.69684,44.70121],[14.73182,44.60841],[14.8082,44.48634],[14.85602,44.4278],[14.92384,44.35214],[14.95525,44.3243],[14.98095,44.3036],[15.1023,44.22936]]]},"properties":{"name":"Mentorides Inss.","class":"archipelago, island group, island","pid":"197377","type":"archipelago, island group, island","p_min_date":"0.0","p_max_date":"0.0","kind":"cultural-region","source":"awmc-regional-names"}},{"type":"Feature","geometry":{"type":"MultiLineString","coordinates":[[[14.61921,44.8098],[14.70201,44.81551]]]},"properties":{"name":"Arba Ins.","class":"archipelago, island group, island","pid":"197135","type":"archipelago, island group, island","p_min_date":"0.0","p_max_date":"0.0","kind":"cultural-region","source":"awmc-regional-names"}},{"type":"Feature","geometry":{"type":"MultiLineString","coordinates":[[[14.4486,44.85905],[14.59779,44.84692],[14.67988,44.83407]]]},"properties":{"name":"Apsyrta/Crepsa Ins.","class":"archipelago, island group, island","pid":"197123","type":"archipelago, island group, island","p_min_date":"0.0","p_max_date":"0.0","kind":"cultural-region","source":"awmc-regional-names"}},{"type":"Feature","geometry":{"type":"MultiLineString","coordinates":[[[14.75722,44.04462],[14.99754,44.04462]]]},"properties":{"name":"Portunata Ins.","class":"archipelago, island group, island","pid":"197455","type":"archipelago, island group, island","p_min_date":"0.0","p_max_date":"0.0","kind":"cultural-region","source":"awmc-regional-names"}},{"type":"Feature","geometry":{"type":"MultiLineString","coordinates":[[[15.12588,44.0699],[15.24545,44.0699]]]},"properties":{"name":"Lissa Ins.","class":"archipelago, island group, island","pid":"197356","type":"archipelago, island group, island","p_min_date":"0.0","p_max_date":"0.0","kind":"cultural-region","source":"awmc-regional-names"}},{"type":"Feature","geometry":{"type":"MultiLineString","coordinates":[[[14.99977,44.40898],[15.12826,44.41017]]]},"properties":{"name":"Cissa Ins.","class":"archipelago, island group, island","pid":"197211","type":"archipelago, island group, island","p_min_date":"0.0","p_max_date":"0.0","kind":"cultural-region","source":"awmc-regional-names"}},{"type":"Feature","geometry":{"type":"MultiLineString","coordinates":[[[17.62928,43.3686],[17.79203,43.42142],[17.9091,43.4514],[18.0176,43.46711],[18.14895,43.47567],[18.36881,43.46711],[18.48303,43.4514],[18.78855,43.38287]]]},"properties":{"name":"Autariatae","class":"people, tribe","pid":"197151","type":"people, tribe","p_min_date":"0.0","p_max_date":"0.0","kind":"cultural-region","source":"awmc-regional-names"}},{"type":"Feature","geometry":{"type":"MultiLineString","coordinates":[[[18.41973,43.25825],[18.50004,43.19282],[18.53692,43.17259],[18.65232,43.11905],[18.75226,43.08217]]]},"properties":{"name":"Melcumani","class":"people, tribe","pid":"197375","type":"people, tribe","p_min_date":"0.0","p_max_date":"0.0","kind":"cultural-region","source":"awmc-regional-names"}},{"type":"Feature","geometry":{"type":"MultiLineString","coordinates":[[[17.79255,43.16957],[17.84965,43.12495],[17.88416,43.10413],[17.99599,43.05892],[18.07094,43.04226],[18.2262,43.03394]]]},"properties":{"name":"Deraemistae","class":"people, tribe","pid":"197245","type":"people, tribe","p_min_date":"0.0","p_max_date":"0.0","kind":"cultural-region","source":"awmc-regional-names"}},{"type":"Feature","geometry":{"type":"MultiLineString","coordinates":[[[17.58244,42.96333],[17.81158,42.98331]]]},"properties":{"name":"Daorsi","class":"people, tribe","pid":"197242","type":"people, tribe","p_min_date":"0.0","p_max_date":"0.0","kind":"cultural-region","source":"awmc-regional-names"}},{"type":"Feature","geometry":{"type":"MultiLineString","coordinates":[[[17.32189,43.19818],[17.41326,43.17034],[17.4825,43.16035],[17.54318,43.1582],[17.60457,43.16177],[17.66739,43.17319],[17.74448,43.20103]]]},"properties":{"name":"Ardiaei","class":"people, tribe","pid":"197136","type":"people, tribe","p_min_date":"0.0","p_max_date":"0.0","kind":"cultural-region","source":"awmc-regional-names"}},{"type":"Feature","geometry":{"type":"MultiLineString","coordinates":[[[16.93005,43.40633],[17.00084,43.37005],[17.16264,43.30818]]]},"properties":{"name":"Manioi","class":"people, tribe","pid":"197368","type":"people, tribe","p_min_date":"0.0","p_max_date":"0.0","kind":"cultural-region","source":"awmc-regional-names"}},{"type":"Feature","geometry":{"type":"MultiLineString","coordinates":[[[17.46196,43.82653],[17.74512,43.74027]]]},"properties":{"name":"Deretini","class":"people, tribe","pid":"197246","type":"people, tribe","p_min_date":"0.0","p_max_date":"0.0","kind":"cultural-region","source":"awmc-regional-names"}},{"type":"Feature","geometry":{"type":"MultiLineString","coordinates":[[[16.07111,43.72885],[16.50227,43.6746],[16.70643,43.66175],[16.9063,43.6589],[17.28464,43.68888],[17.51877,43.7417]]]},"properties":{"name":"Delmatae","class":"people, tribe","pid":"197243","type":"people, tribe","p_min_date":"0.0","p_max_date":"0.0","kind":"cultural-region","source":"awmc-regional-names"}},{"type":"Feature","geometry":{"type":"MultiLineString","coordinates":[[[16.03856,43.6958],[16.11351,43.66225],[16.31053,43.61014]]]},"properties":{"name":"Hylloi","class":"people, tribe","pid":"197310","type":"people, tribe","p_min_date":"0.0","p_max_date":"0.0","kind":"cultural-region","source":"awmc-regional-names"}},{"type":"Feature","geometry":{"type":"MultiLineString","coordinates":[[[15.92292,43.61728],[16.02821,43.55244],[16.11684,43.50485]]]},"properties":{"name":"Boulinoi","class":"people, tribe","pid":"197176","type":"people, tribe","p_min_date":"0.0","p_max_date":"0.0","kind":"cultural-region","source":"awmc-regional-names"}},{"type":"Feature","geometry":{"type":"MultiLineString","coordinates":[[[16.59952,43.48558],[16.81748,43.48082]]]},"properties":{"name":"Nestoi","class":"people, tribe","pid":"197406","type":"people, tribe","p_min_date":"0.0","p_max_date":"0.0","kind":"cultural-region","source":"awmc-regional-names"}},{"type":"Feature","geometry":{"type":"MultiLineString","coordinates":[[[16.37147,43.93863],[16.46927,43.76731]]]},"properties":{"name":"Adrion M.","class":"mountain","pid":"197084","type":"mountain","p_min_date":"0.0","p_max_date":"0.0","kind":"cultural-region","source":"awmc-regional-names"}},{"type":"Feature","geometry":{"type":"MultiLineString","coordinates":[[[16.26154,43.47106],[16.33792,43.4732]]]},"properties":{"name":"Bova Ins.","class":"archipelago, island group, island","pid":"197177","type":"archipelago, island group, island","p_min_date":"0.0","p_max_date":"0.0","kind":"cultural-region","source":"awmc-regional-names"}},{"type":"Feature","geometry":{"type":"MultiLineString","coordinates":[[[16.02597,43.349],[16.32007,43.35185]]]},"properties":{"name":"Olunta/Sollentia","class":"archipelago, island group, island","pid":"197418","type":"archipelago, island group, island","p_min_date":"0.0","p_max_date":"0.0","kind":"cultural-region","source":"awmc-regional-names"}},{"type":"Feature","geometry":{"type":"MultiLineString","coordinates":[[[16.30009,43.28332],[16.49925,43.28546]]]},"properties":{"name":"Brattia Ins.","class":"archipelago, island group, island","pid":"197178","type":"archipelago, island group, island","p_min_date":"0.0","p_max_date":"0.0","kind":"cultural-region","source":"awmc-regional-names"}},{"type":"Feature","geometry":{"type":"MultiLineString","coordinates":[[[16.71839,43.17625],[16.9147,43.17625]]]},"properties":{"name":"Pharus Ins.","class":"archipelago, island group, island","pid":"197434","type":"archipelago, island group, island","p_min_date":"0.0","p_max_date":"0.0","kind":"cultural-region","source":"awmc-regional-names"}},{"type":"Feature","geometry":{"type":"MultiLineString","coordinates":[[[16.71483,43.07131],[16.81619,43.07274]]]},"properties":{"name":"Tauris Ins.","class":"archipelago, island group, island","pid":"197544","type":"archipelago, island group, island","p_min_date":"0.0","p_max_date":"0.0","kind":"cultural-region","source":"awmc-regional-names"}},{"type":"Feature","geometry":{"type":"MultiLineString","coordinates":[[[16.22799,43.03562],[16.31722,43.03419]]]},"properties":{"name":"Issa (island)","class":"archipelago, island group, island","pid":"197329","type":"archipelago, island group, island","p_min_date":"0.0","p_max_date":"0.0","kind":"cultural-region","source":"awmc-regional-names"}},{"type":"Feature","geometry":{"type":"MultiLineString","coordinates":[[[15.26636,43.77676],[15.33489,43.73036],[15.47694,43.66755],[15.57545,43.63971],[15.76319,43.60259]]]},"properties":{"name":"Celadussae Inss.","class":"archipelago, island group, island","pid":"197205","type":"archipelago, island group, island","p_min_date":"0.0","p_max_date":"0.0","kind":"cultural-region","source":"awmc-regional-names"}},{"type":"Feature","geometry":{"type":"MultiLineString","coordinates":[[[15.46554,43.7845],[15.61961,43.78509]]]},"properties":{"name":"Colentum Ins.","class":"archipelago, island group, island","pid":"197219","type":"archipelago, island group, island","p_min_date":"0.0","p_max_date":"0.0","kind":"cultural-region","source":"awmc-regional-names"}},{"type":"Feature","geometry":{"type":"MultiLineString","coordinates":[[[16.73903,42.88292],[17.03742,42.88292],[17.12593,42.87864]]]},"properties":{"name":"Corcyra Nigra Ins.","class":"archipelago, island group, island","pid":"197224","type":"archipelago, island group, island","p_min_date":"0.0","p_max_date":"0.0","kind":"cultural-region","source":"awmc-regional-names"}},{"type":"Feature","geometry":{"type":"MultiLineString","coordinates":[[[16.9242,42.74229],[17.06697,42.74301]]]},"properties":{"name":"Ladesta Ins.","class":"archipelago, island group, island","pid":"197342","type":"archipelago, island group, island","p_min_date":"0.0","p_max_date":"0.0","kind":"cultural-region","source":"awmc-regional-names"}},{"type":"Feature","geometry":{"type":"MultiLineString","coordinates":[[[16.26204,42.41535],[16.45478,42.3868]]]},"properties":{"name":"Diomedeae Inss.","class":"archipelago, island group, island","pid":"197248","type":"archipelago, island group, island","p_min_date":"0.0","p_max_date":"0.0","kind":"cultural-region","source":"awmc-regional-names"}},{"type":"Feature","geometry":{"type":"MultiLineString","coordinates":[[[17.33747,42.73515],[17.48785,42.73896]]]},"properties":{"name":"Melite Ins.","class":"archipelago, island group, island","pid":"197376","type":"archipelago, island group, island","p_min_date":"0.0","p_max_date":"0.0","kind":"cultural-region","source":"awmc-regional-names"}},{"type":"Feature","geometry":{"type":"MultiLineString","coordinates":[[[17.80079,42.87844],[18.04765,42.73686]]]},"properties":{"name":"Haemasi","class":"people, tribe","pid":"197295","type":"people, tribe","p_min_date":"0.0","p_max_date":"0.0","kind":"cultural-region","source":"awmc-regional-names"}},{"type":"Feature","geometry":{"type":"MultiLineString","coordinates":[[[17.86657,42.66919],[18.00636,42.63945]]]},"properties":{"name":"Elaphites Inss.","class":"archipelago, island group, island","pid":"197257","type":"archipelago, island group, island","p_min_date":"0.0","p_max_date":"0.0","kind":"cultural-region","source":"awmc-regional-names"}},{"type":"Feature","geometry":{"type":"MultiLineString","coordinates":[[[18.30201,42.5639],[18.51081,42.46575]]]},"properties":{"name":"Pleraei","class":"people, tribe","pid":"197443","type":"people, tribe","p_min_date":"0.0","p_max_date":"0.0","kind":"cultural-region","source":"awmc-regional-names"}},{"type":"Feature","geometry":{"type":"MultiLineString","coordinates":[[[18.68584,42.88414],[18.76733,42.79848],[18.98029,42.62835]]]},"properties":{"name":"Endirudini","class":"people, tribe","pid":"197261","type":"people, tribe","p_min_date":"0.0","p_max_date":"0.0","kind":"cultural-region","source":"awmc-regional-names"}},{"type":"Feature","geometry":{"type":"MultiLineString","coordinates":[[[18.04755,43.43617],[18.08467,43.35765],[18.13392,43.2777],[18.20959,43.18276]]]},"properties":{"name":"Glinditiones","class":"people, tribe","pid":"197285","type":"people, tribe","p_min_date":"0.0","p_max_date":"0.0","kind":"cultural-region","source":"awmc-regional-names"}},{"type":"Feature","geometry":{"type":"MultiLineString","coordinates":[[[16.89341,43.73834],[17.11542,43.7362]]]},"properties":{"name":"Bulsinius M.","class":"mountain","pid":"197183","type":"mountain","p_min_date":"0.0","p_max_date":"0.0","kind":"cultural-region","source":"awmc-regional-names"}},{"type":"Feature","geometry":{"type":"MultiLineString","coordinates":[[[18.54226,45.21771],[18.70644,45.22842],[18.95093,45.23556]]]},"properties":{"name":"Breuci","class":"people, tribe","pid":"197179","type":"people, tribe","p_min_date":"0.0","p_max_date":"0.0","kind":"cultural-region","source":"awmc-regional-names"}},{"type":"Feature","geometry":{"type":"MultiLineString","coordinates":[[[18.65701,44.35527],[19.28162,44.36419],[19.64925,44.38025]]]},"properties":{"name":"Argentariae Dalmaticae et Pannonicae","class":"region","pid":"209137","type":"region","p_min_date":"0.0","p_max_date":"0.0","kind":"cultural-region","source":"awmc-regional-names"}}]}