{"type":"FeatureCollection","features":[{"type":"Feature","geometry":{"type":"MultiLineString","coordinates":[[[11.18017,42.56068],[11.19586,42.54554],[11.22406,42.52519],[11.24048,42.50413],[11.24869,42.482],[11.25154,42.46701],[11.26194,42.44764],[11.28399,42.43241],[11.29139,42.41405],[11.37197,42.41129],[11.59441,42.35808],[11.71059,42.25055],[11.73593,42.20557],[11.74843,42.17595],[11.78019,42.11634],[11.80161,42.09314],[11.80989,42.07965],[11.84213,42.04319],[11.92269,42.04009],[12.03787,41.99349],[12.07314,41.97732],[12.10954,41.95237],[12.12258,41.94695],[12.12267,41.94495],[12.12819,41.93971],[12.14704,41.93933],[12.17835,41.93457],[12.20253,41.91915],[12.21519,41.91725],[12.22994,41.92267],[12.235,41.9224],[12.25089,41.91507],[12.25927,41.91403],[12.26378,41.90907],[12.27031,41.90717],[12.29924,41.90765],[12.30343,41.90384],[12.31447,41.90127],[12.31666,41.89471],[12.33493,41.88576],[12.35302,41.88395],[12.36427,41.88927],[12.37167,41.88938],[12.37453,41.88747],[12.39347,41.88804],[12.40901,41.89264],[12.42392,41.90223],[12.43845,41.90237],[12.44477,41.90598],[12.4577,41.90561],[12.46505,41.90273]],[[11.73967,42.19672],[11.70809,42.21735],[11.71281,42.24662]],[[11.2866,42.42593],[11.30398,42.41362]]]},"properties":{"name":"Via Cornelia","kind":"road","source":"awmc-roads"}},{"type":"Feature","geometry":{"type":"MultiLineString","coordinates":[[[12.40901,41.89264],[12.42333,41.89083],[12.42986,41.89314],[12.45228,41.89096],[12.46005,41.89215]]]},"properties":{"name":"Via Aurelia","kind":"road","source":"awmc-roads"}},{"type":"Feature","geometry":{"type":"MultiLineString","coordinates":[[[12.46405,41.86659],[12.4627,41.86145],[12.45766,41.85701],[12.45054,41.84189],[12.44383,41.83725],[12.42435,41.83922],[12.41864,41.83779],[12.41114,41.83065],[12.39699,41.82518],[12.3889,41.8278],[12.37337,41.82649],[12.34208,41.81756],[12.28189,41.79339],[12.27343,41.78296]]]},"properties":{"name":"Via Campana?","kind":"road","source":"awmc-roads"}},{"type":"Feature","geometry":{"type":"MultiLineString","coordinates":[[[12.29369,41.75848],[12.3828,41.79325],[12.41068,41.79446],[12.41868,41.79979],[12.42207,41.80924],[12.4749,41.84931],[12.47869,41.86195],[12.48054,41.87587],[12.48903,41.88437]]]},"properties":{"name":"Via Ostiensis","kind":"road","source":"awmc-roads"}},{"type":"Feature","geometry":{"type":"MultiLineString","coordinates":[[[12.46519,41.8452],[12.46057,41.83343],[12.45484,41.81006],[12.44753,41.79272],[12.4418,41.78247],[12.43019,41.77237],[12.43336,41.76845],[12.43019,41.75986],[12.43246,41.75126],[12.42582,41.7392],[12.42793,41.72986],[12.42718,41.72729],[12.41908,41.71592],[12.42533,41.70706],[12.45428,41.67793],[12.46485,41.66886],[12.4757,41.66622]]]},"properties":{"name":"Via Laurentina","kind":"road","source":"awmc-roads"}},{"type":"Feature","geometry":{"type":"MultiLineString","coordinates":[[[12.48243,41.8955],[12.46263,41.94889],[12.45465,41.95556],[12.45436,41.95842],[12.4298,41.97484],[12.39044,41.99739],[12.37381,42.01627],[12.37137,42.04383],[12.35121,42.08374],[12.34927,42.13349],[12.34022,42.15252],[12.27581,42.22245],[12.17542,42.25215],[12.1165,42.28749],[12.06152,42.34014],[12.05791,42.36263],[12.05766,42.38505],[12.06751,42.40808],[12.06294,42.43475],[12.05985,42.49958],[12.03803,42.51582]]]},"properties":{"name":"Via Cassia","kind":"road","source":"awmc-roads"}},{"type":"Feature","geometry":{"type":"MultiLineString","coordinates":[[[12.55078,42.04338],[12.52908,42.02244],[12.51899,42.01977],[12.51775,42.00559],[12.50786,41.99284],[12.50776,41.98932],[12.50253,41.97666],[12.50481,41.97095],[12.50624,41.94563],[12.50952,41.93084],[12.48973,41.9098]],[[12.51856,42.01484],[12.52596,42.02161]]]},"properties":{"name":"Via Salaria","kind":"road","source":"awmc-roads"}},{"type":"Feature","geometry":{"type":"MultiLineString","coordinates":[[[12.49942,41.89778],[12.50535,41.89769],[12.51856,41.90209],[12.52469,41.90786],[12.54182,41.90858],[12.56068,41.91488],[12.5682,41.92345],[12.57305,41.92494],[12.57823,41.93124],[12.60839,41.93439],[12.63139,41.94016],[12.65787,41.94254],[12.68196,41.94953],[12.70456,41.95399],[12.7114,41.95458],[12.71557,41.9525],[12.72345,41.95191],[12.74513,41.9541],[12.75656,41.95734],[12.76132,41.95715],[12.77055,41.9621],[12.77759,41.96229],[12.79291,41.96952]]]},"properties":{"name":"Via Tiburtina","kind":"road","source":"awmc-roads"}},{"type":"Feature","geometry":{"type":"MultiLineString","coordinates":[[[12.7997,41.96774],[12.80388,41.96755],[12.80712,41.96117],[12.81559,41.95851],[12.82911,41.97536],[12.83577,41.98211],[12.8411,41.98402],[12.84652,41.99058],[12.85338,41.98773],[12.85633,41.98801],[12.87413,41.99953],[12.87917,42.01038],[12.88783,42.01895],[12.89278,42.02095],[12.89821,42.02038],[12.90491,42.02217],[12.91715,42.0219],[12.94894,42.04093],[12.95665,42.04198],[12.99948,42.02361],[13.00566,42.02399],[13.01825,42.02983],[13.02565,42.03513],[13.03213,42.04349]]]},"properties":{"name":"Via Valeria","kind":"road","source":"awmc-roads"}},{"type":"Feature","geometry":{"type":"MultiLineString","coordinates":[[[12.64225,42.02047],[12.6326,42.0005],[12.61994,41.99774],[12.61413,41.97451],[12.61137,41.97042],[12.60309,41.96861],[12.58872,41.95995],[12.57397,41.95396],[12.5693,41.94806],[12.54437,41.93768],[12.5398,41.93749],[12.52943,41.93351],[12.51658,41.9196],[12.48669,41.89903],[12.48687,41.89481]]]},"properties":{"name":"Via Nomentana","kind":"road","source":"awmc-roads"}},{"type":"Feature","geometry":{"type":"MultiLineString","coordinates":[[[12.63132,41.45292],[12.64512,41.47224],[12.65902,41.49585],[12.6654,41.51117],[12.67377,41.51907],[12.67758,41.52802],[12.70271,41.55543],[12.69652,41.59293],[12.69385,41.59921],[12.69471,41.60873],[12.69224,41.61987],[12.68986,41.65365],[12.69186,41.6725]]]},"properties":{"kind":"road","source":"awmc-roads"}},{"type":"Feature","geometry":{"type":"MultiLineString","coordinates":[[[12.65618,41.45799],[12.66948,41.48971],[12.67939,41.49718],[12.69538,41.51507],[12.69842,41.52193],[12.71042,41.53411],[12.71375,41.53677],[12.72615,41.5414],[12.72859,41.56095],[12.73132,41.5653]]]},"properties":{"kind":"road","source":"awmc-roads"}},{"type":"Feature","geometry":{"type":"MultiLineString","coordinates":[[[12.77372,41.68445],[12.77306,41.67531],[12.76547,41.65444],[12.75811,41.61047],[12.75412,41.60504],[12.74191,41.57792],[12.73132,41.5653]]]},"properties":{"kind":"road","source":"awmc-roads"}},{"type":"Feature","geometry":{"type":"MultiLineString","coordinates":[[[12.78154,41.68401],[12.79599,41.67866],[12.80723,41.67121],[12.81158,41.65922],[12.82778,41.64187],[12.83556,41.62717],[12.84492,41.61853],[12.85184,41.60654],[12.85798,41.60182],[12.87968,41.5889],[12.90352,41.57755],[12.92387,41.57191],[12.95392,41.55464],[12.95999,41.55364],[12.97912,41.55578]]]},"properties":{"kind":"road","source":"awmc-roads"}},{"type":"Feature","geometry":{"type":"MultiLineString","coordinates":[[[12.73051,41.5399],[12.74086,41.5489],[12.76342,41.55561],[12.78548,41.57645],[12.8251,41.5978]]]},"properties":{"kind":"road","source":"awmc-roads"}},{"type":"Feature","geometry":{"type":"MultiLineString","coordinates":[[[12.5417,41.60903],[12.53271,41.61785],[12.53665,41.62825],[12.53628,41.63569],[12.54449,41.65497],[12.54092,41.66306],[12.54089,41.66905],[12.53628,41.67353],[12.53687,41.68186],[12.54306,41.69404],[12.54496,41.70256],[12.54068,41.71041],[12.53765,41.72207],[12.52908,41.73278],[12.52883,41.7364],[12.5242,41.74158],[12.52266,41.74753],[12.51778,41.75562],[12.51873,41.76169],[12.52539,41.77311],[12.51778,41.78096],[12.51706,41.78703],[12.51433,41.78953],[12.51502,41.7928],[12.51254,41.79583],[12.51385,41.80035],[12.51088,41.81844],[12.51123,41.82189],[12.5154,41.82784],[12.51552,41.83474],[12.4991,41.84592],[12.49859,41.84919],[12.49315,41.85544],[12.4918,41.86109],[12.49463,41.86716],[12.48883,41.87563],[12.48137,41.87721]]]},"properties":{"name":"Via Ardeatina","kind":"road","source":"awmc-roads"}},{"type":"Feature","geometry":{"type":"MultiLineString","coordinates":[[[12.34918,41.81975],[12.35583,41.8274],[12.35826,41.82875],[12.36454,41.82804],[12.36975,41.83247],[12.37825,41.83654],[12.38011,41.84018],[12.38603,41.84232],[12.39353,41.84125],[12.40002,41.84325],[12.40873,41.84325],[12.42315,41.85096],[12.44092,41.85317],[12.4552,41.86373],[12.46405,41.86659],[12.46555,41.87137],[12.46755,41.87244],[12.46976,41.88079],[12.4792,41.88784]]]},"properties":{"name":"Via Portuensis?","kind":"road","source":"awmc-roads"}},{"type":"Feature","geometry":{"type":"MultiLineString","coordinates":[[[12.61959,41.45359],[12.63838,41.59572],[12.65421,41.64248],[12.64552,41.70625],[12.62042,41.72124],[12.61292,41.73087],[12.61185,41.7411],[12.61542,41.74955],[12.6197,41.75383]]]},"properties":{"kind":"road","source":"awmc-roads"}},{"type":"Feature","geometry":{"type":"MultiLineString","coordinates":[[[11.98234,42.64821],[12.00154,42.76913],[12.00596,42.82638],[12.00298,42.83725],[12.01902,42.87266]]]},"properties":{"name":"Via Traiana Nova","kind":"road","source":"awmc-roads"}},{"type":"Feature","geometry":{"type":"MultiLineString","coordinates":[[[12.51463,42.5223],[12.53236,42.52566],[12.54783,42.53398],[12.55526,42.54201],[12.57876,42.55391],[12.60256,42.55868],[12.62308,42.55659],[12.63557,42.55837],[12.66948,42.57622],[12.7013,42.5899],[12.71112,42.59972],[12.72212,42.60448],[12.72897,42.61191],[12.72986,42.61756],[12.72778,42.63243],[12.73402,42.66128],[12.72688,42.67288],[12.72064,42.69311],[12.71558,42.70233],[12.71408,42.71066],[12.74091,42.74982],[12.75514,42.77877],[12.76275,42.80077],[12.76718,42.82061],[12.75365,42.84748],[12.74027,42.86741],[12.71142,42.92897],[12.70197,42.9597]]]},"properties":{"name":"Via Flaminia","kind":"road","source":"awmc-roads"}},{"type":"Feature","geometry":{"type":"MultiLineString","coordinates":[[[13.75741,42.21868],[13.67381,42.27092],[13.64839,42.29183],[13.44849,42.33323],[13.33636,42.36708],[13.30063,42.36913],[13.28304,42.35643],[13.26357,42.34961],[13.24437,42.34693],[13.22953,42.34244],[13.20854,42.3473],[13.19562,42.35603],[13.17701,42.36329]]]},"properties":{"name":"Via Claudia Nova","kind":"road","source":"awmc-roads"}},{"type":"Feature","geometry":{"type":"MultiLineString","coordinates":[[[13.2823,42.36],[13.29379,42.37666],[13.30015,42.39962],[13.3344,42.45304],[13.36047,42.48706],[13.36814,42.49253],[13.38367,42.49848],[13.42703,42.52311],[13.45023,42.5381],[13.46594,42.54417],[13.48235,42.55381],[13.49949,42.55167],[13.51268,42.55262],[13.51712,42.56106],[13.52447,42.56773],[13.53339,42.5663],[13.54482,42.56202],[13.55374,42.56273],[13.55942,42.56806],[13.56623,42.57058],[13.57424,42.58196],[13.58443,42.58414],[13.59229,42.58379],[13.59764,42.57843],[13.61013,42.57736],[13.63512,42.57701],[13.64689,42.58165],[13.65885,42.58022],[13.6792,42.58664],[13.68848,42.59342],[13.70579,42.59699],[13.71096,42.60663],[13.71988,42.61198],[13.7366,42.6088],[13.75681,42.60802],[13.77887,42.61068],[13.80349,42.61924],[13.82562,42.61781],[13.93537,42.58141],[13.96286,42.58462]]]},"properties":{"name":"Via Caecilia","kind":"road","source":"awmc-roads"}},{"type":"Feature","geometry":{"type":"MultiLineString","coordinates":[[[13.77795,41.2423],[13.79926,41.2489],[13.85588,41.24248],[13.91526,41.2442],[13.92221,41.23397],[13.95539,41.23757],[13.97125,41.24436],[14.00286,41.24138],[14.00931,41.25437],[14.04682,41.25692]]]},"properties":{"kind":"road","source":"awmc-roads"}},{"type":"Feature","geometry":{"type":"MultiLineString","coordinates":[[[12.17168,42.13275],[12.11069,42.19716],[12.01808,42.28627],[11.94942,42.33416],[11.92109,42.38619],[11.84566,42.43913],[11.72426,42.49782]]]},"properties":{"name":"Via Clodia","kind":"road","source":"awmc-roads"}},{"type":"Feature","geometry":{"type":"MultiLineString","coordinates":[[[12.34927,42.13349],[12.35022,42.14205],[12.34464,42.17478],[12.33293,42.21325],[12.33451,42.22533],[12.34187,42.23877],[12.36021,42.30909],[12.35831,42.32432],[12.35164,42.34431],[12.34999,42.39803],[12.35346,42.45111],[12.36342,42.4733],[12.37166,42.48136],[12.38315,42.48778],[12.38951,42.48956],[12.39032,42.49757],[12.38781,42.50742]]]},"properties":{"name":"Via Amerina","kind":"road","source":"awmc-roads"}},{"type":"Feature","geometry":{"type":"MultiLineString","coordinates":[[[12.60745,42.08545],[12.62404,42.10574],[12.64143,42.11937],[12.64826,42.13505],[12.65986,42.14189],[12.68544,42.15111],[12.73184,42.16241],[12.76753,42.16806],[12.77646,42.17163],[12.78925,42.17342],[12.79519,42.17639],[12.79737,42.18137],[12.81453,42.19691],[12.8178,42.21535],[12.82583,42.23023],[12.83773,42.24272],[12.84784,42.25967],[12.84929,42.27615],[12.84724,42.29001],[12.84992,42.31232],[12.85557,42.32749],[12.85528,42.34206],[12.85795,42.36764],[12.85736,42.38281],[12.86027,42.40588]]]},"properties":{"name":"Via Salaria","kind":"road","source":"awmc-roads"}},{"type":"Feature","geometry":{"type":"MultiLineString","coordinates":[[[18.62523,43.91328],[18.62869,43.92672],[18.62809,43.95229],[18.63285,43.96419],[18.64237,43.97728],[18.66259,43.99631]]]},"properties":{"kind":"road","source":"awmc-roads"}},{"type":"Feature","geometry":{"type":"MultiLineString","coordinates":[[[18.81476,43.58895],[18.78442,43.58836],[18.75646,43.5943],[18.7404,43.61513],[18.73862,43.64487],[18.7404,43.67759],[18.72672,43.71625],[18.73624,43.74897],[18.73624,43.76087]]]},"properties":{"kind":"road","source":"awmc-roads"}},{"type":"Feature","geometry":{"type":"MultiLineString","coordinates":[[[18.46998,43.85634],[18.50348,43.83064],[18.54727,43.81636],[18.57201,43.8116],[18.63166,43.80846],[18.66022,43.80072],[18.68401,43.78288],[18.70126,43.76682],[18.71673,43.75789],[18.74647,43.76206],[18.76146,43.77336],[18.77752,43.77336],[18.78942,43.76741],[18.80965,43.76146],[18.86616,43.77812],[18.88222,43.78585],[18.92505,43.78883],[18.94563,43.79299],[18.98454,43.78883],[19.00595,43.78823],[19.03391,43.79299],[19.04878,43.79953],[19.10529,43.81262],[19.13385,43.82095],[19.17192,43.8382],[19.19512,43.85248],[19.20761,43.86318],[19.22605,43.86973],[19.24866,43.86794],[19.27186,43.85486],[19.29208,43.815],[19.30814,43.79596]]]},"properties":{"kind":"road","source":"awmc-roads"}},{"type":"Feature","geometry":{"type":"MultiLineString","coordinates":[[[19.30814,43.79596],[19.29446,43.78764],[19.27542,43.77157],[19.26412,43.75611],[19.23973,43.75492],[19.20939,43.74719],[19.17787,43.73172],[19.16954,43.72339],[19.16359,43.70733],[19.15883,43.70138],[19.14872,43.69484],[19.12433,43.69246],[19.10827,43.69543],[19.07614,43.69067],[19.03569,43.69127],[18.99108,43.68294],[18.9768,43.67164],[18.96966,43.65498],[18.95896,43.6413],[18.94171,43.63297],[18.92445,43.63059],[18.88222,43.62048],[18.82987,43.60442],[18.81476,43.58895],[18.8037,43.58152],[18.8031,43.57438],[18.80667,43.56545],[18.79953,43.55534],[18.79358,43.53928],[18.78169,43.52262],[18.77931,43.51013],[18.77157,43.50597],[18.76325,43.49466],[18.75254,43.49288],[18.74362,43.48872],[18.74897,43.47384],[18.75016,43.45838],[18.76741,43.41971],[18.77455,43.40722],[18.77455,43.39473],[18.76325,43.38164],[18.73469,43.36617],[18.71328,43.34297],[18.69008,43.32156],[18.65379,43.2939],[18.64725,43.28438],[18.64249,43.27367],[18.64011,43.2594],[18.63178,43.25345]]]},"properties":{"kind":"road","source":"awmc-roads"}},{"type":"Feature","geometry":{"type":"MultiLineString","coordinates":[[[18.49647,45.91138],[18.45096,45.94172],[18.38315,46.00597],[18.35102,46.0488],[18.31533,46.07735],[18.28642,46.08449],[18.25584,46.12613],[18.23562,46.17967],[18.21658,46.20941],[18.19041,46.23321],[18.16067,46.22488],[18.14044,46.22845],[18.12141,46.2463],[18.11189,46.27842],[18.11189,46.31887],[18.15591,46.38906],[18.24038,46.4426],[18.30343,46.46521],[18.34745,46.48662],[18.38315,46.51042],[18.38077,46.52707],[18.38077,46.55206],[18.39266,46.57466],[18.39742,46.60202],[18.39861,46.62939],[18.40694,46.66151],[18.42241,46.68174],[18.4581,46.69839],[18.47491,46.70911],[18.50917,46.73671],[18.51869,46.7843],[18.50632,46.82428],[18.49109,46.8633],[18.51108,46.92898],[18.51108,46.95848],[18.4987,46.98608],[18.47776,47.01464],[18.45492,47.02891]]]},"properties":{"kind":"road","source":"awmc-roads"}},{"type":"Feature","geometry":{"type":"MultiLineString","coordinates":[[[18.28642,46.08449],[18.38326,46.11542],[18.45227,46.1416],[18.46655,46.15826],[18.46536,46.19752],[18.47487,46.22964],[18.4987,46.2613],[18.52821,46.29556],[18.56818,46.32316],[18.63005,46.35362],[18.68906,46.37742],[18.74236,46.40692]]]},"properties":{"pid":"RL","kind":"road","source":"awmc-roads"}},{"type":"Feature","geometry":{"type":"MultiLineString","coordinates":[[[18.71636,46.37462],[18.74236,46.40692],[18.76861,46.4281],[18.78503,46.44428],[18.80576,46.4732],[18.84897,46.52717],[18.8564,46.54202],[18.85982,46.56695],[18.85849,46.59341],[18.85982,46.61331],[18.87524,46.6372],[18.88714,46.66242],[18.8919,46.6943],[18.90855,46.74629],[18.91474,46.75676],[18.91522,46.77199],[18.93639,46.78556],[18.92997,46.79365],[18.92164,46.81209],[18.91855,46.84706],[18.92664,46.91095],[18.93473,46.93713],[18.93806,46.95688],[18.93711,46.97686],[18.93235,46.99804],[18.92093,47.02219],[18.9057,47.04742],[18.885,47.07145],[18.87667,47.08977],[18.86977,47.10964],[18.86201,47.13976],[18.8641,47.16375],[18.87305,47.18202],[18.89837,47.24703],[18.90903,47.26454],[18.91188,47.28672],[18.90922,47.30347],[18.92997,47.3286],[18.93815,47.362],[18.95262,47.37476],[18.97756,47.38656],[19.01772,47.4134],[19.02534,47.42054],[19.03276,47.43063],[19.03695,47.45423],[19.03619,47.48393],[19.03086,47.5043],[19.03221,47.51599],[19.04589,47.54038],[19.05647,47.56433]]]},"properties":{"kind":"road","source":"awmc-roads"}},{"type":"Feature","geometry":{"type":"MultiLineString","coordinates":[[[18.45761,47.1377],[18.50639,47.18053],[18.53613,47.19778],[18.56358,47.21837],[18.60811,47.23288],[18.63072,47.23823],[18.66284,47.24002],[18.68366,47.24597],[18.7134,47.26381],[18.73779,47.28106],[18.75623,47.28523],[18.83594,47.28523],[18.85855,47.28761],[18.87877,47.29237],[18.90316,47.30307],[18.90922,47.30347]]]},"properties":{"kind":"road","source":"awmc-roads"}},{"type":"Feature","geometry":{"type":"MultiLineString","coordinates":[[[18.39623,47.07554],[18.49271,47.08149],[18.51829,47.08089],[18.59681,47.09041],[18.66522,47.09517],[18.69615,47.08981],[18.714,47.09041],[18.86337,47.13446]]]},"properties":{"kind":"road","source":"awmc-roads"}},{"type":"Feature","geometry":{"type":"MultiLineString","coordinates":[[[18.50944,46.8142],[18.5397,46.82778],[18.58491,46.85633],[18.61882,46.87358],[18.64856,46.88548],[18.69556,46.89975],[18.72649,46.91225],[18.80442,46.93188],[18.84844,46.94853],[18.87402,46.96043],[18.93235,46.99804]]]},"properties":{"kind":"road","source":"awmc-roads"}},{"type":"Feature","geometry":{"type":"MultiLineString","coordinates":[[[13.34342,41.64913],[13.34236,41.68568],[13.33348,41.76852],[13.32516,41.78532],[13.29221,41.80397],[13.27684,41.82601],[13.25645,41.8317],[13.23339,41.82648],[13.17732,41.83986]]]},"properties":{"kind":"road","source":"awmc-roads"}},{"type":"Feature","geometry":{"type":"MultiLineString","coordinates":[[[12.87844,41.75533],[12.86589,41.75129],[12.8593,41.74743],[12.83875,41.73106],[12.82913,41.72582],[12.81695,41.71602],[12.80724,41.70574],[12.78012,41.69242],[12.77545,41.68851]]]},"properties":{"kind":"road","source":"awmc-roads"}},{"type":"Feature","geometry":{"type":"MultiLineString","coordinates":[[[12.62173,41.45027],[12.59424,41.49465],[12.57816,41.51659],[12.52605,41.57555],[12.50888,41.58032],[12.4137,41.66419],[12.29146,41.74956],[12.28492,41.75179]]]},"properties":{"name":"Via Severiana","kind":"road","source":"awmc-roads"}},{"type":"Feature","geometry":{"type":"MultiLineString","coordinates":[[[12.63098,41.45006],[12.64383,41.45663],[12.66453,41.45891],[12.67995,41.45806],[12.70351,41.44906],[12.72169,41.43978],[12.7622,41.41414],[12.76714,41.41999],[12.79263,41.42524],[12.8332,41.42704],[12.87577,41.41628],[12.93937,41.37788],[12.97254,41.35388],[12.99613,41.32517],[13.0417,41.25182],[13.04856,41.2561],[13.10797,41.25368],[13.17671,41.28636],[13.23301,41.29795]]]},"properties":{"name":"Via Severiana","kind":"road","source":"awmc-roads"}},{"type":"Feature","geometry":{"type":"MultiLineString","coordinates":[[[19.51164,42.06579],[19.49808,42.0508],[19.4738,42.03474],[19.44811,42.02475],[19.4026,42.02439],[19.38368,42.01119],[19.36191,41.97657],[19.3512,41.97014],[19.34121,41.96621],[19.32015,41.963],[19.31301,41.95979],[19.275,41.94944],[19.24823,41.94087],[19.22824,41.93088],[19.2195,41.93623],[19.21093,41.95586],[19.21058,41.96157],[19.19523,41.97799],[19.19237,41.98477],[19.1913,41.99798],[19.18345,42.00904],[19.18131,42.02404],[19.17417,42.03581],[19.16132,42.04581],[19.15418,42.05794],[19.13741,42.07793],[19.13384,42.08578],[19.1242,42.09613],[19.11153,42.12183],[19.09654,42.1329],[19.03194,42.16002],[18.98929,42.18854],[18.98429,42.1996],[18.96644,42.20817],[18.94931,42.21424],[18.93468,42.22887],[18.91469,42.26635],[18.9063,42.27402],[18.89096,42.28116],[18.87418,42.2858],[18.84848,42.29151],[18.83528,42.29115],[18.82278,42.29615],[18.81529,42.31578],[18.80726,42.32363],[18.8019,42.33398],[18.78513,42.35683],[18.77335,42.38431],[18.77121,42.41001],[18.77406,42.43803],[18.77406,42.46729],[18.77085,42.48692],[18.75836,42.49513],[18.73873,42.49228],[18.7075,42.49263],[18.70357,42.49835],[18.69644,42.52404]]]},"properties":{"kind":"road","source":"awmc-roads"}},{"type":"Feature","geometry":{"type":"MultiLineString","coordinates":[[[18.52632,42.46159],[18.53917,42.4566],[18.55559,42.45945],[18.56344,42.45945],[18.5713,42.45731],[18.58129,42.44874],[18.59414,42.44303],[18.61912,42.44232],[18.63197,42.4466],[18.65696,42.45874],[18.67337,42.4723],[18.66766,42.48158],[18.65553,42.48444],[18.65125,42.488],[18.64839,42.49586],[18.65125,42.50157],[18.68408,42.51941],[18.69644,42.52404]]]},"properties":{"kind":"road","source":"awmc-roads"}},{"type":"Feature","geometry":{"type":"MultiLineString","coordinates":[[[18.80488,46.33893],[18.78822,46.33941],[18.77299,46.34607],[18.74159,46.36463],[18.71636,46.37462]]]},"properties":{"kind":"road","source":"awmc-roads"}},{"type":"Feature","geometry":{"type":"MultiLineString","coordinates":[[[18.71636,46.37462],[18.70304,46.34483],[18.69923,46.29391],[18.70161,46.21253],[18.72493,46.1421],[18.73112,46.1145],[18.72969,46.09546],[18.71779,46.06867],[18.70018,46.05597],[18.68638,46.04169],[18.67686,46.04026],[18.67258,46.03074],[18.67258,46.00133],[18.694,45.96279],[18.71541,45.95232],[18.74397,45.93376],[18.80631,45.8876],[18.82058,45.86808],[18.82772,45.84905],[18.82772,45.77966],[18.81678,45.75492],[18.80155,45.72874],[18.79393,45.70066],[18.77109,45.64974],[18.75063,45.62738],[18.68305,45.54648]]]},"properties":{"kind":"road","source":"awmc-roads"}},{"type":"Feature","geometry":{"type":"MultiLineString","coordinates":[[[18.52981,45.62928],[18.56858,45.60658]]]},"properties":{"kind":"road","source":"awmc-roads"}},{"type":"Feature","geometry":{"type":"MultiLineString","coordinates":[[[18.53457,45.51968],[18.62071,45.53729],[18.68305,45.54648]]]},"properties":{"kind":"road","source":"awmc-roads"}},{"type":"Feature","geometry":{"type":"MultiLineString","coordinates":[[[18.80393,45.27484],[18.82154,45.32766],[18.82629,45.36526],[18.82106,45.38667],[18.79013,45.44378],[18.72874,45.50993],[18.68305,45.54648]]]},"properties":{"kind":"road","source":"awmc-roads"}},{"type":"Feature","geometry":{"type":"MultiLineString","coordinates":[[[18.56858,45.60658],[18.60215,45.58693],[18.68305,45.54648],[18.73588,45.54514],[18.75491,45.54324],[18.77347,45.53848],[18.8301,45.53087],[18.85532,45.52468],[18.8815,45.52849],[18.90177,45.52849],[18.92604,45.52611],[18.95697,45.51326],[18.97982,45.50089],[18.98743,45.49184],[18.99124,45.46567],[18.99172,45.44663],[19.00028,45.42903],[19.00885,45.41618],[18.96554,45.39429],[18.96554,45.38001],[18.97696,45.36764],[19.03788,45.33052],[19.05967,45.31376],[19.1025,45.27664],[19.13534,45.26665],[19.18245,45.25713],[19.21814,45.23905],[19.25051,45.23096],[19.29324,45.2243],[19.3808,45.22239],[19.40079,45.22668],[19.42982,45.22382],[19.46218,45.22334],[19.50968,45.22572],[19.53062,45.22953],[19.54394,45.22763],[19.56393,45.21716],[19.57392,45.21002],[19.59296,45.20431],[19.69946,45.21288],[19.80797,45.2105],[19.83747,45.21573],[19.85651,45.22572],[19.87078,45.23857],[19.88173,45.25237],[19.89325,45.24666],[19.90657,45.23524],[19.92608,45.21383],[19.95559,45.1867],[19.98366,45.17147],[20.00746,45.16386],[20.09569,45.15434],[20.13376,45.15339],[20.16422,45.15815],[20.19705,45.161],[20.23465,45.15482],[20.25797,45.14197],[20.28176,45.10865],[20.30318,45.09114],[20.34753,45.04546],[20.35039,45.02357],[20.32945,45.00976],[20.29471,44.99454],[20.28757,44.97502],[20.28376,44.95551],[20.29138,44.93505],[20.32897,44.89983],[20.34706,44.88032],[20.41796,44.83963],[20.42939,44.81917],[20.46365,44.82155],[20.46836,44.81751]]]},"properties":{"kind":"road","source":"awmc-roads"}},{"type":"Feature","geometry":{"type":"MultiLineString","coordinates":[[[18.39623,47.07554],[18.49509,47.03836],[18.52305,47.02408],[18.55219,47.00683],[18.58075,46.97471],[18.60573,46.95091],[18.62834,46.91106],[18.64077,46.88236],[18.67414,46.79208],[18.67652,46.77007],[18.68366,46.73438],[18.69913,46.69869],[18.70864,46.65764],[18.72649,46.60143],[18.74077,46.53124],[18.7479,46.50328],[18.75861,46.47056],[18.77051,46.44855],[18.77986,46.43918]]]},"properties":{"kind":"road","source":"awmc-roads"}},{"type":"Feature","geometry":{"type":"MultiLineString","coordinates":[[[18.54589,45.12222],[18.58301,45.13936],[18.62869,45.1641],[18.65058,45.17838],[18.69151,45.20027],[18.72482,45.2155],[18.75528,45.24405],[18.80393,45.27484]]]},"properties":{"kind":"road","source":"awmc-roads"}},{"type":"Feature","geometry":{"type":"MultiLineString","coordinates":[[[18.55712,44.91093],[18.59424,44.88808],[18.62374,44.86714],[18.64373,44.86334],[18.66562,44.87476],[18.69418,44.88142],[18.7094,44.89379],[18.71702,44.89284],[18.73701,44.90141],[18.74462,44.90807],[18.7846,44.90807],[18.81125,44.91473],[18.82267,44.92235],[18.85122,44.92425]]]},"properties":{"kind":"road","source":"awmc-roads"}},{"type":"Feature","geometry":{"type":"MultiLineString","coordinates":[[[18.55236,45.10224],[18.58091,45.10414],[18.60947,45.10319],[18.64849,45.10033],[18.69798,45.09367],[18.72178,45.07749],[18.7351,45.0575],[18.75604,45.04132],[18.7627,45.01753],[18.78935,45.00325],[18.81029,44.98612],[18.84265,44.93472],[18.85122,44.92425]],[[18.85027,44.92425],[18.86931,44.88808],[18.89405,44.87857],[18.9188,44.87095],[18.93022,44.87],[18.96829,44.86143],[18.98923,44.84716],[19.02825,44.83478],[19.09583,44.83859],[19.12343,44.85096],[19.20148,44.85953],[19.22813,44.85953],[19.27674,44.86571],[19.32045,44.87571],[19.38708,44.88808],[19.44989,44.91188],[19.49177,44.93091],[19.55649,44.94234],[19.58981,44.95947],[19.61414,44.97606]]]},"properties":{"kind":"road","source":"awmc-roads"}},{"type":"Feature","geometry":{"type":"MultiLineString","coordinates":[[[19.61509,44.97606],[19.59266,44.94138],[19.54888,44.89951],[19.51081,44.87143],[19.46607,44.82669],[19.40897,44.76388],[19.35757,44.71343],[19.2919,44.64395],[19.25668,44.59351],[19.24207,44.56208],[19.19493,44.55014],[19.15693,44.54448],[19.12302,44.52842],[19.10755,44.51652],[19.10101,44.44246],[19.10101,44.39844],[19.10458,44.36692],[19.11231,44.34312],[19.14146,44.29791],[19.1367,44.28066],[19.12005,44.26936],[19.11945,44.26044],[19.11469,44.24527],[19.10993,44.22028],[19.09447,44.20779],[19.07603,44.18875],[19.07186,44.17745],[19.04985,44.15068],[19.04807,44.13462],[19.0332,44.12272],[19.01059,44.11261],[18.95586,44.09952],[18.9285,44.08882],[18.90708,44.0564],[18.90411,44.02606],[18.89519,44.00345],[18.88091,43.98085],[18.84819,43.95348],[18.82797,43.9404],[18.79347,43.92969],[18.72387,43.91839],[18.67806,43.92315],[18.63404,43.91363],[18.6043,43.91244]]]},"properties":{"kind":"road","source":"awmc-roads"}},{"type":"Feature","geometry":{"type":"MultiLineString","coordinates":[[[13.38374,45.96169],[13.39587,46.00309],[13.40159,46.03878],[13.41586,46.07305],[13.43157,46.1016],[13.44227,46.11374],[13.46797,46.13301],[13.47582,46.14657],[13.47297,46.17084],[13.46155,46.1894],[13.46869,46.21296],[13.48296,46.22795],[13.50866,46.24865],[13.52365,46.25508],[13.5572,46.25508],[13.57933,46.25722]]]},"properties":{"kind":"road","source":"awmc-roads"}},{"type":"Feature","geometry":{"type":"MultiLineString","coordinates":[[[13.60003,46.50278],[13.5879,46.48208],[13.58219,46.46423],[13.58647,46.44853],[13.58361,46.43425],[13.58504,46.42354],[13.59789,46.42069],[13.61217,46.42283],[13.62573,46.41997],[13.62787,46.41141],[13.6136,46.38642],[13.60646,46.36287],[13.58504,46.33788],[13.57005,46.33217],[13.55078,46.33503],[13.49938,46.32146],[13.48653,46.31361],[13.48439,46.30647],[13.4901,46.29719],[13.50581,46.29077],[13.53864,46.28506],[13.57862,46.2565],[13.59646,46.23794],[13.60717,46.22153],[13.64144,46.20368],[13.68212,46.20082],[13.70925,46.18655],[13.74566,46.16299]]]},"properties":{"kind":"road","source":"awmc-roads"}},{"type":"Feature","geometry":{"type":"MultiLineString","coordinates":[[[14.38954,46.68052],[14.38811,46.66696],[14.36669,46.60843],[14.35313,46.58772],[14.34028,46.57702],[14.32815,46.55774],[14.32529,46.51705],[14.31815,46.49207],[14.29031,46.47208],[14.28175,46.44781],[14.27747,46.42354],[14.28032,46.40855],[14.29174,46.38714],[14.31673,46.36287],[14.32172,46.34645],[14.31744,46.32575],[14.31673,46.30861],[14.36669,46.24008],[14.41095,46.19369],[14.43451,46.153],[14.46806,46.12016],[14.5166,46.09303],[14.46812,46.12046],[14.43421,46.15288],[14.38537,46.16335],[14.29543,46.17548],[14.27616,46.18619],[14.25974,46.20189],[14.19192,46.23259],[14.17122,46.23402],[14.13839,46.22474],[14.12411,46.2226],[14.05415,46.21831],[14.02703,46.20546],[14.01917,46.20546],[14.01275,46.21689],[13.99419,46.22331],[13.96635,46.22045],[13.93851,46.20832],[13.90353,46.17977],[13.87783,46.16906],[13.84643,46.16692],[13.79646,46.16906],[13.74649,46.16263],[13.73864,46.15478],[13.67939,46.11838],[13.64227,46.10124],[13.63227,46.09411],[13.62942,46.08197],[13.61728,46.06912],[13.59801,46.05556],[13.58944,46.04271],[13.59087,46.03271],[13.61728,46.00844],[13.62299,45.99774],[13.62299,45.98417],[13.60015,45.96204],[13.57659,45.93135],[13.55732,45.90993]]]},"properties":{"kind":"road","source":"awmc-roads"}},{"type":"Feature","geometry":{"type":"MultiLineString","coordinates":[[[14.25474,45.88067],[14.2526,45.84854],[14.24475,45.83427],[14.23333,45.82998],[14.20549,45.83355],[14.16551,45.82499],[14.12696,45.82213],[14.10912,45.81357],[14.09698,45.80072],[14.08913,45.78073],[14.07628,45.76645],[14.05201,45.75575],[14.01346,45.74504],[13.97634,45.73719],[13.95921,45.72362],[13.94494,45.70078],[13.89782,45.6658],[13.88926,45.65224],[13.87037,45.6487],[13.83884,45.63829],[13.7859,45.63948],[13.83884,45.63829],[13.87007,45.6487],[13.89952,45.65405],[13.92629,45.65019],[13.99165,45.66304],[14.07517,45.65804],[14.113,45.64876],[14.14227,45.63448],[14.1644,45.62734],[14.18724,45.62734],[14.23007,45.64091],[14.24863,45.64019],[14.26505,45.6352],[14.27504,45.63805],[14.29075,45.64662],[14.3243,45.64733],[14.34786,45.67803],[14.36856,45.68659],[14.40496,45.68731],[14.42566,45.69659],[14.50133,45.6973],[14.52417,45.71586],[14.55059,45.73371],[14.55487,45.74941],[14.55344,45.7694],[14.54202,45.78867],[14.53702,45.81723],[14.53702,45.82793],[14.55059,45.85292],[14.55415,45.86648],[14.54273,45.93429],[14.54916,45.95],[14.56058,45.9657],[14.56986,45.9914]]]},"properties":{"kind":"road","source":"awmc-roads"}},{"type":"Feature","geometry":{"type":"MultiLineString","coordinates":[[[13.7568,45.53455],[13.74395,45.53811],[13.70326,45.54454],[13.68113,45.54097],[13.64544,45.52955],[13.61974,45.52669],[13.60047,45.5217],[13.57834,45.52812],[13.57691,45.52384],[13.58476,45.51884],[13.60118,45.51456],[13.60903,45.50742],[13.60761,45.49671],[13.59476,45.48172],[13.57905,45.4753],[13.54836,45.47672],[13.52623,45.48529],[13.5091,45.50314],[13.51338,45.46744],[13.52266,45.45317],[13.53265,45.41034],[13.54693,45.38464],[13.53283,45.4098],[13.52896,45.42259],[13.5477,45.41843],[13.5941,45.40028],[13.617,45.39493],[13.63931,45.39344],[13.65656,45.39582],[13.68898,45.39315],[13.65656,45.39582],[13.63961,45.39344],[13.62208,45.37213],[13.61066,45.35214],[13.58496,45.32977],[13.56402,45.31788]]]},"properties":{"kind":"road","source":"awmc-roads"}},{"type":"Feature","geometry":{"type":"MultiLineString","coordinates":[[[11.64127,46.78576],[11.64912,46.78564],[11.66697,46.79362],[11.68196,46.81717],[11.71194,46.8236],[11.74121,46.82431],[11.76977,46.81932],[11.8083,46.8176],[11.86756,46.80932],[11.91896,46.78362],[11.97821,46.78005],[12.00533,46.79005],[12.02104,46.79076],[12.06529,46.77863],[12.09742,46.76649],[12.17166,46.74508],[12.1995,46.74508],[12.26588,46.73223],[12.30729,46.72794],[12.38866,46.73009],[12.44791,46.74008],[12.52358,46.75793],[12.56141,46.77292],[12.61424,46.78648],[12.68562,46.79861],[12.70418,46.80432],[12.73202,46.80932],[12.76557,46.82931],[12.79341,46.83787],[12.82625,46.83787],[12.86122,46.82431],[12.87978,46.81075],[12.95331,46.7772],[12.99186,46.76506],[13.00685,46.72366],[13.01113,46.70367],[13.00899,46.68369],[13.00114,46.66156],[12.96045,46.63086],[12.95545,46.61159],[12.96259,46.59303],[12.98971,46.57947],[13.00256,46.56305],[13.00328,46.55448],[12.98472,46.52664],[12.984,46.51165],[12.994,46.49666],[13.01327,46.47953],[13.01327,46.44455],[13.00471,46.42528],[13.00827,46.40886],[13.0354,46.39458],[13.08109,46.38102],[13.11464,46.37531],[13.13034,46.37459],[13.14033,46.38602],[13.17674,46.39601],[13.1953,46.39886],[13.21672,46.39601],[13.25455,46.39458],[13.30238,46.41171],[13.32094,46.42099],[13.32522,46.43099],[13.3245,46.44169],[13.31808,46.45526],[13.30595,46.46953],[13.30809,46.49666],[13.32022,46.51165],[13.34306,46.51593],[13.38447,46.50808],[13.41088,46.50665],[13.44514,46.50951],[13.48726,46.50951],[13.5408,46.5038],[13.59862,46.50166],[13.62289,46.50808],[13.65573,46.52807],[13.68214,46.54092],[13.71426,46.54806],[13.75138,46.54877],[13.79707,46.55662],[13.81848,46.56662],[13.85846,46.61016],[13.87487,46.63443]]]},"properties":{"kind":"road","source":"awmc-roads"}},{"type":"Feature","geometry":{"type":"MultiLineString","coordinates":[[[14.44523,46.90498],[14.37813,46.90926],[14.32531,46.89998],[14.28747,46.88285],[14.27034,46.87856],[14.22822,46.87571],[14.20966,46.87071],[14.19253,46.86072],[14.16969,46.85715],[14.15399,46.86786],[14.13757,46.87428],[14.10687,46.90926],[14.09331,46.9164],[14.07118,46.92282],[14.05405,46.93567],[14.04762,46.94923],[14.04405,46.96494],[14.02407,46.98136],[14.01836,47.00848],[13.99837,47.03418],[13.98623,47.07701],[13.98552,47.09628],[13.94412,47.10271],[13.9277,47.09914],[13.90129,47.087],[13.87916,47.08129],[13.8556,47.08629],[13.83847,47.097],[13.82419,47.10842],[13.82062,47.13055],[13.8142,47.13911],[13.80135,47.14197],[13.72711,47.12055],[13.70498,47.10913],[13.7164,47.07844],[13.71141,47.06345],[13.69427,47.04346],[13.62075,47.0042],[13.60433,46.95352],[13.59362,46.94138],[13.54294,46.91497],[13.52081,46.90569],[13.50796,46.88642],[13.49868,46.86],[13.48655,46.84287],[13.46584,46.83074],[13.43801,46.8286],[13.41159,46.83145],[13.38946,46.83573],[13.35163,46.83716],[13.34092,46.83431],[13.3345,46.82288],[13.32879,46.78648],[13.31665,46.77434],[13.29452,46.76863],[13.23028,46.75935],[13.11892,46.75007],[13.05896,46.7515],[13.02755,46.75507],[12.99186,46.76435]]]},"properties":{"kind":"road","source":"awmc-roads"}},{"type":"Feature","geometry":{"type":"MultiLineString","coordinates":[[[15.88107,46.41806],[15.8376,46.42119],[15.79914,46.4277],[15.64962,46.42832],[15.60798,46.41524],[15.53065,46.40334],[15.49853,46.39382],[15.45522,46.3798],[15.40534,46.35532],[15.37608,46.33533],[15.3204,46.29322],[15.27757,46.2511],[15.26543,46.23397],[15.24259,46.21684],[15.21332,46.21041],[15.16121,46.21327],[15.05414,46.22397],[15.02273,46.22397],[14.98204,46.21255],[14.92993,46.19185],[14.88424,46.17615],[14.83142,46.16615],[14.71863,46.16473],[14.69864,46.15473],[14.67509,46.1376],[14.65296,46.1119],[14.62298,46.10191],[14.60299,46.10119],[14.58015,46.10619],[14.55588,46.10762],[14.53303,46.10548],[14.51376,46.09049],[14.50733,46.05694],[14.40811,46.0191],[14.36671,46.01411],[14.34886,46.00911],[14.33673,45.9934],[14.31032,45.96771],[14.28961,45.95343],[14.24893,45.94344],[14.18397,45.89275],[14.15684,45.8849],[14.14756,45.87348],[14.1133,45.86063],[14.04762,45.86349],[13.97124,45.87776],[13.94983,45.88347],[13.91913,45.88704],[13.87702,45.88776],[13.84632,45.88276],[13.80349,45.88347],[13.73782,45.89918],[13.66786,45.90203],[13.61789,45.89989],[13.55008,45.91131],[13.50225,45.90061],[13.46513,45.88205],[13.41088,45.84278],[13.37804,45.81352],[13.37019,45.77925],[13.3759,45.7664]]]},"properties":{"kind":"road","source":"awmc-roads"}},{"type":"Feature","geometry":{"type":"MultiLineString","coordinates":[[[11.89243,46.02548],[11.83675,46.04404],[11.77108,46.04975],[11.7568,46.04689],[11.72754,46.05046],[11.6997,46.06902],[11.68542,46.07188],[11.66757,46.07259],[11.6483,46.07045],[11.56335,46.08758],[11.55051,46.08687],[11.53409,46.07759],[11.51981,46.07188],[11.50839,46.06974],[11.4834,46.07473],[11.46913,46.07259],[11.45628,46.06331],[11.447,46.05046],[11.43201,46.0419],[11.39774,46.02976],[11.3749,46.02548],[11.30851,46.01763],[11.29709,46.01406],[11.28638,46.00835],[11.27282,46.01406],[11.2614,46.02834],[11.25783,46.0419],[11.25783,46.05261],[11.24998,46.06617],[11.24712,46.07973],[11.23856,46.08544],[11.21714,46.08687],[11.20287,46.09115],[11.19002,46.09187],[11.15789,46.08758],[11.13005,46.07045]]]},"properties":{"kind":"road","source":"awmc-roads"}},{"type":"Feature","geometry":{"type":"MultiLineString","coordinates":[[[12.44423,46.50875],[12.43852,46.48019],[12.4271,46.46806],[12.37856,46.43808],[12.35786,46.42166],[12.35429,46.41309],[12.355,46.39596],[12.33715,46.37597],[12.33715,46.35884],[12.31931,46.33957],[12.31645,46.32601],[12.31645,46.30459],[12.30075,46.28318],[12.30075,46.2482],[12.28861,46.22678],[12.28433,46.21036],[12.2879,46.1968],[12.28647,46.18823],[12.26577,46.17967],[12.24507,46.16325],[12.19796,46.13184],[12.16226,46.11542],[12.12015,46.10115],[12.08303,46.09115],[12.06804,46.08187],[12.05162,46.07688],[12.00879,46.06974],[11.99094,46.0576],[11.9838,46.04761],[11.97096,46.04261],[11.93312,46.03833],[11.89386,46.02548]]]},"properties":{"kind":"road","source":"awmc-roads"}},{"type":"Feature","geometry":{"type":"MultiLineString","coordinates":[[[13.98588,47.09719],[14.02086,47.11432],[14.03585,47.11789],[14.06655,47.11289],[14.10938,47.11075],[14.13508,47.11503],[14.15149,47.12003],[14.16648,47.12003],[14.1879,47.11646],[14.21645,47.12289],[14.26856,47.14644],[14.32353,47.14573],[14.36208,47.14859],[14.42061,47.16929]]]},"properties":{"kind":"road","source":"awmc-roads"}},{"type":"Feature","geometry":{"type":"MultiLineString","coordinates":[[[9.63629,47.44507],[9.61202,47.41723],[9.60202,47.40937],[9.58132,47.40009],[9.53849,47.3901],[9.52493,47.38011],[9.52136,47.36797],[9.52279,47.35726],[9.54634,47.33085],[9.54777,47.31658],[9.54135,47.30515],[9.50066,47.25304],[9.48353,47.23591],[9.4771,47.21735],[9.47853,47.19879],[9.48638,47.17452],[9.49709,47.16453],[9.50851,47.15739]]]},"properties":{"kind":"road","source":"awmc-roads"}},{"type":"Feature","geometry":{"type":"MultiLineString","coordinates":[[[9.31006,47.13241],[9.33933,47.10457],[9.37431,47.07744],[9.41357,47.05246],[9.45212,47.03604],[9.47496,47.02319],[9.52422,46.98892],[9.55277,46.97893]]]},"properties":{"kind":"road","source":"awmc-roads"}},{"type":"Feature","geometry":{"type":"MultiLineString","coordinates":[[[9.66127,46.47425],[9.66556,46.46354],[9.6577,46.43427],[9.64414,46.42499],[9.63272,46.41357],[9.62629,46.39787],[9.62701,46.38502],[9.637,46.37716],[9.65056,46.37288],[9.65913,46.36717]]]},"properties":{"kind":"road","source":"awmc-roads"}},{"type":"Feature","geometry":{"type":"MultiLineString","coordinates":[[[10.50646,46.93324],[10.48861,46.93039],[10.47505,46.92325],[10.46648,46.90112],[10.45292,46.88256],[10.42722,46.86543],[10.40866,46.84401],[10.39438,46.83545],[10.37154,46.82974],[10.34299,46.81689],[10.28517,46.79476],[10.19665,46.78048],[10.11813,46.7762],[10.08958,46.76763],[10.07102,46.75336],[10.06102,46.74336],[10.06102,46.73194],[10.08743,46.7141],[10.09671,46.70267],[10.09457,46.68697],[10.08743,46.67912],[10.07244,46.67269],[10.05531,46.67055],[10.04032,46.66484],[10.02247,46.64557],[10.00534,46.63129],[9.97322,46.61202],[9.93324,46.59417],[9.88042,46.56276],[9.86686,46.54849],[9.84473,46.51708],[9.82046,46.49138],[9.80618,46.47782],[9.77977,46.4614]]]},"properties":{"kind":"road","source":"awmc-roads"}},{"type":"Feature","geometry":{"type":"MultiLineString","coordinates":[[[10.99419,45.44171],[10.98777,45.44128],[10.97468,45.44604],[10.96081,45.44861],[10.87058,45.44783],[10.73406,45.43861],[10.71413,45.44396],[10.69093,45.44247],[10.63442,45.46091],[10.61151,45.46508],[10.58921,45.4621],[10.5669,45.4621],[10.50384,45.47935],[10.43543,45.49036],[10.31854,45.51743],[10.2769,45.52397],[10.23685,45.53792]]]},"properties":{"kind":"road","source":"awmc-roads"}},{"type":"Feature","geometry":{"type":"MultiLineString","coordinates":[[[9.70015,45.06149],[9.69348,45.06483],[9.64304,45.07006],[9.62971,45.08386],[9.60973,45.0929],[9.59783,45.10147],[9.59117,45.12003],[9.59022,45.1324],[9.58213,45.15334],[9.57118,45.16714],[9.51516,45.21392],[9.44628,45.26639],[9.44306,45.28495],[9.43771,45.29994],[9.41772,45.31172],[9.38953,45.32528],[9.32671,45.36918],[9.24248,45.43843],[9.17837,45.47689]]]},"properties":{"kind":"road","source":"awmc-roads"}},{"type":"Feature","geometry":{"type":"MultiLineString","coordinates":[[[9.42447,46.1666],[9.4466,46.18516],[9.45303,46.19658],[9.4516,46.20872],[9.43661,46.23656],[9.41591,46.26011],[9.40877,46.28081],[9.40591,46.29866],[9.39806,46.31365],[9.39592,46.32579],[9.38307,46.33292],[9.36451,46.33863],[9.35452,46.35648],[9.3538,46.39074],[9.34809,46.42001],[9.33025,46.47284],[9.32739,46.4914],[9.33168,46.51353],[9.33025,46.53851],[9.33524,46.54636],[9.4102,46.55921],[9.42804,46.57277],[9.44946,46.60347],[9.46017,46.62488],[9.46017,46.71054],[9.45517,46.72197],[9.45303,46.73696],[9.43947,46.76551],[9.43661,46.7855],[9.42947,46.79977],[9.42947,46.81262],[9.43447,46.82119],[9.45017,46.82904],[9.5137,46.84832],[9.52941,46.83404],[9.55154,46.80477],[9.5494,46.77622],[9.5601,46.74766],[9.56653,46.71982],[9.56581,46.69841],[9.57081,46.67985],[9.56581,46.64915],[9.57224,46.61703],[9.58794,46.59919],[9.61007,46.58134],[9.61293,46.56778],[9.61507,46.52923],[9.63363,46.48854],[9.65005,46.47855],[9.67717,46.46784],[9.77211,46.46427],[9.78068,46.4607],[9.77782,46.44928],[9.76712,46.44143],[9.75355,46.43714],[9.73642,46.43572],[9.69716,46.4143],[9.68931,46.40217],[9.68146,46.38218],[9.65219,46.36219],[9.6272,46.35006],[9.59722,46.34363],[9.55225,46.34006],[9.47658,46.32864],[9.39663,46.32507]]]},"properties":{"kind":"road","source":"awmc-roads"}},{"type":"Feature","geometry":{"type":"MultiLineString","coordinates":[[[9.42091,46.16517],[9.39735,46.17731],[9.37736,46.18088],[9.35452,46.17802],[9.28885,46.14304],[9.27457,46.12948],[9.271,46.11592],[9.27171,46.09236],[9.27045,46.07937],[9.26724,46.07437],[9.2503,46.05917],[9.24601,46.04989],[9.23405,46.04261],[9.23102,46.02883],[9.22834,46.00085],[9.22227,45.99371],[9.198,45.98586],[9.18658,45.97872],[9.16638,45.97552],[9.13554,45.96266],[9.12395,45.95316],[9.12198,45.9416],[9.12554,45.93232],[9.12466,45.92033],[9.12626,45.90912],[9.13501,45.89677],[9.1343,45.88963],[9.09092,45.867],[9.08307,45.85558],[9.07343,45.85058],[9.07201,45.83916],[9.06399,45.82967],[9.06344,45.8206],[9.08129,45.81275],[9.07915,45.78669],[9.07915,45.72709],[9.08414,45.7146],[9.11591,45.67819],[9.12697,45.65963],[9.13999,45.63123],[9.14499,45.60624],[9.14518,45.58575],[9.14803,45.57004],[9.1664,45.53343],[9.17837,45.47689],[9.18122,45.49973],[9.18372,45.55755],[9.18658,45.58361],[9.19871,45.62287],[9.19764,45.65499],[9.1905,45.68497],[9.18372,45.69818],[9.14268,45.73137],[9.11162,45.76064],[9.08914,45.78634],[9.08093,45.8049]]]},"properties":{"kind":"road","source":"awmc-roads"}},{"type":"Feature","geometry":{"type":"MultiLineString","coordinates":[[[10.02591,45.14222],[10.03126,45.14829],[10.05482,45.21646],[10.07802,45.26179],[10.09444,45.28534],[10.13762,45.3603],[10.18902,45.43561],[10.20218,45.46196],[10.21515,45.49673],[10.23685,45.53792]]]},"properties":{"kind":"road","source":"awmc-roads"}},{"type":"Feature","geometry":{"type":"MultiLineString","coordinates":[[[13.61091,45.31197],[13.62162,45.31554],[13.62234,45.31982],[13.65018,45.32625],[13.66945,45.34052],[13.68158,45.34266],[13.70443,45.34338],[13.72727,45.35551]]]},"properties":{"kind":"road","source":"awmc-roads"}},{"type":"Feature","geometry":{"type":"MultiLineString","coordinates":[[[14.33903,45.36836],[14.32047,45.38478],[14.30691,45.40905],[14.29977,45.42547],[14.28621,45.44189],[14.27978,45.45331],[14.24837,45.48115],[14.17556,45.50042],[14.16057,45.51327],[14.11845,45.52755],[13.99853,45.57395],[13.96997,45.58751],[13.87718,45.61606],[13.85076,45.63391],[13.84291,45.64819],[13.83149,45.68102],[13.81507,45.70458],[13.78723,45.72956],[13.7544,45.74812],[13.72085,45.75812],[13.67088,45.77025],[13.64732,45.77382],[13.62805,45.77239]]]},"properties":{"kind":"road","source":"awmc-roads"}},{"type":"Feature","geometry":{"type":"MultiLineString","coordinates":[[[14.0554,46.93262],[14.10894,46.94119],[14.16818,46.96903],[14.21101,46.97831],[14.25599,46.97973],[14.28168,46.96831],[14.3081,46.9626],[14.33736,46.96189],[14.36235,46.9676],[14.40161,46.96617]]]},"properties":{"kind":"road","source":"awmc-roads"}},{"type":"Feature","geometry":{"type":"MultiLineString","coordinates":[[[11.1617,46.21688],[11.14457,46.22116],[11.11387,46.22045],[11.09103,46.22402],[11.0639,46.23472],[11.05891,46.25542],[11.04463,46.28326],[11.04463,46.3004],[11.04891,46.32966],[11.04392,46.35251],[11.03464,46.36821],[11.01822,46.37963],[11.00251,46.38177],[10.97824,46.37464],[10.96825,46.36893]]]},"properties":{"kind":"road","source":"awmc-roads"}},{"type":"Feature","geometry":{"type":"MultiLineString","coordinates":[[[12.54718,46.99336],[12.56359,46.97194],[12.57573,46.94838],[12.63926,46.90841],[12.67924,46.87914],[12.70493,46.85773],[12.77489,46.84202],[12.78488,46.8356],[12.84199,46.83845],[12.85555,46.84559],[12.8891,46.87629],[12.90766,46.90413],[12.91766,46.92768],[12.91766,46.95766],[12.90909,46.98051],[12.86126,47.02976],[12.83343,47.07759],[12.83414,47.09972],[12.82629,47.11471],[12.8013,47.1504]]]},"properties":{"kind":"road","source":"awmc-roads"}},{"type":"Feature","geometry":{"type":"MultiLineString","coordinates":[[[15.86176,41.00867],[15.85018,40.99878],[15.83947,40.97469],[15.82579,40.96636],[15.81538,40.96219]]]},"properties":{"kind":"road","source":"awmc-roads"}},{"type":"Feature","geometry":{"type":"MultiLineString","coordinates":[[[15.81538,40.96219],[15.81241,40.96725],[15.80616,40.9729],[15.76839,40.98153],[15.73121,40.99967],[15.71515,41.00562],[15.66547,41.01543],[15.65269,41.01543],[15.63603,41.0196],[15.61432,41.02882],[15.5465,41.06853],[15.53341,41.0718],[15.52063,41.07447],[15.50575,41.07537],[15.46411,41.0718],[15.43229,41.06139],[15.42069,41.05395]]]},"properties":{"kind":"road","source":"awmc-roads"}},{"type":"Feature","geometry":{"type":"MultiLineString","coordinates":[[[15.42069,41.05395],[15.43199,41.06704],[15.48047,41.10362],[15.50367,41.12444],[15.51944,41.14616]]]},"properties":{"kind":"road","source":"awmc-roads"}},{"type":"Feature","geometry":{"type":"MultiLineString","coordinates":[[[15.55334,41.20909],[15.54103,41.20609],[15.51307,41.19568],[15.43098,41.15166]]]},"properties":{"kind":"road","source":"awmc-roads"}},{"type":"Feature","geometry":{"type":"MultiLineString","coordinates":[[[15.55334,41.20909],[15.5542,41.21254],[15.53984,41.22215],[15.49909,41.2397]]]},"properties":{"kind":"road","source":"awmc-roads"}},{"type":"Feature","geometry":{"type":"MultiLineString","coordinates":[[[15.51944,41.14616],[15.53568,41.16831],[15.55334,41.20909]]]},"properties":{"kind":"road","source":"awmc-roads"}},{"type":"Feature","geometry":{"type":"MultiLineString","coordinates":[[[15.42069,41.05395],[15.41432,41.05633],[15.39558,41.05544],[15.38666,41.05752],[15.36882,41.06882],[15.35008,41.08607],[15.33788,41.09232],[15.29565,41.10243],[15.25044,41.12087],[15.22991,41.13902],[15.21415,41.14913],[15.19333,41.15062],[15.17876,41.15567],[15.16835,41.16638],[15.16032,41.18051],[15.13295,41.20758],[15.09934,41.24594],[15.08001,41.25457]]]},"properties":{"name":"Via_Herculia","kind":"road","source":"awmc-roads"}},{"type":"Feature","geometry":{"type":"MultiLineString","coordinates":[[[15.15228,41.18973],[15.15823,41.19717],[15.16686,41.22126],[15.17935,41.23077],[15.18679,41.23315],[15.20612,41.23524],[15.23854,41.23434],[15.2894,41.24148],[15.34324,41.25992],[15.37149,41.26587],[15.37893,41.26974],[15.39439,41.28312],[15.40897,41.29175],[15.42473,41.29413]]]},"properties":{"name":"Via_Aurelis_Aeclanensis_?","kind":"road","source":"awmc-roads"}},{"type":"Feature","geometry":{"type":"MultiLineString","coordinates":[[[14.86539,41.17569],[14.8757,41.18459],[14.89826,41.19911],[14.92776,41.20958],[14.95458,41.21422],[14.96964,41.22053],[15.03803,41.24287],[15.06768,41.25812],[15.10384,41.26717],[15.12989,41.29007],[15.15708,41.30765],[15.17503,41.31524],[15.2102,41.32639],[15.23147,41.33675],[15.24614,41.3483],[15.28904,41.35867],[15.30362,41.36461],[15.33306,41.36818],[15.35552,41.36878],[15.37233,41.36833],[15.48624,41.35569],[15.52342,41.34216],[15.62056,41.31587],[15.71601,41.30647],[15.73504,41.3023],[15.77297,41.28765],[15.85937,41.26148],[15.94399,41.25256],[15.96585,41.25152],[15.9956,41.24453],[16.02326,41.23404],[16.04378,41.22928],[16.11278,41.22095],[16.12974,41.22021],[16.17049,41.21367],[16.28321,41.20073],[16.32515,41.19349],[16.41081,41.16756],[16.42509,41.15947],[16.43532,41.15566],[16.47506,41.12128],[16.50028,41.10986],[16.52455,41.10676],[16.55763,41.10629],[16.59237,41.10795],[16.60355,41.11105],[16.63139,41.11224],[16.76393,41.10748],[16.79343,41.10914],[16.81509,41.11366],[16.85958,41.12651]]]},"properties":{"name":"Via_Minucia_/_Traiana","kind":"road","source":"awmc-roads"}},{"type":"Feature","geometry":{"type":"MultiLineString","coordinates":[[[16.05416,41.22823],[16.11341,41.26571]]]},"properties":{"kind":"road","source":"awmc-roads"}},{"type":"Feature","geometry":{"type":"MultiLineString","coordinates":[[[16.11341,41.26571],[16.15374,41.29641]]]},"properties":{"kind":"road","source":"awmc-roads"}},{"type":"Feature","geometry":{"type":"MultiLineString","coordinates":[[[16.15374,41.29641],[16.1623,41.30033],[16.19835,41.30319],[16.26046,41.31318],[16.27716,41.32001]]]},"properties":{"kind":"road","source":"awmc-roads"}},{"type":"Feature","geometry":{"type":"MultiLineString","coordinates":[[[16.05416,41.22823],[16.04554,41.21576],[16.04026,41.19435],[16.02865,41.17294]]]},"properties":{"kind":"road","source":"awmc-roads"}},{"type":"Feature","geometry":{"type":"MultiLineString","coordinates":[[[15.86176,41.00867],[15.8702,41.01467],[15.87062,41.03751],[15.87462,41.04807],[15.89118,41.06306],[15.90146,41.07563],[15.90746,41.08791],[15.91431,41.0974],[15.92388,41.10725],[15.94758,41.12467],[15.98784,41.14965],[16.01882,41.16443],[16.02865,41.17294]]]},"properties":{"kind":"road","source":"awmc-roads"}},{"type":"Feature","geometry":{"type":"MultiLineString","coordinates":[[[15.84066,40.95166],[15.83165,40.95414],[15.81538,40.96219]]]},"properties":{"kind":"road","source":"awmc-roads"}},{"type":"Feature","geometry":{"type":"MultiLineString","coordinates":[[[15.81538,40.96219],[15.81914,40.93744],[15.82728,40.92131],[15.82592,40.91347],[15.81733,40.90352],[15.81431,40.89281]]]},"properties":{"kind":"road","source":"awmc-roads"}},{"type":"Feature","geometry":{"type":"MultiLineString","coordinates":[[[15.81431,40.89281],[15.81446,40.88459],[15.81039,40.87404],[15.80949,40.86454],[15.81175,40.84917],[15.81883,40.82414],[15.822,40.80597],[15.82306,40.75532],[15.81763,40.72758],[15.79592,40.65815],[15.78838,40.62204],[15.78265,40.61164],[15.76727,40.5698],[15.76562,40.56257],[15.76546,40.54116],[15.76803,40.51967],[15.76366,40.50234],[15.75114,40.46269],[15.74119,40.44437],[15.7329,40.42266],[15.73245,40.41331],[15.73727,40.39771],[15.76652,40.37509],[15.78446,40.36605]]]},"properties":{"kind":"road","source":"awmc-roads"}},{"type":"Feature","geometry":{"type":"MultiLineString","coordinates":[[[7.61897,46.7315],[7.68179,46.68367],[7.70534,46.67011],[7.76388,46.65583],[7.80528,46.66297],[7.82527,46.66297],[7.85025,46.67796],[7.87167,46.68438],[7.9302,46.69224],[7.99302,46.71793],[8.03906,46.74006],[8.07404,46.74363],[8.12615,46.74435],[8.15113,46.74006],[8.1647,46.73292],[8.21395,46.71222],[8.255,46.67939],[8.29497,46.65155],[8.31996,46.61514],[8.33423,46.60372],[8.34994,46.57231],[8.40205,46.57731],[8.44845,46.59301],[8.482,46.61229],[8.54767,46.63013],[8.6344,46.66725],[8.68723,46.67439],[8.78931,46.69509],[8.83785,46.71151],[8.85569,46.70865],[8.83642,46.66297],[8.83571,46.65155],[8.83,46.64369],[8.80929,46.62513],[8.79716,46.60515],[8.79073,46.58944],[8.79359,46.57659],[8.81358,46.56232],[8.83856,46.55732],[8.84927,46.55232],[8.86783,46.54947],[8.8971,46.54947],[8.91137,46.54733],[8.92993,46.53519],[8.9335,46.50807],[8.94207,46.49807],[8.93993,46.48665],[8.93636,46.47951],[8.93921,46.45239],[8.94921,46.43668],[8.96491,46.42383],[8.97062,46.41027],[8.95634,46.36601],[8.95849,46.34959],[8.96562,46.32532],[8.98133,46.30034],[8.98775,46.27607],[8.99561,46.25965],[9.01345,46.24466],[9.03701,46.23609],[9.04557,46.22895],[9.04843,46.21967],[9.04486,46.21396],[9.02844,46.21039],[9.00845,46.1847],[8.98775,46.17756],[8.94921,46.18113],[8.90281,46.17899],[8.88567,46.18327],[8.83785,46.19041],[8.82571,46.18898],[8.79644,46.18184],[8.7786,46.16828],[8.74648,46.16614],[8.72149,46.15757]]]},"properties":{"kind":"road","source":"awmc-roads"}},{"type":"Feature","geometry":{"type":"MultiLineString","coordinates":[[[8.21467,47.50387],[8.22323,47.48531],[8.25393,47.46104],[8.27963,47.42678],[8.33102,47.37966],[8.3503,47.35896],[8.38599,47.29686],[8.40026,47.25545],[8.41954,47.1855],[8.42097,47.16408],[8.41383,47.14124],[8.39698,47.11697],[8.37842,47.10983],[8.36272,47.09841],[8.35058,47.09555],[8.33416,47.07771],[8.29704,47.05772],[8.28848,47.04487],[8.26849,46.95778],[8.25064,46.93565],[8.24065,46.91709],[8.22566,46.90282],[8.1864,46.87426],[8.17997,46.8557],[8.17712,46.82144],[8.17783,46.81002],[8.17141,46.79289],[8.14999,46.77361],[8.14571,46.75862],[8.135,46.74292]]]},"properties":{"kind":"road","source":"awmc-roads"}},{"type":"Feature","geometry":{"type":"MultiLineString","coordinates":[[[-0.59224,35.25055],[-0.60655,35.24591],[-0.67484,35.23092],[-0.67722,35.22902],[-0.71458,35.23116],[-0.84432,35.23134],[-0.85681,35.22926],[-0.87466,35.21557],[-0.87823,35.21052],[-0.88596,35.20561],[-0.91154,35.20145],[-0.93099,35.20115],[-0.98631,35.1836],[-1.02498,35.16784],[-1.0687,35.14315],[-1.09755,35.11965],[-1.11748,35.09794],[-1.12611,35.08218],[-1.15109,35.05779],[-1.18559,35.03206],[-1.22123,35.0089],[-1.25049,34.99677],[-1.26049,34.98749],[-1.26763,34.97107],[-1.27262,34.94823],[-1.27619,34.94038],[-1.28404,34.92967],[-1.29761,34.91753],[-1.31188,34.90825],[-1.33044,34.90254],[-1.34143,34.89594]],[[-0.65451,35.70515],[-0.64305,35.68611],[-0.62163,35.66256],[-0.5945,35.62686],[-0.58522,35.60902],[-0.57937,35.58261],[-0.58223,35.56619],[-0.59365,35.52621],[-0.6065,35.50051],[-0.6222,35.47482],[-0.62683,35.45886],[-0.64111,35.44791],[-0.66681,35.41079],[-0.60923,35.38469],[-0.59019,35.37042],[-0.56402,35.33413],[-0.55986,35.32104],[-0.56105,35.30915],[-0.57294,35.28952],[-0.57532,35.26572],[-0.58127,35.25561],[-0.59674,35.24847]],[[2.36891,35.88688],[2.36687,35.91101],[2.39638,35.93099],[2.43826,35.94337],[2.48775,35.95384],[2.54486,35.95479],[2.58293,35.95764],[2.61434,35.94717],[2.64765,35.93385],[2.71523,35.89578],[2.73902,35.88436],[2.85419,35.87008],[2.86751,35.86532],[2.88655,35.87103],[2.89892,35.86342],[2.93414,35.85009],[2.97316,35.84248],[3.00267,35.84057],[3.09137,35.8263],[3.13515,35.81487],[3.21035,35.81297],[3.31885,35.81297],[3.36358,35.83106],[3.37843,35.84819],[3.387,35.85295],[3.40698,35.8539],[3.45172,35.85104],[3.50216,35.85295],[3.5212,35.86056],[3.56688,35.87008],[3.62494,35.89387],[3.64683,35.89578],[3.66682,35.88626],[3.68776,35.88055],[3.70603,35.8796],[3.77266,35.88816],[3.80502,35.88626],[3.87545,35.87579],[3.91923,35.87389],[3.95635,35.86151],[4.0068,35.86056],[4.05915,35.85104],[4.11302,35.84343],[4.22628,35.84057],[4.26816,35.82915],[4.30147,35.80441],[4.33859,35.77204],[4.38713,35.74539],[4.42558,35.71399],[4.47127,35.69781],[4.52362,35.68448],[4.57406,35.68353],[4.595,35.68734]],[[23.74867,46.83279],[23.75472,46.82771],[23.75234,46.81343],[23.7433,46.80058],[23.7299,46.77457],[23.7249,46.75887],[23.71893,46.74876]],[[23.7433,46.80058],[23.75234,46.81343],[23.75472,46.82771],[23.73806,46.8377],[23.70094,46.85245],[23.67167,46.85983],[23.63646,46.8722],[23.60398,46.8973],[23.56109,46.93936],[23.53047,46.95821],[23.48288,46.98534],[23.44271,46.99707],[23.41653,47.01134],[23.38739,47.03633],[23.35078,47.04881],[23.33028,47.05834],[23.31719,47.06845],[23.3166,47.08392],[23.31243,47.10593],[23.31362,47.13091],[23.32611,47.16839],[23.33087,47.19694],[23.33682,47.2136],[23.33874,47.24445]]]},"properties":{"kind":"road","source":"awmc-roads"}},{"type":"Feature","geometry":{"type":"MultiLineString","coordinates":[[[18.41126,40.29433],[18.34047,40.2509],[18.29348,40.21759],[18.20246,40.17952],[18.16558,40.17238],[18.07873,40.17178],[18.03055,40.18011]]]},"properties":{"kind":"road","source":"awmc-roads"}},{"type":"Feature","geometry":{"type":"MultiLineString","coordinates":[[[18.04899,40.06114],[18.1406,40.07185],[18.18343,40.07244],[18.21734,40.07839],[18.26492,40.09683],[18.28337,40.10635],[18.35296,40.13431],[18.39579,40.13728]]]},"properties":{"kind":"road","source":"awmc-roads"}},{"type":"Feature","geometry":{"type":"MultiLineString","coordinates":[[[12.55414,44.07591],[12.52261,44.07532],[12.49108,44.07294],[12.47621,44.06877],[12.44706,44.06818],[12.40899,44.09376],[12.36378,44.09673],[12.34593,44.10506],[12.32274,44.1122],[12.29954,44.1235],[12.27812,44.13004],[12.26027,44.13897],[12.24803,44.14124],[12.2209,44.15028],[12.20044,44.16122],[12.18188,44.16551],[12.08575,44.21119],[12.05767,44.21738],[12.03483,44.22833],[11.88397,44.28924],[11.73359,44.34777],[11.60414,44.40107],[11.52324,44.43034],[11.39856,44.47983],[11.20201,44.54503],[11.07114,44.59357],[11.03298,44.6089],[11.007,44.62152],[10.9794,44.62961],[10.92181,44.65816],[10.90421,44.6615],[10.88612,44.66007],[10.86566,44.65245],[10.85233,44.6534],[10.83901,44.65674],[10.7938,44.65578],[10.75287,44.6653],[10.69529,44.68148],[10.63723,44.70718],[10.44878,44.76429],[10.38189,44.78981],[10.33847,44.80188],[10.19332,44.8352],[10.10004,44.8628],[10.03247,44.8785],[9.9687,44.90134],[9.91778,44.92895],[9.73027,45.03935],[9.71314,45.05268]]]},"properties":{"name":"Via_Aemilia","kind":"road","source":"awmc-roads"}},{"type":"Feature","geometry":{"type":"MultiLineString","coordinates":[[[11.31271,44.50801],[11.30234,44.50518],[11.29223,44.49804],[11.28688,44.48227],[11.27349,44.47781],[11.2723,44.47157],[11.27409,44.46026],[11.2729,44.45104],[11.25832,44.41773],[11.24375,44.40048],[11.23661,44.39661],[11.20241,44.3639],[11.20033,44.36003],[11.20271,44.34664],[11.20556,44.3397],[11.18736,44.33506],[11.17736,44.32364]]]},"properties":{"kind":"road","source":"awmc-roads"}},{"type":"Feature","geometry":{"type":"MultiLineString","coordinates":[[[11.34791,44.49632],[11.34577,44.48721],[11.35737,44.46966],[11.35678,44.46342],[11.35404,44.45416],[11.34012,44.42791],[11.33596,44.41303],[11.32703,44.39352],[11.32286,44.3721],[11.31751,44.35575],[11.30978,44.34831],[11.30175,44.34623],[11.28688,44.33671],[11.28331,44.33106],[11.28242,44.32184],[11.27296,44.28692],[11.26903,44.28094],[11.25714,44.27142],[11.25476,44.26577],[11.25238,44.24525],[11.25327,44.23692],[11.26516,44.20688],[11.26486,44.20123],[11.26189,44.19528],[11.2607,44.18814],[11.28718,44.09743],[11.28539,44.08939],[11.25892,44.07452],[11.25476,44.06976],[11.24982,44.04924],[11.24655,44.02158],[11.24435,44.01533],[11.23721,44.00552]]]},"properties":{"kind":"road","source":"awmc-roads"}},{"type":"Feature","geometry":{"type":"MultiLineString","coordinates":[[[11.38587,43.98449],[11.3741,43.99399],[11.37374,44.00327],[11.37551,44.01176],[11.37046,44.02039],[11.36897,44.02842],[11.38176,44.03407],[11.38087,44.04418],[11.38801,44.04746],[11.39723,44.05578],[11.39842,44.06292],[11.39009,44.08107],[11.38116,44.0891],[11.37462,44.09832],[11.37373,44.10189],[11.377,44.12776],[11.37611,44.14501],[11.3886,44.21238]]]},"properties":{"kind":"road","source":"awmc-roads"}},{"type":"Feature","geometry":{"type":"MultiLineString","coordinates":[[[11.3886,44.21238],[11.38295,44.2103],[11.37016,44.19394],[11.36391,44.18948],[11.34458,44.18204],[11.33506,44.17044],[11.32346,44.14814],[11.31543,44.14278],[11.30859,44.1291],[11.30264,44.12434],[11.29491,44.12375],[11.28837,44.12107],[11.28896,44.1175],[11.28321,44.10761]]]},"properties":{"kind":"road","source":"awmc-roads"}},{"type":"Feature","geometry":{"type":"MultiLineString","coordinates":[[[11.3886,44.21238],[11.42399,44.24807],[11.42667,44.25343],[11.42727,44.26919],[11.42281,44.28154],[11.42191,44.30414],[11.42548,44.3208],[11.42399,44.32704],[11.42013,44.3321]]]},"properties":{"kind":"road","source":"awmc-roads"}},{"type":"Feature","geometry":{"type":"MultiLineString","coordinates":[[[11.50975,44.43581],[11.50787,44.42175],[11.48646,44.39319],[11.4817,44.38933],[11.47307,44.38635],[11.46355,44.36077],[11.45998,44.35661],[11.45374,44.35215],[11.43976,44.3465],[11.42429,44.33668],[11.42013,44.3321]]]},"properties":{"kind":"road","source":"awmc-roads"}},{"type":"Feature","geometry":{"type":"MultiLineString","coordinates":[[[11.42013,44.3321],[11.40228,44.34471],[11.4002,44.35453],[11.41567,44.37892],[11.41775,44.39171],[11.41061,44.39855],[11.38741,44.40955],[11.38146,44.41907],[11.37641,44.43602],[11.37313,44.44167],[11.37046,44.46324],[11.37254,44.47543],[11.37811,44.48649]]]},"properties":{"kind":"road","source":"awmc-roads"}},{"type":"Feature","geometry":{"type":"MultiLineString","coordinates":[[[11.53207,44.04352],[11.52503,44.04256],[11.49762,44.04809],[11.48486,44.04751],[11.47135,44.04371],[11.42243,44.01182],[11.41043,44.00687]],[[11.88397,44.28924],[11.87912,44.28539],[11.86591,44.28375],[11.84937,44.27825],[11.81951,44.25852],[11.80381,44.24425],[11.78572,44.23235],[11.75217,44.21927],[11.73909,44.21046],[11.73147,44.20903],[11.71481,44.20189],[11.69435,44.18905],[11.6777,44.16763],[11.67865,44.16097],[11.68246,44.1524],[11.68448,44.13715],[11.68293,44.13023],[11.66746,44.11076],[11.65295,44.10291],[11.6244,44.09625],[11.61345,44.08958],[11.60821,44.08292],[11.60917,44.07607],[11.60479,44.07188],[11.56405,44.06826],[11.54711,44.06331],[11.54292,44.05855],[11.5414,44.04885],[11.53721,44.04504]]]},"properties":{"kind":"road","source":"awmc-roads"}},{"type":"Feature","geometry":{"type":"MultiLineString","coordinates":[[[12.6555,44.0075],[12.55616,44.07353]]]},"properties":{"name":"Via_Flaminia","kind":"road","source":"awmc-roads"}},{"type":"Feature","geometry":{"type":"MultiLineString","coordinates":[[[12.55711,44.07651],[12.53986,44.09019],[12.51904,44.09971],[12.46491,44.1354],[12.3852,44.17793],[12.34831,44.20351],[12.25492,44.263],[12.21863,44.28977]]]},"properties":{"kind":"road","source":"awmc-roads"}},{"type":"Feature","geometry":{"type":"MultiLineString","coordinates":[[[12.22875,44.14819],[12.22399,44.22968],[12.21863,44.28977],[12.21506,44.36769],[12.21625,44.37662],[12.22577,44.39744]]]},"properties":{"kind":"road","source":"awmc-roads"}},{"type":"Feature","geometry":{"type":"MultiLineString","coordinates":[[[12.22637,44.40624],[12.20019,44.44431],[12.16867,44.48357],[12.15213,44.51131],[12.13709,44.5431],[12.10454,44.58697],[12.09902,44.60982],[12.09807,44.62105],[12.10225,44.63037],[12.10739,44.65103],[12.10911,44.65579],[12.11596,44.66321],[12.11615,44.66987],[12.10397,44.69024],[12.10244,44.69919],[12.11234,44.71632],[12.12605,44.77676],[12.15632,44.85966],[12.16317,44.88441],[12.17916,44.92448],[12.17973,44.94694],[12.16336,44.95798],[12.1546,44.96683],[12.15365,44.98739],[12.14737,44.99215],[12.11939,44.99881],[12.0958,45.01037],[12.07831,45.02144],[12.06796,45.03],[12.05868,45.04285],[12.05297,45.05891],[12.05511,45.08604],[12.06831,45.15796],[12.07973,45.17616],[12.09565,45.21275]]]},"properties":{"name":"Via_Popillia","kind":"road","source":"awmc-roads"}},{"type":"Feature","geometry":{"type":"MultiLineString","coordinates":[[[12.22577,44.39744],[12.24064,44.38007],[12.24863,44.36676],[12.29478,44.32058],[12.37032,44.23373],[12.39233,44.21231],[12.39888,44.20339],[12.42446,44.179],[12.53238,44.09336]]]},"properties":{"kind":"road","source":"awmc-roads"}},{"type":"Feature","geometry":{"type":"MultiLineString","coordinates":[[[12.85424,45.74875],[12.86223,45.804],[12.8654,45.8132],[12.87218,45.82385]]]},"properties":{"kind":"road","source":"awmc-roads"}},{"type":"Feature","geometry":{"type":"MultiLineString","coordinates":[[[13.34771,45.77846],[13.30666,45.79036],[13.24836,45.81237],[13.22516,45.81653],[13.14486,45.81713],[13.12047,45.81296],[13.06693,45.79809],[12.98365,45.78025],[12.93487,45.7737],[12.90332,45.76183],[12.85811,45.74875],[12.83134,45.74994],[12.72903,45.77671],[12.70583,45.77671]],[[9.69931,45.06088],[9.71442,45.05267],[9.75154,45.04696],[9.80187,45.05053],[9.82578,45.04838],[9.85112,45.0516],[9.86968,45.05731],[9.89966,45.07908],[9.92215,45.09157],[9.93571,45.09585],[9.97783,45.10478],[9.98497,45.10906],[9.98782,45.11406],[9.98997,45.12655],[9.99925,45.13476],[10.02601,45.14261],[10.14987,45.14475],[10.21768,45.13619],[10.28014,45.12512],[10.29585,45.12369],[10.35902,45.12441],[10.42648,45.12905],[10.49286,45.1551],[10.56675,45.19579],[10.63242,45.23791],[10.71523,45.28788],[10.80695,45.33535],[10.89904,45.38853],[10.95793,45.42065],[10.99362,45.44099],[10.99826,45.44849],[11.00576,45.45027],[11.07006,45.42352],[11.13478,45.42067],[11.22282,45.41257],[11.25613,45.41162],[11.27897,45.41162],[11.30087,45.41495],[11.32656,45.42162],[11.34608,45.43018],[11.39319,45.45636],[11.45839,45.50775],[11.55378,45.5553],[11.60399,45.59575],[11.66109,45.63001],[11.70511,45.65393],[11.73343,45.66392],[11.75175,45.66844],[11.76698,45.67177],[11.8949,45.68469],[12.48964,45.75172],[12.53574,45.75826],[12.61694,45.76362],[12.68832,45.77492],[12.70706,45.77522]]]},"properties":{"name":"Via_Postumia","kind":"road","source":"awmc-roads"}},{"type":"Feature","geometry":{"type":"MultiLineString","coordinates":[[[12.40745,45.54331],[12.29066,45.72997],[12.2739,45.76179],[12.25058,45.81462],[12.24725,45.82675],[12.24106,45.83246]]]},"properties":{"name":"Via_Claudia_Augusta","kind":"road","source":"awmc-roads"}},{"type":"Feature","geometry":{"type":"MultiLineString","coordinates":[[[12.24028,45.8327],[12.21767,45.8449],[12.20845,45.85174],[12.19418,45.85858],[12.168,45.86393],[12.10852,45.86363],[12.0523,45.85947],[12.03594,45.86453],[12.00441,45.86482],[11.98419,45.8678],[11.96367,45.87494],[11.95147,45.88475],[11.94136,45.89665],[11.93868,45.92193],[11.91637,45.94304],[11.9183,45.96468],[11.92901,45.98134],[11.95518,45.99383],[11.95934,46.00335],[11.94507,46.01287],[11.92306,46.0206],[11.89272,46.02655]]]},"properties":{"kind":"road","source":"awmc-roads"}},{"type":"Feature","geometry":{"type":"MultiLineString","coordinates":[[[11.91816,45.79746],[11.92946,45.76563],[11.95236,45.66673],[11.95355,45.6129],[11.94731,45.59148],[11.91548,45.51594],[11.90626,45.4856],[11.90121,45.47727]]]},"properties":{"name":"Via_Aurelia","kind":"road","source":"awmc-roads"}},{"type":"Feature","geometry":{"type":"MultiLineString","coordinates":[[[11.90061,45.47563],[11.88306,45.43816],[11.8792,45.42061],[11.88187,45.40797]]]},"properties":{"name":"Via_Aurelia","kind":"road","source":"awmc-roads"}},{"type":"Feature","geometry":{"type":"MultiLineString","coordinates":[[[11.88187,45.40797],[11.74327,45.23338],[11.72513,45.231],[11.68884,45.231],[11.64571,45.23427],[11.60258,45.23367],[11.56749,45.23694]],[[11.66369,45.23291],[11.64571,45.23427],[11.60258,45.23367],[11.49283,45.2417],[11.46933,45.26936],[11.44227,45.29405],[11.41698,45.30892],[11.26619,45.35949]]]},"properties":{"kind":"road","source":"awmc-roads"}},{"type":"Feature","geometry":{"type":"MultiLineString","coordinates":[[[11.56749,45.23694],[11.49283,45.2417]]]},"properties":{"kind":"road","source":"awmc-roads"}},{"type":"Feature","geometry":{"type":"MultiLineString","coordinates":[[[11.26619,45.35949],[11.21057,45.37882]]]},"properties":{"kind":"road","source":"awmc-roads"}},{"type":"Feature","geometry":{"type":"MultiLineString","coordinates":[[[11.21057,45.37882],[11.11152,45.42106]]]},"properties":{"kind":"road","source":"awmc-roads"}},{"type":"Feature","geometry":{"type":"MultiLineString","coordinates":[[[11.49283,45.2417],[11.48563,45.24138],[11.44601,45.21853],[11.37106,45.15679],[11.34929,45.13376],[11.34536,45.12341],[11.31502,45.10057],[11.29397,45.07737],[11.28754,45.06309],[11.27434,45.04346],[11.26613,45.02419],[11.16797,44.90944],[11.11479,44.84448],[11.09588,44.8195],[11.08374,44.79719],[11.07125,44.78755],[11.06233,44.77649],[11.03913,44.75864]]]},"properties":{"kind":"road","source":"awmc-roads"}},{"type":"Feature","geometry":{"type":"MultiLineString","coordinates":[[[15.79035,40.35822],[15.75615,40.35286],[15.73592,40.35405],[15.70737,40.35881],[15.69369,40.35851],[15.67168,40.34959],[15.65859,40.35138],[15.62357,40.36547]]]},"properties":{"kind":"road","source":"awmc-roads"}},{"type":"Feature","geometry":{"type":"MultiLineString","coordinates":[[[15.78446,40.36605],[15.79035,40.35822],[15.79946,40.35581],[15.82741,40.33766],[15.88958,40.30405],[15.91962,40.28056],[15.98684,40.26539]]]},"properties":{"kind":"road","source":"awmc-roads"}},{"type":"Feature","geometry":{"type":"MultiLineString","coordinates":[[[15.78265,40.61164],[15.79931,40.59549],[15.81454,40.58712],[15.84956,40.58179],[15.86289,40.57513],[15.89259,40.55476],[15.90686,40.54981],[15.92038,40.53991],[15.94265,40.51145],[15.96321,40.49546],[15.97082,40.48366],[15.97387,40.47319],[15.97292,40.46082],[15.96644,40.4395],[15.94988,40.40999],[15.94836,40.39467],[15.95064,40.37792],[15.94912,40.37144],[15.94398,40.36002],[15.93408,40.34879]]]},"properties":{"kind":"road","source":"awmc-roads"}},{"type":"Feature","geometry":{"type":"MultiLineString","coordinates":[[[15.93408,40.34879],[15.92361,40.33042],[15.91924,40.31253],[15.91943,40.30777],[15.92476,40.30339],[15.93389,40.29978],[15.93465,40.29768],[15.93256,40.29292],[15.91808,40.28178],[15.89068,40.25333],[15.88307,40.24181],[15.87679,40.22658]]]},"properties":{"kind":"road","source":"awmc-roads"}},{"type":"Feature","geometry":{"type":"MultiLineString","coordinates":[[[15.87679,40.22658],[15.87226,40.21642],[15.87549,40.19871],[15.91014,40.16807],[15.92651,40.14199],[15.92784,40.12857],[15.92194,40.08688],[15.92422,40.07755],[15.93526,40.06822],[15.94973,40.0589],[15.9642,40.04624],[15.97048,40.03329],[15.97086,40.01274]]]},"properties":{"kind":"road","source":"awmc-roads"}},{"type":"Feature","geometry":{"type":"MultiLineString","coordinates":[[[15.81179,40.07934],[15.82326,40.08148],[15.86419,40.07601],[15.88037,40.07696],[15.91297,40.08314],[15.92309,40.08217],[15.93819,40.07482],[15.94699,40.07267],[15.96817,40.06958],[16.00196,40.07148],[16.03765,40.06292],[16.05288,40.06435],[16.07049,40.07006],[16.10951,40.06744],[16.13592,40.08172],[16.15805,40.08386],[16.17994,40.08291],[16.21801,40.0879],[16.23348,40.09409],[16.24657,40.10361],[16.28155,40.11051],[16.32485,40.12502],[16.33532,40.13121],[16.34175,40.13775],[16.35174,40.15679],[16.35626,40.17154],[16.36269,40.18177],[16.36554,40.18201],[16.37363,40.17773],[16.39481,40.16464],[16.41194,40.15869],[16.4217,40.15988],[16.43145,40.16345],[16.45977,40.18439],[16.48618,40.197],[16.48785,40.20533],[16.48499,40.22175],[16.48761,40.22603],[16.49165,40.22722],[16.52639,40.23412],[16.55019,40.23269],[16.55994,40.23103],[16.60563,40.2089],[16.61253,40.20795],[16.62466,40.20795],[16.63347,40.20985],[16.65131,40.21556],[16.65655,40.21865],[16.67725,40.21984],[16.68654,40.21816]]]},"properties":{"kind":"road","source":"awmc-roads"}},{"type":"Feature","geometry":{"type":"MultiLineString","coordinates":[[[16.67725,40.21984],[16.54764,40.24307],[16.51046,40.25378],[16.48845,40.25378],[16.40755,40.26746],[16.37959,40.26954],[16.32902,40.26657],[16.2969,40.25943],[16.28352,40.25824],[16.27103,40.25408],[16.26181,40.25348],[16.23414,40.24515],[16.22135,40.24307],[16.17168,40.23801],[16.14848,40.23712],[16.10208,40.24039],[15.98684,40.26539]]]},"properties":{"kind":"road","source":"awmc-roads"}},{"type":"Feature","geometry":{"type":"MultiLineString","coordinates":[[[16.02048,40.78515],[15.95511,40.77619],[15.93548,40.77827],[15.91615,40.78124],[15.8293,40.81485],[15.82028,40.81582]]]},"properties":{"kind":"road","source":"awmc-roads"}},{"type":"Feature","geometry":{"type":"MultiLineString","coordinates":[[[16.78692,40.38236],[16.7674,40.39265],[16.75015,40.39295],[16.7097,40.39979],[16.69245,40.40514],[16.65229,40.41168],[16.64486,40.41168],[16.62642,40.42685],[16.61214,40.42775],[16.59251,40.43518],[16.58091,40.43429],[16.57139,40.43667],[16.55414,40.44529],[16.5363,40.45987],[16.52737,40.46493],[16.48573,40.48515],[16.46194,40.49437],[16.42506,40.50166],[16.41405,40.50671],[16.38014,40.51088],[16.36616,40.51594],[16.30995,40.52545],[16.23619,40.54806],[16.2118,40.54568],[16.15023,40.53557],[16.12941,40.53765],[16.09223,40.54419],[16.07498,40.543],[16.06873,40.54419],[16.04167,40.56531],[16.03482,40.56858],[16.00954,40.57512],[15.95035,40.60992],[15.9444,40.61492],[15.9444,40.6289],[15.94054,40.63544],[15.93013,40.64199],[15.92537,40.64913],[15.91674,40.65269],[15.91109,40.65299],[15.90425,40.64972],[15.88343,40.65359],[15.85755,40.64318],[15.82811,40.63961],[15.80759,40.6292],[15.78871,40.62492]]]},"properties":{"kind":"road","source":"awmc-roads"}},{"type":"Feature","geometry":{"type":"MultiLineString","coordinates":[[[17.06458,40.57472],[17.06358,40.58151],[17.0573,40.59332],[17.02989,40.6371],[17.02818,40.64681],[17.01504,40.68612],[16.98478,40.7694],[16.95337,40.83507],[16.93528,40.86962],[16.92596,40.88409],[16.89302,40.95214],[16.86904,41.00668],[16.8679,41.0122],[16.87247,41.02628],[16.87837,41.03466],[16.87932,41.03961],[16.87818,41.04246]]]},"properties":{"kind":"road","source":"awmc-roads"}},{"type":"Feature","geometry":{"type":"MultiLineString","coordinates":[[[16.87818,41.04246],[16.86961,41.05322],[16.85971,41.08272],[16.85648,41.10728],[16.85667,41.11699],[16.85958,41.12651]]]},"properties":{"kind":"road","source":"awmc-roads"}},{"type":"Feature","geometry":{"type":"MultiLineString","coordinates":[[[17.29827,40.95352],[17.25544,40.95566],[17.21903,40.95388],[17.1994,40.95459],[17.14694,40.95994],[17.12516,40.96423],[17.10732,40.9703],[17.03665,41.0117],[16.97419,41.03061],[16.92386,41.0481],[16.87247,41.07166],[16.85105,41.07773],[16.77467,41.08915],[16.75111,41.09629],[16.68683,41.10986]]]},"properties":{"kind":"road","source":"awmc-roads"}},{"type":"Feature","geometry":{"type":"MultiLineString","coordinates":[[[16.85958,41.12651],[16.86426,41.12616],[16.89923,41.10974],[16.9128,41.10903],[16.96312,41.09154],[16.97704,41.08512],[16.99525,41.07976],[17.03129,41.07548],[17.05771,41.07013],[17.08305,41.06227],[17.10268,41.05335],[17.12516,41.0405],[17.16478,41.02301],[17.21618,40.99339],[17.2483,40.97733],[17.26972,40.96912],[17.29827,40.95352],[17.31576,40.93057],[17.32968,40.91772],[17.3593,40.89648],[17.38076,40.88718],[17.40963,40.8665],[17.44282,40.84866],[17.46923,40.82617],[17.52813,40.80404],[17.56096,40.78905],[17.58845,40.77299],[17.60201,40.76799],[17.6841,40.75158],[17.69659,40.74622],[17.71408,40.74158],[17.76119,40.71499],[17.77726,40.71035],[17.8133,40.69465],[17.83472,40.68073],[17.87291,40.6611],[17.89361,40.6536],[17.9368,40.64468],[17.94844,40.64005]]]},"properties":{"name":"Via_Minucia_/_Traiana","kind":"road","source":"awmc-roads"}},{"type":"Feature","geometry":{"type":"MultiLineString","coordinates":[[[15.88062,41.61072],[15.86447,41.60041],[15.81307,41.574]]]},"properties":{"kind":"road","source":"awmc-roads"}},{"type":"Feature","geometry":{"type":"MultiLineString","coordinates":[[[15.81307,41.574],[15.77988,41.56436],[15.75454,41.56972],[15.71385,41.60612],[15.70135,41.6129],[15.65281,41.62504],[15.58678,41.66394],[15.55502,41.67465],[15.54502,41.68108],[15.51611,41.71159]]]},"properties":{"kind":"road","source":"awmc-roads"}},{"type":"Feature","geometry":{"type":"MultiLineString","coordinates":[[[15.30362,41.36461],[15.31267,41.39822]]]},"properties":{"kind":"road","source":"awmc-roads"}},{"type":"Feature","geometry":{"type":"MultiLineString","coordinates":[[[15.30362,41.36461],[15.31835,41.36684],[15.33016,41.37395],[15.34444,41.37859],[15.36442,41.39322],[15.37799,41.41713],[15.39333,41.42927],[15.41154,41.44033],[15.4201,41.44212]]]},"properties":{"kind":"road","source":"awmc-roads"}},{"type":"Feature","geometry":{"type":"MultiLineString","coordinates":[[[15.32909,41.511],[15.33123,41.48459],[15.33373,41.47496],[15.33373,41.45675],[15.32873,41.43676],[15.32195,41.42392]]]},"properties":{"kind":"road","source":"awmc-roads"}},{"type":"Feature","geometry":{"type":"MultiLineString","coordinates":[[[15.32195,41.42392],[15.31267,41.39822]]]},"properties":{"kind":"road","source":"awmc-roads"}},{"type":"Feature","geometry":{"type":"MultiLineString","coordinates":[[[15.32909,41.511],[15.34444,41.51029],[15.47971,41.51957],[15.4922,41.5235]]]},"properties":{"kind":"road","source":"awmc-roads"}},{"type":"Feature","geometry":{"type":"MultiLineString","coordinates":[[[15.4201,41.44212],[15.43902,41.45247],[15.45401,41.45782]]]},"properties":{"kind":"road","source":"awmc-roads"}},{"type":"Feature","geometry":{"type":"MultiLineString","coordinates":[[[15.45401,41.45782],[15.49363,41.46532],[15.50326,41.47032],[15.52539,41.49066],[15.55645,41.52992]]]},"properties":{"kind":"road","source":"awmc-roads"}},{"type":"Feature","geometry":{"type":"MultiLineString","coordinates":[[[15.4922,41.5235],[15.52432,41.53599]]]},"properties":{"kind":"road","source":"awmc-roads"}},{"type":"Feature","geometry":{"type":"MultiLineString","coordinates":[[[15.52432,41.53599],[15.53717,41.53849],[15.55181,41.53313],[15.55645,41.52992],[15.57929,41.52814],[15.61676,41.52814],[15.72527,41.56347],[15.74927,41.57445]]]},"properties":{"kind":"road","source":"awmc-roads"}},{"type":"Feature","geometry":{"type":"MultiLineString","coordinates":[[[15.78091,41.82579],[15.81422,41.83799],[15.83177,41.84126]]]},"properties":{"kind":"road","source":"awmc-roads"}},{"type":"Feature","geometry":{"type":"MultiLineString","coordinates":[[[15.83177,41.84126],[15.84843,41.84067],[15.87401,41.84453],[15.87936,41.85316],[15.89602,41.8603],[15.92844,41.8826]]]},"properties":{"kind":"road","source":"awmc-roads"}},{"type":"Feature","geometry":{"type":"MultiLineString","coordinates":[[[15.49601,41.71848],[15.50744,41.72305],[15.52419,41.72571],[15.56511,41.72819],[15.61346,41.71677],[15.62527,41.71639],[15.65135,41.71943],[15.66562,41.71753],[15.69494,41.70992],[15.72482,41.70839],[15.78307,41.71144],[15.82229,41.72115],[15.83199,41.7221],[15.91632,41.71905]]]},"properties":{"kind":"road","source":"awmc-roads"}},{"type":"Feature","geometry":{"type":"MultiLineString","coordinates":[[[15.23618,41.78339],[15.25045,41.79196],[15.26901,41.79862],[15.38608,41.81956],[15.42606,41.83336],[15.48317,41.86858],[15.50173,41.87476],[15.54122,41.87952],[15.59167,41.87952],[15.65687,41.87286],[15.67447,41.86953],[15.69351,41.86287],[15.71493,41.84573],[15.76204,41.82813],[15.77536,41.8248],[15.78717,41.82765],[15.80756,41.83577]]]},"properties":{"kind":"road","source":"awmc-roads"}},{"type":"Feature","geometry":{"type":"MultiLineString","coordinates":[[[15.51611,41.71159],[15.50629,41.71696],[15.49601,41.71848],[15.48574,41.72533],[15.4686,41.73124]]]},"properties":{"kind":"road","source":"awmc-roads"}},{"type":"Feature","geometry":{"type":"MultiLineString","coordinates":[[[15.4686,41.73124],[15.45851,41.73466],[15.44367,41.73695],[15.39246,41.73999],[15.37076,41.74266],[15.34468,41.74951],[15.32469,41.75122],[15.20915,41.79006],[15.15071,41.80014],[15.10712,41.80614],[14.98129,41.81851],[14.95978,41.81547],[14.94455,41.81014],[14.91638,41.80747]]]},"properties":{"kind":"road","source":"awmc-roads"}},{"type":"Feature","geometry":{"type":"MultiLineString","coordinates":[[[14.84028,41.68228],[14.84239,41.6859],[14.84284,41.69314],[14.84043,41.72194],[14.8442,41.74576],[14.84993,41.75179],[14.86636,41.76038],[14.87134,41.76536],[14.87646,41.77953],[14.91159,41.80683],[14.91638,41.80747]]]},"properties":{"kind":"road","source":"awmc-roads"}},{"type":"Feature","geometry":{"type":"MultiLineString","coordinates":[[[14.91159,41.80683],[14.9308,41.83336],[14.93457,41.84083],[14.93984,41.85922],[14.94406,41.88922],[14.94105,41.92593],[14.9418,41.9395],[14.93939,41.9493]]]},"properties":{"kind":"road","source":"awmc-roads"}},{"type":"Feature","geometry":{"type":"MultiLineString","coordinates":[[[14.94339,41.89345],[14.91994,41.89261],[14.90954,41.89442],[14.90336,41.89759],[14.88768,41.91025]]]},"properties":{"kind":"road","source":"awmc-roads"}},{"type":"Feature","geometry":{"type":"MultiLineString","coordinates":[[[14.93272,41.83716],[14.88077,41.86178],[14.87293,41.86404],[14.85756,41.8648],[14.84354,41.86103],[14.83615,41.86269]]]},"properties":{"kind":"road","source":"awmc-roads"}},{"type":"Feature","geometry":{"type":"MultiLineString","coordinates":[[[14.93272,41.83716],[14.95212,41.82918],[14.98682,41.81827]]]},"properties":{"kind":"road","source":"awmc-roads"}},{"type":"Feature","geometry":{"type":"MultiLineString","coordinates":[[[14.94339,41.89345],[14.97264,41.88153],[14.99673,41.8738],[15.03243,41.86696],[15.06812,41.85417],[15.08864,41.85209],[15.10946,41.84673],[15.19899,41.80807],[15.21208,41.80063],[15.21752,41.78682]]]},"properties":{"kind":"road","source":"awmc-roads"}},{"type":"Feature","geometry":{"type":"MultiLineString","coordinates":[[[15.23049,41.78228],[15.24699,41.7512],[15.27079,41.71907],[15.27412,41.71146],[15.30267,41.67672],[15.30529,41.66292],[15.31409,41.64162],[15.32433,41.56096],[15.32742,41.55406],[15.32909,41.511],[15.32361,41.51837],[15.30767,41.53217],[15.25532,41.56548],[15.20202,41.6045],[15.163,41.62972],[15.08424,41.67327],[15.07662,41.67874],[15.0564,41.70028],[15.03498,41.70503],[15.02023,41.70503],[15.00714,41.7086],[14.97359,41.73049],[14.94123,41.74144],[14.88413,41.75262],[14.86636,41.76038]]]},"properties":{"kind":"road","source":"awmc-roads"}},{"type":"Feature","geometry":{"type":"MultiLineString","coordinates":[[[15.32909,41.511],[15.31776,41.50763],[15.26927,41.50347],[15.16428,41.50079],[15.13275,41.50614],[15.12413,41.51239],[15.11491,41.51358],[15.10807,41.51269],[15.10004,41.50674],[15.0929,41.50376],[15.01854,41.48235],[15.01051,41.48503],[14.99266,41.50376],[14.98463,41.51566],[14.98404,41.52102],[14.97868,41.52518],[14.95786,41.52994],[14.93972,41.52964],[14.91473,41.52577],[14.90135,41.52875],[14.88916,41.53351],[14.85465,41.56028],[14.84127,41.56206]]]},"properties":{"kind":"road","source":"awmc-roads"}},{"type":"Feature","geometry":{"type":"MultiLineString","coordinates":[[[15.403,40.57796],[15.39534,40.57596],[15.38249,40.56953],[15.37357,40.56918],[15.36607,40.57239],[15.32931,40.57025],[15.30754,40.5731],[15.27363,40.58238],[15.26149,40.58881]]]},"properties":{"kind":"road","source":"awmc-roads"}},{"type":"Feature","geometry":{"type":"MultiLineString","coordinates":[[[15.27909,40.58089],[15.28112,40.5938],[15.2879,40.60986],[15.29826,40.61843],[15.31218,40.6245],[15.35965,40.63806],[15.36356,40.64066],[15.37357,40.65305],[15.37963,40.65698],[15.40426,40.65805],[15.42425,40.64948],[15.43496,40.64806],[15.45851,40.64913],[15.47136,40.6452],[15.48457,40.6452],[15.48992,40.64698],[15.5017,40.65484],[15.5067,40.68232],[15.51134,40.68696],[15.54239,40.69624],[15.54988,40.6966],[15.5713,40.68553],[15.58379,40.67126],[15.60521,40.66233],[15.61092,40.65412],[15.64411,40.62486],[15.6566,40.61558],[15.67159,40.61058],[15.68837,40.60665],[15.73013,40.60487],[15.77581,40.622],[15.78871,40.62492]]]},"properties":{"kind":"road","source":"awmc-roads"}},{"type":"Feature","geometry":{"type":"MultiLineString","coordinates":[[[15.26149,40.58881],[15.21723,40.59023],[15.18083,40.60344],[15.16905,40.6038],[15.1355,40.59987],[15.11266,40.60059],[15.08517,40.61272],[15.06947,40.617],[15.0502,40.61593],[15.00951,40.617],[14.99023,40.62057],[14.87209,40.65234]]]},"properties":{"kind":"road","source":"awmc-roads"}},{"type":"Feature","geometry":{"type":"MultiLineString","coordinates":[[[10.93919,44.64907],[10.94526,44.65871],[11.00462,44.71479],[11.0208,44.73335],[11.03199,44.75186],[11.03913,44.75864],[11.04198,44.79219],[11.06804,44.91729],[11.10016,45.01116],[11.12015,45.07559]]]},"properties":{"kind":"road","source":"awmc-roads"}},{"type":"Feature","geometry":{"type":"MultiLineString","coordinates":[[[11.12015,45.07559],[11.09909,45.11342]]]},"properties":{"kind":"road","source":"awmc-roads"}},{"type":"Feature","geometry":{"type":"MultiLineString","coordinates":[[[11.09909,45.11342],[11.06982,45.16125],[11.0584,45.17267],[11.03841,45.18516],[11.02235,45.19872],[11.01455,45.20707],[11.01038,45.21926],[11.01127,45.23265],[11.00532,45.27458],[11.00413,45.29987],[10.99878,45.33972],[10.9964,45.41676],[10.99313,45.42419],[10.99469,45.4492],[10.98956,45.4581],[10.96749,45.47369],[10.94037,45.48297],[10.85756,45.49724],[10.83472,45.51081],[10.82758,45.52722],[10.82829,45.54436],[10.839,45.56006],[10.839,45.57719],[10.86684,45.60146],[10.87255,45.61503],[10.89111,45.63144],[10.92252,45.68355],[10.93894,45.70354],[10.94179,45.72139],[10.95536,45.73138],[10.9782,45.73566],[11.0039,45.75208],[11.0246,45.77493],[11.02888,45.7892],[11.01175,45.83846],[11.01318,45.85488],[11.02817,45.87629],[11.03388,45.89128],[11.05387,45.91412],[11.08099,45.92483],[11.10598,45.93768],[11.12311,45.96124],[11.12739,45.98479],[11.13881,46.0055],[11.13881,46.03262],[11.12953,46.07117],[11.11811,46.10186],[11.11668,46.12399],[11.11026,46.14327],[11.11097,46.15683],[11.1431,46.18895],[11.15809,46.21322],[11.17236,46.22536],[11.21733,46.23606],[11.24161,46.26319],[11.25445,46.28675],[11.27087,46.29817],[11.29812,46.33509],[11.30371,46.35813],[11.31511,46.37919],[11.3237,46.41381],[11.3187,46.44379],[11.30799,46.45593],[11.30942,46.46735],[11.31941,46.48163],[11.28515,46.49733],[11.25445,46.52303],[11.22947,46.55872],[11.19235,46.61797],[11.17807,46.65509],[11.1588,46.68436],[11.14595,46.68364],[11.12025,46.67222],[11.09884,46.67151],[11.07814,46.68079],[11.05172,46.67864],[11.02388,46.66722],[10.97606,46.65366],[10.85756,46.62868],[10.75191,46.62511],[10.71693,46.61868],[10.6741,46.62868],[10.62128,46.63653],[10.56631,46.67079],[10.5399,46.68436],[10.53633,46.70363],[10.53919,46.72219],[10.53919,46.76074],[10.54347,46.79786],[10.53419,46.81427],[10.51349,46.83712],[10.50992,46.88994],[10.5035,46.9292],[10.53633,46.96561],[10.57774,46.98845],[10.62271,47.02628],[10.66811,47.07268],[10.67168,47.10338],[10.66525,47.11908],[10.61528,47.12836],[10.58816,47.14121],[10.58602,47.15477],[10.59601,47.16762],[10.63598,47.18975],[10.67239,47.20189],[10.70665,47.21973],[10.72165,47.24543],[10.73878,47.25471],[10.74663,47.26399],[10.78589,47.28755],[10.80731,47.30539],[10.81444,47.32253],[10.83443,47.33038],[10.83515,47.3368],[10.8199,47.34834],[10.81944,47.35322],[10.82801,47.36107],[10.8637,47.3675],[10.88369,47.3882],[10.88226,47.41104],[10.87227,47.41675],[10.81801,47.42318],[10.76733,47.43817],[10.73735,47.45459],[10.72664,47.476],[10.72736,47.50027],[10.71351,47.51308],[10.71094,47.5324],[10.67844,47.54968],[10.67525,47.56523],[10.69523,47.57523],[10.70023,47.5895],[10.72165,47.6102],[10.73378,47.63733],[10.73878,47.66303],[10.76233,47.68587],[10.78946,47.703],[10.80302,47.71728],[10.80802,47.73798],[10.81659,47.75725],[10.83443,47.77224],[10.86941,47.80722],[10.87869,47.83007],[10.90153,47.87432],[10.91081,47.90074],[10.84228,47.95427],[10.82847,47.98852],[10.82658,48.01566],[10.81801,48.08134],[10.8099,48.12624],[10.80731,48.162],[10.81516,48.18342],[10.87369,48.26265],[10.89011,48.29477],[10.89868,48.31905],[10.89582,48.3476],[10.88868,48.36116],[10.88511,48.38543],[10.87798,48.40328],[10.87441,48.43183],[10.86156,48.46039],[10.84443,48.4868],[10.83871,48.56603],[10.83229,48.59673],[10.79374,48.64099]]]},"properties":{"name":"Via_Claudia_Augusta","kind":"road","source":"awmc-roads"}},{"type":"Feature","geometry":{"type":"MultiLineString","coordinates":[[[12.51996,45.75602],[12.44738,45.76367],[12.37505,45.77914],[12.35006,45.79341],[12.3415,45.79651],[12.31746,45.79841],[12.2813,45.81007],[12.25631,45.82506],[12.21767,45.8449],[12.20845,45.85174],[12.19418,45.85858],[12.18109,45.86185],[12.168,45.86393],[12.10852,45.86363],[12.0523,45.85947],[12.03594,45.86453],[12.02583,45.86453]]]},"properties":{"kind":"road","source":"awmc-roads"}},{"type":"Feature","geometry":{"type":"MultiLineString","coordinates":[[[12.16006,45.42033],[12.15205,45.41458],[12.12813,45.38318],[12.10208,45.32999],[12.09601,45.28163],[12.09494,45.25843],[12.09851,45.2438],[12.0953,45.22738],[12.09565,45.21275]]]},"properties":{"name":"Via_Popillia","kind":"road","source":"awmc-roads"}},{"type":"Feature","geometry":{"type":"MultiLineString","coordinates":[[[12.11003,45.34778],[12.10707,45.41762]]]},"properties":{"name":"Via_Popillia","kind":"road","source":"awmc-roads"}},{"type":"Feature","geometry":{"type":"MultiLineString","coordinates":[[[12.05297,45.05891],[12.04511,45.06373],[12.04012,45.07087],[12.03869,45.07872],[12.04083,45.1005],[12.03762,45.11263],[12.02798,45.12477],[11.96445,45.18027],[11.95588,45.1899],[11.94767,45.24273],[11.94054,45.26521],[11.93126,45.28984],[11.91484,45.32125],[11.91234,45.3366],[11.90342,45.36158],[11.89878,45.37978],[11.89164,45.39549],[11.88414,45.40691],[11.88187,45.40797],[11.93233,45.4037],[11.96659,45.40298],[12.05297,45.41012],[12.09591,45.41719],[12.16006,45.42033],[12.20639,45.45897],[12.38062,45.53426],[12.44137,45.55296],[12.50711,45.58303],[12.55791,45.60836],[12.576,45.61952],[12.62138,45.64123],[12.63435,45.64522],[12.65425,45.65804],[12.69104,45.70945],[12.74335,45.72596],[12.78526,45.74359],[12.83134,45.74994]]]},"properties":{"name":"Via_Annia","kind":"road","source":"awmc-roads"}},{"type":"Feature","geometry":{"type":"MultiLineString","coordinates":[[[12.08302,45.17759],[12.10872,45.16331],[12.20651,45.11513],[12.23292,45.10514],[12.20294,45.00895],[12.1876,44.97397],[12.17973,44.94694]]]},"properties":{"kind":"road","source":"awmc-roads"}},{"type":"Feature","geometry":{"type":"MultiLineString","coordinates":[[[12.55414,44.07591],[12.55711,44.07651]]]},"properties":{"kind":"road","source":"awmc-roads"}},{"type":"Feature","geometry":{"type":"MultiLineString","coordinates":[[[12.55616,44.07353],[12.55711,44.07651]]]},"properties":{"kind":"road","source":"awmc-roads"}},{"type":"Feature","geometry":{"type":"MultiLineString","coordinates":[[[11.41043,44.00687],[11.40078,44.00185],[11.3865,43.98549],[11.37565,43.96631],[11.37237,43.95039],[11.32434,43.86436],[11.3111,43.84585],[11.28731,43.82027],[11.28166,43.8112]]]},"properties":{"kind":"road","source":"awmc-roads"}},{"type":"Feature","geometry":{"type":"MultiLineString","coordinates":[[[11.23721,44.00552],[11.22975,43.98406],[11.2247,43.94385],[11.21928,43.9271],[11.19406,43.89317],[11.17797,43.8599],[11.17968,43.85467],[11.20034,43.83163],[11.22413,43.7998],[11.23917,43.7849],[11.24897,43.77243]]]},"properties":{"kind":"road","source":"awmc-roads"}},{"type":"Feature","geometry":{"type":"MultiLineString","coordinates":[[[11.25021,43.77213],[11.28804,43.77213],[11.33402,43.7757],[11.35772,43.7854],[11.365,43.7914],[11.38256,43.79411],[11.40511,43.79197],[11.45208,43.77669],[11.46765,43.76713],[11.47064,43.7637],[11.47207,43.74671],[11.47464,43.73943],[11.47864,43.71273],[11.48549,43.68739],[11.49092,43.67854],[11.52918,43.64171],[11.54374,43.6305],[11.586,43.59195],[11.62226,43.5679],[11.66252,43.54748],[11.69879,43.5342],[11.74476,43.52385]]]},"properties":{"kind":"road","source":"awmc-roads"}},{"type":"Feature","geometry":{"type":"MultiLineString","coordinates":[[[11.74476,43.52385],[11.79241,43.51115],[11.84038,43.49216]]]},"properties":{"kind":"road","source":"awmc-roads"}},{"type":"Feature","geometry":{"type":"MultiLineString","coordinates":[[[11.84038,43.49216],[11.85752,43.48302],[11.87822,43.4686]]]},"properties":{"kind":"road","source":"awmc-roads"}},{"type":"Feature","geometry":{"type":"MultiLineString","coordinates":[[[11.87822,43.4686],[11.87979,43.4736],[11.8815,43.50729],[11.88764,43.52514],[11.9032,43.5387],[11.92847,43.54698]]]},"properties":{"kind":"road","source":"awmc-roads"}},{"type":"Feature","geometry":{"type":"MultiLineString","coordinates":[[[11.87822,43.4686],[11.86722,43.45768],[11.85595,43.44926],[11.84652,43.43498],[11.84752,43.41285],[11.85552,43.35639],[11.85837,43.3082],[11.8548,43.28193],[11.85652,43.2199],[11.8588,43.20955],[11.89135,43.16522],[11.90506,43.13938],[11.92262,43.11111],[11.93104,43.09334],[11.9349,43.03937],[11.95303,42.95699],[11.9596,42.93329],[11.97701,42.91024],[12.01613,42.87754],[12.03555,42.85063],[12.05168,42.79467],[12.0591,42.77803],[12.06824,42.77018],[12.09608,42.75291]]]},"properties":{"kind":"road","source":"awmc-roads"}},{"type":"Feature","geometry":{"type":"MultiLineString","coordinates":[[[12.07724,42.71072],[12.09537,42.72528],[12.09879,42.73071],[12.09951,42.75069],[12.09608,42.75291]]]},"properties":{"kind":"road","source":"awmc-roads"}},{"type":"Feature","geometry":{"type":"MultiLineString","coordinates":[[[12.07724,42.71072],[12.03198,42.68359]]]},"properties":{"kind":"road","source":"awmc-roads"}},{"type":"Feature","geometry":{"type":"MultiLineString","coordinates":[[[12.03198,42.68359],[11.98294,42.652]]]},"properties":{"kind":"road","source":"awmc-roads"}},{"type":"Feature","geometry":{"type":"MultiLineString","coordinates":[[[11.98294,42.652],[11.99686,42.62906],[12.01313,42.61007],[12.02884,42.58837]]]},"properties":{"kind":"road","source":"awmc-roads"}},{"type":"Feature","geometry":{"type":"MultiLineString","coordinates":[[[12.02884,42.58837],[12.03498,42.57145],[12.03526,42.52776],[12.03803,42.51582]]]},"properties":{"kind":"road","source":"awmc-roads"}},{"type":"Feature","geometry":{"type":"MultiLineString","coordinates":[[[11.72426,42.49782],[11.7037,42.50423],[11.67115,42.52136],[11.64945,42.53088],[11.64088,42.53688],[11.54132,42.62663],[11.49983,42.66946]]]},"properties":{"kind":"road","source":"awmc-roads"}},{"type":"Feature","geometry":{"type":"MultiLineString","coordinates":[[[11.58986,42.35917],[11.59984,42.37311],[11.6134,42.40273],[11.62875,42.41915]]]},"properties":{"kind":"road","source":"awmc-roads"}},{"type":"Feature","geometry":{"type":"MultiLineString","coordinates":[[[12.03728,42.12451],[11.99802,42.18019],[11.98767,42.18447],[11.97089,42.20303],[11.94912,42.21196],[11.92913,42.21731],[11.91842,42.22802],[11.90879,42.23194],[11.89558,42.23444],[11.84561,42.23837],[11.83598,42.24122],[11.81527,42.24372],[11.76638,42.26942]]]},"properties":{"kind":"road","source":"awmc-roads"}},{"type":"Feature","geometry":{"type":"MultiLineString","coordinates":[[[12.18825,42.09792],[12.15221,42.11077]]]},"properties":{"kind":"road","source":"awmc-roads"}},{"type":"Feature","geometry":{"type":"MultiLineString","coordinates":[[[12.15221,42.11077],[12.1133,42.11541],[12.08511,42.11541],[12.07154,42.11791],[12.04299,42.11898],[12.03728,42.12451]]]},"properties":{"kind":"road","source":"awmc-roads"}},{"type":"Feature","geometry":{"type":"MultiLineString","coordinates":[[[12.17168,42.13275],[12.17362,42.11826],[12.1829,42.10363],[12.18364,42.09956],[12.19325,42.09507],[12.20574,42.08293]]]},"properties":{"kind":"road","source":"awmc-roads"}},{"type":"Feature","geometry":{"type":"MultiLineString","coordinates":[[[12.23243,42.23528],[12.22787,42.24212],[12.21467,42.25354],[12.20967,42.25996],[12.19646,42.28637],[12.19075,42.30172]]]},"properties":{"name":"Via_Ciminia","kind":"road","source":"awmc-roads"}},{"type":"Feature","geometry":{"type":"MultiLineString","coordinates":[[[12.19254,42.30136],[12.19896,42.30922],[12.20182,42.31707],[12.20289,42.33491],[12.19753,42.34705]]]},"properties":{"name":"Via_Caminia","kind":"road","source":"awmc-roads"}},{"type":"Feature","geometry":{"type":"MultiLineString","coordinates":[[[12.38781,42.50742],[12.38543,42.52301],[12.38573,42.53402],[12.39569,42.54785],[12.39911,42.55008],[12.41949,42.55365],[12.42826,42.56272],[12.44031,42.56867],[12.44432,42.57343],[12.44135,42.59715],[12.43123,42.63343],[12.40848,42.69627],[12.40982,42.72207],[12.39896,42.73426],[12.39852,42.74006],[12.40149,42.74913],[12.39956,42.7643],[12.40164,42.77323],[12.40729,42.78438],[12.41116,42.79687],[12.4125,42.81814],[12.39807,42.87658],[12.39643,42.89339],[12.4067,42.92187],[12.41012,42.93838],[12.41354,42.94343],[12.41383,42.96574],[12.41815,42.9847],[12.42558,43.00671],[12.43213,43.00969],[12.4348,43.01311],[12.44581,43.01682],[12.47942,43.01682]]]},"properties":{"kind":"road","source":"awmc-roads"}},{"type":"Feature","geometry":{"type":"MultiLineString","coordinates":[[[12.47942,43.01682],[12.47522,43.02081],[12.455,43.07375],[12.45113,43.07807],[12.44385,43.08349],[12.41618,43.08587],[12.4028,43.09138],[12.39759,43.09494],[12.38704,43.10878]]]},"properties":{"kind":"road","source":"awmc-roads"}},{"type":"Feature","geometry":{"type":"MultiLineString","coordinates":[[[12.46507,41.94009],[12.47576,41.94257],[12.4814,41.95049],[12.48211,41.95684],[12.49075,41.97419],[12.49066,41.9951],[12.49339,42.0021],[12.4896,42.00624],[12.48953,42.00995],[12.4862,42.01512],[12.48604,42.0198],[12.48168,42.03073],[12.48117,42.04495],[12.48623,42.08948],[12.50435,42.11971],[12.4887,42.16658],[12.48848,42.20974],[12.49383,42.2287],[12.46078,42.26274],[12.47183,42.28404],[12.45112,42.34434],[12.44265,42.36169],[12.4364,42.37983],[12.44414,42.39589],[12.46525,42.41374],[12.47299,42.42742],[12.47507,42.43486],[12.47596,42.44973],[12.49351,42.47679],[12.51552,42.49821],[12.51463,42.5223],[12.52504,42.54937],[12.53723,42.57257],[12.54675,42.61361],[12.55032,42.62283],[12.55627,42.65942],[12.55567,42.70701],[12.55303,42.71968],[12.53842,42.73853],[12.52593,42.76441],[12.52028,42.79326],[12.52028,42.80813],[12.52325,42.81884],[12.53247,42.84234],[12.59107,42.91134],[12.60207,42.92919],[12.60981,42.93484],[12.63449,42.94257],[12.70197,42.9597],[12.70498,42.96637],[12.73413,42.99284],[12.73294,43.0095],[12.74692,43.02496],[12.75019,43.03478],[12.7496,43.0553],[12.75198,43.06809],[12.76209,43.09397],[12.76953,43.10289],[12.78024,43.11122],[12.79154,43.11508],[12.79094,43.17219],[12.77604,43.20483],[12.74822,43.28222],[12.74454,43.30663],[12.71777,43.33667],[12.69416,43.36926],[12.66061,43.40852],[12.6574,43.41809],[12.64776,43.4238],[12.63741,43.4263],[12.63135,43.43058],[12.62444,43.46165],[12.6261,43.47379],[12.62039,43.48188],[12.61944,43.4883],[12.62967,43.49925],[12.63253,43.51329],[12.64276,43.52138],[12.64609,43.52685],[12.64823,43.53518],[12.64752,43.54779],[12.65013,43.56064],[12.66988,43.58134],[12.67488,43.61013],[12.67168,43.62135],[12.6781,43.63278],[12.68245,43.63702],[12.68744,43.64035],[12.71082,43.64455],[12.732,43.66169],[12.73985,43.67132],[12.74723,43.67525],[12.75294,43.68203],[12.75865,43.6856],[12.76936,43.68846],[12.7941,43.69095],[12.84371,43.70969],[12.87762,43.73224],[12.93556,43.7643],[12.94894,43.7803],[12.96828,43.79882],[12.97988,43.80715],[13.01249,43.84812],[12.90292,43.91765],[12.88852,43.92407],[12.88103,43.92371],[12.86318,43.93156],[12.8539,43.93799],[12.83022,43.94447],[12.80952,43.94804],[12.71089,43.9744],[12.68412,43.98671],[12.6555,44.0075]]]},"properties":{"name":"Via_Flaminia","kind":"road","source":"awmc-roads"}},{"type":"Feature","geometry":{"type":"MultiLineString","coordinates":[[[12.97113,43.60879],[12.9847,43.62664],[12.99076,43.63235],[12.99398,43.63913],[13.01468,43.65733],[13.07428,43.68553],[13.0857,43.6891]]]},"properties":{"kind":"road","source":"awmc-roads"}},{"type":"Feature","geometry":{"type":"MultiLineString","coordinates":[[[12.97113,43.60879],[12.95293,43.5963],[12.93044,43.58845],[12.90439,43.58523]]]},"properties":{"kind":"road","source":"awmc-roads"}},{"type":"Feature","geometry":{"type":"MultiLineString","coordinates":[[[13.01249,43.84812],[13.04204,43.83341],[13.06382,43.81557],[13.09844,43.79201]]]},"properties":{"kind":"road","source":"awmc-roads"}},{"type":"Feature","geometry":{"type":"MultiLineString","coordinates":[[[13.09844,43.79201],[13.19588,43.72884]]]},"properties":{"kind":"road","source":"awmc-roads"}},{"type":"Feature","geometry":{"type":"MultiLineString","coordinates":[[[13.19588,43.72884],[13.28118,43.67655],[13.4259,43.6161],[13.44446,43.61039],[13.48944,43.60504],[13.498,43.60575],[13.50121,43.60754],[13.50514,43.61075],[13.51079,43.62164],[13.51543,43.62164]]]},"properties":{"kind":"road","source":"awmc-roads"}},{"type":"Feature","geometry":{"type":"MultiLineString","coordinates":[[[13.51543,43.62164],[13.52043,43.59844],[13.52721,43.5888],[13.51829,43.54597],[13.52507,43.53651],[13.53935,43.52045],[13.54756,43.51546],[13.56219,43.5101],[13.6168,43.51082],[13.62037,43.50867],[13.62679,43.48904],[13.63465,43.47227],[13.64607,43.45621],[13.65499,43.44015],[13.66677,43.4273]]]},"properties":{"kind":"road","source":"awmc-roads"}},{"type":"Feature","geometry":{"type":"MultiLineString","coordinates":[[[13.66677,43.4273],[13.68247,43.39749],[13.69211,43.36894],[13.70424,43.34396],[13.7121,43.33039],[13.72423,43.31433],[13.74029,43.28257],[13.75921,43.25722],[13.77813,43.21886],[13.78134,43.19994],[13.80026,43.16246],[13.82988,43.11232],[13.8388,43.0909],[13.84309,43.0652],[13.86736,42.9824],[13.89163,42.91904],[13.89841,42.90619],[13.90983,42.89085],[13.92625,42.82625],[13.94445,42.78484],[13.96408,42.75218],[13.97372,42.72827]]]},"properties":{"kind":"road","source":"awmc-roads"}},{"type":"Feature","geometry":{"type":"MultiLineString","coordinates":[[[13.97372,42.72827],[13.98871,42.70329],[14.03832,42.63654],[14.06545,42.60531],[14.089,42.5814],[14.09721,42.57069],[14.12276,42.54572],[14.13558,42.53724]]]},"properties":{"kind":"road","source":"awmc-roads"}},{"type":"Feature","geometry":{"type":"MultiLineString","coordinates":[[[14.13558,42.53724],[14.14481,42.52462],[14.18059,42.49188],[14.24265,42.45114],[14.25274,42.44067],[14.35858,42.38309],[14.38941,42.36463],[14.39912,42.35644],[14.42273,42.32646],[14.42653,42.31904],[14.49164,42.27487],[14.49678,42.26745],[14.49963,42.25565],[14.50477,42.24956],[14.52971,42.23823],[14.56873,42.21691],[14.58701,42.21006],[14.68866,42.16123],[14.70331,42.14981],[14.70883,42.13801],[14.7115,42.11802],[14.71626,42.10203],[14.73263,42.08594],[14.76042,42.07034]]]},"properties":{"kind":"road","source":"awmc-roads"}},{"type":"Feature","geometry":{"type":"MultiLineString","coordinates":[[[14.57834,42.21331],[14.54683,42.21258],[14.52631,42.20782],[14.50668,42.19532],[14.49657,42.18551],[14.48883,42.17123],[14.44957,42.19979],[14.3883,42.23369],[14.38384,42.24619],[14.38771,42.25927],[14.40288,42.27206],[14.41537,42.28009],[14.42489,42.2914],[14.43351,42.30508],[14.43225,42.31466]]]},"properties":{"kind":"road","source":"awmc-roads"}},{"type":"Feature","geometry":{"type":"MultiLineString","coordinates":[[[14.2179,42.46656],[14.21767,42.46116],[14.19889,42.43078],[14.17747,42.38938],[14.17366,42.37891],[14.17414,42.36796],[14.17236,42.35892],[14.16784,42.34917],[14.16213,42.34631],[14.14892,42.34417],[14.13809,42.33935],[14.09661,42.3291],[14.0485,42.30848],[14.02899,42.28944],[14.02025,42.27344],[14.01502,42.27011],[14.00853,42.26803],[13.97843,42.26934],[13.94619,42.26089],[13.93347,42.25385],[13.92871,42.24552],[13.92633,42.23273],[13.91027,42.2253],[13.89663,42.20908],[13.87379,42.19819],[13.8581,42.19517],[13.85004,42.19585]]]},"properties":{"kind":"road","source":"awmc-roads"}},{"type":"Feature","geometry":{"type":"MultiLineString","coordinates":[[[13.8472,42.19426],[13.83768,42.18617],[13.8334,42.17332],[13.83388,42.16904]]]},"properties":{"kind":"road","source":"awmc-roads"}},{"type":"Feature","geometry":{"type":"MultiLineString","coordinates":[[[13.85004,42.19585],[13.83071,42.17503],[13.83725,42.15927],[13.83576,42.14707],[13.84082,42.12982],[13.83725,42.11763],[13.82178,42.10573],[13.79561,42.10365],[13.78312,42.09978],[13.76954,42.09321],[13.76538,42.08952],[13.74771,42.085]]]},"properties":{"kind":"road","source":"awmc-roads"}},{"type":"Feature","geometry":{"type":"MultiLineString","coordinates":[[[13.79405,42.10864],[13.75331,42.14024],[13.73294,42.15242],[13.72571,42.16365]]]},"properties":{"kind":"road","source":"awmc-roads"}},{"type":"Feature","geometry":{"type":"MultiLineString","coordinates":[[[13.75331,42.14024],[13.74894,42.14237],[13.7337,42.13795],[13.7299,42.13243]]]},"properties":{"kind":"road","source":"awmc-roads"}},{"type":"Feature","geometry":{"type":"MultiLineString","coordinates":[[[13.83725,42.11763],[13.84182,42.10826],[13.8679,42.08084]]]},"properties":{"kind":"road","source":"awmc-roads"}},{"type":"Feature","geometry":{"type":"MultiLineString","coordinates":[[[13.85004,42.19585],[13.82203,42.20172],[13.78872,42.20401],[13.7792,42.20743],[13.75544,42.21991]]]},"properties":{"kind":"road","source":"awmc-roads"}},{"type":"Feature","geometry":{"type":"MultiLineString","coordinates":[[[15.89204,41.61536],[15.88062,41.61072],[15.88098,41.59144]]]},"properties":{"kind":"road","source":"awmc-roads"}},{"type":"Feature","geometry":{"type":"MultiLineString","coordinates":[[[15.88098,41.59144],[15.87384,41.58466],[15.85778,41.57752],[15.82494,41.54968],[15.82244,41.54433],[15.82423,41.53755],[15.82923,41.53434],[15.85314,41.52613],[15.86456,41.51649],[15.86991,41.51435],[15.89097,41.51649],[15.89418,41.51542],[15.90382,41.49722],[15.91596,41.48044],[15.92167,41.46509],[15.92881,41.45349],[15.92881,41.44207]]]},"properties":{"kind":"road","source":"awmc-roads"}},{"type":"Feature","geometry":{"type":"MultiLineString","coordinates":[[[13.8679,42.08084],[13.87172,42.07408],[13.89695,42.0579],[13.9186,42.05147],[13.92764,42.02911],[13.93335,42.02435],[13.95286,41.98913]]]},"properties":{"kind":"road","source":"awmc-roads"}},{"type":"Feature","geometry":{"type":"MultiLineString","coordinates":[[[13.95286,41.98913],[13.96357,41.96248],[13.9669,41.9513],[13.96762,41.93893],[13.97095,41.93036],[13.97499,41.92132],[13.98522,41.90752],[13.99094,41.89657],[14.0183,41.87254],[14.02425,41.86968],[14.03067,41.87159],[14.03519,41.86968],[14.0647,41.84874],[14.07017,41.84006],[14.07041,41.83173],[14.0735,41.82602],[14.08778,41.81317],[14.09278,41.8046],[14.09539,41.79818],[14.09439,41.78888]]]},"properties":{"kind":"road","source":"awmc-roads"}},{"type":"Feature","geometry":{"type":"MultiLineString","coordinates":[[[14.11561,41.48228],[14.15206,41.46292],[14.16443,41.45454],[14.16824,41.45016],[14.173,41.43703],[14.16995,41.41818],[14.16462,41.40524],[14.16501,41.39306],[14.17034,41.38601],[14.1928,41.3725],[14.20498,41.36669],[14.24876,41.35089],[14.29026,41.34689],[14.32186,41.3309],[14.34908,41.31986],[14.3961,41.30521],[14.42732,41.2995],[14.4475,41.29302],[14.46596,41.28455]]]},"properties":{"kind":"road","source":"awmc-roads"}},{"type":"Feature","geometry":{"type":"MultiLineString","coordinates":[[[14.46767,41.27846],[14.46843,41.26628],[14.47243,41.256],[14.48633,41.23297],[14.48914,41.2255]]]},"properties":{"kind":"road","source":"awmc-roads"}},{"type":"Feature","geometry":{"type":"MultiLineString","coordinates":[[[14.46767,41.27846],[14.46596,41.28455]]]},"properties":{"kind":"road","source":"awmc-roads"}},{"type":"Feature","geometry":{"type":"MultiLineString","coordinates":[[[14.34365,41.05285],[14.38096,41.04159],[14.43093,41.03636],[14.45853,41.03541],[14.47805,41.03921],[14.55419,41.04302],[14.57322,41.0473],[14.62795,41.06777],[14.67031,41.06063],[14.68839,41.06158],[14.69458,41.06491],[14.69791,41.07015],[14.69981,41.08775],[14.70409,41.09109],[14.7179,41.09537],[14.72932,41.11155],[14.73883,41.12107],[14.74788,41.13963],[14.75719,41.13877]]]},"properties":{"name":"Via_Appia","kind":"road","source":"awmc-roads"}},{"type":"Feature","geometry":{"type":"MultiLineString","coordinates":[[[14.77453,41.14248],[14.80689,41.14772],[14.84734,41.15914],[14.87875,41.18722],[14.89826,41.19911],[14.92776,41.20958],[14.94918,41.21196],[14.96964,41.22053],[15.03246,41.23956],[15.06768,41.25812],[15.10384,41.26717],[15.13335,41.29334],[15.16333,41.31142],[15.21711,41.32856],[15.2271,41.33331],[15.24614,41.3483]]]},"properties":{"name":"Via_Traiana","kind":"road","source":"awmc-roads"}},{"type":"Feature","geometry":{"type":"MultiLineString","coordinates":[[[15.40559,38.22967],[15.37525,38.2211],[15.34777,38.21075],[15.34206,38.20682],[15.32528,38.20325],[15.30601,38.20147],[15.28299,38.20076],[15.25765,38.20611],[15.25515,38.20932],[15.2448,38.21432],[15.24159,38.21932],[15.24016,38.21325],[15.23338,38.20575],[15.22374,38.18933],[15.21339,38.17756],[15.19554,38.16292],[15.18733,38.15257],[15.17698,38.14472],[15.15878,38.13972],[15.14504,38.13829],[15.13683,38.13437],[15.12362,38.12438],[15.10328,38.11866],[15.09079,38.11902],[15.07294,38.12402],[15.0683,38.12366],[15.06473,38.12723],[15.05617,38.1233],[15.04796,38.12438],[15.04474,38.13401],[15.04867,38.13901],[15.04903,38.14293]]]},"properties":{"kind":"road","source":"awmc-roads"}},{"type":"Feature","geometry":{"type":"MultiLineString","coordinates":[[[15.04903,38.14293],[15.04867,38.13901],[15.04474,38.13401],[15.04617,38.12937],[15.04256,38.12535],[15.03879,38.12595],[15.03774,38.12867],[15.03412,38.13018],[15.02628,38.12942],[15.01934,38.13078],[15.01497,38.1341],[15.00442,38.13636],[14.99703,38.14586],[14.99356,38.14797],[14.9812,38.15008],[14.9714,38.14978],[14.96205,38.15626],[14.95632,38.16561],[14.9423,38.1739],[14.92723,38.17857],[14.92316,38.18958],[14.91924,38.19063],[14.9114,38.18928],[14.89828,38.1742],[14.87536,38.16922],[14.84597,38.16636],[14.83195,38.15867],[14.80089,38.15174],[14.76591,38.15385],[14.74164,38.15837],[14.74013,38.15113],[14.73108,38.135],[14.7142,38.11646],[14.6952,38.10108],[14.67093,38.08924],[14.65344,38.07779],[14.63927,38.07462],[14.63565,38.0704],[14.61651,38.06241],[14.61228,38.06135],[14.6058,38.06241],[14.58741,38.05924],[14.57776,38.0603],[14.56841,38.05804],[14.54444,38.04756],[14.48414,38.03429],[14.46589,38.03414],[14.45926,38.03263],[14.45353,38.03369],[14.44268,38.03987],[14.43438,38.0367],[14.43318,38.02796],[14.42187,38.03278],[14.40333,38.02585],[14.38644,38.01605],[14.3786,38.01439],[14.36353,38.01439],[14.35237,38.01213],[14.33684,38.01288],[14.31634,38.0067],[14.30277,38.00519],[14.28588,38.007],[14.27774,38.00942],[14.26553,38.00972],[14.26855,38.00595],[14.26839,38.00354],[14.26432,37.9972],[14.25965,37.99524]]]},"properties":{"kind":"road","source":"awmc-roads"}},{"type":"Feature","geometry":{"type":"MultiLineString","coordinates":[[[14.26553,38.00972],[14.21367,38.01016],[14.18972,38.01998],[14.16801,38.01968],[14.15954,38.02436],[14.14719,38.0263],[14.14243,38.02526],[14.12756,38.01544],[14.11328,38.01485],[14.08771,38.02154],[14.07997,38.02065],[14.05915,38.02332],[14.02926,38.04072],[14.01736,38.03864],[13.99833,38.03225],[13.97721,38.0324],[13.94717,38.02689],[13.92218,38.01083],[13.89155,37.99953],[13.86701,37.98778],[13.8505,37.98466],[13.83385,37.97856],[13.81005,37.97588],[13.79592,37.9712],[13.78061,37.96837],[13.76633,37.96689],[13.75488,37.96822],[13.74789,37.96912],[13.7174,37.97863],[13.70803,37.9825],[13.70164,37.99009],[13.69956,37.99068],[13.6942,37.99038],[13.67249,37.99455],[13.66029,37.99291],[13.65405,37.99484],[13.63427,38.00778],[13.62505,38.01135],[13.62044,38.0115],[13.61047,38.01894],[13.57359,38.03418],[13.55857,38.0431],[13.54905,38.04994],[13.5376,38.06303],[13.53597,38.06705],[13.53493,38.08631],[13.52749,38.09434],[13.52823,38.10133],[13.52541,38.1046]]]},"properties":{"kind":"road","source":"awmc-roads"}},{"type":"Feature","geometry":{"type":"MultiLineString","coordinates":[[[13.5269,38.09597],[13.45123,38.09448],[13.43249,38.09508],[13.41717,38.09761],[13.39814,38.10162],[13.36973,38.11858],[13.35129,38.13181]]]},"properties":{"kind":"road","source":"awmc-roads"}},{"type":"Feature","geometry":{"type":"MultiLineString","coordinates":[[[13.35129,38.13181],[13.33001,38.12775],[13.2857,38.12864],[13.2741,38.13102],[13.27588,38.13429],[13.27588,38.13875],[13.27053,38.14083],[13.26607,38.13608],[13.25803,38.13578],[13.24733,38.13013],[13.23394,38.13191],[13.23008,38.13637],[13.22264,38.13816],[13.19557,38.13964],[13.1807,38.13786],[13.1807,38.13042],[13.17118,38.1215],[13.17386,38.11228],[13.16821,38.10336],[13.17059,38.09592],[13.1584,38.08046],[13.1581,38.07361],[13.16196,38.07231],[13.16286,38.07052],[13.1575,38.05981],[13.15185,38.03721],[13.13876,38.00955],[13.12776,38.00241],[13.10575,37.9804],[13.10426,37.97088],[13.10545,37.95898],[13.10367,37.95363],[13.09177,37.94322]]]},"properties":{"kind":"road","source":"awmc-roads"}},{"type":"Feature","geometry":{"type":"MultiLineString","coordinates":[[[13.09177,37.94322],[13.09266,37.93683],[13.09058,37.93028],[13.08047,37.92285],[13.05727,37.92017],[13.04507,37.91571],[13.03526,37.90797],[13.03139,37.89786],[13.02961,37.88507],[13.02752,37.88031],[13.01265,37.8702],[13.0067,37.86812],[12.96239,37.86871],[12.94543,37.85934],[12.93948,37.84983],[12.93562,37.84685],[12.92104,37.84269],[12.88833,37.84209],[12.83181,37.83823],[12.81248,37.84061],[12.79136,37.83406],[12.80029,37.82811]]]},"properties":{"kind":"road","source":"awmc-roads"}},{"type":"Feature","geometry":{"type":"MultiLineString","coordinates":[[[12.79136,37.83406],[12.77792,37.83049],[12.7687,37.83258],[12.75264,37.82722],[12.73211,37.82454],[12.73033,37.82187],[12.70445,37.8064],[12.6875,37.80313],[12.67174,37.80372],[12.66311,37.8061],[12.59857,37.80908],[12.56288,37.80432],[12.54503,37.807],[12.43766,37.80432]]]},"properties":{"kind":"road","source":"awmc-roads"}},{"type":"Feature","geometry":{"type":"MultiLineString","coordinates":[[[12.43766,37.80432],[12.44182,37.81086],[12.44807,37.81651],[12.45729,37.81919],[12.46918,37.82901],[12.47959,37.85042],[12.49,37.88344],[12.50279,37.90574],[12.50577,37.91615],[12.50755,37.93406],[12.5138,37.95101],[12.52748,38.00217],[12.5248,38.0105],[12.52123,38.01437],[12.49744,38.02091]]]},"properties":{"kind":"road","source":"awmc-roads"}},{"type":"Feature","geometry":{"type":"MultiLineString","coordinates":[[[12.5096,38.01768],[12.55098,38.01734],[12.57864,38.01466],[12.60927,38.00485],[12.63188,37.99444],[12.65984,37.97838],[12.70326,37.94387],[12.71605,37.93733],[12.73866,37.93019],[12.77881,37.94031],[12.82372,37.95607],[12.86745,37.96826],[12.8841,37.97778],[12.89422,37.97927],[12.90552,37.99384],[12.90849,38.00128],[12.9073,38.00931],[12.89719,38.02775]]]},"properties":{"kind":"road","source":"awmc-roads"}},{"type":"Feature","geometry":{"type":"MultiLineString","coordinates":[[[12.89422,37.97927],[12.91355,37.97897],[12.93675,37.97629],[12.94567,37.98433],[12.95608,37.98879],[12.97869,37.99444],[13.01676,38.00039],[13.04144,38.0102],[13.06167,38.01228],[13.07059,38.01526],[13.09052,38.02418],[13.09706,38.03459],[13.11223,38.04441],[13.12324,38.05036],[13.13514,38.05392],[13.14733,38.05987],[13.1581,38.07361]]]},"properties":{"kind":"road","source":"awmc-roads"}},{"type":"Feature","geometry":{"type":"MultiLineString","coordinates":[[[13.35129,38.13181],[13.34831,38.12291],[13.33284,38.09697],[13.31309,38.05366],[13.31357,38.04581],[13.32047,38.04105],[13.32499,38.03415],[13.32333,38.02916],[13.31238,38.02202],[13.30857,38.01417],[13.30072,38.0125],[13.2981,38.00917],[13.29787,37.99941],[13.30286,37.99561],[13.30619,37.99537],[13.31571,37.98645],[13.32261,37.98264],[13.31976,37.97122],[13.3238,37.96432],[13.31809,37.95242],[13.31547,37.94219],[13.31333,37.89912],[13.32285,37.87021],[13.33237,37.85855],[13.34736,37.83333],[13.35688,37.82405]]]},"properties":{"kind":"road","source":"awmc-roads"}},{"type":"Feature","geometry":{"type":"MultiLineString","coordinates":[[[13.35688,37.82405],[13.36544,37.81536],[13.37068,37.80703],[13.37924,37.78015],[13.37901,37.77277],[13.38638,37.76254],[13.394,37.75635],[13.41541,37.74945],[13.42207,37.73375],[13.42945,37.72351],[13.43849,37.7178],[13.45206,37.71995],[13.463,37.71923]]]},"properties":{"kind":"road","source":"awmc-roads"}},{"type":"Feature","geometry":{"type":"MultiLineString","coordinates":[[[13.463,37.71923],[13.4738,37.71305],[13.48023,37.70614],[13.48166,37.69948],[13.47476,37.6883],[13.48332,37.67664],[13.48832,37.67307],[13.49974,37.65201],[13.4995,37.64654],[13.48927,37.63179],[13.48665,37.61941],[13.47285,37.58194],[13.48166,37.5629],[13.48689,37.55719],[13.51187,37.5491],[13.51973,37.54529],[13.52496,37.54053],[13.52544,37.53292],[13.53448,37.52028],[13.54257,37.50458],[13.54733,37.48745],[13.55304,37.48317],[13.55637,37.47555],[13.5597,37.44747],[13.56541,37.442],[13.58088,37.43224],[13.59492,37.42796],[13.60444,37.42356],[13.61253,37.41714],[13.63561,37.40786],[13.63846,37.40381],[13.64227,37.39025],[13.64489,37.37431],[13.64417,37.36955],[13.63323,37.36003],[13.62062,37.35289],[13.61467,37.34599],[13.60229,37.34385],[13.60158,37.33671],[13.60325,37.33195],[13.59492,37.32481],[13.58968,37.31577],[13.58611,37.29838],[13.58849,37.28767],[13.58778,37.28505],[13.57755,37.27982],[13.57422,37.27982],[13.57184,37.2822],[13.56827,37.29124],[13.56327,37.29552],[13.54471,37.29885],[13.52734,37.29671],[13.50973,37.29885],[13.48308,37.30956],[13.44311,37.33074],[13.43526,37.33716],[13.41218,37.34097],[13.39576,37.34977],[13.3879,37.35667],[13.36887,37.38427],[13.34317,37.40022],[13.33984,37.40438],[13.3396,37.41438],[13.3377,37.42032],[13.31914,37.4296],[13.31533,37.4346],[13.28678,37.45268],[13.24062,37.49361],[13.23491,37.49694],[13.22729,37.50051],[13.21635,37.5017],[13.20183,37.49813],[13.15781,37.50729],[13.15329,37.51039],[13.14425,37.5111],[13.07072,37.51277],[13.04717,37.50991],[13.03955,37.5111],[12.99268,37.5663],[12.96151,37.5832],[12.91201,37.59224],[12.86085,37.61187],[12.85372,37.61687],[12.84182,37.62091],[12.81993,37.6252],[12.81493,37.62543],[12.82707,37.5964],[12.84777,37.60069],[12.90583,37.59498]]]},"properties":{"kind":"road","source":"awmc-roads"}},{"type":"Feature","geometry":{"type":"MultiLineString","coordinates":[[[12.81493,37.62543],[12.79515,37.62838],[12.76243,37.62778],[12.74161,37.63611],[12.71752,37.64295],[12.65595,37.64236],[12.6036,37.65514]]]},"properties":{"kind":"road","source":"awmc-roads"}},{"type":"Feature","geometry":{"type":"MultiLineString","coordinates":[[[12.6036,37.65514],[12.59349,37.65604],[12.5917,37.66556],[12.57951,37.6724],[12.57118,37.68727],[12.5105,37.7295],[12.47124,37.76564],[12.43766,37.80432]]]},"properties":{"kind":"road","source":"awmc-roads"}},{"type":"Feature","geometry":{"type":"MultiLineString","coordinates":[[[13.83861,37.98049],[13.86238,37.94303],[13.87228,37.92228],[13.88313,37.87898],[13.88199,37.84586],[13.88313,37.8331],[13.89017,37.82435],[13.90026,37.81549],[13.93148,37.79265],[13.94804,37.77398],[13.96746,37.76522],[13.97108,37.7616],[13.98154,37.75913],[13.98668,37.75608],[13.98897,37.75056],[13.98992,37.73039],[13.99887,37.70726],[14.00819,37.6966],[14.01029,37.69089],[14.01809,37.67947],[14.03066,37.68061],[14.03351,37.68365],[14.04589,37.68365],[14.05464,37.67661],[14.06625,37.66329],[14.1167,37.6433],[14.13021,37.6294],[14.1403,37.61246],[14.14563,37.60694],[14.15325,37.60361],[14.15401,37.5998],[14.16067,37.59371],[14.1837,37.58667],[14.19608,37.58115],[14.20693,37.57277],[14.22368,37.56782],[14.25699,37.56497],[14.29049,37.57201],[14.29373,37.57563],[14.2962,37.58533],[14.30725,37.59085],[14.316,37.59162],[14.3339,37.60513],[14.35769,37.60608]]]},"properties":{"kind":"road","source":"awmc-roads"}},{"type":"Feature","geometry":{"type":"MultiLineString","coordinates":[[[14.35769,37.60608],[14.38792,37.6069],[14.3942,37.6088],[14.39915,37.61899],[14.39763,37.62679],[14.40429,37.62984],[14.40581,37.63917],[14.40772,37.64183],[14.414,37.64469],[14.43189,37.64773],[14.45626,37.6544],[14.46673,37.66011],[14.50347,37.66125],[14.52345,37.65478],[14.54858,37.65459],[14.56229,37.65097],[14.58894,37.65154],[14.60397,37.64507],[14.61654,37.64545],[14.62168,37.64278],[14.63672,37.64374],[14.64852,37.65078],[14.65537,37.65078],[14.66127,37.64868],[14.66698,37.64983],[14.67193,37.64792],[14.68545,37.63822],[14.70505,37.64031],[14.71076,37.63917],[14.71762,37.63327],[14.73856,37.63498],[14.74693,37.62984]]]},"properties":{"kind":"road","source":"awmc-roads"}},{"type":"Feature","geometry":{"type":"MultiLineString","coordinates":[[[14.74693,37.62984],[14.74861,37.62775],[14.74842,37.62394],[14.7507,37.62356],[14.7646,37.62299],[14.76688,37.62432],[14.76802,37.62813]]]},"properties":{"kind":"road","source":"awmc-roads"}},{"type":"Feature","geometry":{"type":"MultiLineString","coordinates":[[[14.76802,37.62813],[14.76669,37.63193],[14.76802,37.63555],[14.77488,37.63612],[14.81561,37.62889],[14.81866,37.62584],[14.81961,37.62184],[14.82266,37.59862],[14.8316,37.58396],[14.83807,37.57749],[14.84873,37.57521],[14.8809,37.57292],[14.9283,37.56055],[14.9382,37.55617],[14.94334,37.55037],[14.95781,37.54142],[14.9778,37.53476],[15.01815,37.51458],[15.0408,37.51382],[15.06289,37.50982],[15.10115,37.50696]]]},"properties":{"kind":"road","source":"awmc-roads"}},{"type":"Feature","geometry":{"type":"MultiLineString","coordinates":[[[14.76802,37.63555],[14.77288,37.64173],[14.78062,37.64649],[14.80798,37.65512],[14.82315,37.66582],[14.8288,37.66463],[14.83207,37.66196],[14.83951,37.66136],[14.85289,37.65006],[14.85706,37.64828],[14.86657,37.64738]]]},"properties":{"kind":"road","source":"awmc-roads"}},{"type":"Feature","geometry":{"type":"MultiLineString","coordinates":[[[14.86657,37.64738],[14.87193,37.64798],[14.87996,37.6453],[14.89543,37.62567],[14.90078,37.61377],[14.90673,37.6105],[14.90881,37.60693],[14.91238,37.58463],[14.9066,37.56588]]]},"properties":{"kind":"road","source":"awmc-roads"}},{"type":"Feature","geometry":{"type":"MultiLineString","coordinates":[[[13.58921,37.31027],[13.60856,37.31105],[13.6389,37.30926],[13.67566,37.29748]]]},"properties":{"kind":"road","source":"awmc-roads"}},{"type":"Feature","geometry":{"type":"MultiLineString","coordinates":[[[13.65137,37.30526],[13.67673,37.3189],[13.68387,37.32461],[13.706,37.3321],[13.70992,37.33782],[13.73134,37.34531],[13.74026,37.34424],[13.77595,37.35209],[13.82557,37.3553],[13.83877,37.35352],[13.85483,37.35388],[13.89731,37.35887]]]},"properties":{"kind":"road","source":"awmc-roads"}},{"type":"Feature","geometry":{"type":"MultiLineString","coordinates":[[[13.67566,37.29748],[13.70493,37.2882],[13.73241,37.28499],[13.7499,37.2907],[13.76204,37.29035],[13.7681,37.29534],[13.79095,37.29784],[13.81557,37.29177],[13.86019,37.28713],[13.90338,37.27678],[13.92729,37.26929],[13.9562,37.26715],[13.9719,37.26822],[13.98368,37.27357],[13.98761,37.27857],[14.00403,37.28392],[14.01473,37.28499],[14.02473,37.28321],[14.04686,37.28713],[14.10753,37.27678],[14.12002,37.2725],[14.12538,37.26893],[14.13502,37.26857],[14.15964,37.27179],[14.17178,37.28178],[14.18356,37.28678],[14.19962,37.2907],[14.20711,37.29713],[14.20818,37.29998],[14.20711,37.30819],[14.20925,37.31319],[14.2453,37.31926]]]},"properties":{"kind":"road","source":"awmc-roads"}},{"type":"Feature","geometry":{"type":"MultiLineString","coordinates":[[[13.89731,37.35887],[13.92979,37.36209],[13.9487,37.36851],[13.96619,37.37993],[13.9744,37.38243],[14.00688,37.38564],[14.06542,37.37351],[14.07934,37.37422],[14.08969,37.36958],[14.09683,37.35959],[14.10218,37.35673],[14.14537,37.36137],[14.17428,37.33996],[14.19926,37.3346]]]},"properties":{"kind":"road","source":"awmc-roads"}},{"type":"Feature","geometry":{"type":"MultiLineString","coordinates":[[[14.19926,37.3346],[14.22353,37.3346],[14.24637,37.3371],[14.25565,37.33639],[14.26636,37.33389],[14.27279,37.33032],[14.29277,37.32818],[14.32311,37.31711],[14.34381,37.31854]]]},"properties":{"kind":"road","source":"awmc-roads"}},{"type":"Feature","geometry":{"type":"MultiLineString","coordinates":[[[14.2453,37.31926],[14.28492,37.32068],[14.30205,37.31783],[14.31205,37.32033]]]},"properties":{"kind":"road","source":"awmc-roads"}},{"type":"Feature","geometry":{"type":"MultiLineString","coordinates":[[[14.34381,37.31854],[14.35652,37.3164],[14.37686,37.30891]]]},"properties":{"kind":"road","source":"awmc-roads"}},{"type":"Feature","geometry":{"type":"MultiLineString","coordinates":[[[14.37686,37.30891],[14.38971,37.30141],[14.39614,37.29463],[14.40328,37.29142],[14.43004,37.29249],[14.44753,37.28642],[14.46003,37.28713],[14.4636,37.28963],[14.48073,37.29463],[14.49251,37.29748],[14.5,37.29713],[14.50678,37.29963],[14.54355,37.3214],[14.55675,37.32461],[14.57281,37.33496],[14.5746,37.33924],[14.5928,37.35316],[14.59887,37.36209],[14.611,37.36637],[14.61743,37.36637],[14.62671,37.3628],[14.66061,37.35887],[14.66775,37.35388],[14.69845,37.34353],[14.71165,37.3603],[14.7295,37.37458],[14.75199,37.38243],[14.76234,37.3835],[14.78696,37.38172],[14.86013,37.38814],[14.88726,37.39492],[14.8919,37.40563],[14.90867,37.41527],[14.91617,37.42133],[14.96078,37.44007],[14.97221,37.44721],[14.98612,37.45292],[14.99326,37.45935],[15.0336,37.46863],[15.06036,37.47648],[15.07143,37.48219]]]},"properties":{"kind":"road","source":"awmc-roads"}},{"type":"Feature","geometry":{"type":"MultiLineString","coordinates":[[[15.07143,37.48219],[15.09356,37.49861],[15.1139,37.52288],[15.1189,37.53394],[15.13853,37.54501],[15.15495,37.5616],[15.17886,37.58231],[15.18065,37.58552],[15.17743,37.59444],[15.17494,37.60979],[15.17779,37.63477],[15.18029,37.64477],[15.18671,37.65654],[15.19706,37.66832],[15.19528,37.67618],[15.19742,37.68474],[15.21027,37.70651],[15.21277,37.71686],[15.21134,37.724]]]},"properties":{"name":"Via_Pompeia_?","kind":"road","source":"awmc-roads"}},{"type":"Feature","geometry":{"type":"MultiLineString","coordinates":[[[15.21134,37.724],[15.20777,37.73708],[15.20905,37.74679],[15.21691,37.76064],[15.22504,37.76999],[15.23432,37.79512],[15.24446,37.81225],[15.25959,37.81967],[15.26559,37.82553],[15.26545,37.8301],[15.29214,37.85258],[15.30342,37.85429],[15.29957,37.86229],[15.30557,37.87814],[15.33098,37.8982],[15.34011,37.90933],[15.34925,37.92461],[15.3701,37.94474],[15.38723,37.96423],[15.3908,37.97293],[15.41721,37.9972],[15.46204,38.0471],[15.47803,38.06024],[15.48345,38.06937],[15.49787,38.08515],[15.52072,38.1257],[15.52514,38.13069],[15.52971,38.1419],[15.53599,38.14747],[15.53913,38.15161],[15.53985,38.15603],[15.55355,38.17074],[15.56126,38.18273],[15.56155,38.19908],[15.56983,38.21692],[15.57183,38.22863],[15.58425,38.24576],[15.5991,38.25297],[15.63179,38.25997],[15.64878,38.26768],[15.64635,38.26939],[15.62536,38.26839],[15.60852,38.27053],[15.58111,38.28153],[15.56169,38.29509],[15.55627,38.29666],[15.53271,38.2948],[15.51443,38.28924],[15.50515,38.28381],[15.49159,38.27282],[15.48046,38.26639],[15.45718,38.24726],[15.42535,38.23441],[15.40559,38.22967]]]},"properties":{"kind":"road","source":"awmc-roads"}},{"type":"Feature","geometry":{"type":"MultiLineString","coordinates":[[[15.06653,37.39739],[15.05076,37.38222],[15.04154,37.36943],[15.01983,37.34653],[15.01834,37.32957],[15.01983,37.32452],[15.01715,37.31827],[15.00734,37.30489],[15.00645,37.30132],[15.01121,37.27455],[15.01269,37.27276],[15.0237,37.27306],[15.03679,37.26949],[15.04482,37.26265],[15.05404,37.25849],[15.06891,37.25655],[15.07991,37.25298],[15.09151,37.25328],[15.10995,37.24198],[15.11947,37.2399],[15.13345,37.2399],[15.14511,37.23692],[15.14779,37.23246],[15.15552,37.22681]]]},"properties":{"kind":"road","source":"awmc-roads"}},{"type":"Feature","geometry":{"type":"MultiLineString","coordinates":[[[15.07836,37.48746],[15.07402,37.47761],[15.06897,37.45619],[15.07045,37.41842],[15.06653,37.39739],[15.07045,37.39284],[15.07967,37.3744],[15.09574,37.31432],[15.10198,37.30807],[15.11061,37.30539],[15.12369,37.3042],[15.12637,37.30182],[15.13083,37.29245],[15.13173,37.28472],[15.13767,37.26836],[15.15225,37.25438],[15.15552,37.22681],[15.1582,37.22077],[15.16742,37.20798],[15.18169,37.19832],[15.18318,37.18731],[15.18824,37.18285],[15.20311,37.15102],[15.20936,37.14121],[15.24832,37.10998],[15.27152,37.10433],[15.28877,37.07696]]]},"properties":{"kind":"road","source":"awmc-roads"}},{"type":"Feature","geometry":{"type":"MultiLineString","coordinates":[[[14.36889,36.98884],[14.39625,36.98813],[14.40672,36.99146],[14.42433,37.00431],[14.43694,37.00978],[14.46359,37.01906],[14.4812,37.02215],[14.50118,37.03048],[14.57257,37.03476],[14.58209,37.03643],[14.60255,37.04357],[14.64038,37.04285],[14.65299,37.04119],[14.66227,37.03762],[14.67203,37.04047],[14.70724,37.04262],[14.72699,37.04737],[14.80504,37.05261],[14.80718,37.0488],[14.80242,37.03786],[14.79957,37.02572],[14.79624,37.01121],[14.79481,36.9955],[14.78648,36.98765],[14.77316,36.97076],[14.77292,36.9629],[14.75912,36.93518],[14.74698,36.92186],[14.73604,36.91972],[14.73152,36.92257],[14.71962,36.92281],[14.68202,36.919],[14.66203,36.919],[14.64752,36.91567],[14.62349,36.91496],[14.6173,36.91639],[14.60421,36.91496],[14.5759,36.90544],[14.54425,36.88878],[14.52545,36.87689],[14.49666,36.8638],[14.46906,36.85392]]]},"properties":{"kind":"road","source":"awmc-roads"}},{"type":"Feature","geometry":{"type":"MultiLineString","coordinates":[[[14.80504,37.05261],[14.81803,37.05489],[14.82684,37.05347],[14.83136,37.05156],[14.83969,37.043],[14.84278,37.04252],[14.85039,37.04585],[14.86253,37.03871],[14.87633,37.04538],[14.87704,37.0518],[14.87895,37.05442],[14.88799,37.05918],[14.90441,37.05941],[14.91155,37.06251],[14.91964,37.06275]]]},"properties":{"kind":"road","source":"awmc-roads"}},{"type":"Feature","geometry":{"type":"MultiLineString","coordinates":[[[9.5137,46.84897],[9.56438,46.90108],[9.57009,46.91108],[9.56723,46.9332],[9.55724,46.95605],[9.55081,46.99602],[9.5344,47.01672],[9.50798,47.03885],[9.49442,47.05813],[9.49728,47.07526],[9.52083,47.08739],[9.53083,47.09953],[9.5294,47.11523],[9.50941,47.15735],[9.51584,47.17091],[9.56795,47.21374],[9.60507,47.24872],[9.63148,47.26871],[9.6586,47.33367],[9.68002,47.35009],[9.705,47.36294],[9.72927,47.39434],[9.73998,47.42004],[9.74212,47.44574],[9.72428,47.49357],[9.71357,47.48946],[9.69929,47.46948],[9.67645,47.45591],[9.65432,47.44806],[9.63433,47.44592],[9.60078,47.44806],[9.58294,47.45663],[9.56723,47.46805],[9.53582,47.47162],[9.47587,47.47031],[9.45159,47.48018],[9.41875,47.50802],[9.34009,47.52658],[9.29655,47.53872],[9.18019,47.53872],[9.16562,47.5426],[9.14093,47.55871],[9.11309,47.55728],[9.08525,47.553],[9.07097,47.55514],[9.0674,47.58083],[9.01815,47.59226],[8.96033,47.60011],[8.8968,47.56656],[8.8454,47.54229],[8.82256,47.52087],[8.77473,47.49946],[8.75117,47.49303],[8.73618,47.48233],[8.71191,47.47305],[8.67569,47.45288],[8.635,47.44646],[8.5472,47.45145],[8.44726,47.46359],[8.37588,47.46716],[8.27095,47.485],[8.21477,47.50458]]]},"properties":{"kind":"road","source":"awmc-roads"}},{"type":"Feature","geometry":{"type":"MultiLineString","coordinates":[[[15.02014,40.44563],[15.02157,40.45994],[15.01919,40.47827],[15.00872,40.50468],[14.9854,40.53799],[14.9559,40.57416],[14.93329,40.59879],[14.90854,40.62306],[14.87209,40.65234]]]},"properties":{"kind":"road","source":"awmc-roads"}},{"type":"Feature","geometry":{"type":"MultiLineString","coordinates":[[[15.51528,40.07555],[15.51052,40.08344],[15.49059,40.10203],[15.47378,40.13519],[15.43095,40.19847],[15.41266,40.24048],[15.41103,40.25431],[15.40523,40.27045],[15.37563,40.30421],[15.36797,40.34131],[15.36024,40.36689],[15.34147,40.39946]]]},"properties":{"kind":"road","source":"awmc-roads"}},{"type":"Feature","geometry":{"type":"MultiLineString","coordinates":[[[15.54881,40.08583],[15.56425,40.08826],[15.58043,40.08755],[15.59947,40.08374],[15.61327,40.07803],[15.62184,40.07779],[15.63088,40.07969]]]},"properties":{"kind":"road","source":"awmc-roads"}},{"type":"Feature","geometry":{"type":"MultiLineString","coordinates":[[[15.63088,40.07969],[15.63968,40.07767],[15.63683,40.05959],[15.64992,40.04983],[15.67657,40.04222],[15.68109,40.03793],[15.69084,40.01057]]]},"properties":{"kind":"road","source":"awmc-roads"}},{"type":"Feature","geometry":{"type":"MultiLineString","coordinates":[[[15.63968,40.07767],[15.65658,40.07815],[15.66395,40.07601],[15.67918,40.07624],[15.72082,40.081],[15.74747,40.07839],[15.76151,40.07577],[15.77579,40.07053],[15.78435,40.06982],[15.81179,40.07934]]]},"properties":{"kind":"road","source":"awmc-roads"}},{"type":"Feature","geometry":{"type":"MultiLineString","coordinates":[[[11.8057,43.35674],[11.79083,43.37935],[11.78131,43.39005],[11.74621,43.42039],[11.7135,43.43407],[11.70219,43.43467],[11.68078,43.42991],[11.66888,43.42931],[11.66174,43.43407],[11.65639,43.44359],[11.61594,43.44894],[11.61415,43.45668],[11.61653,43.46263],[11.6094,43.46976],[11.59631,43.48999],[11.56657,43.52806],[11.56002,43.53223],[11.52611,43.56494],[11.50648,43.58695]]]},"properties":{"kind":"road","source":"awmc-roads"}},{"type":"Feature","geometry":{"type":"MultiLineString","coordinates":[[[11.365,43.7914],[11.32824,43.79082],[11.31325,43.79439],[11.28969,43.80367],[11.28166,43.8112],[11.26328,43.78653],[11.25021,43.77213]]]},"properties":{"kind":"road","source":"awmc-roads"}},{"type":"Feature","geometry":{"type":"MultiLineString","coordinates":[[[12.69036,42.18647],[12.68263,42.1829],[12.67222,42.16416],[12.66597,42.16148],[12.64664,42.15851],[12.64396,42.15672],[12.64247,42.15196],[12.64456,42.14839],[12.64247,42.12817],[12.64358,42.12337],[12.64143,42.11937]]]},"properties":{"kind":"road","source":"awmc-roads"}},{"type":"Feature","geometry":{"type":"MultiLineString","coordinates":[[[12.86027,42.40588],[12.86971,42.40671],[12.87536,42.40225],[12.88548,42.39868],[12.91581,42.39958],[12.92057,42.39601],[12.93069,42.3972],[12.93693,42.3963],[12.94705,42.38798],[12.97738,42.37757],[12.99999,42.37519],[13.01783,42.38322],[13.04639,42.40642],[13.06453,42.41445],[13.07405,42.41742],[13.08119,42.41772],[13.08565,42.41623],[13.08803,42.41296],[13.09517,42.41118],[13.11034,42.40999],[13.11837,42.41118],[13.1264,42.40493],[13.13829,42.39898],[13.14603,42.38619],[13.17701,42.36329]]]},"properties":{"kind":"road","source":"awmc-roads"}},{"type":"Feature","geometry":{"type":"MultiLineString","coordinates":[[[13.08565,42.41623],[13.07702,42.43125],[13.07078,42.44821],[13.07762,42.46219],[13.0797,42.47527],[13.07613,42.4839],[13.07554,42.50085],[13.09308,42.52673],[13.09725,42.53654],[13.14008,42.5596],[13.14573,42.57328],[13.15436,42.58309],[13.16744,42.59439],[13.17904,42.60124],[13.19629,42.60778],[13.23764,42.63663],[13.24953,42.65358],[13.26441,42.67991],[13.26084,42.68972],[13.25846,42.7043],[13.26292,42.71828],[13.27035,42.72512],[13.27214,42.72898],[13.26976,42.74058],[13.29207,42.76289],[13.30396,42.77062],[13.31318,42.77033],[13.33638,42.76081],[13.34769,42.75843],[13.37029,42.75843],[13.40063,42.76557],[13.41074,42.77062],[13.42799,42.79025],[13.48123,42.79918],[13.4967,42.80364],[13.50265,42.80751],[13.51425,42.82699],[13.5312,42.8481],[13.56868,42.85495],[13.58742,42.85673],[13.624,42.85495],[13.64482,42.85703],[13.68825,42.85465],[13.7049,42.85643],[13.73256,42.8597],[13.7519,42.86476],[13.76409,42.86476],[13.81644,42.88647],[13.83964,42.89004],[13.85451,42.89034],[13.87087,42.8954],[13.88158,42.89659],[13.88901,42.89659],[13.90983,42.89085]]]},"properties":{"kind":"road","source":"awmc-roads"}},{"type":"Feature","geometry":{"type":"MultiLineString","coordinates":[[[14.0267,42.65121],[14.01197,42.63587],[13.99889,42.62706],[13.98366,42.61874],[13.962,42.60993],[13.95439,42.6047],[13.94939,42.60018],[13.94892,42.59494],[13.95201,42.59113],[13.96286,42.58462],[13.98351,42.57852],[13.99569,42.57249],[14.02746,42.56499],[14.04031,42.56606],[14.05673,42.55964],[14.07957,42.55714],[14.10134,42.54536],[14.11381,42.5424],[14.12311,42.53751],[14.13558,42.53724]]]},"properties":{"kind":"road","source":"awmc-roads"}},{"type":"Feature","geometry":{"type":"MultiLineString","coordinates":[[[14.76042,42.07034],[14.85465,42.02229],[14.91677,41.98573],[14.92958,41.97344],[14.93712,41.95053],[14.93939,41.9493]]]},"properties":{"kind":"road","source":"awmc-roads"}},{"type":"Feature","geometry":{"type":"MultiLineString","coordinates":[[[14.83615,41.86269],[14.8287,41.86193],[14.80776,41.87144],[14.78825,41.87573],[14.7616,41.87715]]]},"properties":{"kind":"road","source":"awmc-roads"}},{"type":"Feature","geometry":{"type":"MultiLineString","coordinates":[[[14.09439,41.78888],[14.08012,41.76651],[14.07298,41.7608],[14.06061,41.75604],[14.01659,41.74509],[14.01088,41.75152],[14.00374,41.74914],[13.98684,41.75937],[13.92759,41.7796],[13.84146,41.78198],[13.80362,41.78792],[13.78459,41.79459],[13.77459,41.80815],[13.7765,41.83337],[13.77245,41.84824],[13.74818,41.87014],[13.72225,41.88417],[13.71773,41.88798],[13.71511,41.90535],[13.70036,41.92843],[13.6818,41.94973],[13.67037,41.96044],[13.65277,41.96924],[13.63207,42.00255],[13.61327,42.01611],[13.56758,42.06073]]]},"properties":{"kind":"road","source":"awmc-roads"}},{"type":"Feature","geometry":{"type":"MultiLineString","coordinates":[[[13.3777,42.09],[13.38674,42.09142],[13.40126,42.0869],[13.4053,42.08762],[13.41006,42.08571],[13.42719,42.06906],[13.44242,42.0624],[13.45432,42.06002],[13.46669,42.06144],[13.47716,42.06477],[13.51714,42.06858],[13.55093,42.06216],[13.56758,42.06073],[13.6066,42.06192],[13.64253,42.07049],[13.67632,42.06454],[13.69155,42.06477],[13.71344,42.07858],[13.73581,42.08143],[13.74771,42.085]]]},"properties":{"name":"Via_Claudia_Valeria","kind":"road","source":"awmc-roads"}},{"type":"Feature","geometry":{"type":"MultiLineString","coordinates":[[[14.09439,41.78888],[14.11684,41.77052],[14.12829,41.75728],[14.15357,41.73646],[14.16591,41.72152],[14.16606,41.71586],[14.16904,41.70813],[14.17618,41.70545],[14.18391,41.69951],[14.18644,41.69504],[14.1903,41.6769],[14.20176,41.66411],[14.20592,41.64552],[14.21202,41.63578],[14.21752,41.60395]]]},"properties":{"kind":"road","source":"awmc-roads"}},{"type":"Feature","geometry":{"type":"MultiLineString","coordinates":[[[14.15757,41.53888],[14.16185,41.5428],[14.16827,41.56493],[14.19254,41.58099],[14.2111,41.60027],[14.21752,41.60395],[14.24358,41.60526],[14.25286,41.60384]]]},"properties":{"kind":"road","source":"awmc-roads"}},{"type":"Feature","geometry":{"type":"MultiLineString","coordinates":[[[14.25286,41.60384],[14.26357,41.60241],[14.29284,41.59277],[14.3039,41.58635],[14.3139,41.57278],[14.34816,41.54887],[14.51984,41.4575],[14.55375,41.45429],[14.57445,41.44965],[14.59479,41.43965],[14.61407,41.42466],[14.65975,41.40093],[14.77468,41.32865],[14.80502,41.30152],[14.81144,41.29153],[14.82429,41.27833],[14.83393,41.27476],[14.8764,41.27226],[14.88996,41.26726],[14.9021,41.25441],[14.91281,41.23764],[14.9178,41.23442]]]},"properties":{"kind":"road","source":"awmc-roads"}},{"type":"Feature","geometry":{"type":"MultiLineString","coordinates":[[[14.9178,41.23442],[14.93172,41.22871],[14.95814,41.22907],[15.01025,41.23335]]]},"properties":{"kind":"road","source":"awmc-roads"}},{"type":"Feature","geometry":{"type":"MultiLineString","coordinates":[[[14.85496,41.12378],[14.84428,41.12556],[14.82465,41.13199],[14.8118,41.13342],[14.79145,41.13877],[14.77218,41.1402],[14.75719,41.13877]]]},"properties":{"kind":"road","source":"awmc-roads"}},{"type":"Feature","geometry":{"type":"MultiLineString","coordinates":[[[14.81573,41.28725],[14.81073,41.27119],[14.79824,41.25477]]]},"properties":{"kind":"road","source":"awmc-roads"}},{"type":"Feature","geometry":{"type":"MultiLineString","coordinates":[[[14.75719,41.13877],[14.75291,41.14341],[14.73863,41.14841],[14.73114,41.15269],[14.72221,41.16197],[14.71757,41.17196],[14.71864,41.17874],[14.7115,41.20658],[14.69544,41.22158],[14.68652,41.2255],[14.60586,41.23121],[14.58337,41.23121],[14.55339,41.22764],[14.48914,41.2255],[14.48593,41.22265],[14.46666,41.21444],[14.43311,41.21515],[14.38064,41.20587],[14.36958,41.20123],[14.35637,41.19302],[14.33781,41.17625],[14.30105,41.16375],[14.28463,41.16268],[14.27713,41.15947],[14.27,41.1534],[14.24787,41.14377],[14.24144,41.13556],[14.24109,41.12574]]]},"properties":{"kind":"road","source":"awmc-roads"}},{"type":"Feature","geometry":{"type":"MultiLineString","coordinates":[[[14.24373,40.91156],[14.24109,41.12574]]]},"properties":{"kind":"road","source":"awmc-roads"}},{"type":"Feature","geometry":{"type":"MultiLineString","coordinates":[[[14.34365,41.05285],[14.17921,41.05289]]]},"properties":{"kind":"road","source":"awmc-roads"}},{"type":"Feature","geometry":{"type":"MultiLineString","coordinates":[[[14.39634,40.99816],[14.36005,40.95652],[14.31663,40.92083]]]},"properties":{"kind":"road","source":"awmc-roads"}},{"type":"Feature","geometry":{"type":"MultiLineString","coordinates":[[[14.36921,41.0339],[14.38266,41.01838],[14.39634,40.99816],[14.40407,40.99102],[14.41894,40.98626],[14.45821,40.97853]]]},"properties":{"kind":"road","source":"awmc-roads"}},{"type":"Feature","geometry":{"type":"MultiLineString","coordinates":[[[14.24172,41.0743],[14.18433,40.9928],[14.1641,40.96841],[14.15816,40.95592],[14.15875,40.94581],[14.15697,40.93927],[14.14388,40.93213],[14.13733,40.92677],[14.13733,40.91785],[14.13139,40.90952],[14.12722,40.90655],[14.12544,40.89465],[14.11532,40.89108],[14.11057,40.85747],[14.10343,40.84022],[14.09986,40.83784]]]},"properties":{"kind":"road","source":"awmc-roads"}},{"type":"Feature","geometry":{"type":"MultiLineString","coordinates":[[[14.13733,40.92677],[14.11354,40.9116]]]},"properties":{"kind":"road","source":"awmc-roads"}},{"type":"Feature","geometry":{"type":"MultiLineString","coordinates":[[[14.24373,40.91156],[14.2456,40.89971],[14.24976,40.89435],[14.24976,40.8884],[14.25452,40.88186],[14.2575,40.87353]]]},"properties":{"kind":"road","source":"awmc-roads"}},{"type":"Feature","geometry":{"type":"MultiLineString","coordinates":[[[14.25333,40.8545],[14.27951,40.88067]]]},"properties":{"kind":"road","source":"awmc-roads"}},{"type":"Feature","geometry":{"type":"MultiLineString","coordinates":[[[14.04599,40.85381],[14.07378,40.84867],[14.09015,40.84067],[14.09986,40.83784],[14.10062,40.82887],[14.11147,40.83135],[14.12879,40.82716],[14.14021,40.82678],[14.15697,40.82354],[14.16896,40.82659],[14.19313,40.8382],[14.20931,40.83782],[14.22378,40.84162],[14.23387,40.84029],[14.23996,40.84486],[14.2432,40.85019],[14.25333,40.8545],[14.26318,40.85076],[14.28089,40.84886],[14.28774,40.84619]]]},"properties":{"kind":"road","source":"awmc-roads"}},{"type":"Feature","geometry":{"type":"MultiLineString","coordinates":[[[14.15757,41.53888],[14.15439,41.53443],[14.11245,41.52283],[14.06099,41.49606],[14.02233,41.4913],[14.01162,41.48714],[14.00061,41.47852],[13.99556,41.47138],[13.99883,41.45383],[13.99615,41.45026],[13.9911,41.44966],[13.98574,41.45413],[13.9792,41.45651],[13.97414,41.45323],[13.96522,41.45264],[13.94589,41.44788],[13.94284,41.44452]]]},"properties":{"kind":"road","source":"awmc-roads"}},{"type":"Feature","geometry":{"type":"MultiLineString","coordinates":[[[14.11895,41.56699],[14.11799,41.58412],[14.11514,41.59459],[14.10848,41.60221],[14.08563,41.60982],[14.0566,41.61601],[14.03995,41.61696],[14.00949,41.60982],[13.99712,41.60839],[13.98236,41.60839],[13.9757,41.61125],[13.96666,41.61173]]]},"properties":{"kind":"road","source":"awmc-roads"}},{"type":"Feature","geometry":{"type":"MultiLineString","coordinates":[[[14.11895,41.56699],[14.11514,41.55081],[14.11419,41.53701],[14.11668,41.52412],[14.11086,41.51036],[14.10419,41.50227],[14.10848,41.49037],[14.11561,41.48228]]]},"properties":{"kind":"road","source":"awmc-roads"}},{"type":"Feature","geometry":{"type":"MultiLineString","coordinates":[[[15.92881,41.44207],[15.92095,41.42815],[15.92238,41.42208],[15.92702,41.4178],[15.962,41.40674],[15.96807,41.40674],[15.98913,41.40138],[16.07479,41.36355],[16.13867,41.34463],[16.20435,41.33393],[16.22969,41.32572],[16.27716,41.32001],[16.30607,41.31465],[16.416,41.27985],[16.45419,41.25844],[16.47703,41.25023],[16.50951,41.23417]]]},"properties":{"kind":"road","source":"awmc-roads"}},{"type":"Feature","geometry":{"type":"MultiLineString","coordinates":[[[7.98527,36.2921],[7.98099,36.30923],[7.96718,36.34397],[7.9353,36.41536],[7.91198,36.4777],[7.88961,36.51149],[7.8839,36.52862],[7.87105,36.55812],[7.85487,36.59001],[7.8444,36.60571],[7.83298,36.61047],[7.82204,36.60952],[7.80205,36.61237],[7.79015,36.61666],[7.77492,36.64664],[7.76112,36.65425],[7.74494,36.66044],[7.74344,36.67549],[7.74537,36.6891],[7.73898,36.72672],[7.73375,36.79782],[7.74365,36.8378],[7.75336,36.88872]],[[9.80879,36.66529],[9.79832,36.66291],[9.76787,36.67053],[9.69696,36.67767],[9.67031,36.67814],[9.6508,36.67243],[9.62129,36.66006],[9.60844,36.6534],[9.60178,36.64483],[9.58417,36.59914],[9.57656,36.59581],[9.54991,36.59343],[9.52992,36.5882],[9.49994,36.57487],[9.40286,36.53918],[9.37716,36.52681],[9.35336,36.51872],[9.34289,36.51063],[9.32624,36.4935],[9.27674,36.4578],[9.25533,36.43306],[9.23915,36.40498],[9.23487,36.39308],[9.17709,36.36872],[9.12094,36.33303],[9.09524,36.32208],[9.06335,36.30352],[8.98578,36.26926],[8.94391,36.25736],[8.87395,36.23356],[8.82113,36.21263],[8.77211,36.19073],[8.72404,36.17979],[8.67122,36.17503],[8.62982,36.18455],[8.53131,36.2012],[8.46611,36.215],[8.3952,36.22643],[8.32667,36.24308],[8.15535,36.26973],[8.11205,36.27497],[8.0754,36.28163],[8.00354,36.29067],[7.98451,36.29162]]]},"properties":{"kind":"road","source":"awmc-roads"}},{"type":"Feature","geometry":{"type":"MultiLineString","coordinates":[[[9.2915,36.05472],[9.28769,36.07471],[9.28864,36.0947],[9.28436,36.13229],[9.28912,36.17322],[9.29483,36.20225],[9.30197,36.22033],[9.30577,36.25079],[9.3191,36.29172],[9.32195,36.306],[9.32767,36.31456],[9.34718,36.32551],[9.36812,36.34692],[9.43998,36.41069],[9.46425,36.444],[9.48804,36.48588],[9.4909,36.50111],[9.48852,36.51063],[9.45092,36.55584]]]},"properties":{"kind":"road","source":"awmc-roads"}},{"type":"Feature","geometry":{"type":"MultiLineString","coordinates":[[[8.87885,36.10355],[8.88409,36.10879],[8.91169,36.12021],[8.91502,36.12639],[8.9174,36.13591],[8.92216,36.14257],[8.92358,36.154],[8.93072,36.16637],[8.93881,36.17018],[8.94833,36.17113]],[[8.88028,36.1045],[8.86886,36.09546],[8.85982,36.08356],[8.84839,36.07738],[8.82058,36.01951],[8.80701,35.99524],[8.78131,35.97025],[8.76632,35.94884],[8.7392,35.92457],[8.71778,35.8953],[8.7085,35.8746]],[[10.12241,36.78617],[10.14144,36.8033],[10.17047,36.81377],[10.19712,36.82948],[10.21663,36.83804],[10.26755,36.84899],[10.31083,36.85415]],[[10.12288,36.78665],[10.09528,36.7757],[10.03389,36.74524],[10.00058,36.71812],[9.94061,36.70289],[9.88018,36.69194],[9.85305,36.68338],[9.80879,36.66529],[9.80451,36.65673],[9.79547,36.65102],[9.78214,36.64769],[9.76787,36.63484],[9.75454,36.6277],[9.73265,36.61247],[9.71694,36.59819],[9.70219,36.58868],[9.65841,36.57202],[9.64128,36.55965],[9.6251,36.54347],[9.60892,36.53347],[9.58845,36.52681],[9.56085,36.52157],[9.55038,36.51348],[9.53611,36.50682],[9.48328,36.50587],[9.47281,36.50159],[9.46329,36.49445],[9.42855,36.48398],[9.40714,36.47399],[9.36098,36.4402],[9.30673,36.41402],[9.2934,36.41164],[9.26818,36.41307],[9.26056,36.41117],[9.25057,36.40688],[9.24343,36.39927],[9.23487,36.39308],[9.17709,36.36872],[9.12094,36.33303],[9.10428,36.31827],[9.07478,36.29686],[9.02433,36.24689],[8.96247,36.1736],[8.94676,36.17027]]]},"properties":{"kind":"road","source":"awmc-roads"}},{"type":"Feature","geometry":{"type":"MultiLineString","coordinates":[[[14.38415,46.6858],[14.39843,46.69579],[14.42698,46.73148],[14.46981,46.75718],[14.48123,46.77003],[14.48266,46.78288],[14.46624,46.85283],[14.47124,46.86997],[14.4691,46.87853],[14.43341,46.91922],[14.402,46.94777],[14.39986,46.98775],[14.41056,47.01202],[14.43126,47.03272],[14.45268,47.04843],[14.46339,47.06199],[14.46981,47.08483],[14.46696,47.10054],[14.43126,47.14979],[14.41984,47.16906],[14.42056,47.18762],[14.42984,47.20261],[14.45054,47.21761],[14.47409,47.22046],[14.5155,47.21618],[14.54191,47.21618],[14.5569,47.2226],[14.55904,47.23331],[14.54905,47.2433],[14.5155,47.26972],[14.50693,47.28756],[14.48052,47.37679],[14.48337,47.41962],[14.49765,47.42962],[14.49123,47.45174],[14.49408,47.47673],[14.48337,47.47459],[14.46981,47.47459],[14.4384,47.48601],[14.37344,47.50528],[14.33418,47.51385],[14.29635,47.53098],[14.26922,47.53669],[14.25566,47.5474],[14.25209,47.55882],[14.25923,47.56739],[14.28707,47.58095],[14.30277,47.60094],[14.32276,47.61022],[14.34275,47.64377],[14.34489,47.68731],[14.33632,47.70373],[14.30991,47.71087],[14.2528,47.71872],[14.19498,47.74013],[14.16215,47.76012],[14.15929,47.80652],[14.15215,47.82365],[14.15215,47.83008],[14.16001,47.83936],[14.15786,47.85007],[14.1443,47.8672],[14.13359,47.89504],[14.11503,47.91931],[14.08648,47.95143],[14.05079,48.05565],[14.03651,48.08706],[14.02937,48.16201]],[[14.02891,48.16241],[14.04616,48.17668],[14.10387,48.20226],[14.15621,48.21773],[14.21689,48.24152],[14.24961,48.25758],[14.2627,48.24688],[14.28946,48.2439],[14.33586,48.22427],[14.39535,48.20643],[14.41915,48.20405],[14.45603,48.20821]]]},"properties":{"kind":"road","source":"awmc-roads"}},{"type":"Feature","geometry":{"type":"MultiLineString","coordinates":[[[11.31993,46.48069],[11.34991,46.47712],[11.39345,46.4864],[11.42129,46.50139],[11.45056,46.50638],[11.47555,46.51566],[11.49268,46.54065],[11.5091,46.55421],[11.53123,46.6106],[11.56692,46.64844],[11.59761,46.66271],[11.62331,46.6827],[11.64687,46.70697],[11.65115,46.71839],[11.65186,46.72767],[11.63759,46.74124],[11.6333,46.7548],[11.64116,46.78621],[11.62617,46.79763],[11.55121,46.82618],[11.53265,46.85117],[11.48697,46.88258],[11.46983,46.89043],[11.45056,46.88757],[11.43486,46.89543],[11.42843,46.90399],[11.44057,46.93897],[11.46412,46.97752],[11.48625,46.99465],[11.49839,47.01464],[11.49839,47.02178],[11.47769,47.04105],[11.4784,47.06246],[11.45627,47.10958],[11.45841,47.14384],[11.45128,47.1674],[11.42272,47.19096],[11.39702,47.20238],[11.38774,47.21879],[11.3856,47.25591],[11.33135,47.25806],[11.30351,47.26448],[11.26996,47.26448],[11.22213,47.29161],[11.18359,47.32087],[11.18359,47.33515],[11.19858,47.35442],[11.22856,47.37584],[11.24997,47.38583],[11.26425,47.40225],[11.27496,47.43366],[11.27496,47.46436],[11.26925,47.47863],[11.25211,47.4872],[11.21499,47.48934],[11.17716,47.49862],[11.14504,47.49791],[11.11149,47.49077],[11.10221,47.49077],[11.0965,47.49719],[11.10721,47.51504],[11.13148,47.5336],[11.17431,47.57643],[11.19215,47.59213],[11.19929,47.60998],[11.21428,47.62497],[11.21642,47.64496],[11.20643,47.71277],[11.18216,47.77416],[11.15432,47.80985],[11.15646,47.84412],[11.15075,47.85268],[11.14004,47.85625],[11.11077,47.85554],[11.10007,47.86054],[11.09578,47.87053],[11.10078,47.90265],[11.09935,47.93192],[11.07508,48.0133],[11.05795,48.04328],[11.01084,48.14393],[10.9987,48.18747]]]},"properties":{"kind":"road","source":"awmc-roads"}},{"type":"Feature","geometry":{"type":"MultiLineString","coordinates":[[[16.37747,48.21408],[16.36748,48.20622],[16.34606,48.14269],[16.34892,48.09772],[16.39104,48.02776],[16.43672,47.97851],[16.46884,47.94996],[16.48526,47.93282],[16.48598,47.92354],[16.46099,47.89213],[16.456,47.87786],[16.46884,47.85287],[16.49097,47.82361],[16.5181,47.79434],[16.55308,47.76436],[16.57592,47.73438],[16.59876,47.69226],[16.6009,47.67084],[16.61233,47.64872],[16.60376,47.62373],[16.5852,47.58733],[16.5802,47.5652],[16.57592,47.52665],[16.57521,47.41029],[16.57949,47.37603],[16.60019,47.30108],[16.62518,47.25682],[16.61875,47.21113],[16.63374,47.16473],[16.64231,47.10834],[16.65301,47.0648],[16.65801,47.00912],[16.6573,46.97128],[16.64159,46.92417],[16.60804,46.8792],[16.58092,46.85136],[16.53951,46.82852],[16.45942,46.79497],[16.30452,46.74714],[16.16603,46.71644],[16.01813,46.69503],[16.00385,46.68146],[15.991,46.6522],[15.98743,46.62079],[15.96602,46.55297],[15.95816,46.51229],[15.94246,46.47302],[15.9289,46.45732],[15.88107,46.41806],[15.87179,46.39522],[15.83753,46.3788],[15.78613,46.35024],[15.67763,46.31384],[15.6248,46.30313],[15.60053,46.28671],[15.57555,46.24531],[15.52344,46.23603],[15.37996,46.24031],[15.26503,46.23389]]]},"properties":{"kind":"road","source":"awmc-roads"}},{"type":"Feature","geometry":{"type":"MultiLineString","coordinates":[[[17.62304,47.68954],[17.63297,47.68584],[17.65938,47.66799],[17.70793,47.61088],[17.73862,47.58233],[17.75932,47.55235],[17.77146,47.52379],[17.7686,47.48739],[17.78859,47.4003],[17.79787,47.37674],[17.80287,47.34676],[17.81928,47.31678],[17.86782,47.24897],[17.88995,47.21185],[17.91851,47.18044],[17.92922,47.16331],[17.92922,47.13761]]]},"properties":{"kind":"road","source":"awmc-roads"}},{"type":"Feature","geometry":{"type":"MultiLineString","coordinates":[[[8.85454,46.70924],[8.87952,46.72423],[8.93235,46.74636],[8.95305,46.74993],[9.00302,46.76278],[9.08297,46.77277],[9.10581,46.78134],[9.13079,46.78205],[9.15863,46.78919],[9.20146,46.7949],[9.23216,46.80275],[9.27927,46.8313],[9.30568,46.85058],[9.31925,46.85629],[9.33281,46.85629],[9.35208,46.84558],[9.37921,46.84273],[9.41704,46.84201],[9.42632,46.83487],[9.43417,46.8206]]]},"properties":{"kind":"road","source":"awmc-roads"}},{"type":"Feature","geometry":{"type":"MultiLineString","coordinates":[[[9.17837,45.47689],[9.15802,45.47628],[9.10449,45.48163],[9.02657,45.48643],[8.95804,45.49429],[8.89451,45.48715],[8.81851,45.47319],[8.72653,45.44907],[8.69226,45.44479],[8.6209,45.44892],[8.58988,45.43797],[8.55252,45.42179],[8.50231,45.39526],[8.4687,45.37027],[8.44818,45.3438],[8.43509,45.33488],[8.41722,45.33104]]]},"properties":{"kind":"road","source":"awmc-roads"}},{"type":"Feature","geometry":{"type":"MultiLineString","coordinates":[[[10.35146,46.47082],[10.34717,46.4544],[10.34931,46.43655],[10.33932,46.41514],[10.3436,46.37445],[10.34075,46.35089],[10.32933,46.34161],[10.27936,46.31377],[10.26008,46.29378],[10.24081,46.26809],[10.19298,46.2381],[10.15586,46.22454],[10.11589,46.19742],[10.08448,46.18385],[10.04736,46.17529],[9.99811,46.171],[9.95884,46.17243],[9.90317,46.18385],[9.87033,46.18528],[9.81394,46.176],[9.71043,46.17529],[9.64333,46.17315],[9.60906,46.15958],[9.57766,46.15601],[9.53482,46.15601],[9.4613,46.16815],[9.42418,46.16601]]]},"properties":{"kind":"road","source":"awmc-roads"}},{"type":"Feature","geometry":{"type":"MultiLineString","coordinates":[[[10.33344,45.99556],[10.326,45.98902],[10.31797,45.97355],[10.3069,45.96682],[10.29864,45.96522],[10.28489,45.95614],[10.26057,45.94856],[10.2216,45.92477],[10.1871,45.89979],[10.11732,45.82336],[10.11215,45.81621],[10.11096,45.80609],[10.11405,45.78738],[10.10947,45.771],[10.09947,45.75769],[10.0946,45.75375],[10.0946,45.74661],[10.10845,45.73258],[10.11487,45.71688],[10.10988,45.70355],[10.09774,45.68856],[10.07306,45.67346],[10.03951,45.65775],[10.03237,45.65133],[10.03166,45.64348],[10.03808,45.63563],[10.0598,45.62526],[10.09668,45.597],[10.16479,45.55328]]]},"properties":{"kind":"road","source":"awmc-roads"}},{"type":"Feature","geometry":{"type":"MultiLineString","coordinates":[[[10.31854,45.51743],[10.3581,45.52605],[10.42978,45.56918],[10.43722,45.57691],[10.44257,45.59208],[10.4512,45.6013],[10.50146,45.63075],[10.50979,45.63908],[10.51029,45.64669],[10.50529,45.65525],[10.49046,45.65692],[10.45536,45.65395],[10.44019,45.65633],[10.42651,45.66198],[10.41699,45.6709],[10.41194,45.68042],[10.40212,45.69113],[10.39082,45.69648],[10.38725,45.70421],[10.39023,45.70897],[10.42294,45.72622],[10.43811,45.73961],[10.44692,45.74502],[10.4562,45.74145],[10.46155,45.74145]]]},"properties":{"kind":"road","source":"awmc-roads"}},{"type":"Feature","geometry":{"type":"MultiLineString","coordinates":[[[11.55499,45.55639],[11.56692,45.54748],[11.58156,45.54105],[11.59976,45.5357],[11.65937,45.49894],[11.7047,45.47752],[11.73753,45.45075],[11.75573,45.44254],[11.77858,45.43612],[11.80713,45.42434],[11.84461,45.41256],[11.88187,45.40797]]]},"properties":{"kind":"road","source":"awmc-roads"}},{"type":"Feature","geometry":{"type":"MultiLineString","coordinates":[[[12.30523,46.72708],[12.3502,46.70781],[12.39589,46.67997],[12.42516,46.65998]]]},"properties":{"kind":"road","source":"awmc-roads"}},{"type":"Feature","geometry":{"type":"MultiLineString","coordinates":[[[13.13418,46.26792],[13.14917,46.26293],[13.15774,46.25722],[13.20699,46.23794],[13.21699,46.22938],[13.24054,46.22295],[13.26267,46.20368],[13.31764,46.16513],[13.33905,46.153],[13.3776,46.12444],[13.40615,46.11374],[13.43399,46.09946],[13.45684,46.07447],[13.4654,46.05449],[13.4704,46.02665],[13.47397,45.95741],[13.47183,45.88531]]]},"properties":{"kind":"road","source":"awmc-roads"}},{"type":"Feature","geometry":{"type":"MultiLineString","coordinates":[[[13.21627,46.153],[13.23983,46.15514],[13.31264,46.14443],[13.34905,46.13158],[13.37689,46.12444]]]},"properties":{"kind":"road","source":"awmc-roads"}},{"type":"Feature","geometry":{"type":"MultiLineString","coordinates":[[[14.16068,46.64911],[14.14926,46.67124],[14.15212,46.68695],[14.1464,46.69837],[14.12784,46.70622],[14.12142,46.71407],[14.11,46.71978],[14.08858,46.71907],[14.04218,46.70765],[13.98793,46.69837],[13.94367,46.67624],[13.91155,46.6691],[13.89085,46.66268],[13.88014,46.65625],[13.88086,46.64555],[13.87586,46.63484],[13.88086,46.64555],[13.87943,46.65625],[13.87229,46.6641],[13.84445,46.68552],[13.83803,46.69694],[13.84088,46.7155],[13.83303,46.72621],[13.7852,46.73692],[13.78021,46.74477],[13.78021,46.75119],[13.77093,46.75976],[13.76664,46.77689],[13.75451,46.79045],[13.72667,46.80687],[13.71096,46.81116],[13.6924,46.8083],[13.656,46.7876],[13.64672,46.78617],[13.63744,46.78903],[13.62959,46.79617],[13.56391,46.81687],[13.53393,46.824],[13.46469,46.83043]]]},"properties":{"kind":"road","source":"awmc-roads"}},{"type":"Feature","geometry":{"type":"MultiLineString","coordinates":[[[13.6817,46.53918],[13.64886,46.56417],[13.62031,46.57345],[13.5425,46.58915],[13.51537,46.60414],[13.48682,46.61485],[13.40401,46.61342],[13.36118,46.60914],[13.29337,46.61342],[13.22413,46.62127],[13.1456,46.63341],[13.09064,46.64911],[13.01497,46.65697],[13.00069,46.66125]]]},"properties":{"kind":"road","source":"awmc-roads"}},{"type":"Feature","geometry":{"type":"MultiLineString","coordinates":[[[14.91964,37.06275],[14.94172,37.05799],[14.95885,37.04466],[15.00787,37.03419],[15.01929,37.02777],[15.02619,37.02015],[15.03214,37.01801],[15.03761,37.01801],[15.04546,37.02872],[15.05569,37.03134],[15.05807,37.03919],[15.06569,37.03824],[15.0683,37.03514],[15.0821,37.02943],[15.10376,37.02777],[15.1216,37.02301],[15.15111,37.02348],[15.17467,37.02848],[15.20536,37.04585]]]},"properties":{"kind":"road","source":"awmc-roads"}},{"type":"Feature","geometry":{"type":"MultiLineString","coordinates":[[[15.20536,37.04585],[15.27556,37.07512],[15.28674,37.07441],[15.28877,37.07696]]]},"properties":{"kind":"road","source":"awmc-roads"}},{"type":"Feature","geometry":{"type":"MultiLineString","coordinates":[[[15.28674,37.07441],[15.28959,37.06965],[15.27793,37.06441],[15.27508,37.06132],[15.27365,37.05632],[15.27175,37.04871],[15.27508,37.03372],[15.27222,37.02158],[15.25319,36.9935],[15.25057,36.98541],[15.24391,36.97851],[15.23439,36.97447],[15.21964,36.97185],[15.18276,36.94865],[15.18014,36.9427],[15.15563,36.92271],[15.14231,36.90749],[15.12279,36.87822]]]},"properties":{"kind":"road","source":"awmc-roads"}},{"type":"Feature","geometry":{"type":"MultiLineString","coordinates":[[[15.12279,36.87822],[15.10304,36.84693]]]},"properties":{"kind":"road","source":"awmc-roads"}},{"type":"Feature","geometry":{"type":"MultiLineString","coordinates":[[[15.10304,36.84693],[15.09355,36.82163],[15.08917,36.78832],[15.09184,36.7788],[15.10535,36.75977],[15.11316,36.73997],[15.11449,36.72865],[15.10992,36.71437],[15.11011,36.70809],[15.11373,36.70123],[15.11773,36.69743],[15.13238,36.6921],[15.13866,36.6862],[15.14076,36.68125],[15.11525,36.6841],[15.10288,36.6881],[15.08917,36.69743],[15.06633,36.7178],[15.04977,36.72351],[15.00998,36.73283],[14.99533,36.7334],[14.95097,36.74654],[14.93841,36.74768],[14.91138,36.74045],[14.87293,36.73474],[14.81867,36.71989],[14.79393,36.70961],[14.7846,36.71304],[14.7728,36.71361],[14.75548,36.7216],[14.74463,36.72389],[14.71588,36.72236],[14.70636,36.72332],[14.70142,36.72636],[14.69818,36.73188],[14.68676,36.74311],[14.67001,36.75434],[14.64716,36.76538],[14.58282,36.7829],[14.52286,36.79413],[14.50021,36.80374],[14.48993,36.81117],[14.47413,36.83629],[14.4667,36.8578],[14.45528,36.87113],[14.45014,36.88093],[14.41588,36.92605],[14.38447,36.97145],[14.36889,36.98884],[14.35439,37.00171],[14.29082,37.05625],[14.27597,37.06615],[14.26188,37.07186],[14.23618,37.07738],[14.20211,37.08728],[14.17908,37.10022],[14.16746,37.1027],[14.16347,37.11183],[14.15738,37.11564],[14.13453,37.1185],[14.11074,37.11926],[14.07685,37.11774],[14.05135,37.1126],[14.03459,37.11164],[13.99881,37.11412],[13.98529,37.1126],[13.97178,37.11526],[13.96055,37.10974],[13.94494,37.09927],[13.93904,37.10765],[13.93313,37.11088],[13.92019,37.11279],[13.89906,37.12354],[13.89544,37.12335],[13.8903,37.12944],[13.88307,37.13363],[13.85299,37.14543],[13.83586,37.15495],[13.82977,37.15704],[13.80826,37.15742],[13.79113,37.16047],[13.78047,37.15819],[13.77476,37.16294],[13.75001,37.17494],[13.73973,37.1776],[13.72165,37.17855],[13.69271,37.19207],[13.67577,37.19683],[13.66854,37.20282],[13.66454,37.21996],[13.64817,37.24489],[13.62552,37.27154],[13.60248,37.29372],[13.58921,37.31027]]]},"properties":{"kind":"road","source":"awmc-roads"}},{"type":"Feature","geometry":{"type":"MultiLineString","coordinates":[[[15.97086,40.01274],[15.9658,39.98049],[15.99328,39.97407],[16.01149,39.97157],[16.03469,39.96336],[16.04504,39.958],[16.07145,39.93338],[16.08573,39.92624],[16.10678,39.90589],[16.13855,39.88162],[16.14426,39.87484],[16.14069,39.83986],[16.14533,39.83558]]]},"properties":{"kind":"road","source":"awmc-roads"}},{"type":"Feature","geometry":{"type":"MultiLineString","coordinates":[[[15.9658,39.98049],[15.92226,39.99084],[15.89941,39.9937],[15.88906,39.99976],[15.88341,40.01271]]]},"properties":{"kind":"road","source":"awmc-roads"}},{"type":"Feature","geometry":{"type":"MultiLineString","coordinates":[[[16.14533,39.83522],[16.16996,39.83183],[16.22707,39.80542],[16.24848,39.79328],[16.27025,39.77544],[16.29274,39.72707],[16.29774,39.6946],[16.29559,39.67996],[16.28953,39.66354],[16.2417,39.5736],[16.21707,39.51739],[16.21065,39.49918],[16.20958,39.48276],[16.21636,39.45028],[16.23991,39.41424],[16.24848,39.39318],[16.25276,39.35124],[16.25455,39.30484],[16.25348,39.29128]]]},"properties":{"kind":"road","source":"awmc-roads"}},{"type":"Feature","geometry":{"type":"MultiLineString","coordinates":[[[16.25348,39.29128],[16.25872,39.28058],[16.26978,39.27023],[16.28156,39.24739],[16.29405,39.20813],[16.29405,39.18814],[16.28977,39.17993],[16.28228,39.17386],[16.26978,39.17029],[16.25158,39.16851],[16.23909,39.16458],[16.22517,39.13889],[16.21303,39.12318],[16.20518,39.11711]]]},"properties":{"kind":"road","source":"awmc-roads"}},{"type":"Feature","geometry":{"type":"MultiLineString","coordinates":[[[16.25765,38.91895],[16.26729,38.98926],[16.26407,39.00568],[16.26479,39.00961],[16.27585,39.02103],[16.27835,39.0271],[16.27264,39.05958],[16.27014,39.09384],[16.25158,39.11561],[16.25051,39.12382],[16.25658,39.13507],[16.26657,39.14042],[16.26871,39.14363],[16.26479,39.15327],[16.25836,39.16255],[16.25158,39.16851]]]},"properties":{"kind":"road","source":"awmc-roads"}},{"type":"Feature","geometry":{"type":"MultiLineString","coordinates":[[[16.20518,39.11711],[16.1545,39.08581],[16.11738,39.05583]]]},"properties":{"kind":"road","source":"awmc-roads"}},{"type":"Feature","geometry":{"type":"MultiLineString","coordinates":[[[16.11738,39.05583],[16.12666,39.03781],[16.13094,39.01532],[16.16092,38.96142],[16.16842,38.95571],[16.17734,38.95286],[16.21196,38.94572],[16.23159,38.93323],[16.25372,38.92323],[16.25765,38.91895],[16.27014,38.91288],[16.28156,38.90253],[16.2862,38.89254],[16.28656,38.88362],[16.2812,38.86773],[16.23659,38.80706],[16.22374,38.79564],[16.20661,38.76316],[16.19447,38.75423],[16.18519,38.74424],[16.17556,38.73746],[16.16521,38.73353],[16.1495,38.71997],[16.14272,38.71676],[16.1338,38.71604],[16.1263,38.71319],[16.11738,38.70462],[16.10025,38.67375]]]},"properties":{"kind":"road","source":"awmc-roads"}},{"type":"Feature","geometry":{"type":"MultiLineString","coordinates":[[[16.10384,38.68013],[16.13323,38.68767],[16.22817,38.71908],[16.24887,38.72372],[16.32275,38.74977],[16.3513,38.75156],[16.38521,38.7562],[16.39913,38.76298],[16.4077,38.7694],[16.48051,38.79403],[16.52798,38.80509],[16.57224,38.80902]]]},"properties":{"kind":"road","source":"awmc-roads"}},{"type":"Feature","geometry":{"type":"MultiLineString","coordinates":[[[16.57224,38.80902],[16.59087,38.80799]]]},"properties":{"kind":"road","source":"awmc-roads"}},{"type":"Feature","geometry":{"type":"MultiLineString","coordinates":[[[16.59087,38.80799],[16.54732,38.87152],[16.52484,38.90864],[16.51841,38.92773],[16.51092,38.94022],[16.50449,38.9388],[16.47237,38.92095],[16.43168,38.90774],[16.31533,38.88526],[16.28656,38.88362]]]},"properties":{"kind":"road","source":"awmc-roads"}},{"type":"Feature","geometry":{"type":"MultiLineString","coordinates":[[[16.10025,38.67375],[16.07871,38.64396],[16.05373,38.6204],[16.02303,38.59649],[15.99198,38.57935],[15.97128,38.56508],[15.94451,38.55223]]]},"properties":{"kind":"road","source":"awmc-roads"}},{"type":"Feature","geometry":{"type":"MultiLineString","coordinates":[[[15.94451,38.55223],[15.94451,38.52992],[15.94166,38.51886],[15.9181,38.45354],[15.88134,38.39411],[15.8692,38.38126],[15.84564,38.34771],[15.84029,38.31559],[15.8328,38.30167],[15.8203,38.28454],[15.79675,38.26848],[15.76641,38.25331],[15.75463,38.25224],[15.72715,38.24439],[15.71002,38.24332],[15.70288,38.24117],[15.66826,38.2244],[15.65969,38.21726],[15.65612,38.20977],[15.65612,38.19013],[15.6604,38.173],[15.66719,38.16015],[15.66861,38.14302],[15.66504,38.12375],[15.65148,38.09555],[15.65148,38.08841],[15.65219,38.08234],[15.65898,38.07003],[15.6629,38.03898],[15.66219,38.03113],[15.65362,38.02042],[15.64684,38.01507],[15.64434,38.00757],[15.66469,37.98401],[15.68967,37.96081],[15.72322,37.94261],[15.74642,37.93226],[15.78818,37.92084],[15.79782,37.92459],[15.83529,37.92637],[15.89062,37.93351],[15.93273,37.93422],[15.98734,37.92352],[16.01268,37.92316],[16.0573,37.93315],[16.08942,37.94814],[16.10298,37.96171],[16.11548,37.98384],[16.12832,38.01382],[16.13903,38.05326],[16.14332,38.06218],[16.15331,38.12214],[16.16402,38.14034],[16.19257,38.17318],[16.20363,38.18282],[16.22541,38.19602],[16.2404,38.20816],[16.25646,38.23011],[16.305,38.27829],[16.32285,38.29293],[16.3439,38.30435],[16.38424,38.31506],[16.4367,38.33255],[16.46097,38.3429],[16.47882,38.35253],[16.55092,38.41089],[16.56734,38.42588],[16.57947,38.44123],[16.5834,38.45408],[16.57947,38.468],[16.57626,38.49762],[16.56948,38.53349],[16.56769,38.55955],[16.55948,38.60238],[16.55342,38.62486],[16.5527,38.6602],[16.55556,38.6709],[16.55127,38.68465],[16.53521,38.70106],[16.53271,38.70963],[16.53236,38.71855],[16.54271,38.72997],[16.55163,38.7364],[16.55627,38.74853],[16.56305,38.75389],[16.56555,38.76674],[16.59087,38.80799],[16.59696,38.81314],[16.61552,38.82313]]]},"properties":{"kind":"road","source":"awmc-roads"}},{"type":"Feature","geometry":{"type":"MultiLineString","coordinates":[[[16.61552,38.82313],[16.62808,38.83138],[16.64236,38.83744],[16.65557,38.84066],[16.67056,38.85315],[16.70054,38.8685],[16.73587,38.89187],[16.82439,38.92757],[16.8583,38.93613],[16.90184,38.94434],[16.92718,38.9422],[16.9643,38.94684],[16.98857,38.94149],[17.0132,38.93899],[17.03319,38.94363],[17.04032,38.95219]]]},"properties":{"kind":"road","source":"awmc-roads"}},{"type":"Feature","geometry":{"type":"MultiLineString","coordinates":[[[17.04032,38.95219],[17.05253,38.96611],[17.06895,39.02143],[17.08929,39.03928],[17.10464,39.04785],[17.11107,39.05927],[17.11713,39.06623]]]},"properties":{"kind":"road","source":"awmc-roads"}},{"type":"Feature","geometry":{"type":"MultiLineString","coordinates":[[[17.12463,39.06908],[17.12748,39.05873],[17.13462,39.05195],[17.15996,39.03625],[17.18566,39.02697],[17.20672,39.0259]]]},"properties":{"kind":"road","source":"awmc-roads"}},{"type":"Feature","geometry":{"type":"MultiLineString","coordinates":[[[17.11713,39.06623],[17.12106,39.0723],[17.12891,39.07872],[17.1232,39.08086],[17.11,39.09121],[17.10357,39.10692],[17.10143,39.14475],[17.11071,39.17509],[17.11035,39.2065]]]},"properties":{"kind":"road","source":"awmc-roads"}},{"type":"Feature","geometry":{"type":"MultiLineString","coordinates":[[[17.12463,39.06908],[17.12606,39.07694]]]},"properties":{"kind":"road","source":"awmc-roads"}},{"type":"Feature","geometry":{"type":"MultiLineString","coordinates":[[[17.11035,39.2065],[17.1,39.26164],[17.10072,39.29591],[17.10571,39.32839],[17.11107,39.35373],[17.11642,39.37032],[17.11856,39.3846],[17.11499,39.39317],[17.0843,39.4128],[17.00649,39.46883],[16.98472,39.48025],[16.87122,39.53004],[16.84659,39.54182],[16.82874,39.55253],[16.82018,39.56074],[16.80768,39.58001],[16.7984,39.59108],[16.77984,39.60214],[16.76878,39.60428],[16.66849,39.60428],[16.5996,39.61356],[16.52572,39.64854],[16.50288,39.69441],[16.48681,39.71761],[16.4811,39.72938],[16.47861,39.74402],[16.47825,39.76865],[16.4861,39.80184],[16.5018,39.83414],[16.51216,39.84877],[16.52215,39.86019],[16.52964,39.86519],[16.55963,39.89517],[16.5814,39.91088],[16.60852,39.93372],[16.61816,39.95299],[16.62458,39.95942],[16.59817,40.00385],[16.59765,40.01555]]]},"properties":{"kind":"road","source":"awmc-roads"}},{"type":"Feature","geometry":{"type":"MultiLineString","coordinates":[[[16.48681,39.71761],[16.47842,39.71633],[16.46592,39.71169],[16.46057,39.70884],[16.45379,39.70063],[16.44415,39.69849],[16.43808,39.69849],[16.43451,39.70134],[16.42916,39.70277],[16.40703,39.70099],[16.36349,39.70313],[16.31923,39.70777],[16.31388,39.70777],[16.28961,39.70206],[16.27033,39.69635],[16.22857,39.66851],[16.20252,39.6578],[16.16468,39.65102],[16.12542,39.63388],[16.09508,39.62675],[16.06724,39.61568],[16.04083,39.60961],[16.01442,39.62603],[16.00014,39.62675],[15.99086,39.63424],[15.98051,39.63353],[15.97694,39.6296],[15.96695,39.62568],[15.94125,39.60926],[15.91912,39.60569],[15.89949,39.60497],[15.88557,39.60854],[15.87165,39.60961],[15.85416,39.61675]]]},"properties":{"kind":"road","source":"awmc-roads"}},{"type":"Feature","geometry":{"type":"MultiLineString","coordinates":[[[15.69084,40.01057],[15.6939,40.00105],[15.6998,39.99744],[15.71103,39.9864],[15.71636,39.97707],[15.7255,39.96736],[15.73235,39.96355],[15.73559,39.95651],[15.73958,39.93976],[15.74168,39.93747],[15.75024,39.935],[15.76205,39.93652],[15.76909,39.93462],[15.7729,39.92025],[15.7925,39.8738],[15.79669,39.84905],[15.79403,39.84382],[15.78927,39.84039],[15.78565,39.83449],[15.78641,39.82155],[15.78813,39.81698],[15.80335,39.80879],[15.81744,39.79804],[15.8262,39.78471],[15.82791,39.77919],[15.82734,39.76358],[15.83362,39.74816],[15.83,39.73598],[15.81763,39.72209],[15.81344,39.71162],[15.81287,39.7061],[15.81668,39.68392],[15.81991,39.6763],[15.83476,39.66698],[15.86027,39.60292],[15.87264,39.58617],[15.87398,39.55971],[15.87645,39.55248],[15.87988,39.54753],[15.88711,39.54372],[15.91148,39.53477],[15.92518,39.5264],[15.93242,39.51945],[15.94898,39.49832],[15.95393,39.48804],[15.9623,39.47624],[15.98343,39.45777],[15.98895,39.45054],[16.01998,39.40305],[16.03407,39.37478],[16.04454,39.34546],[16.06034,39.28636],[16.07252,39.14197],[16.07766,39.13036],[16.08432,39.12113],[16.08641,39.10818],[16.09251,39.0941],[16.10031,39.08744],[16.10926,39.07411],[16.11738,39.05583]]]},"properties":{"kind":"road","source":"awmc-roads"}},{"type":"Feature","geometry":{"type":"MultiLineString","coordinates":[[[15.93511,38.49864],[15.95424,38.49257],[15.97952,38.49138],[15.98934,38.48871],[16.02176,38.49198],[16.03127,38.4896],[16.04377,38.48067],[16.05239,38.46789],[16.05864,38.45391],[16.06072,38.4313],[16.06905,38.42],[16.07143,38.41256],[16.07381,38.38133],[16.0857,38.35605],[16.09968,38.34356],[16.11456,38.33612],[16.11872,38.3275],[16.1556,38.29835],[16.17077,38.26786],[16.17404,38.26429],[16.19129,38.25418],[16.21122,38.24585],[16.22788,38.22176],[16.2404,38.20816]]]},"properties":{"kind":"road","source":"awmc-roads"}},{"type":"Feature","geometry":{"type":"MultiLineString","coordinates":[[[16.0866,38.35486],[16.07916,38.35204],[16.06369,38.35085],[16.00332,38.35293],[15.97982,38.35679],[15.95721,38.36423],[15.94472,38.37196],[15.93342,38.38178],[15.91766,38.41286],[15.9126,38.41821],[15.90082,38.42582]]]},"properties":{"kind":"road","source":"awmc-roads"}},{"type":"Feature","geometry":{"type":"MultiLineString","coordinates":[[[16.29441,39.19332],[16.32923,39.17363],[16.3516,39.17316],[16.38634,39.17506],[16.40537,39.16935],[16.43345,39.17316],[16.49056,39.18696],[16.52339,39.19267],[16.55004,39.1941],[16.58288,39.19029],[16.60144,39.18601],[16.61857,39.18839],[16.63333,39.19267],[16.65522,39.19505],[16.68996,39.19362],[16.72375,39.18791],[16.75563,39.18125],[16.78418,39.16983],[16.80893,39.16412],[16.82939,39.16602],[16.84177,39.17125],[16.85842,39.18172],[16.87365,39.18505],[16.88079,39.18458],[16.89554,39.17649],[16.94932,39.16031],[17.07257,39.16507],[17.11071,39.17509]]]},"properties":{"kind":"road","source":"awmc-roads"}},{"type":"Feature","geometry":{"type":"MultiLineString","coordinates":[[[16.26087,39.60986],[16.29425,39.61705],[16.31947,39.62538],[16.33851,39.63585],[16.34946,39.64858],[16.36112,39.65524],[16.37182,39.65762],[16.43225,39.70194]]]},"properties":{"kind":"road","source":"awmc-roads"}},{"type":"Feature","geometry":{"type":"MultiLineString","coordinates":[[[16.29642,39.70339],[16.277,39.70599],[16.25035,39.70361],[16.21466,39.70789],[16.17849,39.71503],[16.14661,39.72502],[16.12186,39.73597],[16.10901,39.74929],[16.1033,39.75881],[16.07855,39.77166],[16.05,39.7807],[16.01526,39.78736],[15.99813,39.80021],[15.98052,39.80116],[15.96767,39.79831],[15.94911,39.80164],[15.94292,39.80021],[15.93246,39.7945],[15.9139,39.79736],[15.89438,39.79641],[15.88915,39.80116],[15.89581,39.82591],[15.89581,39.84828],[15.89914,39.85494],[15.90343,39.8578],[15.91913,39.86255],[15.9453,39.86541],[15.97195,39.87398],[15.98623,39.88064],[15.99527,39.88207],[16.02811,39.88349],[16.04857,39.88064],[16.05761,39.87826],[16.06095,39.8716],[16.06618,39.86684],[16.07475,39.85018],[16.07855,39.83019],[16.08141,39.82448],[16.08998,39.81401],[16.09616,39.80925],[16.09997,39.80259],[16.10425,39.78974],[16.10996,39.74977]]]},"properties":{"kind":"road","source":"awmc-roads"}},{"type":"Feature","geometry":{"type":"MultiLineString","coordinates":[[[16.14053,39.63982],[16.1269,39.64031],[16.10787,39.63793],[16.09597,39.63889],[16.06789,39.6465],[16.05457,39.65649],[16.03363,39.66363],[15.95796,39.67934],[15.94511,39.68505],[15.93845,39.69028],[15.92798,39.71122],[15.91942,39.7136],[15.91418,39.7136],[15.898,39.70932],[15.86278,39.72217],[15.83518,39.72407],[15.81763,39.72209]]]},"properties":{"kind":"road","source":"awmc-roads"}},{"type":"Feature","geometry":{"type":"MultiLineString","coordinates":[[[15.8262,39.78471],[15.84597,39.7924],[15.87095,39.80549],[15.8901,39.8083]]]},"properties":{"kind":"road","source":"awmc-roads"}},{"type":"Feature","geometry":{"type":"MultiLineString","coordinates":[[[14.87209,40.65234],[14.84663,40.65948],[14.82355,40.65686],[14.81855,40.65876],[14.81332,40.66328],[14.81165,40.66852],[14.79975,40.67423],[14.77501,40.67589],[14.74978,40.68636],[14.73622,40.68755],[14.72742,40.69184],[14.70695,40.7355],[14.69982,40.74383],[14.67055,40.7493],[14.60416,40.75477]]]},"properties":{"kind":"road","source":"awmc-roads"}},{"type":"Feature","geometry":{"type":"MultiLineString","coordinates":[[[14.52943,40.92884],[14.58963,40.96335],[14.61056,40.95811],[14.62627,40.95169],[14.64483,40.94145],[14.6484,40.93598],[14.67814,40.91671],[14.69527,40.90838],[14.70527,40.906],[14.71835,40.90671],[14.74786,40.91243],[14.78546,40.91433],[14.81448,40.92028],[14.80877,40.93146],[14.80735,40.94241],[14.81068,40.95216],[14.81187,40.96691],[14.82115,40.98547],[14.8221,40.9963],[14.81615,41.00891],[14.81139,41.01272],[14.77808,41.02628],[14.77308,41.03247],[14.77046,41.04032],[14.76927,41.0565],[14.7707,41.07625],[14.7757,41.09743],[14.77546,41.11087],[14.77332,41.12539],[14.76433,41.13948]]]},"properties":{"kind":"road","source":"awmc-roads"}},{"type":"Feature","geometry":{"type":"MultiLineString","coordinates":[[[14.7892,40.9151],[14.78712,40.9041],[14.78236,40.89101],[14.77522,40.88221],[14.75619,40.86745],[14.75167,40.85817],[14.74857,40.84437],[14.74786,40.82093],[14.73739,40.80119],[14.73549,40.79357],[14.73572,40.78619],[14.72621,40.77858],[14.6741,40.7605],[14.6533,40.751]]]},"properties":{"kind":"road","source":"awmc-roads"}},{"type":"Feature","geometry":{"type":"MultiLineString","coordinates":[[[14.64223,40.7521],[14.64197,40.77501],[14.63555,40.78786],[14.63436,40.80095],[14.63008,40.80666],[14.62389,40.81023],[14.602,40.81594],[14.55655,40.83378],[14.54442,40.84235],[14.53537,40.85187],[14.53228,40.85901],[14.53085,40.8809],[14.53323,40.90838],[14.52943,40.92884],[14.50991,40.94431]]]},"properties":{"kind":"road","source":"awmc-roads"}},{"type":"Feature","geometry":{"type":"MultiLineString","coordinates":[[[14.28774,40.84619],[14.30182,40.83848],[14.30681,40.8323],[14.33442,40.81445],[14.35655,40.7972],[14.36107,40.78935],[14.39914,40.76508],[14.41675,40.7627],[14.45339,40.76436],[14.4572,40.76222]]]},"properties":{"kind":"road","source":"awmc-roads"}},{"type":"Feature","geometry":{"type":"MultiLineString","coordinates":[[[14.4572,40.76222],[14.52677,40.78816],[14.6063,40.81478]]]},"properties":{"kind":"road","source":"awmc-roads"}},{"type":"Feature","geometry":{"type":"MultiLineString","coordinates":[[[14.4572,40.76222],[14.50393,40.7577]]]},"properties":{"kind":"road","source":"awmc-roads"}},{"type":"Feature","geometry":{"type":"MultiLineString","coordinates":[[[14.4605,40.7619],[14.46467,40.75734],[14.47109,40.75449],[14.4837,40.74069],[14.49275,40.7226],[14.49013,40.71261],[14.48466,40.70642],[14.47466,40.70095],[14.45848,40.69476],[14.43992,40.69191],[14.43374,40.68763],[14.42541,40.67287],[14.41708,40.66811],[14.41208,40.66312],[14.40566,40.66193],[14.40375,40.65883],[14.40375,40.65003],[14.39899,40.64361],[14.37163,40.63099],[14.36616,40.63099]]]},"properties":{"kind":"road","source":"awmc-roads"}},{"type":"Feature","geometry":{"type":"MultiLineString","coordinates":[[[14.81448,40.92028],[14.8523,40.92866],[14.86067,40.92593]]]},"properties":{"kind":"road","source":"awmc-roads"}},{"type":"Feature","geometry":{"type":"MultiLineString","coordinates":[[[18.36492,40.00207],[18.3773,40.033],[18.38539,40.043],[18.39681,40.05394],[18.40871,40.06061],[18.41584,40.06822],[18.43678,40.07679],[18.44535,40.0844],[18.45582,40.08916],[18.4582,40.08868],[18.45249,40.06965],[18.44535,40.05299],[18.42774,40.02253],[18.42013,40.0016]]]},"properties":{"kind":"road","source":"awmc-roads"}},{"type":"Feature","geometry":{"type":"MultiLineString","coordinates":[[[18.4582,40.08868],[18.47478,40.1087],[18.49114,40.13309],[18.49322,40.14201],[18.46705,40.14291],[18.41232,40.13874]]]},"properties":{"kind":"road","source":"awmc-roads"}},{"type":"Feature","geometry":{"type":"MultiLineString","coordinates":[[[18.41172,40.13874],[18.39953,40.13874],[18.39579,40.13728],[18.3918,40.14053],[18.37395,40.1435],[18.36503,40.14915],[18.35372,40.15272],[18.33261,40.16313],[18.30346,40.19183],[18.29348,40.21759],[18.28323,40.23853],[18.22166,40.2885],[18.20174,40.31185],[18.17735,40.34665],[18.16991,40.35289]]]},"properties":{"kind":"road","source":"awmc-roads"}},{"type":"Feature","geometry":{"type":"MultiLineString","coordinates":[[[18.07313,40.00586],[18.04899,40.06114],[18.03922,40.09212],[18.03,40.13197],[18.03,40.18462],[18.00918,40.20633],[17.98866,40.22313],[17.94821,40.2499],[17.88634,40.28292],[17.82774,40.30195],[17.75458,40.33824],[17.72573,40.3488],[17.68736,40.36635],[17.68022,40.372],[17.63382,40.39758],[17.58593,40.40145],[17.53894,40.40948],[17.51633,40.41513],[17.4857,40.42375],[17.44078,40.44011],[17.39825,40.45915]]]},"properties":{"kind":"road","source":"awmc-roads"}},{"type":"Feature","geometry":{"type":"MultiLineString","coordinates":[[[17.66796,40.30624],[17.6544,40.3179],[17.64179,40.33598],[17.63227,40.3643],[17.6318,40.39047],[17.63382,40.39758],[17.64012,40.45008],[17.63822,40.491],[17.63275,40.50932],[17.62133,40.52777],[17.59254,40.56584],[17.55494,40.61128],[17.53567,40.63127],[17.50164,40.66066],[17.43478,40.73478],[17.41408,40.75334],[17.38505,40.80045],[17.37696,40.81663],[17.37386,40.82877],[17.3722,40.85363],[17.38076,40.88718]]]},"properties":{"kind":"road","source":"awmc-roads"}},{"type":"Feature","geometry":{"type":"MultiLineString","coordinates":[[[18.16991,40.35289],[18.16474,40.36076],[18.15474,40.36433],[18.11976,40.39823],[18.10906,40.41358],[18.04624,40.48389],[18.02625,40.51352],[18.00948,40.54814],[17.98628,40.58026],[17.94844,40.64005],[17.80318,40.56152],[17.72858,40.54582],[17.62864,40.50085],[17.58474,40.50013],[17.55476,40.49728],[17.44519,40.493],[17.41806,40.48229],[17.39165,40.46765],[17.38701,40.46694],[17.39201,40.46194],[17.39825,40.45915]]]},"properties":{"kind":"road","source":"awmc-roads"}},{"type":"Feature","geometry":{"type":"MultiLineString","coordinates":[[[17.38701,40.46694],[17.31027,40.46855],[17.28814,40.46676],[17.25638,40.46783],[17.23068,40.47569],[17.22711,40.47711],[17.22497,40.4814],[17.13253,40.536],[17.11397,40.54493],[17.06971,40.5733],[17.05936,40.57616],[17.0358,40.58722],[16.93479,40.60685],[16.91588,40.61292],[16.83521,40.65325],[16.78275,40.68145],[16.73813,40.70144],[16.71457,40.70786],[16.65068,40.72945],[16.53754,40.77657],[16.44439,40.81083]]]},"properties":{"name":"Via_Appia","kind":"road","source":"awmc-roads"}},{"type":"Feature","geometry":{"type":"MultiLineString","coordinates":[[[16.59765,40.01555],[16.59622,40.0384],[16.59979,40.05696],[16.59979,40.07052],[16.6055,40.08694],[16.61264,40.12263],[16.62763,40.13619],[16.63986,40.14181],[16.65109,40.15475],[16.66861,40.17988],[16.67755,40.19473],[16.6924,40.2347],[16.70725,40.26678]]]},"properties":{"kind":"road","source":"awmc-roads"}},{"type":"Feature","geometry":{"type":"MultiLineString","coordinates":[[[16.70725,40.26678],[16.71125,40.2774],[16.71277,40.29149],[16.71696,40.29967]]]},"properties":{"kind":"road","source":"awmc-roads"}},{"type":"Feature","geometry":{"type":"MultiLineString","coordinates":[[[16.71696,40.29967],[16.72815,40.31604],[16.74243,40.3326],[16.7824,40.37791],[16.80144,40.39666],[16.82123,40.42179],[16.8437,40.44634]]]},"properties":{"kind":"road","source":"awmc-roads"}},{"type":"Feature","geometry":{"type":"MultiLineString","coordinates":[[[17.08223,40.5654],[17.05719,40.55787],[17.01969,40.54321],[16.90109,40.48791],[16.86531,40.46602],[16.8437,40.44634]]]},"properties":{"kind":"road","source":"awmc-roads"}},{"type":"Feature","geometry":{"type":"MultiLineString","coordinates":[[[16.83342,40.43511],[16.84319,40.4609],[16.84499,40.51736],[16.84771,40.53485],[16.84665,40.64746]]]},"properties":{"kind":"road","source":"awmc-roads"}},{"type":"Feature","geometry":{"type":"MultiLineString","coordinates":[[[16.8136,40.4121],[16.78437,40.44424],[16.7631,40.46184],[16.75189,40.46891],[16.72884,40.48018],[16.67323,40.49614],[16.65595,40.5047],[16.64114,40.51671],[16.62811,40.52986],[16.61955,40.54032],[16.60819,40.56213],[16.58392,40.58446],[16.55126,40.60317],[16.53026,40.6121],[16.48124,40.62848],[16.45183,40.64209],[16.41795,40.66394],[16.38549,40.68231],[16.34152,40.69834],[16.28517,40.71405],[16.24196,40.72804],[16.2057,40.74189],[16.19009,40.74846],[16.17962,40.75474],[16.15773,40.76349],[16.11823,40.7763],[16.08635,40.77915],[16.0577,40.78619],[16.02048,40.78515]]]},"properties":{"kind":"road","source":"awmc-roads"}},{"type":"Feature","geometry":{"type":"MultiLineString","coordinates":[[[15.61997,41.31647],[15.58903,41.2662],[15.57119,41.25103],[15.56316,41.24062],[15.55602,41.22843],[15.55334,41.20909]]]},"properties":{"name":"Via_Herdonitana","kind":"road","source":"awmc-roads"}},{"type":"Feature","geometry":{"type":"MultiLineString","coordinates":[[[15.62056,41.31587],[15.64228,41.28999],[15.67559,41.26025],[15.6863,41.24389],[15.71009,41.21653],[15.72556,41.20404],[15.74489,41.17875]]]},"properties":{"kind":"road","source":"awmc-roads"}},{"type":"Feature","geometry":{"type":"MultiLineString","coordinates":[[[15.62056,41.31587],[15.63157,41.29118],[15.63841,41.2659],[15.63662,41.25073],[15.61818,41.20998],[15.60896,41.18173],[15.6051,41.16537],[15.60569,41.15377],[15.60837,41.13979],[15.61253,41.13146],[15.63068,41.10841],[15.63246,41.10395],[15.63127,41.09027],[15.63305,41.08283],[15.64763,41.06618],[15.67351,41.04803],[15.74073,41.02126],[15.74727,41.0174],[15.74905,41.01294],[15.75917,41.00758],[15.78028,41.00178],[15.7901,40.99613],[15.79664,40.98721],[15.80229,40.97442]]]},"properties":{"kind":"road","source":"awmc-roads"}},{"type":"Feature","geometry":{"type":"MultiLineString","coordinates":[[[15.77939,41.1267],[15.78326,41.11629],[15.78504,41.10023],[15.8017,41.04997],[15.80735,41.04253],[15.81538,41.03599],[15.8365,41.02082],[15.85464,41.0116],[15.87635,41.00267],[15.97867,40.96996],[16.04321,40.95568],[16.13334,40.95033],[16.15416,40.95033],[16.19372,40.96698],[16.20799,40.96668],[16.21543,40.96431],[16.23089,40.95568],[16.24993,40.94884],[16.3118,40.9188],[16.33143,40.90512],[16.37099,40.87671],[16.40043,40.84548],[16.40846,40.83358],[16.42661,40.81633]]]},"properties":{"kind":"road","source":"awmc-roads"}},{"type":"Feature","geometry":{"type":"MultiLineString","coordinates":[[[16.44439,40.81083],[16.42661,40.81633],[16.42155,40.81366],[16.39894,40.81425],[16.38199,40.8196],[16.35016,40.83596],[16.33262,40.83983],[16.27135,40.84816],[16.21721,40.84964],[16.18122,40.8547],[16.16992,40.85827],[16.14702,40.86928],[16.10032,40.89396],[16.045,40.91627],[15.98938,40.9356],[15.92127,40.95672],[15.87814,40.95077],[15.86148,40.94988],[15.84066,40.95166]]]},"properties":{"kind":"road","source":"awmc-roads"}},{"type":"Feature","geometry":{"type":"MultiLineString","coordinates":[[[8.21477,47.50458],[8.24404,47.4846],[8.30472,47.45105],[8.39323,47.41178],[8.41037,47.4025],[8.4896,47.38537],[8.51173,47.37752],[8.55028,47.37609],[8.56598,47.37038],[8.57955,47.35396],[8.59882,47.31542],[8.61452,47.30043],[8.65664,47.27901],[8.67163,47.26973],[8.763,47.2426],[8.7837,47.24189],[8.80512,47.24903],[8.82582,47.23975],[8.84224,47.22761],[8.88721,47.22405],[8.92647,47.2319],[8.96573,47.23404],[8.99286,47.2319],[9.01142,47.21905],[9.03712,47.17408],[9.04354,47.16765],[9.05924,47.15766]]]},"properties":{"kind":"road","source":"awmc-roads"}},{"type":"Feature","geometry":{"type":"MultiLineString","coordinates":[[[8.41695,45.3316],[8.46543,45.29889],[8.55258,45.24356],[8.59541,45.20758],[8.62664,45.19151],[8.75186,45.14601],[8.79053,45.12727],[8.80034,45.12757],[8.82711,45.13322],[8.85715,45.14274],[8.92764,45.16147],[8.94668,45.16831],[8.98118,45.17694],[8.9951,45.17902],[9.06738,45.16891],[9.09266,45.1698],[9.14084,45.18259],[9.14335,45.19189]],[[7.12327,45.71469],[7.15256,45.70799],[7.18075,45.70575],[7.20217,45.70647],[7.21858,45.71004],[7.22501,45.71432],[7.24428,45.72003],[7.29354,45.7393],[7.31424,45.74406],[7.32947,45.74549],[7.36956,45.74464],[7.41061,45.74851],[7.43648,45.74791],[7.4924,45.75386],[7.59739,45.75356],[7.62476,45.75624],[7.63636,45.75594],[7.64974,45.75297],[7.66164,45.74464],[7.67027,45.73423],[7.67473,45.72322],[7.6774,45.68902],[7.68395,45.67415],[7.6899,45.6682],[7.72559,45.64441],[7.73868,45.634],[7.75117,45.61972],[7.76366,45.61317],[7.79043,45.60514],[7.80381,45.59741],[7.82969,45.56529],[7.8404,45.54685],[7.84843,45.52365],[7.86092,45.49569],[7.86657,45.48587],[7.87579,45.47933],[7.90336,45.46877],[8.01865,45.41059],[8.03649,45.4056],[8.14321,45.3799],[8.17177,45.37169],[8.26028,45.35349],[8.29633,45.34242],[8.3513,45.32957],[8.41722,45.33104]]]},"properties":{"kind":"road","source":"awmc-roads"}},{"type":"Feature","geometry":{"type":"MultiLineString","coordinates":[[[8.85485,44.88513],[8.84914,44.85515],[8.85009,44.84277],[8.86389,44.79328],[8.86532,44.77425],[8.86008,44.76378],[8.84676,44.75378],[8.842,44.74522],[8.842,44.73427],[8.85961,44.71238],[8.86675,44.7081],[8.83248,44.67145],[8.82725,44.66003],[8.82867,44.64956],[8.86341,44.60626],[8.86579,44.59483],[8.88007,44.58484],[8.88245,44.58056],[8.88102,44.54296],[8.88673,44.51869],[8.89577,44.50537],[8.89577,44.50061],[8.89102,44.49157],[8.89625,44.47681],[8.89673,44.4711],[8.88673,44.45445],[8.87531,44.44683]]]},"properties":{"name":"Via Postumia","kind":"road","source":"awmc-roads"}},{"type":"Feature","geometry":{"type":"MultiLineString","coordinates":[[[8.4771,44.31434],[8.46663,44.32577],[8.45759,44.32862],[8.43427,44.32577],[8.42142,44.32672],[8.39763,44.34004],[8.37859,44.34004],[8.36432,44.3429],[8.34766,44.34242],[8.32815,44.34623],[8.31911,44.35575],[8.29682,44.35736],[8.27397,44.36212],[8.25208,44.36308],[8.23305,44.36879],[8.21496,44.36545],[8.19688,44.37021],[8.17404,44.36641],[8.16071,44.37402],[8.14786,44.37783],[8.13454,44.38544],[8.11265,44.38877],[8.086,44.38068],[8.06315,44.37783],[8.04031,44.37926],[8.03508,44.3883],[8.0327,44.39782],[8.00938,44.41638],[7.98653,44.41923],[7.96036,44.43589],[7.9261,44.43827],[7.90896,44.4416],[7.88565,44.45159],[7.88231,44.45778],[7.88279,44.46349],[7.88707,44.46777],[7.87184,44.4811],[7.8352,44.54487],[7.83425,44.55534],[7.85757,44.59817],[7.85471,44.63957],[7.85566,44.65242],[7.8766,44.67478],[7.88993,44.68192],[7.89576,44.68287]]]},"properties":{"kind":"road","source":"awmc-roads"}},{"type":"Feature","geometry":{"type":"MultiLineString","coordinates":[[[8.41722,45.33104],[8.35488,45.27536],[8.30538,45.22682],[8.29444,45.20826],[8.29206,45.20017]]]},"properties":{"kind":"road","source":"awmc-roads"}},{"type":"Feature","geometry":{"type":"MultiLineString","coordinates":[[[7.51408,45.08029],[7.4882,45.08981],[7.46054,45.09189],[7.43913,45.09933],[7.40105,45.10409],[7.37101,45.11598],[7.34008,45.12282],[7.31777,45.12015],[7.3026,45.12045],[7.28535,45.12401],[7.26542,45.12461],[7.24951,45.13056],[7.14437,45.12639],[7.09797,45.13086],[7.0367,45.12788],[7.02331,45.12996],[7.01439,45.12967]],[[7.68863,45.07453],[7.69481,45.09214],[7.69767,45.10594],[7.70909,45.11689],[7.87756,45.20302],[7.89659,45.20683],[7.93752,45.20683],[7.96512,45.19779],[7.98891,45.19446],[8.09313,45.19827],[8.18546,45.19303],[8.24828,45.19541],[8.29634,45.20017],[8.32537,45.20017],[8.37915,45.19636],[8.61233,45.19922]],[[7.51409,45.08024],[7.53027,45.07739],[7.62498,45.07453],[7.67685,45.07549],[7.68875,45.07406]]]},"properties":{"kind":"road","source":"awmc-roads"}},{"type":"Feature","geometry":{"type":"MultiLineString","coordinates":[[[7.27148,43.70602],[7.26934,43.7153],[7.27076,43.73172],[7.27933,43.74457],[7.28754,43.74992],[7.30753,43.75456],[7.33965,43.75099],[7.41782,43.75599],[7.4353,43.76099],[7.44601,43.76848],[7.45476,43.77098],[7.46761,43.76777],[7.4776,43.76777],[7.49116,43.77455],[7.51222,43.78954],[7.53007,43.79347],[7.55041,43.79525],[7.57682,43.80239],[7.5936,43.80275],[7.66195,43.79204],[7.67658,43.79561],[7.69764,43.80774],[7.70478,43.81024],[7.7319,43.80846],[7.74404,43.81167],[7.7576,43.82024],[7.77473,43.82666],[7.79722,43.83094],[7.82863,43.82809],[7.84523,43.83166],[7.86735,43.84201],[7.88199,43.84558],[7.89412,43.84272],[7.9109,43.84379],[7.94552,43.85236],[7.95837,43.85593],[7.97479,43.87163],[7.98764,43.87592],[8.00513,43.87913],[8.03314,43.89091],[8.0517,43.89341],[8.06777,43.89805],[8.07812,43.90625],[8.08632,43.91625],[8.11238,43.92838],[8.12987,43.93445],[8.13772,43.94159],[8.13951,43.94908],[8.14522,43.95551],[8.16092,43.95801],[8.1677,43.96158],[8.1677,43.96586],[8.16199,43.97478],[8.16092,43.98835],[8.16342,44.00048],[8.16984,44.00976],[8.21963,44.05009],[8.22249,44.05937],[8.22356,44.07508],[8.22642,44.08793],[8.23677,44.10898],[8.24605,44.12326],[8.28031,44.1561],[8.30869,44.16859],[8.3947,44.18822],[8.41112,44.19572],[8.41576,44.20607],[8.41469,44.2207],[8.41755,44.23212],[8.44646,44.25032],[8.45145,44.25782],[8.45038,44.26317],[8.43718,44.27174],[8.43396,44.27852],[8.44289,44.28887],[8.45859,44.30065],[8.47572,44.30922],[8.47737,44.31494]]]},"properties":{"name":"Via Iulia Augusta","kind":"road","source":"awmc-roads"}},{"type":"Feature","geometry":{"type":"MultiLineString","coordinates":[[[9.69969,45.06114],[9.56549,45.0659],[9.5141,45.06304],[9.44842,45.06352],[9.35063,45.07875],[9.33492,45.07684],[9.32541,45.07304],[9.31398,45.07684],[9.30875,45.0835],[9.29209,45.08826],[9.27306,45.08826],[9.26925,45.08208],[9.26687,45.06923],[9.25545,45.06352],[9.19311,45.0421],[9.10578,45.01783],[9.03773,45.00355],[9.00346,44.99975],[8.97919,44.99261],[8.93636,44.97072],[8.89663,44.93217],[8.86189,44.90314],[8.8557,44.89362],[8.85475,44.88458]]]},"properties":{"name":"Via Postumia/Via Iulia Augusta","kind":"road","source":"awmc-roads"}},{"type":"Feature","geometry":{"type":"MultiLineString","coordinates":[[[8.4771,44.31434],[8.46663,44.32577],[8.45759,44.32862],[8.43427,44.32577],[8.42142,44.32672],[8.39763,44.34004],[8.37859,44.34004],[8.36432,44.3429],[8.34766,44.34242],[8.32815,44.34623],[8.31911,44.35575],[8.29682,44.35736]],[[8.29674,44.35765],[8.28627,44.37193],[8.28342,44.38525],[8.2758,44.39667],[8.2758,44.40857],[8.28342,44.41952],[8.30673,44.43094],[8.30435,44.43998],[8.30721,44.44617],[8.31625,44.45188],[8.31625,44.45711],[8.30007,44.45806],[8.29151,44.46139],[8.29151,44.46473],[8.29579,44.46711],[8.29674,44.47615],[8.29912,44.47805],[8.2996,44.48471],[8.30293,44.48947],[8.29722,44.49613],[8.29769,44.49994],[8.30673,44.50613],[8.30864,44.51041],[8.3034,44.51565],[8.29769,44.5185],[8.29864,44.52516],[8.30769,44.52945],[8.31197,44.53801],[8.33481,44.54706],[8.35194,44.56181],[8.35242,44.58227],[8.35956,44.6113],[8.35861,44.62129],[8.36574,44.6351],[8.36241,44.66032],[8.36479,44.66555],[8.37526,44.66603],[8.39049,44.66412],[8.43618,44.68031],[8.49947,44.68649],[8.51422,44.6922],[8.52089,44.69934],[8.52755,44.71885],[8.54325,44.73979],[8.57038,44.76454],[8.5937,44.77977],[8.63486,44.79642],[8.68388,44.81308],[8.76097,44.84687],[8.8552,44.88494]]]},"properties":{"name":"Via Aemilia Scauri/Via Iulia Augusta","kind":"road","source":"awmc-roads"}},{"type":"Feature","geometry":{"type":"MultiLineString","coordinates":[[[8.47734,44.31434],[8.48353,44.32339],[8.50114,44.33433],[8.5216,44.34052],[8.53635,44.34195],[8.54587,44.35004],[8.5592,44.35384],[8.56538,44.36384],[8.6006,44.3724],[8.62059,44.37954],[8.64057,44.39477],[8.67531,44.40286],[8.68864,44.41666],[8.70054,44.42142],[8.75955,44.43665],[8.80476,44.43332],[8.83141,44.42903],[8.85139,44.43284],[8.87614,44.44569],[8.8966,44.43617],[8.9242,44.41999],[8.94205,44.40572],[8.96442,44.39905],[8.99392,44.4],[9.01343,44.39144],[9.0772,44.38478],[9.11956,44.37573],[9.14621,44.36812],[9.16334,44.35479],[9.1957,44.35051],[9.22116,44.35194],[9.23353,44.35622],[9.2421,44.35717],[9.25923,44.34718],[9.32538,44.32719],[9.35156,44.3153]]]},"properties":{"name":"Via Aemilia Scauri","kind":"road","source":"awmc-roads"}},{"type":"Feature","geometry":{"type":"MultiLineString","coordinates":[[[11.18017,42.56068],[11.16589,42.60637],[11.15114,42.63635],[11.13163,42.66585],[11.1026,42.68965],[11.05692,42.71725],[11.00695,42.73486],[10.93604,42.75485],[10.89464,42.76912],[10.87608,42.77103],[10.85228,42.77864],[10.83848,42.78673],[10.83325,42.79672],[10.83087,42.82242],[10.82373,42.83765],[10.80731,42.86335],[10.79113,42.90094],[10.78304,42.91332],[10.76829,42.92521],[10.67501,42.97804],[10.58578,43.03705],[10.57055,43.05133],[10.55675,43.07369],[10.54486,43.1051],[10.55057,43.19552],[10.5439,43.24168],[10.52677,43.28404],[10.51249,43.30212],[10.46205,43.34019],[10.45539,43.35304],[10.45777,43.36589],[10.46633,43.37874],[10.48156,43.39444],[10.4887,43.41015],[10.47918,43.42585],[10.48109,43.44679],[10.47775,43.47582],[10.47204,43.4901],[10.46728,43.51151],[10.43224,43.60291],[10.4216,43.62668],[10.41303,43.66808],[10.40399,43.6933],[10.39638,43.72186],[10.39543,43.74803],[10.39876,43.77373],[10.39923,43.79277],[10.39543,43.80086],[10.35307,43.82989],[10.33594,43.86225],[10.24814,43.93506],[10.20554,43.96266],[10.11846,44.01834],[10.07372,44.03737],[10.02566,44.0626],[10.00805,44.07687],[9.99044,44.09734],[9.93952,44.12684],[9.92048,44.15111],[9.91763,44.15825],[9.91858,44.16682],[9.91525,44.17348],[9.90954,44.17586],[9.90145,44.173],[9.88908,44.17776],[9.87527,44.18871],[9.85386,44.19775],[9.81579,44.19585],[9.79533,44.20299],[9.78057,44.20061],[9.77677,44.19727],[9.7701,44.20013],[9.7663,44.20441],[9.76392,44.21345],[9.75368,44.2225],[9.7218,44.2263],[9.70181,44.22678],[9.68373,44.23344],[9.66945,44.23297],[9.66184,44.23868],[9.65422,44.24867],[9.64708,44.25057],[9.59807,44.252],[9.58284,44.24677],[9.5776,44.24819],[9.57237,44.25391],[9.51265,44.26247],[9.48933,44.26057],[9.45363,44.26675],[9.39796,44.28008],[9.39938,44.29198],[9.3951,44.30387],[9.38606,44.30911],[9.36845,44.31196],[9.35988,44.31149],[9.35084,44.31482]]]},"properties":{"name":"Via Aemilia Scauri/ Via Aurelia","kind":"road","source":"awmc-roads"}},{"type":"Feature","geometry":{"type":"MultiLineString","coordinates":[[[9.72489,44.79214],[9.72185,44.80042],[9.72727,44.82212],[9.72442,44.83307],[9.7268,44.83783],[9.73584,44.84734],[9.74869,44.87399],[9.75583,44.89684],[9.75392,44.91778],[9.74583,44.93586],[9.73822,44.9468],[9.73156,44.95252]]]},"properties":{"kind":"road","source":"awmc-roads"}},{"type":"Feature","geometry":{"type":"MultiLineString","coordinates":[[[9.73108,44.95347],[9.72013,44.96489],[9.71395,44.97679],[9.70538,45.01724],[9.69919,45.06149],[9.69015,45.03818],[9.66303,45.00344],[9.65636,44.98535],[9.64494,44.9687],[9.59069,44.91159],[9.5826,44.8935],[9.56595,44.88541],[9.53406,44.85258],[9.50789,44.83021],[9.49218,44.82212],[9.45268,44.81831],[9.42698,44.80499],[9.40795,44.80023],[9.3951,44.79309],[9.38606,44.7831],[9.3813,44.77501]]]},"properties":{"kind":"road","source":"awmc-roads"}},{"type":"Feature","geometry":{"type":"MultiLineString","coordinates":[[[9.43793,45.29944],[9.476,45.28136],[9.52264,45.26327],[9.54643,45.26137],[9.58355,45.26375],[9.61306,45.25899],[9.63495,45.25138],[9.6597,45.23805],[9.72727,45.21521],[9.76201,45.19665],[9.77035,45.18933]]]},"properties":{"kind":"road","source":"awmc-roads"}},{"type":"Feature","geometry":{"type":"MultiLineString","coordinates":[[[9.19013,45.46983],[9.19808,45.43555],[9.20569,45.41175],[9.21236,45.37987],[9.21141,45.30039],[9.2076,45.27231],[9.20379,45.26185],[9.18809,45.24995],[9.17714,45.23282],[9.17333,45.21806],[9.16334,45.20617],[9.14335,45.19189]]]},"properties":{"kind":"road","source":"awmc-roads"}},{"type":"Feature","geometry":{"type":"MultiLineString","coordinates":[[[9.41772,45.31172],[9.47981,45.32371],[9.50836,45.33466],[9.60021,45.34989],[9.63447,45.3594],[9.70681,45.3694],[9.7287,45.37987],[9.74916,45.38177],[9.78248,45.38129],[9.80056,45.37987],[9.8196,45.37511],[9.83197,45.37987],[9.84815,45.39319],[9.86338,45.40033],[9.90097,45.40223],[9.93286,45.40937],[9.97331,45.42698],[10.00234,45.44459],[10.01519,45.45696],[10.04469,45.47695],[10.06801,45.49503],[10.13416,45.52311],[10.17461,45.53263],[10.21693,45.53954],[10.23685,45.53792]]]},"properties":{"kind":"road","source":"awmc-roads"}},{"type":"Feature","geometry":{"type":"MultiLineString","coordinates":[[[10.02591,45.14222],[10.04993,45.13145],[10.09466,45.11955],[10.14796,45.11622],[10.18889,45.10718],[10.24457,45.09052],[10.28883,45.08005],[10.36306,45.0396],[10.39209,45.02104],[10.43812,44.98679],[10.48965,44.95585],[10.50203,44.94585],[10.51154,44.93348],[10.51678,44.92158]]]},"properties":{"kind":"road","source":"awmc-roads"}},{"type":"Feature","geometry":{"type":"MultiLineString","coordinates":[[[10.14182,36.39499],[10.20892,36.34835],[10.22224,36.33169],[10.23033,36.31123],[10.23414,36.2941],[10.2527,36.23889],[10.27221,36.1913],[10.28078,36.18321],[10.29077,36.1637],[10.31219,36.14847],[10.32456,36.13467],[10.34455,36.09898],[10.36501,36.06757],[10.37548,36.04521],[10.38643,36.01332],[10.40927,35.99524],[10.46876,35.95336],[10.53205,35.90339],[10.56251,35.88197],[10.5863,35.86675],[10.63056,35.84533]]]},"properties":{"kind":"road","source":"awmc-roads"}},{"type":"Feature","geometry":{"type":"MultiLineString","coordinates":[[[11.96291,42.01749],[12.02573,42.01606]]]},"properties":{"kind":"road","source":"awmc-roads"}},{"type":"Feature","geometry":{"type":"MultiLineString","coordinates":[[[12.15821,41.94203],[12.13923,41.95955],[12.13685,41.97406],[12.09782,41.99738]]]},"properties":{"kind":"road","source":"awmc-roads"}},{"type":"Feature","geometry":{"type":"MultiLineString","coordinates":[[[12.38779,41.68271],[12.41581,41.7008],[12.42071,41.71362]]]},"properties":{"kind":"road","source":"awmc-roads"}},{"type":"Feature","geometry":{"type":"MultiLineString","coordinates":[[[8.49172,39.08925],[8.51028,39.1071],[8.51813,39.13779],[8.51813,39.17848],[8.51099,39.19205],[8.50957,39.20133],[8.53027,39.22131],[8.57667,39.24202],[8.57881,39.26771],[8.5681,39.29198],[8.54097,39.32768],[8.52099,39.37122],[8.49957,39.37764],[8.47816,39.38835],[8.47459,39.40263],[8.47958,39.41548],[8.49101,39.42833],[8.48601,39.46259],[8.496,39.47901],[8.55454,39.52041],[8.5888,39.52541],[8.60022,39.53041],[8.60593,39.54254],[8.62735,39.55253],[8.64377,39.55253],[8.65876,39.56396],[8.66804,39.5868],[8.66518,39.61749],[8.65448,39.6332],[8.62092,39.66532],[8.5888,39.68602],[8.56739,39.68031],[8.55025,39.68388],[8.56739,39.68031],[8.5888,39.68602],[8.59951,39.69173],[8.61521,39.69459],[8.63306,39.69173],[8.65448,39.68103],[8.6766,39.67817],[8.723,39.66532],[8.73585,39.6589],[8.75441,39.65604],[8.77083,39.65818],[8.77868,39.66889],[8.78011,39.68959],[8.7794,39.72386],[8.78582,39.7517],[8.80295,39.76597],[8.83293,39.77954],[8.85863,39.79738],[8.88933,39.83236],[8.88933,39.84664],[8.89718,39.85663],[8.92002,39.87233],[8.94572,39.92444],[8.93644,39.948],[8.91574,39.96371],[8.85435,39.99155],[8.83555,39.99274],[8.87077,40.03009],[8.83555,39.99274],[8.80081,39.9944],[8.78225,39.98369],[8.77083,39.96513],[8.7487,39.94586],[8.72372,39.93016],[8.7023,39.9223],[8.6766,39.90446],[8.60165,39.88304]]]},"properties":{"kind":"road","source":"awmc-roads"}},{"type":"Feature","geometry":{"type":"MultiLineString","coordinates":[[[8.57595,39.24202],[8.66804,39.28128],[8.75513,39.28699],[8.7694,39.28913],[8.8051,39.30626],[8.86006,39.29984],[8.95,39.29627],[8.98355,39.29698],[9.00283,39.27771],[9.03923,39.272],[9.07136,39.25201],[9.07921,39.25201],[9.09206,39.23845],[9.08992,39.2463],[9.12418,39.26058],[9.19771,39.28056],[9.22412,39.28984]]]},"properties":{"kind":"road","source":"awmc-roads"}},{"type":"Feature","geometry":{"type":"MultiLineString","coordinates":[[[9.06922,39.29627],[9.07635,39.30912],[9.07278,39.32768],[9.08349,39.36408],[9.08278,39.39192],[9.09134,39.41191],[9.09134,39.43404],[9.08706,39.44831],[9.08992,39.47615],[9.10277,39.50185],[9.12347,39.51684],[9.13632,39.54968],[9.13632,39.59893],[9.13417,39.62749],[9.14203,39.65961],[9.14917,39.67532],[9.14988,39.716],[9.13917,39.72885],[9.11847,39.74527],[9.08278,39.76312],[9.05637,39.76312],[9.03995,39.77026],[9.03281,39.7831],[9.05351,39.84949],[9.06279,39.8652],[9.07278,39.86948],[9.0942,39.87233],[9.11704,39.88447],[9.12418,39.90089],[9.11276,39.91516],[9.07207,39.95014],[9.06707,39.96085],[9.06779,39.98155],[9.07921,40.01153],[9.09848,40.03723],[9.10062,40.05079],[9.09634,40.06864]]]},"properties":{"kind":"road","source":"awmc-roads"}},{"type":"Feature","geometry":{"type":"MultiLineString","coordinates":[[[8.41748,40.81361],[8.43033,40.79933],[8.48101,40.76007],[8.49743,40.75151],[8.51314,40.73366],[8.54169,40.71082],[8.5731,40.70154],[8.61736,40.6944],[8.64305,40.67941],[8.67803,40.65514],[8.72657,40.59803],[8.74442,40.56305],[8.74727,40.5395],[8.74727,40.49381],[8.75655,40.45312],[8.76482,40.42998],[8.80337,40.34289],[8.7998,40.31577],[8.79338,40.29292],[8.78053,40.27365],[8.77981,40.26152],[8.78195,40.25366],[8.8048,40.23011],[8.80837,40.22297],[8.80694,40.21012],[8.80051,40.19013],[8.80051,40.16872],[8.80979,40.15515],[8.81122,40.13802],[8.8462,40.09376],[8.84834,40.06949],[8.86976,40.03023],[8.88832,40.03166],[8.91616,40.04023],[8.96327,40.07306],[8.98112,40.07449],[8.99468,40.07306],[9.01467,40.06378],[9.04964,40.05736],[9.07534,40.0595],[9.10675,40.07378],[9.13316,40.09234],[9.15101,40.09947],[9.16671,40.10019],[9.19313,40.12803],[9.20954,40.13588],[9.24666,40.1316],[9.26951,40.13873],[9.28164,40.15801],[9.28735,40.18014],[9.28664,40.20155],[9.28378,40.22297],[9.26522,40.26508],[9.25666,40.31291],[9.25737,40.34361],[9.2538,40.36788],[9.2538,40.40214],[9.26522,40.43141],[9.28735,40.46139],[9.29592,40.48066],[9.28592,40.5292],[9.27022,40.57489],[9.26808,40.59131],[9.27593,40.61344],[9.28807,40.627],[9.34018,40.65984],[9.36587,40.68554],[9.37159,40.70481],[9.36873,40.7612],[9.35945,40.7819],[9.32733,40.8076],[9.30591,40.82259],[9.2952,40.83544]]]},"properties":{"kind":"road","source":"awmc-roads"}},{"type":"Feature","geometry":{"type":"MultiLineString","coordinates":[[[8.76696,40.42498],[8.80266,40.43997],[8.83549,40.47353],[8.84263,40.49423],[8.84192,40.5392],[8.84691,40.55348],[8.86405,40.57846],[8.87761,40.60987],[8.88332,40.63057],[8.91901,40.66198],[8.97184,40.68554],[9.10033,40.72979],[9.13245,40.74907],[9.15529,40.7712],[9.24167,40.79618],[9.27379,40.81188],[9.3002,40.84258],[9.32519,40.86685],[9.34303,40.87756],[9.38301,40.90897],[9.4137,40.9161],[9.43012,40.92681]]]},"properties":{"kind":"road","source":"awmc-roads"}},{"type":"Feature","geometry":{"type":"MultiLineString","coordinates":[[[9.67354,40.78262],[9.64213,40.7819],[9.61572,40.78761],[9.58788,40.8026],[9.53862,40.84401],[9.52149,40.86899],[9.51221,40.88541],[9.50793,40.90326],[9.50721,40.92824],[9.50008,40.93038],[9.45653,40.92681],[9.41584,40.92753],[9.37801,40.91896],[9.36159,40.91682],[9.33447,40.91896],[9.29735,40.92824],[9.27379,40.94109],[9.25594,40.9418],[9.22739,40.93181],[9.21097,40.92253],[9.17028,40.91396],[9.12103,40.91254],[9.0368,40.90397],[9.02252,40.90611],[8.95399,40.89826],[8.9183,40.9004],[8.88475,40.91182]]]},"properties":{"kind":"road","source":"awmc-roads"}},{"type":"Feature","geometry":{"type":"MultiLineString","coordinates":[[[8.56495,40.79904],[8.58351,40.79047],[8.59564,40.79475],[8.61706,40.80689],[8.62705,40.80689],[8.64204,40.79547],[8.65489,40.7819],[8.67559,40.77762],[8.70129,40.77762],[8.72556,40.7869],[8.7741,40.79975],[8.79052,40.80832],[8.82693,40.8126],[8.86619,40.82902],[8.88261,40.83972],[8.9597,40.8797],[8.98254,40.89469],[9.02609,40.93395],[9.04893,40.95822],[9.0682,40.97607],[9.07106,40.9882],[9.07035,40.9982],[9.05678,41.01747],[9.03822,41.06458],[9.0575,41.09599],[9.06035,41.10599],[9.05535,41.11598]]]},"properties":{"kind":"road","source":"awmc-roads"}},{"type":"Feature","geometry":{"type":"MultiLineString","coordinates":[[[9.28664,41.1788],[9.27308,41.16381],[9.27022,41.15096],[9.27022,41.13882],[9.26308,41.12312],[9.21525,41.08885],[9.19527,41.06815],[9.17171,41.03674],[9.09676,40.95894],[9.08819,40.94109],[9.08891,40.92324],[9.10604,40.89183],[9.11389,40.86828],[9.11532,40.85686],[9.10747,40.84187],[9.08819,40.82616],[9.07106,40.80403],[9.06392,40.78761],[9.06178,40.76334],[9.06963,40.74121],[9.07963,40.72337]]]},"properties":{"kind":"road","source":"awmc-roads"}},{"type":"Feature","geometry":{"type":"MultiLineString","coordinates":[[[15.26712,47.41223],[15.29211,47.40866],[15.31233,47.39676],[15.34564,47.36821],[15.37539,47.33371],[15.34921,47.30516],[15.32423,47.30159],[15.30281,47.29207],[15.304,47.26589],[15.33494,47.23496],[15.34564,47.20879],[15.33851,47.15882],[15.34564,47.1374],[15.36349,47.13027],[15.39918,47.11123],[15.41465,47.09219],[15.42417,47.05769],[15.46105,46.97441],[15.47652,46.94705],[15.48008,46.92206],[15.48603,46.89589],[15.51102,46.86971],[15.53005,46.84116],[15.54195,46.79357],[15.53362,46.76264],[15.55623,46.74241],[15.61214,46.70791],[15.65141,46.69482],[15.68115,46.65437],[15.69424,46.61987],[15.71803,46.59251],[15.74539,46.55206],[15.82987,46.46164],[15.85961,46.43427],[15.88806,46.4238],[15.92802,46.41762],[16.03985,46.41405],[16.16121,46.41762],[16.254,46.42594],[16.33253,46.44974]]]},"properties":{"kind":"road","source":"awmc-roads"}},{"type":"Feature","geometry":{"type":"MultiLineString","coordinates":[[[16.20879,46.21774],[16.20285,46.23202],[16.24449,46.2689],[16.22545,46.27842],[16.19928,46.30697],[16.18381,46.34147],[16.16477,46.36051],[16.13384,46.37003],[16.08982,46.3736],[16.0696,46.36884],[16.03985,46.38073],[16.01368,46.3736],[15.99821,46.3736],[15.95776,46.38906],[15.92921,46.40334],[15.88107,46.41806]]]},"properties":{"kind":"road","source":"awmc-roads"}},{"type":"Feature","geometry":{"type":"MultiLineString","coordinates":[[[15.88341,40.01271],[15.87556,40.02295],[15.84058,40.0446],[15.81179,40.07934],[15.76087,40.12395],[15.62857,40.25709],[15.62548,40.27588],[15.63475,40.28754],[15.65046,40.31705],[15.65546,40.32811],[15.65569,40.33406],[15.64737,40.34453],[15.62357,40.36547],[15.6131,40.38141],[15.59192,40.39307],[15.54862,40.45482],[15.53291,40.48052],[15.52744,40.49051],[15.52506,40.50193],[15.52554,40.51193],[15.52316,40.51752],[15.51578,40.52513],[15.50722,40.52918],[15.48152,40.53536],[15.47224,40.53965],[15.46248,40.54702],[15.45725,40.55416],[15.44678,40.56273],[15.41989,40.56987],[15.403,40.57796],[15.38301,40.59414],[15.38206,40.59723],[15.39657,40.60365],[15.398,40.60794],[15.39586,40.61198],[15.37063,40.63637],[15.33423,40.65898],[15.32542,40.66159],[15.32281,40.65898],[15.31995,40.65874],[15.31472,40.66088],[15.31186,40.66968],[15.30734,40.67658],[15.30353,40.68158],[15.29901,40.6842],[15.29187,40.68658],[15.27117,40.68824],[15.2657,40.69062],[15.25904,40.69776],[15.25428,40.70847],[15.25357,40.72227],[15.25071,40.72762],[15.24333,40.76736],[15.24785,40.77973],[15.25214,40.78259]]]},"properties":{"kind":"road","source":"awmc-roads"}},{"type":"Feature","geometry":{"type":"MultiLineString","coordinates":[[[15.25214,40.78259],[15.26384,40.79182],[15.28098,40.79967],[15.29478,40.81038],[15.3062,40.82275],[15.32214,40.83132],[15.34046,40.84607],[15.34903,40.85726],[15.38091,40.87701],[15.38401,40.88819],[15.37378,40.90389],[15.37044,40.91615],[15.36878,40.93614],[15.37568,40.95398],[15.40233,41.003],[15.41351,41.01977],[15.42069,41.05395]]]},"properties":{"kind":"road","source":"awmc-roads"}},{"type":"Feature","geometry":{"type":"MultiLineString","coordinates":[[[15.42069,41.05395],[15.39081,41.02977],[15.37368,41.0193],[15.35203,41.01049],[15.28635,40.99669],[15.23472,40.98979],[15.2114,40.98908],[15.16905,40.99503],[15.14716,41.00098],[15.12788,41.00883]]]},"properties":{"kind":"road","source":"awmc-roads"}},{"type":"Feature","geometry":{"type":"MultiLineString","coordinates":[[[15.12788,41.00883],[15.07768,41.02858],[15.03508,41.04928],[14.99582,41.07355],[14.96989,41.07997],[14.9399,41.08999],[14.91992,41.09856],[14.90493,41.1145],[14.89374,41.11997],[14.87661,41.1195],[14.85496,41.12378]]]},"properties":{"kind":"road","source":"awmc-roads"}},{"type":"Feature","geometry":{"type":"MultiLineString","coordinates":[[[15.09317,41.02249],[15.06435,41.01135],[15.03032,40.98256],[15.00962,40.96947],[14.9863,40.95781],[14.90231,40.93092],[14.86067,40.92593]]]},"properties":{"kind":"road","source":"awmc-roads"}},{"type":"Feature","geometry":{"type":"MultiLineString","coordinates":[[[15.01295,41.06332],[15.0547,41.06964],[15.07219,41.07598],[15.08953,41.0897],[15.09435,41.09814],[15.09812,41.13628],[15.1031,41.14698],[15.11636,41.16304],[15.12722,41.17254],[15.14772,41.18445],[15.15228,41.18973]]]},"properties":{"kind":"road","source":"awmc-roads"}},{"type":"Feature","geometry":{"type":"MultiLineString","coordinates":[[[15.54881,40.08583],[15.51098,40.07417]]]},"properties":{"kind":"road","source":"awmc-roads"}},{"type":"Feature","geometry":{"type":"MultiLineString","coordinates":[[[15.50698,40.07345],[15.49318,40.07274],[15.46296,40.08535],[15.43774,40.09082],[15.41513,40.09201],[15.36612,40.08892],[15.35707,40.08511],[15.33518,40.07084],[15.30996,40.07131],[15.29259,40.07464],[15.2688,40.08916],[15.25452,40.1001],[15.21597,40.12033],[15.18552,40.13342],[15.17005,40.15483],[15.16553,40.18767],[15.15887,40.196],[15.14173,40.20528]]]},"properties":{"kind":"road","source":"awmc-roads"}},{"type":"Feature","geometry":{"type":"MultiLineString","coordinates":[[[15.14173,40.20528],[15.12151,40.22219],[15.08582,40.26931],[15.0663,40.2868],[15.03656,40.30512]]]},"properties":{"kind":"road","source":"awmc-roads"}},{"type":"Feature","geometry":{"type":"MultiLineString","coordinates":[[[15.03656,40.30512],[15.01943,40.31963],[15.00539,40.33748],[15.00016,40.35604],[15.00777,40.40839],[15.01324,40.42159],[15.02014,40.44563]]]},"properties":{"kind":"road","source":"awmc-roads"}},{"type":"Feature","geometry":{"type":"MultiLineString","coordinates":[[[15.01773,40.43604],[15.05379,40.45705],[15.08615,40.4649],[15.11209,40.46585],[15.14778,40.458],[15.19085,40.4511],[15.22344,40.43968],[15.26794,40.41945],[15.3241,40.40184],[15.34147,40.39946],[15.35075,40.39994],[15.38739,40.40898],[15.39881,40.41374],[15.43355,40.4235],[15.44378,40.42278],[15.46115,40.41755],[15.47065,40.41205],[15.48626,40.39405],[15.4937,40.3884],[15.50143,40.38498],[15.51095,40.38334],[15.54129,40.38334]]]},"properties":{"kind":"road","source":"awmc-roads"}},{"type":"Feature","geometry":{"type":"MultiLineString","coordinates":[[[10.32024,43.51384],[10.32642,43.50337],[10.33166,43.48196],[10.33975,43.47196],[10.36021,43.46435],[10.38163,43.45102],[10.39543,43.43294],[10.4078,43.40772],[10.41589,43.40819],[10.42398,43.40534],[10.42684,43.40105]]]},"properties":{"kind":"road","source":"awmc-roads"}},{"type":"Feature","geometry":{"type":"MultiLineString","coordinates":[[[9.51711,42.54549],[9.51045,42.52836],[9.51901,42.50933],[9.51901,42.49315],[9.49998,42.43794],[9.50664,42.42081],[9.52758,42.37893],[9.52758,42.34467],[9.54852,42.29898],[9.54471,42.26948],[9.5371,42.23902],[9.53139,42.20285],[9.51616,42.16288],[9.50664,42.14289],[9.50569,42.12766],[9.51425,42.10482],[9.50854,42.09435],[9.46191,42.07246],[9.42193,42.06389],[9.38767,42.04295],[9.36482,42.00869],[9.35911,41.98775],[9.36197,41.95158],[9.38767,41.88496],[9.39338,41.8288],[9.39052,41.79263],[9.39909,41.77169],[9.39623,41.73933],[9.39147,41.7203],[9.38386,41.71554],[9.35435,41.71268],[9.3258,41.68984],[9.3001,41.65558],[9.29154,41.63083],[9.28107,41.6137],[9.27536,41.59466],[9.27536,41.56896],[9.26869,41.54041],[9.26298,41.52709],[9.26108,41.5071],[9.2449,41.4833],[9.23348,41.46236],[9.20778,41.44333],[9.20112,41.41477],[9.1916,41.39384],[9.18113,41.38241]]]},"properties":{"kind":"road","source":"awmc-roads"}},{"type":"Feature","geometry":{"type":"MultiLineString","coordinates":[[[9.18208,41.2406],[9.18494,41.21776],[9.17827,41.19586],[9.15829,41.15589],[9.13449,41.14066],[9.08405,41.12353],[9.04122,41.11211],[9.01742,41.0788],[8.97079,41.03596],[8.95556,41.0255],[8.91368,41.00646],[8.89179,40.98933],[8.87656,40.95601],[8.85467,40.93698],[8.81374,40.91318],[8.78614,40.90652],[8.75854,40.90367],[8.72047,40.91318],[8.70048,40.91128],[8.67002,40.89225],[8.6053,40.83799],[8.56247,40.79707],[8.51964,40.79897],[8.41209,40.81515],[8.39591,40.83704],[8.38258,40.84085],[8.36069,40.82943],[8.35117,40.81134],[8.34166,40.78374],[8.3369,40.75138],[8.31881,40.73139],[8.29026,40.71712],[8.24457,40.7057],[8.21412,40.69332],[8.20745,40.68],[8.21412,40.64954],[8.21888,40.60861],[8.23601,40.59243],[8.26646,40.601],[8.29692,40.5991],[8.3131,40.59053],[8.35974,40.53247],[8.42827,40.47632],[8.43588,40.45442],[8.43779,40.42587],[8.46634,40.39065],[8.48823,40.38399],[8.50251,40.36686],[8.49394,40.32784],[8.49204,40.30214],[8.50441,40.27739],[8.50156,40.26312],[8.48062,40.21933],[8.48252,40.18983],[8.4987,40.13558],[8.50536,40.10131],[8.49775,40.08037],[8.47015,40.03183],[8.45587,39.99281],[8.44826,39.94617],[8.43208,39.87955],[8.44064,39.91286],[8.47681,39.92428],[8.50346,39.91857],[8.58246,39.92047],[8.60054,39.90049],[8.6034,39.8824],[8.62338,39.85575],[8.63385,39.83672],[8.65384,39.77771],[8.69858,39.71108],[8.76044,39.66254],[8.78328,39.62923],[8.8442,39.58164],[8.92034,39.50359],[8.96698,39.44934],[9.00315,39.40365],[9.0336,39.377],[9.09928,39.22472]]]},"properties":{"kind":"road","source":"awmc-roads"}},{"type":"Feature","geometry":{"type":"MultiLineString","coordinates":[[[8.45492,39.06196],[8.46729,39.06482],[8.48633,39.08957],[8.50536,39.09052],[8.51964,39.08481],[8.52916,39.07339],[8.58055,39.05149],[8.61672,39.0258],[8.6329,39.00391],[8.66431,38.98868],[8.69953,38.97726],[8.71761,38.96203],[8.74521,38.95727],[8.80993,38.95441],[8.83182,38.94109],[8.87561,38.90587],[8.91749,38.93918],[8.95365,38.96298],[8.98411,39.00581],[8.99744,39.03151],[8.98887,39.08576],[9.00981,39.14667],[9.02313,39.17237],[9.0574,39.20473],[9.08595,39.21996],[9.1402,39.23804],[9.18303,39.2409],[9.25061,39.23424],[9.28678,39.25042],[9.36102,39.2961],[9.43811,39.33227],[9.49998,39.35702],[9.5133,39.35892],[9.54186,39.35511],[9.56755,39.35987],[9.58088,39.38081],[9.59135,39.40175],[9.61895,39.43602],[9.63608,39.45124],[9.60848,39.49217],[9.59325,39.53215],[9.59135,39.5588],[9.5923,39.58164],[9.58659,39.60543],[9.58088,39.66349],[9.58278,39.693],[9.57802,39.7225],[9.55899,39.76724],[9.55708,39.78437],[9.5628,39.79389],[9.58564,39.80055],[9.62466,39.80055],[9.63989,39.81292],[9.6456,39.8291],[9.65607,39.87574],[9.65226,39.90049],[9.66273,39.95093],[9.66464,40.02993],[9.64465,40.04801],[9.61895,40.05277],[9.61038,40.07561],[9.59516,40.09275],[9.54281,40.09275],[9.50378,40.11273],[9.49427,40.13653],[9.49807,40.15081],[9.52853,40.18412],[9.55708,40.22885],[9.57707,40.26692],[9.59516,40.27549],[9.59611,40.3107],[9.60753,40.32879],[9.67035,40.36115],[9.67606,40.37067],[9.67225,40.38209],[9.6475,40.42302],[9.65512,40.42777],[9.697,40.42777],[9.74935,40.443],[9.76267,40.4687],[9.76933,40.4963],[9.78646,40.5201],[9.78361,40.5458],[9.78932,40.55912],[9.77885,40.58292],[9.76267,40.58672],[9.7503,40.57816],[9.70271,40.57625],[9.68272,40.59814],[9.68272,40.61432],[9.70271,40.68476],[9.6989,40.70474],[9.6732,40.72568],[9.66654,40.73806],[9.67796,40.76566],[9.66559,40.80754],[9.65226,40.84085],[9.61134,40.88939],[9.54471,40.90747],[9.50283,40.93222],[9.48665,40.95411],[9.48189,40.976],[9.46571,40.99504],[9.43526,41.01312],[9.42574,41.0293],[9.41146,41.03977],[9.36292,41.10354],[9.36292,41.12067],[9.36863,41.15874],[9.36482,41.16731],[9.35626,41.16921],[9.31248,41.16541],[9.28963,41.17588],[9.243,41.21776],[9.22872,41.22156],[9.21539,41.23013],[9.20492,41.23013],[9.18399,41.22537]]]},"properties":{"kind":"road","source":"awmc-roads"}},{"type":"Feature","geometry":{"type":"MultiLineString","coordinates":[[[8.84134,40.92936],[8.88512,40.91223],[8.89845,40.88368],[8.91368,40.85703]]]},"properties":{"kind":"road","source":"awmc-roads"}},{"type":"Feature","geometry":{"type":"MultiLineString","coordinates":[[[9.91778,44.16657],[9.94014,44.17656],[9.93824,44.18322],[9.94014,44.18941],[9.94728,44.19131],[9.97155,44.20654],[9.97584,44.21701],[9.97441,44.22986],[9.96156,44.2508],[9.95728,44.26127],[9.95823,44.27697],[9.95061,44.29791],[9.94633,44.31647],[9.93063,44.33361],[9.9173,44.34074],[9.9054,44.36263],[9.89636,44.36787],[9.88066,44.37215],[9.87733,44.37882],[9.88113,44.39357],[9.88637,44.40213],[9.88684,44.41165],[9.90112,44.42355],[9.90873,44.45543],[9.9173,44.4621],[9.92111,44.47257],[9.93443,44.48161],[9.94776,44.48589],[9.97012,44.49684],[9.99059,44.51302],[9.99392,44.53871],[10.00106,44.54538],[9.99963,44.55727],[10.01391,44.57536],[10.03009,44.58964],[10.04912,44.59677],[10.06435,44.60582],[10.06673,44.62533],[10.07863,44.63199],[10.07815,44.65055],[10.08719,44.66863],[10.09338,44.69005],[10.09766,44.69433],[10.13431,44.71384],[10.16857,44.7286],[10.20188,44.75096],[10.25566,44.77333],[10.30896,44.7995],[10.32657,44.80521]]]},"properties":{"kind":"road","source":"awmc-roads"}},{"type":"Feature","geometry":{"type":"MultiLineString","coordinates":[[[10.51026,44.9042],[10.50979,44.88136],[10.54405,44.83472],[10.555,44.81473],[10.60354,44.7443],[10.61401,44.73621],[10.62448,44.72526],[10.63257,44.70718]]]},"properties":{"kind":"road","source":"awmc-roads"}},{"type":"Feature","geometry":{"type":"MultiLineString","coordinates":[[[10.49208,45.155],[10.50922,45.15452],[10.5925,45.1588],[10.61819,45.15595],[10.68434,45.1588],[10.73241,45.15642],[10.77381,45.15928],[10.79523,45.16309]]]},"properties":{"kind":"road","source":"awmc-roads"}},{"type":"Feature","geometry":{"type":"MultiLineString","coordinates":[[[11.07496,46.12915],[11.08971,46.09869],[11.0959,46.0887],[11.10779,46.07489],[11.10827,46.0492],[11.11493,46.03492],[11.11636,46.01588],[11.10065,45.97496],[11.0959,45.95592],[11.09018,45.94593],[11.07781,45.93879],[11.04688,45.92927],[11.02404,45.91357],[11.00881,45.89358],[10.99167,45.86027],[10.98882,45.84361],[10.9931,45.82172],[10.99881,45.81173],[11.00833,45.80792],[11.01261,45.79793],[10.99786,45.77175],[10.98549,45.7589],[10.97264,45.75034],[10.94504,45.74034],[10.93362,45.7313],[10.92791,45.71702],[10.91125,45.69656],[10.89602,45.68419],[10.89364,45.67086],[10.88698,45.65754],[10.85176,45.6266],[10.83463,45.5952],[10.82178,45.58663],[10.81322,45.57426],[10.8037,45.55237],[10.79608,45.52619],[10.80084,45.5062],[10.81322,45.49098],[10.8313,45.48098],[10.86414,45.47194],[10.92505,45.46242],[10.97264,45.451],[10.98216,45.44719],[10.98501,45.44291]]]},"properties":{"kind":"road","source":"awmc-roads"}},{"type":"Feature","geometry":{"type":"MultiLineString","coordinates":[[[8.9401,45.16642],[8.9363,45.20449],[8.89394,45.25684],[8.85825,45.30538],[8.73921,45.4524],[8.72653,45.44907],[8.69226,45.44479],[8.6209,45.44892]]]},"properties":{"kind":"road","source":"awmc-roads"}},{"type":"Feature","geometry":{"type":"MultiLineString","coordinates":[[[9.52597,45.7363],[9.55215,45.73868],[9.57737,45.75295],[9.59403,45.77151],[9.59831,45.77342],[9.60783,45.77151],[9.61068,45.76533],[9.60783,45.75438],[9.61068,45.74724],[9.62115,45.7401],[9.63828,45.7363],[9.65637,45.72488],[9.66636,45.71583],[9.67024,45.70719]]]},"properties":{"kind":"road","source":"awmc-roads"}},{"type":"Feature","geometry":{"type":"MultiLineString","coordinates":[[[9.40015,44.28026],[9.41918,44.28121],[9.44012,44.27693],[9.45821,44.27883],[9.47439,44.27645],[9.49771,44.27978],[9.53054,44.27693],[9.54292,44.28597],[9.54815,44.28454],[9.55196,44.27835],[9.56052,44.27597],[9.57956,44.28406],[9.58622,44.28406],[9.61525,44.27122],[9.63334,44.27122],[9.65999,44.27502],[9.66903,44.27407],[9.67331,44.2636],[9.6833,44.25456],[9.70853,44.25075],[9.71662,44.24695],[9.71804,44.2341],[9.72423,44.22553]]]},"properties":{"kind":"road","source":"awmc-roads"}},{"type":"Feature","geometry":{"type":"MultiLineString","coordinates":[[[10.99743,43.73586],[11.0107,43.74057],[11.02384,43.75085],[11.03041,43.7607],[11.03098,43.76527],[11.03355,43.76727],[11.05725,43.76941],[11.06181,43.77213],[11.06481,43.77698]],[[11.06553,43.77727],[11.06695,43.78169],[11.07709,43.78555],[11.08766,43.78226],[11.10122,43.78183],[11.12435,43.78398],[11.16375,43.78483],[11.17917,43.78412],[11.23399,43.77127],[11.24897,43.77243]],[[10.6486,43.66441],[10.6724,43.66061],[10.68192,43.66251],[10.71332,43.68202],[10.75425,43.69535],[10.78947,43.70248],[10.93985,43.72247],[10.99553,43.73532]],[[10.64813,43.66441],[10.57198,43.67441],[10.41875,43.70248],[10.39876,43.71057]]]},"properties":{"name":"Via Quinctia","kind":"road","source":"awmc-roads"}},{"type":"Feature","geometry":{"type":"MultiLineString","coordinates":[[[10.54629,44.00182],[10.54819,43.9904],[10.54724,43.98374],[10.53867,43.97707],[10.52106,43.97422],[10.51059,43.96756],[10.50155,43.95566],[10.49632,43.9371],[10.4987,43.92615],[10.50679,43.92235],[10.51678,43.92139],[10.52154,43.91616],[10.52249,43.9095]],[[10.49632,43.84953],[10.52106,43.89046],[10.52249,43.90997]]]},"properties":{"kind":"road","source":"awmc-roads"}},{"type":"Feature","geometry":{"type":"MultiLineString","coordinates":[[[10.39115,43.80385],[10.40209,43.82717],[10.41351,43.83906],[10.43635,43.84858],[10.45587,43.85096],[10.49584,43.84953]]]},"properties":{"kind":"road","source":"awmc-roads"}},{"type":"Feature","geometry":{"type":"MultiLineString","coordinates":[[[11.24775,43.77196],[11.16733,43.80908],[10.97316,43.89474],[10.89464,43.93567],[10.87941,43.92663],[10.82563,43.90474],[10.79137,43.88523],[10.77614,43.87952],[10.74949,43.87714],[10.64718,43.87428],[10.62719,43.86809],[10.56865,43.85667],[10.53772,43.85525],[10.49584,43.84953]]]},"properties":{"kind":"road","source":"awmc-roads"}},{"type":"Feature","geometry":{"type":"MultiLineString","coordinates":[[[10.85581,43.40391],[10.80346,43.36108],[10.76777,43.35394],[10.74968,43.34157],[10.69305,43.3311]]]},"properties":{"kind":"road","source":"awmc-roads"}},{"type":"Feature","geometry":{"type":"MultiLineString","coordinates":[[[10.54457,43.1041],[10.53981,43.0389],[10.5322,43.01653],[10.52363,43.00321],[10.51221,42.99607],[10.49127,42.99083],[10.5974,42.99179],[10.66069,42.98798]]]},"properties":{"kind":"road","source":"awmc-roads"}},{"type":"Feature","geometry":{"type":"MultiLineString","coordinates":[[[15.57555,46.24531],[15.63023,46.24392],[15.7492,46.22488],[15.842,46.19514],[15.87293,46.17015],[15.89911,46.09639],[15.90744,46.05713],[15.89435,45.98455],[15.88602,45.94886],[15.88483,45.82275],[15.89078,45.81204],[15.96216,45.8168],[16.02998,45.81561],[16.08114,45.80015],[16.14419,45.78944],[16.20963,45.78825],[16.27149,45.79539],[16.3305,45.78587],[16.45186,45.70973],[16.53514,45.65262],[16.56964,45.60503],[16.597,45.57648],[16.64221,45.56101],[16.6672,45.53603],[16.68742,45.51937],[16.71479,45.50628],[16.75405,45.48368]]]},"properties":{"kind":"road","source":"awmc-roads"}},{"type":"Feature","geometry":{"type":"MultiLineString","coordinates":[[[15.89078,45.81204],[15.86591,45.80372],[15.82665,45.77873],[15.79929,45.76445],[15.78858,45.74185],[15.77074,45.724],[15.73385,45.71568],[15.6934,45.7014],[15.63035,45.66809],[15.60893,45.63953],[15.59228,45.60622],[15.58395,45.57886],[15.56134,45.5503],[15.55777,45.53127],[15.56253,45.51223],[15.54826,45.49558],[15.51375,45.46107],[15.4971,45.43014],[15.4852,45.42181],[15.53636,45.39921],[15.59228,45.36708],[15.64106,45.33615],[15.87067,45.3195],[15.95038,45.32306],[16.01701,45.34091],[16.06936,45.36352],[16.13598,45.37541],[16.19309,45.37541],[16.23473,45.3647],[16.27042,45.36114],[16.29065,45.36946],[16.31444,45.40635],[16.3537,45.42419],[16.37393,45.4575],[16.37631,45.48606],[16.36441,45.50033]]]},"properties":{"kind":"road","source":"awmc-roads"}},{"type":"Feature","geometry":{"type":"MultiLineString","coordinates":[[[16.37631,45.48606],[16.33824,45.49201],[16.27518,45.51937],[16.18595,45.56934],[16.08839,45.64667]]]},"properties":{"kind":"road","source":"awmc-roads"}},{"type":"Feature","geometry":{"type":"MultiLineString","coordinates":[[[16.08839,45.64667],[15.99203,45.71924],[15.90161,45.77873],[15.89078,45.81204],[15.78977,45.85012],[15.72196,45.87153],[15.63868,45.88938],[15.62321,45.89532]]]},"properties":{"kind":"road","source":"awmc-roads"}},{"type":"Feature","geometry":{"type":"MultiLineString","coordinates":[[[16.36441,45.50033],[16.30492,45.56101],[16.24544,45.65262],[16.21807,45.67879],[16.18714,45.72043],[16.15383,45.75494],[16.12947,45.79194],[16.11814,45.82275],[16.11814,45.87391],[16.12765,45.9096],[16.19666,45.9215],[16.23354,45.93934],[16.24306,45.956],[16.24901,45.99169],[16.2502,46.02025],[16.28113,46.05713],[16.29184,46.07854],[16.28232,46.10234],[16.27994,46.1297],[16.2728,46.14874],[16.23116,46.20228],[16.20879,46.21774]]]},"properties":{"kind":"road","source":"awmc-roads"}},{"type":"Feature","geometry":{"type":"MultiLineString","coordinates":[[[16.28102,46.11733],[16.34835,46.08211],[16.44234,46.0262],[16.49469,45.99288],[16.59581,45.95838],[16.70765,45.93697],[16.94322,45.84417],[16.98724,45.80966],[17.02911,45.76564],[17.07789,45.69545],[17.15166,45.6431],[17.21828,45.61217],[17.25278,45.57767],[17.33131,45.54079],[17.39912,45.51699],[17.54248,45.45869],[17.59245,45.4349],[17.67097,45.40516]]]},"properties":{"kind":"road","source":"awmc-roads"}},{"type":"Feature","geometry":{"type":"MultiLineString","coordinates":[[[16.97219,45.82146],[16.94702,45.77873],[16.89824,45.71211],[16.87802,45.67879],[16.85898,45.62169],[16.85422,45.5967],[16.85184,45.54911],[16.83043,45.50152],[16.81258,45.47416],[16.73287,45.40516],[16.65673,45.35162],[16.61866,45.30998],[16.58177,45.27548],[16.56155,45.26001]]]},"properties":{"kind":"road","source":"awmc-roads"}},{"type":"Feature","geometry":{"type":"MultiLineString","coordinates":[[[16.82089,45.4869],[17.02316,45.54911],[17.1005,45.56934],[17.15998,45.57648],[17.23077,45.59968]]]},"properties":{"kind":"road","source":"awmc-roads"}},{"type":"Feature","geometry":{"type":"MultiLineString","coordinates":[[[18.80393,45.27484],[18.77432,45.28117],[18.6306,45.28403],[18.55826,45.27927],[18.48427,45.27785],[18.39861,45.29808],[18.28916,45.31474],[18.05954,45.36114],[17.98578,45.37184],[17.93938,45.37541],[17.90844,45.3885],[17.8649,45.40278],[17.60316,45.40159],[17.47348,45.40635],[17.26587,45.423],[17.14214,45.43847],[17.09812,45.44918],[17.05886,45.45512],[17.00175,45.45988],[16.90895,45.47892],[16.82089,45.4869],[16.75405,45.48368],[16.70551,45.47416],[16.60081,45.46107],[16.48898,45.4575],[16.37505,45.47096]]]},"properties":{"kind":"road","source":"awmc-roads"}},{"type":"Feature","geometry":{"type":"MultiLineString","coordinates":[[[18.52334,45.27879],[18.45691,45.25763],[18.36887,45.24216],[18.20707,45.20885],[18.0988,45.18981],[18.01552,45.16721],[17.95008,45.16245],[17.84539,45.16245],[17.77519,45.1565],[17.705,45.16007],[17.63718,45.11486],[17.60863,45.10415],[17.53891,45.10058],[17.50679,45.10415]]]},"properties":{"kind":"road","source":"awmc-roads"}},{"type":"Feature","geometry":{"type":"MultiLineString","coordinates":[[[18.05835,45.17792],[18.13211,45.16007],[18.22729,45.14817],[18.37601,45.13509],[18.44263,45.11843],[18.56872,45.10333]]]},"properties":{"kind":"road","source":"awmc-roads"}},{"type":"Feature","geometry":{"type":"MultiLineString","coordinates":[[[18.54589,45.12222],[18.49141,45.06608],[18.39742,45.00541]]]},"properties":{"kind":"road","source":"awmc-roads"}},{"type":"Feature","geometry":{"type":"MultiLineString","coordinates":[[[18.15847,45.15677],[18.15948,45.13509],[18.14758,45.09464],[18.14758,45.07679],[18.18803,45.07203],[18.22015,45.0637],[18.24752,45.04943],[18.28321,45.04824],[18.29749,45.03396],[18.39742,45.00541],[18.45096,44.97804],[18.50331,44.94235],[18.55712,44.91093]]]},"properties":{"kind":"road","source":"awmc-roads"}},{"type":"Feature","geometry":{"type":"MultiLineString","coordinates":[[[18.54031,45.62313],[18.46619,45.66095],[18.41265,45.6669],[18.29844,45.69664],[18.22705,45.73352],[18.18422,45.75137],[18.12474,45.75613],[18.01766,45.75613],[17.97721,45.76564],[17.96293,45.77159]]]},"properties":{"kind":"road","source":"awmc-roads"}},{"type":"Feature","geometry":{"type":"MultiLineString","coordinates":[[[17.96293,45.77159],[17.92569,45.7704],[17.87097,45.76445],[17.81862,45.77397],[17.75199,45.79539],[17.68299,45.80253],[17.64254,45.8168],[17.56402,45.83822],[17.51048,45.85844],[17.44385,45.87986],[17.39507,45.8977],[17.30347,45.93934],[17.18687,45.97742],[17.10002,46.01668],[17.03578,46.05118],[16.99295,46.06665],[16.88646,46.13922],[16.81627,46.17729],[16.6509,46.24511],[16.59617,46.25224],[16.55334,46.27247],[16.52717,46.28675],[16.49147,46.29983],[16.43794,46.30102],[16.38321,46.30459]]]},"properties":{"kind":"road","source":"awmc-roads"}},{"type":"Feature","geometry":{"type":"MultiLineString","coordinates":[[[16.19406,46.31861],[16.26959,46.3153],[16.30052,46.31768],[16.38321,46.30459]]]},"properties":{"kind":"road","source":"awmc-roads"}},{"type":"Feature","geometry":{"type":"MultiLineString","coordinates":[[[16.20285,46.23202],[16.27435,46.22607],[16.30528,46.22607]]]},"properties":{"kind":"road","source":"awmc-roads"}},{"type":"Feature","geometry":{"type":"MultiLineString","coordinates":[[[16.97219,45.82146],[17.01674,45.85963],[17.02864,45.90484],[17.05124,45.96314],[17.0905,46.0024],[17.17735,46.03571],[17.31655,46.04523],[17.40221,46.0607],[17.51524,46.0607],[17.66157,46.03452],[17.72701,46.04166],[17.79839,46.05356],[17.81386,46.06427]]]},"properties":{"kind":"road","source":"awmc-roads"}},{"type":"Feature","geometry":{"type":"MultiLineString","coordinates":[[[17.78888,45.29213],[17.81386,45.33615],[17.8649,45.40278],[17.87335,45.44442],[17.86621,45.49439],[17.87573,45.53246],[17.91261,45.56339],[17.9364,45.60384],[17.92332,45.65381],[17.9245,45.68117],[17.93759,45.70497],[17.94354,45.72757],[17.95663,45.75137],[17.96293,45.77159],[17.9602,45.81442],[17.95663,45.83346],[17.97328,45.85963],[18.00779,45.89532]]]},"properties":{"kind":"road","source":"awmc-roads"}},{"type":"Feature","geometry":{"type":"MultiLineString","coordinates":[[[18.00779,45.89532],[18.07096,45.93459],[18.11379,45.96671],[18.14948,46.00121],[18.17566,46.05594]]]},"properties":{"kind":"road","source":"awmc-roads"}},{"type":"Feature","geometry":{"type":"MultiLineString","coordinates":[[[18.28642,46.08449],[18.20671,46.06784],[18.1615,46.05594],[18.09131,46.04642],[17.97828,46.04047],[17.86169,46.0488],[17.72487,46.09401],[17.64516,46.14993],[17.57496,46.18681],[17.54046,46.22131],[17.45718,46.28318],[17.41792,46.3153],[17.35605,46.42832],[17.33702,46.51042],[17.31441,46.55325],[17.29121,46.61035],[17.27812,46.65437],[17.23886,46.72933],[17.22459,46.79238],[17.21031,46.86733],[17.20198,46.95062],[17.1996,46.96251]]]},"properties":{"kind":"road","source":"awmc-roads"}},{"type":"Feature","geometry":{"type":"MultiLineString","coordinates":[[[18.11189,46.31887],[18.09404,46.34861],[18.04407,46.39858],[18.03693,46.42594],[18.03931,46.47115],[18.04645,46.51636],[18.07739,46.54135],[18.11308,46.55919],[18.14163,46.58061],[18.14996,46.59608],[18.12497,46.63177],[18.08214,46.68293],[18.07739,46.70553],[18.09523,46.74598],[18.10713,46.76621],[18.11308,46.78881],[18.11665,46.82807],[18.15829,46.86377],[18.22253,46.89589],[18.24633,46.9411],[18.28559,46.96608],[18.37244,47.03985],[18.39623,47.07554],[18.41527,47.04698],[18.45492,47.02891]]]},"properties":{"kind":"road","source":"awmc-roads"}},{"type":"Feature","geometry":{"type":"MultiLineString","coordinates":[[[18.39623,47.07554],[18.42955,47.11837],[18.45761,47.1377]]]},"properties":{"kind":"road","source":"awmc-roads"}},{"type":"Feature","geometry":{"type":"MultiLineString","coordinates":[[[18.38077,46.55206],[18.30938,46.61987],[18.31057,46.67936],[18.307,46.75907],[18.28202,46.83283],[18.2844,46.85901],[18.2844,46.88042],[18.24633,46.9411]]]},"properties":{"kind":"road","source":"awmc-roads"}},{"type":"Feature","geometry":{"type":"MultiLineString","coordinates":[[[18.24633,46.9411],[18.2261,46.97917],[18.19993,47.01843],[18.1452,47.03747],[18.09642,47.04341],[18.07144,47.06126],[18.05478,47.08149],[18.04288,47.09219]]]},"properties":{"kind":"road","source":"awmc-roads"}},{"type":"Feature","geometry":{"type":"MultiLineString","coordinates":[[[18.19993,47.01843],[18.14115,46.94229],[18.08881,46.90779],[18.05192,46.88875],[18.01504,46.8828],[17.96745,46.8709],[17.87228,46.83164],[17.76044,46.79],[17.71999,46.78762],[17.6843,46.7781],[17.66764,46.76383],[17.66526,46.72338],[17.65812,46.68531],[17.64623,46.6508],[17.64147,46.61987],[17.61886,46.59727],[17.58555,46.58299],[17.48085,46.57228],[17.41899,46.57704]]]},"properties":{"kind":"road","source":"awmc-roads"}},{"type":"Feature","geometry":{"type":"MultiLineString","coordinates":[[[17.25941,46.6901],[17.29883,46.68293],[17.35355,46.67698],[17.39043,46.66746],[17.40709,46.63772],[17.40828,46.59965],[17.42375,46.56276],[17.43921,46.51993],[17.43683,46.45688],[17.42732,46.40572],[17.42137,46.34861],[17.41175,46.32648]]]},"properties":{"kind":"road","source":"awmc-roads"}},{"type":"Feature","geometry":{"type":"MultiLineString","coordinates":[[[18.07774,46.36491],[17.97816,46.35456],[17.8699,46.37122],[17.77472,46.36884],[17.68192,46.36289],[17.60816,46.3617],[17.50346,46.39739],[17.41304,46.41048],[17.36734,46.40762],[17.32024,46.41048],[17.10371,46.44141],[17.0234,46.46402],[16.85684,46.46283],[16.80687,46.4545],[16.71407,46.43189],[16.60938,46.39739],[16.49873,46.37598],[16.42973,46.39025],[16.39106,46.3843],[16.31968,46.38906],[16.27328,46.39739],[16.17571,46.41892]]]},"properties":{"kind":"road","source":"awmc-roads"}},{"type":"Feature","geometry":{"type":"MultiLineString","coordinates":[[[17.41175,46.32648],[17.40352,46.27485],[17.38211,46.20941],[17.3714,46.13803],[17.36188,46.0952],[17.35971,46.05303]]]},"properties":{"kind":"road","source":"awmc-roads"}},{"type":"Feature","geometry":{"type":"MultiLineString","coordinates":[[[18.38326,46.11542],[18.44513,46.09996],[18.53079,46.09758],[18.58909,46.10234],[18.61645,46.09877],[18.66523,46.07259],[18.71779,46.06867]]]},"properties":{"kind":"road","source":"awmc-roads"}},{"type":"Feature","geometry":{"type":"MultiLineString","coordinates":[[[16.33253,46.44974],[16.39939,46.50447],[16.45174,46.58299],[16.46839,46.62344],[16.55286,46.71862],[16.57309,46.79714],[16.58092,46.85136]]]},"properties":{"kind":"road","source":"awmc-roads"}},{"type":"Feature","geometry":{"type":"MultiLineString","coordinates":[[[15.42417,47.05769],[15.46735,47.07435],[15.57324,47.08149],[15.67318,47.09576],[15.77074,47.10647],[15.91826,47.09338],[16.0646,47.07316],[16.1336,47.04698],[16.18238,47.01962],[16.28708,46.98631],[16.34419,46.97798],[16.41593,46.97917],[16.50159,46.99107],[16.61937,47.02557],[16.65498,47.04287],[16.79069,47.09576],[16.84423,47.10885],[16.91276,47.10885],[17.01151,47.10171],[17.11501,47.10885],[17.17093,47.12432],[17.23755,47.13264],[17.28633,47.13383],[17.32203,47.13859]]]},"properties":{"kind":"road","source":"awmc-roads"}},{"type":"Feature","geometry":{"type":"MultiLineString","coordinates":[[[16.62171,47.23217],[16.6998,47.20641],[16.80092,47.16596],[16.85922,47.12908],[16.91276,47.10885],[16.99128,47.06483],[17.09598,46.99939],[17.14357,46.97203],[17.1996,46.96251],[17.23755,46.96489],[17.27919,46.99464],[17.32678,47.05888],[17.36961,47.09695],[17.43148,47.1374]]]},"properties":{"kind":"road","source":"awmc-roads"}},{"type":"Feature","geometry":{"type":"MultiLineString","coordinates":[[[16.69955,47.2305],[16.85327,47.19332],[16.977,47.17547],[17.11263,47.14692],[17.23874,47.1493],[17.32203,47.13859],[17.39936,47.14335],[17.43148,47.1374],[17.52309,47.14692],[17.57663,47.16001],[17.65229,47.15763],[17.70702,47.14216],[17.78554,47.12789],[17.85455,47.1267],[17.92922,47.13761],[17.96519,47.13978],[17.98899,47.11718],[18.00683,47.09338],[18.04288,47.09219],[18.06394,47.11242],[18.10796,47.14573],[18.14841,47.19213],[18.21385,47.23853],[18.2769,47.2647],[18.31854,47.29445],[18.35067,47.32419],[18.39231,47.34561],[18.44704,47.35476]]]},"properties":{"kind":"road","source":"awmc-roads"}},{"type":"Feature","geometry":{"type":"MultiLineString","coordinates":[[[18.45761,47.1377],[18.42467,47.19451],[18.36042,47.25162],[18.30047,47.28154],[18.24502,47.34442],[18.21527,47.39201],[18.14984,47.44197],[18.09987,47.46934],[18.06775,47.49789],[18.05109,47.53715],[18.06537,47.57522],[18.10106,47.62519],[18.1308,47.68111],[18.15103,47.73108]]]},"properties":{"kind":"road","source":"awmc-roads"}},{"type":"Feature","geometry":{"type":"MultiLineString","coordinates":[[[16.08837,47.73152],[16.09458,47.71561],[16.1267,47.69182],[16.12075,47.66445],[16.12313,47.6359],[16.12194,47.6133],[16.10172,47.58593],[16.07911,47.54429],[16.06127,47.51812],[16.04342,47.50503],[16.05175,47.47886],[16.06246,47.45744],[16.04937,47.42889],[16.02558,47.40985],[16.01011,47.3468],[15.99345,47.31229],[15.98631,47.2885],[15.98869,47.24924],[15.9875,47.20879],[15.96847,47.18142],[15.92683,47.12789],[15.92445,47.10647],[15.92564,47.07673],[15.9304,47.0339],[15.92802,47.01367],[15.90779,46.98869],[15.88757,46.953],[15.86734,46.93634],[15.83165,46.90184],[15.8257,46.88042],[15.82927,46.86614],[15.85069,46.84354],[15.86377,46.81737],[15.8721,46.79595]]]},"properties":{"kind":"road","source":"awmc-roads"}},{"type":"Feature","geometry":{"type":"MultiLineString","coordinates":[[[15.89345,46.96338],[15.84236,46.97869],[15.79762,47.01391],[15.77002,47.05293],[15.74813,47.07673],[15.731,47.091],[15.70054,47.13098],[15.69007,47.15382],[15.68817,47.17476],[15.67008,47.1957],[15.66533,47.20807],[15.69293,47.22235],[15.70054,47.23853],[15.69673,47.26994],[15.69102,47.29088],[15.69769,47.31277],[15.71006,47.33085],[15.7034,47.36892],[15.71767,47.39557],[15.7072,47.42222],[15.70435,47.44507],[15.73195,47.47172],[15.77193,47.49266],[15.80143,47.52692],[15.81856,47.55833],[15.82142,47.57927],[15.8119,47.60116],[15.79191,47.61544],[15.78715,47.6221]]]},"properties":{"kind":"road","source":"awmc-roads"}},{"type":"Feature","geometry":{"type":"MultiLineString","coordinates":[[[14.45268,47.04843],[14.49775,47.02178],[14.53772,47.00179],[14.55057,46.97895],[14.56057,46.93897],[14.5677,46.92184],[14.55343,46.86616],[14.54914,46.83618],[14.55485,46.80905],[14.54486,46.7805],[14.53915,46.74624],[14.54201,46.73196],[14.58341,46.71054],[14.62053,46.70626],[14.65622,46.69769],[14.69048,46.69484],[14.70904,46.70483],[14.74759,46.71625],[14.79328,46.72054],[14.80327,46.71054],[14.82754,46.70341],[14.85324,46.70912]]]},"properties":{"kind":"road","source":"awmc-roads"}},{"type":"Feature","geometry":{"type":"MultiLineString","coordinates":[[[14.77446,47.1938],[14.74616,47.17311],[14.73474,47.15598],[14.73189,47.13171],[14.73617,47.10316],[14.72332,47.07888],[14.71761,47.0589],[14.74616,47.01178],[14.79756,46.97752],[14.81612,46.93326],[14.84467,46.91042],[14.85324,46.88044],[14.85752,46.85046],[14.84896,46.81619],[14.82611,46.77764],[14.82611,46.73624],[14.86609,46.70055],[14.88037,46.68199],[14.9132,46.68199],[14.92748,46.66058],[14.95318,46.64773],[14.98173,46.61346],[15.01171,46.59776],[15.03741,46.59205],[15.04842,46.5709]]]},"properties":{"kind":"road","source":"awmc-roads"}},{"type":"Feature","geometry":{"type":"MultiLineString","coordinates":[[[15.64962,46.42832],[15.65902,46.47212],[15.66759,46.5278],[15.67901,46.58205],[15.69424,46.61987]]]},"properties":{"kind":"road","source":"awmc-roads"}},{"type":"Feature","geometry":{"type":"MultiLineString","coordinates":[[[14.3517,46.26221],[14.43179,46.22942],[14.54743,46.20657],[14.58455,46.19373],[14.60026,46.17802],[14.59169,46.15518],[14.57456,46.13662],[14.55588,46.10762]]]},"properties":{"kind":"road","source":"awmc-roads"}},{"type":"Feature","geometry":{"type":"MultiLineString","coordinates":[[[14.21908,45.91926],[14.25474,45.88067],[14.32186,45.82253],[14.35041,45.80254],[14.40895,45.77684],[14.46034,45.76114],[14.47319,45.7383],[14.48176,45.6973],[14.50133,45.6973]]]},"properties":{"kind":"road","source":"awmc-roads"}},{"type":"Feature","geometry":{"type":"MultiLineString","coordinates":[[[14.50733,46.05694],[14.53477,46.0224],[14.56986,45.9914],[14.63233,45.95935],[14.70966,45.95221],[14.79175,45.94864],[14.91668,45.93079],[14.9607,45.92009],[14.99996,45.92247],[15.01542,45.90462],[15.04874,45.88083],[15.1106,45.85941],[15.13083,45.85465],[15.1915,45.85346],[15.25575,45.87845],[15.30334,45.90105],[15.37591,45.93079],[15.43183,45.93436],[15.47347,45.93436],[15.50678,45.92842],[15.55913,45.907],[15.62321,45.89532]]]},"properties":{"kind":"road","source":"awmc-roads"}},{"type":"Feature","geometry":{"type":"MultiLineString","coordinates":[[[14.46074,45.32796],[14.48825,45.35853],[14.53227,45.37995],[14.55964,45.37995],[14.60247,45.37281],[14.61555,45.36924],[14.66195,45.37162],[14.73334,45.37162],[14.76427,45.37638],[14.81186,45.39066],[14.90228,45.39066],[14.94868,45.38471],[15.0153,45.38114],[15.06646,45.3859],[15.10929,45.41088],[15.11643,45.42397],[15.1783,45.41683],[15.22113,45.41445],[15.26396,45.4323],[15.28775,45.43944],[15.34486,45.44776],[15.39483,45.48227],[15.44004,45.51082],[15.55777,45.53127]]]},"properties":{"kind":"road","source":"awmc-roads"}},{"type":"Feature","geometry":{"type":"MultiLineString","coordinates":[[[15.1106,45.85941],[15.11524,45.83681],[15.17949,45.80468],[15.21875,45.76066],[15.25444,45.71545],[15.30441,45.66073],[15.33772,45.62741],[15.352,45.59529],[15.3639,45.56079],[15.45669,45.46561],[15.4852,45.42181]]]},"properties":{"kind":"road","source":"awmc-roads"}},{"type":"Feature","geometry":{"type":"MultiLineString","coordinates":[[[14.92422,44.99689],[14.99413,45.01351],[15.17259,45.05158],[15.22612,45.073],[15.25825,45.1194],[15.32011,45.22409],[15.36532,45.28477],[15.3915,45.34307],[15.43671,45.39304],[15.4852,45.42181]]]},"properties":{"kind":"road","source":"awmc-roads"}},{"type":"Feature","geometry":{"type":"MultiLineString","coordinates":[[[15.28775,45.43944],[15.36782,45.35378],[15.38623,45.33133],[15.43564,45.27763],[15.463,45.22409],[15.50345,45.16699],[15.53438,45.13724],[15.58435,45.10036],[15.64146,45.00994],[15.66525,44.95997]]]},"properties":{"kind":"road","source":"awmc-roads"}},{"type":"Feature","geometry":{"type":"MultiLineString","coordinates":[[[15.29488,45.17994],[15.30001,45.13843],[15.3119,45.10988],[15.3357,45.08966],[15.34403,45.05991],[15.3476,45.0266],[15.33927,44.98258],[15.32261,44.93737],[15.29476,44.82804]]]},"properties":{"kind":"road","source":"awmc-roads"}},{"type":"Feature","geometry":{"type":"MultiLineString","coordinates":[[[15.08816,44.51977],[15.14407,44.52572],[15.21903,44.50193],[15.27018,44.49955],[15.31658,44.50907],[15.36774,44.53762],[15.39986,44.57093],[15.43794,44.58997],[15.52717,44.63042],[15.64019,44.6792],[15.67588,44.7018],[15.70325,44.72203],[15.73894,44.72322],[15.80794,44.73155],[15.88884,44.772],[15.9293,44.78865],[15.88884,44.83862],[15.8936,44.85885],[15.91264,44.87431],[15.93167,44.89454],[15.96261,44.90882],[15.9983,44.89811],[16.04351,44.8755],[16.07563,44.87074],[16.09467,44.8648],[16.12631,44.86837],[16.16439,44.88145],[16.19294,44.91714],[16.19056,44.95641],[16.21673,44.96949],[16.26789,44.97782],[16.35236,44.99805],[16.39043,45.0266],[16.39757,45.03731]]]},"properties":{"kind":"road","source":"awmc-roads"}},{"type":"Feature","geometry":{"type":"MultiLineString","coordinates":[[[15.66525,44.95997],[15.69409,44.91952],[15.75952,44.88502],[15.79997,44.8529],[15.85113,44.82078],[15.88682,44.80293],[15.9293,44.78865]]]},"properties":{"kind":"road","source":"awmc-roads"}},{"type":"Feature","geometry":{"type":"MultiLineString","coordinates":[[[15.9293,44.78865],[16.00853,44.75772],[16.01924,44.73036],[16.10252,44.68753],[16.14297,44.65421],[16.22506,44.60425],[16.32143,44.55547],[16.35355,44.55071],[16.36664,44.55071]]]},"properties":{"kind":"road","source":"awmc-roads"}},{"type":"Feature","geometry":{"type":"MultiLineString","coordinates":[[[16.16439,44.88145],[16.17152,44.84457],[16.19294,44.81007],[16.22982,44.75772],[16.26432,44.70061],[16.28812,44.64589],[16.33214,44.59473],[16.36664,44.55071],[16.39876,44.53167]]]},"properties":{"kind":"road","source":"awmc-roads"}},{"type":"Feature","geometry":{"type":"MultiLineString","coordinates":[[[16.66193,44.77795],[16.63933,44.80174],[16.60839,44.82672],[16.57151,44.84338],[16.52273,44.8529],[16.47633,44.86599],[16.44778,44.88026],[16.45135,44.89692],[16.46801,44.92547],[16.47395,44.95046],[16.47157,44.96949],[16.43588,45.01113],[16.39757,45.03731],[16.36926,45.06348],[16.36212,45.08847],[16.31691,45.11107],[16.25504,45.12773],[16.2027,45.15628],[16.19794,45.17294],[16.21221,45.18007],[16.2134,45.20387],[16.23958,45.26336],[16.29065,45.36946]]]},"properties":{"kind":"road","source":"awmc-roads"}},{"type":"Feature","geometry":{"type":"MultiLineString","coordinates":[[[16.3537,45.42419],[16.38853,45.37757],[16.42898,45.34426],[16.44921,45.32046],[16.48133,45.30262],[16.51345,45.27763],[16.58246,45.25503],[16.63837,45.23004],[16.72641,45.21696],[16.77162,45.21458],[16.80256,45.20506],[16.82635,45.19435],[16.8787,45.1658],[16.92034,45.16461],[16.97269,45.17294],[17.07976,45.1539],[17.13211,45.13843],[17.16186,45.13605],[17.24633,45.13724]]]},"properties":{"kind":"road","source":"awmc-roads"}},{"type":"Feature","geometry":{"type":"MultiLineString","coordinates":[[[16.63124,44.55666],[16.64313,44.59592],[16.65622,44.61376],[16.68358,44.62804],[16.69905,44.63399],[16.7276,44.67563],[16.70857,44.69942],[16.68953,44.71013],[16.67883,44.7137],[16.66693,44.75296],[16.66193,44.77795],[16.6467,44.81721],[16.65503,44.83981],[16.67169,44.85766],[16.69429,44.8755],[16.69786,44.89573],[16.68596,44.92071],[16.68239,44.94332],[16.69191,44.96235],[16.69548,44.97306]]]},"properties":{"kind":"road","source":"awmc-roads"}},{"type":"Feature","geometry":{"type":"MultiLineString","coordinates":[[[16.69548,44.97306],[16.69905,45.00399],[16.69072,45.05039],[16.70262,45.08847],[16.70143,45.12773]]]},"properties":{"kind":"road","source":"awmc-roads"}},{"type":"Feature","geometry":{"type":"MultiLineString","coordinates":[[[16.70143,45.12773],[16.70976,45.15033],[16.72879,45.15747],[16.73712,45.16699],[16.73759,45.21637]]]},"properties":{"kind":"road","source":"awmc-roads"}},{"type":"Feature","geometry":{"type":"MultiLineString","coordinates":[[[17.24633,45.13724],[17.31426,45.13368],[17.35828,45.13368],[17.42372,45.11821],[17.46774,45.11464],[17.50679,45.10415]]]},"properties":{"kind":"road","source":"awmc-roads"}},{"type":"Feature","geometry":{"type":"MultiLineString","coordinates":[[[16.82635,45.19435],[16.8467,45.24075],[16.9157,45.29072],[16.96329,45.3276],[16.97519,45.34545],[17.04538,45.37281],[17.08702,45.40255],[17.11037,45.4462],[17.13818,45.47275],[17.18934,45.50844],[17.21551,45.55365],[17.23077,45.59968],[17.24526,45.62384],[17.28809,45.6405],[17.34638,45.68452],[17.36066,45.72854],[17.3678,45.78684],[17.39516,45.86417],[17.4148,45.89048]]]},"properties":{"kind":"road","source":"awmc-roads"}},{"type":"Feature","geometry":{"type":"MultiLineString","coordinates":[[[17.24633,45.13724],[17.28095,45.09679],[17.29641,45.0147],[17.2976,44.99329],[17.29641,44.9338],[17.2869,44.90287],[17.27024,44.8874],[17.24169,44.87193],[17.20243,44.841],[17.18815,44.81602],[17.18458,44.79222],[17.1596,44.76843],[17.13223,44.73749],[17.13937,44.68158],[17.12509,44.66016],[17.11914,44.63875],[17.12271,44.6209],[17.11082,44.58878],[17.10725,44.57093],[17.08226,44.51264],[17.06085,44.49241],[17.03943,44.4591],[16.97995,44.41984],[16.96567,44.39009],[16.94306,44.37225],[16.91927,44.32347],[16.88596,44.30443],[16.8574,44.28302],[16.84551,44.25922],[16.84075,44.22591],[16.78364,44.16167],[16.78007,44.1224],[16.78007,44.09028],[16.77055,44.0653],[16.74795,44.04507],[16.73724,44.01771],[16.74795,43.98321],[16.77888,43.95703],[16.78959,43.9261],[16.77769,43.88803],[16.79197,43.87256],[16.81457,43.85353],[16.82766,43.83211],[16.80874,43.82606],[16.79541,43.81654],[16.78113,43.78608],[16.75068,43.76229],[16.72308,43.74992],[16.68024,43.7423],[16.66502,43.73278],[16.6536,43.70899],[16.64598,43.67092],[16.62885,43.65093],[16.61648,43.60715],[16.6001,43.5965],[16.57536,43.58603],[16.52872,43.55462],[16.50493,43.53464]]]},"properties":{"kind":"road","source":"awmc-roads"}},{"type":"Feature","geometry":{"type":"MultiLineString","coordinates":[[[16.92022,44.52453],[16.95353,44.5055],[16.98804,44.49003],[17.01183,44.48884],[17.03087,44.471],[17.05109,44.44601],[17.0618,44.42698]]]},"properties":{"kind":"road","source":"awmc-roads"}},{"type":"Feature","geometry":{"type":"MultiLineString","coordinates":[[[16.92022,44.52453],[16.89048,44.53524],[16.85717,44.53286],[16.8298,44.52691],[16.78102,44.52691],[16.75009,44.55071],[16.7144,44.55785],[16.65729,44.55904],[16.63124,44.55666],[16.60851,44.54595],[16.53713,44.54119],[16.49311,44.55309],[16.44433,44.55547],[16.39876,44.53167],[16.39674,44.49717],[16.40983,44.44006],[16.39912,44.40675],[16.36224,44.3782],[16.33606,44.34012],[16.31822,44.31871],[16.31227,44.28778],[16.30989,44.26517],[16.33487,44.23186],[16.3551,44.19974],[16.30156,44.17594],[16.26706,44.16642],[16.25635,44.15334],[16.25635,44.12359],[16.23851,44.08552],[16.21709,44.04626],[16.19758,44.02247],[16.18092,44.02485],[16.15594,44.03317],[16.12976,44.02961],[16.10597,44.00938],[16.056,43.99867],[16.03578,43.99272],[16.02031,43.97012]]]},"properties":{"kind":"road","source":"awmc-roads"}},{"type":"Feature","geometry":{"type":"MultiLineString","coordinates":[[[15.95487,43.9951],[15.98581,44.007],[16.01674,44.02485],[16.01436,44.04269],[16.00365,44.07719],[15.97986,44.10337],[15.97391,44.13192],[15.97391,44.14977],[15.97748,44.16523],[15.99295,44.18546],[15.99414,44.21163]]]},"properties":{"kind":"road","source":"awmc-roads"}},{"type":"Feature","geometry":{"type":"MultiLineString","coordinates":[[[15.70241,44.02366],[15.72502,44.03793],[15.74405,44.06292],[15.77499,44.08076],[15.81782,44.11646],[15.84994,44.14977],[15.93084,44.17356],[15.98182,44.1709]]]},"properties":{"kind":"road","source":"awmc-roads"}},{"type":"Feature","geometry":{"type":"MultiLineString","coordinates":[[[14.92422,44.99689],[14.94635,44.98546],[14.99917,44.97476],[15.06484,44.95049],[15.15836,44.91051],[15.1812,44.89623],[15.20047,44.8891],[15.24901,44.86411],[15.27685,44.83913],[15.30683,44.82057],[15.35537,44.78416],[15.37679,44.76061],[15.46531,44.60142],[15.50171,44.55502],[15.55168,44.48578],[15.57381,44.46008],[15.6045,44.44009],[15.62949,44.41511],[15.65804,44.39226],[15.68945,44.37014],[15.73728,44.32088],[15.76797,44.27662],[15.7694,44.2652],[15.71658,44.2288],[15.69356,44.20961],[15.68654,44.1912],[15.73097,44.13906],[15.75952,44.11884],[15.79759,44.0998],[15.84875,44.07006],[15.89039,44.04983],[15.93441,44.03079],[15.99346,44.01141]]]},"properties":{"kind":"road","source":"awmc-roads"}},{"type":"Feature","geometry":{"type":"MultiLineString","coordinates":[[[15.22997,44.11552],[15.28791,44.13906],[15.32717,44.1581],[15.35097,44.17237],[15.37952,44.17594],[15.39499,44.19141],[15.42473,44.20212],[15.54013,44.23186],[15.56869,44.24257],[15.59248,44.26041],[15.59962,44.26993],[15.60914,44.29016],[15.62579,44.28897],[15.6365,44.30086],[15.61866,44.32585],[15.6139,44.34607],[15.62698,44.35202],[15.65316,44.35202],[15.68945,44.37014]]]},"properties":{"kind":"road","source":"awmc-roads"}},{"type":"Feature","geometry":{"type":"MultiLineString","coordinates":[[[14.92422,44.99689],[14.93932,44.94927],[14.93337,44.91476],[14.92623,44.89216],[14.90958,44.85647],[14.90244,44.8184],[14.92266,44.75653],[14.92861,44.71846],[14.96074,44.67325],[14.98453,44.6209],[15.01427,44.58402],[15.07495,44.52572],[15.09998,44.52103],[15.13206,44.47932],[15.19273,44.44601],[15.24865,44.39485],[15.34502,44.33537],[15.39975,44.31871],[15.46399,44.28183],[15.51872,44.26993],[15.54132,44.25208],[15.55591,44.23778]]]},"properties":{"kind":"road","source":"awmc-roads"}},{"type":"Feature","geometry":{"type":"MultiLineString","coordinates":[[[16.3551,44.19974],[16.38496,44.16999],[16.42541,44.1581],[16.44921,44.13906],[16.49323,44.12835],[16.5075,44.1117],[16.55033,44.076],[16.58246,44.02366],[16.61696,43.99034],[16.68834,43.93324],[16.72879,43.89636],[16.74545,43.88922],[16.77769,43.88803]]]},"properties":{"kind":"road","source":"awmc-roads"}},{"type":"Feature","geometry":{"type":"MultiLineString","coordinates":[[[17.17136,44.77963],[17.2081,44.76452],[17.31756,44.72645],[17.34707,44.7036],[17.3661,44.67124],[17.36515,44.64745],[17.38323,44.59986],[17.42892,44.59224],[17.447,44.58463],[17.46223,44.57226],[17.47175,44.55703],[17.48222,44.51229],[17.51934,44.48279],[17.56693,44.45995],[17.58977,44.44662],[17.62689,44.41616],[17.67733,44.38285],[17.69542,44.34764],[17.72683,44.26864],[17.7411,44.2496]]]},"properties":{"kind":"road","source":"awmc-roads"}},{"type":"Feature","geometry":{"type":"MultiLineString","coordinates":[[[17.47175,44.55703],[17.53361,44.56464],[17.58406,44.57892],[17.62594,44.60938],[17.66306,44.60938],[17.69827,44.58939],[17.73825,44.57892],[17.78964,44.58368],[17.82296,44.59415],[17.86864,44.6227],[17.88482,44.63507],[17.94669,44.65601]]]},"properties":{"kind":"road","source":"awmc-roads"}},{"type":"Feature","geometry":{"type":"MultiLineString","coordinates":[[[17.78888,45.29213],[17.77537,45.26135],[17.75157,45.22994],[17.7373,45.19282],[17.73159,45.17283],[17.72945,45.15883]]]},"properties":{"kind":"road","source":"awmc-roads"}},{"type":"Feature","geometry":{"type":"MultiLineString","coordinates":[[[17.72945,45.15883],[17.73159,45.11002],[17.73063,45.06623],[17.72302,45.05386],[17.71636,45.04815],[17.71731,45.03102],[17.70398,44.97105],[17.70208,44.94726],[17.69732,44.92156],[17.66496,44.87873],[17.66782,44.8616],[17.70589,44.81496],[17.72968,44.79402]]]},"properties":{"kind":"road","source":"awmc-roads"}},{"type":"Feature","geometry":{"type":"MultiLineString","coordinates":[[[17.72968,44.79402],[17.78708,44.76166],[17.84323,44.74167],[17.88987,44.71788],[17.92699,44.69409],[17.96696,44.61699],[17.96887,44.58558]]]},"properties":{"kind":"road","source":"awmc-roads"}},{"type":"Feature","geometry":{"type":"MultiLineString","coordinates":[[[17.96887,44.58558],[17.93841,44.52467],[17.94031,44.46756],[17.95459,44.43139],[17.94317,44.39808],[17.92223,44.37429],[17.89463,44.33146],[17.87845,44.30005],[17.86988,44.28958],[17.86607,44.27149],[17.86322,44.23913]]]},"properties":{"kind":"road","source":"awmc-roads"}},{"type":"Feature","geometry":{"type":"MultiLineString","coordinates":[[[15.22997,44.11552],[15.27532,44.11064],[15.31529,44.10208],[15.36764,44.10208],[15.43236,44.09922],[15.4809,44.09256],[15.51707,44.07733],[15.57227,44.04782],[15.6113,44.03164],[15.66935,44.01737],[15.70241,44.02366],[15.73217,44.01832],[15.83116,44.01451],[15.95487,43.9951],[15.98059,43.98025],[16.02031,43.97012],[16.03865,43.94884],[16.07672,43.92695],[16.10337,43.92314],[16.17666,43.91743],[16.19541,43.89744],[16.22586,43.8765],[16.27631,43.84985],[16.31152,43.82035],[16.32866,43.79941],[16.36482,43.76514],[16.37149,43.7404],[16.39052,43.72231],[16.42383,43.70328],[16.45715,43.68805],[16.47904,43.67187],[16.49522,43.6357],[16.51901,43.6081],[16.5371,43.59002],[16.54852,43.56812]]]},"properties":{"kind":"road","source":"awmc-roads"}},{"type":"Feature","geometry":{"type":"MultiLineString","coordinates":[[[16.19758,44.02247],[16.19322,43.98786],[16.19607,43.96216],[16.19417,43.94027],[16.17666,43.91743]]]},"properties":{"kind":"road","source":"awmc-roads"}},{"type":"Feature","geometry":{"type":"MultiLineString","coordinates":[[[17.0618,44.42698],[17.0956,44.39332],[17.16318,44.36096],[17.16223,44.33621],[17.13368,44.31813],[17.11654,44.30195],[17.07371,44.28101],[17.0937,44.26007],[17.09846,44.23342],[17.1194,44.21439],[17.14795,44.20201],[17.17365,44.18012],[17.18698,44.15728],[17.1727,44.13824],[17.15081,44.11635],[17.14795,44.09256],[17.15176,44.06496],[17.16699,44.04497],[17.18698,44.0088],[17.21838,43.96978],[17.22981,43.94218]]]},"properties":{"kind":"road","source":"awmc-roads"}},{"type":"Feature","geometry":{"type":"MultiLineString","coordinates":[[[17.16318,44.36096],[17.24503,44.35811],[17.27264,44.33717],[17.31832,44.2991],[17.38209,44.29148],[17.41636,44.29434],[17.46965,44.29434],[17.53628,44.2734],[17.58387,44.26959],[17.6562,44.25151],[17.67143,44.22961],[17.67429,44.222],[17.70189,44.23152],[17.72188,44.2477],[17.7411,44.2496],[17.76947,44.25722],[17.79992,44.25341],[17.84523,44.24484],[17.86322,44.23913],[17.89091,44.2239],[17.90424,44.20011]]]},"properties":{"kind":"road","source":"awmc-roads"}},{"type":"Feature","geometry":{"type":"MultiLineString","coordinates":[[[16.61648,43.60715],[16.62885,43.65093],[16.64598,43.67092],[16.6536,43.70899],[16.66502,43.73278],[16.68024,43.7423],[16.72308,43.74992],[16.75068,43.76229],[16.78113,43.78608],[16.79541,43.81654],[16.80874,43.82606],[16.82766,43.83211],[16.84395,43.82796],[16.8963,43.8194],[16.94199,43.82701],[16.98577,43.84509],[17.02955,43.84605],[17.08666,43.83082],[17.11426,43.81654],[17.15233,43.81559],[17.17517,43.84129],[17.19326,43.86889],[17.22981,43.94218],[17.25036,43.96216],[17.29319,43.99262],[17.34459,44.03831],[17.39665,44.05544],[17.42425,44.05639],[17.44234,44.08209],[17.46709,44.10493],[17.49469,44.1154],[17.58606,44.15633],[17.65459,44.21058],[17.67429,44.222],[17.70218,44.20582],[17.75262,44.16965],[17.78403,44.15347],[17.81068,44.13634],[17.84685,44.12587],[17.86303,44.10969],[17.89634,44.08399],[17.93822,44.05639],[17.97248,44.03735],[18.00675,44.02403],[18.03054,44.01261],[18.06528,43.97644],[18.09384,43.94122],[18.1281,43.91933],[18.15951,43.9041],[18.1814,43.87745],[18.21757,43.86413],[18.2328,43.84509]]]},"properties":{"kind":"road","source":"awmc-roads"}},{"type":"Feature","geometry":{"type":"MultiLineString","coordinates":[[[16.50493,43.53464],[16.52872,43.55462],[16.57536,43.58603],[16.6001,43.5965],[16.61648,43.60715],[16.64008,43.61649],[16.68767,43.60792],[16.71051,43.60792],[16.7305,43.62315],[16.75905,43.63743],[16.79141,43.64599],[16.82663,43.64599],[16.8647,43.63933],[16.90468,43.62981],[16.97225,43.62981],[17.00461,43.6241],[17.06838,43.61744],[17.08742,43.63077],[17.10741,43.65361],[17.12739,43.68692],[17.1588,43.71738],[17.18545,43.7307],[17.19211,43.74498],[17.19021,43.75831],[17.20734,43.77258],[17.19783,43.784],[17.20925,43.79638],[17.22305,43.80114],[17.23447,43.81351],[17.21734,43.84111],[17.19326,43.86889]]]},"properties":{"kind":"road","source":"awmc-roads"}},{"type":"Feature","geometry":{"type":"MultiLineString","coordinates":[[[16.7305,43.62315],[16.76134,43.60887],[16.79179,43.59174],[16.84034,43.57937],[16.8746,43.56319],[16.89649,43.54891],[16.93361,43.53844],[16.96407,43.52702],[16.99072,43.50894],[17.03926,43.49181],[17.07352,43.47753],[17.10683,43.45469],[17.20677,43.41566],[17.23913,43.3833],[17.2772,43.36427],[17.31052,43.34523],[17.37714,43.33191],[17.46566,43.26909],[17.49707,43.23006],[17.52876,43.20722],[17.52115,43.18914],[17.52495,43.17772],[17.56588,43.15868],[17.58206,43.14345],[17.59158,43.12346],[17.62394,43.07968],[17.62965,43.05494],[17.69152,43.07778],[17.69532,43.09206],[17.70199,43.10253],[17.71531,43.10348],[17.74672,43.11204],[17.77432,43.11585],[17.83752,43.13393],[17.87464,43.13774],[17.91176,43.13774],[17.98885,43.15202],[18.04786,43.18248],[18.09165,43.19104],[18.11259,43.1977],[18.13162,43.21674],[18.15637,43.23768],[18.17826,43.26338],[18.19729,43.29003],[18.18016,43.31763],[18.15351,43.35189],[18.11734,43.41281],[18.10878,43.43755],[18.09641,43.49656],[18.07547,43.50703],[18.06309,43.53368],[18.05643,43.56509],[18.03168,43.58508],[18.00218,43.62125],[17.99456,43.63743],[17.99932,43.65646],[18.0117,43.67169],[18.00884,43.69263],[18.03168,43.71072],[18.10021,43.75735],[18.12972,43.76211],[18.16684,43.7564],[18.18587,43.77068],[18.19444,43.79257],[18.21157,43.81827],[18.2328,43.84509],[18.30532,43.82874],[18.33197,43.82683],[18.36053,43.8373],[18.41097,43.84301],[18.44619,43.84397],[18.46998,43.85634],[18.49187,43.88109],[18.5052,43.89251],[18.53375,43.90393],[18.6043,43.91244]]]},"properties":{"kind":"road","source":"awmc-roads"}},{"type":"Feature","geometry":{"type":"MultiLineString","coordinates":[[[16.99072,43.50894],[17.00576,43.52607],[17.06096,43.55082],[17.06096,43.56795],[17.09332,43.60126],[17.09998,43.61173],[17.09499,43.63942]]]},"properties":{"kind":"road","source":"awmc-roads"}},{"type":"Feature","geometry":{"type":"MultiLineString","coordinates":[[[16.50493,43.53464],[16.57269,43.49181],[16.59458,43.47563],[16.61457,43.46516],[16.65169,43.45278],[16.66787,43.44136],[16.70309,43.44041],[16.71641,43.43089],[16.7345,43.42137],[16.77638,43.41661],[16.81921,43.40424],[16.88964,43.40139],[16.91914,43.39187],[17.00576,43.33095],[17.01718,43.31097],[17.03336,43.29193],[17.0562,43.27861],[17.07904,43.27099],[17.09998,43.24244]]]},"properties":{"kind":"road","source":"awmc-roads"}},{"type":"Feature","geometry":{"type":"MultiLineString","coordinates":[[[17.09998,43.24244],[17.12311,43.21579],[17.16404,43.19295],[17.19069,43.18248],[17.28587,43.15107],[17.29348,43.1406],[17.31061,43.12537],[17.36677,43.10824],[17.40198,43.0911],[17.45243,43.07302],[17.47146,43.0616],[17.57616,43.03209],[17.59234,43.0359],[17.62965,43.05494]]]},"properties":{"kind":"road","source":"awmc-roads"}},{"type":"Feature","geometry":{"type":"MultiLineString","coordinates":[[[17.21786,43.40457],[17.22895,43.42994],[17.27654,43.45849],[17.29653,43.47753],[17.29653,43.48514],[17.27178,43.49181],[17.25465,43.49942],[17.24227,43.50799],[17.24037,43.52417],[17.25655,43.54606],[17.27463,43.57651],[17.29653,43.58127],[17.32318,43.59174],[17.32508,43.60316],[17.31366,43.61554],[17.31746,43.63172],[17.33269,43.64695],[17.34792,43.65551],[17.34126,43.66884],[17.32698,43.67931],[17.30604,43.68882],[17.2851,43.70691],[17.27178,43.74593],[17.25274,43.76306],[17.24227,43.7802],[17.22305,43.80114]]]},"properties":{"kind":"road","source":"awmc-roads"}},{"type":"Feature","geometry":{"type":"MultiLineString","coordinates":[[[17.29653,43.48514],[17.32984,43.52417],[17.34697,43.53844]]]},"properties":{"kind":"road","source":"awmc-roads"}},{"type":"Feature","geometry":{"type":"MultiLineString","coordinates":[[[17.32318,43.59174],[17.3108,43.567],[17.3089,43.54891],[17.31461,43.54415],[17.34697,43.53844],[17.36696,43.53178],[17.38314,43.50418],[17.41169,43.48705],[17.4155,43.46801],[17.42692,43.45754],[17.45071,43.44422],[17.47736,43.43375],[17.50021,43.4071],[17.51163,43.38045],[17.53257,43.35856],[17.60014,43.31001],[17.63346,43.28336],[17.65059,43.26528],[17.66391,43.25481],[17.682,43.23673]]]},"properties":{"kind":"road","source":"awmc-roads"}},{"type":"Feature","geometry":{"type":"MultiLineString","coordinates":[[[17.52876,43.20722],[17.57635,43.19104],[17.62679,43.19104],[17.66582,43.21103],[17.682,43.23673],[17.71531,43.27004],[17.74862,43.29859],[17.82191,43.34047]]]},"properties":{"kind":"road","source":"awmc-roads"}},{"type":"Feature","geometry":{"type":"MultiLineString","coordinates":[[[17.57635,43.19104],[17.64393,43.16249],[17.66201,43.14631],[17.67534,43.12918],[17.70199,43.10253]]]},"properties":{"kind":"road","source":"awmc-roads"}},{"type":"Feature","geometry":{"type":"MultiLineString","coordinates":[[[17.23447,43.81351],[17.26226,43.84111],[17.33555,43.863],[17.41074,43.88775],[17.43834,43.90298],[17.4707,43.90964],[17.52495,43.91725],[17.5478,43.92772]]]},"properties":{"kind":"road","source":"awmc-roads"}},{"type":"Feature","geometry":{"type":"MultiLineString","coordinates":[[[17.22981,43.94218],[17.26797,43.89917],[17.30128,43.87157],[17.32201,43.85896],[17.34602,43.84968],[17.41645,43.84206],[17.46975,43.84301],[17.52591,43.84016],[17.54875,43.83159],[17.56874,43.84587],[17.59729,43.87347],[17.59729,43.89155],[17.59253,43.91249],[17.58111,43.92201],[17.55731,43.93629],[17.52305,43.96865],[17.51353,43.98769],[17.48593,44.00101],[17.45643,44.021],[17.44024,44.04194],[17.42995,44.06448],[17.44234,44.08209],[17.43834,44.10475],[17.41169,44.12665],[17.3917,44.13236],[17.37457,44.1533],[17.38314,44.1847],[17.40598,44.20279],[17.41264,44.21611],[17.43263,44.22182],[17.49069,44.22087],[17.55827,44.25418],[17.58387,44.26959]]]},"properties":{"kind":"road","source":"awmc-roads"}},{"type":"Feature","geometry":{"type":"MultiLineString","coordinates":[[[17.5478,43.92772],[17.56613,43.931],[17.58206,43.95437],[17.59348,43.98102],[17.6011,43.98864],[17.66772,44.02671],[17.69342,44.04574],[17.70484,44.05717],[17.70484,44.07049],[17.71246,44.08953],[17.72959,44.1038],[17.73149,44.14473],[17.7372,44.16377],[17.74503,44.17509],[17.76861,44.1847],[17.83428,44.19993],[17.88187,44.19898],[17.90424,44.20011],[17.96125,44.19422],[17.99266,44.1809],[18.00884,44.14473],[18.04311,44.11047],[18.05262,44.09428],[18.08689,44.06668],[18.11259,44.04099],[18.13733,44.0248],[18.15827,44.00672],[18.16874,43.99435],[18.19349,43.97722],[18.22299,43.97436],[18.24964,43.96294],[18.24964,43.94581],[18.26106,43.93248],[18.28771,43.92296],[18.3096,43.91249],[18.31341,43.90012],[18.30675,43.8887],[18.29533,43.88109],[18.2801,43.86681],[18.2801,43.85253],[18.28402,43.83375]]]},"properties":{"kind":"road","source":"awmc-roads"}},{"type":"Feature","geometry":{"type":"MultiLineString","coordinates":[[[18.08584,43.95108],[18.1478,43.96008],[18.17826,43.97055],[18.19063,43.99149],[18.24203,43.99815],[18.26868,44.01053],[18.31246,44.05526],[18.33435,44.14283],[18.33721,44.16281]]]},"properties":{"kind":"road","source":"awmc-roads"}},{"type":"Feature","geometry":{"type":"MultiLineString","coordinates":[[[18.31721,43.82789],[18.32931,43.81636],[18.35405,43.80685],[18.36547,43.78686],[18.38546,43.77734],[18.4064,43.76973],[18.41116,43.75164],[18.42829,43.72594],[18.44542,43.71738],[18.45399,43.7012]]]},"properties":{"kind":"road","source":"awmc-roads"}},{"type":"Feature","geometry":{"type":"MultiLineString","coordinates":[[[18.11944,43.20455],[18.15675,43.1939],[18.19863,43.17867],[18.22908,43.17676],[18.32331,43.18057],[18.40421,43.17486],[18.50891,43.15297],[18.53365,43.14155]]]},"properties":{"kind":"road","source":"awmc-roads"}},{"type":"Feature","geometry":{"type":"MultiLineString","coordinates":[[[17.62965,43.05494],[17.62432,43.01306],[17.60433,42.99783],[17.57768,42.98641],[17.55579,42.9826],[17.54342,42.97023],[17.54818,42.95976],[17.56721,42.94929],[17.61861,42.94167],[17.65002,42.9312],[17.72331,42.9017],[17.75471,42.88076],[17.78517,42.84554],[17.82229,42.83127],[17.89843,42.797],[17.9051,42.78273],[17.91747,42.76464],[17.92718,42.75608],[17.98428,42.71896],[18.02997,42.71039],[18.05662,42.69802],[18.11658,42.68564],[18.13657,42.67993],[18.15656,42.64852],[18.16893,42.6371],[18.19939,42.6352],[18.21938,42.63044],[18.2308,42.62568]]]},"properties":{"kind":"road","source":"awmc-roads"}},{"type":"Feature","geometry":{"type":"MultiLineString","coordinates":[[[17.88815,43.13774],[17.93194,43.12251],[17.97286,43.09015],[18.01855,43.06255],[18.02902,43.04161],[18.03092,43.02067],[18.0433,42.99307],[18.05377,42.9807],[18.08613,42.96166],[18.16703,42.93596],[18.22509,42.89884],[18.30123,42.85792],[18.3412,42.81985],[18.39736,42.78558],[18.42782,42.76274]]]},"properties":{"kind":"road","source":"awmc-roads"}},{"type":"Feature","geometry":{"type":"MultiLineString","coordinates":[[[18.99308,42.75784],[18.96809,42.76082],[18.91574,42.76082],[18.86875,42.73464],[18.84424,42.72275],[18.802,42.72096],[18.77702,42.72453],[18.73776,42.72751],[18.71337,42.73702],[18.68957,42.74238],[18.66816,42.7513],[18.65388,42.74416],[18.62626,42.74275],[18.61294,42.75132],[18.59295,42.75988],[18.55964,42.75512],[18.5149,42.75988],[18.47445,42.77702],[18.44304,42.77606],[18.42782,42.76274],[18.43829,42.74465],[18.43353,42.73038],[18.41068,42.72657],[18.37928,42.72562],[18.36405,42.7161],[18.3412,42.67898],[18.31551,42.65995],[18.30504,42.64377],[18.27743,42.6333],[18.25364,42.62663],[18.23651,42.61616],[18.23403,42.59522],[18.22547,42.56953]]]},"properties":{"kind":"road","source":"awmc-roads"}},{"type":"Feature","geometry":{"type":"MultiLineString","coordinates":[[[17.89843,42.797],[17.90148,42.81889],[17.92527,42.83603],[17.95763,42.83698],[17.98428,42.8484],[17.99285,42.86268],[17.9919,42.88837],[17.99856,42.88933],[18.02997,42.87315],[18.05948,42.85125],[18.08422,42.83983],[18.10421,42.8246],[18.11944,42.79986],[18.20605,42.75608],[18.26125,42.73228],[18.29171,42.71515],[18.32312,42.70658],[18.34311,42.70849],[18.34787,42.7142],[18.36405,42.7161]]]},"properties":{"kind":"road","source":"awmc-roads"}},{"type":"Feature","geometry":{"type":"MultiLineString","coordinates":[[[18.47445,42.77702],[18.46056,42.79986],[18.432,42.86268],[18.40631,42.9017],[18.39203,42.92645],[18.38727,42.96547],[18.39964,43.0064],[18.43771,43.0359],[18.49101,43.07397],[18.52623,43.12061],[18.53365,43.14155],[18.57572,43.18628],[18.58429,43.21769],[18.61475,43.24625],[18.63178,43.25345]]]},"properties":{"kind":"road","source":"awmc-roads"}},{"type":"Feature","geometry":{"type":"MultiLineString","coordinates":[[[18.2308,42.62568],[18.23651,42.61616],[18.23403,42.59522],[18.22547,42.56953],[18.30827,42.53907],[18.34158,42.51432],[18.37966,42.50671],[18.49387,42.44865],[18.51291,42.46388],[18.52632,42.46159]]]},"properties":{"kind":"road","source":"awmc-roads"}},{"type":"Feature","geometry":{"type":"MultiLineString","coordinates":[[[18.22547,42.56953],[18.2721,42.57333],[18.29971,42.58285],[18.30637,42.59332],[18.29685,42.59903],[18.29114,42.61331],[18.30504,42.64377]]]},"properties":{"kind":"road","source":"awmc-roads"}},{"type":"Feature","geometry":{"type":"MultiLineString","coordinates":[[[18.36813,42.50902],[18.38537,42.53526],[18.40345,42.53526],[18.42439,42.54002],[18.42629,42.54954],[18.43771,42.56191],[18.44438,42.5819],[18.43486,42.61807],[18.42344,42.68374],[18.41487,42.71705],[18.41068,42.72657]]]},"properties":{"kind":"road","source":"awmc-roads"}},{"type":"Feature","geometry":{"type":"MultiLineString","coordinates":[[[18.29685,42.59903],[18.31969,42.61045],[18.34825,42.6095],[18.37109,42.59903],[18.39393,42.60189],[18.40916,42.60665],[18.43486,42.61807]]]},"properties":{"kind":"road","source":"awmc-roads"}},{"type":"Feature","geometry":{"type":"MultiLineString","coordinates":[[[18.18984,42.6358],[18.20134,42.65478],[18.19063,42.67477],[18.18706,42.68976],[18.19277,42.69547],[18.21347,42.70189],[18.24079,42.7411]]]},"properties":{"kind":"road","source":"awmc-roads"}},{"type":"Feature","geometry":{"type":"MultiLineString","coordinates":[[[10.49497,36.03765],[10.47688,36.0486],[10.46362,36.06329],[10.45458,36.09184],[10.44554,36.11326],[10.42222,36.148],[10.4127,36.16608],[10.40318,36.19559],[10.39699,36.22081],[10.39366,36.2446],[10.43316,36.28981],[10.50455,36.35501],[10.56023,36.40165],[10.57831,36.40022],[10.46029,36.40355],[10.42412,36.40403],[10.39366,36.40213],[10.31229,36.40403],[10.23852,36.39832],[10.12193,36.39451],[10.04341,36.39927],[9.93633,36.40117],[9.90207,36.39784],[9.84972,36.39879],[9.80356,36.39594],[9.71552,36.40926],[9.69886,36.40974],[9.6665,36.40593],[9.6546,36.40308],[9.64033,36.40498]]]},"properties":{"kind":"road","source":"awmc-roads"}},{"type":"Feature","geometry":{"type":"MultiLineString","coordinates":[[[10.18713,36.82377],[10.18427,36.80854],[10.18665,36.79521],[10.19236,36.78379],[10.20997,36.76809],[10.23519,36.75571],[10.30039,36.73858],[10.33085,36.73287],[10.34845,36.71526],[10.39176,36.67909],[10.50169,36.57678],[10.52834,36.55108],[10.55832,36.51491],[10.5707,36.48636],[10.57641,36.46256],[10.57879,36.40165],[10.54252,36.37643],[10.52729,36.36025],[10.51444,36.3374],[10.49826,36.32218],[10.48779,36.31456],[10.48303,36.30076],[10.47875,36.27697],[10.48018,36.26221],[10.47161,36.22224],[10.4659,36.17227],[10.46733,36.14752],[10.46685,36.11231],[10.46923,36.0966],[10.48327,36.05431],[10.49517,36.03765],[10.51872,36.02284],[10.51397,36.01332],[10.51492,36.00713],[10.52777,35.98239],[10.54442,35.95621],[10.56858,35.93045],[10.59428,35.89571],[10.60296,35.87912],[10.61819,35.8577],[10.64001,35.8363]]]},"properties":{"kind":"road","source":"awmc-roads"}},{"type":"Feature","geometry":{"type":"MultiLineString","coordinates":[[[10.86147,36.57345],[10.83339,36.57535],[10.80483,36.58058],[10.73869,36.59581],[10.66254,36.61723],[10.64589,36.62008],[10.55927,36.65482],[10.4146,36.6929],[10.37272,36.70908],[10.35274,36.7205],[10.34465,36.72716],[10.33132,36.73192]]]},"properties":{"kind":"road","source":"awmc-roads"}},{"type":"Feature","geometry":{"type":"MultiLineString","coordinates":[[[11.09227,36.83995],[11.06991,36.85946],[11.0404,36.88944],[10.94951,36.96225],[10.90001,36.99889],[10.88336,36.98176],[10.82958,36.94464],[10.78342,36.91419],[10.7482,36.8942],[10.68681,36.8685],[10.56546,36.81425]]]},"properties":{"kind":"road","source":"awmc-roads"}},{"type":"Feature","geometry":{"type":"MultiLineString","coordinates":[[[9.90349,36.39737],[9.92348,36.42116],[9.95584,36.45305],[10.01533,36.49397],[10.0396,36.51634],[10.05864,36.54632],[10.07148,36.55679],[10.09338,36.57297],[10.13573,36.59819],[10.15001,36.60438],[10.16143,36.60723]]]},"properties":{"kind":"road","source":"awmc-roads"}},{"type":"Feature","geometry":{"type":"MultiLineString","coordinates":[[[9.90349,36.39737],[9.90921,36.42687],[9.92634,36.47256],[9.94157,36.50635],[9.95204,36.51682],[9.96822,36.55536],[9.98392,36.58487],[10.06339,36.62722],[10.05245,36.63912],[10.00676,36.70194],[10.00058,36.71907]]]},"properties":{"kind":"road","source":"awmc-roads"}},{"type":"Feature","geometry":{"type":"MultiLineString","coordinates":[[[9.87684,36.533],[9.89874,36.56631]]]},"properties":{"kind":"road","source":"awmc-roads"}},{"type":"Feature","geometry":{"type":"MultiLineString","coordinates":[[[7.75336,36.88872],[7.77055,36.86993],[7.79196,36.8566],[7.81433,36.84899],[7.85288,36.84042],[7.88666,36.83947],[7.96471,36.84375],[8.09748,36.87659],[8.20313,36.88801],[8.25262,36.89848],[8.31592,36.91704],[8.35113,36.91656],[8.37778,36.91371],[8.39968,36.90943],[8.42442,36.89705],[8.44441,36.89229],[8.54673,36.9061],[8.6243,36.92703],[8.71329,36.94417],[8.75041,36.95368],[8.78229,36.95511],[8.92078,36.99889],[8.9579,37.00841],[9.02405,37.02174],[9.10019,37.04553],[9.15396,37.06647],[9.30197,37.11263],[9.34147,37.12358],[9.37621,37.13833],[9.41047,37.1645],[9.44378,37.17878],[9.45901,37.1883],[9.48376,37.18973],[9.52944,37.20829],[9.5618,37.20924],[9.59274,37.21257],[9.6508,37.22304],[9.78643,37.25588],[9.86923,37.27158],[9.87399,37.26444],[9.89255,37.25064],[9.91396,37.24112],[9.95204,37.23208],[9.98963,37.22685],[10.06387,37.22827],[10.09052,37.22542],[10.12383,37.2178],[10.11812,37.21019],[10.09528,37.19068],[10.07482,37.16926],[10.05435,37.15166],[10.01729,37.10484],[10.01349,37.09152],[10.01438,37.07599],[10.01818,37.06599],[10.04864,37.05029],[10.05673,37.04458],[10.0553,37.0303],[10.06101,37.0146],[10.07672,36.98176],[10.08529,36.96796],[10.09623,36.93275],[10.10004,36.91276],[10.10765,36.9061],[10.20949,36.8804],[10.28326,36.8666],[10.29611,36.86231],[10.31229,36.85422]]]},"properties":{"kind":"road","source":"awmc-roads"}},{"type":"Feature","geometry":{"type":"MultiLineString","coordinates":[[[9.80879,36.66672],[9.81879,36.68861],[9.82545,36.72764],[9.82688,36.74667],[9.83592,36.77237],[9.84068,36.8033],[9.83687,36.82995]]]},"properties":{"kind":"road","source":"awmc-roads"}},{"type":"Feature","geometry":{"type":"MultiLineString","coordinates":[[[9.61653,36.31742],[9.64128,36.40546],[9.62319,36.45876],[9.61891,36.46447],[9.6132,36.55013],[9.60892,36.6534]]]},"properties":{"kind":"road","source":"awmc-roads"}},{"type":"Feature","geometry":{"type":"MultiLineString","coordinates":[[[9.48947,36.50587],[9.54848,36.48921],[9.6013,36.46923],[9.61844,36.46685]]]},"properties":{"kind":"road","source":"awmc-roads"}},{"type":"Feature","geometry":{"type":"MultiLineString","coordinates":[[[9.08782,36.59105],[9.08924,36.49397],[9.09115,36.48208],[9.09591,36.47636],[9.10447,36.47303],[9.12779,36.47018],[9.16729,36.45543],[9.18728,36.45067],[9.24058,36.44876],[9.27484,36.45495]]]},"properties":{"kind":"road","source":"awmc-roads"}},{"type":"Feature","geometry":{"type":"MultiLineString","coordinates":[[[9.09591,36.47732],[9.1573,36.49302],[9.18633,36.50397],[9.23249,36.51348],[9.26199,36.52586],[9.2777,36.5368],[9.30387,36.54727],[9.28674,36.52348],[9.27722,36.50444],[9.24153,36.44924],[9.1573,36.49207]]]},"properties":{"kind":"road","source":"awmc-roads"}},{"type":"Feature","geometry":{"type":"MultiLineString","coordinates":[[[9.14159,36.34502],[9.08734,36.39023],[9.06973,36.40213],[9.104,36.40784],[9.19013,36.43115],[9.24105,36.44829]]]},"properties":{"kind":"road","source":"awmc-roads"}},{"type":"Feature","geometry":{"type":"MultiLineString","coordinates":[[[9.08591,36.28839],[9.16872,36.31313],[9.19204,36.31837],[9.23058,36.3217],[9.22916,36.34502],[9.23344,36.39261],[9.23629,36.41069],[9.24058,36.42497],[9.2401,36.44829],[9.23296,36.51396]]]},"properties":{"kind":"road","source":"awmc-roads"}},{"type":"Feature","geometry":{"type":"MultiLineString","coordinates":[[[9.09971,36.44115],[9.13445,36.43877],[9.15825,36.4402],[9.18395,36.43782],[9.19584,36.43353]]]},"properties":{"kind":"road","source":"awmc-roads"}},{"type":"Feature","geometry":{"type":"MultiLineString","coordinates":[[[9.4138,36.38737],[9.32053,36.41307],[9.30197,36.42211],[9.28436,36.42354],[9.25771,36.42211],[9.23011,36.42449],[9.21393,36.42306]]]},"properties":{"kind":"road","source":"awmc-roads"}},{"type":"Feature","geometry":{"type":"MultiLineString","coordinates":[[[9.15587,36.35596],[9.16158,36.36643],[9.19965,36.40641],[9.20346,36.41259],[9.23962,36.44258],[9.24105,36.44829]]]},"properties":{"kind":"road","source":"awmc-roads"}},{"type":"Feature","geometry":{"type":"MultiLineString","coordinates":[[[9.93157,36.85137],[9.86495,36.83757],[9.82926,36.82805],[9.81736,36.82377],[9.80927,36.81663],[9.79404,36.81568],[9.77976,36.81282],[9.77262,36.80425],[9.76215,36.78569],[9.74835,36.77094],[9.72599,36.75571],[9.65936,36.72573],[9.55609,36.66482],[9.52659,36.65244],[9.45806,36.65149],[9.33433,36.64245],[9.29007,36.64197],[9.26247,36.63817],[9.25438,36.63864],[9.21298,36.65197],[9.19679,36.65054],[9.18299,36.64483],[9.14349,36.6158],[9.13255,36.61247],[9.08401,36.61104],[9.03404,36.60676],[9.01072,36.60866],[8.98883,36.61295],[8.96789,36.60723],[8.93648,36.60676],[8.84416,36.5901],[8.78991,36.57392],[8.6538,36.54394],[8.62239,36.53157],[8.5986,36.51824],[8.56566,36.49218],[8.52779,36.50435],[8.48496,36.52053],[8.44593,36.53766],[8.29317,36.59048],[8.26176,36.59905],[8.23178,36.61],[8.20656,36.61285],[8.1169,36.63855],[8.05789,36.65758],[8.00126,36.68043],[7.98032,36.69518],[7.97175,36.70946],[7.94605,36.72088],[7.90894,36.7442],[7.87324,36.76371],[7.84945,36.78274],[7.7833,36.82367],[7.7695,36.827],[7.74237,36.82986]],[[9.93014,36.85089],[9.96251,36.86612],[9.99249,36.8842],[10.04579,36.90847],[10.11384,36.87373],[10.18094,36.85851],[10.20283,36.8566],[10.21996,36.85993],[10.31229,36.85422]]]},"properties":{"kind":"road","source":"awmc-roads"}},{"type":"Feature","geometry":{"type":"MultiLineString","coordinates":[[[8.69559,36.63807],[8.65133,36.60048],[8.6242,36.5705],[8.58185,36.51862],[8.56757,36.49864],[8.56566,36.49218]]]},"properties":{"kind":"road","source":"awmc-roads"}},{"type":"Feature","geometry":{"type":"MultiLineString","coordinates":[[[8.75041,36.95368],[8.7545,36.9455],[8.77544,36.92742],[8.82731,36.90695],[8.87395,36.88221],[8.88585,36.87126],[8.9006,36.86507],[8.93915,36.85508],[8.97865,36.8408],[9.00482,36.82843],[9.01719,36.81748],[9.04908,36.80035],[9.11047,36.78512],[9.18233,36.73278],[9.15187,36.71136],[9.07668,36.67186],[9.04717,36.65473],[8.94248,36.60666],[8.94295,36.61809],[8.95057,36.63712],[9.02052,36.7304],[9.07906,36.77703],[9.09714,36.78845]]]},"properties":{"kind":"road","source":"awmc-roads"}},{"type":"Feature","geometry":{"type":"MultiLineString","coordinates":[[[9.21098,36.73377],[9.25238,36.77042]]]},"properties":{"kind":"road","source":"awmc-roads"}},{"type":"Feature","geometry":{"type":"MultiLineString","coordinates":[[[12.51823,41.89119],[12.56654,41.89514],[12.58263,41.89333],[12.59603,41.8941],[12.67409,41.89088],[12.70011,41.89229],[12.71032,41.88722],[12.72473,41.89015],[12.74568,41.88308],[12.74683,41.88137],[12.7636,41.87903],[12.76641,41.8758],[12.77523,41.87351],[12.81385,41.86912],[12.84144,41.8532],[12.88398,41.83653]]]},"properties":{"name":"Via Praenestina","kind":"road","source":"awmc-roads"}},{"type":"Feature","geometry":{"type":"MultiLineString","coordinates":[[[12.49598,41.87962],[12.5063,41.87477],[12.51501,41.8731],[12.6449,41.80018],[12.66132,41.79533],[12.68759,41.79262],[12.71585,41.7949],[12.74627,41.78514],[12.7711,41.77206],[12.79952,41.7702],[12.80751,41.76506],[12.81898,41.76386],[12.8592,41.7543],[12.87157,41.74872],[12.94989,41.74752],[12.96315,41.75596],[12.97312,41.75235],[12.98197,41.7525],[13.01499,41.74114],[13.0445,41.74543],[13.07586,41.73562],[13.08652,41.73781],[13.09518,41.73572],[13.10522,41.73753],[13.11655,41.73619],[13.12464,41.73201],[13.13768,41.73286],[13.15307,41.72833],[13.16392,41.72814],[13.24261,41.69956],[13.38758,41.62732],[13.3986,41.62049],[13.41959,41.59039],[13.47397,41.56123],[13.5238,41.55081],[13.54205,41.52809],[13.56301,41.52814],[13.5782,41.52426],[13.58348,41.52075],[13.60615,41.52984],[13.66057,41.5029],[13.67834,41.50471],[13.71567,41.50243],[13.75248,41.49271],[13.79414,41.4894],[13.81353,41.49858],[13.83134,41.48543],[13.83388,41.47455],[13.84179,41.4618],[13.88312,41.45433],[13.93774,41.44795],[13.97973,41.41968],[14.00192,41.39223],[14.03567,41.37257],[14.04333,41.35733],[14.05502,41.35186],[14.05604,41.33607],[14.06737,41.29664],[14.06191,41.26788],[14.0498,41.25265],[14.07647,41.2424],[14.0906,41.22605],[14.10998,41.22107],[14.14074,41.20731],[14.16085,41.16916],[14.18459,41.13581],[14.18967,41.11654],[14.24635,41.08503],[14.2912,41.08467],[14.33824,41.05686],[14.36921,41.0339]]]},"properties":{"name":"Via Latina","kind":"road","source":"awmc-roads"}},{"type":"Feature","geometry":{"type":"MultiLineString","coordinates":[[[12.49045,41.88954],[12.48903,41.88437],[12.50002,41.87623],[12.50348,41.86649],[12.66299,41.72366],[12.66432,41.71981],[12.66742,41.71995],[12.66885,41.71766],[12.67113,41.71766],[12.71078,41.68522],[12.71364,41.68451],[13.19065,41.31496],[13.24217,41.30393],[13.25224,41.29786],[13.27469,41.30853],[13.32046,41.34343],[13.34566,41.35185],[13.37457,41.3587],[13.41643,41.36007],[13.46865,41.33028],[13.47715,41.31495],[13.50467,41.30035],[13.52156,41.29758],[13.52449,41.2989],[13.54089,41.27398],[13.56,41.26182],[13.57792,41.26043],[13.58595,41.26728],[13.60553,41.273],[13.6525,41.26956],[13.72944,41.25498],[13.77046,41.24508],[13.79977,41.22486],[13.82025,41.20416],[13.83319,41.18542],[13.8362,41.15052],[13.84291,41.137],[13.90554,41.12451],[13.9418,41.14123],[13.98396,41.13367],[14.04517,41.13191],[14.19121,41.12227]]]},"properties":{"name":"Via Appia","kind":"road","source":"awmc-roads"}},{"type":"Feature","geometry":{"type":"MultiLineString","coordinates":[[[12.37994,42.0091],[12.36869,42.00909],[12.35717,42.01912],[12.34288,42.02161],[12.3103,42.03149],[12.3047,42.03509],[12.29839,42.043]]]},"properties":{"name":"Via Clodia","kind":"road","source":"awmc-roads"}},{"type":"Feature","geometry":{"type":"MultiLineString","coordinates":[[[7.36255,46.23079],[7.3777,46.23721],[7.40333,46.25363],[7.55823,46.30289],[7.59821,46.31002],[7.70386,46.31288],[7.75525,46.3086],[7.8659,46.31217],[7.94906,46.32145],[8.01188,46.34001],[8.05399,46.36142],[8.12038,46.38641],[8.18106,46.42567],[8.20604,46.45065],[8.24744,46.47635],[8.26886,46.49277],[8.30455,46.53417],[8.35138,46.57129]]]},"properties":{"kind":"road","source":"awmc-roads"}},{"type":"Feature","geometry":{"type":"MultiLineString","coordinates":[[[10.66587,47.11757],[10.68309,47.1276],[10.7095,47.14616],[10.72735,47.16401],[10.73591,47.17971],[10.73805,47.20256],[10.73663,47.21469],[10.72949,47.23254],[10.72192,47.24558]]]},"properties":{"kind":"road","source":"awmc-roads"}},{"type":"Feature","geometry":{"type":"MultiLineString","coordinates":[[[13.70529,47.10958],[13.6903,47.1367],[13.57823,47.22308],[13.51327,47.2602],[13.49899,47.27662],[13.49542,47.31445],[13.484,47.36442],[13.47686,47.38583],[13.46687,47.39083],[13.43974,47.38583],[13.42832,47.39083],[13.41833,47.40297],[13.41476,47.42295],[13.40833,47.4358],[13.39406,47.4408],[13.35837,47.43366],[13.31197,47.43295],[13.27413,47.44294],[13.23987,47.44722],[13.22059,47.45722],[13.21774,47.48863],[13.20917,47.51004],[13.19418,47.5286],[13.20061,47.56072],[13.20132,47.58428],[13.19347,47.60498],[13.17562,47.61569],[13.16706,47.62854],[13.16349,47.64567],[13.15778,47.65852],[13.14207,47.66851],[13.1178,47.67851],[13.09781,47.7042],[13.09282,47.72348],[13.0971,47.75703],[13.09425,47.77773],[13.08211,47.79415],[13.06212,47.80414]]]},"properties":{"kind":"road","source":"awmc-roads"}},{"type":"Feature","geometry":{"type":"MultiLineString","coordinates":[[[15.00612,45.91536],[15.04271,45.91452],[15.04807,45.91749],[15.05996,45.94069],[15.07008,45.9514],[15.08911,45.96092],[15.10696,45.9633],[15.1254,45.9633],[15.13968,45.96568],[15.15633,45.97103],[15.18072,45.96984],[15.19143,45.97163],[15.19559,45.97757],[15.18786,45.99483],[15.18727,46.00375],[15.19202,46.01327],[15.19321,46.01981],[15.18846,46.03052],[15.19262,46.04717],[15.20452,46.06264],[15.20571,46.07037],[15.22891,46.09476],[15.24259,46.10607],[15.24854,46.11439],[15.24973,46.12451],[15.24735,46.17566],[15.25508,46.18697],[15.28066,46.21017],[15.28125,46.21612],[15.2759,46.22444],[15.26543,46.23397],[15.25568,46.21968],[15.23367,46.20362],[15.23129,46.19827],[15.23426,46.16793],[15.2301,46.15841],[15.19678,46.14592],[15.19321,46.13997],[15.20273,46.12213],[15.20392,46.11618],[15.20273,46.10963],[15.1944,46.1025],[15.17358,46.09536],[15.16407,46.08346],[15.16526,46.08049],[15.16942,46.07513],[15.19143,46.06561],[15.20333,46.04896],[15.21106,46.04479],[15.22355,46.04479],[15.22891,46.03766],[15.23426,46.03528],[15.24913,46.04242],[15.25568,46.04242],[15.25984,46.03825],[15.26757,46.02219],[15.27828,46.01565],[15.29375,46.0097],[15.36275,45.98947],[15.38655,45.98769],[15.44187,45.98769],[15.46328,45.98293],[15.47459,45.97698],[15.48053,45.95854],[15.48053,45.94724],[15.49057,45.93131]]]},"properties":{"kind":"road","source":"awmc-roads"}},{"type":"Feature","geometry":{"type":"MultiLineString","coordinates":[[[13.84418,44.86197],[13.84581,44.87518],[13.86488,44.89052],[13.87059,44.91765],[13.86916,44.94478],[13.85346,44.97333],[13.83062,44.99903],[13.79849,45.03115],[13.7935,45.06684],[13.77494,45.11181],[13.74995,45.13751],[13.66501,45.19462],[13.60005,45.22032],[13.62003,45.2296],[13.69641,45.2867],[13.7421,45.31597],[13.7471,45.32525],[13.74567,45.33739],[13.70926,45.37094],[13.68999,45.39164],[13.66643,45.43233],[13.66643,45.46945],[13.67714,45.49871],[13.69856,45.52227],[13.75709,45.53369],[13.76637,45.54297],[13.76994,45.58223],[13.78422,45.59508],[13.81206,45.60936],[13.81277,45.61578],[13.80635,45.62649],[13.7859,45.63948]]]},"properties":{"name":"Via Flavia","kind":"road","source":"awmc-roads"}},{"type":"Feature","geometry":{"type":"MultiLineString","coordinates":[[[13.78493,45.64077],[13.77636,45.65362],[13.76423,45.68003],[13.74067,45.70073],[13.70641,45.72643],[13.66429,45.74927],[13.63003,45.77211],[13.57792,45.79282],[13.54008,45.80566],[13.49725,45.81066],[13.43658,45.8021],[13.40374,45.79282],[13.3859,45.78282],[13.38304,45.77211],[13.3759,45.7664],[13.36234,45.76783],[13.34592,45.77997],[13.32665,45.82494],[13.29667,45.87848],[13.28667,45.92273],[13.27668,45.94272],[13.27168,45.96128],[13.25312,45.99911],[13.24812,46.01767],[13.25169,46.07407],[13.25027,46.10905],[13.24456,46.12618],[13.21386,46.15402],[13.20101,46.17115],[13.16889,46.20042],[13.15461,46.2204],[13.13034,46.27894],[13.12963,46.30178],[13.13605,46.32034],[13.14533,46.33676],[13.14676,46.35032],[13.14248,46.36032],[13.13105,46.37531]]]},"properties":{"kind":"road","source":"awmc-roads"}},{"type":"Feature","geometry":{"type":"MultiLineString","coordinates":[[[14.18611,45.22032],[14.15423,45.20549],[14.12805,45.19775],[13.9835,45.16801],[13.93234,45.15195],[13.85322,45.11566],[13.83002,45.10674],[13.78008,45.09936],[13.70629,45.09425],[13.64936,45.07343]]]},"properties":{"kind":"road","source":"awmc-roads"}},{"type":"Feature","geometry":{"type":"MultiLineString","coordinates":[[[14.44452,45.33096],[14.35814,45.3588],[14.33903,45.36836],[14.30746,45.35809],[14.27605,45.34024],[14.24393,45.33382],[14.22466,45.32025],[14.20966,45.31526],[14.18539,45.31383],[14.15755,45.32097],[14.14042,45.3174],[14.13114,45.30598],[14.12971,45.29456],[14.14042,45.25958],[14.17897,45.23816],[14.18611,45.22032],[14.1911,45.19747],[14.1911,45.18034],[14.17469,45.1575],[14.16041,45.14465],[14.15755,45.1368],[14.12329,45.12109],[14.11901,45.10967],[14.12686,45.09468],[14.12258,45.08683],[14.10759,45.08826],[14.08046,45.07469],[14.07332,45.06256],[14.06047,45.05471],[14.04834,45.05542],[14.03906,45.06113],[14.02764,45.05899],[14.02121,45.03615],[14.00122,45.01973],[13.98623,44.99831],[13.97624,44.97904],[13.96482,44.9462],[13.96482,44.92693],[13.97553,44.90908],[13.97553,44.89838],[13.9434,44.89909],[13.91271,44.89195],[13.87202,44.87982],[13.85703,44.86697],[13.84418,44.86197]]]},"properties":{"kind":"road","source":"awmc-roads"}},{"type":"Feature","geometry":{"type":"MultiLineString","coordinates":[[[13.84418,44.86197],[13.84581,44.87518],[13.86488,44.89052],[13.87059,44.91765],[13.86916,44.94478],[13.85346,44.97333],[13.83062,44.99903],[13.79849,45.03115],[13.7935,45.06684],[13.77494,45.11181],[13.74995,45.13751],[13.66501,45.19462],[13.60005,45.22032],[13.62003,45.2296],[13.69641,45.2867],[13.7421,45.31597],[13.7471,45.32525],[13.74567,45.33739],[13.72727,45.35551],[13.75011,45.35623],[13.78509,45.35052],[13.81507,45.35623],[13.84363,45.35551],[13.87646,45.36693],[13.88574,45.37978],[13.89788,45.38692],[13.90216,45.39692],[13.91073,45.4012],[13.92215,45.39477],[13.93143,45.39549],[13.94214,45.4062],[13.97854,45.40834],[13.99781,45.39906],[14.03922,45.38906],[14.09775,45.36051],[14.10418,45.34837],[14.12345,45.33838],[14.16128,45.32053],[14.18539,45.31383],[14.20966,45.31526],[14.22466,45.32025],[14.24393,45.33382],[14.27605,45.34024],[14.30746,45.35809],[14.33903,45.36836],[14.35814,45.3588],[14.44452,45.33096]]]},"properties":{"kind":"road","source":"awmc-roads"}},{"type":"Feature","geometry":{"type":"MultiLineString","coordinates":[[[15.22997,44.11552],[15.27532,44.11064],[15.29167,44.10714],[15.35241,44.06763],[15.43807,44.01624],[15.48376,43.98673],[15.51992,43.9677],[15.56466,43.93914],[15.6132,43.89536],[15.65317,43.87442],[15.70647,43.83635],[15.75502,43.81922],[15.81403,43.8373],[15.8264,43.84968],[15.84068,43.85063],[15.90254,43.83254],[15.92824,43.82112],[15.92824,43.79828],[15.9311,43.78115],[15.97107,43.74308],[16.01485,43.71167],[16.02342,43.69549],[16.0139,43.67836],[16.01105,43.66313],[16.03484,43.64124],[16.08471,43.60602],[16.12564,43.57366],[16.17608,43.55462],[16.22177,43.54606],[16.24747,43.53464],[16.25889,43.52607],[16.30648,43.54606],[16.37502,43.55824],[16.45401,43.54796],[16.50493,43.53464]]]},"properties":{"kind":"road","source":"awmc-roads"}},{"type":"Feature","geometry":{"type":"MultiLineString","coordinates":[[[15.58349,44.04317],[15.59888,44.02526],[15.60744,44.01812],[15.61601,44.00456],[15.68525,43.96459],[15.72808,43.94531],[15.76163,43.93389],[15.80518,43.92176],[15.81517,43.91319],[15.82588,43.89463],[15.83516,43.87321],[15.84068,43.85063]]]},"properties":{"kind":"road","source":"awmc-roads"}},{"type":"Feature","geometry":{"type":"MultiLineString","coordinates":[[[15.76484,43.81896],[15.78912,43.80825],[15.8239,43.78766]]]},"properties":{"kind":"road","source":"awmc-roads"}},{"type":"Feature","geometry":{"type":"MultiLineString","coordinates":[[[15.85479,43.78613],[15.8655,43.77256],[15.89762,43.74829],[15.90833,43.73259],[15.94045,43.70832],[16.01115,43.66365],[15.99185,43.63265],[15.979,43.60695],[15.97257,43.58482],[15.974,43.56841],[15.98042,43.55627],[15.9947,43.54699],[16.02397,43.53414],[16.03539,43.52343],[16.04681,43.51701],[16.09392,43.51772],[16.12034,43.52129],[16.1496,43.52201],[16.18601,43.51986],[16.20671,43.52272],[16.2217,43.527],[16.25889,43.52607]]]},"properties":{"kind":"road","source":"awmc-roads"}},{"type":"Feature","geometry":{"type":"MultiLineString","coordinates":[[[17.07371,44.28101],[17.06157,44.28605],[17.0492,44.29747],[17.04301,44.30699],[17.02778,44.32079],[17.01541,44.3246],[16.99114,44.32698],[16.96782,44.32555],[16.93784,44.31936],[16.90521,44.31543]]]},"properties":{"kind":"road","source":"awmc-roads"}},{"type":"Feature","geometry":{"type":"MultiLineString","coordinates":[[[14.92422,44.99689],[14.89138,45.07398],[14.87639,45.09468],[14.8564,45.11681],[14.76789,45.14751],[14.72862,45.17249],[14.69079,45.19319],[14.62655,45.23959],[14.59871,45.26243],[14.588,45.28456],[14.57229,45.29741],[14.54374,45.30883],[14.48306,45.32382],[14.44452,45.33096]]]},"properties":{"kind":"road","source":"awmc-roads"}},{"type":"Feature","geometry":{"type":"MultiLineString","coordinates":[[[15.68588,44.01821],[15.67089,44.05391],[15.66589,44.09031],[15.62449,44.12957],[15.66589,44.09031],[15.68374,44.15027],[15.68017,44.16741],[15.68654,44.1912]]]},"properties":{"kind":"road","source":"awmc-roads"}},{"type":"Feature","geometry":{"type":"MultiLineString","coordinates":[[[17.8649,45.40278],[17.97745,45.40159],[18.10951,45.40278],[18.16661,45.41943],[18.22015,45.4468],[18.25466,45.45393],[18.28559,45.46583],[18.34745,45.48011],[18.3998,45.50033],[18.43668,45.51223],[18.53457,45.51968]]]},"properties":{"kind":"road","source":"awmc-roads"}},{"type":"Feature","geometry":{"type":"MultiLineString","coordinates":[[[18.69644,42.52404],[18.70692,42.5344],[18.71264,42.5444],[18.70478,42.58651],[18.70336,42.61364],[18.69193,42.63291],[18.68194,42.65469],[18.67694,42.67681],[18.70028,42.70014],[18.7104,42.71323],[18.7098,42.72215],[18.69671,42.74059]]]},"properties":{"kind":"road","source":"awmc-roads"}},{"type":"Feature","geometry":{"type":"MultiLineString","coordinates":[[[15.40534,46.35532],[15.34253,46.3803],[15.30826,46.39886],[15.23474,46.42813],[15.20119,46.44741],[15.16264,46.46382],[15.14622,46.48238],[15.10268,46.50808],[15.09054,46.53378],[15.08412,46.55377],[15.07269,46.56519],[15.04842,46.5709],[15.01416,46.57161],[14.92208,46.57019],[14.86996,46.56376],[14.82085,46.56233],[14.74019,46.56733],[14.69022,46.57518],[14.60099,46.59517],[14.51961,46.62372],[14.45894,46.64585],[14.42039,46.66298],[14.38898,46.68154],[14.38041,46.68511],[14.32688,46.66655],[14.30403,46.65014],[14.28904,46.643],[14.26477,46.63871],[14.2148,46.64585],[14.19053,46.64442],[14.1577,46.65014],[14.12201,46.64371],[14.08988,46.63372],[14.06918,46.63015],[14.02064,46.61087],[13.9978,46.61159],[13.95283,46.62301],[13.8743,46.63372],[13.81363,46.66227],[13.77722,46.67655],[13.72297,46.70724],[13.64159,46.74508],[13.56093,46.77863],[13.53095,46.78791],[13.45028,46.83002]]]},"properties":{"kind":"road","source":"awmc-roads"}},{"type":"Feature","geometry":{"type":"MultiLineString","coordinates":[[[14.28961,45.95343],[14.32958,45.94758],[14.34195,45.94235],[14.35433,45.94045],[14.37193,45.9414],[14.38621,45.94473],[14.42,45.95948],[14.44808,45.96567],[14.46235,45.96614],[14.47568,45.96186],[14.4852,45.95377],[14.49091,45.94473],[14.49614,45.93997],[14.50756,45.93949],[14.51851,45.94282],[14.56986,45.9914]]]},"properties":{"kind":"road","source":"awmc-roads"}},{"type":"Feature","geometry":{"type":"MultiLineString","coordinates":[[[14.38217,44.66636],[14.42976,44.69968],[14.43689,44.70979],[14.43927,44.72109],[14.43927,44.73418],[14.43392,44.75916],[14.42024,44.79128],[14.40953,44.80913],[14.37622,44.83649],[14.34707,44.86386],[14.33874,44.87576],[14.33339,44.88765],[14.33517,44.89539],[14.34112,44.90074],[14.36135,44.89896],[14.37622,44.8942],[14.39168,44.8942],[14.40299,44.89836],[14.41964,44.92929],[14.4244,44.94476],[14.41667,44.96736],[14.40418,44.98402],[14.39704,45.00425],[14.36967,45.05421],[14.35242,45.07801],[14.35338,45.08669],[14.35766,45.09169],[14.36265,45.09241]]]},"properties":{"kind":"road","source":"awmc-roads"}},{"type":"Feature","geometry":{"type":"MultiLineString","coordinates":[[[15.18823,44.23402],[15.1869,44.22295],[15.1919,44.20594],[15.22997,44.11552]]]},"properties":{"kind":"road","source":"awmc-roads"}},{"type":"Feature","geometry":{"type":"MultiLineString","coordinates":[[[17.82229,42.83127],[17.79312,42.82169],[17.78004,42.82228],[17.76635,42.82644],[17.75446,42.82763],[17.73245,42.82407]]]},"properties":{"kind":"road","source":"awmc-roads"}},{"type":"Feature","geometry":{"type":"MultiLineString","coordinates":[[[23.59218,46.0692],[23.58611,46.06064],[23.57504,46.05493],[23.55291,46.051],[23.51758,46.04101],[23.50259,46.02609],[23.48617,46.01538],[23.44191,46.00146],[23.41871,45.99075],[23.40051,45.97576],[23.38566,45.97291],[23.33284,45.95792],[23.29929,45.95113],[23.25282,45.93543],[23.18706,45.90402],[23.1718,45.8951],[23.14538,45.8876],[23.10719,45.86583],[23.09477,45.86405],[23.06372,45.8644],[23.0341,45.85691],[23.02232,45.85227],[22.99949,45.85966],[22.95475,45.87918],[22.93382,45.88584],[22.88099,45.9082],[22.79914,45.90773],[22.75869,45.91534],[22.68778,45.9201],[22.58213,45.91439],[22.52883,45.92343],[22.49695,45.93628],[22.46601,45.95389],[22.40177,45.98221],[22.3775,45.9903],[22.34894,45.9922],[22.32277,45.98934],[22.29802,45.99315],[22.2571,45.99268],[22.21903,45.99601],[22.19523,45.9941],[22.16287,45.99648],[22.13336,45.9941],[22.10338,46.00838],[22.0834,46.02218],[22.03248,46.0455],[22.0182,46.0574],[21.98251,46.07263],[21.95205,46.08309],[21.92302,46.08262],[21.89399,46.08452],[21.86068,46.08357],[21.83831,46.08024],[21.78929,46.07691],[21.75503,46.08547],[21.69079,46.08738],[21.67841,46.07834],[21.62797,46.08405],[21.58894,46.09975],[21.54326,46.1107],[21.50519,46.11736],[21.45569,46.11688],[21.42381,46.11879],[21.40144,46.12497],[21.37479,46.13877],[21.32102,46.17351],[21.31393,46.18522],[21.30393,46.16],[21.28918,46.15095],[21.2611,46.14096],[21.21589,46.13382],[21.0717,46.13335],[21.03886,46.12906],[21.00174,46.11574],[20.96129,46.09432],[20.95177,46.08576],[20.93321,46.07909],[20.91323,46.07434],[20.87611,46.07671],[20.73524,46.0967],[20.68956,46.10146],[20.61817,46.10384],[20.6058,46.11812],[20.57867,46.15666],[20.5663,46.16571],[20.52442,46.18236],[20.42115,46.20806],[20.33311,46.22281],[20.1913,46.24185],[20.15513,46.26089],[20.12524,46.26736],[20.06576,46.27164],[19.97248,46.27402],[19.9444,46.27925],[19.89063,46.28211],[19.82115,46.28401],[19.75738,46.28306],[19.68742,46.27354],[19.59891,46.26545],[19.42378,46.23167],[19.3305,46.19835],[19.20392,46.13363],[19.14348,46.10984],[19.05972,46.09651],[18.96502,46.08509],[18.81178,46.07224],[18.75182,46.06891],[18.71898,46.06986]]]},"properties":{"kind":"road","source":"awmc-roads"}},{"type":"Feature","geometry":{"type":"MultiLineString","coordinates":[[[18.82826,45.82864],[18.76386,45.82394],[18.67701,45.82513],[18.61871,45.83822],[18.52948,45.88938],[18.49647,45.91138]]]},"properties":{"kind":"road","source":"awmc-roads"}},{"type":"Feature","geometry":{"type":"MultiLineString","coordinates":[[[9.64128,36.40498],[9.68649,36.34407],[9.70124,36.31884]]]},"properties":{"kind":"road","source":"awmc-roads"}},{"type":"Feature","geometry":{"type":"MultiLineString","coordinates":[[[9.70124,36.31884],[9.73408,36.32218],[9.78214,36.33217],[9.83449,36.3493],[9.89017,36.38214],[9.90349,36.39737]]]},"properties":{"kind":"road","source":"awmc-roads"}},{"type":"Feature","geometry":{"type":"MultiLineString","coordinates":[[[9.64033,36.40498],[9.63224,36.40165],[9.59179,36.39404],[9.4671,36.38309],[9.44807,36.37928]]]},"properties":{"kind":"road","source":"awmc-roads"}},{"type":"Feature","geometry":{"type":"MultiLineString","coordinates":[[[8.68597,36.45295],[8.69311,36.47912],[8.73071,36.5467],[8.73546,36.55812],[8.73499,36.56241]]]},"properties":{"kind":"road","source":"awmc-roads"}},{"type":"Feature","geometry":{"type":"MultiLineString","coordinates":[[[8.73499,36.56241],[8.73023,36.57192],[8.71786,36.58763],[8.69359,36.64283],[8.68407,36.66901],[8.68502,36.74896],[8.6893,36.8013],[8.69263,36.87269],[8.69835,36.88982],[8.71881,36.90457],[8.75022,36.9317],[8.75069,36.95407]]]},"properties":{"kind":"road","source":"awmc-roads"}},{"type":"Feature","geometry":{"type":"MultiLineString","coordinates":[[[8.68597,36.45295],[8.65723,36.46294],[8.62249,36.46961],[8.59727,36.4777],[8.56566,36.49218]]]},"properties":{"kind":"road","source":"awmc-roads"}},{"type":"Feature","geometry":{"type":"MultiLineString","coordinates":[[[8.70577,36.17836],[8.71671,36.19787],[8.77097,36.25117],[8.78857,36.27544],[8.79048,36.29781],[8.76906,36.35159],[8.75717,36.36872],[8.71862,36.4125],[8.70529,36.43439],[8.68597,36.45295]]]},"properties":{"kind":"road","source":"awmc-roads"}},{"type":"Feature","geometry":{"type":"MultiLineString","coordinates":[[[8.56566,36.49218],[8.50961,36.48065],[8.46582,36.47541],[8.42775,36.46447],[8.41824,36.45876],[8.40777,36.43829],[8.36398,36.37119],[8.34352,36.33693],[8.32591,36.29743],[8.31021,36.27221],[8.29212,36.24841]]]},"properties":{"kind":"road","source":"awmc-roads"}},{"type":"Feature","geometry":{"type":"MultiLineString","coordinates":[[[8.56566,36.49218],[8.57131,36.49426],[8.5986,36.51824],[8.62239,36.53157],[8.6538,36.54394],[8.73499,36.56241]]]},"properties":{"kind":"road","source":"awmc-roads"}},{"type":"Feature","geometry":{"type":"MultiLineString","coordinates":[[[11.09265,36.83947],[11.06981,36.83043],[11.0284,36.80045],[10.97891,36.74334],[10.95702,36.7105],[10.93323,36.6829],[10.90229,36.64245],[10.86147,36.57345]]]},"properties":{"kind":"road","source":"awmc-roads"}},{"type":"Feature","geometry":{"type":"MultiLineString","coordinates":[[[8.56566,36.49218],[8.56138,36.47817],[8.5433,36.46152],[8.53331,36.44248],[8.52807,36.41821],[8.52712,36.36634],[8.52284,36.35682]]]},"properties":{"kind":"road","source":"awmc-roads"}},{"type":"Feature","geometry":{"type":"MultiLineString","coordinates":[[[9.21488,36.42402],[9.13874,36.38832],[9.10162,36.37881],[9.12684,36.37452],[9.16063,36.36501]]]},"properties":{"kind":"road","source":"awmc-roads"}},{"type":"Feature","geometry":{"type":"MultiLineString","coordinates":[[[9.85019,37.2673],[9.84448,37.26016],[9.80023,37.24636],[9.77929,37.24588],[9.77262,37.2416],[9.75882,37.22209],[9.75549,37.21495],[9.75502,37.18925],[9.76073,37.1645],[9.75835,37.1488],[9.75454,37.13881],[9.73884,37.12405],[9.72884,37.11834],[9.72028,37.11834],[9.68316,37.12786]]]},"properties":{"kind":"road","source":"awmc-roads"}},{"type":"Feature","geometry":{"type":"MultiLineString","coordinates":[[[10.86147,36.57345],[10.83995,36.53633],[10.80854,36.49302],[10.78665,36.47161],[10.76333,36.46018],[10.74382,36.44829],[10.70147,36.43924],[10.68005,36.4283],[10.65197,36.41117],[10.63008,36.40308],[10.62009,36.40213],[10.60486,36.40688],[10.57879,36.40165]]]},"properties":{"kind":"road","source":"awmc-roads"}},{"type":"Feature","geometry":{"type":"MultiLineString","coordinates":[[[10.16143,36.60723],[10.16904,36.63388],[10.17666,36.76618],[10.18522,36.80092]]]},"properties":{"kind":"road","source":"awmc-roads"}},{"type":"Feature","geometry":{"type":"MultiLineString","coordinates":[[[7.68903,45.07406],[7.70997,45.07025],[7.74138,45.05978],[7.77659,45.05122],[7.79515,45.04122],[7.82418,45.01981],[7.84655,45.00839],[7.87415,44.98459],[7.90509,44.96841],[7.97171,44.92796],[7.99551,44.92558],[8.03976,44.91797],[8.07165,44.9094],[8.1121,44.90988],[8.1319,44.90559],[8.18282,44.90845],[8.19995,44.90416]]]},"properties":{"kind":"road","source":"awmc-roads"}},{"type":"Feature","geometry":{"type":"MultiLineString","coordinates":[[[7.89576,44.68287],[8.00652,44.69239],[8.02889,44.69953],[8.04507,44.71761],[8.05506,44.74046],[8.07457,44.75902],[8.10979,44.78852],[8.14596,44.8404],[8.15738,44.85467],[8.16737,44.86324],[8.18355,44.88656],[8.19926,44.89465],[8.20069,44.89941],[8.19926,44.90369]],[[8.19995,44.90416],[8.2128,44.91035],[8.24278,44.91463],[8.27419,44.91559],[8.28894,44.91273],[8.29846,44.90179],[8.31321,44.89322],[8.32749,44.89084],[8.34938,44.89132],[8.3884,44.90321],[8.42838,44.9094],[8.46312,44.9094],[8.47977,44.91178],[8.51071,44.90226],[8.53069,44.89036],[8.55068,44.88751],[8.5997,44.88608],[8.64729,44.88227],[8.67584,44.8837],[8.79815,44.89703],[8.86096,44.90131]]]},"properties":{"kind":"road","source":"awmc-roads"}},{"type":"Feature","geometry":{"type":"MultiLineString","coordinates":[[[9.67024,45.70719],[9.62206,45.70243],[9.59767,45.70511],[9.58101,45.71105],[9.5599,45.72384],[9.54224,45.73224],[9.52796,45.73581],[9.48792,45.7405],[9.46621,45.75121],[9.45133,45.7643],[9.44925,45.77292],[9.43973,45.78571],[9.43468,45.80058],[9.42516,45.81159],[9.40404,45.80772],[9.39233,45.81219],[9.36307,45.83075],[9.34255,45.83417],[9.27455,45.82147],[9.2228,45.81576],[9.19496,45.81005],[9.16552,45.80704],[9.10199,45.81275],[9.08129,45.81275]]]},"properties":{"kind":"road","source":"awmc-roads"}},{"type":"Feature","geometry":{"type":"MultiLineString","coordinates":[[[9.17837,45.47689],[9.17301,45.43666],[9.17216,45.4063],[9.16859,45.3699],[9.1511,45.22891],[9.14432,45.19322]]]},"properties":{"kind":"road","source":"awmc-roads"}},{"type":"Feature","geometry":{"type":"MultiLineString","coordinates":[[[9.77105,45.18951],[9.73869,45.18665],[9.67112,45.18618],[9.53015,45.17145],[9.47483,45.16895],[9.42343,45.1636],[9.3367,45.16324],[9.31743,45.16467],[9.23462,45.17645],[9.14432,45.19322]],[[9.77035,45.18933],[9.82068,45.18862],[9.85387,45.18255],[9.92811,45.1647],[10.00842,45.14793],[10.02591,45.14222]]]},"properties":{"kind":"road","source":"awmc-roads"}},{"type":"Feature","geometry":{"type":"MultiLineString","coordinates":[[[9.14432,45.19322],[9.15144,45.19665],[9.16334,45.20617],[9.17333,45.21806],[9.17714,45.23282],[9.18809,45.24995],[9.20379,45.26185],[9.23282,45.27041],[9.33323,45.29135],[9.41772,45.31172]]]},"properties":{"kind":"road","source":"awmc-roads"}},{"type":"Feature","geometry":{"type":"MultiLineString","coordinates":[[[9.14111,45.18251],[9.13816,45.15106],[9.12419,45.1005],[9.12419,45.08979],[9.12865,45.08295],[9.13727,45.07522],[9.13697,45.05945],[9.13341,45.04875],[9.13043,45.02465]]]},"properties":{"kind":"road","source":"awmc-roads"}},{"type":"Feature","geometry":{"type":"MultiLineString","coordinates":[[[8.6209,45.44892],[8.63934,45.48069],[8.68157,45.54018],[8.73286,45.60347],[8.76826,45.64004],[8.80919,45.67764],[8.85765,45.72934],[8.92663,45.75983],[8.99802,45.78696],[9.033,45.80266],[9.06414,45.82014]]]},"properties":{"kind":"road","source":"awmc-roads"}},{"type":"Feature","geometry":{"type":"MultiLineString","coordinates":[[[9.67024,45.70719],[9.66935,45.69886],[9.66055,45.67418],[9.62985,45.61386],[9.62129,45.59388],[9.61343,45.58638],[9.60344,45.58388],[9.58167,45.58281],[9.51421,45.56961],[9.39607,45.53106],[9.35565,45.52355],[9.27671,45.51852],[9.22823,45.51071],[9.20182,45.49572],[9.17837,45.47689]]]},"properties":{"kind":"road","source":"awmc-roads"}},{"type":"Feature","geometry":{"type":"MultiLineString","coordinates":[[[10.79523,45.16309],[10.77381,45.15928],[10.73241,45.15642],[10.69666,45.15858],[10.67906,45.1719],[10.67144,45.19474],[10.66859,45.21045],[10.66906,45.23234],[10.66097,45.25566],[10.64812,45.27327],[10.63813,45.29087],[10.6072,45.31752],[10.50583,45.36702],[10.44539,45.39034],[10.36544,45.42888],[10.34022,45.44268],[10.3031,45.47124],[10.23685,45.53792]]]},"properties":{"kind":"road","source":"awmc-roads"}},{"type":"Feature","geometry":{"type":"MultiLineString","coordinates":[[[9.34787,45.83328],[9.3508,45.84133],[9.35853,45.84758],[9.37013,45.85144],[9.39095,45.84966],[9.3978,45.84996],[9.40348,45.85263]]]},"properties":{"kind":"road","source":"awmc-roads"}},{"type":"Feature","geometry":{"type":"MultiLineString","coordinates":[[[10.23685,45.53792],[10.20763,45.54733],[10.16479,45.55328],[10.0827,45.55923],[9.99764,45.56904],[9.9441,45.58124],[9.86418,45.61874],[9.80922,45.65086],[9.78624,45.6706],[9.75354,45.69084],[9.71713,45.70369],[9.69493,45.70808],[9.67024,45.70719]]]},"properties":{"kind":"road","source":"awmc-roads"}},{"type":"Feature","geometry":{"type":"MultiLineString","coordinates":[[[10.23685,45.53792],[10.17414,45.5017],[10.10228,45.45744],[10.08229,45.43174],[10.06991,45.40461],[10.04184,45.36036],[10.00519,45.30991],[9.99615,45.28897],[9.99044,45.25851],[9.98759,45.23044],[9.99187,45.21045],[10.02566,45.14287]]]},"properties":{"kind":"road","source":"awmc-roads"}},{"type":"Feature","geometry":{"type":"MultiLineString","coordinates":[[[10.32657,44.80521],[10.33989,44.80712],[10.37463,44.82473],[10.46458,44.85233],[10.47076,44.85804],[10.4917,44.88802],[10.51026,44.90372]]]},"properties":{"kind":"road","source":"awmc-roads"}},{"type":"Feature","geometry":{"type":"MultiLineString","coordinates":[[[9.42447,46.1666],[9.40633,46.15816],[9.35494,46.1296],[9.32567,46.10961],[9.31065,46.0882],[9.30916,46.08017],[9.31154,46.06768],[9.31005,46.05875],[9.29369,46.03674],[9.28983,46.02247],[9.29188,46.00647],[9.30381,45.96655],[9.31065,45.94781],[9.32745,45.91592],[9.3403,45.90379],[9.35343,45.90119],[9.36121,45.89487],[9.37489,45.88297],[9.38947,45.86542],[9.40348,45.85263],[9.40791,45.8446],[9.41386,45.83836],[9.421,45.82438],[9.42427,45.81159]]]},"properties":{"kind":"road","source":"awmc-roads"}},{"type":"Feature","geometry":{"type":"MultiLineString","coordinates":[[[11.28786,44.51633],[11.26821,44.54179],[11.23564,44.57737],[11.21212,44.60888],[11.18167,44.64544],[11.16524,44.67831],[11.14006,44.72105]]]},"properties":{"kind":"road","source":"awmc-roads"}},{"type":"Feature","geometry":{"type":"MultiLineString","coordinates":[[[10.93895,44.64817],[10.95994,44.65416],[11.00503,44.67285],[11.1008,44.70437],[11.12579,44.71924],[11.14006,44.72105],[11.14839,44.72816],[11.17397,44.73471],[11.19955,44.74482],[11.24297,44.75791],[11.26379,44.76624],[11.37648,44.80387],[11.51262,44.85829],[11.51579,44.86138],[11.52363,44.88717],[11.55122,44.94664],[11.57323,45.01682],[11.58468,45.04803],[11.66369,45.23291]]]},"properties":{"kind":"road","source":"awmc-roads"}},{"type":"Feature","geometry":{"type":"MultiLineString","coordinates":[[[10.89464,43.93567],[10.88891,43.97011]]]},"properties":{"kind":"road","source":"awmc-roads"}},{"type":"Feature","geometry":{"type":"MultiLineString","coordinates":[[[12.86027,42.40588],[12.84356,42.40791],[12.82928,42.4141],[12.79502,42.43956],[12.76908,42.48049],[12.746,42.49571],[12.73981,42.5038],[12.73672,42.51546],[12.72958,42.52236],[12.72601,42.5345],[12.71483,42.54782],[12.70959,42.55139],[12.69056,42.55044],[12.68366,42.55377],[12.6758,42.55377],[12.66129,42.55829],[12.6551,42.55877],[12.64059,42.5552],[12.63032,42.55762]]]},"properties":{"name":"Via Curia","kind":"road","source":"awmc-roads"}},{"type":"Feature","geometry":{"type":"MultiLineString","coordinates":[[[12.74571,42.58285],[12.74076,42.57961],[12.73353,42.56972],[12.72192,42.56153],[12.71507,42.5581],[12.71126,42.55829],[12.70333,42.55075]]]},"properties":{"kind":"road","source":"awmc-roads"}},{"type":"Feature","geometry":{"type":"MultiLineString","coordinates":[[[12.55772,42.08628],[12.56992,42.0958],[12.57289,42.10026],[12.58479,42.1071],[12.59282,42.11543],[12.60383,42.13952],[12.60502,42.14666]]]},"properties":{"kind":"road","source":"awmc-roads"}},{"type":"Feature","geometry":{"type":"MultiLineString","coordinates":[[[13.64712,42.5819],[13.64476,42.59032],[13.64268,42.62334],[13.64357,42.63137],[13.64892,42.63553],[13.66052,42.63999],[13.67272,42.64981],[13.68432,42.65665],[13.69562,42.65962],[13.71364,42.65733]]]},"properties":{"kind":"road","source":"awmc-roads"}},{"type":"Feature","geometry":{"type":"MultiLineString","coordinates":[[[12.88843,43.18988],[12.89795,43.19536],[12.90818,43.19702],[12.91674,43.19083],[12.92388,43.18893],[12.96267,43.18631],[12.98075,43.1787],[12.98789,43.17798],[13.02525,43.18703],[13.05118,43.20107],[13.05547,43.21011],[13.06165,43.21748],[13.06832,43.22177],[13.0776,43.22438],[13.13601,43.22914],[13.20573,43.23866],[13.22881,43.25341],[13.24273,43.26579],[13.26438,43.27507],[13.27033,43.28244],[13.27866,43.30053],[13.28485,43.32266],[13.29199,43.33194]]]},"properties":{"kind":"road","source":"awmc-roads"}},{"type":"Feature","geometry":{"type":"MultiLineString","coordinates":[[[13.20594,43.23879],[13.22988,43.2339],[13.24797,43.22438],[13.2551,43.22201],[13.26581,43.22105],[13.29865,43.20868],[13.32173,43.20511],[13.38371,43.20202],[13.40013,43.19869]]]},"properties":{"kind":"road","source":"awmc-roads"}},{"type":"Feature","geometry":{"type":"MultiLineString","coordinates":[[[13.52564,43.53586],[13.51607,43.51923],[13.50572,43.50852],[13.48644,43.49389],[13.47502,43.47176],[13.4611,43.45641],[13.40542,43.42643],[13.38436,43.42036],[13.33939,43.40287]]]},"properties":{"kind":"road","source":"awmc-roads"}},{"type":"Feature","geometry":{"type":"MultiLineString","coordinates":[[[11.90547,43.13872],[11.78007,43.18063],[11.77508,43.1842],[11.77222,43.1892]]]},"properties":{"kind":"road","source":"awmc-roads"}},{"type":"Feature","geometry":{"type":"MultiLineString","coordinates":[[[12.7394,42.74614],[12.76867,42.75292],[12.79401,42.75399],[12.83648,42.75007],[12.85683,42.7622],[12.86254,42.77541],[12.87075,42.78647],[12.88752,42.79754],[12.90394,42.81753],[12.92607,42.82574],[12.93892,42.82502],[12.94498,42.8211],[12.95498,42.80039],[12.96033,42.79611],[12.97711,42.79397],[13.03439,42.79111],[13.06937,42.7954],[13.08972,42.79433]]]},"properties":{"kind":"road","source":"awmc-roads"}},{"type":"Feature","geometry":{"type":"MultiLineString","coordinates":[[[13.05814,42.09194],[13.05754,42.0967],[13.04832,42.10652],[13.03077,42.13567]]]},"properties":{"kind":"road","source":"awmc-roads"}},{"type":"Feature","geometry":{"type":"MultiLineString","coordinates":[[[13.39367,42.0895],[13.44102,42.11156],[13.45744,42.11763],[13.48671,42.12441],[13.50063,42.13012],[13.50777,42.13547],[13.51241,42.14261]]]},"properties":{"kind":"road","source":"awmc-roads"}},{"type":"Feature","geometry":{"type":"MultiLineString","coordinates":[[[12.48687,41.89481],[12.48681,41.89622],[12.49835,41.89832],[12.5065,41.89421],[12.51697,41.89166],[12.53666,41.8821],[12.55493,41.8761],[12.57193,41.87355],[12.60084,41.86585],[12.63016,41.86231],[12.64753,41.85331],[12.69383,41.84945],[12.70926,41.83969],[12.72085,41.8392],[12.73235,41.8326],[12.76181,41.83224],[12.80221,41.82205],[12.80442,41.81893],[12.83374,41.80391],[12.83724,41.79688],[12.8421,41.79529],[12.85471,41.78688],[12.86739,41.7828],[12.88026,41.78242],[12.88625,41.77789],[12.89189,41.77869],[12.91601,41.77168],[12.91671,41.76877],[12.92154,41.76606],[12.94446,41.75822],[12.96315,41.75596]]]},"properties":{"name":"Via Labicana","kind":"road","source":"awmc-roads"}},{"type":"Feature","geometry":{"type":"MultiLineString","coordinates":[[[12.42664,41.90232],[12.42043,41.90543],[12.41034,41.90643],[12.40253,41.91176],[12.37798,41.91918],[12.37322,41.92461],[12.36461,41.92613],[12.3569,41.9307],[12.35166,41.93127],[12.34662,41.93917],[12.34262,41.94117],[12.33881,41.94678],[12.33424,41.95782],[12.32687,41.96896],[12.31334,41.96489],[12.29482,41.96603],[12.27904,41.96967],[12.26969,41.9696],[12.25652,41.97681],[12.22329,41.97295],[12.21201,41.9681],[12.18656,41.97181],[12.16879,41.97617],[12.12335,41.97759],[12.11414,41.97638],[12.10533,41.99123]]]},"properties":{"name":"Via Cornelia","kind":"road","source":"awmc-roads"}},{"type":"Feature","geometry":{"type":"MultiLineString","coordinates":[[[12.46372,41.89723],[12.44887,41.91755],[12.44306,41.93088],[12.4343,41.93811],[12.42555,41.94144],[12.4126,41.95619],[12.41156,41.964],[12.40851,41.9699],[12.40597,41.9892],[12.39608,42.011],[12.39893,42.01985],[12.40245,42.02033]]]},"properties":{"name":"Via Triumphalis","kind":"road","source":"awmc-roads"}},{"type":"Feature","geometry":{"type":"MultiLineString","coordinates":[[[13.10487,41.92593],[13.10202,41.92916],[13.09022,41.9285],[13.07327,41.93221],[13.05548,41.95496],[13.04006,41.97095],[13.02778,41.98827],[13.02711,41.99198],[13.02283,41.99512],[13.02055,41.99941],[13.01959,42.00854],[13.00093,42.0237]]]},"properties":{"kind":"road","source":"awmc-roads"}},{"type":"Feature","geometry":{"type":"MultiLineString","coordinates":[[[12.66701,41.92498],[12.67122,41.92448],[12.66758,41.91991],[12.66194,41.9162],[12.65502,41.91463],[12.6411,41.9137],[12.63132,41.9172],[12.60905,41.91642],[12.5997,41.91427],[12.58728,41.90714],[12.56857,41.90549],[12.54145,41.90035],[12.51199,41.90252]]]},"properties":{"name":"Via Collatina","kind":"road","source":"awmc-roads"}},{"type":"Feature","geometry":{"type":"MultiLineString","coordinates":[[[12.51538,42.00242],[12.52509,42.00639],[12.53644,42.01603],[12.54173,42.01682],[12.54615,42.0201],[12.55393,42.02217],[12.58998,42.02545],[12.6301,42.02481]]]},"properties":{"kind":"road","source":"awmc-roads"}},{"type":"Feature","geometry":{"type":"MultiLineString","coordinates":[[[12.26345,41.78703],[12.26692,41.79412],[12.2633,41.80105],[12.25968,41.80557],[12.23933,41.82095]],[[12.23225,41.82728],[12.19968,41.86512],[12.19018,41.87176],[12.14722,41.9194],[12.11088,41.93779],[12.10093,41.93674]]]},"properties":{"kind":"road","source":"awmc-roads"}},{"type":"Feature","geometry":{"type":"MultiLineString","coordinates":[[[12.27451,41.75699],[12.25874,41.77573]]]},"properties":{"name":"Via Severiana","kind":"road","source":"awmc-roads"}},{"type":"Feature","geometry":{"type":"MultiLineString","coordinates":[[[12.61811,41.76423],[12.62061,41.78082],[12.63534,41.82209],[12.6539,41.83715],[12.66415,41.85012],[12.68181,41.86311],[12.69178,41.87897],[12.7072,41.88878]]]},"properties":{"kind":"road","source":"awmc-roads"}},{"type":"Feature","geometry":{"type":"MultiLineString","coordinates":[[[12.96165,41.4334],[12.94463,41.44613],[12.91893,41.45743],[12.89057,41.46557],[12.86097,41.48251],[12.8585,41.48803],[12.85564,41.50716],[12.84993,41.5182],[12.84717,41.53153],[12.84089,41.54343],[12.83461,41.56827],[12.82442,41.59368]]]},"properties":{"kind":"road","source":"awmc-roads"}},{"type":"Feature","geometry":{"type":"MultiLineString","coordinates":[[[12.71316,41.79917],[12.72667,41.8006],[12.73258,41.80831],[12.74447,41.81183],[12.75913,41.82049],[12.80006,41.82173],[12.80082,41.81459],[12.80824,41.79946],[12.81262,41.79489],[12.82528,41.78956],[12.83794,41.76424],[12.83794,41.75644],[12.84308,41.75329],[12.84736,41.74406],[12.85136,41.73293],[12.85269,41.72388],[12.84936,41.70475],[12.85183,41.70057],[12.85221,41.69219],[12.8465,41.68286],[12.84175,41.66278],[12.84431,41.65212],[12.83965,41.64384],[12.83689,41.63251],[12.8367,41.62414],[12.82794,41.6131],[12.8249,41.5952],[12.82157,41.5853],[12.8031,41.56065],[12.78226,41.51858],[12.746,41.4828],[12.7439,41.47899],[12.74476,41.47214],[12.74228,41.465],[12.74228,41.46014],[12.74466,41.45586]]]},"properties":{"kind":"road","source":"awmc-roads"}},{"type":"Feature","geometry":{"type":"MultiLineString","coordinates":[[[12.75884,41.45596],[12.76351,41.46538],[12.77084,41.4729],[12.76722,41.48679],[12.76922,41.49412],[12.76573,41.50344]]]},"properties":{"kind":"road","source":"awmc-roads"}},{"type":"Feature","geometry":{"type":"MultiLineString","coordinates":[[[12.76941,41.49489],[12.77845,41.49355],[12.84184,41.49298],[12.85031,41.49146],[12.85881,41.48661]]]},"properties":{"kind":"road","source":"awmc-roads"}},{"type":"Feature","geometry":{"type":"MultiLineString","coordinates":[[[12.43187,41.64845],[12.44921,41.65723],[12.47148,41.66337]]]},"properties":{"kind":"road","source":"awmc-roads"}},{"type":"Feature","geometry":{"type":"MultiLineString","coordinates":[[[12.4743,41.85148],[12.47915,41.84363],[12.47751,41.82993],[12.48272,41.8185],[12.47979,41.80515],[12.47937,41.78802],[12.47137,41.76068],[12.4613,41.75047],[12.46516,41.74169],[12.46238,41.7372],[12.45502,41.73092],[12.45295,41.71842],[12.45595,41.7125],[12.46038,41.70843],[12.47144,41.704],[12.48193,41.68402],[12.48115,41.68123],[12.47216,41.67388],[12.47191,41.66802]]]},"properties":{"kind":"road","source":"awmc-roads"}},{"type":"Feature","geometry":{"type":"MultiLineString","coordinates":[[[12.62599,41.71835],[12.64904,41.7282],[12.65273,41.73267],[12.62599,41.73134],[12.58723,41.72192],[12.57017,41.71207],[12.52234,41.69929],[12.49321,41.67638],[12.47301,41.64476],[12.4653,41.63776],[12.45203,41.63045]]]},"properties":{"kind":"road","source":"awmc-roads"}},{"type":"Feature","geometry":{"type":"MultiLineString","coordinates":[[[12.47665,41.65025],[12.47994,41.63697],[12.4945,41.61527],[12.49628,41.61013],[12.49885,41.60642],[12.51377,41.59486],[12.50544,41.58335]]]},"properties":{"kind":"road","source":"awmc-roads"}},{"type":"Feature","geometry":{"type":"MultiLineString","coordinates":[[[12.52605,41.57551],[12.52355,41.58572],[12.51377,41.59486],[12.52734,41.60264],[12.53843,41.61224]]]},"properties":{"kind":"road","source":"awmc-roads"}},{"type":"Feature","geometry":{"type":"MultiLineString","coordinates":[[[12.50899,41.58037],[12.51963,41.58879],[12.52448,41.59586],[12.53983,41.60549],[12.54164,41.60909]]]},"properties":{"kind":"road","source":"awmc-roads"}},{"type":"Feature","geometry":{"type":"MultiLineString","coordinates":[[[12.62991,41.53322],[12.60117,41.52561],[12.57885,41.51565]]]},"properties":{"kind":"road","source":"awmc-roads"}},{"type":"Feature","geometry":{"type":"MultiLineString","coordinates":[[[12.5769,41.51847],[12.57813,41.52399],[12.55977,41.55083],[12.54044,41.591],[12.53787,41.59499],[12.53059,41.5993]]]},"properties":{"kind":"road","source":"awmc-roads"}},{"type":"Feature","geometry":{"type":"MultiLineString","coordinates":[[[12.62592,41.71823],[12.60414,41.7068],[12.59201,41.6941],[12.596,41.69124],[12.60778,41.68739],[12.63651,41.67097],[12.65022,41.6881],[12.65602,41.70038]]]},"properties":{"kind":"road","source":"awmc-roads"}},{"type":"Feature","geometry":{"type":"MultiLineString","coordinates":[[[12.65666,41.72908],[12.65203,41.70656],[12.65317,41.70304],[12.65983,41.69857],[12.67021,41.6999],[12.67972,41.70752],[12.68867,41.71123],[12.68953,41.71437],[12.69705,41.72094],[12.70276,41.72293],[12.70942,41.72198],[12.71408,41.71875],[12.71256,41.70951],[12.70885,41.7058]]]},"properties":{"kind":"road","source":"awmc-roads"}},{"type":"Feature","geometry":{"type":"MultiLineString","coordinates":[[[12.77186,41.68543],[12.7572,41.68134],[12.75016,41.68182],[12.74625,41.68039],[12.72988,41.67934],[12.69943,41.68277],[12.69743,41.68001]]]},"properties":{"kind":"road","source":"awmc-roads"}},{"type":"Feature","geometry":{"type":"MultiLineString","coordinates":[[[12.61883,41.75296],[12.62795,41.75098],[12.63245,41.75305],[12.64544,41.75247],[12.64915,41.74484]]]},"properties":{"kind":"road","source":"awmc-roads"}},{"type":"Feature","geometry":{"type":"MultiLineString","coordinates":[[[12.61811,41.76423],[12.63395,41.76297],[12.64923,41.76404]]]},"properties":{"kind":"road","source":"awmc-roads"}},{"type":"Feature","geometry":{"type":"MultiLineString","coordinates":[[[12.62574,41.7574],[12.63752,41.75826],[12.64692,41.76379]]]},"properties":{"kind":"road","source":"awmc-roads"}},{"type":"Feature","geometry":{"type":"MultiLineString","coordinates":[[[12.64537,41.75247],[12.64437,41.75854],[12.65187,41.76575],[12.65908,41.76682],[12.66593,41.7654],[12.68435,41.75462],[12.68663,41.74412],[12.68506,41.73955]]]},"properties":{"kind":"road","source":"awmc-roads"}},{"type":"Feature","geometry":{"type":"MultiLineString","coordinates":[[[12.6695,41.72306],[12.67842,41.73484],[12.68991,41.73763],[12.69627,41.7427],[12.69748,41.75219],[12.70626,41.76382],[12.70755,41.77161],[12.71676,41.78738],[12.71661,41.79152],[12.71261,41.79795]]]},"properties":{"kind":"road","source":"awmc-roads"}},{"type":"Feature","geometry":{"type":"MultiLineString","coordinates":[[[12.69943,41.68277],[12.69662,41.70243],[12.67642,41.71835],[12.66885,41.71766],[12.65602,41.70038],[12.63759,41.69715],[12.61496,41.67759],[12.60104,41.66788],[12.57442,41.65689],[12.55457,41.63576],[12.55093,41.62762],[12.54969,41.6168]]]},"properties":{"kind":"road","source":"awmc-roads"}},{"type":"Feature","geometry":{"type":"MultiLineString","coordinates":[[[12.53924,41.60503],[12.5777,41.60949],[12.59133,41.61292],[12.6009,41.61278],[12.63795,41.63091],[12.64794,41.63983],[12.6533,41.64914],[12.6443,41.66317],[12.63651,41.67097]]]},"properties":{"kind":"road","source":"awmc-roads"}},{"type":"Feature","geometry":{"type":"MultiLineString","coordinates":[[[12.56107,41.61999],[12.57777,41.62413],[12.59419,41.63041],[12.61649,41.64383],[12.62063,41.64683],[12.62156,41.65753],[12.63112,41.66767],[12.63657,41.67091]]]},"properties":{"kind":"road","source":"awmc-roads"}},{"type":"Feature","geometry":{"type":"MultiLineString","coordinates":[[[12.67488,41.66831],[12.69009,41.68002],[12.69251,41.68038],[12.69316,41.67666]]]},"properties":{"kind":"road","source":"awmc-roads"}},{"type":"Feature","geometry":{"type":"MultiLineString","coordinates":[[[12.80465,41.61379],[12.78919,41.60992],[12.77505,41.61063],[12.7535,41.6202],[12.74543,41.62755],[12.742,41.62848],[12.73586,41.62627],[12.71352,41.61206],[12.70396,41.60214],[12.69672,41.59101],[12.68968,41.59422],[12.6769,41.60535],[12.66919,41.63198],[12.66127,41.64326],[12.65324,41.6496]]]},"properties":{"kind":"road","source":"awmc-roads"}},{"type":"Feature","geometry":{"type":"MultiLineString","coordinates":[[[12.6207,41.6469],[12.62513,41.65197],[12.63483,41.65725],[12.6706,41.66846],[12.67488,41.66831],[12.67238,41.66189],[12.66253,41.65611],[12.65518,41.64847]]]},"properties":{"kind":"road","source":"awmc-roads"}},{"type":"Feature","geometry":{"type":"MultiLineString","coordinates":[[[12.94157,41.50751],[12.94633,41.52394],[12.94483,41.52708],[12.94747,41.54371],[12.95347,41.55713],[12.9656,41.56705],[12.97253,41.57062],[12.97795,41.56734],[12.97738,41.55813],[12.98545,41.55221],[12.9863,41.54478],[12.99673,41.5425],[13.00636,41.53629],[13.02014,41.52508],[13.02564,41.51759],[13.0382,41.50895],[13.04398,41.50731],[13.05237,41.50898],[13.06745,41.50547],[13.07566,41.50904],[13.08616,41.51032],[13.09822,41.51739],[13.11707,41.5161],[13.12463,41.51753],[13.13382,41.52312],[13.13762,41.52324],[13.15097,41.5286],[13.15183,41.53445],[13.16561,41.54616],[13.16568,41.55672],[13.16418,41.55951],[13.15335,41.5646],[13.14548,41.57307],[13.12642,41.57464],[13.12406,41.57871],[13.114,41.58692],[13.10614,41.59106],[13.09708,41.59998],[13.08566,41.60633],[13.07059,41.61026],[13.04126,41.63353],[13.03861,41.63667],[13.03533,41.64916],[13.03248,41.65402],[13.03676,41.6628],[13.03662,41.66929],[13.03112,41.67722],[13.02998,41.68536],[13.02505,41.69028]]]},"properties":{"kind":"road","source":"awmc-roads"}},{"type":"Feature","geometry":{"type":"MultiLineString","coordinates":[[[12.33947,41.81649],[12.32984,41.82508],[12.3182,41.83136],[12.30756,41.8315],[12.29693,41.83371],[12.28472,41.83336],[12.24203,41.87497],[12.23361,41.88111],[12.23076,41.88632],[12.23311,41.88975],[12.24446,41.89403],[12.24889,41.89725],[12.25852,41.90674],[12.26516,41.92037],[12.27437,41.93237],[12.29414,41.95043],[12.29572,41.95749],[12.30235,41.96799],[12.30614,41.99418],[12.31249,42.00168],[12.31842,42.04351]]]},"properties":{"kind":"road","source":"awmc-roads"}},{"type":"Feature","geometry":{"type":"MultiLineString","coordinates":[[[12.09629,42.00106],[12.09322,42.00056],[12.09037,42.00513],[12.10186,42.01348],[12.107,42.01256]],[[12.10388,42.01372],[12.1055,42.0162],[12.10885,42.01406]]]},"properties":{"kind":"road","source":"awmc-roads"}},{"type":"Feature","geometry":{"type":"MultiLineString","coordinates":[[[12.11621,42.01762],[12.11935,42.02648],[12.12135,42.04275]]]},"properties":{"kind":"road","source":"awmc-roads"}},{"type":"Feature","geometry":{"type":"MultiLineString","coordinates":[[[12.08066,42.04282],[12.09265,42.02491],[12.09872,42.01941],[12.1055,42.0162]]]},"properties":{"kind":"road","source":"awmc-roads"}},{"type":"Feature","geometry":{"type":"MultiLineString","coordinates":[[[12.04197,42.03452],[12.05289,42.02303],[12.07366,42.01018],[12.08044,42.00175],[12.09001,41.99604]]]},"properties":{"kind":"road","source":"awmc-roads"}},{"type":"Feature","geometry":{"type":"MultiLineString","coordinates":[[[12.04225,42.00946],[12.04889,42.00918],[12.06481,42.00354],[12.08044,42.00175]]]},"properties":{"kind":"road","source":"awmc-roads"}},{"type":"Feature","geometry":{"type":"MultiLineString","coordinates":[[[12.09717,41.99401],[12.10533,41.99123],[12.11866,42.0045],[12.11966,42.00964],[12.11317,42.00728]],[[12.11966,42.00964],[12.12387,42.01792],[12.12909,42.02077]]]},"properties":{"kind":"road","source":"awmc-roads"}},{"type":"Feature","geometry":{"type":"MultiLineString","coordinates":[[[12.12196,41.96604],[12.10093,41.93674],[12.12789,41.94]]]},"properties":{"kind":"road","source":"awmc-roads"}},{"type":"Feature","geometry":{"type":"MultiLineString","coordinates":[[[12.09822,41.99818],[12.07416,41.99269],[12.0556,41.97556],[12.04589,41.96192],[12.05996,41.958],[12.08922,41.94586],[12.10093,41.93674],[12.09684,41.96108],[12.09815,41.97313],[12.09672,41.9969],[12.09893,41.9974]]]},"properties":{"kind":"road","source":"awmc-roads"}},{"type":"Feature","geometry":{"type":"MultiLineString","coordinates":[[[12.19774,41.92208],[12.21062,41.92961],[12.22105,41.93275]]]},"properties":{"kind":"road","source":"awmc-roads"}},{"type":"Feature","geometry":{"type":"MultiLineString","coordinates":[[[12.2244,41.93368],[12.22704,41.93118],[12.22697,41.92732],[12.23025,41.92611],[12.22965,41.92257]]]},"properties":{"kind":"road","source":"awmc-roads"}},{"type":"Feature","geometry":{"type":"MultiLineString","coordinates":[[[12.19234,41.86968],[12.20262,41.87246],[12.22511,41.88238],[12.24881,41.88524],[12.27708,41.89166],[12.28429,41.89188],[12.29621,41.88717],[12.3097,41.88931],[12.33058,41.88789]]]},"properties":{"kind":"road","source":"awmc-roads"}},{"type":"Feature","geometry":{"type":"MultiLineString","coordinates":[[[12.34586,41.82207],[12.34079,41.82235],[12.33958,41.82442],[12.33994,41.83249],[12.3328,41.84827],[12.32387,41.8629],[12.33358,41.88824],[12.33365,41.89695],[12.34815,41.91337],[12.35121,41.92243],[12.35166,41.93127]]]},"properties":{"kind":"road","source":"awmc-roads"}},{"type":"Feature","geometry":{"type":"MultiLineString","coordinates":[[[12.35698,41.93063],[12.38274,41.95736],[12.39345,41.96065],[12.4095,41.96835]]]},"properties":{"kind":"road","source":"awmc-roads"}},{"type":"Feature","geometry":{"type":"MultiLineString","coordinates":[[[12.32699,41.969],[12.33242,41.97314],[12.34505,41.99041],[12.35305,41.99655],[12.39657,42.01494]]]},"properties":{"kind":"road","source":"awmc-roads"}},{"type":"Feature","geometry":{"type":"MultiLineString","coordinates":[[[12.37432,42.00548],[12.36668,41.98349],[12.3654,41.97086],[12.35447,41.95444],[12.3519,41.94787],[12.3472,41.94165],[12.34691,41.93853]]]},"properties":{"kind":"road","source":"awmc-roads"}},{"type":"Feature","geometry":{"type":"MultiLineString","coordinates":[[[12.44313,41.90469],[12.44715,41.90304],[12.46867,41.90713]]]},"properties":{"kind":"road","source":"awmc-roads"}},{"type":"Feature","geometry":{"type":"MultiLineString","coordinates":[[[12.505,41.93021],[12.51237,41.92296]]]},"properties":{"kind":"road","source":"awmc-roads"}},{"type":"Feature","geometry":{"type":"MultiLineString","coordinates":[[[12.50301,41.91595],[12.52214,41.91001]]]},"properties":{"kind":"road","source":"awmc-roads"}},{"type":"Feature","geometry":{"type":"MultiLineString","coordinates":[[[12.56678,41.93094],[12.55524,41.94468],[12.55054,41.95717],[12.54596,41.96181],[12.51598,41.97181]]]},"properties":{"kind":"road","source":"awmc-roads"}},{"type":"Feature","geometry":{"type":"MultiLineString","coordinates":[[[12.50498,41.97097],[12.51437,41.95747],[12.52383,41.94896],[12.53376,41.9346],[12.53216,41.93814],[12.53484,41.94861],[12.54263,41.95807],[12.5509,41.97692],[12.55155,41.98632],[12.54953,41.9956],[12.55352,42.00696],[12.55161,42.01375],[12.54712,42.0204],[12.55518,42.01327],[12.56571,42.0078],[12.56892,42.00179],[12.57559,41.99513]]]},"properties":{"kind":"road","source":"awmc-roads"}},{"type":"Feature","geometry":{"type":"MultiLineString","coordinates":[[[12.61729,42.00066],[12.58897,41.99453],[12.58332,41.99203],[12.57803,41.99191],[12.57606,41.99352],[12.576,41.99858],[12.57999,42.00625],[12.58088,42.01434],[12.58522,42.02219],[12.59623,42.031],[12.59772,42.03457]]]},"properties":{"kind":"road","source":"awmc-roads"}},{"type":"Feature","geometry":{"type":"MultiLineString","coordinates":[[[12.61027,42.03421],[12.63726,42.02068]]]},"properties":{"kind":"road","source":"awmc-roads"}},{"type":"Feature","geometry":{"type":"MultiLineString","coordinates":[[[12.75801,42.01471],[12.75137,42.0217],[12.74295,42.0267],[12.75144,42.03291],[12.75365,42.03734]]]},"properties":{"kind":"road","source":"awmc-roads"}},{"type":"Feature","geometry":{"type":"MultiLineString","coordinates":[[[12.74073,42.02692],[12.70882,42.02799],[12.67406,42.0222],[12.66385,42.02385],[12.65778,42.02684],[12.64672,42.02556]]]},"properties":{"kind":"road","source":"awmc-roads"}},{"type":"Feature","geometry":{"type":"MultiLineString","coordinates":[[[12.6373,42.04355],[12.63865,42.03877],[12.64386,42.03384],[12.64672,42.02556],[12.66357,42.01071],[12.67071,42.00614],[12.68984,42.0025]]]},"properties":{"kind":"road","source":"awmc-roads"}},{"type":"Feature","geometry":{"type":"MultiLineString","coordinates":[[[12.99775,42.02434],[12.99291,42.01745],[13.00269,42.01053],[13.00997,41.99425],[13.00619,41.97705],[13.02125,41.96184],[13.02503,41.9557],[13.02346,41.95485],[13.01682,41.95663],[13.00904,41.95085],[12.99848,41.94964],[12.98705,41.9445],[12.98577,41.938],[12.97963,41.93515],[12.97371,41.92522],[12.95586,41.90602],[12.956,41.89624],[12.97092,41.89331],[12.97613,41.88339],[12.97242,41.86804],[12.97242,41.85827],[12.97435,41.85127],[12.97192,41.83071],[12.96849,41.82207]]]},"properties":{"kind":"road","source":"awmc-roads"}},{"type":"Feature","geometry":{"type":"MultiLineString","coordinates":[[[12.73803,41.62716],[12.7366,41.64331]]]},"properties":{"kind":"road","source":"awmc-roads"}},{"type":"Feature","geometry":{"type":"MultiLineString","coordinates":[[[12.72289,41.67681],[12.72613,41.66806],[12.73374,41.66102],[12.7366,41.64331],[12.74364,41.65702],[12.74792,41.66178],[12.76058,41.67072],[12.77309,41.67553],[12.78152,41.6594],[12.78209,41.6514],[12.79133,41.63636],[12.79391,41.62201]]]},"properties":{"kind":"road","source":"awmc-roads"}},{"type":"Feature","geometry":{"type":"MultiLineString","coordinates":[[[12.82337,41.64561],[12.84796,41.64531],[12.85633,41.64779],[12.86471,41.64731],[12.89031,41.65045]]]},"properties":{"kind":"road","source":"awmc-roads"}},{"type":"Feature","geometry":{"type":"MultiLineString","coordinates":[[[12.77372,41.68262],[12.80075,41.68843],[12.83187,41.68452],[12.84558,41.6869],[12.86024,41.68348],[12.87023,41.67853],[12.8728,41.67329],[12.87442,41.66416],[12.88631,41.65235],[12.90659,41.64398]]]},"properties":{"kind":"road","source":"awmc-roads"}},{"type":"Feature","geometry":{"type":"MultiLineString","coordinates":[[[12.88621,41.77792],[12.87844,41.75533],[12.88279,41.73916],[12.8826,41.73259],[12.87499,41.71984],[12.87813,41.68881],[12.8747,41.67996],[12.87413,41.67215],[12.86204,41.65702],[12.85624,41.63998],[12.85662,41.62561],[12.86119,41.61514]]]},"properties":{"kind":"road","source":"awmc-roads"}},{"type":"Feature","geometry":{"type":"MultiLineString","coordinates":[[[12.8251,41.5978],[12.84501,41.60629],[12.85376,41.61257],[12.87423,41.61933],[12.89231,41.63351],[12.89916,41.64169],[12.90659,41.64398]]]},"properties":{"kind":"road","source":"awmc-roads"}},{"type":"Feature","geometry":{"type":"MultiLineString","coordinates":[[[12.69973,41.55237],[12.71204,41.54471],[12.73336,41.53843],[12.75078,41.51929],[12.75668,41.51549],[12.7702,41.51273],[12.78209,41.51634],[12.79894,41.52681],[12.8405,41.5445],[12.88117,41.56755],[12.89222,41.57669],[12.89824,41.58699],[12.8964,41.59363],[12.89802,41.60705],[12.89279,41.62142],[12.89105,41.63259]]]},"properties":{"kind":"road","source":"awmc-roads"}},{"type":"Feature","geometry":{"type":"MultiLineString","coordinates":[[[13.03066,41.6831],[13.03908,41.68157],[13.04155,41.67919],[13.07077,41.6831],[13.07734,41.67824],[13.08552,41.67662],[13.08962,41.67291],[13.0919,41.66711],[13.10237,41.65426],[13.10161,41.65102],[13.09856,41.64683],[13.08257,41.64074],[13.07134,41.6337],[13.06887,41.62989],[13.07543,41.61571],[13.08248,41.61],[13.08329,41.60698]]]},"properties":{"kind":"road","source":"awmc-roads"}},{"type":"Feature","geometry":{"type":"MultiLineString","coordinates":[[[12.91934,41.64046],[12.91887,41.63703],[12.92048,41.63389],[12.92924,41.6258],[12.93333,41.61352],[12.93647,41.61],[12.94066,41.60772],[12.9497,41.60657],[12.94989,41.60457],[12.94723,41.60124],[12.94789,41.59877],[12.9597,41.59677],[12.96588,41.58735],[12.98016,41.57669],[12.98578,41.57707],[12.99034,41.58107],[13.0071,41.58192],[13.01547,41.59744],[13.0326,41.60962],[13.03679,41.61019],[13.05478,41.6061],[13.06125,41.60772],[13.07058,41.60581],[13.07668,41.60859]]]},"properties":{"kind":"road","source":"awmc-roads"}},{"type":"Feature","geometry":{"type":"MultiLineString","coordinates":[[[13.00424,41.68795],[12.99958,41.6851],[12.99891,41.68015],[12.99434,41.67377],[12.9853,41.66853],[12.99177,41.65264],[12.99939,41.6455],[13.00081,41.64236],[13.005,41.62856],[13.00519,41.62304],[13.00976,41.61971],[13.01357,41.61371],[13.02575,41.60943],[13.03584,41.60258],[13.04288,41.5922],[13.04736,41.58906],[13.0583,41.58706],[13.07743,41.57459],[13.07705,41.56336],[13.08429,41.55727],[13.08676,41.5449],[13.09399,41.53909],[13.09247,41.5311],[13.08581,41.51815],[13.07229,41.5112],[13.06572,41.50534]]]},"properties":{"kind":"road","source":"awmc-roads"}},{"type":"Feature","geometry":{"type":"MultiLineString","coordinates":[[[12.97683,41.56926],[12.99053,41.57612],[13.02223,41.56184],[13.02394,41.55718],[13.03022,41.55461],[13.0464,41.53738],[13.05126,41.53547],[13.05345,41.52967],[13.06001,41.52386],[13.05925,41.51701],[13.06116,41.51263],[13.05916,41.51054],[13.05952,41.50709],[13.0564,41.50645],[13.05459,41.50254],[13.05868,41.49997],[13.05821,41.49874]]]},"properties":{"kind":"road","source":"awmc-roads"}},{"type":"Feature","geometry":{"type":"MultiLineString","coordinates":[[[13.16576,41.49007],[13.12569,41.48712],[13.11931,41.48513],[13.10484,41.47599],[13.1018,41.4758],[13.07915,41.48303],[13.05687,41.48808],[13.03118,41.50207],[13.00719,41.50635],[12.99605,41.51178],[12.99282,41.51463],[12.98873,41.52539],[12.98026,41.53519],[12.97911,41.54661],[12.97626,41.55194],[12.97701,41.5549]]]},"properties":{"kind":"road","source":"awmc-roads"}},{"type":"Feature","geometry":{"type":"MultiLineString","coordinates":[[[12.96454,41.58905],[12.95871,41.5911],[12.96178,41.58731],[12.9565,41.5891],[12.97014,41.5791],[12.97263,41.57546],[12.9734,41.57059]]]},"properties":{"kind":"road","source":"awmc-roads"}},{"type":"Feature","geometry":{"type":"MultiLineString","coordinates":[[[12.97249,41.57061],[12.96657,41.57703],[12.95579,41.58175],[12.93273,41.57739],[12.89137,41.54628]]]},"properties":{"kind":"road","source":"awmc-roads"}},{"type":"Feature","geometry":{"type":"MultiLineString","coordinates":[[[12.89868,41.57996],[12.9161,41.58674],[12.93701,41.59095]]]},"properties":{"kind":"road","source":"awmc-roads"}},{"type":"Feature","geometry":{"type":"MultiLineString","coordinates":[[[12.91934,41.64046],[12.9061,41.6395],[12.90389,41.63521],[12.91039,41.62079],[12.92174,41.60323],[12.92773,41.59759],[12.93451,41.59524],[12.93923,41.58924],[12.94822,41.5906],[12.95343,41.5871],[12.96137,41.58572]]]},"properties":{"kind":"road","source":"awmc-roads"}},{"type":"Feature","geometry":{"type":"MultiLineString","coordinates":[[[12.95495,41.59486],[12.96344,41.61285],[12.98429,41.62006],[12.99535,41.62042],[13.00528,41.62298]]]},"properties":{"kind":"road","source":"awmc-roads"}},{"type":"Feature","geometry":{"type":"MultiLineString","coordinates":[[[12.91999,41.64083],[12.92418,41.64626],[12.93198,41.64759],[12.9395,41.64692],[12.94121,41.64445],[12.95016,41.64236],[12.96539,41.64093],[12.97005,41.63817],[12.97938,41.63588],[13.00279,41.63552]]]},"properties":{"kind":"road","source":"awmc-roads"}},{"type":"Feature","geometry":{"type":"MultiLineString","coordinates":[[[12.92142,41.64483],[12.90248,41.65406],[12.89667,41.66291],[12.89648,41.67367],[12.90714,41.67605],[12.90543,41.67824],[12.9,41.67995],[12.89895,41.68699],[12.90067,41.69271],[12.89857,41.69594]]]},"properties":{"kind":"road","source":"awmc-roads"}},{"type":"Feature","geometry":{"type":"MultiLineString","coordinates":[[[12.78503,41.69451],[12.80834,41.69585],[12.83223,41.70118],[12.84137,41.69937],[12.85183,41.70057],[12.85217,41.69892],[12.85955,41.70651],[12.86393,41.7165],[12.8767,41.72402]]]},"properties":{"kind":"road","source":"awmc-roads"}},{"type":"Feature","geometry":{"type":"MultiLineString","coordinates":[[[12.5064,41.87685],[12.50572,41.87357],[12.50915,41.86829],[12.54534,41.83909],[12.59152,41.81011],[12.62957,41.7812],[12.64378,41.77635],[12.66905,41.77406],[12.67847,41.76257],[12.6804,41.75691]]]},"properties":{"kind":"road","source":"awmc-roads"}},{"type":"Feature","geometry":{"type":"MultiLineString","coordinates":[[[12.55911,41.91966],[12.55668,41.91091],[12.55877,41.89473],[12.57533,41.85342],[12.57888,41.83649],[12.60073,41.85314],[12.60923,41.85457],[12.62566,41.86273],[12.63016,41.86231],[12.6582,41.87898],[12.6744,41.88605],[12.6949,41.89252],[12.69074,41.8927],[12.66462,41.90197],[12.6557,41.9029],[12.6413,41.91372]]]},"properties":{"kind":"road","source":"awmc-roads"}},{"type":"Feature","geometry":{"type":"MultiLineString","coordinates":[[[12.55785,41.87566],[12.56782,41.87784],[12.60659,41.8797],[12.63485,41.88577],[12.66708,41.88239]]]},"properties":{"kind":"road","source":"awmc-roads"}},{"type":"Feature","geometry":{"type":"MultiLineString","coordinates":[[[12.55458,41.81174],[12.5522,41.82639],[12.55354,41.83629],[12.54935,41.84952],[12.55144,41.86123],[12.54916,41.87398],[12.53888,41.89397],[12.53244,41.91122],[12.53125,41.91113],[12.52831,41.917],[12.52593,41.92871]]]},"properties":{"kind":"road","source":"awmc-roads"}},{"type":"Feature","geometry":{"type":"MultiLineString","coordinates":[[[12.52239,41.90146],[12.52612,41.9033],[12.52942,41.91098]]]},"properties":{"kind":"road","source":"awmc-roads"}},{"type":"Feature","geometry":{"type":"MultiLineString","coordinates":[[[12.51823,41.89119],[12.54214,41.88762],[12.57562,41.88636]]]},"properties":{"kind":"road","source":"awmc-roads"}},{"type":"Feature","geometry":{"type":"MultiLineString","coordinates":[[[12.56001,41.77319],[12.56657,41.77823],[12.572,41.78766],[12.58348,41.79563]]]},"properties":{"kind":"road","source":"awmc-roads"}},{"type":"Feature","geometry":{"type":"MultiLineString","coordinates":[[[12.57885,41.83629],[12.56667,41.82259],[12.55829,41.80079],[12.55706,41.79489],[12.56105,41.7809],[12.56077,41.77652],[12.55401,41.75891],[12.55382,41.7533],[12.5563,41.74425],[12.57162,41.71846],[12.57333,41.7118],[12.59201,41.6941],[12.57923,41.67544]]]},"properties":{"kind":"road","source":"awmc-roads"}},{"type":"Feature","geometry":{"type":"MultiLineString","coordinates":[[[12.54126,41.71028],[12.55005,41.70692],[12.5562,41.7],[12.56677,41.696],[12.57267,41.68715]]]},"properties":{"kind":"road","source":"awmc-roads"}},{"type":"Feature","geometry":{"type":"MultiLineString","coordinates":[[[12.54059,41.66516],[12.55249,41.66802],[12.56619,41.68029],[12.58387,41.70072]]]},"properties":{"kind":"road","source":"awmc-roads"}},{"type":"Feature","geometry":{"type":"MultiLineString","coordinates":[[[12.57295,41.68696],[12.57929,41.67555],[12.57647,41.66887],[12.57473,41.65703]]]},"properties":{"kind":"road","source":"awmc-roads"}},{"type":"Feature","geometry":{"type":"MultiLineString","coordinates":[[[12.51206,41.79493],[12.4994,41.78293],[12.49759,41.77798],[12.49749,41.75448],[12.50254,41.74439],[12.50187,41.73354]]]},"properties":{"kind":"road","source":"awmc-roads"}},{"type":"Feature","geometry":{"type":"MultiLineString","coordinates":[[[12.46504,41.74001],[12.4757,41.73411],[12.50187,41.73354],[12.51444,41.72288],[12.51672,41.71403],[12.52472,41.70984],[12.52576,41.70784],[12.523,41.69718],[12.52452,41.6869],[12.53014,41.67719],[12.5369,41.67292]]]},"properties":{"kind":"road","source":"awmc-roads"}},{"type":"Feature","geometry":{"type":"MultiLineString","coordinates":[[[12.46161,41.70774],[12.4718,41.71945],[12.48217,41.72269],[12.49911,41.72364],[12.52843,41.71926],[12.55165,41.71945],[12.57186,41.71759]]]},"properties":{"kind":"road","source":"awmc-roads"}},{"type":"Feature","geometry":{"type":"MultiLineString","coordinates":[[[12.5685,41.72409],[12.58487,41.72935],[12.61253,41.73466]]]},"properties":{"kind":"road","source":"awmc-roads"}},{"type":"Feature","geometry":{"type":"MultiLineString","coordinates":[[[12.58725,41.72963],[12.58971,41.72253]]]},"properties":{"kind":"road","source":"awmc-roads"}},{"type":"Feature","geometry":{"type":"MultiLineString","coordinates":[[[12.56282,41.73284],[12.56992,41.73515],[12.58734,41.7362],[12.60352,41.7402],[12.61193,41.7404]]]},"properties":{"kind":"road","source":"awmc-roads"}},{"type":"Feature","geometry":{"type":"MultiLineString","coordinates":[[[12.61361,41.74543],[12.56973,41.74705]]]},"properties":{"kind":"road","source":"awmc-roads"}},{"type":"Feature","geometry":{"type":"MultiLineString","coordinates":[[[12.60248,41.74562],[12.60166,41.7396]]]},"properties":{"kind":"road","source":"awmc-roads"}},{"type":"Feature","geometry":{"type":"MultiLineString","coordinates":[[[12.57012,41.73487],[12.56935,41.76142],[12.58163,41.77513],[12.58258,41.77903],[12.59357,41.78649]]]},"properties":{"kind":"road","source":"awmc-roads"}},{"type":"Feature","geometry":{"type":"MultiLineString","coordinates":[[[12.4121,41.78312],[12.40391,41.77503],[12.39506,41.7599],[12.39706,41.74772],[12.39516,41.74524],[12.39621,41.71184],[12.38917,41.68359]]]},"properties":{"kind":"road","source":"awmc-roads"}},{"type":"Feature","geometry":{"type":"MultiLineString","coordinates":[[[12.35376,41.80016],[12.35633,41.78874],[12.36442,41.78084],[12.37203,41.76932],[12.38831,41.75429],[12.40763,41.7284],[12.41908,41.71592]]]},"properties":{"kind":"road","source":"awmc-roads"}},{"type":"Feature","geometry":{"type":"MultiLineString","coordinates":[[[12.39554,41.79807],[12.40861,41.78506],[12.42457,41.77779],[12.42914,41.77399],[12.44684,41.75095],[12.45112,41.74791],[12.46297,41.74689]]]},"properties":{"kind":"road","source":"awmc-roads"}},{"type":"Feature","geometry":{"type":"MultiLineString","coordinates":[[[12.44798,41.75019],[12.44494,41.74039],[12.44551,41.72764],[12.4437,41.71146],[12.43656,41.70222],[12.43476,41.69757]]]},"properties":{"kind":"road","source":"awmc-roads"}},{"type":"Feature","geometry":{"type":"MultiLineString","coordinates":[[[12.41144,41.80038],[12.44222,41.79641],[12.49062,41.77071],[12.51018,41.76229],[12.6104,41.76]]]},"properties":{"kind":"road","source":"awmc-roads"}},{"type":"Feature","geometry":{"type":"MultiLineString","coordinates":[[[12.58842,41.79127],[12.61483,41.79213]]]},"properties":{"kind":"road","source":"awmc-roads"}},{"type":"Feature","geometry":{"type":"MultiLineString","coordinates":[[[12.56857,41.80926],[12.59138,41.8102]]]},"properties":{"kind":"road","source":"awmc-roads"}},{"type":"Feature","geometry":{"type":"MultiLineString","coordinates":[[[12.61112,41.75814],[12.60241,41.77071],[12.59142,41.77699],[12.57475,41.79022],[12.56657,41.79569],[12.54316,41.80412],[12.52175,41.81539],[12.51703,41.82453],[12.51461,41.8261]]]},"properties":{"kind":"road","source":"awmc-roads"}},{"type":"Feature","geometry":{"type":"MultiLineString","coordinates":[[[12.55858,41.78941],[12.55173,41.79227],[12.53417,41.79498],[12.52303,41.79841],[12.50947,41.80512],[12.48377,41.8084],[12.4625,41.81811],[12.44608,41.8311]]]},"properties":{"kind":"road","source":"awmc-roads"}},{"type":"Feature","geometry":{"type":"MultiLineString","coordinates":[[[12.41181,41.81746],[12.41553,41.82946],[12.41895,41.83345],[12.42509,41.83645],[12.41881,41.84773],[12.41738,41.85972],[12.42138,41.87557],[12.42552,41.88128],[12.42986,41.89314],[12.42609,41.90063],[12.42095,41.92204],[12.42409,41.92932],[12.42581,41.94139]]]},"properties":{"kind":"road","source":"awmc-roads"}},{"type":"Feature","geometry":{"type":"MultiLineString","coordinates":[[[12.46933,41.92696],[12.47635,41.93182],[12.47963,41.93182],[12.49038,41.92474]]]},"properties":{"kind":"road","source":"awmc-roads"}},{"type":"Feature","geometry":{"type":"MultiLineString","coordinates":[[[12.53559,41.95102],[12.53331,41.95945],[12.53645,41.98914],[12.53559,41.99671],[12.54216,42.00485]]]},"properties":{"kind":"road","source":"awmc-roads"}},{"type":"Feature","geometry":{"type":"MultiLineString","coordinates":[[[12.578,41.99171],[12.57286,41.99114],[12.55415,41.98001],[12.54844,41.97815],[12.53495,41.97769],[12.52888,41.98172]]]},"properties":{"kind":"road","source":"awmc-roads"}},{"type":"Feature","geometry":{"type":"MultiLineString","coordinates":[[[12.54445,42.0187],[12.54173,42.00656],[12.54387,41.99742],[12.54944,41.99443]]]},"properties":{"kind":"road","source":"awmc-roads"}},{"type":"Feature","geometry":{"type":"MultiLineString","coordinates":[[[12.40396,42.01798],[12.40725,42.01241],[12.41653,42.00513],[12.45607,41.99086],[12.47106,41.97915],[12.47492,41.97158],[12.47991,41.96687],[12.48206,41.96045]]]},"properties":{"kind":"road","source":"awmc-roads"}},{"type":"Feature","geometry":{"type":"MultiLineString","coordinates":[[[12.11414,41.97638],[12.12196,41.96604],[12.14955,41.9436],[12.151,41.93873],[12.14779,41.95165],[12.15126,41.95973],[12.15141,41.96416],[12.1592,41.9767],[12.16326,42.00071],[12.18353,42.01377],[12.19738,42.03162],[12.20323,42.04304]]]},"properties":{"kind":"road","source":"awmc-roads"}},{"type":"Feature","geometry":{"type":"MultiLineString","coordinates":[[[12.20331,41.91902],[12.21068,41.90818],[12.2257,41.89435],[12.23088,41.88673]]]},"properties":{"kind":"road","source":"awmc-roads"}},{"type":"Feature","geometry":{"type":"MultiLineString","coordinates":[[[12.27923,41.83807],[12.29366,41.83911],[12.31433,41.84327],[12.32623,41.84312],[12.34303,41.84877],[12.35389,41.84848],[12.36222,41.85279],[12.39791,41.86245],[12.40222,41.86692],[12.41144,41.87123],[12.42022,41.8809],[12.44431,41.88342],[12.45968,41.89209]]]},"properties":{"kind":"road","source":"awmc-roads"}},{"type":"Feature","geometry":{"type":"MultiLineString","coordinates":[[[12.47777,41.82944],[12.51547,41.83167]]]},"properties":{"kind":"road","source":"awmc-roads"}},{"type":"Feature","geometry":{"type":"MultiLineString","coordinates":[[[12.47703,41.86394],[12.49254,41.86266]]]},"properties":{"kind":"road","source":"awmc-roads"}},{"type":"Feature","geometry":{"type":"MultiLineString","coordinates":[[[12.48,41.79189],[12.50112,41.79977],[12.51114,41.81773]]]},"properties":{"kind":"road","source":"awmc-roads"}},{"type":"Feature","geometry":{"type":"MultiLineString","coordinates":[[[12.62366,41.75635],[12.63705,41.77018],[12.63854,41.77837]]]},"properties":{"kind":"road","source":"awmc-roads"}},{"type":"Feature","geometry":{"type":"MultiLineString","coordinates":[[[12.66121,41.7663],[12.66241,41.77112],[12.65865,41.77474]]]},"properties":{"kind":"road","source":"awmc-roads"}},{"type":"Feature","geometry":{"type":"MultiLineString","coordinates":[[[12.60075,41.86557],[12.61734,41.85412],[12.62322,41.83678]]]},"properties":{"kind":"road","source":"awmc-roads"}},{"type":"Feature","geometry":{"type":"MultiLineString","coordinates":[[[12.63754,41.82472],[12.62322,41.83678],[12.61649,41.84002],[12.60166,41.84266],[12.59744,41.84492],[12.58658,41.85638],[12.58025,41.86874],[12.56433,41.92142]]]},"properties":{"kind":"road","source":"awmc-roads"}},{"type":"Feature","geometry":{"type":"MultiLineString","coordinates":[[[12.56608,41.92173],[12.58402,41.91721],[12.59306,41.90364],[12.59909,41.88306],[12.60663,41.86663],[12.60844,41.84598],[12.60779,41.8142],[12.6095,41.80881],[12.63369,41.78004]]]},"properties":{"kind":"road","source":"awmc-roads"}},{"type":"Feature","geometry":{"type":"MultiLineString","coordinates":[[[12.75544,41.86181],[12.75619,41.85291],[12.75996,41.84281],[12.75875,41.83783],[12.76282,41.82984],[12.76267,41.82653],[12.75664,41.81673],[12.75951,41.80399],[12.7574,41.7969],[12.7583,41.79434],[12.76614,41.78801],[12.76735,41.78499],[12.7687,41.7666],[12.77081,41.75725],[12.77443,41.75303],[12.77338,41.74602]]]},"properties":{"kind":"road","source":"awmc-roads"}},{"type":"Feature","geometry":{"type":"MultiLineString","coordinates":[[[12.67794,41.81334],[12.68121,41.75644],[12.69106,41.74888],[12.71503,41.73652],[12.71925,41.73185]]]},"properties":{"kind":"road","source":"awmc-roads"}},{"type":"Feature","geometry":{"type":"MultiLineString","coordinates":[[[12.65005,41.85299],[12.65714,41.8459],[12.67161,41.83927],[12.67644,41.8269],[12.67794,41.81334],[12.68111,41.80957],[12.68654,41.8055],[12.70327,41.80007]]]},"properties":{"kind":"road","source":"awmc-roads"}},{"type":"Feature","geometry":{"type":"MultiLineString","coordinates":[[[12.68654,41.79283],[12.68895,41.79675],[12.69769,41.79946],[12.69784,41.80097]]]},"properties":{"kind":"road","source":"awmc-roads"}},{"type":"Feature","geometry":{"type":"MultiLineString","coordinates":[[[12.73267,41.80783],[12.73433,41.81552],[12.74322,41.82728],[12.74322,41.83185]]]},"properties":{"kind":"road","source":"awmc-roads"}},{"type":"Feature","geometry":{"type":"MultiLineString","coordinates":[[[12.74307,41.83165],[12.74262,41.83572],[12.74473,41.8404],[12.7574,41.8419],[12.76795,41.84778],[12.79946,41.8603],[12.79901,41.86557],[12.8029,41.87037]]]},"properties":{"kind":"road","source":"awmc-roads"}},{"type":"Feature","geometry":{"type":"MultiLineString","coordinates":[[[12.8563,41.82698],[12.85735,41.83105],[12.86127,41.83602],[12.87092,41.83844],[12.88554,41.84643],[12.88012,41.85653],[12.85735,41.86407],[12.84589,41.86497],[12.83896,41.87085],[12.83609,41.87537],[12.83474,41.88058],[12.83805,41.90786],[12.83263,41.90922],[12.83157,41.91842],[12.83413,41.9246],[12.82705,41.9454],[12.82117,41.95113],[12.86082,41.93681],[12.86489,41.93259],[12.86549,41.92837],[12.86971,41.92083],[12.87273,41.91917],[12.87424,41.91314],[12.88193,41.91133],[12.88479,41.90786],[12.88509,41.90002],[12.89293,41.89143],[12.89248,41.88186],[12.90183,41.86799],[12.89806,41.85623],[12.89564,41.85336],[12.88494,41.85336],[12.87785,41.85532],[12.86323,41.85397]]]},"properties":{"kind":"road","source":"awmc-roads"}},{"type":"Feature","geometry":{"type":"MultiLineString","coordinates":[[[12.90183,41.86648],[12.91313,41.86934],[12.92534,41.86512],[12.93771,41.86633],[12.94313,41.86392],[12.95143,41.86392],[12.94826,41.87417],[12.95067,41.87673],[12.95146,41.88031],[12.94992,41.88261],[12.95339,41.89377],[12.95651,41.8957]]]},"properties":{"kind":"road","source":"awmc-roads"}},{"type":"Feature","geometry":{"type":"MultiLineString","coordinates":[[[12.89384,41.83844],[12.91117,41.84145],[12.91962,41.83829],[12.9258,41.84236],[12.93002,41.84326],[12.94027,41.84914],[12.94027,41.85653],[12.94481,41.86384]]]},"properties":{"kind":"road","source":"awmc-roads"}},{"type":"Feature","geometry":{"type":"MultiLineString","coordinates":[[[12.84699,41.74464],[12.84861,41.74798],[12.8471,41.75386],[12.85554,41.77949],[12.85562,41.78659],[12.86896,41.81017],[12.8676,41.81469],[12.86941,41.81861],[12.86836,41.82283]]]},"properties":{"kind":"road","source":"awmc-roads"}},{"type":"Feature","geometry":{"type":"MultiLineString","coordinates":[[[12.88162,41.78183],[12.88283,41.78454],[12.88238,41.79585],[12.886,41.80218],[12.886,41.8156],[12.88434,41.82087],[12.88808,41.83548]]]},"properties":{"kind":"road","source":"awmc-roads"}},{"type":"Feature","geometry":{"type":"MultiLineString","coordinates":[[[12.70372,41.73426],[12.70915,41.73441],[12.71473,41.73215],[12.74262,41.73155],[12.77338,41.74602],[12.7889,41.75069],[12.79403,41.75446],[12.7972,41.76049],[12.79493,41.76994],[12.79069,41.77032],[12.79267,41.77678],[12.81634,41.78341],[12.8277,41.78442],[12.84255,41.79497]]]},"properties":{"kind":"road","source":"awmc-roads"}},{"type":"Feature","geometry":{"type":"MultiLineString","coordinates":[[[12.84273,41.79509],[12.88147,41.83746]]]},"properties":{"kind":"road","source":"awmc-roads"}},{"type":"Feature","geometry":{"type":"MultiLineString","coordinates":[[[12.80458,41.81861],[12.82795,41.82871],[12.83474,41.82856],[12.84047,41.8263],[12.87255,41.82738],[12.87509,41.83025],[12.88584,41.83384]]]},"properties":{"kind":"road","source":"awmc-roads"}},{"type":"Feature","geometry":{"type":"MultiLineString","coordinates":[[[12.7779,41.82803],[12.75544,41.86181],[12.74775,41.87718],[12.74307,41.87899],[12.74101,41.88485],[12.72061,41.87914],[12.70267,41.87854]]]},"properties":{"kind":"road","source":"awmc-roads"}},{"type":"Feature","geometry":{"type":"MultiLineString","coordinates":[[[12.69482,41.89253],[12.68141,41.90711],[12.67097,41.9242],[12.68126,41.92143],[12.70086,41.89445]]]},"properties":{"kind":"road","source":"awmc-roads"}},{"type":"Feature","geometry":{"type":"MultiLineString","coordinates":[[[12.68983,42.0025],[12.6983,42.00051],[12.71277,41.99131],[12.75679,41.97774],[12.77549,41.9693]]]},"properties":{"kind":"road","source":"awmc-roads"}},{"type":"Feature","geometry":{"type":"MultiLineString","coordinates":[[[12.75498,42.0431],[12.75317,42.04008],[12.75365,42.03734],[12.75875,42.0244],[12.75936,42.01913],[12.75515,42.01129],[12.75936,41.99531],[12.76343,41.99063],[12.77569,41.98996]]]},"properties":{"kind":"road","source":"awmc-roads"}},{"type":"Feature","geometry":{"type":"MultiLineString","coordinates":[[[12.68608,41.95543],[12.69362,41.96297],[12.71277,41.96855],[12.78106,41.96855],[12.7858,41.97014],[12.78785,41.97427],[12.79162,41.97608]]]},"properties":{"kind":"road","source":"awmc-roads"}},{"type":"Feature","geometry":{"type":"MultiLineString","coordinates":[[[12.79237,42.04325],[12.80006,42.02666],[12.80021,42.02109],[12.79509,42.01581],[12.79644,42.00948],[12.78649,42.0033],[12.78574,41.9944],[12.78272,41.98701],[12.78981,41.98204],[12.78951,41.97646],[12.80338,41.9736],[12.80172,41.96741]]]},"properties":{"kind":"road","source":"awmc-roads"}},{"type":"Feature","geometry":{"type":"MultiLineString","coordinates":[[[12.78604,41.93189],[12.78423,41.93747],[12.78875,41.95044],[12.78996,41.96084],[12.78257,41.96732],[12.77535,41.98998],[12.77534,41.9922],[12.77926,41.99612],[12.78542,41.99943]]]},"properties":{"kind":"road","source":"awmc-roads"}},{"type":"Feature","geometry":{"type":"MultiLineString","coordinates":[[[12.75791,41.95752],[12.74449,41.98918],[12.7463,42.00441],[12.74735,42.00728],[12.75037,42.00924]]]},"properties":{"kind":"road","source":"awmc-roads"}},{"type":"Feature","geometry":{"type":"MultiLineString","coordinates":[[[12.63669,41.94546],[12.66941,41.96898],[12.67785,41.97893],[12.69142,41.98165],[12.71102,41.99687],[12.72595,42.00366],[12.75528,42.01077]]]},"properties":{"kind":"road","source":"awmc-roads"}},{"type":"Feature","geometry":{"type":"MultiLineString","coordinates":[[[12.6961,42.04323],[12.68886,42.03087],[12.68644,42.02343],[12.65388,41.98557],[12.64966,41.98119],[12.63383,41.97456],[12.62599,41.96823]]]},"properties":{"kind":"road","source":"awmc-roads"}},{"type":"Feature","geometry":{"type":"MultiLineString","coordinates":[[[12.56704,41.95164],[12.58649,41.96084],[12.62328,41.96521],[12.62599,41.96823]]]},"properties":{"kind":"road","source":"awmc-roads"}},{"type":"Feature","geometry":{"type":"MultiLineString","coordinates":[[[12.62911,41.9172],[12.63042,41.94127],[12.62982,41.95007],[12.62637,41.95959],[12.62851,41.96518],[12.64493,41.97446],[12.64385,41.97914]]]},"properties":{"kind":"road","source":"awmc-roads"}},{"type":"Feature","geometry":{"type":"MultiLineString","coordinates":[[[12.94891,41.92925],[12.94094,41.92687],[12.91826,41.91157],[12.8799,41.91433],[12.872,41.91091],[12.86087,41.90948],[12.85354,41.90434],[12.83964,41.90006],[12.82032,41.89815],[12.81558,41.89901]]]},"properties":{"kind":"road","source":"awmc-roads"}},{"type":"Feature","geometry":{"type":"MultiLineString","coordinates":[[[12.83188,41.92945],[12.82032,41.92718],[12.80842,41.92947],[12.80462,41.93756],[12.79424,41.94584],[12.7931,41.95183],[12.78936,41.95803]]]},"properties":{"kind":"road","source":"awmc-roads"}},{"type":"Feature","geometry":{"type":"MultiLineString","coordinates":[[[12.66936,41.9247],[12.67879,41.93118],[12.69545,41.93575],[12.69897,41.93213],[12.70316,41.92081],[12.70335,41.91195],[12.69069,41.91881],[12.68126,41.92143]]]},"properties":{"kind":"road","source":"awmc-roads"}},{"type":"Feature","geometry":{"type":"MultiLineString","coordinates":[[[12.69554,41.91671],[12.71972,41.92414],[12.72257,41.92747]]]},"properties":{"kind":"road","source":"awmc-roads"}},{"type":"Feature","geometry":{"type":"MultiLineString","coordinates":[[[12.69564,41.93575],[12.7101,41.93308],[12.72257,41.92747],[12.73,41.92928],[12.7398,41.93756],[12.75503,41.94336],[12.75979,41.94936],[12.76123,41.95715]]]},"properties":{"kind":"road","source":"awmc-roads"}},{"type":"Feature","geometry":{"type":"MultiLineString","coordinates":[[[12.70335,41.91195],[12.72076,41.89549],[12.72333,41.89853],[12.72895,41.91576]]]},"properties":{"kind":"road","source":"awmc-roads"}},{"type":"Feature","geometry":{"type":"MultiLineString","coordinates":[[[12.70002,41.8923],[12.70373,41.89977],[12.70947,41.90629],[12.71972,41.90957],[12.74332,41.92261],[12.75303,41.92461],[12.75589,41.92309],[12.76198,41.90986],[12.76778,41.90453],[12.7713,41.89387],[12.77606,41.88968],[12.78787,41.88502],[12.80871,41.86751],[12.82346,41.85075],[12.82356,41.84504],[12.83808,41.82756]]]},"properties":{"kind":"road","source":"awmc-roads"}},{"type":"Feature","geometry":{"type":"MultiLineString","coordinates":[[[12.86884,41.84266],[12.86328,41.85398],[12.85392,41.85475],[12.84278,41.86237],[12.82736,41.86674],[12.81689,41.87312],[12.81176,41.87226],[12.81022,41.8698]]]},"properties":{"kind":"road","source":"awmc-roads"}},{"type":"Feature","geometry":{"type":"MultiLineString","coordinates":[[[12.79389,41.75438],[12.79662,41.75148],[12.79686,41.74875],[12.77387,41.72569],[12.7734,41.72045],[12.76931,41.71541],[12.76873,41.70846],[12.77073,41.70656],[12.77283,41.69723],[12.77654,41.69342],[12.77584,41.68884]]]},"properties":{"kind":"road","source":"awmc-roads"}},{"type":"Feature","geometry":{"type":"MultiLineString","coordinates":[[[12.69726,41.70256],[12.72029,41.70799],[12.73019,41.71417],[12.74361,41.71865],[12.75531,41.72835],[12.76597,41.73311],[12.77492,41.74196],[12.78672,41.74729],[12.78759,41.75032]]]},"properties":{"kind":"road","source":"awmc-roads"}},{"type":"Feature","geometry":{"type":"MultiLineString","coordinates":[[[12.70173,41.70237],[12.7121,41.69552],[12.71705,41.69714],[12.72372,41.69599],[12.73771,41.69771],[12.74846,41.69228],[12.75427,41.69219],[12.76797,41.69504],[12.77555,41.69479]]]},"properties":{"kind":"road","source":"awmc-roads"}},{"type":"Feature","geometry":{"type":"MultiLineString","coordinates":[[[12.72352,41.6959],[12.71634,41.68238]]]},"properties":{"kind":"road","source":"awmc-roads"}},{"type":"Feature","geometry":{"type":"MultiLineString","coordinates":[[[12.49468,41.61476],[12.51868,41.61483],[12.53297,41.61759]]]},"properties":{"kind":"road","source":"awmc-roads"}},{"type":"Feature","geometry":{"type":"MultiLineString","coordinates":[[[12.48037,41.66373],[12.4837,41.65945],[12.50273,41.65147],[12.51392,41.6341],[12.5201,41.63208],[12.53358,41.62037]]]},"properties":{"kind":"road","source":"awmc-roads"}},{"type":"Feature","geometry":{"type":"MultiLineString","coordinates":[[[12.54176,41.60448],[12.54188,41.60174],[12.54652,41.59972],[12.55972,41.59936],[12.57043,41.59627],[12.59779,41.5952],[12.60529,41.59663],[12.63146,41.60841],[12.64659,41.61998]]]},"properties":{"kind":"road","source":"awmc-roads"}},{"type":"Feature","geometry":{"type":"MultiLineString","coordinates":[[[12.55104,41.54761],[12.56793,41.54916],[12.60707,41.54785],[12.63289,41.55473]]]},"properties":{"kind":"road","source":"awmc-roads"}},{"type":"Feature","geometry":{"type":"MultiLineString","coordinates":[[[12.53391,41.56772],[12.55556,41.56938],[12.58019,41.56843],[12.61064,41.56153],[12.62635,41.55594],[12.64931,41.55201],[12.68821,41.55047],[12.70068,41.55333]]]},"properties":{"kind":"road","source":"awmc-roads"}},{"type":"Feature","geometry":{"type":"MultiLineString","coordinates":[[[12.56817,41.59663],[12.58578,41.57926],[12.60719,41.56998],[12.61469,41.5651],[12.62038,41.55839]]]},"properties":{"kind":"road","source":"awmc-roads"}},{"type":"Feature","geometry":{"type":"MultiLineString","coordinates":[[[12.58447,41.58033],[12.59598,41.58252],[12.61171,41.58116],[12.61933,41.57878],[12.63615,41.57907]]]},"properties":{"kind":"road","source":"awmc-roads"}},{"type":"Feature","geometry":{"type":"MultiLineString","coordinates":[[[12.56948,41.56923],[12.54624,41.57936]]]},"properties":{"kind":"road","source":"awmc-roads"}},{"type":"Feature","geometry":{"type":"MultiLineString","coordinates":[[[12.44993,41.99371],[12.45148,41.9811],[12.44356,41.97368],[12.4421,41.96662]]]},"properties":{"kind":"road","source":"awmc-roads"}},{"type":"Feature","geometry":{"type":"MultiLineString","coordinates":[[[12.53576,41.98218],[12.52279,41.98301],[12.51327,41.98075]]]},"properties":{"kind":"road","source":"awmc-roads"}},{"type":"Feature","geometry":{"type":"MultiLineString","coordinates":[[[12.72076,41.89549],[12.72558,41.89481],[12.72938,41.89636],[12.7345,41.90278],[12.74211,41.90754],[12.74449,41.91611],[12.75056,41.92442],[12.75251,41.92465],[12.75294,41.92813]]]},"properties":{"kind":"road","source":"awmc-roads"}},{"type":"Feature","geometry":{"type":"MultiLineString","coordinates":[[[12.75501,41.94336],[12.75294,41.92813],[12.7715,41.93824]]]},"properties":{"kind":"road","source":"awmc-roads"}},{"type":"Feature","geometry":{"type":"MultiLineString","coordinates":[[[12.72733,41.89553],[12.73605,41.89434],[12.75544,41.89933],[12.76389,41.90519],[12.78217,41.9095],[12.7922,41.90778],[12.79957,41.90311],[12.80957,41.90052],[12.81564,41.90159],[12.81935,41.89833]]]},"properties":{"kind":"road","source":"awmc-roads"}},{"type":"Feature","geometry":{"type":"MultiLineString","coordinates":[[[12.75986,41.94971],[12.78209,41.95585],[12.79327,41.96346]]]},"properties":{"kind":"road","source":"awmc-roads"}},{"type":"Feature","geometry":{"type":"MultiLineString","coordinates":[[[12.77697,41.9424],[12.78256,41.94704],[12.78114,41.94871],[12.78885,41.95383]]]},"properties":{"kind":"road","source":"awmc-roads"}},{"type":"Feature","geometry":{"type":"MultiLineString","coordinates":[[[12.75615,41.92325],[12.7596,41.92539],[12.77828,41.91742],[12.79232,41.90945],[12.80981,41.90267],[12.82777,41.89005],[12.85216,41.89065],[12.86204,41.89303],[12.87477,41.90005],[12.88505,41.90025]]]},"properties":{"kind":"road","source":"awmc-roads"}},{"type":"Feature","geometry":{"type":"MultiLineString","coordinates":[[[12.7596,41.92527],[12.76234,41.92729],[12.76662,41.92491],[12.77388,41.92396],[12.7922,41.91528],[12.8035,41.91183],[12.81885,41.91373],[12.83157,41.91813]]]},"properties":{"kind":"road","source":"awmc-roads"}},{"type":"Feature","geometry":{"type":"MultiLineString","coordinates":[[[12.78816,41.92979],[12.7928,41.92432],[12.78754,41.91761],[12.78897,41.91689],[12.78893,41.9119]]]},"properties":{"kind":"road","source":"awmc-roads"}},{"type":"Feature","geometry":{"type":"MultiLineString","coordinates":[[[12.77792,41.92158],[12.78245,41.92515],[12.78292,41.92729],[12.78966,41.92759]]]},"properties":{"kind":"road","source":"awmc-roads"}},{"type":"Feature","geometry":{"type":"MultiLineString","coordinates":[[[12.75603,41.89922],[12.75925,41.89945],[12.77099,41.89525]]]},"properties":{"kind":"road","source":"awmc-roads"}},{"type":"Feature","geometry":{"type":"MultiLineString","coordinates":[[[12.68905,41.87399],[12.70092,41.87726],[12.70698,41.88228],[12.70988,41.88744]]]},"properties":{"kind":"road","source":"awmc-roads"}},{"type":"Feature","geometry":{"type":"MultiLineString","coordinates":[[[12.72332,41.88994],[12.73224,41.86983],[12.73902,41.86079],[12.73938,41.85757],[12.736,41.8495],[12.73926,41.84104],[12.74325,41.83848]]]},"properties":{"kind":"road","source":"awmc-roads"}},{"type":"Feature","geometry":{"type":"MultiLineString","coordinates":[[[13.0171,41.69711],[13.01341,41.69937],[13.01472,41.70425],[13.02768,41.71186],[13.03114,41.72328],[13.03863,41.72971],[13.03827,41.74256],[13.0441,41.74993],[13.04529,41.76183],[13.04993,41.76659],[13.05243,41.77516],[13.0516,41.78598],[13.05981,41.79455],[13.05743,41.8074]]]},"properties":{"kind":"road","source":"awmc-roads"}},{"type":"Feature","geometry":{"type":"MultiLineString","coordinates":[[[13.14654,41.74755],[13.13952,41.75398],[13.11442,41.76302],[13.10692,41.77028],[13.10383,41.77658],[13.09264,41.78896],[13.08562,41.79122],[13.08003,41.79538],[13.07408,41.80323],[13.06469,41.80728],[13.04958,41.80823],[13.04672,41.81335],[13.04969,41.82001],[13.05422,41.82417],[13.05636,41.82869],[13.05695,41.83726],[13.05148,41.84142],[13.04696,41.84249],[13.03958,41.84987],[13.03732,41.85868],[13.03185,41.86391],[13.03209,41.87914],[13.02352,41.8877],[13.02281,41.89151],[13.01603,41.89806],[13.01305,41.90377],[13.01531,41.91019],[13.0209,41.91495],[13.02043,41.91721],[13.01448,41.91983],[13.01365,41.92221],[13.00829,41.92328],[13.00425,41.93006],[12.99866,41.93351],[12.98581,41.93819]]]},"properties":{"kind":"road","source":"awmc-roads"}},{"type":"Feature","geometry":{"type":"MultiLineString","coordinates":[[[12.98569,41.93815],[12.97047,41.94496],[12.96296,41.95814],[12.9494,41.97551],[12.94797,41.97955],[12.94191,41.98645],[12.93703,41.9874]]]},"properties":{"kind":"road","source":"awmc-roads"}},{"type":"Feature","geometry":{"type":"MultiLineString","coordinates":[[[12.96225,41.914],[12.96118,41.91673],[12.94952,41.92673],[12.94845,41.94029],[12.94209,41.95043]]]},"properties":{"kind":"road","source":"awmc-roads"}},{"type":"Feature","geometry":{"type":"MultiLineString","coordinates":[[[12.88432,41.96635],[12.8898,41.96849],[12.89765,41.9673],[12.91127,41.9693],[12.93132,41.96813],[12.93179,41.96278],[12.93953,41.95611],[12.94202,41.95048]]]},"properties":{"kind":"road","source":"awmc-roads"}},{"type":"Feature","geometry":{"type":"MultiLineString","coordinates":[[[12.93096,41.95433],[12.94607,41.95754],[12.96616,41.95218]]]},"properties":{"kind":"road","source":"awmc-roads"}},{"type":"Feature","geometry":{"type":"MultiLineString","coordinates":[[[12.93727,41.95861],[12.94072,41.96611]]]},"properties":{"kind":"road","source":"awmc-roads"}},{"type":"Feature","geometry":{"type":"MultiLineString","coordinates":[[[12.93167,41.96837],[12.93417,41.96873],[12.93703,41.97229],[12.93798,41.9836],[12.93274,42.00049],[12.92442,42.0162],[12.92493,42.02691]]]},"properties":{"kind":"road","source":"awmc-roads"}},{"type":"Feature","geometry":{"type":"MultiLineString","coordinates":[[[12.93584,41.98919],[12.91478,41.9742],[12.91036,41.96919]]]},"properties":{"kind":"road","source":"awmc-roads"}},{"type":"Feature","geometry":{"type":"MultiLineString","coordinates":[[[12.89027,41.96825],[12.86826,41.98038],[12.85672,41.97301],[12.84518,41.96849],[12.83899,41.96123],[12.82923,41.95696],[12.82759,41.9544]]]},"properties":{"kind":"road","source":"awmc-roads"}},{"type":"Feature","geometry":{"type":"MultiLineString","coordinates":[[[12.7994,41.96256],[12.80772,41.95578],[12.81581,41.95304],[12.84258,41.95625],[12.86519,41.9622],[12.87566,41.96303],[12.88432,41.96635]]]},"properties":{"kind":"road","source":"awmc-roads"}},{"type":"Feature","geometry":{"type":"MultiLineString","coordinates":[[[13.16907,41.8428],[13.15784,41.84166],[13.14014,41.83385],[13.12634,41.83357],[13.12063,41.83043],[13.08684,41.83728],[13.06971,41.83252],[13.05619,41.82586],[13.03753,41.82215],[13.01498,41.82176],[13.00717,41.82348],[12.97557,41.81986],[12.96849,41.82207],[12.94692,41.82053],[12.93998,41.82148],[12.93236,41.81805],[12.92817,41.81977],[12.9237,41.82491],[12.91942,41.82405],[12.9099,41.82767]]]},"properties":{"kind":"road","source":"awmc-roads"}},{"type":"Feature","geometry":{"type":"MultiLineString","coordinates":[[[13.03383,41.65682],[13.04036,41.65915],[13.0482,41.66939],[13.05286,41.67919],[13.05362,41.68748],[13.04582,41.69595],[13.03592,41.70366],[13.02993,41.70584],[13.02626,41.71076],[13.01013,41.72336],[13.00004,41.72755],[12.99994,41.73135],[13.00565,41.73792],[12.99956,41.75496],[12.99928,41.76428],[13.00061,41.76781],[12.99842,41.7738],[13.00042,41.78513],[12.99176,41.79274],[12.98652,41.80017],[12.97348,41.80788],[12.96968,41.81425],[12.97187,41.82022]]]},"properties":{"kind":"road","source":"awmc-roads"}},{"type":"Feature","geometry":{"type":"MultiLineString","coordinates":[[[13.16817,41.76179],[13.15739,41.75629],[13.13607,41.73954],[13.1119,41.72755],[13.09162,41.71355],[13.07306,41.70984],[13.06478,41.70918],[13.027,41.72355],[13.01072,41.72831],[12.99999,41.72954],[12.97827,41.72659],[12.96513,41.71593],[12.94791,41.7126],[12.93639,41.71298],[12.92306,41.71926],[12.91926,41.72279],[12.91336,41.72164]]]},"properties":{"kind":"road","source":"awmc-roads"}},{"type":"Feature","geometry":{"type":"MultiLineString","coordinates":[[[12.90726,41.72954],[12.91374,41.73078],[12.91526,41.73288],[12.91221,41.73878],[12.91326,41.75924],[12.91202,41.76171],[12.91671,41.76877]]]},"properties":{"kind":"road","source":"awmc-roads"}},{"type":"Feature","geometry":{"type":"MultiLineString","coordinates":[[[12.91973,41.64569],[12.92487,41.65093],[12.91745,41.65473],[12.91735,41.66397],[12.91888,41.66682],[12.9342,41.67177],[12.93544,41.67358],[12.9323,41.67862],[12.92392,41.68433],[12.92049,41.689],[12.91954,41.69852],[12.92068,41.70708],[12.91221,41.72174]]]},"properties":{"kind":"road","source":"awmc-roads"}},{"type":"Feature","geometry":{"type":"MultiLineString","coordinates":[[[12.87566,41.70737],[12.89127,41.69718],[12.92094,41.69194]]]},"properties":{"kind":"road","source":"awmc-roads"}},{"type":"Feature","geometry":{"type":"MultiLineString","coordinates":[[[12.88328,41.7383],[12.89422,41.73364],[12.90327,41.72488],[12.90441,41.72155],[12.90717,41.72174],[12.90812,41.72507]]]},"properties":{"kind":"road","source":"awmc-roads"}},{"type":"Feature","geometry":{"type":"MultiLineString","coordinates":[[[12.89261,41.73411],[12.90041,41.7206],[12.90327,41.71079],[12.90707,41.70889]]]},"properties":{"kind":"road","source":"awmc-roads"}},{"type":"Feature","geometry":{"type":"MultiLineString","coordinates":[[[12.91516,41.71641],[12.90917,41.71241],[12.90745,41.70689],[12.92039,41.70303]]]},"properties":{"kind":"road","source":"awmc-roads"}},{"type":"Feature","geometry":{"type":"MultiLineString","coordinates":[[[12.91488,41.72545],[12.9164,41.72831],[12.91669,41.7265],[12.91907,41.72802],[12.92068,41.72707],[12.94924,41.74752]]]},"properties":{"kind":"road","source":"awmc-roads"}},{"type":"Feature","geometry":{"type":"MultiLineString","coordinates":[[[12.97836,41.72678],[12.94108,41.74214],[12.8819,41.74266]]]},"properties":{"kind":"road","source":"awmc-roads"}},{"type":"Feature","geometry":{"type":"MultiLineString","coordinates":[[[12.95507,41.71317],[12.96668,41.70327],[12.99828,41.68814],[13.01304,41.68757],[13.01646,41.68852],[13.02036,41.69261]]]},"properties":{"kind":"road","source":"awmc-roads"}},{"type":"Feature","geometry":{"type":"MultiLineString","coordinates":[[[13.0236,41.69918],[13.02865,41.70013],[13.0328,41.70432]]]},"properties":{"kind":"road","source":"awmc-roads"}},{"type":"Feature","geometry":{"type":"MultiLineString","coordinates":[[[12.92861,41.68138],[12.94651,41.68081],[12.94594,41.68805],[12.95526,41.68976],[12.96297,41.689],[12.98391,41.68253],[12.99768,41.68846]]]},"properties":{"kind":"road","source":"awmc-roads"}},{"type":"Feature","geometry":{"type":"MultiLineString","coordinates":[[[13.15128,41.74149],[13.15033,41.73683],[13.14243,41.7333],[13.13758,41.73286],[13.12834,41.71341],[13.1234,41.70656],[13.10036,41.68543],[13.09589,41.678],[13.08962,41.67291]]]},"properties":{"kind":"road","source":"awmc-roads"}},{"type":"Feature","geometry":{"type":"MultiLineString","coordinates":[[[13.16746,41.68067],[13.14516,41.69303],[13.12397,41.69928],[13.09146,41.71352]]]},"properties":{"kind":"road","source":"awmc-roads"}},{"type":"Feature","geometry":{"type":"MultiLineString","coordinates":[[[12.96262,41.43539],[13.02144,41.47946],[13.04026,41.49656],[13.0458,41.49764],[13.05113,41.50097],[13.05294,41.49964]]]},"properties":{"kind":"road","source":"awmc-roads"}},{"type":"Feature","geometry":{"type":"MultiLineString","coordinates":[[[12.94958,41.50145],[12.9551,41.50449],[12.98679,41.4984],[12.98965,41.49993],[13.0355,41.49222]]]},"properties":{"kind":"road","source":"awmc-roads"}},{"type":"Feature","geometry":{"type":"MultiLineString","coordinates":[[[12.96314,41.43355],[12.94039,41.50332],[12.94166,41.50744]]]},"properties":{"kind":"road","source":"awmc-roads"}},{"type":"Feature","geometry":{"type":"MultiLineString","coordinates":[[[13.16905,41.83106],[13.16286,41.82999],[13.14739,41.83165],[13.1324,41.82285],[13.128,41.81726],[13.12669,41.78621],[13.13014,41.77681],[13.13562,41.7705],[13.13973,41.75379]]]},"properties":{"kind":"road","source":"awmc-roads"}},{"type":"Feature","geometry":{"type":"MultiLineString","coordinates":[[[13.12066,41.83045],[13.14007,41.82752]]]},"properties":{"kind":"road","source":"awmc-roads"}},{"type":"Feature","geometry":{"type":"MultiLineString","coordinates":[[[13.09769,41.92828],[13.09988,41.91315],[13.09816,41.91096],[13.08836,41.90944],[13.09597,41.8884],[13.10958,41.88098],[13.12262,41.86975],[13.12757,41.86899],[13.13804,41.86242],[13.16926,41.85281]]]},"properties":{"kind":"road","source":"awmc-roads"}},{"type":"Feature","geometry":{"type":"MultiLineString","coordinates":[[[13.11282,41.91991],[13.11853,41.91753],[13.12577,41.9181],[13.14604,41.91429],[13.14832,41.90953],[13.15527,41.90668],[13.15641,41.90192],[13.16422,41.89754],[13.16517,41.89592],[13.16298,41.89307],[13.16964,41.88755]]]},"properties":{"kind":"road","source":"awmc-roads"}},{"type":"Feature","geometry":{"type":"MultiLineString","coordinates":[[[13.15594,41.90287],[13.14966,41.89097],[13.14699,41.88888]]]},"properties":{"kind":"road","source":"awmc-roads"}},{"type":"Feature","geometry":{"type":"MultiLineString","coordinates":[[[12.66521,41.45888],[12.66809,41.46398],[12.69355,41.47516],[12.70557,41.48468],[12.71306,41.49527],[12.73055,41.50824],[12.73638,41.49979],[12.74404,41.47923]]]},"properties":{"kind":"road","source":"awmc-roads"}},{"type":"Feature","geometry":{"type":"MultiLineString","coordinates":[[[12.74544,41.48175],[12.74721,41.49741],[12.74673,41.50848]]]},"properties":{"kind":"road","source":"awmc-roads"}},{"type":"Feature","geometry":{"type":"MultiLineString","coordinates":[[[12.757,41.51537],[12.74935,41.51383]]]},"properties":{"kind":"road","source":"awmc-roads"}},{"type":"Feature","geometry":{"type":"MultiLineString","coordinates":[[[12.72578,41.54126],[12.72389,41.52692],[12.72591,41.51799],[12.73055,41.50824],[12.74078,41.51133]]]},"properties":{"kind":"road","source":"awmc-roads"}},{"type":"Feature","geometry":{"type":"MultiLineString","coordinates":[[[12.7246,41.53275],[12.72877,41.52299],[12.73495,41.51764],[12.74316,41.51478]]]},"properties":{"kind":"road","source":"awmc-roads"}},{"type":"Feature","geometry":{"type":"MultiLineString","coordinates":[[[12.64567,41.47179],[12.65628,41.45823]]]},"properties":{"kind":"road","source":"awmc-roads"}},{"type":"Feature","geometry":{"type":"MultiLineString","coordinates":[[[12.6622,41.79467],[12.67957,41.78397]]]},"properties":{"kind":"road","source":"awmc-roads"}},{"type":"Feature","geometry":{"type":"MultiLineString","coordinates":[[[12.67642,41.71835],[12.68647,41.71984],[12.69575,41.73043],[12.70372,41.73426],[12.70717,41.74113],[12.69423,41.74062]]]},"properties":{"kind":"road","source":"awmc-roads"}},{"type":"Feature","geometry":{"type":"MultiLineString","coordinates":[[[12.70746,41.74099],[12.70967,41.74387],[12.70884,41.75125],[12.70717,41.75363],[12.70801,41.75553],[12.71015,41.75458],[12.70813,41.75851],[12.70848,41.76327],[12.70027,41.77278],[12.69789,41.77861],[12.68707,41.78349],[12.67996,41.78455],[12.66696,41.77492]]]},"properties":{"kind":"road","source":"awmc-roads"}},{"type":"Feature","geometry":{"type":"MultiLineString","coordinates":[[[12.68088,41.84939],[12.68992,41.83282],[12.7003,41.82274],[12.70182,41.81512],[12.70639,41.80989],[12.70667,41.80132]]]},"properties":{"kind":"road","source":"awmc-roads"}},{"type":"Feature","geometry":{"type":"MultiLineString","coordinates":[[[12.53194,41.8098],[12.53927,41.78553],[12.55683,41.76538]]]},"properties":{"kind":"road","source":"awmc-roads"}},{"type":"Feature","geometry":{"type":"MultiLineString","coordinates":[[[12.52539,41.7731],[12.53118,41.77858],[12.5417,41.78203]]]},"properties":{"kind":"road","source":"awmc-roads"}},{"type":"Feature","geometry":{"type":"MultiLineString","coordinates":[[[12.5051,41.78724],[12.51776,41.78145]]]},"properties":{"kind":"road","source":"awmc-roads"}},{"type":"Feature","geometry":{"type":"MultiLineString","coordinates":[[[12.41172,41.80016],[12.4477,41.81187],[12.44313,41.81958],[12.44494,41.8251],[12.44384,41.82973]]]},"properties":{"kind":"road","source":"awmc-roads"}},{"type":"Feature","geometry":{"type":"MultiLineString","coordinates":[[[12.44789,41.81206],[12.45599,41.81523],[12.45077,41.82769]]]},"properties":{"kind":"road","source":"awmc-roads"}},{"type":"Feature","geometry":{"type":"MultiLineString","coordinates":[[[12.16425,42.00148],[12.16381,42.01727],[12.15667,42.04268]]]},"properties":{"kind":"road","source":"awmc-roads"}},{"type":"Feature","geometry":{"type":"MultiLineString","coordinates":[[[12.40627,42.0436],[12.4121,42.0248],[12.41055,42.016],[12.42352,42.01076],[12.43601,42.01255],[12.45493,42.0022],[12.4698,41.99684],[12.49088,41.99567]]]},"properties":{"kind":"road","source":"awmc-roads"}},{"type":"Feature","geometry":{"type":"MultiLineString","coordinates":[[[12.48991,42.00601],[12.49467,42.00589],[12.49788,42.00731],[12.49966,42.01029],[12.50549,42.02552],[12.5093,42.04372]]]},"properties":{"kind":"road","source":"awmc-roads"}},{"type":"Feature","geometry":{"type":"MultiLineString","coordinates":[[[12.41194,42.02555],[12.42304,42.02671],[12.4378,42.02278],[12.48018,41.99574]]]},"properties":{"kind":"road","source":"awmc-roads"}},{"type":"Feature","geometry":{"type":"MultiLineString","coordinates":[[[12.44636,42.04372],[12.44993,42.03158],[12.45636,42.02338],[12.4723,42.01088],[12.48407,42.00601]]]},"properties":{"kind":"road","source":"awmc-roads"}},{"type":"Feature","geometry":{"type":"MultiLineString","coordinates":[[[12.46195,42.04336],[12.46314,42.0386],[12.47551,42.01707],[12.4802,42.01408],[12.48443,42.00589],[12.49242,42.00316]]]},"properties":{"kind":"road","source":"awmc-roads"}},{"type":"Feature","geometry":{"type":"MultiLineString","coordinates":[[[12.49576,41.93511],[12.49976,41.93867],[12.50666,41.94055],[12.50622,41.94581],[12.5175,41.9551],[12.52463,41.96847],[12.53574,41.98215]]]},"properties":{"kind":"road","source":"awmc-roads"}},{"type":"Feature","geometry":{"type":"MultiLineString","coordinates":[[[12.4824,41.90802],[12.4923,41.92179],[12.49583,41.93016],[12.49576,41.93511]]]},"properties":{"name":"Via Salaria Vetus","kind":"road","source":"awmc-roads"}},{"type":"Feature","geometry":{"type":"MultiLineString","coordinates":[[[12.498,41.85056],[12.50692,41.84818],[12.51064,41.84862],[12.51616,41.84596]]]},"properties":{"kind":"road","source":"awmc-roads"}},{"type":"Feature","geometry":{"type":"MultiLineString","coordinates":[[[12.50348,41.86649],[12.50592,41.86049],[12.51077,41.85725],[12.51534,41.85078],[12.51616,41.84596],[12.52372,41.84134],[12.53532,41.82275],[12.5444,41.81843],[12.56048,41.80727]]]},"properties":{"name":"delete_name","kind":"road","source":"awmc-roads"}},{"type":"Feature","geometry":{"type":"MultiLineString","coordinates":[[[12.49692,41.89826],[12.5099,41.90416]]]},"properties":{"name":"delete_name","kind":"road","source":"awmc-roads"}}]}