{"type":"FeatureCollection","features":[{"type":"Feature","geometry":{"type":"MultiLineString","coordinates":[[[10.33533,37.18691],[10.32755,37.18481],[10.33234,37.18392],[10.33563,37.18691]]]},"properties":{"kind":"coastline","source":"awmc-shoreline"}},{"type":"Feature","geometry":{"type":"MultiLineString","coordinates":[[[8.87692,37.4999],[8.87063,37.4978],[8.87168,37.4957],[8.87657,37.4964],[8.87832,37.49256],[8.88565,37.49396],[8.87762,37.50024]]]},"properties":{"kind":"coastline","source":"awmc-shoreline"}},{"type":"Feature","geometry":{"type":"MultiLineString","coordinates":[[[8.22512,44.02757],[8.22942,44.02613],[8.22429,44.02449],[8.22512,44.02757]]]},"properties":{"kind":"coastline","source":"awmc-shoreline"}},{"type":"Feature","geometry":{"type":"MultiLineString","coordinates":[[[9.84579,44.04629],[9.83731,44.04793],[9.8343,44.04575],[9.84497,44.03645],[9.85344,44.04274],[9.85043,44.05039],[9.84606,44.04629]]]},"properties":{"kind":"coastline","source":"awmc-shoreline"}},{"type":"Feature","geometry":{"type":"MultiLineString","coordinates":[[[9.8518,44.02797],[9.84852,44.02852],[9.84907,44.02605],[9.8518,44.02852]]]},"properties":{"kind":"coastline","source":"awmc-shoreline"}},{"type":"Feature","geometry":{"type":"MultiLineString","coordinates":[[[10.47131,42.86806],[10.47163,42.862],[10.4761,42.86806],[10.47131,42.8687]]]},"properties":{"kind":"coastline","source":"awmc-shoreline"}},{"type":"Feature","geometry":{"type":"MultiLineString","coordinates":[[[10.5468,42.86168],[10.54552,42.85593],[10.54904,42.85625],[10.55223,42.86008],[10.55031,42.86327],[10.54712,42.86199]]]},"properties":{"kind":"coastline","source":"awmc-shoreline"}},{"type":"Feature","geometry":{"type":"MultiLineString","coordinates":[[[14.16452,40.79874],[14.16093,40.79898],[14.16116,40.79275],[14.16739,40.79491],[14.16452,40.79874]]]},"properties":{"kind":"coastline","source":"awmc-shoreline"}},{"type":"Feature","geometry":{"type":"MultiLineString","coordinates":[[[14.43945,40.72161],[14.4361,40.72161],[14.43538,40.71515],[14.444,40.71778],[14.43921,40.72161]]]},"properties":{"kind":"coastline","source":"awmc-shoreline"}},{"type":"Feature","geometry":{"type":"MultiLineString","coordinates":[[[14.43538,40.58324],[14.43275,40.58157],[14.43514,40.58348]]]},"properties":{"kind":"coastline","source":"awmc-shoreline"}},{"type":"Feature","geometry":{"type":"MultiLineString","coordinates":[[[14.42916,40.58157],[14.42916,40.58133]]]},"properties":{"kind":"coastline","source":"awmc-shoreline"}},{"type":"Feature","geometry":{"type":"MultiLineString","coordinates":[[[14.90039,40.25647],[14.90151,40.25255],[14.89844,40.25283],[14.8962,40.25563],[14.90011,40.25674]]]},"properties":{"kind":"coastline","source":"awmc-shoreline"}},{"type":"Feature","geometry":{"type":"MultiLineString","coordinates":[[[16.18259,41.88964],[16.18594,41.89069],[16.18259,41.88964]]]},"properties":{"kind":"coastline","source":"awmc-shoreline"}},{"type":"Feature","geometry":{"type":"MultiLineString","coordinates":[[[15.89499,41.5659],[15.89751,41.55647],[15.89248,41.55396],[15.89038,41.55878],[15.89164,41.56444],[15.8952,41.56611]]]},"properties":{"kind":"coastline","source":"awmc-shoreline"}},{"type":"Feature","geometry":{"type":"MultiLineString","coordinates":[[[16.28819,41.33503],[16.28547,41.33315],[16.28798,41.33105],[16.28861,41.33524]]]},"properties":{"kind":"coastline","source":"awmc-shoreline"}},{"type":"Feature","geometry":{"type":"MultiLineString","coordinates":[[[17.96766,40.66299],[17.96913,40.65482],[17.96557,40.65943],[17.96766,40.66299]]]},"properties":{"kind":"coastline","source":"awmc-shoreline"}},{"type":"Feature","geometry":{"type":"MultiLineString","coordinates":[[[16.12795,38.7269],[16.12375,38.72334],[16.12564,38.72041],[16.13109,38.72145],[16.13151,38.72502],[16.12816,38.72711]]]},"properties":{"kind":"coastline","source":"awmc-shoreline"}},{"type":"Feature","geometry":{"type":"MultiLineString","coordinates":[[[15.8018,39.70047],[15.80096,39.69775],[15.80326,39.69838],[15.80138,39.70026]]]},"properties":{"kind":"coastline","source":"awmc-shoreline"}},{"type":"Feature","geometry":{"type":"MultiLineString","coordinates":[[[15.77057,39.87628],[15.78105,39.87397],[15.77141,39.87146],[15.77057,39.87648]]]},"properties":{"kind":"coastline","source":"awmc-shoreline"}},{"type":"Feature","geometry":{"type":"MultiLineString","coordinates":[[[15.71536,39.96512],[15.71201,39.96428],[15.71557,39.96198],[15.71536,39.96533]]]},"properties":{"kind":"coastline","source":"awmc-shoreline"}},{"type":"Feature","geometry":{"type":"MultiLineString","coordinates":[[[15.16598,37.5626],[15.16598,37.56239]]]},"properties":{"kind":"coastline","source":"awmc-shoreline"}},{"type":"Feature","geometry":{"type":"MultiLineString","coordinates":[[[15.2829,37.00409],[15.28018,37.0022],[15.28206,37.00052],[15.285,37.00115],[15.2829,37.00409]]]},"properties":{"kind":"coastline","source":"awmc-shoreline"}},{"type":"Feature","geometry":{"type":"MultiLineString","coordinates":[[[15.14471,36.68672],[15.14618,36.68923],[15.15393,36.68839],[15.14995,36.68399],[15.14471,36.68672]]]},"properties":{"kind":"coastline","source":"awmc-shoreline"}},{"type":"Feature","geometry":{"type":"MultiLineString","coordinates":[[[13.93377,37.09238],[13.94027,37.08589],[13.9323,37.0905],[13.93398,37.09238]]]},"properties":{"kind":"coastline","source":"awmc-shoreline"}},{"type":"Feature","geometry":{"type":"MultiLineString","coordinates":[[[13.65865,37.19318],[13.65781,37.19066],[13.66032,37.19192],[13.65844,37.19318]]]},"properties":{"kind":"coastline","source":"awmc-shoreline"}},{"type":"Feature","geometry":{"type":"MultiLineString","coordinates":[[[12.46699,37.87071],[12.46448,37.86484],[12.47139,37.86652],[12.47181,37.86987],[12.46699,37.87092]]]},"properties":{"kind":"coastline","source":"awmc-shoreline"}},{"type":"Feature","geometry":{"type":"MultiLineString","coordinates":[[[12.42634,37.99182],[12.42299,37.98805],[12.42655,37.98721],[12.42571,37.99182]]]},"properties":{"kind":"coastline","source":"awmc-shoreline"}},{"type":"Feature","geometry":{"type":"MultiLineString","coordinates":[[[12.41398,37.99161],[12.41733,37.98868],[12.41398,37.99119]]]},"properties":{"kind":"coastline","source":"awmc-shoreline"}},{"type":"Feature","geometry":{"type":"MultiLineString","coordinates":[[[12.49664,38.01139],[12.48889,38.01537],[12.48742,38.01223],[12.49706,38.01097]]]},"properties":{"kind":"coastline","source":"awmc-shoreline"}},{"type":"Feature","geometry":{"type":"MultiLineString","coordinates":[[[13.23968,38.20902],[13.23601,38.21225],[13.23968,38.20917]]]},"properties":{"kind":"coastline","source":"awmc-shoreline"}},{"type":"Feature","geometry":{"type":"MultiLineString","coordinates":[[[13.2297,38.21534],[13.23586,38.21387],[13.23043,38.21225],[13.22984,38.21534]]]},"properties":{"kind":"coastline","source":"awmc-shoreline"}},{"type":"Feature","geometry":{"type":"MultiLineString","coordinates":[[[13.71222,37.98564],[13.71061,37.98359],[13.71222,37.98564]]]},"properties":{"kind":"coastline","source":"awmc-shoreline"}},{"type":"Feature","geometry":{"type":"MultiLineString","coordinates":[[[15.22517,38.27163],[15.22165,38.26772],[15.22654,38.26772],[15.22517,38.27143]]]},"properties":{"kind":"coastline","source":"awmc-shoreline"}},{"type":"Feature","geometry":{"type":"MultiLineString","coordinates":[[[9.37326,41.56381],[9.37117,41.56224],[9.37352,41.55885],[9.37613,41.55963],[9.37352,41.56355]]]},"properties":{"kind":"coastline","source":"awmc-shoreline"}},{"type":"Feature","geometry":{"type":"MultiLineString","coordinates":[[[9.36335,41.55259],[9.35865,41.54972],[9.36309,41.54842],[9.36309,41.55259]]]},"properties":{"kind":"coastline","source":"awmc-shoreline"}},{"type":"Feature","geometry":{"type":"MultiLineString","coordinates":[[[9.40218,41.29664],[9.39579,41.2939],[9.3999,41.29184],[9.40241,41.29664]]]},"properties":{"kind":"coastline","source":"awmc-shoreline"}},{"type":"Feature","geometry":{"type":"MultiLineString","coordinates":[[[9.40173,41.28705],[9.39899,41.28225],[9.40264,41.2802],[9.4047,41.28385],[9.40173,41.28705]]]},"properties":{"kind":"coastline","source":"awmc-shoreline"}},{"type":"Feature","geometry":{"type":"MultiLineString","coordinates":[[[9.53274,39.0903],[9.5284,39.08916],[9.52635,39.08368],[9.53205,39.08323],[9.53594,39.08528],[9.53205,39.09008]]]},"properties":{"kind":"coastline","source":"awmc-shoreline"}},{"type":"Feature","geometry":{"type":"MultiLineString","coordinates":[[[8.40021,39.33489],[8.39862,39.33284],[8.40181,39.33307],[8.40021,39.33489]]]},"properties":{"kind":"coastline","source":"awmc-shoreline"}},{"type":"Feature","geometry":{"type":"MultiLineString","coordinates":[[[13.72879,45.55043],[13.73079,45.55323],[13.72619,45.55562],[13.719,45.55562],[13.717,45.55263],[13.72879,45.55003]]]},"properties":{"kind":"coastline","source":"awmc-shoreline"}},{"type":"Feature","geometry":{"type":"MultiLineString","coordinates":[[[13.65044,45.54403],[13.63985,45.54443],[13.63945,45.54163],[13.64445,45.53924],[13.65044,45.54383]]]},"properties":{"kind":"coastline","source":"awmc-shoreline"}},{"type":"Feature","geometry":{"type":"MultiLineString","coordinates":[[[13.5788,45.19392],[13.576,45.19312],[13.5808,45.19112],[13.5788,45.19372]]]},"properties":{"kind":"coastline","source":"awmc-shoreline"}},{"type":"Feature","geometry":{"type":"MultiLineString","coordinates":[[[13.58859,45.13968],[13.59778,45.13648],[13.60018,45.13328],[13.59598,45.13168],[13.58839,45.13968]]]},"properties":{"kind":"coastline","source":"awmc-shoreline"}},{"type":"Feature","geometry":{"type":"MultiLineString","coordinates":[[[16.3424,42.37989],[16.3375,42.37896],[16.33773,42.37546],[16.34333,42.37383],[16.3459,42.37709],[16.3424,42.37989]]]},"properties":{"kind":"coastline","source":"awmc-shoreline"}},{"type":"Feature","geometry":{"type":"MultiLineString","coordinates":[[[14.41621,44.99484],[14.39722,45.01856],[14.36522,45.08455],[14.35615,45.11599],[14.36128,45.12462],[14.35941,45.13045],[14.36921,45.14585],[14.36198,45.16194],[14.32953,45.17264],[14.32047,45.17245],[14.30343,45.16381],[14.2913,45.13628],[14.274,45.12178],[14.28181,45.09933],[14.29519,45.09645],[14.30219,45.07744],[14.31289,45.06661],[14.33678,45.06133],[14.35044,45.05178],[14.35833,45.03183],[14.3509,45.00393],[14.35728,44.9965]]]},"properties":{"kind":"coastline","source":"awmc-shoreline"}},{"type":"Feature","geometry":{"type":"MultiLineString","coordinates":[[[14.79862,44.9972],[14.79748,44.99295],[14.80317,44.9962],[14.81298,44.98887],[14.81858,44.98117],[14.81795,44.97073],[14.80556,44.98328],[14.80117,44.98045],[14.80903,44.97239],[14.80937,44.96781],[14.80562,44.96426],[14.75676,44.96885],[14.74743,44.96559],[14.7479,44.95999],[14.76281,44.94481],[14.76213,44.94016],[14.74478,44.93487],[14.72178,44.93736],[14.68681,44.9507],[14.68352,44.96092],[14.67722,44.96489],[14.65412,44.96345],[14.64203,44.96589],[14.62756,44.97664],[14.61764,44.97812],[14.61464,44.98164],[14.61915,44.98796],[14.62626,44.98891],[14.62392,45.01224],[14.6274,45.02066],[14.62672,45.0379],[14.62043,45.03953],[14.609,45.02787],[14.62416,45.02203],[14.62299,45.01504],[14.61973,45.01389],[14.59993,45.01678],[14.58423,45.02414],[14.57873,45.02387],[14.56229,45.01292],[14.52374,45.01564],[14.51231,45.02241],[14.50243,45.02051],[14.49626,45.02526],[14.48823,45.02595],[14.43277,45.06775],[14.42577,45.07988],[14.43907,45.09574],[14.46123,45.09924],[14.46566,45.10344],[14.46301,45.11789],[14.46684,45.12262],[14.48199,45.12723],[14.49295,45.1242],[14.50207,45.11742],[14.50884,45.11698],[14.52386,45.12304],[14.52736,45.14356],[14.52269,45.14753],[14.52432,45.15173],[14.53155,45.15103],[14.53505,45.16036],[14.54345,45.16572],[14.53645,45.17855],[14.53295,45.19395],[14.53332,45.2017],[14.53965,45.20492],[14.53972,45.2099],[14.52782,45.22366],[14.52922,45.22669],[14.53482,45.22506],[14.54718,45.2099],[14.55068,45.21853],[14.54952,45.22646],[14.53832,45.23323],[14.54019,45.23626],[14.54788,45.23649],[14.55815,45.24419],[14.56444,45.24349],[14.57004,45.23836],[14.57937,45.24139],[14.58894,45.23742],[14.5978,45.22809],[14.58544,45.23113],[14.58264,45.22879],[14.60713,45.2029],[14.63034,45.16656],[14.61424,45.16889],[14.60561,45.16586],[14.5979,45.15273],[14.60725,45.15093],[14.61588,45.157],[14.6392,45.1598],[14.64947,45.1577],[14.65059,45.15267],[14.66649,45.14781],[14.66953,45.15411],[14.67209,45.15341],[14.67946,45.13342],[14.66113,45.11795],[14.66556,45.11189],[14.66359,45.09703],[14.67701,45.0792],[14.70008,45.06607],[14.70895,45.06631],[14.71828,45.0726],[14.72667,45.06491],[14.73647,45.07051],[14.73974,45.06584],[14.73717,45.05931],[14.74534,45.05203],[14.74315,45.04292],[14.74584,45.03459],[14.77263,45.01056],[14.79732,45.00242],[14.79971,44.99937],[14.79682,44.9962]]]},"properties":{"kind":"coastline","source":"awmc-shoreline"}},{"type":"Feature","geometry":{"type":"MultiLineString","coordinates":[[[13.55361,45.72814],[13.55436,45.73019],[13.52569,45.73861],[13.52383,45.74117],[13.52797,45.74633],[13.51425,45.74594],[13.52261,45.73569],[13.55361,45.72814]]]},"properties":{"kind":"coastline","source":"awmc-shoreline"}},{"type":"Feature","geometry":{"type":"MultiLineString","coordinates":[[[13.72108,45.59447],[13.72011,45.60728],[13.72728,45.60733],[13.73367,45.61156],[13.77286,45.60579],[13.78705,45.60039],[13.79231,45.60534],[13.80475,45.60664],[13.80425,45.60964],[13.80894,45.61295],[13.78625,45.61464],[13.783,45.62158],[13.77914,45.62258],[13.77892,45.63175],[13.75203,45.63492],[13.74981,45.6405],[13.74517,45.64172],[13.75408,45.65089],[13.76194,45.65164],[13.76314,45.65619],[13.76247,45.66306],[13.75864,45.66453],[13.75589,45.67536],[13.74758,45.68586],[13.72706,45.70031],[13.71472,45.7015],[13.70833,45.71128],[13.67311,45.73956],[13.64597,45.75322],[13.62836,45.76758],[13.594,45.77317],[13.58133,45.78239],[13.56286,45.78575],[13.55756,45.78381],[13.54803,45.79731],[13.53514,45.78636],[13.54653,45.78567],[13.54644,45.78361],[13.52564,45.77056],[13.52319,45.75206],[13.51308,45.75206],[13.5015,45.76328],[13.49189,45.76761],[13.4605,45.77447],[13.45067,45.78153],[13.44797,45.77953],[13.45781,45.77222],[13.49303,45.76417],[13.5,45.75919],[13.51392,45.74081],[13.51381,45.73853],[13.50267,45.73764],[13.50356,45.73555],[13.55172,45.72511],[13.53639,45.72475],[13.52361,45.71611],[13.47786,45.69853],[13.47446,45.69913],[13.47486,45.70452],[13.47067,45.70472],[13.46367,45.69593],[13.43261,45.68017],[13.39032,45.674],[13.36639,45.67953],[13.32697,45.69693],[13.25252,45.71052],[13.21854,45.71372],[13.18458,45.709],[13.15409,45.69669],[13.14889,45.68913],[13.11071,45.66515],[13.10112,45.64676]]]},"properties":{"kind":"coastline","source":"awmc-shoreline"}},{"type":"Feature","geometry":{"type":"MultiLineString","coordinates":[[[12.20434,45.27425],[12.21633,45.27305],[12.21973,45.26865],[12.20574,45.26905],[12.20434,45.27425]],[[12.53231,45.54694],[12.53147,45.55222],[12.52544,45.55756],[12.52247,45.55669],[12.52044,45.55281],[12.53231,45.54694]],[[12.54947,45.54419],[12.54622,45.54422],[12.54844,45.5545],[12.56039,45.55091],[12.54947,45.54419]],[[12.55817,45.52875],[12.55722,45.54181],[12.54208,45.53514],[12.53922,45.53722],[12.54125,45.54042],[12.53608,45.54253],[12.53258,45.53253],[12.54039,45.5322],[12.54289,45.52895],[12.54819,45.53253],[12.55817,45.52875]],[[12.49692,45.5443],[12.48775,45.54639],[12.48608,45.54481],[12.4905,45.53903],[12.47731,45.53164],[12.4775,45.52661],[12.46925,45.52189],[12.4795,45.51583],[12.481,45.52336],[12.48739,45.5315],[12.49628,45.53689],[12.49692,45.5443]],[[12.49461,45.48311],[12.51939,45.48761],[12.52339,45.49097],[12.50719,45.49281],[12.50703,45.49875],[12.50383,45.5013],[12.49053,45.50195],[12.48689,45.49925],[12.48503,45.49011],[12.49461,45.48311]],[[12.45511,45.47517],[12.47606,45.48153],[12.47911,45.48745],[12.47731,45.49272],[12.48556,45.49833],[12.48139,45.50045],[12.46894,45.49672],[12.46697,45.49469],[12.47461,45.48889],[12.46567,45.48145],[12.46119,45.48492],[12.46261,45.48972],[12.45781,45.49183],[12.45436,45.48409],[12.44772,45.47892],[12.45511,45.47517]],[[12.34778,45.45314],[12.36056,45.458],[12.34667,45.46206],[12.34778,45.45314]],[[12.39703,45.46283],[12.39819,45.45755],[12.40597,45.457],[12.42319,45.47097],[12.42908,45.47319],[12.43061,45.46928],[12.41892,45.45547],[12.39661,45.44545],[12.38542,45.45336],[12.39703,45.46283]],[[12.37528,45.43539],[12.37342,45.43953],[12.38464,45.44672],[12.38553,45.44328],[12.37528,45.43539]],[[12.32475,45.42547],[12.33481,45.42489],[12.34464,45.42958],[12.34653,45.42706],[12.33472,45.42125],[12.32436,45.42297],[12.32475,45.42547]],[[12.24261,45.39136],[12.24653,45.39294],[12.24369,45.39639],[12.2295,45.39997],[12.22717,45.39725],[12.23033,45.39355],[12.24261,45.39136]],[[12.24181,45.38661],[12.23694,45.38433],[12.24233,45.37878],[12.23742,45.37634],[12.23006,45.38031],[12.23381,45.38964],[12.24181,45.38661]],[[12.21064,45.38369],[12.21014,45.37886],[12.2165,45.37511],[12.21539,45.37908],[12.22033,45.38414],[12.21064,45.38369]],[[12.20461,45.36503],[12.20908,45.36753],[12.21083,45.37347],[12.20853,45.37831],[12.19469,45.37309],[12.20461,45.36503]],[[12.24711,45.37019],[12.24344,45.3737],[12.2405,45.37189],[12.24581,45.36369],[12.25558,45.36236],[12.25681,45.365],[12.24731,45.36672],[12.24711,45.37019]],[[12.22961,45.36672],[12.23606,45.36664],[12.24061,45.35439],[12.23028,45.36047],[12.22961,45.36672]],[[12.21439,45.37003],[12.22003,45.37053],[12.22553,45.36364],[12.22881,45.34886],[12.22203,45.35205],[12.22303,45.36055],[12.2115,45.36722],[12.21439,45.37003]],[[12.40369,45.42981],[12.39667,45.43422],[12.38886,45.43317],[12.38044,45.42286],[12.36664,45.41308],[12.34433,45.38725],[12.32914,45.3602],[12.31561,45.35006],[12.3125,45.34047],[12.32614,45.34192],[12.35158,45.37892],[12.35978,45.39645],[12.39197,45.42764],[12.40369,45.42981]],[[12.19903,45.34917],[12.19339,45.34233],[12.19586,45.33661],[12.20183,45.34608],[12.20222,45.34975],[12.19903,45.34917]],[[12.20569,45.34145],[12.20397,45.3375],[12.20997,45.33517],[12.21264,45.3283],[12.22728,45.33439],[12.21003,45.33772],[12.20569,45.34145]],[[12.21644,45.31919],[12.20964,45.32011],[12.21717,45.31492],[12.22928,45.31733],[12.22617,45.32106],[12.23317,45.32895],[12.22517,45.33017],[12.21644,45.31919]],[[12.20703,45.33322],[12.20214,45.33369],[12.19333,45.32647],[12.19503,45.31264],[12.20672,45.31961],[12.19811,45.32133],[12.19761,45.325],[12.20703,45.33322]],[[12.2025,45.30091],[12.21758,45.30947],[12.21469,45.31133],[12.20164,45.30458],[12.2025,45.30091]],[[12.19183,45.3008],[12.18753,45.31208],[12.18069,45.31078],[12.18603,45.30156],[12.19183,45.3008]],[[12.22558,45.30525],[12.21192,45.30106],[12.20989,45.29764],[12.21956,45.29594],[12.22747,45.30294],[12.22558,45.30525]],[[12.18858,45.28392],[12.19153,45.28525],[12.19161,45.29005],[12.19911,45.29272],[12.19722,45.29528],[12.18611,45.29081],[12.18858,45.28392]],[[12.23267,45.28892],[12.21928,45.28425],[12.23419,45.28522],[12.23664,45.28689],[12.23267,45.28892]],[[12.21247,45.28136],[12.21364,45.29053],[12.20364,45.29222],[12.20542,45.28489],[12.21247,45.28136]],[[12.32381,45.33492],[12.33122,45.33308],[12.31439,45.29422],[12.31139,45.27547],[12.30417,45.25655],[12.30597,45.25058],[12.29764,45.23969],[12.28992,45.2407],[12.30003,45.26003],[12.30461,45.29203],[12.32381,45.33492]],[[12.24271,45.06536],[12.26204,45.11029]],[[12.26501,45.11684],[12.28399,45.15328],[12.29044,45.17771]],[[12.24322,45.05787],[12.22763,45.03001],[12.21181,44.9792],[12.20764,44.96186],[12.21782,44.93372],[12.21113,44.93292]],[[12.18652,44.89538],[12.18025,44.86974]],[[12.21379,44.927],[12.19637,44.91357],[12.18652,44.89538],[12.18025,44.86974],[12.15343,44.81694],[12.1363,44.74737],[12.14228,44.72602],[12.15164,44.713],[12.18086,44.70225],[12.22543,44.69804],[12.23862,44.69085],[12.24441,44.67846],[12.24541,44.66606],[12.23842,44.62209],[12.23262,44.6211],[12.23502,44.63848],[12.23078,44.63399],[12.22169,44.63235],[12.21035,44.63812],[12.20684,44.64683],[12.19537,44.64949],[12.1706,44.64267],[12.11168,44.65128],[12.10593,44.60541],[12.11149,44.58413],[12.14007,44.55961],[12.15448,44.55446],[12.17586,44.55786],[12.18885,44.55646],[12.18765,44.56665],[12.19385,44.58284],[12.21484,44.60882],[12.22743,44.61662],[12.23142,44.61342],[12.20844,44.59483],[12.19765,44.58024],[12.19205,44.56525],[12.20979,44.456],[12.23402,44.40496],[12.22522,44.40515],[12.20641,44.4182],[12.20422,44.40814],[12.19398,44.41594],[12.17291,44.41766],[12.11726,44.39234],[12.1006,44.37249],[12.11373,44.35904],[12.12875,44.35601],[12.14973,44.35963],[12.17088,44.36733],[12.18653,44.37921],[12.19307,44.39944],[12.19692,44.40072],[12.20609,44.39372],[12.20746,44.38147],[12.21296,44.37727],[12.22277,44.3852],[12.22152,44.40017],[12.22726,44.4014],[12.23649,44.39577],[12.24329,44.37795],[12.28659,44.32944],[12.31964,44.30694]],[[12.8812,45.60157],[12.84524,45.58554],[12.82231,45.58523],[12.81102,45.57608],[12.76001,45.55476],[12.74087,45.5496],[12.73575,45.55447],[12.73529,45.54596],[12.71745,45.53982],[12.6944,45.53664],[12.5294,45.4945],[12.51764,45.50142],[12.52425,45.51181],[12.53217,45.51628],[12.52739,45.52022],[12.54153,45.52622],[12.54533,45.52319],[12.54386,45.51611],[12.56053,45.52],[12.58464,45.53386],[12.58906,45.54136],[12.58692,45.54597],[12.57428,45.54797],[12.56631,45.55359],[12.55411,45.57183],[12.53194,45.57053],[12.53675,45.56747],[12.52586,45.56122],[12.51097,45.56461],[12.50636,45.56192],[12.51536,45.55814],[12.51356,45.55086],[12.51997,45.54778],[12.51625,45.54233],[12.51364,45.54192],[12.50928,45.54906],[12.49781,45.54578],[12.49533,45.54995],[12.4885,45.55003],[12.48058,45.54578],[12.46489,45.55514],[12.45925,45.55086],[12.46078,45.5472],[12.44681,45.53408],[12.44269,45.52497],[12.44253,45.51833],[12.44814,45.50889],[12.44219,45.50461],[12.43308,45.51778],[12.42789,45.51739],[12.42633,45.52106],[12.43003,45.52583],[12.43917,45.52778],[12.43694,45.52917],[12.4275,45.52839],[12.41119,45.51233],[12.40767,45.51467],[12.40844,45.51992],[12.41344,45.52559],[12.40094,45.53283],[12.39411,45.51872],[12.38733,45.52017],[12.37875,45.51478],[12.37831,45.50975],[12.38342,45.50672],[12.39164,45.51006],[12.40356,45.50555],[12.41111,45.50936],[12.41594,45.50814],[12.41783,45.50561],[12.41156,45.50064],[12.41719,45.49189],[12.43069,45.49928],[12.43281,45.49283],[12.43992,45.49114],[12.44272,45.48653],[12.44019,45.4815],[12.44564,45.47345],[12.44014,45.47397],[12.43647,45.48364],[12.43061,45.48233],[12.42681,45.48628],[12.42289,45.48586],[12.41856,45.48111],[12.40956,45.48511],[12.40467,45.48381],[12.39383,45.49264],[12.38631,45.49089],[12.38317,45.4955],[12.40686,45.49475],[12.40014,45.49894],[12.39928,45.504],[12.37233,45.50455],[12.35978,45.50997],[12.35319,45.50594],[12.34733,45.49136],[12.33944,45.48734],[12.33014,45.49247],[12.32739,45.48542],[12.32083,45.4825],[12.31797,45.48528],[12.314,45.48236],[12.30981,45.48355],[12.29631,45.47433],[12.28986,45.47644],[12.28689,45.47419],[12.28878,45.47189],[12.28417,45.46828],[12.28572,45.46528],[12.31942,45.4475],[12.33044,45.44783],[12.33464,45.4435],[12.34369,45.44469],[12.35358,45.4375],[12.36039,45.43672],[12.36436,45.42591],[12.35881,45.4253],[12.35569,45.43083],[12.34861,45.43342],[12.32514,45.42867],[12.30997,45.43158],[12.30719,45.43825],[12.3115,45.44164],[12.27981,45.46261],[12.27553,45.45922],[12.27372,45.451],[12.26144,45.45411],[12.25939,45.44933],[12.26561,45.43644],[12.25808,45.41845],[12.23728,45.41525],[12.23114,45.41692],[12.22522,45.41353],[12.21231,45.41572],[12.20703,45.41211],[12.20569,45.40986],[12.21042,45.40247],[12.20661,45.39153],[12.20917,45.38447],[12.18414,45.38605],[12.17936,45.39022],[12.17536,45.385],[12.191,45.37339],[12.18219,45.36958],[12.16633,45.37111],[12.16325,45.37847],[12.15114,45.39003],[12.14619,45.38553],[12.15022,45.37656],[12.15769,45.37519],[12.14783,45.36925],[12.15817,45.368],[12.15939,45.36411],[12.16519,45.36219],[12.17039,45.36653],[12.16739,45.35831],[12.17275,45.35092],[12.15331,45.34061],[12.17061,45.33986],[12.14944,45.33536],[12.14511,45.32944],[12.15606,45.32181],[12.16825,45.32001],[12.17564,45.32141],[12.17504,45.32901],[12.17944,45.32261],[12.18583,45.32381],[12.18164,45.31961],[12.18504,45.31562],[12.17673,45.31709],[12.18004,45.31422],[12.17497,45.31368],[12.17544,45.30842],[12.16885,45.30922],[12.17025,45.31322],[12.16125,45.31302],[12.15666,45.30682],[12.15626,45.28684],[12.16025,45.28564],[12.15526,45.28344],[12.15326,45.27425],[12.15466,45.26845],[12.16045,45.26905],[12.16345,45.26605],[12.15685,45.25826],[12.16845,45.25926],[12.16885,45.25566],[12.17584,45.25186],[12.20214,45.26325],[12.21873,45.26365],[12.21893,45.25426],[12.23512,45.24187],[12.22913,45.23807],[12.21793,45.24167],[12.21214,45.23767],[12.21014,45.22668],[12.21134,45.22348],[12.22773,45.22428],[12.22573,45.22008],[12.21653,45.21788],[12.22746,45.21714],[12.22093,45.20969],[12.22873,45.21049],[12.23072,45.20749],[12.22233,45.1981],[12.23652,45.1947],[12.24356,45.189],[12.27389,45.18683],[12.27561,45.19164],[12.27225,45.20061],[12.2605,45.20989],[12.2623,45.21209],[12.2711,45.20809],[12.27629,45.22288],[12.28089,45.22408],[12.28489,45.22248],[12.28044,45.20844],[12.28349,45.20349],[12.29508,45.22608],[12.28954,45.23138],[12.30367,45.22848],[12.29341,45.18426]]]},"properties":{"kind":"coastline","source":"awmc-shoreline"}},{"type":"Feature","geometry":{"type":"MultiLineString","coordinates":[[[13.72108,45.59447],[13.71869,45.59083],[13.70428,45.59553],[13.70433,45.58978],[13.72547,45.58267],[13.73397,45.57606],[13.74369,45.57558],[13.75108,45.56672],[13.74775,45.55786],[13.75933,45.55505],[13.75956,45.54614],[13.71886,45.54525],[13.70408,45.54928],[13.66178,45.54178],[13.63669,45.5332],[13.60867,45.53808],[13.60288,45.53388],[13.60228,45.52728],[13.58289,45.52648],[13.5665,45.53088],[13.5673,45.51829],[13.5711,45.51549],[13.59481,45.51308],[13.59617,45.50664],[13.59019,45.49669],[13.59036,45.48569]]]},"properties":{"kind":"coastline","source":"awmc-shoreline"}},{"type":"Feature","geometry":{"type":"MultiLineString","coordinates":[[[13.59036,45.48569],[13.58725,45.48141],[13.58233,45.48083],[13.51,45.50603],[13.49665,45.49171],[13.49225,45.49091],[13.49105,45.48431],[13.50964,45.47404],[13.51304,45.46245],[13.50944,45.46025],[13.51503,45.4567],[13.51384,45.45106],[13.51744,45.44866],[13.51225,45.44483],[13.52467,45.4393],[13.52103,45.43407],[13.52461,45.42281],[13.51586,45.41522],[13.53339,45.40064],[13.53444,45.39489],[13.54083,45.39247],[13.53942,45.38902],[13.53319,45.38828],[13.53989,45.37853],[13.53593,45.37523],[13.54544,45.37175],[13.54694,45.36919],[13.54152,45.36944],[13.54112,45.36584],[13.54412,45.36104],[13.55325,45.35761],[13.53912,45.34905],[13.54452,45.34106],[13.54172,45.33817],[13.54475,45.33353],[13.53832,45.33007],[13.54314,45.326],[13.55153,45.32514],[13.55714,45.32045],[13.55942,45.31306],[13.60164,45.31533],[13.60908,45.31324],[13.59169,45.30664],[13.58597,45.29828],[13.57314,45.30083],[13.5693,45.29733],[13.58529,45.28594],[13.59678,45.28633],[13.60136,45.27961],[13.59606,45.27719],[13.58617,45.28064],[13.58153,45.27089],[13.57456,45.26669],[13.5805,45.26519],[13.5811,45.26059],[13.5759,45.2566],[13.58609,45.254],[13.59329,45.256],[13.59509,45.2532],[13.59149,45.2506],[13.59694,45.2458],[13.59453,45.24267],[13.59783,45.23639],[13.59203,45.22967],[13.59353,45.21955],[13.58822,45.21669],[13.58833,45.21167],[13.59458,45.20716],[13.58669,45.20615],[13.58529,45.20075],[13.5789,45.19876],[13.60198,45.17873],[13.58859,45.17633],[13.60342,45.16553],[13.60042,45.15164],[13.59059,45.15147],[13.59139,45.14927],[13.59758,45.14667],[13.59778,45.14108],[13.61267,45.13208],[13.62367,45.13888],[13.68194,45.13739],[13.71161,45.14086],[13.72811,45.13945],[13.73572,45.13314],[13.70278,45.137],[13.67714,45.13131],[13.62842,45.13219],[13.62022,45.1292],[13.62292,45.12453],[13.62017,45.12094],[13.61572,45.12264],[13.61267,45.11861],[13.60731,45.12214],[13.60348,45.12021],[13.61094,45.10922],[13.61978,45.10469],[13.62983,45.10583],[13.63211,45.09867],[13.63858,45.09945],[13.641,45.0955],[13.63056,45.08589],[13.63397,45.08261],[13.62566,45.07064],[13.62866,45.06545],[13.65285,45.06665],[13.66533,45.06311],[13.67293,45.05541],[13.68832,45.05581],[13.68312,45.05162],[13.68128,45.04464],[13.69012,45.03803],[13.69233,45.02514],[13.71011,45.02504],[13.7145,45.02004],[13.71011,45.01644],[13.7133,45.01105],[13.73,45.0]]]},"properties":{"kind":"coastline","source":"awmc-shoreline"}},{"type":"Feature","geometry":{"type":"MultiLineString","coordinates":[[[14.05037,44.99797],[14.04717,45.00217],[14.04138,45.00317],[14.04757,45.01256],[14.03638,45.03583],[14.04498,45.03623],[14.04837,45.03983],[14.05317,45.02224],[14.05937,45.01664],[14.05417,45.00465],[14.05817,45.00165],[14.06716,45.00165],[14.08192,45.00964],[14.084,45.00636],[14.07864,45.0]]]},"properties":{"kind":"coastline","source":"awmc-shoreline"}},{"type":"Feature","geometry":{"type":"MultiLineString","coordinates":[[[14.1705,45.0],[14.16709,45.0204],[14.16289,45.0208],[14.1585,45.02899],[14.1615,45.03399],[14.14531,45.05158],[14.1483,45.05218],[14.1603,45.04278],[14.16329,45.04498],[14.1575,45.05178],[14.1607,45.05957],[14.1537,45.06976],[14.1569,45.07776],[14.16349,45.07376],[14.17629,45.08],[14.19207,45.09499],[14.19887,45.10758],[14.20007,45.11557],[14.19167,45.11957],[14.19187,45.12257],[14.20686,45.11677],[14.21886,45.1364],[14.22505,45.1388],[14.23045,45.15878],[14.23644,45.16798],[14.23624,45.17497],[14.24404,45.18457],[14.24364,45.20255],[14.28019,45.29989],[14.28875,45.31406],[14.29956,45.32156],[14.30444,45.33356],[14.33156,45.35431],[14.36583,45.34142],[14.41589,45.33236],[14.42053,45.3288],[14.44017,45.32639],[14.47647,45.31544],[14.48239,45.31686],[14.48175,45.31186],[14.49025,45.30219],[14.50647,45.29164],[14.53022,45.28244],[14.54681,45.27825],[14.55403,45.27964],[14.55882,45.2847],[14.53704,45.30588],[14.57014,45.289],[14.57475,45.28497],[14.56702,45.2825],[14.56122,45.27203],[14.56442,45.26323],[14.57581,45.25584],[14.57401,45.24984],[14.57661,45.24744],[14.58181,45.24904],[14.61029,45.23345],[14.61544,45.22025],[14.64569,45.20692],[14.67456,45.18744],[14.69156,45.16972],[14.70922,45.16538],[14.71861,45.15758],[14.71941,45.15299],[14.7404,45.1392],[14.76038,45.1322],[14.78776,45.1286],[14.79136,45.12421],[14.80705,45.12173],[14.82244,45.11473],[14.83123,45.11593],[14.83843,45.11114],[14.84383,45.11314],[14.84283,45.09615],[14.84682,45.08855],[14.85402,45.08495],[14.85682,45.07308],[14.8768,45.0455],[14.89019,45.01113],[14.90019,45.00333],[14.89959,44.99554]]]},"properties":{"kind":"coastline","source":"awmc-shoreline"}},{"type":"Feature","geometry":{"type":"MultiLineString","coordinates":[[[15.0028,44.48042],[14.96989,44.50958],[14.94658,44.51978],[14.94325,44.527],[14.93314,44.53378],[14.91547,44.53758],[14.91378,44.54108],[14.91703,44.5467],[14.94064,44.54086],[14.96667,44.52322],[14.97813,44.52198],[15.00919,44.50889],[15.00925,44.50522],[15.00464,44.50331],[15.00819,44.49883],[15.01939,44.49456],[15.02571,44.49819],[15.04087,44.49329],[15.0481,44.49445],[15.0537,44.48466],[15.0705,44.47579],[15.07726,44.47603],[15.07703,44.47906],[15.05953,44.50052],[15.0544,44.50192],[15.05207,44.51171],[15.04367,44.51475],[15.04297,44.51965],[15.02639,44.52203],[14.98639,44.53606],[14.98458,44.54275],[14.9667,44.55636],[14.95993,44.57549],[14.95428,44.58208],[14.94875,44.58114],[14.93556,44.58939],[14.93189,44.59683],[14.92397,44.5985],[14.92044,44.6032],[14.91328,44.60114],[14.9085,44.60488],[14.91013,44.61188],[14.9078,44.61327],[14.9043,44.61048],[14.88572,44.61081],[14.87141,44.60674],[14.88711,44.57822],[14.88681,44.57269],[14.88237,44.57525],[14.86161,44.59503],[14.84278,44.60561],[14.84164,44.61275],[14.83619,44.61728],[14.80456,44.63875],[14.78986,44.65939],[14.75606,44.68974],[14.73344,44.70397],[14.73897,44.68559],[14.76283,44.65661],[14.77076,44.65358],[14.77864,44.63914],[14.81131,44.614],[14.81439,44.607],[14.83275,44.59381],[14.83666,44.58524],[14.86336,44.57236],[14.86275,44.56781],[14.87717,44.55836],[14.88042,44.55414],[14.87206,44.5535],[14.87118,44.55076],[14.88331,44.53257],[14.89147,44.53233],[14.9043,44.52394],[14.91946,44.50154],[14.91643,44.49805],[14.90381,44.4965],[14.89972,44.4925],[14.90358,44.48825],[14.93475,44.46656],[14.95894,44.46503],[14.96906,44.45872],[14.97667,44.458],[15.02402,44.4237],[15.03854,44.40526],[15.03508,44.39834],[15.04297,44.39103],[15.0663,44.38916],[15.06888,44.39781],[15.07372,44.39878],[15.11481,44.37796],[15.11505,44.37377],[15.11038,44.37003],[15.09411,44.37009],[15.09124,44.36562],[15.09086,44.35531],[15.10478,44.34344],[15.10362,44.33901],[15.09545,44.34064],[15.09429,44.33714],[15.10694,44.32056],[15.12199,44.31681],[15.15715,44.29404],[15.17494,44.29012],[15.17794,44.29642],[15.15783,44.3052],[15.13338,44.3249],[15.13261,44.33201],[15.14991,44.32865],[15.17366,44.31745],[15.18955,44.31687],[15.21243,44.3099],[15.21238,44.31948],[15.23094,44.31626],[15.23273,44.32063],[15.19855,44.34934],[15.20274,44.35009],[15.22413,44.33715],[15.25302,44.32623],[15.25544,44.33781],[15.23086,44.35981],[15.20058,44.37815],[15.18483,44.37665],[15.17524,44.38984],[15.16938,44.39303],[15.16738,44.40067],[15.15113,44.40562],[15.14136,44.41217],[15.1398,44.41703],[15.12433,44.42906],[15.1168,44.44012],[15.06647,44.46531],[15.05599,44.47576],[15.0432,44.4771],[15.0474,44.46147],[15.053,44.45331],[15.05207,44.44421],[15.04764,44.44048],[15.0028,44.48042]]]},"properties":{"kind":"coastline","source":"awmc-shoreline"}},{"type":"Feature","geometry":{"type":"MultiLineString","coordinates":[[[10.02478,44.04215],[10.0,44.05328],[9.98999,44.04834],[9.97658,44.05855],[9.9769,44.07898],[9.96924,44.08058],[9.97403,44.07547],[9.97084,44.06238],[9.98711,44.04483],[9.97882,44.03557],[9.96254,44.03812],[9.94147,44.0544],[9.93126,44.05727],[9.91466,44.0694],[9.90891,44.0694],[9.90987,44.07802],[9.90732,44.08153],[9.90157,44.08377],[9.89232,44.08185],[9.8687,44.08855],[9.85593,44.10739],[9.84891,44.11026],[9.84603,44.10739],[9.83806,44.11122],[9.83019,44.10836],[9.82625,44.10228],[9.82593,44.08664],[9.83103,44.0793],[9.82976,44.07579],[9.84093,44.07419],[9.83582,44.06749],[9.84923,44.06845],[9.84827,44.06557],[9.8537,44.06047],[9.84032,44.05723],[9.83403,44.0493],[9.83047,44.05039],[9.81734,44.06106],[9.79601,44.06598],[9.7755,44.07583],[9.77331,44.0802],[9.76155,44.08349],[9.758,44.09032],[9.73967,44.09224],[9.72313,44.11494],[9.71629,44.11877],[9.70726,44.11877],[9.70344,44.12478],[9.67609,44.13873],[9.65448,44.14557],[9.64409,44.14502],[9.63944,44.136],[9.6337,44.13463],[9.60621,44.15919],[9.60949,44.16849],[9.58433,44.1756],[9.58324,44.18271],[9.57367,44.18052],[9.56683,44.18326],[9.56874,44.18845],[9.56628,44.19365],[9.5496,44.20623],[9.52745,44.2076],[9.50215,44.22346],[9.49695,44.22865],[9.49668,44.23604],[9.48027,44.24151],[9.47152,44.2344],[9.4521,44.24069],[9.44444,44.2385],[9.43268,44.25409],[9.42202,44.25928],[9.40369,44.25299],[9.39877,44.26421],[9.39084,44.26995],[9.39385,44.27651],[9.37103,44.29389],[9.35077,44.30485],[9.32547,44.31158],[9.30824,44.32142],[9.24972,44.34029],[9.23714,44.34795],[9.23283,44.34867],[9.21511,44.33397],[9.21569,44.32597],[9.21064,44.31353],[9.21211,44.30228],[9.20911,44.30036],[9.1916,44.30911],[9.17738,44.31048],[9.17601,44.31623],[9.16726,44.31431],[9.16453,44.31759],[9.1566,44.31513],[9.15167,44.31787],[9.14784,44.32388],[9.15495,44.33537],[9.15495,44.3474],[9.15178,44.35244],[9.14036,44.36097],[9.13336,44.36042],[9.10053,44.37251],[8.93672,44.39742],[8.91962,44.41375],[8.91278,44.41457],[8.90895,44.41102],[8.89747,44.4091],[8.853,44.41972],[8.81325,44.42495],[8.74103,44.4277],[8.72517,44.41731],[8.71341,44.41621],[8.69071,44.40801],[8.68538,44.39652],[8.6769,44.39242],[8.65721,44.39187],[8.64089,44.38737],[8.61482,44.36726],[8.56696,44.35604],[8.5634,44.3462],[8.54891,44.34401],[8.5407,44.33581],[8.50214,44.32623],[8.486,44.31201],[8.49858,44.31584],[8.49612,44.30983],[8.48518,44.30271],[8.46576,44.29724],[8.45072,44.28767],[8.44033,44.27372],[8.44142,44.26908],[8.45428,44.26279],[8.45619,44.25896],[8.4452,44.24602],[8.44623,44.24253],[8.44233,44.23761],[8.43556,44.2372],[8.4169,44.2251],[8.41608,44.21669],[8.41936,44.21074],[8.41751,44.20048],[8.42449,44.19453],[8.40828,44.18551],[8.40705,44.18182],[8.37403,44.17771],[8.33865,44.16602],[8.33762,44.16213],[8.29783,44.15474],[8.27773,44.14551],[8.25144,44.11819],[8.23476,44.09567],[8.22737,44.0768],[8.22696,44.04439],[8.20973,44.03516],[8.19148,44.01772],[8.17789,44.01058],[8.16091,43.98798],[8.16091,43.97157],[8.17445,43.95619],[8.17096,43.95229],[8.14567,43.94975],[8.13681,43.94245],[8.13517,43.93404],[8.12697,43.92604],[8.09294,43.91453],[8.07733,43.90224],[8.0802,43.89855],[8.07651,43.89363],[8.0681,43.88891],[8.02767,43.88492],[8.02461,43.8764],[8.01972,43.87347],[7.96831,43.85917],[7.96605,43.85302],[7.9519,43.84768],[7.91758,43.84353],[7.90308,43.8364],[7.87416,43.8364],[7.85293,43.83107],[7.84288,43.82697],[7.84227,43.82327],[7.83078,43.81589],[7.81458,43.82184],[7.78412,43.81979],[7.77694,43.81363],[7.75068,43.8044],[7.73632,43.79476],[7.71622,43.80071],[7.69756,43.79743],[7.69304,43.79066],[7.67561,43.77917],[7.66576,43.77733],[7.58915,43.79251],[7.56495,43.79128],[7.56023,43.7884],[7.55736,43.78123],[7.52464,43.78512]]]},"properties":{"kind":"coastline","source":"awmc-shoreline"}},{"type":"Feature","geometry":{"type":"MultiLineString","coordinates":[[[9.89955,43.42077],[9.90424,43.42152],[9.90883,43.42822],[9.90547,43.43986],[9.89266,43.43697],[9.88655,43.42869],[9.88913,43.42344],[9.89955,43.42077]]]},"properties":{"kind":"coastline","source":"awmc-shoreline"}},{"type":"Feature","geometry":{"type":"MultiLineString","coordinates":[[[9.81341,43.0074],[9.82591,43.02104],[9.84263,43.02693],[9.84438,43.03268],[9.84469,43.04871],[9.83719,43.04977],[9.83499,43.06602],[9.82427,43.07232],[9.81452,43.06124],[9.80674,43.05954],[9.79552,43.03013],[9.78971,43.02388],[9.79966,43.01046],[9.81341,43.0074]]]},"properties":{"kind":"coastline","source":"awmc-shoreline"}},{"type":"Feature","geometry":{"type":"MultiLineString","coordinates":[[[9.35501,43.00551],[9.3586,43.00886],[9.37416,43.00599],[9.38254,43.00958],[9.41318,43.00527],[9.41653,43.01198],[9.42347,43.01174],[9.43688,43.00192]]]},"properties":{"kind":"coastline","source":"awmc-shoreline"}},{"type":"Feature","geometry":{"type":"MultiLineString","coordinates":[[[10.50786,42.99592],[10.51425,43.00103],[10.5085,43.00869],[10.51048,43.01463],[10.52255,43.02369],[10.53148,43.05465],[10.53756,43.11389],[10.53627,43.18584],[10.5275,43.235],[10.51712,43.26755],[10.50435,43.28766],[10.48719,43.30397],[10.46008,43.32286],[10.452,43.35056],[10.44347,43.35875],[10.43764,43.37911],[10.42875,43.38844],[10.42583,43.39989],[10.40987,43.40352],[10.40094,43.41852],[10.39998,43.4265],[10.38881,43.43193],[10.38017,43.44706],[10.35956,43.46142],[10.34093,43.465],[10.33231,43.47298],[10.326,43.49211],[10.31955,43.50106],[10.31859,43.51096],[10.29944,43.53905],[10.30039,43.54383],[10.29688,43.54958],[10.3154,43.56682],[10.32146,43.57767],[10.33136,43.60863],[10.33997,43.653],[10.34061,43.66672],[10.33072,43.68108],[10.33167,43.70247],[10.32657,43.71779],[10.26018,43.83653],[10.21278,43.90956],[10.18724,43.93892],[10.1483,43.97467],[10.12014,43.99353],[10.06627,44.02682],[10.03539,44.03558],[10.02478,44.04215]]]},"properties":{"kind":"coastline","source":"awmc-shoreline"}},{"type":"Feature","geometry":{"type":"MultiLineString","coordinates":[[[9.35501,43.00551],[9.3404,42.99618],[9.34347,42.99031],[9.34256,42.97774],[9.34902,42.97176],[9.34639,42.964],[9.34806,42.95333],[9.35836,42.94591],[9.3483,42.93202],[9.35716,42.92628],[9.35477,42.9179],[9.32365,42.90114],[9.32101,42.89324],[9.32748,42.88845],[9.32987,42.87313],[9.33969,42.86691],[9.31599,42.84393],[9.30976,42.8322],[9.32108,42.82347],[9.32652,42.81233],[9.33323,42.80922],[9.34304,42.79653],[9.33873,42.77522],[9.34088,42.77067],[9.33753,42.76565],[9.3428,42.73572],[9.32867,42.71992],[9.32125,42.71753],[9.32221,42.70364],[9.31934,42.69479],[9.29875,42.68425],[9.29923,42.67468],[9.28456,42.67917],[9.28136,42.69082],[9.26949,42.702],[9.26149,42.702],[9.2567,42.70657],[9.25761,42.71844],[9.2519,42.72255],[9.23535,42.7221],[9.23101,42.73169],[9.22256,42.73808],[9.1979,42.72849],[9.18946,42.73603],[9.17576,42.73283],[9.16502,42.74036],[9.14033,42.73364],[9.13717,42.72918],[9.12758,42.73283],[9.11836,42.73167],[9.10406,42.72324],[9.09721,42.71525],[9.08442,42.71502],[9.07997,42.70246],[9.07426,42.69652],[9.06901,42.69378],[9.05625,42.69628],[9.05805,42.68374],[9.05257,42.68305],[9.05988,42.66574],[9.05828,42.66118],[9.04115,42.65456],[9.02837,42.65387],[9.01353,42.642],[9.0069,42.64405],[8.97882,42.64131],[8.96398,42.6356],[8.94126,42.63492],[8.93487,42.64337],[8.92939,42.64497],[8.90792,42.63104],[8.88372,42.63035],[8.86911,42.60912],[8.85426,42.61277],[8.83212,42.60204],[8.82367,42.60752],[8.80677,42.60432],[8.80928,42.59177],[8.80015,42.58492],[8.80061,42.56756],[8.7917,42.56071],[8.76544,42.55706],[8.75585,42.56962],[8.73964,42.56848],[8.73256,42.56414],[8.72937,42.56574],[8.72526,42.58514],[8.70992,42.57756],[8.71544,42.5687],[8.71407,42.54016],[8.71064,42.53719],[8.71453,42.52966],[8.70927,42.52418],[8.70288,42.5292],[8.69466,42.52601],[8.69261,42.52121],[8.68324,42.5171],[8.67502,42.51916],[8.66726,42.5171],[8.66406,42.51116],[8.66498,42.49701],[8.64968,42.48034],[8.65014,42.47532],[8.66658,42.47509],[8.67137,42.47326],[8.67274,42.46869],[8.66612,42.45431],[8.66658,42.447],[8.65333,42.44655],[8.65151,42.44244],[8.66064,42.43399],[8.6595,42.42371],[8.64648,42.41389],[8.6458,42.41892],[8.63461,42.42234],[8.60561,42.41663],[8.60013,42.41093],[8.60949,42.40385],[8.60196,42.40111],[8.60721,42.39197],[8.60653,42.38695],[8.59602,42.38375],[8.58575,42.38649],[8.58278,42.38284],[8.57593,42.38467],[8.57159,42.38239],[8.57159,42.37554],[8.56817,42.37211],[8.56017,42.3712],[8.54921,42.38033],[8.54419,42.37736],[8.54556,42.37051],[8.55594,42.36133],[8.55104,42.34471],[8.55514,42.34311],[8.55812,42.33261],[8.5773,42.3406],[8.58209,42.34745],[8.59853,42.35293],[8.61041,42.34654],[8.61406,42.35065],[8.6168,42.34197],[8.62548,42.33832],[8.62639,42.33238],[8.60036,42.32096],[8.59808,42.31708],[8.60333,42.31297],[8.60516,42.30567],[8.62639,42.31206],[8.6426,42.29927],[8.64831,42.30247],[8.65813,42.30201],[8.67662,42.28923],[8.67662,42.28283],[8.68706,42.27997],[8.69032,42.26461],[8.6748,42.2653],[8.6668,42.26027],[8.64329,42.25776],[8.6394,42.25342],[8.62479,42.25388],[8.6184,42.25708],[8.56017,42.23698],[8.55013,42.24155],[8.54168,42.23972],[8.54031,42.23698],[8.55127,42.2273],[8.56154,42.23096],[8.56931,42.22913],[8.56862,42.21954],[8.57228,42.21337],[8.56565,42.20493],[8.57593,42.20675],[8.57707,42.19077],[8.58153,42.18414],[8.57962,42.17874],[8.56409,42.1757],[8.56409,42.17052],[8.5921,42.16991],[8.59119,42.16504],[8.58327,42.16413],[8.57992,42.15895],[8.56227,42.15256],[8.55983,42.1483],[8.56379,42.14678],[8.57992,42.15165],[8.59375,42.14753],[8.5854,42.13308],[8.59149,42.12851],[8.60672,42.13186],[8.62985,42.12303],[8.64411,42.12408],[8.65892,42.10653],[8.67856,42.10568],[8.69074,42.11512],[8.69531,42.11451],[8.70414,42.09502],[8.70627,42.08224],[8.71266,42.07736],[8.71966,42.06519],[8.73686,42.06622],[8.73981,42.06125],[8.73764,42.04561],[8.72628,42.04561],[8.71475,42.03464],[8.69242,42.03325],[8.65758,42.01375],[8.65482,42.00004],[8.65938,41.99212],[8.66821,41.99334],[8.67095,41.9906],[8.66578,41.98025],[8.64792,41.97094],[8.6122,41.97203],[8.59302,41.96655],[8.5918,41.96229],[8.59697,41.96076],[8.5985,41.95224],[8.60519,41.95102],[8.60854,41.94189],[8.62316,41.93854],[8.62042,41.92606],[8.61585,41.92362],[8.61052,41.91266],[8.61113,41.90657],[8.61503,41.90292],[8.62392,41.90261],[8.63792,41.90749],[8.65862,41.9084],[8.67232,41.90444],[8.68876,41.90931],[8.70155,41.90657],[8.7189,41.90809],[8.73199,41.91631],[8.73869,41.91571],[8.74295,41.91997],[8.74174,41.93336],[8.74965,41.93489],[8.76092,41.92332],[8.77736,41.92727],[8.78819,41.92022],[8.79589,41.91122],[8.80354,41.89135],[8.78101,41.88283],[8.78375,41.87948],[8.78679,41.85451],[8.7804,41.84964],[8.75087,41.84447],[8.76579,41.84051],[8.7737,41.83351],[8.77035,41.8125],[8.74508,41.80976],[8.73869,41.80093],[8.73138,41.79819],[8.71403,41.80245],[8.70977,41.79941],[8.71038,41.79545],[8.71708,41.79393],[8.71799,41.78906],[8.72621,41.78875],[8.73017,41.77932],[8.72621,41.77323],[8.70794,41.758],[8.68359,41.74918],[8.67476,41.75344],[8.66502,41.75222],[8.65984,41.74857],[8.65954,41.74309],[8.6985,41.74156],[8.70581,41.73882],[8.70277,41.72512],[8.70977,41.72178],[8.77401,41.74126],[8.78101,41.73913],[8.78405,41.73426],[8.77218,41.71751],[8.77522,41.71142],[8.78771,41.70808],[8.78832,41.70016],[8.79547,41.70945],[8.82492,41.71059],[8.83474,41.70145],[8.85027,41.69666],[8.87676,41.69575],[8.89274,41.68844],[8.91534,41.68981],[8.91877,41.68387],[8.90507,41.67794]]]},"properties":{"kind":"coastline","source":"awmc-shoreline"}},{"type":"Feature","geometry":{"type":"MultiLineString","coordinates":[[[8.90507,41.67794],[8.88018,41.66949],[8.87972,41.65328],[8.87333,41.64643],[8.86237,41.64871],[8.84981,41.64597],[8.81442,41.6309],[8.8094,41.64026],[8.8046,41.64209],[8.80437,41.63547],[8.7925,41.6309],[8.78793,41.62542],[8.79113,41.6204],[8.78793,41.59802],[8.7788,41.5924],[8.78405,41.58647],[8.78999,41.58784],[8.7925,41.57962],[8.80072,41.57299],[8.78748,41.56455],[8.78908,41.55724],[8.81031,41.55655],[8.81488,41.54879],[8.82173,41.54514],[8.8352,41.54697],[8.84776,41.54308],[8.85529,41.54902],[8.85073,41.54126],[8.85506,41.53418],[8.84981,41.53327],[8.84068,41.52253],[8.84273,41.51911],[8.85506,41.51774],[8.85895,41.52116],[8.86625,41.51842],[8.87288,41.52463],[8.88109,41.52368],[8.88292,41.51842],[8.88909,41.51454],[8.88235,41.51203],[8.88258,41.50792],[8.92002,41.50998],[8.92231,41.50746],[8.91774,41.50609],[8.92208,41.49719],[8.91934,41.49102],[8.92185,41.48828],[8.93624,41.49605],[8.93669,41.49148],[8.94035,41.48988],[8.96204,41.49102],[8.96638,41.48874],[8.9666,41.48349],[8.97528,41.48372],[8.98578,41.47824],[8.99126,41.48189],[9.00268,41.47687],[9.01798,41.47892],[9.01661,41.47458],[9.02277,41.47276],[9.02574,41.46591],[9.03488,41.47207],[9.04036,41.46979],[9.04264,41.46134],[9.07643,41.47869],[9.07963,41.47732],[9.06589,41.45658],[9.07259,41.44501],[9.07837,41.44196],[9.08964,41.44623],[9.09329,41.45171],[9.09664,41.4511],[9.09999,41.44379],[9.10821,41.44653],[9.11186,41.44014],[9.12404,41.44379],[9.12008,41.43679],[9.10395,41.42674],[9.10699,41.41852],[9.09542,41.41456],[9.09025,41.40117],[9.09438,41.39482]]]},"properties":{"kind":"coastline","source":"awmc-shoreline"}},{"type":"Feature","geometry":{"type":"MultiLineString","coordinates":[[[9.09438,41.39482],[9.09803,41.39169],[9.12751,41.39822],[9.12777,41.39404],[9.14838,41.38543],[9.17147,41.38236],[9.18281,41.36456],[9.2085,41.36613],[9.21946,41.36796],[9.22129,41.3763],[9.22859,41.381],[9.2372,41.39482],[9.25207,41.41074],[9.25989,41.41334],[9.26589,41.42691],[9.26302,41.42978],[9.2445,41.42456],[9.22285,41.405],[9.21763,41.40735],[9.21763,41.41204],[9.22442,41.417],[9.21998,41.43082],[9.22389,41.43322],[9.21085,41.43891],[9.21059,41.4423],[9.24007,41.44574],[9.25989,41.45644],[9.25989,41.46139],[9.26694,41.46452],[9.27189,41.46139],[9.27737,41.4627],[9.26876,41.46922],[9.27033,41.47287],[9.28259,41.47626],[9.2865,41.48174],[9.28614,41.49783],[9.28508,41.50217],[9.27815,41.49906],[9.27085,41.50287],[9.28154,41.5108],[9.28337,41.51915],[9.28024,41.5241],[9.26694,41.52671],[9.27215,41.53219],[9.28859,41.52984],[9.29641,41.53949],[9.31963,41.55645],[9.34639,41.55937],[9.35422,41.57763],[9.37065,41.59641],[9.35709,41.59876],[9.34352,41.59667],[9.33648,41.6032],[9.31874,41.60528],[9.29292,41.58207],[9.28483,41.59928],[9.28461,41.60633],[9.30674,41.61572],[9.30492,41.62876],[9.30961,41.63032],[9.32396,41.62808],[9.32813,41.62495],[9.32553,41.62146],[9.32892,41.61895],[9.33883,41.62052],[9.34692,41.61676],[9.35605,41.61713],[9.35839,41.61989],[9.35344,41.62615],[9.34509,41.63017],[9.34639,41.64],[9.35474,41.64347],[9.367,41.63486],[9.37248,41.63825],[9.37326,41.64373],[9.37978,41.64686],[9.38552,41.64425],[9.38213,41.6513],[9.38711,41.65614],[9.38697,41.66119],[9.38213,41.66278],[9.38683,41.66825],[9.38397,41.671],[9.37691,41.66695],[9.37378,41.67665],[9.37013,41.679],[9.39922,41.69815],[9.39452,41.70649],[9.39713,41.70963],[9.40574,41.7091],[9.40678,41.7668],[9.41069,41.77124],[9.40026,41.77515],[9.39896,41.78089],[9.39817,41.80019],[9.406,41.81976],[9.39843,41.88054],[9.40392,41.90936],[9.40897,41.91472],[9.41469,41.94158],[9.41033,41.94425],[9.4055,41.94214],[9.40064,41.96358],[9.40272,41.96567],[9.40897,41.96095],[9.40922,41.95203],[9.41169,41.95092],[9.41953,41.96775],[9.43467,41.98558],[9.43131,41.9868],[9.42458,41.98269],[9.42522,41.98486],[9.43819,41.99183],[9.44325,41.99809],[9.44575,41.9958],[9.4815,42.03592],[9.49742,42.04942],[9.50203,42.06092],[9.51739,42.07233],[9.52269,42.08203],[9.53322,42.09086],[9.54047,42.10814],[9.53883,42.11153],[9.52558,42.11367],[9.52983,42.116],[9.54522,42.11439],[9.55638,42.13983],[9.54756,42.14508],[9.54358,42.13153],[9.53317,42.12026],[9.52299,42.12053],[9.51673,42.126],[9.52114,42.13214],[9.53336,42.13506],[9.53572,42.13853],[9.53381,42.14194],[9.53831,42.14656],[9.53508,42.15294],[9.55158,42.15589],[9.55061,42.15864],[9.54319,42.15992],[9.53961,42.16903],[9.54197,42.1725],[9.54661,42.17094],[9.55083,42.1623],[9.56656,42.19044],[9.55482,42.2041],[9.55664,42.2148],[9.55064,42.23328],[9.55536,42.25533],[9.55267,42.26492],[9.56156,42.27897],[9.55023,42.31756],[9.54185,42.32929],[9.53136,42.3805],[9.537,42.39042],[9.53681,42.41033],[9.54311,42.43033],[9.54056,42.43375],[9.54242,42.45895],[9.52992,42.47781],[9.52869,42.48992],[9.53506,42.54497],[9.52078,42.5794],[9.45567,42.64978],[9.45351,42.64715],[9.45543,42.6438],[9.47314,42.61986],[9.47865,42.59855],[9.48248,42.59855],[9.48009,42.61004],[9.48464,42.60909],[9.51217,42.57557],[9.50738,42.57078],[9.49684,42.57509],[9.4741,42.59137],[9.45088,42.63087],[9.44562,42.64835],[9.44705,42.68617],[9.45447,42.69239],[9.46357,42.74793],[9.46884,42.75439],[9.46596,42.7587],[9.47542,42.77503],[9.48631,42.78647],[9.49373,42.80443],[9.48607,42.83579],[9.48248,42.83698],[9.48744,42.85167],[9.48176,42.8602],[9.48033,42.8705],[9.47482,42.87409],[9.47793,42.87959],[9.47289,42.88605],[9.47291,42.92508],[9.46836,42.92651],[9.46836,42.93777],[9.45758,42.95141],[9.45839,42.95458],[9.44801,42.96386],[9.45184,42.96649],[9.45567,42.96506],[9.45735,42.96841],[9.45447,42.97679],[9.45926,42.97631],[9.46285,42.9866],[9.43688,43.00192]]]},"properties":{"kind":"coastline","source":"awmc-shoreline"}},{"type":"Feature","geometry":{"type":"MultiLineString","coordinates":[[[9.26604,41.36315],[9.26212,41.36215],[9.25315,41.36865],[9.25637,41.37237],[9.26823,41.37143],[9.26604,41.36315]]]},"properties":{"kind":"coastline","source":"awmc-shoreline"}},{"type":"Feature","geometry":{"type":"MultiLineString","coordinates":[[[9.25974,41.33408],[9.26208,41.33777],[9.2498,41.34308],[9.24894,41.341],[9.25974,41.33408]]]},"properties":{"kind":"coastline","source":"awmc-shoreline"}},{"type":"Feature","geometry":{"type":"MultiLineString","coordinates":[[[9.35378,41.29344],[9.38141,41.2939],[9.38552,41.3012],[9.38004,41.31171],[9.37615,41.31262],[9.37487,41.30293],[9.36542,41.29755],[9.3374,41.3091],[9.33438,41.30371],[9.35401,41.29344]]]},"properties":{"kind":"coastline","source":"awmc-shoreline"}},{"type":"Feature","geometry":{"type":"MultiLineString","coordinates":[[[9.35356,41.2789],[9.35834,41.28079],[9.35667,41.28717],[9.35059,41.28823],[9.33317,41.2827],[9.3369,41.27934],[9.35015,41.28181],[9.35356,41.2789]]]},"properties":{"kind":"coastline","source":"awmc-shoreline"}},{"type":"Feature","geometry":{"type":"MultiLineString","coordinates":[[[9.34296,41.22908],[9.34471,41.23161],[9.35076,41.23078],[9.35871,41.23983],[9.35926,41.24435],[9.35538,41.24595],[9.35321,41.25255],[9.34287,41.25403],[9.33543,41.24977],[9.33437,41.23453],[9.34296,41.22908]]]},"properties":{"kind":"coastline","source":"awmc-shoreline"}},{"type":"Feature","geometry":{"type":"MultiLineString","coordinates":[[[9.38986,41.21074],[9.41817,41.21718],[9.43152,41.21454],[9.43869,41.21807],[9.44094,41.22496],[9.43333,41.22646],[9.4308,41.2301],[9.43786,41.2501],[9.43302,41.25004],[9.42958,41.25691],[9.43118,41.2617],[9.42091,41.26947],[9.41474,41.26855],[9.41474,41.25417],[9.41109,41.25257],[9.40538,41.2617],[9.40104,41.26079],[9.40116,41.24179],[9.38836,41.23338],[9.38199,41.23351],[9.37699,41.22796],[9.37666,41.2174],[9.38986,41.21074]]]},"properties":{"kind":"coastline","source":"awmc-shoreline"}},{"type":"Feature","geometry":{"type":"MultiLineString","coordinates":[[[9.41591,41.18847],[9.42033,41.19286],[9.42064,41.20547],[9.41214,41.20603],[9.39855,41.19395],[9.4035,41.18967],[9.40916,41.19203],[9.41591,41.18847]]]},"properties":{"kind":"coastline","source":"awmc-shoreline"}},{"type":"Feature","geometry":{"type":"MultiLineString","coordinates":[[[9.44792,41.20028],[9.436,41.18167],[9.44944,41.18736],[9.46756,41.17709],[9.47689,41.17859],[9.48072,41.18298],[9.47792,41.18614],[9.46646,41.18494],[9.46509,41.18859],[9.47858,41.19622],[9.47983,41.20678],[9.48567,41.21486],[9.49022,41.21447],[9.47931,41.23973],[9.47133,41.2435],[9.46167,41.24179],[9.46119,41.22598],[9.44889,41.22123],[9.45139,41.2185],[9.44842,41.20457],[9.45606,41.20086],[9.45436,41.19836],[9.44792,41.20028]]]},"properties":{"kind":"coastline","source":"awmc-shoreline"}},{"type":"Feature","geometry":{"type":"MultiLineString","coordinates":[[[8.24831,40.98501],[8.21587,40.98877],[8.21859,40.99549],[8.2147,41.00135],[8.21528,41.00868],[8.22542,41.01785],[8.22756,41.02363],[8.21747,41.02335],[8.22431,41.04254],[8.2412,41.04963],[8.24667,41.04885],[8.25684,41.05757],[8.26612,41.07335],[8.27345,41.07813],[8.28498,41.07704],[8.27444,41.0971],[8.27645,41.10613],[8.28559,41.10429],[8.30356,41.10749],[8.31956,41.12207],[8.33026,41.11202],[8.32609,41.11055],[8.32756,41.10427],[8.3328,41.1007],[8.34162,41.10085],[8.3502,41.09121],[8.33739,41.07991],[8.33639,41.07485],[8.34142,41.07063],[8.33462,41.05352],[8.33228,41.05141],[8.32576,41.0556],[8.29023,41.06068],[8.28337,41.06532],[8.27592,41.05621],[8.26503,41.05663],[8.26064,41.05053],[8.26551,41.0461],[8.24026,41.02855],[8.24086,41.02515],[8.24805,41.02715],[8.24867,41.01707],[8.26151,41.0071],[8.26098,40.99129],[8.2537,40.98538],[8.24831,40.98501]]]},"properties":{"kind":"coastline","source":"awmc-shoreline"}},{"type":"Feature","geometry":{"type":"MultiLineString","coordinates":[[[8.22014,40.96722],[8.22357,40.96959],[8.22117,40.97558],[8.22537,40.97738],[8.21558,40.98298],[8.21275,40.97686],[8.21598,40.96859],[8.22014,40.96722]]]},"properties":{"kind":"coastline","source":"awmc-shoreline"}},{"type":"Feature","geometry":{"type":"MultiLineString","coordinates":[[[9.69755,40.88962],[9.71769,40.90474],[9.74057,40.91208],[9.74286,40.91573],[9.73692,40.92167],[9.73669,40.92647],[9.69047,40.8971],[9.67636,40.89488],[9.67647,40.89007],[9.69755,40.88962]]]},"properties":{"kind":"coastline","source":"awmc-shoreline"}},{"type":"Feature","geometry":{"type":"MultiLineString","coordinates":[[[9.73194,40.85983],[9.73764,40.86083],[9.74191,40.87252],[9.73069,40.87699],[9.7205,40.87435],[9.71536,40.87613],[9.71069,40.86921],[9.71255,40.86649],[9.73194,40.85983]]]},"properties":{"kind":"coastline","source":"awmc-shoreline"}},{"type":"Feature","geometry":{"type":"MultiLineString","coordinates":[[[9.6998,39.9998],[9.69968,40.01864],[9.70721,40.028],[9.70607,40.03462],[9.72114,40.04901],[9.72205,40.0554],[9.73512,40.07632],[9.73444,40.08523],[9.72958,40.09177],[9.689,40.11057],[9.65616,40.14874],[9.64919,40.16764],[9.63244,40.1855],[9.62738,40.21194],[9.62966,40.23027],[9.62369,40.24917],[9.63443,40.27771],[9.66571,40.3179],[9.67667,40.32521],[9.67727,40.32963],[9.69197,40.34735],[9.7285,40.37544],[9.74026,40.38055],[9.75373,40.38078],[9.76537,40.39106],[9.76652,40.39859],[9.77245,40.40658],[9.772,40.42257],[9.77565,40.43079],[9.78821,40.4422],[9.79277,40.44289],[9.79437,40.4486],[9.7841,40.4591],[9.78615,40.46047],[9.79848,40.45271],[9.80465,40.46252],[9.80994,40.48272],[9.82086,40.49632],[9.82771,40.51481],[9.82839,40.5292],[9.82086,40.5344],[9.78935,40.54422],[9.79437,40.56431],[9.78958,40.57276],[9.78478,40.57482],[9.77999,40.58281],[9.76674,40.58464],[9.75715,40.58961],[9.75905,40.59386],[9.7535,40.59578],[9.75738,40.59966],[9.75099,40.60605],[9.75263,40.61597],[9.743,40.62409],[9.74825,40.64391],[9.74688,40.64802],[9.7398,40.62706],[9.73112,40.62249],[9.72861,40.62615],[9.73615,40.63044],[9.73936,40.64899],[9.75099,40.65565],[9.75145,40.66889],[9.7583,40.67734],[9.75487,40.68556],[9.73683,40.69748],[9.72359,40.70067],[9.71902,40.69542],[9.71263,40.72054],[9.71765,40.72853],[9.71172,40.73355],[9.71754,40.75109],[9.70224,40.7557],[9.69927,40.76118],[9.68375,40.76826],[9.67096,40.7863],[9.65657,40.78721],[9.65909,40.79246],[9.65589,40.80251],[9.66,40.80776],[9.66616,40.80913],[9.66639,40.79155],[9.67438,40.80251],[9.66959,40.81128],[9.67575,40.81333],[9.68649,40.80534],[9.69174,40.81014],[9.68215,40.82589],[9.68808,40.82909],[9.68534,40.83388],[9.6963,40.84028],[9.71754,40.83548],[9.72667,40.84073],[9.70475,40.84416],[9.70293,40.84895],[9.69471,40.84872],[9.6842,40.86073],[9.67758,40.86256],[9.66731,40.85434],[9.66114,40.85822],[9.65452,40.8564],[9.65178,40.85914],[9.65488,40.86558],[9.65338,40.86918],[9.66046,40.87672],[9.65475,40.87603],[9.65224,40.87991],[9.64698,40.88037],[9.64196,40.87421],[9.61913,40.8927],[9.63922,40.9096],[9.6455,40.91859],[9.64413,40.92156],[9.62541,40.92042],[9.6181,40.92453],[9.60075,40.90741],[9.57449,40.90467],[9.56947,40.90878],[9.57746,40.91289],[9.57563,40.91494],[9.56079,40.91768],[9.55851,40.90946],[9.54344,40.91357],[9.54161,40.91677],[9.5069,40.91311],[9.50302,40.91448],[9.50188,40.91905],[9.50713,40.92248],[9.52517,40.92316],[9.52448,40.9259],[9.50804,40.92567],[9.51078,40.92933],[9.51878,40.92933],[9.52416,40.93552],[9.54412,40.92681],[9.55599,40.92864],[9.5617,40.92385],[9.57266,40.92613],[9.57517,40.93001],[9.5681,40.94029],[9.57403,40.94759],[9.57814,40.94759],[9.58043,40.95376],[9.59367,40.96677],[9.58294,40.97636],[9.58391,40.9823],[9.58728,40.98846],[9.59732,40.99006],[9.60874,41.00057],[9.61833,41.00353],[9.62997,40.99029],[9.64093,40.98572],[9.64093,40.97728],[9.66559,40.99531],[9.664,40.9992],[9.65623,41.00536],[9.63249,41.00308],[9.60257,41.02226],[9.59435,41.02203],[9.58317,41.0113],[9.577,41.01586],[9.57654,41.00673],[9.56741,41.00879],[9.55942,41.0065],[9.55531,41.01221],[9.56353,41.02842],[9.55965,41.03002],[9.56307,41.0355],[9.55965,41.03778],[9.54595,41.02934],[9.52996,41.02591],[9.52658,41.02271],[9.53019,41.01723],[9.5238,41.01061],[9.51238,41.00833],[9.5069,41.01175],[9.52102,41.02838],[9.5254,41.05125],[9.52768,41.05445],[9.53636,41.05605],[9.54001,41.06199],[9.53972,41.06638],[9.52996,41.06884],[9.53305,41.0798],[9.54001,41.0887],[9.54321,41.0887],[9.54275,41.08162],[9.54549,41.08048],[9.5512,41.07865],[9.55896,41.08094],[9.56969,41.10149],[9.56593,41.11943],[9.55314,41.11966],[9.54629,41.11464],[9.54172,41.11578],[9.54081,41.12195],[9.54743,41.13291],[9.54492,41.1361],[9.52597,41.13473],[9.53579,41.14295],[9.53031,41.14592],[9.53191,41.15049],[9.52597,41.15711],[9.5141,41.15574],[9.51067,41.15049],[9.51592,41.14524],[9.51021,41.14227],[9.48487,41.14683],[9.48099,41.14364],[9.46363,41.14227],[9.46957,41.13176],[9.45072,41.11302],[9.44144,41.08541],[9.43591,41.08947],[9.44061,41.09502],[9.44445,41.13542],[9.43806,41.13473],[9.42984,41.15679],[9.42162,41.15565],[9.41614,41.15862],[9.41568,41.16295],[9.42368,41.16798],[9.42276,41.17825],[9.40176,41.17711],[9.37778,41.18967],[9.36833,41.1901],[9.36361,41.19691],[9.36611,41.20519],[9.36043,41.20757],[9.35426,41.20483],[9.34787,41.2094],[9.33965,41.2062],[9.3312,41.19319],[9.34102,41.1915],[9.33828,41.18588],[9.32481,41.19273],[9.31796,41.20415],[9.31476,41.20141],[9.31191,41.18491],[9.30738,41.19491],[9.28987,41.19593],[9.29832,41.20163],[9.29891,41.206],[9.29458,41.2096],[9.29349,41.21575],[9.28616,41.21908],[9.28622,41.21259],[9.28165,41.21054],[9.27908,41.20158],[9.27777,41.19478],[9.28028,41.19204],[9.2748,41.19159],[9.26773,41.19867],[9.28028,41.21374],[9.28097,41.226],[9.27055,41.23572],[9.27195,41.23912],[9.25836,41.24314],[9.25014,41.24223],[9.24307,41.24794],[9.2369,41.24543],[9.23565,41.25776],[9.23165,41.25913],[9.22457,41.25913],[9.21064,41.25045],[9.20516,41.25022],[9.19877,41.24588],[9.19694,41.24063],[9.19283,41.24771],[9.18827,41.24566],[9.17861,41.24971],[9.17,41.24132],[9.14876,41.24748],[9.141,41.24611],[9.13918,41.23881]]]},"properties":{"kind":"coastline","source":"awmc-shoreline"}},{"type":"Feature","geometry":{"type":"MultiLineString","coordinates":[[[9.13938,41.23901],[9.14075,41.23261],[9.15696,41.23398],[9.16289,41.2317],[9.16453,41.22603],[9.15473,41.19603],[9.16113,41.18364],[9.16772,41.18104],[9.16113,41.16226],[9.13015,41.15306],[9.12255,41.15786],[9.11947,41.15503],[9.11833,41.14333],[9.09577,41.13128],[9.0568,41.12828],[9.04867,41.13892],[9.03811,41.13828],[9.02812,41.12768],[9.01952,41.12728],[9.00873,41.12168],[8.98295,41.0935],[8.98215,41.08591],[8.97615,41.08511],[8.96517,41.07722],[8.94527,41.05553],[8.93428,41.05013],[8.93208,41.04394],[8.92209,41.04274],[8.92009,41.03494],[8.9079,41.03654],[8.89151,41.02695],[8.88172,41.02855],[8.88671,41.01636],[8.87592,41.01775],[8.86913,41.01396],[8.87432,41.00556],[8.87122,40.99497],[8.81127,40.93741],[8.81446,40.93641],[8.82726,40.94341],[8.82905,40.94021],[8.77089,40.91742],[8.74661,40.91882],[8.73382,40.91762],[8.72742,40.91363],[8.71064,40.91942],[8.70264,40.91363],[8.69205,40.91183],[8.68865,40.90623],[8.68265,40.90823],[8.67566,40.90103],[8.65248,40.89344],[8.62909,40.88025],[8.623,40.86278],[8.57823,40.837],[8.53466,40.82481],[8.4742,40.82001],[8.44582,40.82421],[8.42143,40.8366],[8.41764,40.8414],[8.36108,40.8394],[8.3306,40.84579],[8.3232,40.84399],[8.31461,40.84619],[8.27623,40.86878],[8.23726,40.90315],[8.23744,40.91672],[8.22928,40.93736],[8.23576,40.94664],[8.23716,40.95264],[8.23436,40.95564],[8.22897,40.95344],[8.22437,40.9556],[8.20378,40.97239],[8.19917,40.97047],[8.18497,40.95064],[8.18494,40.94492],[8.178,40.93833],[8.1764,40.93381],[8.19069,40.92469],[8.18879,40.91802],[8.19219,40.91323],[8.20998,40.90403],[8.22097,40.88684],[8.21598,40.88065],[8.21717,40.87066],[8.19099,40.83388],[8.19244,40.82608],[8.1838,40.81881],[8.1856,40.81461],[8.1748,40.80362],[8.16045,40.79676],[8.15832,40.79196],[8.16471,40.7821],[8.16365,40.76691],[8.15219,40.74853],[8.13113,40.73094],[8.14526,40.72561],[8.17297,40.70509],[8.1735,40.69443],[8.1823,40.6963],[8.19056,40.69017],[8.20468,40.68644],[8.18843,40.65739],[8.18443,40.63874],[8.16067,40.63325],[8.16018,40.62834],[8.14499,40.62621],[8.14206,40.62088],[8.15005,40.58011],[8.15512,40.57451],[8.14846,40.56998],[8.16498,40.56092],[8.16711,40.56625],[8.16258,40.58144],[8.17191,40.58331],[8.17377,40.58784],[8.17004,40.5921],[8.17137,40.5945],[8.1791,40.59477],[8.19616,40.61902],[8.20442,40.61795],[8.21747,40.60356],[8.21668,40.59477],[8.20308,40.59503],[8.20295,40.58373],[8.19736,40.57707],[8.19842,40.57014],[8.20455,40.56801],[8.20881,40.57121],[8.24132,40.56881],[8.24745,40.57254],[8.24852,40.58293],[8.26531,40.58267],[8.26931,40.58853],[8.2781,40.59066],[8.29968,40.5888],[8.30715,40.58347],[8.31781,40.56881],[8.31061,40.56002],[8.31168,40.55522],[8.31727,40.55096],[8.33806,40.50912],[8.33806,40.49872],[8.35032,40.50272],[8.37323,40.491],[8.38336,40.45396],[8.39855,40.42518],[8.39769,40.4007],[8.39247,40.39645],[8.38603,40.36484],[8.37925,40.36319],[8.37723,40.35951],[8.38256,40.34859],[8.38176,40.3382],[8.43133,40.33287],[8.44225,40.31874],[8.45957,40.31874],[8.4649,40.31395],[8.46384,40.30035],[8.4697,40.29822],[8.48306,40.28375],[8.47636,40.25852],[8.45861,40.23239],[8.46153,40.19747],[8.45531,40.17804],[8.46037,40.17111],[8.45931,40.15006],[8.47906,40.12422],[8.48478,40.10789],[8.49072,40.10803],[8.48494,40.10355],[8.48782,40.07784],[8.45265,40.05066],[8.44439,40.04906],[8.43532,40.05306],[8.4188,40.04267],[8.40974,40.04293],[8.40292,40.05244],[8.39748,40.05332],[8.39219,40.04622],[8.38469,40.04533],[8.37217,40.03467],[8.3743,40.03147],[8.38816,40.02854],[8.40095,40.03254],[8.41347,40.01548],[8.40868,39.99976],[8.39349,39.98031],[8.39322,39.97338],[8.40042,39.96592],[8.40015,39.91315],[8.39668,39.90596],[8.39775,39.90116],[8.41347,39.89876],[8.42413,39.89317],[8.43266,39.88357],[8.43479,39.86945],[8.43079,39.86545],[8.43106,39.86039],[8.43612,39.85773],[8.44012,39.86199],[8.44119,39.86865],[8.43758,39.87683],[8.44056,39.88489],[8.46258,39.90064],[8.46247,39.90383],[8.45861,39.90397],[8.44533,39.89344],[8.44442,39.90281],[8.43658,39.89739],[8.43872,39.90475],[8.44581,39.90603],[8.45447,39.91306],[8.47131,39.91428],[8.47081,39.91153],[8.45957,39.90862],[8.46208,39.90656],[8.48008,39.90942],[8.48778,39.91891],[8.48606,39.90814],[8.5134,39.90703],[8.53361,39.89461],[8.55524,39.85309],[8.54245,39.78967],[8.51394,39.75582],[8.51367,39.75342],[8.5182,39.75369],[8.53685,39.77155],[8.53925,39.77101],[8.53792,39.76248],[8.5182,39.7449],[8.50807,39.72651],[8.50728,39.71931],[8.51927,39.72118],[8.53499,39.70492],[8.54565,39.70919],[8.55311,39.70866],[8.55844,39.70173],[8.55631,39.6916],[8.52113,39.69427],[8.51927,39.69986],[8.50035,39.71425],[8.49049,39.71532],[8.49955,39.71772],[8.49405,39.72531]]]},"properties":{"kind":"coastline","source":"awmc-shoreline"}},{"type":"Feature","geometry":{"type":"MultiLineString","coordinates":[[[9.088,39.23003],[9.09971,39.21429],[9.12061,39.20831],[9.14823,39.18232],[9.15188,39.18597],[9.16238,39.18392],[9.16581,39.18666],[9.16627,39.19237],[9.16079,39.19534],[9.16695,39.20972],[9.18545,39.22205],[9.20097,39.22662],[9.23436,39.22694],[9.24321,39.21885],[9.26422,39.21703],[9.26879,39.21383],[9.29606,39.21283],[9.29984,39.20767],[9.31914,39.20419],[9.34297,39.18756],[9.34745,39.17944],[9.3632,39.17693],[9.38336,39.16422],[9.39334,39.1436],[9.39974,39.14154],[9.4059,39.14405],[9.42063,39.13277],[9.42474,39.13483],[9.4325,39.13277],[9.43638,39.1225],[9.44118,39.12706],[9.44689,39.12478],[9.45511,39.13095],[9.46059,39.12661],[9.4857,39.1362],[9.50648,39.1298],[9.50762,39.11944],[9.50306,39.1167],[9.50648,39.10688],[9.51858,39.09706],[9.52406,39.09798],[9.52018,39.1046],[9.52338,39.10825],[9.52475,39.12127],[9.53205,39.12926],[9.55831,39.13245],[9.56728,39.15408],[9.56881,39.16736],[9.58,39.17858],[9.57818,39.18748],[9.56425,39.19022],[9.56448,39.20529],[9.56973,39.21077],[9.56692,39.22386],[9.57133,39.24525],[9.58777,39.27653],[9.6017,39.29137],[9.61768,39.29685],[9.63343,39.2964],[9.6332,39.30279],[9.60284,39.32311],[9.59844,39.3527],[9.60039,39.3765],[9.6275,39.43207],[9.64234,39.44349],[9.64074,39.45376],[9.64622,39.4613],[9.64599,39.49052],[9.63069,39.50947],[9.638,39.54007],[9.64005,39.54464],[9.6517,39.5524],[9.6501,39.55994],[9.65558,39.56884],[9.65786,39.59259],[9.64856,39.6628],[9.66067,39.68075],[9.65786,39.69488],[9.67042,39.70105],[9.67156,39.70653],[9.67682,39.71064],[9.67408,39.72662],[9.67545,39.74991],[9.67202,39.75425],[9.66797,39.77475],[9.67006,39.79122],[9.68161,39.83667],[9.69622,39.85129],[9.69531,39.85837],[9.6823,39.86955],[9.68572,39.88074],[9.68093,39.88965],[9.68519,39.91478],[9.68915,39.92161],[9.71152,39.92276],[9.71609,39.93006],[9.71381,39.93842],[9.7065,39.94641],[9.70125,39.94687],[9.70467,39.9391],[9.69874,39.93728],[9.68915,39.94573],[9.68618,39.97609],[9.7,40.0]]]},"properties":{"kind":"coastline","source":"awmc-shoreline"}},{"type":"Feature","geometry":{"type":"MultiLineString","coordinates":[[[8.30967,39.12461],[8.31031,39.13217],[8.31428,39.13614],[8.30975,39.13995],[8.31136,39.1782],[8.30786,39.18614],[8.29222,39.17987],[8.266,39.18187],[8.25992,39.17167],[8.23961,39.16437],[8.22906,39.16439],[8.21817,39.14836],[8.22253,39.14159],[8.24322,39.137],[8.24603,39.13226],[8.24453,39.12467],[8.25153,39.11795],[8.24686,39.10848],[8.27139,39.09523],[8.29225,39.09406],[8.29619,39.09848],[8.30525,39.09959],[8.30861,39.10423],[8.30967,39.12461]]]},"properties":{"kind":"coastline","source":"awmc-shoreline"}},{"type":"Feature","geometry":{"type":"MultiLineString","coordinates":[[[8.50449,39.08435],[8.49592,39.07833],[8.49881,39.0844],[8.50449,39.08435]]]},"properties":{"kind":"coastline","source":"awmc-shoreline"}},{"type":"Feature","geometry":{"type":"MultiLineString","coordinates":[[[8.6427,38.86426],[8.66006,38.86951],[8.65777,38.87567],[8.65983,38.88252],[8.65001,38.888],[8.65011,38.89231],[8.65595,38.89828],[8.66302,38.89394],[8.66965,38.89759],[8.66554,38.91129],[8.68061,38.90901],[8.69339,38.91883],[8.70115,38.91654],[8.70435,38.92179],[8.70869,38.91951],[8.72718,38.9323],[8.78061,38.9122],[8.77787,38.90604],[8.79317,38.89417],[8.80002,38.88435],[8.80322,38.88572],[8.79865,38.89531],[8.80573,38.90284],[8.80878,38.89728],[8.82658,38.88817],[8.83461,38.8775],[8.8595,38.87727],[8.86201,38.88481],[8.8998,38.9033],[8.91487,38.9202],[8.99799,38.97865],[8.9957,38.98527],[9.00255,38.99121],[9.0094,38.99258],[9.01283,38.98801],[9.01694,38.98801],[9.02299,38.99897],[9.02139,39.00468],[9.02778,39.02751],[9.04171,39.04281],[9.04514,39.05583],[9.01597,39.0915],[9.01119,39.13055],[9.01297,39.14089],[9.02025,39.15542],[9.04222,39.18064],[9.07361,39.20558],[9.08829,39.2136],[9.08464,39.22045],[9.07847,39.22091]]]},"properties":{"kind":"coastline","source":"awmc-shoreline"}},{"type":"Feature","geometry":{"type":"MultiLineString","coordinates":[[[8.6427,38.86426],[8.63631,38.86448],[8.63654,38.86837],[8.64658,38.87499],[8.64247,38.88161],[8.64636,38.89211],[8.6322,38.89531],[8.62249,38.89006],[8.60879,38.89143],[8.60651,38.89782],[8.60586,38.90458],[8.61811,38.92469],[8.61928,38.94508],[8.61478,38.95806],[8.60035,38.96541],[8.59258,38.95924],[8.58756,38.96152],[8.57363,38.97888],[8.57112,38.99052],[8.56427,39.00148],[8.56496,39.01176],[8.57409,39.01724],[8.57409,39.03619],[8.58299,39.02774],[8.58619,39.02911],[8.58071,39.03847],[8.58299,39.04806],[8.56878,39.04467],[8.56016,39.054],[8.548,39.05275],[8.53813,39.06373],[8.53698,39.07012],[8.52146,39.06943],[8.5242,39.0651],[8.52146,39.06373],[8.51208,39.0672],[8.51256,39.07108],[8.50639,39.07141],[8.51542,39.08281],[8.51406,39.08828],[8.49067,39.08625],[8.48475,39.07903],[8.48778,39.07544],[8.48558,39.07128],[8.48889,39.06858],[8.45961,39.05775],[8.45464,39.04917],[8.45908,39.0472],[8.46392,39.05211],[8.46489,39.04892],[8.45186,39.026],[8.44908,39.00353],[8.45216,38.99541],[8.45102,38.98559],[8.4428,38.97874],[8.44371,38.96984],[8.43138,38.95979],[8.41677,38.96139],[8.41563,38.95568],[8.40718,38.95705],[8.40261,38.96344],[8.40284,38.97303],[8.39622,38.97714],[8.394,38.986],[8.36813,39.02555],[8.34713,39.08035],[8.35306,39.0888],[8.35101,39.09702],[8.36813,39.1162],[8.38389,39.1009],[8.4243,39.10455],[8.45444,39.08469],[8.46198,39.06437],[8.4702,39.06733],[8.48298,39.08469],[8.48572,39.09359],[8.48024,39.09884],[8.47157,39.11802],[8.46266,39.12601],[8.43472,39.11997],[8.43469,39.15396],[8.41369,39.17702],[8.41095,39.17086],[8.40592,39.16835],[8.40136,39.17406],[8.3961,39.19689],[8.37829,39.20168],[8.36848,39.20945],[8.36596,39.2284],[8.40912,39.2647],[8.42396,39.27064],[8.43309,39.28297],[8.43218,39.30722],[8.43013,39.31293],[8.41734,39.32302],[8.41917,39.33428],[8.41323,39.33832],[8.39542,39.33946],[8.39199,39.34448],[8.39348,39.34841],[8.38697,39.35293],[8.38811,39.36503],[8.38058,39.36572],[8.37555,39.37622],[8.38492,39.39312],[8.4009,39.40294],[8.40387,39.41298],[8.41095,39.41938],[8.413,39.43582],[8.41095,39.44038],[8.38103,39.45431],[8.38651,39.47577],[8.39588,39.48262],[8.39496,39.48582],[8.4041,39.48902],[8.44657,39.53971],[8.45494,39.56392],[8.463,39.57647],[8.46141,39.58606],[8.46917,39.60158],[8.46415,39.61597],[8.45182,39.62259],[8.44869,39.63128],[8.44922,39.65781],[8.45356,39.6693],[8.44451,39.67634],[8.44177,39.68524],[8.44999,39.69004],[8.4541,39.71013],[8.44383,39.71447],[8.44634,39.71561],[8.44748,39.72749],[8.44428,39.73228],[8.44702,39.74004],[8.44351,39.75457],[8.45081,39.76918],[8.45743,39.76986],[8.46931,39.75913],[8.47113,39.75251],[8.49405,39.72531]]]},"properties":{"kind":"coastline","source":"awmc-shoreline"}},{"type":"Feature","geometry":{"type":"MultiLineString","coordinates":[[[8.94152,37.54181],[8.95841,37.53143],[8.95899,37.52582],[8.95258,37.51901],[8.93999,37.52135],[8.91269,37.5142],[8.90172,37.51637],[8.90133,37.52271],[8.91566,37.5309],[8.93133,37.5319],[8.94152,37.54181]]]},"properties":{"kind":"coastline","source":"awmc-shoreline"}},{"type":"Feature","geometry":{"type":"MultiLineString","coordinates":[[[9.78794,37.21883],[9.79961,37.22353],[9.80594,37.23914],[9.79967,37.23864],[9.79486,37.23425],[9.78758,37.22386],[9.78794,37.21883]]]},"properties":{"kind":"coastline","source":"awmc-shoreline"}},{"type":"Feature","geometry":{"type":"MultiLineString","coordinates":[[[10.79394,37.11823],[10.81908,37.1212],[10.80591,37.14023],[10.80019,37.13839],[10.79905,37.13245],[10.79163,37.12739],[10.7908,37.12028],[10.79394,37.11823]]]},"properties":{"kind":"coastline","source":"awmc-shoreline"}},{"type":"Feature","geometry":{"type":"MultiLineString","coordinates":[[[10.22085,37.16876],[10.25674,37.17134],[10.2783,37.17673],[10.28175,37.17884],[10.27886,37.1818],[10.21419,37.18608],[10.21016,37.18836],[10.20974,37.19679],[10.14485,37.22811],[10.11674,37.23619],[10.09213,37.23627],[10.0713,37.25539],[10.06663,37.26834],[10.03429,37.26026],[10.01873,37.25248],[9.97621,37.24828],[9.91678,37.25697],[9.90326,37.2563],[9.87966,37.26774],[9.87277,37.26505],[9.86499,37.25128],[9.83894,37.2396],[9.83745,37.23571],[9.82876,37.23182],[9.82787,37.22793],[9.83176,37.22583],[9.8587,37.23212],[9.88235,37.23182],[9.88954,37.22823],[9.93475,37.22553],[9.93834,37.21745],[9.93654,37.18451],[9.92786,37.17104],[9.91365,37.16015],[9.86694,37.13601],[9.83999,37.13631],[9.81359,37.14082],[9.80953,37.14421],[9.80975,37.16254],[9.80107,37.17062],[9.7846,37.17901],[9.78071,37.18709],[9.7864,37.20535],[9.78281,37.20715],[9.77712,37.20056],[9.76992,37.21352],[9.75886,37.22152],[9.76724,37.22781],[9.77323,37.22481],[9.77951,37.23589],[9.7846,37.23799],[9.81005,37.24427],[9.82412,37.24337],[9.85526,37.25834],[9.85736,37.26403],[9.86334,37.26733],[9.86858,37.26505],[9.87397,37.26804],[9.87832,37.27947],[9.87034,37.29888],[9.86634,37.329],[9.86364,37.33469],[9.82831,37.33708],[9.81784,37.33529],[9.80885,37.3284],[9.7879,37.3281],[9.76125,37.33439],[9.75886,37.34217],[9.75407,37.34577],[9.7397,37.34577],[9.72173,37.33768],[9.70407,37.33409],[9.68775,37.33828],[9.66769,37.33738],[9.65272,37.33169],[9.61829,37.30984],[9.58985,37.29816],[9.57129,37.29667],[9.56081,37.30595],[9.5421,37.29906],[9.53551,37.29966],[9.48791,37.27271],[9.45528,37.26343],[9.44091,37.27002],[9.41995,37.27062],[9.38896,37.26415],[9.38379,37.25036],[9.35124,37.2417],[9.33567,37.23272],[9.29825,37.23212],[9.28777,37.22613],[9.26022,37.21864],[9.25543,37.21445],[9.24615,37.21775],[9.224,37.21535],[9.2252,37.22104],[9.21831,37.2393],[9.21382,37.2387],[9.1864,37.21966],[9.15679,37.18601],[9.14361,37.18032],[9.12212,37.16404],[9.08082,37.15842]]]},"properties":{"kind":"coastline","source":"awmc-shoreline"}},{"type":"Feature","geometry":{"type":"MultiLineString","coordinates":[[[10.1952,37.12178],[10.19482,37.12177]]]},"properties":{"kind":"coastline","source":"awmc-shoreline"}},{"type":"Feature","geometry":{"type":"MultiLineString","coordinates":[[[10.87547,37.10977],[10.87675,37.10646],[10.87386,37.10463],[10.86964,37.10646],[10.87547,37.10977]]]},"properties":{"kind":"coastline","source":"awmc-shoreline"}},{"type":"Feature","geometry":{"type":"MultiLineString","coordinates":[[[9.08082,37.15842],[9.0499,37.15038],[9.03344,37.142],[9.01711,37.1333],[9.00634,37.12446],[9.00185,37.11637],[8.9788,37.1047],[8.9785,37.1023],[8.98449,37.1011],[8.98209,37.09721],[8.95066,37.06159],[8.89677,37.01937]]]},"properties":{"kind":"coastline","source":"awmc-shoreline"}},{"type":"Feature","geometry":{"type":"MultiLineString","coordinates":[[[8.89677,37.01937],[8.83869,36.97776],[8.82431,36.97446],[8.81009,36.96369],[8.78465,36.9553],[8.76309,36.9559],[8.76189,36.96728],[8.75052,36.96279],[8.74064,36.97057],[8.71609,36.96398],[8.70651,36.96788],[8.70351,36.96279],[8.67956,36.96009],[8.64543,36.94452]]]},"properties":{"kind":"coastline","source":"awmc-shoreline"}},{"type":"Feature","geometry":{"type":"MultiLineString","coordinates":[[[7.77032,36.87387],[7.78229,36.86219],[7.79726,36.85501],[7.8513,36.84363],[7.8986,36.84423],[7.94208,36.85033],[7.94992,36.84639],[7.95203,36.8515],[7.97076,36.85381],[8.03525,36.87383],[8.15054,36.91638],[8.19006,36.93405],[8.19446,36.94019],[8.20563,36.93884],[8.20982,36.94512],[8.22793,36.955],[8.23272,36.95141],[8.23917,36.95169],[8.2429,36.94692],[8.24111,36.93524],[8.26176,36.93165],[8.26745,36.91968],[8.28452,36.91758],[8.32972,36.92327],[8.36116,36.92267],[8.38616,36.91668],[8.39843,36.91818],[8.42538,36.89662],[8.43765,36.90111],[8.4667,36.90111],[8.51789,36.91159],[8.55696,36.92746],[8.60232,36.93674],[8.6089,36.94303],[8.61369,36.94093],[8.61549,36.93554],[8.63286,36.93674],[8.63884,36.93914],[8.63675,36.94153],[8.64573,36.94452]]]},"properties":{"kind":"coastline","source":"awmc-shoreline"}},{"type":"Feature","geometry":{"type":"MultiLineString","coordinates":[[[10.22134,36.78964],[10.20644,36.78094],[10.19507,36.79142],[10.19447,36.80878],[10.20674,36.82764],[10.23459,36.83064],[10.2747,36.8474],[10.29147,36.84112],[10.30247,36.83288],[10.30764,36.83333],[10.30741,36.8305]]]},"properties":{"kind":"coastline","source":"awmc-shoreline"}},{"type":"Feature","geometry":{"type":"MultiLineString","coordinates":[[[12.0177,36.7329],[12.0274,36.73315],[12.04287,36.74238],[12.05651,36.7599],[12.05787,36.77546],[12.05201,36.79985],[12.04452,36.80474],[12.03904,36.80435],[12.01604,36.82468],[12.00363,36.82509],[12.00168,36.8202],[11.98779,36.82372],[11.9722,36.83704],[11.96176,36.84035],[11.94318,36.83683],[11.93281,36.83115],[11.92706,36.82532],[11.92784,36.82004],[11.92406,36.81457],[11.92537,36.80449],[11.95374,36.77657],[11.95479,36.76868],[11.96724,36.76503],[11.97937,36.74527],[11.99356,36.73507],[12.0177,36.7329]]]},"properties":{"kind":"coastline","source":"awmc-shoreline"}},{"type":"Feature","geometry":{"type":"MultiLineString","coordinates":[[[11.04593,37.08422],[11.03785,37.08721],[11.03455,37.08542],[11.03695,37.07823],[10.98425,37.05787],[10.97467,37.04979],[10.96479,37.05548],[10.9597,37.05218],[10.94204,37.05368],[10.92542,37.05009],[10.92393,37.04709],[10.91165,37.04949],[10.90928,37.04264],[10.91242,37.03989],[10.90926,37.03841],[10.90656,37.02943],[10.90926,37.02434],[10.91824,37.01955],[10.91764,37.01356],[10.90147,37.01117],[10.87213,36.97734],[10.8665,36.9767],[10.78082,36.92524],[10.76016,36.90608],[10.73801,36.89291],[10.70253,36.88273],[10.67588,36.88243],[10.65942,36.88572],[10.62439,36.87704],[10.61661,36.88273],[10.60852,36.88303],[10.61122,36.87375],[10.58427,36.86417],[10.58711,36.85794],[10.58547,36.85386],[10.57611,36.85042],[10.57125,36.84381],[10.56322,36.80272],[10.544,36.76174],[10.54029,36.75912]]]},"properties":{"kind":"coastline","source":"awmc-shoreline"}},{"type":"Feature","geometry":{"type":"MultiLineString","coordinates":[[[12.42656,37.79975],[12.43283,37.78542],[12.43388,37.78982],[12.43919,37.79055],[12.4575,37.76878],[12.46028,37.75797],[12.47097,37.74414],[12.46888,37.72612],[12.47286,37.72277],[12.46636,37.71774],[12.4716,37.71711],[12.47369,37.71041],[12.47139,37.70663],[12.47653,37.69797],[12.48283,37.69628],[12.48595,37.68882],[12.49161,37.68861],[12.4935,37.68308],[12.49873,37.68065],[12.49748,37.67646],[12.51717,37.66473],[12.5178,37.65991],[12.53386,37.65847],[12.54864,37.66286],[12.56156,37.66175],[12.60658,37.64117],[12.61192,37.63561],[12.61981,37.61508],[12.64861,37.57733],[12.66242,37.56497],[12.67953,37.55944],[12.75761,37.5793],[12.78761,37.58342],[12.86319,37.58242],[12.90346,37.57224],[12.91456,37.57811],[12.94579,37.57119],[12.96639,37.55958],[12.97506,37.55003],[12.98864,37.54206],[13.01483,37.5077],[13.0119,37.49994],[13.02259,37.4945],[13.02762,37.49743],[13.0383,37.49512],[13.05342,37.50486],[13.06608,37.506],[13.10475,37.50253],[13.12267,37.49578],[13.13176,37.49848],[13.13218,37.49471],[13.14881,37.49644],[13.17335,37.48989],[13.18875,37.47733],[13.19452,37.4683],[13.21447,37.46309],[13.23831,37.43436],[13.24989,37.42847],[13.26147,37.41336],[13.27222,37.38883],[13.28344,37.39],[13.30136,37.38528],[13.32097,37.36416],[13.32894,37.36081],[13.3465,37.36097],[13.36389,37.34917],[13.3721,37.34886],[13.38619,37.33839],[13.40406,37.33252],[13.4183,37.31513],[13.42489,37.31142],[13.42752,37.30486],[13.44542,37.29953],[13.44827,37.29334],[13.46377,37.29522],[13.47781,37.28726],[13.5016,37.29145],[13.52297,37.28558],[13.55419,37.28621],[13.56802,37.2772],[13.57598,37.2684],[13.57703,37.26149],[13.59086,37.25939],[13.62311,37.23505],[13.64397,37.22542],[13.65442,37.21303],[13.662,37.19422],[13.68065,37.18961],[13.70894,37.17264],[13.72381,37.17138],[13.75137,37.14938],[13.76876,37.1454],[13.78622,37.1473],[13.82324,37.14393],[13.83665,37.1389],[13.85069,37.12717],[13.8597,37.11229],[13.88726,37.09888],[13.90507,37.09532],[13.92414,37.09867],[13.93168,37.09469],[13.93797,37.09658],[13.93922,37.09218],[13.9432,37.0993],[13.94719,37.09427],[13.9497,37.09909],[13.95452,37.09867],[13.95536,37.10349],[13.97119,37.10897],[14.04114,37.10669],[14.07071,37.11041],[14.17433,37.09322],[14.22567,37.0685],[14.24689,37.06508],[14.28905,37.04168],[14.33515,37.00459],[14.39141,36.9478],[14.40461,36.92664],[14.40587,36.91973],[14.41174,36.91658],[14.44254,36.87405],[14.44883,36.85862],[14.45134,36.84165],[14.45658,36.84018],[14.45826,36.81483],[14.46307,36.81713],[14.49377,36.78675],[14.51158,36.78833],[14.53547,36.77942],[14.54783,36.78235],[14.58786,36.77732],[14.5977,36.77145],[14.63342,36.76347],[14.65428,36.7484],[14.65973,36.74799],[14.67575,36.73783],[14.68689,36.72117],[14.70174,36.71676],[14.72953,36.72028],[14.73422,36.71697],[14.74197,36.72137],[14.75983,36.7115],[14.77917,36.71006],[14.7842,36.70503],[14.7909,36.70482],[14.81395,36.71676],[14.82694,36.71614],[14.83553,36.72137],[14.84182,36.72054],[14.84832,36.72745],[14.85712,36.73017],[14.89273,36.73069],[14.91023,36.7264],[14.92658,36.73206],[14.93685,36.74128],[14.94104,36.74128],[14.95214,36.73395],[14.9402,36.71949],[14.94271,36.70943],[14.9534,36.69707],[14.97039,36.69186],[14.99101,36.69434],[14.99416,36.7]]]},"properties":{"kind":"coastline","source":"awmc-shoreline"}},{"type":"Feature","geometry":{"type":"MultiLineString","coordinates":[[[11.04593,37.08422],[11.04772,37.08003],[11.05641,37.07584],[11.0606,37.06416],[11.076,37.04814],[11.06329,37.04111],[11.0582,37.03123],[11.0579,37.01326],[11.07976,36.98273],[11.09806,36.96331],[11.10715,36.90878],[11.11703,36.89351],[11.13739,36.87764],[11.12287,36.83752],[11.11958,36.83363],[11.10491,36.83722],[11.08066,36.82914],[11.05311,36.81357],[10.99433,36.75086],[10.96786,36.71467],[10.90117,36.63573],[10.81214,36.45945],[10.79683,36.45167],[10.78778,36.4535],[10.73681,36.43972],[10.72433,36.44017],[10.68811,36.42569],[10.65817,36.4055],[10.64739,36.40456],[10.64372,36.40064],[10.63636,36.40203],[10.61541,36.39353],[10.59924,36.40221],[10.57806,36.39961],[10.54644,36.37366],[10.52981,36.35096]]]},"properties":{"kind":"coastline","source":"awmc-shoreline"}},{"type":"Feature","geometry":{"type":"MultiLineString","coordinates":[[[14.30712,44.49853],[14.29648,44.50228],[14.28801,44.51122],[14.28559,44.51792],[14.28815,44.52118],[14.30515,44.51464],[14.31212,44.50755],[14.31973,44.50689],[14.30712,44.49853]]]},"properties":{"kind":"coastline","source":"awmc-shoreline"}},{"type":"Feature","geometry":{"type":"MultiLineString","coordinates":[[[14.56,44.49366],[14.56253,44.49815],[14.56028,44.50327],[14.54584,44.50782],[14.54411,44.50582],[14.55367,44.49454],[14.56,44.49366]]]},"properties":{"kind":"coastline","source":"awmc-shoreline"}},{"type":"Feature","geometry":{"type":"MultiLineString","coordinates":[[[14.53342,44.4785],[14.54298,44.48713],[14.54116,44.49297],[14.52351,44.50574],[14.52491,44.51111],[14.48689,44.52814],[14.48595,44.53233],[14.46753,44.54097],[14.45516,44.55379],[14.4463,44.55729],[14.4414,44.56499],[14.43088,44.57014],[14.43263,44.57261],[14.42087,44.58794],[14.41644,44.58678],[14.40932,44.596],[14.40781,44.6087],[14.40268,44.61757],[14.39591,44.61886],[14.39288,44.62764],[14.40007,44.6412],[14.39554,44.64589],[14.40096,44.651],[14.40074,44.65836],[14.39493,44.66884],[14.39899,44.67811],[14.39716,44.6855],[14.38993,44.68778],[14.38082,44.69698],[14.35721,44.69906],[14.35323,44.70536],[14.3411,44.71236],[14.33829,44.70487],[14.34046,44.69748],[14.33699,44.693],[14.33935,44.67231],[14.3523,44.64976],[14.3502,44.64649],[14.37586,44.62923],[14.3881,44.60562],[14.38577,44.59863],[14.37714,44.59536],[14.37107,44.58486],[14.37504,44.57693],[14.36804,44.57017],[14.36721,44.5652],[14.37054,44.56139],[14.3846,44.55944],[14.39277,44.55337],[14.3965,44.56014],[14.4056,44.55874],[14.40863,44.562],[14.40583,44.56714],[14.4077,44.57134],[14.41773,44.56504],[14.42612,44.56784],[14.44105,44.55407],[14.46204,44.54171],[14.46531,44.53518],[14.44222,44.54778],[14.44035,44.53938],[14.44385,44.52958],[14.44985,44.52764],[14.44774,44.52403],[14.48,44.50906],[14.48713,44.49809],[14.51826,44.4743],[14.53342,44.4785]]]},"properties":{"kind":"coastline","source":"awmc-shoreline"}},{"type":"Feature","geometry":{"type":"MultiLineString","coordinates":[[[14.87085,44.4672],[14.87327,44.47011],[14.86485,44.483],[14.8581,44.48711],[14.84588,44.48595],[14.85013,44.47753],[14.87085,44.4672]]]},"properties":{"kind":"coastline","source":"awmc-shoreline"}},{"type":"Feature","geometry":{"type":"MultiLineString","coordinates":[[[14.57608,44.44275],[14.56928,44.44662],[14.5389,44.44328],[14.53051,44.45447],[14.53797,44.46247],[14.5452,44.4631],[14.56544,44.45706],[14.57608,44.44275]]]},"properties":{"kind":"coastline","source":"awmc-shoreline"}},{"type":"Feature","geometry":{"type":"MultiLineString","coordinates":[[[14.9616,44.4022],[14.96807,44.40359],[14.96524,44.40898],[14.95379,44.4144],[14.95185,44.41906],[14.92888,44.42878],[14.90766,44.45084],[14.88849,44.45562],[14.88479,44.45276],[14.89354,44.44489],[14.89535,44.43865],[14.93224,44.41195],[14.9616,44.4022]]]},"properties":{"kind":"coastline","source":"awmc-shoreline"}},{"type":"Feature","geometry":{"type":"MultiLineString","coordinates":[[[14.86633,44.37261],[14.85992,44.38155],[14.85183,44.38503],[14.85511,44.37645],[14.86633,44.37261]]]},"properties":{"kind":"coastline","source":"awmc-shoreline"}},{"type":"Feature","geometry":{"type":"MultiLineString","coordinates":[[[14.72679,44.34849],[14.72096,44.36719],[14.70183,44.37652],[14.70277,44.38188],[14.6995,44.38772],[14.7051,44.39916],[14.69087,44.41174],[14.66818,44.41113],[14.65961,44.40148],[14.66335,44.39191],[14.68271,44.38655],[14.69087,44.37559],[14.69344,44.36136],[14.71559,44.34899],[14.72679,44.34849]]]},"properties":{"kind":"coastline","source":"awmc-shoreline"}},{"type":"Feature","geometry":{"type":"MultiLineString","coordinates":[[[14.79479,44.34246],[14.80388,44.3448],[14.81508,44.3427],[14.81951,44.35039],[14.81741,44.36042],[14.80269,44.36995],[14.795,44.38419],[14.80517,44.38867],[14.80994,44.39836],[14.80015,44.41384],[14.79035,44.42084],[14.77962,44.42014],[14.77053,44.41267],[14.76094,44.41581],[14.76003,44.41147],[14.76683,44.403],[14.76461,44.39803],[14.77072,44.37881],[14.74708,44.36811],[14.7645,44.36114],[14.79455,44.3427]]]},"properties":{"kind":"coastline","source":"awmc-shoreline"}},{"type":"Feature","geometry":{"type":"MultiLineString","coordinates":[[[14.66286,44.30556],[14.62025,44.3225],[14.61828,44.32692],[14.58975,44.33997],[14.58367,44.34978],[14.592,44.35617],[14.60419,44.34158],[14.64156,44.32708],[14.64044,44.32436],[14.654,44.31683],[14.66286,44.30556]]]},"properties":{"kind":"coastline","source":"awmc-shoreline"}},{"type":"Feature","geometry":{"type":"MultiLineString","coordinates":[[[14.71443,44.27225],[14.71755,44.27707],[14.72435,44.27388],[14.72702,44.27563],[14.72424,44.28213],[14.70658,44.29027],[14.7001,44.28841],[14.69233,44.29118],[14.68877,44.28811],[14.70207,44.27575],[14.71443,44.27249]]]},"properties":{"kind":"coastline","source":"awmc-shoreline"}},{"type":"Feature","geometry":{"type":"MultiLineString","coordinates":[[[14.76322,44.25505],[14.76608,44.26022],[14.76472,44.26897],[14.78308,44.2622],[14.79894,44.27128],[14.78847,44.27164],[14.77189,44.28639],[14.75247,44.29164],[14.75628,44.28119],[14.73653,44.28114],[14.73481,44.27408],[14.73833,44.26917],[14.76322,44.25505]]]},"properties":{"kind":"coastline","source":"awmc-shoreline"}},{"type":"Feature","geometry":{"type":"MultiLineString","coordinates":[[[14.82997,44.19894],[14.84122,44.20086],[14.829,44.20883],[14.81717,44.23239],[14.83853,44.22342],[14.84256,44.21664],[14.86806,44.21255],[14.86878,44.20406],[14.89061,44.19758],[14.89281,44.20186],[14.90319,44.20494],[14.90094,44.20961],[14.90961,44.21092],[14.90036,44.21536],[14.89772,44.22369],[14.88681,44.22683],[14.88292,44.221],[14.87814,44.2207],[14.86228,44.23156],[14.82219,44.24644],[14.80231,44.26406],[14.79056,44.25942],[14.78972,44.25622],[14.81614,44.22142],[14.82328,44.20375],[14.82997,44.19894]]]},"properties":{"kind":"coastline","source":"awmc-shoreline"}},{"type":"Feature","geometry":{"type":"MultiLineString","coordinates":[[[14.94465,44.14601],[14.94637,44.14823],[14.94348,44.15245],[14.89129,44.17581],[14.89006,44.17148],[14.89331,44.16795],[14.91598,44.15959],[14.91942,44.15398],[14.94465,44.14601]]]},"properties":{"kind":"coastline","source":"awmc-shoreline"}},{"type":"Feature","geometry":{"type":"MultiLineString","coordinates":[[[15.0,44.16108],[14.99317,44.16147],[14.98319,44.17419],[14.94558,44.20142],[14.93911,44.19958],[14.9395,44.19131],[14.96606,44.16975],[14.97164,44.15808],[14.98214,44.15339],[15.0,44.13705]]]},"properties":{"kind":"coastline","source":"awmc-shoreline"}},{"type":"Feature","geometry":{"type":"MultiLineString","coordinates":[[[15.0,44.08408],[14.99642,44.08181],[14.97999,44.08803],[14.95083,44.10272],[14.94897,44.10832],[14.94419,44.11098],[14.94512,44.11751],[14.93467,44.1227],[14.9255,44.12325],[14.91725,44.13317],[14.90894,44.13736],[14.90997,44.1435],[14.89714,44.15128],[14.88689,44.15322],[14.87761,44.16386],[14.86547,44.16772],[14.85647,44.1758],[14.8585,44.16314],[14.87814,44.14253],[14.86606,44.14225],[14.85264,44.15097],[14.84822,44.14653],[14.85925,44.14042],[14.85556,44.13733],[14.82674,44.1545],[14.82394,44.15964],[14.81788,44.1559],[14.82324,44.14681],[14.83537,44.13748],[14.85558,44.13275],[14.86783,44.12547],[14.87097,44.12489],[14.87425,44.13167],[14.89619,44.12197],[14.92238,44.10412],[14.94045,44.08513],[14.95678,44.07697],[14.98151,44.05784],[14.9906,44.05481],[15.00672,44.04133],[15.02793,44.00802],[15.03562,44.00405],[15.06875,43.9609],[15.07948,43.95414],[15.09277,43.93618],[15.13499,43.90315],[15.1961,43.86676],[15.20178,43.87375],[15.19883,43.8812],[15.1805,43.88622],[15.16994,43.8983],[15.15528,43.89545],[15.1445,43.91461],[15.13622,43.91836],[15.13219,43.92447],[15.13592,43.9295],[15.13966,43.9295],[15.16112,43.91131],[15.15598,43.90944],[15.15785,43.90641],[15.18747,43.90198],[15.1982,43.89335],[15.21317,43.89167],[15.20975,43.88356],[15.22419,43.88208],[15.22447,43.89034],[15.21756,43.89106],[15.21539,43.89642],[15.22456,43.89662],[15.22619,43.90268],[15.22106,43.90828],[15.18584,43.92251],[15.13836,43.95886],[15.12689,43.9625],[15.11828,43.97061],[15.12111,43.97779],[15.11435,43.98245],[15.08678,43.99672],[15.08472,43.99412],[15.09079,43.98875],[15.04834,44.01418],[15.02892,44.04122],[15.02425,44.06155],[15.01572,44.0715],[15.00281,44.07311],[15.00206,44.07611],[15.01006,44.08178],[15.00383,44.0865],[15.0,44.08408]]]},"properties":{"kind":"coastline","source":"awmc-shoreline"}},{"type":"Feature","geometry":{"type":"MultiLineString","coordinates":[[[12.75424,43.96912],[12.79769,43.96606],[12.89284,43.9235],[12.91343,43.91871],[12.98752,43.86485],[13.01218,43.85144],[13.01553,43.85312],[13.05622,43.83037],[13.13558,43.77172],[13.18023,43.74635],[13.21087,43.72385],[13.21901,43.72289],[13.26306,43.69296],[13.32171,43.66089],[13.36707,43.64652],[13.42764,43.61804],[13.46809,43.60822],[13.48174,43.60774],[13.50144,43.61497],[13.50759,43.61875],[13.50735,43.6233],[13.50065,43.63048],[13.51023,43.63096],[13.55355,43.60248],[13.56576,43.58883],[13.56876,43.5759],[13.57426,43.5704],[13.58288,43.56633],[13.59593,43.56585],[13.62657,43.54957],[13.62781,43.54561],[13.6213,43.5309],[13.62489,43.51941],[13.62274,43.50409],[13.64021,43.48039],[13.67229,43.42533],[13.70605,43.34322],[13.72208,43.32072],[13.73334,43.31186],[13.73405,43.30468],[13.77236,43.24555],[13.78053,43.22919],[13.78739,43.20128],[13.84525,43.09425],[13.85089,43.05533],[13.86943,42.99275],[13.89193,42.93769],[13.9109,42.90181]]]},"properties":{"kind":"coastline","source":"awmc-shoreline"}},{"type":"Feature","geometry":{"type":"MultiLineString","coordinates":[[[10.17313,42.73588],[10.15897,42.73005],[10.15747,42.72591],[10.14686,42.73041],[10.14005,42.72922],[10.13344,42.7358],[10.12255,42.73986],[10.1133,42.75605],[10.10488,42.75941],[10.1028,42.77313],[10.10661,42.78871],[10.14077,42.80707],[10.14913,42.80944],[10.17399,42.80685],[10.18324,42.81127],[10.20941,42.80505],[10.21983,42.79299],[10.23353,42.78826],[10.23927,42.79049],[10.24406,42.7873],[10.24789,42.79145],[10.24583,42.79866],[10.25108,42.80166],[10.26194,42.80035],[10.26872,42.80474],[10.26616,42.81183],[10.27447,42.81808],[10.26411,42.82533],[10.26374,42.83013],[10.26777,42.83016],[10.27936,42.82291],[10.29302,42.82255],[10.29774,42.81913],[10.31541,42.82174],[10.3263,42.81813],[10.32758,42.81496],[10.31155,42.80685],[10.31311,42.8048],[10.34715,42.7956],[10.3588,42.80094],[10.36119,42.80919],[10.35924,42.81535],[10.37433,42.82758],[10.38147,42.82807],[10.38511,42.83816],[10.39124,42.84369],[10.39422,42.85652],[10.40349,42.86185],[10.40683,42.86941],[10.41488,42.87221],[10.42269,42.86744],[10.42561,42.85622],[10.44247,42.84669],[10.44408,42.84235],[10.43621,42.83135],[10.42766,42.80655],[10.43544,42.8036],[10.43986,42.79791],[10.43311,42.78894],[10.43788,42.77638],[10.42177,42.77285],[10.40852,42.76477],[10.39211,42.76263],[10.38658,42.7578],[10.40677,42.75447],[10.40808,42.74897],[10.43349,42.73432],[10.43591,42.72416],[10.43413,42.71566],[10.42336,42.7076],[10.41024,42.71716],[10.39699,42.71044],[10.38052,42.71541],[10.37572,42.72797],[10.36763,42.73091],[10.36819,42.73777],[10.35744,42.75466],[10.35272,42.76083],[10.34369,42.76397],[10.31922,42.76041],[10.31836,42.75583],[10.32609,42.74613],[10.31939,42.73687],[10.31428,42.74102],[10.31428,42.75028],[10.31058,42.75599],[10.30219,42.75916],[10.29077,42.75266],[10.2928,42.7401],[10.28511,42.73569],[10.27177,42.73538],[10.26141,42.74516],[10.25524,42.7426],[10.23872,42.74913],[10.23502,42.7473],[10.23447,42.7411],[10.24049,42.73222],[10.23341,42.72713],[10.20447,42.73563],[10.19802,42.73169],[10.18866,42.73574],[10.17313,42.73588]]]},"properties":{"kind":"coastline","source":"awmc-shoreline"}},{"type":"Feature","geometry":{"type":"MultiLineString","coordinates":[[[10.09016,42.56803],[10.10083,42.57864],[10.0856,42.60256],[10.08491,42.60739],[10.08944,42.61428],[10.08288,42.61903],[10.07705,42.61556],[10.07699,42.60023],[10.07372,42.59195],[10.06974,42.58825],[10.05241,42.58903],[10.04749,42.58714],[10.04633,42.58325],[10.0486,42.57481],[10.0533,42.57278],[10.06502,42.57447],[10.09016,42.56803]]]},"properties":{"kind":"coastline","source":"awmc-shoreline"}},{"type":"Feature","geometry":{"type":"MultiLineString","coordinates":[[[10.50786,42.99592],[10.48472,42.99177],[10.48121,42.98603],[10.48636,42.97675],[10.48397,42.96483],[10.49717,42.93911],[10.49685,42.9324],[10.51122,42.93208],[10.52941,42.92027],[10.54218,42.92187],[10.54696,42.92634],[10.54792,42.9407],[10.56452,42.95283],[10.57984,42.95666],[10.60889,42.95634],[10.67983,42.95131],[10.74661,42.92602],[10.76656,42.91402],[10.78093,42.89966],[10.78508,42.88816],[10.76688,42.86965],[10.7688,42.86103],[10.77295,42.85752],[10.77327,42.8339],[10.75603,42.80901],[10.7455,42.80677],[10.73911,42.81156],[10.73145,42.80135],[10.74741,42.79592],[10.78763,42.77358],[10.79561,42.77645],[10.87142,42.764],[10.88514,42.76464],[10.9094,42.77805],[10.9177,42.79018],[10.92352,42.79312],[10.96966,42.78655],[11.02002,42.81487],[11.04542,42.83906],[11.06439,42.83798],[11.07258,42.83178],[11.08754,42.8089],[11.10035,42.7974],[11.11381,42.76055],[11.1077,42.75189],[11.07785,42.74087],[11.06243,42.74016],[10.90521,42.76271],[10.89695,42.75928],[10.98648,42.72736],[11.04681,42.69768],[11.05606,42.68523],[11.06596,42.6798],[11.07745,42.66001],[11.08671,42.62369],[11.0816,42.61379],[11.0982,42.60358],[11.10625,42.58178],[11.13156,42.55244],[11.13556,42.55336],[11.13806,42.56297],[11.1456,42.56464],[11.15645,42.56113],[11.17464,42.54517],[11.18836,42.52533],[11.19252,42.50399],[11.19092,42.48101],[11.17592,42.45037],[11.16634,42.43984],[11.15868,42.43569],[11.12293,42.43824],[11.11272,42.44782],[11.10634,42.44814],[11.10059,42.44654],[11.09464,42.43983],[11.09612,42.43377],[11.08559,42.42962],[11.09122,42.41283],[11.0875,42.40847],[11.09983,42.39314],[11.13403,42.38303],[11.14965,42.37024],[11.15476,42.36163],[11.16689,42.36673],[11.18955,42.36482],[11.19322,42.38017],[11.21111,42.38792],[11.21285,42.39163],[11.20679,42.39131],[11.20679,42.39354],[11.21221,42.39865],[11.20551,42.40216],[11.21211,42.41103],[11.24606,42.42058],[11.27605,42.41844],[11.28451,42.40691],[11.30701,42.40667],[11.37547,42.39709],[11.36518,42.40188],[11.36925,42.40691],[11.38529,42.40427],[11.40109,42.39733],[11.38505,42.39494],[11.38912,42.39326],[11.45459,42.37674]]]},"properties":{"kind":"coastline","source":"awmc-shoreline"}},{"type":"Feature","geometry":{"type":"MultiLineString","coordinates":[[[10.92265,42.31982],[10.92967,42.32493],[10.93117,42.33306],[10.92467,42.34609],[10.92342,42.35273],[10.92648,42.35781],[10.91972,42.36486],[10.92,42.36945],[10.90831,42.37173],[10.89964,42.385],[10.88453,42.38934],[10.88144,42.3875],[10.88117,42.37081],[10.87378,42.36736],[10.87039,42.37056],[10.863,42.36209],[10.86489,42.35406],[10.87753,42.352],[10.88308,42.34334],[10.89789,42.33325],[10.905,42.32364],[10.92296,42.32046]]]},"properties":{"kind":"coastline","source":"awmc-shoreline"}},{"type":"Feature","geometry":{"type":"MultiLineString","coordinates":[[[10.31028,42.31164],[10.32711,42.32089],[10.33061,42.33831],[10.31567,42.35264],[10.30334,42.35281],[10.29292,42.34703],[10.28734,42.32547],[10.30073,42.31364],[10.31028,42.31164]]]},"properties":{"kind":"coastline","source":"awmc-shoreline"}},{"type":"Feature","geometry":{"type":"MultiLineString","coordinates":[[[11.10486,42.2395],[11.11103,42.2402],[11.11103,42.24317],[11.10089,42.25003],[11.10828,42.25553],[11.11567,42.2562],[11.11075,42.264],[11.1015,42.25989],[11.09689,42.26194],[11.09044,42.25555],[11.09781,42.24386],[11.10486,42.2395]]]},"properties":{"kind":"coastline","source":"awmc-shoreline"}},{"type":"Feature","geometry":{"type":"MultiLineString","coordinates":[[[13.9109,42.90181],[13.91522,42.89442],[13.92206,42.85506],[13.94314,42.80203],[13.97464,42.74245],[13.9515,42.72436],[13.97584,42.73551],[13.97991,42.73359],[14.00431,42.68811],[14.02946,42.66321],[14.03066,42.65771],[14.04628,42.64158],[14.06211,42.61617],[14.06933,42.61208],[14.07706,42.59925],[14.11193,42.56219],[14.14066,42.53681],[14.14281,42.53131],[14.15574,42.52628],[14.19536,42.48702],[14.2102,42.47553],[14.2248,42.46955],[14.25544,42.44465],[14.31661,42.40922],[14.39249,42.37427],[14.40877,42.35727],[14.41021,42.34722],[14.42553,42.33405],[14.42648,42.32615],[14.50321,42.27229],[14.50273,42.25936],[14.51572,42.2477],[14.60902,42.20454],[14.68191,42.1806],[14.68758,42.182],[14.70394,42.17342],[14.71591,42.17294],[14.72076,42.15825],[14.71762,42.15112],[14.71929,42.13373],[14.72265,42.12996],[14.71878,42.10639],[14.72869,42.09375],[14.76166,42.07821]]]},"properties":{"kind":"coastline","source":"awmc-shoreline"}},{"type":"Feature","geometry":{"type":"MultiLineString","coordinates":[[[14.76166,42.07821],[14.80133,42.06752],[14.83436,42.0445],[14.85919,42.03425],[14.92397,42.01614],[14.99795,42.00633],[14.99938,41.99651]]]},"properties":{"kind":"coastline","source":"awmc-shoreline"}},{"type":"Feature","geometry":{"type":"MultiLineString","coordinates":[[[11.45459,42.37674],[11.54983,42.34292],[11.59792,42.31219],[11.62858,42.29805],[11.64964,42.28144],[11.68034,42.24604],[11.69518,42.23598],[11.70589,42.21997],[11.70969,42.20253],[11.71944,42.19422],[11.72211,42.18505],[11.73856,42.17236],[11.73384,42.15938],[11.74294,42.14717],[11.74222,42.14238],[11.754,42.12758],[11.76772,42.12064],[11.76797,42.11514],[11.80666,42.07832],[11.80474,42.07535],[11.81875,42.05539],[11.82018,42.0482],[11.8367,42.02953],[11.89028,42.03908],[11.91661,42.0375],[11.93339,42.03117],[11.94183,42.02261],[11.96894,42.01069],[11.97308,42.00175],[11.97856,41.99825],[12.01828,41.985],[12.05431,41.95412],[12.08016,41.94455],[12.09716,41.93425],[12.11128,41.9321],[12.13708,41.92183],[12.22738,41.81692],[12.23039,41.8164],[12.23492,41.82796],[12.24721,41.82336],[12.25047,41.80964],[12.24008,41.81348],[12.23324,41.81076],[12.23843,41.797],[12.25134,41.78449],[12.27752,41.74582],[12.39101,41.67524],[12.48444,41.60167],[12.57411,41.51044],[12.58781,41.48756],[12.61175,41.46158],[12.62194,41.44425],[12.62992,41.44447],[12.6347,41.45093],[12.65,41.45644],[12.67208,41.45675],[12.70101,41.44782],[12.72136,41.43776],[12.76517,41.40904],[12.77104,41.41718],[12.80646,41.42244],[12.85123,41.41885],[12.86607,41.41502],[12.89396,41.40161],[12.95309,41.36475],[12.9969,41.32022],[13.02299,41.27689],[13.03194,41.25736],[13.03239,41.24339],[13.03836,41.23161],[13.04786,41.22547],[13.06692,41.22217],[13.09206,41.2248],[13.11494,41.24981],[13.16172,41.27222],[13.18594,41.28045],[13.21664,41.2837],[13.25567,41.28244],[13.27097,41.29517],[13.27828,41.29592],[13.30314,41.29631],[13.34022,41.29117],[13.37647,41.28075],[13.42364,41.26253],[13.43402,41.25353],[13.45161,41.25],[13.46179,41.24012],[13.48914,41.23425],[13.50339,41.21972],[13.51481,41.22519],[13.52681,41.22239],[13.53642,41.21325],[13.55168,41.20661],[13.55743,41.21092],[13.56892,41.20924],[13.57011,41.20445],[13.58675,41.2077],[13.58639,41.21116],[13.57394,41.21403],[13.57131,41.2181],[13.57107,41.22432],[13.56772,41.22696],[13.57155,41.23581],[13.58417,41.24828],[13.59658,41.24844],[13.61828,41.26006],[13.65003,41.25928],[13.67731,41.24533],[13.70597,41.25329],[13.73733,41.23725]]]},"properties":{"kind":"coastline","source":"awmc-shoreline"}},{"type":"Feature","geometry":{"type":"MultiLineString","coordinates":[[[13.05142,40.96289],[13.06172,40.96497],[13.06253,40.97136],[13.04953,40.97022],[13.04706,40.96753],[13.05142,40.96289]]]},"properties":{"kind":"coastline","source":"awmc-shoreline"}},{"type":"Feature","geometry":{"type":"MultiLineString","coordinates":[[[14.54305,44.9537],[14.55389,44.95704],[14.55011,44.964],[14.53386,44.97759],[14.53191,44.98267],[14.52066,44.98853],[14.51475,44.98114],[14.50819,44.97951],[14.4905,44.98345],[14.48794,44.97856],[14.51164,44.96703],[14.51803,44.96087],[14.54305,44.9537]]]},"properties":{"kind":"coastline","source":"awmc-shoreline"}},{"type":"Feature","geometry":{"type":"MultiLineString","coordinates":[[[14.07864,45.0],[14.08115,44.98574],[14.08835,44.98474],[14.08715,44.97995],[14.09953,44.97664],[14.09694,44.97215],[14.08755,44.96975],[14.07456,44.97115],[14.06856,44.96176],[14.06736,44.94697],[14.07555,44.94817],[14.09014,44.96176],[14.11073,44.97215],[14.11853,44.97115],[14.11972,44.96316],[14.12552,44.96296],[14.13072,44.96776],[14.14351,44.95776],[14.14791,44.95776],[14.16969,44.97975],[14.1705,45.0]]]},"properties":{"kind":"coastline","source":"awmc-shoreline"}},{"type":"Feature","geometry":{"type":"MultiLineString","coordinates":[[[13.74635,44.93177],[13.74291,44.94124],[13.73482,44.94027],[13.73207,44.93646],[13.74635,44.93177]]]},"properties":{"kind":"coastline","source":"awmc-shoreline"}},{"type":"Feature","geometry":{"type":"MultiLineString","coordinates":[[[13.78781,44.90061],[13.79406,44.90497],[13.80086,44.90245],[13.78636,44.89614],[13.78442,44.89942],[13.78583,44.89744],[13.78919,44.89864],[13.78781,44.90061]]]},"properties":{"kind":"coastline","source":"awmc-shoreline"}},{"type":"Feature","geometry":{"type":"MultiLineString","coordinates":[[[13.76253,44.90583],[13.76386,44.90172],[13.76975,44.90633],[13.78003,44.90586],[13.78208,44.9088],[13.77669,44.91031],[13.77833,44.91783],[13.77119,44.91639],[13.75228,44.92511],[13.73878,44.92542],[13.73867,44.92292],[13.74939,44.91853],[13.75111,44.91367],[13.74539,44.90808],[13.74997,44.90294],[13.751,44.89742],[13.74736,44.89522],[13.75192,44.88961],[13.75831,44.89542],[13.76253,44.90583]]]},"properties":{"kind":"coastline","source":"awmc-shoreline"}},{"type":"Feature","geometry":{"type":"MultiLineString","coordinates":[[[14.77025,44.92667],[14.76606,44.91989],[14.77128,44.91559],[14.77008,44.91217],[14.78083,44.90403],[14.79336,44.90387],[14.80825,44.89512],[14.83311,44.8865],[14.83467,44.89562],[14.83014,44.90492],[14.82414,44.90695],[14.81275,44.91875],[14.77342,44.93406],[14.76773,44.93391],[14.77025,44.92667]]]},"properties":{"kind":"coastline","source":"awmc-shoreline"}},{"type":"Feature","geometry":{"type":"MultiLineString","coordinates":[[[14.77612,44.85498],[14.78126,44.85778],[14.77676,44.86767],[14.75039,44.88298],[14.74587,44.88289],[14.74306,44.87381],[14.73792,44.87423],[14.73709,44.87125],[14.74813,44.85917],[14.77612,44.85498]]]},"properties":{"kind":"coastline","source":"awmc-shoreline"}},{"type":"Feature","geometry":{"type":"MultiLineString","coordinates":[[[14.8248,44.82545],[14.83044,44.83834],[14.83522,44.83748],[14.83733,44.84017],[14.83266,44.84787],[14.80305,44.84726],[14.80097,44.84481],[14.81044,44.83717],[14.81713,44.83626],[14.8248,44.82545]]]},"properties":{"kind":"coastline","source":"awmc-shoreline"}},{"type":"Feature","geometry":{"type":"MultiLineString","coordinates":[[[13.73,45.0],[13.73789,44.98758],[13.76007,44.98718],[13.76206,44.97906],[13.77406,44.96376],[13.78166,44.96036],[13.78266,44.95177],[13.80224,44.92958],[13.80144,44.91939],[13.81084,44.91219],[13.80944,44.9096],[13.81463,44.9084],[13.79672,44.89483],[13.79585,44.88997],[13.80304,44.89117],[13.80958,44.88786],[13.81224,44.88177],[13.81923,44.87698],[13.83322,44.87698],[13.83862,44.88437],[13.84531,44.88389],[13.84581,44.87518],[13.83542,44.87458],[13.83882,44.87198],[13.83762,44.86499],[13.81683,44.86499],[13.80444,44.87538],[13.79405,44.87698],[13.79185,44.87438],[13.79905,44.86379],[13.83089,44.85619],[13.82982,44.84392],[13.83242,44.83912],[13.83742,44.83772],[13.84036,44.84611],[13.84601,44.84812],[13.84881,44.84572],[13.84321,44.83932],[13.84541,44.83113],[13.8574,44.83233],[13.861,44.82973],[13.84821,44.82893],[13.84419,44.82516],[13.8626,44.81774],[13.8684,44.82194],[13.87259,44.82074],[13.86592,44.81594],[13.8694,44.80834],[13.88099,44.80615],[13.90164,44.8107],[13.90157,44.79775],[13.90637,44.78616],[13.90237,44.78216],[13.90508,44.77005],[13.92076,44.76657],[13.92516,44.76857],[13.91477,44.77717],[13.91956,44.77877],[13.91417,44.79096],[13.92,44.79875],[13.92056,44.80671],[13.91308,44.81519],[13.89278,44.8175],[13.88399,44.8215],[13.88658,44.82409],[13.90817,44.82389],[13.91094,44.83014],[13.92366,44.82409],[13.92026,44.8201],[13.92206,44.8161],[13.92886,44.8151],[13.92546,44.8111],[13.93031,44.80692],[13.93142,44.81519],[13.93431,44.81536],[13.94453,44.80797],[14.00056,44.804],[14.0026,44.8103],[13.99381,44.8149],[13.99221,44.8215],[13.98019,44.82058],[13.98841,44.82949],[13.98102,44.8442],[13.98402,44.85279],[13.99201,44.85639],[13.99461,44.86319],[13.99921,44.86459],[13.99261,44.87618],[14.0028,44.88837],[13.99321,44.88797],[13.98302,44.89517],[13.98282,44.90116],[13.99461,44.89357],[14.0036,44.89337],[14.0114,44.90196],[14.0148,44.89836],[14.01879,44.89996],[14.02719,44.90936],[14.02439,44.91675],[14.02919,44.92235],[14.03438,44.91779],[14.04018,44.92219],[14.04697,44.94237],[14.04478,44.94577],[14.04837,44.94717],[14.051,44.96028],[14.06516,44.9676],[14.06796,44.97639],[14.07615,44.97919],[14.07156,44.99238],[14.05037,44.99797]]]},"properties":{"kind":"coastline","source":"awmc-shoreline"}},{"type":"Feature","geometry":{"type":"MultiLineString","coordinates":[[[14.31194,44.76093],[14.31907,44.78912],[14.30907,44.78254],[14.31062,44.77629],[14.30238,44.76979],[14.30611,44.75859],[14.31171,44.76093]]]},"properties":{"kind":"coastline","source":"awmc-shoreline"}},{"type":"Feature","geometry":{"type":"MultiLineString","coordinates":[[[14.73478,44.76798],[14.77797,44.74935],[14.80172,44.73459],[14.84053,44.69937],[14.85667,44.70112],[14.86564,44.70587],[14.86659,44.72026],[14.85847,44.71871],[14.85084,44.73454],[14.82721,44.75771],[14.7752,44.79137],[14.74936,44.81468],[14.73964,44.81868],[14.74481,44.82376],[14.75825,44.82815],[14.75345,44.83357],[14.76245,44.83854],[14.75067,44.84534],[14.74656,44.85145],[14.73528,44.84607],[14.7225,44.85268],[14.72303,44.84557],[14.71606,44.84212],[14.72175,44.83551],[14.71968,44.83515],[14.70545,44.84191],[14.67881,44.84262],[14.69635,44.82302],[14.70986,44.82009],[14.71378,44.81104],[14.72442,44.80657],[14.72367,44.79971],[14.71589,44.80385],[14.70975,44.8029],[14.70309,44.80954],[14.69831,44.80512],[14.70109,44.79287],[14.70778,44.78715],[14.70264,44.78687],[14.68964,44.79484],[14.67536,44.79899],[14.66486,44.79969],[14.65483,44.7927],[14.67614,44.76893],[14.70486,44.75609],[14.70941,44.76004],[14.71903,44.75632],[14.73817,44.75982],[14.74622,44.75498],[14.74703,44.7577],[14.73478,44.76798]]]},"properties":{"kind":"coastline","source":"awmc-shoreline"}},{"type":"Feature","geometry":{"type":"MultiLineString","coordinates":[[[14.83625,44.68976],[14.82778,44.69231],[14.82389,44.70162],[14.77225,44.74228],[14.78923,44.73645],[14.80798,44.7237],[14.8152,44.71131],[14.82484,44.70662],[14.83748,44.69359],[14.83625,44.68976]]]},"properties":{"kind":"coastline","source":"awmc-shoreline"}},{"type":"Feature","geometry":{"type":"MultiLineString","coordinates":[[[14.58281,44.66447],[14.57317,44.67461],[14.5705,44.67286],[14.58281,44.66447]]]},"properties":{"kind":"coastline","source":"awmc-shoreline"}},{"type":"Feature","geometry":{"type":"MultiLineString","coordinates":[[[14.35728,44.9965],[14.3788,44.9868],[14.38236,44.97546],[14.38919,44.97116],[14.39264,44.95783],[14.4083,44.95816],[14.4183,44.94911],[14.41472,44.94416],[14.39487,44.95686],[14.38255,44.94547],[14.3833,44.94155],[14.38839,44.94024],[14.40175,44.91533],[14.39886,44.90969],[14.3874,44.90275],[14.36874,44.90904],[14.36268,44.90485],[14.34705,44.91464],[14.31859,44.94917],[14.30273,44.93797],[14.3032,44.92094],[14.2962,44.90825],[14.29816,44.9046],[14.30441,44.90716],[14.31019,44.90499],[14.31172,44.88819],[14.32022,44.87924],[14.31742,44.8735],[14.32816,44.86022],[14.33075,44.82621],[14.3365,44.8256],[14.33632,44.82101],[14.34122,44.81705],[14.33632,44.81542],[14.33748,44.81192],[14.34682,44.81028],[14.35195,44.81798],[14.35918,44.81518],[14.36618,44.80235],[14.36338,44.78649],[14.37036,44.76021],[14.37705,44.7481],[14.38274,44.74381],[14.38484,44.74777],[14.3902,44.74637],[14.39428,44.74027],[14.38914,44.72921],[14.39673,44.70998],[14.39067,44.70345],[14.38975,44.6948],[14.41353,44.66888],[14.42985,44.66212],[14.43918,44.64999],[14.44362,44.63716],[14.45365,44.63343],[14.45085,44.62946],[14.45645,44.62293],[14.46531,44.6227],[14.48747,44.60567],[14.49587,44.6045],[14.5066,44.6115],[14.4982,44.6199],[14.5101,44.61197],[14.52199,44.6108],[14.52059,44.61663],[14.52992,44.61967],[14.53202,44.62736],[14.54135,44.6276],[14.54438,44.63156],[14.52922,44.64346],[14.52725,44.63902],[14.53239,44.6356],[14.52278,44.63488],[14.51569,44.64159],[14.50591,44.64249],[14.50914,44.64791],[14.50683,44.67122],[14.49237,44.67401],[14.49447,44.68078],[14.4828,44.69095],[14.46204,44.72011],[14.46858,44.73573],[14.47721,44.74133],[14.46414,44.77096],[14.45085,44.78355],[14.44921,44.79008],[14.45178,44.79428],[14.46951,44.79148],[14.46298,44.8288],[14.44712,44.87522],[14.44758,44.88432],[14.46064,44.91348],[14.45553,44.9213],[14.45975,44.92735],[14.45978,44.9388],[14.4638,44.94716],[14.47161,44.94963],[14.47697,44.95663],[14.48205,44.95624],[14.48264,44.96058],[14.479,44.96985],[14.46811,44.98185],[14.44711,44.9811],[14.44008,44.97652],[14.41621,44.99484]]]},"properties":{"kind":"coastline","source":"awmc-shoreline"}},{"type":"Feature","geometry":{"type":"MultiLineString","coordinates":[[[14.27986,44.60382],[14.28392,44.60738],[14.27806,44.61716],[14.26192,44.63252],[14.25522,44.64463],[14.26294,44.63982],[14.26628,44.6418],[14.26273,44.64966],[14.25514,44.65494],[14.26203,44.65771],[14.26366,44.66459],[14.27369,44.65666],[14.27861,44.65633],[14.28678,44.66505],[14.28369,44.67291],[14.28656,44.67832],[14.27929,44.68162],[14.27742,44.68862],[14.26319,44.68302],[14.23893,44.65321],[14.2408,44.64085],[14.24756,44.63501],[14.2331,44.63128],[14.23287,44.62638],[14.23753,44.61775],[14.25223,44.61939],[14.27986,44.60382]]]},"properties":{"kind":"coastline","source":"awmc-shoreline"}},{"type":"Feature","geometry":{"type":"MultiLineString","coordinates":[[[14.31764,44.57403],[14.32247,44.57459],[14.31528,44.58351],[14.29486,44.59051],[14.31764,44.57403]]]},"properties":{"kind":"coastline","source":"awmc-shoreline"}},{"type":"Feature","geometry":{"type":"MultiLineString","coordinates":[[[14.89959,44.99554],[14.89619,44.99114],[14.89839,44.98694],[14.91794,44.97686],[14.92557,44.95089],[14.92017,44.94249],[14.91218,44.91211],[14.90311,44.90403],[14.90299,44.89772],[14.89559,44.89013],[14.88925,44.85958],[14.88297,44.85728],[14.8832,44.83657],[14.87858,44.82489],[14.88175,44.81905],[14.87922,44.81478],[14.87875,44.79278],[14.883,44.76218],[14.8884,44.74759],[14.89642,44.73925],[14.88953,44.73214],[14.89419,44.72372],[14.887,44.71693],[14.89197,44.71097],[14.89489,44.69667],[14.92657,44.66592],[14.92442,44.65831],[14.93758,44.64408],[14.94539,44.64108],[14.95397,44.63047],[14.95969,44.62981],[14.96067,44.61581],[14.96536,44.60417],[14.97517,44.59786],[14.97333,44.5945],[14.98719,44.57683],[15.0,44.56725]]]},"properties":{"kind":"coastline","source":"awmc-shoreline"}},{"type":"Feature","geometry":{"type":"MultiLineString","coordinates":[[[14.43048,44.54345],[14.43484,44.54678],[14.43128,44.55718],[14.42798,44.55523],[14.43159,44.55145],[14.43048,44.54345]]]},"properties":{"kind":"coastline","source":"awmc-shoreline"}},{"type":"Feature","geometry":{"type":"MultiLineString","coordinates":[[[12.85217,40.92535],[12.86467,40.93085],[12.86275,40.94782],[12.85953,40.95085],[12.85642,40.94793],[12.85875,40.93418],[12.85047,40.92996],[12.85217,40.92535]]]},"properties":{"kind":"coastline","source":"awmc-shoreline"}},{"type":"Feature","geometry":{"type":"MultiLineString","coordinates":[[[12.95025,40.87803],[12.96125,40.88264],[12.97064,40.89436],[12.96136,40.89661],[12.96197,40.90642],[12.96656,40.90864],[12.96814,40.9205],[12.99653,40.9328],[12.993,40.93605],[12.98461,40.93758],[12.97117,40.93119],[12.96611,40.93267],[12.95797,40.92319],[12.94797,40.92064],[12.93897,40.90294],[12.95194,40.89403],[12.94753,40.88747],[12.95025,40.87803]]]},"properties":{"kind":"coastline","source":"awmc-shoreline"}},{"type":"Feature","geometry":{"type":"MultiLineString","coordinates":[[[13.41548,40.78554],[13.4339,40.79609],[13.43304,40.80504],[13.41076,40.78815],[13.41068,40.78565],[13.41548,40.78554]]]},"properties":{"kind":"coastline","source":"awmc-shoreline"}},{"type":"Feature","geometry":{"type":"MultiLineString","coordinates":[[[13.99167,40.73857],[13.98914,40.74229],[13.99211,40.74793],[14.00505,40.7549],[14.00453,40.76246],[14.01272,40.76407],[14.01336,40.77115],[14.03586,40.76435],[14.03405,40.75776],[14.02525,40.76212],[14.01472,40.75365],[14.02178,40.75237],[14.01692,40.74518],[14.01725,40.73968],[14.0083,40.74085],[14.00344,40.74626],[13.99167,40.73857]]]},"properties":{"kind":"coastline","source":"awmc-shoreline"}},{"type":"Feature","geometry":{"type":"MultiLineString","coordinates":[[[13.92837,40.70019],[13.91787,40.69803],[13.90087,40.70078],[13.89459,40.69475],[13.88826,40.70042],[13.86745,40.69847],[13.85292,40.70939],[13.85064,40.71195],[13.85684,40.71614],[13.85801,40.72184],[13.85234,40.73639],[13.85367,40.73933],[13.86034,40.74031],[13.8642,40.74639],[13.86073,40.75586],[13.87414,40.76009],[13.88459,40.75867],[13.89064,40.75255],[13.92245,40.75192],[13.93159,40.748],[13.93951,40.75053],[13.95601,40.73725],[13.96401,40.73475],[13.96503,40.73083],[13.95934,40.72481],[13.96403,40.7162],[13.95653,40.70978],[13.95476,40.70411],[13.94195,40.70628],[13.92837,40.70019]]]},"properties":{"kind":"coastline","source":"awmc-shoreline"}},{"type":"Feature","geometry":{"type":"MultiLineString","coordinates":[[[14.20951,40.537],[14.22251,40.53959],[14.23249,40.54706],[14.24629,40.54778],[14.25229,40.54211],[14.25624,40.54314],[14.25871,40.55037],[14.26643,40.55473],[14.25943,40.56409],[14.25132,40.55814],[14.21743,40.56331],[14.19882,40.56225],[14.1954,40.54245],[14.20026,40.53773],[14.20951,40.537]]]},"properties":{"kind":"coastline","source":"awmc-shoreline"}},{"type":"Feature","geometry":{"type":"MultiLineString","coordinates":[[[13.73733,41.23725],[13.80376,41.19225],[13.84253,41.14286],[13.88844,41.09586],[13.90172,41.07606],[13.91878,41.0376],[13.93003,41.02013],[13.9833,40.96765],[14.02256,40.91666],[14.04195,40.87094],[14.0453,40.85131],[14.04434,40.81483],[14.03309,40.79879],[14.03285,40.78969],[14.07139,40.78801],[14.08911,40.77844],[14.09054,40.78371],[14.08791,40.79424],[14.08217,40.80142],[14.08217,40.81219],[14.07235,40.8189],[14.08001,40.82727],[14.08964,40.83133],[14.11448,40.8289],[14.1176,40.82148],[14.12262,40.82028],[14.1298,40.82196],[14.13387,40.81885],[14.15997,40.81574],[14.17194,40.80568],[14.17514,40.79703],[14.18582,40.79228],[14.20665,40.80041],[14.20641,40.80879],[14.22342,40.82969],[14.23741,40.83201],[14.24746,40.82938],[14.26444,40.84358],[14.27547,40.84446],[14.31018,40.82651],[14.39481,40.75886],[14.42353,40.75072],[14.44511,40.75211],[14.45454,40.7477],[14.46244,40.73741],[14.46531,40.73765],[14.46483,40.74459],[14.47057,40.74267],[14.47297,40.72831],[14.46627,40.73214],[14.47556,40.71128],[14.46818,40.69456],[14.44472,40.68666],[14.4373,40.68091],[14.42868,40.66631],[14.4045,40.65961],[14.40331,40.6553],[14.40714,40.65075],[14.40331,40.64069],[14.38368,40.63208],[14.36644,40.62896],[14.35291,40.63567],[14.34525,40.62944],[14.33879,40.62849],[14.33712,40.61843],[14.32708,40.60469],[14.32682,40.59521],[14.32155,40.5897],[14.32347,40.57127],[14.32754,40.56864],[14.33424,40.57558],[14.33903,40.5763],[14.33903,40.56936],[14.34765,40.57869],[14.40857,40.59928],[14.42739,40.61201],[14.45365,40.61956],[14.46427,40.619],[14.48327,40.62598],[14.49668,40.6257],[14.51093,40.61984],[14.52574,40.60754],[14.53076,40.60754],[14.54641,40.61537],[14.57616,40.61481],[14.58399,40.62542],[14.5988,40.63353],[14.60913,40.63437],[14.61833,40.64381],[14.63176,40.64861],[14.66222,40.64135],[14.67814,40.63297],[14.69267,40.63375],[14.69882,40.64409],[14.70357,40.64549],[14.71336,40.66275],[14.72955,40.667],[14.74282,40.67594],[14.75162,40.67789],[14.75897,40.67789],[14.79255,40.66309],[14.81825,40.64353],[14.86645,40.60305],[14.89411,40.57139],[14.93518,40.50881],[14.9539,40.48674],[14.96144,40.48115],[14.9796,40.48059],[14.97206,40.4655],[14.99156,40.41591],[15.00041,40.38331],[14.9979,40.35872],[14.99343,40.35425],[14.98672,40.35565],[14.98365,40.35118],[14.97527,40.34922],[14.9694,40.34112],[14.9451,40.33665],[14.93727,40.31989],[14.94538,40.31206],[14.94314,40.27742],[14.93336,40.26848],[14.92386,40.26596],[14.90375,40.25227],[14.92386,40.23272],[14.93644,40.22853],[14.94063,40.233],[14.95432,40.23244],[14.97499,40.21959],[14.99287,40.21707],[15.00293,40.20757]]]},"properties":{"kind":"coastline","source":"awmc-shoreline"}},{"type":"Feature","geometry":{"type":"MultiLineString","coordinates":[[[9.60519,39.13458],[9.61088,39.14403],[9.60791,39.1465],[9.60246,39.13914],[9.60519,39.13458]]]},"properties":{"kind":"coastline","source":"awmc-shoreline"}},{"type":"Feature","geometry":{"type":"MultiLineString","coordinates":[[[13.15881,38.69664],[13.18053,38.70128],[13.19183,38.70886],[13.19206,38.71639],[13.18639,38.72155],[13.17156,38.72297],[13.15942,38.71725],[13.15344,38.70295],[13.15881,38.69664]]]},"properties":{"kind":"coastline","source":"awmc-shoreline"}},{"type":"Feature","geometry":{"type":"MultiLineString","coordinates":[[[14.58283,38.55317],[14.59264,38.55722],[14.58178,38.56144],[14.57631,38.58131],[14.54239,38.58484],[14.53983,38.57989],[14.54703,38.56569],[14.55508,38.55745],[14.57842,38.55833],[14.58283,38.55317]]]},"properties":{"kind":"coastline","source":"awmc-shoreline"}},{"type":"Feature","geometry":{"type":"MultiLineString","coordinates":[[[14.83419,38.58114],[14.8068,38.58264],[14.79836,38.56936],[14.79653,38.56208],[14.79947,38.55708],[14.83125,38.54561],[14.85144,38.53466],[14.87008,38.53633],[14.86799,38.54849],[14.87637,38.56315],[14.87139,38.57272],[14.87302,38.58138],[14.8682,38.58348],[14.84289,38.57936],[14.83419,38.58114]]]},"properties":{"kind":"coastline","source":"awmc-shoreline"}},{"type":"Feature","geometry":{"type":"MultiLineString","coordinates":[[[14.35669,38.5307],[14.36439,38.53942],[14.36464,38.55154],[14.34789,38.55476],[14.34161,38.55151],[14.33872,38.54518],[14.34364,38.53131],[14.35669,38.5307]]]},"properties":{"kind":"coastline","source":"awmc-shoreline"}},{"type":"Feature","geometry":{"type":"MultiLineString","coordinates":[[[14.95717,38.45919],[14.96325,38.45284],[14.95508,38.44167],[14.94567,38.43922],[14.936,38.46039],[14.91236,38.46483],[14.90067,38.48011],[14.89942,38.49],[14.90578,38.50033],[14.90922,38.51625],[14.92781,38.52229],[14.93955,38.51999],[14.95987,38.52355],[14.96239,38.52104],[14.96281,38.48981],[14.97894,38.48688],[14.98058,38.4832],[14.97726,38.47724],[14.95889,38.47475],[14.95594,38.46867],[14.95717,38.45919]]]},"properties":{"kind":"coastline","source":"awmc-shoreline"}},{"type":"Feature","geometry":{"type":"MultiLineString","coordinates":[[[15.0,38.39136],[14.99558,38.39883],[14.98083,38.41125],[14.97461,38.40892],[14.96706,38.41492],[14.96003,38.414],[14.95933,38.417],[14.96909,38.4236],[14.96323,38.43177],[14.95589,38.43198],[14.951,38.41911],[14.94383,38.4157],[14.9375,38.40558],[14.94886,38.38389],[14.96061,38.38097],[14.97617,38.36717],[14.98539,38.36572],[15.00819,38.37366],[15.00115,38.38043],[15.0,38.39136]]]},"properties":{"kind":"coastline","source":"awmc-shoreline"}},{"type":"Feature","geometry":{"type":"MultiLineString","coordinates":[[[12.33126,37.98599],[12.34068,37.98578],[12.34529,37.98997],[12.3499,37.98788],[12.35347,37.995],[12.34446,38.00234],[12.33524,38.02141],[12.3323,38.02078],[12.32769,38.008],[12.32329,38.00925],[12.31931,37.99857],[12.33084,37.9862]]]},"properties":{"kind":"coastline","source":"awmc-shoreline"}},{"type":"Feature","geometry":{"type":"MultiLineString","coordinates":[[[12.04768,37.95685],[12.06866,37.94846],[12.0776,37.94907],[12.08338,37.9453],[12.09155,37.9474],[12.09113,37.95012],[12.08313,37.95151],[12.0841,37.95771],[12.06683,37.97652],[12.06285,37.98532],[12.06527,37.99315],[12.05404,37.99056],[12.04391,37.99399],[12.02882,37.99146],[12.04355,37.96932],[12.04482,37.95854],[12.04768,37.95685]]]},"properties":{"kind":"coastline","source":"awmc-shoreline"}},{"type":"Feature","geometry":{"type":"MultiLineString","coordinates":[[[12.36777,37.90529],[12.37141,37.91487],[12.3693,37.92498],[12.35544,37.92584],[12.34841,37.93576],[12.34324,37.9379],[12.32961,37.93301],[12.32269,37.93379],[12.30883,37.95435],[12.29252,37.94332],[12.27929,37.94681],[12.27041,37.93443],[12.27803,37.9313],[12.27845,37.92481],[12.28432,37.92397],[12.27971,37.92229],[12.28455,37.91798],[12.29288,37.91537],[12.31838,37.9201],[12.31931,37.91203],[12.33194,37.91949],[12.35077,37.90779],[12.36777,37.90529]]]},"properties":{"kind":"coastline","source":"awmc-shoreline"}},{"type":"Feature","geometry":{"type":"MultiLineString","coordinates":[[[12.46327,37.8774],[12.46479,37.88104],[12.45802,37.88915],[12.45479,37.88621],[12.45585,37.88115],[12.46327,37.8774]]]},"properties":{"kind":"coastline","source":"awmc-shoreline"}},{"type":"Feature","geometry":{"type":"MultiLineString","coordinates":[[[14.99999,38.15076],[14.96908,38.15409],[14.95284,38.167],[14.94658,38.17815],[14.93112,38.18422],[14.92545,38.19028],[14.9141,38.19283],[14.90882,38.18617],[14.89943,38.18402],[14.88818,38.17197],[14.8557,38.16923],[14.78605,38.15241],[14.76629,38.15651],[14.75292,38.16277],[14.74969,38.16732],[14.74162,38.16277],[14.67236,38.09683],[14.64089,38.07714],[14.62592,38.07025],[14.61917,38.07303],[14.61154,38.07157],[14.58491,38.05915],[14.55248,38.0593],[14.52974,38.04448],[14.49936,38.03861],[14.48682,38.03832],[14.47229,38.03348],[14.4516,38.03465],[14.43825,38.04111],[14.42343,38.04081],[14.39643,38.02423],[14.36921,38.01616],[14.34133,38.01983],[14.31522,38.00985],[14.28682,38.00809],[14.27024,38.01323],[14.22916,38.01073],[14.22644,38.01367],[14.17905,38.02115],[14.17054,38.01924],[14.14435,38.03127],[14.14229,38.02438],[14.13173,38.01954],[14.10752,38.01557],[14.08668,38.02203],[14.06372,38.01924],[14.04332,38.03054],[14.0398,38.03729],[14.02513,38.04272],[14.0194,38.04213],[14.00957,38.03421],[14.00209,38.0345],[13.99945,38.03758],[13.99064,38.03142],[13.98155,38.02981],[13.9734,38.03612],[13.95697,38.0301],[13.94699,38.03215],[13.94318,38.02702],[13.91295,38.01205],[13.83467,37.98432],[13.80209,37.97684],[13.74568,37.97126],[13.73761,37.97596],[13.71031,37.97904],[13.70811,37.9874],[13.71956,37.98931],[13.71046,37.99298],[13.69241,37.99218],[13.65015,37.99981],[13.63864,38.00838],[13.62029,38.01235],[13.61738,38.01787],[13.56791,38.04022],[13.54157,38.05938],[13.53746,38.0676],[13.54451,38.07777],[13.53883,38.08305],[13.54079,38.09655],[13.53504,38.10294],[13.54047,38.11027],[13.53739,38.11365],[13.53093,38.11174],[13.50863,38.12128],[13.5032,38.10983],[13.48193,38.10118],[13.43747,38.09575],[13.42984,38.09971],[13.40614,38.10074],[13.38105,38.11086],[13.36432,38.13199],[13.3721,38.13771],[13.37048,38.14182],[13.37694,38.15124],[13.37312,38.16298],[13.36828,38.16665],[13.36652,38.18367],[13.35919,38.19291],[13.34921,38.19174],[13.32889,38.20125],[13.33065,38.21416],[13.32566,38.21255],[13.31891,38.22634],[13.29514,38.219],[13.27327,38.19963],[13.2517,38.19963],[13.24143,38.20521],[13.24217,38.19156],[13.23718,38.18672],[13.22353,38.17968],[13.18692,38.16979],[13.17122,38.16994],[13.16257,38.1736],[13.16315,38.1852],[13.15846,38.18754],[13.13968,38.18476],[13.12368,38.19283],[13.10651,38.19253],[13.07687,38.17287],[13.08377,38.16025],[13.0691,38.15189],[13.07159,38.14382],[13.06604,38.14597],[13.0588,38.14167],[13.0501,38.14129],[13.07198,38.10989],[13.06946,38.10241],[13.0768,38.08847],[13.06496,38.07988],[13.05225,38.07382],[13.03699,38.07166],[13.02897,38.06384],[13.00138,38.05406],[12.98651,38.04427],[12.93563,38.02945],[12.89477,38.024],[12.87172,38.03888],[12.86878,38.05125],[12.86334,38.05313],[12.85852,38.04936],[12.85139,38.05732],[12.84133,38.05774],[12.84008,38.06256],[12.82813,38.06675],[12.81933,38.07953],[12.81242,38.081],[12.80718,38.08729],[12.79063,38.11034],[12.78874,38.1206],[12.79146,38.13632],[12.78413,38.14093],[12.78413,38.14575],[12.77889,38.15078],[12.76946,38.15518],[12.76799,38.16335],[12.77156,38.17047],[12.76946,38.17969],[12.76506,38.18158],[12.73824,38.17676],[12.73363,38.17907],[12.73656,38.18682],[12.73028,38.18996],[12.72483,38.18891],[12.71582,38.17948],[12.72284,38.15878],[12.73667,38.1439],[12.73541,38.13699],[12.72954,38.13552],[12.72577,38.1307],[12.72682,38.12609],[12.71097,38.11055],[12.70168,38.1064],[12.68764,38.10682],[12.67758,38.11457],[12.65809,38.11101],[12.65704,38.10283],[12.66461,38.09592],[12.65453,38.0911],[12.64552,38.08041],[12.60979,38.06633],[12.59512,38.06948],[12.58695,38.06675],[12.57312,38.07115],[12.56478,38.06942],[12.55322,38.05104],[12.54211,38.04622],[12.53436,38.03427],[12.52451,38.03364],[12.52702,38.03092],[12.52053,38.0238],[12.49245,38.01579],[12.50669,38.01042],[12.5075,38.00036],[12.50565,37.98876],[12.5023,37.99127],[12.49748,37.98981],[12.49322,37.98019],[12.49695,37.96584],[12.49234,37.9541],[12.45819,37.9101],[12.45044,37.90654],[12.44624,37.89962],[12.43074,37.89753],[12.42822,37.89124],[12.43682,37.87804],[12.44205,37.85268],[12.44645,37.8464],[12.45085,37.84619],[12.44897,37.86861],[12.45379,37.87238],[12.44834,37.89438],[12.45421,37.89648],[12.45588,37.90297],[12.4628,37.90758],[12.4672,37.90444],[12.46594,37.8948],[12.47013,37.88642],[12.48308,37.87953],[12.48322,37.87267],[12.47464,37.86156],[12.47331,37.85333],[12.46394,37.84636],[12.46664,37.83647],[12.46003,37.8235],[12.44481,37.81181],[12.43969,37.81575],[12.42636,37.80372],[12.42656,37.79975]]]},"properties":{"kind":"coastline","source":"awmc-shoreline"}},{"type":"Feature","geometry":{"type":"MultiLineString","coordinates":[[[17.15275,40.44608],[17.16622,40.44845],[17.15868,40.45683],[17.15595,40.45264],[17.13877,40.45222],[17.15275,40.44608]]]},"properties":{"kind":"coastline","source":"awmc-shoreline"}},{"type":"Feature","geometry":{"type":"MultiLineString","coordinates":[[[16.84237,40.39501],[16.81011,40.35625],[16.7727,40.31916],[16.74756,40.28501],[16.72346,40.25022],[16.72535,40.23933],[16.71801,40.21753],[16.70334,40.19826],[16.68637,40.18505],[16.67317,40.15719],[16.64415,40.14126],[16.61733,40.12198],[16.61272,40.09537],[16.60559,40.08007]]]},"properties":{"kind":"coastline","source":"awmc-shoreline"}},{"type":"Feature","geometry":{"type":"MultiLineString","coordinates":[[[17.94011,40.04275],[17.93678,40.04481],[17.93995,40.05217],[17.94794,40.04889],[17.94847,40.04564],[17.94011,40.04275]]]},"properties":{"kind":"coastline","source":"awmc-shoreline"}},{"type":"Feature","geometry":{"type":"MultiLineString","coordinates":[[[15.00293,40.20757],[15.01984,40.19213],[15.02377,40.17927],[15.03571,40.17005],[15.05269,40.1711],[15.06903,40.1646],[15.09082,40.17424],[15.09805,40.17257],[15.10874,40.17571],[15.13493,40.19352],[15.15065,40.18849],[15.15744,40.17872],[15.15044,40.16167],[15.16699,40.14428],[15.16825,40.13799],[15.18208,40.12521],[15.20639,40.12311],[15.2418,40.09001],[15.25626,40.08603],[15.27353,40.07003],[15.28135,40.0569],[15.2847,40.03735],[15.28051,40.02952],[15.26794,40.03036],[15.26878,40.02477],[15.27465,40.0217],[15.29225,40.02254],[15.29281,40.02701],[15.31879,40.03036],[15.34198,40.0055],[15.34812,40.00494],[15.35371,39.99991],[15.37425,39.99683],[15.38156,39.99969],[15.40147,39.99425],[15.41252,39.99711],[15.41593,39.99068],[15.42817,39.99376],[15.42621,39.99907],[15.43264,40.00717],[15.46142,40.03316],[15.47902,40.04098],[15.48445,40.03909],[15.49578,40.05662],[15.50137,40.0597],[15.5036,40.06948],[15.50696,40.07143],[15.50949,40.06842],[15.57549,40.07911],[15.61773,40.06942],[15.62695,40.07305],[15.63142,40.0697],[15.62723,40.06439],[15.62723,40.05657],[15.64288,40.04176]]]},"properties":{"kind":"coastline","source":"awmc-shoreline"}},{"type":"Feature","geometry":{"type":"MultiLineString","coordinates":[[[15.64288,40.04176],[15.64935,40.03867],[15.66272,40.03914],[15.67618,40.02924],[15.67668,40.0141],[15.68435,40.00116],[15.69713,39.9976],[15.69629,39.99278],[15.7009,39.99257],[15.70006,39.98922],[15.70928,39.98545],[15.72207,39.96973],[15.72929,39.96533],[15.73851,39.93893],[15.74522,39.93327],[15.76135,39.93641],[15.76722,39.93285]]]},"properties":{"kind":"coastline","source":"awmc-shoreline"}},{"type":"Feature","geometry":{"type":"MultiLineString","coordinates":[[[18.37,39.79575],[18.36039,39.79708],[18.3473,39.79061],[18.34206,39.79208],[18.32886,39.80214],[18.32858,39.80761],[18.31103,39.8115],[18.30728,39.81681],[18.26622,39.83805],[18.22147,39.83609],[18.19863,39.8409],[18.19486,39.84614],[18.18134,39.85042],[18.17338,39.84853],[18.16206,39.85901],[18.14639,39.86245],[18.11785,39.88583],[18.11135,39.88562],[18.10276,39.89421],[18.08747,39.89966],[18.06798,39.91726],[18.04765,39.92837],[18.04723,39.93402],[18.03906,39.93801],[18.03456,39.94702],[18.02953,39.94953],[18.02827,39.95896],[18.01193,39.96944],[18.0048,39.9818],[17.99139,39.995],[17.99097,40.00003],[18.00271,39.99563],[18.01011,40.0],[18.01549,40.01407],[18.01214,40.03335],[17.996,40.04781],[17.97358,40.0543],[17.978,40.06208],[17.98804,40.05849],[18.00983,40.07609],[18.00774,40.08154],[18.01109,40.0872],[18.00983,40.10627],[17.98678,40.13833],[17.97672,40.14],[17.97421,40.14587],[17.96038,40.14671],[17.95032,40.16557],[17.93523,40.17311],[17.92539,40.18296],[17.91669,40.20224],[17.92172,40.2058],[17.92214,40.21418],[17.92675,40.21984],[17.89825,40.24331],[17.89364,40.25127],[17.90873,40.24289],[17.89972,40.25756],[17.89134,40.25651],[17.87669,40.27125],[17.86493,40.27428],[17.86493,40.27993],[17.86179,40.28224],[17.84775,40.28538],[17.84052,40.28224],[17.82083,40.28559],[17.81454,40.28957],[17.79484,40.28915],[17.78877,40.29314],[17.77577,40.29502],[17.76094,40.29055],[17.76111,40.29795],[17.74476,40.29502],[17.73072,40.29963],[17.65517,40.30547],[17.51908,40.29367],[17.50725,40.29565],[17.49342,40.30864],[17.45758,40.31725],[17.45193,40.32352],[17.4337,40.33001],[17.39263,40.334],[17.37901,40.34112],[17.38006,40.34468],[17.36325,40.34961],[17.3568,40.35474],[17.35093,40.3539],[17.3392,40.36166],[17.3185,40.3628],[17.29483,40.3775],[17.27758,40.38117],[17.27644,40.3847],[17.27162,40.38491],[17.26336,40.39219],[17.25789,40.39158],[17.23725,40.40168],[17.23055,40.40147],[17.22384,40.40859],[17.19996,40.41031],[17.19975,40.41597],[17.214,40.4233],[17.23055,40.42519],[17.24214,40.43517],[17.24983,40.45239],[17.2448,40.46374],[17.21902,40.47946],[17.20869,40.48183],[17.18382,40.47946],[17.18225,40.50188],[17.14516,40.51948],[17.10682,40.52702],[17.03285,40.52682],[17.00466,40.51948],[16.9638,40.50083],[16.88732,40.44949],[16.84237,40.39501]]]},"properties":{"kind":"coastline","source":"awmc-shoreline"}},{"type":"Feature","geometry":{"type":"MultiLineString","coordinates":[[[15.21447,38.77067],[15.21828,38.77075],[15.22875,38.78025],[15.23181,38.78814],[15.24258,38.79739],[15.24322,38.80355],[15.21533,38.81186],[15.20744,38.80161],[15.19006,38.79419],[15.18814,38.79105],[15.19153,38.78361],[15.21447,38.77067]]]},"properties":{"kind":"coastline","source":"awmc-shoreline"}},{"type":"Feature","geometry":{"type":"MultiLineString","coordinates":[[[15.11053,38.66583],[15.11514,38.66619],[15.1195,38.66113],[15.11484,38.6605],[15.11053,38.66583]]]},"properties":{"kind":"coastline","source":"awmc-shoreline"}},{"type":"Feature","geometry":{"type":"MultiLineString","coordinates":[[[15.0607,38.62629],[15.076,38.62896],[15.07792,38.63188],[15.07284,38.64579],[15.06142,38.64527],[15.05473,38.62946],[15.0607,38.62629]]]},"properties":{"kind":"coastline","source":"awmc-shoreline"}},{"type":"Feature","geometry":{"type":"MultiLineString","coordinates":[[[15.76722,39.93285],[15.76471,39.92845],[15.77162,39.91965],[15.77246,39.90435],[15.77854,39.89681],[15.77812,39.89073],[15.79174,39.86119],[15.79027,39.85134],[15.76932,39.83919],[15.76995,39.83269],[15.77665,39.8308],[15.77665,39.82138],[15.79844,39.81048],[15.81521,39.79623],[15.82338,39.7824],[15.82464,39.77507],[15.82086,39.76773],[15.82883,39.75432],[15.82841,39.74405],[15.82359,39.73379],[15.8085,39.71786],[15.81311,39.68098],[15.8326,39.66673],[15.84328,39.62692],[15.85439,39.61016],[15.86394,39.57747],[15.87469,39.55256],[15.88278,39.54143],[15.90374,39.53745],[15.91484,39.52802],[15.92427,39.52697],[15.94648,39.49952],[15.95885,39.47878],[15.98148,39.45908],[15.98231,39.45321],[16.00044,39.42949],[16.05283,39.29392],[16.06608,39.14164],[16.07975,39.11845],[16.07954,39.10693],[16.08523,39.09226],[16.09086,39.08388],[16.10636,39.08094],[16.10154,39.07403],[16.10196,39.06648],[16.11705,39.04763],[16.12271,39.01347],[16.12878,39.00697],[16.13158,38.99614],[16.15308,38.95511],[16.15889,38.94983],[16.18496,38.94935],[16.20506,38.94286],[16.2214,38.93095],[16.23733,38.92718],[16.24235,38.9211],[16.25032,38.92048],[16.25493,38.91461],[16.26708,38.91084],[16.27525,38.90329],[16.28112,38.88946],[16.27986,38.8771],[16.27441,38.8662],[16.23575,38.80984],[16.19686,38.76972],[16.18557,38.75163],[16.17488,38.74283],[16.16147,38.73885],[16.13884,38.71978],[16.10573,38.71433],[16.07755,38.71919],[16.05492,38.72694],[16.02852,38.72841],[16.00421,38.72171],[15.99541,38.72443],[15.98389,38.72212],[15.95522,38.69761],[15.91069,38.68225],[15.89869,38.68184],[15.88811,38.67608],[15.87569,38.67406],[15.85478,38.66208],[15.83731,38.64627],[15.82684,38.62301],[15.82935,38.61924],[15.84778,38.61239],[15.86581,38.59242],[15.87964,38.58718],[15.8853,38.58006],[15.8916,38.57819],[15.89871,38.57105],[15.90185,38.56266],[15.93852,38.53878],[15.92783,38.49289],[15.90877,38.4514],[15.86542,38.40289],[15.8459,38.37286],[15.83752,38.36528],[15.82809,38.32551],[15.81175,38.29701],[15.78723,38.27752],[15.74574,38.25699],[15.73233,38.25321],[15.69619,38.25238]]]},"properties":{"kind":"coastline","source":"awmc-shoreline"}},{"type":"Feature","geometry":{"type":"MultiLineString","coordinates":[[[15.65295,38.26636],[15.65295,38.27139],[15.64876,38.27244],[15.60374,38.27582],[15.57067,38.28853],[15.55718,38.29871],[15.54172,38.30282],[15.5292,38.30086],[15.42913,38.24256],[15.35322,38.21869],[15.27917,38.20597],[15.27643,38.20852],[15.2596,38.20871],[15.24513,38.21595],[15.24963,38.21693],[15.24454,38.22135],[15.24474,38.22644],[15.25491,38.2462],[15.25393,38.2548],[15.245,38.26216],[15.24043,38.27359],[15.22791,38.27124],[15.22811,38.26811],[15.23558,38.2663],[15.24004,38.24123],[15.22654,38.20425],[15.20776,38.18097],[15.17264,38.15331],[15.13253,38.13922],[15.10003,38.123],[15.07433,38.12259],[15.05946,38.13159],[15.05848,38.13922],[15.04596,38.15331],[15.00703,38.14861],[14.99999,38.15076]]]},"properties":{"kind":"coastline","source":"awmc-shoreline"}},{"type":"Feature","geometry":{"type":"MultiLineString","coordinates":[[[16.60559,40.08007],[16.60036,40.03532],[16.60538,40.02966],[16.61167,40.00996],[16.61104,39.99634],[16.61502,39.98406],[16.61859,39.97715],[16.62906,39.96877],[16.62948,39.95976],[16.61712,39.94802],[16.60455,39.92853],[16.56107,39.89291],[16.52859,39.85834],[16.52461,39.84807],[16.50554,39.82837],[16.49322,39.8037],[16.48647,39.77913],[16.48689,39.76174],[16.4959,39.72989],[16.50622,39.7179],[16.51224,39.70307],[16.52345,39.66158],[16.53184,39.65278],[16.62602,39.6182],[16.68489,39.62067],[16.73392,39.61586],[16.755,39.6234],[16.76568,39.62277],[16.81922,39.58564],[16.82404,39.57244],[16.83284,39.56029],[16.86721,39.53891],[16.92672,39.51356],[16.9418,39.5056],[16.94264,39.50183],[16.98669,39.49011],[17.02069,39.48586],[17.02866,39.47999],[17.03683,39.45736],[17.04731,39.44458],[17.0757,39.42635],[17.08031,39.42048],[17.11614,39.40636],[17.1591,39.39923],[17.16014,39.39525],[17.13647,39.37577],[17.13227,39.36026],[17.11593,39.3326],[17.11195,39.31793],[17.11383,39.29174],[17.10587,39.26953],[17.1065,39.25381],[17.13521,39.21756],[17.15147,39.20781],[17.15197,39.20297],[17.12236,39.15406],[17.11509,39.12474],[17.11425,39.10211],[17.11824,39.09037],[17.12347,39.08597],[17.13667,39.08995],[17.14087,39.07667],[17.13374,39.07499],[17.13688,39.05802],[17.14589,39.04901],[17.17251,39.03392],[17.19912,39.02701],[17.2054,39.02847],[17.20897,39.02512],[17.20289,39.02093],[17.19053,39.02135],[17.16978,39.00019],[17.15993,38.98091],[17.16266,38.97504],[17.16035,38.97022],[17.16329,38.9654],[17.16832,38.96435],[17.17146,38.95744],[17.16915,38.95304],[17.14636,38.94192],[17.11499,38.91096],[17.10116,38.90531],[17.10095,38.89965],[17.09613,38.89839],[17.09424,38.89294],[17.09068,38.89378],[17.08963,38.89818],[17.09275,38.90633],[17.09047,38.91096],[17.07287,38.91285],[17.0559,38.91872],[17.03833,38.91825],[17.02352,38.90614],[17.01032,38.91159],[16.99922,38.92835],[16.98742,38.9375],[16.96847,38.93914],[16.89289,38.92839],[16.8287,38.91317],[16.74542,38.88183],[16.65261,38.83167],[16.62864,38.82631],[16.61146,38.81688],[16.57081,38.77078],[16.57029,38.75339],[16.56253,38.7515],[16.55918,38.74668],[16.56128,38.74291],[16.5376,38.72154],[16.53487,38.70959],[16.54766,38.69115],[16.55541,38.69115],[16.55813,38.68382],[16.55729,38.64024],[16.56023,38.62075],[16.5684,38.60294],[16.57071,38.57591],[16.57385,38.56962],[16.57196,38.54615],[16.5749,38.50969],[16.57888,38.50466],[16.58412,38.45752],[16.57364,38.42881],[16.49894,38.3605],[16.46667,38.33955],[16.36221,38.30581],[16.33874,38.30204],[16.32512,38.29449],[16.30438,38.27123],[16.28793,38.25929],[16.26132,38.22702],[16.16116,38.12959],[16.15885,38.09878],[16.14502,38.04346],[16.14628,38.03362],[16.10039,37.95755],[16.06341,37.92444],[16.04371,37.92088],[16.02213,37.92298],[15.99887,37.91627],[15.95801,37.91963],[15.93087,37.92947],[15.91725,37.92968],[15.83322,37.91906],[15.8128,37.92046],[15.7755,37.91564],[15.76293,37.91732],[15.74543,37.92549],[15.72992,37.92675],[15.7096,37.93639],[15.69849,37.94708],[15.67754,37.95441],[15.65847,37.97432],[15.63626,38.00617],[15.63479,38.0179],[15.65302,38.02984],[15.65637,38.03969],[15.6503,38.04807],[15.65218,38.06526],[15.63731,38.07594],[15.63312,38.09313],[15.65344,38.10884],[15.66015,38.1409],[15.65597,38.15816],[15.63291,38.18763],[15.63437,38.22514],[15.63563,38.23142],[15.66874,38.24064],[15.69619,38.25238]]]},"properties":{"kind":"coastline","source":"awmc-shoreline"}},{"type":"Feature","geometry":{"type":"MultiLineString","coordinates":[[[15.65295,38.26636],[15.60937,38.25651],[15.58171,38.24582],[15.56704,38.22466],[15.5574,38.19574],[15.55887,38.18967],[15.56327,38.18967],[15.56767,38.19407],[15.56599,38.19826],[15.57333,38.19784],[15.57228,38.18967],[15.53729,38.14944],[15.49276,38.07316],[15.47725,38.05347],[15.45462,38.03712],[15.44184,38.02455],[15.43974,38.01763],[15.38987,37.96839],[15.34797,37.92104],[15.34587,37.91056],[15.31182,37.88395],[15.30281,37.87305],[15.29862,37.85985],[15.30532,37.85356],[15.29781,37.84461],[15.2829,37.84434],[15.26907,37.83114],[15.27075,37.82591],[15.27871,37.82444],[15.27808,37.82004],[15.25925,37.80722],[15.23073,37.77696],[15.20768,37.74427],[15.20642,37.73358],[15.21375,37.73023],[15.21229,37.72625],[15.21983,37.71577],[15.21983,37.70823],[15.20171,37.67973],[15.19772,37.66548],[15.20045,37.65584],[15.18536,37.6395],[15.1774,37.63656],[15.17363,37.6089],[15.17824,37.57664],[15.16807,37.57265],[15.162,37.55966],[15.15026,37.55526],[15.14649,37.5452],[15.11695,37.53033],[15.11716,37.52111],[15.1115,37.52006],[15.10333,37.50539],[15.09851,37.50497],[15.09494,37.49177],[15.08531,37.4836],[15.09285,37.40691],[15.08845,37.40146],[15.09201,37.39811],[15.0918,37.36081],[15.0983,37.321],[15.10479,37.31157],[15.13664,37.3101],[15.16008,37.28911],[15.16608,37.28867],[15.16766,37.29292],[15.1731,37.29313],[15.18505,37.28873],[15.18798,37.2816],[15.19472,37.28305],[15.19814,37.292],[15.20789,37.29292],[15.22455,37.27104],[15.24278,37.26035],[15.2478,37.24673],[15.25619,37.24485],[15.25808,37.24178],[15.25183,37.23261],[15.24347,37.23153],[15.23408,37.24229],[15.22821,37.24124],[15.22381,37.23182],[15.22819,37.2197],[15.22508,37.21522],[15.21753,37.22134],[15.21438,37.23014],[15.21711,37.23663],[15.21271,37.24439],[15.20852,37.2446],[15.19511,37.23454],[15.19741,37.22532],[15.18592,37.21114],[15.1905,37.1897],[15.20579,37.1744],[15.20139,37.17084],[15.2081,37.15387],[15.223,37.15153],[15.22675,37.15827],[15.23513,37.1591],[15.24351,37.14884],[15.24309,37.14527],[15.22758,37.14968],[15.22088,37.14234],[15.22172,37.12767],[15.22989,37.12474],[15.23701,37.11699],[15.26097,37.10911],[15.28584,37.1107],[15.29631,37.10735],[15.30311,37.08047],[15.29736,37.07675],[15.29527,37.06816],[15.29883,37.06355],[15.29799,37.05664],[15.29464,37.05329],[15.28961,37.06272],[15.28333,37.06378],[15.27326,37.05978],[15.27704,37.03925],[15.28123,37.03443],[15.28814,37.03317],[15.29988,37.04302],[15.30861,37.04219],[15.31622,37.03694],[15.3223,37.02374],[15.33655,37.00891],[15.33361,37.00115],[15.31308,37.00409],[15.30344,37.01498],[15.29883,37.01519],[15.28877,37.0066],[15.27561,37.00742],[15.26942,37.0042],[15.26509,36.99675],[15.2697,36.99403],[15.26551,36.99005],[15.26949,36.98648],[15.26048,36.97999],[15.26258,36.97517],[15.23592,36.97169],[15.22347,36.96344],[15.20841,36.96364],[15.20632,36.95924],[15.20967,36.95359],[15.19361,36.94961],[15.18159,36.93934],[15.17426,36.92551],[15.1686,36.9209],[15.15944,36.91942],[15.15267,36.91294],[15.13738,36.87878],[15.14094,36.87187],[15.13738,36.86768],[15.12145,36.8616],[15.11307,36.85238],[15.10762,36.83499],[15.11014,36.81571],[15.09631,36.80544],[15.0984,36.80188],[15.094,36.7979],[15.09819,36.79413],[15.09107,36.78964],[15.10364,36.77162],[15.10322,36.76094],[15.11056,36.74648],[15.11999,36.7448],[15.12264,36.71267],[15.1137,36.7062],[15.11097,36.69992],[15.12418,36.70201],[15.13968,36.6863],[15.1334,36.66815]]]},"properties":{"kind":"coastline","source":"awmc-shoreline"}},{"type":"Feature","geometry":{"type":"MultiLineString","coordinates":[[[14.99416,36.7],[15.01762,36.70922],[15.01427,36.72116],[15.02517,36.71739],[15.03397,36.70713],[15.02789,36.69811],[15.04046,36.68554],[15.05492,36.68491],[15.05408,36.67507],[15.06016,36.66124],[15.07231,36.656],[15.0786,36.64929],[15.08384,36.64929],[15.09851,36.65767],[15.10123,36.66375],[15.11008,36.66425],[15.11475,36.67486],[15.12378,36.67547],[15.12585,36.66836],[15.1334,36.66815]]]},"properties":{"kind":"coastline","source":"awmc-shoreline"}},{"type":"Feature","geometry":{"type":"MultiLineString","coordinates":[[[15.12158,44.28158],[15.12718,44.28135],[15.13184,44.28975],[15.11971,44.29535],[15.11748,44.30131],[15.09862,44.31001],[15.08379,44.30957],[15.06959,44.31862],[15.05684,44.31862],[15.05081,44.32364],[15.03748,44.32459],[15.03076,44.32873],[15.02029,44.32495],[15.01825,44.31844],[15.02729,44.30109],[15.04693,44.28551],[15.07601,44.28676],[15.07668,44.29659],[15.09176,44.29812],[15.11668,44.29115],[15.12158,44.28182]]]},"properties":{"kind":"coastline","source":"awmc-shoreline"}},{"type":"Feature","geometry":{"type":"MultiLineString","coordinates":[[[15.05226,44.14247],[15.05612,44.14303],[15.05076,44.15306],[15.04354,44.15448],[15.02879,44.16667],[15.01981,44.16564],[15.03198,44.15259],[15.05226,44.14247]]]},"properties":{"kind":"coastline","source":"awmc-shoreline"}},{"type":"Feature","geometry":{"type":"MultiLineString","coordinates":[[[15.0,44.13705],[15.00903,44.13731],[15.02378,44.12531],[15.03536,44.13222],[15.00942,44.15747],[15.0,44.16108]]]},"properties":{"kind":"coastline","source":"awmc-shoreline"}},{"type":"Feature","geometry":{"type":"MultiLineString","coordinates":[[[15.244,44.01099],[15.25075,44.01671],[15.25009,44.02063],[15.26061,44.02137],[15.24909,44.03351],[15.25284,44.03704],[15.24181,44.04707],[15.23336,44.04876],[15.20384,44.0666],[15.1922,44.08171],[15.183,44.08662],[15.18547,44.09457],[15.1825,44.09743],[15.17284,44.10007],[15.17128,44.09601],[15.16786,44.09704],[15.1612,44.10624],[15.15153,44.10407],[15.14636,44.11229],[15.13817,44.11282],[15.12536,44.12543],[15.11395,44.12585],[15.10567,44.13463],[15.09503,44.14188],[15.08653,44.14288],[15.06786,44.15824],[15.06114,44.15754],[15.07122,44.13724],[15.06559,44.13379],[15.07536,44.12838],[15.07545,44.12493],[15.08878,44.11987],[15.09761,44.10971],[15.11917,44.10479],[15.1185,44.09954],[15.12659,44.08801],[15.17103,44.05574],[15.18922,44.03802],[15.20042,44.03405],[15.20459,44.03654],[15.20025,44.0429],[15.20256,44.04832],[15.21472,44.0364],[15.21617,44.03888],[15.21064,44.04596],[15.21642,44.04688],[15.22456,44.04107],[15.22958,44.02915],[15.24339,44.02454],[15.2377,44.01604],[15.244,44.01099]]]},"properties":{"kind":"coastline","source":"awmc-shoreline"}},{"type":"Feature","geometry":{"type":"MultiLineString","coordinates":[[[15.08496,44.00699],[15.08589,44.01142],[15.07368,44.02589],[15.0657,44.02987],[15.06387,44.04045],[15.05815,44.0402],[15.0547,44.03139],[15.05856,44.02758],[15.05206,44.02528],[15.07423,44.01003],[15.08496,44.00699]]]},"properties":{"kind":"coastline","source":"awmc-shoreline"}},{"type":"Feature","geometry":{"type":"MultiLineString","coordinates":[[[15.1668,43.9989],[15.1685,44.00043],[15.15141,44.01504],[15.15736,44.02287],[15.15558,44.02476],[15.13194,44.0316],[15.12827,44.0379],[15.11072,44.05024],[15.10741,44.06229],[15.096,44.07165],[15.09025,44.07093],[15.07333,44.0839],[15.06925,44.07971],[15.07883,44.06193],[15.075,44.05682],[15.08005,44.05182],[15.10061,44.04165],[15.11541,44.02623],[15.1378,44.01074],[15.1668,43.9989]]]},"properties":{"kind":"coastline","source":"awmc-shoreline"}},{"type":"Feature","geometry":{"type":"MultiLineString","coordinates":[[[15.40364,43.95251],[15.41014,43.95479],[15.3977,43.96215],[15.39848,43.95545],[15.40364,43.95251]]]},"properties":{"kind":"coastline","source":"awmc-shoreline"}},{"type":"Feature","geometry":{"type":"MultiLineString","coordinates":[[[15.22688,43.9209],[15.21549,43.93485],[15.19893,43.94718],[15.19241,43.94854],[15.19188,43.94582],[15.20766,43.9269],[15.22688,43.9209]]]},"properties":{"kind":"coastline","source":"awmc-shoreline"}},{"type":"Feature","geometry":{"type":"MultiLineString","coordinates":[[[15.27427,43.91937],[15.27235,43.92381],[15.2548,43.92631],[15.27427,43.91937]]]},"properties":{"kind":"coastline","source":"awmc-shoreline"}},{"type":"Feature","geometry":{"type":"MultiLineString","coordinates":[[[15.3151,43.9161],[15.31846,43.91871],[15.30749,43.92899],[15.28665,43.93874],[15.28301,43.9368],[15.28613,43.93166],[15.3151,43.9161]]]},"properties":{"kind":"coastline","source":"awmc-shoreline"}},{"type":"Feature","geometry":{"type":"MultiLineString","coordinates":[[[15.42944,43.89009],[15.44074,43.89331],[15.4541,43.89003],[15.45621,43.89684],[15.42196,43.92181],[15.39426,43.93478],[15.38679,43.94504],[15.38702,43.95939],[15.3741,43.96906],[15.35688,43.96764],[15.34844,43.97762],[15.29544,44.00348],[15.28688,44.01231],[15.26832,44.01459],[15.26993,44.01898],[15.26305,44.02053],[15.25197,44.01058],[15.25632,44.00612],[15.26238,44.00656],[15.26496,44.00303],[15.26338,43.9985],[15.29669,43.97225],[15.30507,43.95681],[15.33477,43.94214],[15.35424,43.92672],[15.3567,43.91542],[15.36207,43.91122],[15.37186,43.90772],[15.37507,43.91306],[15.38352,43.907],[15.38135,43.91214],[15.3843,43.91364],[15.42944,43.89009]]]},"properties":{"kind":"coastline","source":"awmc-shoreline"}},{"type":"Feature","geometry":{"type":"MultiLineString","coordinates":[[[15.40068,43.88338],[15.40962,43.88488],[15.39443,43.89327],[15.39387,43.89007],[15.40068,43.88338]]]},"properties":{"kind":"coastline","source":"awmc-shoreline"}},{"type":"Feature","geometry":{"type":"MultiLineString","coordinates":[[[15.42343,43.87632],[15.43137,43.88543],[15.41709,43.88507],[15.42343,43.87632]]]},"properties":{"kind":"coastline","source":"awmc-shoreline"}},{"type":"Feature","geometry":{"type":"MultiLineString","coordinates":[[[15.44349,43.86101],[15.44327,43.86651],[15.43993,43.86848],[15.42732,43.86895],[15.44349,43.86101]]]},"properties":{"kind":"coastline","source":"awmc-shoreline"}},{"type":"Feature","geometry":{"type":"MultiLineString","coordinates":[[[15.54532,43.85197],[15.54882,43.85208],[15.54871,43.85919],[15.53274,43.86119],[15.54532,43.85197]]]},"properties":{"kind":"coastline","source":"awmc-shoreline"}},{"type":"Feature","geometry":{"type":"MultiLineString","coordinates":[[[15.22808,43.85237],[15.23639,43.85387],[15.22764,43.8597],[15.22083,43.8572],[15.22808,43.85237]]]},"properties":{"kind":"coastline","source":"awmc-shoreline"}},{"type":"Feature","geometry":{"type":"MultiLineString","coordinates":[[[15.50439,43.84502],[15.5159,43.84917],[15.51287,43.8529],[15.5055,43.85552],[15.50161,43.8628],[15.49714,43.86252],[15.49561,43.8571],[15.48931,43.8592],[15.48721,43.85547],[15.49677,43.8473],[15.50439,43.84502]]]},"properties":{"kind":"coastline","source":"awmc-shoreline"}},{"type":"Feature","geometry":{"type":"MultiLineString","coordinates":[[[15.52219,43.82669],[15.52542,43.82749],[15.52311,43.83033],[15.50978,43.83408],[15.51383,43.8291],[15.52219,43.82669]]]},"properties":{"kind":"coastline","source":"awmc-shoreline"}},{"type":"Feature","geometry":{"type":"MultiLineString","coordinates":[[[15.29677,43.88472],[15.28749,43.88324],[15.29744,43.87644],[15.31647,43.87352],[15.31903,43.88052],[15.3265,43.87679],[15.32999,43.87352],[15.32533,43.86792],[15.33302,43.86499],[15.35313,43.84588],[15.37366,43.81941],[15.36927,43.82002],[15.35535,43.83271],[15.31252,43.85271],[15.28964,43.87049],[15.27566,43.87727],[15.26377,43.8791],[15.25815,43.88565],[15.26602,43.89277],[15.27177,43.89346],[15.27716,43.88913],[15.28421,43.89071],[15.29677,43.88472]]]},"properties":{"kind":"coastline","source":"awmc-shoreline"}},{"type":"Feature","geometry":{"type":"MultiLineString","coordinates":[[[15.25184,43.81709],[15.2639,43.81801],[15.26271,43.8231],[15.2339,43.83154],[15.24326,43.82087],[15.25184,43.81709]]]},"properties":{"kind":"coastline","source":"awmc-shoreline"}},{"type":"Feature","geometry":{"type":"MultiLineString","coordinates":[[[15.27605,43.79783],[15.27907,43.80047],[15.27732,43.80261],[15.27496,43.80039],[15.26282,43.80316],[15.27605,43.79783]]]},"properties":{"kind":"coastline","source":"awmc-shoreline"}},{"type":"Feature","geometry":{"type":"MultiLineString","coordinates":[[[15.30689,43.77623],[15.31111,43.78251],[15.30717,43.78036],[15.29786,43.78278],[15.29389,43.77995],[15.30689,43.77623]]]},"properties":{"kind":"coastline","source":"awmc-shoreline"}},{"type":"Feature","geometry":{"type":"MultiLineString","coordinates":[[[15.65072,43.76445],[15.66588,43.76515],[15.66752,43.76888],[15.65306,43.78078],[15.64485,43.7837],[15.65049,43.78498],[15.64956,43.79198],[15.64209,43.79827],[15.63509,43.79897],[15.62832,43.7947],[15.62777,43.79976],[15.62273,43.79921],[15.61843,43.8059],[15.60866,43.81043],[15.60457,43.81884],[15.60654,43.82404],[15.60485,43.82665],[15.5991,43.82573],[15.59966,43.83326],[15.59702,43.8359],[15.59357,43.83626],[15.59027,43.83045],[15.59207,43.82509],[15.58904,43.8227],[15.57227,43.83462],[15.56654,43.83437],[15.56524,43.82962],[15.58104,43.80879],[15.60244,43.79454],[15.61107,43.79454],[15.62576,43.77378],[15.65072,43.76445]]]},"properties":{"kind":"coastline","source":"awmc-shoreline"}},{"type":"Feature","geometry":{"type":"MultiLineString","coordinates":[[[15.34789,43.76045],[15.3562,43.76195],[15.35501,43.76728],[15.32573,43.77736],[15.32073,43.778],[15.31598,43.77359],[15.34789,43.76045]]]},"properties":{"kind":"coastline","source":"awmc-shoreline"}},{"type":"Feature","geometry":{"type":"MultiLineString","coordinates":[[[15.36818,43.74405],[15.38193,43.75522],[15.37421,43.75758],[15.36896,43.75503],[15.36818,43.76147],[15.36304,43.76031],[15.35901,43.7483],[15.36818,43.74405]]]},"properties":{"kind":"coastline","source":"awmc-shoreline"}},{"type":"Feature","geometry":{"type":"MultiLineString","coordinates":[[[15.45649,43.73423],[15.45996,43.73431],[15.46121,43.73817],[15.45399,43.74303],[15.4071,43.76231],[15.36533,43.78461],[15.34999,43.80259],[15.26957,43.84945],[15.25332,43.86106],[15.26307,43.86459],[15.26438,43.86959],[15.24957,43.87059],[15.23324,43.87673],[15.22132,43.87223],[15.24274,43.85459],[15.24377,43.84653],[15.26505,43.82553],[15.27216,43.82345],[15.27516,43.82561],[15.2853,43.82134],[15.29385,43.81298],[15.30177,43.81314],[15.30119,43.80676],[15.30655,43.80117],[15.3318,43.78679],[15.34035,43.78712],[15.35152,43.78006],[15.36291,43.78006],[15.37277,43.77234],[15.45649,43.73423]]]},"properties":{"kind":"coastline","source":"awmc-shoreline"}},{"type":"Feature","geometry":{"type":"MultiLineString","coordinates":[[[15.47301,43.72285],[15.48104,43.7246],[15.48159,43.72779],[15.47604,43.73376],[15.46918,43.73059],[15.47301,43.72285]]]},"properties":{"kind":"coastline","source":"awmc-shoreline"}},{"type":"Feature","geometry":{"type":"MultiLineString","coordinates":[[[15.0,44.56725],[15.015,44.55706],[15.0266,44.55756],[15.06258,44.53357],[15.06997,44.52358],[15.10335,44.50659],[15.11794,44.48709],[15.14572,44.4619],[15.15571,44.4597],[15.161,44.45347],[15.1667,44.45291],[15.1699,44.44691],[15.1785,44.44551],[15.18969,44.43532],[15.21167,44.42653],[15.25874,44.37568],[15.28053,44.36129],[15.29422,44.35921],[15.30801,44.35042],[15.34718,44.33403],[15.40434,44.31724],[15.42323,44.30585],[15.44601,44.28566],[15.45481,44.28067],[15.47119,44.27787],[15.47659,44.26868],[15.50577,44.27287],[15.52436,44.26708],[15.53533,44.25919],[15.52892,44.25442],[15.52797,44.24644],[15.52336,44.24434],[15.52266,44.24038],[15.52965,44.22499],[15.56417,44.20739],[15.58861,44.20228],[15.59401,44.19209],[15.60041,44.18733],[15.6014,44.18234],[15.59601,44.17954],[15.59801,44.17394],[15.61,44.16035],[15.62779,44.14716],[15.62839,44.13685],[15.615,44.13125],[15.6016,44.14464],[15.6026,44.16103],[15.58941,44.17782],[15.56863,44.19001],[15.55584,44.19261],[15.54469,44.19003],[15.54431,44.18478],[15.53828,44.18525],[15.52236,44.17672],[15.50347,44.18453],[15.48269,44.19952],[15.47149,44.20292],[15.4693,44.20572],[15.47169,44.20972],[15.50707,44.21331],[15.51828,44.21931],[15.52575,44.21695],[15.52692,44.21989],[15.51775,44.22894],[15.515,44.24742],[15.44353,44.26239],[15.43275,44.26303],[15.41633,44.25655],[15.40014,44.259],[15.37396,44.2702],[15.36557,44.27719],[15.34131,44.28467],[15.32599,44.29314],[15.33139,44.29834],[15.32779,44.30333],[15.3204,44.30353],[15.29202,44.32052],[15.27543,44.32512],[15.27803,44.33211],[15.27443,44.33291],[15.26364,44.32911],[15.25964,44.32372],[15.26084,44.31932],[15.28222,44.30133],[15.30061,44.29214],[15.30286,44.28589],[15.29319,44.28006],[15.28056,44.28147],[15.28842,44.26588],[15.30001,44.25349],[15.29901,44.24869],[15.29202,44.24549],[15.26324,44.25808],[15.24315,44.27159],[15.23356,44.28199],[15.18499,44.30217],[15.19538,44.29218],[15.20518,44.29058],[15.21257,44.28498],[15.21257,44.28119],[15.20718,44.28099],[15.19958,44.28678],[15.19199,44.28538],[15.19119,44.28179],[15.20298,44.27219],[15.21037,44.25541],[15.19919,44.24803],[15.17761,44.24905],[15.18708,44.23864],[15.17853,44.23939],[15.17247,44.25292],[15.13608,44.279],[15.13011,44.27533],[15.12478,44.27689],[15.11731,44.26547],[15.10783,44.26192],[15.12543,44.25457],[15.12363,44.24937],[15.13183,44.24917],[15.13323,44.2403],[15.14602,44.24058],[15.15241,44.2337],[15.16101,44.2321],[15.16401,44.2271],[15.16141,44.22271],[15.166,44.21591],[15.15981,44.21691],[15.15821,44.21431],[15.15801,44.20072],[15.14142,44.19481],[15.15661,44.18761],[15.16141,44.18242],[15.15501,44.18182],[15.15621,44.17942],[15.17292,44.17289],[15.20338,44.15072],[15.21417,44.13873],[15.20418,44.13293],[15.20478,44.13073],[15.21064,44.1307],[15.224,44.12169],[15.22603,44.11911],[15.22007,44.11854],[15.22331,44.11186],[15.22892,44.11028],[15.24503,44.09592],[15.24914,44.10014],[15.26183,44.09531],[15.28242,44.06897],[15.28282,44.06158],[15.28742,44.05746],[15.29302,44.05946],[15.30556,44.05444],[15.30701,44.04547],[15.29961,44.04407],[15.30861,44.03787],[15.33094,44.03672],[15.34258,44.031],[15.34919,44.02158],[15.36411,44.01322],[15.40347,43.97064],[15.43011,43.95792],[15.44481,43.9471],[15.44541,43.9383],[15.45808,43.92495],[15.47939,43.91392],[15.48998,43.91352],[15.49878,43.90693],[15.50777,43.90772],[15.52281,43.9015],[15.53458,43.88544],[15.55794,43.87233],[15.56083,43.86467],[15.5735,43.86461],[15.58881,43.84948],[15.62031,43.84389],[15.66706,43.81731],[15.67785,43.81591],[15.68256,43.80647],[15.68033,43.80244],[15.65107,43.81631],[15.63669,43.8187],[15.62864,43.8165],[15.61858,43.82147],[15.61522,43.81886],[15.64468,43.79912],[15.66569,43.79708],[15.67346,43.78641],[15.68405,43.78361],[15.68685,43.77701],[15.69504,43.77342],[15.69684,43.76622],[15.70204,43.76922],[15.74711,43.75561],[15.76989,43.756],[15.77444,43.74986],[15.78322,43.74903],[15.78675,43.75347],[15.79169,43.75236],[15.84584,43.72389],[15.85523,43.72869],[15.87821,43.73209],[15.87014,43.74578],[15.82044,43.7878],[15.83944,43.77745],[15.84384,43.77825],[15.84524,43.78885],[15.86033,43.79612],[15.85861,43.80614],[15.85208,43.81147],[15.85575,43.81384],[15.83136,43.83689],[15.82881,43.84436],[15.84567,43.82986],[15.84981,43.83036],[15.85472,43.83636],[15.85972,43.83569],[15.877,43.82622],[15.88067,43.81711],[15.88456,43.822],[15.89086,43.82172],[15.89219,43.815],[15.89642,43.81231],[15.91031,43.81194],[15.91939,43.82256],[15.94403,43.82606],[15.95892,43.8112],[15.96875,43.80778],[15.97217,43.81083],[15.97042,43.82008],[15.96239,43.82617],[15.97958,43.82405],[15.98206,43.82692],[15.98064,43.83272],[15.98561,43.83914],[15.98419,43.84883],[15.97672,43.85811],[15.96842,43.861],[15.95842,43.87017],[15.97119,43.87511],[15.97619,43.88958],[15.96939,43.90708],[15.9715,43.9095],[15.97908,43.90528],[15.98078,43.89167],[15.97731,43.86889],[15.98933,43.85367],[15.99419,43.83603],[15.98042,43.81092],[15.98753,43.809],[16.00392,43.81853]]]},"properties":{"kind":"coastline","source":"awmc-shoreline"}},{"type":"Feature","geometry":{"type":"MultiLineString","coordinates":[[[15.79489,43.721],[15.80511,43.72653],[15.79353,43.73942],[15.78075,43.74569],[15.78014,43.74205],[15.78886,43.7325],[15.78639,43.72917],[15.79489,43.721]]]},"properties":{"kind":"coastline","source":"awmc-shoreline"}},{"type":"Feature","geometry":{"type":"MultiLineString","coordinates":[[[15.46424,43.71426],[15.46104,43.72221],[15.45415,43.72704],[15.44812,43.72682],[15.45799,43.71477],[15.46424,43.71426]]]},"properties":{"kind":"coastline","source":"awmc-shoreline"}},{"type":"Feature","geometry":{"type":"MultiLineString","coordinates":[[[15.77385,43.70671],[15.76852,43.71518],[15.77878,43.715],[15.77763,43.71871],[15.75908,43.73143],[15.75252,43.73237],[15.74986,43.729],[15.75149,43.72456],[15.76105,43.7185],[15.77008,43.70688],[15.77385,43.70671]]]},"properties":{"kind":"coastline","source":"awmc-shoreline"}},{"type":"Feature","geometry":{"type":"MultiLineString","coordinates":[[[15.46843,43.70856],[15.49324,43.69406],[15.51987,43.68776],[15.5091,43.69525],[15.47804,43.70611],[15.47215,43.71187],[15.46843,43.70856]]]},"properties":{"kind":"coastline","source":"awmc-shoreline"}},{"type":"Feature","geometry":{"type":"MultiLineString","coordinates":[[[15.47537,43.68922],[15.47778,43.69211],[15.47592,43.69675],[15.47081,43.70016],[15.46448,43.69975],[15.47537,43.68922]]]},"properties":{"kind":"coastline","source":"awmc-shoreline"}},{"type":"Feature","geometry":{"type":"MultiLineString","coordinates":[[[15.76806,43.68246],[15.77517,43.68748],[15.77283,43.69144],[15.74673,43.70376],[15.74559,43.70932],[15.73751,43.70301],[15.74192,43.6909],[15.74787,43.69018],[15.75417,43.68444],[15.76234,43.68654],[15.76806,43.68246]]]},"properties":{"kind":"coastline","source":"awmc-shoreline"}},{"type":"Feature","geometry":{"type":"MultiLineString","coordinates":[[[15.68001,43.67834],[15.69268,43.67898],[15.68904,43.68484],[15.67671,43.69248],[15.66418,43.69367],[15.64751,43.70262],[15.64662,43.69923],[15.65854,43.69025],[15.68001,43.67834]]]},"properties":{"kind":"coastline","source":"awmc-shoreline"}},{"type":"Feature","geometry":{"type":"MultiLineString","coordinates":[[[15.71663,43.67264],[15.72138,43.67312],[15.71858,43.67759],[15.72735,43.6887],[15.72591,43.69037],[15.71216,43.69231],[15.70483,43.69929],[15.70402,43.70504],[15.69238,43.70965],[15.6911,43.71751],[15.67088,43.7172],[15.68333,43.71095],[15.6846,43.70701],[15.68021,43.70351],[15.70577,43.68731],[15.6971,43.68537],[15.69724,43.68284],[15.71663,43.67264]]]},"properties":{"kind":"coastline","source":"awmc-shoreline"}},{"type":"Feature","geometry":{"type":"MultiLineString","coordinates":[[[15.916,43.67054],[15.91892,43.67176],[15.91694,43.6744],[15.90911,43.67909],[15.90678,43.67757],[15.90608,43.67279],[15.916,43.67054]]]},"properties":{"kind":"coastline","source":"awmc-shoreline"}},{"type":"Feature","geometry":{"type":"MultiLineString","coordinates":[[[15.86544,43.66392],[15.8708,43.66508],[15.86701,43.67134],[15.86937,43.6772],[15.86673,43.68351],[15.84279,43.7077],[15.83765,43.71045],[15.83279,43.70882],[15.83179,43.7004],[15.82054,43.70178],[15.81815,43.69937],[15.82395,43.69315],[15.85654,43.67479],[15.86544,43.66392]]]},"properties":{"kind":"coastline","source":"awmc-shoreline"}},{"type":"Feature","geometry":{"type":"MultiLineString","coordinates":[[[15.68658,43.6306],[15.69006,43.63068],[15.69073,43.63425],[15.69889,43.63192],[15.70492,43.63532],[15.72622,43.62962],[15.73206,43.63168],[15.72945,43.63425],[15.68723,43.64614],[15.66764,43.66257],[15.65725,43.66713],[15.65447,43.66379],[15.63314,43.6734],[15.61858,43.67285],[15.60264,43.67854],[15.60253,43.66893],[15.60664,43.66507],[15.61694,43.6596],[15.62192,43.66014],[15.62239,43.66465],[15.65154,43.64731],[15.65434,43.64171],[15.68658,43.6306]]]},"properties":{"kind":"coastline","source":"awmc-shoreline"}},{"type":"Feature","geometry":{"type":"MultiLineString","coordinates":[[[16.08565,43.43688],[16.09834,43.44624],[16.08995,43.45697],[16.07222,43.45603],[16.06919,43.45183],[16.0571,43.45218],[16.0531,43.4496],[16.05538,43.44674],[16.08237,43.44507],[16.08237,43.43737],[16.08565,43.43688]]]},"properties":{"kind":"coastline","source":"awmc-shoreline"}},{"type":"Feature","geometry":{"type":"MultiLineString","coordinates":[[[16.17745,43.43939],[16.17279,43.45108],[16.1624,43.458],[16.13273,43.4605],[16.1314,43.45572],[16.13835,43.44997],[16.12598,43.45277],[16.12015,43.4467],[16.12272,43.44297],[16.11386,43.43924],[16.10756,43.43177],[16.12298,43.42719],[16.13779,43.43111],[16.1442,43.42922],[16.15115,43.4367],[16.16424,43.43201],[16.17007,43.43364],[16.17054,43.43924],[16.1738,43.4411],[16.17745,43.43939]]]},"properties":{"kind":"coastline","source":"awmc-shoreline"}},{"type":"Feature","geometry":{"type":"MultiLineString","coordinates":[[[16.17618,43.40021],[16.18202,43.40224],[16.17469,43.40852],[16.1703,43.40682],[16.16984,43.40192],[16.17618,43.40021]]]},"properties":{"kind":"coastline","source":"awmc-shoreline"}},{"type":"Feature","geometry":{"type":"MultiLineString","coordinates":[[[16.3859,43.32484],[16.38707,43.33098],[16.39108,43.33311],[16.39341,43.32821],[16.39761,43.32751],[16.39831,43.33474],[16.3894,43.34281],[16.37579,43.34851],[16.37046,43.35587],[16.37182,43.3604],[16.36554,43.36415],[16.36179,43.37123],[16.35124,43.37265],[16.3302,43.39562],[16.32507,43.39399],[16.32601,43.38576],[16.31885,43.3829],[16.31832,43.37673],[16.31317,43.38186],[16.31693,43.39654],[16.31221,43.4002],[16.30081,43.39562],[16.29615,43.39888],[16.29801,43.40402],[16.29174,43.40301],[16.27912,43.41008],[16.25874,43.41373],[16.20774,43.41428],[16.20179,43.41273],[16.19958,43.40821],[16.20797,43.38302],[16.22377,43.38004],[16.22654,43.3829],[16.26246,43.36998],[16.28005,43.36739],[16.28588,43.36996],[16.28487,43.36431],[16.28851,43.36276],[16.30874,43.36063],[16.31061,43.35853],[16.30828,43.3548],[16.31877,43.3471],[16.33096,43.34562],[16.35982,43.33451],[16.36542,43.34034],[16.36822,43.33824],[16.36869,43.32914],[16.3859,43.32484]]]},"properties":{"kind":"coastline","source":"awmc-shoreline"}},{"type":"Feature","geometry":{"type":"MultiLineString","coordinates":[[[16.46129,43.35317],[16.4361,43.34757],[16.43311,43.33777],[16.43657,43.32737],[16.42607,43.3248],[16.41604,43.3332],[16.40951,43.33413],[16.40718,43.3311],[16.40958,43.31711],[16.4347,43.31011],[16.43617,43.30549],[16.44161,43.30341],[16.44505,43.31035],[16.45242,43.30838],[16.45678,43.29786],[16.46319,43.29936],[16.46136,43.30335],[16.46403,43.30505],[16.46782,43.30358],[16.47132,43.29518],[16.48236,43.29269],[16.48803,43.28599],[16.49283,43.29058],[16.49556,43.28952],[16.49994,43.27577],[16.50397,43.27855],[16.52908,43.26858],[16.54792,43.2656],[16.6423,43.25688],[16.65886,43.26014],[16.683,43.25758],[16.7473,43.26219],[16.78481,43.26097],[16.85406,43.27019],[16.86286,43.28352],[16.86975,43.2866],[16.87656,43.27913],[16.87975,43.28285],[16.87864,43.29097],[16.89342,43.30097],[16.89039,43.30527],[16.89678,43.30922],[16.89888,43.31459],[16.87186,43.32438],[16.86858,43.32936],[16.86114,43.33044],[16.8422,43.34258],[16.8352,43.34094],[16.8345,43.33628],[16.831,43.33535],[16.79998,43.34001],[16.81818,43.34538],[16.81181,43.35252],[16.7419,43.36147],[16.7398,43.34981],[16.73607,43.34887],[16.7335,43.3617],[16.72103,43.36202],[16.70749,43.36721],[16.68557,43.36814],[16.68067,43.37211],[16.66414,43.37158],[16.60789,43.38167],[16.59996,43.37934],[16.5967,43.38214],[16.58573,43.3805],[16.55133,43.38477],[16.54633,43.38824],[16.51892,43.38408],[16.48078,43.38594],[16.4745,43.38947],[16.44193,43.39282],[16.43213,43.39142],[16.42934,43.38559],[16.43567,43.37666],[16.44933,43.36797],[16.44473,43.3583],[16.46106,43.3534]]]},"properties":{"kind":"coastline","source":"awmc-shoreline"}},{"type":"Feature","geometry":{"type":"MultiLineString","coordinates":[[[16.40204,43.16008],[16.40181,43.16614],[16.39362,43.16438],[16.37587,43.16891],[16.36857,43.16788],[16.34335,43.17643],[16.3329,43.16799],[16.33296,43.16502],[16.3407,43.16894],[16.34723,43.16661],[16.34653,43.16241],[16.35599,43.16343],[16.36659,43.15961],[16.36682,43.15448],[16.37079,43.15471],[16.37209,43.15807],[16.3839,43.15385],[16.38643,43.15738],[16.39046,43.15718],[16.39104,43.15327],[16.40391,43.15658],[16.40181,43.16008]]]},"properties":{"kind":"coastline","source":"awmc-shoreline"}},{"type":"Feature","geometry":{"type":"MultiLineString","coordinates":[[[16.42238,43.16312],[16.42599,43.15712],[16.41207,43.15274],[16.41205,43.15604],[16.42238,43.16312]]]},"properties":{"kind":"coastline","source":"awmc-shoreline"}},{"type":"Feature","geometry":{"type":"MultiLineString","coordinates":[[[16.68161,43.11993],[16.71945,43.12649],[16.778,43.12715],[16.869,43.11713],[16.8845,43.11882],[16.94839,43.11315],[16.9652,43.11248],[16.97597,43.11696],[17.01642,43.11479],[17.02145,43.11174],[17.04442,43.11649],[17.05015,43.11235],[17.07511,43.11365],[17.08397,43.10835],[17.09297,43.11085],[17.095,43.11532],[17.11595,43.11213],[17.15943,43.11748],[17.18905,43.12565],[17.18765,43.12868],[17.14404,43.13848],[17.10601,43.13428],[17.03137,43.14081],[17.02461,43.14407],[17.01633,43.14267],[17.00233,43.14897],[16.98803,43.14729],[16.96375,43.15182],[16.90695,43.15321],[16.89795,43.15121],[16.89235,43.15588],[16.88442,43.15238],[16.87882,43.15868],[16.86495,43.16257],[16.86016,43.15728],[16.8408,43.15798],[16.82828,43.16196],[16.81636,43.16165],[16.80791,43.15634],[16.7452,43.16396],[16.7419,43.16078],[16.72561,43.15876],[16.71181,43.16101],[16.68055,43.17804],[16.69618,43.18037],[16.68359,43.18503],[16.66563,43.19903],[16.66912,43.20883],[16.66632,43.21326],[16.65,43.21722],[16.64556,43.21512],[16.64323,43.21932],[16.63623,43.21792],[16.636,43.21442],[16.63134,43.21279],[16.61921,43.21303],[16.60964,43.21582],[16.60568,43.22166],[16.5813,43.20859],[16.58037,43.21396],[16.57314,43.21419],[16.56847,43.21956],[16.57197,43.23355],[16.56777,43.23588],[16.54628,43.23368],[16.54585,43.22702],[16.54258,43.22632],[16.52681,43.2296],[16.51832,43.22539],[16.52911,43.2171],[16.532,43.21099],[16.55541,43.21699],[16.55798,43.20579],[16.56925,43.20063],[16.56806,43.19449],[16.57078,43.18999],[16.58622,43.18535],[16.58108,43.18307],[16.56054,43.182],[16.54282,43.19017],[16.52812,43.19973],[16.52789,43.20323],[16.49127,43.20953],[16.46428,43.20674],[16.45853,43.20907],[16.45622,43.20438],[16.43925,43.20183],[16.43881,43.19879],[16.43203,43.20004],[16.43042,43.19599],[16.42256,43.1989],[16.42136,43.19621],[16.41147,43.1976],[16.41219,43.19182],[16.38117,43.19903],[16.36797,43.19418],[16.37564,43.18899],[16.42133,43.17854],[16.44022,43.16935],[16.44583,43.16196],[16.47453,43.15757],[16.4765,43.16207],[16.48077,43.16306],[16.54293,43.13857],[16.566,43.14157],[16.61078,43.12854],[16.68161,43.11993]]]},"properties":{"kind":"coastline","source":"awmc-shoreline"}},{"type":"Feature","geometry":{"type":"MultiLineString","coordinates":[[[15.45491,43.09248],[15.45866,43.09409],[15.46413,43.08978],[15.45491,43.09248]]]},"properties":{"kind":"coastline","source":"awmc-shoreline"}},{"type":"Feature","geometry":{"type":"MultiLineString","coordinates":[[[16.70582,43.07823],[16.73371,43.08554],[16.73585,43.08926],[16.72116,43.09509],[16.69771,43.09496],[16.69205,43.09776],[16.67046,43.09448],[16.66046,43.08765],[16.70582,43.07823]]]},"properties":{"kind":"coastline","source":"awmc-shoreline"}},{"type":"Feature","geometry":{"type":"MultiLineString","coordinates":[[[15.73452,43.01772],[15.75844,43.0223],[15.76559,43.02572],[15.76808,43.03132],[15.76391,43.03436],[15.75605,43.03377],[15.7308,43.02613],[15.72555,43.02266],[15.73452,43.01772]]]},"properties":{"kind":"coastline","source":"awmc-shoreline"}},{"type":"Feature","geometry":{"type":"MultiLineString","coordinates":[[[16.07539,43.00523],[16.06786,43.00857],[16.06911,43.01243],[16.08772,43.02212],[16.09361,43.03287],[16.08408,43.0459],[16.06306,43.0409],[16.05109,43.05454],[16.0857,43.07245],[16.11856,43.0769],[16.12403,43.07529],[16.12565,43.07932],[16.12891,43.07582],[16.13638,43.07606],[16.13708,43.07886],[16.17125,43.07932],[16.18275,43.0822],[16.18631,43.07631],[16.19861,43.07415],[16.18806,43.06407],[16.19278,43.06087],[16.20167,43.06251],[16.20519,43.06953],[16.21872,43.07466],[16.24236,43.07437],[16.24789,43.06954],[16.25557,43.07326],[16.2582,43.06606],[16.25539,43.06231],[16.25895,43.06029],[16.25809,43.05734],[16.24836,43.04634],[16.2362,43.04279],[16.22953,43.03049],[16.22125,43.02512],[16.22131,43.02212],[16.21534,43.02151],[16.21452,43.01704],[16.20261,43.01887],[16.19934,43.02257],[16.1925,43.01751],[16.17486,43.01904],[16.17111,43.01554],[16.16567,43.01737],[16.11675,43.00726],[16.07539,43.00523]]]},"properties":{"kind":"coastline","source":"awmc-shoreline"}},{"type":"Feature","geometry":{"type":"MultiLineString","coordinates":[[[15.99718,42.95287],[16.00657,42.96059],[16.01951,42.96264],[16.02453,42.97739],[16.02084,42.98645],[16.01584,42.98642],[16.00517,42.99372],[16.00027,42.99138],[16.0033,42.97879],[16.00204,42.96642],[15.99514,42.9578],[15.99718,42.95287]]]},"properties":{"kind":"coastline","source":"awmc-shoreline"}},{"type":"Feature","geometry":{"type":"MultiLineString","coordinates":[[[16.00392,43.81853],[16.00928,43.81975],[16.00936,43.817],[15.99883,43.80806],[15.99817,43.80394],[15.96061,43.80492],[15.94089,43.81864],[15.92781,43.81714],[15.91442,43.80808],[15.89747,43.80583],[15.88575,43.80956],[15.88314,43.80853],[15.89064,43.79581],[15.88889,43.79383],[15.87906,43.78942],[15.87203,43.7925],[15.85631,43.7895],[15.84564,43.77322],[15.86083,43.75603],[15.88406,43.74197],[15.9012,43.72493],[15.89461,43.7243],[15.8962,43.72013],[15.89383,43.71861],[15.88575,43.72811],[15.87801,43.72869],[15.86143,43.72449],[15.85394,43.71733],[15.87881,43.69707],[15.88781,43.69427],[15.8942,43.69947],[15.90719,43.69035],[15.92118,43.67456],[15.93937,43.67676],[15.94397,43.68136],[15.93937,43.69215],[15.94117,43.69415],[15.95589,43.68653],[15.94857,43.67636],[15.93837,43.67057],[15.92978,43.67257],[15.92918,43.67057],[15.94458,43.66039],[15.94357,43.65478],[15.94957,43.65118],[15.94657,43.64339],[15.92997,43.65508],[15.92644,43.65456],[15.92758,43.64926],[15.92298,43.64746],[15.91879,43.65166],[15.9026,43.64706],[15.90979,43.64267],[15.93817,43.64187],[15.94537,43.63687],[15.97164,43.63283],[15.93418,43.63147],[15.92118,43.63487],[15.91299,43.62836],[15.91839,43.62516],[15.91625,43.6222],[15.92198,43.61437],[15.91859,43.60457],[15.92378,43.59718],[15.92258,43.58711],[15.93038,43.58219],[15.92718,43.57799],[15.91639,43.57599],[15.91759,43.5708],[15.92438,43.56672],[15.93478,43.56652],[15.94057,43.57112],[15.94117,43.56152],[15.93817,43.55932],[15.92678,43.56132],[15.92438,43.55872],[15.92698,43.55093],[15.95681,43.54081],[15.95847,43.53797],[15.95433,43.52967],[15.95656,43.52614],[15.96122,43.52547],[15.96433,43.529],[15.96803,43.52403],[15.97428,43.5235],[15.97428,43.52742],[15.96758,43.53392],[15.97708,43.54611],[15.98147,43.54225],[15.98992,43.54142],[15.98006,43.53244],[15.98839,43.51922],[15.98467,43.51617],[15.97195,43.51352],[15.95196,43.51831],[15.96056,43.50992],[15.95156,43.50832],[15.96216,43.50152],[15.97055,43.50572],[15.97395,43.50372],[15.97055,43.49893],[15.97235,43.49613],[15.98294,43.49993],[15.99739,43.49886],[15.99613,43.48897],[16.00353,43.48937],[16.01632,43.50036],[16.01872,43.49814],[16.01452,43.48857],[16.02152,43.48717],[16.02471,43.49257],[16.04633,43.48978],[16.0383,43.48318],[16.0387,43.47858],[16.04719,43.48103],[16.05809,43.47618],[16.06708,43.48418],[16.07988,43.48218],[16.08147,43.47778],[16.09347,43.47278],[16.11085,43.47079],[16.12295,43.47238],[16.12155,43.47538],[16.12854,43.47858],[16.11095,43.48577],[16.11515,43.48917],[16.13354,43.48138],[16.15672,43.48178],[16.17271,43.48617],[16.17903,43.49292],[16.17322,43.49847],[16.15293,43.50576],[16.13893,43.50736],[16.13014,43.51176],[16.11735,43.51176],[16.11515,43.51495],[16.12694,43.51615],[16.13334,43.52115],[16.14233,43.51535],[16.18011,43.51286],[16.1843,43.50816],[16.19133,43.50775],[16.22408,43.51795],[16.24447,43.51836],[16.23967,43.51256],[16.25685,43.50796],[16.26185,43.49777],[16.25545,43.49437],[16.24446,43.49577],[16.24246,43.49237],[16.23687,43.49297],[16.23087,43.49897],[16.20709,43.49877],[16.20364,43.49731],[16.21049,43.48837],[16.24594,43.48089],[16.25605,43.48538],[16.26825,43.48558],[16.27267,43.49178],[16.28743,43.48637],[16.31162,43.48358],[16.38896,43.48438],[16.39339,43.49067],[16.37861,43.4907],[16.37242,43.49533],[16.3655,43.492],[16.3414,43.49737],[16.3396,43.50196],[16.31062,43.51276],[16.25325,43.51794],[16.26769,43.52483],[16.29475,43.52817],[16.31142,43.53861],[16.347,43.54933],[16.36422,43.55172],[16.43103,43.54531],[16.45494,43.53817],[16.47697,43.53803],[16.46903,43.53358],[16.47586,43.52914],[16.46433,43.53061],[16.44243,43.52475],[16.43783,43.52875],[16.43283,43.52815],[16.42164,43.52255],[16.42604,43.51875],[16.42224,43.51635],[16.39766,43.51396],[16.38866,43.50876],[16.39166,43.50696],[16.4355,43.50056],[16.53169,43.49955],[16.53986,43.49592],[16.5528,43.48267],[16.59783,43.45953],[16.62456,43.45247],[16.62958,43.44578],[16.64522,43.43811],[16.65239,43.44097],[16.68278,43.43967],[16.69281,43.44283],[16.71858,43.41605],[16.74469,43.40989],[16.81578,43.40369],[16.82986,43.4],[16.84097,43.40125],[16.87475,43.39628],[16.88514,43.39964],[16.90433,43.38275],[16.95125,43.35297],[16.95881,43.34042],[17.01667,43.29714],[17.01645,43.28867],[17.02075,43.28475],[17.05042,43.27075],[17.05908,43.26339],[17.06322,43.25789],[17.065,43.24694],[17.07479,43.24234],[17.07859,43.23355],[17.10657,43.22615],[17.10875,43.215],[17.11614,43.2045],[17.13994,43.19194],[17.14406,43.19539],[17.14803,43.19447],[17.15953,43.18742],[17.16625,43.1765],[17.17967,43.17],[17.20286,43.16711],[17.22286,43.1605],[17.23008,43.1548],[17.25278,43.15008],[17.28392,43.13342],[17.28614,43.12756],[17.33778,43.10972],[17.3562,43.08405],[17.36564,43.08011],[17.381,43.06269],[17.39461,43.05825],[17.41133,43.03914],[17.41825,43.03944],[17.42275,43.04653],[17.41994,43.05542],[17.42556,43.06128],[17.42919,43.06017],[17.43047,43.05458],[17.43514,43.0513],[17.4275,43.04716],[17.42681,43.04055],[17.43136,43.03936],[17.43228,43.03036],[17.44092,43.02917],[17.44761,43.02167],[17.46881,43.02111],[17.47244,43.02597],[17.49944,43.03289],[17.50144,43.02842],[17.49164,43.02439],[17.48944,43.01831],[17.47717,43.02042],[17.46442,43.0087],[17.46722,42.99951],[17.47994,42.99958],[17.4815,42.99375],[17.47382,42.98952],[17.47841,42.98312],[17.48661,42.9784],[17.4906,42.97101],[17.5044,42.96561],[17.50979,42.95502],[17.52456,42.94689],[17.54214,42.93919],[17.55214,42.94228],[17.56083,42.93903],[17.57861,42.93889],[17.58758,42.93242]]]},"properties":{"kind":"coastline","source":"awmc-shoreline"}},{"type":"Feature","geometry":{"type":"MultiLineString","coordinates":[[[16.74047,42.90992],[16.724,42.91375],[16.73642,42.90644],[16.74047,42.90992]]]},"properties":{"kind":"coastline","source":"awmc-shoreline"}},{"type":"Feature","geometry":{"type":"MultiLineString","coordinates":[[[16.85141,42.89517],[16.84916,42.89759],[16.85869,42.90581],[16.85702,42.90798],[16.82571,42.90339],[16.77716,42.90409],[16.7439,42.91072],[16.7211,42.92101],[16.71372,42.91861],[16.66949,42.92592],[16.66533,42.92453],[16.66529,42.91726],[16.66077,42.91606],[16.64677,42.92295],[16.64088,42.9267],[16.63797,42.93556],[16.64205,42.93926],[16.66055,42.94359],[16.66327,42.94623],[16.66185,42.95087],[16.66552,42.95367],[16.69474,42.95906],[16.71124,42.95808],[16.71054,42.96111],[16.70191,42.96461],[16.6746,42.96723],[16.66352,42.97881],[16.64944,42.97859],[16.64591,42.97395],[16.6401,42.97862],[16.62844,42.98081],[16.6258,42.98278],[16.63508,42.98942],[16.65398,42.98826],[16.66121,42.99269],[16.66824,42.98934],[16.67127,42.99173],[16.68577,42.99006],[16.69349,42.99242],[16.70086,42.98779],[16.72699,42.98779],[16.73329,42.98149],[16.75055,42.97613],[16.85598,42.95747],[16.90363,42.96428],[16.91534,42.9717],[17.04383,42.97789],[17.05255,42.97145],[17.07011,42.96773],[17.13624,42.9595],[17.1416,42.95395],[17.14802,42.95245],[17.17013,42.92459],[17.19885,42.92162],[17.20119,42.91711],[17.19535,42.9117],[17.17677,42.9132],[17.16927,42.90992],[17.10944,42.90703],[17.03941,42.92095],[16.97033,42.92537],[16.96016,42.92339],[16.9428,42.91167],[16.93733,42.91312],[16.91874,42.90792],[16.89913,42.89862],[16.86858,42.8937],[16.85141,42.89517]]]},"properties":{"kind":"coastline","source":"awmc-shoreline"}},{"type":"Feature","geometry":{"type":"MultiLineString","coordinates":[[[17.58758,42.93242],[17.61136,42.9243],[17.6272,42.91211],[17.59733,42.91872],[17.57375,42.93436],[17.57061,42.93108],[17.55864,42.93295],[17.56447,42.92642],[17.63333,42.89981],[17.65372,42.8865]]]},"properties":{"kind":"coastline","source":"awmc-shoreline"}},{"type":"Feature","geometry":{"type":"MultiLineString","coordinates":[[[16.48848,42.74833],[16.49478,42.74763],[16.50154,42.75766],[16.53246,42.76125],[16.53627,42.76542],[16.51857,42.77375],[16.50835,42.773],[16.48825,42.75532],[16.48848,42.74856]]]},"properties":{"kind":"coastline","source":"awmc-shoreline"}},{"type":"Feature","geometry":{"type":"MultiLineString","coordinates":[[[16.72023,42.74779],[16.72404,42.75195],[16.73231,42.75381],[16.7274,42.75776],[16.71137,42.75262],[16.70826,42.74931],[16.72023,42.74779]]]},"properties":{"kind":"coastline","source":"awmc-shoreline"}},{"type":"Feature","geometry":{"type":"MultiLineString","coordinates":[[[17.8335,42.72814],[17.8383,42.72947],[17.83916,42.737],[17.83611,42.74038],[17.82155,42.74236],[17.79958,42.75297],[17.79216,42.75366],[17.79133,42.75163],[17.80732,42.74096],[17.82094,42.73811],[17.8335,42.72814]]]},"properties":{"kind":"coastline","source":"awmc-shoreline"}},{"type":"Feature","geometry":{"type":"MultiLineString","coordinates":[[[16.84461,42.72305],[16.84811,42.73047],[16.85783,42.7313],[16.86738,42.737],[16.8763,42.73286],[16.88772,42.73525],[16.88885,42.73083],[16.88502,42.72322],[16.91827,42.73294],[16.93958,42.7568],[16.9403,42.76758],[16.92291,42.77103],[16.884,42.77055],[16.86018,42.77702],[16.84921,42.77072],[16.84502,42.77492],[16.83841,42.77528],[16.83641,42.77055],[16.83102,42.76815],[16.82694,42.76919],[16.82496,42.77422],[16.81641,42.77619],[16.79322,42.7643],[16.7944,42.77375],[16.79252,42.77675],[16.78577,42.77725],[16.78211,42.77178],[16.78338,42.75908],[16.7988,42.76105],[16.80969,42.7545],[16.81322,42.75569],[16.81308,42.76075],[16.81974,42.76225],[16.82449,42.74763],[16.81469,42.74693],[16.81423,42.74436],[16.81912,42.74203],[16.82555,42.73186],[16.83447,42.73072],[16.83941,42.72402],[16.84461,42.72305]]]},"properties":{"kind":"coastline","source":"awmc-shoreline"}},{"type":"Feature","geometry":{"type":"MultiLineString","coordinates":[[[17.90254,42.70022],[17.91124,42.70013],[17.91621,42.70555],[17.91513,42.70977],[17.9286,42.71627],[17.91832,42.71874],[17.85607,42.75332],[17.83088,42.75518],[17.85991,42.73041],[17.84271,42.73516],[17.84702,42.72913],[17.85988,42.72469],[17.86224,42.72063],[17.87452,42.71916],[17.90254,42.70022]]]},"properties":{"kind":"coastline","source":"awmc-shoreline"}},{"type":"Feature","geometry":{"type":"MultiLineString","coordinates":[[[17.39559,42.78773],[17.37534,42.79048],[17.38641,42.79288],[17.39176,42.80173],[17.38381,42.80309],[17.37354,42.80001],[17.36898,42.80418],[17.35148,42.79162],[17.3324,42.78768],[17.32656,42.79143],[17.31993,42.78611],[17.33418,42.77196],[17.38151,42.75728],[17.39001,42.76118],[17.38787,42.76451],[17.3964,42.76584],[17.4092,42.75754],[17.43387,42.75543],[17.43756,42.74901],[17.47762,42.74829],[17.50512,42.73496],[17.58115,42.72198],[17.58723,42.71771],[17.6364,42.71801],[17.66282,42.709],[17.67821,42.70783],[17.69692,42.70012],[17.69706,42.69276],[17.70668,42.69265],[17.71145,42.69648],[17.72759,42.69346],[17.73379,42.69882],[17.73723,42.69632],[17.73732,42.68848],[17.74773,42.68718],[17.75265,42.69237],[17.74468,42.69884],[17.74323,42.70835],[17.68871,42.72743],[17.67926,42.72623],[17.66743,42.73454],[17.65045,42.73209],[17.64252,42.73722],[17.60034,42.73832],[17.59718,42.74079],[17.59934,42.74343],[17.60754,42.74432],[17.59412,42.74973],[17.45848,42.77982],[17.44402,42.78075],[17.43687,42.78673],[17.40926,42.78462],[17.39559,42.78773]]]},"properties":{"kind":"coastline","source":"awmc-shoreline"}},{"type":"Feature","geometry":{"type":"MultiLineString","coordinates":[[[17.95117,42.67429],[17.95544,42.67634],[17.95506,42.68118],[17.96736,42.67742],[17.97222,42.67895],[17.9485,42.6972],[17.94022,42.69568],[17.93767,42.68962],[17.92297,42.6887],[17.93822,42.67534],[17.95117,42.67429]]]},"properties":{"kind":"coastline","source":"awmc-shoreline"}},{"type":"Feature","geometry":{"type":"MultiLineString","coordinates":[[[18.0035,42.67627],[17.99725,42.67666],[17.99378,42.67344],[18.01342,42.66853],[18.01567,42.66378],[18.02022,42.6628],[18.02194,42.66961],[18.01325,42.6805],[18.00883,42.68261],[18.00611,42.68072],[18.00764,42.67764],[18.0035,42.67627]]]},"properties":{"kind":"coastline","source":"awmc-shoreline"}},{"type":"Feature","geometry":{"type":"MultiLineString","coordinates":[[[18.11906,42.62201],[18.12803,42.62443],[18.11889,42.63399],[18.11447,42.6306],[18.11906,42.62201]]]},"properties":{"kind":"coastline","source":"awmc-shoreline"}},{"type":"Feature","geometry":{"type":"MultiLineString","coordinates":[[[17.65372,42.8865],[17.688,42.86942],[17.69447,42.8688],[17.70258,42.88003],[17.70711,42.88161],[17.71442,42.87725],[17.703,42.86967],[17.70436,42.8595],[17.69828,42.86078],[17.69528,42.85911],[17.69742,42.856],[17.68989,42.85553],[17.687,42.86031],[17.68089,42.86158],[17.68275,42.86697],[17.67972,42.87061],[17.651,42.87878],[17.66636,42.86819],[17.66208,42.86617],[17.64689,42.86983],[17.60883,42.89572],[17.60386,42.89258],[17.59714,42.89692],[17.58908,42.89739],[17.584,42.90205],[17.55606,42.90919],[17.53072,42.92286],[17.52264,42.92333],[17.52008,42.91981],[17.53386,42.90569],[17.53111,42.90333],[17.51933,42.907],[17.51736,42.91195],[17.50861,42.90878],[17.49719,42.90992],[17.48328,42.91692],[17.47544,42.91069],[17.47369,42.91769],[17.45543,42.924],[17.45123,42.929],[17.45123,42.94099],[17.43439,42.95605],[17.39275,42.96647],[17.32606,42.99461],[17.30114,43.00259],[17.28275,43.00439],[17.27895,43.00878],[17.16542,43.02406],[17.13836,43.02508],[17.08306,43.0187],[17.06697,43.02028],[17.06614,43.02444],[17.03167,43.04536],[17.00375,43.05056],[17.00203,43.04903],[17.01192,43.04483],[17.01455,43.03986],[17.01361,43.03028],[17.01772,43.02775],[17.02411,43.03222],[17.02842,43.03153],[17.03181,43.0247],[17.0232,43.02286],[17.01406,43.00958],[17.00369,43.0122],[17.00358,43.00786],[17.02897,43.00258],[17.08372,42.98192],[17.12711,42.97886],[17.14086,42.97258],[17.18703,42.97233],[17.20333,42.97925],[17.22425,42.97625],[17.24489,42.96153],[17.28511,42.94297],[17.30189,42.94225],[17.3155,42.93505],[17.33864,42.92958],[17.37067,42.91078],[17.39647,42.91013],[17.40666,42.91573],[17.41106,42.90873],[17.42185,42.90793],[17.45423,42.89134],[17.45223,42.88495],[17.44244,42.88395],[17.43584,42.87376],[17.44384,42.86976],[17.52611,42.84528],[17.57636,42.8375],[17.62753,42.81814],[17.64822,42.81644],[17.66261,42.81122],[17.67719,42.81356],[17.68244,42.80475],[17.70239,42.80217],[17.7037,42.79703],[17.71442,42.79822],[17.72075,42.79347],[17.73486,42.79147],[17.74192,42.79333],[17.7475,42.79047],[17.7557,42.77458],[17.74861,42.77225],[17.76025,42.76214],[17.76408,42.76305],[17.76117,42.76781],[17.77072,42.77528],[17.76786,42.78028],[17.75194,42.79389],[17.74836,42.801],[17.72586,42.81155],[17.71556,42.8225],[17.75872,42.806],[17.77294,42.79514],[17.77471,42.79061],[17.7831,42.78662],[17.79869,42.80081],[17.79709,42.8058],[17.80629,42.8058],[17.81768,42.79921],[17.82487,42.80201],[17.83422,42.80011],[17.83911,42.80486],[17.84633,42.80533],[17.84892,42.78955],[17.86339,42.7827],[17.86825,42.77597],[17.872,42.7762],[17.88034,42.7853],[17.89113,42.78829],[17.89193,42.7847],[17.88413,42.7789],[17.88533,42.7753],[17.87654,42.7747],[17.87314,42.76966],[17.87794,42.76231],[17.90532,42.74612],[17.92441,42.74225],[17.93411,42.73394],[17.94789,42.72642],[17.95083,42.72764],[17.95605,42.72178],[17.96375,42.72083],[17.96639,42.714],[17.99956,42.69697],[18.01225,42.69641],[18.02086,42.69011],[18.04013,42.68465],[18.03693,42.69864],[18.04412,42.70004],[18.04932,42.68345],[18.06678,42.67044],[18.09233,42.67386],[18.13266,42.67265],[18.12927,42.66966],[18.09595,42.67111],[18.08389,42.66797],[18.08017,42.66544],[18.0855,42.65746],[18.0823,42.65687],[18.0793,42.66086],[18.05939,42.66586],[18.05586,42.66217],[18.06244,42.65461],[18.05644,42.65108],[18.08578,42.64142],[18.08886,42.6465],[18.09933,42.64056],[18.11533,42.63906],[18.13153,42.63136],[18.14386,42.63055],[18.17011,42.616],[18.19592,42.61829],[18.20192,42.62244],[18.2191,42.6117],[18.22594,42.60225],[18.22122,42.59658],[18.22281,42.58636],[18.20964,42.58792],[18.21008,42.58375],[18.20428,42.58183],[18.22325,42.57186],[18.23147,42.5573],[18.25606,42.54742],[18.26781,42.53931],[18.27108,42.53033],[18.31756,42.51442],[18.37533,42.48689],[18.38869,42.47681],[18.39233,42.47864],[18.40331,42.47467],[18.42542,42.45755],[18.40964,42.45792],[18.4285,42.44725],[18.42972,42.45222],[18.45824,42.44693],[18.48517,42.42181],[18.49961,42.41575],[18.50597,42.40453],[18.52269,42.39442],[18.52781,42.39317],[18.52964,42.39556],[18.51086,42.4065],[18.5096,42.41035],[18.5122,42.41755],[18.52399,42.42135]]]},"properties":{"kind":"coastline","source":"awmc-shoreline"}},{"type":"Feature","geometry":{"type":"MultiLineString","coordinates":[[[16.25269,42.39656],[16.25058,42.39134],[16.27891,42.38789],[16.26408,42.39503],[16.25269,42.39656]]]},"properties":{"kind":"coastline","source":"awmc-shoreline"}},{"type":"Feature","geometry":{"type":"MultiLineString","coordinates":[[[15.74947,42.22775],[15.75375,42.22864],[15.75417,42.22567],[15.74497,42.22486],[15.74181,42.22775],[15.74947,42.22775]]]},"properties":{"kind":"coastline","source":"awmc-shoreline"}},{"type":"Feature","geometry":{"type":"MultiLineString","coordinates":[[[15.51044,42.1302],[15.51481,42.13578],[15.52206,42.13844],[15.51056,42.14489],[15.50322,42.13303],[15.50456,42.13022],[15.51044,42.1302]]]},"properties":{"kind":"coastline","source":"awmc-shoreline"}},{"type":"Feature","geometry":{"type":"MultiLineString","coordinates":[[[15.51044,42.1302],[15.51733,42.12833],[15.50356,42.12064],[15.50258,42.12411],[15.51044,42.1302]]]},"properties":{"kind":"coastline","source":"awmc-shoreline"}},{"type":"Feature","geometry":{"type":"MultiLineString","coordinates":[[[15.47961,42.10419],[15.49025,42.11111],[15.49583,42.12461],[15.48672,42.12592],[15.47297,42.11456],[15.47961,42.10419]]]},"properties":{"kind":"coastline","source":"awmc-shoreline"}},{"type":"Feature","geometry":{"type":"MultiLineString","coordinates":[[[14.99938,41.99651],[15.03421,41.98024],[15.06556,41.94794],[15.10572,41.93431],[15.14175,41.92769]]]},"properties":{"kind":"coastline","source":"awmc-shoreline"}},{"type":"Feature","geometry":{"type":"MultiLineString","coordinates":[[[18.52399,42.42112],[18.52939,42.42471],[18.52679,42.42851],[18.51589,42.43466],[18.5048,42.44783],[18.51228,42.45813],[18.5167,42.45874],[18.53275,42.45077],[18.55086,42.4493],[18.56558,42.4531],[18.58811,42.43733],[18.60514,42.43477],[18.63581,42.44208],[18.67499,42.46025],[18.67659,42.46864],[18.68758,42.47964],[18.67083,42.48657],[18.65664,42.48733],[18.65278,42.49357],[18.67039,42.50547],[18.68108,42.50655],[18.68578,42.51427],[18.69436,42.51344],[18.69658,42.50894],[18.69278,42.49183],[18.69977,42.48463],[18.71908,42.48321],[18.75842,42.4901],[18.76483,42.48691],[18.76253,42.46638],[18.76742,42.4536],[18.76072,42.44488],[18.76889,42.42613],[18.76258,42.42291],[18.75294,42.44958],[18.73458,42.46605],[18.71658,42.47327],[18.70072,42.4753],[18.69686,42.47902],[18.69058,42.47852],[18.68625,42.47124],[18.68764,42.46746],[18.68039,42.46152],[18.68858,42.44706],[18.68581,42.44046],[18.69089,42.43918],[18.71428,42.41316],[18.71375,42.40908],[18.70933,42.40847],[18.70603,42.39443],[18.68022,42.40588],[18.66055,42.40724],[18.62392,42.42127],[18.59542,42.42624],[18.57947,42.4326],[18.564,42.43277],[18.54994,42.42683],[18.54544,42.41794],[18.54747,42.41436],[18.55677,42.41108],[18.55917,42.40609],[18.56616,42.40249],[18.57976,42.39929],[18.57116,42.3909],[18.58955,42.3811],[18.59725,42.37138],[18.60425,42.37044],[18.60772,42.36582],[18.618,42.36649],[18.629,42.36277],[18.63317,42.36891],[18.64117,42.36857],[18.64953,42.36363],[18.65681,42.37232],[18.65253,42.38021],[18.65622,42.38502],[18.68089,42.3821],[18.68488,42.3843],[18.69008,42.37071],[18.70506,42.35724],[18.70283,42.35441],[18.691,42.35869],[18.68861,42.35699],[18.69286,42.35141],[18.69119,42.34785],[18.69331,42.34494],[18.70286,42.34474],[18.70825,42.33841],[18.70786,42.33291],[18.71592,42.33049],[18.70867,42.3249],[18.71007,42.31971],[18.72806,42.30666],[18.72939,42.30241],[18.73867,42.29994],[18.75194,42.28519],[18.75875,42.28288],[18.77653,42.26713],[18.78522,42.26744],[18.7885,42.27135],[18.78672,42.27907],[18.7905,42.27972],[18.79958,42.27105],[18.80486,42.27113],[18.80428,42.27874],[18.81005,42.28271],[18.81672,42.28177],[18.82547,42.27288],[18.83003,42.27211],[18.84753,42.28097],[18.85881,42.27632],[18.86788,42.27942],[18.88473,42.27447],[18.89056,42.26934],[18.89872,42.24182],[18.89622,42.23869],[18.90316,42.23132],[18.9054,42.21901],[18.96309,42.19029],[18.96733,42.18219],[18.96596,42.17348],[18.99295,42.15756],[19.00094,42.15819],[19.0105,42.13393],[19.01916,42.13938],[19.02535,42.13938],[19.03243,42.1344],[19.05109,42.13743],[19.05808,42.13473],[19.06392,42.12251],[19.09424,42.10338],[19.09331,42.09265],[19.08153,42.08827],[19.07045,42.08892],[19.07138,42.08565],[19.11121,42.05972],[19.13969,42.04534],[19.14323,42.03782],[19.14058,42.02919],[19.14832,42.02654],[19.14743,42.02057],[19.14146,42.0188],[19.15053,42.01194],[19.14456,42.00331],[19.14743,42.0011],[19.14345,41.99049],[19.15053,41.98805],[19.15163,41.98407],[19.14279,41.98098],[19.13969,41.97633],[19.14279,41.96992],[19.16336,41.95598],[19.16468,41.95178],[19.14854,41.95245],[19.15296,41.9467],[19.23557,41.90702],[19.23778,41.90989],[19.31308,41.89146],[19.37185,41.8529]]]},"properties":{"kind":"coastline","source":"awmc-shoreline"}},{"type":"Feature","geometry":{"type":"MultiLineString","coordinates":[[[15.14175,41.92769],[15.22886,41.92019],[15.288,41.92478],[15.29539,41.92135],[15.34278,41.9168],[15.35595,41.90531],[15.38875,41.90148],[15.4541,41.90435],[15.51574,41.91115],[15.51622,41.90759],[15.49675,41.90105],[15.47347,41.90086],[15.46333,41.89622],[15.44017,41.89761],[15.37456,41.89225],[15.32394,41.89539],[15.31231,41.89128],[15.30525,41.88217],[15.32061,41.87833],[15.3459,41.86159],[15.35045,41.86782],[15.35667,41.86471],[15.40335,41.88051],[15.44722,41.873],[15.49014,41.87747],[15.52817,41.89906],[15.55258,41.89783],[15.57135,41.90758],[15.57261,41.91219],[15.56758,41.91492],[15.51622,41.90759],[15.51574,41.91115],[15.61316,41.9277],[15.63516,41.92874],[15.66429,41.92036],[15.67036,41.91596],[15.67874,41.89941],[15.68545,41.8948],[15.68388,41.87519],[15.67906,41.87141],[15.68618,41.86492],[15.7151,41.85109],[15.73539,41.8502],[15.7583,41.84324],[15.78131,41.84941],[15.79242,41.84522],[15.80562,41.85465],[15.80981,41.86764],[15.80269,41.88734],[15.80751,41.9041],[15.80206,41.91248],[15.80353,41.91793],[15.80939,41.92254],[15.81819,41.92045],[15.84784,41.92652],[15.93742,41.93511],[15.98583,41.94287],[15.98981,41.94685],[16.00804,41.94664],[16.01486,41.95103],[16.03161,41.94601],[16.06011,41.94894],[16.0752,41.94035],[16.08421,41.94161],[16.09322,41.93344],[16.10705,41.92946],[16.11336,41.91825],[16.11947,41.91431],[16.13848,41.91458],[16.15094,41.91039],[16.15094,41.90536],[16.15493,41.9041],[16.15444,41.90005],[16.16268,41.89132],[16.16876,41.88713],[16.17546,41.88566],[16.17986,41.88902],[16.18196,41.88545],[16.18657,41.88545],[16.17881,41.87854],[16.17557,41.86794],[16.17682,41.85725],[16.18227,41.84279],[16.19254,41.83755],[16.19149,41.82833],[16.20155,41.8254],[16.1961,41.82037],[16.19841,41.81283],[16.19715,41.80151],[16.19442,41.79942],[16.19631,41.79376],[16.18814,41.78454],[16.19212,41.78223],[16.1888,41.77272],[16.16949,41.76736],[16.16614,41.76296],[16.16635,41.75583],[16.14854,41.74996],[16.14267,41.74179],[16.12276,41.73865],[16.11794,41.73236],[16.10275,41.72796],[16.08997,41.71497],[16.07404,41.71099],[16.06482,41.69255],[16.0556,41.69108],[16.03612,41.6778],[15.94507,41.64322],[15.91133,41.62269],[15.8864,41.60446],[15.88808,41.58958],[15.88368,41.58518],[15.86209,41.57701],[15.82857,41.54474],[15.8315,41.53594],[15.84596,41.5351],[15.85874,41.52902],[15.86796,41.52022],[15.88242,41.52232],[15.88682,41.52588],[15.89541,41.52462],[15.8996,41.5263],[15.90107,41.53301],[15.91897,41.505],[15.95642,41.46294],[15.99917,41.4383],[16.03203,41.42369],[16.05175,41.41936],[16.06275,41.41264],[16.12053,41.39411],[16.16297,41.37078],[16.20501,41.36583],[16.23981,41.33775],[16.26736,41.32681],[16.28086,41.32623],[16.28297,41.33131],[16.29113,41.32812],[16.29331,41.33556],[16.29563,41.33336],[16.29448,41.32309],[16.34068,41.31135],[16.39044,41.28886],[16.4087,41.28567],[16.43044,41.27403],[16.44179,41.27259],[16.44179,41.26777],[16.46819,41.25645],[16.48286,41.25687],[16.48768,41.25143],[16.50344,41.24858],[16.50654,41.24451],[16.53561,41.23845],[16.53889,41.23095],[16.55633,41.22592],[16.59028,41.20536],[16.59322,41.20797],[16.60072,41.20595],[16.61125,41.19947],[16.63278,41.19317],[16.63739,41.19527],[16.67438,41.18982],[16.68339,41.18264],[16.70075,41.17689],[16.776,41.16111],[16.81261,41.13839],[16.84337,41.13974],[16.84652,41.13555],[16.84337,41.1345],[16.84526,41.13073],[16.85406,41.12822],[16.86475,41.13178],[16.86307,41.13764],[16.86936,41.13995],[16.87313,41.12905],[16.88947,41.11962],[16.90405,41.11897],[16.93023,41.11103],[16.96354,41.09595],[16.97884,41.09532],[17.03228,41.08278],[17.07781,41.0653],[17.09765,41.06284],[17.09597,41.06011],[17.0987,41.05718],[17.15234,41.03246],[17.16994,41.03099],[17.1997,41.00794],[17.19949,41.0048],[17.23448,40.99327],[17.26497,40.97441],[17.27063,40.9742],[17.3272,40.93376],[17.35067,40.90443],[17.39132,40.88858],[17.41479,40.86868],[17.4678,40.83997],[17.46503,40.83586],[17.47,40.83144],[17.51055,40.81294],[17.5555,40.79848],[17.67713,40.76894],[17.7379,40.74337],[17.74335,40.73457],[17.7664,40.72242],[17.77583,40.71844],[17.7905,40.7176],[17.78693,40.71299],[17.83199,40.69296],[17.8807,40.68311],[17.92575,40.67829],[17.93497,40.68416],[17.93958,40.68206],[17.94517,40.6693],[17.95279,40.66404],[17.96159,40.66362],[17.96326,40.65943],[17.96054,40.65356],[17.9532,40.64979],[17.953,40.64686],[17.95886,40.64351],[17.98652,40.64476],[17.99427,40.64916],[18.00496,40.64309],[18.02183,40.64015],[18.01483,40.63272],[18.0168,40.62339],[18.04551,40.59678],[18.04174,40.57834],[18.0365,40.57499],[18.03545,40.56912],[18.0453,40.55466],[18.07526,40.53832],[18.07966,40.52449],[18.11675,40.50395],[18.1245,40.4935],[18.14032,40.48551],[18.1728,40.47671],[18.1881,40.4654],[18.21262,40.46162],[18.22351,40.45002],[18.23158,40.44847],[18.24656,40.43786],[18.27715,40.40769],[18.30157,40.39239],[18.31225,40.37458],[18.36087,40.34357],[18.39513,40.30837],[18.41378,40.29558],[18.42383,40.29294],[18.43159,40.28226],[18.43138,40.2696],[18.44123,40.26927],[18.44961,40.24684],[18.46386,40.224],[18.46365,40.21416],[18.45925,40.20414],[18.46176,40.19681],[18.47685,40.18319],[18.49235,40.14735],[18.5043,40.14694],[18.51498,40.13981],[18.51708,40.13478],[18.50786,40.12808],[18.50786,40.12284],[18.52001,40.10796],[18.51896,40.10314],[18.48397,40.07821],[18.47706,40.04615],[18.45275,40.03043],[18.44437,40.02959],[18.43515,40.02394],[18.43431,40.01304],[18.43138,40.01011],[18.43248,39.99953],[18.42556,40.00037],[18.41545,39.99333],[18.39264,39.91403],[18.39151,39.90523],[18.39717,39.90062],[18.39947,39.89371],[18.39772,39.87258],[18.39222,39.86428],[18.39145,39.85278],[18.386,39.84036],[18.38648,39.83148],[18.39172,39.82519],[18.39109,39.8166],[18.37,39.79575]]]},"properties":{"kind":"coastline","source":"awmc-shoreline"}},{"type":"Feature","geometry":{"type":"MultiLineString","coordinates":[[[13.10668,40.83833],[13.10668,40.83827]]]},"properties":{"kind":"coastline","source":"awmc-shoreline"}},{"type":"Feature","geometry":{"type":"MultiLineString","coordinates":[[[10.20045,37.17074],[10.21183,37.17457],[10.22085,37.16876]]]},"properties":{"kind":"coastline","source":"awmc-shoreline"}},{"type":"Feature","geometry":{"type":"MultiLineString","coordinates":[[[10.20045,37.17074],[10.22085,37.16876]]]},"properties":{"kind":"coastline","source":"awmc-shoreline"}},{"type":"Feature","geometry":{"type":"MultiLineString","coordinates":[[[10.1534,37.16712],[10.18998,37.16655],[10.20045,37.17074]]]},"properties":{"kind":"coastline","source":"awmc-shoreline"}},{"type":"Feature","geometry":{"type":"MultiLineString","coordinates":[[[10.06945,37.04994],[10.08706,37.05978],[10.08795,37.05651],[10.0826,37.04996],[10.08528,37.02647],[10.08319,37.00773],[10.06684,36.97888],[10.06386,36.96787],[10.0704,36.95746],[10.09152,36.95538],[10.1635,36.95746],[10.19949,36.97204],[10.21617,36.97225]]]},"properties":{"kind":"coastline","source":"awmc-shoreline"}},{"type":"Feature","geometry":{"type":"MultiLineString","coordinates":[[[10.06945,37.04994],[10.06348,37.04919],[10.06019,37.05278],[10.06139,37.05937]]]},"properties":{"kind":"coastline","source":"awmc-shoreline"}},{"type":"Feature","geometry":{"type":"MultiLineString","coordinates":[[[10.06673,37.04843],[10.07475,37.03267],[10.08289,37.02875],[10.09661,37.02996],[10.11154,37.01126],[10.11682,37.0093],[10.18134,37.01352],[10.18994,37.01096],[10.18737,36.99106],[10.21255,36.98111],[10.21617,36.97225]]]},"properties":{"kind":"coastline","source":"awmc-shoreline"}},{"type":"Feature","geometry":{"type":"MultiLineString","coordinates":[[[10.22605,36.95398],[10.22426,36.96267]]]},"properties":{"kind":"coastline","source":"awmc-shoreline"}},{"type":"Feature","geometry":{"type":"MultiLineString","coordinates":[[[10.21755,36.95],[10.20257,36.92872],[10.19678,36.92565],[10.1961,36.91987],[10.20597,36.9117],[10.22262,36.90788],[10.23035,36.89866],[10.24225,36.89301],[10.27705,36.89153],[10.28478,36.89658],[10.28657,36.90431],[10.2824,36.91294],[10.27705,36.91443],[10.26902,36.92603],[10.2595,36.93079],[10.24794,36.94905],[10.29374,36.92571],[10.3193,36.922],[10.32187,36.91686],[10.31692,36.91656]]]},"properties":{"kind":"coastline","source":"awmc-shoreline"}},{"type":"Feature","geometry":{"type":"MultiLineString","coordinates":[[[10.22426,36.96267],[10.24563,36.95298],[10.24278,36.95056],[10.22605,36.95398]]]},"properties":{"kind":"coastline","source":"awmc-shoreline"}},{"type":"Feature","geometry":{"type":"MultiLineString","coordinates":[[[10.34344,36.8829],[10.3259,36.89261],[10.31632,36.91147],[10.31692,36.91656]]]},"properties":{"kind":"coastline","source":"awmc-shoreline"}},{"type":"Feature","geometry":{"type":"MultiLineString","coordinates":[[[10.1534,37.16712],[10.14227,37.15552],[10.11307,37.14291],[10.06116,37.12961],[10.02704,37.10734],[10.02318,37.09406],[10.0239,37.07736],[10.03246,37.06922],[10.05645,37.06494],[10.06139,37.05937]]]},"properties":{"kind":"coastline","source":"awmc-shoreline"}},{"type":"Feature","geometry":{"type":"MultiLineString","coordinates":[[[10.15005,37.16661],[10.12938,37.16423],[10.08397,37.1498],[10.05199,37.13448],[10.02299,37.11024],[10.01823,37.10296],[10.01838,37.09329],[10.02091,37.07723],[10.0276,37.06533],[10.03801,37.05685],[10.06139,37.05937]]]},"properties":{"kind":"coastline","source":"awmc-shoreline"}},{"type":"Feature","geometry":{"type":"MultiLineString","coordinates":[[[10.22426,36.96267],[10.21617,36.97225]]]},"properties":{"kind":"coastline","source":"awmc-shoreline"}},{"type":"Feature","geometry":{"type":"MultiLineString","coordinates":[[[10.22605,36.95398],[10.21755,36.95]]]},"properties":{"kind":"coastline","source":"awmc-shoreline"}},{"type":"Feature","geometry":{"type":"MultiLineString","coordinates":[[[10.31692,36.91656],[10.28219,36.92764],[10.26303,36.93722],[10.25584,36.93722],[10.25225,36.93273],[10.25884,36.92345],[10.28804,36.89946],[10.28853,36.89263],[10.28325,36.88923],[10.25755,36.88667],[10.24155,36.88957],[10.21618,36.90608],[10.1978,36.91323],[10.1932,36.91936],[10.19508,36.93042],[10.21755,36.95]]]},"properties":{"kind":"coastline","source":"awmc-shoreline"}},{"type":"Feature","geometry":{"type":"MultiLineString","coordinates":[[[10.34344,36.8829],[10.34962,36.87697],[10.35161,36.86808]]]},"properties":{"kind":"coastline","source":"awmc-shoreline"}},{"type":"Feature","geometry":{"type":"MultiLineString","coordinates":[[[10.34344,36.8829],[10.35609,36.87578],[10.3566,36.87152],[10.35161,36.86808]]]},"properties":{"kind":"coastline","source":"awmc-shoreline"}},{"type":"Feature","geometry":{"type":"MultiLineString","coordinates":[[[10.31746,36.82685],[10.33069,36.8489],[10.35161,36.86808]]]},"properties":{"kind":"coastline","source":"awmc-shoreline"}},{"type":"Feature","geometry":{"type":"MultiLineString","coordinates":[[[10.31746,36.82685],[10.30843,36.82403],[10.30571,36.82539],[10.30741,36.8305]]]},"properties":{"kind":"coastline","source":"awmc-shoreline"}},{"type":"Feature","geometry":{"type":"MultiLineString","coordinates":[[[10.275,36.8004],[10.27745,36.80582],[10.296,36.81262],[10.30196,36.80735],[10.29107,36.8065],[10.28385,36.79844]]]},"properties":{"kind":"coastline","source":"awmc-shoreline"}},{"type":"Feature","geometry":{"type":"MultiLineString","coordinates":[[[10.31746,36.82685],[10.30315,36.81467],[10.3006,36.8162],[10.30094,36.82199],[10.30741,36.8305]]]},"properties":{"kind":"coastline","source":"awmc-shoreline"}},{"type":"Feature","geometry":{"type":"MultiLineString","coordinates":[[[10.275,36.8004],[10.26662,36.77824],[10.26164,36.77294]]]},"properties":{"kind":"coastline","source":"awmc-shoreline"}},{"type":"Feature","geometry":{"type":"MultiLineString","coordinates":[[[10.26164,36.77294],[10.25505,36.77432],[10.253,36.78249],[10.24177,36.79169],[10.2307,36.79373],[10.22134,36.78964]]]},"properties":{"kind":"coastline","source":"awmc-shoreline"}},{"type":"Feature","geometry":{"type":"MultiLineString","coordinates":[[[10.22134,36.78964],[10.23922,36.78964],[10.24858,36.7796],[10.24909,36.77381],[10.25862,36.77279]]]},"properties":{"kind":"coastline","source":"awmc-shoreline"}},{"type":"Feature","geometry":{"type":"MultiLineString","coordinates":[[[10.275,36.8004],[10.28169,36.80156],[10.30433,36.76479],[10.31522,36.75322],[10.34535,36.735],[10.36901,36.7253],[10.40496,36.7207],[10.43884,36.72683],[10.47491,36.74232],[10.47985,36.74096],[10.47904,36.73663]]]},"properties":{"kind":"coastline","source":"awmc-shoreline"}},{"type":"Feature","geometry":{"type":"MultiLineString","coordinates":[[[10.48472,36.73783],[10.48802,36.73423],[10.48682,36.72795],[10.47934,36.72795],[10.47784,36.73154],[10.48422,36.73486],[10.47904,36.73663]]]},"properties":{"kind":"coastline","source":"awmc-shoreline"}},{"type":"Feature","geometry":{"type":"MultiLineString","coordinates":[[[10.54029,36.75912],[10.53174,36.7531],[10.48442,36.74294],[10.48472,36.73783]]]},"properties":{"kind":"coastline","source":"awmc-shoreline"}},{"type":"Feature","geometry":{"type":"MultiLineString","coordinates":[[[13.44716,37.2903],[13.44097,37.28839],[13.44383,37.28601],[13.44716,37.2903]]]},"properties":{"kind":"coastline","source":"awmc-shoreline"}},{"type":"Feature","geometry":{"type":"MultiLineString","coordinates":[[[8.13665,40.60973],[8.13927,40.6083],[8.13689,40.60461],[8.13285,40.60747],[8.13665,40.60973]]]},"properties":{"kind":"coastline","source":"awmc-shoreline"}},{"type":"Feature","geometry":{"type":"MultiLineString","coordinates":[[[12.31964,44.30694],[12.36973,44.24527],[12.38782,44.21769],[12.44258,44.17112],[12.44118,44.16733],[12.45677,44.15853],[12.5521,44.08019],[12.56369,44.07599],[12.57769,44.07599],[12.61106,44.04161],[12.68266,43.99139],[12.71881,43.97319],[12.73556,43.96841],[12.75424,43.96912]]]},"properties":{"kind":"coastline","source":"awmc-shoreline"}},{"type":"Feature","geometry":{"type":"MultiLineString","coordinates":[[[13.10112,45.64676],[13.09413,45.64716],[13.09892,45.64276],[13.09632,45.63417],[13.03639,45.63345],[12.9903,45.62897],[12.9875,45.63817],[12.97671,45.64416],[12.97528,45.62742],[12.96992,45.62314],[12.91719,45.61808],[12.8812,45.60157]]]},"properties":{"kind":"coastline","source":"awmc-shoreline"}}]}