{"type":"FeatureCollection","features":[{"type":"Feature","geometry":{"type":"Polygon","coordinates":[[[7.89397,45.58222],[7.90219,45.55908],[7.88306,45.53683],[7.88491,45.53059],[7.92342,45.52149],[7.91956,45.50883],[7.9663,45.48203],[7.96873,45.47462],[8.0384,45.44143],[8.03358,45.43056],[8.02208,45.42196],[8.02702,45.4031],[8.01921,45.40057],[8.01444,45.40666],[8.00887,45.39789],[8.01257,45.39324],[8.00798,45.38698],[8.01218,45.36744],[8.02429,45.36306],[8.019,45.34337],[8.02131,45.33006],[7.98993,45.34548],[7.9586,45.34654],[7.96492,45.33222],[7.95167,45.30955],[7.94684,45.30866],[7.95725,45.30791],[7.97758,45.3174],[7.99002,45.30745],[7.98991,45.26498],[7.97997,45.26152],[7.99086,45.22918],[8.00611,45.21495],[8.03684,45.20096],[8.04319,45.20201],[8.04789,45.1867],[8.05524,45.1823],[8.09485,45.18744],[8.10292,45.1827],[8.12256,45.18209],[8.12177,45.1786],[8.13486,45.17499],[8.13771,45.17849],[8.14491,45.17387],[8.14436,45.16937],[8.15185,45.16854],[8.13941,45.15978],[8.14389,45.14383],[8.13665,45.1398],[8.13617,45.12886],[8.12897,45.123],[8.09637,45.13174],[8.09213,45.11567],[8.07538,45.09743],[8.04782,45.10787],[8.04681,45.12815],[8.0265,45.13301],[8.01541,45.12544],[7.99235,45.12831],[7.96859,45.11705],[7.95374,45.11683],[7.93679,45.10971],[7.92851,45.10473],[7.94219,45.08626],[7.92579,45.083],[7.91894,45.07462],[7.90609,45.09509],[7.89595,45.09498],[7.89301,45.05987],[7.9019,45.0615],[7.92333,45.05503],[7.93233,45.04085],[7.93778,45.04208],[7.94071,45.05717],[7.95802,45.04203],[7.95383,45.02967],[7.92099,45.02316],[7.91583,45.00309],[7.93433,45.00048],[7.93097,44.98816],[7.90218,44.96583],[7.90026,44.94073],[7.88343,44.93622],[7.89274,44.91491],[7.91547,44.91712],[7.92631,44.9029],[7.91796,44.89243],[7.88502,44.89643],[7.88591,44.88463],[7.90175,44.88027],[7.90942,44.8862],[7.91901,44.8826],[7.91777,44.87735],[7.93119,44.8553],[7.94335,44.84634],[7.91064,44.83141],[7.90263,44.82153],[7.87501,44.8337],[7.86604,44.82999],[7.86424,44.82395],[7.85888,44.83425],[7.83206,44.84032],[7.80994,44.85477],[7.81195,44.84343],[7.77871,44.84143],[7.76471,44.8226],[7.76619,44.81545],[7.71097,44.81703],[7.68461,44.81023],[7.66395,44.82117],[7.65709,44.8164],[7.65136,44.81891],[7.6533,44.83145],[7.64397,44.84277],[7.63684,44.83818],[7.64343,44.83488],[7.63932,44.8321],[7.62564,44.83231],[7.62035,44.83654],[7.61966,44.84755],[7.61438,44.83941],[7.61931,44.82894],[7.60834,44.83417],[7.6065,44.8414],[7.59357,44.83435],[7.59671,44.80989],[7.57521,44.80613],[7.57903,44.81432],[7.57552,44.81963],[7.55972,44.81077],[7.56648,44.80685],[7.56473,44.799],[7.53487,44.79518],[7.52916,44.78269],[7.51383,44.78274],[7.50527,44.76755],[7.47104,44.7561],[7.46041,44.75917],[7.45844,44.76409],[7.45223,44.7605],[7.44928,44.76411],[7.4465,44.77385],[7.46472,44.77364],[7.45975,44.7785],[7.44171,44.77765],[7.43716,44.76657],[7.36795,44.75953],[7.36662,44.75202],[7.34505,44.75183],[7.34945,44.75833],[7.34468,44.78313],[7.31517,44.77946],[7.29606,44.78211],[7.19225,44.75941],[7.159,44.76046],[7.14943,44.74335],[7.1391,44.73672],[7.12795,44.73791],[7.11912,44.72518],[7.08696,44.71509],[7.07294,44.7183],[7.06511,44.71378],[7.05407,44.71505],[7.04106,44.71956],[7.02367,44.7397],[7.02159,44.7714],[7.0113,44.78391],[7.00008,44.78905],[7.02385,44.82333],[7.0097,44.82639],[7.00609,44.83997],[6.97048,44.84626],[6.93151,44.86344],[6.91129,44.84457],[6.86294,44.85072],[6.80895,44.87547],[6.79263,44.88929],[6.785,44.8887],[6.77293,44.90261],[6.75084,44.90617],[6.75093,44.92411],[6.75999,44.93379],[6.74622,44.93858],[6.76555,44.96161],[6.76364,44.97145],[6.73756,44.99076],[6.75131,44.99756],[6.74595,45.01386],[6.72459,45.02198],[6.6736,45.02004],[6.66454,45.03405],[6.67077,45.04254],[6.66183,45.05399],[6.66226,45.07138],[6.64617,45.07502],[6.64444,45.08569],[6.62686,45.10241],[6.63478,45.11579],[6.64869,45.11511],[6.67306,45.12453],[6.68021,45.14041],[6.71203,45.14477],[6.7402,45.13697],[6.76916,45.15984],[6.8131,45.14853],[6.84114,45.13574],[6.84832,45.12731],[6.87238,45.13598],[6.89393,45.13728],[6.89792,45.14135],[6.8842,45.15605],[6.89352,45.16901],[6.90739,45.16629],[6.94747,45.17047],[6.94321,45.1759],[6.96778,45.19565],[6.96062,45.20298],[6.96576,45.20772],[6.98909,45.21018],[7.00322,45.22006],[7.0269,45.21562],[7.04755,45.22588],[7.06699,45.21029],[7.08309,45.21635],[7.08426,45.22424],[7.11051,45.24608],[7.12476,45.24433],[7.13709,45.25607],[7.13148,45.27401],[7.13601,45.2804],[7.10936,45.31828],[7.1094,45.3277],[7.13454,45.3317],[7.13077,45.33913],[7.13297,45.34734],[7.15951,45.35946],[7.16328,45.38179],[7.18585,45.40323],[7.15226,45.42263],[7.11443,45.43346],[7.11472,45.44084],[7.10034,45.45618],[7.10027,45.46425],[7.11451,45.4752],[7.12167,45.50624],[7.1343,45.51546],[7.14106,45.51092],[7.14366,45.49699],[7.13692,45.49086],[7.14358,45.47783],[7.16033,45.48659],[7.19946,45.48115],[7.20984,45.47256],[7.22266,45.47048],[7.24755,45.49407],[7.26373,45.49903],[7.2695,45.51468],[7.32295,45.51445],[7.3593,45.52587],[7.37724,45.5169],[7.39675,45.52851],[7.39579,45.53164],[7.44796,45.55557],[7.46367,45.57399],[7.48932,45.58311],[7.53177,45.57679],[7.54792,45.5886],[7.56647,45.59162],[7.59969,45.57809],[7.60907,45.56288],[7.63404,45.57079],[7.64594,45.56899],[7.67679,45.55209],[7.68827,45.55735],[7.71893,45.55889],[7.7327,45.55034],[7.78532,45.57479],[7.79682,45.58272],[7.79567,45.58639],[7.84887,45.60226],[7.86228,45.59699],[7.88916,45.59764],[7.89579,45.59003],[7.89397,45.58222]],[[7.46667,44.77289],[7.47204,44.76269],[7.47512,44.7681],[7.46667,44.77289]]]},"properties":{"name":"Torino","kind":"admin","source":"istat-province"}},{"type":"Feature","geometry":{"type":"Polygon","coordinates":[[[7.929,45.74244],[7.90016,45.74925],[7.88548,45.75971],[7.88221,45.77238],[7.86264,45.79216],[7.86662,45.80164],[7.86233,45.8199],[7.8735,45.82592],[7.86386,45.83958],[7.87592,45.86158],[7.86882,45.86772],[7.86137,45.91041],[7.87696,45.92643],[7.92294,45.92124],[7.94341,45.90682],[7.96227,45.90077],[7.99677,45.91441],[8.01184,45.92585],[8.04434,45.93631],[8.06589,45.93481],[8.08601,45.92241],[8.11459,45.93199],[8.154,45.93383],[8.18127,45.94939],[8.19874,45.94993],[8.209,45.94505],[8.20409,45.93637],[8.21452,45.92399],[8.22963,45.92068],[8.23964,45.91052],[8.2692,45.90701],[8.28748,45.89011],[8.30223,45.88827],[8.29368,45.87046],[8.31667,45.8635],[8.31896,45.85505],[8.32781,45.85584],[8.33585,45.84497],[8.32097,45.83733],[8.32924,45.82994],[8.31642,45.79491],[8.31721,45.76777],[8.33627,45.77619],[8.35704,45.76769],[8.35303,45.75827],[8.37225,45.74425],[8.36918,45.73825],[8.37796,45.73858],[8.38021,45.72607],[8.38693,45.72041],[8.38174,45.71101],[8.392,45.70348],[8.38508,45.69641],[8.37412,45.69851],[8.3647,45.70742],[8.32021,45.70383],[8.31057,45.69722],[8.3373,45.6639],[8.35513,45.65111],[8.34703,45.64514],[8.35452,45.63782],[8.37141,45.63579],[8.39079,45.61664],[8.39129,45.57616],[8.39931,45.56089],[8.39784,45.54084],[8.40322,45.53117],[8.40075,45.49152],[8.41188,45.47997],[8.41173,45.47139],[8.40241,45.46988],[8.40219,45.45488],[8.40841,45.44825],[8.40389,45.44104],[8.40569,45.4176],[8.40055,45.3962],[8.40844,45.39717],[8.41108,45.40781],[8.43327,45.41209],[8.45528,45.37825],[8.4707,45.38433],[8.47145,45.37917],[8.48285,45.38123],[8.49614,45.37418],[8.49835,45.35893],[8.4948,45.35437],[8.49953,45.34776],[8.47263,45.34304],[8.4629,45.32723],[8.47487,45.31984],[8.48279,45.32121],[8.49292,45.3121],[8.50686,45.31953],[8.51269,45.31688],[8.49834,45.29223],[8.512,45.29102],[8.51595,45.28627],[8.51408,45.27432],[8.52325,45.27437],[8.52241,45.27914],[8.53511,45.2778],[8.53611,45.27222],[8.53071,45.26713],[8.53622,45.2627],[8.53305,45.25814],[8.54354,45.2546],[8.53601,45.24759],[8.53091,45.25369],[8.52277,45.25463],[8.52208,45.24992],[8.55618,45.2414],[8.5291,45.23951],[8.54365,45.234],[8.52708,45.22915],[8.52324,45.2216],[8.54805,45.20412],[8.53224,45.19928],[8.52542,45.20199],[8.52451,45.19833],[8.52941,45.19345],[8.54648,45.19486],[8.5523,45.19642],[8.5506,45.20115],[8.55603,45.20486],[8.57779,45.20792],[8.58119,45.20223],[8.56303,45.19627],[8.54459,45.18214],[8.54293,45.17284],[8.54778,45.16815],[8.53649,45.17552],[8.51647,45.17091],[8.50721,45.17407],[8.49642,45.19835],[8.47153,45.20461],[8.45517,45.20362],[8.44022,45.19491],[8.40459,45.20451],[8.36215,45.19739],[8.35889,45.19555],[8.36162,45.19078],[8.33731,45.17053],[8.32831,45.16916],[8.3079,45.17722],[8.29453,45.17284],[8.28588,45.17845],[8.26633,45.18069],[8.23611,45.16745],[8.21542,45.164],[8.21199,45.17224],[8.19895,45.17828],[8.18972,45.17356],[8.18562,45.16435],[8.17326,45.15952],[8.17427,45.17106],[8.14631,45.16835],[8.14213,45.1768],[8.13486,45.17499],[8.1195,45.18274],[8.10292,45.1827],[8.09485,45.18744],[8.05524,45.1823],[8.04789,45.1867],[8.04319,45.20201],[8.03684,45.20096],[7.99965,45.2199],[7.99051,45.22989],[7.97997,45.26152],[7.98991,45.26498],[7.99002,45.30745],[7.97388,45.31745],[7.95725,45.30791],[7.94699,45.30792],[7.96492,45.33222],[7.9586,45.34654],[7.98993,45.34548],[8.02131,45.33006],[8.019,45.34337],[8.02429,45.36306],[8.01218,45.36744],[8.00807,45.37949],[8.01257,45.39324],[8.00887,45.39789],[8.01444,45.40666],[8.01921,45.40057],[8.02702,45.4031],[8.04173,45.39697],[8.05292,45.39792],[8.0701,45.38659],[8.12283,45.37609],[8.1503,45.40992],[8.16865,45.41113],[8.17062,45.41945],[8.16138,45.42424],[8.16654,45.43505],[8.1855,45.44954],[8.20344,45.4467],[8.21799,45.45383],[8.21891,45.47575],[8.23057,45.47719],[8.24636,45.49006],[8.24426,45.49328],[8.26291,45.50109],[8.26757,45.51691],[8.29192,45.51773],[8.279,45.52345],[8.2774,45.53219],[8.2925,45.54156],[8.29645,45.5536],[8.27629,45.56359],[8.2706,45.57511],[8.27176,45.5839],[8.25868,45.59438],[8.25516,45.60868],[8.26894,45.616],[8.27781,45.61179],[8.2969,45.62154],[8.31141,45.62101],[8.31267,45.63161],[8.2958,45.63613],[8.27676,45.62295],[8.26212,45.61954],[8.26133,45.63328],[8.29007,45.63486],[8.29585,45.6409],[8.31589,45.64066],[8.32791,45.64694],[8.32014,45.64929],[8.31657,45.64578],[8.30971,45.65539],[8.22351,45.70656],[8.20821,45.72095],[8.201,45.72531],[8.19273,45.72285],[8.19046,45.72841],[8.18403,45.72902],[8.17968,45.73915],[8.18323,45.73992],[8.18121,45.75209],[8.15541,45.74997],[8.12298,45.75698],[8.09581,45.73771],[8.08359,45.73856],[8.07693,45.71875],[8.06491,45.7235],[8.05925,45.74057],[8.02137,45.73768],[7.99976,45.71927],[7.95059,45.71906],[7.93662,45.72434],[7.92726,45.7347],[7.929,45.74244]]]},"properties":{"name":"Vercelli","kind":"admin","source":"istat-province"}},{"type":"Feature","geometry":{"type":"Polygon","coordinates":[[[8.42079,45.82981],[8.42119,45.83638],[8.45068,45.85706],[8.45745,45.87664],[8.47365,45.86742],[8.47519,45.85622],[8.49824,45.84732],[8.49996,45.83402],[8.54115,45.83853],[8.54545,45.84888],[8.56026,45.85184],[8.56183,45.83756],[8.5938,45.82825],[8.58165,45.81366],[8.55556,45.80004],[8.55227,45.7881],[8.55567,45.77499],[8.58291,45.74867],[8.59375,45.73041],[8.64287,45.72316],[8.65343,45.71397],[8.6408,45.67681],[8.6812,45.6764],[8.68198,45.66945],[8.66983,45.66142],[8.68467,45.64688],[8.68818,45.63699],[8.67865,45.63363],[8.66566,45.64288],[8.65894,45.63775],[8.66594,45.63032],[8.66309,45.62203],[8.68213,45.62034],[8.69386,45.60965],[8.68878,45.60823],[8.69186,45.6041],[8.69983,45.60449],[8.70315,45.60006],[8.70444,45.58831],[8.69334,45.57778],[8.70553,45.56915],[8.70775,45.54752],[8.7194,45.53105],[8.71307,45.52013],[8.72789,45.5024],[8.76035,45.49685],[8.77349,45.4847],[8.78749,45.48623],[8.78935,45.46198],[8.81007,45.44598],[8.8081,45.43333],[8.82634,45.43259],[8.82287,45.42943],[8.82453,45.4195],[8.8429,45.39384],[8.81123,45.38911],[8.8119,45.38327],[8.80154,45.37918],[8.76543,45.38894],[8.76089,45.37648],[8.71908,45.37808],[8.72078,45.37043],[8.7467,45.35629],[8.76066,45.3557],[8.76254,45.34862],[8.74375,45.3403],[8.74212,45.33206],[8.72477,45.33571],[8.71612,45.30288],[8.70724,45.29856],[8.70398,45.30154],[8.69065,45.29253],[8.66659,45.29221],[8.65887,45.30367],[8.6632,45.30967],[8.65571,45.32568],[8.63167,45.33838],[8.62883,45.34986],[8.61348,45.35449],[8.57881,45.34723],[8.5572,45.3533],[8.55175,45.36132],[8.55038,45.3548],[8.52645,45.34255],[8.53311,45.33537],[8.5379,45.31725],[8.53116,45.31932],[8.51975,45.3118],[8.50686,45.31953],[8.49292,45.3121],[8.48279,45.32121],[8.47487,45.31984],[8.4629,45.32723],[8.47263,45.34304],[8.49953,45.34776],[8.4948,45.35437],[8.49835,45.35893],[8.49614,45.37418],[8.48285,45.38123],[8.47145,45.37917],[8.4707,45.38433],[8.45528,45.37825],[8.43327,45.41209],[8.41108,45.40781],[8.40844,45.39717],[8.40055,45.3962],[8.40569,45.4176],[8.40389,45.44104],[8.40841,45.44825],[8.40219,45.45488],[8.40241,45.46988],[8.41173,45.47139],[8.41188,45.47997],[8.40075,45.49152],[8.40322,45.53117],[8.39784,45.54084],[8.39931,45.56089],[8.39129,45.57616],[8.39079,45.61664],[8.37141,45.63579],[8.35452,45.63782],[8.34703,45.64514],[8.35513,45.65111],[8.3373,45.6639],[8.31057,45.69722],[8.32021,45.70383],[8.3647,45.70742],[8.37412,45.69851],[8.38856,45.6981],[8.392,45.70348],[8.38174,45.71101],[8.38693,45.72041],[8.38021,45.72607],[8.37796,45.73858],[8.36918,45.73825],[8.37225,45.74425],[8.35342,45.75769],[8.35717,45.76756],[8.34986,45.77238],[8.37478,45.78419],[8.37519,45.80578],[8.3823,45.81212],[8.3754,45.82515],[8.37742,45.83846],[8.39277,45.83949],[8.39927,45.85427],[8.40795,45.84704],[8.40986,45.8305],[8.42079,45.82981]]]},"properties":{"name":"Novara","kind":"admin","source":"istat-province"}},{"type":"Feature","geometry":{"type":"MultiPolygon","coordinates":[[[[6.9454,44.42794],[6.9484,44.42983],[6.93515,44.44007],[6.91244,44.45161],[6.90633,44.46783],[6.87617,44.48149],[6.87714,44.48812],[6.86679,44.49401],[6.8566,44.51373],[6.85505,44.53221],[6.87054,44.54037],[6.87892,44.55432],[6.91358,44.55866],[6.91637,44.56173],[6.91247,44.56852],[6.93259,44.57289],[6.93771,44.60312],[6.94836,44.60803],[6.95228,44.62051],[6.96734,44.61928],[6.96848,44.62633],[6.95492,44.6348],[6.94752,44.65358],[6.95929,44.66469],[6.95761,44.67042],[6.96268,44.67774],[6.97123,44.67757],[6.98892,44.69023],[7.00345,44.68681],[7.02922,44.69161],[7.04894,44.68307],[7.07193,44.6801],[7.07616,44.68385],[7.06569,44.7081],[7.06764,44.71649],[7.08696,44.71509],[7.11999,44.72558],[7.12795,44.73791],[7.1391,44.73672],[7.14943,44.74335],[7.159,44.76046],[7.19075,44.75921],[7.27859,44.78014],[7.34468,44.78313],[7.34945,44.75833],[7.34505,44.75183],[7.36662,44.75202],[7.36795,44.75953],[7.43716,44.76657],[7.44171,44.77765],[7.45975,44.7785],[7.46472,44.77364],[7.4465,44.77385],[7.44928,44.76411],[7.45223,44.7605],[7.46087,44.76319],[7.46041,44.75917],[7.46996,44.75591],[7.50527,44.76755],[7.51383,44.78274],[7.52916,44.78269],[7.53487,44.79518],[7.56473,44.799],[7.56648,44.80685],[7.55972,44.81077],[7.57552,44.81963],[7.57903,44.81432],[7.57521,44.80613],[7.59671,44.80989],[7.59357,44.83435],[7.6065,44.8414],[7.60834,44.83417],[7.61931,44.82894],[7.61438,44.83941],[7.61937,44.84749],[7.62035,44.83654],[7.62564,44.83231],[7.63932,44.8321],[7.64343,44.83488],[7.63684,44.83818],[7.64397,44.84277],[7.6533,44.83145],[7.65136,44.81891],[7.65709,44.8164],[7.66395,44.82117],[7.68477,44.81023],[7.71097,44.81703],[7.76619,44.81545],[7.76471,44.8226],[7.77871,44.84143],[7.81195,44.84343],[7.80994,44.85477],[7.83206,44.84032],[7.85888,44.83425],[7.86424,44.82395],[7.86604,44.82999],[7.87501,44.8337],[7.90263,44.82153],[7.91064,44.83141],[7.96468,44.85661],[7.97895,44.84676],[7.9839,44.82699],[7.99472,44.81821],[8.02548,44.8165],[8.04535,44.79932],[8.05521,44.81104],[8.07113,44.80635],[8.09619,44.82191],[8.10622,44.81297],[8.12291,44.81409],[8.13057,44.81013],[8.128,44.7924],[8.13714,44.78213],[8.11314,44.76995],[8.10444,44.77394],[8.10431,44.76257],[8.09509,44.75851],[8.11289,44.74844],[8.11988,44.75172],[8.1332,44.74667],[8.1363,44.73274],[8.15223,44.71315],[8.1655,44.72206],[8.16327,44.73278],[8.17372,44.73243],[8.18157,44.7512],[8.18782,44.75183],[8.20662,44.75068],[8.20839,44.74697],[8.20228,44.74437],[8.21495,44.72711],[8.2222,44.72954],[8.22769,44.72361],[8.2377,44.72323],[8.25683,44.73225],[8.25752,44.72125],[8.26542,44.71244],[8.25948,44.69663],[8.24456,44.69094],[8.22339,44.67306],[8.22453,44.65995],[8.19447,44.62857],[8.19655,44.61583],[8.21479,44.61737],[8.22485,44.603],[8.23434,44.59863],[8.22891,44.59362],[8.24245,44.58193],[8.24561,44.56974],[8.24132,44.57122],[8.2323,44.56169],[8.24602,44.54826],[8.25278,44.52875],[8.22416,44.51417],[8.2162,44.4973],[8.22327,44.48561],[8.19733,44.47756],[8.19574,44.46427],[8.21026,44.45552],[8.20715,44.44814],[8.22184,44.42956],[8.20828,44.41714],[8.2035,44.40489],[8.16193,44.38583],[8.14952,44.38479],[8.15036,44.37532],[8.14148,44.36807],[8.14864,44.35481],[8.14492,44.34578],[8.13428,44.3321],[8.10644,44.33237],[8.10907,44.31512],[8.10196,44.30093],[8.07602,44.31396],[8.05974,44.3007],[8.06356,44.28827],[8.07604,44.28753],[8.0907,44.2748],[8.08126,44.26203],[8.0631,44.25307],[8.0811,44.24004],[8.06721,44.2252],[8.06536,44.21694],[8.07465,44.20578],[8.09553,44.19694],[8.09717,44.17871],[8.07366,44.15873],[8.07481,44.15172],[8.0682,44.14498],[8.04293,44.14283],[8.02878,44.15409],[8.01184,44.1559],[7.97963,44.13846],[7.97893,44.13354],[7.99146,44.13228],[7.99173,44.12741],[8.00594,44.12616],[8.01199,44.12094],[8.00269,44.11663],[8.01559,44.1107],[8.00688,44.10259],[7.97153,44.1131],[7.958,44.10369],[7.94237,44.10012],[7.9372,44.09975],[7.92596,44.1103],[7.88394,44.10466],[7.88079,44.1129],[7.86612,44.11816],[7.816,44.12307],[7.77514,44.13997],[7.76274,44.14088],[7.72536,44.12552],[7.7193,44.10448],[7.73289,44.08365],[7.75936,44.0843],[7.73789,44.07637],[7.72777,44.06028],[7.71433,44.06156],[7.71698,44.08332],[7.67232,44.11984],[7.66643,44.13066],[7.67875,44.14663],[7.6705,44.15264],[7.67233,44.15965],[7.68465,44.17392],[7.64499,44.17812],[7.63256,44.1736],[7.62751,44.15948],[7.61738,44.14984],[7.56502,44.15234],[7.54867,44.14573],[7.53495,44.14744],[7.5214,44.1378],[7.50383,44.14366],[7.45996,44.12586],[7.42817,44.13041],[7.42335,44.11332],[7.39265,44.12556],[7.35696,44.11639],[7.34191,44.14606],[7.29134,44.14608],[7.2788,44.14128],[7.24842,44.15797],[7.24392,44.17148],[7.23514,44.17494],[7.22852,44.16819],[7.21887,44.16856],[7.20386,44.18526],[7.1936,44.18683],[7.18476,44.2006],[7.17637,44.19901],[7.1628,44.20803],[7.14275,44.20051],[7.11626,44.21632],[7.06963,44.23364],[7.03498,44.22397],[7.02808,44.23136],[7.00596,44.23687],[6.99671,44.25071],[6.99575,44.28014],[6.98099,44.28722],[6.97099,44.2845],[6.95834,44.29548],[6.96071,44.3112],[6.92678,44.33319],[6.92201,44.35173],[6.8868,44.36297],[6.89684,44.37474],[6.89782,44.40512],[6.89279,44.42023],[6.92531,44.42267],[6.93465,44.42994],[6.9454,44.42794]]],[[[7.46667,44.77289],[7.47512,44.7681],[7.47204,44.76269],[7.46667,44.77289]]]]},"properties":{"name":"Cuneo","kind":"admin","source":"istat-province"}},{"type":"Feature","geometry":{"type":"Polygon","coordinates":[[[7.96685,45.11667],[7.98028,45.12383],[8.0111,45.10244],[8.0221,45.10883],[8.04398,45.10851],[8.07518,45.09739],[8.09213,45.11567],[8.09637,45.13174],[8.12897,45.123],[8.12406,45.10876],[8.11326,45.10678],[8.10933,45.10088],[8.11003,45.09443],[8.12033,45.08963],[8.11843,45.07174],[8.13407,45.06662],[8.13158,45.05687],[8.1352,45.05324],[8.15022,45.05352],[8.15077,45.03764],[8.15896,45.02749],[8.18794,45.04368],[8.19186,45.03447],[8.21694,45.01726],[8.21626,45.01058],[8.22919,45.02334],[8.23464,45.0363],[8.22753,45.04761],[8.24006,45.06275],[8.27529,45.0614],[8.30253,45.0771],[8.31151,45.0707],[8.30503,45.05959],[8.3223,45.0519],[8.32547,45.04055],[8.33327,45.03372],[8.34701,45.03368],[8.35846,45.02596],[8.35988,45.01193],[8.35161,44.9979],[8.35958,44.98715],[8.37961,44.98354],[8.38736,44.969],[8.37761,44.95893],[8.38285,44.95025],[8.37605,44.94692],[8.38215,44.93758],[8.38054,44.92425],[8.36058,44.92281],[8.35876,44.9129],[8.37253,44.88936],[8.3908,44.87523],[8.37811,44.86484],[8.37623,44.84674],[8.40043,44.84172],[8.42353,44.8495],[8.42824,44.83819],[8.42004,44.82639],[8.42059,44.8197],[8.43754,44.81143],[8.4532,44.80999],[8.45869,44.80214],[8.47934,44.80721],[8.49002,44.79963],[8.48607,44.79595],[8.50203,44.78575],[8.51338,44.78717],[8.49569,44.78017],[8.48963,44.77304],[8.48746,44.76677],[8.49557,44.77438],[8.50132,44.77193],[8.48062,44.75214],[8.48902,44.75325],[8.48792,44.74653],[8.46402,44.75481],[8.45107,44.73883],[8.44704,44.74117],[8.42219,44.73306],[8.42865,44.7201],[8.42525,44.71329],[8.43333,44.71106],[8.40875,44.70687],[8.4111,44.69749],[8.42055,44.69231],[8.39306,44.68601],[8.37191,44.69509],[8.34702,44.69289],[8.35572,44.67589],[8.35044,44.66025],[8.35557,44.65445],[8.35486,44.63918],[8.34114,44.62357],[8.32682,44.62087],[8.31398,44.60192],[8.31745,44.59542],[8.33395,44.58771],[8.34117,44.59217],[8.35173,44.59025],[8.36911,44.5748],[8.33771,44.56751],[8.32923,44.56002],[8.3163,44.55813],[8.30236,44.56443],[8.28521,44.55802],[8.28267,44.53589],[8.26157,44.51944],[8.25278,44.52875],[8.24602,44.54826],[8.2323,44.56169],[8.24132,44.57122],[8.24561,44.56974],[8.24245,44.58193],[8.22891,44.59362],[8.23434,44.59863],[8.22485,44.603],[8.21479,44.61737],[8.19655,44.61583],[8.19447,44.62857],[8.22453,44.65995],[8.22339,44.67306],[8.23077,44.68105],[8.25948,44.69663],[8.26605,44.70873],[8.25752,44.72125],[8.25683,44.73225],[8.2292,44.72312],[8.2222,44.72954],[8.21106,44.72972],[8.20228,44.74437],[8.20839,44.74697],[8.20662,44.75068],[8.18157,44.7512],[8.17851,44.73672],[8.17217,44.73152],[8.16327,44.73278],[8.1655,44.72206],[8.15223,44.71315],[8.1363,44.73274],[8.1332,44.74667],[8.11988,44.75172],[8.11289,44.74844],[8.09509,44.75851],[8.10431,44.76257],[8.10444,44.77394],[8.11314,44.76995],[8.13714,44.78213],[8.128,44.7924],[8.13057,44.81013],[8.12291,44.81409],[8.10622,44.81297],[8.09619,44.82191],[8.07113,44.80635],[8.05521,44.81104],[8.04535,44.79932],[8.02548,44.8165],[7.99472,44.81821],[7.9839,44.82699],[7.97895,44.84676],[7.96468,44.85661],[7.94335,44.84634],[7.93119,44.8553],[7.91777,44.87735],[7.91901,44.8826],[7.90942,44.8862],[7.90175,44.88027],[7.88591,44.88463],[7.88502,44.89643],[7.91507,44.892],[7.9206,44.89293],[7.92623,44.9022],[7.92008,44.91544],[7.89274,44.91491],[7.88343,44.93622],[7.90026,44.94073],[7.90218,44.96583],[7.93097,44.98816],[7.93433,45.00048],[7.91583,45.00309],[7.92099,45.02316],[7.95383,45.02967],[7.95802,45.04203],[7.94071,45.05717],[7.93778,45.04208],[7.93233,45.04085],[7.92333,45.05503],[7.9019,45.0615],[7.89301,45.05987],[7.89595,45.09498],[7.90609,45.09509],[7.91894,45.07462],[7.92579,45.083],[7.94219,45.08626],[7.92851,45.10473],[7.95354,45.11677],[7.96685,45.11667]]]},"properties":{"name":"Asti","kind":"admin","source":"istat-province"}},{"type":"Feature","geometry":{"type":"Polygon","coordinates":[[[8.40875,44.70687],[8.43284,44.71042],[8.42525,44.71329],[8.42865,44.7201],[8.42143,44.73195],[8.44704,44.74117],[8.45107,44.73883],[8.45896,44.75257],[8.47253,44.75348],[8.48792,44.74653],[8.48902,44.75325],[8.48062,44.75214],[8.50132,44.77193],[8.49557,44.77438],[8.48746,44.76677],[8.48963,44.77304],[8.49569,44.78017],[8.51338,44.78717],[8.50203,44.78575],[8.48607,44.79595],[8.49002,44.79963],[8.47934,44.80721],[8.45869,44.80214],[8.4532,44.80999],[8.43754,44.81143],[8.42059,44.8197],[8.42004,44.82639],[8.42824,44.83819],[8.42353,44.8495],[8.40043,44.84172],[8.37623,44.84674],[8.37811,44.86484],[8.3908,44.87523],[8.37253,44.88936],[8.35876,44.9129],[8.36058,44.92281],[8.38054,44.92425],[8.38215,44.93758],[8.37605,44.94692],[8.38285,44.95025],[8.37761,44.95893],[8.38736,44.969],[8.37961,44.98354],[8.35958,44.98715],[8.35161,44.9979],[8.35988,45.01193],[8.35846,45.02596],[8.34701,45.03368],[8.33327,45.03372],[8.32547,45.04055],[8.3223,45.0519],[8.30503,45.05959],[8.31151,45.0707],[8.30253,45.0771],[8.27529,45.0614],[8.24006,45.06275],[8.22753,45.04761],[8.23464,45.0363],[8.2304,45.02606],[8.21789,45.01114],[8.21694,45.01726],[8.19186,45.03447],[8.18794,45.04368],[8.15896,45.02749],[8.15077,45.03764],[8.15022,45.05352],[8.1352,45.05324],[8.13158,45.05687],[8.13407,45.06662],[8.11843,45.07174],[8.12033,45.08963],[8.11003,45.09443],[8.10933,45.10071],[8.12768,45.11384],[8.12897,45.123],[8.13617,45.12886],[8.13665,45.1398],[8.14389,45.14383],[8.13941,45.15978],[8.15185,45.16854],[8.17427,45.17106],[8.17207,45.15958],[8.17645,45.1598],[8.19895,45.17828],[8.21199,45.17224],[8.21542,45.164],[8.23611,45.16745],[8.26633,45.18069],[8.28588,45.17845],[8.29453,45.17284],[8.31367,45.17658],[8.33002,45.16939],[8.34269,45.17197],[8.36162,45.19078],[8.35889,45.19555],[8.36215,45.19739],[8.39412,45.20411],[8.44022,45.19491],[8.45517,45.20362],[8.47153,45.20461],[8.49642,45.19835],[8.50721,45.17407],[8.51647,45.17091],[8.53649,45.17552],[8.555,45.16431],[8.55438,45.15736],[8.58065,45.15228],[8.59011,45.13302],[8.61098,45.12363],[8.60867,45.10761],[8.62337,45.09835],[8.62202,45.09124],[8.63549,45.08904],[8.64015,45.0767],[8.64599,45.07533],[8.6369,45.06653],[8.64695,45.05469],[8.63474,45.04096],[8.65226,45.03492],[8.65703,45.02843],[8.65188,45.02337],[8.65924,45.01792],[8.67116,45.02717],[8.68128,45.02905],[8.692,45.02331],[8.70081,45.02652],[8.70251,45.03449],[8.71006,45.03829],[8.72666,45.02186],[8.74198,45.02435],[8.75054,45.02073],[8.75411,45.01533],[8.74817,45.01418],[8.74788,45.00915],[8.77175,45.00678],[8.77827,45.01309],[8.7777,45.02373],[8.79834,45.02112],[8.80231,45.02607],[8.79437,45.03262],[8.79621,45.03581],[8.81272,45.03746],[8.82389,45.04659],[8.84212,45.04263],[8.84268,45.05059],[8.86569,45.05097],[8.8874,45.0598],[8.88106,45.05408],[8.89872,45.04983],[8.90016,45.04362],[8.89508,45.04043],[8.90248,45.03612],[8.90476,45.02607],[8.90116,45.00819],[8.91057,44.99548],[8.9256,44.98216],[8.96062,44.98728],[8.97812,44.96721],[8.9696,44.94351],[8.98821,44.93085],[8.99969,44.90932],[9.0184,44.9008],[9.03036,44.8885],[9.0436,44.8848],[9.0559,44.88884],[9.07007,44.86468],[9.049,44.84986],[9.06411,44.83019],[9.07291,44.82803],[9.07264,44.81709],[9.0799,44.8142],[9.09515,44.81903],[9.10899,44.80544],[9.13083,44.80573],[9.16098,44.81474],[9.15512,44.80941],[9.1735,44.79615],[9.17173,44.77168],[9.19416,44.75684],[9.21355,44.75235],[9.21424,44.74477],[9.20283,44.72206],[9.20844,44.70292],[9.1992,44.68411],[9.20643,44.6602],[9.19804,44.64984],[9.20495,44.59854],[9.15255,44.57422],[9.1107,44.58197],[9.10238,44.59285],[9.10353,44.60939],[9.07585,44.6237],[9.05489,44.62138],[9.04391,44.61443],[9.04529,44.62751],[9.03876,44.64087],[9.03154,44.64241],[9.03325,44.64745],[9.02582,44.64977],[9.01352,44.66663],[8.97252,44.66335],[8.95952,44.67602],[8.93114,44.67613],[8.90826,44.64682],[8.88262,44.63875],[8.88497,44.63175],[8.9034,44.62186],[8.90937,44.61333],[8.90669,44.60467],[8.91135,44.58148],[8.92171,44.56711],[8.9175,44.56106],[8.89494,44.55537],[8.89134,44.55063],[8.86861,44.56624],[8.8629,44.56061],[8.82684,44.5618],[8.82221,44.55025],[8.82877,44.54307],[8.79908,44.53015],[8.79511,44.52186],[8.79665,44.50011],[8.78709,44.48977],[8.76694,44.49195],[8.77357,44.50393],[8.76756,44.52496],[8.76047,44.53024],[8.75392,44.52412],[8.74981,44.52566],[8.75698,44.53669],[8.74933,44.54985],[8.73819,44.55177],[8.74027,44.55683],[8.73277,44.57043],[8.721,44.57987],[8.69005,44.58196],[8.68142,44.57488],[8.66676,44.58246],[8.63247,44.58046],[8.62386,44.58638],[8.61458,44.56832],[8.60121,44.56824],[8.59782,44.55656],[8.61291,44.54712],[8.61237,44.5433],[8.60709,44.53754],[8.5928,44.53518],[8.58669,44.52419],[8.57376,44.52332],[8.57171,44.51613],[8.57616,44.50923],[8.5597,44.50282],[8.53478,44.51335],[8.47807,44.51065],[8.47066,44.52248],[8.45301,44.50981],[8.4495,44.49739],[8.42603,44.50519],[8.41859,44.51328],[8.40388,44.50897],[8.40099,44.49338],[8.39075,44.48774],[8.39243,44.47705],[8.37492,44.47439],[8.35849,44.46494],[8.34918,44.48555],[8.32164,44.48802],[8.30455,44.50265],[8.27131,44.5068],[8.26157,44.51944],[8.28267,44.53589],[8.28521,44.55802],[8.30236,44.56443],[8.3163,44.55813],[8.32923,44.56002],[8.33771,44.56751],[8.36911,44.5748],[8.35173,44.59025],[8.34117,44.59217],[8.33395,44.58771],[8.31745,44.59542],[8.31403,44.60302],[8.32682,44.62087],[8.34114,44.62357],[8.35486,44.63918],[8.35557,44.65445],[8.35044,44.66025],[8.35572,44.67589],[8.34702,44.69289],[8.37191,44.69509],[8.39306,44.68601],[8.40665,44.68817],[8.42055,44.69231],[8.4111,44.69749],[8.40875,44.70687]],[[8.70404,45.01753],[8.70639,45.01356],[8.70543,45.02448],[8.70404,45.01753]]]},"properties":{"name":"Alessandria","kind":"admin","source":"istat-province"}},{"type":"Feature","geometry":{"type":"Polygon","coordinates":[[[8.23727,45.70164],[8.30971,45.65539],[8.31657,45.64578],[8.32014,45.64929],[8.32791,45.64694],[8.31589,45.64066],[8.29585,45.6409],[8.29007,45.63486],[8.26133,45.63328],[8.26212,45.61954],[8.27676,45.62295],[8.2958,45.63613],[8.31267,45.63161],[8.31141,45.62101],[8.2969,45.62154],[8.27781,45.61179],[8.26894,45.616],[8.25516,45.60868],[8.25868,45.59438],[8.27176,45.5839],[8.2706,45.57511],[8.27629,45.56359],[8.29645,45.5536],[8.2925,45.54156],[8.2774,45.53219],[8.279,45.52345],[8.29192,45.51773],[8.26757,45.51691],[8.26291,45.50109],[8.24426,45.49328],[8.24636,45.49006],[8.23057,45.47719],[8.21891,45.47575],[8.21799,45.45383],[8.20344,45.4467],[8.1855,45.44954],[8.16654,45.43505],[8.16138,45.42424],[8.17062,45.41945],[8.16865,45.41113],[8.1503,45.40992],[8.12283,45.37609],[8.0701,45.38659],[8.05486,45.39733],[8.04173,45.39697],[8.02702,45.4031],[8.02208,45.42196],[8.03358,45.43056],[8.0384,45.44143],[7.96873,45.47462],[7.9663,45.48203],[7.91956,45.50883],[7.92342,45.52149],[7.88215,45.53414],[7.90217,45.55894],[7.89303,45.58549],[7.90077,45.59172],[7.89671,45.61135],[7.91504,45.63274],[7.93611,45.63569],[7.9395,45.6437],[7.92258,45.65807],[7.92162,45.66642],[7.91186,45.67068],[7.91114,45.67977],[7.90479,45.68473],[7.91148,45.7004],[7.9203,45.7019],[7.93662,45.72434],[7.95548,45.71856],[7.99818,45.71902],[8.02137,45.73768],[8.05925,45.74057],[8.06491,45.7235],[8.07693,45.71875],[8.08359,45.73856],[8.09581,45.73771],[8.10806,45.74893],[8.12853,45.75766],[8.15509,45.75],[8.18121,45.75209],[8.18323,45.73992],[8.17968,45.73915],[8.18403,45.72902],[8.19046,45.72841],[8.19273,45.72285],[8.201,45.72531],[8.22351,45.70656],[8.23727,45.70164]]]},"properties":{"name":"Biella","kind":"admin","source":"istat-province"}},{"type":"Feature","geometry":{"type":"Polygon","coordinates":[[[8.01218,46.01191],[8.01678,46.02478],[8.01277,46.03197],[8.03459,46.04334],[8.02237,46.0697],[8.03329,46.09938],[8.10805,46.11159],[8.11376,46.11777],[8.11497,46.13031],[8.15026,46.1413],[8.15407,46.1478],[8.15058,46.16391],[8.16549,46.17867],[8.15346,46.19165],[8.139,46.22608],[8.11564,46.23697],[8.11014,46.2493],[8.08761,46.25414],[8.08043,46.26077],[8.13771,46.30161],[8.16136,46.29621],[8.20316,46.30427],[8.22331,46.32434],[8.2237,46.33364],[8.23507,46.34031],[8.24907,46.34048],[8.25316,46.3463],[8.2617,46.34518],[8.25992,46.34875],[8.26552,46.3529],[8.26087,46.36048],[8.2634,46.36366],[8.27295,46.3667],[8.28378,46.36337],[8.31235,46.37684],[8.31868,46.38629],[8.31419,46.38957],[8.3169,46.39724],[8.30974,46.4035],[8.28969,46.40859],[8.30031,46.41935],[8.33687,46.43155],[8.3645,46.45114],[8.39355,46.45228],[8.43834,46.4641],[8.44976,46.46176],[8.46542,46.44477],[8.45757,46.43479],[8.45767,46.42236],[8.46853,46.41163],[8.46342,46.40564],[8.46747,46.39959],[8.46097,46.38654],[8.46637,46.38063],[8.46855,46.36487],[8.46202,46.35321],[8.46444,46.33299],[8.45368,46.32131],[8.44401,46.31964],[8.44013,46.30477],[8.42766,46.2984],[8.45625,46.26351],[8.44892,46.26105],[8.44308,46.25022],[8.46457,46.2444],[8.46876,46.23349],[8.53258,46.21806],[8.54069,46.19767],[8.56372,46.18394],[8.57371,46.16438],[8.60271,46.15525],[8.59488,46.14224],[8.61045,46.13204],[8.61171,46.12182],[8.64769,46.12317],[8.65829,46.11256],[8.67929,46.11036],[8.6909,46.10206],[8.71482,46.09804],[8.70548,46.08193],[8.72906,46.02625],[8.7208,46.01229],[8.59384,45.92183],[8.57064,45.90003],[8.57051,45.88951],[8.59231,45.85245],[8.5938,45.82825],[8.56183,45.83756],[8.56026,45.85184],[8.54545,45.84888],[8.54115,45.83853],[8.49996,45.83402],[8.49824,45.84732],[8.47519,45.85622],[8.47365,45.86742],[8.45745,45.87664],[8.45068,45.85706],[8.42119,45.83638],[8.42079,45.82981],[8.40986,45.8305],[8.40795,45.84704],[8.39927,45.85427],[8.39277,45.83949],[8.37742,45.83846],[8.3754,45.82515],[8.3823,45.81212],[8.37519,45.80578],[8.37478,45.78419],[8.34986,45.77238],[8.33627,45.77619],[8.31821,45.76692],[8.31642,45.79491],[8.32924,45.82994],[8.32097,45.83733],[8.3354,45.84618],[8.32781,45.85584],[8.31896,45.85505],[8.31667,45.8635],[8.29368,45.87046],[8.30223,45.88827],[8.28748,45.89011],[8.2692,45.90701],[8.23964,45.91052],[8.22963,45.92068],[8.21452,45.92399],[8.20409,45.93637],[8.209,45.94505],[8.19874,45.94993],[8.18127,45.94939],[8.154,45.93383],[8.11459,45.93199],[8.08601,45.92241],[8.06589,45.93481],[8.04434,45.93631],[8.01184,45.92585],[7.99677,45.91441],[7.96227,45.90077],[7.94341,45.90682],[7.92294,45.92124],[7.87696,45.92643],[7.8684,45.93764],[7.87066,45.94774],[7.87706,45.94978],[7.87806,45.9734],[7.89533,45.98216],[7.90882,45.99732],[7.97784,45.99951],[7.98817,45.9963],[8.00119,46.01204],[8.01218,46.01191]]]},"properties":{"name":"Verbano-Cusio-Ossola","kind":"admin","source":"istat-province"}},{"type":"Feature","geometry":{"type":"Polygon","coordinates":[[[8.57964,45.75172],[8.55632,45.77411],[8.55227,45.7881],[8.55828,45.80356],[8.58165,45.81366],[8.5952,45.83361],[8.59231,45.85245],[8.57051,45.88951],[8.57064,45.90003],[8.59384,45.92183],[8.72643,46.01797],[8.72847,46.03022],[8.70534,46.08319],[8.72464,46.11017],[8.74269,46.12215],[8.75714,46.10348],[8.78342,46.09394],[8.79976,46.09458],[8.80782,46.10043],[8.85205,46.07552],[8.85452,46.06163],[8.8443,46.04854],[8.83443,46.05135],[8.83085,46.04731],[8.83515,46.04373],[8.81968,46.02527],[8.80594,46.02161],[8.79206,46.00498],[8.7859,45.98902],[8.79465,45.99209],[8.83128,45.98798],[8.86823,45.96039],[8.89427,45.95847],[8.89872,45.94516],[8.89306,45.93134],[8.92461,45.90585],[8.92224,45.89494],[8.93216,45.88467],[8.93409,45.87006],[8.9456,45.8672],[8.919,45.84771],[8.91245,45.83028],[8.90739,45.82863],[8.907,45.81537],[8.89696,45.81292],[8.9028,45.79692],[8.90865,45.79328],[8.9004,45.78477],[8.90748,45.77651],[8.90608,45.76845],[8.91477,45.76857],[8.92175,45.75507],[8.9293,45.75432],[8.92998,45.74746],[8.94267,45.74498],[8.93945,45.7372],[8.95088,45.73111],[8.95147,45.7147],[8.94791,45.70663],[8.94117,45.71275],[8.93142,45.70436],[8.93192,45.69688],[8.89467,45.6846],[8.89631,45.6802],[8.90919,45.67165],[8.92088,45.67118],[8.92884,45.65353],[8.96594,45.66519],[8.98039,45.67968],[8.98514,45.67046],[8.98422,45.65326],[8.97828,45.64817],[8.9812,45.64546],[9.03554,45.64254],[9.05574,45.6465],[9.06245,45.63824],[9.05151,45.63333],[9.05301,45.61443],[9.06132,45.60769],[9.06443,45.58201],[9.046,45.57733],[9.02567,45.58847],[9.00209,45.57417],[8.98353,45.59106],[8.9744,45.58655],[8.96726,45.60828],[8.97821,45.61464],[8.9653,45.63011],[8.95455,45.62547],[8.95651,45.63348],[8.93987,45.64265],[8.92899,45.63541],[8.93669,45.62352],[8.9259,45.6195],[8.91577,45.60733],[8.86782,45.59202],[8.87392,45.5808],[8.863,45.57455],[8.837,45.56846],[8.83468,45.57789],[8.8208,45.5809],[8.80639,45.60167],[8.78615,45.60242],[8.78225,45.5865],[8.76946,45.58759],[8.76568,45.5766],[8.74266,45.57166],[8.75135,45.56549],[8.73808,45.55993],[8.7189,45.56813],[8.70688,45.55831],[8.70553,45.56915],[8.69334,45.57778],[8.70444,45.58831],[8.70315,45.60006],[8.69983,45.60449],[8.69186,45.6041],[8.68878,45.60823],[8.69386,45.60965],[8.68213,45.62034],[8.66309,45.62203],[8.66594,45.63032],[8.65894,45.63775],[8.66566,45.64288],[8.67865,45.63363],[8.68818,45.63699],[8.68467,45.64688],[8.66983,45.66142],[8.68198,45.66945],[8.6812,45.6764],[8.6409,45.67653],[8.64144,45.68725],[8.65436,45.70788],[8.65179,45.71599],[8.64287,45.72316],[8.59375,45.73041],[8.57964,45.75172]],[[8.69752,45.84474],[8.68105,45.83515],[8.67035,45.8346],[8.65989,45.82765],[8.65864,45.82081],[8.67212,45.81396],[8.69116,45.81278],[8.70584,45.83102],[8.71691,45.83433],[8.70187,45.83513],[8.69752,45.84474]]]},"properties":{"name":"Varese","kind":"admin","source":"istat-province"}},{"type":"Feature","geometry":{"type":"MultiPolygon","coordinates":[[[[8.95038,45.71987],[8.95088,45.73111],[8.93945,45.7372],[8.94267,45.74498],[8.92998,45.74746],[8.9293,45.75432],[8.92175,45.75507],[8.91477,45.76857],[8.90608,45.76845],[8.90748,45.77651],[8.9004,45.78477],[8.90865,45.79328],[8.9028,45.79692],[8.89696,45.81292],[8.907,45.81537],[8.90774,45.82927],[8.92936,45.83331],[8.93409,45.83937],[8.94954,45.84348],[8.9698,45.83232],[8.9867,45.83832],[8.99749,45.83474],[8.99328,45.82263],[9.03063,45.82079],[9.03792,45.83585],[9.03585,45.84117],[9.04933,45.85224],[9.04847,45.86251],[9.05401,45.8729],[9.07779,45.88559],[9.08876,45.90072],[9.08006,45.90043],[9.07632,45.91144],[9.06724,45.91086],[9.04303,45.92674],[9.0194,45.92858],[9.02185,45.93765],[9.01294,45.94233],[9.01406,45.96016],[8.98807,45.97241],[9.02829,45.99366],[9.02246,46.01647],[9.00817,46.02914],[9.01679,46.0497],[9.04938,46.06241],[9.07422,46.06297],[9.07876,46.07563],[9.08943,46.08502],[9.07163,46.11952],[9.1208,46.13461],[9.13444,46.15287],[9.15182,46.16121],[9.15957,46.17052],[9.18263,46.17052],[9.19353,46.1799],[9.19389,46.19402],[9.20097,46.20834],[9.21478,46.21177],[9.22076,46.22931],[9.23485,46.23384],[9.25655,46.2324],[9.27521,46.23956],[9.30972,46.23731],[9.34788,46.22996],[9.35555,46.22008],[9.37575,46.2121],[9.39981,46.21156],[9.42722,46.21999],[9.44081,46.21448],[9.42487,46.18993],[9.4242,46.15507],[9.4141,46.13687],[9.41091,46.14992],[9.36185,46.15741],[9.35724,46.15035],[9.30048,46.12588],[9.29232,46.11578],[9.29868,46.10455],[9.2896,46.05935],[9.26411,46.02974],[9.26095,46.01445],[9.26458,46.00077],[9.27736,45.99273],[9.28458,45.96705],[9.26235,45.96402],[9.25753,45.95005],[9.27608,45.94475],[9.27717,45.93536],[9.26804,45.92654],[9.28021,45.91272],[9.28646,45.89588],[9.30267,45.89364],[9.31238,45.90536],[9.32406,45.89578],[9.31544,45.88819],[9.33186,45.87281],[9.33262,45.86573],[9.31846,45.85025],[9.32041,45.84356],[9.30334,45.83897],[9.28632,45.82396],[9.28498,45.81659],[9.29141,45.8156],[9.28722,45.80918],[9.25829,45.79253],[9.26232,45.78988],[9.26189,45.78078],[9.24991,45.78268],[9.24336,45.76658],[9.25669,45.751],[9.24537,45.7423],[9.24355,45.7309],[9.2315,45.71751],[9.20416,45.70924],[9.19531,45.69834],[9.19838,45.68981],[9.19178,45.67844],[9.19443,45.66769],[9.17965,45.66349],[9.13986,45.69481],[9.12364,45.68981],[9.1032,45.69689],[9.08829,45.6855],[9.06705,45.68512],[9.06241,45.6606],[9.05289,45.65745],[9.05574,45.6465],[9.03554,45.64254],[8.9812,45.64546],[8.97828,45.64817],[8.98422,45.65326],[8.98514,45.67046],[8.98039,45.67968],[8.96594,45.66519],[8.92884,45.65353],[8.92088,45.67118],[8.89865,45.67672],[8.89467,45.6846],[8.93192,45.69688],[8.93142,45.70436],[8.94117,45.71275],[8.94791,45.70663],[8.95038,45.71987]]],[[[8.97382,45.98355],[8.97754,45.98302],[8.97905,45.9706],[8.97609,45.96248],[8.95788,45.96474],[8.96685,45.98403],[8.97382,45.98355]]]]},"properties":{"name":"Como","kind":"admin","source":"istat-province"}},{"type":"Feature","geometry":{"type":"Polygon","coordinates":[[[9.64346,46.05997],[9.63388,46.04691],[9.60405,46.04363],[9.60013,46.03122],[9.58732,46.02399],[9.57698,46.02021],[9.5592,46.02271],[9.55124,46.01412],[9.5269,46.01151],[9.52222,46.03125],[9.5018,46.04565],[9.50984,46.06253],[9.49287,46.07084],[9.44837,46.07897],[9.415,46.0948],[9.4141,46.13687],[9.4242,46.15507],[9.42487,46.18993],[9.44081,46.21448],[9.42722,46.21999],[9.39981,46.21156],[9.37575,46.2121],[9.35555,46.22008],[9.34788,46.22996],[9.30972,46.23731],[9.27521,46.23956],[9.26167,46.23326],[9.24762,46.23363],[9.25164,46.26549],[9.27401,46.29116],[9.28454,46.29695],[9.28146,46.30936],[9.29449,46.31718],[9.30005,46.32659],[9.29181,46.33496],[9.2992,46.34385],[9.29574,46.35568],[9.28147,46.35888],[9.27668,46.36942],[9.28434,46.38606],[9.27571,46.39474],[9.28116,46.40063],[9.28064,46.41236],[9.24747,46.43624],[9.24677,46.44693],[9.26561,46.45148],[9.27782,46.4616],[9.27378,46.46357],[9.27387,46.48223],[9.28237,46.49666],[9.30958,46.50447],[9.36468,46.50773],[9.37234,46.50369],[9.36838,46.49403],[9.37556,46.48523],[9.38473,46.48227],[9.38943,46.47326],[9.41028,46.46655],[9.4238,46.47649],[9.42481,46.48952],[9.43393,46.49786],[9.44939,46.49972],[9.45986,46.50662],[9.45926,46.48493],[9.44946,46.48337],[9.44978,46.47947],[9.46153,46.48021],[9.46351,46.4704],[9.45737,46.46319],[9.45906,46.44248],[9.45341,46.42053],[9.46106,46.41223],[9.46875,46.38869],[9.4616,46.37625],[9.49604,46.36404],[9.51862,46.32723],[9.54426,46.30485],[9.55953,46.30634],[9.5829,46.29448],[9.60986,46.29451],[9.61901,46.28728],[9.64193,46.28704],[9.6757,46.30309],[9.68833,46.29368],[9.7145,46.29307],[9.71801,46.30609],[9.72592,46.3137],[9.72184,46.32821],[9.72712,46.33349],[9.72302,46.34045],[9.73728,46.35066],[9.74363,46.35152],[9.7647,46.33782],[9.77748,46.33496],[9.83871,46.36149],[9.86962,46.36249],[9.90636,46.38088],[9.92536,46.36601],[9.93353,46.37454],[9.95792,46.37837],[9.95541,46.37373],[9.96449,46.36341],[9.99635,46.35094],[9.98085,46.3236],[9.99468,46.31405],[9.9982,46.30477],[9.99161,46.29568],[9.99549,46.28546],[10.03011,46.27712],[10.05546,46.26292],[10.06053,46.24814],[10.04745,46.22874],[10.07084,46.21714],[10.09027,46.22798],[10.12329,46.22377],[10.14233,46.22902],[10.17634,46.25791],[10.15379,46.2931],[10.11714,46.31374],[10.10432,46.33354],[10.10812,46.35217],[10.12918,46.36123],[10.12772,46.37762],[10.14212,46.38609],[10.16166,46.3875],[10.16597,46.40876],[10.16059,46.41581],[10.148,46.41923],[10.1431,46.42812],[10.13067,46.43187],[10.10125,46.42233],[10.07959,46.42111],[10.0605,46.42822],[10.05653,46.44056],[10.03981,46.4457],[10.05336,46.46315],[10.04304,46.47941],[10.04681,46.51058],[10.05404,46.52093],[10.0531,46.53146],[10.04411,46.53937],[10.05966,46.5456],[10.08314,46.56406],[10.08514,46.5676],[10.07937,46.57487],[10.09442,46.57689],[10.10109,46.58278],[10.09725,46.59308],[10.10215,46.61077],[10.13017,46.6056],[10.19063,46.62609],[10.21354,46.61758],[10.22296,46.62829],[10.24033,46.63507],[10.24342,46.6238],[10.25822,46.60986],[10.24225,46.59252],[10.244,46.5784],[10.25352,46.57183],[10.26913,46.5778],[10.28354,46.57122],[10.29588,46.55853],[10.29575,46.5504],[10.32565,46.55171],[10.33823,46.54301],[10.35221,46.55557],[10.39756,46.54394],[10.41934,46.55105],[10.45314,46.53055],[10.45794,46.51059],[10.47612,46.49553],[10.48453,46.4936],[10.49329,46.49811],[10.55196,46.49146],[10.57708,46.47337],[10.60049,46.46866],[10.62184,46.44796],[10.61662,46.44364],[10.61972,46.43503],[10.61624,46.42878],[10.63046,46.40255],[10.60738,46.3793],[10.56704,46.37793],[10.54664,46.36643],[10.53999,46.35475],[10.51987,46.35598],[10.51184,46.33473],[10.49806,46.33483],[10.48664,46.34869],[10.47103,46.35465],[10.45697,46.35207],[10.43276,46.33709],[10.42042,46.33452],[10.37029,46.29271],[10.32751,46.28707],[10.32075,46.28171],[10.31542,46.27651],[10.31546,46.25852],[10.29944,46.24843],[10.29466,46.22325],[10.28064,46.21752],[10.28214,46.21343],[10.22902,46.19929],[10.22571,46.18678],[10.17991,46.17795],[10.17603,46.16826],[10.15939,46.15955],[10.17181,46.13622],[10.16431,46.10674],[10.17129,46.10301],[10.18503,46.08095],[10.16956,46.05705],[10.14342,46.05533],[10.13241,46.06169],[10.10261,46.05078],[10.09222,46.06147],[10.09239,46.0693],[10.10477,46.08411],[10.09593,46.0913],[10.06042,46.08924],[10.0543,46.08517],[10.01854,46.08602],[10.0119,46.08225],[10.01111,46.07261],[9.99147,46.07279],[9.98048,46.06529],[9.93925,46.06622],[9.91002,46.05767],[9.90807,46.04639],[9.88454,46.04578],[9.87232,46.05117],[9.83672,46.04396],[9.82836,46.05019],[9.79131,46.05379],[9.76756,46.06412],[9.74509,46.06287],[9.73759,46.05818],[9.70972,46.06398],[9.70438,46.05728],[9.68929,46.0547],[9.66877,46.06102],[9.64346,46.05997]]]},"properties":{"name":"Sondrio","kind":"admin","source":"istat-province"}},{"type":"Feature","geometry":{"type":"MultiPolygon","coordinates":[[[[8.8429,45.39384],[8.82453,45.4195],[8.82287,45.42943],[8.82634,45.43259],[8.8081,45.43333],[8.81007,45.44598],[8.78935,45.46198],[8.78749,45.48623],[8.77349,45.4847],[8.76035,45.49685],[8.72789,45.5024],[8.71229,45.52203],[8.7194,45.53105],[8.70911,45.5439],[8.70688,45.55831],[8.7189,45.56813],[8.73808,45.55993],[8.75135,45.56549],[8.74266,45.57166],[8.76568,45.5766],[8.76946,45.58759],[8.78225,45.5865],[8.78615,45.60242],[8.80639,45.60167],[8.8208,45.5809],[8.83468,45.57789],[8.837,45.56846],[8.8488,45.57006],[8.87392,45.5808],[8.86782,45.59202],[8.92242,45.61169],[8.9259,45.6195],[8.93669,45.62352],[8.92899,45.63541],[8.93987,45.64265],[8.95651,45.63348],[8.95455,45.62547],[8.9653,45.63011],[8.97821,45.61464],[8.96726,45.60828],[8.97268,45.58769],[8.98353,45.59106],[9.00209,45.57417],[9.02567,45.58847],[9.046,45.57733],[9.06299,45.58034],[9.06132,45.60769],[9.05301,45.61443],[9.05292,45.62319],[9.10778,45.62272],[9.10537,45.60727],[9.09436,45.60647],[9.10087,45.59689],[9.09336,45.58885],[9.14487,45.58371],[9.14677,45.58778],[9.17692,45.59177],[9.17666,45.58541],[9.19358,45.57648],[9.2251,45.57567],[9.22014,45.5694],[9.22698,45.5712],[9.22705,45.56593],[9.23508,45.56273],[9.24621,45.56371],[9.25574,45.55711],[9.25034,45.55326],[9.27167,45.55648],[9.26864,45.5513],[9.27438,45.54615],[9.31284,45.53678],[9.32553,45.53999],[9.32128,45.54742],[9.32637,45.56163],[9.35167,45.55872],[9.35499,45.55415],[9.37938,45.55774],[9.39516,45.56224],[9.39303,45.56766],[9.40467,45.57506],[9.44255,45.58558],[9.44461,45.59194],[9.48165,45.59681],[9.47581,45.6048],[9.4823,45.60584],[9.48468,45.61459],[9.48121,45.61963],[9.49388,45.62982],[9.49029,45.63465],[9.49585,45.63966],[9.49962,45.63069],[9.51894,45.62358],[9.5386,45.58231],[9.53388,45.56874],[9.52482,45.56169],[9.52605,45.54589],[9.53033,45.53596],[9.53746,45.53444],[9.53707,45.52569],[9.5503,45.52417],[9.54962,45.51001],[9.53872,45.5023],[9.51802,45.50817],[9.51919,45.50448],[9.49495,45.48328],[9.49147,45.47465],[9.49499,45.47214],[9.48391,45.44869],[9.46632,45.44997],[9.4575,45.4673],[9.43131,45.46749],[9.43456,45.46103],[9.41753,45.45153],[9.41713,45.43848],[9.41087,45.43509],[9.42598,45.42205],[9.40721,45.39395],[9.40394,45.39113],[9.40091,45.39734],[9.38519,45.39932],[9.38163,45.38846],[9.37309,45.38654],[9.3782,45.36895],[9.35299,45.36772],[9.36043,45.35853],[9.36243,45.34621],[9.35632,45.34355],[9.38058,45.31882],[9.39325,45.31596],[9.37627,45.31127],[9.38588,45.30681],[9.37726,45.30235],[9.369,45.30323],[9.36712,45.31513],[9.35466,45.3208],[9.33163,45.31218],[9.3091,45.32789],[9.2828,45.33154],[9.27449,45.32382],[9.2635,45.32784],[9.24603,45.32452],[9.22949,45.3334],[9.22719,45.32731],[9.21919,45.3259],[9.20173,45.33484],[9.19634,45.31611],[9.18206,45.31074],[9.20084,45.29106],[9.18443,45.29255],[9.17804,45.29941],[9.15805,45.298],[9.14107,45.30962],[9.12958,45.31109],[9.12433,45.30591],[9.08141,45.30274],[9.07462,45.30656],[9.08151,45.31577],[9.06985,45.31454],[9.07187,45.30641],[9.03924,45.30302],[9.03009,45.29651],[9.025,45.30497],[9.0363,45.30362],[9.01985,45.32601],[8.98831,45.3216],[8.99871,45.30263],[8.99226,45.30097],[8.99327,45.29735],[9.01004,45.29281],[9.0187,45.28058],[8.98294,45.26499],[8.94461,45.29146],[8.94199,45.31602],[8.93135,45.31994],[8.9235,45.31687],[8.90627,45.32638],[8.90975,45.33287],[8.86608,45.34312],[8.86402,45.35115],[8.86793,45.35738],[8.84984,45.36776],[8.84764,45.39034],[8.8429,45.39384]]],[[[9.51571,45.18708],[9.51973,45.18024],[9.52676,45.18069],[9.52658,45.16949],[9.53158,45.16535],[9.47827,45.1615],[9.46583,45.16895],[9.46432,45.17748],[9.45683,45.18326],[9.43855,45.18764],[9.47067,45.20131],[9.4985,45.18619],[9.51571,45.18708]]]]},"properties":{"name":"Milano","kind":"admin","source":"istat-province"}},{"type":"Feature","geometry":{"type":"Polygon","coordinates":[[[9.59083,45.47607],[9.57735,45.46476],[9.57759,45.46024],[9.54798,45.46108],[9.54123,45.47914],[9.54506,45.48738],[9.5283,45.49536],[9.51781,45.50688],[9.53872,45.5023],[9.54962,45.51001],[9.5503,45.52417],[9.53707,45.52569],[9.53746,45.53444],[9.53033,45.53596],[9.52633,45.54422],[9.52482,45.56169],[9.53388,45.56874],[9.5386,45.58231],[9.53117,45.59986],[9.51894,45.62358],[9.49962,45.63069],[9.49501,45.64864],[9.48529,45.65305],[9.48719,45.66459],[9.47066,45.6699],[9.45101,45.68442],[9.45966,45.7023],[9.44973,45.71586],[9.44726,45.73144],[9.45712,45.74702],[9.44585,45.76052],[9.46159,45.76098],[9.47061,45.76808],[9.45032,45.78594],[9.4574,45.78806],[9.47442,45.78267],[9.48032,45.78496],[9.47747,45.78792],[9.48097,45.79299],[9.49506,45.79296],[9.49642,45.79634],[9.4918,45.80767],[9.47307,45.82499],[9.47497,45.84054],[9.46757,45.8489],[9.46948,45.85692],[9.48482,45.86161],[9.4928,45.85836],[9.49331,45.86288],[9.4871,45.86452],[9.49574,45.86785],[9.52402,45.87035],[9.50604,45.88425],[9.51779,45.88627],[9.50526,45.89872],[9.52159,45.91122],[9.5409,45.94424],[9.53682,45.9572],[9.52267,45.96478],[9.50312,45.96715],[9.49457,46.00028],[9.4861,46.003],[9.49019,46.0113],[9.55124,46.01412],[9.56046,46.02296],[9.57698,46.02021],[9.60013,46.03122],[9.60405,46.04363],[9.63388,46.04691],[9.64346,46.05997],[9.66877,46.06102],[9.68929,46.0547],[9.70438,46.05728],[9.70972,46.06398],[9.73759,46.05818],[9.74509,46.06287],[9.76756,46.06412],[9.79131,46.05379],[9.82836,46.05019],[9.83672,46.04396],[9.87232,46.05117],[9.88454,46.04578],[9.90807,46.04639],[9.91002,46.05767],[9.93925,46.06622],[9.98048,46.06529],[9.99147,46.07279],[10.01111,46.07261],[10.0119,46.08225],[10.01854,46.08602],[10.0543,46.08517],[10.06042,46.08924],[10.09593,46.0913],[10.10477,46.08411],[10.09239,46.0693],[10.09222,46.06147],[10.10261,46.05078],[10.13241,46.06169],[10.14342,46.05533],[10.16956,46.05705],[10.17505,46.05167],[10.19274,46.05159],[10.20201,46.04587],[10.22246,46.04956],[10.22809,46.04822],[10.22593,46.0414],[10.23163,46.03487],[10.24867,46.03566],[10.26221,46.02076],[10.24939,46.01078],[10.19963,46.00503],[10.17651,45.98272],[10.17791,45.97262],[10.12515,45.95846],[10.11617,45.94874],[10.11451,45.93622],[10.09493,45.9256],[10.09588,45.90825],[10.10904,45.8857],[10.1498,45.8631],[10.14581,45.85195],[10.12139,45.83595],[10.1081,45.81547],[10.07161,45.79743],[10.05737,45.77617],[10.05519,45.7619],[10.06631,45.74075],[10.05912,45.70884],[10.06534,45.69126],[10.06316,45.68283],[10.04437,45.67494],[9.99983,45.67211],[9.96568,45.66396],[9.94228,45.66528],[9.93171,45.64744],[9.91699,45.6502],[9.91778,45.64325],[9.90387,45.63049],[9.89161,45.60443],[9.86516,45.61062],[9.86154,45.60486],[9.85055,45.60315],[9.85503,45.58408],[9.84348,45.58227],[9.83641,45.55598],[9.83775,45.55057],[9.85341,45.53993],[9.8517,45.52643],[9.86337,45.49668],[9.86925,45.49527],[9.87817,45.47451],[9.89021,45.46842],[9.88961,45.42733],[9.87354,45.43324],[9.86318,45.43146],[9.84651,45.45211],[9.83507,45.44804],[9.82307,45.45649],[9.81085,45.45266],[9.813,45.44806],[9.82412,45.44617],[9.811,45.43558],[9.80788,45.42279],[9.76929,45.43017],[9.77026,45.43933],[9.76265,45.45566],[9.7518,45.45862],[9.73649,45.47552],[9.72213,45.47605],[9.71979,45.48214],[9.71392,45.48273],[9.70539,45.47883],[9.69881,45.4606],[9.68984,45.45843],[9.68536,45.44382],[9.66182,45.43722],[9.65064,45.45401],[9.63696,45.45854],[9.62004,45.4559],[9.61028,45.46394],[9.60864,45.47545],[9.59083,45.47607]]]},"properties":{"name":"Bergamo","kind":"admin","source":"istat-province"}},{"type":"Feature","geometry":{"type":"Polygon","coordinates":[[[10.42838,45.3207],[10.43154,45.31298],[10.42509,45.29656],[10.40831,45.29354],[10.39745,45.28582],[10.39163,45.27382],[10.39073,45.25468],[10.39726,45.25014],[10.37837,45.24092],[10.36196,45.2461],[10.35783,45.24051],[10.36099,45.23317],[10.35537,45.23073],[10.36136,45.21538],[10.33291,45.20535],[10.31666,45.20527],[10.31291,45.21992],[10.28463,45.22746],[10.26635,45.25079],[10.25562,45.25306],[10.25057,45.25291],[10.24642,45.24302],[10.22078,45.24177],[10.21982,45.22465],[10.18552,45.23223],[10.17517,45.24022],[10.15635,45.23849],[10.12586,45.24681],[10.1013,45.24733],[10.09964,45.25307],[10.09163,45.25336],[10.08569,45.25967],[10.08328,45.26791],[10.05456,45.27984],[10.02928,45.27678],[10.01936,45.28404],[10.0055,45.28597],[9.98456,45.29615],[9.96733,45.313],[9.92507,45.33057],[9.92219,45.33837],[9.91378,45.33562],[9.89477,45.34124],[9.88333,45.35756],[9.88868,45.36057],[9.89274,45.40541],[9.88762,45.44479],[9.89042,45.46788],[9.87817,45.47451],[9.86925,45.49527],[9.86337,45.49668],[9.8517,45.52643],[9.85341,45.53993],[9.83775,45.55057],[9.83641,45.55598],[9.84348,45.58227],[9.85503,45.58408],[9.85055,45.60315],[9.86154,45.60486],[9.86516,45.61062],[9.89161,45.60443],[9.90387,45.63049],[9.91778,45.64325],[9.91699,45.6502],[9.93171,45.64744],[9.94228,45.66528],[9.96568,45.66396],[9.99983,45.67211],[10.04437,45.67494],[10.06316,45.68283],[10.06534,45.69126],[10.05912,45.70884],[10.06631,45.74075],[10.05519,45.7619],[10.05737,45.77617],[10.07161,45.79743],[10.1081,45.81547],[10.12139,45.83595],[10.14581,45.85195],[10.1498,45.8631],[10.10904,45.8857],[10.09588,45.90825],[10.09493,45.9256],[10.11451,45.93622],[10.11617,45.94874],[10.12515,45.95846],[10.17791,45.97262],[10.17651,45.98272],[10.19963,46.00503],[10.24939,46.01078],[10.26128,46.0171],[10.24867,46.03566],[10.23137,46.03507],[10.22593,46.0414],[10.22809,46.04822],[10.20292,46.04575],[10.1703,46.05464],[10.17305,46.06688],[10.18503,46.08095],[10.17129,46.10301],[10.16431,46.10674],[10.17181,46.13622],[10.15939,46.15955],[10.17603,46.16826],[10.1803,46.17825],[10.22571,46.18678],[10.22902,46.19929],[10.28214,46.21343],[10.28064,46.21752],[10.29466,46.22325],[10.29944,46.24843],[10.31546,46.25852],[10.31542,46.27651],[10.32751,46.28707],[10.37029,46.29271],[10.42042,46.33452],[10.47103,46.35465],[10.48664,46.34869],[10.49806,46.33483],[10.51184,46.33473],[10.51571,46.34322],[10.52004,46.34328],[10.56562,46.32634],[10.56451,46.31362],[10.57957,46.29883],[10.55972,46.28305],[10.57567,46.27568],[10.58569,46.24794],[10.58075,46.23963],[10.56822,46.23372],[10.57041,46.22321],[10.54972,46.20553],[10.5414,46.18862],[10.56539,46.16684],[10.54927,46.14643],[10.5495,46.11739],[10.5414,46.10302],[10.51718,46.08008],[10.49092,46.06681],[10.48095,46.05629],[10.47734,46.05132],[10.48351,46.04377],[10.48471,46.02462],[10.47082,46.02108],[10.45829,46.01043],[10.45298,45.98994],[10.45341,45.97655],[10.48849,45.96935],[10.48471,45.94511],[10.49144,45.94195],[10.49124,45.93323],[10.50857,45.92357],[10.50769,45.90534],[10.49508,45.89982],[10.49012,45.88708],[10.50231,45.87126],[10.50591,45.84328],[10.50249,45.83016],[10.50833,45.82365],[10.52888,45.82655],[10.54327,45.81836],[10.52601,45.8057],[10.53511,45.8017],[10.53088,45.79586],[10.53275,45.78806],[10.56107,45.78391],[10.58045,45.78889],[10.58218,45.7942],[10.60098,45.803],[10.63515,45.80667],[10.64141,45.80189],[10.65104,45.81249],[10.65464,45.83263],[10.67572,45.83046],[10.69951,45.84166],[10.71101,45.83606],[10.73555,45.84272],[10.74522,45.84044],[10.75635,45.83003],[10.76306,45.83996],[10.77463,45.84308],[10.79168,45.8331],[10.82539,45.83774],[10.84015,45.83276],[10.83247,45.81557],[10.80959,45.79836],[10.70561,45.67641],[10.63104,45.60951],[10.62847,45.60206],[10.64301,45.45731],[10.64774,45.44854],[10.64341,45.44438],[10.62365,45.44362],[10.62725,45.43827],[10.64028,45.4435],[10.64945,45.44079],[10.65155,45.4279],[10.64355,45.41799],[10.65463,45.41582],[10.6551,45.41064],[10.64649,45.40724],[10.64285,45.38976],[10.63557,45.38494],[10.61048,45.38285],[10.59797,45.38732],[10.57999,45.38115],[10.54734,45.38647],[10.51144,45.41227],[10.45119,45.4186],[10.46702,45.4066],[10.45031,45.38312],[10.45957,45.37856],[10.46801,45.3598],[10.47132,45.3323],[10.46389,45.33362],[10.46586,45.32516],[10.44718,45.32709],[10.44638,45.32074],[10.42838,45.3207]]]},"properties":{"name":"Brescia","kind":"admin","source":"istat-province"}},{"type":"Feature","geometry":{"type":"MultiPolygon","coordinates":[[[[8.69065,45.29253],[8.70398,45.30154],[8.70724,45.29856],[8.71612,45.30288],[8.72477,45.33571],[8.74212,45.33206],[8.74375,45.3403],[8.76254,45.34862],[8.76066,45.3557],[8.7467,45.35629],[8.72078,45.37043],[8.71908,45.37808],[8.76089,45.37648],[8.76543,45.38894],[8.80154,45.37918],[8.8119,45.38327],[8.81123,45.38911],[8.8429,45.39384],[8.84764,45.39034],[8.84984,45.36776],[8.86793,45.35738],[8.86402,45.35115],[8.86608,45.34312],[8.90975,45.33287],[8.90627,45.32638],[8.9235,45.31687],[8.93135,45.31994],[8.94199,45.31602],[8.94461,45.29146],[8.98294,45.26499],[9.0187,45.28058],[9.01004,45.29281],[8.99327,45.29735],[8.99226,45.30097],[8.99873,45.3025],[8.98831,45.3216],[8.99167,45.32276],[9.00202,45.32057],[9.02053,45.32589],[9.0363,45.30362],[9.025,45.30497],[9.03009,45.29651],[9.03924,45.30302],[9.07187,45.30641],[9.06985,45.31454],[9.08151,45.31577],[9.07462,45.30656],[9.08141,45.30274],[9.12433,45.30591],[9.12958,45.31109],[9.14107,45.30962],[9.15805,45.298],[9.17804,45.29941],[9.18443,45.29255],[9.20084,45.29106],[9.18206,45.31074],[9.19634,45.31611],[9.20173,45.33484],[9.21919,45.3259],[9.22719,45.32731],[9.22949,45.3334],[9.24603,45.32452],[9.2635,45.32784],[9.27449,45.32382],[9.2828,45.33154],[9.3091,45.32789],[9.33163,45.31218],[9.33801,45.31455],[9.3346,45.30509],[9.35326,45.30329],[9.3576,45.29258],[9.34785,45.29058],[9.33014,45.29824],[9.32097,45.29465],[9.34145,45.27131],[9.32677,45.27046],[9.31039,45.24896],[9.32244,45.24411],[9.32785,45.2497],[9.35795,45.23872],[9.35926,45.24559],[9.35428,45.24985],[9.37082,45.2451],[9.38109,45.23024],[9.39086,45.23215],[9.38853,45.22289],[9.39757,45.21855],[9.40221,45.20187],[9.41725,45.20593],[9.42142,45.20187],[9.41987,45.19482],[9.42864,45.19937],[9.43218,45.19495],[9.42665,45.18733],[9.42961,45.18446],[9.43855,45.18764],[9.45683,45.18326],[9.46432,45.17748],[9.46583,45.16895],[9.47827,45.1615],[9.53158,45.16535],[9.54424,45.1532],[9.54291,45.13739],[9.54866,45.13265],[9.53575,45.122],[9.55133,45.09211],[9.53005,45.07837],[9.50147,45.10357],[9.46774,45.09488],[9.43901,45.09345],[9.4356,45.08183],[9.41224,45.08355],[9.40591,45.07286],[9.37082,45.04815],[9.3762,45.04167],[9.36945,45.02373],[9.37561,45.01992],[9.36587,45.00304],[9.34545,44.99513],[9.33516,44.97374],[9.33755,44.96538],[9.32459,44.95605],[9.32182,44.9441],[9.31453,44.93682],[9.28635,44.93395],[9.29166,44.92089],[9.28608,44.90321],[9.27741,44.89561],[9.29283,44.89032],[9.29011,44.88221],[9.30869,44.8759],[9.32239,44.87974],[9.32668,44.87251],[9.34168,44.86981],[9.34832,44.83977],[9.3631,44.8224],[9.35419,44.81186],[9.32153,44.80003],[9.31676,44.78395],[9.28697,44.7725],[9.28651,44.75868],[9.33258,44.73504],[9.32591,44.7231],[9.31258,44.7171],[9.30848,44.70563],[9.32511,44.69074],[9.30668,44.68816],[9.29851,44.68102],[9.28302,44.68598],[9.25948,44.67995],[9.25394,44.69601],[9.23508,44.71636],[9.23205,44.70233],[9.24048,44.68831],[9.23709,44.68512],[9.202,44.686],[9.20844,44.70292],[9.20283,44.72206],[9.21111,44.732],[9.21355,44.75235],[9.19416,44.75684],[9.17173,44.77168],[9.1735,44.79615],[9.15512,44.80941],[9.16098,44.81474],[9.13083,44.80573],[9.10899,44.80544],[9.09515,44.81903],[9.0799,44.8142],[9.07264,44.81709],[9.07291,44.82803],[9.06411,44.83019],[9.049,44.84986],[9.07007,44.86468],[9.0559,44.88884],[9.0436,44.8848],[9.03036,44.8885],[9.0184,44.9008],[8.99969,44.90932],[8.98821,44.93085],[8.9696,44.94351],[8.97812,44.96721],[8.96062,44.98728],[8.9256,44.98216],[8.91057,44.99548],[8.90116,45.00819],[8.90476,45.02607],[8.90248,45.03612],[8.89508,45.04043],[8.90016,45.04362],[8.89872,45.04983],[8.88106,45.05408],[8.8874,45.0598],[8.86569,45.05097],[8.84268,45.05059],[8.84212,45.04263],[8.82389,45.04659],[8.81272,45.03746],[8.79621,45.03581],[8.79437,45.03262],[8.80231,45.02607],[8.79834,45.02112],[8.7777,45.02373],[8.77827,45.01309],[8.77128,45.00673],[8.74788,45.00915],[8.74817,45.01418],[8.75411,45.01533],[8.75054,45.02073],[8.74198,45.02435],[8.72666,45.02186],[8.71006,45.03829],[8.70251,45.03449],[8.70081,45.02652],[8.692,45.02331],[8.68128,45.02905],[8.67116,45.02717],[8.65924,45.01792],[8.65188,45.02337],[8.65703,45.02843],[8.65226,45.03492],[8.63474,45.04096],[8.64695,45.05469],[8.6369,45.06653],[8.64599,45.07533],[8.64015,45.0767],[8.63549,45.08904],[8.62202,45.09124],[8.62337,45.09835],[8.60909,45.10689],[8.61098,45.12363],[8.60651,45.12795],[8.59011,45.13302],[8.58647,45.14672],[8.58,45.1527],[8.55366,45.15786],[8.555,45.16431],[8.54293,45.17284],[8.54554,45.18294],[8.56303,45.19627],[8.58119,45.20223],[8.57779,45.20792],[8.55688,45.20517],[8.5506,45.20115],[8.55119,45.19598],[8.52796,45.19459],[8.52542,45.20199],[8.53224,45.19928],[8.54805,45.20412],[8.52324,45.2216],[8.52708,45.22915],[8.54365,45.234],[8.5291,45.23951],[8.55618,45.2414],[8.52249,45.24924],[8.52277,45.25463],[8.53601,45.24759],[8.54338,45.25328],[8.53305,45.25814],[8.53622,45.2627],[8.53071,45.26713],[8.53611,45.27222],[8.53511,45.2778],[8.52241,45.27914],[8.52325,45.27437],[8.51408,45.27432],[8.51595,45.28627],[8.512,45.29102],[8.49834,45.29223],[8.51354,45.31328],[8.52161,45.31228],[8.53116,45.31932],[8.5379,45.31725],[8.52665,45.34316],[8.55038,45.3548],[8.55376,45.36152],[8.5572,45.3533],[8.57881,45.34723],[8.61178,45.35443],[8.62883,45.34986],[8.63167,45.33838],[8.65571,45.32568],[8.6632,45.30967],[8.65887,45.30367],[8.66659,45.29221],[8.69065,45.29253]]]]},"properties":{"name":"Pavia","kind":"admin","source":"istat-province"}},{"type":"Feature","geometry":{"type":"Polygon","coordinates":[[[9.55078,45.46032],[9.57759,45.46024],[9.57735,45.46476],[9.59083,45.47607],[9.60864,45.47545],[9.61028,45.46394],[9.62004,45.4559],[9.63696,45.45854],[9.65064,45.45401],[9.66182,45.43722],[9.68209,45.44125],[9.68984,45.45843],[9.69881,45.4606],[9.70826,45.48228],[9.71979,45.48214],[9.72213,45.47605],[9.73649,45.47552],[9.7518,45.45862],[9.76265,45.45566],[9.77026,45.43933],[9.76929,45.43017],[9.80788,45.42279],[9.811,45.43558],[9.82412,45.44617],[9.813,45.44806],[9.81085,45.45266],[9.82595,45.45637],[9.83507,45.44804],[9.84651,45.45211],[9.85888,45.43339],[9.88961,45.42733],[9.89274,45.40541],[9.88868,45.36057],[9.88333,45.35756],[9.89477,45.34124],[9.91378,45.33562],[9.92219,45.33837],[9.9228,45.33203],[9.96733,45.313],[9.994,45.29049],[10.01936,45.28404],[10.02928,45.27678],[10.05456,45.27984],[10.08328,45.26791],[10.0907,45.254],[10.09964,45.25307],[10.10234,45.24693],[10.12586,45.24681],[10.15635,45.23849],[10.17517,45.24022],[10.18552,45.23223],[10.21982,45.22465],[10.22078,45.24177],[10.24642,45.24302],[10.25057,45.25291],[10.26635,45.25079],[10.28413,45.22777],[10.31291,45.21992],[10.3177,45.20472],[10.31246,45.20183],[10.31096,45.18765],[10.32772,45.18429],[10.33801,45.17215],[10.36467,45.16166],[10.36758,45.14715],[10.37919,45.13847],[10.41249,45.13701],[10.41795,45.13002],[10.42225,45.13285],[10.42131,45.14122],[10.44111,45.13523],[10.45825,45.14752],[10.4799,45.14404],[10.49247,45.13242],[10.4882,45.12678],[10.4591,45.11986],[10.45656,45.11528],[10.46667,45.09549],[10.43664,45.09025],[10.41731,45.09191],[10.41318,45.04225],[10.44638,45.04688],[10.4669,45.05939],[10.49383,45.05631],[10.49203,45.08301],[10.49794,45.07519],[10.53312,45.07453],[10.53956,45.05514],[10.53256,45.05147],[10.53427,45.0453],[10.51994,45.04079],[10.5112,45.0183],[10.50137,45.02164],[10.46441,45.01471],[10.45779,45.00519],[10.4557,44.98235],[10.4882,44.97975],[10.51211,44.98362],[10.55523,45.00688],[10.57104,45.002],[10.59685,45.00396],[10.53128,44.98088],[10.5229,44.97027],[10.5078,44.97244],[10.4955,44.94767],[10.4741,44.94664],[10.464,44.93718],[10.434,44.94452],[10.41853,44.97514],[10.408,44.98384],[10.3917,44.98301],[10.36529,44.9661],[10.35528,44.96616],[10.33275,44.97989],[10.3089,44.98738],[10.30469,44.99904],[10.27447,44.99793],[10.25586,45.01781],[10.21107,45.03403],[10.1873,45.02822],[10.17475,45.03425],[10.16875,45.04319],[10.15772,45.04408],[10.14673,45.03498],[10.10619,45.02213],[10.0891,45.02719],[10.08231,45.04661],[10.05022,45.04128],[10.05286,45.05059],[10.04695,45.05929],[10.02967,45.06681],[10.02165,45.07589],[10.0295,45.08724],[10.02853,45.09623],[9.99111,45.13096],[9.97834,45.13374],[9.93581,45.1044],[9.91581,45.10007],[9.91445,45.10941],[9.92707,45.12599],[9.91972,45.13759],[9.89108,45.1309],[9.87247,45.14062],[9.8709,45.15907],[9.86178,45.15297],[9.84746,45.15454],[9.83264,45.14969],[9.8265,45.16344],[9.80755,45.15881],[9.78564,45.16488],[9.78146,45.18135],[9.77305,45.18316],[9.77388,45.18845],[9.75065,45.18234],[9.77694,45.21314],[9.76571,45.21605],[9.76277,45.22294],[9.74485,45.21536],[9.74195,45.22629],[9.72676,45.22463],[9.71684,45.23014],[9.71578,45.23392],[9.72662,45.24154],[9.71211,45.2473],[9.70724,45.25408],[9.71186,45.25864],[9.72056,45.25648],[9.71896,45.26304],[9.6947,45.25579],[9.68716,45.2649],[9.6811,45.25711],[9.67524,45.25694],[9.66799,45.26233],[9.672,45.2681],[9.65723,45.27589],[9.64889,45.27277],[9.62842,45.29287],[9.61648,45.29384],[9.61749,45.30147],[9.61248,45.30277],[9.60905,45.31331],[9.60128,45.31623],[9.60549,45.32289],[9.59884,45.32734],[9.58853,45.356],[9.56805,45.36695],[9.56334,45.34233],[9.55139,45.33914],[9.50911,45.34869],[9.51149,45.35907],[9.50777,45.3668],[9.49525,45.36391],[9.48255,45.3742],[9.46194,45.37708],[9.45441,45.38671],[9.46962,45.40934],[9.46759,45.41332],[9.48021,45.41986],[9.48051,45.42788],[9.48852,45.4376],[9.48092,45.44426],[9.50058,45.49133],[9.51919,45.50448],[9.54506,45.48738],[9.54123,45.47914],[9.55078,45.46032]]]},"properties":{"name":"Cremona","kind":"admin","source":"istat-province"}},{"type":"Feature","geometry":{"type":"Polygon","coordinates":[[[10.49247,45.13242],[10.47796,45.14515],[10.45962,45.14746],[10.4454,45.14188],[10.44111,45.13523],[10.42027,45.14084],[10.42238,45.13336],[10.41795,45.13002],[10.41249,45.13701],[10.37919,45.13847],[10.36758,45.14715],[10.36467,45.16166],[10.34892,45.16615],[10.32772,45.18429],[10.31096,45.18765],[10.30928,45.1919],[10.31543,45.20477],[10.33291,45.20535],[10.36136,45.21538],[10.35537,45.23073],[10.36099,45.23317],[10.35783,45.24051],[10.36196,45.2461],[10.37837,45.24092],[10.39726,45.25014],[10.39073,45.25468],[10.39163,45.27382],[10.39745,45.28582],[10.40831,45.29354],[10.42509,45.29656],[10.43154,45.31298],[10.42838,45.3207],[10.44638,45.32074],[10.44718,45.32709],[10.46586,45.32516],[10.46389,45.33362],[10.47132,45.3323],[10.46801,45.3598],[10.45957,45.37856],[10.45031,45.38312],[10.46702,45.4066],[10.45119,45.4186],[10.51144,45.41227],[10.54734,45.38647],[10.57999,45.38115],[10.59797,45.38732],[10.6137,45.38267],[10.63843,45.38565],[10.64649,45.40724],[10.6551,45.41064],[10.65463,45.41582],[10.66523,45.42772],[10.69861,45.42282],[10.71579,45.41664],[10.71937,45.40596],[10.71684,45.39557],[10.69774,45.38009],[10.70639,45.37],[10.71463,45.36793],[10.70365,45.35832],[10.68554,45.35368],[10.68676,45.34217],[10.70308,45.34136],[10.71497,45.33408],[10.70638,45.3163],[10.73048,45.31586],[10.7331,45.30545],[10.72835,45.2913],[10.73742,45.28724],[10.78282,45.31542],[10.84001,45.27289],[10.84661,45.25657],[10.874,45.25243],[10.88191,45.24687],[10.89966,45.24692],[10.90209,45.23748],[10.93679,45.23294],[10.93075,45.22622],[10.93073,45.21801],[10.94696,45.20574],[10.96358,45.2054],[10.99039,45.19611],[10.99812,45.18506],[10.99343,45.18013],[10.99888,45.16593],[10.99452,45.15036],[11.01024,45.14866],[11.02837,45.15924],[11.03228,45.14985],[11.04663,45.15314],[11.05047,45.14957],[11.04229,45.14395],[11.04385,45.13428],[11.0284,45.12673],[11.03971,45.11313],[11.07294,45.09875],[11.09757,45.09525],[11.09489,45.10607],[11.10057,45.11273],[11.1274,45.10323],[11.13482,45.10986],[11.13874,45.12386],[11.14588,45.12601],[11.18819,45.10969],[11.20343,45.11167],[11.17751,45.09734],[11.17682,45.08849],[11.18837,45.08408],[11.17465,45.07449],[11.17528,45.06007],[11.21219,45.05748],[11.24044,45.04295],[11.2659,45.05622],[11.27046,45.04451],[11.26305,45.03294],[11.2755,45.01731],[11.30874,45.01236],[11.33825,44.98942],[11.42018,44.96481],[11.42751,44.95284],[11.40882,44.95004],[11.37408,44.95778],[11.35716,44.95008],[11.32932,44.9607],[11.31246,44.95821],[11.30158,44.96236],[11.28435,44.95661],[11.27226,44.93832],[11.24621,44.95144],[11.23801,44.94505],[11.15854,44.93809],[11.15244,44.93324],[11.11802,44.95447],[11.07347,44.96295],[11.05954,44.94889],[10.99676,44.95489],[10.96716,44.93481],[10.95059,44.93333],[10.95137,44.92787],[10.94137,44.92191],[10.91696,44.92413],[10.89031,44.91244],[10.88789,44.91427],[10.89799,44.92181],[10.87663,44.91706],[10.86498,44.92357],[10.86539,44.92962],[10.84719,44.92674],[10.81975,44.93672],[10.74372,44.94908],[10.74816,44.9627],[10.74168,44.98035],[10.7274,44.99203],[10.71216,44.98526],[10.71077,44.97309],[10.69474,44.96194],[10.68804,44.9656],[10.69596,44.97447],[10.68668,44.98659],[10.67979,44.97666],[10.66208,44.96708],[10.62788,44.9242],[10.56984,44.90834],[10.51985,44.91273],[10.464,44.93718],[10.46683,44.94281],[10.4955,44.94767],[10.5078,44.97244],[10.5229,44.97027],[10.53128,44.98088],[10.59685,45.00396],[10.57104,45.002],[10.55523,45.00688],[10.51211,44.98362],[10.4882,44.97975],[10.4557,44.98235],[10.45779,45.00519],[10.46441,45.01471],[10.50137,45.02164],[10.5112,45.0183],[10.51994,45.04079],[10.53427,45.0453],[10.53256,45.05147],[10.53956,45.05514],[10.53312,45.07453],[10.49794,45.07519],[10.49203,45.08301],[10.49383,45.05631],[10.4669,45.05939],[10.4388,45.04476],[10.41545,45.04132],[10.41175,45.04623],[10.41731,45.09191],[10.43664,45.09025],[10.46667,45.09549],[10.45656,45.11528],[10.4591,45.11986],[10.4882,45.12678],[10.49247,45.13242]]]},"properties":{"name":"Mantova","kind":"admin","source":"istat-province"}},{"type":"Feature","geometry":{"type":"Polygon","coordinates":[[[9.32406,45.89578],[9.31238,45.90536],[9.30267,45.89364],[9.28938,45.89317],[9.26827,45.92555],[9.27774,45.93677],[9.27608,45.94475],[9.25902,45.94905],[9.25715,45.95331],[9.26644,45.96657],[9.28458,45.96705],[9.27736,45.99273],[9.26458,46.00077],[9.26095,46.01445],[9.26411,46.02974],[9.2896,46.05935],[9.29868,46.10455],[9.29232,46.11578],[9.30048,46.12588],[9.35724,46.15035],[9.36185,46.15741],[9.41091,46.14992],[9.415,46.0948],[9.44837,46.07897],[9.49287,46.07084],[9.50984,46.06253],[9.5018,46.04565],[9.52222,46.03125],[9.52713,46.01183],[9.49139,46.0117],[9.4861,46.003],[9.49457,46.00028],[9.50312,45.96715],[9.52267,45.96478],[9.53682,45.9572],[9.5409,45.94424],[9.52159,45.91122],[9.50526,45.89872],[9.51779,45.88627],[9.50604,45.88425],[9.52402,45.87035],[9.49574,45.86785],[9.4871,45.86452],[9.49331,45.86288],[9.4928,45.85836],[9.48482,45.86161],[9.46948,45.85692],[9.46757,45.8489],[9.47497,45.84054],[9.47307,45.82499],[9.4918,45.80767],[9.49642,45.79634],[9.49506,45.79296],[9.48097,45.79299],[9.47747,45.78792],[9.48032,45.78496],[9.47442,45.78267],[9.4574,45.78806],[9.45012,45.78542],[9.47061,45.76808],[9.46159,45.76098],[9.44585,45.76052],[9.45712,45.74702],[9.44726,45.73144],[9.44973,45.71586],[9.45966,45.7023],[9.45101,45.68442],[9.47658,45.66927],[9.44684,45.6497],[9.42264,45.65652],[9.41444,45.6765],[9.39363,45.66949],[9.37229,45.65509],[9.3681,45.66387],[9.34363,45.672],[9.31406,45.6607],[9.31219,45.66968],[9.2948,45.6897],[9.2998,45.70941],[9.28806,45.72149],[9.28711,45.73022],[9.27939,45.73318],[9.27424,45.74224],[9.24712,45.74265],[9.25682,45.75138],[9.24336,45.76658],[9.24991,45.78268],[9.26189,45.78078],[9.26232,45.78988],[9.25829,45.79253],[9.28722,45.80918],[9.29141,45.8156],[9.28498,45.81659],[9.28632,45.82396],[9.30334,45.83897],[9.32041,45.84356],[9.31846,45.85025],[9.33226,45.86462],[9.33186,45.87281],[9.31544,45.88819],[9.32406,45.89578]]]},"properties":{"name":"Lecco","kind":"admin","source":"istat-province"}},{"type":"Feature","geometry":{"type":"Polygon","coordinates":[[[9.60549,45.32289],[9.60128,45.31623],[9.60905,45.31331],[9.61248,45.30277],[9.61749,45.30147],[9.61648,45.29384],[9.62842,45.29287],[9.64889,45.27277],[9.65723,45.27589],[9.672,45.2681],[9.66799,45.26233],[9.6781,45.25641],[9.68716,45.2649],[9.6947,45.25579],[9.71896,45.26304],[9.72056,45.25648],[9.71186,45.25864],[9.70724,45.25408],[9.71211,45.2473],[9.72662,45.24154],[9.71578,45.23392],[9.71684,45.23014],[9.72676,45.22463],[9.74195,45.22629],[9.74485,45.21536],[9.76277,45.22294],[9.76571,45.21605],[9.77694,45.21314],[9.75021,45.18566],[9.75162,45.18174],[9.77388,45.18845],[9.77305,45.18316],[9.78146,45.18135],[9.78564,45.16488],[9.80755,45.15881],[9.8265,45.16344],[9.83264,45.14969],[9.84746,45.15454],[9.86178,45.15297],[9.8709,45.15907],[9.87247,45.14062],[9.89108,45.1309],[9.87524,45.11962],[9.90063,45.09544],[9.89677,45.08054],[9.88065,45.07479],[9.86152,45.09356],[9.83836,45.09565],[9.83215,45.08943],[9.83322,45.06037],[9.82711,45.05358],[9.81877,45.05339],[9.81326,45.0781],[9.78819,45.08447],[9.77735,45.09128],[9.76666,45.10727],[9.74857,45.11327],[9.74484,45.10972],[9.7531,45.0866],[9.75037,45.07905],[9.72768,45.06214],[9.71373,45.0584],[9.68368,45.07034],[9.67689,45.07761],[9.64231,45.08066],[9.63228,45.08627],[9.64092,45.11662],[9.62781,45.13269],[9.61841,45.13302],[9.61266,45.11234],[9.60188,45.10414],[9.58745,45.09962],[9.58595,45.10499],[9.56858,45.10734],[9.5566,45.12755],[9.54291,45.13739],[9.54424,45.1532],[9.53111,45.16186],[9.52676,45.18069],[9.51973,45.18024],[9.51571,45.18708],[9.4985,45.18619],[9.47067,45.20131],[9.43006,45.18426],[9.42665,45.18733],[9.43218,45.19495],[9.42864,45.19937],[9.41987,45.19482],[9.42142,45.20187],[9.41725,45.20593],[9.40221,45.20187],[9.39757,45.21855],[9.38853,45.22289],[9.39086,45.23215],[9.38109,45.23024],[9.37082,45.2451],[9.35428,45.24985],[9.35926,45.24559],[9.35795,45.23872],[9.32785,45.2497],[9.32244,45.24411],[9.31039,45.24896],[9.32677,45.27046],[9.34145,45.27131],[9.32097,45.29465],[9.33014,45.29824],[9.34785,45.29058],[9.3576,45.29258],[9.35326,45.30329],[9.3346,45.30509],[9.33619,45.31145],[9.35466,45.3208],[9.36712,45.31513],[9.369,45.30323],[9.37726,45.30235],[9.38588,45.30681],[9.37627,45.31127],[9.39321,45.31554],[9.38058,45.31882],[9.35632,45.34355],[9.36243,45.34621],[9.36043,45.35853],[9.35299,45.36772],[9.3782,45.36895],[9.37309,45.38654],[9.38163,45.38846],[9.38519,45.39932],[9.40091,45.39734],[9.40485,45.39108],[9.42598,45.42205],[9.41101,45.43443],[9.41713,45.43848],[9.41753,45.45153],[9.43456,45.46103],[9.43131,45.46749],[9.43765,45.46971],[9.45836,45.46699],[9.45698,45.46226],[9.46632,45.44997],[9.48391,45.44869],[9.48115,45.44328],[9.48867,45.43914],[9.48021,45.41986],[9.46759,45.41332],[9.46962,45.40934],[9.45706,45.39379],[9.45441,45.38671],[9.46194,45.37708],[9.48255,45.3742],[9.49525,45.36391],[9.50777,45.3668],[9.51149,45.35907],[9.50911,45.34869],[9.55139,45.33914],[9.56334,45.34233],[9.56708,45.36611],[9.57213,45.36558],[9.59051,45.35444],[9.59884,45.32734],[9.60549,45.32289]]]},"properties":{"name":"Lodi","kind":"admin","source":"istat-province"}},{"type":"Feature","geometry":{"type":"Polygon","coordinates":[[[9.40312,45.57324],[9.39303,45.56766],[9.39516,45.56224],[9.36139,45.55424],[9.32637,45.56163],[9.32128,45.54742],[9.32553,45.53999],[9.30507,45.53665],[9.27438,45.54615],[9.26864,45.5513],[9.27167,45.55648],[9.25034,45.55326],[9.25574,45.55711],[9.24621,45.56371],[9.23508,45.56273],[9.22705,45.56593],[9.22698,45.5712],[9.22014,45.5694],[9.22315,45.57642],[9.19358,45.57648],[9.17666,45.58541],[9.17692,45.59177],[9.14677,45.58778],[9.14487,45.58371],[9.09336,45.58885],[9.10087,45.59689],[9.09436,45.60647],[9.10537,45.60727],[9.10939,45.62088],[9.05292,45.62319],[9.05151,45.63333],[9.06171,45.63685],[9.06255,45.64112],[9.05477,45.64511],[9.05289,45.65745],[9.06241,45.6606],[9.06705,45.68512],[9.08829,45.6855],[9.1032,45.69689],[9.12364,45.68981],[9.13986,45.69481],[9.17965,45.66349],[9.19443,45.66769],[9.19178,45.67844],[9.19838,45.68981],[9.19531,45.69834],[9.20416,45.70924],[9.2315,45.71751],[9.24335,45.73056],[9.246,45.74273],[9.27424,45.74224],[9.29956,45.71001],[9.2948,45.6897],[9.31219,45.66968],[9.31406,45.6607],[9.34363,45.672],[9.3681,45.66387],[9.37229,45.65509],[9.39363,45.66949],[9.41444,45.6765],[9.42264,45.65652],[9.44684,45.6497],[9.47658,45.66927],[9.48719,45.66459],[9.48529,45.65305],[9.49501,45.64864],[9.49585,45.63966],[9.49029,45.63465],[9.49388,45.62982],[9.48121,45.61963],[9.48468,45.61459],[9.4823,45.60584],[9.47581,45.6048],[9.48165,45.59681],[9.44461,45.59194],[9.44255,45.58558],[9.40312,45.57324]]]},"properties":{"name":"Monza e della Brianza","kind":"admin","source":"istat-province"}},{"type":"Feature","geometry":{"type":"Polygon","coordinates":[[[11.4769,46.36393],[11.47956,46.35613],[11.46207,46.34995],[11.45447,46.33473],[11.40425,46.32497],[11.39578,46.30997],[11.38534,46.30266],[11.35953,46.2996],[11.35893,46.29612],[11.38128,46.29116],[11.39762,46.26483],[11.38782,46.26136],[11.35878,46.26567],[11.3562,46.27641],[11.34193,46.28185],[11.33632,46.28963],[11.33807,46.29871],[11.31088,46.28128],[11.31585,46.27327],[11.30562,46.25877],[11.29081,46.26155],[11.23947,46.22838],[11.20643,46.21977],[11.18365,46.2258],[11.17464,46.23267],[11.18251,46.24987],[11.20238,46.2556],[11.16714,46.26215],[11.14997,46.2798],[11.13881,46.28333],[11.14367,46.28839],[11.16288,46.29117],[11.20355,46.34184],[11.19156,46.35979],[11.19371,46.365],[11.20564,46.36717],[11.20173,46.37454],[11.21523,46.40681],[11.20721,46.41664],[11.21176,46.42092],[11.20503,46.42682],[11.21649,46.43766],[11.21237,46.45536],[11.2204,46.46024],[11.2083,46.49584],[11.18708,46.50873],[11.16015,46.48873],[11.12968,46.48163],[11.11133,46.49751],[11.08945,46.50185],[11.08243,46.53137],[11.05376,46.51641],[11.0346,46.51378],[11.04901,46.50704],[11.06196,46.48624],[11.07469,46.45482],[11.07282,46.44149],[11.05398,46.44972],[11.04208,46.44666],[11.0292,46.46203],[11.00586,46.4768],[10.97575,46.48403],[10.96378,46.48207],[10.95656,46.47044],[10.93718,46.46708],[10.93221,46.45356],[10.91304,46.444],[10.89222,46.44465],[10.88363,46.45116],[10.86132,46.43613],[10.80038,46.44297],[10.76498,46.48596],[10.74473,46.48485],[10.71664,46.46162],[10.69594,46.45831],[10.68464,46.45147],[10.62184,46.44796],[10.60049,46.46866],[10.57708,46.47337],[10.55196,46.49146],[10.49329,46.49811],[10.48453,46.4936],[10.45794,46.51059],[10.45318,46.53205],[10.46161,46.5411],[10.47257,46.54356],[10.47746,46.55772],[10.47498,46.5666],[10.48558,46.58554],[10.48431,46.60471],[10.49229,46.61512],[10.44595,46.6411],[10.40961,46.63499],[10.39998,46.63846],[10.39225,46.67127],[10.38611,46.68018],[10.38742,46.68728],[10.40323,46.70534],[10.41505,46.70835],[10.41827,46.71781],[10.40051,46.73296],[10.442,46.75267],[10.44191,46.77122],[10.42467,46.78879],[10.42986,46.79662],[10.44862,46.80181],[10.45796,46.81615],[10.45763,46.82885],[10.46958,46.85484],[10.47894,46.85888],[10.49894,46.84751],[10.55263,46.84978],[10.55631,46.84687],[10.55072,46.83917],[10.57051,46.84245],[10.59643,46.8573],[10.64389,46.86543],[10.66793,46.87589],[10.67145,46.8707],[10.69694,46.86268],[10.69378,46.85236],[10.72332,46.83739],[10.75463,46.83259],[10.76336,46.82327],[10.74581,46.80438],[10.72606,46.79774],[10.73049,46.78791],[10.7569,46.78525],[10.78878,46.7947],[10.81412,46.77541],[10.82706,46.77428],[10.83207,46.78047],[10.8407,46.78169],[10.85196,46.77439],[10.86716,46.77237],[10.86896,46.76574],[10.8832,46.76311],[10.9232,46.77492],[10.95259,46.77477],[10.99343,46.76709],[11.01363,46.77207],[11.02214,46.76517],[11.0398,46.80508],[11.08345,46.82222],[11.07142,46.85286],[11.10155,46.88986],[11.0959,46.91223],[11.10897,46.91623],[11.10988,46.92684],[11.11501,46.93101],[11.13955,46.92763],[11.16519,46.94071],[11.16834,46.94466],[11.16273,46.95016],[11.16453,46.96557],[11.17613,46.96253],[11.19518,46.97011],[11.20687,46.9626],[11.22013,46.96903],[11.24139,46.96962],[11.26277,46.98034],[11.31027,46.98568],[11.31931,46.99243],[11.33522,46.98659],[11.35829,46.99036],[11.38077,46.97304],[11.40091,46.96524],[11.44209,46.9765],[11.4529,46.99211],[11.46985,46.99518],[11.47038,47.00283],[11.47932,47.01091],[11.5126,47.00467],[11.53808,46.98411],[11.57709,46.99557],[11.58885,47.00465],[11.62721,47.01258],[11.63581,47.0027],[11.6641,46.99263],[11.71123,46.99302],[11.72796,46.97233],[11.74717,46.9689],[11.76678,46.97758],[11.78178,46.99206],[11.83621,46.9929],[11.91577,47.03274],[11.9684,47.04061],[11.97828,47.04975],[12.02006,47.04676],[12.04304,47.06126],[12.07005,47.05993],[12.09367,47.07665],[12.12155,47.0746],[12.13652,47.08052],[12.16101,47.08159],[12.18576,47.09167],[12.22559,47.08271],[12.24019,47.06794],[12.21674,47.0585],[12.21632,47.04509],[12.20479,47.02789],[12.16992,47.02198],[12.14693,47.02424],[12.12099,47.00665],[12.1367,46.983],[12.13151,46.96295],[12.15821,46.95066],[12.16821,46.93789],[12.16741,46.93284],[12.14413,46.91401],[12.16137,46.90701],[12.19016,46.90623],[12.19932,46.8963],[12.20009,46.88839],[12.21623,46.87387],[12.22195,46.8799],[12.232,46.8805],[12.24219,46.89108],[12.27402,46.8844],[12.2781,46.87862],[12.27556,46.87286],[12.29199,46.86511],[12.28922,46.85684],[12.29611,46.84347],[12.30692,46.84094],[12.30618,46.83394],[12.28243,46.81499],[12.29256,46.8025],[12.28055,46.79138],[12.28384,46.7829],[12.30959,46.78477],[12.35741,46.77466],[12.36912,46.74041],[12.38369,46.71656],[12.4429,46.68813],[12.47454,46.68662],[12.47759,46.67982],[12.43424,46.66828],[12.40575,46.6432],[12.37977,46.64291],[12.3784,46.63669],[12.38993,46.62739],[12.38516,46.62278],[12.3601,46.61948],[12.3397,46.63138],[12.31602,46.62994],[12.31379,46.62333],[12.3055,46.61917],[12.28384,46.61793],[12.27007,46.62103],[12.26122,46.62912],[12.24465,46.6241],[12.24184,46.61632],[12.21242,46.60896],[12.19224,46.59456],[12.19426,46.61933],[12.1822,46.62102],[12.17133,46.6341],[12.14513,46.63407],[12.10746,46.65818],[12.06827,46.67507],[12.06655,46.65273],[12.07422,46.64262],[12.06923,46.64007],[12.06406,46.62169],[12.05302,46.61801],[12.04545,46.60795],[12.04962,46.59948],[12.04669,46.58472],[12.03418,46.57679],[11.99842,46.53286],[11.98756,46.5453],[11.96615,46.54468],[11.94953,46.53923],[11.94549,46.52942],[11.91188,46.53296],[11.82831,46.50891],[11.82549,46.52179],[11.81118,46.53276],[11.79362,46.52131],[11.79043,46.51401],[11.77464,46.50919],[11.74359,46.50495],[11.71583,46.51385],[11.69509,46.50366],[11.66686,46.49752],[11.63667,46.50058],[11.63394,46.49654],[11.65026,46.48307],[11.64458,46.47282],[11.64273,46.47594],[11.62476,46.47109],[11.6283,46.46377],[11.61777,46.4441],[11.61936,46.42522],[11.60265,46.40049],[11.60172,46.38979],[11.59258,46.38364],[11.56367,46.38085],[11.55725,46.35095],[11.54557,46.34558],[11.52599,46.35594],[11.4769,46.36393]]]},"properties":{"name":"Bolzano/Bozen","kind":"admin","source":"istat-province"}},{"type":"Feature","geometry":{"type":"Polygon","coordinates":[[[11.1459,45.71695],[11.13866,45.70932],[11.13851,45.69685],[11.12256,45.68909],[11.1214,45.69554],[11.0924,45.69515],[11.07384,45.70306],[11.05641,45.71847],[11.04138,45.70632],[11.01647,45.70573],[11.01738,45.71892],[11.01147,45.71895],[11.00756,45.71042],[10.99898,45.70761],[10.99763,45.69703],[10.98634,45.68881],[10.96832,45.68012],[10.97492,45.69586],[10.9722,45.70182],[10.962,45.68568],[10.95133,45.6845],[10.9445,45.67407],[10.93746,45.67342],[10.912,45.68831],[10.91878,45.70055],[10.88958,45.71507],[10.84383,45.71859],[10.84993,45.73578],[10.86263,45.74366],[10.86694,45.76424],[10.88498,45.77465],[10.8728,45.78856],[10.87669,45.80323],[10.88759,45.81165],[10.8834,45.81697],[10.82539,45.83774],[10.79168,45.8331],[10.77263,45.84291],[10.76306,45.83996],[10.75635,45.83003],[10.74522,45.84044],[10.73555,45.84272],[10.71101,45.83606],[10.69951,45.84166],[10.67572,45.83046],[10.65464,45.83263],[10.65104,45.81249],[10.64141,45.80189],[10.63515,45.80667],[10.60098,45.803],[10.58218,45.7942],[10.58045,45.78889],[10.56347,45.78411],[10.53275,45.78806],[10.53088,45.79586],[10.53511,45.8017],[10.52601,45.8057],[10.54363,45.81765],[10.52888,45.82655],[10.50857,45.82359],[10.50283,45.82973],[10.50591,45.84328],[10.50231,45.87126],[10.49004,45.88461],[10.49508,45.89982],[10.50769,45.90534],[10.50857,45.92357],[10.49124,45.93323],[10.49144,45.94195],[10.48471,45.94511],[10.48849,45.96935],[10.46752,45.97164],[10.45213,45.97969],[10.45757,46.00951],[10.47082,46.02108],[10.48471,46.02462],[10.48351,46.04377],[10.47734,46.05132],[10.49092,46.06681],[10.51718,46.08008],[10.5414,46.10302],[10.5495,46.11739],[10.54927,46.14643],[10.56539,46.16684],[10.5414,46.18862],[10.54972,46.20553],[10.57041,46.22321],[10.56822,46.23372],[10.58573,46.24534],[10.57567,46.27568],[10.55972,46.28305],[10.57957,46.29883],[10.56451,46.31362],[10.56562,46.32634],[10.51571,46.34322],[10.51947,46.35574],[10.54102,46.35523],[10.54664,46.36643],[10.56704,46.37793],[10.60738,46.3793],[10.63046,46.40255],[10.61624,46.42878],[10.61972,46.43503],[10.61662,46.44364],[10.62179,46.44794],[10.68464,46.45147],[10.69594,46.45831],[10.71664,46.46162],[10.74523,46.48501],[10.76498,46.48596],[10.80063,46.44291],[10.86132,46.43613],[10.88363,46.45116],[10.89222,46.44465],[10.91247,46.44384],[10.93221,46.45356],[10.93718,46.46708],[10.95656,46.47044],[10.96378,46.48207],[10.97575,46.48403],[11.00586,46.4768],[11.0292,46.46203],[11.04208,46.44666],[11.05398,46.44972],[11.07282,46.44149],[11.07469,46.45482],[11.06196,46.48624],[11.04901,46.50704],[11.0346,46.51378],[11.05376,46.51641],[11.08243,46.53137],[11.08945,46.50185],[11.11133,46.49751],[11.12968,46.48163],[11.16015,46.48873],[11.18708,46.50873],[11.21026,46.49379],[11.2204,46.46024],[11.21237,46.45536],[11.21649,46.43766],[11.20503,46.4267],[11.21176,46.42092],[11.20721,46.41664],[11.21508,46.40444],[11.20173,46.37454],[11.20564,46.36717],[11.19371,46.365],[11.19156,46.35965],[11.20355,46.34184],[11.16288,46.29117],[11.14367,46.28839],[11.13881,46.28333],[11.14997,46.2798],[11.16714,46.26215],[11.20238,46.2556],[11.18359,46.25129],[11.17464,46.23267],[11.20643,46.21977],[11.24895,46.23282],[11.29081,46.26155],[11.30562,46.25877],[11.31585,46.27327],[11.31088,46.28128],[11.33378,46.29772],[11.34034,46.29788],[11.33632,46.28963],[11.34193,46.28185],[11.3562,46.27641],[11.35878,46.26567],[11.38782,46.26136],[11.39762,46.26483],[11.38128,46.29116],[11.35893,46.29612],[11.35953,46.2996],[11.38534,46.30266],[11.39578,46.30997],[11.40425,46.32497],[11.45447,46.33473],[11.46207,46.34995],[11.47956,46.35613],[11.4769,46.36393],[11.52599,46.35594],[11.54557,46.34558],[11.55725,46.35095],[11.56367,46.38085],[11.59258,46.38364],[11.60172,46.38979],[11.60265,46.40049],[11.61936,46.42522],[11.61777,46.4441],[11.6283,46.46377],[11.62476,46.47109],[11.64273,46.47594],[11.64458,46.47282],[11.65026,46.48307],[11.63281,46.49929],[11.66686,46.49752],[11.69509,46.50366],[11.71583,46.51385],[11.74359,46.50495],[11.76291,46.50755],[11.79043,46.51401],[11.80819,46.53188],[11.82122,46.52541],[11.82831,46.50891],[11.81545,46.50032],[11.81039,46.48487],[11.81316,46.47814],[11.87716,46.47178],[11.88683,46.46457],[11.88911,46.44274],[11.87088,46.43321],[11.8503,46.43419],[11.83822,46.41523],[11.84369,46.40992],[11.83204,46.38719],[11.83539,46.36622],[11.82017,46.37662],[11.81418,46.36775],[11.79217,46.36782],[11.77438,46.35824],[11.7795,46.35164],[11.80234,46.34287],[11.80281,46.33322],[11.83185,46.32515],[11.83137,46.31338],[11.84145,46.30634],[11.82626,46.28497],[11.83802,46.27035],[11.8629,46.27133],[11.88519,46.27882],[11.88836,46.27251],[11.88494,46.26073],[11.89199,46.25263],[11.9291,46.24883],[11.90957,46.22443],[11.92424,46.21717],[11.93936,46.19882],[11.9626,46.19966],[11.96227,46.18786],[11.94947,46.18163],[11.9509,46.17027],[11.92863,46.1758],[11.92833,46.16657],[11.91832,46.15527],[11.92177,46.14934],[11.90124,46.13663],[11.90474,46.133],[11.88757,46.1187],[11.81968,46.10796],[11.81367,46.10227],[11.7801,46.1027],[11.77322,46.10669],[11.75869,46.0956],[11.75077,46.10514],[11.71802,46.10333],[11.70346,46.09049],[11.68529,46.09357],[11.682,46.08693],[11.6865,46.066],[11.70389,46.05513],[11.70644,46.04599],[11.67883,46.04605],[11.66669,46.03779],[11.67304,46.02949],[11.68187,46.02842],[11.66665,46.0171],[11.69,45.98881],[11.68232,45.97589],[11.6858,45.96929],[11.67323,45.96435],[11.62761,45.96064],[11.63068,45.96938],[11.62092,45.97156],[11.58759,45.969],[11.57723,46.00652],[11.53891,46.0133],[11.51721,46.00918],[11.5107,46.012],[11.46805,45.99756],[11.44678,45.98089],[11.37374,45.9835],[11.3724,45.97317],[11.38331,45.95103],[11.38075,45.94267],[11.3583,45.94366],[11.35806,45.92529],[11.34503,45.92094],[11.34932,45.90953],[11.32417,45.91752],[11.31302,45.92982],[11.30182,45.92469],[11.30289,45.91802],[11.26994,45.91661],[11.25832,45.92068],[11.26044,45.90921],[11.24889,45.89918],[11.25508,45.88401],[11.24644,45.88644],[11.23485,45.87966],[11.24436,45.87695],[11.23932,45.85598],[11.22186,45.84896],[11.21907,45.83272],[11.20313,45.82709],[11.18882,45.81357],[11.19351,45.79385],[11.20279,45.78337],[11.19007,45.78162],[11.17355,45.78667],[11.1806,45.76568],[11.17506,45.74909],[11.17843,45.73807],[11.1459,45.71695]]]},"properties":{"name":"Trento","kind":"admin","source":"istat-province"}},{"type":"Feature","geometry":{"type":"Polygon","coordinates":[[[11.33151,45.38763],[11.35331,45.37153],[11.35432,45.35354],[11.3943,45.34786],[11.45029,45.32523],[11.45344,45.32264],[11.44771,45.31531],[11.4327,45.3154],[11.43266,45.30773],[11.49111,45.28266],[11.4875,45.26699],[11.48029,45.25852],[11.45066,45.26132],[11.42702,45.25333],[11.4028,45.2649],[11.39085,45.2544],[11.40546,45.24552],[11.39973,45.2257],[11.40473,45.18864],[11.40911,45.1749],[11.42168,45.16643],[11.41885,45.15717],[11.42876,45.15049],[11.41782,45.13014],[11.41095,45.13234],[11.41074,45.12219],[11.4419,45.09707],[11.43914,45.08566],[11.44581,45.08067],[11.44335,45.07329],[11.43688,45.06811],[11.42174,45.06758],[11.40172,45.0528],[11.36079,45.05732],[11.35512,45.07025],[11.3219,45.07999],[11.31571,45.09005],[11.24422,45.09246],[11.22459,45.08338],[11.20763,45.09523],[11.20343,45.11167],[11.18819,45.10969],[11.14644,45.12607],[11.13874,45.12386],[11.13482,45.10986],[11.1274,45.10323],[11.11436,45.10492],[11.10214,45.11314],[11.09489,45.10607],[11.09757,45.09525],[11.07294,45.09875],[11.03971,45.11313],[11.0287,45.12305],[11.02893,45.12787],[11.04385,45.13428],[11.04229,45.14395],[11.04946,45.15069],[11.03228,45.14985],[11.02837,45.15924],[11.01024,45.14866],[10.99452,45.15036],[10.99888,45.16527],[10.99343,45.18013],[10.99712,45.18694],[10.98411,45.19978],[10.94696,45.20574],[10.93498,45.2142],[10.93075,45.22622],[10.93679,45.23294],[10.90209,45.23748],[10.89966,45.24692],[10.88191,45.24687],[10.874,45.25243],[10.84661,45.25657],[10.84001,45.27289],[10.78282,45.31542],[10.73742,45.28724],[10.72835,45.2913],[10.7331,45.30545],[10.73048,45.31586],[10.70638,45.3163],[10.71497,45.33408],[10.70308,45.34136],[10.68676,45.34217],[10.68554,45.35368],[10.70365,45.35832],[10.71463,45.36793],[10.70639,45.37],[10.69774,45.38009],[10.71763,45.39669],[10.71579,45.41664],[10.66523,45.42772],[10.65463,45.41582],[10.64387,45.41782],[10.65155,45.4279],[10.64945,45.44079],[10.64028,45.4435],[10.62725,45.43827],[10.62365,45.44362],[10.64341,45.44438],[10.64774,45.44854],[10.64301,45.45731],[10.62847,45.60206],[10.63104,45.60951],[10.70561,45.67641],[10.80959,45.79836],[10.83247,45.81557],[10.84015,45.83276],[10.8834,45.81697],[10.88759,45.81165],[10.87669,45.80323],[10.8728,45.78856],[10.88498,45.77465],[10.86694,45.76424],[10.86263,45.74366],[10.84993,45.73578],[10.84383,45.71859],[10.88958,45.71507],[10.91878,45.70055],[10.912,45.68831],[10.93746,45.67342],[10.9445,45.67407],[10.95133,45.6845],[10.962,45.68568],[10.9722,45.70182],[10.97492,45.69586],[10.96832,45.68012],[10.98634,45.68881],[10.99763,45.69703],[10.99898,45.70761],[11.01702,45.71946],[11.01647,45.70573],[11.04138,45.70632],[11.05641,45.71847],[11.07239,45.70383],[11.0924,45.69515],[11.1214,45.69554],[11.12256,45.68909],[11.13851,45.69685],[11.14367,45.68274],[11.15479,45.68434],[11.14969,45.65411],[11.15896,45.63979],[11.18221,45.61834],[11.20335,45.62626],[11.21431,45.62519],[11.21828,45.60386],[11.23545,45.60054],[11.23815,45.59032],[11.24448,45.5871],[11.24359,45.56048],[11.25151,45.54223],[11.27952,45.5228],[11.27971,45.5102],[11.32023,45.49896],[11.3238,45.49399],[11.3283,45.48256],[11.32309,45.47301],[11.32902,45.46408],[11.32034,45.45561],[11.32979,45.44442],[11.3181,45.43285],[11.32206,45.43366],[11.32346,45.42643],[11.33178,45.43375],[11.33592,45.43016],[11.34591,45.39749],[11.33552,45.39856],[11.33151,45.38763]]]},"properties":{"name":"Verona","kind":"admin","source":"istat-province"}},{"type":"Feature","geometry":{"type":"Polygon","coordinates":[[[11.61227,45.3254],[11.61449,45.31729],[11.5883,45.31303],[11.58047,45.30119],[11.58031,45.28729],[11.58153,45.27299],[11.6177,45.25853],[11.5839,45.25622],[11.56514,45.26253],[11.52631,45.25867],[11.48702,45.26595],[11.49111,45.28266],[11.48826,45.28528],[11.47105,45.28823],[11.43266,45.30773],[11.4327,45.3154],[11.44771,45.31531],[11.45344,45.32264],[11.45029,45.32523],[11.3943,45.34786],[11.35432,45.35354],[11.35331,45.37153],[11.33084,45.38717],[11.33552,45.39856],[11.34591,45.39749],[11.33933,45.42389],[11.33321,45.43317],[11.32346,45.42643],[11.32206,45.43366],[11.3181,45.43285],[11.32979,45.44442],[11.32034,45.45561],[11.32902,45.46408],[11.32309,45.47301],[11.3283,45.48256],[11.3238,45.49399],[11.32023,45.49896],[11.27971,45.5102],[11.27952,45.5228],[11.25151,45.54223],[11.24359,45.56048],[11.24448,45.5871],[11.23815,45.59032],[11.23545,45.60054],[11.21828,45.60386],[11.21431,45.62519],[11.20335,45.62626],[11.18129,45.6187],[11.14969,45.65411],[11.15657,45.6796],[11.15479,45.68434],[11.14367,45.68274],[11.13941,45.68681],[11.13585,45.69958],[11.13866,45.70932],[11.17843,45.73807],[11.17506,45.74909],[11.1806,45.76568],[11.17355,45.78667],[11.19007,45.78162],[11.20279,45.78337],[11.19351,45.79385],[11.18882,45.81357],[11.20313,45.82709],[11.21907,45.83272],[11.22186,45.84896],[11.23932,45.85598],[11.24436,45.87695],[11.23485,45.87966],[11.24644,45.88644],[11.25508,45.88401],[11.24889,45.89918],[11.26044,45.90921],[11.25832,45.92068],[11.26994,45.91661],[11.30289,45.91802],[11.30182,45.92469],[11.31302,45.92982],[11.32417,45.91752],[11.34932,45.90953],[11.34503,45.92094],[11.35806,45.92529],[11.3583,45.94366],[11.38075,45.94267],[11.38331,45.95103],[11.3724,45.97317],[11.37374,45.9835],[11.44678,45.98089],[11.4912,46.00855],[11.55241,46.01177],[11.57723,46.00652],[11.58759,45.969],[11.62092,45.97156],[11.63068,45.96938],[11.62761,45.96064],[11.67323,45.96435],[11.6858,45.96929],[11.68428,45.98408],[11.68971,45.97794],[11.71606,45.97155],[11.7105,45.95902],[11.72792,45.9481],[11.72893,45.9342],[11.74342,45.93196],[11.74579,45.93553],[11.76931,45.92207],[11.78728,45.92429],[11.79203,45.91682],[11.77975,45.90818],[11.77424,45.88963],[11.79957,45.88056],[11.7992,45.87196],[11.76662,45.86931],[11.76215,45.85881],[11.74267,45.8549],[11.75936,45.83867],[11.75013,45.82229],[11.76462,45.80323],[11.7792,45.79188],[11.80324,45.79994],[11.82181,45.78074],[11.83397,45.74703],[11.83117,45.74051],[11.81407,45.74335],[11.82402,45.70663],[11.81555,45.69421],[11.82168,45.68717],[11.75839,45.67791],[11.70647,45.68031],[11.71011,45.66949],[11.69656,45.66324],[11.70186,45.66084],[11.6865,45.66072],[11.68785,45.64789],[11.67985,45.64075],[11.65618,45.64037],[11.64655,45.6342],[11.64905,45.6228],[11.64314,45.61134],[11.64466,45.59613],[11.67427,45.59187],[11.67452,45.58254],[11.66995,45.58246],[11.66532,45.57421],[11.6654,45.55824],[11.65306,45.55057],[11.65774,45.54017],[11.67554,45.53917],[11.68325,45.5524],[11.6948,45.55082],[11.70344,45.5429],[11.72168,45.54384],[11.72491,45.55447],[11.72078,45.55873],[11.73017,45.55994],[11.75896,45.52042],[11.73783,45.5172],[11.72791,45.52055],[11.73771,45.48922],[11.75036,45.48881],[11.74446,45.48197],[11.74545,45.4717],[11.70689,45.47597],[11.70964,45.46159],[11.69919,45.457],[11.68324,45.42942],[11.67622,45.42308],[11.65231,45.41659],[11.6532,45.4104],[11.61588,45.38832],[11.61147,45.37432],[11.62744,45.35636],[11.61818,45.3356],[11.61978,45.33026],[11.61227,45.3254]]]},"properties":{"name":"Vicenza","kind":"admin","source":"istat-province"}},{"type":"Feature","geometry":{"type":"Polygon","coordinates":[[[11.94587,45.90805],[11.95053,45.89579],[11.90028,45.88923],[11.87609,45.88123],[11.84642,45.88429],[11.84576,45.8963],[11.82531,45.90809],[11.79957,45.88056],[11.77454,45.88904],[11.77975,45.90818],[11.79204,45.916],[11.78787,45.92362],[11.76931,45.92207],[11.74579,45.93553],[11.74342,45.93196],[11.72893,45.9342],[11.72792,45.9481],[11.7105,45.95902],[11.71606,45.97155],[11.68971,45.97794],[11.68428,45.98408],[11.69,45.98881],[11.66665,46.0171],[11.68193,46.02794],[11.67304,46.02949],[11.6669,46.03806],[11.67883,46.04605],[11.70644,46.04599],[11.70389,46.05513],[11.6865,46.066],[11.682,46.08693],[11.68529,46.09357],[11.70346,46.09049],[11.71802,46.10333],[11.75077,46.10514],[11.75869,46.0956],[11.77322,46.10669],[11.7801,46.1027],[11.81367,46.10227],[11.81968,46.10796],[11.88757,46.1187],[11.90474,46.133],[11.90124,46.13663],[11.92177,46.14934],[11.91832,46.15527],[11.92833,46.16657],[11.92863,46.1758],[11.9509,46.17027],[11.94947,46.18163],[11.96233,46.18801],[11.9625,46.19976],[11.93936,46.19882],[11.92424,46.21717],[11.90957,46.22443],[11.9291,46.24883],[11.89199,46.25263],[11.88494,46.26073],[11.88836,46.27251],[11.88519,46.27882],[11.8629,46.27133],[11.83802,46.27035],[11.82626,46.28497],[11.84145,46.30634],[11.83137,46.31338],[11.83185,46.32515],[11.80281,46.33322],[11.80234,46.34287],[11.7795,46.35164],[11.77438,46.35824],[11.79217,46.36782],[11.81418,46.36775],[11.82017,46.37662],[11.83539,46.36622],[11.83204,46.38719],[11.84369,46.40992],[11.83822,46.41523],[11.8503,46.43419],[11.87088,46.43321],[11.88911,46.44274],[11.88683,46.46457],[11.87716,46.47178],[11.81341,46.47794],[11.81039,46.48487],[11.81545,46.50032],[11.84802,46.51673],[11.88497,46.52273],[11.91188,46.53296],[11.94549,46.52942],[11.94953,46.53923],[11.96615,46.54468],[11.98756,46.5453],[11.99842,46.53286],[12.03418,46.57679],[12.04669,46.58472],[12.04962,46.59948],[12.04545,46.60795],[12.05302,46.61801],[12.06406,46.62169],[12.06923,46.64007],[12.07422,46.64262],[12.06655,46.65273],[12.06827,46.67507],[12.10746,46.65818],[12.14513,46.63407],[12.17133,46.6341],[12.1822,46.62102],[12.19426,46.61933],[12.19224,46.59456],[12.21242,46.60896],[12.24184,46.61632],[12.24465,46.6241],[12.26122,46.62912],[12.27007,46.62103],[12.28384,46.61793],[12.3055,46.61917],[12.31379,46.62333],[12.31602,46.62994],[12.3397,46.63138],[12.3601,46.61948],[12.38516,46.62278],[12.38993,46.62739],[12.3784,46.63669],[12.37977,46.64291],[12.40575,46.6432],[12.43424,46.66828],[12.47759,46.67982],[12.521,46.67649],[12.56703,46.6508],[12.57813,46.65614],[12.60271,46.65559],[12.6244,46.6609],[12.64246,46.65193],[12.66441,46.65698],[12.69011,46.65597],[12.71456,46.64831],[12.73198,46.63381],[12.70624,46.62078],[12.70858,46.60202],[12.68753,46.59986],[12.65679,46.57255],[12.64394,46.57605],[12.63704,46.57264],[12.6202,46.54377],[12.62153,46.52649],[12.63158,46.5089],[12.63002,46.50071],[12.65406,46.48439],[12.66236,46.46797],[12.65477,46.46546],[12.64235,46.47233],[12.62075,46.47537],[12.60607,46.46413],[12.56995,46.47549],[12.54172,46.45891],[12.53084,46.46493],[12.52794,46.45309],[12.50458,46.44001],[12.49248,46.42426],[12.49869,46.4122],[12.46935,46.39008],[12.45505,46.39167],[12.46294,46.36926],[12.42867,46.3516],[12.41737,46.35485],[12.42121,46.34258],[12.41146,46.33083],[12.37812,46.33162],[12.35465,46.31968],[12.35083,46.29384],[12.32914,46.28212],[12.32275,46.27312],[12.32398,46.25493],[12.33833,46.23895],[12.34642,46.23925],[12.37642,46.22294],[12.40168,46.229],[12.40871,46.22234],[12.40027,46.21126],[12.40627,46.20727],[12.44645,46.20777],[12.44229,46.19869],[12.44726,46.17958],[12.465,46.16567],[12.49581,46.15255],[12.4972,46.12976],[12.48338,46.10343],[12.43749,46.08483],[12.4172,46.0605],[12.40995,46.05915],[12.40445,46.0425],[12.40033,46.04197],[12.40397,46.04523],[12.39951,46.06243],[12.38844,46.06499],[12.39149,46.07134],[12.36811,46.07614],[12.36188,46.0716],[12.34854,46.07919],[12.32075,46.08194],[12.30278,46.07635],[12.28026,46.0487],[12.2549,46.03647],[12.25408,46.0276],[12.24812,46.02859],[12.22617,46.01311],[12.19157,46.00458],[12.17858,46.01402],[12.16686,46.01357],[12.16789,46.0087],[12.15516,46.0008],[12.11104,46.00325],[12.10324,45.99765],[12.10152,45.98708],[12.06225,45.96275],[12.05284,45.96511],[12.04934,45.9612],[12.03106,45.97371],[12.02271,45.97025],[12.01893,45.96208],[11.99959,45.96767],[11.96157,45.95468],[11.95153,45.94756],[11.94587,45.90805]]]},"properties":{"name":"Belluno","kind":"admin","source":"istat-province"}},{"type":"Feature","geometry":{"type":"Polygon","coordinates":[[[11.80324,45.79994],[11.7792,45.79188],[11.76462,45.80323],[11.75013,45.82229],[11.75936,45.83867],[11.74267,45.8549],[11.76215,45.85881],[11.76662,45.86931],[11.7992,45.87196],[11.79957,45.88056],[11.82531,45.90809],[11.84576,45.8963],[11.84642,45.88429],[11.8692,45.88074],[11.95053,45.89579],[11.94391,45.91234],[11.95153,45.94756],[11.96157,45.95468],[11.99959,45.96767],[12.01893,45.96208],[12.02271,45.97025],[12.03106,45.97371],[12.04934,45.9612],[12.05284,45.96511],[12.06225,45.96275],[12.10152,45.98708],[12.10324,45.99765],[12.11104,46.00325],[12.15516,46.0008],[12.16789,46.0087],[12.16686,46.01357],[12.17858,46.01402],[12.19157,46.00458],[12.22617,46.01311],[12.24812,46.02859],[12.25408,46.0276],[12.2549,46.03647],[12.28026,46.0487],[12.30278,46.07635],[12.33079,46.0822],[12.36188,46.0716],[12.36811,46.07614],[12.39149,46.07134],[12.38844,46.06499],[12.39951,46.06243],[12.40397,46.04523],[12.39899,46.04142],[12.41528,46.02686],[12.42818,45.99576],[12.42229,45.95616],[12.42584,45.94735],[12.45425,45.94711],[12.4631,45.93452],[12.4747,45.92847],[12.506,45.92271],[12.50864,45.91042],[12.52319,45.90309],[12.50703,45.89783],[12.53226,45.88193],[12.53709,45.86865],[12.52986,45.86361],[12.54961,45.8607],[12.55898,45.84706],[12.54992,45.8395],[12.55408,45.82942],[12.56149,45.82587],[12.5653,45.83181],[12.59329,45.81508],[12.59209,45.81987],[12.59739,45.82214],[12.59444,45.83077],[12.60568,45.83825],[12.61592,45.82947],[12.63142,45.83],[12.63773,45.81833],[12.654,45.80951],[12.65028,45.80367],[12.66169,45.79371],[12.6562,45.79106],[12.65583,45.77949],[12.66221,45.77304],[12.66409,45.76157],[12.66213,45.75563],[12.64658,45.74742],[12.65769,45.74095],[12.66346,45.74907],[12.6695,45.74598],[12.66444,45.73903],[12.67429,45.73366],[12.67081,45.71683],[12.67624,45.71356],[12.68071,45.71811],[12.68503,45.71298],[12.67719,45.70523],[12.65889,45.7099],[12.63626,45.69871],[12.61717,45.69584],[12.60246,45.68006],[12.59252,45.68994],[12.57517,45.69716],[12.53366,45.67901],[12.51787,45.68833],[12.50395,45.68757],[12.50513,45.68379],[12.49456,45.67395],[12.50489,45.66541],[12.4871,45.66151],[12.48565,45.63964],[12.47797,45.64504],[12.46526,45.63916],[12.43773,45.63968],[12.4353,45.62612],[12.42831,45.62745],[12.42425,45.62315],[12.44266,45.60462],[12.43972,45.59338],[12.44315,45.57997],[12.45311,45.57184],[12.44045,45.55962],[12.39108,45.5689],[12.37393,45.58164],[12.35236,45.58787],[12.33532,45.56183],[12.30741,45.57328],[12.27935,45.56758],[12.27453,45.55696],[12.28121,45.55373],[12.27604,45.54431],[12.27974,45.53575],[12.24623,45.53049],[12.23765,45.53771],[12.20566,45.54124],[12.20386,45.54851],[12.21232,45.5645],[12.20996,45.57131],[12.19419,45.57359],[12.19175,45.58346],[12.18568,45.58511],[12.17636,45.57669],[12.16139,45.57428],[12.1616,45.57932],[12.14494,45.59521],[12.12465,45.59771],[12.12428,45.60709],[12.11304,45.61302],[12.09314,45.59825],[12.08733,45.5997],[12.08829,45.61592],[12.08305,45.6184],[12.08682,45.62346],[12.07754,45.62647],[12.07416,45.64166],[12.06794,45.63728],[12.05029,45.64538],[12.01593,45.64605],[12.00628,45.64077],[12.00431,45.62669],[11.98087,45.62289],[11.96516,45.60794],[11.90109,45.62798],[11.89811,45.61309],[11.88948,45.62613],[11.8927,45.63457],[11.8809,45.66578],[11.86814,45.66658],[11.84193,45.68334],[11.84096,45.6771],[11.81595,45.6927],[11.82402,45.70663],[11.81407,45.74335],[11.83117,45.74051],[11.83397,45.74703],[11.81842,45.78721],[11.80324,45.79994]]]},"properties":{"name":"Treviso","kind":"admin","source":"istat-province"}},{"type":"Feature","geometry":{"type":"Polygon","coordinates":[[[12.65668,45.79134],[12.67893,45.7947],[12.72999,45.83728],[12.74286,45.82662],[12.7688,45.84524],[12.76608,45.84755],[12.7695,45.85048],[12.77982,45.85444],[12.8043,45.84462],[12.7986,45.83239],[12.80158,45.82316],[12.80858,45.82018],[12.81882,45.82432],[12.8189,45.83373],[12.83724,45.84127],[12.83687,45.84746],[12.86118,45.85079],[12.87498,45.85034],[12.87723,45.8432],[12.86967,45.83376],[12.89006,45.82047],[12.91502,45.82462],[12.92051,45.83134],[12.9295,45.81735],[12.95207,45.82221],[12.95137,45.843],[12.96143,45.84687],[12.96718,45.83601],[12.97905,45.83404],[12.97088,45.82867],[12.97419,45.82336],[12.98207,45.8273],[12.97816,45.8241],[12.98132,45.81867],[12.99324,45.81501],[12.98838,45.80874],[12.97874,45.81457],[12.9739,45.80664],[12.98236,45.79558],[12.99062,45.80084],[12.99127,45.79695],[12.98125,45.79295],[12.98123,45.78689],[12.99978,45.76759],[13.01204,45.76251],[13.00119,45.74929],[13.01565,45.74134],[13.00831,45.72489],[13.01503,45.72445],[13.01643,45.73061],[13.02921,45.73617],[13.04065,45.70603],[13.03684,45.69938],[13.04497,45.69383],[13.05325,45.69452],[13.04437,45.68431],[13.05425,45.67765],[13.06349,45.67839],[13.06691,45.67086],[13.06337,45.65677],[13.08372,45.65772],[13.10173,45.64269],[13.09768,45.63594],[12.97812,45.62648],[12.91784,45.61263],[12.90836,45.61444],[12.88438,45.59688],[12.73652,45.53173],[12.63203,45.49918],[12.5844,45.47874],[12.48027,45.44939],[12.4499,45.43701],[12.4269,45.41797],[12.41148,45.42754],[12.39582,45.42768],[12.36014,45.39609],[12.33342,45.35848],[12.32895,45.33753],[12.34276,45.33377],[12.32518,45.33131],[12.30386,45.2802],[12.29723,45.23645],[12.31424,45.23317],[12.3123,45.22871],[12.30202,45.22931],[12.30003,45.21158],[12.31196,45.18527],[12.33242,45.16277],[12.31255,45.14466],[12.28272,45.14339],[12.28427,45.12579],[12.26004,45.11311],[12.23798,45.10639],[12.20332,45.10538],[12.188,45.08906],[12.16781,45.09396],[12.1554,45.07216],[12.14782,45.06858],[12.14814,45.05759],[12.1141,45.06202],[12.04767,45.10537],[12.05008,45.11502],[12.02553,45.1196],[12.03553,45.12928],[12.02912,45.13778],[11.99486,45.13973],[11.96875,45.13399],[11.96195,45.14932],[11.98343,45.15557],[11.98296,45.16275],[11.97662,45.16262],[11.97292,45.18148],[11.97781,45.18715],[12.12303,45.21037],[12.15088,45.1947],[12.18385,45.19514],[12.1587,45.20704],[12.1539,45.21696],[12.15812,45.22588],[12.19348,45.23403],[12.19174,45.24284],[12.20619,45.27312],[12.19079,45.28417],[12.18633,45.30233],[12.12752,45.30091],[12.11396,45.30502],[12.09922,45.31984],[12.10065,45.32501],[12.0878,45.33163],[12.07907,45.33207],[12.06823,45.32136],[12.06002,45.32288],[12.05211,45.31431],[12.02865,45.31746],[12.02069,45.32301],[12.01527,45.33244],[12.01834,45.33695],[12.0123,45.34239],[12.0347,45.35732],[12.02655,45.36733],[11.99269,45.38073],[11.99114,45.39422],[11.97517,45.39744],[11.98002,45.40845],[12.00282,45.40842],[11.99472,45.41511],[11.99549,45.42309],[12.01345,45.42416],[12.02592,45.44399],[12.02631,45.44847],[12.01977,45.4512],[12.00831,45.44704],[11.99259,45.45371],[11.98293,45.45244],[11.97609,45.46109],[11.98145,45.47494],[11.98997,45.47339],[12.0037,45.5102],[11.99499,45.51194],[12.00758,45.53195],[12.01946,45.52822],[12.02632,45.51999],[12.03304,45.53445],[12.03538,45.57132],[12.06143,45.57228],[12.06142,45.57736],[12.08287,45.58059],[12.09245,45.59833],[12.11304,45.61302],[12.12428,45.60709],[12.12465,45.59771],[12.14494,45.59521],[12.1616,45.57932],[12.16139,45.57428],[12.17636,45.57669],[12.18568,45.58511],[12.19175,45.58346],[12.19419,45.57359],[12.20996,45.57131],[12.21232,45.5645],[12.20386,45.54851],[12.20566,45.54124],[12.23765,45.53771],[12.24623,45.53049],[12.27974,45.53575],[12.27604,45.54431],[12.28121,45.55373],[12.27453,45.55696],[12.27935,45.56758],[12.30741,45.57328],[12.33532,45.56183],[12.35236,45.58787],[12.37393,45.58164],[12.39108,45.5689],[12.43955,45.55926],[12.45311,45.57184],[12.44315,45.57997],[12.43972,45.59338],[12.44266,45.60462],[12.42425,45.62315],[12.42831,45.62745],[12.4353,45.62612],[12.43773,45.63968],[12.46526,45.63916],[12.47797,45.64504],[12.48565,45.63964],[12.4871,45.66151],[12.50489,45.66541],[12.49456,45.67395],[12.50513,45.68379],[12.50395,45.68757],[12.51787,45.68833],[12.53366,45.67901],[12.57517,45.69716],[12.59252,45.68994],[12.60246,45.68006],[12.61717,45.69584],[12.63626,45.69871],[12.65889,45.7099],[12.67719,45.70523],[12.68503,45.71298],[12.68071,45.71811],[12.67624,45.71356],[12.67081,45.71683],[12.67429,45.73366],[12.66444,45.73903],[12.6695,45.74598],[12.66346,45.74907],[12.65769,45.74095],[12.64658,45.74742],[12.66213,45.75563],[12.66409,45.76157],[12.66221,45.77304],[12.65602,45.77813],[12.65668,45.79134]]]},"properties":{"name":"Venezia","kind":"admin","source":"istat-province"}},{"type":"Feature","geometry":{"type":"Polygon","coordinates":[[[11.98296,45.16275],[11.98343,45.15557],[11.96195,45.14932],[11.96875,45.13399],[11.94847,45.13536],[11.92654,45.1433],[11.89718,45.13329],[11.86381,45.13312],[11.83228,45.12202],[11.81306,45.12314],[11.77569,45.09917],[11.76125,45.09563],[11.70883,45.10209],[11.69445,45.09864],[11.64777,45.10885],[11.61342,45.1087],[11.59999,45.11757],[11.57255,45.12415],[11.52021,45.11967],[11.51323,45.11021],[11.49298,45.10307],[11.41691,45.12933],[11.42876,45.15049],[11.41885,45.15717],[11.42168,45.16643],[11.40911,45.1749],[11.40473,45.18864],[11.39973,45.2257],[11.40652,45.2391],[11.40506,45.24661],[11.3907,45.25362],[11.4028,45.2649],[11.42702,45.25333],[11.45066,45.26132],[11.48029,45.25852],[11.48702,45.26595],[11.52835,45.25847],[11.56514,45.26253],[11.5839,45.25622],[11.6177,45.25853],[11.58153,45.27299],[11.58031,45.28729],[11.58047,45.30119],[11.5883,45.31303],[11.61449,45.31729],[11.61227,45.3254],[11.61978,45.33026],[11.61818,45.3356],[11.62744,45.35636],[11.61147,45.37432],[11.6157,45.38802],[11.6532,45.4104],[11.65231,45.41659],[11.67622,45.42308],[11.68324,45.42942],[11.69919,45.457],[11.70964,45.46159],[11.70689,45.47597],[11.74545,45.4717],[11.74446,45.48197],[11.75036,45.48881],[11.73771,45.48922],[11.72791,45.52055],[11.73783,45.5172],[11.75896,45.52042],[11.73017,45.55994],[11.72078,45.55873],[11.72491,45.55447],[11.72168,45.54384],[11.70344,45.5429],[11.6948,45.55082],[11.68325,45.5524],[11.67554,45.53917],[11.65774,45.54017],[11.65306,45.55057],[11.6654,45.55824],[11.66532,45.57421],[11.66995,45.58246],[11.67452,45.58254],[11.67427,45.59187],[11.64466,45.59613],[11.64314,45.61134],[11.64905,45.6228],[11.64655,45.6342],[11.65618,45.64037],[11.67985,45.64075],[11.68785,45.64789],[11.6865,45.66072],[11.70186,45.66084],[11.69656,45.66324],[11.71011,45.66949],[11.70647,45.68031],[11.75839,45.67791],[11.82168,45.68717],[11.84096,45.6771],[11.84193,45.68334],[11.86814,45.66658],[11.8809,45.66578],[11.8927,45.63457],[11.88948,45.62613],[11.89811,45.61309],[11.90109,45.62798],[11.96516,45.60794],[11.98087,45.62289],[12.00431,45.62669],[12.00628,45.64077],[12.01593,45.64605],[12.05029,45.64538],[12.06794,45.63728],[12.07416,45.64166],[12.07754,45.62647],[12.08682,45.62346],[12.08305,45.6184],[12.08817,45.61641],[12.08733,45.5997],[12.09217,45.59439],[12.08287,45.58059],[12.06142,45.57736],[12.06143,45.57228],[12.03538,45.57132],[12.03304,45.53445],[12.02602,45.51943],[12.01946,45.52822],[12.00832,45.5321],[12.00186,45.51731],[11.9973,45.51815],[11.99499,45.51194],[12.0037,45.5102],[11.9971,45.49169],[11.98997,45.47339],[11.98145,45.47494],[11.97609,45.46109],[11.98293,45.45244],[11.99259,45.45371],[12.00831,45.44704],[12.01785,45.45157],[12.02697,45.44712],[12.01345,45.42416],[11.99549,45.42309],[11.99472,45.41511],[12.00282,45.40842],[11.98002,45.40845],[11.97517,45.39744],[11.99114,45.39422],[11.99269,45.38073],[12.02655,45.36733],[12.0347,45.35732],[12.0123,45.34239],[12.01834,45.33695],[12.01527,45.33244],[12.02069,45.32301],[12.02865,45.31746],[12.05211,45.31431],[12.06002,45.32288],[12.06823,45.32136],[12.07907,45.33207],[12.0878,45.33163],[12.10065,45.32501],[12.09922,45.31984],[12.11396,45.30502],[12.12752,45.30091],[12.18633,45.30233],[12.19079,45.28417],[12.20619,45.27312],[12.19174,45.24284],[12.19348,45.23403],[12.15812,45.22588],[12.1539,45.21696],[12.1587,45.20704],[12.18385,45.19514],[12.15088,45.1947],[12.12303,45.21037],[11.97781,45.18715],[11.97292,45.18148],[11.97662,45.16262],[11.98296,45.16275]]]},"properties":{"name":"Padova","kind":"admin","source":"istat-province"}},{"type":"Feature","geometry":{"type":"Polygon","coordinates":[[[12.02553,45.1196],[12.05008,45.11502],[12.04767,45.10537],[12.09636,45.07288],[12.12136,45.05884],[12.14156,45.05562],[12.14814,45.05759],[12.14782,45.06858],[12.1554,45.07216],[12.16781,45.09396],[12.188,45.08906],[12.20332,45.10538],[12.23798,45.10639],[12.26004,45.11311],[12.28427,45.12579],[12.28272,45.14339],[12.31255,45.14466],[12.33469,45.16378],[12.32641,45.13193],[12.33723,45.08952],[12.36519,45.07238],[12.39353,45.0455],[12.44415,45.01321],[12.48514,44.99295],[12.51457,44.98998],[12.54833,44.97424],[12.55406,44.96562],[12.50913,44.92644],[12.46501,44.84373],[12.42904,44.83093],[12.41498,44.81939],[12.42159,44.81229],[12.41519,44.80375],[12.39676,44.79068],[12.35328,44.81703],[12.34053,44.85007],[12.29411,44.86036],[12.286,44.87237],[12.28187,44.91002],[12.29474,44.92741],[12.27616,44.94329],[12.25618,44.94253],[12.22497,44.92298],[12.18767,44.92643],[12.17068,44.94205],[12.15988,44.93766],[12.15803,44.93055],[12.14242,44.9279],[12.12247,44.94311],[12.11313,44.96037],[12.10123,44.96183],[12.09156,44.97021],[12.06106,44.96958],[12.04749,44.97696],[12.01545,44.97656],[11.96268,44.98683],[11.92458,44.97468],[11.89563,44.97792],[11.83793,44.97278],[11.80647,44.97716],[11.78383,44.96419],[11.74563,44.95733],[11.73997,44.94978],[11.74485,44.93497],[11.73293,44.92661],[11.71553,44.92634],[11.67128,44.91476],[11.62327,44.88878],[11.60085,44.88899],[11.59208,44.89204],[11.58333,44.9142],[11.56006,44.92051],[11.53413,44.93625],[11.4696,44.93637],[11.42749,44.92956],[11.42393,44.93789],[11.42759,44.95653],[11.42191,44.96383],[11.33825,44.98942],[11.30874,45.01236],[11.27404,45.01826],[11.27128,45.02713],[11.26305,45.03294],[11.27046,45.04451],[11.2659,45.05622],[11.24044,45.04295],[11.21219,45.05748],[11.17528,45.06007],[11.17375,45.06727],[11.17465,45.07449],[11.18837,45.08408],[11.17682,45.08849],[11.17751,45.09734],[11.20548,45.10949],[11.20763,45.09523],[11.22389,45.08357],[11.24422,45.09246],[11.30567,45.09223],[11.31664,45.08938],[11.3219,45.07999],[11.35512,45.07025],[11.36079,45.05732],[11.40172,45.0528],[11.42174,45.06758],[11.43688,45.06811],[11.44581,45.08067],[11.43914,45.08566],[11.4419,45.09707],[11.42074,45.11789],[11.41099,45.12154],[11.41095,45.13234],[11.49298,45.10307],[11.51323,45.11021],[11.52021,45.11967],[11.57255,45.12415],[11.59999,45.11757],[11.61342,45.1087],[11.64777,45.10885],[11.69445,45.09864],[11.70883,45.10209],[11.75823,45.09538],[11.77569,45.09917],[11.81306,45.12314],[11.83228,45.12202],[11.86531,45.1334],[11.89718,45.13329],[11.91689,45.13717],[11.92447,45.14314],[11.96311,45.13348],[11.99486,45.13973],[12.02745,45.13831],[12.03553,45.12928],[12.02553,45.1196]]]},"properties":{"name":"Rovigo","kind":"admin","source":"istat-province"}},{"type":"Feature","geometry":{"type":"Polygon","coordinates":[[[13.41869,45.74239],[13.40367,45.73877],[13.40816,45.73252],[13.40649,45.72517],[13.38981,45.7237],[13.36579,45.73272],[13.37192,45.73743],[13.32715,45.73693],[13.30144,45.74875],[13.27395,45.74715],[13.27071,45.75305],[13.2576,45.75037],[13.24376,45.75697],[13.23758,45.75523],[13.2458,45.7195],[13.24229,45.71713],[13.18579,45.71115],[13.14882,45.69884],[13.15342,45.69651],[13.14813,45.68938],[13.10931,45.66288],[13.10079,45.64339],[13.08114,45.65882],[13.06394,45.65615],[13.06188,45.66292],[13.06677,45.67234],[13.06249,45.67917],[13.05425,45.67765],[13.0436,45.68549],[13.05325,45.69452],[13.04497,45.69383],[13.03684,45.69938],[13.04065,45.70603],[13.02921,45.73617],[13.01643,45.73061],[13.01503,45.72445],[13.00831,45.72489],[13.01565,45.74134],[13.00119,45.74929],[13.01204,45.76251],[12.99978,45.76759],[12.98123,45.78689],[12.98125,45.79295],[12.99133,45.79999],[12.98236,45.79558],[12.97423,45.80759],[12.97874,45.81457],[12.98838,45.80874],[12.99341,45.81419],[12.98132,45.81867],[12.97816,45.8241],[12.98207,45.8273],[12.97419,45.82336],[12.97106,45.82805],[12.98428,45.83397],[12.97461,45.87343],[12.93081,45.89494],[12.92148,45.90427],[12.91506,45.91528],[12.90386,45.96327],[12.91205,46.0008],[12.91688,46.07407],[12.9271,46.09359],[12.94071,46.14324],[12.9508,46.15894],[12.95691,46.18639],[12.96518,46.19491],[12.95712,46.20365],[12.93767,46.21191],[12.97313,46.23335],[12.97748,46.25542],[12.97387,46.26356],[12.99058,46.27324],[12.96555,46.28446],[12.95359,46.30043],[12.97505,46.31664],[12.97356,46.32825],[12.96297,46.33183],[12.9612,46.337],[12.93571,46.33396],[12.91513,46.34677],[12.90644,46.33477],[12.88206,46.33041],[12.87554,46.33284],[12.88001,46.34199],[12.85979,46.34587],[12.835,46.34369],[12.82175,46.35673],[12.80915,46.35983],[12.77775,46.35571],[12.77798,46.34585],[12.73406,46.33658],[12.70801,46.32528],[12.69302,46.34319],[12.67824,46.34762],[12.66093,46.34578],[12.64689,46.33677],[12.62621,46.34776],[12.60867,46.34375],[12.59495,46.34893],[12.60483,46.35575],[12.58586,46.36767],[12.57704,46.36466],[12.557,46.36906],[12.54256,46.35985],[12.52925,46.36821],[12.51953,46.39811],[12.50473,46.40423],[12.49451,46.41803],[12.49248,46.42426],[12.49926,46.43426],[12.52794,46.45309],[12.53084,46.46493],[12.54172,46.45891],[12.56995,46.47549],[12.60607,46.46413],[12.62075,46.47537],[12.64235,46.47233],[12.65477,46.46546],[12.66236,46.46797],[12.65406,46.48439],[12.63002,46.50071],[12.63158,46.5089],[12.61916,46.54004],[12.62873,46.5606],[12.64394,46.57605],[12.65679,46.57255],[12.68753,46.59986],[12.70858,46.60202],[12.70472,46.6184],[12.70881,46.62351],[12.76186,46.64781],[12.79502,46.64252],[12.80285,46.63375],[12.81904,46.62825],[12.8309,46.63061],[12.83732,46.62743],[12.83365,46.61065],[12.84704,46.6058],[12.9287,46.61034],[12.94894,46.60262],[12.95659,46.60632],[12.98769,46.59943],[13.02143,46.60213],[13.04592,46.59535],[13.08457,46.60171],[13.12514,46.5912],[13.16842,46.58883],[13.1788,46.57832],[13.19338,46.57264],[13.21801,46.57029],[13.23219,46.55927],[13.23253,46.55359],[13.26956,46.56128],[13.32018,46.55289],[13.34444,46.56986],[13.37081,46.56731],[13.36852,46.57382],[13.37275,46.57936],[13.40876,46.571],[13.40793,46.56162],[13.42543,46.55791],[13.47488,46.55749],[13.5041,46.56608],[13.51817,46.5473],[13.54404,46.55351],[13.561,46.55182],[13.5681,46.54687],[13.5699,46.53888],[13.59705,46.54576],[13.62717,46.54151],[13.67678,46.52325],[13.71385,46.52308],[13.71678,46.50735],[13.70254,46.49877],[13.70956,46.48108],[13.69547,46.46863],[13.69875,46.45649],[13.68877,46.43987],[13.6834,46.43753],[13.64838,46.44606],[13.59754,46.43925],[13.5787,46.42648],[13.57527,46.40886],[13.56544,46.39821],[13.55864,46.39862],[13.53858,46.38643],[13.51691,46.38301],[13.51734,46.37728],[13.48198,46.369],[13.47011,46.36114],[13.43899,46.36021],[13.43683,46.35437],[13.44737,46.33638],[13.43902,46.32228],[13.41814,46.31817],[13.41574,46.30967],[13.4028,46.3],[13.37555,46.29822],[13.39187,46.27929],[13.39858,46.25341],[13.40992,46.24001],[13.42248,46.23439],[13.40905,46.21491],[13.42345,46.20634],[13.4463,46.21284],[13.44488,46.22384],[13.45703,46.22642],[13.49552,46.22225],[13.503,46.21568],[13.52906,46.21875],[13.5294,46.21225],[13.54572,46.21212],[13.56196,46.20408],[13.56695,46.18567],[13.58871,46.19088],[13.61453,46.18441],[13.63258,46.19074],[13.6632,46.18012],[13.66417,46.1709],[13.65412,46.16194],[13.65206,46.14837],[13.64389,46.13708],[13.60127,46.11239],[13.59582,46.10421],[13.58351,46.10062],[13.57082,46.08916],[13.54412,46.08297],[13.52995,46.0677],[13.4965,46.05862],[13.49697,46.05136],[13.47832,46.03679],[13.471,46.0117],[13.46025,46.00545],[13.46494,45.98482],[13.45223,45.98298],[13.43695,45.97266],[13.44278,45.95793],[13.42022,45.94154],[13.4195,45.92791],[13.40216,45.91603],[13.38665,45.91297],[13.39666,45.90857],[13.39969,45.89559],[13.41016,45.89214],[13.41771,45.87459],[13.42589,45.86805],[13.4143,45.86625],[13.41171,45.85614],[13.41696,45.84858],[13.41491,45.84314],[13.42892,45.83909],[13.42634,45.81323],[13.44029,45.78569],[13.42438,45.76927],[13.41998,45.75688],[13.43172,45.75822],[13.44619,45.75383],[13.44962,45.74802],[13.46178,45.75225],[13.41869,45.74239]]]},"properties":{"name":"Udine","kind":"admin","source":"istat-province"}},{"type":"Feature","geometry":{"type":"MultiPolygon","coordinates":[[[[13.42078,45.9305],[13.42022,45.94154],[13.44278,45.95793],[13.43695,45.97266],[13.45223,45.98298],[13.46494,45.98482],[13.46025,46.00545],[13.471,46.0117],[13.47891,46.03757],[13.49697,46.05136],[13.51002,46.04625],[13.50755,46.03348],[13.49429,46.01455],[13.48029,46.0117],[13.47619,46.00625],[13.5009,45.98101],[13.52609,45.97302],[13.52781,45.96706],[13.56825,45.96808],[13.57795,45.98309],[13.59054,45.98977],[13.61519,45.98424],[13.6334,45.98948],[13.64289,45.983],[13.6332,45.95024],[13.63755,45.93539],[13.61883,45.91708],[13.60923,45.89925],[13.59378,45.89076],[13.59684,45.88716],[13.59033,45.88832],[13.59288,45.87481],[13.57273,45.84755],[13.59687,45.81876],[13.59629,45.80794],[13.58344,45.80105],[13.57876,45.79194],[13.58006,45.77508],[13.56191,45.77842],[13.54176,45.80039],[13.53285,45.80408],[13.54815,45.79024],[13.54223,45.79284],[13.53003,45.78811],[13.53816,45.78195],[13.5471,45.78578],[13.52571,45.77072],[13.52068,45.76182],[13.52584,45.7478],[13.51644,45.74427],[13.5265,45.73664],[13.55325,45.72947],[13.55319,45.72456],[13.53056,45.72335],[13.48563,45.70443],[13.47257,45.70422],[13.46108,45.71121],[13.46846,45.70358],[13.45415,45.68991],[13.42427,45.67724],[13.38941,45.67525],[13.36784,45.68295],[13.34323,45.68049],[13.29156,45.70407],[13.25412,45.71061],[13.24321,45.72245],[13.2376,45.7434],[13.23758,45.75523],[13.24376,45.75697],[13.2576,45.75037],[13.27071,45.75305],[13.27395,45.74715],[13.30144,45.74875],[13.32715,45.73693],[13.37192,45.73743],[13.36579,45.73272],[13.38981,45.7237],[13.40649,45.72517],[13.40816,45.73252],[13.40367,45.73877],[13.46111,45.74969],[13.44962,45.74802],[13.44503,45.75419],[13.41969,45.75754],[13.42438,45.76927],[13.44029,45.78569],[13.42634,45.81323],[13.42892,45.83909],[13.41491,45.84314],[13.41696,45.84858],[13.41171,45.85614],[13.4143,45.86625],[13.42589,45.86805],[13.41771,45.87459],[13.41016,45.89214],[13.39969,45.89559],[13.39666,45.90857],[13.38665,45.91297],[13.40823,45.91903],[13.42078,45.9305]]]]},"properties":{"name":"Gorizia","kind":"admin","source":"istat-province"}},{"type":"Feature","geometry":{"type":"MultiPolygon","coordinates":[[[[13.58344,45.80105],[13.59629,45.80794],[13.62727,45.79747],[13.6694,45.79964],[13.67588,45.79171],[13.72996,45.76664],[13.73467,45.76016],[13.79302,45.74439],[13.81127,45.72283],[13.83371,45.70724],[13.83574,45.6979],[13.83105,45.69269],[13.8355,45.68613],[13.85969,45.66446],[13.91807,45.63114],[13.86875,45.60926],[13.86562,45.59669],[13.85351,45.5922],[13.85132,45.58492],[13.84224,45.58313],[13.78699,45.58289],[13.74716,45.59807],[13.72294,45.59471],[13.71929,45.60552],[13.73174,45.60887],[13.76542,45.60628],[13.78622,45.59954],[13.80033,45.60871],[13.80891,45.60674],[13.80401,45.61128],[13.77405,45.61277],[13.78425,45.61378],[13.77166,45.62522],[13.77816,45.63117],[13.77571,45.63556],[13.76648,45.63552],[13.76598,45.63047],[13.75685,45.62789],[13.75493,45.63124],[13.7624,45.63495],[13.74424,45.63913],[13.75505,45.64935],[13.75902,45.6457],[13.7691,45.65299],[13.75334,45.68044],[13.73335,45.69624],[13.71203,45.70232],[13.71222,45.71016],[13.63201,45.76822],[13.60288,45.77162],[13.58129,45.78052],[13.57876,45.79194],[13.58344,45.80105]]]]},"properties":{"name":"Trieste","kind":"admin","source":"istat-province"}},{"type":"Feature","geometry":{"type":"Polygon","coordinates":[[[12.48896,46.11443],[12.49879,46.137],[12.49581,46.15255],[12.465,46.16567],[12.44726,46.17958],[12.44229,46.19869],[12.44645,46.20777],[12.40627,46.20727],[12.40027,46.21126],[12.40871,46.22234],[12.40168,46.229],[12.37642,46.22294],[12.34642,46.23925],[12.33833,46.23895],[12.32398,46.25493],[12.32094,46.2689],[12.32914,46.28212],[12.35083,46.29384],[12.35465,46.31968],[12.37812,46.33162],[12.41146,46.33083],[12.42121,46.34258],[12.41737,46.35485],[12.42867,46.3516],[12.46294,46.36926],[12.45505,46.39167],[12.46935,46.39008],[12.49396,46.41141],[12.51953,46.39811],[12.52588,46.37326],[12.54152,46.36026],[12.557,46.36906],[12.57704,46.36466],[12.58586,46.36767],[12.60444,46.35635],[12.59495,46.34893],[12.6058,46.34449],[12.62621,46.34776],[12.64689,46.33677],[12.66093,46.34578],[12.67824,46.34762],[12.69302,46.34319],[12.70801,46.32528],[12.73406,46.33658],[12.77798,46.34585],[12.77775,46.35571],[12.80915,46.35983],[12.82175,46.35673],[12.835,46.34369],[12.85979,46.34587],[12.88001,46.34199],[12.87554,46.33284],[12.88346,46.33018],[12.90644,46.33477],[12.91513,46.34677],[12.93571,46.33396],[12.9612,46.337],[12.96297,46.33183],[12.97356,46.32825],[12.97563,46.31745],[12.95394,46.30203],[12.95661,46.29186],[12.99058,46.27324],[12.97387,46.26356],[12.97748,46.25542],[12.97313,46.23335],[12.93767,46.21191],[12.95712,46.20365],[12.96518,46.19491],[12.95691,46.18639],[12.9508,46.15894],[12.94071,46.14324],[12.9271,46.09359],[12.91688,46.07407],[12.91205,46.0008],[12.90386,45.96327],[12.92072,45.90526],[12.93081,45.89494],[12.97461,45.87343],[12.98428,45.83397],[12.96718,45.83601],[12.95778,45.84737],[12.95137,45.843],[12.95207,45.82221],[12.9295,45.81735],[12.92051,45.83134],[12.91502,45.82462],[12.9008,45.8245],[12.89305,45.81969],[12.86967,45.83376],[12.87723,45.8432],[12.87498,45.85034],[12.86118,45.85079],[12.83687,45.84746],[12.83385,45.83827],[12.8189,45.83373],[12.81882,45.82432],[12.80695,45.82032],[12.7986,45.83239],[12.8043,45.84462],[12.77982,45.85444],[12.7695,45.85048],[12.76608,45.84755],[12.7688,45.84524],[12.74286,45.82662],[12.72999,45.83728],[12.69502,45.80635],[12.66968,45.79079],[12.66165,45.79243],[12.65028,45.80367],[12.654,45.80951],[12.63773,45.81833],[12.63142,45.83],[12.61592,45.82947],[12.60568,45.83825],[12.59444,45.83077],[12.59739,45.82214],[12.59209,45.81987],[12.59385,45.81518],[12.58764,45.81531],[12.582,45.82423],[12.57287,45.82437],[12.5653,45.83181],[12.5593,45.82592],[12.54992,45.8395],[12.55911,45.84599],[12.54961,45.8607],[12.52986,45.86361],[12.53709,45.86865],[12.53226,45.88193],[12.50703,45.89783],[12.52319,45.90309],[12.50864,45.91042],[12.506,45.92271],[12.4747,45.92847],[12.4631,45.93452],[12.45425,45.94711],[12.42584,45.94735],[12.42229,45.95616],[12.42818,45.99576],[12.41528,46.02686],[12.39899,46.04142],[12.40508,46.04274],[12.40995,46.05915],[12.4172,46.0605],[12.43749,46.08483],[12.47237,46.09602],[12.48443,46.10447],[12.48896,46.11443]]]},"properties":{"name":"Pordenone","kind":"admin","source":"istat-province"}},{"type":"Feature","geometry":{"type":"Polygon","coordinates":[[[7.55166,43.89429],[7.56264,43.90066],[7.55971,43.91655],[7.57185,43.93541],[7.56616,43.94337],[7.56882,43.9464],[7.58177,43.94826],[7.5878,43.95542],[7.60888,43.95604],[7.64223,43.97333],[7.6521,43.97352],[7.65537,43.98493],[7.67034,43.99823],[7.66272,44.01637],[7.66303,44.02877],[7.69379,44.04007],[7.70283,44.0458],[7.71166,44.0604],[7.72777,44.06028],[7.73789,44.07637],[7.75909,44.08388],[7.73289,44.08365],[7.7193,44.10448],[7.72536,44.12552],[7.76274,44.14088],[7.77514,44.13997],[7.816,44.12307],[7.86612,44.11816],[7.88079,44.1129],[7.88394,44.10466],[7.92596,44.1103],[7.9372,44.09975],[7.94237,44.10012],[7.958,44.10369],[7.97153,44.1131],[8.00463,44.10233],[8.01811,44.11249],[8.0216,44.09731],[8.03053,44.09546],[8.03471,44.08727],[8.03895,44.06585],[8.03623,44.05753],[8.00605,44.03506],[7.98795,44.03302],[7.97769,44.02092],[7.9795,44.01391],[8.00093,44.00141],[8.00613,43.98856],[8.0169,43.97933],[8.07891,43.9838],[8.10549,43.97356],[8.12325,43.95495],[8.12376,43.93901],[8.1354,43.93879],[8.12829,43.92691],[8.0899,43.91439],[8.07851,43.9043],[8.08056,43.89778],[8.07302,43.89137],[8.02971,43.8842],[8.01501,43.87201],[7.96874,43.85993],[7.96561,43.85209],[7.91776,43.84361],[7.90783,43.83726],[7.87175,43.83597],[7.84707,43.82879],[7.83298,43.81642],[7.80556,43.82329],[7.78434,43.81951],[7.75287,43.80693],[7.73908,43.79556],[7.71271,43.80113],[7.7,43.79865],[7.67322,43.77603],[7.57539,43.79286],[7.55969,43.78849],[7.55574,43.77978],[7.5296,43.78425],[7.51091,43.82486],[7.50807,43.84167],[7.49897,43.84613],[7.49569,43.86089],[7.50348,43.87518],[7.51517,43.88383],[7.55166,43.89429]]]},"properties":{"name":"Imperia","kind":"admin","source":"istat-province"}},{"type":"Feature","geometry":{"type":"MultiPolygon","coordinates":[[[[8.20834,44.03475],[8.17541,44.00827],[8.16312,43.9926],[8.1599,43.97356],[8.17371,43.95475],[8.14784,43.9503],[8.13538,43.93898],[8.12376,43.93901],[8.12352,43.95439],[8.11263,43.96779],[8.08368,43.98343],[8.0169,43.97933],[8.00613,43.98856],[8.00249,43.99992],[7.98034,44.01284],[7.97744,44.01995],[7.98795,44.03302],[8.00605,44.03506],[8.01752,44.04669],[8.02965,44.05009],[8.03876,44.06478],[8.03816,44.07587],[8.03118,44.0947],[8.0216,44.09731],[8.01811,44.11249],[8.00383,44.11433],[8.01135,44.1217],[7.97877,44.13663],[8.01184,44.1559],[8.02878,44.15409],[8.04293,44.14283],[8.0682,44.14498],[8.07481,44.15172],[8.07366,44.15873],[8.09717,44.17871],[8.09553,44.19694],[8.07465,44.20578],[8.06536,44.21694],[8.06721,44.2252],[8.0811,44.24004],[8.0631,44.25307],[8.08126,44.26203],[8.0907,44.2748],[8.07604,44.28753],[8.06356,44.28827],[8.05974,44.3007],[8.07602,44.31396],[8.10196,44.30093],[8.10907,44.31512],[8.10644,44.33237],[8.13428,44.3321],[8.14492,44.34578],[8.14864,44.35481],[8.14148,44.36807],[8.15036,44.37532],[8.14952,44.38479],[8.16193,44.38583],[8.18126,44.39715],[8.18651,44.3953],[8.20805,44.41034],[8.20828,44.41714],[8.22136,44.43291],[8.20715,44.44814],[8.21026,44.45552],[8.19574,44.46427],[8.19733,44.47756],[8.22332,44.48567],[8.2162,44.4973],[8.22416,44.51417],[8.25278,44.52875],[8.27131,44.5068],[8.30455,44.50265],[8.32164,44.48802],[8.34918,44.48555],[8.35849,44.46494],[8.37492,44.47439],[8.39243,44.47705],[8.39075,44.48774],[8.40099,44.49338],[8.40388,44.50897],[8.41904,44.51325],[8.42603,44.50519],[8.4495,44.49739],[8.45301,44.50981],[8.47066,44.52248],[8.47807,44.51065],[8.53478,44.51335],[8.5597,44.50282],[8.57616,44.50923],[8.58467,44.49857],[8.59494,44.49449],[8.60215,44.49601],[8.59913,44.49996],[8.60242,44.50509],[8.61082,44.50696],[8.6195,44.49997],[8.65458,44.50314],[8.6627,44.48574],[8.66428,44.46306],[8.67082,44.45787],[8.66895,44.45231],[8.65143,44.44165],[8.60562,44.43625],[8.60543,44.42907],[8.58508,44.42862],[8.5939,44.40352],[8.60359,44.39396],[8.63318,44.37975],[8.61629,44.36886],[8.56992,44.35656],[8.56614,44.35272],[8.57064,44.35081],[8.56304,44.34628],[8.50935,44.32845],[8.48506,44.30994],[8.50034,44.31662],[8.49309,44.30728],[8.45106,44.28797],[8.44043,44.27026],[8.45633,44.2584],[8.44282,44.23743],[8.42805,44.233],[8.41592,44.22128],[8.41661,44.20168],[8.42476,44.19498],[8.39907,44.18111],[8.37094,44.1778],[8.32907,44.16126],[8.29468,44.15345],[8.27031,44.14025],[8.23171,44.09233],[8.2265,44.0789],[8.22605,44.04401],[8.20834,44.03475]]]]},"properties":{"name":"Savona","kind":"admin","source":"istat-province"}},{"type":"Feature","geometry":{"type":"MultiPolygon","coordinates":[[[[8.62924,44.43798],[8.65143,44.44165],[8.66901,44.45244],[8.67084,44.4578],[8.66428,44.46306],[8.65688,44.50054],[8.6328,44.50372],[8.6195,44.49997],[8.61082,44.50696],[8.60242,44.50509],[8.59913,44.49996],[8.60215,44.49601],[8.59494,44.49449],[8.58467,44.49857],[8.57155,44.51819],[8.578,44.52573],[8.58736,44.52465],[8.59578,44.53735],[8.60709,44.53754],[8.61209,44.54287],[8.61345,44.5466],[8.59782,44.55656],[8.60121,44.56824],[8.61492,44.56859],[8.62015,44.5842],[8.66166,44.57921],[8.66676,44.58246],[8.68142,44.57488],[8.69005,44.58196],[8.721,44.57987],[8.73277,44.57043],[8.74027,44.55683],[8.73819,44.55177],[8.74933,44.54985],[8.75698,44.53669],[8.74981,44.52566],[8.75392,44.52412],[8.76047,44.53024],[8.76756,44.52496],[8.77357,44.50393],[8.76694,44.49195],[8.78245,44.48836],[8.79665,44.50011],[8.79511,44.52186],[8.79908,44.53015],[8.82877,44.54307],[8.82221,44.55025],[8.82684,44.5618],[8.8629,44.56061],[8.86861,44.56624],[8.89134,44.55063],[8.89494,44.55537],[8.9175,44.56106],[8.92171,44.56711],[8.91135,44.58148],[8.90669,44.60467],[8.90937,44.61333],[8.9034,44.62186],[8.88497,44.63175],[8.88262,44.63875],[8.90826,44.64682],[8.93114,44.67613],[8.95952,44.67602],[8.97252,44.66335],[9.01469,44.66607],[9.02505,44.65053],[9.03325,44.64745],[9.03154,44.64241],[9.03876,44.64087],[9.04529,44.62751],[9.04391,44.61443],[9.05489,44.62138],[9.07585,44.6237],[9.10353,44.60939],[9.10238,44.59285],[9.1107,44.58197],[9.13943,44.57364],[9.15255,44.57422],[9.18467,44.59203],[9.19895,44.59278],[9.20516,44.59948],[9.2039,44.61457],[9.23149,44.61874],[9.2455,44.61965],[9.25615,44.61151],[9.24625,44.59927],[9.28023,44.59617],[9.28751,44.6076],[9.30041,44.60778],[9.30943,44.59638],[9.343,44.5777],[9.36105,44.58497],[9.38108,44.57675],[9.38937,44.59022],[9.39829,44.58742],[9.40262,44.59079],[9.40563,44.60081],[9.42131,44.5926],[9.41876,44.58511],[9.42308,44.57461],[9.4407,44.56672],[9.47654,44.5652],[9.49334,44.55588],[9.48818,44.54557],[9.50461,44.52996],[9.50217,44.51276],[9.49463,44.5004],[9.4968,44.48273],[9.48225,44.47929],[9.46887,44.48188],[9.47024,44.47327],[9.46044,44.45659],[9.4582,44.4422],[9.44583,44.43842],[9.43839,44.41854],[9.47256,44.42428],[9.47219,44.41642],[9.47903,44.40926],[9.46574,44.40158],[9.47231,44.39457],[9.47218,44.38635],[9.48337,44.38034],[9.48933,44.38314],[9.49613,44.36682],[9.51816,44.35519],[9.50373,44.34082],[9.49928,44.32685],[9.55447,44.2898],[9.56168,44.27789],[9.57333,44.27075],[9.57349,44.25602],[9.53387,44.25304],[9.5237,44.23566],[9.52685,44.22752],[9.51129,44.21666],[9.48816,44.2391],[9.48035,44.24072],[9.47206,44.23379],[9.44517,44.2388],[9.42365,44.25799],[9.40314,44.25528],[9.39061,44.28073],[9.37694,44.29051],[9.23423,44.34839],[9.22516,44.34116],[9.22579,44.3352],[9.21374,44.3336],[9.21651,44.32253],[9.21407,44.31289],[9.209,44.31062],[9.21755,44.2985],[9.15226,44.31713],[9.14882,44.32463],[9.15509,44.34771],[9.1401,44.36113],[9.05836,44.38066],[9.00921,44.38483],[8.98371,44.39202],[8.95197,44.39126],[8.93132,44.39641],[8.92401,44.41416],[8.91217,44.41231],[8.91001,44.40703],[8.9186,44.40393],[8.91651,44.39856],[8.88697,44.40738],[8.87137,44.40523],[8.82185,44.41492],[8.85237,44.419],[8.83581,44.42389],[8.83129,44.421],[8.83015,44.42417],[8.78258,44.42595],[8.79773,44.42222],[8.79628,44.41726],[8.74378,44.42698],[8.69293,44.40835],[8.67975,44.39328],[8.64934,44.38987],[8.63318,44.37975],[8.60359,44.39396],[8.5939,44.40352],[8.58508,44.42862],[8.60543,44.42907],[8.60562,44.43625],[8.62924,44.43798]]],[[[8.80046,44.41645],[8.79512,44.41198],[8.76974,44.41579],[8.79504,44.41216],[8.81028,44.42233],[8.80046,44.41645]]]]},"properties":{"name":"Genova","kind":"admin","source":"istat-province"}},{"type":"Feature","geometry":{"type":"MultiPolygon","coordinates":[[[[9.99925,44.05095],[9.98534,44.04586],[9.97778,44.03552],[9.96373,44.03738],[9.90919,44.07046],[9.90678,44.08142],[9.881,44.08108],[9.87871,44.08776],[9.86489,44.09222],[9.85154,44.11016],[9.84583,44.10464],[9.84381,44.10926],[9.8352,44.10944],[9.8212,44.09552],[9.81547,44.10339],[9.81094,44.10181],[9.82389,44.0827],[9.84728,44.06123],[9.83262,44.05008],[9.76078,44.08335],[9.75738,44.09084],[9.73953,44.09153],[9.72564,44.11249],[9.66747,44.14298],[9.64352,44.1441],[9.63546,44.13352],[9.60917,44.15659],[9.60714,44.17081],[9.56898,44.18221],[9.56966,44.19084],[9.55285,44.20287],[9.5293,44.20747],[9.51129,44.21666],[9.52685,44.22752],[9.5237,44.23566],[9.53387,44.25304],[9.55819,44.25762],[9.57151,44.25339],[9.57333,44.27075],[9.56168,44.27789],[9.55377,44.29038],[9.49928,44.32685],[9.50373,44.34082],[9.51816,44.35519],[9.49613,44.36682],[9.48933,44.38314],[9.48337,44.38034],[9.47382,44.38459],[9.46574,44.40158],[9.4939,44.4239],[9.53409,44.42926],[9.54524,44.42608],[9.55918,44.43814],[9.57782,44.4336],[9.58358,44.42724],[9.59817,44.43674],[9.60555,44.43572],[9.61186,44.42651],[9.63604,44.4139],[9.65503,44.41188],[9.67498,44.36471],[9.7063,44.36619],[9.71746,44.35533],[9.72946,44.32833],[9.75311,44.32273],[9.76542,44.30433],[9.80571,44.2828],[9.81478,44.28621],[9.83533,44.27887],[9.83944,44.2721],[9.85266,44.27021],[9.86112,44.25121],[9.85703,44.23403],[9.87536,44.22394],[9.85755,44.19351],[9.86496,44.18071],[9.87441,44.1953],[9.89121,44.20781],[9.90785,44.21004],[9.91451,44.1996],[9.93401,44.19662],[9.89295,44.1665],[9.89786,44.16359],[9.92015,44.16983],[9.92812,44.1662],[9.97403,44.16693],[9.97901,44.16103],[9.97635,44.13955],[9.9836,44.12476],[9.99535,44.11789],[9.99407,44.10576],[9.98345,44.09888],[9.99332,44.09268],[10.00381,44.10947],[10.02195,44.11962],[10.04738,44.11512],[10.06926,44.098],[10.06622,44.08617],[10.02869,44.05917],[10.01877,44.04448],[9.99925,44.05095]]],[[[9.84715,44.03347],[9.83324,44.04713],[9.85531,44.05091],[9.84715,44.03347]]]]},"properties":{"name":"La Spezia","kind":"admin","source":"istat-province"}},{"type":"Feature","geometry":{"type":"MultiPolygon","coordinates":[[[[9.98741,44.93593],[9.99912,44.92918],[9.99391,44.90771],[10.00252,44.90448],[10.01234,44.8879],[10.01049,44.8751],[9.98351,44.8576],[9.98668,44.84556],[9.97312,44.84323],[9.9651,44.83609],[9.95518,44.84042],[9.93691,44.83682],[9.90502,44.81011],[9.88217,44.80367],[9.87252,44.78278],[9.88066,44.76869],[9.86501,44.76211],[9.85376,44.76776],[9.83647,44.75815],[9.81975,44.76168],[9.81414,44.75721],[9.82007,44.75092],[9.8158,44.73875],[9.79938,44.73137],[9.78697,44.7172],[9.76217,44.70542],[9.76516,44.68134],[9.723,44.67802],[9.70201,44.67138],[9.68666,44.67511],[9.67521,44.68762],[9.62488,44.65627],[9.6318,44.64061],[9.58497,44.62276],[9.57662,44.61018],[9.56328,44.60745],[9.55383,44.59961],[9.55236,44.58946],[9.5323,44.58549],[9.51302,44.5623],[9.49334,44.55588],[9.47654,44.5652],[9.44023,44.56681],[9.42308,44.57461],[9.41876,44.58511],[9.42131,44.5926],[9.40563,44.60081],[9.40262,44.59079],[9.39829,44.58742],[9.38937,44.59022],[9.38108,44.57675],[9.36105,44.58497],[9.343,44.5777],[9.30943,44.59638],[9.30041,44.60778],[9.28809,44.60786],[9.28416,44.59785],[9.27223,44.59592],[9.24564,44.59971],[9.25654,44.61059],[9.2455,44.61965],[9.20042,44.61533],[9.19804,44.64984],[9.20643,44.6602],[9.19946,44.68502],[9.23709,44.68512],[9.24048,44.68831],[9.23205,44.70233],[9.23508,44.71636],[9.25394,44.69601],[9.25948,44.67995],[9.28302,44.68598],[9.29851,44.68102],[9.30668,44.68816],[9.32574,44.69209],[9.30848,44.70563],[9.31258,44.7171],[9.32591,44.7231],[9.33258,44.73504],[9.28651,44.75868],[9.28697,44.7725],[9.31676,44.78395],[9.32153,44.80003],[9.35419,44.81186],[9.3631,44.8224],[9.34832,44.83977],[9.34168,44.86981],[9.32668,44.87251],[9.32239,44.87974],[9.30869,44.8759],[9.29011,44.88221],[9.29283,44.89032],[9.27741,44.89561],[9.28608,44.90321],[9.29166,44.92089],[9.28503,44.93177],[9.31453,44.93682],[9.32182,44.9441],[9.32459,44.95605],[9.33755,44.96538],[9.33516,44.97374],[9.34545,44.99513],[9.36542,45.00267],[9.37561,45.01992],[9.36945,45.02373],[9.3762,45.04167],[9.37082,45.04815],[9.40591,45.07286],[9.41224,45.08355],[9.4356,45.08183],[9.43901,45.09345],[9.47141,45.0955],[9.49929,45.10392],[9.53203,45.07843],[9.55133,45.09211],[9.53744,45.11488],[9.53722,45.12605],[9.54866,45.13265],[9.553,45.13064],[9.56858,45.10734],[9.58595,45.10499],[9.58745,45.09962],[9.60906,45.10842],[9.61841,45.13302],[9.6224,45.13398],[9.63956,45.12186],[9.63138,45.08895],[9.63899,45.08171],[9.66477,45.08106],[9.68974,45.06755],[9.72025,45.05882],[9.75037,45.07905],[9.7531,45.0866],[9.74484,45.10972],[9.75367,45.11336],[9.76666,45.10727],[9.77896,45.08958],[9.81326,45.0781],[9.81656,45.05446],[9.82376,45.05259],[9.83376,45.06168],[9.83139,45.08396],[9.83836,45.09565],[9.86152,45.09356],[9.88065,45.07479],[9.89677,45.08054],[9.90063,45.09544],[9.87783,45.11353],[9.87542,45.12171],[9.88103,45.127],[9.91369,45.13913],[9.92261,45.13594],[9.92707,45.12599],[9.91346,45.10465],[9.91849,45.0996],[9.93489,45.10393],[9.96642,45.12747],[9.98547,45.13343],[10.02853,45.09623],[10.0295,45.08724],[10.02165,45.07589],[10.02967,45.06681],[10.04695,45.05929],[10.05286,45.05059],[10.05022,45.04128],[10.08347,45.04396],[10.05762,45.03767],[10.04546,45.02925],[10.03401,45.00076],[10.03338,44.98672],[10.00442,44.96837],[9.98741,44.93593]]]]},"properties":{"name":"Piacenza","kind":"admin","source":"istat-province"}},{"type":"Feature","geometry":{"type":"Polygon","coordinates":[[[9.6867,44.36594],[9.67334,44.36702],[9.66381,44.39875],[9.65503,44.41188],[9.63604,44.4139],[9.60149,44.43676],[9.58358,44.42724],[9.57782,44.4336],[9.55918,44.43814],[9.54524,44.42608],[9.53409,44.42926],[9.4939,44.4239],[9.48188,44.41709],[9.47903,44.40926],[9.47219,44.41642],[9.47256,44.42428],[9.43839,44.41854],[9.44583,44.43842],[9.4582,44.4422],[9.46044,44.45659],[9.47024,44.47327],[9.46887,44.48188],[9.48225,44.47929],[9.4968,44.48273],[9.49463,44.5004],[9.50217,44.51276],[9.50461,44.52996],[9.48818,44.54557],[9.49068,44.55342],[9.51474,44.56331],[9.53298,44.58597],[9.55236,44.58946],[9.55383,44.59961],[9.56328,44.60745],[9.57662,44.61018],[9.58497,44.62276],[9.6318,44.64061],[9.62488,44.65627],[9.67521,44.68762],[9.68666,44.67511],[9.70201,44.67138],[9.723,44.67802],[9.76516,44.68134],[9.76217,44.70542],[9.78697,44.7172],[9.79938,44.73137],[9.8158,44.73875],[9.82007,44.75092],[9.81414,44.75721],[9.81975,44.76168],[9.83647,44.75815],[9.85376,44.76776],[9.86501,44.76211],[9.88066,44.76869],[9.87252,44.78278],[9.88217,44.80367],[9.90502,44.81011],[9.93691,44.83682],[9.95518,44.84042],[9.9651,44.83609],[9.97312,44.84323],[9.98668,44.84556],[9.98351,44.8576],[10.01049,44.8751],[10.01234,44.8879],[10.00252,44.90448],[9.99391,44.90771],[9.99912,44.92918],[9.98741,44.93593],[9.99416,44.95521],[10.00442,44.96837],[10.03004,44.98204],[10.04456,45.02762],[10.05689,45.03734],[10.08347,45.04396],[10.08413,45.03293],[10.09043,45.02587],[10.10619,45.02213],[10.14673,45.03498],[10.15772,45.04408],[10.16875,45.04319],[10.17475,45.03425],[10.1873,45.02822],[10.21107,45.03403],[10.25586,45.01781],[10.27447,44.99793],[10.30469,44.99904],[10.3089,44.98738],[10.35883,44.96549],[10.3898,44.98233],[10.40567,44.98449],[10.41677,44.97765],[10.43567,44.94314],[10.50432,44.92243],[10.49195,44.91208],[10.49423,44.90698],[10.48647,44.90027],[10.47782,44.90246],[10.46373,44.89777],[10.46015,44.8866],[10.47431,44.87582],[10.46786,44.87058],[10.46431,44.85303],[10.45265,44.84688],[10.45472,44.83068],[10.44099,44.82397],[10.43733,44.80024],[10.42352,44.7982],[10.4297,44.75313],[10.42522,44.73939],[10.44542,44.72712],[10.44734,44.71933],[10.41377,44.66586],[10.41696,44.64037],[10.41106,44.62212],[10.40261,44.61644],[10.40351,44.5955],[10.39872,44.58374],[10.4016,44.56293],[10.38475,44.54893],[10.36333,44.54293],[10.35342,44.52997],[10.34246,44.52572],[10.33991,44.5055],[10.33217,44.48537],[10.32558,44.48008],[10.28428,44.45946],[10.26697,44.45842],[10.23861,44.43859],[10.22381,44.41044],[10.20575,44.39254],[10.15736,44.37937],[10.14568,44.36607],[10.14203,44.35387],[10.11979,44.35339],[10.09827,44.34629],[10.05711,44.37155],[10.02233,44.38266],[9.99667,44.39713],[9.98928,44.40433],[10.00694,44.43173],[9.99633,44.44689],[9.98067,44.44504],[9.97198,44.4514],[9.97071,44.46444],[9.92431,44.47237],[9.90923,44.46796],[9.89995,44.47271],[9.8624,44.47128],[9.81994,44.46642],[9.81673,44.45205],[9.79824,44.44314],[9.77229,44.41617],[9.75646,44.40617],[9.75336,44.39746],[9.76048,44.39005],[9.74385,44.38948],[9.74274,44.38039],[9.7169,44.38317],[9.6867,44.36594]]]},"properties":{"name":"Parma","kind":"admin","source":"istat-province"}},{"type":"Feature","geometry":{"type":"Polygon","coordinates":[[[10.6682,44.46778],[10.6549,44.45418],[10.65343,44.43331],[10.63054,44.4202],[10.62152,44.40586],[10.62403,44.39077],[10.61882,44.37854],[10.59479,44.36305],[10.55122,44.35983],[10.52769,44.35049],[10.52535,44.328],[10.51049,44.29976],[10.516,44.28218],[10.50682,44.27105],[10.48689,44.26346],[10.48475,44.23566],[10.47013,44.22606],[10.46494,44.23114],[10.43026,44.22743],[10.41403,44.23584],[10.4074,44.24931],[10.37159,44.26938],[10.34276,44.26963],[10.31897,44.27558],[10.30712,44.28432],[10.29662,44.28546],[10.25386,44.26858],[10.23703,44.28165],[10.22626,44.29997],[10.21814,44.30469],[10.20883,44.30198],[10.20169,44.31238],[10.18961,44.31431],[10.16791,44.32991],[10.16195,44.34348],[10.14203,44.35387],[10.14568,44.36607],[10.15736,44.37937],[10.20807,44.39433],[10.22381,44.41044],[10.23098,44.42963],[10.25543,44.45229],[10.26755,44.4586],[10.28428,44.45946],[10.33161,44.4848],[10.34246,44.52572],[10.35342,44.52997],[10.36333,44.54293],[10.38475,44.54893],[10.40083,44.56159],[10.40261,44.61644],[10.41106,44.62212],[10.41696,44.64037],[10.41377,44.66586],[10.44734,44.71933],[10.44542,44.72712],[10.42522,44.73939],[10.4297,44.75313],[10.42352,44.7982],[10.43733,44.80024],[10.44099,44.82397],[10.45472,44.83068],[10.45265,44.84688],[10.46431,44.85303],[10.46786,44.87058],[10.47431,44.87582],[10.46015,44.8866],[10.46373,44.89777],[10.47782,44.90246],[10.48647,44.90027],[10.49423,44.90698],[10.49195,44.91208],[10.50432,44.92243],[10.51985,44.91273],[10.56856,44.90831],[10.62788,44.9242],[10.66208,44.96708],[10.67979,44.97666],[10.68668,44.98659],[10.69596,44.97447],[10.68796,44.96592],[10.6922,44.96208],[10.71077,44.97309],[10.71366,44.98656],[10.73056,44.9919],[10.7294,44.98669],[10.73867,44.98574],[10.74816,44.9627],[10.74372,44.94908],[10.81975,44.93672],[10.84719,44.92674],[10.86539,44.92962],[10.86498,44.92357],[10.87663,44.91706],[10.89799,44.92181],[10.87715,44.90189],[10.87831,44.86775],[10.85007,44.86652],[10.81499,44.80723],[10.84204,44.79554],[10.83294,44.77406],[10.81545,44.7548],[10.8149,44.73917],[10.82148,44.73474],[10.80615,44.69753],[10.82066,44.69036],[10.81387,44.67764],[10.81529,44.65653],[10.79639,44.65249],[10.79316,44.63874],[10.78253,44.62998],[10.78677,44.60597],[10.76716,44.5435],[10.73003,44.50163],[10.70264,44.48803],[10.68721,44.47359],[10.6682,44.46778]]]},"properties":{"name":"Reggio nell'Emilia","kind":"admin","source":"istat-province"}},{"type":"Feature","geometry":{"type":"MultiPolygon","coordinates":[[[[10.81542,44.74162],[10.81619,44.75742],[10.82752,44.76583],[10.84204,44.79554],[10.81499,44.80723],[10.85007,44.86652],[10.87831,44.86775],[10.87715,44.90189],[10.88789,44.91427],[10.91696,44.92413],[10.94137,44.92191],[10.95137,44.92787],[10.95059,44.93333],[10.96716,44.93481],[10.99747,44.95509],[11.05954,44.94889],[11.07347,44.96295],[11.11802,44.95447],[11.15244,44.93324],[11.15854,44.93809],[11.23801,44.94505],[11.24621,44.95144],[11.26043,44.9331],[11.23474,44.90598],[11.24538,44.89825],[11.26969,44.89652],[11.34113,44.87259],[11.35635,44.86151],[11.3685,44.84079],[11.35253,44.83612],[11.34749,44.83014],[11.3234,44.83255],[11.31161,44.82749],[11.29335,44.80281],[11.20785,44.8043],[11.17819,44.79619],[11.17597,44.79187],[11.12989,44.78292],[11.11675,44.70975],[11.07809,44.64703],[11.12779,44.63136],[11.11829,44.61784],[11.14279,44.60568],[11.14013,44.60123],[11.15245,44.58662],[11.13266,44.57587],[11.12748,44.56926],[11.13161,44.56743],[11.10771,44.54514],[11.10451,44.53942],[11.11365,44.53499],[11.10815,44.52467],[11.07748,44.53131],[11.07296,44.52222],[11.05614,44.53407],[11.05615,44.5131],[11.06175,44.51077],[11.06536,44.50008],[11.05073,44.48039],[11.05056,44.4707],[11.02687,44.46016],[11.01348,44.44723],[10.9904,44.44097],[10.99667,44.42954],[11.03806,44.42726],[11.04817,44.41611],[11.04916,44.40581],[11.02235,44.37332],[11.02263,44.35782],[11.02606,44.34987],[11.03609,44.34586],[11.04015,44.33108],[11.00787,44.29693],[11.00223,44.30599],[10.96671,44.30225],[10.94991,44.29316],[10.94889,44.28641],[10.97372,44.27698],[10.96587,44.2679],[10.96708,44.24314],[10.95716,44.22611],[10.94029,44.22561],[10.90724,44.20543],[10.89376,44.21132],[10.8897,44.22447],[10.86125,44.23219],[10.85028,44.22782],[10.8552,44.20739],[10.8482,44.20005],[10.83256,44.19479],[10.80886,44.15485],[10.8056,44.14111],[10.81437,44.11599],[10.80335,44.11907],[10.79668,44.1274],[10.77326,44.13466],[10.75426,44.15415],[10.69399,44.15765],[10.66168,44.15385],[10.64398,44.16009],[10.62375,44.14121],[10.62406,44.12037],[10.59253,44.11561],[10.58408,44.11955],[10.57751,44.1319],[10.52512,44.15624],[10.5197,44.16719],[10.52294,44.17484],[10.49025,44.19655],[10.48521,44.2045],[10.4929,44.217],[10.47013,44.22606],[10.48475,44.23566],[10.48689,44.26346],[10.50682,44.27105],[10.516,44.28218],[10.51049,44.29976],[10.52535,44.328],[10.52803,44.35089],[10.55122,44.35983],[10.58866,44.36128],[10.61424,44.37475],[10.62403,44.39077],[10.62152,44.40586],[10.62931,44.4188],[10.65343,44.43331],[10.65756,44.45836],[10.73003,44.50163],[10.76673,44.54268],[10.78677,44.60597],[10.78253,44.62998],[10.79316,44.63874],[10.79639,44.65249],[10.81529,44.65653],[10.81387,44.67764],[10.82066,44.69036],[10.80615,44.69753],[10.82148,44.73474],[10.81542,44.74162]]]]},"properties":{"name":"Modena","kind":"admin","source":"istat-province"}},{"type":"Feature","geometry":{"type":"Polygon","coordinates":[[[11.13161,44.56743],[11.12748,44.56926],[11.13266,44.57587],[11.15245,44.58662],[11.14013,44.60123],[11.14279,44.60568],[11.11829,44.61784],[11.12779,44.63136],[11.07809,44.64703],[11.11675,44.70975],[11.12989,44.78292],[11.17597,44.79187],[11.17819,44.79619],[11.20785,44.8043],[11.29335,44.80281],[11.24608,44.75838],[11.2731,44.75044],[11.25315,44.71632],[11.27543,44.70558],[11.35971,44.77417],[11.38331,44.78022],[11.39924,44.76857],[11.43392,44.75988],[11.45278,44.76051],[11.58303,44.70719],[11.59273,44.7117],[11.674,44.63226],[11.69078,44.62872],[11.69535,44.63516],[11.72387,44.63671],[11.72804,44.65422],[11.75831,44.64849],[11.77186,44.6408],[11.77661,44.64397],[11.79678,44.63215],[11.8064,44.62356],[11.79475,44.61833],[11.78527,44.60571],[11.78961,44.5923],[11.78562,44.58505],[11.74558,44.57996],[11.77358,44.5637],[11.78061,44.56856],[11.78968,44.56576],[11.77869,44.50352],[11.76311,44.51036],[11.74977,44.49757],[11.79671,44.48569],[11.78038,44.46724],[11.79891,44.46077],[11.78133,44.43627],[11.82732,44.41775],[11.84043,44.42357],[11.83549,44.41171],[11.81087,44.3889],[11.80829,44.3778],[11.79892,44.37846],[11.79953,44.37211],[11.78881,44.36049],[11.78597,44.34806],[11.77443,44.33604],[11.75876,44.33228],[11.73297,44.30607],[11.71388,44.29833],[11.70854,44.29],[11.69612,44.28868],[11.69111,44.28952],[11.69156,44.29837],[11.69755,44.30934],[11.67278,44.31548],[11.6676,44.31186],[11.67154,44.28822],[11.66544,44.27872],[11.63994,44.27374],[11.62702,44.24778],[11.57881,44.2322],[11.57782,44.22488],[11.56821,44.2195],[11.55544,44.22317],[11.54913,44.20503],[11.56168,44.18549],[11.53563,44.19039],[11.53621,44.17983],[11.52237,44.15536],[11.48016,44.18379],[11.46772,44.1858],[11.44763,44.19949],[11.4513,44.22057],[11.42106,44.23924],[11.39833,44.22268],[11.38055,44.2],[11.34281,44.20582],[11.32441,44.19464],[11.32262,44.18224],[11.31678,44.1773],[11.2958,44.1724],[11.2981,44.16792],[11.28071,44.15534],[11.2715,44.1592],[11.23929,44.15892],[11.21402,44.15015],[11.19573,44.15141],[11.19585,44.14354],[11.21836,44.1294],[11.26023,44.11584],[11.26369,44.10427],[11.25296,44.10442],[11.24804,44.09757],[11.22835,44.10241],[11.2098,44.09887],[11.1592,44.11242],[11.12764,44.10968],[11.08943,44.08995],[11.04943,44.09025],[11.04713,44.09495],[11.02399,44.09745],[11.00201,44.11089],[11.00475,44.12149],[11.01493,44.12521],[11.01431,44.13749],[11.00695,44.13855],[10.99616,44.13618],[10.99404,44.12956],[10.97031,44.11593],[10.96962,44.10662],[10.94414,44.08123],[10.92755,44.07599],[10.91825,44.06301],[10.90473,44.06325],[10.89914,44.06648],[10.90562,44.07868],[10.90404,44.08426],[10.89208,44.09243],[10.86983,44.0999],[10.84866,44.09806],[10.8428,44.10963],[10.83088,44.11658],[10.81915,44.11245],[10.81504,44.11562],[10.8056,44.14111],[10.80886,44.15485],[10.83256,44.19479],[10.8482,44.20005],[10.8552,44.20739],[10.85028,44.22782],[10.86125,44.23219],[10.8897,44.22447],[10.89376,44.21132],[10.90724,44.20543],[10.94029,44.22561],[10.95679,44.22589],[10.96708,44.24314],[10.96373,44.25364],[10.96808,44.25977],[10.9673,44.27226],[10.97372,44.27698],[10.94889,44.28641],[10.94991,44.29316],[10.96671,44.30225],[11.00223,44.30599],[11.00787,44.29693],[11.03069,44.31684],[11.04019,44.33181],[11.03609,44.34586],[11.02606,44.34987],[11.02263,44.35782],[11.02237,44.37352],[11.04916,44.40581],[11.04817,44.41611],[11.03806,44.42726],[10.99667,44.42954],[10.99023,44.44058],[11.01348,44.44723],[11.02687,44.46016],[11.05056,44.4707],[11.05073,44.48039],[11.06536,44.50008],[11.06175,44.51077],[11.05615,44.5131],[11.05614,44.53407],[11.07296,44.52222],[11.07748,44.53131],[11.10815,44.52467],[11.11359,44.53638],[11.10451,44.53942],[11.13161,44.56743]]]},"properties":{"name":"Bologna","kind":"admin","source":"istat-province"}},{"type":"Feature","geometry":{"type":"Polygon","coordinates":[[[11.63246,44.67295],[11.59273,44.7117],[11.58303,44.70719],[11.45278,44.76051],[11.43392,44.75988],[11.39924,44.76857],[11.38331,44.78022],[11.35971,44.77417],[11.27543,44.70558],[11.25315,44.71632],[11.2731,44.75044],[11.24608,44.75838],[11.30157,44.81042],[11.31161,44.82749],[11.3234,44.83255],[11.34749,44.83014],[11.35253,44.83612],[11.3685,44.84079],[11.35635,44.86151],[11.34113,44.87259],[11.26969,44.89652],[11.24538,44.89825],[11.23474,44.90598],[11.26043,44.9331],[11.24621,44.95144],[11.27226,44.93832],[11.28435,44.95661],[11.30158,44.96236],[11.31246,44.95821],[11.32932,44.9607],[11.35716,44.95008],[11.36276,44.95547],[11.37819,44.95793],[11.40882,44.95004],[11.42631,44.9521],[11.424,44.93656],[11.42937,44.92905],[11.4696,44.93637],[11.53413,44.93625],[11.56006,44.92051],[11.58469,44.91318],[11.59354,44.89089],[11.61737,44.88803],[11.67128,44.91476],[11.73407,44.92714],[11.74485,44.93497],[11.73997,44.94978],[11.74563,44.95733],[11.78383,44.96419],[11.80647,44.97716],[11.83793,44.97278],[11.89563,44.97792],[11.92458,44.97468],[11.96268,44.98683],[12.01545,44.97656],[12.04749,44.97696],[12.06106,44.96958],[12.09156,44.97021],[12.10123,44.96183],[12.11313,44.96037],[12.12247,44.94311],[12.14242,44.9279],[12.15803,44.93055],[12.15988,44.93766],[12.17068,44.94205],[12.18767,44.92643],[12.22497,44.92298],[12.25618,44.94253],[12.27616,44.94329],[12.29474,44.92741],[12.28187,44.91002],[12.286,44.87237],[12.29411,44.86036],[12.34053,44.85007],[12.35519,44.81508],[12.39811,44.79278],[12.39071,44.78625],[12.37603,44.78352],[12.31544,44.79141],[12.35082,44.7886],[12.32667,44.7964],[12.36959,44.78617],[12.38765,44.78973],[12.37275,44.79222],[12.37317,44.79619],[12.35138,44.81085],[12.35546,44.81228],[12.3504,44.81725],[12.33975,44.81746],[12.33301,44.82877],[12.3086,44.84231],[12.28753,44.84223],[12.25778,44.81519],[12.26775,44.8086],[12.26631,44.80435],[12.28607,44.81722],[12.24831,44.76277],[12.2423,44.72711],[12.2411,44.68669],[12.24587,44.67644],[12.25091,44.67617],[12.25078,44.66106],[12.26958,44.6298],[12.26087,44.62373],[12.23708,44.62059],[12.15378,44.54845],[12.11702,44.54673],[12.09358,44.55883],[12.07599,44.5613],[12.0677,44.55861],[12.06605,44.54943],[12.05954,44.54851],[12.02809,44.56048],[12.03096,44.56925],[12.02703,44.5768],[12.00502,44.58355],[12.00743,44.59592],[12.0022,44.6002],[11.87083,44.57744],[11.86032,44.55964],[11.84959,44.55607],[11.83199,44.56162],[11.78919,44.55434],[11.78968,44.56576],[11.78061,44.56856],[11.77358,44.5637],[11.74558,44.57996],[11.78562,44.58505],[11.78961,44.5923],[11.78527,44.60571],[11.79475,44.61833],[11.8064,44.62356],[11.80129,44.62901],[11.77661,44.64397],[11.77186,44.6408],[11.75831,44.64849],[11.72804,44.65422],[11.72387,44.63671],[11.69535,44.63516],[11.69078,44.62872],[11.674,44.63226],[11.63246,44.67295]]]},"properties":{"name":"Ferrara","kind":"admin","source":"istat-province"}},{"type":"Feature","geometry":{"type":"Polygon","coordinates":[[[11.88393,44.57916],[12.0022,44.6002],[12.00743,44.59592],[12.00502,44.58355],[12.02703,44.5768],[12.03096,44.56925],[12.02809,44.56048],[12.05954,44.54851],[12.06605,44.54943],[12.0677,44.55861],[12.07599,44.5613],[12.09358,44.55883],[12.11702,44.54673],[12.15228,44.54824],[12.23708,44.62059],[12.26087,44.62373],[12.26873,44.62922],[12.28178,44.59373],[12.27969,44.51949],[12.29173,44.48833],[12.28589,44.48594],[12.28926,44.46306],[12.31613,44.40409],[12.32777,44.35268],[12.3572,44.27055],[12.38352,44.22449],[12.34934,44.19073],[12.28024,44.23319],[12.24713,44.2308],[12.23965,44.21765],[12.22625,44.21412],[12.20167,44.22619],[12.20998,44.23802],[12.20882,44.25561],[12.18893,44.25427],[12.17654,44.24511],[12.10325,44.27198],[12.108,44.28855],[12.08694,44.30052],[12.07274,44.29922],[12.05501,44.30531],[12.04854,44.31203],[12.0493,44.32513],[12.03559,44.33081],[12.00165,44.29616],[11.97586,44.2557],[11.94749,44.23588],[11.92625,44.24098],[11.92829,44.21563],[11.91354,44.20785],[11.88861,44.17066],[11.82938,44.19897],[11.82215,44.19457],[11.80608,44.19947],[11.77809,44.18094],[11.77139,44.19887],[11.75284,44.19349],[11.74413,44.18069],[11.72861,44.17184],[11.71967,44.15723],[11.72145,44.13495],[11.71589,44.12256],[11.67881,44.12291],[11.674,44.11332],[11.65256,44.10116],[11.61617,44.11849],[11.58457,44.11221],[11.58783,44.1237],[11.59729,44.12515],[11.60608,44.13864],[11.61671,44.14338],[11.61536,44.15825],[11.57324,44.16065],[11.56517,44.16724],[11.55298,44.16574],[11.55267,44.15927],[11.54482,44.15261],[11.52495,44.15766],[11.53621,44.17983],[11.53563,44.19039],[11.56168,44.18549],[11.54913,44.20503],[11.55412,44.21105],[11.55132,44.21921],[11.55556,44.2232],[11.56821,44.2195],[11.57782,44.22488],[11.57881,44.2322],[11.62702,44.24778],[11.63994,44.27374],[11.66544,44.27872],[11.67154,44.28822],[11.6676,44.31186],[11.67278,44.31548],[11.69755,44.30934],[11.69111,44.28952],[11.70266,44.28794],[11.71388,44.29833],[11.73297,44.30607],[11.75876,44.33228],[11.77443,44.33604],[11.78597,44.34806],[11.78881,44.36049],[11.79953,44.37211],[11.79892,44.37846],[11.80829,44.3778],[11.81087,44.3889],[11.83549,44.41171],[11.84043,44.42357],[11.82732,44.41775],[11.78133,44.43627],[11.79891,44.46077],[11.78038,44.46724],[11.79671,44.48569],[11.74977,44.49757],[11.76311,44.51036],[11.77869,44.50352],[11.78919,44.55434],[11.83199,44.56162],[11.84959,44.55607],[11.86032,44.55964],[11.87083,44.57744],[11.88393,44.57916]]]},"properties":{"name":"Ravenna","kind":"admin","source":"istat-province"}},{"type":"Feature","geometry":{"type":"Polygon","coordinates":[[[11.95117,43.78699],[11.91879,43.79369],[11.91247,43.79978],[11.90975,43.81272],[11.89643,43.80778],[11.87615,43.81054],[11.86741,43.81691],[11.84167,43.80802],[11.81756,43.81983],[11.78573,43.84702],[11.73202,43.86339],[11.72189,43.87438],[11.71017,43.87745],[11.71703,43.92182],[11.68421,43.93513],[11.69088,43.95686],[11.6503,43.97966],[11.64631,43.99199],[11.66394,44.00555],[11.65652,44.01748],[11.68189,44.0212],[11.69548,44.03613],[11.69735,44.0503],[11.70943,44.0666],[11.73551,44.0862],[11.74008,44.09935],[11.74888,44.10414],[11.75294,44.12054],[11.74848,44.12474],[11.71589,44.12256],[11.72145,44.13495],[11.72023,44.15869],[11.75284,44.19349],[11.77139,44.19887],[11.77601,44.18208],[11.78081,44.18041],[11.80608,44.19947],[11.82215,44.19457],[11.82938,44.19897],[11.88861,44.17066],[11.91354,44.20785],[11.92829,44.21563],[11.92625,44.24098],[11.94749,44.23588],[11.97586,44.2557],[12.00165,44.29616],[12.03559,44.33081],[12.0493,44.32513],[12.04854,44.31203],[12.05501,44.30531],[12.07274,44.29922],[12.08694,44.30052],[12.108,44.28855],[12.10325,44.27198],[12.17654,44.24511],[12.18893,44.25427],[12.20882,44.25561],[12.20998,44.23802],[12.20083,44.23012],[12.20754,44.22034],[12.22625,44.21412],[12.23965,44.21765],[12.24713,44.2308],[12.28024,44.23319],[12.34934,44.19073],[12.38352,44.22449],[12.45062,44.16222],[12.44112,44.15962],[12.42872,44.14734],[12.44264,44.14035],[12.43939,44.12757],[12.44999,44.11864],[12.45509,44.10312],[12.45208,44.0872],[12.42531,44.0885],[12.39987,44.06648],[12.37047,44.06603],[12.365,44.06138],[12.36055,44.04984],[12.39529,44.03025],[12.38835,44.02591],[12.38573,44.00979],[12.36942,43.98977],[12.35154,43.98538],[12.34653,43.97398],[12.32606,43.96521],[12.31253,43.94023],[12.29476,43.92819],[12.28629,43.92956],[12.27796,43.92475],[12.26864,43.92807],[12.25616,43.92093],[12.25084,43.91072],[12.2348,43.91696],[12.22224,43.91529],[12.21909,43.90806],[12.17028,43.92534],[12.1595,43.92175],[12.1589,43.90575],[12.16805,43.89756],[12.15244,43.86864],[12.14216,43.86233],[12.14314,43.85314],[12.13826,43.84764],[12.15056,43.83715],[12.14947,43.83329],[12.1308,43.82476],[12.11274,43.79643],[12.10289,43.79227],[12.09619,43.7653],[12.10745,43.75377],[12.07054,43.74073],[12.053,43.75697],[12.02035,43.76056],[12.00639,43.76652],[11.98651,43.76193],[11.95266,43.77658],[11.95117,43.78699]]]},"properties":{"name":"Forlì-Cesena","kind":"admin","source":"istat-province"}},{"type":"Feature","geometry":{"type":"Polygon","coordinates":[[[12.4524,44.10959],[12.44999,44.11864],[12.43939,44.12757],[12.44264,44.14035],[12.42872,44.14734],[12.44112,44.15962],[12.45062,44.16222],[12.53611,44.09053],[12.5609,44.07636],[12.57547,44.07851],[12.62054,44.03497],[12.66854,43.99971],[12.71371,43.97433],[12.75062,43.96854],[12.75564,43.96195],[12.72791,43.92418],[12.72712,43.9117],[12.73483,43.89602],[12.72265,43.88057],[12.73399,43.87026],[12.72796,43.86374],[12.70087,43.85856],[12.69666,43.85268],[12.6823,43.8528],[12.68132,43.82807],[12.67302,43.82371],[12.64446,43.82689],[12.62363,43.82104],[12.61002,43.8339],[12.6189,43.84263],[12.601,43.85051],[12.60256,43.86343],[12.58936,43.86525],[12.59302,43.87316],[12.58949,43.88564],[12.5659,43.88224],[12.56245,43.86982],[12.54169,43.86403],[12.51912,43.87514],[12.51817,43.88104],[12.49934,43.8736],[12.48794,43.88422],[12.48709,43.89427],[12.49241,43.91828],[12.51567,43.94153],[12.50679,43.95785],[12.50656,43.97093],[12.51585,43.98477],[12.51428,43.99088],[12.50947,43.9912],[12.46363,43.97469],[12.43687,43.95662],[12.41194,43.9522],[12.40459,43.9557],[12.40482,43.94404],[12.41525,43.93074],[12.40827,43.92152],[12.4125,43.9094],[12.40836,43.90297],[12.41768,43.89905],[12.44369,43.90498],[12.45112,43.89568],[12.46364,43.89124],[12.44569,43.87081],[12.40775,43.87671],[12.40061,43.87277],[12.40361,43.87045],[12.39746,43.86739],[12.39095,43.845],[12.39854,43.82636],[12.38797,43.81679],[12.36619,43.81333],[12.36214,43.8056],[12.34979,43.7996],[12.31589,43.80564],[12.28485,43.79479],[12.28276,43.78944],[12.289,43.78577],[12.28378,43.76492],[12.25563,43.76037],[12.2503,43.75638],[12.25466,43.7533],[12.24591,43.75119],[12.22899,43.75955],[12.20931,43.75707],[12.20717,43.74897],[12.19767,43.74481],[12.20056,43.74032],[12.19463,43.73192],[12.16367,43.76236],[12.12521,43.74929],[12.10745,43.75377],[12.09619,43.7653],[12.10289,43.79227],[12.11274,43.79643],[12.1308,43.82476],[12.14947,43.83329],[12.15056,43.83715],[12.13826,43.84764],[12.14314,43.85314],[12.14216,43.86233],[12.15244,43.86864],[12.16805,43.89756],[12.1589,43.90575],[12.1595,43.92175],[12.17028,43.92534],[12.21909,43.90806],[12.22224,43.91529],[12.2348,43.91696],[12.25084,43.91072],[12.25616,43.92093],[12.27019,43.92871],[12.27796,43.92475],[12.28629,43.92956],[12.29476,43.92819],[12.31253,43.94023],[12.32606,43.96521],[12.34653,43.97398],[12.35154,43.98538],[12.36737,43.98811],[12.38573,44.00979],[12.38512,44.02046],[12.39529,44.03025],[12.36055,44.04984],[12.365,44.06138],[12.37047,44.06603],[12.39987,44.06648],[12.42531,44.0885],[12.45208,44.0872],[12.4524,44.10959]],[[12.17654,43.81054],[12.16976,43.80463],[12.18614,43.77413],[12.19935,43.77038],[12.21438,43.78349],[12.23726,43.787],[12.238,43.8004],[12.22979,43.80868],[12.22426,43.80986],[12.21728,43.80275],[12.17654,43.81054]]]},"properties":{"name":"Rimini","kind":"admin","source":"istat-province"}},{"type":"Feature","geometry":{"type":"Polygon","coordinates":[[[9.89786,44.16359],[9.89237,44.16802],[9.93401,44.19662],[9.91451,44.1996],[9.90851,44.20977],[9.89715,44.20992],[9.87441,44.1953],[9.86496,44.18071],[9.85755,44.19351],[9.87536,44.22394],[9.85703,44.23403],[9.86112,44.25121],[9.85266,44.27021],[9.83944,44.2721],[9.83533,44.27887],[9.81478,44.28621],[9.80571,44.2828],[9.76542,44.30433],[9.75311,44.32273],[9.72946,44.32833],[9.71115,44.36358],[9.6867,44.36594],[9.7169,44.38317],[9.74274,44.38039],[9.74385,44.38948],[9.76048,44.39005],[9.75336,44.39746],[9.75646,44.40617],[9.77229,44.41617],[9.79824,44.44314],[9.81673,44.45205],[9.81994,44.46642],[9.89995,44.47271],[9.90923,44.46796],[9.92431,44.47237],[9.97071,44.46444],[9.97198,44.4514],[9.98067,44.44504],[9.99633,44.44689],[10.00694,44.43173],[9.98928,44.40433],[9.99667,44.39713],[10.02233,44.38266],[10.05711,44.37155],[10.09827,44.34629],[10.11979,44.35339],[10.14628,44.35213],[10.16195,44.34348],[10.16791,44.32991],[10.18961,44.31431],[10.20169,44.31238],[10.20883,44.30198],[10.21814,44.30469],[10.22626,44.29997],[10.23703,44.28165],[10.25386,44.26858],[10.25522,44.25559],[10.2471,44.25355],[10.23079,44.22835],[10.18677,44.20621],[10.19961,44.17268],[10.19312,44.16769],[10.19611,44.1607],[10.18295,44.13982],[10.18647,44.12374],[10.21367,44.1186],[10.23259,44.10865],[10.24319,44.0846],[10.23911,44.07163],[10.22192,44.05793],[10.22392,44.05156],[10.20161,44.0358],[10.20559,44.02409],[10.18418,44.01164],[10.18229,44.00414],[10.17256,43.99797],[10.17356,43.98744],[10.16682,43.98234],[10.14314,43.97563],[10.06693,44.02666],[10.01877,44.04448],[10.02869,44.05917],[10.07102,44.09367],[10.04738,44.11512],[10.02195,44.11962],[10.00381,44.10947],[9.99332,44.09268],[9.98345,44.09888],[9.99407,44.10576],[9.99535,44.11789],[9.9836,44.12476],[9.97635,44.13955],[9.97901,44.16103],[9.97403,44.16693],[9.92812,44.1662],[9.92015,44.16983],[9.89786,44.16359]]]},"properties":{"name":"Massa-Carrara","kind":"admin","source":"istat-province"}},{"type":"Feature","geometry":{"type":"Polygon","coordinates":[[[10.70536,43.84269],[10.72011,43.83257],[10.72788,43.81334],[10.71109,43.78635],[10.68753,43.80427],[10.66163,43.80616],[10.64587,43.79587],[10.62271,43.75669],[10.61019,43.75508],[10.5963,43.76023],[10.55397,43.74975],[10.52732,43.76099],[10.50086,43.7533],[10.46821,43.76668],[10.45328,43.76536],[10.44124,43.77823],[10.43905,43.78747],[10.45082,43.79427],[10.45201,43.80446],[10.436,43.81143],[10.42515,43.83496],[10.41378,43.82228],[10.40652,43.8265],[10.38001,43.81251],[10.32009,43.82294],[10.30705,43.82944],[10.25788,43.8157],[10.24226,43.84908],[10.24222,43.86422],[10.23122,43.88284],[10.18981,43.93349],[10.14314,43.97563],[10.17356,43.98744],[10.17256,43.99797],[10.18229,44.00414],[10.18529,44.0126],[10.20559,44.02409],[10.20161,44.0358],[10.22392,44.05156],[10.22192,44.05793],[10.23911,44.07163],[10.24319,44.0846],[10.23259,44.10865],[10.21367,44.1186],[10.18647,44.12374],[10.18295,44.13982],[10.19611,44.1607],[10.19312,44.16769],[10.19961,44.17268],[10.18677,44.20621],[10.23079,44.22835],[10.2471,44.25355],[10.25522,44.25559],[10.25386,44.26858],[10.29662,44.28546],[10.30712,44.28432],[10.31897,44.27558],[10.34276,44.26963],[10.37159,44.26938],[10.4074,44.24931],[10.41403,44.23584],[10.43026,44.22743],[10.46494,44.23114],[10.47292,44.22406],[10.48839,44.22087],[10.49299,44.21658],[10.48521,44.2045],[10.49025,44.19655],[10.52294,44.17484],[10.5197,44.16719],[10.52512,44.15624],[10.57751,44.1319],[10.58553,44.11859],[10.60509,44.11469],[10.62406,44.12037],[10.64416,44.10681],[10.665,44.10947],[10.68149,44.10499],[10.69257,44.09425],[10.70603,44.09293],[10.72232,44.08297],[10.72509,44.06378],[10.71896,44.04389],[10.73088,44.0386],[10.7378,44.02494],[10.70043,44.01127],[10.69443,43.999],[10.67133,43.9811],[10.67162,43.9524],[10.65793,43.91609],[10.64772,43.90935],[10.6547,43.89461],[10.65083,43.86995],[10.67033,43.86633],[10.67618,43.8679],[10.67084,43.87328],[10.67837,43.87553],[10.68693,43.86647],[10.68757,43.85669],[10.70536,43.84269]]]},"properties":{"name":"Lucca","kind":"admin","source":"istat-province"}},{"type":"Feature","geometry":{"type":"Polygon","coordinates":[[[11.02451,43.89693],[11.01295,43.86978],[11.02516,43.85752],[11.02454,43.84456],[11.0303,43.83885],[11.02136,43.84096],[11.01083,43.83137],[10.98835,43.8278],[10.98436,43.82015],[10.96411,43.81248],[10.94199,43.82341],[10.91578,43.80057],[10.87995,43.794],[10.84746,43.803],[10.81273,43.78883],[10.81788,43.79917],[10.81567,43.80871],[10.78659,43.79855],[10.72776,43.81417],[10.72011,43.83257],[10.68757,43.85669],[10.68693,43.86647],[10.67837,43.87553],[10.67084,43.87328],[10.67618,43.8679],[10.67033,43.86633],[10.65083,43.86995],[10.6547,43.89461],[10.64772,43.90935],[10.65793,43.91609],[10.67162,43.9524],[10.67133,43.9811],[10.69443,43.999],[10.70043,44.01127],[10.7378,44.02494],[10.73088,44.0386],[10.71896,44.04389],[10.72509,44.06378],[10.72232,44.08297],[10.70603,44.09293],[10.69257,44.09425],[10.67867,44.10593],[10.665,44.10947],[10.64344,44.10714],[10.62406,44.12037],[10.62375,44.14121],[10.63372,44.14643],[10.64121,44.15984],[10.66168,44.15385],[10.69399,44.15765],[10.75426,44.15415],[10.77326,44.13466],[10.79668,44.1274],[10.80335,44.11907],[10.81915,44.11245],[10.83088,44.11658],[10.8428,44.10963],[10.84866,44.09806],[10.86983,44.0999],[10.89208,44.09243],[10.90555,44.07942],[10.89952,44.0654],[10.91524,44.06226],[10.92755,44.07599],[10.94473,44.08168],[10.96962,44.10662],[10.96866,44.1142],[10.99404,44.12956],[10.99616,44.13618],[11.01431,44.13749],[11.01474,44.12438],[11.00475,44.12149],[11.00201,44.11089],[11.02767,44.09612],[11.04713,44.09495],[11.05447,44.07154],[11.03597,44.03996],[11.04038,44.0342],[11.03609,44.02626],[11.02294,44.01112],[11.0117,44.00548],[11.01433,43.99574],[11.03498,43.99909],[11.07148,43.98289],[11.06143,43.96609],[11.04732,43.96068],[11.02932,43.94196],[11.01818,43.91103],[11.02451,43.89693]]]},"properties":{"name":"Pistoia","kind":"admin","source":"istat-province"}},{"type":"Feature","geometry":{"type":"Polygon","coordinates":[[[11.20242,44.10074],[11.22835,44.10241],[11.24425,44.09703],[11.25296,44.10442],[11.26369,44.10427],[11.26023,44.11584],[11.21836,44.1294],[11.19585,44.14354],[11.19573,44.15141],[11.21402,44.15015],[11.23929,44.15892],[11.2715,44.1592],[11.28071,44.15534],[11.2981,44.16792],[11.2958,44.1724],[11.31678,44.1773],[11.32262,44.18224],[11.32441,44.19464],[11.34281,44.20582],[11.38055,44.2],[11.39833,44.22268],[11.42106,44.23924],[11.4513,44.22057],[11.44763,44.19949],[11.46772,44.1858],[11.48735,44.17943],[11.48738,44.17535],[11.50598,44.16347],[11.51316,44.16347],[11.51613,44.15755],[11.54442,44.15253],[11.55267,44.15927],[11.55298,44.16574],[11.56517,44.16724],[11.57324,44.16065],[11.61536,44.15825],[11.61671,44.14338],[11.60608,44.13864],[11.59729,44.12515],[11.58783,44.1237],[11.58457,44.11221],[11.61617,44.11849],[11.65256,44.10116],[11.674,44.11332],[11.67881,44.12291],[11.70588,44.12031],[11.74848,44.12474],[11.75294,44.12054],[11.74888,44.10414],[11.74008,44.09935],[11.7365,44.08735],[11.70943,44.0666],[11.69735,44.0503],[11.69548,44.03613],[11.68189,44.0212],[11.65652,44.01748],[11.66394,44.00555],[11.64555,43.98985],[11.654,43.97526],[11.66351,43.97414],[11.69088,43.95686],[11.68421,43.93513],[11.71703,43.92182],[11.71072,43.87801],[11.69202,43.87271],[11.6704,43.87683],[11.66038,43.87195],[11.64973,43.86024],[11.65268,43.84177],[11.64966,43.8456],[11.63021,43.84674],[11.62331,43.83169],[11.62853,43.82121],[11.62362,43.81487],[11.60482,43.81023],[11.60375,43.78737],[11.59509,43.77438],[11.58295,43.76811],[11.58682,43.75025],[11.57198,43.7343],[11.57774,43.72054],[11.59377,43.71601],[11.6111,43.69441],[11.60974,43.68635],[11.59649,43.68597],[11.53924,43.66158],[11.54183,43.65098],[11.54927,43.64662],[11.50796,43.64061],[11.48392,43.62613],[11.49423,43.62321],[11.50397,43.60586],[11.51599,43.59671],[11.51398,43.59088],[11.51984,43.57986],[11.49357,43.57816],[11.46453,43.58687],[11.46512,43.58147],[11.4453,43.5664],[11.40804,43.56072],[11.39751,43.54824],[11.38592,43.54723],[11.37907,43.53243],[11.36269,43.52577],[11.3339,43.52798],[11.30725,43.51822],[11.29357,43.51903],[11.29048,43.53289],[11.26959,43.54583],[11.27235,43.52973],[11.24813,43.50073],[11.20815,43.48036],[11.19001,43.49002],[11.17446,43.48979],[11.18713,43.5009],[11.19309,43.51433],[11.18347,43.52265],[11.16006,43.50785],[11.15052,43.48766],[11.14168,43.47957],[11.12046,43.47588],[11.11763,43.48157],[11.12128,43.48809],[11.11123,43.49814],[11.08114,43.51478],[11.07199,43.52742],[11.03837,43.53623],[11.03398,43.54668],[10.97701,43.51456],[10.96538,43.51401],[10.95409,43.49527],[10.96121,43.48211],[10.95151,43.45144],[10.92013,43.45738],[10.91084,43.46629],[10.89036,43.45959],[10.86984,43.46051],[10.86792,43.47269],[10.85129,43.47779],[10.86069,43.48719],[10.85654,43.494],[10.83837,43.496],[10.84683,43.50982],[10.82552,43.5355],[10.82946,43.55032],[10.84848,43.56266],[10.83064,43.56988],[10.8402,43.57694],[10.84077,43.58861],[10.8359,43.59303],[10.83457,43.60569],[10.8224,43.61391],[10.82584,43.62063],[10.83732,43.61996],[10.84976,43.62571],[10.87405,43.6142],[10.88826,43.63961],[10.90216,43.63636],[10.91104,43.63978],[10.93405,43.65773],[10.91551,43.66281],[10.90879,43.68099],[10.88828,43.69593],[10.87722,43.7192],[10.82451,43.71283],[10.82356,43.70357],[10.79792,43.70546],[10.77882,43.73716],[10.76483,43.73841],[10.73845,43.75384],[10.71109,43.78635],[10.72776,43.81417],[10.78659,43.79855],[10.81567,43.80871],[10.81788,43.79917],[10.81273,43.78883],[10.84746,43.803],[10.87995,43.794],[10.91578,43.80057],[10.94199,43.82341],[10.96411,43.81248],[10.97908,43.79515],[10.97782,43.78538],[11.00987,43.77534],[11.02812,43.77961],[11.03476,43.7669],[11.05673,43.75877],[11.06493,43.77609],[11.0562,43.78239],[11.07637,43.79293],[11.06516,43.80078],[11.06254,43.81763],[11.06964,43.82505],[11.08382,43.81772],[11.09498,43.82008],[11.12427,43.85262],[11.13468,43.85297],[11.14877,43.86661],[11.13456,43.88476],[11.14763,43.90226],[11.14165,43.90687],[11.16934,43.91861],[11.16073,43.93538],[11.17174,43.94158],[11.17511,43.95168],[11.16937,43.96282],[11.17395,43.97453],[11.17102,43.98041],[11.18004,43.99364],[11.17403,44.00998],[11.18696,44.017],[11.19157,44.02981],[11.17934,44.04577],[11.18619,44.05628],[11.18686,44.07441],[11.20492,44.0854],[11.19867,44.09758],[11.20242,44.10074]]]},"properties":{"name":"Firenze","kind":"admin","source":"istat-province"}},{"type":"Feature","geometry":{"type":"MultiPolygon","coordinates":[[[[10.67198,43.24694],[10.66622,43.24368],[10.67018,43.23501],[10.66251,43.22777],[10.67061,43.22198],[10.69031,43.2242],[10.68682,43.21854],[10.6905,43.20822],[10.6788,43.19298],[10.66206,43.19545],[10.64314,43.19076],[10.64924,43.17159],[10.66355,43.17326],[10.66529,43.15574],[10.6608,43.1498],[10.66635,43.14414],[10.689,43.14275],[10.69462,43.12593],[10.71961,43.12174],[10.71492,43.11412],[10.72182,43.10497],[10.72532,43.08258],[10.71391,43.07161],[10.72812,43.06638],[10.7538,43.07489],[10.78182,43.0623],[10.78358,43.05715],[10.77298,43.04423],[10.77685,43.02341],[10.79589,43.01692],[10.7802,43.00418],[10.76358,43.01332],[10.74136,43.01456],[10.73786,43.00144],[10.75133,42.98977],[10.75052,42.98553],[10.71444,42.95912],[10.70626,42.94193],[10.66057,42.95181],[10.59184,42.95419],[10.55021,42.94709],[10.55692,42.94579],[10.5524,42.93862],[10.54131,42.93557],[10.54656,42.92851],[10.5435,42.92075],[10.52118,42.92257],[10.51028,42.93283],[10.49551,42.93153],[10.49906,42.93595],[10.48387,42.96648],[10.48781,42.97653],[10.483,42.98839],[10.4947,42.9951],[10.50714,42.99067],[10.51606,42.99908],[10.51076,43.01215],[10.522,43.0205],[10.53689,43.08601],[10.53858,43.1683],[10.52584,43.24035],[10.50152,43.29084],[10.45932,43.32205],[10.45479,43.34464],[10.42499,43.39838],[10.40678,43.4088],[10.37878,43.4473],[10.38121,43.4501],[10.37877,43.44795],[10.35466,43.46377],[10.3411,43.4652],[10.33045,43.47384],[10.33201,43.48325],[10.32084,43.49942],[10.31893,43.51031],[10.29558,43.54137],[10.30419,43.54895],[10.29412,43.55241],[10.31635,43.5736],[10.31993,43.58433],[10.31126,43.57145],[10.30359,43.57823],[10.3051,43.56652],[10.29814,43.56191],[10.29898,43.58145],[10.40924,43.62058],[10.41143,43.61762],[10.43426,43.63351],[10.47816,43.63439],[10.50893,43.62921],[10.49756,43.61948],[10.49861,43.61125],[10.4862,43.58639],[10.47521,43.58404],[10.47966,43.55809],[10.46433,43.53984],[10.47112,43.52163],[10.47904,43.51809],[10.47384,43.50482],[10.49101,43.47021],[10.49195,43.45636],[10.49991,43.44767],[10.48722,43.43758],[10.50437,43.43662],[10.50699,43.43215],[10.50093,43.41303],[10.49424,43.40788],[10.50631,43.36931],[10.51466,43.36209],[10.54003,43.36777],[10.53339,43.35716],[10.53212,43.33569],[10.52314,43.32559],[10.53311,43.32285],[10.54046,43.31312],[10.5618,43.30831],[10.56634,43.29731],[10.61482,43.28282],[10.65185,43.28354],[10.65711,43.29226],[10.66792,43.2908],[10.68435,43.30079],[10.69537,43.29564],[10.69674,43.28086],[10.66701,43.2651],[10.67198,43.24694]]],[[[10.09841,42.5889],[10.10029,42.57489],[10.08768,42.56786],[10.05213,42.57387],[10.04557,42.58143],[10.05422,42.58985],[10.06398,42.58684],[10.07398,42.59093],[10.08254,42.60439],[10.07965,42.61935],[10.08904,42.61474],[10.08652,42.60332],[10.09841,42.5889]]],[[[10.26537,42.74474],[10.23801,42.74823],[10.23457,42.73682],[10.24081,42.73298],[10.23679,42.72604],[10.18814,42.73625],[10.15143,42.73051],[10.13906,42.73262],[10.12224,42.74178],[10.10556,42.76261],[10.10328,42.78643],[10.10939,42.79459],[10.13992,42.80931],[10.17461,42.80628],[10.18597,42.81226],[10.19841,42.80588],[10.20604,42.8071],[10.21983,42.79296],[10.24186,42.78739],[10.24895,42.79115],[10.24757,42.79897],[10.26135,42.79785],[10.26941,42.80346],[10.27532,42.81846],[10.26032,42.82722],[10.26315,42.83009],[10.2954,42.81874],[10.33457,42.81674],[10.33123,42.81192],[10.32389,42.81391],[10.31503,42.80955],[10.31737,42.80464],[10.34558,42.79658],[10.36095,42.80269],[10.35943,42.81705],[10.36762,42.81733],[10.37926,42.8275],[10.39049,42.84352],[10.38998,42.85069],[10.40772,42.87134],[10.41356,42.87287],[10.42162,42.85945],[10.44379,42.84741],[10.42862,42.81631],[10.42979,42.80578],[10.43428,42.80286],[10.43419,42.77561],[10.38571,42.75935],[10.40162,42.75745],[10.41102,42.74379],[10.43277,42.73489],[10.4353,42.72038],[10.43041,42.71178],[10.41997,42.7077],[10.41116,42.71635],[10.38272,42.71498],[10.35824,42.74924],[10.35815,42.75833],[10.34461,42.76395],[10.31818,42.75997],[10.32576,42.74402],[10.31951,42.73602],[10.3085,42.75946],[10.29956,42.75944],[10.291,42.75305],[10.28703,42.73562],[10.27195,42.73779],[10.26537,42.74474]]],[[[9.83548,43.04912],[9.84473,43.0495],[9.8476,43.04515],[9.84182,43.02983],[9.81368,43.00371],[9.80128,43.00689],[9.79128,43.02316],[9.79942,43.03534],[9.80014,43.05377],[9.82557,43.0729],[9.83681,43.06516],[9.83548,43.04912]]],[[[9.90143,43.43956],[9.90851,43.43503],[9.90762,43.42546],[9.90052,43.42009],[9.88967,43.42306],[9.89249,43.43627],[9.90138,43.43572],[9.90143,43.43956]]],[[[10.33001,42.3222],[10.31542,42.31419],[10.29374,42.31735],[10.28869,42.33171],[10.29267,42.34425],[10.29958,42.35065],[10.3143,42.35062],[10.32804,42.34194],[10.33001,42.3222]]]]},"properties":{"name":"Livorno","kind":"admin","source":"istat-province"}},{"type":"Feature","geometry":{"type":"Polygon","coordinates":[[[10.64548,43.79503],[10.66163,43.80616],[10.68753,43.80427],[10.71109,43.78635],[10.73845,43.75384],[10.76483,43.73841],[10.77882,43.73716],[10.79792,43.70546],[10.82356,43.70357],[10.82451,43.71283],[10.87722,43.7192],[10.88828,43.69593],[10.90879,43.68099],[10.91551,43.66281],[10.93405,43.65773],[10.91104,43.63978],[10.90216,43.63636],[10.88826,43.63961],[10.87405,43.6142],[10.84976,43.62571],[10.82552,43.62044],[10.8224,43.61391],[10.83457,43.60569],[10.8359,43.59303],[10.84086,43.58813],[10.8402,43.57694],[10.83064,43.56988],[10.84848,43.56266],[10.82946,43.55032],[10.82552,43.5355],[10.84683,43.50982],[10.83837,43.496],[10.85654,43.494],[10.86069,43.48719],[10.85129,43.47779],[10.86792,43.47269],[10.86984,43.46051],[10.89036,43.45959],[10.91084,43.46629],[10.92013,43.45738],[10.95151,43.45144],[10.97872,43.41956],[10.97896,43.40683],[10.98406,43.40225],[11.00203,43.40125],[11.00501,43.38064],[11.01265,43.37658],[11.01401,43.36523],[10.99771,43.34404],[10.97207,43.34426],[10.97005,43.31366],[10.95403,43.31162],[10.95206,43.30205],[10.98597,43.28736],[10.98483,43.27901],[10.99758,43.26511],[10.99125,43.24556],[10.99652,43.23947],[10.98894,43.23112],[10.95701,43.23632],[10.93947,43.24515],[10.92721,43.23113],[10.93873,43.227],[10.94141,43.20401],[10.9109,43.18044],[10.90867,43.15977],[10.86614,43.1571],[10.8418,43.16109],[10.81535,43.15072],[10.8112,43.16003],[10.80052,43.16261],[10.76805,43.14313],[10.76381,43.15265],[10.7554,43.15399],[10.74915,43.1244],[10.7175,43.10876],[10.71746,43.12444],[10.69802,43.12452],[10.689,43.14275],[10.66307,43.14579],[10.66355,43.17326],[10.64924,43.17159],[10.64314,43.19076],[10.66206,43.19545],[10.6788,43.19298],[10.68971,43.20645],[10.68682,43.21854],[10.69062,43.22395],[10.67061,43.22198],[10.66209,43.22949],[10.66966,43.23393],[10.66622,43.24368],[10.67198,43.24694],[10.66701,43.2651],[10.69674,43.28086],[10.69701,43.29473],[10.68435,43.30079],[10.66792,43.2908],[10.65711,43.29226],[10.65185,43.28354],[10.61482,43.28282],[10.56634,43.29731],[10.5618,43.30831],[10.54046,43.31312],[10.53311,43.32285],[10.52314,43.32559],[10.53212,43.33569],[10.53339,43.35716],[10.54003,43.36777],[10.51466,43.36209],[10.50631,43.36931],[10.49424,43.40788],[10.50093,43.41303],[10.50699,43.43215],[10.50437,43.43662],[10.48722,43.43758],[10.49991,43.44767],[10.49195,43.45636],[10.49101,43.47021],[10.47384,43.50482],[10.47904,43.51809],[10.47112,43.52163],[10.46433,43.53984],[10.47966,43.55809],[10.47521,43.58404],[10.4862,43.58639],[10.49861,43.61125],[10.49756,43.61948],[10.50893,43.62921],[10.47816,43.63439],[10.43426,43.63351],[10.41143,43.61762],[10.40924,43.62058],[10.29823,43.58122],[10.29056,43.60156],[10.2856,43.64219],[10.27256,43.6719],[10.28277,43.69092],[10.27655,43.71919],[10.2775,43.73805],[10.25844,43.81541],[10.30705,43.82944],[10.32009,43.82294],[10.38001,43.81251],[10.40652,43.8265],[10.41378,43.82228],[10.42515,43.83496],[10.436,43.81143],[10.45201,43.80446],[10.45082,43.79427],[10.43905,43.78747],[10.44124,43.77823],[10.45328,43.76536],[10.46821,43.76668],[10.50086,43.7533],[10.52732,43.76099],[10.55397,43.74975],[10.5963,43.76023],[10.61019,43.75508],[10.62271,43.75669],[10.64548,43.79503]]]},"properties":{"name":"Pisa","kind":"admin","source":"istat-province"}},{"type":"Feature","geometry":{"type":"MultiPolygon","coordinates":[[[[12.10273,43.52993],[12.09139,43.51282],[12.09188,43.50179],[12.13096,43.48264],[12.14067,43.48247],[12.14483,43.47957],[12.14324,43.47029],[12.10403,43.46045],[12.09989,43.44779],[12.08136,43.43405],[12.05688,43.43825],[12.0512,43.43024],[12.03214,43.42371],[12.02521,43.41557],[12.0267,43.41026],[12.03294,43.40022],[12.0521,43.39832],[12.07096,43.40499],[12.07731,43.40214],[12.07374,43.36859],[12.09342,43.36642],[12.10257,43.37245],[12.12487,43.35792],[12.13546,43.3417],[12.13385,43.31592],[12.12584,43.3068],[12.13252,43.29307],[12.17704,43.28178],[12.18522,43.29438],[12.18316,43.30083],[12.19382,43.31307],[12.22347,43.29501],[12.20865,43.28196],[12.17471,43.27309],[12.14858,43.25462],[12.12105,43.25495],[12.09237,43.23591],[12.0489,43.25311],[12.03359,43.2464],[12.03965,43.22899],[12.02722,43.20244],[12.02749,43.19162],[12.01878,43.18408],[11.98748,43.18052],[11.96219,43.16696],[11.93041,43.17666],[11.91949,43.16776],[11.90342,43.1745],[11.88782,43.15633],[11.85136,43.18558],[11.83838,43.20536],[11.83373,43.22447],[11.79628,43.22191],[11.77492,43.23806],[11.75119,43.23693],[11.72129,43.25426],[11.71214,43.27712],[11.70251,43.2846],[11.67805,43.28552],[11.65802,43.3217],[11.62465,43.34334],[11.56757,43.36273],[11.56332,43.37466],[11.54801,43.37774],[11.52973,43.39861],[11.53434,43.41049],[11.54561,43.42133],[11.54198,43.44263],[11.55063,43.45958],[11.52848,43.45693],[11.51327,43.46873],[11.50176,43.4607],[11.45955,43.49985],[11.46081,43.51029],[11.43588,43.51161],[11.42516,43.52972],[11.41456,43.53489],[11.40611,43.54614],[11.39751,43.54824],[11.40804,43.56072],[11.4453,43.5664],[11.46512,43.58147],[11.46453,43.58687],[11.49357,43.57816],[11.52154,43.58108],[11.51398,43.59088],[11.51599,43.59671],[11.50397,43.60586],[11.49507,43.6224],[11.48392,43.62613],[11.50796,43.64061],[11.54927,43.64662],[11.54183,43.65098],[11.53924,43.66158],[11.59649,43.68597],[11.60974,43.68635],[11.6111,43.69441],[11.59377,43.71601],[11.57774,43.72054],[11.57198,43.7343],[11.58682,43.75025],[11.58295,43.76811],[11.59509,43.77438],[11.60375,43.78737],[11.60482,43.81023],[11.62362,43.81487],[11.62853,43.82121],[11.62331,43.83169],[11.63021,43.84674],[11.64966,43.8456],[11.65268,43.84177],[11.64973,43.86024],[11.66038,43.87195],[11.6704,43.87683],[11.69202,43.87271],[11.70977,43.87747],[11.72189,43.87438],[11.73248,43.86317],[11.78573,43.84702],[11.81756,43.81983],[11.84167,43.80802],[11.86741,43.81691],[11.87615,43.81054],[11.89643,43.80778],[11.90975,43.81272],[11.91247,43.79978],[11.91879,43.79369],[11.94782,43.79064],[11.95338,43.77609],[11.98651,43.76193],[12.00639,43.76652],[12.02035,43.76056],[12.053,43.75697],[12.07054,43.74073],[12.10745,43.75377],[12.12358,43.74915],[12.14208,43.7526],[12.16367,43.76236],[12.19463,43.73192],[12.20056,43.74032],[12.19767,43.74481],[12.20717,43.74897],[12.20931,43.75707],[12.22899,43.75955],[12.24591,43.75119],[12.25466,43.7533],[12.2503,43.75638],[12.25563,43.76037],[12.28378,43.76492],[12.32707,43.75101],[12.3377,43.73691],[12.36819,43.7151],[12.3701,43.70728],[12.35732,43.70202],[12.34511,43.70998],[12.33049,43.70797],[12.33624,43.67813],[12.33083,43.67362],[12.31572,43.67792],[12.32137,43.6934],[12.31402,43.70082],[12.31413,43.72048],[12.30964,43.7301],[12.30561,43.72849],[12.30095,43.71998],[12.30577,43.69794],[12.29721,43.68595],[12.27348,43.67596],[12.24507,43.68148],[12.251,43.67372],[12.24948,43.66893],[12.23266,43.6556],[12.22014,43.65071],[12.20369,43.65174],[12.18551,43.64183],[12.18967,43.63288],[12.20991,43.62103],[12.21383,43.61088],[12.19981,43.60325],[12.19437,43.58875],[12.16266,43.56137],[12.15324,43.52871],[12.1421,43.53577],[12.10273,43.52993]]],[[[12.19935,43.77038],[12.18493,43.77519],[12.17275,43.79566],[12.17091,43.80775],[12.17654,43.81054],[12.21728,43.80275],[12.22426,43.80986],[12.23346,43.80652],[12.23828,43.79955],[12.23726,43.787],[12.21438,43.78349],[12.19935,43.77038]]]]},"properties":{"name":"Arezzo","kind":"admin","source":"istat-province"}},{"type":"Feature","geometry":{"type":"Polygon","coordinates":[[[11.63621,42.85846],[11.6246,42.86517],[11.61969,42.88141],[11.62528,42.89013],[11.6268,42.91161],[11.62106,42.91384],[11.62384,42.92822],[11.61455,42.94471],[11.60952,42.95159],[11.59554,42.95109],[11.5716,42.97026],[11.53057,42.96516],[11.52623,42.96777],[11.52859,42.97374],[11.51501,42.98119],[11.49792,42.97603],[11.48749,42.96429],[11.45624,42.9573],[11.44785,42.96149],[11.43803,42.95833],[11.38266,42.96346],[11.35039,42.97202],[11.3614,42.97848],[11.37546,42.97896],[11.37717,42.98545],[11.3686,42.98762],[11.36509,42.99421],[11.38052,42.99608],[11.37423,43.00458],[11.36109,43.00998],[11.35952,43.04147],[11.3657,43.05421],[11.36146,43.08324],[11.35352,43.07957],[11.32855,43.0916],[11.3217,43.08434],[11.30937,43.08905],[11.29723,43.07712],[11.2814,43.08357],[11.24169,43.08439],[11.23059,43.0922],[11.1751,43.08999],[11.16893,43.07851],[11.12895,43.08477],[11.12234,43.09155],[11.08359,43.08356],[11.0763,43.08836],[11.06477,43.11079],[11.07112,43.12348],[11.05114,43.14359],[11.06033,43.15482],[11.0591,43.18388],[11.04544,43.18055],[11.0217,43.18906],[11.01244,43.17731],[10.97496,43.17577],[10.94243,43.16035],[10.9088,43.16393],[10.91119,43.18082],[10.94141,43.20401],[10.93873,43.227],[10.92721,43.23113],[10.93947,43.24515],[10.95701,43.23632],[10.98894,43.23112],[10.9966,43.23977],[10.99125,43.24556],[10.99758,43.26511],[10.98483,43.27901],[10.98597,43.28736],[10.95206,43.30205],[10.95403,43.31162],[10.97005,43.31366],[10.97207,43.34426],[10.99771,43.34404],[11.01401,43.36523],[11.01265,43.37658],[11.00501,43.38064],[11.00203,43.40125],[10.98406,43.40225],[10.97896,43.40683],[10.97689,43.42241],[10.95085,43.45006],[10.96121,43.48211],[10.95409,43.49527],[10.96538,43.51401],[10.97701,43.51456],[11.03398,43.54668],[11.03837,43.53623],[11.07199,43.52742],[11.08114,43.51478],[11.11123,43.49814],[11.12128,43.48809],[11.11763,43.48157],[11.12046,43.47588],[11.14168,43.47957],[11.15052,43.48766],[11.16006,43.50785],[11.18347,43.52265],[11.19309,43.51433],[11.18713,43.5009],[11.17446,43.48979],[11.19001,43.49002],[11.20815,43.48036],[11.24813,43.50073],[11.27235,43.52973],[11.26959,43.54583],[11.29048,43.53289],[11.29357,43.51903],[11.30725,43.51822],[11.33738,43.52861],[11.36402,43.52612],[11.37907,43.53243],[11.38592,43.54723],[11.4045,43.54694],[11.426,43.52885],[11.43588,43.51161],[11.46081,43.51029],[11.45955,43.49985],[11.50176,43.4607],[11.51327,43.46873],[11.52848,43.45693],[11.55063,43.45958],[11.54198,43.44263],[11.54594,43.42243],[11.53434,43.41049],[11.53152,43.39234],[11.54801,43.37774],[11.56332,43.37466],[11.56757,43.36273],[11.62465,43.34334],[11.65802,43.3217],[11.67805,43.28552],[11.7004,43.28578],[11.71036,43.27914],[11.72129,43.25426],[11.75119,43.23693],[11.77616,43.23758],[11.79628,43.22191],[11.83373,43.22447],[11.83838,43.20536],[11.85136,43.18558],[11.88782,43.15633],[11.90342,43.1745],[11.91949,43.16776],[11.93041,43.17666],[11.96125,43.16691],[11.92874,43.15262],[11.92042,43.13167],[11.91235,43.1284],[11.93073,43.09339],[11.92364,43.07467],[11.9321,43.06769],[11.93607,43.05593],[11.94808,43.0556],[11.95659,43.06868],[11.97312,43.06364],[11.9824,43.05095],[11.97238,43.03534],[11.97196,43.02196],[11.95465,42.97951],[11.94952,42.97653],[11.95208,42.9497],[11.94257,42.93828],[11.93272,42.9085],[11.93673,42.90346],[11.95208,42.90099],[11.95881,42.89165],[11.95866,42.87106],[11.92902,42.86929],[11.91322,42.85055],[11.89189,42.84288],[11.89459,42.83429],[11.85059,42.83868],[11.83201,42.82682],[11.81457,42.82335],[11.81143,42.79914],[11.80685,42.79486],[11.78639,42.81629],[11.7685,42.81996],[11.74602,42.78576],[11.70246,42.79905],[11.66289,42.78809],[11.64134,42.7997],[11.62558,42.79794],[11.62355,42.80526],[11.63177,42.80731],[11.63562,42.81827],[11.63222,42.8272],[11.63621,42.85846]]]},"properties":{"name":"Siena","kind":"admin","source":"istat-province"}},{"type":"Feature","geometry":{"type":"MultiPolygon","coordinates":[[[[11.52167,42.43414],[11.48889,42.43937],[11.48191,42.43449],[11.48193,42.41979],[11.44978,42.39404],[11.45502,42.38814],[11.44985,42.37754],[11.35223,42.40073],[11.29836,42.40815],[11.28986,42.40516],[11.28039,42.40828],[11.27859,42.41685],[11.26248,42.41971],[11.21005,42.40874],[11.20553,42.40131],[11.21325,42.38848],[11.19234,42.3799],[11.18996,42.36364],[11.16571,42.368],[11.15316,42.36107],[11.14238,42.37731],[11.11676,42.39033],[11.09801,42.3932],[11.08974,42.40829],[11.08973,42.42581],[11.1045,42.44733],[11.11216,42.44704],[11.12258,42.4346],[11.13211,42.43904],[11.13962,42.43398],[11.1601,42.43435],[11.18247,42.46008],[11.19031,42.48461],[11.19147,42.5131],[11.17143,42.54749],[11.15668,42.5628],[11.13903,42.56074],[11.13287,42.55298],[11.12221,42.56122],[11.11124,42.57648],[11.10217,42.60158],[11.0823,42.61346],[11.08851,42.61792],[11.08533,42.62682],[11.00998,42.65918],[10.9827,42.71311],[10.95154,42.73689],[10.91181,42.75344],[10.87157,42.76376],[10.7846,42.77566],[10.73327,42.80349],[10.75551,42.80745],[10.76546,42.81692],[10.77602,42.84371],[10.76943,42.86949],[10.78657,42.8887],[10.77545,42.90735],[10.76357,42.91623],[10.70626,42.94193],[10.71444,42.95912],[10.75052,42.98553],[10.75133,42.98977],[10.73786,43.00144],[10.74136,43.01456],[10.76358,43.01332],[10.7802,43.00418],[10.79622,43.01766],[10.77685,43.02341],[10.77298,43.04423],[10.78381,43.05767],[10.78042,43.06338],[10.7538,43.07489],[10.72812,43.06638],[10.71287,43.07291],[10.72532,43.08258],[10.72182,43.10497],[10.7175,43.10876],[10.74915,43.1244],[10.7554,43.15399],[10.76381,43.15265],[10.76805,43.14313],[10.80052,43.16261],[10.8112,43.16003],[10.81535,43.15072],[10.8418,43.16109],[10.86942,43.15705],[10.91154,43.16263],[10.94243,43.16035],[10.97496,43.17577],[11.01467,43.17813],[11.01821,43.18836],[11.04614,43.18046],[11.0591,43.18388],[11.06033,43.15482],[11.05114,43.14359],[11.07112,43.12348],[11.06477,43.11079],[11.0763,43.08836],[11.08359,43.08356],[11.12234,43.09155],[11.12895,43.08477],[11.16893,43.07851],[11.1751,43.08999],[11.23059,43.0922],[11.24169,43.08439],[11.2814,43.08357],[11.29723,43.07712],[11.30937,43.08905],[11.3217,43.08434],[11.32855,43.0916],[11.35352,43.07957],[11.36265,43.08253],[11.3657,43.05421],[11.35952,43.04147],[11.36109,43.00998],[11.37423,43.00458],[11.38052,42.99608],[11.36525,42.99455],[11.3686,42.98762],[11.37748,42.98423],[11.37474,42.97855],[11.3614,42.97848],[11.35039,42.97202],[11.35802,42.96747],[11.41168,42.95982],[11.44908,42.96136],[11.45702,42.95735],[11.487,42.96409],[11.49792,42.97603],[11.51766,42.98122],[11.52859,42.97374],[11.52936,42.96543],[11.5716,42.97026],[11.59587,42.95091],[11.60986,42.95142],[11.62375,42.92852],[11.62106,42.91384],[11.62654,42.91358],[11.62539,42.8906],[11.61969,42.88141],[11.6246,42.86517],[11.63621,42.85846],[11.63726,42.85282],[11.63222,42.8272],[11.63557,42.818],[11.63177,42.80731],[11.62355,42.80526],[11.62514,42.79832],[11.64134,42.7997],[11.66158,42.78809],[11.67759,42.7893],[11.69814,42.79896],[11.71225,42.79747],[11.75927,42.78224],[11.77942,42.75802],[11.8067,42.75373],[11.81866,42.74577],[11.80936,42.73388],[11.80156,42.70719],[11.78114,42.70533],[11.78652,42.68863],[11.78452,42.67132],[11.80099,42.66827],[11.80936,42.65336],[11.80478,42.644],[11.78089,42.63468],[11.74976,42.63965],[11.75183,42.6256],[11.73597,42.60666],[11.71111,42.61091],[11.70019,42.601],[11.68005,42.59531],[11.68594,42.58531],[11.68146,42.58133],[11.65717,42.57716],[11.64337,42.56635],[11.62611,42.56943],[11.61619,42.55987],[11.60089,42.5698],[11.58072,42.56792],[11.58435,42.54275],[11.56883,42.53383],[11.56124,42.51729],[11.56734,42.50992],[11.58054,42.50877],[11.59524,42.49559],[11.61632,42.48839],[11.62003,42.47472],[11.6181,42.43676],[11.54428,42.44216],[11.52167,42.43414]]],[[[11.11471,42.25911],[11.11658,42.25089],[11.10857,42.25547],[11.10238,42.24805],[11.11213,42.24291],[11.10988,42.23824],[11.09838,42.24229],[11.09131,42.25326],[11.10968,42.26361],[11.11471,42.25911]]],[[[10.88661,42.38966],[10.90641,42.38138],[10.92468,42.35531],[10.92043,42.35213],[10.92231,42.34435],[10.93034,42.33953],[10.93139,42.3314],[10.92113,42.31956],[10.89967,42.3304],[10.88242,42.35186],[10.86657,42.35436],[10.86778,42.36896],[10.88159,42.36762],[10.88017,42.38883],[10.88661,42.38966]]]]},"properties":{"name":"Grosseto","kind":"admin","source":"istat-province"}},{"type":"Feature","geometry":{"type":"Polygon","coordinates":[[[11.04943,44.09025],[11.08943,44.08995],[11.12764,44.10968],[11.16034,44.1124],[11.20242,44.10074],[11.19867,44.09758],[11.20492,44.0854],[11.18686,44.07441],[11.18619,44.05628],[11.18041,44.0511],[11.17942,44.0423],[11.19157,44.02981],[11.18696,44.017],[11.17403,44.00998],[11.18004,43.99364],[11.17102,43.98041],[11.17395,43.97453],[11.16937,43.96282],[11.17511,43.95168],[11.17174,43.94158],[11.16073,43.93538],[11.16934,43.91861],[11.14165,43.90687],[11.14763,43.90226],[11.13457,43.88479],[11.14877,43.86661],[11.13468,43.85297],[11.12427,43.85262],[11.09498,43.82008],[11.08382,43.81772],[11.06964,43.82505],[11.06254,43.81763],[11.06516,43.80078],[11.07637,43.79293],[11.0562,43.78239],[11.06493,43.77609],[11.05509,43.7584],[11.03476,43.7669],[11.02812,43.77961],[11.00987,43.77534],[10.97782,43.78538],[10.97908,43.79515],[10.96411,43.81248],[10.98436,43.82015],[10.98835,43.8278],[11.01083,43.83137],[11.02136,43.84096],[11.0303,43.83885],[11.02454,43.84456],[11.02516,43.85752],[11.01295,43.86978],[11.0256,43.89926],[11.01818,43.91103],[11.02058,43.92042],[11.03015,43.94322],[11.04732,43.96068],[11.06143,43.96609],[11.07148,43.98289],[11.03498,43.99909],[11.01433,43.99574],[11.0117,44.00548],[11.02903,44.01666],[11.04038,44.0342],[11.03597,44.03996],[11.05447,44.07154],[11.04841,44.08226],[11.04943,44.09025]]]},"properties":{"name":"Prato","kind":"admin","source":"istat-province"}},{"type":"Feature","geometry":{"type":"MultiPolygon","coordinates":[[[[13.15849,42.65425],[13.14477,42.64608],[13.12995,42.65966],[13.11819,42.65765],[13.11759,42.65013],[13.10904,42.64189],[13.06196,42.6231],[13.03573,42.628],[13.03098,42.63738],[13.02428,42.63904],[13.01427,42.63037],[13.01122,42.61711],[12.9525,42.61893],[12.93745,42.61536],[12.93012,42.60288],[12.88675,42.61975],[12.88492,42.62738],[12.89265,42.63407],[12.88953,42.64085],[12.86709,42.65633],[12.86056,42.66691],[12.82809,42.67103],[12.80806,42.65687],[12.7924,42.663],[12.77506,42.63597],[12.75019,42.634],[12.73382,42.62414],[12.73619,42.61077],[12.72044,42.59686],[12.71209,42.62236],[12.69767,42.6372],[12.67559,42.64385],[12.66371,42.65914],[12.64133,42.66637],[12.63913,42.67487],[12.62223,42.67349],[12.61428,42.69464],[12.58388,42.68818],[12.57989,42.70555],[12.59224,42.71118],[12.61929,42.70824],[12.62838,42.72153],[12.61259,42.72119],[12.60486,42.73044],[12.6031,42.74226],[12.59103,42.74877],[12.58458,42.74913],[12.57695,42.73989],[12.5805,42.7193],[12.57331,42.71378],[12.54399,42.71569],[12.53243,42.71105],[12.51607,42.7178],[12.51193,42.73248],[12.49321,42.73472],[12.48915,42.72637],[12.46253,42.7047],[12.45014,42.70228],[12.4171,42.68043],[12.41236,42.70127],[12.40165,42.69953],[12.39681,42.67716],[12.38663,42.67331],[12.36871,42.68693],[12.37207,42.69314],[12.36952,42.70457],[12.37673,42.70766],[12.37268,42.71293],[12.35851,42.72054],[12.32848,42.75318],[12.31563,42.74084],[12.29731,42.74894],[12.29204,42.76656],[12.29077,42.7812],[12.30094,42.78197],[12.29919,42.79498],[12.31338,42.83373],[12.32307,42.8394],[12.32728,42.85038],[12.32274,42.86285],[12.32883,42.87115],[12.33055,42.88964],[12.30471,42.88968],[12.3061,42.8972],[12.31807,42.90631],[12.31945,42.91536],[12.29145,42.9176],[12.28199,42.92402],[12.23075,42.92139],[12.22882,42.92609],[12.21319,42.92554],[12.20545,42.93359],[12.18865,42.93954],[12.17246,42.93351],[12.14768,42.93954],[12.1388,42.93676],[12.12736,42.94313],[12.08588,42.94094],[12.06158,42.93403],[12.05082,42.94075],[12.04981,42.93416],[12.03678,42.9317],[12.01551,42.90902],[11.99971,42.90993],[12.01139,42.90557],[12.00983,42.89235],[12.03009,42.88132],[12.0087,42.8797],[11.9637,42.86578],[11.93558,42.86371],[11.93375,42.86971],[11.95735,42.8701],[11.97052,42.88857],[11.98539,42.89262],[11.99795,42.9087],[11.96709,42.91058],[11.95761,42.91678],[11.95178,42.91321],[11.95208,42.90099],[11.93348,42.90542],[11.94257,42.93828],[11.95208,42.9497],[11.94952,42.97653],[11.95465,42.97951],[11.97196,43.02196],[11.97238,43.03534],[11.98243,43.05056],[11.97312,43.06364],[11.95659,43.06868],[11.94808,43.0556],[11.94007,43.05328],[11.92364,43.07467],[11.93095,43.0924],[11.91235,43.1284],[11.92042,43.13167],[11.92498,43.14925],[11.98748,43.18052],[12.00642,43.18053],[12.02407,43.18816],[12.03965,43.22899],[12.03396,43.2467],[12.0489,43.25311],[12.09237,43.23591],[12.12105,43.25495],[12.14858,43.25462],[12.17471,43.27309],[12.20865,43.28196],[12.22389,43.2958],[12.19382,43.31307],[12.18316,43.30083],[12.18522,43.29438],[12.17704,43.28178],[12.13252,43.29307],[12.12584,43.3068],[12.13385,43.31592],[12.13546,43.3417],[12.12143,43.36166],[12.10257,43.37245],[12.09342,43.36642],[12.07543,43.36703],[12.07302,43.38756],[12.07777,43.39944],[12.07214,43.40455],[12.0521,43.39832],[12.03144,43.40108],[12.02521,43.41557],[12.03214,43.42371],[12.0512,43.43024],[12.05788,43.4385],[12.08136,43.43405],[12.09989,43.44779],[12.10403,43.46045],[12.14324,43.47029],[12.14483,43.47957],[12.14067,43.48247],[12.13096,43.48264],[12.0925,43.50107],[12.09089,43.51123],[12.09576,43.52318],[12.10273,43.52993],[12.1421,43.53577],[12.15324,43.52871],[12.16266,43.56137],[12.19437,43.58875],[12.19981,43.60325],[12.21383,43.61088],[12.22528,43.59392],[12.26146,43.5889],[12.26788,43.59386],[12.28779,43.59463],[12.29458,43.59326],[12.29241,43.58649],[12.29954,43.58587],[12.31347,43.6022],[12.35116,43.61148],[12.35612,43.61734],[12.3713,43.61117],[12.36131,43.59654],[12.3735,43.58429],[12.34403,43.55286],[12.31979,43.55317],[12.31276,43.5442],[12.33318,43.52358],[12.35012,43.52183],[12.36674,43.53409],[12.38734,43.52135],[12.38507,43.51233],[12.39482,43.50884],[12.40021,43.50977],[12.40298,43.51987],[12.41794,43.53489],[12.43737,43.53855],[12.45922,43.51646],[12.48053,43.52745],[12.49981,43.52146],[12.56426,43.4598],[12.61958,43.42703],[12.62286,43.42124],[12.6194,43.41657],[12.63731,43.4315],[12.66318,43.43683],[12.70886,43.42468],[12.71527,43.44609],[12.73576,43.46375],[12.7712,43.45734],[12.77644,43.45052],[12.76631,43.4454],[12.76556,43.42712],[12.77966,43.4142],[12.77443,43.40197],[12.74681,43.39045],[12.74905,43.37881],[12.79873,43.32504],[12.80099,43.29479],[12.78898,43.28323],[12.80601,43.27069],[12.82476,43.26657],[12.82814,43.23528],[12.8372,43.22518],[12.83661,43.21753],[12.85058,43.20994],[12.86234,43.21125],[12.86539,43.20606],[12.86818,43.18845],[12.86249,43.16597],[12.85152,43.15368],[12.82965,43.14551],[12.843,43.12234],[12.85853,43.12521],[12.88131,43.12121],[12.88503,43.09964],[12.89733,43.09348],[12.88993,43.05888],[12.89305,43.04631],[12.90671,43.0354],[12.88796,43.0098],[12.90823,42.98531],[12.89582,42.96459],[12.91622,42.95349],[12.92717,42.9541],[12.93478,42.94545],[12.94806,42.94147],[12.94933,42.92996],[12.9767,42.9261],[12.96839,42.90068],[12.97528,42.8865],[12.97615,42.8698],[12.99009,42.87087],[13.0022,42.89313],[12.99559,42.90248],[13.00084,42.90839],[13.00928,42.90303],[13.02495,42.90257],[13.05441,42.92018],[13.07264,42.90365],[13.11225,42.88933],[13.15456,42.83462],[13.16086,42.8319],[13.21225,42.84172],[13.23128,42.85433],[13.23525,42.8677],[13.24773,42.84997],[13.2553,42.82258],[13.26421,42.80928],[13.2508,42.7887],[13.24562,42.76777],[13.23855,42.76093],[13.23504,42.77292],[13.22106,42.77268],[13.1942,42.7585],[13.19954,42.75071],[13.18767,42.73564],[13.19071,42.71044],[13.17333,42.68731],[13.17982,42.67759],[13.17355,42.66537],[13.15849,42.65425]]],[[[12.4078,43.60214],[12.42531,43.60909],[12.43482,43.59949],[12.43343,43.5927],[12.42507,43.59173],[12.4078,43.60214]]]]},"properties":{"name":"Perugia","kind":"admin","source":"istat-province"}},{"type":"Feature","geometry":{"type":"MultiPolygon","coordinates":[[[[12.5023,42.73176],[12.51193,42.73248],[12.51607,42.7178],[12.53243,42.71105],[12.54399,42.71569],[12.57331,42.71378],[12.5805,42.7193],[12.57662,42.73886],[12.58458,42.74913],[12.60049,42.74468],[12.61199,42.72168],[12.62838,42.72153],[12.61929,42.70824],[12.59224,42.71118],[12.57989,42.70555],[12.58388,42.68818],[12.61428,42.69464],[12.62223,42.67349],[12.63913,42.67487],[12.64133,42.66637],[12.66371,42.65914],[12.67559,42.64385],[12.69767,42.6372],[12.71209,42.62236],[12.72044,42.59686],[12.73619,42.61077],[12.73382,42.62414],[12.75019,42.634],[12.77506,42.63597],[12.7924,42.663],[12.80806,42.65687],[12.82809,42.67103],[12.86056,42.66691],[12.86709,42.65633],[12.88953,42.64085],[12.89265,42.63407],[12.88431,42.62492],[12.89634,42.61644],[12.88052,42.60935],[12.88158,42.59828],[12.89419,42.57759],[12.89273,42.5635],[12.84783,42.5528],[12.81804,42.53294],[12.80862,42.53589],[12.7732,42.53128],[12.77354,42.51309],[12.73154,42.50886],[12.71113,42.5008],[12.72043,42.48549],[12.74157,42.47053],[12.72469,42.46041],[12.70279,42.4609],[12.69415,42.45147],[12.67465,42.44242],[12.64986,42.44309],[12.63936,42.45912],[12.64108,42.4678],[12.62097,42.46846],[12.61405,42.4641],[12.61898,42.46111],[12.61951,42.45191],[12.61196,42.43625],[12.61489,42.41448],[12.60539,42.40753],[12.60607,42.40353],[12.56999,42.38291],[12.54894,42.38233],[12.52611,42.36418],[12.51894,42.36751],[12.51327,42.37862],[12.51326,42.39424],[12.51824,42.39726],[12.51113,42.40357],[12.49158,42.39743],[12.48032,42.40405],[12.46626,42.39489],[12.45144,42.39621],[12.44469,42.39882],[12.45826,42.4039],[12.46732,42.4204],[12.4636,42.42909],[12.45014,42.423],[12.439,42.42642],[12.42068,42.42158],[12.41365,42.4256],[12.41946,42.43647],[12.41141,42.4451],[12.41368,42.45517],[12.43038,42.45802],[12.42754,42.46534],[12.41244,42.46756],[12.41285,42.47878],[12.42783,42.48694],[12.42139,42.49253],[12.40352,42.49996],[12.39185,42.49876],[12.37417,42.48113],[12.35123,42.47365],[12.34483,42.48494],[12.32537,42.49476],[12.31415,42.48788],[12.29058,42.49152],[12.28951,42.49471],[12.29762,42.4949],[12.30298,42.49132],[12.30735,42.4973],[12.29035,42.51061],[12.27923,42.5065],[12.27477,42.50921],[12.2755,42.516],[12.29027,42.51904],[12.27445,42.52388],[12.26676,42.53347],[12.27855,42.54156],[12.27504,42.55991],[12.26182,42.55999],[12.23866,42.57218],[12.23585,42.58331],[12.24241,42.59281],[12.24056,42.59699],[12.24756,42.59669],[12.22914,42.61109],[12.24292,42.62907],[12.22565,42.63555],[12.22692,42.64348],[12.20434,42.66046],[12.18907,42.66213],[12.17622,42.67266],[12.16101,42.67691],[12.14703,42.65934],[12.14077,42.6563],[12.13233,42.66167],[12.12406,42.64929],[12.1172,42.65097],[12.10673,42.66467],[12.09451,42.65549],[12.07372,42.65667],[12.03,42.64324],[12.02979,42.65042],[12.00708,42.66245],[11.97798,42.67553],[11.94133,42.6833],[11.94876,42.69601],[11.9262,42.70386],[11.9301,42.71295],[11.94343,42.71901],[11.94915,42.7274],[11.96873,42.73458],[11.97412,42.74938],[11.98187,42.75358],[11.97948,42.76459],[11.92743,42.78092],[11.91683,42.80766],[11.89189,42.84288],[11.91322,42.85055],[11.9305,42.86972],[11.94286,42.86229],[12.03009,42.88132],[12.00983,42.89235],[12.01139,42.90557],[11.99971,42.90993],[12.01551,42.90902],[12.03678,42.9317],[12.04981,42.93416],[12.05082,42.94075],[12.06158,42.93403],[12.08588,42.94094],[12.12736,42.94313],[12.1388,42.93676],[12.14768,42.93954],[12.17246,42.93351],[12.18865,42.93954],[12.20545,42.93359],[12.21319,42.92554],[12.22882,42.92609],[12.23075,42.92139],[12.28199,42.92402],[12.29145,42.9176],[12.32053,42.91473],[12.31704,42.90495],[12.3061,42.8972],[12.30486,42.88936],[12.3306,42.88939],[12.32883,42.87115],[12.32274,42.86285],[12.32699,42.84947],[12.32307,42.8394],[12.31338,42.83373],[12.29919,42.79498],[12.30094,42.78197],[12.29077,42.7812],[12.29731,42.74894],[12.31563,42.74084],[12.33022,42.75227],[12.35851,42.72054],[12.37673,42.70766],[12.36952,42.70457],[12.37207,42.69314],[12.36871,42.68693],[12.38596,42.6733],[12.39681,42.67716],[12.40165,42.69953],[12.4147,42.7006],[12.4171,42.68043],[12.45014,42.70228],[12.46253,42.7047],[12.48915,42.72637],[12.49321,42.73472],[12.5023,42.73176]]],[[[11.95664,42.89384],[11.95178,42.91321],[11.95761,42.91678],[11.96709,42.91058],[11.99795,42.9087],[11.98539,42.89262],[11.97052,42.88857],[11.95859,42.87432],[11.95664,42.89384]]]]},"properties":{"name":"Terni","kind":"admin","source":"istat-province"}},{"type":"Feature","geometry":{"type":"MultiPolygon","coordinates":[[[[12.50082,43.51963],[12.48137,43.52754],[12.45922,43.51646],[12.43737,43.53855],[12.41794,43.53489],[12.40298,43.51987],[12.40021,43.50977],[12.39482,43.50884],[12.38507,43.51233],[12.38734,43.52135],[12.36674,43.53409],[12.35012,43.52183],[12.33318,43.52358],[12.31289,43.54451],[12.32025,43.55329],[12.34403,43.55286],[12.37029,43.5794],[12.3735,43.58429],[12.36131,43.59654],[12.3713,43.61117],[12.35473,43.61729],[12.35116,43.61148],[12.31347,43.6022],[12.29954,43.58587],[12.29241,43.58649],[12.29458,43.59326],[12.28779,43.59463],[12.26788,43.59386],[12.26146,43.5889],[12.22528,43.59392],[12.20991,43.62103],[12.18967,43.63288],[12.18545,43.6411],[12.20369,43.65174],[12.22014,43.65071],[12.23266,43.6556],[12.24948,43.66893],[12.251,43.67372],[12.24507,43.68148],[12.27348,43.67596],[12.29721,43.68595],[12.30577,43.69794],[12.30095,43.71998],[12.30832,43.73018],[12.31423,43.72003],[12.31402,43.70082],[12.32137,43.6934],[12.31572,43.67792],[12.33117,43.67355],[12.33605,43.67764],[12.33049,43.70797],[12.34511,43.70998],[12.35732,43.70202],[12.36948,43.70656],[12.36819,43.7151],[12.3377,43.73691],[12.32707,43.75101],[12.28341,43.76328],[12.289,43.78577],[12.28277,43.7897],[12.28485,43.79479],[12.31589,43.80564],[12.34979,43.7996],[12.36214,43.8056],[12.36619,43.81333],[12.38797,43.81679],[12.39854,43.82636],[12.39095,43.845],[12.40457,43.87639],[12.44569,43.87081],[12.45776,43.88011],[12.46239,43.89377],[12.4874,43.89647],[12.48794,43.88422],[12.49934,43.8736],[12.51817,43.88104],[12.51912,43.87514],[12.54169,43.86403],[12.56245,43.86982],[12.5659,43.88224],[12.58949,43.88564],[12.59302,43.87316],[12.58936,43.86525],[12.60256,43.86343],[12.601,43.85051],[12.6189,43.84263],[12.61002,43.8339],[12.62327,43.82115],[12.64446,43.82689],[12.67257,43.82356],[12.68132,43.82807],[12.6823,43.8528],[12.72363,43.86124],[12.73399,43.87026],[12.72265,43.88057],[12.73483,43.89602],[12.72712,43.9117],[12.72791,43.92418],[12.75564,43.96195],[12.75062,43.96854],[12.79759,43.96517],[12.8926,43.9232],[12.90733,43.923],[12.98632,43.86534],[13.05064,43.83247],[13.17243,43.75021],[13.12911,43.73046],[13.06264,43.72334],[13.07709,43.7126],[13.07123,43.69479],[13.03874,43.67616],[13.02277,43.67454],[13.00414,43.65796],[12.98621,43.65539],[12.97923,43.62394],[12.96051,43.59711],[12.94251,43.59698],[12.93688,43.58951],[12.92296,43.58781],[12.91213,43.56329],[12.90009,43.55308],[12.87506,43.53512],[12.84528,43.5254],[12.8432,43.51827],[12.83198,43.5101],[12.80587,43.50406],[12.79576,43.49195],[12.79915,43.47888],[12.77484,43.47189],[12.76745,43.45985],[12.75553,43.45912],[12.74635,43.46465],[12.73198,43.46184],[12.71527,43.44609],[12.70886,43.42468],[12.66318,43.43683],[12.63731,43.4315],[12.6194,43.41657],[12.62286,43.42124],[12.61958,43.42703],[12.56426,43.4598],[12.52418,43.49616],[12.51713,43.50886],[12.50082,43.51963]],[[12.4078,43.60214],[12.42507,43.59173],[12.43343,43.5927],[12.43482,43.59949],[12.42531,43.60909],[12.4078,43.60214]]],[[[13.08355,43.71022],[13.07821,43.71276],[13.08556,43.71868],[13.09029,43.71535],[13.08355,43.71022]]],[[[13.09194,43.72382],[13.10094,43.72012],[13.09121,43.71726],[13.08738,43.7202],[13.09194,43.72382]]]]},"properties":{"name":"Pesaro e Urbino","kind":"admin","source":"istat-province"}},{"type":"Feature","geometry":{"type":"Polygon","coordinates":[[[13.42272,43.6205],[13.48159,43.60681],[13.49357,43.61314],[13.49513,43.62031],[13.50393,43.61514],[13.50818,43.6187],[13.50865,43.62298],[13.49901,43.6292],[13.50687,43.6305],[13.53151,43.61961],[13.55329,43.60216],[13.57587,43.56881],[13.62554,43.55033],[13.62705,43.53995],[13.62085,43.5316],[13.62274,43.50397],[13.64206,43.47414],[13.60159,43.45802],[13.62693,43.45223],[13.63448,43.44553],[13.65561,43.44729],[13.65573,43.43049],[13.61627,43.41718],[13.58805,43.41963],[13.58229,43.42677],[13.58226,43.43333],[13.5957,43.44655],[13.53287,43.43932],[13.51525,43.44407],[13.48085,43.43643],[13.45731,43.43842],[13.44743,43.44488],[13.43093,43.43375],[13.41222,43.43508],[13.39766,43.42168],[13.3565,43.40542],[13.35188,43.39518],[13.33618,43.39145],[13.3351,43.39566],[13.31464,43.39904],[13.30036,43.41649],[13.28557,43.42522],[13.28305,43.44195],[13.27141,43.4558],[13.28077,43.46118],[13.24437,43.45939],[13.22544,43.43247],[13.20619,43.41607],[13.16944,43.41918],[13.15019,43.4136],[13.1342,43.41806],[13.12502,43.42798],[13.09182,43.43588],[13.08506,43.42311],[13.07176,43.41648],[13.07127,43.40967],[13.08045,43.40481],[13.08604,43.39447],[13.07991,43.38904],[13.07178,43.39095],[13.06219,43.38116],[13.06225,43.36684],[13.04858,43.3584],[13.04269,43.34243],[13.03564,43.33984],[13.04052,43.33606],[13.02453,43.32691],[13.01561,43.31046],[12.9883,43.30182],[12.98645,43.29173],[12.96933,43.28264],[12.91062,43.26968],[12.90305,43.2809],[12.88203,43.26704],[12.88512,43.25158],[12.8965,43.23196],[12.89235,43.22478],[12.86234,43.21125],[12.85058,43.20994],[12.83661,43.21753],[12.8372,43.22518],[12.82814,43.23528],[12.82476,43.26657],[12.80601,43.27069],[12.78898,43.28323],[12.80099,43.29479],[12.79873,43.32504],[12.79227,43.33629],[12.77308,43.35031],[12.77006,43.35996],[12.75934,43.36435],[12.75817,43.37272],[12.74917,43.37851],[12.74681,43.39045],[12.77443,43.40197],[12.77966,43.4142],[12.76556,43.42712],[12.76631,43.4454],[12.77644,43.45052],[12.76745,43.45985],[12.76976,43.4663],[12.77547,43.47219],[12.79915,43.47888],[12.79576,43.49195],[12.80587,43.50406],[12.83198,43.5101],[12.8432,43.51827],[12.84528,43.5254],[12.87506,43.53512],[12.90009,43.55308],[12.91213,43.56329],[12.92296,43.58781],[12.93688,43.58951],[12.94251,43.59698],[12.96051,43.59711],[12.97923,43.62394],[12.98621,43.65539],[13.00414,43.65796],[13.02277,43.67454],[13.03874,43.67616],[13.07123,43.69479],[13.07709,43.7126],[13.06264,43.72334],[13.12911,43.73046],[13.17243,43.75021],[13.28619,43.67918],[13.42272,43.6205]],[[13.08355,43.71022],[13.09029,43.71535],[13.08556,43.71868],[13.07821,43.71276],[13.08355,43.71022]],[[13.09194,43.72382],[13.08738,43.7202],[13.09121,43.71726],[13.10094,43.72012],[13.09194,43.72382]]]},"properties":{"name":"Ancona","kind":"admin","source":"istat-province"}},{"type":"Feature","geometry":{"type":"Polygon","coordinates":[[[13.09182,43.43588],[13.12502,43.42798],[13.1342,43.41806],[13.15019,43.4136],[13.16944,43.41918],[13.20619,43.41607],[13.22544,43.43247],[13.24437,43.45939],[13.28077,43.46118],[13.27141,43.4558],[13.28305,43.44195],[13.28557,43.42522],[13.30036,43.41649],[13.31464,43.39904],[13.3351,43.39566],[13.33618,43.39145],[13.35188,43.39518],[13.3565,43.40542],[13.39766,43.42168],[13.41222,43.43508],[13.43093,43.43375],[13.44743,43.44488],[13.45731,43.43842],[13.48085,43.43643],[13.51525,43.44407],[13.53287,43.43932],[13.5957,43.44655],[13.58226,43.43333],[13.58805,43.41963],[13.62613,43.41828],[13.65669,43.43121],[13.65561,43.44729],[13.63448,43.44553],[13.62693,43.45223],[13.60151,43.4591],[13.64211,43.47393],[13.67,43.42579],[13.70963,43.33725],[13.74285,43.29408],[13.63648,43.26882],[13.60767,43.2714],[13.60098,43.26779],[13.60902,43.24652],[13.60778,43.23694],[13.59295,43.20921],[13.56603,43.21667],[13.52111,43.20921],[13.52665,43.19331],[13.51632,43.18241],[13.51933,43.17445],[13.49637,43.17046],[13.49236,43.16408],[13.46211,43.16364],[13.44324,43.14937],[13.43676,43.13044],[13.44095,43.12298],[13.4301,43.11116],[13.43375,43.08515],[13.44937,43.07365],[13.46579,43.08057],[13.48382,43.08028],[13.46276,43.06423],[13.46688,43.04439],[13.45972,43.02042],[13.43057,43.02239],[13.41128,43.00839],[13.39629,43.00982],[13.38114,43.02891],[13.38469,43.03256],[13.38116,43.04018],[13.3709,43.04211],[13.36001,43.03416],[13.33755,43.02776],[13.3194,43.00274],[13.30558,43.00199],[13.2687,42.97411],[13.22288,42.95772],[13.21612,42.95112],[13.22086,42.93027],[13.23037,42.92297],[13.2418,42.8922],[13.23133,42.8751],[13.23525,42.8677],[13.23193,42.85523],[13.21225,42.84172],[13.18756,42.83448],[13.15561,42.83403],[13.11225,42.88933],[13.07264,42.90365],[13.05441,42.92018],[13.02495,42.90257],[13.00928,42.90303],[13.00084,42.90839],[12.99559,42.90248],[13.0022,42.89313],[12.99009,42.87087],[12.97615,42.8698],[12.97528,42.8865],[12.96839,42.90068],[12.9767,42.9261],[12.94933,42.92996],[12.94806,42.94147],[12.93478,42.94545],[12.92717,42.9541],[12.91622,42.95349],[12.89582,42.96459],[12.90823,42.98531],[12.88796,43.0098],[12.90671,43.0354],[12.89305,43.04631],[12.88993,43.05888],[12.89733,43.09348],[12.88503,43.09964],[12.88131,43.12121],[12.85853,43.12521],[12.843,43.12234],[12.82965,43.14551],[12.85152,43.15368],[12.86249,43.16597],[12.86818,43.18845],[12.86339,43.21394],[12.89636,43.22838],[12.88203,43.26704],[12.90305,43.2809],[12.91062,43.26968],[12.96933,43.28264],[12.98645,43.29173],[12.9883,43.30182],[13.01561,43.31046],[13.02453,43.32691],[13.04052,43.33606],[13.03564,43.33984],[13.04269,43.34243],[13.04858,43.3584],[13.06225,43.36684],[13.06219,43.38116],[13.07178,43.39095],[13.07991,43.38904],[13.08604,43.39447],[13.08045,43.40481],[13.07127,43.40967],[13.07176,43.41648],[13.08506,43.42311],[13.09182,43.43588]]]},"properties":{"name":"Macerata","kind":"admin","source":"istat-province"}},{"type":"Feature","geometry":{"type":"Polygon","coordinates":[[[13.50521,42.77557],[13.50181,42.7628],[13.50463,42.74761],[13.49344,42.73662],[13.44799,42.73222],[13.43769,42.71694],[13.44116,42.70366],[13.43757,42.6992],[13.4274,42.70643],[13.3926,42.68738],[13.34116,42.70176],[13.31886,42.72273],[13.29365,42.73107],[13.28628,42.74041],[13.2645,42.74018],[13.25415,42.72145],[13.20073,42.735],[13.18773,42.73354],[13.19924,42.74866],[13.1942,42.7585],[13.21719,42.77186],[13.23461,42.77309],[13.23852,42.76095],[13.24136,42.7628],[13.25103,42.78919],[13.26403,42.80824],[13.24352,42.85866],[13.23133,42.8751],[13.24176,42.892],[13.25993,42.8998],[13.26008,42.90806],[13.28116,42.91163],[13.2918,42.92546],[13.32851,42.92154],[13.33424,42.91631],[13.35905,42.91375],[13.37683,42.89038],[13.38412,42.89457],[13.38002,42.90555],[13.40177,42.91275],[13.4102,42.92703],[13.41072,42.93068],[13.39197,42.93982],[13.39482,42.94872],[13.39047,42.95337],[13.4013,42.96096],[13.39182,42.96549],[13.39814,42.97178],[13.40719,42.9696],[13.41565,42.97765],[13.423,42.97742],[13.45482,42.96589],[13.4768,42.98381],[13.49349,42.9887],[13.52469,42.99274],[13.55635,42.98845],[13.56666,42.99194],[13.57961,43.01011],[13.59843,43.00913],[13.64324,43.03782],[13.65653,43.02813],[13.65689,43.04209],[13.68164,43.04245],[13.72311,43.06087],[13.78517,43.07978],[13.78663,43.07104],[13.79679,43.06211],[13.8495,43.06668],[13.88024,42.96612],[13.91672,42.89458],[13.87999,42.89121],[13.87686,42.89471],[13.87487,42.88886],[13.81932,42.87891],[13.80405,42.86865],[13.77796,42.86045],[13.72248,42.85535],[13.70661,42.84932],[13.71088,42.84336],[13.6993,42.82262],[13.6636,42.80713],[13.63552,42.8033],[13.6244,42.81654],[13.57225,42.80037],[13.55503,42.8044],[13.54365,42.81695],[13.535,42.8168],[13.52973,42.79599],[13.50521,42.77557]]]},"properties":{"name":"Ascoli Piceno","kind":"admin","source":"istat-province"}},{"type":"Feature","geometry":{"type":"Polygon","coordinates":[[[13.82922,43.12689],[13.8447,43.09673],[13.8495,43.06668],[13.79679,43.06211],[13.78663,43.07104],[13.78517,43.07978],[13.72311,43.06087],[13.68164,43.04245],[13.65689,43.04209],[13.65653,43.02813],[13.64324,43.03782],[13.59843,43.00913],[13.57961,43.01011],[13.56666,42.99194],[13.55635,42.98845],[13.52469,42.99274],[13.49349,42.9887],[13.4768,42.98381],[13.45482,42.96589],[13.423,42.97742],[13.41565,42.97765],[13.40719,42.9696],[13.39814,42.97178],[13.39182,42.96549],[13.4013,42.96096],[13.39047,42.95337],[13.39482,42.94872],[13.39197,42.93982],[13.41072,42.93068],[13.4102,42.92703],[13.40177,42.91275],[13.38002,42.90555],[13.38412,42.89457],[13.37683,42.89038],[13.35601,42.91543],[13.29261,42.92551],[13.28116,42.91163],[13.26008,42.90806],[13.25993,42.8998],[13.24176,42.892],[13.23037,42.92297],[13.22086,42.93027],[13.21612,42.95112],[13.22288,42.95772],[13.2687,42.97411],[13.30558,43.00199],[13.3194,43.00274],[13.33755,43.02776],[13.36001,43.03416],[13.3709,43.04211],[13.38116,43.04018],[13.38469,43.03256],[13.38114,43.02891],[13.39629,43.00982],[13.41128,43.00839],[13.43057,43.02239],[13.45972,43.02042],[13.46688,43.04439],[13.46276,43.06423],[13.48382,43.08028],[13.46579,43.08057],[13.44937,43.07365],[13.43375,43.08515],[13.4301,43.11116],[13.44095,43.12298],[13.43676,43.13044],[13.44184,43.14786],[13.46211,43.16364],[13.49236,43.16408],[13.49637,43.17046],[13.51933,43.17445],[13.51632,43.18241],[13.52665,43.19331],[13.52111,43.20921],[13.56603,43.21667],[13.59295,43.20921],[13.60778,43.23694],[13.60902,43.24652],[13.60098,43.26779],[13.60826,43.27161],[13.63648,43.26882],[13.74285,43.29408],[13.77773,43.23427],[13.80365,43.17232],[13.81037,43.1636],[13.81366,43.16894],[13.81233,43.15824],[13.82922,43.12689]]]},"properties":{"name":"Fermo","kind":"admin","source":"istat-province"}},{"type":"Feature","geometry":{"type":"MultiPolygon","coordinates":[[[[11.81091,42.80692],[11.8137,42.82267],[11.83201,42.82682],[11.85059,42.83868],[11.90183,42.83157],[11.92743,42.78092],[11.97948,42.76459],[11.98187,42.75358],[11.97412,42.74938],[11.96873,42.73458],[11.94915,42.7274],[11.94343,42.71901],[11.9301,42.71295],[11.9262,42.70386],[11.94876,42.69601],[11.94133,42.6833],[11.97798,42.67553],[12.00708,42.66245],[12.02979,42.65042],[12.03,42.64324],[12.07372,42.65667],[12.09451,42.65549],[12.10673,42.66467],[12.1172,42.65097],[12.12406,42.64929],[12.13233,42.66167],[12.14077,42.6563],[12.14703,42.65934],[12.16101,42.67691],[12.17622,42.67266],[12.18907,42.66213],[12.20434,42.66046],[12.22692,42.64348],[12.22565,42.63555],[12.24292,42.62907],[12.22914,42.61109],[12.24756,42.59669],[12.24056,42.59699],[12.24241,42.59281],[12.23585,42.58331],[12.23866,42.57218],[12.26182,42.55999],[12.27504,42.55991],[12.27855,42.54156],[12.26676,42.53347],[12.27445,42.52388],[12.29027,42.51904],[12.2755,42.516],[12.27477,42.50921],[12.27923,42.5065],[12.29035,42.51061],[12.30735,42.4973],[12.30298,42.49132],[12.28951,42.49471],[12.29149,42.49073],[12.31513,42.488],[12.32537,42.49476],[12.34483,42.48494],[12.35123,42.47365],[12.37417,42.48113],[12.39441,42.4993],[12.41032,42.49817],[12.42783,42.48694],[12.41258,42.47821],[12.41244,42.46756],[12.42754,42.46534],[12.43038,42.45802],[12.41368,42.45517],[12.41141,42.4451],[12.41946,42.43647],[12.41299,42.4269],[12.42227,42.4216],[12.439,42.42642],[12.45014,42.423],[12.4643,42.42843],[12.46732,42.4204],[12.45826,42.4039],[12.43786,42.39576],[12.44222,42.39259],[12.43636,42.38718],[12.45539,42.3785],[12.45465,42.35743],[12.47477,42.35687],[12.47469,42.35231],[12.46296,42.34521],[12.46217,42.33707],[12.46926,42.3274],[12.4892,42.31949],[12.47452,42.31633],[12.48146,42.30409],[12.49192,42.29495],[12.51959,42.29476],[12.50601,42.27415],[12.48894,42.27002],[12.4771,42.24827],[12.48377,42.24136],[12.47937,42.23951],[12.48038,42.23408],[12.46968,42.232],[12.46206,42.20569],[12.43525,42.2003],[12.43408,42.18933],[12.42657,42.18131],[12.41149,42.1822],[12.41994,42.21893],[12.41224,42.25744],[12.40653,42.24767],[12.41249,42.23906],[12.40883,42.22981],[12.39826,42.23211],[12.38652,42.21611],[12.37154,42.21107],[12.37503,42.18556],[12.37029,42.17287],[12.35323,42.16604],[12.34411,42.15251],[12.32955,42.14626],[12.30536,42.15095],[12.30254,42.15351],[12.30662,42.15967],[12.28541,42.17416],[12.27354,42.17174],[12.27142,42.18192],[12.23633,42.17649],[12.21574,42.18674],[12.2022,42.17999],[12.16885,42.1753],[12.1647,42.16686],[12.14965,42.16051],[12.13594,42.14728],[12.1178,42.16149],[12.07627,42.16047],[12.06931,42.16436],[12.05773,42.16406],[12.05272,42.15332],[12.02959,42.15275],[12.00227,42.15846],[11.9741,42.21309],[11.95896,42.21204],[11.93867,42.21911],[11.92058,42.22978],[11.91138,42.24113],[11.89328,42.23624],[11.89376,42.23061],[11.88079,42.2291],[11.8779,42.22052],[11.8715,42.22186],[11.86606,42.20687],[11.86802,42.20005],[11.82801,42.1669],[11.83102,42.15731],[11.82281,42.14649],[11.80008,42.15868],[11.7776,42.1625],[11.73377,42.15806],[11.73957,42.17091],[11.72068,42.19042],[11.69578,42.23491],[11.63247,42.29553],[11.55033,42.34125],[11.45113,42.37725],[11.45502,42.38814],[11.44978,42.39404],[11.47649,42.41342],[11.48216,42.4201],[11.48103,42.4336],[11.48889,42.43937],[11.51658,42.43356],[11.54428,42.44216],[11.61771,42.43604],[11.62003,42.47472],[11.61632,42.48839],[11.59524,42.49559],[11.58054,42.50877],[11.56734,42.50992],[11.56124,42.51729],[11.56883,42.53383],[11.58435,42.54275],[11.58072,42.56792],[11.60089,42.5698],[11.61619,42.55987],[11.62611,42.56943],[11.64337,42.56635],[11.65717,42.57716],[11.68146,42.58133],[11.68594,42.58531],[11.68005,42.59531],[11.70019,42.601],[11.71111,42.61091],[11.73597,42.60666],[11.75183,42.6256],[11.74976,42.63965],[11.78089,42.63468],[11.80478,42.644],[11.80894,42.65867],[11.80099,42.66827],[11.78452,42.67132],[11.78652,42.68863],[11.78114,42.70533],[11.80156,42.70719],[11.80936,42.73388],[11.81866,42.74577],[11.8067,42.75373],[11.77942,42.75802],[11.76126,42.78098],[11.74602,42.78576],[11.7685,42.81996],[11.78639,42.81629],[11.80604,42.79506],[11.81143,42.79914],[11.81091,42.80692]]],[[[12.48136,42.40416],[12.48805,42.39868],[12.48482,42.39267],[12.47446,42.38748],[12.46789,42.3908],[12.46901,42.39864],[12.48136,42.40416]]]]},"properties":{"name":"Viterbo","kind":"admin","source":"istat-province"}},{"type":"Feature","geometry":{"type":"Polygon","coordinates":[[[13.16034,42.65624],[13.17355,42.66537],[13.17982,42.67759],[13.17333,42.68731],[13.19054,42.70992],[13.18922,42.73358],[13.20073,42.735],[13.25415,42.72145],[13.2645,42.74018],[13.28004,42.74097],[13.28662,42.74018],[13.29457,42.73061],[13.31886,42.72273],[13.33647,42.70488],[13.35776,42.6941],[13.35055,42.68196],[13.34968,42.66872],[13.36992,42.64897],[13.38181,42.64981],[13.40962,42.63968],[13.40642,42.6288],[13.39468,42.6217],[13.39689,42.61489],[13.39035,42.60849],[13.39401,42.59126],[13.38178,42.58101],[13.34282,42.5749],[13.32309,42.57975],[13.29328,42.56954],[13.28362,42.58252],[13.2538,42.58197],[13.24594,42.57271],[13.22679,42.58284],[13.19136,42.58752],[13.19227,42.57797],[13.17427,42.56751],[13.17609,42.55265],[13.16702,42.54152],[13.1558,42.54005],[13.16054,42.52202],[13.17777,42.51264],[13.17141,42.48512],[13.17842,42.47934],[13.15405,42.46233],[13.13338,42.45836],[13.11617,42.44391],[13.14111,42.42975],[13.15517,42.41422],[13.1892,42.40022],[13.19416,42.38919],[13.1894,42.38111],[13.15335,42.35699],[13.17165,42.34873],[13.19135,42.33233],[13.22646,42.31933],[13.22863,42.28845],[13.23461,42.27787],[13.24256,42.26889],[13.27124,42.25416],[13.28137,42.23777],[13.33562,42.2224],[13.34099,42.21733],[13.33189,42.20818],[13.34147,42.19841],[13.37974,42.18346],[13.35396,42.17494],[13.34237,42.17681],[13.35396,42.16672],[13.32727,42.16386],[13.32272,42.16104],[13.32875,42.15492],[13.31748,42.15365],[13.30529,42.13826],[13.2849,42.13428],[13.26951,42.13755],[13.24878,42.12743],[13.23723,42.12913],[13.22335,42.14334],[13.2057,42.14844],[13.19271,42.15826],[13.18328,42.15888],[13.16971,42.15071],[13.12342,42.17699],[13.08706,42.17787],[13.09374,42.1593],[13.08484,42.1422],[13.06077,42.12355],[13.03701,42.119],[13.03078,42.1221],[13.03055,42.11538],[13.02038,42.11507],[12.9933,42.12915],[12.97841,42.13041],[12.94861,42.08934],[12.92084,42.11524],[12.90956,42.11413],[12.89592,42.10035],[12.86679,42.10365],[12.85839,42.12712],[12.84831,42.1384],[12.84954,42.14332],[12.78062,42.16675],[12.7797,42.17096],[12.79141,42.17386],[12.79519,42.1806],[12.77863,42.18759],[12.75712,42.18361],[12.74297,42.16639],[12.72336,42.1657],[12.7109,42.15301],[12.68641,42.15224],[12.67203,42.15904],[12.65125,42.1503],[12.64647,42.15265],[12.64923,42.15925],[12.64526,42.16441],[12.60831,42.18158],[12.61751,42.19023],[12.61319,42.20197],[12.63723,42.20801],[12.64174,42.23328],[12.63461,42.23878],[12.63376,42.24779],[12.62018,42.25008],[12.60571,42.26007],[12.60505,42.27432],[12.57874,42.2641],[12.57635,42.27055],[12.58389,42.28391],[12.57472,42.28488],[12.57565,42.27328],[12.55814,42.2691],[12.55763,42.28888],[12.55045,42.29307],[12.48912,42.29622],[12.47437,42.31576],[12.4892,42.31949],[12.46926,42.3274],[12.46217,42.33707],[12.46296,42.34521],[12.47469,42.35231],[12.47477,42.35687],[12.45465,42.35743],[12.45539,42.3785],[12.43636,42.38718],[12.44222,42.39259],[12.43786,42.39576],[12.44469,42.39882],[12.46449,42.39613],[12.47446,42.38748],[12.48805,42.39868],[12.51113,42.40357],[12.51824,42.39726],[12.51326,42.39424],[12.51327,42.37862],[12.51894,42.36751],[12.52611,42.36418],[12.54894,42.38233],[12.56999,42.38291],[12.60607,42.40353],[12.60539,42.40753],[12.61475,42.41406],[12.61196,42.43625],[12.61951,42.45191],[12.61481,42.46511],[12.62242,42.46894],[12.64108,42.4678],[12.63936,42.45912],[12.6495,42.44331],[12.67465,42.44242],[12.69415,42.45147],[12.70279,42.4609],[12.72469,42.46041],[12.74157,42.47053],[12.72043,42.48549],[12.71113,42.5008],[12.73154,42.50886],[12.77354,42.51309],[12.7732,42.53128],[12.80862,42.53589],[12.81804,42.53294],[12.84783,42.5528],[12.89273,42.5635],[12.89419,42.57759],[12.88158,42.59828],[12.88052,42.60935],[12.89634,42.61644],[12.93012,42.60288],[12.93745,42.61536],[12.9525,42.61893],[13.01122,42.61711],[13.01427,42.63037],[13.02428,42.63904],[13.03098,42.63738],[13.03573,42.628],[13.06196,42.6231],[13.10904,42.64189],[13.11759,42.65013],[13.11819,42.65765],[13.12995,42.65966],[13.14477,42.64608],[13.16034,42.65624]]]},"properties":{"name":"Rieti","kind":"admin","source":"istat-province"}},{"type":"Feature","geometry":{"type":"MultiPolygon","coordinates":[[[[11.82281,42.14649],[11.83102,42.15731],[11.82801,42.1669],[11.86802,42.20005],[11.86606,42.20687],[11.8715,42.22186],[11.8779,42.22052],[11.88079,42.2291],[11.89376,42.23061],[11.89328,42.23624],[11.91138,42.24113],[11.92058,42.22978],[11.93867,42.21911],[11.95896,42.21204],[11.9741,42.21309],[12.00327,42.1579],[12.03699,42.15233],[12.05512,42.15436],[12.05773,42.16406],[12.1178,42.16149],[12.13594,42.14728],[12.14965,42.16051],[12.1647,42.16686],[12.16885,42.1753],[12.2022,42.17999],[12.21574,42.18674],[12.23633,42.17649],[12.27142,42.18192],[12.27354,42.17174],[12.28541,42.17416],[12.30662,42.15967],[12.30254,42.15351],[12.30536,42.15095],[12.32955,42.14626],[12.34411,42.15251],[12.35323,42.16604],[12.37029,42.17287],[12.37503,42.18556],[12.37154,42.21107],[12.38652,42.21611],[12.39826,42.23211],[12.40883,42.22981],[12.41249,42.23906],[12.40653,42.24767],[12.41224,42.25744],[12.41994,42.21893],[12.41149,42.1822],[12.42657,42.18131],[12.43408,42.18933],[12.43525,42.2003],[12.46206,42.20569],[12.46968,42.232],[12.48038,42.23408],[12.47937,42.23951],[12.48377,42.24136],[12.4771,42.24827],[12.48894,42.27002],[12.50601,42.27415],[12.51959,42.29476],[12.52846,42.29192],[12.54027,42.29554],[12.55727,42.28964],[12.55814,42.2691],[12.57479,42.27258],[12.57377,42.28396],[12.58102,42.28485],[12.58487,42.28125],[12.57635,42.27055],[12.57874,42.2641],[12.60505,42.27432],[12.60571,42.26007],[12.62018,42.25008],[12.63376,42.24779],[12.63461,42.23878],[12.64174,42.23328],[12.63723,42.20801],[12.61319,42.20197],[12.61751,42.19023],[12.60823,42.18207],[12.64526,42.16441],[12.64824,42.15149],[12.67239,42.15906],[12.68641,42.15224],[12.7109,42.15301],[12.72336,42.1657],[12.7422,42.16598],[12.75712,42.18361],[12.77314,42.18841],[12.79519,42.1806],[12.79141,42.17386],[12.7797,42.17096],[12.78062,42.16675],[12.84954,42.14332],[12.84831,42.1384],[12.85839,42.12712],[12.86679,42.10365],[12.89592,42.10035],[12.90956,42.11413],[12.92084,42.11524],[12.94948,42.08951],[12.96738,42.12005],[12.97841,42.13041],[12.9933,42.12915],[13.01885,42.11539],[13.03291,42.11416],[13.01849,42.07494],[13.02662,42.05003],[13.04648,42.03532],[13.04924,42.02353],[13.05812,42.01555],[13.10102,42.00799],[13.09661,42.02195],[13.10497,42.026],[13.13995,42.01535],[13.19908,41.9865],[13.23056,41.98214],[13.24284,41.97153],[13.26311,41.9679],[13.28604,41.95037],[13.29628,41.94861],[13.27072,41.92495],[13.26689,41.9155],[13.24389,41.9141],[13.24034,41.90328],[13.24566,41.8994],[13.23509,41.88887],[13.19429,41.86883],[13.18968,41.85959],[13.19129,41.85101],[13.18415,41.84603],[13.164,41.85026],[13.15448,41.84368],[13.13649,41.84368],[13.0979,41.86104],[13.07164,41.8542],[13.06541,41.83137],[13.05621,41.82711],[13.05322,41.83148],[13.0398,41.83232],[13.02672,41.82273],[13.01651,41.82703],[13.00922,41.82446],[13.01326,41.80893],[13.00596,41.8055],[12.99239,41.76861],[13.00849,41.76871],[13.0264,41.74753],[13.05194,41.74178],[13.05828,41.72731],[13.06433,41.73089],[13.06616,41.72481],[13.0869,41.71901],[13.09474,41.70564],[13.09122,41.6874],[13.09669,41.68757],[13.09915,41.67882],[13.12355,41.66431],[13.15114,41.65766],[13.15924,41.63331],[13.15509,41.62079],[13.16203,41.61685],[13.15105,41.60466],[13.15033,41.59661],[13.15907,41.58647],[13.17507,41.58357],[13.16838,41.57449],[13.12444,41.5572],[13.12542,41.54984],[13.11122,41.55366],[13.10368,41.54504],[13.09636,41.55458],[13.05769,41.57344],[13.05114,41.58104],[13.03387,41.57248],[13.01073,41.57847],[13.00831,41.58095],[13.01641,41.59449],[13.0251,41.59966],[13.01936,41.6106],[13.00543,41.6187],[12.98602,41.64552],[12.95952,41.65866],[12.94313,41.67417],[12.94282,41.68748],[12.95212,41.69493],[12.93907,41.71338],[12.90829,41.70716],[12.89269,41.71133],[12.87909,41.70818],[12.88034,41.70185],[12.86829,41.7029],[12.86343,41.70607],[12.8636,41.71337],[12.85701,41.71039],[12.85092,41.71483],[12.83845,41.70608],[12.84408,41.69838],[12.85112,41.7012],[12.85391,41.6976],[12.84871,41.67853],[12.85126,41.66642],[12.83975,41.66478],[12.84071,41.65716],[12.83492,41.65221],[12.83016,41.6588],[12.82312,41.65557],[12.81868,41.65016],[12.82519,41.64151],[12.80883,41.63762],[12.81071,41.62027],[12.79342,41.62375],[12.75585,41.57274],[12.7523,41.57778],[12.73239,41.58135],[12.74034,41.59312],[12.73929,41.60389],[12.71372,41.59351],[12.70318,41.59533],[12.69749,41.61003],[12.66178,41.59818],[12.65246,41.60746],[12.65657,41.64328],[12.65312,41.66203],[12.64766,41.65952],[12.6486,41.65429],[12.64283,41.65437],[12.64727,41.66665],[12.63391,41.67193],[12.55547,41.62074],[12.5511,41.60606],[12.53051,41.59879],[12.54339,41.59546],[12.56435,41.57784],[12.57083,41.57736],[12.58767,41.5428],[12.61684,41.54463],[12.62023,41.53833],[12.65248,41.53616],[12.67537,41.52238],[12.68091,41.50862],[12.72178,41.50484],[12.71962,41.49911],[12.72691,41.48364],[12.74358,41.47898],[12.74788,41.47335],[12.74589,41.46082],[12.7379,41.45715],[12.73869,41.44718],[12.75401,41.44589],[12.76715,41.43545],[12.77208,41.42507],[12.77322,41.4163],[12.76549,41.41013],[12.68502,41.45282],[12.65499,41.4557],[12.63897,41.45234],[12.63122,41.44421],[12.62235,41.4447],[12.55278,41.53404],[12.43711,41.64077],[12.35215,41.69684],[12.28284,41.72674],[12.23522,41.7391],[12.25621,41.74616],[12.23625,41.74214],[12.22524,41.74478],[12.22998,41.75137],[12.21984,41.77054],[12.22422,41.78189],[12.20351,41.82974],[12.17767,41.87353],[12.14074,41.91624],[12.11866,41.92936],[12.09203,41.93581],[12.07585,41.94741],[12.04979,41.95651],[12.02398,41.98384],[12.00744,41.99189],[11.9792,41.99667],[11.96389,42.01426],[11.91573,42.03937],[11.83283,42.03106],[11.81912,42.05614],[11.80971,42.06283],[11.80988,42.06641],[11.8145,42.06073],[11.80677,42.08041],[11.77228,42.0999],[11.78724,42.08944],[11.78919,42.09462],[11.76979,42.10722],[11.77289,42.10894],[11.76823,42.11988],[11.75496,42.12719],[11.73377,42.15806],[11.7776,42.1625],[11.80008,42.15868],[11.82281,42.14649]],[[12.65573,41.73402],[12.66039,41.73535],[12.64926,41.7489],[12.65573,41.73402]],[[12.4577,41.90595],[12.44682,41.90224],[12.45648,41.90043],[12.4577,41.90595]]]]},"properties":{"name":"Roma","kind":"admin","source":"istat-province"}},{"type":"Feature","geometry":{"type":"MultiPolygon","coordinates":[[[[12.61829,41.54034],[12.61684,41.54463],[12.58767,41.5428],[12.57083,41.57736],[12.56435,41.57784],[12.54339,41.59546],[12.53016,41.59828],[12.5511,41.60606],[12.55547,41.62074],[12.63274,41.67151],[12.64727,41.66665],[12.64283,41.65437],[12.6486,41.65429],[12.64766,41.65952],[12.65312,41.66203],[12.65657,41.64328],[12.65246,41.60746],[12.66178,41.59818],[12.69749,41.61003],[12.70318,41.59533],[12.71372,41.59351],[12.73929,41.60389],[12.74034,41.59312],[12.73239,41.58135],[12.7523,41.57778],[12.75585,41.57274],[12.79342,41.62375],[12.81071,41.62027],[12.80883,41.63762],[12.82519,41.64151],[12.81868,41.65016],[12.82312,41.65557],[12.83016,41.6588],[12.83492,41.65221],[12.84071,41.65716],[12.83975,41.66478],[12.85126,41.66642],[12.84871,41.67853],[12.85391,41.6976],[12.85112,41.7012],[12.84408,41.69838],[12.83845,41.70608],[12.85092,41.71483],[12.85701,41.71039],[12.8636,41.71337],[12.86343,41.70607],[12.86829,41.7029],[12.88034,41.70185],[12.87909,41.70818],[12.89269,41.71133],[12.90829,41.70716],[12.93907,41.71338],[12.95212,41.69493],[12.94282,41.68748],[12.94313,41.67417],[12.95952,41.65866],[12.98602,41.64552],[13.00543,41.6187],[13.01936,41.6106],[13.0251,41.59966],[13.01641,41.59449],[13.00831,41.58095],[13.01405,41.57608],[13.03387,41.57248],[13.05114,41.58104],[13.05769,41.57344],[13.09636,41.55458],[13.10368,41.54504],[13.11122,41.55366],[13.12542,41.54984],[13.12444,41.5572],[13.16838,41.57449],[13.17507,41.58357],[13.19732,41.58709],[13.20161,41.57464],[13.20018,41.55678],[13.20756,41.54922],[13.22173,41.53884],[13.25272,41.53668],[13.27244,41.52186],[13.27927,41.49978],[13.28944,41.49195],[13.28846,41.48669],[13.29891,41.47077],[13.26556,41.45204],[13.25468,41.43258],[13.29429,41.41863],[13.3065,41.40256],[13.33655,41.40657],[13.36535,41.39693],[13.37287,41.4035],[13.38791,41.40465],[13.41063,41.39684],[13.42729,41.39729],[13.4388,41.42679],[13.4283,41.45622],[13.44534,41.46499],[13.45565,41.44937],[13.48826,41.43637],[13.51249,41.43219],[13.5115,41.42362],[13.53934,41.42394],[13.54819,41.41958],[13.57901,41.38026],[13.56055,41.36804],[13.59135,41.35352],[13.61613,41.32113],[13.62518,41.31602],[13.65135,41.31797],[13.65707,41.33743],[13.66817,41.34312],[13.68237,41.33951],[13.70214,41.35948],[13.71057,41.35795],[13.7151,41.33564],[13.73774,41.32703],[13.76302,41.30135],[13.79133,41.3099],[13.79715,41.32012],[13.81982,41.32147],[13.8182,41.33694],[13.82314,41.33874],[13.84375,41.33069],[13.8737,41.33833],[13.89474,41.31054],[13.88234,41.29094],[13.85617,41.29083],[13.8281,41.28075],[13.84012,41.26254],[13.83083,41.2502],[13.81685,41.24367],[13.77197,41.2421],[13.76211,41.2226],[13.70685,41.25393],[13.68195,41.24413],[13.65341,41.25722],[13.62132,41.26078],[13.58467,41.24719],[13.57226,41.23763],[13.56811,41.22972],[13.57158,41.21617],[13.58977,41.2074],[13.57003,41.20408],[13.57,41.20783],[13.55654,41.21127],[13.54983,41.20664],[13.52355,41.22305],[13.50121,41.22769],[13.48491,41.23806],[13.47016,41.23745],[13.44551,41.25266],[13.38164,41.27896],[13.32905,41.29256],[13.28386,41.29758],[13.2664,41.29489],[13.2513,41.28325],[13.20747,41.28333],[13.16383,41.27248],[13.10539,41.24122],[13.09452,41.22443],[13.06826,41.22172],[13.04008,41.231],[13.03364,41.24098],[13.036,41.24828],[13.02955,41.2638],[13.00463,41.30545],[12.98025,41.33571],[12.9501,41.36234],[12.9033,41.39084],[12.85449,41.41151],[12.77322,41.4163],[12.76715,41.43545],[12.75401,41.44589],[12.73869,41.44718],[12.7379,41.45715],[12.74589,41.46082],[12.74788,41.47335],[12.74358,41.47898],[12.72691,41.48364],[12.71962,41.49911],[12.72178,41.50484],[12.68091,41.50862],[12.67537,41.52238],[12.65248,41.53616],[12.61829,41.54034]]],[[[12.96739,40.92128],[12.95904,40.89645],[12.96726,40.89354],[12.96042,40.88218],[12.95344,40.88006],[12.94789,40.88703],[12.95414,40.89493],[12.94234,40.90079],[12.94909,40.91746],[12.96256,40.92041],[12.9821,40.93584],[12.99554,40.93245],[12.96739,40.92128]]],[[[13.00029,40.93272],[12.99766,40.93571],[13.00354,40.93751],[13.00029,40.93272]]],[[[12.86028,40.92974],[12.85163,40.92531],[12.84983,40.92913],[12.85654,40.94115],[12.8542,40.94961],[12.86025,40.94584],[12.86028,40.92974]]],[[[13.05874,40.96525],[13.05079,40.96543],[13.04809,40.9706],[13.06157,40.97345],[13.06498,40.96695],[13.05874,40.96525]]],[[[13.45526,40.78719],[13.45009,40.79081],[13.45701,40.79156],[13.45526,40.78719]]],[[[13.42748,40.78984],[13.4076,40.78554],[13.43104,40.80386],[13.435,40.79578],[13.42748,40.78984]]]]},"properties":{"name":"Latina","kind":"admin","source":"istat-province"}},{"type":"Feature","geometry":{"type":"Polygon","coordinates":[[[14.00166,41.56969],[14.02366,41.56103],[14.02601,41.55533],[14.0207,41.54236],[14.00526,41.53875],[14.02759,41.52359],[14.01268,41.51526],[13.99473,41.51292],[13.97291,41.49404],[13.99278,41.48208],[13.97791,41.46249],[13.96124,41.46395],[13.91086,41.42868],[13.87514,41.42642],[13.86123,41.41763],[13.86301,41.4095],[13.88632,41.38444],[13.87362,41.37472],[13.87081,41.35709],[13.87737,41.33906],[13.84375,41.33069],[13.82015,41.33805],[13.81982,41.32147],[13.79715,41.32012],[13.79133,41.3099],[13.76302,41.30135],[13.73774,41.32703],[13.7151,41.33564],[13.71057,41.35795],[13.70214,41.35948],[13.68237,41.33951],[13.66817,41.34312],[13.65707,41.33743],[13.65135,41.31797],[13.62518,41.31602],[13.61613,41.32113],[13.59135,41.35352],[13.56055,41.36804],[13.57901,41.38026],[13.54819,41.41958],[13.53934,41.42394],[13.5115,41.42362],[13.51249,41.43219],[13.48826,41.43637],[13.45565,41.44937],[13.44534,41.46499],[13.4283,41.45622],[13.4388,41.42679],[13.42729,41.39729],[13.41063,41.39684],[13.38791,41.40465],[13.37287,41.4035],[13.36535,41.39693],[13.33655,41.40657],[13.3065,41.40256],[13.29429,41.41863],[13.25468,41.43258],[13.26556,41.45204],[13.29891,41.47077],[13.28846,41.48669],[13.28944,41.49195],[13.27927,41.49978],[13.27095,41.52391],[13.25272,41.53668],[13.22173,41.53884],[13.20756,41.54922],[13.20018,41.55678],[13.20161,41.57464],[13.19732,41.58709],[13.17507,41.58357],[13.15519,41.5895],[13.15093,41.60432],[13.16203,41.61685],[13.15509,41.62079],[13.15924,41.63331],[13.15114,41.65766],[13.12355,41.66431],[13.09915,41.67882],[13.09669,41.68757],[13.09122,41.6874],[13.09474,41.70564],[13.0869,41.71901],[13.06616,41.72481],[13.06433,41.73089],[13.05828,41.72731],[13.05128,41.74228],[13.03437,41.74328],[13.00849,41.76871],[12.99239,41.76861],[12.99268,41.77275],[13.00596,41.8055],[13.01326,41.80893],[13.00982,41.82552],[13.02672,41.82273],[13.0398,41.83232],[13.05322,41.83148],[13.05621,41.82711],[13.06541,41.83137],[13.07164,41.8542],[13.0979,41.86104],[13.13649,41.84368],[13.15448,41.84368],[13.164,41.85026],[13.18415,41.84603],[13.19129,41.85101],[13.18968,41.85959],[13.19429,41.86883],[13.23509,41.88887],[13.24566,41.8994],[13.24034,41.90328],[13.24389,41.9141],[13.26689,41.9155],[13.27072,41.92495],[13.30255,41.9544],[13.32262,41.94516],[13.33753,41.92598],[13.35005,41.92104],[13.36437,41.92475],[13.38399,41.90419],[13.35984,41.86938],[13.36728,41.86333],[13.36683,41.83307],[13.37952,41.81746],[13.39099,41.81927],[13.3963,41.83403],[13.40663,41.83753],[13.4169,41.83467],[13.45155,41.82282],[13.4697,41.80663],[13.50508,41.8016],[13.52156,41.77981],[13.52043,41.77297],[13.54791,41.76116],[13.56255,41.76117],[13.57182,41.7543],[13.5861,41.76643],[13.63127,41.78265],[13.64276,41.79218],[13.6373,41.80255],[13.64773,41.81101],[13.66289,41.81127],[13.70555,41.78747],[13.71706,41.79768],[13.72956,41.7989],[13.73122,41.78707],[13.74911,41.77278],[13.74946,41.76059],[13.76591,41.7487],[13.79014,41.74297],[13.8121,41.7542],[13.82348,41.74088],[13.85645,41.73123],[13.88059,41.7283],[13.89171,41.73515],[13.89764,41.73213],[13.90446,41.71819],[13.91931,41.71786],[13.93247,41.69333],[13.96736,41.67403],[13.98829,41.65383],[13.99667,41.62414],[14.01099,41.60754],[14.01017,41.59256],[13.9977,41.57904],[14.00422,41.57155],[14.00166,41.56969]]]},"properties":{"name":"Frosinone","kind":"admin","source":"istat-province"}},{"type":"Feature","geometry":{"type":"Polygon","coordinates":[[[13.94102,41.68797],[13.93154,41.69437],[13.91931,41.71786],[13.90446,41.71819],[13.89171,41.73515],[13.88059,41.7283],[13.85645,41.73123],[13.82348,41.74088],[13.81162,41.75426],[13.79014,41.74297],[13.76591,41.7487],[13.74946,41.76059],[13.74911,41.77278],[13.73122,41.78707],[13.72956,41.7989],[13.71706,41.79768],[13.70555,41.78747],[13.69271,41.79152],[13.67997,41.80436],[13.66289,41.81127],[13.64773,41.81101],[13.6373,41.80255],[13.64276,41.79218],[13.63127,41.78265],[13.5861,41.76643],[13.57182,41.7543],[13.56255,41.76117],[13.54791,41.76116],[13.52043,41.77297],[13.52156,41.77981],[13.50508,41.8016],[13.4697,41.80663],[13.45155,41.82282],[13.4169,41.83467],[13.40663,41.83753],[13.3963,41.83403],[13.39099,41.81927],[13.37952,41.81746],[13.36683,41.83307],[13.36728,41.86333],[13.35984,41.86938],[13.38399,41.90419],[13.36437,41.92475],[13.3455,41.92218],[13.3103,41.95162],[13.29826,41.95427],[13.29628,41.94861],[13.28722,41.94989],[13.26676,41.96617],[13.24284,41.97153],[13.23056,41.98214],[13.19908,41.9865],[13.13995,42.01535],[13.10497,42.026],[13.09661,42.02195],[13.10102,42.00799],[13.06483,42.01244],[13.04924,42.02353],[13.04648,42.03532],[13.02662,42.05003],[13.01849,42.07494],[13.03283,42.10718],[13.03078,42.1221],[13.03701,42.119],[13.05982,42.12295],[13.08484,42.1422],[13.0938,42.16004],[13.08706,42.17787],[13.12342,42.17699],[13.16971,42.15071],[13.18328,42.15888],[13.19271,42.15826],[13.2057,42.14844],[13.22335,42.14334],[13.23723,42.12913],[13.24878,42.12743],[13.265,42.13679],[13.2849,42.13428],[13.30529,42.13826],[13.31748,42.15365],[13.32875,42.15492],[13.32272,42.16104],[13.32727,42.16386],[13.35396,42.16672],[13.34237,42.17681],[13.37989,42.18044],[13.37279,42.18809],[13.35223,42.19128],[13.34147,42.19841],[13.33189,42.20818],[13.34099,42.21733],[13.33562,42.2224],[13.28137,42.23777],[13.27124,42.25416],[13.24256,42.26889],[13.23461,42.27787],[13.22863,42.28845],[13.22646,42.31933],[13.19135,42.33233],[13.17165,42.34873],[13.15335,42.35699],[13.1894,42.38111],[13.19416,42.38919],[13.1892,42.40022],[13.15517,42.41422],[13.14111,42.42975],[13.11617,42.44391],[13.13338,42.45836],[13.15405,42.46233],[13.17842,42.47934],[13.17141,42.48512],[13.17777,42.51264],[13.16054,42.52202],[13.1558,42.54005],[13.16702,42.54152],[13.17609,42.55265],[13.17427,42.56751],[13.19227,42.57797],[13.19136,42.58752],[13.22679,42.58284],[13.24594,42.57271],[13.2538,42.58197],[13.28362,42.58252],[13.29328,42.56954],[13.32309,42.57975],[13.34282,42.5749],[13.38178,42.58101],[13.39401,42.59126],[13.39259,42.58251],[13.40451,42.57371],[13.40227,42.56162],[13.4093,42.53889],[13.42606,42.51901],[13.47563,42.48307],[13.52571,42.4724],[13.52521,42.45001],[13.55205,42.44798],[13.56576,42.45851],[13.57595,42.45393],[13.62195,42.45107],[13.67058,42.43837],[13.70196,42.44423],[13.72298,42.44267],[13.75977,42.42811],[13.76315,42.42089],[13.77641,42.4139],[13.78763,42.39136],[13.80859,42.37874],[13.81282,42.36828],[13.79912,42.36583],[13.80719,42.34627],[13.80448,42.33446],[13.82449,42.31617],[13.82834,42.29431],[13.84434,42.28124],[13.8401,42.26997],[13.84243,42.25645],[13.83296,42.24654],[13.82218,42.25291],[13.81494,42.25177],[13.80638,42.23838],[13.79924,42.23722],[13.80798,42.2276],[13.80684,42.21737],[13.80043,42.21025],[13.80339,42.20082],[13.81076,42.19672],[13.79612,42.18286],[13.79941,42.16817],[13.78922,42.15393],[13.83074,42.14336],[13.83491,42.14843],[13.84553,42.14272],[13.85273,42.14601],[13.85914,42.1594],[13.8989,42.16557],[13.90774,42.15615],[13.90477,42.14841],[13.91037,42.14349],[13.93404,42.13067],[13.96201,42.12474],[13.97662,42.10247],[14.00605,42.07313],[14.03054,42.08291],[14.08294,42.08732],[14.10019,42.07467],[14.10404,42.04798],[14.09049,42.04079],[14.07961,42.00766],[14.08145,42.00068],[14.08993,41.99754],[14.08768,41.98757],[14.09371,41.97852],[14.0979,41.94519],[14.08182,41.93941],[14.09488,41.92226],[14.10626,41.89336],[14.1397,41.8857],[14.16772,41.90094],[14.18324,41.90351],[14.22973,41.87708],[14.21663,41.85344],[14.19545,41.84817],[14.19502,41.84153],[14.18168,41.84689],[14.15562,41.83961],[14.14716,41.8273],[14.16445,41.80988],[14.17146,41.77844],[14.1768,41.77372],[14.19429,41.77341],[14.20195,41.76504],[14.19465,41.75817],[14.19396,41.74802],[14.17871,41.74921],[14.17183,41.76577],[14.16358,41.75947],[14.15868,41.74702],[14.13392,41.74282],[14.12169,41.74634],[14.11526,41.73693],[14.12328,41.72607],[14.10813,41.70748],[14.0944,41.73794],[14.06957,41.73723],[14.05308,41.71904],[14.05325,41.7017],[14.02692,41.7027],[14.0191,41.68223],[13.98192,41.69514],[13.95513,41.69547],[13.94102,41.68797]]]},"properties":{"name":"L'Aquila","kind":"admin","source":"istat-province"}},{"type":"Feature","geometry":{"type":"Polygon","coordinates":[[[13.93299,42.83802],[13.94937,42.7928],[13.97329,42.7509],[13.97901,42.75407],[13.97575,42.74796],[14.00139,42.69989],[14.07527,42.60163],[14.14419,42.52977],[14.12946,42.52707],[14.1006,42.53144],[14.08483,42.54348],[14.06667,42.54453],[14.05732,42.53067],[13.98998,42.54187],[13.97406,42.53499],[13.9557,42.53433],[13.95189,42.52933],[13.95789,42.50538],[13.92515,42.51531],[13.91331,42.50628],[13.89522,42.51197],[13.88461,42.50923],[13.88081,42.50255],[13.88408,42.48937],[13.86249,42.48705],[13.83785,42.49794],[13.81065,42.49287],[13.80604,42.47619],[13.79004,42.45172],[13.76983,42.43169],[13.76526,42.42014],[13.74918,42.43402],[13.72298,42.44267],[13.70196,42.44423],[13.67058,42.43837],[13.62195,42.45107],[13.57595,42.45393],[13.56284,42.4587],[13.55205,42.44798],[13.53015,42.44879],[13.52469,42.45073],[13.52571,42.4724],[13.49894,42.47569],[13.45701,42.49328],[13.40967,42.5382],[13.40227,42.56162],[13.40451,42.57371],[13.39259,42.58251],[13.39401,42.59126],[13.389,42.60165],[13.39689,42.61489],[13.39468,42.6217],[13.40677,42.62923],[13.40828,42.64286],[13.36992,42.64897],[13.34968,42.66872],[13.35055,42.68196],[13.35886,42.69583],[13.38998,42.68716],[13.4274,42.70643],[13.437,42.69892],[13.44116,42.70366],[13.43769,42.71694],[13.44799,42.73222],[13.49344,42.73662],[13.50463,42.74761],[13.50421,42.77474],[13.52973,42.79599],[13.535,42.8168],[13.54365,42.81695],[13.55503,42.8044],[13.57225,42.80037],[13.6244,42.81654],[13.63552,42.8033],[13.6636,42.80713],[13.6993,42.82262],[13.71088,42.84336],[13.70661,42.84932],[13.72486,42.85572],[13.77796,42.86045],[13.80405,42.86865],[13.81932,42.87891],[13.87487,42.88886],[13.87984,42.89508],[13.87999,42.89121],[13.91806,42.89443],[13.93299,42.83802]]]},"properties":{"name":"Teramo","kind":"admin","source":"istat-province"}},{"type":"Feature","geometry":{"type":"MultiPolygon","coordinates":[[[[13.84433,42.28108],[13.82834,42.29431],[13.82449,42.31617],[13.80448,42.33446],[13.80719,42.34627],[13.79912,42.36583],[13.81282,42.36828],[13.80859,42.37874],[13.78763,42.39136],[13.77641,42.4139],[13.76526,42.42014],[13.76983,42.43169],[13.79004,42.45172],[13.80604,42.47619],[13.81065,42.49287],[13.83785,42.49794],[13.86249,42.48705],[13.88344,42.48925],[13.88115,42.50403],[13.8925,42.51213],[13.91331,42.50628],[13.92515,42.51531],[13.95789,42.50538],[13.95189,42.52933],[13.9557,42.53433],[13.97406,42.53499],[13.98998,42.54187],[14.05732,42.53067],[14.06667,42.54453],[14.08483,42.54348],[14.1006,42.53144],[14.12946,42.52707],[14.14626,42.53062],[14.206,42.47854],[14.22585,42.46769],[14.23417,42.4678],[14.22775,42.46785],[14.2347,42.46561],[14.23262,42.46175],[14.25446,42.44491],[14.22872,42.4155],[14.2213,42.41948],[14.22393,42.42737],[14.20936,42.42491],[14.19882,42.42889],[14.1944,42.43679],[14.18571,42.42606],[14.1715,42.43665],[14.16507,42.4328],[14.1569,42.41681],[14.16169,42.41683],[14.15585,42.41302],[14.15755,42.39422],[14.13227,42.3859],[14.12764,42.36749],[14.11759,42.36229],[14.12539,42.35255],[14.11966,42.33486],[14.09084,42.33438],[14.07566,42.32509],[14.09435,42.30353],[14.11148,42.29557],[14.1028,42.2843],[14.08521,42.2784],[14.11366,42.27443],[14.1148,42.26268],[14.10662,42.25727],[14.1086,42.24455],[14.13309,42.22431],[14.12161,42.22449],[14.11059,42.21053],[14.09403,42.20523],[14.10661,42.18878],[14.09608,42.18592],[14.09629,42.18129],[14.12917,42.15877],[14.10991,42.14284],[14.11562,42.12013],[14.11305,42.10412],[14.10617,42.09874],[14.09021,42.09868],[14.08322,42.09009],[14.08523,42.08672],[14.03054,42.08291],[14.00605,42.07313],[13.97662,42.10247],[13.96201,42.12474],[13.93404,42.13067],[13.91037,42.14349],[13.90477,42.14841],[13.90774,42.15615],[13.8989,42.16557],[13.85914,42.1594],[13.85273,42.14601],[13.84553,42.14272],[13.83491,42.14843],[13.83074,42.14336],[13.78922,42.15393],[13.79941,42.16817],[13.79612,42.18286],[13.81076,42.19672],[13.80339,42.20082],[13.80043,42.21025],[13.80684,42.21737],[13.80798,42.2276],[13.79924,42.23722],[13.80638,42.23838],[13.81494,42.25177],[13.82218,42.25291],[13.83296,42.24654],[13.84243,42.25645],[13.8401,42.26997],[13.84433,42.28108]]]]},"properties":{"name":"Pescara","kind":"admin","source":"istat-province"}},{"type":"Feature","geometry":{"type":"Polygon","coordinates":[[[14.32369,41.89641],[14.30398,41.89339],[14.2842,41.91078],[14.26637,41.8958],[14.25314,41.89177],[14.24638,41.88263],[14.22973,41.87708],[14.18324,41.90351],[14.16772,41.90094],[14.1397,41.8857],[14.10626,41.89336],[14.09488,41.92226],[14.08182,41.93941],[14.0979,41.94519],[14.09791,41.95231],[14.09371,41.97852],[14.08768,41.98757],[14.08993,41.99754],[14.08101,42.00145],[14.08153,42.0183],[14.09061,42.03273],[14.09061,42.04095],[14.10404,42.04798],[14.10019,42.07467],[14.08322,42.09009],[14.09021,42.09868],[14.10617,42.09874],[14.11305,42.10412],[14.11562,42.12013],[14.10991,42.14284],[14.12917,42.15877],[14.09629,42.18129],[14.09608,42.18592],[14.10661,42.18878],[14.09358,42.20338],[14.11059,42.21053],[14.12161,42.22449],[14.13309,42.22431],[14.1086,42.24455],[14.10662,42.25727],[14.1148,42.26268],[14.11366,42.27443],[14.08521,42.2784],[14.1028,42.2843],[14.11148,42.29557],[14.09435,42.30353],[14.07566,42.32509],[14.09084,42.33438],[14.11966,42.33486],[14.12539,42.35255],[14.11759,42.36229],[14.12764,42.36749],[14.13227,42.3859],[14.15755,42.39422],[14.15585,42.41302],[14.16169,42.41683],[14.1569,42.41681],[14.1715,42.43665],[14.18571,42.42606],[14.1944,42.43679],[14.19882,42.42889],[14.20936,42.42491],[14.22359,42.42753],[14.2213,42.41948],[14.22872,42.4155],[14.25446,42.44491],[14.32092,42.40499],[14.39069,42.3731],[14.40992,42.35809],[14.41015,42.34788],[14.4267,42.32518],[14.50241,42.27181],[14.50105,42.26058],[14.5096,42.25155],[14.62079,42.19927],[14.69892,42.17446],[14.71053,42.1723],[14.71406,42.1739],[14.7117,42.1777],[14.72025,42.15557],[14.71704,42.15004],[14.72285,42.12539],[14.71874,42.105],[14.74431,42.08448],[14.77955,42.06983],[14.7608,42.0422],[14.78225,42.03511],[14.78015,42.02967],[14.76431,42.01723],[14.72413,42.00046],[14.70087,41.97271],[14.66864,41.94663],[14.66376,41.91629],[14.64132,41.89934],[14.61424,41.88919],[14.59899,41.86302],[14.59771,41.85104],[14.58474,41.84214],[14.56798,41.81812],[14.55077,41.81659],[14.53945,41.80248],[14.53095,41.80069],[14.53364,41.79203],[14.52886,41.787],[14.50629,41.77743],[14.48702,41.76],[14.45462,41.76365],[14.46514,41.77718],[14.45474,41.79581],[14.44424,41.83981],[14.43237,41.84115],[14.42645,41.85092],[14.39745,41.86974],[14.37887,41.86587],[14.37668,41.87993],[14.36138,41.8746],[14.36447,41.86884],[14.35814,41.85995],[14.34301,41.86252],[14.34317,41.86959],[14.32758,41.88582],[14.32369,41.89641]]]},"properties":{"name":"Chieti","kind":"admin","source":"istat-province"}},{"type":"Feature","geometry":{"type":"Polygon","coordinates":[[[14.41933,41.43515],[14.41251,41.44122],[14.40094,41.4372],[14.3825,41.44325],[14.37859,41.44887],[14.38995,41.50506],[14.40632,41.51006],[14.42717,41.52456],[14.45216,41.51952],[14.45754,41.54614],[14.46956,41.5397],[14.47015,41.55641],[14.49468,41.57414],[14.49217,41.59035],[14.51198,41.59633],[14.51287,41.60062],[14.50972,41.60894],[14.49796,41.61654],[14.48148,41.61616],[14.47948,41.63175],[14.44798,41.6449],[14.42725,41.63731],[14.42413,41.64389],[14.43349,41.65658],[14.42942,41.6687],[14.43498,41.67193],[14.45445,41.66469],[14.46965,41.67832],[14.48434,41.68061],[14.49353,41.67144],[14.50244,41.67828],[14.50118,41.68572],[14.521,41.69918],[14.51884,41.72684],[14.47618,41.7458],[14.48389,41.75812],[14.50629,41.77743],[14.52886,41.787],[14.53364,41.79203],[14.53095,41.80069],[14.53945,41.80248],[14.55077,41.81659],[14.56798,41.81812],[14.58474,41.84214],[14.59771,41.85104],[14.59899,41.86302],[14.61424,41.88919],[14.64132,41.89934],[14.66376,41.91629],[14.66864,41.94663],[14.70087,41.97271],[14.72716,42.00325],[14.76431,42.01723],[14.78015,42.02967],[14.78225,42.03511],[14.7608,42.0422],[14.77955,42.06983],[14.88919,42.0244],[14.99359,42.00479],[15.00414,41.99105],[15.03344,41.97722],[15.07914,41.94265],[15.13805,41.92665],[15.13124,41.90085],[15.13806,41.89075],[15.1388,41.87928],[15.12999,41.87326],[15.11853,41.85421],[15.10379,41.84701],[15.10099,41.83748],[15.11644,41.81454],[15.11599,41.79906],[15.11514,41.78956],[15.10101,41.78201],[15.09703,41.7674],[15.11655,41.74897],[15.10328,41.74904],[15.10188,41.74276],[15.1209,41.72039],[15.1615,41.70939],[15.11707,41.69375],[15.10607,41.68561],[15.10246,41.67206],[15.09466,41.67418],[15.08993,41.68182],[15.08585,41.67506],[15.08996,41.672],[15.06956,41.66007],[15.05025,41.65731],[15.04518,41.63695],[15.02599,41.63457],[15.02549,41.62232],[15.00833,41.6223],[14.99047,41.62967],[14.9887,41.63781],[14.95954,41.64604],[14.93413,41.62016],[14.9478,41.60864],[14.94525,41.60061],[14.95031,41.59266],[14.94854,41.57375],[14.93747,41.54756],[14.93715,41.52748],[14.94512,41.52183],[14.96639,41.51901],[15.00762,41.48639],[14.99054,41.48014],[14.98227,41.46907],[14.94689,41.45608],[14.88442,41.44478],[14.8677,41.42782],[14.85656,41.42475],[14.82444,41.43468],[14.80593,41.44754],[14.78494,41.45209],[14.7713,41.44185],[14.77233,41.43351],[14.7647,41.41737],[14.71686,41.40078],[14.69962,41.41084],[14.68555,41.41134],[14.67144,41.40664],[14.66085,41.39315],[14.65277,41.39775],[14.64341,41.39402],[14.61464,41.36824],[14.60304,41.36396],[14.58545,41.37114],[14.58895,41.37507],[14.58624,41.38042],[14.56633,41.39213],[14.55182,41.37943],[14.52351,41.38528],[14.50507,41.3825],[14.48861,41.39071],[14.47735,41.41898],[14.46586,41.41981],[14.45529,41.42783],[14.42761,41.42911],[14.41933,41.43515]]]},"properties":{"name":"Campobasso","kind":"admin","source":"istat-province"}},{"type":"Feature","geometry":{"type":"Polygon","coordinates":[[[14.37668,41.87993],[14.37887,41.86587],[14.39745,41.86974],[14.42645,41.85092],[14.43237,41.84115],[14.44424,41.83981],[14.45474,41.79581],[14.46514,41.77718],[14.45479,41.76336],[14.48533,41.75965],[14.47618,41.7458],[14.51373,41.73137],[14.52,41.72481],[14.52118,41.69947],[14.50118,41.68572],[14.50143,41.67734],[14.49353,41.67144],[14.48456,41.6806],[14.46965,41.67832],[14.45445,41.66469],[14.43388,41.6717],[14.42921,41.66819],[14.43345,41.65636],[14.42413,41.64389],[14.42884,41.6372],[14.44798,41.6449],[14.47999,41.63152],[14.48148,41.61616],[14.49796,41.61654],[14.50972,41.60894],[14.51213,41.59644],[14.49302,41.59144],[14.49457,41.57392],[14.47015,41.55641],[14.46956,41.5397],[14.45754,41.54614],[14.45081,41.51847],[14.42808,41.52474],[14.40632,41.51006],[14.39179,41.50766],[14.37769,41.45249],[14.3825,41.44325],[14.34218,41.45408],[14.32716,41.45344],[14.28428,41.4721],[14.29214,41.47634],[14.27913,41.48638],[14.24942,41.48455],[14.24075,41.4972],[14.20485,41.49993],[14.18279,41.49654],[14.17379,41.5007],[14.1673,41.49442],[14.16466,41.47889],[14.15164,41.48266],[14.12262,41.50729],[14.11837,41.49661],[14.09983,41.48127],[14.09669,41.47328],[14.08241,41.46545],[14.08681,41.45966],[14.07837,41.44708],[14.10523,41.42325],[14.10344,41.40228],[14.11367,41.38866],[14.0961,41.3902],[14.08346,41.40015],[14.04239,41.39278],[14.02658,41.41669],[14.01659,41.42412],[14.00568,41.42457],[14.00071,41.43093],[14.00802,41.43957],[14.00704,41.45188],[13.97791,41.46249],[13.99278,41.48208],[13.97269,41.49341],[13.99473,41.51292],[14.01268,41.51526],[14.0275,41.52321],[14.00526,41.53875],[14.0207,41.54236],[14.02601,41.55533],[14.02366,41.56103],[14.00411,41.56655],[13.99882,41.57488],[13.99781,41.57943],[14.01017,41.59256],[14.01099,41.60754],[13.99667,41.62414],[13.98829,41.65383],[13.96736,41.67403],[13.94102,41.68797],[13.95513,41.69547],[13.98192,41.69514],[14.01873,41.68211],[14.02692,41.7027],[14.05325,41.7017],[14.05308,41.71904],[14.06957,41.73723],[14.0944,41.73794],[14.1072,41.70736],[14.12328,41.72607],[14.11526,41.73693],[14.12193,41.74648],[14.13392,41.74282],[14.15868,41.74702],[14.16358,41.75947],[14.17183,41.76577],[14.17871,41.74921],[14.19418,41.74814],[14.1945,41.7578],[14.20191,41.767],[14.19429,41.77341],[14.1768,41.77372],[14.17146,41.77844],[14.16445,41.80988],[14.14716,41.8273],[14.15562,41.83961],[14.18168,41.84689],[14.19502,41.84153],[14.19545,41.84817],[14.21663,41.85344],[14.22687,41.8748],[14.26637,41.8958],[14.2793,41.90952],[14.2842,41.91078],[14.30398,41.89339],[14.32389,41.89629],[14.32758,41.88582],[14.34317,41.86959],[14.34301,41.86252],[14.35814,41.85995],[14.36447,41.86884],[14.36138,41.8746],[14.37668,41.87993]]]},"properties":{"name":"Isernia","kind":"admin","source":"istat-province"}},{"type":"Feature","geometry":{"type":"Polygon","coordinates":[[[14.51823,41.04876],[14.51507,41.03734],[14.53209,41.01227],[14.53444,40.99769],[14.52081,40.98715],[14.492,40.99425],[14.48338,40.99242],[14.47706,40.98146],[14.43695,40.98419],[14.42469,40.98085],[14.40483,40.98609],[14.41478,40.99697],[14.41052,41.00224],[14.34614,41.00002],[14.29762,41.00475],[14.28929,40.98647],[14.29428,40.98057],[14.29302,40.96971],[14.28448,40.9603],[14.26351,40.96156],[14.25843,40.95824],[14.26405,40.9519],[14.25225,40.94608],[14.2325,40.95843],[14.22941,40.95246],[14.21435,40.94929],[14.17223,40.95397],[14.17373,40.95007],[14.16723,40.94443],[14.16527,40.95436],[14.13825,40.94466],[14.1297,40.94986],[14.14751,40.95828],[14.14027,40.97914],[14.11221,40.97899],[14.09263,40.96001],[14.04737,40.95922],[14.04304,40.95769],[14.04673,40.95412],[14.03703,40.94962],[14.018,40.94791],[14.02881,40.92485],[14.02697,40.91594],[14.03571,40.89988],[14.03257,40.89899],[13.99675,40.95627],[13.92248,41.02654],[13.89633,41.08723],[13.83573,41.1628],[13.81388,41.18449],[13.76211,41.2226],[13.77197,41.2421],[13.81685,41.24367],[13.83353,41.2522],[13.84012,41.26254],[13.82843,41.28103],[13.85617,41.29083],[13.88234,41.29094],[13.88974,41.29748],[13.89481,41.31164],[13.87368,41.33562],[13.87794,41.3413],[13.87081,41.35709],[13.87386,41.3753],[13.88632,41.38444],[13.86121,41.41657],[13.87514,41.42642],[13.90483,41.42644],[13.93124,41.44015],[13.96124,41.46395],[13.97791,41.46249],[14.00704,41.45188],[14.00802,41.43957],[14.00071,41.43093],[14.00568,41.42457],[14.01659,41.42412],[14.02658,41.41669],[14.04239,41.39278],[14.08477,41.40003],[14.0961,41.3902],[14.11144,41.38643],[14.11338,41.39062],[14.10319,41.40343],[14.10523,41.42325],[14.07837,41.44708],[14.08681,41.45966],[14.08241,41.46545],[14.09669,41.47328],[14.09983,41.48127],[14.11837,41.49661],[14.11951,41.50652],[14.12527,41.50737],[14.15164,41.48266],[14.16466,41.47889],[14.1673,41.49442],[14.17379,41.5007],[14.18279,41.49654],[14.20485,41.49993],[14.24075,41.4972],[14.24942,41.48455],[14.27913,41.48638],[14.29214,41.47634],[14.28428,41.4721],[14.32716,41.45344],[14.34218,41.45408],[14.40094,41.4372],[14.41251,41.44122],[14.42761,41.42911],[14.45529,41.42783],[14.46586,41.41981],[14.47735,41.41898],[14.48861,41.39071],[14.50346,41.38501],[14.49491,41.37427],[14.47784,41.37979],[14.47354,41.37346],[14.46514,41.37567],[14.45614,41.37178],[14.4446,41.35658],[14.43949,41.34425],[14.46851,41.34551],[14.47504,41.33818],[14.47675,41.32162],[14.49029,41.3075],[14.4891,41.30065],[14.44842,41.29048],[14.43844,41.28198],[14.4326,41.26477],[14.42204,41.25773],[14.42205,41.24678],[14.41669,41.24364],[14.42092,41.23722],[14.41847,41.22164],[14.43517,41.22266],[14.43454,41.21455],[14.44233,41.21033],[14.44671,41.19742],[14.45369,41.19086],[14.46265,41.19067],[14.45937,41.17477],[14.46824,41.1752],[14.45863,41.16357],[14.46363,41.15687],[14.43604,41.15475],[14.43071,41.14968],[14.42897,41.13727],[14.42252,41.13525],[14.42122,41.14053],[14.38771,41.15239],[14.37934,41.16156],[14.35541,41.15657],[14.352,41.1521],[14.3666,41.13693],[14.3882,41.13434],[14.39715,41.12142],[14.39376,41.11584],[14.43417,41.10779],[14.43698,41.09625],[14.43233,41.07956],[14.43983,41.07105],[14.41342,41.05782],[14.42041,41.05245],[14.45604,41.04945],[14.45919,41.0424],[14.474,41.04254],[14.47952,41.04661],[14.47804,41.05134],[14.49324,41.0475],[14.5072,41.0557],[14.51823,41.04876]]]},"properties":{"name":"Caserta","kind":"admin","source":"istat-province"}},{"type":"Feature","geometry":{"type":"MultiPolygon","coordinates":[[[[14.59664,41.05883],[14.58875,41.03473],[14.56805,41.02064],[14.57193,41.00952],[14.56312,41.01668],[14.54057,41.01985],[14.53117,41.01335],[14.51507,41.03734],[14.51823,41.04876],[14.50772,41.05557],[14.49215,41.04721],[14.47804,41.05134],[14.47952,41.04661],[14.47278,41.04245],[14.45582,41.04274],[14.45475,41.0497],[14.42041,41.05245],[14.41342,41.05782],[14.43983,41.07105],[14.43233,41.07956],[14.43698,41.09625],[14.43417,41.10779],[14.39376,41.11584],[14.39715,41.12142],[14.3882,41.13434],[14.3666,41.13693],[14.352,41.1521],[14.35541,41.15657],[14.37934,41.16156],[14.38771,41.15239],[14.42122,41.14053],[14.42252,41.13525],[14.42897,41.13727],[14.43071,41.14968],[14.43604,41.15475],[14.46363,41.15687],[14.45863,41.16357],[14.46824,41.1752],[14.45937,41.17477],[14.46265,41.19067],[14.45369,41.19086],[14.44671,41.19742],[14.44233,41.21033],[14.43454,41.21455],[14.43517,41.22266],[14.41847,41.22164],[14.42092,41.23722],[14.41669,41.24364],[14.42205,41.24678],[14.42204,41.25773],[14.4326,41.26477],[14.43844,41.28198],[14.44842,41.29048],[14.4891,41.30065],[14.49029,41.3075],[14.47675,41.32162],[14.47504,41.33818],[14.46851,41.34551],[14.43949,41.34425],[14.45614,41.37178],[14.46514,41.37567],[14.47354,41.37346],[14.47784,41.37979],[14.49491,41.37427],[14.50119,41.38282],[14.5228,41.3853],[14.55182,41.37943],[14.56633,41.39213],[14.58624,41.38042],[14.58895,41.37507],[14.58545,41.37114],[14.60304,41.36396],[14.61464,41.36824],[14.64341,41.39402],[14.65277,41.39775],[14.66085,41.39315],[14.67144,41.40664],[14.68555,41.41134],[14.69962,41.41084],[14.71686,41.40078],[14.7647,41.41737],[14.77233,41.43351],[14.7713,41.44185],[14.78494,41.45209],[14.80593,41.44754],[14.82444,41.43468],[14.85656,41.42475],[14.8677,41.42782],[14.88442,41.44478],[14.94689,41.45608],[14.98227,41.46907],[14.99054,41.48014],[15.00517,41.48626],[15.02389,41.47695],[15.0303,41.45539],[15.03345,41.4527],[15.04312,41.45676],[15.04679,41.44334],[15.07625,41.43278],[15.09878,41.43377],[15.10343,41.42123],[15.09172,41.41792],[15.08652,41.40459],[15.09831,41.39057],[15.08155,41.38773],[15.05847,41.37213],[15.06119,41.35755],[15.06781,41.3517],[15.07219,41.33246],[15.13056,41.31719],[15.12677,41.30295],[15.13989,41.29277],[15.13629,41.28688],[15.14916,41.28045],[15.13637,41.26325],[15.12217,41.2562],[15.0991,41.26096],[15.08174,41.25285],[15.06649,41.27093],[15.05096,41.25823],[15.03413,41.26434],[15.02024,41.26279],[15.00906,41.27096],[14.98459,41.26962],[14.98097,41.26127],[14.98456,41.23904],[15.00118,41.22001],[15.0049,41.20817],[14.99756,41.19855],[14.96253,41.17704],[14.96367,41.16675],[14.95692,41.14739],[14.99531,41.15044],[14.99955,41.14652],[14.99305,41.1448],[14.99566,41.13303],[15.01085,41.1181],[14.97449,41.09322],[14.94647,41.08588],[14.94517,41.08025],[14.92704,41.08402],[14.91781,41.07358],[14.87065,41.05887],[14.86287,41.0479],[14.84777,41.0477],[14.83309,41.03571],[14.80631,41.04061],[14.806,41.05881],[14.79681,41.06032],[14.79584,41.05032],[14.79152,41.04824],[14.77474,41.05461],[14.77654,41.04083],[14.76886,41.02208],[14.77599,41.01446],[14.76379,41.00967],[14.74862,41.00954],[14.73631,41.01723],[14.73818,41.02247],[14.72869,41.02776],[14.7275,41.04611],[14.709,41.06143],[14.70138,41.05543],[14.6752,41.05432],[14.66724,41.05803],[14.64015,41.04254],[14.61081,41.05283],[14.60445,41.05099],[14.59664,41.05883]]],[[[14.71564,41.00703],[14.69361,40.97514],[14.67978,40.98167],[14.67964,40.99817],[14.68628,41.00876],[14.67887,41.0195],[14.6957,41.03386],[14.71564,41.00703]]]]},"properties":{"name":"Benevento","kind":"admin","source":"istat-province"}},{"type":"Feature","geometry":{"type":"MultiPolygon","coordinates":[[[[14.35567,41.00178],[14.41052,41.00224],[14.41478,40.99697],[14.40483,40.98609],[14.41962,40.98134],[14.47706,40.98146],[14.48338,40.99242],[14.492,40.99425],[14.52081,40.98715],[14.53415,40.99678],[14.53117,41.01335],[14.53476,41.01773],[14.56312,41.01668],[14.58107,40.99463],[14.57672,40.96304],[14.58107,40.96179],[14.5853,40.93396],[14.61461,40.92844],[14.62071,40.91172],[14.66452,40.91521],[14.66966,40.90495],[14.66507,40.90328],[14.64531,40.90541],[14.64585,40.9087],[14.63213,40.91239],[14.60881,40.90938],[14.59284,40.91458],[14.57427,40.90912],[14.57252,40.89668],[14.55946,40.88798],[14.57717,40.88058],[14.60554,40.84761],[14.57113,40.84718],[14.56465,40.83516],[14.58868,40.82016],[14.58924,40.80725],[14.57424,40.80027],[14.57594,40.78688],[14.55272,40.79269],[14.54485,40.77815],[14.50702,40.77297],[14.51432,40.74635],[14.50656,40.73918],[14.52606,40.73474],[14.54268,40.74017],[14.55032,40.727],[14.56071,40.73174],[14.57161,40.71053],[14.57989,40.70958],[14.577,40.70141],[14.59062,40.69402],[14.57228,40.67009],[14.55518,40.66792],[14.5725,40.64842],[14.57164,40.64005],[14.58053,40.63677],[14.57715,40.62714],[14.56534,40.62343],[14.55531,40.62975],[14.5445,40.62137],[14.53447,40.62493],[14.51791,40.62193],[14.51028,40.6305],[14.51064,40.64543],[14.48212,40.64749],[14.47488,40.63575],[14.46578,40.63434],[14.46219,40.62779],[14.46853,40.6197],[14.41891,40.61029],[14.40803,40.59958],[14.32452,40.56904],[14.32044,40.58781],[14.34179,40.61852],[14.33939,40.6282],[14.34679,40.627],[14.35128,40.63453],[14.37101,40.62783],[14.3997,40.63798],[14.40796,40.6516],[14.4036,40.65631],[14.43002,40.66593],[14.43862,40.68138],[14.44798,40.68739],[14.47925,40.69596],[14.48191,40.70322],[14.47797,40.71459],[14.45586,40.74794],[14.44639,40.75492],[14.41348,40.75231],[14.39551,40.75939],[14.36323,40.78662],[14.36025,40.78489],[14.32441,40.81952],[14.27393,40.84469],[14.26223,40.84379],[14.25291,40.83497],[14.22325,40.82917],[14.20612,40.80907],[14.20726,40.80076],[14.18729,40.79226],[14.17448,40.79916],[14.16142,40.79284],[14.1598,40.79757],[14.16814,40.79716],[14.1734,40.80231],[14.16568,40.81132],[14.15921,40.80804],[14.16585,40.81193],[14.16217,40.81532],[14.12079,40.82057],[14.11742,40.82773],[14.10482,40.83168],[14.08548,40.82971],[14.07167,40.81893],[14.08192,40.81185],[14.08946,40.7778],[14.07777,40.78734],[14.04171,40.79114],[14.04749,40.84773],[14.03257,40.89899],[14.03571,40.89988],[14.02697,40.91594],[14.02881,40.92485],[14.0184,40.9431],[14.01987,40.94917],[14.03703,40.94962],[14.04673,40.95412],[14.04304,40.95769],[14.04737,40.95922],[14.09263,40.96001],[14.11221,40.97899],[14.14027,40.97914],[14.14751,40.95828],[14.1297,40.94986],[14.13825,40.94466],[14.16527,40.95436],[14.16723,40.94443],[14.17373,40.95007],[14.17223,40.95397],[14.21435,40.94929],[14.22941,40.95246],[14.2325,40.95843],[14.25225,40.94608],[14.26405,40.9519],[14.25843,40.95824],[14.26351,40.96156],[14.28448,40.9603],[14.29302,40.96971],[14.29428,40.98057],[14.28929,40.98647],[14.29762,41.00475],[14.35567,41.00178]]],[[[14.23107,40.54169],[14.19794,40.53681],[14.19972,40.56097],[14.24156,40.55573],[14.26024,40.56146],[14.26635,40.5566],[14.25289,40.54162],[14.2444,40.54667],[14.23107,40.54169]]],[[[13.95416,40.70728],[13.95406,40.70066],[13.93972,40.70665],[13.92219,40.69716],[13.90521,40.70179],[13.87366,40.69691],[13.86158,40.7033],[13.85104,40.71104],[13.86121,40.7174],[13.85857,40.73806],[13.86855,40.75235],[13.86189,40.75742],[13.87114,40.76162],[13.87707,40.75686],[13.88328,40.75957],[13.89008,40.75256],[13.90992,40.75239],[13.90654,40.74909],[13.92413,40.74993],[13.95397,40.742],[13.96529,40.7127],[13.95416,40.70728]]],[[[14.01707,40.76984],[14.02204,40.75829],[14.01283,40.7486],[14.01762,40.73943],[14.00592,40.74906],[14.0042,40.74506],[13.99546,40.74688],[13.99771,40.74012],[13.99017,40.74305],[13.99466,40.74917],[14.00201,40.74748],[14.00999,40.76862],[14.01707,40.76984]]]]},"properties":{"name":"Napoli","kind":"admin","source":"istat-province"}},{"type":"Feature","geometry":{"type":"Polygon","coordinates":[[[14.76034,41.00938],[14.77599,41.01446],[14.76886,41.02208],[14.77654,41.04083],[14.77474,41.05461],[14.79152,41.04824],[14.79584,41.05032],[14.79681,41.06032],[14.806,41.05881],[14.80631,41.04061],[14.83309,41.03571],[14.84777,41.0477],[14.86287,41.0479],[14.87065,41.05887],[14.91781,41.07358],[14.92704,41.08402],[14.94517,41.08025],[14.94647,41.08588],[14.97449,41.09322],[15.01085,41.1181],[14.99566,41.13303],[14.99305,41.1448],[14.99955,41.14652],[14.99531,41.15044],[14.95692,41.14739],[14.96367,41.16675],[14.96253,41.17704],[14.99756,41.19855],[15.0049,41.20817],[15.00118,41.22001],[14.98456,41.23904],[14.98097,41.26127],[14.98613,41.27115],[15.00906,41.27096],[15.02024,41.26279],[15.03413,41.26434],[15.05096,41.25823],[15.06649,41.27093],[15.08174,41.25285],[15.0991,41.26096],[15.12217,41.2562],[15.13806,41.26482],[15.15081,41.28297],[15.19927,41.28641],[15.19974,41.27945],[15.21574,41.27594],[15.22044,41.26519],[15.23568,41.27231],[15.2504,41.27046],[15.2754,41.24989],[15.27984,41.24079],[15.24618,41.23611],[15.24607,41.22396],[15.26242,41.19763],[15.2275,41.18493],[15.20935,41.16769],[15.21056,41.14892],[15.23566,41.13988],[15.26335,41.11479],[15.26431,41.10532],[15.29791,41.09331],[15.31436,41.10389],[15.33192,41.09635],[15.35162,41.09477],[15.36659,41.08478],[15.38245,41.09273],[15.39638,41.10682],[15.40128,41.10598],[15.4461,41.07801],[15.47835,41.07866],[15.48949,41.07003],[15.54288,41.05585],[15.55137,41.03896],[15.56315,41.03102],[15.55955,41.01697],[15.56635,41.01253],[15.57231,40.99711],[15.56662,40.96878],[15.54229,40.9464],[15.52724,40.90783],[15.46763,40.8896],[15.47302,40.87434],[15.46082,40.86715],[15.42992,40.87963],[15.40273,40.88161],[15.38811,40.87562],[15.37523,40.88584],[15.35417,40.88265],[15.35525,40.87089],[15.37836,40.86767],[15.37755,40.83614],[15.36098,40.83918],[15.33074,40.83243],[15.31841,40.83859],[15.29555,40.83815],[15.28002,40.79776],[15.25159,40.78751],[15.24037,40.77204],[15.24072,40.73209],[15.24708,40.71768],[15.21303,40.71706],[15.16898,40.70664],[15.15228,40.72298],[15.13959,40.75688],[15.1323,40.76115],[15.05472,40.77275],[15.0273,40.78177],[15.00917,40.77316],[14.99136,40.78236],[14.98811,40.78858],[14.94497,40.78811],[14.91843,40.80119],[14.91737,40.8097],[14.8743,40.79661],[14.84458,40.79965],[14.8352,40.79355],[14.82581,40.7944],[14.81157,40.80479],[14.79306,40.79835],[14.78148,40.80114],[14.78137,40.80682],[14.74761,40.80329],[14.73022,40.82137],[14.74174,40.82848],[14.73129,40.84198],[14.70216,40.83768],[14.68621,40.84138],[14.67427,40.82982],[14.67598,40.82153],[14.65625,40.82548],[14.65268,40.83151],[14.62428,40.84408],[14.60554,40.84761],[14.57717,40.88058],[14.55946,40.88798],[14.57252,40.89668],[14.57427,40.90912],[14.59345,40.91457],[14.59645,40.91062],[14.63213,40.91239],[14.65105,40.90391],[14.66966,40.90495],[14.66452,40.91521],[14.62071,40.91172],[14.61461,40.92844],[14.5853,40.93396],[14.58107,40.96179],[14.57672,40.96304],[14.58107,40.99463],[14.57379,41.00191],[14.56805,41.02064],[14.58875,41.03473],[14.59664,41.05883],[14.60445,41.05099],[14.61081,41.05283],[14.64015,41.04254],[14.66724,41.05803],[14.6752,41.05432],[14.70138,41.05543],[14.709,41.06143],[14.7275,41.04611],[14.72869,41.02776],[14.73818,41.02247],[14.73631,41.01723],[14.74862,41.00954],[14.76034,41.00938]],[[14.69361,40.97514],[14.71564,41.00703],[14.6957,41.03386],[14.67887,41.0195],[14.68628,41.00876],[14.67964,40.99817],[14.67978,40.98167],[14.69361,40.97514]]]},"properties":{"name":"Avellino","kind":"admin","source":"istat-province"}},{"type":"Feature","geometry":{"type":"MultiPolygon","coordinates":[[[[15.05597,40.77424],[15.13959,40.75688],[15.14572,40.73281],[15.16898,40.70664],[15.21303,40.71706],[15.24708,40.71768],[15.24072,40.73209],[15.24037,40.77204],[15.25159,40.78751],[15.28002,40.79776],[15.29555,40.83815],[15.33497,40.83488],[15.36646,40.81214],[15.3805,40.81095],[15.3794,40.80621],[15.36611,40.80049],[15.38841,40.79493],[15.3804,40.78058],[15.39111,40.76725],[15.38368,40.76363],[15.37906,40.75093],[15.38148,40.72415],[15.40909,40.71304],[15.42894,40.69259],[15.47,40.67317],[15.48719,40.67284],[15.49256,40.66401],[15.50363,40.66367],[15.49209,40.64749],[15.46746,40.63894],[15.44947,40.6091],[15.47402,40.59266],[15.48545,40.59368],[15.49087,40.58685],[15.51013,40.58575],[15.51989,40.57049],[15.53261,40.57305],[15.53934,40.56806],[15.52658,40.55733],[15.5361,40.54757],[15.53598,40.53537],[15.5453,40.53166],[15.53531,40.52226],[15.55047,40.50925],[15.53522,40.49964],[15.53886,40.48805],[15.57873,40.46889],[15.57858,40.46277],[15.59179,40.44603],[15.58673,40.4436],[15.64798,40.41401],[15.66273,40.39249],[15.67158,40.39791],[15.71012,40.3773],[15.70436,40.36372],[15.70475,40.34224],[15.72098,40.3245],[15.73084,40.32217],[15.72688,40.31545],[15.74764,40.29922],[15.79229,40.28978],[15.80636,40.27323],[15.79962,40.26779],[15.79995,40.25742],[15.80537,40.25141],[15.78981,40.24407],[15.78735,40.23663],[15.79572,40.22192],[15.78992,40.21756],[15.77408,40.21734],[15.75121,40.2018],[15.73126,40.19933],[15.72975,40.18633],[15.71253,40.17844],[15.71649,40.16959],[15.70106,40.16062],[15.70938,40.13861],[15.70317,40.12185],[15.70583,40.11773],[15.67698,40.08447],[15.65175,40.07886],[15.67186,40.07035],[15.67616,40.0549],[15.64534,40.04296],[15.62684,40.05625],[15.63251,40.06822],[15.62547,40.07408],[15.6175,40.06866],[15.57302,40.07831],[15.53067,40.07383],[15.50329,40.06405],[15.48441,40.03836],[15.47801,40.0403],[15.4601,40.0337],[15.41904,39.99056],[15.38171,40.00076],[15.35686,39.99912],[15.34156,40.00554],[15.31486,40.03188],[15.2913,40.02343],[15.2709,40.023],[15.26788,40.03146],[15.27852,40.02961],[15.2853,40.03509],[15.28159,40.05552],[15.27124,40.07423],[15.23935,40.09332],[15.20568,40.12345],[15.17884,40.12728],[15.13205,40.17147],[15.11277,40.17713],[15.08538,40.17366],[15.06585,40.1644],[15.05349,40.17106],[15.03996,40.17053],[14.99089,40.21895],[14.9687,40.22204],[14.95153,40.23341],[14.93997,40.23325],[14.93526,40.22859],[14.9089,40.24342],[14.90648,40.25395],[14.94346,40.2757],[14.94653,40.30415],[14.93931,40.31933],[14.9448,40.33557],[14.96823,40.34038],[14.98266,40.35483],[14.9794,40.35077],[14.98323,40.35069],[14.99729,40.35693],[14.99905,40.3897],[14.98088,40.42814],[14.93926,40.48639],[14.89707,40.56163],[14.85847,40.60777],[14.8086,40.65194],[14.77577,40.67175],[14.75738,40.67781],[14.75203,40.6752],[14.75494,40.67212],[14.74763,40.6778],[14.74179,40.66944],[14.71874,40.66658],[14.69167,40.6343],[14.67853,40.63294],[14.63846,40.64843],[14.6249,40.64788],[14.6079,40.63437],[14.58455,40.62475],[14.57211,40.6114],[14.5694,40.61572],[14.53927,40.61331],[14.52865,40.60727],[14.49542,40.62704],[14.46867,40.62019],[14.46392,40.62391],[14.46578,40.63434],[14.47488,40.63575],[14.48158,40.64719],[14.50194,40.64821],[14.51101,40.645],[14.51028,40.6305],[14.51791,40.62193],[14.53447,40.62493],[14.5445,40.62137],[14.55531,40.62975],[14.56534,40.62343],[14.57759,40.62743],[14.58053,40.63677],[14.57164,40.64005],[14.5725,40.64842],[14.55518,40.66792],[14.57228,40.67009],[14.59062,40.69402],[14.577,40.70141],[14.57989,40.70958],[14.57161,40.71053],[14.56071,40.73174],[14.55032,40.727],[14.54268,40.74017],[14.52049,40.73479],[14.50543,40.74053],[14.51432,40.74635],[14.50702,40.77297],[14.54485,40.77815],[14.55272,40.79269],[14.57594,40.78688],[14.57424,40.80027],[14.58889,40.8066],[14.58962,40.81907],[14.56465,40.83516],[14.57341,40.84776],[14.61959,40.84549],[14.65268,40.83151],[14.65625,40.82548],[14.67598,40.82153],[14.67427,40.82982],[14.68621,40.84138],[14.70216,40.83768],[14.73129,40.84198],[14.74174,40.82848],[14.73022,40.82137],[14.74761,40.80329],[14.78137,40.80682],[14.78148,40.80114],[14.79306,40.79835],[14.81157,40.80479],[14.82581,40.7944],[14.8352,40.79355],[14.84458,40.79965],[14.8743,40.79661],[14.91737,40.8097],[14.91843,40.80119],[14.94497,40.78811],[14.98811,40.78858],[14.99136,40.78236],[15.00917,40.77316],[15.0273,40.78177],[15.05597,40.77424]]]]},"properties":{"name":"Salerno","kind":"admin","source":"istat-province"}},{"type":"Feature","geometry":{"type":"MultiPolygon","coordinates":[[[[15.09831,41.39057],[15.08652,41.40459],[15.09172,41.41792],[15.10343,41.42123],[15.09878,41.43377],[15.07625,41.43278],[15.04679,41.44334],[15.04312,41.45676],[15.03345,41.4527],[15.0303,41.45539],[15.02389,41.47695],[14.96639,41.51901],[14.93857,41.5252],[14.93747,41.54756],[14.94854,41.57375],[14.95031,41.59266],[14.94525,41.60061],[14.9478,41.60864],[14.93413,41.62016],[14.95954,41.64604],[14.9887,41.63781],[14.99047,41.62967],[15.00833,41.6223],[15.02549,41.62232],[15.02599,41.63457],[15.04518,41.63695],[15.05025,41.65731],[15.06956,41.66007],[15.08996,41.672],[15.08585,41.67506],[15.08993,41.68182],[15.09466,41.67418],[15.10246,41.67206],[15.10607,41.68561],[15.11707,41.69375],[15.1615,41.70939],[15.1209,41.72039],[15.10188,41.74276],[15.10328,41.74904],[15.11655,41.74897],[15.09703,41.7674],[15.10101,41.78201],[15.11514,41.78956],[15.11599,41.79906],[15.11644,41.81454],[15.10099,41.83748],[15.10379,41.84701],[15.11853,41.85421],[15.12999,41.87326],[15.1388,41.87928],[15.13806,41.89075],[15.13124,41.90085],[15.13805,41.92665],[15.20781,41.91921],[15.33592,41.91673],[15.36339,41.90321],[15.41925,41.90089],[15.62305,41.92743],[15.66645,41.92146],[15.67777,41.91507],[15.7377,41.91577],[15.92456,41.93314],[16.01215,41.95044],[16.02573,41.94561],[16.05885,41.94542],[16.06106,41.94908],[16.06547,41.94383],[16.08975,41.93867],[16.12092,41.91511],[16.153,41.90868],[16.16198,41.89042],[16.17646,41.88482],[16.17669,41.85511],[16.18483,41.83944],[16.19974,41.82615],[16.19418,41.81692],[16.19576,41.79238],[16.1866,41.77212],[16.1676,41.76635],[16.1639,41.75505],[16.14857,41.75047],[16.14004,41.74091],[16.10491,41.72974],[16.08937,41.71481],[16.07383,41.71094],[16.06538,41.69571],[16.03487,41.67722],[15.99084,41.66305],[15.92462,41.63162],[15.90332,41.61828],[15.89656,41.601],[15.89423,41.57556],[15.89908,41.54787],[15.92515,41.4945],[15.96224,41.45779],[16.02478,41.42576],[16.0248,41.42141],[15.97919,41.43833],[15.95019,41.44171],[15.93647,41.425],[15.97345,41.41398],[16.03852,41.38264],[16.03433,41.37499],[15.98193,41.36079],[15.9834,41.30469],[15.98759,41.30462],[16.00889,41.27255],[16.00895,41.26402],[16.04024,41.26991],[16.0176,41.23945],[16.02066,41.22078],[16.00762,41.20861],[15.99479,41.20578],[15.99161,41.1954],[15.95035,41.18288],[15.92674,41.18199],[15.90873,41.1635],[15.87333,41.14375],[15.86502,41.13096],[15.8466,41.1256],[15.83174,41.12913],[15.82507,41.11791],[15.81438,41.11777],[15.80537,41.11089],[15.79624,41.09018],[15.78201,41.08976],[15.7684,41.08319],[15.7526,41.09734],[15.74357,41.09935],[15.73038,41.09903],[15.72522,41.09075],[15.67941,41.0868],[15.64656,41.08962],[15.61853,41.09915],[15.58574,41.09826],[15.55972,41.0882],[15.54936,41.07409],[15.54024,41.07223],[15.54174,41.05571],[15.48949,41.07003],[15.47835,41.07866],[15.4461,41.07801],[15.42749,41.09282],[15.39638,41.10682],[15.36706,41.08481],[15.35162,41.09477],[15.33192,41.09635],[15.31436,41.10389],[15.29791,41.09331],[15.28257,41.09733],[15.26431,41.10532],[15.26335,41.11479],[15.23566,41.13988],[15.2164,41.14476],[15.20845,41.15591],[15.20935,41.16769],[15.22354,41.18194],[15.26242,41.19763],[15.24607,41.22396],[15.24574,41.23503],[15.27984,41.24079],[15.27566,41.24954],[15.249,41.27099],[15.23568,41.27231],[15.22044,41.26519],[15.21574,41.27594],[15.19974,41.27945],[15.2007,41.28635],[15.14916,41.28045],[15.13629,41.28688],[15.13989,41.29277],[15.12677,41.30295],[15.13056,41.31719],[15.07219,41.33246],[15.05847,41.37213],[15.08155,41.38773],[15.09831,41.39057]]],[[[15.48269,42.10369],[15.47669,42.10632],[15.47627,42.11162],[15.49113,42.12579],[15.49626,42.11548],[15.48269,42.10369]]],[[[15.50411,42.11859],[15.51366,42.12857],[15.51799,42.12755],[15.50411,42.11859]]],[[[15.50888,42.12942],[15.50998,42.1378],[15.5158,42.14],[15.50888,42.12942]]]]},"properties":{"name":"Foggia","kind":"admin","source":"istat-province"}},{"type":"Feature","geometry":{"type":"MultiPolygon","coordinates":[[[[17.29774,40.82012],[17.29527,40.81719],[17.31016,40.81092],[17.32725,40.81157],[17.3643,40.7857],[17.37116,40.78959],[17.39946,40.78526],[17.38973,40.76574],[17.39557,40.75686],[17.39365,40.74855],[17.35185,40.74878],[17.34021,40.73936],[17.30463,40.74346],[17.2945,40.76015],[17.28299,40.76719],[17.28449,40.77265],[17.29719,40.77336],[17.2892,40.78757],[17.30172,40.78456],[17.31155,40.78929],[17.30167,40.80208],[17.2873,40.8034],[17.28493,40.79807],[17.24436,40.80033],[17.25108,40.77501],[17.24793,40.76596],[17.2278,40.75726],[17.20386,40.75703],[17.20128,40.76167],[17.15988,40.74376],[17.14949,40.71076],[17.13614,40.70787],[17.11616,40.70819],[17.11735,40.71293],[17.10331,40.71412],[17.09713,40.7088],[17.09038,40.7099],[17.08568,40.71924],[17.06054,40.72137],[17.03369,40.71207],[17.02257,40.71308],[17.00095,40.7314],[17.02122,40.75193],[17.01545,40.75982],[16.97153,40.74133],[16.94696,40.74315],[16.9287,40.73874],[16.92306,40.726],[16.93024,40.71266],[16.90407,40.70662],[16.89688,40.71603],[16.88741,40.71233],[16.87517,40.715],[16.8708,40.71112],[16.86729,40.71823],[16.85585,40.72358],[16.84214,40.71279],[16.81804,40.70621],[16.82184,40.69385],[16.80862,40.69199],[16.80007,40.69501],[16.7868,40.73327],[16.73277,40.71082],[16.67403,40.73803],[16.66336,40.74887],[16.66152,40.73683],[16.65286,40.7363],[16.64935,40.73803],[16.65317,40.74391],[16.63282,40.75357],[16.60794,40.75183],[16.5791,40.76368],[16.56697,40.75446],[16.57798,40.742],[16.57244,40.73694],[16.56367,40.73976],[16.55447,40.75765],[16.5358,40.75193],[16.53138,40.74464],[16.54065,40.74185],[16.54401,40.72554],[16.53861,40.72498],[16.52106,40.74033],[16.52255,40.74645],[16.50105,40.76229],[16.46325,40.72414],[16.43051,40.70475],[16.41378,40.70186],[16.39886,40.70836],[16.38039,40.7364],[16.34881,40.74963],[16.31623,40.78311],[16.27823,40.80161],[16.25615,40.82305],[16.2523,40.83268],[16.24221,40.83961],[16.24178,40.8474],[16.23162,40.85404],[16.2238,40.88659],[16.20246,40.91753],[16.2256,40.94553],[16.25189,40.96218],[16.26642,41.00535],[16.25404,41.01479],[16.26661,41.02389],[16.26316,41.03319],[16.26603,41.0386],[16.31277,41.08995],[16.32206,41.10643],[16.34727,41.12525],[16.3517,41.13472],[16.33629,41.14926],[16.34171,41.15638],[16.33997,41.16652],[16.35771,41.16127],[16.36455,41.17207],[16.38247,41.18109],[16.39159,41.19613],[16.4005,41.18849],[16.41897,41.18446],[16.42878,41.19032],[16.43632,41.1882],[16.44656,41.17562],[16.45992,41.17036],[16.47075,41.14803],[16.47736,41.15523],[16.50385,41.15134],[16.51488,41.16896],[16.51177,41.18397],[16.53825,41.21301],[16.54226,41.22947],[16.57133,41.21865],[16.5822,41.20816],[16.62614,41.19483],[16.66318,41.19163],[16.69909,41.1768],[16.77914,41.15972],[16.80963,41.14033],[16.83996,41.13879],[16.85826,41.12872],[16.86575,41.13032],[16.87117,41.13983],[16.85539,41.14396],[16.86829,41.14313],[16.87255,41.13972],[16.87272,41.12588],[16.87905,41.1226],[16.92882,41.11176],[16.99762,41.08813],[17.05462,41.07798],[17.14241,41.03694],[17.17541,41.0291],[17.20084,41.00944],[17.20284,41.00286],[17.23704,40.99313],[17.26525,40.97324],[17.27186,40.97496],[17.28263,40.96939],[17.32827,40.93519],[17.35011,40.90574],[17.38921,40.89225],[17.37053,40.88598],[17.3395,40.86601],[17.33877,40.85805],[17.31536,40.84068],[17.31213,40.82966],[17.29774,40.82012]]]]},"properties":{"name":"Bari","kind":"admin","source":"istat-province"}},{"type":"Feature","geometry":{"type":"MultiPolygon","coordinates":[[[[17.79833,40.37965],[17.7981,40.35017],[17.7927,40.33604],[17.77964,40.32792],[17.78531,40.31073],[17.76795,40.3116],[17.76386,40.29614],[17.67649,40.30476],[17.50852,40.29474],[17.49477,40.30996],[17.46024,40.31612],[17.44284,40.32981],[17.38601,40.33739],[17.37459,40.34883],[17.3498,40.35434],[17.34002,40.3619],[17.32618,40.36101],[17.31061,40.3666],[17.30468,40.374],[17.27927,40.37914],[17.26766,40.3906],[17.23265,40.40108],[17.22277,40.40866],[17.20332,40.40827],[17.20195,40.41324],[17.20889,40.4212],[17.23215,40.42463],[17.25473,40.4411],[17.24673,40.46214],[17.22017,40.47934],[17.18183,40.48144],[17.18064,40.49323],[17.17683,40.48966],[17.16583,40.50102],[17.15507,40.49659],[17.16545,40.50386],[17.16264,40.50611],[17.14475,40.49491],[17.1493,40.50522],[17.14603,40.5099],[17.12868,40.51733],[17.10152,40.52021],[17.04392,40.51213],[16.99527,40.49494],[16.92218,40.45145],[16.86652,40.39808],[16.85068,40.40124],[16.84582,40.4111],[16.83582,40.41043],[16.80938,40.43307],[16.80969,40.44694],[16.80282,40.45744],[16.78547,40.46288],[16.75982,40.46275],[16.75544,40.4641],[16.75663,40.46819],[16.74381,40.46469],[16.72022,40.47983],[16.73705,40.5078],[16.71582,40.52425],[16.72438,40.53529],[16.70648,40.5493],[16.70536,40.55504],[16.71659,40.58224],[16.71177,40.59283],[16.72826,40.60142],[16.71262,40.61563],[16.70976,40.63283],[16.7272,40.68838],[16.7155,40.68933],[16.69649,40.70261],[16.70449,40.71125],[16.70872,40.70542],[16.72491,40.71383],[16.73426,40.71079],[16.7868,40.73327],[16.80007,40.69501],[16.80862,40.69199],[16.82184,40.69385],[16.81804,40.70621],[16.84214,40.71279],[16.85585,40.72358],[16.86729,40.71823],[16.8708,40.71112],[16.89449,40.71635],[16.89967,40.70766],[16.91195,40.70709],[16.93071,40.71286],[16.92306,40.726],[16.9287,40.73874],[16.94696,40.74315],[16.97153,40.74133],[17.01545,40.75982],[17.02122,40.75193],[17.00095,40.7314],[17.02257,40.71308],[17.03369,40.71207],[17.05856,40.72144],[17.08568,40.71924],[17.0869,40.7109],[17.09676,40.70877],[17.10331,40.71412],[17.11647,40.71332],[17.11588,40.70838],[17.12274,40.707],[17.14688,40.70948],[17.15988,40.74376],[17.20128,40.76167],[17.20386,40.75703],[17.2278,40.75726],[17.24793,40.76596],[17.25108,40.77501],[17.24276,40.79988],[17.28493,40.79807],[17.2873,40.8034],[17.30167,40.80208],[17.31155,40.78929],[17.30172,40.78456],[17.2892,40.78757],[17.29719,40.77336],[17.28449,40.77265],[17.28296,40.76823],[17.2945,40.76015],[17.30125,40.74661],[17.34021,40.73936],[17.35361,40.74859],[17.34984,40.73289],[17.38695,40.72099],[17.39675,40.695],[17.4045,40.68848],[17.414,40.68429],[17.4261,40.68782],[17.42495,40.68146],[17.41784,40.6815],[17.4283,40.63144],[17.47339,40.61058],[17.47538,40.60046],[17.45754,40.58101],[17.44827,40.55422],[17.47071,40.51176],[17.48008,40.50297],[17.48699,40.48216],[17.51104,40.47886],[17.51965,40.47041],[17.52029,40.45773],[17.54635,40.43844],[17.54681,40.44353],[17.54211,40.44528],[17.55005,40.44671],[17.55993,40.43714],[17.56544,40.44267],[17.57728,40.43851],[17.59023,40.44944],[17.58212,40.45652],[17.58379,40.46021],[17.60996,40.46522],[17.63591,40.45998],[17.63776,40.45154],[17.66992,40.44071],[17.68264,40.44076],[17.69338,40.41185],[17.71867,40.40539],[17.72862,40.39155],[17.77153,40.39698],[17.77748,40.38984],[17.79203,40.39046],[17.79833,40.37965]]],[[[17.16066,40.45323],[17.16699,40.44807],[17.15721,40.44474],[17.14329,40.45051],[17.1531,40.45143],[17.16097,40.45809],[17.16066,40.45323]]]]},"properties":{"name":"Taranto","kind":"admin","source":"istat-province"}},{"type":"Feature","geometry":{"type":"MultiPolygon","coordinates":[[[[17.99861,40.64903],[17.99678,40.65526],[18.00087,40.65573],[17.99861,40.64903]]],[[[17.96784,40.65964],[17.96694,40.65509],[17.96743,40.66235],[17.96227,40.66255],[17.95228,40.64824],[17.9272,40.64004],[17.96599,40.64797],[17.98218,40.64444],[17.99861,40.64903],[18.01464,40.63657],[18.01814,40.62198],[18.04514,40.59728],[18.03479,40.57322],[18.03744,40.56397],[18.05499,40.54862],[18.07473,40.53953],[18.07978,40.52633],[18.09737,40.51537],[18.0734,40.48744],[18.08023,40.49152],[18.08348,40.48846],[18.07433,40.47631],[18.0707,40.48785],[18.05983,40.47936],[18.07419,40.47586],[18.07529,40.46451],[18.06911,40.46042],[18.06269,40.464],[18.05704,40.47665],[18.04933,40.47399],[18.04144,40.48895],[18.02655,40.47738],[18.02842,40.46969],[18.01759,40.46259],[17.99759,40.46847],[17.97553,40.45458],[17.95331,40.45762],[17.93563,40.42836],[17.88638,40.42267],[17.82254,40.40342],[17.82135,40.39551],[17.8055,40.38889],[17.80371,40.38084],[17.79833,40.37965],[17.7906,40.39114],[17.77748,40.38984],[17.77153,40.39698],[17.72862,40.39155],[17.71867,40.40539],[17.69338,40.41185],[17.68264,40.44076],[17.66992,40.44071],[17.63776,40.45154],[17.63591,40.45998],[17.60996,40.46522],[17.58379,40.46021],[17.58212,40.45652],[17.59023,40.44944],[17.57728,40.43851],[17.56544,40.44267],[17.55993,40.43714],[17.55005,40.44671],[17.54211,40.44528],[17.54681,40.44353],[17.54635,40.43844],[17.52029,40.45773],[17.51965,40.47041],[17.51104,40.47886],[17.48699,40.48216],[17.48008,40.50297],[17.47071,40.51176],[17.44827,40.55422],[17.45754,40.58101],[17.47538,40.60046],[17.47339,40.61058],[17.42781,40.63218],[17.41784,40.6815],[17.42495,40.68146],[17.4261,40.68782],[17.414,40.68429],[17.4045,40.68848],[17.39675,40.695],[17.38695,40.72099],[17.34966,40.73316],[17.35361,40.74859],[17.39365,40.74855],[17.39557,40.75686],[17.38973,40.76574],[17.39946,40.78526],[17.37116,40.78959],[17.3643,40.7857],[17.32725,40.81157],[17.3149,40.80979],[17.29527,40.81719],[17.31213,40.82966],[17.31536,40.84068],[17.33877,40.85805],[17.3395,40.86601],[17.37053,40.88598],[17.38921,40.89225],[17.41483,40.87068],[17.45721,40.84921],[17.47281,40.83221],[17.4941,40.82269],[17.55681,40.79891],[17.70723,40.75819],[17.74626,40.73385],[17.83854,40.69127],[17.92582,40.67946],[17.9339,40.68101],[17.93608,40.68603],[17.95299,40.66413],[17.98399,40.66366],[17.96784,40.65964]]]]},"properties":{"name":"Brindisi","kind":"admin","source":"istat-province"}},{"type":"Feature","geometry":{"type":"MultiPolygon","coordinates":[[[[18.39313,39.86835],[18.38534,39.84177],[18.39081,39.8176],[18.36899,39.79376],[18.3616,39.79795],[18.34617,39.79146],[18.33281,39.79664],[18.32708,39.80737],[18.31498,39.80817],[18.30352,39.81842],[18.26911,39.8347],[18.20474,39.83855],[18.14926,39.86195],[18.12075,39.88467],[18.08594,39.90065],[18.06828,39.91877],[18.04756,39.92879],[18.02969,39.94891],[18.02595,39.96227],[18.01296,39.97083],[17.99319,40.00007],[18.00626,39.99572],[18.01764,40.00702],[18.02061,40.01839],[18.01613,40.03406],[17.99766,40.05066],[17.97208,40.05459],[17.98305,40.06152],[17.97723,40.05694],[17.99028,40.05859],[18.0046,40.07172],[18.01101,40.08606],[18.00992,40.10906],[17.98718,40.14034],[17.96359,40.1477],[17.9589,40.15849],[17.9388,40.17075],[17.91981,40.19214],[17.91783,40.20068],[17.92421,40.21753],[17.92149,40.22618],[17.89523,40.25061],[17.90976,40.2413],[17.90693,40.25335],[17.9003,40.25883],[17.89045,40.25875],[17.85691,40.28537],[17.84517,40.28551],[17.83977,40.28049],[17.81636,40.28959],[17.77117,40.29494],[17.76262,40.29209],[17.76795,40.3116],[17.78531,40.31073],[17.77964,40.32792],[17.7927,40.33604],[17.79969,40.35523],[17.79833,40.37965],[17.80425,40.38117],[17.8055,40.38889],[17.82088,40.39499],[17.82379,40.40386],[17.88638,40.42267],[17.93563,40.42836],[17.95331,40.45762],[17.97553,40.45458],[17.99759,40.46847],[18.01759,40.46259],[18.02842,40.46969],[18.02655,40.47738],[18.04144,40.48895],[18.04933,40.47399],[18.05658,40.47707],[18.05968,40.46679],[18.06911,40.46042],[18.07529,40.46451],[18.07419,40.47586],[18.05983,40.47936],[18.0707,40.48785],[18.07433,40.47631],[18.08348,40.48846],[18.08023,40.49152],[18.0734,40.48744],[18.09737,40.51537],[18.13695,40.48858],[18.16959,40.48067],[18.18581,40.4693],[18.20301,40.46709],[18.23425,40.44844],[18.27896,40.40731],[18.30643,40.39144],[18.30537,40.38363],[18.31597,40.37283],[18.35138,40.35158],[18.38598,40.31446],[18.42283,40.29418],[18.4317,40.28342],[18.42982,40.27333],[18.44108,40.26858],[18.44829,40.24736],[18.46447,40.22506],[18.45784,40.20913],[18.46365,40.19292],[18.47896,40.17812],[18.48004,40.16759],[18.49174,40.15329],[18.48791,40.1475],[18.50352,40.14693],[18.50795,40.13914],[18.51688,40.13553],[18.50656,40.12622],[18.52038,40.10708],[18.48309,40.07718],[18.47521,40.04426],[18.43577,40.02475],[18.43166,40.0006],[18.41667,39.99409],[18.40716,39.97538],[18.39022,39.90736],[18.39903,39.88908],[18.39804,39.87245],[18.39313,39.86835]]],[[[17.95149,40.0519],[17.95585,40.05071],[17.95207,40.04623],[17.94498,40.04632],[17.95149,40.0519]]]]},"properties":{"name":"Lecce","kind":"admin","source":"istat-province"}},{"type":"Feature","geometry":{"type":"Polygon","coordinates":[[[16.33997,41.16652],[16.34171,41.15638],[16.33629,41.14926],[16.3517,41.13472],[16.34727,41.12525],[16.32206,41.10643],[16.31277,41.08995],[16.26603,41.0386],[16.26316,41.03319],[16.26661,41.02389],[16.25404,41.01479],[16.26642,41.00535],[16.25189,40.96218],[16.2256,40.94553],[16.20246,40.91753],[16.16297,40.92858],[16.13807,40.91835],[16.13432,40.90656],[16.12107,40.89772],[16.09277,40.92064],[15.97723,40.95798],[15.97181,40.97213],[16.00835,40.97209],[16.02704,40.99121],[16.03198,40.99838],[16.02793,41.02408],[16.04047,41.02836],[16.04062,41.03624],[16.00725,41.05911],[15.99886,41.05399],[15.98015,41.08159],[15.9826,41.0892],[15.97625,41.09417],[15.95414,41.09312],[15.95996,41.10005],[15.95338,41.11081],[15.92097,41.11115],[15.90079,41.12641],[15.89352,41.12277],[15.88066,41.13684],[15.87025,41.13992],[15.90873,41.1635],[15.92674,41.18199],[15.95035,41.18288],[15.99161,41.1954],[15.99479,41.20578],[16.00762,41.20861],[16.02066,41.22078],[16.0176,41.23945],[16.04024,41.26991],[16.00895,41.26402],[16.00889,41.27255],[15.98759,41.30462],[15.9834,41.30469],[15.98193,41.36079],[16.03433,41.37499],[16.03874,41.38125],[15.97345,41.41398],[15.93696,41.42582],[15.95019,41.44171],[15.97919,41.43833],[16.0248,41.42141],[16.02478,41.42576],[16.04133,41.42137],[16.16868,41.3694],[16.20703,41.35943],[16.26161,41.32874],[16.35906,41.30471],[16.38712,41.29024],[16.42177,41.28021],[16.45318,41.25979],[16.48164,41.2566],[16.48532,41.25163],[16.50474,41.24731],[16.50487,41.24329],[16.5338,41.23777],[16.54226,41.22947],[16.53878,41.214],[16.51177,41.18397],[16.51488,41.16896],[16.50385,41.15134],[16.47736,41.15523],[16.47075,41.14803],[16.45992,41.17036],[16.44656,41.17562],[16.43632,41.1882],[16.42878,41.19032],[16.41897,41.18446],[16.4005,41.18849],[16.39159,41.19613],[16.38247,41.18109],[16.36455,41.17207],[16.35771,41.16127],[16.33997,41.16652]]]},"properties":{"name":"Barletta-Andria-Trani","kind":"admin","source":"istat-province"}},{"type":"Feature","geometry":{"type":"MultiPolygon","coordinates":[[[[16.04822,40.63557],[16.05254,40.62892],[16.07078,40.62062],[16.08098,40.60088],[16.09641,40.59777],[16.11163,40.58487],[16.12096,40.58365],[16.1019,40.55713],[16.07569,40.54465],[16.11625,40.50069],[16.11144,40.49229],[16.09613,40.48568],[16.09703,40.48171],[16.1163,40.45911],[16.14149,40.45253],[16.1279,40.43034],[16.10948,40.42632],[16.10512,40.42004],[16.10605,40.40912],[16.12299,40.39184],[16.1515,40.37776],[16.15421,40.36488],[16.16642,40.34824],[16.16338,40.33846],[16.17486,40.3384],[16.1753,40.33084],[16.18959,40.32003],[16.18754,40.31628],[16.16914,40.31818],[16.16184,40.31217],[16.17068,40.30918],[16.17278,40.29973],[16.18801,40.29009],[16.19548,40.26539],[16.24166,40.26647],[16.25748,40.27418],[16.28221,40.26897],[16.3055,40.27197],[16.3189,40.27967],[16.33335,40.30445],[16.37563,40.31042],[16.37481,40.29644],[16.36401,40.28794],[16.3755,40.27387],[16.36771,40.26241],[16.37117,40.251],[16.36071,40.24269],[16.35947,40.22611],[16.34878,40.21703],[16.34861,40.2054],[16.35947,40.18578],[16.38671,40.17591],[16.39734,40.167],[16.39333,40.16234],[16.39649,40.15377],[16.36931,40.14414],[16.35052,40.1233],[16.35416,40.12029],[16.36132,40.12326],[16.35326,40.11678],[16.37374,40.10784],[16.35529,40.09087],[16.37301,40.09049],[16.36249,40.07268],[16.38308,40.08131],[16.38379,40.06275],[16.39876,40.05543],[16.39275,40.04219],[16.39856,40.01791],[16.39064,40.0027],[16.36058,39.96859],[16.35809,39.9541],[16.3469,39.94937],[16.3378,39.93618],[16.34788,39.92456],[16.35966,39.9196],[16.35141,39.89902],[16.30959,39.93404],[16.28242,39.9309],[16.26889,39.93598],[16.238,39.92547],[16.21428,39.9266],[16.21937,39.91759],[16.21469,39.89598],[16.15895,39.9194],[16.13797,39.90141],[16.12898,39.90643],[16.10332,39.90692],[16.08239,39.89625],[16.05472,39.8985],[16.04902,39.8948],[16.03795,39.91599],[16.01653,39.92575],[16.02192,39.93413],[16.01401,39.94064],[16.0068,39.95731],[16.01988,39.97494],[16.03359,39.98235],[16.03071,39.99336],[16.0086,39.99648],[16.00587,39.98951],[15.9792,39.9824],[15.96852,39.99173],[15.92802,40.00107],[15.89777,39.98167],[15.89077,39.99432],[15.87687,39.99652],[15.86766,39.99013],[15.85023,40.00603],[15.82005,40.00187],[15.7948,39.97137],[15.773,39.96052],[15.76585,39.9306],[15.75592,39.92356],[15.75046,39.93338],[15.7426,39.93438],[15.73496,39.94249],[15.73193,39.96408],[15.69923,39.99609],[15.68113,40.00616],[15.67553,40.01462],[15.67455,40.02951],[15.66446,40.03958],[15.64449,40.04158],[15.67616,40.0549],[15.67186,40.07035],[15.65163,40.07858],[15.67698,40.08447],[15.70583,40.11773],[15.70317,40.12185],[15.70922,40.13987],[15.70051,40.15828],[15.71649,40.16959],[15.71253,40.17844],[15.72975,40.18633],[15.73448,40.20168],[15.75121,40.2018],[15.77408,40.21734],[15.7952,40.22138],[15.79718,40.22485],[15.78735,40.23663],[15.78981,40.24407],[15.80537,40.25141],[15.79995,40.25742],[15.79962,40.26779],[15.80636,40.27323],[15.79229,40.28978],[15.74764,40.29922],[15.72688,40.31545],[15.73084,40.32217],[15.72098,40.3245],[15.70475,40.34224],[15.70436,40.36372],[15.71012,40.3773],[15.67158,40.39791],[15.66273,40.39249],[15.64798,40.41401],[15.58673,40.4436],[15.59179,40.44603],[15.57858,40.46277],[15.57873,40.46889],[15.53886,40.48805],[15.53522,40.49964],[15.55047,40.50925],[15.53531,40.52226],[15.5453,40.53166],[15.53598,40.53537],[15.5361,40.54757],[15.52658,40.55733],[15.53934,40.56806],[15.53261,40.57305],[15.51989,40.57049],[15.51013,40.58575],[15.49087,40.58685],[15.48545,40.59368],[15.47402,40.59266],[15.44947,40.6091],[15.46746,40.63894],[15.49209,40.64749],[15.50363,40.66367],[15.49256,40.66401],[15.48719,40.67284],[15.47,40.67317],[15.42894,40.69259],[15.40909,40.71304],[15.38148,40.72415],[15.37906,40.75093],[15.38368,40.76363],[15.39111,40.76725],[15.3804,40.78058],[15.38829,40.79539],[15.36664,40.79831],[15.3805,40.81095],[15.36646,40.81214],[15.33497,40.83488],[15.36098,40.83918],[15.37768,40.83645],[15.37836,40.86767],[15.35525,40.87089],[15.35417,40.88265],[15.37523,40.88584],[15.38811,40.87562],[15.40273,40.88161],[15.42992,40.87963],[15.46082,40.86715],[15.47302,40.87434],[15.46763,40.8896],[15.52724,40.90783],[15.54229,40.9464],[15.56556,40.96733],[15.56946,40.97997],[15.57219,40.9984],[15.5584,41.02262],[15.56325,41.03075],[15.55103,41.03942],[15.5393,41.07038],[15.55342,41.07754],[15.56029,41.0885],[15.58574,41.09826],[15.61742,41.09926],[15.64656,41.08962],[15.67941,41.0868],[15.72522,41.09075],[15.73038,41.09903],[15.73788,41.09955],[15.7526,41.09734],[15.7684,41.08319],[15.79776,41.09102],[15.80537,41.11089],[15.81438,41.11777],[15.82507,41.11791],[15.83361,41.13005],[15.8466,41.1256],[15.86502,41.13096],[15.87025,41.13992],[15.88066,41.13684],[15.893,41.12309],[15.90079,41.12641],[15.92097,41.11115],[15.95338,41.11081],[15.95996,41.10005],[15.95414,41.09312],[15.97625,41.09417],[15.9826,41.0892],[15.98015,41.08159],[15.99886,41.05399],[16.00725,41.05911],[16.04062,41.03624],[16.04047,41.02836],[16.02793,41.02408],[16.03198,40.99838],[16.02704,40.99121],[16.00835,40.97209],[15.97181,40.97213],[15.97663,40.95845],[16.09277,40.92064],[16.12107,40.89772],[16.13432,40.90656],[16.13807,40.91835],[16.16297,40.92858],[16.20246,40.91753],[16.2238,40.88659],[16.23162,40.85404],[16.24178,40.8474],[16.24405,40.83803],[16.23816,40.83451],[16.21537,40.83045],[16.16879,40.80569],[16.12177,40.7966],[16.12149,40.77574],[16.11489,40.76765],[16.13475,40.74199],[16.14912,40.73104],[16.1475,40.6992],[16.14586,40.6957],[16.12835,40.69466],[16.10142,40.67307],[16.07043,40.65998],[16.06086,40.66057],[16.04822,40.63557]],[[15.984,40.60577],[15.98122,40.64882],[15.95356,40.64836],[15.94142,40.63793],[15.95452,40.61151],[15.984,40.60577]]]]},"properties":{"name":"Potenza","kind":"admin","source":"istat-province"}},{"type":"Feature","geometry":{"type":"MultiPolygon","coordinates":[[[[16.07569,40.54465],[16.1019,40.55713],[16.12096,40.58365],[16.11163,40.58487],[16.09641,40.59777],[16.08098,40.60088],[16.07078,40.62062],[16.05254,40.62892],[16.04822,40.63557],[16.05614,40.65643],[16.10142,40.67307],[16.12835,40.69466],[16.14586,40.6957],[16.14887,40.70317],[16.14912,40.73104],[16.13475,40.74199],[16.11489,40.76765],[16.12149,40.77574],[16.12143,40.79611],[16.16879,40.80569],[16.21537,40.83045],[16.24405,40.83803],[16.27772,40.80196],[16.31623,40.78311],[16.34881,40.74963],[16.38039,40.7364],[16.39886,40.70836],[16.41378,40.70186],[16.43051,40.70475],[16.46325,40.72414],[16.50105,40.76229],[16.52255,40.74645],[16.52106,40.74033],[16.53861,40.72498],[16.54401,40.72554],[16.54065,40.74185],[16.53138,40.74464],[16.5358,40.75193],[16.55447,40.75765],[16.56367,40.73976],[16.57244,40.73694],[16.57798,40.742],[16.56697,40.75446],[16.57968,40.76366],[16.60794,40.75183],[16.63282,40.75357],[16.65317,40.74391],[16.64935,40.73803],[16.65286,40.7363],[16.66152,40.73683],[16.66336,40.74887],[16.67321,40.73849],[16.72491,40.71383],[16.70872,40.70542],[16.70449,40.71125],[16.69649,40.70261],[16.7155,40.68933],[16.7272,40.68838],[16.70976,40.63283],[16.71262,40.61563],[16.72826,40.60142],[16.71177,40.59283],[16.71659,40.58224],[16.70536,40.55504],[16.70648,40.5493],[16.72438,40.53529],[16.71582,40.52425],[16.73705,40.5078],[16.72022,40.47983],[16.74381,40.46469],[16.75663,40.46819],[16.75544,40.4641],[16.75982,40.46275],[16.78547,40.46288],[16.80282,40.45744],[16.80969,40.44694],[16.80938,40.43307],[16.82368,40.4195],[16.83582,40.41043],[16.84582,40.4111],[16.84984,40.40162],[16.86689,40.39735],[16.78621,40.30257],[16.74948,40.24579],[16.73729,40.21061],[16.68408,40.14422],[16.64526,40.11813],[16.62095,40.1321],[16.6102,40.12887],[16.58722,40.13312],[16.57232,40.12645],[16.56186,40.12988],[16.53001,40.11809],[16.51797,40.12878],[16.50309,40.1299],[16.49333,40.12521],[16.47077,40.13408],[16.45198,40.1348],[16.43401,40.12801],[16.42112,40.14393],[16.41992,40.12852],[16.40895,40.12096],[16.41535,40.08476],[16.39859,40.05565],[16.38359,40.06306],[16.38308,40.08131],[16.36249,40.07268],[16.37301,40.09049],[16.35529,40.09087],[16.37374,40.10784],[16.35326,40.11678],[16.36132,40.12326],[16.35416,40.12029],[16.35052,40.1233],[16.36931,40.14414],[16.39649,40.15377],[16.39333,40.16234],[16.39734,40.167],[16.38671,40.17591],[16.35947,40.18578],[16.34861,40.2054],[16.34878,40.21703],[16.35947,40.22611],[16.36071,40.24269],[16.37117,40.251],[16.36771,40.26241],[16.3755,40.27387],[16.36401,40.28794],[16.37481,40.29644],[16.37563,40.31042],[16.33335,40.30445],[16.3189,40.27967],[16.3055,40.27197],[16.28221,40.26897],[16.25748,40.27418],[16.24166,40.26647],[16.19548,40.26539],[16.18801,40.29009],[16.17278,40.29973],[16.17068,40.30918],[16.16184,40.31217],[16.16914,40.31818],[16.18754,40.31628],[16.18959,40.32003],[16.1753,40.33084],[16.17486,40.3384],[16.16338,40.33846],[16.16642,40.34824],[16.15421,40.36488],[16.1515,40.37776],[16.12299,40.39184],[16.10622,40.40866],[16.10512,40.42004],[16.10948,40.42632],[16.1279,40.43034],[16.14149,40.45253],[16.1163,40.45911],[16.09703,40.48171],[16.09613,40.48568],[16.11144,40.49229],[16.11625,40.50069],[16.07569,40.54465]]],[[[15.98122,40.64882],[15.984,40.60577],[15.95452,40.61151],[15.94142,40.63793],[15.95356,40.64836],[15.98122,40.64882]]]]},"properties":{"name":"Matera","kind":"admin","source":"istat-province"}},{"type":"Feature","geometry":{"type":"MultiPolygon","coordinates":[[[[15.97395,39.46742],[15.9588,39.47801],[15.9252,39.52653],[15.88583,39.54133],[15.87568,39.55154],[15.8317,39.66831],[15.81738,39.6774],[15.80837,39.73057],[15.78571,39.81639],[15.77561,39.82271],[15.77732,39.8322],[15.76901,39.83567],[15.77948,39.84729],[15.78908,39.84962],[15.79201,39.86041],[15.77898,39.89367],[15.75592,39.92356],[15.76585,39.9306],[15.77203,39.9592],[15.7948,39.97137],[15.82005,40.00187],[15.85171,40.0059],[15.86766,39.99013],[15.87687,39.99652],[15.89077,39.99432],[15.89777,39.98167],[15.92802,40.00107],[15.96852,39.99173],[15.9792,39.9824],[16.00587,39.98951],[16.0086,39.99648],[16.02338,39.99595],[16.03071,39.99336],[16.03381,39.98276],[16.01988,39.97494],[16.00688,39.95694],[16.01401,39.94064],[16.02192,39.93413],[16.01653,39.92575],[16.03795,39.91599],[16.04902,39.8948],[16.05472,39.8985],[16.08239,39.89625],[16.10332,39.90692],[16.12898,39.90643],[16.13797,39.90141],[16.15895,39.9194],[16.21469,39.89598],[16.21937,39.91759],[16.21428,39.9266],[16.238,39.92547],[16.26889,39.93598],[16.28242,39.9309],[16.30959,39.93404],[16.3506,39.89873],[16.35516,39.90111],[16.35966,39.9196],[16.34788,39.92456],[16.3378,39.93618],[16.3469,39.94937],[16.35809,39.9541],[16.36058,39.96859],[16.39838,40.01695],[16.39277,40.04244],[16.41424,40.08068],[16.41381,40.10975],[16.40895,40.12096],[16.41992,40.12852],[16.42112,40.14393],[16.43401,40.12801],[16.45198,40.1348],[16.47077,40.13408],[16.49333,40.12521],[16.50309,40.1299],[16.51797,40.12878],[16.53001,40.11809],[16.56186,40.12988],[16.57232,40.12645],[16.58722,40.13312],[16.6102,40.12887],[16.62095,40.1321],[16.64507,40.11803],[16.606,40.08061],[16.59878,40.04321],[16.61369,39.98591],[16.62957,39.96588],[16.62697,39.95691],[16.53826,39.87075],[16.50128,39.82488],[16.48969,39.79968],[16.48618,39.78249],[16.49197,39.75207],[16.50603,39.73606],[16.5294,39.72444],[16.52559,39.6799],[16.5179,39.66894],[16.52287,39.65933],[16.52923,39.66649],[16.56499,39.64181],[16.62229,39.62131],[16.68855,39.62153],[16.73292,39.61629],[16.75528,39.62448],[16.7704,39.62079],[16.81623,39.58939],[16.83338,39.56137],[16.86659,39.53862],[16.95692,39.49684],[17.0249,39.48364],[16.99772,39.45979],[16.97826,39.45271],[16.95721,39.43703],[16.95525,39.39602],[16.94082,39.39583],[16.91533,39.41206],[16.90103,39.41058],[16.90171,39.40482],[16.91451,39.39559],[16.91463,39.38316],[16.88527,39.37363],[16.86813,39.35683],[16.85853,39.35966],[16.84367,39.35478],[16.83974,39.34081],[16.83505,39.34574],[16.80978,39.3505],[16.77356,39.34791],[16.76292,39.36198],[16.74635,39.35787],[16.7339,39.36155],[16.72935,39.35023],[16.70487,39.35463],[16.70994,39.3389],[16.70631,39.32289],[16.73182,39.31387],[16.76105,39.29189],[16.75097,39.28331],[16.75892,39.26732],[16.74667,39.24572],[16.77813,39.19593],[16.76352,39.19638],[16.74731,39.18975],[16.71936,39.19742],[16.70394,39.19509],[16.68031,39.20577],[16.65096,39.19785],[16.63082,39.2006],[16.59951,39.19208],[16.57989,39.16847],[16.56411,39.16629],[16.53598,39.14455],[16.52541,39.15188],[16.52238,39.16242],[16.50436,39.15961],[16.50124,39.14172],[16.48824,39.13836],[16.47912,39.12229],[16.48464,39.11535],[16.51268,39.10977],[16.49824,39.10465],[16.47827,39.10823],[16.47492,39.08476],[16.48111,39.05906],[16.47005,39.05117],[16.45171,39.05792],[16.44254,39.06964],[16.43374,39.06046],[16.42441,39.06176],[16.3961,39.09018],[16.39368,39.10395],[16.38222,39.1049],[16.36118,39.09512],[16.34924,39.10299],[16.34696,39.11098],[16.32621,39.10946],[16.29954,39.09915],[16.2988,39.10552],[16.28688,39.1007],[16.25881,39.11262],[16.25039,39.09938],[16.23407,39.09222],[16.22509,39.0917],[16.22327,39.09828],[16.21297,39.10338],[16.21423,39.08289],[16.19556,39.08005],[16.18219,39.06972],[16.15211,39.05886],[16.14379,39.04912],[16.13513,39.04878],[16.12765,39.05905],[16.0939,39.04876],[16.08315,39.09382],[16.06687,39.13347],[16.05082,39.29914],[16.03669,39.3484],[15.99677,39.43941],[15.97395,39.46742]]],[[[15.77939,39.87182],[15.76861,39.87193],[15.77427,39.87587],[15.77939,39.87182]]]]},"properties":{"name":"Cosenza","kind":"admin","source":"istat-province"}},{"type":"Feature","geometry":{"type":"Polygon","coordinates":[[[16.42834,38.56517],[16.43157,38.58105],[16.41557,38.58797],[16.41796,38.59351],[16.40319,38.60129],[16.39172,38.59962],[16.37485,38.60652],[16.36959,38.61229],[16.37658,38.62102],[16.37096,38.62585],[16.358,38.63176],[16.34002,38.63178],[16.32902,38.64066],[16.3457,38.65787],[16.34478,38.66812],[16.32635,38.67783],[16.33716,38.68553],[16.33779,38.69759],[16.3492,38.70726],[16.33847,38.72063],[16.35051,38.73512],[16.36303,38.73628],[16.37048,38.74293],[16.34814,38.79019],[16.32295,38.79912],[16.30839,38.81375],[16.28446,38.82431],[16.25717,38.81989],[16.27452,38.81488],[16.27884,38.79174],[16.24729,38.80945],[16.21321,38.81056],[16.22116,38.8581],[16.21681,38.92387],[16.21069,38.93054],[16.19734,38.9318],[16.15612,38.95148],[16.13131,38.99887],[16.10184,39.02525],[16.0939,39.04876],[16.12765,39.05905],[16.13513,39.04878],[16.14379,39.04912],[16.15211,39.05886],[16.18219,39.06972],[16.19556,39.08005],[16.21423,39.08289],[16.21297,39.10338],[16.22327,39.09828],[16.22509,39.0917],[16.23407,39.09222],[16.25039,39.09938],[16.25881,39.11262],[16.28688,39.1007],[16.2988,39.10552],[16.29954,39.09915],[16.32621,39.10946],[16.34696,39.11098],[16.34924,39.10299],[16.36118,39.09512],[16.38222,39.1049],[16.39368,39.10395],[16.3961,39.09018],[16.42441,39.06176],[16.43374,39.06046],[16.44254,39.06964],[16.45171,39.05792],[16.47005,39.05117],[16.48111,39.05906],[16.47492,39.08476],[16.47827,39.10823],[16.49824,39.10465],[16.51268,39.10977],[16.48464,39.11535],[16.47912,39.12229],[16.48824,39.13836],[16.50124,39.14172],[16.50436,39.15961],[16.52238,39.16242],[16.52541,39.15188],[16.53598,39.14455],[16.56411,39.16629],[16.57989,39.16847],[16.59951,39.19208],[16.61302,39.19424],[16.62858,39.1627],[16.64976,39.15298],[16.66932,39.15603],[16.67052,39.1415],[16.68093,39.13137],[16.66924,39.13635],[16.6383,39.13206],[16.65052,39.12681],[16.67932,39.09225],[16.6997,39.08972],[16.73381,39.05894],[16.74731,39.06599],[16.77127,39.0648],[16.84215,39.04194],[16.85759,39.02509],[16.87435,39.01893],[16.89137,39.00275],[16.89194,38.98962],[16.89849,38.98657],[16.89146,38.97338],[16.9206,38.95259],[16.90692,38.94911],[16.9049,38.93693],[16.89215,38.9342],[16.89058,38.92799],[16.77742,38.89605],[16.63759,38.82667],[16.62379,38.82509],[16.60464,38.81082],[16.56736,38.76669],[16.56781,38.75379],[16.54256,38.72699],[16.53476,38.70969],[16.54621,38.69242],[16.5548,38.69093],[16.5586,38.6806],[16.55716,38.64765],[16.56805,38.60055],[16.57188,38.53502],[16.58198,38.47005],[16.56599,38.47208],[16.54102,38.46335],[16.51191,38.48085],[16.49054,38.48669],[16.49067,38.49147],[16.48016,38.49214],[16.48613,38.50022],[16.47219,38.50247],[16.45792,38.51294],[16.4224,38.50941],[16.40945,38.51223],[16.40795,38.52214],[16.42211,38.52028],[16.41946,38.52744],[16.43911,38.53836],[16.41984,38.55398],[16.42287,38.56327],[16.42834,38.56517]]]},"properties":{"name":"Catanzaro","kind":"admin","source":"istat-province"}},{"type":"Feature","geometry":{"type":"Polygon","coordinates":[[[16.14846,38.05694],[16.14306,38.04338],[16.14419,38.03125],[16.11623,37.98173],[16.08154,37.94136],[16.06446,37.92563],[16.01982,37.92262],[15.99785,37.91575],[15.9554,37.91965],[15.9213,37.92971],[15.83951,37.91913],[15.76121,37.91665],[15.74625,37.92534],[15.73266,37.92539],[15.69626,37.94934],[15.67802,37.95406],[15.6376,38.00465],[15.63356,38.0184],[15.65247,38.02892],[15.65707,38.03967],[15.64777,38.05441],[15.65195,38.06619],[15.63484,38.07554],[15.63023,38.09323],[15.6307,38.10215],[15.64796,38.1143],[15.65526,38.13384],[15.65506,38.15249],[15.64055,38.16885],[15.64072,38.17869],[15.63401,38.18584],[15.6365,38.23218],[15.66868,38.23945],[15.69189,38.25108],[15.74919,38.25711],[15.79422,38.28027],[15.8166,38.30023],[15.82962,38.32481],[15.83298,38.35595],[15.86144,38.38568],[15.86523,38.40202],[15.90652,38.46832],[15.91857,38.50677],[15.9508,38.51414],[15.95876,38.52552],[16.00449,38.51672],[16.02076,38.53025],[16.03769,38.53318],[16.04466,38.54364],[16.06068,38.55321],[16.06986,38.54922],[16.06968,38.55668],[16.08,38.56209],[16.0971,38.54975],[16.10139,38.54082],[16.13867,38.53437],[16.15948,38.51677],[16.1806,38.50901],[16.1935,38.49759],[16.23327,38.50085],[16.25778,38.4785],[16.26838,38.45897],[16.26524,38.44838],[16.26935,38.44422],[16.28877,38.4398],[16.30159,38.4306],[16.31272,38.4335],[16.34927,38.42909],[16.37708,38.443],[16.39268,38.44542],[16.38184,38.46065],[16.38167,38.46718],[16.38891,38.46891],[16.38875,38.47584],[16.37404,38.48071],[16.35524,38.49556],[16.34524,38.52018],[16.34963,38.52191],[16.34927,38.53736],[16.36147,38.54793],[16.36303,38.56049],[16.39287,38.5738],[16.43911,38.53836],[16.41946,38.52744],[16.42211,38.52028],[16.40795,38.52214],[16.40945,38.51223],[16.4224,38.50941],[16.45792,38.51294],[16.47219,38.50247],[16.48613,38.50022],[16.48016,38.49214],[16.49067,38.49147],[16.49054,38.48669],[16.51191,38.48085],[16.54102,38.46335],[16.56599,38.47208],[16.58198,38.47005],[16.58189,38.45197],[16.57078,38.42673],[16.49206,38.35635],[16.46011,38.33685],[16.33682,38.30101],[16.31799,38.28811],[16.1925,38.1579],[16.16633,38.13731],[16.14846,38.05694]]]},"properties":{"name":"Reggio di Calabria","kind":"admin","source":"istat-province"}},{"type":"Feature","geometry":{"type":"Polygon","coordinates":[[[16.77374,39.19391],[16.77813,39.19593],[16.76694,39.21837],[16.74667,39.24572],[16.75892,39.26732],[16.75097,39.28331],[16.76105,39.29189],[16.73182,39.31387],[16.70631,39.32289],[16.70994,39.3389],[16.70487,39.35463],[16.72935,39.35023],[16.7339,39.36155],[16.74635,39.35787],[16.76292,39.36198],[16.77356,39.34791],[16.80978,39.3505],[16.83505,39.34574],[16.83974,39.34081],[16.84367,39.35478],[16.85853,39.35966],[16.86813,39.35683],[16.88527,39.37363],[16.91463,39.38316],[16.91451,39.39559],[16.90171,39.40482],[16.90103,39.41058],[16.91533,39.41206],[16.94082,39.39583],[16.95525,39.39602],[16.95721,39.43703],[16.97826,39.45271],[16.99772,39.45979],[17.02374,39.48239],[17.04679,39.44391],[17.08055,39.42201],[17.11864,39.40561],[17.15684,39.40095],[17.13487,39.37237],[17.10922,39.30753],[17.11136,39.28891],[17.1048,39.26637],[17.10634,39.25326],[17.1266,39.22552],[17.14842,39.2061],[17.1176,39.14553],[17.1081,39.10734],[17.11889,39.08737],[17.13586,39.08351],[17.12598,39.0963],[17.13515,39.08698],[17.1387,39.07987],[17.13042,39.07531],[17.13113,39.06823],[17.14675,39.04648],[17.17311,39.03307],[17.19802,39.02663],[17.2051,39.0298],[17.20502,39.02067],[17.18868,39.02026],[17.16402,38.99465],[17.16051,38.96919],[17.17013,38.95681],[17.10097,38.90468],[17.09415,38.89262],[17.08959,38.89611],[17.09344,38.90559],[17.08514,38.91219],[17.04209,38.91891],[17.03092,38.91594],[17.02911,38.90816],[17.0216,38.90583],[17.00597,38.91526],[16.99765,38.92997],[16.98064,38.93815],[16.95808,38.93868],[16.89058,38.92799],[16.89215,38.9342],[16.9049,38.93693],[16.90692,38.94911],[16.9206,38.95259],[16.89146,38.97338],[16.89849,38.98657],[16.89194,38.98962],[16.8945,38.99773],[16.87435,39.01893],[16.85759,39.02509],[16.84215,39.04194],[16.77602,39.06398],[16.74731,39.06599],[16.73381,39.05894],[16.6997,39.08972],[16.67932,39.09225],[16.65052,39.12681],[16.6383,39.13206],[16.66924,39.13635],[16.68093,39.13137],[16.67052,39.1415],[16.66932,39.15603],[16.64976,39.15298],[16.62858,39.1627],[16.61394,39.19009],[16.61578,39.19638],[16.63317,39.20076],[16.65159,39.19794],[16.68031,39.20577],[16.70394,39.19509],[16.71936,39.19742],[16.74731,39.18975],[16.76352,39.19638],[16.77374,39.19391]]]},"properties":{"name":"Crotone","kind":"admin","source":"istat-province"}},{"type":"Feature","geometry":{"type":"Polygon","coordinates":[[[16.24213,38.49212],[16.23249,38.50106],[16.1935,38.49759],[16.1806,38.50901],[16.15948,38.51677],[16.13867,38.53437],[16.10139,38.54082],[16.09456,38.55214],[16.07724,38.56241],[16.06968,38.55668],[16.06986,38.54922],[16.06068,38.55321],[16.04466,38.54364],[16.03769,38.53318],[16.02076,38.53025],[16.00449,38.51672],[15.95876,38.52552],[15.9508,38.51414],[15.91857,38.50677],[15.93054,38.53684],[15.92893,38.54983],[15.90116,38.56443],[15.89315,38.57752],[15.86651,38.59264],[15.84559,38.61289],[15.82808,38.61794],[15.82671,38.62297],[15.83657,38.64578],[15.85142,38.66145],[15.87207,38.67323],[15.9482,38.69122],[15.98602,38.72302],[16.04212,38.72768],[16.10443,38.71181],[16.11934,38.71844],[16.13413,38.71747],[16.15973,38.73736],[16.18221,38.74768],[16.21321,38.81056],[16.24729,38.80945],[16.27884,38.79174],[16.27452,38.81488],[16.25717,38.81989],[16.28182,38.82442],[16.29621,38.82131],[16.32262,38.79931],[16.34814,38.79019],[16.37049,38.74345],[16.36303,38.73628],[16.35051,38.73512],[16.33847,38.72063],[16.3492,38.70726],[16.33779,38.69759],[16.33716,38.68553],[16.32635,38.67783],[16.34478,38.66812],[16.3457,38.65787],[16.32916,38.64039],[16.34002,38.63178],[16.358,38.63176],[16.37096,38.62585],[16.37658,38.62102],[16.37039,38.6094],[16.39172,38.59962],[16.40319,38.60129],[16.41796,38.59351],[16.41557,38.58797],[16.43195,38.57927],[16.41984,38.55398],[16.39287,38.5738],[16.36303,38.56049],[16.35953,38.54424],[16.34927,38.53736],[16.34963,38.52191],[16.3454,38.51627],[16.35524,38.49556],[16.37404,38.48071],[16.38875,38.47584],[16.38891,38.46891],[16.38167,38.46718],[16.38184,38.46065],[16.3918,38.44375],[16.37848,38.4435],[16.34927,38.42909],[16.31272,38.4335],[16.30159,38.4306],[16.26524,38.44838],[16.26946,38.45373],[16.26596,38.46517],[16.25396,38.48389],[16.24213,38.49212]]]},"properties":{"name":"Vibo Valentia","kind":"admin","source":"istat-province"}},{"type":"Feature","geometry":{"type":"MultiPolygon","coordinates":[[[[12.98352,38.03576],[12.98385,38.02085],[13.00622,38.00595],[13.00176,37.99747],[13.00376,37.99046],[13.05356,37.95865],[13.04531,37.95644],[13.04297,37.94903],[13.04701,37.93922],[13.04052,37.92302],[13.04692,37.91739],[13.01681,37.90049],[13.00046,37.9053],[12.99504,37.91172],[12.99756,37.90092],[12.99276,37.89739],[12.98569,37.9011],[12.95411,37.89708],[12.9405,37.90561],[12.92888,37.88609],[12.9479,37.88392],[12.94902,37.8725],[12.95856,37.86481],[12.9429,37.84488],[12.94953,37.8377],[12.96615,37.8355],[12.97068,37.82384],[13.02436,37.81888],[13.05571,37.81074],[13.07997,37.81899],[13.08696,37.81139],[13.0914,37.81378],[13.08956,37.81774],[13.09531,37.81632],[13.09831,37.81351],[13.09501,37.80884],[13.0799,37.79982],[13.07494,37.78834],[13.09701,37.77704],[13.10027,37.77108],[13.08379,37.76867],[13.06314,37.75712],[13.01682,37.75138],[13.00739,37.73987],[12.95968,37.7275],[12.93578,37.6992],[12.91783,37.68927],[12.91447,37.6707],[12.90679,37.67183],[12.89317,37.66201],[12.89706,37.6567],[12.8871,37.64356],[12.89023,37.6406],[12.91688,37.64481],[12.90718,37.61568],[12.90821,37.59603],[12.89653,37.57711],[12.85426,37.58283],[12.78099,37.58084],[12.67284,37.55995],[12.649,37.57699],[12.6256,37.60678],[12.61349,37.63567],[12.60642,37.6413],[12.58715,37.65413],[12.5793,37.6511],[12.55953,37.6628],[12.51771,37.6608],[12.51723,37.66575],[12.50129,37.67464],[12.49361,37.68735],[12.47175,37.70335],[12.47518,37.70983],[12.47031,37.7208],[12.47007,37.74704],[12.45085,37.77959],[12.42546,37.80312],[12.44134,37.81338],[12.46168,37.81729],[12.46804,37.82785],[12.46693,37.84039],[12.48586,37.87368],[12.4824,37.88164],[12.46675,37.89178],[12.45917,37.90837],[12.49164,37.95108],[12.49853,37.96608],[12.49434,37.98494],[12.50661,37.99407],[12.50928,38.00446],[12.51997,38.01056],[12.49158,38.01696],[12.51849,38.02126],[12.55473,38.05171],[12.55994,38.06442],[12.56938,38.06885],[12.60421,38.06476],[12.6457,38.07816],[12.64776,38.08502],[12.66287,38.0945],[12.65731,38.10209],[12.66036,38.11179],[12.67229,38.11464],[12.68904,38.10557],[12.71119,38.10974],[12.73757,38.1396],[12.71593,38.17287],[12.71613,38.17867],[12.7268,38.18784],[12.73435,38.18919],[12.73169,38.18026],[12.73858,38.1759],[12.76815,38.17956],[12.76979,38.15133],[12.77946,38.15093],[12.79093,38.13514],[12.79019,38.11204],[12.81096,38.0813],[12.83868,38.05842],[12.86864,38.05129],[12.87138,38.03661],[12.87889,38.02911],[12.90252,38.02459],[12.97715,38.04029],[12.98352,38.03576]]],[[[12.30843,37.95236],[12.32393,37.92925],[12.34438,37.93662],[12.35605,37.92533],[12.36918,37.92238],[12.36618,37.9065],[12.35071,37.90763],[12.33727,37.9198],[12.28797,37.91569],[12.28161,37.91908],[12.27445,37.9361],[12.27805,37.94498],[12.28845,37.94185],[12.30809,37.95599],[12.30843,37.95236]]],[[[12.06389,37.99005],[12.06491,37.97735],[12.09171,37.94735],[12.0835,37.94506],[12.04442,37.95853],[12.04533,37.96511],[12.03364,37.98868],[12.02911,37.98751],[12.02794,37.99156],[12.06305,37.99313],[12.06389,37.99005]]],[[[12.33352,38.02066],[12.35293,37.99367],[12.35094,37.98844],[12.33332,37.98597],[12.32269,37.99515],[12.32207,38.00734],[12.33352,38.02066]]],[[[12.47095,37.87048],[12.47131,37.86568],[12.46513,37.86406],[12.46457,37.86931],[12.47095,37.87048]]],[[[12.44998,37.89621],[12.44548,37.89196],[12.45181,37.85291],[12.4465,37.84405],[12.43669,37.88294],[12.42882,37.89234],[12.45528,37.90498],[12.45502,37.89842],[12.44998,37.89621]]],[[[11.95455,36.83941],[12.00134,36.81966],[12.01335,36.82517],[12.04878,36.79977],[12.05582,36.77528],[12.04903,36.75022],[12.02523,36.73493],[11.99293,36.73739],[11.98119,36.74528],[11.96998,36.76581],[11.95686,36.76812],[11.95185,36.78199],[11.92799,36.80073],[11.92618,36.80674],[11.92705,36.81982],[11.93508,36.83185],[11.95455,36.83941]]]]},"properties":{"name":"Trapani","kind":"admin","source":"istat-province"}},{"type":"Feature","geometry":{"type":"MultiPolygon","coordinates":[[[[14.15398,37.62775],[14.13186,37.61164],[14.1241,37.61166],[14.12265,37.62882],[14.11466,37.63104],[14.10429,37.62614],[14.07807,37.6442],[14.05678,37.64804],[14.04206,37.6446],[14.0252,37.63192],[14.01988,37.61886],[14.02741,37.60235],[14.01925,37.59822],[13.99052,37.59554],[13.95655,37.58559],[13.92334,37.59652],[13.93066,37.60733],[13.89929,37.61814],[13.89825,37.62486],[13.90474,37.62848],[13.89952,37.6432],[13.90447,37.65746],[13.89362,37.65843],[13.87897,37.68056],[13.86347,37.68966],[13.83144,37.69568],[13.81388,37.70462],[13.81853,37.72687],[13.80814,37.74511],[13.77678,37.7225],[13.77559,37.70111],[13.76634,37.69949],[13.7437,37.70662],[13.74369,37.69447],[13.73254,37.68293],[13.69553,37.69488],[13.67882,37.69217],[13.67213,37.68876],[13.67479,37.68295],[13.66929,37.66983],[13.65682,37.65868],[13.59913,37.6555],[13.5691,37.63594],[13.518,37.64117],[13.51049,37.64813],[13.51168,37.65922],[13.46371,37.64655],[13.4603,37.65714],[13.45291,37.66044],[13.42634,37.6432],[13.41632,37.65522],[13.39498,37.65957],[13.38337,37.65141],[13.38757,37.64817],[13.38657,37.63504],[13.40074,37.61797],[13.39119,37.61659],[13.38119,37.59952],[13.39107,37.57332],[13.40405,37.57065],[13.40051,37.55824],[13.35641,37.53926],[13.34001,37.5531],[13.34265,37.5764],[13.32071,37.58808],[13.33158,37.59712],[13.33392,37.60871],[13.32533,37.62386],[13.3193,37.62554],[13.35107,37.64609],[13.34824,37.657],[13.3278,37.66241],[13.32162,37.64981],[13.30059,37.63895],[13.2758,37.64721],[13.26731,37.64176],[13.25226,37.61179],[13.24592,37.62128],[13.21244,37.64043],[13.20913,37.64651],[13.21384,37.67428],[13.19351,37.68329],[13.18778,37.69162],[13.14825,37.68732],[13.12365,37.70145],[13.07872,37.69051],[13.0467,37.71199],[13.02748,37.74071],[13.01192,37.74299],[13.01682,37.75138],[13.06314,37.75712],[13.08379,37.76867],[13.10027,37.77108],[13.09701,37.77704],[13.07494,37.78834],[13.0799,37.79982],[13.09465,37.80844],[13.09728,37.81512],[13.08956,37.81774],[13.0914,37.81378],[13.08696,37.81139],[13.07997,37.81899],[13.05571,37.81074],[13.02436,37.81888],[12.97068,37.82384],[12.96615,37.8355],[12.94953,37.8377],[12.9429,37.84488],[12.95858,37.86435],[12.94902,37.8725],[12.9479,37.88392],[12.93574,37.88251],[12.92889,37.88646],[12.94108,37.90592],[12.95411,37.89708],[12.98569,37.9011],[12.99276,37.89739],[12.99756,37.90092],[12.99504,37.91172],[13.00046,37.9053],[13.01681,37.90049],[13.04692,37.91739],[13.04052,37.92302],[13.04701,37.93922],[13.04297,37.94903],[13.04531,37.95644],[13.05356,37.95865],[13.00376,37.99046],[13.00176,37.99747],[13.00622,38.00595],[12.99411,38.01663],[12.98696,38.01704],[12.98352,38.03576],[12.97715,38.04029],[13.03956,38.07144],[13.05292,38.07262],[13.0778,38.08772],[13.06826,38.12056],[13.05239,38.13849],[13.06714,38.14276],[13.08337,38.15769],[13.08073,38.17392],[13.10563,38.19094],[13.11911,38.19185],[13.1387,38.18332],[13.16025,38.18575],[13.16398,38.17071],[13.19451,38.16996],[13.23797,38.18661],[13.24396,38.19322],[13.24144,38.20413],[13.24796,38.19895],[13.26681,38.20182],[13.27401,38.19822],[13.29626,38.21747],[13.31647,38.22468],[13.32796,38.21163],[13.32888,38.19985],[13.35942,38.19012],[13.36572,38.18228],[13.37494,38.15395],[13.36881,38.14273],[13.37254,38.13299],[13.37031,38.13056],[13.36691,38.1354],[13.36267,38.12984],[13.38362,38.10904],[13.40533,38.09993],[13.44272,38.09481],[13.4918,38.10292],[13.50508,38.10833],[13.50859,38.1196],[13.5315,38.11027],[13.53788,38.11255],[13.54079,38.09204],[13.53611,38.06919],[13.54133,38.05752],[13.56778,38.03791],[13.65218,37.99776],[13.72152,37.98704],[13.70364,37.98993],[13.71067,37.97751],[13.74496,37.97014],[13.79742,37.97508],[13.87051,37.99424],[13.94582,38.0282],[14.00608,38.03244],[14.03591,38.04149],[14.03268,38.03643],[14.06398,38.01867],[14.12605,38.0168],[14.14487,38.02493],[14.14647,38.02991],[14.1694,38.01825],[14.18346,38.01937],[14.20391,37.99365],[14.21418,37.97193],[14.23046,37.95676],[14.22637,37.95083],[14.24148,37.94559],[14.24424,37.93876],[14.25344,37.93473],[14.25293,37.91698],[14.29206,37.91834],[14.27452,37.90425],[14.27589,37.89568],[14.26809,37.87497],[14.27462,37.8653],[14.27334,37.84699],[14.27996,37.84009],[14.26501,37.83224],[14.26234,37.82041],[14.27223,37.80065],[14.26551,37.79993],[14.26085,37.79241],[14.27023,37.78986],[14.26891,37.7755],[14.29099,37.76423],[14.28764,37.75306],[14.29495,37.74629],[14.2793,37.72409],[14.27278,37.72133],[14.26855,37.70454],[14.25224,37.69346],[14.2411,37.69568],[14.21651,37.67771],[14.2053,37.67883],[14.18428,37.66993],[14.17569,37.6767],[14.15875,37.66723],[14.16344,37.65901],[14.16347,37.63717],[14.15398,37.62775]],[[14.05621,37.67179],[14.08569,37.6767],[14.08779,37.68098],[14.07757,37.69035],[14.09066,37.69758],[14.09124,37.70427],[14.07982,37.71286],[14.06862,37.71227],[14.06604,37.72122],[14.04354,37.7259],[14.03589,37.72041],[14.02934,37.70438],[14.04154,37.69783],[14.04152,37.68943],[14.0107,37.69007],[14.00615,37.67183],[14.01801,37.65743],[14.03136,37.65541],[14.05621,37.67179]]],[[[13.14555,37.62591],[13.1453,37.64355],[13.16848,37.64579],[13.18324,37.63532],[13.15885,37.62598],[13.14555,37.62591]]],[[[13.18028,38.7206],[13.1984,38.71318],[13.19958,38.70859],[13.18597,38.69623],[13.17354,38.6919],[13.15279,38.69351],[13.15936,38.71198],[13.18028,38.7206]]]]},"properties":{"name":"Palermo","kind":"admin","source":"istat-province"}},{"type":"Feature","geometry":{"type":"MultiPolygon","coordinates":[[[[15.44299,38.02576],[15.34935,37.9234],[15.34518,37.91543],[15.34836,37.91276],[15.30596,37.87787],[15.29703,37.86393],[15.30057,37.85782],[15.29775,37.85073],[15.28616,37.84764],[15.27309,37.83581],[15.26891,37.82926],[15.27187,37.82492],[15.25805,37.80722],[15.24588,37.80879],[15.24662,37.81748],[15.20956,37.86011],[15.17379,37.87713],[15.15262,37.89547],[15.13255,37.89457],[15.11086,37.90617],[15.07149,37.90402],[15.04256,37.89374],[15.01049,37.89968],[14.9799,37.89309],[14.97886,37.90703],[14.95567,37.91137],[14.94123,37.95079],[14.92924,37.9609],[14.89677,37.94846],[14.8778,37.93249],[14.85722,37.92645],[14.84826,37.94214],[14.85133,37.95513],[14.84143,37.95892],[14.82852,37.9351],[14.81102,37.94169],[14.80136,37.95324],[14.78465,37.95121],[14.77868,37.94262],[14.76511,37.94054],[14.75649,37.91601],[14.77849,37.9041],[14.76691,37.8885],[14.76,37.89983],[14.73845,37.90224],[14.73812,37.84852],[14.74222,37.84736],[14.75863,37.86841],[14.78077,37.86042],[14.78886,37.8529],[14.79116,37.83668],[14.80252,37.81637],[14.8007,37.80346],[14.77304,37.8123],[14.76995,37.82068],[14.76213,37.82285],[14.70429,37.81204],[14.68051,37.79534],[14.64496,37.80697],[14.61607,37.80566],[14.59883,37.80996],[14.57012,37.83233],[14.55421,37.83641],[14.55777,37.8522],[14.57309,37.85888],[14.57021,37.87964],[14.55107,37.87623],[14.53334,37.86084],[14.52761,37.86209],[14.50505,37.85077],[14.4928,37.82477],[14.47683,37.811],[14.454,37.81694],[14.46488,37.84013],[14.46141,37.84328],[14.42627,37.85311],[14.40627,37.86636],[14.39607,37.8483],[14.38971,37.85272],[14.35832,37.84918],[14.32748,37.83724],[14.27996,37.84009],[14.27334,37.84699],[14.27462,37.8653],[14.26817,37.87584],[14.27589,37.89568],[14.27462,37.90445],[14.29193,37.91861],[14.25293,37.91698],[14.25344,37.93473],[14.24424,37.93876],[14.24148,37.94559],[14.22637,37.95083],[14.23046,37.95676],[14.21418,37.97193],[14.20391,37.99365],[14.18346,38.01937],[14.22819,38.0102],[14.25347,38.00866],[14.27023,38.01268],[14.28564,38.00726],[14.30897,38.00787],[14.34159,38.0192],[14.36244,38.01455],[14.37559,38.01658],[14.42695,38.04056],[14.47099,38.03282],[14.52521,38.04221],[14.55642,38.06012],[14.5868,38.05924],[14.61034,38.07007],[14.62746,38.06972],[14.64139,38.076],[14.67787,38.09902],[14.74784,38.16539],[14.76162,38.15619],[14.7875,38.15141],[14.85703,38.16909],[14.88846,38.17171],[14.91627,38.19228],[14.93976,38.17932],[14.96976,38.15244],[15.008,38.14906],[15.04482,38.1519],[15.05447,38.14315],[15.05617,38.13151],[15.07767,38.12144],[15.09603,38.12089],[15.17377,38.15337],[15.21215,38.18642],[15.22534,38.20475],[15.24118,38.24357],[15.23534,38.25257],[15.23661,38.26472],[15.22699,38.27035],[15.23958,38.26811],[15.25198,38.25153],[15.24956,38.23259],[15.24129,38.21689],[15.2592,38.20833],[15.29283,38.20638],[15.35356,38.21777],[15.42613,38.24133],[15.44966,38.2514],[15.51945,38.29726],[15.54222,38.30152],[15.60933,38.27441],[15.64159,38.27244],[15.65292,38.26695],[15.58218,38.24536],[15.56753,38.22445],[15.55765,38.19517],[15.56093,38.18814],[15.56563,38.19275],[15.5627,38.1988],[15.57604,38.19411],[15.53008,38.14109],[15.4936,38.07461],[15.47721,38.05459],[15.44299,38.02576]]],[[[14.84675,38.53794],[14.79647,38.56099],[14.80673,38.58284],[14.84568,38.57944],[14.8668,38.58312],[14.87365,38.56117],[14.86839,38.55206],[14.87144,38.53696],[14.85646,38.53419],[14.84675,38.53794]]],[[[14.96373,38.41211],[14.98523,38.40537],[14.99714,38.39625],[15.00607,38.37567],[15.0028,38.37086],[14.98335,38.36682],[14.94944,38.38464],[14.93933,38.40198],[14.93954,38.41133],[14.95394,38.41802],[14.95352,38.4281],[14.95955,38.43228],[14.96899,38.42544],[14.96249,38.41984],[14.96373,38.41211]]],[[[14.96247,38.52124],[14.96261,38.49092],[14.98068,38.48315],[14.97829,38.47873],[14.96267,38.47886],[14.9553,38.47442],[14.95687,38.45965],[14.96265,38.45229],[14.95321,38.43922],[14.94313,38.4435],[14.93356,38.46061],[14.91218,38.4654],[14.89767,38.48638],[14.90496,38.51188],[14.9125,38.51843],[14.92619,38.523],[14.96247,38.52124]]],[[[14.35179,38.53064],[14.34148,38.53471],[14.34029,38.54825],[14.34805,38.55376],[14.36298,38.55404],[14.36649,38.54962],[14.36355,38.53784],[14.35935,38.5317],[14.35179,38.53064]]],[[[14.58709,38.55864],[14.59392,38.55734],[14.58569,38.55323],[14.55577,38.55776],[14.53955,38.5785],[14.54541,38.58525],[14.57569,38.58127],[14.58138,38.57262],[14.58038,38.56234],[14.58709,38.55864]]],[[[15.05852,38.62505],[15.05457,38.62919],[15.05905,38.6407],[15.06885,38.64729],[15.07687,38.64398],[15.07322,38.62893],[15.05852,38.62505]]],[[[15.11811,38.66095],[15.1094,38.66344],[15.11468,38.66623],[15.11811,38.66095]]],[[[15.21509,38.77149],[15.19535,38.78017],[15.18854,38.78781],[15.18913,38.79555],[15.21618,38.8117],[15.24227,38.80497],[15.22688,38.77723],[15.21509,38.77149]]]]},"properties":{"name":"Messina","kind":"admin","source":"istat-province"}},{"type":"Feature","geometry":{"type":"MultiPolygon","coordinates":[[[[13.66344,37.19338],[13.65597,37.21157],[13.64183,37.22721],[13.61413,37.24193],[13.55552,37.28544],[13.54202,37.28634],[13.53761,37.28225],[13.5102,37.2918],[13.48236,37.28819],[13.44849,37.29596],[13.42634,37.30681],[13.40185,37.33305],[13.3895,37.33519],[13.3512,37.35892],[13.32173,37.36373],[13.29389,37.38899],[13.27162,37.39169],[13.25385,37.42455],[13.23945,37.43332],[13.21722,37.45923],[13.19619,37.46504],[13.18774,37.47904],[13.16891,37.49199],[13.14849,37.49727],[13.13062,37.49248],[13.07809,37.50574],[13.0499,37.50308],[13.03856,37.49574],[13.01692,37.49693],[13.0123,37.5003],[13.01339,37.51048],[12.9929,37.53647],[12.96063,37.56415],[12.94302,37.57235],[12.91447,37.57727],[12.90667,37.57235],[12.89653,37.57711],[12.90821,37.59603],[12.90718,37.61568],[12.91688,37.64481],[12.88799,37.64188],[12.89706,37.6567],[12.89317,37.66201],[12.90679,37.67183],[12.91447,37.6707],[12.91783,37.68927],[12.93578,37.6992],[12.95864,37.72682],[13.01211,37.74261],[13.02748,37.74071],[13.0467,37.71199],[13.07944,37.69023],[13.07976,37.69376],[13.10004,37.69395],[13.12365,37.70145],[13.14825,37.68732],[13.18778,37.69162],[13.19351,37.68329],[13.21384,37.67428],[13.20913,37.64651],[13.21244,37.64043],[13.24592,37.62128],[13.25226,37.61179],[13.26731,37.64176],[13.2758,37.64721],[13.30059,37.63895],[13.32162,37.64981],[13.3278,37.66241],[13.34468,37.6582],[13.35107,37.64609],[13.3193,37.62554],[13.32533,37.62386],[13.33392,37.60871],[13.33158,37.59712],[13.32071,37.58808],[13.34265,37.5764],[13.34001,37.5531],[13.35641,37.53926],[13.40051,37.55824],[13.40405,37.57065],[13.39107,37.57332],[13.38119,37.59952],[13.39119,37.61659],[13.40074,37.61797],[13.38657,37.63504],[13.38757,37.64817],[13.38337,37.65141],[13.39498,37.65957],[13.41632,37.65522],[13.42634,37.6432],[13.45291,37.66044],[13.4603,37.65714],[13.46371,37.64655],[13.51168,37.65922],[13.51049,37.64813],[13.518,37.64117],[13.56457,37.6354],[13.59913,37.6555],[13.65682,37.65868],[13.67206,37.67422],[13.67213,37.68876],[13.6914,37.69471],[13.71032,37.68716],[13.75679,37.67931],[13.79958,37.6883],[13.80564,37.67543],[13.82264,37.67578],[13.82085,37.65383],[13.81063,37.64179],[13.82963,37.62895],[13.82796,37.61659],[13.80337,37.6173],[13.78858,37.62351],[13.77688,37.60689],[13.76658,37.61012],[13.76235,37.60716],[13.76564,37.59717],[13.75404,37.59166],[13.74409,37.59275],[13.71998,37.58441],[13.68072,37.58693],[13.67069,37.57955],[13.67023,37.57014],[13.69003,37.5556],[13.69387,37.53672],[13.6874,37.53456],[13.69289,37.52355],[13.69038,37.50078],[13.68705,37.49178],[13.67787,37.49201],[13.66376,37.4776],[13.65636,37.47632],[13.65061,37.46117],[13.68576,37.45975],[13.70538,37.44022],[13.73159,37.43724],[13.74975,37.42786],[13.7594,37.43685],[13.77292,37.44048],[13.81421,37.43183],[13.84901,37.43714],[13.84451,37.42643],[13.86108,37.40396],[13.89557,37.40349],[13.90842,37.38724],[13.88651,37.37488],[13.892,37.37027],[13.88165,37.35984],[13.88509,37.35657],[13.91427,37.34373],[13.92708,37.33061],[13.96424,37.32921],[13.99173,37.30842],[13.99686,37.29313],[14.01807,37.28565],[14.02515,37.29328],[14.03151,37.29218],[14.02806,37.27489],[14.01559,37.26666],[14.01274,37.26067],[14.01763,37.25593],[14.00667,37.24136],[14.01561,37.22752],[13.99132,37.22046],[13.99503,37.21759],[13.99458,37.20381],[14.00428,37.19356],[13.98233,37.19274],[14.00394,37.17553],[14.01001,37.16296],[14.02996,37.15459],[14.03702,37.14151],[14.03631,37.10609],[13.98138,37.10927],[13.94585,37.09753],[13.89515,37.09742],[13.85926,37.11222],[13.84471,37.133],[13.82468,37.14425],[13.75139,37.14926],[13.72616,37.17025],[13.70857,37.17286],[13.6837,37.18762],[13.66344,37.19338]],[[13.14555,37.62591],[13.15885,37.62598],[13.18324,37.63532],[13.16848,37.64579],[13.1453,37.64355],[13.14555,37.62591]]],[[[12.53139,35.52913],[12.59316,35.52077],[12.60466,35.52596],[12.62792,35.52041],[12.63295,35.5175],[12.62531,35.51025],[12.63259,35.50137],[12.63269,35.49369],[12.60793,35.49525],[12.60426,35.50283],[12.59926,35.49554],[12.56879,35.51144],[12.51895,35.51902],[12.53139,35.52913]]],[[[12.87727,35.87482],[12.88332,35.85992],[12.88094,35.85463],[12.85852,35.85536],[12.84849,35.86832],[12.86071,35.87579],[12.87727,35.87482]]]]},"properties":{"name":"Agrigento","kind":"admin","source":"istat-province"}},{"type":"Feature","geometry":{"type":"MultiPolygon","coordinates":[[[[13.67698,37.56759],[13.66784,37.57451],[13.68072,37.58693],[13.71998,37.58441],[13.74409,37.59275],[13.75404,37.59166],[13.76564,37.59717],[13.76235,37.60716],[13.76658,37.61012],[13.77688,37.60689],[13.78858,37.62351],[13.80337,37.6173],[13.82479,37.61503],[13.8309,37.6186],[13.82963,37.62895],[13.81063,37.64179],[13.82085,37.65383],[13.82264,37.67578],[13.80564,37.67543],[13.79958,37.6883],[13.76106,37.67922],[13.73254,37.68293],[13.74369,37.69447],[13.7437,37.70662],[13.76634,37.69949],[13.7766,37.70171],[13.77678,37.7225],[13.80814,37.74511],[13.81853,37.72687],[13.81388,37.70462],[13.83144,37.69568],[13.86347,37.68966],[13.87897,37.68056],[13.89362,37.65843],[13.90447,37.65746],[13.89952,37.6432],[13.90474,37.62848],[13.89825,37.62486],[13.89929,37.61814],[13.93066,37.60733],[13.92334,37.59652],[13.95655,37.58559],[13.99052,37.59554],[14.01925,37.59822],[14.02741,37.60235],[14.01988,37.61886],[14.0252,37.63192],[14.04206,37.6446],[14.05678,37.64804],[14.07807,37.6442],[14.10429,37.62614],[14.11466,37.63104],[14.12265,37.62882],[14.1241,37.61166],[14.13186,37.61164],[14.13504,37.61671],[14.16299,37.61341],[14.15933,37.58572],[14.13851,37.58082],[14.13435,37.56606],[14.14096,37.5589],[14.14008,37.55233],[14.13259,37.53286],[14.12348,37.52921],[14.12725,37.51682],[14.13672,37.51671],[14.14352,37.50698],[14.14221,37.49836],[14.15936,37.48105],[14.12984,37.47115],[14.07086,37.42276],[14.07178,37.4058],[14.06395,37.40382],[14.05996,37.40965],[14.05599,37.40688],[14.08174,37.38065],[14.07524,37.37346],[14.08242,37.36799],[14.08137,37.3493],[14.09017,37.34947],[14.08347,37.33932],[14.11002,37.33483],[14.12689,37.33882],[14.1288,37.34542],[14.13302,37.33514],[14.16716,37.32396],[14.21587,37.33619],[14.22993,37.34734],[14.25378,37.3456],[14.26513,37.34222],[14.27096,37.32988],[14.31683,37.32682],[14.31583,37.303],[14.35266,37.30613],[14.35279,37.27805],[14.38251,37.28555],[14.39276,37.26185],[14.38338,37.25685],[14.37373,37.20467],[14.38258,37.20213],[14.38145,37.19219],[14.40218,37.17738],[14.41696,37.17791],[14.43194,37.18979],[14.43219,37.18293],[14.44689,37.17366],[14.47642,37.13447],[14.45196,37.09629],[14.43339,37.0998],[14.42834,37.0939],[14.44403,37.06636],[14.4419,37.04941],[14.41379,37.03053],[14.39032,37.02493],[14.36672,37.00668],[14.33789,37.00158],[14.29731,37.03628],[14.25664,37.05873],[14.17056,37.09108],[14.07891,37.10965],[14.03631,37.10609],[14.03702,37.14151],[14.02996,37.15459],[14.01001,37.16296],[14.00394,37.17553],[13.98233,37.19274],[14.00428,37.19356],[13.99458,37.20381],[13.99503,37.21759],[13.99132,37.22046],[14.01561,37.22752],[14.00667,37.24136],[14.01763,37.25593],[14.01274,37.26067],[14.01559,37.26666],[14.02806,37.27489],[14.03151,37.29218],[14.02515,37.29328],[14.01807,37.28565],[13.99686,37.29313],[13.99173,37.30842],[13.96424,37.32921],[13.92708,37.33061],[13.91427,37.34373],[13.88509,37.35657],[13.88165,37.35984],[13.892,37.37027],[13.88651,37.37488],[13.90842,37.38724],[13.89557,37.40349],[13.86108,37.40396],[13.84451,37.42643],[13.84901,37.43714],[13.81421,37.43183],[13.77292,37.44048],[13.7594,37.43685],[13.74975,37.42786],[13.73159,37.43724],[13.70538,37.44022],[13.68576,37.45975],[13.65061,37.46117],[13.65636,37.47632],[13.66376,37.4776],[13.67787,37.49201],[13.68705,37.49178],[13.69038,37.50078],[13.69289,37.52355],[13.6874,37.53456],[13.69387,37.53672],[13.69003,37.5556],[13.67698,37.56759]],[[14.09997,37.55336],[14.08969,37.5574],[14.08672,37.55437],[14.08935,37.54575],[14.09972,37.53709],[14.10638,37.53974],[14.09997,37.55336]]],[[[14.08781,37.67983],[14.06046,37.6743],[14.03354,37.65552],[14.0182,37.65731],[14.00615,37.67183],[14.0107,37.69007],[14.04152,37.68943],[14.04154,37.69783],[14.02934,37.70438],[14.03589,37.72041],[14.04354,37.7259],[14.06604,37.72122],[14.06862,37.71227],[14.07982,37.71286],[14.08921,37.70756],[14.09066,37.69758],[14.07757,37.69035],[14.08781,37.67983]]]]},"properties":{"name":"Caltanissetta","kind":"admin","source":"istat-province"}},{"type":"Feature","geometry":{"type":"MultiPolygon","coordinates":[[[[14.67399,37.55798],[14.63739,37.54382],[14.63443,37.53588],[14.59454,37.5363],[14.58114,37.54988],[14.5434,37.54274],[14.52655,37.51836],[14.48776,37.51024],[14.52779,37.49689],[14.51695,37.47676],[14.52514,37.46219],[14.53743,37.45304],[14.54213,37.45442],[14.54177,37.44996],[14.55327,37.44549],[14.58804,37.4501],[14.6134,37.43316],[14.63122,37.43088],[14.63357,37.42465],[14.62121,37.41417],[14.58865,37.40931],[14.58117,37.40241],[14.57837,37.38961],[14.58901,37.38059],[14.59011,37.37407],[14.58141,37.36415],[14.56916,37.36036],[14.55767,37.36533],[14.54009,37.36399],[14.51419,37.35118],[14.48942,37.34996],[14.51446,37.33391],[14.52154,37.32427],[14.50268,37.30913],[14.48331,37.31527],[14.45347,37.33657],[14.4463,37.34856],[14.43508,37.33576],[14.42848,37.34029],[14.42209,37.33863],[14.45564,37.30917],[14.45291,37.30244],[14.43686,37.30052],[14.43297,37.29223],[14.41633,37.29179],[14.39922,37.29929],[14.38478,37.29625],[14.34587,37.30807],[14.33969,37.30308],[14.31583,37.303],[14.31683,37.32682],[14.27096,37.32988],[14.26513,37.34222],[14.25262,37.3458],[14.22993,37.34734],[14.21587,37.33619],[14.16716,37.32396],[14.13302,37.33514],[14.1288,37.34542],[14.12689,37.33882],[14.11509,37.33567],[14.09081,37.33658],[14.08347,37.33932],[14.09017,37.34947],[14.08137,37.3493],[14.08242,37.36799],[14.07524,37.37346],[14.08174,37.38065],[14.05587,37.40577],[14.05996,37.40965],[14.06395,37.40382],[14.07178,37.4058],[14.07086,37.42276],[14.12911,37.47066],[14.15936,37.48105],[14.14221,37.49836],[14.14352,37.50698],[14.13672,37.51671],[14.12725,37.51682],[14.12348,37.52921],[14.13259,37.53286],[14.14008,37.55233],[14.14096,37.5589],[14.13435,37.56606],[14.13851,37.58082],[14.15933,37.58572],[14.16441,37.61221],[14.13504,37.61671],[14.14785,37.62124],[14.16347,37.63717],[14.16344,37.65901],[14.15783,37.6657],[14.16118,37.66924],[14.17569,37.6767],[14.18428,37.66993],[14.2053,37.67883],[14.21651,37.67771],[14.2411,37.69568],[14.25224,37.69346],[14.26855,37.70454],[14.27278,37.72133],[14.29394,37.74291],[14.29481,37.74736],[14.28764,37.75306],[14.29099,37.76423],[14.26891,37.7755],[14.27023,37.78986],[14.26085,37.79241],[14.26551,37.79993],[14.27223,37.80065],[14.26234,37.82041],[14.26501,37.83224],[14.27996,37.84009],[14.32748,37.83724],[14.35832,37.84918],[14.38971,37.85272],[14.39607,37.8483],[14.40627,37.86636],[14.42627,37.85311],[14.46141,37.84328],[14.46488,37.84013],[14.454,37.81694],[14.47683,37.811],[14.4928,37.82477],[14.50505,37.85077],[14.52761,37.86209],[14.53334,37.86084],[14.55107,37.87623],[14.57021,37.87964],[14.57309,37.85888],[14.55813,37.8526],[14.55247,37.8397],[14.57012,37.83233],[14.59717,37.81054],[14.61607,37.80566],[14.64496,37.80697],[14.68051,37.79534],[14.70429,37.81204],[14.74225,37.81813],[14.73881,37.80596],[14.74449,37.78962],[14.72347,37.78355],[14.71438,37.77607],[14.71618,37.76721],[14.73682,37.7536],[14.72824,37.74349],[14.70627,37.73153],[14.72126,37.71948],[14.71362,37.70558],[14.71647,37.6973],[14.72441,37.68135],[14.73807,37.69171],[14.75121,37.68621],[14.79786,37.71273],[14.80245,37.68742],[14.79238,37.67561],[14.79242,37.65276],[14.79767,37.6454],[14.82547,37.63326],[14.81977,37.61571],[14.82794,37.60889],[14.82904,37.58892],[14.80853,37.58115],[14.79105,37.56177],[14.80143,37.55492],[14.80183,37.54746],[14.79943,37.53271],[14.79119,37.52799],[14.79475,37.51532],[14.78559,37.50174],[14.77791,37.50243],[14.7725,37.50916],[14.76395,37.50436],[14.74758,37.51825],[14.74359,37.52737],[14.72946,37.53006],[14.70728,37.54961],[14.69884,37.54733],[14.69977,37.55224],[14.67399,37.55798]]],[[[14.10638,37.53974],[14.09593,37.53948],[14.0874,37.5561],[14.09951,37.55385],[14.10638,37.53974]]]]},"properties":{"name":"Enna","kind":"admin","source":"istat-province"}},{"type":"Feature","geometry":{"type":"MultiPolygon","coordinates":[[[[15.16974,37.57438],[15.15903,37.55989],[15.14855,37.55629],[15.14299,37.54356],[15.11529,37.53062],[15.11723,37.52347],[15.0983,37.50156],[15.1,37.48389],[15.0988,37.50037],[15.09027,37.49966],[15.08538,37.47682],[15.09097,37.35865],[15.03344,37.36209],[15.03256,37.37129],[15.026,37.37846],[15.02375,37.37222],[15.01464,37.36925],[14.98241,37.37376],[14.9564,37.38629],[14.94277,37.40493],[14.91542,37.4127],[14.88751,37.40775],[14.88695,37.39775],[14.88145,37.39185],[14.84294,37.37892],[14.83858,37.35777],[14.80918,37.34994],[14.77858,37.33047],[14.77943,37.32449],[14.78973,37.32584],[14.8046,37.31554],[14.82114,37.31624],[14.84161,37.32475],[14.89216,37.31102],[14.87975,37.29716],[14.88285,37.28627],[14.8559,37.27966],[14.85826,37.27295],[14.84753,37.26002],[14.81125,37.25661],[14.77296,37.22477],[14.783,37.20997],[14.80445,37.21387],[14.81997,37.20821],[14.82553,37.19603],[14.85047,37.20049],[14.85762,37.20743],[14.87135,37.20475],[14.87,37.18581],[14.83462,37.1627],[14.84692,37.13996],[14.83675,37.1245],[14.82524,37.12816],[14.80839,37.12606],[14.77542,37.13947],[14.77356,37.13265],[14.78528,37.11384],[14.79626,37.10658],[14.78532,37.10811],[14.76585,37.09949],[14.76574,37.09546],[14.7438,37.10096],[14.72742,37.09603],[14.72917,37.11743],[14.70878,37.12721],[14.70308,37.11798],[14.68294,37.11002],[14.67668,37.10121],[14.66032,37.10667],[14.64938,37.10132],[14.64158,37.08563],[14.63327,37.08613],[14.62826,37.08068],[14.61773,37.08004],[14.61191,37.09133],[14.56403,37.05149],[14.55068,37.05619],[14.54408,37.053],[14.53291,37.06533],[14.53396,37.07545],[14.47102,37.05048],[14.44222,37.05431],[14.44403,37.06636],[14.42834,37.0939],[14.43339,37.0998],[14.45196,37.09629],[14.47642,37.13447],[14.44689,37.17366],[14.43219,37.18293],[14.43194,37.18979],[14.41696,37.17791],[14.40218,37.17738],[14.38145,37.19219],[14.38258,37.20213],[14.37373,37.20467],[14.38338,37.25685],[14.39276,37.26185],[14.38174,37.28609],[14.3735,37.28036],[14.35279,37.27805],[14.35266,37.30613],[14.38478,37.29625],[14.39922,37.29929],[14.41633,37.29179],[14.43297,37.29223],[14.43686,37.30052],[14.45291,37.30244],[14.45564,37.30917],[14.42209,37.33863],[14.42848,37.34029],[14.43508,37.33576],[14.4463,37.34856],[14.45347,37.33657],[14.48331,37.31527],[14.50268,37.30913],[14.52154,37.32427],[14.51446,37.33391],[14.48942,37.34996],[14.51419,37.35118],[14.54009,37.36399],[14.55767,37.36533],[14.56916,37.36036],[14.58141,37.36415],[14.59011,37.37407],[14.58901,37.38059],[14.57837,37.38961],[14.58117,37.40241],[14.58865,37.40931],[14.62121,37.41417],[14.63357,37.42465],[14.63122,37.43088],[14.6134,37.43316],[14.58804,37.4501],[14.55327,37.44549],[14.54177,37.44996],[14.54213,37.45442],[14.53743,37.45304],[14.52514,37.46219],[14.51695,37.47676],[14.52779,37.49689],[14.48776,37.51024],[14.52655,37.51836],[14.5434,37.54274],[14.58114,37.54988],[14.59454,37.5363],[14.63443,37.53588],[14.63739,37.54382],[14.68125,37.55788],[14.69977,37.55224],[14.69884,37.54733],[14.70728,37.54961],[14.73164,37.52891],[14.74285,37.52787],[14.76395,37.50436],[14.7725,37.50916],[14.77791,37.50243],[14.78559,37.50174],[14.79475,37.51532],[14.79119,37.52799],[14.79943,37.53271],[14.80183,37.54746],[14.80143,37.55492],[14.79105,37.56177],[14.80853,37.58115],[14.82904,37.58892],[14.82794,37.60889],[14.81977,37.61571],[14.82547,37.63326],[14.79767,37.6454],[14.79242,37.65276],[14.79238,37.67561],[14.80245,37.68742],[14.79786,37.71273],[14.75198,37.68642],[14.73807,37.69171],[14.72441,37.68135],[14.71362,37.70558],[14.72126,37.71948],[14.70578,37.72933],[14.73682,37.7536],[14.71618,37.76721],[14.71438,37.77607],[14.72347,37.78355],[14.74449,37.78962],[14.73881,37.80596],[14.74225,37.81813],[14.76995,37.82068],[14.77304,37.8123],[14.79878,37.80212],[14.80268,37.8104],[14.78886,37.8529],[14.77793,37.86242],[14.75863,37.86841],[14.74222,37.84736],[14.73812,37.84852],[14.73845,37.90224],[14.76,37.89983],[14.76691,37.8885],[14.77849,37.9041],[14.75649,37.91601],[14.76511,37.94054],[14.77868,37.94262],[14.78465,37.95121],[14.80136,37.95324],[14.81102,37.94169],[14.82852,37.9351],[14.84143,37.95892],[14.85133,37.95513],[14.84826,37.94214],[14.85722,37.92645],[14.8778,37.93249],[14.89677,37.94846],[14.92924,37.9609],[14.94123,37.95079],[14.95567,37.91137],[14.97886,37.90703],[14.98238,37.8921],[15.01049,37.89968],[15.04256,37.89374],[15.07149,37.90402],[15.11171,37.90613],[15.13255,37.89457],[15.15361,37.89504],[15.17379,37.87713],[15.19165,37.87105],[15.2205,37.85066],[15.23178,37.83066],[15.24662,37.81748],[15.24588,37.80879],[15.25805,37.80722],[15.2416,37.7922],[15.20534,37.74096],[15.21835,37.70837],[15.19918,37.67668],[15.19609,37.66302],[15.19916,37.65418],[15.17431,37.63211],[15.17245,37.60849],[15.17723,37.57657],[15.16974,37.57438]]]]},"properties":{"name":"Catania","kind":"admin","source":"istat-province"}},{"type":"Feature","geometry":{"type":"MultiPolygon","coordinates":[[[[14.33789,37.00158],[14.36672,37.00668],[14.39032,37.02493],[14.41379,37.03053],[14.44718,37.05661],[14.47102,37.05048],[14.53396,37.07545],[14.53291,37.06533],[14.54408,37.053],[14.55068,37.05619],[14.56819,37.05284],[14.61191,37.09133],[14.61773,37.08004],[14.62826,37.08068],[14.63327,37.08613],[14.64158,37.08563],[14.64938,37.10132],[14.66032,37.10667],[14.67668,37.10121],[14.68294,37.11002],[14.70308,37.11798],[14.70878,37.12721],[14.72917,37.11743],[14.72742,37.09603],[14.7438,37.10096],[14.76668,37.09575],[14.76585,37.09949],[14.78532,37.10811],[14.79626,37.10658],[14.78583,37.11317],[14.77394,37.13191],[14.77798,37.13956],[14.80058,37.12611],[14.796,37.11335],[14.81808,37.11205],[14.8223,37.09107],[14.81979,37.08072],[14.84311,37.06074],[14.82492,37.06758],[14.81822,37.06038],[14.81841,37.05345],[14.82967,37.04789],[14.83793,37.05508],[14.84006,37.03872],[14.85365,37.03515],[14.85651,37.02279],[14.8865,36.98976],[14.8888,36.96093],[14.9027,36.95012],[14.90522,36.94004],[14.91709,36.93531],[14.93781,36.90331],[14.93567,36.89883],[14.92048,36.91476],[14.9033,36.92214],[14.86071,36.95758],[14.85477,36.97056],[14.86046,36.97392],[14.83709,36.97441],[14.83878,36.94678],[14.86385,36.94323],[14.89682,36.9253],[14.87756,36.91454],[14.88404,36.8988],[14.91091,36.88726],[14.9386,36.86366],[14.92917,36.84976],[14.92326,36.84808],[14.89891,36.85719],[14.88618,36.86821],[14.86924,36.86918],[14.86192,36.86014],[14.86386,36.84596],[14.85438,36.82768],[14.8613,36.81607],[14.86519,36.82084],[14.88691,36.82482],[14.90358,36.81321],[14.92357,36.81387],[14.93784,36.80765],[14.94402,36.79644],[14.95364,36.80338],[14.9852,36.78072],[14.99306,36.76001],[14.98615,36.75196],[14.99578,36.73808],[14.99589,36.70943],[15.00038,36.70278],[14.97266,36.69258],[14.95662,36.69409],[14.91027,36.72431],[14.87685,36.7311],[14.83451,36.7221],[14.82699,36.71495],[14.83984,36.70786],[14.81667,36.7169],[14.78105,36.70368],[14.77213,36.71044],[14.75698,36.71058],[14.74658,36.72007],[14.70457,36.71697],[14.68984,36.72124],[14.67072,36.74252],[14.64915,36.75127],[14.63912,36.76106],[14.58829,36.77699],[14.55514,36.78251],[14.53134,36.78048],[14.51416,36.78786],[14.49351,36.78655],[14.46654,36.81514],[14.46004,36.81468],[14.45669,36.8387],[14.44443,36.86947],[14.41649,36.91168],[14.38304,36.95614],[14.33789,37.00158]]]]},"properties":{"name":"Ragusa","kind":"admin","source":"istat-province"}},{"type":"Feature","geometry":{"type":"MultiPolygon","coordinates":[[[[15.1829,37.21084],[15.18663,37.19116],[15.20132,37.17824],[15.2007,37.16145],[15.20603,37.15331],[15.22105,37.15017],[15.22687,37.15292],[15.22685,37.15887],[15.23361,37.15913],[15.24475,37.14587],[15.22452,37.15076],[15.22012,37.14337],[15.22074,37.1294],[15.23695,37.11544],[15.2589,37.10975],[15.26884,37.11587],[15.25912,37.10967],[15.26269,37.1061],[15.28191,37.11014],[15.29575,37.10674],[15.3014,37.0802],[15.29246,37.06943],[15.29866,37.06108],[15.29647,37.05282],[15.28936,37.06329],[15.27957,37.0656],[15.27096,37.05136],[15.28156,37.03354],[15.29114,37.03311],[15.30307,37.04293],[15.31495,37.0371],[15.33653,37.00809],[15.33643,37.00196],[15.31499,37.00371],[15.30277,37.01528],[15.28356,37.00602],[15.27512,37.00673],[15.26487,36.99762],[15.26636,36.98587],[15.25933,36.97913],[15.26262,36.9751],[15.23567,36.97242],[15.21989,36.96236],[15.20853,36.96353],[15.20328,36.95501],[15.17848,36.93757],[15.17215,36.9252],[15.15343,36.91446],[15.13711,36.88014],[15.13684,36.8668],[15.12681,36.86575],[15.11078,36.84832],[15.10509,36.83417],[15.10985,36.81693],[15.1061,36.80645],[15.09417,36.79933],[15.09869,36.79084],[15.09435,36.77796],[15.10119,36.76984],[15.10307,36.75786],[15.11107,36.74697],[15.1195,36.74476],[15.11653,36.73943],[15.1215,36.73148],[15.1236,36.7016],[15.14025,36.68504],[15.13196,36.66681],[15.11608,36.67477],[15.07851,36.64651],[15.07087,36.65845],[15.0566,36.66182],[15.04293,36.68848],[15.02072,36.70124],[14.99918,36.70445],[14.99578,36.73808],[14.98615,36.75196],[14.99306,36.76001],[14.9852,36.78072],[14.95364,36.80338],[14.94402,36.79644],[14.93784,36.80765],[14.92357,36.81387],[14.90358,36.81321],[14.88691,36.82482],[14.86519,36.82084],[14.8613,36.81607],[14.85438,36.82768],[14.86386,36.84596],[14.86192,36.86014],[14.86924,36.86918],[14.88618,36.86821],[14.89891,36.85719],[14.92326,36.84808],[14.92917,36.84976],[14.9386,36.86366],[14.91091,36.88726],[14.88404,36.8988],[14.87756,36.91454],[14.89682,36.9253],[14.86385,36.94323],[14.83878,36.94678],[14.83709,36.97441],[14.86046,36.97392],[14.85477,36.97056],[14.86071,36.95758],[14.9033,36.92214],[14.92048,36.91476],[14.93567,36.89883],[14.93781,36.90331],[14.91709,36.93531],[14.90522,36.94004],[14.9027,36.95012],[14.8888,36.96093],[14.8865,36.98976],[14.85651,37.02279],[14.85365,37.03515],[14.84006,37.03872],[14.83793,37.05508],[14.82967,37.04789],[14.81841,37.05345],[14.81822,37.06038],[14.82492,37.06758],[14.84311,37.06074],[14.81979,37.08072],[14.8223,37.09107],[14.81808,37.11205],[14.80163,37.11015],[14.79458,37.11578],[14.80116,37.12445],[14.79387,37.13204],[14.80839,37.12606],[14.82524,37.12816],[14.83296,37.12424],[14.84389,37.13027],[14.84639,37.14503],[14.83462,37.1627],[14.87,37.18581],[14.87135,37.20475],[14.85762,37.20743],[14.85047,37.20049],[14.82553,37.19603],[14.81997,37.20821],[14.80445,37.21387],[14.783,37.20997],[14.77296,37.22477],[14.81125,37.25661],[14.84753,37.26002],[14.85826,37.27295],[14.8559,37.27966],[14.88285,37.28627],[14.87975,37.29716],[14.89222,37.31071],[14.84161,37.32475],[14.82114,37.31624],[14.8046,37.31554],[14.78973,37.32584],[14.77943,37.32449],[14.77843,37.32986],[14.8085,37.34963],[14.83858,37.35777],[14.84294,37.37892],[14.88145,37.39185],[14.88695,37.39775],[14.88751,37.40775],[14.92332,37.41212],[14.94277,37.40493],[14.9564,37.38629],[14.98241,37.37376],[15.01464,37.36925],[15.02375,37.37222],[15.026,37.37846],[15.03256,37.37129],[15.03344,37.36209],[15.09097,37.35865],[15.0965,37.3256],[15.10534,37.31013],[15.13928,37.30681],[15.16223,37.289],[15.17148,37.29332],[15.18378,37.28831],[15.18665,37.27941],[15.19478,37.28255],[15.19773,37.29183],[15.20661,37.29335],[15.22346,37.27102],[15.24104,37.26056],[15.24623,37.24611],[15.25762,37.24319],[15.2523,37.24002],[15.25389,37.23373],[15.24699,37.23206],[15.22751,37.24238],[15.22283,37.23356],[15.2239,37.22272],[15.22842,37.22102],[15.2245,37.21622],[15.21622,37.22359],[15.21449,37.24713],[15.19751,37.23537],[15.18484,37.23688],[15.19505,37.22534],[15.1829,37.21084]]],[[[15.14426,36.68228],[15.14629,36.68846],[15.15418,36.68893],[15.14426,36.68228]]]]},"properties":{"name":"Siracusa","kind":"admin","source":"istat-province"}},{"type":"Feature","geometry":{"type":"MultiPolygon","coordinates":[[[[9.46502,40.65584],[9.45639,40.65289],[9.43756,40.6595],[9.42014,40.6583],[9.41432,40.63408],[9.39498,40.61834],[9.37852,40.61637],[9.39354,40.59211],[9.37611,40.58268],[9.37218,40.57138],[9.35816,40.5688],[9.33555,40.55231],[9.29919,40.53818],[9.28642,40.5259],[9.23788,40.5397],[9.18869,40.53656],[9.19039,40.51591],[9.18213,40.50869],[9.22743,40.5015],[9.26349,40.51178],[9.27879,40.51084],[9.27772,40.49816],[9.28448,40.47657],[9.27743,40.47478],[9.27669,40.46984],[9.25118,40.46644],[9.22723,40.42807],[9.22545,40.41063],[9.20474,40.40381],[9.18762,40.38974],[9.18318,40.37125],[9.1698,40.37236],[9.1219,40.35921],[9.08083,40.34007],[9.06151,40.33677],[9.04164,40.32624],[9.03894,40.32071],[9.04336,40.31384],[9.02797,40.29662],[8.99058,40.32376],[8.98112,40.33906],[8.96674,40.34778],[8.94844,40.36855],[8.90085,40.38845],[8.89797,40.40577],[8.87809,40.39281],[8.86486,40.38974],[8.85561,40.3925],[8.85704,40.40203],[8.85248,40.40755],[8.82698,40.41298],[8.81428,40.40826],[8.81715,40.39277],[8.81257,40.36468],[8.77278,40.35115],[8.73726,40.35333],[8.72668,40.34205],[8.7149,40.34375],[8.70687,40.33256],[8.69097,40.33051],[8.6767,40.31267],[8.65847,40.30903],[8.64343,40.29695],[8.63563,40.31174],[8.62125,40.3148],[8.62068,40.3225],[8.59146,40.33268],[8.58737,40.35371],[8.57579,40.35762],[8.56522,40.36851],[8.56222,40.38239],[8.54866,40.38679],[8.55398,40.39037],[8.54964,40.39618],[8.53991,40.40271],[8.52571,40.40054],[8.51405,40.42169],[8.49441,40.42556],[8.48284,40.41064],[8.45892,40.40716],[8.44363,40.3956],[8.42209,40.39467],[8.39975,40.40757],[8.3982,40.42998],[8.37394,40.49083],[8.33921,40.50917],[8.31284,40.55988],[8.31783,40.57133],[8.29937,40.59108],[8.28678,40.59518],[8.25083,40.58442],[8.24567,40.58104],[8.24382,40.56987],[8.19815,40.57119],[8.20049,40.58004],[8.21951,40.60101],[8.20975,40.61476],[8.1937,40.61825],[8.18149,40.59784],[8.16311,40.58144],[8.16272,40.56024],[8.1593,40.57326],[8.15088,40.57943],[8.14464,40.62331],[8.18673,40.63919],[8.18938,40.65727],[8.19882,40.67329],[8.19644,40.67796],[8.20411,40.67959],[8.2049,40.6849],[8.19426,40.69158],[8.17475,40.69471],[8.17092,40.70743],[8.13386,40.7326],[8.1659,40.76574],[8.16752,40.78022],[8.16088,40.79368],[8.17576,40.80097],[8.19171,40.82154],[8.2238,40.88638],[8.21932,40.90009],[8.19233,40.91284],[8.19078,40.92441],[8.17581,40.93495],[8.2014,40.97084],[8.22648,40.95314],[8.23838,40.95291],[8.22915,40.93422],[8.23599,40.91704],[8.23246,40.91145],[8.23813,40.90339],[8.27917,40.86579],[8.31386,40.8448],[8.34334,40.84072],[8.35015,40.85035],[8.38472,40.85117],[8.35132,40.85031],[8.34791,40.83978],[8.41366,40.839],[8.45881,40.81958],[8.51937,40.82319],[8.55966,40.83118],[8.60532,40.84979],[8.62446,40.86383],[8.63237,40.88133],[8.68453,40.90359],[8.69892,40.91455],[8.72704,40.91279],[8.74286,40.91854],[8.76845,40.91589],[8.7909,40.92272],[8.83655,40.95722],[8.873,40.99546],[8.87988,41.02866],[8.89258,41.02793],[8.92901,41.04366],[8.97607,41.08394],[8.991,41.1039],[8.9993,41.10454],[8.99683,41.10692],[9.01325,41.12542],[9.04624,41.13792],[9.05825,41.12803],[9.08677,41.12814],[9.11018,41.13493],[9.12287,41.14697],[9.12097,41.15533],[9.14967,41.15454],[9.16774,41.16811],[9.17106,41.17704],[9.15822,41.18356],[9.15411,41.19721],[9.16055,41.20468],[9.1671,41.23],[9.15814,41.23603],[9.14817,41.23077],[9.14131,41.23237],[9.13801,41.23767],[9.1409,41.24449],[9.14561,41.24715],[9.16071,41.24218],[9.15825,41.23939],[9.16392,41.23577],[9.18114,41.2481],[9.1932,41.24766],[9.19507,41.24247],[9.22524,41.25924],[9.23507,41.25915],[9.23701,41.24605],[9.25973,41.24206],[9.28053,41.22784],[9.28142,41.217],[9.26975,41.19724],[9.27224,41.19443],[9.27993,41.19382],[9.28702,41.21923],[9.30091,41.20207],[9.28887,41.19766],[9.28978,41.19317],[9.31553,41.19203],[9.32034,41.20307],[9.31896,41.19387],[9.33264,41.18538],[9.3413,41.19213],[9.33032,41.19499],[9.3382,41.20469],[9.34889,41.20745],[9.35417,41.20264],[9.36331,41.20758],[9.37024,41.18324],[9.38086,41.1877],[9.38544,41.18067],[9.42328,41.17681],[9.42176,41.16621],[9.40513,41.15793],[9.43216,41.15153],[9.42895,41.14483],[9.44217,41.13099],[9.44248,41.10181],[9.44974,41.10269],[9.45509,41.11389],[9.47171,41.12571],[9.47254,41.1341],[9.46377,41.13678],[9.46693,41.1435],[9.48109,41.14048],[9.48568,41.14643],[9.51016,41.14073],[9.51787,41.14442],[9.51474,41.15623],[9.52615,41.15684],[9.53642,41.13791],[9.52662,41.13374],[9.54579,41.13369],[9.53888,41.12269],[9.54042,41.11444],[9.54718,41.11257],[9.56119,41.11974],[9.56689,41.11587],[9.57063,41.10052],[9.56071,41.0844],[9.55169,41.07928],[9.54459,41.08166],[9.54493,41.088],[9.54033,41.0898],[9.529,41.0721],[9.5325,41.06178],[9.523,41.05273],[9.52647,41.04252],[9.50592,41.00943],[9.52499,41.01111],[9.52991,41.01888],[9.5284,41.03012],[9.56122,41.03771],[9.56288,41.02523],[9.5509,41.00694],[9.55548,41.00377],[9.57399,41.00826],[9.57684,41.00286],[9.5915,41.01434],[9.59508,41.02273],[9.63091,41.00213],[9.65599,41.00451],[9.66488,40.99545],[9.65144,40.98415],[9.63451,40.98854],[9.62052,41.00206],[9.61097,41.00322],[9.58254,40.983],[9.58288,40.97596],[9.59388,40.96848],[9.56815,40.94244],[9.57483,40.92799],[9.56289,40.92399],[9.53913,40.92587],[9.53457,40.93259],[9.52386,40.93352],[9.50237,40.92747],[9.50387,40.91257],[9.56336,40.91906],[9.57594,40.90405],[9.58866,40.89961],[9.6136,40.9198],[9.64429,40.92001],[9.62462,40.89626],[9.61536,40.89478],[9.61595,40.88959],[9.63533,40.88459],[9.64066,40.87426],[9.65074,40.87939],[9.65663,40.87502],[9.65245,40.86085],[9.66518,40.85329],[9.67774,40.86166],[9.68476,40.85959],[9.69352,40.84637],[9.72791,40.84448],[9.7139,40.83306],[9.6863,40.83524],[9.68063,40.82309],[9.69192,40.8113],[9.68825,40.80626],[9.6752,40.80626],[9.67039,40.78822],[9.68669,40.7665],[9.71795,40.7483],[9.71154,40.74028],[9.71497,40.70988],[9.72207,40.70037],[9.74602,40.68718],[9.75174,40.67391],[9.74883,40.66044],[9.74055,40.66084],[9.73692,40.67184],[9.6918,40.6791],[9.68085,40.6666],[9.68352,40.65809],[9.67124,40.66652],[9.65139,40.69228],[9.62409,40.69915],[9.60317,40.69691],[9.58309,40.70607],[9.5624,40.67914],[9.51196,40.64891],[9.5068,40.65358],[9.49239,40.65066],[9.48743,40.64496],[9.46502,40.65584]]],[[[8.14076,40.60542],[8.1442,40.60393],[8.13781,40.6026],[8.14076,40.60542]]],[[[9.57573,41.06103],[9.56918,41.06414],[9.57519,41.06962],[9.57916,41.0658],[9.57573,41.06103]]],[[[9.61002,41.07972],[9.60606,41.07097],[9.59676,41.07603],[9.61002,41.07972]]],[[[9.56658,41.12477],[9.56352,41.12551],[9.56858,41.1287],[9.56658,41.12477]]],[[[9.52305,41.16188],[9.51671,41.16666],[9.52545,41.16618],[9.52799,41.16349],[9.52305,41.16188]]],[[[9.41004,41.18643],[9.39685,41.19037],[9.39808,41.19772],[9.41955,41.20752],[9.42248,41.19353],[9.41004,41.18643]]],[[[9.47128,41.24559],[9.48167,41.23612],[9.48236,41.22459],[9.48868,41.2201],[9.48034,41.21086],[9.47883,41.19952],[9.46379,41.18439],[9.47972,41.18719],[9.48167,41.18278],[9.46908,41.18031],[9.45535,41.18618],[9.45315,41.19236],[9.4366,41.18089],[9.43358,41.19],[9.4435,41.19048],[9.44354,41.20293],[9.45646,41.20021],[9.4481,41.21249],[9.45179,41.21788],[9.44886,41.22427],[9.4586,41.22822],[9.45946,41.2426],[9.47128,41.24559]]],[[[9.3438,41.25097],[9.35018,41.25182],[9.36063,41.24249],[9.34567,41.22893],[9.33286,41.23563],[9.33321,41.24806],[9.33968,41.25351],[9.3438,41.25097]]],[[[9.43132,41.25921],[9.42685,41.25671],[9.43009,41.24806],[9.43574,41.24901],[9.43836,41.23536],[9.44771,41.23297],[9.43806,41.21417],[9.41659,41.21687],[9.40136,41.21022],[9.38133,41.21033],[9.37383,41.22738],[9.37805,41.23466],[9.40054,41.24291],[9.40473,41.2551],[9.41333,41.25073],[9.41436,41.26805],[9.42186,41.2681],[9.43132,41.25921]]],[[[9.35511,41.27664],[9.33515,41.28351],[9.35584,41.28872],[9.35511,41.27664]]],[[[9.40136,41.29269],[9.39631,41.29456],[9.39925,41.29868],[9.40136,41.29269]]],[[[9.38075,41.3076],[9.38468,41.29833],[9.36501,41.28756],[9.36106,41.29704],[9.38075,41.3076]]],[[[9.34337,41.30713],[9.35327,41.30348],[9.35921,41.29422],[9.33333,41.30139],[9.33822,41.30881],[9.34337,41.30713]]],[[[9.37671,41.30796],[9.37014,41.30956],[9.37654,41.31268],[9.38036,41.30843],[9.37671,41.30796]]],[[[9.73097,40.87543],[9.74216,40.87069],[9.73645,40.85949],[9.71008,40.8693],[9.71581,40.87632],[9.73097,40.87543]]],[[[9.73413,40.92262],[9.73981,40.91978],[9.74163,40.91108],[9.72081,40.905],[9.69278,40.88785],[9.68625,40.8916],[9.67309,40.88905],[9.73585,40.92708],[9.73413,40.92262]]],[[[8.21502,40.98283],[8.22648,40.9762],[8.2245,40.97011],[8.21529,40.96823],[8.21156,40.97885],[8.21502,40.98283]]],[[[8.3254,41.10553],[8.33075,41.09965],[8.34473,41.09737],[8.35042,41.08839],[8.33634,41.08045],[8.33485,41.07379],[8.3406,41.07128],[8.33235,41.04996],[8.28337,41.06444],[8.27267,41.05437],[8.25732,41.05126],[8.26723,41.04611],[8.23458,41.02414],[8.2489,41.02696],[8.249,41.01772],[8.26359,41.00267],[8.25583,40.98497],[8.21029,40.98776],[8.21296,41.0076],[8.22191,41.01104],[8.22928,41.0232],[8.21804,41.02825],[8.22032,41.0409],[8.24876,41.04905],[8.26666,41.07322],[8.28529,41.07674],[8.28185,41.08785],[8.27255,41.09625],[8.27519,41.10428],[8.311,41.10854],[8.31178,41.11746],[8.31833,41.12077],[8.3289,41.11087],[8.3254,41.10553]]],[[[9.64454,40.97812],[9.63989,40.98279],[9.64497,40.98201],[9.64454,40.97812]]]]},"properties":{"name":"Sassari","kind":"admin","source":"istat-province"}},{"type":"Feature","geometry":{"type":"MultiPolygon","coordinates":[[[[9.28037,39.91741],[9.27423,39.91381],[9.24451,39.91786],[9.23193,39.91056],[9.213,39.91472],[9.19952,39.90223],[9.18931,39.88131],[9.19499,39.86608],[9.18745,39.86829],[9.1848,39.85506],[9.18538,39.84946],[9.19754,39.84639],[9.19874,39.82589],[9.16558,39.83257],[9.17039,39.84919],[9.12881,39.88853],[9.10969,39.8833],[9.10636,39.87727],[9.10958,39.87125],[9.10515,39.86935],[9.09327,39.88238],[9.04918,39.90111],[9.03906,39.91209],[8.99836,39.91818],[8.98806,39.9148],[8.9858,39.91957],[8.99255,39.93515],[8.98886,39.94396],[8.9968,39.94887],[8.99563,39.96003],[9.01768,39.98194],[9.00702,39.99219],[8.9916,39.98672],[8.95672,39.99274],[8.94563,40.01321],[8.94761,40.02391],[8.965,40.04291],[8.98815,40.0572],[8.99857,40.05659],[9.02655,40.03768],[9.04124,40.05549],[9.03632,40.06431],[9.03525,40.09579],[9.01706,40.11991],[9.01682,40.12628],[9.00239,40.13443],[9.01863,40.14631],[9.01681,40.16442],[8.99796,40.18036],[9.0173,40.19376],[9.01352,40.19786],[8.99053,40.2091],[8.99163,40.21426],[8.98249,40.21829],[8.91023,40.2081],[8.8569,40.21074],[8.79585,40.19174],[8.7806,40.18987],[8.76528,40.19672],[8.74124,40.18062],[8.74313,40.20081],[8.71812,40.20538],[8.70961,40.21421],[8.68994,40.2104],[8.68197,40.20314],[8.67267,40.20439],[8.66767,40.24965],[8.62721,40.26372],[8.61643,40.27322],[8.6226,40.28324],[8.61396,40.29107],[8.61675,40.3012],[8.61112,40.30748],[8.61516,40.31743],[8.63563,40.31174],[8.64393,40.297],[8.65847,40.30903],[8.6767,40.31267],[8.69097,40.33051],[8.70687,40.33256],[8.7149,40.34375],[8.72668,40.34205],[8.73726,40.35333],[8.77278,40.35115],[8.81205,40.36443],[8.81715,40.39277],[8.81428,40.40826],[8.82698,40.41298],[8.85248,40.40755],[8.85704,40.40203],[8.85561,40.3925],[8.86486,40.38974],[8.87809,40.39281],[8.89797,40.40577],[8.90085,40.38845],[8.94844,40.36855],[8.96674,40.34778],[8.98112,40.33906],[8.99058,40.32376],[9.02797,40.29662],[9.04336,40.31384],[9.03894,40.32071],[9.04164,40.32624],[9.06151,40.33677],[9.08083,40.34007],[9.1219,40.35921],[9.1698,40.37236],[9.18318,40.37125],[9.18762,40.38974],[9.20474,40.40381],[9.22545,40.41063],[9.22723,40.42807],[9.25118,40.46644],[9.27669,40.46984],[9.27743,40.47478],[9.28448,40.47657],[9.27772,40.49816],[9.27879,40.51084],[9.26349,40.51178],[9.22743,40.5015],[9.18213,40.50869],[9.19039,40.51591],[9.18869,40.53656],[9.23788,40.5397],[9.28642,40.5259],[9.29919,40.53818],[9.33555,40.55231],[9.35816,40.5688],[9.37218,40.57138],[9.37611,40.58268],[9.39354,40.59211],[9.37852,40.61637],[9.39498,40.61834],[9.41432,40.63408],[9.42055,40.65856],[9.43756,40.6595],[9.45639,40.65289],[9.46627,40.65583],[9.48743,40.64496],[9.49239,40.65066],[9.5068,40.65358],[9.51196,40.64891],[9.5624,40.67914],[9.58309,40.70607],[9.60317,40.69691],[9.62409,40.69915],[9.65139,40.69228],[9.67124,40.66652],[9.68352,40.65809],[9.68085,40.6666],[9.6918,40.6791],[9.73692,40.67184],[9.74055,40.66084],[9.74883,40.66044],[9.74981,40.65646],[9.74354,40.64971],[9.7415,40.63653],[9.74314,40.62562],[9.75322,40.61524],[9.75176,40.60087],[9.76375,40.58701],[9.78836,40.57279],[9.79618,40.54432],[9.82842,40.52838],[9.81995,40.49618],[9.79259,40.44306],[9.78329,40.43874],[9.77678,40.42864],[9.77307,40.40724],[9.76387,40.39072],[9.75473,40.38128],[9.74174,40.38139],[9.7305,40.37548],[9.68397,40.33865],[9.63163,40.27653],[9.62392,40.25278],[9.62868,40.22453],[9.62571,40.20793],[9.63412,40.17979],[9.64359,40.17376],[9.66141,40.13908],[9.68501,40.11165],[9.72892,40.09083],[9.73568,40.07749],[9.72752,40.0705],[9.72053,40.049],[9.70549,40.03357],[9.69998,40.00073],[9.68664,39.98417],[9.68685,39.94842],[9.69974,39.93591],[9.70791,39.9409],[9.7128,39.93895],[9.71608,39.93022],[9.71319,39.9218],[9.70569,39.92465],[9.69283,39.91882],[9.68199,39.90028],[9.68258,39.87001],[9.69673,39.85343],[9.68288,39.83679],[9.66843,39.77675],[9.67469,39.75155],[9.67595,39.71089],[9.65998,39.69743],[9.6642,39.68264],[9.64719,39.6517],[9.65776,39.59852],[9.65551,39.57048],[9.64976,39.56088],[9.65136,39.54925],[9.60372,39.57098],[9.55436,39.57357],[9.53667,39.58834],[9.52364,39.58866],[9.52165,39.59652],[9.52612,39.60273],[9.51278,39.60581],[9.50669,39.61721],[9.50833,39.62806],[9.50304,39.62035],[9.48628,39.61688],[9.46759,39.63623],[9.43843,39.64166],[9.43409,39.62641],[9.41671,39.6172],[9.41946,39.62664],[9.40547,39.6386],[9.3961,39.66234],[9.40318,39.69494],[9.39171,39.70799],[9.39362,39.71343],[9.38556,39.71655],[9.38553,39.72465],[9.39998,39.73364],[9.40164,39.74925],[9.41369,39.75075],[9.40572,39.75719],[9.40464,39.76442],[9.36276,39.80224],[9.36152,39.81329],[9.37716,39.82177],[9.37707,39.82997],[9.36962,39.83419],[9.37043,39.84098],[9.39751,39.84208],[9.40561,39.84911],[9.40604,39.86566],[9.41701,39.88373],[9.4114,39.89357],[9.38015,39.91758],[9.37637,39.91636],[9.37801,39.91033],[9.35494,39.90348],[9.34877,39.90797],[9.28037,39.91741]]]]},"properties":{"name":"Nuoro","kind":"admin","source":"istat-province"}},{"type":"Feature","geometry":{"type":"MultiPolygon","coordinates":[[[[8.84872,39.09924],[8.82215,39.11841],[8.82021,39.13063],[8.82632,39.14867],[8.83763,39.14789],[8.84242,39.1688],[8.85524,39.17977],[8.85365,39.21038],[8.86065,39.23031],[8.85171,39.23533],[8.85195,39.24676],[8.86578,39.27854],[8.89462,39.28926],[8.90828,39.28934],[8.94275,39.30408],[8.93893,39.30669],[8.94022,39.32516],[8.96002,39.34141],[8.97279,39.34462],[9.00622,39.32697],[9.02527,39.33459],[9.02826,39.33157],[9.03988,39.33757],[9.05429,39.33739],[9.0788,39.35299],[9.09491,39.3516],[9.11637,39.33706],[9.13376,39.33292],[9.14969,39.34169],[9.15458,39.33018],[9.17802,39.33328],[9.18733,39.32793],[9.21186,39.33462],[9.22333,39.34417],[9.24208,39.3477],[9.24888,39.35998],[9.26238,39.36924],[9.26853,39.37803],[9.27405,39.40879],[9.28102,39.41321],[9.29608,39.41049],[9.36866,39.42344],[9.37045,39.39606],[9.33127,39.35006],[9.36683,39.3148],[9.37465,39.31211],[9.40876,39.31672],[9.44265,39.29458],[9.4463,39.26795],[9.48639,39.20715],[9.4768,39.18579],[9.47357,39.15981],[9.44982,39.14135],[9.43866,39.12192],[9.43391,39.1306],[9.40789,39.14387],[9.4009,39.14092],[9.39227,39.14459],[9.39464,39.15505],[9.37106,39.17378],[9.35001,39.17839],[9.33872,39.1936],[9.32079,39.20453],[9.30438,39.20482],[9.29749,39.21325],[9.24738,39.21644],[9.23144,39.22765],[9.20985,39.22682],[9.18182,39.21666],[9.16483,39.2044],[9.15986,39.19367],[9.16892,39.18816],[9.15867,39.18132],[9.14601,39.18395],[9.11546,39.21168],[9.09341,39.21306],[9.06118,39.19337],[9.03021,39.16354],[9.0182,39.1474],[9.00892,39.12128],[9.01616,39.10565],[9.01652,39.08666],[9.04579,39.05614],[9.04087,39.04179],[9.02437,39.02017],[9.02419,39.00376],[9.01183,38.98715],[8.9962,38.98541],[8.97909,38.96563],[8.91064,38.91555],[8.90371,38.92415],[8.91109,38.94096],[8.90984,38.95707],[8.88901,38.9734],[8.83189,39.04739],[8.85311,39.08452],[8.84872,39.09924]]]]},"properties":{"name":"Cagliari","kind":"admin","source":"istat-province"}},{"type":"Feature","geometry":{"type":"MultiPolygon","coordinates":[[[[8.782,40.18982],[8.8546,40.21048],[8.91023,40.2081],[8.98209,40.2183],[8.99163,40.21426],[8.99053,40.2091],[9.01253,40.1988],[9.0173,40.19376],[8.99796,40.18036],[9.01681,40.16442],[9.01863,40.14631],[9.00239,40.13443],[9.01682,40.12628],[9.01706,40.11991],[9.03525,40.09579],[9.03632,40.06431],[9.04124,40.05549],[9.02655,40.03768],[8.99857,40.05659],[8.98815,40.0572],[8.965,40.04291],[8.94761,40.02391],[8.94563,40.01321],[8.95672,39.99274],[8.9916,39.98672],[9.00702,39.99219],[9.01768,39.98194],[8.99563,39.96003],[8.99697,39.94931],[8.98886,39.94396],[8.99255,39.93515],[8.98683,39.91658],[9.03906,39.91209],[9.04918,39.90111],[9.09327,39.88238],[9.10515,39.86935],[9.10958,39.87125],[9.10636,39.87727],[9.10969,39.8833],[9.12881,39.88853],[9.17039,39.84919],[9.16991,39.84091],[9.16382,39.83261],[9.14662,39.84578],[9.12753,39.83952],[9.10967,39.84851],[9.10041,39.83115],[9.08356,39.82767],[9.07672,39.81714],[9.06195,39.81081],[9.05425,39.80095],[9.04184,39.80303],[9.02939,39.81076],[9.02919,39.81889],[9.00844,39.82843],[8.98661,39.82567],[8.97447,39.80235],[8.95249,39.77847],[8.92858,39.79309],[8.88851,39.79439],[8.88659,39.78746],[8.89296,39.77298],[8.90508,39.77175],[8.9135,39.7675],[8.91557,39.76026],[8.92429,39.75839],[8.90173,39.73304],[8.91295,39.72149],[8.89306,39.70762],[8.88143,39.70492],[8.8785,39.69423],[8.86496,39.68258],[8.86149,39.66795],[8.83943,39.66378],[8.83164,39.66708],[8.78409,39.65393],[8.77521,39.64114],[8.74312,39.62708],[8.72981,39.63888],[8.7028,39.6388],[8.69653,39.64545],[8.67129,39.63121],[8.6603,39.64203],[8.62815,39.65442],[8.62591,39.66545],[8.61077,39.68062],[8.60798,39.68993],[8.59063,39.69127],[8.57142,39.68464],[8.55307,39.69499],[8.52133,39.69285],[8.51861,39.70025],[8.50017,39.70845],[8.50762,39.72189],[8.50397,39.72872],[8.52108,39.74601],[8.51311,39.75337],[8.53093,39.76974],[8.54537,39.79519],[8.55459,39.8373],[8.55391,39.85757],[8.57017,39.86556],[8.54424,39.86601],[8.53975,39.86916],[8.54561,39.87598],[8.54055,39.88359],[8.54454,39.88465],[8.53173,39.89742],[8.5097,39.90774],[8.49104,39.90541],[8.49186,39.90962],[8.46646,39.90362],[8.46827,39.8997],[8.44193,39.88002],[8.43557,39.85802],[8.43175,39.8622],[8.43853,39.86858],[8.43471,39.8841],[8.42043,39.89589],[8.40979,39.90113],[8.40214,39.89851],[8.39881,39.90374],[8.40136,39.95699],[8.39765,39.97032],[8.3914,39.97554],[8.41111,39.99935],[8.41408,40.017],[8.40188,40.03253],[8.37826,40.02893],[8.37626,40.03577],[8.38647,40.04418],[8.39657,40.04398],[8.39912,40.05127],[8.41191,40.04115],[8.43305,40.05012],[8.4537,40.05081],[8.49299,40.08694],[8.4849,40.11778],[8.45952,40.15168],[8.46144,40.17182],[8.45576,40.17668],[8.46766,40.19949],[8.4621,40.21404],[8.48384,40.27367],[8.4829,40.28553],[8.46449,40.30016],[8.46788,40.30646],[8.45907,40.31936],[8.44298,40.31881],[8.42592,40.33607],[8.39028,40.33759],[8.379,40.35985],[8.38917,40.36593],[8.39975,40.40757],[8.42209,40.39467],[8.44363,40.3956],[8.45892,40.40716],[8.48284,40.41064],[8.49441,40.42556],[8.51405,40.42169],[8.52571,40.40054],[8.53991,40.40271],[8.54964,40.39618],[8.55398,40.39037],[8.54866,40.38679],[8.56222,40.38239],[8.56522,40.36851],[8.57579,40.35762],[8.58737,40.35371],[8.59146,40.33268],[8.62068,40.3225],[8.61114,40.30783],[8.61675,40.3012],[8.61396,40.29107],[8.6226,40.28324],[8.61643,40.27322],[8.62721,40.26372],[8.66767,40.24965],[8.67267,40.20439],[8.68197,40.20314],[8.68994,40.2104],[8.70911,40.21431],[8.71812,40.20538],[8.74313,40.20081],[8.74124,40.18062],[8.76528,40.19672],[8.782,40.18982]]],[[[8.3125,39.99526],[8.31048,39.9888],[8.30132,39.9865],[8.30101,39.99091],[8.3125,39.99526]]]]},"properties":{"name":"Oristano","kind":"admin","source":"istat-province"}},{"type":"Feature","geometry":{"type":"MultiPolygon","coordinates":[[[[8.50222,39.71303],[8.50044,39.70814],[8.51861,39.70025],[8.52133,39.69285],[8.55307,39.69499],[8.57142,39.68464],[8.59063,39.69127],[8.60798,39.68993],[8.61077,39.68062],[8.62591,39.66545],[8.62815,39.65442],[8.6603,39.64203],[8.67129,39.63121],[8.69653,39.64545],[8.7028,39.6388],[8.72981,39.63888],[8.74312,39.62708],[8.77521,39.64114],[8.78409,39.65393],[8.83164,39.66708],[8.83943,39.66378],[8.86149,39.66795],[8.86496,39.68258],[8.8785,39.69423],[8.88143,39.70492],[8.89306,39.70762],[8.91295,39.72149],[8.90173,39.73304],[8.92429,39.75839],[8.91557,39.76026],[8.9135,39.7675],[8.90508,39.77175],[8.89296,39.77298],[8.88659,39.78746],[8.88851,39.79439],[8.92858,39.79309],[8.95309,39.77858],[8.97447,39.80235],[8.98661,39.82567],[9.00844,39.82843],[9.02919,39.81889],[9.02939,39.81076],[9.04184,39.80303],[9.05425,39.80095],[9.06195,39.81081],[9.07672,39.81714],[9.08356,39.82767],[9.1,39.83081],[9.10626,39.84702],[9.11352,39.84965],[9.12753,39.83952],[9.14662,39.84578],[9.16382,39.83261],[9.19874,39.82589],[9.19754,39.84639],[9.18538,39.84946],[9.18486,39.85746],[9.18745,39.86829],[9.19499,39.86608],[9.18931,39.88131],[9.19182,39.889],[9.213,39.91472],[9.23193,39.91056],[9.24451,39.91786],[9.27423,39.91381],[9.28195,39.9173],[9.34877,39.90797],[9.35494,39.90348],[9.37801,39.91033],[9.37731,39.91728],[9.38551,39.91605],[9.41701,39.88373],[9.40604,39.86566],[9.4044,39.84762],[9.39751,39.84208],[9.3698,39.8404],[9.37726,39.82213],[9.36167,39.81354],[9.36212,39.80518],[9.41369,39.75075],[9.40164,39.74925],[9.39998,39.73364],[9.38553,39.72465],[9.38556,39.71655],[9.39362,39.71343],[9.39171,39.70799],[9.40318,39.69494],[9.3961,39.66234],[9.40547,39.6386],[9.41946,39.62664],[9.41671,39.6172],[9.43409,39.62641],[9.43843,39.64166],[9.46759,39.63623],[9.48628,39.61688],[9.50304,39.62035],[9.50833,39.62806],[9.50669,39.61721],[9.51278,39.60581],[9.52612,39.60273],[9.52165,39.59652],[9.52364,39.58866],[9.53667,39.58834],[9.55436,39.57357],[9.60372,39.57098],[9.65136,39.54925],[9.63964,39.54132],[9.63146,39.50335],[9.63259,39.49679],[9.64472,39.49031],[9.64126,39.4826],[9.64595,39.46139],[9.63882,39.439],[9.63117,39.43348],[9.60789,39.3882],[9.59741,39.34724],[9.60489,39.31798],[9.62845,39.30634],[9.63324,39.29578],[9.62137,39.29849],[9.60402,39.29217],[9.57487,39.25168],[9.56276,39.19474],[9.56444,39.18897],[9.57786,39.1844],[9.5789,39.17559],[9.57001,39.17022],[9.56396,39.14162],[9.55723,39.13444],[9.53822,39.13272],[9.5229,39.12018],[9.5183,39.10514],[9.52379,39.09467],[9.50314,39.10795],[9.50506,39.11974],[9.50733,39.11676],[9.50964,39.12146],[9.50272,39.13124],[9.48491,39.13571],[9.44259,39.12645],[9.44982,39.14135],[9.47357,39.15981],[9.4768,39.18579],[9.48639,39.20715],[9.4463,39.26795],[9.44322,39.29394],[9.40876,39.31672],[9.37465,39.31211],[9.36683,39.3148],[9.33127,39.35006],[9.37045,39.39606],[9.36866,39.42344],[9.29608,39.41049],[9.28102,39.41321],[9.27405,39.40879],[9.26853,39.37803],[9.26238,39.36924],[9.24888,39.35998],[9.24208,39.3477],[9.22333,39.34417],[9.21186,39.33462],[9.18733,39.32793],[9.17802,39.33328],[9.15458,39.33018],[9.14969,39.34169],[9.13376,39.33292],[9.11637,39.33706],[9.09491,39.3516],[9.0788,39.35299],[9.05429,39.33739],[9.03988,39.33757],[9.02826,39.33157],[9.02527,39.33459],[9.00622,39.32697],[8.97279,39.34462],[8.96002,39.34141],[8.94022,39.32516],[8.93893,39.30669],[8.94275,39.30408],[8.86452,39.27747],[8.85171,39.24433],[8.85171,39.23533],[8.86065,39.23031],[8.85365,39.21038],[8.85524,39.17977],[8.84242,39.1688],[8.83763,39.14789],[8.82632,39.14867],[8.82021,39.13063],[8.82215,39.11841],[8.84219,39.10701],[8.85311,39.08452],[8.83189,39.04739],[8.88901,38.9734],[8.91192,38.95223],[8.90371,38.92415],[8.91064,38.91555],[8.90589,38.90784],[8.8546,38.87855],[8.83267,38.87734],[8.82186,38.89325],[8.80598,38.89966],[8.79892,38.89472],[8.78355,38.8984],[8.78022,38.91322],[8.76202,38.91698],[8.72216,38.9377],[8.71464,38.92501],[8.69339,38.91863],[8.68171,38.90936],[8.66412,38.91251],[8.67026,38.89716],[8.64967,38.89489],[8.64825,38.88688],[8.65662,38.87065],[8.63993,38.86495],[8.63659,38.86793],[8.64576,38.8761],[8.64067,38.88003],[8.64639,38.89422],[8.632,38.89545],[8.62142,38.89032],[8.60666,38.89284],[8.60697,38.9053],[8.61834,38.9159],[8.62359,38.93756],[8.6073,38.96165],[8.5854,38.95818],[8.58881,38.96447],[8.56501,38.99976],[8.56671,39.01184],[8.57639,39.02185],[8.57141,39.03798],[8.56315,39.04622],[8.54854,39.04444],[8.52717,39.05915],[8.51164,39.06232],[8.46611,39.05701],[8.46846,39.04918],[8.45103,39.01829],[8.45142,38.98945],[8.44054,38.97822],[8.44476,38.96992],[8.43029,38.96005],[8.4099,38.95652],[8.40321,38.96231],[8.40376,38.97383],[8.39697,38.97593],[8.39433,38.98938],[8.37107,39.01873],[8.37409,39.02296],[8.37045,39.02174],[8.36042,39.03768],[8.35727,39.0635],[8.34978,39.0764],[8.34973,39.08303],[8.35361,39.08093],[8.35855,39.08662],[8.35075,39.09751],[8.3603,39.10487],[8.36033,39.10995],[8.37126,39.11353],[8.38037,39.09964],[8.40933,39.10183],[8.42574,39.10892],[8.43152,39.09592],[8.45649,39.08374],[8.46458,39.058],[8.47801,39.06095],[8.47757,39.06937],[8.48846,39.08474],[8.47916,39.09341],[8.46683,39.11861],[8.46092,39.12125],[8.44268,39.11652],[8.43737,39.12015],[8.43353,39.12985],[8.43858,39.14113],[8.43712,39.15596],[8.41291,39.17398],[8.40757,39.16322],[8.41652,39.1548],[8.41259,39.1512],[8.40142,39.17912],[8.40145,39.19374],[8.39633,39.1993],[8.38035,39.20312],[8.36826,39.21552],[8.36665,39.22817],[8.41096,39.2644],[8.4238,39.26815],[8.43699,39.292],[8.43168,39.31173],[8.41785,39.3237],[8.42037,39.33259],[8.39669,39.33768],[8.38554,39.36555],[8.37298,39.37478],[8.37934,39.37395],[8.38602,39.39363],[8.40243,39.40472],[8.41212,39.42251],[8.4109,39.44118],[8.39266,39.4468],[8.38326,39.45736],[8.38702,39.47531],[8.40684,39.48955],[8.44398,39.53505],[8.47057,39.59894],[8.46555,39.61619],[8.45395,39.62046],[8.44956,39.63422],[8.45913,39.66813],[8.44437,39.67834],[8.45534,39.71112],[8.44648,39.71807],[8.44916,39.74009],[8.44406,39.75816],[8.4513,39.76959],[8.45985,39.76844],[8.49839,39.71834],[8.49249,39.7162],[8.50222,39.71303]]],[[[8.30821,39.18018],[8.3101,39.11256],[8.30485,39.10179],[8.29017,39.09551],[8.24791,39.10848],[8.25284,39.11527],[8.25032,39.1334],[8.23428,39.14333],[8.22438,39.14083],[8.2196,39.14758],[8.23052,39.16436],[8.25638,39.16891],[8.27168,39.1798],[8.29648,39.17895],[8.3091,39.18792],[8.30821,39.18018]]],[[[8.32412,39.18931],[8.31712,39.19223],[8.31995,39.19538],[8.32412,39.18931]]],[[[9.53514,39.08814],[9.53502,39.08225],[9.52675,39.08466],[9.52931,39.09013],[9.53514,39.08814]]]]},"properties":{"name":"Sud Sardegna","kind":"admin","source":"istat-province"}}]}