{"type":"FeatureCollection","features":[{"type":"Feature","geometry":{"type":"MultiLineString","coordinates":[[[10.556,36.3972],[10.561,36.3986],[10.5729,36.405],[10.5809,36.4061],[10.5997,36.4055],[10.6099,36.407],[10.6153,36.4059],[10.623,36.4076],[10.6295,36.4067],[10.6374,36.4077],[10.6472,36.4119],[10.6614,36.4216],[10.6731,36.4271],[10.6967,36.4356],[10.7237,36.4495],[10.7267,36.4489],[10.7356,36.4513]]]},"properties":{"kind":"roman-road","source":"itinere-roads"}},{"type":"Feature","geometry":{"type":"MultiLineString","coordinates":[[[10.7356,36.4513],[10.7549,36.4593],[10.7719,36.4633],[10.8095,36.4841],[10.8179,36.4903],[10.8226,36.4954],[10.8297,36.5071],[10.8347,36.5256],[10.8436,36.5398],[10.8453,36.5485],[10.852,36.5594],[10.858,36.5728]]]},"properties":{"kind":"roman-road","source":"itinere-roads"}},{"type":"Feature","geometry":{"type":"MultiLineString","coordinates":[[[10.4049,36.7007],[10.4372,36.6951],[10.4749,36.6961],[10.4841,36.6946],[10.4908,36.6952]]]},"properties":{"kind":"roman-road","source":"itinere-roads"}},{"type":"Feature","geometry":{"type":"MultiLineString","coordinates":[[[10.4908,36.6952],[10.5966,36.6685],[10.6164,36.665],[10.6459,36.6499],[10.654,36.6475],[10.6563,36.6439],[10.6702,36.6336],[10.6842,36.6283],[10.6956,36.6218],[10.7061,36.6177],[10.7257,36.6138],[10.7747,36.5978],[10.7794,36.595],[10.7901,36.5949],[10.8077,36.5898],[10.8206,36.5842],[10.8242,36.5811],[10.852,36.5729],[10.858,36.5728]]]},"properties":{"kind":"roman-road","source":"itinere-roads"}},{"type":"Feature","geometry":{"type":"MultiLineString","coordinates":[[[9.2313,36.3825],[9.2348,36.3913],[9.241,36.4014]]]},"properties":{"kind":"roman-road","source":"itinere-roads"}},{"type":"Feature","geometry":{"type":"MultiLineString","coordinates":[[[9.2487,36.4122],[9.2689,36.4132],[9.2739,36.411],[9.2799,36.4148],[9.3027,36.4219],[9.3292,36.4224],[9.3419,36.4274]]]},"properties":{"kind":"roman-road","source":"itinere-roads"}},{"type":"Feature","geometry":{"type":"MultiLineString","coordinates":[[[9.241,36.4014],[9.2487,36.4122]]]},"properties":{"kind":"roman-road","source":"itinere-roads"}},{"type":"Feature","geometry":{"type":"MultiLineString","coordinates":[[[9.3758,36.4446],[9.3765,36.4472],[9.3843,36.4565],[9.4018,36.4707],[9.409,36.4746],[9.4194,36.4771],[9.444,36.4873],[9.4559,36.4888],[9.4662,36.4937],[9.4711,36.4944],[9.4759,36.4965],[9.4807,36.504],[9.487,36.5064],[9.4907,36.5049],[9.4951,36.5052],[9.5204,36.5007]]]},"properties":{"kind":"roman-road","source":"itinere-roads"}},{"type":"Feature","geometry":{"type":"MultiLineString","coordinates":[[[9.3419,36.4274],[9.3513,36.4319],[9.3557,36.4359],[9.3659,36.4419],[9.3758,36.4446]]]},"properties":{"kind":"roman-road","source":"itinere-roads"}},{"type":"Feature","geometry":{"type":"MultiLineString","coordinates":[[[9.5204,36.5007],[9.5677,36.5233],[9.5724,36.5245],[9.5875,36.5182],[9.6,36.5183],[9.6174,36.5226],[9.63,36.5326],[9.6407,36.5498],[9.6481,36.5548],[9.6704,36.5616],[9.7021,36.5778],[9.706,36.5817],[9.7066,36.586],[9.7249,36.602],[9.7362,36.6174]]]},"properties":{"kind":"roman-road","source":"itinere-roads"}},{"type":"Feature","geometry":{"type":"MultiLineString","coordinates":[[[9.7362,36.6174],[9.7501,36.6224],[9.7576,36.6275],[9.7608,36.6317],[9.7696,36.6362],[9.7789,36.6449],[9.7867,36.6472],[9.7963,36.6522],[9.7992,36.6571],[9.7977,36.6631]]]},"properties":{"kind":"roman-road","source":"itinere-roads"}},{"type":"Feature","geometry":{"type":"MultiLineString","coordinates":[[[10.4049,36.7007],[10.4316,36.6841],[10.4562,36.6592],[10.47,36.6378],[10.4987,36.6002],[10.509,36.5817],[10.5127,36.5768],[10.5215,36.5691]]]},"properties":{"kind":"roman-road","source":"itinere-roads"}},{"type":"Feature","geometry":{"type":"MultiLineString","coordinates":[[[10.556,36.3972],[10.5454,36.3872],[10.5311,36.3698],[10.5135,36.3416],[10.5002,36.3272],[10.4946,36.3239],[10.4809,36.3031],[10.476,36.2845]]]},"properties":{"kind":"roman-road","source":"itinere-roads"}},{"type":"Feature","geometry":{"type":"MultiLineString","coordinates":[[[10.5603,36.4048],[10.556,36.3972]]]},"properties":{"kind":"roman-road","source":"itinere-roads"}},{"type":"Feature","geometry":{"type":"MultiLineString","coordinates":[[[10.5659,36.4182],[10.5603,36.4048]]]},"properties":{"kind":"roman-road","source":"itinere-roads"}},{"type":"Feature","geometry":{"type":"MultiLineString","coordinates":[[[10.5215,36.5691],[10.5359,36.5555],[10.543,36.5458],[10.5592,36.5201],[10.5682,36.5081],[10.5711,36.4989],[10.5711,36.4783],[10.5684,36.4678],[10.5724,36.4381],[10.5708,36.4299],[10.5659,36.4182]]]},"properties":{"kind":"roman-road","source":"itinere-roads"}},{"type":"Feature","geometry":{"type":"MultiLineString","coordinates":[[[9.4413,36.552],[9.4468,36.5507],[9.4484,36.5422],[9.4506,36.5386],[9.4551,36.5359],[9.4612,36.5344],[9.4647,36.5243],[9.4664,36.5139]]]},"properties":{"kind":"roman-road","source":"itinere-roads"}},{"type":"Feature","geometry":{"type":"MultiLineString","coordinates":[[[9.4664,36.5139],[9.4736,36.508],[9.4781,36.5062]]]},"properties":{"kind":"roman-road","source":"itinere-roads"}},{"type":"Feature","geometry":{"type":"MultiLineString","coordinates":[[[9.8342,36.6956],[9.8484,36.7179],[9.8519,36.7203],[9.8507,36.7256],[9.8547,36.7614],[9.8541,36.7717],[9.8515,36.7823],[9.8475,36.786],[9.8463,36.7894],[9.8474,36.792],[9.8462,36.8006],[9.8483,36.809],[9.8442,36.8139],[9.8422,36.8233],[9.8387,36.8299]]]},"properties":{"kind":"roman-road","source":"itinere-roads"}},{"type":"Feature","geometry":{"type":"MultiLineString","coordinates":[[[9.9108,36.3957],[9.9121,36.3997],[9.9151,36.4033],[9.9242,36.4072],[9.9364,36.4154],[9.9461,36.426],[9.9453,36.4286],[9.954,36.4458],[9.9709,36.463],[9.9791,36.4803],[9.9806,36.4875]]]},"properties":{"kind":"roman-road","source":"itinere-roads"}},{"type":"Feature","geometry":{"type":"MultiLineString","coordinates":[[[9.9806,36.4875],[9.9865,36.493],[9.988,36.496],[9.9994,36.5004],[10.006,36.5073],[10.0142,36.5076],[10.0182,36.5123],[10.0152,36.5202],[10.0182,36.5311],[10.0215,36.5335],[10.0249,36.534],[10.0276,36.5369],[10.0448,36.5446],[10.0547,36.5457],[10.0781,36.5535],[10.0867,36.5698],[10.1069,36.5799],[10.1112,36.5857],[10.114,36.586],[10.1252,36.5927],[10.1283,36.593],[10.1437,36.6029],[10.153,36.6064]]]},"properties":{"kind":"roman-road","source":"itinere-roads"}},{"type":"Feature","geometry":{"type":"MultiLineString","coordinates":[[[10.153,36.6064],[10.1582,36.6084],[10.1688,36.6062],[10.1811,36.6075],[10.1812,36.6126],[10.1782,36.6163],[10.1768,36.6228],[10.1901,36.6405],[10.1951,36.6501],[10.1994,36.653],[10.2145,36.6718],[10.2335,36.7046],[10.2339,36.7282],[10.2325,36.7315]]]},"properties":{"kind":"roman-road","source":"itinere-roads"}},{"type":"Feature","geometry":{"type":"MultiLineString","coordinates":[[[10.2325,36.7315],[10.2247,36.7517],[10.2053,36.7737]]]},"properties":{"kind":"roman-road","source":"itinere-roads"}},{"type":"Feature","geometry":{"type":"MultiLineString","coordinates":[[[9.241,36.4014],[9.2356,36.3941],[9.2295,36.3903],[9.2277,36.3916],[9.2229,36.391],[9.2183,36.3962],[9.2153,36.4077],[9.2164,36.4203]]]},"properties":{"kind":"roman-road","source":"itinere-roads"}},{"type":"Feature","geometry":{"type":"MultiLineString","coordinates":[[[9.2164,36.4203],[9.2207,36.4229]]]},"properties":{"kind":"roman-road","source":"itinere-roads"}},{"type":"Feature","geometry":{"type":"MultiLineString","coordinates":[[[9.221,36.4233],[9.2252,36.4256],[9.2347,36.4342],[9.244,36.4381],[9.2475,36.4471],[9.2475,36.45],[9.2499,36.4539]]]},"properties":{"kind":"roman-road","source":"itinere-roads"}},{"type":"Feature","geometry":{"type":"MultiLineString","coordinates":[[[9.2207,36.4229],[9.221,36.4233]]]},"properties":{"kind":"roman-road","source":"itinere-roads"}},{"type":"Feature","geometry":{"type":"MultiLineString","coordinates":[[[9.2499,36.4539],[9.2487,36.4573]]]},"properties":{"kind":"roman-road","source":"itinere-roads"}},{"type":"Feature","geometry":{"type":"MultiLineString","coordinates":[[[9.2487,36.4122],[9.2548,36.4257],[9.2529,36.4444],[9.2486,36.4502],[9.2499,36.4539]]]},"properties":{"kind":"roman-road","source":"itinere-roads"}},{"type":"Feature","geometry":{"type":"MultiLineString","coordinates":[[[9.2487,36.4573],[9.2471,36.4593],[9.2485,36.4665],[9.2461,36.4706],[9.2492,36.4753],[9.2497,36.48],[9.2532,36.4845],[9.2534,36.4871],[9.2588,36.4907],[9.2631,36.496]]]},"properties":{"kind":"roman-road","source":"itinere-roads"}},{"type":"Feature","geometry":{"type":"MultiLineString","coordinates":[[[9.2631,36.496],[9.2771,36.5027],[9.2793,36.5059],[9.2923,36.5167],[9.2914,36.5248],[9.2918,36.529],[9.2935,36.5313],[9.2928,36.5338],[9.2971,36.5346],[9.2994,36.5384],[9.3039,36.5405],[9.3087,36.5454],[9.3077,36.5485],[9.3104,36.5526],[9.3087,36.5556]]]},"properties":{"kind":"roman-road","source":"itinere-roads"}},{"type":"Feature","geometry":{"type":"MultiLineString","coordinates":[[[9.2233,36.521],[9.2273,36.5148],[9.2251,36.5065],[9.226,36.5034],[9.2222,36.4984],[9.2217,36.493],[9.2254,36.492],[9.2271,36.4771],[9.2352,36.4671],[9.2357,36.4645]]]},"properties":{"kind":"roman-road","source":"itinere-roads"}},{"type":"Feature","geometry":{"type":"MultiLineString","coordinates":[[[9.2357,36.4645],[9.2401,36.4636],[9.2487,36.4573]]]},"properties":{"kind":"roman-road","source":"itinere-roads"}},{"type":"Feature","geometry":{"type":"MultiLineString","coordinates":[[[9.869,37.2712],[9.8576,37.2775],[9.8384,37.2799],[9.835,37.2853],[9.827,37.2873],[9.8245,37.2911],[9.8157,37.2935],[9.8018,37.2919],[9.8022,37.2964],[9.8,37.2981],[9.7873,37.2995],[9.7749,37.3026],[9.7675,37.3026],[9.7662,37.3008],[9.7631,37.3022],[9.7558,37.3015],[9.7456,37.3054],[9.7432,37.3047],[9.7394,37.3064]]]},"properties":{"kind":"roman-road","source":"itinere-roads"}},{"type":"Feature","geometry":{"type":"MultiLineString","coordinates":[[[9.9058,36.3999],[9.9134,36.4111],[9.9205,36.4165],[9.9241,36.4219],[9.9287,36.4244],[9.9255,36.4411],[9.9286,36.4521],[9.9289,36.4629],[9.9308,36.4712],[9.9432,36.4846],[9.9531,36.5008],[9.9583,36.517]]]},"properties":{"kind":"roman-road","source":"itinere-roads"}},{"type":"Feature","geometry":{"type":"MultiLineString","coordinates":[[[9.9583,36.517],[9.959,36.5206],[9.9718,36.5389],[9.9761,36.5422],[9.9863,36.5585],[9.9874,36.5645],[9.9916,36.5715],[10.003,36.5841],[10.0085,36.5857],[10.0136,36.5908],[10.0145,36.594],[10.0182,36.597],[10.0212,36.5975],[10.0326,36.6043],[10.0345,36.6092],[10.0432,36.6198],[10.0432,36.6227],[10.0502,36.6341],[10.0654,36.6522],[10.0588,36.6599],[10.0527,36.6618],[10.0343,36.6727],[10.0228,36.6738],[10.0126,36.688],[10.0038,36.696],[10.0028,36.6985],[10.0069,36.7055]]]},"properties":{"kind":"roman-road","source":"itinere-roads"}},{"type":"Feature","geometry":{"type":"MultiLineString","coordinates":[[[10.1352,36.4131],[10.1391,36.4093],[10.1445,36.3996],[10.1481,36.4002],[10.1565,36.3946],[10.1754,36.3891],[10.1776,36.3857],[10.1854,36.3813],[10.1853,36.378],[10.1947,36.3664],[10.1999,36.3642],[10.2127,36.3627],[10.2196,36.3584],[10.223,36.3527],[10.2299,36.3508],[10.2587,36.3352],[10.2636,36.3288],[10.2646,36.322],[10.2626,36.3128],[10.2675,36.292],[10.2661,36.2882],[10.2607,36.2827],[10.253,36.2695],[10.2608,36.2662],[10.2698,36.2577],[10.2817,36.2436],[10.2775,36.2247],[10.2798,36.215],[10.2789,36.2124],[10.2804,36.2058],[10.2792,36.2001],[10.2826,36.1948],[10.2802,36.1806],[10.2836,36.1791],[10.2831,36.1763],[10.285,36.1715],[10.3022,36.1651],[10.3045,36.1654],[10.3165,36.1615],[10.3187,36.1587],[10.3296,36.1559],[10.3323,36.1538],[10.3388,36.1528],[10.3503,36.1445]]]},"properties":{"kind":"roman-road","source":"itinere-roads"}},{"type":"Feature","geometry":{"type":"MultiLineString","coordinates":[[[11.0906,36.8471],[11.0853,36.8549],[11.0467,36.8854],[11.0371,36.8953],[11.0359,36.8986],[11.0247,36.9042],[11.0135,36.9199],[10.9983,36.9309],[10.9887,36.9325],[10.9854,36.935],[10.9862,36.9415],[10.9842,36.9443],[10.9836,36.9491],[10.9795,36.9552],[10.9747,36.9572],[10.9645,36.9725],[10.9651,36.978],[10.9611,36.9833],[10.9558,36.9863],[10.9489,36.9871],[10.945,36.9857],[10.9273,36.9919],[10.9155,36.9991],[10.9056,37.0017],[10.8959,37.0021]]]},"properties":{"kind":"roman-road","source":"itinere-roads"}},{"type":"Feature","geometry":{"type":"MultiLineString","coordinates":[[[10.8959,37.0021],[10.8934,36.996],[10.8926,36.9825],[10.8892,36.9777],[10.8887,36.9731],[10.8899,36.9685],[10.8896,36.9528],[10.8923,36.9479],[10.8884,36.9443],[10.8855,36.9435],[10.884,36.9402],[10.8705,36.937],[10.853,36.919],[10.8501,36.8989],[10.8488,36.8971],[10.8298,36.8896],[10.8213,36.8927],[10.8096,36.8932],[10.7985,36.892],[10.792,36.8945],[10.7849,36.8932],[10.7603,36.8833],[10.7428,36.8707],[10.7272,36.8699],[10.7249,36.8684],[10.72,36.8558],[10.7105,36.8381],[10.7053,36.8359],[10.6967,36.8384],[10.6906,36.8378],[10.6913,36.8351],[10.6873,36.8359],[10.6855,36.8338],[10.6782,36.8337],[10.6726,36.8274],[10.6669,36.8169],[10.6574,36.809],[10.6489,36.807],[10.6442,36.8141],[10.6411,36.8162],[10.6345,36.8152],[10.6235,36.8186],[10.6048,36.8338],[10.6004,36.8358],[10.5954,36.8355],[10.5887,36.8381],[10.5808,36.8385],[10.5751,36.8362],[10.5718,36.8331],[10.5741,36.8319],[10.5699,36.8285],[10.5674,36.8235],[10.5686,36.8209],[10.567,36.818],[10.568,36.8163],[10.5644,36.8114],[10.5649,36.8049],[10.5622,36.7969],[10.5627,36.7943],[10.5553,36.7931],[10.5536,36.7705],[10.5502,36.7672],[10.5508,36.7621],[10.5582,36.7493],[10.5542,36.7404],[10.5395,36.7303],[10.5291,36.7207],[10.4974,36.7037],[10.4908,36.6952]]]},"properties":{"kind":"roman-road","source":"itinere-roads"}},{"type":"Feature","geometry":{"type":"MultiLineString","coordinates":[[[8.7378,36.5406],[8.7236,36.5481],[8.7182,36.5491],[8.6987,36.565],[8.6945,36.5839],[8.6916,36.5874],[8.69,36.5929],[8.6906,36.596],[8.6848,36.597],[8.6889,36.6022],[8.6857,36.6195],[8.69,36.6319],[8.6936,36.6353],[8.6942,36.6393],[8.6989,36.6425],[8.6981,36.6544],[8.6975,36.6559],[8.6881,36.6614],[8.6851,36.6667],[8.6814,36.6689],[8.6794,36.6725],[8.6821,36.6761],[8.6798,36.6824],[8.6817,36.6874],[8.6761,36.6912],[8.6741,36.6941],[8.6732,36.6998],[8.6763,36.7011],[8.6685,36.71],[8.672,36.7139],[8.675,36.7136],[8.6794,36.7192],[8.6811,36.7329],[8.6801,36.7349],[8.6832,36.7394],[8.679,36.7441],[8.6837,36.7541],[8.682,36.7554],[8.6848,36.7617],[8.6846,36.7646],[8.6886,36.7666],[8.6894,36.7751],[8.688,36.7776]]]},"properties":{"kind":"roman-road","source":"itinere-roads"}},{"type":"Feature","geometry":{"type":"MultiLineString","coordinates":[[[8.688,36.7776],[8.6889,36.7797],[8.6864,36.7825],[8.6891,36.7892],[8.6921,36.7907],[8.6888,36.7953],[8.6765,36.7957],[8.6762,36.8002],[8.6787,36.8027],[8.6787,36.8058],[8.683,36.8094],[8.684,36.813],[8.6878,36.8168],[8.6913,36.8182],[8.6979,36.8251],[8.7013,36.8252],[8.7046,36.8285],[8.7101,36.8402],[8.7137,36.8441],[8.7145,36.8474],[8.7183,36.8498],[8.7218,36.8625],[8.7241,36.8643],[8.7282,36.8714],[8.7315,36.8727],[8.7323,36.8756],[8.7372,36.8775],[8.74,36.8815],[8.7532,36.9177]]]},"properties":{"kind":"roman-road","source":"itinere-roads"}},{"type":"Feature","geometry":{"type":"MultiLineString","coordinates":[[[8.7532,36.9177],[8.7599,36.952]]]},"properties":{"kind":"roman-road","source":"itinere-roads"}},{"type":"Feature","geometry":{"type":"MultiLineString","coordinates":[[[8.7532,36.9177],[8.7616,36.9101],[8.7686,36.9067],[8.7698,36.905],[8.7686,36.9011],[8.7689,36.8954],[8.7733,36.8941],[8.7773,36.8902],[8.7833,36.8882],[8.7849,36.8857],[8.7852,36.8799],[8.7838,36.8728],[8.793,36.8652],[8.7924,36.8621],[8.7989,36.8615],[8.8055,36.8581],[8.8106,36.8588],[8.8145,36.855],[8.8133,36.8487],[8.8246,36.8378],[8.8332,36.8373],[8.8364,36.8343],[8.8405,36.8232],[8.8469,36.8186],[8.8526,36.819],[8.8573,36.8169],[8.8603,36.8139],[8.8633,36.8133],[8.8642,36.8111],[8.8741,36.8071],[8.8797,36.7995],[8.89,36.7971],[8.8863,36.7954],[8.8858,36.7862],[8.8901,36.7831],[8.8956,36.7836],[8.8976,36.7812],[8.9003,36.7813],[8.9036,36.7848],[8.9085,36.7831],[8.9145,36.783],[8.9225,36.7866],[8.9303,36.7878],[8.9349,36.7869],[8.939,36.7842],[8.9423,36.7789],[8.9487,36.7752],[8.9707,36.7762],[8.9761,36.7751],[8.98,36.7779],[8.9863,36.7727],[8.9916,36.7648],[8.9988,36.7626],[9.0212,36.7497],[9.028,36.7391],[9.0365,36.7392]]]},"properties":{"kind":"roman-road","source":"itinere-roads"}},{"type":"Feature","geometry":{"type":"MultiLineString","coordinates":[[[9.0365,36.7392],[9.0492,36.7388],[9.0559,36.7368],[9.0566,36.7346],[9.0692,36.7249],[9.08,36.7211],[9.0966,36.7192],[9.1004,36.7166],[9.1049,36.7187],[9.1123,36.7164],[9.1335,36.7218],[9.1407,36.7254],[9.162,36.7251],[9.1715,36.7265],[9.1774,36.7239],[9.1808,36.7258],[9.1846,36.7233]]]},"properties":{"kind":"roman-road","source":"itinere-roads"}},{"type":"Feature","geometry":{"type":"MultiLineString","coordinates":[[[9.1846,36.7233],[9.1821,36.7216],[9.1772,36.7052],[9.169,36.6908],[9.1634,36.6858],[9.159,36.675],[9.1519,36.6666],[9.1487,36.6523],[9.1425,36.6428],[9.1335,36.6355],[9.1272,36.6257],[9.125,36.6247],[9.1201,36.6179],[9.1161,36.6053]]]},"properties":{"kind":"roman-road","source":"itinere-roads"}},{"type":"Feature","geometry":{"type":"MultiLineString","coordinates":[[[8.9773,36.6125],[8.9764,36.6163],[8.9811,36.6309],[8.9887,36.6373],[8.99,36.6419],[9.0052,36.6676],[9.0109,36.6731],[9.0123,36.6847],[9.0207,36.699],[9.0222,36.7065],[9.0214,36.7116],[9.0296,36.7171],[9.0396,36.7282],[9.035,36.7342],[9.0365,36.7392]]]},"properties":{"kind":"roman-road","source":"itinere-roads"}},{"type":"Feature","geometry":{"type":"MultiLineString","coordinates":[[[8.2046,36.6185],[8.2032,36.6205],[8.2027,36.6275],[8.2079,36.6433],[8.2114,36.6484],[8.223,36.6538],[8.2247,36.6593],[8.2294,36.6645],[8.2342,36.6677],[8.2373,36.6674],[8.2375,36.6701],[8.2471,36.6723],[8.2461,36.6742],[8.2466,36.681],[8.2488,36.6879],[8.2524,36.6921],[8.2579,36.6942],[8.2661,36.705],[8.2753,36.7079],[8.2796,36.7304],[8.2883,36.7439],[8.3117,36.7614],[8.3141,36.7608],[8.3266,36.7658],[8.3392,36.7653],[8.3483,36.7626],[8.3581,36.7643],[8.364,36.767],[8.3684,36.7701],[8.3765,36.7791],[8.4094,36.821],[8.4202,36.8275],[8.4269,36.8378],[8.432,36.8519],[8.4443,36.8624],[8.4436,36.878],[8.4406,36.8838],[8.4416,36.8953]]]},"properties":{"kind":"roman-road","source":"itinere-roads"}},{"type":"Feature","geometry":{"type":"MultiLineString","coordinates":[[[8.2052,36.6174],[8.2101,36.6189],[8.219,36.6164],[8.23,36.6169],[8.2344,36.6117],[8.2488,36.6032],[8.2574,36.6035],[8.2606,36.6065],[8.2663,36.6028],[8.2713,36.6026],[8.2752,36.6039],[8.2971,36.5973],[8.3022,36.607],[8.3138,36.613],[8.328,36.6151],[8.3318,36.6181],[8.3428,36.6198],[8.345,36.6184],[8.3491,36.6206],[8.3505,36.623],[8.3497,36.6295],[8.3466,36.6317],[8.3434,36.6396],[8.3503,36.6439],[8.3576,36.6508],[8.3747,36.6541],[8.382,36.6583],[8.3868,36.6586],[8.391,36.6632],[8.4041,36.6688],[8.4157,36.6686],[8.4196,36.671],[8.4345,36.6701],[8.4393,36.6728],[8.4442,36.6732],[8.4444,36.6769],[8.4525,36.6758],[8.453,36.6783],[8.4566,36.6789],[8.4617,36.6777],[8.466,36.679],[8.4675,36.6812],[8.4772,36.6839],[8.4829,36.6869],[8.4837,36.6913],[8.4869,36.6946],[8.4875,36.6971],[8.4988,36.7022],[8.5007,36.706],[8.5052,36.7084],[8.5103,36.7153],[8.5101,36.7168],[8.5135,36.7195],[8.5184,36.7191],[8.519,36.7227],[8.5232,36.7218],[8.5268,36.7275],[8.5248,36.7292],[8.5297,36.7323],[8.5345,36.7378],[8.534,36.7397],[8.54,36.7473],[8.5459,36.7471],[8.5498,36.7487],[8.5571,36.7491],[8.5638,36.7442],[8.5716,36.7428],[8.5728,36.741],[8.5792,36.7411],[8.5884,36.7451],[8.5961,36.7463],[8.6019,36.7443],[8.6036,36.7448],[8.6078,36.7417],[8.6158,36.741],[8.6206,36.7375],[8.6226,36.7392],[8.6271,36.7383],[8.6298,36.7411],[8.637,36.7416],[8.6386,36.7435],[8.646,36.744],[8.6499,36.7423],[8.665,36.7451],[8.6691,36.7528],[8.6692,36.7573],[8.6661,36.7585],[8.6652,36.7607],[8.6682,36.7703],[8.6719,36.7752],[8.6739,36.776],[8.6764,36.7742],[8.6832,36.7739],[8.688,36.7776]]]},"properties":{"kind":"roman-road","source":"itinere-roads"}},{"type":"Feature","geometry":{"type":"MultiLineString","coordinates":[[[9.1846,36.7233],[9.1881,36.7265],[9.1867,36.7286],[9.1901,36.7329],[9.2,36.7395]]]},"properties":{"kind":"roman-road","source":"itinere-roads"}},{"type":"Feature","geometry":{"type":"MultiLineString","coordinates":[[[9.2,36.7395],[9.1998,36.7418],[9.2026,36.7458],[9.1942,36.7577],[9.1955,36.7649],[9.1883,36.7738],[9.1837,36.7746],[9.182,36.788],[9.1824,36.7966],[9.1851,36.8011],[9.1864,36.8149],[9.1853,36.8192],[9.1876,36.8254],[9.1871,36.8283],[9.192,36.8345],[9.1971,36.8376],[9.2008,36.8437],[9.2121,36.8524],[9.2127,36.8564],[9.2147,36.8589],[9.2138,36.8672],[9.2078,36.8714],[9.2054,36.8716],[9.2021,36.876],[9.1987,36.8781],[9.1965,36.8837],[9.1974,36.8887],[9.1956,36.8916],[9.1828,36.8969],[9.1804,36.899],[9.1682,36.8986],[9.1648,36.9013],[9.1544,36.9038],[9.1468,36.9077],[9.1371,36.9025],[9.1317,36.9017],[9.1237,36.9033],[9.1161,36.9024],[9.1096,36.9038],[9.1081,36.9056],[9.1086,36.911],[9.1098,36.9114],[9.1075,36.9178],[9.1049,36.9372],[9.1,36.9446],[9.0994,36.9476],[9.0953,36.9509],[9.0906,36.9577],[9.0877,36.9651],[9.0817,36.9727],[9.0806,36.9813],[9.0816,36.9839],[9.0728,36.995],[9.065,36.9979]]]},"properties":{"kind":"roman-road","source":"itinere-roads"}},{"type":"Feature","geometry":{"type":"MultiLineString","coordinates":[[[9.7602,37.2442],[9.7565,37.2375],[9.7494,37.2309],[9.7441,37.2228],[9.7444,37.2197],[9.7481,37.2138],[9.7629,37.193],[9.7643,37.1866],[9.7634,37.178],[9.7595,37.1732],[9.7553,37.1528],[9.7498,37.1391],[9.7408,37.1259],[9.7339,37.1207],[9.7271,37.1133],[9.6985,37.0947],[9.6857,37.056],[9.6796,37.0446],[9.6808,37.0381]]]},"properties":{"kind":"roman-road","source":"itinere-roads"}},{"type":"Feature","geometry":{"type":"MultiLineString","coordinates":[[[9.6808,37.0381],[9.6678,37.0385]]]},"properties":{"kind":"roman-road","source":"itinere-roads"}},{"type":"Feature","geometry":{"type":"MultiLineString","coordinates":[[[9.6642,37.0391],[9.6603,37.0357],[9.6452,37.0314],[9.6384,37.0164],[9.6267,37.0098],[9.6207,37.0107],[9.6171,37.0098],[9.6133,37.0064],[9.6116,36.9976],[9.6092,36.9949],[9.6038,36.9947],[9.5985,36.9907],[9.5887,36.9901],[9.5869,36.9864],[9.5841,36.9856],[9.5792,36.9782],[9.5733,36.9739],[9.5552,36.9658],[9.5509,36.9657],[9.5402,36.9589],[9.5352,36.9587],[9.5267,36.962],[9.5212,36.9595],[9.4976,36.9606],[9.4848,36.953],[9.4759,36.9507],[9.4741,36.9476],[9.4742,36.9308],[9.4569,36.9134],[9.4422,36.8919],[9.4295,36.8809],[9.4209,36.8762],[9.4174,36.8708],[9.411,36.8692],[9.4097,36.8707],[9.3987,36.8679],[9.3894,36.868],[9.3774,36.8586],[9.3817,36.8573],[9.3845,36.8523],[9.3803,36.8401],[9.3771,36.8371],[9.3784,36.8336],[9.3731,36.8254],[9.37,36.8235],[9.3667,36.8191],[9.3597,36.814],[9.3499,36.8105],[9.3438,36.8018],[9.3425,36.7964],[9.3389,36.7952],[9.3355,36.791],[9.3195,36.7828],[9.2945,36.7783],[9.2875,36.7782],[9.2813,36.7804],[9.2688,36.781],[9.2469,36.7734],[9.2183,36.7559],[9.2,36.7395]]]},"properties":{"kind":"roman-road","source":"itinere-roads"}},{"type":"Feature","geometry":{"type":"MultiLineString","coordinates":[[[9.6678,37.0385],[9.6642,37.0391]]]},"properties":{"kind":"roman-road","source":"itinere-roads"}},{"type":"Feature","geometry":{"type":"MultiLineString","coordinates":[[[9.6642,37.0391],[9.662,37.0413],[9.6077,37.0623],[9.5433,37.1017],[9.54,37.1071],[9.5458,37.1192],[9.5608,37.1586],[9.5616,37.1643],[9.5682,37.1717],[9.5759,37.1841],[9.5787,37.1923],[9.5828,37.1947]]]},"properties":{"kind":"roman-road","source":"itinere-roads"}},{"type":"Feature","geometry":{"type":"MultiLineString","coordinates":[[[9.9356,36.8505],[9.9466,36.8988],[9.9451,36.919],[9.9272,36.9504],[9.9253,36.9588],[9.9194,36.9677],[9.9121,36.9763],[9.8994,36.9878],[9.866,37.0138],[9.862,37.018],[9.8604,37.0223]]]},"properties":{"kind":"roman-road","source":"itinere-roads"}},{"type":"Feature","geometry":{"type":"MultiLineString","coordinates":[[[9.8604,37.0223],[9.8569,37.0235],[9.8388,37.023],[9.83,37.0242],[9.7765,37.0182],[9.7519,37.009],[9.7383,37.0086],[9.7242,37.0137],[9.7137,37.0142],[9.706,37.023],[9.6808,37.0381]]]},"properties":{"kind":"roman-road","source":"itinere-roads"}},{"type":"Feature","geometry":{"type":"MultiLineString","coordinates":[[[10.0011,37.0901],[9.9993,37.0978],[9.9949,37.1044],[9.9945,37.1162],[9.9917,37.1251],[9.9933,37.1322],[9.9925,37.1367],[9.9846,37.1445],[9.9836,37.1486],[9.9801,37.1543],[9.974,37.1585],[9.9711,37.1623],[9.9651,37.1724],[9.9594,37.179],[9.9547,37.1891]]]},"properties":{"kind":"roman-road","source":"itinere-roads"}},{"type":"Feature","geometry":{"type":"MultiLineString","coordinates":[[[9.9547,37.1891],[9.9548,37.1939],[9.9493,37.2003],[9.9453,37.2081]]]},"properties":{"kind":"roman-road","source":"itinere-roads"}},{"type":"Feature","geometry":{"type":"MultiLineString","coordinates":[[[9.8604,37.0223],[9.8611,37.0242],[9.8663,37.028],[9.8682,37.0319],[9.8679,37.0375],[9.8636,37.0437],[9.8623,37.0482],[9.8633,37.0553],[9.8686,37.0619],[9.8694,37.0657],[9.8731,37.0686],[9.883,37.0719],[9.8932,37.0776],[9.8937,37.0794],[9.9066,37.0825],[9.9113,37.09],[9.9157,37.0932],[9.9179,37.0977],[9.9164,37.1012],[9.9135,37.1021],[9.9098,37.1054],[9.9101,37.1072],[9.9035,37.1123],[9.9048,37.1189],[9.9066,37.123],[9.9159,37.1246],[9.9242,37.1295],[9.9307,37.1384],[9.93,37.1419],[9.932,37.145],[9.9295,37.15],[9.9347,37.1512],[9.9414,37.1682],[9.9457,37.1742],[9.9492,37.1768],[9.9501,37.1831],[9.9547,37.1891]]]},"properties":{"kind":"roman-road","source":"itinere-roads"}},{"type":"Feature","geometry":{"type":"MultiLineString","coordinates":[[[9.8387,36.8299],[9.836,36.8367],[9.8242,36.851],[9.8223,36.8572],[9.8128,36.866],[9.8054,36.8696],[9.802,36.876],[9.7826,36.8858],[9.7772,36.8918],[9.7716,36.8901],[9.7554,36.8912],[9.7459,36.8887],[9.7373,36.8892],[9.7363,36.8947],[9.7266,36.9054],[9.7221,36.9146],[9.7213,36.9275],[9.7176,36.9422],[9.7195,36.9597],[9.7188,36.9649],[9.7169,36.9668],[9.69,36.9795],[9.6821,36.9866],[9.681,36.99],[9.6721,37.0022],[9.6687,37.0155],[9.6616,37.0277]]]},"properties":{"kind":"roman-road","source":"itinere-roads"}},{"type":"Feature","geometry":{"type":"MultiLineString","coordinates":[[[9.6616,37.0277],[9.6648,37.031],[9.6678,37.0385]]]},"properties":{"kind":"roman-road","source":"itinere-roads"}},{"type":"Feature","geometry":{"type":"MultiLineString","coordinates":[[[9.6616,37.0277],[9.6576,37.0206],[9.6519,37.0151],[9.644,36.9968],[9.6435,36.9851],[9.6389,36.9739],[9.6343,36.968],[9.6322,36.9494],[9.6307,36.9486],[9.6278,36.9417],[9.63,36.9352],[9.6165,36.908],[9.6149,36.9017],[9.6049,36.8948],[9.6008,36.8836],[9.602,36.8751],[9.5986,36.8667],[9.5804,36.857],[9.5938,36.8431]]]},"properties":{"kind":"roman-road","source":"itinere-roads"}},{"type":"Feature","geometry":{"type":"MultiLineString","coordinates":[[[9.5938,36.8431],[9.5971,36.8379],[9.5965,36.8257],[9.5922,36.8139],[9.5897,36.8116],[9.5878,36.8072],[9.598,36.7954],[9.599,36.7903],[9.6022,36.7879],[9.6067,36.7877],[9.6105,36.7831],[9.6091,36.7766],[9.6096,36.7731],[9.6124,36.7715],[9.6201,36.7731],[9.648,36.7579],[9.6683,36.7557],[9.6703,36.7543],[9.6645,36.739],[9.667,36.7262]]]},"properties":{"kind":"roman-road","source":"itinere-roads"}},{"type":"Feature","geometry":{"type":"MultiLineString","coordinates":[[[9.607,36.6495],[9.6012,36.6521],[9.5722,36.6781],[9.5594,36.6908],[9.5561,36.6963],[9.5547,36.7015],[9.548,36.7109],[9.5427,36.7122],[9.5439,36.7179],[9.5426,36.72],[9.5429,36.7269],[9.5401,36.7322],[9.5359,36.7336],[9.5331,36.7367],[9.5327,36.7407],[9.5347,36.7482],[9.5361,36.7493],[9.5349,36.753],[9.5351,36.7587],[9.5319,36.7602],[9.5298,36.772],[9.5234,36.7747],[9.5236,36.7816],[9.5289,36.7849],[9.5521,36.8055],[9.5697,36.8134],[9.5742,36.8234],[9.5938,36.8431]]]},"properties":{"kind":"roman-road","source":"itinere-roads"}},{"type":"Feature","geometry":{"type":"MultiLineString","coordinates":[[[8.1944,36.545],[8.187,36.5443],[8.183,36.547],[8.1752,36.5433],[8.1739,36.5402],[8.1674,36.5379],[8.164,36.5317],[8.1619,36.5303],[8.1535,36.5306],[8.1423,36.5263],[8.138,36.5263],[8.1335,36.5227],[8.1284,36.5214],[8.1227,36.5229],[8.1121,36.5227],[8.1093,36.5156],[8.1097,36.5131],[8.1061,36.5087],[8.1067,36.5061],[8.1049,36.4999],[8.1053,36.4954],[8.1091,36.4907],[8.1103,36.4855],[8.1129,36.4818],[8.1046,36.4718],[8.1059,36.4682],[8.1145,36.4706],[8.1174,36.4674],[8.1195,36.4604],[8.1232,36.4584],[8.1253,36.4547],[8.1163,36.4471],[8.1154,36.4437],[8.1085,36.4388],[8.1088,36.4371],[8.0991,36.4253],[8.0945,36.4244],[8.0893,36.4152],[8.0852,36.4116],[8.0846,36.4071],[8.0813,36.4065],[8.075,36.4018],[8.0756,36.3992],[8.0725,36.3907],[8.0701,36.3877],[8.0616,36.3864],[8.0576,36.383],[8.0593,36.3821],[8.0581,36.3773],[8.0527,36.3749],[8.0544,36.3709],[8.047,36.3626],[8.0431,36.3627],[8.0413,36.3599],[8.0358,36.359],[8.0342,36.36],[8.028,36.3583],[8.025,36.3552],[8.0092,36.3506],[8.0087,36.345],[8.0116,36.3437],[8.011,36.3386],[8.0087,36.3357],[8.009,36.331],[8.0058,36.3284],[8.0076,36.3248],[8.0022,36.3237],[8.0023,36.3206],[8.0055,36.318],[8.0062,36.3144],[8.0093,36.3098],[8.0071,36.3054],[7.9984,36.2963],[7.9919,36.2949],[7.9893,36.2925],[7.9867,36.2934],[7.9854,36.2967],[7.9768,36.294],[7.9746,36.2906],[7.9714,36.2887],[7.968,36.2889],[7.9605,36.2852],[7.9517,36.2849]]]},"properties":{"kind":"roman-road","source":"itinere-roads"}},{"type":"Feature","geometry":{"type":"MultiLineString","coordinates":[[[8.3298,36.2298],[8.3355,36.2332],[8.34,36.2377],[8.3374,36.2407],[8.3393,36.2419],[8.3398,36.2452],[8.3385,36.248],[8.3397,36.2623],[8.3364,36.2633],[8.338,36.2684],[8.3376,36.2757],[8.3404,36.2834],[8.3404,36.2899],[8.3484,36.2914],[8.3529,36.2976],[8.3523,36.3029],[8.3598,36.3093],[8.3599,36.3139],[8.3659,36.3179],[8.371,36.3248],[8.3667,36.3283],[8.3684,36.3326],[8.3654,36.3332],[8.362,36.3376],[8.365,36.3429],[8.3646,36.3496],[8.3677,36.3553],[8.3756,36.361],[8.3811,36.3697],[8.3809,36.3716],[8.3854,36.3801],[8.3886,36.3906],[8.3966,36.3958],[8.3959,36.3988],[8.3974,36.4003],[8.3947,36.4046],[8.3963,36.4068],[8.3993,36.4065],[8.406,36.4113],[8.4082,36.4104],[8.4122,36.4133],[8.4147,36.4177],[8.4202,36.4198],[8.4221,36.4232],[8.4196,36.4272],[8.4201,36.4317],[8.4285,36.4418],[8.442,36.4504],[8.4595,36.4572],[8.541,36.4677],[8.5497,36.4679]]]},"properties":{"kind":"roman-road","source":"itinere-roads"}},{"type":"Feature","geometry":{"type":"MultiLineString","coordinates":[[[8.571,36.4794],[8.5721,36.4868],[8.5705,36.4885],[8.573,36.4906],[8.572,36.4926]]]},"properties":{"kind":"roman-road","source":"itinere-roads"}},{"type":"Feature","geometry":{"type":"MultiLineString","coordinates":[[[8.5497,36.4679],[8.5615,36.48],[8.571,36.4794]]]},"properties":{"kind":"roman-road","source":"itinere-roads"}},{"type":"Feature","geometry":{"type":"MultiLineString","coordinates":[[[8.793,36.2363],[8.7909,36.2383],[8.7943,36.2393],[8.796,36.2416],[8.7973,36.248],[8.8023,36.2557],[8.8019,36.2646],[8.8039,36.2691],[8.7973,36.2708],[8.7914,36.2778],[8.7933,36.2804],[8.7918,36.2825],[8.7912,36.289],[8.7785,36.2952],[8.7741,36.3101],[8.7784,36.3197],[8.7787,36.3256],[8.7901,36.3363],[8.7948,36.3507],[8.7926,36.3543],[8.7725,36.3623],[8.768,36.3657],[8.7659,36.3713],[8.7595,36.3719],[8.7582,36.3748],[8.7632,36.3783],[8.7643,36.3804],[8.7595,36.3855],[8.7479,36.406]]]},"properties":{"kind":"roman-road","source":"itinere-roads"}},{"type":"Feature","geometry":{"type":"MultiLineString","coordinates":[[[8.7479,36.406],[8.7524,36.4096],[8.7519,36.4162],[8.748,36.4195],[8.7332,36.4256],[8.7102,36.4491],[8.6766,36.4528]]]},"properties":{"kind":"roman-road","source":"itinere-roads"}},{"type":"Feature","geometry":{"type":"MultiLineString","coordinates":[[[8.6766,36.4528],[8.6798,36.4627],[8.69,36.4824],[8.7002,36.4863],[8.7096,36.4936],[8.7202,36.4967],[8.7238,36.5009],[8.7399,36.5123],[8.7406,36.517],[8.7447,36.5245],[8.745,36.529],[8.7419,36.5321],[8.7378,36.5406]]]},"properties":{"kind":"roman-road","source":"itinere-roads"}},{"type":"Feature","geometry":{"type":"MultiLineString","coordinates":[[[8.5796,36.3399],[8.5831,36.3392],[8.5941,36.3447],[8.6249,36.354],[8.6423,36.3537],[8.6462,36.3561],[8.6458,36.3603],[8.6514,36.3695],[8.6553,36.3725],[8.6664,36.3742],[8.6806,36.3698],[8.6948,36.372],[8.6984,36.3712],[8.7079,36.3795],[8.7262,36.3908],[8.7313,36.3917],[8.7368,36.3948],[8.7395,36.4008],[8.7433,36.4011],[8.7479,36.406]]]},"properties":{"kind":"roman-road","source":"itinere-roads"}},{"type":"Feature","geometry":{"type":"MultiLineString","coordinates":[[[8.5159,36.317],[8.5144,36.3185],[8.515,36.326],[8.5189,36.329],[8.5233,36.3368],[8.5213,36.3446],[8.5234,36.3469],[8.521,36.3493],[8.521,36.3545],[8.5231,36.3601],[8.5192,36.3623],[8.5187,36.3719],[8.5164,36.3748],[8.5162,36.3796],[8.5176,36.3833],[8.5227,36.3865],[8.528,36.3869],[8.5343,36.3932],[8.5333,36.4012],[8.5354,36.4109],[8.5351,36.4133],[8.5318,36.4171],[8.5344,36.4232],[8.5379,36.4269],[8.5397,36.4324],[8.5439,36.4373],[8.5478,36.4567],[8.5519,36.4645],[8.5497,36.4679]]]},"properties":{"kind":"roman-road","source":"itinere-roads"}},{"type":"Feature","geometry":{"type":"MultiLineString","coordinates":[[[8.6766,36.4528],[8.6555,36.453],[8.6127,36.4694],[8.5961,36.4719],[8.59,36.4769],[8.571,36.4794]]]},"properties":{"kind":"roman-road","source":"itinere-roads"}},{"type":"Feature","geometry":{"type":"MultiLineString","coordinates":[[[9.034,36.3252],[9.0222,36.342],[9.0196,36.349],[9.0157,36.3521],[8.9984,36.3607],[8.9809,36.3763],[8.9663,36.3956],[8.961,36.3955],[8.9528,36.4064],[8.9353,36.4147],[8.9227,36.429],[8.9102,36.4394],[8.903,36.4476],[8.9022,36.4529],[8.8839,36.4727],[8.8794,36.477],[8.8605,36.4879],[8.8512,36.4991],[8.8437,36.5118],[8.8202,36.5218],[8.7946,36.5386],[8.7705,36.5481],[8.7642,36.5539],[8.7546,36.557]]]},"properties":{"kind":"roman-road","source":"itinere-roads"}},{"type":"Feature","geometry":{"type":"MultiLineString","coordinates":[[[9.034,36.3252],[9.0473,36.3377],[9.0512,36.3396],[9.0493,36.343],[9.0512,36.3528],[9.0541,36.3609],[9.0572,36.364],[9.0581,36.3708],[9.0563,36.3748],[9.0529,36.3778],[9.0532,36.3805],[9.0581,36.3833],[9.06,36.3876],[9.0735,36.3991],[9.08,36.4077],[9.0852,36.4089],[9.0917,36.4185],[9.1064,36.4247],[9.117,36.4259],[9.1234,36.4295]]]},"properties":{"kind":"roman-road","source":"itinere-roads"}},{"type":"Feature","geometry":{"type":"MultiLineString","coordinates":[[[9.1832,36.4581],[9.1862,36.4624],[9.1957,36.4651],[9.1977,36.4636],[9.2028,36.4659],[9.205,36.4711]]]},"properties":{"kind":"roman-road","source":"itinere-roads"}},{"type":"Feature","geometry":{"type":"MultiLineString","coordinates":[[[9.1234,36.4295],[9.13,36.4315]]]},"properties":{"kind":"roman-road","source":"itinere-roads"}},{"type":"Feature","geometry":{"type":"MultiLineString","coordinates":[[[9.13,36.4315],[9.1389,36.4362],[9.1412,36.44],[9.157,36.4485],[9.1832,36.4581]]]},"properties":{"kind":"roman-road","source":"itinere-roads"}},{"type":"Feature","geometry":{"type":"MultiLineString","coordinates":[[[9.1277,36.3282],[9.1246,36.3317],[9.1258,36.3343],[9.1233,36.3527],[9.1176,36.3584],[9.1174,36.3608],[9.1138,36.3624],[9.1138,36.365],[9.1105,36.3681],[9.1103,36.3719],[9.1083,36.3753],[9.1112,36.3775],[9.1174,36.3767],[9.1187,36.379],[9.117,36.3841],[9.1174,36.3872],[9.1327,36.4084]]]},"properties":{"kind":"roman-road","source":"itinere-roads"}},{"type":"Feature","geometry":{"type":"MultiLineString","coordinates":[[[9.1327,36.4084],[9.1286,36.4116],[9.1255,36.4222],[9.1259,36.4244],[9.1234,36.4295]]]},"properties":{"kind":"roman-road","source":"itinere-roads"}},{"type":"Feature","geometry":{"type":"MultiLineString","coordinates":[[[9.221,36.4233],[9.2216,36.4253],[9.2172,36.4287],[9.2104,36.4311],[9.2093,36.4387]]]},"properties":{"kind":"roman-road","source":"itinere-roads"}},{"type":"Feature","geometry":{"type":"MultiLineString","coordinates":[[[9.2093,36.4387],[9.2145,36.4426],[9.231,36.4511],[9.2487,36.4573]]]},"properties":{"kind":"roman-road","source":"itinere-roads"}},{"type":"Feature","geometry":{"type":"MultiLineString","coordinates":[[[9.176,36.358],[9.1843,36.3756]]]},"properties":{"kind":"roman-road","source":"itinere-roads"}},{"type":"Feature","geometry":{"type":"MultiLineString","coordinates":[[[9.1843,36.3756],[9.187,36.3805],[9.1881,36.386],[9.1871,36.3941]]]},"properties":{"kind":"roman-road","source":"itinere-roads"}},{"type":"Feature","geometry":{"type":"MultiLineString","coordinates":[[[9.1871,36.3941],[9.1838,36.4099]]]},"properties":{"kind":"roman-road","source":"itinere-roads"}},{"type":"Feature","geometry":{"type":"MultiLineString","coordinates":[[[9.1838,36.4099],[9.1938,36.4156],[9.2106,36.4203]]]},"properties":{"kind":"roman-road","source":"itinere-roads"}},{"type":"Feature","geometry":{"type":"MultiLineString","coordinates":[[[9.2106,36.4203],[9.2164,36.4203]]]},"properties":{"kind":"roman-road","source":"itinere-roads"}},{"type":"Feature","geometry":{"type":"MultiLineString","coordinates":[[[9.1327,36.4084],[9.1411,36.4121],[9.144,36.4119],[9.1481,36.4151],[9.1553,36.4157],[9.1594,36.4194],[9.1733,36.4219],[9.1808,36.4248]]]},"properties":{"kind":"roman-road","source":"itinere-roads"}},{"type":"Feature","geometry":{"type":"MultiLineString","coordinates":[[[9.1954,36.4381],[9.2031,36.4401],[9.2093,36.4387]]]},"properties":{"kind":"roman-road","source":"itinere-roads"}},{"type":"Feature","geometry":{"type":"MultiLineString","coordinates":[[[9.1808,36.4248],[9.1876,36.4301],[9.1893,36.4351],[9.1954,36.4381]]]},"properties":{"kind":"roman-road","source":"itinere-roads"}},{"type":"Feature","geometry":{"type":"MultiLineString","coordinates":[[[9.1838,36.4099],[9.1832,36.421],[9.1808,36.4248]]]},"properties":{"kind":"roman-road","source":"itinere-roads"}},{"type":"Feature","geometry":{"type":"MultiLineString","coordinates":[[[9.2357,36.4645],[9.2304,36.4641],[9.2172,36.4692],[9.205,36.4711]]]},"properties":{"kind":"roman-road","source":"itinere-roads"}},{"type":"Feature","geometry":{"type":"MultiLineString","coordinates":[[[9.205,36.4711],[9.1958,36.4757],[9.1934,36.4781],[9.1726,36.4759],[9.171,36.4773],[9.1717,36.4804],[9.1702,36.4852]]]},"properties":{"kind":"roman-road","source":"itinere-roads"}},{"type":"Feature","geometry":{"type":"MultiLineString","coordinates":[[[9.1702,36.4852],[9.1663,36.4877],[9.1609,36.4944],[9.1609,36.4976],[9.1492,36.4958],[9.1486,36.4977],[9.1352,36.5007],[9.133,36.5031],[9.1307,36.5008],[9.1278,36.504],[9.1233,36.5042],[9.1218,36.5076],[9.1182,36.5101]]]},"properties":{"kind":"roman-road","source":"itinere-roads"}},{"type":"Feature","geometry":{"type":"MultiLineString","coordinates":[[[9.1182,36.5101],[9.1142,36.5173],[9.102,36.5228],[9.0977,36.537],[9.0952,36.5376],[9.095,36.5415],[9.0921,36.5434],[9.0882,36.543],[9.0922,36.5482],[9.0901,36.5499],[9.0927,36.5531],[9.0961,36.5538],[9.0942,36.5566],[9.0965,36.5587],[9.0941,36.5902],[9.095,36.5923],[9.1071,36.5992],[9.1108,36.6041]]]},"properties":{"kind":"roman-road","source":"itinere-roads"}},{"type":"Feature","geometry":{"type":"MultiLineString","coordinates":[[[9.1182,36.5101],[9.0705,36.5107],[9.0655,36.5137],[9.0619,36.5139],[9.0339,36.5257],[9.0318,36.5302],[9.0096,36.546],[9.0077,36.5529],[9.0021,36.5616],[8.9819,36.5844],[8.9653,36.5995],[8.9736,36.6105],[8.9765,36.612]]]},"properties":{"kind":"roman-road","source":"itinere-roads"}},{"type":"Feature","geometry":{"type":"MultiLineString","coordinates":[[[9.2233,36.521],[9.2195,36.5271],[9.2169,36.5349],[9.2204,36.5447],[9.2274,36.5482],[9.233,36.5536],[9.2396,36.5561],[9.2389,36.5612],[9.2329,36.568],[9.2342,36.5782],[9.2326,36.581],[9.2346,36.5847],[9.233,36.5897],[9.2344,36.5928],[9.2279,36.5988],[9.2252,36.5987],[9.2217,36.6097],[9.216,36.6116],[9.2124,36.6164],[9.2129,36.6216],[9.2071,36.6209],[9.2026,36.6248],[9.1961,36.6374],[9.2056,36.6427]]]},"properties":{"kind":"roman-road","source":"itinere-roads"}},{"type":"Feature","geometry":{"type":"MultiLineString","coordinates":[[[9.2056,36.6427],[9.2091,36.6461],[9.2102,36.6491],[9.209,36.6618],[9.2122,36.6761],[9.2097,36.6881],[9.207,36.691],[9.202,36.6931],[9.1985,36.6972],[9.1989,36.7002],[9.1946,36.7085],[9.1937,36.7168],[9.1846,36.7233]]]},"properties":{"kind":"roman-road","source":"itinere-roads"}},{"type":"Feature","geometry":{"type":"MultiLineString","coordinates":[[[9.2487,36.4573],[9.255,36.4578],[9.2627,36.4632],[9.2724,36.4663],[9.2846,36.4686]]]},"properties":{"kind":"roman-road","source":"itinere-roads"}},{"type":"Feature","geometry":{"type":"MultiLineString","coordinates":[[[9.3087,36.5556],[9.313,36.5556],[9.3216,36.5476],[9.3312,36.5467],[9.337,36.5498],[9.3455,36.5493],[9.3517,36.551],[9.3546,36.5494],[9.3711,36.5483],[9.373,36.5496],[9.3887,36.5507],[9.3982,36.5482],[9.4039,36.5486],[9.4091,36.5439]]]},"properties":{"kind":"roman-road","source":"itinere-roads"}},{"type":"Feature","geometry":{"type":"MultiLineString","coordinates":[[[9.4091,36.5439],[9.4157,36.5393],[9.4234,36.541],[9.433,36.5352],[9.4372,36.5349],[9.4397,36.5284],[9.4488,36.5214],[9.4597,36.5158],[9.4664,36.5139]]]},"properties":{"kind":"roman-road","source":"itinere-roads"}},{"type":"Feature","geometry":{"type":"MultiLineString","coordinates":[[[9.1702,36.4852],[9.1806,36.4974],[9.1807,36.4999],[9.1841,36.5059],[9.1889,36.5094],[9.1983,36.5127],[9.2063,36.5174],[9.2233,36.521]]]},"properties":{"kind":"roman-road","source":"itinere-roads"}},{"type":"Feature","geometry":{"type":"MultiLineString","coordinates":[[[9.4513,36.5564],[9.4449,36.5606],[9.4393,36.5729],[9.4401,36.5769],[9.4427,36.5802],[9.4396,36.5859],[9.4411,36.5923],[9.4368,36.6094],[9.4293,36.6153],[9.4208,36.6185],[9.4186,36.6278],[9.4075,36.6403],[9.4078,36.6446],[9.4107,36.6504],[9.4116,36.6605],[9.4084,36.6668],[9.4069,36.6744]]]},"properties":{"kind":"roman-road","source":"itinere-roads"}},{"type":"Feature","geometry":{"type":"MultiLineString","coordinates":[[[9.9583,36.517],[9.9399,36.5157],[9.9276,36.5081],[9.9201,36.5069],[9.9162,36.5086],[9.9001,36.5239],[9.8942,36.5237],[9.8816,36.5319],[9.8707,36.5359],[9.8657,36.5408],[9.8542,36.5418],[9.8468,36.5368],[9.839,36.5338],[9.8198,36.5295],[9.8099,36.5294],[9.8063,36.5339],[9.7914,36.5449],[9.7877,36.5493],[9.7865,36.553],[9.7779,36.5609],[9.772,36.5712],[9.7666,36.5773],[9.7661,36.5802],[9.7474,36.5915],[9.7476,36.6022],[9.7456,36.6075],[9.7362,36.6174]]]},"properties":{"kind":"roman-road","source":"itinere-roads"}},{"type":"Feature","geometry":{"type":"MultiLineString","coordinates":[[[10.7356,36.4513],[10.7329,36.456],[10.7062,36.4735],[10.6973,36.489],[10.6841,36.4985],[10.681,36.502],[10.671,36.5055],[10.6664,36.5097],[10.6565,36.5138],[10.612,36.5453],[10.5911,36.5553],[10.578,36.5579],[10.5685,36.5614],[10.559,36.567],[10.5533,36.5675],[10.5377,36.5731],[10.5296,36.5732],[10.5215,36.5691]]]},"properties":{"kind":"roman-road","source":"itinere-roads"}},{"type":"Feature","geometry":{"type":"MultiLineString","coordinates":[[[10.3018,36.3463],[10.3035,36.3543],[10.3065,36.3594],[10.3096,36.3746],[10.3056,36.3921],[10.301,36.3996],[10.3022,36.405],[10.301,36.4171]]]},"properties":{"kind":"roman-road","source":"itinere-roads"}},{"type":"Feature","geometry":{"type":"MultiLineString","coordinates":[[[10.301,36.4171],[10.2926,36.4264],[10.2896,36.4323],[10.2865,36.4435],[10.2801,36.4471],[10.2786,36.451],[10.2811,36.4523],[10.2803,36.4552],[10.2765,36.4598],[10.2762,36.4624],[10.2789,36.4649],[10.2804,36.4738],[10.2875,36.4859],[10.2941,36.4923],[10.3006,36.4931],[10.305,36.4957],[10.3105,36.5082],[10.3098,36.511],[10.3134,36.5142],[10.3165,36.5198],[10.3157,36.5232],[10.3205,36.5284],[10.3217,36.5315],[10.3203,36.5355],[10.3154,36.5401],[10.3166,36.5428],[10.3198,36.5447],[10.3168,36.5482],[10.3133,36.5572],[10.3132,36.5624],[10.3162,36.5756],[10.3157,36.582],[10.3133,36.5858],[10.309,36.5874],[10.3041,36.5919],[10.3029,36.5973],[10.304,36.6194],[10.3021,36.625],[10.3034,36.6315],[10.3022,36.6343],[10.3029,36.6393],[10.2997,36.6517],[10.2939,36.6595],[10.288,36.6797],[10.264,36.7152],[10.2564,36.7233],[10.2508,36.7269],[10.2325,36.7315]]]},"properties":{"kind":"roman-road","source":"itinere-roads"}},{"type":"Feature","geometry":{"type":"MultiLineString","coordinates":[[[10.1352,36.4131],[10.1379,36.4236],[10.1405,36.4472],[10.1418,36.4499],[10.1394,36.4577],[10.1378,36.4739],[10.1336,36.4821],[10.1334,36.4914],[10.1392,36.5011],[10.1416,36.5029],[10.1443,36.5088],[10.147,36.5108],[10.1524,36.5254],[10.151,36.5303],[10.1549,36.5359],[10.1521,36.5393],[10.1509,36.5434],[10.1516,36.5465],[10.1542,36.5486],[10.1556,36.5525],[10.1501,36.5656],[10.1523,36.5731],[10.1519,36.5853],[10.1537,36.5894],[10.1521,36.6007],[10.153,36.6064]]]},"properties":{"kind":"roman-road","source":"itinere-roads"}},{"type":"Feature","geometry":{"type":"MultiLineString","coordinates":[[[10.1352,36.4131],[10.1251,36.4214],[10.1199,36.4274],[10.106,36.4362],[10.1018,36.4381],[10.0845,36.4407],[10.0709,36.4476],[10.0671,36.4502],[10.0645,36.4539],[10.0549,36.4597],[10.0209,36.4747],[10.0104,36.4778],[10.0062,36.4778],[9.9806,36.4875]]]},"properties":{"kind":"roman-road","source":"itinere-roads"}},{"type":"Feature","geometry":{"type":"MultiLineString","coordinates":[[[10.5659,36.4182],[10.5592,36.4141],[10.5427,36.4074]]]},"properties":{"kind":"roman-road","source":"itinere-roads"}},{"type":"Feature","geometry":{"type":"MultiLineString","coordinates":[[[10.5427,36.4074],[10.5095,36.3948],[10.5067,36.3925],[10.4957,36.3765],[10.4686,36.3472],[10.451,36.3017]]]},"properties":{"kind":"roman-road","source":"itinere-roads"}},{"type":"Feature","geometry":{"type":"MultiLineString","coordinates":[[[10.5603,36.4048],[10.5522,36.4049],[10.5427,36.4074]]]},"properties":{"kind":"roman-road","source":"itinere-roads"}},{"type":"Feature","geometry":{"type":"MultiLineString","coordinates":[[[10.301,36.4171],[10.2826,36.4131],[10.2769,36.4101],[10.2577,36.4091],[10.2496,36.4059],[10.2153,36.4065],[10.2098,36.4053],[10.2047,36.4079],[10.1904,36.4065],[10.1776,36.407],[10.1722,36.4062],[10.1683,36.4037],[10.161,36.4018],[10.1352,36.4131]]]},"properties":{"kind":"roman-road","source":"itinere-roads"}},{"type":"Feature","geometry":{"type":"MultiLineString","coordinates":[[[10.5427,36.4074],[10.5161,36.4166],[10.5109,36.415],[10.4936,36.4167],[10.4573,36.416],[10.4451,36.4188],[10.4345,36.4171],[10.4244,36.4206],[10.423,36.4191],[10.4169,36.4188],[10.4015,36.4078],[10.3911,36.4032],[10.3863,36.4029],[10.3831,36.4004],[10.3829,36.3968],[10.3805,36.3948],[10.3699,36.3955],[10.3574,36.3935],[10.3511,36.3955],[10.3299,36.4105],[10.3121,36.4165],[10.3051,36.4177],[10.301,36.4171]]]},"properties":{"kind":"roman-road","source":"itinere-roads"}},{"type":"Feature","geometry":{"type":"MultiLineString","coordinates":[[[9.9022,36.3712],[9.9025,36.3764],[9.9082,36.38],[9.911,36.393]]]},"properties":{"kind":"roman-road","source":"itinere-roads"}},{"type":"Feature","geometry":{"type":"MultiLineString","coordinates":[[[9.637,36.4025],[9.6236,36.4045],[9.619,36.3979],[9.6134,36.3949],[9.6077,36.3943],[9.5945,36.3871],[9.5806,36.3828],[9.5703,36.3827],[9.5615,36.3859],[9.5489,36.3857],[9.5079,36.3913],[9.4925,36.3986],[9.4714,36.4114]]]},"properties":{"kind":"roman-road","source":"itinere-roads"}},{"type":"Feature","geometry":{"type":"MultiLineString","coordinates":[[[9.4714,36.4114],[9.4527,36.4156],[9.4458,36.416],[9.4356,36.423],[9.4293,36.4232],[9.42,36.4332],[9.4148,36.4345],[9.4121,36.4373],[9.3963,36.4392],[9.3836,36.4377],[9.3782,36.4393],[9.3758,36.4446]]]},"properties":{"kind":"roman-road","source":"itinere-roads"}},{"type":"Feature","geometry":{"type":"MultiLineString","coordinates":[[[9.5204,36.5007],[9.5161,36.499],[9.5117,36.4952],[9.5111,36.4911],[9.5145,36.4871]]]},"properties":{"kind":"roman-road","source":"itinere-roads"}},{"type":"Feature","geometry":{"type":"MultiLineString","coordinates":[[[9.4714,36.4114],[9.469,36.4002],[9.4642,36.395],[9.4554,36.3904],[9.4563,36.3807],[9.4366,36.3844],[9.4153,36.3727],[9.4122,36.3667],[9.4075,36.3646],[9.4007,36.3576],[9.3534,36.3442]]]},"properties":{"kind":"roman-road","source":"itinere-roads"}},{"type":"Feature","geometry":{"type":"MultiLineString","coordinates":[[[9.5145,36.4871],[9.5149,36.4816],[9.5133,36.4794],[9.5117,36.4716],[9.5096,36.4701],[9.5138,36.4565],[9.511,36.455],[9.5092,36.452],[9.5023,36.4496],[9.4969,36.4454],[9.4852,36.4424],[9.4809,36.4325],[9.4753,36.4275],[9.4743,36.4245],[9.4762,36.4206],[9.4757,36.4181],[9.4714,36.4114]]]},"properties":{"kind":"roman-road","source":"itinere-roads"}},{"type":"Feature","geometry":{"type":"MultiLineString","coordinates":[[[10.0455,36.3961],[10.0398,36.3928],[10.0288,36.3776],[10.0283,36.375],[10.0169,36.3635],[10.015,36.3512],[10.0122,36.3482],[10.0116,36.3434],[10.0088,36.3406],[10.0063,36.3274],[10.0014,36.3257],[9.9996,36.3226],[9.9909,36.3205],[9.9848,36.3173],[9.9719,36.3163],[9.9611,36.3196],[9.9541,36.3193]]]},"properties":{"kind":"roman-road","source":"itinere-roads"}},{"type":"Feature","geometry":{"type":"MultiLineString","coordinates":[[[9.2487,36.4122],[9.2248,36.4201],[9.2207,36.4229]]]},"properties":{"kind":"roman-road","source":"itinere-roads"}},{"type":"Feature","geometry":{"type":"MultiLineString","coordinates":[[[9.2276,36.3824],[9.2181,36.3897],[9.2059,36.3892],[9.2004,36.3907]]]},"properties":{"kind":"roman-road","source":"itinere-roads"}},{"type":"Feature","geometry":{"type":"MultiLineString","coordinates":[[[9.2004,36.3907],[9.194,36.3947],[9.1871,36.3941]]]},"properties":{"kind":"roman-road","source":"itinere-roads"}},{"type":"Feature","geometry":{"type":"MultiLineString","coordinates":[[[9.1843,36.3756],[9.1812,36.377],[9.1781,36.3805],[9.1755,36.3804],[9.1741,36.3849],[9.1686,36.3855],[9.1631,36.3909],[9.1577,36.3919],[9.1622,36.3939],[9.1618,36.3971],[9.1668,36.4002],[9.1679,36.3995],[9.1735,36.4016],[9.1838,36.4099]]]},"properties":{"kind":"roman-road","source":"itinere-roads"}},{"type":"Feature","geometry":{"type":"MultiLineString","coordinates":[[[9.2313,36.3825],[9.2276,36.3639],[9.2357,36.367],[9.2407,36.3601],[9.2394,36.3561],[9.2414,36.3528],[9.2509,36.3469],[9.2577,36.349],[9.2627,36.3474],[9.2656,36.3392],[9.2727,36.337],[9.2755,36.3388],[9.2757,36.3426],[9.2803,36.3469],[9.2803,36.3534],[9.284,36.3551],[9.2861,36.3598],[9.2924,36.3625],[9.2929,36.3644],[9.3059,36.3674],[9.3058,36.3698],[9.3138,36.3812],[9.3184,36.3837]]]},"properties":{"kind":"roman-road","source":"itinere-roads"}},{"type":"Feature","geometry":{"type":"MultiLineString","coordinates":[[[9.3184,36.3837],[9.3361,36.3736],[9.3335,36.3681],[9.3373,36.3651],[9.3385,36.3598],[9.3427,36.3572],[9.3464,36.3521],[9.3511,36.3503],[9.3502,36.3467],[9.3534,36.3442]]]},"properties":{"kind":"roman-road","source":"itinere-roads"}},{"type":"Feature","geometry":{"type":"MultiLineString","coordinates":[[[9.2631,36.496],[9.2595,36.4977],[9.2579,36.5023],[9.2548,36.5051],[9.2514,36.5149],[9.2477,36.5185],[9.2386,36.5177],[9.2316,36.5246]]]},"properties":{"kind":"roman-road","source":"itinere-roads"}},{"type":"Feature","geometry":{"type":"MultiLineString","coordinates":[[[9.2106,36.4203],[9.2084,36.4089],[9.2046,36.405],[9.2025,36.3982],[9.2042,36.3942],[9.2004,36.3907]]]},"properties":{"kind":"roman-road","source":"itinere-roads"}},{"type":"Feature","geometry":{"type":"MultiLineString","coordinates":[[[9.2004,36.3907],[9.2005,36.3888],[9.1964,36.3865],[9.187,36.3755],[9.1843,36.3756]]]},"properties":{"kind":"roman-road","source":"itinere-roads"}},{"type":"Feature","geometry":{"type":"MultiLineString","coordinates":[[[9.2499,36.4539],[9.2516,36.4531],[9.2685,36.4562],[9.2777,36.4565]]]},"properties":{"kind":"roman-road","source":"itinere-roads"}},{"type":"Feature","geometry":{"type":"MultiLineString","coordinates":[[[9.3279,36.4566],[9.3358,36.4578],[9.3431,36.4572],[9.3554,36.4532],[9.3576,36.4478],[9.3634,36.4458],[9.3758,36.4446]]]},"properties":{"kind":"roman-road","source":"itinere-roads"}},{"type":"Feature","geometry":{"type":"MultiLineString","coordinates":[[[9.2777,36.4565],[9.2929,36.4557],[9.3029,36.4569],[9.3078,36.4559],[9.3279,36.4566]]]},"properties":{"kind":"roman-road","source":"itinere-roads"}},{"type":"Feature","geometry":{"type":"MultiLineString","coordinates":[[[9.3279,36.4566],[9.3224,36.4613],[9.3208,36.4678],[9.3224,36.4728],[9.3272,36.4736],[9.3287,36.4771]]]},"properties":{"kind":"roman-road","source":"itinere-roads"}},{"type":"Feature","geometry":{"type":"MultiLineString","coordinates":[[[9.3287,36.4771],[9.3215,36.4798],[9.3187,36.4792],[9.3133,36.4804],[9.3092,36.4838],[9.3078,36.4866]]]},"properties":{"kind":"roman-road","source":"itinere-roads"}},{"type":"Feature","geometry":{"type":"MultiLineString","coordinates":[[[9.3287,36.4771],[9.3386,36.4768],[9.3414,36.4804],[9.3516,36.4884],[9.346,36.4913],[9.3362,36.4998],[9.3314,36.5019],[9.3292,36.5047],[9.3271,36.5111]]]},"properties":{"kind":"roman-road","source":"itinere-roads"}},{"type":"Feature","geometry":{"type":"MultiLineString","coordinates":[[[9.3184,36.3837],[9.3228,36.3874],[9.3281,36.3886],[9.3265,36.3999],[9.3278,36.4],[9.3309,36.4063],[9.3335,36.4076],[9.3341,36.4107],[9.3391,36.4103],[9.3545,36.4152],[9.3547,36.4185],[9.3518,36.4226],[9.3523,36.424],[9.3419,36.4274]]]},"properties":{"kind":"roman-road","source":"itinere-roads"}},{"type":"Feature","geometry":{"type":"MultiLineString","coordinates":[[[9.1832,36.4581],[9.1756,36.4584],[9.1643,36.4612],[9.1619,36.4594],[9.1575,36.4596],[9.15,36.4647],[9.1453,36.4638],[9.1379,36.4707],[9.1355,36.4715],[9.1331,36.4699],[9.126,36.4697],[9.1223,36.471],[9.1168,36.47],[9.1059,36.4743]]]},"properties":{"kind":"roman-road","source":"itinere-roads"}},{"type":"Feature","geometry":{"type":"MultiLineString","coordinates":[[[9.1954,36.4381],[9.1824,36.438],[9.1734,36.434],[9.1597,36.4343],[9.15,36.432],[9.1484,36.4328],[9.1394,36.4312],[9.134,36.4324],[9.13,36.4315]]]},"properties":{"kind":"roman-road","source":"itinere-roads"}},{"type":"Feature","geometry":{"type":"MultiLineString","coordinates":[[[9.8342,36.6956],[9.8413,36.6999],[9.861,36.707],[9.8718,36.7089],[9.8891,36.717],[9.9113,36.7222],[9.9295,36.728],[9.9901,36.7576],[10.0034,36.7624],[10.0441,36.7691],[10.0715,36.7651]]]},"properties":{"kind":"roman-road","source":"itinere-roads"}},{"type":"Feature","geometry":{"type":"MultiLineString","coordinates":[[[9.7977,36.6631],[9.8688,36.6948],[9.8766,36.6941],[9.8821,36.6911],[9.8838,36.6834],[9.8882,36.6811],[9.8952,36.6812],[9.8999,36.6798],[9.9146,36.6861],[9.9289,36.6847],[9.9412,36.6758],[10.0069,36.7055]]]},"properties":{"kind":"roman-road","source":"itinere-roads"}},{"type":"Feature","geometry":{"type":"MultiLineString","coordinates":[[[10.0069,36.7055],[10.0132,36.7131],[10.0119,36.7151],[10.0183,36.7188],[10.0219,36.7251]]]},"properties":{"kind":"roman-road","source":"itinere-roads"}},{"type":"Feature","geometry":{"type":"MultiLineString","coordinates":[[[10.0219,36.7251],[10.0245,36.7315],[10.0282,36.7335],[10.0296,36.7375],[10.0347,36.742],[10.0364,36.746],[10.043,36.7458],[10.0512,36.7492],[10.0535,36.7526],[10.06,36.7577],[10.0715,36.7651]]]},"properties":{"kind":"roman-road","source":"itinere-roads"}},{"type":"Feature","geometry":{"type":"MultiLineString","coordinates":[[[10.0715,36.7651],[10.0772,36.7647],[10.0797,36.7698],[10.1079,36.7869],[10.1393,36.7961],[10.1557,36.7995],[10.1585,36.7991],[10.1637,36.8026]]]},"properties":{"kind":"roman-road","source":"itinere-roads"}},{"type":"Feature","geometry":{"type":"MultiLineString","coordinates":[[[9.7977,36.6631],[9.8195,36.6796],[9.8342,36.6956]]]},"properties":{"kind":"roman-road","source":"itinere-roads"}},{"type":"Feature","geometry":{"type":"MultiLineString","coordinates":[[[9.2276,36.3824],[9.2313,36.3825]]]},"properties":{"kind":"roman-road","source":"itinere-roads"}},{"type":"Feature","geometry":{"type":"MultiLineString","coordinates":[[[9.176,36.358],[9.2026,36.3737],[9.212,36.3779],[9.2246,36.3806],[9.2276,36.3824]]]},"properties":{"kind":"roman-road","source":"itinere-roads"}},{"type":"Feature","geometry":{"type":"MultiLineString","coordinates":[[[9.6243,36.3513],[9.6353,36.3748],[9.6366,36.3832],[9.6347,36.3965],[9.637,36.4025]]]},"properties":{"kind":"roman-road","source":"itinere-roads"}},{"type":"Feature","geometry":{"type":"MultiLineString","coordinates":[[[10.1802,36.806],[10.1835,36.7902],[10.1888,36.788],[10.1962,36.78],[10.2053,36.7737]]]},"properties":{"kind":"roman-road","source":"itinere-roads"}},{"type":"Feature","geometry":{"type":"MultiLineString","coordinates":[[[10.2053,36.7737],[10.2374,36.7678],[10.261,36.767],[10.267,36.768],[10.2741,36.7655],[10.2738,36.7613],[10.2794,36.7562],[10.2805,36.7533],[10.2826,36.753],[10.2887,36.7476],[10.3038,36.74],[10.3257,36.7331],[10.3514,36.7222],[10.3612,36.7166],[10.4049,36.7007]]]},"properties":{"kind":"roman-road","source":"itinere-roads"}},{"type":"Feature","geometry":{"type":"MultiLineString","coordinates":[[[7.7494,36.8888],[7.7602,36.8839],[7.7646,36.8756],[7.777,36.8643],[7.7969,36.8536],[7.8158,36.8473],[7.8208,36.8434],[7.8344,36.8418],[7.8654,36.8297],[7.8906,36.8274],[7.8999,36.8284],[7.9239,36.8275],[7.9278,36.8282],[7.9382,36.8342],[7.9441,36.8351],[7.9504,36.8412],[7.9544,36.8429],[7.9608,36.8411],[7.9715,36.8416],[8.0667,36.8744],[8.0877,36.878],[8.1071,36.8786],[8.1119,36.8834],[8.1161,36.8826],[8.1199,36.8848],[8.1362,36.8884],[8.1422,36.8911],[8.1576,36.8907],[8.1665,36.8921],[8.1712,36.896],[8.1848,36.9028],[8.1933,36.9055],[8.1995,36.905],[8.2191,36.8976],[8.2333,36.9025],[8.2476,36.9021],[8.2601,36.9042],[8.2646,36.9039],[8.2717,36.901],[8.2908,36.8995],[8.2912,36.9018],[8.299,36.9069],[8.3011,36.9061],[8.3086,36.9092],[8.3135,36.9137],[8.3264,36.914],[8.3528,36.9074],[8.3617,36.9094],[8.368,36.9123],[8.3741,36.9128],[8.3771,36.9117],[8.3832,36.9037],[8.3937,36.8941],[8.3975,36.8927],[8.4129,36.8912],[8.4416,36.8953]]]},"properties":{"kind":"roman-road","source":"itinere-roads"}},{"type":"Feature","geometry":{"type":"MultiLineString","coordinates":[[[8.4416,36.8953],[8.445,36.8963],[8.4523,36.8955],[8.4561,36.8978],[8.459,36.8979],[8.4619,36.8953],[8.4806,36.8864],[8.4918,36.8839],[8.4954,36.8815],[8.5141,36.8791],[8.5327,36.884],[8.566,36.8825],[8.577,36.8837],[8.5918,36.8807],[8.6113,36.8899],[8.6185,36.8962],[8.6195,36.9028],[8.6222,36.9082],[8.6322,36.9042],[8.6336,36.9011],[8.6365,36.9021],[8.6359,36.9046],[8.6453,36.914],[8.6582,36.9145],[8.6643,36.9126],[8.6666,36.9162],[8.674,36.9195],[8.6775,36.9198],[8.6852,36.9262],[8.69,36.934],[8.694,36.9365],[8.6953,36.9398],[8.6979,36.941],[8.6981,36.9433],[8.7038,36.9471],[8.7073,36.9457],[8.709,36.9483],[8.7208,36.9554],[8.7223,36.9586],[8.7261,36.9593],[8.7338,36.957],[8.7357,36.9575],[8.7384,36.954],[8.7508,36.9538],[8.7567,36.9555],[8.7599,36.952]]]},"properties":{"kind":"roman-road","source":"itinere-roads"}},{"type":"Feature","geometry":{"type":"MultiLineString","coordinates":[[[8.7599,36.952],[8.7797,36.9489],[8.8084,36.9586],[8.8208,36.9596],[8.8529,36.9548],[8.8668,36.9566],[8.8907,36.9522],[8.9059,36.9514],[8.9105,36.9526],[8.9169,36.9578],[8.9208,36.9643],[8.9272,36.9662],[8.9313,36.9661],[8.9397,36.9618],[8.9452,36.9608],[8.9517,36.9635],[8.9629,36.9633],[8.9886,36.9572],[8.9985,36.9561],[9.0075,36.9611],[9.0148,36.9676],[9.022,36.9768],[9.0375,36.9877],[9.0546,36.9898],[9.0589,36.9916],[9.065,36.9979]]]},"properties":{"kind":"roman-road","source":"itinere-roads"}},{"type":"Feature","geometry":{"type":"MultiLineString","coordinates":[[[9.065,36.9979],[9.0679,37.0032],[9.0707,37.0056],[9.0852,37.0097],[9.0907,37.0097],[9.0936,37.0135],[9.0991,37.0152],[9.1,37.0198],[9.104,37.0271],[9.1033,37.0342],[9.1111,37.0464],[9.1162,37.0492],[9.1269,37.0676],[9.1413,37.0769],[9.1462,37.0888],[9.1531,37.094],[9.1825,37.1092],[9.1871,37.1103],[9.1959,37.1089],[9.2037,37.112],[9.2101,37.1117],[9.2117,37.1128],[9.2111,37.1176],[9.2175,37.1201],[9.2242,37.1193],[9.2266,37.1202],[9.2291,37.1237],[9.2455,37.1349],[9.2534,37.1432],[9.2631,37.1478],[9.2731,37.1515],[9.2967,37.156],[9.3009,37.1605],[9.3072,37.1619],[9.3114,37.1583],[9.3203,37.1551],[9.3225,37.1521],[9.3262,37.1501],[9.3369,37.1487],[9.3443,37.1496],[9.354,37.1483],[9.3599,37.1492],[9.3699,37.1484],[9.3725,37.1474],[9.3772,37.1416],[9.3821,37.1387],[9.392,37.1375],[9.4011,37.1407],[9.4111,37.1482],[9.4243,37.162],[9.4443,37.1759],[9.4504,37.1845],[9.4552,37.185],[9.4676,37.1832],[9.4764,37.1858],[9.4827,37.1858],[9.5249,37.2075],[9.5449,37.2055],[9.5582,37.2065],[9.5828,37.1947]]]},"properties":{"kind":"roman-road","source":"itinere-roads"}},{"type":"Feature","geometry":{"type":"MultiLineString","coordinates":[[[10.0011,37.0901],[10.0011,37.0816],[10.0095,37.0666],[10.0385,37.0404],[10.0532,37.0074],[10.0612,36.9946],[10.0652,36.9785],[10.0776,36.9646],[10.0952,36.9322],[10.1029,36.9208],[10.1065,36.9116]]]},"properties":{"kind":"roman-road","source":"itinere-roads"}},{"type":"Feature","geometry":{"type":"MultiLineString","coordinates":[[[9.5828,37.1947],[9.587,37.1959],[9.5943,37.1955],[9.6046,37.1985],[9.6206,37.1991],[9.6235,37.2006],[9.6397,37.1992],[9.6555,37.2041],[9.6662,37.2048],[9.6722,37.2067],[9.6916,37.2242],[9.7004,37.2275],[9.7032,37.2324],[9.707,37.2331],[9.71,37.2361],[9.7127,37.242],[9.7183,37.2428],[9.7276,37.2406],[9.7371,37.2416],[9.7463,37.2452],[9.7602,37.2442]]]},"properties":{"kind":"roman-road","source":"itinere-roads"}},{"type":"Feature","geometry":{"type":"MultiLineString","coordinates":[[[9.7602,37.2442],[9.8094,37.2572],[9.8381,37.2609],[9.8427,37.2635],[9.8543,37.265],[9.869,37.2712]]]},"properties":{"kind":"roman-road","source":"itinere-roads"}},{"type":"Feature","geometry":{"type":"MultiLineString","coordinates":[[[9.9453,37.2081],[9.9751,37.2105],[9.9843,37.2056],[10.0008,37.2064],[10.0045,37.2121],[10.0084,37.2142],[10.0091,37.2187],[10.017,37.2299],[10.0305,37.2344],[10.0359,37.2396],[10.0457,37.244],[10.0506,37.2423],[10.0534,37.2397],[10.0574,37.241],[10.0694,37.2387],[10.0699,37.2367],[10.0945,37.2257],[10.1155,37.2203],[10.12,37.2181],[10.1215,37.2149],[10.1246,37.2145],[10.1302,37.2016],[10.1353,37.1972],[10.1252,37.1894],[10.123,37.1845],[10.1117,37.175],[10.1097,37.1712],[10.1089,37.1642],[10.1117,37.1559],[10.1034,37.1436],[10.0977,37.1388],[10.0863,37.1326],[10.0604,37.1294],[10.0367,37.1197],[10.0265,37.1139],[10.0038,37.091],[10.0011,37.0901]]]},"properties":{"kind":"roman-road","source":"itinere-roads"}},{"type":"Feature","geometry":{"type":"MultiLineString","coordinates":[[[9.869,37.2712],[9.872,37.271],[9.8781,37.2658],[9.8868,37.2646],[9.9089,37.2512],[9.9132,37.2387],[9.9189,37.2313],[9.9343,37.2231],[9.9453,37.2081]]]},"properties":{"kind":"roman-road","source":"itinere-roads"}},{"type":"Feature","geometry":{"type":"MultiLineString","coordinates":[[[10.556,36.3972],[10.5577,36.3994]]]},"properties":{"kind":"roman-road","source":"itinere-roads"}},{"type":"Feature","geometry":{"type":"MultiLineString","coordinates":[[[10.858,36.5728],[10.8893,36.6199],[10.9095,36.6547],[10.9084,36.6595],[10.929,36.7228],[10.9318,36.7279],[10.9352,36.7304],[10.9457,36.7335],[10.982,36.774],[10.99,36.7766],[10.9953,36.7813],[11.0132,36.788],[11.0253,36.8012],[11.0287,36.8019],[11.031,36.8063],[11.0517,36.8266],[11.0781,36.8429],[11.0906,36.8471]]]},"properties":{"kind":"roman-road","source":"itinere-roads"}},{"type":"Feature","geometry":{"type":"MultiLineString","coordinates":[[[10.1637,36.8026],[10.1683,36.8054],[10.1802,36.806]]]},"properties":{"kind":"roman-road","source":"itinere-roads"}},{"type":"Feature","geometry":{"type":"MultiLineString","coordinates":[[[10.1802,36.806],[10.1864,36.8168],[10.1991,36.8233],[10.2066,36.829],[10.2181,36.8343],[10.2633,36.8481],[10.2979,36.8641]]]},"properties":{"kind":"roman-road","source":"itinere-roads"}},{"type":"Feature","geometry":{"type":"MultiLineString","coordinates":[[[10.2979,36.8641],[10.3189,36.8565],[10.3233,36.8528]]]},"properties":{"kind":"roman-road","source":"itinere-roads"}},{"type":"Feature","geometry":{"type":"MultiLineString","coordinates":[[[8.1944,36.545],[8.1979,36.5406],[8.2109,36.5336],[8.2133,36.5281],[8.2172,36.5275],[8.2221,36.5218],[8.2218,36.519],[8.225,36.5164],[8.2248,36.5093],[8.2268,36.5067],[8.2352,36.5013],[8.2455,36.4982],[8.2529,36.4986],[8.259,36.4955],[8.2653,36.5008],[8.28,36.5056],[8.2805,36.5084],[8.2878,36.5201],[8.2924,36.5215],[8.3008,36.5194],[8.3058,36.5201],[8.3196,36.5259],[8.3274,36.5275],[8.3373,36.5242],[8.3402,36.5191],[8.3479,36.5199],[8.3511,36.5223],[8.3518,36.5182],[8.3561,36.5132],[8.3561,36.5105],[8.3639,36.5036],[8.3657,36.499],[8.3693,36.5002],[8.3726,36.497],[8.3763,36.496],[8.3816,36.4962],[8.3885,36.4988],[8.3899,36.4958],[8.3966,36.4893],[8.4038,36.4885],[8.4089,36.4906],[8.4287,36.5122],[8.4556,36.5253],[8.4693,36.5254],[8.4833,36.5197],[8.5102,36.515],[8.5229,36.511],[8.5445,36.5004],[8.5525,36.4987],[8.5576,36.4951],[8.572,36.4926]]]},"properties":{"kind":"roman-road","source":"itinere-roads"}},{"type":"Feature","geometry":{"type":"MultiLineString","coordinates":[[[8.572,36.4926],[8.5902,36.5083],[8.6405,36.5344],[8.6646,36.5395],[8.6972,36.5402],[8.719,36.5385],[8.7333,36.5392],[8.7378,36.5406]]]},"properties":{"kind":"roman-road","source":"itinere-roads"}},{"type":"Feature","geometry":{"type":"MultiLineString","coordinates":[[[8.7378,36.5406],[8.7429,36.5536],[8.7546,36.557]]]},"properties":{"kind":"roman-road","source":"itinere-roads"}},{"type":"Feature","geometry":{"type":"MultiLineString","coordinates":[[[8.7546,36.557],[8.7613,36.5592],[8.7739,36.5587],[8.7883,36.5631],[8.8061,36.5745],[8.817,36.5799],[8.8254,36.5888],[8.8522,36.6033],[8.8813,36.6144],[8.9223,36.6138],[8.9347,36.6167],[8.9543,36.6107],[8.9765,36.612]]]},"properties":{"kind":"roman-road","source":"itinere-roads"}},{"type":"Feature","geometry":{"type":"MultiLineString","coordinates":[[[8.2052,36.6174],[8.2052,36.6127],[8.2083,36.609],[8.2045,36.6033],[8.1992,36.5998],[8.1967,36.5902],[8.206,36.5778],[8.2055,36.5732],[8.2028,36.5671],[8.1988,36.564],[8.1999,36.5606],[8.1967,36.5554],[8.1944,36.545]]]},"properties":{"kind":"roman-road","source":"itinere-roads"}},{"type":"Feature","geometry":{"type":"MultiLineString","coordinates":[[[8.2046,36.6185],[8.2052,36.6174]]]},"properties":{"kind":"roman-road","source":"itinere-roads"}},{"type":"Feature","geometry":{"type":"MultiLineString","coordinates":[[[8.9765,36.612],[8.9773,36.6125]]]},"properties":{"kind":"roman-road","source":"itinere-roads"}},{"type":"Feature","geometry":{"type":"MultiLineString","coordinates":[[[8.9773,36.6125],[9.0013,36.6231],[9.0301,36.6261],[9.0417,36.6317],[9.0529,36.632],[9.0552,36.6307],[9.0608,36.6234],[9.0608,36.6182],[9.0635,36.6065],[9.0673,36.6042],[9.0744,36.6031],[9.0998,36.605],[9.1108,36.6041]]]},"properties":{"kind":"roman-road","source":"itinere-roads"}},{"type":"Feature","geometry":{"type":"MultiLineString","coordinates":[[[9.1108,36.6041],[9.1161,36.6053]]]},"properties":{"kind":"roman-road","source":"itinere-roads"}},{"type":"Feature","geometry":{"type":"MultiLineString","coordinates":[[[9.1161,36.6053],[9.1327,36.6138],[9.1422,36.6149]]]},"properties":{"kind":"roman-road","source":"itinere-roads"}},{"type":"Feature","geometry":{"type":"MultiLineString","coordinates":[[[7.7482,36.8355],[7.7552,36.831],[7.7643,36.8295],[7.7672,36.8244],[7.7749,36.8199],[7.7803,36.8048],[7.7797,36.7993],[7.7881,36.7964],[7.82,36.7914],[7.8509,36.7801],[7.8764,36.7615],[7.9007,36.7487],[7.9067,36.7435],[7.9172,36.7304],[7.9228,36.7262],[7.9298,36.7233],[7.9528,36.7195],[7.9662,36.7109],[7.9707,36.7094],[7.9886,36.6942],[7.9927,36.6882],[7.9983,36.683],[8.005,36.6784],[8.0074,36.6753],[8.0068,36.6708],[8.0115,36.6694],[8.0145,36.6714],[8.021,36.6704],[8.0214,36.6619],[8.0302,36.6605],[8.0464,36.6607],[8.0509,36.659],[8.0567,36.6519],[8.0633,36.6473],[8.069,36.6457],[8.0776,36.6394],[8.0943,36.6325],[8.0989,36.6321],[8.1033,36.6295],[8.1086,36.6317],[8.1112,36.6281],[8.1179,36.6253],[8.1306,36.6249],[8.135,36.6197],[8.1409,36.6188],[8.1429,36.6157],[8.1503,36.6195],[8.1585,36.6354],[8.1608,36.6355],[8.1711,36.6302],[8.1814,36.621],[8.1865,36.6207],[8.1908,36.6187],[8.2046,36.6185]]]},"properties":{"kind":"roman-road","source":"itinere-roads"}},{"type":"Feature","geometry":{"type":"MultiLineString","coordinates":[[[9.1422,36.6149],[9.1501,36.6173],[9.1629,36.6249],[9.1733,36.6329],[9.1836,36.6377],[9.1938,36.6453],[9.2056,36.6427]]]},"properties":{"kind":"roman-road","source":"itinere-roads"}},{"type":"Feature","geometry":{"type":"MultiLineString","coordinates":[[[9.2056,36.6427],[9.2162,36.6408],[9.2309,36.6411],[9.2394,36.6397],[9.2506,36.6409],[9.2574,36.6358],[9.2624,36.6342],[9.2727,36.6329],[9.289,36.6341],[9.3024,36.63],[9.309,36.6336],[9.3246,36.6381],[9.3326,36.6348],[9.3416,36.6333],[9.3515,36.6336],[9.3554,36.6347],[9.3742,36.6457],[9.3797,36.6515],[9.3937,36.6523],[9.3996,36.6571],[9.4015,36.6736],[9.4069,36.6744]]]},"properties":{"kind":"roman-road","source":"itinere-roads"}},{"type":"Feature","geometry":{"type":"MultiLineString","coordinates":[[[9.4069,36.6744],[9.4176,36.674],[9.4253,36.6713],[9.4316,36.6712],[9.4538,36.6638],[9.4577,36.6611],[9.465,36.6601],[9.4884,36.6602],[9.5024,36.6619],[9.526,36.6616],[9.5452,36.6639],[9.5599,36.6618],[9.607,36.6495]]]},"properties":{"kind":"roman-road","source":"itinere-roads"}},{"type":"Feature","geometry":{"type":"MultiLineString","coordinates":[[[9.607,36.6495],[9.6038,36.655],[9.6085,36.6683],[9.6074,36.6709],[9.6091,36.6789],[9.6128,36.6837],[9.6208,36.6899],[9.631,36.6952],[9.6372,36.7009],[9.6437,36.7096],[9.659,36.7221],[9.667,36.7262]]]},"properties":{"kind":"roman-road","source":"itinere-roads"}},{"type":"Feature","geometry":{"type":"MultiLineString","coordinates":[[[9.667,36.7262],[9.6962,36.7352],[9.7057,36.7463],[9.7286,36.7634],[9.7345,36.7644],[9.7409,36.7676],[9.7446,36.7712],[9.7476,36.7795],[9.7653,36.7895],[9.7706,36.7976],[9.7713,36.8017],[9.7763,36.8103],[9.776,36.8159],[9.7781,36.8194],[9.7812,36.8214],[9.7933,36.8243],[9.8095,36.8302],[9.8387,36.8299]]]},"properties":{"kind":"roman-road","source":"itinere-roads"}},{"type":"Feature","geometry":{"type":"MultiLineString","coordinates":[[[9.8387,36.8299],[9.8516,36.8271],[9.8612,36.8267],[9.8886,36.8288],[9.8959,36.8353],[9.9089,36.8397],[9.9266,36.8483],[9.9356,36.8505]]]},"properties":{"kind":"roman-road","source":"itinere-roads"}},{"type":"Feature","geometry":{"type":"MultiLineString","coordinates":[[[9.9356,36.8505],[9.9547,36.8625],[9.9855,36.8876],[10.0415,36.9092],[10.0676,36.9156],[10.082,36.9212],[10.1065,36.9116]]]},"properties":{"kind":"roman-road","source":"itinere-roads"}},{"type":"Feature","geometry":{"type":"MultiLineString","coordinates":[[[10.1065,36.9116],[10.1101,36.9049],[10.116,36.8992],[10.1332,36.8918],[10.1477,36.8931],[10.1545,36.8908],[10.1621,36.8901],[10.2064,36.8598],[10.2979,36.8641]]]},"properties":{"kind":"roman-road","source":"itinere-roads"}},{"type":"Feature","geometry":{"type":"MultiLineString","coordinates":[[[9.2487,36.4122],[9.2544,36.4175],[9.2619,36.4314],[9.2661,36.4342],[9.2731,36.4507],[9.2777,36.4565]]]},"properties":{"kind":"roman-road","source":"itinere-roads"}},{"type":"Feature","geometry":{"type":"MultiLineString","coordinates":[[[9.3078,36.4866],[9.3215,36.5042],[9.3216,36.5082],[9.3246,36.5108],[9.3271,36.5111]]]},"properties":{"kind":"roman-road","source":"itinere-roads"}},{"type":"Feature","geometry":{"type":"MultiLineString","coordinates":[[[9.2777,36.4565],[9.2812,36.4598],[9.2821,36.4644],[9.2846,36.4686]]]},"properties":{"kind":"roman-road","source":"itinere-roads"}},{"type":"Feature","geometry":{"type":"MultiLineString","coordinates":[[[9.2846,36.4686],[9.2887,36.4731],[9.2924,36.4829],[9.2978,36.4862],[9.3078,36.4866]]]},"properties":{"kind":"roman-road","source":"itinere-roads"}},{"type":"Feature","geometry":{"type":"MultiLineString","coordinates":[[[9.3271,36.5111],[9.3291,36.5122],[9.3363,36.5123],[9.3376,36.5141],[9.3495,36.5183],[9.3583,36.5239],[9.3614,36.5301],[9.3679,36.5318],[9.3729,36.5303],[9.3772,36.5344],[9.3804,36.5333],[9.3963,36.5411],[9.4026,36.5402],[9.4091,36.5439]]]},"properties":{"kind":"roman-road","source":"itinere-roads"}},{"type":"Feature","geometry":{"type":"MultiLineString","coordinates":[[[9.4513,36.5564],[9.4542,36.5585],[9.4708,36.5629],[9.4934,36.5752],[9.5046,36.5776],[9.5103,36.5804],[9.5135,36.5848],[9.5197,36.5869],[9.5253,36.5876],[9.5304,36.5865],[9.5433,36.5893],[9.5543,36.5842],[9.5594,36.5853],[9.5647,36.5844],[9.5726,36.587],[9.5791,36.5877],[9.5835,36.5868],[9.5903,36.5887],[9.5928,36.593],[9.5966,36.5914],[9.603,36.5909],[9.6061,36.5923],[9.6085,36.6063],[9.6316,36.6118],[9.6285,36.6161],[9.6289,36.62],[9.6277,36.6233],[9.6253,36.6236],[9.6258,36.6271],[9.617,36.6361],[9.6105,36.6469],[9.607,36.6495]]]},"properties":{"kind":"roman-road","source":"itinere-roads"}},{"type":"Feature","geometry":{"type":"MultiLineString","coordinates":[[[9.4091,36.5439],[9.4215,36.5489],[9.4413,36.552]]]},"properties":{"kind":"roman-road","source":"itinere-roads"}},{"type":"Feature","geometry":{"type":"MultiLineString","coordinates":[[[9.4413,36.552],[9.4473,36.5535],[9.4513,36.5564]]]},"properties":{"kind":"roman-road","source":"itinere-roads"}},{"type":"Feature","geometry":{"type":"MultiLineString","coordinates":[[[9.607,36.6495],[9.6253,36.6559],[9.6394,36.6653],[9.6565,36.6741],[9.6667,36.6692],[9.6688,36.6705],[9.6656,36.6779],[9.667,36.6797],[9.6724,36.68],[9.6902,36.6703],[9.6989,36.669],[9.7036,36.6663],[9.7086,36.6655],[9.7151,36.6603],[9.721,36.6498],[9.7244,36.6466],[9.7402,36.649],[9.7517,36.6542],[9.7607,36.6604],[9.7646,36.6609],[9.7848,36.6578],[9.7977,36.6631]]]},"properties":{"kind":"roman-road","source":"itinere-roads"}},{"type":"Feature","geometry":{"type":"MultiLineString","coordinates":[[[9.4781,36.5062],[9.4794,36.5046],[9.4773,36.4985],[9.4829,36.4874],[9.4856,36.4854],[9.4942,36.4829],[9.5056,36.486],[9.5117,36.4855],[9.5145,36.4871]]]},"properties":{"kind":"roman-road","source":"itinere-roads"}},{"type":"Feature","geometry":{"type":"MultiLineString","coordinates":[[[9.637,36.4025],[9.6402,36.4041],[9.65,36.403],[9.6744,36.4052],[9.6995,36.4094],[9.7031,36.4082],[9.7104,36.4096],[9.7279,36.4101],[9.7475,36.4083],[9.7586,36.4086],[9.7807,36.4023],[9.7853,36.4025],[9.793,36.4004],[9.7984,36.3962],[9.8008,36.3957],[9.8061,36.3984],[9.8165,36.3981],[9.8221,36.3956],[9.8308,36.3985],[9.8452,36.3963],[9.8488,36.3977],[9.859,36.3905],[9.8727,36.3838],[9.8791,36.3853],[9.9016,36.4026],[9.9058,36.3999]]]},"properties":{"kind":"roman-road","source":"itinere-roads"}},{"type":"Feature","geometry":{"type":"MultiLineString","coordinates":[[[9.9058,36.3999],[9.9108,36.3957]]]},"properties":{"kind":"roman-road","source":"itinere-roads"}},{"type":"Feature","geometry":{"type":"MultiLineString","coordinates":[[[9.911,36.393],[9.917,36.3904],[9.9258,36.3895],[9.9322,36.3918],[9.9395,36.3915],[9.9489,36.3946],[9.9529,36.4],[9.9573,36.4019],[9.9613,36.4016],[9.9743,36.4051],[9.987,36.4052],[10.0056,36.4018],[10.0421,36.3989],[10.0455,36.3961]]]},"properties":{"kind":"roman-road","source":"itinere-roads"}},{"type":"Feature","geometry":{"type":"MultiLineString","coordinates":[[[9.9108,36.3957],[9.911,36.393]]]},"properties":{"kind":"roman-road","source":"itinere-roads"}},{"type":"Feature","geometry":{"type":"MultiLineString","coordinates":[[[10.0455,36.3961],[10.0502,36.3967],[10.0557,36.4002],[10.0658,36.4035],[10.0825,36.4116],[10.1073,36.4152],[10.1352,36.4131]]]},"properties":{"kind":"roman-road","source":"itinere-roads"}},{"type":"Feature","geometry":{"type":"MultiLineString","coordinates":[[[9.5145,36.4871],[9.5169,36.4894],[9.5306,36.4865],[9.5419,36.4884],[9.5527,36.4928],[9.5547,36.4954],[9.57,36.4872],[9.5822,36.4874],[9.5857,36.4864],[9.6028,36.4775],[9.6057,36.4739],[9.6138,36.4683],[9.615,36.4653],[9.6236,36.4571],[9.6233,36.4547],[9.6272,36.4498],[9.6269,36.446],[9.6317,36.4411],[9.6315,36.4345],[9.6276,36.4178],[9.6281,36.4117],[9.6304,36.4073],[9.637,36.4025]]]},"properties":{"kind":"roman-road","source":"itinere-roads"}},{"type":"Feature","geometry":{"type":"MultiLineString","coordinates":[[[9.2233,36.521],[9.2316,36.5246]]]},"properties":{"kind":"roman-road","source":"itinere-roads"}},{"type":"Feature","geometry":{"type":"MultiLineString","coordinates":[[[9.2316,36.5246],[9.2484,36.5306],[9.2514,36.5334],[9.2667,36.5397],[9.2721,36.5402],[9.2728,36.5446],[9.2796,36.5484],[9.2848,36.5477],[9.2907,36.5492],[9.2959,36.5606],[9.3019,36.5597],[9.3087,36.5556]]]},"properties":{"kind":"roman-road","source":"itinere-roads"}},{"type":"Feature","geometry":{"type":"MultiLineString","coordinates":[[[18.7173,45.5631],[18.7208,45.5648],[18.7217,45.574],[18.7247,45.5789],[18.7249,45.582],[18.7403,45.5943],[18.7422,45.5946],[18.7439,45.604],[18.7563,45.6083],[18.7616,45.6121],[18.7704,45.6235],[18.7704,45.6263]]]},"properties":{"kind":"roman-road","source":"itinere-roads"}},{"type":"Feature","geometry":{"type":"MultiLineString","coordinates":[[[18.6968,45.5571],[18.7033,45.5592],[18.7087,45.5579],[18.717,45.5607]]]},"properties":{"kind":"roman-road","source":"itinere-roads"}},{"type":"Feature","geometry":{"type":"MultiLineString","coordinates":[[[18.717,45.5607],[18.7173,45.5631]]]},"properties":{"kind":"roman-road","source":"itinere-roads"}},{"type":"Feature","geometry":{"type":"MultiLineString","coordinates":[[[18.7737,45.6633],[18.7572,45.667],[18.7496,45.6766],[18.747,45.6901],[18.735,45.7037],[18.7324,45.711],[18.7326,45.7196],[18.7258,45.7428],[18.7327,45.7498],[18.7534,45.7612],[18.7578,45.7679],[18.7736,45.7806],[18.7974,45.7938],[18.8088,45.8018]]]},"properties":{"kind":"roman-road","source":"itinere-roads"}},{"type":"Feature","geometry":{"type":"MultiLineString","coordinates":[[[18.6694,45.9579],[18.678,45.983],[18.6775,45.9879],[18.681,46.0005],[18.6736,46.0196],[18.6768,46.0279],[18.7076,46.041],[18.7131,46.0487],[18.7211,46.0549],[18.7332,46.0597],[18.7428,46.0659],[18.7497,46.0676],[18.7523,46.0694],[18.7549,46.0772],[18.7587,46.0827]]]},"properties":{"kind":"roman-road","source":"itinere-roads"}},{"type":"Feature","geometry":{"type":"MultiLineString","coordinates":[[[18.7923,45.8343],[18.7764,45.844],[18.762,45.8577],[18.7579,45.86],[18.7487,45.8608],[18.7121,45.8691],[18.7008,45.8692],[18.6875,45.8881],[18.6604,45.9011],[18.6592,45.9098],[18.6596,45.9279],[18.6694,45.9579]]]},"properties":{"kind":"roman-road","source":"itinere-roads"}},{"type":"Feature","geometry":{"type":"MultiLineString","coordinates":[[[18.7587,46.0871],[18.7569,46.0949],[18.7599,46.0976],[18.7602,46.1001],[18.7557,46.1088],[18.7507,46.1125],[18.7438,46.1239],[18.737,46.1275],[18.7224,46.1491],[18.7226,46.1656],[18.7185,46.1787],[18.7197,46.1852],[18.7252,46.1878],[18.7228,46.2021],[18.7124,46.2179],[18.7054,46.2234],[18.7053,46.2267],[18.7017,46.2323],[18.6924,46.2408],[18.6858,46.251],[18.6827,46.2776],[18.6861,46.2911],[18.6858,46.2949],[18.6941,46.3091],[18.6998,46.3312],[18.7019,46.3486]]]},"properties":{"kind":"roman-road","source":"itinere-roads"}},{"type":"Feature","geometry":{"type":"MultiLineString","coordinates":[[[18.7019,46.3486],[18.7043,46.3632],[18.7098,46.3783]]]},"properties":{"kind":"roman-road","source":"itinere-roads"}},{"type":"Feature","geometry":{"type":"MultiLineString","coordinates":[[[18.7098,46.3783],[18.7164,46.4015],[18.719,46.404],[18.7751,46.422],[18.7902,46.4237]]]},"properties":{"kind":"roman-road","source":"itinere-roads"}},{"type":"Feature","geometry":{"type":"MultiLineString","coordinates":[[[18.7019,46.3486],[18.7259,46.3386]]]},"properties":{"kind":"roman-road","source":"itinere-roads"}},{"type":"Feature","geometry":{"type":"MultiLineString","coordinates":[[[18.7259,46.3386],[18.7352,46.3321],[18.7442,46.3278],[18.7667,46.3249]]]},"properties":{"kind":"roman-road","source":"itinere-roads"}},{"type":"Feature","geometry":{"type":"MultiLineString","coordinates":[[[17.9435,47.1252],[17.9022,47.1171],[17.8979,47.1173],[17.893,47.1196],[17.8894,47.1232],[17.8835,47.138],[17.8789,47.1393],[17.8273,47.1331],[17.8226,47.1296],[17.8038,47.1252],[17.7651,47.1276],[17.7409,47.1317],[17.7281,47.1381],[17.7133,47.1397],[17.7067,47.1428],[17.6852,47.1431],[17.6539,47.153],[17.627,47.1519],[17.6216,47.1506],[17.6106,47.1434],[17.5826,47.1386],[17.5663,47.1434],[17.5613,47.1429],[17.5532,47.1384],[17.5299,47.1385],[17.4909,47.1258],[17.4676,47.1165],[17.4435,47.1109],[17.4404,47.1116]]]},"properties":{"kind":"roman-road","source":"itinere-roads"}},{"type":"Feature","geometry":{"type":"MultiLineString","coordinates":[[[16.8368,47.1343],[16.8294,47.1395],[16.8252,47.145],[16.8144,47.1509],[16.8053,47.1535],[16.8015,47.1581],[16.7889,47.1616],[16.7794,47.1689],[16.7712,47.1706],[16.7638,47.176],[16.7493,47.1805],[16.7446,47.1837],[16.7261,47.1895],[16.6985,47.1925],[16.6966,47.1944],[16.6917,47.1953],[16.688,47.1975],[16.661,47.203],[16.6494,47.2034],[16.6414,47.2068],[16.6375,47.2116],[16.6341,47.2208],[16.6275,47.2315]]]},"properties":{"kind":"roman-road","source":"itinere-roads"}},{"type":"Feature","geometry":{"type":"MultiLineString","coordinates":[[[16.8784,47.1049],[16.8771,47.1057],[16.8802,47.1113],[16.8701,47.1169],[16.8656,47.1261],[16.8543,47.1297],[16.8497,47.1359],[16.8368,47.1343]]]},"properties":{"kind":"roman-road","source":"itinere-roads"}},{"type":"Feature","geometry":{"type":"MultiLineString","coordinates":[[[17.3113,47.1214],[17.2841,47.1169],[17.2326,47.1209],[17.2064,47.1202],[17.1651,47.1107],[17.1574,47.1115],[17.1497,47.1172],[17.1451,47.1184],[17.1112,47.115],[17.1015,47.1124],[17.086,47.1014],[17.053,47.0951],[17.0272,47.0948],[17.0094,47.0968],[16.9958,47.1012],[16.9914,47.1008],[16.9834,47.103],[16.9736,47.108],[16.9628,47.1072],[16.9443,47.1029],[16.9261,47.103],[16.8992,47.1008],[16.8971,47.1043],[16.8784,47.1049]]]},"properties":{"kind":"roman-road","source":"itinere-roads"}},{"type":"Feature","geometry":{"type":"MultiLineString","coordinates":[[[17.4404,47.1116],[17.4112,47.1195],[17.3683,47.1255],[17.3493,47.1309],[17.3414,47.1307],[17.3348,47.1265],[17.3254,47.1229],[17.3113,47.1214]]]},"properties":{"kind":"roman-road","source":"itinere-roads"}},{"type":"Feature","geometry":{"type":"MultiLineString","coordinates":[[[17.9435,47.1252],[17.9512,47.1411],[17.9451,47.1536],[17.9397,47.1546],[17.9332,47.1642],[17.9394,47.1658],[17.9395,47.1694],[17.9284,47.1819],[17.9196,47.1956],[17.9205,47.205],[17.909,47.2148],[17.8996,47.2194],[17.887,47.2511],[17.8826,47.2584],[17.8832,47.2615],[17.8758,47.2689],[17.8725,47.2748],[17.8703,47.2823],[17.8657,47.2876],[17.865,47.3023],[17.8606,47.3081],[17.8484,47.318],[17.8459,47.3185],[17.8414,47.3241],[17.8411,47.3303],[17.837,47.3328],[17.8362,47.3368],[17.8307,47.3412],[17.8329,47.3447],[17.8333,47.351],[17.8191,47.3616],[17.8197,47.3653],[17.8166,47.3686],[17.8152,47.3728],[17.8037,47.3816],[17.7999,47.3828],[17.7996,47.3892],[17.8035,47.391],[17.8027,47.3962],[17.7982,47.4058],[17.7991,47.4088],[17.8055,47.4149],[17.7913,47.4447],[17.7915,47.4477],[17.7893,47.4513],[17.7941,47.4545],[17.7935,47.457],[17.7973,47.4665],[17.7801,47.493],[17.7538,47.5168],[17.7551,47.5227],[17.7593,47.5249],[17.7599,47.5314],[17.7552,47.5418],[17.7566,47.5444],[17.7512,47.5496],[17.7509,47.5526],[17.7429,47.5578],[17.7407,47.5722],[17.7467,47.578],[17.7647,47.5878],[17.7603,47.5924],[17.7554,47.5938],[17.7342,47.6124],[17.7159,47.6235],[17.6977,47.6383],[17.6903,47.6422],[17.6589,47.6538],[17.6498,47.6644],[17.6421,47.6783],[17.6355,47.684]]]},"properties":{"kind":"roman-road","source":"itinere-roads"}},{"type":"Feature","geometry":{"type":"MultiLineString","coordinates":[[[16.6368,47.2358],[16.6377,47.2346],[16.6476,47.2326],[16.7363,47.2168],[16.773,47.2078],[16.7824,47.203],[16.8154,47.2059],[16.8182,47.2048],[16.8265,47.2059],[16.8277,47.2051],[16.8384,47.2099],[16.8411,47.2099],[16.8492,47.2064],[16.8804,47.2104],[16.907,47.2075],[16.911,47.2046],[16.9445,47.2065],[16.9462,47.2044],[16.9455,47.2],[16.9485,47.1981],[16.9483,47.1951],[16.9704,47.1693],[16.9955,47.164],[16.9996,47.1657],[17.0072,47.1635],[17.0084,47.162],[17.0267,47.1597],[17.0609,47.1603],[17.0837,47.1505],[17.115,47.1427],[17.1602,47.1368],[17.1747,47.1362],[17.176,47.1377],[17.1993,47.1412],[17.2028,47.1391],[17.2404,47.1468],[17.2503,47.1464],[17.2739,47.1361],[17.2945,47.1302],[17.3113,47.1214]]]},"properties":{"kind":"roman-road","source":"itinere-roads"}},{"type":"Feature","geometry":{"type":"MultiLineString","coordinates":[[[17.4404,47.1116],[17.438,47.1087],[17.4368,47.1037],[17.4322,47.0991],[17.4162,47.092],[17.4121,47.0873],[17.3843,47.0734],[17.3739,47.0721],[17.3674,47.0698],[17.3535,47.0697],[17.3504,47.0668],[17.3433,47.0654],[17.3393,47.0589],[17.3382,47.0542],[17.3288,47.0447],[17.3233,47.0436],[17.3162,47.0384],[17.3033,47.0333],[17.2962,47.0286],[17.293,47.0248],[17.2915,47.0159],[17.2747,47.0018],[17.2696,46.991],[17.278,46.9833],[17.2819,46.9776],[17.2769,46.9756],[17.2754,46.9699],[17.2652,46.9552],[17.2587,46.9507]]]},"properties":{"kind":"roman-road","source":"itinere-roads"}},{"type":"Feature","geometry":{"type":"MultiLineString","coordinates":[[[17.2587,46.9507],[17.2196,46.943],[17.2019,46.9446],[17.1755,46.9336],[17.1647,46.9313],[17.1574,46.9364],[17.1585,46.9396],[17.1462,46.9404],[17.1403,46.9447],[17.1371,46.9445],[17.1325,46.9389],[17.1281,46.9372],[17.1215,46.9322],[17.0922,46.9296],[17.0812,46.94],[17.0796,46.9434],[17.0768,46.9434],[17.0759,46.9459],[17.0789,46.9472],[17.0756,46.9562],[17.0693,46.9623],[17.0692,46.967],[17.0569,46.9649],[17.0548,46.9722],[17.0514,46.9737],[17.0404,46.9719],[17.0353,46.9758],[17.0287,46.974],[17.0254,46.9792],[17.0319,46.981],[17.0287,46.9836],[17.025,46.9922],[17.027,47.0037],[17.0209,47.0188],[17.0131,47.0289],[16.9902,47.0413],[16.9854,47.0375],[16.9741,47.032],[16.963,47.0438],[16.9539,47.0473],[16.9514,47.0512],[16.9457,47.0543],[16.942,47.063],[16.9413,47.0665],[16.9423,47.0725],[16.9413,47.0748],[16.9368,47.0773],[16.9299,47.0844],[16.9178,47.0818],[16.9116,47.0827],[16.8955,47.0906],[16.8923,47.0982],[16.8784,47.1049]]]},"properties":{"kind":"roman-road","source":"itinere-roads"}},{"type":"Feature","geometry":{"type":"MultiLineString","coordinates":[[[17.2999,46.65],[17.3196,46.6632],[17.3473,46.6693],[17.3528,46.6696],[17.389,46.6609],[17.3955,46.6393],[17.396,46.6261],[17.4031,46.6062],[17.4063,46.5926],[17.4098,46.5882],[17.4119,46.5829]]]},"properties":{"kind":"roman-road","source":"itinere-roads"}},{"type":"Feature","geometry":{"type":"MultiLineString","coordinates":[[[17.4248,46.4101],[17.4232,46.3829],[17.4242,46.368],[17.4209,46.354],[17.418,46.3301],[17.412,46.3225],[17.41,46.3162],[17.4106,46.3095]]]},"properties":{"kind":"roman-road","source":"itinere-roads"}},{"type":"Feature","geometry":{"type":"MultiLineString","coordinates":[[[17.4119,46.5829],[17.4135,46.5791],[17.4214,46.5806],[17.4243,46.5723],[17.4319,46.5244],[17.4346,46.4941],[17.4321,46.4877],[17.4319,46.4807],[17.4225,46.4414],[17.4248,46.4101]]]},"properties":{"kind":"roman-road","source":"itinere-roads"}},{"type":"Feature","geometry":{"type":"MultiLineString","coordinates":[[[17.2999,46.65],[17.3004,46.6421],[17.2987,46.6397],[17.3005,46.6134],[17.2998,46.5928],[17.2972,46.5885],[17.2975,46.5832],[17.294,46.5776],[17.2955,46.5706],[17.2937,46.5675],[17.2937,46.5566],[17.2963,46.5518],[17.315,46.536],[17.3169,46.5331],[17.3166,46.5282],[17.314,46.5277],[17.3119,46.5244],[17.313,46.5143],[17.3159,46.51],[17.3189,46.5009],[17.3228,46.4741],[17.3289,46.4644],[17.3299,46.459],[17.3428,46.4503],[17.3507,46.4498],[17.3582,46.4511],[17.3738,46.4483],[17.377,46.4402],[17.377,46.4359],[17.3839,46.4133],[17.3862,46.4124],[17.3856,46.4064]]]},"properties":{"kind":"roman-road","source":"itinere-roads"}},{"type":"Feature","geometry":{"type":"MultiLineString","coordinates":[[[17.3856,46.4064],[17.3926,46.359],[17.3956,46.3278],[17.4006,46.3161],[17.4106,46.3095]]]},"properties":{"kind":"roman-road","source":"itinere-roads"}},{"type":"Feature","geometry":{"type":"MultiLineString","coordinates":[[[18.7098,46.3783],[18.6961,46.3803],[18.6757,46.3765],[18.664,46.3688],[18.6296,46.3615],[18.6236,46.3614],[18.6081,46.3571],[18.5918,46.3454],[18.5798,46.3305],[18.5659,46.3204],[18.5462,46.3093],[18.5358,46.2894],[18.5161,46.2762],[18.5113,46.2644],[18.5089,46.2619],[18.5052,46.2624],[18.4985,46.2601],[18.4933,46.2547],[18.4792,46.2497],[18.4776,46.2472],[18.4788,46.2436],[18.4782,46.2338],[18.4754,46.2297],[18.4693,46.2263],[18.4713,46.2246],[18.4677,46.2203],[18.4561,46.2129],[18.4524,46.206],[18.4535,46.2001],[18.4494,46.1945],[18.4471,46.1862],[18.4473,46.1807],[18.4377,46.1648],[18.4342,46.1599],[18.4289,46.1577],[18.4221,46.1582]]]},"properties":{"kind":"roman-road","source":"itinere-roads"}},{"type":"Feature","geometry":{"type":"MultiLineString","coordinates":[[[18.2529,46.079],[18.2281,46.076]]]},"properties":{"kind":"roman-road","source":"itinere-roads"}},{"type":"Feature","geometry":{"type":"MultiLineString","coordinates":[[[18.4221,46.1582],[18.4177,46.1584],[18.4097,46.1503],[18.4077,46.1457],[18.3989,46.1426],[18.39,46.1376],[18.3663,46.1319],[18.3469,46.1253],[18.3432,46.1216],[18.3175,46.1089],[18.3039,46.1061],[18.2974,46.1033],[18.2785,46.0886],[18.2529,46.079]]]},"properties":{"kind":"roman-road","source":"itinere-roads"}},{"type":"Feature","geometry":{"type":"MultiLineString","coordinates":[[[16.0791,46.4309],[16.0895,46.4257],[16.1123,46.418],[16.1109,46.4162],[16.1193,46.4112],[16.1302,46.4083],[16.1323,46.4066],[16.1601,46.4085],[16.1654,46.4128],[16.1726,46.4093],[16.1895,46.4092],[16.2015,46.4058],[16.2084,46.4024],[16.2099,46.4003],[16.2171,46.3977],[16.2235,46.3988],[16.2381,46.3976],[16.2481,46.3988],[16.2702,46.3961],[16.2778,46.3943],[16.282,46.3903],[16.2886,46.3886],[16.4042,46.385],[16.4081,46.3877],[16.4245,46.3873],[16.4325,46.391],[16.4401,46.391],[16.4403,46.3882],[16.4462,46.3839],[16.5507,46.376],[16.5597,46.3883],[16.5743,46.4009],[16.5892,46.408],[16.5996,46.411],[16.6179,46.4133],[16.6426,46.4128],[16.6782,46.407],[16.685,46.4075],[16.6894,46.4131],[16.6891,46.4176],[16.6949,46.4205],[16.715,46.4186],[16.7235,46.4237],[16.7218,46.4293],[16.7225,46.4335],[16.7625,46.4406],[16.7692,46.4456],[16.7763,46.4475],[16.792,46.4478],[16.8004,46.4504],[16.8098,46.4507],[16.8138,46.4534],[16.8375,46.4582],[16.8426,46.457],[16.8905,46.4583],[16.8956,46.4597],[16.9373,46.4615],[16.9451,46.4623],[16.9598,46.4666],[17.0,46.4668],[17.0056,46.4655],[17.0119,46.4665],[17.021,46.4653],[17.0353,46.4691],[17.0429,46.4633],[17.0553,46.4642],[17.1237,46.4534],[17.1303,46.4511],[17.1416,46.4525],[17.1708,46.4457],[17.1983,46.445],[17.2164,46.4344],[17.234,46.4333],[17.2428,46.4342],[17.2429,46.43],[17.2506,46.4283],[17.2929,46.4109],[17.298,46.4122],[17.3695,46.4048],[17.3856,46.4064]]]},"properties":{"kind":"roman-road","source":"itinere-roads"}},{"type":"Feature","geometry":{"type":"MultiLineString","coordinates":[[[17.3856,46.4064],[17.4248,46.4101]]]},"properties":{"kind":"roman-road","source":"itinere-roads"}},{"type":"Feature","geometry":{"type":"MultiLineString","coordinates":[[[17.4248,46.4101],[17.4909,46.3981],[17.5001,46.395],[17.5033,46.392],[17.511,46.3919],[17.5182,46.3876],[17.5305,46.3894],[17.5793,46.3691],[17.6475,46.3566],[17.6537,46.3591],[17.6728,46.3631],[17.6783,46.3615],[17.7014,46.366],[17.7452,46.3676],[17.7571,46.3652],[17.7649,46.366],[17.7743,46.3625],[17.7895,46.3652],[17.808,46.3654],[17.822,46.3605],[17.8362,46.3649],[17.8495,46.366],[17.8715,46.3592],[17.8766,46.3593],[17.8816,46.3617],[17.9112,46.368],[17.916,46.3701],[17.9701,46.3547],[18.0026,46.3634],[18.018,46.3647],[18.0674,46.3765],[18.0806,46.3776],[18.0955,46.3757]]]},"properties":{"kind":"roman-road","source":"itinere-roads"}},{"type":"Feature","geometry":{"type":"MultiLineString","coordinates":[[[18.1877,46.9914],[18.1804,46.9861],[18.1644,46.9666],[18.157,46.9594],[18.1401,46.9321],[18.1315,46.9266],[18.0812,46.9044],[18.0497,46.8929],[18.0171,46.8841],[17.9776,46.8809],[17.9653,46.8847],[17.9302,46.876],[17.9122,46.8674],[17.909,46.864],[17.8789,46.8494],[17.8781,46.8479],[17.8587,46.8413],[17.8399,46.8279],[17.83,46.8247],[17.8167,46.8255],[17.7942,46.8172],[17.7853,46.8122],[17.7798,46.8064],[17.7769,46.8052],[17.7634,46.8063],[17.6941,46.7862],[17.6969,46.7834],[17.6979,46.7793],[17.6964,46.7743],[17.6825,46.7539],[17.6655,46.7345],[17.6738,46.7154],[17.676,46.7068],[17.6536,46.6846],[17.6443,46.6731],[17.6434,46.6668],[17.6359,46.6655],[17.6366,46.6584],[17.6394,46.6549],[17.64,46.643],[17.6418,46.6409],[17.6433,46.6312],[17.6403,46.6284],[17.6371,46.6141],[17.6333,46.6127],[17.6334,46.608],[17.6298,46.6071],[17.6279,46.6037],[17.6175,46.6002],[17.6034,46.5907],[17.5778,46.5839],[17.5279,46.577],[17.5097,46.572],[17.4851,46.5694],[17.4532,46.5851],[17.4324,46.585],[17.4119,46.5829]]]},"properties":{"kind":"roman-road","source":"itinere-roads"}},{"type":"Feature","geometry":{"type":"MultiLineString","coordinates":[[[18.3021,47.2926],[18.317,47.2791],[18.3223,47.2712],[18.3341,47.2655],[18.3474,47.251],[18.3719,47.2332],[18.3888,47.2177],[18.3985,47.2113],[18.407,47.2034],[18.41,47.1992],[18.4093,47.1961],[18.4138,47.1887],[18.4218,47.1687],[18.4252,47.1664],[18.4293,47.1577],[18.4371,47.1488]]]},"properties":{"kind":"roman-road","source":"itinere-roads"}},{"type":"Feature","geometry":{"type":"MultiLineString","coordinates":[[[18.8615,47.1406],[18.8395,47.1405],[18.8221,47.1338],[18.8149,47.1277],[18.7979,47.1208],[18.7824,47.1175],[18.7664,47.1113],[18.7506,47.1104],[18.7265,47.1028],[18.707,47.0846],[18.7013,47.0878],[18.6279,47.1076],[18.593,47.1119],[18.5885,47.1117],[18.583,47.1087],[18.5792,47.111],[18.5705,47.1096],[18.549,47.1032],[18.5148,47.0997],[18.5035,47.1018],[18.4789,47.1031]]]},"properties":{"kind":"roman-road","source":"itinere-roads"}},{"type":"Feature","geometry":{"type":"MultiLineString","coordinates":[[[18.4789,47.1031],[18.4445,47.1044],[18.4196,47.0913]]]},"properties":{"kind":"roman-road","source":"itinere-roads"}},{"type":"Feature","geometry":{"type":"MultiLineString","coordinates":[[[18.9333,46.9792],[18.9227,46.979],[18.8723,46.9597],[18.855,46.9552],[18.8313,46.9454],[18.8149,46.9435],[18.7622,46.9175],[18.7499,46.9145],[18.7094,46.8984],[18.709,46.8945],[18.6821,46.8816],[18.6781,46.8785],[18.6764,46.875],[18.631,46.8588]]]},"properties":{"kind":"roman-road","source":"itinere-roads"}},{"type":"Feature","geometry":{"type":"MultiLineString","coordinates":[[[18.631,46.8588],[18.6268,46.8556],[18.604,46.8503],[18.5802,46.8534],[18.565,46.8481],[18.5593,46.8437],[18.5258,46.8358],[18.5174,46.8319]]]},"properties":{"kind":"roman-road","source":"itinere-roads"}},{"type":"Feature","geometry":{"type":"MultiLineString","coordinates":[[[18.4196,47.0913],[18.4283,47.0644],[18.4387,47.0458],[18.4453,47.0262],[18.4519,47.0187],[18.4572,47.0092],[18.4634,47.0068],[18.4646,47.0042],[18.4632,47.0011],[18.4891,46.9582],[18.4754,46.9486],[18.4754,46.9436],[18.4671,46.9276],[18.4747,46.8899],[18.4913,46.8738],[18.5013,46.8597],[18.5064,46.849],[18.5174,46.8319]]]},"properties":{"kind":"roman-road","source":"itinere-roads"}},{"type":"Feature","geometry":{"type":"MultiLineString","coordinates":[[[18.3553,46.5384],[18.3602,46.5324],[18.368,46.5281],[18.378,46.5248],[18.3827,46.5242],[18.3882,46.5253],[18.3962,46.5095],[18.3943,46.5064],[18.3768,46.4937],[18.3698,46.4788],[18.3651,46.4746],[18.3592,46.4721],[18.355,46.4687],[18.3375,46.4648],[18.3223,46.4583],[18.3194,46.4534],[18.3196,46.4476],[18.3145,46.4484],[18.3104,46.4467],[18.3058,46.4474],[18.2926,46.4451],[18.2756,46.4479],[18.269,46.4464],[18.2582,46.4466],[18.2432,46.441],[18.2415,46.4389],[18.2402,46.431],[18.2349,46.4275],[18.2341,46.4256],[18.2255,46.4229],[18.2217,46.4262],[18.2141,46.4267],[18.2032,46.4218],[18.1855,46.4171],[18.1783,46.4097],[18.1592,46.402],[18.1474,46.3954],[18.142,46.3869],[18.131,46.3832],[18.1296,46.3693],[18.128,46.3639],[18.1257,46.3615],[18.1269,46.3365],[18.1212,46.3346]]]},"properties":{"kind":"roman-road","source":"itinere-roads"}},{"type":"Feature","geometry":{"type":"MultiLineString","coordinates":[[[18.5174,46.8319],[18.5211,46.8215],[18.5396,46.7906],[18.5413,46.7574],[18.53,46.7483],[18.5175,46.7449],[18.4772,46.729],[18.4328,46.6891],[18.4306,46.6851],[18.4287,46.6727],[18.4115,46.6565],[18.4087,46.6506],[18.4078,46.6033],[18.403,46.5951],[18.4026,46.5891],[18.4002,46.5835],[18.3964,46.5798],[18.3908,46.5785],[18.3902,46.5759],[18.3742,46.5695],[18.3716,46.5659],[18.3684,46.5572],[18.3642,46.5528],[18.361,46.5426],[18.3553,46.5384]]]},"properties":{"kind":"roman-road","source":"itinere-roads"}},{"type":"Feature","geometry":{"type":"MultiLineString","coordinates":[[[18.3553,46.5384],[18.3503,46.5411],[18.3215,46.5727],[18.3155,46.5834],[18.3128,46.5922],[18.3078,46.6022],[18.3035,46.606],[18.3024,46.6108],[18.293,46.6234],[18.2815,46.6323],[18.2818,46.6356],[18.2724,46.6592],[18.2687,46.663],[18.2714,46.6718],[18.2763,46.6777],[18.2787,46.6838],[18.2821,46.7132],[18.2872,46.7242],[18.286,46.743],[18.2829,46.7506],[18.2804,46.7533],[18.2806,46.7665],[18.2768,46.7774],[18.2768,46.7837],[18.2873,46.7919],[18.2836,46.8186],[18.2817,46.8234],[18.2858,46.8267],[18.2698,46.8311],[18.267,46.834],[18.2648,46.8394],[18.2662,46.8444],[18.2648,46.8487],[18.2667,46.8539],[18.2727,46.8632],[18.2708,46.8696],[18.2672,46.8734],[18.2666,46.876],[18.2695,46.8809],[18.2664,46.8881],[18.2642,46.9161],[18.2592,46.9218],[18.2461,46.9263],[18.2429,46.9295]]]},"properties":{"kind":"roman-road","source":"itinere-roads"}},{"type":"Feature","geometry":{"type":"MultiLineString","coordinates":[[[18.4371,47.1488],[18.4289,47.1364],[18.4214,47.1127],[18.4196,47.0913]]]},"properties":{"kind":"roman-road","source":"itinere-roads"}},{"type":"Feature","geometry":{"type":"MultiLineString","coordinates":[[[18.573,47.2293],[18.5684,47.2265],[18.5628,47.2256],[18.5564,47.2214],[18.5057,47.2072],[18.5005,47.2032],[18.4912,47.1828],[18.4606,47.1684],[18.4371,47.1488]]]},"properties":{"kind":"roman-road","source":"itinere-roads"}},{"type":"Feature","geometry":{"type":"MultiLineString","coordinates":[[[18.2281,46.076],[18.2419,46.0804],[18.2576,46.0941],[18.2603,46.0984],[18.2593,46.1119],[18.2609,46.1153],[18.2615,46.122],[18.2525,46.1302],[18.2506,46.1352],[18.25,46.1452],[18.2478,46.1479],[18.2431,46.1476],[18.2439,46.1529],[18.2424,46.1568],[18.2387,46.1604],[18.2254,46.1599],[18.2152,46.1615],[18.2151,46.1675],[18.2123,46.1716],[18.2091,46.1812],[18.1953,46.199],[18.1935,46.2069],[18.1891,46.2106],[18.1788,46.2097],[18.1719,46.214],[18.1406,46.2141],[18.1283,46.2153],[18.1235,46.2171],[18.121,46.222],[18.1218,46.2252],[18.1205,46.2472],[18.1193,46.2501],[18.1066,46.2527],[18.1061,46.2628],[18.1046,46.2648],[18.1037,46.2716],[18.1115,46.2827],[18.1184,46.2862],[18.1234,46.2964],[18.1313,46.3056],[18.1322,46.3189],[18.1212,46.3346]]]},"properties":{"kind":"roman-road","source":"itinere-roads"}},{"type":"Feature","geometry":{"type":"MultiLineString","coordinates":[[[18.1212,46.3346],[18.117,46.3425],[18.1081,46.3516],[18.1037,46.3584],[18.1057,46.3603],[18.1005,46.3662],[18.0955,46.3757]]]},"properties":{"kind":"roman-road","source":"itinere-roads"}},{"type":"Feature","geometry":{"type":"MultiLineString","coordinates":[[[18.0955,46.3757],[18.0938,46.3784],[18.0837,46.4198],[18.095,46.4495],[18.0939,46.4696],[18.101,46.4776],[18.1303,46.4919],[18.132,46.4999],[18.1287,46.5103],[18.1197,46.5282],[18.1232,46.536],[18.1259,46.5357],[18.1353,46.5385],[18.1444,46.5464],[18.1492,46.5475],[18.1661,46.5602],[18.1744,46.5695],[18.1713,46.576],[18.1665,46.5813],[18.1665,46.5829],[18.1608,46.5867],[18.1609,46.589],[18.1578,46.5929],[18.1485,46.5998],[18.1416,46.6075],[18.136,46.6089],[18.1306,46.6139],[18.1059,46.6208],[18.1007,46.625],[18.0871,46.6291],[18.076,46.6338],[18.0723,46.637],[18.0684,46.6439],[18.0633,46.6457],[18.0598,46.6513],[18.0595,46.6585],[18.0525,46.6712],[18.0509,46.6881],[18.0607,46.6906],[18.0673,46.6938],[18.0682,46.6959],[18.086,46.6984],[18.0817,46.708],[18.0765,46.7117],[18.0744,46.7186],[18.0885,46.7227],[18.0923,46.7249],[18.0929,46.7287],[18.0877,46.7333],[18.0878,46.7372],[18.0896,46.7401],[18.0929,46.74],[18.1026,46.7434],[18.0985,46.7469],[18.0942,46.7558],[18.0982,46.7568],[18.0986,46.7593],[18.0969,46.7673],[18.0981,46.776],[18.0957,46.7813],[18.0986,46.7887],[18.1088,46.7923],[18.1063,46.7976],[18.1087,46.8034],[18.1076,46.8145],[18.109,46.8197],[18.1074,46.8243],[18.1098,46.8304],[18.1045,46.8323],[18.1015,46.8377],[18.1244,46.844],[18.148,46.8558],[18.1536,46.8574],[18.1578,46.857],[18.1649,46.8595],[18.1636,46.8631],[18.1892,46.873],[18.1951,46.8843],[18.2025,46.8944],[18.2048,46.9076],[18.2364,46.9171],[18.2386,46.9198],[18.238,46.9239],[18.2402,46.9249],[18.2403,46.9285],[18.2429,46.9295]]]},"properties":{"kind":"roman-road","source":"itinere-roads"}},{"type":"Feature","geometry":{"type":"MultiLineString","coordinates":[[[18.2281,46.076],[18.1923,46.0654],[18.1619,46.0652],[18.1548,46.0637]]]},"properties":{"kind":"roman-road","source":"itinere-roads"}},{"type":"Feature","geometry":{"type":"MultiLineString","coordinates":[[[17.7852,46.0483],[17.7796,46.0562],[17.7509,46.0879],[17.7488,46.0922],[17.7497,46.0947],[17.716,46.1061],[17.6693,46.1253],[17.667,46.1281],[17.6654,46.1346],[17.6457,46.1394],[17.6481,46.1471],[17.6351,46.1544],[17.6286,46.1596],[17.6276,46.1618],[17.6214,46.1612],[17.6139,46.1632],[17.6055,46.1619],[17.5989,46.163],[17.598,46.1681],[17.593,46.1703],[17.588,46.1782],[17.5599,46.2081],[17.5483,46.224],[17.5377,46.233],[17.5336,46.2346],[17.53,46.2403],[17.5112,46.25],[17.4536,46.2388],[17.454,46.2551],[17.4561,46.2638],[17.4531,46.2783],[17.4489,46.2851],[17.4483,46.2921],[17.4408,46.2927],[17.4194,46.2902],[17.4139,46.2958],[17.4106,46.3095]]]},"properties":{"kind":"roman-road","source":"itinere-roads"}},{"type":"Feature","geometry":{"type":"MultiLineString","coordinates":[[[18.0585,46.0485],[18.0502,46.0428],[18.0256,46.0317],[17.9864,46.0403],[17.9857,46.0429]]]},"properties":{"kind":"roman-road","source":"itinere-roads"}},{"type":"Feature","geometry":{"type":"MultiLineString","coordinates":[[[17.9857,46.0429],[17.9749,46.0431],[17.9497,46.0375],[17.9312,46.0392],[17.9003,46.0491],[17.8646,46.0477],[17.8376,46.0495],[17.8199,46.0483],[17.815,46.0428],[17.8026,46.0433],[17.7986,46.0442],[17.797,46.0472],[17.792,46.0468],[17.7852,46.0483]]]},"properties":{"kind":"roman-road","source":"itinere-roads"}},{"type":"Feature","geometry":{"type":"MultiLineString","coordinates":[[[18.1548,46.0637],[18.1382,46.0616],[18.1224,46.062],[18.0777,46.0525],[18.0685,46.0519],[18.0585,46.0485]]]},"properties":{"kind":"roman-road","source":"itinere-roads"}},{"type":"Feature","geometry":{"type":"MultiLineString","coordinates":[[[17.9857,46.0429],[17.9907,46.0591],[17.9904,46.0819]]]},"properties":{"kind":"roman-road","source":"itinere-roads"}},{"type":"Feature","geometry":{"type":"MultiLineString","coordinates":[[[17.9904,46.0819],[17.981,46.0895]]]},"properties":{"kind":"roman-road","source":"itinere-roads"}},{"type":"Feature","geometry":{"type":"MultiLineString","coordinates":[[[17.9904,46.0819],[17.9908,46.0789],[17.9935,46.0763],[18.0028,46.0743],[18.0155,46.0774],[18.0281,46.0768],[18.048,46.0726],[18.0499,46.0704],[18.0531,46.0534],[18.0585,46.0485]]]},"properties":{"kind":"roman-road","source":"itinere-roads"}},{"type":"Feature","geometry":{"type":"MultiLineString","coordinates":[[[16.4672,46.6256],[16.4893,46.6441],[16.4924,46.6494],[16.5027,46.6605],[16.5163,46.6731],[16.5247,46.6772],[16.534,46.6854],[16.5369,46.6902],[16.5451,46.6946],[16.5517,46.7061],[16.5517,46.7127],[16.5496,46.7226],[16.5566,46.747],[16.5673,46.7688],[16.5658,46.7751],[16.5671,46.7792],[16.566,46.7833],[16.5682,46.7873],[16.5632,46.7976],[16.5626,46.8094],[16.5658,46.8119],[16.5777,46.8163],[16.5809,46.8206],[16.5862,46.8339],[16.5902,46.8346],[16.5883,46.8375],[16.5887,46.8411],[16.5848,46.8471]]]},"properties":{"kind":"roman-road","source":"itinere-roads"}},{"type":"Feature","geometry":{"type":"MultiLineString","coordinates":[[[17.968,45.752],[17.9683,45.7598],[17.9731,45.7786],[17.9717,45.7946],[17.9641,45.8091],[17.9714,45.8279],[17.973,45.8291],[17.9725,45.833],[17.9827,45.855],[17.9824,45.86],[17.9856,45.8605],[18.0111,45.8921],[18.0159,45.8931],[18.0322,45.8921],[18.039,45.8951],[18.0407,45.902],[18.0454,45.9044],[18.0812,45.9483],[18.0879,45.9523],[18.0889,45.957],[18.127,45.9683],[18.1293,45.9699],[18.1358,45.9697],[18.1378,45.9744],[18.151,45.9824],[18.154,45.9926],[18.1599,45.9994],[18.1611,46.0178],[18.1547,46.0425],[18.1548,46.0637]]]},"properties":{"kind":"roman-road","source":"itinere-roads"}},{"type":"Feature","geometry":{"type":"MultiLineString","coordinates":[[[18.7902,46.5053],[18.7662,46.5296],[18.7609,46.5334],[18.7502,46.5501],[18.737,46.5509],[18.73,46.5595],[18.7298,46.5687],[18.7216,46.5913],[18.7169,46.6013],[18.7148,46.6028],[18.7092,46.6132],[18.6949,46.6338],[18.6939,46.6395],[18.6874,46.6502],[18.6918,46.6527],[18.6861,46.6599],[18.6827,46.6609],[18.672,46.6723],[18.6695,46.6733],[18.6657,46.679],[18.6679,46.6802],[18.6719,46.6865],[18.6731,46.6939],[18.6711,46.6994],[18.6683,46.7026],[18.6649,46.716],[18.6557,46.7388],[18.6453,46.7464],[18.6353,46.7632],[18.6322,46.7648],[18.6275,46.7706],[18.6297,46.7717],[18.6334,46.7788],[18.6408,46.8138],[18.6366,46.8243],[18.6356,46.8444],[18.631,46.8588]]]},"properties":{"kind":"roman-road","source":"itinere-roads"}},{"type":"Feature","geometry":{"type":"MultiLineString","coordinates":[[[18.631,46.8588],[18.6269,46.867],[18.6256,46.8748],[18.6122,46.901],[18.6059,46.9161],[18.6028,46.9203],[18.5911,46.9474],[18.5725,46.9714],[18.5531,47.0089],[18.5464,47.0174],[18.517,47.0625],[18.5039,47.0789],[18.4789,47.1031]]]},"properties":{"kind":"roman-road","source":"itinere-roads"}},{"type":"Feature","geometry":{"type":"MultiLineString","coordinates":[[[18.3021,47.2926],[18.2972,47.2863],[18.2886,47.2841],[18.2874,47.2801],[18.2732,47.2682],[18.2762,47.2669],[18.2762,47.2642],[18.2652,47.262],[18.261,47.2568],[18.2548,47.2583],[18.2525,47.2565],[18.2436,47.258],[18.2279,47.2435],[18.2191,47.2377],[18.2169,47.2343],[18.2139,47.2339],[18.2056,47.2383],[18.199,47.2318],[18.1805,47.2211],[18.1784,47.2146],[18.1792,47.2108],[18.1767,47.2089],[18.1645,47.2083],[18.1611,47.2069],[18.1602,47.2036],[18.1614,47.2006],[18.1601,47.197],[18.1441,47.1915],[18.1377,47.1873],[18.1356,47.1844],[18.1298,47.183],[18.1214,47.1842],[18.1131,47.1815],[18.104,47.173],[18.0899,47.168],[18.0812,47.1604],[18.0762,47.1529],[18.0652,47.1442],[18.0569,47.1427],[18.0531,47.1388],[18.0426,47.136],[18.0392,47.1306],[18.0365,47.1299],[18.0326,47.1261],[18.0353,47.1211],[18.0386,47.1096],[18.0427,47.1092],[18.045,47.1061],[18.0389,47.092]]]},"properties":{"kind":"roman-road","source":"itinere-roads"}},{"type":"Feature","geometry":{"type":"MultiLineString","coordinates":[[[18.7587,46.0827],[18.7552,46.0825],[18.7517,46.079],[18.7285,46.0733],[18.7119,46.0747],[18.6983,46.0812],[18.6775,46.0801],[18.6694,46.082],[18.663,46.0798],[18.6583,46.0808],[18.6515,46.0904],[18.634,46.0946],[18.629,46.0925],[18.6237,46.0934],[18.619,46.1007],[18.6132,46.1043],[18.6054,46.1221],[18.5899,46.1275],[18.5863,46.1314],[18.5803,46.135],[18.5716,46.1362],[18.5639,46.1402],[18.5551,46.1416],[18.5457,46.1407],[18.5384,46.1376],[18.5323,46.134],[18.5263,46.1266],[18.5188,46.123],[18.5146,46.1189],[18.5038,46.1123],[18.4914,46.1083],[18.4863,46.1098],[18.4859,46.1065],[18.4768,46.1018],[18.4729,46.1015],[18.4721,46.0969],[18.4691,46.0939],[18.4642,46.0941],[18.4616,46.1004],[18.4577,46.1005],[18.4446,46.1116],[18.438,46.1208],[18.4364,46.1292],[18.4313,46.137],[18.4311,46.14],[18.4238,46.1506],[18.4221,46.1582]]]},"properties":{"kind":"roman-road","source":"itinere-roads"}},{"type":"Feature","geometry":{"type":"MultiLineString","coordinates":[[[18.7923,45.8343],[18.7808,45.8317],[18.775,45.833],[18.7644,45.8303],[18.7578,45.8258],[18.7566,45.8232],[18.7511,45.8189],[18.7377,45.816],[18.7253,45.8166],[18.7205,45.8189],[18.7039,45.819],[18.6829,45.8146],[18.6694,45.8136],[18.6703,45.8096],[18.6591,45.8083],[18.6592,45.8062],[18.6377,45.8098],[18.6335,45.8085],[18.6036,45.828],[18.5949,45.8313],[18.5927,45.8378],[18.582,45.8512],[18.5685,45.855],[18.5648,45.8605],[18.5563,45.8631],[18.5426,45.8636],[18.5223,45.8667],[18.5112,45.8721],[18.4996,45.8842],[18.4965,45.9035],[18.4917,45.9106],[18.478,45.921],[18.4612,45.9519],[18.4352,45.9715],[18.425,45.9771],[18.4111,45.9893],[18.4065,45.995],[18.3959,45.9999],[18.3606,46.0223],[18.3094,46.051],[18.2835,46.0548],[18.2807,46.0599],[18.2759,46.0622],[18.273,46.0668],[18.2591,46.0786],[18.2529,46.079]]]},"properties":{"kind":"roman-road","source":"itinere-roads"}},{"type":"Feature","geometry":{"type":"MultiLineString","coordinates":[[[17.7852,46.0483],[17.7197,46.0374],[17.7103,46.0344],[17.6653,46.0346],[17.63,46.021],[17.6225,46.0209],[17.618,46.0266],[17.5885,46.0459],[17.5736,46.0522],[17.5636,46.0541],[17.5512,46.0537],[17.5504,46.0472],[17.5368,46.048],[17.5314,46.0515],[17.4533,46.0609],[17.4461,46.0608],[17.4447,46.066],[17.4305,46.0583],[17.4072,46.0499],[17.3919,46.0479],[17.3446,46.038]]]},"properties":{"kind":"roman-road","source":"itinere-roads"}},{"type":"Feature","geometry":{"type":"MultiLineString","coordinates":[[[17.3446,46.038],[17.3373,46.0367],[17.3195,46.0401],[17.3037,46.0408],[17.2969,46.0389],[17.266,46.0375],[17.2446,46.0296],[17.2446,46.0268],[17.2545,46.0175],[17.2564,46.0108],[17.2522,46.0084],[17.2458,45.9996],[17.2295,45.9967],[17.2237,45.9997],[17.2147,46.0021],[17.2023,46.002],[17.1841,45.9969],[17.1707,45.9968],[17.1587,45.9872],[17.1566,45.9839]]]},"properties":{"kind":"roman-road","source":"itinere-roads"}},{"type":"Feature","geometry":{"type":"MultiLineString","coordinates":[[[18.2429,46.9295],[18.251,46.9308],[18.2468,46.9357],[18.2525,46.9412],[18.26,46.9539],[18.2763,46.9919],[18.2882,47.0124],[18.3603,47.0513],[18.4021,47.0792],[18.4057,47.0838],[18.4161,47.0879],[18.4196,47.0913]]]},"properties":{"kind":"roman-road","source":"itinere-roads"}},{"type":"Feature","geometry":{"type":"MultiLineString","coordinates":[[[16.8368,47.1343],[16.8349,47.1232],[16.8292,47.1086],[16.8291,47.1049],[16.8263,47.102],[16.8135,47.1005],[16.8108,47.0972],[16.8116,47.0926],[16.7915,47.0899],[16.7752,47.0832],[16.7665,47.0816],[16.7405,47.0728],[16.7114,47.0599],[16.6963,47.0559],[16.6899,47.0512],[16.668,47.0429],[16.6618,47.0389],[16.648,47.0333],[16.6318,47.0287],[16.6155,47.0194],[16.609,47.0128],[16.605,47.0108]]]},"properties":{"kind":"roman-road","source":"itinere-roads"}},{"type":"Feature","geometry":{"type":"MultiLineString","coordinates":[[[16.605,47.0108],[16.5797,47.0097],[16.5725,47.0076],[16.5484,47.0068]]]},"properties":{"kind":"roman-road","source":"itinere-roads"}},{"type":"Feature","geometry":{"type":"MultiLineString","coordinates":[[[17.9435,47.1252],[17.9488,47.1262],[18.0002,47.1075],[18.0248,47.0941],[18.0389,47.092]]]},"properties":{"kind":"roman-road","source":"itinere-roads"}},{"type":"Feature","geometry":{"type":"MultiLineString","coordinates":[[[18.0389,47.092],[18.0475,47.0899],[18.0513,47.0876],[18.0745,47.0692],[18.0914,47.0486],[18.1086,47.0359],[18.1327,47.0309],[18.1438,47.0237],[18.165,47.0171],[18.1711,47.012],[18.1803,46.9978],[18.1877,46.9914]]]},"properties":{"kind":"roman-road","source":"itinere-roads"}},{"type":"Feature","geometry":{"type":"MultiLineString","coordinates":[[[17.2999,46.65],[17.2971,46.6555],[17.2961,46.6609],[17.299,46.6644],[17.2996,46.6688],[17.2955,46.6786],[17.2892,46.686],[17.2752,46.693],[17.2708,46.6992],[17.253,46.7052],[17.2433,46.7146],[17.2409,46.7239],[17.2319,46.7236],[17.2252,46.7334],[17.2209,46.7422],[17.2137,46.765],[17.2154,46.7687],[17.2265,46.7777],[17.2136,46.788],[17.2069,46.7983],[17.2063,46.8074],[17.2019,46.8149],[17.2013,46.8241],[17.1951,46.8317],[17.1995,46.8604],[17.2026,46.8639],[17.2127,46.8706],[17.2201,46.8723],[17.2216,46.8823],[17.2269,46.8832],[17.229,46.8919],[17.2453,46.9129],[17.2467,46.9189],[17.2451,46.9211],[17.2458,46.9283],[17.2438,46.9343],[17.2512,46.9409],[17.2587,46.9507]]]},"properties":{"kind":"roman-road","source":"itinere-roads"}},{"type":"Feature","geometry":{"type":"MultiLineString","coordinates":[[[18.2429,46.9295],[18.2362,46.9376],[18.2326,46.9397],[18.2282,46.9507],[18.2168,46.9567],[18.2009,46.9781],[18.1925,46.9853],[18.1877,46.9914]]]},"properties":{"kind":"roman-road","source":"itinere-roads"}},{"type":"Feature","geometry":{"type":"MultiLineString","coordinates":[[[16.5848,46.8471],[16.585,46.8564],[16.5862,46.8589],[16.5945,46.8657],[16.598,46.8755],[16.6039,46.9032],[16.6036,46.9059],[16.5988,46.9141],[16.6056,46.9735],[16.6088,46.9798],[16.6177,46.9856],[16.6173,46.9891],[16.605,47.0108]]]},"properties":{"kind":"roman-road","source":"itinere-roads"}},{"type":"Feature","geometry":{"type":"MultiLineString","coordinates":[[[17.4106,46.3095],[17.4007,46.3061],[17.3948,46.3061],[17.3781,46.295],[17.3616,46.288],[17.3558,46.2512],[17.3555,46.242],[17.3575,46.2298],[17.3628,46.2294],[17.3628,46.2155],[17.3652,46.21],[17.363,46.209],[17.3578,46.186],[17.3544,46.1851],[17.351,46.1808],[17.3488,46.1442],[17.3452,46.1365],[17.3436,46.1203],[17.3421,46.1172],[17.3308,46.1184],[17.3282,46.1164],[17.3258,46.1113],[17.3303,46.1047],[17.333,46.1036],[17.3361,46.0991],[17.3371,46.0662],[17.3419,46.0542],[17.3401,46.0498],[17.3446,46.038]]]},"properties":{"kind":"roman-road","source":"itinere-roads"}},{"type":"Feature","geometry":{"type":"MultiLineString","coordinates":[[[8.6004,39.8804],[8.6537,39.9154],[8.6873,39.9336],[8.7127,39.9377],[8.7168,39.9414],[8.7234,39.9568],[8.7319,39.9671],[8.7342,39.9734],[8.7429,39.9835],[8.7551,39.9893],[8.7647,39.9923],[8.7959,39.9926]]]},"properties":{"kind":"roman-road","source":"itinere-roads"}},{"type":"Feature","geometry":{"type":"MultiLineString","coordinates":[[[8.7959,39.9926],[8.8186,40.008],[8.8362,40.0317],[8.8384,40.0448],[8.8369,40.0561],[8.8266,40.0723],[8.8191,40.0904],[8.8184,40.1057],[8.8102,40.1255],[8.7871,40.199],[8.7649,40.2386],[8.7663,40.2465],[8.7803,40.2697],[8.7874,40.299],[8.7879,40.3461],[8.7775,40.3759]]]},"properties":{"kind":"roman-road","source":"itinere-roads"}},{"type":"Feature","geometry":{"type":"MultiLineString","coordinates":[[[8.7775,40.3759],[8.778,40.3928],[8.7897,40.4099],[8.8061,40.4256],[8.8197,40.4412],[8.8373,40.467],[8.8466,40.4745],[8.8619,40.4901],[8.8725,40.5052],[8.8727,40.5222],[8.8685,40.5327],[8.8487,40.5417],[8.8298,40.5521],[8.8464,40.5751],[8.8543,40.5895],[8.8642,40.6029],[8.8826,40.6233],[8.9044,40.6447],[8.9277,40.6576],[8.9483,40.6654],[8.9663,40.6693],[8.996,40.678],[9.0386,40.7073]]]},"properties":{"kind":"roman-road","source":"itinere-roads"}},{"type":"Feature","geometry":{"type":"MultiLineString","coordinates":[[[9.0386,40.7073],[9.0117,40.7227],[8.9978,40.737],[8.9955,40.7456],[9.0022,40.7564],[9.0045,40.766],[9.0033,40.7761],[8.9855,40.7911],[8.9568,40.81],[8.9417,40.8236],[8.9206,40.8383],[8.9021,40.8473]]]},"properties":{"kind":"roman-road","source":"itinere-roads"}},{"type":"Feature","geometry":{"type":"MultiLineString","coordinates":[[[8.9021,40.8473],[8.8874,40.8679],[8.8776,40.8872],[8.8646,40.903],[8.8435,40.9178],[8.8205,40.9296]]]},"properties":{"kind":"roman-road","source":"itinere-roads"}},{"type":"Feature","geometry":{"type":"MultiLineString","coordinates":[[[9.1086,39.2251],[9.1014,39.2642],[9.0919,39.2946],[9.0878,39.3224],[9.0893,39.3408],[9.0894,39.3647],[9.0872,39.3862],[9.0869,39.4067],[9.1059,39.4376],[9.1051,39.4556],[9.0998,39.4852],[9.1018,39.4982],[9.1117,39.5128],[9.1243,39.5241],[9.127,39.5383],[9.1282,39.5661],[9.1305,39.5734],[9.1256,39.5918],[9.1256,39.598],[9.1298,39.6069],[9.1325,39.6301],[9.1253,39.6452],[9.1261,39.6532],[9.1311,39.6624],[9.1323,39.6673],[9.1403,39.6765],[9.1424,39.6873],[9.1338,39.7057],[9.1282,39.7147],[9.1251,39.7421],[9.1117,39.7551],[9.0949,39.7625],[9.0765,39.7687],[9.0497,39.7841],[9.0451,39.7921],[9.0428,39.8028],[9.0414,39.8223],[9.0465,39.8491],[9.0507,39.8645],[9.0549,39.8735],[9.0657,39.8793],[9.0965,39.8767],[9.114,39.8911],[9.1166,39.8981],[9.1141,39.9068],[9.0983,39.9133],[9.0833,39.9235],[9.0691,39.9402],[9.0566,39.9524],[9.0566,39.9711],[9.0667,39.9824],[9.0717,39.9991],[9.0809,40.0126],[9.0909,40.0197],[9.1393,40.0305],[9.1452,40.0344],[9.1485,40.0395],[9.1475,40.0459],[9.1455,40.0498],[9.1508,40.054],[9.1518,40.0574],[9.1476,40.0628],[9.1432,40.0726],[9.1445,40.0838],[9.1587,40.0927],[9.1688,40.0953],[9.1751,40.1001],[9.1771,40.1177],[9.188,40.1222],[9.2014,40.1222],[9.21,40.118],[9.2239,40.1145],[9.2338,40.1156],[9.2465,40.1215],[9.2664,40.1435],[9.2727,40.1517],[9.2743,40.1564],[9.2914,40.1696],[9.2926,40.1795],[9.2882,40.1877],[9.2901,40.1964],[9.2849,40.2074],[9.2806,40.212],[9.2787,40.2186],[9.2754,40.2241],[9.2759,40.2487],[9.273,40.2578],[9.2806,40.2693],[9.2882,40.286],[9.3016,40.2982],[9.3101,40.3116],[9.3076,40.3193],[9.2959,40.3354],[9.2851,40.3475],[9.2827,40.368],[9.2833,40.3717],[9.2789,40.3774],[9.2802,40.384],[9.2878,40.3898],[9.3013,40.3968],[9.3019,40.4031],[9.3104,40.4102],[9.3416,40.4108],[9.35,40.4147],[9.3571,40.4197],[9.3585,40.4377],[9.367,40.4493],[9.3771,40.4582],[9.3873,40.464],[9.3915,40.471],[9.3892,40.4737],[9.3772,40.4749],[9.3745,40.4896],[9.3563,40.4897],[9.3429,40.4955],[9.3362,40.5065],[9.3383,40.5146],[9.3453,40.5225],[9.3461,40.5706]]]},"properties":{"kind":"roman-road","source":"itinere-roads"}},{"type":"Feature","geometry":{"type":"MultiLineString","coordinates":[[[9.3461,40.5706],[9.3452,40.5815],[9.3351,40.6178],[9.3279,40.6363],[9.3296,40.6448],[9.3365,40.65],[9.3449,40.6542],[9.3498,40.6592],[9.3656,40.6834],[9.373,40.6912],[9.3767,40.699],[9.3786,40.7086],[9.393,40.7329],[9.4035,40.7443],[9.4194,40.7554],[9.4362,40.7739],[9.4443,40.781],[9.447,40.7996],[9.4458,40.8152],[9.4426,40.8258],[9.4426,40.8323],[9.4513,40.8399],[9.4633,40.8434],[9.47,40.8484],[9.478,40.8625],[9.4795,40.8761],[9.4829,40.8882],[9.4878,40.8929],[9.4889,40.9024],[9.4949,40.9125],[9.4958,40.9214]]]},"properties":{"kind":"roman-road","source":"itinere-roads"}},{"type":"Feature","geometry":{"type":"MultiLineString","coordinates":[[[8.4918,39.0959],[8.4887,39.1056],[8.4804,39.1198],[8.4659,39.135],[8.4545,39.1517],[8.4503,39.1645],[8.451,39.205],[8.4591,39.2221],[8.4599,39.2429],[8.469,39.2637],[8.4813,39.2781],[8.5109,39.2908],[8.513,39.3029],[8.5129,39.314],[8.528,39.3277],[8.528,39.3357],[8.5194,39.3518],[8.5077,39.3653],[8.4908,39.3803],[8.4781,39.3884],[8.454,39.3973],[8.4589,39.413],[8.4699,39.4234],[8.4913,39.4348],[8.4925,39.4485],[8.4726,39.468],[8.4731,39.473],[8.4864,39.4841],[8.4925,39.4909],[8.5065,39.4937],[8.5126,39.5065],[8.5312,39.5155],[8.5443,39.5197],[8.5527,39.5275],[8.5683,39.5285],[8.5875,39.5331],[8.5981,39.538],[8.598,39.5501],[8.6135,39.5525],[8.6221,39.5524],[8.6351,39.5625],[8.6407,39.5697],[8.6413,39.5856],[8.6047,39.6444],[8.586,39.6675],[8.5677,39.6831],[8.5383,39.6925],[8.5721,39.6875],[8.5937,39.6915],[8.6075,39.6963]]]},"properties":{"kind":"roman-road","source":"itinere-roads"}},{"type":"Feature","geometry":{"type":"MultiLineString","coordinates":[[[8.6075,39.6963],[8.628,39.7554]]]},"properties":{"kind":"roman-road","source":"itinere-roads"}},{"type":"Feature","geometry":{"type":"MultiLineString","coordinates":[[[8.628,39.7554],[8.6324,39.7941],[8.6294,39.8084],[8.599,39.8549],[8.6004,39.8804]]]},"properties":{"kind":"roman-road","source":"itinere-roads"}},{"type":"Feature","geometry":{"type":"MultiLineString","coordinates":[[[8.6004,39.8804],[8.5777,39.894],[8.5579,39.9041],[8.5332,39.9139],[8.5156,39.9175]]]},"properties":{"kind":"roman-road","source":"itinere-roads"}},{"type":"Feature","geometry":{"type":"MultiLineString","coordinates":[[[8.5156,39.9175],[8.522,39.9317],[8.5216,39.9485],[8.5281,39.9807],[8.528,39.9931],[8.5136,40.0225],[8.4897,40.0588],[8.4898,40.0714],[8.4982,40.0883],[8.4835,40.1384],[8.4801,40.1983],[8.4832,40.2111],[8.5045,40.2322],[8.5101,40.2444],[8.5078,40.2602],[8.5021,40.2711],[8.5015,40.2915],[8.5161,40.3057],[8.5145,40.3265],[8.5181,40.3372],[8.5194,40.3522],[8.5091,40.3727],[8.4927,40.3958],[8.4935,40.4291],[8.4869,40.444],[8.4867,40.4647],[8.4681,40.4812],[8.4685,40.492],[8.4609,40.5049],[8.4483,40.5127],[8.434,40.5243],[8.4219,40.5433],[8.3946,40.5547],[8.3847,40.5561],[8.354,40.581],[8.3464,40.59],[8.3429,40.6082],[8.3296,40.6331],[8.3255,40.6497],[8.3227,40.6745],[8.3116,40.6853],[8.2722,40.7049]]]},"properties":{"kind":"roman-road","source":"itinere-roads"}},{"type":"Feature","geometry":{"type":"MultiLineString","coordinates":[[[8.2722,40.7049],[8.2915,40.7343],[8.3099,40.745],[8.3316,40.7634],[8.3467,40.7851],[8.3552,40.8017],[8.357,40.8208],[8.3681,40.8309],[8.3833,40.8359]]]},"properties":{"kind":"roman-road","source":"itinere-roads"}},{"type":"Feature","geometry":{"type":"MultiLineString","coordinates":[[[8.4271,40.8243],[8.438,40.8188],[8.4895,40.8088],[8.5081,40.8073],[8.5662,40.8242],[8.5877,40.8291],[8.6345,40.8717],[8.6552,40.8875],[8.7103,40.9025],[8.7404,40.9068],[8.7737,40.909],[8.7892,40.9126],[8.8205,40.9296]]]},"properties":{"kind":"roman-road","source":"itinere-roads"}},{"type":"Feature","geometry":{"type":"MultiLineString","coordinates":[[[8.3833,40.8359],[8.4052,40.8367],[8.4271,40.8243]]]},"properties":{"kind":"roman-road","source":"itinere-roads"}},{"type":"Feature","geometry":{"type":"MultiLineString","coordinates":[[[9.0386,40.7073],[9.0428,40.6994],[9.0691,40.6249],[9.0742,40.6155],[9.0853,40.6053],[9.0875,40.6016],[9.0867,40.5859],[9.0894,40.5831],[9.0952,40.5805],[9.1185,40.5806],[9.1225,40.5781],[9.131,40.5692],[9.1375,40.5683],[9.1472,40.5684],[9.1799,40.5794],[9.185,40.5794],[9.1963,40.5759],[9.2082,40.5756],[9.2195,40.5799],[9.2413,40.5803],[9.2518,40.5761],[9.2596,40.5681],[9.3192,40.5677],[9.3461,40.5706]]]},"properties":{"kind":"roman-road","source":"itinere-roads"}},{"type":"Feature","geometry":{"type":"MultiLineString","coordinates":[[[9.3461,40.5706],[9.3707,40.5703],[9.3952,40.5673],[9.4159,40.5675],[9.4341,40.575],[9.4662,40.5787],[9.4877,40.5891],[9.5099,40.5903],[9.5336,40.5875],[9.5425,40.5889],[9.5606,40.595],[9.5758,40.5952],[9.5868,40.5911],[9.6067,40.5887],[9.6396,40.5765],[9.6479,40.5754],[9.6595,40.5769],[9.6652,40.5755],[9.6791,40.5691],[9.6887,40.5677],[9.7086,40.5675],[9.7527,40.5697],[9.7628,40.5697],[9.774,40.5678]]]},"properties":{"kind":"roman-road","source":"itinere-roads"}},{"type":"Feature","geometry":{"type":"MultiLineString","coordinates":[[[8.9021,40.8473],[8.9064,40.8552],[8.9148,40.8631],[8.9224,40.868],[8.9481,40.8775],[8.9549,40.8775],[8.973,40.8671],[8.981,40.8659],[8.9991,40.8653],[9.0243,40.8691],[9.0546,40.8836],[9.0629,40.8891],[9.0654,40.8948],[9.0647,40.8997],[9.0751,40.9008],[9.0768,40.9053],[9.0799,40.9085],[9.0853,40.9112],[9.1004,40.9076],[9.1197,40.9072],[9.138,40.9101],[9.1505,40.9101],[9.1542,40.9111],[9.1704,40.9219],[9.1738,40.923],[9.1981,40.9232],[9.2058,40.9123],[9.212,40.9093],[9.227,40.8984],[9.2382,40.8963],[9.244,40.8878],[9.2502,40.8838],[9.2549,40.8831],[9.2647,40.8913],[9.28,40.899],[9.2887,40.8998],[9.3007,40.8987],[9.316,40.8946],[9.3318,40.893],[9.3474,40.8779],[9.3574,40.8733],[9.3648,40.8746]]]},"properties":{"kind":"roman-road","source":"itinere-roads"}},{"type":"Feature","geometry":{"type":"MultiLineString","coordinates":[[[8.2722,40.7049],[8.2616,40.6956],[8.2258,40.6819],[8.2105,40.6887]]]},"properties":{"kind":"roman-road","source":"itinere-roads"}},{"type":"Feature","geometry":{"type":"MultiLineString","coordinates":[[[8.6075,39.6963],[8.6219,39.6959],[8.6563,39.6919],[8.6782,39.6932],[8.6932,39.6978]]]},"properties":{"kind":"roman-road","source":"itinere-roads"}},{"type":"Feature","geometry":{"type":"MultiLineString","coordinates":[[[8.6932,39.6978],[8.7018,39.7003],[8.7316,39.7023],[8.7389,39.7046],[8.744,39.7082],[8.748,39.7123],[8.7499,39.7267],[8.7549,39.7388],[8.7601,39.7466],[8.7723,39.7602],[8.7788,39.764],[8.8124,39.7767],[8.8213,39.7785],[8.8328,39.7888],[8.8369,39.7964],[8.8409,39.8081]]]},"properties":{"kind":"roman-road","source":"itinere-roads"}},{"type":"Feature","geometry":{"type":"MultiLineString","coordinates":[[[8.628,39.7554],[8.6331,39.7603],[8.6622,39.7794],[8.6672,39.7841],[8.6677,39.8124],[8.6743,39.8317],[8.7017,39.8885],[8.7064,39.8954],[8.7169,39.9015],[8.7227,39.9096],[8.7439,39.9217],[8.7473,39.925],[8.7494,39.9296],[8.7541,39.9337],[8.7802,39.9533],[8.7891,39.9634],[8.7938,39.9767],[8.7959,39.9926]]]},"properties":{"kind":"roman-road","source":"itinere-roads"}},{"type":"Feature","geometry":{"type":"MultiLineString","coordinates":[[[8.7959,39.9926],[8.8046,39.9884],[8.8178,39.9744],[8.8209,39.9702],[8.8189,39.9663],[8.8202,39.9627],[8.8243,39.959],[8.8429,39.9596],[8.8663,39.9533],[8.8765,39.9518],[8.8799,39.946],[8.8816,39.9348],[8.8881,39.9239],[8.8891,39.9174],[8.8884,39.9098],[8.8722,39.8913],[8.8675,39.8809],[8.8442,39.8616],[8.8415,39.8564],[8.8395,39.8438],[8.8361,39.8399],[8.8351,39.8292],[8.8358,39.8211],[8.8409,39.8081]]]},"properties":{"kind":"roman-road","source":"itinere-roads"}},{"type":"Feature","geometry":{"type":"MultiLineString","coordinates":[[[8.8409,39.8081],[8.8442,39.802],[8.8461,39.7928],[8.8512,39.7803],[8.8508,39.7625],[8.8247,39.7297],[8.8217,39.6998],[8.8186,39.6938],[8.8117,39.6852],[8.7971,39.67],[8.7941,39.6605],[8.7887,39.6512],[8.7868,39.6429],[8.7865,39.6316],[8.7829,39.6168]]]},"properties":{"kind":"roman-road","source":"itinere-roads"}},{"type":"Feature","geometry":{"type":"MultiLineString","coordinates":[[[8.4425,39.0792],[8.4548,39.0668],[8.4649,39.0647],[8.475,39.0672],[8.4833,39.0791],[8.4918,39.0959]]]},"properties":{"kind":"roman-road","source":"itinere-roads"}},{"type":"Feature","geometry":{"type":"MultiLineString","coordinates":[[[8.4918,39.0959],[8.4893,39.1056],[8.491,39.1177],[8.4902,39.1405],[8.4932,39.1473],[8.5033,39.1588],[8.5043,39.2055],[8.5064,39.2142],[8.5126,39.221],[8.5192,39.2256],[8.5262,39.2265],[8.539,39.2397],[8.5685,39.2621],[8.5818,39.2673],[8.5975,39.269],[8.6163,39.2759],[8.639,39.2792],[8.6526,39.2825],[8.6634,39.2836],[8.7267,39.2775],[8.7525,39.2806],[8.7685,39.2898],[8.7797,39.2914],[8.8017,39.3012],[8.8157,39.3042],[8.8279,39.3042],[8.8394,39.3021],[8.903,39.3038],[8.9348,39.3079],[8.9704,39.3163],[8.9776,39.3198]]]},"properties":{"kind":"roman-road","source":"itinere-roads"}},{"type":"Feature","geometry":{"type":"MultiLineString","coordinates":[[[9.0386,40.7073],[9.048,40.7125],[9.058,40.7154],[9.0671,40.7154],[9.0856,40.7204],[9.0915,40.727],[9.0934,40.7349],[9.0966,40.7392],[9.1101,40.7463],[9.1214,40.762],[9.1295,40.7673],[9.1399,40.7692],[9.1486,40.7739],[9.154,40.7794],[9.16,40.7825],[9.1684,40.7825],[9.1866,40.7862],[9.2076,40.7969],[9.2287,40.803],[9.2412,40.8147],[9.2695,40.8234],[9.2843,40.8296],[9.2877,40.8331],[9.2944,40.8458],[9.3041,40.8512],[9.3365,40.8601],[9.3648,40.8746]]]},"properties":{"kind":"roman-road","source":"itinere-roads"}},{"type":"Feature","geometry":{"type":"MultiLineString","coordinates":[[[9.3648,40.8746],[9.3768,40.8829],[9.386,40.8921],[9.3923,40.9007],[9.3995,40.9059],[9.419,40.9111],[9.442,40.9191],[9.4546,40.9195],[9.4772,40.9232],[9.4841,40.9234],[9.4958,40.9214]]]},"properties":{"kind":"roman-road","source":"itinere-roads"}},{"type":"Feature","geometry":{"type":"MultiLineString","coordinates":[[[8.4271,40.8243],[8.4371,40.8119],[8.4713,40.7863],[8.5057,40.7638],[8.5366,40.7463],[8.5601,40.7284],[8.5846,40.7133],[8.5859,40.7077],[8.5957,40.7054],[8.6043,40.7059],[8.6091,40.7015],[8.6158,40.692],[8.624,40.687],[8.645,40.6779],[8.6789,40.6702],[8.69,40.6691],[8.6985,40.6657],[8.7068,40.6597],[8.7131,40.653],[8.718,40.6205],[8.7206,40.6145],[8.7235,40.601],[8.7462,40.5774],[8.7617,40.5563],[8.7649,40.5481],[8.7685,40.5014],[8.7686,40.4824],[8.7744,40.4455],[8.7735,40.44],[8.7597,40.4262],[8.7544,40.419],[8.7541,40.407],[8.7566,40.402],[8.7741,40.389],[8.7775,40.3759]]]},"properties":{"kind":"roman-road","source":"itinere-roads"}},{"type":"Feature","geometry":{"type":"MultiLineString","coordinates":[[[9.1086,39.2251],[9.1224,39.2418],[9.1375,39.2501],[9.1633,39.2594],[9.1954,39.2686],[9.2217,39.2688],[9.2438,39.2654],[9.2678,39.2634],[9.2878,39.264],[9.3012,39.2678],[9.3658,39.3083],[9.3775,39.3097],[9.391,39.3132],[9.4071,39.3297],[9.4167,39.33],[9.421,39.3318],[9.4362,39.3416],[9.4468,39.3515],[9.4616,39.3538],[9.4697,39.3522],[9.492,39.3568],[9.5025,39.3678],[9.5143,39.3722],[9.5451,39.3721],[9.5533,39.3686],[9.5652,39.3656],[9.5785,39.3671],[9.5924,39.3768],[9.5973,39.3843],[9.6036,39.3989],[9.604,39.4109],[9.5852,39.4224],[9.5787,39.4293],[9.5847,39.4461],[9.6038,39.4605],[9.6059,39.4845],[9.6118,39.5108],[9.6056,39.5192],[9.5949,39.5246],[9.5925,39.5393],[9.5942,39.5559],[9.5905,39.5624],[9.5921,39.574],[9.5898,39.5882],[9.5888,39.6233],[9.582,39.641],[9.5803,39.6659],[9.576,39.6907],[9.5757,39.7235],[9.5727,39.7406],[9.5672,39.7592],[9.549,39.7847],[9.5497,39.7962],[9.5545,39.8007],[9.5621,39.8036],[9.5651,39.8071],[9.5766,39.8074],[9.5829,39.8062],[9.591,39.8016],[9.6226,39.797],[9.6378,39.7989],[9.6506,39.8037],[9.6551,39.8115],[9.6526,39.8223],[9.6439,39.8341],[9.6416,39.8481],[9.6466,39.8595],[9.6493,39.8735],[9.6476,39.8931],[9.6487,39.9377],[9.6505,39.9554],[9.6592,39.975],[9.658,39.9899],[9.6664,39.9989],[9.669,40.0066],[9.675,40.0105],[9.6748,40.0179],[9.6578,40.0346],[9.6383,40.0494],[9.6142,40.0563],[9.6085,40.0666],[9.6015,40.0845],[9.5954,40.0897],[9.5923,40.098],[9.5846,40.1005],[9.568,40.0947],[9.5457,40.0909],[9.532,40.0958],[9.511,40.1184],[9.5054,40.1371],[9.5078,40.1514],[9.5125,40.1595],[9.5266,40.162],[9.5257,40.1686],[9.5265,40.1757],[9.5392,40.1876],[9.5393,40.1969],[9.5445,40.2031],[9.5485,40.2442],[9.5547,40.2556],[9.5667,40.2683],[9.5807,40.2801],[9.5808,40.287],[9.5743,40.3001],[9.5744,40.3082],[9.5797,40.3144],[9.5884,40.3196],[9.5919,40.3344],[9.6076,40.3693],[9.6183,40.3798],[9.6371,40.3878],[9.6658,40.3854],[9.6745,40.3837],[9.6888,40.3785],[9.7032,40.3781],[9.7246,40.4057],[9.742,40.4134],[9.7644,40.4183],[9.7678,40.4222],[9.7681,40.4345],[9.7804,40.4866],[9.7946,40.5164],[9.7907,40.5296],[9.774,40.5678]]]},"properties":{"kind":"roman-road","source":"itinere-roads"}},{"type":"Feature","geometry":{"type":"MultiLineString","coordinates":[[[9.774,40.5678],[9.7462,40.5866],[9.7285,40.6007],[9.7182,40.6151],[9.7163,40.6344],[9.7189,40.6828],[9.7132,40.6912],[9.695,40.7101],[9.6953,40.7329],[9.6927,40.7434],[9.6797,40.7534],[9.663,40.7703],[9.6414,40.7973],[9.6273,40.829],[9.6049,40.8584],[9.5876,40.8746],[9.562,40.8908],[9.5349,40.9018],[9.5104,40.9084],[9.4999,40.9141],[9.4958,40.9214]]]},"properties":{"kind":"roman-road","source":"itinere-roads"}},{"type":"Feature","geometry":{"type":"MultiLineString","coordinates":[[[9.4958,40.9214],[9.4936,40.9531],[9.4881,40.9693],[9.4875,40.9834],[9.4698,40.9927],[9.4479,41.0007],[9.4359,41.0106],[9.4334,41.0233],[9.436,41.0364],[9.4346,41.0597],[9.4306,41.0662],[9.3974,41.0764],[9.3788,41.0869],[9.3692,41.1109],[9.3693,41.133],[9.3727,41.1575],[9.3728,41.1753],[9.3647,41.176],[9.3524,41.1723],[9.3247,41.1698],[9.3134,41.1651],[9.3012,41.1651],[9.2705,41.1821],[9.2584,41.1947],[9.2549,41.2038],[9.243,41.2193],[9.2358,41.2237],[9.2142,41.2275],[9.2052,41.2243],[9.1949,41.2228],[9.1891,41.2244],[9.1746,41.2335],[9.1812,41.2118],[9.1882,41.1997],[9.1863,41.1917],[9.1784,41.1799],[9.1645,41.1632],[9.1366,41.1459],[9.1112,41.1342],[9.0727,41.1213],[9.0202,41.0938],[8.9977,41.0718],[8.9868,41.0589],[8.9798,41.0469],[8.9636,41.0337],[8.9554,41.0291],[8.944,41.0261],[8.9278,41.0196],[8.9176,41.0131],[8.9119,41.0026],[8.905,40.9827],[8.8733,40.9655],[8.8698,40.954],[8.8617,40.9445],[8.8345,40.9362],[8.8205,40.9296]]]},"properties":{"kind":"roman-road","source":"itinere-roads"}},{"type":"Feature","geometry":{"type":"MultiLineString","coordinates":[[[8.5156,39.9175],[8.4823,39.9232],[8.4386,39.9222],[8.426,39.9106],[8.4255,39.9022],[8.4341,39.8797]]]},"properties":{"kind":"roman-road","source":"itinere-roads"}},{"type":"Feature","geometry":{"type":"MultiLineString","coordinates":[[[8.3833,40.8359],[8.3282,40.8363],[8.2939,40.8409],[8.2715,40.8476],[8.2396,40.8914],[8.2281,40.9147],[8.2227,40.9317],[8.2154,40.9388],[8.2045,40.9591]]]},"properties":{"kind":"roman-road","source":"itinere-roads"}},{"type":"Feature","geometry":{"type":"MultiLineString","coordinates":[[[9.1086,39.2251],[9.0921,39.2368],[9.059,39.2637],[9.0021,39.3008],[8.9776,39.3198]]]},"properties":{"kind":"roman-road","source":"itinere-roads"}},{"type":"Feature","geometry":{"type":"MultiLineString","coordinates":[[[8.9776,39.3198],[8.9524,39.3424],[8.9441,39.367],[8.9172,39.4203],[8.9143,39.4309],[8.9113,39.4524],[8.9125,39.4655],[8.9027,39.4819],[8.8884,39.5009],[8.873,39.5186],[8.8587,39.5309],[8.8278,39.5468],[8.814,39.5596],[8.8008,39.5764],[8.7829,39.6168]]]},"properties":{"kind":"roman-road","source":"itinere-roads"}},{"type":"Feature","geometry":{"type":"MultiLineString","coordinates":[[[8.7829,39.6168],[8.7209,39.6707],[8.6932,39.6978]]]},"properties":{"kind":"roman-road","source":"itinere-roads"}},{"type":"Feature","geometry":{"type":"MultiLineString","coordinates":[[[8.6932,39.6978],[8.6711,39.7149],[8.6525,39.7259],[8.6385,39.7363],[8.6302,39.7474],[8.628,39.7554]]]},"properties":{"kind":"roman-road","source":"itinere-roads"}},{"type":"Feature","geometry":{"type":"MultiLineString","coordinates":[[[9.1086,39.2251],[9.0601,39.1973],[9.0394,39.1817],[9.0084,39.1504],[9.0027,39.1381],[9.0018,39.1106],[9.015,39.0577],[9.0147,39.0254],[9.0018,39.0035],[8.9684,38.9759],[8.9407,38.9474],[8.9153,38.9294],[8.8985,38.926],[8.8933,38.9155],[8.8876,38.9103],[8.8635,38.895],[8.848,38.893],[8.8302,38.8958],[8.8111,38.9067],[8.8065,38.9108],[8.806,38.9208],[8.8001,38.9249],[8.801,38.9347],[8.8114,38.9377],[8.8113,38.9505],[8.7784,38.9667],[8.7457,38.9648],[8.7077,38.9787],[8.6985,38.9862],[8.6883,38.991],[8.6565,38.9958],[8.6167,39.0358],[8.6012,39.0466],[8.5577,39.0714],[8.5432,39.0865],[8.5216,39.0944],[8.5072,39.096],[8.4918,39.0959]]]},"properties":{"kind":"roman-road","source":"itinere-roads"}},{"type":"Feature","geometry":{"type":"MultiLineString","coordinates":[[[13.5864,37.3113],[13.5818,37.3167],[13.5953,37.3248],[13.5957,37.3276],[13.5924,37.3377],[13.5962,37.3419],[13.6069,37.344],[13.6199,37.3495],[13.6248,37.3537],[13.6326,37.3571],[13.638,37.3627],[13.6413,37.3764],[13.6418,37.3843],[13.6399,37.386],[13.6437,37.391],[13.6443,37.395],[13.6412,37.3987],[13.641,37.4045],[13.636,37.4075],[13.6304,37.4085],[13.6209,37.4077],[13.6172,37.4119],[13.618,37.4143],[13.6153,37.4182],[13.6122,37.4205],[13.6061,37.4189],[13.6011,37.4256],[13.5968,37.4273],[13.593,37.4267],[13.584,37.4284],[13.5812,37.4276],[13.5745,37.4293],[13.5626,37.4283],[13.5575,37.4316],[13.5594,37.4353],[13.5539,37.4436],[13.5592,37.4447],[13.559,37.4476],[13.5621,37.4498],[13.5605,37.454],[13.5528,37.4578],[13.5528,37.4602],[13.5615,37.4673],[13.5582,37.4706],[13.5578,37.4749],[13.5487,37.4832],[13.5373,37.4867],[13.5326,37.5014],[13.5284,37.5095],[13.524,37.513],[13.523,37.5194],[13.5175,37.5313],[13.5192,37.5345],[13.5173,37.539],[13.5007,37.5499],[13.4975,37.5542],[13.4878,37.5583],[13.4802,37.5633],[13.4731,37.5596],[13.4675,37.5613],[13.461,37.56],[13.4559,37.5619],[13.4534,37.5673],[13.4556,37.57],[13.4547,37.5717],[13.4493,37.5739],[13.4499,37.5807],[13.4516,37.5836],[13.4548,37.5846],[13.4572,37.5875],[13.4649,37.5906],[13.4686,37.5988],[13.4833,37.6063],[13.4835,37.6113],[13.4895,37.6207],[13.4924,37.6221],[13.4945,37.6257],[13.4923,37.6283],[13.4947,37.6352],[13.495,37.6406],[13.4919,37.6436],[13.4904,37.6491],[13.4867,37.6555],[13.4871,37.6645],[13.4829,37.6692],[13.4801,37.6763],[13.472,37.6814],[13.4677,37.6825],[13.4678,37.6871],[13.4772,37.6945],[13.4755,37.7009],[13.4654,37.7108],[13.4586,37.7151],[13.4507,37.7181],[13.4437,37.7185],[13.4328,37.7159],[13.4273,37.7171],[13.4227,37.7165],[13.4124,37.7226],[13.4135,37.7309],[13.4173,37.7355],[13.4152,37.74],[13.4123,37.7404],[13.4105,37.7435],[13.3984,37.7462],[13.3961,37.7449],[13.3883,37.7473],[13.3863,37.7505],[13.3867,37.7547],[13.3789,37.7594],[13.3774,37.7641],[13.3752,37.7657],[13.3757,37.7688],[13.3731,37.769],[13.374,37.7791],[13.3712,37.7804],[13.3683,37.7905],[13.3634,37.7933],[13.3645,37.7993],[13.366,37.8006],[13.3683,37.8083],[13.3552,37.8174],[13.3557,37.8211],[13.3535,37.8289],[13.3449,37.836],[13.341,37.837],[13.3408,37.8415],[13.3367,37.8485],[13.3327,37.852],[13.3218,37.8568],[13.3156,37.8644],[13.3089,37.8656],[13.3091,37.8739],[13.3204,37.8817],[13.321,37.885],[13.317,37.8895],[13.3148,37.9005],[13.3104,37.902],[13.3192,37.9121],[13.3163,37.9192],[13.3002,37.927],[13.2982,37.9303],[13.3006,37.9393],[13.3049,37.9425],[13.3115,37.9522],[13.3097,37.9553],[13.3056,37.9562],[13.3106,37.961],[13.3161,37.9629],[13.3145,37.9681],[13.3211,37.9733],[13.323,37.9766],[13.3169,37.9826],[13.3,37.9891],[13.2993,37.9923],[13.3016,37.9959],[13.2957,38.0003],[13.2992,38.0039],[13.2962,38.0077],[13.3014,38.0078],[13.3041,38.012],[13.3087,38.0148],[13.3095,38.0184],[13.3123,38.0208],[13.3156,38.0206],[13.3154,38.0278],[13.3187,38.0304],[13.3235,38.031],[13.3231,38.0328],[13.3094,38.0384],[13.3084,38.0424],[13.3147,38.0471],[13.3119,38.0516],[13.3242,38.0628],[13.3287,38.0729],[13.323,38.0796],[13.3293,38.0853],[13.3349,38.0871],[13.3367,38.0926],[13.3458,38.0975],[13.3515,38.1055],[13.356,38.1079],[13.365,38.1101]]]},"properties":{"kind":"roman-road","source":"itinere-roads"}},{"type":"Feature","geometry":{"type":"MultiLineString","coordinates":[[[13.365,38.1101],[13.3497,38.1337]]]},"properties":{"kind":"roman-road","source":"itinere-roads"}},{"type":"Feature","geometry":{"type":"MultiLineString","coordinates":[[[12.4314,37.8017],[12.434,37.8045],[12.4523,37.8104],[12.4669,37.8175],[12.489,37.8588],[12.4994,37.8857],[12.5118,37.9032],[12.5116,37.908],[12.5057,37.9225],[12.506,37.9287],[12.5077,37.9306],[12.5104,37.942],[12.5145,37.9487],[12.5138,37.9502],[12.5187,37.9651],[12.5287,37.9778],[12.5347,37.9902],[12.536,38.0086],[12.5338,38.0167],[12.53,38.0201]]]},"properties":{"kind":"roman-road","source":"itinere-roads"}},{"type":"Feature","geometry":{"type":"MultiLineString","coordinates":[[[12.53,38.0201],[12.5134,38.0182],[12.5058,38.0161],[12.4987,38.0175]]]},"properties":{"kind":"roman-road","source":"itinere-roads"}},{"type":"Feature","geometry":{"type":"MultiLineString","coordinates":[[[12.53,38.0201],[12.5431,38.0192],[12.5648,38.0145],[12.5805,38.0127],[12.5898,38.006],[12.6239,37.9953],[12.6372,37.9861],[12.6416,37.9802],[12.6577,37.9705],[12.6612,37.9696],[12.6641,37.9659],[12.6791,37.9596],[12.6837,37.9543],[12.6984,37.9432],[12.7238,37.9332],[12.7325,37.9325],[12.7406,37.9292],[12.747,37.929],[12.754,37.9308],[12.7633,37.9304],[12.7675,37.9323],[12.7725,37.9383],[12.7842,37.9434],[12.8051,37.9477],[12.8162,37.9478],[12.8347,37.9518],[12.8425,37.955],[12.8459,37.9545],[12.8538,37.9569],[12.8617,37.9612],[12.8796,37.9626],[12.888,37.9669],[12.8917,37.9729]]]},"properties":{"kind":"roman-road","source":"itinere-roads"}},{"type":"Feature","geometry":{"type":"MultiLineString","coordinates":[[[12.8917,37.9729],[12.897,37.9779],[12.8999,37.9864],[12.9053,37.9891],[12.905,37.9928],[12.9027,37.9945],[12.9027,37.997],[12.8949,38.0071],[12.8911,38.01],[12.8851,38.0211],[12.8817,38.024]]]},"properties":{"kind":"roman-road","source":"itinere-roads"}},{"type":"Feature","geometry":{"type":"MultiLineString","coordinates":[[[12.8917,37.9729],[12.8978,37.9729],[12.9046,37.9771],[12.9107,37.979],[12.9126,37.9818],[12.9205,37.9833],[12.9228,37.9854],[12.9279,37.9856],[12.9384,37.9807],[12.9443,37.9794],[12.9474,37.9807],[12.9524,37.9857],[12.9544,37.9912],[12.9642,37.9933],[12.9698,37.9888],[12.984,37.9848],[12.9975,37.9866],[13.0005,37.991],[13.0053,37.9919],[13.0108,37.9903],[13.0332,37.9987],[13.0407,38.0001],[13.048,38.0053],[13.0534,38.0077],[13.0589,38.0084],[13.0716,38.0157],[13.0769,38.0227],[13.0914,38.0281],[13.1186,38.0468]]]},"properties":{"kind":"roman-road","source":"itinere-roads"}},{"type":"Feature","geometry":{"type":"MultiLineString","coordinates":[[[13.1186,38.0468],[13.1227,38.0481],[13.1243,38.047],[13.141,38.0486],[13.1463,38.0525],[13.1465,38.0569],[13.1452,38.0583],[13.1539,38.0654],[13.1526,38.0678],[13.1545,38.071],[13.1531,38.0737],[13.1611,38.0786],[13.1635,38.0817],[13.1635,38.0847],[13.1675,38.0882],[13.1718,38.0891],[13.1741,38.0917],[13.171,38.0954],[13.1674,38.0956],[13.1675,38.0981],[13.1713,38.1021],[13.1695,38.1083],[13.1739,38.1153],[13.1844,38.1188],[13.1843,38.1228],[13.1818,38.1274],[13.1826,38.1333],[13.1924,38.1359],[13.2029,38.1359],[13.2094,38.138],[13.2245,38.1381],[13.2293,38.1363],[13.231,38.1343],[13.2363,38.1338],[13.2378,38.1279],[13.2406,38.1259],[13.2448,38.1271],[13.2578,38.1353],[13.2654,38.1355],[13.2718,38.1381],[13.2732,38.1398],[13.2783,38.1367],[13.2765,38.1313],[13.2747,38.1317],[13.2733,38.1277],[13.2803,38.1303],[13.2836,38.1269],[13.2949,38.1255],[13.3232,38.127],[13.3497,38.1337]]]},"properties":{"kind":"roman-road","source":"itinere-roads"}},{"type":"Feature","geometry":{"type":"MultiLineString","coordinates":[[[13.365,38.1101],[13.3771,38.0918],[13.3972,38.0872],[13.417,38.0859],[13.4976,38.0867],[13.5154,38.0919],[13.5196,38.0909],[13.528,38.085]]]},"properties":{"kind":"roman-road","source":"itinere-roads"}},{"type":"Feature","geometry":{"type":"MultiLineString","coordinates":[[[12.4476,37.7918],[12.5054,37.7968],[12.5311,37.8045],[12.5447,37.8033],[12.5616,37.7981],[12.5659,37.8002],[12.5815,37.7991],[12.5924,37.8036],[12.6212,37.8017],[12.6254,37.7997],[12.6313,37.7992],[12.6388,37.8018],[12.6666,37.8035],[12.687,37.7934],[12.6919,37.8011],[12.709,37.804],[12.7313,37.8174],[12.7412,37.8192],[12.7433,37.8232],[12.7515,37.8198],[12.7633,37.8289],[12.7698,37.8304],[12.7845,37.8265],[12.7886,37.827],[12.7909,37.8255],[12.7989,37.8274]]]},"properties":{"kind":"roman-road","source":"itinere-roads"}},{"type":"Feature","geometry":{"type":"MultiLineString","coordinates":[[[12.7989,37.8274],[12.7991,37.8187]]]},"properties":{"kind":"roman-road","source":"itinere-roads"}},{"type":"Feature","geometry":{"type":"MultiLineString","coordinates":[[[12.7989,37.8274],[12.804,37.8295],[12.8094,37.8283],[12.8167,37.8322],[12.8244,37.83],[12.8342,37.8329],[12.8373,37.832],[12.8545,37.8399],[12.8599,37.8407],[12.866,37.8403],[12.8715,37.8368],[12.8751,37.8322],[12.8981,37.833],[12.8992,37.8312],[12.9064,37.8277],[12.9337,37.8337],[12.9392,37.8372],[12.9423,37.8482],[12.9449,37.8528],[12.9562,37.862],[12.9667,37.8685],[12.9847,37.8689],[12.9882,37.8701],[12.9935,37.8736],[12.9942,37.8756],[13.0087,37.8824],[13.0145,37.8922],[13.0279,37.9028],[13.0321,37.9093],[13.0367,37.9126],[13.0458,37.9171],[13.0638,37.9229],[13.0757,37.9212],[13.0818,37.9218],[13.0858,37.9247],[13.0881,37.9249],[13.09,37.9278],[13.0887,37.933],[13.0931,37.9419],[13.0965,37.9453],[13.0997,37.9455],[13.1017,37.949],[13.1059,37.9512],[13.0991,37.9602],[13.0966,37.9695],[13.1051,37.9779],[13.1128,37.9764],[13.1154,37.9738],[13.1166,37.9682],[13.1203,37.9668],[13.1262,37.9694],[13.1212,37.9827],[13.1119,37.9878],[13.1103,37.9914],[13.1065,37.9946],[13.1048,37.999],[13.1028,38.0004],[13.102,38.0101],[13.1064,38.0174],[13.1063,38.0211],[13.1148,38.0427],[13.1186,38.0468]]]},"properties":{"kind":"roman-road","source":"itinere-roads"}},{"type":"Feature","geometry":{"type":"MultiLineString","coordinates":[[[13.528,38.085],[13.5322,38.0799],[13.5369,38.0769],[13.5424,38.0759],[13.5419,38.0743],[13.5361,38.0705],[13.535,38.068],[13.5401,38.0577],[13.5464,38.0517],[13.5593,38.0452],[13.5627,38.0403],[13.5663,38.0379],[13.5838,38.0311],[13.5876,38.0284],[13.5886,38.0251],[13.5919,38.0244],[13.5984,38.0265],[13.6195,38.0108],[13.6404,38.0061],[13.641,38.0041],[13.6504,37.9981],[13.6649,37.9933],[13.6742,37.994],[13.6799,37.9922],[13.6893,37.9862],[13.6967,37.9874],[13.703,37.9855],[13.7066,37.9796],[13.7106,37.9774],[13.7221,37.975],[13.7369,37.9745],[13.7433,37.9699],[13.7649,37.9706],[13.7667,37.9676],[13.7717,37.9638],[13.7758,37.9649],[13.7848,37.9626],[13.7929,37.9635],[13.8045,37.966],[13.8218,37.9726]]]},"properties":{"kind":"roman-road","source":"itinere-roads"}},{"type":"Feature","geometry":{"type":"MultiLineString","coordinates":[[[13.8218,37.9726],[13.9339,38.0128],[13.9412,38.0173],[13.9456,38.0228],[13.9511,38.0256],[13.9636,38.0264],[13.9778,38.0256],[14.003,38.0315],[14.0071,38.0308],[14.0223,38.0354],[14.0223,38.0407],[14.0305,38.0398],[14.0312,38.0349],[14.0364,38.0336],[14.0426,38.0293],[14.055,38.0242],[14.0635,38.0181],[14.0719,38.0171],[14.0807,38.018],[14.0883,38.0204],[14.0933,38.0178],[14.1062,38.0144],[14.1268,38.0165],[14.1391,38.0214],[14.1431,38.0218],[14.1466,38.0247],[14.1702,38.0175],[14.1841,38.019],[14.1908,38.0158],[14.1987,38.0144],[14.2085,38.0146],[14.2163,38.0115],[14.2213,38.0121],[14.2277,38.0096],[14.2365,38.0092],[14.2389,38.0103],[14.2498,38.0094],[14.252,38.0075],[14.2604,38.0077]]]},"properties":{"kind":"roman-road","source":"itinere-roads"}},{"type":"Feature","geometry":{"type":"MultiLineString","coordinates":[[[14.2604,38.0077],[14.2662,38.0068],[14.2677,38.0012],[14.261,37.9959],[14.2612,37.9938]]]},"properties":{"kind":"roman-road","source":"itinere-roads"}},{"type":"Feature","geometry":{"type":"MultiLineString","coordinates":[[[14.2604,38.0077],[14.2739,38.0099],[14.2899,38.0063],[14.297,38.0063],[14.3156,38.008],[14.3366,38.0147],[14.3547,38.0138],[14.357,38.0124],[14.3593,38.0141],[14.3684,38.0141],[14.3879,38.0204],[14.4031,38.0218],[14.4209,38.0321],[14.4271,38.0324],[14.4307,38.0283],[14.4326,38.0304],[14.4303,38.0329],[14.4325,38.0362],[14.4379,38.0368],[14.4453,38.0341],[14.455,38.0327],[14.4691,38.0335],[14.4729,38.0321],[14.5126,38.0404],[14.5265,38.042],[14.5403,38.0469],[14.5529,38.0552],[14.5646,38.0592],[14.5745,38.0578],[14.5917,38.0577],[14.6057,38.0612],[14.6093,38.06],[14.6098,38.0578],[14.6138,38.0554],[14.6154,38.0566],[14.6184,38.0639],[14.6213,38.0641],[14.6336,38.0695],[14.6451,38.0707],[14.6564,38.0755],[14.6769,38.086],[14.6958,38.0983],[14.7083,38.1103],[14.7163,38.1135],[14.7189,38.1157],[14.7188,38.119],[14.7308,38.1339],[14.7289,38.1372],[14.744,38.1563],[14.7457,38.1616],[14.7476,38.1632]]]},"properties":{"kind":"roman-road","source":"itinere-roads"}},{"type":"Feature","geometry":{"type":"MultiLineString","coordinates":[[[14.7476,38.1632],[14.7473,38.1603],[14.7497,38.1571],[14.752,38.1569],[14.7528,38.1537],[14.7597,38.1549],[14.7657,38.1517],[14.7786,38.154],[14.7837,38.151],[14.7926,38.1482],[14.8008,38.1485],[14.8056,38.1496],[14.8121,38.1539],[14.823,38.1566],[14.8367,38.1563],[14.8415,38.1576],[14.8569,38.1687],[14.8665,38.168],[14.8766,38.1653],[14.8817,38.1663],[14.8942,38.1717],[14.8996,38.1784],[14.9017,38.1835],[14.9143,38.1861],[14.9168,38.1897],[14.922,38.1881],[14.9246,38.181],[14.9265,38.1795],[14.9343,38.1811],[14.9376,38.1788],[14.9404,38.1713],[14.9535,38.1659],[14.9665,38.1533],[14.9762,38.1478],[14.9961,38.1426],[14.998,38.1371],[15.0021,38.1322],[15.0018,38.1301],[15.0091,38.1244],[15.0118,38.1265],[15.0153,38.1269],[15.0184,38.1252],[15.0244,38.1311],[15.0363,38.1313],[15.036,38.1278],[15.0419,38.1264],[15.0483,38.1297]]]},"properties":{"kind":"roman-road","source":"itinere-roads"}},{"type":"Feature","geometry":{"type":"MultiLineString","coordinates":[[[15.0483,38.1297],[15.0462,38.13],[15.0468,38.1334],[15.0446,38.1353],[15.0485,38.1395],[15.0432,38.1431]]]},"properties":{"kind":"roman-road","source":"itinere-roads"}},{"type":"Feature","geometry":{"type":"MultiLineString","coordinates":[[[15.0483,38.1297],[15.0492,38.1213],[15.0659,38.1145],[15.0805,38.1173],[15.0984,38.114],[15.1062,38.1103],[15.1094,38.1139],[15.1136,38.1141],[15.1249,38.1191],[15.1356,38.1257],[15.1568,38.1343],[15.1682,38.142],[15.1785,38.1418],[15.1878,38.144],[15.1978,38.1412],[15.1993,38.1425],[15.2165,38.1459],[15.2239,38.1493],[15.2266,38.1514],[15.2277,38.1546],[15.222,38.1706],[15.2254,38.1767],[15.2336,38.21],[15.2377,38.213],[15.2418,38.2129],[15.2515,38.2083],[15.2547,38.2049],[15.2712,38.198],[15.2802,38.1956],[15.286,38.199],[15.301,38.1993],[15.319,38.2028],[15.3275,38.2033],[15.3288,38.2021],[15.3325,38.205],[15.3431,38.2082],[15.3498,38.2121],[15.3872,38.2247],[15.4032,38.2275],[15.4137,38.2314],[15.4328,38.2352],[15.4364,38.2392],[15.4453,38.2413],[15.4698,38.2627],[15.4751,38.2659],[15.4805,38.2672],[15.4813,38.2691],[15.4928,38.2784],[15.5027,38.2838],[15.5076,38.2884],[15.5121,38.291],[15.5156,38.2907],[15.5203,38.293],[15.5287,38.2926],[15.5492,38.2951],[15.5537,38.2935],[15.5576,38.2938],[15.5665,38.2866],[15.5737,38.2845],[15.5773,38.2815],[15.5986,38.2728],[15.6128,38.2707],[15.6427,38.2717],[15.6495,38.2704],[15.6515,38.268],[15.6505,38.2662]]]},"properties":{"kind":"roman-road","source":"itinere-roads"}},{"type":"Feature","geometry":{"type":"MultiLineString","coordinates":[[[13.8218,37.9726],[13.8252,37.9724],[13.8263,37.957],[13.8353,37.9454],[13.8479,37.9345],[13.8563,37.9205],[13.857,37.9154],[13.8545,37.9072],[13.8644,37.8826],[13.8658,37.8773],[13.8656,37.8706],[13.8701,37.8661],[13.866,37.8578],[13.8626,37.8575],[13.8603,37.8544],[13.8613,37.8504],[13.8592,37.847],[13.8543,37.8446],[13.8532,37.8334],[13.8586,37.8359],[13.8616,37.8349],[13.8638,37.8365],[13.8724,37.8313],[13.8734,37.8282],[13.8796,37.8266],[13.8824,37.82],[13.8936,37.8223],[13.8977,37.8175],[13.8992,37.8131],[13.8987,37.8097],[13.901,37.8063],[13.9034,37.8058],[13.9096,37.8003],[13.9096,37.7971],[13.9115,37.7937],[13.9203,37.7898],[13.921,37.788],[13.9248,37.7874],[13.929,37.7835],[13.928,37.7794],[13.9369,37.7676],[13.9428,37.7655],[13.946,37.7672],[13.9511,37.7674],[13.9547,37.7649],[13.956,37.761],[13.9648,37.7588],[13.9631,37.7555],[13.967,37.7492],[13.9724,37.7474],[13.9815,37.7394],[13.9865,37.7112],[13.9942,37.7018],[14.0076,37.6966],[14.0057,37.691],[14.0071,37.6871],[14.007,37.6814],[14.0142,37.6763],[14.0191,37.6798],[14.0318,37.6801],[14.0379,37.6849],[14.044,37.6843],[14.05,37.6781],[14.0528,37.6774],[14.0569,37.6686],[14.0663,37.6626],[14.0739,37.6608],[14.0876,37.6614],[14.103,37.6601],[14.1103,37.6531],[14.113,37.6422],[14.1231,37.6209],[14.1258,37.6123],[14.1343,37.6024],[14.1434,37.603],[14.1425,37.6001],[14.1433,37.5947],[14.147,37.5903],[14.1543,37.5885],[14.1603,37.5885],[14.1627,37.5869],[14.1701,37.5872],[14.1803,37.5852],[14.183,37.5829],[14.1879,37.5737],[14.1974,37.5757],[14.1984,37.5708],[14.2023,37.5701],[14.2007,37.5676],[14.2053,37.5672],[14.2081,37.5631],[14.2133,37.562],[14.2344,37.566],[14.2421,37.5654],[14.2451,37.5636],[14.2519,37.5643],[14.2591,37.5631],[14.265,37.5643],[14.2664,37.5634],[14.2799,37.5676]]]},"properties":{"kind":"roman-road","source":"itinere-roads"}},{"type":"Feature","geometry":{"type":"MultiLineString","coordinates":[[[14.2799,37.5676],[14.2833,37.5691],[14.2837,37.5727],[14.2823,37.5773],[14.2835,37.5825],[14.2889,37.5874],[14.2888,37.5895],[14.2926,37.5914],[14.3043,37.5878],[14.3084,37.5887],[14.3112,37.591],[14.3113,37.5936],[14.3166,37.5964],[14.3192,37.5958],[14.3208,37.5986],[14.3267,37.6014],[14.3486,37.6033],[14.3501,37.6047],[14.3684,37.6037],[14.3724,37.6065],[14.3754,37.6064],[14.3871,37.6156],[14.3879,37.6214],[14.385,37.6226],[14.386,37.6268],[14.3935,37.6244],[14.3969,37.627],[14.4012,37.6242],[14.4097,37.622],[14.4152,37.6222],[14.423,37.6327],[14.4307,37.6325],[14.4347,37.6291],[14.444,37.6259],[14.4743,37.6318],[14.4659,37.6411],[14.4726,37.6413],[14.4767,37.6383],[14.4822,37.6406],[14.484,37.6446],[14.4875,37.6455],[14.492,37.6511],[14.4979,37.6529],[14.5054,37.6532],[14.5104,37.6562],[14.5161,37.657],[14.5196,37.6564],[14.529,37.6584],[14.5335,37.6569],[14.5421,37.6575],[14.5447,37.6592],[14.5529,37.6512],[14.5615,37.6508],[14.5645,37.653],[14.5695,37.6529],[14.589,37.6486],[14.596,37.644],[14.5972,37.6414],[14.6051,37.641],[14.6083,37.6434],[14.6158,37.6443],[14.62,37.6417],[14.626,37.6455],[14.6457,37.6513],[14.6606,37.6499],[14.6664,37.6516],[14.6702,37.6547],[14.6826,37.6548],[14.6858,37.6559],[14.6941,37.655],[14.697,37.6521],[14.7104,37.6513],[14.7126,37.647],[14.7073,37.6348],[14.7138,37.6293],[14.7158,37.6259],[14.719,37.6241],[14.7216,37.6257],[14.726,37.6233],[14.7293,37.6249],[14.7359,37.6222],[14.7432,37.6259],[14.7502,37.6257],[14.7517,37.6276],[14.7617,37.6254],[14.7589,37.63],[14.7618,37.6339],[14.765,37.6355],[14.7748,37.6351]]]},"properties":{"kind":"roman-road","source":"itinere-roads"}},{"type":"Feature","geometry":{"type":"MultiLineString","coordinates":[[[14.7748,37.6351],[14.7787,37.6363],[14.7975,37.6338],[14.8075,37.6347],[14.8173,37.6314],[14.818,37.6291],[14.8125,37.6261],[14.8128,37.6243],[14.8095,37.6212],[14.807,37.6213],[14.8087,37.6168],[14.8213,37.6088],[14.8221,37.6062],[14.8144,37.599],[14.8125,37.5944],[14.8171,37.5859],[14.8449,37.5824],[14.8496,37.5829],[14.8637,37.5776],[14.8701,37.5798],[14.8734,37.5781],[14.8789,37.5722],[14.8892,37.5673],[14.9011,37.5673]]]},"properties":{"kind":"roman-road","source":"itinere-roads"}},{"type":"Feature","geometry":{"type":"MultiLineString","coordinates":[[[14.9011,37.5673],[14.9158,37.5698],[14.9214,37.5611],[14.957,37.5401],[14.984,37.5361],[14.9906,37.5332],[14.9968,37.5216],[15.0183,37.5171],[15.0326,37.5118],[15.041,37.5117],[15.0479,37.5076],[15.0506,37.5079],[15.0605,37.5021],[15.0715,37.5013],[15.0869,37.5026]]]},"properties":{"kind":"roman-road","source":"itinere-roads"}},{"type":"Feature","geometry":{"type":"MultiLineString","coordinates":[[[14.7748,37.6351],[14.7717,37.6389],[14.7727,37.6424],[14.771,37.6459],[14.7808,37.6514],[14.7927,37.6565],[14.799,37.6542],[14.8017,37.6574],[14.8082,37.6548],[14.8158,37.6578],[14.8196,37.6578],[14.8219,37.6633],[14.827,37.6651],[14.8325,37.6627],[14.8355,37.6628],[14.8402,37.658],[14.8446,37.6498],[14.8586,37.6481],[14.8834,37.634],[14.8902,37.6317],[14.8914,37.6278],[14.8868,37.6231],[14.8917,37.6203],[14.8902,37.6182],[14.8934,37.6147],[14.9002,37.6114],[14.9023,37.6066],[14.9083,37.6006],[14.9078,37.5973],[14.9091,37.5938],[14.9079,37.5904],[14.9134,37.5823],[14.9088,37.5801],[14.9008,37.5718],[14.9011,37.5673]]]},"properties":{"kind":"roman-road","source":"itinere-roads"}},{"type":"Feature","geometry":{"type":"MultiLineString","coordinates":[[[15.1356,36.6835],[15.1336,36.6813],[15.1029,36.6732],[15.0932,36.6727],[15.0821,36.6756],[15.0815,36.6782],[15.0747,36.6826],[15.0704,36.6887],[15.0666,36.6899],[15.0647,36.694],[15.064,36.6987],[15.065,36.7044],[15.0625,36.7139],[15.0661,36.7175],[15.025,36.7329],[15.0171,36.7336],[15.0145,36.7364],[14.9957,36.7352],[14.9817,36.7448],[14.9787,36.7508],[14.9533,36.7614],[14.9423,36.7694],[14.931,36.7739],[14.9289,36.7762],[14.9145,36.7649],[14.9069,36.7609],[14.8896,36.7559],[14.8783,36.7506],[14.8679,36.743],[14.8587,36.7386],[14.8555,36.7345],[14.8503,36.7335],[14.8492,36.7298],[14.839,36.7312],[14.8304,36.7212],[14.8258,36.7196],[14.8101,36.7191],[14.7963,36.7153],[14.7729,36.7159],[14.7616,36.714],[14.7501,36.723],[14.7475,36.7237],[14.7371,36.7218],[14.7145,36.7216],[14.7063,36.7195],[14.6864,36.7238],[14.6868,36.7316],[14.6838,36.739],[14.6842,36.7453],[14.6808,36.7495],[14.6687,36.7518],[14.6566,36.7559],[14.6553,36.7639],[14.6475,36.7704],[14.6402,36.7728],[14.6201,36.7732],[14.6134,36.7769],[14.6054,36.7765],[14.6064,36.7793],[14.6008,36.7867],[14.6011,36.7896],[14.5951,36.7939],[14.588,36.793],[14.5824,36.7906],[14.5657,36.7909],[14.5585,36.7885],[14.5525,36.7888],[14.5517,36.794],[14.5404,36.8049],[14.5445,36.8105],[14.5503,36.8143],[14.5511,36.8202],[14.5399,36.8234],[14.5389,36.8263],[14.528,36.8278],[14.5186,36.8317],[14.5098,36.8272],[14.495,36.8281],[14.4881,36.8322],[14.4805,36.8348],[14.477,36.8387],[14.4737,36.84],[14.4591,36.8417],[14.4578,36.8434],[14.459,36.8504],[14.4642,36.8552],[14.4653,36.8617],[14.4584,36.8686]]]},"properties":{"kind":"roman-road","source":"itinere-roads"}},{"type":"Feature","geometry":{"type":"MultiLineString","coordinates":[[[15.5541,38.1793],[15.5565,38.1821],[15.5585,38.209],[15.5623,38.2154],[15.5618,38.2184],[15.5644,38.2203],[15.5646,38.2232],[15.5694,38.2284],[15.5732,38.2358],[15.5784,38.2386],[15.5835,38.2474],[15.6059,38.2558],[15.6505,38.2662]]]},"properties":{"kind":"roman-road","source":"itinere-roads"}},{"type":"Feature","geometry":{"type":"MultiLineString","coordinates":[[[15.0869,37.5026],[15.0955,37.5037],[15.102,37.5102],[15.1055,37.5167],[15.1058,37.52],[15.1122,37.5266],[15.1099,37.5312],[15.1151,37.5336],[15.1197,37.5389],[15.1292,37.5409],[15.1312,37.545],[15.1411,37.5469],[15.1449,37.5522],[15.1451,37.5563],[15.1594,37.5624],[15.1607,37.5659],[15.1637,37.5679],[15.1674,37.574],[15.1696,37.5841],[15.1676,37.5973],[15.1691,37.6084],[15.1712,37.6138],[15.1697,37.6174],[15.1688,37.628],[15.1655,37.6365],[15.163,37.6383],[15.1568,37.6471],[15.157,37.6484],[15.169,37.6695],[15.173,37.6793],[15.1713,37.6847],[15.1743,37.6995],[15.174,37.7075],[15.1768,37.7148],[15.1841,37.7253],[15.1875,37.7439],[15.1923,37.7466],[15.1967,37.7579],[15.1948,37.7662],[15.2008,37.7748],[15.2034,37.7881],[15.2103,37.7955],[15.2109,37.7985],[15.2203,37.8059],[15.2268,37.8065],[15.2337,37.8116],[15.2526,37.8207],[15.2594,37.8202],[15.2638,37.8219],[15.2704,37.8342],[15.2844,37.8473],[15.2893,37.8484],[15.2971,37.8469],[15.297,37.8511],[15.3006,37.8539],[15.3005,37.8566],[15.2952,37.8596],[15.2976,37.8687],[15.3034,37.8803],[15.3177,37.89],[15.3313,37.905],[15.3387,37.9104],[15.3427,37.916],[15.3443,37.9221],[15.3503,37.9284],[15.3523,37.9356],[15.3617,37.9429],[15.367,37.951],[15.3806,37.9643],[15.3843,37.9696],[15.3893,37.9723],[15.4101,37.9924],[15.4126,37.9988],[15.4202,38.0028],[15.4282,38.0127],[15.4371,38.0193],[15.4416,38.0281],[15.4465,38.0314],[15.4531,38.0386],[15.472,38.0529],[15.4773,38.0623],[15.4915,38.0752],[15.4965,38.0879],[15.5039,38.1011],[15.5062,38.1084],[15.5149,38.1201],[15.5291,38.1507],[15.5345,38.1591],[15.5541,38.1793]]]},"properties":{"kind":"roman-road","source":"itinere-roads"}},{"type":"Feature","geometry":{"type":"MultiLineString","coordinates":[[[15.1356,36.6835],[15.1309,36.6861],[15.1129,36.6881],[15.1041,36.6836],[15.1026,36.6877],[15.0999,36.6907],[15.0973,36.6908],[15.0956,36.6936],[15.0935,36.7052],[15.0907,36.7089],[15.0921,36.7119],[15.0873,36.7189],[15.0877,36.7234],[15.0814,36.7344],[15.0802,36.7621],[15.0771,36.7705],[15.0801,36.7815],[15.079,36.7854],[15.0751,36.7904],[15.0754,36.7934],[15.0811,36.8032],[15.0833,36.8101],[15.0837,36.8264],[15.0863,36.8367],[15.0902,36.8434],[15.0933,36.8456],[15.0988,36.8452],[15.1029,36.8468],[15.1082,36.8523],[15.1107,36.8569],[15.1183,36.8609],[15.1217,36.8654],[15.1275,36.8775],[15.1302,36.8797],[15.1345,36.8992],[15.1392,36.9104],[15.1467,36.9193],[15.1641,36.9283],[15.1748,36.9421],[15.1799,36.9461],[15.1862,36.9482],[15.1904,36.9513],[15.1897,36.9699],[15.1965,36.9758],[15.2475,37.0082],[15.2538,37.0156],[15.2552,37.0182],[15.2569,37.0364],[15.2662,37.0559],[15.2751,37.0652],[15.2828,37.0677]]]},"properties":{"kind":"roman-road","source":"itinere-roads"}},{"type":"Feature","geometry":{"type":"MultiLineString","coordinates":[[[14.4584,36.8686],[14.461,36.8697],[14.4703,36.8694],[14.4944,36.8776],[14.5041,36.8744],[14.513,36.8785],[14.516,36.8816],[14.5192,36.8822],[14.5324,36.8794],[14.5406,36.8815],[14.5413,36.8831],[14.558,36.8943],[14.5661,36.898],[14.5739,36.8998],[14.6012,36.9147],[14.6079,36.916],[14.6175,36.9163],[14.6252,36.9137],[14.6317,36.9154],[14.6355,36.9138],[14.641,36.9138],[14.6513,36.9164],[14.6962,36.9213],[14.7053,36.9233],[14.7181,36.9149],[14.7243,36.9127],[14.7277,36.9161],[14.7324,36.9169],[14.7344,36.9194],[14.7341,36.9219],[14.7369,36.924],[14.7406,36.9228],[14.7513,36.9253],[14.7489,36.9284],[14.7594,36.9412],[14.759,36.9464],[14.7634,36.9499],[14.7725,36.9502],[14.7747,36.9524],[14.778,36.9524],[14.786,36.9585],[14.7914,36.9609],[14.795,36.9609],[14.798,36.9632],[14.8059,36.9631]]]},"properties":{"kind":"roman-road","source":"itinere-roads"}},{"type":"Feature","geometry":{"type":"MultiLineString","coordinates":[[[14.8059,36.9631],[14.81,36.9678],[14.8158,36.9721],[14.8204,36.9733],[14.8265,36.9787],[14.8248,36.9819],[14.8251,36.9882],[14.8281,36.9914],[14.8252,36.9961],[14.8203,36.9973],[14.8192,37.0014],[14.8168,37.0015],[14.8162,37.0083],[14.8116,37.0085],[14.8098,37.0124],[14.8105,37.0231],[14.8058,37.026],[14.8029,37.0328],[14.8087,37.037],[14.806,37.0427],[14.8064,37.0493],[14.8091,37.051]]]},"properties":{"kind":"roman-road","source":"itinere-roads"}},{"type":"Feature","geometry":{"type":"MultiLineString","coordinates":[[[15.2828,37.0677],[15.278,37.0692],[15.2695,37.0686],[15.2444,37.0643],[15.2314,37.0593],[15.2276,37.0556],[15.2136,37.0499],[15.2015,37.0397],[15.1569,37.0212],[15.1342,37.0205],[15.1211,37.0215],[15.1099,37.02],[15.0994,37.0255],[15.0757,37.026],[15.0676,37.0273],[15.0528,37.0344],[15.0499,37.0344],[15.0415,37.0293],[15.0359,37.02],[15.0314,37.0153],[15.0276,37.0138],[15.0142,37.0145],[15.0036,37.0279],[14.996,37.0321],[14.9898,37.0322],[14.9718,37.0363],[14.9469,37.0442],[14.9416,37.0476],[14.9331,37.0505],[14.9192,37.0518],[14.9166,37.0538],[14.9156,37.0577],[14.9117,37.062],[14.911,37.0652],[14.907,37.0678],[14.9015,37.0657],[14.8976,37.0619],[14.8949,37.0645],[14.89,37.0665],[14.8845,37.0628],[14.8809,37.0642],[14.8778,37.0636],[14.8781,37.061],[14.876,37.06],[14.874,37.0538],[14.8721,37.0532],[14.8725,37.0491],[14.8656,37.0374],[14.858,37.0374],[14.854,37.041],[14.8493,37.0402],[14.8447,37.0416],[14.8446,37.0438],[14.8475,37.0462],[14.8467,37.0483],[14.843,37.0494],[14.8423,37.0477],[14.8358,37.0484],[14.8307,37.0474],[14.8233,37.0523],[14.8188,37.0538],[14.8091,37.051]]]},"properties":{"kind":"roman-road","source":"itinere-roads"}},{"type":"Feature","geometry":{"type":"MultiLineString","coordinates":[[[13.5864,37.3113],[13.6076,37.3085],[13.6085,37.3107],[13.6161,37.3122],[13.6255,37.3099],[13.6308,37.3104],[13.6421,37.3081]]]},"properties":{"kind":"roman-road","source":"itinere-roads"}},{"type":"Feature","geometry":{"type":"MultiLineString","coordinates":[[[13.6421,37.3081],[13.6479,37.3055],[13.6557,37.305],[13.6698,37.3008],[13.6803,37.2909],[13.6897,37.2885],[13.6916,37.2865],[13.7023,37.2898],[13.7068,37.2927],[13.7133,37.2924],[13.7184,37.2947],[13.7217,37.2937],[13.7412,37.2976],[13.7432,37.296],[13.7873,37.2973],[13.7964,37.2934],[13.7994,37.2902],[13.8002,37.2874],[13.8037,37.2861],[13.8114,37.2846],[13.8151,37.2872],[13.8205,37.2881],[13.8313,37.2831],[13.8431,37.2798],[13.8548,37.2721],[13.8565,37.2683],[13.8596,37.2688],[13.8604,37.2663],[13.8649,37.2651],[13.8669,37.2615],[13.877,37.2542],[13.8824,37.2553],[13.8904,37.2545],[13.892,37.2515],[13.8944,37.2507],[13.9011,37.2541],[13.9098,37.2525],[13.9111,37.2539],[13.9155,37.2528],[13.9173,37.2604],[13.9254,37.2644],[13.9356,37.2657],[13.9436,37.2634],[13.9568,37.2629],[13.9802,37.2687],[13.9805,37.2738],[13.9835,37.2767],[13.9949,37.2841],[14.0017,37.2864],[14.0029,37.2838],[14.0118,37.2819],[14.0174,37.2837],[14.022,37.2827],[14.0254,37.2786],[14.0299,37.2772],[14.0309,37.2791],[14.0428,37.2856],[14.047,37.2862],[14.0561,37.2844],[14.0728,37.2899],[14.0849,37.2881],[14.0999,37.2737],[14.1106,37.2662],[14.1157,37.2636],[14.1221,37.2628],[14.1288,37.258],[14.1382,37.2599],[14.1456,37.2655],[14.1478,37.2699],[14.17,37.2829],[14.179,37.2835],[14.1858,37.2862],[14.1917,37.2864],[14.1944,37.2891],[14.2001,37.2906],[14.2025,37.2953],[14.2078,37.2968],[14.2102,37.2999],[14.2115,37.3048],[14.2168,37.3092],[14.2188,37.3094],[14.2239,37.3148],[14.2338,37.3175],[14.2391,37.314],[14.2476,37.3126],[14.2486,37.3151],[14.2517,37.317],[14.2525,37.3196],[14.2557,37.3202],[14.2603,37.3189],[14.2715,37.3218],[14.2788,37.3196],[14.2962,37.3191],[14.3088,37.3203]]]},"properties":{"kind":"roman-road","source":"itinere-roads"}},{"type":"Feature","geometry":{"type":"MultiLineString","coordinates":[[[14.3088,37.3203],[14.3165,37.3194],[14.3169,37.3172],[14.3254,37.3169],[14.3407,37.3204],[14.3468,37.3192],[14.3509,37.316],[14.3642,37.3123],[14.3652,37.313],[14.3749,37.3109],[14.377,37.3073],[14.3763,37.3053],[14.3943,37.291],[14.3925,37.2841],[14.3957,37.2807],[14.3989,37.2821],[14.4024,37.2793],[14.4113,37.2806],[14.4238,37.278],[14.4351,37.281],[14.4402,37.2801],[14.4492,37.2746],[14.4497,37.2718],[14.457,37.2673],[14.4624,37.2682],[14.4785,37.2663],[14.4868,37.2636],[14.4912,37.2646],[14.5035,37.2615],[14.5078,37.2572],[14.5154,37.2566],[14.5174,37.2531],[14.5232,37.2522],[14.5299,37.2546],[14.5351,37.2516],[14.5456,37.2539],[14.5529,37.2515],[14.5568,37.2515],[14.5779,37.2571],[14.5887,37.2628],[14.5973,37.27],[14.6061,37.2745],[14.6116,37.2799],[14.6212,37.2826],[14.6287,37.2906],[14.6352,37.2936],[14.6385,37.2971],[14.6489,37.3016],[14.6651,37.313],[14.681,37.3291],[14.6854,37.3387],[14.695,37.3493],[14.7188,37.3652],[14.7285,37.3751],[14.7311,37.3763],[14.7395,37.3762],[14.7567,37.3816],[14.771,37.381],[14.7754,37.3792],[14.7927,37.378],[14.799,37.3799],[14.8056,37.3789],[14.8217,37.38],[14.831,37.3821],[14.8379,37.3796],[14.8428,37.3797],[14.851,37.3812],[14.8575,37.3853],[14.8668,37.3855],[14.8787,37.39],[14.8818,37.3929],[14.8873,37.4068],[14.8924,37.4097],[14.9037,37.4106],[14.9071,37.4125],[14.9093,37.4169],[14.9117,37.4185],[14.9308,37.428],[14.9463,37.4314],[14.9808,37.4541],[14.9865,37.4538],[14.9977,37.4584],[15.0126,37.4602],[15.0165,37.463],[15.0493,37.4736],[15.0697,37.4845]]]},"properties":{"kind":"roman-road","source":"itinere-roads"}},{"type":"Feature","geometry":{"type":"MultiLineString","coordinates":[[[13.6421,37.3081],[13.6547,37.3142],[13.6606,37.3192],[13.673,37.3236],[13.6783,37.3218],[13.6952,37.3274],[13.7009,37.3311],[13.7185,37.3383],[13.729,37.3414],[13.7319,37.3405],[13.7452,37.347],[13.7499,37.3466],[13.7585,37.3488],[13.7632,37.3515],[13.7719,37.3612],[13.7795,37.363],[13.7823,37.362],[13.797,37.362],[13.8122,37.3567],[13.8216,37.3557],[13.8349,37.3518],[13.8422,37.3522],[13.8448,37.3533],[13.8546,37.3624],[13.8657,37.3632],[13.8671,37.3654],[13.8791,37.3636],[13.8928,37.3645],[13.8972,37.3619],[13.9077,37.3634],[13.9097,37.3659],[13.9144,37.3642],[13.9146,37.3621],[13.918,37.3584],[13.9245,37.357],[13.9294,37.358],[13.9365,37.3639],[13.9419,37.3673],[13.9452,37.3674],[13.9486,37.3704],[13.9544,37.3794],[13.9545,37.3854],[13.9576,37.3867],[13.9595,37.3897],[13.9653,37.3921],[13.9736,37.3925],[13.9787,37.3894],[13.9833,37.3916],[14.0076,37.3878],[14.0112,37.3902],[14.0158,37.3874],[14.0243,37.3857],[14.0339,37.386],[14.0377,37.3804],[14.0455,37.3812],[14.0542,37.3792],[14.063,37.3813],[14.072,37.3789],[14.0768,37.3801],[14.0809,37.3724],[14.0886,37.3653],[14.0911,37.3501],[14.0997,37.3488],[14.1012,37.35],[14.1094,37.3482],[14.1148,37.3511],[14.1191,37.3499],[14.1233,37.3513],[14.1266,37.3497],[14.1362,37.356],[14.1383,37.356],[14.1433,37.3502],[14.1496,37.3527],[14.1541,37.3519],[14.1583,37.3535],[14.1603,37.3481],[14.1637,37.3473],[14.1675,37.3413],[14.1666,37.3397],[14.1686,37.3362],[14.1733,37.3312],[14.198,37.33],[14.1997,37.3316],[14.2097,37.3343],[14.2203,37.3349],[14.2238,37.3376],[14.2279,37.3383],[14.2319,37.3418],[14.2537,37.3454],[14.2643,37.3417],[14.2674,37.3366],[14.2671,37.3342],[14.2715,37.33],[14.2783,37.3319],[14.2847,37.3306],[14.289,37.3282],[14.3005,37.3272],[14.3025,37.324],[14.3046,37.324],[14.3088,37.3203]]]},"properties":{"kind":"roman-road","source":"itinere-roads"}},{"type":"Feature","geometry":{"type":"MultiLineString","coordinates":[[[13.5888,37.3066],[13.5924,37.305],[13.6004,37.2945],[13.6001,37.2901],[13.6025,37.2887],[13.6001,37.2851],[13.6059,37.2826],[13.6178,37.2712],[13.6228,37.2642],[13.6237,37.2596],[13.6318,37.2521],[13.6355,37.2466],[13.6371,37.2465],[13.6362,37.2419],[13.6413,37.2337],[13.6492,37.2297],[13.6572,37.2289],[13.6587,37.2274],[13.6684,37.2253],[13.6726,37.2226],[13.6781,37.2215],[13.679,37.2194],[13.685,37.2146],[13.6821,37.2124],[13.6825,37.2033],[13.685,37.2002],[13.6979,37.1938],[13.7117,37.1982],[13.7148,37.1973],[13.7151,37.1935],[13.7118,37.1892],[13.7092,37.1903],[13.7068,37.1872],[13.7034,37.1862],[13.7028,37.1834],[13.7119,37.1747],[13.7314,37.1747],[13.7359,37.1761],[13.7394,37.1717],[13.7437,37.1723],[13.7447,37.1745],[13.7528,37.1717],[13.755,37.1725],[13.7664,37.1664],[13.7737,37.1642],[13.7902,37.1668],[13.7947,37.1636],[13.7949,37.1614],[13.7993,37.1594],[13.8015,37.16],[13.8101,37.1578],[13.8163,37.1549],[13.8226,37.1564],[13.8515,37.1404],[13.8703,37.1336],[13.8829,37.1268],[13.9011,37.1215],[13.91,37.1172],[13.9153,37.1128],[13.9305,37.1087],[13.9359,37.1044],[13.9406,37.0981],[13.9496,37.1013],[13.9508,37.1031],[13.956,37.104],[13.9559,37.1062],[13.9709,37.1093],[13.9753,37.112],[14.0058,37.1104],[14.014,37.1106],[14.0223,37.1127],[14.0532,37.1114],[14.062,37.1147],[14.0695,37.1207],[14.0765,37.1194],[14.0972,37.1259],[14.1099,37.1239],[14.1116,37.1263],[14.1151,37.127],[14.1253,37.124],[14.127,37.1222],[14.1478,37.114],[14.1529,37.1135],[14.1589,37.1109],[14.161,37.1059],[14.1574,37.1022],[14.166,37.0969],[14.1705,37.0964],[14.2209,37.08],[14.2285,37.0812],[14.2361,37.0793],[14.2557,37.0697],[14.2689,37.0656],[14.2747,37.0616],[14.3095,37.0524],[14.3135,37.0528],[14.3166,37.0498],[14.3174,37.0467],[14.3314,37.0362],[14.3401,37.0339],[14.3559,37.0245],[14.3563,37.0194],[14.3594,37.0142],[14.3662,37.0099],[14.3713,37.0108],[14.3818,36.9962],[14.3773,36.9888],[14.3786,36.985]]]},"properties":{"kind":"roman-road","source":"itinere-roads"}},{"type":"Feature","geometry":{"type":"MultiLineString","coordinates":[[[14.3786,36.985],[14.3909,36.9678],[14.3986,36.9528],[14.4035,36.9534],[14.4116,36.9396],[14.4133,36.9348],[14.4127,36.9324],[14.4164,36.9306],[14.4176,36.9258],[14.4254,36.9144],[14.4259,36.9081],[14.4292,36.8977],[14.4289,36.8938],[14.4327,36.8873],[14.4362,36.8851],[14.4391,36.8802],[14.4402,36.8746],[14.4584,36.8686]]]},"properties":{"kind":"roman-road","source":"itinere-roads"}},{"type":"Feature","geometry":{"type":"MultiLineString","coordinates":[[[12.9324,37.5883],[12.9617,37.5802],[12.9707,37.5792],[12.9915,37.5682],[12.9927,37.5633],[13.0003,37.5629],[13.0101,37.5571],[13.0184,37.5481],[13.0189,37.5445],[13.0173,37.5398],[13.0193,37.5311],[13.0268,37.5257],[13.0341,37.5168],[13.0392,37.5132],[13.0408,37.5102],[13.0488,37.5066],[13.0723,37.5176],[13.0771,37.5189],[13.0835,37.5184],[13.0926,37.5144],[13.1003,37.5059],[13.1062,37.5046],[13.1189,37.5087],[13.1304,37.5082],[13.1352,37.504],[13.1444,37.502],[13.1471,37.5001],[13.1559,37.5014],[13.1667,37.4996],[13.1709,37.4964],[13.1827,37.493],[13.1846,37.4871],[13.1887,37.486],[13.1913,37.4873],[13.1948,37.4916],[13.1991,37.492],[13.2037,37.4942],[13.2216,37.4914],[13.2285,37.487],[13.2287,37.4832],[13.2262,37.4783],[13.2278,37.4673],[13.243,37.4423],[13.2477,37.4397],[13.2754,37.4394],[13.2806,37.4382],[13.3027,37.4231],[13.309,37.4147],[13.3146,37.4128],[13.3332,37.3969],[13.353,37.3871],[13.3597,37.3764],[13.3606,37.3708],[13.3665,37.3654],[13.369,37.3647],[13.3711,37.3601],[13.3787,37.3535],[13.3788,37.3508],[13.3811,37.3486],[13.3921,37.343],[13.3932,37.3401],[13.4035,37.3385],[13.4191,37.3329],[13.4254,37.3333],[13.4475,37.3234],[13.4513,37.3196],[13.4595,37.3188],[13.4657,37.3146],[13.4881,37.3041],[13.4968,37.2973],[13.4976,37.2944],[13.5187,37.2921],[13.5221,37.2943],[13.5309,37.2933],[13.5483,37.2969],[13.5506,37.2964],[13.558,37.2892],[13.5602,37.2854],[13.5686,37.2784],[13.5733,37.2767],[13.5815,37.2787],[13.5844,37.2818],[13.5857,37.2906],[13.5899,37.2923],[13.5888,37.3066]]]},"properties":{"kind":"roman-road","source":"itinere-roads"}},{"type":"Feature","geometry":{"type":"MultiLineString","coordinates":[[[13.5888,37.3066],[13.5858,37.3087],[13.5864,37.3113]]]},"properties":{"kind":"roman-road","source":"itinere-roads"}},{"type":"Feature","geometry":{"type":"MultiLineString","coordinates":[[[12.7946,37.6233],[12.7949,37.6184],[12.7991,37.6048],[12.8037,37.6067],[12.8195,37.609],[12.8453,37.6048],[12.852,37.6014],[12.8553,37.5977],[12.8743,37.5935],[12.8906,37.5914],[12.8996,37.5924],[12.921,37.5882],[12.9324,37.5883]]]},"properties":{"kind":"roman-road","source":"itinere-roads"}},{"type":"Feature","geometry":{"type":"MultiLineString","coordinates":[[[12.7946,37.6233],[12.8002,37.6234],[12.8047,37.6274],[12.8133,37.6227],[12.8601,37.6138],[12.8685,37.609],[12.8816,37.6062],[12.8854,37.6078],[12.8978,37.6073],[12.9088,37.6045],[12.9211,37.5937],[12.9324,37.5883]]]},"properties":{"kind":"roman-road","source":"itinere-roads"}},{"type":"Feature","geometry":{"type":"MultiLineString","coordinates":[[[12.4314,37.8017],[12.4476,37.7918]]]},"properties":{"kind":"roman-road","source":"itinere-roads"}},{"type":"Feature","geometry":{"type":"MultiLineString","coordinates":[[[12.4476,37.7918],[12.4827,37.7489],[12.58,37.6769],[12.5867,37.6739],[12.5938,37.6644],[12.5937,37.6566],[12.5955,37.6507],[12.6151,37.6374],[12.6266,37.6385],[12.635,37.6366],[12.674,37.6387],[12.7259,37.6392],[12.7417,37.6356],[12.747,37.6337],[12.7511,37.6305],[12.7633,37.6262],[12.7946,37.6233]]]},"properties":{"kind":"roman-road","source":"itinere-roads"}},{"type":"Feature","geometry":{"type":"MultiLineString","coordinates":[[[14.8091,37.051],[14.804,37.0508],[14.7994,37.0478],[14.7909,37.0474],[14.7788,37.0532],[14.7783,37.0547],[14.7719,37.0551],[14.7649,37.0515],[14.7619,37.0468],[14.7361,37.0347],[14.7203,37.037],[14.7091,37.0365],[14.7065,37.0375],[14.7016,37.0368],[14.6924,37.0318],[14.6816,37.033],[14.6662,37.032],[14.6642,37.035],[14.6513,37.0357],[14.6495,37.0393],[14.6405,37.0412],[14.6207,37.0397],[14.605,37.0418],[14.5737,37.0352],[14.5567,37.0356],[14.5419,37.0314],[14.5316,37.0312],[14.5129,37.0268],[14.4874,37.0244],[14.4792,37.0217],[14.4643,37.0139],[14.458,37.015],[14.4509,37.0143],[14.4448,37.0099],[14.4327,37.0075],[14.4248,37.004],[14.4224,37.0003],[14.4122,36.9965],[14.3981,36.9888],[14.3848,36.9851],[14.3786,36.985]]]},"properties":{"kind":"roman-road","source":"itinere-roads"}},{"type":"Feature","geometry":{"type":"MultiLineString","coordinates":[[[15.2828,37.0677],[15.2914,37.0702],[15.294,37.0731],[15.2956,37.0778],[15.3,37.0807],[15.2965,37.1014],[15.2903,37.1072],[15.2835,37.1088],[15.2776,37.1056],[15.2722,37.1071],[15.266,37.1046],[15.2555,37.1039],[15.2385,37.1113],[15.233,37.117],[15.2146,37.1314],[15.1983,37.1555],[15.1873,37.1823],[15.1848,37.1855],[15.1731,37.1906],[15.1654,37.1961],[15.1541,37.2133],[15.1536,37.217],[15.148,37.226],[15.1479,37.2529],[15.144,37.2569],[15.1427,37.2601],[15.1342,37.2652],[15.1236,37.2791],[15.1217,37.2894],[15.1251,37.2957],[15.1244,37.3011],[15.123,37.3028],[15.1142,37.3055],[15.112,37.3078],[15.1049,37.3089],[15.0937,37.3073],[15.0888,37.3214],[15.0855,37.3352],[15.086,37.3388],[15.0828,37.3426],[15.0804,37.3804],[15.0787,37.3846],[15.0677,37.3918],[15.0651,37.395],[15.0659,37.4621],[15.0697,37.4845]]]},"properties":{"kind":"roman-road","source":"itinere-roads"}},{"type":"Feature","geometry":{"type":"MultiLineString","coordinates":[[[15.0697,37.4845],[15.0739,37.4923],[15.0852,37.5002],[15.0869,37.5026]]]},"properties":{"kind":"roman-road","source":"itinere-roads"}},{"type":"Feature","geometry":{"type":"MultiLineString","coordinates":[[[9.1594,41.3869],[9.166,41.3882],[9.1647,41.394],[9.1623,41.3954],[9.1683,41.402],[9.1812,41.4216],[9.182,41.4256],[9.1871,41.428],[9.1884,41.4314],[9.208,41.4498],[9.2208,41.4641],[9.2265,41.4729],[9.2384,41.4818],[9.2429,41.4901],[9.2513,41.4995],[9.2689,41.5456],[9.2727,41.5605],[9.2763,41.5898],[9.2777,41.5929],[9.2755,41.5984],[9.2802,41.615],[9.2852,41.623],[9.2874,41.6228],[9.2913,41.6276],[9.291,41.631],[9.2945,41.6338],[9.2928,41.6426],[9.2995,41.6609],[9.2995,41.67],[9.3025,41.6726],[9.3119,41.6748],[9.3154,41.6777],[9.3205,41.6856],[9.3358,41.6947],[9.3429,41.7027],[9.3809,41.7064],[9.3932,41.7116],[9.4001,41.713],[9.4013,41.7145],[9.3991,41.72],[9.4045,41.7224],[9.4014,41.7291],[9.403,41.7355],[9.4057,41.7391],[9.4058,41.7452],[9.4025,41.7479],[9.4051,41.7541],[9.4044,41.7589],[9.406,41.7682],[9.4034,41.7718],[9.3988,41.7714],[9.3947,41.7764],[9.3975,41.7797],[9.3963,41.7834],[9.3973,41.7878],[9.3935,41.8024],[9.3972,41.8047],[9.3997,41.8089],[9.3999,41.8123],[9.402,41.814],[9.4031,41.8211],[9.4021,41.8245],[9.404,41.8292],[9.3997,41.8508],[9.4007,41.8544],[9.3986,41.8587],[9.3945,41.8598],[9.3929,41.8622],[9.3969,41.8654],[9.3973,41.8695],[9.3939,41.8869],[9.3899,41.9029],[9.383,41.914],[9.3842,41.931],[9.3862,41.9384],[9.383,41.9566],[9.3812,41.9604]]]},"properties":{"kind":"roman-road","source":"itinere-roads"}},{"type":"Feature","geometry":{"type":"MultiLineString","coordinates":[[[13.7765,45.6446],[13.7845,45.6405],[13.7873,45.6377],[13.7893,45.6329],[13.7936,45.6299],[13.7954,45.6235],[13.8007,45.6197],[13.8191,45.6166],[13.8192,45.6119],[13.8054,45.6041],[13.8045,45.5966],[13.8007,45.592],[13.7975,45.5853],[13.7955,45.5761],[13.7745,45.5584],[13.7647,45.5534]]]},"properties":{"kind":"roman-road","source":"itinere-roads"}},{"type":"Feature","geometry":{"type":"MultiLineString","coordinates":[[[13.6444,45.4541],[13.6372,45.4552]]]},"properties":{"kind":"roman-road","source":"itinere-roads"}},{"type":"Feature","geometry":{"type":"MultiLineString","coordinates":[[[13.6184,45.3509],[13.6229,45.3445],[13.6284,45.3259],[13.6291,45.3169],[13.6232,45.2981],[13.623,45.2938],[13.6212,45.292],[13.6198,45.2761],[13.6175,45.2712],[13.6129,45.2676],[13.6093,45.2504],[13.6055,45.2427]]]},"properties":{"kind":"roman-road","source":"itinere-roads"}},{"type":"Feature","geometry":{"type":"MultiLineString","coordinates":[[[13.6372,45.4552],[13.6369,45.4517],[13.6295,45.4446],[13.632,45.4396],[13.6421,45.4321],[13.6417,45.4261],[13.6351,45.4223],[13.6311,45.4225],[13.6303,45.4203],[13.6258,45.4168],[13.6249,45.4138],[13.6202,45.41],[13.6191,45.403]]]},"properties":{"kind":"roman-road","source":"itinere-roads"}},{"type":"Feature","geometry":{"type":"MultiLineString","coordinates":[[[13.6191,45.403],[13.6222,45.3973],[13.616,45.3852],[13.6246,45.3688],[13.6237,45.3647],[13.6177,45.3543],[13.6184,45.3509]]]},"properties":{"kind":"roman-road","source":"itinere-roads"}},{"type":"Feature","geometry":{"type":"MultiLineString","coordinates":[[[13.7681,45.1081],[13.7597,45.1003],[13.7467,45.0996],[13.7399,45.0927],[13.7349,45.0927],[13.7321,45.0891],[13.726,45.087],[13.7207,45.0815],[13.7226,45.0796],[13.722,45.0619],[13.7153,45.0579],[13.7113,45.0514],[13.7117,45.0432],[13.7151,45.0373],[13.7271,45.0274],[13.7313,45.0221],[13.7372,45.0181],[13.7389,45.0143],[13.7473,45.0073],[13.7547,45.0052],[13.7627,44.9987],[13.7631,44.9945],[13.7654,44.992],[13.766,44.9869],[13.765,44.9842],[13.77,44.973],[13.7839,44.9583],[13.7896,44.9559],[13.7922,44.9505],[13.8139,44.9279],[13.8164,44.9208],[13.8221,44.9119],[13.8215,44.9088],[13.8292,44.9018],[13.8318,44.8978],[13.8423,44.8908],[13.8474,44.8889]]]},"properties":{"kind":"roman-road","source":"itinere-roads"}},{"type":"Feature","geometry":{"type":"MultiLineString","coordinates":[[[13.8456,44.8645],[13.8454,44.8588],[13.8479,44.8521],[13.8509,44.8485],[13.8516,44.845],[13.8569,44.8404],[13.8612,44.8404],[13.8695,44.837],[13.8827,44.8389],[13.8902,44.8343],[13.8985,44.8319],[13.9052,44.834],[13.9183,44.8333],[13.9366,44.8219]]]},"properties":{"kind":"roman-road","source":"itinere-roads"}},{"type":"Feature","geometry":{"type":"MultiLineString","coordinates":[[[13.9366,44.8219],[13.9414,44.8181],[13.9525,44.8164],[13.9543,44.819],[13.9609,44.8213],[13.9606,44.8261],[13.9545,44.8303],[13.952,44.8396],[13.9442,44.8471],[13.9436,44.8529],[13.9481,44.8589],[13.9492,44.8628],[13.9587,44.8783],[13.9574,44.8831],[13.9607,44.8876],[13.961,44.8941],[13.9575,44.8996],[13.96,44.9056]]]},"properties":{"kind":"roman-road","source":"itinere-roads"}},{"type":"Feature","geometry":{"type":"MultiLineString","coordinates":[[[13.96,44.9056],[13.966,44.9119],[13.9676,44.9163],[13.9704,44.9169]]]},"properties":{"kind":"roman-road","source":"itinere-roads"}},{"type":"Feature","geometry":{"type":"MultiLineString","coordinates":[[[13.9704,44.9169],[13.9746,44.9199],[13.9762,44.9353],[13.9749,44.9485],[13.9774,44.9523],[13.9774,44.964],[13.9809,44.9769],[13.9805,44.9794],[13.9833,44.9843],[13.986,44.9859],[13.9886,44.9919],[13.9939,44.9991],[14.0036,45.0016],[14.0081,45.0066],[14.0119,45.0073],[14.0137,45.0096],[14.0137,45.0136],[14.0165,45.0179],[14.0213,45.0217],[14.0226,45.0249],[14.0219,45.0281],[14.0103,45.0343],[14.0113,45.0389],[14.0276,45.0454],[14.0311,45.0505],[14.0364,45.0515],[14.05,45.0486]]]},"properties":{"kind":"roman-road","source":"itinere-roads"}},{"type":"Feature","geometry":{"type":"MultiLineString","coordinates":[[[14.05,45.0486],[14.0556,45.0524],[14.0634,45.0548],[14.0724,45.0526],[14.0754,45.0537],[14.0777,45.06],[14.0837,45.06],[14.0897,45.0617],[14.0949,45.0762],[14.0984,45.0823],[14.1032,45.0862],[14.1104,45.0883],[14.1134,45.0907],[14.1157,45.0984]]]},"properties":{"kind":"roman-road","source":"itinere-roads"}},{"type":"Feature","geometry":{"type":"MultiLineString","coordinates":[[[14.1157,45.0984],[14.1212,45.1191],[14.1212,45.1251],[14.125,45.1295],[14.1364,45.1314],[14.1536,45.1381],[14.1612,45.1379],[14.1674,45.1394]]]},"properties":{"kind":"roman-road","source":"itinere-roads"}},{"type":"Feature","geometry":{"type":"MultiLineString","coordinates":[[[14.1674,45.1394],[14.1727,45.1382]]]},"properties":{"kind":"roman-road","source":"itinere-roads"}},{"type":"Feature","geometry":{"type":"MultiLineString","coordinates":[[[14.3227,45.3559],[14.3238,45.3608],[14.3267,45.3647]]]},"properties":{"kind":"roman-road","source":"itinere-roads"}},{"type":"Feature","geometry":{"type":"MultiLineString","coordinates":[[[14.3267,45.3647],[14.3177,45.3779],[14.3144,45.3853],[14.311,45.3887],[14.3091,45.3935],[14.3102,45.3962],[14.3065,45.4048],[14.3042,45.406],[14.3029,45.4114],[14.3044,45.4149],[14.3042,45.4214],[14.2927,45.4335],[14.2824,45.4515],[14.2827,45.4587],[14.2798,45.4622],[14.2854,45.4693],[14.2839,45.4718],[14.267,45.4766],[14.2636,45.4789],[14.2426,45.4835],[14.2372,45.4859],[14.2319,45.4855],[14.229,45.4881],[14.2212,45.4915],[14.2125,45.4921],[14.2081,45.4937],[14.2062,45.4915],[14.2022,45.4923],[14.1834,45.5005],[14.1701,45.504],[14.1614,45.5133],[14.1513,45.5198],[14.1317,45.5254],[14.1245,45.5259],[14.1017,45.5354],[14.0895,45.542],[14.0801,45.5436],[14.0751,45.5467],[14.0673,45.548],[14.0313,45.5601],[14.0296,45.5639],[14.0077,45.5737],[13.9998,45.5792],[13.987,45.5843],[13.9775,45.5928],[13.9581,45.5996],[13.9509,45.6044],[13.9379,45.6091],[13.9315,45.6089],[13.9168,45.6116],[13.9104,45.6152],[13.8988,45.6182],[13.8979,45.6208],[13.8795,45.6292],[13.869,45.6384],[13.8633,45.6406],[13.8627,45.6425]]]},"properties":{"kind":"roman-road","source":"itinere-roads"}},{"type":"Feature","geometry":{"type":"MultiLineString","coordinates":[[[13.8627,45.6425],[13.8623,45.6449],[13.8499,45.6496],[13.8483,45.6526],[13.8409,45.656],[13.8349,45.6621],[13.8323,45.671],[13.8187,45.6865],[13.7887,45.7119],[13.7708,45.7193],[13.736,45.7381],[13.7244,45.7461],[13.6834,45.7661],[13.6715,45.7682],[13.6589,45.7732],[13.6521,45.7742],[13.6338,45.7733]]]},"properties":{"kind":"roman-road","source":"itinere-roads"}},{"type":"Feature","geometry":{"type":"MultiLineString","coordinates":[[[14.5041,46.0548],[14.4978,46.0598],[14.4661,46.0963],[14.4574,46.1015],[14.4456,46.111],[14.4351,46.1272],[14.4272,46.1286],[14.4166,46.134]]]},"properties":{"kind":"roman-road","source":"itinere-roads"}},{"type":"Feature","geometry":{"type":"MultiLineString","coordinates":[[[14.4166,46.134],[14.4017,46.1372],[14.3911,46.1429],[14.3732,46.1418],[14.3567,46.1474],[14.3545,46.1503],[14.3432,46.1547],[14.3392,46.1549],[14.3347,46.1589],[14.3304,46.1608],[14.307,46.1641],[14.303,46.1703],[14.2991,46.1705],[14.2959,46.1736],[14.2883,46.175],[14.2749,46.1741],[14.2708,46.1782],[14.264,46.1802],[14.2621,46.1826],[14.2655,46.1925],[14.2647,46.1954],[14.26,46.195],[14.2574,46.1934],[14.2536,46.1939],[14.2503,46.1975],[14.2455,46.1984],[14.2381,46.2032],[14.2249,46.207],[14.2237,46.2097],[14.2202,46.2115],[14.221,46.2148],[14.2063,46.2232],[14.2035,46.2241],[14.1979,46.2227],[14.1893,46.2234],[14.1758,46.2264],[14.1659,46.2253],[14.1606,46.2226],[14.1576,46.2227],[14.1527,46.2166],[14.1453,46.2149],[14.1381,46.211],[14.1269,46.2102],[14.1226,46.2088],[14.12,46.2061],[14.1149,46.2057],[14.0955,46.2072],[14.0901,46.2065],[14.0596,46.2114],[14.052,46.2101],[14.045,46.2041],[14.0382,46.2029],[14.0279,46.2065],[14.0229,46.2105],[14.0227,46.2143],[14.02,46.2196],[14.0147,46.2216],[14.0118,46.217],[14.0059,46.2179],[13.9953,46.2132],[13.9892,46.2128],[13.9783,46.2152],[13.9711,46.2135],[13.9643,46.2074],[13.9454,46.1995],[13.9399,46.1987],[13.9289,46.1928],[13.9246,46.187],[13.9251,46.1861],[13.9193,46.1806],[13.9181,46.1769],[13.9051,46.1706],[13.8978,46.1637],[13.8844,46.1628],[13.8702,46.1647],[13.8674,46.158],[13.8559,46.1546],[13.8368,46.1599],[13.8273,46.1585],[13.812,46.1606],[13.8097,46.1646],[13.7961,46.1699],[13.7879,46.1707],[13.7786,46.1672],[13.7753,46.1671],[13.7701,46.1691],[13.763,46.1682],[13.7485,46.1702],[13.7416,46.1743],[13.7394,46.1798],[13.7343,46.1829]]]},"properties":{"kind":"roman-road","source":"itinere-roads"}},{"type":"Feature","geometry":{"type":"MultiLineString","coordinates":[[[13.7343,46.1829],[13.7292,46.1864],[13.7248,46.1862],[13.7184,46.1912],[13.7192,46.1925],[13.6996,46.2012],[13.6912,46.2018],[13.6776,46.2087],[13.6565,46.2125],[13.6491,46.2117],[13.6376,46.2138],[13.6281,46.2129],[13.619,46.217],[13.6129,46.2257],[13.6134,46.2274],[13.6085,46.2326],[13.6051,46.2341],[13.6059,46.2372],[13.6033,46.2399],[13.5931,46.2427],[13.5875,46.2467],[13.5856,46.2465]]]},"properties":{"kind":"roman-road","source":"itinere-roads"}},{"type":"Feature","geometry":{"type":"MultiLineString","coordinates":[[[14.4166,46.134],[14.411,46.1462],[14.3958,46.1563],[14.3942,46.1607],[14.3784,46.1855],[14.3735,46.1976],[14.3551,46.229],[14.3478,46.235],[14.35,46.2371],[14.3557,46.2392],[14.3552,46.2432]]]},"properties":{"kind":"roman-road","source":"itinere-roads"}},{"type":"Feature","geometry":{"type":"MultiLineString","coordinates":[[[14.3552,46.2432],[14.3413,46.2538],[14.336,46.2615],[14.3244,46.2663],[14.3154,46.2758],[14.2954,46.302],[14.2942,46.3112],[14.2954,46.3182],[14.2925,46.3262],[14.294,46.3319],[14.2933,46.3422],[14.2995,46.3559],[14.3029,46.3591],[14.3083,46.3614],[14.3098,46.3655],[14.3073,46.369],[14.3035,46.3711],[14.2916,46.3863],[14.2879,46.3938],[14.2877,46.3974],[14.2791,46.4016],[14.2775,46.4039],[14.2776,46.408],[14.2716,46.4129],[14.2687,46.4194],[14.2704,46.4265],[14.2736,46.4284],[14.2706,46.433],[14.248,46.4306],[14.2413,46.4307],[14.2381,46.4327],[14.2394,46.4357],[14.244,46.4373],[14.2533,46.4464],[14.2511,46.4499],[14.2544,46.4554],[14.2578,46.4569],[14.2587,46.4599],[14.2573,46.4662],[14.2592,46.4759],[14.2563,46.4775],[14.2564,46.4804],[14.2639,46.4845],[14.2657,46.4879],[14.2825,46.492],[14.2878,46.4974],[14.2886,46.5108],[14.2873,46.5139],[14.2776,46.5227],[14.2777,46.5257],[14.2684,46.5305],[14.266,46.5363],[14.2555,46.5403],[14.2556,46.5462],[14.2613,46.55],[14.2745,46.5628],[14.276,46.5701],[14.2779,46.572],[14.278,46.5784],[14.2869,46.5834],[14.2937,46.5909],[14.2938,46.5949],[14.3007,46.6047],[14.3027,46.6097],[14.3013,46.6167],[14.3039,46.6195],[14.3034,46.6241]]]},"properties":{"kind":"roman-road","source":"itinere-roads"}},{"type":"Feature","geometry":{"type":"MultiLineString","coordinates":[[[14.3034,46.6241],[14.311,46.6416],[14.3149,46.6449],[14.3135,46.6581],[14.3192,46.6688]]]},"properties":{"kind":"roman-road","source":"itinere-roads"}},{"type":"Feature","geometry":{"type":"MultiLineString","coordinates":[[[13.3709,45.7696],[13.3744,45.7729],[13.3773,45.7782],[13.3848,45.7785],[13.4063,45.7843],[13.419,45.7851],[13.421,45.7839],[13.429,45.7845],[13.4373,45.7832],[13.4536,45.7853],[13.4562,45.7871],[13.4694,45.7883],[13.4885,45.7937],[13.5107,45.7945],[13.5172,45.7973],[13.5187,45.7994],[13.5248,45.8029],[13.5316,45.8032],[13.5347,45.8074],[13.5477,45.8055],[13.5606,45.8013],[13.5731,45.8004],[13.5816,45.7974],[13.5842,45.7977],[13.5849,45.7939],[13.5874,45.7911],[13.597,45.7855],[13.5983,45.7833],[13.6036,45.7829],[13.6267,45.7754],[13.6292,45.7732],[13.6338,45.7733]]]},"properties":{"kind":"roman-road","source":"itinere-roads"}},{"type":"Feature","geometry":{"type":"MultiLineString","coordinates":[[[13.0018,46.6628],[12.9976,46.6598],[12.9893,46.6593],[12.9747,46.6523],[12.9709,46.6457],[12.9536,46.6347],[12.9532,46.6305],[12.947,46.6259],[12.9503,46.6225],[12.9498,46.6205],[12.9531,46.6135],[12.9485,46.6131],[12.9432,46.599],[12.9439,46.5961],[12.9468,46.5936],[12.962,46.5922],[12.9714,46.5902],[12.9798,46.5864],[12.9951,46.5837],[13.003,46.584],[13.0083,46.5805],[13.007,46.5777],[13.01,46.5753],[13.0107,46.5723],[13.0073,46.5674],[13.0095,46.5608],[13.0113,46.5592],[13.0151,46.5437],[13.0123,46.5389],[13.0154,46.5309],[13.0019,46.5149],[13.0018,46.5055],[13.0033,46.4991],[13.0075,46.4965],[13.0086,46.4937],[13.0178,46.4863],[13.0233,46.479],[13.028,46.4643],[13.0258,46.4628],[13.0288,46.4488],[13.0319,46.4465],[13.0325,46.443],[13.0239,46.4355],[13.0199,46.4339],[13.0164,46.4272],[13.0126,46.4253],[13.0076,46.4171],[13.0124,46.412],[13.0143,46.4071],[13.0293,46.3951],[13.0452,46.3896],[13.0539,46.3836],[13.0613,46.3752],[13.0739,46.3742],[13.0826,46.3715],[13.088,46.3713],[13.0998,46.3729],[13.1202,46.382],[13.1349,46.3772]]]},"properties":{"kind":"roman-road","source":"itinere-roads"}},{"type":"Feature","geometry":{"type":"MultiLineString","coordinates":[[[13.1349,46.3772],[13.1355,46.3822],[13.1415,46.3869],[13.1569,46.3871],[13.1613,46.3885],[13.1676,46.3945],[13.1712,46.3962],[13.1852,46.3998],[13.1909,46.399],[13.1925,46.3974],[13.2158,46.3938],[13.2256,46.394],[13.2339,46.3926],[13.2452,46.3941],[13.2568,46.3939],[13.2697,46.3965],[13.275,46.3953],[13.2812,46.3975],[13.2905,46.4036],[13.3109,46.4089],[13.3173,46.4193],[13.3165,46.4267],[13.315,46.4301],[13.3087,46.4344],[13.3066,46.4378],[13.315,46.4465],[13.3136,46.4513],[13.3025,46.4576],[13.2987,46.4585],[13.2942,46.463],[13.2929,46.4703],[13.2946,46.476],[13.2996,46.4826],[13.2983,46.4908],[13.3003,46.4943],[13.2997,46.498],[13.3029,46.5041],[13.3067,46.5072],[13.3148,46.5102],[13.3327,46.5106],[13.3445,46.5081],[13.3561,46.5083],[13.3727,46.5013],[13.3923,46.499],[13.3995,46.5004],[13.4064,46.5035],[13.4247,46.5063],[13.442,46.5077],[13.4499,46.5076],[13.4542,46.5063],[13.4584,46.5101],[13.4758,46.5106],[13.4897,46.5078],[13.4965,46.502],[13.4998,46.5014],[13.5129,46.503],[13.5261,46.5064],[13.5511,46.5091],[13.5654,46.5073],[13.5722,46.505],[13.577,46.5059],[13.5849,46.5046],[13.5938,46.5058]]]},"properties":{"kind":"roman-road","source":"itinere-roads"}},{"type":"Feature","geometry":{"type":"MultiLineString","coordinates":[[[13.6549,46.5451],[13.694,46.5493],[13.7082,46.5494],[13.7292,46.5473],[13.7583,46.5478],[13.7744,46.5541],[13.7884,46.5546],[13.7982,46.5579],[13.8069,46.5658],[13.8083,46.5702],[13.8189,46.5822],[13.8234,46.5833],[13.8282,46.5877],[13.8339,46.6043],[13.839,46.6115],[13.8447,46.6133],[13.8557,46.6208]]]},"properties":{"kind":"roman-road","source":"itinere-roads"}},{"type":"Feature","geometry":{"type":"MultiLineString","coordinates":[[[13.5938,46.5058],[13.6035,46.5119],[13.6058,46.518],[13.6158,46.5204],[13.6266,46.5271],[13.6349,46.5284],[13.6387,46.5318],[13.64,46.5353],[13.6549,46.5451]]]},"properties":{"kind":"roman-road","source":"itinere-roads"}},{"type":"Feature","geometry":{"type":"MultiLineString","coordinates":[[[13.5938,46.5058],[13.5916,46.5008],[13.5866,46.4951],[13.5869,46.4905],[13.5802,46.4853],[13.5728,46.4768],[13.5728,46.4731],[13.5709,46.4711],[13.5719,46.4654],[13.5745,46.4601],[13.5752,46.4507],[13.5735,46.4482],[13.572,46.4403],[13.5684,46.4382],[13.5667,46.4287],[13.5707,46.4244],[13.5704,46.4202],[13.578,46.4186],[13.5882,46.4206],[13.5937,46.423],[13.6019,46.4205],[13.6112,46.4154],[13.6186,46.4136],[13.6066,46.4101],[13.5878,46.3906],[13.5891,46.3874],[13.5857,46.3857],[13.5842,46.3814],[13.586,46.3787],[13.5841,46.3758],[13.5843,46.3718],[13.5879,46.3678],[13.5899,46.3598],[13.587,46.3558],[13.5821,46.3522],[13.5774,46.3451],[13.5722,46.3433],[13.5699,46.3407],[13.5602,46.3377],[13.5566,46.3335],[13.5523,46.3334],[13.5356,46.327],[13.522,46.3257],[13.5184,46.3232],[13.514,46.3233],[13.5001,46.32],[13.497,46.3176],[13.4932,46.3175],[13.4796,46.3095],[13.481,46.3051],[13.4858,46.2992],[13.5022,46.2894],[13.513,46.2846],[13.5251,46.282],[13.5436,46.2757],[13.5481,46.2756],[13.5524,46.2717],[13.5772,46.2621],[13.5786,46.2595],[13.5855,46.2579],[13.5865,46.2556],[13.5846,46.2533],[13.5856,46.2465]]]},"properties":{"kind":"roman-road","source":"itinere-roads"}},{"type":"Feature","geometry":{"type":"MultiLineString","coordinates":[[[13.5856,46.2465],[13.5813,46.2432],[13.5713,46.2423],[13.56,46.2436],[13.5344,46.24],[13.5301,46.2414],[13.524,46.2456],[13.513,46.244],[13.5024,46.2391],[13.5001,46.2251],[13.5018,46.2221],[13.5007,46.2191],[13.4962,46.2167],[13.4942,46.2129],[13.4897,46.2091],[13.4732,46.203],[13.4712,46.2003],[13.4697,46.1938],[13.4718,46.1889],[13.4777,46.183],[13.4777,46.1806],[13.4815,46.1744],[13.4891,46.171],[13.4876,46.1664],[13.4894,46.152],[13.4886,46.1453],[13.4847,46.1331],[13.486,46.1306],[13.4814,46.1171],[13.4741,46.1066],[13.4691,46.1024],[13.4559,46.0976],[13.447,46.0921],[13.4361,46.0884]]]},"properties":{"kind":"roman-road","source":"itinere-roads"}},{"type":"Feature","geometry":{"type":"MultiLineString","coordinates":[[[13.4361,46.0884],[13.4359,46.0792],[13.4337,46.0676],[13.4354,46.0631],[13.435,46.0532],[13.4421,46.0321],[13.437,46.0103],[13.4377,46.004],[13.4407,45.9924],[13.4489,45.9809],[13.4485,45.9769],[13.4552,45.9738],[13.4717,45.9454],[13.4661,45.8975],[13.4726,45.8814]]]},"properties":{"kind":"roman-road","source":"itinere-roads"}},{"type":"Feature","geometry":{"type":"MultiLineString","coordinates":[[[14.4227,47.1756],[14.4313,47.1498],[14.4555,47.1169],[14.4378,47.0968],[14.4335,47.0832],[14.4356,47.0675],[14.446,47.0526]]]},"properties":{"kind":"roman-road","source":"itinere-roads"}},{"type":"Feature","geometry":{"type":"MultiLineString","coordinates":[[[14.446,47.0526],[14.4366,47.0381],[14.4194,47.0209],[14.406,47.0016],[14.4016,46.9662]]]},"properties":{"kind":"roman-road","source":"itinere-roads"}},{"type":"Feature","geometry":{"type":"MultiLineString","coordinates":[[[11.6281,46.7765],[11.6303,46.7755],[11.6394,46.779],[11.6413,46.7858],[11.6491,46.7856],[11.667,46.7936],[11.6748,46.806],[11.6981,46.8141],[11.7088,46.8153],[11.7406,46.8147],[11.7876,46.8106],[11.8126,46.8079],[11.8282,46.8046],[11.8364,46.807],[11.8554,46.7949],[11.8708,46.7886],[11.8817,46.7905],[11.8908,46.7852],[11.9034,46.7852]]]},"properties":{"kind":"roman-road","source":"itinere-roads"}},{"type":"Feature","geometry":{"type":"MultiLineString","coordinates":[[[13.4213,46.8273],[13.4496,46.8187],[13.4704,46.8097],[13.4719,46.8062],[13.4709,46.8015],[13.4681,46.7968],[13.4685,46.7941],[13.4839,46.7917],[13.4879,46.7863],[13.4856,46.7857],[13.4894,46.7817],[13.4922,46.7822],[13.5009,46.779],[13.5068,46.7789],[13.5327,46.7691],[13.5449,46.7697],[13.5523,46.7685],[13.5551,46.7625],[13.5695,46.7492],[13.5812,46.7465],[13.5998,46.7387],[13.6144,46.7258],[13.6222,46.7218],[13.6411,46.7162],[13.6477,46.7117],[13.6682,46.7029],[13.6718,46.6959],[13.6856,46.6886],[13.6935,46.683],[13.6996,46.6766],[13.7058,46.6735],[13.7383,46.6625],[13.7587,46.6588],[13.7646,46.6536],[13.7728,46.6491],[13.7887,46.65],[13.7944,46.6481],[13.7976,46.645],[13.8103,46.6377],[13.8252,46.6328],[13.8279,46.6308],[13.8357,46.6293],[13.8366,46.6205],[13.8437,46.6183],[13.8557,46.6208]]]},"properties":{"kind":"roman-road","source":"itinere-roads"}},{"type":"Feature","geometry":{"type":"MultiLineString","coordinates":[[[15.8728,46.4187],[15.888,46.4266]]]},"properties":{"kind":"roman-road","source":"itinere-roads"}},{"type":"Feature","geometry":{"type":"MultiLineString","coordinates":[[[15.888,46.4266],[15.9215,46.4236],[15.9405,46.4319],[15.9558,46.4354],[15.9682,46.4273],[15.9812,46.4224],[16.0366,46.4217],[16.0417,46.4237],[16.0564,46.4242],[16.0579,46.4264],[16.0674,46.43],[16.0791,46.4309],[16.0806,46.4346],[16.0773,46.4406],[16.0801,46.4457],[16.0856,46.4496],[16.1003,46.4511],[16.13,46.4594],[16.1371,46.4591],[16.1444,46.4613],[16.1558,46.4618],[16.1617,46.4646],[16.1662,46.4686],[16.1871,46.4714],[16.1952,46.4677],[16.2102,46.4643],[16.2181,46.4633],[16.2319,46.4646],[16.2475,46.4684],[16.249,46.4707],[16.2772,46.4787],[16.2822,46.4827],[16.2882,46.4797],[16.303,46.4827],[16.3097,46.4823],[16.3326,46.4913],[16.3361,46.4961],[16.3514,46.496],[16.3662,46.511],[16.3861,46.5165],[16.3922,46.5165],[16.4061,46.5199]]]},"properties":{"kind":"roman-road","source":"itinere-roads"}},{"type":"Feature","geometry":{"type":"MultiLineString","coordinates":[[[16.4061,46.5199],[16.4172,46.5208],[16.4305,46.5146],[16.4371,46.5133],[16.4402,46.5141],[16.4443,46.536],[16.4406,46.5422],[16.4447,46.5507],[16.4427,46.5593],[16.4443,46.5686],[16.4381,46.5789],[16.4311,46.5875],[16.4353,46.5919],[16.4415,46.593],[16.4516,46.5889],[16.4581,46.5926],[16.4611,46.5968],[16.4672,46.6256],[16.4728,46.6336],[16.4713,46.6415],[16.4728,46.6474],[16.4715,46.6571],[16.4732,46.6595],[16.478,46.6778],[16.4817,46.679],[16.4828,46.6845],[16.4804,46.69],[16.4821,46.6936],[16.4811,46.699],[16.4743,46.7047],[16.4717,46.7122],[16.4731,46.7203],[16.4685,46.7233],[16.4795,46.737],[16.4771,46.7426],[16.4776,46.7497],[16.4831,46.7564],[16.4823,46.7613],[16.4832,46.7682],[16.4787,46.7772],[16.4781,46.7824],[16.4793,46.7861],[16.4787,46.7928],[16.4823,46.8021],[16.4819,46.8085],[16.4765,46.8315],[16.4928,46.8351],[16.5003,46.8384]]]},"properties":{"kind":"roman-road","source":"itinere-roads"}},{"type":"Feature","geometry":{"type":"MultiLineString","coordinates":[[[16.5003,46.8384],[16.5026,46.844],[16.5031,46.8503],[16.4951,46.876],[16.4965,46.8936],[16.4982,46.8994],[16.5067,46.9004],[16.5094,46.9044],[16.5139,46.9147],[16.5163,46.9279],[16.5206,46.9353],[16.5213,46.9405],[16.5252,46.943],[16.5269,46.9474],[16.5264,46.9543],[16.5123,46.9628],[16.5176,46.9698],[16.5192,46.974],[16.5273,46.9819],[16.5278,46.9845],[16.5362,46.9905],[16.5376,46.9935],[16.5377,47.0001]]]},"properties":{"kind":"roman-road","source":"itinere-roads"}},{"type":"Feature","geometry":{"type":"MultiLineString","coordinates":[[[16.5377,47.0001],[16.5421,47.0051],[16.5484,47.0068],[16.5513,47.0116],[16.5521,47.0325],[16.5555,47.0356],[16.5569,47.0401],[16.5552,47.0471],[16.5518,47.0502],[16.552,47.0856],[16.5565,47.0994],[16.5649,47.1141],[16.5815,47.1308],[16.5838,47.1347],[16.5828,47.14],[16.5785,47.148],[16.5793,47.1507],[16.5864,47.1575],[16.5879,47.1618],[16.5845,47.17],[16.5919,47.1882],[16.5985,47.1947],[16.605,47.2044],[16.6175,47.2111],[16.6197,47.2179],[16.6179,47.2211],[16.6174,47.2295]]]},"properties":{"kind":"roman-road","source":"itinere-roads"}},{"type":"Feature","geometry":{"type":"MultiLineString","coordinates":[[[13.6989,47.0929],[13.7025,47.0831],[13.7156,47.0862],[13.7235,47.0857],[13.7232,47.0828],[13.7321,47.0792],[13.728,47.0723],[13.7228,47.0699],[13.7149,47.0594],[13.714,47.0544],[13.7104,47.0476],[13.7122,47.0413],[13.6967,47.0331],[13.6824,47.0345],[13.6804,47.0365],[13.6672,47.0348],[13.6497,47.0304],[13.6388,47.0253],[13.6311,47.0189],[13.6293,47.0155],[13.6176,47.0074],[13.6144,47.0072],[13.6168,46.9945],[13.6198,46.9938],[13.6221,46.9892],[13.6223,46.9752],[13.6173,46.9605],[13.6131,46.9574],[13.6119,46.9519],[13.6057,46.9409],[13.5984,46.9333],[13.5896,46.9294],[13.5864,46.9295],[13.5783,46.923],[13.5695,46.9211],[13.5672,46.9189],[13.5617,46.9176],[13.5603,46.9154],[13.5422,46.9092],[13.5316,46.9038],[13.5293,46.9019],[13.5278,46.8971],[13.5227,46.8907],[13.5194,46.8897],[13.5201,46.8873],[13.5144,46.8844],[13.5125,46.8797],[13.5069,46.8739],[13.5064,46.8683],[13.5022,46.8641],[13.4937,46.8504],[13.4959,46.844],[13.4831,46.8337],[13.4735,46.8308],[13.4644,46.8307]]]},"properties":{"kind":"roman-road","source":"itinere-roads"}},{"type":"Feature","geometry":{"type":"MultiLineString","coordinates":[[[13.4644,46.8307],[13.4308,46.8294],[13.4236,46.8302],[13.4213,46.8273]]]},"properties":{"kind":"roman-road","source":"itinere-roads"}},{"type":"Feature","geometry":{"type":"MultiLineString","coordinates":[[[13.6989,47.0929],[13.7118,47.1028],[13.771,47.1222],[13.7807,47.1281],[13.7904,47.1304],[13.7934,47.1335],[13.8017,47.1351],[13.8141,47.1215],[13.8133,47.1171],[13.8156,47.1142],[13.8203,47.1004],[13.8179,47.0888],[13.8131,47.0845],[13.8141,47.0794],[13.8231,47.0755],[13.8318,47.0744],[13.8445,47.0761],[13.8549,47.073],[13.8602,47.0731],[13.8947,47.0658],[13.9035,47.0666],[13.907,47.0692],[13.9139,47.0703],[13.9154,47.0726],[13.9237,47.0752],[13.9374,47.0841],[13.9643,47.0838],[13.9779,47.0855]]]},"properties":{"kind":"roman-road","source":"itinere-roads"}},{"type":"Feature","geometry":{"type":"MultiLineString","coordinates":[[[13.9779,47.0855],[13.9803,47.0841],[13.9875,47.0641],[13.9902,47.0631],[13.9928,47.0566],[14.0002,47.0482],[14.002,47.0384],[14.0066,47.0314],[14.0091,47.0297],[14.0066,47.0259],[14.0041,47.0177],[14.0064,47.014],[14.0101,47.0117],[14.0097,47.0079],[14.012,47.0023],[14.0139,47.001],[14.0163,46.9883],[14.0086,46.983],[14.006,46.9787],[14.007,46.9761],[14.0192,46.9672],[14.0245,46.9599],[14.0259,46.9518],[14.0249,46.9498],[14.0326,46.9425],[14.0354,46.9421],[14.0402,46.9386],[14.0536,46.9367]]]},"properties":{"kind":"roman-road","source":"itinere-roads"}},{"type":"Feature","geometry":{"type":"MultiLineString","coordinates":[[[13.9779,47.0855],[13.982,47.0874],[13.9832,47.091],[13.9887,47.0932],[13.9904,47.0951],[14.0088,47.1027],[14.0185,47.1102],[14.0352,47.1169],[14.0873,47.1056],[14.1066,47.1049],[14.1135,47.1062],[14.123,47.1053],[14.1371,47.1077],[14.142,47.1116],[14.1539,47.1148],[14.1665,47.1128],[14.1754,47.1141],[14.1985,47.1089],[14.2043,47.1116],[14.212,47.1124],[14.2171,47.1149],[14.2246,47.121],[14.2261,47.1237],[14.2334,47.1282],[14.2369,47.1284],[14.2475,47.1338],[14.2596,47.1366],[14.2863,47.1367],[14.305,47.1328],[14.3211,47.1321],[14.3393,47.1282],[14.3588,47.1283],[14.3613,47.1349],[14.3689,47.1364],[14.3732,47.1449],[14.3867,47.1526],[14.3894,47.1555],[14.3943,47.1574],[14.4027,47.1568],[14.4077,47.1583],[14.4099,47.161],[14.4134,47.1619],[14.4202,47.1668],[14.4227,47.1756]]]},"properties":{"kind":"roman-road","source":"itinere-roads"}},{"type":"Feature","geometry":{"type":"MultiLineString","coordinates":[[[14.0536,46.9367],[14.0544,46.9434],[14.0622,46.9492],[14.0735,46.9504],[14.1031,46.9504],[14.1385,46.9593],[14.1465,46.9642],[14.1543,46.9711],[14.1837,46.979],[14.1957,46.9805],[14.2237,46.9813],[14.2558,46.985],[14.261,46.9792],[14.2693,46.974],[14.3137,46.9718],[14.3247,46.9686],[14.3602,46.9695],[14.3666,46.9709],[14.3819,46.9699],[14.3898,46.9666],[14.4016,46.9662]]]},"properties":{"kind":"roman-road","source":"itinere-roads"}},{"type":"Feature","geometry":{"type":"MultiLineString","coordinates":[[[14.0536,46.9367],[14.0551,46.9268],[14.0574,46.9212],[14.0677,46.9132],[14.1065,46.9],[14.1094,46.894],[14.1096,46.8894],[14.1208,46.869],[14.1363,46.8543],[14.1436,46.851],[14.1602,46.8521],[14.1722,46.8501],[14.1796,46.8524],[14.2052,46.8496],[14.2304,46.8634],[14.2373,46.8634],[14.2443,46.8653],[14.2534,46.8634],[14.2573,46.8684],[14.2667,46.868],[14.3002,46.8788],[14.3122,46.8843],[14.3227,46.8931],[14.3332,46.8957],[14.3455,46.8947],[14.3676,46.9018],[14.3702,46.9047],[14.3753,46.902],[14.402,46.905],[14.4113,46.9007],[14.4226,46.9002],[14.4376,46.8925],[14.4429,46.8923]]]},"properties":{"kind":"roman-road","source":"itinere-roads"}},{"type":"Feature","geometry":{"type":"MultiLineString","coordinates":[[[13.8763,46.6358],[13.8704,46.6494],[13.8729,46.6519],[13.8734,46.6572],[13.8504,46.6708],[13.8444,46.6786],[13.8355,46.6855],[13.8339,46.6905],[13.8351,46.6936],[13.8326,46.7031],[13.8339,46.7074],[13.8363,46.7097],[13.836,46.7135],[13.8286,46.7173],[13.819,46.7195],[13.8154,46.7185],[13.804,46.7247],[13.7922,46.7248],[13.789,46.7265],[13.788,46.731],[13.7788,46.7395],[13.7723,46.7527],[13.7689,46.7565],[13.7625,46.759],[13.7607,46.7624],[13.7608,46.7676],[13.7579,46.771],[13.7586,46.7748],[13.756,46.7794],[13.7329,46.7958],[13.7118,46.8018],[13.7053,46.8013],[13.699,46.7984],[13.6875,46.7995],[13.6766,46.7959],[13.6649,46.7877],[13.6454,46.7825],[13.6411,46.7797],[13.6322,46.7888],[13.6288,46.7891],[13.6097,46.7972],[13.6061,46.8023],[13.5978,46.8067],[13.59,46.81],[13.5807,46.8118],[13.5641,46.8194],[13.5573,46.8206],[13.5464,46.8256],[13.5382,46.8261],[13.5331,46.8282],[13.5315,46.8307],[13.5245,46.8329],[13.5227,46.8312],[13.5132,46.8337],[13.5014,46.8295],[13.4977,46.831],[13.4909,46.8292],[13.4848,46.8301],[13.4792,46.8278],[13.4644,46.8307]]]},"properties":{"kind":"roman-road","source":"itinere-roads"}},{"type":"Feature","geometry":{"type":"MultiLineString","coordinates":[[[13.8763,46.6358],[13.882,46.6363],[13.8875,46.6413],[13.8909,46.647],[13.8897,46.6514],[13.8911,46.6581],[13.8934,46.6592],[13.9532,46.6721],[13.9589,46.6745],[13.9619,46.6775],[13.9701,46.6804],[13.9779,46.6877],[13.9912,46.694],[14.0081,46.696],[14.0277,46.7024],[14.0405,46.6992],[14.0484,46.7009],[14.0572,46.7054],[14.0629,46.7065],[14.0649,46.7123],[14.0671,46.7142],[14.0828,46.7206],[14.1018,46.7222],[14.1053,46.7215],[14.106,46.7158],[14.1097,46.7119],[14.1175,46.7094],[14.1192,46.7073],[14.1203,46.7007],[14.1268,46.6936],[14.1372,46.6918],[14.1466,46.6845],[14.1448,46.6767],[14.1463,46.6734],[14.153,46.6704]]]},"properties":{"kind":"roman-road","source":"itinere-roads"}},{"type":"Feature","geometry":{"type":"MultiLineString","coordinates":[[[11.3843,47.2664],[11.3886,47.2639],[11.3921,47.2509],[11.3922,47.2446],[11.3902,47.2384],[11.3933,47.2311],[11.3921,47.2224],[11.3948,47.2176],[11.4017,47.2102],[11.4039,47.2055],[11.3992,47.1985],[11.3982,47.1929],[11.4018,47.1883],[11.398,47.1835],[11.3989,47.1812],[11.4043,47.1838],[11.4098,47.1826],[11.4171,47.1759],[11.4279,47.1703],[11.4343,47.1635],[11.4364,47.1594],[11.4424,47.1542],[11.4468,47.1409],[11.45,47.1372],[11.4502,47.1284],[11.4487,47.1203],[11.4532,47.1076],[11.4609,47.0998],[11.4624,47.0965],[11.4593,47.0901],[11.4601,47.0845],[11.4785,47.0744],[11.481,47.0678],[11.4803,47.0576],[11.4822,47.0488],[11.4793,47.0437],[11.4744,47.0398],[11.4757,47.0342],[11.4822,47.0333],[11.4894,47.028],[11.4975,47.0257],[11.5027,47.0225],[11.5065,47.0177],[11.5071,47.0133],[11.5064,47.0035],[11.4912,46.9811],[11.4722,46.9703],[11.4653,46.9648],[11.449,46.9409],[11.4484,46.9333],[11.4409,46.9186],[11.4276,46.9088],[11.4255,46.9014]]]},"properties":{"kind":"roman-road","source":"itinere-roads"}},{"type":"Feature","geometry":{"type":"MultiLineString","coordinates":[[[11.9034,46.7852],[11.9289,46.7951],[11.9418,46.7964],[11.965,46.7915],[11.9896,46.7894],[12.0113,46.7835],[12.0209,46.7734],[12.0294,46.7745],[12.0363,46.771],[12.0421,46.7701],[12.0477,46.7625],[12.0518,46.7608],[12.06,46.7603],[12.0697,46.7637],[12.0764,46.7622],[12.084,46.7635],[12.0869,46.7606],[12.0918,46.7595],[12.0963,46.7602],[12.1035,46.758],[12.1055,46.7553],[12.1265,46.7451],[12.1459,46.7411],[12.1597,46.7363],[12.1828,46.736],[12.1931,46.7348],[12.205,46.7309],[12.223,46.7288],[12.2276,46.7311],[12.2412,46.727],[12.2491,46.7266],[12.2637,46.7294],[12.2787,46.7346]]]},"properties":{"kind":"roman-road","source":"itinere-roads"}},{"type":"Feature","geometry":{"type":"MultiLineString","coordinates":[[[12.2787,46.7346],[12.2854,46.7353],[12.3004,46.7296],[12.3192,46.7283],[12.3267,46.7318],[12.3478,46.7348],[12.3642,46.7391],[12.3865,46.741],[12.3897,46.7431],[12.3962,46.7426],[12.4311,46.7474],[12.4447,46.746],[12.4681,46.7476],[12.4832,46.7456],[12.4891,46.7463],[12.4945,46.7494],[12.5089,46.7529],[12.5182,46.758],[12.5364,46.758],[12.5474,46.761],[12.5588,46.7603],[12.5794,46.7693],[12.5841,46.7681],[12.5964,46.7699],[12.6161,46.7756],[12.6273,46.7761],[12.6453,46.781],[12.6539,46.7816],[12.6573,46.7834],[12.6896,46.7854],[12.7063,46.7908],[12.7283,46.794],[12.7379,46.7991],[12.7425,46.7998],[12.7529,46.8061],[12.7566,46.8145],[12.7645,46.8249],[12.7704,46.8266]]]},"properties":{"kind":"roman-road","source":"itinere-roads"}},{"type":"Feature","geometry":{"type":"MultiLineString","coordinates":[[[12.7704,46.8266],[12.776,46.8258],[12.7964,46.8171],[12.824,46.8081],[12.8407,46.7968],[12.8467,46.7967],[12.8706,46.7896]]]},"properties":{"kind":"roman-road","source":"itinere-roads"}},{"type":"Feature","geometry":{"type":"MultiLineString","coordinates":[[[12.8706,46.7896],[12.8818,46.7818],[12.9098,46.7699],[12.9168,46.7617],[12.9227,46.7612],[12.931,46.7527],[12.9484,46.7451],[12.9698,46.7465]]]},"properties":{"kind":"roman-road","source":"itinere-roads"}},{"type":"Feature","geometry":{"type":"MultiLineString","coordinates":[[[12.9698,46.7465],[12.9825,46.7505],[12.9966,46.7466],[13.0021,46.7432],[13.0809,46.7376],[13.0913,46.7384],[13.1125,46.7436],[13.1281,46.7452],[13.1327,46.7442],[13.1375,46.7458],[13.1716,46.75],[13.1944,46.7512],[13.2046,46.7532],[13.2146,46.7501],[13.2231,46.7501],[13.2288,46.7515],[13.2568,46.7519],[13.2638,46.7552],[13.3112,46.7575],[13.3353,46.7643],[13.3504,46.785],[13.3546,46.7974],[13.3553,46.8113],[13.3456,46.8295],[13.3477,46.8328],[13.3602,46.8334],[13.3764,46.8293],[13.382,46.8308],[13.4213,46.8273]]]},"properties":{"kind":"roman-road","source":"itinere-roads"}},{"type":"Feature","geometry":{"type":"MultiLineString","coordinates":[[[14.3448,46.6905],[14.3192,46.6688]]]},"properties":{"kind":"roman-road","source":"itinere-roads"}},{"type":"Feature","geometry":{"type":"MultiLineString","coordinates":[[[14.1708,46.6607],[14.1667,46.667],[14.1611,46.6714],[14.153,46.6704]]]},"properties":{"kind":"roman-road","source":"itinere-roads"}},{"type":"Feature","geometry":{"type":"MultiLineString","coordinates":[[[14.153,46.6704],[14.1466,46.6623],[14.1371,46.663],[14.1278,46.6617],[14.1176,46.6573],[14.0996,46.657],[14.0896,46.6537],[14.0854,46.6499],[14.0555,46.6449],[14.0121,46.6486],[13.9982,46.6526],[13.9868,46.6503],[13.9654,46.6514],[13.9568,46.6498],[13.9522,46.6453],[13.9419,46.6401],[13.9266,46.6361],[13.8953,46.6326],[13.8759,46.6348]]]},"properties":{"kind":"roman-road","source":"itinere-roads"}},{"type":"Feature","geometry":{"type":"MultiLineString","coordinates":[[[14.3192,46.6688],[14.3041,46.6609],[14.2883,46.6599],[14.276,46.6649],[14.2619,46.6668],[14.2538,46.6703],[14.2309,46.6704],[14.2251,46.6693],[14.2189,46.666],[14.207,46.6633],[14.1978,46.6629],[14.176,46.6592],[14.1708,46.6607]]]},"properties":{"kind":"roman-road","source":"itinere-roads"}},{"type":"Feature","geometry":{"type":"MultiLineString","coordinates":[[[14.4429,46.8923],[14.4499,46.8776],[14.4435,46.8562],[14.4399,46.8191],[14.4071,46.8048],[14.3733,46.7822],[14.3729,46.7758],[14.38,46.7676],[14.3865,46.7551],[14.3833,46.7422],[14.3833,46.7358],[14.3811,46.7265],[14.3592,46.7014]]]},"properties":{"kind":"roman-road","source":"itinere-roads"}},{"type":"Feature","geometry":{"type":"MultiLineString","coordinates":[[[15.273,47.4108],[15.2749,47.4069],[15.2881,47.4082],[15.2893,47.4045],[15.2879,47.397],[15.2916,47.3937],[15.3016,47.3953],[15.3107,47.3933],[15.3125,47.3889],[15.3076,47.3769],[15.3103,47.3745],[15.3243,47.3727],[15.3389,47.3669],[15.3379,47.3603],[15.3404,47.3538],[15.3476,47.3507],[15.3543,47.3397],[15.355,47.3344],[15.3674,47.3249],[15.3725,47.3146],[15.373,47.3105],[15.3661,47.3039],[15.3297,47.2925],[15.3232,47.2921],[15.3075,47.2877],[15.308,47.2835],[15.3113,47.2792],[15.3218,47.2783],[15.3268,47.2755],[15.3298,47.2699],[15.3203,47.2622],[15.3162,47.2554],[15.3153,47.2484],[15.3235,47.2374],[15.3349,47.235],[15.3398,47.2304],[15.3392,47.2244],[15.337,47.2222],[15.3369,47.2191],[15.3399,47.2111],[15.3388,47.2052],[15.3444,47.2005],[15.3454,47.1972],[15.3445,47.1928],[15.3354,47.1878],[15.3324,47.1845],[15.3311,47.1803],[15.3317,47.1673],[15.3252,47.159],[15.3288,47.1479],[15.3317,47.1441],[15.3452,47.1386],[15.3438,47.1347],[15.3496,47.1272],[15.3581,47.1225],[15.3707,47.1211],[15.3782,47.1088],[15.3814,47.1075],[15.3939,47.1065],[15.4019,47.0994],[15.4089,47.0866],[15.414,47.0803],[15.4183,47.0691],[15.4203,47.0473],[15.4286,47.031]]]},"properties":{"kind":"roman-road","source":"itinere-roads"}},{"type":"Feature","geometry":{"type":"MultiLineString","coordinates":[[[15.4286,47.031],[15.4424,47.0091],[15.4499,46.9996],[15.4721,46.9602],[15.4775,46.9086],[15.4722,46.9024],[15.4729,46.8869],[15.479,46.8767],[15.5156,46.8526],[15.5174,46.8383],[15.5234,46.8208],[15.5298,46.8069],[15.5405,46.7995],[15.5517,46.7664]]]},"properties":{"kind":"roman-road","source":"itinere-roads"}},{"type":"Feature","geometry":{"type":"MultiLineString","coordinates":[[[12.9698,46.7465],[12.9692,46.742],[12.9657,46.737],[12.9644,46.7226],[12.9719,46.7039],[12.979,46.6966],[12.9901,46.6923],[13.0019,46.6843],[13.0039,46.6798],[13.0037,46.6749],[13.0002,46.6698],[13.0018,46.6628]]]},"properties":{"kind":"roman-road","source":"itinere-roads"}},{"type":"Feature","geometry":{"type":"MultiLineString","coordinates":[[[13.4733,47.3857],[13.475,47.3835],[13.4741,47.3784],[13.483,47.3674],[13.4923,47.3633],[13.4958,47.36],[13.4978,47.3546],[13.5017,47.3499],[13.5018,47.3456],[13.5074,47.333],[13.5091,47.3239],[13.5087,47.3193],[13.5106,47.3164],[13.506,47.3059],[13.5061,47.2972],[13.5043,47.2944],[13.5063,47.2904],[13.5065,47.2848],[13.503,47.2797],[13.4999,47.2706],[13.4989,47.2573],[13.5108,47.2514],[13.5225,47.2548],[13.5275,47.2519],[13.5527,47.2506],[13.5631,47.2468],[13.5721,47.24],[13.5788,47.2315],[13.583,47.2146],[13.5857,47.2091],[13.5854,47.2053],[13.5948,47.1943],[13.5991,47.1906],[13.6074,47.1864],[13.6202,47.1828],[13.6298,47.178],[13.6305,47.1759],[13.6483,47.1659],[13.6519,47.1592],[13.6537,47.1525],[13.6572,47.1473],[13.6646,47.1429],[13.6724,47.143],[13.6786,47.1387],[13.6959,47.1097],[13.6972,47.1032],[13.7001,47.1007],[13.6989,47.0929]]]},"properties":{"kind":"roman-road","source":"itinere-roads"}},{"type":"Feature","geometry":{"type":"MultiLineString","coordinates":[[[16.5257,43.5073],[16.5334,43.5043],[16.5395,43.4913],[16.5527,43.4844]]]},"properties":{"kind":"roman-road","source":"itinere-roads"}},{"type":"Feature","geometry":{"type":"MultiLineString","coordinates":[[[16.4845,43.5389],[16.4979,43.5324],[16.4935,43.527],[16.4884,43.5232],[16.4728,43.5206],[16.4633,43.5223],[16.4526,43.522],[16.4428,43.5178],[16.443,43.5127],[16.4404,43.5088],[16.4424,43.5069]]]},"properties":{"kind":"roman-road","source":"itinere-roads"}},{"type":"Feature","geometry":{"type":"MultiLineString","coordinates":[[[16.4424,43.5069],[16.4553,43.5064],[16.4696,43.5094],[16.4768,43.5076],[16.5227,43.5061],[16.5257,43.5073]]]},"properties":{"kind":"roman-road","source":"itinere-roads"}},{"type":"Feature","geometry":{"type":"MultiLineString","coordinates":[[[16.5527,43.4844],[16.5792,43.4663],[16.6122,43.4585],[16.6281,43.4512],[16.6302,43.4467],[16.635,43.4468],[16.645,43.4408],[16.6521,43.4424],[16.6662,43.4405],[16.682,43.4405],[16.6904,43.4469],[16.6946,43.4468],[16.6921,43.444]]]},"properties":{"kind":"roman-road","source":"itinere-roads"}},{"type":"Feature","geometry":{"type":"MultiLineString","coordinates":[[[16.6921,43.444],[16.7008,43.4424],[16.703,43.4409],[16.7047,43.4348],[16.7118,43.4212],[16.7192,43.4174],[16.7406,43.4119],[16.7442,43.4097],[16.7515,43.4083],[16.7604,43.4098],[16.7712,43.4089],[16.7799,43.4071],[16.789,43.4073],[16.7918,43.4055],[16.7959,43.406],[16.8015,43.4046],[16.8082,43.4056],[16.8229,43.4019],[16.835,43.4012],[16.8497,43.4022],[16.8678,43.3989],[16.8779,43.3994],[16.8869,43.4015],[16.8901,43.3995],[16.8911,43.3953],[16.8962,43.3893],[16.9058,43.3835],[16.9144,43.3806],[16.9168,43.3778],[16.921,43.3762],[16.9245,43.3715],[16.9352,43.3667],[16.9386,43.3626],[16.9476,43.3588],[16.9492,43.3546],[16.9617,43.343],[16.963,43.3403],[16.973,43.335],[16.9823,43.3255],[16.9869,43.3234],[16.9949,43.3169],[17.0029,43.3068],[17.0093,43.3035],[17.0164,43.297],[17.0207,43.2952]]]},"properties":{"kind":"roman-road","source":"itinere-roads"}},{"type":"Feature","geometry":{"type":"MultiLineString","coordinates":[[[17.0207,43.2952],[17.0233,43.2876],[17.0257,43.285],[17.044,43.274],[17.054,43.2709],[17.058,43.2645],[17.0605,43.2627]]]},"properties":{"kind":"roman-road","source":"itinere-roads"}},{"type":"Feature","geometry":{"type":"MultiLineString","coordinates":[[[17.0605,43.2627],[17.0612,43.2572],[17.0637,43.2546],[17.0635,43.2502],[17.0703,43.2444],[17.0748,43.2433],[17.0774,43.2399],[17.0789,43.2341],[17.0864,43.2333],[17.0935,43.229],[17.1053,43.2284],[17.108,43.2262],[17.1112,43.2181],[17.1162,43.2157],[17.1159,43.2106],[17.117,43.2079],[17.1233,43.204],[17.1314,43.2018],[17.1369,43.198],[17.1483,43.1969],[17.1546,43.1934],[17.1642,43.1845],[17.1653,43.1813],[17.1717,43.176],[17.1828,43.1734],[17.1882,43.1742],[17.194,43.1699],[17.1983,43.1713],[17.2112,43.1682],[17.2141,43.1664],[17.2295,43.1624],[17.2316,43.1594],[17.2408,43.1562],[17.2478,43.1559],[17.2516,43.1528],[17.2607,43.1518],[17.2694,43.1436],[17.2843,43.1374],[17.2871,43.131],[17.2914,43.1277],[17.2997,43.1263],[17.3043,43.1226],[17.3122,43.1223],[17.3222,43.1198],[17.3388,43.1107],[17.3413,43.1048]]]},"properties":{"kind":"roman-road","source":"itinere-roads"}},{"type":"Feature","geometry":{"type":"MultiLineString","coordinates":[[[17.3413,43.1048],[17.3494,43.105]]]},"properties":{"kind":"roman-road","source":"itinere-roads"}},{"type":"Feature","geometry":{"type":"MultiLineString","coordinates":[[[17.3494,43.105],[17.361,43.1055],[17.3693,43.1043],[17.3712,43.1078],[17.3774,43.1092],[17.3917,43.1163],[17.4172,43.1252],[17.423,43.1293],[17.439,43.1367],[17.4472,43.1386],[17.4707,43.1519],[17.4741,43.1553],[17.4797,43.1573],[17.4894,43.1647],[17.4945,43.1673],[17.4986,43.1674],[17.5229,43.1797]]]},"properties":{"kind":"roman-road","source":"itinere-roads"}},{"type":"Feature","geometry":{"type":"MultiLineString","coordinates":[[[17.5229,43.1797],[17.5328,43.185]]]},"properties":{"kind":"roman-road","source":"itinere-roads"}},{"type":"Feature","geometry":{"type":"MultiLineString","coordinates":[[[10.4889,46.9304],[10.4945,46.9372],[10.5078,46.9443],[10.5089,46.9484],[10.5123,46.9504],[10.5114,46.9543],[10.514,46.9573],[10.5215,46.9601],[10.5303,46.9675],[10.5383,46.9711],[10.5466,46.9728],[10.5578,46.9785],[10.5619,46.9836],[10.5688,46.9863],[10.5768,46.9939],[10.5963,47.0052],[10.599,47.0112],[10.6054,47.016],[10.627,47.028],[10.6303,47.0335],[10.6303,47.0377],[10.6333,47.0415],[10.6394,47.0445],[10.6449,47.052],[10.6486,47.0549],[10.6569,47.0591],[10.6636,47.0706],[10.6609,47.0808],[10.6645,47.0851],[10.6672,47.0929],[10.6647,47.1014],[10.6585,47.1107],[10.6534,47.114],[10.6362,47.115]]]},"properties":{"kind":"roman-road","source":"itinere-roads"}},{"type":"Feature","geometry":{"type":"MultiLineString","coordinates":[[[10.6362,47.115],[10.6336,47.1141],[10.6208,47.1148],[10.6075,47.1175],[10.5988,47.1229],[10.5767,47.1282],[10.5674,47.1356],[10.5674,47.1403],[10.5709,47.146],[10.5809,47.15],[10.5935,47.1669],[10.6029,47.1696],[10.6145,47.1754],[10.6232,47.1819],[10.6419,47.1861],[10.6468,47.1909],[10.6545,47.1955],[10.6759,47.2022],[10.6838,47.2018],[10.6907,47.2066],[10.7013,47.2105],[10.7173,47.2129],[10.722,47.2152],[10.7243,47.2205],[10.7307,47.2244],[10.7358,47.2325],[10.744,47.235]]]},"properties":{"kind":"roman-road","source":"itinere-roads"}},{"type":"Feature","geometry":{"type":"MultiLineString","coordinates":[[[14.1708,46.6607],[14.1729,46.658],[14.1869,46.65],[14.1952,46.6486],[14.1997,46.6422],[14.2053,46.6405],[14.2044,46.6334],[14.2068,46.6305],[14.211,46.6288],[14.2189,46.6274],[14.2404,46.6276],[14.2492,46.6242],[14.2572,46.6235],[14.2603,46.6217],[14.2711,46.6199],[14.2837,46.6204],[14.3034,46.6241]]]},"properties":{"kind":"roman-road","source":"itinere-roads"}},{"type":"Feature","geometry":{"type":"MultiLineString","coordinates":[[[14.3034,46.6241],[14.3165,46.6259],[14.3401,46.6259],[14.3527,46.6297],[14.3741,46.6288],[14.4004,46.6332],[14.4292,46.6407],[14.4592,46.6416],[14.495,46.6492],[14.5037,46.6498]]]},"properties":{"kind":"roman-road","source":"itinere-roads"}},{"type":"Feature","geometry":{"type":"MultiLineString","coordinates":[[[15.4823,45.9178],[15.4787,45.927],[15.4855,45.9322],[15.4818,45.9368],[15.4859,45.9421],[15.4876,45.9501],[15.4818,45.9693],[15.4764,45.9794],[15.4681,45.9837],[15.4613,45.9854],[15.4541,45.9839],[15.4268,45.9896],[15.4239,45.9877],[15.4145,45.9877],[15.3997,45.9831],[15.3947,45.984],[15.3891,45.9877],[15.3822,45.9864],[15.3691,45.987],[15.3553,45.9915],[15.3409,45.9916],[15.3356,45.9949],[15.3308,46.0011],[15.3264,46.0023],[15.3218,46.0013],[15.3158,46.0031],[15.3056,46.0021],[15.2937,46.0065],[15.2893,46.0137],[15.2843,46.0163],[15.2655,46.0205],[15.2625,46.0244],[15.2627,46.0323],[15.2671,46.0395],[15.2655,46.0436],[15.2569,46.0464],[15.2534,46.0463],[15.249,46.0443],[15.2476,46.0419],[15.2326,46.036],[15.2252,46.0457],[15.2145,46.0431],[15.2083,46.0434],[15.2033,46.049],[15.2047,46.0573],[15.2026,46.0607]]]},"properties":{"kind":"roman-road","source":"itinere-roads"}},{"type":"Feature","geometry":{"type":"MultiLineString","coordinates":[[[15.2026,46.0607],[15.189,46.0642],[15.1826,46.0722],[15.174,46.0763],[15.1714,46.0799],[15.172,46.0834],[15.1767,46.0872],[15.1883,46.0894],[15.1949,46.0954],[15.2014,46.0971],[15.2088,46.1025],[15.2201,46.1077],[15.2219,46.111],[15.2186,46.1128],[15.2142,46.1193],[15.2027,46.1221],[15.1973,46.127],[15.1978,46.1369],[15.2049,46.141],[15.2055,46.1456],[15.2079,46.1466],[15.2129,46.1453],[15.2261,46.1461],[15.2385,46.1444],[15.2394,46.1469],[15.2359,46.1514],[15.2332,46.1579],[15.2316,46.1686],[15.2377,46.1769],[15.2389,46.1858],[15.2373,46.1894],[15.2317,46.1917],[15.2316,46.1943],[15.2386,46.1952],[15.2397,46.1989],[15.2377,46.2038],[15.242,46.2063],[15.2573,46.2076],[15.2667,46.2237],[15.2677,46.234]]]},"properties":{"kind":"roman-road","source":"itinere-roads"}},{"type":"Feature","geometry":{"type":"MultiLineString","coordinates":[[[14.1727,45.1382],[14.2025,45.1311],[14.2206,45.1484],[14.2301,45.1658],[14.2284,45.1696],[14.2301,45.1753],[14.24,45.1821],[14.2429,45.1879],[14.2397,45.1989],[14.2431,45.2077],[14.2421,45.2113],[14.244,45.2145],[14.248,45.2168],[14.2518,45.2265],[14.2524,45.2351],[14.2604,45.2461],[14.2606,45.2522],[14.2646,45.2623],[14.2635,45.2644],[14.2684,45.2669],[14.2676,45.2688],[14.2699,45.2739],[14.2703,45.2844],[14.2758,45.2913]]]},"properties":{"kind":"roman-road","source":"itinere-roads"}},{"type":"Feature","geometry":{"type":"MultiLineString","coordinates":[[[14.3227,45.3559],[14.3282,45.3584],[14.3356,45.3571],[14.3369,45.3552],[14.3471,45.3506],[14.3881,45.3473],[14.3978,45.3425],[14.4099,45.34],[14.4284,45.3307],[14.445,45.3295],[14.4469,45.3345],[14.4576,45.3345]]]},"properties":{"kind":"roman-road","source":"itinere-roads"}},{"type":"Feature","geometry":{"type":"MultiLineString","coordinates":[[[14.4576,45.3345],[14.4625,45.3303]]]},"properties":{"kind":"roman-road","source":"itinere-roads"}},{"type":"Feature","geometry":{"type":"MultiLineString","coordinates":[[[14.4625,45.3303],[14.4708,45.328],[14.4843,45.3265],[14.5008,45.3186],[14.5128,45.3144],[14.529,45.3114],[14.5353,45.3068]]]},"properties":{"kind":"roman-road","source":"itinere-roads"}},{"type":"Feature","geometry":{"type":"MultiLineString","coordinates":[[[14.5353,45.3068],[14.5377,45.3093],[14.5442,45.3078],[14.5526,45.3016],[14.5614,45.2989],[14.5764,45.291],[14.584,45.2889],[14.603,45.2663],[14.6058,45.2543],[14.609,45.2476],[14.6185,45.2381],[14.6306,45.2307],[14.6364,45.2223],[14.644,45.2169],[14.6484,45.209],[14.6529,45.2075],[14.6708,45.1921],[14.6796,45.1867],[14.6889,45.1768],[14.6893,45.1749]]]},"properties":{"kind":"roman-road","source":"itinere-roads"}},{"type":"Feature","geometry":{"type":"MultiLineString","coordinates":[[[14.6893,45.1749],[14.6933,45.1763],[14.7056,45.1697],[14.7272,45.1555],[14.7313,45.1543],[14.735,45.1502],[14.7409,45.1489],[14.7495,45.1401],[14.773,45.132],[14.7828,45.13],[14.7881,45.1305],[14.7999,45.1249],[14.8088,45.124],[14.8091,45.126],[14.8134,45.1263],[14.8211,45.1229],[14.8267,45.1226],[14.8285,45.1254],[14.8323,45.124],[14.8365,45.1196],[14.8392,45.1189],[14.8419,45.121],[14.8451,45.1202],[14.8472,45.1248],[14.859,45.1279],[14.8724,45.126],[14.8814,45.1129],[14.886,45.1115],[14.886,45.1053],[14.8943,45.1043],[14.9014,45.1015],[14.9057,45.0979],[14.905,45.0922],[14.9031,45.0903],[14.8998,45.08],[14.905,45.0765],[14.91,45.0679],[14.9131,45.0672],[14.9174,45.0622],[14.9212,45.0529],[14.9252,45.0484],[14.9274,45.0422],[14.9264,45.0403],[14.9321,45.0303],[14.9286,45.0201],[14.9233,45.0174],[14.9153,45.0178],[14.9096,45.0115],[14.9002,45.0047],[14.9009,44.9905]]]},"properties":{"kind":"roman-road","source":"itinere-roads"}},{"type":"Feature","geometry":{"type":"MultiLineString","coordinates":[[[14.9009,44.9905],[14.9025,44.9889]]]},"properties":{"kind":"roman-road","source":"itinere-roads"}},{"type":"Feature","geometry":{"type":"MultiLineString","coordinates":[[[14.9025,44.9889],[14.9058,44.986],[14.9105,44.9853],[14.9195,44.9753],[14.9255,44.9592],[14.9247,44.958],[14.9278,44.9525],[14.9247,44.947],[14.9255,44.9454],[14.9224,44.9411],[14.9217,44.932],[14.92,44.9289]]]},"properties":{"kind":"roman-road","source":"itinere-roads"}},{"type":"Feature","geometry":{"type":"MultiLineString","coordinates":[[[14.92,44.9289],[14.9167,44.9197],[14.9183,44.9175],[14.9238,44.9166],[14.9238,44.9147],[14.9143,44.898],[14.9093,44.8947],[14.9079,44.8916],[14.9083,44.8849],[14.9057,44.8673],[14.9064,44.8621],[14.9048,44.8554],[14.905,44.8483],[14.9019,44.8426],[14.9036,44.8381],[14.9038,44.8278],[14.92,44.8093],[14.9228,44.8088],[14.9264,44.8035],[14.9283,44.7926],[14.9236,44.78],[14.9228,44.7707],[14.9262,44.7648],[14.9276,44.7588],[14.9247,44.7522],[14.9266,44.7438],[14.925,44.7374],[14.9312,44.7281],[14.9345,44.7203],[14.9369,44.7188],[14.9395,44.711],[14.9426,44.7069],[14.9447,44.6991],[14.9483,44.6939],[14.9481,44.6886],[14.9512,44.6798],[14.9474,44.6734],[14.9538,44.6617],[14.954,44.6589],[14.9597,44.6494],[14.9652,44.6451],[14.9671,44.6453],[14.978,44.6351],[14.9819,44.6289],[14.9857,44.627],[14.9949,44.6377],[14.999,44.6379],[15.0052,44.6351],[15.0109,44.6289],[15.0168,44.6163],[15.0204,44.6144],[15.023,44.6091],[15.0275,44.6039],[15.038,44.5956],[15.0382,44.5927],[15.0492,44.5903],[15.054,44.5861],[15.0632,44.5818],[15.0632,44.5782],[15.0673,44.5756],[15.0704,44.5708],[15.0727,44.5713],[15.0816,44.5649],[15.0882,44.5654],[15.0996,44.5618],[15.1049,44.5575],[15.1089,44.5492],[15.1142,44.5456],[15.1251,44.5459],[15.1351,44.5418],[15.1382,44.538],[15.137,44.5356],[15.1391,44.5299],[15.1427,44.529]]]},"properties":{"kind":"roman-road","source":"itinere-roads"}},{"type":"Feature","geometry":{"type":"MultiLineString","coordinates":[[[15.9324,44.1717],[15.9645,44.1497],[15.9688,44.1377]]]},"properties":{"kind":"roman-road","source":"itinere-roads"}},{"type":"Feature","geometry":{"type":"MultiLineString","coordinates":[[[15.8129,44.263],[15.8192,44.2646],[15.8228,44.2694],[15.8396,44.271],[15.8468,44.2679],[15.8518,44.2641],[15.8675,44.2617],[15.8747,44.258],[15.8782,44.2508],[15.8913,44.2407],[15.9032,44.2354],[15.9157,44.2223],[15.9193,44.2122],[15.9234,44.208],[15.9282,44.1967],[15.9294,44.1884],[15.9288,44.1824],[15.93,44.1759],[15.9324,44.1717]]]},"properties":{"kind":"roman-road","source":"itinere-roads"}},{"type":"Feature","geometry":{"type":"MultiLineString","coordinates":[[[15.6443,44.2877],[15.6517,44.2848],[15.6712,44.2824],[15.6912,44.2777],[15.7004,44.2741],[15.7033,44.2744],[15.7069,44.2725],[15.7257,44.2696],[15.7283,44.2682],[15.7399,44.2701],[15.7537,44.2672],[15.768,44.2577],[15.7737,44.2584],[15.7825,44.2625],[15.7871,44.2629],[15.7892,44.2615],[15.8013,44.2625],[15.8078,44.2613],[15.8129,44.263]]]},"properties":{"kind":"roman-road","source":"itinere-roads"}},{"type":"Feature","geometry":{"type":"MultiLineString","coordinates":[[[15.1427,44.529],[15.1451,44.5242],[15.1487,44.523],[15.1546,44.5178],[15.1577,44.5175],[15.1663,44.5128],[15.1722,44.5125],[15.1789,44.5102],[15.1927,44.5028],[15.1979,44.4959],[15.1993,44.4902],[15.2098,44.4835],[15.2241,44.4792],[15.2291,44.4764],[15.2357,44.4657],[15.2367,44.4614],[15.2419,44.4557],[15.2548,44.4523],[15.2562,44.4492],[15.2626,44.4464],[15.2664,44.4409],[15.2733,44.4362],[15.2769,44.4307],[15.2893,44.4259],[15.294,44.4259],[15.2981,44.424],[15.2995,44.4212],[15.3288,44.4095],[15.3347,44.405],[15.3395,44.3964],[15.3576,44.3838],[15.3726,44.3862],[15.3768,44.3819],[15.3852,44.3783],[15.3999,44.3683],[15.4111,44.3681],[15.4209,44.3738],[15.4275,44.3745],[15.4442,44.3681],[15.4489,44.3681],[15.483,44.3524],[15.4972,44.3507],[15.5149,44.3441],[15.5201,44.3438],[15.5267,44.3412],[15.5301,44.3369],[15.5448,44.3331],[15.5515,44.3274],[15.5524,44.3198],[15.5541,44.3162],[15.5577,44.3153],[15.5624,44.316],[15.5765,44.3127],[15.5867,44.3077],[15.5898,44.3077],[15.596,44.3051],[15.5977,44.3031],[15.6105,44.301],[15.6181,44.2967],[15.6274,44.2951],[15.6443,44.2877]]]},"properties":{"kind":"roman-road","source":"itinere-roads"}},{"type":"Feature","geometry":{"type":"MultiLineString","coordinates":[[[17.3494,43.105],[17.361,43.1055],[17.3693,43.1043],[17.3712,43.1078],[17.3774,43.1092],[17.3917,43.1163],[17.4172,43.1252],[17.423,43.1293],[17.439,43.1367],[17.4472,43.1386],[17.4707,43.1519],[17.4741,43.1553],[17.4797,43.1573],[17.4894,43.1647],[17.4945,43.1673],[17.4986,43.1674],[17.5229,43.1797]]]},"properties":{"kind":"roman-road","source":"itinere-roads"}},{"type":"Feature","geometry":{"type":"MultiLineString","coordinates":[[[17.6485,43.054],[17.6608,43.0509],[17.6678,43.0477],[17.6759,43.0458],[17.6803,43.0464],[17.6898,43.0421],[17.6928,43.0419],[17.6934,43.039],[17.6962,43.0365],[17.6956,43.0345],[17.7005,43.0293],[17.7044,43.0284],[17.7053,43.0196],[17.7075,43.0171],[17.7172,43.0136],[17.7256,43.0072],[17.7422,43.0019],[17.7511,42.9971],[17.7569,42.9971],[17.7582,43.0],[17.7706,42.9984],[17.7808,43.0006],[17.799,42.9991],[17.828,42.9892]]]},"properties":{"kind":"roman-road","source":"itinere-roads"}},{"type":"Feature","geometry":{"type":"MultiLineString","coordinates":[[[15.6711,44.3717],[15.6653,44.3733]]]},"properties":{"kind":"roman-road","source":"itinere-roads"}},{"type":"Feature","geometry":{"type":"MultiLineString","coordinates":[[[15.6653,44.3733],[15.6516,44.377],[15.6394,44.3831],[15.6219,44.3866],[15.6173,44.389],[15.607,44.3879],[15.5993,44.3886],[15.5823,44.401],[15.5753,44.4034],[15.5689,44.4094],[15.5663,44.4155],[15.5632,44.419],[15.5557,44.4248],[15.5475,44.4292],[15.5403,44.4282],[15.5334,44.4314],[15.515,44.4439],[15.5089,44.4551],[15.4947,44.4645],[15.4909,44.4692],[15.4837,44.4749],[15.4742,44.4794],[15.4686,44.4837],[15.464,44.4845],[15.4497,44.4906],[15.4399,44.4969],[15.4243,44.5005],[15.4182,44.5087],[15.4098,44.5262],[15.3959,44.5349],[15.386,44.5386],[15.3776,44.544]]]},"properties":{"kind":"roman-road","source":"itinere-roads"}},{"type":"Feature","geometry":{"type":"MultiLineString","coordinates":[[[15.414,44.6051],[15.4135,44.6094],[15.4115,44.6125],[15.4121,44.6152],[15.3994,44.6308],[15.3868,44.6432],[15.3818,44.6549],[15.3819,44.6692],[15.3835,44.6757],[15.3828,44.6787],[15.3759,44.688],[15.3759,44.6941],[15.3726,44.7002],[15.3743,44.7054],[15.3712,44.7083],[15.3768,44.7131],[15.3758,44.7161],[15.366,44.7217],[15.3714,44.7286],[15.3713,44.7309],[15.3664,44.7346],[15.3641,44.738],[15.3667,44.7426],[15.3595,44.7497],[15.3601,44.7527],[15.3639,44.7574],[15.3633,44.7606],[15.3585,44.7659],[15.3529,44.7697],[15.3539,44.7723],[15.3601,44.7745],[15.3611,44.78],[15.3586,44.7838],[15.3409,44.7898],[15.3382,44.7927],[15.335,44.7929],[15.3304,44.7957],[15.3275,44.8019],[15.32,44.808],[15.3182,44.8127],[15.3031,44.8239],[15.286,44.8463],[15.2775,44.8527],[15.2583,44.8652],[15.2409,44.8692]]]},"properties":{"kind":"roman-road","source":"itinere-roads"}},{"type":"Feature","geometry":{"type":"MultiLineString","coordinates":[[[15.3776,44.544],[15.374,44.5475],[15.3872,44.567],[15.3919,44.5801],[15.3946,44.5826],[15.3948,44.5867],[15.4106,44.6032],[15.414,44.6051]]]},"properties":{"kind":"roman-road","source":"itinere-roads"}},{"type":"Feature","geometry":{"type":"MultiLineString","coordinates":[[[15.2371,44.1124],[15.2423,44.112],[15.272,44.1185],[15.3245,44.1474],[15.3325,44.1506],[15.3397,44.157],[15.359,44.1684],[15.3776,44.1721],[15.382,44.1762],[15.3924,44.1823],[15.3973,44.1875],[15.409,44.1914],[15.4143,44.1904],[15.436,44.1955],[15.4519,44.2057],[15.4566,44.2101],[15.4645,44.2122],[15.4789,44.2116],[15.4871,44.2132],[15.4936,44.2115],[15.5077,44.2156],[15.5157,44.2225],[15.5278,44.2219],[15.5323,44.226],[15.5379,44.2241],[15.5443,44.2252],[15.5479,44.2287],[15.5564,44.2303],[15.559,44.2331],[15.5625,44.2344],[15.573,44.2307],[15.581,44.2324],[15.5937,44.243],[15.5976,44.2512],[15.5975,44.2537],[15.6011,44.2534],[15.6036,44.2576],[15.6157,44.2574],[15.6212,44.2544],[15.6234,44.2567],[15.6331,44.2568],[15.647,44.2622],[15.6472,44.2641],[15.6406,44.2688],[15.6434,44.2701],[15.6397,44.2877],[15.6443,44.2877]]]},"properties":{"kind":"roman-road","source":"itinere-roads"}},{"type":"Feature","geometry":{"type":"MultiLineString","coordinates":[[[15.6443,44.2877],[15.6505,44.2874],[15.6521,44.2897],[15.6507,44.2926],[15.6523,44.2943],[15.648,44.3013],[15.6494,44.3038],[15.6551,44.3028],[15.6614,44.2992],[15.6614,44.3021],[15.6504,44.3088],[15.6508,44.3127],[15.6491,44.317],[15.6424,44.3288],[15.6395,44.3305],[15.6442,44.3372],[15.6382,44.3493],[15.6423,44.3568],[15.6501,44.3558],[15.6544,44.3569],[15.6551,44.3628],[15.6594,44.3709],[15.6653,44.3733]]]},"properties":{"kind":"roman-road","source":"itinere-roads"}},{"type":"Feature","geometry":{"type":"MultiLineString","coordinates":[[[15.6653,44.3733],[15.6674,44.3738]]]},"properties":{"kind":"roman-road","source":"itinere-roads"}},{"type":"Feature","geometry":{"type":"MultiLineString","coordinates":[[[15.288,45.1795],[15.2848,45.1887],[15.2896,45.1947],[15.2941,45.1962],[15.3024,45.2019],[15.3075,45.2062],[15.3127,45.2132],[15.324,45.2197],[15.331,45.2215],[15.331,45.2243],[15.3341,45.2301],[15.3348,45.2377],[15.3325,45.243],[15.3349,45.2452],[15.3329,45.2474],[15.3382,45.2516],[15.3371,45.26],[15.3393,45.2637],[15.3452,45.2661],[15.349,45.2728],[15.3553,45.2788],[15.3589,45.2881],[15.3571,45.2986],[15.3616,45.304],[15.3605,45.3092],[15.3623,45.3109],[15.3657,45.3206],[15.3635,45.3288],[15.3681,45.3353],[15.3733,45.3388],[15.3756,45.3437]]]},"properties":{"kind":"roman-road","source":"itinere-roads"}},{"type":"Feature","geometry":{"type":"MultiLineString","coordinates":[[[15.5029,45.4435],[15.5025,45.4471],[15.5003,45.4498],[15.4961,45.4515],[15.4926,45.455],[15.492,45.4579],[15.4968,45.4638],[15.5043,45.4655],[15.5204,45.463],[15.5287,45.4638],[15.54,45.4708],[15.5459,45.4788],[15.5483,45.4892],[15.5452,45.5027],[15.5409,45.5143]]]},"properties":{"kind":"roman-road","source":"itinere-roads"}},{"type":"Feature","geometry":{"type":"MultiLineString","coordinates":[[[15.4898,45.4286],[15.4936,45.4352],[15.5006,45.4395],[15.5029,45.4435]]]},"properties":{"kind":"roman-road","source":"itinere-roads"}},{"type":"Feature","geometry":{"type":"MultiLineString","coordinates":[[[15.3748,45.3483],[15.3823,45.3544],[15.4055,45.3657],[15.4066,45.3689],[15.4112,45.3734],[15.4125,45.3772],[15.4158,45.3796],[15.4182,45.384],[15.4248,45.3855],[15.4282,45.3939],[15.432,45.3963],[15.4343,45.4005],[15.4482,45.4066],[15.4529,45.4136],[15.4576,45.4177],[15.4822,45.4229],[15.4898,45.4286]]]},"properties":{"kind":"roman-road","source":"itinere-roads"}},{"type":"Feature","geometry":{"type":"MultiLineString","coordinates":[[[15.3756,45.3437],[15.3748,45.3483]]]},"properties":{"kind":"roman-road","source":"itinere-roads"}},{"type":"Feature","geometry":{"type":"MultiLineString","coordinates":[[[15.5409,45.5143],[15.5441,45.5352],[15.5382,45.5478],[15.5396,45.5554],[15.5428,45.5591],[15.5561,45.5676],[15.5768,45.5674],[15.5926,45.5711],[15.5942,45.5828],[15.598,45.5904],[15.599,45.5984],[15.5976,45.6082],[15.5996,45.6186],[15.6131,45.6405],[15.639,45.6575],[15.6423,45.664],[15.6573,45.6785],[15.6827,45.6843],[15.6995,45.685],[15.7205,45.69],[15.7473,45.6928],[15.7495,45.6963],[15.7552,45.6976],[15.7614,45.6973],[15.77,45.702],[15.7711,45.7056],[15.7778,45.7124],[15.7846,45.7284],[15.7907,45.7361],[15.7983,45.7393],[15.8092,45.7529],[15.7985,45.7814],[15.8034,45.787]]]},"properties":{"kind":"roman-road","source":"itinere-roads"}},{"type":"Feature","geometry":{"type":"MultiLineString","coordinates":[[[16.2769,45.3638],[16.2773,45.3662],[16.283,45.3749],[16.2865,45.3761],[16.2936,45.3832],[16.3159,45.3882],[16.3384,45.3849],[16.3523,45.3857],[16.3568,45.3878]]]},"properties":{"kind":"roman-road","source":"itinere-roads"}},{"type":"Feature","geometry":{"type":"MultiLineString","coordinates":[[[15.2371,44.1124],[15.2418,44.1082],[15.2546,44.1053],[15.2696,44.1041],[15.3138,44.0928]]]},"properties":{"kind":"roman-road","source":"itinere-roads"}},{"type":"Feature","geometry":{"type":"MultiLineString","coordinates":[[[15.7798,43.8364],[15.7982,43.8422],[15.8054,43.8414],[15.8307,43.8423],[15.8638,43.835],[15.8946,43.8327]]]},"properties":{"kind":"roman-road","source":"itinere-roads"}},{"type":"Feature","geometry":{"type":"MultiLineString","coordinates":[[[15.8946,43.8327],[15.9042,43.8306],[15.915,43.8252],[15.9226,43.8205],[15.9231,43.8178]]]},"properties":{"kind":"roman-road","source":"itinere-roads"}},{"type":"Feature","geometry":{"type":"MultiLineString","coordinates":[[[15.3138,44.0928],[15.324,44.0884],[15.3465,44.073],[15.358,44.0674],[15.3595,44.0642],[15.3666,44.058],[15.38,44.0512],[15.3873,44.0448],[15.4009,44.0376],[15.4039,44.0373],[15.4319,44.0215],[15.4386,44.0171],[15.4414,44.0124],[15.4553,44.004],[15.4664,43.9939],[15.4861,43.9826],[15.4931,43.98],[15.5021,43.9748],[15.506,43.9711],[15.5317,43.9639],[15.5827,43.9385],[15.5926,43.9301],[15.5944,43.927],[15.6167,43.9161],[15.6415,43.9004],[15.666,43.8883],[15.6809,43.8768],[15.6971,43.8676],[15.7133,43.8642],[15.7245,43.8578],[15.7312,43.8521],[15.7404,43.8479],[15.7571,43.8374],[15.7649,43.8338],[15.7798,43.8364]]]},"properties":{"kind":"roman-road","source":"itinere-roads"}},{"type":"Feature","geometry":{"type":"MultiLineString","coordinates":[[[15.9231,43.8178],[15.9268,43.8097],[15.9306,43.8064],[15.9462,43.7986],[15.9662,43.7839],[15.9645,43.779],[15.9602,43.7762],[15.939,43.7702],[15.9377,43.7684],[15.938,43.7611],[15.9539,43.7532],[15.9607,43.7468],[15.9775,43.7363],[15.9834,43.735],[16.0083,43.7162],[16.0174,43.7079],[16.0262,43.7044]]]},"properties":{"kind":"roman-road","source":"itinere-roads"}},{"type":"Feature","geometry":{"type":"MultiLineString","coordinates":[[[16.0262,43.7044],[16.0673,43.6997],[16.0893,43.6949],[16.0935,43.6906],[16.0977,43.6816],[16.1062,43.6776],[16.1093,43.6735],[16.1064,43.6656],[16.108,43.6599],[16.1152,43.6527],[16.1283,43.6465],[16.1365,43.6451],[16.1501,43.6371],[16.1591,43.6339],[16.1691,43.6317],[16.1933,43.6297],[16.2056,43.6251],[16.2246,43.6205],[16.2257,43.6189],[16.2261,43.6105],[16.2251,43.5969],[16.2282,43.5906],[16.2314,43.5873],[16.2331,43.5763],[16.2369,43.5734],[16.2421,43.5716],[16.2448,43.569],[16.2465,43.5646],[16.2509,43.5625],[16.2582,43.5621],[16.2621,43.5602],[16.2625,43.5568],[16.2742,43.5546],[16.2776,43.5472],[16.2826,43.542],[16.2872,43.5337]]]},"properties":{"kind":"roman-road","source":"itinere-roads"}},{"type":"Feature","geometry":{"type":"MultiLineString","coordinates":[[[16.2872,43.5337],[16.314,43.545],[16.3543,43.554],[16.3672,43.5534],[16.408,43.547],[16.4325,43.5483],[16.4511,43.5431],[16.4845,43.5389]]]},"properties":{"kind":"roman-road","source":"itinere-roads"}},{"type":"Feature","geometry":{"type":"MultiLineString","coordinates":[[[16.5921,43.5993],[16.614,43.6002],[16.6161,43.6022],[16.6324,43.6034],[16.6558,43.6035],[16.663,43.6006],[16.6672,43.6007],[16.6716,43.5978],[16.6793,43.5967],[16.6816,43.6016],[16.6878,43.603],[16.6902,43.6048],[16.7006,43.6012],[16.7159,43.6089],[16.7166,43.6115],[16.7204,43.613],[16.7191,43.6153],[16.7211,43.6173],[16.7278,43.6178]]]},"properties":{"kind":"roman-road","source":"itinere-roads"}},{"type":"Feature","geometry":{"type":"MultiLineString","coordinates":[[[18.2315,42.6024],[18.2327,42.6069],[18.2278,42.6104],[18.2263,42.6134],[18.2156,42.6172],[18.2103,42.6242],[18.1934,42.6251],[18.1837,42.6328],[18.175,42.6355],[18.1658,42.6419],[18.1589,42.6437]]]},"properties":{"kind":"roman-road","source":"itinere-roads"}},{"type":"Feature","geometry":{"type":"MultiLineString","coordinates":[[[18.1589,42.6437],[18.1498,42.6432],[18.1457,42.644],[18.1425,42.6469],[18.1401,42.6517],[18.1364,42.6554],[18.1338,42.6665],[18.1371,42.6727],[18.1355,42.675],[18.1315,42.6727],[18.1206,42.6728],[18.1114,42.6748],[18.095,42.6756],[18.0796,42.6698],[18.073,42.6701],[18.0696,42.6732],[18.0562,42.6789],[18.0586,42.6804],[18.0521,42.6844],[18.0503,42.6886],[18.0453,42.6945],[18.0466,42.6999],[18.0454,42.7023],[18.0369,42.7005],[18.0316,42.6955],[18.0266,42.6942],[18.0137,42.7003],[17.992,42.7051],[17.9678,42.7183],[17.9628,42.7257],[17.9618,42.7303],[17.9576,42.7331],[17.9536,42.7332],[17.9513,42.7353],[17.9468,42.7351],[17.9427,42.7365],[17.9351,42.7488],[17.9274,42.748],[17.9256,42.7489],[17.9176,42.7596],[17.9196,42.7643],[17.9232,42.7677],[17.9212,42.7707],[17.9155,42.7732],[17.9093,42.785],[17.9048,42.786],[17.904,42.7884],[17.8975,42.7887]]]},"properties":{"kind":"roman-road","source":"itinere-roads"}},{"type":"Feature","geometry":{"type":"MultiLineString","coordinates":[[[17.8975,42.7887],[17.8931,42.792],[17.8905,42.7904],[17.8877,42.7915],[17.8739,42.7888],[17.8642,42.7989],[17.8611,42.808],[17.8574,42.81],[17.8557,42.8146],[17.8514,42.8201],[17.8486,42.8192],[17.8461,42.8146],[17.84,42.8172],[17.8379,42.8207],[17.8309,42.8178],[17.792,42.8345],[17.7728,42.8384],[17.7723,42.8421],[17.7754,42.8466],[17.7703,42.8508],[17.7682,42.8545],[17.7692,42.8593],[17.7665,42.8605],[17.7637,42.8653],[17.7586,42.8695],[17.7554,42.8701],[17.7387,42.8801],[17.7205,42.8881],[17.7144,42.8917],[17.7125,42.8943],[17.7051,42.8965],[17.6592,42.918],[17.6284,42.9269],[17.6221,42.9248],[17.6164,42.9251],[17.6094,42.9301],[17.6021,42.9293],[17.5959,42.9309],[17.5916,42.9341],[17.5841,42.9355],[17.5809,42.9401],[17.5774,42.942],[17.566,42.942],[17.5635,42.9439],[17.5566,42.9422],[17.535,42.9475],[17.5256,42.9586],[17.5183,42.9648],[17.5167,42.9708],[17.535,42.9684],[17.5339,42.9725],[17.5372,42.9793],[17.5473,42.9837],[17.5456,42.9865],[17.5456,42.992],[17.5414,42.9947],[17.5421,42.9965],[17.5562,43.0019],[17.5733,43.003],[17.5818,43.008],[17.6167,43.0184],[17.6445,43.0383],[17.6446,43.0408],[17.6493,43.0469],[17.6485,43.054]]]},"properties":{"kind":"roman-road","source":"itinere-roads"}},{"type":"Feature","geometry":{"type":"MultiLineString","coordinates":[[[17.6485,43.054],[17.6482,43.0569]]]},"properties":{"kind":"roman-road","source":"itinere-roads"}},{"type":"Feature","geometry":{"type":"MultiLineString","coordinates":[[[17.828,42.9892],[17.8513,42.9819],[17.8591,42.9826],[17.8725,42.9773],[17.8828,42.9761],[17.8912,42.9733],[17.8984,42.9681],[17.9009,42.9638],[17.9109,42.9564],[17.9097,42.9544],[17.9118,42.9525],[17.911,42.948],[17.9138,42.9446],[17.9137,42.9418],[17.9251,42.9369],[17.9399,42.9336],[17.951,42.9346],[17.9608,42.9338],[17.9652,42.9311],[17.9764,42.9177],[17.9814,42.8993],[17.9827,42.8738],[18.0019,42.8574]]]},"properties":{"kind":"roman-road","source":"itinere-roads"}},{"type":"Feature","geometry":{"type":"MultiLineString","coordinates":[[[18.2354,42.7585],[18.2388,42.7553],[18.2408,42.7461],[18.252,42.7381],[18.253,42.7359],[18.2622,42.7313],[18.2718,42.7226],[18.278,42.722],[18.2816,42.7203],[18.2909,42.7199],[18.2975,42.7158],[18.2995,42.7162],[18.3073,42.7127],[18.3186,42.7061],[18.3452,42.7089]]]},"properties":{"kind":"roman-road","source":"itinere-roads"}},{"type":"Feature","geometry":{"type":"MultiLineString","coordinates":[[[18.0019,42.8574],[18.0154,42.8575],[18.0266,42.8543],[18.0606,42.8338],[18.0902,42.8187],[18.103,42.8138],[18.1159,42.812],[18.1265,42.8073],[18.1431,42.7936],[18.1579,42.7889],[18.1623,42.784],[18.1949,42.7732],[18.2011,42.777],[18.2045,42.7772],[18.2138,42.7746],[18.2268,42.7672],[18.232,42.7664],[18.234,42.7642],[18.2354,42.7585]]]},"properties":{"kind":"roman-road","source":"itinere-roads"}},{"type":"Feature","geometry":{"type":"MultiLineString","coordinates":[[[18.2389,42.5773],[18.2673,42.5698],[18.2878,42.5614],[18.2924,42.5606]]]},"properties":{"kind":"roman-road","source":"itinere-roads"}},{"type":"Feature","geometry":{"type":"MultiLineString","coordinates":[[[18.2924,42.5606],[18.3022,42.558],[18.3255,42.5469]]]},"properties":{"kind":"roman-road","source":"itinere-roads"}},{"type":"Feature","geometry":{"type":"MultiLineString","coordinates":[[[18.6952,42.5137],[18.6965,42.5088],[18.6936,42.5057],[18.6945,42.5036],[18.691,42.4959],[18.6916,42.4922],[18.6946,42.4888],[18.707,42.4843],[18.7162,42.4837],[18.7281,42.4846],[18.733,42.4834],[18.7495,42.4879],[18.7537,42.4903],[18.7632,42.4904],[18.7669,42.486],[18.7635,42.4776],[18.7647,42.4762],[18.764,42.4718],[18.7651,42.4604],[18.7668,42.4551],[18.7655,42.4502],[18.7665,42.4473],[18.7644,42.4427],[18.7626,42.4417],[18.7679,42.4354],[18.7695,42.4284],[18.7684,42.4253],[18.7713,42.4231],[18.7654,42.4157],[18.7661,42.4123],[18.7696,42.4104],[18.7667,42.4052],[18.7628,42.4028],[18.7529,42.4016],[18.747,42.3968],[18.748,42.3922],[18.7504,42.3909],[18.7535,42.3845],[18.752,42.3761],[18.7551,42.3665],[18.7599,42.3608],[18.7626,42.3542],[18.768,42.3484],[18.772,42.3389],[18.7734,42.3316],[18.781,42.3252],[18.7924,42.3113],[18.8016,42.3088],[18.8053,42.3061],[18.8068,42.3011],[18.8061,42.2853],[18.8141,42.2859],[18.8237,42.2782],[18.8323,42.2777],[18.8354,42.2783],[18.8361,42.2823],[18.8416,42.2859],[18.8468,42.2872],[18.8556,42.2847],[18.8589,42.2824],[18.8687,42.2821],[18.8718,42.2836],[18.8764,42.2834],[18.8783,42.2817],[18.8846,42.2809],[18.8822,42.2772],[18.8855,42.2767],[18.8913,42.2729],[18.8906,42.2709],[18.8934,42.2696],[18.8978,42.2613],[18.8962,42.258],[18.9006,42.2543],[18.9,42.2528],[18.9029,42.248],[18.9024,42.2446],[18.9088,42.2328],[18.9087,42.2302],[18.9119,42.2284],[18.9107,42.2244],[18.9119,42.2206],[18.9225,42.216],[18.9319,42.2146],[18.9285,42.2098],[18.9399,42.2078],[18.9529,42.2035],[18.9588,42.2036],[18.9691,42.1978],[18.9765,42.1962],[18.9855,42.1888],[18.9872,42.1841],[18.9917,42.1807],[18.9962,42.1793],[18.9982,42.1751],[19.0016,42.1724],[19.0079,42.1731],[19.0159,42.1646],[19.0202,42.1618],[19.0264,42.1621],[19.0327,42.1583],[19.0332,42.1541],[19.0395,42.1501],[19.0406,42.1471],[19.0506,42.1385],[19.0585,42.1358],[19.0619,42.1322],[19.0649,42.1259],[19.0635,42.1238],[19.0838,42.1134],[19.0911,42.1057],[19.0941,42.0993],[19.1072,42.0838],[19.126,42.0721],[19.1268,42.0655],[19.1354,42.0617],[19.1352,42.0559],[19.1422,42.0513],[19.1432,42.0488],[19.1476,42.0473],[19.162,42.0332],[19.1625,42.0311],[19.1593,42.0262],[19.1627,42.0224],[19.1726,42.0189],[19.174,42.017],[19.1733,42.0132],[19.1558,42.0114],[19.1532,42.0091],[19.1499,42.0092],[19.15,41.995],[19.1488,41.9916],[19.1561,41.9881],[19.1652,41.9763],[19.1977,41.9643],[19.1995,41.9572],[19.2022,41.9523],[19.2086,41.9447],[19.2296,41.9274]]]},"properties":{"kind":"roman-road","source":"itinere-roads"}},{"type":"Feature","geometry":{"type":"MultiLineString","coordinates":[[[18.3255,42.5469],[18.3471,42.535],[18.3656,42.5277],[18.3676,42.5242],[18.3834,42.5189],[18.395,42.509],[18.4121,42.5041],[18.4213,42.4964],[18.4308,42.4921],[18.4383,42.4861],[18.4483,42.4824],[18.4576,42.4808],[18.4654,42.4762],[18.4757,42.4736],[18.4836,42.4695],[18.4871,42.463],[18.4978,42.4536],[18.5025,42.4524],[18.5109,42.4578],[18.5172,42.4597],[18.5345,42.452],[18.5556,42.4517],[18.5592,42.4551],[18.5649,42.4557],[18.5734,42.4504],[18.5784,42.4446],[18.5832,42.4434],[18.5848,42.4408],[18.6032,42.4355],[18.6091,42.4353],[18.6145,42.4384],[18.6313,42.4411],[18.6545,42.4546],[18.6593,42.4565],[18.6683,42.4576],[18.6732,42.4616],[18.6731,42.466],[18.6757,42.4689],[18.6805,42.4714],[18.6848,42.4799],[18.6744,42.4842],[18.6625,42.4872],[18.6519,42.487],[18.649,42.4892],[18.6524,42.4948],[18.6581,42.497],[18.6683,42.5048],[18.6768,42.5059],[18.679,42.5111],[18.6815,42.5119],[18.683,42.5152],[18.6874,42.5172],[18.6918,42.5168],[18.6952,42.5137]]]},"properties":{"kind":"roman-road","source":"itinere-roads"}},{"type":"Feature","geometry":{"type":"MultiLineString","coordinates":[[[18.3255,42.5469],[18.3663,42.5355],[18.4004,42.5312],[18.406,42.5292],[18.4082,42.5321],[18.4128,42.5348],[18.4258,42.5363],[18.4248,42.5439],[18.4272,42.5502],[18.4296,42.5512],[18.4322,42.5553],[18.4352,42.5642],[18.4313,42.5671],[18.4323,42.5691],[18.4295,42.5749],[18.4305,42.5826]]]},"properties":{"kind":"roman-road","source":"itinere-roads"}},{"type":"Feature","geometry":{"type":"MultiLineString","coordinates":[[[18.4305,42.5826],[18.4281,42.5933],[18.4286,42.6001],[18.4251,42.6041],[18.4221,42.6142],[18.4233,42.6287],[18.4245,42.631],[18.418,42.6416],[18.4137,42.6532],[18.4094,42.6709],[18.41,42.6737],[18.4067,42.6812],[18.401,42.7029],[18.3969,42.7044]]]},"properties":{"kind":"roman-road","source":"itinere-roads"}},{"type":"Feature","geometry":{"type":"MultiLineString","coordinates":[[[18.3452,42.7089],[18.3432,42.7052],[18.344,42.701],[18.3367,42.6893],[18.3361,42.6858],[18.3289,42.6721],[18.3248,42.6574],[18.3208,42.6543],[18.3177,42.6451],[18.3063,42.6415],[18.3014,42.6325],[18.2991,42.6308]]]},"properties":{"kind":"roman-road","source":"itinere-roads"}},{"type":"Feature","geometry":{"type":"MultiLineString","coordinates":[[[18.4966,42.728],[18.4925,42.7153],[18.4887,42.7134],[18.484,42.7137],[18.4778,42.7108],[18.4796,42.7062],[18.4478,42.7088],[18.4387,42.7064],[18.4358,42.7027],[18.4295,42.7005],[18.4226,42.7013],[18.3977,42.7084]]]},"properties":{"kind":"roman-road","source":"itinere-roads"}},{"type":"Feature","geometry":{"type":"MultiLineString","coordinates":[[[17.72,43.1133],[17.7225,43.1194],[17.732,43.1204],[17.7378,43.1188],[17.7473,43.1214],[17.7579,43.1264],[17.7624,43.1272],[17.7802,43.1377]]]},"properties":{"kind":"roman-road","source":"itinere-roads"}},{"type":"Feature","geometry":{"type":"MultiLineString","coordinates":[[[17.7802,43.1377],[17.7901,43.1354],[17.7963,43.1355],[17.8018,43.1374],[17.8135,43.1358],[17.8282,43.1293],[17.8367,43.1275],[17.8449,43.1284],[17.8529,43.1271],[17.8837,43.1109],[17.8901,43.1056],[17.8978,43.1027],[17.9079,43.1037],[17.9119,43.1014],[17.9146,43.0977],[17.9369,43.0847],[17.9438,43.083],[17.9572,43.0825],[17.9657,43.0789],[17.9766,43.0722],[17.9922,43.0613],[17.9982,43.0512],[18.0056,43.0452],[18.0105,43.0388],[18.0092,43.037],[18.0165,43.0248],[18.0202,43.0226],[18.0332,43.0082],[18.0416,43.0019],[18.0501,42.9906],[18.0517,42.9829],[18.055,42.9756],[18.055,42.972],[18.0645,42.9675],[18.0748,42.9602],[18.0824,42.9583],[18.0938,42.9496],[18.1303,42.9311],[18.1487,42.9373],[18.1496,42.9398],[18.1557,42.9408],[18.1653,42.937],[18.2087,42.9089],[18.2143,42.904],[18.2271,42.8975],[18.2466,42.8838],[18.2561,42.8737],[18.2622,42.8722],[18.2614,42.8763],[18.2811,42.8583],[18.2915,42.8417],[18.297,42.8304],[18.3018,42.8233],[18.3118,42.8142],[18.3115,42.8114],[18.3195,42.8001],[18.3275,42.7916],[18.3512,42.7776]]]},"properties":{"kind":"roman-road","source":"itinere-roads"}},{"type":"Feature","geometry":{"type":"MultiLineString","coordinates":[[[17.6482,43.0569],[17.6577,43.0592],[17.6881,43.0713],[17.6943,43.0801],[17.6948,43.0844],[17.6975,43.09],[17.6974,43.0934],[17.7065,43.1091]]]},"properties":{"kind":"roman-road","source":"itinere-roads"}},{"type":"Feature","geometry":{"type":"MultiLineString","coordinates":[[[17.7065,43.1091],[17.7179,43.1089],[17.72,43.1133]]]},"properties":{"kind":"roman-road","source":"itinere-roads"}},{"type":"Feature","geometry":{"type":"MultiLineString","coordinates":[[[18.2467,43.8468],[18.2241,43.8453],[18.2177,43.8421],[18.2153,43.8359],[18.2076,43.8254],[18.1941,43.818],[18.1891,43.8087],[18.1813,43.8023],[18.1788,43.7968],[18.1812,43.7919],[18.1792,43.7871],[18.1731,43.7844],[18.1657,43.7865],[18.1505,43.7876],[18.1417,43.7851],[18.1295,43.7841],[18.1222,43.7869],[18.115,43.7865],[18.1148,43.788],[18.106,43.7894],[18.1028,43.7925],[18.097,43.7952],[18.0887,43.7942],[18.0764,43.7854],[18.071,43.7779],[18.0603,43.7747],[18.0574,43.7719],[18.0591,43.7636],[18.0559,43.7596],[18.0523,43.7575],[18.0513,43.7539],[18.0433,43.7491],[18.0312,43.7517],[18.0236,43.7507],[18.0188,43.7471],[18.0189,43.7446],[18.0127,43.7399],[18.011,43.7341],[18.0067,43.7318],[18.0039,43.7267],[18.0019,43.7262],[18.0002,43.722],[17.9954,43.7188],[17.9957,43.7135],[17.9925,43.704],[17.9921,43.6991],[17.9873,43.6978],[17.9851,43.6935],[17.9867,43.6798],[17.9847,43.6775],[17.9845,43.6728],[17.9794,43.6699],[17.9708,43.6604],[17.9616,43.656]]]},"properties":{"kind":"roman-road","source":"itinere-roads"}},{"type":"Feature","geometry":{"type":"MultiLineString","coordinates":[[[18.1142,43.258],[18.1111,43.2541],[18.0847,43.2468],[18.0803,43.2488],[18.0728,43.2487],[18.0686,43.2511],[18.0677,43.2538],[18.064,43.2564],[18.0601,43.2571],[18.0494,43.2623],[18.0258,43.2634],[18.022,43.2647],[18.0148,43.2633],[18.0025,43.2574],[17.9907,43.254],[17.9867,43.2489],[17.9781,43.2453],[17.9679,43.2467],[17.9549,43.2509],[17.9421,43.2525],[17.938,43.2501],[17.9341,43.2519],[17.9325,43.2563],[17.9293,43.2592],[17.9249,43.2605],[17.8961,43.2629],[17.8726,43.2591],[17.8638,43.2546],[17.862,43.2515],[17.8542,43.2319],[17.8512,43.2314],[17.8524,43.2268],[17.8508,43.2202],[17.8463,43.2157],[17.8345,43.2134],[17.8258,43.202],[17.8186,43.1964],[17.8093,43.1843],[17.8062,43.182],[17.8051,43.1785],[17.7976,43.1733],[17.7975,43.1676],[17.7947,43.1616],[17.7871,43.1498],[17.7817,43.1446],[17.7802,43.1377]]]},"properties":{"kind":"roman-road","source":"itinere-roads"}},{"type":"Feature","geometry":{"type":"MultiLineString","coordinates":[[[17.9616,43.656],[17.9647,43.6472],[17.9715,43.6421],[17.9755,43.6411],[17.9863,43.6346],[17.9934,43.6354],[18.0003,43.6319],[18.0029,43.6279],[18.0084,43.6246],[18.0118,43.6204],[18.0136,43.6146],[18.0189,43.6101],[18.0172,43.6074],[18.0218,43.6033],[18.0232,43.5999],[18.0329,43.597],[18.0373,43.5996],[18.0423,43.5955],[18.0442,43.5882],[18.0429,43.585],[18.0447,43.58],[18.0488,43.5758],[18.052,43.5757],[18.0606,43.5702],[18.0634,43.5663],[18.0667,43.5574],[18.0706,43.555],[18.0703,43.5461],[18.0655,43.5435],[18.0631,43.5383],[18.0652,43.5357],[18.0794,43.5308],[18.0795,43.5253],[18.0861,43.5214],[18.086,43.5144],[18.0912,43.5121],[18.0922,43.5097],[18.0961,43.5087],[18.0994,43.5049],[18.1048,43.5028],[18.1059,43.4995],[18.1167,43.4983],[18.1233,43.4999],[18.1282,43.4955],[18.1289,43.4921],[18.1314,43.4893],[18.1374,43.4856],[18.1425,43.4861],[18.1428,43.4793],[18.1538,43.4719],[18.1545,43.4674],[18.1639,43.4619],[18.1664,43.4588],[18.1658,43.4559],[18.1569,43.4483],[18.1528,43.4486],[18.145,43.4463],[18.1431,43.4446],[18.1447,43.4391],[18.1423,43.4376],[18.1243,43.4359],[18.1223,43.4334],[18.1234,43.4232],[18.1266,43.418],[18.1279,43.4114],[18.128,43.3984],[18.1269,43.3913],[18.1191,43.3677],[18.1206,43.3585],[18.1195,43.3519],[18.1146,43.3472],[18.1052,43.3446],[18.1036,43.3361],[18.1,43.3335],[18.0964,43.3269],[18.093,43.3237],[18.0919,43.3139],[18.0935,43.3046],[18.1035,43.2808],[18.1153,43.2629],[18.1142,43.258]]]},"properties":{"kind":"roman-road","source":"itinere-roads"}},{"type":"Feature","geometry":{"type":"MultiLineString","coordinates":[[[18.2467,43.8468],[18.2653,43.8363],[18.2727,43.8335],[18.2782,43.8345]]]},"properties":{"kind":"roman-road","source":"itinere-roads"}},{"type":"Feature","geometry":{"type":"MultiLineString","coordinates":[[[18.3074,43.833],[18.3141,43.8356],[18.3239,43.8418],[18.3372,43.8446],[18.3782,43.8509],[18.3962,43.8555],[18.4246,43.857],[18.4351,43.8591],[18.4482,43.8577],[18.4514,43.8595],[18.4526,43.8571],[18.4622,43.8536],[18.4653,43.8489],[18.4796,43.8419],[18.4885,43.8396],[18.4903,43.8369],[18.4937,43.8376],[18.4943,43.8417],[18.4964,43.8447],[18.5058,43.8461],[18.512,43.8508],[18.5191,43.8527],[18.5291,43.853],[18.5424,43.8515]]]},"properties":{"kind":"roman-road","source":"itinere-roads"}},{"type":"Feature","geometry":{"type":"MultiLineString","coordinates":[[[18.2782,43.8345],[18.2969,43.8298],[18.3074,43.833]]]},"properties":{"kind":"roman-road","source":"itinere-roads"}},{"type":"Feature","geometry":{"type":"MultiLineString","coordinates":[[[18.5424,43.8515],[18.5471,43.8543],[18.5473,43.8574],[18.5451,43.8611],[18.5468,43.8649],[18.5497,43.865],[18.5581,43.8715],[18.5638,43.871],[18.5793,43.8748],[18.5845,43.8724],[18.5944,43.8718],[18.6038,43.8772],[18.6109,43.8864],[18.6167,43.8889],[18.6184,43.891],[18.6341,43.893],[18.647,43.8916],[18.6591,43.8995],[18.6628,43.9037],[18.666,43.904],[18.6756,43.9127],[18.6772,43.9172],[18.6909,43.9193],[18.7039,43.9177],[18.7139,43.918],[18.7177,43.9163],[18.731,43.9162],[18.7417,43.9205],[18.7541,43.9234],[18.7573,43.9215]]]},"properties":{"kind":"roman-road","source":"itinere-roads"}},{"type":"Feature","geometry":{"type":"MultiLineString","coordinates":[[[18.5424,43.8515],[18.5518,43.8455],[18.5524,43.8409],[18.5653,43.8273],[18.568,43.8195],[18.5813,43.8117],[18.6016,43.8105],[18.6132,43.8177],[18.6311,43.8164],[18.6395,43.813],[18.6378,43.8096],[18.6401,43.8019],[18.6516,43.7924],[18.6556,43.7858],[18.659,43.7846],[18.6622,43.7802],[18.6634,43.776],[18.6694,43.771],[18.6781,43.771],[18.6869,43.7655],[18.6978,43.7638],[18.7092,43.7701],[18.7121,43.773],[18.72,43.7732],[18.7331,43.7753],[18.7411,43.778],[18.7556,43.7796],[18.7612,43.7778],[18.7643,43.7742],[18.7653,43.7694],[18.7641,43.7634],[18.7677,43.7536]]]},"properties":{"kind":"roman-road","source":"itinere-roads"}},{"type":"Feature","geometry":{"type":"MultiLineString","coordinates":[[[18.474,42.7767],[18.4782,42.7735],[18.4737,42.7618],[18.4737,42.7568],[18.4775,42.7538],[18.4928,42.7501],[18.5012,42.7431],[18.4966,42.728]]]},"properties":{"kind":"roman-road","source":"itinere-roads"}},{"type":"Feature","geometry":{"type":"MultiLineString","coordinates":[[[18.5744,43.1376],[18.557,43.1108],[18.5545,43.1091],[18.5552,43.1046],[18.5504,43.0955],[18.5467,43.0921],[18.5458,43.0882],[18.5415,43.0859],[18.5367,43.078],[18.5392,43.0693],[18.5356,43.0655],[18.5237,43.0658],[18.5154,43.0634],[18.5097,43.0603],[18.5081,43.0557],[18.5042,43.0546],[18.4988,43.0507],[18.4952,43.0448],[18.4872,43.0379],[18.452,43.0136],[18.4453,43.0076],[18.442,43.0005],[18.4421,42.9964],[18.4381,42.9887],[18.4389,42.9802],[18.435,42.9726],[18.4349,42.9654],[18.4363,42.962],[18.4336,42.9481],[18.4306,42.9436],[18.4312,42.9417],[18.4246,42.9179],[18.4258,42.9127],[18.4216,42.9063],[18.4174,42.903],[18.4184,42.8904],[18.4203,42.8848],[18.4176,42.8721],[18.4191,42.8689],[18.4286,42.8609],[18.4333,42.8506],[18.4387,42.845],[18.4579,42.8378],[18.4607,42.8336],[18.457,42.827],[18.4629,42.8207],[18.4649,42.8153],[18.4675,42.8137],[18.4675,42.8085],[18.4717,42.8022],[18.4658,42.7924],[18.4678,42.7888],[18.4712,42.7871],[18.4716,42.7779],[18.474,42.7767]]]},"properties":{"kind":"roman-road","source":"itinere-roads"}},{"type":"Feature","geometry":{"type":"MultiLineString","coordinates":[[[18.7433,43.492],[18.745,43.4804],[18.7472,43.4781],[18.7473,43.4736],[18.7447,43.4698],[18.7439,43.4574],[18.7518,43.4517],[18.7545,43.4428],[18.7584,43.4359],[18.7596,43.4298],[18.7624,43.4255],[18.7608,43.4178],[18.7587,43.4144],[18.7608,43.4116],[18.7654,43.4097],[18.7637,43.407],[18.7685,43.4031],[18.7689,43.4012],[18.7658,43.3968],[18.766,43.3879],[18.7629,43.3828],[18.7644,43.3793],[18.7569,43.3821],[18.7532,43.3804],[18.7486,43.3825],[18.7442,43.3826],[18.7429,43.3779],[18.7386,43.3783],[18.7314,43.3756],[18.7053,43.3772],[18.7079,43.3743],[18.7003,43.371],[18.6988,43.3623],[18.6927,43.3564],[18.6894,43.3492],[18.6894,43.3425],[18.6914,43.336],[18.6907,43.3331],[18.6835,43.3271],[18.6792,43.3264],[18.667,43.316],[18.6601,43.3139],[18.6588,43.3081],[18.6534,43.3073],[18.65,43.3048],[18.6467,43.2994],[18.6419,43.2975],[18.6394,43.2982],[18.6376,43.2954],[18.6328,43.2952],[18.6281,43.2928],[18.6237,43.2933],[18.6175,43.2869],[18.6208,43.2784],[18.6196,43.2731],[18.6207,43.2638],[18.6226,43.2582],[18.6271,43.255],[18.6262,43.2529],[18.6168,43.2468],[18.612,43.2421],[18.6078,43.244],[18.6046,43.2435],[18.6008,43.2397],[18.6011,43.2359],[18.5944,43.2327],[18.5857,43.2316],[18.5785,43.2243],[18.5782,43.2197],[18.5709,43.2139],[18.5749,43.2121],[18.5744,43.2096],[18.5715,43.2083],[18.567,43.2029],[18.5707,43.197],[18.5683,43.1942],[18.5707,43.1928],[18.5697,43.1888],[18.5658,43.1846],[18.5687,43.1799],[18.565,43.1748],[18.5634,43.1664],[18.5663,43.1649],[18.5681,43.1602],[18.5665,43.1571],[18.5669,43.1476],[18.576,43.141],[18.5744,43.1376]]]},"properties":{"kind":"roman-road","source":"itinere-roads"}},{"type":"Feature","geometry":{"type":"MultiLineString","coordinates":[[[18.9444,42.7744],[18.9428,42.7774],[18.9356,42.7824],[18.9259,42.7837],[18.9211,42.7807],[18.9067,42.7798],[18.8985,42.7766],[18.8814,42.7787],[18.8655,42.7826],[18.8569,42.778],[18.8519,42.778],[18.848,42.7764],[18.8456,42.7736],[18.8318,42.7703],[18.8217,42.7567],[18.8138,42.7528],[18.8059,42.7534],[18.8036,42.7512],[18.7883,42.7518],[18.7852,42.7479],[18.7827,42.7476],[18.7758,42.7424],[18.767,42.7391],[18.7586,42.7384],[18.7508,42.7413],[18.7495,42.7435],[18.7445,42.7463],[18.723,42.7455],[18.7215,42.7444],[18.7114,42.7449],[18.6964,42.7475],[18.6904,42.7494],[18.6853,42.7527],[18.6738,42.7549],[18.6669,42.7548],[18.6566,42.7513],[18.648,42.7506]]]},"properties":{"kind":"roman-road","source":"itinere-roads"}},{"type":"Feature","geometry":{"type":"MultiLineString","coordinates":[[[18.648,42.7506],[18.642,42.7448],[18.636,42.7433],[18.6314,42.7394],[18.6232,42.7408],[18.6174,42.7394],[18.6112,42.7397],[18.5998,42.7316],[18.5892,42.7273],[18.5806,42.7388],[18.5651,42.7415],[18.5648,42.7432],[18.546,42.753],[18.5318,42.7589],[18.5275,42.7585],[18.5266,42.7602],[18.5172,42.763],[18.5108,42.7674],[18.5112,42.7707],[18.5072,42.7728],[18.4987,42.7749],[18.4926,42.7733],[18.4866,42.7738],[18.4837,42.776],[18.474,42.7767]]]},"properties":{"kind":"roman-road","source":"itinere-roads"}},{"type":"Feature","geometry":{"type":"MultiLineString","coordinates":[[[17.7392,45.3576],[17.7497,45.3553],[17.759,45.3556],[17.7651,45.3578],[17.7706,45.3575],[17.7871,45.3621],[17.8058,45.365],[17.8247,45.3649],[17.8307,45.3661],[17.8568,45.3791],[17.8611,45.3838]]]},"properties":{"kind":"roman-road","source":"itinere-roads"}},{"type":"Feature","geometry":{"type":"MultiLineString","coordinates":[[[17.8611,45.3838],[17.8694,45.3862],[17.8818,45.3851],[17.8852,45.3837],[17.9092,45.3809],[17.9233,45.3745]]]},"properties":{"kind":"roman-road","source":"itinere-roads"}},{"type":"Feature","geometry":{"type":"MultiLineString","coordinates":[[[17.9233,45.3745],[17.9375,45.3565],[17.9421,45.3531],[17.9451,45.3528],[17.9496,45.3486],[17.955,45.3477],[17.9746,45.3533],[18.0058,45.3477],[18.0159,45.3497],[18.0272,45.3498],[18.0347,45.3464],[18.048,45.3447],[18.0637,45.3523]]]},"properties":{"kind":"roman-road","source":"itinere-roads"}},{"type":"Feature","geometry":{"type":"MultiLineString","coordinates":[[[18.0637,45.3523],[18.0824,45.3566],[18.0935,45.3619],[18.1006,45.37],[18.1062,45.3734],[18.1112,45.374],[18.1163,45.3828],[18.1277,45.3877],[18.1348,45.388],[18.139,45.3897],[18.1482,45.3865],[18.1573,45.3865],[18.1812,45.3931],[18.2074,45.3879],[18.2236,45.3947],[18.2327,45.395],[18.2523,45.4004],[18.2653,45.4005],[18.2881,45.4045],[18.3141,45.4123],[18.3266,45.4204],[18.356,45.4471],[18.3636,45.4623],[18.3795,45.4815],[18.404,45.4916],[18.4782,45.5105],[18.5009,45.5128],[18.539,45.5121],[18.5611,45.5229],[18.5766,45.5237],[18.6285,45.5329],[18.6764,45.5548],[18.6952,45.5548],[18.6968,45.5571]]]},"properties":{"kind":"roman-road","source":"itinere-roads"}},{"type":"Feature","geometry":{"type":"MultiLineString","coordinates":[[[18.0862,45.4891],[18.0726,45.4855],[18.0613,45.4884],[18.0519,45.482],[18.0471,45.4814],[18.0405,45.4751],[18.0328,45.4719],[18.0308,45.4691],[18.0114,45.4545],[18.0105,45.4513],[18.0009,45.4481],[18.0002,45.4429],[17.9985,45.4414],[18.0017,45.4357],[17.9985,45.4325],[17.9874,45.4322],[17.9785,45.4335],[17.9686,45.4234],[17.9681,45.4208],[17.9621,45.4154],[17.9598,45.409],[17.9503,45.3988],[17.9447,45.3946],[17.931,45.3905],[17.9259,45.3866],[17.9229,45.3765],[17.9233,45.3745]]]},"properties":{"kind":"roman-road","source":"itinere-roads"}},{"type":"Feature","geometry":{"type":"MultiLineString","coordinates":[[[16.3337,46.3116],[16.3588,46.263],[16.3605,46.2616]]]},"properties":{"kind":"roman-road","source":"itinere-roads"}},{"type":"Feature","geometry":{"type":"MultiLineString","coordinates":[[[16.3605,46.2616],[16.3685,46.2549],[16.3828,46.2504],[16.3872,46.2473],[16.3861,46.2448],[16.3924,46.2412],[16.397,46.2401],[16.403,46.2348],[16.3992,46.2247],[16.4102,46.2225],[16.4177,46.2165],[16.4173,46.2138],[16.4224,46.21],[16.4367,46.2065],[16.4401,46.2033],[16.4469,46.2013],[16.4494,46.1953],[16.4523,46.1936],[16.4538,46.1855],[16.4571,46.1838],[16.4595,46.1796],[16.4598,46.1723],[16.4725,46.1662],[16.4728,46.164],[16.4778,46.161],[16.4841,46.1554],[16.4848,46.1533],[16.4887,46.1516],[16.4986,46.1429],[16.5109,46.1393],[16.5153,46.1335],[16.5099,46.1299],[16.5079,46.1247],[16.5068,46.1004],[16.5131,46.0994],[16.5139,46.0948],[16.521,46.0901],[16.5236,46.0856],[16.5279,46.0838],[16.5279,46.0774],[16.5249,46.067],[16.5244,46.0605],[16.5318,46.0538],[16.5395,46.0398],[16.5416,46.0329],[16.5444,46.0297],[16.5464,46.0224]]]},"properties":{"kind":"roman-road","source":"itinere-roads"}},{"type":"Feature","geometry":{"type":"MultiLineString","coordinates":[[[17.085,44.4175],[17.0874,44.4194],[17.0971,44.4173],[17.1073,44.4312],[17.1111,44.4321],[17.1202,44.4413],[17.13,44.4454],[17.1337,44.4457],[17.1383,44.4533],[17.1388,44.4577],[17.1471,44.461],[17.1444,44.4636],[17.1395,44.4643],[17.1377,44.4659],[17.137,44.4767],[17.1324,44.4832],[17.123,44.4881],[17.1208,44.488],[17.1198,44.493],[17.1212,44.4999],[17.1282,44.5039],[17.1344,44.5045],[17.1404,44.5092],[17.1447,44.5106],[17.1509,44.5086],[17.1529,44.5095],[17.153,44.5136],[17.1504,44.5172],[17.1506,44.5318],[17.1482,44.5402],[17.1441,44.5449],[17.1433,44.5486],[17.1445,44.5526],[17.134,44.5638],[17.1312,44.5746],[17.1348,44.5878],[17.1308,44.5941],[17.13,44.599],[17.1362,44.6038],[17.1413,44.6103],[17.1412,44.6122],[17.1477,44.6226],[17.1505,44.6246],[17.1523,44.6314],[17.1453,44.6386],[17.1468,44.6458],[17.1448,44.6504],[17.1457,44.6544],[17.1425,44.6599],[17.1458,44.673],[17.1493,44.6757],[17.1531,44.6745],[17.1569,44.6705],[17.1601,44.6702],[17.1686,44.6803],[17.1862,44.6878],[17.1919,44.687],[17.2026,44.6905],[17.1996,44.6943],[17.1932,44.6977],[17.1885,44.698],[17.1831,44.7029],[17.1683,44.7092],[17.1661,44.7111],[17.164,44.7177],[17.1577,44.7217],[17.1525,44.73],[17.1549,44.7359],[17.1531,44.7433],[17.1567,44.7488],[17.1626,44.7529],[17.1738,44.7544],[17.1779,44.7571],[17.1849,44.7652],[17.1904,44.7662],[17.1969,44.7742]]]},"properties":{"kind":"roman-road","source":"itinere-roads"}},{"type":"Feature","geometry":{"type":"MultiLineString","coordinates":[[[17.1969,44.7742],[17.2056,44.7831],[17.2091,44.8043],[17.2143,44.8166],[17.2211,44.8385],[17.2474,44.8623],[17.2625,44.8706],[17.2773,44.8704],[17.2819,44.8731],[17.2838,44.88],[17.292,44.8891],[17.2985,44.8991],[17.2987,44.9044],[17.3151,44.9229],[17.3182,44.937],[17.3171,44.9738],[17.3081,45.0489],[17.3087,45.0668],[17.3068,45.0767],[17.2955,45.0897],[17.2932,45.0952],[17.2923,45.1035],[17.2879,45.1152]]]},"properties":{"kind":"roman-road","source":"itinere-roads"}},{"type":"Feature","geometry":{"type":"MultiLineString","coordinates":[[[17.2879,45.1152],[17.278,45.1272],[17.2694,45.1309],[17.2501,45.1435]]]},"properties":{"kind":"roman-road","source":"itinere-roads"}},{"type":"Feature","geometry":{"type":"MultiLineString","coordinates":[[[16.3674,44.1884],[16.3683,44.1939],[16.3661,44.2009],[16.3571,44.206],[16.3541,44.209],[16.3506,44.2099],[16.346,44.2161],[16.3414,44.2179],[16.3319,44.2253],[16.3234,44.2344],[16.3171,44.2365],[16.31,44.2412],[16.3079,44.2509],[16.3089,44.2579],[16.3005,44.2731],[16.3011,44.2812],[16.3025,44.2833],[16.3033,44.2949],[16.3082,44.3027],[16.3072,44.304],[16.3089,44.3088],[16.3136,44.3139],[16.3175,44.3133],[16.3226,44.3172],[16.3216,44.3228],[16.3247,44.3257],[16.3363,44.3322],[16.3315,44.3391],[16.3483,44.3467],[16.3605,44.349],[16.3602,44.3585],[16.363,44.364],[16.3713,44.3682],[16.3793,44.3783],[16.3835,44.3815],[16.3822,44.3881],[16.3717,44.3965],[16.3707,44.4001],[16.3836,44.4017],[16.3966,44.4109],[16.3979,44.4173],[16.3963,44.4199],[16.3982,44.4241],[16.3981,44.4319],[16.4034,44.4397],[16.4002,44.4419],[16.3995,44.4445],[16.3957,44.448],[16.3927,44.459],[16.3933,44.4637],[16.4002,44.4724],[16.4006,44.4758],[16.4051,44.4825],[16.4035,44.4869],[16.3909,44.4927],[16.3858,44.501],[16.387,44.5064],[16.3913,44.5142],[16.3891,44.5171],[16.3912,44.5226],[16.3908,44.5255],[16.3977,44.5359],[16.4017,44.5386]]]},"properties":{"kind":"roman-road","source":"itinere-roads"}},{"type":"Feature","geometry":{"type":"MultiLineString","coordinates":[[[16.4017,44.5386],[16.4191,44.5455],[16.433,44.5488],[16.4355,44.552],[16.4353,44.5563],[16.442,44.5638],[16.4528,44.5674],[16.474,44.5666],[16.4845,44.5649],[16.5057,44.5586],[16.523,44.5561],[16.5285,44.557],[16.5419,44.5551],[16.5694,44.5543],[16.5852,44.5501],[16.5942,44.5506],[16.6263,44.5451],[16.6346,44.5485],[16.6486,44.5518],[16.6658,44.552],[16.6687,44.5496],[16.6795,44.5487],[16.6902,44.5453],[16.6941,44.5463],[16.6981,44.5499],[16.7027,44.5515],[16.7116,44.5592],[16.7194,44.56],[16.7405,44.5551]]]},"properties":{"kind":"roman-road","source":"itinere-roads"}},{"type":"Feature","geometry":{"type":"MultiLineString","coordinates":[[[16.7405,44.5551],[16.7466,44.5505],[16.7528,44.5495],[16.7568,44.5468],[16.7593,44.5416],[16.7711,44.5342],[16.7789,44.5335],[16.7877,44.5307],[16.7953,44.5267],[16.7998,44.5227],[16.816,44.5149],[16.8198,44.5112],[16.8217,44.5044],[16.8184,44.4973],[16.8189,44.495],[16.8228,44.4906],[16.8248,44.4828],[16.829,44.4761],[16.8317,44.475],[16.854,44.4761],[16.8627,44.4817],[16.8671,44.48],[16.8963,44.4797],[16.9109,44.4865],[16.929,44.4922],[16.9401,44.4941],[16.9452,44.4927],[16.9541,44.485],[16.9611,44.4828],[16.9695,44.4781],[16.9714,44.4739],[16.9819,44.4682],[16.9877,44.4589],[16.9913,44.4499],[16.9956,44.4475],[17.0082,44.4442],[17.0281,44.4323]]]},"properties":{"kind":"roman-road","source":"itinere-roads"}},{"type":"Feature","geometry":{"type":"MultiLineString","coordinates":[[[17.0281,44.4323],[17.0117,44.4236],[16.9936,44.4199],[16.9916,44.4171],[16.9917,44.4139],[16.9753,44.4008],[16.9774,44.3953],[16.9682,44.3914],[16.9658,44.3868],[16.9544,44.3796],[16.9531,44.3739],[16.9416,44.3715],[16.937,44.3644],[16.926,44.3623],[16.9237,44.3607],[16.9227,44.3513],[16.9239,44.3494],[16.9211,44.3443],[16.9221,44.3417],[16.9201,44.3378],[16.9217,44.3329],[16.9241,44.3324],[16.9233,44.3249]]]},"properties":{"kind":"roman-road","source":"itinere-roads"}},{"type":"Feature","geometry":{"type":"MultiLineString","coordinates":[[[16.8204,44.0719],[16.8139,44.0656],[16.8104,44.0639],[16.8108,44.0613],[16.7989,44.0506],[16.7935,44.0432],[16.7896,44.0408],[16.7856,44.0414],[16.7788,44.0396],[16.7683,44.0392],[16.7623,44.0372],[16.7619,44.0352],[16.7501,44.0268],[16.7471,44.0228],[16.7433,44.0117],[16.744,44.0008],[16.7455,43.9985],[16.7536,43.9913],[16.7657,43.9832],[16.7755,43.9709],[16.7784,43.9421],[16.7811,43.9355],[16.7871,43.9338],[16.7876,43.9297],[16.786,43.9226],[16.7731,43.8946],[16.7777,43.8803],[16.7775,43.8756]]]},"properties":{"kind":"roman-road","source":"itinere-roads"}},{"type":"Feature","geometry":{"type":"MultiLineString","coordinates":[[[16.9233,44.3249],[16.906,44.321],[16.9001,44.3182],[16.8948,44.3142],[16.8907,44.3053],[16.8855,44.3037],[16.8809,44.3041],[16.8739,44.295],[16.8752,44.2884],[16.8728,44.2855],[16.8632,44.2846],[16.8599,44.2816],[16.848,44.2654],[16.8476,44.2576],[16.8487,44.2548],[16.8445,44.2437],[16.8403,44.2414],[16.835,44.2326],[16.8317,44.2303],[16.8349,44.2283],[16.8357,44.2213],[16.8398,44.2191],[16.8364,44.2174],[16.8362,44.215],[16.8269,44.205],[16.82,44.2006],[16.8183,44.1959],[16.815,44.192],[16.8155,44.1798],[16.8115,44.1667],[16.8118,44.1631],[16.8044,44.1523],[16.8051,44.1455],[16.8004,44.1244],[16.7978,44.1193],[16.8053,44.0976],[16.8204,44.0719]]]},"properties":{"kind":"roman-road","source":"itinere-roads"}},{"type":"Feature","geometry":{"type":"MultiLineString","coordinates":[[[16.7278,43.6178],[16.718,43.6215],[16.6901,43.6385],[16.6829,43.6401],[16.6704,43.6488],[16.6649,43.6545],[16.656,43.6745],[16.6501,43.6827]]]},"properties":{"kind":"roman-road","source":"itinere-roads"}},{"type":"Feature","geometry":{"type":"MultiLineString","coordinates":[[[16.637,43.702],[16.6461,43.7044],[16.6772,43.7054],[16.6898,43.7089],[16.6957,43.7148],[16.6895,43.7259],[16.6917,43.7286],[16.6944,43.7284],[16.7043,43.7333],[16.7328,43.7651],[16.7399,43.7649],[16.743,43.766],[16.7464,43.7755],[16.745,43.7798],[16.7515,43.7832],[16.7736,43.7788],[16.781,43.778],[16.7882,43.7789],[16.7976,43.7838],[16.7983,43.7872],[16.7946,43.7894],[16.7935,43.7927],[16.794,43.7978],[16.7995,43.7992],[16.8008,43.8072],[16.8045,43.8105],[16.8083,43.8105],[16.8171,43.8149]]]},"properties":{"kind":"roman-road","source":"itinere-roads"}},{"type":"Feature","geometry":{"type":"MultiLineString","coordinates":[[[16.4616,43.6918],[16.409,43.7056],[16.3962,43.7124],[16.397,43.7185],[16.3867,43.7204],[16.3738,43.7295],[16.367,43.7366],[16.3672,43.7457],[16.3553,43.7576],[16.3446,43.7651],[16.3406,43.7656],[16.3289,43.7741],[16.3247,43.7811],[16.3151,43.787],[16.3107,43.7926],[16.3072,43.7928],[16.2947,43.8017],[16.2908,43.8016],[16.2858,43.8038],[16.2681,43.8149],[16.2671,43.8211],[16.2634,43.8243],[16.253,43.8273],[16.2414,43.8243],[16.2383,43.8213],[16.2166,43.828],[16.203,43.8344],[16.1841,43.8402],[16.1644,43.852],[16.1566,43.8592]]]},"properties":{"kind":"roman-road","source":"itinere-roads"}},{"type":"Feature","geometry":{"type":"MultiLineString","coordinates":[[[16.1566,43.8592],[16.1537,43.8631],[16.1544,43.8715],[16.1453,43.8774],[16.144,43.8806],[16.1388,43.8824],[16.1335,43.8881],[16.1255,43.8917],[16.1208,43.8957],[16.1231,43.9061],[16.1206,43.9107],[16.1135,43.9168],[16.1027,43.9299],[16.0899,43.9401],[16.0775,43.954],[16.0693,43.9611],[16.0653,43.9692]]]},"properties":{"kind":"roman-road","source":"itinere-roads"}},{"type":"Feature","geometry":{"type":"MultiLineString","coordinates":[[[16.0653,43.9692],[16.0612,43.9725],[16.0571,43.9797],[16.0483,43.9858],[16.0361,44.0092],[16.0377,44.0116],[16.0325,44.0163],[16.0226,44.0184]]]},"properties":{"kind":"roman-road","source":"itinere-roads"}},{"type":"Feature","geometry":{"type":"MultiLineString","coordinates":[[[16.0226,44.0184],[16.0006,44.0396],[16.0014,44.0408],[15.997,44.0505],[15.9877,44.0622],[15.9622,44.0825],[15.9599,44.0884],[15.9556,44.0912],[15.9586,44.0969],[15.964,44.1022],[15.9558,44.1084],[15.9576,44.1109],[15.9548,44.1157],[15.9543,44.1196],[15.9597,44.1223],[15.9688,44.1377]]]},"properties":{"kind":"roman-road","source":"itinere-roads"}},{"type":"Feature","geometry":{"type":"MultiLineString","coordinates":[[[15.9688,44.1377],[15.9731,44.1455],[15.9807,44.1492],[15.9878,44.1503],[15.9915,44.1529],[15.9988,44.1546],[15.9993,44.1562],[16.0053,44.1602],[16.0344,44.1721],[16.0353,44.1756],[16.0494,44.1795],[16.0499,44.1831]]]},"properties":{"kind":"roman-road","source":"itinere-roads"}},{"type":"Feature","geometry":{"type":"MultiLineString","coordinates":[[[15.8442,44.2987],[15.8392,44.2968],[15.8325,44.2919],[15.8226,44.2819],[15.817,44.2736],[15.811,44.2682],[15.8129,44.263]]]},"properties":{"kind":"roman-road","source":"itinere-roads"}},{"type":"Feature","geometry":{"type":"MultiLineString","coordinates":[[[15.7965,44.2308],[15.7921,44.227],[15.7807,44.2268],[15.7743,44.225],[15.749,44.2224],[15.7402,44.224],[15.7324,44.2234],[15.7296,44.2219],[15.7122,44.2213],[15.6922,44.2172],[15.6904,44.2144],[15.6939,44.2121],[15.6919,44.2099],[15.6935,44.2066],[15.6886,44.2031],[15.6811,44.2005]]]},"properties":{"kind":"roman-road","source":"itinere-roads"}},{"type":"Feature","geometry":{"type":"MultiLineString","coordinates":[[[15.8129,44.263],[15.8097,44.2509],[15.8098,44.2438],[15.8133,44.2427],[15.8172,44.2384],[15.8163,44.2358],[15.8071,44.2344],[15.8066,44.2319],[15.7965,44.2308]]]},"properties":{"kind":"roman-road","source":"itinere-roads"}},{"type":"Feature","geometry":{"type":"MultiLineString","coordinates":[[[15.8442,44.2987],[15.8318,44.301],[15.8238,44.3003],[15.8125,44.3058],[15.7964,44.316],[15.7843,44.3197],[15.7744,44.3173],[15.7642,44.3227],[15.7578,44.3286],[15.7493,44.332],[15.7456,44.3364],[15.7322,44.3428],[15.7176,44.3467],[15.6895,44.3607],[15.6711,44.3717]]]},"properties":{"kind":"roman-road","source":"itinere-roads"}},{"type":"Feature","geometry":{"type":"MultiLineString","coordinates":[[[15.1427,44.529],[15.1674,44.5259],[15.174,44.5265],[15.1851,44.5215],[15.1979,44.5183],[15.2059,44.5143],[15.2076,44.5111],[15.2127,44.5081],[15.2238,44.5058],[15.2634,44.5031],[15.2765,44.4991],[15.2893,44.4989],[15.2984,44.5026],[15.3009,44.5063],[15.3398,44.5189],[15.3432,44.5222],[15.3706,44.5373],[15.3776,44.544]]]},"properties":{"kind":"roman-road","source":"itinere-roads"}},{"type":"Feature","geometry":{"type":"MultiLineString","coordinates":[[[15.3138,44.0928],[15.3642,44.1007],[15.3791,44.105],[15.3858,44.1108],[15.3979,44.1133],[15.4097,44.1091],[15.4367,44.1029],[15.4545,44.0883],[15.4615,44.0806],[15.4722,44.0727],[15.4815,44.0694],[15.4916,44.0615],[15.4914,44.0588],[15.5199,44.046],[15.5347,44.0477],[15.541,44.0416],[15.5483,44.0416],[15.5563,44.0397],[15.5664,44.0401],[15.5973,44.0332],[15.6026,44.0333]]]},"properties":{"kind":"roman-road","source":"itinere-roads"}},{"type":"Feature","geometry":{"type":"MultiLineString","coordinates":[[[15.6228,44.0315],[15.6274,44.0318],[15.6342,44.0298],[15.6431,44.031],[15.6525,44.0305],[15.6585,44.0314],[15.6602,44.0332]]]},"properties":{"kind":"roman-road","source":"itinere-roads"}},{"type":"Feature","geometry":{"type":"MultiLineString","coordinates":[[[15.681,44.0308],[15.7087,44.0282],[15.7186,44.0259],[15.7339,44.0252],[15.7416,44.021],[15.7641,44.014],[15.7885,44.0175],[15.8017,44.0123],[15.8029,44.0092],[15.808,44.0034],[15.8205,43.9959],[15.8386,43.9912],[15.8518,43.9845],[15.8554,43.9814],[15.8708,43.978],[15.8731,43.9737],[15.8793,43.9739],[15.8923,43.9697],[15.9064,43.9704],[15.9122,43.9732],[15.9258,43.9768],[15.9482,43.9779],[15.9614,43.9804]]]},"properties":{"kind":"roman-road","source":"itinere-roads"}},{"type":"Feature","geometry":{"type":"MultiLineString","coordinates":[[[15.6026,44.0333],[15.6149,44.0339],[15.622,44.032]]]},"properties":{"kind":"roman-road","source":"itinere-roads"}},{"type":"Feature","geometry":{"type":"MultiLineString","coordinates":[[[15.6602,44.0332],[15.6715,44.0337],[15.681,44.0308]]]},"properties":{"kind":"roman-road","source":"itinere-roads"}},{"type":"Feature","geometry":{"type":"MultiLineString","coordinates":[[[15.9614,43.9804],[15.9709,43.9832],[15.9822,43.9947],[15.9841,43.9984],[15.9926,44.0002],[15.997,44.0046],[16.0018,44.0058],[16.0111,44.0146],[16.0226,44.0184]]]},"properties":{"kind":"roman-road","source":"itinere-roads"}},{"type":"Feature","geometry":{"type":"MultiLineString","coordinates":[[[15.622,44.032],[15.6228,44.0315]]]},"properties":{"kind":"roman-road","source":"itinere-roads"}},{"type":"Feature","geometry":{"type":"MultiLineString","coordinates":[[[16.3799,45.5291],[16.3852,45.5369],[16.4348,45.5513],[16.4579,45.555],[16.465,45.5585],[16.4689,45.5628],[16.4886,45.5702],[16.5156,45.5861],[16.5767,45.6067]]]},"properties":{"kind":"roman-road","source":"itinere-roads"}},{"type":"Feature","geometry":{"type":"MultiLineString","coordinates":[[[16.8318,45.1865],[16.8442,45.1921],[16.8472,45.1962],[16.8707,45.2067],[16.8764,45.2072],[16.8824,45.206],[16.9029,45.2085],[16.904,45.2104],[16.9088,45.2474],[16.915,45.2548],[16.9197,45.2664],[16.9111,45.2711],[16.9234,45.2812],[16.9434,45.2908],[16.9494,45.2956],[16.9522,45.3011],[16.9509,45.3101],[16.9683,45.3275],[16.9745,45.3355],[16.9757,45.3422],[16.9699,45.3503],[16.9762,45.3573],[16.9993,45.3626],[17.0068,45.3664],[17.0147,45.368],[17.0203,45.3668],[17.0307,45.3679],[17.0407,45.3663],[17.0505,45.3663],[17.0541,45.368],[17.0605,45.3748],[17.0616,45.379],[17.0699,45.3827],[17.0797,45.3845],[17.0836,45.3878],[17.0845,45.3961],[17.0834,45.4018],[17.0931,45.4132],[17.1057,45.4195],[17.1058,45.4218]]]},"properties":{"kind":"roman-road","source":"itinere-roads"}},{"type":"Feature","geometry":{"type":"MultiLineString","coordinates":[[[15.288,45.1795],[15.2987,45.1685],[15.3054,45.1659],[15.3289,45.1485],[15.3307,45.1439],[15.3466,45.1366],[15.3507,45.1302],[15.3509,45.1255],[15.3531,45.1202],[15.36,45.1186],[15.3622,45.1157],[15.3621,45.112],[15.3587,45.1028],[15.3519,45.0956],[15.3627,45.09],[15.3664,45.0868],[15.3655,45.0827],[15.3721,45.0719],[15.3723,45.0604],[15.3797,45.0474],[15.382,45.0405],[15.4002,45.0324],[15.4123,45.0309],[15.4155,45.0276],[15.4127,45.0229],[15.4138,45.0172],[15.4099,45.008],[15.4111,45.0043],[15.4092,44.9993],[15.4119,44.9944],[15.4169,44.993],[15.4172,44.9851],[15.414,44.9834],[15.4029,44.9814],[15.4009,44.9768],[15.3966,44.9726],[15.3851,44.9674],[15.3757,44.9668],[15.3731,44.9635],[15.3701,44.9638],[15.3676,44.9617],[15.363,44.9612],[15.361,44.9583],[15.3417,44.9481],[15.3397,44.9431],[15.3429,44.9358],[15.3405,44.9302],[15.3385,44.9292],[15.3344,44.9223],[15.3312,44.9209],[15.3295,44.9129],[15.3301,44.9108],[15.3263,44.906],[15.3171,44.9017],[15.316,44.8979],[15.3067,44.8925],[15.2711,44.8901],[15.2586,44.8829],[15.255,44.8791],[15.2467,44.8752],[15.2409,44.8692]]]},"properties":{"kind":"roman-road","source":"itinere-roads"}},{"type":"Feature","geometry":{"type":"MultiLineString","coordinates":[[[16.1959,44.044],[16.1845,44.0382],[16.1827,44.0334],[16.1782,44.0294],[16.1722,44.0282],[16.1417,44.0151],[16.1129,44.005],[16.0974,43.997],[16.0823,43.9817],[16.0763,43.9783],[16.0742,43.9741],[16.0706,43.9732],[16.0653,43.9692]]]},"properties":{"kind":"roman-road","source":"itinere-roads"}},{"type":"Feature","geometry":{"type":"MultiLineString","coordinates":[[[16.5316,43.5729],[16.5282,43.5764],[16.5271,43.5806],[16.5214,43.5867],[16.5204,43.5901],[16.4985,43.6086],[16.4886,43.6247],[16.4725,43.6429],[16.4745,43.6457],[16.4721,43.6567],[16.466,43.6608],[16.4627,43.661],[16.4592,43.6652],[16.4455,43.6709],[16.4439,43.6754],[16.4459,43.6784],[16.4451,43.6831],[16.4495,43.686],[16.4599,43.6884],[16.4616,43.6918]]]},"properties":{"kind":"roman-road","source":"itinere-roads"}},{"type":"Feature","geometry":{"type":"MultiLineString","coordinates":[[[15.622,44.032],[15.6117,44.0547],[15.6122,44.0576],[15.6089,44.0641],[15.6037,44.07],[15.5912,44.089],[15.5915,44.0933],[15.5876,44.1011],[15.5883,44.1093],[15.5949,44.1151],[15.5969,44.1187],[15.6017,44.1209]]]},"properties":{"kind":"roman-road","source":"itinere-roads"}},{"type":"Feature","geometry":{"type":"MultiLineString","coordinates":[[[15.6017,44.1209],[15.5984,44.1257],[15.5905,44.1305],[15.5887,44.1346],[15.5847,44.1384],[15.5828,44.1435],[15.5768,44.1479],[15.5719,44.1555],[15.5676,44.1596],[15.5661,44.1633],[15.5577,44.1711],[15.5432,44.1814],[15.543,44.1833]]]},"properties":{"kind":"roman-road","source":"itinere-roads"}},{"type":"Feature","geometry":{"type":"MultiLineString","coordinates":[[[15.6017,44.1209],[15.6177,44.1227],[15.6274,44.1254],[15.6335,44.1311],[15.632,44.1376],[15.6325,44.1444],[15.6284,44.1521],[15.6235,44.1577],[15.62,44.1722],[15.6162,44.1773],[15.6179,44.1804],[15.6357,44.1862],[15.6419,44.1921],[15.6522,44.1968],[15.6811,44.2005]]]},"properties":{"kind":"roman-road","source":"itinere-roads"}},{"type":"Feature","geometry":{"type":"MultiLineString","coordinates":[[[15.9614,43.9804],[15.9495,43.9894],[15.928,43.9997],[15.9234,44.0005],[15.9073,44.0119],[15.9006,44.0136],[15.8915,44.0197],[15.8905,44.022],[15.8818,44.0286],[15.8775,44.0357],[15.8716,44.0409],[15.8701,44.0438],[15.845,44.0682],[15.822,44.0877],[15.8143,44.0901],[15.8125,44.092],[15.8035,44.0956],[15.7925,44.097],[15.7884,44.0999]]]},"properties":{"kind":"roman-road","source":"itinere-roads"}},{"type":"Feature","geometry":{"type":"MultiLineString","coordinates":[[[15.7884,44.0999],[15.7818,44.1023],[15.7766,44.1017],[15.7624,44.1088],[15.7544,44.1093],[15.7459,44.1131],[15.7449,44.1153],[15.7462,44.1187],[15.7412,44.1189],[15.7383,44.1217],[15.7347,44.1226],[15.725,44.1312],[15.724,44.1363],[15.7213,44.1373],[15.7185,44.1409],[15.7195,44.1526],[15.71,44.158],[15.7085,44.1618],[15.7057,44.1646],[15.705,44.1701],[15.6988,44.1727],[15.6934,44.1781],[15.6889,44.1876],[15.6851,44.1905],[15.6827,44.1995],[15.6811,44.2005]]]},"properties":{"kind":"roman-road","source":"itinere-roads"}},{"type":"Feature","geometry":{"type":"MultiLineString","coordinates":[[[15.6602,44.0332],[15.6623,44.0368],[15.6679,44.0416],[15.6743,44.0439],[15.6799,44.0438],[15.6914,44.0468],[15.7045,44.0523],[15.7128,44.0596],[15.7158,44.0607],[15.7203,44.066],[15.7293,44.0694],[15.7336,44.0735],[15.7409,44.077],[15.7531,44.0787],[15.7591,44.0849],[15.7671,44.0854],[15.774,44.0886],[15.7787,44.096],[15.7884,44.0999]]]},"properties":{"kind":"roman-road","source":"itinere-roads"}},{"type":"Feature","geometry":{"type":"MultiLineString","coordinates":[[[15.7884,44.0999],[15.7945,44.1056],[15.8022,44.1047],[15.8096,44.109],[15.8101,44.1109],[15.8145,44.1113],[15.8179,44.1172],[15.8389,44.1261],[15.8409,44.13],[15.8453,44.1339],[15.8456,44.1371],[15.8539,44.1486],[15.8586,44.1503],[15.8594,44.1546],[15.8627,44.1573],[15.8663,44.1641],[15.8822,44.1692],[15.8863,44.1721],[15.8886,44.1825],[15.892,44.1848],[15.8979,44.1842],[15.9049,44.1872]]]},"properties":{"kind":"roman-road","source":"itinere-roads"}},{"type":"Feature","geometry":{"type":"MultiLineString","coordinates":[[[15.9324,44.1717],[15.9246,44.1751],[15.9171,44.1763],[15.9114,44.1849],[15.9086,44.1872],[15.9049,44.1872]]]},"properties":{"kind":"roman-road","source":"itinere-roads"}},{"type":"Feature","geometry":{"type":"MultiLineString","coordinates":[[[15.9049,44.1872],[15.8912,44.188],[15.8867,44.1896],[15.8879,44.1933],[15.8852,44.1949],[15.8798,44.1957],[15.8756,44.1949],[15.8711,44.1987],[15.86,44.2021],[15.8563,44.2044],[15.8516,44.2034],[15.8478,44.2046],[15.843,44.2026],[15.8392,44.2034],[15.8252,44.2122],[15.8216,44.2177],[15.8114,44.2268],[15.8119,44.2291],[15.7965,44.2308]]]},"properties":{"kind":"roman-road","source":"itinere-roads"}},{"type":"Feature","geometry":{"type":"MultiLineString","coordinates":[[[16.6379,44.7985],[16.6438,44.8061],[16.651,44.8116],[16.6541,44.8208],[16.6582,44.8247],[16.6611,44.8363],[16.6645,44.8389],[16.6725,44.8494],[16.7006,44.8669],[16.7135,44.8678],[16.7153,44.8712],[16.7165,44.8788],[16.7155,44.8839],[16.7177,44.894],[16.7107,44.9009],[16.7056,44.9023],[16.7017,44.9075],[16.6943,44.9108],[16.69,44.919],[16.69,44.922],[16.6829,44.9348],[16.6837,44.9389],[16.6825,44.9411],[16.6907,44.9582],[16.6934,44.9607],[16.6969,44.9616],[16.7062,44.9777],[16.7207,44.9826],[16.7271,44.9932],[16.7325,44.9978],[16.7353,45.0036],[16.7323,45.015],[16.727,45.0258],[16.7292,45.0406],[16.7272,45.0434],[16.719,45.0479],[16.7122,45.0596],[16.7077,45.0622],[16.7011,45.0713],[16.6941,45.0772],[16.69,45.0789],[16.6896,45.0808],[16.6788,45.09],[16.6763,45.0949],[16.6755,45.1065],[16.6967,45.12],[16.7062,45.1198],[16.7133,45.1224],[16.7153,45.1245],[16.7253,45.1277],[16.7245,45.1302],[16.7292,45.1377],[16.734,45.1421],[16.7389,45.1438],[16.7393,45.1493],[16.7434,45.153],[16.7461,45.1601],[16.7505,45.1615],[16.7487,45.1693],[16.7424,45.174],[16.7444,45.1778],[16.7421,45.1837],[16.7439,45.1862],[16.7432,45.1925],[16.7462,45.1941],[16.7524,45.2016],[16.7544,45.2068],[16.7532,45.2101]]]},"properties":{"kind":"roman-road","source":"itinere-roads"}},{"type":"Feature","geometry":{"type":"MultiLineString","coordinates":[[[15.8728,46.4187],[15.8885,46.4158],[15.8962,46.4128],[15.9019,46.4131],[15.9134,46.4112],[15.9234,46.4016],[15.9336,46.3975],[15.9408,46.3912],[15.9592,46.3879],[15.9805,46.3758],[15.9969,46.3712],[16.0043,46.3765],[16.0139,46.3786],[16.0347,46.3868],[16.0433,46.3916],[16.0487,46.3912],[16.0644,46.3794],[16.0719,46.3805],[16.0828,46.3788],[16.0922,46.3754],[16.0997,46.376],[16.109,46.3802],[16.1511,46.3744],[16.1693,46.366],[16.1829,46.3626],[16.1922,46.3579],[16.2015,46.3572],[16.2104,46.3547],[16.2213,46.3481],[16.241,46.3421]]]},"properties":{"kind":"roman-road","source":"itinere-roads"}},{"type":"Feature","geometry":{"type":"MultiLineString","coordinates":[[[16.241,46.3421],[16.2487,46.34],[16.2525,46.3371],[16.265,46.3348],[16.3266,46.3147]]]},"properties":{"kind":"roman-road","source":"itinere-roads"}},{"type":"Feature","geometry":{"type":"MultiLineString","coordinates":[[[16.3266,46.3147],[16.3337,46.3116]]]},"properties":{"kind":"roman-road","source":"itinere-roads"}},{"type":"Feature","geometry":{"type":"MultiLineString","coordinates":[[[16.3266,46.3147],[16.3954,46.2993],[16.4478,46.2957],[16.4543,46.2956],[16.4631,46.2974],[16.474,46.2947],[16.4961,46.2927],[16.5044,46.2866],[16.5179,46.2652],[16.5278,46.2627],[16.5325,46.2627],[16.5362,46.2642],[16.5737,46.264],[16.6148,46.2531],[16.6283,46.2471],[16.6296,46.2419],[16.6339,46.2396],[16.6625,46.2305],[16.6752,46.2223],[16.6926,46.2135],[16.6977,46.2089],[16.7367,46.1897],[16.7671,46.1855],[16.793,46.1792],[16.8117,46.1731],[16.8137,46.1707],[16.834,46.1616],[16.8365,46.1588],[16.8388,46.1526],[16.8511,46.1477],[16.8542,46.1441],[16.8552,46.1394],[16.8597,46.135],[16.8636,46.1338],[16.8731,46.1243],[16.894,46.1114],[16.9178,46.103],[16.9282,46.0977],[16.9316,46.0946],[16.9495,46.0865],[16.9514,46.0809],[16.9508,46.076],[16.9846,46.066],[16.991,46.0651],[17.0034,46.0606],[17.0195,46.0579],[17.0298,46.0518],[17.043,46.0468],[17.0521,46.0393],[17.055,46.0388],[17.0644,46.0301],[17.0765,46.0263],[17.0796,46.023],[17.1392,45.9856],[17.1566,45.9839]]]},"properties":{"kind":"roman-road","source":"itinere-roads"}},{"type":"Feature","geometry":{"type":"MultiLineString","coordinates":[[[17.1566,45.9839],[17.1768,45.972],[17.1869,45.9688],[17.1933,45.9688],[17.216,45.9643],[17.2217,45.9617],[17.2261,45.9578],[17.2305,45.9563],[17.2331,45.9523],[17.2318,45.9474],[17.2372,45.9434],[17.2484,45.9412],[17.2603,45.9369],[17.2689,45.9297],[17.2783,45.9263],[17.2839,45.9259],[17.3017,45.916],[17.3284,45.8772],[17.3395,45.8774],[17.3621,45.875],[17.3797,45.8722],[17.3974,45.8676],[17.4551,45.8438],[17.5019,45.8463],[17.5043,45.8409]]]},"properties":{"kind":"roman-road","source":"itinere-roads"}},{"type":"Feature","geometry":{"type":"MultiLineString","coordinates":[[[17.5043,45.8409],[17.5416,45.8282],[17.5685,45.8205],[17.5928,45.8181],[17.5999,45.8162],[17.6052,45.812],[17.6224,45.8033],[17.6267,45.803],[17.6618,45.8119],[17.6661,45.8151],[17.698,45.8091],[17.7453,45.8038],[17.7462,45.8009],[17.7529,45.7962],[17.755,45.7902],[17.7591,45.7872],[17.8106,45.7816],[17.8204,45.7819],[17.8562,45.764],[17.8688,45.754],[17.8748,45.7508],[17.8795,45.7501],[17.9007,45.7537],[17.968,45.752]]]},"properties":{"kind":"roman-road","source":"itinere-roads"}},{"type":"Feature","geometry":{"type":"MultiLineString","coordinates":[[[17.968,45.752],[18.0006,45.7512],[18.1301,45.7549],[18.1653,45.7599],[18.1844,45.7597],[18.2273,45.745],[18.2344,45.7413],[18.2422,45.7403],[18.2522,45.7368],[18.2582,45.7332],[18.2618,45.7331],[18.2727,45.7273],[18.2958,45.7074],[18.3966,45.6745],[18.404,45.67],[18.4067,45.6659],[18.4178,45.6603],[18.4188,45.6576],[18.4559,45.6441],[18.511,45.6217],[18.5361,45.6127],[18.5436,45.6121],[18.5845,45.5808],[18.5883,45.5762],[18.595,45.5735],[18.6015,45.5736],[18.6292,45.563],[18.6609,45.5596],[18.6851,45.5595],[18.6968,45.5571]]]},"properties":{"kind":"roman-road","source":"itinere-roads"}},{"type":"Feature","geometry":{"type":"MultiLineString","coordinates":[[[17.2234,45.5928],[17.2227,45.6039],[17.225,45.6076],[17.2315,45.6107],[17.2331,45.6139]]]},"properties":{"kind":"roman-road","source":"itinere-roads"}},{"type":"Feature","geometry":{"type":"MultiLineString","coordinates":[[[17.2331,45.6139],[17.2411,45.6157],[17.2463,45.62],[17.2436,45.6263],[17.2453,45.631],[17.2448,45.6388],[17.2472,45.6444],[17.2504,45.6476],[17.2613,45.6491],[17.2702,45.646],[17.2755,45.6475],[17.2825,45.6471],[17.2869,45.6442],[17.2957,45.643],[17.3108,45.6443],[17.3187,45.6433],[17.3574,45.6574],[17.3642,45.6547],[17.3863,45.6514],[17.3893,45.65],[17.3996,45.6512],[17.4042,45.6544],[17.4335,45.6652],[17.4353,45.6689],[17.4382,45.6704],[17.4481,45.673],[17.4515,45.6764],[17.4518,45.6841],[17.4538,45.6855],[17.4547,45.6895],[17.4623,45.697],[17.475,45.7001],[17.4786,45.6987],[17.4838,45.7003],[17.4855,45.7036],[17.4829,45.7094],[17.4811,45.7192],[17.4816,45.7253],[17.4879,45.7322],[17.4867,45.7361],[17.4881,45.7398],[17.5142,45.7497],[17.5219,45.7555],[17.5234,45.7612],[17.5296,45.7669],[17.5261,45.7858],[17.5028,45.7969],[17.4978,45.8008],[17.5043,45.8409]]]},"properties":{"kind":"roman-road","source":"itinere-roads"}},{"type":"Feature","geometry":{"type":"MultiLineString","coordinates":[[[18.804,45.2903],[18.8082,45.3007],[18.8113,45.3029],[18.8176,45.3211],[18.83,45.3275],[18.8377,45.3351],[18.8416,45.3644],[18.8435,45.3676],[18.838,45.3799],[18.8219,45.3978],[18.8183,45.408],[18.8183,45.4186],[18.8118,45.4315],[18.8123,45.4387],[18.8102,45.4473],[18.7933,45.4643],[18.7695,45.4951],[18.7578,45.5003],[18.7443,45.5017],[18.7239,45.5252],[18.7059,45.5505],[18.6987,45.5537],[18.6968,45.5571]]]},"properties":{"kind":"roman-road","source":"itinere-roads"}},{"type":"Feature","geometry":{"type":"MultiLineString","coordinates":[[[18.0142,45.1555],[18.0223,45.1538],[18.0343,45.1533],[18.0606,45.155],[18.0699,45.1534]]]},"properties":{"kind":"roman-road","source":"itinere-roads"}},{"type":"Feature","geometry":{"type":"MultiLineString","coordinates":[[[18.1621,45.1345],[18.1973,45.1401],[18.2128,45.1468],[18.2192,45.1458],[18.2261,45.1494],[18.2317,45.1505],[18.2394,45.1496],[18.248,45.1522],[18.2595,45.1529],[18.2699,45.1523],[18.2912,45.1469],[18.3177,45.133],[18.3341,45.1274],[18.3793,45.1345],[18.399,45.134],[18.4155,45.1312],[18.4358,45.1248],[18.4384,45.1221],[18.4548,45.1154],[18.4684,45.1051],[18.476,45.1084],[18.4808,45.1127],[18.4988,45.1159],[18.5131,45.1209],[18.5364,45.1166]]]},"properties":{"kind":"roman-road","source":"itinere-roads"}},{"type":"Feature","geometry":{"type":"MultiLineString","coordinates":[[[18.0699,45.1534],[18.0774,45.1475],[18.084,45.146],[18.1004,45.1463],[18.1193,45.14],[18.1475,45.1339],[18.1621,45.1345]]]},"properties":{"kind":"roman-road","source":"itinere-roads"}},{"type":"Feature","geometry":{"type":"MultiLineString","coordinates":[[[18.5452,45.1166],[18.5473,45.1119],[18.5519,45.1096],[18.5574,45.1086],[18.5729,45.1101],[18.5846,45.1079],[18.5978,45.1077],[18.6409,45.0955],[18.6482,45.0994],[18.678,45.1018],[18.6986,45.1017]]]},"properties":{"kind":"roman-road","source":"itinere-roads"}},{"type":"Feature","geometry":{"type":"MultiLineString","coordinates":[[[18.5364,45.1166],[18.5452,45.1166]]]},"properties":{"kind":"roman-road","source":"itinere-roads"}},{"type":"Feature","geometry":{"type":"MultiLineString","coordinates":[[[18.0699,45.1534],[18.0813,45.1527],[18.1033,45.1543],[18.1554,45.1627],[18.17,45.1628],[18.1953,45.1664],[18.23,45.1751],[18.275,45.1809],[18.2807,45.1836],[18.2974,45.1878],[18.3017,45.1874],[18.3335,45.196],[18.3682,45.195],[18.3864,45.1981],[18.4018,45.2071],[18.4077,45.2126],[18.4091,45.2215],[18.4367,45.2264],[18.4827,45.2384],[18.4876,45.2429],[18.4983,45.2475],[18.5145,45.249],[18.5346,45.266],[18.5353,45.2733],[18.5418,45.2829]]]},"properties":{"kind":"roman-road","source":"itinere-roads"}},{"type":"Feature","geometry":{"type":"MultiLineString","coordinates":[[[18.5418,45.2829],[18.5247,45.2861],[18.5144,45.2861],[18.4819,45.2905],[18.4688,45.2901],[18.4606,45.2913],[18.4426,45.304],[18.4124,45.3082],[18.4058,45.3076],[18.3842,45.29],[18.3776,45.2882],[18.3704,45.2819],[18.3614,45.2793],[18.3528,45.275],[18.3473,45.2681],[18.3335,45.2611],[18.3275,45.2594],[18.3064,45.2687],[18.2991,45.2746],[18.2847,45.279],[18.2735,45.2877],[18.2652,45.2897],[18.2553,45.2899],[18.2503,45.2882],[18.2435,45.2899],[18.2121,45.3055],[18.2039,45.3124],[18.1983,45.3138],[18.183,45.3157],[18.1544,45.3064],[18.1335,45.3028],[18.1271,45.3006],[18.1189,45.3008],[18.1127,45.2982],[18.1052,45.2981],[18.1,45.2994],[18.0962,45.3038],[18.1008,45.3283],[18.0871,45.3389],[18.074,45.34],[18.0643,45.348],[18.0637,45.3523]]]},"properties":{"kind":"roman-road","source":"itinere-roads"}},{"type":"Feature","geometry":{"type":"MultiLineString","coordinates":[[[16.8171,43.8149],[16.8344,43.8038],[16.8437,43.7993],[16.8612,43.7937],[16.8721,43.7928],[16.8879,43.7944],[16.9006,43.7982],[16.9334,43.8027],[16.9502,43.8066],[16.9678,43.819],[16.9841,43.8237],[16.992,43.8234],[17.0046,43.8245],[17.0058,43.8255],[17.0309,43.8138],[17.04,43.8125],[17.0521,43.806],[17.0619,43.8035],[17.0783,43.7965],[17.0849,43.7927],[17.0855,43.7911],[17.0918,43.7907],[17.1039,43.7844],[17.1323,43.7792],[17.1345,43.7802],[17.1236,43.7902],[17.1239,43.7934],[17.1215,43.7954],[17.1206,43.8031],[17.1271,43.8066],[17.1335,43.8082],[17.1588,43.8086],[17.17,43.8073],[17.1741,43.8056],[17.179,43.8064],[17.1757,43.8141],[17.184,43.8253],[17.1874,43.8331]]]},"properties":{"kind":"roman-road","source":"itinere-roads"}},{"type":"Feature","geometry":{"type":"MultiLineString","coordinates":[[[17.1874,43.8331],[17.1865,43.8367],[17.1794,43.8385],[17.1687,43.8525],[17.1694,43.8548],[17.1831,43.868],[17.1828,43.8802],[17.1889,43.8905],[17.1911,43.8986],[17.1996,43.9046],[17.2028,43.909],[17.2067,43.9244],[17.2096,43.931],[17.2125,43.9342],[17.2182,43.9483],[17.225,43.9537],[17.2376,43.9581]]]},"properties":{"kind":"roman-road","source":"itinere-roads"}},{"type":"Feature","geometry":{"type":"MultiLineString","coordinates":[[[17.2376,43.9581],[17.2435,43.9642]]]},"properties":{"kind":"roman-road","source":"itinere-roads"}},{"type":"Feature","geometry":{"type":"MultiLineString","coordinates":[[[17.2435,43.9642],[17.2474,43.9682],[17.262,43.9747],[17.2711,43.9811],[17.2758,43.9876],[17.2792,43.9999],[17.2828,44.0049],[17.2849,44.012],[17.2914,44.0193],[17.2971,44.0217],[17.3322,44.0232],[17.3374,44.0242],[17.3391,44.026],[17.3484,44.0255],[17.3543,44.027],[17.3644,44.0262],[17.3691,44.0289],[17.3715,44.0365],[17.3709,44.039],[17.3765,44.0448],[17.377,44.0496],[17.376,44.0525],[17.3791,44.0552],[17.3801,44.0596],[17.4029,44.0569],[17.4162,44.0573],[17.4377,44.0512],[17.4417,44.0518],[17.446,44.0507]]]},"properties":{"kind":"roman-road","source":"itinere-roads"}},{"type":"Feature","geometry":{"type":"MultiLineString","coordinates":[[[17.446,44.0507],[17.4497,44.0509],[17.4569,44.0563]]]},"properties":{"kind":"roman-road","source":"itinere-roads"}},{"type":"Feature","geometry":{"type":"MultiLineString","coordinates":[[[17.4569,44.0563],[17.4632,44.0591]]]},"properties":{"kind":"roman-road","source":"itinere-roads"}},{"type":"Feature","geometry":{"type":"MultiLineString","coordinates":[[[17.4632,44.0591],[17.4669,44.0617],[17.4847,44.069],[17.4934,44.0704],[17.5014,44.074],[17.5045,44.0781],[17.5144,44.0801],[17.5264,44.0845],[17.5487,44.0873],[17.5549,44.0919],[17.5607,44.0937],[17.5708,44.0922],[17.5755,44.0955],[17.5745,44.1002],[17.5757,44.1082],[17.575,44.1124],[17.579,44.1224],[17.5777,44.1232],[17.5825,44.129],[17.5906,44.1304],[17.5926,44.1354],[17.5977,44.1368],[17.6014,44.1401],[17.6089,44.1409],[17.6135,44.1464],[17.6293,44.1575],[17.6503,44.1648],[17.6549,44.1713],[17.6599,44.1733],[17.6638,44.1777],[17.6687,44.1801]]]},"properties":{"kind":"roman-road","source":"itinere-roads"}},{"type":"Feature","geometry":{"type":"MultiLineString","coordinates":[[[17.6687,44.1801],[17.6745,44.1881],[17.6817,44.1916],[17.7053,44.1963],[17.7102,44.1997],[17.7165,44.2079]]]},"properties":{"kind":"roman-road","source":"itinere-roads"}},{"type":"Feature","geometry":{"type":"MultiLineString","coordinates":[[[17.2435,43.9642],[17.2354,43.9753],[17.2318,43.9845],[17.2329,43.9906],[17.2315,43.9947],[17.2316,44.0034],[17.2334,44.0116],[17.2325,44.0175],[17.2209,44.0375],[17.2027,44.0534],[17.1915,44.0561],[17.1795,44.0558],[17.1761,44.0605],[17.1706,44.0632],[17.1697,44.0661],[17.1644,44.0695],[17.1637,44.0713],[17.1647,44.078],[17.162,44.0844],[17.1637,44.0863],[17.1627,44.0908],[17.1698,44.1026],[17.1755,44.1074],[17.1753,44.1132],[17.1782,44.1171],[17.1792,44.122],[17.1826,44.1251],[17.1825,44.1278],[17.1786,44.1301],[17.1803,44.139],[17.1747,44.1459],[17.1717,44.146],[17.1679,44.1519],[17.1708,44.1615],[17.1672,44.1668],[17.168,44.1702],[17.159,44.1812],[17.1618,44.1866],[17.1529,44.1978],[17.1434,44.2027],[17.1432,44.2041],[17.1351,44.2064],[17.1339,44.2088],[17.1301,44.2105],[17.124,44.2167],[17.1194,44.2189],[17.1168,44.2234],[17.1085,44.2266],[17.1057,44.231],[17.1054,44.2342],[17.1016,44.2386],[17.1012,44.2421],[17.1033,44.2453],[17.1013,44.2528],[17.1021,44.2623],[17.0999,44.2633],[17.1002,44.2684],[17.0977,44.2712],[17.0891,44.2747],[17.0861,44.2792]]]},"properties":{"kind":"roman-road","source":"itinere-roads"}},{"type":"Feature","geometry":{"type":"MultiLineString","coordinates":[[[17.0861,44.2792],[17.0924,44.2857],[17.1131,44.2926],[17.1167,44.298],[17.1238,44.3013],[17.1244,44.3041],[17.128,44.307],[17.1396,44.3125],[17.1417,44.3158],[17.1451,44.3156],[17.1473,44.3178],[17.1521,44.3186],[17.1537,44.3278],[17.1575,44.3326],[17.1596,44.3401],[17.1678,44.3501]]]},"properties":{"kind":"roman-road","source":"itinere-roads"}},{"type":"Feature","geometry":{"type":"MultiLineString","coordinates":[[[17.1874,43.8331],[17.1925,43.8273],[17.1934,43.8213],[17.1955,43.8181],[17.2032,43.8125],[17.2048,43.802],[17.2188,43.7933],[17.2234,43.7859],[17.2259,43.7788],[17.2293,43.7753],[17.2326,43.7741],[17.2347,43.7688]]]},"properties":{"kind":"roman-road","source":"itinere-roads"}},{"type":"Feature","geometry":{"type":"MultiLineString","coordinates":[[[17.0682,43.6346],[17.0457,43.6282],[17.041,43.6228],[17.0362,43.6206],[17.0187,43.6198],[17.0179,43.6154],[17.0057,43.6117],[16.9988,43.611],[16.996,43.6077],[16.9892,43.6058],[16.974,43.6066],[16.9633,43.6103],[16.951,43.6177],[16.9448,43.6166],[16.9342,43.6109],[16.928,43.6115],[16.922,43.6094],[16.8948,43.6091],[16.8907,43.6109],[16.8853,43.6106],[16.8698,43.6085],[16.8642,43.6058],[16.8584,43.606],[16.8558,43.6084],[16.8371,43.6089],[16.8266,43.6032],[16.8152,43.6066],[16.8099,43.6094],[16.805,43.6151],[16.7974,43.6172],[16.7959,43.62],[16.7822,43.6265],[16.7742,43.6273],[16.7595,43.6334],[16.7526,43.6334],[16.7436,43.629],[16.7301,43.6168]]]},"properties":{"kind":"roman-road","source":"itinere-roads"}},{"type":"Feature","geometry":{"type":"MultiLineString","coordinates":[[[17.2347,43.7688],[17.2379,43.766],[17.2359,43.7624]]]},"properties":{"kind":"roman-road","source":"itinere-roads"}},{"type":"Feature","geometry":{"type":"MultiLineString","coordinates":[[[17.2359,43.7624],[17.2247,43.741],[17.2218,43.7323],[17.2233,43.7284],[17.2232,43.7231],[17.2255,43.7173],[17.2234,43.7116],[17.2103,43.7038],[17.2056,43.7023],[17.1856,43.7059],[17.1823,43.7088],[17.1749,43.7088],[17.1518,43.7024],[17.1409,43.7033],[17.1252,43.701],[17.1238,43.6998],[17.1244,43.6958],[17.1317,43.6888],[17.133,43.6847],[17.1316,43.6769],[17.1291,43.6743],[17.1169,43.6777],[17.1119,43.6779],[17.098,43.6829],[17.0848,43.6828],[17.0766,43.6808],[17.0743,43.6791],[17.0711,43.6688],[17.0814,43.657],[17.0841,43.6446],[17.081,43.6401],[17.0798,43.6347],[17.0682,43.6346]]]},"properties":{"kind":"roman-road","source":"itinere-roads"}},{"type":"Feature","geometry":{"type":"MultiLineString","coordinates":[[[17.4632,44.0591],[17.4648,44.0575],[17.468,44.0451],[17.472,44.0371],[17.4807,44.0299],[17.4827,44.0258],[17.4819,44.0233],[17.484,44.0175],[17.4907,44.0141],[17.498,44.0064],[17.5077,44.0009],[17.5103,43.9932],[17.5174,43.9921],[17.5235,43.9867],[17.5262,43.9803],[17.5362,43.972],[17.5487,43.9542],[17.55,43.9496],[17.5535,43.9467]]]},"properties":{"kind":"roman-road","source":"itinere-roads"}},{"type":"Feature","geometry":{"type":"MultiLineString","coordinates":[[[17.5535,43.9467],[17.5699,43.9426],[17.5745,43.9403],[17.5855,43.9392]]]},"properties":{"kind":"roman-road","source":"itinere-roads"}},{"type":"Feature","geometry":{"type":"MultiLineString","coordinates":[[[18.6968,45.5571],[18.7277,45.5508],[18.7663,45.5392],[18.7956,45.5395],[18.8353,45.5274],[18.8492,45.5202],[18.8842,45.5157],[18.9016,45.5188],[18.9143,45.5179],[18.946,45.5054],[18.9624,45.5013],[18.9786,45.4905],[18.9767,45.4807],[18.9806,45.4144],[18.9779,45.4119],[18.9671,45.3938],[18.9663,45.3756],[18.9995,45.3551],[19.0109,45.3441],[19.049,45.3274],[19.0738,45.3123],[19.0966,45.2968],[19.1035,45.2889],[19.1043,45.2861],[19.1673,45.2613],[19.2114,45.2501],[19.2181,45.2503],[19.2262,45.246],[19.2584,45.2345],[19.2786,45.2322],[19.2819,45.2338],[19.2972,45.2328],[19.3032,45.2289],[19.3234,45.2304],[19.3324,45.2269],[19.3386,45.2276],[19.3404,45.2249],[19.347,45.2217],[19.3631,45.2242],[19.378,45.2227],[19.3814,45.2253],[19.3989,45.2234],[19.4031,45.2204],[19.4193,45.2165],[19.4283,45.2159],[19.4417,45.2185],[19.446,45.2236],[19.4524,45.2262],[19.4965,45.2219],[19.5137,45.2219],[19.5264,45.2244],[19.5356,45.2243],[19.5604,45.2133],[19.5721,45.2097],[19.5754,45.2069]]]},"properties":{"kind":"roman-road","source":"itinere-roads"}},{"type":"Feature","geometry":{"type":"MultiLineString","coordinates":[[[15.605,45.8906],[15.6092,45.8879],[15.6142,45.8822],[15.6233,45.8783],[15.6295,45.8784],[15.6495,45.8744],[15.6559,45.8713],[15.6646,45.8702],[15.6699,45.8657],[15.6743,45.8647],[15.6779,45.8614],[15.6801,45.8496],[15.6864,45.8436],[15.6897,45.8325],[15.7151,45.8018],[15.7222,45.7988],[15.7656,45.7972],[15.8034,45.787]]]},"properties":{"kind":"roman-road","source":"itinere-roads"}},{"type":"Feature","geometry":{"type":"MultiLineString","coordinates":[[[15.8315,45.7835],[15.8366,45.7787],[15.8457,45.7766],[15.8743,45.7611],[15.8974,45.7598],[15.9153,45.7629],[15.9396,45.7601],[15.9506,45.754],[16.0667,45.717],[16.0838,45.7087],[16.0987,45.6991],[16.1157,45.686],[16.1188,45.655],[16.1142,45.637],[16.1203,45.6265],[16.1402,45.6157],[16.1523,45.604],[16.1777,45.5916],[16.2044,45.5805],[16.2374,45.5524],[16.27,45.5328],[16.2797,45.5225],[16.2917,45.5162],[16.2957,45.5099],[16.3709,45.495]]]},"properties":{"kind":"roman-road","source":"itinere-roads"}},{"type":"Feature","geometry":{"type":"MultiLineString","coordinates":[[[15.8034,45.787],[15.8145,45.7847],[15.8315,45.7835]]]},"properties":{"kind":"roman-road","source":"itinere-roads"}},{"type":"Feature","geometry":{"type":"MultiLineString","coordinates":[[[16.3568,45.3878],[16.3559,45.3858],[16.3514,45.3847],[16.3463,45.3791],[16.352,45.3702],[16.3502,45.3661],[16.358,45.3604],[16.3683,45.3567],[16.3739,45.3513],[16.3743,45.3459],[16.3827,45.3394],[16.3837,45.3361],[16.4062,45.3257],[16.4171,45.3288],[16.4268,45.3289],[16.4325,45.3309],[16.4396,45.3274],[16.4427,45.3283],[16.4465,45.3349],[16.4532,45.3283],[16.4627,45.3229],[16.4632,45.3191],[16.4705,45.3125],[16.492,45.3048],[16.5223,45.3058],[16.5444,45.3148],[16.5574,45.3146]]]},"properties":{"kind":"roman-road","source":"itinere-roads"}},{"type":"Feature","geometry":{"type":"MultiLineString","coordinates":[[[16.5574,45.3146],[16.563,45.3139],[16.5753,45.3075],[16.5828,45.3055],[16.5871,45.2999],[16.5984,45.2957],[16.6023,45.2923],[16.6073,45.2901],[16.615,45.2826],[16.6268,45.2745],[16.6275,45.2666],[16.6292,45.2612],[16.631,45.2598]]]},"properties":{"kind":"roman-road","source":"itinere-roads"}},{"type":"Feature","geometry":{"type":"MultiLineString","coordinates":[[[16.631,45.2598],[16.6428,45.2493],[16.6532,45.244],[16.6561,45.2401],[16.6797,45.2282],[16.6828,45.225],[16.6965,45.2232],[16.705,45.2197],[16.7172,45.2199],[16.7269,45.2154],[16.7279,45.2137],[16.738,45.2113],[16.7438,45.212],[16.7532,45.2101]]]},"properties":{"kind":"roman-road","source":"itinere-roads"}},{"type":"Feature","geometry":{"type":"MultiLineString","coordinates":[[[16.7532,45.2101],[16.7795,45.1999],[16.7813,45.1976],[16.789,45.1946],[16.7941,45.1904],[16.7994,45.1887]]]},"properties":{"kind":"roman-road","source":"itinere-roads"}},{"type":"Feature","geometry":{"type":"MultiLineString","coordinates":[[[16.7994,45.1887],[16.8038,45.1861],[16.8037,45.1839],[16.8165,45.1836],[16.8318,45.1865]]]},"properties":{"kind":"roman-road","source":"itinere-roads"}},{"type":"Feature","geometry":{"type":"MultiLineString","coordinates":[[[17.2138,45.1193],[17.2501,45.1435]]]},"properties":{"kind":"roman-road","source":"itinere-roads"}},{"type":"Feature","geometry":{"type":"MultiLineString","coordinates":[[[16.8318,45.1865],[16.8403,45.1704],[16.8403,45.1658],[16.852,45.1484],[16.8586,45.1444],[16.8677,45.1434],[16.8756,45.135],[16.891,45.1313],[16.8965,45.1322],[16.9068,45.1293],[16.9141,45.1294],[16.9189,45.1305],[16.9218,45.1328],[16.9355,45.1352],[16.9385,45.1343],[16.9411,45.1358],[16.9535,45.1341],[16.9631,45.1305],[16.9738,45.1244],[16.9828,45.1216],[16.9939,45.1216],[16.9987,45.124],[17.0103,45.1256],[17.0176,45.1241],[17.0194,45.1221],[17.0349,45.12],[17.042,45.1214],[17.0483,45.1273],[17.0521,45.1291],[17.0619,45.1298],[17.0709,45.1237],[17.0742,45.1241],[17.0769,45.1207],[17.0819,45.1196],[17.1007,45.1109],[17.1052,45.1068],[17.1076,45.1026],[17.1265,45.0975],[17.1431,45.1048],[17.163,45.107],[17.1739,45.11],[17.1817,45.116],[17.1881,45.1135],[17.2122,45.1177],[17.2138,45.1193]]]},"properties":{"kind":"roman-road","source":"itinere-roads"}},{"type":"Feature","geometry":{"type":"MultiLineString","coordinates":[[[17.5154,45.0974],[17.524,45.1002],[17.53,45.1064],[17.5528,45.1061],[17.5656,45.1081],[17.5867,45.1037],[17.5929,45.1055],[17.6024,45.104],[17.6129,45.1041],[17.6205,45.1076],[17.6255,45.1123],[17.6279,45.1167],[17.6338,45.1216],[17.6387,45.123],[17.6443,45.1269],[17.6582,45.1313],[17.6706,45.1311]]]},"properties":{"kind":"roman-road","source":"itinere-roads"}},{"type":"Feature","geometry":{"type":"MultiLineString","coordinates":[[[17.7097,45.1694],[17.7283,45.1718],[17.7546,45.1659],[17.7679,45.1594],[17.7772,45.159],[17.7834,45.1601],[17.8022,45.1689],[17.8247,45.1694],[17.8511,45.1774],[17.8733,45.1783],[17.9094,45.1906],[17.92,45.1878],[17.9249,45.1842],[17.9395,45.1805],[17.9495,45.179],[17.9725,45.1788],[17.9841,45.1714],[18.0106,45.1598],[18.012,45.1559],[18.0142,45.1555]]]},"properties":{"kind":"roman-road","source":"itinere-roads"}},{"type":"Feature","geometry":{"type":"MultiLineString","coordinates":[[[17.6706,45.1311],[17.6759,45.1365],[17.6775,45.1422],[17.6756,45.1459],[17.6751,45.1521],[17.7026,45.1671],[17.7097,45.1694]]]},"properties":{"kind":"roman-road","source":"itinere-roads"}},{"type":"Feature","geometry":{"type":"MultiLineString","coordinates":[[[16.5574,45.3146],[16.5553,45.3083],[16.5588,45.3074],[16.5562,45.297],[16.5577,45.2935],[16.5559,45.2907],[16.5554,45.2777],[16.5527,45.2726],[16.5539,45.2707],[16.5504,45.2585],[16.5524,45.2559],[16.5561,45.2543],[16.563,45.2538],[16.5729,45.2498],[16.5743,45.248],[16.5914,45.2542],[16.5987,45.2543],[16.6066,45.2566],[16.6104,45.2561],[16.6128,45.2598],[16.631,45.2598]]]},"properties":{"kind":"roman-road","source":"itinere-roads"}},{"type":"Feature","geometry":{"type":"MultiLineString","coordinates":[[[17.2138,45.1193],[17.2148,45.1162],[17.2134,45.1142],[17.2057,45.1082],[17.2089,45.1027],[17.2369,45.1076],[17.2692,45.1094],[17.2755,45.1109],[17.2782,45.1143],[17.2879,45.1152]]]},"properties":{"kind":"roman-road","source":"itinere-roads"}},{"type":"Feature","geometry":{"type":"MultiLineString","coordinates":[[[17.2879,45.1152],[17.3029,45.1161],[17.3229,45.1091],[17.3527,45.1023],[17.3656,45.0973],[17.4167,45.0923],[17.4301,45.0888],[17.4472,45.0868],[17.4522,45.0879],[17.469,45.0862],[17.4743,45.0834],[17.4836,45.0835],[17.4981,45.091],[17.5154,45.0974]]]},"properties":{"kind":"roman-road","source":"itinere-roads"}},{"type":"Feature","geometry":{"type":"MultiLineString","coordinates":[[[15.1905,45.8257],[15.1901,45.8205],[15.2009,45.816],[15.2059,45.809],[15.217,45.8164],[15.2209,45.8149],[15.2315,45.8193],[15.2459,45.8231],[15.248,45.8282],[15.2481,45.8319],[15.2549,45.8342],[15.2594,45.8332],[15.2624,45.835],[15.2704,45.8367],[15.2745,45.834],[15.2778,45.835],[15.281,45.8394],[15.2889,45.8407],[15.2922,45.8436],[15.2976,45.8448],[15.3115,45.8414],[15.3289,45.8414],[15.3813,45.8537],[15.3999,45.8526],[15.4089,45.8497],[15.4122,45.8467],[15.4192,45.8437],[15.422,45.8441],[15.4177,45.8489]]]},"properties":{"kind":"roman-road","source":"itinere-roads"}},{"type":"Feature","geometry":{"type":"MultiLineString","coordinates":[[[15.4558,45.8703],[15.4771,45.8821],[15.4858,45.8853],[15.4917,45.8861],[15.4952,45.8851],[15.4982,45.8812],[15.5685,45.8911]]]},"properties":{"kind":"roman-road","source":"itinere-roads"}},{"type":"Feature","geometry":{"type":"MultiLineString","coordinates":[[[15.4177,45.8489],[15.4263,45.8541],[15.4344,45.8566],[15.4421,45.863],[15.4558,45.8703]]]},"properties":{"kind":"roman-road","source":"itinere-roads"}},{"type":"Feature","geometry":{"type":"MultiLineString","coordinates":[[[15.367,45.8818],[15.3696,45.8805],[15.378,45.8814],[15.3823,45.8775],[15.3854,45.8701],[15.4001,45.8655],[15.4013,45.8638],[15.3994,45.8594],[15.4041,45.855],[15.4152,45.8514],[15.4177,45.8489]]]},"properties":{"kind":"roman-road","source":"itinere-roads"}},{"type":"Feature","geometry":{"type":"MultiLineString","coordinates":[[[15.3665,46.3633],[15.348,46.3688],[15.3452,46.3717],[15.3404,46.3729],[15.333,46.3771],[15.3276,46.3817],[15.3152,46.3866],[15.2991,46.3829],[15.2974,46.3842],[15.2969,46.3887],[15.2986,46.3901],[15.2954,46.3964],[15.2702,46.4056],[15.2534,46.4063],[15.2507,46.4104],[15.2466,46.4124],[15.2391,46.4123],[15.2193,46.4208],[15.2178,46.426],[15.2148,46.4278],[15.2082,46.4358],[15.209,46.4372],[15.1988,46.4439],[15.192,46.4461],[15.1626,46.4619],[15.1579,46.4666],[15.1518,46.4698],[15.1485,46.4673],[15.141,46.4681],[15.1365,46.4704],[15.1331,46.4745],[15.1299,46.4754],[15.1269,46.4794],[15.1227,46.4811],[15.1205,46.4844],[15.114,46.4891],[15.0837,46.5048],[15.0814,46.5148],[15.0858,46.5202],[15.0841,46.5225],[15.0842,46.5277],[15.0799,46.5331],[15.0701,46.541],[15.0587,46.5475],[15.0478,46.5517],[15.0436,46.5614],[15.0357,46.5675]]]},"properties":{"kind":"roman-road","source":"itinere-roads"}},{"type":"Feature","geometry":{"type":"MultiLineString","coordinates":[[[14.5037,46.6498],[14.4737,46.6599],[14.4517,46.665],[14.4281,46.668],[14.4206,46.6729],[14.4224,46.6778],[14.4162,46.6848],[14.3983,46.6944],[14.3892,46.6965],[14.3806,46.6968],[14.3672,46.6947],[14.3644,46.6922],[14.353,46.6894],[14.3448,46.6905]]]},"properties":{"kind":"roman-road","source":"itinere-roads"}},{"type":"Feature","geometry":{"type":"MultiLineString","coordinates":[[[15.0357,46.5675],[15.0174,46.5701],[15.0118,46.5687],[15.0047,46.5632],[14.9932,46.5611],[14.9896,46.5587],[14.9895,46.5557],[14.9866,46.5508],[14.9765,46.549],[14.9737,46.5474],[14.958,46.5464],[14.9458,46.5496],[14.9378,46.5502],[14.935,46.5488],[14.9249,46.5502],[14.9144,46.5477],[14.9105,46.543],[14.9074,46.5419],[14.9009,46.5468],[14.8927,46.549],[14.8837,46.5475],[14.881,46.5483],[14.8774,46.5528],[14.8495,46.5646],[14.8458,46.5642],[14.8386,46.5671],[14.8112,46.5696],[14.7621,46.5783],[14.7398,46.5784],[14.727,46.577],[14.7073,46.5695],[14.6885,46.5692],[14.6825,46.5673],[14.674,46.567],[14.6629,46.5699],[14.6551,46.5758],[14.6488,46.587],[14.6368,46.5922],[14.6246,46.5949],[14.6239,46.5977],[14.6194,46.6029],[14.6087,46.6115],[14.5992,46.6159],[14.5934,46.6161],[14.5846,46.6134],[14.5772,46.613],[14.5651,46.6157],[14.5557,46.6161],[14.5481,46.6186],[14.5457,46.6237],[14.5454,46.6309],[14.5353,46.6339],[14.5037,46.6498]]]},"properties":{"kind":"roman-road","source":"itinere-roads"}},{"type":"Feature","geometry":{"type":"MultiLineString","coordinates":[[[16.3674,44.1884],[16.3607,44.1845],[16.3417,44.1834],[16.3207,44.1716],[16.3133,44.1692],[16.3007,44.1679],[16.2794,44.1692],[16.2748,44.1684],[16.2711,44.1652],[16.26,44.1627],[16.2583,44.1568],[16.2597,44.1511],[16.2514,44.144],[16.2536,44.1425],[16.2459,44.1363],[16.2447,44.1321],[16.2365,44.1189],[16.2299,44.1123],[16.2262,44.1014],[16.2293,44.0913],[16.2282,44.0881],[16.2257,44.0873],[16.2214,44.0814],[16.219,44.0802],[16.2119,44.0667],[16.1963,44.0498],[16.1959,44.044]]]},"properties":{"kind":"roman-road","source":"itinere-roads"}},{"type":"Feature","geometry":{"type":"MultiLineString","coordinates":[[[16.3674,44.1884],[16.3677,44.1822],[16.3717,44.1758],[16.3717,44.1734],[16.3798,44.1635]]]},"properties":{"kind":"roman-road","source":"itinere-roads"}},{"type":"Feature","geometry":{"type":"MultiLineString","coordinates":[[[16.8204,44.0719],[16.8239,44.0647],[16.8326,44.0536],[16.8359,44.0515],[16.8396,44.0518],[16.8494,44.0447]]]},"properties":{"kind":"roman-road","source":"itinere-roads"}},{"type":"Feature","geometry":{"type":"MultiLineString","coordinates":[[[15.4558,45.8703],[15.453,45.8785],[15.4526,45.8852],[15.4618,45.903],[15.4726,45.9179]]]},"properties":{"kind":"roman-road","source":"itinere-roads"}},{"type":"Feature","geometry":{"type":"MultiLineString","coordinates":[[[15.8315,45.7835],[15.8323,45.7846],[15.8441,45.7865],[15.8646,45.7966],[15.8954,45.7977]]]},"properties":{"kind":"roman-road","source":"itinere-roads"}},{"type":"Feature","geometry":{"type":"MultiLineString","coordinates":[[[15.8954,45.7977],[15.9414,45.7944],[16.0249,45.8142],[16.1022,45.8264],[16.1156,45.8236]]]},"properties":{"kind":"roman-road","source":"itinere-roads"}},{"type":"Feature","geometry":{"type":"MultiLineString","coordinates":[[[16.1156,45.8236],[16.1788,45.8084],[16.2175,45.8017],[16.2307,45.8015]]]},"properties":{"kind":"roman-road","source":"itinere-roads"}},{"type":"Feature","geometry":{"type":"MultiLineString","coordinates":[[[16.5377,47.0001],[16.5319,46.9941],[16.5338,46.9926],[16.521,46.9839],[16.4626,46.9677],[16.4282,46.9671],[16.4192,46.9694],[16.3874,46.9718],[16.368,46.9771],[16.3367,46.9776],[16.3088,46.9806],[16.2951,46.9802],[16.2814,46.9823],[16.2725,46.9857],[16.2649,46.9848],[16.2581,46.9886],[16.2544,46.9879],[16.2338,46.9949],[16.2242,46.9966],[16.2147,47.0015],[16.1963,47.0081],[16.1698,47.0149],[16.1429,47.0256],[16.1378,47.0281],[16.134,47.0371],[16.1249,47.0447],[16.1183,47.0531],[16.1078,47.0544],[16.0975,47.0525],[16.0905,47.0492],[16.0856,47.0502],[16.0753,47.0561],[16.0625,47.0609],[16.0508,47.0637],[16.0458,47.0667],[16.0243,47.0665],[16.012,47.0693],[15.9927,47.0777],[15.9835,47.0734],[15.9781,47.0734],[15.9684,47.0765],[15.9591,47.0814],[15.9495,47.0835],[15.9439,47.0833],[15.9331,47.0863],[15.9261,47.0865]]]},"properties":{"kind":"roman-road","source":"itinere-roads"}},{"type":"Feature","geometry":{"type":"MultiLineString","coordinates":[[[15.7908,47.6209],[15.7952,47.6191],[15.7972,47.6158],[15.8052,47.6103],[15.8083,47.6095],[15.8158,47.6023],[15.8221,47.5999],[15.8298,47.5936],[15.8332,47.5785],[15.8285,47.5774],[15.8247,47.578],[15.8182,47.5754],[15.8177,47.5714],[15.8052,47.5692],[15.8059,47.5616],[15.8046,47.559],[15.8056,47.5556],[15.809,47.5536],[15.8063,47.5494],[15.8063,47.5442],[15.794,47.5337],[15.7821,47.5276],[15.7724,47.5197],[15.7682,47.5135],[15.7697,47.5104],[15.7691,47.5063],[15.7666,47.5045],[15.7614,47.5049],[15.7529,47.5025],[15.7501,47.4955],[15.7446,47.495],[15.7394,47.4905],[15.7386,47.4883],[15.7344,47.4879],[15.73,47.4851],[15.7227,47.4855],[15.7164,47.4788],[15.7102,47.4747],[15.7071,47.4671],[15.7084,47.4589],[15.7064,47.4546],[15.7023,47.4515],[15.7005,47.4458],[15.7025,47.4418],[15.694,47.4381],[15.6909,47.4291],[15.6935,47.4248],[15.6934,47.4186],[15.6989,47.4167],[15.6974,47.4122],[15.7021,47.4093],[15.7008,47.4046],[15.7032,47.3968],[15.7007,47.3938],[15.7015,47.3908],[15.6982,47.388],[15.7005,47.3849],[15.6998,47.3828],[15.6939,47.3825],[15.6931,47.3782],[15.6898,47.3763],[15.6919,47.3691],[15.6908,47.3662],[15.7005,47.3546],[15.6948,47.3532],[15.6956,47.3505],[15.6998,47.3457],[15.6978,47.3439],[15.7003,47.34],[15.6957,47.3364],[15.6954,47.3319],[15.6967,47.3292],[15.6944,47.3269],[15.6927,47.3172],[15.6946,47.3123],[15.6935,47.3092],[15.6953,47.3062],[15.6933,47.301],[15.6912,47.2993],[15.6932,47.2968],[15.6926,47.2936],[15.6864,47.2907],[15.6874,47.287],[15.6922,47.2812],[15.6945,47.2716],[15.6981,47.2685],[15.7062,47.2659],[15.7138,47.2604],[15.7143,47.2575],[15.7123,47.2526],[15.7049,47.2497],[15.696,47.2495],[15.692,47.2449],[15.6887,47.2438],[15.6916,47.238],[15.6839,47.2365],[15.6831,47.2332],[15.679,47.2321],[15.6785,47.2297],[15.6746,47.229],[15.673,47.225],[15.6683,47.2246],[15.6679,47.2203],[15.6491,47.2137],[15.6401,47.2067],[15.6563,47.1945],[15.6556,47.1917],[15.6626,47.1806],[15.6617,47.164],[15.6632,47.1608],[15.6708,47.1559],[15.6726,47.1526],[15.6733,47.1446],[15.6786,47.1399],[15.6804,47.1362],[15.6992,47.1195],[15.7043,47.1107],[15.7033,47.1051]]]},"properties":{"kind":"roman-road","source":"itinere-roads"}},{"type":"Feature","geometry":{"type":"MultiLineString","coordinates":[[[16.0631,47.4597],[16.0637,47.4524],[16.0689,47.4479],[16.0624,47.4408],[16.0567,47.4417],[16.0558,47.4394],[16.0413,47.4312],[16.0339,47.4277],[16.03,47.4276],[16.0293,47.4241],[16.0247,47.4209],[16.023,47.4181],[16.0197,47.417],[16.0201,47.4118],[16.0173,47.4087],[16.0179,47.3948],[16.0229,47.389],[16.0309,47.3845],[16.0339,47.3794],[16.0311,47.3779],[16.0342,47.3728],[16.0176,47.3684],[16.0118,47.36],[16.0114,47.3539],[16.0082,47.3421],[16.0048,47.3406],[15.9999,47.3415],[15.9969,47.3405],[15.9957,47.3378],[15.9904,47.3339],[15.991,47.3272],[15.9822,47.3148],[15.9816,47.3119],[15.9835,47.3069],[15.9833,47.3037],[15.9806,47.2983],[15.9915,47.2904],[15.9919,47.2832],[15.9879,47.2837],[15.9816,47.2773],[15.9829,47.2702],[15.99,47.258],[15.9948,47.2525],[15.9984,47.242],[15.9966,47.2318],[15.9877,47.2032],[15.9913,47.1893],[15.9891,47.1867],[15.9847,47.1875],[15.978,47.1825],[15.9727,47.182],[15.9718,47.1795],[15.9683,47.1784],[15.9701,47.175],[15.9769,47.1707],[15.9776,47.1687],[15.975,47.1661],[15.9658,47.1632],[15.9555,47.1622],[15.9466,47.1587],[15.9396,47.1523],[15.9375,47.1486],[15.9374,47.1439],[15.9353,47.1409],[15.9259,47.1354],[15.9227,47.1265],[15.9152,47.1196],[15.9155,47.1131],[15.9281,47.0927],[15.9261,47.0865]]]},"properties":{"kind":"roman-road","source":"itinere-roads"}},{"type":"Feature","geometry":{"type":"MultiLineString","coordinates":[[[14.446,47.0526],[14.45,47.0547],[14.4533,47.0512],[14.481,47.0419],[14.4938,47.0342],[14.5078,47.0286],[14.5107,47.0217],[14.5202,47.01],[14.5216,47.0065],[14.5261,47.0031],[14.527,46.9997],[14.53,46.9982],[14.5302,46.9958],[14.5378,46.9892],[14.539,46.9816],[14.5351,46.9761],[14.5309,46.9602],[14.5323,46.9557],[14.5366,46.9495],[14.5404,46.9464],[14.5458,46.9447],[14.5488,46.9397],[14.5475,46.9365],[14.5492,46.9326],[14.5471,46.9273],[14.545,46.9253],[14.5449,46.9201],[14.5488,46.9177],[14.5502,46.9069],[14.5489,46.9059],[14.5492,46.8991],[14.5482,46.8965],[14.5517,46.8947],[14.5518,46.8925],[14.5455,46.888],[14.545,46.8818],[14.5404,46.8707],[14.5427,46.8656],[14.5414,46.8578],[14.5369,46.8545],[14.5359,46.8519],[14.5395,46.8401],[14.5385,46.8373],[14.54,46.8309],[14.5448,46.8263],[14.5508,46.8231],[14.5547,46.8169],[14.5543,46.8144],[14.5578,46.8109],[14.5586,46.808],[14.5566,46.801],[14.5576,46.7976],[14.5534,46.7895],[14.544,46.7791],[14.5397,46.7666],[14.5347,46.7627],[14.5326,46.7586],[14.5335,46.7554],[14.5309,46.7483],[14.5313,46.7429],[14.5282,46.739],[14.5262,46.7286],[14.5363,46.7251],[14.5487,46.7244],[14.5609,46.7172],[14.5693,46.7006],[14.5796,46.7002],[14.583,46.7019],[14.5839,46.6986],[14.6057,46.6957],[14.6244,46.6915],[14.6562,46.6929],[14.6641,46.6959],[14.7008,46.6918],[14.7026,46.6893],[14.7274,46.7027],[14.7326,46.704],[14.7327,46.7087],[14.7375,46.7128],[14.7389,46.7162],[14.7461,46.7183],[14.7492,46.7208],[14.7478,46.7242],[14.7546,46.7277],[14.7541,46.7315],[14.7573,46.7348],[14.7781,46.7261],[14.7828,46.7259],[14.7867,46.7234],[14.8002,46.7252],[14.8032,46.7216],[14.8033,46.7187],[14.8079,46.711],[14.8217,46.6989],[14.8348,46.6926],[14.8404,46.6912],[14.8468,46.6914],[14.8638,46.6972],[14.8659,46.6962],[14.8714,46.6996],[14.8771,46.7006]]]},"properties":{"kind":"roman-road","source":"itinere-roads"}},{"type":"Feature","geometry":{"type":"MultiLineString","coordinates":[[[14.7865,47.213],[14.786,47.2092],[14.7819,47.2011],[14.7678,47.1978],[14.7583,47.1923],[14.754,47.1916],[14.7531,47.1864],[14.7545,47.1823],[14.7523,47.1779],[14.7462,47.1697],[14.7405,47.1658],[14.7369,47.1604],[14.739,47.1545],[14.7355,47.1397],[14.7361,47.1359],[14.7395,47.1301],[14.7369,47.1239],[14.7352,47.1226],[14.7223,47.1212],[14.7103,47.1152],[14.7065,47.1127],[14.7033,47.1067],[14.6889,47.0965],[14.6841,47.0912],[14.693,47.0773],[14.6939,47.0731],[14.7004,47.0667],[14.7029,47.0624],[14.7148,47.0533],[14.7169,47.047],[14.7259,47.0371],[14.7257,47.0324],[14.7275,47.027],[14.7314,47.0253],[14.7329,47.0178],[14.7497,47.0076],[14.7538,47.0006],[14.7706,46.9865],[14.7717,46.9835],[14.7756,46.9811],[14.7787,46.9765],[14.7784,46.9741],[14.7848,46.9669],[14.7854,46.9621],[14.7887,46.9587],[14.8158,46.947],[14.8309,46.9305],[14.833,46.9252],[14.8381,46.9209],[14.8429,46.9214],[14.8442,46.9172],[14.8422,46.9144],[14.8446,46.9099],[14.8426,46.9065],[14.8427,46.9009],[14.8453,46.8981],[14.8505,46.9],[14.8606,46.8997],[14.8694,46.8957],[14.8704,46.8913],[14.8674,46.8895],[14.8665,46.8845],[14.8767,46.8729],[14.8752,46.8661],[14.8626,46.8592],[14.8584,46.8603],[14.8551,46.8592],[14.8452,46.8489],[14.8397,46.8384],[14.8442,46.8357],[14.8396,46.8292],[14.8395,46.8248],[14.8317,46.81],[14.825,46.79],[14.825,46.7848],[14.8216,46.7785],[14.8229,46.7658],[14.8216,46.7636],[14.8219,46.7557],[14.8233,46.7492],[14.8222,46.7421],[14.8281,46.7401],[14.8356,46.7328],[14.8405,46.7307],[14.8415,46.7282],[14.8452,46.7267],[14.8549,46.7146],[14.8629,46.7125],[14.8662,46.7096],[14.8691,46.7036],[14.8771,46.7006]]]},"properties":{"kind":"roman-road","source":"itinere-roads"}},{"type":"Feature","geometry":{"type":"MultiLineString","coordinates":[[[15.8805,46.9584],[15.8886,46.9582],[15.8887,46.9528],[15.8864,46.9476],[15.8783,46.9392],[15.867,46.9336],[15.8622,46.9296],[15.861,46.9268],[15.8539,46.9203],[15.8568,46.9139],[15.8559,46.9097],[15.8571,46.9077],[15.8518,46.9032],[15.8514,46.8998],[15.8485,46.8967],[15.8492,46.8914],[15.8527,46.8903],[15.8527,46.8871],[15.8501,46.8808],[15.8532,46.878],[15.8517,46.8741],[15.8568,46.8679],[15.855,46.8626],[15.8599,46.8584],[15.8584,46.8565],[15.861,46.8443],[15.8644,46.8384],[15.8635,46.831],[15.8676,46.8261],[15.8673,46.8215],[15.8694,46.819],[15.869,46.8065],[15.8712,46.8046],[15.8703,46.797],[15.8722,46.7955]]]},"properties":{"kind":"roman-road","source":"itinere-roads"}},{"type":"Feature","geometry":{"type":"MultiLineString","coordinates":[[[15.8954,45.7977],[15.8931,45.8],[15.8942,45.8066],[15.8895,45.8071],[15.884,45.8118],[15.8637,45.812],[15.8332,45.8163],[15.8304,45.8182],[15.8228,45.8339],[15.8291,45.8407],[15.8298,45.8445],[15.8283,45.8466],[15.8295,45.8505],[15.825,45.8554],[15.8276,45.8603],[15.8266,45.8666],[15.8219,45.8714],[15.8192,45.8771],[15.8195,45.8852],[15.8222,45.8884],[15.8212,45.8929],[15.8171,45.8961],[15.816,45.9],[15.8123,45.9052],[15.8137,45.9084],[15.818,45.9128],[15.8203,45.9201],[15.8229,45.923],[15.8229,45.9261],[15.8196,45.9314],[15.8274,45.9553],[15.8299,45.9584],[15.8411,45.9626],[15.8464,45.9667],[15.8488,45.9742],[15.8456,45.9817],[15.8473,45.9869],[15.8651,46.0014],[15.9069,46.0209],[15.918,46.028],[15.9106,46.0331],[15.9103,46.0384],[15.9115,46.0411],[15.9079,46.0531],[15.9105,46.0597],[15.907,46.065],[15.9091,46.0682],[15.9072,46.071],[15.9061,46.0786],[15.9066,46.0815],[15.9049,46.0878],[15.906,46.0911],[15.9042,46.0979],[15.8996,46.1005],[15.8944,46.1088],[15.8934,46.1165],[15.8946,46.1188],[15.8942,46.1239],[15.8811,46.1388],[15.8818,46.1443],[15.8783,46.1587],[15.8744,46.1635],[15.865,46.1693],[15.864,46.1751],[15.8604,46.1791],[15.8557,46.1794],[15.8513,46.1825],[15.8509,46.1853],[15.8448,46.1907],[15.8438,46.1931],[15.8362,46.196],[15.8314,46.2001],[15.8215,46.2043],[15.8121,46.2052],[15.8062,46.2078],[15.7973,46.2089],[15.7773,46.2077],[15.7668,46.2096],[15.754,46.2094],[15.7517,46.2123],[15.7544,46.2156],[15.7551,46.2191],[15.7523,46.2211],[15.7425,46.2223],[15.737,46.2214],[15.7306,46.2169],[15.7279,46.2197],[15.7291,46.2225],[15.7264,46.2233],[15.7061,46.2239],[15.6825,46.2281],[15.6748,46.2278],[15.6718,46.2253],[15.6657,46.2257],[15.6569,46.2312],[15.6507,46.2303],[15.6454,46.2259],[15.6413,46.2252],[15.6385,46.2289],[15.637,46.2362],[15.6293,46.2405],[15.6217,46.2408],[15.6161,46.2391],[15.6076,46.2388],[15.5947,46.2398],[15.5768,46.2445],[15.5703,46.2439],[15.5668,46.2419],[15.5625,46.2304],[15.5579,46.2283],[15.5345,46.2339],[15.5197,46.2289],[15.5055,46.2287],[15.4936,46.2307],[15.4863,46.2291],[15.4834,46.2307],[15.4722,46.2285],[15.455,46.2212],[15.4535,46.2182],[15.4448,46.2155],[15.4351,46.2263],[15.4349,46.2301],[15.4323,46.2333],[15.433,46.238],[15.4284,46.2434],[15.4303,46.2462],[15.4293,46.249],[15.4216,46.2477],[15.4189,46.2457],[15.3898,46.2377],[15.3779,46.2388],[15.3637,46.2373],[15.3584,46.239],[15.3519,46.2379],[15.3473,46.2394],[15.3404,46.237],[15.3278,46.2401],[15.3205,46.2393],[15.2969,46.2418],[15.289,46.2394],[15.2832,46.2394],[15.2772,46.2358],[15.2677,46.234]]]},"properties":{"kind":"roman-road","source":"itinere-roads"}},{"type":"Feature","geometry":{"type":"MultiLineString","coordinates":[[[16.9814,45.8163],[16.9737,45.8192],[16.9646,45.8261],[16.9648,45.8298],[16.9396,45.8512],[16.9332,45.8519],[16.9253,45.8564],[16.9185,45.8641],[16.8931,45.8726],[16.8877,45.8725],[16.8865,45.8747],[16.8746,45.8769],[16.8688,45.8804],[16.863,45.8868],[16.8555,45.8899],[16.8458,45.8971],[16.8226,45.907],[16.8051,45.9104],[16.7899,45.9214],[16.7836,45.9338],[16.7791,45.9358],[16.7729,45.9364],[16.7672,45.9386],[16.7427,45.9414],[16.7398,45.9408],[16.7331,45.9431],[16.7315,45.9481],[16.7268,45.9498],[16.7233,45.949],[16.6978,45.9508],[16.6061,45.9457],[16.6068,45.9516],[16.6034,45.9556],[16.6033,45.958],[16.5946,45.9647],[16.5932,45.9686],[16.5872,45.9726],[16.5789,45.9838],[16.5661,45.9907],[16.5658,45.9941],[16.5585,45.998],[16.5576,46.001],[16.5453,46.0104],[16.5464,46.0224]]]},"properties":{"kind":"roman-road","source":"itinere-roads"}},{"type":"Feature","geometry":{"type":"MultiLineString","coordinates":[[[16.2943,46.0716],[16.2919,46.0755],[16.2851,46.0793],[16.2805,46.0895],[16.2816,46.097],[16.2806,46.104],[16.2837,46.1088],[16.2889,46.1111],[16.2946,46.1203],[16.2876,46.1229],[16.2899,46.1324],[16.2884,46.1377],[16.2859,46.1399],[16.2811,46.1412],[16.2805,46.145],[16.2767,46.1457],[16.2701,46.1445],[16.2646,46.1464],[16.2608,46.1501],[16.2617,46.1542],[16.2549,46.1606],[16.2568,46.1631],[16.2527,46.172],[16.2504,46.1726],[16.2521,46.1764],[16.2486,46.1837],[16.2502,46.1861],[16.2472,46.1921],[16.249,46.197],[16.2536,46.1997],[16.2532,46.206],[16.2556,46.2079],[16.2567,46.2117]]]},"properties":{"kind":"roman-road","source":"itinere-roads"}},{"type":"Feature","geometry":{"type":"MultiLineString","coordinates":[[[16.2567,46.2117],[16.246,46.2147],[16.2379,46.2204],[16.2395,46.227],[16.247,46.2304],[16.2436,46.24],[16.2384,46.2441],[16.2386,46.2504],[16.237,46.2542],[16.2263,46.2556],[16.2237,46.2573],[16.2122,46.2574],[16.2072,46.2614],[16.2093,46.2663],[16.2071,46.2757],[16.2077,46.2801],[16.2149,46.2925],[16.2258,46.3193],[16.2294,46.3197],[16.2327,46.323],[16.234,46.3288],[16.2374,46.3315],[16.241,46.3421]]]},"properties":{"kind":"roman-road","source":"itinere-roads"}},{"type":"Feature","geometry":{"type":"MultiLineString","coordinates":[[[16.2567,46.2117],[16.2606,46.2137],[16.2695,46.2151],[16.2716,46.2169],[16.2827,46.2209],[16.2874,46.2209],[16.3047,46.2156],[16.3088,46.2167],[16.311,46.2256],[16.3204,46.2351],[16.3241,46.2433],[16.3226,46.2472],[16.3409,46.2492],[16.3457,46.2487],[16.3559,46.2511],[16.3593,46.2549],[16.3591,46.2598],[16.3605,46.2616]]]},"properties":{"kind":"roman-road","source":"itinere-roads"}},{"type":"Feature","geometry":{"type":"MultiLineString","coordinates":[[[15.8728,46.4187],[15.8734,46.4215],[15.8676,46.4227],[15.8667,46.426],[15.864,46.4262],[15.8574,46.4345],[15.852,46.4388],[15.8486,46.4446],[15.8448,46.447],[15.8411,46.4521],[15.8408,46.4581],[15.8368,46.4637],[15.815,46.4851],[15.8091,46.4851],[15.8057,46.4879],[15.8007,46.4875],[15.797,46.4893],[15.7959,46.4928],[15.7895,46.4953],[15.785,46.4948],[15.7824,46.4914],[15.7774,46.4922],[15.7688,46.4971],[15.7515,46.501],[15.7391,46.5063],[15.7243,46.5085],[15.7195,46.5113],[15.7185,46.514],[15.7226,46.5139],[15.7272,46.5168],[15.7309,46.5256],[15.7345,46.5282],[15.7317,46.5347],[15.7202,46.5395],[15.7156,46.5473],[15.7108,46.5518],[15.6859,46.5571],[15.6754,46.5611],[15.6626,46.5615]]]},"properties":{"kind":"roman-road","source":"itinere-roads"}},{"type":"Feature","geometry":{"type":"MultiLineString","coordinates":[[[15.888,46.4266],[15.889,46.4294],[15.9161,46.4314],[15.9253,46.4368],[15.932,46.4431],[15.9353,46.4505],[15.9473,46.4524],[15.9553,46.4575],[15.953,46.4631],[15.953,46.4674],[15.9551,46.4714],[15.952,46.4712],[15.9494,46.4738],[15.9472,46.4795],[15.9487,46.4852],[15.9464,46.4876],[15.9472,46.4925],[15.9444,46.4977],[15.9446,46.5029],[15.9414,46.5042],[15.9437,46.5071],[15.9441,46.5116],[15.9405,46.5225],[15.9404,46.528],[15.9374,46.5315],[15.9388,46.5345],[15.938,46.5416],[15.943,46.55],[15.9403,46.553],[15.9414,46.5602],[15.9449,46.5619],[15.9428,46.5662],[15.9449,46.5685],[15.957,46.5714],[15.9564,46.5739],[15.9633,46.5783],[15.9627,46.5807],[15.9803,46.5917],[15.9814,46.5962],[15.9942,46.6078],[15.9964,46.6122],[15.9957,46.6252],[15.9989,46.6347],[15.997,46.6406],[16.0015,46.6434],[16.0011,46.6474],[15.9947,46.6578],[15.9929,46.6675],[15.9945,46.6718],[15.991,46.6767],[15.992,46.6787],[15.9871,46.6833],[15.9917,46.6867],[15.988,46.6913]]]},"properties":{"kind":"roman-road","source":"itinere-roads"}},{"type":"Feature","geometry":{"type":"MultiLineString","coordinates":[[[15.988,46.6913],[15.996,46.698],[16.0154,46.7034],[16.0231,46.7079],[16.0418,46.7057],[16.0489,46.7068],[16.0507,46.7115],[16.0618,46.7047],[16.0669,46.7036],[16.0749,46.7037],[16.082,46.7075],[16.0891,46.7092],[16.1049,46.7096],[16.1478,46.7019],[16.1539,46.7027],[16.1607,46.7058],[16.188,46.7088],[16.1937,46.7061],[16.2026,46.7114],[16.2166,46.7131],[16.2222,46.7206],[16.2399,46.7255],[16.241,46.7294],[16.2438,46.7304],[16.2475,46.729],[16.2498,46.7311],[16.2578,46.7331],[16.2623,46.7369],[16.2661,46.7365],[16.2682,46.7325],[16.2708,46.7312],[16.2836,46.7316],[16.2898,46.7336],[16.291,46.7351],[16.3104,46.7386],[16.3268,46.7483],[16.329,46.7562],[16.3353,46.7575],[16.3406,46.7654],[16.3448,46.7687],[16.3545,46.7729],[16.3621,46.7806],[16.3652,46.7817],[16.3668,46.7845],[16.3714,46.7856],[16.3706,46.7895],[16.3732,46.7937],[16.381,46.7982],[16.3893,46.8056],[16.3949,46.8136],[16.3973,46.8278],[16.4001,46.8298],[16.4109,46.8325],[16.4157,46.8373],[16.4214,46.8388],[16.4275,46.8356],[16.4367,46.8357],[16.4448,46.8319],[16.4508,46.8311],[16.4569,46.8286],[16.5003,46.8384]]]},"properties":{"kind":"roman-road","source":"itinere-roads"}},{"type":"Feature","geometry":{"type":"MultiLineString","coordinates":[[[15.7149,47.1017],[15.7268,47.095],[15.7379,47.0846],[15.7394,47.0807],[15.7507,47.0679],[15.7518,47.065],[15.7449,47.0534],[15.7461,47.0466],[15.7482,47.0445],[15.7479,47.0409],[15.7505,47.0326],[15.7572,47.0229],[15.7559,47.0185],[15.7578,47.0099],[15.7612,47.0071],[15.7633,47.0031],[15.7734,46.9974],[15.7757,46.9945],[15.7832,46.9929],[15.7896,46.9886],[15.8187,46.9756],[15.8294,46.9693],[15.8444,46.9667],[15.849,46.9642],[15.8579,46.9623],[15.8805,46.9584]]]},"properties":{"kind":"roman-road","source":"itinere-roads"}},{"type":"Feature","geometry":{"type":"MultiLineString","coordinates":[[[15.8722,46.7955],[15.8749,46.7942],[15.8717,46.7906],[15.8729,46.787],[15.8773,46.7837],[15.8791,46.7805],[15.8751,46.7647],[15.8803,46.7597],[15.8827,46.7541],[15.8815,46.7521],[15.8894,46.7476],[15.902,46.7349],[15.9524,46.7204],[15.9641,46.7084],[15.9641,46.6993],[15.977,46.6915],[15.988,46.6913]]]},"properties":{"kind":"roman-road","source":"itinere-roads"}},{"type":"Feature","geometry":{"type":"MultiLineString","coordinates":[[[16.8619,45.5489],[16.8575,45.5576],[16.8578,45.5622],[16.8604,45.5672],[16.8572,45.5732],[16.8575,45.5765],[16.844,45.595],[16.8455,45.599],[16.8436,45.6054],[16.8463,45.6084],[16.8525,45.609],[16.8506,45.6119],[16.8516,45.6168],[16.8423,45.6268],[16.8376,45.6273],[16.8421,45.6422],[16.8461,45.6438],[16.8514,45.6411],[16.8564,45.6411],[16.8671,45.6433],[16.8698,45.6461],[16.8779,45.6413],[16.886,45.6411],[16.8954,45.6331],[16.9044,45.6317],[16.9232,45.6242],[16.9284,45.626],[16.929,45.6342],[16.9342,45.6442],[16.934,45.6514],[16.932,45.6555],[16.9425,45.6617],[16.9467,45.6663],[16.9468,45.6696],[16.9539,45.6726],[16.9568,45.6785],[16.9531,45.6852],[16.9507,45.6992],[16.9515,45.707],[16.9465,45.7101],[16.9391,45.7088],[16.9359,45.7068],[16.9317,45.7107],[16.9282,45.7249],[16.9237,45.7322],[16.9371,45.7363],[16.9399,45.7416],[16.9456,45.7475],[16.9424,45.7499],[16.9412,45.7544],[16.9345,45.7608],[16.9256,45.7641],[16.9259,45.7672],[16.9296,45.7714],[16.9334,45.7787],[16.9328,45.7798],[16.94,45.7849],[16.9424,45.789],[16.9411,45.796],[16.9581,45.8007],[16.9571,45.8053],[16.9599,45.8073],[16.9798,45.814],[16.9814,45.8163]]]},"properties":{"kind":"roman-road","source":"itinere-roads"}},{"type":"Feature","geometry":{"type":"MultiLineString","coordinates":[[[16.8619,45.5489],[16.8678,45.5528],[16.873,45.5528],[16.883,45.5603],[16.8867,45.5718],[16.8954,45.5777],[16.9001,45.5778],[16.919,45.572],[16.9249,45.5715],[16.9395,45.574],[16.9466,45.5733],[16.9541,45.5754],[16.9565,45.5698],[16.9696,45.5635],[17.0065,45.5402],[17.0138,45.5337],[17.0194,45.5315],[17.0277,45.5369],[17.0291,45.5421],[17.0334,45.5495],[17.0396,45.5572],[17.0546,45.5606],[17.0706,45.5584],[17.0757,45.5598],[17.078,45.5629],[17.0826,45.5643],[17.086,45.5676],[17.0875,45.5731],[17.0934,45.5786],[17.0946,45.5832],[17.1019,45.5888],[17.1062,45.5886],[17.1111,45.5852],[17.123,45.5828],[17.1281,45.583],[17.1349,45.5875],[17.1511,45.5929],[17.161,45.5883],[17.1822,45.5889],[17.1859,45.5897],[17.1855,45.5929],[17.1921,45.5918],[17.2234,45.5928]]]},"properties":{"kind":"roman-road","source":"itinere-roads"}},{"type":"Feature","geometry":{"type":"MultiLineString","coordinates":[[[17.968,45.752],[17.9673,45.7296],[17.9385,45.6937],[17.9325,45.6742],[17.9491,45.6395],[17.9469,45.6198],[17.9547,45.6134],[17.9499,45.6047],[17.9474,45.6038],[17.9453,45.5996],[17.9473,45.5988],[17.9516,45.5827],[17.949,45.5827],[17.9398,45.5738],[17.9049,45.5508],[17.8917,45.5365],[17.8786,45.5276],[17.8794,45.5256],[17.8666,45.5164],[17.8701,45.5135],[17.8713,45.5099],[17.8703,45.5063],[17.8656,45.4998],[17.8747,45.4965],[17.8747,45.4941],[17.8786,45.4927],[17.869,45.4862],[17.8726,45.4853],[17.8726,45.482],[17.8664,45.4809],[17.8654,45.4771],[17.8702,45.4728],[17.8759,45.4701],[17.8776,45.466],[17.8735,45.4621],[17.8733,45.4592],[17.8806,45.4563],[17.8873,45.4513],[17.8876,45.4489],[17.8843,45.4455],[17.885,45.4401],[17.8836,45.4315],[17.8845,45.4276],[17.8611,45.3838]]]},"properties":{"kind":"roman-road","source":"itinere-roads"}},{"type":"Feature","geometry":{"type":"MultiLineString","coordinates":[[[18.2782,43.8345],[18.2774,43.8452],[18.2801,43.8479],[18.2732,43.8552],[18.2718,43.8627],[18.2776,43.8645],[18.2884,43.8729],[18.3023,43.8805],[18.306,43.8837],[18.3062,43.886],[18.3121,43.8877],[18.3162,43.8861],[18.3268,43.8888],[18.3254,43.8911],[18.3197,43.8943],[18.3212,43.8978],[18.3264,43.9009],[18.3264,43.9043],[18.3236,43.9056],[18.3228,43.9087],[18.3184,43.9143],[18.31,43.92],[18.3027,43.922],[18.3033,43.923],[18.2982,43.9322],[18.2874,43.9403],[18.281,43.9384],[18.2792,43.9406],[18.2641,43.9487],[18.2641,43.9601],[18.2588,43.9604],[18.2482,43.9681],[18.2375,43.9701],[18.2354,43.978],[18.2269,43.9882],[18.2227,43.9911],[18.2148,43.993],[18.2086,43.9922],[18.2018,43.9903],[18.2016,43.9891],[18.1951,43.9885],[18.1933,43.985],[18.1836,43.9837],[18.1814,43.9869]]]},"properties":{"kind":"roman-road","source":"itinere-roads"}},{"type":"Feature","geometry":{"type":"MultiLineString","coordinates":[[[18.0737,43.9478],[18.0816,43.9481],[18.0876,43.9509],[18.0904,43.9499],[18.0993,43.9507],[18.1049,43.955],[18.1102,43.9557],[18.1175,43.9544],[18.1225,43.9559],[18.1282,43.9531],[18.1326,43.9526],[18.1365,43.9542],[18.1495,43.9548],[18.1603,43.9568],[18.1673,43.9564],[18.1701,43.9611],[18.1815,43.964],[18.1841,43.9693],[18.1873,43.9712],[18.1881,43.9743],[18.1805,43.9846],[18.1814,43.9869]]]},"properties":{"kind":"roman-road","source":"itinere-roads"}},{"type":"Feature","geometry":{"type":"MultiLineString","coordinates":[[[18.2562,43.9996],[18.2573,44.007],[18.2559,44.0125],[18.2627,44.0219],[18.2729,44.0277],[18.2754,44.0326],[18.277,44.033],[18.2805,44.0383],[18.2797,44.0431],[18.293,44.0468],[18.2927,44.05],[18.2952,44.0561],[18.2936,44.0611],[18.2907,44.0638],[18.2897,44.0673],[18.2917,44.0698],[18.2912,44.0733],[18.2887,44.0764],[18.2921,44.0766],[18.2937,44.0834],[18.2967,44.0869],[18.3103,44.0893],[18.313,44.0942],[18.3116,44.0996],[18.3025,44.1081],[18.306,44.1122],[18.3047,44.1136],[18.3079,44.1185],[18.3071,44.1211],[18.3084,44.1268],[18.3109,44.1297],[18.3161,44.1318],[18.3197,44.1411],[18.3217,44.1418],[18.3209,44.1453],[18.3225,44.1482],[18.3212,44.1509],[18.3219,44.1545],[18.3255,44.1587],[18.3255,44.1624],[18.3295,44.1647],[18.3318,44.1688]]]},"properties":{"kind":"roman-road","source":"itinere-roads"}},{"type":"Feature","geometry":{"type":"MultiLineString","coordinates":[[[18.1825,43.9906],[18.1592,44.0008],[18.1542,44.0061],[18.1427,44.0117],[18.1376,44.0202],[18.1224,44.0359],[18.1213,44.0408],[18.1187,44.0432],[18.1064,44.0463],[18.1043,44.0495],[18.103,44.0596],[18.108,44.0725],[18.1087,44.0776],[18.1121,44.0825],[18.1113,44.0926],[18.1076,44.0964],[18.1067,44.0994],[18.1111,44.105],[18.1138,44.1118],[18.1114,44.1164],[18.1004,44.1257],[18.0918,44.1254],[18.0849,44.1286],[18.0825,44.1327],[18.079,44.1346],[18.0723,44.1338],[18.0675,44.1301],[18.064,44.1292],[18.056,44.1299],[18.0439,44.1351],[18.0395,44.1342],[18.0319,44.1356],[18.0197,44.1315],[18.0112,44.1304],[17.9932,44.1327],[17.9944,44.139],[17.9987,44.1421],[18.0,44.1468],[17.9981,44.1606],[17.9924,44.1635],[17.9808,44.1666],[17.977,44.1694],[17.9763,44.1757],[17.9717,44.1826],[17.9662,44.1861],[17.944,44.192],[17.9173,44.1954],[17.9128,44.1982],[17.9113,44.1962],[17.9052,44.1977],[17.9032,44.2023]]]},"properties":{"kind":"roman-road","source":"itinere-roads"}},{"type":"Feature","geometry":{"type":"MultiLineString","coordinates":[[[17.9595,44.6546],[17.9624,44.6536],[17.9705,44.6466],[17.9703,44.6405],[17.9741,44.6387],[17.9763,44.634],[17.9813,44.6292],[17.9797,44.6241],[17.9825,44.6218],[17.9937,44.6172],[17.9893,44.6127],[17.986,44.6124],[17.9884,44.6086],[17.9865,44.6042],[17.9949,44.5886],[17.9957,44.5797],[17.9989,44.5778],[17.9955,44.5749],[17.9987,44.5699],[17.9949,44.5651],[17.996,44.5595],[18.0056,44.5555],[18.0072,44.556],[18.0104,44.5496],[18.0149,44.5465],[18.0125,44.5438],[18.0131,44.5414],[18.0207,44.536],[18.0196,44.5331],[18.0212,44.5271],[18.025,44.5249],[18.0233,44.5231],[18.0279,44.5162],[18.0262,44.5098],[18.0299,44.5077],[18.0351,44.498],[18.0401,44.4962],[18.0464,44.4907],[18.0461,44.4866],[18.0475,44.4848],[18.0598,44.4817],[18.0624,44.4796],[18.0678,44.4789],[18.0691,44.4741],[18.0686,44.4707],[18.0662,44.4676],[18.0647,44.4599],[18.061,44.457],[18.0566,44.446],[18.0533,44.4439],[18.0491,44.4437],[18.0447,44.4417],[18.0387,44.4362],[18.035,44.4297],[18.0314,44.4273],[18.0228,44.4247],[18.0136,44.4246],[18.0049,44.4225],[17.9969,44.4179],[17.9964,44.4127],[18.0053,44.4055],[18.0047,44.4016],[18.001,44.4],[17.9951,44.4005],[17.9888,44.3982],[17.9835,44.3876],[17.9856,44.3832],[17.9996,44.3743],[18.0036,44.3682],[18.0006,44.3605],[17.994,44.3577],[17.9886,44.3536],[17.9865,44.3503],[17.9801,44.3482],[17.9734,44.3486],[17.9618,44.3532],[17.957,44.3564],[17.9451,44.3567],[17.925,44.3528],[17.9219,44.3476],[17.9199,44.3376],[17.9072,44.3238],[17.9022,44.3172],[17.9004,44.3124],[17.9034,44.3078],[17.9087,44.3076],[17.9104,44.3062],[17.9093,44.3007],[17.9159,44.2978],[17.9195,44.2936],[17.918,44.2836],[17.914,44.2819],[17.9096,44.2846],[17.9098,44.2935],[17.9064,44.2941],[17.9035,44.2919],[17.9012,44.2938],[17.8964,44.2932],[17.8867,44.2861],[17.8809,44.2789],[17.8796,44.2666],[17.8774,44.2618],[17.88,44.2575],[17.8849,44.2547],[17.8918,44.255],[17.8945,44.2538],[17.8967,44.2499],[17.8968,44.2441],[17.89,44.2371],[17.8885,44.2313]]]},"properties":{"kind":"roman-road","source":"itinere-roads"}},{"type":"Feature","geometry":{"type":"MultiLineString","coordinates":[[[17.1969,44.7742],[17.2076,44.7748],[17.209,44.7722],[17.2178,44.7732],[17.2215,44.7761],[17.228,44.7764],[17.2358,44.7744],[17.2417,44.7705],[17.2448,44.766],[17.2514,44.7623],[17.2539,44.7541],[17.2601,44.7515],[17.2632,44.7525],[17.2678,44.7511],[17.2766,44.7455],[17.2797,44.7398],[17.2872,44.7374],[17.2936,44.7322],[17.2961,44.7284],[17.2956,44.7247],[17.3,44.7234],[17.3053,44.7299],[17.3132,44.7307],[17.3179,44.7264],[17.3295,44.7213],[17.3339,44.7161],[17.3345,44.7136],[17.3325,44.7114],[17.3334,44.7034],[17.3289,44.6987],[17.333,44.6962],[17.3492,44.6916],[17.3513,44.6859],[17.35,44.6824],[17.3431,44.6809],[17.337,44.6825],[17.3344,44.6848],[17.3314,44.6832],[17.3344,44.6789],[17.3359,44.6729],[17.3403,44.6686],[17.348,44.6648],[17.3555,44.6591],[17.3649,44.6399],[17.3682,44.636],[17.3685,44.6322],[17.3714,44.6257],[17.3701,44.62],[17.3718,44.6155],[17.3786,44.6125],[17.3822,44.6077],[17.3919,44.6033],[17.3926,44.6014],[17.389,44.5978],[17.3939,44.5942],[17.4072,44.5904],[17.4143,44.5922],[17.4231,44.5878],[17.4302,44.5865],[17.4371,44.5884],[17.4429,44.587],[17.451,44.5804],[17.4499,44.5785],[17.4526,44.5734],[17.458,44.5714],[17.4679,44.5715],[17.4713,44.5644],[17.4807,44.5589]]]},"properties":{"kind":"roman-road","source":"itinere-roads"}},{"type":"Feature","geometry":{"type":"MultiLineString","coordinates":[[[17.4807,44.5589],[17.4911,44.5646],[17.4959,44.5629],[17.5069,44.5666],[17.5257,44.5666],[17.5413,44.5652],[17.5548,44.5555],[17.5573,44.5576],[17.5577,44.5631],[17.5554,44.5685],[17.5654,44.5767],[17.5666,44.5808],[17.5716,44.5878],[17.5812,44.5904],[17.5816,44.5919],[17.594,44.5926],[17.5951,44.5955],[17.5941,44.5989],[17.6027,44.5987],[17.6076,44.601],[17.6112,44.6012],[17.6132,44.6036],[17.6126,44.6061],[17.6163,44.607],[17.6217,44.6131],[17.6272,44.6165],[17.6439,44.6166],[17.6519,44.6209],[17.658,44.6222],[17.6657,44.621],[17.6689,44.618],[17.6739,44.6167],[17.6861,44.6105],[17.7039,44.6097],[17.714,44.6029],[17.724,44.5991],[17.7562,44.5916],[17.77,44.5859],[17.7785,44.5857],[17.7962,44.5917],[17.8049,44.5965],[17.8122,44.5965],[17.8158,44.5978],[17.8205,44.5972],[17.838,44.6038],[17.8475,44.6153],[17.8525,44.618],[17.8549,44.622],[17.8545,44.6245],[17.8646,44.6353],[17.8744,44.6353],[17.8803,44.6376],[17.8837,44.6422],[17.8909,44.6446],[17.894,44.6437],[17.9006,44.6449],[17.9082,44.6434],[17.9172,44.6444],[17.9219,44.6461],[17.9285,44.6462],[17.9363,44.6502],[17.9595,44.6546]]]},"properties":{"kind":"roman-road","source":"itinere-roads"}},{"type":"Feature","geometry":{"type":"MultiLineString","coordinates":[[[17.9595,44.6546],[17.9573,44.6548],[17.9493,44.6636],[17.9282,44.6706],[17.925,44.6756],[17.925,44.6816],[17.9201,44.6839],[17.8992,44.6835],[17.8953,44.682],[17.8896,44.6887],[17.8819,44.6914],[17.8724,44.6997],[17.8669,44.7022],[17.8642,44.7079],[17.8594,44.7101],[17.8559,44.715],[17.8525,44.7167],[17.8518,44.7189],[17.8452,44.725],[17.8415,44.7257],[17.8406,44.7299],[17.8293,44.7336],[17.8239,44.7322],[17.8183,44.7342],[17.8063,44.7339],[17.802,44.7378],[17.7974,44.7396],[17.7893,44.7464],[17.7978,44.7546],[17.7696,44.7704],[17.7611,44.7721],[17.7568,44.7751],[17.7526,44.7755],[17.7469,44.7785],[17.747,44.7812],[17.7443,44.7842],[17.7377,44.7883],[17.7394,44.7949],[17.7322,44.798],[17.727,44.8044],[17.7215,44.8067],[17.7192,44.8097],[17.72,44.8127],[17.708,44.8274],[17.7053,44.83],[17.6987,44.8329],[17.6989,44.838],[17.6921,44.8439],[17.6931,44.8507],[17.6873,44.8569],[17.6841,44.8572],[17.6761,44.8617],[17.6657,44.8722],[17.6653,44.8746],[17.6705,44.8827],[17.6778,44.8861],[17.6797,44.8858],[17.6816,44.8895],[17.6883,44.889],[17.6886,44.8916],[17.6922,44.8947],[17.698,44.8954],[17.7053,44.9008],[17.7091,44.9058],[17.7091,44.9127],[17.706,44.9153],[17.7071,44.9209],[17.7045,44.9253],[17.7108,44.9471],[17.7227,44.9508],[17.7317,44.9504],[17.7342,44.9529],[17.7336,44.955],[17.7354,44.9639],[17.7445,44.975],[17.7481,44.9764],[17.7481,44.9807],[17.7426,44.9834],[17.7376,44.9833],[17.7301,44.9929],[17.7207,44.9981],[17.7175,45.0137],[17.719,45.0177],[17.7234,45.022],[17.7229,45.0235],[17.73,45.0266],[17.7294,45.0278],[17.737,45.0347],[17.7374,45.0467],[17.7358,45.0527],[17.7335,45.0554],[17.7365,45.0604],[17.7339,45.061],[17.7391,45.0663],[17.7477,45.0685],[17.7426,45.0724],[17.7436,45.08],[17.7426,45.0832],[17.7444,45.0859],[17.739,45.0879],[17.7328,45.093],[17.7214,45.0992],[17.7115,45.1089],[17.7041,45.1126],[17.7007,45.1124],[17.6914,45.1158],[17.6848,45.1201],[17.6794,45.1263],[17.6706,45.1311]]]},"properties":{"kind":"roman-road","source":"itinere-roads"}},{"type":"Feature","geometry":{"type":"MultiLineString","coordinates":[[[17.5892,44.2437],[17.5773,44.2412],[17.5649,44.2346],[17.56,44.2302],[17.5479,44.2239],[17.5411,44.2176],[17.5343,44.2157],[17.5254,44.2105],[17.5028,44.2051],[17.4961,44.2008],[17.4945,44.2025],[17.4873,44.2043],[17.4872,44.2058],[17.4813,44.2099],[17.4796,44.2128],[17.4736,44.2115],[17.4734,44.209],[17.4667,44.2103],[17.4389,44.2019],[17.4197,44.1937],[17.4118,44.1817],[17.4058,44.1751],[17.4098,44.1648],[17.4127,44.1609],[17.4125,44.1585],[17.4053,44.1551],[17.4003,44.1467],[17.3966,44.1438],[17.3938,44.1452],[17.3917,44.141],[17.3959,44.1305],[17.4018,44.1289],[17.4103,44.1219],[17.4208,44.1169],[17.4211,44.1141],[17.4271,44.1106],[17.4301,44.1104],[17.4331,44.1065],[17.4377,44.0958],[17.4446,44.0909],[17.446,44.0828],[17.4487,44.0765],[17.4487,44.0693],[17.4509,44.0652],[17.4548,44.0636],[17.4571,44.0598],[17.4569,44.0563]]]},"properties":{"kind":"roman-road","source":"itinere-roads"}},{"type":"Feature","geometry":{"type":"MultiLineString","coordinates":[[[17.5855,43.9392],[17.586,43.9422],[17.5819,43.9441],[17.5871,43.9474],[17.5853,43.9519],[17.5889,43.9616],[17.595,43.9637],[17.6027,43.9766],[17.6044,43.9818],[17.6067,43.9838],[17.6131,43.9856],[17.6148,43.991],[17.6165,43.9918],[17.6169,43.9978],[17.6198,43.9999],[17.622,44.0077],[17.6293,44.0092],[17.6304,44.0112],[17.6347,44.0132],[17.6401,44.013],[17.6428,44.0149],[17.6521,44.0152],[17.6559,44.018],[17.6627,44.0195],[17.6652,44.0239],[17.6606,44.0357],[17.6618,44.0386],[17.6671,44.0416],[17.6644,44.0451],[17.6581,44.0474],[17.6521,44.0528],[17.6555,44.0569],[17.6557,44.0613],[17.6597,44.06],[17.6636,44.0623],[17.6648,44.0646],[17.6617,44.0659],[17.6627,44.0707],[17.6575,44.0696],[17.6483,44.0811],[17.6513,44.0865],[17.6506,44.0902],[17.6521,44.093],[17.6499,44.0976],[17.6514,44.0992],[17.6495,44.1025],[17.6503,44.1101],[17.6536,44.1112],[17.6565,44.1171],[17.655,44.1195],[17.6614,44.1314],[17.6598,44.1324],[17.6615,44.1359],[17.6609,44.14],[17.6686,44.1435],[17.6706,44.1482]]]},"properties":{"kind":"roman-road","source":"itinere-roads"}},{"type":"Feature","geometry":{"type":"MultiLineString","coordinates":[[[17.6706,44.1482],[17.6766,44.1468],[17.68,44.1475],[17.6816,44.1444],[17.6886,44.1489],[17.6883,44.1444],[17.6917,44.1461],[17.694,44.1491],[17.6971,44.1494],[17.6965,44.1463],[17.6999,44.1434],[17.7013,44.1389],[17.7036,44.1385],[17.7169,44.1453],[17.7244,44.1431],[17.7325,44.1447],[17.739,44.1471],[17.7386,44.1511],[17.7324,44.158],[17.733,44.1612],[17.7398,44.1646],[17.7431,44.1677],[17.746,44.1681],[17.7497,44.1739]]]},"properties":{"kind":"roman-road","source":"itinere-roads"}},{"type":"Feature","geometry":{"type":"MultiLineString","coordinates":[[[17.6706,44.1482],[17.672,44.157],[17.6704,44.1594],[17.6714,44.162],[17.6696,44.1668],[17.6712,44.174],[17.6687,44.1801]]]},"properties":{"kind":"roman-road","source":"itinere-roads"}},{"type":"Feature","geometry":{"type":"MultiLineString","coordinates":[[[17.7586,44.2378],[17.762,44.2356],[17.7652,44.2362],[17.7677,44.24],[17.778,44.2411],[17.7798,44.2429],[17.7915,44.2431],[17.7967,44.2464],[17.8014,44.2466],[17.8031,44.2443],[17.8187,44.2387],[17.8218,44.2357],[17.8273,44.2332],[17.8309,44.2341],[17.8338,44.231],[17.8391,44.2292],[17.8529,44.2309],[17.86,44.2299],[17.8618,44.2343],[17.8708,44.2384],[17.8835,44.235],[17.8885,44.2313]]]},"properties":{"kind":"roman-road","source":"itinere-roads"}},{"type":"Feature","geometry":{"type":"MultiLineString","coordinates":[[[17.7586,44.2378],[17.7575,44.242],[17.7501,44.2547],[17.746,44.2584],[17.745,44.2615],[17.7416,44.2655],[17.7376,44.2678],[17.7361,44.271],[17.7306,44.2738],[17.7276,44.2739],[17.7203,44.2845],[17.7199,44.291],[17.7184,44.2927],[17.7218,44.3023],[17.7177,44.3065],[17.7156,44.3122],[17.7157,44.3177],[17.7182,44.3218],[17.7256,44.3242],[17.7295,44.3287],[17.7309,44.3347],[17.7285,44.3373],[17.7282,44.3419],[17.7205,44.3496],[17.715,44.3514],[17.7137,44.3538],[17.7092,44.3564],[17.7091,44.3582],[17.7036,44.3578],[17.6982,44.3623],[17.6826,44.371],[17.671,44.3734],[17.6673,44.3764],[17.6687,44.38],[17.6639,44.3792],[17.6605,44.381],[17.6522,44.3892],[17.6529,44.395],[17.6614,44.3954],[17.6596,44.4022],[17.6532,44.4024],[17.6374,44.407],[17.6366,44.4122],[17.6302,44.4162],[17.6175,44.4212],[17.6097,44.4155],[17.6046,44.4157],[17.6004,44.4183],[17.6041,44.4288],[17.6034,44.4322],[17.6061,44.4341],[17.6056,44.4383],[17.5978,44.4433],[17.5978,44.4451],[17.5941,44.4472],[17.592,44.4516],[17.5854,44.4572],[17.586,44.4595],[17.5728,44.4665],[17.5681,44.4674],[17.5651,44.4658],[17.5538,44.4658],[17.5518,44.4681],[17.5481,44.4692],[17.5462,44.4761],[17.5435,44.4805],[17.5444,44.4829],[17.5387,44.4821],[17.5348,44.486],[17.5313,44.4859],[17.5286,44.484],[17.5257,44.4843],[17.5253,44.4867],[17.5153,44.4925],[17.5131,44.4991],[17.5055,44.5046],[17.5032,44.5137],[17.4992,44.5142],[17.4959,44.5162],[17.4957,44.5187],[17.502,44.5212],[17.4988,44.5225],[17.4955,44.5208],[17.4911,44.5222],[17.494,44.5268],[17.4935,44.5285],[17.4877,44.5273],[17.4847,44.5303],[17.4839,44.5338],[17.4789,44.5342],[17.4756,44.5362],[17.4728,44.5417],[17.4782,44.5467],[17.4771,44.5531],[17.4807,44.5589]]]},"properties":{"kind":"roman-road","source":"itinere-roads"}},{"type":"Feature","geometry":{"type":"MultiLineString","coordinates":[[[17.0861,44.2792],[17.083,44.2819],[17.0777,44.2811],[17.0734,44.2769],[17.0579,44.2739],[17.0539,44.272],[17.0543,44.2695],[17.0473,44.2685],[17.0432,44.2697],[17.0416,44.2665],[17.0334,44.2714],[17.0324,44.275],[17.0292,44.2767],[17.0265,44.2813],[17.0194,44.285],[17.0169,44.2887],[17.0084,44.295],[17.0033,44.296],[17.0004,44.299],[16.9944,44.3008],[16.9919,44.3036],[16.9639,44.3124],[16.9554,44.3103],[16.9511,44.3113],[16.9462,44.3164],[16.9427,44.3174],[16.9404,44.3226],[16.936,44.3211],[16.9339,44.3231],[16.9289,44.3248],[16.9233,44.3249]]]},"properties":{"kind":"roman-road","source":"itinere-roads"}},{"type":"Feature","geometry":{"type":"MultiLineString","coordinates":[[[12.7696,46.8271],[12.7573,46.8281],[12.7538,46.8315],[12.7435,46.8356],[12.7268,46.8388],[12.7147,46.8458],[12.7018,46.8563],[12.69,46.8614],[12.684,46.8703],[12.6534,46.8876],[12.6483,46.895],[12.628,46.9052],[12.6046,46.921],[12.576,46.9337],[12.5693,46.9411],[12.5608,46.9543],[12.5523,46.9609],[12.5501,46.9681],[12.5515,46.972],[12.5501,46.9743],[12.5501,46.982],[12.5388,47.0005]]]},"properties":{"kind":"roman-road","source":"itinere-roads"}},{"type":"Feature","geometry":{"type":"MultiLineString","coordinates":[[[12.7696,46.8271],[12.7785,46.8317],[12.7982,46.8303],[12.8137,46.8266],[12.824,46.8272]]]},"properties":{"kind":"roman-road","source":"itinere-roads"}},{"type":"Feature","geometry":{"type":"MultiLineString","coordinates":[[[12.824,46.8272],[12.8312,46.8264],[12.8354,46.8243],[12.8423,46.8146],[12.8718,46.8024],[12.8761,46.7912],[12.8727,46.789],[12.8706,46.7896]]]},"properties":{"kind":"roman-road","source":"itinere-roads"}},{"type":"Feature","geometry":{"type":"MultiLineString","coordinates":[[[12.824,46.8272],[12.8252,46.8298],[12.8231,46.833],[12.837,46.8315],[12.8319,46.836],[12.8332,46.8388],[12.843,46.8335],[12.8445,46.8385],[12.8484,46.8397],[12.8524,46.8446],[12.8534,46.8491],[12.8613,46.8599],[12.8651,46.862],[12.87,46.8677],[12.8707,46.8647],[12.8746,46.8646],[12.8767,46.8704],[12.8796,46.8732],[12.8803,46.8786],[12.8827,46.8823],[12.8878,46.8834],[12.9014,46.8945],[12.9131,46.9131],[12.9105,46.9228],[12.9067,46.9266],[12.905,46.9336],[12.9005,46.9404],[12.8986,46.9478],[12.8992,46.9528],[12.895,46.9601],[12.8963,46.9635],[12.8958,46.9704],[12.8879,46.9782],[12.8781,46.9838],[12.8745,46.9899],[12.8765,46.9977],[12.8757,47.0016],[12.8682,47.0123],[12.8654,47.0194],[12.8619,47.0225],[12.8614,47.0302],[12.8546,47.0338],[12.8513,47.032],[12.8472,47.0382],[12.8653,47.0362],[12.8552,47.0434],[12.8521,47.0442],[12.8461,47.0494],[12.8413,47.0496],[12.8337,47.0541],[12.8344,47.0569],[12.8404,47.0634],[12.8388,47.0656],[12.84,47.0682],[12.8384,47.0715],[12.8397,47.0764],[12.8386,47.0778],[12.8424,47.0819],[12.8426,47.0846],[12.8377,47.0877],[12.8373,47.0918],[12.8336,47.0945],[12.8331,47.0975],[12.837,47.1009],[12.834,47.1086],[12.8308,47.1128],[12.8316,47.1165],[12.8257,47.1185],[12.8194,47.1247],[12.8117,47.1284],[12.8113,47.125],[12.8079,47.1253],[12.807,47.13],[12.8083,47.1376],[12.8142,47.1448],[12.8137,47.1481],[12.8155,47.151],[12.8113,47.1544],[12.8141,47.1558],[12.8133,47.1584],[12.8154,47.1627],[12.8137,47.1694]]]},"properties":{"kind":"roman-road","source":"itinere-roads"}},{"type":"Feature","geometry":{"type":"MultiLineString","coordinates":[[[18.1142,43.258],[18.1165,43.2564],[18.1242,43.2548],[18.1336,43.2566],[18.1377,43.2562],[18.1519,43.2596],[18.1555,43.2617],[18.1596,43.2611],[18.1678,43.2634],[18.1928,43.2728],[18.1945,43.2768],[18.2072,43.2814],[18.2099,43.2877],[18.2135,43.2903],[18.2207,43.2906],[18.2296,43.286],[18.2362,43.2862],[18.2381,43.2873],[18.2433,43.2866],[18.25,43.2902],[18.2561,43.2893],[18.2586,43.2848],[18.2691,43.2787],[18.2714,43.2747],[18.2709,43.2728],[18.2768,43.2701],[18.2782,43.2643],[18.2892,43.2598],[18.2925,43.2608],[18.2978,43.2584],[18.2969,43.2553],[18.3008,43.2555],[18.3022,43.249],[18.3057,43.2451],[18.3129,43.2478],[18.3193,43.2475],[18.3204,43.2444],[18.3234,43.2427],[18.3371,43.2403],[18.3395,43.2417],[18.3399,43.248],[18.3368,43.2498],[18.338,43.2528],[18.347,43.2562],[18.3508,43.2595],[18.3573,43.2605],[18.362,43.2581],[18.3622,43.2555],[18.3689,43.2538],[18.3725,43.2508],[18.3816,43.2478],[18.3828,43.2393],[18.3883,43.2405],[18.3944,43.2356],[18.3977,43.2364],[18.4003,43.2343],[18.4005,43.2312],[18.4095,43.2262],[18.4136,43.2262],[18.412,43.2207],[18.4135,43.2183],[18.4192,43.2157],[18.419,43.2096],[18.4305,43.2052],[18.4343,43.2067],[18.4386,43.2059],[18.4438,43.2027],[18.4474,43.2031],[18.4506,43.2009],[18.4479,43.1973],[18.4507,43.1966],[18.4513,43.1941],[18.4551,43.1928],[18.4607,43.1962],[18.4668,43.196],[18.475,43.1909],[18.479,43.1904],[18.4835,43.188],[18.4921,43.1794],[18.5002,43.179],[18.5063,43.1768],[18.5182,43.1751],[18.5259,43.1687],[18.5355,43.1663],[18.5516,43.1558],[18.5621,43.1451],[18.5709,43.1387],[18.5744,43.1376]]]},"properties":{"kind":"roman-road","source":"itinere-roads"}},{"type":"Feature","geometry":{"type":"MultiLineString","coordinates":[[[17.3524,43.8276],[17.3711,43.8313],[17.396,43.8239],[17.4002,43.8258],[17.4026,43.8254],[17.4074,43.8205],[17.4102,43.8194],[17.4147,43.8211],[17.4401,43.8183],[17.443,43.8165],[17.4458,43.819],[17.4507,43.8207],[17.4652,43.8185],[17.4741,43.82],[17.4754,43.8233],[17.4817,43.8245],[17.4892,43.8289],[17.5054,43.8288],[17.5093,43.831],[17.5121,43.8287],[17.5187,43.8292],[17.5219,43.8348],[17.5376,43.8364],[17.5401,43.8384],[17.5449,43.8369],[17.5547,43.84],[17.5563,43.8382],[17.5682,43.8366],[17.5861,43.8385],[17.5907,43.8378],[17.5924,43.8425],[17.5945,43.8443],[17.592,43.8468],[17.5914,43.8573],[17.597,43.8656],[17.5963,43.869],[17.5935,43.8719],[17.5911,43.8801],[17.5936,43.8897],[17.6016,43.8976],[17.6076,43.9097],[17.6025,43.913],[17.6053,43.9235],[17.6035,43.9285],[17.5918,43.9373],[17.5855,43.9392]]]},"properties":{"kind":"roman-road","source":"itinere-roads"}},{"type":"Feature","geometry":{"type":"MultiLineString","coordinates":[[[17.3078,43.877],[17.3249,43.8803],[17.3482,43.8804],[17.3616,43.8752],[17.3775,43.8636],[17.3902,43.8602],[17.3936,43.8616],[17.4018,43.8687],[17.401,43.8748],[17.4084,43.8827],[17.4126,43.8851],[17.4364,43.8873],[17.446,43.895],[17.4539,43.8969],[17.4566,43.8904],[17.4686,43.8903],[17.4742,43.8934],[17.4764,43.8919],[17.4823,43.8939],[17.4706,43.8997],[17.4778,43.9036],[17.4893,43.9015],[17.501,43.9014],[17.5092,43.9061],[17.5161,43.9071],[17.5231,43.9099],[17.5403,43.9258],[17.5431,43.9314],[17.5417,43.9387],[17.5482,43.9432],[17.55,43.9426],[17.5535,43.9467]]]},"properties":{"kind":"roman-road","source":"itinere-roads"}},{"type":"Feature","geometry":{"type":"MultiLineString","coordinates":[[[17.3078,43.877],[17.3145,43.8617],[17.3294,43.8578],[17.3418,43.8496],[17.3518,43.8464],[17.3574,43.8426],[17.353,43.8387],[17.3548,43.8375],[17.347,43.8357],[17.3524,43.8276]]]},"properties":{"kind":"roman-road","source":"itinere-roads"}},{"type":"Feature","geometry":{"type":"MultiLineString","coordinates":[[[17.5691,43.1937],[17.5757,43.1915],[17.5774,43.1887],[17.5854,43.1828],[17.5964,43.18],[17.6033,43.1745],[17.623,43.1678],[17.6236,43.1662],[17.6394,43.1597],[17.6417,43.1554],[17.6491,43.1502],[17.6511,43.1462],[17.6659,43.1408],[17.674,43.1354],[17.6772,43.1288],[17.6846,43.1219],[17.7024,43.115],[17.6991,43.1098],[17.7065,43.1091]]]},"properties":{"kind":"roman-road","source":"itinere-roads"}},{"type":"Feature","geometry":{"type":"MultiLineString","coordinates":[[[17.6695,43.2078],[17.6729,43.21],[17.6767,43.2106],[17.6807,43.2165],[17.6891,43.2192],[17.6936,43.2265],[17.7024,43.2298],[17.705,43.2347],[17.7042,43.2372],[17.7088,43.2435],[17.7094,43.2477],[17.7134,43.2505],[17.7137,43.2571],[17.7208,43.2628],[17.7222,43.2657],[17.7344,43.277],[17.7418,43.2788],[17.7429,43.2821],[17.7466,43.2808],[17.7548,43.2875],[17.7598,43.289],[17.7623,43.2938],[17.7653,43.2965],[17.7679,43.3048],[17.772,43.3061],[17.7741,43.313],[17.7823,43.3185],[17.7869,43.3171],[17.7877,43.3217],[17.7929,43.3197],[17.7935,43.3237],[17.798,43.3266],[17.7955,43.3312],[17.7966,43.338]]]},"properties":{"kind":"roman-road","source":"itinere-roads"}},{"type":"Feature","geometry":{"type":"MultiLineString","coordinates":[[[17.6695,43.2078],[17.6699,43.2178],[17.6656,43.2219],[17.6635,43.2265],[17.6653,43.2319],[17.6612,43.234],[17.6563,43.2416],[17.6574,43.2425],[17.6541,43.2467],[17.6504,43.2481],[17.6472,43.2473],[17.6343,43.2545],[17.6317,43.2574],[17.6038,43.269],[17.6038,43.272],[17.599,43.2813],[17.5866,43.2937],[17.5851,43.2992],[17.5806,43.3028],[17.5798,43.307],[17.5773,43.3089],[17.578,43.3137],[17.5803,43.3154],[17.5745,43.3228],[17.5688,43.3279],[17.5635,43.3303],[17.5594,43.3366],[17.5465,43.3356],[17.5413,43.3372],[17.5372,43.342],[17.5306,43.3439],[17.5258,43.3468],[17.5256,43.3486],[17.5161,43.3568],[17.5188,43.3608],[17.5168,43.3645],[17.5111,43.3687],[17.5102,43.3753],[17.5143,43.3791],[17.5149,43.3818],[17.4895,43.3876],[17.4821,43.3918],[17.4789,43.3909],[17.47,43.3948],[17.4519,43.4001],[17.4389,43.4064],[17.4202,43.4197],[17.413,43.4162],[17.4105,43.43],[17.4127,43.4328],[17.4099,43.4372],[17.4061,43.4393],[17.407,43.4444],[17.4005,43.444],[17.3967,43.4456],[17.3938,43.4487],[17.3705,43.4547],[17.3616,43.4576],[17.3565,43.461],[17.3501,43.4614],[17.3441,43.4644],[17.3343,43.463],[17.3234,43.4644],[17.3133,43.4694],[17.3127,43.4731],[17.3077,43.4787],[17.3027,43.4813]]]},"properties":{"kind":"roman-road","source":"itinere-roads"}},{"type":"Feature","geometry":{"type":"MultiLineString","coordinates":[[[17.2359,43.7624],[17.2473,43.7554],[17.2533,43.7533],[17.2609,43.7478],[17.2651,43.7421],[17.2653,43.738],[17.2714,43.7292],[17.2745,43.7176],[17.2804,43.7043],[17.2828,43.7014],[17.3153,43.675],[17.3272,43.6686],[17.3357,43.662],[17.3433,43.6542],[17.3361,43.6497],[17.3348,43.6472],[17.3313,43.6463],[17.3221,43.6521],[17.317,43.6538],[17.3054,43.6549],[17.3047,43.6526],[17.3078,43.6464],[17.3066,43.6265],[17.3038,43.6208],[17.3024,43.6059],[17.3049,43.5989],[17.3152,43.594],[17.3165,43.5921],[17.311,43.5889],[17.2996,43.5871],[17.2943,43.5846],[17.2876,43.5846],[17.2848,43.5772],[17.285,43.5715],[17.2865,43.5684],[17.2769,43.5535],[17.2797,43.5449],[17.2814,43.543],[17.2825,43.5293],[17.2678,43.5179],[17.2676,43.5144],[17.27,43.5104],[17.2743,43.5059],[17.2832,43.5042],[17.2867,43.497],[17.2906,43.4946],[17.2985,43.4843],[17.3027,43.4813]]]},"properties":{"kind":"roman-road","source":"itinere-roads"}},{"type":"Feature","geometry":{"type":"MultiLineString","coordinates":[[[17.0682,43.6346],[17.0801,43.6254],[17.0777,43.6203],[17.079,43.6174],[17.0574,43.6113],[17.0582,43.6019],[17.0565,43.5987],[17.0555,43.591],[17.0537,43.59],[17.0571,43.5866],[17.0654,43.5843],[17.0623,43.5818],[17.0619,43.5783],[17.0639,43.5766],[17.0593,43.5744],[17.0587,43.5686],[17.0532,43.5646],[17.0521,43.5621],[17.0384,43.5549],[17.0392,43.5528],[17.0364,43.5506],[17.0319,43.5426],[17.0366,43.54],[17.0374,43.5349],[17.0304,43.5308],[17.0294,43.5285],[17.0203,43.5211],[17.0085,43.5152],[17.0024,43.4908],[17.003,43.4873],[17.0001,43.4864]]]},"properties":{"kind":"roman-road","source":"itinere-roads"}},{"type":"Feature","geometry":{"type":"MultiLineString","coordinates":[[[16.3798,44.1635],[16.3938,44.1582],[16.4073,44.1576],[16.4217,44.1595],[16.4334,44.1556],[16.4416,44.1496],[16.4448,44.1499],[16.4567,44.1468],[16.4638,44.1438],[16.4727,44.1388],[16.4764,44.1353],[16.4766,44.1333],[16.4978,44.1289],[16.5069,44.1321],[16.53,44.1228],[16.5365,44.1188],[16.5378,44.1157],[16.5448,44.1104],[16.5475,44.1099],[16.5556,44.0961],[16.5633,44.0918],[16.5681,44.0863],[16.5711,44.0791],[16.5715,44.0747],[16.5758,44.0715],[16.5837,44.0601],[16.5893,44.0447],[16.5949,44.0369],[16.5971,44.027],[16.6033,44.0129],[16.6054,44.0042],[16.6218,43.9895],[16.6287,43.9876],[16.6405,43.9817],[16.6441,43.9713],[16.6633,43.9446],[16.6695,43.9419],[16.6866,43.9217],[16.7,43.909],[16.7033,43.9038],[16.7112,43.8985],[16.7066,43.8951],[16.7071,43.8935],[16.7143,43.8906],[16.7213,43.8912],[16.7282,43.8888],[16.7329,43.8889],[16.7623,43.8806],[16.7703,43.8756],[16.7775,43.8756]]]},"properties":{"kind":"roman-road","source":"itinere-roads"}},{"type":"Feature","geometry":{"type":"MultiLineString","coordinates":[[[16.3641,44.5451],[16.3379,44.552],[16.3207,44.5586],[16.3132,44.5589],[16.2938,44.5668],[16.2793,44.5794],[16.2759,44.5856],[16.2697,44.5919],[16.2619,44.5977],[16.2506,44.6023],[16.2382,44.6113],[16.2261,44.6176],[16.2174,44.6239],[16.2143,44.6287],[16.2033,44.6348],[16.1785,44.6358],[16.1738,44.6377],[16.1511,44.6603],[16.1396,44.665],[16.135,44.6686],[16.128,44.6699],[16.114,44.6684],[16.1027,44.6712],[16.0926,44.6697],[16.0869,44.6705],[16.0797,44.6748],[16.0697,44.692],[16.0549,44.7039],[16.0445,44.7081],[16.0416,44.7116],[16.0403,44.7167],[16.0169,44.7232],[15.9999,44.7334],[15.9941,44.7344],[15.9851,44.7381],[15.9828,44.7401],[15.986,44.7463],[15.9843,44.7481],[15.9795,44.7476],[15.9792,44.7503],[15.9627,44.7551],[15.9576,44.7602],[15.9419,44.7814],[15.9325,44.7862]]]},"properties":{"kind":"roman-road","source":"itinere-roads"}},{"type":"Feature","geometry":{"type":"MultiLineString","coordinates":[[[15.8771,44.8145],[15.8818,44.8168],[15.8822,44.8556],[15.8856,44.8624],[15.8893,44.8664],[15.8895,44.875],[15.8958,44.8809],[15.9116,44.8841],[15.9457,44.9025],[15.9601,44.9061],[15.9658,44.91],[15.9792,44.9084],[15.99,44.9102],[15.9915,44.9088],[15.9903,44.9054],[15.9916,44.9035],[16.0033,44.9002],[16.0102,44.9037],[16.0158,44.9024],[16.0195,44.9037],[16.0281,44.9036],[16.0455,44.8964],[16.0483,44.8926],[16.0595,44.8846],[16.0701,44.8792],[16.079,44.8723],[16.0857,44.871],[16.0899,44.8658],[16.0928,44.8647],[16.0966,44.8684],[16.1058,44.8696],[16.1187,44.8765],[16.1398,44.8789],[16.1436,44.881],[16.1527,44.8799]]]},"properties":{"kind":"roman-road","source":"itinere-roads"}},{"type":"Feature","geometry":{"type":"MultiLineString","coordinates":[[[16.3819,45.0497],[16.3808,45.0478],[16.3756,45.0457],[16.3676,45.0398],[16.3603,45.0303],[16.3618,45.0289],[16.3605,45.0236],[16.3615,45.0156],[16.3607,45.0118],[16.3542,45.0006],[16.3471,44.999],[16.3194,45.0001],[16.3129,44.9977],[16.2839,44.9946],[16.2716,44.9884],[16.2466,44.9824],[16.2135,44.9845],[16.2062,44.9812],[16.1911,44.9807],[16.1858,44.9789],[16.1832,44.9765],[16.1834,44.9727],[16.1874,44.9691],[16.1876,44.9655],[16.1855,44.9616],[16.1823,44.9588],[16.1775,44.9585],[16.1745,44.9563],[16.1723,44.9517],[16.1684,44.9501],[16.1676,44.9445],[16.1618,44.9406],[16.1565,44.9275],[16.1539,44.9256],[16.1481,44.925],[16.1462,44.9232],[16.146,44.9193],[16.1483,44.9169],[16.1564,44.9128],[16.1581,44.9092],[16.1625,44.9064],[16.1636,44.9032],[16.1554,44.8963],[16.1538,44.8924],[16.1545,44.8888],[16.1508,44.8863],[16.1543,44.8833],[16.1527,44.8799]]]},"properties":{"kind":"roman-road","source":"itinere-roads"}},{"type":"Feature","geometry":{"type":"MultiLineString","coordinates":[[[16.1527,44.8799],[16.1565,44.8785],[16.156,44.8741],[16.1573,44.8699],[16.1528,44.864],[16.152,44.8583],[16.1487,44.856],[16.1492,44.8544],[16.1588,44.8455],[16.159,44.8412],[16.1655,44.8356],[16.1653,44.8326],[16.1774,44.8283],[16.1746,44.8228],[16.1759,44.8194],[16.1728,44.816],[16.1755,44.8133],[16.1742,44.8079],[16.1792,44.8079],[16.1789,44.8047],[16.1766,44.8014],[16.18,44.7993],[16.1812,44.7899],[16.1872,44.7868],[16.1885,44.7846],[16.1947,44.7827],[16.1967,44.7805],[16.2016,44.7786],[16.205,44.7725],[16.2135,44.7649],[16.2157,44.7678],[16.2207,44.7664],[16.2241,44.763],[16.226,44.7568],[16.2256,44.7515],[16.2305,44.7468],[16.2358,44.746],[16.2403,44.7429],[16.2393,44.7404],[16.2413,44.7337],[16.2405,44.7274],[16.2336,44.7235],[16.2325,44.7209],[16.2331,44.7145],[16.2356,44.7099],[16.2341,44.707],[16.2292,44.7034],[16.2292,44.7019],[16.2228,44.6983],[16.2265,44.6918],[16.2326,44.6727],[16.2386,44.6628],[16.246,44.6531],[16.2533,44.6499],[16.2585,44.6438],[16.2743,44.634],[16.2789,44.6335],[16.2905,44.626],[16.2995,44.6224],[16.3013,44.6193],[16.3041,44.6183],[16.3054,44.6149],[16.3117,44.6094],[16.3113,44.6066],[16.3057,44.5981],[16.3092,44.5936],[16.3156,44.5923],[16.3201,44.5884],[16.3202,44.5863],[16.3277,44.5824],[16.349,44.5759],[16.3504,44.572],[16.355,44.5699],[16.3586,44.5698],[16.3674,44.5624],[16.368,44.5537],[16.3641,44.5451]]]},"properties":{"kind":"roman-road","source":"itinere-roads"}},{"type":"Feature","geometry":{"type":"MultiLineString","coordinates":[[[15.3756,45.3437],[15.3794,45.3466],[15.3831,45.3444],[15.3925,45.3463],[15.396,45.3446],[15.4012,45.3478],[15.406,45.3487],[15.4126,45.3456],[15.4152,45.3415],[15.4177,45.3402],[15.4201,45.3346],[15.4226,45.3331],[15.409,45.3255],[15.3998,45.3126],[15.4179,45.3042],[15.4195,45.299],[15.4187,45.2941],[15.4238,45.2948],[15.4326,45.2995],[15.4413,45.3018],[15.45,45.3006],[15.4531,45.2978],[15.4614,45.2959],[15.4663,45.2932],[15.4657,45.284],[15.467,45.2794],[15.4628,45.2698],[15.4688,45.2612],[15.4712,45.2598],[15.488,45.2589],[15.5027,45.2518],[15.5164,45.2479],[15.5204,45.2481],[15.5227,45.2457],[15.5135,45.2355],[15.5145,45.2298],[15.5129,45.2242],[15.51,45.2221],[15.5089,45.2183],[15.4977,45.214],[15.4957,45.2081],[15.4928,45.2076],[15.4942,45.2041],[15.4906,45.2004],[15.4825,45.1973],[15.4787,45.1944],[15.4755,45.1841],[15.4731,45.181],[15.4762,45.1747],[15.488,45.1666],[15.5035,45.1599],[15.5036,45.1554],[15.5086,45.1528],[15.5082,45.1507],[15.5116,45.1493],[15.5128,45.1466],[15.5291,45.1405],[15.5314,45.1375],[15.5382,45.1333],[15.5394,45.1311],[15.5462,45.1308],[15.5566,45.125],[15.562,45.1238],[15.5771,45.1153],[15.5853,45.1139],[15.5857,45.1077],[15.5934,45.0942],[15.5945,45.0855],[15.5923,45.0839],[15.5777,45.0826],[15.5757,45.0781],[15.5782,45.074],[15.5934,45.0708],[15.6059,45.0651],[15.6095,45.062],[15.617,45.0609],[15.6252,45.0553],[15.6258,45.051],[15.6308,45.0476],[15.6319,45.0421],[15.6377,45.0336],[15.6496,45.0213],[15.6521,45.0167],[15.6508,45.011],[15.6522,45.0035],[15.6503,44.9937],[15.6481,44.9919],[15.6485,44.9893],[15.646,44.9828],[15.6494,44.9778],[15.6473,44.9708],[15.6532,44.9681],[15.6534,44.965],[15.6598,44.9579],[15.6711,44.9544],[15.6739,44.9502],[15.6738,44.9481],[15.6785,44.9456],[15.6783,44.9422],[15.6804,44.9394],[15.6947,44.9343],[15.7021,44.9288],[15.7051,44.9208],[15.7084,44.9189],[15.7119,44.9199],[15.7188,44.9138],[15.7193,44.9071],[15.7242,44.9017],[15.7244,44.891],[15.7274,44.8851],[15.7251,44.882],[15.7273,44.8794],[15.7614,44.8767],[15.7776,44.8787],[15.7795,44.8754],[15.7823,44.8748],[15.7849,44.8689],[15.7936,44.8584],[15.804,44.8521],[15.8194,44.8482],[15.8227,44.8456],[15.828,44.8446],[15.8279,44.8417],[15.8311,44.8377],[15.8331,44.831],[15.8682,44.8171],[15.8678,44.8143],[15.871,44.8136]]]},"properties":{"kind":"roman-road","source":"itinere-roads"}},{"type":"Feature","geometry":{"type":"MultiLineString","coordinates":[[[14.3926,44.6928],[14.3951,44.6935],[14.399,44.6998],[14.4065,44.7066],[14.4095,44.7139],[14.4118,44.7161],[14.4125,44.7236],[14.419,44.7303],[14.4194,44.7428],[14.4273,44.7612],[14.4285,44.7666],[14.4253,44.7719],[14.4257,44.7739],[14.4227,44.7804],[14.4216,44.8043],[14.4158,44.8141],[14.4095,44.8111],[14.4079,44.8087],[14.4039,44.8129],[14.3985,44.8152],[14.3952,44.8197],[14.3907,44.8221],[14.3823,44.8232],[14.375,44.8265],[14.372,44.8255],[14.3695,44.8357],[14.3698,44.84],[14.3675,44.8431],[14.3656,44.8509],[14.36,44.8586],[14.3569,44.8747],[14.3551,44.8745],[14.3501,44.8796],[14.342,44.8792],[14.3391,44.8807],[14.3325,44.8872],[14.3325,44.8898],[14.3438,44.8938],[14.346,44.8977],[14.352,44.8995],[14.364,44.8976],[14.3694,44.8945],[14.3701,44.897],[14.3805,44.8949],[14.3823,44.8935],[14.4036,44.8988],[14.4069,44.8986],[14.4102,44.9012],[14.4137,44.9018],[14.4177,44.9115],[14.4176,44.9154],[14.4223,44.9228],[14.427,44.9199],[14.4287,44.9209],[14.4267,44.9307],[14.4231,44.9392],[14.4239,44.9454],[14.4166,44.9573],[14.4136,44.9598],[14.4124,44.9695],[14.4133,44.9724],[14.4069,44.9952],[14.4029,44.9974],[14.4039,45.0002],[14.4013,45.0036],[14.3971,45.0052],[14.3964,45.0082],[14.38,45.028],[14.3785,45.0324],[14.3694,45.0414],[14.3672,45.0451],[14.3667,45.0509],[14.3619,45.0539],[14.3631,45.0662],[14.3615,45.0729],[14.3565,45.0769],[14.3526,45.0859],[14.3495,45.0993],[14.3492,45.1094],[14.3517,45.1138],[14.3568,45.1113],[14.3568,45.1077]]]},"properties":{"kind":"roman-road","source":"itinere-roads"}},{"type":"Feature","geometry":{"type":"MultiLineString","coordinates":[[[15.3748,45.3483],[15.3729,45.3518],[15.3757,45.355],[15.3712,45.3581],[15.3708,45.3599],[15.3654,45.3647],[15.3622,45.3689],[15.3619,45.3729],[15.3567,45.3724],[15.3466,45.3792],[15.333,45.3857],[15.3227,45.3939],[15.3115,45.3957],[15.3019,45.3996],[15.3013,45.4014],[15.2899,45.405],[15.29,45.4075],[15.2862,45.4139],[15.2782,45.4193],[15.2756,45.4258],[15.2731,45.4267],[15.2703,45.4308],[15.2688,45.4357],[15.2622,45.4422]]]},"properties":{"kind":"roman-road","source":"itinere-roads"}},{"type":"Feature","geometry":{"type":"MultiLineString","coordinates":[[[15.2622,45.4422],[15.2616,45.4483],[15.2569,45.4522],[15.2524,45.4525],[15.2485,45.4566],[15.2551,45.4605]]]},"properties":{"kind":"roman-road","source":"itinere-roads"}},{"type":"Feature","geometry":{"type":"MultiLineString","coordinates":[[[15.2622,45.4422],[15.2892,45.4499],[15.3006,45.4509],[15.3024,45.4525],[15.3131,45.4486],[15.3251,45.447],[15.3437,45.4496],[15.3495,45.4566],[15.3558,45.4608],[15.3583,45.468],[15.3657,45.4739],[15.3772,45.478],[15.3857,45.4834],[15.3917,45.4845],[15.4004,45.4941],[15.4062,45.4962],[15.4064,45.5007],[15.4084,45.5044],[15.4116,45.5071],[15.4148,45.5078]]]},"properties":{"kind":"roman-road","source":"itinere-roads"}},{"type":"Feature","geometry":{"type":"MultiLineString","coordinates":[[[14.4576,45.3345],[14.4672,45.3365],[14.4649,45.3395],[14.4659,45.3416],[14.4647,45.3478],[14.4679,45.3504],[14.4763,45.3478],[14.4815,45.3486],[14.4855,45.351],[14.4855,45.3548],[14.4889,45.3579],[14.4888,45.364],[14.49,45.3659],[14.4878,45.3695],[14.4919,45.3713],[14.4917,45.3729],[14.4991,45.376],[14.5329,45.3766],[14.534,45.3802],[14.5311,45.3825],[14.5318,45.3845],[14.537,45.3857],[14.5404,45.3844],[14.5433,45.3801],[14.5452,45.3804],[14.5471,45.3874],[14.5548,45.3868],[14.5588,45.3833],[14.5643,45.3838],[14.5706,45.3821],[14.5777,45.376],[14.5877,45.3704],[14.592,45.3712],[14.5966,45.368],[14.5999,45.3676],[14.6024,45.3718],[14.6144,45.3688],[14.6178,45.3659],[14.625,45.3639],[14.6273,45.3675],[14.6308,45.3665],[14.6372,45.362],[14.6447,45.3626],[14.6429,45.3653],[14.6475,45.3664],[14.6483,45.3695],[14.6519,45.3709],[14.6521,45.3735],[14.6609,45.3694],[14.6646,45.3692],[14.667,45.3714],[14.6754,45.374],[14.6833,45.3787],[14.6848,45.3837],[14.6915,45.3855],[14.6924,45.3814],[14.7014,45.3799],[14.7047,45.377],[14.7065,45.3726],[14.7107,45.3679],[14.7154,45.3647],[14.7231,45.3643],[14.7248,45.3614],[14.7313,45.3613],[14.7321,45.3582],[14.7486,45.3571],[14.7518,45.3588],[14.7546,45.3629],[14.761,45.3583],[14.7635,45.3614],[14.7665,45.3621],[14.7714,45.3688],[14.7803,45.371],[14.7837,45.3741],[14.7889,45.3749],[14.7926,45.3801],[14.7926,45.3837],[14.7899,45.3847],[14.7893,45.3881],[14.7922,45.3913],[14.8054,45.3953],[14.8134,45.3995],[14.8196,45.3998],[14.8292,45.3949],[14.8336,45.3952],[14.8376,45.3921],[14.8397,45.395],[14.8457,45.3934],[14.8472,45.3911],[14.8458,45.3886],[14.8482,45.3857],[14.8523,45.3855],[14.855,45.3891],[14.8636,45.3868],[14.8713,45.3826],[14.878,45.3826],[14.8854,45.3867],[14.898,45.3867],[14.8984,45.3856],[14.9058,45.3831],[14.9085,45.3806],[14.9123,45.3811],[14.9165,45.3787],[14.9195,45.374],[14.934,45.373],[14.9425,45.3749],[14.9507,45.3746],[14.9679,45.3788],[14.9737,45.3761],[14.9775,45.3802],[14.9807,45.3798],[14.985,45.3769],[14.9914,45.3776],[14.996,45.3756],[15.008,45.3757],[15.0108,45.3774],[15.0147,45.3763],[15.0224,45.3771],[15.0248,45.3788],[15.0373,45.3775],[15.0463,45.3786],[15.0505,45.383],[15.0603,45.3829],[15.0686,45.3797],[15.0701,45.3776],[15.0694,45.3742],[15.0742,45.3752],[15.0763,45.3737],[15.0805,45.3764],[15.0856,45.3754],[15.0895,45.3787],[15.0938,45.3784],[15.0975,45.3799],[15.1052,45.3879],[15.1043,45.3899],[15.107,45.3953],[15.1081,45.4028],[15.1101,45.4071],[15.1151,45.4106],[15.1169,45.4145],[15.1166,45.4202],[15.13,45.4177],[15.1442,45.4168],[15.1579,45.4111],[15.1593,45.4135],[15.1683,45.4159],[15.1732,45.4203],[15.1819,45.4215],[15.1852,45.4205],[15.1901,45.4232],[15.1955,45.4233],[15.2048,45.4207],[15.2189,45.4222],[15.2264,45.4245],[15.2323,45.4282],[15.236,45.4288],[15.2487,45.435],[15.2563,45.4365],[15.2622,45.4422]]]},"properties":{"kind":"roman-road","source":"itinere-roads"}},{"type":"Feature","geometry":{"type":"MultiLineString","coordinates":[[[15.4148,45.5078],[15.4134,45.5138],[15.4072,45.5131],[15.4047,45.5146],[15.3989,45.5141],[15.3945,45.5177],[15.3936,45.5218],[15.3895,45.5243],[15.3907,45.5272],[15.3886,45.5336],[15.3797,45.5381],[15.374,45.5458],[15.3701,45.5495],[15.3645,45.5517],[15.3548,45.562],[15.3531,45.574],[15.347,45.579],[15.3449,45.5841],[15.3442,45.5909],[15.341,45.5941],[15.3408,45.5981],[15.332,45.6052],[15.3217,45.6211],[15.3203,45.6278],[15.3234,45.6324],[15.3205,45.6427],[15.3179,45.6458],[15.312,45.6491],[15.3028,45.651],[15.2897,45.6615],[15.2906,45.6654],[15.2889,45.6705],[15.2853,45.6733],[15.2842,45.6811],[15.2742,45.6858],[15.2736,45.6893],[15.2697,45.6894],[15.2675,45.6916],[15.2586,45.6913],[15.2601,45.6956],[15.2589,45.6979],[15.2525,45.7019],[15.2416,45.7057],[15.237,45.709],[15.2366,45.712],[15.2329,45.713],[15.2303,45.7163],[15.2306,45.7194],[15.2331,45.7223],[15.2338,45.7272],[15.2298,45.7286],[15.2291,45.7313],[15.2246,45.7328],[15.2243,45.7348],[15.2204,45.7374],[15.2225,45.7404],[15.2103,45.7434],[15.2079,45.7479],[15.2027,45.7499],[15.1984,45.7544],[15.2003,45.7574],[15.2003,45.7617],[15.1966,45.7631],[15.197,45.7664],[15.1929,45.7703],[15.1871,45.7723],[15.1876,45.7744],[15.1845,45.7771],[15.1792,45.7785],[15.1774,45.7811],[15.1799,45.784],[15.1785,45.7926],[15.1808,45.7957],[15.1799,45.7996],[15.1635,45.8014],[15.1627,45.8047],[15.1533,45.8144],[15.1565,45.8249],[15.1562,45.8371],[15.1589,45.8386],[15.1566,45.8408],[15.1577,45.8428]]]},"properties":{"kind":"roman-road","source":"itinere-roads"}},{"type":"Feature","geometry":{"type":"MultiLineString","coordinates":[[[14.2572,45.8344],[14.2592,45.8313],[14.2644,45.8287],[14.2671,45.8335],[14.2719,45.8363],[14.2784,45.8344],[14.2828,45.8269],[14.2913,45.8191],[14.3082,45.8141],[14.319,45.8131],[14.3271,45.8098],[14.3303,45.801],[14.3345,45.7981],[14.3421,45.7952],[14.3559,45.796],[14.366,45.793],[14.3695,45.789],[14.3822,45.7848],[14.3918,45.7797],[14.3993,45.778],[14.408,45.7739],[14.4132,45.7738],[14.4233,45.771],[14.4322,45.763],[14.4354,45.7643],[14.4446,45.762],[14.4537,45.7638],[14.464,45.76],[14.4696,45.7599],[14.4698,45.757],[14.4655,45.7518],[14.4689,45.7472],[14.4716,45.7459],[14.4742,45.734],[14.4771,45.7326],[14.4761,45.728],[14.4702,45.7272],[14.4673,45.7223],[14.4728,45.7107]]]},"properties":{"kind":"roman-road","source":"itinere-roads"}},{"type":"Feature","geometry":{"type":"MultiLineString","coordinates":[[[14.2986,45.9666],[14.3009,45.9658],[14.3029,45.9584],[14.3108,45.957],[14.3144,45.9593],[14.3181,45.9594],[14.3327,45.9484],[14.3701,45.9448],[14.3761,45.95],[14.3855,45.9539],[14.3904,45.9592],[14.3905,45.9616],[14.3962,45.9666],[14.4001,45.9653],[14.4037,45.9664],[14.4084,45.9659],[14.4162,45.9692],[14.4182,45.9725],[14.421,45.9735],[14.4348,45.971],[14.4427,45.9717],[14.4485,45.9756],[14.4555,45.9768],[14.4651,45.9759],[14.4687,45.9724],[14.4717,45.9665],[14.483,45.9689],[14.4894,45.9685],[14.493,45.9668],[14.4993,45.9666],[14.5179,45.9604],[14.523,45.9609],[14.5336,45.955]]]},"properties":{"kind":"roman-road","source":"itinere-roads"}},{"type":"Feature","geometry":{"type":"MultiLineString","coordinates":[[[14.5336,45.955],[14.5385,45.9537],[14.5391,45.956],[14.5476,45.9666],[14.5734,45.9798],[14.5754,45.9834]]]},"properties":{"kind":"roman-road","source":"itinere-roads"}},{"type":"Feature","geometry":{"type":"MultiLineString","coordinates":[[[14.5336,45.955],[14.5319,45.9519],[14.5322,45.9474],[14.5307,45.9444],[14.5346,45.9398],[14.5392,45.9309],[14.5382,45.9277],[14.5403,45.9255],[14.5401,45.9208],[14.5371,45.9183],[14.546,45.9105],[14.5472,45.9063],[14.5467,45.9018],[14.5522,45.893],[14.5514,45.8907],[14.554,45.8878],[14.5536,45.8853],[14.556,45.8814],[14.559,45.8667],[14.5622,45.8645],[14.5621,45.8558],[14.5661,45.8534],[14.5698,45.854],[14.5727,45.8491],[14.5609,45.847],[14.5488,45.8381],[14.5397,45.8391],[14.5351,45.8352],[14.5405,45.8292],[14.543,45.8236],[14.5531,45.8168],[14.5594,45.8192],[14.5625,45.8162],[14.5602,45.8147],[14.5615,45.8084],[14.5568,45.8072],[14.557,45.8024],[14.551,45.802],[14.5485,45.797],[14.5522,45.7933],[14.5455,45.7897],[14.5465,45.7876],[14.55,45.7874],[14.5567,45.7835],[14.554,45.7814],[14.5514,45.7762],[14.5334,45.7688],[14.5397,45.7584],[14.5436,45.7551],[14.5434,45.7515],[14.5474,45.7499],[14.5464,45.7411],[14.554,45.7334],[14.5432,45.7297],[14.5371,45.7242],[14.538,45.721],[14.5346,45.7199],[14.532,45.7155],[14.5266,45.7166],[14.5223,45.7151],[14.5143,45.7156],[14.509,45.7141],[14.5015,45.7161],[14.4933,45.7143],[14.4923,45.7126],[14.4783,45.7127],[14.4728,45.7107]]]},"properties":{"kind":"roman-road","source":"itinere-roads"}},{"type":"Feature","geometry":{"type":"MultiLineString","coordinates":[[[13.7343,46.1829],[13.7261,46.1809],[13.7235,46.1826],[13.7176,46.1836],[13.7126,46.1829],[13.7102,46.1773],[13.7076,46.1752],[13.7109,46.162],[13.7167,46.1561],[13.7155,46.1502],[13.7164,46.1456],[13.7148,46.1387],[13.7195,46.1367],[13.7119,46.1268],[13.7069,46.1272],[13.6988,46.1233],[13.6971,46.1166],[13.693,46.1141],[13.6863,46.1135],[13.6857,46.1113],[13.679,46.1079],[13.6591,46.1082],[13.65,46.101],[13.6422,46.0999],[13.6394,46.098],[13.6388,46.0942],[13.6341,46.0907],[13.631,46.0808],[13.6286,46.0788],[13.6268,46.0647],[13.613,46.0551],[13.5955,46.0509],[13.5911,46.0473],[13.5876,46.0412],[13.5881,46.0378],[13.5935,46.0351],[13.5944,46.0284],[13.6049,46.0245],[13.6063,46.0212],[13.6054,46.0175],[13.6105,46.0143],[13.6136,46.0094],[13.6186,46.0087],[13.6295,46.0026],[13.6314,45.9994],[13.6374,45.9962],[13.6437,45.9899],[13.6507,45.9866],[13.6541,45.9833],[13.6539,45.9815],[13.6449,45.9754],[13.6377,45.9743],[13.628,45.9756],[13.6245,45.9718],[13.6203,45.9705],[13.6164,45.9664],[13.613,45.9593],[13.6135,45.9569],[13.6072,45.9554],[13.599,45.9429],[13.5943,45.9392],[13.5932,45.936],[13.5725,45.9263],[13.5558,45.9109],[13.5561,45.9064]]]},"properties":{"kind":"roman-road","source":"itinere-roads"}},{"type":"Feature","geometry":{"type":"MultiLineString","coordinates":[[[14.5442,46.1049],[14.5526,46.101],[14.5626,46.0936],[14.577,46.0912],[14.5832,46.0916],[14.5849,46.0959],[14.5926,46.1051],[14.5922,46.1183],[14.5946,46.1222],[14.6065,46.1239],[14.6151,46.1229],[14.6095,46.1311],[14.6145,46.1346],[14.6289,46.1408],[14.6445,46.1517],[14.6532,46.1543],[14.6704,46.1554],[14.6934,46.1699],[14.7054,46.1728],[14.7171,46.1711],[14.7305,46.1716],[14.7371,46.17],[14.7465,46.1654],[14.76,46.1656],[14.7792,46.172],[14.7994,46.1734],[14.8082,46.1771],[14.8156,46.1779],[14.8257,46.177],[14.8294,46.1737],[14.8423,46.1756],[14.8476,46.1797],[14.8539,46.1812],[14.863,46.1869],[14.8651,46.187],[14.8704,46.1838],[14.8994,46.1916],[14.903,46.196],[14.8999,46.2052],[14.9019,46.2067],[14.9069,46.2069],[14.9324,46.2186],[14.9427,46.2218],[14.9431,46.2263],[14.9485,46.2393],[14.9503,46.2411],[14.9719,46.251],[14.9812,46.2491],[15.0108,46.2474],[15.0217,46.2483],[15.0551,46.2468],[15.0965,46.2552],[15.1043,46.2594],[15.111,46.2592],[15.1235,46.2559],[15.1764,46.2508],[15.2218,46.2411],[15.231,46.238],[15.2677,46.234]]]},"properties":{"kind":"roman-road","source":"itinere-roads"}},{"type":"Feature","geometry":{"type":"MultiLineString","coordinates":[[[14.5442,46.1049],[14.5467,46.109],[14.5481,46.1154],[14.5591,46.1283],[14.5665,46.1333],[14.5821,46.1367],[14.5938,46.1445],[14.5926,46.1595],[14.5943,46.1673],[14.5876,46.1919],[14.5913,46.1985],[14.576,46.2028],[14.573,46.1999],[14.5606,46.1969],[14.5472,46.1947],[14.5442,46.1953],[14.5426,46.2021],[14.5392,46.205],[14.539,46.2084],[14.5356,46.2093],[14.5292,46.2137],[14.5133,46.2162],[14.5071,46.2193],[14.5013,46.2184],[14.4959,46.2234],[14.4825,46.2299],[14.4668,46.2317],[14.4564,46.2363],[14.4465,46.235],[14.4185,46.2369],[14.4032,46.2406],[14.3736,46.2417],[14.3614,46.2476],[14.3548,46.2452],[14.3552,46.2432]]]},"properties":{"kind":"roman-road","source":"itinere-roads"}},{"type":"Feature","geometry":{"type":"MultiLineString","coordinates":[[[15.0247,45.9063],[15.0258,45.91],[15.0298,45.9142],[15.0284,45.9197],[15.0349,45.9225],[15.039,45.9276],[15.0393,45.9303],[15.054,45.9396],[15.0572,45.9427],[15.0609,45.9504],[15.0697,45.9579],[15.0797,45.9577],[15.0937,45.9622],[15.101,45.9602],[15.1116,45.9608],[15.1204,45.9579],[15.1278,45.9619],[15.1306,45.9656],[15.1452,45.9676],[15.1574,45.9662],[15.1618,45.9696],[15.1643,45.9669],[15.1883,45.9602],[15.1937,45.9608],[15.1976,45.9636],[15.1951,45.97],[15.1919,45.9742],[15.193,45.9774],[15.1912,45.9805],[15.1866,45.9841],[15.1859,45.9892],[15.1811,45.9933],[15.1808,45.9956],[15.1761,46.0027],[15.1739,46.0035],[15.1727,46.0077],[15.1688,46.0114],[15.1744,46.0151],[15.1791,46.0158],[15.1793,46.02],[15.1758,46.023],[15.1744,46.0294],[15.1758,46.0344],[15.1821,46.0363],[15.1966,46.0344],[15.202,46.0368],[15.1924,46.0477],[15.1917,46.0504],[15.2026,46.0607]]]},"properties":{"kind":"roman-road","source":"itinere-roads"}},{"type":"Feature","geometry":{"type":"MultiLineString","coordinates":[[[18.5364,45.1166],[18.5316,45.0923],[18.5255,45.0876],[18.5179,45.0867],[18.5127,45.0802],[18.5064,45.0764],[18.4985,45.0746],[18.495,45.0711],[18.4945,45.0681],[18.4976,45.0645],[18.4939,45.0562],[18.4879,45.0535],[18.4605,45.0509],[18.4533,45.0423],[18.4458,45.039],[18.4354,45.0312],[18.4093,45.0242],[18.4,45.0168],[18.3968,45.0085],[18.3935,45.006]]]},"properties":{"kind":"roman-road","source":"itinere-roads"}},{"type":"Feature","geometry":{"type":"MultiLineString","coordinates":[[[18.7431,44.9011],[18.7287,44.8921],[18.7092,44.8894],[18.7069,44.8875],[18.7036,44.8878],[18.7001,44.8841],[18.6907,44.8828],[18.676,44.8851],[18.6692,44.8814],[18.6562,44.8781],[18.6477,44.8723],[18.6421,44.8743],[18.6389,44.8734],[18.637,44.8693],[18.6288,44.8652],[18.6222,44.8637],[18.6196,44.8601],[18.6,44.8643],[18.6081,44.889],[18.5975,44.8881],[18.593,44.8914],[18.5892,44.8983],[18.5827,44.895],[18.5805,44.8987],[18.569,44.9027],[18.5595,44.909],[18.5514,44.9112],[18.535,44.9193],[18.5331,44.9227],[18.536,44.9241],[18.5371,44.9272],[18.5191,44.933],[18.511,44.9321],[18.5035,44.9336],[18.5003,44.9358],[18.498,44.9419],[18.4938,44.9444],[18.486,44.9529],[18.4863,44.9571],[18.4784,44.9626],[18.4762,44.9664],[18.4701,44.9645],[18.467,44.9598],[18.4587,44.962],[18.4457,44.9626],[18.4453,44.973],[18.432,44.9719],[18.425,44.9769],[18.412,44.9816],[18.406,44.986],[18.4089,44.9887],[18.3968,44.9969],[18.39,45.0031],[18.3935,45.006]]]},"properties":{"kind":"roman-road","source":"itinere-roads"}},{"type":"Feature","geometry":{"type":"MultiLineString","coordinates":[[[15.414,44.6051],[15.4309,44.6066],[15.4538,44.6141],[15.4564,44.6169],[15.4597,44.6164],[15.4733,44.6244],[15.4804,44.6243],[15.4864,44.6321],[15.4902,44.6399],[15.4932,44.6423],[15.4976,44.6431],[15.5009,44.647],[15.513,44.6477],[15.5181,44.6459],[15.5263,44.6471],[15.528,44.6493],[15.5451,44.658],[15.5456,44.6603],[15.5488,44.6624],[15.5548,44.6613],[15.5626,44.6662],[15.5729,44.6679],[15.5878,44.6659],[15.5968,44.6668],[15.6021,44.6625],[15.6057,44.6675],[15.6132,44.6635],[15.612,44.6708],[15.617,44.6687],[15.6199,44.6693],[15.6245,44.6741],[15.6353,44.6777],[15.6362,44.6798],[15.6415,44.682],[15.6449,44.6863],[15.6491,44.6871],[15.6515,44.6894],[15.6574,44.6913],[15.6628,44.6982],[15.6685,44.6988],[15.6779,44.7024],[15.6798,44.7055],[15.68,44.7097],[15.6833,44.7145],[15.6983,44.725],[15.6963,44.7318],[15.7001,44.7368],[15.7003,44.739],[15.7068,44.7391],[15.7047,44.7434],[15.7067,44.7437],[15.7197,44.7358],[15.7266,44.7345],[15.7315,44.7367],[15.733,44.7405],[15.7357,44.7419],[15.7406,44.7419],[15.7566,44.7343],[15.7643,44.738],[15.7658,44.7402],[15.7648,44.7433],[15.7684,44.7431],[15.7747,44.7379],[15.7948,44.7398],[15.7968,44.7388],[15.8098,44.739],[15.8129,44.7375],[15.8205,44.7376],[15.8249,44.7422],[15.8313,44.7345],[15.8351,44.7334],[15.8398,44.7361],[15.8513,44.737],[15.8541,44.7357],[15.8654,44.7362],[15.8667,44.739],[15.859,44.7477],[15.8581,44.7509],[15.8541,44.7525],[15.8541,44.7573],[15.8606,44.7607],[15.8749,44.7589],[15.88,44.7601],[15.8876,44.7639],[15.8905,44.7677],[15.8954,44.7698],[15.897,44.7735],[15.9013,44.7723],[15.9059,44.7739],[15.911,44.7718],[15.9179,44.7737],[15.9207,44.7807],[15.9232,44.7806],[15.9234,44.7853],[15.9325,44.7862]]]},"properties":{"kind":"roman-road","source":"itinere-roads"}},{"type":"Feature","geometry":{"type":"MultiLineString","coordinates":[[[13.0018,46.6628],[13.0059,46.6607],[13.0142,46.659],[13.016,46.6562],[13.0226,46.6546],[13.0329,46.6559],[13.0376,46.6551],[13.0484,46.6493],[13.0557,46.648],[13.0601,46.6482],[13.0725,46.6533],[13.0798,46.6518],[13.0832,46.6481],[13.0898,46.6452],[13.092,46.6485],[13.1033,46.6443],[13.12,46.6432],[13.1264,46.6386],[13.135,46.6389],[13.1481,46.6331],[13.1574,46.6321],[13.16,46.6331],[13.1607,46.6359],[13.167,46.6374],[13.1721,46.6347],[13.1773,46.635],[13.2014,46.6258],[13.2082,46.6246],[13.2196,46.6244],[13.2242,46.6269],[13.2358,46.6279],[13.2473,46.6238],[13.2666,46.6201],[13.2775,46.6143],[13.2867,46.6176],[13.2879,46.6228],[13.2942,46.6214],[13.318,46.6204],[13.3361,46.6153],[13.3536,46.6135],[13.3745,46.6124],[13.389,46.6156],[13.4049,46.6132],[13.4077,46.6092],[13.4131,46.6077],[13.4288,46.6062],[13.4352,46.6038],[13.443,46.604],[13.4446,46.6056],[13.4619,46.606],[13.4695,46.6091],[13.4728,46.6128],[13.4775,46.6153],[13.4884,46.6136],[13.5092,46.606],[13.5305,46.601],[13.5232,46.5956],[13.5279,46.5912],[13.5275,46.5889],[13.5605,46.5821],[13.5831,46.576],[13.6041,46.5752],[13.6079,46.5699],[13.6171,46.5645],[13.6326,46.5593],[13.6376,46.5557],[13.6452,46.5559],[13.658,46.5533],[13.6549,46.5451]]]},"properties":{"kind":"roman-road","source":"itinere-roads"}},{"type":"Feature","geometry":{"type":"MultiLineString","coordinates":[[[10.6362,47.115],[10.6388,47.1193],[10.6518,47.1203],[10.6526,47.1231],[10.6651,47.119],[10.6677,47.1196],[10.6692,47.123],[10.6757,47.1231],[10.6881,47.1297],[10.691,47.134],[10.7072,47.1396],[10.7072,47.1414],[10.7117,47.1437],[10.7178,47.1499],[10.7218,47.15],[10.726,47.1521],[10.7263,47.159],[10.7321,47.1737],[10.736,47.1755],[10.7523,47.1898],[10.7569,47.1976],[10.7571,47.2028],[10.7606,47.2044],[10.7618,47.207],[10.758,47.2123],[10.7539,47.2136],[10.7573,47.2178],[10.7558,47.2203],[10.7528,47.2194],[10.7506,47.2241],[10.7459,47.228],[10.744,47.235]]]},"properties":{"kind":"roman-road","source":"itinere-roads"}},{"type":"Feature","geometry":{"type":"MultiLineString","coordinates":[[[18.3935,45.006],[18.3898,45.0106],[18.3822,45.0111],[18.3745,45.0138],[18.3686,45.0118],[18.3653,45.0121],[18.365,45.0154],[18.3478,45.0151],[18.3283,45.0106],[18.3285,45.0141],[18.3232,45.015],[18.3226,45.0173],[18.3134,45.0257],[18.3111,45.031],[18.3062,45.0335],[18.2973,45.033],[18.2868,45.0514],[18.2838,45.0508],[18.2815,45.0479],[18.2753,45.0468],[18.2751,45.0497],[18.2709,45.0547],[18.2711,45.0567],[18.2667,45.0596],[18.2678,45.0609],[18.2634,45.067],[18.2557,45.0648],[18.2553,45.0604],[18.2432,45.0623],[18.2353,45.0609],[18.2282,45.0665],[18.226,45.0702],[18.2149,45.0648],[18.2134,45.0681],[18.2094,45.0709],[18.2063,45.0752],[18.1991,45.0778],[18.1784,45.0738],[18.1645,45.073],[18.1576,45.0736],[18.1469,45.0775],[18.1463,45.0898],[18.1496,45.0921],[18.1501,45.0952],[18.1489,45.1009],[18.1609,45.1089],[18.1606,45.1155],[18.1659,45.1173],[18.1647,45.1219],[18.1624,45.1246],[18.1621,45.1345]]]},"properties":{"kind":"roman-road","source":"itinere-roads"}},{"type":"Feature","geometry":{"type":"MultiLineString","coordinates":[[[14.5041,46.0548],[14.5106,46.0707],[14.5139,46.0857],[14.5138,46.0911],[14.5164,46.0939],[14.5225,46.0935],[14.5238,46.0993],[14.5328,46.0976],[14.5375,46.0981],[14.5403,46.1029],[14.5442,46.1049]]]},"properties":{"kind":"roman-road","source":"itinere-roads"}},{"type":"Feature","geometry":{"type":"MultiLineString","coordinates":[[[15.4148,45.5078],[15.4222,45.5078],[15.4337,45.5124],[15.4407,45.5112],[15.4422,45.5125],[15.4525,45.5125],[15.4556,45.515],[15.458,45.5139],[15.47,45.5152],[15.4727,45.5168],[15.4757,45.515],[15.4906,45.5155],[15.5039,45.5113],[15.5152,45.5097],[15.5266,45.5104],[15.5409,45.5143]]]},"properties":{"kind":"roman-road","source":"itinere-roads"}},{"type":"Feature","geometry":{"type":"MultiLineString","coordinates":[[[16.4017,44.5386],[16.389,44.5358],[16.3735,44.54],[16.3671,44.5444],[16.3641,44.5451]]]},"properties":{"kind":"roman-road","source":"itinere-roads"}},{"type":"Feature","geometry":{"type":"MultiLineString","coordinates":[[[15.9325,44.7862],[15.9274,44.7918],[15.9179,44.7972],[15.8984,44.8052],[15.8852,44.8082],[15.8771,44.8145]]]},"properties":{"kind":"roman-road","source":"itinere-roads"}},{"type":"Feature","geometry":{"type":"MultiLineString","coordinates":[[[17.5691,43.1937],[17.5741,43.1965],[17.5742,43.1993],[17.6061,43.1984],[17.6193,43.2015],[17.6403,43.2087],[17.653,43.2089],[17.664,43.2071],[17.6695,43.2078]]]},"properties":{"kind":"roman-road","source":"itinere-roads"}},{"type":"Feature","geometry":{"type":"MultiLineString","coordinates":[[[17.5117,43.2209],[17.5231,43.2121],[17.5333,43.2083],[17.5339,43.2046],[17.5465,43.2004],[17.553,43.1962],[17.5604,43.1964],[17.5691,43.1937]]]},"properties":{"kind":"roman-road","source":"itinere-roads"}},{"type":"Feature","geometry":{"type":"MultiLineString","coordinates":[[[17.2376,43.9581],[17.2385,43.9552],[17.2302,43.945],[17.2281,43.9375],[17.2325,43.9305],[17.2337,43.9261],[17.2449,43.9165],[17.2526,43.9157],[17.2607,43.9117],[17.2643,43.9063],[17.2629,43.902],[17.2703,43.8966],[17.2742,43.8969],[17.2787,43.8934],[17.2797,43.8886],[17.285,43.8828],[17.2924,43.8794],[17.304,43.8766],[17.3078,43.877]]]},"properties":{"kind":"roman-road","source":"itinere-roads"}},{"type":"Feature","geometry":{"type":"MultiLineString","coordinates":[[[17.2347,43.7688],[17.2378,43.7765],[17.234,43.7781],[17.23,43.7839],[17.2309,43.7866],[17.2377,43.7895],[17.2418,43.79],[17.2455,43.7882],[17.2493,43.7883],[17.2549,43.7909],[17.2619,43.7971],[17.2609,43.8013],[17.2756,43.8093],[17.2759,43.8122],[17.2885,43.817],[17.295,43.8163],[17.3096,43.8192],[17.3185,43.8235],[17.3284,43.8234],[17.3524,43.8276]]]},"properties":{"kind":"roman-road","source":"itinere-roads"}},{"type":"Feature","geometry":{"type":"MultiLineString","coordinates":[[[12.7704,46.8266],[12.7696,46.8271]]]},"properties":{"kind":"roman-road","source":"itinere-roads"}},{"type":"Feature","geometry":{"type":"MultiLineString","coordinates":[[[17.7165,44.2079],[17.7336,44.2119],[17.7364,44.2099],[17.7434,44.2132],[17.7545,44.2111],[17.7574,44.2158],[17.7619,44.2184],[17.7652,44.2229],[17.7638,44.2284],[17.7586,44.2378]]]},"properties":{"kind":"roman-road","source":"itinere-roads"}},{"type":"Feature","geometry":{"type":"MultiLineString","coordinates":[[[17.8885,44.2313],[17.8916,44.2258],[17.8932,44.2182],[17.891,44.2135],[17.898,44.2052],[17.9032,44.2023]]]},"properties":{"kind":"roman-road","source":"itinere-roads"}},{"type":"Feature","geometry":{"type":"MultiLineString","coordinates":[[[17.9032,44.2023],[17.8968,44.1973],[17.8888,44.1935],[17.8742,44.1941],[17.8713,44.1907],[17.8623,44.188],[17.8561,44.1906],[17.8529,44.1869],[17.855,44.1833],[17.85,44.1795],[17.8442,44.1793],[17.8447,44.1757],[17.8403,44.1735],[17.835,44.1684],[17.8331,44.1642],[17.8286,44.1616],[17.8218,44.1619],[17.8189,44.1593],[17.8178,44.1559],[17.8149,44.1557],[17.8119,44.1502],[17.8064,44.151],[17.8017,44.1468]]]},"properties":{"kind":"roman-road","source":"itinere-roads"}},{"type":"Feature","geometry":{"type":"MultiLineString","coordinates":[[[18.1814,43.9869],[18.1825,43.9906]]]},"properties":{"kind":"roman-road","source":"itinere-roads"}},{"type":"Feature","geometry":{"type":"MultiLineString","coordinates":[[[17.8611,45.3838],[17.8418,45.3486],[17.8131,45.3155],[17.8106,45.3091],[17.8079,45.3068],[17.8081,45.2955],[17.8057,45.2837],[17.7973,45.2844],[17.7877,45.281],[17.7821,45.2761],[17.7754,45.2667],[17.7642,45.2615],[17.7544,45.245],[17.7323,45.2313],[17.7234,45.2299],[17.706,45.2235],[17.7059,45.2189],[17.7031,45.2176],[17.7069,45.2145],[17.7141,45.2124],[17.7174,45.2072],[17.7088,45.2021],[17.7069,45.198],[17.7091,45.1929],[17.7046,45.1892],[17.7042,45.1863],[17.7061,45.183],[17.7061,45.1749],[17.7081,45.1697],[17.7097,45.1694]]]},"properties":{"kind":"roman-road","source":"itinere-roads"}},{"type":"Feature","geometry":{"type":"MultiLineString","coordinates":[[[16.7813,45.4778],[16.7817,45.4812],[16.7786,45.4819],[16.7824,45.4908],[16.7818,45.4996],[16.786,45.5091],[16.794,45.5126],[16.7965,45.5171],[16.8299,45.5273],[16.8407,45.5392],[16.8619,45.5489]]]},"properties":{"kind":"roman-road","source":"itinere-roads"}},{"type":"Feature","geometry":{"type":"MultiLineString","coordinates":[[[16.9814,45.8163],[16.996,45.8189],[16.9996,45.8206],[17.009,45.8274],[17.0066,45.8314],[17.023,45.8437],[17.0241,45.8472],[17.0295,45.8487],[17.0291,45.8511],[17.0394,45.8702],[17.0385,45.8736],[17.0405,45.8762],[17.0337,45.8812],[17.0346,45.883],[17.0307,45.9022],[17.0268,45.91],[17.0265,45.9148],[17.0289,45.9186],[17.0355,45.9183],[17.0371,45.9199],[17.0387,45.927],[17.0503,45.929],[17.0597,45.9344],[17.0666,45.9416],[17.0718,45.9445],[17.0813,45.9409],[17.0841,45.9441],[17.0981,45.9522],[17.109,45.9546],[17.1141,45.9638],[17.1202,45.9702],[17.1215,45.9754],[17.1284,45.9803],[17.1374,45.9825],[17.1418,45.9803],[17.1555,45.9804],[17.1566,45.9839]]]},"properties":{"kind":"roman-road","source":"itinere-roads"}},{"type":"Feature","geometry":{"type":"MultiLineString","coordinates":[[[16.5003,46.8384],[16.5113,46.8379],[16.52,46.8412],[16.5381,46.8442],[16.5552,46.8424],[16.5583,46.8439],[16.5645,46.8443],[16.5694,46.8472],[16.5848,46.8471]]]},"properties":{"kind":"roman-road","source":"itinere-roads"}},{"type":"Feature","geometry":{"type":"MultiLineString","coordinates":[[[16.1156,45.8236],[16.1171,45.8319],[16.1433,45.8527],[16.1672,45.8778],[16.2124,45.9014],[16.2311,45.9098],[16.2377,45.9153],[16.2379,45.9205],[16.2344,45.9283],[16.2345,45.9318],[16.2381,45.9393],[16.2379,45.9558],[16.255,45.9709],[16.2745,45.9819],[16.2771,45.9867],[16.2763,45.9942],[16.2839,46.0004],[16.29,46.0177],[16.2884,46.0226],[16.2889,46.0351],[16.2904,46.0426],[16.2908,46.0564],[16.2928,46.0589],[16.2943,46.0716]]]},"properties":{"kind":"roman-road","source":"itinere-roads"}},{"type":"Feature","geometry":{"type":"MultiLineString","coordinates":[[[17.2331,45.6139],[17.2031,45.6322],[17.1945,45.6353],[17.183,45.6387],[17.1699,45.6395],[17.1647,45.6379],[17.1599,45.6443],[17.1536,45.6467],[17.1354,45.659],[17.1234,45.6637],[17.1198,45.6687],[17.1045,45.6783],[17.1,45.6832],[17.1,45.6864],[17.0973,45.6888],[17.0842,45.6952],[17.0831,45.6984],[17.0788,45.7008],[17.0779,45.7068],[17.0591,45.7167],[17.054,45.7165],[17.048,45.7189],[17.0459,45.7179],[17.0388,45.7191],[17.039,45.7253],[17.0375,45.73],[17.04,45.7363],[17.0399,45.7408],[17.0462,45.7495],[17.0499,45.7497],[17.0492,45.7546],[17.0504,45.7567],[17.0435,45.7656],[17.0369,45.7701],[17.0339,45.7743],[17.0244,45.7806],[17.0196,45.7861],[16.9985,45.7935],[16.9935,45.8001],[16.9953,45.8028],[16.9951,45.8085],[16.9806,45.8143],[16.9814,45.8163]]]},"properties":{"kind":"roman-road","source":"itinere-roads"}},{"type":"Feature","geometry":{"type":"MultiLineString","coordinates":[[[16.5464,46.0224],[16.5253,46.0226],[16.523,46.0241],[16.5173,46.024],[16.5064,46.0287],[16.4999,46.026],[16.4877,46.0278],[16.476,46.0274],[16.4694,46.0294],[16.4488,46.0295],[16.4412,46.0316],[16.4305,46.0372],[16.4225,46.0457],[16.4097,46.0461],[16.4066,46.0477],[16.4002,46.0482],[16.3945,46.0511],[16.3902,46.0554],[16.3842,46.0574],[16.3791,46.0611],[16.3775,46.0652],[16.3669,46.0753],[16.3556,46.0775],[16.3527,46.082],[16.3556,46.0893],[16.3531,46.0919],[16.3569,46.1018],[16.3505,46.1027],[16.3471,46.0983],[16.3304,46.0945],[16.328,46.0914],[16.3205,46.0879],[16.3195,46.0859],[16.3095,46.0858],[16.307,46.0826],[16.3058,46.0781],[16.301,46.0781],[16.2969,46.0761],[16.2983,46.0732],[16.2943,46.0716]]]},"properties":{"kind":"roman-road","source":"itinere-roads"}},{"type":"Feature","geometry":{"type":"MultiLineString","coordinates":[[[15.9261,47.0865],[15.9256,47.085],[15.9197,47.0824],[15.9192,47.0789],[15.9217,47.0765],[15.9238,47.0685],[15.923,47.0604],[15.9246,47.0556],[15.9282,47.0513],[15.9319,47.0425],[15.9304,47.0392],[15.9254,47.0368],[15.9265,47.0326],[15.9315,47.0336],[15.9333,47.0315],[15.9323,47.0286],[15.9341,47.0244],[15.9324,47.0195],[15.9338,47.0175],[15.9333,47.0088],[15.936,47.0059],[15.9374,47.0],[15.9307,46.9965],[15.9249,46.9916],[15.9133,46.9928],[15.898,46.9912],[15.8912,46.9855],[15.8901,46.9805],[15.883,46.9747],[15.8787,46.976],[15.8753,46.9745],[15.8756,46.9727],[15.881,46.9678],[15.8805,46.9584]]]},"properties":{"kind":"roman-road","source":"itinere-roads"}},{"type":"Feature","geometry":{"type":"MultiLineString","coordinates":[[[15.7033,47.1051],[15.6969,47.1054],[15.6943,47.1031],[15.672,47.093],[15.6489,47.0847],[15.637,47.0718],[15.6255,47.069],[15.6199,47.0666],[15.6158,47.0631],[15.6065,47.061],[15.6029,47.0616],[15.6,47.0601],[15.5876,47.0638],[15.5873,47.0657],[15.5814,47.0676],[15.5791,47.0661],[15.562,47.0639],[15.5309,47.0563],[15.5267,47.0474],[15.5194,47.0448],[15.5123,47.0455],[15.5038,47.0386],[15.4979,47.0377],[15.4884,47.0338],[15.4803,47.0346],[15.4741,47.0316],[15.4641,47.0301],[15.4584,47.0339],[15.4478,47.0355],[15.4347,47.0292],[15.4286,47.031]]]},"properties":{"kind":"roman-road","source":"itinere-roads"}},{"type":"Feature","geometry":{"type":"MultiLineString","coordinates":[[[15.7149,47.1017],[15.7112,47.1042],[15.7068,47.1022],[15.7033,47.1051]]]},"properties":{"kind":"roman-road","source":"itinere-roads"}},{"type":"Feature","geometry":{"type":"MultiLineString","coordinates":[[[15.9261,47.0865],[15.9169,47.0874],[15.9089,47.0906],[15.8931,47.0893],[15.8634,47.0945],[15.8544,47.0978],[15.8229,47.1014],[15.7926,47.1007],[15.7777,47.1046],[15.7677,47.1029],[15.7648,47.0993],[15.7573,47.095],[15.7546,47.0953],[15.7492,47.1008],[15.7434,47.1031],[15.7378,47.1038],[15.7336,47.1019],[15.7264,47.1012],[15.7199,47.1026],[15.7149,47.1017]]]},"properties":{"kind":"roman-road","source":"itinere-roads"}},{"type":"Feature","geometry":{"type":"MultiLineString","coordinates":[[[13.9717,45.6792],[13.9731,45.6843],[13.9789,45.6875],[13.9861,45.6953],[13.9877,45.7],[13.9951,45.7006],[13.9987,45.7035],[14.0018,45.7124],[14.0008,45.7179],[14.0105,45.7322],[14.017,45.735],[14.0184,45.7373],[14.0359,45.7425],[14.0441,45.7513],[14.0439,45.7551],[14.0501,45.7565]]]},"properties":{"kind":"roman-road","source":"itinere-roads"}},{"type":"Feature","geometry":{"type":"MultiLineString","coordinates":[[[13.9717,45.6792],[13.9785,45.6781],[13.987,45.6795],[14.0057,45.6768],[14.0181,45.6705],[14.0182,45.6675],[14.0222,45.6613],[14.0292,45.6589],[14.0331,45.6556],[14.0409,45.6552],[14.0501,45.6529],[14.0544,45.6559],[14.0583,45.6569],[14.0654,45.6544],[14.067,45.6571],[14.0706,45.6573],[14.0731,45.6544],[14.077,45.6563],[14.0873,45.6504],[14.099,45.6481],[14.113,45.6424],[14.1252,45.6394],[14.1281,45.6351],[14.1343,45.6342],[14.1415,45.6358],[14.1458,45.6354],[14.1509,45.6333],[14.1498,45.6313],[14.1651,45.6232],[14.1654,45.6204],[14.1686,45.6191],[14.1737,45.6214],[14.1869,45.6201],[14.2022,45.6289],[14.2081,45.6351],[14.2128,45.634],[14.2214,45.6371],[14.2246,45.6356],[14.2331,45.6278],[14.2451,45.6239],[14.2571,45.6218],[14.2654,45.6234],[14.2876,45.6239],[14.2933,45.6192],[14.2976,45.6191],[14.2991,45.621],[14.3091,45.6221],[14.3156,45.6204],[14.3176,45.6162],[14.3259,45.6151],[14.3287,45.6191],[14.3337,45.62],[14.3391,45.6169],[14.344,45.6178],[14.3444,45.6206],[14.3588,45.6244],[14.364,45.6236],[14.3667,45.6258],[14.3707,45.6258],[14.3783,45.621],[14.3968,45.6174],[14.4308,45.6172],[14.437,45.6206],[14.4407,45.621],[14.441,45.6232],[14.446,45.6247],[14.4562,45.6225],[14.4638,45.6227],[14.4712,45.6304],[14.475,45.6293],[14.4771,45.6307],[14.4747,45.6366],[14.4746,45.642],[14.4683,45.6478],[14.4717,45.6588],[14.4657,45.6646],[14.4646,45.6673],[14.4702,45.669],[14.4695,45.6743],[14.4742,45.673],[14.4718,45.6828],[14.4799,45.6883],[14.4795,45.6971],[14.4755,45.7007],[14.4728,45.7107]]]},"properties":{"kind":"roman-road","source":"itinere-roads"}},{"type":"Feature","geometry":{"type":"MultiLineString","coordinates":[[[13.7351,45.5352],[13.7224,45.5358],[13.7155,45.5372],[13.7133,45.5394],[13.7052,45.5391],[13.6928,45.5433],[13.6819,45.5425],[13.6808,45.541],[13.6754,45.5416],[13.6592,45.5322],[13.6485,45.5297],[13.6433,45.5311],[13.6395,45.5299],[13.6257,45.5297],[13.6229,45.5279],[13.6108,45.5253],[13.6012,45.5259],[13.5979,45.5232],[13.5951,45.5254],[13.5833,45.5195],[13.5744,45.5216]]]},"properties":{"kind":"roman-road","source":"itinere-roads"}},{"type":"Feature","geometry":{"type":"MultiLineString","coordinates":[[[13.6372,45.4552],[13.6288,45.4555],[13.6199,45.4529],[13.616,45.4538],[13.6135,45.4564],[13.5737,45.4698],[13.5668,45.4694],[13.5626,45.4722],[13.5559,45.4725],[13.5437,45.4799],[13.5374,45.4812],[13.5182,45.4923],[13.5059,45.492]]]},"properties":{"kind":"roman-road","source":"itinere-roads"}},{"type":"Feature","geometry":{"type":"MultiLineString","coordinates":[[[13.5421,45.3923],[13.5473,45.3782],[13.5486,45.3631],[13.5571,45.3585],[13.5539,45.3542],[13.5461,45.3512],[13.5566,45.3432],[13.5647,45.3224],[13.5695,45.3194]]]},"properties":{"kind":"roman-road","source":"itinere-roads"}},{"type":"Feature","geometry":{"type":"MultiLineString","coordinates":[[[13.5695,45.3194],[13.5716,45.3244],[13.5761,45.3289],[13.579,45.336],[13.5871,45.3422],[13.616,45.3517],[13.6184,45.3509]]]},"properties":{"kind":"roman-road","source":"itinere-roads"}},{"type":"Feature","geometry":{"type":"MultiLineString","coordinates":[[[13.5241,45.4312],[13.5481,45.4271],[13.5571,45.4242],[13.5663,45.4242],[13.5785,45.4141],[13.5942,45.4054],[13.608,45.4033],[13.6104,45.4018],[13.6191,45.403]]]},"properties":{"kind":"roman-road","source":"itinere-roads"}},{"type":"Feature","geometry":{"type":"MultiLineString","coordinates":[[[13.6316,45.0831],[13.6443,45.0885],[13.6495,45.0884],[13.6682,45.0921],[13.6732,45.0939],[13.6837,45.1015],[13.692,45.1027],[13.7161,45.11],[13.7204,45.1096],[13.7272,45.1065],[13.7517,45.1065],[13.7594,45.1082],[13.7681,45.1081]]]},"properties":{"kind":"roman-road","source":"itinere-roads"}},{"type":"Feature","geometry":{"type":"MultiLineString","coordinates":[[[13.7681,45.1081],[13.7748,45.1091],[13.7794,45.1084],[13.7925,45.1105],[13.7957,45.1099],[13.8135,45.1165],[13.8244,45.1159],[13.833,45.1195],[13.8409,45.1257],[13.8803,45.1327],[13.8831,45.1361],[13.8921,45.1377],[13.8996,45.1413],[13.9097,45.1438],[13.9133,45.1463],[13.9351,45.1523],[13.9411,45.1576],[13.9507,45.163],[13.956,45.1685],[13.9609,45.1675],[13.9705,45.1712],[13.9819,45.1725],[13.9924,45.1784],[13.9991,45.1803],[14.0102,45.1786],[14.0141,45.1764],[14.0164,45.1732],[14.0229,45.1722],[14.0294,45.1732],[14.0333,45.176],[14.0404,45.1753],[14.0559,45.1813],[14.06,45.1801],[14.0641,45.1846],[14.0687,45.1855],[14.0726,45.1888],[14.0769,45.1901],[14.0791,45.1871],[14.0873,45.1895],[14.0963,45.1964],[14.1051,45.195],[14.1162,45.1909],[14.1225,45.1915],[14.134,45.1885]]]},"properties":{"kind":"roman-road","source":"itinere-roads"}},{"type":"Feature","geometry":{"type":"MultiLineString","coordinates":[[[14.1498,45.3228],[14.1416,45.3262],[14.1377,45.3255],[14.1369,45.3231],[14.1396,45.3191],[14.1391,45.3163],[14.1343,45.3122],[14.1337,45.3066],[14.1356,45.2979],[14.1329,45.2958],[14.1265,45.2956],[14.1224,45.2924],[14.123,45.2835],[14.1253,45.2802],[14.1292,45.2777],[14.127,45.273],[14.1285,45.2591],[14.1429,45.247],[14.1456,45.2408],[14.146,45.2274],[14.1447,45.2242],[14.1457,45.2129],[14.1408,45.2063],[14.135,45.2035],[14.1331,45.1925],[14.134,45.1885]]]},"properties":{"kind":"roman-road","source":"itinere-roads"}},{"type":"Feature","geometry":{"type":"MultiLineString","coordinates":[[[14.3267,45.3647],[14.3061,45.3583],[14.3046,45.349],[14.2986,45.3486],[14.2959,45.344],[14.2865,45.3454],[14.2852,45.3425],[14.2753,45.3392],[14.2738,45.336],[14.2653,45.3347],[14.2613,45.3367],[14.2483,45.3292],[14.2473,45.3249],[14.2342,45.3187],[14.232,45.315],[14.2283,45.3125],[14.2216,45.3122],[14.2154,45.3088],[14.2133,45.3095],[14.1988,45.3033],[14.1933,45.3043],[14.1952,45.3066],[14.1882,45.3133],[14.1833,45.313],[14.1735,45.3195],[14.1661,45.3214],[14.1498,45.3228]]]},"properties":{"kind":"roman-road","source":"itinere-roads"}},{"type":"Feature","geometry":{"type":"MultiLineString","coordinates":[[[14.1498,45.3228],[14.1389,45.3301],[14.1314,45.332],[14.1257,45.3394],[14.1188,45.341],[14.1119,45.3503],[14.0895,45.3658],[14.0817,45.3696],[14.0802,45.3732],[14.0716,45.3838],[14.0646,45.3863],[14.0625,45.389],[14.0507,45.3902],[14.0315,45.3968],[14.026,45.4001],[14.0119,45.4029],[14.0074,45.4007],[14.0016,45.4008],[13.9978,45.3985],[13.9966,45.3958],[13.9933,45.3955],[13.9799,45.4063],[13.9757,45.4073],[13.9708,45.4114],[13.9659,45.4073],[13.9614,45.4057],[13.9431,45.4038],[13.9399,45.4021],[13.9383,45.3984],[13.9332,45.3959],[13.931,45.3932],[13.9307,45.3891],[13.9277,45.3874],[13.9229,45.3891],[13.9178,45.3881],[13.9114,45.3936],[13.9081,45.3933],[13.9045,45.3953],[13.8993,45.3942],[13.895,45.3903],[13.8957,45.3868],[13.8947,45.3814],[13.8892,45.377],[13.8884,45.3726],[13.8664,45.3639],[13.8432,45.3478],[13.8397,45.3468],[13.8301,45.3471],[13.8204,45.3431],[13.801,45.3462],[13.7891,45.3447],[13.7705,45.3517],[13.7568,45.3515],[13.7451,45.3543],[13.7384,45.3585]]]},"properties":{"kind":"roman-road","source":"itinere-roads"}},{"type":"Feature","geometry":{"type":"MultiLineString","coordinates":[[[13.8474,44.8889],[13.846,44.8905],[13.8451,44.8992],[13.8506,44.918],[13.8537,44.9467],[13.853,44.9526],[13.8442,44.9586],[13.8467,44.9678],[13.8455,44.9725],[13.8144,45.0035],[13.7981,45.0284],[13.7936,45.031],[13.7899,45.0362],[13.7909,45.0621],[13.7898,45.0663],[13.7806,45.0759],[13.7795,45.081],[13.776,45.0863],[13.7756,45.0914],[13.7692,45.0959],[13.7681,45.1081]]]},"properties":{"kind":"roman-road","source":"itinere-roads"}},{"type":"Feature","geometry":{"type":"MultiLineString","coordinates":[[[13.8493,44.8856],[13.8596,44.8853],[13.8648,44.8807],[13.8701,44.8832],[13.8744,44.8872],[13.8893,44.8929],[13.8983,44.894],[13.9091,44.8994],[13.9167,44.9012],[13.9216,44.9003],[13.9245,44.9018],[13.9282,44.9011],[13.9349,44.9046],[13.9381,44.9042],[13.9445,44.908],[13.9536,44.9099],[13.9566,44.9063],[13.96,44.9056]]]},"properties":{"kind":"roman-road","source":"itinere-roads"}},{"type":"Feature","geometry":{"type":"MultiLineString","coordinates":[[[13.6055,45.2427],[13.6611,45.2795],[13.6751,45.2875],[13.6937,45.3026],[13.7129,45.3067],[13.7139,45.3084],[13.7481,45.3291],[13.759,45.3302],[13.7579,45.3338],[13.752,45.3341],[13.7501,45.3377],[13.7522,45.3391],[13.7482,45.3413],[13.7471,45.3442],[13.7415,45.3464],[13.7412,45.3487],[13.738,45.3494],[13.7381,45.3524],[13.7454,45.3519],[13.7388,45.3556],[13.7384,45.3585]]]},"properties":{"kind":"roman-road","source":"itinere-roads"}},{"type":"Feature","geometry":{"type":"MultiLineString","coordinates":[[[13.7384,45.3585],[13.738,45.3605],[13.7293,45.3611],[13.7257,45.3629],[13.7239,45.3665],[13.72,45.3688],[13.712,45.3683],[13.707,45.3716],[13.7052,45.3758],[13.7004,45.3752],[13.6989,45.3773],[13.6898,45.3829],[13.686,45.3911],[13.6767,45.399],[13.6702,45.4021],[13.6676,45.4016],[13.6644,45.4046],[13.667,45.4088],[13.6629,45.4133],[13.6614,45.4226],[13.6568,45.4288],[13.6582,45.4332],[13.6578,45.4406],[13.6558,45.4434],[13.6585,45.4468],[13.6555,45.4496],[13.651,45.449],[13.6444,45.4541]]]},"properties":{"kind":"roman-road","source":"itinere-roads"}},{"type":"Feature","geometry":{"type":"MultiLineString","coordinates":[[[18.6952,42.5137],[18.6986,42.51],[18.7056,42.5146],[18.7016,42.5202],[18.702,42.5272],[18.7053,42.5277],[18.7064,42.5309],[18.7098,42.5319],[18.707,42.5372],[18.7125,42.542],[18.7124,42.5478],[18.7111,42.5501],[18.7025,42.5537],[18.7004,42.5579],[18.6974,42.5585],[18.6966,42.5623],[18.6941,42.5648],[18.6881,42.5651],[18.685,42.5697],[18.6868,42.5728],[18.6867,42.587],[18.6896,42.5921],[18.6906,42.5971],[18.6882,42.6049],[18.6833,42.6114],[18.6818,42.6154],[18.6808,42.626],[18.6821,42.6296],[18.681,42.6347],[18.6838,42.6374],[18.6838,42.6434],[18.6802,42.6467],[18.6776,42.6524],[18.667,42.6584],[18.6642,42.6635],[18.6579,42.6676],[18.6474,42.6716],[18.6411,42.6783],[18.6351,42.6815],[18.6341,42.6849],[18.6367,42.69],[18.636,42.694],[18.6318,42.6967],[18.6361,42.7006],[18.6357,42.7063],[18.6422,42.7072],[18.6475,42.7107],[18.6518,42.7098],[18.6593,42.7107],[18.6608,42.7153],[18.6636,42.716],[18.6683,42.7225],[18.6652,42.7258],[18.673,42.7354],[18.6783,42.7364],[18.6838,42.7409],[18.6775,42.7447],[18.6668,42.7477],[18.6669,42.7493],[18.6573,42.7503],[18.6528,42.7492],[18.648,42.7506]]]},"properties":{"kind":"roman-road","source":"itinere-roads"}},{"type":"Feature","geometry":{"type":"MultiLineString","coordinates":[[[18.0019,42.8574],[18.0008,42.8528],[17.9915,42.8476],[17.9837,42.846],[17.9783,42.8472],[17.9748,42.8464],[17.9698,42.8433],[17.9676,42.8404],[17.9593,42.8385],[17.9537,42.833],[17.9428,42.8273],[17.9377,42.8276],[17.934,42.8258],[17.9224,42.8251],[17.9202,42.8228],[17.9076,42.8236],[17.8991,42.8218],[17.896,42.819],[17.8937,42.811],[17.8907,42.8094],[17.8877,42.8035],[17.8902,42.8003],[17.8951,42.7981],[17.8952,42.793],[17.8976,42.7919],[17.8975,42.7887]]]},"properties":{"kind":"roman-road","source":"itinere-roads"}},{"type":"Feature","geometry":{"type":"MultiLineString","coordinates":[[[18.2354,42.7585],[18.2247,42.7572],[18.2192,42.753],[18.2133,42.7456],[18.2123,42.7426],[18.195,42.7311],[18.1955,42.7273],[18.1905,42.7203],[18.1763,42.7098],[18.1646,42.7033],[18.1567,42.7026],[18.1508,42.6968],[18.1468,42.695],[18.1493,42.6911],[18.1459,42.6906],[18.1451,42.6863],[18.1466,42.6838],[18.1515,42.6822],[18.1512,42.6786],[18.1625,42.6713],[18.1651,42.667],[18.1648,42.6609],[18.163,42.657],[18.159,42.6552],[18.1589,42.6437]]]},"properties":{"kind":"roman-road","source":"itinere-roads"}},{"type":"Feature","geometry":{"type":"MultiLineString","coordinates":[[[18.5452,45.1166],[18.5535,45.1178],[18.5622,45.1209],[18.5706,45.1267],[18.5777,45.1378],[18.5811,45.1456],[18.5852,45.1471],[18.5856,45.1539],[18.5894,45.1584],[18.5952,45.1609],[18.604,45.1676],[18.6244,45.1728],[18.6401,45.1741],[18.6517,45.1735],[18.6855,45.1884],[18.6883,45.1906],[18.6973,45.1924]]]},"properties":{"kind":"roman-road","source":"itinere-roads"}},{"type":"Feature","geometry":{"type":"MultiLineString","coordinates":[[[15.2371,44.1124],[15.2347,44.12],[15.238,44.1225],[15.2313,44.1299],[15.2282,44.1404],[15.2224,44.1488],[15.194,44.1713],[15.1771,44.1958],[15.176,44.1991],[15.1786,44.215],[15.1772,44.2173],[15.178,44.2255],[15.1821,44.2347],[15.1808,44.2408],[15.1849,44.2428]]]},"properties":{"kind":"roman-road","source":"itinere-roads"}},{"type":"Feature","geometry":{"type":"MultiLineString","coordinates":[[[15.8946,43.8327],[15.8766,43.844],[15.8605,43.8522],[15.8247,43.8614],[15.8092,43.8697],[15.7801,43.8979],[15.7593,43.9072],[15.7625,43.9108],[15.7597,43.9129],[15.7628,43.9159],[15.7586,43.9196],[15.7491,43.9248],[15.7075,43.9586],[15.6992,43.9633],[15.6981,43.9655],[15.6785,43.977],[15.6755,43.9753],[15.6668,43.9737],[15.6622,43.9785],[15.6622,43.9835],[15.6251,44.0189],[15.6233,44.0227],[15.6209,44.0229],[15.6026,44.0333]]]},"properties":{"kind":"roman-road","source":"itinere-roads"}},{"type":"Feature","geometry":{"type":"MultiLineString","coordinates":[[[17.6482,43.0569],[17.6308,43.0531],[17.6247,43.049],[17.6132,43.0333],[17.6059,43.0298],[17.5994,43.0296],[17.5932,43.0277],[17.58,43.0196],[17.5756,43.0186],[17.5654,43.02],[17.5586,43.0227],[17.5547,43.0268],[17.5528,43.0327],[17.5494,43.0371],[17.5217,43.0455],[17.5164,43.0459],[17.5027,43.0447],[17.4854,43.0404],[17.4781,43.0506],[17.4735,43.0532],[17.4628,43.0545],[17.4606,43.0523],[17.4532,43.0527],[17.4495,43.055],[17.445,43.0551],[17.445,43.0604],[17.4416,43.0638],[17.4342,43.0651],[17.4321,43.0674],[17.4268,43.0663],[17.4232,43.0693],[17.4154,43.0687],[17.4093,43.0711],[17.4055,43.0689],[17.4032,43.0693],[17.3999,43.0727],[17.4027,43.0745],[17.3986,43.0811],[17.3873,43.0805],[17.3833,43.0833],[17.382,43.086],[17.3778,43.0869],[17.3682,43.0847],[17.3658,43.0825],[17.3616,43.0864],[17.3594,43.0846],[17.3567,43.0852],[17.3561,43.0886],[17.3512,43.0932],[17.3494,43.105]]]},"properties":{"kind":"roman-road","source":"itinere-roads"}},{"type":"Feature","geometry":{"type":"MultiLineString","coordinates":[[[13.7384,45.3585],[13.7342,45.3589],[13.7188,45.3532],[13.7049,45.3527],[13.7016,45.3516],[13.6947,45.3449],[13.6906,45.3438],[13.6766,45.3491],[13.6714,45.3486],[13.6674,45.3465],[13.6629,45.3479],[13.6575,45.3533],[13.6563,45.3573],[13.6542,45.3588],[13.6476,45.3594],[13.6364,45.3579],[13.6206,45.3532],[13.6184,45.3509]]]},"properties":{"kind":"roman-road","source":"itinere-roads"}},{"type":"Feature","geometry":{"type":"MultiLineString","coordinates":[[[14.134,45.1885],[14.1399,45.1842],[14.1503,45.1792],[14.1522,45.1759],[14.1495,45.1658],[14.1563,45.159],[14.1605,45.1565],[14.1674,45.1394]]]},"properties":{"kind":"roman-road","source":"itinere-roads"}},{"type":"Feature","geometry":{"type":"MultiLineString","coordinates":[[[13.5241,45.4312],[13.525,45.4271],[13.5307,45.4193],[13.5288,45.415],[13.5296,45.4122],[13.5388,45.399],[13.5411,45.3974],[13.5421,45.3923]]]},"properties":{"kind":"roman-road","source":"itinere-roads"}},{"type":"Feature","geometry":{"type":"MultiLineString","coordinates":[[[13.8627,45.6425],[13.8671,45.6432],[13.8727,45.6462],[13.882,45.6554],[13.8907,45.6577],[13.8957,45.6576],[13.9059,45.6611],[13.9313,45.6607],[13.9378,45.6617],[13.9458,45.6669],[13.9491,45.6726],[13.952,45.6738],[13.9551,45.6789],[13.9634,45.6781],[13.9687,45.6799],[13.9717,45.6792]]]},"properties":{"kind":"roman-road","source":"itinere-roads"}},{"type":"Feature","geometry":{"type":"MultiLineString","coordinates":[[[15.8771,44.8145],[15.871,44.8136]]]},"properties":{"kind":"roman-road","source":"itinere-roads"}},{"type":"Feature","geometry":{"type":"MultiLineString","coordinates":[[[17.3027,43.4813],[17.3031,43.4751],[17.2998,43.4657],[17.2979,43.4641],[17.2895,43.4629],[17.286,43.4604],[17.2782,43.4606],[17.2763,43.4578],[17.2639,43.454],[17.2655,43.4516],[17.2586,43.4439],[17.2588,43.4357],[17.2622,43.4345],[17.2627,43.4319],[17.2593,43.4318],[17.2561,43.4293],[17.2599,43.426],[17.2525,43.4127],[17.2528,43.4109],[17.2483,43.4047],[17.2502,43.4041],[17.252,43.3998],[17.2471,43.3985],[17.2378,43.3902],[17.2377,43.3888]]]},"properties":{"kind":"roman-road","source":"itinere-roads"}},{"type":"Feature","geometry":{"type":"MultiLineString","coordinates":[[[14.8771,46.7006],[14.8976,46.6993],[14.9032,46.6957],[14.9047,46.6912],[14.9045,46.686],[14.9081,46.6813],[14.9177,46.6739],[14.9165,46.6727],[14.9219,46.6668],[14.924,46.6607],[14.9422,46.6413],[14.946,46.6416],[14.9521,46.6392],[14.967,46.6295],[14.9724,46.6239],[14.9753,46.6188],[14.9763,46.6093],[14.9939,46.5991],[15.0082,46.5945],[15.0159,46.5906],[15.0243,46.5887],[15.0229,46.5844],[15.024,46.5809],[15.0355,46.5695],[15.0357,46.5675]]]},"properties":{"kind":"roman-road","source":"itinere-roads"}},{"type":"Feature","geometry":{"type":"MultiLineString","coordinates":[[[18.2967,42.603],[18.3049,42.6026],[18.3102,42.6001],[18.32,42.5987],[18.3294,42.601],[18.331,42.5998],[18.337,42.5993],[18.3419,42.6004],[18.3485,42.5991],[18.3543,42.601],[18.3633,42.5964],[18.3651,42.5974],[18.3716,42.5959],[18.3774,42.5984],[18.3801,42.6015],[18.3899,42.6009],[18.4012,42.5928],[18.4087,42.5924],[18.4174,42.5887],[18.4237,42.5841],[18.4305,42.5826]]]},"properties":{"kind":"roman-road","source":"itinere-roads"}},{"type":"Feature","geometry":{"type":"MultiLineString","coordinates":[[[18.2991,42.6308],[18.2931,42.6313],[18.2889,42.6288],[18.2909,42.6252],[18.2778,42.6183],[18.2731,42.6186],[18.2624,42.6139],[18.2559,42.6184],[18.2497,42.6165],[18.2462,42.6111],[18.2418,42.6093],[18.2419,42.6058],[18.2389,42.6025],[18.2315,42.6024]]]},"properties":{"kind":"roman-road","source":"itinere-roads"}},{"type":"Feature","geometry":{"type":"MultiLineString","coordinates":[[[17.7392,45.3576],[17.737,45.3754],[17.729,45.3904],[17.7282,45.3951],[17.7285,45.4301],[17.724,45.432],[17.6685,45.4369],[17.6525,45.4394],[17.6332,45.4403],[17.6203,45.4379],[17.614,45.4402],[17.6062,45.4379],[17.6054,45.4465],[17.6009,45.4486],[17.594,45.4473],[17.5928,45.4496],[17.5894,45.4496],[17.5839,45.452],[17.5799,45.4555],[17.5795,45.4612],[17.5769,45.4644],[17.5756,45.4686],[17.5692,45.4691],[17.5686,45.4728],[17.5715,45.4748],[17.5733,45.4796],[17.5677,45.4891],[17.5632,45.4885],[17.5606,45.4911],[17.5503,45.4966],[17.5442,45.4976],[17.5379,45.497],[17.5351,45.4894],[17.524,45.4833],[17.5216,45.4801],[17.5088,45.472],[17.5059,45.4687],[17.5016,45.4741],[17.4931,45.4791],[17.4862,45.4783],[17.483,45.4817],[17.4785,45.4834],[17.4754,45.4875],[17.4547,45.4972],[17.4518,45.502],[17.4519,45.505],[17.4464,45.5083],[17.4343,45.5105],[17.431,45.5093],[17.4274,45.5101],[17.4231,45.5146],[17.4132,45.5149],[17.4061,45.5169],[17.4042,45.5158],[17.4007,45.5215],[17.3977,45.5197],[17.3929,45.5192],[17.3885,45.5243],[17.3852,45.5254],[17.3835,45.5301],[17.3702,45.5278],[17.3679,45.5237],[17.3635,45.5223],[17.3607,45.524],[17.3565,45.5226],[17.3477,45.5252],[17.3482,45.5293],[17.343,45.534],[17.3384,45.5315],[17.3277,45.5335],[17.3216,45.5298],[17.3063,45.529],[17.2944,45.5436],[17.2869,45.5497],[17.2801,45.553],[17.2793,45.5547],[17.2744,45.5566],[17.2742,45.5589],[17.2693,45.5673],[17.2641,45.5694],[17.2612,45.5741],[17.2586,45.5742],[17.2554,45.5793],[17.2379,45.585],[17.2323,45.59],[17.2234,45.5928]]]},"properties":{"kind":"roman-road","source":"itinere-roads"}},{"type":"Feature","geometry":{"type":"MultiLineString","coordinates":[[[17.9616,43.656],[17.9527,43.6577],[17.9489,43.6603],[17.9453,43.6601],[17.942,43.6641],[17.9335,43.6655],[17.9273,43.6686],[17.9135,43.672],[17.9127,43.6739],[17.9084,43.6751],[17.905,43.6782],[17.9042,43.6819],[17.8978,43.684],[17.894,43.6837],[17.8901,43.6858],[17.8855,43.6844],[17.8722,43.687],[17.8715,43.6907],[17.8584,43.6931],[17.8543,43.6927],[17.8518,43.6908],[17.8501,43.6868],[17.8475,43.6883],[17.8482,43.6935],[17.8429,43.6938],[17.8394,43.6912],[17.8331,43.6917],[17.8276,43.6855],[17.822,43.6875],[17.8162,43.6851],[17.8018,43.6826],[17.7897,43.6858],[17.7851,43.6818],[17.7744,43.6804],[17.7783,43.6753],[17.7854,43.6749],[17.7894,43.6712],[17.7769,43.6719],[17.773,43.6699],[17.7714,43.6653],[17.7635,43.6623],[17.7591,43.6542],[17.7557,43.6543],[17.7537,43.6507],[17.7563,43.6464],[17.762,43.6435],[17.7581,43.6412],[17.7558,43.6373],[17.7573,43.6341],[17.7535,43.6309],[17.7536,43.6282],[17.7506,43.626],[17.75,43.6233],[17.74,43.6165],[17.7391,43.6121],[17.7417,43.6063],[17.7353,43.6016],[17.7344,43.5987],[17.727,43.5958],[17.7217,43.5915],[17.7223,43.5887],[17.72,43.5859],[17.7214,43.5818],[17.719,43.5763],[17.7231,43.5664],[17.7216,43.5659],[17.719,43.5592],[17.7242,43.5492],[17.73,43.5455],[17.7376,43.5294],[17.7405,43.5202],[17.7488,43.5101],[17.7593,43.5056],[17.7659,43.5061],[17.7702,43.5042],[17.7783,43.4948],[17.7859,43.4883],[17.8032,43.4878],[17.8043,43.485],[17.8096,43.4834],[17.8157,43.4772],[17.838,43.4635],[17.8444,43.4625],[17.8531,43.4551],[17.8535,43.4477],[17.8561,43.4453],[17.8535,43.4433],[17.8765,43.4165],[17.8719,43.3969],[17.8459,43.3725],[17.8352,43.3662],[17.819,43.3636],[17.8143,43.3614],[17.8122,43.353],[17.8128,43.3485],[17.8043,43.3477],[17.8002,43.3485],[17.7985,43.3404],[17.7966,43.338]]]},"properties":{"kind":"roman-road","source":"itinere-roads"}},{"type":"Feature","geometry":{"type":"MultiLineString","coordinates":[[[18.3074,43.833],[18.319,43.8245],[18.3242,43.8228],[18.3283,43.8162],[18.3453,43.8069],[18.351,43.8003],[18.3556,43.7986],[18.3609,43.7931],[18.3603,43.7789],[18.3691,43.7759],[18.373,43.777],[18.3783,43.774],[18.3865,43.7746],[18.3956,43.7728],[18.3992,43.7709],[18.4041,43.7658],[18.4045,43.7591],[18.408,43.7555],[18.4084,43.7518],[18.404,43.7363],[18.4043,43.7317],[18.4062,43.7292],[18.4172,43.7253],[18.4348,43.7247],[18.4401,43.7266],[18.4427,43.7242],[18.4424,43.7221],[18.4392,43.721],[18.4409,43.7145],[18.4376,43.7104],[18.4437,43.7015],[18.4432,43.6993],[18.4465,43.6957]]]},"properties":{"kind":"roman-road","source":"itinere-roads"}},{"type":"Feature","geometry":{"type":"MultiLineString","coordinates":[[[18.7433,43.492],[18.7364,43.4964],[18.7302,43.4971],[18.7159,43.5026],[18.7064,43.5024],[18.7015,43.501],[18.6965,43.5024],[18.695,43.5042],[18.6758,43.5086],[18.658,43.5198],[18.6532,43.5214],[18.6491,43.519],[18.6484,43.516],[18.6439,43.5143],[18.6409,43.5158],[18.6279,43.5114],[18.6218,43.515],[18.6243,43.5174],[18.6213,43.5194],[18.6224,43.5232],[18.6181,43.5274],[18.6159,43.5279],[18.6106,43.5258],[18.6021,43.5273],[18.5982,43.5299],[18.5977,43.532],[18.5913,43.5359],[18.5746,43.5333],[18.5729,43.53],[18.5692,43.5298],[18.5661,43.5328],[18.5637,43.5331],[18.5584,43.531],[18.5524,43.5341],[18.5551,43.5374],[18.5596,43.5391],[18.5542,43.548],[18.5557,43.552],[18.5575,43.5527],[18.5586,43.557],[18.5654,43.5604],[18.5662,43.5667],[18.5687,43.57],[18.5741,43.5709],[18.5715,43.5788],[18.5632,43.5813],[18.557,43.5778],[18.5535,43.5801],[18.5353,43.5779],[18.5293,43.5806],[18.526,43.5806],[18.5188,43.5848],[18.5182,43.5885],[18.516,43.5912],[18.5102,43.5945],[18.5058,43.5958],[18.4971,43.5959],[18.4941,43.5992],[18.4872,43.6029],[18.4805,43.6044],[18.48,43.6109],[18.4827,43.6134],[18.4756,43.6147],[18.4703,43.6188],[18.4665,43.6236],[18.4676,43.6267],[18.4645,43.6304],[18.4605,43.6307],[18.4574,43.6363],[18.4512,43.6404],[18.4438,43.655],[18.444,43.6611],[18.4487,43.6694],[18.4482,43.6773],[18.4459,43.6786],[18.4449,43.6819],[18.4471,43.6844],[18.4449,43.6893],[18.4465,43.6957]]]},"properties":{"kind":"roman-road","source":"itinere-roads"}},{"type":"Feature","geometry":{"type":"MultiLineString","coordinates":[[[18.2897,43.9892],[18.287,43.9929],[18.2842,43.9918],[18.2645,43.9929],[18.2599,44.0003],[18.2562,43.9996]]]},"properties":{"kind":"roman-road","source":"itinere-roads"}},{"type":"Feature","geometry":{"type":"MultiLineString","coordinates":[[[18.1825,43.9906],[18.1868,43.989],[18.1949,43.9921],[18.2,43.9926],[18.2103,43.9978],[18.2148,43.9983],[18.2295,43.99],[18.235,43.9915],[18.248,44.0026],[18.2507,44.0001],[18.2562,43.9996]]]},"properties":{"kind":"roman-road","source":"itinere-roads"}},{"type":"Feature","geometry":{"type":"MultiLineString","coordinates":[[[18.3318,44.1688],[18.3338,44.1681],[18.3383,44.1713],[18.3436,44.1707],[18.3421,44.1736],[18.3528,44.1735],[18.3632,44.1714],[18.3739,44.1745],[18.3752,44.1729],[18.3815,44.1732],[18.3872,44.1708],[18.3993,44.1712],[18.4094,44.1758],[18.4068,44.1807],[18.4076,44.1855],[18.402,44.1893],[18.4022,44.1945],[18.4082,44.1966],[18.4113,44.2031],[18.4139,44.2035],[18.4179,44.21],[18.4323,44.2056],[18.4369,44.2117],[18.4345,44.2152],[18.4196,44.2165],[18.4174,44.2204],[18.4115,44.2249],[18.4151,44.2298],[18.4166,44.2348],[18.4275,44.2369],[18.4318,44.2299],[18.436,44.2276],[18.4392,44.2278],[18.4381,44.2305],[18.4385,44.2357],[18.4353,44.239],[18.4348,44.2461],[18.4289,44.248],[18.4256,44.2518],[18.4253,44.2565],[18.4223,44.2597],[18.4249,44.2613],[18.4268,44.266],[18.4293,44.268],[18.4263,44.2725],[18.4264,44.2751],[18.4308,44.2773],[18.4269,44.2811],[18.4285,44.284],[18.4249,44.285],[18.4261,44.2882],[18.4209,44.2989],[18.4143,44.3007],[18.4125,44.3032],[18.4142,44.3122],[18.413,44.3162],[18.423,44.319],[18.4234,44.3229],[18.4144,44.326],[18.4081,44.3261],[18.4072,44.3298],[18.4038,44.3346],[18.4062,44.3406],[18.405,44.3424],[18.397,44.3436],[18.3953,44.3461],[18.3951,44.3505],[18.3991,44.3495],[18.4224,44.3541],[18.4286,44.3523],[18.4387,44.3542],[18.449,44.3659],[18.4531,44.3665],[18.4565,44.3689],[18.463,44.3696],[18.4651,44.3722],[18.4708,44.3744],[18.4826,44.3735],[18.4897,44.3753],[18.4964,44.3788],[18.5068,44.3799],[18.5096,44.3831],[18.5172,44.3866],[18.5199,44.386],[18.5272,44.3885],[18.5284,44.3906],[18.5266,44.3956],[18.528,44.3994],[18.5254,44.4051],[18.51,44.3985],[18.5061,44.3985],[18.492,44.4036],[18.4876,44.4016],[18.4801,44.4022],[18.4782,44.4057],[18.4811,44.4094],[18.4784,44.4127],[18.4844,44.4173],[18.4832,44.421],[18.4794,44.4216],[18.4768,44.4264],[18.4766,44.4297],[18.4711,44.434],[18.457,44.4331],[18.4546,44.434],[18.4568,44.4373],[18.4546,44.4382],[18.4534,44.4428],[18.4483,44.445],[18.4461,44.4491],[18.4414,44.4532],[18.4424,44.4569],[18.445,44.4598],[18.4505,44.4596],[18.4586,44.463],[18.4606,44.4658],[18.4652,44.4672],[18.4744,44.468],[18.4755,44.4712],[18.4805,44.4768],[18.48,44.4782],[18.4827,44.4843],[18.4822,44.4903],[18.4764,44.4932],[18.4742,44.4968],[18.4682,44.4993],[18.4569,44.5015],[18.4539,44.5049],[18.4541,44.5077],[18.4596,44.5137],[18.4802,44.5123],[18.4838,44.5108],[18.4932,44.5099],[18.5061,44.5056],[18.5084,44.508],[18.5088,44.5135],[18.5111,44.5176],[18.515,44.5192],[18.5161,44.5215],[18.5351,44.5349],[18.5388,44.5326],[18.5512,44.5195],[18.5653,44.5135],[18.5855,44.5172],[18.5894,44.5198],[18.6026,44.5223],[18.6075,44.5256],[18.617,44.5286],[18.6357,44.5307],[18.6385,44.5327],[18.6527,44.5358],[18.6542,44.5378],[18.6615,44.5404],[18.6851,44.5341],[18.6973,44.5343],[18.6962,44.5434],[18.6922,44.5477],[18.6959,44.5642],[18.6918,44.5754],[18.692,44.5818],[18.6892,44.5839],[18.6851,44.5844],[18.6816,44.5889],[18.6816,44.5914],[18.6866,44.594],[18.6877,44.5965],[18.6833,44.5981],[18.6849,44.6016],[18.6879,44.6033],[18.6886,44.6078],[18.6861,44.6084],[18.6898,44.6118],[18.6875,44.614],[18.6839,44.6145],[18.6819,44.6173],[18.6798,44.6288],[18.6871,44.6293],[18.6892,44.6317],[18.6947,44.6299],[18.7012,44.6327],[18.7009,44.6383],[18.7094,44.6417],[18.7145,44.6483],[18.7228,44.649],[18.721,44.6518],[18.7263,44.6534],[18.7293,44.6558],[18.7291,44.6593],[18.734,44.6691],[18.7377,44.6683],[18.7402,44.6696],[18.7496,44.6672],[18.7599,44.662],[18.7793,44.6597],[18.7827,44.6567],[18.7886,44.6557],[18.7982,44.6465],[18.8021,44.6452],[18.8109,44.6448],[18.8139,44.647],[18.8229,44.6459],[18.8356,44.6479]]]},"properties":{"kind":"roman-road","source":"itinere-roads"}},{"type":"Feature","geometry":{"type":"MultiLineString","coordinates":[[[16.2459,43.5184],[16.2394,43.5174],[16.2346,43.5188],[16.2234,43.519],[16.2113,43.5148],[16.1591,43.513],[16.1555,43.5162],[16.1441,43.5151],[16.1406,43.5206],[16.1309,43.5212],[16.1269,43.516],[16.1167,43.5166],[16.1163,43.5141],[16.0895,43.5126],[16.0641,43.5184],[16.0447,43.5255],[16.0388,43.5288],[16.0146,43.5326],[15.9893,43.5408],[15.9773,43.5417],[15.9699,43.5406],[15.9626,43.5453],[15.9591,43.5551],[15.9564,43.5572],[15.9503,43.5581],[15.9456,43.5631],[15.9466,43.5687],[15.935,43.5818],[15.9357,43.587],[15.943,43.5865],[15.9504,43.5844],[15.9542,43.5816],[15.9626,43.5795],[15.9634,43.5835],[15.9674,43.59],[15.9674,43.5929],[15.971,43.5959],[15.9689,43.6041],[15.9706,43.6073],[15.9758,43.6097],[15.9764,43.6171],[15.9821,43.6205],[15.976,43.6232],[15.9758,43.6259],[15.9686,43.629],[15.9754,43.63],[15.9746,43.6328],[15.961,43.6391],[15.9511,43.6465],[15.9525,43.6515],[15.9468,43.6556],[15.9495,43.6592],[15.9388,43.668],[15.9452,43.6702],[15.9477,43.6766],[15.9502,43.6783],[15.9637,43.6802],[15.9679,43.6849]]]},"properties":{"kind":"roman-road","source":"itinere-roads"}},{"type":"Feature","geometry":{"type":"MultiLineString","coordinates":[[[15.7798,43.8364],[15.7783,43.8309],[15.8034,43.7987],[15.8208,43.7905],[15.823,43.7869]]]},"properties":{"kind":"roman-road","source":"itinere-roads"}},{"type":"Feature","geometry":{"type":"MultiLineString","coordinates":[[[15.9679,43.6849],[15.9585,43.6907],[15.9569,43.6934],[15.9303,43.7063],[15.926,43.7069],[15.9115,43.7167],[15.9079,43.7222],[15.905,43.7236],[15.903,43.7275],[15.8963,43.7312],[15.8968,43.732],[15.8912,43.737],[15.8912,43.7407],[15.8877,43.7462],[15.8835,43.7482],[15.8811,43.7546],[15.8789,43.7564],[15.8701,43.7584],[15.8574,43.7692],[15.8482,43.7714],[15.8463,43.7732]]]},"properties":{"kind":"roman-road","source":"itinere-roads"}},{"type":"Feature","geometry":{"type":"MultiLineString","coordinates":[[[15.9679,43.6849],[15.9804,43.6799],[16.0053,43.6742],[16.0114,43.6751],[16.0115,43.6773],[16.0196,43.6935],[16.0235,43.6971],[16.0223,43.6988],[16.0262,43.7044]]]},"properties":{"kind":"roman-road","source":"itinere-roads"}},{"type":"Feature","geometry":{"type":"MultiLineString","coordinates":[[[13.4361,46.0884],[13.4219,46.0801],[13.4173,46.0617],[13.4098,46.0516],[13.4062,46.0415],[13.3983,46.0309],[13.3951,46.0221],[13.3889,46.019],[13.3881,46.0118],[13.3915,46.0078],[13.392,46.0027],[13.3906,45.9973],[13.3924,45.9928],[13.397,45.9904],[13.4003,45.9863],[13.401,45.9824],[13.3968,45.9785],[13.3982,45.9648],[13.3942,45.9528],[13.3946,45.9455],[13.3883,45.9307],[13.3732,45.9213],[13.3466,45.9137],[13.3475,45.8921],[13.3506,45.8851],[13.3479,45.8792],[13.3486,45.8763],[13.344,45.8748],[13.3417,45.8703],[13.3337,45.863],[13.3303,45.8617],[13.3226,45.8617],[13.3193,45.8557]]]},"properties":{"kind":"roman-road","source":"itinere-roads"}},{"type":"Feature","geometry":{"type":"MultiLineString","coordinates":[[[15.6228,44.0315],[15.6425,44.0182],[15.6604,44.0082],[15.6754,44.0153],[15.6755,44.0196],[15.6854,44.0276],[15.681,44.0308]]]},"properties":{"kind":"roman-road","source":"itinere-roads"}},{"type":"Feature","geometry":{"type":"MultiLineString","coordinates":[[[13.5122,45.4709],[13.5199,45.4633],[13.5191,45.456],[13.5201,45.4493],[13.5268,45.436],[13.5236,45.4333],[13.5241,45.4312]]]},"properties":{"kind":"roman-road","source":"itinere-roads"}},{"type":"Feature","geometry":{"type":"MultiLineString","coordinates":[[[13.5059,45.492],[13.5009,45.4859],[13.5029,45.4813],[13.5069,45.4797],[13.5122,45.4709]]]},"properties":{"kind":"roman-road","source":"itinere-roads"}},{"type":"Feature","geometry":{"type":"MultiLineString","coordinates":[[[13.5744,45.5216],[13.5715,45.5181],[13.5849,45.5132],[13.5943,45.5138],[13.5943,45.5093],[13.5982,45.5085],[13.6046,45.5033],[13.6135,45.499],[13.61,45.493],[13.6131,45.49],[13.6187,45.4882],[13.62,45.4852],[13.6229,45.4836],[13.6229,45.4812],[13.6177,45.475],[13.6184,45.4708],[13.6219,45.4651],[13.6216,45.4623],[13.6297,45.4566],[13.6372,45.4552]]]},"properties":{"kind":"roman-road","source":"itinere-roads"}},{"type":"Feature","geometry":{"type":"MultiLineString","coordinates":[[[15.4148,45.5078],[15.4227,45.5025],[15.4226,45.4987],[15.4243,45.4959],[15.4322,45.4926],[15.4374,45.4856],[15.4474,45.4821],[15.4487,45.4775],[15.4517,45.4761],[15.4484,45.4702],[15.4556,45.4623],[15.4583,45.4615],[15.462,45.456],[15.4554,45.4532],[15.4546,45.4491],[15.4571,45.4467],[15.464,45.4454],[15.4626,45.4428],[15.4745,45.438],[15.4791,45.4332],[15.4898,45.4286]]]},"properties":{"kind":"roman-road","source":"itinere-roads"}},{"type":"Feature","geometry":{"type":"MultiLineString","coordinates":[[[11.4255,46.9014],[11.4231,46.8946],[11.4297,46.8852],[11.4785,46.8708],[11.5069,46.861],[11.5336,46.8314],[11.5387,46.8168],[11.5574,46.8121],[11.5723,46.8064],[11.5964,46.8008],[11.6041,46.7969],[11.6217,46.7796],[11.6281,46.7765]]]},"properties":{"kind":"roman-road","source":"itinere-roads"}},{"type":"Feature","geometry":{"type":"MultiLineString","coordinates":[[[16.2872,43.5337],[16.2783,43.531],[16.262,43.5213],[16.2542,43.5187],[16.2459,43.5184]]]},"properties":{"kind":"roman-road","source":"itinere-roads"}},{"type":"Feature","geometry":{"type":"MultiLineString","coordinates":[[[15.2409,44.8692],[15.223,44.8701],[15.2208,44.8718],[15.2102,44.8741],[15.2027,44.8781],[15.1929,44.8887],[15.1843,44.8938],[15.1833,44.8994],[15.1519,44.9186],[15.1375,44.9247],[15.1327,44.9318],[15.1216,44.9439],[15.1068,44.9502],[15.0891,44.9615],[15.0751,44.9646]]]},"properties":{"kind":"roman-road","source":"itinere-roads"}},{"type":"Feature","geometry":{"type":"MultiLineString","coordinates":[[[15.0751,44.9646],[15.0684,44.9651],[15.0589,44.9688],[15.0536,44.9661],[15.0394,44.9625],[15.0357,44.9627],[15.0327,44.9605],[15.0251,44.9645],[15.0062,44.9704],[14.9925,44.9778],[14.9801,44.9802],[14.974,44.9794],[14.9674,44.9755],[14.9615,44.9759],[14.9548,44.9799],[14.9509,44.9787],[14.9393,44.9839],[14.9093,44.9867],[14.9025,44.9889]]]},"properties":{"kind":"roman-road","source":"itinere-roads"}},{"type":"Feature","geometry":{"type":"MultiLineString","coordinates":[[[17.0281,44.4323],[17.0329,44.4275],[17.0397,44.4237],[17.0487,44.4239],[17.062,44.4176],[17.0674,44.4169],[17.0752,44.4183],[17.0822,44.4166],[17.085,44.4175]]]},"properties":{"kind":"roman-road","source":"itinere-roads"}},{"type":"Feature","geometry":{"type":"MultiLineString","coordinates":[[[17.2501,45.1435],[17.2558,45.1472],[17.2803,45.1525],[17.2924,45.1526],[17.3102,45.1463],[17.3197,45.1446],[17.3217,45.1419],[17.3323,45.141],[17.3515,45.1365],[17.3639,45.1356],[17.3832,45.1313],[17.3919,45.1275],[17.3968,45.127],[17.4101,45.132],[17.4222,45.1301],[17.4384,45.1243],[17.452,45.1214],[17.4706,45.1112],[17.4778,45.1057],[17.4906,45.1047],[17.5097,45.1],[17.5154,45.0974]]]},"properties":{"kind":"roman-road","source":"itinere-roads"}},{"type":"Feature","geometry":{"type":"MultiLineString","coordinates":[[[17.6482,43.0569],[17.6471,43.0609],[17.6365,43.0758],[17.6296,43.0794],[17.6226,43.0872],[17.6162,43.0996],[17.5989,43.1102],[17.5952,43.1147],[17.5801,43.1401],[17.5765,43.1493],[17.5652,43.1627],[17.5547,43.1678],[17.5381,43.1713],[17.5274,43.1761],[17.5229,43.1797]]]},"properties":{"kind":"roman-road","source":"itinere-roads"}},{"type":"Feature","geometry":{"type":"MultiLineString","coordinates":[[[18.3512,42.7776],[18.3582,42.7772],[18.3622,42.7785],[18.3722,42.7775],[18.3795,42.7749],[18.3868,42.7751],[18.3918,42.774],[18.3995,42.7688]]]},"properties":{"kind":"roman-road","source":"itinere-roads"}},{"type":"Feature","geometry":{"type":"MultiLineString","coordinates":[[[18.3512,42.7776],[18.3574,42.766],[18.3612,42.7641],[18.3943,42.7377],[18.3948,42.7297],[18.3924,42.725],[18.392,42.718],[18.3943,42.7148],[18.3942,42.7104],[18.3977,42.7084]]]},"properties":{"kind":"roman-road","source":"itinere-roads"}},{"type":"Feature","geometry":{"type":"MultiLineString","coordinates":[[[18.3995,42.7688],[18.4023,42.7706],[18.4062,42.7792],[18.4117,42.7815],[18.4134,42.7857],[18.417,42.7852],[18.426,42.7918],[18.4373,42.7887],[18.4492,42.7833],[18.45,42.7815],[18.456,42.7818],[18.474,42.7767]]]},"properties":{"kind":"roman-road","source":"itinere-roads"}},{"type":"Feature","geometry":{"type":"MultiLineString","coordinates":[[[14.5024,46.0461],[14.5041,46.0548]]]},"properties":{"kind":"roman-road","source":"itinere-roads"}},{"type":"Feature","geometry":{"type":"MultiLineString","coordinates":[[[16.1156,45.8236],[16.1187,45.8186],[16.1183,45.8085],[16.1199,45.8052],[16.1183,45.7984],[16.1209,45.7929],[16.1151,45.78],[16.1153,45.776],[16.1182,45.7702],[16.1324,45.763],[16.1414,45.762],[16.1698,45.7397],[16.2117,45.702],[16.2124,45.6987],[16.234,45.6895],[16.2437,45.6885],[16.2465,45.6796],[16.2444,45.6691],[16.2501,45.6664],[16.2532,45.6584],[16.261,45.6561],[16.2615,45.654],[16.2649,45.6525],[16.2687,45.6531],[16.2721,45.6488],[16.2769,45.6474],[16.2849,45.6359],[16.2834,45.6327],[16.2856,45.6295],[16.2924,45.6305],[16.2975,45.6348],[16.3025,45.6337],[16.306,45.6354],[16.3118,45.6347],[16.3089,45.6308],[16.3241,45.6237],[16.3312,45.6161],[16.3352,45.6147],[16.3408,45.6162],[16.346,45.6108],[16.3522,45.6079],[16.3465,45.6042],[16.3446,45.5995],[16.3474,45.5918],[16.3508,45.5877],[16.3565,45.5861],[16.3644,45.5875],[16.3775,45.5834],[16.3807,45.5784],[16.3751,45.5758],[16.3755,45.5679],[16.3779,45.558],[16.3755,45.547],[16.3788,45.5419],[16.3783,45.5334],[16.3799,45.5291]]]},"properties":{"kind":"roman-road","source":"itinere-roads"}},{"type":"Feature","geometry":{"type":"MultiLineString","coordinates":[[[16.5921,43.5993],[16.5949,43.6018],[16.5931,43.6064],[16.6007,43.6081],[16.5984,43.6114],[16.5945,43.6241],[16.5957,43.6364],[16.5974,43.64],[16.6034,43.6431],[16.6184,43.643],[16.6258,43.6453],[16.639,43.6539],[16.6471,43.666],[16.6492,43.6666],[16.6485,43.6782],[16.6501,43.6827]]]},"properties":{"kind":"roman-road","source":"itinere-roads"}},{"type":"Feature","geometry":{"type":"MultiLineString","coordinates":[[[16.4845,43.5389],[16.4944,43.5412],[16.5101,43.5562],[16.5187,43.5581],[16.5236,43.5614],[16.5321,43.5704],[16.5316,43.5729]]]},"properties":{"kind":"roman-road","source":"itinere-roads"}},{"type":"Feature","geometry":{"type":"MultiLineString","coordinates":[[[16.5316,43.5729],[16.538,43.5764],[16.5434,43.5771],[16.5635,43.5846],[16.5794,43.597],[16.5921,43.5993]]]},"properties":{"kind":"roman-road","source":"itinere-roads"}},{"type":"Feature","geometry":{"type":"MultiLineString","coordinates":[[[16.6501,43.6827],[16.6454,43.694],[16.637,43.702]]]},"properties":{"kind":"roman-road","source":"itinere-roads"}},{"type":"Feature","geometry":{"type":"MultiLineString","coordinates":[[[17.1058,45.4218],[17.11,45.4201],[17.125,45.4195],[17.1517,45.4152],[17.1618,45.4148],[17.1761,45.4208],[17.1834,45.4266],[17.1972,45.4503],[17.2062,45.4546],[17.2206,45.4581],[17.2262,45.4581],[17.2282,45.4601],[17.2382,45.4627],[17.2431,45.4672],[17.2501,45.4668],[17.2717,45.4705],[17.2834,45.4688],[17.3093,45.4727],[17.3239,45.4722],[17.3453,45.4675],[17.3518,45.4684],[17.3643,45.4677],[17.3735,45.4698],[17.3799,45.468],[17.3995,45.4663],[17.416,45.4603],[17.4253,45.4544],[17.4317,45.4539],[17.4385,45.4575],[17.4465,45.4553],[17.4506,45.4576],[17.4563,45.4572],[17.4709,45.4475],[17.4973,45.4355],[17.5084,45.4255],[17.511,45.421],[17.5124,45.4023],[17.5159,45.3968],[17.5216,45.3923],[17.5259,45.3864],[17.5395,45.3811],[17.5472,45.3797],[17.5708,45.3656],[17.5811,45.3617],[17.6093,45.3542],[17.6205,45.3496],[17.6231,45.3456],[17.642,45.339],[17.6669,45.3374],[17.6889,45.3439],[17.7084,45.3419],[17.7171,45.3455],[17.7246,45.3536],[17.7329,45.3574],[17.7392,45.3576]]]},"properties":{"kind":"roman-road","source":"itinere-roads"}},{"type":"Feature","geometry":{"type":"MultiLineString","coordinates":[[[18.6986,45.1017],[18.7039,45.1399],[18.7078,45.1544],[18.6991,45.1703],[18.7,45.1821],[18.6973,45.1924]]]},"properties":{"kind":"roman-road","source":"itinere-roads"}},{"type":"Feature","geometry":{"type":"MultiLineString","coordinates":[[[18.6973,45.1924],[18.7346,45.2229],[18.7414,45.2262],[18.7424,45.2301],[18.7955,45.273],[18.804,45.2903]]]},"properties":{"kind":"roman-road","source":"itinere-roads"}},{"type":"Feature","geometry":{"type":"MultiLineString","coordinates":[[[15.0751,44.9646],[15.0664,44.9721],[15.0667,44.9746],[15.0698,44.9789],[15.0668,44.9837],[15.0701,44.9864],[15.0737,44.9939],[15.0813,44.9942],[15.0912,44.9923],[15.1032,44.9945],[15.1165,44.9933],[15.124,44.998],[15.1329,45.0006],[15.1401,45.0061],[15.1415,45.0086],[15.1588,45.0186],[15.1582,45.0223],[15.1652,45.0271],[15.1717,45.0294],[15.1782,45.0344],[15.184,45.0496],[15.1883,45.0519],[15.2002,45.0528],[15.2073,45.0562],[15.2095,45.0597],[15.2077,45.062],[15.2094,45.0663],[15.2093,45.0746],[15.2077,45.0772],[15.2125,45.0995],[15.217,45.1004],[15.2165,45.105],[15.2229,45.108],[15.2228,45.1115],[15.2264,45.1152],[15.2305,45.1148],[15.2339,45.1172],[15.2338,45.1219],[15.2373,45.1271],[15.244,45.132],[15.257,45.1357],[15.2602,45.1383],[15.26,45.1405],[15.2641,45.1436],[15.2652,45.1467],[15.2685,45.146],[15.269,45.1511],[15.2762,45.1567],[15.2814,45.1591],[15.2868,45.1654],[15.2884,45.1693],[15.288,45.1795]]]},"properties":{"kind":"roman-road","source":"itinere-roads"}},{"type":"Feature","geometry":{"type":"MultiLineString","coordinates":[[[13.8493,44.8856],[13.8484,44.869],[13.8456,44.8645]]]},"properties":{"kind":"roman-road","source":"itinere-roads"}},{"type":"Feature","geometry":{"type":"MultiLineString","coordinates":[[[13.8474,44.8889],[13.8493,44.8856]]]},"properties":{"kind":"roman-road","source":"itinere-roads"}},{"type":"Feature","geometry":{"type":"MultiLineString","coordinates":[[[13.5982,45.22],[13.6041,45.2095],[13.6052,45.2021],[13.6077,45.1991],[13.6131,45.198],[13.6215,45.1919],[13.6278,45.1913],[13.6306,45.1888],[13.6352,45.1875],[13.6376,45.1841],[13.6532,45.1805],[13.6621,45.1754],[13.6827,45.1741],[13.6853,45.1751],[13.6917,45.1725],[13.6956,45.1726],[13.6984,45.1701],[13.7045,45.1592],[13.7097,45.1557],[13.7111,45.1507],[13.7198,45.1497],[13.7383,45.1371],[13.7427,45.1371],[13.75,45.1258],[13.7546,45.1213],[13.7664,45.117],[13.7681,45.1081]]]},"properties":{"kind":"roman-road","source":"itinere-roads"}},{"type":"Feature","geometry":{"type":"MultiLineString","coordinates":[[[13.6055,45.2427],[13.6012,45.2321],[13.6012,45.2269],[13.5982,45.22]]]},"properties":{"kind":"roman-road","source":"itinere-roads"}},{"type":"Feature","geometry":{"type":"MultiLineString","coordinates":[[[13.7647,45.5534],[13.7627,45.5472],[13.7601,45.5438],[13.7502,45.5364],[13.7494,45.5343],[13.7351,45.5352]]]},"properties":{"kind":"roman-road","source":"itinere-roads"}},{"type":"Feature","geometry":{"type":"MultiLineString","coordinates":[[[13.7351,45.5352],[13.7353,45.5284],[13.7335,45.5256],[13.7302,45.5253],[13.7222,45.5212],[13.7127,45.5227],[13.7095,45.519],[13.7049,45.5181],[13.7017,45.5144],[13.7047,45.507],[13.6942,45.504],[13.6833,45.5028],[13.676,45.4933],[13.6714,45.4804],[13.6731,45.4754],[13.672,45.4725],[13.6593,45.4643],[13.6569,45.4601],[13.6577,45.4562],[13.6546,45.4525],[13.6444,45.4541]]]},"properties":{"kind":"roman-road","source":"itinere-roads"}},{"type":"Feature","geometry":{"type":"MultiLineString","coordinates":[[[13.6338,45.7733],[13.6574,45.7591],[13.6641,45.7531],[13.6721,45.7498],[13.6918,45.7369],[13.7142,45.7248],[13.7245,45.7175],[13.728,45.7142],[13.734,45.7021],[13.744,45.6936],[13.7449,45.6891],[13.7574,45.6801],[13.7557,45.6768],[13.7626,45.6662],[13.7696,45.6613],[13.7726,45.6561],[13.7753,45.6551],[13.7775,45.6508],[13.7765,45.6446]]]},"properties":{"kind":"roman-road","source":"itinere-roads"}},{"type":"Feature","geometry":{"type":"MultiLineString","coordinates":[[[14.2758,45.2913],[14.2751,45.2985],[14.2793,45.303],[14.2802,45.307],[14.2899,45.3188],[14.2956,45.3211],[14.2996,45.3297],[14.3152,45.3479],[14.3168,45.3525],[14.3204,45.3559],[14.3227,45.3559]]]},"properties":{"kind":"roman-road","source":"itinere-roads"}},{"type":"Feature","geometry":{"type":"MultiLineString","coordinates":[[[16.3709,45.495],[16.3725,45.4828],[16.3678,45.4818],[16.3721,45.4633],[16.3703,45.4501],[16.3677,45.4435],[16.3558,45.4389],[16.3553,45.4363],[16.3499,45.4298],[16.3609,45.4042],[16.3637,45.3941],[16.3618,45.3908],[16.3568,45.3878]]]},"properties":{"kind":"roman-road","source":"itinere-roads"}},{"type":"Feature","geometry":{"type":"MultiLineString","coordinates":[[[16.2769,45.3638],[16.2798,45.3624],[16.2834,45.3524],[16.2912,45.3494],[16.2924,45.3408],[16.2881,45.3356],[16.2883,45.3318],[16.2861,45.3296],[16.2863,45.3248],[16.2813,45.3204],[16.2832,45.3175],[16.2843,45.3109],[16.284,45.3029],[16.2858,45.2916],[16.2851,45.2881],[16.2876,45.2803],[16.2875,45.269],[16.2862,45.2657],[16.2868,45.2572],[16.2853,45.2523],[16.275,45.2445],[16.2761,45.2419],[16.2742,45.2357],[16.2755,45.2268],[16.2728,45.2183],[16.2656,45.2111],[16.266,45.1994],[16.2624,45.1931],[16.258,45.1888],[16.2516,45.1864],[16.2573,45.1823],[16.2562,45.1784],[16.2619,45.1704],[16.2711,45.1648],[16.2736,45.1603],[16.2728,45.1587],[16.2752,45.1504],[16.2815,45.1424],[16.2809,45.1397],[16.2846,45.1292],[16.2794,45.1196],[16.2797,45.1118],[16.2861,45.1069],[16.3004,45.0905],[16.3077,45.0887],[16.319,45.081],[16.3277,45.0786],[16.3383,45.0821],[16.3525,45.0748],[16.3649,45.0724],[16.3723,45.0676],[16.375,45.0619],[16.3741,45.059],[16.3819,45.0497]]]},"properties":{"kind":"roman-road","source":"itinere-roads"}},{"type":"Feature","geometry":{"type":"MultiLineString","coordinates":[[[16.6379,44.7985],[16.6393,44.7959],[16.6356,44.7827],[16.6391,44.7796],[16.642,44.7737],[16.6462,44.77]]]},"properties":{"kind":"roman-road","source":"itinere-roads"}},{"type":"Feature","geometry":{"type":"MultiLineString","coordinates":[[[16.3819,45.0497],[16.387,45.0444],[16.4244,45.0351],[16.4465,45.0395],[16.4562,45.0401],[16.4628,45.0368],[16.4601,45.0301],[16.4467,45.0231],[16.4374,45.0136],[16.4293,45.0],[16.4287,44.9955],[16.4254,44.9899],[16.4295,44.9864],[16.4295,44.9828],[16.4401,44.9789],[16.4442,44.9746],[16.4452,44.9703],[16.4642,44.9673],[16.4691,44.9609],[16.4695,44.9541],[16.466,44.953],[16.4639,44.9501],[16.4598,44.9492],[16.4608,44.9455],[16.4586,44.9437],[16.4521,44.9424],[16.4425,44.9442],[16.4369,44.9414],[16.4341,44.9382],[16.4401,44.9307],[16.4387,44.9248],[16.4411,44.9215],[16.4468,44.9194],[16.441,44.911],[16.4418,44.9046],[16.4344,44.902],[16.4303,44.899],[16.4287,44.8923],[16.426,44.8883],[16.4322,44.8827],[16.4461,44.8772],[16.4528,44.8779],[16.4631,44.8769],[16.4675,44.8794],[16.4758,44.8789],[16.4778,44.8765],[16.4778,44.8706],[16.4805,44.8677],[16.4913,44.8639],[16.4885,44.8601],[16.4905,44.858],[16.4947,44.8586],[16.4954,44.8501],[16.5006,44.8431],[16.5101,44.838],[16.5282,44.8396],[16.5299,44.8413],[16.5332,44.84],[16.5396,44.8414],[16.5502,44.8407],[16.5533,44.8384],[16.5616,44.8365],[16.5622,44.8336],[16.5663,44.8319],[16.5674,44.8285],[16.5706,44.8306],[16.5805,44.8268],[16.5903,44.8249],[16.5951,44.8249],[16.6023,44.8289],[16.6086,44.8278],[16.614,44.8218],[16.6187,44.819],[16.6245,44.8102],[16.6282,44.809],[16.6338,44.8017],[16.6379,44.7985]]]},"properties":{"kind":"roman-road","source":"itinere-roads"}},{"type":"Feature","geometry":{"type":"MultiLineString","coordinates":[[[16.3709,45.495],[16.3782,45.5053],[16.38,45.5175],[16.3799,45.5291]]]},"properties":{"kind":"roman-road","source":"itinere-roads"}},{"type":"Feature","geometry":{"type":"MultiLineString","coordinates":[[[16.7813,45.4778],[16.7933,45.4718],[16.8108,45.4656],[16.8308,45.4598],[16.8464,45.4585],[16.8628,45.4539],[16.8733,45.4501],[16.8805,45.4444],[16.8929,45.4402],[16.9043,45.4406],[16.9115,45.4467],[16.917,45.4541],[16.9237,45.4579],[16.9446,45.4579],[16.966,45.4631],[16.9964,45.465],[17.0082,45.4587],[17.0188,45.4497],[17.033,45.4446],[17.0381,45.4393],[17.0865,45.4288],[17.1058,45.4218]]]},"properties":{"kind":"roman-road","source":"itinere-roads"}},{"type":"Feature","geometry":{"type":"MultiLineString","coordinates":[[[16.7813,45.4778],[16.7207,45.4815],[16.7174,45.4771],[16.7117,45.4767],[16.6926,45.4834],[16.6511,45.4904],[16.6351,45.4822],[16.6228,45.4798],[16.6196,45.4765],[16.6044,45.4753],[16.5967,45.4765],[16.5945,45.4794],[16.5953,45.4815],[16.5835,45.4816],[16.5782,45.483],[16.5667,45.4797],[16.5435,45.4797],[16.5153,45.5018],[16.5079,45.494],[16.5003,45.4917],[16.4911,45.4918],[16.4779,45.4848],[16.468,45.4857],[16.4534,45.491],[16.448,45.4911],[16.4387,45.4845],[16.4086,45.4776],[16.3865,45.4788],[16.3789,45.4804],[16.3807,45.4909],[16.3709,45.495]]]},"properties":{"kind":"roman-road","source":"itinere-roads"}},{"type":"Feature","geometry":{"type":"MultiLineString","coordinates":[[[18.5418,45.2829],[18.568,45.2883],[18.5976,45.2865],[18.6058,45.2802],[18.6079,45.2765],[18.6121,45.2756],[18.6356,45.2791],[18.6497,45.2788],[18.6758,45.2837],[18.6859,45.2894],[18.6997,45.2948],[18.7619,45.2889],[18.7908,45.2911],[18.7951,45.2924],[18.804,45.2903]]]},"properties":{"kind":"roman-road","source":"itinere-roads"}},{"type":"Feature","geometry":{"type":"MultiLineString","coordinates":[[[13.8759,46.6348],[13.8763,46.6358]]]},"properties":{"kind":"roman-road","source":"itinere-roads"}},{"type":"Feature","geometry":{"type":"MultiLineString","coordinates":[[[9.5151,42.102],[9.5131,42.1171],[9.5104,42.121],[9.5099,42.1339],[9.5054,42.1487],[9.5083,42.1538],[9.5185,42.1589],[9.5252,42.1638],[9.5291,42.1738],[9.5312,42.1964],[9.5348,42.2012],[9.5336,42.2155],[9.5437,42.2279],[9.5457,42.2362],[9.5455,42.253],[9.549,42.2665],[9.5507,42.2849],[9.5457,42.2966],[9.5294,42.363],[9.5313,42.4084],[9.5273,42.4259],[9.5166,42.4387],[9.5088,42.4414],[9.506,42.4516],[9.4998,42.4592],[9.5008,42.4806],[9.4989,42.498],[9.4938,42.5121],[9.4924,42.5198],[9.4949,42.5392]]]},"properties":{"kind":"roman-road","source":"itinere-roads"}},{"type":"Feature","geometry":{"type":"MultiLineString","coordinates":[[[9.3812,41.9604],[9.3799,41.9671],[9.3742,41.9689],[9.3668,41.976],[9.3673,41.9799],[9.3596,41.9918],[9.3556,41.9954],[9.3557,41.9985],[9.3641,42.0021],[9.3659,42.0105],[9.3637,42.0147],[9.3665,42.0249],[9.365,42.0328],[9.3713,42.0366],[9.3744,42.0408],[9.3793,42.0423],[9.3827,42.0327],[9.3958,42.0217],[9.4052,42.0158],[9.421,42.0363],[9.4331,42.0591],[9.4372,42.0625],[9.5148,42.0933],[9.5151,42.102]]]},"properties":{"kind":"roman-road","source":"itinere-roads"}},{"type":"Feature","geometry":{"type":"MultiLineString","coordinates":[[[15.4823,45.9178],[15.4921,45.9161],[15.5008,45.9163],[15.5117,45.9129],[15.5182,45.9131],[15.5344,45.9105],[15.5491,45.9051],[15.5571,45.8999],[15.5597,45.8963],[15.5685,45.8911]]]},"properties":{"kind":"roman-road","source":"itinere-roads"}},{"type":"Feature","geometry":{"type":"MultiLineString","coordinates":[[[15.5685,45.8911],[15.5998,45.8923],[15.605,45.8906]]]},"properties":{"kind":"roman-road","source":"itinere-roads"}},{"type":"Feature","geometry":{"type":"MultiLineString","coordinates":[[[15.4726,45.9179],[15.4823,45.9178]]]},"properties":{"kind":"roman-road","source":"itinere-roads"}},{"type":"Feature","geometry":{"type":"MultiLineString","coordinates":[[[15.5517,46.7664],[15.5554,46.7544],[15.5607,46.7499],[15.5706,46.7443],[15.5716,46.7329],[15.5753,46.728],[15.5846,46.7274],[15.6024,46.7211],[15.6088,46.7202],[15.6175,46.7146],[15.6297,46.71],[15.6353,46.7053],[15.6394,46.6953],[15.6502,46.6834],[15.6448,46.6683],[15.6511,46.6418],[15.6572,46.6334],[15.663,46.6108],[15.6627,46.6028],[15.6698,46.5954],[15.6664,46.5901],[15.6692,46.5857],[15.67,46.5817],[15.6603,46.5801],[15.6584,46.577],[15.6584,46.5699],[15.6615,46.5658],[15.6626,46.5615]]]},"properties":{"kind":"roman-road","source":"itinere-roads"}},{"type":"Feature","geometry":{"type":"MultiLineString","coordinates":[[[15.6626,46.5615],[15.6606,46.5577],[15.6623,46.5482],[15.6593,46.5417],[15.6477,46.5367],[15.6457,46.5316],[15.652,46.515],[15.6502,46.5034],[15.6517,46.4947],[15.659,46.4721],[15.6562,46.4588],[15.6246,46.4169],[15.613,46.4059],[15.5949,46.394],[15.5703,46.3823]]]},"properties":{"kind":"roman-road","source":"itinere-roads"}},{"type":"Feature","geometry":{"type":"MultiLineString","coordinates":[[[14.4016,46.9662],[14.4164,46.9476],[14.4334,46.9192],[14.4367,46.9055],[14.4429,46.8923]]]},"properties":{"kind":"roman-road","source":"itinere-roads"}},{"type":"Feature","geometry":{"type":"MultiLineString","coordinates":[[[14.3592,46.7014],[14.3448,46.6905]]]},"properties":{"kind":"roman-road","source":"itinere-roads"}},{"type":"Feature","geometry":{"type":"MultiLineString","coordinates":[[[13.8557,46.6208],[13.8678,46.6256],[13.8753,46.6262],[13.8763,46.6285],[13.8759,46.6348]]]},"properties":{"kind":"roman-road","source":"itinere-roads"}},{"type":"Feature","geometry":{"type":"MultiLineString","coordinates":[[[14.5024,46.0461],[14.4952,46.0475],[14.4778,46.0422],[14.4613,46.0354],[14.4555,46.0346],[14.4301,46.0262],[14.4025,46.0223],[14.3841,46.0162],[14.3704,46.008]]]},"properties":{"kind":"roman-road","source":"itinere-roads"}},{"type":"Feature","geometry":{"type":"MultiLineString","coordinates":[[[13.7147,45.8895],[13.7104,45.8923],[13.699,45.8958],[13.6929,45.8959],[13.6812,45.9004],[13.6767,45.8991],[13.6689,45.8995],[13.6517,45.896],[13.6494,45.8967],[13.6352,45.8936],[13.616,45.8985],[13.5829,45.8997],[13.5561,45.9064]]]},"properties":{"kind":"roman-road","source":"itinere-roads"}},{"type":"Feature","geometry":{"type":"MultiLineString","coordinates":[[[14.3704,46.008],[14.36,46.0084],[14.3294,45.9944],[14.3217,45.9898],[14.3022,45.9722],[14.2986,45.9666]]]},"properties":{"kind":"roman-road","source":"itinere-roads"}},{"type":"Feature","geometry":{"type":"MultiLineString","coordinates":[[[13.9098,45.887],[13.8954,45.8873],[13.8769,45.8856],[13.8608,45.8888],[13.843,45.8851],[13.8366,45.885],[13.8185,45.889],[13.8019,45.896],[13.7945,45.8934],[13.7758,45.8939],[13.7673,45.8898],[13.7532,45.8873],[13.7381,45.8882],[13.7354,45.8862],[13.7192,45.8878],[13.7147,45.8895]]]},"properties":{"kind":"roman-road","source":"itinere-roads"}},{"type":"Feature","geometry":{"type":"MultiLineString","coordinates":[[[14.1891,45.8947],[14.1819,45.8944],[14.175,45.8915],[14.1736,45.8867],[14.1683,45.8852],[14.1639,45.8882],[14.1602,45.8817],[14.1567,45.879],[14.1366,45.8725],[14.1331,45.8734],[14.1306,45.8706],[14.1266,45.8693],[14.1209,45.8646],[14.1146,45.8656],[14.1113,45.8636],[14.1016,45.8642],[14.0981,45.8613],[14.0878,45.8613],[14.0816,45.8592],[14.0713,45.8586],[14.0584,45.8659],[14.0377,45.8705],[14.0305,45.8696],[14.013,45.8751],[14.0026,45.88],[13.9861,45.8834],[13.9738,45.8819],[13.9656,45.879],[13.9608,45.879],[13.9412,45.8823],[13.9365,45.8845],[13.9326,45.8839],[13.9306,45.8856],[13.9259,45.8852],[13.9239,45.8869],[13.9098,45.887]]]},"properties":{"kind":"roman-road","source":"itinere-roads"}},{"type":"Feature","geometry":{"type":"MultiLineString","coordinates":[[[14.2986,45.9666],[14.2955,45.9645],[14.292,45.9644],[14.2884,45.9561],[14.285,45.9541],[14.2795,45.9461],[14.2775,45.9394],[14.2728,45.935],[14.2681,45.932],[14.2515,45.9327],[14.249,45.9286],[14.2436,45.9265],[14.2409,45.9235],[14.2367,45.9239],[14.2236,45.9169],[14.2107,45.9149],[14.2032,45.9099],[14.2008,45.905],[14.2005,45.8988],[14.1891,45.8947]]]},"properties":{"kind":"roman-road","source":"itinere-roads"}},{"type":"Feature","geometry":{"type":"MultiLineString","coordinates":[[[13.5561,45.9064],[13.5457,45.9044],[13.5219,45.9037],[13.5018,45.8947],[13.4869,45.8849],[13.4812,45.8826],[13.4726,45.8814]]]},"properties":{"kind":"roman-road","source":"itinere-roads"}},{"type":"Feature","geometry":{"type":"MultiLineString","coordinates":[[[13.4726,45.8814],[13.4671,45.8807],[13.4613,45.8779],[13.4495,45.8698],[13.4345,45.8562],[13.4154,45.8461],[13.4097,45.841],[13.4012,45.8371],[13.402,45.8321],[13.4005,45.8267],[13.3973,45.8257],[13.3937,45.8222],[13.3975,45.8166],[13.3964,45.813],[13.3917,45.8037],[13.3685,45.7696],[13.3709,45.7696]]]},"properties":{"kind":"roman-road","source":"itinere-roads"}},{"type":"Feature","geometry":{"type":"MultiLineString","coordinates":[[[17.5214,43.2097],[17.527,43.1938],[17.5259,43.1922],[17.5269,43.1869],[17.5259,43.1849],[17.5216,43.1825],[17.5229,43.1797]]]},"properties":{"kind":"roman-road","source":"itinere-roads"}},{"type":"Feature","geometry":{"type":"MultiLineString","coordinates":[[[16.7278,43.6178],[16.7301,43.6168]]]},"properties":{"kind":"roman-road","source":"itinere-roads"}},{"type":"Feature","geometry":{"type":"MultiLineString","coordinates":[[[17.0001,43.4864],[17.009,43.4838],[17.0164,43.48],[17.0175,43.4782],[17.0299,43.4726],[17.0387,43.4704],[17.0739,43.4527],[17.1049,43.4439],[17.1057,43.4376],[17.1075,43.4353],[17.1288,43.4307],[17.1354,43.4283],[17.137,43.4266],[17.153,43.4215],[17.1563,43.4215],[17.2019,43.4029],[17.2096,43.3973],[17.2377,43.3888]]]},"properties":{"kind":"roman-road","source":"itinere-roads"}},{"type":"Feature","geometry":{"type":"MultiLineString","coordinates":[[[17.2377,43.3888],[17.2462,43.3853],[17.2517,43.3855],[17.2815,43.3761],[17.2909,43.3699],[17.3054,43.3494],[17.3117,43.3445],[17.3216,43.3394],[17.3277,43.338],[17.3418,43.3294],[17.3563,43.3233],[17.3637,43.3215],[17.3751,43.322],[17.3935,43.31],[17.4041,43.3069],[17.4361,43.2913],[17.441,43.2871],[17.4436,43.2806],[17.4531,43.2723],[17.4541,43.2689],[17.457,43.2665],[17.4592,43.2624],[17.4584,43.2594],[17.4555,43.2566],[17.4646,43.2517],[17.472,43.2439],[17.4857,43.2367],[17.5037,43.2239],[17.5117,43.2209]]]},"properties":{"kind":"roman-road","source":"itinere-roads"}},{"type":"Feature","geometry":{"type":"MultiLineString","coordinates":[[[17.5117,43.2209],[17.514,43.2146],[17.5214,43.2097]]]},"properties":{"kind":"roman-road","source":"itinere-roads"}},{"type":"Feature","geometry":{"type":"MultiLineString","coordinates":[[[16.7301,43.6168],[16.7262,43.6116],[16.7271,43.6069],[16.7292,43.6044],[16.726,43.5986],[16.7294,43.598],[16.7326,43.593],[16.7379,43.5894],[16.7476,43.5787],[16.7635,43.5696],[16.7792,43.5659],[16.7927,43.5646],[16.8094,43.5655],[16.8225,43.5625],[16.8444,43.5529],[16.8547,43.5469],[16.8681,43.535],[16.9083,43.5246],[16.9344,43.5127],[16.9497,43.5033],[16.9771,43.4933],[16.9831,43.4894],[17.0001,43.4864]]]},"properties":{"kind":"roman-road","source":"itinere-roads"}},{"type":"Feature","geometry":{"type":"MultiLineString","coordinates":[[[15.367,45.8818],[15.3709,45.8948],[15.3706,45.908],[15.3759,45.9097],[15.3805,45.9086],[15.3875,45.9043],[15.3959,45.9034],[15.4021,45.905],[15.4114,45.9165],[15.4276,45.9181],[15.4337,45.9209],[15.4509,45.921],[15.4607,45.9184],[15.4726,45.9179]]]},"properties":{"kind":"roman-road","source":"itinere-roads"}},{"type":"Feature","geometry":{"type":"MultiLineString","coordinates":[[[14.5024,46.0461],[14.5077,46.0457],[14.5138,46.0426],[14.5152,46.0388],[14.5355,46.0265],[14.5413,46.0196],[14.5427,46.0115],[14.5447,46.0088],[14.5506,46.0054],[14.5546,45.9979],[14.5611,45.9942],[14.567,45.9877],[14.5754,45.9834]]]},"properties":{"kind":"roman-road","source":"itinere-roads"}},{"type":"Feature","geometry":{"type":"MultiLineString","coordinates":[[[14.5754,45.9834],[14.5774,45.9831],[14.5819,45.9862],[14.5877,45.9861],[14.5942,45.981],[14.6161,45.9748],[14.6291,45.969],[14.645,45.971],[14.6543,45.9692],[14.6611,45.9713],[14.6672,45.9712],[14.6702,45.9727],[14.6845,45.9708],[14.6905,45.9683],[14.7136,45.9698],[14.725,45.9687],[14.7323,45.9659],[14.738,45.961],[14.7549,45.9546],[14.763,45.9479],[14.7706,45.9471],[14.7781,45.9439],[14.7838,45.9369],[14.79,45.9376],[14.8045,45.9355],[14.818,45.9425],[14.8376,45.9491],[14.8465,45.9467],[14.8681,45.9464],[14.8694,45.945],[14.8822,45.9432],[14.8944,45.9396],[14.9145,45.9312],[14.9249,45.9311],[14.931,45.9269],[14.9418,45.922],[14.9522,45.9202],[14.9584,45.9159],[14.9609,45.9118],[14.9698,45.9108],[14.9738,45.9123],[14.9883,45.909],[15.0031,45.9077],[15.0125,45.9082],[15.0247,45.9063]]]},"properties":{"kind":"roman-road","source":"itinere-roads"}},{"type":"Feature","geometry":{"type":"MultiLineString","coordinates":[[[15.0247,45.9063],[15.0374,45.9029],[15.0416,45.9035],[15.0489,45.9015],[15.0608,45.9002],[15.0781,45.901],[15.0817,45.9],[15.0932,45.8883],[15.0964,45.8884],[15.1043,45.8846],[15.1043,45.8816],[15.1126,45.8716],[15.1182,45.8685],[15.1237,45.868],[15.1293,45.8646],[15.1353,45.8642],[15.142,45.8609],[15.1429,45.8547],[15.1491,45.8469],[15.1542,45.8457],[15.1577,45.8428]]]},"properties":{"kind":"roman-road","source":"itinere-roads"}},{"type":"Feature","geometry":{"type":"MultiLineString","coordinates":[[[15.1577,45.8428],[15.1598,45.84],[15.1766,45.8334],[15.1813,45.8293],[15.1905,45.8257]]]},"properties":{"kind":"roman-road","source":"itinere-roads"}},{"type":"Feature","geometry":{"type":"MultiLineString","coordinates":[[[15.1905,45.8257],[15.1978,45.828],[15.2011,45.8317],[15.2083,45.8321],[15.2094,45.8338],[15.2161,45.8331],[15.2223,45.8341],[15.2275,45.8391],[15.2425,45.8414],[15.251,45.8488],[15.2536,45.8521],[15.2549,45.857],[15.2621,45.8616],[15.2846,45.8688],[15.2994,45.8713],[15.3057,45.8747],[15.3232,45.8747],[15.3363,45.8801],[15.3502,45.8764],[15.367,45.8818]]]},"properties":{"kind":"roman-road","source":"itinere-roads"}},{"type":"Feature","geometry":{"type":"MultiLineString","coordinates":[[[18.2467,43.8468],[18.2345,43.8518],[18.2261,43.86],[18.207,43.8683],[18.2061,43.8775],[18.2009,43.8813],[18.1945,43.8844],[18.1858,43.8866],[18.1774,43.8917],[18.1762,43.8944],[18.1687,43.8955],[18.1657,43.899],[18.1623,43.9003],[18.1525,43.8983],[18.137,43.9091],[18.1271,43.9137],[18.1209,43.9199],[18.1082,43.9253],[18.1007,43.9265],[18.0864,43.9331],[18.078,43.9413],[18.0737,43.9478]]]},"properties":{"kind":"roman-road","source":"itinere-roads"}},{"type":"Feature","geometry":{"type":"MultiLineString","coordinates":[[[17.8017,44.1468],[17.7815,44.1615],[17.7564,44.174],[17.7497,44.1739]]]},"properties":{"kind":"roman-road","source":"itinere-roads"}},{"type":"Feature","geometry":{"type":"MultiLineString","coordinates":[[[17.7497,44.1739],[17.7416,44.1829],[17.7332,44.1884],[17.7286,44.1932],[17.7273,44.2],[17.7236,44.204],[17.7165,44.2079]]]},"properties":{"kind":"roman-road","source":"itinere-roads"}},{"type":"Feature","geometry":{"type":"MultiLineString","coordinates":[[[18.0737,43.9478],[18.0659,43.9571],[18.0576,43.9603],[18.0528,43.9641],[18.0549,43.9688],[18.0501,43.9748],[18.0511,43.9775],[18.0459,43.987],[18.0399,43.9923],[18.0401,43.9958],[18.0292,44.0043],[18.0249,44.0116],[18.0152,44.0179],[18.0052,44.0212],[18.0027,44.0231],[18.0007,44.0274],[17.9912,44.0332],[17.9857,44.0346],[17.9813,44.04],[17.9785,44.0411],[17.9764,44.0469],[17.9723,44.0519],[17.9594,44.0593],[17.9505,44.0604],[17.9365,44.0692],[17.9284,44.0718],[17.9158,44.0791],[17.9067,44.0814],[17.8934,44.0881],[17.8854,44.0964],[17.8755,44.1029],[17.8742,44.1075],[17.871,44.1114],[17.8621,44.1123],[17.85,44.1161],[17.8479,44.1195],[17.8381,44.1242],[17.8337,44.1241],[17.8224,44.127],[17.8186,44.1266],[17.8116,44.1315],[17.8081,44.1317],[17.8058,44.1417],[17.8017,44.1468]]]},"properties":{"kind":"roman-road","source":"itinere-roads"}},{"type":"Feature","geometry":{"type":"MultiLineString","coordinates":[[[17.7165,44.2079],[17.706,44.2138],[17.6787,44.2182],[17.673,44.2207],[17.6702,44.2241],[17.6662,44.225]]]},"properties":{"kind":"roman-road","source":"itinere-roads"}},{"type":"Feature","geometry":{"type":"MultiLineString","coordinates":[[[17.6662,44.225],[17.6662,44.2261]]]},"properties":{"kind":"roman-road","source":"itinere-roads"}},{"type":"Feature","geometry":{"type":"MultiLineString","coordinates":[[[17.6662,44.225],[17.6601,44.2277],[17.6435,44.2293],[17.6371,44.2317],[17.629,44.2327],[17.6243,44.2318],[17.6145,44.2336],[17.5988,44.2432],[17.595,44.2446],[17.5892,44.2437]]]},"properties":{"kind":"roman-road","source":"itinere-roads"}},{"type":"Feature","geometry":{"type":"MultiLineString","coordinates":[[[17.5892,44.2437],[17.582,44.2436],[17.5637,44.2478],[17.5577,44.2511],[17.5531,44.2515],[17.5499,44.2541],[17.5407,44.256],[17.5326,44.256],[17.5293,44.2582],[17.5239,44.2581],[17.5146,44.2603],[17.5102,44.2635],[17.5029,44.2656],[17.4997,44.2649],[17.4945,44.2679],[17.4907,44.2724],[17.4796,44.2738],[17.4767,44.276],[17.4701,44.2751],[17.4582,44.276],[17.4514,44.2743],[17.4451,44.2752],[17.4398,44.2787],[17.4332,44.2793],[17.4225,44.277],[17.3917,44.2748],[17.3722,44.2833],[17.3609,44.2836],[17.3556,44.2801],[17.3491,44.2796],[17.3407,44.2819],[17.3309,44.2806],[17.3263,44.2817],[17.3013,44.2953],[17.299,44.2951],[17.2943,44.3022],[17.2932,44.3069],[17.2804,44.3173],[17.2665,44.3263],[17.265,44.3286],[17.2641,44.3359],[17.2675,44.3398],[17.2663,44.3432],[17.2571,44.3446],[17.2519,44.3469],[17.2425,44.3468],[17.2413,44.3488],[17.2371,44.3482],[17.2272,44.3511],[17.2159,44.345],[17.2047,44.3465],[17.1779,44.3558],[17.1678,44.3501]]]},"properties":{"kind":"roman-road","source":"itinere-roads"}},{"type":"Feature","geometry":{"type":"MultiLineString","coordinates":[[[14.2515,45.83],[14.2572,45.8344]]]},"properties":{"kind":"roman-road","source":"itinere-roads"}},{"type":"Feature","geometry":{"type":"MultiLineString","coordinates":[[[14.2572,45.8344],[14.2545,45.8427],[14.2466,45.8507],[14.2446,45.851],[14.2379,45.857],[14.2298,45.8607],[14.2131,45.8732],[14.2017,45.8857],[14.1891,45.8947]]]},"properties":{"kind":"roman-road","source":"itinere-roads"}},{"type":"Feature","geometry":{"type":"MultiLineString","coordinates":[[[13.9098,45.887],[13.9121,45.8816],[13.9186,45.8754],[13.9382,45.8644],[13.9467,45.8521],[13.9619,45.8466],[13.9634,45.8433],[13.956,45.8372],[13.9547,45.8332],[13.9657,45.8066],[13.9712,45.798],[13.975,45.795],[13.9844,45.7921],[13.9956,45.7908],[14.002,45.7849],[14.0076,45.7835],[14.0117,45.7801],[14.0187,45.778],[14.0227,45.7727],[14.0284,45.7709],[14.0314,45.7656],[14.0386,45.7637],[14.0427,45.7613],[14.0457,45.7574],[14.0501,45.7565]]]},"properties":{"kind":"roman-road","source":"itinere-roads"}},{"type":"Feature","geometry":{"type":"MultiLineString","coordinates":[[[14.0501,45.7565],[14.0565,45.7557],[14.0698,45.758],[14.0794,45.7612],[14.0879,45.7602],[14.1136,45.7618],[14.1308,45.7645],[14.1331,45.7673],[14.1372,45.7688],[14.1394,45.7717],[14.1532,45.777],[14.1675,45.7758],[14.172,45.7731],[14.187,45.7701],[14.1973,45.7699],[14.2109,45.773],[14.2154,45.7765],[14.2169,45.7818],[14.226,45.7903],[14.2322,45.8047],[14.2357,45.8077],[14.2341,45.8148],[14.2366,45.8188],[14.2343,45.8214],[14.2349,45.8247],[14.238,45.8263],[14.2484,45.8266],[14.2514,45.8299]]]},"properties":{"kind":"roman-road","source":"itinere-roads"}},{"type":"Feature","geometry":{"type":"MultiLineString","coordinates":[[[16.1959,44.044],[16.1988,44.0392],[16.1999,44.0332],[16.2027,44.0306],[16.2115,44.0272],[16.217,44.022],[16.2138,44.0089],[16.2082,44.0013],[16.2052,43.9923],[16.206,43.9895],[16.2044,43.9779],[16.2123,43.954],[16.2085,43.9501],[16.2026,43.9357],[16.2056,43.9271],[16.2081,43.9099],[16.2103,43.9061],[16.2104,43.8953],[16.2082,43.8881],[16.204,43.8811],[16.1939,43.8699],[16.1881,43.8666],[16.1566,43.8592]]]},"properties":{"kind":"roman-road","source":"itinere-roads"}},{"type":"Feature","geometry":{"type":"MultiLineString","coordinates":[[[15.5029,45.4435],[15.5116,45.4418],[15.5274,45.4352],[15.5316,45.4353],[15.5339,45.4317],[15.5398,45.4287],[15.556,45.4147],[15.5628,45.4066],[15.5673,45.4057],[15.579,45.3969],[15.6065,45.3867],[15.6065,45.3815],[15.6172,45.3752],[15.6242,45.3772],[15.6296,45.3766],[15.6336,45.3788],[15.6492,45.3767],[15.6514,45.3754],[15.6546,45.3701],[15.6612,45.3696],[15.6683,45.3596],[15.6757,45.3552],[15.6765,45.3499],[15.6897,45.3398],[15.6923,45.3337],[15.6908,45.33],[15.6953,45.3266],[15.7068,45.3258],[15.7091,45.3267],[15.7236,45.3384],[15.7402,45.3404],[15.7589,45.3383],[15.7718,45.3441],[15.7786,45.3444],[15.7812,45.3475],[15.791,45.3525],[15.7974,45.3543],[15.8078,45.3529],[15.8121,45.3547],[15.8234,45.3512],[15.8313,45.3541],[15.8392,45.3517],[15.8656,45.3507],[15.8699,45.3478],[15.8784,45.346],[15.8865,45.346],[15.9037,45.337],[15.9355,45.3287],[15.9448,45.3228],[15.9557,45.3194],[15.9697,45.3266],[15.9742,45.3343],[15.9776,45.3351],[16.0062,45.3338],[16.0202,45.3371],[16.0288,45.3374],[16.0398,45.3416],[16.0438,45.3413],[16.0514,45.3432],[16.0574,45.3418],[16.0705,45.342],[16.0784,45.339],[16.0861,45.3417],[16.1012,45.3519],[16.1144,45.3627],[16.1399,45.3754],[16.1729,45.3711],[16.1902,45.3728],[16.206,45.3721],[16.2113,45.3691],[16.216,45.3705],[16.2273,45.3672],[16.2284,45.3654],[16.2403,45.363],[16.2498,45.3594],[16.2637,45.3613],[16.2703,45.3642],[16.2769,45.3638]]]},"properties":{"kind":"roman-road","source":"itinere-roads"}},{"type":"Feature","geometry":{"type":"MultiLineString","coordinates":[[[16.664,44.7646],[16.6586,44.7671],[16.6462,44.77]]]},"properties":{"kind":"roman-road","source":"itinere-roads"}},{"type":"Feature","geometry":{"type":"MultiLineString","coordinates":[[[16.6462,44.77],[16.6582,44.7575],[16.6945,44.7354],[16.6943,44.7294],[16.6911,44.724],[16.6922,44.7212],[16.7003,44.7174],[16.7087,44.7155],[16.7134,44.7098],[16.7172,44.7082],[16.7367,44.6929],[16.7372,44.6903],[16.7346,44.6862],[16.7381,44.6831],[16.7402,44.678],[16.7457,44.6742],[16.7491,44.6682],[16.7561,44.6641],[16.7588,44.656],[16.767,44.6525],[16.7695,44.6491],[16.7705,44.6409],[16.7675,44.6375],[16.7676,44.6329],[16.7579,44.6212],[16.7578,44.6182],[16.7512,44.6122],[16.7507,44.6086],[16.7534,44.6022],[16.7522,44.5988],[16.7495,44.5968],[16.7431,44.5964],[16.7404,44.5944],[16.7352,44.5934],[16.7337,44.591],[16.7357,44.5879],[16.7359,44.5842],[16.7403,44.5802],[16.7369,44.5704],[16.7422,44.5624],[16.7426,44.5586],[16.7405,44.5551]]]},"properties":{"kind":"roman-road","source":"itinere-roads"}},{"type":"Feature","geometry":{"type":"MultiLineString","coordinates":[[[17.1058,45.4218],[17.1193,45.4388],[17.1188,45.442],[17.1254,45.4522],[17.121,45.462],[17.1356,45.4702],[17.1425,45.4722],[17.1506,45.4717],[17.1599,45.4779],[17.1729,45.4819],[17.1745,45.4884],[17.1799,45.4886],[17.1835,45.492],[17.1832,45.4947],[17.1856,45.5011],[17.1892,45.5049],[17.1921,45.5132],[17.1843,45.5181],[17.1822,45.5257],[17.185,45.5327],[17.194,45.5424],[17.2019,45.5455],[17.2151,45.561],[17.2253,45.5688],[17.2247,45.5728],[17.2214,45.5767],[17.2234,45.5928]]]},"properties":{"kind":"roman-road","source":"itinere-roads"}},{"type":"Feature","geometry":{"type":"MultiLineString","coordinates":[[[16.2307,45.8015],[16.2423,45.802],[16.2541,45.7996],[16.2715,45.7954],[16.2785,45.792],[16.3223,45.7796],[16.3596,45.7541],[16.3657,45.7515],[16.3762,45.743],[16.3826,45.7274],[16.3891,45.7152],[16.3941,45.7093],[16.402,45.7057],[16.4503,45.6916],[16.4697,45.6879],[16.4803,45.6818],[16.4935,45.6704],[16.5031,45.6659],[16.5108,45.6599],[16.5288,45.6549],[16.5401,45.641],[16.555,45.6284],[16.5682,45.6206],[16.5696,45.613],[16.5767,45.6067]]]},"properties":{"kind":"roman-road","source":"itinere-roads"}},{"type":"Feature","geometry":{"type":"MultiLineString","coordinates":[[[16.5767,45.6067],[16.582,45.6029],[16.5823,45.5984],[16.5884,45.5886],[16.5978,45.5811],[16.612,45.5801],[16.6258,45.5725],[16.6388,45.5648],[16.6423,45.5583],[16.6466,45.5535],[16.6586,45.5505],[16.6739,45.5502],[16.6795,45.5485],[16.6819,45.5379],[16.6867,45.531],[16.695,45.5132],[16.7258,45.496],[16.7326,45.4939],[16.7382,45.4905],[16.7496,45.4862],[16.7719,45.4814],[16.7813,45.4778]]]},"properties":{"kind":"roman-road","source":"itinere-roads"}},{"type":"Feature","geometry":{"type":"MultiLineString","coordinates":[[[18.6986,45.1017],[18.6954,45.0703],[18.7012,45.0706],[18.7311,45.0617],[18.7513,45.0528]]]},"properties":{"kind":"roman-road","source":"itinere-roads"}},{"type":"Feature","geometry":{"type":"MultiLineString","coordinates":[[[17.1678,44.3501],[17.1634,44.3546],[17.1612,44.3602],[17.1534,44.3673],[17.139,44.3712],[17.1287,44.3779],[17.1268,44.3808],[17.1227,44.3834],[17.1166,44.3849],[17.1101,44.3886],[17.1129,44.3951],[17.1092,44.3994],[17.0908,44.4051],[17.0898,44.4083],[17.0865,44.4104],[17.085,44.4175]]]},"properties":{"kind":"roman-road","source":"itinere-roads"}},{"type":"Feature","geometry":{"type":"MultiLineString","coordinates":[[[16.8171,43.8149],[16.8173,43.8183],[16.8131,43.8297],[16.8137,43.8342],[16.8049,43.8499],[16.7944,43.8628],[16.7936,43.8663],[16.7901,43.8691],[16.7804,43.8727],[16.7775,43.8756]]]},"properties":{"kind":"roman-road","source":"itinere-roads"}},{"type":"Feature","geometry":{"type":"MultiLineString","coordinates":[[[18.2991,42.6308],[18.2953,42.629],[18.2961,42.6261],[18.2939,42.624],[18.295,42.6211],[18.2904,42.613],[18.2943,42.609],[18.2967,42.603]]]},"properties":{"kind":"roman-road","source":"itinere-roads"}},{"type":"Feature","geometry":{"type":"MultiLineString","coordinates":[[[18.2967,42.603],[18.2974,42.5992],[18.2953,42.5961],[18.2937,42.5861],[18.2945,42.5821],[18.3033,42.572],[18.2972,42.5715],[18.2924,42.5606]]]},"properties":{"kind":"roman-road","source":"itinere-roads"}},{"type":"Feature","geometry":{"type":"MultiLineString","coordinates":[[[18.2389,42.5773],[18.2355,42.5798],[18.2298,42.5891],[18.231,42.5977],[18.2331,42.5995],[18.2315,42.6024]]]},"properties":{"kind":"roman-road","source":"itinere-roads"}},{"type":"Feature","geometry":{"type":"MultiLineString","coordinates":[[[18.3977,42.7084],[18.3943,42.7071],[18.3969,42.7044]]]},"properties":{"kind":"roman-road","source":"itinere-roads"}},{"type":"Feature","geometry":{"type":"MultiLineString","coordinates":[[[18.3969,42.7044],[18.3864,42.7032],[18.3705,42.7114],[18.3599,42.7128],[18.3452,42.7089]]]},"properties":{"kind":"roman-road","source":"itinere-roads"}},{"type":"Feature","geometry":{"type":"MultiLineString","coordinates":[[[16.637,43.702],[16.6322,43.7004],[16.621,43.7044],[16.593,43.7067],[16.5827,43.7127],[16.5614,43.7033],[16.5557,43.6983],[16.5443,43.6944],[16.5355,43.6958],[16.5269,43.6942],[16.5148,43.6892],[16.4887,43.6893],[16.479,43.688],[16.4616,43.6918]]]},"properties":{"kind":"roman-road","source":"itinere-roads"}},{"type":"Feature","geometry":{"type":"MultiLineString","coordinates":[[[15.2677,46.234],[15.2716,46.2362],[15.2795,46.2469],[15.2806,46.2521],[15.2836,46.2567],[15.2817,46.2597],[15.2837,46.2658],[15.2909,46.2698],[15.3007,46.2788],[15.3038,46.285],[15.3039,46.2884],[15.3019,46.2909],[15.3036,46.2949],[15.3016,46.3001],[15.3035,46.3014],[15.3094,46.3006],[15.3138,46.3068],[15.3173,46.3205],[15.3157,46.3286],[15.3217,46.3334],[15.3272,46.342],[15.3299,46.344],[15.3335,46.3431],[15.3451,46.3468],[15.3489,46.3532],[15.3597,46.3561],[15.3644,46.359],[15.3665,46.3633]]]},"properties":{"kind":"roman-road","source":"itinere-roads"}},{"type":"Feature","geometry":{"type":"MultiLineString","coordinates":[[[15.3665,46.3633],[15.3737,46.359],[15.3811,46.3584],[15.387,46.3614],[15.3958,46.3595],[15.4011,46.3509],[15.4138,46.3422],[15.4642,46.3399],[15.4781,46.3404],[15.483,46.3456],[15.5007,46.3582],[15.5207,46.3676],[15.5353,46.3725],[15.5607,46.3784],[15.5703,46.3823]]]},"properties":{"kind":"roman-road","source":"itinere-roads"}},{"type":"Feature","geometry":{"type":"MultiLineString","coordinates":[[[15.5703,46.3823],[15.5868,46.3889],[15.5988,46.396],[15.6244,46.3969],[15.6302,46.3958],[15.6355,46.3985],[15.6505,46.4013],[15.6575,46.4054],[15.6857,46.4119],[15.704,46.4082],[15.841,46.4138],[15.8457,46.4154],[15.8667,46.4171],[15.8728,46.4187]]]},"properties":{"kind":"roman-road","source":"itinere-roads"}},{"type":"Feature","geometry":{"type":"MultiLineString","coordinates":[[[9.5295,47.0092],[9.5151,47.0115],[9.5055,47.0116],[9.4859,47.0232],[9.4586,47.0418],[9.4167,47.0545],[9.4,47.0657],[9.3902,47.0698],[9.3774,47.0785],[9.3639,47.0844],[9.3429,47.0998],[9.3242,47.1157],[9.3193,47.1224],[9.3132,47.1282],[9.3091,47.1301],[9.309,47.1321],[9.3055,47.1348],[9.2906,47.1378],[9.2875,47.1365],[9.263,47.137],[9.2603,47.1402],[9.2552,47.143],[9.2452,47.1432],[9.2421,47.1444],[9.2364,47.1418],[9.2304,47.1411],[9.213,47.1423],[9.2024,47.1388],[9.1827,47.1357],[9.1553,47.1372]]]},"properties":{"kind":"roman-road","source":"itinere-roads"}},{"type":"Feature","geometry":{"type":"MultiLineString","coordinates":[[[9.1553,47.1372],[9.1465,47.1368],[9.1326,47.1407],[9.1246,47.1403],[9.1211,47.1414],[9.11,47.1392],[9.1058,47.1365],[9.1019,47.1364],[9.0933,47.1333],[9.069,47.1306],[9.0506,47.1423],[9.0371,47.1741],[9.0242,47.1999],[9.024,47.2039],[9.009,47.2203],[8.995,47.2248],[8.9173,47.2261],[8.9106,47.2251],[8.9079,47.223],[8.8832,47.2179],[8.8744,47.2194],[8.8577,47.2253],[8.8436,47.2273],[8.8185,47.2378],[8.8102,47.2425],[8.7963,47.2461]]]},"properties":{"kind":"roman-road","source":"itinere-roads"}},{"type":"Feature","geometry":{"type":"MultiLineString","coordinates":[[[8.3559,46.5592],[8.3479,46.5624],[8.3377,46.563],[8.3345,46.5668],[8.3395,46.5707],[8.3401,46.5741],[8.333,46.5818],[8.3334,46.5852],[8.3314,46.5888],[8.3226,46.5947],[8.3248,46.598],[8.3133,46.6044],[8.308,46.6105],[8.3082,46.615],[8.3049,46.6165],[8.3071,46.6239],[8.3039,46.6277],[8.304,46.6338],[8.3013,46.638],[8.3018,46.6453],[8.294,46.6506],[8.2848,46.6591],[8.2793,46.6606],[8.2767,46.666],[8.2549,46.6753],[8.2541,46.6777],[8.2422,46.6861],[8.2438,46.6882],[8.2397,46.6924],[8.2402,46.6956],[8.2289,46.7046],[8.2076,46.7109],[8.2052,46.714],[8.1961,46.7156],[8.1919,46.718],[8.1899,46.7232],[8.186,46.7269],[8.1665,46.7311],[8.1572,46.7314],[8.1435,46.7401]]]},"properties":{"kind":"roman-road","source":"itinere-roads"}},{"type":"Feature","geometry":{"type":"MultiLineString","coordinates":[[[8.1435,46.7401],[8.0954,46.744],[8.0791,46.7417],[8.0596,46.741],[8.0599,46.7435],[8.0526,46.7497],[8.0419,46.7554],[8.0283,46.7548],[8.0143,46.7582],[8.0065,46.7554],[8.0011,46.7557],[7.9906,46.7532],[7.9798,46.7487],[7.9717,46.7442],[7.9707,46.741],[7.9675,46.7384],[7.9577,46.736],[7.9557,46.733],[7.9512,46.7318],[7.9478,46.7282],[7.9112,46.7076],[7.9009,46.7053],[7.8937,46.7007],[7.8779,46.6974],[7.8654,46.6892],[7.8512,46.6833],[7.8494,46.6779],[7.8466,46.6753],[7.8232,46.6615],[7.8136,46.6589],[7.8056,46.66],[7.8052,46.6629],[7.8018,46.6638],[7.7868,46.6573],[7.7743,46.6547],[7.7674,46.655],[7.7582,46.6535],[7.7462,46.6581],[7.7184,46.6624],[7.7127,46.667],[7.7022,46.6709],[7.6891,46.6791],[7.6752,46.6895],[7.6694,46.6903],[7.664,46.6938],[7.6506,46.7062],[7.6327,46.7135]]]},"properties":{"kind":"roman-road","source":"itinere-roads"}},{"type":"Feature","geometry":{"type":"MultiLineString","coordinates":[[[8.2113,47.4799],[8.2299,47.4779],[8.2539,47.461],[8.2796,47.4268],[8.331,47.3797],[8.3503,47.359],[8.386,47.2969],[8.4003,47.2554],[8.4195,47.1855],[8.421,47.1641],[8.4138,47.1412],[8.397,47.117],[8.3784,47.1098],[8.3627,47.0984],[8.3506,47.0956],[8.3342,47.0777],[8.297,47.0577],[8.2885,47.0449],[8.2685,46.9578],[8.2506,46.9356],[8.2406,46.9171],[8.2257,46.9028],[8.1864,46.8743],[8.18,46.8557],[8.1771,46.8214],[8.1778,46.81],[8.1714,46.7929],[8.15,46.7736],[8.1457,46.7586],[8.1435,46.7401]]]},"properties":{"kind":"roman-road","source":"itinere-roads"}},{"type":"Feature","geometry":{"type":"MultiLineString","coordinates":[[[7.3136,46.2249],[7.3304,46.2253],[7.3439,46.2282],[7.3584,46.2322],[7.3608,46.2361],[7.3643,46.2385],[7.384,46.2455],[7.4177,46.2506],[7.4701,46.2696],[7.4964,46.2761],[7.5091,46.2826],[7.5134,46.2835],[7.5273,46.2913],[7.5399,46.2961],[7.5496,46.2981],[7.5674,46.3086],[7.5807,46.3099],[7.5913,46.3151],[7.6107,46.32],[7.6172,46.3207],[7.6222,46.3191],[7.6295,46.3188],[7.6381,46.3131],[7.6459,46.3047],[7.6527,46.3017],[7.6587,46.2973],[7.758,46.3073],[7.8593,46.2975],[7.882,46.2922],[7.8886,46.2921],[7.9296,46.2979],[7.9563,46.3081],[7.9678,46.3082],[7.9796,46.3112],[7.9855,46.3149],[7.9869,46.3173],[7.986,46.3223],[7.9998,46.326],[8.0077,46.3267],[8.0124,46.3299],[8.0142,46.3338],[8.0257,46.3426],[8.0275,46.3452],[8.0456,46.3549],[8.0537,46.3618],[8.0767,46.3726],[8.0814,46.3721],[8.0894,46.3757],[8.0911,46.3788],[8.0965,46.3774],[8.1015,46.3783],[8.1079,46.3816],[8.1132,46.3864],[8.1172,46.3878],[8.1192,46.3924],[8.1244,46.3941],[8.1313,46.3921],[8.1399,46.3975],[8.1477,46.3994],[8.1542,46.4063],[8.1715,46.4192],[8.1806,46.424],[8.1853,46.4311],[8.1905,46.432],[8.2047,46.4396],[8.2096,46.4459],[8.2173,46.4501],[8.2193,46.4533],[8.2193,46.4568],[8.2241,46.4571],[8.2302,46.46],[8.2349,46.4664],[8.2468,46.4721],[8.2563,46.4794],[8.2619,46.4862],[8.2763,46.4904],[8.28,46.4951],[8.3252,46.5157],[8.3454,46.534],[8.3599,46.5429],[8.361,46.5487],[8.3559,46.5563],[8.3559,46.5592]]]},"properties":{"kind":"roman-road","source":"itinere-roads"}},{"type":"Feature","geometry":{"type":"MultiLineString","coordinates":[[[9.5256,46.8521],[9.5346,46.8568],[9.5343,46.8719],[9.5399,46.8847],[9.5474,46.8964],[9.5535,46.9007],[9.5578,46.906],[9.5632,46.9204],[9.5631,46.9331],[9.5685,46.9424],[9.5684,46.9483],[9.5667,46.9513],[9.5659,46.9586],[9.5624,46.9693],[9.5533,46.9765],[9.5429,46.9923],[9.5314,47.0028],[9.5317,47.0063],[9.5295,47.0092]]]},"properties":{"kind":"roman-road","source":"itinere-roads"}},{"type":"Feature","geometry":{"type":"MultiLineString","coordinates":[[[9.5295,47.0092],[9.5251,47.0164],[9.528,47.0189],[9.53,47.0236],[9.5271,47.035],[9.5278,47.0379],[9.5207,47.0419],[9.5204,47.0459],[9.518,47.0458],[9.5108,47.0532],[9.5118,47.0588],[9.5075,47.0655],[9.5069,47.0698],[9.5251,47.0955],[9.524,47.1217],[9.5209,47.1412],[9.513,47.1473],[9.5096,47.1569],[9.509,47.1658],[9.5104,47.1676],[9.5191,47.172],[9.5239,47.1812],[9.5273,47.1835],[9.5356,47.186],[9.5402,47.1904],[9.5399,47.1938],[9.5471,47.2048],[9.5504,47.2077],[9.5619,47.2111],[9.5675,47.2169],[9.5819,47.2253],[9.5872,47.2322],[9.5944,47.238],[9.598,47.2389],[9.6087,47.246],[9.615,47.254],[9.6158,47.2746],[9.6201,47.2877],[9.6216,47.299],[9.6196,47.3152],[9.6378,47.3381],[9.6771,47.3618],[9.7197,47.3904],[9.724,47.3944],[9.7247,47.401],[9.7229,47.4077],[9.7252,47.4123],[9.7431,47.4202],[9.7279,47.4638],[9.7293,47.4733]]]},"properties":{"kind":"roman-road","source":"itinere-roads"}},{"type":"Feature","geometry":{"type":"MultiLineString","coordinates":[[[13.0159,43.8442],[12.9942,43.8262],[12.9901,43.8167],[12.9793,43.8057],[12.9531,43.7929],[12.9466,43.7874],[12.9422,43.7804],[12.9335,43.7719],[12.918,43.7506],[12.9071,43.742],[12.8867,43.7353],[12.8647,43.7187],[12.8548,43.7131],[12.8516,43.7131],[12.8352,43.7038],[12.8253,43.6957],[12.8109,43.6898],[12.8,43.6886],[12.7959,43.6863],[12.7823,43.6856],[12.7705,43.6828],[12.7498,43.6732],[12.7492,43.6714],[12.7542,43.6664],[12.7481,43.6639],[12.7363,43.6624],[12.7274,43.6481],[12.7189,43.6441],[12.7125,43.6367],[12.7098,43.6362],[12.7034,43.6387],[12.6976,43.636],[12.69,43.6358],[12.6846,43.6327],[12.6803,43.626],[12.6736,43.6206],[12.672,43.6133],[12.6759,43.6033],[12.6761,43.5929],[12.6722,43.5827],[12.6544,43.5606],[12.6504,43.5497],[12.6481,43.5378],[12.6408,43.5267],[12.6432,43.5212],[12.6347,43.5021],[12.6306,43.5],[12.6206,43.488],[12.6207,43.4822],[12.6282,43.4647],[12.6277,43.4596],[12.6288,43.4564],[12.6337,43.4513],[12.6344,43.4439],[12.6326,43.442],[12.632,43.4375],[12.633,43.4337],[12.6375,43.4322],[12.6416,43.4272],[12.6499,43.4224],[12.6555,43.4175],[12.6547,43.4152],[12.6605,43.4103],[12.6657,43.4029],[12.6698,43.4018],[12.6701,43.3998],[12.678,43.396],[12.6825,43.3906],[12.6822,43.3873],[12.6797,43.3854],[12.6791,43.3819],[12.6819,43.3822],[12.6932,43.3779],[12.6972,43.3712],[12.7097,43.3616],[12.7151,43.3591],[12.7314,43.3386],[12.7447,43.3291],[12.7444,43.3257],[12.7585,43.3174],[12.7586,43.3021],[12.7538,43.2962],[12.7491,43.2941],[12.7492,43.2867],[12.7541,43.2819],[12.7565,43.2748],[12.7628,43.267],[12.7627,43.2618],[12.7672,43.2486],[12.7741,43.2413],[12.7746,43.2379],[12.7826,43.227],[12.7849,43.2259],[12.7859,43.2201],[12.7869,43.2079],[12.7848,43.1767],[12.7828,43.1735],[12.7827,43.166],[12.7794,43.1631],[12.788,43.1285],[12.788,43.126],[12.7836,43.1166]]]},"properties":{"kind":"roman-road","source":"itinere-roads"}},{"type":"Feature","geometry":{"type":"MultiLineString","coordinates":[[[12.4666,41.9366],[12.4742,41.9156],[12.4863,41.892]]]},"properties":{"kind":"roman-road","source":"itinere-roads"}},{"type":"Feature","geometry":{"type":"MultiLineString","coordinates":[[[12.516,42.5175],[12.5202,42.5107],[12.5179,42.5088],[12.518,42.5023],[12.5207,42.5012],[12.5218,42.4983],[12.5217,42.4918],[12.5297,42.4806],[12.5275,42.4786],[12.524,42.4786],[12.5211,42.4766],[12.5111,42.4743],[12.5083,42.472],[12.5068,42.4685],[12.4944,42.4648],[12.488,42.4566],[12.4839,42.4562],[12.4813,42.4542],[12.4803,42.4452],[12.4779,42.4416],[12.4841,42.4361],[12.484,42.4334],[12.4751,42.4182],[12.4749,42.4133],[12.4596,42.4016],[12.4478,42.3947],[12.4449,42.3877],[12.4431,42.3669],[12.4458,42.3493],[12.446,42.3361],[12.4505,42.3311],[12.4526,42.3191],[12.4629,42.3079],[12.4693,42.2854],[12.4733,42.2585],[12.4917,42.2251],[12.483,42.2203],[12.4799,42.2143],[12.4808,42.2114],[12.4792,42.2052],[12.4805,42.1998],[12.4761,42.1913],[12.4706,42.1851],[12.4735,42.1724],[12.474,42.161],[12.4791,42.1478],[12.4882,42.1496],[12.492,42.1422],[12.4938,42.1336],[12.4958,42.1299],[12.4956,42.1202],[12.4989,42.1134],[12.4981,42.1095],[12.4997,42.1056],[12.4952,42.0952],[12.4898,42.0923],[12.4879,42.0879],[12.4845,42.0844],[12.4832,42.0756],[12.4873,42.0589],[12.4867,42.0441],[12.4844,42.0359],[12.4858,42.0259],[12.4913,42.0083],[12.4965,41.9982],[12.4947,41.9914],[12.4937,41.9789],[12.4894,41.9628],[12.4848,41.9566],[12.4737,41.9537],[12.4689,41.9448],[12.4666,41.9366]]]},"properties":{"kind":"roman-road","source":"itinere-roads"}},{"type":"Feature","geometry":{"type":"MultiLineString","coordinates":[[[12.7836,43.1166],[12.7763,43.1014],[12.7632,43.091],[12.7618,43.0773],[12.757,43.0626],[12.756,43.0417],[12.7568,43.0363],[12.7595,43.0333],[12.7594,43.0306],[12.7526,43.026],[12.7527,43.0206],[12.7474,43.0135],[12.7399,43.0091],[12.7391,43.0012],[12.7349,42.9944],[12.7287,42.987],[12.7221,42.983],[12.7139,42.9711],[12.7027,42.9625],[12.7018,42.9597]]]},"properties":{"kind":"roman-road","source":"itinere-roads"}},{"type":"Feature","geometry":{"type":"MultiLineString","coordinates":[[[12.7018,42.9597],[12.6468,42.9457],[12.6097,42.9342],[12.6083,42.9328],[12.6104,42.9303],[12.603,42.9207],[12.6014,42.9135],[12.5792,42.8906],[12.5768,42.8848],[12.5749,42.8832],[12.5687,42.8833],[12.5666,42.8775],[12.5579,42.8693],[12.5574,42.8631],[12.5517,42.8602],[12.5483,42.8555],[12.5498,42.8474],[12.5454,42.8443],[12.5395,42.8435],[12.5346,42.8392],[12.5298,42.8182],[12.5278,42.8148],[12.5236,42.8117],[12.5249,42.7888],[12.5283,42.7786],[12.5263,42.7643],[12.5366,42.7423],[12.5392,42.7252],[12.5451,42.7126],[12.5472,42.7049],[12.5572,42.6362],[12.5515,42.6272],[12.5504,42.6183],[12.546,42.6105],[12.5405,42.5867],[12.5411,42.5827],[12.5368,42.5634],[12.5351,42.5589],[12.5183,42.5329],[12.5156,42.5243],[12.516,42.5175]]]},"properties":{"kind":"roman-road","source":"itinere-roads"}},{"type":"Feature","geometry":{"type":"MultiLineString","coordinates":[[[12.7018,42.9597],[12.7126,42.9424],[12.7222,42.9059],[12.7235,42.8905],[12.7304,42.8781],[12.729,42.8716],[12.7298,42.8689],[12.7477,42.8486],[12.7603,42.8291],[12.7578,42.8111],[12.7521,42.7977],[12.7565,42.7875],[12.7651,42.7773],[12.7665,42.7704],[12.764,42.7658],[12.7487,42.7525],[12.7396,42.7413],[12.74,42.7384],[12.7377,42.729],[12.7312,42.7217],[12.72,42.7122],[12.7192,42.7078],[12.7231,42.7016],[12.7218,42.69],[12.7269,42.6836],[12.7255,42.6775],[12.7283,42.672],[12.7282,42.6634],[12.7324,42.6577],[12.7297,42.6332],[12.7327,42.6244],[12.7324,42.619],[12.7285,42.6057],[12.7253,42.6004],[12.7191,42.5978],[12.6937,42.5815],[12.6809,42.5778],[12.6646,42.568],[12.6485,42.5649],[12.6458,42.5583]]]},"properties":{"kind":"roman-road","source":"itinere-roads"}},{"type":"Feature","geometry":{"type":"MultiLineString","coordinates":[[[12.6458,42.5583],[12.6448,42.5557],[12.6298,42.5524],[12.623,42.549],[12.6073,42.5454],[12.5999,42.5457],[12.5417,42.5291],[12.5346,42.5203],[12.516,42.5175]]]},"properties":{"kind":"roman-road","source":"itinere-roads"}},{"type":"Feature","geometry":{"type":"MultiLineString","coordinates":[[[12.4666,41.9366],[12.4626,41.9489],[12.4546,41.9556],[12.4544,41.9584],[12.4333,41.9719],[12.4256,41.975],[12.4217,41.9792],[12.4196,41.9788],[12.4147,41.9825],[12.4069,41.9851]]]},"properties":{"kind":"roman-road","source":"itinere-roads"}},{"type":"Feature","geometry":{"type":"MultiLineString","coordinates":[[[12.4069,41.9851],[12.4011,41.9879],[12.3812,42.0041]]]},"properties":{"kind":"roman-road","source":"itinere-roads"}},{"type":"Feature","geometry":{"type":"MultiLineString","coordinates":[[[12.3812,42.0041],[12.3775,42.0113],[12.3751,42.0294],[12.3774,42.036],[12.3758,42.0481],[12.373,42.0576],[12.3729,42.0757],[12.3741,42.084],[12.3757,42.0862],[12.3683,42.0928],[12.368,42.0978],[12.3639,42.1067],[12.3642,42.1225],[12.3617,42.1272],[12.358,42.1299],[12.353,42.1363],[12.3491,42.1506]]]},"properties":{"kind":"roman-road","source":"itinere-roads"}},{"type":"Feature","geometry":{"type":"MultiLineString","coordinates":[[[12.3491,42.1506],[12.3354,42.1638],[12.3333,42.1694],[12.3268,42.1739],[12.3232,42.1787],[12.3199,42.1878],[12.3173,42.1904],[12.3019,42.2013],[12.2897,42.2034],[12.28,42.2082],[12.2782,42.2154],[12.2669,42.2278],[12.258,42.231],[12.2383,42.2332],[12.2329,42.2356],[12.2287,42.2403],[12.2157,42.2423],[12.2103,42.2458],[12.2029,42.2478],[12.1986,42.2513],[12.1953,42.2513],[12.1882,42.2544],[12.1803,42.2553],[12.1586,42.2629],[12.1428,42.2749],[12.1375,42.2806],[12.1181,42.2897],[12.1059,42.2924],[12.0957,42.3002],[12.0904,42.3014],[12.0813,42.3075],[12.0675,42.3113],[12.0628,42.3157],[12.0624,42.3187],[12.0553,42.3221],[12.0535,42.3321],[12.0614,42.3471],[12.0617,42.3587],[12.0598,42.3609],[12.0584,42.3685],[12.0527,42.3745],[12.0674,42.4029],[12.0711,42.4077],[12.0667,42.4167],[12.0649,42.4423],[12.0649,42.4691],[12.0686,42.4838],[12.067,42.4886],[12.0639,42.4924],[12.0597,42.5043],[12.052,42.5158],[12.0484,42.519],[12.0481,42.5211],[12.0533,42.5249],[12.0538,42.53],[12.0406,42.5345],[12.0353,42.5384],[12.0379,42.5444],[12.0353,42.5451],[12.0325,42.5488],[12.0231,42.5519],[12.0054,42.5549],[12.0047,42.5575],[12.0072,42.5658],[12.0092,42.5671],[12.0104,42.5781],[12.0074,42.5834],[12.0016,42.5866],[12.0008,42.5936],[11.9965,42.6067],[11.9973,42.6187],[11.999,42.6234],[11.9978,42.6312],[11.9946,42.6364],[11.9876,42.6431]]]},"properties":{"kind":"roman-road","source":"itinere-roads"}},{"type":"Feature","geometry":{"type":"MultiLineString","coordinates":[[[11.9876,42.6431],[11.9865,42.6485],[11.9736,42.6612],[11.9762,42.6649],[11.9801,42.6669],[11.9766,42.6706],[11.9767,42.6771],[11.9749,42.6811],[11.9794,42.684],[11.9828,42.6925],[11.9793,42.708],[11.9827,42.7217],[11.9813,42.7265],[11.9835,42.7345],[11.9895,42.7415],[11.9911,42.7459],[11.9969,42.7522],[12.0052,42.7574],[12.0057,42.7617],[12.0137,42.7679],[12.0157,42.7739],[12.0181,42.7755],[12.0239,42.7754],[12.027,42.7734],[12.0299,42.7742],[12.0278,42.7797],[12.0294,42.7847],[12.0225,42.7951],[12.0157,42.8008],[12.017,42.804],[12.0149,42.8089],[12.0194,42.8117],[12.0158,42.8185],[12.0179,42.824],[12.0107,42.831],[12.012,42.8469],[12.0043,42.8509],[11.9986,42.8557],[11.9979,42.858],[11.9932,42.8612],[11.9955,42.8622],[12.0028,42.8616],[12.0067,42.8591],[12.0119,42.8618],[12.0116,42.866],[12.0172,42.8733],[12.0192,42.8739]]]},"properties":{"kind":"roman-road","source":"itinere-roads"}},{"type":"Feature","geometry":{"type":"MultiLineString","coordinates":[[[12.0192,42.8739],[12.0097,42.892],[11.9938,42.9042],[11.9751,42.9112],[11.9702,42.9147],[11.9699,42.9235],[11.9685,42.9262],[11.9682,42.933],[11.9659,42.9359],[11.9667,42.9394],[11.9638,42.9528],[11.9592,42.9716],[11.9545,42.9793],[11.9561,42.9839],[11.9532,42.9922],[11.9561,42.9974],[11.9546,43.0015],[11.9494,43.0085],[11.948,43.0132],[11.9459,43.0153],[11.9408,43.0162],[11.9366,43.0186],[11.9366,43.0247],[11.9353,43.0275],[11.9362,43.0332],[11.9377,43.0344],[11.936,43.0391],[11.9371,43.0439],[11.9342,43.0504],[11.9389,43.0544],[11.9374,43.064],[11.9281,43.0717],[11.9265,43.0813],[11.9275,43.0842],[11.9324,43.087],[11.9344,43.0916],[11.9296,43.099],[11.9217,43.1059],[11.9218,43.1097],[11.903,43.1289],[11.8954,43.1444],[11.8963,43.1501],[11.8941,43.154],[11.8819,43.1626],[11.881,43.1656],[11.8652,43.1801],[11.8559,43.1919],[11.8495,43.2055],[11.8445,43.2072],[11.8357,43.2205],[11.8357,43.2256],[11.8415,43.231],[11.846,43.2642],[11.8484,43.3005],[11.8523,43.334],[11.8497,43.3552],[11.8455,43.3711],[11.8427,43.4301],[11.844,43.4322],[11.8493,43.435],[11.854,43.4416],[11.8838,43.4665]]]},"properties":{"kind":"roman-road","source":"itinere-roads"}},{"type":"Feature","geometry":{"type":"MultiLineString","coordinates":[[[12.4863,41.892],[12.4643,41.902]]]},"properties":{"kind":"roman-road","source":"itinere-roads"}},{"type":"Feature","geometry":{"type":"MultiLineString","coordinates":[[[11.9634,42.0202],[11.9122,42.0408],[11.8924,42.041],[11.887,42.0393],[11.8832,42.0405],[11.8809,42.0391],[11.8433,42.0321],[11.8333,42.0354],[11.8268,42.0447],[11.821,42.0486],[11.8197,42.0568],[11.8139,42.0645],[11.8138,42.067],[11.8111,42.0701],[11.806,42.0834],[11.7962,42.0898],[11.794,42.0954],[11.791,42.0987],[11.7935,42.1059],[11.7906,42.124],[11.7949,42.136],[11.7917,42.1458],[11.7919,42.1533],[11.7893,42.1579],[11.7875,42.1759],[11.7894,42.182],[11.7871,42.1866],[11.7846,42.2078],[11.7719,42.2193],[11.7648,42.2329],[11.76,42.2386],[11.7447,42.2431],[11.7379,42.247]]]},"properties":{"kind":"roman-road","source":"itinere-roads"}},{"type":"Feature","geometry":{"type":"MultiLineString","coordinates":[[[12.1189,41.9345],[12.1009,41.9405],[12.0996,41.9551],[12.0979,41.9579],[12.0832,41.9694],[12.0677,41.9778],[11.9634,42.0202]]]},"properties":{"kind":"roman-road","source":"itinere-roads"}},{"type":"Feature","geometry":{"type":"MultiLineString","coordinates":[[[12.1581,41.9353],[12.15,41.9342],[12.1319,41.9359],[12.1189,41.9345]]]},"properties":{"kind":"roman-road","source":"itinere-roads"}},{"type":"Feature","geometry":{"type":"MultiLineString","coordinates":[[[12.4643,41.902],[12.4516,41.9003],[12.446,41.9018],[12.4431,41.8987],[12.4353,41.8973],[12.4236,41.8982],[12.4164,41.8945],[12.4118,41.8899],[12.3997,41.8854],[12.3924,41.8844],[12.3859,41.8866],[12.3793,41.8834],[12.3766,41.8836],[12.3707,41.8881],[12.3675,41.8885],[12.3552,41.8821],[12.3495,41.8817],[12.3317,41.8855],[12.3175,41.8859],[12.3016,41.8891],[12.2907,41.895],[12.2805,41.8971],[12.2755,41.8995],[12.2696,41.905],[12.2596,41.9101],[12.252,41.911],[12.2389,41.9179],[12.2321,41.9189],[12.2243,41.9145],[12.2163,41.9129],[12.204,41.9142],[12.1786,41.9283],[12.1766,41.9306],[12.1581,41.9353]]]},"properties":{"kind":"roman-road","source":"itinere-roads"}},{"type":"Feature","geometry":{"type":"MultiLineString","coordinates":[[[11.6032,42.3481],[11.5944,42.3549],[11.5869,42.3585],[11.5828,42.3626],[11.5762,42.3659],[11.5624,42.3701],[11.5404,42.3906],[11.4801,42.4079],[11.4759,42.4125],[11.4717,42.4141],[11.34,42.4152],[11.3359,42.4142],[11.3155,42.416],[11.2914,42.4201],[11.2856,42.4298],[11.2792,42.4366],[11.263,42.4417],[11.2307,42.4776],[11.2221,42.4805],[11.1957,42.5115],[11.1848,42.5356],[11.1749,42.5479],[11.1708,42.557],[11.1733,42.5645],[11.1679,42.5714],[11.1617,42.5886],[11.1542,42.6029],[11.1432,42.6199],[11.135,42.6376]]]},"properties":{"kind":"roman-road","source":"itinere-roads"}},{"type":"Feature","geometry":{"type":"MultiLineString","coordinates":[[[11.7379,42.247],[11.733,42.2509],[11.718,42.2688],[11.6969,42.2802],[11.6773,42.2954],[11.655,42.3092],[11.6529,42.3175],[11.6352,42.3258],[11.6206,42.3375],[11.6156,42.3439],[11.6032,42.3481]]]},"properties":{"kind":"roman-road","source":"itinere-roads"}},{"type":"Feature","geometry":{"type":"MultiLineString","coordinates":[[[12.4958,41.8802],[12.5061,41.8746],[12.515,41.8731],[12.5236,41.8685],[12.5602,41.8467],[12.5672,41.8442],[12.5836,41.8327],[12.5954,41.8279],[12.5986,41.8252],[12.6019,41.8249],[12.637,41.8037]]]},"properties":{"kind":"roman-road","source":"itinere-roads"}},{"type":"Feature","geometry":{"type":"MultiLineString","coordinates":[[[12.637,41.8037],[12.6481,41.7978],[12.6633,41.7938],[12.6863,41.7912]]]},"properties":{"kind":"roman-road","source":"itinere-roads"}},{"type":"Feature","geometry":{"type":"MultiLineString","coordinates":[[[12.6863,41.7912],[12.6998,41.7914]]]},"properties":{"kind":"roman-road","source":"itinere-roads"}},{"type":"Feature","geometry":{"type":"MultiLineString","coordinates":[[[16.812,40.3704],[16.7634,40.3857],[16.7512,40.3866],[16.7135,40.3929],[16.6901,40.3996],[16.6783,40.4],[16.655,40.404],[16.6505,40.4088],[16.6442,40.4121],[16.6376,40.4112],[16.6171,40.417],[16.607,40.4235],[16.5654,40.4313],[16.5414,40.4382],[16.536,40.4379],[16.5156,40.4525],[16.5008,40.4762],[16.4978,40.4791],[16.4928,40.4805],[16.474,40.4812],[16.4659,40.4839],[16.4603,40.4895],[16.4561,40.4907],[16.4539,40.4928],[16.448,40.4903],[16.448,40.4858],[16.4387,40.4823],[16.4221,40.4826],[16.4091,40.4876],[16.4081,40.4926],[16.401,40.4975],[16.3952,40.4976],[16.378,40.5068],[16.3716,40.5137],[16.3673,40.515],[16.3591,40.521],[16.3536,40.5198],[16.3489,40.5203],[16.3421,40.5224],[16.3383,40.5256],[16.3242,40.5252],[16.3149,40.5321],[16.3009,40.5319],[16.2985,40.5298],[16.2896,40.5304],[16.2817,40.536],[16.2767,40.5347],[16.2693,40.5378],[16.2608,40.5435],[16.2596,40.546],[16.2504,40.5477],[16.2474,40.5496],[16.2323,40.5513],[16.2297,40.5504],[16.2268,40.5468],[16.2217,40.546],[16.2143,40.5413],[16.2111,40.5375],[16.1981,40.5329],[16.1908,40.5348],[16.1867,40.5321],[16.1831,40.5362],[16.1837,40.538],[16.1646,40.5426],[16.1523,40.543],[16.1521,40.5415],[16.1439,40.5386],[16.1397,40.5395],[16.1362,40.537],[16.129,40.5358],[16.1248,40.538],[16.1187,40.5339],[16.1076,40.5347],[16.0871,40.547],[16.0733,40.545],[16.0678,40.5485],[16.0593,40.5621],[16.0473,40.5711],[16.0404,40.5705],[16.0329,40.5725],[16.0236,40.5727],[16.0186,40.5759],[16.0196,40.5803],[16.01,40.5825],[16.0085,40.585],[15.9955,40.5914],[15.9923,40.595],[15.9863,40.5968],[15.9854,40.5981],[15.9872,40.6026],[15.9843,40.606],[15.9783,40.6043],[15.956,40.6114],[15.9525,40.6178],[15.9519,40.6234],[15.953,40.6296],[15.9439,40.6369],[15.9362,40.6484],[15.9257,40.6514],[15.9188,40.6523],[15.9099,40.6509],[15.8777,40.6573],[15.8706,40.6553],[15.8616,40.6479],[15.8526,40.6442],[15.8347,40.6435],[15.8269,40.6366],[15.817,40.6339],[15.8036,40.6253],[15.7955,40.6263]]]},"properties":{"kind":"roman-road","source":"itinere-roads"}},{"type":"Feature","geometry":{"type":"MultiLineString","coordinates":[[[15.3733,40.6328],[15.3668,40.6317],[15.3649,40.6288],[15.3527,40.634],[15.3463,40.6227],[15.3389,40.6222],[15.325,40.614],[15.3211,40.6137],[15.3097,40.6095],[15.3055,40.6118],[15.2928,40.6088],[15.288,40.6019],[15.289,40.5986],[15.2882,40.591],[15.2898,40.5827],[15.2864,40.5787]]]},"properties":{"kind":"roman-road","source":"itinere-roads"}},{"type":"Feature","geometry":{"type":"MultiLineString","coordinates":[[[15.3776,40.6337],[15.3733,40.6328]]]},"properties":{"kind":"roman-road","source":"itinere-roads"}},{"type":"Feature","geometry":{"type":"MultiLineString","coordinates":[[[15.791,40.6245],[15.7826,40.6234],[15.7695,40.6251],[15.7572,40.6212],[15.745,40.6136],[15.7203,40.6082],[15.6845,40.6087],[15.6745,40.6122],[15.6619,40.6098],[15.6501,40.6134],[15.6386,40.6128],[15.6298,40.614],[15.6191,40.6196],[15.6194,40.6228],[15.6237,40.6244],[15.6271,40.629],[15.6251,40.6305],[15.6209,40.6439],[15.6092,40.6553],[15.6046,40.6754],[15.6054,40.6775],[15.5985,40.6835],[15.5862,40.6863],[15.5756,40.6868],[15.5506,40.6973],[15.5433,40.6973],[15.5171,40.6897],[15.5078,40.6853],[15.5051,40.6819],[15.5022,40.6653],[15.4979,40.6539],[15.4942,40.6519],[15.4907,40.6474],[15.4668,40.6392],[15.4639,40.6304],[15.4523,40.6247],[15.4474,40.623],[15.4306,40.6269],[15.4097,40.6267],[15.4087,40.6287],[15.4017,40.6321],[15.3907,40.6315],[15.3776,40.6337]]]},"properties":{"kind":"roman-road","source":"itinere-roads"}},{"type":"Feature","geometry":{"type":"MultiLineString","coordinates":[[[15.7955,40.6263],[15.791,40.6245]]]},"properties":{"kind":"roman-road","source":"itinere-roads"}},{"type":"Feature","geometry":{"type":"MultiLineString","coordinates":[[[16.4927,39.717],[16.4669,39.7444],[16.4617,39.7588],[16.5033,39.8339],[16.5183,39.8455],[16.5367,39.8714],[16.5521,39.8876],[16.5941,39.9264],[16.6222,39.9579],[16.6232,39.9683],[16.6184,39.9749],[16.6162,39.9817],[16.6134,39.9853],[16.6101,40.0],[16.6089,40.0159],[16.5987,40.0346],[16.598,40.0424],[16.6029,40.0588],[16.6016,40.0652],[16.6076,40.099],[16.6099,40.1032],[16.6109,40.1124],[16.6221,40.1269],[16.6303,40.1328],[16.6477,40.1647],[16.667,40.1873],[16.6759,40.2011],[16.6817,40.2138]]]},"properties":{"kind":"roman-road","source":"itinere-roads"}},{"type":"Feature","geometry":{"type":"MultiLineString","coordinates":[[[16.6817,40.2138],[16.6842,40.2213],[16.6936,40.2351]]]},"properties":{"kind":"roman-road","source":"itinere-roads"}},{"type":"Feature","geometry":{"type":"MultiLineString","coordinates":[[[18.1686,40.3523],[18.1513,40.3707],[18.1416,40.3751],[18.1217,40.3883],[18.1187,40.394],[18.114,40.3974],[18.1057,40.4102],[18.0698,40.4486]]]},"properties":{"kind":"roman-road","source":"itinere-roads"}},{"type":"Feature","geometry":{"type":"MultiLineString","coordinates":[[[18.0698,40.4486],[18.0509,40.4701],[18.0372,40.4931],[18.0308,40.5011],[18.0264,40.5035],[18.0243,40.5065],[18.0228,40.5132],[18.0012,40.5432],[17.9831,40.572],[17.9749,40.5856],[17.9734,40.5907],[17.9588,40.6141],[17.9569,40.6199]]]},"properties":{"kind":"roman-road","source":"itinere-roads"}},{"type":"Feature","geometry":{"type":"MultiLineString","coordinates":[[[17.9569,40.6199],[17.9479,40.6262],[17.9451,40.6379]]]},"properties":{"kind":"roman-road","source":"itinere-roads"}},{"type":"Feature","geometry":{"type":"MultiLineString","coordinates":[[[14.9431,41.9627],[14.9439,41.9709],[14.9362,41.9828],[14.9184,41.9966],[14.9109,42.0006],[14.9064,42.0047],[14.9055,42.0089],[14.8766,42.0097],[14.8713,42.011],[14.8693,42.0135],[14.8633,42.0162],[14.8559,42.0183],[14.8543,42.0265],[14.8511,42.0293],[14.8477,42.0356],[14.8281,42.043],[14.802,42.0573],[14.7897,42.0609],[14.7577,42.0735],[14.7404,42.0834],[14.7276,42.0922],[14.7209,42.0985],[14.7169,42.1002],[14.7132,42.108],[14.7092,42.1105],[14.7084,42.118],[14.6997,42.1315],[14.6976,42.1398],[14.6983,42.1469],[14.7023,42.1592],[14.7048,42.1621],[14.7041,42.1643],[14.6962,42.1686],[14.675,42.1769],[14.6746,42.1809],[14.6552,42.1883],[14.613,42.2],[14.6051,42.2041]]]},"properties":{"kind":"roman-road","source":"itinere-roads"}},{"type":"Feature","geometry":{"type":"MultiLineString","coordinates":[[[14.2125,42.4645],[14.2074,42.4657],[14.2027,42.4693],[14.2023,42.472],[14.1994,42.4758],[14.1324,42.5309],[14.1237,42.5419]]]},"properties":{"kind":"roman-road","source":"itinere-roads"}},{"type":"Feature","geometry":{"type":"MultiLineString","coordinates":[[[14.0289,42.6549],[14.0278,42.66],[14.0001,42.6964],[13.9756,42.734],[13.9702,42.7377],[13.9677,42.7472],[13.9231,42.8254],[13.9152,42.8474],[13.9218,42.8618],[13.9136,42.8872]]]},"properties":{"kind":"roman-road","source":"itinere-roads"}},{"type":"Feature","geometry":{"type":"MultiLineString","coordinates":[[[14.1237,42.5419],[14.112,42.557],[14.1042,42.564],[14.0898,42.5843],[14.0786,42.595],[14.0737,42.5972],[14.0694,42.602],[14.0553,42.624],[14.0382,42.6462],[14.0326,42.6498],[14.0289,42.6549]]]},"properties":{"kind":"roman-road","source":"itinere-roads"}},{"type":"Feature","geometry":{"type":"MultiLineString","coordinates":[[[13.9136,42.8872],[13.9061,42.8938],[13.8983,42.8981],[13.8976,42.9132],[13.8956,42.9239],[13.8864,42.9282],[13.8816,42.9372],[13.872,42.9711],[13.8688,42.9871],[13.8689,42.9994],[13.8655,43.0107],[13.8585,43.0252],[13.8555,43.0344],[13.8474,43.0689],[13.8452,43.0846],[13.8456,43.0911],[13.839,43.1001],[13.8301,43.1237],[13.8173,43.1403],[13.8062,43.1503],[13.8001,43.1627]]]},"properties":{"kind":"roman-road","source":"itinere-roads"}},{"type":"Feature","geometry":{"type":"MultiLineString","coordinates":[[[13.8001,43.1627],[13.7999,43.1668],[13.7884,43.1925],[13.7777,43.2226],[13.7613,43.2531],[13.7449,43.2777],[13.7431,43.2836],[13.7341,43.2934],[13.7264,43.2962],[13.7229,43.3028],[13.7237,43.3111],[13.7201,43.319],[13.7015,43.3496],[13.686,43.3855],[13.6799,43.3937],[13.6733,43.4132],[13.6654,43.4191],[13.6609,43.4298],[13.6564,43.4352],[13.6565,43.4456],[13.643,43.4709],[13.639,43.4724],[13.6384,43.4774],[13.6349,43.484],[13.628,43.4912],[13.6175,43.4992],[13.6168,43.5032],[13.6186,43.5072],[13.6153,43.5128],[13.6145,43.5186],[13.6156,43.525],[13.6089,43.5275],[13.6052,43.5312],[13.5956,43.5319],[13.5907,43.5384],[13.59,43.5429],[13.5866,43.5476],[13.5852,43.5522],[13.5767,43.5509],[13.5727,43.5568],[13.5772,43.5579],[13.581,43.561],[13.5734,43.5667],[13.5674,43.5693],[13.5631,43.5757],[13.5605,43.5875],[13.5522,43.589],[13.5559,43.5937],[13.5476,43.5978],[13.5431,43.603],[13.5351,43.6066],[13.5321,43.6121],[13.522,43.6138],[13.5187,43.6113]]]},"properties":{"kind":"roman-road","source":"itinere-roads"}},{"type":"Feature","geometry":{"type":"MultiLineString","coordinates":[[[13.5187,43.6113],[13.5111,43.6073],[13.506,43.6069],[13.4964,43.6115],[13.4883,43.6068],[13.4804,43.6065],[13.4685,43.6078],[13.4344,43.6152],[13.3759,43.637],[13.36,43.645],[13.3457,43.6497],[13.3022,43.6691],[13.2753,43.6846],[13.2554,43.6943],[13.2042,43.7259],[13.1028,43.7912],[13.0586,43.8245],[13.0357,43.8361],[13.0312,43.8357],[13.0159,43.8442]]]},"properties":{"kind":"roman-road","source":"itinere-roads"}},{"type":"Feature","geometry":{"type":"MultiLineString","coordinates":[[[13.0159,43.8442],[13.0079,43.8496],[13.0049,43.8533],[12.9946,43.8589],[12.9634,43.8797],[12.9355,43.9007],[12.9113,43.9142],[12.8992,43.9108],[12.8743,43.9109],[12.8653,43.9153],[12.843,43.9343],[12.8364,43.9362],[12.8307,43.9414],[12.8231,43.9429],[12.8188,43.9458],[12.8109,43.9483],[12.7956,43.9477],[12.7837,43.9525],[12.7577,43.9594],[12.7384,43.9634],[12.7198,43.9654],[12.6984,43.9727],[12.6712,43.9887],[12.6512,43.9959],[12.6435,44.0011],[12.6321,44.0156],[12.5745,44.0516],[12.5673,44.0606]]]},"properties":{"kind":"roman-road","source":"itinere-roads"}},{"type":"Feature","geometry":{"type":"MultiLineString","coordinates":[[[11.2755,43.8074],[11.2743,43.8104],[11.2798,43.8157],[11.287,43.8269],[11.2873,43.833],[11.2895,43.8362],[11.2888,43.8414],[11.2917,43.8479],[11.2902,43.856],[11.2928,43.8609],[11.2894,43.863],[11.2919,43.875],[11.2892,43.8793],[11.2879,43.8909],[11.2854,43.8923],[11.2828,43.8968],[11.2798,43.9098],[11.2825,43.9128],[11.2827,43.9165],[11.2906,43.9269],[11.2901,43.9292],[11.2936,43.9326],[11.2926,43.936],[11.2892,43.938],[11.2894,43.9422],[11.2858,43.9454],[11.2855,43.9523],[11.2777,43.9581],[11.2722,43.965],[11.2743,43.9679],[11.274,43.9832],[11.2731,43.9883],[11.2694,43.9916],[11.2683,43.996],[11.2692,44.0026],[11.2717,44.008],[11.2674,44.0233],[11.2607,44.0301],[11.2628,44.0363],[11.2581,44.0461],[11.2609,44.0488],[11.2606,44.0523],[11.2631,44.061],[11.2702,44.0686],[11.2704,44.0737],[11.2769,44.0759],[11.2804,44.0758],[11.2821,44.0789],[11.2797,44.0858],[11.2813,44.088],[11.28,44.0922],[11.2767,44.0941]]]},"properties":{"kind":"roman-road","source":"itinere-roads"}},{"type":"Feature","geometry":{"type":"MultiLineString","coordinates":[[[11.2767,44.0941],[11.2725,44.0972]]]},"properties":{"kind":"roman-road","source":"itinere-roads"}},{"type":"Feature","geometry":{"type":"MultiLineString","coordinates":[[[11.2725,44.0972],[11.2706,44.1056],[11.2737,44.1094],[11.2725,44.1166],[11.2703,44.1173],[11.2725,44.1223],[11.2706,44.1233],[11.2711,44.1265],[11.2698,44.1309],[11.2664,44.1375],[11.2625,44.1396],[11.2639,44.1453],[11.2611,44.1467],[11.2627,44.1526],[11.2612,44.1573],[11.2627,44.16],[11.2578,44.1713],[11.2542,44.1741],[11.2532,44.1775],[11.2582,44.1865],[11.2603,44.1869],[11.2638,44.1947],[11.2601,44.2007],[11.2593,44.2055],[11.2624,44.209],[11.2585,44.2133],[11.2569,44.2182],[11.258,44.2223],[11.2574,44.2266],[11.2587,44.229],[11.2572,44.2386],[11.2584,44.2454],[11.2561,44.2556],[11.2599,44.262],[11.2603,44.2668],[11.2624,44.2683],[11.2685,44.2669],[11.2726,44.2693],[11.2703,44.2732],[11.2719,44.2783],[11.2793,44.2831],[11.2793,44.2864],[11.2769,44.2915],[11.2813,44.2963],[11.2791,44.3015],[11.2785,44.3104],[11.2872,44.3192],[11.287,44.3227],[11.2921,44.3288],[11.294,44.3347],[11.3006,44.3401],[11.3159,44.3402],[11.3203,44.3424],[11.3225,44.3462],[11.3222,44.3503],[11.328,44.3534],[11.3286,44.3582],[11.3315,44.3613],[11.3346,44.3613],[11.3406,44.3665],[11.3381,44.3694],[11.3399,44.3714],[11.3369,44.3762],[11.3379,44.3794],[11.3354,44.3846],[11.3354,44.3919],[11.3388,44.4026],[11.3458,44.4125],[11.3451,44.4225],[11.3514,44.4328],[11.3523,44.4407],[11.3515,44.4421],[11.3576,44.4454],[11.3598,44.4517],[11.3688,44.4558],[11.371,44.4628],[11.371,44.4702],[11.364,44.48],[11.3538,44.4865],[11.3463,44.4943]]]},"properties":{"kind":"roman-road","source":"itinere-roads"}},{"type":"Feature","geometry":{"type":"MultiLineString","coordinates":[[[11.2725,44.0972],[11.2683,44.1021],[11.268,44.1062],[11.2644,44.1153],[11.2595,44.1165],[11.255,44.1207],[11.2519,44.1284],[11.2506,44.1386],[11.2547,44.1416],[11.2537,44.1434]]]},"properties":{"kind":"roman-road","source":"itinere-roads"}},{"type":"Feature","geometry":{"type":"MultiLineString","coordinates":[[[11.2767,44.0941],[11.2751,44.1002],[11.2838,44.1067],[11.2835,44.1093],[11.2895,44.1191],[11.3006,44.1229],[11.3007,44.1261],[11.3037,44.1292],[11.3048,44.1338],[11.3106,44.1401],[11.3224,44.1476],[11.3238,44.155],[11.3229,44.1587],[11.3291,44.1613],[11.3409,44.17],[11.3484,44.1818],[11.3658,44.1868],[11.3682,44.1902],[11.3753,44.1949],[11.3765,44.1979],[11.3878,44.2055]]]},"properties":{"kind":"roman-road","source":"itinere-roads"}},{"type":"Feature","geometry":{"type":"MultiLineString","coordinates":[[[11.3878,44.2055],[11.3883,44.2102],[11.3955,44.22],[11.3989,44.2223],[11.3983,44.2246],[11.4111,44.2288],[11.414,44.2329],[11.4203,44.2352],[11.4218,44.2398],[11.4254,44.2428],[11.4277,44.2506],[11.4227,44.2563],[11.4242,44.2626],[11.4221,44.2686],[11.422,44.2753],[11.4267,44.2882],[11.4283,44.2895],[11.4275,44.2942]]]},"properties":{"kind":"roman-road","source":"itinere-roads"}},{"type":"Feature","geometry":{"type":"MultiLineString","coordinates":[[[11.4275,44.2942],[11.4247,44.2982],[11.4271,44.3074],[11.4244,44.3095],[11.4273,44.311],[11.4301,44.3215],[11.4223,44.3232],[11.4192,44.3272],[11.4192,44.3294],[11.4145,44.3337],[11.412,44.3343],[11.4093,44.3389],[11.4064,44.34],[11.4062,44.3451],[11.4079,44.3498],[11.414,44.353],[11.414,44.357],[11.4183,44.362],[11.4183,44.3666],[11.4233,44.3684],[11.4277,44.3729],[11.426,44.378],[11.4266,44.3818],[11.4287,44.3841],[11.42,44.3908],[11.4133,44.3933],[11.4112,44.3986],[11.4068,44.3981],[11.3965,44.4015],[11.3912,44.4062],[11.3925,44.4082],[11.3897,44.4118],[11.3908,44.4148],[11.3975,44.4227],[11.3929,44.4265],[11.3824,44.4283],[11.3806,44.4308],[11.3723,44.4334],[11.373,44.4412],[11.3719,44.4459],[11.377,44.45],[11.3753,44.4534],[11.3763,44.4564],[11.3744,44.4596],[11.3779,44.475],[11.3825,44.4806]]]},"properties":{"kind":"roman-road","source":"itinere-roads"}},{"type":"Feature","geometry":{"type":"MultiLineString","coordinates":[[[12.5673,44.0606],[12.5585,44.0668],[12.5465,44.0696],[12.54,44.0685],[12.5223,44.0687],[12.5158,44.0703],[12.4822,44.0687],[12.454,44.0865],[12.4395,44.0887],[12.422,44.0883],[12.4042,44.0929],[12.3693,44.0915],[12.3579,44.0971],[12.3433,44.1002],[12.3324,44.1057],[12.3142,44.111],[12.2856,44.1244],[12.2732,44.1289],[12.2584,44.1374],[12.2542,44.1378],[12.2504,44.136],[12.2268,44.1414],[12.2194,44.1452]]]},"properties":{"kind":"roman-road","source":"itinere-roads"}},{"type":"Feature","geometry":{"type":"MultiLineString","coordinates":[[[11.8833,44.2857],[11.8284,44.308],[11.8198,44.3126],[11.8153,44.3134],[11.742,44.3425],[11.7285,44.3443],[11.7244,44.3491],[11.72,44.3518],[11.5919,44.4009]]]},"properties":{"kind":"roman-road","source":"itinere-roads"}},{"type":"Feature","geometry":{"type":"MultiLineString","coordinates":[[[12.2194,44.1452],[12.211,44.147],[12.1809,44.164],[11.8833,44.2857]]]},"properties":{"kind":"roman-road","source":"itinere-roads"}},{"type":"Feature","geometry":{"type":"MultiLineString","coordinates":[[[10.9268,44.6462],[10.8963,44.6586],[10.8859,44.6579],[10.857,44.6463],[10.8108,44.651],[10.8036,44.6491],[10.789,44.6542],[10.7792,44.6541],[10.7485,44.6576],[10.7135,44.6684],[10.6859,44.6799],[10.6311,44.6985]]]},"properties":{"kind":"roman-road","source":"itinere-roads"}},{"type":"Feature","geometry":{"type":"MultiLineString","coordinates":[[[11.2841,44.5142],[11.0313,44.6024],[10.9268,44.6462]]]},"properties":{"kind":"roman-road","source":"itinere-roads"}},{"type":"Feature","geometry":{"type":"MultiLineString","coordinates":[[[11.5919,44.4009],[11.3825,44.4806]]]},"properties":{"kind":"roman-road","source":"itinere-roads"}},{"type":"Feature","geometry":{"type":"MultiLineString","coordinates":[[[11.3463,44.4943],[11.3378,44.4956],[11.3042,44.5073],[11.2944,44.5094],[11.2841,44.5142]]]},"properties":{"kind":"roman-road","source":"itinere-roads"}},{"type":"Feature","geometry":{"type":"MultiLineString","coordinates":[[[11.3825,44.4806],[11.3463,44.4943]]]},"properties":{"kind":"roman-road","source":"itinere-roads"}},{"type":"Feature","geometry":{"type":"MultiLineString","coordinates":[[[10.3281,44.8014],[10.1895,44.83],[9.9797,44.8897],[9.865,44.9557],[9.8604,44.9604],[9.8423,44.971],[9.8291,44.9753],[9.8236,44.9796],[9.7053,45.0477],[9.6931,45.0528]]]},"properties":{"kind":"roman-road","source":"itinere-roads"}},{"type":"Feature","geometry":{"type":"MultiLineString","coordinates":[[[10.6311,44.6985],[10.4364,44.7658],[10.4312,44.7699],[10.4228,44.7705],[10.3363,44.7998],[10.3281,44.8014]]]},"properties":{"kind":"roman-road","source":"itinere-roads"}},{"type":"Feature","geometry":{"type":"MultiLineString","coordinates":[[[12.5027,44.112],[12.4824,44.1188],[12.4701,44.126],[12.46,44.1341],[12.4453,44.1388],[12.4172,44.1521],[12.4092,44.155],[12.3937,44.1568],[12.3825,44.1628],[12.3766,44.1725],[12.3286,44.2034],[12.2662,44.2521],[12.2598,44.2563],[12.2454,44.2596],[12.213,44.2788]]]},"properties":{"kind":"roman-road","source":"itinere-roads"}},{"type":"Feature","geometry":{"type":"MultiLineString","coordinates":[[[12.213,44.2788],[12.2114,44.318],[12.215,44.3786],[12.2072,44.396],[12.2056,44.4116],[12.2085,44.4165]]]},"properties":{"kind":"roman-road","source":"itinere-roads"}},{"type":"Feature","geometry":{"type":"MultiLineString","coordinates":[[[12.2085,44.4165],[12.202,44.4268],[12.2015,44.4353],[12.1773,44.4803],[12.1722,44.4988],[12.1653,44.5326],[12.1548,44.5431],[12.1237,44.5531],[12.0933,44.5732],[12.0819,44.6106],[12.0947,44.6596],[12.1101,44.6952],[12.1239,44.7434],[12.1383,44.8276],[12.1446,44.8512],[12.1735,44.9286],[12.1747,44.9421],[12.1766,44.9445]]]},"properties":{"kind":"roman-road","source":"itinere-roads"}},{"type":"Feature","geometry":{"type":"MultiLineString","coordinates":[[[12.1766,44.9445],[12.1817,44.9524],[12.205,45.0178],[12.221,45.0387],[12.2323,45.0499],[12.2441,45.0661],[12.2528,45.0966],[12.2521,45.1055],[12.2509,45.1083],[12.2209,45.1179],[12.1471,45.1526],[12.0818,45.1692]]]},"properties":{"kind":"roman-road","source":"itinere-roads"}},{"type":"Feature","geometry":{"type":"MultiLineString","coordinates":[[[12.0818,45.1692],[12.0889,45.1919],[12.097,45.2099],[12.0968,45.2657],[12.1006,45.3016],[12.1021,45.3299],[12.11,45.3476]]]},"properties":{"kind":"roman-road","source":"itinere-roads"}},{"type":"Feature","geometry":{"type":"MultiLineString","coordinates":[[[12.0517,45.0596],[12.0441,45.0651],[12.0418,45.0947],[12.0296,45.1203],[12.0134,45.1408],[12.0102,45.1477],[11.9997,45.1621],[11.996,45.1769],[11.968,45.2058],[11.9648,45.2174],[11.9327,45.2682],[11.9325,45.2743],[11.8779,45.3941],[11.8762,45.4034]]]},"properties":{"kind":"roman-road","source":"itinere-roads"}},{"type":"Feature","geometry":{"type":"MultiLineString","coordinates":[[[12.1618,45.4202],[12.1821,45.4322],[12.2107,45.4454],[12.2154,45.4537],[12.2218,45.4586],[12.2299,45.4717],[12.2406,45.4799],[12.2547,45.4818],[12.2748,45.4825],[12.3,45.4881],[12.3131,45.4944],[12.3964,45.5456]]]},"properties":{"kind":"roman-road","source":"itinere-roads"}},{"type":"Feature","geometry":{"type":"MultiLineString","coordinates":[[[12.11,45.3476],[12.1266,45.3842],[12.1387,45.4074],[12.151,45.413],[12.1618,45.4202]]]},"properties":{"kind":"roman-road","source":"itinere-roads"}},{"type":"Feature","geometry":{"type":"MultiLineString","coordinates":[[[17.24,40.4692],[17.2938,40.4589],[17.3071,40.4546],[17.3379,40.4493],[17.3593,40.4513],[17.3737,40.4549],[17.3998,40.4649]]]},"properties":{"kind":"roman-road","source":"itinere-roads"}},{"type":"Feature","geometry":{"type":"MultiLineString","coordinates":[[[17.3998,40.4649],[17.4,40.4668],[17.4035,40.4678],[17.4178,40.4807],[17.4209,40.4812],[17.4324,40.4887],[17.4389,40.4917],[17.4596,40.4945],[17.4632,40.4961],[17.6353,40.5009]]]},"properties":{"kind":"roman-road","source":"itinere-roads"}},{"type":"Feature","geometry":{"type":"MultiLineString","coordinates":[[[17.6353,40.5009],[17.6423,40.4984]]]},"properties":{"kind":"roman-road","source":"itinere-roads"}},{"type":"Feature","geometry":{"type":"MultiLineString","coordinates":[[[18.0286,40.1801],[18.004,40.1993],[17.999,40.2058],[17.9735,40.2278],[17.9593,40.2357],[17.9364,40.2423],[17.9293,40.2486],[17.9171,40.2535],[17.9098,40.2548],[17.8977,40.2621],[17.8902,40.2758],[17.8839,40.2837],[17.8783,40.287],[17.7835,40.3209],[17.7267,40.3487],[17.718,40.3537],[17.7142,40.3576],[17.689,40.3688],[17.6846,40.3728],[17.6714,40.3814],[17.6593,40.3871],[17.6477,40.3958],[17.6288,40.4005],[17.5527,40.4049],[17.4241,40.4435],[17.4072,40.4568],[17.4053,40.4598],[17.4003,40.463],[17.3998,40.4649]]]},"properties":{"kind":"roman-road","source":"itinere-roads"}},{"type":"Feature","geometry":{"type":"MultiLineString","coordinates":[[[18.0286,40.1801],[18.0241,40.1753],[18.0181,40.1523],[18.0202,40.1157],[18.0281,40.1019],[18.0346,40.0976],[18.0409,40.0867],[18.0478,40.0782],[18.0562,40.0712],[18.0591,40.0624]]]},"properties":{"kind":"roman-road","source":"itinere-roads"}},{"type":"Feature","geometry":{"type":"MultiLineString","coordinates":[[[18.0591,40.0624],[18.0537,40.0591],[18.0382,40.0572],[18.0356,40.0549],[18.0067,40.0503],[17.9963,40.0536],[17.9933,40.0559],[17.9788,40.0563]]]},"properties":{"kind":"roman-road","source":"itinere-roads"}},{"type":"Feature","geometry":{"type":"MultiLineString","coordinates":[[[18.0591,40.0624],[18.067,40.0487],[18.0689,40.0414],[18.0693,40.0333],[18.0724,40.0291],[18.0739,40.0169],[18.0774,40.0123],[18.0843,40.0083],[18.0865,40.0029],[18.0853,39.9929],[18.0897,39.982],[18.0873,39.9754],[18.0933,39.9592],[18.16,39.9278],[18.1704,39.9219],[18.1837,39.9121],[18.1898,39.9096],[18.1935,39.9095],[18.2079,39.9033],[18.2088,39.9011],[18.2178,39.8934],[18.2208,39.888],[18.2297,39.8813],[18.2327,39.8753],[18.2493,39.8618],[18.269,39.8504],[18.2816,39.8465],[18.2872,39.8466],[18.2964,39.844],[18.3312,39.8242],[18.3407,39.8214],[18.342,39.8145],[18.3465,39.8082],[18.3485,39.8003],[18.3514,39.7977],[18.3544,39.7985]]]},"properties":{"kind":"roman-road","source":"itinere-roads"}},{"type":"Feature","geometry":{"type":"MultiLineString","coordinates":[[[18.3544,39.7985],[18.361,39.7983],[18.3635,39.8015],[18.3631,39.8036],[18.3658,39.8057],[18.3671,39.8128],[18.3706,39.8179],[18.3724,39.8182],[18.3738,39.8228],[18.3721,39.8289],[18.3659,39.8388],[18.3648,39.8581],[18.3621,39.8688],[18.3657,39.8879],[18.3646,39.8966],[18.3656,39.9017],[18.3646,39.9034],[18.3641,39.9169],[18.3625,39.9215],[18.3631,39.9262],[18.357,39.932],[18.3575,39.9361],[18.3631,39.959],[18.3785,39.9823],[18.381,39.9841],[18.39,39.9865],[18.3935,39.9893]]]},"properties":{"kind":"roman-road","source":"itinere-roads"}},{"type":"Feature","geometry":{"type":"MultiLineString","coordinates":[[[18.4589,40.0937],[18.4623,40.0983],[18.4673,40.1021],[18.4697,40.1087],[18.4831,40.1266],[18.4859,40.1403],[18.4923,40.145],[18.4912,40.1462]]]},"properties":{"kind":"roman-road","source":"itinere-roads"}},{"type":"Feature","geometry":{"type":"MultiLineString","coordinates":[[[18.3935,39.9893],[18.4054,39.9995],[18.4139,40.0029],[18.4154,40.0053],[18.4268,40.0084],[18.4257,40.0218],[18.4279,40.0271],[18.4272,40.0362],[18.4288,40.0458],[18.4342,40.0523],[18.4421,40.0661],[18.4456,40.0678],[18.4509,40.0765],[18.4514,40.0814],[18.4544,40.0878],[18.4589,40.0937]]]},"properties":{"kind":"roman-road","source":"itinere-roads"}},{"type":"Feature","geometry":{"type":"MultiLineString","coordinates":[[[18.3935,39.9893],[18.395,39.9998],[18.3887,40.0363],[18.3886,40.0511],[18.3968,40.0539],[18.401,40.0602],[18.4146,40.0726],[18.4196,40.0764],[18.4247,40.0783],[18.433,40.0849],[18.4423,40.0863],[18.4492,40.0929],[18.4589,40.0937]]]},"properties":{"kind":"roman-road","source":"itinere-roads"}},{"type":"Feature","geometry":{"type":"MultiLineString","coordinates":[[[17.9471,40.6411],[17.9451,40.6379]]]},"properties":{"kind":"roman-road","source":"itinere-roads"}},{"type":"Feature","geometry":{"type":"MultiLineString","coordinates":[[[17.9451,40.6379],[17.9369,40.6358]]]},"properties":{"kind":"roman-road","source":"itinere-roads"}},{"type":"Feature","geometry":{"type":"MultiLineString","coordinates":[[[17.9369,40.6358],[17.8999,40.6145],[17.8954,40.6073],[17.8878,40.6031],[17.8831,40.5981],[17.8619,40.5882],[17.8496,40.5776],[17.8434,40.577],[17.8258,40.5667],[17.818,40.5638],[17.807,40.5606],[17.7866,40.5586],[17.775,40.5556],[17.7492,40.545],[17.7147,40.5365],[17.6577,40.509],[17.6464,40.5028],[17.6423,40.4984]]]},"properties":{"kind":"roman-road","source":"itinere-roads"}},{"type":"Feature","geometry":{"type":"MultiLineString","coordinates":[[[17.6423,40.4984],[17.6464,40.4956]]]},"properties":{"kind":"roman-road","source":"itinere-roads"}},{"type":"Feature","geometry":{"type":"MultiLineString","coordinates":[[[17.6464,40.4956],[17.7094,40.498],[17.7304,40.5],[17.7509,40.4975],[17.7623,40.4946],[17.7803,40.4931],[17.8155,40.4849],[17.8334,40.4858],[17.8492,40.4847],[17.8551,40.482],[17.8689,40.4806],[17.8841,40.4768],[17.9055,40.4663],[17.9137,40.4649],[17.9199,40.465],[17.93,40.4675],[17.9381,40.4662],[17.9545,40.4569],[17.966,40.4564],[17.9812,40.4529],[17.9864,40.4533],[17.9992,40.4493],[18.0083,40.4426],[18.0235,40.4364],[18.0373,40.4384],[18.0477,40.4382],[18.0581,40.4445],[18.062,40.4448],[18.0698,40.4486]]]},"properties":{"kind":"roman-road","source":"itinere-roads"}},{"type":"Feature","geometry":{"type":"MultiLineString","coordinates":[[[17.9369,40.6358],[17.9281,40.6381],[17.9257,40.6432],[17.8825,40.6627],[17.8725,40.6666],[17.8562,40.6706],[17.8253,40.6886],[17.8176,40.6905],[17.8027,40.6976],[17.7961,40.6984],[17.7792,40.7035],[17.7776,40.7104],[17.758,40.7143],[17.7508,40.7204],[17.7185,40.7399],[17.6995,40.7488]]]},"properties":{"kind":"roman-road","source":"itinere-roads"}},{"type":"Feature","geometry":{"type":"MultiLineString","coordinates":[[[16.6916,41.1082],[16.6943,41.1035],[16.6963,41.1025],[16.7072,41.1018],[16.7427,41.0954],[16.7735,41.0869],[16.7773,41.0871],[16.7789,41.0851],[16.7882,41.0817],[16.7932,41.0823],[16.8036,41.0777],[16.8095,41.0771],[16.8173,41.0789],[16.8203,41.0749],[16.8261,41.0731],[16.8411,41.0697],[16.849,41.0692],[16.8526,41.0672],[16.8682,41.0654]]]},"properties":{"kind":"roman-road","source":"itinere-roads"}},{"type":"Feature","geometry":{"type":"MultiLineString","coordinates":[[[17.2976,40.9508],[17.2968,40.9531]]]},"properties":{"kind":"roman-road","source":"itinere-roads"}},{"type":"Feature","geometry":{"type":"MultiLineString","coordinates":[[[16.8682,41.0654],[16.886,41.0613],[16.8902,41.0572],[16.8997,41.0512],[16.9213,41.0479],[16.925,41.0458],[16.9357,41.0433],[16.9409,41.0393],[16.9526,41.0343],[16.9593,41.033],[16.9698,41.0335],[16.9908,41.0317],[16.9968,41.024],[17.003,41.0119],[17.0982,40.9791],[17.1167,40.9676],[17.1627,40.966],[17.1704,40.9636],[17.1801,40.9627],[17.1944,40.958],[17.196,40.9565],[17.2023,40.9556],[17.2146,40.9481],[17.2663,40.9497],[17.2733,40.9477],[17.2858,40.9479],[17.2976,40.9508]]]},"properties":{"kind":"roman-road","source":"itinere-roads"}},{"type":"Feature","geometry":{"type":"MultiLineString","coordinates":[[[16.8641,41.1265],[16.8491,41.1214],[16.8421,41.1204],[16.8287,41.1243],[16.7932,41.123],[16.786,41.1214],[16.7799,41.1166],[16.7665,41.1114],[16.7617,41.1114],[16.7555,41.1146],[16.7356,41.1164],[16.6974,41.1082],[16.6916,41.1082]]]},"properties":{"kind":"roman-road","source":"itinere-roads"}},{"type":"Feature","geometry":{"type":"MultiLineString","coordinates":[[[16.8682,41.0654],[16.8636,41.0718],[16.8654,41.0886],[16.8676,41.0963],[16.867,41.1017],[16.8689,41.1147],[16.8675,41.1268]]]},"properties":{"kind":"roman-road","source":"itinere-roads"}},{"type":"Feature","geometry":{"type":"MultiLineString","coordinates":[[[17.3841,40.8904],[17.3975,40.8762],[17.4018,40.8659],[17.41,40.8561],[17.4195,40.8507],[17.4319,40.8478],[17.4428,40.8432],[17.4486,40.8374],[17.462,40.8345],[17.4674,40.8316],[17.4736,40.8302],[17.4874,40.823],[17.5273,40.8071],[17.5531,40.7932],[17.5749,40.7897],[17.6262,40.7685],[17.6604,40.761],[17.6738,40.7598],[17.6891,40.7523],[17.6995,40.7488]]]},"properties":{"kind":"roman-road","source":"itinere-roads"}},{"type":"Feature","geometry":{"type":"MultiLineString","coordinates":[[[17.6464,40.4956],[17.7311,40.4653],[17.7458,40.4643],[17.7911,40.4454],[17.798,40.4393],[17.8136,40.4311],[17.8181,40.4256],[17.8254,40.4238],[17.8359,40.4186],[17.9223,40.3986],[17.9562,40.4017],[18.0186,40.3983],[18.0367,40.3954],[18.0628,40.3862],[18.082,40.3822],[18.0999,40.3719],[18.1261,40.3661],[18.1315,40.3633],[18.1407,40.361],[18.1479,40.3554],[18.1645,40.3514],[18.1686,40.3523]]]},"properties":{"kind":"roman-road","source":"itinere-roads"}},{"type":"Feature","geometry":{"type":"MultiLineString","coordinates":[[[18.4202,40.1382],[18.4024,40.1325],[18.3831,40.1292],[18.3671,40.1284],[18.3634,40.1307],[18.3556,40.1304],[18.3502,40.1283],[18.3384,40.1281],[18.328,40.1242],[18.3012,40.121],[18.2126,40.0719],[18.1912,40.0685],[18.1885,40.0667],[18.1543,40.0557],[18.1405,40.0529],[18.129,40.0555],[18.1221,40.0556],[18.1109,40.0612],[18.1054,40.0618],[18.0981,40.0603],[18.0935,40.0614],[18.0591,40.0624]]]},"properties":{"kind":"roman-road","source":"itinere-roads"}},{"type":"Feature","geometry":{"type":"MultiLineString","coordinates":[[[18.487,40.1469],[18.475,40.1572],[18.4669,40.1683],[18.4623,40.1715],[18.4583,40.1778],[18.4527,40.1815],[18.4492,40.19],[18.442,40.192],[18.436,40.1957],[18.4309,40.2072],[18.4218,40.2114],[18.4211,40.2157],[18.4237,40.2208],[18.4274,40.2218],[18.4315,40.2252],[18.4236,40.2593],[18.4151,40.2748],[18.4164,40.2786],[18.4137,40.2874]]]},"properties":{"kind":"roman-road","source":"itinere-roads"}},{"type":"Feature","geometry":{"type":"MultiLineString","coordinates":[[[18.4137,40.2874],[18.4127,40.2919],[18.3976,40.3045],[18.3965,40.3073],[18.3854,40.314],[18.3688,40.3345],[18.355,40.3393],[18.3508,40.3431],[18.3484,40.3486],[18.3464,40.35],[18.329,40.3548],[18.323,40.3601],[18.3149,40.3615],[18.2975,40.3851],[18.2956,40.3924],[18.293,40.3924],[18.2712,40.4017],[18.2501,40.4147],[18.2396,40.4262],[18.2205,40.4438],[18.2124,40.4491],[18.1946,40.4565],[18.1807,40.4585],[18.1737,40.4612],[18.1602,40.4739],[18.1526,40.4789],[18.143,40.4805],[18.1239,40.4876],[18.1188,40.4921],[18.1206,40.497],[18.1154,40.5012],[18.091,40.5085],[18.0659,40.5315],[18.0585,40.5351],[18.042,40.5482],[18.0361,40.5502],[18.0328,40.5536],[18.021,40.5595],[18.0119,40.5691],[18.0019,40.5891],[17.9785,40.6079],[17.9727,40.6157],[17.9569,40.6199]]]},"properties":{"kind":"roman-road","source":"itinere-roads"}},{"type":"Feature","geometry":{"type":"MultiLineString","coordinates":[[[18.0286,40.1801],[18.0453,40.1792],[18.0747,40.1752],[18.0859,40.1768],[18.1033,40.1762],[18.1155,40.1722],[18.1319,40.1744],[18.1405,40.1736],[18.1471,40.1749],[18.1679,40.1745],[18.2077,40.187],[18.2157,40.1935],[18.2211,40.1958],[18.2275,40.1962],[18.2309,40.1983],[18.2342,40.1983],[18.2383,40.2022],[18.2525,40.2085],[18.2625,40.2099],[18.2722,40.2136],[18.2808,40.215],[18.2907,40.2235]]]},"properties":{"kind":"roman-road","source":"itinere-roads"}},{"type":"Feature","geometry":{"type":"MultiLineString","coordinates":[[[18.2907,40.2235],[18.3111,40.2346],[18.3112,40.2369],[18.3272,40.2449],[18.3519,40.2537],[18.3633,40.2652],[18.3742,40.2724],[18.378,40.2797],[18.3791,40.2849],[18.4137,40.2874]]]},"properties":{"kind":"roman-road","source":"itinere-roads"}},{"type":"Feature","geometry":{"type":"MultiLineString","coordinates":[[[18.4137,40.2874],[18.4207,40.2932]]]},"properties":{"kind":"roman-road","source":"itinere-roads"}},{"type":"Feature","geometry":{"type":"MultiLineString","coordinates":[[[15.0923,41.2429],[15.1089,41.2426],[15.1385,41.2487],[15.1395,41.2558],[15.1379,41.2597],[15.139,41.2642]]]},"properties":{"kind":"roman-road","source":"itinere-roads"}},{"type":"Feature","geometry":{"type":"MultiLineString","coordinates":[[[15.0923,41.2429],[15.0868,41.2422],[15.0587,41.2327],[15.043,41.2253]]]},"properties":{"kind":"roman-road","source":"itinere-roads"}},{"type":"Feature","geometry":{"type":"MultiLineString","coordinates":[[[15.0788,41.2586],[15.0816,41.257],[15.0879,41.2456],[15.0923,41.2429]]]},"properties":{"kind":"roman-road","source":"itinere-roads"}},{"type":"Feature","geometry":{"type":"MultiLineString","coordinates":[[[15.0923,41.2429],[15.0943,41.2388],[15.0947,41.226],[15.0961,41.2239],[15.0953,41.2179],[15.0994,41.2106],[15.105,41.2066],[15.1265,41.2013],[15.146,41.1938],[15.1518,41.1872],[15.1621,41.1853],[15.1691,41.1801],[15.1731,41.175],[15.1736,41.1634],[15.1773,41.1601],[15.1837,41.1594],[15.1993,41.1527],[15.2063,41.1446],[15.2176,41.1403],[15.221,41.1378],[15.2278,41.1369],[15.2435,41.1298],[15.2595,41.1179],[15.264,41.1168],[15.2652,41.1151],[15.2769,41.1102],[15.3018,41.1041],[15.3084,41.1001],[15.3219,41.0957],[15.3244,41.0912],[15.3465,41.0898],[15.3534,41.0869],[15.3667,41.0847],[15.3689,41.083],[15.3687,41.0802],[15.371,41.0764],[15.3754,41.0749],[15.3849,41.0679],[15.413,41.0656],[15.4159,41.0627],[15.4171,41.0529],[15.4196,41.0493]]]},"properties":{"kind":"roman-road","source":"itinere-roads"}},{"type":"Feature","geometry":{"type":"MultiLineString","coordinates":[[[14.6538,40.7441],[14.639,40.7467],[14.5957,40.748]]]},"properties":{"kind":"roman-road","source":"itinere-roads"}},{"type":"Feature","geometry":{"type":"MultiLineString","coordinates":[[[14.4881,40.7499],[14.4848,40.749]]]},"properties":{"kind":"roman-road","source":"itinere-roads"}},{"type":"Feature","geometry":{"type":"MultiLineString","coordinates":[[[14.5957,40.748],[14.5292,40.7493],[14.5009,40.7539],[14.4948,40.7529],[14.4881,40.7499]]]},"properties":{"kind":"roman-road","source":"itinere-roads"}},{"type":"Feature","geometry":{"type":"MultiLineString","coordinates":[[[17.24,40.4692],[17.229,40.4759],[17.2263,40.4809],[17.2212,40.4826]]]},"properties":{"kind":"roman-road","source":"itinere-roads"}},{"type":"Feature","geometry":{"type":"MultiLineString","coordinates":[[[17.0846,40.5584],[17.0692,40.5657],[17.0612,40.5718],[17.039,40.5789],[17.0344,40.5792]]]},"properties":{"kind":"roman-road","source":"itinere-roads"}},{"type":"Feature","geometry":{"type":"MultiLineString","coordinates":[[[17.2212,40.4826],[17.2102,40.4905],[17.1874,40.5158],[17.1751,40.5188],[17.16,40.5251],[17.1515,40.5302],[17.1191,40.5394],[17.1073,40.5404],[17.103,40.5454],[17.0846,40.5584]]]},"properties":{"kind":"roman-road","source":"itinere-roads"}},{"type":"Feature","geometry":{"type":"MultiLineString","coordinates":[[[17.0344,40.5792],[16.9984,40.5743],[16.988,40.5749],[16.9683,40.5818],[16.961,40.5829],[16.9547,40.5813],[16.9406,40.5866],[16.9331,40.5904],[16.9229,40.5979],[16.9208,40.601],[16.9187,40.6105],[16.9102,40.618],[16.9077,40.622],[16.9046,40.6218],[16.9004,40.626],[16.8948,40.6291],[16.8907,40.6327],[16.8884,40.6367],[16.875,40.6439],[16.8621,40.6453],[16.844,40.654],[16.8312,40.6571]]]},"properties":{"kind":"roman-road","source":"itinere-roads"}},{"type":"Feature","geometry":{"type":"MultiLineString","coordinates":[[[16.8312,40.6571],[16.8261,40.6595],[16.8209,40.6588],[16.8097,40.6632],[16.7986,40.6732],[16.7779,40.6867],[16.7766,40.6904],[16.7733,40.694],[16.7405,40.7086],[16.7275,40.7124],[16.6534,40.7486],[16.6449,40.749],[16.6223,40.7574],[16.6097,40.7696],[16.5969,40.7746],[16.5656,40.7902],[16.5538,40.7934],[16.5505,40.797],[16.5261,40.8031],[16.5157,40.8018],[16.5031,40.8036],[16.5008,40.8061],[16.4903,40.808],[16.4669,40.8102],[16.453,40.8131],[16.4373,40.8186],[16.4158,40.8172]]]},"properties":{"kind":"roman-road","source":"itinere-roads"}},{"type":"Feature","geometry":{"type":"MultiLineString","coordinates":[[[15.8259,40.9678],[15.8164,40.9689],[15.8118,40.9676]]]},"properties":{"kind":"roman-road","source":"itinere-roads"}},{"type":"Feature","geometry":{"type":"MultiLineString","coordinates":[[[15.4358,41.068],[15.4308,41.0616],[15.4286,41.0566],[15.4196,41.0493]]]},"properties":{"kind":"roman-road","source":"itinere-roads"}},{"type":"Feature","geometry":{"type":"MultiLineString","coordinates":[[[15.8118,40.9676],[15.8064,40.9693],[15.8041,40.9729]]]},"properties":{"kind":"roman-road","source":"itinere-roads"}},{"type":"Feature","geometry":{"type":"MultiLineString","coordinates":[[[15.8041,40.9729],[15.7993,40.9743],[15.7941,40.9737],[15.7816,40.9769],[15.7757,40.9806],[15.7722,40.9799],[15.7673,40.9809],[15.7574,40.9876],[15.7537,40.9924],[15.7517,40.9998],[15.7486,41.0005],[15.7456,41.0046],[15.7306,41.0091],[15.7306,41.0129],[15.7233,41.0112],[15.7208,41.0131],[15.7148,41.0139],[15.7132,41.0167],[15.7035,41.0124],[15.6971,41.0123],[15.6923,41.0142],[15.6848,41.0148],[15.6822,41.0172],[15.6598,41.0109],[15.6482,41.0144],[15.6346,41.0147],[15.615,41.0197],[15.6112,41.022],[15.6098,41.0269],[15.5998,41.0343],[15.5975,41.0348],[15.5865,41.0499],[15.5804,41.0537],[15.5757,41.059],[15.5578,41.0627],[15.5529,41.0685],[15.5497,41.0694],[15.5452,41.0744],[15.5186,41.0752],[15.5134,41.0729],[15.4986,41.0789],[15.4917,41.0796],[15.4693,41.078],[15.4447,41.0716],[15.4358,41.068]]]},"properties":{"kind":"roman-road","source":"itinere-roads"}},{"type":"Feature","geometry":{"type":"MultiLineString","coordinates":[[[15.4196,41.0493],[15.4084,41.0414],[15.4078,41.0367],[15.4111,41.0328],[15.4104,41.0253],[15.4125,41.0228],[15.4097,41.0201],[15.4083,41.0159],[15.4006,41.0131],[15.3982,41.0104],[15.3911,41.0086],[15.3883,41.0069],[15.3854,41.0026],[15.3758,41.0076]]]},"properties":{"kind":"roman-road","source":"itinere-roads"}},{"type":"Feature","geometry":{"type":"MultiLineString","coordinates":[[[15.0886,41.0117],[15.0776,41.0164],[15.0557,41.0228],[15.0377,41.034],[15.0382,41.0376],[15.0361,41.041],[15.0316,41.0433],[15.0305,41.0463],[15.0232,41.0527],[15.016,41.0547]]]},"properties":{"kind":"roman-road","source":"itinere-roads"}},{"type":"Feature","geometry":{"type":"MultiLineString","coordinates":[[[15.3758,41.0076],[15.373,41.0073],[15.3661,41.0098],[15.3613,41.008],[15.3603,41.0063],[15.3545,41.0071],[15.3501,41.0061],[15.3433,40.9983],[15.3353,40.9954],[15.3284,40.9906],[15.3185,40.9903],[15.3163,40.9874],[15.3123,40.9852],[15.3092,40.9857],[15.2999,40.9792],[15.2811,40.9769],[15.2774,40.9778],[15.2568,40.9765],[15.2372,40.9719],[15.2328,40.9692],[15.2325,40.9663],[15.2302,40.965],[15.2242,40.9647],[15.2158,40.961],[15.2012,40.959],[15.1899,40.9608],[15.1632,40.974],[15.1575,40.9811],[15.1524,40.984],[15.1477,40.984],[15.1399,40.9886],[15.1249,40.9943],[15.1234,40.9986],[15.1174,41.0015],[15.112,41.0012],[15.1025,41.0073],[15.1001,41.0118],[15.0886,41.0117]]]},"properties":{"kind":"roman-road","source":"itinere-roads"}},{"type":"Feature","geometry":{"type":"MultiLineString","coordinates":[[[15.016,41.0547],[15.0121,41.055],[15.0058,41.0584],[14.9856,41.0614],[14.981,41.0609],[14.9694,41.0637],[14.9627,41.0678],[14.9612,41.0709],[14.9365,41.085],[14.9119,41.0953],[14.9129,41.0969],[14.9081,41.101],[14.9074,41.1053],[14.9039,41.1082],[14.892,41.1115],[14.8833,41.1119],[14.8655,41.1085],[14.8603,41.1124],[14.8453,41.1187],[14.8416,41.118],[14.8348,41.1197],[14.8293,41.123],[14.8203,41.1251],[14.7925,41.1277],[14.7776,41.1313]]]},"properties":{"kind":"roman-road","source":"itinere-roads"}},{"type":"Feature","geometry":{"type":"MultiLineString","coordinates":[[[14.7776,41.1313],[14.7746,41.132]]]},"properties":{"kind":"roman-road","source":"itinere-roads"}},{"type":"Feature","geometry":{"type":"MultiLineString","coordinates":[[[14.7746,41.132],[14.7722,41.1298],[14.7657,41.1318],[14.7619,41.1283],[14.7562,41.1279],[14.7533,41.1258],[14.7518,41.1207],[14.7528,41.1194],[14.7496,41.1125],[14.7494,41.1087],[14.7439,41.104],[14.7401,41.0983],[14.7411,41.0942],[14.7397,41.0886],[14.735,41.0857],[14.7294,41.0855],[14.7154,41.0803],[14.7126,41.0761],[14.7137,41.0726],[14.7108,41.0602],[14.702,41.055],[14.697,41.0557],[14.6788,41.0539],[14.6695,41.0497],[14.6379,41.0633]]]},"properties":{"kind":"roman-road","source":"itinere-roads"}},{"type":"Feature","geometry":{"type":"MultiLineString","coordinates":[[[14.6379,41.0633],[14.6294,41.0576],[14.5598,41.0402],[14.5461,41.0359],[14.5398,41.0323],[14.5369,41.034],[14.5204,41.0356],[14.4989,41.0333],[14.4928,41.0306],[14.4695,41.027],[14.4263,41.0264],[14.402,41.031],[14.3927,41.038]]]},"properties":{"kind":"roman-road","source":"itinere-roads"}},{"type":"Feature","geometry":{"type":"MultiLineString","coordinates":[[[14.3927,41.038],[14.3905,41.0375],[14.3829,41.0398],[14.3726,41.0394],[14.3625,41.0425],[14.3566,41.0425],[14.2698,41.0816],[14.2542,41.0821]]]},"properties":{"kind":"roman-road","source":"itinere-roads"}},{"type":"Feature","geometry":{"type":"MultiLineString","coordinates":[[[13.8549,41.1412],[13.8509,41.1505],[13.8515,41.1553],[13.854,41.1598],[13.8562,41.174],[13.8438,41.1872],[13.8411,41.1929],[13.8276,41.2022],[13.786,41.2361],[13.7703,41.2428]]]},"properties":{"kind":"roman-road","source":"itinere-roads"}},{"type":"Feature","geometry":{"type":"MultiLineString","coordinates":[[[13.9687,41.1342],[13.966,41.1333],[13.9632,41.1294],[13.9576,41.1275],[13.9556,41.125],[13.9466,41.1309],[13.9437,41.1312],[13.928,41.1258],[13.9082,41.1222],[13.8957,41.1244],[13.8549,41.1412]]]},"properties":{"kind":"roman-road","source":"itinere-roads"}},{"type":"Feature","geometry":{"type":"MultiLineString","coordinates":[[[14.2036,41.1112],[14.199,41.1098],[14.1948,41.1105],[14.1707,41.1089],[14.136,41.1156],[14.0593,41.1184],[14.0319,41.1181],[14.0009,41.125],[13.9972,41.1285],[13.9687,41.1342]]]},"properties":{"kind":"roman-road","source":"itinere-roads"}},{"type":"Feature","geometry":{"type":"MultiLineString","coordinates":[[[14.2542,41.0821],[14.2504,41.0824],[14.2346,41.0928],[14.2223,41.0981],[14.2196,41.103],[14.208,41.1102],[14.2036,41.1112]]]},"properties":{"kind":"roman-road","source":"itinere-roads"}},{"type":"Feature","geometry":{"type":"MultiLineString","coordinates":[[[13.7703,41.2428],[13.7247,41.2525],[13.6811,41.2629],[13.6787,41.2645],[13.6141,41.2606],[13.5978,41.253]]]},"properties":{"kind":"roman-road","source":"itinere-roads"}},{"type":"Feature","geometry":{"type":"MultiLineString","coordinates":[[[13.5653,41.2544],[13.5536,41.2617],[13.5423,41.2762],[13.5387,41.2828],[13.5385,41.2864],[13.5357,41.2897],[13.5211,41.2902],[13.5142,41.2917],[13.5078,41.2962],[13.5061,41.2997],[13.4965,41.3061],[13.4931,41.3094],[13.4927,41.312],[13.4806,41.3172],[13.4771,41.3245],[13.4686,41.3284],[13.4293,41.3558],[13.4271,41.3589]]]},"properties":{"kind":"roman-road","source":"itinere-roads"}},{"type":"Feature","geometry":{"type":"MultiLineString","coordinates":[[[13.5978,41.253],[13.586,41.2514],[13.5653,41.2544]]]},"properties":{"kind":"roman-road","source":"itinere-roads"}},{"type":"Feature","geometry":{"type":"MultiLineString","coordinates":[[[13.4271,41.3589],[13.4244,41.3602],[13.3457,41.3461],[13.3411,41.3443],[13.336,41.3394],[13.3314,41.3369],[13.3113,41.3313],[13.3093,41.3299],[13.307,41.3243],[13.3016,41.32],[13.2883,41.3159],[13.2809,41.3037],[13.2744,41.2992],[13.2696,41.3005],[13.256,41.2957],[13.2548,41.2923],[13.249,41.2917]]]},"properties":{"kind":"roman-road","source":"itinere-roads"}},{"type":"Feature","geometry":{"type":"MultiLineString","coordinates":[[[13.249,41.2917],[13.2419,41.2973],[13.2159,41.3087],[13.2014,41.3092],[13.198,41.3136],[13.1919,41.3154],[12.8422,41.5871],[12.8258,41.5952],[12.8189,41.6001],[12.8107,41.6091],[12.8006,41.6176],[12.7975,41.622],[12.7375,41.6673],[12.7279,41.6684],[12.7277,41.6717],[12.7243,41.6769],[12.7183,41.6807]]]},"properties":{"kind":"roman-road","source":"itinere-roads"}},{"type":"Feature","geometry":{"type":"MultiLineString","coordinates":[[[12.7183,41.6807],[12.716,41.6838],[12.6922,41.7022],[12.6818,41.7099],[12.6784,41.7104],[12.6782,41.7141],[12.6659,41.7191],[12.6634,41.7243]]]},"properties":{"kind":"roman-road","source":"itinere-roads"}},{"type":"Feature","geometry":{"type":"MultiLineString","coordinates":[[[12.6165,41.7666],[12.503,41.867],[12.502,41.8723],[12.4992,41.8772],[12.4958,41.8802]]]},"properties":{"kind":"roman-road","source":"itinere-roads"}},{"type":"Feature","geometry":{"type":"MultiLineString","coordinates":[[[12.6634,41.7243],[12.6165,41.7666]]]},"properties":{"kind":"roman-road","source":"itinere-roads"}},{"type":"Feature","geometry":{"type":"MultiLineString","coordinates":[[[16.4927,39.717],[16.4956,39.7136],[16.5155,39.653],[16.5312,39.6411],[16.542,39.636],[16.5499,39.6353],[16.5528,39.6334],[16.574,39.6287],[16.5832,39.6206],[16.6004,39.615],[16.6161,39.6122],[16.6412,39.6107],[16.6545,39.6049],[16.6945,39.6048],[16.6992,39.6076],[16.7189,39.6064],[16.7472,39.608],[16.7664,39.6065],[16.7868,39.6025],[16.7999,39.5964],[16.8135,39.5878],[16.8178,39.5828],[16.8235,39.5694],[16.832,39.5603],[16.8547,39.5436],[16.8668,39.5363],[16.9118,39.5168],[16.937,39.5077],[16.9459,39.5],[16.9606,39.4939],[16.9616,39.4897],[16.9706,39.4826],[16.9911,39.4765],[16.9935,39.4775],[17.0039,39.4758],[17.0177,39.4705],[17.0248,39.4662],[17.0516,39.4382],[17.0576,39.4335],[17.0819,39.4181],[17.0984,39.4123],[17.1072,39.4078],[17.1139,39.4017],[17.1211,39.3979],[17.1244,39.393],[17.1198,39.382],[17.1205,39.3765],[17.1135,39.3645],[17.1082,39.3478],[17.1073,39.3407],[17.1093,39.3362],[17.1077,39.302],[17.1098,39.2978],[17.1104,39.2874],[17.1025,39.2656],[17.101,39.2571],[17.1025,39.2432],[17.1022,39.2372],[17.0999,39.2323],[17.1034,39.2215],[17.1095,39.2108],[17.1063,39.2004],[17.1117,39.1951],[17.1054,39.177]]]},"properties":{"kind":"roman-road","source":"itinere-roads"}},{"type":"Feature","geometry":{"type":"MultiLineString","coordinates":[[[17.1054,39.177],[17.0983,39.1611],[17.093,39.1155],[17.0938,39.1115],[17.107,39.0931],[17.1088,39.0888],[17.1081,39.0853],[17.1274,39.0806]]]},"properties":{"kind":"roman-road","source":"itinere-roads"}},{"type":"Feature","geometry":{"type":"MultiLineString","coordinates":[[[17.1274,39.0806],[17.121,39.0775],[17.1167,39.0709],[17.117,39.0678],[17.1142,39.0609],[17.1166,39.0556],[17.116,39.0457],[17.114,39.0442],[17.1121,39.0384],[17.1095,39.0351],[17.1135,39.0206],[17.1184,39.0176],[17.118,39.0109],[17.1218,39.0069],[17.1211,39.0042],[17.1137,38.994],[17.0987,38.9673],[17.0991,38.9613],[17.0911,38.9582],[17.0886,38.9527],[17.08,38.948],[17.0747,38.9478],[17.0705,38.9446],[17.0646,38.9432],[17.0547,38.9377],[17.0379,38.9342],[17.0254,38.93],[17.0124,38.9327],[16.9991,38.939],[16.9939,38.938],[16.9891,38.9399],[16.9775,38.941],[16.9727,38.9396],[16.9649,38.9396],[16.9581,38.9412],[16.9499,38.9469],[16.8896,38.9421],[16.81,38.9242],[16.7772,38.9122],[16.7555,38.902],[16.7443,38.8989],[16.7347,38.8982],[16.7231,38.8929],[16.7099,38.8834],[16.7069,38.8782],[16.6866,38.8675],[16.6618,38.8487],[16.6218,38.8277],[16.6163,38.8215],[16.609,38.8193]]]},"properties":{"kind":"roman-road","source":"itinere-roads"}},{"type":"Feature","geometry":{"type":"MultiLineString","coordinates":[[[16.1009,38.6739],[16.1,38.6704],[16.1042,38.6688],[16.1097,38.6695],[16.1204,38.6742],[16.1243,38.6775],[16.1278,38.6837],[16.1331,38.6894],[16.1373,38.6928],[16.1483,38.6973],[16.1621,38.696],[16.1658,38.697],[16.1673,38.699],[16.1771,38.6982],[16.1878,38.7024],[16.1923,38.702],[16.1986,38.7049],[16.2037,38.709],[16.212,38.7083],[16.217,38.7121],[16.2262,38.7227],[16.2313,38.7261],[16.2482,38.7267],[16.2538,38.7287],[16.2578,38.7286],[16.2566,38.7346],[16.2589,38.7369],[16.265,38.7381],[16.268,38.74],[16.2733,38.7404],[16.2755,38.7421],[16.2803,38.7423],[16.289,38.7475],[16.2996,38.7512],[16.3132,38.7511],[16.3235,38.7548],[16.3355,38.7514],[16.34,38.7538],[16.3404,38.756],[16.3452,38.7592],[16.3531,38.7627],[16.3616,38.7629],[16.3719,38.7611],[16.3732,38.7589],[16.381,38.7544],[16.382,38.7515],[16.3847,38.7503],[16.3923,38.7527],[16.4007,38.7532],[16.4021,38.7553],[16.4077,38.7559],[16.4103,38.7579],[16.4154,38.7588],[16.4193,38.7622],[16.424,38.7615],[16.4405,38.7676],[16.4489,38.7761],[16.4544,38.7765],[16.4592,38.7753],[16.4733,38.7775],[16.4853,38.7741],[16.4935,38.7745],[16.5026,38.7787],[16.5115,38.7806],[16.5265,38.7813],[16.5382,38.7844],[16.5462,38.7847],[16.5556,38.782],[16.5625,38.7822],[16.5738,38.7865]]]},"properties":{"kind":"roman-road","source":"itinere-roads"}},{"type":"Feature","geometry":{"type":"MultiLineString","coordinates":[[[16.24,38.2088],[16.2383,38.2159],[16.2383,38.2289],[16.235,38.2334],[16.2348,38.2379],[16.2303,38.2435],[16.2211,38.2497],[16.2068,38.2568],[16.1809,38.2673],[16.1768,38.2715],[16.1777,38.2788],[16.1725,38.2852],[16.1625,38.2866],[16.1453,38.2946],[16.1411,38.2988],[16.1409,38.3078],[16.1369,38.3096],[16.1281,38.31],[16.1254,38.3163],[16.1209,38.3219],[16.1127,38.3247],[16.1103,38.3291],[16.1091,38.3358],[16.0999,38.3394],[16.0901,38.3473],[16.0854,38.348],[16.0825,38.3501],[16.0806,38.354]]]},"properties":{"kind":"roman-road","source":"itinere-roads"}},{"type":"Feature","geometry":{"type":"MultiLineString","coordinates":[[[16.0806,38.354],[16.0752,38.3533],[16.0662,38.3491],[16.0591,38.3528],[16.0414,38.3577],[16.0174,38.3589],[15.9966,38.3566],[15.991,38.3573],[15.973,38.3643],[15.9692,38.3663],[15.9629,38.3732],[15.9572,38.3773],[15.9498,38.3875],[15.9448,38.3896],[15.9349,38.4],[15.9179,38.4078],[15.9135,38.412],[15.9026,38.4186],[15.8995,38.4256]]]},"properties":{"kind":"roman-road","source":"itinere-roads"}},{"type":"Feature","geometry":{"type":"MultiLineString","coordinates":[[[16.0806,38.354],[16.0806,38.3557],[16.0764,38.3585],[16.0702,38.374],[16.0664,38.3768],[16.072,38.3846],[16.0755,38.3867],[16.0763,38.3949],[16.073,38.4008],[16.0738,38.4029],[16.0696,38.4121],[16.0606,38.4228],[16.0555,38.4266],[16.0507,38.4333],[16.0511,38.435],[16.0405,38.4467],[16.0376,38.4528],[16.0314,38.4578],[16.0321,38.4615],[16.0305,38.4669],[16.0237,38.4707],[16.0219,38.4748],[16.0124,38.4869],[16.0064,38.4911],[16.0057,38.4931],[15.9852,38.4977],[15.9693,38.4952]]]},"properties":{"kind":"roman-road","source":"itinere-roads"}},{"type":"Feature","geometry":{"type":"MultiLineString","coordinates":[[[15.9693,38.4952],[15.963,38.493],[15.9541,38.4944],[15.9383,38.494],[15.919,38.4887]]]},"properties":{"kind":"roman-road","source":"itinere-roads"}},{"type":"Feature","geometry":{"type":"MultiLineString","coordinates":[[[16.609,38.8193],[16.6019,38.8133],[16.5943,38.8034],[16.5888,38.8004],[16.5738,38.7865]]]},"properties":{"kind":"roman-road","source":"itinere-roads"}},{"type":"Feature","geometry":{"type":"MultiLineString","coordinates":[[[16.5738,38.7865],[16.5622,38.7737],[16.5602,38.77],[16.5617,38.7674],[16.568,38.7636],[16.5685,38.7569],[16.5668,38.7547],[16.5568,38.7506],[16.5552,38.7454],[16.5503,38.7423],[16.5428,38.7315],[16.5371,38.7264],[16.5338,38.7214],[16.5318,38.7079],[16.534,38.7035],[16.5425,38.6961],[16.5492,38.6875],[16.5506,38.6804],[16.5475,38.6519],[16.5496,38.6385],[16.5492,38.6318],[16.5556,38.6085],[16.5614,38.5961],[16.5707,38.5571],[16.5695,38.5395],[16.5707,38.5276],[16.5729,38.5148],[16.5779,38.4991],[16.5797,38.4712],[16.5786,38.4449]]]},"properties":{"kind":"roman-road","source":"itinere-roads"}},{"type":"Feature","geometry":{"type":"MultiLineString","coordinates":[[[16.24,38.2088],[16.2037,38.1726],[16.1912,38.1582],[16.1671,38.1401],[16.1601,38.1304],[16.1564,38.1009],[16.1515,38.0863],[16.1444,38.0788],[16.1404,38.0645],[16.1394,38.0463],[16.1408,38.0425],[16.1431,38.0403],[16.1423,38.0294],[16.1376,38.0223],[16.1344,38.0199],[16.1339,38.0164],[16.1255,38.002],[16.1233,38.0002],[16.1204,37.9909],[16.1123,37.9771],[16.1004,37.9623],[16.0828,37.9439],[16.0609,37.9251],[16.045,37.9231],[16.043,37.9245],[16.0253,37.9242],[16.003,37.919],[15.9982,37.9163],[15.9936,37.9188],[15.9599,37.9205],[15.9491,37.9244],[15.9391,37.9253],[15.933,37.9289],[15.9236,37.9307],[15.9037,37.9284],[15.8784,37.9295],[15.8461,37.9235],[15.823,37.9204],[15.8049,37.9208],[15.7901,37.9175],[15.7634,37.9221],[15.7466,37.93],[15.7307,37.9329],[15.7275,37.9355],[15.716,37.9399],[15.7094,37.9453],[15.6996,37.9495],[15.6897,37.953],[15.6844,37.9518],[15.6792,37.9539],[15.669,37.968],[15.6623,37.9737],[15.6516,37.9874],[15.6433,37.9998],[15.6383,38.0145],[15.6418,38.02],[15.6521,38.0258],[15.6554,38.0304],[15.658,38.0397],[15.6534,38.0488],[15.6536,38.0577],[15.658,38.0608],[15.6602,38.0703],[15.6453,38.0875],[15.6416,38.1042],[15.6506,38.1117]]]},"properties":{"kind":"roman-road","source":"itinere-roads"}},{"type":"Feature","geometry":{"type":"MultiLineString","coordinates":[[[15.8982,38.4302],[15.9118,38.4411],[15.9145,38.445],[15.9338,38.4625],[15.945,38.4704],[15.9583,38.4775],[15.9693,38.4805],[15.9727,38.485],[15.973,38.4934],[15.9693,38.4952]]]},"properties":{"kind":"roman-road","source":"itinere-roads"}},{"type":"Feature","geometry":{"type":"MultiLineString","coordinates":[[[15.9693,38.4952],[15.9694,38.4986],[15.9494,38.5141],[15.9482,38.525],[15.9464,38.5277],[15.9482,38.5301],[15.9428,38.5348],[15.9399,38.5356],[15.9365,38.5408],[15.9348,38.5479],[15.9396,38.5499],[15.9387,38.5562],[15.9524,38.5606],[15.9568,38.5659],[15.9626,38.5669],[15.9614,38.5779],[15.9627,38.5812],[15.9725,38.5867],[15.9775,38.6009],[15.9829,38.6065],[15.9838,38.6107],[15.9899,38.6174],[15.997,38.62],[16.0007,38.6229],[16.0086,38.6231],[16.0232,38.6261],[16.0272,38.6257],[16.0319,38.629],[16.0393,38.6373],[16.0392,38.6405],[16.043,38.6432],[16.0501,38.6429],[16.0537,38.6444],[16.0594,38.657],[16.0753,38.6632],[16.0813,38.6693],[16.0926,38.6766],[16.1009,38.6739]]]},"properties":{"kind":"roman-road","source":"itinere-roads"}},{"type":"Feature","geometry":{"type":"MultiLineString","coordinates":[[[16.2388,38.9435],[16.236,38.9465],[16.2297,38.945],[16.2174,38.9464],[16.2141,38.9453],[16.2078,38.9456],[16.1921,38.9503],[16.1617,38.9492],[16.159,38.95],[16.1548,38.9544],[16.152,38.9647],[16.1466,38.9738],[16.1433,38.9769],[16.1366,38.9917],[16.1307,39.0008],[16.1201,39.0128],[16.1162,39.0243],[16.1154,39.0325],[16.1118,39.0344],[16.1184,39.0398],[16.1242,39.0412]]]},"properties":{"kind":"roman-road","source":"itinere-roads"}},{"type":"Feature","geometry":{"type":"MultiLineString","coordinates":[[[16.1242,39.0412],[16.1219,39.0434],[16.1183,39.0441],[16.1126,39.0505],[16.1132,39.0521],[16.11,39.0568],[16.1022,39.0649],[16.0967,39.0732],[16.0961,39.0779],[16.0912,39.0804],[16.0883,39.0865],[16.0862,39.087],[16.0842,39.0945],[16.0805,39.0971],[16.0779,39.113],[16.0735,39.1221],[16.0708,39.1297],[16.0713,39.1334],[16.0664,39.1449],[16.0648,39.1597],[16.0656,39.1743],[16.0622,39.2017],[16.0624,39.2173],[16.0606,39.2223],[16.0596,39.2385],[16.0626,39.2427],[16.0626,39.2465],[16.0602,39.2513],[16.0598,39.2673],[16.0572,39.2802],[16.0578,39.2897],[16.0527,39.3042],[16.0533,39.3072],[16.046,39.3115],[16.0395,39.342],[16.0344,39.3583],[16.03,39.3639],[16.0144,39.4031],[16.0109,39.4163],[16.0085,39.417],[15.9956,39.4444],[15.9894,39.4507],[15.9877,39.4545],[15.9791,39.4652],[15.9631,39.4761],[15.9635,39.4781],[15.955,39.4881],[15.951,39.497],[15.9449,39.5062],[15.9259,39.5289],[15.9189,39.5316],[15.919,39.5349],[15.9156,39.5339],[15.9138,39.536],[15.9065,39.5387],[15.8964,39.5395],[15.8884,39.5445],[15.8828,39.5444],[15.8797,39.5513],[15.8756,39.5558],[15.8727,39.5615],[15.8743,39.5668],[15.8696,39.5782],[15.8705,39.5856],[15.8678,39.5924],[15.8642,39.5952],[15.8625,39.6014]]]},"properties":{"kind":"roman-road","source":"itinere-roads"}},{"type":"Feature","geometry":{"type":"MultiLineString","coordinates":[[[15.8625,39.6014],[15.8603,39.6126],[15.8576,39.618],[15.8495,39.6229],[15.8454,39.6278],[15.84,39.6453],[15.8394,39.6524],[15.8359,39.6571],[15.8361,39.6623],[15.8292,39.6732],[15.8208,39.6781],[15.8197,39.6847],[15.8142,39.699],[15.8138,39.7113],[15.8125,39.7154],[15.8204,39.7233],[15.819,39.7297],[15.8225,39.7338],[15.8247,39.7336]]]},"properties":{"kind":"roman-road","source":"itinere-roads"}},{"type":"Feature","geometry":{"type":"MultiLineString","coordinates":[[[15.8247,39.7336],[15.8347,39.7443],[15.8364,39.7484],[15.8331,39.7546],[15.8285,39.7555],[15.8266,39.7591],[15.8274,39.7684]]]},"properties":{"kind":"roman-road","source":"itinere-roads"}},{"type":"Feature","geometry":{"type":"MultiLineString","coordinates":[[[16.2775,38.9021],[16.3033,38.9044],[16.3212,38.9045],[16.3254,38.9033],[16.3318,38.9064],[16.337,38.9022],[16.3417,38.9016],[16.3597,38.9038],[16.3788,38.9041],[16.3907,38.9008],[16.4231,38.9101],[16.4363,38.9098],[16.4465,38.9129],[16.4553,38.9137],[16.4631,38.9175],[16.4679,38.9168],[16.4711,38.9199],[16.4737,38.919],[16.4782,38.9217],[16.4877,38.9246],[16.4895,38.9267],[16.4936,38.9275],[16.4954,38.9301],[16.4981,38.9298],[16.5005,38.9324],[16.5041,38.9323],[16.5085,38.9351],[16.506,38.9398],[16.5096,38.9413],[16.5134,38.9382],[16.5151,38.9327],[16.5239,38.9265],[16.5225,38.9223],[16.5263,38.9168],[16.5309,38.9142],[16.5328,38.9028],[16.536,38.8949],[16.543,38.8918],[16.5551,38.8926],[16.5566,38.8892],[16.5555,38.8834],[16.5568,38.8799],[16.5619,38.8756],[16.5619,38.8709],[16.5842,38.8454],[16.5895,38.8362],[16.5942,38.8337],[16.5943,38.8303],[16.5973,38.8305],[16.5985,38.8286],[16.604,38.8257],[16.609,38.8193]]]},"properties":{"kind":"roman-road","source":"itinere-roads"}},{"type":"Feature","geometry":{"type":"MultiLineString","coordinates":[[[16.2266,39.0864],[16.2273,39.0883],[16.2319,39.091],[16.2373,39.0965],[16.2465,39.1003],[16.2473,39.1032],[16.2534,39.1077],[16.2582,39.1172],[16.2632,39.1205],[16.2788,39.1359],[16.2849,39.1477],[16.2894,39.1481],[16.2911,39.1496],[16.297,39.1647],[16.2966,39.1698],[16.2981,39.1749],[16.3036,39.1796]]]},"properties":{"kind":"roman-road","source":"itinere-roads"}},{"type":"Feature","geometry":{"type":"MultiLineString","coordinates":[[[16.3036,39.1796],[16.3095,39.1877],[16.3103,39.1917],[16.3082,39.1991],[16.3114,39.2053],[16.3037,39.2295],[16.2929,39.2379],[16.2854,39.248],[16.2828,39.2536],[16.2848,39.2589],[16.2765,39.2662],[16.2636,39.2748],[16.2644,39.2766],[16.2587,39.2844],[16.26,39.2861],[16.2593,39.2905],[16.2557,39.2946],[16.2524,39.3024],[16.2531,39.3109],[16.2512,39.3244],[16.2528,39.3375],[16.2574,39.3482],[16.2554,39.3529],[16.2598,39.3727],[16.2606,39.3825],[16.2634,39.3904],[16.2608,39.4056],[16.2657,39.4138],[16.263,39.4192],[16.2608,39.4478],[16.2565,39.4562],[16.2486,39.4638],[16.2399,39.4752],[16.2396,39.4943],[16.2415,39.5065],[16.2474,39.5139],[16.2455,39.5161],[16.2461,39.5258],[16.2438,39.5288],[16.2449,39.5342],[16.2427,39.5476],[16.2373,39.556],[16.2468,39.5749],[16.2563,39.5999],[16.2622,39.6061],[16.2749,39.6108]]]},"properties":{"kind":"roman-road","source":"itinere-roads"}},{"type":"Feature","geometry":{"type":"MultiLineString","coordinates":[[[16.2749,39.6108],[16.2759,39.6152],[16.2729,39.6193],[16.2668,39.6208],[16.2634,39.6238],[16.2599,39.6239],[16.2558,39.6221],[16.2521,39.6228],[16.2438,39.6267],[16.2394,39.6339],[16.2356,39.6345],[16.2415,39.6425],[16.243,39.6466],[16.2664,39.6636],[16.2703,39.6724],[16.2704,39.678],[16.2725,39.6803],[16.2813,39.6858],[16.2973,39.6928],[16.2989,39.7003]]]},"properties":{"kind":"roman-road","source":"itinere-roads"}},{"type":"Feature","geometry":{"type":"MultiLineString","coordinates":[[[16.2989,39.7003],[16.2898,39.7114]]]},"properties":{"kind":"roman-road","source":"itinere-roads"}},{"type":"Feature","geometry":{"type":"MultiLineString","coordinates":[[[16.2898,39.7114],[16.2714,39.7288],[16.2711,39.7351],[16.2569,39.756],[16.2588,39.7581],[16.2542,39.763],[16.2514,39.7739],[16.2414,39.779],[16.2407,39.787],[16.2366,39.7951],[16.2332,39.7984],[16.2235,39.8027],[16.2225,39.8056],[16.217,39.8048],[16.2025,39.8119],[16.1871,39.8305],[16.182,39.8338],[16.1621,39.8303],[16.1576,39.8349],[16.1409,39.8413],[16.1379,39.8441],[16.137,39.8479],[16.1262,39.8466],[16.1215,39.8488],[16.1214,39.8512],[16.1178,39.8511],[16.1153,39.8537],[16.1162,39.8578],[16.1143,39.8605],[16.1068,39.8629],[16.1012,39.8663],[16.0964,39.86],[16.0935,39.8598],[16.0808,39.8638],[16.0721,39.8694]]]},"properties":{"kind":"roman-road","source":"itinere-roads"}},{"type":"Feature","geometry":{"type":"MultiLineString","coordinates":[[[15.7732,40.0859],[15.7741,40.0908],[15.7764,40.0925],[15.7754,40.1005],[15.7775,40.1033],[15.7749,40.1073],[15.7786,40.1106],[15.7815,40.1103],[15.7844,40.1141],[15.7824,40.1162],[15.7831,40.1208],[15.7699,40.1255],[15.7683,40.1243],[15.7589,40.1241],[15.7464,40.1279],[15.7437,40.1322],[15.74,40.1343],[15.7363,40.139],[15.7199,40.1448],[15.7123,40.1443],[15.7041,40.1475],[15.7016,40.1531],[15.7028,40.1596],[15.7044,40.1616],[15.7114,40.1639],[15.7113,40.1666],[15.7172,40.1693],[15.7157,40.1764],[15.7121,40.179],[15.7063,40.1872],[15.7012,40.1903],[15.7002,40.1933],[15.7044,40.1951],[15.7035,40.1983],[15.6992,40.2],[15.6915,40.2128],[15.6801,40.2171],[15.6796,40.2207],[15.6713,40.2383],[15.6686,40.2396],[15.6656,40.2499],[15.6677,40.2546],[15.6677,40.2627],[15.6624,40.2689],[15.6488,40.2955],[15.6386,40.3049],[15.6386,40.3091],[15.6288,40.3211],[15.6252,40.3303],[15.6244,40.3553]]]},"properties":{"kind":"roman-road","source":"itinere-roads"}},{"type":"Feature","geometry":{"type":"MultiLineString","coordinates":[[[15.9623,40.0108],[15.9593,40.011],[15.9565,40.0156],[15.9544,40.0143],[15.9439,40.0146],[15.9398,40.0165],[15.9341,40.0165],[15.9188,40.0197],[15.9146,40.0178],[15.8913,40.0215],[15.8819,40.0199],[15.8767,40.0226],[15.873,40.023],[15.8641,40.0286],[15.8622,40.0321],[15.8559,40.0343],[15.8472,40.032],[15.8451,40.03],[15.8413,40.0303],[15.8391,40.0375],[15.8368,40.0399],[15.8367,40.043],[15.8341,40.0442],[15.8326,40.0475],[15.8281,40.0478],[15.8231,40.0506],[15.8169,40.0516],[15.8129,40.0572],[15.808,40.0584],[15.8074,40.0625],[15.8013,40.0655],[15.7991,40.0691],[15.7988,40.0728],[15.7959,40.0757],[15.7907,40.0765],[15.7848,40.0801],[15.7801,40.0794],[15.7753,40.0825],[15.7732,40.082]]]},"properties":{"kind":"roman-road","source":"itinere-roads"}},{"type":"Feature","geometry":{"type":"MultiLineString","coordinates":[[[15.7732,40.082],[15.7732,40.0859]]]},"properties":{"kind":"roman-road","source":"itinere-roads"}},{"type":"Feature","geometry":{"type":"MultiLineString","coordinates":[[[16.0646,39.876],[16.058,39.8825],[16.0583,39.8846],[16.0523,39.8892],[16.0483,39.8965],[16.0453,39.8991],[16.0426,39.908],[16.043,39.9106],[16.0381,39.9156],[16.0327,39.9186],[16.0397,39.9246],[16.0436,39.9243],[16.0475,39.9269],[16.0503,39.934],[16.0408,39.9462],[16.0393,39.9522],[16.033,39.9554],[16.0194,39.967],[16.0239,39.9746],[16.017,39.979],[16.0006,39.9846],[16.0022,39.9889],[15.9989,39.9916],[15.9992,39.9944],[15.9966,39.9956],[15.9912,39.9934],[15.9888,39.9941],[15.9906,39.9988],[15.9894,40.0013],[15.9842,40.0012],[15.976,40.0062],[15.9664,40.0062],[15.9623,40.0108]]]},"properties":{"kind":"roman-road","source":"itinere-roads"}},{"type":"Feature","geometry":{"type":"MultiLineString","coordinates":[[[16.0721,39.8694],[16.0646,39.876]]]},"properties":{"kind":"roman-road","source":"itinere-roads"}},{"type":"Feature","geometry":{"type":"MultiLineString","coordinates":[[[15.6244,40.3553],[15.6087,40.3757]]]},"properties":{"kind":"roman-road","source":"itinere-roads"}},{"type":"Feature","geometry":{"type":"MultiLineString","coordinates":[[[15.6087,40.3757],[15.6086,40.3784],[15.6031,40.3836],[15.6001,40.3904],[15.592,40.3951],[15.5865,40.4026],[15.5565,40.4194],[15.5529,40.4271],[15.5535,40.434],[15.551,40.4401],[15.5436,40.4506],[15.5412,40.4603],[15.5372,40.4685],[15.537,40.4746],[15.5287,40.488],[15.5255,40.4912],[15.5205,40.5034],[15.5152,40.5099],[15.4854,40.532],[15.4681,40.5392],[15.4538,40.5394],[15.4516,40.5382],[15.4485,40.5395],[15.4448,40.5383],[15.4382,40.5471],[15.4385,40.5501],[15.433,40.5515],[15.4261,40.5611],[15.4071,40.5674],[15.4008,40.5683],[15.3907,40.5733],[15.3836,40.574]]]},"properties":{"kind":"roman-road","source":"itinere-roads"}},{"type":"Feature","geometry":{"type":"MultiLineString","coordinates":[[[15.3836,40.574],[15.3783,40.5738],[15.3755,40.575],[15.3657,40.5714],[15.3602,40.572],[15.3498,40.5682],[15.3444,40.57],[15.3404,40.5685],[15.3373,40.5698],[15.3117,40.5725],[15.2979,40.5772],[15.2864,40.5787]]]},"properties":{"kind":"roman-road","source":"itinere-roads"}},{"type":"Feature","geometry":{"type":"MultiLineString","coordinates":[[[15.2864,40.5787],[15.2772,40.5777],[15.267,40.5783],[15.2501,40.5744],[15.2474,40.5764],[15.2227,40.5825],[15.2184,40.5882],[15.2164,40.5939],[15.2112,40.5969],[15.1964,40.5956],[15.1923,40.5922],[15.1824,40.5948],[15.1821,40.597],[15.173,40.5969],[15.1691,40.5981],[15.1448,40.5941],[15.1231,40.5949],[15.1215,40.5971],[15.1165,40.5971],[15.1093,40.6033],[15.1031,40.6057],[15.0922,40.6075],[15.0858,40.6124],[15.0729,40.6159],[15.0622,40.6172],[15.059,40.6158]]]},"properties":{"kind":"roman-road","source":"itinere-roads"}},{"type":"Feature","geometry":{"type":"MultiLineString","coordinates":[[[16.3036,39.1796],[16.3082,39.1776],[16.3087,39.1751],[16.3167,39.1747],[16.3275,39.1809],[16.3318,39.1807],[16.3311,39.1752],[16.3365,39.1758],[16.3407,39.1746],[16.3459,39.1707],[16.3518,39.1704],[16.3537,39.1722],[16.3583,39.1725],[16.3616,39.1743],[16.3768,39.1675],[16.3847,39.1685],[16.4038,39.1668],[16.4077,39.1675],[16.4176,39.1638],[16.4206,39.1647],[16.4323,39.1634],[16.4417,39.1648],[16.4522,39.1695],[16.456,39.1699],[16.4569,39.1721],[16.4611,39.1709],[16.4656,39.1713],[16.4672,39.173],[16.4728,39.172],[16.4715,39.1797],[16.4758,39.1839],[16.4754,39.1911],[16.4797,39.1925],[16.4928,39.1942],[16.5103,39.1908],[16.5204,39.1904],[16.5495,39.1973],[16.5608,39.1985],[16.5653,39.2006],[16.5744,39.2006],[16.582,39.2033],[16.5857,39.2019],[16.5901,39.1977],[16.6031,39.1947],[16.6063,39.1967],[16.61,39.1955],[16.6128,39.1964],[16.6136,39.1994],[16.6243,39.2012],[16.6288,39.2033],[16.6352,39.2028],[16.6478,39.1989],[16.6513,39.1987],[16.6568,39.2008],[16.6634,39.1999],[16.6892,39.1933],[16.7033,39.1877],[16.7068,39.1835],[16.7209,39.18],[16.7388,39.1655],[16.7443,39.1642],[16.7524,39.1582],[16.7548,39.1547],[16.7614,39.1514],[16.7652,39.1509],[16.7716,39.1569],[16.7721,39.1597],[16.7818,39.1594],[16.7863,39.1613],[16.7911,39.1596],[16.7975,39.1593],[16.8053,39.1621],[16.8102,39.1609],[16.8124,39.1638],[16.8097,39.1698],[16.8099,39.1734],[16.8184,39.1759],[16.8204,39.1779],[16.8274,39.1791],[16.8333,39.1837],[16.8446,39.188],[16.851,39.1887],[16.8584,39.1875],[16.8702,39.1898],[16.8767,39.1892],[16.8817,39.1911],[16.8897,39.1879],[16.8972,39.1872],[16.9044,39.1826],[16.9092,39.1811],[16.9196,39.1799],[16.9372,39.174],[16.9494,39.1671],[16.9623,39.1711],[16.9816,39.1736],[16.9923,39.1727],[17.0039,39.1755],[17.016,39.1764],[17.0282,39.1742],[17.0382,39.1687],[17.0662,39.1688],[17.0763,39.1708],[17.092,39.1764],[17.1054,39.177]]]},"properties":{"kind":"roman-road","source":"itinere-roads"}},{"type":"Feature","geometry":{"type":"MultiLineString","coordinates":[[[16.2388,38.9435],[16.2547,38.9597],[16.2591,38.9733],[16.2625,38.9752],[16.266,38.9824],[16.2673,38.9901],[16.2657,39.0037],[16.2693,39.0123],[16.2721,39.0145],[16.2666,39.0232],[16.266,39.0267],[16.2599,39.038],[16.2636,39.042],[16.2617,39.0443],[16.2631,39.0472],[16.2615,39.0516],[16.2562,39.0559],[16.2533,39.0608],[16.2518,39.0658],[16.2547,39.0707],[16.25,39.0756],[16.2438,39.0777],[16.2404,39.0822],[16.236,39.0843],[16.2314,39.0839],[16.2266,39.0864]]]},"properties":{"kind":"roman-road","source":"itinere-roads"}},{"type":"Feature","geometry":{"type":"MultiLineString","coordinates":[[[16.4927,39.717],[16.4521,39.7072],[16.4526,39.6983],[16.4301,39.6999],[16.4165,39.7022]]]},"properties":{"kind":"roman-road","source":"itinere-roads"}},{"type":"Feature","geometry":{"type":"MultiLineString","coordinates":[[[16.4165,39.7022],[16.3922,39.7077],[16.343,39.7054],[16.3302,39.7108],[16.3254,39.7116],[16.3166,39.7164],[16.3096,39.7157],[16.2989,39.7003]]]},"properties":{"kind":"roman-road","source":"itinere-roads"}},{"type":"Feature","geometry":{"type":"MultiLineString","coordinates":[[[16.0721,39.8694],[16.0735,39.8657],[16.0746,39.8484],[16.0792,39.8453],[16.0805,39.8429],[16.0902,39.8382],[16.0885,39.8322],[16.0953,39.827],[16.1042,39.8242],[16.1108,39.8197],[16.1147,39.8213],[16.1177,39.8208],[16.1231,39.8174],[16.127,39.8165],[16.131,39.8129],[16.1344,39.8132],[16.1392,39.7992],[16.1442,39.7951],[16.1449,39.7923],[16.1519,39.7854],[16.1552,39.7784],[16.1555,39.7743],[16.1678,39.7677],[16.1709,39.7627],[16.1677,39.7573],[16.1786,39.7466],[16.1798,39.7419],[16.1913,39.7352],[16.2143,39.7252],[16.216,39.7175],[16.2314,39.7099]]]},"properties":{"kind":"roman-road","source":"itinere-roads"}},{"type":"Feature","geometry":{"type":"MultiLineString","coordinates":[[[16.2898,39.7114],[16.2881,39.7128],[16.2814,39.7111],[16.2581,39.71],[16.2506,39.7135],[16.2446,39.7141],[16.2314,39.7099]]]},"properties":{"kind":"roman-road","source":"itinere-roads"}},{"type":"Feature","geometry":{"type":"MultiLineString","coordinates":[[[16.2314,39.7099],[16.2248,39.707],[16.2235,39.7052],[16.2072,39.6998],[16.1973,39.6997],[16.1801,39.702],[16.1712,39.7055],[16.1675,39.7083],[16.1644,39.7157],[16.1547,39.7236],[16.1446,39.7268],[16.1444,39.7292],[16.1364,39.7294],[16.1326,39.7332],[16.1286,39.7348],[16.1253,39.7388],[16.113,39.7442],[16.1014,39.7432],[16.0975,39.7444],[16.0918,39.7489],[16.0796,39.7528],[16.073,39.75],[16.0562,39.7584],[16.0499,39.7581],[16.0457,39.7599],[16.0312,39.7623],[16.028,39.7655],[16.0223,39.7649],[16.0026,39.7673],[15.9821,39.7732],[15.9731,39.7734],[15.9662,39.7718],[15.9636,39.7793],[15.9528,39.7823],[15.9491,39.786],[15.9339,39.792],[15.9323,39.7943],[15.9222,39.7948],[15.9202,39.7973],[15.9073,39.7992],[15.902,39.7976],[15.8896,39.799],[15.8833,39.8037]]]},"properties":{"kind":"roman-road","source":"itinere-roads"}},{"type":"Feature","geometry":{"type":"MultiLineString","coordinates":[[[15.8833,39.8037],[15.8778,39.8053],[15.8698,39.8105],[15.8645,39.8102],[15.8561,39.8054],[15.856,39.8028],[15.8521,39.7989],[15.8369,39.7916],[15.8365,39.7875],[15.8251,39.7812]]]},"properties":{"kind":"roman-road","source":"itinere-roads"}},{"type":"Feature","geometry":{"type":"MultiLineString","coordinates":[[[16.0646,39.876],[16.0615,39.8761],[16.0528,39.8799],[16.0516,39.8819],[16.0405,39.8884],[16.0281,39.8858],[16.0258,39.8835],[16.0129,39.8805],[16.0113,39.8779],[16.0124,39.8748],[16.0038,39.8712],[15.9958,39.8707],[15.991,39.8682],[15.9813,39.8696],[15.9757,39.8725],[15.9735,39.8712],[15.9613,39.873],[15.9463,39.8669],[15.9414,39.8684],[15.9398,39.8706],[15.9334,39.8738],[15.9201,39.8721],[15.911,39.8729],[15.9052,39.8713],[15.9014,39.8688],[15.9014,39.8671],[15.8926,39.8644],[15.8866,39.8565],[15.8829,39.8559],[15.8778,39.8502],[15.8889,39.8421],[15.8929,39.8366],[15.8926,39.8256],[15.8872,39.8166],[15.889,39.8125],[15.8833,39.8037]]]},"properties":{"kind":"roman-road","source":"itinere-roads"}},{"type":"Feature","geometry":{"type":"MultiLineString","coordinates":[[[16.2898,39.7114],[16.2863,39.7048],[16.2797,39.6972],[16.2591,39.678],[16.2234,39.6673],[16.2145,39.6624],[16.2122,39.6596],[16.202,39.6546],[16.1947,39.6531],[16.1838,39.6541]]]},"properties":{"kind":"roman-road","source":"itinere-roads"}},{"type":"Feature","geometry":{"type":"MultiLineString","coordinates":[[[16.1838,39.6541],[16.173,39.6565],[16.169,39.6547],[16.1577,39.6564],[16.1449,39.6554],[16.1199,39.6464],[16.098,39.646],[16.0882,39.6472],[16.0744,39.6529],[16.0672,39.6516],[16.0654,39.6489],[16.0615,39.6478],[16.0614,39.6455],[16.0585,39.6442],[16.0499,39.6446],[16.0392,39.6475],[16.0368,39.6528],[16.031,39.6579],[16.0117,39.6665],[16.009,39.6663],[15.9944,39.6711],[15.9825,39.6701],[15.9762,39.6722],[15.9693,39.6722],[15.9377,39.6856],[15.93,39.6972],[15.9306,39.7086],[15.9289,39.7151],[15.925,39.717],[15.9111,39.7159],[15.9088,39.7147],[15.907,39.711],[15.8968,39.7098],[15.8888,39.7135],[15.886,39.7165],[15.8864,39.7182],[15.882,39.7228],[15.8754,39.7236],[15.8679,39.7265],[15.8637,39.7268],[15.855,39.7249],[15.8432,39.7288],[15.8347,39.7292],[15.8247,39.7336]]]},"properties":{"kind":"roman-road","source":"itinere-roads"}},{"type":"Feature","geometry":{"type":"MultiLineString","coordinates":[[[16.1838,39.6541],[16.1469,39.6452],[16.1365,39.6374],[16.1329,39.6363],[16.1207,39.6348],[16.0918,39.628],[16.0888,39.6236],[16.0832,39.6207],[16.0745,39.6187],[16.0568,39.6066],[16.0477,39.6077],[16.0443,39.607],[16.0389,39.6096],[16.0389,39.6116],[16.0292,39.6152],[16.0281,39.6185],[16.0232,39.6177],[16.0192,39.6196],[16.0031,39.623],[15.9866,39.6181],[15.9828,39.6154],[15.9785,39.6144],[15.9757,39.6123],[15.9753,39.605],[15.9662,39.5986],[15.9627,39.5994],[15.9545,39.598],[15.9518,39.6018],[15.9487,39.5988],[15.9309,39.6],[15.9278,39.5989],[15.9188,39.6006],[15.9096,39.5983],[15.9054,39.5994],[15.9052,39.6039],[15.8943,39.6016],[15.881,39.6034],[15.8798,39.6051],[15.8749,39.6036],[15.8642,39.6045],[15.8625,39.6014]]]},"properties":{"kind":"roman-road","source":"itinere-roads"}},{"type":"Feature","geometry":{"type":"MultiLineString","coordinates":[[[16.4165,39.7022],[16.3878,39.6665],[16.3838,39.6659],[16.3807,39.6624],[16.3742,39.6591],[16.365,39.6595],[16.3631,39.6572],[16.36,39.6565],[16.351,39.6498],[16.3469,39.6432],[16.3409,39.6401],[16.3352,39.6245],[16.3309,39.622],[16.3197,39.6245],[16.3134,39.624],[16.3099,39.6185],[16.3059,39.6184],[16.3042,39.6123],[16.2986,39.6147],[16.2958,39.6098],[16.2897,39.6129],[16.2857,39.6135],[16.2749,39.6108]]]},"properties":{"kind":"roman-road","source":"itinere-roads"}},{"type":"Feature","geometry":{"type":"MultiLineString","coordinates":[[[15.6307,40.0724],[15.6357,40.0737],[15.6471,40.0732],[15.6484,40.0718],[15.6569,40.0725],[15.6644,40.0713],[15.6696,40.0686],[15.6722,40.0638],[15.6869,40.0587],[15.7049,40.0627],[15.708,40.0656],[15.7086,40.0708],[15.7244,40.0778],[15.7291,40.0839],[15.7311,40.0828],[15.7365,40.0843],[15.7439,40.0827],[15.7512,40.0832],[15.7599,40.0814],[15.7663,40.0826],[15.7732,40.082]]]},"properties":{"kind":"roman-road","source":"itinere-roads"}},{"type":"Feature","geometry":{"type":"MultiLineString","coordinates":[[[15.9623,40.0108],[15.9751,40.0096],[15.9759,40.011],[15.9732,40.018],[15.9698,40.0227],[15.9658,40.0215],[15.9644,40.0233],[15.9609,40.023],[15.9563,40.0251],[15.9538,40.0289],[15.9549,40.0316],[15.9584,40.0311],[15.9593,40.0394],[15.9639,40.0403],[15.9642,40.0418],[15.9748,40.0474],[15.9571,40.0538],[15.9476,40.0621],[15.9389,40.0643],[15.9353,40.0675],[15.9232,40.0687],[15.919,40.0706],[15.917,40.0731]]]},"properties":{"kind":"roman-road","source":"itinere-roads"}},{"type":"Feature","geometry":{"type":"MultiLineString","coordinates":[[[15.9154,40.0729],[15.9135,40.0811],[15.9144,40.0832],[15.9121,40.0863],[15.9196,40.0895],[15.9238,40.0963],[15.9237,40.0994],[15.9296,40.1144],[15.934,40.1332],[15.9337,40.1409],[15.929,40.1445],[15.9275,40.1479],[15.9213,40.154],[15.9187,40.1584],[15.9205,40.1615],[15.921,40.1708],[15.9183,40.1741],[15.9177,40.1793],[15.9109,40.188],[15.9019,40.1937],[15.8948,40.1942],[15.8844,40.2045],[15.875,40.2079],[15.8773,40.2139],[15.889,40.22],[15.8904,40.2241],[15.8962,40.2311],[15.8932,40.2356],[15.888,40.2365],[15.887,40.24],[15.8879,40.2461],[15.8978,40.2606],[15.8993,40.2703],[15.9022,40.2739],[15.9045,40.2819],[15.912,40.2901],[15.9146,40.2902]]]},"properties":{"kind":"roman-road","source":"itinere-roads"}},{"type":"Feature","geometry":{"type":"MultiLineString","coordinates":[[[15.917,40.0731],[15.9154,40.0729]]]},"properties":{"kind":"roman-road","source":"itinere-roads"}},{"type":"Feature","geometry":{"type":"MultiLineString","coordinates":[[[15.9146,40.2902],[15.9139,40.2931],[15.9108,40.2941],[15.9126,40.297]]]},"properties":{"kind":"roman-road","source":"itinere-roads"}},{"type":"Feature","geometry":{"type":"MultiLineString","coordinates":[[[15.9126,40.297],[15.9141,40.3029],[15.9159,40.3049],[15.9154,40.3221],[15.9217,40.3294],[15.9331,40.3343],[15.9345,40.3376],[15.9452,40.3404],[15.9553,40.3527],[15.9549,40.3599],[15.9532,40.3619],[15.9546,40.3739],[15.9565,40.3771],[15.9475,40.3856],[15.9475,40.3962],[15.9491,40.4],[15.9568,40.4067],[15.9624,40.4078],[15.9661,40.4115],[15.9696,40.4179],[15.9808,40.4198],[15.9806,40.4239],[15.9825,40.428],[15.9817,40.4299],[15.9854,40.4359],[15.9839,40.4433],[15.973,40.45],[15.9746,40.4546],[15.9735,40.4591],[15.9656,40.4654],[15.9603,40.4763],[15.961,40.4813],[15.9512,40.494],[15.9359,40.4961],[15.9244,40.501],[15.9117,40.5037],[15.8979,40.5148],[15.8953,40.5188],[15.8835,40.5245],[15.8676,40.539],[15.8587,40.5443],[15.857,40.5474],[15.8525,40.5508],[15.8547,40.5576],[15.8533,40.5605],[15.8304,40.5666],[15.8264,40.573],[15.8189,40.5756],[15.8187,40.5797],[15.8164,40.581],[15.8132,40.5884],[15.7873,40.5988],[15.7851,40.5983],[15.775,40.6032]]]},"properties":{"kind":"roman-road","source":"itinere-roads"}},{"type":"Feature","geometry":{"type":"MultiLineString","coordinates":[[[15.8118,40.9676],[15.817,40.9578],[15.8168,40.9556],[15.8213,40.953],[15.8176,40.9416],[15.8185,40.9352],[15.8247,40.9267],[15.8256,40.9234],[15.8288,40.9219],[15.8282,40.9182],[15.8304,40.9162],[15.8292,40.9136],[15.836,40.9062],[15.8355,40.9032],[15.8372,40.895],[15.8344,40.8925],[15.8376,40.8914],[15.8391,40.8845],[15.8383,40.8833],[15.8486,40.867],[15.8491,40.8593],[15.8553,40.856],[15.866,40.8536],[15.8682,40.8512],[15.8663,40.8392],[15.8603,40.8351],[15.8582,40.8308],[15.8559,40.8295],[15.8534,40.824],[15.8482,40.8189],[15.846,40.8131]]]},"properties":{"kind":"roman-road","source":"itinere-roads"}},{"type":"Feature","geometry":{"type":"MultiLineString","coordinates":[[[15.846,40.8131],[15.8368,40.8118],[15.8322,40.8135],[15.8283,40.8121],[15.8278,40.8082],[15.8301,40.8038],[15.8284,40.7991],[15.8212,40.7968],[15.819,40.7919],[15.8165,40.7895],[15.8114,40.7896],[15.8086,40.7798],[15.7949,40.7759],[15.7921,40.773],[15.8014,40.7609],[15.8013,40.7519],[15.7995,40.7466],[15.7998,40.7396],[15.802,40.7361],[15.8054,40.7343],[15.8062,40.731],[15.8031,40.7296],[15.7984,40.7243],[15.7988,40.7203],[15.797,40.7158],[15.7938,40.7129],[15.7935,40.7043],[15.797,40.7001],[15.7977,40.6899],[15.8022,40.6882],[15.8125,40.6792],[15.8049,40.665],[15.8046,40.6596],[15.7966,40.6497],[15.8,40.642],[15.7956,40.6375],[15.7942,40.6319],[15.7955,40.6263]]]},"properties":{"kind":"roman-road","source":"itinere-roads"}},{"type":"Feature","geometry":{"type":"MultiLineString","coordinates":[[[15.846,40.8131],[15.8665,40.8097],[15.8811,40.8109],[15.8944,40.8157],[15.9,40.8146],[15.9096,40.8107],[15.9183,40.8021],[15.9237,40.8005],[15.9254,40.7975],[15.9288,40.7955],[15.9388,40.7937],[15.9405,40.7954],[15.9519,40.7992],[15.9525,40.8009],[15.9625,40.8055],[15.9925,40.8105],[16.0018,40.8104],[16.0208,40.8039],[16.0307,40.799],[16.0465,40.7946],[16.0581,40.7934],[16.0811,40.7851],[16.0995,40.7843],[16.1121,40.7775],[16.1152,40.7743],[16.1136,40.7629],[16.1222,40.758],[16.1335,40.7437],[16.163,40.734],[16.1743,40.7371],[16.1864,40.7382],[16.2109,40.7347],[16.2303,40.7187],[16.2395,40.7144],[16.2432,40.7102],[16.2518,40.7093],[16.2595,40.7068],[16.2574,40.7016],[16.2722,40.6969],[16.3222,40.6862],[16.3487,40.6766],[16.3613,40.6746],[16.3692,40.6695],[16.3784,40.6656],[16.3832,40.6616],[16.3843,40.6579],[16.3878,40.6539],[16.3907,40.6541],[16.3962,40.651],[16.4039,40.6489]]]},"properties":{"kind":"roman-road","source":"itinere-roads"}},{"type":"Feature","geometry":{"type":"MultiLineString","coordinates":[[[16.4039,40.6489],[16.4077,40.6444],[16.4129,40.6441],[16.4226,40.6382],[16.4316,40.6352],[16.4466,40.6273],[16.4648,40.6154],[16.4721,40.6126],[16.4871,40.6106],[16.4961,40.6076],[16.4964,40.6034],[16.4948,40.5977],[16.5047,40.5918],[16.5125,40.5908],[16.5188,40.5879],[16.5265,40.5812],[16.5422,40.5799],[16.5474,40.5828],[16.552,40.5793],[16.5571,40.5793],[16.5629,40.5771],[16.5803,40.5654],[16.5835,40.5597],[16.5792,40.5513],[16.5921,40.5399],[16.609,40.5327],[16.6203,40.5303],[16.6445,40.5081],[16.657,40.5008],[16.6632,40.494],[16.7107,40.4862],[16.7189,40.4795],[16.7341,40.4704],[16.7671,40.4595],[16.7726,40.4546],[16.7786,40.4459],[16.7953,40.4286],[16.7981,40.4243],[16.8104,40.3917],[16.812,40.3704]]]},"properties":{"kind":"roman-road","source":"itinere-roads"}},{"type":"Feature","geometry":{"type":"MultiLineString","coordinates":[[[16.8779,40.4431],[16.838,40.4839],[16.8124,40.5199],[16.8036,40.5278],[16.8007,40.5326],[16.7852,40.546],[16.7772,40.5504],[16.7723,40.5576],[16.7625,40.5642],[16.7557,40.5799],[16.7601,40.5872],[16.768,40.5937],[16.7688,40.5969],[16.772,40.5981],[16.7964,40.6209],[16.7962,40.6228],[16.8076,40.6314],[16.8261,40.6503],[16.8312,40.6571]]]},"properties":{"kind":"roman-road","source":"itinere-roads"}},{"type":"Feature","geometry":{"type":"MultiLineString","coordinates":[[[15.6087,40.3757],[15.5869,40.3604],[15.5569,40.3781],[15.5525,40.3782],[15.541,40.3748],[15.5261,40.3765],[15.5069,40.3812],[15.5002,40.3811],[15.4915,40.3843],[15.486,40.3847],[15.4803,40.3829],[15.469,40.3847],[15.4698,40.3812],[15.4413,40.3882],[15.4305,40.3841],[15.3863,40.3879],[15.3771,40.3866],[15.3722,40.384],[15.3661,40.3858],[15.3641,40.39],[15.3623,40.3903],[15.3573,40.3952],[15.345,40.3988],[15.3402,40.3987],[15.3374,40.4033],[15.335,40.4031],[15.3328,40.3991],[15.3284,40.4026],[15.3256,40.4027],[15.311,40.3983]]]},"properties":{"kind":"roman-road","source":"itinere-roads"}},{"type":"Feature","geometry":{"type":"MultiLineString","coordinates":[[[15.311,40.3983],[15.2796,40.41],[15.2751,40.4134],[15.2741,40.4171],[15.276,40.4192],[15.2664,40.4214],[15.2465,40.4208],[15.2432,40.4227],[15.2238,40.426],[15.2181,40.4284],[15.2163,40.4321],[15.2168,40.4356],[15.2138,40.4399],[15.2016,40.4451],[15.186,40.4462],[15.1702,40.4492],[15.1666,40.449],[15.1595,40.445],[15.1492,40.4463],[15.1452,40.4482],[15.1264,40.4506],[15.1253,40.4532],[15.1173,40.4559],[15.1058,40.4573],[15.0911,40.4622],[15.0847,40.4624],[15.0461,40.4569],[15.0411,40.4502],[15.0119,40.4555]]]},"properties":{"kind":"roman-road","source":"itinere-roads"}},{"type":"Feature","geometry":{"type":"MultiLineString","coordinates":[[[15.311,40.3983],[15.3106,40.393],[15.3147,40.3909],[15.3156,40.3814],[15.3186,40.379],[15.3199,40.376],[15.3271,40.3719],[15.3347,40.3629],[15.3457,40.3574],[15.3531,40.3565],[15.3589,40.3579],[15.3644,40.3569],[15.3786,40.3457],[15.3766,40.3416],[15.3733,40.341],[15.3747,40.3385],[15.3707,40.3351],[15.376,40.3322],[15.3725,40.3276],[15.3752,40.3225],[15.3987,40.315],[15.4103,40.304],[15.4101,40.3004],[15.4058,40.2979],[15.4015,40.2904],[15.3982,40.2884],[15.3914,40.2879],[15.3899,40.2853],[15.3756,40.2851],[15.3761,40.2815],[15.3789,40.2787],[15.3876,40.2763],[15.3882,40.2742],[15.3978,40.2651],[15.4018,40.2647],[15.4067,40.2594],[15.4091,40.2517],[15.4113,40.2492],[15.4117,40.2435],[15.4132,40.2415],[15.4179,40.2405],[15.4279,40.2307],[15.4267,40.2254],[15.4281,40.2189],[15.4256,40.2132],[15.4336,40.2064],[15.4349,40.2039],[15.434,40.1993],[15.4374,40.1955],[15.4367,40.1916],[15.4381,40.191],[15.4318,40.1849],[15.4354,40.1819],[15.4366,40.1788],[15.4414,40.1792],[15.4437,40.176],[15.4519,40.1749],[15.4509,40.1703],[15.4473,40.1667],[15.4477,40.1629],[15.4513,40.1582],[15.4534,40.1514],[15.4564,40.1501],[15.4588,40.1443],[15.4765,40.1345],[15.4781,40.1309],[15.4778,40.1204],[15.4819,40.1142],[15.482,40.111],[15.4958,40.1074],[15.5019,40.0938],[15.4956,40.0913],[15.5042,40.086],[15.5103,40.0804],[15.5136,40.0737]]]},"properties":{"kind":"roman-road","source":"itinere-roads"}},{"type":"Feature","geometry":{"type":"MultiLineString","coordinates":[[[15.6266,40.0744],[15.6217,40.0734],[15.6208,40.0712],[15.6172,40.0692],[15.6092,40.0732],[15.6041,40.0747],[15.5954,40.0748],[15.5899,40.0767],[15.5847,40.0804],[15.5807,40.0809],[15.5675,40.0771],[15.5136,40.0737]]]},"properties":{"kind":"roman-road","source":"itinere-roads"}},{"type":"Feature","geometry":{"type":"MultiLineString","coordinates":[[[15.5136,40.0737],[15.5042,40.075],[15.4981,40.0709],[15.4895,40.0715],[15.4825,40.0688],[15.4675,40.0715],[15.4594,40.0707],[15.4566,40.0725],[15.4549,40.078],[15.4515,40.0788],[15.4489,40.0813],[15.4352,40.0831],[15.4246,40.0861],[15.4164,40.0897],[15.4055,40.0925],[15.4043,40.0942],[15.3969,40.0948],[15.3913,40.0936],[15.3859,40.0948],[15.3825,40.0936],[15.3669,40.0961],[15.3639,40.0945],[15.3591,40.0949],[15.3538,40.0903],[15.3508,40.0855],[15.3451,40.0831],[15.3423,40.0803],[15.3428,40.0765],[15.3415,40.0728],[15.3305,40.0599],[15.3269,40.0542],[15.3276,40.0492],[15.3252,40.0449],[15.3203,40.0411],[15.3056,40.0406],[15.3038,40.039],[15.2989,40.0382],[15.2923,40.0404],[15.2878,40.0445],[15.2834,40.0526],[15.2806,40.0618],[15.2712,40.0788],[15.2684,40.08],[15.2641,40.0855],[15.25,40.0909],[15.2453,40.0904],[15.2421,40.0917],[15.2384,40.0971],[15.216,40.1156],[15.2163,40.1203],[15.2127,40.1247],[15.2065,40.1269],[15.1966,40.1269],[15.1914,40.131],[15.1874,40.1314],[15.1876,40.1345],[15.1854,40.1378],[15.1821,40.1395],[15.1796,40.143],[15.1692,40.1453],[15.1668,40.147],[15.1636,40.1534],[15.1598,40.1564],[15.1521,40.1596],[15.1572,40.1692],[15.1546,40.173],[15.1566,40.1795],[15.1565,40.1838],[15.1506,40.1882],[15.1556,40.1956],[15.1569,40.1959],[15.1584,40.2048],[15.1606,40.2089],[15.1617,40.2183],[15.164,40.2212],[15.1639,40.2246],[15.152,40.2343],[15.143,40.2358],[15.1358,40.2389],[15.1311,40.2431],[15.1226,40.2537],[15.1259,40.258],[15.122,40.2605],[15.1231,40.2623],[15.1217,40.2694],[15.111,40.2766],[15.1064,40.2771],[15.1049,40.2787],[15.0981,40.2793],[15.0956,40.2811],[15.0801,40.282],[15.0745,40.2838],[15.0726,40.2859],[15.0589,40.2929],[15.0582,40.3004],[15.0551,40.2994],[15.0435,40.2998],[15.0378,40.3036],[15.0363,40.3023],[15.0317,40.3034],[15.0284,40.3072],[15.0211,40.3103],[15.0194,40.3137],[15.0127,40.3154],[15.0119,40.3183],[15.0134,40.3202],[15.0117,40.3226],[15.0113,40.3294],[15.0044,40.3344],[15.0014,40.3394],[14.999,40.3401],[14.9896,40.3505]]]},"properties":{"kind":"roman-road","source":"itinere-roads"}},{"type":"Feature","geometry":{"type":"MultiLineString","coordinates":[[[14.9896,40.3505],[14.9967,40.3517],[15.001,40.3659],[15.0013,40.3754],[15.004,40.3808],[14.9986,40.399],[15.0018,40.4051],[15.0046,40.4179],[15.0069,40.4185],[15.0053,40.4269],[15.0119,40.4555]]]},"properties":{"kind":"roman-road","source":"itinere-roads"}},{"type":"Feature","geometry":{"type":"MultiLineString","coordinates":[[[15.0119,40.4555],[15.0162,40.4937],[15.0109,40.5028],[15.0121,40.5071],[15.0092,40.5155],[14.9911,40.5367],[14.981,40.6094]]]},"properties":{"kind":"roman-road","source":"itinere-roads"}},{"type":"Feature","geometry":{"type":"MultiLineString","coordinates":[[[17.3841,40.8904],[17.3815,40.8925],[17.3661,40.8977],[17.349,40.9055],[17.3444,40.9102],[17.3437,40.9147],[17.3388,40.9173],[17.3305,40.9193],[17.3219,40.9245],[17.3139,40.9366],[17.3118,40.9368],[17.3054,40.9436],[17.3004,40.9538],[17.2968,40.9531]]]},"properties":{"kind":"roman-road","source":"itinere-roads"}},{"type":"Feature","geometry":{"type":"MultiLineString","coordinates":[[[17.2968,40.9531],[17.2617,40.9724],[17.2542,40.9713],[17.2474,40.9753],[17.2446,40.9793],[17.2385,40.9812],[17.2331,40.9846],[17.2306,40.9891],[17.1835,41.0119],[17.174,41.0227],[17.167,41.0262],[17.1441,41.0327],[17.1301,41.0418],[17.1052,41.0528],[17.0921,41.0608],[17.0684,41.0648],[17.055,41.0708],[17.0314,41.0744],[17.0192,41.0792],[17.0025,41.0832],[16.9994,41.0852],[16.9629,41.0922],[16.949,41.0935],[16.873,41.1222],[16.8712,41.1264],[16.8675,41.1268]]]},"properties":{"kind":"roman-road","source":"itinere-roads"}},{"type":"Feature","geometry":{"type":"MultiLineString","coordinates":[[[17.0344,40.5792],[17.036,40.5816],[17.0369,40.5871],[17.0341,40.6219],[17.0316,40.6275],[17.0332,40.6365],[17.0303,40.6383],[17.0282,40.6426],[17.0147,40.6472],[17.0118,40.6523],[17.011,40.6571],[17.0126,40.6601],[16.9754,40.6881],[16.9737,40.6916],[16.9794,40.7073],[16.9722,40.7433],[16.9659,40.7496],[16.9647,40.7581],[16.9577,40.7633],[16.9522,40.7722],[16.9467,40.7765],[16.9339,40.7935],[16.9282,40.7975],[16.9243,40.7986],[16.9232,40.8034],[16.9124,40.8204],[16.9148,40.8369],[16.9142,40.8534],[16.9186,40.8766],[16.9182,40.9011],[16.9017,40.9671],[16.9013,40.9838],[16.8957,41.0019],[16.8963,41.0265],[16.8845,41.0439],[16.8824,41.0499],[16.8673,41.0575],[16.8671,41.063],[16.8682,41.0654]]]},"properties":{"kind":"roman-road","source":"itinere-roads"}},{"type":"Feature","geometry":{"type":"MultiLineString","coordinates":[[[17.6353,40.5009],[17.6212,40.5118],[17.6034,40.5206],[17.5915,40.5244],[17.5787,40.5339],[17.5415,40.6028],[17.5312,40.6162],[17.5314,40.6224],[17.5233,40.6315],[17.5218,40.6393],[17.5188,40.6445],[17.513,40.6476],[17.5068,40.6547],[17.4943,40.664],[17.4825,40.6661],[17.4732,40.6731],[17.4646,40.6767],[17.4632,40.6803],[17.4448,40.6943],[17.4459,40.6991],[17.4513,40.7038],[17.4483,40.7066],[17.4496,40.7133],[17.4387,40.7226],[17.4187,40.7335],[17.4184,40.7393],[17.4139,40.7412],[17.4161,40.7457],[17.4131,40.7495],[17.4095,40.7512],[17.4074,40.7553],[17.3911,40.7678],[17.3723,40.7705],[17.3676,40.7726],[17.3641,40.7859],[17.3606,40.7868],[17.355,40.7932],[17.3553,40.797],[17.3524,40.7992],[17.3522,40.8062],[17.3567,40.8134],[17.3561,40.8154],[17.3605,40.8272],[17.3596,40.8319],[17.3604,40.8343],[17.3412,40.8528],[17.3328,40.857],[17.3293,40.8574],[17.3188,40.8684],[17.319,40.8716],[17.3152,40.878],[17.3102,40.8819],[17.3083,40.8859],[17.3088,40.8907],[17.3059,40.9022],[17.3017,40.906],[17.304,40.9085],[17.3033,40.9131],[17.3046,40.9163],[17.3014,40.9218],[17.3035,40.9258],[17.3032,40.9432],[17.2976,40.9508]]]},"properties":{"kind":"roman-road","source":"itinere-roads"}},{"type":"Feature","geometry":{"type":"MultiLineString","coordinates":[[[16.6916,41.1082],[16.6849,41.107],[16.6628,41.1114],[16.6215,41.1114],[16.6055,41.1063],[16.5936,41.105],[16.5725,41.0994],[16.5635,41.0988],[16.5179,41.1051],[16.4956,41.1105],[16.4865,41.114],[16.4845,41.1169],[16.4809,41.1183],[16.4313,41.1305],[16.3824,41.155],[16.3381,41.1668],[16.3138,41.1753],[16.2798,41.195],[16.2759,41.1955],[16.254,41.1915],[16.2443,41.1917],[16.2064,41.197],[16.1891,41.2032],[16.1584,41.2102],[16.1329,41.2106],[16.1221,41.2092],[16.1154,41.2104],[16.1047,41.2142],[16.0856,41.2258],[16.0782,41.227],[16.0676,41.2226]]]},"properties":{"kind":"roman-road","source":"itinere-roads"}},{"type":"Feature","geometry":{"type":"MultiLineString","coordinates":[[[16.0676,41.2226],[16.058,41.2275],[16.0199,41.2297],[16.0002,41.2342],[15.9795,41.2422],[15.9634,41.2425],[15.944,41.2458],[15.9135,41.2454],[15.908,41.2439],[15.8968,41.2434],[15.8829,41.2472],[15.8717,41.2528],[15.8551,41.2588],[15.8326,41.2702],[15.807,41.2763],[15.7749,41.2871],[15.7181,41.2981],[15.6903,41.3016],[15.6717,41.3068],[15.6467,41.3073],[15.6191,41.3139]]]},"properties":{"kind":"roman-road","source":"itinere-roads"}},{"type":"Feature","geometry":{"type":"MultiLineString","coordinates":[[[15.602,41.3231],[15.5786,41.3427],[15.5729,41.3486],[15.57,41.3536],[15.5501,41.3696],[15.4941,41.4088],[15.4672,41.4255],[15.4487,41.4335],[15.4373,41.4401],[15.4104,41.4471]]]},"properties":{"kind":"roman-road","source":"itinere-roads"}},{"type":"Feature","geometry":{"type":"MultiLineString","coordinates":[[[15.4104,41.4471],[15.389,41.4597],[15.351,41.5023],[15.3345,41.5066]]]},"properties":{"kind":"roman-road","source":"itinere-roads"}},{"type":"Feature","geometry":{"type":"MultiLineString","coordinates":[[[15.3161,41.3644],[15.3124,41.3657],[15.3117,41.3721],[15.3143,41.3835],[15.3196,41.3893],[15.3196,41.3923],[15.3262,41.4059],[15.3309,41.4257],[15.3335,41.4266],[15.3327,41.4309],[15.3345,41.5066]]]},"properties":{"kind":"roman-road","source":"itinere-roads"}},{"type":"Feature","geometry":{"type":"MultiLineString","coordinates":[[[15.5555,41.5245],[15.5621,41.5205],[15.579,41.5224],[15.6325,41.5341],[15.6866,41.5556],[15.7006,41.5521],[15.7237,41.5596],[15.7299,41.5602],[15.7528,41.5704]]]},"properties":{"kind":"roman-road","source":"itinere-roads"}},{"type":"Feature","geometry":{"type":"MultiLineString","coordinates":[[[15.7528,41.5704],[15.7697,41.5775],[15.7792,41.5846],[15.7867,41.5881],[15.8179,41.5984],[15.828,41.5988],[15.8398,41.5969],[15.8605,41.5984],[15.8664,41.6004],[15.8763,41.599]]]},"properties":{"kind":"roman-road","source":"itinere-roads"}},{"type":"Feature","geometry":{"type":"MultiLineString","coordinates":[[[15.826,41.5552],[15.7999,41.5566],[15.7844,41.5599],[15.7528,41.5704]]]},"properties":{"kind":"roman-road","source":"itinere-roads"}},{"type":"Feature","geometry":{"type":"MultiLineString","coordinates":[[[15.7528,41.5704],[15.7293,41.5918],[15.7206,41.5972],[15.7153,41.5985],[15.7123,41.6028],[15.667,41.6123],[15.6596,41.6185],[15.6479,41.6214],[15.6279,41.6316],[15.6177,41.6411],[15.6063,41.6455],[15.5995,41.6521],[15.5885,41.6585],[15.5893,41.6619],[15.572,41.6663],[15.5601,41.6668],[15.5531,41.6751],[15.539,41.6821],[15.5338,41.6883],[15.5215,41.6973],[15.5152,41.7058],[15.5143,41.7102],[15.5153,41.717]]]},"properties":{"kind":"roman-road","source":"itinere-roads"}},{"type":"Feature","geometry":{"type":"MultiLineString","coordinates":[[[15.2268,41.7763],[15.2227,41.7837]]]},"properties":{"kind":"roman-road","source":"itinere-roads"}},{"type":"Feature","geometry":{"type":"MultiLineString","coordinates":[[[15.5153,41.717],[15.5055,41.7248],[15.4986,41.728],[15.4934,41.7295],[15.4839,41.7284],[15.4685,41.7382],[15.464,41.7386],[15.4451,41.7351],[15.438,41.735],[15.4346,41.7371],[15.4053,41.7354],[15.3317,41.7401],[15.3098,41.7395],[15.2875,41.7495],[15.2744,41.7576],[15.2709,41.758],[15.2496,41.768],[15.2445,41.7731],[15.2268,41.7763]]]},"properties":{"kind":"roman-road","source":"itinere-roads"}},{"type":"Feature","geometry":{"type":"MultiLineString","coordinates":[[[15.9095,41.6247],[15.8763,41.599]]]},"properties":{"kind":"roman-road","source":"itinere-roads"}},{"type":"Feature","geometry":{"type":"MultiLineString","coordinates":[[[16.2792,41.3197],[16.2902,41.3184],[16.3024,41.3144],[16.3241,41.3026],[16.3738,41.2879],[16.3836,41.2857],[16.4054,41.2844],[16.415,41.2804],[16.4199,41.2765],[16.4597,41.2551],[16.4996,41.2416],[16.5122,41.2333],[16.5261,41.2311],[16.5613,41.2185],[16.5726,41.2137],[16.5801,41.2078],[16.6176,41.1959],[16.6317,41.1926],[16.6721,41.1876],[16.682,41.1806],[16.6862,41.1801],[16.7061,41.1724],[16.7597,41.1598],[16.7922,41.1436],[16.8126,41.1351],[16.8397,41.1277],[16.8641,41.1265]]]},"properties":{"kind":"roman-road","source":"itinere-roads"}},{"type":"Feature","geometry":{"type":"MultiLineString","coordinates":[[[16.8641,41.1265],[16.8675,41.1268]]]},"properties":{"kind":"roman-road","source":"itinere-roads"}},{"type":"Feature","geometry":{"type":"MultiLineString","coordinates":[[[15.826,41.5552],[15.8234,41.5446],[15.821,41.5426],[15.8238,41.5283],[15.8408,41.525],[15.8575,41.5236],[15.889,41.5262],[15.9,41.5192],[15.9123,41.5037],[15.9199,41.488],[15.9137,41.4274],[15.9349,41.4186],[15.9437,41.4123],[15.9511,41.4107],[15.9735,41.3915]]]},"properties":{"kind":"roman-road","source":"itinere-roads"}},{"type":"Feature","geometry":{"type":"MultiLineString","coordinates":[[[15.8763,41.599],[15.8696,41.5901],[15.8611,41.5817],[15.8571,41.5814],[15.8511,41.5782],[15.845,41.572],[15.8284,41.5616],[15.826,41.5552]]]},"properties":{"kind":"roman-road","source":"itinere-roads"}},{"type":"Feature","geometry":{"type":"MultiLineString","coordinates":[[[15.9735,41.3915],[15.9951,41.3852],[16.0103,41.3789],[16.0214,41.3718],[16.0359,41.3686],[16.0452,41.3641],[16.0612,41.3592],[16.0688,41.3598],[16.0893,41.3581],[16.0956,41.3558],[16.1248,41.3511],[16.1678,41.3403],[16.1928,41.3368],[16.1994,41.3369],[16.2084,41.3314],[16.2256,41.3245],[16.2459,41.3224],[16.2585,41.3197],[16.2792,41.3197]]]},"properties":{"kind":"roman-road","source":"itinere-roads"}},{"type":"Feature","geometry":{"type":"MultiLineString","coordinates":[[[15.9095,41.6247],[15.9234,41.6336],[15.9261,41.6372],[15.9272,41.6417],[15.9432,41.6559],[15.9537,41.6685],[15.9625,41.6747],[15.9694,41.6776],[15.9868,41.6804],[16.0042,41.6826],[16.0276,41.6823],[16.0362,41.6841],[16.0389,41.6859],[16.0367,41.6901],[16.0214,41.6955],[16.0182,41.6944],[16.0136,41.6955],[16.008,41.6989],[16.0009,41.6991],[15.9928,41.7041],[15.9881,41.7044],[15.9844,41.7064],[15.9634,41.7057],[15.9175,41.7191],[15.8934,41.721],[15.877,41.7198],[15.8655,41.7204],[15.8361,41.7235],[15.8275,41.7189],[15.8042,41.71],[15.7912,41.7076],[15.7817,41.7091],[15.7568,41.7048],[15.7414,41.7048],[15.7217,41.707],[15.7173,41.7053],[15.6967,41.7031],[15.6921,41.7009],[15.6816,41.7021],[15.6795,41.7004],[15.6736,41.6993],[15.6553,41.7049],[15.6549,41.7074],[15.642,41.7086],[15.6341,41.7112],[15.631,41.7147],[15.6252,41.7171],[15.6161,41.7187],[15.6101,41.7181],[15.6059,41.7135],[15.6026,41.712],[15.5896,41.7143],[15.581,41.7188],[15.5716,41.7201],[15.562,41.7182],[15.5551,41.7143],[15.5377,41.7154],[15.5336,41.7141],[15.5153,41.717]]]},"properties":{"kind":"roman-road","source":"itinere-roads"}},{"type":"Feature","geometry":{"type":"MultiLineString","coordinates":[[[16.2792,41.3197],[16.2777,41.3182],[16.2708,41.3162],[16.2598,41.3142],[16.257,41.3154],[16.2451,41.3138],[16.2288,41.3099],[16.2264,41.3079],[16.2144,41.3056],[16.1728,41.3014],[16.1533,41.2958],[16.147,41.2951],[16.1271,41.286],[16.1132,41.2826],[16.0872,41.2539],[16.0691,41.2279],[16.0676,41.2226]]]},"properties":{"kind":"roman-road","source":"itinere-roads"}},{"type":"Feature","geometry":{"type":"MultiLineString","coordinates":[[[15.8379,41.0079],[15.8354,41.0039],[15.8289,41.0026],[15.8266,40.9963],[15.8321,40.9864],[15.8293,40.9841],[15.8294,40.9722],[15.8259,40.9678]]]},"properties":{"kind":"roman-road","source":"itinere-roads"}},{"type":"Feature","geometry":{"type":"MultiLineString","coordinates":[[[16.0676,41.2226],[16.0496,41.2159],[16.0348,41.2141],[16.0216,41.2109],[16.0069,41.2015],[16.0016,41.1975],[15.999,41.1905],[15.9891,41.1839],[15.9882,41.1749],[15.9846,41.171],[15.9658,41.1621],[15.9673,41.1549],[15.9652,41.1496],[15.957,41.1469],[15.9136,41.1201],[15.9101,41.1192],[15.8954,41.1065],[15.8953,41.1033],[15.8919,41.0986],[15.8956,41.0898],[15.8682,41.0693],[15.8696,41.061],[15.8665,41.0591],[15.8668,41.0543],[15.8617,41.0525],[15.8563,41.0416],[15.8413,41.0252],[15.8384,41.0154],[15.8379,41.0079]]]},"properties":{"kind":"roman-road","source":"itinere-roads"}},{"type":"Feature","geometry":{"type":"MultiLineString","coordinates":[[[14.921,41.8044],[14.9216,41.809],[14.9196,41.813],[14.9223,41.8168],[14.925,41.8178],[14.9288,41.8218],[14.9306,41.8309],[14.9331,41.835],[14.9327,41.8372],[14.9391,41.8502],[14.9427,41.8533],[14.9448,41.8618],[14.9394,41.8795],[14.9412,41.8857],[14.9471,41.8883],[14.9528,41.8937],[14.9515,41.913]]]},"properties":{"kind":"roman-road","source":"itinere-roads"}},{"type":"Feature","geometry":{"type":"MultiLineString","coordinates":[[[15.2227,41.7837],[15.2192,41.7871],[15.2201,41.791],[15.2146,41.8076],[15.2065,41.8138],[15.193,41.8181],[15.1865,41.8224],[15.1786,41.8242],[15.1694,41.824],[15.1654,41.826],[15.1562,41.8401],[15.1506,41.8422],[15.1429,41.8429],[15.1421,41.8467],[15.1346,41.8453],[15.1308,41.8476],[15.1309,41.8513],[15.129,41.855],[15.1159,41.8572],[15.1125,41.856],[15.0909,41.8554],[15.0666,41.8598],[15.0534,41.8587],[15.0401,41.8595],[15.0349,41.862],[15.031,41.8673],[15.0109,41.8697],[15.0084,41.8733],[15.0017,41.8772],[14.9991,41.8848],[14.9847,41.8907],[14.9854,41.895],[14.9753,41.8993],[14.957,41.9123],[14.9515,41.913]]]},"properties":{"kind":"roman-road","source":"itinere-roads"}},{"type":"Feature","geometry":{"type":"MultiLineString","coordinates":[[[15.2227,41.7837],[15.2081,41.7864],[15.2006,41.7869],[15.1981,41.7856],[15.1841,41.7887],[15.1665,41.7948],[15.1609,41.7949],[15.1556,41.7968],[15.1466,41.7937],[15.1274,41.7962],[15.1239,41.7982],[15.1157,41.7993],[15.1091,41.8019],[15.1006,41.8068],[15.0835,41.807],[15.0778,41.8055],[15.068,41.8054],[15.0591,41.8081],[15.0276,41.8137],[15.002,41.8152],[14.9968,41.8134],[14.9858,41.8145],[14.9759,41.8192],[14.9647,41.8222],[14.9595,41.8208],[14.9476,41.8128],[14.9416,41.8071],[14.9348,41.8069],[14.9282,41.8039],[14.921,41.8044]]]},"properties":{"kind":"roman-road","source":"itinere-roads"}},{"type":"Feature","geometry":{"type":"MultiLineString","coordinates":[[[15.0788,41.2586],[15.0969,41.2615],[15.1008,41.2611],[15.1087,41.2654],[15.1103,41.2684],[15.1154,41.2719],[15.1227,41.2825],[15.1274,41.2851],[15.1321,41.2851],[15.1408,41.2918],[15.1531,41.2955],[15.1668,41.2967],[15.1838,41.307],[15.1907,41.3079],[15.1992,41.3142],[15.212,41.3139],[15.2164,41.3174],[15.2277,41.3218],[15.2358,41.3325],[15.2423,41.3374],[15.2816,41.3449],[15.2922,41.3522],[15.2989,41.3544],[15.3094,41.3617],[15.3161,41.3644]]]},"properties":{"kind":"roman-road","source":"itinere-roads"}},{"type":"Feature","geometry":{"type":"MultiLineString","coordinates":[[[15.4358,41.068],[15.4444,41.078],[15.4512,41.0896],[15.4576,41.0941],[15.4596,41.0971],[15.4593,41.1046],[15.4613,41.1086],[15.4657,41.1116],[15.4709,41.1123],[15.4737,41.1175],[15.4783,41.1187],[15.4826,41.1226],[15.5131,41.1344],[15.5233,41.1421],[15.5357,41.1613],[15.536,41.167],[15.5397,41.1759],[15.5538,41.1926],[15.561,41.2036],[15.5621,41.2097],[15.5613,41.2145],[15.5647,41.2186],[15.5628,41.224],[15.5653,41.2404],[15.5991,41.2946],[15.6081,41.3014],[15.6191,41.3139]]]},"properties":{"kind":"roman-road","source":"itinere-roads"}},{"type":"Feature","geometry":{"type":"MultiLineString","coordinates":[[[18.4912,40.1462],[18.487,40.1469]]]},"properties":{"kind":"roman-road","source":"itinere-roads"}},{"type":"Feature","geometry":{"type":"MultiLineString","coordinates":[[[18.487,40.1469],[18.4644,40.1472],[18.4424,40.1398],[18.4202,40.1382]]]},"properties":{"kind":"roman-road","source":"itinere-roads"}},{"type":"Feature","geometry":{"type":"MultiLineString","coordinates":[[[18.4202,40.1382],[18.4175,40.1399],[18.4054,40.1425],[18.3762,40.1424],[18.366,40.1438],[18.3602,40.1468],[18.3461,40.1507],[18.3217,40.1651],[18.3199,40.1692],[18.317,40.1719],[18.3138,40.184],[18.3052,40.1969],[18.3037,40.2028],[18.2967,40.2177],[18.2907,40.2235]]]},"properties":{"kind":"roman-road","source":"itinere-roads"}},{"type":"Feature","geometry":{"type":"MultiLineString","coordinates":[[[18.2907,40.2235],[18.2876,40.2288],[18.2832,40.2323],[18.2731,40.2454],[18.2668,40.2511],[18.2525,40.2597],[18.2462,40.2612],[18.2447,40.2643],[18.2362,40.2714],[18.2013,40.311],[18.1811,40.3305],[18.1727,40.3494],[18.1686,40.3523]]]},"properties":{"kind":"roman-road","source":"itinere-roads"}},{"type":"Feature","geometry":{"type":"MultiLineString","coordinates":[[[17.0245,40.5206],[17.0376,40.5249],[17.0547,40.5344],[17.0633,40.5377],[17.0684,40.548],[17.0846,40.5584]]]},"properties":{"kind":"roman-road","source":"itinere-roads"}},{"type":"Feature","geometry":{"type":"MultiLineString","coordinates":[[[15.0788,41.2586],[15.0736,41.2594],[15.0692,41.2585],[15.0659,41.2536],[15.0467,41.2502],[15.0391,41.2453],[15.0318,41.2383],[14.9806,41.2318],[14.9775,41.2301],[14.973,41.2305]]]},"properties":{"kind":"roman-road","source":"itinere-roads"}},{"type":"Feature","geometry":{"type":"MultiLineString","coordinates":[[[14.973,41.2305],[14.9723,41.2285],[14.9626,41.2239],[14.9613,41.2209],[14.9429,41.212],[14.9266,41.1992],[14.9206,41.1973],[14.9103,41.1885],[14.9035,41.1851],[14.8987,41.1801],[14.8872,41.1784],[14.8782,41.1736],[14.8698,41.1651],[14.8703,41.1632],[14.8625,41.1579],[14.8429,41.1547],[14.8343,41.1466],[14.819,41.1407],[14.8131,41.1407],[14.7986,41.1364],[14.7819,41.1343],[14.7776,41.1313]]]},"properties":{"kind":"roman-road","source":"itinere-roads"}},{"type":"Feature","geometry":{"type":"MultiLineString","coordinates":[[[14.7776,41.1313],[14.7762,41.1259],[14.7744,41.1237],[14.7754,41.1179],[14.7784,41.1147],[14.7814,41.108],[14.782,41.086],[14.7787,41.0799],[14.7781,41.0736],[14.7739,41.0667],[14.7743,41.0588],[14.7727,41.057],[14.7721,41.0506],[14.7733,41.0487],[14.7721,41.0451],[14.7762,41.0404],[14.7757,41.0387],[14.7802,41.0324],[14.781,41.0257],[14.7832,41.0217],[14.7826,41.0153],[14.7887,41.0149],[14.7966,41.0169],[14.8013,41.0167],[14.8104,41.0122],[14.8121,41.0132],[14.8174,41.0123],[14.8179,41.0096],[14.8222,41.0085],[14.8227,41.0048],[14.8259,41.0026],[14.8253,41.0],[14.8284,40.9959],[14.8281,40.9894],[14.8343,40.9862],[14.8338,40.9827],[14.8372,40.9782],[14.836,40.9732],[14.8309,40.9636],[14.8313,40.9594],[14.8258,40.944],[14.8261,40.9363],[14.8197,40.9209],[14.8167,40.9168]]]},"properties":{"kind":"roman-road","source":"itinere-roads"}},{"type":"Feature","geometry":{"type":"MultiLineString","coordinates":[[[14.8167,40.9168],[14.828,40.9104],[14.832,40.9094],[14.8426,40.8985],[14.8502,40.8943],[14.8526,40.8883],[14.865,40.8775],[14.867,40.8774],[14.8713,40.8732],[14.876,40.8709],[14.8773,40.8669],[14.8752,40.8652],[14.8807,40.8594],[14.8862,40.8504],[14.886,40.8403],[14.8963,40.8277],[14.899,40.8201],[14.8984,40.8178],[14.9004,40.8143],[14.9046,40.8119],[14.9023,40.7958],[14.9031,40.7904],[14.912,40.7871],[14.9113,40.7861],[14.9048,40.7862],[14.9053,40.7781],[14.9102,40.7734],[14.9148,40.7712],[14.9163,40.7619],[14.9196,40.7601],[14.9216,40.7552],[14.9216,40.7507],[14.9288,40.7402],[14.9305,40.7396],[14.9354,40.7326],[14.9385,40.7307],[14.9401,40.7235],[14.9399,40.7165],[14.9436,40.7078],[14.9512,40.7057],[14.9608,40.7076],[14.9692,40.7067],[14.9714,40.7027],[14.9755,40.6993],[14.9755,40.6948],[14.9781,40.693],[14.9781,40.6864],[14.9803,40.685],[14.9836,40.6772],[15.0036,40.6654],[15.004,40.6628],[15.0109,40.6578],[15.0122,40.655],[15.0182,40.6497],[15.0147,40.6452],[15.027,40.638],[15.0316,40.6377],[15.0381,40.6348],[15.0535,40.6221],[15.0574,40.6207],[15.059,40.6158]]]},"properties":{"kind":"roman-road","source":"itinere-roads"}},{"type":"Feature","geometry":{"type":"MultiLineString","coordinates":[[[16.1009,38.6739],[16.1004,38.6785],[16.1027,38.6808],[16.1045,38.6873],[16.1146,38.6976],[16.1167,38.6974],[16.1247,38.7052],[16.136,38.7135],[16.1388,38.7128],[16.1548,38.7242],[16.1618,38.733],[16.1839,38.741],[16.1867,38.7434],[16.1888,38.7484],[16.1983,38.7533],[16.208,38.768],[16.2145,38.768],[16.2164,38.7724],[16.2112,38.7744],[16.2103,38.7759],[16.2161,38.7921],[16.2186,38.7943],[16.2248,38.8121],[16.2283,38.8126],[16.2348,38.8165],[16.2349,38.8187],[16.2424,38.8275],[16.2503,38.8316],[16.2735,38.8565],[16.2757,38.8623],[16.2795,38.8666],[16.2781,38.8716],[16.2808,38.88],[16.2775,38.9021]]]},"properties":{"kind":"roman-road","source":"itinere-roads"}},{"type":"Feature","geometry":{"type":"MultiLineString","coordinates":[[[16.2775,38.9021],[16.2745,38.9077],[16.2769,38.9159],[16.2729,38.9229],[16.2647,38.927],[16.2587,38.9278],[16.24,38.9395],[16.2388,38.9435]]]},"properties":{"kind":"roman-road","source":"itinere-roads"}},{"type":"Feature","geometry":{"type":"MultiLineString","coordinates":[[[15.8274,39.7684],[15.8296,39.7726],[15.8295,39.7757],[15.8251,39.7812]]]},"properties":{"kind":"roman-road","source":"itinere-roads"}},{"type":"Feature","geometry":{"type":"MultiLineString","coordinates":[[[15.8251,39.7812],[15.8223,39.7847],[15.8175,39.7874],[15.8139,39.7956],[15.796,39.8071],[15.794,39.8123],[15.7875,39.8165],[15.787,39.8182],[15.7792,39.825],[15.7784,39.8279],[15.7809,39.8296],[15.7904,39.8325],[15.7965,39.8429],[15.7983,39.851],[15.7931,39.8553],[15.7964,39.8596],[15.7942,39.861],[15.7875,39.8741],[15.7877,39.8832],[15.7845,39.8866],[15.781,39.8948],[15.7786,39.8975],[15.7753,39.9067],[15.7688,39.9144],[15.7701,39.9201],[15.7738,39.9248],[15.7714,39.9296],[15.7692,39.9308],[15.7688,39.936],[15.7646,39.936],[15.7606,39.9378],[15.7527,39.9366],[15.7502,39.9351],[15.7433,39.9402],[15.7399,39.944],[15.7404,39.9458],[15.738,39.9502],[15.7393,39.9552],[15.736,39.9647],[15.7252,39.9715],[15.722,39.9775],[15.7123,39.9853],[15.7119,39.9884],[15.7095,39.9918],[15.7054,39.9906],[15.706,39.9966],[15.7026,39.9994],[15.687,40.004],[15.68,40.0107],[15.678,40.0162],[15.6778,40.0255],[15.6793,40.0306],[15.6685,40.0416],[15.6657,40.0422],[15.6592,40.0407],[15.6553,40.0432],[15.6466,40.0418],[15.6473,40.0441],[15.644,40.0444],[15.6435,40.0475],[15.632,40.0535],[15.6272,40.0578],[15.6277,40.0624],[15.6308,40.0665],[15.6337,40.0678],[15.6307,40.0724]]]},"properties":{"kind":"roman-road","source":"itinere-roads"}},{"type":"Feature","geometry":{"type":"MultiLineString","coordinates":[[[15.6307,40.0724],[15.6266,40.0744]]]},"properties":{"kind":"roman-road","source":"itinere-roads"}},{"type":"Feature","geometry":{"type":"MultiLineString","coordinates":[[[14.2502,40.8517],[14.2483,40.8379]]]},"properties":{"kind":"roman-road","source":"itinere-roads"}},{"type":"Feature","geometry":{"type":"MultiLineString","coordinates":[[[14.2573,41.0694],[14.2565,40.9648],[14.2521,40.9565],[14.2537,40.9468],[14.2587,40.9308],[14.2582,40.9179],[14.2619,40.9085],[14.2621,40.9026],[14.2564,40.8974],[14.2495,40.8864],[14.2485,40.8747],[14.2502,40.8698],[14.2487,40.8654],[14.2486,40.8553],[14.2502,40.8517]]]},"properties":{"kind":"roman-road","source":"itinere-roads"}},{"type":"Feature","geometry":{"type":"MultiLineString","coordinates":[[[14.2542,41.0821],[14.2538,41.0751],[14.2568,41.0733],[14.2573,41.0694]]]},"properties":{"kind":"roman-road","source":"itinere-roads"}},{"type":"Feature","geometry":{"type":"MultiLineString","coordinates":[[[14.2502,40.8517],[14.2694,40.8649],[14.2679,40.8691],[14.2702,40.8728],[14.2712,40.8815],[14.279,40.8905],[14.3894,40.9641],[14.4029,40.9796]]]},"properties":{"kind":"roman-road","source":"itinere-roads"}},{"type":"Feature","geometry":{"type":"MultiLineString","coordinates":[[[14.4093,40.9776],[14.4029,40.9796]]]},"properties":{"kind":"roman-road","source":"itinere-roads"}},{"type":"Feature","geometry":{"type":"MultiLineString","coordinates":[[[14.4029,40.9796],[14.3996,40.9824],[14.3915,41.013],[14.3927,41.038]]]},"properties":{"kind":"roman-road","source":"itinere-roads"}},{"type":"Feature","geometry":{"type":"MultiLineString","coordinates":[[[14.4093,40.9776],[14.463,40.9705],[14.49,40.9651],[14.5185,40.9652],[14.5372,40.9627],[14.553,40.9579],[14.5841,40.9602],[14.5933,40.9621],[14.5991,40.9605]]]},"properties":{"kind":"roman-road","source":"itinere-roads"}},{"type":"Feature","geometry":{"type":"MultiLineString","coordinates":[[[14.5991,40.9605],[14.5991,40.9564],[14.5841,40.9492],[14.5601,40.9451],[14.5478,40.9301],[14.5445,40.929],[14.5425,40.9263],[14.5301,40.9253]]]},"properties":{"kind":"roman-road","source":"itinere-roads"}},{"type":"Feature","geometry":{"type":"MultiLineString","coordinates":[[[14.5301,40.9253],[14.5295,40.9205],[14.5319,40.9151],[14.5333,40.9149],[14.5358,40.8936],[14.5432,40.8794],[14.552,40.8713],[14.5546,40.8667],[14.5535,40.8519],[14.5551,40.848],[14.5662,40.8419],[14.5915,40.8322]]]},"properties":{"kind":"roman-road","source":"itinere-roads"}},{"type":"Feature","geometry":{"type":"MultiLineString","coordinates":[[[14.5915,40.8322],[14.5971,40.8262],[14.6032,40.8247],[14.6093,40.8197],[14.6173,40.8155],[14.62,40.8117]]]},"properties":{"kind":"roman-road","source":"itinere-roads"}},{"type":"Feature","geometry":{"type":"MultiLineString","coordinates":[[[14.6702,40.7401],[14.666,40.7431],[14.6538,40.7441]]]},"properties":{"kind":"roman-road","source":"itinere-roads"}},{"type":"Feature","geometry":{"type":"MultiLineString","coordinates":[[[14.6538,40.7441],[14.6477,40.7516]]]},"properties":{"kind":"roman-road","source":"itinere-roads"}},{"type":"Feature","geometry":{"type":"MultiLineString","coordinates":[[[14.6477,40.7516],[14.6352,40.7633],[14.6291,40.7649],[14.6277,40.7674],[14.6179,40.7996],[14.6186,40.8011],[14.6173,40.8078],[14.62,40.8117]]]},"properties":{"kind":"roman-road","source":"itinere-roads"}},{"type":"Feature","geometry":{"type":"MultiLineString","coordinates":[[[14.981,40.6094],[14.9795,40.6117],[14.9403,40.6222],[14.9222,40.6249],[14.9026,40.6326],[14.8934,40.6386],[14.8867,40.6397],[14.8661,40.6481],[14.8422,40.6491],[14.83,40.647],[14.8227,40.6498],[14.8181,40.6534],[14.805,40.6563],[14.8,40.6595],[14.797,40.6633],[14.7828,40.6714],[14.7568,40.6785],[14.7379,40.6765],[14.7328,40.6713],[14.7284,40.6723],[14.7228,40.6778],[14.7218,40.6867],[14.7153,40.6922],[14.7088,40.7018],[14.7055,40.7109],[14.6991,40.7192],[14.6849,40.7343],[14.6702,40.7401]]]},"properties":{"kind":"roman-road","source":"itinere-roads"}},{"type":"Feature","geometry":{"type":"MultiLineString","coordinates":[[[14.5957,40.748],[14.58,40.7435],[14.5739,40.7401],[14.5668,40.7381],[14.5591,40.7337],[14.5568,40.7306]]]},"properties":{"kind":"roman-road","source":"itinere-roads"}},{"type":"Feature","geometry":{"type":"MultiLineString","coordinates":[[[14.6702,40.7401],[14.6317,40.7428],[14.6207,40.7409],[14.6073,40.7431],[14.5568,40.7306]]]},"properties":{"kind":"roman-road","source":"itinere-roads"}},{"type":"Feature","geometry":{"type":"MultiLineString","coordinates":[[[14.5038,40.7088],[14.4975,40.7071],[14.4878,40.6992],[14.4816,40.6964]]]},"properties":{"kind":"roman-road","source":"itinere-roads"}},{"type":"Feature","geometry":{"type":"MultiLineString","coordinates":[[[14.5568,40.7306],[14.5272,40.7118],[14.5038,40.7088]]]},"properties":{"kind":"roman-road","source":"itinere-roads"}},{"type":"Feature","geometry":{"type":"MultiLineString","coordinates":[[[14.4816,40.6964],[14.4754,40.6918],[14.467,40.6901],[14.4588,40.6906],[14.4567,40.6887],[14.4503,40.688],[14.4399,40.6822],[14.4372,40.6793],[14.4358,40.6722],[14.4331,40.6699],[14.4293,40.6622],[14.4254,40.6615],[14.4277,40.6592],[14.4205,40.6566],[14.4079,40.6572],[14.4066,40.6541],[14.419,40.6405],[14.4181,40.6355],[14.409,40.6311],[14.3903,40.6293],[14.3701,40.6249]]]},"properties":{"kind":"roman-road","source":"itinere-roads"}},{"type":"Feature","geometry":{"type":"MultiLineString","coordinates":[[[14.5038,40.7088],[14.4994,40.7201],[14.4938,40.7283],[14.493,40.7339],[14.4946,40.7374],[14.4944,40.7408],[14.4912,40.7475],[14.4881,40.7499]]]},"properties":{"kind":"roman-road","source":"itinere-roads"}},{"type":"Feature","geometry":{"type":"MultiLineString","coordinates":[[[14.6477,40.7516],[14.6583,40.7546],[14.6595,40.7563],[14.6567,40.7632],[14.6569,40.7672],[14.6839,40.781],[14.6932,40.7798],[14.7178,40.78],[14.7278,40.7785],[14.7378,40.7806],[14.7511,40.781],[14.7564,40.7832],[14.759,40.7858],[14.7589,40.7926],[14.7609,40.7993],[14.7642,40.8049],[14.7646,40.8092],[14.7677,40.8152],[14.7731,40.8216],[14.7737,40.8316],[14.7905,40.8468],[14.7941,40.8544],[14.791,40.8557],[14.7893,40.8585],[14.7837,40.861],[14.7786,40.868],[14.7791,40.8706],[14.7835,40.8749],[14.7915,40.8778],[14.7941,40.8805],[14.7964,40.8885],[14.8002,40.8942],[14.798,40.9015],[14.7982,40.9067],[14.7919,40.9145]]]},"properties":{"kind":"roman-road","source":"itinere-roads"}},{"type":"Feature","geometry":{"type":"MultiLineString","coordinates":[[[14.8167,40.9168],[14.8144,40.9152],[14.7919,40.9145]]]},"properties":{"kind":"roman-road","source":"itinere-roads"}},{"type":"Feature","geometry":{"type":"MultiLineString","coordinates":[[[14.7919,40.9145],[14.7704,40.9115],[14.7639,40.9064],[14.7488,40.9071],[14.7439,40.9044],[14.7362,40.8966],[14.7252,40.8918],[14.7118,40.8924],[14.7107,40.8953],[14.7046,40.9013],[14.6956,40.9068],[14.6748,40.9143],[14.6695,40.9142],[14.6629,40.9188],[14.658,40.9244],[14.6557,40.9301],[14.6346,40.9438],[14.6267,40.9459],[14.6166,40.9537],[14.6109,40.9549],[14.6096,40.9567],[14.5991,40.9605]]]},"properties":{"kind":"roman-road","source":"itinere-roads"}},{"type":"Feature","geometry":{"type":"MultiLineString","coordinates":[[[14.5301,40.9253],[14.5186,40.928],[14.5157,40.9276],[14.5013,40.9364],[14.4403,40.96],[14.4225,40.9714],[14.4093,40.9776]]]},"properties":{"kind":"roman-road","source":"itinere-roads"}},{"type":"Feature","geometry":{"type":"MultiLineString","coordinates":[[[14.2502,40.8517],[14.2714,40.8525],[14.2731,40.8507],[14.2837,40.8494],[14.2906,40.8435],[14.2965,40.842],[14.3012,40.8392],[14.3026,40.8365],[14.3174,40.8251],[14.3268,40.8209],[14.3479,40.8083],[14.3494,40.8057],[14.3718,40.7858],[14.4104,40.7679],[14.4306,40.7608],[14.4501,40.7567],[14.4721,40.7549],[14.4803,40.7521],[14.4848,40.749]]]},"properties":{"kind":"roman-road","source":"itinere-roads"}},{"type":"Feature","geometry":{"type":"MultiLineString","coordinates":[[[14.2036,41.1112],[14.201,41.1121],[14.2006,41.1202],[14.1934,41.1342],[14.1421,41.1999]]]},"properties":{"kind":"roman-road","source":"itinere-roads"}},{"type":"Feature","geometry":{"type":"MultiLineString","coordinates":[[[14.0677,41.251],[14.0672,41.2513]]]},"properties":{"kind":"roman-road","source":"itinere-roads"}},{"type":"Feature","geometry":{"type":"MultiLineString","coordinates":[[[14.1421,41.1999],[14.1314,41.2076],[14.1166,41.2155],[14.1112,41.2168],[14.1051,41.2202],[14.1014,41.2199],[14.0969,41.223],[14.0946,41.2224],[14.0891,41.2263],[14.0888,41.2313],[14.0839,41.2379],[14.0762,41.2411],[14.0677,41.251]]]},"properties":{"kind":"roman-road","source":"itinere-roads"}},{"type":"Feature","geometry":{"type":"MultiLineString","coordinates":[[[14.0677,41.251],[14.0769,41.2472],[14.0802,41.2478],[14.0819,41.2528],[14.0888,41.2586],[14.0948,41.26],[14.0988,41.2635],[14.1154,41.2729],[14.1683,41.3157],[14.1795,41.3258],[14.1878,41.3374],[14.2021,41.3505],[14.2147,41.3582]]]},"properties":{"kind":"roman-road","source":"itinere-roads"}},{"type":"Feature","geometry":{"type":"MultiLineString","coordinates":[[[14.2147,41.3582],[14.2366,41.3473],[14.2468,41.3437]]]},"properties":{"kind":"roman-road","source":"itinere-roads"}},{"type":"Feature","geometry":{"type":"MultiLineString","coordinates":[[[14.2468,41.3437],[14.2589,41.3394],[14.287,41.3333],[14.3237,41.3318],[14.3345,41.3271]]]},"properties":{"kind":"roman-road","source":"itinere-roads"}},{"type":"Feature","geometry":{"type":"MultiLineString","coordinates":[[[14.0452,41.4833],[14.015,41.4593],[14.008,41.4601],[14.0127,41.4553],[14.0131,41.4443],[14.0093,41.4404],[14.003,41.4458],[14.0021,41.449],[13.9924,41.4495],[13.9703,41.4474],[13.9704,41.4449],[13.9623,41.4467],[13.9509,41.4437],[13.9489,41.4414]]]},"properties":{"kind":"roman-road","source":"itinere-roads"}},{"type":"Feature","geometry":{"type":"MultiLineString","coordinates":[[[14.0672,41.2513],[14.0662,41.2551],[14.0694,41.2596],[14.0751,41.2594],[14.0792,41.2773],[14.0775,41.2829],[14.0813,41.2856],[14.0827,41.2883],[14.0811,41.2908],[14.0833,41.2984],[14.0851,41.3],[14.0765,41.3184],[14.0792,41.3293],[14.0605,41.3495],[14.0481,41.3562]]]},"properties":{"kind":"roman-road","source":"itinere-roads"}},{"type":"Feature","geometry":{"type":"MultiLineString","coordinates":[[[13.9489,41.4414],[13.9168,41.4399],[13.9104,41.4414],[13.8918,41.4405],[13.8899,41.4422],[13.8749,41.4466],[13.8636,41.4472],[13.8628,41.4491],[13.8582,41.4508],[13.8501,41.4564]]]},"properties":{"kind":"roman-road","source":"itinere-roads"}},{"type":"Feature","geometry":{"type":"MultiLineString","coordinates":[[[13.8247,41.4826],[13.8236,41.4811],[13.8148,41.4796],[13.8023,41.4799],[13.7846,41.4834],[13.7744,41.4826],[13.7548,41.4857],[13.7488,41.4883],[13.7311,41.4883],[13.7033,41.4988]]]},"properties":{"kind":"roman-road","source":"itinere-roads"}},{"type":"Feature","geometry":{"type":"MultiLineString","coordinates":[[[13.8501,41.4564],[13.8464,41.4597],[13.8464,41.4648],[13.8418,41.4649],[13.8391,41.4678],[13.8354,41.4694],[13.8302,41.4755],[13.8285,41.476],[13.8247,41.4826]]]},"properties":{"kind":"roman-road","source":"itinere-roads"}},{"type":"Feature","geometry":{"type":"MultiLineString","coordinates":[[[13.7033,41.4988],[13.6992,41.4974],[13.6753,41.4974],[13.6413,41.5099],[13.6132,41.517],[13.6078,41.5154],[13.6017,41.5156],[13.5944,41.5108],[13.5852,41.5152],[13.5765,41.5138],[13.5703,41.5149],[13.5643,41.5191],[13.5497,41.5177],[13.5454,41.522],[13.5462,41.5259],[13.5402,41.5316],[13.5349,41.5402],[13.5219,41.5477]]]},"properties":{"kind":"roman-road","source":"itinere-roads"}},{"type":"Feature","geometry":{"type":"MultiLineString","coordinates":[[[13.5219,41.5477],[13.5193,41.5459],[13.5114,41.5482]]]},"properties":{"kind":"roman-road","source":"itinere-roads"}},{"type":"Feature","geometry":{"type":"MultiLineString","coordinates":[[[13.5114,41.5482],[13.5005,41.5526],[13.4762,41.5574],[13.4717,41.5593],[13.4484,41.5745],[13.4397,41.5856],[13.4353,41.5871],[13.4228,41.6049],[13.4126,41.6057],[13.4066,41.6127],[13.3965,41.6173],[13.3958,41.6218],[13.3855,41.627],[13.3867,41.63],[13.3855,41.6339],[13.3804,41.6339],[13.3811,41.6365],[13.3723,41.6381],[13.3693,41.64],[13.3613,41.6416],[13.3546,41.6404],[13.3512,41.6461]]]},"properties":{"kind":"roman-road","source":"itinere-roads"}},{"type":"Feature","geometry":{"type":"MultiLineString","coordinates":[[[13.3512,41.6461],[13.3328,41.6513],[13.3065,41.6629],[13.2852,41.6765],[13.2601,41.6897],[13.2534,41.6894],[13.2518,41.6906]]]},"properties":{"kind":"roman-road","source":"itinere-roads"}},{"type":"Feature","geometry":{"type":"MultiLineString","coordinates":[[[13.2518,41.6906],[13.251,41.693]]]},"properties":{"kind":"roman-road","source":"itinere-roads"}},{"type":"Feature","geometry":{"type":"MultiLineString","coordinates":[[[13.251,41.693],[13.2438,41.6952],[13.239,41.6947],[13.2315,41.6978],[13.2221,41.6985],[13.2172,41.7026],[13.2051,41.7083],[13.1918,41.7089],[13.1687,41.7156],[13.1556,41.7239],[13.1552,41.7259],[13.1515,41.7274],[13.1389,41.7297],[13.1317,41.7294],[13.1145,41.7337],[13.1011,41.7331],[13.077,41.7348],[13.0685,41.7371],[13.0653,41.7364],[13.06,41.7402],[13.0562,41.7396],[13.0513,41.7422],[13.0381,41.7434],[13.0158,41.7379],[13.0121,41.7404],[13.0055,41.74],[13.0036,41.7433],[12.999,41.7441],[12.9949,41.7474],[12.9887,41.7492]]]},"properties":{"kind":"roman-road","source":"itinere-roads"}},{"type":"Feature","geometry":{"type":"MultiLineString","coordinates":[[[12.8525,41.801],[12.839,41.8095],[12.83,41.8131],[12.8254,41.8129],[12.8041,41.8217]]]},"properties":{"kind":"roman-road","source":"itinere-roads"}},{"type":"Feature","geometry":{"type":"MultiLineString","coordinates":[[[12.5151,41.8913],[12.5058,41.8938],[12.4863,41.892]]]},"properties":{"kind":"roman-road","source":"itinere-roads"}},{"type":"Feature","geometry":{"type":"MultiLineString","coordinates":[[[12.6725,41.8518],[12.6626,41.8521],[12.6584,41.8552],[12.6487,41.856],[12.6421,41.8605],[12.6285,41.8627],[12.6067,41.8641],[12.5892,41.8678],[12.5686,41.8743],[12.5622,41.8745],[12.5325,41.8834],[12.5151,41.8913]]]},"properties":{"kind":"roman-road","source":"itinere-roads"}},{"type":"Feature","geometry":{"type":"MultiLineString","coordinates":[[[12.8041,41.8217],[12.7848,41.8263],[12.7807,41.8297],[12.7545,41.8342],[12.753,41.8365],[12.7336,41.84],[12.7246,41.8403],[12.7188,41.8435],[12.7048,41.8402],[12.7001,41.8439],[12.685,41.8474],[12.6759,41.8522],[12.6725,41.8518]]]},"properties":{"kind":"roman-road","source":"itinere-roads"}},{"type":"Feature","geometry":{"type":"MultiLineString","coordinates":[[[13.249,41.2917],[13.2455,41.2896],[13.2362,41.2899],[13.2297,41.2883],[13.1951,41.2859],[13.1629,41.2793],[13.139,41.2663],[13.117,41.2517],[13.0977,41.2533],[13.0895,41.2513],[13.0876,41.2492],[13.0689,41.25],[13.0674,41.2437],[13.0579,41.2433],[13.0478,41.248],[13.0376,41.2488],[13.0205,41.2836],[12.9976,41.3175],[12.97,41.3468],[12.947,41.3651],[12.9323,41.3876],[12.9218,41.4011],[12.9045,41.4127],[12.899,41.4148],[12.8971,41.4129],[12.8792,41.4137],[12.8415,41.4203],[12.8029,41.4207],[12.7794,41.4237],[12.7742,41.4236],[12.7693,41.4204],[12.7364,41.4346],[12.7329,41.4351],[12.6877,41.4584],[12.6822,41.4569],[12.6555,41.4571],[12.6345,41.4522],[12.6295,41.4476]]]},"properties":{"kind":"roman-road","source":"itinere-roads"}},{"type":"Feature","geometry":{"type":"MultiLineString","coordinates":[[[12.6295,41.4476],[12.6255,41.451]]]},"properties":{"kind":"roman-road","source":"itinere-roads"}},{"type":"Feature","geometry":{"type":"MultiLineString","coordinates":[[[12.3946,41.6795],[12.3863,41.6838],[12.374,41.6943],[12.3482,41.7115],[12.3063,41.7371],[12.2911,41.7528],[12.2883,41.7541]]]},"properties":{"kind":"roman-road","source":"itinere-roads"}},{"type":"Feature","geometry":{"type":"MultiLineString","coordinates":[[[12.6255,41.451],[12.6208,41.4528],[12.6026,41.4759],[12.6036,41.4821],[12.582,41.5087],[12.5785,41.5192],[12.5483,41.5521],[12.5383,41.5659],[12.534,41.5687],[12.5248,41.581],[12.5173,41.586],[12.5153,41.5891],[12.51,41.5922],[12.5007,41.6008],[12.4933,41.6041],[12.4883,41.6028],[12.4777,41.6137],[12.4767,41.6161],[12.4679,41.6238],[12.4597,41.6283],[12.458,41.6325],[12.453,41.6386],[12.4422,41.6448],[12.4369,41.6501],[12.429,41.6533],[12.4148,41.6629],[12.3946,41.6795]]]},"properties":{"kind":"roman-road","source":"itinere-roads"}},{"type":"Feature","geometry":{"type":"MultiLineString","coordinates":[[[12.2613,41.7734],[12.266,41.7768],[12.2708,41.7826]]]},"properties":{"kind":"roman-road","source":"itinere-roads"}},{"type":"Feature","geometry":{"type":"MultiLineString","coordinates":[[[12.2708,41.7826],[12.2239,41.8299],[12.2011,41.8582],[12.193,41.863],[12.1902,41.8672],[12.1906,41.8715],[12.1724,41.891],[12.1447,41.9167],[12.1425,41.92],[12.1354,41.9254],[12.1267,41.9281],[12.1189,41.9345]]]},"properties":{"kind":"roman-road","source":"itinere-roads"}},{"type":"Feature","geometry":{"type":"MultiLineString","coordinates":[[[14.2502,40.8517],[14.2482,40.8503],[14.2385,40.8519],[14.2265,40.8463],[14.2269,40.8435],[14.22,40.8414],[14.2112,40.8359],[14.2014,40.8349],[14.1985,40.833],[14.1912,40.8317],[14.177,40.8237],[14.1627,40.8243],[14.1567,40.8205],[14.1381,40.8232],[14.1343,40.8276],[14.129,40.8293]]]},"properties":{"kind":"roman-road","source":"itinere-roads"}},{"type":"Feature","geometry":{"type":"MultiLineString","coordinates":[[[14.1164,40.8383],[14.1197,40.846],[14.1189,40.8504],[14.121,40.8603],[14.1247,40.8675],[14.1233,40.8722],[14.1236,40.9],[14.1331,40.9106],[14.1385,40.9136],[14.1374,40.919],[14.138,40.9258],[14.1405,40.9271],[14.1437,40.9427],[14.1556,40.951],[14.1762,40.9538],[14.1907,40.9729],[14.2573,41.0694]]]},"properties":{"kind":"roman-road","source":"itinere-roads"}},{"type":"Feature","geometry":{"type":"MultiLineString","coordinates":[[[14.4848,40.749],[14.4843,40.7507],[14.5047,40.7628],[14.527,40.779],[14.5558,40.8037],[14.5755,40.8122],[14.5915,40.8322]]]},"properties":{"kind":"roman-road","source":"itinere-roads"}},{"type":"Feature","geometry":{"type":"MultiLineString","coordinates":[[[15.0886,41.0117],[15.0769,41.0075],[15.0681,41.0073],[15.0505,40.9978],[15.0427,40.9914],[15.0392,40.9853],[15.0203,40.9862],[15.013,40.984],[15.0074,40.9797],[15.0038,40.9794],[14.9993,40.9743],[14.9988,40.9717],[14.9925,40.9669],[14.99,40.9604],[14.9858,40.9579],[14.982,40.9524],[14.9696,40.9524],[14.9662,40.9536],[14.9606,40.9522],[14.9577,40.9527],[14.9516,40.9491],[14.944,40.9485],[14.9315,40.9452],[14.9206,40.938],[14.9153,40.937],[14.9091,40.9316],[14.8986,40.9315],[14.8958,40.9304],[14.8848,40.9314],[14.8638,40.9268],[14.8569,40.9279],[14.8445,40.9226],[14.8295,40.9186],[14.8167,40.9168]]]},"properties":{"kind":"roman-road","source":"itinere-roads"}},{"type":"Feature","geometry":{"type":"MultiLineString","coordinates":[[[14.2394,41.6029],[14.2398,41.6053],[14.2328,41.6102],[14.2255,41.6127],[14.2185,41.6217],[14.2138,41.6231],[14.2047,41.6333],[14.2021,41.6346],[14.2019,41.6387],[14.2036,41.6407],[14.198,41.6458],[14.1982,41.6498],[14.1898,41.6577],[14.1938,41.6655],[14.1853,41.67],[14.1844,41.6732],[14.1812,41.6764],[14.1826,41.6798],[14.182,41.6931],[14.1766,41.6959],[14.1701,41.7017],[14.1691,41.7075],[14.1716,41.7107],[14.1696,41.713],[14.1682,41.72],[14.1652,41.7221],[14.1619,41.7216],[14.1613,41.7255],[14.1579,41.7302],[14.1588,41.7332],[14.1622,41.7348],[14.1579,41.7418],[14.152,41.742],[14.1451,41.7467],[14.1453,41.7482],[14.1398,41.7567],[14.1352,41.7599],[14.1354,41.7632],[14.1332,41.7684],[14.1209,41.7733],[14.1121,41.7785],[14.1078,41.7842]]]},"properties":{"kind":"roman-road","source":"itinere-roads"}},{"type":"Feature","geometry":{"type":"MultiLineString","coordinates":[[[14.2394,41.6029],[14.2388,41.6007],[14.23,41.5936],[14.2226,41.5834],[14.1809,41.5687],[14.1809,41.5658],[14.1783,41.5623],[14.1704,41.5573],[14.1676,41.553],[14.1597,41.5491],[14.1472,41.5305],[14.129,41.5213]]]},"properties":{"kind":"roman-road","source":"itinere-roads"}},{"type":"Feature","geometry":{"type":"MultiLineString","coordinates":[[[14.129,41.5213],[14.1258,41.5173],[14.1129,41.5087]]]},"properties":{"kind":"roman-road","source":"itinere-roads"}},{"type":"Feature","geometry":{"type":"MultiLineString","coordinates":[[[14.1129,41.5087],[14.0925,41.4994],[14.0608,41.4913],[14.0593,41.4894],[14.0452,41.4833]]]},"properties":{"kind":"roman-road","source":"itinere-roads"}},{"type":"Feature","geometry":{"type":"MultiLineString","coordinates":[[[14.2394,41.6029],[14.25,41.5975],[14.264,41.5847],[14.2702,41.5834],[14.2749,41.5792],[14.2754,41.5771],[14.2843,41.5707],[14.2839,41.5689],[14.2892,41.5625],[14.3055,41.5538],[14.3259,41.5475],[14.3357,41.5413],[14.3449,41.5403],[14.3484,41.5377],[14.354,41.5366],[14.3625,41.5379],[14.3739,41.5373],[14.386,41.5335],[14.3915,41.5302],[14.3925,41.5239],[14.3949,41.5211],[14.4004,41.5196],[14.4057,41.5198],[14.4131,41.5144],[14.453,41.5012],[14.4641,41.4931],[14.4705,41.4829],[14.4783,41.4794],[14.4845,41.4796],[14.5006,41.4746],[14.5291,41.4629]]]},"properties":{"kind":"roman-road","source":"itinere-roads"}},{"type":"Feature","geometry":{"type":"MultiLineString","coordinates":[[[14.5291,41.4629],[14.5447,41.4554],[14.5525,41.4545],[14.5722,41.4554],[14.5801,41.4534],[14.5963,41.4455],[14.6053,41.439],[14.6088,41.4389],[14.628,41.4258],[14.6326,41.4192],[14.6407,41.4166]]]},"properties":{"kind":"roman-road","source":"itinere-roads"}},{"type":"Feature","geometry":{"type":"MultiLineString","coordinates":[[[14.1078,41.7842],[14.1058,41.786],[14.105,41.8026],[14.106,41.804],[14.106,41.8116],[14.105,41.8143],[14.094,41.8245],[14.101,41.8264],[14.1013,41.8304],[14.0984,41.834],[14.0913,41.8366],[14.0809,41.8515],[14.0652,41.8601],[14.0591,41.8652],[14.0531,41.8676],[14.0465,41.8658],[14.0294,41.8653],[13.9911,41.8962],[13.9819,41.9149],[13.9796,41.9245],[13.976,41.9291],[13.9766,41.9346],[13.9738,41.939],[13.9732,41.9425],[13.9685,41.9453],[13.9607,41.9544],[13.968,41.9597],[13.966,41.9645],[13.9631,41.967],[13.9586,41.977],[13.9558,41.979],[13.9566,41.9849],[13.9548,41.9917],[13.9525,41.996],[13.9484,41.9992],[13.9306,42.0293],[13.9228,42.0391],[13.9241,42.0434],[13.9232,42.0461],[13.9197,42.0499],[13.913,42.0528],[13.903,42.0528],[13.8992,42.054],[13.8916,42.059],[13.8894,42.0636],[13.8706,42.0737],[13.8651,42.0792],[13.8574,42.0838],[13.8552,42.0876],[13.8484,42.0918],[13.8476,42.0947],[13.8405,42.1026],[13.8385,42.1067],[13.8373,42.1155],[13.835,42.1173]]]},"properties":{"kind":"roman-road","source":"itinere-roads"}},{"type":"Feature","geometry":{"type":"MultiLineString","coordinates":[[[13.835,42.1173],[13.8403,42.1253],[13.8392,42.1295],[13.8419,42.1348],[13.8413,42.1413],[13.8379,42.1451],[13.8387,42.1472],[13.8342,42.1493],[13.834,42.1672],[13.8309,42.1758],[13.8361,42.1767],[13.8437,42.1898],[13.8483,42.1931],[13.8495,42.1961]]]},"properties":{"kind":"roman-road","source":"itinere-roads"}},{"type":"Feature","geometry":{"type":"MultiLineString","coordinates":[[[13.8495,42.1961],[13.8549,42.1968],[13.8592,42.1958],[13.8788,42.1983],[13.8875,42.2024],[13.9067,42.216],[13.9169,42.2263],[13.9235,42.2291],[13.9293,42.2345],[13.9288,42.2376],[13.9321,42.242]]]},"properties":{"kind":"roman-road","source":"itinere-roads"}},{"type":"Feature","geometry":{"type":"MultiLineString","coordinates":[[[13.9321,42.242],[13.9369,42.2438],[13.9407,42.2437],[13.9481,42.2482],[13.955,42.2559],[13.9854,42.2671],[14.0042,42.2676],[14.0087,42.2667],[14.0184,42.2711],[14.0206,42.2733],[14.0209,42.2772],[14.0237,42.2818],[14.0317,42.2858],[14.0419,42.2973],[14.0483,42.2995],[14.0567,42.3092],[14.0642,42.3133],[14.0745,42.3143],[14.101,42.327],[14.1327,42.3367],[14.1365,42.3401],[14.143,42.3505],[14.1631,42.3488],[14.1677,42.3501]]]},"properties":{"kind":"roman-road","source":"itinere-roads"}},{"type":"Feature","geometry":{"type":"MultiLineString","coordinates":[[[14.1677,42.3501],[14.1676,42.3527],[14.17,42.357],[14.1676,42.3629],[14.1682,42.3715],[14.1725,42.3726],[14.1779,42.3772],[14.1809,42.3858],[14.1895,42.3976],[14.2004,42.4063],[14.202,42.4121],[14.2051,42.4157],[14.2114,42.4184],[14.219,42.4256],[14.2172,42.4277],[14.2191,42.4298],[14.2194,42.4344],[14.2341,42.4511]]]},"properties":{"kind":"roman-road","source":"itinere-roads"}},{"type":"Feature","geometry":{"type":"MultiLineString","coordinates":[[[13.4087,42.0815],[13.4058,42.0835],[13.3963,42.0851],[13.3907,42.0824],[13.3866,42.0821]]]},"properties":{"kind":"roman-road","source":"itinere-roads"}},{"type":"Feature","geometry":{"type":"MultiLineString","coordinates":[[[13.3866,42.0821],[13.3238,42.0569],[13.3145,42.0541],[13.3001,42.054],[13.276,42.0668],[13.2692,42.0683],[13.2513,42.0689],[13.2436,42.0676],[13.2402,42.0649],[13.2207,42.068],[13.2149,42.067],[13.2054,42.0681],[13.1972,42.0761],[13.1879,42.081],[13.1858,42.0835],[13.1786,42.0857],[13.1746,42.0893],[13.1725,42.0889],[13.1642,42.0927],[13.1585,42.0971],[13.1513,42.0993],[13.1395,42.1068],[13.1206,42.1144],[13.1118,42.116],[13.1031,42.1152],[13.0954,42.1169],[13.0871,42.1151],[13.0844,42.1097],[13.0841,42.1001],[13.077,42.0937],[13.0727,42.0937],[13.0674,42.0908],[13.0516,42.0733],[13.0448,42.0627]]]},"properties":{"kind":"roman-road","source":"itinere-roads"}},{"type":"Feature","geometry":{"type":"MultiLineString","coordinates":[[[12.956,42.0378],[12.9502,42.0347],[12.9359,42.0329],[12.9231,42.0292],[12.9208,42.0264]]]},"properties":{"kind":"roman-road","source":"itinere-roads"}},{"type":"Feature","geometry":{"type":"MultiLineString","coordinates":[[[12.9208,42.0264],[12.9093,42.0184],[12.9041,42.0185],[12.8941,42.0158],[12.8925,42.0137],[12.8847,42.011],[12.8815,42.0073],[12.8773,42.0053],[12.8766,41.9985],[12.8739,41.9958],[12.8606,41.9929],[12.856,41.988],[12.846,41.9876],[12.8419,41.9802],[12.8354,41.9791],[12.8291,41.9733],[12.8289,41.9707],[12.8199,41.9573],[12.8147,41.9554],[12.8061,41.96],[12.8046,41.9634],[12.7989,41.9641]]]},"properties":{"kind":"roman-road","source":"itinere-roads"}},{"type":"Feature","geometry":{"type":"MultiLineString","coordinates":[[[12.7989,41.9641],[12.7975,41.9618],[12.7848,41.9554],[12.7706,41.9564],[12.7626,41.9543]]]},"properties":{"kind":"roman-road","source":"itinere-roads"}},{"type":"Feature","geometry":{"type":"MultiLineString","coordinates":[[[12.7626,41.9543],[12.7567,41.9564],[12.7333,41.952],[12.7138,41.953],[12.6901,41.9508],[12.6506,41.9411],[12.6158,41.9344],[12.5856,41.9299],[12.5813,41.9304],[12.5744,41.9246],[12.5688,41.9237],[12.5595,41.9142],[12.5455,41.9088],[12.5264,41.9083],[12.5227,41.9064],[12.5175,41.9001],[12.5106,41.8965],[12.4863,41.892]]]},"properties":{"kind":"roman-road","source":"itinere-roads"}},{"type":"Feature","geometry":{"type":"MultiLineString","coordinates":[[[12.6863,41.7912],[12.6964,41.7965],[12.7116,41.7981]]]},"properties":{"kind":"roman-road","source":"itinere-roads"}},{"type":"Feature","geometry":{"type":"MultiLineString","coordinates":[[[12.6998,41.7914],[12.708,41.7904],[12.7222,41.7918],[12.7336,41.7875],[12.7487,41.7838],[12.7747,41.7702],[12.7952,41.7684],[12.8008,41.7692],[12.8162,41.7632],[12.8221,41.7636],[12.8326,41.7585],[12.8413,41.7591],[12.8568,41.7526]]]},"properties":{"kind":"roman-road","source":"itinere-roads"}},{"type":"Feature","geometry":{"type":"MultiLineString","coordinates":[[[12.8568,41.7526],[12.8621,41.7526],[12.8664,41.7509]]]},"properties":{"kind":"roman-road","source":"itinere-roads"}},{"type":"Feature","geometry":{"type":"MultiLineString","coordinates":[[[12.8664,41.7509],[12.8788,41.7463],[12.8931,41.744],[12.9033,41.7465],[12.9116,41.7424]]]},"properties":{"kind":"roman-road","source":"itinere-roads"}},{"type":"Feature","geometry":{"type":"MultiLineString","coordinates":[[[12.9116,41.7424],[12.9407,41.7408],[12.9592,41.7476],[12.969,41.7475],[12.9778,41.7504],[12.9887,41.7492]]]},"properties":{"kind":"roman-road","source":"itinere-roads"}},{"type":"Feature","geometry":{"type":"MultiLineString","coordinates":[[[13.9136,42.8872],[13.8857,42.8939],[13.8814,42.8973],[13.8721,42.9001],[13.7538,42.8677],[13.7245,42.8635],[13.713,42.8596],[13.6973,42.8586],[13.6815,42.8544],[13.6743,42.8542],[13.6688,42.8557],[13.6475,42.8526],[13.6414,42.8537],[13.6369,42.8501],[13.6097,42.8505],[13.597,42.8536],[13.5885,42.8541],[13.575,42.8536]]]},"properties":{"kind":"roman-road","source":"itinere-roads"}},{"type":"Feature","geometry":{"type":"MultiLineString","coordinates":[[[13.0829,42.4158],[13.0916,42.4076],[13.096,42.406],[13.1079,42.4095],[13.1158,42.4102],[13.1221,42.407],[13.1272,42.4011],[13.1384,42.3963],[13.1395,42.391],[13.1556,42.3774],[13.1624,42.3752],[13.1692,42.3694],[13.1756,42.3686],[13.1802,42.3648],[13.1929,42.3594],[13.1999,42.3541],[13.2014,42.3501],[13.2102,42.3458],[13.2185,42.3462],[13.2243,42.3449],[13.2338,42.3399],[13.2383,42.3398],[13.2493,42.3456],[13.26,42.3456],[13.2812,42.3524]]]},"properties":{"kind":"roman-road","source":"itinere-roads"}},{"type":"Feature","geometry":{"type":"MultiLineString","coordinates":[[[13.0829,42.4158],[13.0745,42.4156],[13.0699,42.412],[13.052,42.4066],[13.0456,42.4028],[13.0438,42.4004],[13.0365,42.399],[13.0185,42.3863],[13.0128,42.3844],[13.0077,42.3797],[13.0021,42.3768],[12.9959,42.3769],[12.992,42.3756],[12.9778,42.3773],[12.9726,42.3798],[12.9601,42.3829],[12.9564,42.3848],[12.9545,42.3878],[12.9435,42.3896],[12.9391,42.3929],[12.929,42.3943],[12.9232,42.3912],[12.9155,42.3934],[12.9126,42.397],[12.9086,42.3978],[12.8997,42.3954],[12.8814,42.3991],[12.8726,42.3977],[12.8645,42.3989],[12.861,42.402]]]},"properties":{"kind":"roman-road","source":"itinere-roads"}},{"type":"Feature","geometry":{"type":"MultiLineString","coordinates":[[[12.861,42.402],[12.8582,42.3853],[12.86,42.3725],[12.8628,42.3683],[12.8634,42.3617],[12.8592,42.3535],[12.855,42.3505],[12.858,42.3459],[12.8677,42.3122],[12.8713,42.306],[12.8687,42.303],[12.869,42.2901],[12.8666,42.288],[12.8818,42.277],[12.8779,42.2714],[12.8786,42.269],[12.8745,42.2635],[12.8734,42.259],[12.8698,42.2544],[12.8642,42.2531],[12.8572,42.2449],[12.8494,42.2406],[12.8472,42.2369],[12.8438,42.2354],[12.8396,42.2357],[12.8297,42.2315],[12.8273,42.2286],[12.8276,42.218],[12.8232,42.2149],[12.8198,42.2085],[12.8139,42.2019],[12.8161,42.1965],[12.8151,42.1946],[12.8158,42.1877],[12.811,42.1842],[12.801,42.1814],[12.7998,42.1784],[12.794,42.1729],[12.7826,42.1678],[12.7813,42.1698],[12.7737,42.1711],[12.763,42.17],[12.7517,42.1708],[12.751,42.1685],[12.7455,42.1639],[12.7064,42.1516],[12.7019,42.149],[12.6972,42.1435],[12.6892,42.1442],[12.6823,42.1432],[12.6802,42.1418],[12.6729,42.1438],[12.6668,42.1432],[12.6628,42.1403],[12.6469,42.1346],[12.6395,42.1239],[12.6393,42.1198],[12.6354,42.117],[12.6338,42.1092],[12.6297,42.1058]]]},"properties":{"kind":"roman-road","source":"itinere-roads"}},{"type":"Feature","geometry":{"type":"MultiLineString","coordinates":[[[12.4989,41.9076],[12.4872,41.8994],[12.4863,41.892]]]},"properties":{"kind":"roman-road","source":"itinere-roads"}},{"type":"Feature","geometry":{"type":"MultiLineString","coordinates":[[[12.6297,42.1058],[12.6075,42.0867],[12.6082,42.0834],[12.6039,42.0737],[12.5739,42.0523],[12.5704,42.0472],[12.5615,42.0406],[12.5519,42.0352],[12.5298,42.0146],[12.5235,42.0138],[12.5213,42.0122],[12.5181,42.0046],[12.5186,41.9999],[12.5088,41.9845],[12.5052,41.9748],[12.5068,41.9674],[12.506,41.9527],[12.5088,41.9386],[12.5089,41.9302],[12.4971,41.9181],[12.4989,41.9076]]]},"properties":{"kind":"roman-road","source":"itinere-roads"}},{"type":"Feature","geometry":{"type":"MultiLineString","coordinates":[[[12.5027,44.112],[12.476,44.1377],[12.4678,44.1418],[12.4643,44.1475],[12.454,44.1566],[12.4438,44.1625],[12.4059,44.1892],[12.3771,44.2167],[12.3577,44.238],[12.3535,44.2469],[12.3401,44.2647],[12.2577,44.3526],[12.2548,44.3613],[12.2182,44.3972],[12.2099,44.4108],[12.2085,44.4165]]]},"properties":{"kind":"roman-road","source":"itinere-roads"}},{"type":"Feature","geometry":{"type":"MultiLineString","coordinates":[[[12.6458,42.5583],[12.6527,42.5544],[12.6714,42.5528],[12.6776,42.5537],[12.6943,42.5518],[12.7085,42.5546],[12.7117,42.5536],[12.721,42.5444],[12.7211,42.5414],[12.7298,42.5369],[12.7314,42.5339],[12.7297,42.5314],[12.7312,42.5268],[12.7334,42.5253],[12.7341,42.5203],[12.738,42.5167],[12.7427,42.4989],[12.7502,42.4919],[12.7566,42.491],[12.7666,42.4741],[12.7736,42.4688],[12.7873,42.4436],[12.7885,42.439],[12.7986,42.4316],[12.8017,42.4318],[12.8085,42.4274],[12.8174,42.4199],[12.817,42.4099],[12.8285,42.4092],[12.8516,42.4032],[12.861,42.402]]]},"properties":{"kind":"roman-road","source":"itinere-roads"}},{"type":"Feature","geometry":{"type":"MultiLineString","coordinates":[[[11.9876,42.6431],[11.9902,42.6449],[11.9897,42.6471],[11.9928,42.6529],[12.0204,42.6694],[12.0311,42.6697],[12.0389,42.6787],[12.0425,42.6795],[12.0513,42.685],[12.0541,42.6853],[12.0617,42.6895],[12.0652,42.6945],[12.0694,42.6973],[12.0752,42.7058],[12.0934,42.7138],[12.0982,42.7303],[12.0955,42.7329],[12.097,42.7377],[12.0966,42.7469],[12.0983,42.7518],[12.0917,42.7557],[12.0887,42.7595],[12.0713,42.7686],[12.0682,42.7714],[12.0651,42.7771],[12.0633,42.7774],[12.0601,42.7829],[12.0585,42.7829],[12.0565,42.7879],[12.0589,42.7972],[12.0551,42.805],[12.0523,42.808],[12.054,42.8108],[12.0529,42.8142],[12.0445,42.8261],[12.0418,42.843],[12.039,42.8478],[12.0378,42.8536],[12.0389,42.8588],[12.0365,42.8627],[12.0266,42.8716],[12.0212,42.8743],[12.0192,42.8739]]]},"properties":{"kind":"roman-road","source":"itinere-roads"}},{"type":"Feature","geometry":{"type":"MultiLineString","coordinates":[[[12.4825,43.0147],[12.4792,43.0144],[12.4772,43.0176]]]},"properties":{"kind":"roman-road","source":"itinere-roads"}},{"type":"Feature","geometry":{"type":"MultiLineString","coordinates":[[[12.4772,43.0176],[12.4769,43.0219],[12.4789,43.0253],[12.4755,43.0303],[12.4763,43.0429],[12.479,43.0524],[12.4771,43.0559],[12.4698,43.0614],[12.4681,43.0674],[12.4621,43.0736],[12.4603,43.0775],[12.4555,43.0824],[12.4467,43.0834],[12.4389,43.0888],[12.432,43.0881],[12.4273,43.0897],[12.4203,43.0884],[12.4146,43.0917],[12.4013,43.0933],[12.389,43.109],[12.3896,43.1112]]]},"properties":{"kind":"roman-road","source":"itinere-roads"}},{"type":"Feature","geometry":{"type":"MultiLineString","coordinates":[[[12.3866,42.4584],[12.3826,42.4599],[12.3778,42.4598],[12.3679,42.4518],[12.3614,42.4503],[12.3509,42.4422],[12.3491,42.4382],[12.346,42.4374],[12.3419,42.4331],[12.3435,42.4307],[12.3425,42.4284],[12.3465,42.4212],[12.3471,42.4144],[12.354,42.4077],[12.3596,42.395],[12.3681,42.3886],[12.3738,42.3864],[12.3726,42.3816],[12.3675,42.372],[12.3504,42.3688],[12.3456,42.3644],[12.3494,42.3543],[12.3545,42.3487],[12.3568,42.3417],[12.3542,42.3381],[12.357,42.3334],[12.354,42.3112],[12.3557,42.3092],[12.3525,42.3029],[12.3538,42.2988],[12.3576,42.2962],[12.3555,42.2752],[12.3507,42.2678],[12.3475,42.2453],[12.3441,42.244],[12.3443,42.2397],[12.3381,42.2304],[12.3371,42.2246],[12.3383,42.2156],[12.3405,42.2118],[12.3389,42.1983],[12.3407,42.1934],[12.3453,42.1877],[12.3459,42.1797],[12.3485,42.1746],[12.3492,42.1672],[12.3471,42.1631],[12.3491,42.1506]]]},"properties":{"kind":"roman-road","source":"itinere-roads"}},{"type":"Feature","geometry":{"type":"MultiLineString","coordinates":[[[14.1129,41.5087],[14.1188,41.4985],[14.1222,41.484],[14.1275,41.4772],[14.1491,41.4603],[14.1643,41.4564],[14.1721,41.4489],[14.1885,41.4365],[14.196,41.4326],[14.1998,41.427],[14.1959,41.4227],[14.1946,41.4165],[14.1954,41.4064],[14.1923,41.4026],[14.1943,41.401],[14.1956,41.3967],[14.1924,41.3894],[14.1928,41.3866],[14.1899,41.3823],[14.1905,41.3769],[14.1939,41.372],[14.2147,41.3582]]]},"properties":{"kind":"roman-road","source":"itinere-roads"}},{"type":"Feature","geometry":{"type":"MultiLineString","coordinates":[[[14.3345,41.3271],[14.3469,41.316],[14.3551,41.2897]]]},"properties":{"kind":"roman-road","source":"itinere-roads"}},{"type":"Feature","geometry":{"type":"MultiLineString","coordinates":[[[14.5027,41.224],[14.5087,41.222]]]},"properties":{"kind":"roman-road","source":"itinere-roads"}},{"type":"Feature","geometry":{"type":"MultiLineString","coordinates":[[[14.3551,41.2897],[14.36,41.2885],[14.368,41.2831],[14.373,41.2822],[14.3767,41.2752],[14.39,41.2709],[14.3941,41.2681],[14.3958,41.2642],[14.3988,41.2631],[14.4046,41.2573],[14.4101,41.2552],[14.4138,41.2558],[14.4316,41.2522],[14.4551,41.2407],[14.4609,41.2404],[14.4806,41.2343],[14.5027,41.224]]]},"properties":{"kind":"roman-road","source":"itinere-roads"}},{"type":"Feature","geometry":{"type":"MultiLineString","coordinates":[[[14.5087,41.222],[14.5146,41.2167],[14.53,41.2165],[14.5428,41.2136],[14.5578,41.207],[14.5641,41.2066],[14.5683,41.2082],[14.5715,41.211],[14.5734,41.2159],[14.5789,41.219],[14.5924,41.2214],[14.6017,41.2215],[14.6066,41.2247],[14.6077,41.2271],[14.6105,41.2276],[14.6187,41.2229],[14.635,41.2188],[14.6428,41.222],[14.6834,41.2124],[14.6993,41.2152],[14.7097,41.2115],[14.7146,41.2069],[14.7368,41.194]]]},"properties":{"kind":"roman-road","source":"itinere-roads"}},{"type":"Feature","geometry":{"type":"MultiLineString","coordinates":[[[14.2655,41.2272],[14.2725,41.2266],[14.2779,41.2237],[14.2842,41.2237],[14.2917,41.2217],[14.3008,41.2214],[14.3051,41.2256],[14.3047,41.2301],[14.2994,41.2459],[14.2975,41.2478],[14.295,41.2482],[14.2827,41.2607],[14.2946,41.2657],[14.2998,41.2707],[14.2994,41.2732],[14.3032,41.2748]]]},"properties":{"kind":"roman-road","source":"itinere-roads"}},{"type":"Feature","geometry":{"type":"MultiLineString","coordinates":[[[14.3345,41.3271],[14.3634,41.3472],[14.3723,41.3573],[14.3771,41.3605],[14.3764,41.3674],[14.3725,41.3698],[14.3683,41.3772],[14.3675,41.3812],[14.3689,41.386],[14.3835,41.389],[14.3888,41.3868],[14.4097,41.3876],[14.4176,41.3917],[14.4178,41.3958],[14.4236,41.4058],[14.4265,41.4074],[14.4321,41.4043],[14.4416,41.4091]]]},"properties":{"kind":"roman-road","source":"itinere-roads"}},{"type":"Feature","geometry":{"type":"MultiLineString","coordinates":[[[14.4416,41.4091],[14.4769,41.417],[14.4893,41.4222],[14.4897,41.4266],[14.4883,41.431],[14.5002,41.4366],[14.5291,41.4629]]]},"properties":{"kind":"roman-road","source":"itinere-roads"}},{"type":"Feature","geometry":{"type":"MultiLineString","coordinates":[[[14.4416,41.4091],[14.4453,41.4039],[14.449,41.4021],[14.4525,41.3937],[14.4664,41.3872],[14.4767,41.3772],[14.4853,41.3728],[14.4964,41.3713],[14.5026,41.3642],[14.5022,41.3569],[14.5041,41.3549],[14.5031,41.3475],[14.5147,41.3318],[14.5188,41.3199],[14.5181,41.3184],[14.5235,41.3124],[14.5305,41.309],[14.5335,41.3061],[14.5376,41.3055],[14.5383,41.3001],[14.5458,41.2951],[14.5558,41.2907],[14.5573,41.2873],[14.5601,41.2851]]]},"properties":{"kind":"roman-road","source":"itinere-roads"}},{"type":"Feature","geometry":{"type":"MultiLineString","coordinates":[[[14.5601,41.2851],[14.5666,41.2887]]]},"properties":{"kind":"roman-road","source":"itinere-roads"}},{"type":"Feature","geometry":{"type":"MultiLineString","coordinates":[[[14.5666,41.2887],[14.5761,41.2978],[14.5783,41.3018],[14.5786,41.3053],[14.5818,41.3087],[14.5918,41.3127],[14.6006,41.3122],[14.6009,41.3162],[14.6058,41.3177],[14.615,41.3175],[14.6172,41.3204],[14.6208,41.3197],[14.6273,41.3258],[14.6347,41.3299],[14.6354,41.3325],[14.6507,41.3389],[14.6592,41.3408]]]},"properties":{"kind":"roman-road","source":"itinere-roads"}},{"type":"Feature","geometry":{"type":"MultiLineString","coordinates":[[[14.6592,41.3408],[14.665,41.3396],[14.6814,41.3433]]]},"properties":{"kind":"roman-road","source":"itinere-roads"}},{"type":"Feature","geometry":{"type":"MultiLineString","coordinates":[[[14.5616,41.3058],[14.5602,41.3075]]]},"properties":{"kind":"roman-road","source":"itinere-roads"}},{"type":"Feature","geometry":{"type":"MultiLineString","coordinates":[[[14.5616,41.3042],[14.5616,41.3058]]]},"properties":{"kind":"roman-road","source":"itinere-roads"}},{"type":"Feature","geometry":{"type":"MultiLineString","coordinates":[[[14.62,41.4091],[14.6228,41.4097]]]},"properties":{"kind":"roman-road","source":"itinere-roads"}},{"type":"Feature","geometry":{"type":"MultiLineString","coordinates":[[[14.6054,41.4024],[14.6082,41.4043],[14.6119,41.4045],[14.62,41.4091]]]},"properties":{"kind":"roman-road","source":"itinere-roads"}},{"type":"Feature","geometry":{"type":"MultiLineString","coordinates":[[[14.6029,41.3998],[14.6038,41.4007]]]},"properties":{"kind":"roman-road","source":"itinere-roads"}},{"type":"Feature","geometry":{"type":"MultiLineString","coordinates":[[[14.5601,41.2851],[14.565,41.283],[14.5727,41.2746],[14.5768,41.2734],[14.583,41.2664],[14.5899,41.2622],[14.5904,41.2599]]]},"properties":{"kind":"roman-road","source":"itinere-roads"}},{"type":"Feature","geometry":{"type":"MultiLineString","coordinates":[[[14.5904,41.2599],[14.5957,41.2627],[14.5988,41.2664],[14.6012,41.2723],[14.5996,41.2785],[14.6166,41.2867],[14.6235,41.2949],[14.6257,41.3003],[14.619,41.3066],[14.6192,41.3122],[14.6249,41.3146],[14.6278,41.3189],[14.6411,41.3224],[14.644,41.3252],[14.648,41.3262],[14.6516,41.3294],[14.6564,41.3383],[14.6592,41.3408]]]},"properties":{"kind":"roman-road","source":"itinere-roads"}},{"type":"Feature","geometry":{"type":"MultiLineString","coordinates":[[[14.5904,41.2599],[14.5947,41.2546],[14.6042,41.2498],[14.6089,41.2444],[14.6246,41.249],[14.6346,41.2565],[14.6373,41.2605],[14.6431,41.2599],[14.6491,41.2615],[14.6531,41.2642],[14.6727,41.2671],[14.6752,41.2686],[14.6778,41.273],[14.6828,41.2738],[14.6825,41.2833],[14.6808,41.2865],[14.6765,41.287],[14.6795,41.2933],[14.6835,41.2953],[14.6892,41.2936],[14.6939,41.2978],[14.7115,41.2946]]]},"properties":{"kind":"roman-road","source":"itinere-roads"}},{"type":"Feature","geometry":{"type":"MultiLineString","coordinates":[[[14.2542,41.0821],[14.2567,41.0917],[14.2568,41.1107],[14.2559,41.1167],[14.2515,41.1255],[14.2548,41.1286],[14.2604,41.1302]]]},"properties":{"kind":"roman-road","source":"itinere-roads"}},{"type":"Feature","geometry":{"type":"MultiLineString","coordinates":[[[14.4638,41.197],[14.4746,41.2006],[14.4785,41.2028],[14.4805,41.2059],[14.4925,41.2106],[14.5052,41.2178],[14.5087,41.222]]]},"properties":{"kind":"roman-road","source":"itinere-roads"}},{"type":"Feature","geometry":{"type":"MultiLineString","coordinates":[[[14.3925,41.1406],[14.3999,41.1381],[14.4037,41.1347],[14.4133,41.13],[14.4223,41.1296],[14.4334,41.1249],[14.4471,41.1229],[14.4602,41.1513],[14.4646,41.1584],[14.4658,41.1651],[14.4738,41.1774],[14.4743,41.1825],[14.4638,41.197]]]},"properties":{"kind":"roman-road","source":"itinere-roads"}},{"type":"Feature","geometry":{"type":"MultiLineString","coordinates":[[[14.296,41.1302],[14.3099,41.1332],[14.3231,41.1402],[14.335,41.141],[14.3437,41.1392],[14.3475,41.1397],[14.3543,41.1425],[14.3599,41.1507],[14.3763,41.1541],[14.3797,41.152],[14.3851,41.145],[14.3925,41.1406]]]},"properties":{"kind":"roman-road","source":"itinere-roads"}},{"type":"Feature","geometry":{"type":"MultiLineString","coordinates":[[[14.5666,41.2887],[14.5671,41.2911],[14.5616,41.3042]]]},"properties":{"kind":"roman-road","source":"itinere-roads"}},{"type":"Feature","geometry":{"type":"MultiLineString","coordinates":[[[14.5602,41.3075],[14.5587,41.3122],[14.5586,41.32],[14.5608,41.3222],[14.5609,41.3372],[14.5638,41.3418],[14.5638,41.3456],[14.5674,41.3514]]]},"properties":{"kind":"roman-road","source":"itinere-roads"}},{"type":"Feature","geometry":{"type":"MultiLineString","coordinates":[[[14.6228,41.4097],[14.6407,41.4166]]]},"properties":{"kind":"roman-road","source":"itinere-roads"}},{"type":"Feature","geometry":{"type":"MultiLineString","coordinates":[[[14.6038,41.4007],[14.6054,41.4024]]]},"properties":{"kind":"roman-road","source":"itinere-roads"}},{"type":"Feature","geometry":{"type":"MultiLineString","coordinates":[[[14.5674,41.3514],[14.5668,41.3548],[14.5691,41.3576],[14.5737,41.3601],[14.5743,41.3633],[14.5799,41.3696],[14.5803,41.3747],[14.579,41.376],[14.5819,41.3841],[14.5918,41.3924],[14.6009,41.3966],[14.6029,41.3998]]]},"properties":{"kind":"roman-road","source":"itinere-roads"}},{"type":"Feature","geometry":{"type":"MultiLineString","coordinates":[[[14.2604,41.1302],[14.2595,41.133]]]},"properties":{"kind":"roman-road","source":"itinere-roads"}},{"type":"Feature","geometry":{"type":"MultiLineString","coordinates":[[[14.2655,41.2272],[14.2593,41.2224],[14.2584,41.2065],[14.269,41.1721],[14.2731,41.1533]]]},"properties":{"kind":"roman-road","source":"itinere-roads"}},{"type":"Feature","geometry":{"type":"MultiLineString","coordinates":[[[14.2731,41.1533],[14.3374,41.1654],[14.3456,41.1693],[14.3573,41.1778],[14.3638,41.1789]]]},"properties":{"kind":"roman-road","source":"itinere-roads"}},{"type":"Feature","geometry":{"type":"MultiLineString","coordinates":[[[14.2655,41.2272],[14.2763,41.236],[14.2818,41.2461],[14.2826,41.2523],[14.2875,41.2562],[14.295,41.2482],[14.2975,41.2478],[14.2981,41.2521],[14.3068,41.2545],[14.3123,41.254],[14.3247,41.262]]]},"properties":{"kind":"roman-road","source":"itinere-roads"}},{"type":"Feature","geometry":{"type":"MultiLineString","coordinates":[[[14.3661,41.28],[14.363,41.2806],[14.3551,41.2897]]]},"properties":{"kind":"roman-road","source":"itinere-roads"}},{"type":"Feature","geometry":{"type":"MultiLineString","coordinates":[[[14.3247,41.262],[14.3323,41.2651],[14.3374,41.2651],[14.3488,41.2697],[14.352,41.2721],[14.3617,41.2756],[14.3661,41.28]]]},"properties":{"kind":"roman-road","source":"itinere-roads"}},{"type":"Feature","geometry":{"type":"MultiLineString","coordinates":[[[14.3997,41.2043],[14.4052,41.2089],[14.4116,41.2121],[14.4152,41.2119],[14.431,41.2249],[14.4552,41.2259],[14.5027,41.224]]]},"properties":{"kind":"roman-road","source":"itinere-roads"}},{"type":"Feature","geometry":{"type":"MultiLineString","coordinates":[[[14.3638,41.1789],[14.3604,41.1915],[14.3633,41.204],[14.3665,41.2112],[14.3658,41.2162],[14.3624,41.2203],[14.3567,41.224],[14.3562,41.2263]]]},"properties":{"kind":"roman-road","source":"itinere-roads"}},{"type":"Feature","geometry":{"type":"MultiLineString","coordinates":[[[14.3562,41.2263],[14.3552,41.2435],[14.3531,41.2519],[14.3546,41.2574],[14.3582,41.2612],[14.3645,41.2736],[14.3661,41.28]]]},"properties":{"kind":"roman-road","source":"itinere-roads"}},{"type":"Feature","geometry":{"type":"MultiLineString","coordinates":[[[14.3638,41.1789],[14.3694,41.1781],[14.3727,41.1796],[14.3779,41.1933],[14.3986,41.2019],[14.3997,41.2043]]]},"properties":{"kind":"roman-road","source":"itinere-roads"}},{"type":"Feature","geometry":{"type":"MultiLineString","coordinates":[[[14.3997,41.2043],[14.3969,41.2083],[14.397,41.2132],[14.391,41.2274],[14.3853,41.232],[14.3786,41.2416],[14.3677,41.251],[14.3643,41.2579],[14.3673,41.2709],[14.3661,41.28]]]},"properties":{"kind":"roman-road","source":"itinere-roads"}},{"type":"Feature","geometry":{"type":"MultiLineString","coordinates":[[[14.3247,41.262],[14.3287,41.2521],[14.3367,41.2454],[14.3378,41.2416],[14.3427,41.237],[14.3455,41.2363],[14.348,41.2327],[14.353,41.2303],[14.3562,41.2263]]]},"properties":{"kind":"roman-road","source":"itinere-roads"}},{"type":"Feature","geometry":{"type":"MultiLineString","coordinates":[[[14.3032,41.2748],[14.3083,41.2725],[14.3156,41.2667],[14.321,41.2655],[14.3247,41.262]]]},"properties":{"kind":"roman-road","source":"itinere-roads"}},{"type":"Feature","geometry":{"type":"MultiLineString","coordinates":[[[14.2468,41.3437],[14.2511,41.3325],[14.2491,41.3213],[14.2524,41.3034],[14.2543,41.3012],[14.2605,41.2989],[14.2863,41.2814],[14.3032,41.2748]]]},"properties":{"kind":"roman-road","source":"itinere-roads"}},{"type":"Feature","geometry":{"type":"MultiLineString","coordinates":[[[14.1421,41.1999],[14.1566,41.1973],[14.1717,41.1915],[14.1874,41.1829],[14.1971,41.1753],[14.2052,41.1668],[14.2202,41.1632],[14.233,41.163],[14.2396,41.1576],[14.2504,41.138],[14.2595,41.133]]]},"properties":{"kind":"roman-road","source":"itinere-roads"}},{"type":"Feature","geometry":{"type":"MultiLineString","coordinates":[[[12.1712,42.1287],[12.1703,42.1324],[12.1714,42.1376],[12.1619,42.1398],[12.1532,42.1448],[12.1499,42.1495],[12.1469,42.1583],[12.1384,42.1646],[12.1376,42.1881],[12.1352,42.1921],[12.1239,42.2009],[12.118,42.2007],[12.111,42.2025],[12.103,42.2075],[12.1031,42.2109],[12.0984,42.2127],[12.0928,42.2221],[12.0875,42.2249],[12.0883,42.2285],[12.0911,42.2308],[12.0877,42.2353],[12.0747,42.2408],[12.0667,42.2497],[12.0606,42.2495],[12.0602,42.2522],[12.0545,42.2556],[12.0404,42.2571],[12.0338,42.26],[12.0351,42.2624],[12.0291,42.2646],[12.0293,42.2678],[12.0274,42.2691],[12.0282,42.2721],[12.0227,42.2788],[12.0086,42.2869],[12.0022,42.2936],[12.0032,42.3075],[12.0017,42.3106],[11.9934,42.3165],[11.9943,42.3203],[11.9903,42.3239],[11.9641,42.3357],[11.9379,42.3396],[11.9372,42.3464],[11.9326,42.3602],[11.9341,42.363],[11.9276,42.3643],[11.9173,42.3642],[11.9147,42.3631],[11.912,42.3678],[11.9207,42.3799],[11.9112,42.3846],[11.9086,42.3892],[11.9087,42.3934],[11.9056,42.3992],[11.8933,42.3998],[11.8887,42.4019],[11.8823,42.4065],[11.882,42.4094],[11.8777,42.4108],[11.8748,42.4149],[11.8746,42.4177],[11.8712,42.4195],[11.8564,42.4162],[11.841,42.4199],[11.8357,42.4246],[11.8313,42.4245],[11.8215,42.4271],[11.8024,42.4274],[11.7978,42.429],[11.7921,42.4343],[11.7801,42.4395],[11.777,42.4391],[11.7731,42.4409],[11.7608,42.4497],[11.7597,42.4533],[11.7526,42.4601],[11.7516,42.4633],[11.7456,42.4638],[11.7398,42.4625],[11.7362,42.4677],[11.7345,42.475],[11.7293,42.4766],[11.7172,42.4766],[11.704,42.4814],[11.6973,42.4918],[11.6882,42.4986],[11.6785,42.5004],[11.6763,42.5034],[11.672,42.5045],[11.6703,42.509],[11.6655,42.5121],[11.6627,42.5166],[11.6588,42.5308],[11.6549,42.5336],[11.6547,42.5373],[11.6485,42.539],[11.6435,42.5475],[11.6367,42.5522],[11.6356,42.5541],[11.6403,42.5566],[11.6536,42.5695],[11.6558,42.5734],[11.6545,42.5747],[11.6446,42.5739],[11.6371,42.5823],[11.6381,42.5908],[11.6369,42.5924],[11.6265,42.5898],[11.6179,42.5837],[11.6026,42.5821],[11.6029,42.5858],[11.6002,42.5868],[11.602,42.5915],[11.5818,42.6033],[11.5777,42.6031],[11.5701,42.6061],[11.569,42.6076],[11.5745,42.6104],[11.5747,42.614],[11.5676,42.6157],[11.5631,42.6154],[11.5592,42.6189],[11.5558,42.6297],[11.5611,42.6421],[11.553,42.6506],[11.5408,42.6509],[11.5244,42.656],[11.5209,42.6583],[11.5108,42.6599],[11.5073,42.6619],[11.5049,42.6652]]]},"properties":{"kind":"roman-road","source":"itinere-roads"}},{"type":"Feature","geometry":{"type":"MultiLineString","coordinates":[[[11.5049,42.6652],[11.4898,42.6816],[11.4912,42.6903],[11.4885,42.6914],[11.4901,42.6944],[11.4695,42.703],[11.463,42.7075],[11.4601,42.7079],[11.4596,42.7102],[11.4487,42.7231],[11.437,42.7339],[11.4275,42.7374],[11.4217,42.7356],[11.4127,42.7352],[11.4054,42.7307],[11.3814,42.7431],[11.3771,42.7407],[11.3721,42.741],[11.3648,42.7442],[11.3596,42.7449],[11.3565,42.7488],[11.351,42.7499],[11.3383,42.7553],[11.3382,42.7579],[11.3311,42.7643],[11.3249,42.7654],[11.3225,42.7643],[11.3181,42.766],[11.2964,42.7681],[11.2924,42.7673],[11.2908,42.769],[11.2755,42.7726],[11.2739,42.7759],[11.2468,42.7809],[11.2455,42.7839],[11.2155,42.7883],[11.2136,42.7908],[11.2128,42.7965],[11.2071,42.8089],[11.2047,42.8102],[11.1992,42.8097],[11.1899,42.8118],[11.1845,42.8223],[11.1765,42.8216],[11.1706,42.8232],[11.1634,42.8274],[11.1639,42.8309],[11.1615,42.8349],[11.1489,42.8366],[11.1346,42.8345],[11.1287,42.8364],[11.1091,42.8308],[11.0876,42.8292],[11.0864,42.8274]]]},"properties":{"kind":"roman-road","source":"itinere-roads"}},{"type":"Feature","geometry":{"type":"MultiLineString","coordinates":[[[8.9035,44.4948],[8.9035,44.5007],[8.9094,44.5074],[8.9127,44.5085],[8.9145,44.5137],[8.9127,44.5176],[8.9179,44.5197],[8.9132,44.5226],[8.9141,44.5267],[8.9173,44.5305],[8.9234,44.5339],[8.9254,44.5369],[8.9378,44.5417],[8.9396,44.545],[8.937,44.5477],[8.94,44.557],[8.9404,44.5623],[8.9466,44.5697],[8.9391,44.5807],[8.9375,44.5908],[8.9416,44.5967],[8.9471,44.5953],[8.9531,44.5955],[8.9536,44.5988],[8.9486,44.6035],[8.9555,44.6077],[8.9567,44.6105],[8.9458,44.6156],[8.9443,44.6178],[8.9457,44.6204],[8.9506,44.6228],[8.9422,44.6282],[8.941,44.6302],[8.946,44.6347],[8.9494,44.635],[8.9567,44.6452],[8.9567,44.6485],[8.9493,44.6501],[8.9454,44.6541],[8.9469,44.6606],[8.94,44.663],[8.9301,44.6642],[8.929,44.6599],[8.9271,44.6586],[8.9212,44.658],[8.917,44.661],[8.9129,44.6615],[8.9097,44.66],[8.8974,44.6681],[8.8942,44.6848],[8.8863,44.6923],[8.8712,44.7003],[8.8652,44.7059]]]},"properties":{"kind":"roman-road","source":"itinere-roads"}},{"type":"Feature","geometry":{"type":"MultiLineString","coordinates":[[[10.3281,44.8014],[10.2246,44.7526],[10.2136,44.7512],[10.1923,44.7404],[10.1792,44.7267],[10.1437,44.7127],[10.1397,44.7095],[10.1226,44.7011],[10.1137,44.7001],[10.1124,44.6963],[10.0975,44.6894],[10.0943,44.6794],[10.0979,44.6725],[10.0929,44.6689],[10.0932,44.6626],[10.0895,44.6583],[10.0841,44.6549],[10.0808,44.6492],[10.0821,44.6479],[10.0773,44.6436],[10.0791,44.6404],[10.0787,44.6351],[10.0807,44.6285],[10.0776,44.6211],[10.0675,44.6176],[10.066,44.6154],[10.0692,44.6139],[10.0726,44.6047],[10.0708,44.6023],[10.0696,44.5969],[10.0629,44.5957],[10.0554,44.5925],[10.053,44.5895],[10.0496,44.589],[10.0472,44.5863],[10.0372,44.5878],[10.0346,44.5867],[10.0337,44.5827],[10.0309,44.5818],[10.0294,44.579],[10.0224,44.5727],[10.0141,44.5602],[10.0109,44.5594],[10.0039,44.5545],[10.0061,44.5496],[10.0044,44.5389],[9.9987,44.5376],[9.9981,44.5318],[9.9945,44.5269],[9.9958,44.5242],[9.9941,44.5209],[9.9936,44.5145],[9.9878,44.509],[9.9863,44.505],[9.9833,44.5025],[9.9753,44.4996],[9.9715,44.4937],[9.9646,44.4917],[9.9662,44.4881],[9.9586,44.4844],[9.9531,44.4851],[9.9485,44.4818],[9.95,44.4779],[9.9463,44.4746],[9.9417,44.4743],[9.939,44.4723],[9.9344,44.4714],[9.9317,44.4724],[9.9244,44.4717],[9.9206,44.4677],[9.9196,44.4626],[9.9209,44.4591],[9.9178,44.4539],[9.9205,44.4504],[9.9196,44.4464],[9.9167,44.4444],[9.9133,44.4461],[9.9107,44.4424],[9.9107,44.4344],[9.908,44.4314],[9.9078,44.4262],[9.9041,44.424],[9.9049,44.4208],[9.9019,44.4155],[9.8879,44.4086],[9.8887,44.4019],[9.8815,44.3935],[9.8843,44.3899],[9.8824,44.3779],[9.886,44.3742],[9.8866,44.3718],[9.885,44.3649],[9.8871,44.3636],[9.893,44.3645],[9.8959,44.3634],[9.9022,44.358],[9.9082,44.3484],[9.9113,44.3466],[9.9126,44.3395],[9.9388,44.3273],[9.9461,44.3117],[9.9466,44.3065],[9.9517,44.2906],[9.9479,44.2892],[9.9547,44.2742],[9.9524,44.2687],[9.9545,44.256],[9.9527,44.2515],[9.9585,44.2462],[9.9602,44.2309],[9.9688,44.2294],[9.9735,44.2255],[9.9759,44.2214],[9.9777,44.2134],[9.9767,44.2085],[9.9709,44.2081],[9.9687,44.2066],[9.9639,44.2068],[9.9582,44.2016],[9.9511,44.2001],[9.9475,44.1974],[9.9422,44.1968],[9.9389,44.189],[9.9324,44.1862],[9.9257,44.1853],[9.9287,44.1751],[9.9206,44.1674],[9.9148,44.1638],[9.9142,44.1617],[9.9081,44.1579]]]},"properties":{"kind":"roman-road","source":"itinere-roads"}},{"type":"Feature","geometry":{"type":"MultiLineString","coordinates":[[[11.5919,44.4009],[11.581,44.3864],[11.5766,44.3697],[11.5734,44.3661],[11.5731,44.3634],[11.5677,44.3605],[11.5671,44.3579],[11.5603,44.3519],[11.5568,44.3469],[11.5428,44.3383],[11.5354,44.3314],[11.5287,44.3316],[11.5197,44.3252],[11.518,44.3222],[11.5123,44.3218],[11.5097,44.3199],[11.4945,44.3169],[11.483,44.3171],[11.4723,44.3145],[11.4634,44.3089],[11.4566,44.3083],[11.4513,44.3059],[11.4446,44.2979],[11.4332,44.2963],[11.4275,44.2942]]]},"properties":{"kind":"roman-road","source":"itinere-roads"}},{"type":"Feature","geometry":{"type":"MultiLineString","coordinates":[[[11.2755,43.8074],[11.2943,43.8184],[11.3013,43.8261],[11.3165,43.8375],[11.3178,43.84],[11.3245,43.8457],[11.3244,43.848],[11.3366,43.8581],[11.344,43.8682],[11.3432,43.8751],[11.3446,43.879],[11.3493,43.8826],[11.3567,43.8946],[11.3563,43.9049],[11.3536,43.9062],[11.3533,43.9193],[11.3507,43.9204],[11.3492,43.924],[11.3514,43.9265],[11.349,43.9352],[11.3453,43.936],[11.3467,43.9397],[11.3552,43.9406],[11.3609,43.9449],[11.3616,43.9468],[11.3725,43.9507],[11.3761,43.9573],[11.3858,43.958]]]},"properties":{"kind":"roman-road","source":"itinere-roads"}},{"type":"Feature","geometry":{"type":"MultiLineString","coordinates":[[[11.3858,43.958],[11.3908,43.958],[11.3965,43.962],[11.3973,43.9659],[11.4047,43.9735],[11.4079,43.9841],[11.4204,43.9936],[11.4218,43.9968],[11.426,43.997],[11.429,44.0032],[11.4383,44.0119],[11.4472,44.016],[11.4471,44.0182],[11.4503,44.0211],[11.4524,44.0205],[11.455,44.0249],[11.4705,44.0328],[11.473,44.036],[11.4833,44.0373],[11.4841,44.0389],[11.5042,44.0372],[11.5059,44.035],[11.5163,44.0375],[11.5271,44.0327],[11.5306,44.0327],[11.5319,44.0346],[11.5419,44.0347],[11.5476,44.0371],[11.5487,44.0533],[11.5512,44.0538],[11.5552,44.0588],[11.5596,44.0613],[11.5901,44.0616],[11.5918,44.0632],[11.5999,44.0649],[11.6066,44.0717],[11.6133,44.0758],[11.6139,44.0778],[11.6223,44.0828],[11.6251,44.0868],[11.6333,44.0901],[11.6393,44.0974],[11.6619,44.1086],[11.6777,44.1224],[11.6812,44.13],[11.6803,44.1331],[11.682,44.1343],[11.6851,44.1433],[11.6893,44.1502],[11.6858,44.1536],[11.6843,44.1581],[11.6854,44.1603],[11.6841,44.1662],[11.687,44.1701],[11.6925,44.1723],[11.6938,44.1786],[11.698,44.1811],[11.702,44.1869],[11.7089,44.1901],[11.7172,44.1965],[11.7289,44.2013],[11.7295,44.2031],[11.7339,44.2053],[11.7398,44.2053],[11.7463,44.2079],[11.7537,44.2161],[11.7881,44.2277],[11.8096,44.2463],[11.8261,44.2579],[11.8505,44.2725],[11.852,44.2775],[11.8787,44.283],[11.8833,44.2857]]]},"properties":{"kind":"roman-road","source":"itinere-roads"}},{"type":"Feature","geometry":{"type":"MultiLineString","coordinates":[[[11.3858,43.958],[11.3851,43.9667],[11.3702,43.9713],[11.3613,43.9786],[11.3647,43.9837],[11.3634,43.9931],[11.3685,44.0047],[11.3712,44.0149],[11.37,44.0257],[11.3666,44.0287],[11.3808,44.037],[11.3816,44.0401],[11.3872,44.0445],[11.3896,44.0507],[11.3929,44.0521],[11.4019,44.0603],[11.403,44.0644],[11.4007,44.073],[11.4012,44.0778],[11.3979,44.0845],[11.3907,44.0881],[11.383,44.0972],[11.3806,44.0982],[11.378,44.1026],[11.3809,44.1143],[11.3792,44.1202],[11.3818,44.1249],[11.3869,44.1295],[11.384,44.1311],[11.3831,44.1361],[11.3805,44.1388],[11.3813,44.1404],[11.3773,44.1446],[11.3811,44.1533],[11.3809,44.1587],[11.3833,44.1662],[11.3865,44.17],[11.3895,44.1715],[11.388,44.1736],[11.3909,44.1769],[11.3937,44.1776],[11.3955,44.1816],[11.3943,44.1906],[11.3866,44.1944],[11.3841,44.1989],[11.3864,44.1998],[11.3892,44.2045],[11.3878,44.2055]]]},"properties":{"kind":"roman-road","source":"itinere-roads"}},{"type":"Feature","geometry":{"type":"MultiLineString","coordinates":[[[11.2078,43.7926],[11.1858,43.8039],[11.183,43.804],[11.1691,43.81],[11.1575,43.8122],[11.1516,43.8158],[11.1454,43.8175],[11.1087,43.8337],[11.1066,43.8362],[11.0788,43.8495],[11.0371,43.8646],[11.018,43.8698],[11.0045,43.8757],[10.9783,43.8832],[10.9711,43.8873],[10.9621,43.8904],[10.9184,43.9288],[10.9187,43.932],[10.9168,43.9336]]]},"properties":{"kind":"roman-road","source":"itinere-roads"}},{"type":"Feature","geometry":{"type":"MultiLineString","coordinates":[[[10.5411,43.0956],[10.5417,43.1035],[10.5407,43.1064],[10.5538,43.1431],[10.5626,43.1598],[10.5674,43.1774],[10.5613,43.2227],[10.5549,43.2373],[10.5401,43.2786]]]},"properties":{"kind":"roman-road","source":"itinere-roads"}},{"type":"Feature","geometry":{"type":"MultiLineString","coordinates":[[[10.4899,43.4002],[10.489,43.4057],[10.4913,43.4073],[10.4893,43.4115],[10.4819,43.4182],[10.4826,43.4308],[10.4803,43.4352],[10.4831,43.4384],[10.4795,43.4435],[10.4754,43.4552],[10.471,43.4572],[10.4667,43.464],[10.4686,43.4674],[10.4686,43.4722],[10.465,43.4901],[10.4673,43.4951],[10.4645,43.501],[10.465,43.5055],[10.4607,43.5165],[10.4613,43.5204],[10.4583,43.5284],[10.4657,43.5434],[10.4773,43.5534],[10.4781,43.5584],[10.4772,43.5619],[10.4687,43.5755],[10.4675,43.5843],[10.4707,43.5889],[10.4734,43.5993],[10.4752,43.6016],[10.473,43.61],[10.4698,43.6175],[10.4648,43.6199],[10.4558,43.6332],[10.4245,43.6842],[10.4207,43.6859],[10.4142,43.6915],[10.4138,43.6976],[10.4096,43.6987],[10.3998,43.7057]]]},"properties":{"kind":"roman-road","source":"itinere-roads"}},{"type":"Feature","geometry":{"type":"MultiLineString","coordinates":[[[10.5401,43.2786],[10.5309,43.2857],[10.5177,43.3109],[10.5077,43.3267],[10.4622,43.3491],[10.4603,43.3531],[10.464,43.3737],[10.471,43.3807],[10.4688,43.3852],[10.4701,43.3904],[10.4684,43.3934],[10.4686,43.3984],[10.4718,43.4011],[10.4899,43.4002]]]},"properties":{"kind":"roman-road","source":"itinere-roads"}},{"type":"Feature","geometry":{"type":"MultiLineString","coordinates":[[[10.3998,43.7057],[10.4,43.7086]]]},"properties":{"kind":"roman-road","source":"itinere-roads"}},{"type":"Feature","geometry":{"type":"MultiLineString","coordinates":[[[10.4,43.7086],[10.4004,43.7183]]]},"properties":{"kind":"roman-road","source":"itinere-roads"}},{"type":"Feature","geometry":{"type":"MultiLineString","coordinates":[[[10.5401,43.2786],[10.5473,43.3015],[10.5457,43.3047],[10.5375,43.3117],[10.5147,43.3511],[10.5128,43.3569],[10.5064,43.363],[10.5037,43.3718],[10.4956,43.3796],[10.4939,43.3828],[10.4948,43.3931],[10.4931,43.3973],[10.4899,43.4002]]]},"properties":{"kind":"roman-road","source":"itinere-roads"}},{"type":"Feature","geometry":{"type":"MultiLineString","coordinates":[[[12.8436,45.7567],[12.8251,45.7611],[12.7883,45.7539],[12.7843,45.7502],[12.7696,45.7467],[12.7586,45.7469],[12.7484,45.744],[12.7066,45.7271],[12.6752,45.7027],[12.666,45.6867],[12.6638,45.6856],[12.6372,45.6842],[12.6346,45.6829],[12.6295,45.6778],[12.6189,45.6475],[12.6107,45.6386],[12.5969,45.633],[12.588,45.6309],[12.5663,45.6303],[12.5634,45.6279],[12.5619,45.6236],[12.5211,45.611],[12.4867,45.5949],[12.4598,45.5877],[12.4565,45.5827],[12.4454,45.5752],[12.4378,45.5665],[12.4248,45.5631],[12.4204,45.5602],[12.4075,45.5586],[12.3999,45.5483],[12.3964,45.5456]]]},"properties":{"kind":"roman-road","source":"itinere-roads"}},{"type":"Feature","geometry":{"type":"MultiLineString","coordinates":[[[12.3964,45.5456],[12.388,45.5472]]]},"properties":{"kind":"roman-road","source":"itinere-roads"}},{"type":"Feature","geometry":{"type":"MultiLineString","coordinates":[[[12.388,45.5472],[12.3877,45.5518],[12.3736,45.5797],[12.3703,45.5807],[12.3721,45.5833],[12.3648,45.5949],[12.326,45.6688],[12.3191,45.6841],[12.3124,45.6908],[12.2937,45.7213],[12.288,45.7395]]]},"properties":{"kind":"roman-road","source":"itinere-roads"}},{"type":"Feature","geometry":{"type":"MultiLineString","coordinates":[[[14.6407,41.4166],[14.6546,41.4012],[14.6603,41.3913]]]},"properties":{"kind":"roman-road","source":"itinere-roads"}},{"type":"Feature","geometry":{"type":"MultiLineString","coordinates":[[[14.7115,41.2946],[14.7129,41.2844],[14.7239,41.2709],[14.7321,41.2562],[14.7488,41.2427],[14.7554,41.2308],[14.7432,41.2212],[14.7368,41.2056],[14.7368,41.194]]]},"properties":{"kind":"roman-road","source":"itinere-roads"}},{"type":"Feature","geometry":{"type":"MultiLineString","coordinates":[[[14.6814,41.3433],[14.6825,41.3392],[14.7108,41.2994],[14.7115,41.2946]]]},"properties":{"kind":"roman-road","source":"itinere-roads"}},{"type":"Feature","geometry":{"type":"MultiLineString","coordinates":[[[14.6603,41.3913],[14.6738,41.3676],[14.6814,41.3433]]]},"properties":{"kind":"roman-road","source":"itinere-roads"}},{"type":"Feature","geometry":{"type":"MultiLineString","coordinates":[[[14.2731,41.1533],[14.2739,41.142],[14.2691,41.1401],[14.2699,41.1359],[14.2658,41.1329],[14.2595,41.133]]]},"properties":{"kind":"roman-road","source":"itinere-roads"}},{"type":"Feature","geometry":{"type":"MultiLineString","coordinates":[[[14.296,41.1302],[14.3048,41.1254],[14.3252,41.1273],[14.3517,41.1201],[14.3594,41.1158],[14.3666,41.1205],[14.3722,41.1282],[14.3838,41.1365],[14.3925,41.1406]]]},"properties":{"kind":"roman-road","source":"itinere-roads"}},{"type":"Feature","geometry":{"type":"MultiLineString","coordinates":[[[14.3925,41.1406],[14.3977,41.1431],[14.4019,41.1495],[14.4109,41.1448],[14.4216,41.1422],[14.4251,41.1426],[14.4298,41.147],[14.4311,41.152],[14.438,41.1567],[14.4564,41.161],[14.4582,41.1681],[14.4537,41.1752],[14.4542,41.183],[14.4562,41.1869],[14.451,41.1924],[14.4638,41.197]]]},"properties":{"kind":"roman-road","source":"itinere-roads"}},{"type":"Feature","geometry":{"type":"MultiLineString","coordinates":[[[10.3684,43.6598],[10.3875,43.6949],[10.3949,43.6992],[10.3998,43.7057]]]},"properties":{"kind":"roman-road","source":"itinere-roads"}},{"type":"Feature","geometry":{"type":"MultiLineString","coordinates":[[[11.8762,45.4034],[11.8795,45.4169],[11.8787,45.4199]]]},"properties":{"kind":"roman-road","source":"itinere-roads"}},{"type":"Feature","geometry":{"type":"MultiLineString","coordinates":[[[11.9456,45.6907],[11.9251,45.7591],[11.9214,45.7858],[11.9197,45.7895]]]},"properties":{"kind":"roman-road","source":"itinere-roads"}},{"type":"Feature","geometry":{"type":"MultiLineString","coordinates":[[[11.8787,45.4199],[11.8836,45.4228],[11.8931,45.4388],[11.897,45.4505],[11.897,45.4575],[11.8938,45.4652],[11.9171,45.53],[11.9238,45.5467],[11.9288,45.5543],[11.9289,45.5598],[11.9333,45.5724],[11.9449,45.5896],[11.9443,45.5951],[11.9461,45.5989],[11.9465,45.614],[11.9563,45.6288],[11.955,45.6357],[11.9504,45.6462],[11.9511,45.655],[11.9491,45.6649],[11.95,45.6728],[11.9456,45.6907]]]},"properties":{"kind":"roman-road","source":"itinere-roads"}},{"type":"Feature","geometry":{"type":"MultiLineString","coordinates":[[[11.9197,45.7895],[11.9184,45.7975]]]},"properties":{"kind":"roman-road","source":"itinere-roads"}},{"type":"Feature","geometry":{"type":"MultiLineString","coordinates":[[[11.8792,45.4275],[11.875,45.4278],[11.8673,45.4377],[11.8479,45.4393],[11.8332,45.4448],[11.8296,45.449],[11.7871,45.511],[11.7823,45.5245],[11.7657,45.555],[11.762,45.5656],[11.7626,45.5696],[11.757,45.5761],[11.7561,45.5786],[11.7577,45.5862],[11.7541,45.5983],[11.7496,45.6031],[11.7489,45.6074],[11.7394,45.6171],[11.7404,45.621],[11.7377,45.6239],[11.7361,45.6293],[11.7242,45.6341],[11.7207,45.6376],[11.7141,45.641],[11.714,45.6517],[11.7085,45.6551]]]},"properties":{"kind":"roman-road","source":"itinere-roads"}},{"type":"Feature","geometry":{"type":"MultiLineString","coordinates":[[[11.7085,45.6551],[11.7003,45.6593],[11.6919,45.6616],[11.6875,45.6656],[11.6856,45.6709],[11.6859,45.6789],[11.6836,45.6842],[11.684,45.6902],[11.6812,45.6947],[11.6815,45.6982],[11.6794,45.7043],[11.6801,45.7076],[11.678,45.7137],[11.6789,45.7197],[11.6778,45.7236]]]},"properties":{"kind":"roman-road","source":"itinere-roads"}},{"type":"Feature","geometry":{"type":"MultiLineString","coordinates":[[[11.6778,45.7236],[11.69,45.7376],[11.6888,45.7414],[11.6952,45.7474],[11.6999,45.7488],[11.7018,45.7509],[11.7048,45.7588],[11.7174,45.7644],[11.7268,45.7657],[11.7322,45.7638],[11.7423,45.7626]]]},"properties":{"kind":"roman-road","source":"itinere-roads"}},{"type":"Feature","geometry":{"type":"MultiLineString","coordinates":[[[12.288,45.7395],[12.2888,45.7413],[12.2877,45.749],[12.2777,45.7651],[12.2583,45.7862],[12.2502,45.8115]]]},"properties":{"kind":"roman-road","source":"itinere-roads"}},{"type":"Feature","geometry":{"type":"MultiLineString","coordinates":[[[12.2502,45.8115],[12.2548,45.8172]]]},"properties":{"kind":"roman-road","source":"itinere-roads"}},{"type":"Feature","geometry":{"type":"MultiLineString","coordinates":[[[11.1341,45.0659],[11.1373,45.083],[11.132,45.0925],[11.108,45.126],[11.086,45.1642],[11.0778,45.1751],[11.0623,45.185],[11.0519,45.1941],[11.0189,45.2463],[11.0167,45.2522],[11.0079,45.298],[11.0042,45.3087],[11.0013,45.3386],[10.9986,45.3418],[10.9927,45.3629],[10.9905,45.3664],[10.9904,45.3702],[10.9952,45.3825],[10.9887,45.4126],[10.9843,45.4233],[10.9914,45.438],[10.9932,45.4388]]]},"properties":{"kind":"roman-road","source":"itinere-roads"}},{"type":"Feature","geometry":{"type":"MultiLineString","coordinates":[[[10.9932,45.4388],[10.9931,45.442],[10.9903,45.4434],[10.9837,45.4545],[10.954,45.4691],[10.948,45.4764],[10.9286,45.4834],[10.9144,45.4824],[10.9004,45.4837],[10.8885,45.49],[10.8709,45.4967],[10.8628,45.4985],[10.8447,45.5059],[10.8305,45.5087],[10.8193,45.5189],[10.8186,45.5356],[10.8227,45.5426],[10.8233,45.5478],[10.8316,45.5563],[10.8312,45.559],[10.8261,45.5634],[10.8264,45.5755],[10.8444,45.585],[10.8506,45.5943],[10.8504,45.5997],[10.8648,45.6187],[10.8779,45.6298],[10.881,45.6348],[10.8887,45.6399],[10.8958,45.6467],[10.8982,45.6502],[10.9034,45.6664],[10.9016,45.6709],[10.9067,45.6826],[10.9184,45.6889],[10.9255,45.6944],[10.9313,45.706],[10.9365,45.7131],[10.9406,45.724],[10.947,45.7301],[10.9838,45.7443],[10.9997,45.7636],[11.0116,45.772],[11.0169,45.7837],[11.0199,45.7875],[11.0217,45.7946],[11.0113,45.8175],[11.0041,45.8272],[11.0029,45.8618],[11.0056,45.865],[11.0301,45.8795],[11.0319,45.8821]]]},"properties":{"kind":"roman-road","source":"itinere-roads"}},{"type":"Feature","geometry":{"type":"MultiLineString","coordinates":[[[11.1175,46.0702],[11.1213,46.0759],[11.1217,46.0787],[11.0853,46.1233],[11.0827,46.1304],[11.0856,46.1374],[11.1117,46.1645],[11.1247,46.1855],[11.1323,46.1938],[11.137,46.2013],[11.1425,46.2057],[11.1488,46.2059],[11.1516,46.2091],[11.1541,46.2203],[11.1603,46.2248],[11.1699,46.2266],[11.1857,46.2373],[11.194,46.2381],[11.2039,46.2366],[11.2158,46.2494],[11.2326,46.2603],[11.2389,46.2706],[11.2384,46.2799],[11.2414,46.288],[11.2448,46.2915],[11.2674,46.3054],[11.2722,46.3097],[11.2738,46.3197],[11.2813,46.3277],[11.2821,46.334],[11.2857,46.341],[11.2911,46.3439],[11.299,46.3518],[11.2973,46.3614],[11.3134,46.3955],[11.3311,46.4627],[11.3411,46.4837]]]},"properties":{"kind":"roman-road","source":"itinere-roads"}},{"type":"Feature","geometry":{"type":"MultiLineString","coordinates":[[[11.0319,45.8821],[11.0367,45.9085],[11.0426,45.9151],[11.0476,45.9178],[11.0823,45.927],[11.0914,45.9346]]]},"properties":{"kind":"roman-road","source":"itinere-roads"}},{"type":"Feature","geometry":{"type":"MultiLineString","coordinates":[[[10.9932,45.4388],[10.9966,45.4361],[11.0091,45.4337],[11.0281,45.4367],[11.0375,45.4352],[11.0524,45.426],[11.1158,45.4184]]]},"properties":{"kind":"roman-road","source":"itinere-roads"}},{"type":"Feature","geometry":{"type":"MultiLineString","coordinates":[[[11.1158,45.4184],[11.1317,45.4219],[11.1726,45.4192],[11.1944,45.4148],[11.2583,45.4088],[11.2714,45.4092],[11.3159,45.4194],[11.3685,45.441],[11.3861,45.4575],[11.3918,45.4583],[11.404,45.4631],[11.4094,45.472],[11.4434,45.5078],[11.4489,45.5112],[11.4927,45.5252],[11.5082,45.5346],[11.5346,45.5453],[11.5414,45.5462],[11.5508,45.5502]]]},"properties":{"kind":"roman-road","source":"itinere-roads"}},{"type":"Feature","geometry":{"type":"MultiLineString","coordinates":[[[11.9057,46.0166],[11.8415,46.0031],[11.8371,46.0045],[11.8301,46.0097],[11.8205,46.0109],[11.7934,46.0192],[11.7666,46.0245],[11.7622,46.0311],[11.7569,46.0316],[11.7544,46.0358],[11.7359,46.037],[11.7321,46.0394],[11.7305,46.0384],[11.7138,46.0433],[11.7083,46.0435],[11.6999,46.0497],[11.6998,46.0514],[11.6928,46.0583],[11.6774,46.0611],[11.6752,46.0625],[11.6679,46.062],[11.6562,46.0642],[11.6521,46.0671],[11.6463,46.0683],[11.6402,46.0675],[11.6324,46.0644],[11.6278,46.0647],[11.6272,46.0681],[11.6198,46.0709],[11.6177,46.0658],[11.6131,46.0676],[11.6027,46.0685],[11.5914,46.0712],[11.5892,46.0759],[11.5689,46.0825],[11.5528,46.0802],[11.5512,46.0839],[11.5398,46.0782],[11.5339,46.0784],[11.5261,46.0822],[11.5184,46.0821],[11.5163,46.0785],[11.5068,46.077],[11.5015,46.0733],[11.4929,46.07],[11.4833,46.0704],[11.4797,46.0648],[11.4758,46.0644],[11.4743,46.0619],[11.4669,46.0568],[11.4367,46.0494],[11.4296,46.0466]]]},"properties":{"kind":"roman-road","source":"itinere-roads"}},{"type":"Feature","geometry":{"type":"MultiLineString","coordinates":[[[11.4296,46.0466],[11.4129,46.0401],[11.4009,46.0382],[11.3873,46.0291],[11.3768,46.0286],[11.3693,46.0217],[11.3397,46.0168],[11.3188,46.0079],[11.3054,46.0097],[11.2931,46.0162],[11.2823,46.0166],[11.2762,46.0193],[11.2745,46.0227],[11.2687,46.0272],[11.2692,46.0295],[11.2662,46.0333],[11.2603,46.0353],[11.2564,46.035],[11.2543,46.0412],[11.2561,46.0424],[11.2546,46.0481],[11.2496,46.0526],[11.2394,46.0543],[11.2373,46.0565],[11.2372,46.0612],[11.2317,46.0635],[11.2234,46.0699],[11.2181,46.0706],[11.1974,46.0816],[11.1735,46.0836],[11.1683,46.0818],[11.1608,46.0817],[11.1479,46.076],[11.1372,46.0751],[11.1266,46.0706],[11.1175,46.0702]]]},"properties":{"kind":"roman-road","source":"itinere-roads"}},{"type":"Feature","geometry":{"type":"MultiLineString","coordinates":[[[10.2854,45.5144],[10.2414,45.533],[10.2253,45.5372]]]},"properties":{"kind":"roman-road","source":"itinere-roads"}},{"type":"Feature","geometry":{"type":"MultiLineString","coordinates":[[[10.9882,45.4394],[10.973,45.4469],[10.8477,45.446],[10.8348,45.4456],[10.8023,45.44],[10.7905,45.4405],[10.7856,45.4394],[10.7721,45.4407],[10.7635,45.4385],[10.7324,45.4376],[10.7137,45.4421],[10.7084,45.4418],[10.6996,45.4362],[10.6937,45.435],[10.6701,45.4424],[10.6519,45.4409],[10.6438,45.4439],[10.5708,45.4449],[10.5466,45.4495],[10.5138,45.4584],[10.4857,45.4743],[10.4672,45.4743],[10.4559,45.4718],[10.419,45.4815],[10.4062,45.48],[10.4018,45.4806],[10.3839,45.4853],[10.331,45.4949],[10.2854,45.5144]]]},"properties":{"kind":"roman-road","source":"itinere-roads"}},{"type":"Feature","geometry":{"type":"MultiLineString","coordinates":[[[10.9932,45.4388],[10.9882,45.4394]]]},"properties":{"kind":"roman-road","source":"itinere-roads"}},{"type":"Feature","geometry":{"type":"MultiLineString","coordinates":[[[8.2197,44.0448],[8.21,44.0489],[8.2058,44.052],[8.1879,44.0545],[8.163,44.0731],[8.1567,44.0763],[8.1553,44.0814],[8.1508,44.0862],[8.1432,44.0897],[8.1297,44.0919],[8.1204,44.0895],[8.1108,44.0917],[8.1076,44.0935],[8.1044,44.0987],[8.0978,44.1032],[8.0924,44.1054],[8.0782,44.1081],[8.0739,44.1102],[8.0602,44.1115],[8.0547,44.1112],[8.051,44.1096],[8.0377,44.1098],[8.0251,44.1161],[8.0187,44.1147],[8.0155,44.1153],[8.0128,44.1214],[8.0089,44.1259],[8.0106,44.1278],[8.0076,44.1328],[8.0032,44.1345],[7.999,44.1382],[7.998,44.1424],[7.9951,44.1444],[7.9965,44.1488],[8.0001,44.1512],[7.9882,44.1551],[7.988,44.1568],[7.9986,44.1605],[7.9977,44.1636],[8.0014,44.1684],[8.0023,44.1761],[8.001,44.1842],[8.005,44.1846],[8.0221,44.2025],[8.0185,44.2106],[8.0204,44.215],[8.0232,44.2359],[8.0261,44.2415],[8.0259,44.2446],[8.0278,44.2486],[8.0256,44.2523],[8.0268,44.2564],[8.0237,44.2596],[8.0311,44.2738],[8.0351,44.278],[8.0361,44.2856],[8.0387,44.2902],[8.046,44.2943],[8.0443,44.3019],[8.0525,44.3264],[8.0644,44.3415],[8.0642,44.3504],[8.0613,44.3619],[8.0557,44.3676],[8.0448,44.3692],[8.0422,44.3738]]]},"properties":{"kind":"roman-road","source":"itinere-roads"}},{"type":"Feature","geometry":{"type":"MultiLineString","coordinates":[[[8.0422,44.3738],[8.068,44.3758],[8.0743,44.3745],[8.0806,44.3766],[8.0913,44.3764],[8.1117,44.3838],[8.118,44.3849],[8.1254,44.3836],[8.1312,44.3785],[8.1526,44.3726],[8.1615,44.376],[8.1767,44.386],[8.1798,44.3863],[8.2172,44.3794],[8.2347,44.379],[8.2398,44.3798],[8.2444,44.3823],[8.2497,44.3878],[8.2575,44.392],[8.271,44.3963],[8.2759,44.4005]]]},"properties":{"kind":"roman-road","source":"itinere-roads"}},{"type":"Feature","geometry":{"type":"MultiLineString","coordinates":[[[8.2005,44.8994],[8.1966,44.8985],[8.1856,44.906],[8.1767,44.9043],[8.1662,44.9054],[8.1354,44.9017],[8.1117,44.9003],[8.0984,44.9044],[8.0757,44.9008],[8.0666,44.9007],[8.0608,44.9014],[8.0255,44.9192],[8.0171,44.9212],[7.9874,44.9239],[7.9795,44.9233],[7.9688,44.9258],[7.9457,44.9385],[7.9368,44.9448],[7.9281,44.9463],[7.9062,44.9641],[7.8838,44.975],[7.8764,44.9867],[7.8274,45.0088],[7.8235,45.0137],[7.8193,45.0149],[7.7914,45.0321],[7.7882,45.0365],[7.7819,45.0402],[7.7756,45.0405],[7.7604,45.0446],[7.756,45.0486],[7.7356,45.0497],[7.7054,45.0535],[7.6881,45.0594]]]},"properties":{"kind":"roman-road","source":"itinere-roads"}},{"type":"Feature","geometry":{"type":"MultiLineString","coordinates":[[[8.2005,44.8994],[8.2238,44.9055],[8.284,44.9074],[8.3063,44.8882],[8.3138,44.8793],[8.3186,44.8774],[8.3354,44.8792],[8.4058,44.8981],[8.4361,44.901],[8.4543,44.9007],[8.4777,44.9051],[8.4906,44.9057],[8.5167,44.9109],[8.5378,44.9064],[8.5609,44.9077],[8.5959,44.9046],[8.6013,44.9016],[8.6311,44.8908],[8.6561,44.8896],[8.6782,44.8845],[8.6967,44.8839],[8.8035,44.895],[8.8511,44.8959],[8.8623,44.8951]]]},"properties":{"kind":"roman-road","source":"itinere-roads"}},{"type":"Feature","geometry":{"type":"MultiLineString","coordinates":[[[9.2207,45.0445],[9.2397,45.0511],[9.2524,45.0598],[9.2618,45.0623],[9.271,45.0733],[9.2802,45.0769],[9.2929,45.0754],[9.3073,45.0756],[9.3209,45.0711],[9.3296,45.0697],[9.3457,45.0691],[9.4392,45.0587],[9.4539,45.0536],[9.4615,45.0526],[9.4969,45.0612],[9.5069,45.0618],[9.5282,45.0601],[9.5416,45.0608],[9.6146,45.0586],[9.6284,45.0558],[9.6408,45.0556],[9.6658,45.0578],[9.6812,45.0568],[9.6931,45.0528]]]},"properties":{"kind":"roman-road","source":"itinere-roads"}},{"type":"Feature","geometry":{"type":"MultiLineString","coordinates":[[[8.4671,44.6763],[8.4719,44.6755],[8.483,44.6816],[8.4939,44.68],[8.5141,44.6847],[8.5195,44.6888],[8.5238,44.7007],[8.5262,44.702],[8.532,44.7202],[8.5385,44.7308],[8.5585,44.7441],[8.5959,44.7735],[8.6761,44.797],[8.6964,44.8045],[8.8243,44.8634],[8.8633,44.8952]]]},"properties":{"kind":"roman-road","source":"itinere-roads"}},{"type":"Feature","geometry":{"type":"MultiLineString","coordinates":[[[8.4803,44.3196],[8.475,44.3223],[8.4471,44.3304],[8.3781,44.3382],[8.2946,44.3751],[8.2878,44.3791],[8.2867,44.3838],[8.2822,44.3872],[8.2809,44.39],[8.2824,44.394],[8.2812,44.3986],[8.2759,44.4005]]]},"properties":{"kind":"roman-road","source":"itinere-roads"}},{"type":"Feature","geometry":{"type":"MultiLineString","coordinates":[[[8.2005,44.8994],[8.2085,44.8938],[8.2114,44.8874],[8.2133,44.8788],[8.2091,44.8717],[8.209,44.8667],[8.1858,44.8387],[8.1723,44.8299],[8.1491,44.812],[8.1317,44.8008],[8.1312,44.7991],[8.109,44.789],[8.0735,44.7596],[8.0421,44.7239],[8.0364,44.7098],[8.0346,44.6998]]]},"properties":{"kind":"roman-road","source":"itinere-roads"}},{"type":"Feature","geometry":{"type":"MultiLineString","coordinates":[[[8.6857,45.1503],[8.6657,45.1521],[8.6534,45.1587],[8.6505,45.1621],[8.6427,45.1657],[8.628,45.168],[8.6087,45.1687],[8.6028,45.1705],[8.5977,45.1739],[8.5913,45.1747],[8.5644,45.1752],[8.5281,45.1644],[8.4689,45.1609],[8.4576,45.1585],[8.4326,45.1595],[8.419,45.1627],[8.3666,45.1653],[8.3431,45.1717],[8.3173,45.1849],[8.3105,45.1865],[8.296,45.1873]]]},"properties":{"kind":"roman-road","source":"itinere-roads"}},{"type":"Feature","geometry":{"type":"MultiLineString","coordinates":[[[8.296,45.1873],[8.2503,45.1903],[8.2307,45.1862],[8.2215,45.1886],[8.1838,45.1901],[8.119,45.1894],[8.0905,45.1938],[8.0423,45.1925],[8.0329,45.1896],[8.0265,45.1895],[7.9705,45.1929],[7.957,45.1999],[7.936,45.2021],[7.9276,45.2013],[7.8992,45.1942],[7.8906,45.1937]]]},"properties":{"kind":"roman-road","source":"itinere-roads"}},{"type":"Feature","geometry":{"type":"MultiLineString","coordinates":[[[9.6931,45.0528],[9.7084,45.0514],[9.7182,45.0522],[9.7405,45.0494],[9.761,45.0507],[9.7854,45.0497],[9.8244,45.0458],[9.8453,45.046],[9.8806,45.055],[9.8873,45.0668],[9.9046,45.076],[9.9083,45.0816],[9.9308,45.0893],[9.9663,45.0925],[9.9767,45.0967],[9.9833,45.0971],[9.9878,45.103],[9.9931,45.1074],[9.9946,45.1123],[9.9894,45.1222],[9.995,45.1289],[10.0237,45.134]]]},"properties":{"kind":"roman-road","source":"itinere-roads"}},{"type":"Feature","geometry":{"type":"MultiLineString","coordinates":[[[10.504,45.1538],[10.4812,45.1407],[10.4747,45.1423],[10.4659,45.1414],[10.4403,45.1285]]]},"properties":{"kind":"roman-road","source":"itinere-roads"}},{"type":"Feature","geometry":{"type":"MultiLineString","coordinates":[[[10.4403,45.1285],[10.4343,45.1228],[10.3877,45.1185],[10.2898,45.1131],[10.1542,45.1368],[10.0638,45.1369],[10.0509,45.1389],[10.0332,45.1375],[10.0237,45.134]]]},"properties":{"kind":"roman-road","source":"itinere-roads"}},{"type":"Feature","geometry":{"type":"MultiLineString","coordinates":[[[8.296,45.1873],[8.2994,45.2034],[8.3036,45.2078],[8.3113,45.223],[8.3278,45.2361],[8.3359,45.2403],[8.3542,45.2657],[8.4129,45.3188],[8.4225,45.3248]]]},"properties":{"kind":"roman-road","source":"itinere-roads"}},{"type":"Feature","geometry":{"type":"MultiLineString","coordinates":[[[8.6206,45.4469],[8.6029,45.4463],[8.4847,45.3819],[8.4748,45.3741],[8.4448,45.3405],[8.4367,45.3374],[8.4225,45.3248]]]},"properties":{"kind":"roman-road","source":"itinere-roads"}},{"type":"Feature","geometry":{"type":"MultiLineString","coordinates":[[[8.4225,45.3248],[8.4174,45.3234],[8.3372,45.3252],[8.2879,45.3408],[8.2471,45.35],[8.24,45.3504],[8.0797,45.3891],[8.0625,45.3918],[8.0296,45.3942],[8.0236,45.3971],[8.017,45.4056],[8.0142,45.4075],[7.9933,45.4151],[7.9715,45.4175],[7.9613,45.4269],[7.9512,45.4329],[7.9243,45.4428],[7.9133,45.4511],[7.9006,45.466]]]},"properties":{"kind":"roman-road","source":"itinere-roads"}},{"type":"Feature","geometry":{"type":"MultiLineString","coordinates":[[[9.6637,45.6924],[9.6612,45.6722]]]},"properties":{"kind":"roman-road","source":"itinere-roads"}},{"type":"Feature","geometry":{"type":"MultiLineString","coordinates":[[[9.6612,45.6722],[9.6533,45.6496],[9.6321,45.6153],[9.6204,45.5905],[9.6085,45.5894],[9.5975,45.5838],[9.5857,45.5815],[9.5297,45.5769],[9.4165,45.5341],[9.3858,45.5245],[9.3715,45.522],[9.3483,45.5213],[9.33,45.5223],[9.3246,45.5208],[9.2986,45.5201],[9.2911,45.5192],[9.2738,45.5121],[9.2684,45.5124],[9.2556,45.5104],[9.2318,45.4932],[9.217,45.4861],[9.1949,45.4635],[9.1883,45.4638]]]},"properties":{"kind":"roman-road","source":"itinere-roads"}},{"type":"Feature","geometry":{"type":"MultiLineString","coordinates":[[[9.1883,45.4638],[9.1805,45.4655],[9.1328,45.4677],[9.1265,45.4691],[9.1018,45.4799],[9.0769,45.4875],[9.0684,45.4887],[9.0536,45.4888],[9.0449,45.4906],[9.0207,45.4886],[9.0035,45.4852],[8.9696,45.4875],[8.9467,45.4908],[8.8478,45.4571],[8.8074,45.4509],[8.755,45.4374]]]},"properties":{"kind":"roman-road","source":"itinere-roads"}},{"type":"Feature","geometry":{"type":"MultiLineString","coordinates":[[[8.755,45.4374],[8.7381,45.4327],[8.7285,45.4317],[8.6352,45.4461],[8.6206,45.4469]]]},"properties":{"kind":"roman-road","source":"itinere-roads"}},{"type":"Feature","geometry":{"type":"MultiLineString","coordinates":[[[11.3411,46.4837],[11.3283,46.4823],[11.3035,46.484],[11.2897,46.4882],[11.286,46.4932],[11.2795,46.4972],[11.2695,46.5003],[11.2622,46.5111],[11.2534,46.5151],[11.2472,46.5207],[11.2399,46.5326],[11.2328,46.5412],[11.2265,46.5437],[11.2235,46.5499],[11.2204,46.5521],[11.2176,46.5571],[11.2182,46.5621],[11.2113,46.5682],[11.2009,46.573],[11.1915,46.5814],[11.1884,46.5874],[11.187,46.5973],[11.1815,46.6094],[11.1816,46.612],[11.1843,46.615],[11.1843,46.6211],[11.179,46.6301],[11.173,46.6345],[11.1699,46.6394],[11.1465,46.6575],[11.1433,46.6648],[11.1384,46.6693],[11.1268,46.6778],[11.1205,46.6795],[11.093,46.6816],[11.085,46.6772],[11.0757,46.6692],[11.0573,46.6618],[11.0439,46.6602],[11.0143,46.647],[11.0052,46.6455],[10.9921,46.6486],[10.9715,46.6471],[10.9642,46.6454],[10.9172,46.6262],[10.8961,46.6274],[10.8811,46.6239],[10.8491,46.6215],[10.8405,46.6191],[10.8303,46.6214],[10.8206,46.6211],[10.8015,46.6232],[10.7977,46.6251],[10.7801,46.6261],[10.7645,46.6287],[10.7453,46.617],[10.7246,46.6117],[10.7153,46.6118],[10.7009,46.6156],[10.6834,46.6242],[10.6709,46.6259],[10.6558,46.625],[10.632,46.6294],[10.6219,46.63],[10.6032,46.637],[10.5935,46.6454],[10.5867,46.66],[10.5828,46.6624],[10.5805,46.6691],[10.5715,46.6754],[10.5607,46.6765],[10.5553,46.6789],[10.5528,46.6832],[10.5452,46.6849],[10.5341,46.6909],[10.5225,46.6926],[10.525,46.7039],[10.5357,46.7161],[10.5418,46.7261],[10.5342,46.7373],[10.5376,46.7585],[10.5344,46.7618],[10.5329,46.7685],[10.535,46.7763],[10.5373,46.78],[10.5424,46.7843],[10.5414,46.7886],[10.5421,46.7964],[10.5396,46.8031],[10.5418,46.807],[10.5381,46.8112],[10.5322,46.8148],[10.5302,46.8182],[10.5233,46.8207],[10.5205,46.828],[10.5142,46.8306],[10.5071,46.8386],[10.5072,46.8433],[10.5047,46.8513],[10.5089,46.8637],[10.5091,46.8675],[10.5051,46.883],[10.4989,46.8912],[10.4989,46.8966],[10.4923,46.9021],[10.4962,46.908],[10.4952,46.9119],[10.4899,46.9154],[10.49,46.9227],[10.4936,46.9292],[10.4889,46.9304]]]},"properties":{"kind":"roman-road","source":"itinere-roads"}},{"type":"Feature","geometry":{"type":"MultiLineString","coordinates":[[[9.6637,45.6924],[9.6464,45.6924],[9.6363,45.6899],[9.5875,45.6965],[9.5867,45.7006],[9.5638,45.7159],[9.5611,45.7194],[9.5488,45.7268],[9.5345,45.7273],[9.5284,45.7298],[9.5019,45.7315],[9.4875,45.7348],[9.4842,45.7379],[9.4709,45.7445],[9.4699,45.7474],[9.4539,45.7574],[9.4476,45.7631],[9.4432,45.7708],[9.4436,45.774],[9.4412,45.7783],[9.4407,45.7868],[9.4392,45.7911],[9.4309,45.8015],[9.4269,45.8037],[9.4128,45.8022],[9.4052,45.8046],[9.3882,45.8113],[9.3871,45.8134],[9.3791,45.8157],[9.3768,45.8176],[9.3705,45.8175],[9.3668,45.8205],[9.3569,45.8238],[9.3524,45.8289],[9.3477,45.8298],[9.3324,45.8263],[9.3165,45.8198],[9.3009,45.816],[9.2874,45.8136],[9.2779,45.8142],[9.2715,45.8131],[9.258,45.8077],[9.2467,45.8076],[9.2408,45.81],[9.2248,45.8122],[9.2173,45.8094],[9.2138,45.8099],[9.1966,45.8013],[9.17,45.7956],[9.1608,45.7972],[9.134,45.7949],[9.1311,45.7961],[9.1259,45.7953],[9.1217,45.7972],[9.1155,45.7971],[9.1108,45.7991],[9.1063,45.7994],[9.1022,45.8044],[9.0935,45.8052],[9.0852,45.8121]]]},"properties":{"kind":"roman-road","source":"itinere-roads"}},{"type":"Feature","geometry":{"type":"MultiLineString","coordinates":[[[9.0852,45.8121],[9.0874,45.7975],[9.0912,45.7946],[9.0902,45.7897]]]},"properties":{"kind":"roman-road","source":"itinere-roads"}},{"type":"Feature","geometry":{"type":"MultiLineString","coordinates":[[[9.1894,45.4899],[9.1894,45.4796],[9.1875,45.473],[9.1894,45.4674],[9.1883,45.4638]]]},"properties":{"kind":"roman-road","source":"itinere-roads"}},{"type":"Feature","geometry":{"type":"MultiLineString","coordinates":[[[9.0902,45.7897],[9.0916,45.7841],[9.0946,45.7789],[9.1018,45.775],[9.1052,45.7752],[9.1094,45.7731],[9.1192,45.7477],[9.1359,45.7339],[9.1469,45.7285],[9.1552,45.7191],[9.1719,45.7075],[9.1782,45.6971],[9.1854,45.6922],[9.1912,45.6823],[9.1977,45.6565],[9.1997,45.6544],[9.204,45.6339],[9.2087,45.6214],[9.2023,45.6054],[9.1891,45.5649],[9.1862,45.5625],[9.1863,45.5476],[9.1874,45.5438],[9.1933,45.5351],[9.1913,45.5122],[9.1881,45.5064],[9.1921,45.4958],[9.1894,45.4899]]]},"properties":{"kind":"roman-road","source":"itinere-roads"}},{"type":"Feature","geometry":{"type":"MultiLineString","coordinates":[[[9.0902,45.7897],[9.0862,45.7902],[9.081,45.789],[9.072,45.7852],[9.0685,45.7822],[9.0624,45.7715],[9.0523,45.7604],[9.0502,45.7535],[9.0508,45.742],[9.0937,45.7019],[9.0992,45.6946],[9.11,45.6879],[9.1119,45.682],[9.1358,45.6457],[9.1382,45.636],[9.1444,45.6279],[9.1437,45.624],[9.1458,45.6204],[9.1478,45.6109],[9.1458,45.6075],[9.1455,45.5802],[9.1471,45.5733],[9.165,45.5252],[9.1696,45.5201],[9.1894,45.4899]]]},"properties":{"kind":"roman-road","source":"itinere-roads"}},{"type":"Feature","geometry":{"type":"MultiLineString","coordinates":[[[9.1883,45.4638],[9.1861,45.4495],[9.183,45.4443],[9.178,45.4304],[9.1709,45.3837],[9.166,45.3715],[9.1668,45.3641],[9.163,45.329],[9.1589,45.311],[9.1592,45.3035],[9.1502,45.2452],[9.1516,45.2257],[9.1497,45.2069],[9.1573,45.1985],[9.1555,45.1861]]]},"properties":{"kind":"roman-road","source":"itinere-roads"}},{"type":"Feature","geometry":{"type":"MultiLineString","coordinates":[[[9.1486,45.1751],[9.1478,45.1667],[9.1517,45.1534],[9.1452,45.1485],[9.1388,45.1415],[9.1356,45.1343],[9.1348,45.128],[9.1307,45.1239],[9.1191,45.0911],[9.121,45.0875],[9.1225,45.0789],[9.1373,45.0664],[9.1276,45.0198],[9.1288,45.0162]]]},"properties":{"kind":"roman-road","source":"itinere-roads"}},{"type":"Feature","geometry":{"type":"MultiLineString","coordinates":[[[8.6857,45.1503],[8.6752,45.1535],[8.6261,45.1781],[8.6074,45.1928],[8.5885,45.2171],[8.562,45.2307],[8.5555,45.2352],[8.5407,45.2416],[8.5262,45.2454],[8.5177,45.2521],[8.4885,45.2616],[8.4691,45.2698],[8.4611,45.2835],[8.4549,45.2893],[8.4472,45.3027],[8.4408,45.3103],[8.4225,45.3248]]]},"properties":{"kind":"roman-road","source":"itinere-roads"}},{"type":"Feature","geometry":{"type":"MultiLineString","coordinates":[[[9.0852,45.8121],[9.0691,45.8126],[9.0668,45.8147]]]},"properties":{"kind":"roman-road","source":"itinere-roads"}},{"type":"Feature","geometry":{"type":"MultiLineString","coordinates":[[[9.0668,45.8147],[9.0657,45.8193]]]},"properties":{"kind":"roman-road","source":"itinere-roads"}},{"type":"Feature","geometry":{"type":"MultiLineString","coordinates":[[[9.0657,45.8193],[9.0754,45.8406],[9.0793,45.8458],[9.0884,45.847],[9.0895,45.8534],[9.0995,45.8626],[9.1029,45.8632],[9.1349,45.8787],[9.1406,45.8854],[9.1438,45.8925],[9.1312,45.9068],[9.132,45.9186],[9.1307,45.9269],[9.1284,45.9306],[9.1271,45.9434],[9.1293,45.9463],[9.1648,45.9623],[9.1671,45.9647],[9.1757,45.9691],[9.1856,45.9678],[9.1924,45.9698],[9.1956,45.9737],[9.2067,45.9811],[9.2165,45.9826],[9.2205,45.9817],[9.2355,45.9884],[9.2392,45.9949],[9.2346,46.0028],[9.2342,46.0075],[9.2366,46.0143],[9.2354,46.0192],[9.236,46.0222],[9.2342,46.026],[9.2379,46.036],[9.2441,46.0396],[9.251,46.0407],[9.2589,46.0525],[9.2588,46.0561],[9.2687,46.0628],[9.2698,46.0656],[9.2769,46.0702],[9.2795,46.0736],[9.2778,46.0752],[9.2763,46.0817],[9.2794,46.0951],[9.2761,46.0991],[9.2774,46.1049],[9.2763,46.1065],[9.2767,46.1145],[9.2807,46.1193],[9.2793,46.1222],[9.2818,46.1266],[9.2861,46.1301],[9.2869,46.1346],[9.2925,46.1409],[9.3056,46.1483],[9.3174,46.1494],[9.3298,46.1524],[9.3339,46.1566],[9.3381,46.1572],[9.3543,46.1674],[9.3639,46.1699],[9.3685,46.1688],[9.3795,46.1708],[9.3836,46.1738],[9.3969,46.1718],[9.4039,46.173],[9.4094,46.1686],[9.4192,46.1651],[9.4249,46.1652],[9.4332,46.172],[9.4383,46.1811],[9.4429,46.184],[9.4511,46.1954],[9.4526,46.2004],[9.4586,46.2027],[9.4599,46.2084],[9.4476,46.2178],[9.4461,46.2215],[9.4465,46.2275],[9.4414,46.2291],[9.4259,46.2445],[9.4231,46.2481],[9.4228,46.2541],[9.4186,46.2585],[9.4012,46.2657],[9.3985,46.2707],[9.3966,46.2785],[9.3857,46.2942],[9.3868,46.3001],[9.3912,46.3065],[9.3954,46.3089],[9.3981,46.3153]]]},"properties":{"kind":"roman-road","source":"itinere-roads"}},{"type":"Feature","geometry":{"type":"MultiLineString","coordinates":[[[9.3978,46.3209],[9.3924,46.3208],[9.3764,46.3266],[9.3695,46.3365],[9.371,46.3433],[9.3676,46.3481],[9.3636,46.3596],[9.3645,46.3663],[9.3609,46.3681],[9.3583,46.3723],[9.3585,46.3754],[9.3546,46.3825],[9.3555,46.3845],[9.3532,46.3881],[9.353,46.4001],[9.3547,46.4026],[9.3427,46.4152],[9.3407,46.4217],[9.3437,46.4262],[9.3432,46.4307],[9.3398,46.4339],[9.3398,46.4401],[9.3324,46.446],[9.3286,46.4532],[9.3283,46.458],[9.3267,46.4608],[9.3297,46.4635],[9.3381,46.4656],[9.344,46.4708],[9.3449,46.4757],[9.3424,46.4819],[9.3339,46.4847],[9.3332,46.4874],[9.3367,46.4892],[9.331,46.4922],[9.329,46.5019],[9.3306,46.5047],[9.3298,46.5086],[9.3328,46.5155],[9.3315,46.5233],[9.3265,46.5335],[9.3257,46.5401],[9.3275,46.5426],[9.3231,46.5478],[9.3296,46.5544],[9.3464,46.5605],[9.3504,46.5639],[9.3669,46.5683],[9.3698,46.5703],[9.3785,46.5711],[9.3832,46.5674],[9.3897,46.5679],[9.3984,46.5659],[9.4143,46.5691],[9.4187,46.5747],[9.4175,46.5774],[9.4228,46.5835],[9.4225,46.5888],[9.4278,46.5932],[9.4289,46.6013],[9.4272,46.6059],[9.4317,46.6192],[9.4422,46.629],[9.4425,46.6324],[9.4453,46.6379],[9.4423,46.6417],[9.4464,46.6438],[9.4498,46.6543],[9.4482,46.6594],[9.4492,46.6619],[9.4473,46.6638],[9.45,46.6692],[9.4488,46.6764],[9.4536,46.6791],[9.4485,46.6827],[9.4437,46.6897],[9.4404,46.6916],[9.4397,46.6991],[9.4438,46.7129],[9.4399,46.7182],[9.427,46.7302],[9.4276,46.7384],[9.4254,46.7481],[9.4171,46.7649],[9.4196,46.77],[9.4181,46.7737],[9.4028,46.7818],[9.4033,46.7882],[9.3976,46.799],[9.4004,46.8124],[9.4032,46.8148],[9.402,46.821],[9.4082,46.8249],[9.4072,46.828]]]},"properties":{"kind":"roman-road","source":"itinere-roads"}},{"type":"Feature","geometry":{"type":"MultiLineString","coordinates":[[[9.7981,46.4597],[9.7763,46.4635],[9.7681,46.468],[9.7496,46.4723],[9.7315,46.4716],[9.7207,46.4731],[9.7166,46.4722],[9.7122,46.4686],[9.6986,46.4654],[9.6948,46.4675],[9.6895,46.4667],[9.6814,46.4623],[9.6665,46.4623],[9.658,46.4646],[9.6503,46.4684]]]},"properties":{"kind":"roman-road","source":"itinere-roads"}},{"type":"Feature","geometry":{"type":"MultiLineString","coordinates":[[[9.6503,46.4684],[9.6526,46.4662],[9.6537,46.4618],[9.657,46.4575],[9.6568,46.4462],[9.6582,46.4427],[9.6527,46.4389],[9.6515,46.4344],[9.6465,46.4306],[9.6377,46.4205],[9.6372,46.4129],[9.6357,46.41],[9.6364,46.4063],[9.6395,46.4002],[9.6384,46.3988],[9.6537,46.3936],[9.6589,46.3934],[9.6662,46.3911]]]},"properties":{"kind":"roman-road","source":"itinere-roads"}},{"type":"Feature","geometry":{"type":"MultiLineString","coordinates":[[[8.5097,46.6014],[8.5036,46.6],[8.5006,46.5945],[8.4941,46.5879],[8.4778,46.5861],[8.4731,46.5901],[8.4561,46.5947],[8.4533,46.5916],[8.4404,46.5878],[8.4329,46.5877],[8.4272,46.5831],[8.4269,46.5803],[8.4092,46.5686],[8.4026,46.5673],[8.398,46.5695],[8.3875,46.5702],[8.3775,46.5656],[8.3559,46.5592]]]},"properties":{"kind":"roman-road","source":"itinere-roads"}},{"type":"Feature","geometry":{"type":"MultiLineString","coordinates":[[[8.6206,45.4469],[8.6213,45.4515],[8.6178,45.4596],[8.6129,45.4795],[8.6327,45.5965],[8.6217,45.6502],[8.6311,45.6713]]]},"properties":{"kind":"roman-road","source":"itinere-roads"}},{"type":"Feature","geometry":{"type":"MultiLineString","coordinates":[[[8.6311,45.6713],[8.6301,45.6855],[8.6337,45.6928],[8.6411,45.6997],[8.6424,45.7041],[8.6457,45.7065],[8.6447,45.7128],[8.6558,45.7199],[8.6746,45.7216],[8.683,45.7211],[8.6906,45.7233],[8.7042,45.7227],[8.7258,45.7279],[8.7546,45.7392],[8.7801,45.7609],[8.781,45.7634],[8.7843,45.7651],[8.7907,45.7718],[8.791,45.7753],[8.7978,45.7776],[8.8053,45.7784],[8.8146,45.7819],[8.8409,45.7962],[8.8614,45.7985],[8.8837,45.8087],[8.8909,45.8106],[8.9025,45.8169],[8.9097,45.8152],[8.9258,45.8208],[8.9318,45.8211],[8.9418,45.8246],[8.9464,45.8278],[8.9706,45.822],[8.9835,45.8336],[8.9929,45.8359],[9.0362,45.8309],[9.0464,45.8278],[9.062,45.8191],[9.0657,45.8193]]]},"properties":{"kind":"roman-road","source":"itinere-roads"}},{"type":"Feature","geometry":{"type":"MultiLineString","coordinates":[[[8.8652,44.7059],[8.8619,44.7091],[8.859,44.7232],[8.8563,44.7281],[8.8451,44.7422],[8.8495,44.7547],[8.8563,44.7577],[8.8656,44.7692],[8.8645,44.795],[8.8553,44.8129],[8.8527,44.845],[8.8603,44.8895],[8.8633,44.8952]]]},"properties":{"kind":"roman-road","source":"itinere-roads"}},{"type":"Feature","geometry":{"type":"MultiLineString","coordinates":[[[13.1349,46.3772],[13.1338,46.3679],[13.1418,46.3483],[13.1395,46.3444],[13.1397,46.3382],[13.1374,46.334],[13.1383,46.3321],[13.1355,46.3283],[13.1386,46.3231],[13.1384,46.3154],[13.143,46.31],[13.1416,46.2995],[13.1428,46.2942],[13.1378,46.2864],[13.1381,46.2805],[13.1408,46.2761],[13.1439,46.2751],[13.1472,46.2683],[13.1473,46.2523],[13.1536,46.2445],[13.1562,46.2385]]]},"properties":{"kind":"roman-road","source":"itinere-roads"}},{"type":"Feature","geometry":{"type":"MultiLineString","coordinates":[[[13.1562,46.2385],[13.159,46.2354],[13.1725,46.2299],[13.1781,46.2238],[13.1795,46.2206]]]},"properties":{"kind":"roman-road","source":"itinere-roads"}},{"type":"Feature","geometry":{"type":"MultiLineString","coordinates":[[[13.1795,46.2206],[13.1905,46.2028],[13.1937,46.1953],[13.2046,46.1795],[13.2068,46.1684],[13.2131,46.1596],[13.2178,46.1578]]]},"properties":{"kind":"roman-road","source":"itinere-roads"}},{"type":"Feature","geometry":{"type":"MultiLineString","coordinates":[[[13.2178,46.1578],[13.2286,46.1468],[13.242,46.1381],[13.2446,46.131],[13.2487,46.0718],[13.2517,46.0546],[13.2505,46.0457],[13.2645,46.0134],[13.2705,46.0118],[13.2767,45.9868],[13.2768,45.9692],[13.2835,45.9588],[13.2828,45.9537],[13.2847,45.9458],[13.2892,45.9362],[13.2927,45.9317],[13.2949,45.9243],[13.2942,45.9179],[13.2955,45.91],[13.2985,45.9005],[13.3032,45.8919],[13.3084,45.8772],[13.3193,45.8557]]]},"properties":{"kind":"roman-road","source":"itinere-roads"}},{"type":"Feature","geometry":{"type":"MultiLineString","coordinates":[[[12.4863,41.892],[12.4908,41.89],[12.489,41.8844]]]},"properties":{"kind":"roman-road","source":"itinere-roads"}},{"type":"Feature","geometry":{"type":"MultiLineString","coordinates":[[[9.5611,46.7561],[9.5559,46.7499],[9.5567,46.7443],[9.5554,46.7413],[9.5564,46.7365],[9.5555,46.7312],[9.5576,46.7285],[9.5592,46.7187],[9.5591,46.7095],[9.5604,46.7059],[9.5578,46.6986],[9.5602,46.692],[9.563,46.6887],[9.5633,46.6848],[9.5671,46.6808],[9.5675,46.6763],[9.5713,46.6734],[9.5725,46.6651],[9.5828,46.66],[9.5826,46.6587],[9.5749,46.6557],[9.5771,46.65],[9.5797,46.649],[9.5849,46.6439],[9.5859,46.6409],[9.5831,46.6382],[9.5871,46.6314],[9.5842,46.628],[9.5897,46.6224],[9.5936,46.6145],[9.592,46.6124],[9.5917,46.6072],[9.5934,46.6008],[9.5978,46.5967],[9.6068,46.5925],[9.6132,46.5856],[9.6255,46.5765],[9.6226,46.5747],[9.6239,46.5714],[9.6216,46.5674],[9.6215,46.5634],[9.6246,46.5613],[9.6253,46.5431],[9.6241,46.5355],[9.6197,46.5268],[9.621,46.5225],[9.6264,46.515],[9.6329,46.5132],[9.6412,46.503],[9.6419,46.4975],[9.6455,46.4945],[9.6418,46.4894],[9.641,46.4845],[9.6418,46.4798],[9.6453,46.4781],[9.6503,46.4684]]]},"properties":{"kind":"roman-road","source":"itinere-roads"}},{"type":"Feature","geometry":{"type":"MultiLineString","coordinates":[[[9.5256,46.8521],[9.5369,46.8408],[9.5387,46.8354],[9.5378,46.8336],[9.5403,46.8281],[9.5391,46.822],[9.533,46.8149],[9.5319,46.8071],[9.5305,46.8053],[9.5319,46.7949],[9.538,46.7856],[9.5412,46.7843],[9.544,46.7776],[9.5491,46.7762],[9.5526,46.7736],[9.5553,46.7695],[9.5541,46.7677],[9.5549,46.7616],[9.561,46.7577],[9.5611,46.7561]]]},"properties":{"kind":"roman-road","source":"itinere-roads"}},{"type":"Feature","geometry":{"type":"MultiLineString","coordinates":[[[9.4072,46.828],[9.3832,46.8269],[9.3731,46.8289],[9.3567,46.828],[9.3514,46.8264],[9.3471,46.8318],[9.3438,46.8339],[9.3261,46.8341],[9.3181,46.8362],[9.3065,46.8343],[9.2849,46.8367],[9.2822,46.834],[9.2873,46.8292],[9.2882,46.8259],[9.2726,46.8241],[9.2683,46.8202],[9.2664,46.8156],[9.2623,46.8117],[9.2562,46.8023],[9.2565,46.7971],[9.2511,46.794],[9.2391,46.79],[9.2296,46.7896],[9.226,46.7882],[9.2244,46.785],[9.2183,46.7796],[9.2128,46.7775],[9.1955,46.7742],[9.1829,46.7732],[9.1714,46.7768],[9.159,46.7762],[9.1539,46.7771],[9.1491,46.7755],[9.1394,46.7768],[9.1291,46.7748],[9.1164,46.7709],[9.088,46.7586],[9.0632,46.7572],[9.0559,46.7527],[9.0392,46.7489],[9.0267,46.7445],[9.0219,46.7446],[9.0173,46.7425],[9.0025,46.7451],[8.9978,46.7434],[8.9782,46.7418],[8.9679,46.7346],[8.964,46.7337],[8.9556,46.7344],[8.9509,46.7311],[8.9316,46.7263],[8.9163,46.7248],[8.9103,46.7208],[8.8725,46.7126],[8.8674,46.7093],[8.8595,46.7076],[8.8508,46.7034]]]},"properties":{"kind":"roman-road","source":"itinere-roads"}},{"type":"Feature","geometry":{"type":"MultiLineString","coordinates":[[[8.8652,44.7059],[8.8568,44.7052],[8.8538,44.7022],[8.8505,44.7029],[8.8498,44.7],[8.8361,44.6935],[8.8289,44.6932],[8.81,44.6888],[8.8093,44.6856],[8.8123,44.6806],[8.8189,44.6751],[8.8198,44.67],[8.8308,44.6592],[8.8307,44.6521],[8.8332,44.6436],[8.8371,44.6413],[8.8374,44.6395],[8.8451,44.6331],[8.8461,44.6289],[8.8453,44.6182],[8.8485,44.6082],[8.8526,44.6087],[8.8541,44.6047],[8.8584,44.6018],[8.861,44.5972],[8.8609,44.5892],[8.864,44.5888],[8.8656,44.5859],[8.8683,44.585],[8.8749,44.5782],[8.8792,44.5768],[8.8833,44.5705],[8.8879,44.5669],[8.8876,44.5541],[8.884,44.5508],[8.8812,44.5435],[8.8869,44.5297],[8.8837,44.517],[8.8798,44.5131],[8.8964,44.505],[8.9035,44.4948]]]},"properties":{"kind":"roman-road","source":"itinere-roads"}},{"type":"Feature","geometry":{"type":"MultiLineString","coordinates":[[[8.0537,45.5662],[8.0647,45.5678],[8.1064,45.5642],[8.1954,45.5602],[8.2541,45.5678],[8.3819,45.5993],[8.4007,45.6073],[8.4207,45.6201],[8.4372,45.6244],[8.4658,45.6272],[8.5462,45.6312],[8.5764,45.6384],[8.6081,45.6556],[8.6311,45.6713]]]},"properties":{"kind":"roman-road","source":"itinere-roads"}},{"type":"Feature","geometry":{"type":"MultiLineString","coordinates":[[[8.0537,45.5662],[8.0616,45.5602],[8.0833,45.5512],[8.1145,45.5492],[8.1218,45.5433],[8.125,45.5326],[8.1256,45.5197],[8.1343,45.5002],[8.1418,45.4878],[8.1554,45.4715],[8.2598,45.4154],[8.2939,45.3937],[8.3343,45.3718],[8.3755,45.355],[8.4048,45.3358],[8.4208,45.3274],[8.4225,45.3248]]]},"properties":{"kind":"roman-road","source":"itinere-roads"}},{"type":"Feature","geometry":{"type":"MultiLineString","coordinates":[[[8.755,45.4374],[8.7558,45.4325],[8.854,45.3098],[8.8949,45.2526],[8.9326,45.2026],[8.9403,45.1661],[8.945,45.1548]]]},"properties":{"kind":"roman-road","source":"itinere-roads"}},{"type":"Feature","geometry":{"type":"MultiLineString","coordinates":[[[8.6206,45.4469],[8.6276,45.4538],[8.6418,45.475],[8.681,45.5273],[8.7409,45.6043],[8.7729,45.6364],[8.8772,45.7134],[8.9057,45.7435],[8.9694,45.7781],[8.9935,45.7848],[9.0241,45.7995],[9.0377,45.8086],[9.0668,45.8147]]]},"properties":{"kind":"roman-road","source":"itinere-roads"}},{"type":"Feature","geometry":{"type":"MultiLineString","coordinates":[[[11.3463,44.4943],[11.3718,44.4947],[12.2085,44.4165]]]},"properties":{"kind":"roman-road","source":"itinere-roads"}},{"type":"Feature","geometry":{"type":"MultiLineString","coordinates":[[[11.3463,44.4943],[11.3498,44.5027],[11.6585,44.882],[11.6707,44.9007],[11.688,44.9197],[11.7278,44.9461],[11.8804,44.9869],[12.0449,45.0528],[12.0526,45.0581]]]},"properties":{"kind":"roman-road","source":"itinere-roads"}},{"type":"Feature","geometry":{"type":"MultiLineString","coordinates":[[[11.8762,45.4034],[11.8739,45.3981],[11.8002,45.3048],[11.7858,45.2844],[11.7522,45.2459],[11.7444,45.2334],[11.7251,45.231],[11.6887,45.231],[11.6617,45.2287]]]},"properties":{"kind":"roman-road","source":"itinere-roads"}},{"type":"Feature","geometry":{"type":"MultiLineString","coordinates":[[[11.6617,45.2287],[11.6248,45.1399],[11.5847,45.048],[11.5677,45.0021],[11.5508,44.9445],[11.5289,44.8986],[11.5158,44.8614]]]},"properties":{"kind":"roman-road","source":"itinere-roads"}},{"type":"Feature","geometry":{"type":"MultiLineString","coordinates":[[[11.5158,44.8614],[11.4999,44.873],[11.4889,44.8786],[11.4627,44.8863],[11.4483,44.8922],[11.4466,44.9119],[11.4509,44.9204],[11.4526,44.931],[11.4517,44.9394],[11.4466,44.9615],[11.4393,44.9715],[11.4227,44.9791],[11.3585,44.9969],[11.3359,45.0066],[11.303,45.031],[11.2912,45.0568],[11.2853,45.0599]]]},"properties":{"kind":"roman-road","source":"itinere-roads"}},{"type":"Feature","geometry":{"type":"MultiLineString","coordinates":[[[11.2853,45.0599],[11.2508,45.0651],[11.2251,45.065],[11.1959,45.0668],[11.1543,45.0587],[11.1417,45.0598],[11.1341,45.0659]]]},"properties":{"kind":"roman-road","source":"itinere-roads"}},{"type":"Feature","geometry":{"type":"MultiLineString","coordinates":[[[11.0391,44.7586],[11.0636,44.7771],[11.0712,44.7876],[11.0834,44.7969],[11.0921,44.8148],[11.137,44.8716],[11.2641,45.0218],[11.2698,45.0311],[11.2744,45.0434],[11.2853,45.0599]]]},"properties":{"kind":"roman-road","source":"itinere-roads"}},{"type":"Feature","geometry":{"type":"MultiLineString","coordinates":[[[11.2853,45.0599],[11.2942,45.0764],[11.3171,45.1007],[11.3458,45.123],[11.3493,45.1338],[11.3711,45.1568],[11.434,45.2089],[11.454,45.2231],[11.4795,45.2378],[11.4928,45.2417]]]},"properties":{"kind":"roman-road","source":"itinere-roads"}},{"type":"Feature","geometry":{"type":"MultiLineString","coordinates":[[[11.4928,45.2417],[11.6027,45.2336],[11.6406,45.2319],[11.6617,45.2287]]]},"properties":{"kind":"roman-road","source":"itinere-roads"}},{"type":"Feature","geometry":{"type":"MultiLineString","coordinates":[[[11.2841,44.5142],[11.2694,44.5408],[11.2433,44.5682],[11.2173,44.6036],[11.183,44.6427],[11.1401,44.721]]]},"properties":{"kind":"roman-road","source":"itinere-roads"}},{"type":"Feature","geometry":{"type":"MultiLineString","coordinates":[[[10.9268,44.6462],[10.9513,44.6511],[11.0098,44.6742],[11.1008,44.7044],[11.1133,44.7127],[11.1309,44.7206],[11.1401,44.721]]]},"properties":{"kind":"roman-road","source":"itinere-roads"}},{"type":"Feature","geometry":{"type":"MultiLineString","coordinates":[[[11.1401,44.721],[11.1484,44.7282],[11.1775,44.7359],[11.1963,44.7443],[11.2287,44.7528],[11.3611,44.7988],[11.5124,44.8581],[11.5158,44.8614]]]},"properties":{"kind":"roman-road","source":"itinere-roads"}},{"type":"Feature","geometry":{"type":"MultiLineString","coordinates":[[[9.0221,44.9989],[9.0014,45.0001],[8.9081,45.0136],[8.8772,45.0148],[8.7463,44.996],[8.7237,44.9975],[8.6909,45.0033],[8.6609,45.0104],[8.6348,45.0139],[8.5856,45.0257],[8.5307,45.0285],[8.4876,45.0449],[8.4608,45.065],[8.4384,45.084],[8.4075,45.1021],[8.391,45.1061],[8.3853,45.1092],[8.3783,45.1071],[8.3488,45.1076],[8.3193,45.1113]]]},"properties":{"kind":"roman-road","source":"itinere-roads"}},{"type":"Feature","geometry":{"type":"MultiLineString","coordinates":[[[8.3193,45.1113],[8.3014,45.1135],[8.249,45.1147],[8.2018,45.1462],[8.1774,45.1592],[8.1215,45.1655],[8.1075,45.174],[8.1006,45.176],[8.0944,45.1758],[8.067,45.1659],[8.0528,45.1627],[8.0193,45.1595],[8.0038,45.1609],[7.9899,45.1669],[7.9749,45.1698],[7.9607,45.1683],[7.9342,45.1698],[7.9261,45.1764],[7.8985,45.1809],[7.8834,45.1804],[7.8468,45.1675],[7.8403,45.148],[7.8281,45.1339],[7.811,45.1285],[7.7753,45.123],[7.7647,45.0998],[7.7484,45.0909],[7.7293,45.084],[7.7317,45.0771],[7.7256,45.0713],[7.7159,45.0682],[7.6721,45.0651]]]},"properties":{"kind":"roman-road","source":"itinere-roads"}},{"type":"Feature","geometry":{"type":"MultiLineString","coordinates":[[[10.504,45.1538],[10.5923,45.1595],[10.6182,45.156],[10.6807,45.1559]]]},"properties":{"kind":"roman-road","source":"itinere-roads"}},{"type":"Feature","geometry":{"type":"MultiLineString","coordinates":[[[10.6807,45.1559],[10.7472,45.1519],[10.7803,45.1537],[10.7932,45.1557],[10.8193,45.1624],[10.8429,45.1622],[10.9022,45.1406],[10.9362,45.1214],[11.0176,45.0951],[11.1202,45.0758],[11.1341,45.0659]]]},"properties":{"kind":"roman-road","source":"itinere-roads"}},{"type":"Feature","geometry":{"type":"MultiLineString","coordinates":[[[11.9031,45.7867],[11.8928,45.7879],[11.8929,45.7937],[11.8953,45.798],[11.8936,45.8004],[11.8942,45.8063],[11.9023,45.8117],[11.9169,45.8139],[11.9301,45.8213],[11.9388,45.828],[11.9517,45.8431],[11.9558,45.8408],[11.9892,45.8431],[11.9894,45.8486],[11.996,45.8547],[11.9974,45.8617]]]},"properties":{"kind":"roman-road","source":"itinere-roads"}},{"type":"Feature","geometry":{"type":"MultiLineString","coordinates":[[[11.4928,45.2417],[11.4423,45.294],[11.417,45.3089],[11.2531,45.364],[11.1158,45.4184]]]},"properties":{"kind":"roman-road","source":"itinere-roads"}},{"type":"Feature","geometry":{"type":"MultiLineString","coordinates":[[[12.2883,41.7541],[12.318,41.7674],[12.3804,41.7911],[12.4166,41.7986],[12.4208,41.8082],[12.463,41.8404],[12.4732,41.8468]]]},"properties":{"kind":"roman-road","source":"itinere-roads"}},{"type":"Feature","geometry":{"type":"MultiLineString","coordinates":[[[12.4732,41.8468],[12.4762,41.8508],[12.4808,41.8756],[12.4821,41.8783],[12.489,41.8844]]]},"properties":{"kind":"roman-road","source":"itinere-roads"}},{"type":"Feature","geometry":{"type":"MultiLineString","coordinates":[[[12.2883,41.7541],[12.2754,41.757],[12.265,41.7677],[12.2613,41.7734]]]},"properties":{"kind":"roman-road","source":"itinere-roads"}},{"type":"Feature","geometry":{"type":"MultiLineString","coordinates":[[[12.4863,41.892],[12.4785,41.889],[12.4777,41.8865],[12.4702,41.8808]]]},"properties":{"kind":"roman-road","source":"itinere-roads"}},{"type":"Feature","geometry":{"type":"MultiLineString","coordinates":[[[12.4663,41.8722],[12.4625,41.8618],[12.4572,41.8562],[12.4551,41.8465],[12.448,41.8353],[12.4444,41.8333],[12.427,41.8346],[12.4238,41.8337],[12.415,41.8269],[12.3985,41.8212],[12.3857,41.8231],[12.3705,41.8205],[12.3598,41.817],[12.3459,41.818]]]},"properties":{"kind":"roman-road","source":"itinere-roads"}},{"type":"Feature","geometry":{"type":"MultiLineString","coordinates":[[[12.9808,45.7841],[12.9879,45.7885],[13.0287,45.7939],[13.0914,45.8068],[13.1264,45.8154],[13.1911,45.8343],[13.21,45.8325],[13.2157,45.8335],[13.226,45.8292],[13.2343,45.8274],[13.2489,45.8274],[13.2611,45.8167],[13.3159,45.7846],[13.356,45.7696],[13.3685,45.7696]]]},"properties":{"kind":"roman-road","source":"itinere-roads"}},{"type":"Feature","geometry":{"type":"MultiLineString","coordinates":[[[12.3459,41.818],[12.3505,41.8212],[12.3559,41.8275],[12.3589,41.8291],[12.3654,41.8288],[12.3692,41.8323],[12.3785,41.8374],[12.38,41.8399],[12.3856,41.8427],[12.3942,41.8415],[12.3996,41.8433],[12.4094,41.8431],[12.4146,41.8473],[12.4192,41.8479],[12.4236,41.8507],[12.4354,41.8517],[12.4467,41.8564],[12.4503,41.8594],[12.4522,41.8632],[12.4603,41.8669],[12.4663,41.8722]]]},"properties":{"kind":"roman-road","source":"itinere-roads"}},{"type":"Feature","geometry":{"type":"MultiLineString","coordinates":[[[12.4702,41.8808],[12.4663,41.8722]]]},"properties":{"kind":"roman-road","source":"itinere-roads"}},{"type":"Feature","geometry":{"type":"MultiLineString","coordinates":[[[12.3459,41.818],[12.2708,41.7826]]]},"properties":{"kind":"roman-road","source":"itinere-roads"}},{"type":"Feature","geometry":{"type":"MultiLineString","coordinates":[[[12.4228,41.714],[12.4242,41.7097],[12.4602,41.6732],[12.465,41.672],[12.4695,41.6683],[12.4734,41.6674],[12.4801,41.6633]]]},"properties":{"kind":"roman-road","source":"itinere-roads"}},{"type":"Feature","geometry":{"type":"MultiLineString","coordinates":[[[12.4732,41.8468],[12.4597,41.8123],[12.4538,41.8061],[12.4528,41.7946],[12.4501,41.787],[12.4367,41.7686],[12.4385,41.7606]]]},"properties":{"kind":"roman-road","source":"itinere-roads"}},{"type":"Feature","geometry":{"type":"MultiLineString","coordinates":[[[12.4228,41.714],[12.4042,41.6942],[12.3946,41.6795]]]},"properties":{"kind":"roman-road","source":"itinere-roads"}},{"type":"Feature","geometry":{"type":"MultiLineString","coordinates":[[[12.4385,41.7606],[12.4376,41.7484],[12.4321,41.7422],[12.4305,41.7386],[12.4314,41.7359],[12.4297,41.7207],[12.4228,41.714]]]},"properties":{"kind":"roman-road","source":"itinere-roads"}},{"type":"Feature","geometry":{"type":"MultiLineString","coordinates":[[[12.4958,41.8802],[12.489,41.8844]]]},"properties":{"kind":"roman-road","source":"itinere-roads"}},{"type":"Feature","geometry":{"type":"MultiLineString","coordinates":[[[12.4958,41.8802],[12.4962,41.8684]]]},"properties":{"kind":"roman-road","source":"itinere-roads"}},{"type":"Feature","geometry":{"type":"MultiLineString","coordinates":[[[12.4962,41.8684],[12.4985,41.8609],[12.4962,41.8587],[12.4977,41.8519],[12.507,41.8429],[12.5053,41.8409],[12.5172,41.8308],[12.5178,41.825],[12.5137,41.8172],[12.5131,41.8131],[12.5192,41.8013],[12.5157,41.7928],[12.5159,41.7899],[12.5204,41.7872],[12.5237,41.7796],[12.5219,41.7738],[12.5234,41.7686],[12.5231,41.7622],[12.5208,41.7579],[12.5211,41.7521],[12.5248,41.7475],[12.5335,41.7248],[12.5332,41.7184],[12.5289,41.7119],[12.5247,41.7008],[12.5247,41.6947],[12.5276,41.6836],[12.5309,41.6778],[12.53,41.6678],[12.5322,41.6637],[12.5337,41.653],[12.5421,41.6466],[12.5344,41.6183]]]},"properties":{"kind":"roman-road","source":"itinere-roads"}},{"type":"Feature","geometry":{"type":"MultiLineString","coordinates":[[[12.5344,41.6183],[12.5427,41.6083]]]},"properties":{"kind":"roman-road","source":"itinere-roads"}},{"type":"Feature","geometry":{"type":"MultiLineString","coordinates":[[[12.3946,41.6795],[12.4403,41.6673],[12.4568,41.6665],[12.4743,41.6632],[12.4801,41.6633]]]},"properties":{"kind":"roman-road","source":"itinere-roads"}},{"type":"Feature","geometry":{"type":"MultiLineString","coordinates":[[[12.4801,41.6633],[12.5035,41.6483],[12.5279,41.6217],[12.5344,41.6183]]]},"properties":{"kind":"roman-road","source":"itinere-roads"}},{"type":"Feature","geometry":{"type":"MultiLineString","coordinates":[[[12.5151,41.8913],[12.5273,41.8912],[12.5597,41.8949],[12.5733,41.8949],[12.5831,41.8934],[12.6442,41.8926],[12.692,41.8896],[12.6971,41.8906]]]},"properties":{"kind":"roman-road","source":"itinere-roads"}},{"type":"Feature","geometry":{"type":"MultiLineString","coordinates":[[[12.6971,41.8906],[12.7122,41.8863],[12.7279,41.8865],[12.747,41.8809],[12.7609,41.8803],[12.7712,41.8735],[12.7896,41.8717],[12.8079,41.8678],[12.8137,41.8687],[12.8193,41.8646],[12.8351,41.8564],[12.839,41.8555],[12.8514,41.8481],[12.8818,41.8371],[12.8859,41.839],[12.8889,41.8381]]]},"properties":{"kind":"roman-road","source":"itinere-roads"}},{"type":"Feature","geometry":{"type":"MultiLineString","coordinates":[[[12.8889,41.8381],[12.8877,41.8336],[12.8802,41.831],[12.8738,41.8251]]]},"properties":{"kind":"roman-road","source":"itinere-roads"}},{"type":"Feature","geometry":{"type":"MultiLineString","coordinates":[[[12.8738,41.8251],[12.8525,41.801]]]},"properties":{"kind":"roman-road","source":"itinere-roads"}},{"type":"Feature","geometry":{"type":"MultiLineString","coordinates":[[[12.8525,41.801],[12.8466,41.7946],[12.8457,41.7901],[12.8588,41.7785],[12.8589,41.7732],[12.854,41.7608],[12.8572,41.7564],[12.8568,41.7526]]]},"properties":{"kind":"roman-road","source":"itinere-roads"}},{"type":"Feature","geometry":{"type":"MultiLineString","coordinates":[[[12.8738,41.8251],[12.8437,41.8259],[12.8389,41.8273],[12.8131,41.824],[12.8041,41.8217]]]},"properties":{"kind":"roman-road","source":"itinere-roads"}},{"type":"Feature","geometry":{"type":"MultiLineString","coordinates":[[[12.6976,41.6755],[12.7004,41.6817],[12.7042,41.6827],[12.7183,41.6807]]]},"properties":{"kind":"roman-road","source":"itinere-roads"}},{"type":"Feature","geometry":{"type":"MultiLineString","coordinates":[[[12.7183,41.6807],[12.7285,41.6778],[12.7436,41.6782],[12.7478,41.6799],[12.7609,41.6802],[12.7657,41.6814],[12.769,41.6838],[12.7763,41.6837],[12.7773,41.6867]]]},"properties":{"kind":"roman-road","source":"itinere-roads"}},{"type":"Feature","geometry":{"type":"MultiLineString","coordinates":[[[12.7773,41.6867],[12.7775,41.6911],[12.779,41.6928],[12.7911,41.6954],[12.8106,41.706],[12.8154,41.7097],[12.823,41.7198],[12.8279,41.7204],[12.833,41.7267],[12.8394,41.7273],[12.8495,41.7396],[12.859,41.746],[12.8568,41.7526]]]},"properties":{"kind":"roman-road","source":"itinere-roads"}},{"type":"Feature","geometry":{"type":"MultiLineString","coordinates":[[[12.7626,41.9543],[12.759,41.9433],[12.756,41.9424],[12.7534,41.9343],[12.755,41.9303],[12.7542,41.9276],[12.7559,41.9244],[12.7537,41.9221],[12.7404,41.918],[12.726,41.9109],[12.7228,41.908],[12.7108,41.9054],[12.7009,41.8922],[12.6971,41.8906]]]},"properties":{"kind":"roman-road","source":"itinere-roads"}},{"type":"Feature","geometry":{"type":"MultiLineString","coordinates":[[[12.6971,41.8906],[12.69,41.8683],[12.6858,41.8629],[12.685,41.859],[12.6725,41.8518]]]},"properties":{"kind":"roman-road","source":"itinere-roads"}},{"type":"Feature","geometry":{"type":"MultiLineString","coordinates":[[[12.6725,41.8518],[12.6602,41.8409],[12.6604,41.8379],[12.6452,41.8248],[12.642,41.8206],[12.6399,41.8106],[12.637,41.8037]]]},"properties":{"kind":"roman-road","source":"itinere-roads"}},{"type":"Feature","geometry":{"type":"MultiLineString","coordinates":[[[12.637,41.8037],[12.6306,41.7976],[12.6307,41.7943],[12.6264,41.7835],[12.6165,41.7666]]]},"properties":{"kind":"roman-road","source":"itinere-roads"}},{"type":"Feature","geometry":{"type":"MultiLineString","coordinates":[[[12.6165,41.7666],[12.6165,41.7562],[12.6185,41.7541],[12.619,41.7441],[12.6157,41.738],[12.6171,41.7277],[12.6224,41.7187],[12.629,41.7161],[12.6394,41.7093],[12.6469,41.7022]]]},"properties":{"kind":"roman-road","source":"itinere-roads"}},{"type":"Feature","geometry":{"type":"MultiLineString","coordinates":[[[12.6469,41.7022],[12.6495,41.6968],[12.6481,41.6873],[12.6522,41.6827],[12.6503,41.6763],[12.6502,41.6691],[12.6527,41.6684],[12.652,41.6634],[12.6532,41.6616],[12.6538,41.6534],[12.6563,41.65],[12.6576,41.6428],[12.6544,41.6386],[12.6536,41.6316],[12.6562,41.6278],[12.6532,41.6123],[12.6536,41.6061],[12.6517,41.6033],[12.6456,41.5992],[12.6425,41.5919],[12.6387,41.5884],[12.6375,41.5844],[12.6335,41.5241],[12.6299,41.5159],[12.6263,41.5012],[12.6243,41.4679],[12.6216,41.4637],[12.6211,41.4554],[12.6255,41.451]]]},"properties":{"kind":"roman-road","source":"itinere-roads"}},{"type":"Feature","geometry":{"type":"MultiLineString","coordinates":[[[12.6634,41.7243],[12.6587,41.7208],[12.6546,41.7093],[12.6469,41.7022]]]},"properties":{"kind":"roman-road","source":"itinere-roads"}},{"type":"Feature","geometry":{"type":"MultiLineString","coordinates":[[[13.2506,41.8631],[13.244,41.863],[13.2424,41.8615],[13.2361,41.8604],[13.227,41.8602],[13.2249,41.8583],[13.2029,41.8595],[13.1985,41.8645],[13.1929,41.8657],[13.1895,41.8715],[13.1803,41.8719],[13.1718,41.8757],[13.1622,41.8837],[13.1587,41.8852],[13.1551,41.8913],[13.1527,41.8925],[13.1525,41.8954],[13.1468,41.9003],[13.1432,41.9004],[13.1345,41.9085],[13.1304,41.9107],[13.1258,41.9106],[13.1071,41.919]]]},"properties":{"kind":"roman-road","source":"itinere-roads"}},{"type":"Feature","geometry":{"type":"MultiLineString","coordinates":[[[13.1071,41.919],[13.1047,41.9256],[13.0979,41.9258],[13.0952,41.9243],[13.0861,41.9248],[13.0815,41.9268],[13.075,41.9258],[13.0719,41.9273],[13.0712,41.9343],[13.0541,41.9533],[13.0513,41.9586],[13.0486,41.9598],[13.0462,41.9645],[13.0431,41.9657],[13.0386,41.9738],[13.03,41.9812],[13.0299,41.9876],[13.0267,41.9915],[13.0234,41.9925],[13.0212,41.9981],[13.0244,42.0073],[13.0268,42.0091],[13.0258,42.011],[13.0197,42.0159],[13.0154,42.0171],[13.0103,42.0214],[13.0087,42.0214]]]},"properties":{"kind":"roman-road","source":"itinere-roads"}},{"type":"Feature","geometry":{"type":"MultiLineString","coordinates":[[[13.0087,42.0214],[13.0161,42.0269],[13.0129,42.0342],[13.0156,42.0396],[13.0144,42.0414],[13.0149,42.0458],[13.0127,42.0499],[13.0147,42.0599],[13.0163,42.0603]]]},"properties":{"kind":"roman-road","source":"itinere-roads"}},{"type":"Feature","geometry":{"type":"MultiLineString","coordinates":[[[13.0448,42.0627],[13.0163,42.0603]]]},"properties":{"kind":"roman-road","source":"itinere-roads"}},{"type":"Feature","geometry":{"type":"MultiLineString","coordinates":[[[13.0163,42.0603],[13.0128,42.0592],[13.0001,42.0617],[12.9953,42.0518],[12.9879,42.0471],[12.9842,42.0412],[12.9746,42.0365],[12.9693,42.0354],[12.9606,42.0383],[12.956,42.0378]]]},"properties":{"kind":"roman-road","source":"itinere-roads"}},{"type":"Feature","geometry":{"type":"MultiLineString","coordinates":[[[13.0087,42.0214],[13.002,42.0185],[12.9964,42.0198],[12.9756,42.0291],[12.9695,42.0338],[12.96,42.0352],[12.956,42.0378]]]},"properties":{"kind":"roman-road","source":"itinere-roads"}},{"type":"Feature","geometry":{"type":"MultiLineString","coordinates":[[[12.8889,41.8381],[12.894,41.8375],[12.8944,41.8355],[12.9025,41.8298],[12.9066,41.8303],[12.9087,41.8276],[12.9228,41.8227],[12.9241,41.8253],[12.9269,41.8253],[12.9259,41.822],[12.9274,41.8188],[12.9395,41.8208],[12.9417,41.8195],[12.9631,41.8207]]]},"properties":{"kind":"roman-road","source":"itinere-roads"}},{"type":"Feature","geometry":{"type":"MultiLineString","coordinates":[[[12.9691,41.8222],[12.9718,41.8268],[12.9725,41.8327],[12.9754,41.8369],[12.9749,41.8443],[12.9822,41.8466],[12.9762,41.8528],[12.9761,41.8603],[12.9749,41.8617],[12.9772,41.874],[12.9804,41.8766],[12.9784,41.883],[12.9751,41.8841],[12.9739,41.8893],[12.9616,41.8902],[12.9577,41.8921],[12.9583,41.9051],[12.9573,41.9079],[12.962,41.9124],[12.9657,41.9184],[12.965,41.9232],[12.9577,41.9304],[12.9589,41.9351],[12.9581,41.9386],[12.9481,41.9465],[12.9434,41.9469],[12.9321,41.961]]]},"properties":{"kind":"roman-road","source":"itinere-roads"}},{"type":"Feature","geometry":{"type":"MultiLineString","coordinates":[[[12.9631,41.8207],[12.9691,41.8222]]]},"properties":{"kind":"roman-road","source":"itinere-roads"}},{"type":"Feature","geometry":{"type":"MultiLineString","coordinates":[[[12.9321,41.961],[12.9325,41.9629],[12.9389,41.9675],[12.9392,41.978],[12.9349,41.9877],[12.9362,41.9914],[12.9255,42.0125],[12.9247,42.0226],[12.9219,42.0224],[12.9225,42.0258],[12.9208,42.0264]]]},"properties":{"kind":"roman-road","source":"itinere-roads"}},{"type":"Feature","geometry":{"type":"MultiLineString","coordinates":[[[12.9116,41.7424],[12.9154,41.746],[12.915,41.7545],[12.913,41.759],[12.9212,41.7707],[12.9191,41.7731],[12.9268,41.7755]]]},"properties":{"kind":"roman-road","source":"itinere-roads"}},{"type":"Feature","geometry":{"type":"MultiLineString","coordinates":[[[12.9268,41.7755],[12.9328,41.7784],[12.9383,41.7851],[12.9447,41.7898],[12.9462,41.7933],[12.9514,41.794],[12.9543,41.7999],[12.9574,41.8011],[12.9545,41.8056],[12.9552,41.8086],[12.9614,41.8198],[12.9631,41.8207]]]},"properties":{"kind":"roman-road","source":"itinere-roads"}},{"type":"Feature","geometry":{"type":"MultiLineString","coordinates":[[[12.7989,41.9641],[12.8019,41.9605],[12.8028,41.9571],[12.8135,41.9514],[12.8181,41.9519],[12.8222,41.9505],[12.8489,41.9539],[12.8505,41.9552],[12.8621,41.9572],[12.8635,41.9585],[12.876,41.9589],[12.8883,41.9622],[12.8898,41.9636],[12.9117,41.9662],[12.9245,41.963],[12.9315,41.9639],[12.9321,41.961]]]},"properties":{"kind":"roman-road","source":"itinere-roads"}},{"type":"Feature","geometry":{"type":"MultiLineString","coordinates":[[[13.3512,41.6461],[13.3502,41.6485],[13.3513,41.662],[13.3477,41.673],[13.3513,41.6825],[13.3522,41.6936],[13.3563,41.6984],[13.3588,41.7092],[13.3534,41.7129]]]},"properties":{"kind":"roman-road","source":"itinere-roads"}},{"type":"Feature","geometry":{"type":"MultiLineString","coordinates":[[[13.3534,41.7129],[13.3507,41.7185],[13.3514,41.7222],[13.3476,41.7246]]]},"properties":{"kind":"roman-road","source":"itinere-roads"}},{"type":"Feature","geometry":{"type":"MultiLineString","coordinates":[[[13.251,41.693],[13.2616,41.6967],[13.2683,41.6969],[13.2907,41.6931],[13.2969,41.6908],[13.3034,41.6911],[13.3127,41.6888],[13.3348,41.6897],[13.3406,41.6913],[13.3413,41.6954],[13.3455,41.6982],[13.3509,41.7048],[13.3506,41.7066],[13.3539,41.7103],[13.3534,41.7129]]]},"properties":{"kind":"roman-road","source":"itinere-roads"}},{"type":"Feature","geometry":{"type":"MultiLineString","coordinates":[[[12.9691,41.8222],[12.9745,41.8182],[12.9984,41.8199],[13.0041,41.8223],[13.0097,41.8228],[13.0116,41.8209],[13.0141,41.8218],[13.0206,41.8197],[13.0425,41.8206],[13.0565,41.8231],[13.0703,41.83],[13.0785,41.8325],[13.0848,41.8322],[13.0873,41.8352],[13.0901,41.8354],[13.1018,41.8332],[13.104,41.8315],[13.1209,41.8286],[13.1263,41.8286],[13.1283,41.83],[13.1363,41.829],[13.1395,41.8307],[13.1408,41.8335],[13.144,41.8344],[13.1476,41.8332],[13.1503,41.8305],[13.171,41.8285],[13.1804,41.8308],[13.181,41.8339],[13.1781,41.8393],[13.1793,41.8419],[13.1939,41.8475]]]},"properties":{"kind":"roman-road","source":"itinere-roads"}},{"type":"Feature","geometry":{"type":"MultiLineString","coordinates":[[[13.1939,41.8475],[13.2204,41.8431],[13.2219,41.8409],[13.2358,41.8378],[13.2417,41.8327],[13.2503,41.8316],[13.2538,41.8286],[13.2776,41.8225],[13.2798,41.8207],[13.28,41.8136],[13.2936,41.8069],[13.3044,41.8037],[13.3154,41.7977],[13.3171,41.7916],[13.3118,41.7888],[13.315,41.7854],[13.315,41.7816],[13.3181,41.7794],[13.3205,41.7739],[13.3183,41.7717],[13.3227,41.7578],[13.3303,41.7535],[13.3314,41.7498],[13.3382,41.7465],[13.3382,41.7431],[13.3427,41.7416],[13.3447,41.7373],[13.3439,41.7324],[13.3476,41.7246]]]},"properties":{"kind":"roman-road","source":"itinere-roads"}},{"type":"Feature","geometry":{"type":"MultiLineString","coordinates":[[[13.1939,41.8475],[13.1931,41.8492],[13.1822,41.8516],[13.1619,41.8537],[13.1527,41.8559],[13.1514,41.8575],[13.1424,41.8606],[13.1302,41.8626],[13.1311,41.8637],[13.1279,41.8681],[13.122,41.8685],[13.1181,41.873],[13.1139,41.8756],[13.1098,41.8764],[13.1005,41.8894],[13.0966,41.8901],[13.096,41.8938],[13.0898,41.9064],[13.1028,41.9068],[13.1044,41.9083],[13.1018,41.9115],[13.1013,41.9166],[13.1024,41.9195],[13.1071,41.919]]]},"properties":{"kind":"roman-road","source":"itinere-roads"}},{"type":"Feature","geometry":{"type":"MultiLineString","coordinates":[[[13.3866,42.0821],[13.3782,42.0666],[13.3691,42.0588],[13.3698,42.0541],[13.3666,42.0489],[13.3712,42.046],[13.3818,42.0345],[13.3846,42.0329],[13.3895,42.0246],[13.4011,41.9914],[13.4013,41.9851],[13.3977,41.9789],[13.3972,41.9738],[13.3905,41.9647],[13.3922,41.9603],[13.3971,41.9583],[13.3991,41.9548],[13.4033,41.9554],[13.4072,41.9544],[13.4112,41.9503],[13.4114,41.9473],[13.4154,41.9437],[13.4198,41.9418],[13.4186,41.9394],[13.4227,41.9321],[13.4244,41.9236],[13.4269,41.9192],[13.4283,41.9093],[13.4325,41.9064],[13.4339,41.9023],[13.4391,41.8994],[13.4427,41.8944],[13.4425,41.8923],[13.448,41.8867],[13.4526,41.878],[13.4569,41.8763],[13.4637,41.8652],[13.4713,41.863],[13.4718,41.8605],[13.4757,41.8607],[13.4808,41.8574],[13.4866,41.8562],[13.4898,41.8515],[13.4966,41.8502],[13.504,41.8465],[13.5061,41.8479],[13.5176,41.8417],[13.5217,41.8407],[13.5295,41.8333],[13.5316,41.8291],[13.5352,41.8303],[13.5378,41.8294],[13.5424,41.8247],[13.5438,41.8203],[13.5539,41.8189],[13.5523,41.8148],[13.5559,41.8129],[13.5644,41.8027],[13.5682,41.8034],[13.5723,41.7947],[13.5832,41.786],[13.5876,41.7846],[13.5968,41.7775],[13.5971,41.7758],[13.6023,41.7737],[13.6048,41.7706],[13.6033,41.7676],[13.6074,41.7647],[13.6144,41.7551],[13.618,41.7537],[13.6213,41.7499],[13.6182,41.747],[13.6194,41.7449],[13.6191,41.7363],[13.6235,41.7327],[13.6242,41.7281],[13.6212,41.7208],[13.6164,41.7175]]]},"properties":{"kind":"roman-road","source":"itinere-roads"}},{"type":"Feature","geometry":{"type":"MultiLineString","coordinates":[[[13.3512,41.6461],[13.3553,41.655],[13.36,41.659],[13.3652,41.6606],[13.3718,41.6655],[13.3771,41.665],[13.382,41.6664],[13.3829,41.6696],[13.3991,41.6819],[13.4032,41.6831],[13.4137,41.683],[13.4144,41.6795],[13.4198,41.6848],[13.4228,41.6851]]]},"properties":{"kind":"roman-road","source":"itinere-roads"}},{"type":"Feature","geometry":{"type":"MultiLineString","coordinates":[[[13.4228,41.6851],[13.4241,41.6841],[13.4288,41.686],[13.4415,41.6829],[13.4439,41.6854],[13.4471,41.6845],[13.4501,41.6787],[13.4659,41.6753],[13.4743,41.6754],[13.4839,41.6727],[13.4898,41.6692],[13.5097,41.6712],[13.5132,41.6719],[13.5194,41.6773],[13.5222,41.6774],[13.5334,41.6815],[13.5384,41.6847],[13.5443,41.686],[13.5533,41.6944],[13.5676,41.7011],[13.5818,41.7108],[13.5876,41.7131],[13.6164,41.7175]]]},"properties":{"kind":"roman-road","source":"itinere-roads"}},{"type":"Feature","geometry":{"type":"MultiLineString","coordinates":[[[13.5219,41.5477],[13.5229,41.5516],[13.5267,41.553],[13.5264,41.5584],[13.5342,41.5691],[13.5394,41.585],[13.5444,41.5879],[13.5473,41.5924],[13.5507,41.5934],[13.5503,41.596],[13.5542,41.5988],[13.5536,41.6029],[13.5492,41.6104],[13.542,41.6122],[13.5402,41.6143],[13.5397,41.6189],[13.5415,41.6215],[13.5418,41.6279],[13.5468,41.6297],[13.5501,41.635],[13.5605,41.6361],[13.562,41.6395],[13.5624,41.6468],[13.5571,41.6536],[13.5566,41.6562],[13.5588,41.6585],[13.5594,41.6678],[13.5605,41.6691],[13.5578,41.6736],[13.5613,41.6754],[13.5752,41.677],[13.577,41.6826],[13.5801,41.6843],[13.5795,41.6969],[13.6056,41.7136],[13.6164,41.7175]]]},"properties":{"kind":"roman-road","source":"itinere-roads"}},{"type":"Feature","geometry":{"type":"MultiLineString","coordinates":[[[13.6164,41.7175],[13.6105,41.7103],[13.6112,41.705],[13.6091,41.6994],[13.6094,41.6954],[13.6051,41.6896],[13.6007,41.6863],[13.6018,41.6836],[13.6008,41.6806],[13.5949,41.6777],[13.5915,41.678],[13.5925,41.6745],[13.6038,41.6682],[13.6047,41.6645],[13.6086,41.6592],[13.6139,41.6555],[13.6096,41.6483]]]},"properties":{"kind":"roman-road","source":"itinere-roads"}},{"type":"Feature","geometry":{"type":"MultiLineString","coordinates":[[[13.6096,41.6483],[13.6124,41.6466],[13.6163,41.6409],[13.6171,41.6368],[13.6148,41.6338],[13.624,41.6308],[13.628,41.6252],[13.6246,41.6224],[13.6284,41.6214],[13.6305,41.6187],[13.6293,41.616],[13.6314,41.6147],[13.636,41.6158],[13.6416,41.6147],[13.639,41.6124],[13.634,41.6107],[13.6361,41.6088],[13.6346,41.5983],[13.643,41.5911],[13.644,41.5839],[13.6414,41.5829],[13.641,41.5741],[13.6359,41.5755],[13.6341,41.5734],[13.6402,41.5682],[13.6401,41.5637],[13.6444,41.5636],[13.6626,41.5551],[13.6615,41.5521],[13.6624,41.5485],[13.6707,41.5347],[13.7003,41.5069],[13.7033,41.4988]]]},"properties":{"kind":"roman-road","source":"itinere-roads"}},{"type":"Feature","geometry":{"type":"MultiLineString","coordinates":[[[13.6164,41.7175],[13.6322,41.7047],[13.6465,41.7],[13.6622,41.699],[13.6689,41.6948],[13.6794,41.6925],[13.6886,41.6853],[13.6922,41.6845],[13.7113,41.6734],[13.7158,41.672],[13.7237,41.6733],[13.7396,41.6563],[13.7496,41.6478],[13.7602,41.6418],[13.768,41.6401],[13.7767,41.6357],[13.7904,41.6329],[13.7891,41.6297],[13.792,41.6246]]]},"properties":{"kind":"roman-road","source":"itinere-roads"}},{"type":"Feature","geometry":{"type":"MultiLineString","coordinates":[[[13.792,41.6246],[13.7925,41.6186],[13.7976,41.6116],[13.8035,41.5931],[13.8136,41.5843],[13.8138,41.582],[13.8193,41.5775],[13.8222,41.5726],[13.8249,41.5715],[13.8263,41.5671],[13.8288,41.5659],[13.8361,41.5571],[13.8454,41.5432],[13.8439,41.5419],[13.8472,41.5368],[13.8353,41.515],[13.8351,41.5102],[13.8307,41.4974],[13.8265,41.4918],[13.8247,41.4826]]]},"properties":{"kind":"roman-road","source":"itinere-roads"}},{"type":"Feature","geometry":{"type":"MultiLineString","coordinates":[[[13.792,41.6246],[13.798,41.6247],[13.8072,41.6219],[13.8114,41.618],[13.8151,41.6171],[13.857,41.6221],[13.8664,41.6184],[13.8801,41.6203],[13.8813,41.6217],[13.888,41.6212],[13.8912,41.6189],[13.8943,41.6203],[13.8999,41.6183],[13.905,41.6141],[13.9102,41.6128],[13.9145,41.6146],[13.9192,41.611],[13.9239,41.6131],[13.9389,41.6112],[13.9448,41.6092],[13.9618,41.6096],[13.9647,41.6112],[13.9766,41.6079],[13.9717,41.6045],[13.9724,41.6005],[13.9664,41.593],[13.9688,41.5886],[13.9742,41.5896],[13.9843,41.5857],[13.9929,41.5887],[14.0045,41.5884],[14.0157,41.5904],[14.024,41.5942],[14.0218,41.5985],[14.0217,41.6015],[14.0306,41.6032],[14.0321,41.6058],[14.0353,41.6048],[14.0363,41.6107],[14.0446,41.6117],[14.049,41.6079],[14.0542,41.613],[14.0559,41.6093],[14.0582,41.6084],[14.0629,41.6118],[14.067,41.6119],[14.0746,41.6103],[14.0875,41.6015],[14.0911,41.6021],[14.097,41.6084],[14.0992,41.6068],[14.1004,41.5971],[14.1034,41.5943],[14.1104,41.592],[14.1167,41.5874],[14.1194,41.5816],[14.1237,41.5788],[14.1243,41.5755],[14.1224,41.573],[14.1178,41.5733],[14.1198,41.5678],[14.1216,41.5669],[14.1175,41.5575],[14.1195,41.556],[14.1312,41.5348],[14.129,41.5213]]]},"properties":{"kind":"roman-road","source":"itinere-roads"}},{"type":"Feature","geometry":{"type":"MultiLineString","coordinates":[[[13.5532,42.0713],[13.5556,42.063],[13.5665,42.0495],[13.576,42.0461],[13.5836,42.04],[13.5974,42.0343],[13.6122,42.0153],[13.6159,42.013],[13.6169,42.0073],[13.6194,42.0052]]]},"properties":{"kind":"roman-road","source":"itinere-roads"}},{"type":"Feature","geometry":{"type":"MultiLineString","coordinates":[[[13.835,42.1173],[13.8258,42.1088],[13.815,42.1027],[13.8039,42.1011],[13.7976,42.0961],[13.7931,42.0943],[13.7829,42.0944],[13.7749,42.0998],[13.7674,42.0988],[13.7605,42.0995],[13.7562,42.1014],[13.7556,42.0971],[13.749,42.0891],[13.7457,42.083],[13.7368,42.0812],[13.7307,42.0818],[13.7202,42.0753],[13.7149,42.0684],[13.7083,42.0681],[13.7073,42.0653],[13.7024,42.0626],[13.6939,42.0623],[13.6886,42.064],[13.684,42.0637],[13.6791,42.0586],[13.6765,42.0583],[13.6665,42.0619],[13.6593,42.0627],[13.6396,42.0561],[13.6273,42.0588]]]},"properties":{"kind":"roman-road","source":"itinere-roads"}},{"type":"Feature","geometry":{"type":"MultiLineString","coordinates":[[[13.6194,42.0052],[13.6254,42.0118],[13.6186,42.0399],[13.6288,42.0506],[13.6285,42.0577],[13.6273,42.0588]]]},"properties":{"kind":"roman-road","source":"itinere-roads"}},{"type":"Feature","geometry":{"type":"MultiLineString","coordinates":[[[13.6194,42.0052],[13.6295,41.9972],[13.6403,41.9911],[13.6567,41.9728],[13.6781,41.9581],[13.6859,41.9557],[13.6945,41.955],[13.7014,41.9524],[13.7038,41.9498],[13.7008,41.9451],[13.7015,41.9428],[13.7057,41.941],[13.7067,41.9376],[13.7125,41.9342],[13.7054,41.9299],[13.7028,41.9268],[13.7052,41.9235],[13.7119,41.9217],[13.7119,41.9256],[13.7167,41.9249],[13.722,41.9191],[13.7206,41.916],[13.7163,41.9154],[13.7174,41.9126],[13.7317,41.9058],[13.7389,41.8899],[13.7457,41.882],[13.7472,41.878],[13.7461,41.8758],[13.7478,41.8726],[13.7561,41.8659],[13.7659,41.8635],[13.7718,41.8587],[13.7747,41.8535],[13.7773,41.852],[13.7852,41.842],[13.7902,41.8222],[13.7897,41.8185],[13.7914,41.8126],[13.7892,41.8014],[13.791,41.8008],[13.7961,41.7938],[13.8151,41.7887],[13.8261,41.7831],[13.8297,41.7757],[13.8339,41.7812],[13.8425,41.7827],[13.8625,41.779],[13.8675,41.78],[13.8708,41.7791],[13.885,41.7815],[13.912,41.7817],[13.9184,41.7774],[13.925,41.776],[13.9385,41.7765],[13.9486,41.7737],[13.9635,41.7668],[13.9856,41.7628],[13.9883,41.759],[13.9928,41.7567],[13.9915,41.7495],[13.9921,41.7412],[14.0049,41.7377],[14.0114,41.7384],[14.0139,41.7326],[14.0161,41.7376],[14.0192,41.7405],[14.0204,41.736],[14.0284,41.7316],[14.0303,41.7342],[14.0488,41.7414],[14.0754,41.7488],[14.0927,41.7514],[14.1078,41.7842]]]},"properties":{"kind":"roman-road","source":"itinere-roads"}},{"type":"Feature","geometry":{"type":"MultiLineString","coordinates":[[[13.9296,41.2301],[13.9383,41.2257],[13.9488,41.2264],[13.9679,41.2311]]]},"properties":{"kind":"roman-road","source":"itinere-roads"}},{"type":"Feature","geometry":{"type":"MultiLineString","coordinates":[[[13.9679,41.2311],[13.9718,41.2354],[13.9755,41.237],[13.9802,41.234],[13.9983,41.2365],[14.005,41.2298],[14.0098,41.2302],[14.0111,41.2321],[14.0165,41.2317],[14.0195,41.2353],[14.0296,41.2413],[14.0364,41.2383],[14.0459,41.2429],[14.0509,41.2435],[14.0556,41.2423],[14.0598,41.2453],[14.0612,41.2447],[14.0662,41.2486],[14.0672,41.2513]]]},"properties":{"kind":"roman-road","source":"itinere-roads"}},{"type":"Feature","geometry":{"type":"MultiLineString","coordinates":[[[13.7703,41.2428],[13.7877,41.2402],[13.7911,41.242],[13.8069,41.2438],[13.82,41.2418],[13.8399,41.2359],[13.8565,41.2253],[13.8675,41.2214],[13.915,41.2214],[13.9231,41.2276],[13.9296,41.2301]]]},"properties":{"kind":"roman-road","source":"itinere-roads"}},{"type":"Feature","geometry":{"type":"MultiLineString","coordinates":[[[13.7033,41.4988],[13.7062,41.4908],[13.7103,41.4866],[13.7276,41.4793],[13.7343,41.4708],[13.7353,41.464],[13.7419,41.4602],[13.7431,41.4547],[13.7386,41.4443],[13.7423,41.4393],[13.7421,41.4361],[13.7454,41.432],[13.7541,41.4276]]]},"properties":{"kind":"roman-road","source":"itinere-roads"}},{"type":"Feature","geometry":{"type":"MultiLineString","coordinates":[[[13.7541,41.4276],[13.7582,41.427],[13.7648,41.4229],[13.7713,41.4212],[13.8002,41.4327]]]},"properties":{"kind":"roman-road","source":"itinere-roads"}},{"type":"Feature","geometry":{"type":"MultiLineString","coordinates":[[[13.8002,41.4327],[13.8025,41.4365],[13.807,41.4375],[13.808,41.4395],[13.8115,41.4402],[13.8242,41.4484],[13.8292,41.4483],[13.8501,41.4564]]]},"properties":{"kind":"roman-road","source":"itinere-roads"}},{"type":"Feature","geometry":{"type":"MultiLineString","coordinates":[[[13.7541,41.4276],[13.7608,41.4298],[13.7781,41.4466],[13.7939,41.4539],[13.8029,41.4636],[13.8201,41.4735],[13.8247,41.4826]]]},"properties":{"kind":"roman-road","source":"itinere-roads"}},{"type":"Feature","geometry":{"type":"MultiLineString","coordinates":[[[13.7541,41.4276],[13.7433,41.4183],[13.7413,41.4094],[13.7358,41.4036],[13.7348,41.4009],[13.7313,41.3996],[13.7318,41.3961],[13.7284,41.3944],[13.7304,41.3833],[13.7337,41.3794],[13.7395,41.3763],[13.7495,41.3607],[13.7503,41.3572],[13.7477,41.3528],[13.7552,41.3385],[13.7517,41.333],[13.751,41.3253],[13.7648,41.3079],[13.7635,41.3017],[13.766,41.2952],[13.7697,41.2921],[13.7788,41.288],[13.7861,41.2812],[13.7894,41.2742],[13.7893,41.2695]]]},"properties":{"kind":"roman-road","source":"itinere-roads"}},{"type":"Feature","geometry":{"type":"MultiLineString","coordinates":[[[13.7893,41.2695],[13.7793,41.2634],[13.7804,41.261],[13.7794,41.2555],[13.7755,41.2503],[13.7742,41.2462],[13.7703,41.2428]]]},"properties":{"kind":"roman-road","source":"itinere-roads"}},{"type":"Feature","geometry":{"type":"MultiLineString","coordinates":[[[13.7893,41.2695],[13.7939,41.2702],[13.7995,41.275],[13.8173,41.2824],[13.8201,41.2871],[13.8236,41.289],[13.8322,41.2895],[13.8363,41.2883],[13.8495,41.2948],[13.8571,41.2929],[13.863,41.2947],[13.8784,41.2958],[13.8835,41.2942],[13.8864,41.2948],[13.8894,41.2985],[13.889,41.3045],[13.8942,41.3112],[13.8856,41.3218],[13.8782,41.3262],[13.8757,41.3324],[13.8715,41.3381],[13.8689,41.3476],[13.863,41.3515],[13.8623,41.3561],[13.8581,41.361],[13.8568,41.3671],[13.8523,41.3753],[13.8498,41.3776],[13.8495,41.3811],[13.8441,41.3886],[13.844,41.3944],[13.84,41.3976],[13.8333,41.4],[13.8264,41.4069],[13.8229,41.4081],[13.8229,41.4118],[13.8189,41.4174],[13.8097,41.4219],[13.8077,41.4279],[13.8025,41.4324],[13.8002,41.4327]]]},"properties":{"kind":"roman-road","source":"itinere-roads"}},{"type":"Feature","geometry":{"type":"MultiLineString","coordinates":[[[13.5668,41.2185],[13.569,41.2226],[13.5654,41.2256],[13.5681,41.2343],[13.5724,41.2399],[13.5821,41.2483],[13.5978,41.253]]]},"properties":{"kind":"roman-road","source":"itinere-roads"}},{"type":"Feature","geometry":{"type":"MultiLineString","coordinates":[[[13.4271,41.3589],[13.4237,41.3507],[13.4214,41.3267],[13.4124,41.3183],[13.4007,41.3105],[13.3967,41.2969],[13.4043,41.2828],[13.4142,41.2774],[13.4198,41.271],[13.4268,41.2655],[13.4278,41.2621],[13.4506,41.2516],[13.4598,41.245],[13.4643,41.2463],[13.4692,41.2494],[13.47,41.2515],[13.4736,41.2528],[13.4813,41.2476],[13.4836,41.2424],[13.4868,41.2411],[13.4905,41.2426],[13.4902,41.2387],[13.5048,41.2276],[13.5206,41.2332],[13.5339,41.2298],[13.5393,41.2321],[13.547,41.2329],[13.5518,41.2378],[13.5598,41.2506],[13.5637,41.2517],[13.5653,41.2544]]]},"properties":{"kind":"roman-road","source":"itinere-roads"}},{"type":"Feature","geometry":{"type":"MultiLineString","coordinates":[[[13.9679,41.2311],[13.9778,41.2284],[13.9864,41.2214],[13.9857,41.2112],[13.9833,41.206],[13.9859,41.1957],[13.9726,41.1463],[13.9684,41.1389],[13.9687,41.1342]]]},"properties":{"kind":"roman-road","source":"itinere-roads"}},{"type":"Feature","geometry":{"type":"MultiLineString","coordinates":[[[13.8549,41.1412],[13.8712,41.1221],[13.8804,41.1153],[13.9099,41.0886],[13.9187,41.0785],[13.935,41.0424],[13.9388,41.0367],[13.9419,41.0342],[14.0169,40.942],[14.0248,40.9278],[14.0263,40.9187],[14.037,40.9111],[14.0407,40.9005],[14.0445,40.8978],[14.0527,40.858],[14.0564,40.8518],[14.0564,40.8476]]]},"properties":{"kind":"roman-road","source":"itinere-roads"}},{"type":"Feature","geometry":{"type":"MultiLineString","coordinates":[[[14.0699,40.8183],[14.0723,40.8213],[14.0762,40.8228],[14.0767,40.8261],[14.1003,40.8356],[14.1089,40.8345],[14.12,40.8309],[14.126,40.8251],[14.129,40.8293]]]},"properties":{"kind":"roman-road","source":"itinere-roads"}},{"type":"Feature","geometry":{"type":"MultiLineString","coordinates":[[[14.0699,40.8183],[14.0624,40.8215],[14.0587,40.8282],[14.0561,40.8301],[14.0546,40.8345],[14.055,40.8421],[14.0579,40.8448],[14.0564,40.8476]]]},"properties":{"kind":"roman-road","source":"itinere-roads"}},{"type":"Feature","geometry":{"type":"MultiLineString","coordinates":[[[15.3345,41.5066],[15.3305,41.5332],[15.3019,41.6055],[15.297,41.6392],[15.2897,41.6606],[15.2914,41.687],[15.2789,41.7004],[15.2775,41.7039],[15.2768,41.7231],[15.2682,41.736],[15.2639,41.7376],[15.2599,41.7411],[15.2592,41.7448],[15.2562,41.7483],[15.2328,41.7705],[15.2285,41.7723],[15.2268,41.7763]]]},"properties":{"kind":"roman-road","source":"itinere-roads"}},{"type":"Feature","geometry":{"type":"MultiLineString","coordinates":[[[14.0481,41.3562],[14.0586,41.359],[14.0631,41.3608],[14.0682,41.3649],[14.0722,41.3657],[14.0766,41.3754],[14.0824,41.3793],[14.0903,41.3823],[14.0975,41.3826],[14.1031,41.3886],[14.1042,41.3937],[14.1026,41.4006],[14.0966,41.4113],[14.0862,41.4226],[14.0604,41.4559],[14.0452,41.4833]]]},"properties":{"kind":"roman-road","source":"itinere-roads"}},{"type":"Feature","geometry":{"type":"MultiLineString","coordinates":[[[14.5291,41.4629],[14.5369,41.4712],[14.5459,41.477],[14.5531,41.4767],[14.5564,41.4747],[14.5727,41.4766],[14.5888,41.4821],[14.5898,41.4845],[14.6018,41.4916],[14.6102,41.4946],[14.6066,41.5047],[14.6077,41.5146],[14.6109,41.5173],[14.6142,41.5249],[14.6136,41.5352],[14.6255,41.5463],[14.6288,41.5446],[14.6335,41.5455],[14.635,41.5475],[14.6403,41.5451],[14.6443,41.5455],[14.6468,41.5498],[14.6518,41.5482],[14.6581,41.5505],[14.6604,41.5594],[14.6643,41.5644],[14.6631,41.568],[14.6666,41.5732],[14.6667,41.5821],[14.6704,41.5888],[14.6713,41.5947],[14.6788,41.5973]]]},"properties":{"kind":"roman-road","source":"itinere-roads"}},{"type":"Feature","geometry":{"type":"MultiLineString","coordinates":[[[14.6788,41.5973],[14.6842,41.6003],[14.686,41.6038],[14.6863,41.6086],[14.6965,41.6232],[14.7029,41.6279],[14.703,41.6331],[14.7071,41.6382],[14.7068,41.6399],[14.7104,41.643],[14.7293,41.6413],[14.7318,41.6397],[14.7398,41.6388],[14.7434,41.6364],[14.7474,41.6365],[14.7557,41.6404],[14.7658,41.6417],[14.7786,41.6469],[14.785,41.6474],[14.7883,41.65],[14.7942,41.6506],[14.7987,41.6533],[14.8051,41.6543],[14.8137,41.6488],[14.8198,41.6494],[14.8262,41.6481],[14.83,41.6511],[14.8305,41.6536],[14.8272,41.6543],[14.826,41.6569],[14.8327,41.6588],[14.8349,41.6617],[14.8416,41.6654],[14.8439,41.6705],[14.8423,41.6746],[14.8467,41.6785],[14.8424,41.6799],[14.8425,41.6837],[14.8399,41.6848],[14.8421,41.6886],[14.8387,41.6922],[14.8383,41.6968],[14.8461,41.7006],[14.8475,41.7118],[14.8464,41.7149],[14.8485,41.7208],[14.8467,41.7233],[14.8495,41.729],[14.8476,41.7391],[14.8501,41.7412],[14.8482,41.7459],[14.8505,41.7479],[14.8513,41.7516],[14.8548,41.752],[14.8553,41.7554],[14.8597,41.7593],[14.8646,41.7551],[14.8674,41.7546],[14.8748,41.7569],[14.876,41.7557]]]},"properties":{"kind":"roman-road","source":"itinere-roads"}},{"type":"Feature","geometry":{"type":"MultiLineString","coordinates":[[[14.876,41.7557],[14.8785,41.756],[14.8824,41.7614],[14.8787,41.7637],[14.878,41.7724],[14.8801,41.774],[14.8851,41.7742],[14.8864,41.7768],[14.89,41.7786],[14.8906,41.7849],[14.8977,41.7859],[14.8969,41.7883],[14.8995,41.7904],[14.8986,41.7926],[14.9054,41.7946],[14.9074,41.7938],[14.9097,41.7973],[14.9183,41.7964],[14.9176,41.8025],[14.921,41.8044]]]},"properties":{"kind":"roman-road","source":"itinere-roads"}},{"type":"Feature","geometry":{"type":"MultiLineString","coordinates":[[[15.3345,41.5066],[15.2993,41.5399],[15.2584,41.5691],[15.2379,41.5792],[15.218,41.5857],[15.2064,41.6094],[15.1999,41.6142],[15.1893,41.6169],[15.1821,41.6292],[15.1638,41.6411],[15.1399,41.6457],[15.1321,41.6491],[15.1264,41.6552],[15.1225,41.6571],[15.1123,41.6593],[15.1067,41.6581],[15.1018,41.6603],[15.0998,41.663],[15.0936,41.6663],[15.0914,41.6712],[15.0889,41.6736],[15.0851,41.6746],[15.0844,41.6788],[15.0677,41.699],[15.0582,41.6983],[15.0471,41.7038],[15.0309,41.7032],[15.0098,41.7066],[15.0062,41.706],[15.0024,41.7079],[14.994,41.7091],[14.9872,41.7132],[14.986,41.7155],[14.9809,41.7157],[14.9731,41.7203],[14.9666,41.7204],[14.9621,41.7266],[14.9562,41.7258],[14.9539,41.7325],[14.9508,41.7362],[14.9465,41.7356],[14.9414,41.7385],[14.9378,41.7376],[14.9316,41.7405],[14.9317,41.7447],[14.918,41.7436],[14.9108,41.7463],[14.8987,41.7474],[14.8945,41.7436],[14.8902,41.7448],[14.8879,41.7474],[14.8842,41.7465],[14.8782,41.7483],[14.8765,41.7507],[14.876,41.7557]]]},"properties":{"kind":"roman-road","source":"itinere-roads"}},{"type":"Feature","geometry":{"type":"MultiLineString","coordinates":[[[13.4361,46.0884],[13.4274,46.0971],[13.415,46.1019],[13.4043,46.1052],[13.3617,46.1138]]]},"properties":{"kind":"roman-road","source":"itinere-roads"}},{"type":"Feature","geometry":{"type":"MultiLineString","coordinates":[[[13.3617,46.1138],[13.346,46.1114],[13.3391,46.1124],[13.2948,46.1326],[13.2714,46.1416],[13.2536,46.1449],[13.2178,46.1578]]]},"properties":{"kind":"roman-road","source":"itinere-roads"}},{"type":"Feature","geometry":{"type":"MultiLineString","coordinates":[[[13.3617,46.1138],[13.3506,46.1327],[13.3509,46.1386],[13.3473,46.143],[13.3468,46.1494],[13.3437,46.154],[13.3357,46.159],[13.33,46.1598],[13.3256,46.1664],[13.3181,46.1725],[13.3083,46.1835],[13.3055,46.1896],[13.3008,46.194],[13.2905,46.197],[13.286,46.2014],[13.2673,46.1997],[13.2526,46.1945],[13.2461,46.1959],[13.2373,46.1959],[13.2194,46.2135],[13.1795,46.2206]]]},"properties":{"kind":"roman-road","source":"itinere-roads"}},{"type":"Feature","geometry":{"type":"MultiLineString","coordinates":[[[11.0391,44.7586],[11.042,44.792],[11.0515,44.8318],[11.0664,44.9128],[11.0992,45.0093],[11.1341,45.0659]]]},"properties":{"kind":"roman-road","source":"itinere-roads"}},{"type":"Feature","geometry":{"type":"MultiLineString","coordinates":[[[10.6311,44.6985],[10.6327,44.7082],[10.6255,44.7241],[10.6172,44.7341],[10.6027,44.7464],[10.5838,44.7795],[10.5647,44.8089],[10.5245,44.8757],[10.5176,44.8921],[10.5164,44.9003]]]},"properties":{"kind":"roman-road","source":"itinere-roads"}},{"type":"Feature","geometry":{"type":"MultiLineString","coordinates":[[[10.3281,44.8014],[10.3407,44.8078],[10.3957,44.829],[10.4262,44.834],[10.4428,44.8428],[10.4574,44.8444],[10.4655,44.8488],[10.4845,44.8673],[10.4966,44.8822],[10.5137,44.8967],[10.5164,44.9003]]]},"properties":{"kind":"roman-road","source":"itinere-roads"}},{"type":"Feature","geometry":{"type":"MultiLineString","coordinates":[[[10.5164,44.9003],[10.5123,44.9299],[10.502,44.9443]]]},"properties":{"kind":"roman-road","source":"itinere-roads"}},{"type":"Feature","geometry":{"type":"MultiLineString","coordinates":[[[10.502,44.9443],[10.4756,44.9661],[10.4519,44.9761],[10.4266,44.9922],[10.4125,45.0049],[10.3872,45.0241],[10.3635,45.0396],[10.2879,45.0799],[10.2629,45.0843],[10.1415,45.1163],[10.0964,45.119],[10.0532,45.1272],[10.0401,45.133],[10.0237,45.134]]]},"properties":{"kind":"roman-road","source":"itinere-roads"}},{"type":"Feature","geometry":{"type":"MultiLineString","coordinates":[[[10.0237,45.134],[10.0363,45.1493],[10.0733,45.2552],[10.0818,45.2674],[10.0925,45.2715],[10.1876,45.4328],[10.2011,45.4605],[10.2253,45.5372]]]},"properties":{"kind":"roman-road","source":"itinere-roads"}},{"type":"Feature","geometry":{"type":"MultiLineString","coordinates":[[[10.502,44.9443],[10.4735,45.0319],[10.4498,45.0958],[10.4403,45.1285]]]},"properties":{"kind":"roman-road","source":"itinere-roads"}},{"type":"Feature","geometry":{"type":"MultiLineString","coordinates":[[[10.6807,45.1559],[10.6745,45.1709],[10.6706,45.1879],[10.6685,45.2099],[10.6687,45.2281],[10.6626,45.2495]]]},"properties":{"kind":"roman-road","source":"itinere-roads"}},{"type":"Feature","geometry":{"type":"MultiLineString","coordinates":[[[10.6626,45.2495],[10.6547,45.2697],[10.6419,45.2879],[10.6072,45.3177],[10.5156,45.3622],[10.4365,45.3931],[10.3665,45.4266],[10.335,45.4465],[10.2977,45.4725],[10.2538,45.5097],[10.2419,45.5267],[10.2253,45.5372]]]},"properties":{"kind":"roman-road","source":"itinere-roads"}},{"type":"Feature","geometry":{"type":"MultiLineString","coordinates":[[[9.5744,45.1695],[9.5595,45.1799],[9.5298,45.2074],[9.4934,45.232],[9.4471,45.2667],[9.4432,45.2843],[9.4291,45.2973]]]},"properties":{"kind":"roman-road","source":"itinere-roads"}},{"type":"Feature","geometry":{"type":"MultiLineString","coordinates":[[[9.4291,45.2973],[9.4173,45.301]]]},"properties":{"kind":"roman-road","source":"itinere-roads"}},{"type":"Feature","geometry":{"type":"MultiLineString","coordinates":[[[9.4173,45.301],[9.3773,45.3267],[9.3304,45.3615],[9.3185,45.3662],[9.2812,45.3985],[9.2569,45.4218],[9.2384,45.4371],[9.1954,45.459],[9.1883,45.4638]]]},"properties":{"kind":"roman-road","source":"itinere-roads"}},{"type":"Feature","geometry":{"type":"MultiLineString","coordinates":[[[9.6931,45.0528],[9.689,45.059],[9.6812,45.0656],[9.6409,45.0721],[9.6089,45.0837],[9.598,45.0907],[9.5898,45.1331],[9.5744,45.1695]]]},"properties":{"kind":"roman-road","source":"itinere-roads"}},{"type":"Feature","geometry":{"type":"MultiLineString","coordinates":[[[9.7783,45.182],[9.7704,45.1889],[9.7444,45.1966],[9.7028,45.2153],[9.67,45.222],[9.6243,45.2473],[9.605,45.2545],[9.5746,45.2606],[9.5186,45.2676],[9.4884,45.2781],[9.463,45.2852],[9.4291,45.2973]]]},"properties":{"kind":"roman-road","source":"itinere-roads"}},{"type":"Feature","geometry":{"type":"MultiLineString","coordinates":[[[9.4173,45.301],[9.4498,45.3072],[9.4846,45.3097],[9.4993,45.313],[9.5158,45.3258],[9.5468,45.3358],[9.5582,45.3415],[9.6364,45.3539],[9.6666,45.3571],[9.7125,45.3701],[9.7419,45.3801],[9.783,45.3784],[9.8225,45.3705],[9.8271,45.3705],[9.867,45.4007],[9.8851,45.3981],[9.9224,45.4011],[9.9457,45.4148],[9.9896,45.4318],[10.0493,45.4807],[10.1258,45.517],[10.1387,45.5167],[10.1683,45.5311],[10.2253,45.5372]]]},"properties":{"kind":"roman-road","source":"itinere-roads"}},{"type":"Feature","geometry":{"type":"MultiLineString","coordinates":[[[9.1555,45.1861],[9.1686,45.1989],[9.1743,45.2111],[9.18,45.2356],[9.1907,45.2496],[9.2068,45.2626]]]},"properties":{"kind":"roman-road","source":"itinere-roads"}},{"type":"Feature","geometry":{"type":"MultiLineString","coordinates":[[[9.2068,45.2626],[9.2405,45.2721],[9.3825,45.3014],[9.4173,45.301]]]},"properties":{"kind":"roman-road","source":"itinere-roads"}},{"type":"Feature","geometry":{"type":"MultiLineString","coordinates":[[[12.388,45.5472],[12.3506,45.5743],[12.2939,45.622],[12.2729,45.6349],[12.2519,45.6602]]]},"properties":{"kind":"roman-road","source":"itinere-roads"}},{"type":"Feature","geometry":{"type":"MultiLineString","coordinates":[[[12.2519,45.6602],[12.244,45.6689],[12.2326,45.6944],[12.2184,45.7203],[12.2179,45.7297]]]},"properties":{"kind":"roman-road","source":"itinere-roads"}},{"type":"Feature","geometry":{"type":"MultiLineString","coordinates":[[[12.2179,45.7297],[12.2246,45.7509],[12.2371,45.7762],[12.2474,45.8076],[12.2502,45.8115]]]},"properties":{"kind":"roman-road","source":"itinere-roads"}},{"type":"Feature","geometry":{"type":"MultiLineString","coordinates":[[[12.4772,43.0176],[12.4673,43.0222],[12.4617,43.0216],[12.4474,43.0238],[12.4397,43.0205],[12.4365,43.017],[12.4361,43.0134],[12.4289,43.0091],[12.4266,43.0056],[12.4282,43.0026],[12.4275,42.9975],[12.4233,42.9903],[12.4147,42.9795],[12.4044,42.9727],[12.4014,42.9647],[12.3989,42.9466],[12.4021,42.9409],[12.4005,42.9331],[12.3921,42.9235],[12.3921,42.909],[12.3899,42.9016],[12.3906,42.894],[12.3991,42.8832],[12.4036,42.8524],[12.4089,42.8433],[12.3996,42.8291],[12.4013,42.8208],[12.405,42.8157],[12.4103,42.7962],[12.4071,42.7895],[12.4086,42.786],[12.4079,42.7782],[12.4151,42.7673],[12.4129,42.764],[12.4142,42.7562],[12.4101,42.7493],[12.4118,42.7468],[12.4126,42.7419],[12.415,42.7406],[12.4134,42.7368],[12.4134,42.7314],[12.4169,42.7217],[12.4188,42.7197],[12.418,42.7172],[12.4205,42.7132],[12.4129,42.7013],[12.4128,42.6958],[12.4146,42.6924],[12.4138,42.6867],[12.4147,42.6804],[12.4181,42.6778],[12.4221,42.67],[12.4235,42.6636],[12.4231,42.6558],[12.4322,42.6471],[12.4366,42.639],[12.4414,42.6199],[12.4404,42.6182],[12.4467,42.6149],[12.4478,42.6071],[12.4458,42.6023],[12.4494,42.5962],[12.4482,42.5916],[12.454,42.5828],[12.4593,42.5804],[12.4606,42.5772],[12.4559,42.5703],[12.4525,42.5705],[12.4461,42.5628],[12.4385,42.5574],[12.425,42.5551],[12.4209,42.5525],[12.4189,42.5484],[12.4088,42.5401],[12.4049,42.5387],[12.3978,42.5322],[12.3964,42.5253],[12.3988,42.5226],[12.3987,42.5174],[12.402,42.5087],[12.4011,42.5009],[12.4042,42.4982],[12.4036,42.494],[12.4055,42.4909],[12.4005,42.483],[12.3993,42.4784],[12.4007,42.476],[12.3987,42.4734],[12.3992,42.4684],[12.3884,42.4618],[12.3866,42.4584]]]},"properties":{"kind":"roman-road","source":"itinere-roads"}},{"type":"Feature","geometry":{"type":"MultiLineString","coordinates":[[[10.2854,45.5144],[10.3204,45.512],[10.3454,45.5168],[10.3576,45.5207],[10.3731,45.5298],[10.3853,45.5415],[10.3947,45.5482],[10.4334,45.5651],[10.4364,45.5678],[10.438,45.5805],[10.4367,45.5847],[10.4421,45.5863],[10.4436,45.5943],[10.4561,45.6024],[10.4757,45.6085],[10.4827,45.6145],[10.4844,45.6198],[10.4954,45.6246],[10.4962,45.6301],[10.5012,45.6339],[10.5009,45.6424]]]},"properties":{"kind":"roman-road","source":"itinere-roads"}},{"type":"Feature","geometry":{"type":"MultiLineString","coordinates":[[[11.9057,46.0166],[11.9106,46.0173],[11.9151,46.0213],[11.9281,46.026],[11.9623,46.0314],[11.9752,46.0355],[11.9908,46.046],[11.9921,46.053],[12.0043,46.0607],[12.0102,46.063],[12.0158,46.0689],[12.0302,46.079],[12.0403,46.0824],[12.0473,46.0873],[12.0731,46.0966],[12.0925,46.0951],[12.1156,46.0961],[12.1253,46.0944],[12.1392,46.0999],[12.1526,46.1075],[12.1724,46.1107],[12.19,46.1306],[12.1991,46.1358],[12.2105,46.1399],[12.2166,46.1393],[12.2242,46.1457],[12.2366,46.1619],[12.2463,46.171],[12.261,46.1738],[12.2717,46.1813],[12.2767,46.1827],[12.2847,46.191],[12.2857,46.1974],[12.2849,46.2078],[12.2879,46.2157],[12.2849,46.2229],[12.2946,46.237],[12.2945,46.2417],[12.299,46.2464],[12.2981,46.2481],[12.2988,46.2561],[12.3028,46.2643],[12.3013,46.2673],[12.301,46.2762],[12.3046,46.2828],[12.3102,46.2873],[12.3093,46.2907],[12.3102,46.2949],[12.3176,46.3013],[12.3239,46.3041],[12.3246,46.3064],[12.3225,46.3143],[12.3172,46.3184],[12.3169,46.3241],[12.331,46.334],[12.3304,46.3451],[12.3352,46.3504],[12.3404,46.3599],[12.3503,46.365],[12.3551,46.3708],[12.3555,46.3767],[12.3528,46.3789],[12.3518,46.3837],[12.3563,46.3945],[12.3555,46.3971],[12.3658,46.4009],[12.3672,46.4096],[12.3703,46.4134],[12.3768,46.4172],[12.3775,46.42],[12.3736,46.4227],[12.3734,46.426],[12.379,46.4324],[12.3816,46.4422],[12.3905,46.4482],[12.3966,46.4491],[12.4,46.4533],[12.4036,46.4533],[12.4321,46.4706],[12.432,46.4728],[12.4387,46.478],[12.4422,46.4833],[12.4498,46.4867],[12.4527,46.4956],[12.4576,46.5034],[12.4574,46.5073],[12.465,46.5166],[12.4712,46.5156],[12.4779,46.5207],[12.4791,46.5281],[12.4814,46.5305],[12.4863,46.532],[12.502,46.533],[12.5069,46.535],[12.5264,46.5387],[12.5297,46.5411],[12.5312,46.5462],[12.5306,46.5488],[12.5346,46.5523],[12.5399,46.5534],[12.5464,46.5517],[12.5505,46.5542],[12.5483,46.5598],[12.5437,46.5654],[12.5374,46.569],[12.5327,46.576],[12.5228,46.5836],[12.5221,46.5979],[12.5176,46.589],[12.5015,46.5951],[12.484,46.6044],[12.4792,46.613],[12.4755,46.6158],[12.4739,46.6202],[12.4679,46.627],[12.4686,46.6281],[12.4633,46.6316],[12.4634,46.6339],[12.4516,46.6449],[12.445,46.6535],[12.4313,46.6515],[12.4286,46.6498],[12.4176,46.6574],[12.4043,46.6606],[12.3981,46.6686],[12.3828,46.6764],[12.3761,46.6827],[12.3706,46.6849],[12.3644,46.6924],[12.3559,46.6971],[12.3494,46.7025],[12.3322,46.7104],[12.3111,46.7149],[12.3003,46.7199],[12.2993,46.7216],[12.2817,46.7275],[12.2785,46.732],[12.2787,46.7346]]]},"properties":{"kind":"roman-road","source":"itinere-roads"}},{"type":"Feature","geometry":{"type":"MultiLineString","coordinates":[[[10.1609,45.5522],[10.1339,45.5641],[10.0805,45.6077],[10.0644,45.6282],[10.0617,45.6296],[10.0519,45.6287],[10.0434,45.6349],[10.035,45.6432],[10.0348,45.6451],[10.0476,45.6508],[10.0532,45.6618],[10.0552,45.6633],[10.0656,45.6657],[10.0743,45.6697],[10.0983,45.6859],[10.1009,45.6913],[10.1036,45.6926],[10.104,45.6954],[10.1086,45.7011],[10.1085,45.7043],[10.1113,45.708],[10.1124,45.7151],[10.1099,45.7212],[10.1035,45.7264],[10.0978,45.7273],[10.0939,45.7319],[10.0949,45.7363],[10.1027,45.7443],[10.1112,45.7505],[10.1121,45.7525],[10.1181,45.7543],[10.1187,45.7574],[10.1169,45.7605],[10.1184,45.7697],[10.1154,45.7747],[10.1104,45.7774],[10.108,45.7817],[10.1037,45.7829],[10.1,45.7814],[10.0982,45.7851],[10.0892,45.7876],[10.0921,45.7901],[10.102,45.7946],[10.1061,45.7995],[10.1078,45.8112],[10.1163,45.8237],[10.1318,45.8386],[10.1392,45.8405],[10.1581,45.8575],[10.1693,45.8692],[10.1696,45.8724],[10.1869,45.8822],[10.1911,45.8883],[10.1917,45.8927],[10.1962,45.9019],[10.2035,45.9075],[10.2161,45.9127],[10.2225,45.9167],[10.2511,45.9375],[10.2623,45.9428],[10.2677,45.9436],[10.2729,45.9411],[10.2786,45.9434]]]},"properties":{"kind":"roman-road","source":"itinere-roads"}},{"type":"Feature","geometry":{"type":"MultiLineString","coordinates":[[[8.7997,46.1722],[8.8094,46.1724],[8.8325,46.1804],[8.8487,46.1775],[8.8549,46.1775],[8.8625,46.1795],[8.9033,46.1736],[8.9407,46.1734],[8.9724,46.1763],[8.9944,46.1738],[9.011,46.1754],[9.018,46.1919],[9.0221,46.197],[9.0422,46.2128],[9.0445,46.2219],[9.0402,46.2326],[9.0324,46.2408],[9.0216,46.2569],[9.0161,46.2683],[9.0091,46.2748],[9.0014,46.2856],[8.9974,46.2954],[8.9854,46.3142],[8.9715,46.3465],[8.9681,46.3724],[8.97,46.3777],[8.9796,46.3817],[8.9862,46.3878],[8.9842,46.3958],[8.9818,46.3993],[8.9823,46.4042],[8.9752,46.4262],[8.9448,46.4445],[8.9401,46.4516],[8.9399,46.4544],[8.9429,46.4568],[8.9416,46.4689],[8.9455,46.4775],[8.9514,46.4845],[8.95,46.4903],[8.9503,46.4947],[8.952,46.4976],[8.9482,46.505],[8.9456,46.507],[8.94,46.5158],[8.9381,46.5206],[8.9411,46.5246],[8.9388,46.5294],[8.9232,46.527],[8.9304,46.5241],[8.9324,46.5223],[8.9305,46.5205],[8.9238,46.5227],[8.9069,46.5225],[8.9034,46.5263],[8.9,46.5229],[8.8918,46.5216],[8.8865,46.5224],[8.8822,46.5178],[8.8797,46.5202],[8.8718,46.5222],[8.8697,46.5208],[8.8639,46.5209],[8.8498,46.5261],[8.8491,46.5286],[8.8379,46.5325],[8.8355,46.5371],[8.8274,46.5409],[8.8214,46.542],[8.8182,46.5469],[8.8115,46.5488],[8.8092,46.5525],[8.8042,46.5532],[8.8013,46.557],[8.8004,46.564],[8.797,46.5688],[8.7965,46.5728],[8.8034,46.5923],[8.8077,46.5959],[8.8148,46.5993],[8.8187,46.6057],[8.8231,46.6216],[8.8285,46.6243],[8.8332,46.6295],[8.847,46.6344],[8.8471,46.6387],[8.8512,46.6464],[8.8511,46.6534],[8.8579,46.6635],[8.8589,46.6697],[8.8516,46.6705],[8.8488,46.672],[8.8486,46.6758],[8.8507,46.678],[8.8524,46.6839],[8.8486,46.6868],[8.8482,46.6895],[8.8537,46.6921],[8.8495,46.6965],[8.8508,46.7034]]]},"properties":{"kind":"roman-road","source":"itinere-roads"}},{"type":"Feature","geometry":{"type":"MultiLineString","coordinates":[[[9.2068,45.2626],[9.2105,45.2733],[9.2129,45.289],[9.2112,45.2982],[9.2114,45.3274],[9.2136,45.3847],[9.1981,45.4465],[9.1883,45.4638]]]},"properties":{"kind":"roman-road","source":"itinere-roads"}},{"type":"Feature","geometry":{"type":"MultiLineString","coordinates":[[[10.0237,45.134],[10.0028,45.18],[9.9938,45.1971],[9.9857,45.2219],[9.9846,45.261],[9.9863,45.2833],[9.9926,45.2957],[10.0342,45.3472],[10.0671,45.3935],[10.0829,45.4211],[10.1139,45.4684],[10.1432,45.4784],[10.2253,45.5372]]]},"properties":{"kind":"roman-road","source":"itinere-roads"}},{"type":"Feature","geometry":{"type":"MultiLineString","coordinates":[[[10.5103,42.991],[10.5233,42.9984],[10.5244,43.0004],[10.5228,43.0074],[10.5232,43.0199],[10.5281,43.0289],[10.5377,43.0592],[10.5411,43.0956]]]},"properties":{"kind":"roman-road","source":"itinere-roads"}},{"type":"Feature","geometry":{"type":"MultiLineString","coordinates":[[[10.5103,42.991],[10.5338,42.9876],[10.6583,42.9831]]]},"properties":{"kind":"roman-road","source":"itinere-roads"}},{"type":"Feature","geometry":{"type":"MultiLineString","coordinates":[[[10.743,42.9425],[10.7612,42.9293],[10.7786,42.9092],[10.7865,42.8961],[10.7866,42.8931],[10.7926,42.8887],[10.7911,42.8829],[10.7983,42.8742],[10.7974,42.8679],[10.8153,42.8444],[10.818,42.8354],[10.8252,42.8241],[10.8227,42.8207],[10.8225,42.8176],[10.8254,42.8122],[10.8307,42.7829],[10.837,42.7768],[10.8627,42.7669],[10.8763,42.7635],[10.8961,42.7622],[10.9591,42.7461],[10.9871,42.7336],[11.0332,42.7052],[11.0766,42.6906],[11.0947,42.6801],[11.11,42.6619],[11.12,42.6553],[11.1283,42.6479],[11.135,42.6376]]]},"properties":{"kind":"roman-road","source":"itinere-roads"}},{"type":"Feature","geometry":{"type":"MultiLineString","coordinates":[[[11.6307,42.4187],[11.6413,42.4158],[11.6437,42.4066],[11.6532,42.4037],[11.6543,42.3899],[11.6532,42.3782],[11.6464,42.3668],[11.6456,42.3624],[11.6313,42.3511],[11.6032,42.3481]]]},"properties":{"kind":"roman-road","source":"itinere-roads"}},{"type":"Feature","geometry":{"type":"MultiLineString","coordinates":[[[11.7907,42.2601],[11.7761,42.2569],[11.7692,42.26],[11.7559,42.2612],[11.7458,42.2572],[11.7379,42.247]]]},"properties":{"kind":"roman-road","source":"itinere-roads"}},{"type":"Feature","geometry":{"type":"MultiLineString","coordinates":[[[11.7379,42.247],[11.73,42.2402],[11.7264,42.2324],[11.7168,42.2242],[11.7086,42.2138]]]},"properties":{"kind":"roman-road","source":"itinere-roads"}},{"type":"Feature","geometry":{"type":"MultiLineString","coordinates":[[[12.1626,42.1044],[12.1539,42.1046],[12.1488,42.1072],[12.1282,42.1096],[12.1239,42.1131],[12.1165,42.1129],[12.1047,42.1076],[12.0924,42.1119],[12.081,42.1131],[12.0629,42.1124],[12.0579,42.1102],[12.0413,42.1127],[12.0405,42.1153],[12.0314,42.1214],[12.0285,42.1212],[12.0229,42.1246],[12.0197,42.1288],[12.015,42.13],[12.0142,42.1361],[12.0171,42.1426],[12.0137,42.1469],[12.0131,42.151],[12.0103,42.1526],[12.0108,42.1575],[12.0043,42.1578],[12.0007,42.1637],[12.0011,42.1653],[11.997,42.1762],[11.9952,42.1785],[11.9902,42.1805],[11.9852,42.1917],[11.9855,42.1952],[11.9808,42.1994],[11.979,42.2039],[11.9675,42.2095],[11.9519,42.2127],[11.95,42.2165],[11.9448,42.2184],[11.9357,42.218],[11.9361,42.2218],[11.9333,42.2241],[11.9264,42.2248],[11.9201,42.2284],[11.9188,42.2274],[11.9083,42.2293],[11.9059,42.2328],[11.9009,42.2322],[11.8958,42.2346],[11.8941,42.2308],[11.8817,42.2304],[11.8798,42.2291],[11.8763,42.2311],[11.8738,42.2298],[11.8688,42.2327],[11.866,42.2377],[11.8655,42.2436],[11.8496,42.2491],[11.8443,42.248],[11.8373,42.2517],[11.8293,42.2603],[11.822,42.2596],[11.8172,42.2564],[11.8129,42.2613],[11.8086,42.2603],[11.8059,42.2626],[11.7995,42.2598],[11.7948,42.261],[11.7907,42.2601]]]},"properties":{"kind":"roman-road","source":"itinere-roads"}},{"type":"Feature","geometry":{"type":"MultiLineString","coordinates":[[[11.7907,42.2601],[11.7878,42.2625],[11.7873,42.2654],[11.772,42.2686],[11.7564,42.2767],[11.7498,42.2775],[11.7314,42.284],[11.706,42.2991],[11.6955,42.309],[11.6857,42.3159],[11.6623,42.324],[11.6188,42.3455],[11.6032,42.3481]]]},"properties":{"kind":"roman-road","source":"itinere-roads"}},{"type":"Feature","geometry":{"type":"MultiLineString","coordinates":[[[12.1047,42.0003],[12.0981,41.9974]]]},"properties":{"kind":"roman-road","source":"itinere-roads"}},{"type":"Feature","geometry":{"type":"MultiLineString","coordinates":[[[12.0981,41.9974],[12.0872,41.9972],[12.0256,42.0115],[11.9634,42.0202]]]},"properties":{"kind":"roman-road","source":"itinere-roads"}},{"type":"Feature","geometry":{"type":"MultiLineString","coordinates":[[[12.0981,41.9974],[12.0976,41.9951],[12.1,41.9933],[12.0997,41.988],[12.102,41.9807],[12.1068,41.9747],[12.1506,41.9379],[12.1581,41.9353]]]},"properties":{"kind":"roman-road","source":"itinere-roads"}},{"type":"Feature","geometry":{"type":"MultiLineString","coordinates":[[[15.3345,41.5066],[15.3197,41.5005],[15.2064,41.4922],[15.1815,41.4936],[15.1461,41.4989],[15.1173,41.5073],[15.1085,41.5075],[15.1027,41.5102],[15.0962,41.5107],[15.0857,41.5043],[15.0863,41.5014],[15.0832,41.4958],[15.0781,41.4961],[15.074,41.4983],[15.0721,41.5014],[15.0605,41.5035],[15.0584,41.499],[15.0532,41.4956],[15.0508,41.4903],[15.0485,41.4885],[15.0403,41.4876],[15.024,41.4769],[15.0112,41.4823],[15.0027,41.4923],[14.996,41.4975],[14.9911,41.5089],[14.9838,41.5109],[14.9745,41.522],[14.9705,41.5251],[14.9588,41.5268],[14.9489,41.5233],[14.9446,41.5238],[14.9415,41.5225],[14.935,41.5253],[14.9246,41.5236],[14.9151,41.5268],[14.9067,41.5253],[14.9033,41.528],[14.8916,41.5303],[14.8812,41.5372],[14.8819,41.543],[14.8761,41.5539],[14.8546,41.5616],[14.8322,41.562],[14.8135,41.5688],[14.8091,41.5668],[14.8028,41.5679],[14.7917,41.566],[14.7811,41.5665],[14.7615,41.5569],[14.7619,41.5529],[14.7538,41.5509],[14.743,41.5582],[14.7217,41.5664],[14.7156,41.5718],[14.7152,41.5745],[14.7124,41.5774],[14.699,41.584],[14.6801,41.5952],[14.6788,41.5973]]]},"properties":{"kind":"roman-road","source":"itinere-roads"}},{"type":"Feature","geometry":{"type":"MultiLineString","coordinates":[[[14.6603,41.3913],[14.6658,41.3918],[14.6726,41.3893],[14.6771,41.3833],[14.687,41.3771],[14.7022,41.3716],[14.7107,41.3702],[14.7114,41.3665],[14.7144,41.3625],[14.7178,41.3639],[14.7278,41.3619],[14.732,41.3575],[14.7386,41.3588],[14.7476,41.3575],[14.7483,41.3479],[14.755,41.3434],[14.763,41.3415],[14.7647,41.3387],[14.7693,41.337],[14.766,41.3352],[14.764,41.3321],[14.765,41.3293],[14.7694,41.3272],[14.7752,41.3273],[14.7786,41.3294],[14.7961,41.328],[14.8105,41.3227],[14.8118,41.319],[14.8192,41.3162],[14.8228,41.3087],[14.821,41.2934],[14.8361,41.2828],[14.8528,41.2745],[14.8544,41.2701],[14.8577,41.2673],[14.8669,41.2645],[14.8881,41.2633],[14.8911,41.2643],[14.8966,41.263],[14.9002,41.2608],[14.9023,41.2571],[14.9097,41.2541],[14.9108,41.2518],[14.9226,41.2459],[14.9234,41.244],[14.9284,41.2428],[14.9364,41.2372],[14.9549,41.2312],[14.9672,41.2321],[14.973,41.2305]]]},"properties":{"kind":"roman-road","source":"itinere-roads"}},{"type":"Feature","geometry":{"type":"MultiLineString","coordinates":[[[16.4039,40.6489],[16.4029,40.6577],[16.3994,40.6646],[16.3904,40.6721],[16.3853,40.6816],[16.3853,40.6911],[16.3719,40.7073],[16.3483,40.7271],[16.3429,40.7333],[16.3378,40.7356],[16.3217,40.773],[16.3154,40.78],[16.3079,40.7847],[16.2861,40.79],[16.277,40.7955],[16.2729,40.8077],[16.2483,40.8241],[16.2331,40.8415]]]},"properties":{"kind":"roman-road","source":"itinere-roads"}},{"type":"Feature","geometry":{"type":"MultiLineString","coordinates":[[[16.4158,40.8172],[16.4177,40.8254],[16.4144,40.8279],[16.4053,40.8413],[16.4006,40.846],[16.3886,40.8531],[16.3794,40.8624],[16.3314,40.9026],[16.329,40.9072],[16.3071,40.917],[16.2982,40.9192],[16.2874,40.926],[16.2663,40.9345],[16.2273,40.9538],[16.2151,40.9577],[16.2017,40.967],[16.19,40.9695],[16.1675,40.9663],[16.1429,40.95],[16.1332,40.9477],[16.1234,40.9477],[16.1154,40.9503],[16.1044,40.9518],[16.0671,40.9524],[16.0447,40.9608],[16.013,40.9691],[15.9751,40.9709],[15.9682,40.973],[15.9558,40.9736],[15.9098,40.9847],[15.8914,40.9919],[15.8714,40.9947],[15.8686,40.997],[15.8637,40.9974],[15.8614,40.9996],[15.8472,41.0032],[15.8379,41.0079]]]},"properties":{"kind":"roman-road","source":"itinere-roads"}},{"type":"Feature","geometry":{"type":"MultiLineString","coordinates":[[[15.8379,41.0079],[15.8316,41.012],[15.8177,41.0168],[15.8103,41.0312],[15.8019,41.0421],[15.7981,41.0432],[15.7988,41.0479],[15.7975,41.0516],[15.8013,41.0569],[15.8,41.0617],[15.8027,41.0731],[15.8028,41.083],[15.8019,41.0909],[15.7987,41.0918],[15.7947,41.0989],[15.7931,41.1053],[15.7967,41.1103],[15.7976,41.1172],[15.7934,41.1267],[15.7901,41.1286],[15.784,41.1295],[15.777,41.1347],[15.7578,41.1566],[15.7488,41.159],[15.7414,41.1647],[15.7298,41.17],[15.7208,41.1779],[15.7151,41.1945],[15.7019,41.206],[15.6841,41.2247],[15.6806,41.2318],[15.6719,41.2395],[15.6648,41.2513],[15.6644,41.2585],[15.6536,41.2747],[15.6544,41.2838],[15.6417,41.2985],[15.6191,41.3139]]]},"properties":{"kind":"roman-road","source":"itinere-roads"}},{"type":"Feature","geometry":{"type":"MultiLineString","coordinates":[[[15.3161,41.3644],[15.3265,41.3748],[15.3638,41.3979],[15.3852,41.4266],[15.4104,41.4471]]]},"properties":{"kind":"roman-road","source":"itinere-roads"}},{"type":"Feature","geometry":{"type":"MultiLineString","coordinates":[[[15.4104,41.4471],[15.4713,41.4721],[15.5034,41.4765],[15.5236,41.4862],[15.5484,41.5037],[15.5555,41.5245]]]},"properties":{"kind":"roman-road","source":"itinere-roads"}},{"type":"Feature","geometry":{"type":"MultiLineString","coordinates":[[[15.6191,41.3139],[15.6238,41.3163],[15.7264,41.329],[15.7493,41.3338],[15.8107,41.3548],[15.9735,41.3915]]]},"properties":{"kind":"roman-road","source":"itinere-roads"}},{"type":"Feature","geometry":{"type":"MultiLineString","coordinates":[[[15.2268,41.7763],[15.2451,41.7843],[15.2533,41.7916],[15.2642,41.7977],[15.2697,41.7983],[15.2818,41.7966],[15.2901,41.8014],[15.3024,41.8034],[15.3086,41.8091],[15.3349,41.8151],[15.3532,41.8174],[15.3675,41.825],[15.3692,41.8317],[15.3708,41.8244],[15.3759,41.8227],[15.3777,41.8207],[15.3815,41.8211],[15.3821,41.8231],[15.3891,41.8267],[15.3911,41.825],[15.395,41.8289],[15.4045,41.8315],[15.4367,41.8491],[15.4459,41.8526],[15.4532,41.8533],[15.4542,41.8559],[15.4907,41.8705],[15.5006,41.8701],[15.5306,41.8779],[15.5434,41.8764],[15.5487,41.8726],[15.5545,41.8713],[15.5693,41.8709],[15.6012,41.8664],[15.6143,41.8686],[15.6244,41.868],[15.6312,41.87],[15.6334,41.8727],[15.6405,41.8689],[15.6507,41.869],[15.6733,41.8622],[15.687,41.8498],[15.7011,41.843],[15.7311,41.8366],[15.7428,41.8327],[15.7586,41.8317],[15.7765,41.8325],[15.7708,41.8358],[15.7762,41.8397],[15.8009,41.847],[15.8278,41.8663],[15.8345,41.8773]]]},"properties":{"kind":"roman-road","source":"itinere-roads"}},{"type":"Feature","geometry":{"type":"MultiLineString","coordinates":[[[15.8041,40.9729],[15.7977,40.9782],[15.7946,40.9865],[15.7904,40.9875],[15.7864,40.9928],[15.7834,40.9942],[15.7774,41.006],[15.7633,41.0077],[15.7424,41.0147],[15.7311,41.0206],[15.7209,41.031],[15.6998,41.041],[15.6927,41.0423],[15.6842,41.0476],[15.685,41.0533],[15.6759,41.0652],[15.6725,41.0777],[15.6651,41.0847],[15.6596,41.1021],[15.6448,41.1134],[15.6249,41.1197],[15.6157,41.1242],[15.611,41.1325],[15.6089,41.1401],[15.5984,41.1531],[15.6005,41.1657],[15.599,41.1696],[15.5912,41.1775],[15.5951,41.1909],[15.6004,41.1987],[15.6116,41.2083],[15.612,41.2114],[15.6084,41.219],[15.6042,41.2214],[15.606,41.2296],[15.6181,41.2544],[15.6345,41.2751],[15.6351,41.2844],[15.6191,41.3139]]]},"properties":{"kind":"roman-road","source":"itinere-roads"}},{"type":"Feature","geometry":{"type":"MultiLineString","coordinates":[[[12.4989,41.9076],[12.5149,41.9184],[12.529,41.933],[12.533,41.9334],[12.5407,41.9377],[12.5441,41.9375],[12.5682,41.9475],[12.5721,41.9527],[12.5803,41.9573],[12.5897,41.9604],[12.5993,41.9665],[12.613,41.9715],[12.6179,41.9863],[12.6192,41.9962],[12.6228,41.9984],[12.6306,41.9997],[12.6383,42.0108],[12.6396,42.0173],[12.6489,42.0238],[12.6487,42.0264],[12.6429,42.0323],[12.6389,42.033],[12.6378,42.035]]]},"properties":{"kind":"roman-road","source":"itinere-roads"}},{"type":"Feature","geometry":{"type":"MultiLineString","coordinates":[[[12.6378,42.035],[12.6405,42.0406],[12.6347,42.0445],[12.6349,42.0483],[12.6316,42.0512],[12.6347,42.0543],[12.6363,42.0588],[12.6277,42.0653],[12.6268,42.0694],[12.6301,42.0737],[12.6281,42.079],[12.63,42.0837],[12.6255,42.0966],[12.6297,42.1058]]]},"properties":{"kind":"roman-road","source":"itinere-roads"}},{"type":"Feature","geometry":{"type":"MultiLineString","coordinates":[[[13.2812,42.3524],[13.2876,42.3612],[13.2992,42.3834],[13.3051,42.3959],[13.3055,42.4004]]]},"properties":{"kind":"roman-road","source":"itinere-roads"}},{"type":"Feature","geometry":{"type":"MultiLineString","coordinates":[[[13.3055,42.4004],[13.3133,42.4112],[13.3267,42.4373],[13.3311,42.4399],[13.3334,42.4435],[13.3409,42.4492],[13.3409,42.451],[13.3495,42.4651],[13.3487,42.4688],[13.3565,42.4728],[13.3641,42.4809],[13.361,42.4825],[13.3648,42.4848],[13.3643,42.4878],[13.3705,42.494],[13.3771,42.4932],[13.3852,42.496],[13.3874,42.4984],[13.3977,42.5027],[13.4029,42.5075],[13.4076,42.5087],[13.4195,42.5177],[13.4358,42.5216],[13.4393,42.5265],[13.4518,42.5337],[13.4713,42.552],[13.4809,42.5525],[13.4837,42.5504],[13.4924,42.5501],[13.4956,42.5477],[13.5009,42.5472],[13.5108,42.5486],[13.515,42.5467],[13.5167,42.548],[13.5226,42.5479],[13.5211,42.5527],[13.5333,42.5646],[13.5409,42.5636],[13.5422,42.5615],[13.547,42.5586],[13.5537,42.5599],[13.5555,42.5673],[13.5606,42.5668],[13.5606,42.5692],[13.5649,42.5695],[13.567,42.5712],[13.5635,42.5737],[13.5629,42.5783],[13.5687,42.5774],[13.5736,42.5812],[13.5785,42.5799],[13.581,42.5829],[13.5837,42.5826],[13.5873,42.5854],[13.5963,42.5874],[13.6013,42.5826],[13.6074,42.5819],[13.6133,42.5839],[13.6133,42.582],[13.6225,42.58],[13.6254,42.582],[13.6417,42.584],[13.6447,42.5822],[13.6577,42.5821],[13.6644,42.5799],[13.6708,42.5827],[13.682,42.5846],[13.6839,42.5873],[13.7016,42.5925],[13.7118,42.5981],[13.7155,42.5983],[13.7193,42.6057],[13.7263,42.6101],[13.7548,42.6079],[13.7593,42.6094],[13.7623,42.6129],[13.7817,42.6188],[13.8357,42.6189],[13.8416,42.6176],[13.8513,42.6181],[13.8556,42.6156],[13.863,42.6152],[13.8708,42.6114],[13.871,42.6093],[13.8683,42.6072],[13.872,42.6046],[13.8813,42.6019],[13.8921,42.6014],[13.9013,42.6027],[13.9077,42.601],[13.915,42.6015],[13.9263,42.596],[13.9307,42.5973],[13.9385,42.5959],[13.9387,42.5937],[13.9444,42.5928],[13.9456,42.5899],[13.9546,42.5819],[13.9569,42.583],[13.9605,42.5805],[13.9653,42.582],[13.969,42.5797]]]},"properties":{"kind":"roman-road","source":"itinere-roads"}},{"type":"Feature","geometry":{"type":"MultiLineString","coordinates":[[[13.969,42.5797],[13.9811,42.5802]]]},"properties":{"kind":"roman-road","source":"itinere-roads"}},{"type":"Feature","geometry":{"type":"MultiLineString","coordinates":[[[13.9811,42.5802],[13.9793,42.5784],[13.9873,42.5775],[13.9931,42.5748],[14.0114,42.5714],[14.0213,42.5706],[14.0326,42.5733],[14.04,42.5729],[14.0431,42.5696],[14.0529,42.5685],[14.0583,42.5639],[14.0631,42.5637],[14.0655,42.5616],[14.0714,42.5599],[14.1018,42.5597],[14.1102,42.5552],[14.1144,42.5505],[14.1154,42.5469],[14.1237,42.5419]]]},"properties":{"kind":"roman-road","source":"itinere-roads"}},{"type":"Feature","geometry":{"type":"MultiLineString","coordinates":[[[13.969,42.5797],[13.9626,42.5853],[13.9644,42.5868],[13.9619,42.5908],[13.963,42.5942],[13.9621,42.5992],[13.9669,42.6101],[13.9655,42.6127],[13.9695,42.6159],[13.986,42.6184],[13.9915,42.6218],[14.0026,42.6226],[14.0048,42.626],[14.0097,42.6281],[14.0181,42.6356],[14.0289,42.6549]]]},"properties":{"kind":"roman-road","source":"itinere-roads"}},{"type":"Feature","geometry":{"type":"MultiLineString","coordinates":[[[14.4444,42.3083],[14.443,42.3068],[14.4415,42.2975],[14.438,42.2938],[14.4354,42.2875],[14.4271,42.284],[14.4292,42.2809],[14.4154,42.274],[14.4105,42.2682],[14.4022,42.2541],[14.4003,42.2466],[14.3973,42.2422],[14.3951,42.2414],[14.3975,42.2319],[14.3955,42.2297],[14.3925,42.2299]]]},"properties":{"kind":"roman-road","source":"itinere-roads"}},{"type":"Feature","geometry":{"type":"MultiLineString","coordinates":[[[14.3925,42.2299],[14.3981,42.2243],[14.4092,42.2173],[14.4166,42.2169],[14.435,42.2129],[14.4431,42.213],[14.444,42.211],[14.4474,42.2111],[14.4575,42.2071],[14.4569,42.2048],[14.4638,42.2047],[14.4701,42.1997],[14.4885,42.1767],[14.4926,42.1776],[14.497,42.1724],[14.4958,42.1695],[14.4976,42.1682],[14.5061,42.175],[14.5149,42.1901],[14.5236,42.1934],[14.5285,42.1917],[14.5299,42.194],[14.5276,42.1954],[14.5313,42.1972],[14.5366,42.2028],[14.5373,42.2061],[14.5457,42.21],[14.5609,42.2095],[14.5778,42.2054],[14.6051,42.2041]]]},"properties":{"kind":"roman-road","source":"itinere-roads"}},{"type":"Feature","geometry":{"type":"MultiLineString","coordinates":[[[12.7836,43.1166],[12.7885,43.1174],[12.7932,43.1213],[12.7913,43.1306],[12.7994,43.1381],[12.8004,43.1454],[12.803,43.1483],[12.8067,43.1479],[12.815,43.1501],[12.8234,43.1494],[12.8299,43.1535],[12.8366,43.1529],[12.8417,43.1557],[12.8422,43.1625],[12.8407,43.1668],[12.8445,43.1707],[12.8473,43.1686],[12.8623,43.1716],[12.8649,43.1752],[12.878,43.1817],[12.8814,43.1849],[12.8885,43.1857],[12.8918,43.19],[12.9016,43.1946],[12.9127,43.1924],[12.9177,43.1857],[12.9238,43.1841],[12.9334,43.185],[12.9462,43.1841],[12.9515,43.1815],[12.9565,43.184],[12.9601,43.1826],[12.9939,43.179],[12.9976,43.1777],[13.0067,43.1784],[13.0166,43.1827],[13.0259,43.1837],[13.0399,43.1898],[13.0544,43.2012],[13.0547,43.2063],[13.0602,43.2148],[13.0669,43.2189],[13.0864,43.2219],[13.0898,43.2201],[13.1006,43.221],[13.1017,43.2227],[13.1108,43.2231],[13.1156,43.2246],[13.1359,43.2236],[13.1408,43.2271],[13.1483,43.2268],[13.1572,43.2302],[13.1634,43.2299],[13.1999,43.2364]]]},"properties":{"kind":"roman-road","source":"itinere-roads"}},{"type":"Feature","geometry":{"type":"MultiLineString","coordinates":[[[13.1999,43.2364],[13.2211,43.242],[13.2356,43.2583],[13.2451,43.2644],[13.2519,43.265],[13.2702,43.2707],[13.2732,43.2747],[13.2737,43.2877],[13.2794,43.2915],[13.2827,43.2991],[13.2876,43.3031],[13.2898,43.3117],[13.2933,43.3142],[13.2933,43.3197],[13.2989,43.3217],[13.3032,43.3306],[13.3098,43.3348],[13.3082,43.3422],[13.3132,43.3468],[13.3132,43.3503],[13.3214,43.3584],[13.334,43.3616],[13.336,43.365],[13.3463,43.3724],[13.3589,43.3842],[13.3676,43.3824],[13.3806,43.3876],[13.389,43.3929],[13.4003,43.3963],[13.4086,43.4042],[13.4355,43.4104],[13.4443,43.4137],[13.4504,43.4187],[13.4531,43.4241],[13.4578,43.4278],[13.4607,43.4329],[13.4603,43.4358],[13.4645,43.4382],[13.4659,43.4436],[13.4651,43.4457],[13.4786,43.4723],[13.4817,43.481],[13.4839,43.4828],[13.4911,43.4837],[13.4925,43.4858],[13.489,43.4885],[13.4961,43.4911],[13.4933,43.4945],[13.4933,43.4976],[13.4975,43.5012],[13.5018,43.5074],[13.5064,43.5104],[13.506,43.512],[13.5117,43.5269],[13.5175,43.5588],[13.5231,43.5728],[13.5244,43.5806],[13.5272,43.5853],[13.522,43.5891],[13.5187,43.59],[13.5181,43.5977],[13.5145,43.6026],[13.5135,43.6069],[13.5187,43.6113]]]},"properties":{"kind":"roman-road","source":"itinere-roads"}},{"type":"Feature","geometry":{"type":"MultiLineString","coordinates":[[[13.1999,43.2364],[13.217,43.234],[13.2298,43.2369],[13.2343,43.2352],[13.2349,43.2327],[13.2393,43.2328],[13.2448,43.2299],[13.2449,43.2281],[13.2493,43.2264],[13.2514,43.2238],[13.2521,43.2189],[13.2561,43.217],[13.2686,43.2154],[13.269,43.2141],[13.2765,43.2127],[13.2798,43.2093],[13.2846,43.209],[13.2867,43.205],[13.3118,43.1972],[13.3208,43.1977],[13.324,43.1998],[13.3289,43.1991],[13.3346,43.196],[13.3377,43.197],[13.3416,43.1954],[13.3441,43.1967],[13.3525,43.196],[13.3527,43.1915],[13.3549,43.1905],[13.363,43.1954],[13.3673,43.1963],[13.3704,43.1919],[13.3798,43.198],[13.3929,43.1977],[13.4061,43.195],[13.4203,43.1872],[13.4338,43.185],[13.442,43.1862],[13.451,43.1801],[13.4551,43.1803],[13.4582,43.1831],[13.4717,43.1862],[13.4797,43.185],[13.4874,43.1875],[13.495,43.1876],[13.503,43.1868],[13.5127,43.1798],[13.5283,43.1814],[13.5445,43.1777],[13.5475,43.1798],[13.5655,43.1825],[13.5704,43.1821],[13.5763,43.186],[13.5798,43.1843],[13.5881,43.1865],[13.5908,43.1849],[13.6069,43.1866],[13.6144,43.1819],[13.6151,43.1789],[13.6202,43.1726],[13.6353,43.1733],[13.6393,43.1761],[13.6423,43.1758],[13.6427,43.1783],[13.6479,43.1787],[13.6491,43.1766],[13.6466,43.1742],[13.6482,43.1696],[13.6523,43.1677],[13.6658,43.1659],[13.6821,43.1694],[13.6963,43.1648],[13.698,43.168],[13.7016,43.1646],[13.6999,43.162],[13.7073,43.1592],[13.7111,43.1599],[13.7158,43.1588]]]},"properties":{"kind":"roman-road","source":"itinere-roads"}},{"type":"Feature","geometry":{"type":"MultiLineString","coordinates":[[[13.7158,43.1588],[13.721,43.159],[13.7261,43.156],[13.739,43.1595],[13.7562,43.1604],[13.7711,43.1576],[13.7757,43.1546],[13.7924,43.1628],[13.8001,43.1627]]]},"properties":{"kind":"roman-road","source":"itinere-roads"}},{"type":"Feature","geometry":{"type":"MultiLineString","coordinates":[[[10.2253,45.5372],[10.1955,45.546],[10.1609,45.5522]]]},"properties":{"kind":"roman-road","source":"itinere-roads"}},{"type":"Feature","geometry":{"type":"MultiLineString","coordinates":[[[10.1609,45.5522],[10.1221,45.5507],[10.09,45.5614],[9.9908,45.5803],[9.9268,45.6161],[9.9177,45.6191],[9.77,45.6519],[9.666,45.6699],[9.6612,45.6722]]]},"properties":{"kind":"roman-road","source":"itinere-roads"}},{"type":"Feature","geometry":{"type":"MultiLineString","coordinates":[[[15.917,40.0731],[15.9274,40.0752],[15.9508,40.0736],[15.959,40.0753],[15.966,40.0795],[15.9725,40.0767],[15.977,40.0776],[15.9817,40.0762],[15.9827,40.0774],[15.9912,40.0768],[15.9955,40.0784],[15.9988,40.0763],[16.0151,40.0765],[16.0272,40.0711],[16.0305,40.0675],[16.0434,40.0668],[16.0506,40.067],[16.0576,40.0689],[16.0609,40.068],[16.0712,40.0685],[16.0832,40.0729],[16.0857,40.072],[16.096,40.0746],[16.0989,40.0735],[16.1025,40.0742],[16.1082,40.0713],[16.1052,40.0687],[16.1085,40.0677],[16.1123,40.0687],[16.1228,40.0681],[16.1273,40.0695],[16.1339,40.0766],[16.1382,40.0789],[16.1569,40.0758],[16.1593,40.0744],[16.1642,40.0756],[16.1677,40.0782],[16.1946,40.0808],[16.1998,40.0839],[16.2092,40.0847],[16.2113,40.0884],[16.2216,40.0887],[16.2248,40.0911],[16.2337,40.0924],[16.2433,40.097],[16.2643,40.1035],[16.2846,40.1128],[16.2945,40.1187],[16.3043,40.1184],[16.3259,40.1266],[16.3344,40.1333],[16.3376,40.1374],[16.3431,40.1565],[16.3552,40.1722],[16.3556,40.1763],[16.3534,40.1819],[16.3552,40.1843],[16.3608,40.1862],[16.3744,40.183],[16.3782,40.1784],[16.3853,40.176],[16.391,40.1777],[16.3935,40.1754],[16.4085,40.1681],[16.4257,40.1695],[16.4266,40.1719],[16.4446,40.1742],[16.4468,40.1726],[16.4502,40.1763],[16.4526,40.1761],[16.4555,40.1816],[16.4603,40.1838],[16.4731,40.1957],[16.4793,40.1991],[16.4801,40.2027],[16.4834,40.206],[16.484,40.2108],[16.4858,40.2122],[16.4868,40.217],[16.4987,40.2238],[16.51,40.2269],[16.5294,40.2262],[16.5345,40.2278],[16.5509,40.228],[16.5531,40.2304],[16.5597,40.2319],[16.5661,40.23],[16.5691,40.2271],[16.574,40.2264],[16.5789,40.2228],[16.6094,40.2113],[16.6184,40.2116],[16.6378,40.2097],[16.6817,40.2138]]]},"properties":{"kind":"roman-road","source":"itinere-roads"}},{"type":"Feature","geometry":{"type":"MultiLineString","coordinates":[[[15.7732,40.0859],[15.7757,40.0891],[15.787,40.0891],[15.7935,40.091],[15.8003,40.0908],[15.801,40.0923],[15.8054,40.0927],[15.8088,40.0898],[15.8157,40.0919],[15.8207,40.0905],[15.8196,40.088],[15.8227,40.0845],[15.8316,40.0837],[15.8405,40.0806],[15.8437,40.0809],[15.8495,40.0747],[15.8545,40.0725],[15.8628,40.0711],[15.8681,40.0727],[15.873,40.0726],[15.876,40.0696],[15.8845,40.0676],[15.9013,40.0721],[15.9154,40.0729]]]},"properties":{"kind":"roman-road","source":"itinere-roads"}},{"type":"Feature","geometry":{"type":"MultiLineString","coordinates":[[[15.775,40.6032],[15.7666,40.5955],[15.7536,40.5803],[15.7478,40.5773],[15.7501,40.5685],[15.7487,40.5605],[15.747,40.5569],[15.7433,40.5536],[15.7389,40.5397],[15.7346,40.5364],[15.7356,40.5314],[15.7389,40.5286],[15.7473,40.5272],[15.7473,40.5225],[15.7522,40.5165],[15.7596,40.5122],[15.7612,40.5093],[15.7599,40.507],[15.7644,40.5069],[15.7667,40.5026],[15.7649,40.4989],[15.7657,40.4963],[15.763,40.4859],[15.7588,40.4855],[15.7575,40.4821],[15.7628,40.4794],[15.7636,40.4772],[15.7613,40.4714],[15.7547,40.4635],[15.753,40.4515],[15.7486,40.4464],[15.7483,40.4428],[15.7353,40.4289],[15.7364,40.4263],[15.7342,40.4221],[15.7367,40.4179],[15.736,40.4138],[15.742,40.3982],[15.7424,40.3875],[15.7502,40.3859],[15.7541,40.3802],[15.7805,40.3611],[15.7811,40.3585]]]},"properties":{"kind":"roman-road","source":"itinere-roads"}},{"type":"Feature","geometry":{"type":"MultiLineString","coordinates":[[[16.6936,40.2351],[16.6834,40.2402],[16.6647,40.2415],[16.6483,40.2472],[16.6097,40.2541],[16.5882,40.261],[16.579,40.2606],[16.5581,40.2654],[16.5465,40.2726],[16.5429,40.2764],[16.5288,40.2818],[16.5226,40.2863],[16.5039,40.291],[16.4899,40.2924],[16.4616,40.2916],[16.4496,40.2971],[16.4449,40.2978],[16.4408,40.3007],[16.4364,40.3012],[16.4285,40.31],[16.4078,40.3132],[16.3843,40.3082],[16.3464,40.3062],[16.3422,40.3037],[16.3364,40.3045],[16.3297,40.3022],[16.3177,40.2946],[16.3083,40.2821],[16.2935,40.2757],[16.2677,40.272],[16.2603,40.2745],[16.2556,40.2744],[16.2437,40.2703],[16.2287,40.27],[16.224,40.2711],[16.2069,40.2668],[16.1882,40.2663],[16.1628,40.2634],[16.1585,40.2645],[16.14,40.261],[16.1369,40.2621],[16.1308,40.2616],[16.1272,40.2629],[16.1103,40.2635],[16.0965,40.2594],[16.0833,40.2602],[16.0739,40.2616],[16.0677,40.2648],[16.0615,40.2648],[16.056,40.2666],[16.0534,40.2704],[16.0406,40.2717],[16.0342,40.27],[16.0226,40.2731],[16.0164,40.2704],[16.0085,40.2704],[15.9969,40.2761],[15.9863,40.2745],[15.9851,40.2774],[15.9805,40.2789],[15.9777,40.2783],[15.9713,40.2795],[15.9687,40.2812],[15.9465,40.2834],[15.9213,40.2911],[15.9146,40.2902]]]},"properties":{"kind":"roman-road","source":"itinere-roads"}},{"type":"Feature","geometry":{"type":"MultiLineString","coordinates":[[[16.812,40.3704],[16.8143,40.3757],[16.8233,40.3803],[16.8292,40.3859],[16.8355,40.4005],[16.8596,40.4213],[16.8588,40.4242],[16.8779,40.4431]]]},"properties":{"kind":"roman-road","source":"itinere-roads"}},{"type":"Feature","geometry":{"type":"MultiLineString","coordinates":[[[16.8779,40.4431],[16.898,40.4597],[16.9379,40.4865],[16.9507,40.4936],[16.9685,40.5029],[17.0245,40.5206]]]},"properties":{"kind":"roman-road","source":"itinere-roads"}},{"type":"Feature","geometry":{"type":"MultiLineString","coordinates":[[[17.0245,40.5206],[17.0311,40.5197],[17.0698,40.5268],[17.0765,40.5266],[17.077,40.5278],[17.0936,40.5277],[17.1033,40.5293],[17.1319,40.5235],[17.1679,40.5068],[17.1761,40.4975],[17.1892,40.4921],[17.1924,40.4895],[17.208,40.4842],[17.2212,40.4826]]]},"properties":{"kind":"roman-road","source":"itinere-roads"}},{"type":"Feature","geometry":{"type":"MultiLineString","coordinates":[[[15.3836,40.574],[15.382,40.5759],[15.3836,40.581],[15.394,40.5912],[15.397,40.5957],[15.3951,40.5977],[15.3967,40.6011],[15.3962,40.6059],[15.3741,40.6151],[15.3704,40.6235],[15.3733,40.6328]]]},"properties":{"kind":"roman-road","source":"itinere-roads"}},{"type":"Feature","geometry":{"type":"MultiLineString","coordinates":[[[15.3776,40.6337],[15.3761,40.6367],[15.369,40.6428],[15.37,40.6458],[15.3671,40.6499],[15.3295,40.6626],[15.3196,40.6725],[15.3113,40.675],[15.3103,40.6802],[15.2927,40.6942],[15.2933,40.6988],[15.2919,40.7055],[15.2848,40.72],[15.2813,40.7244],[15.2715,40.7315],[15.269,40.7378],[15.2702,40.7404],[15.2639,40.7499],[15.2631,40.7531],[15.2573,40.7597],[15.257,40.7697],[15.2606,40.773],[15.2611,40.7807],[15.2653,40.7832],[15.2704,40.7898],[15.2856,40.8],[15.2889,40.8006],[15.3035,40.8116],[15.3219,40.8221],[15.3275,40.8308],[15.3402,40.8366],[15.3414,40.8405],[15.3439,40.8408],[15.3623,40.8542],[15.3631,40.8564],[15.3702,40.8605],[15.3777,40.8671],[15.3734,40.8685],[15.3848,40.8774],[15.3853,40.8795],[15.3815,40.8833],[15.3804,40.8865],[15.3765,40.8907],[15.3735,40.891],[15.3735,40.8935],[15.3686,40.8958],[15.3668,40.8938],[15.3639,40.896],[15.3643,40.9003],[15.3665,40.9012],[15.3694,40.9069],[15.366,40.9096],[15.3641,40.9136],[15.3573,40.9206],[15.333,40.9362],[15.3287,40.9377],[15.3276,40.9399],[15.3406,40.96],[15.3436,40.9693],[15.3531,40.9783],[15.3607,40.989],[15.3704,40.9967],[15.3758,41.0076]]]},"properties":{"kind":"roman-road","source":"itinere-roads"}},{"type":"Feature","geometry":{"type":"MultiLineString","coordinates":[[[13.575,42.8536],[13.5656,42.8546],[13.5575,42.8535],[13.544,42.8492],[13.5311,42.85],[13.528,42.8474],[13.5229,42.8392],[13.5205,42.8378],[13.5177,42.8327],[13.5124,42.8302],[13.5111,42.8253],[13.5047,42.8201],[13.5024,42.8095],[13.4919,42.8086],[13.4861,42.804],[13.4791,42.8039],[13.4739,42.8022],[13.467,42.8026],[13.463,42.8011],[13.4647,42.7976],[13.4568,42.7977],[13.4496,42.7951],[13.4483,42.7922],[13.4409,42.7927],[13.4307,42.7899],[13.4255,42.785],[13.4254,42.7833],[13.4207,42.7821],[13.4154,42.7773],[13.4118,42.7707],[13.4047,42.767],[13.4036,42.7638],[13.4011,42.7645],[13.3785,42.7614],[13.3713,42.7633],[13.3647,42.7619],[13.357,42.7632],[13.3536,42.762],[13.3372,42.765],[13.3315,42.7649],[13.3237,42.7699],[13.3211,42.7701],[13.3125,42.7746],[13.3057,42.7746],[13.2945,42.77],[13.2929,42.7679],[13.2892,42.7674],[13.2809,42.7553],[13.2724,42.7504],[13.265,42.7411],[13.265,42.7367],[13.2688,42.7323],[13.2693,42.7298],[13.2663,42.7272],[13.2589,42.7157],[13.2502,42.6973],[13.2523,42.6936],[13.2574,42.6939],[13.2649,42.6889],[13.2666,42.6782],[13.2627,42.6726],[13.2643,42.6614],[13.2674,42.6604],[13.2713,42.6565],[13.2724,42.649],[13.2697,42.6422],[13.2524,42.6374],[13.2456,42.6322],[13.2416,42.6269],[13.2312,42.621],[13.2225,42.6197],[13.2163,42.615],[13.2152,42.6104],[13.2122,42.6055],[13.1998,42.5999],[13.1752,42.5969],[13.1733,42.5919],[13.1538,42.5774],[13.1504,42.5724],[13.1484,42.5632],[13.1374,42.5514],[13.1144,42.5379],[13.1122,42.5355],[13.107,42.5351],[13.102,42.5319],[13.0955,42.5222],[13.0973,42.5205],[13.0953,42.5183],[13.0937,42.5131],[13.0912,42.512],[13.0897,42.5086],[13.0812,42.5052],[13.0815,42.5033],[13.0853,42.5014],[13.0858,42.4995],[13.081,42.4966],[13.0814,42.4932],[13.0766,42.4914],[13.0765,42.486],[13.0846,42.4802],[13.0864,42.4743],[13.0844,42.471],[13.0823,42.4601],[13.0783,42.458],[13.0744,42.4507],[13.0739,42.4469],[13.0758,42.4389],[13.0748,42.4359],[13.076,42.4252],[13.0816,42.42],[13.0829,42.4158]]]},"properties":{"kind":"roman-road","source":"itinere-roads"}},{"type":"Feature","geometry":{"type":"MultiLineString","coordinates":[[[11.8838,43.4665],[11.8719,43.4693],[11.8723,43.4727],[11.8575,43.483],[11.8284,43.4979],[11.8225,43.4993],[11.817,43.498],[11.8029,43.5014],[11.799,43.5053],[11.7909,43.5084],[11.7823,43.5096],[11.7767,43.5153],[11.7728,43.5164],[11.7716,43.5203],[11.7581,43.5281],[11.7494,43.5293],[11.7391,43.534],[11.7323,43.5341],[11.7252,43.5363],[11.7113,43.5433],[11.6787,43.5562],[11.6736,43.5603],[11.6653,43.5606],[11.6598,43.564],[11.6582,43.5666],[11.6518,43.5697],[11.648,43.5739],[11.643,43.5758],[11.6424,43.578],[11.6367,43.5792],[11.6335,43.5823],[11.6344,43.5863],[11.632,43.5902],[11.6291,43.588],[11.6225,43.5871],[11.6109,43.5878],[11.6034,43.5923],[11.5946,43.5925],[11.5892,43.5946],[11.5793,43.6009],[11.5713,43.6082],[11.571,43.6117],[11.5594,43.6225],[11.5623,43.6248],[11.556,43.6405],[11.5496,43.6435],[11.5497,43.6513],[11.5458,43.6523],[11.5421,43.6558],[11.5394,43.6644],[11.5356,43.667],[11.5366,43.6695],[11.5331,43.6731],[11.5336,43.6773],[11.5369,43.6814],[11.5329,43.6825],[11.5304,43.6849],[11.5347,43.6865],[11.5331,43.6884],[11.536,43.6915],[11.5285,43.6939],[11.5285,43.6972],[11.5248,43.6987],[11.5257,43.7012],[11.5228,43.7038],[11.5063,43.7008],[11.4855,43.7022],[11.4744,43.7088],[11.471,43.7133],[11.4693,43.7207],[11.4659,43.7242],[11.4682,43.7268],[11.4656,43.7333],[11.4671,43.7363],[11.471,43.7393],[11.4706,43.7453],[11.4722,43.7482],[11.4705,43.7524],[11.4702,43.7579],[11.4672,43.7584],[11.4663,43.7617],[11.4619,43.7645],[11.4593,43.7705],[11.4482,43.7752],[11.4405,43.7747],[11.4146,43.7768],[11.4087,43.7796],[11.4064,43.7824],[11.395,43.7876],[11.3924,43.7913],[11.388,43.793],[11.3848,43.7923],[11.3785,43.7871],[11.3673,43.7839],[11.3611,43.7846],[11.3592,43.7829],[11.3595,43.7761],[11.3577,43.7746],[11.3411,43.7698],[11.3327,43.7705],[11.312,43.7665],[11.2674,43.7714],[11.2544,43.7715]]]},"properties":{"kind":"roman-road","source":"itinere-roads"}},{"type":"Feature","geometry":{"type":"MultiLineString","coordinates":[[[11.2544,43.7715],[11.2513,43.7715],[11.2078,43.7926]]]},"properties":{"kind":"roman-road","source":"itinere-roads"}},{"type":"Feature","geometry":{"type":"MultiLineString","coordinates":[[[10.9168,43.9336],[10.886,43.9218],[10.8815,43.9188],[10.8481,43.9077],[10.8333,43.9093],[10.8302,43.907],[10.8263,43.9065],[10.8218,43.9032],[10.8217,43.8966],[10.8169,43.8906],[10.8064,43.8821],[10.7995,43.881],[10.7931,43.8781],[10.773,43.8785],[10.7703,43.8767],[10.7672,43.872],[10.749,43.8685],[10.7164,43.8722],[10.7078,43.8716],[10.6983,43.8771],[10.6952,43.8768],[10.6891,43.8794],[10.6825,43.8792],[10.672,43.877],[10.6531,43.8707],[10.6481,43.8723],[10.6437,43.8715],[10.6359,43.8679],[10.6223,43.8654],[10.6175,43.8631],[10.6104,43.8624],[10.6084,43.8608],[10.5279,43.851],[10.5242,43.8515],[10.5185,43.8488],[10.5118,43.8479],[10.5094,43.8452],[10.5019,43.8419],[10.4519,43.8406],[10.4432,43.8385],[10.4275,43.8315],[10.423,43.8302],[10.4168,43.8307],[10.4104,43.8275],[10.4094,43.8171],[10.4074,43.814],[10.3963,43.8071]]]},"properties":{"kind":"roman-road","source":"itinere-roads"}},{"type":"Feature","geometry":{"type":"MultiLineString","coordinates":[[[10.4004,43.7183],[10.4003,43.7345],[10.4044,43.7641],[10.4051,43.7867],[10.4036,43.7895],[10.4035,43.7976],[10.3978,43.8016],[10.3963,43.8071]]]},"properties":{"kind":"roman-road","source":"itinere-roads"}},{"type":"Feature","geometry":{"type":"MultiLineString","coordinates":[[[10.3963,43.8071],[10.3797,43.8081],[10.3754,43.8095],[10.3597,43.8349],[10.3532,43.8393],[10.3533,43.8485],[10.3489,43.8576],[10.3272,43.8717],[10.3242,43.8771],[10.3091,43.8828],[10.3027,43.884],[10.2991,43.8834],[10.2754,43.9071],[10.269,43.92],[10.1985,43.9689],[10.1434,44.0014],[10.1244,44.0154],[10.0984,44.0234],[10.0868,44.0307],[10.0797,44.0338],[10.0692,44.0358],[10.0449,44.0468],[10.0332,44.0537],[10.0086,44.0606],[9.9873,44.0739],[9.9756,44.0832],[9.969,44.1028],[9.9547,44.1068],[9.9533,44.1103],[9.9454,44.117],[9.9392,44.133],[9.9194,44.1454],[9.9169,44.1504],[9.9081,44.1579]]]},"properties":{"kind":"roman-road","source":"itinere-roads"}},{"type":"Feature","geometry":{"type":"MultiLineString","coordinates":[[[9.9081,44.1579],[9.8882,44.1668],[9.8777,44.1748],[9.8735,44.1758],[9.8647,44.1812],[9.8605,44.1896],[9.8582,44.1978],[9.8437,44.2008],[9.8233,44.2],[9.8186,44.1988],[9.8101,44.1998],[9.8006,44.2065],[9.7943,44.2073],[9.7861,44.2066],[9.785,44.2021],[9.7781,44.2033],[9.773,44.1997],[9.7698,44.1991],[9.7662,44.2031],[9.7664,44.2122],[9.7616,44.2155],[9.7539,44.2131],[9.7522,44.2169],[9.7537,44.2222],[9.7512,44.2237],[9.7298,44.2199],[9.7246,44.223],[9.7184,44.2226],[9.7159,44.2192],[9.7069,44.2201],[9.6875,44.2277],[9.6839,44.232],[9.6724,44.2309],[9.6675,44.228],[9.6639,44.2331],[9.6603,44.2341],[9.6594,44.2379],[9.6552,44.2387],[9.6546,44.2435],[9.644,44.2482],[9.64,44.2452],[9.6219,44.2472],[9.6163,44.2467],[9.6088,44.2499],[9.6012,44.2497],[9.5838,44.2469],[9.5795,44.2443],[9.5735,44.249],[9.5715,44.2484],[9.5652,44.2522],[9.5615,44.252],[9.5498,44.2553],[9.5376,44.2533],[9.5294,44.2539],[9.5213,44.2574],[9.5159,44.258],[9.5128,44.257],[9.5068,44.2592],[9.5019,44.257],[9.4889,44.2578],[9.4824,44.2561],[9.4808,44.2546],[9.4755,44.2559],[9.4724,44.2585],[9.4706,44.257],[9.4625,44.2563],[9.4579,44.26],[9.4527,44.2599],[9.447,44.2627],[9.4442,44.2619],[9.4405,44.265],[9.43,44.2647],[9.3969,44.2775],[9.3876,44.2836],[9.3847,44.2874],[9.3812,44.2882],[9.377,44.2914],[9.3597,44.3001],[9.295,44.3273],[9.2843,44.3367],[9.2806,44.3369],[9.2739,44.3405],[9.2598,44.3428],[9.2567,44.3449],[9.2436,44.3459],[9.2362,44.3491],[9.2294,44.3495],[9.2264,44.3514],[9.2132,44.3535],[9.2063,44.3567],[9.1969,44.3579],[9.1832,44.3572],[9.1691,44.3513],[9.1681,44.3477],[9.1581,44.3502],[9.1538,44.3565],[9.1473,44.3569],[9.1417,44.3624],[9.1381,44.3607],[9.1064,44.3699],[9.103,44.3723],[9.0879,44.3731],[9.0763,44.3776],[9.054,44.3809],[9.0533,44.3822],[9.0419,44.3854],[9.0332,44.3858],[9.0275,44.3842],[9.019,44.3864],[9.0052,44.3944],[8.9934,44.3954],[8.9933,44.3982],[8.9879,44.3992],[8.9802,44.395],[8.9667,44.3973],[8.9536,44.4023],[8.9294,44.4083],[8.9272,44.4129],[8.918,44.4171]]]},"properties":{"kind":"roman-road","source":"itinere-roads"}},{"type":"Feature","geometry":{"type":"MultiLineString","coordinates":[[[7.2079,43.6724],[7.2147,43.6702],[7.2203,43.6722],[7.2253,43.6784],[7.2458,43.6941],[7.2501,43.6997],[7.2705,43.7084],[7.2728,43.7236],[7.2767,43.7291],[7.2758,43.7322],[7.2783,43.7339],[7.2989,43.7319],[7.3115,43.7328],[7.3187,43.7351],[7.3273,43.7408],[7.3375,43.7436],[7.3428,43.7429],[7.3655,43.7455],[7.3775,43.7437],[7.3899,43.7489],[7.3936,43.7524],[7.399,43.754],[7.4131,43.7509],[7.4201,43.7525],[7.4226,43.7556],[7.4258,43.7543],[7.438,43.7586],[7.4388,43.7566],[7.4442,43.7572],[7.4508,43.7643],[7.451,43.7688],[7.4533,43.7683],[7.457,43.764],[7.4623,43.7638],[7.469,43.7584],[7.4751,43.758],[7.4803,43.7607],[7.4927,43.7743],[7.4959,43.7761],[7.5019,43.7768],[7.5104,43.7833],[7.52,43.7859],[7.5368,43.7838],[7.5422,43.785],[7.5476,43.7824],[7.5531,43.7822],[7.5574,43.7847],[7.5594,43.7886],[7.5621,43.7904],[7.5706,43.7929],[7.5908,43.7919],[7.6045,43.7949],[7.6158,43.79],[7.6321,43.7891],[7.6378,43.7848],[7.665,43.778],[7.6722,43.7779],[7.6795,43.7838],[7.6916,43.7904],[7.6956,43.7964],[7.6998,43.7988],[7.7117,43.8015],[7.7359,43.796],[7.7391,43.7969],[7.7466,43.8041],[7.7527,43.8076],[7.7612,43.8089],[7.7702,43.8137],[7.7767,43.8147],[7.7829,43.8195],[7.7905,43.8208],[7.7962,43.8203],[7.8053,43.8235],[7.8176,43.8215],[7.8292,43.8169],[7.8344,43.818],[7.8396,43.8222],[7.842,43.827],[7.852,43.8317],[7.8846,43.8394],[7.904,43.8366],[7.9174,43.8436],[7.9468,43.8467],[7.9611,43.851],[7.9651,43.8533],[7.9688,43.86],[7.9813,43.8638],[7.9922,43.8652],[8.0031,43.8701],[8.0155,43.8726],[8.0195,43.8761],[8.0186,43.8788],[8.0219,43.882],[8.0314,43.8864],[8.0409,43.8887],[8.0537,43.8874],[8.0661,43.8892],[8.0741,43.8921],[8.0776,43.8946],[8.0788,43.8976],[8.076,43.9026],[8.0772,43.9078],[8.0797,43.9107],[8.0903,43.9177],[8.0974,43.921],[8.1071,43.9235],[8.128,43.9272],[8.1325,43.9319],[8.1357,43.9417],[8.1396,43.9485],[8.1607,43.9533],[8.1678,43.9531],[8.1725,43.9552],[8.1726,43.9586],[8.1614,43.9696],[8.1577,43.9781],[8.1644,43.9967],[8.1643,44.0013],[8.1667,44.0053],[8.1801,44.0139],[8.1918,44.0165],[8.1907,44.0188],[8.1918,44.0223],[8.1975,44.0256],[8.2031,44.0319],[8.2132,44.0383],[8.2197,44.0448]]]},"properties":{"kind":"roman-road","source":"itinere-roads"}},{"type":"Feature","geometry":{"type":"MultiLineString","coordinates":[[[8.2197,44.0448],[8.2259,44.0535],[8.225,44.063],[8.227,44.0824],[8.2318,44.0963],[8.2531,44.1207],[8.2581,44.1283],[8.2686,44.139],[8.2827,44.1501],[8.3029,44.1564],[8.3353,44.1623],[8.3381,44.1678],[8.3564,44.1783],[8.3569,44.1814],[8.3593,44.1824],[8.3608,44.1857],[8.3669,44.1876],[8.3693,44.1934],[8.375,44.1943],[8.3786,44.1917],[8.3801,44.1932],[8.3837,44.1924],[8.3873,44.1935],[8.3911,44.2028],[8.3944,44.2062],[8.392,44.2112],[8.3966,44.2141],[8.3984,44.2186],[8.4041,44.2188],[8.4081,44.2216],[8.4179,44.2376],[8.425,44.24],[8.4312,44.2382],[8.4425,44.2378],[8.4448,44.242],[8.4439,44.2454],[8.4486,44.2522],[8.45,44.2526],[8.4529,44.2594],[8.4494,44.2617],[8.4435,44.2615],[8.439,44.2657],[8.4367,44.2714],[8.4374,44.2736],[8.4439,44.2838],[8.454,44.2927],[8.4682,44.3016],[8.4695,44.3034],[8.4715,44.3171],[8.4803,44.3196]]]},"properties":{"kind":"roman-road","source":"itinere-roads"}},{"type":"Feature","geometry":{"type":"MultiLineString","coordinates":[[[9.6931,45.0528],[9.7074,45.0413],[9.7245,45.0143],[9.7281,45.0026],[9.7407,44.9798],[9.7407,44.9738],[9.7379,44.9666],[9.7377,44.9583],[9.7518,44.9266],[9.7568,44.9199],[9.762,44.9051],[9.7622,44.8849],[9.7589,44.8774],[9.7487,44.8617],[9.749,44.8589],[9.7453,44.8548],[9.7414,44.8376],[9.738,44.8377],[9.7346,44.8351],[9.7337,44.8319],[9.7382,44.827],[9.7389,44.8241],[9.7339,44.8199],[9.7326,44.8157],[9.7279,44.809],[9.7302,44.8047],[9.7259,44.795],[9.7247,44.7883],[9.7218,44.7855]]]},"properties":{"kind":"roman-road","source":"itinere-roads"}},{"type":"Feature","geometry":{"type":"MultiLineString","coordinates":[[[10.0237,45.134],[10.0139,45.1432],[10.0062,45.1433],[9.9801,45.1495],[9.9209,45.1671],[9.8268,45.1815],[9.8064,45.1823],[9.7899,45.1844],[9.7783,45.182]]]},"properties":{"kind":"roman-road","source":"itinere-roads"}},{"type":"Feature","geometry":{"type":"MultiLineString","coordinates":[[[10.9882,45.4394],[10.9596,45.4244],[10.9266,45.4045],[10.7307,45.2834],[10.7079,45.2774],[10.6759,45.2567],[10.6626,45.2495]]]},"properties":{"kind":"roman-road","source":"itinere-roads"}},{"type":"Feature","geometry":{"type":"MultiLineString","coordinates":[[[11.8762,45.4034],[11.8918,45.4052],[11.9653,45.4031],[12.0535,45.4102],[12.0732,45.4141],[12.1029,45.4133]]]},"properties":{"kind":"roman-road","source":"itinere-roads"}},{"type":"Feature","geometry":{"type":"MultiLineString","coordinates":[[[12.1029,45.4133],[12.137,45.4189],[12.1618,45.4202]]]},"properties":{"kind":"roman-road","source":"itinere-roads"}},{"type":"Feature","geometry":{"type":"MultiLineString","coordinates":[[[11.8762,45.4034],[11.8637,45.4003],[11.6741,45.444],[11.6707,45.447],[11.6543,45.4546],[11.6133,45.4968],[11.5802,45.5212],[11.5709,45.5314],[11.5667,45.5406],[11.5508,45.5502]]]},"properties":{"kind":"roman-road","source":"itinere-roads"}},{"type":"Feature","geometry":{"type":"MultiLineString","coordinates":[[[11.8762,45.4034],[11.883,45.4078],[11.896,45.4071],[11.9024,45.4088],[11.949,45.426],[11.9849,45.4441],[11.9914,45.4463],[11.999,45.447],[12.0238,45.5132],[12.0439,45.5215],[12.0509,45.5267],[12.0619,45.5291],[12.065,45.5313],[12.0668,45.5408],[12.0707,45.543],[12.0794,45.5429],[12.086,45.5446],[12.0888,45.548],[12.0892,45.5599],[12.096,45.5649],[12.1083,45.5688],[12.1099,45.5731],[12.161,45.601],[12.1673,45.6033],[12.1746,45.6036],[12.1812,45.6087],[12.1865,45.6108],[12.1854,45.6142],[12.1878,45.618],[12.1886,45.6242],[12.1918,45.6279],[12.1988,45.6295],[12.2071,45.6357],[12.2108,45.6362],[12.2125,45.6397],[12.2214,45.6428],[12.2205,45.6473],[12.2242,45.6495],[12.2244,45.6534],[12.2302,45.6554],[12.2361,45.6597],[12.2519,45.6602]]]},"properties":{"kind":"roman-road","source":"itinere-roads"}},{"type":"Feature","geometry":{"type":"MultiLineString","coordinates":[[[12.2519,45.6602],[12.2573,45.6638],[12.2602,45.6766],[12.2675,45.7214],[12.2676,45.7367]]]},"properties":{"kind":"roman-road","source":"itinere-roads"}},{"type":"Feature","geometry":{"type":"MultiLineString","coordinates":[[[12.2676,45.7367],[12.2679,45.7754]]]},"properties":{"kind":"roman-road","source":"itinere-roads"}},{"type":"Feature","geometry":{"type":"MultiLineString","coordinates":[[[11.8787,45.4199],[11.8778,45.4205],[11.8792,45.4275]]]},"properties":{"kind":"roman-road","source":"itinere-roads"}},{"type":"Feature","geometry":{"type":"MultiLineString","coordinates":[[[11.8792,45.4275],[11.882,45.4363],[11.8752,45.4516],[11.8772,45.4611],[11.8807,45.4654],[11.8712,45.4725],[11.8678,45.4862],[11.8664,45.4875],[11.8663,45.4948],[11.8614,45.5004],[11.8607,45.5041],[11.8454,45.5191],[11.8391,45.5342],[11.8365,45.5356],[11.8331,45.54],[11.8313,45.5455],[11.8276,45.5507],[11.829,45.5558],[11.8286,45.5629],[11.8252,45.5772],[11.8203,45.5896],[11.8154,45.5943],[11.8164,45.597],[11.8154,45.6055],[11.8098,45.6104],[11.8101,45.6174],[11.8064,45.6194],[11.8044,45.6229],[11.8053,45.6313],[11.8045,45.6353],[11.8025,45.6367],[11.8005,45.646],[11.7919,45.668]]]},"properties":{"kind":"roman-road","source":"itinere-roads"}},{"type":"Feature","geometry":{"type":"MultiLineString","coordinates":[[[11.7785,45.717],[11.7423,45.7626]]]},"properties":{"kind":"roman-road","source":"itinere-roads"}},{"type":"Feature","geometry":{"type":"MultiLineString","coordinates":[[[11.7919,45.668],[11.7906,45.6726],[11.7922,45.6759],[11.7824,45.7106],[11.7785,45.717]]]},"properties":{"kind":"roman-road","source":"itinere-roads"}},{"type":"Feature","geometry":{"type":"MultiLineString","coordinates":[[[11.7423,45.7626],[11.7412,45.768],[11.7431,45.7787],[11.7408,45.7834],[11.7353,45.7877],[11.7262,45.7921],[11.7238,45.799],[11.7185,45.8052],[11.7179,45.8083],[11.722,45.8134],[11.7202,45.8173],[11.7137,45.8208],[11.7011,45.8317],[11.6925,45.8372],[11.6754,45.8448],[11.6608,45.8587],[11.6618,45.8635],[11.6764,45.8735],[11.6812,45.8816],[11.69,45.8901],[11.6908,45.897],[11.6932,45.8992],[11.7135,45.903],[11.7234,45.9096],[11.7283,45.919],[11.7285,45.9294],[11.7252,45.9372],[11.7269,45.9443],[11.7238,45.952],[11.7136,45.9551],[11.7061,45.9623],[11.7007,45.964],[11.692,45.9638],[11.6871,45.9664],[11.679,45.9776],[11.6757,45.9848],[11.6681,45.9926],[11.6638,46.0012],[11.6602,46.0032],[11.6518,46.0053],[11.6425,46.0113],[11.6144,46.0152],[11.6072,46.0195],[11.5948,46.0232],[11.5824,46.0297],[11.5645,46.0346],[11.5298,46.0481],[11.5112,46.0522],[11.5006,46.0504],[11.4879,46.0513],[11.48,46.0505],[11.4638,46.0451],[11.4479,46.0467],[11.4296,46.0466]]]},"properties":{"kind":"roman-road","source":"itinere-roads"}},{"type":"Feature","geometry":{"type":"MultiLineString","coordinates":[[[11.5508,45.5502],[11.5757,45.5724],[11.5768,45.5751],[11.5806,45.5761],[11.5918,45.5848],[11.6018,45.5874],[11.6176,45.5966],[11.6207,45.6005],[11.6235,45.6008],[11.6248,45.6048],[11.629,45.6061],[11.6302,45.6091],[11.6455,45.6113],[11.6748,45.6312],[11.6752,45.6325],[11.6875,45.6382],[11.6956,45.6447],[11.6977,45.6449],[11.7008,45.6505],[11.7085,45.6551]]]},"properties":{"kind":"roman-road","source":"itinere-roads"}},{"type":"Feature","geometry":{"type":"MultiLineString","coordinates":[[[11.7085,45.6551],[11.7165,45.6554],[11.7253,45.658],[11.7919,45.668]]]},"properties":{"kind":"roman-road","source":"itinere-roads"}},{"type":"Feature","geometry":{"type":"MultiLineString","coordinates":[[[11.9456,45.6907],[12.1437,45.7192]]]},"properties":{"kind":"roman-road","source":"itinere-roads"}},{"type":"Feature","geometry":{"type":"MultiLineString","coordinates":[[[11.7919,45.668],[11.9456,45.6907]]]},"properties":{"kind":"roman-road","source":"itinere-roads"}},{"type":"Feature","geometry":{"type":"MultiLineString","coordinates":[[[12.1437,45.7192],[12.2179,45.7297]]]},"properties":{"kind":"roman-road","source":"itinere-roads"}},{"type":"Feature","geometry":{"type":"MultiLineString","coordinates":[[[12.2676,45.7367],[12.288,45.7395]]]},"properties":{"kind":"roman-road","source":"itinere-roads"}},{"type":"Feature","geometry":{"type":"MultiLineString","coordinates":[[[12.4962,45.7759],[12.544,45.7848],[12.5788,45.7827],[12.6235,45.777],[12.649,45.7782],[12.6636,45.7749],[12.7571,45.7741],[12.7668,45.7676],[12.7736,45.7657],[12.7886,45.7637],[12.8253,45.7644],[12.8436,45.7567]]]},"properties":{"kind":"roman-road","source":"itinere-roads"}},{"type":"Feature","geometry":{"type":"MultiLineString","coordinates":[[[12.2179,45.7297],[12.2676,45.7367]]]},"properties":{"kind":"roman-road","source":"itinere-roads"}},{"type":"Feature","geometry":{"type":"MultiLineString","coordinates":[[[12.288,45.7395],[12.3288,45.7463],[12.3456,45.7456],[12.3601,45.7472],[12.3947,45.7543],[12.4745,45.7653],[12.4799,45.7711],[12.4874,45.7743],[12.4962,45.7759]]]},"properties":{"kind":"roman-road","source":"itinere-roads"}},{"type":"Feature","geometry":{"type":"MultiLineString","coordinates":[[[11.5508,45.5502],[11.5523,45.5564],[11.5448,45.5582],[11.5443,45.5609],[11.5471,45.5668],[11.5468,45.5707],[11.5501,45.5735],[11.5558,45.5856],[11.5573,45.5914],[11.5572,45.5987],[11.5552,45.6028],[11.5565,45.6072],[11.5625,45.6106],[11.567,45.6167],[11.5708,45.6305],[11.5788,45.6497],[11.5711,45.6574],[11.5663,45.6594],[11.5637,45.6645],[11.5627,45.6704],[11.559,45.6739],[11.5338,45.6841],[11.5318,45.6879],[11.5319,45.6942],[11.5289,45.7076],[11.5359,45.7128],[11.5366,45.7163],[11.5335,45.7227],[11.533,45.7285],[11.534,45.7305],[11.5323,45.7378],[11.524,45.7406],[11.5226,45.7454],[11.5245,45.7484],[11.5194,45.7503],[11.516,45.7537],[11.5122,45.7623],[11.5016,45.766],[11.4728,45.766],[11.4642,45.769],[11.4605,45.7724],[11.4528,45.7739],[11.44,45.7812],[11.4039,45.7916],[11.3926,45.7937],[11.39,45.7968],[11.384,45.7983],[11.3745,45.803],[11.3646,45.8032],[11.3592,45.8062],[11.3635,45.8141],[11.3635,45.8185],[11.3686,45.8265],[11.3705,45.8391],[11.3673,45.8429],[11.3618,45.8569],[11.3621,45.8726],[11.3567,45.8813],[11.3557,45.885],[11.351,45.8912],[11.342,45.8947],[11.3356,45.895],[11.3268,45.9007],[11.319,45.9035],[11.3155,45.9035],[11.3116,45.9081],[11.3059,45.9085],[11.293,45.9146],[11.2829,45.9142],[11.2732,45.9172],[11.2661,45.9165],[11.2522,45.9222],[11.245,45.9234],[11.24,45.9264],[11.2391,45.9303],[11.2346,45.9336],[11.2265,45.9342],[11.225,45.9313],[11.2201,45.9283],[11.2186,45.925],[11.2096,45.9243],[11.207,45.92],[11.2016,45.918],[11.1914,45.9212],[11.1865,45.9196],[11.1849,45.9146],[11.1798,45.9126],[11.162,45.9148],[11.1591,45.9125],[11.1549,45.9126],[11.1509,45.9151],[11.1495,45.9176],[11.1454,45.9191],[11.1304,45.9199],[11.1278,45.9232],[11.1216,45.924],[11.1139,45.93],[11.1078,45.9285],[11.0914,45.9346]]]},"properties":{"kind":"roman-road","source":"itinere-roads"}},{"type":"Feature","geometry":{"type":"MultiLineString","coordinates":[[[11.5508,45.5502],[11.5474,45.5512],[11.5415,45.5495],[11.5316,45.5556],[11.5223,45.5579],[11.5185,45.5604],[11.5158,45.5652],[11.5156,45.5689],[11.4974,45.5925],[11.4935,45.6034],[11.4819,45.6081],[11.4709,45.6102],[11.4613,45.6196],[11.4413,45.6298],[11.4351,45.6379],[11.4278,45.6432],[11.407,45.6659],[11.3983,45.6861],[11.3804,45.7014],[11.362,45.7096],[11.3418,45.7156],[11.3343,45.7151],[11.3135,45.7193],[11.2911,45.7189],[11.2815,45.7234],[11.2771,45.7305],[11.2561,45.7436],[11.2387,45.7448],[11.2346,45.7496],[11.2279,45.751],[11.2206,45.7551],[11.2144,45.7554],[11.2143,45.7583],[11.2085,45.7616],[11.1982,45.7613],[11.1969,45.7637],[11.1864,45.7631],[11.1796,45.7599],[11.1747,45.7595],[11.1674,45.7637],[11.16,45.7619],[11.156,45.7654],[11.1582,45.7672],[11.1556,45.7739],[11.1475,45.7676],[11.141,45.7687],[11.1326,45.7736],[11.1299,45.7727],[11.1231,45.7772],[11.1249,45.781],[11.1202,45.783],[11.1151,45.7823],[11.1121,45.7802],[11.104,45.7833],[11.1013,45.7872],[11.0953,45.7905],[11.0858,45.8068],[11.0821,45.8079],[11.0796,45.8105],[11.08,45.8129],[11.0774,45.8161],[11.074,45.8168],[11.0702,45.8202],[11.071,45.8221],[11.0673,45.8244],[11.067,45.8291],[11.0636,45.8298],[11.064,45.8378],[11.0593,45.8452],[11.0586,45.8497],[11.0631,45.8623],[11.0629,45.8656],[11.0573,45.8763],[11.054,45.8778],[11.0535,45.8807],[11.0504,45.8806],[11.0494,45.8845],[11.0319,45.8821]]]},"properties":{"kind":"roman-road","source":"itinere-roads"}},{"type":"Feature","geometry":{"type":"MultiLineString","coordinates":[[[11.6778,45.7236],[11.6773,45.7257],[11.672,45.7278],[11.6695,45.7378],[11.6684,45.7499],[11.6647,45.7502],[11.661,45.7542],[11.6488,45.758],[11.6474,45.761],[11.6404,45.7647],[11.6417,45.7675],[11.6393,45.769],[11.6369,45.7749],[11.6288,45.7727],[11.614,45.7737],[11.6068,45.7754],[11.6062,45.7776],[11.5995,45.7832],[11.5898,45.799],[11.5965,45.8045],[11.5976,45.8081],[11.5947,45.8164],[11.5988,45.8242],[11.5975,45.8298],[11.5918,45.8356],[11.5906,45.8386],[11.5952,45.8434],[11.6021,45.8468],[11.6043,45.8546],[11.6085,45.8569],[11.6097,45.8599],[11.618,45.8661],[11.6188,45.8697],[11.6168,45.8752],[11.6113,45.8741],[11.6132,45.878],[11.6099,45.8809],[11.6079,45.8867],[11.5984,45.8927],[11.5911,45.893],[11.5813,45.8909],[11.5774,45.8926],[11.5697,45.8926],[11.5675,45.8935],[11.5672,45.8975],[11.5646,45.899],[11.5611,45.8967],[11.562,45.8947],[11.5564,45.8913],[11.5457,45.8929],[11.543,45.892],[11.5406,45.8879],[11.5308,45.8812],[11.5218,45.8804],[11.509,45.8761],[11.5078,45.8745],[11.4937,45.8681],[11.4855,45.8676],[11.4798,45.8688],[11.4765,45.871],[11.4752,45.8755],[11.4728,45.8774],[11.4664,45.8728],[11.4626,45.8755],[11.4542,45.8743],[11.4463,45.875],[11.4354,45.8726],[11.4286,45.8691],[11.4224,45.8694],[11.4159,45.8663],[11.4051,45.8661],[11.3949,45.8616],[11.3904,45.8622],[11.3832,45.8603],[11.3729,45.8564],[11.3733,45.854],[11.3784,45.8492],[11.3709,45.8494],[11.3663,45.8465]]]},"properties":{"kind":"roman-road","source":"itinere-roads"}},{"type":"Feature","geometry":{"type":"MultiLineString","coordinates":[[[11.7085,45.6551],[11.7127,45.6602],[11.7136,45.6637],[11.7186,45.6652],[11.7228,45.6681],[11.7292,45.6776],[11.7399,45.6859],[11.7437,45.6871],[11.7449,45.6953],[11.7567,45.7034],[11.7594,45.707],[11.7666,45.7086],[11.7785,45.717]]]},"properties":{"kind":"roman-road","source":"itinere-roads"}},{"type":"Feature","geometry":{"type":"MultiLineString","coordinates":[[[11.7785,45.717],[11.8281,45.7418],[11.8533,45.7471],[11.8612,45.75],[11.8689,45.7572],[11.8923,45.7726],[11.8956,45.7765],[11.8961,45.7794],[11.9019,45.7837],[11.9031,45.7867]]]},"properties":{"kind":"roman-road","source":"itinere-roads"}},{"type":"Feature","geometry":{"type":"MultiLineString","coordinates":[[[11.9197,45.7895],[11.9602,45.7948],[11.9899,45.7915],[11.9989,45.7891],[12.0086,45.7903],[12.0267,45.7874],[12.0361,45.7883],[12.0429,45.7868],[12.0519,45.7831],[12.0533,45.7769],[12.1033,45.7478],[12.1437,45.7192]]]},"properties":{"kind":"roman-road","source":"itinere-roads"}},{"type":"Feature","geometry":{"type":"MultiLineString","coordinates":[[[11.9031,45.7867],[11.908,45.7892],[11.9197,45.7895]]]},"properties":{"kind":"roman-road","source":"itinere-roads"}},{"type":"Feature","geometry":{"type":"MultiLineString","coordinates":[[[12.2548,45.8172],[12.2429,45.8167],[12.2287,45.8222],[12.2101,45.8257],[12.205,45.8322],[12.1935,45.8379],[12.1825,45.8466],[12.17,45.8489],[12.1644,45.8459],[12.1554,45.8476],[12.1436,45.8453],[12.1338,45.8404],[12.1108,45.8333],[12.0804,45.8293],[12.0669,45.8261],[12.0566,45.8256],[12.0487,45.8272],[12.039,45.8326],[12.0321,45.8423],[12.0341,45.8476],[12.0325,45.852],[12.0298,45.8549],[12.0194,45.8563],[12.0165,45.8554],[12.0083,45.856],[11.9974,45.8617]]]},"properties":{"kind":"roman-road","source":"itinere-roads"}},{"type":"Feature","geometry":{"type":"MultiLineString","coordinates":[[[11.9974,45.8617],[11.994,45.8619],[11.9913,45.8649],[11.9706,45.8697],[11.9675,45.8723],[11.9641,45.8786],[11.954,45.8847],[11.9475,45.8864],[11.944,45.8903],[11.9423,45.8943],[11.9429,45.9],[11.9412,45.9127],[11.942,45.9178],[11.9454,45.9227],[11.9347,45.9307],[11.9277,45.9327],[11.9207,45.9366],[11.9198,45.9407],[11.9231,45.9482],[11.9339,45.9591],[11.9318,45.9653],[11.9336,45.9708],[11.9379,45.9754],[11.9532,45.9849],[11.9539,45.9887],[11.9485,45.9962],[11.9484,45.9995],[11.944,46.001],[11.9395,46.0004],[11.9367,46.0048],[11.9274,46.0096],[11.9057,46.0166]]]},"properties":{"kind":"roman-road","source":"itinere-roads"}},{"type":"Feature","geometry":{"type":"MultiLineString","coordinates":[[[10.4889,46.9304],[10.4852,46.9281],[10.4854,46.9243],[10.4819,46.9133],[10.4777,46.9119],[10.4769,46.9032],[10.4748,46.9012],[10.4749,46.8947],[10.4616,46.8825],[10.4556,46.8737],[10.4501,46.873],[10.4449,46.8702],[10.4404,46.865],[10.4342,46.8618],[10.429,46.8612],[10.4208,46.8558],[10.4218,46.8534],[10.4206,46.8464],[10.4116,46.8375],[10.4035,46.8349],[10.3764,46.8318],[10.3756,46.8296],[10.3713,46.8282],[10.355,46.8161],[10.3386,46.8102],[10.3315,46.8109],[10.3188,46.8062],[10.3103,46.8013],[10.3052,46.8004],[10.2986,46.7972],[10.2854,46.7898],[10.2713,46.7891],[10.2516,46.7841],[10.2451,46.779],[10.2415,46.7792],[10.2364,46.7767],[10.2303,46.7764],[10.2269,46.7781],[10.2129,46.7721],[10.1845,46.775],[10.1739,46.7738],[10.1699,46.7715],[10.1619,46.7725],[10.141,46.7704],[10.135,46.7722],[10.1257,46.7702],[10.1138,46.77],[10.1056,46.764],[10.0987,46.764],[10.0819,46.7544],[10.0777,46.747],[10.0794,46.7394],[10.077,46.7182],[10.0822,46.7155],[10.0895,46.7028],[10.0903,46.6951],[10.0894,46.6918],[10.0848,46.6894],[10.0783,46.6812],[10.0645,46.6747],[10.0608,46.6746],[10.0579,46.6717],[10.0446,46.6658],[10.0418,46.6635],[10.0403,46.6597],[10.0376,46.6597],[10.0341,46.6547],[10.0246,46.6461],[10.02,46.6366],[10.014,46.6345],[10.0131,46.6322],[10.0078,46.6296],[10.006,46.6258],[9.994,46.6178],[9.9895,46.6119],[9.9802,46.6076],[9.9739,46.6021],[9.962,46.5959],[9.9495,46.5913],[9.9416,46.5849],[9.9297,46.5834],[9.9059,46.5608],[9.8929,46.5528],[9.8873,46.5419],[9.8803,46.5357],[9.866,46.5282],[9.8615,46.5207],[9.8611,46.5162],[9.8588,46.5123],[9.8485,46.5065],[9.8441,46.5006],[9.8386,46.4982],[9.835,46.493],[9.8358,46.4866],[9.831,46.4817],[9.8197,46.4767],[9.8061,46.4731],[9.7974,46.4636],[9.7981,46.4597]]]},"properties":{"kind":"roman-road","source":"itinere-roads"}},{"type":"Feature","geometry":{"type":"MultiLineString","coordinates":[[[8.8508,46.7034],[8.8444,46.7006],[8.8447,46.6985],[8.8416,46.6952],[8.8381,46.6948],[8.8383,46.6919],[8.835,46.6894],[8.8351,46.6854],[8.8298,46.6822],[8.8036,46.6806],[8.7776,46.6814],[8.7725,46.6791],[8.7621,46.6805],[8.7595,46.6783],[8.7508,46.6756],[8.7449,46.6721],[8.7456,46.6674],[8.7397,46.6645],[8.7197,46.6609],[8.7088,46.6552],[8.6985,46.6535],[8.6957,46.6508],[8.6913,46.649],[8.6816,46.6508],[8.6764,46.6564],[8.6715,46.6585],[8.6694,46.6614],[8.6643,46.6615],[8.6387,46.6553],[8.6254,46.6453],[8.6196,46.6427],[8.61,46.6416],[8.6104,46.6397],[8.6063,46.6387],[8.6046,46.6361],[8.5973,46.6344],[8.5908,46.6362],[8.587,46.6307],[8.5799,46.6248],[8.5753,46.6234],[8.5703,46.6194],[8.5403,46.6107],[8.5359,46.6106],[8.5097,46.6014]]]},"properties":{"kind":"roman-road","source":"itinere-roads"}},{"type":"Feature","geometry":{"type":"MultiLineString","coordinates":[[[15.6244,40.3553],[15.6325,40.3523],[15.6433,40.3425],[15.6443,40.3447],[15.6531,40.347],[15.6572,40.3463],[15.6575,40.3527],[15.6598,40.3525],[15.6696,40.3622],[15.6812,40.3627],[15.695,40.3664],[15.6979,40.3647],[15.7141,40.3697],[15.7155,40.3675],[15.7193,40.3701],[15.7257,40.3681],[15.731,40.3718],[15.7345,40.372],[15.7407,40.3694],[15.7516,40.3615],[15.7811,40.3585]]]},"properties":{"kind":"roman-road","source":"itinere-roads"}},{"type":"Feature","geometry":{"type":"MultiLineString","coordinates":[[[12.8436,45.7567],[12.8488,45.7545],[12.8738,45.7536],[12.9165,45.7567],[12.9165,45.7591],[12.9215,45.7631],[12.9808,45.7841]]]},"properties":{"kind":"roman-road","source":"itinere-roads"}},{"type":"Feature","geometry":{"type":"MultiLineString","coordinates":[[[10.9268,44.6462],[10.9862,44.6966],[11.0195,44.7331],[11.031,44.7511],[11.0391,44.7586]]]},"properties":{"kind":"roman-road","source":"itinere-roads"}},{"type":"Feature","geometry":{"type":"MultiLineString","coordinates":[[[8.2759,44.4005],[8.2855,44.4019],[8.301,44.4093],[8.3125,44.419],[8.3101,44.4385],[8.3074,44.4462],[8.3091,44.4497],[8.3068,44.4562],[8.3067,44.4645],[8.3147,44.4751],[8.3141,44.4856],[8.3186,44.4967],[8.3174,44.5014],[8.3137,44.5056],[8.3008,44.5109],[8.2976,44.5163],[8.3073,44.527],[8.3161,44.5347],[8.3248,44.5401],[8.3437,44.5445],[8.3452,44.5699],[8.3491,44.5796],[8.3501,44.589],[8.3525,44.5949],[8.3519,44.6018],[8.3482,44.607],[8.3483,44.6131],[8.3531,44.6259],[8.3507,44.6435],[8.3529,44.6467],[8.3572,44.6478],[8.3657,44.6577],[8.3729,44.6592],[8.3909,44.6572],[8.4062,44.6643],[8.4203,44.6655],[8.4257,44.669],[8.4308,44.675],[8.4671,44.6763]]]},"properties":{"kind":"roman-road","source":"itinere-roads"}},{"type":"Feature","geometry":{"type":"MultiLineString","coordinates":[[[8.918,44.4171],[8.9096,44.4133],[8.9075,44.4111],[8.8984,44.4106],[8.8856,44.4139],[8.8854,44.421],[8.8882,44.426],[8.8899,44.4325],[8.8893,44.4349]]]},"properties":{"kind":"roman-road","source":"itinere-roads"}},{"type":"Feature","geometry":{"type":"MultiLineString","coordinates":[[[8.8893,44.4349],[8.889,44.4447],[8.8914,44.4514],[8.8984,44.4575],[8.897,44.4638],[8.9009,44.468],[8.9011,44.4719],[8.899,44.4753],[8.8996,44.4776],[8.8977,44.4863],[8.9035,44.4948]]]},"properties":{"kind":"roman-road","source":"itinere-roads"}},{"type":"Feature","geometry":{"type":"MultiLineString","coordinates":[[[12.2194,44.1452],[12.213,44.2788]]]},"properties":{"kind":"roman-road","source":"itinere-roads"}},{"type":"Feature","geometry":{"type":"MultiLineString","coordinates":[[[12.5673,44.0606],[12.5591,44.0684],[12.529,44.0885],[12.5222,44.0966],[12.5027,44.112]]]},"properties":{"kind":"roman-road","source":"itinere-roads"}},{"type":"Feature","geometry":{"type":"MultiLineString","coordinates":[[[9.6662,46.3911],[9.6612,46.3818],[9.6597,46.3715],[9.6567,46.3654],[9.6467,46.3622],[9.6376,46.3559],[9.6244,46.3502],[9.6038,46.3485],[9.5885,46.342],[9.5786,46.3399],[9.5692,46.339],[9.5587,46.3414],[9.5575,46.337],[9.5447,46.3366],[9.527,46.3332],[9.5202,46.3343],[9.5122,46.3323],[9.4872,46.331],[9.4839,46.3296],[9.4821,46.3311],[9.4773,46.3289],[9.4553,46.3255],[9.4519,46.3279],[9.4423,46.3293],[9.4241,46.3261],[9.4205,46.3274],[9.4101,46.3273],[9.3978,46.3209]]]},"properties":{"kind":"roman-road","source":"itinere-roads"}},{"type":"Feature","geometry":{"type":"MultiLineString","coordinates":[[[9.3978,46.3209],[9.3999,46.3177],[9.3981,46.3153]]]},"properties":{"kind":"roman-road","source":"itinere-roads"}},{"type":"Feature","geometry":{"type":"MultiLineString","coordinates":[[[9.7981,46.4597],[9.7965,46.4576],[9.79,46.4553],[9.783,46.4477],[9.7751,46.4427],[9.7349,46.4288],[9.7266,46.4234],[9.7274,46.4188],[9.7136,46.4137],[9.6947,46.4046],[9.6958,46.4],[9.6947,46.3968],[9.6825,46.3987],[9.6767,46.3947],[9.6693,46.3937],[9.6662,46.3911]]]},"properties":{"kind":"roman-road","source":"itinere-roads"}},{"type":"Feature","geometry":{"type":"MultiLineString","coordinates":[[[9.5256,46.8521],[9.5125,46.8499],[9.5061,46.8466],[9.4914,46.8457],[9.4688,46.8411],[9.4354,46.8293],[9.4072,46.828]]]},"properties":{"kind":"roman-road","source":"itinere-roads"}},{"type":"Feature","geometry":{"type":"MultiLineString","coordinates":[[[10.6583,42.9831],[10.5956,43.034],[10.5685,43.0522],[10.5411,43.0956]]]},"properties":{"kind":"roman-road","source":"itinere-roads"}},{"type":"Feature","geometry":{"type":"MultiLineString","coordinates":[[[11.2544,43.7715],[11.2562,43.7771],[11.2621,43.7846],[11.2625,43.79],[11.2611,43.7951],[11.2624,43.7982],[11.2755,43.8074]]]},"properties":{"kind":"roman-road","source":"itinere-roads"}},{"type":"Feature","geometry":{"type":"MultiLineString","coordinates":[[[14.6051,42.2041],[14.5171,42.2445],[14.5055,42.253],[14.5011,42.2585],[14.4998,42.2621],[14.5015,42.2712],[14.4761,42.2892],[14.464,42.2955],[14.4444,42.3083]]]},"properties":{"kind":"roman-road","source":"itinere-roads"}},{"type":"Feature","geometry":{"type":"MultiLineString","coordinates":[[[14.4444,42.3083],[14.4328,42.3189],[14.4286,42.3202],[14.4163,42.3285],[14.4178,42.3336],[14.4112,42.3391],[14.408,42.3446],[14.4009,42.3464],[14.4019,42.3515],[14.3998,42.3542],[14.4021,42.3571],[14.3994,42.3612],[14.3835,42.3709],[14.3703,42.376],[14.3673,42.3797],[14.3459,42.3921],[14.3352,42.3954],[14.3107,42.4067],[14.3015,42.4118],[14.2957,42.4169],[14.2776,42.425],[14.2377,42.4507],[14.2341,42.4511]]]},"properties":{"kind":"roman-road","source":"itinere-roads"}},{"type":"Feature","geometry":{"type":"MultiLineString","coordinates":[[[14.2341,42.4511],[14.2283,42.4517],[14.2125,42.4645]]]},"properties":{"kind":"roman-road","source":"itinere-roads"}},{"type":"Feature","geometry":{"type":"MultiLineString","coordinates":[[[12.9887,41.7492],[12.9883,41.751],[12.9834,41.7558],[12.9682,41.7667],[12.958,41.7698],[12.9376,41.7717],[12.9268,41.7755]]]},"properties":{"kind":"roman-road","source":"itinere-roads"}},{"type":"Feature","geometry":{"type":"MultiLineString","coordinates":[[[12.9268,41.7755],[12.9176,41.7747],[12.9036,41.7823],[12.8916,41.7836],[12.8525,41.801]]]},"properties":{"kind":"roman-road","source":"itinere-roads"}},{"type":"Feature","geometry":{"type":"MultiLineString","coordinates":[[[12.3812,42.0041],[12.3691,42.0095],[12.3604,42.0171],[12.3508,42.0191],[12.3495,42.0212],[12.3445,42.0239],[12.3412,42.0322],[12.3374,42.0355],[12.3309,42.0375],[12.3274,42.0366],[12.3216,42.0379],[12.3089,42.0364],[12.3004,42.0314],[12.2935,42.0311],[12.281,42.0329],[12.2648,42.0379],[12.2516,42.0492],[12.2449,42.0509],[12.2398,42.0539],[12.2303,42.0628],[12.2241,42.0648],[12.2212,42.0695],[12.2123,42.0764],[12.1991,42.0825],[12.1864,42.0863],[12.1669,42.0997],[12.1626,42.1044]]]},"properties":{"kind":"roman-road","source":"itinere-roads"}},{"type":"Feature","geometry":{"type":"MultiLineString","coordinates":[[[12.1626,42.1044],[12.1603,42.1067],[12.1623,42.1137],[12.1616,42.116],[12.1658,42.1179],[12.1672,42.1228],[12.1711,42.1259],[12.1712,42.1287]]]},"properties":{"kind":"roman-road","source":"itinere-roads"}},{"type":"Feature","geometry":{"type":"MultiLineString","coordinates":[[[14.0481,41.3562],[14.032,41.3635],[14.0197,41.3753],[14.0129,41.385],[14.0042,41.3909],[13.9945,41.4003],[13.972,41.4249],[13.9656,41.4341],[13.9489,41.4414]]]},"properties":{"kind":"roman-road","source":"itinere-roads"}},{"type":"Feature","geometry":{"type":"MultiLineString","coordinates":[[[16.1242,39.0412],[16.1323,39.0387],[16.1349,39.0392],[16.1393,39.0426],[16.1423,39.043],[16.1486,39.052],[16.1494,39.0566],[16.1553,39.0583],[16.1636,39.0637],[16.1855,39.0685],[16.1941,39.0792],[16.2003,39.081],[16.2052,39.0802],[16.2122,39.0816],[16.2266,39.0864]]]},"properties":{"kind":"roman-road","source":"itinere-roads"}},{"type":"Feature","geometry":{"type":"MultiLineString","coordinates":[[[15.6456,38.1835],[15.6418,38.191],[15.6373,38.1923],[15.6358,38.195],[15.6354,38.2023],[15.6372,38.2122],[15.6367,38.2243],[15.6446,38.2323],[15.6526,38.233],[15.6615,38.2357],[15.6749,38.2417],[15.6797,38.247],[15.6868,38.2473],[15.6924,38.2506],[15.6995,38.2511],[15.7021,38.2528],[15.7067,38.2506],[15.7092,38.2507],[15.7143,38.2532],[15.7209,38.2538],[15.7294,38.2523],[15.7367,38.2529],[15.7481,38.2568],[15.7523,38.2569],[15.7612,38.2606],[15.7684,38.2658],[15.7753,38.2682],[15.7908,38.2789],[15.8013,38.2818],[15.8044,38.2858],[15.8182,38.2877],[15.8163,38.2908],[15.8186,38.2933],[15.8276,38.2981],[15.8311,38.2977],[15.8305,38.3048],[15.8283,38.3077],[15.8334,38.3107],[15.8412,38.3117],[15.8423,38.3154],[15.84,38.3251],[15.8429,38.3452],[15.8508,38.3449],[15.8542,38.3475],[15.8517,38.3508],[15.851,38.3574],[15.8524,38.3608],[15.8625,38.3702],[15.866,38.3757],[15.8811,38.3852],[15.886,38.3996],[15.8896,38.4032],[15.8911,38.4069],[15.8896,38.4088],[15.8909,38.4137],[15.8942,38.4166],[15.8995,38.4256]]]},"properties":{"kind":"roman-road","source":"itinere-roads"}},{"type":"Feature","geometry":{"type":"MultiLineString","coordinates":[[[15.8995,38.4256],[15.8982,38.4302]]]},"properties":{"kind":"roman-road","source":"itinere-roads"}},{"type":"Feature","geometry":{"type":"MultiLineString","coordinates":[[[15.6506,38.1117],[15.6567,38.1169],[15.6577,38.122],[15.6558,38.1307],[15.6613,38.152],[15.6577,38.1555],[15.6477,38.1807],[15.6456,38.1835]]]},"properties":{"kind":"roman-road","source":"itinere-roads"}},{"type":"Feature","geometry":{"type":"MultiLineString","coordinates":[[[8.8623,44.8951],[8.8633,44.8952]]]},"properties":{"kind":"roman-road","source":"itinere-roads"}},{"type":"Feature","geometry":{"type":"MultiLineString","coordinates":[[[8.8633,44.8952],[8.8735,44.9023],[8.8989,44.929],[8.9388,44.966],[9.0221,44.9989]]]},"properties":{"kind":"roman-road","source":"itinere-roads"}},{"type":"Feature","geometry":{"type":"MultiLineString","coordinates":[[[9.0221,44.9989],[9.0452,44.9995],[9.1051,45.0087],[9.123,45.0151],[9.1305,45.0164],[9.1366,45.0199],[9.1627,45.0273],[9.1815,45.0356],[9.2112,45.0404],[9.2207,45.0445]]]},"properties":{"kind":"roman-road","source":"itinere-roads"}},{"type":"Feature","geometry":{"type":"MultiLineString","coordinates":[[[9.1555,45.1861],[9.1527,45.1797],[9.1486,45.1751]]]},"properties":{"kind":"roman-road","source":"itinere-roads"}},{"type":"Feature","geometry":{"type":"MultiLineString","coordinates":[[[8.945,45.1548],[8.8457,45.1341],[8.7931,45.1211],[8.7856,45.1246],[8.7529,45.1343],[8.7306,45.1373],[8.6857,45.1503]]]},"properties":{"kind":"roman-road","source":"itinere-roads"}},{"type":"Feature","geometry":{"type":"MultiLineString","coordinates":[[[9.1486,45.1751],[9.1287,45.1764],[9.1183,45.1758],[9.1009,45.1729],[9.092,45.1703],[9.0885,45.1672],[9.0738,45.1644],[9.0656,45.1652],[9.0479,45.1713],[9.0367,45.1737],[9.0251,45.1749],[8.9935,45.1741],[8.9749,45.1673],[8.9683,45.1625],[8.9615,45.1612],[8.9532,45.1571],[8.945,45.1548]]]},"properties":{"kind":"roman-road","source":"itinere-roads"}},{"type":"Feature","geometry":{"type":"MultiLineString","coordinates":[[[9.5744,45.1695],[9.4995,45.1621],[9.4658,45.161],[9.4516,45.1622],[9.3618,45.1593],[9.3046,45.1661],[9.2232,45.1781],[9.1949,45.1799],[9.1597,45.1844],[9.1555,45.1861]]]},"properties":{"kind":"roman-road","source":"itinere-roads"}},{"type":"Feature","geometry":{"type":"MultiLineString","coordinates":[[[9.7783,45.182],[9.7613,45.1803],[9.7541,45.1788],[9.7452,45.175],[9.7303,45.1736],[9.6911,45.1753],[9.6777,45.1746],[9.6546,45.177],[9.6385,45.1771],[9.5744,45.1695]]]},"properties":{"kind":"roman-road","source":"itinere-roads"}},{"type":"Feature","geometry":{"type":"MultiLineString","coordinates":[[[10.6626,45.2495],[10.504,45.1538]]]},"properties":{"kind":"roman-road","source":"itinere-roads"}},{"type":"Feature","geometry":{"type":"MultiLineString","coordinates":[[[12.1766,44.9445],[12.1546,44.9565],[12.1446,44.9644],[12.1324,44.9812],[12.1088,44.9974],[12.0769,45.0145],[12.0612,45.036],[12.0547,45.0499],[12.0526,45.0581]]]},"properties":{"kind":"roman-road","source":"itinere-roads"}},{"type":"Feature","geometry":{"type":"MultiLineString","coordinates":[[[12.0526,45.0581],[12.0517,45.0596]]]},"properties":{"kind":"roman-road","source":"itinere-roads"}},{"type":"Feature","geometry":{"type":"MultiLineString","coordinates":[[[12.0526,45.0581],[12.0541,45.0826],[12.062,45.1336],[12.0818,45.1692]]]},"properties":{"kind":"roman-road","source":"itinere-roads"}},{"type":"Feature","geometry":{"type":"MultiLineString","coordinates":[[[12.11,45.3476],[12.1081,45.3919],[12.1029,45.4133]]]},"properties":{"kind":"roman-road","source":"itinere-roads"}},{"type":"Feature","geometry":{"type":"MultiLineString","coordinates":[[[11.135,42.6376],[11.1379,42.6563],[11.1429,42.6677],[11.1406,42.6807],[11.1402,42.6989],[11.1433,42.714],[11.1375,42.7247],[11.1355,42.7352],[11.144,42.7445],[11.1422,42.7649],[11.1445,42.7863],[11.1251,42.7967],[11.1069,42.7956],[11.0948,42.8018],[11.0864,42.8274]]]},"properties":{"kind":"roman-road","source":"itinere-roads"}},{"type":"Feature","geometry":{"type":"MultiLineString","coordinates":[[[11.0864,42.8274],[11.0771,42.8506],[11.0762,42.8821],[11.0673,42.8918],[10.9948,42.9226],[10.9738,42.9208],[10.9527,42.9235],[10.9428,42.9424],[10.9353,42.9499],[10.8996,42.9524],[10.8814,42.9508],[10.8663,42.9555],[10.8517,42.9648],[10.8292,42.9606],[10.8076,42.9592],[10.7835,42.9558],[10.7715,42.9496],[10.7519,42.9464],[10.743,42.9425]]]},"properties":{"kind":"roman-road","source":"itinere-roads"}},{"type":"Feature","geometry":{"type":"MultiLineString","coordinates":[[[10.743,42.9425],[10.6987,42.9503],[10.6583,42.9831]]]},"properties":{"kind":"roman-road","source":"itinere-roads"}},{"type":"Feature","geometry":{"type":"MultiLineString","coordinates":[[[13.4513,42.3361],[13.4563,42.3368],[13.4979,42.3257],[13.5208,42.3236],[13.5286,42.3244],[13.5363,42.3222],[13.5396,42.3187],[13.5422,42.3178],[13.5444,42.3131],[13.5485,42.3101],[13.5786,42.3046],[13.5803,42.3033],[13.5916,42.3021],[13.6066,42.2904],[13.6131,42.2877],[13.6282,42.2836],[13.6624,42.2715],[13.6665,42.2714],[13.6918,42.2562],[13.7003,42.2454],[13.7064,42.2402],[13.7613,42.2243],[13.7761,42.2144],[13.7891,42.2112],[13.7899,42.209],[13.7934,42.208],[13.8068,42.2122],[13.8196,42.2141],[13.823,42.2131],[13.827,42.2065],[13.8371,42.2025],[13.8386,42.1964],[13.8495,42.1961]]]},"properties":{"kind":"roman-road","source":"itinere-roads"}},{"type":"Feature","geometry":{"type":"MultiLineString","coordinates":[[[13.5532,42.0713],[13.5494,42.0796],[13.549,42.0838],[13.5407,42.0883],[13.5213,42.0849],[13.5196,42.0823],[13.5081,42.0745],[13.4999,42.0707],[13.4745,42.0609],[13.4554,42.0572],[13.4439,42.0592],[13.4379,42.0617],[13.426,42.0696],[13.4212,42.0764],[13.415,42.0778],[13.4087,42.0815]]]},"properties":{"kind":"roman-road","source":"itinere-roads"}},{"type":"Feature","geometry":{"type":"MultiLineString","coordinates":[[[13.6273,42.0588],[13.6179,42.0567],[13.5699,42.0633],[13.561,42.065],[13.5559,42.0679],[13.5532,42.0713]]]},"properties":{"kind":"roman-road","source":"itinere-roads"}},{"type":"Feature","geometry":{"type":"MultiLineString","coordinates":[[[13.4087,42.0815],[13.4129,42.0809],[13.4159,42.0874],[13.4321,42.0975],[13.4379,42.1032],[13.441,42.1034],[13.4521,42.1081],[13.4632,42.109],[13.4676,42.1137],[13.482,42.1161],[13.4856,42.1191],[13.4891,42.1196],[13.4898,42.1218],[13.4934,42.1211],[13.5009,42.126],[13.5011,42.1284],[13.5046,42.1288],[13.5053,42.1306],[13.5014,42.1367],[13.5,42.1419],[13.5033,42.1426],[13.5044,42.1474],[13.5178,42.1604],[13.5184,42.1653],[13.5157,42.1756],[13.5196,42.2022],[13.5182,42.2105],[13.5281,42.2141],[13.5335,42.222],[13.5323,42.2273],[13.535,42.2339],[13.5294,42.2417],[13.5212,42.2488],[13.5087,42.2547],[13.5103,42.2603],[13.509,42.2633],[13.5051,42.2646],[13.5045,42.2672],[13.4967,42.269],[13.4968,42.2714],[13.4907,42.2714],[13.4892,42.2727],[13.4782,42.2743],[13.4747,42.277],[13.4652,42.2781],[13.4802,42.2886],[13.4784,42.2921],[13.4811,42.296],[13.4879,42.298],[13.4839,42.304],[13.4758,42.3101],[13.4732,42.3154],[13.4693,42.3196],[13.4643,42.3213],[13.4625,42.3252],[13.4513,42.3361]]]},"properties":{"kind":"roman-road","source":"itinere-roads"}},{"type":"Feature","geometry":{"type":"MultiLineString","coordinates":[[[14.9515,41.913],[14.9472,41.9152],[14.9414,41.9222],[14.9435,41.9243],[14.9412,41.933],[14.9461,41.9364],[14.9423,41.9449],[14.9421,41.9507],[14.9446,41.9572],[14.9431,41.9627]]]},"properties":{"kind":"roman-road","source":"itinere-roads"}},{"type":"Feature","geometry":{"type":"MultiLineString","coordinates":[[[15.6191,41.3139],[15.6124,41.3153],[15.602,41.3231]]]},"properties":{"kind":"roman-road","source":"itinere-roads"}},{"type":"Feature","geometry":{"type":"MultiLineString","coordinates":[[[15.602,41.3231],[15.5698,41.3286],[15.5283,41.3425],[15.4844,41.3551],[15.4782,41.3619],[15.4697,41.3665],[15.4563,41.3679],[15.4137,41.3628],[15.4044,41.3629],[15.3945,41.3649],[15.3798,41.3629],[15.3695,41.363],[15.349,41.3643],[15.3378,41.3675],[15.3279,41.3674],[15.3161,41.3644]]]},"properties":{"kind":"roman-road","source":"itinere-roads"}},{"type":"Feature","geometry":{"type":"MultiLineString","coordinates":[[[15.3345,41.5066],[15.3367,41.5101],[15.3448,41.5094],[15.3565,41.5104],[15.3746,41.5136],[15.4038,41.5132],[15.419,41.5094],[15.4407,41.5149],[15.4493,41.5147],[15.4571,41.5093],[15.4803,41.5126],[15.5097,41.5245],[15.5442,41.5312],[15.5555,41.5245]]]},"properties":{"kind":"roman-road","source":"itinere-roads"}},{"type":"Feature","geometry":{"type":"MultiLineString","coordinates":[[[16.6936,40.2351],[16.7154,40.2679],[16.7318,40.297],[16.7376,40.3044],[16.8105,40.365],[16.812,40.3704]]]},"properties":{"kind":"roman-road","source":"itinere-roads"}},{"type":"Feature","geometry":{"type":"MultiLineString","coordinates":[[[15.7811,40.3585],[15.7827,40.3561],[15.7968,40.3459],[15.8073,40.343],[15.8134,40.3386],[15.8184,40.331],[15.825,40.3275],[15.8272,40.3207],[15.8315,40.3168],[15.841,40.3148],[15.8525,40.3063],[15.8598,40.3062],[15.8674,40.3035],[15.87,40.3004],[15.8746,40.2988],[15.8764,40.2959],[15.8817,40.2936],[15.8844,40.2965],[15.8992,40.2987],[15.9017,40.2967],[15.9059,40.2982],[15.9126,40.297]]]},"properties":{"kind":"roman-road","source":"itinere-roads"}},{"type":"Feature","geometry":{"type":"MultiLineString","coordinates":[[[15.791,40.6245],[15.784,40.6185],[15.781,40.6098],[15.775,40.6032]]]},"properties":{"kind":"roman-road","source":"itinere-roads"}},{"type":"Feature","geometry":{"type":"MultiLineString","coordinates":[[[15.059,40.6158],[15.0513,40.6134],[15.0466,40.6099],[15.0361,40.6086],[15.0299,40.6053],[15.0014,40.6034],[14.981,40.6094]]]},"properties":{"kind":"roman-road","source":"itinere-roads"}},{"type":"Feature","geometry":{"type":"MultiLineString","coordinates":[[[16.5786,38.4449],[16.5728,38.432],[16.5678,38.4244],[16.5417,38.3999],[16.4936,38.3613],[16.4655,38.3432],[16.4088,38.3226],[16.4021,38.3208],[16.3944,38.3225],[16.3572,38.3087],[16.3443,38.3078],[16.326,38.2982],[16.325,38.296],[16.3154,38.2873],[16.3055,38.2746],[16.284,38.2567],[16.2777,38.2474],[16.24,38.2088]]]},"properties":{"kind":"roman-road","source":"itinere-roads"}},{"type":"Feature","geometry":{"type":"MultiLineString","coordinates":[[[16.4158,40.8172],[16.4106,40.8108],[16.4039,40.8121],[16.3944,40.8107],[16.3888,40.8075],[16.382,40.8071],[16.3717,40.8087],[16.3619,40.8074],[16.3584,40.8152],[16.3506,40.8186],[16.3426,40.8195],[16.33,40.818],[16.3246,40.8188],[16.3041,40.8247],[16.2909,40.8332],[16.2833,40.8356],[16.2748,40.8361],[16.2732,40.8373],[16.2682,40.8352],[16.2599,40.8378],[16.2561,40.8412],[16.2474,40.8432],[16.2331,40.8415]]]},"properties":{"kind":"roman-road","source":"itinere-roads"}},{"type":"Feature","geometry":{"type":"MultiLineString","coordinates":[[[16.2331,40.8415],[16.2315,40.8411],[16.2192,40.8453],[16.2097,40.8506],[16.2025,40.8518],[16.1995,40.849],[16.1919,40.8475],[16.1837,40.8491],[16.1679,40.863],[16.1567,40.8652],[16.1506,40.8649],[16.1445,40.8668],[16.1342,40.874],[16.0808,40.9033],[16.0726,40.9042],[16.0455,40.918],[16.0288,40.9235],[16.0089,40.9279],[15.9976,40.933],[15.9922,40.932],[15.9887,40.9344],[15.9866,40.9386],[15.9568,40.9499],[15.9506,40.9558],[15.9389,40.9575],[15.928,40.9607],[15.9146,40.9583],[15.9092,40.9591],[15.8991,40.9577],[15.889,40.9535],[15.862,40.9552],[15.834,40.9627],[15.8259,40.9678]]]},"properties":{"kind":"roman-road","source":"itinere-roads"}},{"type":"Feature","geometry":{"type":"MultiLineString","coordinates":[[[11.2078,43.7926],[11.1687,43.7892],[11.113,43.7813],[11.1041,43.7767],[11.0993,43.7759],[11.0964,43.7806],[11.083,43.7878],[11.0814,43.792],[11.0714,43.7915],[11.0634,43.7937],[11.059,43.7927],[11.0571,43.7893],[11.0529,43.7881],[11.0513,43.7842],[11.0531,43.7815],[11.0476,43.7793],[11.0437,43.7844],[11.0412,43.7825],[11.037,43.7829],[11.0318,43.7785],[11.0341,43.772],[11.0258,43.7636],[11.0247,43.7605],[11.0302,43.747],[11.0192,43.74],[11.0165,43.7357],[11.0188,43.7342],[11.0176,43.7321],[10.9559,43.7204],[10.8851,43.7202],[10.8883,43.7141],[10.8745,43.7146],[10.8691,43.712],[10.8567,43.7129],[10.8539,43.71],[10.8357,43.7125],[10.827,43.7077],[10.8173,43.7081],[10.8133,43.7071],[10.8099,43.7034],[10.7966,43.7038],[10.7922,43.7062],[10.7859,43.7073],[10.778,43.706],[10.7744,43.7045],[10.7712,43.7013],[10.7649,43.6928],[10.7586,43.6912],[10.7483,43.693],[10.7419,43.6906],[10.703,43.6713],[10.7003,43.6715],[10.6895,43.6637],[10.675,43.659],[10.6679,43.6633],[10.6517,43.6665],[10.6249,43.6651],[10.5776,43.6702],[10.5608,43.6754],[10.5394,43.6782],[10.5284,43.6784],[10.5252,43.681],[10.481,43.6879],[10.4769,43.6896],[10.471,43.6896],[10.4497,43.6946],[10.4387,43.6953],[10.4,43.7086]]]},"properties":{"kind":"roman-road","source":"itinere-roads"}},{"type":"Feature","geometry":{"type":"MultiLineString","coordinates":[[[8.4803,44.3196],[8.4907,44.3242],[8.5,44.3326],[8.5316,44.3387],[8.5365,44.3411],[8.5419,44.3471],[8.5454,44.3487],[8.555,44.3494],[8.5591,44.3521],[8.5658,44.3604],[8.5737,44.364],[8.5912,44.3623],[8.6054,44.3684],[8.6183,44.372],[8.6275,44.3777],[8.6376,44.3898],[8.6417,44.3922],[8.6477,44.3915],[8.655,44.3927],[8.6683,44.4024],[8.678,44.4069],[8.7011,44.4128],[8.7032,44.4154],[8.7145,44.4198],[8.7177,44.4178],[8.7235,44.418],[8.7416,44.428],[8.752,44.4317],[8.7594,44.4301],[8.7764,44.4301],[8.7834,44.4285],[8.7899,44.4305],[8.8019,44.4282],[8.8067,44.4238],[8.8274,44.4298],[8.848,44.4303],[8.8569,44.4333],[8.8699,44.435],[8.8766,44.4387],[8.8828,44.4386],[8.8893,44.4349]]]},"properties":{"kind":"roman-road","source":"itinere-roads"}},{"type":"Feature","geometry":{"type":"MultiLineString","coordinates":[[[13.2812,42.3524],[13.2836,42.3535],[13.3102,42.3517],[13.3217,42.3529],[13.3287,42.3562],[13.3343,42.3556],[13.3366,42.357],[13.3437,42.3558],[13.3564,42.3599],[13.365,42.3581],[13.3788,42.3603],[13.3999,42.3506],[13.4101,42.3477],[13.412,42.3449],[13.4175,42.3415],[13.4323,42.3365],[13.4449,42.3349],[13.4513,42.3361]]]},"properties":{"kind":"roman-road","source":"itinere-roads"}},{"type":"Feature","geometry":{"type":"MultiLineString","coordinates":[[[11.3411,46.4837],[11.3495,46.4914],[11.3558,46.4928],[11.3644,46.4912],[11.378,46.4937],[11.3952,46.4939],[11.3986,46.4922],[11.4085,46.4935],[11.4132,46.4928],[11.4231,46.4886],[11.4286,46.49],[11.4332,46.4938],[11.4385,46.4916],[11.4423,46.4951],[11.4487,46.4963],[11.4708,46.5123],[11.4775,46.5129],[11.4794,46.5179],[11.4888,46.5251],[11.4886,46.5314],[11.4992,46.5376],[11.5133,46.5507],[11.5121,46.5608],[11.5156,46.565],[11.5198,46.5674],[11.521,46.5698],[11.5224,46.584],[11.5334,46.6069],[11.533,46.6105],[11.5412,46.6212],[11.5474,46.6255],[11.5534,46.634],[11.5593,46.6365],[11.5627,46.64],[11.5663,46.641],[11.5718,46.6449],[11.5842,46.6485],[11.5924,46.6559],[11.6035,46.6581],[11.6076,46.6608],[11.6076,46.6627],[11.6137,46.6677],[11.6216,46.6783],[11.6232,46.6826],[11.6412,46.6918],[11.6483,46.7025],[11.6515,46.7083],[11.6525,46.7156],[11.6502,46.7203],[11.6494,46.7263],[11.6411,46.7374],[11.6409,46.741],[11.6368,46.7476],[11.6365,46.7546],[11.6382,46.7591],[11.643,46.7631],[11.6372,46.7726],[11.6281,46.7765]]]},"properties":{"kind":"roman-road","source":"itinere-roads"}},{"type":"Feature","geometry":{"type":"MultiLineString","coordinates":[[[12.4962,45.7759],[12.4766,45.7817],[12.4625,45.7825],[12.4569,45.7816],[12.4406,45.7859],[12.4269,45.7907],[12.4252,45.7939],[12.4111,45.8018],[12.3708,45.8153],[12.3341,45.8165],[12.2958,45.8207],[12.288,45.8188],[12.2648,45.82],[12.2592,45.8171],[12.2548,45.8172]]]},"properties":{"kind":"roman-road","source":"itinere-roads"}},{"type":"Feature","geometry":{"type":"MultiLineString","coordinates":[[[14.7368,41.194],[14.7432,41.1911],[14.7576,41.1751],[14.764,41.1647],[14.7705,41.1411],[14.7746,41.132]]]},"properties":{"kind":"roman-road","source":"itinere-roads"}},{"type":"Feature","geometry":{"type":"MultiLineString","coordinates":[[[14.129,40.8293],[14.122,40.8326],[14.1196,40.8366],[14.1164,40.8383]]]},"properties":{"kind":"roman-road","source":"itinere-roads"}},{"type":"Feature","geometry":{"type":"MultiLineString","coordinates":[[[14.1164,40.8383],[14.1113,40.8381],[14.0998,40.841],[14.0838,40.842],[14.0734,40.8452],[14.0615,40.8454],[14.0564,40.8476]]]},"properties":{"kind":"roman-road","source":"itinere-roads"}},{"type":"Feature","geometry":{"type":"MultiLineString","coordinates":[[[12.8436,45.7567],[12.8685,45.7958],[12.8738,45.8154],[12.8926,45.8434],[12.9221,45.8707],[12.9429,45.8948],[13.0078,45.9877],[13.0315,46.0236],[13.0469,46.0496],[13.0728,46.0871],[13.0883,46.1141],[13.0939,46.1189],[13.0967,46.1269],[13.1032,46.1303],[13.1103,46.1364],[13.128,46.1572],[13.1447,46.1702],[13.1507,46.1774],[13.1507,46.1821],[13.1534,46.1832],[13.1523,46.1879],[13.1559,46.1913],[13.1543,46.1934],[13.1556,46.1961],[13.1515,46.2081],[13.149,46.2119],[13.1394,46.2163],[13.1364,46.2193],[13.1478,46.2283],[13.1562,46.2385]]]},"properties":{"kind":"roman-road","source":"itinere-roads"}},{"type":"Feature","geometry":{"type":"MultiLineString","coordinates":[[[12.4643,41.902],[12.4559,41.9069],[12.455,41.9103],[12.451,41.9139],[12.448,41.9202],[12.4473,41.9268],[12.4448,41.9301],[12.4366,41.9366],[12.4339,41.9348],[12.4254,41.9384],[12.4122,41.9509],[12.4122,41.9587],[12.4086,41.9627],[12.4086,41.9805],[12.4069,41.9851]]]},"properties":{"kind":"roman-road","source":"itinere-roads"}},{"type":"Feature","geometry":{"type":"MultiLineString","coordinates":[[[8.296,45.1873],[8.2984,45.182],[8.3127,45.1695],[8.3316,45.1561],[8.3349,45.142],[8.3349,45.1361],[8.3306,45.124],[8.3193,45.1113]]]},"properties":{"kind":"roman-road","source":"itinere-roads"}},{"type":"Feature","geometry":{"type":"MultiLineString","coordinates":[[[8.3193,45.1113],[8.3093,45.1022],[8.3103,45.087],[8.3061,45.0775],[8.2942,45.0703],[8.2804,45.0641],[8.2762,45.0569],[8.2778,45.0544],[8.2683,45.0508],[8.2667,45.0473],[8.2703,45.0426],[8.2649,45.0312],[8.2569,45.027],[8.2566,45.0215],[8.2578,45.0178],[8.2545,45.0166],[8.2554,45.0116],[8.2461,45.0066],[8.2449,45.0006],[8.2315,44.9944],[8.2242,44.9884],[8.2289,44.9733],[8.2231,44.9558],[8.2263,44.9211],[8.2247,44.9176],[8.2199,44.9125],[8.2188,44.9086],[8.2005,44.8994]]]},"properties":{"kind":"roman-road","source":"itinere-roads"}},{"type":"Feature","geometry":{"type":"MultiLineString","coordinates":[[[13.3193,45.8557],[13.3338,45.8298],[13.3382,45.8271],[13.3419,45.821],[13.3534,45.796],[13.3685,45.7696]]]},"properties":{"kind":"roman-road","source":"itinere-roads"}},{"type":"Feature","geometry":{"type":"MultiLineString","coordinates":[[[11.0914,45.9346],[11.0989,45.94],[11.1091,45.9547],[11.1102,45.9641],[11.1144,45.9806],[11.1223,45.9936],[11.128,46.0193],[11.128,46.0419],[11.1258,46.0463],[11.1195,46.051],[11.117,46.0555],[11.1156,46.0654],[11.1175,46.0702]]]},"properties":{"kind":"roman-road","source":"itinere-roads"}},{"type":"Feature","geometry":{"type":"MultiLineString","coordinates":[[[14.2604,41.1302],[14.2705,41.1318],[14.296,41.1302]]]},"properties":{"kind":"roman-road","source":"itinere-roads"}}]}