{"type":"FeatureCollection","features":[{"type":"Feature","geometry":{"type":"Polygon","coordinates":[[[19.14167,45.20417],[19.14804,45.2036],[19.15612,45.1964],[19.16888,45.19527],[19.17877,45.1907],[19.18424,45.17979],[19.20638,45.1786],[19.23529,45.1714],[19.26076,45.17119],[19.26495,45.17535],[19.27258,45.17119],[19.29167,45.17083],[19.30342,45.17557],[19.31042,45.1713],[19.31592,45.17557],[19.33971,45.17443],[19.34509,45.17027],[19.35342,45.17557],[19.36875,45.1713],[19.37425,45.17557],[19.38125,45.1713],[19.38675,45.17557],[19.40745,45.17012],[19.40833,45.16667],[19.42825,45.16727],[19.43007,45.17434],[19.44388,45.17557],[19.44779,45.1786],[19.46076,45.17881],[19.46912,45.17048],[19.47742,45.17119],[19.48162,45.17535],[19.48995,45.17464],[19.49582,45.16875],[19.49202,45.16492],[19.49167,45.15417],[19.51577,45.14934],[19.51788,45.1411],[19.53554,45.14223],[19.54167,45.14583],[19.54758,45.14202],[19.5625,45.14167],[19.56912,45.14619],[19.58992,45.14131],[19.59412,45.13715],[19.62742,45.13785],[19.63125,45.14165],[19.63508,45.13785],[19.69167,45.1375],[19.70242,45.14202],[19.71424,45.15381],[19.73333,45.15417],[19.73423,45.15767],[19.74167,45.15833],[19.74792,45.15418],[19.76079,45.16285],[19.76909,45.16215],[19.77329,45.15798],[19.78159,45.15869],[19.78542,45.16249],[19.78924,45.15869],[19.82415,45.15332],[19.825,45.15],[19.85242,45.15452],[19.85591,45.15798],[19.87742,45.15798],[19.88091,45.15452],[19.89493,45.15351],[19.89583,45.15],[19.9125,45.15],[19.91371,45.15473],[19.92721,45.1536],[19.94167,45.15],[19.95174,45.13785],[19.96909,45.13298],[19.98508,45.11702],[19.99341,45.11285],[20.00242,45.11215],[20.00591,45.10869],[20.03576,45.10798],[20.04341,45.10035],[20.05242,45.09965],[20.05591,45.09619],[20.06909,45.09619],[20.07258,45.09965],[20.09583,45.10417],[20.09674,45.10772],[20.12304,45.1089],[20.12842,45.11307],[20.14932,45.10327],[20.1661,45.08554],[20.16752,45.08002],[20.18665,45.06998],[20.19263,45.05456],[20.21029,45.04223],[20.21995,45.04096],[20.2214,45.03529],[20.23287,45.02293],[20.22547,45.01042],[20.2286,45.00638],[20.22982,44.99264],[20.23946,44.9839],[20.24908,44.98263],[20.2536,44.97721],[20.25473,44.96446],[20.25918,44.95502],[20.2625,44.95417],[20.26315,44.94681],[20.27279,44.93807],[20.29076,44.93686],[20.29252,44.93002],[20.30764,44.92411],[20.32973,44.90103],[20.3286,44.88112],[20.32443,44.87575],[20.32557,44.86862],[20.32973,44.85612],[20.3536,44.82721],[20.35417,44.81667],[20.37299,44.81728],[20.38676,44.82164],[20.38811,44.83656],[20.39267,44.83798],[20.39906,44.8328],[20.41156,44.83803],[20.42725,44.83697],[20.43109,44.83386],[20.45417,44.83333],[20.45904,44.8176],[20.47696,44.80057],[20.48946,44.7964],[20.51576,44.79522],[20.51759,44.78808],[20.5375,44.775],[20.52832,44.75085],[20.52142,44.74908],[20.51307,44.73971],[20.51193,44.73112],[20.5036,44.72177],[20.50473,44.71029],[20.50904,44.69676],[20.51862,44.68807],[20.52823,44.6868],[20.5411,44.67304],[20.54238,44.66339],[20.54929,44.66161],[20.5537,44.64792],[20.54943,44.64241],[20.55057,44.63529],[20.55833,44.6125],[20.5589,44.60196],[20.56276,44.59697],[20.53971,44.58807],[20.52279,44.58693],[20.51471,44.57973],[20.5,44.575],[20.52258,44.55452],[20.5375,44.55417],[20.54525,44.53124],[20.53687,44.52152],[20.53827,44.50909],[20.55341,44.50758],[20.56313,44.49655],[20.56176,44.48434],[20.55833,44.48333],[20.56631,44.47326],[20.56667,44.46667],[20.5625,44.46667],[20.56188,44.45517],[20.55221,44.4464],[20.54527,44.44462],[20.5464,44.43112],[20.55057,44.42575],[20.54943,44.41029],[20.54527,44.40491],[20.5464,44.39362],[20.55057,44.38825],[20.54933,44.3759],[20.54225,44.37408],[20.52917,44.35417],[20.54341,44.33785],[20.55381,44.33159],[20.55332,44.32585],[20.54668,44.32415],[20.53807,44.31054],[20.53679,44.30089],[20.52917,44.3],[20.53841,44.27562],[20.55,44.275],[20.54934,44.26757],[20.54583,44.26667],[20.5464,44.25612],[20.55057,44.25075],[20.54939,44.226],[20.54388,44.2214],[20.52279,44.22027],[20.50502,44.21165],[20.50332,44.20502],[20.49654,44.20328],[20.49214,44.18958],[20.4964,44.18408],[20.4951,44.17589],[20.48373,44.16987],[20.47917,44.1625],[20.49131,44.15242],[20.49202,44.13924],[20.49583,44.13333],[20.47326,44.11285],[20.46841,44.11215],[20.45,44.09167],[20.42995,44.09098],[20.4282,44.07956],[20.42197,44.07474],[20.42083,44.07917],[20.39362,44.0839],[20.37721,44.09527],[20.34675,44.09644],[20.34527,44.10221],[20.33269,44.11576],[20.31737,44.12593],[20.3161,44.13554],[20.31151,44.14105],[20.28946,44.14223],[20.27917,44.14583],[20.26909,44.13785],[20.26008,44.13715],[20.25659,44.13369],[20.22745,44.13298],[20.22326,44.13715],[20.18508,44.13715],[20.175,44.12917],[20.1741,44.12149],[20.15612,44.1214],[20.14509,44.12557],[20.13404,44.11995],[20.13277,44.11029],[20.12877,44.10513],[20.11875,44.10047],[20.1125,44.10417],[20.07674,44.10452],[20.06076,44.12048],[20.04829,44.12119],[20.04409,44.11702],[20.03579,44.11631],[20.03159,44.12048],[20.00591,44.12048],[19.99409,44.11285],[19.98399,44.1116],[19.98333,44.10417],[19.97721,44.10057],[19.96156,44.09943],[19.94388,44.11193],[19.91592,44.11723],[19.90342,44.11193],[19.89804,44.1161],[19.87842,44.11723],[19.8718,44.1121],[19.86993,44.1048],[19.85196,44.1036],[19.84583,44.1],[19.81037,44.10064],[19.80213,44.10769],[19.76463,44.12436],[19.75077,44.12577],[19.75,44.13333],[19.73138,44.1411],[19.72205,44.14223],[19.71998,44.13418],[19.71667,44.13333],[19.69758,44.13369],[19.69167,44.1375],[19.69095,44.15341],[19.67288,44.15482],[19.66798,44.15824],[19.66598,44.17419],[19.64655,44.18015],[19.64167,44.20417],[19.65035,44.22255],[19.63995,44.23298],[19.625,44.23333],[19.62856,44.24375],[19.61602,44.27051],[19.62287,44.27852],[19.63311,44.28009],[19.63689,44.28542],[19.63269,44.29134],[19.63434,44.29984],[19.64134,44.30481],[19.66218,44.29519],[19.68646,44.29653],[19.69685,44.31587],[19.7076,44.31751],[19.70905,44.33646],[19.71596,44.33854],[19.71739,44.36172],[19.725,44.3625],[19.72434,44.36993],[19.7132,44.37592],[19.71179,44.38661],[19.69388,44.39527],[19.68422,44.39654],[19.68333,44.4],[19.64362,44.40057],[19.63529,44.40473],[19.62304,44.4161],[19.61752,44.41752],[19.61215,44.43576],[19.59829,44.44964],[19.59341,44.45035],[19.56286,44.47671],[19.56215,44.49826],[19.55835,44.50208],[19.57048,44.51424],[19.57083,44.52083],[19.55899,44.5259],[19.55833,44.53333],[19.55097,44.5379],[19.54915,44.54498],[19.53425,44.55475],[19.52964,44.56458],[19.5339,44.57158],[19.525,44.5875],[19.48138,44.61193],[19.44092,44.6214],[19.43447,44.6164],[19.43333,44.62083],[19.38924,44.62048],[19.38542,44.61668],[19.37326,44.62465],[19.34758,44.62952],[19.34167,44.63333],[19.35772,44.65201],[19.36188,44.66451],[19.36312,44.68549],[19.37022,44.69367],[19.37183,44.70478],[19.38651,44.70346],[19.38871,44.69576],[19.40417,44.70417],[19.40332,44.70748],[19.39668,44.70918],[19.39167,44.72083],[19.3786,44.73408],[19.38277,44.73946],[19.38807,44.76054],[19.39673,44.77434],[19.41054,44.77557],[19.41888,44.77973],[19.42403,44.78373],[19.43277,44.80196],[19.44223,44.84804],[19.44536,44.85208],[19.44127,44.85737],[19.43404,44.85922],[19.43277,44.86888],[19.425,44.87917],[19.40612,44.87973],[19.39668,44.88418],[19.39498,44.89082],[19.38946,44.89223],[19.37721,44.9036],[19.36471,44.90777],[19.34779,44.9089],[19.33675,44.91307],[19.32917,44.90833],[19.31841,44.90869],[19.30452,44.92255],[19.30417,44.93333],[19.28534,44.93812],[19.27709,44.94528],[19.25343,44.93688],[19.24105,44.95047],[19.2461,44.95738],[19.234,44.95915],[19.23333,44.975],[19.20833,44.96667],[19.2125,44.95833],[19.17696,44.95777],[19.16446,44.9536],[19.15638,44.9464],[19.13675,44.94527],[19.13138,44.94943],[19.12009,44.95057],[19.10638,44.94223],[19.09288,44.9411],[19.09082,44.94915],[19.08138,44.9536],[19.0365,44.96307],[19.02146,44.949],[19.0202,44.93007],[19.01335,44.92832],[18.99167,44.89167],[18.98091,44.89202],[18.97742,44.89548],[18.95833,44.9],[18.95208,44.8963],[18.94792,44.89953],[18.94375,44.8963],[18.93259,44.90057],[18.92708,44.8963],[18.92304,44.89943],[18.90759,44.90057],[18.90114,44.89557],[18.9,44.9],[18.88946,44.90057],[18.86251,44.914],[18.86723,44.92795],[18.85918,44.93002],[18.85833,44.93333],[18.85918,44.93665],[18.8701,44.94256],[18.8714,44.95075],[18.86723,44.95612],[18.8661,44.9676],[18.87454,44.97707],[18.8713,44.98125],[18.87557,44.99462],[18.86738,44.99672],[18.8625,45.01667],[18.84779,45.0214],[18.83971,45.0286],[18.83259,45.02973],[18.82614,45.02474],[18.82411,45.03262],[18.79779,45.03807],[18.79263,45.04206],[18.7875,45.05417],[18.77083,45.05417],[18.76147,45.04943],[18.73554,45.07443],[18.70612,45.09223],[18.69388,45.1036],[18.67591,45.1048],[18.67044,45.1157],[18.65638,45.12443],[18.64705,45.12557],[18.64498,45.11752],[18.64167,45.11667],[18.59362,45.11723],[18.56888,45.13693],[18.55342,45.13277],[18.53125,45.14582],[18.52742,45.14202],[18.51841,45.14131],[18.51076,45.13369],[18.49583,45.13333],[18.49498,45.13665],[18.48038,45.14223],[18.4783,45.13414],[18.47205,45.13277],[18.46579,45.14926],[18.45759,45.15057],[18.44925,45.14527],[18.44167,45.15417],[18.43542,45.15001],[18.43159,45.15381],[18.41912,45.15452],[18.41458,45.15001],[18.39826,45.15798],[18.38579,45.15869],[18.37326,45.15035],[18.36079,45.14965],[18.35625,45.15415],[18.35242,45.15035],[18.30591,45.14965],[18.30242,45.14619],[18.29412,45.14548],[18.28992,45.14965],[18.26841,45.15035],[18.26076,45.15798],[18.23995,45.15869],[18.21492,45.14619],[18.20591,45.14548],[18.19409,45.13369],[18.18091,45.12881],[18.175,45.12083],[18.14705,45.1161],[18.14501,45.12402],[18.14073,45.12557],[18.12842,45.1161],[18.11446,45.1214],[18.09649,45.13848],[18.09527,45.15221],[18.09223,45.15612],[18.0911,45.16741],[18.09943,45.18112],[18.10057,45.19462],[18.08971,45.19943],[18.075,45.2],[18.0787,45.21042],[18.0714,45.22696],[18.07027,45.24658],[18.07585,45.25748],[18.08248,45.25918],[18.08333,45.2625],[18.0875,45.25833],[18.09583,45.25833],[18.09648,45.26464],[18.11186,45.28953],[18.11322,45.3073],[18.12068,45.30954],[18.12852,45.3187],[18.12987,45.34506],[18.14409,45.34619],[18.14829,45.35035],[18.15659,45.34965],[18.16079,45.34548],[18.16909,45.34619],[18.17292,45.34999],[18.17708,45.34585],[18.18091,45.34965],[18.19544,45.35097],[18.20057,45.35759],[18.1963,45.36458],[18.20092,45.3744],[18.22083,45.375],[18.22119,45.38578],[18.23091,45.39548],[18.24829,45.40452],[18.26492,45.40381],[18.26912,45.39965],[18.27745,45.40452],[18.29409,45.40381],[18.29829,45.39965],[18.31424,45.40798],[18.32083,45.40833],[18.32197,45.4039],[18.32842,45.4089],[18.34071,45.40767],[18.34943,45.39804],[18.35,45.39167],[18.36054,45.3911],[18.36592,45.38693],[18.37425,45.39223],[18.41158,45.39107],[18.41788,45.37443],[18.42842,45.37973],[18.46667,45.36667],[18.48112,45.35057],[18.50221,45.34527],[18.51627,45.33653],[18.52027,45.33138],[18.52149,45.31763],[18.52709,45.31296],[18.53656,45.3214],[18.55638,45.32027],[18.59092,45.29943],[18.60748,45.30502],[18.60918,45.31165],[18.62279,45.32027],[18.64167,45.32083],[18.64583,45.30833],[18.67326,45.30869],[18.67745,45.31285],[18.68992,45.31215],[18.70245,45.30381],[18.72258,45.31215],[18.76492,45.31285],[18.76841,45.31631],[18.79409,45.31702],[18.79792,45.32082],[18.80174,45.31702],[18.83133,45.31605],[18.86883,45.30355],[18.87905,45.29884],[18.88433,45.28272],[18.89799,45.28395],[18.9037,45.28812],[18.92299,45.28688],[18.93117,45.27978],[18.94069,45.2784],[18.95,45.2625],[18.96446,45.27027],[18.97991,45.2714],[18.99241,45.2661],[18.99903,45.27123],[19.00089,45.27846],[19.01054,45.27973],[19.02832,45.28835],[19.02917,45.29167],[19.03554,45.29223],[19.04925,45.30057],[19.0616,45.29933],[19.06367,45.29127],[19.07762,45.30421],[19.08277,45.29804],[19.08404,45.28839],[19.09082,45.28665],[19.09943,45.27304],[19.10063,45.25515],[19.10748,45.24943],[19.11592,45.25473],[19.13138,45.2536],[19.1375,45.25],[19.13715,45.24341],[19.12918,45.23542],[19.13298,45.23159],[19.13369,45.21841],[19.14167,45.20417]]]},"properties":{"hybas_id":"2060555780","pfaf_id":"227401","sub_area":"11366.2","up_area":"87197.1","next_down":"2060557720","main_bas":"2060008490","kind":"basin","source":"local-hydrobasins"}},{"type":"Feature","geometry":{"type":"Polygon","coordinates":[[[20.1125,45.22083],[20.11993,45.22149],[20.12171,45.22843],[20.12991,45.22973],[20.13825,45.22443],[20.15196,45.23277],[20.16471,45.2339],[20.18661,45.25486],[20.18838,45.26176],[20.19658,45.26307],[20.20712,45.25777],[20.20833,45.2625],[20.22696,45.25057],[20.25327,45.24517],[20.25477,45.22591],[20.26276,45.22386],[20.2536,45.20491],[20.25473,45.18946],[20.25777,45.18554],[20.25899,45.17179],[20.27017,45.16577],[20.2714,45.15196],[20.275,45.14583],[20.27083,45.14167],[20.27465,45.13508],[20.26667,45.12083],[20.25923,45.12149],[20.25777,45.12721],[20.24073,45.14513],[20.23112,45.1464],[20.21054,45.15777],[20.16175,45.16723],[20.13971,45.1589],[20.10342,45.1536],[20.09804,45.15777],[20.00591,45.15869],[19.99829,45.16285],[19.99409,45.15869],[19.98579,45.15798],[19.98125,45.16249],[19.96909,45.15452],[19.95,45.15],[19.91371,45.15473],[19.9125,45.15],[19.89583,45.15],[19.89493,45.15351],[19.88091,45.15452],[19.875,45.15833],[19.85591,45.15798],[19.85242,45.15452],[19.825,45.15],[19.82415,45.15332],[19.78924,45.15869],[19.78542,45.16249],[19.78159,45.15869],[19.77329,45.15798],[19.76909,45.16215],[19.76079,45.16285],[19.74792,45.15418],[19.74167,45.15833],[19.73423,45.15767],[19.73333,45.15417],[19.71424,45.15381],[19.70242,45.14202],[19.69167,45.1375],[19.63508,45.13785],[19.63125,45.14165],[19.62742,45.13785],[19.59412,45.13715],[19.58992,45.14131],[19.56912,45.14619],[19.5625,45.14167],[19.54758,45.14202],[19.54167,45.14583],[19.53554,45.14223],[19.51788,45.1411],[19.51577,45.14934],[19.49167,45.15417],[19.49202,45.16492],[19.49582,45.16875],[19.48995,45.17464],[19.48162,45.17535],[19.47742,45.17119],[19.46912,45.17048],[19.46076,45.17881],[19.43007,45.17434],[19.42825,45.16727],[19.40833,45.16667],[19.40745,45.17012],[19.38675,45.17557],[19.38125,45.1713],[19.37425,45.17557],[19.36875,45.1713],[19.35342,45.17557],[19.34509,45.17027],[19.33971,45.17443],[19.31592,45.17557],[19.31042,45.1713],[19.30342,45.17557],[19.29167,45.17083],[19.27258,45.17119],[19.26495,45.17535],[19.26076,45.17119],[19.25,45.17083],[19.18424,45.17979],[19.17877,45.1907],[19.16888,45.19527],[19.15612,45.1964],[19.14804,45.2036],[19.14167,45.20417],[19.13369,45.21841],[19.13298,45.23159],[19.12918,45.23542],[19.13715,45.24341],[19.1375,45.25],[19.13138,45.2536],[19.11592,45.25473],[19.10748,45.24943],[19.10063,45.25515],[19.09943,45.27304],[19.09082,45.28665],[19.08404,45.28839],[19.08277,45.29804],[19.07762,45.30421],[19.06367,45.29127],[19.0616,45.29933],[19.04925,45.30057],[19.03554,45.29223],[19.02917,45.29167],[19.02832,45.28835],[19.01054,45.27973],[19.00089,45.27846],[18.99903,45.27123],[18.99241,45.2661],[18.97991,45.2714],[18.96446,45.27027],[18.95,45.2625],[18.94069,45.2784],[18.93117,45.27978],[18.92299,45.28688],[18.9037,45.28812],[18.89799,45.28395],[18.88433,45.28272],[18.87905,45.29884],[18.86883,45.30355],[18.83133,45.31605],[18.80174,45.31702],[18.79792,45.32082],[18.79409,45.31702],[18.76841,45.31631],[18.76492,45.31285],[18.72258,45.31215],[18.70245,45.30381],[18.68992,45.31215],[18.67745,45.31285],[18.67326,45.30869],[18.64583,45.30833],[18.64167,45.32083],[18.62279,45.32027],[18.60918,45.31165],[18.60748,45.30502],[18.59092,45.29943],[18.55638,45.32027],[18.53656,45.3214],[18.52709,45.31296],[18.52149,45.31763],[18.52027,45.33138],[18.51627,45.33653],[18.50221,45.34527],[18.48112,45.35057],[18.46667,45.36667],[18.42842,45.37973],[18.41788,45.37443],[18.41158,45.39107],[18.37425,45.39223],[18.36592,45.38693],[18.36054,45.3911],[18.35,45.39167],[18.34943,45.39804],[18.34071,45.40767],[18.32842,45.4089],[18.32197,45.4039],[18.32083,45.40833],[18.31424,45.40798],[18.29829,45.39965],[18.29409,45.40381],[18.27745,45.40452],[18.26912,45.39965],[18.26492,45.40381],[18.24829,45.40452],[18.23091,45.39548],[18.22119,45.38578],[18.22083,45.375],[18.20092,45.3744],[18.1963,45.36458],[18.20057,45.35759],[18.19544,45.35097],[18.18091,45.34965],[18.17708,45.34585],[18.17292,45.34999],[18.16909,45.34619],[18.16079,45.34548],[18.15659,45.34965],[18.14829,45.35035],[18.14409,45.34619],[18.1375,45.34583],[18.13785,45.35242],[18.14623,45.3657],[18.15221,45.36723],[18.16307,45.37795],[18.14646,45.38424],[18.14583,45.39583],[18.15775,45.40092],[18.16757,45.41601],[18.18138,45.41723],[18.21446,45.43693],[18.24065,45.43811],[18.25612,45.45777],[18.27701,45.46605],[18.29086,45.4674],[18.2925,45.47863],[18.30201,45.48688],[18.31196,45.48833],[18.32145,45.49926],[18.31605,45.51203],[18.32199,45.52905],[18.33534,45.53688],[18.35216,45.53812],[18.35833,45.54167],[18.36613,45.53689],[18.37526,45.5385],[18.37023,45.54529],[18.37162,45.55323],[18.38116,45.55773],[18.39167,45.55833],[18.40516,45.53819],[18.42299,45.53688],[18.4326,45.52855],[18.45336,45.52986],[18.45503,45.54134],[18.46042,45.54527],[18.48286,45.53272],[18.4912,45.53812],[18.50201,45.52978],[18.53133,45.52855],[18.5375,45.525],[18.55638,45.52557],[18.56175,45.52973],[18.57292,45.52547],[18.58658,45.52987],[18.59288,45.54223],[18.60328,45.54097],[18.60513,45.53373],[18.61029,45.52973],[18.66049,45.52855],[18.67284,45.52145],[18.68254,45.52004],[18.68419,45.50866],[18.68959,45.50472],[18.69784,45.51188],[18.71574,45.51759],[18.71803,45.52562],[18.72819,45.52424],[18.73688,45.51049],[18.7385,45.49938],[18.76458,45.50777],[18.77083,45.50417],[18.77205,45.5089],[18.78259,45.5036],[18.79079,45.50491],[18.79257,45.51184],[18.80638,45.51307],[18.8235,45.52082],[18.8286,45.51471],[18.82917,45.50833],[18.84409,45.50869],[18.84792,45.51249],[18.85245,45.50798],[18.86076,45.50869],[18.86495,45.51285],[18.87329,45.50798],[18.90242,45.50869],[18.91424,45.51631],[18.92917,45.51667],[18.92881,45.53159],[18.92501,45.53542],[18.92915,45.53958],[18.92083,45.54583],[18.92168,45.54915],[18.92917,45.55],[18.93369,45.56076],[18.94583,45.575],[18.95336,45.57574],[18.95496,45.58671],[18.96634,45.58836],[18.97027,45.59375],[18.96722,45.59793],[18.97855,45.61034],[18.97996,45.62004],[18.98966,45.62145],[19.00201,45.63272],[19.00822,45.63449],[19.01387,45.64645],[19.02843,45.63688],[19.05317,45.63817],[19.05533,45.64572],[19.06034,45.64938],[19.07326,45.65035],[19.0875,45.6604],[19.08335,45.66458],[19.08715,45.66841],[19.09202,45.68505],[19.08751,45.68958],[19.09165,45.69375],[19.08785,45.69758],[19.08715,45.71076],[19.07917,45.72083],[19.07173,45.72017],[19.06788,45.71193],[19.06582,45.71998],[19.05889,45.72708],[19.06283,45.73247],[19.07527,45.73428],[19.06991,45.74491],[19.06243,45.74705],[19.06605,45.75201],[19.07145,45.7778],[19.06322,45.78015],[19.05833,45.8],[19.04804,45.80777],[19.03946,45.8089],[19.0343,45.8129],[19.03248,45.81998],[19.02474,45.82197],[19.02988,45.83661],[19.04498,45.84252],[19.04506,45.85343],[19.01351,45.85913],[19.00769,45.87772],[19.01731,45.88228],[18.9966,45.88852],[18.99519,45.90032],[18.99936,45.9062],[19.00064,45.92714],[19.00481,45.93366],[18.99936,45.94616],[19.00833,45.9625],[19.01517,45.95835],[19.0218,45.97044],[19.04102,45.98007],[19.0536,45.99362],[19.0589,46.01054],[19.07027,46.02279],[19.08002,46.04082],[19.08333,46.04167],[19.08277,46.04804],[19.07443,46.05908],[19.0786,46.06446],[19.07973,46.08138],[19.0912,46.10625],[19.08807,46.11029],[19.08688,46.13242],[19.07149,46.1384],[19.07027,46.15221],[19.0661,46.15908],[19.07083,46.17083],[19.06702,46.17674],[19.06723,46.18554],[19.07443,46.19362],[19.07562,46.21576],[19.07917,46.21667],[19.075,46.225],[19.07851,46.2259],[19.07973,46.23971],[19.08693,46.25196],[19.0875,46.2625],[19.09503,46.26324],[19.10355,46.27284],[19.11188,46.28534],[19.1133,46.2951],[19.13242,46.29521],[19.1342,46.28831],[19.14045,46.28693],[19.14231,46.3063],[19.15493,46.32011],[19.17532,46.32148],[19.1812,46.31731],[19.20325,46.31602],[19.20538,46.32973],[19.20833,46.325],[19.2125,46.325],[19.21335,46.32832],[19.225,46.33333],[19.22597,46.32956],[19.23665,46.32415],[19.23835,46.31752],[19.25417,46.31667],[19.25512,46.32008],[19.26467,46.32144],[19.27708,46.32863],[19.28258,46.32456],[19.29089,46.32578],[19.29227,46.33551],[19.30083,46.3451],[19.31304,46.34644],[19.32137,46.34106],[19.32917,46.35],[19.33508,46.34619],[19.35245,46.34548],[19.36165,46.33665],[19.36311,46.31758],[19.37425,46.31193],[19.38259,46.31723],[19.39077,46.31593],[19.39527,46.31054],[19.40777,46.28138],[19.40772,46.27284],[19.39938,46.2588],[19.41194,46.23124],[19.40355,46.22157],[19.42022,46.19383],[19.4215,46.16767],[19.42877,46.16559],[19.44645,46.14667],[19.44512,46.12997],[19.43431,46.1284],[19.43241,46.12176],[19.42568,46.11984],[19.425,46.10833],[19.42917,46.10833],[19.42429,46.08839],[19.40216,46.07562],[19.37566,46.07002],[19.37438,46.03117],[19.37049,46.02584],[19.3597,46.02438],[19.35321,46.04086],[19.34536,46.04228],[19.33866,46.03739],[19.33272,46.02453],[19.33688,46.01883],[19.33812,45.99683],[19.32701,45.99522],[19.32157,45.99087],[19.32083,45.98333],[19.3214,45.97696],[19.3339,45.95908],[19.33266,45.94673],[19.32917,45.94583],[19.33333,45.94167],[19.33273,45.92175],[19.32292,45.91714],[19.31741,45.9214],[19.29682,45.92021],[19.29223,45.91471],[19.29101,45.9009],[19.28396,45.89909],[19.28271,45.87591],[19.2754,45.87403],[19.27027,45.86741],[19.2839,45.84677],[19.2826,45.83838],[19.26706,45.83237],[19.26307,45.82721],[19.26285,45.81424],[19.26631,45.81076],[19.26702,45.79758],[19.27083,45.79167],[19.26741,45.79064],[19.26589,45.77569],[19.2312,45.77436],[19.22297,45.76731],[19.21037,45.76602],[19.1813,45.75481],[19.16453,45.75352],[19.1562,45.74936],[19.15126,45.74586],[19.14897,45.73824],[19.14167,45.7375],[19.1411,45.72696],[19.13797,45.72292],[19.1411,45.71888],[19.14228,45.69266],[19.15625,45.6838],[19.16175,45.68807],[19.1697,45.68307],[19.17205,45.69223],[19.18554,45.6911],[19.2,45.68333],[19.20085,45.68665],[19.21175,45.69223],[19.21995,45.69093],[19.22842,45.68277],[19.24509,45.69223],[19.25624,45.6838],[19.26175,45.68807],[19.27826,45.68686],[19.28002,45.68002],[19.29793,45.67129],[19.31029,45.68277],[19.33551,45.68273],[19.34565,45.67806],[19.3494,45.67301],[19.3506,45.66033],[19.3578,45.65209],[19.3547,45.64791],[19.36369,45.63321],[19.37029,45.63811],[19.38394,45.632],[19.37856,45.62137],[19.38023,45.61189],[19.39375,45.61613],[19.39946,45.61189],[19.41458,45.61613],[19.42502,45.61124],[19.42852,45.6063],[19.42995,45.59236],[19.44583,45.59167],[19.45174,45.59965],[19.46079,45.60452],[19.47742,45.60381],[19.48162,45.59965],[19.49583,45.60417],[19.49548,45.58508],[19.48335,45.57292],[19.48715,45.56909],[19.48785,45.53921],[19.50174,45.52952],[19.51076,45.52881],[19.51841,45.52119],[19.52717,45.52023],[19.53533,45.51311],[19.55337,45.51181],[19.55461,45.50341],[19.55054,45.49792],[19.55417,45.49167],[19.54965,45.48505],[19.55035,45.46841],[19.55515,45.45932],[19.57484,45.45322],[19.58012,45.43766],[19.59095,45.43227],[19.59238,45.4094],[19.60204,45.40482],[19.62108,45.40333],[19.61667,45.39167],[19.63112,45.37557],[19.63946,45.3714],[19.66471,45.37027],[19.67009,45.3661],[19.69804,45.36723],[19.70303,45.3711],[19.70513,45.3629],[19.71029,45.3589],[19.72973,45.35712],[19.72443,45.34658],[19.72601,45.34248],[19.73294,45.3407],[19.73839,45.32988],[19.74804,45.3286],[19.7574,45.32027],[19.77304,45.3214],[19.77842,45.32557],[19.79804,45.32443],[19.80208,45.3213],[19.82828,45.32988],[19.83007,45.33684],[19.84388,45.33807],[19.86136,45.3461],[19.86763,45.33373],[19.87425,45.3286],[19.88665,45.33418],[19.88847,45.34127],[19.89362,45.34527],[19.9,45.34583],[19.90062,45.33432],[19.90612,45.32973],[19.91471,45.3286],[19.92279,45.3214],[19.93554,45.32027],[19.94362,45.31307],[19.98971,45.2911],[20.01862,45.2714],[20.03138,45.27027],[20.04101,45.26577],[20.04233,45.2509],[20.05208,45.2463],[20.05625,45.24953],[20.06175,45.24527],[20.08333,45.25833],[20.08946,45.25057],[20.11189,45.23659],[20.1125,45.22083]]]},"properties":{"hybas_id":"2060548700","pfaf_id":"227700","sub_area":"5905.7","up_area":"257414.0","next_down":"2060555600","main_bas":"2060008490","kind":"basin","source":"local-hydrobasins"}},{"type":"Feature","geometry":{"type":"Polygon","coordinates":[[[19.02083,44.70833],[19.00245,44.71285],[18.99826,44.70869],[18.97175,44.70773],[18.97083,44.70417],[18.95591,44.70381],[18.94826,44.69619],[18.92258,44.69131],[18.90242,44.67535],[18.8879,44.66987],[18.87973,44.65638],[18.87856,44.63016],[18.86725,44.62408],[18.85473,44.60638],[18.85356,44.57175],[18.84668,44.56998],[18.84583,44.56667],[18.83534,44.56728],[18.8162,44.57562],[18.81042,44.57139],[18.79669,44.5795],[18.79504,44.59087],[18.78534,44.59228],[18.775,44.6],[18.76008,44.60035],[18.73971,44.61193],[18.70612,44.61307],[18.70097,44.61706],[18.69915,44.62415],[18.68138,44.63277],[18.67083,44.63333],[18.66466,44.62562],[18.65496,44.62421],[18.6534,44.61347],[18.64676,44.61157],[18.64583,44.60833],[18.58995,44.61285],[18.58576,44.60869],[18.57745,44.60798],[18.57326,44.61215],[18.56424,44.61285],[18.54826,44.62465],[18.54167,44.625],[18.53162,44.63714],[18.52326,44.64131],[18.50662,44.64202],[18.50242,44.63785],[18.47329,44.63715],[18.46076,44.64548],[18.45174,44.64619],[18.40452,44.69338],[18.39829,44.70381],[18.38958,44.70061],[18.38415,44.70446],[18.38256,44.72006],[18.3677,44.72158],[18.35,44.75417],[18.33924,44.75452],[18.33576,44.75798],[18.28924,44.75869],[18.28576,44.76215],[18.27917,44.7625],[18.28697,44.77692],[18.29078,44.80339],[18.26442,44.81303],[18.2583,44.81829],[18.26614,44.82692],[18.26667,44.83333],[18.25923,44.83399],[18.25748,44.84082],[18.25085,44.84252],[18.25,44.84583],[18.25335,44.84687],[18.25498,44.8573],[18.28229,44.87093],[18.28399,44.87941],[18.27982,44.88538],[18.27851,44.89645],[18.2888,44.90825],[18.29641,44.90351],[18.30621,44.91184],[18.32424,44.91326],[18.32573,44.93227],[18.33619,44.93741],[18.34167,44.95],[18.36029,44.95777],[18.37304,44.9589],[18.39375,44.97036],[18.39925,44.9661],[18.41471,44.96723],[18.42415,44.97168],[18.42592,44.97857],[18.45,44.97917],[18.45035,44.98576],[18.46005,44.99548],[18.46909,44.99619],[18.47464,45.00171],[18.47915,45.01042],[18.47119,45.02258],[18.46215,45.05172],[18.47082,45.06042],[18.4625,45.06667],[18.4625,45.07083],[18.47083,45.07083],[18.47592,45.07846],[18.48661,45.07988],[18.49537,45.09374],[18.4911,45.10908],[18.4964,45.11741],[18.4911,45.12575],[18.49583,45.13333],[18.51076,45.13369],[18.51841,45.14131],[18.52742,45.14202],[18.53125,45.14582],[18.55342,45.13277],[18.56888,45.13693],[18.59362,45.11723],[18.64167,45.11667],[18.64498,45.11752],[18.64705,45.12557],[18.65638,45.12443],[18.67044,45.1157],[18.67591,45.1048],[18.69388,45.1036],[18.70612,45.09223],[18.73554,45.07443],[18.76147,45.04943],[18.77083,45.05417],[18.7875,45.05417],[18.79263,45.04206],[18.79779,45.03807],[18.82411,45.03262],[18.82614,45.02474],[18.83259,45.02973],[18.83971,45.0286],[18.84779,45.0214],[18.8625,45.01667],[18.86738,44.99672],[18.87557,44.99462],[18.8713,44.98125],[18.87454,44.97707],[18.8661,44.9676],[18.86723,44.95612],[18.8714,44.95075],[18.8701,44.94256],[18.85918,44.93665],[18.85833,44.93333],[18.85918,44.93002],[18.86723,44.92795],[18.86251,44.914],[18.88946,44.90057],[18.9,44.9],[18.90114,44.89557],[18.90759,44.90057],[18.92304,44.89943],[18.92708,44.8963],[18.93259,44.90057],[18.94375,44.8963],[18.94792,44.89953],[18.95208,44.8963],[18.95833,44.9],[18.97742,44.89548],[18.98091,44.89202],[18.99167,44.89167],[19.01335,44.92832],[19.0202,44.93007],[19.02146,44.949],[19.0365,44.96307],[19.08138,44.9536],[19.09082,44.94915],[19.09288,44.9411],[19.10638,44.94223],[19.12009,44.95057],[19.13138,44.94943],[19.13675,44.94527],[19.15638,44.9464],[19.16446,44.9536],[19.17696,44.95777],[19.2125,44.95833],[19.20833,44.96667],[19.23333,44.975],[19.234,44.95915],[19.2461,44.95738],[19.24105,44.95047],[19.25343,44.93688],[19.27709,44.94528],[19.28534,44.93812],[19.30417,44.93333],[19.30452,44.92255],[19.31841,44.90869],[19.32917,44.90833],[19.33009,44.90093],[19.35062,44.89483],[19.34933,44.87183],[19.33549,44.86312],[19.32163,44.86176],[19.31312,44.84799],[19.30895,44.83549],[19.30772,44.81451],[19.29222,44.79793],[19.29527,44.79375],[19.29228,44.78966],[19.29105,44.77284],[19.28688,44.76714],[19.29228,44.75464],[19.27978,44.73966],[19.2784,44.73014],[19.26466,44.72145],[19.24234,44.71567],[19.24077,44.70066],[19.23333,44.7],[19.22721,44.69223],[19.18946,44.6911],[19.18541,44.68796],[19.17182,44.70057],[19.13112,44.69943],[19.12708,44.6963],[19.12292,44.69953],[19.10908,44.6911],[19.09388,44.69527],[19.06758,44.69645],[19.06575,44.70356],[19.03112,44.70473],[19.02083,44.70833]]]},"properties":{"hybas_id":"2060554100","pfaf_id":"227403","sub_area":"2986.7","up_area":"57010.4","next_down":"2060555780","main_bas":"2060008490","kind":"basin","source":"local-hydrobasins"}},{"type":"Feature","geometry":{"type":"Polygon","coordinates":[[[18.97083,44.70417],[18.97175,44.70773],[18.99826,44.70869],[19.00245,44.71285],[19.03112,44.70473],[19.06575,44.70356],[19.06758,44.69645],[19.09388,44.69527],[19.10908,44.6911],[19.12292,44.69953],[19.12708,44.6963],[19.13112,44.69943],[19.17182,44.70057],[19.18541,44.68796],[19.18946,44.6911],[19.22721,44.69223],[19.23333,44.7],[19.24077,44.70066],[19.24234,44.71567],[19.26466,44.72145],[19.2784,44.73014],[19.27978,44.73966],[19.29228,44.75464],[19.28688,44.76714],[19.29105,44.77284],[19.29228,44.78966],[19.29527,44.79375],[19.29222,44.79793],[19.30772,44.81451],[19.30895,44.83549],[19.31728,44.85633],[19.32163,44.86176],[19.33549,44.86312],[19.34933,44.87183],[19.35062,44.89483],[19.33009,44.90093],[19.32917,44.90833],[19.33675,44.91307],[19.34779,44.9089],[19.36471,44.90777],[19.37721,44.9036],[19.38946,44.89223],[19.39498,44.89082],[19.39668,44.88418],[19.40612,44.87973],[19.425,44.87917],[19.43277,44.86888],[19.43404,44.85922],[19.44127,44.85737],[19.44536,44.85208],[19.44223,44.84804],[19.43277,44.80196],[19.42403,44.78373],[19.41888,44.77973],[19.41054,44.77557],[19.39673,44.77434],[19.38807,44.76054],[19.38277,44.73946],[19.3786,44.73408],[19.39167,44.72083],[19.39668,44.70918],[19.40332,44.70748],[19.40417,44.70417],[19.38871,44.69576],[19.38651,44.70346],[19.37183,44.70478],[19.37022,44.69367],[19.36312,44.68549],[19.36188,44.66451],[19.35772,44.65201],[19.34167,44.63333],[19.34758,44.62952],[19.37326,44.62465],[19.38542,44.61668],[19.38924,44.62048],[19.43333,44.62083],[19.43447,44.6164],[19.44092,44.6214],[19.44804,44.62027],[19.48138,44.61193],[19.525,44.5875],[19.5339,44.57158],[19.52964,44.56458],[19.53425,44.55475],[19.54915,44.54498],[19.55097,44.5379],[19.55833,44.53333],[19.55899,44.5259],[19.57083,44.52083],[19.57048,44.51424],[19.55835,44.50208],[19.56215,44.49826],[19.56286,44.47671],[19.59341,44.45035],[19.59829,44.44964],[19.61215,44.43576],[19.61752,44.41752],[19.62304,44.4161],[19.63529,44.40473],[19.64362,44.40057],[19.68333,44.4],[19.68422,44.39654],[19.69388,44.39527],[19.71179,44.38661],[19.7132,44.37592],[19.72434,44.36993],[19.725,44.3625],[19.71739,44.36172],[19.71596,44.33854],[19.70905,44.33646],[19.7076,44.31751],[19.69685,44.31587],[19.68646,44.29653],[19.66218,44.29519],[19.64134,44.30481],[19.63434,44.29984],[19.63269,44.29134],[19.63689,44.28542],[19.63311,44.28009],[19.62287,44.27852],[19.61602,44.27051],[19.62856,44.24375],[19.625,44.23333],[19.63995,44.23298],[19.65035,44.22255],[19.64167,44.20417],[19.64655,44.18015],[19.66598,44.17419],[19.66798,44.15824],[19.67288,44.15482],[19.69095,44.15341],[19.69167,44.1375],[19.69758,44.13369],[19.71667,44.13333],[19.72674,44.12119],[19.73715,44.11492],[19.74131,44.10659],[19.74223,44.09779],[19.7464,44.09241],[19.74527,44.06862],[19.7411,44.06325],[19.74267,44.05914],[19.74929,44.05745],[19.75057,44.04779],[19.75473,44.04241],[19.75046,44.03541],[19.75777,44.02721],[19.7589,44.00612],[19.7632,43.99259],[19.77557,43.98629],[19.75835,43.9515],[19.76446,43.9464],[19.77821,43.94518],[19.7875,43.925],[19.76841,43.92048],[19.76458,43.91668],[19.75662,43.92119],[19.73576,43.90452],[19.71008,43.90381],[19.70659,43.90035],[19.66029,43.89943],[19.65342,43.89527],[19.64509,43.90057],[19.63971,43.8964],[19.62174,43.8952],[19.61567,43.88395],[19.59092,43.88277],[19.58554,43.88693],[19.56862,43.88807],[19.56175,43.89223],[19.55638,43.88807],[19.53529,43.88693],[19.53013,43.88294],[19.52832,43.87585],[19.51471,43.86723],[19.50342,43.8661],[19.49288,43.8714],[19.4911,43.86446],[19.48299,43.85535],[19.47842,43.8536],[19.47304,43.85777],[19.45833,43.85833],[19.45869,43.85171],[19.46841,43.84202],[19.47674,43.83785],[19.48992,43.83715],[19.50591,43.82535],[19.52742,43.82465],[19.53508,43.81702],[19.54409,43.81631],[19.54829,43.81215],[19.55662,43.81702],[19.57258,43.80869],[19.58159,43.80798],[19.5875,43.80417],[19.58812,43.79258],[19.62415,43.77415],[19.625,43.77083],[19.64075,43.77023],[19.64257,43.76314],[19.67304,43.75777],[19.68262,43.75328],[19.68404,43.74255],[19.70196,43.7339],[19.72917,43.72917],[19.71888,43.71723],[19.71335,43.71582],[19.70777,43.70491],[19.7089,43.69779],[19.71335,43.68835],[19.73112,43.67973],[19.74075,43.67846],[19.75918,43.65085],[19.77917,43.64167],[19.77465,43.63505],[19.77535,43.61424],[19.77881,43.61076],[19.77917,43.60417],[19.79506,43.58653],[19.79664,43.57571],[19.81466,43.57438],[19.82701,43.56312],[19.83966,43.56188],[19.84536,43.55772],[19.87083,43.5625],[19.87721,43.56193],[19.88529,43.55473],[19.90734,43.55355],[19.91335,43.54252],[19.92017,43.54077],[19.92083,43.53333],[19.93508,43.52535],[19.95242,43.52048],[19.96042,43.51251],[19.96495,43.51702],[19.98159,43.51631],[19.99341,43.50869],[20.01667,43.50833],[20.02832,43.50332],[20.03005,43.49654],[20.04929,43.49078],[20.05071,43.48005],[20.05762,43.47828],[20.0589,43.46862],[20.06307,43.46325],[20.0589,43.45638],[20.05833,43.44167],[20.06471,43.4411],[20.07279,43.4339],[20.09076,43.4327],[20.0964,43.42158],[20.09214,43.41458],[20.09527,43.41054],[20.0964,43.39362],[20.10473,43.38427],[20.10343,43.37588],[20.1,43.375],[20.10121,43.37027],[20.11054,43.3714],[20.11592,43.37557],[20.12021,43.37392],[20.1214,43.35612],[20.12557,43.35075],[20.11723,43.33971],[20.11667,43.33333],[20.13248,43.32415],[20.13418,43.31752],[20.14082,43.31582],[20.14257,43.30899],[20.15242,43.30869],[20.16841,43.32048],[20.1875,43.32083],[20.18871,43.3161],[20.19911,43.31736],[20.2093,43.3371],[20.2322,43.3461],[20.23272,43.31451],[20.22562,43.30216],[20.22438,43.28534],[20.22022,43.27964],[20.22149,43.24267],[20.24098,43.23669],[20.24234,43.2135],[20.25062,43.21113],[20.24893,43.20434],[20.23395,43.19383],[20.22824,43.17176],[20.19409,43.15452],[20.17674,43.14965],[20.16285,43.13578],[20.16335,43.12585],[20.1714,43.12379],[20.17014,43.11339],[20.16667,43.1125],[20.16733,43.1009],[20.17083,43.1],[20.17023,43.08949],[20.15773,43.07585],[20.15916,43.06736],[20.1783,43.06598],[20.19523,43.03967],[20.19659,43.03012],[20.20326,43.02826],[20.2125,43.0125],[20.19362,43.01307],[20.18958,43.0162],[20.16471,42.9964],[20.14672,42.99096],[20.14498,42.98418],[20.13835,42.98248],[20.12858,42.96759],[20.11667,42.9625],[20.10833,42.9625],[20.10381,42.95588],[20.10798,42.94341],[20.09715,42.93342],[20.09232,42.92296],[20.09101,42.89371],[20.08734,42.88845],[20.07584,42.88666],[20.06985,42.86765],[20.05629,42.85899],[20.04796,42.85482],[20.02571,42.85343],[20.025,42.8375],[20.02853,42.83659],[20.0298,42.81757],[20.03333,42.81667],[20.03298,42.80174],[20.02917,42.7979],[20.04548,42.78576],[20.04583,42.775],[20.03549,42.76728],[20.00932,42.76178],[20.00741,42.75509],[19.98819,42.74919],[19.98715,42.72255],[19.97119,42.71076],[19.97083,42.70833],[19.99082,42.69915],[19.99255,42.69238],[20.00325,42.69096],[20.00777,42.68554],[20.00833,42.65833],[20.01471,42.65777],[20.02832,42.64915],[20.03009,42.64225],[20.03946,42.6339],[20.04779,42.62973],[20.06054,42.6286],[20.06757,42.62149],[20.075,42.62083],[20.07561,42.60508],[20.08298,42.59826],[20.08785,42.58091],[20.09165,42.57708],[20.08369,42.56909],[20.08333,42.55833],[20.06036,42.55898],[20.05542,42.56248],[20.05315,42.55496],[20.0437,42.55352],[20.0313,42.54648],[20.01744,42.54506],[20.01602,42.5312],[20.00898,42.52297],[20.00833,42.50833],[20.00242,42.51215],[19.95174,42.51285],[19.93995,42.52119],[19.91909,42.50869],[19.90417,42.50833],[19.90356,42.49267],[19.89668,42.48693],[19.87991,42.4964],[19.86741,42.48277],[19.85908,42.48807],[19.83835,42.47832],[19.83693,42.47279],[19.8214,42.45638],[19.8125,42.44167],[19.80591,42.44202],[19.78958,42.45415],[19.78576,42.45035],[19.76079,42.44965],[19.75417,42.45417],[19.75452,42.46909],[19.75798,42.47258],[19.75833,42.47917],[19.76667,42.48333],[19.76582,42.48665],[19.76136,42.49193],[19.75638,42.48807],[19.74654,42.48839],[19.74527,42.49804],[19.73647,42.50774],[19.71667,42.50833],[19.7161,42.53554],[19.71193,42.54388],[19.68554,42.5661],[19.67009,42.5714],[19.66175,42.5661],[19.65625,42.57036],[19.64362,42.5661],[19.63425,42.55775],[19.63248,42.55085],[19.61592,42.54527],[19.59375,42.5537],[19.58138,42.5464],[19.57205,42.54527],[19.56998,42.55332],[19.55417,42.5625],[19.55479,42.57409],[19.55833,42.575],[19.55833,42.57083],[19.56471,42.5714],[19.57415,42.57585],[19.57434,42.58962],[19.55842,42.61535],[19.52712,42.63268],[19.51642,42.63399],[19.50917,42.62892],[19.50768,42.64796],[19.50482,42.65204],[19.50355,42.68549],[19.49645,42.69367],[19.49228,42.70617],[19.49105,42.71297],[19.49663,42.72837],[19.50736,42.72994],[19.51312,42.74214],[19.50772,42.75047],[19.5125,42.75833],[19.48091,42.76285],[19.47326,42.77048],[19.46667,42.77083],[19.46173,42.7909],[19.44787,42.79231],[19.4343,42.80096],[19.43237,42.80737],[19.42583,42.80934],[19.42436,42.8173],[19.43269,42.82703],[19.43398,42.83366],[19.42895,42.84075],[19.39787,42.84648],[19.36785,42.87108],[19.36252,42.88207],[19.34362,42.8839],[19.33554,42.8911],[19.31029,42.89223],[19.26875,42.91203],[19.25066,42.90327],[19.24934,42.8884],[19.225,42.87917],[19.22535,42.86841],[19.22915,42.86458],[19.22119,42.85659],[19.22175,42.85058],[19.23665,42.84082],[19.2375,42.8375],[19.23672,42.82986],[19.22083,42.82917],[19.22048,42.83576],[19.21495,42.84131],[19.20591,42.84202],[19.20208,42.84582],[19.19826,42.84202],[19.17917,42.84167],[19.17828,42.84512],[19.16029,42.85057],[19.15063,42.85933],[19.14943,42.87721],[19.14544,42.88237],[19.11446,42.89223],[19.10626,42.89954],[19.08647,42.8911],[19.06471,42.91193],[19.04672,42.91738],[19.0447,42.92526],[19.0324,42.92027],[19.02083,42.93333],[19.01424,42.93369],[19.0,42.94167],[18.99492,42.95354],[18.97279,42.95473],[18.95659,42.96215],[18.92674,42.96285],[18.89362,42.97973],[18.88159,42.99131],[18.85,42.99167],[18.84914,42.99503],[18.84288,42.9964],[18.84167,42.99167],[18.83002,42.99082],[18.825,42.98333],[18.81841,42.98369],[18.80417,43.0],[18.78876,43.00831],[18.77981,43.02287],[18.77085,43.04042],[18.77843,43.0427],[18.77981,43.05742],[18.76453,43.05898],[18.75009,43.07218],[18.75414,43.0779],[18.76585,43.08362],[18.76667,43.09167],[18.76008,43.09202],[18.75242,43.09965],[18.73091,43.10035],[18.72326,43.10798],[18.70833,43.1125],[18.70767,43.11993],[18.70196,43.1214],[18.67614,43.1463],[18.67443,43.15075],[18.6786,43.15612],[18.67983,43.16993],[18.6869,43.17175],[18.6875,43.19167],[18.63966,43.21188],[18.62164,43.21321],[18.62022,43.22299],[18.60895,43.23534],[18.5992,43.25343],[18.57083,43.25833],[18.56998,43.26165],[18.56317,43.2634],[18.56193,43.27575],[18.57454,43.29374],[18.5661,43.31054],[18.55097,43.32123],[18.54915,43.32832],[18.52143,43.34258],[18.51998,43.36998],[18.51054,43.37443],[18.48946,43.37557],[18.48002,43.38002],[18.47973,43.38554],[18.4839,43.39092],[18.47474,43.41553],[18.50612,43.4286],[18.52721,43.42973],[18.55196,43.4411],[18.56584,43.44238],[18.56727,43.45054],[18.56232,43.45722],[18.54689,43.46704],[18.54583,43.47083],[18.53112,43.4714],[18.52147,43.48016],[18.5202,43.49909],[18.51335,43.50085],[18.50833,43.5125],[18.50484,43.5135],[18.50348,43.53669],[18.47674,43.54202],[18.47326,43.54548],[18.4625,43.54583],[18.46129,43.5411],[18.44362,43.54223],[18.4375,43.54583],[18.41446,43.5464],[18.40089,43.55071],[18.4,43.55417],[18.3875,43.55],[18.38125,43.55415],[18.37708,43.55001],[18.37119,43.55588],[18.37083,43.5625],[18.3634,43.56316],[18.3625,43.5875],[18.39167,43.59167],[18.4,43.6],[18.40066,43.60743],[18.41862,43.6161],[18.47813,43.61725],[18.48693,43.62696],[18.49288,43.6464],[18.50342,43.6411],[18.51029,43.64527],[18.53138,43.6464],[18.54388,43.65057],[18.56175,43.66307],[18.57818,43.64943],[18.58542,43.6537],[18.59092,43.64943],[18.61076,43.65452],[18.62465,43.66838],[18.62415,43.68665],[18.59804,43.69943],[18.58839,43.70071],[18.57536,43.71421],[18.57535,43.73576],[18.58508,43.74965],[18.62837,43.75069],[18.62982,43.76462],[18.63688,43.77292],[18.62982,43.78121],[18.62851,43.80333],[18.65025,43.80482],[18.65625,43.80063],[18.66984,43.80499],[18.67149,43.81101],[18.65965,43.81658],[18.65768,43.82296],[18.64649,43.83538],[18.64583,43.85],[18.64675,43.85357],[18.66667,43.85417],[18.66667,43.875],[18.6589,43.88112],[18.6536,43.89509],[18.65473,43.91054],[18.66193,43.91862],[18.66752,43.93248],[18.68576,43.93298],[18.68995,43.92881],[18.70659,43.93369],[18.72258,43.94965],[18.73578,43.95035],[18.76079,43.97952],[18.76909,43.97881],[18.77329,43.97465],[18.78159,43.97535],[18.78508,43.97881],[18.80242,43.97952],[18.81667,43.99374],[18.80798,44.00588],[18.82048,44.02258],[18.81631,44.03505],[18.82465,44.04341],[18.83002,44.06165],[18.84092,44.06723],[18.85332,44.06165],[18.85508,44.05476],[18.87917,44.05417],[18.88995,44.06702],[18.90659,44.06631],[18.91008,44.06285],[18.92917,44.05833],[18.93015,44.06178],[18.94503,44.06324],[18.95116,44.08322],[18.95617,44.08688],[18.97917,44.0875],[18.97827,44.11601],[18.97083,44.11667],[18.97017,44.1241],[18.94792,44.14165],[18.94375,44.13751],[18.93992,44.14131],[18.90591,44.14202],[18.88159,44.15381],[18.85591,44.15869],[18.84826,44.16631],[18.82674,44.16702],[18.81458,44.17499],[18.81076,44.17119],[18.78162,44.17048],[18.77329,44.17535],[18.76042,44.16668],[18.75659,44.17048],[18.73924,44.17048],[18.73576,44.16702],[18.71008,44.16631],[18.70625,44.16251],[18.70242,44.16631],[18.68924,44.16702],[18.68091,44.17119],[18.66492,44.18715],[18.65625,44.19165],[18.65242,44.18785],[18.62329,44.19202],[18.61909,44.18785],[18.60662,44.18715],[18.59409,44.19548],[18.58121,44.19649],[18.55629,44.21601],[18.53821,44.21743],[18.53298,44.25588],[18.53749,44.26042],[18.52952,44.26841],[18.52881,44.27671],[18.53298,44.28091],[18.53369,44.28992],[18.54167,44.3],[18.56076,44.29965],[18.56424,44.29619],[18.57721,44.29527],[18.58237,44.29127],[18.58422,44.28404],[18.60075,44.2786],[18.61165,44.28418],[18.6125,44.2875],[18.61667,44.2875],[18.62599,44.25905],[18.63966,44.25772],[18.6662,44.24105],[18.67299,44.24228],[18.69953,44.26312],[18.71451,44.25478],[18.72403,44.2534],[18.72637,44.24522],[18.74989,44.25533],[18.75355,44.26034],[18.7549,44.2742],[18.775,44.27917],[18.77119,44.28508],[18.77048,44.29755],[18.77881,44.30591],[18.77952,44.31492],[18.79964,44.33088],[18.80417,44.34583],[18.81166,44.34655],[18.81606,44.35199],[18.81734,44.3742],[18.82685,44.3756],[18.83333,44.36667],[18.82859,44.36541],[18.83003,44.35906],[18.86159,44.34928],[18.86375,44.34109],[18.87292,44.34534],[18.87697,44.34225],[18.89386,44.34109],[18.90765,44.33275],[18.92303,44.33391],[18.92917,44.3375],[18.93508,44.32952],[18.94341,44.32535],[18.97083,44.325],[18.98854,44.34524],[19.02808,44.34643],[19.02973,44.35075],[19.02027,44.36765],[19.03287,44.38124],[19.02827,44.39101],[19.01446,44.39223],[19.00057,44.41029],[19.0,44.42083],[18.98537,44.42564],[18.97297,44.43686],[18.95907,44.44242],[18.95769,44.46047],[18.9532,44.46987],[18.93301,44.47564],[18.92713,44.47148],[18.90925,44.47019],[18.90759,44.48647],[18.90069,44.48855],[18.9,44.50417],[18.89202,44.51005],[18.89105,44.52716],[18.88193,44.53744],[18.87453,44.53272],[18.85913,44.53829],[18.85772,44.54799],[18.84583,44.5625],[18.84668,44.56998],[18.85356,44.57175],[18.85473,44.60638],[18.86725,44.62408],[18.87856,44.63016],[18.87973,44.65638],[18.8879,44.66987],[18.90242,44.67535],[18.92258,44.69131],[18.94826,44.69619],[18.95591,44.70381],[18.97083,44.70417]]]},"properties":{"hybas_id":"2060554110","pfaf_id":"227402","sub_area":"19917.4","up_area":"19917.4","next_down":"2060555780","main_bas":"2060008490","kind":"basin","source":"local-hydrobasins"}},{"type":"Feature","geometry":{"type":"Polygon","coordinates":[[[18.42917,45.87083],[18.40174,45.87119],[18.39826,45.87465],[18.38508,45.87535],[18.38159,45.87881],[18.34758,45.87952],[18.33995,45.88369],[18.33576,45.87952],[18.32328,45.87881],[18.31492,45.88715],[18.30662,45.88785],[18.30208,45.88335],[18.29826,45.88715],[18.25591,45.88785],[18.25,45.89167],[18.24943,45.90638],[18.23379,45.9229],[18.23807,45.93825],[18.22557,45.96446],[18.22436,45.98243],[18.22083,45.98333],[18.22083,45.99167],[18.2375,45.99583],[18.23686,46.01047],[18.23306,46.01583],[18.25032,46.01731],[18.2562,46.01314],[18.27949,46.01186],[18.28536,46.01602],[18.30063,46.01731],[18.31164,46.00788],[18.31314,46.02532],[18.30898,46.0312],[18.30798,46.04826],[18.29619,46.06841],[18.29548,46.09409],[18.29202,46.09758],[18.29131,46.11076],[18.28369,46.11841],[18.28298,46.12742],[18.27952,46.13091],[18.27973,46.14804],[18.28808,46.15741],[18.30196,46.1661],[18.31029,46.17027],[18.3241,46.17149],[18.32917,46.17917],[18.33995,46.17952],[18.35174,46.19965],[18.36054,46.19943],[18.36553,46.19557],[18.36667,46.2],[18.36912,46.19964],[18.37465,46.19409],[18.375,46.17917],[18.3875,46.17917],[18.38835,46.18248],[18.40196,46.1911],[18.43333,46.20417],[18.43412,46.21184],[18.47917,46.2125],[18.49412,46.19548],[18.50242,46.19619],[18.50625,46.19999],[18.51079,46.19548],[18.51909,46.19619],[18.52292,46.19999],[18.53162,46.19131],[18.53924,46.19548],[18.56597,46.19672],[18.58693,46.21862],[18.59527,46.23529],[18.60064,46.26993],[18.61582,46.27585],[18.61763,46.28294],[18.62853,46.28841],[18.62973,46.30638],[18.63418,46.31582],[18.64082,46.31752],[18.64257,46.32434],[18.65,46.325],[18.64619,46.33091],[18.64583,46.34583],[18.65,46.34583],[18.65091,46.34939],[18.66667,46.35],[18.68259,46.3411],[18.68971,46.34223],[18.71582,46.35085],[18.71788,46.3589],[18.74077,46.35351],[18.74283,46.34547],[18.75323,46.35473],[18.76572,46.3535],[18.77443,46.33971],[18.775,46.33333],[18.78675,46.33807],[18.79804,46.33693],[18.80748,46.33248],[18.81341,46.31729],[18.83659,46.31604],[18.83835,46.30918],[18.84167,46.30833],[18.84229,46.29682],[18.84779,46.29223],[18.8741,46.28684],[18.87592,46.27975],[18.88529,46.2714],[18.8949,46.27013],[18.90508,46.25479],[18.92083,46.25417],[18.92151,46.22992],[18.93793,46.2286],[18.95384,46.23814],[18.97713,46.23686],[18.99169,46.2279],[18.9968,46.21763],[19.00801,46.21186],[19.0188,46.21314],[19.03537,46.22436],[19.0563,46.22564],[19.06218,46.22981],[19.075,46.225],[19.07881,46.21909],[19.07562,46.21576],[19.07443,46.19362],[19.06723,46.18554],[19.06702,46.17674],[19.07083,46.17083],[19.0661,46.15908],[19.07027,46.15221],[19.07149,46.1384],[19.08688,46.13242],[19.08807,46.11029],[19.0912,46.10625],[19.07973,46.08138],[19.0786,46.06446],[19.07443,46.05908],[19.08277,46.04804],[19.08333,46.04167],[19.08002,46.04082],[19.07027,46.02279],[19.0589,46.01054],[19.0536,45.99362],[19.04102,45.98007],[19.0218,45.97044],[19.01517,45.95835],[19.00833,45.9625],[18.99936,45.94616],[19.00481,45.93366],[19.00064,45.92714],[18.99936,45.9062],[18.99519,45.90032],[18.9966,45.88852],[19.01731,45.88228],[19.00769,45.87772],[19.01351,45.85913],[19.04506,45.85343],[19.04498,45.84252],[19.02988,45.83661],[19.02474,45.82197],[19.03248,45.81998],[19.0343,45.8129],[19.03946,45.8089],[19.04804,45.80777],[19.05833,45.8],[19.06322,45.78015],[19.07145,45.7778],[19.06605,45.75201],[19.06243,45.74705],[19.06991,45.74491],[19.07527,45.73428],[19.06283,45.73247],[19.05889,45.72708],[19.06582,45.71998],[19.06788,45.71193],[19.07173,45.72017],[19.07917,45.72083],[19.08715,45.71076],[19.08785,45.69758],[19.09165,45.69375],[19.08751,45.68958],[19.09202,45.68505],[19.08715,45.66841],[19.08335,45.66458],[19.0875,45.6604],[19.07326,45.65035],[19.06034,45.64938],[19.05533,45.64572],[19.05317,45.63817],[19.02843,45.63688],[19.01387,45.64645],[19.00822,45.63449],[19.00201,45.63272],[18.98966,45.62145],[18.97996,45.62004],[18.97855,45.61034],[18.96722,45.59793],[18.97027,45.59375],[18.96634,45.58836],[18.95496,45.58671],[18.95336,45.57574],[18.94583,45.575],[18.93369,45.56076],[18.92917,45.55],[18.91667,45.54583],[18.91577,45.54934],[18.9,45.55],[18.89911,45.55346],[18.87977,45.55925],[18.87917,45.575],[18.87173,45.57566],[18.86568,45.58688],[18.84362,45.58807],[18.83418,45.59252],[18.8322,45.60026],[18.82425,45.59527],[18.81371,45.60057],[18.8116,45.59231],[18.79509,45.5911],[18.77279,45.60057],[18.76158,45.61596],[18.7343,45.6218],[18.73237,45.6282],[18.71749,45.63798],[18.71602,45.65032],[18.72081,45.65707],[18.72824,45.65931],[18.72981,45.66522],[18.71759,45.67105],[18.71582,45.68261],[18.69551,45.68398],[18.68838,45.67892],[18.68249,45.70762],[18.65933,45.70904],[18.65769,45.71522],[18.6659,45.71769],[18.66731,45.72949],[18.66311,45.73542],[18.66602,45.73953],[18.6659,45.77825],[18.63333,45.775],[18.63298,45.76424],[18.62952,45.76076],[18.62917,45.74167],[18.61034,45.74645],[18.59799,45.75772],[18.58286,45.75895],[18.56466,45.74645],[18.551,45.74522],[18.54572,45.76134],[18.53286,45.76728],[18.52453,45.76188],[18.51875,45.76611],[18.51458,45.76306],[18.50509,45.76759],[18.49554,45.78223],[18.48951,45.78395],[18.4594,45.81293],[18.45417,45.825],[18.45381,45.84409],[18.44965,45.85242],[18.43924,45.85869],[18.42917,45.87083]]]},"properties":{"hybas_id":"2060539930","pfaf_id":"227911","sub_area":"3617.9","up_area":"211258.2","next_down":"2060548700","main_bas":"2060008490","kind":"basin","source":"local-hydrobasins"}},{"type":"Feature","geometry":{"type":"Polygon","coordinates":[[[18.66667,45.77083],[18.66602,45.73953],[18.66311,45.73542],[18.66731,45.72949],[18.6659,45.71769],[18.65769,45.71522],[18.65933,45.70904],[18.68249,45.70762],[18.68838,45.67892],[18.69551,45.68398],[18.71582,45.68261],[18.71759,45.67105],[18.72981,45.66522],[18.72824,45.65931],[18.72081,45.65707],[18.71602,45.65032],[18.71749,45.63798],[18.73237,45.6282],[18.7343,45.6218],[18.76158,45.61596],[18.77279,45.60057],[18.79509,45.5911],[18.8116,45.59231],[18.81371,45.60057],[18.82425,45.59527],[18.8322,45.60026],[18.83418,45.59252],[18.84362,45.58807],[18.86568,45.58688],[18.87173,45.57566],[18.87917,45.575],[18.87977,45.55925],[18.89911,45.55346],[18.9,45.55],[18.91577,45.54934],[18.91667,45.54583],[18.92329,45.54548],[18.92915,45.53958],[18.92501,45.53542],[18.92881,45.53159],[18.92917,45.51667],[18.91424,45.51631],[18.90242,45.50869],[18.87329,45.50798],[18.86495,45.51285],[18.86076,45.50869],[18.85245,45.50798],[18.84792,45.51249],[18.84409,45.50869],[18.82917,45.50833],[18.8286,45.51471],[18.8235,45.52082],[18.80638,45.51307],[18.79257,45.51184],[18.79079,45.50491],[18.78259,45.5036],[18.77205,45.5089],[18.77083,45.50417],[18.76458,45.50777],[18.7385,45.49938],[18.73688,45.51049],[18.72819,45.52424],[18.71803,45.52562],[18.71574,45.51759],[18.69784,45.51188],[18.68959,45.50472],[18.68419,45.50866],[18.68254,45.52004],[18.67284,45.52145],[18.66049,45.52855],[18.61029,45.52973],[18.60513,45.53373],[18.60328,45.54097],[18.59288,45.54223],[18.58658,45.52987],[18.57292,45.52547],[18.56175,45.52973],[18.55638,45.52557],[18.5375,45.525],[18.53133,45.52855],[18.50201,45.52978],[18.4912,45.53812],[18.48286,45.53272],[18.46042,45.54527],[18.45503,45.54134],[18.45336,45.52986],[18.4326,45.52855],[18.42299,45.53688],[18.40516,45.53819],[18.39167,45.55833],[18.38116,45.55773],[18.37162,45.55323],[18.37023,45.54529],[18.37526,45.5385],[18.36613,45.53689],[18.35833,45.54167],[18.35216,45.53812],[18.33534,45.53688],[18.32199,45.52905],[18.31605,45.51203],[18.32145,45.49926],[18.31196,45.48833],[18.30201,45.48688],[18.2925,45.47863],[18.29086,45.4674],[18.27701,45.46605],[18.25612,45.45777],[18.24065,45.43811],[18.21446,45.43693],[18.18138,45.41723],[18.16757,45.41601],[18.15775,45.40092],[18.14583,45.39583],[18.13924,45.39619],[18.12329,45.41631],[18.11008,45.41702],[18.09409,45.42465],[18.07674,45.42535],[18.06909,45.43298],[18.05833,45.4375],[18.05174,45.43715],[18.03996,45.42119],[18.03007,45.42017],[18.02917,45.41667],[18.02292,45.42027],[18.00216,45.41312],[17.98433,45.41188],[17.98272,45.42299],[17.97837,45.42843],[17.96451,45.42978],[17.94583,45.44583],[17.94167,45.44583],[17.94077,45.44934],[17.92696,45.45057],[17.92009,45.45473],[17.91458,45.45047],[17.91054,45.4536],[17.89779,45.45473],[17.88307,45.46364],[17.8875,45.475],[17.87258,45.47952],[17.86492,45.48715],[17.84362,45.48277],[17.83333,45.47083],[17.82258,45.47119],[17.81909,45.47465],[17.77674,45.47535],[17.75659,45.48715],[17.7375,45.4875],[17.7375,45.49167],[17.74167,45.49167],[17.74202,45.50662],[17.75174,45.51631],[17.76492,45.51702],[17.76841,45.52048],[17.79409,45.52119],[17.81008,45.52881],[17.83088,45.52952],[17.83508,45.52535],[17.84755,45.52465],[17.85174,45.52881],[17.86076,45.52952],[17.87742,45.53785],[17.88714,45.54754],[17.90381,45.58091],[17.9,45.59167],[17.9089,45.61175],[17.90777,45.62721],[17.90464,45.63125],[17.90918,45.64082],[17.9125,45.64167],[17.91193,45.65221],[17.90794,45.65737],[17.90067,45.65923],[17.89943,45.67158],[17.90777,45.69362],[17.90896,45.71576],[17.9282,45.7254],[17.93005,45.73262],[17.94926,45.73827],[17.95073,45.75749],[17.9813,45.76314],[17.98718,45.76731],[18.01875,45.75477],[18.02468,45.75898],[18.05,45.75],[18.05833,45.775],[18.0625,45.775],[18.0625,45.77917],[18.06888,45.77973],[18.08683,45.79262],[18.08807,45.80491],[18.0838,45.81042],[18.08807,45.82158],[18.0839,45.82696],[18.08271,45.84909],[18.06424,45.85452],[18.05452,45.86421],[18.05381,45.87326],[18.03992,45.88298],[18.03579,45.88369],[18.01912,45.87465],[18.00659,45.88298],[17.99167,45.8875],[17.99644,45.89946],[17.99523,45.91051],[17.99172,45.91523],[18.00743,45.92591],[18.0093,45.93265],[18.02717,45.93394],[18.05742,45.96311],[18.06595,45.96168],[18.06667,45.95417],[18.07012,45.95505],[18.07154,45.96574],[18.08112,45.97443],[18.09779,45.98277],[18.11471,45.9839],[18.13946,45.99527],[18.16909,45.99548],[18.17258,45.99202],[18.19409,45.99131],[18.19829,45.98715],[18.20591,45.99131],[18.22083,45.99167],[18.22557,45.96446],[18.23807,45.93825],[18.23379,45.9229],[18.24943,45.90638],[18.25,45.89167],[18.25591,45.88785],[18.29826,45.88715],[18.30208,45.88335],[18.30662,45.88785],[18.31492,45.88715],[18.32328,45.87881],[18.33576,45.87952],[18.33995,45.88369],[18.34758,45.87952],[18.38159,45.87881],[18.38508,45.87535],[18.39826,45.87465],[18.40174,45.87119],[18.42917,45.87083],[18.43924,45.85869],[18.44965,45.85242],[18.45381,45.84409],[18.45417,45.825],[18.4594,45.81293],[18.48951,45.78395],[18.49554,45.78223],[18.50509,45.76759],[18.51458,45.76306],[18.51875,45.76611],[18.52453,45.76188],[18.53286,45.76728],[18.54572,45.76134],[18.551,45.74522],[18.56466,45.74645],[18.58286,45.75895],[18.59799,45.75772],[18.61034,45.74645],[18.62917,45.74167],[18.62952,45.76076],[18.63298,45.76424],[18.63333,45.775],[18.65641,45.77553],[18.66156,45.7797],[18.6659,45.77825],[18.66667,45.77083]]]},"properties":{"hybas_id":"2060540100","pfaf_id":"227801","sub_area":"2729.2","up_area":"40249.8","next_down":"2060548700","main_bas":"2060008490","kind":"basin","source":"local-hydrobasins"}},{"type":"Feature","geometry":{"type":"Polygon","coordinates":[[[17.45833,43.87083],[17.45346,43.89495],[17.44167,43.9],[17.44077,43.89649],[17.42696,43.8964],[17.40085,43.91335],[17.39065,43.92856],[17.35925,43.92977],[17.35742,43.9369],[17.3375,43.9375],[17.33693,43.96888],[17.3214,43.98946],[17.31582,44.00332],[17.30242,44.01215],[17.27674,44.01285],[17.26702,44.02674],[17.26631,44.03992],[17.2625,44.04583],[17.24341,44.04202],[17.20659,44.07465],[17.19341,44.07535],[17.18508,44.07952],[17.17329,44.09548],[17.16841,44.09619],[17.16042,44.10415],[17.15659,44.10035],[17.14412,44.09965],[17.13159,44.11215],[17.11912,44.11285],[17.11492,44.10869],[17.10174,44.10798],[17.08576,44.09619],[17.07168,44.09668],[17.07083,44.1],[17.06424,44.10035],[17.05452,44.11005],[17.05417,44.11667],[17.04583,44.11667],[17.04498,44.11998],[17.01054,44.1411],[17.00196,44.14223],[16.99171,44.15153],[16.9961,44.1572],[16.98821,44.15922],[16.98333,44.17917],[16.98369,44.18576],[16.98715,44.18924],[16.98785,44.21076],[16.99131,44.21424],[16.99202,44.23159],[16.99965,44.23924],[17.00035,44.25588],[16.99619,44.26008],[16.99527,44.27304],[16.99127,44.2782],[16.96862,44.28807],[16.96054,44.29527],[16.93841,44.29646],[16.9375,44.3],[16.94487,44.30456],[16.94943,44.31446],[16.95057,44.33554],[16.95892,44.34491],[16.97811,44.35069],[16.97973,44.35491],[16.9746,44.36153],[16.96733,44.3634],[16.96757,44.37434],[17.0,44.37917],[17.00066,44.37173],[17.01042,44.36714],[17.01998,44.37168],[17.02536,44.38579],[17.0375,44.39583],[17.03277,44.40908],[17.0464,44.44045],[17.03835,44.44252],[17.0375,44.44583],[17.04923,44.4466],[17.05773,44.48542],[17.05477,44.48958],[17.05913,44.50315],[17.0625,44.50417],[17.06165,44.50748],[17.05483,44.50923],[17.05417,44.51667],[17.06888,44.5214],[17.07426,44.52589],[17.07557,44.53408],[17.07044,44.5407],[17.06317,44.54256],[17.06193,44.55491],[17.0662,44.56042],[17.05833,44.56667],[17.05833,44.57083],[17.06631,44.57671],[17.06731,44.61047],[17.0744,44.61875],[17.07019,44.62468],[17.07155,44.64922],[17.07917,44.65],[17.07917,44.65833],[17.07119,44.66421],[17.07083,44.675],[17.04668,44.68418],[17.04657,44.69503],[17.0625,44.7],[17.06215,44.71076],[17.05662,44.71631],[17.03924,44.72119],[17.01841,44.73369],[17.00798,44.74755],[17.01631,44.76008],[17.01667,44.76667],[17.02575,44.7714],[17.04375,44.76297],[17.05745,44.76738],[17.05833,44.77083],[17.07409,44.77144],[17.08392,44.78658],[17.09106,44.78841],[17.09167,44.80417],[17.08403,44.80495],[17.08269,44.83547],[17.07148,44.85203],[17.07019,44.86463],[17.06669,44.86957],[17.05497,44.8753],[17.05352,44.89062],[17.06598,44.89251],[17.06731,44.92949],[17.06186,44.93782],[17.06606,44.94375],[17.06161,44.96179],[17.03554,44.97027],[17.02173,44.97149],[17.02083,44.975],[17.01175,44.97027],[17.00638,44.97443],[16.98259,44.97557],[16.97614,44.97057],[16.97415,44.97832],[16.96175,44.9839],[16.95342,44.9786],[16.94804,44.98277],[16.93333,44.98333],[16.92443,44.99658],[16.9287,45.00209],[16.92025,45.01158],[16.90833,45.01667],[16.90798,45.03159],[16.9,45.04167],[16.93237,45.0629],[16.93418,45.06998],[16.94096,45.07172],[16.94238,45.08245],[16.9532,45.0879],[16.95502,45.09498],[16.96165,45.09668],[16.97027,45.11029],[16.9714,45.11888],[16.98277,45.13112],[16.9839,45.14388],[16.98704,45.14793],[16.97917,45.15833],[16.96029,45.1589],[16.93002,45.17585],[16.91307,45.21446],[16.91193,45.23408],[16.92453,45.26042],[16.91987,45.26601],[16.9125,45.26667],[16.90748,45.28248],[16.89943,45.28455],[16.9007,45.29494],[16.90417,45.29583],[16.90292,45.29998],[16.88547,45.29231],[16.84937,45.29102],[16.81324,45.32158],[16.81176,45.34089],[16.78924,45.34619],[16.77742,45.35798],[16.77083,45.35833],[16.775,45.37083],[16.78992,45.37535],[16.79792,45.38332],[16.81424,45.37119],[16.82326,45.37048],[16.82674,45.36702],[16.84826,45.36631],[16.86079,45.35798],[16.86909,45.35869],[16.88333,45.36667],[16.88715,45.37258],[16.88785,45.39409],[16.89167,45.4],[16.92721,45.40057],[16.95196,45.40777],[16.99075,45.40893],[16.99668,45.42415],[17.00332,45.42585],[17.00417,45.42917],[17.01888,45.4286],[17.02425,45.42443],[17.03554,45.42557],[17.04092,45.42973],[17.04804,45.4286],[17.06029,45.4214],[17.06995,45.42012],[17.07197,45.41224],[17.08959,45.42037],[17.10196,45.4089],[17.12721,45.39943],[17.13957,45.38796],[17.14509,45.39223],[17.16888,45.3911],[17.18946,45.3714],[17.20213,45.37148],[17.21669,45.38043],[17.2221,45.39169],[17.22703,45.39519],[17.2409,45.3966],[17.24241,45.41147],[17.24904,45.41346],[17.25145,45.42148],[17.29923,45.41595],[17.30833,45.4],[17.31492,45.39965],[17.32258,45.39202],[17.32746,45.39131],[17.33333,45.38333],[17.34658,45.38807],[17.35196,45.3839],[17.36325,45.38277],[17.36862,45.38693],[17.39078,45.39238],[17.39167,45.39583],[17.40417,45.39583],[17.40315,45.40337],[17.38963,45.40769],[17.36325,45.40904],[17.36186,45.42571],[17.37436,45.43953],[17.37564,45.44797],[17.38355,45.46158],[17.39874,45.46664],[17.40898,45.49199],[17.40477,45.49792],[17.40833,45.5125],[17.41888,45.51307],[17.42292,45.5162],[17.42696,45.51307],[17.44045,45.51193],[17.44252,45.51998],[17.45612,45.5286],[17.48243,45.53399],[17.48683,45.5384],[17.48807,45.55075],[17.4838,45.55625],[17.4875,45.5625],[17.50331,45.56317],[17.50772,45.56867],[17.50933,45.57978],[17.52716,45.57855],[17.54367,45.56728],[17.55,45.56667],[17.55097,45.5629],[17.56184,45.55743],[17.5625,45.55],[17.59079,45.54936],[17.59681,45.53827],[17.60767,45.53669],[17.60833,45.52083],[17.62825,45.52023],[17.62917,45.51667],[17.64383,45.51605],[17.66875,45.50889],[17.67453,45.51312],[17.70633,45.50772],[17.72004,45.50337],[17.72165,45.49233],[17.7375,45.49167],[17.7375,45.4875],[17.75659,45.48715],[17.77674,45.47535],[17.81909,45.47465],[17.82258,45.47119],[17.83333,45.47083],[17.84362,45.48277],[17.86492,45.48715],[17.87258,45.47952],[17.8875,45.475],[17.88307,45.46364],[17.89779,45.45473],[17.91054,45.4536],[17.91458,45.45047],[17.92009,45.45473],[17.92696,45.45057],[17.94077,45.44934],[17.94167,45.44583],[17.94583,45.44583],[17.96451,45.42978],[17.97837,45.42843],[17.98272,45.42299],[17.98433,45.41188],[18.00216,45.41312],[18.02292,45.42027],[18.02917,45.41667],[18.03007,45.42017],[18.03996,45.42119],[18.05174,45.43715],[18.05833,45.4375],[18.06909,45.43298],[18.07674,45.42535],[18.09409,45.42465],[18.11008,45.41702],[18.12329,45.41631],[18.13924,45.39619],[18.14583,45.39583],[18.14646,45.38424],[18.16307,45.37795],[18.15221,45.36723],[18.14623,45.3657],[18.13785,45.35242],[18.1375,45.34583],[18.12987,45.34506],[18.12852,45.3187],[18.12068,45.30954],[18.11322,45.3073],[18.11186,45.28953],[18.09648,45.26464],[18.09583,45.25833],[18.0875,45.25833],[18.08333,45.2625],[18.08248,45.25918],[18.07585,45.25748],[18.07027,45.24658],[18.0714,45.22696],[18.0787,45.21042],[18.075,45.2],[18.08971,45.19943],[18.10057,45.19462],[18.09943,45.18112],[18.0911,45.16741],[18.09223,45.15612],[18.09527,45.15221],[18.09649,45.13848],[18.11446,45.1214],[18.12842,45.1161],[18.14073,45.12557],[18.14501,45.12402],[18.14705,45.1161],[18.175,45.12083],[18.18091,45.12881],[18.19409,45.13369],[18.20591,45.14548],[18.21492,45.14619],[18.23995,45.15869],[18.26076,45.15798],[18.26841,45.15035],[18.28992,45.14965],[18.29412,45.14548],[18.30242,45.14619],[18.30591,45.14965],[18.35242,45.15035],[18.35625,45.15415],[18.36079,45.14965],[18.37326,45.15035],[18.38579,45.15869],[18.39826,45.15798],[18.41458,45.15001],[18.41912,45.15452],[18.43159,45.15381],[18.43542,45.15001],[18.44167,45.15417],[18.44925,45.14527],[18.45759,45.15057],[18.46579,45.14926],[18.47205,45.13277],[18.4783,45.13414],[18.48038,45.14223],[18.49498,45.13665],[18.49527,45.13112],[18.4911,45.12575],[18.4964,45.11741],[18.4911,45.10908],[18.49537,45.09374],[18.48661,45.07988],[18.47592,45.07846],[18.47083,45.07083],[18.43946,45.07027],[18.43259,45.0661],[18.40625,45.0787],[18.39388,45.0714],[18.37696,45.07027],[18.36471,45.06307],[18.35612,45.06193],[18.34388,45.05057],[18.33835,45.04915],[18.33659,45.04229],[18.31446,45.0411],[18.31042,45.03797],[18.30638,45.0411],[18.29779,45.0411],[18.27168,45.02415],[18.27083,45.02083],[18.25662,45.02535],[18.25242,45.02119],[18.22258,45.02048],[18.19826,45.00035],[18.14829,45.00869],[18.14409,45.00452],[18.13508,45.00381],[18.13159,45.00035],[18.125,45.0],[18.12438,44.98841],[18.11029,44.98277],[18.10221,44.97557],[18.08946,44.97443],[18.07123,44.9657],[18.06575,44.95476],[18.0375,44.95417],[18.03715,44.94755],[18.02742,44.93785],[18.01424,44.93715],[18.01005,44.93298],[17.97258,44.93369],[17.96838,44.93785],[17.95591,44.93715],[17.94167,44.925],[17.9375,44.90417],[17.92279,44.9036],[17.91592,44.89943],[17.91042,44.9037],[17.90066,44.8991],[17.9,44.89167],[17.91008,44.87535],[17.91496,44.87464],[17.92083,44.86667],[17.92716,44.86605],[17.94784,44.84645],[17.95324,44.84491],[17.96343,44.82593],[17.97145,44.82363],[17.9701,44.80914],[17.95907,44.80753],[17.9576,44.79247],[17.95209,44.78806],[17.9463,44.79228],[17.93534,44.79105],[17.89676,44.76574],[17.89583,44.7625],[17.91179,44.75328],[17.9132,44.74259],[17.9246,44.73653],[17.92917,44.725],[17.90899,44.71154],[17.90777,44.69779],[17.89074,44.6757],[17.88005,44.67429],[17.87832,44.66752],[17.85196,44.65777],[17.83542,44.6463],[17.83125,44.64953],[17.81667,44.64167],[17.81667,44.6375],[17.81008,44.63715],[17.80242,44.62952],[17.79341,44.62881],[17.78992,44.62535],[17.76841,44.62952],[17.76492,44.63298],[17.75245,44.63369],[17.74826,44.62952],[17.73924,44.62881],[17.73159,44.62119],[17.71495,44.61631],[17.71076,44.62048],[17.68508,44.62119],[17.66492,44.63298],[17.65417,44.63333],[17.64869,44.61658],[17.6337,44.61158],[17.62563,44.60209],[17.62941,44.59667],[17.60861,44.59504],[17.60417,44.5875],[17.61723,44.56325],[17.61605,44.5385],[17.61054,44.5339],[17.59257,44.5327],[17.5875,44.52083],[17.58091,44.52048],[17.57536,44.51496],[17.5759,44.50899],[17.58333,44.50833],[17.5843,44.50456],[17.59779,44.4964],[17.61992,44.49521],[17.62168,44.48835],[17.63665,44.48248],[17.6411,44.47304],[17.64223,44.46029],[17.66757,44.42147],[17.68652,44.4202],[17.6911,44.41471],[17.69167,44.40417],[17.67709,44.39213],[17.67009,44.3964],[17.65918,44.39082],[17.65748,44.38418],[17.64657,44.37827],[17.64527,44.37009],[17.6504,44.36347],[17.65773,44.36159],[17.65748,44.33418],[17.65317,44.32986],[17.62057,44.32405],[17.62562,44.31714],[17.62022,44.3088],[17.62173,44.30048],[17.63678,44.29068],[17.6375,44.28333],[17.61495,44.28785],[17.59829,44.27881],[17.59409,44.28298],[17.53508,44.28369],[17.52326,44.29131],[17.49257,44.29233],[17.49167,44.29583],[17.47917,44.29583],[17.47826,44.2923],[17.45924,44.29103],[17.45737,44.28373],[17.45,44.27917],[17.44202,44.26492],[17.43786,44.23921],[17.45245,44.22465],[17.46912,44.23369],[17.47745,44.23298],[17.48298,44.22742],[17.48785,44.21838],[17.48715,44.20174],[17.47952,44.19409],[17.475,44.18333],[17.48162,44.17881],[17.49826,44.18298],[17.50591,44.17535],[17.51492,44.17465],[17.52674,44.16702],[17.54583,44.16667],[17.5464,44.16029],[17.5536,44.15221],[17.5548,44.13431],[17.56582,44.12832],[17.56755,44.12154],[17.57721,44.12027],[17.59082,44.11165],[17.59527,44.10221],[17.59583,44.08333],[17.60638,44.08277],[17.6212,44.07384],[17.61307,44.06471],[17.6134,44.05066],[17.62083,44.05],[17.62146,44.03841],[17.63656,44.0286],[17.64144,44.03036],[17.65097,44.0496],[17.65612,44.0536],[17.69362,44.07443],[17.7,44.075],[17.71076,44.07465],[17.71912,44.07048],[17.73542,44.04585],[17.73995,44.05035],[17.74826,44.04965],[17.76008,44.04202],[17.78333,44.0375],[17.78369,44.03091],[17.78715,44.02742],[17.78665,44.01752],[17.78002,44.01582],[17.76307,43.98554],[17.75748,43.96752],[17.75085,43.96582],[17.75,43.9625],[17.74341,43.96215],[17.73786,43.95662],[17.73842,43.95058],[17.74779,43.94223],[17.75745,43.94096],[17.75925,43.93393],[17.79804,43.93277],[17.81446,43.91723],[17.84167,43.90833],[17.84167,43.9],[17.82258,43.89131],[17.81335,43.88248],[17.81161,43.87571],[17.80196,43.87443],[17.79388,43.86723],[17.77284,43.86605],[17.76203,43.85772],[17.75633,43.86188],[17.74536,43.86312],[17.73966,43.85895],[17.7258,43.8576],[17.72438,43.84784],[17.71164,43.82616],[17.70786,43.82438],[17.70216,43.82855],[17.68333,43.82917],[17.68298,43.83576],[17.67745,43.84131],[17.66424,43.84202],[17.63576,43.85381],[17.62328,43.85452],[17.61079,43.84548],[17.60659,43.84965],[17.58995,43.85035],[17.58576,43.84619],[17.58091,43.84619],[17.57326,43.85381],[17.55591,43.86285],[17.54409,43.87465],[17.53508,43.87465],[17.53159,43.87119],[17.50662,43.87048],[17.48992,43.87881],[17.47329,43.87952],[17.45833,43.87083]]]},"properties":{"hybas_id":"2060550240","pfaf_id":"227405","sub_area":"11598.7","up_area":"43533.9","next_down":"2060554100","main_bas":"2060008490","kind":"basin","source":"local-hydrobasins"}},{"type":"Feature","geometry":{"type":"Polygon","coordinates":[[[18.9625,44.12917],[18.97017,44.1241],[18.97083,44.11667],[18.97827,44.11601],[18.97917,44.0875],[18.95617,44.08688],[18.95116,44.08322],[18.94503,44.06324],[18.92258,44.05869],[18.90659,44.06631],[18.88995,44.06702],[18.87917,44.05417],[18.85508,44.05476],[18.85332,44.06165],[18.84092,44.06723],[18.83002,44.06165],[18.82465,44.04341],[18.81631,44.03505],[18.82048,44.02258],[18.80798,44.00588],[18.81667,43.99374],[18.80242,43.97952],[18.78508,43.97881],[18.78159,43.97535],[18.77329,43.97465],[18.76909,43.97881],[18.76079,43.97952],[18.73578,43.95035],[18.72258,43.94965],[18.70659,43.93369],[18.68995,43.92881],[18.68576,43.93298],[18.66752,43.93248],[18.66193,43.91862],[18.65473,43.91054],[18.6536,43.89509],[18.6589,43.88112],[18.66667,43.875],[18.66667,43.85417],[18.64675,43.85357],[18.64583,43.85],[18.64649,43.83538],[18.65768,43.82296],[18.65965,43.81658],[18.67149,43.81101],[18.66984,43.80499],[18.65625,43.80063],[18.65025,43.80482],[18.62851,43.80333],[18.62982,43.78121],[18.63688,43.77292],[18.62982,43.76462],[18.62837,43.75069],[18.58508,43.74965],[18.57535,43.73576],[18.57536,43.71421],[18.58839,43.70071],[18.59804,43.69943],[18.62415,43.68665],[18.62465,43.66838],[18.61076,43.65452],[18.59092,43.64943],[18.58542,43.6537],[18.57818,43.64943],[18.56175,43.66307],[18.54388,43.65057],[18.53138,43.6464],[18.51029,43.64527],[18.50342,43.6411],[18.49288,43.6464],[18.48693,43.62696],[18.47813,43.61725],[18.41862,43.6161],[18.40066,43.60743],[18.4,43.6],[18.39167,43.59167],[18.3625,43.5875],[18.34583,43.5979],[18.34965,43.60174],[18.35035,43.61421],[18.34619,43.61841],[18.34495,43.62846],[18.325,43.63333],[18.31998,43.64498],[18.30899,43.65096],[18.30777,43.66471],[18.30332,43.67415],[18.29649,43.6759],[18.29527,43.68971],[18.29068,43.69521],[18.26862,43.6964],[18.26054,43.7036],[18.18529,43.7036],[18.17585,43.69915],[18.1741,43.69233],[18.16667,43.69167],[18.16079,43.69964],[18.14583,43.70833],[18.14487,43.70456],[18.13418,43.69915],[18.13237,43.69206],[18.12575,43.68693],[18.11755,43.68824],[18.11079,43.69965],[18.08924,43.70035],[18.07329,43.70869],[18.06909,43.70452],[18.0625,43.70417],[18.05201,43.70895],[18.04522,43.71567],[18.05633,43.71728],[18.06728,43.72547],[18.06312,43.73117],[18.06177,43.74498],[18.0537,43.74645],[18.04792,43.74223],[18.03843,43.74676],[18.02887,43.76139],[18.02176,43.76343],[18.00697,43.79163],[18.00216,43.78812],[17.98091,43.78785],[17.97326,43.79548],[17.95174,43.79619],[17.94409,43.80381],[17.93091,43.80452],[17.91312,43.82701],[17.90336,43.86176],[17.88849,43.86322],[17.88272,43.88133],[17.87418,43.89513],[17.84167,43.9],[17.84167,43.90833],[17.81446,43.91723],[17.79804,43.93277],[17.75925,43.93393],[17.75745,43.94096],[17.74779,43.94223],[17.73842,43.95058],[17.73786,43.95662],[17.74341,43.96215],[17.75,43.9625],[17.75085,43.96582],[17.75748,43.96752],[17.76307,43.98554],[17.78002,44.01582],[17.78665,44.01752],[17.78715,44.02742],[17.78369,44.03091],[17.78333,44.0375],[17.76008,44.04202],[17.74826,44.04965],[17.73995,44.05035],[17.73542,44.04585],[17.71912,44.07048],[17.71076,44.07465],[17.7,44.075],[17.69362,44.07443],[17.65612,44.0536],[17.65097,44.0496],[17.64144,44.03036],[17.63656,44.0286],[17.62146,44.03841],[17.62083,44.05],[17.62715,44.04937],[17.6134,44.05066],[17.61307,44.06471],[17.6212,44.07384],[17.60638,44.08277],[17.59583,44.08333],[17.59527,44.10221],[17.59082,44.11165],[17.57721,44.12027],[17.56755,44.12154],[17.56582,44.12832],[17.5548,44.13431],[17.5536,44.15221],[17.5464,44.16029],[17.54583,44.16667],[17.52674,44.16702],[17.51492,44.17465],[17.50591,44.17535],[17.49826,44.18298],[17.48162,44.17881],[17.475,44.18333],[17.47952,44.19409],[17.48715,44.20174],[17.48785,44.21838],[17.48298,44.22742],[17.47745,44.23298],[17.46912,44.23369],[17.45245,44.22465],[17.43786,44.23921],[17.4375,44.24583],[17.44131,44.25174],[17.44202,44.26492],[17.45,44.27917],[17.45737,44.28373],[17.45924,44.29103],[17.47826,44.2923],[17.47917,44.29583],[17.49167,44.29583],[17.49257,44.29233],[17.52326,44.29131],[17.53508,44.28369],[17.59409,44.28298],[17.59829,44.27881],[17.61495,44.28785],[17.6375,44.28333],[17.63678,44.29068],[17.62173,44.30048],[17.62022,44.3088],[17.62562,44.31714],[17.62057,44.32405],[17.65317,44.32986],[17.65748,44.33418],[17.65773,44.36159],[17.6504,44.36347],[17.64527,44.37009],[17.64657,44.37827],[17.65748,44.38418],[17.65918,44.39082],[17.67009,44.3964],[17.67709,44.39213],[17.69167,44.40417],[17.6911,44.41471],[17.68652,44.4202],[17.66757,44.42147],[17.64223,44.46029],[17.6411,44.47304],[17.63665,44.48248],[17.62168,44.48835],[17.61992,44.49521],[17.59779,44.4964],[17.5843,44.50456],[17.58333,44.50833],[17.5759,44.50899],[17.57536,44.51496],[17.58091,44.52048],[17.5875,44.52083],[17.59257,44.5327],[17.61054,44.5339],[17.61605,44.5385],[17.61723,44.56325],[17.60452,44.58508],[17.60482,44.58962],[17.60861,44.59504],[17.62941,44.59667],[17.62563,44.60209],[17.6337,44.61158],[17.64869,44.61658],[17.65417,44.63333],[17.66492,44.63298],[17.68508,44.62119],[17.71076,44.62048],[17.71495,44.61631],[17.73159,44.62119],[17.73924,44.62881],[17.74826,44.62952],[17.75245,44.63369],[17.76492,44.63298],[17.76841,44.62952],[17.78992,44.62535],[17.79341,44.62881],[17.80242,44.62952],[17.81008,44.63715],[17.81667,44.6375],[17.81667,44.64167],[17.83125,44.64953],[17.83542,44.6463],[17.85196,44.65777],[17.87832,44.66752],[17.88005,44.67429],[17.89074,44.6757],[17.90777,44.69779],[17.90899,44.71154],[17.92917,44.725],[17.9246,44.73653],[17.9132,44.74259],[17.91179,44.75328],[17.89583,44.7625],[17.89676,44.76574],[17.93534,44.79105],[17.9463,44.79228],[17.95209,44.78806],[17.9576,44.79247],[17.95907,44.80753],[17.9701,44.80914],[17.97145,44.82363],[17.96343,44.82593],[17.95324,44.84491],[17.90452,44.88088],[17.90035,44.88924],[17.90066,44.8991],[17.91042,44.9037],[17.91592,44.89943],[17.92279,44.9036],[17.9375,44.90417],[17.94167,44.925],[17.95591,44.93715],[17.96838,44.93785],[17.97258,44.93369],[18.01005,44.93298],[18.01424,44.93715],[18.02742,44.93785],[18.03715,44.94755],[18.0375,44.95417],[18.06575,44.95476],[18.07123,44.9657],[18.08946,44.97443],[18.10221,44.97557],[18.11029,44.98277],[18.12438,44.98841],[18.125,45.0],[18.14409,45.00452],[18.14829,45.00869],[18.19826,45.00035],[18.22258,45.02048],[18.25242,45.02119],[18.25662,45.02535],[18.27083,45.02083],[18.27168,45.02415],[18.29779,45.0411],[18.30638,45.0411],[18.31042,45.03797],[18.31446,45.0411],[18.33659,45.04229],[18.33835,45.04915],[18.34388,45.05057],[18.35612,45.06193],[18.36471,45.06307],[18.37696,45.07027],[18.39388,45.0714],[18.40625,45.0787],[18.43259,45.0661],[18.43946,45.07027],[18.4625,45.07083],[18.4625,45.06667],[18.47082,45.06042],[18.46215,45.05172],[18.46285,45.04341],[18.47915,45.01042],[18.46909,44.99619],[18.46005,44.99548],[18.45035,44.98576],[18.45,44.97917],[18.42592,44.97857],[18.42415,44.97168],[18.41471,44.96723],[18.39925,44.9661],[18.39375,44.97036],[18.37304,44.9589],[18.34779,44.9536],[18.34167,44.95],[18.33619,44.93741],[18.32573,44.93227],[18.32424,44.91326],[18.30621,44.91184],[18.29641,44.90351],[18.2888,44.90825],[18.27851,44.89645],[18.27982,44.88538],[18.28399,44.87941],[18.28229,44.87093],[18.25498,44.8573],[18.25335,44.84687],[18.25,44.84583],[18.25085,44.84252],[18.25748,44.84082],[18.25923,44.83399],[18.26667,44.83333],[18.26614,44.82692],[18.2583,44.81829],[18.26442,44.81303],[18.29078,44.80339],[18.28697,44.77692],[18.27917,44.7625],[18.28576,44.76215],[18.28924,44.75869],[18.33576,44.75798],[18.33924,44.75452],[18.35,44.75417],[18.3677,44.72158],[18.38256,44.72006],[18.38415,44.70446],[18.38958,44.70061],[18.39829,44.70381],[18.40452,44.69338],[18.45174,44.64619],[18.46076,44.64548],[18.47329,44.63715],[18.50242,44.63785],[18.50662,44.64202],[18.52326,44.64131],[18.53162,44.63714],[18.54167,44.625],[18.54826,44.62465],[18.56424,44.61285],[18.57326,44.61215],[18.57745,44.60798],[18.58576,44.60869],[18.58995,44.61285],[18.64583,44.60833],[18.64676,44.61157],[18.6534,44.61347],[18.65496,44.62421],[18.66466,44.62562],[18.67083,44.63333],[18.68138,44.63277],[18.69915,44.62415],[18.70097,44.61706],[18.70612,44.61307],[18.73971,44.61193],[18.76008,44.60035],[18.775,44.6],[18.78534,44.59228],[18.79504,44.59087],[18.79669,44.5795],[18.81042,44.57139],[18.8162,44.57562],[18.83534,44.56728],[18.84583,44.56667],[18.84645,44.56034],[18.85772,44.54799],[18.85913,44.53829],[18.87453,44.53272],[18.88193,44.53744],[18.89105,44.52716],[18.89202,44.51005],[18.9,44.50417],[18.90069,44.48855],[18.90759,44.48647],[18.90925,44.47019],[18.92713,44.47148],[18.93301,44.47564],[18.9532,44.46987],[18.95769,44.46047],[18.95907,44.44242],[18.97297,44.43686],[18.98537,44.42564],[19.0,44.42083],[19.00057,44.41029],[19.0093,44.39623],[19.01446,44.39223],[19.02827,44.39101],[19.03287,44.38124],[19.02027,44.36765],[19.02973,44.35075],[19.02808,44.34643],[18.98854,44.34524],[18.97083,44.325],[18.94341,44.32535],[18.93508,44.32952],[18.92917,44.3375],[18.92303,44.33391],[18.90765,44.33275],[18.89386,44.34109],[18.87697,44.34225],[18.87292,44.34534],[18.86375,44.34109],[18.86159,44.34928],[18.83003,44.35906],[18.82859,44.36541],[18.83333,44.36667],[18.82685,44.3756],[18.81734,44.3742],[18.81606,44.35199],[18.81166,44.34655],[18.80417,44.34583],[18.79964,44.33088],[18.77952,44.31492],[18.77881,44.30591],[18.77048,44.29755],[18.77119,44.28508],[18.775,44.27917],[18.7549,44.2742],[18.75355,44.26034],[18.74989,44.25533],[18.72637,44.24522],[18.72403,44.2534],[18.71451,44.25478],[18.69953,44.26312],[18.67299,44.24228],[18.6662,44.24105],[18.63966,44.25772],[18.62599,44.25905],[18.61667,44.2875],[18.6125,44.2875],[18.61165,44.28418],[18.60075,44.2786],[18.58422,44.28404],[18.58237,44.29127],[18.57721,44.29527],[18.56424,44.29619],[18.56076,44.29965],[18.54167,44.3],[18.53369,44.28992],[18.53298,44.28091],[18.52881,44.27671],[18.52952,44.26841],[18.53749,44.26042],[18.53298,44.25588],[18.53821,44.21743],[18.55629,44.21601],[18.58121,44.19649],[18.59409,44.19548],[18.60662,44.18715],[18.61909,44.18785],[18.62329,44.19202],[18.65242,44.18785],[18.65625,44.19165],[18.66492,44.18715],[18.68091,44.17119],[18.68924,44.16702],[18.70242,44.16631],[18.70625,44.16251],[18.71008,44.16631],[18.73576,44.16702],[18.73924,44.17048],[18.75659,44.17048],[18.76042,44.16668],[18.77329,44.17535],[18.78162,44.17048],[18.81076,44.17119],[18.81458,44.17499],[18.82674,44.16702],[18.84826,44.16631],[18.85591,44.15869],[18.88159,44.15381],[18.90591,44.14202],[18.93992,44.14131],[18.94375,44.13751],[18.94792,44.14165],[18.9625,44.12917]]]},"properties":{"hybas_id":"2060550500","pfaf_id":"227404","sub_area":"10490.4","up_area":"10490.4","next_down":"2060554100","main_bas":"2060008490","kind":"basin","source":"local-hydrobasins"}},{"type":"Feature","geometry":{"type":"Polygon","coordinates":[[[17.94167,45.7375],[17.94078,45.73404],[17.93005,45.73262],[17.9282,45.7254],[17.92304,45.7214],[17.90896,45.71576],[17.90777,45.69362],[17.89943,45.67158],[17.90067,45.65923],[17.90794,45.65737],[17.91193,45.65221],[17.9125,45.64167],[17.90918,45.64082],[17.90464,45.63125],[17.90777,45.62721],[17.9089,45.61175],[17.90057,45.59388],[17.90066,45.58423],[17.90381,45.58091],[17.89619,45.56909],[17.89548,45.56008],[17.87742,45.53785],[17.86076,45.52952],[17.85174,45.52881],[17.84755,45.52465],[17.83508,45.52535],[17.83088,45.52952],[17.81008,45.52881],[17.79409,45.52119],[17.76841,45.52048],[17.76492,45.51702],[17.75174,45.51631],[17.74202,45.50662],[17.74167,45.49167],[17.72165,45.49233],[17.72004,45.50337],[17.70633,45.50772],[17.67453,45.51312],[17.66875,45.50889],[17.64383,45.51605],[17.62917,45.51667],[17.62825,45.52023],[17.60833,45.52083],[17.60767,45.53669],[17.59681,45.53827],[17.59079,45.54936],[17.5625,45.55],[17.56184,45.55743],[17.52716,45.57855],[17.50933,45.57978],[17.50772,45.56867],[17.50331,45.56317],[17.48418,45.56335],[17.48243,45.57017],[17.46862,45.5714],[17.46054,45.5786],[17.44925,45.57973],[17.44388,45.57557],[17.43259,45.57443],[17.42597,45.57956],[17.4214,45.58946],[17.42083,45.60417],[17.43333,45.60417],[17.4339,45.61888],[17.43807,45.62721],[17.44668,45.64082],[17.4576,45.64673],[17.4589,45.65491],[17.45377,45.66153],[17.43439,45.66735],[17.43277,45.67158],[17.43693,45.67696],[17.43811,45.70326],[17.44498,45.70502],[17.45475,45.71991],[17.4629,45.722],[17.45057,45.73529],[17.44167,45.75833],[17.42165,45.75899],[17.4201,45.76962],[17.4162,45.77145],[17.41049,45.76728],[17.38418,45.76582],[17.38333,45.7625],[17.37674,45.76215],[17.36667,45.75417],[17.34792,45.76203],[17.33655,45.7465],[17.32425,45.74527],[17.3161,45.75491],[17.3214,45.76335],[17.31577,45.7701],[17.30759,45.7714],[17.30208,45.76714],[17.28839,45.77154],[17.28665,45.77832],[17.28002,45.78002],[17.27917,45.80833],[17.24674,45.81312],[17.2447,45.8211],[17.23957,45.81713],[17.21888,45.83277],[17.20612,45.8339],[17.19167,45.84167],[17.19131,45.85659],[17.1875,45.8625],[17.17175,45.86311],[17.16998,45.86998],[17.16054,45.87443],[17.14362,45.87557],[17.12721,45.88277],[17.11029,45.8839],[17.10513,45.8879],[17.09909,45.90353],[17.08112,45.90473],[17.06471,45.9161],[17.05342,45.91723],[17.04791,45.91296],[17.03013,45.9254],[17.02917,45.92917],[17.01862,45.9286],[17.00918,45.92415],[17.00743,45.91733],[16.99758,45.91702],[16.99167,45.92083],[16.99131,45.92742],[16.98751,45.93125],[16.99582,45.94375],[16.99168,45.94792],[16.99548,45.95174],[16.99619,45.96838],[16.9866,45.97851],[16.97173,45.97983],[16.96998,45.98665],[16.95638,45.99527],[16.94073,45.9964],[16.92842,45.98693],[16.92304,45.9911],[16.9,45.99167],[16.9,46.0],[16.88576,46.00798],[16.87674,46.00869],[16.86076,46.01631],[16.84758,46.01702],[16.82742,46.02881],[16.80918,46.03002],[16.80918,46.03665],[16.8125,46.0375],[16.81706,46.04903],[16.82415,46.05085],[16.82585,46.05748],[16.83268,46.05923],[16.8339,46.07379],[16.82917,46.075],[16.82851,46.08243],[16.82258,46.08369],[16.81492,46.09131],[16.80245,46.08715],[16.79826,46.09131],[16.77258,46.09202],[16.76875,46.09582],[16.76492,46.09202],[16.75245,46.09131],[16.73992,46.09965],[16.73162,46.10035],[16.71909,46.09202],[16.71008,46.09131],[16.70659,46.08785],[16.68924,46.08715],[16.68542,46.08335],[16.68159,46.08715],[16.66667,46.0875],[16.66576,46.09103],[16.64779,46.09223],[16.64263,46.09623],[16.64082,46.10332],[16.60513,46.11706],[16.60057,46.12696],[16.59965,46.13992],[16.58579,46.15381],[16.55591,46.16285],[16.55036,46.16838],[16.55066,46.17827],[16.56154,46.1843],[16.56376,46.19169],[16.57884,46.20064],[16.5937,46.19648],[16.6188,46.19519],[16.62468,46.19102],[16.6312,46.19519],[16.66149,46.2008],[16.67436,46.2187],[16.67584,46.22845],[16.71593,46.23411],[16.71741,46.25342],[16.72451,46.25898],[16.73718,46.25352],[16.76667,46.2625],[16.81054,46.26193],[16.81592,46.25777],[16.82412,46.25907],[16.8259,46.26601],[16.83333,46.26667],[16.85171,46.29548],[16.86909,46.30035],[16.875,46.30833],[16.88609,46.31243],[16.91034,46.28395],[16.92453,46.27855],[16.93133,46.27978],[16.94367,46.28688],[16.95343,46.2883],[16.95488,46.30318],[16.975,46.30417],[16.98442,46.32047],[16.99919,46.33395],[17.01203,46.32022],[17.03739,46.33033],[17.04105,46.33534],[17.04234,46.36169],[17.05319,46.36327],[17.05553,46.37145],[17.06458,46.36723],[17.07036,46.37145],[17.07821,46.37003],[17.07917,46.36667],[17.08576,46.36631],[17.08958,46.36251],[17.09758,46.37048],[17.10833,46.37083],[17.11424,46.36285],[17.12742,46.36215],[17.13995,46.35381],[17.14826,46.35452],[17.16877,46.36667],[17.17465,46.36076],[17.17535,46.34758],[17.17952,46.34338],[17.17501,46.33542],[17.17881,46.33159],[17.18002,46.32168],[17.21567,46.32563],[17.22443,46.33529],[17.22557,46.35221],[17.23693,46.36862],[17.2382,46.37825],[17.24362,46.38277],[17.26165,46.38835],[17.26335,46.39498],[17.2875,46.39583],[17.29536,46.39105],[17.31883,46.39228],[17.33254,46.39663],[17.3341,46.40736],[17.34137,46.40944],[17.35116,46.42489],[17.35833,46.42917],[17.35381,46.44826],[17.35001,46.45208],[17.35417,46.45833],[17.3625,46.45],[17.3813,46.44519],[17.39512,46.43269],[17.41591,46.43406],[17.42204,46.44568],[17.4327,46.45481],[17.44936,46.43963],[17.45068,46.39245],[17.46564,46.39092],[17.47564,46.37563],[17.4631,46.35625],[17.46667,46.35],[17.47326,46.35035],[17.48542,46.35832],[17.50591,46.34619],[17.5125,46.34583],[17.51545,46.3411],[17.51667,46.34583],[17.52826,46.34646],[17.52917,46.35],[17.55315,46.34941],[17.55923,46.33816],[17.56909,46.33715],[17.57674,46.32952],[17.59167,46.32917],[17.59167,46.32083],[17.61161,46.31596],[17.6125,46.3125],[17.62409,46.31188],[17.625,46.30833],[17.61732,46.30321],[17.6161,46.28946],[17.6089,46.28138],[17.60464,46.26875],[17.60873,46.26347],[17.61582,46.26165],[17.62917,46.24167],[17.60242,46.22535],[17.58951,46.22438],[17.58449,46.22072],[17.57855,46.2037],[17.58395,46.1912],[17.57905,46.18449],[17.5549,46.17003],[17.55343,46.15497],[17.54232,46.15335],[17.54202,46.10591],[17.54583,46.1],[17.55318,46.09928],[17.56188,46.08133],[17.5674,46.0508],[17.57884,46.04914],[17.58272,46.04383],[17.58333,46.02917],[17.63112,46.0089],[17.64909,46.0077],[17.65091,46.00062],[17.67409,45.99938],[17.67592,45.99225],[17.68529,45.9839],[17.70221,45.98277],[17.70625,45.97964],[17.71029,45.98277],[17.725,45.98333],[17.74231,45.9437],[17.74936,45.93547],[17.75074,45.91744],[17.76463,45.91602],[17.77051,45.91186],[17.78963,45.91314],[17.79375,45.91606],[17.81187,45.90352],[17.82083,45.90833],[17.8336,45.90753],[17.82917,45.9],[17.82292,45.89644],[17.81395,45.90064],[17.81162,45.89291],[17.80801,45.89102],[17.80213,45.89519],[17.78846,45.89648],[17.78686,45.88301],[17.79102,45.87714],[17.79241,45.85911],[17.80625,45.85464],[17.82292,45.86203],[17.82842,45.85777],[17.84072,45.859],[17.84674,45.87021],[17.86888,45.8714],[17.87425,45.87557],[17.88112,45.8714],[17.92398,45.87025],[17.93002,45.85918],[17.93958,45.85473],[17.94536,45.85895],[17.96586,45.85764],[17.9675,45.84637],[17.97843,45.83688],[17.98703,45.84228],[17.99784,45.83812],[18.01586,45.83679],[18.01743,45.82597],[18.02407,45.82407],[18.02593,45.81759],[18.03257,45.8157],[18.03395,45.80617],[18.04522,45.79383],[18.05093,45.78009],[18.05741,45.77824],[18.05798,45.76841],[18.05,45.75],[18.02468,45.75898],[18.01875,45.75477],[17.98718,45.76731],[17.9813,45.76314],[17.95073,45.75749],[17.94926,45.73827],[17.94167,45.7375]]]},"properties":{"hybas_id":"2060535610","pfaf_id":"227803","sub_area":"5039.8","up_area":"35954.0","next_down":"2060540100","main_bas":"2060008490","kind":"basin","source":"local-hydrobasins"}},{"type":"Feature","geometry":{"type":"Polygon","coordinates":[[[17.93333,45.85833],[17.93002,45.85918],[17.92398,45.87025],[17.88112,45.8714],[17.87425,45.87557],[17.86888,45.8714],[17.84674,45.87021],[17.84072,45.859],[17.82842,45.85777],[17.82292,45.86203],[17.80625,45.85464],[17.79241,45.85911],[17.79102,45.87714],[17.78686,45.88301],[17.78846,45.89648],[17.80213,45.89519],[17.80801,45.89102],[17.81162,45.89291],[17.81395,45.90064],[17.82292,45.89644],[17.82917,45.9],[17.8336,45.90753],[17.82083,45.90833],[17.81187,45.90352],[17.79375,45.91606],[17.78963,45.91314],[17.77051,45.91186],[17.76463,45.91602],[17.75074,45.91744],[17.74936,45.93547],[17.74231,45.9437],[17.725,45.98333],[17.71029,45.98277],[17.70625,45.97964],[17.70221,45.98277],[17.68529,45.9839],[17.67592,45.99225],[17.67409,45.99938],[17.65091,46.00062],[17.64909,46.0077],[17.63112,46.0089],[17.58333,46.02917],[17.58272,46.04383],[17.57884,46.04914],[17.5674,46.0508],[17.56188,46.08133],[17.55318,46.09928],[17.54583,46.1],[17.54202,46.10591],[17.54167,46.13333],[17.54232,46.15335],[17.55343,46.15497],[17.5549,46.17003],[17.57905,46.18449],[17.58395,46.1912],[17.57855,46.2037],[17.58449,46.22072],[17.58951,46.22438],[17.60242,46.22535],[17.64375,46.24999],[17.65174,46.24202],[17.66076,46.24131],[17.66424,46.23785],[17.68576,46.23715],[17.68924,46.23369],[17.69826,46.23298],[17.70591,46.22535],[17.71838,46.22465],[17.725,46.23333],[17.74409,46.23369],[17.75626,46.24583],[17.77258,46.22535],[17.79583,46.225],[17.79705,46.22027],[17.811,46.22499],[17.81757,46.21316],[17.83138,46.21193],[17.83675,46.20777],[17.85759,46.21723],[17.86888,46.2161],[17.8735,46.21251],[17.88038,46.22557],[17.88333,46.22083],[17.89826,46.22119],[17.90662,46.22952],[17.91076,46.22881],[17.91424,46.22535],[17.92083,46.225],[17.92453,46.21458],[17.92085,46.20983],[17.94082,46.19915],[17.94256,46.19234],[17.96029,46.17557],[17.97304,46.17557],[17.98661,46.17988],[17.9875,46.18333],[17.99509,46.1786],[18.01175,46.18807],[18.02009,46.18277],[18.02721,46.1839],[18.03958,46.1912],[18.04362,46.18807],[18.05736,46.18685],[18.0661,46.17721],[18.07173,46.16316],[18.08554,46.16193],[18.08946,46.1589],[18.11564,46.15772],[18.13277,46.13971],[18.13871,46.09527],[18.1532,46.09648],[18.16446,46.11193],[18.20221,46.11723],[18.21029,46.12443],[18.22721,46.12557],[18.24886,46.14193],[18.25,46.1375],[18.26424,46.14548],[18.27917,46.14583],[18.27952,46.13091],[18.28298,46.12742],[18.28369,46.11841],[18.29131,46.11076],[18.29202,46.09758],[18.29548,46.09409],[18.29619,46.06841],[18.30798,46.04826],[18.30898,46.0312],[18.31314,46.02532],[18.31164,46.00788],[18.30063,46.01731],[18.28536,46.01602],[18.27949,46.01186],[18.2562,46.01314],[18.25032,46.01731],[18.23306,46.01583],[18.23686,46.01047],[18.2375,45.99583],[18.23091,45.99548],[18.22742,45.99202],[18.20591,45.99131],[18.19829,45.98715],[18.19409,45.99131],[18.17258,45.99202],[18.16909,45.99548],[18.13946,45.99527],[18.11471,45.9839],[18.09779,45.98277],[18.08112,45.97443],[18.07154,45.96574],[18.07012,45.95505],[18.06667,45.95417],[18.06595,45.96168],[18.05742,45.96311],[18.02717,45.93394],[18.0093,45.93265],[18.00743,45.92591],[17.99172,45.91523],[17.99523,45.91051],[17.99644,45.89946],[17.99167,45.8875],[18.00659,45.88298],[18.01912,45.87465],[18.03579,45.88369],[18.03992,45.88298],[18.05381,45.87326],[18.05452,45.86421],[18.06424,45.85452],[18.08271,45.84909],[18.0839,45.82696],[18.08807,45.82158],[18.0838,45.81042],[18.08807,45.80491],[18.08683,45.79262],[18.08138,45.78807],[18.06888,45.77973],[18.0625,45.77917],[18.0625,45.775],[18.05833,45.775],[18.05741,45.77824],[18.05093,45.78009],[18.04522,45.79383],[18.03395,45.80617],[18.03257,45.8157],[18.02593,45.81759],[18.02407,45.82407],[18.01743,45.82597],[18.01586,45.83679],[17.99784,45.83812],[17.98703,45.84228],[17.97843,45.83688],[17.9675,45.84637],[17.96586,45.85764],[17.94536,45.85895],[17.93958,45.85473],[17.93333,45.85833]]]},"properties":{"hybas_id":"2060535520","pfaf_id":"227802","sub_area":"1566.8","up_area":"1566.8","next_down":"2060540100","main_bas":"2060008490","kind":"basin","source":"local-hydrobasins"}},{"type":"Feature","geometry":{"type":"Polygon","coordinates":[[[18.95833,46.375],[18.95773,46.35934],[18.95221,46.35473],[18.94388,46.35057],[18.93007,46.34934],[18.92826,46.34229],[18.90612,46.3411],[18.89583,46.3375],[18.89498,46.34498],[18.88821,46.34672],[18.88267,46.3741],[18.86862,46.37557],[18.85925,46.38392],[18.85745,46.39096],[18.84779,46.39223],[18.83554,46.4036],[18.82208,46.40851],[18.82027,46.41325],[18.83693,46.43946],[18.83715,46.44826],[18.82745,46.45798],[18.79758,46.45869],[18.78159,46.46631],[18.74341,46.47119],[18.73369,46.48088],[18.73002,46.51582],[18.7407,46.52123],[18.74252,46.52832],[18.7532,46.53373],[18.75502,46.54082],[18.76149,46.54248],[18.76307,46.54658],[18.75057,46.57279],[18.74527,46.59388],[18.72973,46.61029],[18.73812,46.6338],[18.73395,46.63951],[18.73272,46.65733],[18.74383,46.65895],[18.775,46.68333],[18.77027,46.70075],[18.7754,46.70737],[18.78248,46.70918],[18.7839,46.71471],[18.79538,46.72708],[18.77852,46.75449],[18.78436,46.76592],[18.79923,46.76744],[18.8,46.775],[18.79263,46.77956],[18.78275,46.79491],[18.77585,46.79668],[18.76987,46.80768],[18.75612,46.8089],[18.73013,46.8254],[18.72557,46.83529],[18.72443,46.84804],[18.7089,46.86862],[18.71285,46.88505],[18.70869,46.88924],[18.70798,46.91076],[18.70452,46.91424],[18.70417,46.92083],[18.71576,46.92146],[18.71763,46.92877],[18.72279,46.93277],[18.74509,46.94223],[18.76592,46.93277],[18.77412,46.93407],[18.77592,46.94108],[18.78529,46.94943],[18.79498,46.95085],[18.79583,46.96667],[18.79252,46.96752],[18.78277,46.98554],[18.76723,47.00196],[18.76193,47.01471],[18.75358,47.02408],[18.73946,47.02973],[18.72721,47.0411],[18.70638,47.0536],[18.69362,47.05473],[18.66316,47.06757],[18.65777,47.09388],[18.6464,47.10612],[18.63807,47.12696],[18.63807,47.13554],[18.6464,47.14925],[18.63751,47.16934],[18.64915,47.17585],[18.65097,47.18294],[18.65612,47.18693],[18.68333,47.1875],[18.68424,47.19104],[18.70638,47.19223],[18.71457,47.19954],[18.71928,47.19589],[18.74527,47.22279],[18.75502,47.24498],[18.75833,47.24583],[18.75381,47.25659],[18.73996,47.27464],[18.72258,47.27952],[18.69758,47.29202],[18.68162,47.31214],[18.66424,47.32119],[18.64829,47.34131],[18.64341,47.34202],[18.63159,47.35381],[18.62585,47.35332],[18.61632,47.33868],[18.61175,47.33693],[18.6053,47.34193],[18.5996,47.33013],[18.58675,47.3339],[18.57842,47.3286],[18.56862,47.3339],[18.56347,47.3379],[18.55777,47.35221],[18.53807,47.38112],[18.53693,47.38971],[18.51723,47.41446],[18.5161,47.42304],[18.48971,47.44527],[18.45538,47.45473],[18.45332,47.44668],[18.43971,47.43807],[18.42917,47.4375],[18.41492,47.44965],[18.40833,47.45],[18.42164,47.48679],[18.43966,47.48812],[18.44583,47.49583],[18.48661,47.50488],[18.48839,47.51179],[18.5086,47.5178],[18.49974,47.5322],[18.51249,47.539],[18.5036,47.55908],[18.5089,47.56741],[18.50417,47.575],[18.49375,47.5713],[18.48294,47.58653],[18.47571,47.58839],[18.4714,47.60196],[18.47027,47.62158],[18.47443,47.62696],[18.47557,47.65638],[18.48839,47.67846],[18.49804,47.67973],[18.50772,47.68851],[18.50918,47.70332],[18.51496,47.70381],[18.52048,47.69826],[18.52119,47.68921],[18.53091,47.67952],[18.54412,47.67881],[18.54965,47.67326],[18.54222,47.65208],[18.55355,47.63549],[18.55496,47.62579],[18.5657,47.62423],[18.56702,47.60588],[18.57292,47.60001],[18.57745,47.60452],[18.58159,47.60381],[18.59758,47.59202],[18.61909,47.59131],[18.62746,47.58714],[18.64167,47.57083],[18.65729,47.57152],[18.66277,47.58249],[18.67571,47.58398],[18.69487,47.56987],[18.70016,47.55934],[18.70866,47.55769],[18.71575,47.56272],[18.71731,47.57297],[18.72436,47.58536],[18.72572,47.60756],[18.74064,47.60908],[18.74671,47.62375],[18.75032,47.62564],[18.75706,47.62087],[18.76595,47.62158],[18.76667,47.63333],[18.79799,47.62022],[18.80617,47.61312],[18.81587,47.61171],[18.81753,47.60033],[18.83117,47.59228],[18.8625,47.59167],[18.85356,47.61721],[18.86727,47.62971],[18.86175,47.64488],[18.84248,47.65077],[18.84106,47.65919],[18.85356,47.67283],[18.8625,47.69583],[18.85869,47.70174],[18.85777,47.72304],[18.84069,47.74518],[18.8259,47.74649],[18.81723,47.76029],[18.8214,47.78554],[18.82591,47.7952],[18.84388,47.7964],[18.85355,47.80517],[18.85417,47.81667],[18.85833,47.81667],[18.86602,47.82703],[18.86737,47.85339],[18.8813,47.85481],[18.8868,47.85912],[18.88814,47.88964],[18.89498,47.89668],[18.8968,47.90377],[18.90794,47.9093],[18.91335,47.91998],[18.91667,47.92083],[18.91667,47.93333],[18.92292,47.93749],[18.92708,47.93335],[18.94758,47.94965],[18.95417,47.95],[18.95502,47.94668],[18.96592,47.9411],[19.00748,47.94498],[19.02258,47.92952],[19.02742,47.92881],[19.04779,47.91307],[19.07832,47.90332],[19.08009,47.89642],[19.08946,47.88807],[19.10321,47.88684],[19.10787,47.88125],[19.1039,47.87614],[19.11054,47.87443],[19.12279,47.86307],[19.14792,47.85464],[19.15342,47.8589],[19.16042,47.85464],[19.16592,47.8589],[19.18243,47.85769],[19.1875,47.84583],[19.22704,47.82982],[19.27424,47.82847],[19.27566,47.81038],[19.28399,47.80058],[19.27922,47.78459],[19.28538,47.77982],[19.3,47.77917],[19.30085,47.77585],[19.31608,47.76991],[19.32557,47.75927],[19.32427,47.75088],[19.32083,47.75],[19.29362,47.75057],[19.28971,47.7536],[19.27205,47.75473],[19.27083,47.75],[19.27415,47.74915],[19.27585,47.74252],[19.28266,47.74077],[19.29943,47.72304],[19.30061,47.69674],[19.3125,47.69167],[19.31285,47.67258],[19.32048,47.66492],[19.32119,47.65174],[19.35201,47.62145],[19.36179,47.62003],[19.36312,47.60201],[19.36773,47.5921],[19.39784,47.56312],[19.42083,47.55417],[19.42465,47.54826],[19.41631,47.51841],[19.4,47.50257],[19.41298,47.48017],[19.41158,47.47565],[19.39058,47.4703],[19.38141,47.47864],[19.35918,47.47832],[19.35473,47.46888],[19.35417,47.45833],[19.38554,47.4411],[19.40612,47.42557],[19.41471,47.42443],[19.43508,47.40869],[19.45,47.40417],[19.46008,47.38785],[19.46909,47.38715],[19.47674,47.37952],[19.48995,47.37464],[19.50381,47.36076],[19.50452,47.35588],[19.52048,47.34409],[19.52027,47.31862],[19.51193,47.30491],[19.51317,47.29263],[19.52917,47.27917],[19.52422,47.2632],[19.48112,47.26307],[19.45196,47.27557],[19.4468,47.27956],[19.44493,47.28684],[19.43112,47.28807],[19.42425,47.29223],[19.41888,47.28807],[19.40417,47.2875],[19.40328,47.29096],[19.39362,47.29223],[19.37597,47.30456],[19.37411,47.31179],[19.36339,47.31321],[19.3625,47.31667],[19.33995,47.31215],[19.33369,47.31838],[19.33298,47.32742],[19.32328,47.33715],[19.30174,47.33785],[19.25363,47.35894],[19.24144,47.35294],[19.24947,47.34376],[19.24637,47.33958],[19.25044,47.33409],[19.2492,47.32565],[19.23333,47.325],[19.23245,47.32846],[19.22172,47.32988],[19.21993,47.33684],[19.20612,47.33807],[19.18542,47.34536],[19.17401,47.3411],[19.16054,47.3536],[19.1375,47.36667],[19.13697,47.35609],[19.12553,47.33975],[19.12436,47.33022],[19.11768,47.32447],[19.10927,47.3297],[19.10477,47.3282],[19.10364,47.31442],[19.1004,47.31042],[19.10417,47.30417],[19.09792,47.30047],[19.08038,47.3089],[19.07832,47.30085],[19.07168,47.29915],[19.06998,47.29252],[19.06667,47.29167],[19.06297,47.28542],[19.06723,47.27991],[19.06307,47.27304],[19.05763,47.24259],[19.05152,47.23749],[19.04498,47.24915],[19.03408,47.25473],[19.01712,47.23959],[19.02455,47.23125],[19.01723,47.22304],[19.0161,47.20196],[19.0125,47.19583],[19.01909,47.19548],[19.03125,47.18335],[19.03579,47.18785],[19.03992,47.18715],[19.05174,47.17535],[19.05833,47.175],[19.0625,47.1625],[19.05072,47.16151],[19.04938,47.14784],[19.03673,47.10931],[19.02997,47.10737],[19.02855,47.09926],[19.03688,47.08966],[19.03812,47.0787],[19.03395,47.07299],[19.03238,47.06223],[19.02708,47.06611],[19.0048,47.05329],[19.00417,47.01667],[19.00833,47.00417],[19.00502,47.00332],[18.99943,46.99241],[19.00057,46.98112],[19.00918,46.96752],[19.01627,46.9657],[19.0218,46.95456],[19.03248,46.94915],[19.03821,46.93001],[19.04289,46.92897],[19.04925,46.9339],[19.0616,46.93266],[19.0625,46.92917],[19.05097,46.9246],[19.04491,46.9132],[19.03529,46.91193],[19.02709,46.90463],[19.02292,46.90786],[19.01335,46.90332],[19.00833,46.89167],[19.0038,46.8905],[19.01193,46.88138],[19.01667,46.86667],[19.02764,46.87079],[19.03693,46.86054],[19.0423,46.83007],[19.05057,46.82795],[19.03835,46.81998],[19.0339,46.81054],[19.03418,46.80085],[19.04101,46.7991],[19.04232,46.78429],[19.07025,46.76991],[19.08007,46.75483],[19.0875,46.75417],[19.08875,46.75891],[19.0961,46.75725],[19.09167,46.75],[19.09565,46.74889],[19.10095,46.73825],[19.11172,46.73672],[19.11294,46.72841],[19.10773,46.72137],[19.11667,46.7125],[19.11186,46.70032],[19.11314,46.68537],[19.12148,46.66699],[19.12007,46.65067],[19.0938,46.62564],[19.08355,46.62408],[19.07852,46.61699],[19.08362,46.60916],[19.06624,46.60777],[19.05931,46.61268],[19.05477,46.59792],[19.05833,46.5875],[19.09648,46.58605],[19.09102,46.57116],[19.09251,46.55389],[19.09968,46.55898],[19.10471,46.55635],[19.1091,46.53827],[19.12471,46.53668],[19.13043,46.52498],[19.1375,46.52083],[19.14228,46.51297],[19.14091,46.5008],[19.13014,46.49923],[19.125,46.4875],[19.13785,46.46838],[19.13715,46.44758],[19.12918,46.43542],[19.13369,46.43088],[19.12952,46.42326],[19.12917,46.40833],[19.12292,46.40039],[19.11875,46.40377],[19.11458,46.4004],[19.11041,46.40378],[19.10209,46.39622],[19.0891,46.40416],[19.08386,46.39808],[19.08272,46.38427],[19.07817,46.38285],[19.07177,46.38803],[19.05522,46.3827],[19.04947,46.37602],[19.05417,46.36667],[19.03091,46.36215],[19.01495,46.35381],[19.00833,46.35833],[19.00798,46.37742],[19.0021,46.38333],[18.99826,46.37952],[18.96424,46.37881],[18.95833,46.375]]]},"properties":{"hybas_id":"2060522970","pfaf_id":"227915","sub_area":"5899.4","up_area":"188499.9","next_down":"2060524780","main_bas":"2060008490","kind":"basin","source":"local-hydrobasins"}},{"type":"Feature","geometry":{"type":"Polygon","coordinates":[[[16.30417,46.87917],[16.30452,46.88579],[16.31008,46.89131],[16.3375,46.89167],[16.33843,46.88843],[16.35786,46.87855],[16.39383,46.88395],[16.39953,46.88812],[16.40331,46.88634],[16.40509,46.88009],[16.41458,46.87556],[16.43534,46.88272],[16.46164,46.88401],[16.47855,46.90201],[16.48017,46.91312],[16.49383,46.91188],[16.50786,46.90355],[16.51667,46.90833],[16.54923,46.91327],[16.55082,46.92888],[16.55801,46.93398],[16.57297,46.93269],[16.57884,46.92852],[16.58958,46.9369],[16.6125,46.92917],[16.62816,46.92977],[16.63418,46.94082],[16.65196,46.94943],[16.66471,46.95057],[16.68124,46.96204],[16.68542,46.9588],[16.69915,46.96335],[16.70085,46.96998],[16.71862,46.9786],[16.72828,46.97988],[16.73351,46.99042],[16.73825,46.99223],[16.7447,46.98724],[16.74668,46.99498],[16.80638,47.02557],[16.81862,47.03693],[16.83665,47.04668],[16.8375,47.05],[16.84409,47.05035],[16.86424,47.06631],[16.89583,47.06667],[16.89672,47.07012],[16.91596,47.07589],[16.91738,47.08661],[16.93138,47.09223],[16.95591,47.11215],[16.96909,47.11285],[16.97293,47.11667],[16.98298,47.10242],[16.98369,47.08922],[16.99758,47.07535],[17.00591,47.07119],[17.01909,47.07048],[17.025,47.06667],[17.04409,47.06702],[17.04758,47.07048],[17.07842,47.07397],[17.07994,47.05905],[17.09167,47.05833],[17.0964,47.03946],[17.10777,47.02721],[17.10918,47.02168],[17.11608,47.01991],[17.12443,47.01054],[17.12973,46.98529],[17.13807,46.97158],[17.13693,46.96029],[17.13277,46.95491],[17.1411,46.94388],[17.14583,46.92083],[17.16492,46.92048],[17.17745,46.90798],[17.20638,46.91307],[17.21985,46.92557],[17.22418,46.92403],[17.22591,46.91728],[17.25325,46.91605],[17.25538,46.90777],[17.26054,46.9089],[17.27279,46.92027],[17.28333,46.92083],[17.28946,46.9286],[17.29908,46.92987],[17.30473,46.93665],[17.3036,46.96471],[17.29943,46.97009],[17.30074,46.97827],[17.30718,46.98365],[17.30833,46.97917],[17.32742,46.97881],[17.34412,46.97048],[17.35242,46.97119],[17.35662,46.97535],[17.37742,46.97465],[17.39829,46.96215],[17.40242,46.96285],[17.41912,46.97952],[17.45662,46.97881],[17.46841,46.96702],[17.48992,46.97048],[17.50174,46.96285],[17.51054,46.96307],[17.53241,46.97975],[17.53418,46.98665],[17.54938,46.99684],[17.55,47.00833],[17.5532,47.0093],[17.5677,47.03261],[17.58673,47.03407],[17.59167,47.05417],[17.61076,47.05381],[17.62329,47.04548],[17.63125,47.04999],[17.63579,47.04548],[17.64341,47.04965],[17.65417,47.05],[17.65452,47.05659],[17.65798,47.06008],[17.65899,47.08252],[17.67384,47.08761],[17.68431,47.1159],[17.6951,47.11747],[17.69645,47.13133],[17.70478,47.1463],[17.69938,47.15907],[17.70772,47.16867],[17.70833,47.175],[17.71875,47.17861],[17.72453,47.17438],[17.7367,47.17575],[17.73836,47.18717],[17.74376,47.19111],[17.75343,47.18272],[17.7662,47.18812],[17.77284,47.18395],[17.79799,47.17855],[17.80617,47.17145],[17.8125,47.17083],[17.81307,47.18138],[17.81758,47.19106],[17.83333,47.19167],[17.83455,47.18693],[17.8408,47.18831],[17.84255,47.19512],[17.85328,47.19654],[17.85924,47.21188],[17.87721,47.21193],[17.89092,47.2036],[17.89502,47.20517],[17.90085,47.21998],[17.90417,47.22083],[17.90452,47.23159],[17.90798,47.23508],[17.90767,47.26044],[17.9035,47.2665],[17.9049,47.28641],[17.91178,47.28859],[17.91329,47.31691],[17.929,47.30767],[17.94378,47.309],[17.9625,47.31667],[17.98418,47.31193],[17.99096,47.31759],[17.99223,47.32721],[18.0036,47.34362],[18.00473,47.35908],[17.9996,47.3657],[17.99252,47.36752],[17.98807,47.37696],[17.9875,47.39167],[17.99167,47.39583],[18.00242,47.39619],[18.00591,47.39965],[18.03971,47.40473],[18.04779,47.41193],[18.07083,47.4125],[18.07583,47.44191],[18.09412,47.43298],[18.09826,47.43369],[18.12674,47.45381],[18.13964,47.45352],[18.17703,47.42148],[18.20203,47.40898],[18.21174,47.4075],[18.21338,47.39142],[18.22051,47.39648],[18.23964,47.39519],[18.26036,47.37564],[18.27917,47.375],[18.28508,47.38298],[18.29167,47.38333],[18.2924,47.39086],[18.30216,47.39228],[18.32742,47.40452],[18.33924,47.41631],[18.35662,47.42536],[18.36841,47.44131],[18.39409,47.44202],[18.40174,47.44965],[18.40833,47.45],[18.41492,47.44965],[18.42674,47.43785],[18.43971,47.43807],[18.45332,47.44668],[18.45538,47.45473],[18.46471,47.4536],[18.48971,47.44527],[18.50612,47.42973],[18.5121,47.4282],[18.51723,47.41446],[18.53693,47.38971],[18.53807,47.38112],[18.55777,47.35221],[18.56347,47.3379],[18.56862,47.3339],[18.57842,47.3286],[18.58675,47.3339],[18.5996,47.33013],[18.6053,47.34193],[18.61175,47.33693],[18.61632,47.33868],[18.62585,47.35332],[18.63159,47.35381],[18.64341,47.34202],[18.64829,47.34131],[18.66424,47.32119],[18.68162,47.31214],[18.69758,47.29202],[18.72258,47.27952],[18.73996,47.27464],[18.75798,47.24826],[18.74527,47.22279],[18.71928,47.19589],[18.71457,47.19954],[18.70638,47.19223],[18.68424,47.19104],[18.68333,47.1875],[18.65612,47.18693],[18.65097,47.18294],[18.64915,47.17585],[18.63751,47.16934],[18.6464,47.14925],[18.63807,47.13554],[18.63807,47.12696],[18.6464,47.10612],[18.65777,47.09388],[18.66316,47.06757],[18.69362,47.05473],[18.70638,47.0536],[18.72721,47.0411],[18.73946,47.02973],[18.75358,47.02408],[18.76193,47.01471],[18.76723,47.00196],[18.78277,46.98554],[18.79252,46.96752],[18.79583,46.96667],[18.79498,46.95085],[18.78529,46.94943],[18.77592,46.94108],[18.77412,46.93407],[18.76592,46.93277],[18.74509,46.94223],[18.72279,46.93277],[18.71763,46.92877],[18.71576,46.92146],[18.70417,46.92083],[18.70452,46.91424],[18.70798,46.91076],[18.70869,46.88924],[18.71285,46.88505],[18.7089,46.86862],[18.72443,46.84804],[18.72557,46.83529],[18.73013,46.8254],[18.75612,46.8089],[18.76987,46.80768],[18.77585,46.79668],[18.78275,46.79491],[18.79263,46.77956],[18.8,46.775],[18.79923,46.76744],[18.78436,46.76592],[18.77852,46.75449],[18.79538,46.72708],[18.7839,46.71471],[18.78248,46.70918],[18.7754,46.70737],[18.77027,46.70075],[18.775,46.68333],[18.74383,46.65895],[18.73272,46.65733],[18.73395,46.63951],[18.73812,46.6338],[18.72973,46.61029],[18.74527,46.59388],[18.75057,46.57279],[18.76307,46.54658],[18.76149,46.54248],[18.75502,46.54082],[18.7532,46.53373],[18.74252,46.52832],[18.7407,46.52123],[18.73002,46.51582],[18.72952,46.50591],[18.73298,46.50242],[18.73369,46.48088],[18.74341,46.47119],[18.78159,46.46631],[18.79758,46.45869],[18.82745,46.45798],[18.83715,46.44826],[18.83693,46.43946],[18.82027,46.41325],[18.82208,46.40851],[18.83554,46.4036],[18.84779,46.39223],[18.85745,46.39096],[18.85925,46.38392],[18.86862,46.37557],[18.88267,46.3741],[18.88821,46.34672],[18.89498,46.34498],[18.89583,46.3375],[18.88796,46.32709],[18.89163,46.32236],[18.88013,46.31193],[18.86756,46.31317],[18.86545,46.3214],[18.86136,46.31224],[18.85491,46.31723],[18.84673,46.31593],[18.84167,46.30833],[18.83835,46.30918],[18.83659,46.31604],[18.81341,46.31729],[18.80748,46.33248],[18.79804,46.33693],[18.78675,46.33807],[18.775,46.33333],[18.77443,46.33971],[18.76572,46.3535],[18.75323,46.35473],[18.74283,46.34547],[18.74077,46.35351],[18.71788,46.3589],[18.71582,46.35085],[18.68259,46.3411],[18.66888,46.34943],[18.65091,46.34939],[18.65,46.34583],[18.64583,46.34583],[18.64619,46.33091],[18.65,46.325],[18.64257,46.32434],[18.64082,46.31752],[18.63418,46.31582],[18.62973,46.30638],[18.62853,46.28841],[18.61763,46.28294],[18.61582,46.27585],[18.60064,46.26993],[18.59527,46.23529],[18.58693,46.21862],[18.56597,46.19672],[18.53924,46.19548],[18.53162,46.19131],[18.52292,46.19999],[18.51909,46.19619],[18.51079,46.19548],[18.50625,46.19999],[18.50242,46.19619],[18.49412,46.19548],[18.47917,46.2125],[18.43412,46.21184],[18.43333,46.20417],[18.40196,46.1911],[18.38835,46.18248],[18.3875,46.17917],[18.375,46.17917],[18.37465,46.19409],[18.36912,46.19964],[18.36667,46.2],[18.36553,46.19557],[18.36054,46.19943],[18.35174,46.19965],[18.33995,46.17952],[18.32917,46.17917],[18.3241,46.17149],[18.31029,46.17027],[18.30196,46.1661],[18.28808,46.15741],[18.27917,46.14583],[18.26424,46.14548],[18.25,46.1375],[18.24886,46.14193],[18.22721,46.12557],[18.21029,46.12443],[18.20221,46.11723],[18.16446,46.11193],[18.1532,46.09648],[18.13871,46.09527],[18.13277,46.13971],[18.11564,46.15772],[18.08946,46.1589],[18.08554,46.16193],[18.07173,46.16316],[18.0661,46.17721],[18.05736,46.18685],[18.04362,46.18807],[18.03958,46.1912],[18.02009,46.18277],[18.01175,46.18807],[17.99509,46.1786],[17.9875,46.18333],[17.98661,46.17988],[17.9625,46.175],[17.94256,46.19234],[17.94082,46.19915],[17.92085,46.20983],[17.92453,46.21458],[17.92083,46.225],[17.91424,46.22535],[17.91076,46.22881],[17.90662,46.22952],[17.89826,46.22119],[17.88333,46.22083],[17.88038,46.22557],[17.8735,46.21251],[17.86888,46.2161],[17.85759,46.21723],[17.83675,46.20777],[17.83138,46.21193],[17.81757,46.21316],[17.811,46.22499],[17.79705,46.22027],[17.79583,46.225],[17.77258,46.22535],[17.75626,46.24583],[17.74409,46.23369],[17.725,46.23333],[17.71838,46.22465],[17.70591,46.22535],[17.69826,46.23298],[17.68924,46.23369],[17.68576,46.23715],[17.66424,46.23785],[17.66076,46.24131],[17.65174,46.24202],[17.64375,46.24999],[17.62917,46.24167],[17.61582,46.26165],[17.60873,46.26347],[17.60464,46.26875],[17.6089,46.28138],[17.6161,46.28946],[17.61732,46.30321],[17.625,46.30833],[17.62409,46.31188],[17.6125,46.3125],[17.61161,46.31596],[17.59167,46.32083],[17.59167,46.32917],[17.57674,46.32952],[17.56909,46.33715],[17.55923,46.33816],[17.55315,46.34941],[17.52917,46.35],[17.52826,46.34646],[17.51667,46.34583],[17.51545,46.3411],[17.5125,46.34583],[17.50591,46.34619],[17.48542,46.35832],[17.47326,46.35035],[17.46667,46.35],[17.4631,46.35625],[17.47564,46.37563],[17.46564,46.39092],[17.45068,46.39245],[17.44936,46.43963],[17.4327,46.45481],[17.42204,46.44568],[17.41591,46.43406],[17.39512,46.43269],[17.3813,46.44519],[17.3625,46.45],[17.35417,46.45833],[17.35001,46.45208],[17.35381,46.44826],[17.35833,46.42917],[17.35116,46.42489],[17.34137,46.40944],[17.3341,46.40736],[17.33254,46.39663],[17.31883,46.39228],[17.29536,46.39105],[17.2875,46.39583],[17.26335,46.39498],[17.26165,46.38835],[17.24362,46.38277],[17.2382,46.37825],[17.23693,46.36862],[17.22557,46.35221],[17.22443,46.33529],[17.21567,46.32563],[17.18002,46.32168],[17.17881,46.33159],[17.17501,46.33542],[17.17952,46.34338],[17.17535,46.34758],[17.17465,46.36076],[17.16877,46.36667],[17.14826,46.35452],[17.13995,46.35381],[17.12742,46.36215],[17.11424,46.36285],[17.10833,46.37083],[17.11215,46.37674],[17.1125,46.3875],[17.10507,46.38816],[17.10355,46.40633],[17.0955,46.41997],[17.08407,46.42164],[17.08272,46.43549],[17.07933,46.44012],[17.07426,46.44228],[17.06459,46.43389],[17.05905,46.43832],[17.05772,46.45464],[17.06611,46.46875],[17.06306,46.47292],[17.07022,46.48951],[17.07562,46.52581],[17.06312,46.53951],[17.05473,46.55625],[17.06611,46.57291],[17.06163,46.57852],[17.03333,46.57917],[17.02881,46.60242],[17.02465,46.60662],[17.02535,46.61492],[17.02952,46.61912],[17.02881,46.63576],[17.01631,46.64828],[17.01702,46.65662],[17.02917,46.66667],[17.02977,46.68242],[17.03679,46.68422],[17.04527,46.71446],[17.0464,46.74388],[17.04953,46.74792],[17.0464,46.75196],[17.04583,46.77083],[17.05,46.775],[17.03508,46.77952],[17.02326,46.79131],[17.01079,46.79202],[17.00625,46.78751],[16.99409,46.79548],[16.97083,46.79583],[16.97048,46.78924],[16.96631,46.78505],[16.96702,46.77674],[16.97119,46.77255],[16.97048,46.76008],[16.96702,46.75659],[16.96631,46.73924],[16.96285,46.73576],[16.96215,46.68924],[16.95869,46.68576],[16.95798,46.66008],[16.95418,46.65625],[16.95869,46.65171],[16.95798,46.63508],[16.95418,46.63125],[16.95832,46.62708],[16.95381,46.62255],[16.95452,46.59341],[16.95832,46.58958],[16.95452,46.58576],[16.95417,46.57083],[16.93946,46.5714],[16.93554,46.57443],[16.90925,46.57561],[16.90381,46.61909],[16.89167,46.63333],[16.88835,46.63248],[16.88661,46.62571],[16.87083,46.62083],[16.87006,46.63244],[16.86554,46.63386],[16.85225,46.62136],[16.84489,46.6203],[16.83239,46.62553],[16.82398,46.6203],[16.81743,46.62595],[16.8214,46.64658],[16.81714,46.65208],[16.82443,46.66446],[16.82557,46.70491],[16.82027,46.71888],[16.81627,46.72403],[16.80904,46.72589],[16.80762,46.73661],[16.80417,46.7375],[16.80733,46.77017],[16.78017,46.7715],[16.77054,46.78639],[16.76343,46.78843],[16.76157,46.79491],[16.75493,46.79681],[16.75337,46.80754],[16.73958,46.81194],[16.72299,46.80062],[16.71203,46.79938],[16.69259,46.80926],[16.69074,46.81574],[16.68133,46.82022],[16.66667,46.82083],[16.66667,46.825],[16.65869,46.81912],[16.65833,46.80417],[16.64804,46.7964],[16.63554,46.79223],[16.61371,46.7911],[16.61165,46.79915],[16.60612,46.80057],[16.58971,46.8161],[16.58005,46.81738],[16.57917,46.82083],[16.57304,46.81723],[16.55759,46.8161],[16.55208,46.82036],[16.54252,46.81582],[16.54079,46.80907],[16.53259,46.80777],[16.52597,46.8129],[16.52409,46.82021],[16.50196,46.8214],[16.49792,46.82453],[16.49388,46.8214],[16.44925,46.8161],[16.42304,46.8286],[16.40759,46.82973],[16.4,46.825],[16.39915,46.82832],[16.38971,46.83277],[16.37279,46.8339],[16.35208,46.84536],[16.33958,46.83797],[16.32696,46.84223],[16.3134,46.85481],[16.30794,46.8657],[16.30066,46.86757],[16.30085,46.87832],[16.30417,46.87917]]]},"properties":{"hybas_id":"2060522960","pfaf_id":"227914","sub_area":"14889.8","up_area":"14889.9","next_down":"2060524780","main_bas":"2060008490","kind":"basin","source":"local-hydrobasins"}},{"type":"Feature","geometry":{"type":"Polygon","coordinates":[[[15.67917,46.275],[15.66424,46.27535],[15.66076,46.27881],[15.65245,46.27952],[15.64412,46.27465],[15.63159,46.28298],[15.59925,46.28807],[15.59388,46.2839],[15.57279,46.28277],[15.56573,46.2786],[15.55533,46.28787],[15.55332,46.28002],[15.53675,46.27443],[15.53138,46.2786],[15.49758,46.28369],[15.49409,46.28715],[15.41862,46.2964],[15.40638,46.3036],[15.38424,46.30479],[15.38248,46.31165],[15.37585,46.31335],[15.375,46.31667],[15.37881,46.32258],[15.37917,46.33333],[15.36745,46.33404],[15.36604,46.34623],[15.3702,46.35202],[15.37146,46.36739],[15.36174,46.37841],[15.3435,46.38293],[15.34104,46.3879],[15.34646,46.39859],[15.32572,46.40499],[15.32429,46.42398],[15.31347,46.42939],[15.31187,46.4379],[15.31667,46.45],[15.275,46.44583],[15.27409,46.44937],[15.25342,46.45057],[15.23138,46.43807],[15.18675,46.43693],[15.18124,46.4412],[15.16788,46.43277],[15.16576,46.44102],[15.14925,46.44223],[15.14263,46.4371],[15.14075,46.42977],[15.10759,46.4286],[15.09388,46.43693],[15.07279,46.44223],[15.06042,46.44953],[15.05342,46.44527],[15.04804,46.44943],[15.02696,46.45057],[15.02292,46.4537],[15.01875,46.45047],[15.01458,46.4537],[15.00318,46.44943],[14.98971,46.46193],[14.96667,46.4625],[14.96029,46.46193],[14.95418,46.45684],[14.95777,46.45221],[14.9589,46.43871],[14.95196,46.43693],[14.94388,46.42973],[14.91875,46.43703],[14.90918,46.43248],[14.9,46.41667],[14.89388,46.42027],[14.85759,46.4214],[14.84509,46.4161],[14.83125,46.42453],[14.82721,46.4214],[14.80759,46.42027],[14.78971,46.4286],[14.77009,46.42973],[14.76347,46.4246],[14.76159,46.41729],[14.75,46.41667],[14.74548,46.43159],[14.73162,46.44548],[14.72326,46.44965],[14.6875,46.45],[14.68816,46.47002],[14.69903,46.4716],[14.70097,46.4784],[14.71171,46.47996],[14.71312,46.48966],[14.72083,46.50417],[14.70591,46.50452],[14.68159,46.51631],[14.675,46.51667],[14.66464,46.50898],[14.63953,46.50769],[14.63366,46.50352],[14.61639,46.50501],[14.62019,46.51037],[14.62148,46.52297],[14.63398,46.53679],[14.6325,46.54483],[14.61036,46.55064],[14.57714,46.57019],[14.54786,46.57148],[14.51667,46.58333],[14.51179,46.60328],[14.5,46.60833],[14.49938,46.62409],[14.48002,46.63418],[14.47828,46.64096],[14.46862,46.64223],[14.46347,46.64623],[14.46161,46.65346],[14.45089,46.65488],[14.45,46.65833],[14.45065,46.67411],[14.45766,46.67977],[14.46884,46.67856],[14.49946,46.66606],[14.50779,46.66753],[14.51606,46.67699],[14.51744,46.68672],[14.52594,46.68797],[14.53533,46.67977],[14.54583,46.67917],[14.54701,46.67459],[14.55057,46.67795],[14.54583,46.67917],[14.54619,46.69409],[14.54965,46.69758],[14.55035,46.71492],[14.55798,46.72258],[14.5625,46.75417],[14.56993,46.75483],[14.57175,46.76192],[14.58124,46.77037],[14.61446,46.75473],[14.63333,46.75417],[14.63298,46.77326],[14.62918,46.77708],[14.64965,46.79758],[14.65035,46.80171],[14.64585,46.80625],[14.65798,46.81841],[14.65798,46.82326],[14.65035,46.83091],[14.64965,46.85242],[14.64202,46.86424],[14.64131,46.88088],[14.65591,46.89548],[14.6625,46.89583],[14.6714,46.91471],[14.6787,46.92291],[14.6713,46.94375],[14.6754,46.94903],[14.68248,46.95085],[14.68277,46.95638],[14.67877,46.96153],[14.66054,46.97027],[14.64779,46.9714],[14.63529,46.97973],[14.63013,46.98373],[14.62832,46.99082],[14.62168,46.99252],[14.61992,46.99939],[14.59258,47.00061],[14.5838,47.01457],[14.58807,47.03018],[14.5714,47.04779],[14.57083,47.0625],[14.58159,47.06285],[14.58542,47.06665],[14.60174,47.05869],[14.63159,47.05798],[14.64758,47.04619],[14.66076,47.04548],[14.66495,47.04131],[14.67742,47.04202],[14.68125,47.04582],[14.70245,47.03298],[14.70659,47.03369],[14.72258,47.04965],[14.74826,47.05035],[14.76495,47.06285],[14.78576,47.06215],[14.78958,47.05835],[14.80591,47.06631],[14.81492,47.06631],[14.82258,47.05869],[14.84167,47.05833],[14.84167,47.0375],[14.85591,47.02535],[14.87328,47.02465],[14.88333,47.0125],[14.90196,47.00057],[14.96161,46.98679],[14.96335,46.98002],[14.96998,46.97832],[14.9884,46.94231],[15.01862,46.91723],[15.02434,46.91577],[15.025,46.90833],[15.02017,46.88423],[15.00833,46.87917],[15.0089,46.86029],[15.01335,46.85085],[15.01667,46.85],[15.01631,46.83921],[14.99202,46.82326],[14.97535,46.78992],[14.975,46.78333],[14.98333,46.77917],[15.01492,46.77952],[15.01912,46.78369],[15.02742,46.78298],[15.05174,46.76702],[15.075,46.76667],[15.08287,46.75626],[15.0786,46.75075],[15.07973,46.73529],[15.08425,46.72558],[15.09362,46.71723],[15.10775,46.71158],[15.11752,46.69668],[15.12083,46.69583],[15.12119,46.68924],[15.12881,46.68159],[15.13013,46.6754],[15.15377,46.6657],[15.15918,46.65502],[15.16604,46.65326],[15.16667,46.64167],[15.18159,46.64131],[15.18579,46.63715],[15.19826,46.63785],[15.20662,46.64619],[15.21424,46.64202],[15.25659,46.64202],[15.26008,46.64548],[15.28159,46.64619],[15.29412,46.65452],[15.31492,46.64965],[15.31912,46.64548],[15.32674,46.64965],[15.38576,46.65035],[15.38958,46.65415],[15.39412,46.64965],[15.40242,46.65035],[15.40662,46.65452],[15.41492,46.65381],[15.43162,46.64548],[15.44548,46.63159],[15.45,46.61667],[15.45591,46.61285],[15.46909,46.61215],[15.47708,46.60418],[15.49341,46.61631],[15.50833,46.61667],[15.50918,46.61998],[15.51582,46.62168],[15.51631,46.63576],[15.50418,46.65208],[15.51215,46.66424],[15.51285,46.67326],[15.51667,46.67917],[15.52425,46.67443],[15.53554,46.67557],[15.54498,46.68002],[15.54705,46.68807],[15.56054,46.68693],[15.56592,46.68277],[15.57721,46.6839],[15.59375,46.6912],[15.59779,46.68807],[15.61054,46.68693],[15.62425,46.6786],[15.65221,46.67973],[15.66029,46.68693],[15.66667,46.6875],[15.66733,46.68007],[15.68124,46.6713],[15.68542,46.67453],[15.68946,46.6714],[15.70638,46.6714],[15.72842,46.67973],[15.73252,46.67816],[15.73455,46.67027],[15.76909,46.67881],[15.81008,46.65035],[15.83576,46.64965],[15.83924,46.64619],[15.88554,46.64527],[15.89544,46.6407],[15.90085,46.63002],[15.90767,46.62827],[15.9089,46.61446],[15.91752,46.59668],[15.9246,46.59487],[15.93002,46.58418],[15.9371,46.58237],[15.94779,46.56723],[15.95638,46.5661],[15.97279,46.55057],[15.98333,46.54583],[15.98785,46.53508],[15.99965,46.52326],[16.0,46.50833],[16.00759,46.51307],[16.01446,46.5089],[16.04483,46.50773],[16.05114,46.49557],[16.05759,46.50057],[16.06667,46.49583],[16.06758,46.49941],[16.12304,46.50057],[16.14092,46.5089],[16.15741,46.50346],[16.16339,46.49238],[16.18138,46.48693],[16.19073,46.4786],[16.20342,46.4839],[16.21161,46.4826],[16.21667,46.475],[16.23576,46.47465],[16.23958,46.47085],[16.26008,46.48715],[16.2625,46.4875],[16.26324,46.47997],[16.27022,46.47438],[16.27701,46.47855],[16.30633,46.47978],[16.31155,46.4836],[16.31331,46.47154],[16.33133,46.47022],[16.34367,46.45895],[16.35625,46.45473],[16.36129,46.45841],[16.3625,46.45417],[16.36841,46.45798],[16.37917,46.45833],[16.39367,46.45062],[16.4326,46.44086],[16.4286,46.41446],[16.42443,46.40908],[16.42574,46.4009],[16.44082,46.39082],[16.45085,46.37168],[16.46573,46.36193],[16.47832,46.36752],[16.48038,46.37557],[16.48971,46.37443],[16.49509,46.37027],[16.50342,46.37557],[16.54388,46.37443],[16.54792,46.3713],[16.55833,46.375],[16.56424,46.36702],[16.58333,46.36667],[16.5843,46.37006],[16.59792,46.37444],[16.61034,46.36728],[16.65216,46.36605],[16.65786,46.36188],[16.66588,46.36334],[16.66767,46.37562],[16.67819,46.37425],[16.68009,46.36759],[16.68951,46.36312],[16.72299,46.36188],[16.73549,46.35772],[16.76079,46.34131],[16.7875,46.35],[16.78842,46.34643],[16.8125,46.34583],[16.81341,46.34229],[16.83554,46.3411],[16.84388,46.33693],[16.85612,46.32557],[16.86192,46.32408],[16.87464,46.30588],[16.86909,46.30035],[16.85171,46.29548],[16.83333,46.26667],[16.8259,46.26601],[16.82412,46.25907],[16.81592,46.25777],[16.81054,46.26193],[16.76667,46.2625],[16.73718,46.25352],[16.72451,46.25898],[16.71741,46.25342],[16.71593,46.23411],[16.67584,46.22845],[16.67436,46.2187],[16.66149,46.2008],[16.6312,46.19519],[16.62468,46.19102],[16.6188,46.19519],[16.5937,46.19648],[16.57884,46.20064],[16.56376,46.19169],[16.56154,46.1843],[16.55066,46.17827],[16.55,46.17083],[16.53508,46.17119],[16.52742,46.17881],[16.52083,46.17917],[16.51752,46.17832],[16.51582,46.17168],[16.50638,46.16723],[16.4759,46.16184],[16.47426,46.1508],[16.46283,46.14914],[16.45717,46.13761],[16.45047,46.13272],[16.43951,46.13395],[16.4338,46.13812],[16.42284,46.13688],[16.4088,46.12855],[16.3963,46.13395],[16.38133,46.12562],[16.3625,46.12083],[16.35794,46.1282],[16.35085,46.13002],[16.34487,46.14101],[16.32692,46.14114],[16.31554,46.13697],[16.30076,46.15096],[16.2922,46.16442],[16.29114,46.17308],[16.27199,46.19636],[16.26667,46.19167],[16.25808,46.19079],[16.2625,46.17917],[16.24758,46.17881],[16.23125,46.17085],[16.22742,46.17465],[16.21495,46.17535],[16.21076,46.17119],[16.19829,46.17048],[16.19409,46.17465],[16.16841,46.17535],[16.16492,46.17881],[16.15174,46.17881],[16.14792,46.17501],[16.14409,46.17881],[16.10833,46.17917],[16.10767,46.1866],[16.08971,46.19527],[16.07425,46.1964],[16.06888,46.19223],[16.00203,46.18686],[15.99665,46.18304],[15.99506,46.16739],[15.97468,46.16602],[15.9688,46.17019],[15.95833,46.17083],[15.95748,46.17415],[15.94804,46.1786],[15.93946,46.17973],[15.93138,46.18693],[15.91757,46.18816],[15.9089,46.20196],[15.90777,46.21054],[15.8964,46.22279],[15.89527,46.24388],[15.88807,46.25196],[15.8875,46.2625],[15.87009,46.2536],[15.86347,46.25873],[15.86159,46.26604],[15.84092,46.26723],[15.83554,46.26307],[15.80612,46.26193],[15.80221,46.2589],[15.78508,46.25798],[15.78159,46.25452],[15.76667,46.25417],[15.75242,46.26631],[15.73995,46.26215],[15.73576,46.26631],[15.72258,46.26702],[15.71909,46.27048],[15.69829,46.27119],[15.69375,46.26668],[15.67917,46.275]]]},"properties":{"hybas_id":"2060523720","pfaf_id":"227805","sub_area":"6543.8","up_area":"16868.0","next_down":"2060535610","main_bas":"2060008490","kind":"basin","source":"local-hydrobasins"}},{"type":"Feature","geometry":{"type":"Polygon","coordinates":[[[13.32917,47.15],[13.32917,47.15417],[13.32083,47.1625],[13.33298,47.17254],[13.33785,47.18576],[13.37083,47.21667],[13.37674,47.21285],[13.40242,47.21285],[13.41008,47.22048],[13.43159,47.22119],[13.43579,47.22535],[13.44341,47.22119],[13.46667,47.22083],[13.47083,47.22917],[13.49797,47.22981],[13.50449,47.23398],[13.51042,47.22977],[13.5312,47.23686],[13.55213,47.23814],[13.55741,47.24189],[13.55898,47.25214],[13.56325,47.25759],[13.58256,47.25907],[13.58407,47.2742],[13.59383,47.27562],[13.60833,47.28333],[13.62326,47.27881],[13.63162,47.27048],[13.64167,47.275],[13.67742,47.27465],[13.68508,47.26702],[13.68996,47.26631],[13.69583,47.25833],[13.71589,47.25902],[13.71741,47.27397],[13.74134,47.28398],[13.74984,47.28233],[13.75522,47.26602],[13.76463,47.26731],[13.78654,47.28013],[13.78876,47.28752],[13.7937,47.29102],[13.82083,47.29583],[13.825,47.29167],[13.82119,47.27671],[13.83091,47.26702],[13.83992,47.26631],[13.86667,47.25],[13.878,47.2587],[13.87917,47.25417],[13.88971,47.25473],[13.89509,47.2589],[13.9116,47.25769],[13.91347,47.2504],[13.91875,47.2463],[13.93946,47.2536],[13.95321,47.25482],[13.95918,47.26582],[13.97083,47.27083],[13.97674,47.26702],[14.00659,47.26631],[14.01008,47.26285],[14.01667,47.2625],[14.01702,47.26912],[14.02674,47.27881],[14.03576,47.27952],[14.04829,47.28785],[14.07258,47.27119],[14.08576,47.27048],[14.09829,47.26215],[14.10242,47.26285],[14.10591,47.26631],[14.1125,47.26667],[14.11667,47.27917],[14.12326,47.27952],[14.13715,47.28921],[14.1375,47.3],[14.14909,47.29938],[14.15,47.29583],[14.15417,47.29583],[14.16492,47.30035],[14.17258,47.30798],[14.19826,47.30869],[14.21841,47.32465],[14.22917,47.32917],[14.22465,47.33921],[14.22881,47.34341],[14.22952,47.36492],[14.23333,47.37083],[14.23992,47.37119],[14.26424,47.38298],[14.28159,47.38369],[14.29826,47.39202],[14.30591,47.39965],[14.32326,47.40035],[14.33091,47.40798],[14.34826,47.40869],[14.36424,47.42048],[14.38243,47.42149],[14.38424,47.42852],[14.39779,47.4411],[14.40417,47.44167],[14.40502,47.43835],[14.41446,47.4339],[14.43138,47.43277],[14.44362,47.4214],[14.45612,47.41723],[14.48138,47.4161],[14.51029,47.39223],[14.5408,47.39106],[14.53835,47.36752],[14.54804,47.3661],[14.55342,47.36193],[14.56042,47.3662],[14.56592,47.36193],[14.58243,47.36314],[14.58425,47.37025],[14.59362,47.3786],[14.61054,47.37973],[14.61667,47.38333],[14.60833,47.39583],[14.60001,47.4015],[14.6036,47.40612],[14.60473,47.42721],[14.61331,47.44483],[14.61741,47.4464],[14.62292,47.44214],[14.62708,47.44536],[14.64362,47.43807],[14.65502,47.43693],[14.66187,47.44265],[14.66307,47.46054],[14.67565,47.4741],[14.68248,47.47585],[14.6875,47.4875],[14.72991,47.49223],[14.73825,47.48693],[14.75075,47.49223],[14.75908,47.48693],[14.76741,47.49223],[14.78946,47.4839],[14.81325,47.48277],[14.82415,47.48835],[14.825,47.49167],[14.84495,47.48679],[14.84583,47.48333],[14.85174,47.48715],[14.87326,47.48785],[14.87745,47.49202],[14.88576,47.49131],[14.88995,47.48715],[14.89758,47.49131],[14.91076,47.49202],[14.91424,47.49548],[14.92745,47.49619],[14.93298,47.50174],[14.93369,47.51079],[14.94412,47.51702],[14.95591,47.53298],[14.96492,47.53369],[14.97917,47.54167],[14.97952,47.54826],[14.98332,47.55208],[14.97952,47.55591],[14.97881,47.56492],[14.97083,47.575],[14.98091,47.58715],[14.99826,47.58785],[15.01909,47.59619],[15.02674,47.60381],[15.04409,47.60452],[15.04792,47.60832],[15.05174,47.60452],[15.08159,47.60452],[15.08995,47.61285],[15.09826,47.61215],[15.10208,47.60835],[15.10591,47.61215],[15.11909,47.61285],[15.12258,47.61631],[15.16492,47.62119],[15.17328,47.62952],[15.18159,47.62881],[15.18579,47.62465],[15.20242,47.62535],[15.20591,47.62881],[15.21909,47.62952],[15.22258,47.63298],[15.24409,47.63369],[15.25591,47.64131],[15.27083,47.64167],[15.27745,47.64131],[15.28298,47.63576],[15.28369,47.62671],[15.28924,47.62119],[15.29915,47.61998],[15.30085,47.61335],[15.3125,47.60833],[15.31596,47.60922],[15.31737,47.6199],[15.32696,47.6286],[15.37721,47.62973],[15.38971,47.6339],[15.4125,47.65],[15.40387,47.66139],[15.38843,47.66759],[15.38657,47.67407],[15.37988,47.67599],[15.37855,47.69067],[15.38966,47.69228],[15.39467,47.69595],[15.39681,47.7034],[15.40633,47.70478],[15.41312,47.71297],[15.40822,47.71967],[15.40077,47.7218],[15.39583,47.7375],[15.42297,47.74231],[15.43953,47.75352],[15.48266,47.75912],[15.48333,47.79167],[15.48924,47.79548],[15.50242,47.79548],[15.50625,47.79168],[15.51495,47.80035],[15.52742,47.79965],[15.54412,47.78715],[15.56909,47.78785],[15.58091,47.79548],[15.6,47.79583],[15.61446,47.77973],[15.6211,47.77803],[15.6088,47.75625],[15.61723,47.73946],[15.6286,47.72721],[15.62983,47.7134],[15.63992,47.71285],[15.65208,47.72082],[15.69412,47.68715],[15.70417,47.69167],[15.70502,47.68835],[15.71192,47.68658],[15.72973,47.66344],[15.725,47.64583],[15.74583,47.64167],[15.74705,47.63693],[15.76471,47.63807],[15.77009,47.64223],[15.824,47.6369],[15.83002,47.62585],[15.84792,47.61714],[15.85342,47.6214],[15.85769,47.61976],[15.85798,47.60591],[15.84619,47.58992],[15.84462,47.56193],[15.82696,47.56307],[15.80208,47.5787],[15.78842,47.5743],[15.78243,47.56316],[15.76862,47.56193],[15.75638,47.55473],[15.7375,47.55],[15.73159,47.54202],[15.72674,47.54131],[15.71909,47.53369],[15.70174,47.52881],[15.69409,47.52119],[15.66841,47.51631],[15.65171,47.50798],[15.64548,47.50171],[15.64619,47.48091],[15.64999,47.47708],[15.64583,47.47083],[15.60833,47.46667],[15.59668,47.46165],[15.59527,47.45612],[15.5839,47.44388],[15.58277,47.43675],[15.58693,47.43138],[15.58807,47.42205],[15.58002,47.41998],[15.57401,47.40895],[15.5375,47.40417],[15.53298,47.39755],[15.53369,47.38091],[15.53785,47.37671],[15.53333,47.35833],[15.51862,47.35777],[15.50505,47.35346],[15.50327,47.34649],[15.48946,47.34527],[15.48138,47.33807],[15.46667,47.3375],[15.44388,47.31307],[15.43835,47.31165],[15.43661,47.30488],[15.42696,47.3036],[15.41888,47.2964],[15.41193,47.29462],[15.4161,47.28554],[15.41667,47.25833],[15.42832,47.25332],[15.43002,47.24668],[15.4371,47.24487],[15.44223,47.23825],[15.43724,47.22614],[15.44544,47.22403],[15.4509,47.21315],[15.46667,47.2],[15.46577,47.19649],[15.45096,47.19518],[15.4464,47.18971],[15.44644,47.1676],[15.451,47.16618],[15.45739,47.17136],[15.47725,47.1703],[15.49775,47.1547],[15.51571,47.14924],[15.52593,47.13426],[15.53256,47.13236],[15.53419,47.12116],[15.54645,47.1153],[15.5414,47.10512],[15.55384,47.10331],[15.5597,47.09105],[15.56941,47.09575],[15.59105,47.07299],[15.59167,47.06667],[15.60417,47.05417],[15.6125,47.05417],[15.6125,47.04583],[15.61596,47.04495],[15.62168,47.02585],[15.64078,47.02012],[15.64527,47.01054],[15.64583,46.99167],[15.65,46.9875],[15.66446,46.97973],[15.69067,46.97856],[15.69668,46.96752],[15.71909,46.96631],[15.72917,46.95833],[15.72952,46.95174],[15.74131,46.93576],[15.74167,46.92917],[15.75659,46.92952],[15.76042,46.93332],[15.76495,46.92881],[15.78159,46.92952],[15.78579,46.93369],[15.79412,46.92881],[15.80659,46.92952],[15.81458,46.93749],[15.82674,46.92535],[15.83576,46.92465],[15.84792,46.91668],[15.85417,46.92083],[15.86998,46.91582],[15.875,46.90417],[15.88966,46.90478],[15.89536,46.90895],[15.91181,46.90336],[15.9125,46.89167],[15.91909,46.89202],[15.92292,46.89582],[15.92708,46.89168],[15.93091,46.89548],[15.9375,46.89583],[15.93871,46.90057],[15.95221,46.89943],[15.96156,46.8911],[15.98138,46.89223],[15.9875,46.89583],[15.98835,46.89252],[15.99779,46.88807],[16.01054,46.88693],[16.01592,46.88277],[16.02425,46.88807],[16.03112,46.8839],[16.04388,46.88277],[16.06029,46.86723],[16.06693,46.86553],[16.06193,46.85908],[16.06875,46.85047],[16.09068,46.86723],[16.09925,46.86193],[16.11156,46.8714],[16.11994,46.8701],[16.12585,46.85918],[16.13159,46.85798],[16.13924,46.85035],[16.15659,46.85035],[16.16841,46.85798],[16.18576,46.86285],[16.19341,46.87048],[16.22742,46.87119],[16.23508,46.87881],[16.24375,46.87501],[16.24829,46.87952],[16.26078,46.87048],[16.26875,46.87499],[16.27329,46.87048],[16.28091,46.87465],[16.3,46.875],[16.30066,46.86757],[16.30794,46.8657],[16.3134,46.85481],[16.32696,46.84223],[16.33958,46.83797],[16.35208,46.84536],[16.37279,46.8339],[16.38971,46.83277],[16.39915,46.82832],[16.4,46.825],[16.40759,46.82973],[16.42304,46.8286],[16.44925,46.8161],[16.49388,46.8214],[16.49792,46.82453],[16.50196,46.8214],[16.52409,46.82021],[16.52597,46.8129],[16.53259,46.80777],[16.54079,46.80907],[16.54252,46.81582],[16.55208,46.82036],[16.55759,46.8161],[16.57304,46.81723],[16.57917,46.82083],[16.58005,46.81738],[16.58971,46.8161],[16.60612,46.80057],[16.61165,46.79915],[16.61371,46.7911],[16.63554,46.79223],[16.64804,46.7964],[16.65833,46.80417],[16.65869,46.81912],[16.66667,46.825],[16.66667,46.82083],[16.68133,46.82022],[16.69074,46.81574],[16.69259,46.80926],[16.71203,46.79938],[16.72299,46.80062],[16.73958,46.81194],[16.75337,46.80754],[16.75493,46.79681],[16.76157,46.79491],[16.76343,46.78843],[16.77054,46.78639],[16.78017,46.7715],[16.80733,46.77017],[16.80417,46.7375],[16.80762,46.73661],[16.80904,46.72589],[16.81627,46.72403],[16.82027,46.71888],[16.82557,46.70491],[16.82443,46.66446],[16.81714,46.65208],[16.8214,46.64658],[16.81743,46.62595],[16.82398,46.6203],[16.83239,46.62553],[16.84489,46.6203],[16.85225,46.62136],[16.86554,46.63386],[16.87006,46.63244],[16.87083,46.62083],[16.88661,46.62571],[16.88835,46.63248],[16.89167,46.63333],[16.90381,46.61909],[16.90925,46.57561],[16.95417,46.57083],[16.95452,46.58576],[16.95832,46.58958],[16.95452,46.59341],[16.95381,46.62255],[16.95832,46.62708],[16.95418,46.63125],[16.95798,46.63508],[16.95869,46.65171],[16.95418,46.65625],[16.95798,46.66008],[16.95869,46.68576],[16.96215,46.68924],[16.96285,46.73576],[16.96631,46.73924],[16.97119,46.77255],[16.96702,46.77674],[16.96631,46.78505],[16.97048,46.78924],[16.97083,46.79583],[16.99409,46.79548],[17.00625,46.78751],[17.01079,46.79202],[17.02326,46.79131],[17.03508,46.77952],[17.05,46.775],[17.04583,46.77083],[17.0464,46.75196],[17.04953,46.74792],[17.0464,46.74388],[17.04527,46.71446],[17.03679,46.68422],[17.02977,46.68242],[17.02917,46.66667],[17.01702,46.65662],[17.01631,46.64828],[17.02881,46.63576],[17.02952,46.61912],[17.02535,46.61492],[17.02465,46.60662],[17.02881,46.60242],[17.03333,46.57917],[17.06163,46.57852],[17.06611,46.57291],[17.05473,46.55625],[17.06312,46.53951],[17.07562,46.52581],[17.07022,46.48951],[17.06306,46.47292],[17.06611,46.46875],[17.05772,46.45464],[17.05905,46.43832],[17.06459,46.43389],[17.07426,46.44228],[17.07933,46.44012],[17.08272,46.43549],[17.08407,46.42164],[17.0955,46.41997],[17.09938,46.41466],[17.10355,46.40633],[17.10507,46.38816],[17.1125,46.3875],[17.11215,46.37674],[17.10833,46.37083],[17.09758,46.37048],[17.08958,46.36251],[17.08576,46.36631],[17.07917,46.36667],[17.07821,46.37003],[17.07036,46.37145],[17.06458,46.36723],[17.05553,46.37145],[17.05319,46.36327],[17.04234,46.36169],[17.04105,46.33534],[17.03739,46.33033],[17.01203,46.32022],[16.99919,46.33395],[16.98442,46.32047],[16.975,46.30417],[16.95488,46.30318],[16.95343,46.2883],[16.92453,46.27855],[16.91034,46.28395],[16.90111,46.29196],[16.89938,46.29799],[16.88609,46.31243],[16.87917,46.30833],[16.87083,46.30833],[16.87027,46.31471],[16.86192,46.32408],[16.83554,46.3411],[16.81341,46.34229],[16.8125,46.34583],[16.78842,46.34643],[16.7875,46.35],[16.76079,46.34131],[16.73549,46.35772],[16.72299,46.36188],[16.68951,46.36312],[16.68009,46.36759],[16.67819,46.37425],[16.66767,46.37562],[16.66588,46.36334],[16.65786,46.36188],[16.65216,46.36605],[16.61034,46.36728],[16.59792,46.37444],[16.5843,46.37006],[16.58333,46.36667],[16.56424,46.36702],[16.55833,46.375],[16.54792,46.3713],[16.54388,46.37443],[16.50342,46.37557],[16.49509,46.37027],[16.48971,46.37443],[16.48038,46.37557],[16.47832,46.36752],[16.46573,46.36193],[16.45085,46.37168],[16.44082,46.39082],[16.42574,46.4009],[16.42443,46.40908],[16.4286,46.41446],[16.4326,46.44086],[16.39367,46.45062],[16.37917,46.45833],[16.36841,46.45798],[16.3625,46.45417],[16.36129,46.45841],[16.35625,46.45473],[16.34367,46.45895],[16.33133,46.47022],[16.31331,46.47154],[16.31155,46.4836],[16.30633,46.47978],[16.27701,46.47855],[16.27022,46.47438],[16.26324,46.47997],[16.2625,46.4875],[16.26008,46.48715],[16.23958,46.47085],[16.23576,46.47465],[16.21667,46.475],[16.21161,46.4826],[16.20342,46.4839],[16.19073,46.4786],[16.18138,46.48693],[16.16339,46.49238],[16.15741,46.50346],[16.14092,46.5089],[16.12304,46.50057],[16.06758,46.49941],[16.06667,46.49583],[16.05759,46.50057],[16.05114,46.49557],[16.04483,46.50773],[16.01446,46.5089],[16.00759,46.51307],[16.0,46.50833],[15.99965,46.52326],[15.98785,46.53508],[15.98333,46.54583],[15.97279,46.55057],[15.95638,46.5661],[15.94779,46.56723],[15.9371,46.58237],[15.93002,46.58418],[15.9246,46.59487],[15.91752,46.59668],[15.9089,46.61446],[15.90767,46.62827],[15.90085,46.63002],[15.89544,46.6407],[15.88554,46.64527],[15.83924,46.64619],[15.83576,46.64965],[15.81008,46.65035],[15.76909,46.67881],[15.73455,46.67027],[15.73252,46.67816],[15.72842,46.67973],[15.70638,46.6714],[15.68946,46.6714],[15.68542,46.67453],[15.68124,46.6713],[15.66733,46.68007],[15.66667,46.6875],[15.66029,46.68693],[15.65221,46.67973],[15.62425,46.6786],[15.61054,46.68693],[15.59779,46.68807],[15.59375,46.6912],[15.57721,46.6839],[15.56592,46.68277],[15.56054,46.68693],[15.54705,46.68807],[15.54498,46.68002],[15.53554,46.67557],[15.52425,46.67443],[15.51667,46.67917],[15.51285,46.67326],[15.51215,46.66424],[15.50418,46.65208],[15.51631,46.63576],[15.51582,46.62168],[15.50918,46.61998],[15.50833,46.61667],[15.49341,46.61631],[15.47708,46.60418],[15.46909,46.61215],[15.45591,46.61285],[15.45,46.61667],[15.44548,46.63159],[15.43162,46.64548],[15.41492,46.65381],[15.40662,46.65452],[15.40242,46.65035],[15.39412,46.64965],[15.38958,46.65415],[15.38576,46.65035],[15.32674,46.64965],[15.31912,46.64548],[15.31492,46.64965],[15.29412,46.65452],[15.28159,46.64619],[15.26008,46.64548],[15.25659,46.64202],[15.21424,46.64202],[15.20662,46.64619],[15.19826,46.63785],[15.18579,46.63715],[15.18159,46.64131],[15.16667,46.64167],[15.16604,46.65326],[15.15918,46.65502],[15.15377,46.6657],[15.13013,46.6754],[15.12881,46.68159],[15.12119,46.68924],[15.12083,46.69583],[15.11752,46.69668],[15.10775,46.71158],[15.09362,46.71723],[15.08425,46.72558],[15.07973,46.73529],[15.0786,46.75075],[15.08287,46.75626],[15.075,46.76667],[15.05174,46.76702],[15.02742,46.78298],[15.01912,46.78369],[15.01492,46.77952],[14.98333,46.77917],[14.975,46.78333],[14.97535,46.78992],[14.99202,46.82326],[15.01631,46.83921],[15.01667,46.85],[15.01335,46.85085],[15.0089,46.86029],[15.00833,46.87917],[15.02017,46.88423],[15.02434,46.91577],[15.01862,46.91723],[14.9884,46.94231],[14.96998,46.97832],[14.96335,46.98002],[14.96161,46.98679],[14.90196,47.00057],[14.88333,47.0125],[14.87328,47.02465],[14.85591,47.02535],[14.84167,47.0375],[14.84167,47.05833],[14.82258,47.05869],[14.81492,47.06631],[14.80591,47.06631],[14.78958,47.05835],[14.78576,47.06215],[14.76495,47.06285],[14.74826,47.05035],[14.72258,47.04965],[14.70659,47.03369],[14.70245,47.03298],[14.68125,47.04582],[14.67742,47.04202],[14.66495,47.04131],[14.66076,47.04548],[14.64758,47.04619],[14.63159,47.05798],[14.60174,47.05869],[14.58542,47.06665],[14.58159,47.06285],[14.56841,47.06285],[14.55085,47.07585],[14.54512,47.10745],[14.51841,47.10869],[14.51458,47.11249],[14.50242,47.10035],[14.49829,47.09965],[14.49409,47.10381],[14.47258,47.10452],[14.46909,47.10798],[14.43924,47.10869],[14.42742,47.11631],[14.40591,47.12119],[14.39583,47.12917],[14.38554,47.11723],[14.37956,47.1157],[14.36993,47.09649],[14.35612,47.09527],[14.34623,47.0907],[14.3411,47.08408],[14.34536,47.07708],[14.32963,47.05209],[14.33277,47.04804],[14.33333,47.03333],[14.31008,47.03298],[14.30659,47.02952],[14.26495,47.02881],[14.25,47.0375],[14.23576,47.02535],[14.22917,47.025],[14.21446,47.02557],[14.20638,47.03277],[14.18971,47.03693],[14.16788,47.03807],[14.16579,47.0299],[14.15732,47.0286],[14.13971,47.04527],[14.12258,47.04548],[14.08508,47.02881],[14.07952,47.02329],[14.0827,47.01993],[14.0839,47.00196],[14.09223,46.98825],[14.09093,46.98006],[14.0504,46.96153],[14.04583,46.95],[14.03836,46.9455],[14.03671,46.93413],[14.02701,46.93272],[14.01466,46.92145],[14.00216,46.91728],[13.95591,46.91702],[13.95242,46.92048],[13.94583,46.92083],[13.94487,46.91706],[13.92991,46.90777],[13.91741,46.91307],[13.91029,46.91193],[13.90208,46.90462],[13.88435,46.9214],[13.85505,46.91596],[13.85295,46.90777],[13.82696,46.91307],[13.79804,46.93277],[13.78418,46.93835],[13.78333,46.94167],[13.79167,46.94167],[13.8,46.95417],[13.79965,46.97326],[13.79619,46.97674],[13.79548,46.98576],[13.78579,46.99548],[13.76714,46.98272],[13.76034,46.98395],[13.74793,46.99528],[13.73125,46.98806],[13.71451,46.99228],[13.68958,47.00777],[13.6838,47.00355],[13.65355,47.00933],[13.66574,47.01759],[13.66783,47.02489],[13.67845,47.03015],[13.67917,47.0375],[13.66888,47.0411],[13.64674,47.04229],[13.64075,47.05772],[13.61175,47.0589],[13.60638,47.05473],[13.59705,47.0536],[13.59583,47.05833],[13.58971,47.05473],[13.57425,47.0536],[13.56888,47.05777],[13.54779,47.0589],[13.52304,47.07027],[13.50196,47.0714],[13.47721,47.0786],[13.43529,47.07973],[13.43125,47.08286],[13.40918,47.06998],[13.40833,47.06667],[13.38924,47.07119],[13.37952,47.08088],[13.37881,47.08992],[13.37329,47.09548],[13.35417,47.1],[13.35,47.1125],[13.33333,47.12707],[13.33715,47.13091],[13.3375,47.14583],[13.33002,47.14668],[13.32917,47.15]]]},"properties":{"hybas_id":"2060523590","pfaf_id":"227804","sub_area":"14045.9","up_area":"14046.0","next_down":"2060535610","main_bas":"2060008490","kind":"basin","source":"local-hydrobasins"}},{"type":"Feature","geometry":{"type":"Polygon","coordinates":[[[16.80833,46.03333],[16.8125,46.02917],[16.82742,46.02881],[16.84758,46.01702],[16.86076,46.01631],[16.86424,46.01285],[16.88576,46.00798],[16.9,46.0],[16.9,45.99167],[16.92304,45.9911],[16.92842,45.98693],[16.94073,45.9964],[16.95638,45.99527],[16.96998,45.98665],[16.97173,45.97983],[16.9866,45.97851],[16.99619,45.96838],[16.99548,45.95174],[16.99168,45.94792],[16.99582,45.94375],[16.98751,45.93125],[16.99131,45.92742],[16.99167,45.92083],[16.99758,45.91702],[17.00743,45.91733],[17.00918,45.92415],[17.01862,45.9286],[17.02917,45.92917],[17.03013,45.9254],[17.04791,45.91296],[17.05342,45.91723],[17.06471,45.9161],[17.08112,45.90473],[17.09909,45.90353],[17.10513,45.8879],[17.11029,45.8839],[17.12721,45.88277],[17.14362,45.87557],[17.16054,45.87443],[17.16998,45.86998],[17.17175,45.86311],[17.1875,45.8625],[17.19131,45.85659],[17.19167,45.84167],[17.20612,45.8339],[17.21888,45.83277],[17.23957,45.81713],[17.2447,45.8211],[17.24674,45.81312],[17.27917,45.80833],[17.28002,45.78002],[17.28665,45.77832],[17.28839,45.77154],[17.30208,45.76714],[17.30759,45.7714],[17.31577,45.7701],[17.3214,45.76335],[17.3161,45.75491],[17.32425,45.74527],[17.33655,45.7465],[17.34792,45.76203],[17.36667,45.75417],[17.37674,45.76215],[17.38333,45.7625],[17.38418,45.76582],[17.41049,45.76728],[17.4162,45.77145],[17.4201,45.76962],[17.42165,45.75899],[17.44167,45.75833],[17.45057,45.73529],[17.4629,45.722],[17.45475,45.71991],[17.44498,45.70502],[17.43811,45.70326],[17.43693,45.67696],[17.43277,45.67158],[17.43439,45.66735],[17.45377,45.66153],[17.4589,45.65491],[17.4576,45.64673],[17.44668,45.64082],[17.43807,45.62721],[17.4339,45.61888],[17.43333,45.60417],[17.42083,45.60417],[17.4214,45.58946],[17.42597,45.57956],[17.43259,45.57443],[17.44388,45.57557],[17.44925,45.57973],[17.46054,45.5786],[17.46862,45.5714],[17.48243,45.57017],[17.48418,45.56335],[17.4875,45.5625],[17.4838,45.55625],[17.48807,45.55075],[17.48683,45.5384],[17.48243,45.53399],[17.45612,45.5286],[17.44252,45.51998],[17.44045,45.51193],[17.42696,45.51307],[17.42292,45.5162],[17.41888,45.51307],[17.40833,45.5125],[17.40477,45.49792],[17.40898,45.49199],[17.39874,45.46664],[17.38355,45.46158],[17.37564,45.44797],[17.37436,45.43953],[17.36186,45.42571],[17.36325,45.40904],[17.38963,45.40769],[17.40315,45.40337],[17.40417,45.39583],[17.39167,45.39583],[17.39078,45.39238],[17.36862,45.38693],[17.36325,45.38277],[17.35196,45.3839],[17.34658,45.38807],[17.33333,45.38333],[17.32746,45.39131],[17.32258,45.39202],[17.31492,45.39965],[17.30833,45.4],[17.29923,45.41595],[17.25145,45.42148],[17.24904,45.41346],[17.24241,45.41147],[17.2409,45.3966],[17.22703,45.39519],[17.2221,45.39169],[17.21669,45.38043],[17.20213,45.37148],[17.19583,45.37083],[17.18946,45.3714],[17.16888,45.3911],[17.14509,45.39223],[17.13957,45.38796],[17.12721,45.39943],[17.10196,45.4089],[17.08959,45.42037],[17.07197,45.41224],[17.06995,45.42012],[17.06029,45.4214],[17.04804,45.4286],[17.04092,45.42973],[17.03554,45.42557],[17.02425,45.42443],[17.01888,45.4286],[17.00417,45.42917],[17.00332,45.42585],[16.99668,45.42415],[16.99075,45.40893],[16.95196,45.40777],[16.92721,45.40057],[16.89167,45.4],[16.88785,45.39409],[16.88715,45.37258],[16.88333,45.36667],[16.86909,45.35869],[16.86079,45.35798],[16.84826,45.36631],[16.82674,45.36702],[16.82326,45.37048],[16.81424,45.37119],[16.79792,45.38332],[16.78992,45.37535],[16.775,45.37083],[16.77119,45.36492],[16.77083,45.35833],[16.77742,45.35798],[16.78924,45.34619],[16.81176,45.34089],[16.81324,45.32158],[16.84937,45.29102],[16.88547,45.29231],[16.90292,45.29998],[16.90417,45.29583],[16.9007,45.29494],[16.89943,45.28455],[16.90748,45.28248],[16.9125,45.27083],[16.9125,45.2625],[16.90638,45.2589],[16.88112,45.25777],[16.85505,45.24929],[16.85417,45.24583],[16.84359,45.24636],[16.83975,45.24947],[16.81142,45.25053],[16.80225,45.2422],[16.79906,45.24114],[16.79073,45.24636],[16.78433,45.24118],[16.77978,45.2426],[16.77917,45.25],[16.76634,45.24519],[16.75101,45.2508],[16.74504,45.26982],[16.72884,45.27564],[16.72297,45.27148],[16.70494,45.27009],[16.70352,45.2562],[16.69904,45.2468],[16.67921,45.23621],[16.68333,45.225],[16.63946,45.22557],[16.61888,45.2411],[16.56862,45.24223],[16.56054,45.24943],[16.55089,45.25071],[16.55,45.25417],[16.54263,45.2496],[16.54082,45.24252],[16.53138,45.23807],[16.50174,45.23715],[16.48091,45.22881],[16.46492,45.21702],[16.46078,45.21631],[16.45242,45.22465],[16.43508,45.22535],[16.42292,45.23332],[16.41076,45.22535],[16.4,45.225],[16.38959,45.23287],[16.38554,45.22973],[16.36029,45.2286],[16.35221,45.2214],[16.34509,45.22027],[16.33235,45.22557],[16.31888,45.21307],[16.30221,45.20473],[16.29255,45.20346],[16.29167,45.2],[16.28418,45.20085],[16.28807,45.21888],[16.29668,45.23248],[16.30353,45.23424],[16.30473,45.25221],[16.3161,45.26446],[16.31723,45.27721],[16.3286,45.28946],[16.32973,45.30638],[16.33373,45.31153],[16.34107,45.31342],[16.34167,45.33333],[16.33816,45.33423],[16.3375,45.34167],[16.35221,45.34223],[16.35737,45.34623],[16.36335,45.36165],[16.38138,45.3714],[16.38807,45.37991],[16.37463,45.39884],[16.38273,45.40091],[16.3839,45.43138],[16.38807,45.4426],[16.37973,45.45196],[16.37917,45.4625],[16.38715,45.46838],[16.3875,45.475],[16.39167,45.475],[16.39255,45.47846],[16.40221,45.47973],[16.42279,45.4911],[16.44082,45.49252],[16.44257,45.49934],[16.45638,45.50057],[16.46188,45.50516],[16.46312,45.52826],[16.47381,45.53356],[16.47557,45.53844],[16.46723,45.54779],[16.46667,45.55417],[16.45932,45.55488],[16.45736,45.56173],[16.44283,45.56678],[16.44074,45.57407],[16.42299,45.58688],[16.39669,45.59616],[16.39504,45.60754],[16.38413,45.60913],[16.37562,45.63534],[16.375,45.65],[16.35638,45.65777],[16.33259,45.6589],[16.32708,45.65464],[16.31339,45.65904],[16.31165,45.66582],[16.30097,45.67123],[16.29223,45.68529],[16.2911,45.69388],[16.2839,45.70196],[16.28277,45.71349],[16.29527,45.72696],[16.2964,45.74804],[16.30439,45.75701],[16.30332,45.76179],[16.29255,45.76321],[16.2839,45.77696],[16.28267,45.79077],[16.26667,45.8],[16.26604,45.81159],[16.23422,45.82154],[16.23333,45.825],[16.21424,45.82535],[16.21076,45.82881],[16.17674,45.82952],[16.15242,45.84131],[16.13091,45.84202],[16.12742,45.84548],[16.12083,45.84583],[16.12557,45.88825],[16.1214,45.89362],[16.12027,45.90638],[16.1161,45.91471],[16.11158,45.92013],[16.10196,45.9214],[16.08959,45.93287],[16.08554,45.92973],[16.07009,45.9286],[16.06471,45.93277],[16.05505,45.93404],[16.05494,45.94506],[16.07917,45.95],[16.08032,45.94552],[16.0868,45.95092],[16.08821,45.96161],[16.09498,45.96335],[16.09583,45.96667],[16.11471,45.96723],[16.11875,45.97036],[16.13432,45.96193],[16.15075,45.97557],[16.15927,45.97027],[16.16862,45.9786],[16.18665,45.98418],[16.1875,45.9875],[16.20417,45.99583],[16.21723,46.02158],[16.20777,46.04265],[16.22037,46.05624],[16.21297,46.07708],[16.22027,46.08946],[16.2214,46.10491],[16.21713,46.11043],[16.22558,46.11991],[16.23248,46.12168],[16.2379,46.13237],[16.26604,46.14258],[16.26723,46.16471],[16.2714,46.17158],[16.2625,46.17917],[16.25808,46.19079],[16.26667,46.19167],[16.27199,46.19636],[16.29114,46.17308],[16.2922,46.16442],[16.30076,46.15096],[16.31554,46.13697],[16.32692,46.14114],[16.34487,46.14101],[16.35085,46.13002],[16.35794,46.1282],[16.3625,46.12083],[16.38133,46.12562],[16.3963,46.13395],[16.4088,46.12855],[16.42284,46.13688],[16.4338,46.13812],[16.43951,46.13395],[16.45047,46.13272],[16.45717,46.13761],[16.46283,46.14914],[16.47426,46.1508],[16.4759,46.16184],[16.50638,46.16723],[16.51582,46.17168],[16.51752,46.17832],[16.52742,46.17881],[16.53508,46.17119],[16.55,46.17083],[16.55591,46.16285],[16.56424,46.15869],[16.58579,46.15381],[16.59965,46.13992],[16.60057,46.12696],[16.60513,46.11706],[16.64082,46.10332],[16.64263,46.09623],[16.64779,46.09223],[16.66576,46.09103],[16.66667,46.0875],[16.68159,46.08715],[16.68542,46.08335],[16.68924,46.08715],[16.70659,46.08785],[16.71008,46.09131],[16.71909,46.09202],[16.73162,46.10035],[16.73992,46.09965],[16.75245,46.09131],[16.76492,46.09202],[16.76875,46.09582],[16.77258,46.09202],[16.79826,46.09131],[16.80245,46.08715],[16.81492,46.09131],[16.82258,46.08369],[16.82851,46.08243],[16.82917,46.075],[16.8339,46.07379],[16.83268,46.05923],[16.82585,46.05748],[16.82415,46.05085],[16.81706,46.04903],[16.80833,46.03333]]]},"properties":{"hybas_id":"2060545490","pfaf_id":"227407","sub_area":"6647.2","up_area":"25569.6","next_down":"2060550240","main_bas":"2060008490","kind":"basin","source":"local-hydrobasins"}},{"type":"Feature","geometry":{"type":"Polygon","coordinates":[[[17.05833,44.57083],[17.05833,44.56667],[17.0662,44.56042],[17.06193,44.55491],[17.06317,44.54256],[17.07044,44.5407],[17.07557,44.53408],[17.07426,44.52589],[17.06888,44.5214],[17.05417,44.51667],[17.05483,44.50923],[17.06165,44.50748],[17.0625,44.50417],[17.05913,44.50315],[17.05477,44.48958],[17.05773,44.48542],[17.04923,44.4466],[17.0375,44.44583],[17.03835,44.44252],[17.0464,44.44045],[17.03277,44.40908],[17.0375,44.39583],[17.02536,44.38579],[17.01998,44.37168],[17.01042,44.36714],[17.00066,44.37173],[17.0,44.37917],[16.96757,44.37434],[16.96733,44.3634],[16.9746,44.36153],[16.97973,44.35491],[16.97811,44.35069],[16.95892,44.34491],[16.95057,44.33554],[16.94943,44.31446],[16.94487,44.30456],[16.9375,44.3],[16.93841,44.29646],[16.96054,44.29527],[16.96862,44.28807],[16.99127,44.2782],[16.99527,44.27304],[16.99619,44.26008],[17.00035,44.25588],[16.99965,44.23924],[16.99202,44.23159],[16.98715,44.18924],[16.98369,44.18576],[16.98821,44.15922],[16.9961,44.1572],[16.99171,44.15153],[17.00196,44.14223],[17.01054,44.1411],[17.04498,44.11998],[17.04583,44.11667],[17.05417,44.11667],[17.05452,44.11005],[17.06424,44.10035],[17.07083,44.1],[17.075,44.09583],[17.07917,44.08333],[17.08267,44.08243],[17.0839,44.06862],[17.08703,44.06458],[17.0838,44.06041],[17.0911,44.05221],[17.09167,44.025],[17.0875,44.025],[17.08262,44.00922],[17.07917,44.00833],[17.06339,44.01321],[17.05324,44.02846],[17.03529,44.0339],[17.0246,44.04903],[17.01752,44.05085],[17.0125,44.05833],[16.98995,44.05381],[16.97742,44.06215],[16.97083,44.0625],[16.96285,44.05242],[16.96335,44.04252],[16.97017,44.04077],[16.97557,44.01446],[16.98715,43.99826],[16.9875,43.99167],[16.99493,43.99101],[16.99583,43.9875],[17.00833,43.97917],[17.0125,43.95833],[17.01667,43.95833],[17.02696,43.9464],[17.03946,43.93807],[17.04911,43.93679],[17.05057,43.91446],[17.05502,43.90502],[17.05833,43.90417],[17.05332,43.89252],[17.04668,43.89082],[17.04495,43.88404],[17.03529,43.88277],[17.02182,43.87027],[17.01054,43.87443],[16.99362,43.87557],[16.95918,43.88835],[16.9536,43.90638],[16.9464,43.91446],[16.94512,43.92411],[16.94167,43.925],[16.92329,43.94964],[16.91008,43.95452],[16.90242,43.96215],[16.87674,43.96215],[16.86841,43.95798],[16.8625,43.95],[16.85833,43.95],[16.85,43.96667],[16.83835,43.97168],[16.83277,43.98554],[16.82083,44.0],[16.79092,43.99527],[16.76763,44.00873],[16.76578,44.01596],[16.75612,44.01723],[16.7343,44.02956],[16.73399,44.04077],[16.74102,44.04257],[16.74223,44.05908],[16.72832,44.09082],[16.67917,44.12083],[16.67917,44.125],[16.66286,44.13921],[16.6625,44.14583],[16.64583,44.14583],[16.64583,44.15],[16.63924,44.15035],[16.625,44.16667],[16.60659,44.15869],[16.59583,44.15833],[16.59522,44.16466],[16.57877,44.18225],[16.57284,44.18395],[16.55216,44.20355],[16.54246,44.20496],[16.53717,44.21997],[16.52701,44.22145],[16.5,44.2375],[16.49214,44.22855],[16.47581,44.22988],[16.47438,44.23966],[16.4657,44.25756],[16.45617,44.25895],[16.44383,44.26605],[16.42701,44.26728],[16.40196,44.27557],[16.39388,44.28277],[16.38002,44.28835],[16.37917,44.29167],[16.37258,44.29202],[16.36076,44.30381],[16.34341,44.30869],[16.31909,44.33298],[16.30833,44.33333],[16.30745,44.32988],[16.29672,44.32846],[16.2907,44.3129],[16.28554,44.3089],[16.25196,44.3036],[16.24283,44.29547],[16.24167,44.3],[16.2303,44.30443],[16.22832,44.29668],[16.225,44.29583],[16.22465,44.30242],[16.21335,44.30918],[16.21159,44.31604],[16.18841,44.31729],[16.18333,44.32917],[16.17696,44.3286],[16.16316,44.31993],[16.16184,44.30507],[16.14668,44.29915],[16.14167,44.2875],[16.1343,44.28294],[16.13242,44.27559],[16.10833,44.275],[16.0884,44.29234],[16.08665,44.29915],[16.07983,44.3009],[16.0786,44.31471],[16.0746,44.31987],[16.06752,44.32168],[16.06575,44.32856],[16.03529,44.32973],[16.02592,44.33808],[16.01992,44.34939],[16.00417,44.35],[15.99527,44.36349],[16.0089,44.37991],[16.0036,44.39241],[16.01667,44.40417],[16.01165,44.41998],[16.0,44.42917],[16.00798,44.46909],[16.00071,44.47589],[15.99943,44.48554],[15.99487,44.49101],[15.9875,44.49167],[15.98665,44.49498],[15.97168,44.50085],[15.97083,44.50417],[15.94758,44.50381],[15.94409,44.50035],[15.93508,44.49965],[15.92742,44.49202],[15.91667,44.49583],[15.9214,44.51962],[15.90417,44.525],[15.8992,44.5451],[15.88924,44.54619],[15.87952,44.55588],[15.87881,44.57742],[15.87329,44.58298],[15.85591,44.58369],[15.8375,44.59167],[15.83715,44.61492],[15.83333,44.62083],[15.84111,44.63542],[15.83688,44.64863],[15.85306,44.65863],[15.85931,44.67423],[15.8701,44.6758],[15.87083,44.68333],[15.85918,44.68835],[15.84525,44.70741],[15.83112,44.71307],[15.81757,44.72565],[15.80775,44.74075],[15.78946,44.7464],[15.78009,44.75475],[15.77917,44.75833],[15.78529,44.76193],[15.80638,44.76307],[15.81575,44.77142],[15.82027,44.78112],[15.8214,44.80295],[15.8093,44.80873],[15.80748,44.81582],[15.80085,44.81752],[15.79915,44.82415],[15.79252,44.82585],[15.77877,44.8532],[15.76763,44.85873],[15.7661,44.86471],[15.74943,44.87991],[15.75417,44.8875],[15.76573,44.8786],[15.77832,44.88418],[15.78007,44.89103],[15.79804,44.89223],[15.80342,44.8964],[15.82304,44.89527],[15.82708,44.89214],[15.84362,44.9036],[15.85,44.90417],[15.85085,44.90748],[15.85748,44.90918],[15.86446,44.9161],[15.91471,44.91723],[15.92415,44.92168],[15.92562,44.93651],[15.94498,44.94668],[15.94668,44.95332],[15.95332,44.95502],[15.95923,44.97017],[15.96667,44.97083],[15.96593,44.97836],[15.9549,44.97997],[15.95332,44.99082],[15.94684,44.99248],[15.94527,44.99658],[15.94943,45.00196],[15.95085,45.01582],[15.95659,45.01631],[15.96424,45.00869],[15.98159,45.00798],[15.98924,45.00035],[16.00245,44.99964],[16.00798,44.99409],[16.00955,44.98693],[16.02304,44.98807],[16.02917,44.99167],[16.02982,45.01585],[16.04583,45.02083],[16.05085,45.03665],[16.06042,45.0412],[16.07168,45.03693],[16.07846,45.04259],[16.07988,45.05328],[16.08665,45.05502],[16.09252,45.06998],[16.09934,45.07173],[16.09965,45.09826],[16.08785,45.11424],[16.08715,45.13576],[16.08369,45.13924],[16.08424,45.15771],[16.13971,45.16307],[16.14791,45.17037],[16.15342,45.1661],[16.16991,45.17154],[16.17591,45.18272],[16.20221,45.1839],[16.21446,45.1911],[16.23576,45.19202],[16.23995,45.19619],[16.24826,45.19548],[16.26008,45.18785],[16.28659,45.18812],[16.29255,45.20346],[16.30221,45.20473],[16.31888,45.21307],[16.33235,45.22557],[16.34509,45.22027],[16.35221,45.2214],[16.36029,45.2286],[16.38554,45.22973],[16.38959,45.23287],[16.39779,45.22557],[16.41076,45.22535],[16.42292,45.23332],[16.43508,45.22535],[16.45242,45.22465],[16.46078,45.21631],[16.46492,45.21702],[16.48091,45.22881],[16.50174,45.23715],[16.53138,45.23807],[16.54082,45.24252],[16.54263,45.2496],[16.55,45.25417],[16.55089,45.25071],[16.56054,45.24943],[16.56862,45.24223],[16.61888,45.2411],[16.63946,45.22557],[16.68333,45.225],[16.67921,45.23621],[16.69904,45.2468],[16.70352,45.2562],[16.70494,45.27009],[16.72297,45.27148],[16.72884,45.27564],[16.74504,45.26982],[16.75101,45.2508],[16.76634,45.24519],[16.77917,45.25],[16.77978,45.2426],[16.78433,45.24118],[16.79073,45.24636],[16.79906,45.24114],[16.80225,45.2422],[16.81142,45.25053],[16.83975,45.24947],[16.84359,45.24636],[16.85417,45.24583],[16.85505,45.24929],[16.88112,45.25777],[16.90638,45.2589],[16.9125,45.2625],[16.9125,45.26667],[16.91987,45.26601],[16.92453,45.26042],[16.91193,45.23408],[16.91307,45.21446],[16.93002,45.17585],[16.96029,45.1589],[16.97917,45.15833],[16.98704,45.14793],[16.9839,45.14388],[16.98277,45.13112],[16.9714,45.11888],[16.97027,45.11029],[16.96165,45.09668],[16.95502,45.09498],[16.9532,45.0879],[16.94238,45.08245],[16.94096,45.07172],[16.93418,45.06998],[16.93237,45.0629],[16.9,45.04167],[16.90798,45.03159],[16.90833,45.01667],[16.92025,45.01158],[16.9287,45.00209],[16.92443,44.99658],[16.93333,44.98333],[16.94804,44.98277],[16.95342,44.9786],[16.96175,44.9839],[16.97415,44.97832],[16.97614,44.97057],[16.98259,44.97557],[17.00638,44.97443],[17.01175,44.97027],[17.02083,44.975],[17.02173,44.97149],[17.03554,44.97027],[17.06161,44.96179],[17.06606,44.94375],[17.06186,44.93782],[17.06731,44.92949],[17.06598,44.89251],[17.05352,44.89062],[17.05497,44.8753],[17.06669,44.86957],[17.07019,44.86463],[17.07148,44.85203],[17.08269,44.83547],[17.08403,44.80495],[17.09167,44.80417],[17.09106,44.78841],[17.08392,44.78658],[17.07409,44.77144],[17.05833,44.77083],[17.05745,44.76738],[17.04375,44.76297],[17.02575,44.7714],[17.02279,44.77027],[17.01667,44.76667],[17.01631,44.76008],[17.00798,44.74755],[17.01841,44.73369],[17.03924,44.72119],[17.05662,44.71631],[17.06215,44.71076],[17.0625,44.7],[17.04657,44.69503],[17.04668,44.68418],[17.07083,44.675],[17.07119,44.66421],[17.07917,44.65833],[17.07917,44.65],[17.07155,44.64922],[17.07019,44.62468],[17.0744,44.61875],[17.06731,44.61047],[17.06631,44.57671],[17.05833,44.57083]]]},"properties":{"hybas_id":"2060545560","pfaf_id":"227406","sub_area":"9903.2","up_area":"9903.2","next_down":"2060550240","main_bas":"2060008490","kind":"basin","source":"local-hydrobasins"}},{"type":"Feature","geometry":{"type":"Polygon","coordinates":[[[16.37083,45.5],[16.37881,45.49409],[16.38007,45.47566],[16.3875,45.475],[16.38715,45.46838],[16.37917,45.4625],[16.37973,45.45196],[16.38807,45.4426],[16.3839,45.43138],[16.38273,45.40091],[16.37463,45.39884],[16.38807,45.37991],[16.38138,45.3714],[16.36335,45.36165],[16.35737,45.34623],[16.35221,45.34223],[16.3375,45.34167],[16.33816,45.33423],[16.34167,45.33333],[16.34107,45.31342],[16.33373,45.31153],[16.32973,45.30638],[16.3286,45.28946],[16.31723,45.27721],[16.3161,45.26446],[16.30473,45.25221],[16.30353,45.23424],[16.29668,45.23248],[16.28807,45.21888],[16.28333,45.20417],[16.28418,45.20085],[16.29167,45.2],[16.29167,45.19583],[16.28835,45.19498],[16.28659,45.18812],[16.26008,45.18785],[16.24826,45.19548],[16.23995,45.19619],[16.23576,45.19202],[16.21446,45.1911],[16.20221,45.1839],[16.17591,45.18272],[16.16991,45.17154],[16.15342,45.1661],[16.14791,45.17037],[16.13971,45.16307],[16.08424,45.15771],[16.08369,45.13924],[16.08715,45.13576],[16.08785,45.11424],[16.09965,45.09826],[16.09934,45.07173],[16.09252,45.06998],[16.08665,45.05502],[16.07988,45.05328],[16.07846,45.04259],[16.07168,45.03693],[16.06042,45.0412],[16.05085,45.03665],[16.04583,45.02083],[16.02982,45.01585],[16.02917,44.99167],[16.02304,44.98807],[16.00955,44.98693],[16.00798,44.99409],[16.00245,44.99964],[15.98924,45.00035],[15.98159,45.00798],[15.96424,45.00869],[15.95659,45.01631],[15.95085,45.01582],[15.94943,45.00196],[15.94527,44.99658],[15.94684,44.99248],[15.95332,44.99082],[15.9549,44.97997],[15.96593,44.97836],[15.96667,44.97083],[15.95923,44.97017],[15.95332,44.95502],[15.94668,44.95332],[15.94498,44.94668],[15.92562,44.93651],[15.92415,44.92168],[15.91471,44.91723],[15.86446,44.9161],[15.85748,44.90918],[15.85085,44.90748],[15.85,44.90417],[15.84362,44.9036],[15.82708,44.89214],[15.82304,44.89527],[15.80342,44.8964],[15.79804,44.89223],[15.78007,44.89103],[15.77832,44.88418],[15.76573,44.8786],[15.75417,44.8875],[15.74943,44.87991],[15.75101,44.87581],[15.75775,44.87408],[15.76763,44.85873],[15.77877,44.8532],[15.79252,44.82585],[15.79915,44.82415],[15.80085,44.81752],[15.80748,44.81582],[15.8093,44.80873],[15.8214,44.80295],[15.82027,44.78112],[15.81575,44.77142],[15.80638,44.76307],[15.78529,44.76193],[15.77917,44.75833],[15.77851,44.76577],[15.77279,44.76723],[15.75924,44.77981],[15.75777,44.78554],[15.74099,44.80327],[15.73124,44.80787],[15.71667,44.79583],[15.71545,44.7911],[15.69779,44.79223],[15.68844,44.80057],[15.67991,44.79527],[15.66054,44.8036],[15.64779,44.80473],[15.6375,44.8125],[15.63714,44.80588],[15.63159,44.80035],[15.61841,44.80035],[15.61492,44.80381],[15.60612,44.80473],[15.60097,44.80873],[15.59915,44.81582],[15.58958,44.82082],[15.58576,44.81702],[15.5759,44.81733],[15.575,44.82083],[15.55,44.825],[15.54965,44.85242],[15.53369,44.86841],[15.53333,44.875],[15.52917,44.87917],[15.5125,44.87917],[15.50748,44.87168],[15.49804,44.86723],[15.48508,44.86702],[15.47326,44.87881],[15.46667,44.87917],[15.4625,44.89167],[15.45174,44.89619],[15.44167,44.90833],[15.4375,44.90833],[15.43785,44.91492],[15.44131,44.91841],[15.44131,44.93576],[15.42917,44.94583],[15.42881,44.95659],[15.42465,44.96492],[15.41495,44.97465],[15.40417,44.975],[15.40417,44.9875],[15.39758,44.98785],[15.38576,44.99965],[15.38002,45.00085],[15.3746,45.01153],[15.36752,45.01335],[15.36054,45.02027],[15.34252,45.02585],[15.33554,45.03277],[15.32621,45.0339],[15.3241,45.02566],[15.31667,45.025],[15.31667,45.02917],[15.3009,45.03399],[15.29915,45.04082],[15.27168,45.05085],[15.26993,45.05767],[15.25612,45.0589],[15.24252,45.06752],[15.21495,45.09548],[15.2,45.1],[15.1875,45.11667],[15.17585,45.12168],[15.16286,45.13505],[15.15833,45.15],[15.14758,45.15452],[15.13162,45.17464],[15.12326,45.17881],[15.10591,45.17952],[15.10242,45.18298],[15.09583,45.18333],[15.09498,45.19498],[15.08835,45.19668],[15.0875,45.2],[15.05591,45.20452],[15.05,45.2125],[15.01912,45.20381],[15.01492,45.20798],[14.98091,45.20869],[14.96495,45.22465],[14.94583,45.225],[14.94583,45.2125],[14.92175,45.21311],[14.92083,45.21667],[14.89675,45.21607],[14.89583,45.2125],[14.89167,45.2125],[14.88333,45.22083],[14.88277,45.22721],[14.87557,45.23529],[14.86995,45.24929],[14.86029,45.25057],[14.85513,45.25456],[14.85327,45.26184],[14.83946,45.26307],[14.83002,45.26752],[14.82832,45.27415],[14.80507,45.27983],[14.79583,45.29167],[14.78822,45.29244],[14.7875,45.30417],[14.77536,45.31421],[14.76667,45.3375],[14.75174,45.33785],[14.74409,45.34548],[14.70662,45.34619],[14.70208,45.34168],[14.64758,45.36702],[14.63576,45.37881],[14.62083,45.3875],[14.62048,45.41076],[14.61702,45.41424],[14.61667,45.425],[14.61008,45.42465],[14.60242,45.41702],[14.59583,45.41667],[14.58333,45.42917],[14.58298,45.44409],[14.57535,45.45174],[14.575,45.45833],[14.56667,45.45833],[14.56631,45.46492],[14.55452,45.47674],[14.55,45.4875],[14.52917,45.4875],[14.53333,45.49583],[14.53002,45.49668],[14.52329,45.50798],[14.51424,45.50798],[14.50833,45.5],[14.49167,45.5],[14.48243,45.51601],[14.475,45.51667],[14.47535,45.52326],[14.4875,45.5375],[14.48248,45.54915],[14.47917,45.55],[14.47881,45.56076],[14.475,45.56667],[14.51165,45.56752],[14.51335,45.57415],[14.52258,45.58298],[14.54167,45.5875],[14.54167,45.59167],[14.54517,45.59257],[14.54671,45.60858],[14.55384,45.60352],[14.5688,45.60481],[14.57851,45.60923],[14.57917,45.61667],[14.59498,45.62168],[14.59943,45.63112],[14.59583,45.64583],[14.58876,45.64998],[14.58647,45.65759],[14.5716,45.6591],[14.57083,45.66667],[14.55,45.68333],[14.54915,45.69498],[14.5298,45.70091],[14.5286,45.71888],[14.5214,45.72696],[14.52083,45.73333],[14.53159,45.73369],[14.53924,45.74131],[14.56667,45.74167],[14.56631,45.74826],[14.55452,45.76424],[14.55417,45.77917],[14.58294,45.7923],[14.59544,45.78687],[14.60208,45.79108],[14.62044,45.7827],[14.6409,45.78405],[14.64216,45.79641],[14.63747,45.80294],[14.65631,45.80896],[14.67708,45.8286],[14.72285,45.78813],[14.74162,45.78212],[14.74678,45.77178],[14.79082,45.74498],[14.79167,45.74167],[14.80833,45.7375],[14.81446,45.72973],[14.8371,45.71987],[14.84252,45.70918],[14.85612,45.70057],[14.86993,45.69934],[14.87173,45.69233],[14.88554,45.6911],[14.89362,45.6839],[14.90417,45.68333],[14.90502,45.68002],[14.91862,45.6714],[14.94167,45.67083],[14.94668,45.65502],[14.95777,45.64388],[14.95899,45.63007],[14.96582,45.62832],[14.96757,45.62149],[14.98138,45.62027],[14.99362,45.6089],[15.0,45.60833],[15.0,45.60417],[15.00417,45.60417],[15.00452,45.61492],[15.01631,45.62674],[15.02083,45.6375],[15.02917,45.6375],[15.04758,45.61285],[15.0625,45.6125],[15.05833,45.61877],[15.06424,45.62465],[15.09077,45.62983],[15.09167,45.63333],[15.09826,45.63369],[15.10174,45.63715],[15.11909,45.63785],[15.12465,45.64338],[15.125,45.6625],[15.13159,45.66215],[15.13924,45.65452],[15.1625,45.65417],[15.17179,45.66591],[15.17768,45.6673],[15.18803,45.67801],[15.18333,45.68333],[15.18418,45.69498],[15.20638,45.70473],[15.21862,45.7161],[15.22696,45.72027],[15.25,45.72083],[15.25074,45.72836],[15.26049,45.72978],[15.27701,45.74105],[15.30317,45.74233],[15.30509,45.74907],[15.31551,45.75428],[15.31667,45.75833],[15.33576,45.75869],[15.34409,45.76285],[15.35,45.77083],[15.36076,45.77119],[15.38508,45.78298],[15.40242,45.78369],[15.40591,45.78715],[15.48992,45.78785],[15.50759,45.7964],[15.51185,45.79476],[15.51315,45.78014],[15.52279,45.7714],[15.53245,45.77012],[15.54167,45.75],[15.56025,45.76197],[15.57308,45.76303],[15.57823,45.7672],[15.58958,45.7629],[15.59489,45.7672],[15.59923,45.76575],[15.60955,45.74527],[15.63138,45.7464],[15.63675,45.75057],[15.65318,45.73693],[15.66888,45.73807],[15.69108,45.75092],[15.69943,45.76029],[15.70121,45.76723],[15.73138,45.7661],[15.7375,45.7625],[15.75174,45.77881],[15.76042,45.78332],[15.77182,45.77155],[15.78549,45.77022],[15.79367,45.76312],[15.80753,45.76176],[15.80916,45.7506],[15.82284,45.73812],[15.83534,45.73395],[15.86049,45.73272],[15.8662,45.72855],[15.88125,45.73277],[15.88703,45.72855],[15.89784,45.73688],[15.92083,45.74583],[15.92742,45.74548],[15.93125,45.74168],[15.93542,45.74582],[15.93995,45.74131],[15.96076,45.74202],[15.97329,45.75035],[15.98995,45.74965],[15.99548,45.74409],[15.99583,45.7375],[16.02721,45.73277],[16.05342,45.72027],[16.06577,45.72151],[16.06752,45.72832],[16.07436,45.73007],[16.07557,45.74804],[16.08038,45.7589],[16.10221,45.75777],[16.11888,45.7536],[16.13112,45.74223],[16.13679,45.74078],[16.13821,45.73005],[16.16667,45.71667],[16.19758,45.67952],[16.22407,45.6743],[16.24255,45.64654],[16.26575,45.64096],[16.27027,45.63554],[16.27154,45.62592],[16.27696,45.6214],[16.29493,45.6202],[16.30925,45.59225],[16.32429,45.58245],[16.3257,45.57176],[16.34101,45.5616],[16.34232,45.54681],[16.35196,45.53807],[16.35794,45.53653],[16.37027,45.51888],[16.37557,45.50908],[16.37083,45.5]]]},"properties":{"hybas_id":"2060541470","pfaf_id":"227408","sub_area":"10011.5","up_area":"10011.5","next_down":"2060545490","main_bas":"2060008490","kind":"basin","source":"local-hydrobasins"}},{"type":"Feature","geometry":{"type":"Polygon","coordinates":[[[16.3,45.6125],[16.29668,45.61335],[16.29493,45.6202],[16.27696,45.6214],[16.27154,45.62592],[16.27027,45.63554],[16.26575,45.64096],[16.24255,45.64654],[16.22407,45.6743],[16.19758,45.67952],[16.16667,45.71667],[16.13821,45.73005],[16.13679,45.74078],[16.13112,45.74223],[16.11888,45.7536],[16.10221,45.75777],[16.08038,45.7589],[16.07557,45.74804],[16.07436,45.73007],[16.06752,45.72832],[16.06577,45.72151],[16.05342,45.72027],[16.02721,45.73277],[15.99583,45.7375],[15.99548,45.74409],[15.98995,45.74965],[15.97329,45.75035],[15.96076,45.74202],[15.93995,45.74131],[15.93542,45.74582],[15.93125,45.74168],[15.92742,45.74548],[15.92083,45.74583],[15.89784,45.73688],[15.88703,45.72855],[15.88125,45.73277],[15.8662,45.72855],[15.86049,45.73272],[15.83534,45.73395],[15.82284,45.73812],[15.80916,45.7506],[15.80753,45.76176],[15.79367,45.76312],[15.78549,45.77022],[15.77182,45.77155],[15.76042,45.78332],[15.75174,45.77881],[15.7375,45.7625],[15.73138,45.7661],[15.70121,45.76723],[15.69943,45.76029],[15.69108,45.75092],[15.66888,45.73807],[15.65318,45.73693],[15.63675,45.75057],[15.63138,45.7464],[15.60955,45.74527],[15.59923,45.76575],[15.59489,45.7672],[15.58958,45.7629],[15.57823,45.7672],[15.57308,45.76303],[15.56025,45.76197],[15.54167,45.75],[15.53245,45.77012],[15.52279,45.7714],[15.51315,45.78014],[15.51185,45.79476],[15.50759,45.7964],[15.48992,45.78785],[15.40591,45.78715],[15.40242,45.78369],[15.38508,45.78298],[15.36076,45.77119],[15.35,45.77083],[15.34409,45.76285],[15.33576,45.75869],[15.31667,45.75833],[15.31551,45.75428],[15.30509,45.74907],[15.30317,45.74233],[15.27701,45.74105],[15.26049,45.72978],[15.25074,45.72836],[15.25,45.72083],[15.22696,45.72027],[15.20638,45.70473],[15.18418,45.69498],[15.18333,45.68333],[15.18803,45.67801],[15.17768,45.6673],[15.17179,45.66591],[15.1625,45.65417],[15.13924,45.65452],[15.13159,45.66215],[15.125,45.6625],[15.12465,45.64338],[15.11909,45.63785],[15.10174,45.63715],[15.09826,45.63369],[15.09167,45.63333],[15.09077,45.62983],[15.06424,45.62465],[15.05833,45.61877],[15.0625,45.6125],[15.04758,45.61285],[15.02917,45.6375],[15.02083,45.6375],[15.01631,45.62674],[15.00452,45.61492],[15.00417,45.60417],[15.0,45.60417],[15.0,45.60833],[14.99362,45.6089],[14.98138,45.62027],[14.96757,45.62149],[14.96582,45.62832],[14.95899,45.63007],[14.95777,45.64388],[14.94668,45.65502],[14.94167,45.67083],[14.91862,45.6714],[14.90502,45.68002],[14.90417,45.68333],[14.89362,45.6839],[14.88554,45.6911],[14.87173,45.69233],[14.86993,45.69934],[14.85612,45.70057],[14.84252,45.70918],[14.8371,45.71987],[14.81446,45.72973],[14.80833,45.7375],[14.79167,45.74167],[14.79082,45.74498],[14.74678,45.77178],[14.74162,45.78212],[14.72285,45.78813],[14.67708,45.8286],[14.65631,45.80896],[14.63747,45.80294],[14.64216,45.79641],[14.6409,45.78405],[14.62044,45.7827],[14.60208,45.79108],[14.59544,45.78687],[14.58294,45.7923],[14.55417,45.77917],[14.55452,45.76424],[14.56631,45.74826],[14.56667,45.74167],[14.53924,45.74131],[14.53159,45.73369],[14.52083,45.73333],[14.5214,45.72696],[14.5286,45.71888],[14.5298,45.70091],[14.54915,45.69498],[14.55,45.68333],[14.57083,45.66667],[14.5716,45.6591],[14.58647,45.65759],[14.58876,45.64998],[14.59583,45.64583],[14.59943,45.63112],[14.59498,45.62168],[14.57917,45.61667],[14.57851,45.60923],[14.5688,45.60481],[14.55384,45.60352],[14.54671,45.60858],[14.54517,45.59257],[14.54167,45.59167],[14.54167,45.5875],[14.52258,45.58298],[14.51335,45.57415],[14.51165,45.56752],[14.47168,45.56752],[14.47083,45.575],[14.46327,45.57577],[14.4625,45.58333],[14.45659,45.58715],[14.44583,45.5875],[14.44583,45.59167],[14.4375,45.5875],[14.4366,45.59101],[14.42173,45.59233],[14.42083,45.59583],[14.40417,45.59583],[14.40328,45.59929],[14.39362,45.60057],[14.3875,45.60833],[14.36758,45.60893],[14.36667,45.64167],[14.37465,45.65591],[14.37443,45.67721],[14.36934,45.68332],[14.35759,45.6786],[14.32151,45.7009],[14.32027,45.71325],[14.32443,45.71862],[14.32566,45.73243],[14.3337,45.7345],[14.32408,45.7494],[14.30417,45.75],[14.30332,45.75332],[14.2843,45.7629],[14.28333,45.76667],[14.26446,45.7714],[14.2507,45.78009],[14.24527,45.80075],[14.25026,45.8072],[14.23958,45.81203],[14.22621,45.80777],[14.22411,45.81596],[14.21339,45.81738],[14.21311,45.83659],[14.21998,45.83835],[14.22083,45.84167],[14.21424,45.84202],[14.21076,45.84548],[14.15918,45.85064],[14.15773,45.85887],[14.16196,45.86458],[14.15815,45.86972],[14.14801,45.87439],[14.09583,45.87917],[14.09583,45.88333],[14.08992,45.88715],[14.07258,45.89202],[14.06492,45.89965],[14.04826,45.90798],[14.03508,45.90869],[14.01912,45.91702],[14.0125,45.9125],[14.0125,45.91667],[14.025,45.92083],[14.02881,45.92674],[14.02917,45.94583],[14.03959,45.94213],[14.05207,45.95371],[14.07299,45.94645],[14.08322,45.95116],[14.08832,45.96602],[14.1125,45.96667],[14.11631,45.97258],[14.11667,45.97917],[14.11008,45.97952],[14.10242,45.98715],[14.08091,45.99202],[14.06909,46.00381],[14.06008,46.00452],[14.04619,46.01838],[14.04548,46.02255],[14.05452,46.03921],[14.05035,46.04341],[14.05,46.05417],[14.05417,46.05833],[14.05354,46.06992],[14.04092,46.07557],[14.03542,46.0713],[14.02279,46.07557],[14.00113,46.09206],[13.99943,46.09677],[14.00892,46.10741],[14.02018,46.11346],[14.0214,46.12721],[14.0254,46.13237],[14.03529,46.13693],[14.05638,46.13807],[14.06582,46.14252],[14.075,46.16667],[14.05612,46.16723],[14.03675,46.17557],[14.02425,46.17027],[14.01888,46.17443],[14.00955,46.17557],[14.00744,46.16734],[13.9949,46.1661],[13.98002,46.17585],[13.97973,46.18138],[13.99252,46.20332],[13.99936,46.20507],[14.00417,46.2375],[14.0,46.2375],[13.99909,46.24104],[13.97842,46.24223],[13.97009,46.23693],[13.95759,46.24223],[13.94388,46.2339],[13.91862,46.23277],[13.91175,46.2286],[13.90625,46.23286],[13.90221,46.22973],[13.88675,46.2286],[13.88125,46.23286],[13.86592,46.2286],[13.86054,46.23277],[13.84779,46.2339],[13.84167,46.24167],[13.80612,46.24223],[13.79804,46.24943],[13.78946,46.25057],[13.76888,46.26193],[13.75085,46.26752],[13.74491,46.27846],[13.73529,46.27973],[13.72987,46.28425],[13.72585,46.29915],[13.73248,46.30085],[13.73418,46.30748],[13.74127,46.3093],[13.7464,46.31592],[13.7411,46.32842],[13.74272,46.33265],[13.76471,46.33807],[13.77279,46.34527],[13.78138,46.3464],[13.79362,46.3536],[13.80638,46.35473],[13.82438,46.36341],[13.825,46.375],[13.81582,46.39082],[13.80513,46.39623],[13.79911,46.41179],[13.78946,46.41307],[13.77721,46.42027],[13.75612,46.4214],[13.74494,46.43676],[13.73675,46.43807],[13.71471,46.42557],[13.6875,46.425],[13.67917,46.4375],[13.69169,46.44293],[13.70064,46.45801],[13.69801,46.46304],[13.68748,46.46793],[13.68398,46.47287],[13.68269,46.48963],[13.67852,46.49551],[13.67992,46.51176],[13.69797,46.51314],[13.71458,46.52499],[13.71875,46.52085],[13.72292,46.52499],[13.73579,46.51631],[13.74412,46.52119],[13.75659,46.52048],[13.76008,46.51702],[13.77742,46.51631],[13.78508,46.50869],[13.80659,46.50798],[13.81042,46.50418],[13.81424,46.50798],[13.82326,46.50869],[13.83162,46.51702],[13.83992,46.51631],[13.84412,46.51215],[13.86492,46.51285],[13.88162,46.52119],[13.88992,46.52048],[13.89412,46.51631],[13.90245,46.52119],[13.91909,46.52048],[13.94341,46.50869],[13.95833,46.50833],[13.95833,46.50417],[13.96424,46.50035],[13.97742,46.49965],[13.98924,46.48785],[14.00242,46.48715],[14.00662,46.48298],[14.03159,46.48369],[14.03995,46.49202],[14.05659,46.49131],[14.06008,46.48785],[14.07326,46.48715],[14.07674,46.48369],[14.08992,46.48298],[14.09341,46.47952],[14.11912,46.47464],[14.12881,46.46492],[14.13369,46.45171],[14.13924,46.44619],[14.15242,46.44131],[14.16078,46.43298],[14.18159,46.43369],[14.19167,46.44167],[14.19826,46.44131],[14.20245,46.43715],[14.21492,46.43785],[14.21875,46.44165],[14.22674,46.43369],[14.24826,46.43369],[14.27329,46.44619],[14.28125,46.44168],[14.28542,46.44582],[14.30242,46.43715],[14.31078,46.42881],[14.33576,46.42952],[14.34758,46.43715],[14.38576,46.43785],[14.39758,46.44548],[14.42917,46.44583],[14.42917,46.4375],[14.44167,46.42917],[14.44167,46.425],[14.47299,46.42022],[14.4787,46.41605],[14.48966,46.41728],[14.51203,46.42978],[14.52836,46.42845],[14.52978,46.41867],[14.55355,46.39383],[14.55949,46.37511],[14.56667,46.37083],[14.56757,46.37434],[14.575,46.375],[14.58785,46.39412],[14.58715,46.41492],[14.58335,46.41875],[14.59758,46.43715],[14.60659,46.43785],[14.61008,46.44131],[14.64409,46.44202],[14.64758,46.44548],[14.66492,46.44619],[14.66841,46.44965],[14.72326,46.44965],[14.73162,46.44548],[14.74548,46.43159],[14.75,46.41667],[14.76159,46.41729],[14.76347,46.4246],[14.77009,46.42973],[14.78971,46.4286],[14.80759,46.42027],[14.82721,46.4214],[14.83125,46.42453],[14.84509,46.4161],[14.85759,46.4214],[14.89388,46.42027],[14.9,46.41667],[14.90918,46.43248],[14.91875,46.43703],[14.94388,46.42973],[14.95196,46.43693],[14.9589,46.43871],[14.95777,46.45221],[14.95418,46.45684],[14.96029,46.46193],[14.96667,46.4625],[14.98971,46.46193],[15.00318,46.44943],[15.01458,46.4537],[15.01875,46.45047],[15.02292,46.4537],[15.02696,46.45057],[15.04804,46.44943],[15.05342,46.44527],[15.06042,46.44953],[15.07279,46.44223],[15.09388,46.43693],[15.10759,46.4286],[15.14075,46.42977],[15.14263,46.4371],[15.14925,46.44223],[15.16576,46.44102],[15.16788,46.43277],[15.18124,46.4412],[15.18675,46.43693],[15.23138,46.43807],[15.25342,46.45057],[15.27409,46.44937],[15.275,46.44583],[15.31667,46.45],[15.31187,46.4379],[15.31347,46.42939],[15.32429,46.42398],[15.32572,46.40499],[15.34646,46.39859],[15.34104,46.3879],[15.3435,46.38293],[15.36174,46.37841],[15.37146,46.36739],[15.3702,46.35202],[15.36604,46.34623],[15.36745,46.33404],[15.37917,46.33333],[15.37881,46.32258],[15.375,46.31667],[15.37585,46.31335],[15.38248,46.31165],[15.38424,46.30479],[15.40638,46.3036],[15.41862,46.2964],[15.49409,46.28715],[15.49758,46.28369],[15.53138,46.2786],[15.53675,46.27443],[15.55332,46.28002],[15.55533,46.28787],[15.56573,46.2786],[15.57279,46.28277],[15.59388,46.2839],[15.59925,46.28807],[15.61576,46.28686],[15.61667,46.28333],[15.63159,46.28298],[15.64412,46.27465],[15.65245,46.27952],[15.66076,46.27881],[15.66424,46.27535],[15.68159,46.27465],[15.69375,46.26668],[15.69829,46.27119],[15.71909,46.27048],[15.72258,46.26702],[15.73576,46.26631],[15.73995,46.26215],[15.75242,46.26631],[15.76667,46.25417],[15.78159,46.25452],[15.78508,46.25798],[15.80221,46.2589],[15.80612,46.26193],[15.83554,46.26307],[15.84092,46.26723],[15.86159,46.26604],[15.86347,46.25873],[15.87009,46.2536],[15.8875,46.2625],[15.88807,46.25196],[15.89527,46.24388],[15.8964,46.22279],[15.90777,46.21054],[15.9089,46.20196],[15.91757,46.18816],[15.93138,46.18693],[15.93946,46.17973],[15.94804,46.1786],[15.95748,46.17415],[15.95833,46.17083],[15.9688,46.17019],[15.97468,46.16602],[15.99506,46.16739],[15.99665,46.18304],[16.00203,46.18686],[16.06888,46.19223],[16.07425,46.1964],[16.08971,46.19527],[16.10767,46.1866],[16.10833,46.17917],[16.14409,46.17881],[16.14792,46.17501],[16.15174,46.17881],[16.16492,46.17881],[16.16841,46.17535],[16.19409,46.17465],[16.19829,46.17048],[16.21076,46.17119],[16.21495,46.17535],[16.22742,46.17465],[16.23125,46.17085],[16.24758,46.17881],[16.26627,46.1782],[16.2714,46.17158],[16.26723,46.16471],[16.26604,46.14258],[16.2379,46.13237],[16.23248,46.12168],[16.22558,46.11991],[16.21713,46.11043],[16.2214,46.10491],[16.22027,46.08946],[16.21297,46.07708],[16.22037,46.05624],[16.20777,46.04265],[16.21723,46.02158],[16.20417,45.99583],[16.1875,45.9875],[16.18665,45.98418],[16.16862,45.9786],[16.15927,45.97027],[16.15075,45.97557],[16.14779,45.97443],[16.13432,45.96193],[16.11875,45.97036],[16.11471,45.96723],[16.09583,45.96667],[16.09498,45.96335],[16.08821,45.96161],[16.0868,45.95092],[16.08032,45.94552],[16.07917,45.95],[16.05494,45.94506],[16.05417,45.9375],[16.05505,45.93404],[16.06471,45.93277],[16.07009,45.9286],[16.08554,45.92973],[16.08959,45.93287],[16.10196,45.9214],[16.11158,45.92013],[16.1161,45.91471],[16.12027,45.90638],[16.1214,45.89362],[16.12557,45.88825],[16.12083,45.84583],[16.12742,45.84548],[16.13091,45.84202],[16.15242,45.84131],[16.17674,45.82952],[16.21076,45.82881],[16.21424,45.82535],[16.23333,45.825],[16.23422,45.82154],[16.26604,45.81159],[16.26667,45.8],[16.28267,45.79077],[16.2839,45.77696],[16.29255,45.76321],[16.30332,45.76179],[16.30439,45.75701],[16.2964,45.74804],[16.29527,45.72696],[16.28277,45.71349],[16.2839,45.70196],[16.2911,45.69388],[16.29223,45.68529],[16.30097,45.67123],[16.31165,45.66582],[16.31339,45.65904],[16.32708,45.65464],[16.33259,45.6589],[16.35638,45.65777],[16.375,45.65],[16.37562,45.63534],[16.38413,45.60913],[16.39504,45.60754],[16.39669,45.59616],[16.42299,45.58688],[16.44074,45.57407],[16.44283,45.56678],[16.45736,45.56173],[16.45932,45.55488],[16.46667,45.55417],[16.46723,45.54779],[16.47557,45.53844],[16.47381,45.53356],[16.46312,45.52826],[16.46188,45.50516],[16.45638,45.50057],[16.44257,45.49934],[16.44082,45.49252],[16.42279,45.4911],[16.40221,45.47973],[16.39255,45.47846],[16.39167,45.475],[16.38007,45.47566],[16.37881,45.49409],[16.37083,45.5],[16.37557,45.50908],[16.37027,45.51888],[16.35794,45.53653],[16.35196,45.53807],[16.34232,45.54681],[16.34101,45.5616],[16.3257,45.57176],[16.32429,45.58245],[16.30925,45.59225],[16.30057,45.60612],[16.3,45.6125]]]},"properties":{"hybas_id":"2060541360","pfaf_id":"227409","sub_area":"12539.4","up_area":"12539.4","next_down":"2060545490","main_bas":"2060008490","kind":"basin","source":"local-hydrobasins"}},{"type":"Feature","geometry":{"type":"Polygon","coordinates":[[[16.50833,47.9625],[16.51987,47.96706],[16.52585,47.98248],[16.54804,47.99223],[16.56577,48.00901],[16.56755,48.01596],[16.61862,48.03277],[16.64241,48.03807],[16.64792,48.0338],[16.6532,48.0379],[16.65502,48.04498],[16.66165,48.04668],[16.6662,48.05625],[16.66215,48.06492],[16.65417,48.07083],[16.65452,48.07745],[16.66079,48.08369],[16.66912,48.07881],[16.67742,48.07952],[16.68995,48.08785],[16.70242,48.08715],[16.70591,48.08369],[16.76492,48.08369],[16.76841,48.08715],[16.78159,48.08785],[16.79341,48.09965],[16.84409,48.10035],[16.84829,48.10452],[16.85659,48.10381],[16.86042,48.10001],[16.86495,48.10452],[16.86909,48.10381],[16.87258,48.10035],[16.88961,48.09933],[16.91684,48.091],[16.93539,48.09933],[16.9701,48.10072],[16.97083,48.11667],[17.01159,48.11189],[17.01339,48.10486],[17.03529,48.0839],[17.05417,48.08333],[17.05833,48.075],[17.07044,48.06987],[17.0759,48.05898],[17.08946,48.0464],[17.09804,48.04527],[17.14884,48.01213],[17.15121,48.0214],[17.16888,48.02027],[17.21492,48.00798],[17.22258,48.00035],[17.24388,47.99527],[17.26041,47.9838],[17.26592,47.98807],[17.28112,47.97973],[17.30638,47.9786],[17.31862,47.96723],[17.3246,47.9657],[17.33424,47.94231],[17.34779,47.92973],[17.35443,47.92803],[17.35,47.92083],[17.36582,47.91165],[17.36667,47.90833],[17.39388,47.90777],[17.40745,47.90346],[17.40922,47.89654],[17.41991,47.89513],[17.42443,47.88971],[17.42557,47.87279],[17.43542,47.8588],[17.43958,47.86203],[17.44362,47.8589],[17.46054,47.85777],[17.47279,47.85057],[17.48245,47.84929],[17.49257,47.82983],[17.50638,47.8286],[17.51042,47.82547],[17.51592,47.82973],[17.52002,47.82816],[17.52172,47.82154],[17.54583,47.81667],[17.54583,47.8],[17.56034,47.78812],[17.57701,47.77978],[17.58958,47.77556],[17.59375,47.77861],[17.59784,47.77562],[17.61586,47.77429],[17.61753,47.76283],[17.62284,47.75895],[17.649,47.75767],[17.65,47.75417],[17.66909,47.75452],[17.67329,47.75869],[17.68992,47.75798],[17.70174,47.75035],[17.71076,47.74965],[17.72674,47.74202],[17.775,47.74167],[17.77428,47.73432],[17.76759,47.73241],[17.76574,47.72593],[17.75093,47.71991],[17.74907,47.71343],[17.74178,47.71134],[17.73688,47.70464],[17.74259,47.69259],[17.74928,47.69068],[17.75062,47.67701],[17.75443,47.67178],[17.7422,47.67],[17.73333,47.65833],[17.76909,47.65869],[17.78091,47.66631],[17.80659,47.66702],[17.8125,47.67083],[17.83693,47.64804],[17.83807,47.63112],[17.8536,47.61054],[17.85473,47.59779],[17.8589,47.59241],[17.85777,47.57279],[17.84943,47.56344],[17.8593,47.54623],[17.86667,47.54167],[17.86727,47.52591],[17.87557,47.52379],[17.87443,47.50612],[17.87027,47.50075],[17.8714,47.49362],[17.89223,47.46765],[17.88684,47.44252],[17.87917,47.44583],[17.87839,47.43824],[17.85917,47.43677],[17.85313,47.41739],[17.83408,47.41593],[17.82977,47.41042],[17.83333,47.40417],[17.83298,47.39338],[17.81492,47.37535],[17.80174,47.37465],[17.79409,47.36702],[17.78333,47.3625],[17.78394,47.34684],[17.79498,47.34082],[17.79999,47.33066],[17.79388,47.32557],[17.77598,47.32437],[17.7625,47.3],[17.77701,47.28812],[17.79645,47.28233],[17.79522,47.27284],[17.79105,47.26714],[17.79242,47.25497],[17.81867,47.24645],[17.85633,47.24105],[17.87083,47.22917],[17.87083,47.2125],[17.85924,47.21188],[17.85328,47.19654],[17.84255,47.19512],[17.8408,47.18831],[17.83455,47.18693],[17.83333,47.19167],[17.81758,47.19106],[17.81307,47.18138],[17.8125,47.17083],[17.80617,47.17145],[17.79799,47.17855],[17.77284,47.18395],[17.7662,47.18812],[17.75343,47.18272],[17.74376,47.19111],[17.73836,47.18717],[17.7367,47.17575],[17.72453,47.17438],[17.71875,47.17861],[17.70833,47.175],[17.70772,47.16867],[17.69938,47.15907],[17.70478,47.1463],[17.69645,47.13133],[17.6951,47.11747],[17.68431,47.1159],[17.67384,47.08761],[17.65899,47.08252],[17.65798,47.06008],[17.65452,47.05659],[17.65417,47.05],[17.64341,47.04965],[17.63579,47.04548],[17.63125,47.04999],[17.62329,47.04548],[17.61076,47.05381],[17.59167,47.05417],[17.58673,47.03407],[17.5677,47.03261],[17.5532,47.0093],[17.55,47.00833],[17.54938,46.99684],[17.53418,46.98665],[17.53241,46.97975],[17.51054,46.96307],[17.50174,46.96285],[17.48992,46.97048],[17.46841,46.96702],[17.45662,46.97881],[17.41912,46.97952],[17.40242,46.96285],[17.39829,46.96215],[17.37742,46.97465],[17.35662,46.97535],[17.35242,46.97119],[17.34412,46.97048],[17.32742,46.97881],[17.30833,46.97917],[17.30718,46.98365],[17.30074,46.97827],[17.29943,46.97009],[17.3036,46.96471],[17.30473,46.93665],[17.29908,46.92987],[17.28946,46.9286],[17.28333,46.92083],[17.27279,46.92027],[17.26054,46.9089],[17.25538,46.90777],[17.25325,46.91605],[17.22591,46.91728],[17.22418,46.92403],[17.21985,46.92557],[17.20638,46.91307],[17.19341,46.91215],[17.18992,46.90869],[17.17745,46.90798],[17.16492,46.92048],[17.14583,46.92083],[17.1411,46.94388],[17.13277,46.95491],[17.13693,46.96029],[17.13807,46.97158],[17.12973,46.98529],[17.12443,47.01054],[17.11608,47.01991],[17.10918,47.02168],[17.10777,47.02721],[17.0964,47.03946],[17.09167,47.05833],[17.07994,47.05905],[17.07842,47.07397],[17.04758,47.07048],[17.04409,47.06702],[17.025,47.06667],[17.01909,47.07048],[17.00591,47.07119],[16.99758,47.07535],[16.98369,47.08922],[16.98298,47.10242],[16.97293,47.11667],[16.96909,47.11285],[16.95591,47.11215],[16.93138,47.09223],[16.91738,47.08661],[16.91596,47.07589],[16.89672,47.07012],[16.89583,47.06667],[16.86424,47.06631],[16.84409,47.05035],[16.8375,47.05],[16.83665,47.04668],[16.81862,47.03693],[16.80638,47.02557],[16.74668,46.99498],[16.7447,46.98724],[16.73825,46.99223],[16.73351,46.99042],[16.72828,46.97988],[16.71862,46.9786],[16.70085,46.96998],[16.69915,46.96335],[16.68542,46.9588],[16.68124,46.96204],[16.66471,46.95057],[16.65196,46.94943],[16.63418,46.94082],[16.62816,46.92977],[16.6125,46.92917],[16.58958,46.9369],[16.57884,46.92852],[16.57297,46.93269],[16.55801,46.93398],[16.55082,46.92888],[16.54923,46.91327],[16.51667,46.90833],[16.50786,46.90355],[16.49383,46.91188],[16.48017,46.91312],[16.47855,46.90201],[16.46164,46.88401],[16.43534,46.88272],[16.41458,46.87556],[16.40509,46.88009],[16.40331,46.88634],[16.39953,46.88812],[16.39383,46.88395],[16.35786,46.87855],[16.33843,46.88843],[16.3375,46.89167],[16.31008,46.89131],[16.3,46.875],[16.28091,46.87465],[16.27329,46.87048],[16.26875,46.87499],[16.26078,46.87048],[16.25242,46.87881],[16.24829,46.87952],[16.24375,46.87501],[16.23508,46.87881],[16.22742,46.87119],[16.19341,46.87048],[16.18576,46.86285],[16.16841,46.85798],[16.15659,46.85035],[16.13924,46.85035],[16.13159,46.85798],[16.12585,46.85918],[16.11994,46.8701],[16.11156,46.8714],[16.09925,46.86193],[16.09068,46.86723],[16.06875,46.85047],[16.06193,46.85908],[16.06693,46.86553],[16.06029,46.86723],[16.04388,46.88277],[16.03112,46.8839],[16.02425,46.88807],[16.01592,46.88277],[16.01054,46.88693],[15.99779,46.88807],[15.98835,46.89252],[15.9875,46.89583],[15.98138,46.89223],[15.96156,46.8911],[15.95221,46.89943],[15.93871,46.90057],[15.9375,46.89583],[15.93091,46.89548],[15.92708,46.89168],[15.92292,46.89582],[15.91909,46.89202],[15.9125,46.89167],[15.91181,46.90336],[15.89536,46.90895],[15.88966,46.90478],[15.875,46.90417],[15.86998,46.91582],[15.85417,46.92083],[15.84792,46.91668],[15.83576,46.92465],[15.82674,46.92535],[15.81458,46.93749],[15.80659,46.92952],[15.79412,46.92881],[15.78579,46.93369],[15.78159,46.92952],[15.76495,46.92881],[15.76042,46.93332],[15.75659,46.92952],[15.74167,46.92917],[15.74131,46.93576],[15.73369,46.94341],[15.72917,46.95833],[15.71909,46.96631],[15.69668,46.96752],[15.69067,46.97856],[15.66446,46.97973],[15.65,46.9875],[15.64583,46.99167],[15.64527,47.01054],[15.64078,47.02012],[15.62168,47.02585],[15.61596,47.04495],[15.6125,47.04583],[15.6125,47.05417],[15.60417,47.05417],[15.59167,47.06667],[15.59105,47.07299],[15.56941,47.09575],[15.5597,47.09105],[15.55384,47.10331],[15.5414,47.10512],[15.54645,47.1153],[15.53419,47.12116],[15.53256,47.13236],[15.52593,47.13426],[15.51571,47.14924],[15.49775,47.1547],[15.47725,47.1703],[15.45739,47.17136],[15.451,47.16618],[15.44644,47.1676],[15.4464,47.18971],[15.45096,47.19518],[15.46577,47.19649],[15.46667,47.2],[15.4509,47.21315],[15.44544,47.22403],[15.43724,47.22614],[15.44223,47.23825],[15.4371,47.24487],[15.43002,47.24668],[15.42832,47.25332],[15.41667,47.25833],[15.4161,47.28554],[15.41193,47.29462],[15.41888,47.2964],[15.42696,47.3036],[15.43661,47.30488],[15.43835,47.31165],[15.44388,47.31307],[15.46667,47.3375],[15.48138,47.33807],[15.48946,47.34527],[15.50327,47.34649],[15.50505,47.35346],[15.53333,47.35833],[15.53785,47.37671],[15.53369,47.38091],[15.53298,47.39755],[15.5375,47.40417],[15.57401,47.40895],[15.58002,47.41998],[15.58807,47.42205],[15.58693,47.43138],[15.58277,47.43675],[15.5839,47.44388],[15.59527,47.45612],[15.59668,47.46165],[15.60833,47.46667],[15.64583,47.47083],[15.64999,47.47708],[15.64619,47.48091],[15.64548,47.50171],[15.65171,47.50798],[15.66841,47.51631],[15.69409,47.52119],[15.70174,47.52881],[15.71909,47.53369],[15.72674,47.54131],[15.73159,47.54202],[15.7375,47.55],[15.75638,47.55473],[15.76862,47.56193],[15.78243,47.56316],[15.78842,47.5743],[15.80208,47.5787],[15.82696,47.56307],[15.84462,47.56193],[15.84619,47.58992],[15.85798,47.60591],[15.85769,47.61976],[15.85342,47.6214],[15.84792,47.61714],[15.83002,47.62585],[15.824,47.6369],[15.77009,47.64223],[15.76471,47.63807],[15.74705,47.63693],[15.74583,47.64167],[15.725,47.64583],[15.72973,47.66344],[15.71192,47.68658],[15.70502,47.68835],[15.70417,47.69167],[15.69412,47.68715],[15.65208,47.72082],[15.63992,47.71285],[15.62983,47.7134],[15.6286,47.72721],[15.61723,47.73946],[15.6088,47.75625],[15.6211,47.77803],[15.61446,47.77973],[15.6,47.79583],[15.60089,47.79929],[15.61054,47.80057],[15.62279,47.81193],[15.63333,47.81667],[15.62139,47.84376],[15.62855,47.85201],[15.62978,47.86466],[15.63345,47.86967],[15.6409,47.8718],[15.64246,47.88254],[15.65216,47.88395],[15.66139,47.89196],[15.66667,47.90417],[15.67465,47.89826],[15.67621,47.88326],[15.69069,47.88827],[15.69283,47.89572],[15.7034,47.90097],[15.70497,47.91179],[15.73549,47.91728],[15.74907,47.92593],[15.75137,47.93395],[15.77299,47.93272],[15.7787,47.92855],[15.79367,47.93272],[15.8125,47.93333],[15.80659,47.92535],[15.8,47.925],[15.79583,47.92083],[15.79101,47.90507],[15.78272,47.8963],[15.79367,47.88395],[15.80062,47.88197],[15.79938,47.86867],[15.7792,47.83886],[15.78534,47.83395],[15.79504,47.83254],[15.79938,47.81883],[15.80085,47.79252],[15.80417,47.79167],[15.80483,47.78423],[15.80833,47.78333],[15.81862,47.79527],[15.84362,47.80777],[15.85328,47.80904],[15.85502,47.81582],[15.86446,47.82027],[15.9125,47.825],[15.92291,47.81296],[15.92842,47.81723],[15.93971,47.8161],[15.96165,47.80748],[15.9625,47.80417],[15.98529,47.8161],[16.00733,47.81728],[16.01755,47.83262],[16.04804,47.83807],[16.06029,47.84943],[16.09388,47.85057],[16.11175,47.8589],[16.12917,47.84583],[16.13576,47.84619],[16.13924,47.84965],[16.16076,47.85035],[16.16424,47.85381],[16.17742,47.85452],[16.18091,47.85798],[16.1875,47.85833],[16.18871,47.8536],[16.20208,47.85786],[16.20759,47.8536],[16.21862,47.86193],[16.274,47.86727],[16.2786,47.87279],[16.27983,47.88664],[16.28455,47.8877],[16.30612,47.87973],[16.3125,47.87917],[16.31371,47.8839],[16.32425,47.8786],[16.34915,47.88835],[16.35097,47.89544],[16.36862,47.90777],[16.40242,47.90869],[16.40591,47.91215],[16.41492,47.91285],[16.43924,47.93715],[16.45659,47.94202],[16.47674,47.95381],[16.50242,47.95869],[16.50833,47.9625]]]},"properties":{"hybas_id":"2060488360","pfaf_id":"227940","sub_area":"17740.0","up_area":"17740.0","next_down":"2060488080","main_bas":"2060008490","kind":"basin","source":"local-hydrobasins"}},{"type":"Feature","geometry":{"type":"MultiPolygon","coordinates":[[[[14.54583,46.67917],[14.53533,46.67977],[14.52594,46.68797],[14.51744,46.68672],[14.51606,46.67699],[14.50779,46.66753],[14.49946,46.66606],[14.46884,46.67856],[14.45766,46.67977],[14.45065,46.67411],[14.45089,46.65488],[14.46161,46.65346],[14.46347,46.64623],[14.46862,46.64223],[14.47828,46.64096],[14.48002,46.63418],[14.49938,46.62409],[14.5,46.60833],[14.49229,46.60326],[14.49167,46.59167],[14.4843,46.5871],[14.48244,46.57984],[14.47009,46.5786],[14.45624,46.58704],[14.44804,46.57973],[14.43675,46.5786],[14.41875,46.58703],[14.40242,46.57952],[14.37083,46.57917],[14.37017,46.57173],[14.36042,46.56714],[14.34252,46.57585],[14.34053,46.5836],[14.33554,46.57973],[14.32173,46.57851],[14.31492,46.57119],[14.29829,46.57535],[14.29409,46.57119],[14.27674,46.56631],[14.27083,46.55833],[14.26079,46.56285],[14.24826,46.55452],[14.21912,46.55381],[14.21492,46.55798],[14.19341,46.55869],[14.18159,46.56631],[14.17329,46.56702],[14.16909,46.56285],[14.12745,46.56215],[14.11492,46.57048],[14.10417,46.57083],[14.09911,46.58262],[14.08554,46.58693],[14.06446,46.58807],[14.05196,46.59223],[14.04388,46.59943],[13.98946,46.60057],[13.98112,46.60473],[13.95476,46.63021],[13.95417,46.65],[13.97326,46.64619],[13.99341,46.66215],[14.0125,46.6625],[14.01335,46.66998],[14.02083,46.67083],[14.0218,46.67423],[14.04799,46.67978],[14.06034,46.68688],[14.08549,46.68812],[14.09932,46.69248],[14.10062,46.71883],[14.11268,46.73626],[14.10484,46.7385],[14.10355,46.76049],[14.09565,46.76959],[14.10301,46.77169],[14.10478,46.77547],[14.09645,46.79367],[14.09583,46.80417],[14.0884,46.80351],[14.0866,46.79649],[14.07279,46.79527],[14.05221,46.7839],[14.03333,46.78333],[14.03243,46.78686],[14.01446,46.78807],[13.98847,46.80456],[13.98277,46.82158],[13.98807,46.83212],[13.98002,46.83418],[13.97917,46.8375],[13.98404,46.86161],[13.99933,46.86756],[14.00057,46.87991],[13.9964,46.88529],[13.99527,46.90638],[13.99167,46.91667],[14.01466,46.92145],[14.02701,46.93272],[14.03671,46.93413],[14.03836,46.9455],[14.04583,46.95],[14.0504,46.96153],[14.09093,46.98006],[14.09223,46.98825],[14.0839,47.00196],[14.0827,47.01993],[14.07952,47.02329],[14.11008,47.04131],[14.125,47.04583],[14.13971,47.04527],[14.15732,47.0286],[14.16579,47.0299],[14.16788,47.03807],[14.18971,47.03693],[14.20638,47.03277],[14.21446,47.02557],[14.22917,47.025],[14.23576,47.02535],[14.25,47.0375],[14.26495,47.02881],[14.30659,47.02952],[14.31008,47.03298],[14.33333,47.03333],[14.33277,47.04804],[14.32963,47.05209],[14.34536,47.07708],[14.3411,47.08408],[14.34623,47.0907],[14.35612,47.09527],[14.36993,47.09649],[14.37956,47.1157],[14.38554,47.11723],[14.39583,47.12917],[14.40591,47.12119],[14.42742,47.11631],[14.43924,47.10869],[14.46909,47.10798],[14.47258,47.10452],[14.49409,47.10381],[14.49829,47.09965],[14.50242,47.10035],[14.51458,47.11249],[14.51841,47.10869],[14.54512,47.10745],[14.55085,47.07585],[14.57083,47.0625],[14.5714,47.04779],[14.58807,47.03018],[14.5838,47.01457],[14.59258,47.00061],[14.61992,46.99939],[14.62168,46.99252],[14.62832,46.99082],[14.63013,46.98373],[14.63529,46.97973],[14.64779,46.9714],[14.66054,46.97027],[14.67877,46.96153],[14.68333,46.95417],[14.6713,46.94375],[14.6787,46.92291],[14.6714,46.91471],[14.6625,46.89583],[14.65591,46.89548],[14.64131,46.88088],[14.64202,46.86424],[14.64965,46.85242],[14.65035,46.83091],[14.65833,46.82083],[14.64585,46.80625],[14.65035,46.80171],[14.64965,46.79758],[14.62918,46.77708],[14.63298,46.77326],[14.63333,46.75417],[14.61446,46.75473],[14.58124,46.77037],[14.57175,46.76192],[14.56993,46.75483],[14.5625,46.75417],[14.55798,46.72258],[14.55035,46.71492],[14.54583,46.67917]]],[[[14.55057,46.67795],[14.54701,46.67459],[14.54583,46.67917],[14.55057,46.67795]]]]},"properties":{"hybas_id":"2060517480","pfaf_id":"227806","sub_area":"2303.0","up_area":"2303.2","next_down":"2060523720","main_bas":"2060008490","kind":"basin","source":"local-hydrobasins"}},{"type":"Feature","geometry":{"type":"Polygon","coordinates":[[[14.32083,46.575],[14.32173,46.57851],[14.33554,46.57973],[14.34053,46.5836],[14.34252,46.57585],[14.36042,46.56714],[14.37017,46.57173],[14.37083,46.57917],[14.40242,46.57952],[14.41875,46.58703],[14.43675,46.5786],[14.44804,46.57973],[14.45624,46.58704],[14.47009,46.5786],[14.48244,46.57984],[14.4843,46.5871],[14.49167,46.59167],[14.49229,46.60326],[14.5,46.60833],[14.51179,46.60328],[14.51667,46.58333],[14.52286,46.57981],[14.54786,46.57148],[14.57714,46.57019],[14.61036,46.55064],[14.6325,46.54483],[14.63398,46.53679],[14.62148,46.52297],[14.62019,46.51037],[14.61639,46.50501],[14.63366,46.50352],[14.63953,46.50769],[14.66464,46.50898],[14.675,46.51667],[14.68159,46.51631],[14.70591,46.50452],[14.72083,46.50417],[14.71312,46.48966],[14.71171,46.47996],[14.70097,46.4784],[14.69903,46.4716],[14.68816,46.47002],[14.6875,46.45],[14.66841,46.44965],[14.66492,46.44619],[14.64758,46.44548],[14.64409,46.44202],[14.61008,46.44131],[14.60659,46.43785],[14.59758,46.43715],[14.58335,46.41875],[14.58715,46.41492],[14.58785,46.39412],[14.575,46.375],[14.56757,46.37434],[14.56667,46.37083],[14.55949,46.37511],[14.55355,46.39383],[14.52978,46.41867],[14.52836,46.42845],[14.51203,46.42978],[14.48966,46.41728],[14.4787,46.41605],[14.47299,46.42022],[14.44167,46.425],[14.44167,46.42917],[14.42917,46.4375],[14.42917,46.44583],[14.39758,46.44548],[14.38576,46.43785],[14.34758,46.43715],[14.33576,46.42952],[14.31078,46.42881],[14.30242,46.43715],[14.28542,46.44582],[14.28125,46.44168],[14.27329,46.44619],[14.24826,46.43369],[14.22674,46.43369],[14.21875,46.44165],[14.21492,46.43785],[14.20245,46.43715],[14.19826,46.44131],[14.19167,46.44167],[14.18159,46.43369],[14.16078,46.43298],[14.15242,46.44131],[14.13924,46.44619],[14.13369,46.45171],[14.12881,46.46492],[14.11912,46.47464],[14.11008,46.47535],[14.10659,46.47881],[14.09341,46.47952],[14.08992,46.48298],[14.07674,46.48369],[14.07326,46.48715],[14.06008,46.48785],[14.05659,46.49131],[14.03995,46.49202],[14.03159,46.48369],[14.00662,46.48298],[14.00242,46.48715],[13.98924,46.48785],[13.97742,46.49965],[13.96424,46.50035],[13.95833,46.50417],[13.96723,46.52575],[13.96307,46.53112],[13.96193,46.54265],[13.97443,46.55612],[13.97557,46.56545],[13.96862,46.56723],[13.95925,46.57558],[13.95742,46.58271],[13.93529,46.5839],[13.91471,46.5911],[13.89925,46.59223],[13.88125,46.5838],[13.87567,46.58845],[13.87443,46.60075],[13.87917,46.6125],[13.9034,46.61744],[13.90481,46.6313],[13.9125,46.64167],[13.94826,46.64619],[13.95417,46.65],[13.95476,46.63021],[13.98112,46.60473],[13.98946,46.60057],[14.04388,46.59943],[14.05196,46.59223],[14.06446,46.58807],[14.08554,46.58693],[14.09911,46.58262],[14.10417,46.57083],[14.11492,46.57048],[14.12745,46.56215],[14.16909,46.56285],[14.17329,46.56702],[14.18159,46.56631],[14.19341,46.55869],[14.21492,46.55798],[14.21912,46.55381],[14.24826,46.55452],[14.26079,46.56285],[14.27083,46.55833],[14.27674,46.56631],[14.29409,46.57119],[14.29829,46.57535],[14.30659,46.57465],[14.31079,46.57048],[14.32083,46.575]]]},"properties":{"hybas_id":"2060517570","pfaf_id":"227807","sub_area":"821.9","up_area":"8021.4","next_down":"2060523720","main_bas":"2060008490","kind":"basin","source":"local-hydrobasins"}},{"type":"Feature","geometry":{"type":"Polygon","coordinates":[[[13.9125,46.64167],[13.90481,46.6313],[13.9034,46.61744],[13.88953,46.61602],[13.87917,46.6125],[13.87917,46.60833],[13.86859,46.6078],[13.85641,46.60053],[13.84775,46.59947],[13.83525,46.59114],[13.82576,46.58238],[13.82423,46.57591],[13.81989,46.57447],[13.81475,46.57864],[13.80609,46.5797],[13.79793,46.58711],[13.79073,46.5828],[13.78558,46.58697],[13.75192,46.5922],[13.74808,46.5953],[13.70609,46.59636],[13.6875,46.60417],[13.66738,46.6049],[13.66667,46.6375],[13.63947,46.63808],[13.6272,46.64525],[13.59911,46.65058],[13.58846,46.64115],[13.58657,46.63396],[13.55765,46.63275],[13.54239,46.64254],[13.54094,46.65331],[13.53459,46.65475],[13.53333,46.65],[13.49341,46.65035],[13.48992,46.65381],[13.47258,46.65452],[13.46667,46.65833],[13.44758,46.65798],[13.43995,46.65381],[13.43576,46.65798],[13.42329,46.65869],[13.41909,46.65452],[13.40833,46.65417],[13.40748,46.65748],[13.38946,46.66307],[13.38138,46.67027],[13.36029,46.6714],[13.35221,46.6786],[13.32696,46.6839],[13.31759,46.69225],[13.31579,46.69927],[13.3074,46.70057],[13.29804,46.69223],[13.28656,46.6911],[13.27721,46.69943],[13.25,46.7125],[13.21008,46.71285],[13.20625,46.71665],[13.19202,46.70662],[13.19167,46.69583],[13.18508,46.69548],[13.18159,46.69202],[13.1625,46.69167],[13.16159,46.68811],[13.13529,46.68693],[13.12917,46.68333],[13.11424,46.68369],[13.08992,46.69965],[13.03112,46.70057],[13.02304,46.70777],[13.00923,46.70899],[13.00833,46.7125],[12.98946,46.71307],[12.98554,46.7161],[12.95759,46.71723],[12.95221,46.71307],[12.92425,46.71193],[12.91335,46.71752],[12.91165,46.72415],[12.90221,46.7286],[12.84705,46.72973],[12.84583,46.725],[12.83942,46.72553],[12.82308,46.7328],[12.8093,46.73394],[12.8078,46.73844],[12.81197,46.74359],[12.8125,46.75833],[12.78924,46.75798],[12.77326,46.75035],[12.74583,46.75],[12.74031,46.7583],[12.73549,46.75478],[12.71203,46.75355],[12.68845,46.76277],[12.68272,46.74367],[12.67453,46.73688],[12.64375,46.74944],[12.62284,46.74105],[12.61466,46.73395],[12.59788,46.73268],[12.59379,46.72982],[12.54657,46.72847],[12.54518,46.70621],[12.53399,46.69379],[12.53268,46.68309],[12.5375,46.67083],[12.51841,46.67535],[12.51492,46.67881],[12.47917,46.67917],[12.47329,46.68715],[12.43534,46.68688],[12.43033,46.68322],[12.42022,46.65617],[12.40753,46.6424],[12.3799,46.6367],[12.37851,46.62173],[12.36366,46.61213],[12.3625,46.61667],[12.35609,46.6172],[12.34659,46.62595],[12.34507,46.63242],[12.31667,46.62917],[12.31165,46.64082],[12.30221,46.64527],[12.27696,46.6464],[12.26752,46.65085],[12.26193,46.67182],[12.27455,46.68542],[12.2615,46.69937],[12.24257,46.70064],[12.2411,46.70638],[12.22973,46.71862],[12.2286,46.73212],[12.24388,46.73807],[12.25612,46.74943],[12.30742,46.75059],[12.31307,46.76888],[12.31706,46.77403],[12.32415,46.77585],[12.325,46.77917],[12.31464,46.78269],[12.28411,46.78403],[12.28333,46.79167],[12.28665,46.79252],[12.2912,46.80208],[12.28693,46.81741],[12.29252,46.82832],[12.30335,46.83416],[12.30473,46.84045],[12.29643,46.84258],[12.29583,46.8625],[12.28091,46.87119],[12.27415,46.88248],[12.25638,46.8911],[12.24068,46.89223],[12.22721,46.87973],[12.21335,46.87585],[12.20325,46.90773],[12.17279,46.9089],[12.15417,46.91667],[12.16723,46.93844],[12.15745,46.95346],[12.13821,46.95922],[12.12557,46.99779],[12.125,47.00833],[12.13112,47.0161],[12.14925,47.02557],[12.16165,47.01998],[12.1625,47.01667],[12.18091,47.02465],[12.19409,47.02535],[12.19792,47.02915],[12.20174,47.02535],[12.20833,47.025],[12.21738,47.05745],[12.22415,47.05918],[12.225,47.0625],[12.23243,47.06316],[12.23333,47.06667],[12.25659,47.06702],[12.27881,47.08505],[12.27917,47.09167],[12.28576,47.09202],[12.28995,47.09619],[12.29826,47.09548],[12.30245,47.09131],[12.31079,47.09202],[12.32258,47.10798],[12.33576,47.10869],[12.34167,47.1125],[12.34258,47.10894],[12.35833,47.10833],[12.35833,47.11667],[12.3536,47.11788],[12.35473,47.12721],[12.36446,47.1411],[12.38946,47.14943],[12.4,47.15],[12.42158,47.1411],[12.42696,47.14527],[12.46471,47.1464],[12.48248,47.15502],[12.48333,47.15833],[12.49804,47.15777],[12.51029,47.15057],[12.51995,47.14929],[12.5254,47.13847],[12.55209,47.12546],[12.5625,47.1375],[12.56862,47.1339],[12.58138,47.13277],[12.59082,47.12832],[12.59167,47.125],[12.62326,47.12048],[12.64341,47.10035],[12.65242,47.09965],[12.65591,47.09619],[12.66667,47.09583],[12.67465,47.10591],[12.675,47.11667],[12.68091,47.12048],[12.7125,47.12083],[12.71341,47.1173],[12.73243,47.11603],[12.7384,47.10066],[12.75221,47.09943],[12.75625,47.0963],[12.76175,47.10057],[12.77826,47.09936],[12.78038,47.0911],[12.79388,47.09223],[12.79779,47.09527],[12.82083,47.09583],[12.82168,47.09252],[12.83656,47.08277],[12.88138,47.0839],[12.88542,47.08703],[12.88946,47.0839],[12.91888,47.08277],[12.94103,47.07409],[12.9423,47.05507],[12.94915,47.05332],[12.95591,47.04619],[12.96667,47.04583],[12.97279,47.03807],[12.98554,47.0339],[12.99915,47.04252],[13.0,47.04583],[13.00612,47.04223],[13.01993,47.04101],[13.0218,47.03373],[13.02696,47.02973],[13.03971,47.0286],[13.04779,47.0214],[13.05638,47.02027],[13.07083,47.0125],[13.0782,47.01706],[13.08008,47.0244],[13.12304,47.02557],[13.12917,47.03333],[13.16492,47.03369],[13.18542,47.04582],[13.18995,47.04131],[13.21492,47.04202],[13.21841,47.04548],[13.23992,47.04619],[13.24341,47.04965],[13.25,47.05],[13.24943,47.06054],[13.24213,47.07293],[13.25085,47.08665],[13.275,47.09583],[13.29409,47.09548],[13.30245,47.08715],[13.31076,47.08785],[13.32258,47.09548],[13.35,47.09583],[13.35417,47.1],[13.36076,47.09965],[13.36424,47.09619],[13.37329,47.09548],[13.37881,47.08992],[13.37952,47.08088],[13.38924,47.07119],[13.39826,47.07048],[13.40174,47.06702],[13.40833,47.06667],[13.40918,47.06998],[13.43125,47.08286],[13.43529,47.07973],[13.47721,47.0786],[13.50196,47.0714],[13.52304,47.07027],[13.54779,47.0589],[13.56888,47.05777],[13.57425,47.0536],[13.58971,47.05473],[13.59583,47.05833],[13.59705,47.0536],[13.60638,47.05473],[13.61175,47.0589],[13.64075,47.05772],[13.64674,47.04229],[13.66888,47.0411],[13.67917,47.0375],[13.67845,47.03015],[13.66783,47.02489],[13.66574,47.01759],[13.65355,47.00933],[13.6838,47.00355],[13.68958,47.00777],[13.71451,46.99228],[13.73125,46.98806],[13.74793,46.99528],[13.76034,46.98395],[13.76714,46.98272],[13.78579,46.99548],[13.79548,46.98576],[13.79619,46.97674],[13.79965,46.97326],[13.8,46.95417],[13.79167,46.94167],[13.78333,46.94167],[13.78418,46.93835],[13.79804,46.93277],[13.82696,46.91307],[13.85295,46.90777],[13.85505,46.91596],[13.88435,46.9214],[13.90208,46.90462],[13.91029,46.91193],[13.91741,46.91307],[13.92991,46.90777],[13.94487,46.91706],[13.94583,46.92083],[13.95242,46.92048],[13.95591,46.91702],[13.99167,46.91667],[13.99527,46.90638],[13.9964,46.88529],[14.00057,46.87991],[13.99933,46.86756],[13.98404,46.86161],[13.97917,46.8375],[13.98002,46.83418],[13.98807,46.83212],[13.98277,46.82158],[13.98847,46.80456],[14.00612,46.79223],[14.01446,46.78807],[14.03243,46.78686],[14.03333,46.78333],[14.05221,46.7839],[14.07279,46.79527],[14.0866,46.79649],[14.0884,46.80351],[14.09583,46.80417],[14.09645,46.79367],[14.10478,46.77547],[14.10301,46.77169],[14.09565,46.76959],[14.10355,46.76049],[14.10484,46.7385],[14.11268,46.73626],[14.10062,46.71883],[14.09932,46.69248],[14.08549,46.68812],[14.06034,46.68688],[14.04799,46.67978],[14.0218,46.67423],[14.02083,46.67083],[14.01335,46.66998],[14.0125,46.6625],[13.99341,46.66215],[13.97326,46.64619],[13.95417,46.65],[13.94826,46.64619],[13.9125,46.64167]]]},"properties":{"hybas_id":"2060517330","pfaf_id":"227809","sub_area":"5817.7","up_area":"5817.9","next_down":"2060517570","main_bas":"2060008490","kind":"basin","source":"local-hydrobasins"}},{"type":"Feature","geometry":{"type":"Polygon","coordinates":[[[13.0375,46.7],[13.08992,46.69965],[13.11424,46.68369],[13.12917,46.68333],[13.13529,46.68693],[13.16159,46.68811],[13.1625,46.69167],[13.18159,46.69202],[13.18508,46.69548],[13.19167,46.69583],[13.19202,46.70662],[13.20625,46.71665],[13.21008,46.71285],[13.25,46.7125],[13.27721,46.69943],[13.28656,46.6911],[13.29804,46.69223],[13.3074,46.70057],[13.31579,46.69927],[13.31759,46.69225],[13.32696,46.6839],[13.35221,46.6786],[13.36029,46.6714],[13.38138,46.67027],[13.38946,46.66307],[13.40748,46.65748],[13.40833,46.65417],[13.41909,46.65452],[13.42329,46.65869],[13.43576,46.65798],[13.43995,46.65381],[13.44758,46.65798],[13.46667,46.65833],[13.47258,46.65452],[13.48992,46.65381],[13.49341,46.65035],[13.53333,46.65],[13.53459,46.65475],[13.54094,46.65331],[13.54239,46.64254],[13.55765,46.63275],[13.58657,46.63396],[13.58846,46.64115],[13.59911,46.65058],[13.6272,46.64525],[13.63947,46.63808],[13.66667,46.6375],[13.66738,46.6049],[13.6875,46.60417],[13.70609,46.59636],[13.74808,46.5953],[13.75192,46.5922],[13.78558,46.58697],[13.79073,46.5828],[13.79793,46.58711],[13.80609,46.5797],[13.81475,46.57864],[13.81989,46.57447],[13.82423,46.57591],[13.82576,46.58238],[13.83525,46.59114],[13.84775,46.59947],[13.85641,46.60053],[13.86859,46.6078],[13.87917,46.60833],[13.87443,46.60075],[13.87567,46.58845],[13.88125,46.5838],[13.89925,46.59223],[13.91471,46.5911],[13.93529,46.5839],[13.95742,46.58271],[13.95925,46.57558],[13.96862,46.56723],[13.97557,46.56545],[13.97443,46.55612],[13.96193,46.54265],[13.96307,46.53112],[13.96723,46.52575],[13.9661,46.51862],[13.95833,46.50833],[13.94341,46.50869],[13.91909,46.52048],[13.90245,46.52119],[13.89412,46.51631],[13.88992,46.52048],[13.88162,46.52119],[13.86492,46.51285],[13.84412,46.51215],[13.83992,46.51631],[13.83162,46.51702],[13.82326,46.50869],[13.81424,46.50798],[13.81042,46.50418],[13.80659,46.50798],[13.78508,46.50869],[13.77742,46.51631],[13.74412,46.52119],[13.73579,46.51631],[13.72292,46.52499],[13.71875,46.52085],[13.71458,46.52499],[13.69797,46.51314],[13.67992,46.51176],[13.67852,46.49551],[13.68269,46.48963],[13.68398,46.47287],[13.68748,46.46793],[13.69801,46.46304],[13.70064,46.45801],[13.69169,46.44293],[13.6843,46.4407],[13.68333,46.4375],[13.65612,46.44223],[13.65208,46.44536],[13.64804,46.44223],[13.61029,46.4411],[13.59362,46.43693],[13.5798,46.42826],[13.5786,46.41029],[13.5699,46.4007],[13.56029,46.39943],[13.53971,46.38807],[13.52279,46.38693],[13.51732,46.38237],[13.51667,46.375],[13.49341,46.37535],[13.48369,46.38505],[13.48369,46.40659],[13.48715,46.41008],[13.48807,46.41888],[13.49681,46.42851],[13.5116,46.42983],[13.52036,46.44792],[13.51714,46.45208],[13.5287,46.46874],[13.52557,46.47279],[13.52443,46.53971],[13.50452,46.56005],[13.50417,46.56667],[13.47425,46.56193],[13.46592,46.56723],[13.45221,46.5589],[13.43675,46.55777],[13.43138,46.56193],[13.40924,46.56312],[13.40377,46.57403],[13.39388,46.5786],[13.37917,46.57917],[13.37173,46.57851],[13.36992,46.57145],[13.34258,46.57022],[13.33333,46.55417],[13.31424,46.55452],[13.3,46.5625],[13.26175,46.55777],[13.25323,46.56307],[13.24388,46.55473],[13.23038,46.5536],[13.22404,46.56601],[13.18946,46.5714],[13.18138,46.5786],[13.175,46.57917],[13.17409,46.58689],[13.14779,46.58807],[13.12304,46.59527],[13.09758,46.59619],[13.08162,46.60452],[13.07742,46.60035],[13.06424,46.59965],[13.06076,46.59619],[13.04583,46.59583],[13.03091,46.59619],[13.025,46.60417],[13.01909,46.60035],[12.97745,46.59965],[12.97326,46.60381],[12.94341,46.60452],[12.93992,46.60798],[12.90662,46.60869],[12.90242,46.60452],[12.8854,46.60485],[12.87708,46.61183],[12.87293,46.60901],[12.83411,46.60765],[12.83333,46.62917],[12.80508,46.62976],[12.79908,46.64096],[12.77304,46.64943],[12.76592,46.65057],[12.75196,46.64527],[12.73835,46.63665],[12.7375,46.63333],[12.72917,46.63333],[12.71667,46.65],[12.68995,46.65869],[12.68576,46.65452],[12.67329,46.65381],[12.66909,46.65798],[12.66079,46.65869],[12.64375,46.65001],[12.62326,46.66215],[12.61495,46.66285],[12.60659,46.65452],[12.58578,46.65869],[12.57742,46.65035],[12.57083,46.65],[12.55659,46.65798],[12.54758,46.65869],[12.53786,46.66838],[12.53268,46.68309],[12.53399,46.69379],[12.54518,46.70621],[12.54657,46.72847],[12.59379,46.72982],[12.59788,46.73268],[12.61466,46.73395],[12.62284,46.74105],[12.64375,46.74944],[12.67453,46.73688],[12.68272,46.74367],[12.68845,46.76277],[12.71203,46.75355],[12.73549,46.75478],[12.74031,46.7583],[12.74583,46.75],[12.77326,46.75035],[12.78924,46.75798],[12.8125,46.75833],[12.81197,46.74359],[12.8078,46.73844],[12.8093,46.73394],[12.82308,46.7328],[12.83942,46.72553],[12.84583,46.725],[12.84705,46.72973],[12.90221,46.7286],[12.91165,46.72415],[12.91335,46.71752],[12.92425,46.71193],[12.95221,46.71307],[12.95759,46.71723],[12.98554,46.7161],[12.98946,46.71307],[13.00833,46.7125],[13.00923,46.70899],[13.02304,46.70777],[13.03112,46.70057],[13.0375,46.7]]]},"properties":{"hybas_id":"2060517550","pfaf_id":"227808","sub_area":"1381.9","up_area":"1381.9","next_down":"2060517570","main_bas":"2060008490","kind":"basin","source":"local-hydrobasins"}},{"type":"Feature","geometry":{"type":"Polygon","coordinates":[[[12.675,47.11667],[12.67465,47.10591],[12.67083,47.1],[12.66667,47.09583],[12.65591,47.09619],[12.65242,47.09965],[12.64341,47.10035],[12.62326,47.12048],[12.59167,47.125],[12.59082,47.12832],[12.58138,47.13277],[12.56862,47.1339],[12.5625,47.1375],[12.55209,47.12546],[12.53946,47.12973],[12.5254,47.13847],[12.51995,47.14929],[12.51029,47.15057],[12.49804,47.15777],[12.48333,47.15833],[12.48248,47.15502],[12.46471,47.1464],[12.42696,47.14527],[12.42158,47.1411],[12.40221,47.14943],[12.38946,47.14943],[12.3593,47.1371],[12.3536,47.11788],[12.35833,47.11667],[12.35833,47.10833],[12.34258,47.10894],[12.34167,47.1125],[12.33576,47.10869],[12.32258,47.10798],[12.31079,47.09202],[12.30245,47.09131],[12.29826,47.09548],[12.28995,47.09619],[12.28576,47.09202],[12.27917,47.09167],[12.27881,47.08505],[12.25659,47.06702],[12.23333,47.06667],[12.22832,47.07832],[12.19804,47.0911],[12.17406,47.09223],[12.16471,47.0839],[12.15221,47.07973],[12.14092,47.0786],[12.13333,47.08333],[12.13248,47.08002],[12.11592,47.07443],[12.11054,47.0786],[12.09509,47.07973],[12.08013,47.07044],[12.07832,47.06335],[12.06888,47.0589],[12.05759,47.05777],[12.05221,47.06193],[12.03675,47.06307],[12.03013,47.05794],[12.02825,47.05058],[11.97674,47.04965],[11.96909,47.04202],[11.96008,47.04131],[11.94826,47.03369],[11.91841,47.03298],[11.91492,47.02952],[11.90612,47.0286],[11.88971,47.01723],[11.87279,47.0161],[11.85638,47.00473],[11.84362,47.0036],[11.83138,46.99223],[11.81341,46.99103],[11.8125,46.9875],[11.80833,46.9875],[11.80742,46.99105],[11.78259,46.99223],[11.76492,46.97535],[11.75591,46.97465],[11.74826,46.96702],[11.73924,46.96702],[11.72258,46.97535],[11.71079,46.99548],[11.68162,46.99619],[11.67742,46.99202],[11.66495,46.99131],[11.64758,47.00035],[11.63333,47.01667],[11.61492,47.00869],[11.58508,47.00381],[11.56492,46.99202],[11.55174,46.99131],[11.53333,46.98333],[11.52284,46.98812],[11.49383,47.01188],[11.4826,47.01312],[11.47167,47.00363],[11.47003,46.99237],[11.45201,46.99105],[11.44134,46.97586],[11.43117,46.97438],[11.42299,46.96728],[11.4037,46.96605],[11.38117,46.97562],[11.37299,46.98272],[11.35926,46.98843],[11.35833,46.99167],[11.35221,46.98807],[11.27696,46.98277],[11.25502,46.97415],[11.25417,46.97083],[11.24252,46.96998],[11.24167,46.96667],[11.20591,46.96702],[11.20242,46.97048],[11.18995,46.97119],[11.17326,46.95869],[11.16667,46.95833],[11.16667,46.95417],[11.15869,46.94829],[11.15798,46.94341],[11.13992,46.92952],[11.12329,46.92881],[11.11875,46.93332],[11.11492,46.92952],[11.10417,46.92917],[11.1036,46.92279],[11.09527,46.91344],[11.0964,46.89779],[11.09996,46.8932],[11.08404,46.88245],[11.08277,46.87279],[11.07027,46.85932],[11.07557,46.84658],[11.0713,46.83957],[11.07973,46.8301],[11.07797,46.82522],[11.05221,46.8089],[11.04259,46.80763],[11.02557,46.78138],[11.02429,46.77172],[11.02083,46.77083],[11.0134,46.77149],[11.0125,46.775],[10.98162,46.77048],[10.96909,46.77881],[10.93924,46.77881],[10.93576,46.77535],[10.91008,46.77465],[10.88992,46.76285],[10.88162,46.76215],[10.84409,46.78298],[10.83162,46.78369],[10.82326,46.77535],[10.81078,46.77465],[10.79412,46.79548],[10.78579,46.79619],[10.77326,46.78785],[10.75245,46.78715],[10.74826,46.79131],[10.72917,46.79167],[10.72917,46.79583],[10.73333,46.79583],[10.73418,46.79915],[10.75346,46.80925],[10.75833,46.825],[10.75748,46.83248],[10.74826,46.83715],[10.73091,46.83785],[10.72326,46.84548],[10.70591,46.84619],[10.68579,46.87048],[10.67674,46.87119],[10.67326,46.87465],[10.66424,46.87465],[10.64412,46.86215],[10.63992,46.86631],[10.61912,46.86702],[10.61076,46.85869],[10.59583,46.85833],[10.58971,46.85057],[10.57696,46.84943],[10.56888,46.84223],[10.55491,46.83693],[10.53825,46.8464],[10.52708,46.84214],[10.52158,46.8464],[10.51684,46.84458],[10.51165,46.83418],[10.50075,46.8286],[10.48946,46.82973],[10.4801,46.83807],[10.4634,46.83686],[10.4589,46.82721],[10.45768,46.81348],[10.43554,46.79223],[10.42917,46.79167],[10.44131,46.77326],[10.44167,46.75417],[10.42982,46.74486],[10.4286,46.73112],[10.4241,46.72149],[10.41667,46.72083],[10.41604,46.70924],[10.40507,46.70767],[10.39525,46.69259],[10.38835,46.69082],[10.3838,46.68124],[10.3911,46.67304],[10.40057,46.63871],[10.38411,46.63822],[10.38333,46.64583],[10.37742,46.64965],[10.35591,46.65035],[10.35242,46.65381],[10.34412,46.65452],[10.33992,46.65035],[10.33162,46.64965],[10.3125,46.66667],[10.31181,46.65498],[10.29243,46.64903],[10.29105,46.63951],[10.28389,46.63126],[10.2884,46.61731],[10.30318,46.6036],[10.31043,46.60787],[10.32415,46.59915],[10.32585,46.59252],[10.35057,46.58212],[10.34943,46.56029],[10.34557,46.5553],[10.35,46.55417],[10.34964,46.55171],[10.34338,46.54548],[10.33091,46.54619],[10.32742,46.54965],[10.30171,46.55035],[10.28505,46.57119],[10.27258,46.57048],[10.26076,46.55869],[10.24338,46.54965],[10.22326,46.55798],[10.20833,46.55833],[10.20902,46.53828],[10.22564,46.53658],[10.22436,46.52287],[10.21731,46.51463],[10.21587,46.5005],[10.19648,46.48547],[10.19511,46.46328],[10.16353,46.45759],[10.16124,46.44998],[10.1563,46.44648],[10.14341,46.44548],[10.13333,46.43333],[10.12674,46.43298],[10.11492,46.42535],[10.08162,46.42465],[10.07742,46.42881],[10.06446,46.42973],[10.0593,46.43373],[10.05748,46.44082],[10.04167,46.44583],[10.04104,46.43424],[10.03373,46.43237],[10.02443,46.41325],[10.02973,46.40491],[10.02843,46.39671],[10.01888,46.39223],[9.97696,46.38693],[9.96054,46.37557],[9.93508,46.37465],[9.92745,46.37048],[9.91076,46.38298],[9.89828,46.38369],[9.88992,46.37535],[9.88091,46.37465],[9.87326,46.36702],[9.84341,46.36631],[9.8375,46.3625],[9.83333,46.36667],[9.82827,46.35483],[9.81446,46.3536],[9.80221,46.3464],[9.78554,46.34223],[9.76424,46.34202],[9.74167,46.35417],[9.73693,46.37721],[9.72435,46.39076],[9.69654,46.40509],[9.69527,46.41471],[9.68333,46.425],[9.69204,46.43644],[9.70199,46.44106],[9.73251,46.44661],[9.73394,46.45471],[9.72977,46.46033],[9.72856,46.48804],[9.73279,46.49375],[9.72917,46.50833],[9.71667,46.50833],[9.71578,46.51179],[9.70612,46.51307],[9.70063,46.51765],[9.69943,46.53554],[9.69583,46.54167],[9.71888,46.54223],[9.73534,46.55355],[9.75216,46.55478],[9.78117,46.56605],[9.80216,46.56728],[9.80617,46.57022],[9.82716,46.57145],[9.84096,46.57581],[9.84237,46.59501],[9.84784,46.59938],[9.86667,46.60417],[9.86723,46.61471],[9.87175,46.62013],[9.88138,46.6214],[9.89582,46.63066],[9.89127,46.63653],[9.87585,46.64252],[9.86713,46.65624],[9.87027,46.66029],[9.87083,46.67083],[9.87415,46.67168],[9.87917,46.68333],[9.88579,46.67881],[9.89409,46.67952],[9.91008,46.69131],[9.95833,46.69167],[9.95798,46.69826],[9.95418,46.70208],[9.95798,46.70591],[9.95765,46.72419],[9.94667,46.72579],[9.94522,46.7338],[9.95428,46.75301],[9.96049,46.75478],[9.97279,46.7661],[9.98245,46.76738],[9.99258,46.79105],[10.0176,46.79223],[10.02707,46.7838],[10.04101,46.79263],[10.04223,46.80638],[10.04679,46.81184],[10.0616,46.81316],[10.07123,46.83237],[10.07721,46.8339],[10.09167,46.85],[10.09583,46.85],[10.09705,46.84527],[10.14082,46.85085],[10.14104,46.86576],[10.13529,46.86723],[10.12176,46.88009],[10.09938,46.91593],[10.10075,46.92838],[10.13534,46.95772],[10.14228,46.9597],[10.13688,46.97036],[10.13819,46.99086],[10.15833,46.99583],[10.15377,47.0032],[10.13394,47.01341],[10.13333,47.02917],[10.13992,47.02952],[10.14965,47.03922],[10.15,47.05],[10.14931,47.06169],[10.13951,47.06312],[10.13402,47.06751],[10.1339,47.08554],[10.14225,47.09491],[10.1532,47.1004],[10.16308,47.11575],[10.17279,47.12027],[10.19658,47.1214],[10.20303,47.1164],[10.20473,47.12304],[10.22027,47.13946],[10.22083,47.15417],[10.24583,47.15417],[10.24673,47.15767],[10.28138,47.16307],[10.30196,47.17443],[10.35638,47.17557],[10.36446,47.18277],[10.38554,47.18277],[10.39925,47.17443],[10.42425,47.18807],[10.43679,47.18245],[10.4382,47.17175],[10.44362,47.16723],[10.47326,47.16702],[10.47881,47.17254],[10.47952,47.18576],[10.49758,47.19965],[10.51492,47.20452],[10.525,47.22083],[10.54409,47.21702],[10.56076,47.22535],[10.57258,47.23715],[10.58576,47.23715],[10.58995,47.23298],[10.60245,47.23369],[10.61424,47.24965],[10.63159,47.25035],[10.64583,47.25833],[10.64656,47.26566],[10.6565,47.27043],[10.65896,47.2754],[10.65367,47.28275],[10.65493,47.29508],[10.66881,47.29646],[10.67822,47.30095],[10.67917,47.30417],[10.70211,47.30483],[10.72289,47.31183],[10.75024,47.31329],[10.7465,47.31872],[10.74517,47.34078],[10.76558,47.34241],[10.77067,47.3528],[10.77829,47.35521],[10.77983,47.36267],[10.77083,47.375],[10.77173,47.37851],[10.78554,47.37973],[10.78946,47.38277],[10.81576,47.38395],[10.81667,47.3875],[10.83254,47.38254],[10.83843,47.36343],[10.84491,47.36157],[10.84676,47.35509],[10.85,47.35417],[10.85538,47.33693],[10.88138,47.33807],[10.89779,47.34943],[10.94409,47.35035],[10.94758,47.35381],[10.96492,47.35452],[10.96912,47.35869],[10.97917,47.35417],[11.00242,47.35452],[11.00662,47.35869],[11.02742,47.35798],[11.03091,47.35452],[11.06076,47.35381],[11.06424,47.35035],[11.075,47.35],[11.08112,47.3464],[11.1115,47.34523],[11.12292,47.32964],[11.12696,47.33277],[11.14077,47.33399],[11.14263,47.34127],[11.15417,47.34583],[11.15355,47.33117],[11.14938,47.32547],[11.15509,47.31343],[11.1662,47.30772],[11.17452,47.30923],[11.18426,47.32407],[11.19799,47.32978],[11.2076,47.33812],[11.23669,47.33683],[11.23836,47.32533],[11.24367,47.32145],[11.27292,47.31306],[11.28117,47.32022],[11.2875,47.32083],[11.29247,47.3049],[11.30735,47.30345],[11.30833,47.3],[11.31909,47.30035],[11.32258,47.30381],[11.34826,47.30452],[11.36008,47.31215],[11.39167,47.3125],[11.39252,47.31582],[11.41175,47.32557],[11.42009,47.32027],[11.42721,47.3214],[11.43679,47.32589],[11.44259,47.34525],[11.49583,47.34583],[11.49644,47.36159],[11.50221,47.36307],[11.51667,47.37917],[11.53091,47.36702],[11.56076,47.36702],[11.56841,47.37465],[11.58159,47.37535],[11.58508,47.37881],[11.6,47.37917],[11.60417,47.375],[11.60505,47.37846],[11.61471,47.37973],[11.63112,47.39527],[11.63971,47.3964],[11.65075,47.40473],[11.65612,47.40057],[11.68844,47.39943],[11.70332,47.40918],[11.70508,47.41605],[11.73138,47.41723],[11.73971,47.4214],[11.7452,47.42598],[11.7464,47.44388],[11.7536,47.45196],[11.75417,47.45833],[11.75318,47.46152],[11.74659,47.46355],[11.74101,47.48962],[11.73268,47.49942],[11.73436,47.50822],[11.75809,47.51732],[11.76587,47.51223],[11.76742,47.53699],[11.77704,47.54518],[11.79583,47.54583],[11.79965,47.55174],[11.80035,47.57326],[11.80415,47.57708],[11.80035,47.58091],[11.8,47.5875],[11.78508,47.58785],[11.77745,47.59202],[11.77326,47.58785],[11.73162,47.58715],[11.72742,47.59131],[11.70245,47.59202],[11.69826,47.58785],[11.68162,47.58298],[11.67742,47.58715],[11.67083,47.5875],[11.66962,47.58277],[11.65456,47.58847],[11.64915,47.59915],[11.64225,47.60092],[11.6339,47.61029],[11.63333,47.61667],[11.65351,47.6259],[11.65473,47.64045],[11.64649,47.64257],[11.64583,47.65],[11.6589,47.66175],[11.65777,47.67721],[11.6539,47.6822],[11.67083,47.69167],[11.67454,47.69793],[11.66723,47.70612],[11.6661,47.71545],[11.67835,47.72166],[11.67973,47.72795],[11.67157,47.73005],[11.67027,47.73825],[11.675,47.75],[11.68253,47.75074],[11.68419,47.76217],[11.68951,47.76605],[11.70351,47.76757],[11.70473,47.78138],[11.70833,47.7875],[11.69942,47.79908],[11.69252,47.80085],[11.68294,47.81987],[11.6632,47.83009],[11.65777,47.84658],[11.66307,47.85908],[11.6588,47.86459],[11.67597,47.88685],[11.68971,47.88807],[11.70332,47.89668],[11.70777,47.90612],[11.70833,47.92083],[11.71577,47.92149],[11.7178,47.92943],[11.72292,47.92547],[11.72708,47.9287],[11.74092,47.92027],[11.75612,47.9286],[11.8,47.92917],[11.80066,47.9366],[11.80417,47.9375],[11.80381,47.95242],[11.79548,47.96078],[11.79619,47.96912],[11.80762,47.97589],[11.80904,47.98658],[11.82017,47.99257],[11.82149,48.00743],[11.83333,48.0125],[11.83715,48.01841],[11.8375,48.03333],[11.84493,48.03399],[11.84619,48.04412],[11.85174,48.04965],[11.86076,48.05035],[11.86841,48.05798],[11.88162,48.06286],[11.89341,48.07881],[11.92326,48.08369],[11.93578,48.09619],[11.95638,48.09223],[11.98688,48.10508],[11.9875,48.11667],[11.99341,48.12048],[12.01492,48.12119],[12.02258,48.12881],[12.05748,48.13835],[12.05833,48.14167],[12.04252,48.14668],[12.0411,48.15221],[12.02823,48.16596],[12.01755,48.16738],[12.00057,48.19362],[12.00786,48.20208],[12.0036,48.20759],[12.01307,48.22842],[12.0036,48.25342],[12.00473,48.26888],[12.0161,48.28112],[12.01752,48.28665],[12.02696,48.2911],[12.05638,48.2911],[12.06573,48.28277],[12.07304,48.2839],[12.08248,48.28835],[12.08422,48.29512],[12.11471,48.30473],[12.13675,48.31723],[12.16862,48.3089],[12.22418,48.30897],[12.22577,48.31986],[12.23241,48.32176],[12.23434,48.32853],[12.275,48.32917],[12.27597,48.33256],[12.28681,48.33414],[12.28827,48.34911],[12.29267,48.35048],[12.29775,48.34636],[12.31667,48.34167],[12.31757,48.34517],[12.325,48.34583],[12.32589,48.34929],[12.33554,48.35057],[12.35,48.35833],[12.34931,48.37002],[12.33824,48.37164],[12.3375,48.37917],[12.34223,48.39388],[12.35901,48.4116],[12.36471,48.41307],[12.37826,48.42565],[12.38002,48.43248],[12.3907,48.4379],[12.39623,48.44903],[12.40332,48.45085],[12.40473,48.45638],[12.41764,48.47018],[12.43243,48.47149],[12.4375,48.48333],[12.46909,48.48369],[12.48579,48.49202],[12.49409,48.49131],[12.50174,48.48369],[12.51492,48.48298],[12.51875,48.47918],[12.53125,48.48749],[12.53995,48.47881],[12.54829,48.48369],[12.56667,48.47917],[12.56754,48.46642],[12.57292,48.47023],[12.58536,48.46314],[12.60214,48.46186],[12.6062,48.45898],[12.63333,48.45833],[12.63455,48.46307],[12.64779,48.4589],[12.66888,48.45777],[12.67425,48.4536],[12.68259,48.4589],[12.69792,48.45464],[12.70208,48.45786],[12.70625,48.45464],[12.71175,48.4589],[12.73248,48.45502],[12.73418,48.46165],[12.74082,48.46335],[12.74257,48.47017],[12.75638,48.4714],[12.76042,48.47453],[12.76458,48.4713],[12.77415,48.47585],[12.77585,48.48248],[12.77917,48.48333],[12.78946,48.47973],[12.81054,48.4786],[12.8199,48.47027],[12.82842,48.47557],[12.83662,48.47426],[12.8375,48.47083],[12.84758,48.47881],[12.88159,48.48369],[12.88542,48.48749],[12.88924,48.48369],[12.90659,48.47881],[12.91667,48.47083],[12.91757,48.47436],[12.96471,48.47973],[12.99031,48.48747],[12.99522,48.48133],[12.99664,48.47157],[13.00417,48.47083],[13.00505,48.47429],[13.01862,48.4786],[13.03971,48.47973],[13.04906,48.48807],[13.06888,48.48693],[13.07292,48.4838],[13.07696,48.48693],[13.08971,48.48693],[13.09779,48.47973],[13.1116,48.47851],[13.11371,48.47027],[13.12721,48.4714],[13.13259,48.47557],[13.13971,48.47443],[13.14906,48.4661],[13.16471,48.46723],[13.16862,48.47027],[13.18554,48.4714],[13.2,48.47917],[13.19557,48.48636],[13.20221,48.48807],[13.21457,48.49954],[13.22009,48.49527],[13.23971,48.4964],[13.27004,48.50496],[13.27145,48.51466],[13.28395,48.5403],[13.27199,48.54595],[13.27083,48.55],[13.27742,48.55035],[13.28578,48.55869],[13.30659,48.55798],[13.31008,48.55452],[13.32326,48.55381],[13.32745,48.54965],[13.33508,48.55381],[13.34903,48.55351],[13.35918,48.53835],[13.37713,48.53686],[13.38301,48.53269],[13.40756,48.53405],[13.40913,48.5495],[13.4312,48.56602],[13.45833,48.57083],[13.4625,48.575],[13.47917,48.575],[13.47983,48.56757],[13.48684,48.56577],[13.48807,48.55196],[13.49943,48.53554],[13.5,48.52083],[13.51159,48.52021],[13.51757,48.50481],[13.54362,48.4839],[13.56159,48.4827],[13.56752,48.46752],[13.57415,48.46582],[13.575,48.4625],[13.58651,48.46312],[13.59288,48.47557],[13.60221,48.47443],[13.61592,48.4661],[13.63138,48.46723],[13.64925,48.47557],[13.66888,48.47443],[13.67292,48.4713],[13.68333,48.475],[13.68715,48.46909],[13.68785,48.44341],[13.69548,48.43576],[13.69583,48.41667],[13.69259,48.41574],[13.69074,48.40926],[13.67149,48.40335],[13.67083,48.38333],[13.71184,48.3616],[13.7125,48.35417],[13.68551,48.33394],[13.6675,48.33264],[13.66606,48.32446],[13.67023,48.31884],[13.67083,48.2875],[13.66998,48.28418],[13.66224,48.2822],[13.66723,48.27575],[13.66602,48.25924],[13.63958,48.2463],[13.63248,48.25057],[13.62563,48.24485],[13.62443,48.22696],[13.6161,48.20759],[13.62027,48.20221],[13.6214,48.17621],[13.6125,48.175],[13.61215,48.16424],[13.60869,48.16076],[13.60833,48.1375],[13.6039,48.13636],[13.60777,48.13138],[13.60743,48.12566],[13.59362,48.12443],[13.58554,48.11723],[13.56841,48.11631],[13.56079,48.11215],[13.55659,48.11631],[13.53333,48.11667],[13.52671,48.10798],[13.51841,48.10869],[13.51421,48.11285],[13.50591,48.11215],[13.49375,48.10418],[13.48505,48.11285],[13.47742,48.10869],[13.45591,48.10798],[13.43504,48.09548],[13.42952,48.08992],[13.42917,48.08333],[13.39167,48.08333],[13.38688,48.0713],[13.39111,48.06458],[13.37817,48.04236],[13.35933,48.04097],[13.35723,48.03363],[13.34792,48.02556],[13.34374,48.02861],[13.33549,48.02145],[13.29367,48.01188],[13.28549,48.00478],[13.27438,48.00317],[13.27596,47.99105],[13.28549,47.99228],[13.2912,47.99645],[13.31466,47.99522],[13.32489,47.99051],[13.32978,47.9838],[13.32855,47.96451],[13.32438,47.9588],[13.32917,47.94583],[13.30591,47.94619],[13.30242,47.94965],[13.28109,47.95053],[13.27626,47.95444],[13.27447,47.94906],[13.27864,47.94391],[13.2797,47.93239],[13.27535,47.92258],[13.28332,47.91042],[13.27952,47.90659],[13.27881,47.89755],[13.27326,47.89202],[13.25612,47.8911],[13.21029,47.87443],[13.18554,47.85057],[13.17589,47.84929],[13.17408,47.84225],[13.14167,47.84167],[13.14649,47.83358],[13.14509,47.81324],[13.12113,47.81173],[13.11667,47.80417],[13.18658,47.80893],[13.18864,47.81693],[13.22415,47.80332],[13.22585,47.79668],[13.23529,47.79223],[13.26471,47.7911],[13.27279,47.7839],[13.28675,47.7786],[13.29509,47.7839],[13.33333,47.775],[13.33418,47.76752],[13.34223,47.76545],[13.3411,47.75196],[13.3338,47.73958],[13.34223,47.71741],[13.3411,47.71029],[13.3339,47.70221],[13.32917,47.67917],[13.33924,47.67119],[13.35,47.67083],[13.35121,47.66659],[13.35786,47.67145],[13.39087,47.66171],[13.39262,47.64973],[13.41667,47.65833],[13.42585,47.63835],[13.43529,47.6339],[13.45638,47.63277],[13.46446,47.62557],[13.47708,47.6213],[13.48665,47.62585],[13.4875,47.62917],[13.51076,47.62881],[13.52083,47.62083],[13.50478,47.60216],[13.50348,47.57998],[13.4922,47.57833],[13.48395,47.56883],[13.48264,47.55099],[13.47438,47.54863],[13.47562,47.53117],[13.48033,47.52095],[13.5125,47.5],[13.5125,47.49167],[13.51582,47.49082],[13.52036,47.48125],[13.50869,47.46076],[13.50769,47.43536],[13.50352,47.42949],[13.50858,47.41754],[13.48963,47.41314],[13.46424,47.41215],[13.44829,47.40381],[13.44409,47.40798],[13.43579,47.40869],[13.42917,47.40417],[13.41492,47.41215],[13.39412,47.41285],[13.38576,47.40452],[13.37674,47.40381],[13.36492,47.39202],[13.35174,47.39131],[13.33508,47.38298],[13.32952,47.37746],[13.32855,47.36867],[13.32438,47.36297],[13.32572,47.34664],[13.3369,47.34501],[13.35062,47.32997],[13.34938,47.31867],[13.34522,47.31297],[13.34645,47.29784],[13.36312,47.28001],[13.36188,47.26034],[13.35772,47.25464],[13.35926,47.24611],[13.37019,47.24066],[13.37048,47.21421],[13.36005,47.20798],[13.33785,47.18576],[13.33298,47.17254],[13.32083,47.1625],[13.32917,47.15417],[13.33002,47.14668],[13.3375,47.14583],[13.33715,47.13091],[13.33333,47.12707],[13.35,47.1125],[13.35332,47.09668],[13.32258,47.09548],[13.31076,47.08785],[13.30245,47.08715],[13.29409,47.09548],[13.26862,47.09527],[13.25085,47.08665],[13.24213,47.07293],[13.24943,47.06054],[13.25,47.05],[13.24341,47.04965],[13.23992,47.04619],[13.21841,47.04548],[13.21492,47.04202],[13.18995,47.04131],[13.18542,47.04582],[13.16492,47.03369],[13.12917,47.03333],[13.12304,47.02557],[13.08008,47.0244],[13.0782,47.01706],[13.07083,47.0125],[13.05638,47.02027],[13.04779,47.0214],[13.03971,47.0286],[13.02696,47.02973],[13.0218,47.03373],[13.01993,47.04101],[13.00612,47.04223],[13.0,47.04583],[12.99915,47.04252],[12.98554,47.0339],[12.97279,47.03807],[12.96667,47.04583],[12.95591,47.04619],[12.94915,47.05332],[12.9423,47.05507],[12.94103,47.07409],[12.91888,47.08277],[12.88946,47.0839],[12.88542,47.08703],[12.88138,47.0839],[12.83656,47.08277],[12.82168,47.09252],[12.82083,47.09583],[12.79779,47.09527],[12.79388,47.09223],[12.78038,47.0911],[12.77826,47.09936],[12.76175,47.10057],[12.75625,47.0963],[12.75221,47.09943],[12.7384,47.10066],[12.73243,47.11603],[12.71341,47.1173],[12.7125,47.12083],[12.68091,47.12048],[12.675,47.11667]]]},"properties":{"hybas_id":"2060465720","pfaf_id":"227980","sub_area":"25920.1","up_area":"25920.8","next_down":"2060477000","main_bas":"2060008490","kind":"basin","source":"local-hydrobasins"}},{"type":"Feature","geometry":{"type":"Polygon","coordinates":[[[10.71667,48.35833],[10.73248,48.36752],[10.7464,48.39241],[10.74082,48.40332],[10.7375,48.40417],[10.74131,48.41008],[10.74167,48.43333],[10.76466,48.43812],[10.77389,48.44613],[10.78014,48.46173],[10.79093,48.4633],[10.79228,48.47716],[10.80895,48.49799],[10.82958,48.51976],[10.83678,48.52182],[10.84167,48.5375],[10.83812,48.53841],[10.83693,48.56325],[10.8411,48.56862],[10.84223,48.58408],[10.83807,48.58946],[10.83693,48.60075],[10.86193,48.64362],[10.86307,48.66054],[10.86723,48.66962],[10.85918,48.67168],[10.85833,48.675],[10.87027,48.68529],[10.8714,48.69388],[10.8803,48.7086],[10.88675,48.7036],[10.89098,48.70522],[10.8968,48.7246],[10.90196,48.7286],[10.92326,48.72952],[10.92917,48.73333],[10.9375,48.72917],[10.93277,48.68946],[10.92963,48.68541],[10.94223,48.66741],[10.9411,48.65612],[10.93693,48.65075],[10.93824,48.64255],[10.9464,48.64045],[10.92973,48.61054],[10.92983,48.58423],[10.93665,48.58248],[10.94206,48.5718],[10.95638,48.5661],[10.96575,48.55775],[10.97185,48.54642],[11.01888,48.54527],[11.02292,48.54214],[11.03248,48.54668],[11.03333,48.55],[11.04934,48.54077],[11.05,48.51667],[11.04668,48.51582],[11.0411,48.50196],[11.02557,48.48554],[11.01667,48.47083],[11.0241,48.47017],[11.0337,48.45533],[11.02585,48.45332],[11.02083,48.44167],[11.01463,48.43814],[10.99244,48.43678],[10.99102,48.42287],[10.98398,48.41047],[10.98269,48.40384],[10.99102,48.38963],[10.99131,48.37674],[10.98715,48.37255],[10.98785,48.36008],[10.99202,48.35588],[10.99131,48.35171],[10.9714,48.33138],[10.97027,48.28112],[10.9661,48.27575],[10.96729,48.25507],[10.97083,48.25417],[10.96631,48.23505],[10.95035,48.22326],[10.94548,48.21004],[10.92952,48.19826],[10.92917,48.19167],[10.93404,48.17172],[10.94102,48.16993],[10.96029,48.1464],[10.98684,48.13243],[10.98816,48.11757],[11.00377,48.11153],[11.0089,48.10491],[11.00771,48.08434],[10.99252,48.07415],[10.98665,48.05918],[10.98002,48.05748],[10.97952,48.05171],[10.9875,48.04583],[10.98715,48.03924],[10.97048,48.02255],[10.97465,48.01008],[10.95869,47.99409],[10.95035,47.97742],[10.94548,47.95591],[10.9375,47.94167],[10.95732,47.9367],[10.96186,47.92714],[10.96327,47.91327],[10.99167,47.90833],[10.9928,47.9039],[10.99779,47.90777],[11.01154,47.90768],[11.01723,47.90085],[11.0088,47.88542],[11.01276,47.8803],[11.00502,47.87832],[11.00057,47.86446],[11.00777,47.85638],[11.00833,47.85],[11.0162,47.85478],[11.03672,47.85347],[11.03756,47.84675],[11.02438,47.84483],[11.02562,47.82284],[11.02978,47.81714],[11.02843,47.80515],[10.98946,47.8036],[10.96888,47.78807],[10.95196,47.78693],[10.94232,47.77819],[10.94101,47.7634],[10.93013,47.75794],[10.92979,47.74267],[10.95057,47.72575],[10.94933,47.7134],[10.9411,47.71129],[10.94228,47.68425],[10.94915,47.68248],[10.95473,47.67158],[10.9536,47.66446],[10.9464,47.64804],[10.94517,47.63419],[10.925,47.6375],[10.91909,47.63369],[10.89758,47.63298],[10.88786,47.62329],[10.89202,47.58995],[10.88785,47.58576],[10.8875,47.57917],[10.87157,47.57412],[10.87027,47.56592],[10.87526,47.55947],[10.8625,47.55417],[10.86841,47.54619],[10.87881,47.53992],[10.87917,47.51667],[10.85908,47.51595],[10.85767,47.4915],[10.86183,47.48544],[10.86317,47.47483],[10.85815,47.46753],[10.84372,47.466],[10.83344,47.46121],[10.8465,47.4415],[10.83817,47.42711],[10.83683,47.40206],[10.83315,47.3967],[10.81747,47.39503],[10.81576,47.38395],[10.78946,47.38277],[10.78554,47.37973],[10.77173,47.37851],[10.77083,47.375],[10.77983,47.36267],[10.77829,47.35521],[10.77067,47.3528],[10.76558,47.34241],[10.74517,47.34078],[10.7465,47.31872],[10.75024,47.31329],[10.72289,47.31183],[10.70211,47.30483],[10.67917,47.30417],[10.67822,47.30095],[10.66881,47.29646],[10.65493,47.29508],[10.65367,47.28275],[10.65896,47.2754],[10.6565,47.27043],[10.64656,47.26566],[10.64583,47.25833],[10.63159,47.25035],[10.61424,47.24965],[10.60245,47.23369],[10.58995,47.23298],[10.58576,47.23715],[10.57258,47.23715],[10.56076,47.22535],[10.54409,47.21702],[10.525,47.22083],[10.51492,47.20452],[10.49758,47.19965],[10.47952,47.18576],[10.47881,47.17254],[10.47326,47.16702],[10.44362,47.16723],[10.4382,47.17175],[10.43679,47.18245],[10.42425,47.18807],[10.39925,47.17443],[10.38554,47.18277],[10.37083,47.18333],[10.36446,47.18277],[10.35638,47.17557],[10.30196,47.17443],[10.28138,47.16307],[10.24673,47.15767],[10.24583,47.15417],[10.21667,47.15417],[10.21577,47.15767],[10.20833,47.15833],[10.15201,47.15895],[10.13966,47.16605],[10.1162,47.16728],[10.10553,47.16188],[10.10324,47.16991],[10.08038,47.17924],[10.07421,47.15913],[10.0576,47.15355],[10.03286,47.17145],[10.02716,47.16728],[10.01034,47.16605],[10.0037,47.16188],[9.99669,47.167],[9.99167,47.1875],[10.00208,47.1838],[10.01186,47.18841],[10.01313,47.20735],[10.01862,47.21193],[10.03971,47.21307],[10.05612,47.2286],[10.12716,47.22978],[10.13217,47.23345],[10.14228,47.25317],[10.12987,47.25497],[10.12621,47.2839],[10.13971,47.28277],[10.15625,47.27547],[10.16029,47.2786],[10.17326,47.27881],[10.18091,47.27119],[10.20833,47.27083],[10.23992,47.27119],[10.25174,47.28298],[10.26076,47.28369],[10.26495,47.28785],[10.27917,47.28333],[10.28002,47.28665],[10.29362,47.29527],[10.31054,47.30057],[10.31874,47.30787],[10.32425,47.3036],[10.34362,47.3161],[10.35417,47.31667],[10.35452,47.33159],[10.36838,47.34548],[10.37742,47.34619],[10.38714,47.35588],[10.39167,47.37083],[10.40659,47.37535],[10.41841,47.38298],[10.42917,47.38333],[10.43686,47.40203],[10.43827,47.4159],[10.45367,47.41747],[10.46353,47.43259],[10.47083,47.43333],[10.47027,47.45221],[10.4661,47.46325],[10.47036,47.46875],[10.46596,47.48245],[10.45638,47.48693],[10.43946,47.48807],[10.43399,47.49263],[10.43333,47.5],[10.41328,47.5007],[10.41186,47.51464],[10.4034,47.52428],[10.3812,47.52564],[10.37494,47.53054],[10.39207,47.54899],[10.3812,47.55064],[10.36763,47.5593],[10.36223,47.56998],[10.34968,47.57148],[10.34167,47.56667],[10.34616,47.57414],[10.35633,47.57562],[10.36596,47.58416],[10.36736,47.60317],[10.39799,47.61728],[10.42701,47.64105],[10.45047,47.64645],[10.4588,47.64105],[10.47014,47.64683],[10.47145,47.6653],[10.44953,47.67145],[10.43703,47.66605],[10.42152,47.67164],[10.42083,47.68333],[10.42881,47.68921],[10.42917,47.70833],[10.4366,47.70899],[10.43785,47.71909],[10.44131,47.72258],[10.43715,47.73505],[10.44548,47.75174],[10.44619,47.76838],[10.44167,47.775],[10.45351,47.78007],[10.45473,47.79388],[10.4661,47.80612],[10.46723,47.81741],[10.46193,47.82991],[10.46667,47.8375],[10.48558,47.83697],[10.50108,47.82447],[10.51025,47.8328],[10.55927,47.83386],[10.56567,47.82868],[10.57027,47.83012],[10.57119,47.84826],[10.57881,47.85591],[10.57952,47.86421],[10.57019,47.87949],[10.57525,47.88662],[10.56036,47.88814],[10.55084,47.89267],[10.54936,47.90032],[10.5593,47.91987],[10.56592,47.92186],[10.56667,47.92917],[10.5742,47.9299],[10.57928,47.94467],[10.61034,47.96188],[10.62004,47.96329],[10.62562,47.97964],[10.62145,47.98534],[10.62022,48.0213],[10.62855,48.03534],[10.62978,48.05633],[10.63688,48.06867],[10.63812,48.0778],[10.62284,48.08395],[10.61319,48.09251],[10.6125,48.10417],[10.60078,48.10489],[10.6,48.1125],[10.58508,48.11285],[10.57536,48.12255],[10.575,48.125],[10.57943,48.12614],[10.57546,48.13126],[10.58277,48.13946],[10.5839,48.15075],[10.57973,48.15612],[10.5786,48.17575],[10.58277,48.18112],[10.5839,48.19658],[10.5786,48.21054],[10.56307,48.22696],[10.56193,48.23408],[10.5662,48.23958],[10.56193,48.2551],[10.5786,48.27696],[10.57973,48.28554],[10.58431,48.29103],[10.62721,48.2964],[10.68554,48.3214],[10.70346,48.33425],[10.70833,48.35833],[10.71667,48.35833]]]},"properties":{"hybas_id":"2060461650","pfaf_id":"227998","sub_area":"4678.0","up_area":"4678.0","next_down":"2060457260","main_bas":"2060008490","kind":"basin","source":"local-hydrobasins"}},{"type":"Feature","geometry":{"type":"MultiPolygon","coordinates":[[[[18.20278,42.57083],[18.19257,42.57147],[18.18719,42.58226],[18.19388,42.58376],[18.20278,42.57083]]],[[[18.05278,42.65],[18.04522,42.65095],[18.04908,42.65478],[18.05388,42.65286],[18.05278,42.65]]],[[[18.18194,42.58333],[18.1717,42.58397],[18.17027,42.59035],[18.17661,42.59223],[18.18194,42.58333]]],[[[18.20694,42.59167],[18.19938,42.59261],[18.20122,42.60062],[18.20694,42.59167]]],[[[16.49444,42.74583],[16.48829,42.74659],[16.48689,42.75602],[16.50743,42.7756],[16.52828,42.77433],[16.53811,42.76332],[16.53635,42.75898],[16.51033,42.75773],[16.49662,42.75339],[16.49444,42.74583]]],[[[16.72361,42.74583],[16.71875,42.74946],[16.70957,42.74523],[16.70773,42.75284],[16.71972,42.75852],[16.72204,42.76682],[16.72947,42.76572],[16.72488,42.75953],[16.73247,42.75741],[16.73394,42.75133],[16.72361,42.74583]]],[[[16.74861,42.75417],[16.74105,42.75511],[16.74492,42.75895],[16.74971,42.75703],[16.74861,42.75417]]],[[[16.99444,42.8125],[16.98833,42.81321],[16.98703,42.81977],[16.99477,42.8213],[16.99444,42.8125]]],[[[17.07778,42.75417],[17.07166,42.75488],[17.07037,42.76144],[17.07811,42.76297],[17.07778,42.75417]]],[[[17.11944,42.75833],[17.10493,42.75902],[17.10424,42.76584],[17.11855,42.7673],[17.12121,42.76303],[17.11944,42.75833]]],[[[17.14861,42.7625],[17.14105,42.76345],[17.14906,42.77143],[17.14861,42.7625]]],[[[16.99861,42.7625],[16.99105,42.76345],[16.99492,42.76728],[16.99971,42.76536],[16.99861,42.7625]]],[[[16.27361,42.38333],[16.2688,42.38686],[16.25446,42.38832],[16.24972,42.395],[16.26709,42.3964],[16.27921,42.3904],[16.27361,42.38333]]],[[[17.46111,42.95],[17.45499,42.95071],[17.4537,42.95727],[17.46144,42.9588],[17.46111,42.95]]],[[[17.20694,42.95417],[17.1883,42.95481],[17.18731,42.96157],[17.19659,42.96294],[17.20815,42.95722],[17.20694,42.95417]]],[[[16.81944,43.02917],[16.81188,43.03011],[16.81575,43.03395],[16.82054,43.03203],[16.81944,43.02917]]],[[[17.20694,42.93333],[17.20083,42.93405],[17.19953,42.94061],[17.20727,42.94213],[17.20694,42.93333]]],[[[17.47778,42.93333],[17.47022,42.93428],[17.47823,42.94226],[17.47778,42.93333]]],[[[17.48611,42.925],[17.48287,42.92664],[17.486,42.92942],[17.48611,42.925]]],[[[17.74861,42.68333],[17.71642,42.69649],[17.70809,42.69101],[17.70208,42.69521],[17.69792,42.69229],[17.68756,42.6971],[17.69187,42.70328],[17.65621,42.70899],[17.64379,42.71601],[17.61038,42.71732],[17.60392,42.72149],[17.59796,42.71732],[17.58725,42.71601],[17.58129,42.72018],[17.55621,42.72149],[17.52475,42.73399],[17.51875,42.72979],[17.51458,42.73271],[17.51042,42.72979],[17.48129,42.74518],[17.46038,42.74649],[17.45359,42.75066],[17.44375,42.74229],[17.43129,42.75351],[17.41038,42.75482],[17.40212,42.76184],[17.39525,42.76316],[17.38309,42.75351],[17.33962,42.77018],[17.32605,42.77159],[17.31729,42.78542],[17.3263,42.79575],[17.33125,42.79229],[17.33954,42.79934],[17.34608,42.80066],[17.35208,42.79646],[17.36046,42.80066],[17.36316,42.80268],[17.35417,42.80545],[17.35959,42.81245],[17.36454,42.80899],[17.38129,42.80768],[17.44788,42.78399],[17.48121,42.77566],[17.50212,42.77434],[17.51454,42.76732],[17.58129,42.75768],[17.59788,42.75066],[17.61145,42.74924],[17.61357,42.74237],[17.64379,42.74101],[17.64792,42.73813],[17.65208,42.74104],[17.65621,42.73816],[17.67394,42.73677],[17.67627,42.72923],[17.68358,42.73399],[17.72288,42.71732],[17.74796,42.71184],[17.75482,42.70566],[17.74518,42.70149],[17.75837,42.6945],[17.74861,42.68333]]],[[[18.01944,42.65833],[18.01348,42.65908],[18.01157,42.66574],[18.00216,42.67022],[17.9883,42.67157],[17.98299,42.67821],[17.99383,42.67978],[18.00343,42.68812],[18.01574,42.68241],[18.01759,42.67593],[18.02562,42.67363],[18.02438,42.66451],[18.01944,42.65833]]],[[[17.95694,42.64167],[17.95081,42.64242],[17.94545,42.64904],[17.95602,42.6506],[17.9588,42.64638],[17.95694,42.64167]]],[[[17.95278,42.67083],[17.93426,42.67593],[17.93241,42.68241],[17.92511,42.68449],[17.92053,42.69076],[17.93009,42.69195],[17.93655,42.68723],[17.9385,42.70062],[17.95216,42.69938],[17.96451,42.68812],[17.97054,42.68639],[17.97962,42.67592],[17.96991,42.67472],[17.96297,42.67978],[17.95278,42.67083]]],[[[17.93611,42.70417],[17.9258,42.70485],[17.92481,42.71157],[17.93518,42.7131],[17.93796,42.70888],[17.93611,42.70417]]],[[[18.93333,42.27917],[18.94362,42.2714],[18.95743,42.27017],[18.96321,42.25089],[18.97832,42.24498],[18.99167,42.22917],[19.00221,42.2286],[19.0119,42.22408],[19.01321,42.18824],[19.03576,42.18715],[19.03924,42.18369],[19.06909,42.18298],[19.07258,42.17952],[19.08162,42.17881],[19.09202,42.16838],[19.0875,42.15417],[19.10242,42.15452],[19.11424,42.16215],[19.125,42.1625],[19.13112,42.1589],[19.14493,42.15767],[19.14668,42.15085],[19.16667,42.14167],[19.16702,42.13091],[19.17536,42.11421],[19.2125,42.0875],[19.2036,42.06862],[19.19527,42.05927],[19.20057,42.04658],[19.19943,42.02279],[19.1913,42.01366],[19.2121,42.0032],[19.2161,41.99804],[19.21788,41.97443],[19.23138,41.97557],[19.24925,41.9839],[19.29362,41.96723],[19.31471,41.9661],[19.32083,41.9625],[19.32855,41.95216],[19.32978,41.93117],[19.33812,41.91714],[19.33236,41.90077],[19.32022,41.899],[19.32206,41.89105],[19.33549,41.89228],[19.3412,41.89645],[19.35405,41.89051],[19.35777,41.88542],[19.35473,41.88125],[19.35905,41.86349],[19.36574,41.86157],[19.37022,41.85216],[19.37083,41.84583],[19.36451,41.84645],[19.34367,41.85895],[19.32299,41.87855],[19.28966,41.89522],[19.2412,41.90895],[19.23542,41.90473],[19.21883,41.91605],[19.20617,41.91728],[19.19799,41.92438],[19.18534,41.92562],[19.17716,41.93272],[19.16034,41.93812],[19.14522,41.95317],[19.15736,41.95493],[19.15833,41.95833],[19.1508,41.95907],[19.13688,41.97418],[19.13833,41.98254],[19.15062,41.98433],[19.13806,41.99375],[19.14527,42.01042],[19.14105,42.0162],[19.14528,42.02292],[19.13688,42.0326],[19.14163,42.04031],[19.08426,42.07176],[19.08241,42.07824],[19.0753,42.08027],[19.06649,42.09042],[19.07423,42.09264],[19.0758,42.10343],[19.08333,42.10417],[19.08634,42.09525],[19.08808,42.10291],[19.08333,42.10417],[19.08241,42.11157],[19.05826,42.12205],[19.06194,42.12709],[19.05748,42.13267],[19.02701,42.13395],[19.02036,42.13812],[19.01203,42.13272],[19.00533,42.13761],[18.9992,42.1576],[18.98534,42.15895],[18.97716,42.16605],[18.96331,42.17179],[18.96188,42.17964],[18.96651,42.18597],[18.96589,42.19093],[18.95099,42.19238],[18.94907,42.19907],[18.92701,42.20478],[18.91883,42.21188],[18.90488,42.21765],[18.90345,42.23235],[18.89653,42.23433],[18.89514,42.25317],[18.88743,42.25538],[18.89111,42.26042],[18.88673,42.27403],[18.875,42.27917],[18.85553,42.27438],[18.85283,42.28385],[18.8424,42.28256],[18.84167,42.275],[18.8287,42.27022],[18.80995,42.28319],[18.80387,42.28243],[18.80895,42.27268],[18.8037,42.27022],[18.78845,42.27943],[18.7867,42.26742],[18.77416,42.26605],[18.70424,42.32225],[18.70895,42.33407],[18.6997,42.34473],[18.68836,42.35033],[18.68688,42.36065],[18.69214,42.36312],[18.69879,42.35826],[18.7,42.3625],[18.68827,42.36764],[18.68671,42.37837],[18.66018,42.38395],[18.65772,42.3787],[18.66194,42.37292],[18.65735,42.36323],[18.64536,42.36188],[18.63958,42.36611],[18.6287,42.35772],[18.62299,42.36188],[18.60617,42.36312],[18.58133,42.38272],[18.56774,42.38768],[18.56605,42.39447],[18.57562,42.39903],[18.56387,42.40062],[18.56157,42.39258],[18.55602,42.39105],[18.55355,42.3963],[18.55778,42.40209],[18.54645,42.41451],[18.54522,42.4216],[18.55505,42.43269],[18.5875,42.43333],[18.58294,42.4407],[18.56888,42.44943],[18.55759,42.45057],[18.55221,42.4464],[18.5324,42.44527],[18.52304,42.4536],[18.50955,42.45473],[18.50947,42.44612],[18.52285,42.43396],[18.52912,42.43212],[18.53396,42.4254],[18.53213,42.4217],[18.51671,42.41546],[18.51254,42.40966],[18.53329,42.39879],[18.53779,42.39253],[18.52442,42.39117],[18.51254,42.39704],[18.50739,42.40739],[18.47595,42.42595],[18.47384,42.43311],[18.46465,42.44104],[18.44792,42.44942],[18.43125,42.43807],[18.41881,42.44937],[18.41254,42.45121],[18.4077,42.45794],[18.41253,42.46544],[18.37285,42.48396],[18.36465,42.49104],[18.35619,42.4923],[18.31881,42.51187],[18.29785,42.5173],[18.28119,42.52563],[18.26881,42.53687],[18.23536,42.55481],[18.22621,42.56265],[18.22086,42.57374],[18.20944,42.57925],[18.20769,42.58658],[18.22525,42.58838],[18.22144,42.59375],[18.22564,42.60075],[18.20881,42.61888],[18.20384,42.62148],[18.17884,42.61186],[18.14797,42.62852],[18.12917,42.62917],[18.12383,42.63791],[18.12027,42.63455],[18.12917,42.62917],[18.12843,42.62161],[18.11843,42.62037],[18.11312,42.62701],[18.11171,42.63671],[18.05914,42.64657],[18.05355,42.66203],[18.05502,42.6701],[18.0625,42.67083],[18.06367,42.66626],[18.06723,42.66962],[18.0625,42.67083],[18.06165,42.67415],[18.04804,42.68277],[18.00617,42.69228],[17.97716,42.70772],[17.96867,42.70895],[17.96366,42.71261],[17.96157,42.71991],[17.93117,42.73395],[17.92299,42.74105],[17.90617,42.74228],[17.88951,42.75062],[17.87593,42.75926],[17.86986,42.77423],[17.85931,42.77577],[17.85736,42.78256],[17.84253,42.78783],[17.84086,42.79928],[17.82453,42.80062],[17.81875,42.79639],[17.80121,42.80424],[17.79907,42.79676],[17.77833,42.78688],[17.76049,42.80355],[17.75,42.80833],[17.75058,42.80197],[17.76192,42.7897],[17.76337,42.7842],[17.77051,42.78232],[17.77587,42.7717],[17.78391,42.76958],[17.78262,42.75922],[17.77709,42.75466],[17.77303,42.75775],[17.7603,42.75891],[17.75032,42.76351],[17.74525,42.77015],[17.74687,42.77418],[17.75449,42.77618],[17.73958,42.79534],[17.73401,42.79109],[17.71864,42.79225],[17.69375,42.80367],[17.68958,42.80049],[17.67591,42.80489],[17.67384,42.81272],[17.66875,42.80883],[17.6647,42.81192],[17.64364,42.81308],[17.60197,42.82558],[17.5897,42.83275],[17.52697,42.84225],[17.5103,42.84641],[17.49803,42.85359],[17.42582,42.87157],[17.42456,42.87795],[17.44641,42.88875],[17.44497,42.8951],[17.43424,42.89656],[17.43333,42.9],[17.4037,42.91312],[17.39792,42.90889],[17.39375,42.91194],[17.38958,42.90889],[17.38286,42.91312],[17.37453,42.90772],[17.34784,42.91728],[17.32716,42.93272],[17.31451,42.93395],[17.30216,42.94105],[17.28534,42.94228],[17.27299,42.94938],[17.25201,42.95478],[17.23966,42.96605],[17.23117,42.96728],[17.21466,42.97855],[17.19926,42.97978],[17.18966,42.97145],[17.1412,42.97022],[17.1162,42.97978],[17.1076,42.97438],[17.09799,42.98272],[17.08703,42.98395],[17.08125,42.97973],[17.06451,42.98395],[17.02292,43.00361],[17.0162,42.99938],[17.00508,43.0051],[17.00355,43.01065],[17.0088,43.01312],[17.01545,43.00826],[17.02145,43.02363],[17.01322,43.02599],[17.01176,43.04086],[16.99994,43.04258],[17.00078,43.04932],[17.02547,43.05062],[17.05201,43.03395],[17.06049,43.03272],[17.07284,43.02562],[17.1338,43.02438],[17.13951,43.02855],[17.15464,43.02978],[17.16042,43.02556],[17.1713,43.02978],[17.19214,43.02022],[17.19792,43.02444],[17.20201,43.02145],[17.29799,43.00772],[17.36883,42.98272],[17.38951,42.97145],[17.43966,42.95772],[17.4535,42.94496],[17.45417,42.92917],[17.46175,42.92443],[17.47425,42.92973],[17.47836,42.92816],[17.48038,42.92027],[17.49583,42.925],[17.49142,42.91333],[17.51101,42.91184],[17.5125,42.91667],[17.52375,42.90795],[17.52551,42.9136],[17.51614,42.92392],[17.51797,42.9297],[17.52308,42.92864],[17.55609,42.91303],[17.56891,42.91197],[17.58109,42.9047],[17.58975,42.90364],[17.60208,42.89623],[17.60739,42.90053],[17.61058,42.89947],[17.63109,42.88386],[17.65,42.875],[17.6463,42.88125],[17.65026,42.88636],[17.64362,42.88807],[17.63138,42.89943],[17.62279,42.90057],[17.61054,42.90777],[17.59779,42.9089],[17.55066,42.93007],[17.55,42.9375],[17.55458,42.93867],[17.55121,42.94223],[17.55,42.9375],[17.53529,42.93807],[17.52721,42.94527],[17.51446,42.95057],[17.48847,42.97123],[17.48661,42.97846],[17.47589,42.97988],[17.47012,42.99911],[17.46324,43.00088],[17.46193,43.00908],[17.4662,43.01459],[17.46161,43.0201],[17.45342,43.0214],[17.44792,43.01714],[17.44263,43.02123],[17.44167,43.025],[17.4491,43.02566],[17.45417,43.03333],[17.45833,43.03333],[17.45924,43.02979],[17.47083,43.02917],[17.47197,43.02474],[17.47991,43.02973],[17.49779,43.0214],[17.51471,43.02027],[17.53112,43.01307],[17.54909,43.01186],[17.55085,43.00502],[17.56188,42.99901],[17.56307,42.97696],[17.57172,42.95488],[17.58138,42.9536],[17.60612,42.93807],[17.62168,42.93693],[17.62843,42.94256],[17.62973,42.95075],[17.62557,42.95612],[17.625,42.96667],[17.62742,42.96631],[17.63842,42.95477],[17.65833,42.95417],[17.65918,42.95085],[17.66582,42.94915],[17.66763,42.94206],[17.67279,42.93807],[17.68971,42.93277],[17.71029,42.91723],[17.71909,42.91631],[17.72674,42.90869],[17.74826,42.90798],[17.75208,42.90418],[17.75626,42.90833],[17.76631,42.89826],[17.76601,42.8884],[17.75085,42.88248],[17.7463,42.87291],[17.7536,42.86471],[17.75351,42.85507],[17.74527,42.85295],[17.76029,42.84223],[17.77708,42.8338],[17.7822,42.83776],[17.78333,42.83333],[17.79409,42.83298],[17.8,42.82917],[17.80121,42.82443],[17.83138,42.82557],[17.84362,42.83277],[17.85638,42.8339],[17.8625,42.8375],[17.86286,42.83088],[17.86912,42.82465],[17.88576,42.82535],[17.89758,42.83298],[17.90833,42.83333],[17.90894,42.80925],[17.9375,42.8],[17.93335,42.79375],[17.95174,42.77119],[17.975,42.77083],[17.97535,42.76005],[17.98421,42.75074],[17.99241,42.74943],[18.0,42.75833],[18.01076,42.75869],[18.01667,42.7625],[18.02465,42.75659],[18.02881,42.74826],[18.02881,42.73924],[18.01702,42.72742],[18.01667,42.71667],[18.02674,42.70452],[18.04131,42.71841],[18.04167,42.725],[18.05242,42.72535],[18.0625,42.73333],[18.07258,42.72535],[18.07917,42.725],[18.08715,42.71076],[18.08785,42.69755],[18.09341,42.69202],[18.14409,42.68715],[18.15245,42.67881],[18.16492,42.67952],[18.16912,42.68369],[18.17742,42.68298],[18.19263,42.66706],[18.20332,42.66165],[18.20452,42.65174],[18.21424,42.63785],[18.22329,42.63298],[18.23091,42.63715],[18.23692,42.63658],[18.24527,42.62721],[18.25417,42.59583],[18.25417,42.59167],[18.24619,42.58579],[18.24583,42.56667],[18.25659,42.56631],[18.27742,42.55798],[18.30591,42.53369],[18.31076,42.53298],[18.31841,42.52535],[18.32917,42.525],[18.33508,42.51702],[18.33992,42.51631],[18.34758,42.50869],[18.39826,42.49548],[18.40662,42.48715],[18.41492,42.48785],[18.41912,42.49202],[18.42917,42.4875],[18.44954,42.51874],[18.4464,42.52279],[18.44527,42.5426],[18.45475,42.55325],[18.46458,42.55786],[18.48529,42.55057],[18.51471,42.54943],[18.52795,42.54527],[18.53008,42.55354],[18.54498,42.55502],[18.54583,42.55833],[18.56909,42.55869],[18.57292,42.56249],[18.57745,42.55798],[18.58992,42.55869],[18.59828,42.56702],[18.62742,42.56631],[18.63091,42.56285],[18.66076,42.56215],[18.66424,42.55869],[18.69583,42.55833],[18.70174,42.55035],[18.72083,42.55],[18.72149,42.54257],[18.73508,42.52952],[18.74388,42.5286],[18.78216,42.4996],[18.78333,42.50417],[18.7875,42.50417],[18.79228,42.48117],[18.79938,42.47299],[18.8008,42.46324],[18.80833,42.4625],[18.80899,42.4509],[18.8125,42.45],[18.8125,42.44583],[18.79974,42.44053],[18.8036,42.43554],[18.80483,42.40923],[18.81424,42.40035],[18.82083,42.4],[18.82119,42.38091],[18.82881,42.37326],[18.82917,42.3625],[18.83576,42.36285],[18.83995,42.36702],[18.85662,42.36631],[18.86631,42.35659],[18.86752,42.33835],[18.89498,42.32415],[18.89583,42.32083],[18.91578,42.31596],[18.91727,42.29675],[18.92917,42.2875],[18.93333,42.27917]],[[17.76528,42.76667],[17.76517,42.77109],[17.76203,42.76831],[17.76528,42.76667]],[[17.02778,43.025],[17.02767,43.02942],[17.02453,43.02664],[17.02778,43.025]],[[18.69444,42.40417],[18.69434,42.40859],[18.6912,42.40581],[18.69444,42.40417]],[[18.76111,42.44583],[18.7626,42.48635],[18.75408,42.48818],[18.74793,42.48401],[18.69959,42.48265],[18.68682,42.49592],[18.69235,42.51036],[18.68702,42.51318],[18.65765,42.49324],[18.70624,42.47568],[18.73126,42.47015],[18.7396,42.46599],[18.76111,42.44583]],[[18.76528,42.42917],[18.76517,42.43359],[18.76203,42.43081],[18.76528,42.42917]],[[18.60417,42.42917],[18.64779,42.41307],[18.66471,42.41193],[18.66862,42.4089],[18.67594,42.40777],[18.68529,42.4161],[18.69241,42.41723],[18.70711,42.40813],[18.71297,42.40945],[18.69516,42.42827],[18.68835,42.43002],[18.67917,42.45833],[18.66446,42.4536],[18.65638,42.4464],[18.60505,42.43262],[18.60417,42.42917]],[[18.67917,42.46667],[18.68333,42.46667],[18.68248,42.46998],[18.67917,42.47083],[18.67917,42.46667]],[[17.56528,42.93333],[17.56638,42.93619],[17.56159,42.93812],[17.55772,42.93428],[17.56528,42.93333]],[[17.57778,42.93333],[17.57888,42.93619],[17.57409,42.93812],[17.57022,42.93428],[17.57778,42.93333]],[[17.60694,42.92083],[17.60825,42.92395],[17.58872,42.93353],[17.58302,42.93226],[17.5879,42.92597],[17.60694,42.92083]],[[17.65694,42.87917],[17.65684,42.88359],[17.6537,42.88081],[17.65694,42.87917]],[[17.88194,42.775],[17.88388,42.77992],[17.88062,42.78394],[17.87856,42.77761],[17.88194,42.775]],[[17.7375,42.8125],[17.7384,42.80899],[17.74583,42.80833],[17.74493,42.81184],[17.7375,42.8125]],[[18.70417,42.4],[18.70534,42.39542],[18.7089,42.39879],[18.70417,42.4]],[[18.70417,42.4],[18.70299,42.40458],[18.69943,42.40121],[18.70417,42.4]]],[[[17.1875,42.9375],[17.18875,42.94225],[17.19641,42.94051],[17.1875,42.9375]]],[[[17.1875,42.9375],[17.18819,42.92581],[17.19967,42.92414],[17.2041,42.91807],[17.19243,42.90772],[17.1838,42.91312],[17.17716,42.90895],[17.13951,42.90772],[17.1338,42.90355],[17.11451,42.90478],[17.11049,42.90772],[17.06451,42.91312],[17.04383,42.92022],[16.98534,42.92145],[16.97964,42.92562],[16.96034,42.92022],[16.94383,42.90895],[16.92701,42.90772],[16.89799,42.89645],[16.88117,42.89522],[16.87547,42.89105],[16.85617,42.89228],[16.84676,42.89676],[16.84583,42.9],[16.85041,42.90117],[16.84705,42.90473],[16.84583,42.9],[16.83121,42.90066],[16.82599,42.9043],[16.82413,42.89237],[16.78713,42.89101],[16.78268,42.89434],[16.79074,42.89683],[16.79232,42.90297],[16.78309,42.90482],[16.77708,42.90063],[16.76816,42.90482],[16.76537,42.89579],[16.75625,42.90354],[16.74732,42.89934],[16.74456,42.90827],[16.73725,42.90351],[16.72187,42.90915],[16.71977,42.91593],[16.70204,42.91732],[16.69664,42.9211],[16.67889,42.92004],[16.68324,42.91381],[16.70382,42.90313],[16.70337,42.89556],[16.68954,42.90066],[16.66875,42.91604],[16.66225,42.91184],[16.64796,42.92018],[16.63824,42.92169],[16.63684,42.94073],[16.65212,42.94232],[16.66376,42.95828],[16.66875,42.95479],[16.67566,42.96317],[16.66204,42.97828],[16.65149,42.97982],[16.649,42.97177],[16.64316,42.97018],[16.64059,42.97847],[16.60519,42.97986],[16.60351,42.98601],[16.61691,42.99232],[16.62525,42.98684],[16.63121,42.99101],[16.64608,42.99232],[16.65209,42.98813],[16.66038,42.99518],[16.69608,42.99649],[16.70204,42.99232],[16.72712,42.99101],[16.73538,42.98399],[16.75204,42.97982],[16.76879,42.97851],[16.78954,42.97149],[16.81462,42.97018],[16.85625,42.95896],[16.86038,42.96184],[16.90212,42.96732],[16.91038,42.97434],[16.94796,42.97566],[16.95441,42.97982],[16.96042,42.97563],[16.96454,42.97851],[17.02296,42.97982],[17.02704,42.98268],[17.05454,42.98399],[17.05899,42.98066],[17.04934,42.97608],[17.06454,42.97149],[17.13546,42.96601],[17.14608,42.95768],[17.15204,42.96184],[17.16275,42.96316],[17.16952,42.95842],[17.17434,42.94796],[17.17585,42.92874],[17.1875,42.9375]],[[16.69028,42.95833],[16.69217,42.96349],[16.68834,42.96731],[16.68269,42.96487],[16.69028,42.95833]],[[17.16111,42.94167],[17.16305,42.94659],[17.15978,42.9506],[17.15773,42.94428],[17.16111,42.94167]],[[16.81944,42.9],[16.82058,42.90332],[16.80346,42.90485],[16.79932,42.90079],[16.81944,42.9]]],[[[16.94583,42.77083],[16.94677,42.77982],[16.96123,42.77506],[16.96399,42.78399],[16.96798,42.77491],[16.97374,42.77089],[16.98048,42.78342],[16.98725,42.78816],[16.99574,42.78645],[17.00066,42.77941],[16.99863,42.77576],[16.98834,42.77416],[16.98642,42.76184],[16.97599,42.7668],[16.97392,42.75351],[16.94934,42.75498],[16.96316,42.76399],[16.96148,42.77013],[16.94583,42.77083]]],[[[16.77917,42.77917],[16.79502,42.7785],[16.79683,42.76605],[16.80097,42.77423],[16.82299,42.77978],[16.8287,42.78395],[16.83534,42.77978],[16.92716,42.77438],[16.93117,42.77145],[16.94583,42.77083],[16.94517,42.75517],[16.9378,42.75306],[16.92978,42.74383],[16.92837,42.73413],[16.91867,42.73272],[16.91049,42.72562],[16.89367,42.72438],[16.88797,42.72022],[16.88013,42.72164],[16.87801,42.72905],[16.8713,42.73395],[16.85097,42.7284],[16.84863,42.72022],[16.83847,42.72159],[16.83651,42.72845],[16.82163,42.7299],[16.81574,42.74074],[16.80826,42.74288],[16.81247,42.74864],[16.80513,42.75451],[16.80317,42.74105],[16.79604,42.7427],[16.79223,42.74792],[16.79645,42.7537],[16.79462,42.7576],[16.78413,42.75913],[16.77917,42.77917]],[[16.81944,42.75],[16.81993,42.76218],[16.81741,42.76168],[16.81609,42.75241],[16.81944,42.75]]],[[[17.88538,42.70899],[17.86454,42.71732],[17.84608,42.72982],[17.83775,42.72434],[17.81879,42.73684],[17.79591,42.74293],[17.78684,42.75359],[17.78938,42.75882],[17.79559,42.76316],[17.80315,42.76164],[17.8052,42.75498],[17.81563,42.75335],[17.81794,42.74589],[17.82917,42.75],[17.83508,42.74202],[17.84167,42.74167],[17.84284,42.73709],[17.8464,42.74045],[17.84167,42.74167],[17.83579,42.74964],[17.82917,42.75],[17.82997,42.76277],[17.83538,42.75899],[17.85629,42.75768],[17.86568,42.75318],[17.8677,42.74665],[17.89796,42.73684],[17.91038,42.72566],[17.91676,42.72369],[17.92149,42.71691],[17.91729,42.71042],[17.92077,42.70544],[17.91348,42.70318],[17.91101,42.69518],[17.88538,42.70899]]],[[[18.85894,42.26449],[18.86281,42.25928],[18.85232,42.25773],[18.84227,42.26866],[18.84167,42.275],[18.85743,42.26993],[18.85894,42.26449]]],[[[17.49583,42.925],[17.49671,42.93358],[17.50836,42.9279],[17.5125,42.91667],[17.50091,42.91729],[17.49915,42.92415],[17.49583,42.925]]],[[[16.77116,42.78243],[16.77795,42.78377],[16.77917,42.77917],[16.77167,42.77985],[16.77116,42.78243]]]]},"properties":{"hybas_id":"2060012000","pfaf_id":"213091","sub_area":"2464.5","up_area":"2464.5","next_down":"0","main_bas":"2060012000","kind":"basin","source":"local-hydrobasins"}},{"type":"Feature","geometry":{"type":"Polygon","coordinates":[[[17.475,43.575],[17.4714,43.58112],[17.47027,43.59804],[17.46192,43.60741],[17.44648,43.6134],[17.44527,43.62991],[17.44943,43.63529],[17.45,43.65417],[17.44231,43.66453],[17.44102,43.6813],[17.41876,43.6994],[17.41338,43.69558],[17.41186,43.71047],[17.40374,43.71995],[17.39268,43.72163],[17.38318,43.73629],[17.37591,43.73827],[17.37447,43.74261],[17.37917,43.75],[17.38992,43.75035],[17.39758,43.75798],[17.40833,43.75833],[17.40777,43.77304],[17.40464,43.77708],[17.41276,43.79053],[17.40097,43.79623],[17.39583,43.80833],[17.39548,43.83576],[17.3875,43.84167],[17.40174,43.85798],[17.41008,43.86215],[17.43576,43.86285],[17.44758,43.87048],[17.46076,43.87119],[17.47329,43.87952],[17.48992,43.87881],[17.50662,43.87048],[17.53159,43.87119],[17.53508,43.87465],[17.54167,43.875],[17.58091,43.84619],[17.58576,43.84619],[17.58995,43.85035],[17.60659,43.84965],[17.61079,43.84548],[17.62328,43.85452],[17.63576,43.85381],[17.66424,43.84202],[17.67745,43.84131],[17.68298,43.83576],[17.68333,43.82917],[17.70216,43.82855],[17.70786,43.82438],[17.71164,43.82616],[17.72438,43.84784],[17.7258,43.8576],[17.73966,43.85895],[17.74536,43.86312],[17.75633,43.86188],[17.76203,43.85772],[17.77284,43.86605],[17.79388,43.86723],[17.80196,43.87443],[17.81161,43.87571],[17.81335,43.88248],[17.82258,43.89131],[17.83924,43.89965],[17.87418,43.89513],[17.88272,43.88133],[17.88849,43.86322],[17.90336,43.86176],[17.91312,43.82701],[17.93091,43.80452],[17.94409,43.80381],[17.95174,43.79619],[17.97326,43.79548],[17.98091,43.78785],[18.00216,43.78812],[18.00697,43.79163],[18.02176,43.76343],[18.02887,43.76139],[18.03843,43.74676],[18.04792,43.74223],[18.0537,43.74645],[18.06177,43.74498],[18.06312,43.73117],[18.06728,43.72547],[18.05633,43.71728],[18.04522,43.71567],[18.05201,43.70895],[18.0625,43.70417],[18.06909,43.70452],[18.07329,43.70869],[18.08924,43.70035],[18.11079,43.69965],[18.11755,43.68824],[18.12575,43.68693],[18.13237,43.69206],[18.13418,43.69915],[18.14487,43.70456],[18.14583,43.70833],[18.16079,43.69964],[18.16667,43.69167],[18.1741,43.69233],[18.17585,43.69915],[18.18529,43.7036],[18.26054,43.7036],[18.26862,43.6964],[18.29068,43.69521],[18.29527,43.68971],[18.29649,43.6759],[18.30332,43.67415],[18.30777,43.66471],[18.30899,43.65096],[18.31998,43.64498],[18.325,43.63333],[18.34495,43.62846],[18.34619,43.61841],[18.35035,43.61421],[18.34965,43.60174],[18.34583,43.5979],[18.3625,43.5875],[18.3634,43.56316],[18.37083,43.5625],[18.37119,43.55588],[18.37708,43.55001],[18.38125,43.55415],[18.3875,43.55],[18.4,43.55417],[18.40089,43.55071],[18.41446,43.5464],[18.4375,43.54583],[18.44362,43.54223],[18.46129,43.5411],[18.4625,43.54583],[18.47326,43.54548],[18.47674,43.54202],[18.50348,43.53669],[18.50484,43.5135],[18.50833,43.5125],[18.51335,43.50085],[18.5202,43.49909],[18.52147,43.48016],[18.53112,43.4714],[18.54583,43.47083],[18.54689,43.46704],[18.56232,43.45722],[18.56727,43.45054],[18.56584,43.44238],[18.55196,43.4411],[18.52721,43.42973],[18.50612,43.4286],[18.47474,43.41553],[18.4839,43.39092],[18.47917,43.38333],[18.48002,43.38002],[18.48946,43.37557],[18.51054,43.37443],[18.51998,43.36998],[18.52143,43.34258],[18.54915,43.32832],[18.55097,43.32123],[18.5661,43.31054],[18.57454,43.29374],[18.56193,43.27575],[18.56317,43.2634],[18.56631,43.26008],[18.55833,43.25],[18.55417,43.25],[18.55417,43.25417],[18.54758,43.25452],[18.53576,43.26215],[18.52083,43.2625],[18.51582,43.24668],[18.49583,43.2375],[18.49487,43.23373],[18.4803,43.22474],[18.47917,43.22917],[18.47083,43.22917],[18.4697,43.22474],[18.46405,43.22911],[18.4464,43.21054],[18.44487,43.20456],[18.43971,43.20057],[18.43005,43.19929],[18.42832,43.19252],[18.42279,43.1911],[18.40638,43.17557],[18.39341,43.17952],[18.38576,43.18715],[18.36076,43.19965],[18.34362,43.19943],[18.32721,43.1839],[18.31755,43.18262],[18.31667,43.17917],[18.29792,43.18749],[18.29409,43.18369],[18.28333,43.18333],[18.29131,43.16909],[18.28693,43.15908],[18.28875,43.15434],[18.30328,43.14929],[18.30325,43.14227],[18.27696,43.1411],[18.26339,43.13679],[18.25794,43.12597],[18.25085,43.12415],[18.25,43.12083],[18.23924,43.12119],[18.19826,43.13715],[18.17917,43.1375],[18.16495,43.13298],[18.15659,43.14131],[18.13992,43.14965],[18.11841,43.15035],[18.11076,43.15798],[18.09167,43.1625],[18.09104,43.15091],[18.08418,43.14915],[18.08243,43.14231],[18.06888,43.12973],[18.05513,43.12851],[18.05057,43.12304],[18.04583,43.10417],[18.0577,43.09519],[18.07884,43.10481],[18.10203,43.09231],[18.1198,43.09095],[18.12626,43.07498],[18.1312,43.07148],[18.14511,43.07006],[18.14583,43.05833],[18.13333,43.05],[18.13267,43.04257],[18.09288,43.05057],[18.09167,43.04583],[18.08508,43.04548],[18.06909,43.03369],[18.06495,43.03298],[18.06076,43.03715],[18.04412,43.03785],[18.03159,43.02535],[18.01841,43.02535],[17.99202,43.04754],[17.98579,43.05798],[17.98091,43.05869],[17.97326,43.06631],[17.90508,43.07021],[17.89943,43.0574],[17.90777,43.04804],[17.90743,43.04233],[17.9,43.04167],[17.88785,43.02742],[17.8875,43.0125],[17.87917,43.00627],[17.88369,42.99829],[17.87917,42.99167],[17.85245,43.00035],[17.84826,42.99619],[17.83924,42.99548],[17.81702,42.98162],[17.81667,42.96667],[17.80833,42.96667],[17.80452,42.97258],[17.80381,42.99409],[17.79829,42.99965],[17.75417,43.0],[17.73333,43.00833],[17.72712,43.00066],[17.70905,42.99924],[17.70833,42.975],[17.68091,42.97535],[17.66909,42.98298],[17.66008,42.98369],[17.65242,42.99131],[17.64257,42.99101],[17.6371,42.98013],[17.62566,42.97404],[17.62557,42.95612],[17.62973,42.95075],[17.62843,42.94256],[17.62168,42.93693],[17.60612,42.93807],[17.58138,42.9536],[17.57172,42.95488],[17.56307,42.97696],[17.56188,42.99901],[17.55085,43.00502],[17.54909,43.01186],[17.53112,43.01307],[17.51471,43.02027],[17.49779,43.0214],[17.47991,43.02973],[17.47197,43.02474],[17.47083,43.02917],[17.45924,43.02979],[17.45833,43.03333],[17.46586,43.03407],[17.46744,43.04486],[17.47824,43.05028],[17.47978,43.0588],[17.475,43.06667],[17.48091,43.07465],[17.50242,43.07535],[17.51215,43.08505],[17.51285,43.10659],[17.51631,43.11008],[17.51667,43.11667],[17.52742,43.11631],[17.53995,43.10798],[17.56076,43.10869],[17.56424,43.11215],[17.57083,43.1125],[17.56596,43.13661],[17.56029,43.13807],[17.54804,43.14943],[17.53112,43.15473],[17.52304,43.16193],[17.51029,43.16307],[17.50196,43.16723],[17.49259,43.17558],[17.49106,43.19492],[17.46862,43.20473],[17.45925,43.21308],[17.44544,43.23653],[17.43835,43.23835],[17.4375,43.24167],[17.42997,43.24093],[17.42836,43.22988],[17.41203,43.22855],[17.40633,43.23272],[17.38534,43.23395],[17.35633,43.24522],[17.34367,43.24645],[17.32701,43.25478],[17.32152,43.25917],[17.32083,43.27083],[17.33242,43.27146],[17.3339,43.27721],[17.34527,43.28946],[17.3464,43.30502],[17.34075,43.3118],[17.33112,43.31307],[17.31888,43.32443],[17.29583,43.325],[17.27917,43.34167],[17.26667,43.34583],[17.2661,43.36054],[17.2621,43.3657],[17.2199,43.3839],[17.20066,43.36993],[17.2,43.3625],[17.19583,43.3625],[17.19527,43.37721],[17.17012,43.40328],[17.15089,43.40904],[17.14409,43.41631],[17.13508,43.41702],[17.11492,43.42881],[17.11079,43.42952],[17.10417,43.425],[17.09911,43.43679],[17.07083,43.44583],[17.06667,43.45],[17.06605,43.46883],[17.06217,43.47414],[17.05079,43.47579],[17.04923,43.48653],[17.03579,43.49964],[17.03091,43.50035],[17.01286,43.51421],[17.0125,43.52083],[17.01912,43.52535],[17.03995,43.52465],[17.04583,43.51667],[17.04998,43.51792],[17.04519,43.53228],[17.06037,43.53686],[17.10755,43.53818],[17.10896,43.55742],[17.13992,43.55798],[17.14412,43.55381],[17.15174,43.55798],[17.18554,43.56307],[17.18946,43.5661],[17.22721,43.56723],[17.23665,43.57168],[17.2375,43.575],[17.25,43.57917],[17.29082,43.56582],[17.29252,43.55918],[17.2996,43.55737],[17.30417,43.55],[17.31076,43.55035],[17.31424,43.55381],[17.33992,43.55452],[17.34412,43.55869],[17.36667,43.55417],[17.37154,43.56995],[17.38665,43.57585],[17.38847,43.58294],[17.40196,43.5911],[17.41577,43.59101],[17.41752,43.58418],[17.46029,43.56723],[17.47083,43.56667],[17.47149,43.5741],[17.475,43.575]]]},"properties":{"hybas_id":"2060012180","pfaf_id":"213092","sub_area":"7324.8","up_area":"7324.8","next_down":"0","main_bas":"2060012180","kind":"basin","source":"local-hydrobasins"}},{"type":"Feature","geometry":{"type":"MultiPolygon","coordinates":[[[[16.57778,43.08333],[16.57166,43.08405],[16.57037,43.09061],[16.57811,43.09213],[16.57778,43.08333]]],[[[16.72778,43.07917],[16.68117,43.07978],[16.67716,43.08272],[16.65911,43.08404],[16.65834,43.09028],[16.67453,43.10062],[16.71883,43.09938],[16.72284,43.09645],[16.74089,43.09513],[16.74223,43.08433],[16.73055,43.08262],[16.72778,43.07917]]],[[[15.80278,43.00417],[15.79522,43.00511],[15.79909,43.00895],[15.80388,43.00703],[15.80278,43.00417]]],[[[15.99861,42.95],[15.99102,42.95099],[16.00064,42.96603],[15.99519,42.97468],[15.99656,42.99509],[16.00919,42.9961],[16.02417,42.99084],[16.02856,42.97708],[16.02423,42.95907],[16.00517,42.95761],[15.99861,42.95]]],[[[15.46111,43.0875],[15.45773,43.09011],[15.45978,43.09644],[15.46305,43.09242],[15.46111,43.0875]]],[[[15.74028,43.0125],[15.72438,43.01767],[15.72575,43.02819],[15.74953,43.03812],[15.77005,43.0368],[15.7713,43.02676],[15.75633,43.01728],[15.74307,43.01599],[15.74028,43.0125]]],[[[16.26944,43.04583],[16.26333,43.04655],[16.26203,43.05311],[16.26977,43.05463],[16.26944,43.04583]]],[[[16.26111,43.03333],[16.25355,43.03428],[16.25539,43.04228],[16.26111,43.03333]]],[[[16.63611,43.25417],[16.60786,43.26312],[16.60208,43.25889],[16.59799,43.26188],[16.53117,43.26728],[16.51451,43.27145],[16.50201,43.27562],[16.48133,43.29105],[16.45099,43.29653],[16.44901,43.30345],[16.40902,43.31331],[16.40772,43.33565],[16.41297,43.33812],[16.43224,43.32855],[16.43395,43.33797],[16.42973,43.34375],[16.4458,43.35553],[16.44105,43.36883],[16.42556,43.38959],[16.42995,43.39508],[16.44214,43.39645],[16.44784,43.39228],[16.47716,43.39105],[16.48117,43.38812],[16.5338,43.38688],[16.5463,43.39228],[16.55201,43.38812],[16.57299,43.38688],[16.57701,43.38395],[16.65633,43.37855],[16.66034,43.37562],[16.71049,43.37022],[16.73951,43.36312],[16.77716,43.36188],[16.79375,43.35473],[16.80047,43.35895],[16.81967,43.34989],[16.82181,43.3424],[16.8338,43.34105],[16.84214,43.34645],[16.88117,43.32562],[16.89919,43.31987],[16.90062,43.31203],[16.89504,43.29663],[16.88455,43.2951],[16.88272,43.2912],[16.88694,43.28541],[16.88253,43.2799],[16.86867,43.27855],[16.85216,43.26728],[16.81034,43.26605],[16.7787,43.25772],[16.77299,43.26188],[16.74536,43.26312],[16.73958,43.25889],[16.7287,43.26312],[16.72292,43.25889],[16.71875,43.26194],[16.71466,43.25895],[16.63895,43.25771],[16.63611,43.25417]]],[[[16.18611,43.3875],[16.18006,43.38819],[16.17832,43.39498],[16.17123,43.3968],[16.1661,43.40342],[16.1682,43.4089],[16.18243,43.40768],[16.18807,43.39658],[16.18611,43.3875]]],[[[16.39861,43.325],[16.37701,43.32562],[16.33966,43.34105],[16.31451,43.34645],[16.29383,43.36188],[16.25617,43.37145],[16.24383,43.37855],[16.22284,43.37978],[16.21875,43.38277],[16.21203,43.37855],[16.20533,43.38345],[16.20295,43.39174],[16.19294,43.38688],[16.19105,43.39447],[16.20062,43.39863],[16.19105,43.4028],[16.19923,43.40514],[16.20082,43.41603],[16.26714,43.41728],[16.27284,43.41312],[16.28549,43.41188],[16.30208,43.40056],[16.3088,43.40478],[16.32007,43.39903],[16.324,43.38688],[16.32573,43.39878],[16.32964,43.40062],[16.33634,43.39572],[16.34178,43.38449],[16.36157,43.37407],[16.36312,43.36867],[16.38399,43.34665],[16.39884,43.34155],[16.40361,43.33125],[16.39861,43.325]]],[[[17.11667,43.37917],[17.08816,43.39673],[17.08333,43.4125],[17.06424,43.41702],[17.05869,43.42254],[17.07083,43.44583],[17.07827,43.44517],[17.07917,43.44167],[17.09911,43.43679],[17.10417,43.425],[17.11079,43.42952],[17.11492,43.42881],[17.13508,43.41702],[17.14409,43.41631],[17.15089,43.40904],[17.17012,43.40328],[17.19527,43.37721],[17.19583,43.3625],[17.2,43.3625],[17.20066,43.36993],[17.2199,43.3839],[17.2621,43.3657],[17.2661,43.36054],[17.26667,43.34583],[17.27917,43.34167],[17.29583,43.325],[17.31888,43.32443],[17.33112,43.31307],[17.34075,43.3118],[17.3464,43.30502],[17.34527,43.28946],[17.3339,43.27721],[17.33242,43.27146],[17.32083,43.27083],[17.32152,43.25917],[17.34367,43.24645],[17.35633,43.24522],[17.38534,43.23395],[17.40633,43.23272],[17.41203,43.22855],[17.42836,43.22988],[17.42997,43.24093],[17.4375,43.24167],[17.43835,43.23835],[17.44544,43.23653],[17.45925,43.21308],[17.46862,43.20473],[17.49106,43.19492],[17.49259,43.17558],[17.50196,43.16723],[17.51029,43.16307],[17.52304,43.16193],[17.53112,43.15473],[17.54804,43.14943],[17.56029,43.13807],[17.56596,43.13661],[17.57083,43.1125],[17.56424,43.11215],[17.56076,43.10869],[17.53995,43.10798],[17.52742,43.11631],[17.51667,43.11667],[17.51631,43.11008],[17.51285,43.10659],[17.51215,43.08505],[17.50242,43.07535],[17.48091,43.07465],[17.47536,43.06912],[17.47978,43.0588],[17.47824,43.05028],[17.46744,43.04486],[17.46586,43.03407],[17.45085,43.03248],[17.4491,43.02566],[17.42703,43.02564],[17.4221,43.02914],[17.4198,43.03676],[17.4062,43.03814],[17.39704,43.04598],[17.39169,43.05707],[17.3721,43.06664],[17.36235,43.08212],[17.35126,43.08748],[17.34586,43.09874],[17.33846,43.10096],[17.33336,43.11124],[17.31463,43.12019],[17.29787,43.12148],[17.2846,43.12914],[17.28232,43.1367],[17.27287,43.13814],[17.24792,43.15356],[17.24134,43.14936],[17.2063,43.16602],[17.18537,43.16731],[17.17287,43.17148],[17.16346,43.17596],[17.15342,43.19093],[17.13537,43.19231],[17.12713,43.19936],[17.1187,43.20064],[17.10954,43.20848],[17.10477,43.21875],[17.10858,43.22412],[17.0937,43.22564],[17.07626,43.23331],[17.07404,43.2407],[17.06376,43.24581],[17.05769,43.26047],[17.04957,43.26995],[17.03953,43.27148],[17.01763,43.2843],[17.0157,43.2907],[17.00835,43.29292],[17.01248,43.29875],[17.0062,43.30064],[16.96037,43.33814],[16.94702,43.35021],[16.94487,43.35737],[16.9313,43.36602],[16.92287,43.36731],[16.91047,43.37852],[16.89787,43.38398],[16.88871,43.39182],[16.88625,43.39998],[16.8813,43.39648],[16.85801,43.39519],[16.85213,43.39936],[16.80203,43.40064],[16.76218,43.40898],[16.75384,43.40352],[16.74797,43.40769],[16.7187,43.41314],[16.7093,43.41763],[16.69971,43.43668],[16.69167,43.4375],[16.69233,43.44493],[16.70242,43.44548],[16.75174,43.42119],[16.83159,43.41631],[16.83508,43.41285],[16.88992,43.40798],[16.90174,43.39619],[16.91492,43.39548],[16.91841,43.39202],[16.92671,43.39131],[16.93333,43.4],[16.93992,43.39965],[16.96076,43.39131],[16.96757,43.38399],[16.975,43.38333],[16.97589,43.37988],[16.98554,43.3786],[17.01054,43.3661],[17.02083,43.35833],[17.02119,43.35172],[17.03578,43.33715],[17.04409,43.33785],[17.04758,43.34131],[17.06667,43.34167],[17.07196,43.33698],[17.08638,43.35053],[17.10417,43.34583],[17.10798,43.35174],[17.10869,43.36912],[17.11667,43.375],[17.11667,43.37917]]],[[[16.69583,43.175],[16.6967,43.1717],[16.72292,43.15883],[16.74515,43.16725],[16.75208,43.16299],[16.75765,43.16725],[16.76447,43.16308],[16.8397,43.16192],[16.84515,43.15775],[16.85349,43.16308],[16.88656,43.16188],[16.88866,43.15395],[16.89515,43.15891],[16.90197,43.15475],[16.98136,43.15359],[16.9853,43.15058],[17.03553,43.14525],[17.03947,43.14225],[17.09386,43.14109],[17.09932,43.13692],[17.13553,43.13808],[17.14099,43.14225],[17.15636,43.14109],[17.1603,43.13808],[17.18136,43.13692],[17.20058,43.12791],[17.19911,43.12146],[17.16864,43.12025],[17.1647,43.11725],[17.14364,43.11609],[17.13818,43.11192],[17.0478,43.11308],[17.04375,43.11617],[17.03818,43.11192],[16.90197,43.11308],[16.89792,43.11617],[16.89235,43.11192],[16.88136,43.11609],[16.83947,43.11725],[16.83553,43.12025],[16.81447,43.12141],[16.80901,43.12558],[16.71864,43.12442],[16.71458,43.12133],[16.71042,43.12451],[16.70485,43.12025],[16.6478,43.12141],[16.64386,43.12442],[16.61864,43.12558],[16.6022,43.13275],[16.5853,43.13391],[16.58136,43.13692],[16.53947,43.13808],[16.51447,43.14641],[16.50636,43.15359],[16.49235,43.15891],[16.4728,43.15775],[16.46735,43.15359],[16.44282,43.16272],[16.44075,43.15484],[16.42697,43.15359],[16.42151,43.14942],[16.40901,43.15475],[16.38333,43.15],[16.38247,43.15336],[16.37621,43.15473],[16.375,43.15],[16.36225,43.14518],[16.35548,43.14991],[16.35318,43.15735],[16.33959,43.16604],[16.33066,43.16184],[16.32475,43.17149],[16.31092,43.16601],[16.30768,43.17054],[16.31691,43.17982],[16.32288,43.17566],[16.33358,43.17434],[16.33954,43.17851],[16.35025,43.17982],[16.36454,43.17149],[16.38962,43.17018],[16.39608,43.16601],[16.4029,43.17077],[16.40858,43.16184],[16.41454,43.16601],[16.42525,43.16732],[16.43154,43.16292],[16.43777,43.16329],[16.43342,43.16952],[16.42296,43.17434],[16.37288,43.18816],[16.36701,43.1927],[16.3674,43.19928],[16.39608,43.20066],[16.40858,43.19518],[16.43125,43.20354],[16.43542,43.20063],[16.45625,43.21187],[16.46042,43.20896],[16.46454,43.21184],[16.49191,43.21316],[16.49788,43.20899],[16.51879,43.20768],[16.53129,43.20351],[16.55204,43.18816],[16.57954,43.18268],[16.58399,43.18601],[16.55932,43.20098],[16.55407,43.21145],[16.54559,43.21316],[16.53692,43.20768],[16.51789,43.22081],[16.51601,43.22768],[16.52941,43.23399],[16.54018,43.22851],[16.54274,43.2368],[16.57413,43.23816],[16.57573,43.21773],[16.58542,43.21313],[16.60858,43.22149],[16.61454,43.21732],[16.63358,43.21601],[16.63954,43.22018],[16.65441,43.22149],[16.67005,43.21581],[16.67149,43.20204],[16.67946,43.19267],[16.68775,43.19101],[16.69785,43.19649],[16.70066,43.19142],[16.69589,43.1846],[16.70326,43.18233],[16.70482,43.17594],[16.69583,43.175]],[[16.69583,43.175],[16.69466,43.17958],[16.6911,43.17621],[16.69583,43.175]]],[[[16.20833,43.075],[16.22299,43.07562],[16.2287,43.07978],[16.25895,43.074],[16.25765,43.05084],[16.23405,43.03651],[16.23333,43.02917],[16.22876,43.02799],[16.23212,43.02443],[16.23333,43.02917],[16.2412,43.03395],[16.24997,43.02636],[16.24383,43.02145],[16.23431,43.02006],[16.23197,43.01188],[16.22181,43.01326],[16.21962,43.02091],[16.21466,43.01728],[16.17701,43.01605],[16.17299,43.01312],[16.11867,43.00772],[16.11297,43.00355],[16.06745,43.00482],[16.06615,43.01533],[16.08717,43.02169],[16.09228,43.0287],[16.08613,43.04645],[16.06714,43.03688],[16.04595,43.05116],[16.0414,43.05738],[16.07299,43.06728],[16.08117,43.07438],[16.09799,43.07562],[16.10201,43.07855],[16.13966,43.07978],[16.14536,43.08395],[16.18966,43.08272],[16.20735,43.07845],[16.20833,43.075]],[[16.19861,43.0625],[16.19971,43.06536],[16.19492,43.06728],[16.19105,43.06345],[16.19861,43.0625]],[[16.20833,43.075],[16.19942,43.07199],[16.20708,43.07025],[16.20833,43.075]]],[[[16.375,43.15],[16.38333,43.15],[16.38242,43.14102],[16.37575,43.14261],[16.375,43.15]]]]},"properties":{"hybas_id":"2060012190","pfaf_id":"213093","sub_area":"1902.9","up_area":"1902.9","next_down":"0","main_bas":"2060012190","kind":"basin","source":"local-hydrobasins"}},{"type":"Feature","geometry":{"type":"Polygon","coordinates":[[[16.31667,44.1125],[16.31335,44.12832],[16.32083,44.12917],[16.32536,44.13995],[16.3375,44.15],[16.33333,44.1625],[16.32917,44.1625],[16.33332,44.16875],[16.32952,44.17258],[16.32917,44.17917],[16.32173,44.17983],[16.31752,44.18418],[16.30777,44.20638],[16.29074,44.22846],[16.28112,44.22973],[16.27597,44.23373],[16.26667,44.25],[16.2468,44.2629],[16.23665,44.28248],[16.23002,44.28418],[16.225,44.29583],[16.22832,44.29668],[16.2303,44.30443],[16.24167,44.3],[16.24283,44.29547],[16.25196,44.3036],[16.28554,44.3089],[16.2907,44.3129],[16.29672,44.32846],[16.30745,44.32988],[16.30833,44.33333],[16.31909,44.33298],[16.34341,44.30869],[16.36076,44.30381],[16.37258,44.29202],[16.37917,44.29167],[16.38002,44.28835],[16.39388,44.28277],[16.40196,44.27557],[16.42701,44.26728],[16.44383,44.26605],[16.45617,44.25895],[16.4657,44.25756],[16.47438,44.23966],[16.47581,44.22988],[16.49214,44.22855],[16.5,44.2375],[16.52701,44.22145],[16.53717,44.21997],[16.54246,44.20496],[16.55216,44.20355],[16.57284,44.18395],[16.57877,44.18225],[16.59522,44.16466],[16.59583,44.15833],[16.60659,44.15869],[16.625,44.16667],[16.63924,44.15035],[16.64583,44.15],[16.64583,44.14583],[16.6625,44.14583],[16.66286,44.13921],[16.67917,44.125],[16.67917,44.12083],[16.72832,44.09082],[16.74223,44.05908],[16.74102,44.04257],[16.73399,44.04077],[16.73333,44.03333],[16.73946,44.02557],[16.75612,44.01723],[16.76578,44.01596],[16.76763,44.00873],[16.79092,43.99527],[16.82083,44.0],[16.83277,43.98554],[16.83835,43.97168],[16.85,43.96667],[16.85833,43.95],[16.8625,43.95],[16.86841,43.95798],[16.87674,43.96215],[16.90242,43.96215],[16.91008,43.95452],[16.92329,43.94964],[16.94167,43.925],[16.94512,43.92411],[16.9464,43.91446],[16.9536,43.90638],[16.95918,43.88835],[16.97696,43.87973],[17.02182,43.87027],[17.03529,43.88277],[17.04495,43.88404],[17.04668,43.89082],[17.05332,43.89252],[17.05777,43.90196],[17.05057,43.91446],[17.04911,43.93679],[17.03946,43.93807],[17.02696,43.9464],[17.01667,43.95833],[17.0125,43.95833],[17.00833,43.97917],[16.99583,43.9875],[16.99493,43.99101],[16.9875,43.99167],[16.98715,43.99826],[16.97557,44.01446],[16.97017,44.04077],[16.96335,44.04252],[16.96285,44.05242],[16.97083,44.0625],[16.97742,44.06215],[16.98995,44.05381],[17.0125,44.05833],[17.01752,44.05085],[17.0246,44.04903],[17.03529,44.0339],[17.05324,44.02846],[17.06339,44.01321],[17.08262,44.00922],[17.0839,44.01888],[17.0875,44.025],[17.09167,44.025],[17.0911,44.05221],[17.0838,44.06041],[17.08703,44.06458],[17.0839,44.06862],[17.08267,44.08243],[17.07917,44.08333],[17.075,44.09583],[17.08576,44.09619],[17.10174,44.10798],[17.11492,44.10869],[17.11912,44.11285],[17.13159,44.11215],[17.14412,44.09965],[17.15659,44.10035],[17.16042,44.10415],[17.16841,44.09619],[17.17329,44.09548],[17.18508,44.07952],[17.19341,44.07535],[17.20659,44.07465],[17.24341,44.04202],[17.2625,44.04583],[17.26631,44.03992],[17.26702,44.02674],[17.27674,44.01285],[17.30242,44.01215],[17.31165,44.00748],[17.33693,43.96888],[17.3375,43.9375],[17.35742,43.9369],[17.35925,43.92977],[17.39065,43.92856],[17.40085,43.91335],[17.42696,43.8964],[17.44077,43.89649],[17.44167,43.9],[17.45346,43.89495],[17.45833,43.87083],[17.44758,43.87048],[17.43576,43.86285],[17.41008,43.86215],[17.40174,43.85798],[17.38786,43.84412],[17.39548,43.83576],[17.39583,43.80833],[17.40097,43.79623],[17.41276,43.79053],[17.40464,43.77708],[17.40777,43.77304],[17.40833,43.75833],[17.39758,43.75798],[17.38992,43.75035],[17.37917,43.75],[17.37447,43.74261],[17.37591,43.73827],[17.38318,43.73629],[17.39268,43.72163],[17.40374,43.71995],[17.41186,43.71047],[17.41338,43.69558],[17.41876,43.6994],[17.44102,43.6813],[17.44231,43.66453],[17.45,43.65417],[17.44943,43.63529],[17.44527,43.62991],[17.44648,43.6134],[17.46192,43.60741],[17.47027,43.59804],[17.4714,43.58112],[17.475,43.575],[17.47149,43.5741],[17.47083,43.56667],[17.46029,43.56723],[17.41752,43.58418],[17.41577,43.59101],[17.40196,43.5911],[17.38847,43.58294],[17.38665,43.57585],[17.37154,43.56995],[17.36667,43.55417],[17.34412,43.55869],[17.33992,43.55452],[17.31424,43.55381],[17.31076,43.55035],[17.30417,43.55],[17.2996,43.55737],[17.29252,43.55918],[17.29082,43.56582],[17.25,43.57917],[17.2375,43.575],[17.23665,43.57168],[17.22721,43.56723],[17.18946,43.5661],[17.18554,43.56307],[17.15174,43.55798],[17.14412,43.55381],[17.13992,43.55798],[17.10896,43.55742],[17.10755,43.53818],[17.06037,43.53686],[17.04519,43.53228],[17.04998,43.51792],[17.04583,43.51667],[17.03995,43.52465],[17.01912,43.52535],[17.0125,43.52083],[17.01286,43.51421],[17.03091,43.50035],[17.03579,43.49964],[17.04923,43.48653],[17.05079,43.47579],[17.06217,43.47414],[17.06605,43.46883],[17.06667,43.45],[17.07083,43.44583],[17.05869,43.42254],[17.06424,43.41702],[17.08333,43.4125],[17.08816,43.39673],[17.11667,43.37917],[17.11667,43.375],[17.10869,43.36912],[17.10798,43.35174],[17.10417,43.34583],[17.08638,43.35053],[17.07196,43.33698],[17.06667,43.34167],[17.04758,43.34131],[17.04409,43.33785],[17.03578,43.33715],[17.02119,43.35172],[17.02083,43.35833],[17.01054,43.3661],[16.98554,43.3786],[16.97589,43.37988],[16.975,43.38333],[16.96757,43.38399],[16.96076,43.39131],[16.93992,43.39965],[16.93333,43.4],[16.92671,43.39131],[16.91841,43.39202],[16.91492,43.39548],[16.90174,43.39619],[16.88992,43.40798],[16.83508,43.41285],[16.83159,43.41631],[16.75174,43.42119],[16.70242,43.44548],[16.69233,43.44493],[16.69167,43.4375],[16.6875,43.4375],[16.68676,43.44503],[16.65617,43.45478],[16.6417,43.46386],[16.64595,43.46967],[16.65435,43.47208],[16.64554,43.48223],[16.62593,43.49259],[16.61312,43.51034],[16.61188,43.51714],[16.62083,43.53333],[16.63992,43.53369],[16.64412,43.53785],[16.65242,43.53715],[16.65591,43.53369],[16.675,43.53333],[16.67832,43.53418],[16.68333,43.54583],[16.67119,43.55588],[16.66496,43.56631],[16.6375,43.575],[16.63665,43.57832],[16.62566,43.58429],[16.62443,43.59804],[16.61567,43.6077],[16.59779,43.6089],[16.56054,43.62027],[16.53333,43.62083],[16.53248,43.62415],[16.52585,43.62585],[16.52535,43.63159],[16.52915,43.63542],[16.52535,43.63924],[16.52083,43.65833],[16.54409,43.66702],[16.55798,43.68088],[16.5625,43.69167],[16.54619,43.70171],[16.54548,43.72326],[16.53995,43.72881],[16.52917,43.72917],[16.52832,43.73248],[16.52083,43.73333],[16.52438,43.75216],[16.51728,43.76034],[16.51586,43.7701],[16.50099,43.77155],[16.49137,43.78639],[16.46867,43.79228],[16.44583,43.80417],[16.44127,43.81153],[16.43418,43.81335],[16.42877,43.82403],[16.40918,43.83418],[16.40377,43.84487],[16.38508,43.85035],[16.37329,43.86631],[16.36424,43.86702],[16.35833,43.875],[16.35,43.875],[16.35035,43.90662],[16.35833,43.9125],[16.3453,43.92594],[16.34947,43.93109],[16.35,43.94583],[16.35756,43.9466],[16.35898,43.96047],[16.36248,43.96541],[16.38658,43.97522],[16.3883,43.98649],[16.39487,43.98846],[16.40022,43.99908],[16.41268,44.00098],[16.39648,44.0312],[16.3907,44.04904],[16.3875,44.05],[16.38333,44.06667],[16.37674,44.06702],[16.37083,44.075],[16.36424,44.07535],[16.33418,44.09252],[16.32083,44.10417],[16.31667,44.1125]]]},"properties":{"hybas_id":"2060012250","pfaf_id":"213094","sub_area":"5089.0","up_area":"5089.0","next_down":"0","main_bas":"2060012250","kind":"basin","source":"local-hydrobasins"}},{"type":"Feature","geometry":{"type":"MultiPolygon","coordinates":[[[[15.88194,43.5625],[15.87438,43.56345],[15.87622,43.57145],[15.88194,43.5625]]],[[[16.13611,43.40833],[16.12116,43.41336],[16.11605,43.42036],[16.1211,43.42822],[16.10772,43.43017],[16.10895,43.43549],[16.12181,43.4534],[16.13236,43.45493],[16.1347,43.46312],[16.14792,43.45889],[16.1537,43.46312],[16.17047,43.45725],[16.18395,43.44247],[16.1825,43.43412],[16.16714,43.42855],[16.15464,43.43395],[16.14799,43.42978],[16.13413,43.42843],[16.12972,43.42291],[16.13803,43.41333],[16.13611,43.40833]]],[[[16.09028,43.43333],[16.07997,43.43403],[16.07822,43.4461],[16.0662,43.44105],[16.06049,43.44522],[16.04994,43.44675],[16.05078,43.45346],[16.0903,43.45895],[16.09259,43.45093],[16.10007,43.44879],[16.09028,43.43333]]],[[[15.81528,43.6625],[15.80916,43.66321],[15.80787,43.66977],[15.81561,43.6713],[15.81528,43.6625]]],[[[15.84444,43.64583],[15.83688,43.64678],[15.83872,43.65478],[15.84444,43.64583]]],[[[16.01111,43.47083],[16.00773,43.47344],[16.00978,43.47977],[16.01305,43.47576],[16.01111,43.47083]]],[[[15.82361,43.64167],[15.81773,43.64229],[15.81216,43.64877],[15.81782,43.65053],[15.82463,43.64395],[15.82361,43.64167]]],[[[15.89861,43.625],[15.89527,43.62731],[15.8971,43.6339],[15.90748,43.63263],[15.90804,43.63016],[15.89861,43.625]]],[[[15.90694,43.56667],[15.89243,43.56736],[15.89174,43.57417],[15.90605,43.57563],[15.90871,43.57137],[15.90694,43.56667]]],[[[15.87361,43.575],[15.86605,43.57595],[15.86992,43.57978],[15.87471,43.57786],[15.87361,43.575]]],[[[15.89444,43.53333],[15.88831,43.53408],[15.88295,43.54071],[15.89352,43.54227],[15.8963,43.53805],[15.89444,43.53333]]],[[[16.62083,43.53333],[16.61188,43.51714],[16.61312,43.51034],[16.62593,43.49259],[16.64554,43.48223],[16.65435,43.47208],[16.64595,43.46967],[16.6417,43.46386],[16.65617,43.45478],[16.68676,43.44503],[16.6875,43.4375],[16.63956,43.43817],[16.60628,43.45767],[16.59372,43.459],[16.56456,43.4715],[16.55211,43.48267],[16.5347,43.49151],[16.53205,43.4999],[16.52483,43.49517],[16.51878,43.49933],[16.4665,43.50067],[16.45816,43.49517],[16.43542,43.50352],[16.43128,43.50067],[16.40816,43.49933],[16.40211,43.5035],[16.38894,43.5049],[16.38683,43.5085],[16.39191,43.51588],[16.41461,43.51733],[16.41946,43.52067],[16.42189,43.52834],[16.459,43.53661],[16.34983,43.55067],[16.31456,43.53683],[16.30211,43.52567],[16.27706,43.52433],[16.27017,43.51744],[16.30628,43.516],[16.35206,43.4965],[16.39606,43.49085],[16.3914,43.48408],[16.3165,43.4785],[16.31044,43.48267],[16.28539,43.484],[16.279,43.48817],[16.27294,43.484],[16.25622,43.48267],[16.24792,43.47565],[16.24375,43.47852],[16.23961,43.47567],[16.2182,43.47433],[16.21266,43.48613],[16.20517,43.4885],[16.19974,43.49923],[16.2335,43.50067],[16.23956,43.4965],[16.2562,43.49517],[16.259,43.50037],[16.25294,43.50827],[16.24792,43.50482],[16.22447,43.51733],[16.21461,43.509],[16.19372,43.50767],[16.1807,43.5035],[16.17808,43.51177],[16.14367,43.51312],[16.13843,43.51695],[16.12879,43.51575],[16.13417,43.50902],[16.15633,43.50772],[16.17824,43.49972],[16.17978,43.4912],[16.17467,43.48419],[16.15786,43.47855],[16.14953,43.48395],[16.12299,43.47145],[16.0912,43.47022],[16.07036,43.47978],[16.06466,43.47562],[16.0537,43.47438],[16.04705,43.47924],[16.04485,43.47155],[16.02708,43.46723],[16.01665,43.47203],[16.01744,43.47843],[16.03133,43.47978],[16.03812,43.48613],[16.02621,43.49174],[16.02403,43.48409],[16.01387,43.48272],[16.01126,43.49185],[15.99953,43.48272],[15.99283,43.48761],[15.99071,43.49503],[15.98286,43.49645],[15.97036,43.49105],[15.94799,43.50772],[15.93829,43.50913],[15.93688,43.51898],[15.94214,43.52145],[15.94792,43.51723],[15.95895,43.52363],[15.95116,43.52586],[15.94938,43.52964],[15.95361,43.53542],[15.94989,43.54051],[15.93871,43.54591],[15.93656,43.53836],[15.93017,43.53688],[15.92855,43.54799],[15.92139,43.55624],[15.92562,43.5653],[15.91742,43.56764],[15.91605,43.57817],[15.92978,43.58233],[15.91764,43.5841],[15.91574,43.59074],[15.90772,43.59483],[15.9211,43.59678],[15.91728,43.60201],[15.91605,43.62299],[15.91188,43.62964],[15.91611,43.63542],[15.91217,43.64081],[15.90097,43.64243],[15.89907,43.64907],[15.88703,43.65478],[15.88124,43.65056],[15.87299,43.65772],[15.86451,43.65895],[15.85405,43.67384],[15.83951,43.67978],[15.81667,43.69722],[15.81744,43.70343],[15.83235,43.70488],[15.83419,43.71134],[15.83797,43.71312],[15.84799,43.70772],[15.8701,43.68669],[15.87157,43.67164],[15.88236,43.67007],[15.88426,43.66343],[15.8963,43.65772],[15.9088,43.66312],[15.91551,43.65822],[15.91667,43.65417],[15.91209,43.65299],[15.91545,43.64943],[15.91667,43.65417],[15.93025,43.65886],[15.94057,43.64949],[15.94621,43.65125],[15.93803,43.66025],[15.9375,43.66667],[15.92446,43.67144],[15.91884,43.66727],[15.9094,43.66606],[15.90773,43.67554],[15.91196,43.68125],[15.90815,43.68639],[15.89376,43.6953],[15.88279,43.69106],[15.87283,43.69644],[15.85488,43.71335],[15.85508,43.72438],[15.86667,43.725],[15.86757,43.72149],[15.88138,43.72027],[15.90342,43.7036],[15.925,43.7125],[15.93259,43.7214],[15.93971,43.72027],[15.94779,43.71307],[15.97762,43.70006],[15.99537,43.71874],[15.98693,43.73259],[15.98824,43.74079],[16.00242,43.74131],[16.01424,43.73369],[16.03992,43.72881],[16.07258,43.70869],[16.11667,43.7],[16.12083,43.72083],[16.15242,43.72119],[16.15625,43.72499],[16.17292,43.71668],[16.17881,43.72255],[16.17952,43.73992],[16.18333,43.74583],[16.18992,43.74619],[16.20091,43.75773],[16.23242,43.75894],[16.24583,43.77917],[16.26054,43.77443],[16.27696,43.76307],[16.28971,43.76193],[16.29779,43.75473],[16.31054,43.7536],[16.31998,43.74915],[16.32917,43.73333],[16.34082,43.72832],[16.34263,43.72123],[16.35591,43.70869],[16.38091,43.69619],[16.41492,43.69131],[16.43112,43.6839],[16.44462,43.68277],[16.44649,43.69493],[16.45612,43.69943],[16.5125,43.70417],[16.52443,43.72279],[16.525,43.73333],[16.52917,43.72917],[16.53995,43.72881],[16.54548,43.72326],[16.54619,43.70171],[16.5625,43.69167],[16.55798,43.68088],[16.54409,43.66702],[16.52083,43.65833],[16.52535,43.63924],[16.52915,43.63542],[16.52535,43.63159],[16.52585,43.62585],[16.53248,43.62415],[16.53333,43.62083],[16.56054,43.62027],[16.59779,43.6089],[16.61567,43.6077],[16.62443,43.59804],[16.62566,43.58429],[16.63665,43.57832],[16.6375,43.575],[16.66496,43.56631],[16.67119,43.55588],[16.68333,43.54583],[16.67832,43.53418],[16.675,43.53333],[16.65591,43.53369],[16.65242,43.53715],[16.64412,43.53785],[16.63992,43.53369],[16.62083,43.53333]],[[16.22778,43.47917],[16.22888,43.48203],[16.22408,43.48395],[16.22022,43.48011],[16.22778,43.47917]],[[15.90694,43.65],[15.90684,43.65442],[15.9037,43.65164],[15.90694,43.65]],[[15.87361,43.6625],[15.8735,43.66692],[15.87037,43.66414],[15.87361,43.6625]],[[15.94028,43.63333],[15.93522,43.6423],[15.92046,43.64079],[15.92582,43.63402],[15.94028,43.63333]],[[15.97778,43.52917],[15.97767,43.53359],[15.97453,43.53081],[15.97778,43.52917]],[[15.96528,43.51667],[15.96517,43.52109],[15.96203,43.51831],[15.96528,43.51667]],[[15.98194,43.51667],[15.98304,43.51953],[15.97825,43.52145],[15.97438,43.51761],[15.98194,43.51667]]],[[[16.17083,43.475],[16.18255,43.47431],[16.18288,43.47164],[16.17217,43.47031],[16.17083,43.475]]],[[[16.1661,43.47621],[16.16966,43.47958],[16.17083,43.475],[16.1661,43.47621]]]]},"properties":{"hybas_id":"2060012260","pfaf_id":"213095","sub_area":"1443.1","up_area":"1443.1","next_down":"0","main_bas":"2060012260","kind":"basin","source":"local-hydrobasins"}},{"type":"Feature","geometry":{"type":"Polygon","coordinates":[[[16.12917,44.10833],[16.13262,44.10922],[16.13807,44.12575],[16.12877,44.14487],[16.11728,44.151],[16.1161,44.17594],[16.12443,44.18529],[16.13693,44.21446],[16.1369,44.24075],[16.12083,44.24583],[16.11634,44.25331],[16.1049,44.25497],[16.10452,44.26909],[16.10833,44.275],[16.13242,44.27559],[16.1343,44.28294],[16.14167,44.2875],[16.14668,44.29915],[16.16184,44.30507],[16.16316,44.31993],[16.17696,44.3286],[16.18333,44.32917],[16.18841,44.31729],[16.21159,44.31604],[16.21335,44.30918],[16.22465,44.30242],[16.23002,44.28418],[16.23665,44.28248],[16.2468,44.2629],[16.26667,44.25],[16.27597,44.23373],[16.28112,44.22973],[16.29074,44.22846],[16.30777,44.20638],[16.31752,44.18418],[16.32173,44.17983],[16.32917,44.17917],[16.32952,44.17258],[16.33332,44.16875],[16.32917,44.1625],[16.33333,44.1625],[16.3375,44.15],[16.32536,44.13995],[16.32083,44.12917],[16.31335,44.12832],[16.31752,44.10918],[16.33418,44.09252],[16.36424,44.07535],[16.37083,44.075],[16.37674,44.06702],[16.38333,44.06667],[16.3875,44.05],[16.3907,44.04904],[16.39648,44.0312],[16.41268,44.00098],[16.40022,43.99908],[16.39487,43.98846],[16.3883,43.98649],[16.38658,43.97522],[16.36248,43.96541],[16.35898,43.96047],[16.35756,43.9466],[16.35,43.94583],[16.34947,43.93109],[16.3453,43.92594],[16.35833,43.9125],[16.35035,43.90662],[16.35,43.875],[16.35833,43.875],[16.36424,43.86702],[16.37329,43.86631],[16.38508,43.85035],[16.40377,43.84487],[16.40918,43.83418],[16.42877,43.82403],[16.43418,43.81335],[16.44127,43.81153],[16.44583,43.80417],[16.46867,43.79228],[16.49137,43.78639],[16.50099,43.77155],[16.51586,43.7701],[16.51728,43.76034],[16.52438,43.75216],[16.52083,43.73333],[16.525,43.73333],[16.525,43.72917],[16.51998,43.71335],[16.51667,43.7125],[16.5125,43.70417],[16.45612,43.69943],[16.44649,43.69493],[16.44462,43.68277],[16.43112,43.6839],[16.41492,43.69131],[16.38091,43.69619],[16.35,43.7125],[16.35,43.71667],[16.34263,43.72123],[16.34082,43.72832],[16.32917,43.73333],[16.31998,43.74915],[16.31054,43.7536],[16.29779,43.75473],[16.28971,43.76193],[16.27696,43.76307],[16.26054,43.77443],[16.24583,43.77917],[16.23242,43.75894],[16.20091,43.75773],[16.18992,43.74619],[16.18333,43.74583],[16.17952,43.73992],[16.17881,43.72255],[16.17292,43.71668],[16.15625,43.72499],[16.15242,43.72119],[16.12083,43.72083],[16.11667,43.7],[16.07258,43.70869],[16.03992,43.72881],[16.02674,43.72952],[16.00242,43.74131],[15.99167,43.74167],[15.98824,43.74079],[15.98693,43.73259],[15.99537,43.71874],[15.97762,43.70006],[15.94779,43.71307],[15.93971,43.72027],[15.93259,43.7214],[15.925,43.7125],[15.90342,43.7036],[15.88138,43.72027],[15.86757,43.72149],[15.86631,43.73576],[15.84202,43.75588],[15.84131,43.76076],[15.83162,43.77048],[15.82674,43.77119],[15.79619,43.79754],[15.79202,43.80591],[15.79131,43.81838],[15.79548,43.82258],[15.79491,43.82824],[15.77701,43.83395],[15.76049,43.84938],[15.73534,43.85895],[15.73003,43.86283],[15.72835,43.87433],[15.7125,43.875],[15.71312,43.88659],[15.7201,43.88838],[15.7214,43.89677],[15.7125,43.90833],[15.71909,43.90869],[15.73298,43.91838],[15.73333,43.92917],[15.71492,43.94548],[15.67258,43.97119],[15.66582,43.98248],[15.66029,43.9839],[15.64674,43.99648],[15.6338,44.01875],[15.64527,44.03529],[15.65,44.05833],[15.69079,44.05892],[15.68693,44.06592],[15.69223,44.08138],[15.70473,44.09906],[15.69943,44.10759],[15.70074,44.11579],[15.71076,44.11631],[15.73333,44.1],[15.73665,44.10085],[15.73835,44.10748],[15.74804,44.10777],[15.75209,44.10463],[15.76608,44.11342],[15.77585,44.12832],[15.78248,44.13002],[15.78455,44.13807],[15.78971,44.13693],[15.79779,44.12973],[15.80741,44.12846],[15.81339,44.11738],[15.82304,44.1161],[15.84362,44.10473],[15.86165,44.09915],[15.86347,44.09206],[15.87168,44.08418],[15.88554,44.08277],[15.91446,44.06307],[15.92696,44.0589],[15.96054,44.05777],[15.97425,44.04943],[15.98259,44.05473],[15.99388,44.0536],[15.99886,44.04974],[16.00114,44.0586],[16.01459,44.05046],[16.02707,44.06204],[16.03112,44.0589],[16.05659,44.05798],[16.06421,44.05381],[16.06875,44.05832],[16.07292,44.05418],[16.08715,44.06838],[16.0875,44.075],[16.09101,44.0759],[16.09232,44.09069],[16.11029,44.10777],[16.12917,44.10833]]]},"properties":{"hybas_id":"2060012300","pfaf_id":"213096","sub_area":"2520.0","up_area":"2520.0","next_down":"0","main_bas":"2060012300","kind":"basin","source":"local-hydrobasins"}},{"type":"Feature","geometry":{"type":"MultiPolygon","coordinates":[[[[13.58611,45.1375],[13.57852,45.14404],[13.58418,45.14648],[13.58801,45.14266],[13.58611,45.1375]]],[[[13.67778,45.02917],[13.67166,45.02988],[13.67037,45.03644],[13.67811,45.03797],[13.67778,45.02917]]],[[[13.94861,44.76667],[13.94105,44.76761],[13.94262,44.77978],[13.94979,44.77814],[13.95361,44.77291],[13.94861,44.76667]]],[[[13.95278,44.7875],[13.94247,44.78818],[13.94147,44.7949],[13.95185,44.79644],[13.95463,44.79222],[13.95278,44.7875]]],[[[14.35278,44.775],[14.34522,44.77595],[14.34908,44.77978],[14.35388,44.77786],[14.35278,44.775]]],[[[14.31111,44.49583],[14.30201,44.49645],[14.28827,44.50514],[14.28272,44.52036],[14.28518,44.52562],[14.30633,44.52022],[14.31451,44.51312],[14.32839,44.51176],[14.32922,44.50508],[14.31711,44.50332],[14.31111,44.49583]]],[[[14.59861,44.5375],[14.59249,44.53821],[14.5912,44.54477],[14.59894,44.5463],[14.59861,44.5375]]],[[[14.57361,44.40833],[14.56605,44.40928],[14.56789,44.41728],[14.57361,44.40833]]],[[[14.31111,44.75417],[14.30523,44.75479],[14.29947,44.76148],[14.30053,44.77725],[14.31197,44.78942],[14.31327,44.79495],[14.31782,44.79636],[14.32553,44.78892],[14.31111,44.75417]]],[[[14.17778,44.725],[14.17166,44.72571],[14.17037,44.73227],[14.17811,44.7338],[14.17778,44.725]]],[[[14.28611,44.60417],[14.27283,44.60477],[14.25634,44.61606],[14.23431,44.61733],[14.22856,44.62863],[14.23034,44.63261],[14.24088,44.63411],[14.2416,44.63895],[14.23689,44.64529],[14.23819,44.66153],[14.24546,44.66356],[14.25363,44.67291],[14.24988,44.67797],[14.27863,44.69227],[14.28248,44.69055],[14.29227,44.66721],[14.27995,44.65356],[14.26761,44.65864],[14.26622,44.64924],[14.27144,44.64221],[14.26721,44.63542],[14.28273,44.61467],[14.28611,44.60417]]],[[[14.34028,44.55833],[14.33116,44.55894],[14.31884,44.57023],[14.30018,44.58028],[14.29523,44.58696],[14.29684,44.5961],[14.31467,44.5869],[14.33116,44.57144],[14.33732,44.56972],[14.34218,44.56317],[14.34028,44.55833]]],[[[14.58611,44.54167],[14.58006,44.54236],[14.57443,44.55342],[14.57654,44.5589],[14.5829,44.55741],[14.58807,44.55075],[14.58611,44.54167]]],[[[14.56944,44.47917],[14.5633,44.47994],[14.56171,44.49087],[14.55079,44.49246],[14.54923,44.50319],[14.54105,44.50553],[14.54294,44.51312],[14.56217,44.50747],[14.57444,44.48541],[14.56944,44.47917]]],[[[14.54444,44.95],[14.51872,44.959],[14.50211,44.97017],[14.49198,44.97178],[14.48288,44.98255],[14.51461,44.984],[14.52292,44.99102],[14.53956,44.97983],[14.54914,44.97831],[14.55067,44.96872],[14.559,44.95886],[14.55702,44.95495],[14.54765,44.95346],[14.54444,44.95]]],[[[14.57778,44.94167],[14.5719,44.94229],[14.56614,44.94898],[14.56791,44.95445],[14.57828,44.94923],[14.57778,44.94167]]],[[[14.58611,44.6625],[14.57591,44.66316],[14.57024,44.6701],[14.57247,44.67559],[14.58249,44.67426],[14.58808,44.66741],[14.58611,44.6625]]],[[[14.49028,44.72083],[14.48688,44.72355],[14.48902,44.72978],[14.496,44.72799],[14.49028,44.72083]]],[[[14.83611,44.99167],[14.82852,44.9982],[14.83418,45.00064],[14.83801,44.99683],[14.83611,44.99167]]],[[[14.67778,44.9375],[14.67166,44.93821],[14.67037,44.94477],[14.67811,44.9463],[14.67778,44.9375]]],[[[14.82778,44.825],[14.79936,44.83895],[14.8009,44.85481],[14.81036,44.85064],[14.84092,44.8493],[14.84209,44.83471],[14.83407,44.8323],[14.82778,44.825]]],[[[14.97778,44.39583],[14.97453,44.39747],[14.97767,44.40025],[14.97778,44.39583]]],[[[14.87361,44.4625],[14.85018,44.47611],[14.84523,44.48279],[14.8469,44.49227],[14.85634,44.49106],[14.86993,44.48243],[14.87544,44.47159],[14.87361,44.4625]]],[[[14.99861,44.39167],[14.99249,44.39238],[14.9912,44.39894],[14.99894,44.40047],[14.99861,44.39167]]],[[[14.96944,44.4],[14.95615,44.40059],[14.92698,44.41309],[14.91052,44.42857],[14.89609,44.43439],[14.89078,44.44494],[14.88359,44.44689],[14.87857,44.45356],[14.88085,44.45893],[14.90323,44.45768],[14.92024,44.43969],[14.92176,44.43407],[14.93969,44.42857],[14.96641,44.41144],[14.97139,44.40483],[14.96944,44.4]]],[[[14.69444,44.6875],[14.67997,44.68816],[14.67897,44.6949],[14.68935,44.69644],[14.69444,44.6875]]],[[[14.66944,44.7125],[14.66357,44.71312],[14.6578,44.71982],[14.65966,44.72553],[14.67041,44.71465],[14.66944,44.7125]]],[[[15.35694,44.3125],[15.35081,44.31325],[15.34545,44.31988],[15.35602,44.32144],[15.3588,44.31722],[15.35694,44.3125]]],[[[15.34028,44.31667],[15.33272,44.31761],[15.33659,44.32145],[15.34138,44.31953],[15.34028,44.31667]]],[[[14.76111,44.4],[14.75355,44.40095],[14.75539,44.40895],[14.76111,44.4]]],[[[14.89444,44.39167],[14.89106,44.39428],[14.89312,44.4006],[14.89638,44.39659],[14.89444,44.39167]]],[[[14.74028,44.425],[14.73419,44.42573],[14.72857,44.4326],[14.7308,44.43809],[14.73721,44.43648],[14.74222,44.42983],[14.74028,44.425]]],[[[14.73194,44.34583],[14.71451,44.34645],[14.69613,44.35527],[14.68812,44.36451],[14.68234,44.38681],[14.66332,44.3882],[14.65772,44.39522],[14.66343,44.41157],[14.67453,44.41728],[14.68966,44.41605],[14.6997,44.41139],[14.70895,44.40074],[14.70355,44.38797],[14.70492,44.3758],[14.71613,44.37417],[14.73387,44.35083],[14.73194,44.34583]]],[[[14.81944,44.3375],[14.81029,44.33807],[14.80342,44.34223],[14.79792,44.33797],[14.77721,44.34943],[14.76755,44.35071],[14.76582,44.35748],[14.74779,44.36307],[14.74122,44.36854],[14.74253,44.37437],[14.76471,44.37557],[14.7754,44.38034],[14.76296,44.39374],[14.76723,44.4051],[14.75775,44.41575],[14.75029,44.41766],[14.75085,44.42016],[14.76325,44.4214],[14.76875,44.41714],[14.78825,44.42557],[14.81176,44.40743],[14.81307,44.39925],[14.80046,44.38126],[14.80502,44.37168],[14.81054,44.37027],[14.82384,44.35793],[14.82557,44.35342],[14.81944,44.3375]]],[[[14.71528,44.3125],[14.69185,44.32611],[14.68719,44.33239],[14.69659,44.33378],[14.70796,44.32811],[14.71724,44.31749],[14.71528,44.3125]]],[[[14.74028,44.25],[14.73272,44.25095],[14.73658,44.25478],[14.74138,44.25286],[14.74028,44.25]]],[[[14.79861,44.21667],[14.79249,44.21738],[14.7912,44.22394],[14.79894,44.22547],[14.79861,44.21667]]],[[[14.71528,44.26667],[14.69604,44.27619],[14.68328,44.2903],[14.69117,44.29648],[14.70384,44.29102],[14.71042,44.29523],[14.72502,44.28624],[14.72981,44.27949],[14.72811,44.27071],[14.72231,44.27483],[14.71528,44.26667]]],[[[15.35278,43.89583],[15.34362,43.8964],[15.33554,43.9036],[15.31029,43.91307],[15.29804,43.92443],[15.29092,43.92557],[15.2807,43.92027],[15.2786,43.92575],[15.2836,43.9322],[15.26635,43.93865],[15.27233,43.94582],[15.27696,43.94223],[15.28971,43.9411],[15.30638,43.93277],[15.33529,43.9089],[15.34388,43.90777],[15.35395,43.89863],[15.35278,43.89583]]],[[[15.44028,43.69583],[15.43272,43.69678],[15.43659,43.70062],[15.44138,43.69869],[15.44028,43.69583]]],[[[15.35278,43.8875],[15.34953,43.88914],[15.35267,43.89192],[15.35278,43.8875]]],[[[15.51944,43.675],[15.5162,43.67664],[15.51934,43.67942],[15.51944,43.675]]],[[[15.04444,44.0375],[15.03688,44.03845],[15.04075,44.04228],[15.04554,44.04036],[15.04444,44.0375]]],[[[15.23194,43.9125],[15.22297,43.92019],[15.20414,43.92626],[15.19102,43.9452],[15.19355,43.95064],[15.21252,43.94457],[15.23381,43.91759],[15.23194,43.9125]]],[[[15.38194,43.825],[15.37856,43.82761],[15.38062,43.83394],[15.38388,43.82992],[15.38194,43.825]]],[[[15.27778,43.90417],[15.2634,43.90482],[15.2547,43.91458],[15.25894,43.92029],[15.25386,43.92822],[15.26326,43.92961],[15.2756,43.92367],[15.27387,43.9165],[15.26721,43.92144],[15.2619,43.91907],[15.26339,43.91341],[15.27898,43.90722],[15.27778,43.90417]]],[[[15.37778,43.80417],[15.37022,43.80511],[15.37409,43.80895],[15.37888,43.80703],[15.37778,43.80417]]],[[[14.81111,44.1625],[14.80355,44.16345],[14.80742,44.16728],[14.81221,44.16536],[14.81111,44.1625]]],[[[15.17778,44.00833],[15.17022,44.00928],[15.17409,44.01312],[15.17888,44.01119],[15.17778,44.00833]]],[[[15.49028,43.86667],[15.48272,43.86761],[15.48659,43.87145],[15.49138,43.86953],[15.49028,43.86667]]],[[[15.22361,44.02083],[15.21605,44.02178],[15.21992,44.02562],[15.22471,44.02369],[15.22361,44.02083]]],[[[15.00278,44.17083],[14.98748,44.18043],[14.98269,44.18718],[14.98538,44.19231],[14.99146,44.19047],[15.00464,44.1759],[15.00278,44.17083]]],[[[15.43194,43.92917],[15.42589,43.92987],[15.42025,43.93671],[15.4224,43.94225],[15.43251,43.94094],[15.43194,43.92917]]],[[[15.46528,43.84583],[15.45914,43.84658],[15.45379,43.85321],[15.46435,43.85477],[15.46713,43.85055],[15.46528,43.84583]]],[[[15.21528,44.07083],[15.20919,44.07156],[15.20357,44.07843],[15.2058,44.08393],[15.21221,44.08231],[15.21722,44.07566],[15.21528,44.07083]]],[[[15.74028,43.64167],[15.7369,43.64428],[15.73895,43.65061],[15.74221,43.64659],[15.74028,43.64167]]],[[[15.56111,43.65417],[15.55499,43.65488],[15.5537,43.66144],[15.56144,43.66297],[15.56111,43.65417]]],[[[15.74444,43.65833],[15.73268,43.65918],[15.73671,43.66316],[15.74559,43.66151],[15.74444,43.65833]]],[[[15.79028,43.6625],[15.78272,43.66345],[15.78659,43.66728],[15.79138,43.66536],[15.79028,43.6625]]],[[[15.56111,43.68333],[15.55499,43.68405],[15.5537,43.69061],[15.56144,43.69213],[15.56111,43.68333]]],[[[15.59028,43.67917],[15.58272,43.68011],[15.58659,43.68395],[15.59138,43.68203],[15.59028,43.67917]]],[[[15.79861,43.67083],[15.78425,43.67145],[15.78243,43.67851],[15.76862,43.67973],[15.74206,43.68847],[15.73693,43.69509],[15.73817,43.70738],[15.74376,43.71204],[15.75612,43.70057],[15.76471,43.69943],[15.78112,43.68807],[15.80057,43.68212],[15.79861,43.67083]]],[[[15.54028,43.825],[15.5369,43.82761],[15.53895,43.83394],[15.54221,43.82992],[15.54028,43.825]]],[[[15.63194,43.75833],[15.6217,43.75897],[15.62027,43.76535],[15.62661,43.76723],[15.63194,43.75833]]],[[[15.72778,43.75],[15.72022,43.75095],[15.72409,43.75478],[15.72888,43.75286],[15.72778,43.75]]],[[[15.58611,43.73333],[15.57855,43.73428],[15.58242,43.73812],[15.58721,43.73619],[15.58611,43.73333]]],[[[15.62361,43.72083],[15.61337,43.72151],[15.60795,43.72821],[15.61852,43.72977],[15.62361,43.72083]]],[[[15.71528,43.61667],[15.70811,43.6282],[15.6996,43.6298],[15.68278,43.6202],[15.67504,43.62633],[15.67939,43.63237],[15.64785,43.6423],[15.63131,43.6577],[15.61452,43.65896],[15.60619,43.66313],[15.59937,43.66895],[15.60087,43.68363],[15.61869,43.67563],[15.63965,43.67437],[15.65625,43.66725],[15.66042,43.67025],[15.66881,43.66604],[15.68952,43.64646],[15.70631,43.6452],[15.71127,43.64164],[15.71526,43.65063],[15.72088,43.63871],[15.73119,43.63396],[15.74502,43.63258],[15.74646,43.62278],[15.74127,43.6202],[15.71769,43.6298],[15.71528,43.61667]]],[[[15.60694,43.71667],[15.59267,43.71727],[15.58693,43.72415],[15.589,43.72973],[15.59911,43.72847],[15.60085,43.72168],[15.60825,43.71978],[15.60694,43.71667]]],[[[15.57778,43.62083],[15.57166,43.62155],[15.57037,43.62811],[15.57811,43.62963],[15.57778,43.62083]]],[[[13.57917,45.19583],[13.57825,45.18686],[13.57019,45.18878],[13.57917,45.19583]]],[[[13.79167,44.89583],[13.80047,44.90478],[13.80741,44.89972],[13.80895,44.91113],[13.80072,44.91349],[13.79938,44.92716],[13.75749,44.98265],[13.73433,44.98401],[13.72905,44.99467],[13.72176,44.99676],[13.71986,45.0034],[13.70907,45.00497],[13.70756,45.02009],[13.68827,45.02157],[13.68686,45.03547],[13.67502,45.0529],[13.6563,45.06186],[13.63718,45.06314],[13.63009,45.05811],[13.62852,45.04787],[13.62368,45.04167],[13.61671,45.04713],[13.62148,45.05449],[13.61649,45.06152],[13.62934,45.06348],[13.62436,45.07532],[13.62856,45.08125],[13.62482,45.08652],[13.63814,45.09022],[13.63013,45.09263],[13.62645,45.10064],[13.62402,45.09257],[13.61772,45.09102],[13.61587,45.10315],[13.6093,45.10513],[13.60352,45.11939],[13.6188,45.12564],[13.625,45.13333],[13.6188,45.12981],[13.59675,45.12852],[13.59519,45.1438],[13.58717,45.15316],[13.59869,45.15492],[13.60064,45.15866],[13.59487,45.16987],[13.57918,45.17625],[13.5875,45.18333],[13.58871,45.17873],[13.59551,45.18007],[13.595,45.18265],[13.5875,45.18333],[13.58248,45.19498],[13.57917,45.19583],[13.59193,45.21988],[13.57855,45.22183],[13.58003,45.22822],[13.59167,45.23333],[13.59105,45.24383],[13.58304,45.25306],[13.57593,45.25509],[13.57139,45.26459],[13.58014,45.2784],[13.59228,45.28233],[13.58117,45.28395],[13.56674,45.29725],[13.57547,45.30478],[13.58613,45.29938],[13.58847,45.30757],[13.59926,45.30914],[13.6,45.31667],[13.59583,45.31667],[13.59447,45.31188],[13.55517,45.31315],[13.55301,45.32072],[13.54799,45.32438],[13.53688,45.326],[13.53816,45.35317],[13.54601,45.35541],[13.53395,45.37284],[13.52847,45.40317],[13.52113,45.40527],[13.51188,45.41593],[13.51728,45.4287],[13.50772,45.44093],[13.51194,45.44792],[13.50895,45.45201],[13.50765,45.47419],[13.49637,45.47583],[13.48688,45.48676],[13.5075,45.50895],[13.53133,45.50355],[13.54367,45.49645],[13.55633,45.49522],[13.57284,45.48395],[13.58534,45.47978],[13.59901,45.47845],[13.60093,45.47176],[13.6125,45.46667],[13.60924,45.48363],[13.61554,45.47903],[13.61728,45.48641],[13.60786,45.48812],[13.59953,45.48272],[13.59283,45.48761],[13.58315,45.50292],[13.59169,45.50536],[13.59089,45.51181],[13.56748,45.51319],[13.56188,45.53224],[13.5713,45.53395],[13.57701,45.52978],[13.599,45.52855],[13.60081,45.54097],[13.6213,45.54228],[13.64376,45.53389],[13.65617,45.54522],[13.71297,45.55062],[13.71876,45.54639],[13.73225,45.55869],[13.73426,45.56574],[13.74228,45.56947],[13.72716,45.57855],[13.69993,45.58871],[13.7045,45.59497],[13.71587,45.59663],[13.71746,45.60754],[13.73117,45.61188],[13.75464,45.61312],[13.76034,45.60895],[13.77083,45.60833],[13.77444,45.61875],[13.76988,45.6336],[13.75538,45.62493],[13.75324,45.63241],[13.7417,45.63886],[13.74676,45.64907],[13.76257,45.65538],[13.74572,45.68634],[13.72299,45.69938],[13.70914,45.70074],[13.70756,45.71153],[13.65509,45.74676],[13.65417,45.75],[13.64775,45.75053],[13.63141,45.76614],[13.59359,45.77136],[13.58125,45.77877],[13.57725,45.77553],[13.56142,45.77447],[13.54906,45.78386],[13.52565,45.76561],[13.52447,45.75739],[13.52965,45.751],[13.52823,45.74644],[13.52083,45.74583],[13.5125,45.75417],[13.51285,45.76492],[13.52465,45.78091],[13.52535,45.79755],[13.52119,45.80174],[13.52048,45.81422],[13.52881,45.82258],[13.52917,45.82917],[13.51608,45.84908],[13.50918,45.85085],[13.50869,45.86495],[13.51841,45.87465],[13.53159,45.87535],[13.53924,45.88298],[13.56492,45.88298],[13.58091,45.87119],[13.59826,45.87048],[13.60208,45.86668],[13.60662,45.87119],[13.62742,45.87048],[13.63091,45.86702],[13.64826,45.86631],[13.66424,45.85869],[13.73576,45.85798],[13.73924,45.85452],[13.75417,45.85417],[13.75507,45.85066],[13.76888,45.84943],[13.77832,45.84498],[13.78008,45.83811],[13.81054,45.83693],[13.82411,45.83262],[13.83425,45.81308],[13.84362,45.80473],[13.85221,45.8036],[13.86446,45.79223],[13.87832,45.78665],[13.88005,45.77988],[13.88971,45.7786],[13.90196,45.76723],[13.91054,45.7661],[13.92279,45.75473],[13.93529,45.7464],[13.94388,45.74527],[13.95196,45.73807],[13.96471,45.73693],[13.97009,45.73277],[13.98259,45.73807],[13.99498,45.73248],[13.99668,45.72585],[14.00332,45.72415],[14.00833,45.70833],[14.01492,45.70798],[14.02674,45.70035],[14.04409,45.69965],[14.0509,45.69233],[14.05833,45.69167],[14.05924,45.68812],[14.07083,45.6875],[14.07119,45.69412],[14.08508,45.70381],[14.10659,45.69965],[14.12425,45.6911],[14.13125,45.69536],[14.13675,45.6911],[14.14495,45.69241],[14.14668,45.69915],[14.15,45.7],[14.16029,45.68807],[14.17721,45.68693],[14.19082,45.67832],[14.19252,45.67168],[14.1996,45.66987],[14.2036,45.66471],[14.20473,45.65612],[14.21193,45.64804],[14.21307,45.63946],[14.22591,45.61729],[14.25242,45.61631],[14.25591,45.61285],[14.26492,45.61215],[14.27258,45.60452],[14.28576,45.60381],[14.29758,45.59619],[14.31909,45.59131],[14.32292,45.58751],[14.32745,45.59202],[14.33579,45.59131],[14.34548,45.58159],[14.34583,45.575],[14.34915,45.57585],[14.35097,45.58294],[14.36667,45.59167],[14.36758,45.59523],[14.42083,45.59583],[14.42173,45.59233],[14.4366,45.59101],[14.4375,45.5875],[14.44583,45.59167],[14.44583,45.5875],[14.45659,45.58715],[14.4625,45.58333],[14.46327,45.57577],[14.47083,45.575],[14.47168,45.56752],[14.47881,45.56076],[14.47917,45.55],[14.48248,45.54915],[14.48693,45.53971],[14.48714,45.53504],[14.47535,45.52326],[14.475,45.51667],[14.48243,45.51601],[14.49167,45.5],[14.50833,45.5],[14.51424,45.50798],[14.52329,45.50798],[14.53002,45.49668],[14.53333,45.49583],[14.52917,45.4875],[14.55,45.4875],[14.55452,45.47674],[14.56631,45.46492],[14.56667,45.45833],[14.575,45.45833],[14.57535,45.45174],[14.58298,45.44409],[14.58333,45.42917],[14.59583,45.41667],[14.60242,45.41702],[14.61008,45.42465],[14.61667,45.425],[14.61702,45.41424],[14.62048,45.41076],[14.62083,45.3875],[14.63576,45.37881],[14.64758,45.36702],[14.70208,45.34168],[14.70662,45.34619],[14.74409,45.34548],[14.75174,45.33785],[14.76667,45.3375],[14.77536,45.31421],[14.7875,45.30417],[14.78822,45.29244],[14.79583,45.29167],[14.80507,45.27983],[14.82832,45.27415],[14.83002,45.26752],[14.83946,45.26307],[14.85327,45.26184],[14.85513,45.25456],[14.86029,45.25057],[14.86995,45.24929],[14.87557,45.23529],[14.88277,45.22721],[14.88333,45.22083],[14.89167,45.2125],[14.89583,45.2125],[14.89675,45.21607],[14.91667,45.21667],[14.92083,45.21667],[14.92175,45.21311],[14.94583,45.2125],[14.94583,45.225],[14.96495,45.22465],[14.98091,45.20869],[15.01492,45.20798],[15.01912,45.20381],[15.05,45.2125],[15.05591,45.20452],[15.0875,45.2],[15.08835,45.19668],[15.09498,45.19498],[15.09583,45.18333],[15.10242,45.18298],[15.10591,45.17952],[15.12326,45.17881],[15.13162,45.17464],[15.14758,45.15452],[15.15833,45.15],[15.16286,45.13505],[15.17585,45.12168],[15.1875,45.11667],[15.2,45.1],[15.21495,45.09548],[15.24252,45.06752],[15.25612,45.0589],[15.26993,45.05767],[15.27168,45.05085],[15.29915,45.04082],[15.3009,45.03399],[15.31667,45.02917],[15.31667,45.025],[15.3241,45.02566],[15.32621,45.0339],[15.33554,45.03277],[15.34252,45.02585],[15.36054,45.02027],[15.36752,45.01335],[15.3746,45.01153],[15.38002,45.00085],[15.38576,44.99965],[15.39758,44.98785],[15.40417,44.9875],[15.40417,44.975],[15.41495,44.97465],[15.42465,44.96492],[15.42881,44.95659],[15.42917,44.94583],[15.44131,44.93576],[15.44131,44.91841],[15.43785,44.91492],[15.4375,44.90833],[15.44167,44.90833],[15.45174,44.89619],[15.4625,44.89167],[15.46667,44.87917],[15.47326,44.87881],[15.48508,44.86702],[15.49804,44.86723],[15.50748,44.87168],[15.5125,44.87917],[15.52917,44.87917],[15.53333,44.875],[15.53369,44.86841],[15.54965,44.85242],[15.55,44.825],[15.575,44.82083],[15.5759,44.81733],[15.58576,44.81702],[15.58958,44.82082],[15.59915,44.81582],[15.60097,44.80873],[15.60612,44.80473],[15.61492,44.80381],[15.61841,44.80035],[15.63159,44.80035],[15.63714,44.80588],[15.6375,44.8125],[15.64779,44.80473],[15.66054,44.8036],[15.67991,44.79527],[15.68844,44.80057],[15.69779,44.79223],[15.71545,44.7911],[15.71667,44.79583],[15.73124,44.80787],[15.74099,44.80327],[15.75777,44.78554],[15.75924,44.77981],[15.77279,44.76723],[15.77851,44.76577],[15.78009,44.75475],[15.78946,44.7464],[15.80775,44.74075],[15.81757,44.72565],[15.83112,44.71307],[15.84525,44.70741],[15.85918,44.68835],[15.87083,44.68333],[15.8701,44.6758],[15.85931,44.67423],[15.85306,44.65863],[15.83688,44.64863],[15.84111,44.63542],[15.83333,44.62083],[15.83715,44.61492],[15.8375,44.59167],[15.85591,44.58369],[15.87329,44.58298],[15.87881,44.57742],[15.87952,44.55588],[15.88924,44.54619],[15.8992,44.5451],[15.90417,44.525],[15.9214,44.51962],[15.91667,44.49583],[15.92742,44.49202],[15.93508,44.49965],[15.94409,44.50035],[15.94758,44.50381],[15.97083,44.50417],[15.97168,44.50085],[15.98665,44.49498],[15.9875,44.49167],[15.99487,44.49101],[15.99943,44.48554],[16.00071,44.47589],[16.00417,44.475],[16.00833,44.46667],[16.00452,44.46076],[16.00381,44.43924],[16.00035,44.43576],[16.0,44.42917],[16.01165,44.41998],[16.01667,44.40417],[16.0036,44.39241],[16.0089,44.37991],[15.99527,44.36349],[15.9964,44.36029],[16.00417,44.35],[16.01992,44.34939],[16.02592,44.33808],[16.03529,44.32973],[16.06575,44.32856],[16.06752,44.32168],[16.0746,44.31987],[16.0786,44.31471],[16.07983,44.3009],[16.08665,44.29915],[16.0884,44.29234],[16.10833,44.275],[16.10452,44.26909],[16.1049,44.25497],[16.11634,44.25331],[16.12083,44.24583],[16.1369,44.24075],[16.13693,44.21446],[16.12443,44.18529],[16.1161,44.17594],[16.11728,44.151],[16.12877,44.14487],[16.13807,44.12575],[16.13262,44.10922],[16.11029,44.10777],[16.09232,44.09069],[16.09101,44.0759],[16.0875,44.075],[16.08715,44.06838],[16.07292,44.05418],[16.06875,44.05832],[16.06421,44.05381],[16.05659,44.05798],[16.03112,44.0589],[16.02707,44.06204],[16.01459,44.05046],[16.00114,44.0586],[15.99886,44.04974],[15.99388,44.0536],[15.98259,44.05473],[15.97425,44.04943],[15.96054,44.05777],[15.92696,44.0589],[15.91446,44.06307],[15.88554,44.08277],[15.87168,44.08418],[15.86347,44.09206],[15.86165,44.09915],[15.84362,44.10473],[15.82304,44.1161],[15.81339,44.11738],[15.80741,44.12846],[15.79779,44.12973],[15.78971,44.13693],[15.78455,44.13807],[15.78248,44.13002],[15.77585,44.12832],[15.76608,44.11342],[15.75209,44.10463],[15.74804,44.10777],[15.73835,44.10748],[15.73665,44.10085],[15.73333,44.1],[15.71076,44.11631],[15.70074,44.11579],[15.69943,44.10759],[15.70473,44.09906],[15.69223,44.08138],[15.68693,44.06592],[15.69079,44.05892],[15.65,44.05833],[15.64527,44.03529],[15.6338,44.01875],[15.64674,43.99648],[15.66029,43.9839],[15.66582,43.98248],[15.67258,43.97119],[15.71492,43.94548],[15.73333,43.92917],[15.73298,43.91838],[15.71909,43.90869],[15.7125,43.90833],[15.7214,43.89677],[15.7201,43.88838],[15.71312,43.88659],[15.7125,43.875],[15.72835,43.87433],[15.73003,43.86283],[15.73534,43.85895],[15.76049,43.84938],[15.77701,43.83395],[15.79491,43.82824],[15.79548,43.82258],[15.79131,43.81838],[15.79202,43.80591],[15.79619,43.79754],[15.82674,43.77119],[15.83162,43.77048],[15.84131,43.76076],[15.84202,43.75588],[15.86631,43.73576],[15.86667,43.725],[15.85508,43.72438],[15.85417,43.72083],[15.84341,43.72119],[15.79758,43.74202],[15.77892,43.75482],[15.77296,43.75066],[15.75374,43.74915],[15.77091,43.72626],[15.78067,43.72242],[15.78399,43.71642],[15.77815,43.70503],[15.77059,43.70351],[15.76381,43.70824],[15.75842,43.71952],[15.75086,43.72185],[15.74934,43.72941],[15.75354,43.73542],[15.73816,43.75204],[15.73646,43.75752],[15.71038,43.76316],[15.70392,43.76732],[15.69316,43.76184],[15.69061,43.77007],[15.68333,43.77083],[15.68189,43.77564],[15.66602,43.7741],[15.67291,43.76727],[15.68333,43.77083],[15.67964,43.76458],[15.6839,43.75908],[15.6818,43.7536],[15.67172,43.75487],[15.66993,43.76186],[15.65196,43.76307],[15.6254,43.7718],[15.61471,43.78693],[15.59779,43.79223],[15.56471,43.82443],[15.55807,43.82614],[15.56307,43.83259],[15.56176,43.84079],[15.55745,43.84512],[15.53815,43.8509],[15.52443,43.86568],[15.52646,43.8714],[15.55833,43.85833],[15.55405,43.86967],[15.52169,43.88783],[15.52003,43.89929],[15.50201,43.90062],[15.48549,43.91188],[15.4635,43.91318],[15.46157,43.91991],[15.43824,43.93413],[15.43688,43.94799],[15.42887,43.95723],[15.4,43.96667],[15.40087,43.96337],[15.41725,43.95708],[15.41581,43.95073],[15.40499,43.94927],[15.40451,43.94684],[15.41308,43.94458],[15.41162,43.93814],[15.4,43.9375],[15.39466,43.94624],[15.3911,43.94288],[15.39583,43.94167],[15.40104,43.93415],[15.41046,43.93268],[15.43235,43.91985],[15.43432,43.91348],[15.44992,43.90707],[15.45899,43.89641],[15.45731,43.88761],[15.45208,43.88396],[15.44225,43.89232],[15.43828,43.8904],[15.43669,43.8802],[15.42851,43.87768],[15.43954,43.87149],[15.46316,43.87001],[15.44608,43.85768],[15.42908,43.86381],[15.41732,43.88121],[15.41667,43.8875],[15.42124,43.88867],[15.41788,43.89223],[15.41667,43.8875],[15.40359,43.87851],[15.39295,43.88756],[15.39101,43.89368],[15.39608,43.89649],[15.40271,43.89186],[15.41277,43.89246],[15.40842,43.89869],[15.38958,43.90771],[15.37059,43.90351],[15.36038,43.90899],[15.35512,43.91266],[15.35335,43.92396],[15.34682,43.92598],[15.3448,43.93252],[15.33437,43.93415],[15.33235,43.94068],[15.31879,43.94934],[15.31038,43.95066],[15.30092,43.9587],[15.29919,43.9698],[15.27704,43.98399],[15.26375,43.99597],[15.26152,44.00318],[15.24559,44.00899],[15.23833,44.00392],[15.23677,44.02394],[15.22631,44.02908],[15.21966,44.04208],[15.2161,44.03871],[15.22083,44.0375],[15.21962,44.03348],[15.20923,44.02458],[15.20833,44.03333],[15.21291,44.03451],[15.20955,44.03807],[15.20833,44.03333],[15.19926,44.02855],[15.14367,44.07145],[15.11774,44.09626],[15.11568,44.10345],[15.10201,44.10478],[15.08966,44.11605],[15.06338,44.13011],[15.06188,44.13613],[15.0711,44.13877],[15.05933,44.15062],[15.0576,44.13872],[15.0537,44.13688],[15.04799,44.14105],[15.0375,44.14167],[15.01702,44.16424],[15.01667,44.17083],[15.02425,44.17557],[15.02836,44.17399],[15.03002,44.16752],[15.04362,44.1589],[15.05417,44.15833],[15.05534,44.15376],[15.0589,44.15712],[15.05417,44.15833],[15.05483,44.16581],[15.05955,44.16687],[15.10196,44.13807],[15.12721,44.1286],[15.15196,44.1089],[15.16471,44.10777],[15.18294,44.09903],[15.19675,44.07558],[15.23529,44.05057],[15.2449,44.0493],[15.25506,44.03401],[15.27279,44.01723],[15.29076,44.01603],[15.29263,44.00873],[15.29779,44.00473],[15.32304,43.99943],[15.33529,43.98807],[15.3496,43.98237],[15.35513,43.97123],[15.36136,43.9664],[15.36371,43.97557],[15.37721,43.97027],[15.39068,43.95777],[15.39597,43.95964],[15.3911,43.96592],[15.39527,43.97304],[15.39017,43.97915],[15.38455,43.9748],[15.37987,43.97585],[15.3786,43.98629],[15.38333,43.9875],[15.38451,43.98292],[15.38807,43.98629],[15.38333,43.9875],[15.37884,43.99497],[15.36764,43.9966],[15.35741,44.01574],[15.35093,44.01759],[15.34907,44.02407],[15.33549,44.03272],[15.31034,44.03395],[15.29576,44.04288],[15.30007,44.04879],[15.27988,44.05932],[15.27855,44.07299],[15.27403,44.08256],[15.26347,44.0841],[15.25861,44.09414],[15.2537,44.09645],[15.24791,44.09222],[15.23534,44.10062],[15.22166,44.1131],[15.22004,44.12421],[15.20088,44.13011],[15.19938,44.13613],[15.20723,44.13838],[15.20895,44.1424],[15.1997,44.15306],[15.19367,44.15478],[15.17716,44.17022],[15.1542,44.18053],[15.1586,44.18655],[15.1427,44.19187],[15.14105,44.199],[15.15216,44.20062],[15.1576,44.20497],[15.16312,44.2278],[15.14383,44.23688],[15.13015,44.23822],[15.12401,44.25345],[15.11452,44.2548],[15.10837,44.25966],[15.11254,44.26546],[15.12388,44.27094],[15.12563,44.27776],[15.11745,44.28016],[15.11586,44.29086],[15.0871,44.29646],[15.08038,44.29162],[15.07814,44.284],[15.04502,44.2827],[15.02196,44.3045],[15.01617,44.31609],[15.01743,44.32848],[15.04652,44.3298],[15.05619,44.32146],[15.07715,44.3202],[15.08535,44.31313],[15.10215,44.31187],[15.12702,44.29646],[15.13651,44.29505],[15.13813,44.28952],[15.15449,44.27196],[15.16048,44.2702],[15.18119,44.25063],[15.20221,44.25057],[15.2089,44.25908],[15.20332,44.26998],[15.18754,44.2807],[15.20057,44.29045],[15.19233,44.29257],[15.19167,44.3],[15.21465,44.2952],[15.23548,44.2827],[15.26452,44.25896],[15.27298,44.2577],[15.28692,44.2495],[15.30051,44.25089],[15.28813,44.26452],[15.27854,44.2824],[15.29206,44.28396],[15.29792,44.27975],[15.3042,44.28472],[15.29561,44.29468],[15.28119,44.30063],[15.25833,44.32083],[15.24341,44.32535],[15.23576,44.33298],[15.225,44.33333],[15.21993,44.34101],[15.2125,44.34167],[15.21133,44.34624],[15.20777,44.34288],[15.2125,44.34167],[15.2134,44.33816],[15.22083,44.3375],[15.23812,44.3213],[15.23626,44.31734],[15.21745,44.31596],[15.21715,44.31355],[15.23241,44.30741],[15.23426,44.30093],[15.24228,44.29863],[15.23817,44.29522],[15.21764,44.30077],[15.21569,44.30756],[15.18966,44.31605],[15.17284,44.31728],[15.14214,44.32978],[15.13272,44.32807],[15.13534,44.32562],[15.17905,44.29884],[15.18395,44.29214],[15.18148,44.28688],[15.17284,44.28812],[15.15617,44.29228],[15.13966,44.30355],[15.10093,44.32176],[15.09105,44.33676],[15.09282,44.34093],[15.10478,44.34267],[15.09228,44.35201],[15.08688,44.36203],[15.08831,44.36987],[15.09953,44.37562],[15.1116,44.37053],[15.1125,44.37778],[15.08407,44.39645],[15.07182,44.3951],[15.06947,44.38688],[15.04367,44.38812],[15.03272,44.39303],[15.03742,44.40691],[15.00209,44.43694],[14.9963,44.43272],[14.9918,44.43483],[14.9958,44.44031],[14.98426,44.44676],[14.98241,44.45324],[14.96466,44.46188],[14.93534,44.46312],[14.91289,44.47608],[14.89137,44.50326],[14.89736,44.50401],[14.9037,44.49938],[14.91589,44.50076],[14.91157,44.51574],[14.88345,44.53033],[14.87801,44.54155],[14.86605,44.5472],[14.86759,44.55339],[14.87978,44.55517],[14.85826,44.56371],[14.86247,44.56947],[14.8341,44.58431],[14.83257,44.59486],[14.81678,44.60116],[14.81157,44.61157],[14.78789,44.62608],[14.77145,44.64367],[14.76967,44.64989],[14.75845,44.65533],[14.74522,44.67716],[14.72972,44.69374],[14.73277,44.69792],[14.72855,44.7037],[14.73102,44.70895],[14.76637,44.68639],[14.77593,44.67176],[14.78291,44.66976],[14.80772,44.64383],[14.80926,44.63843],[14.85216,44.60772],[14.88333,44.57917],[14.88451,44.57459],[14.88807,44.57795],[14.875,44.5875],[14.87437,44.59381],[14.86604,44.60348],[14.86832,44.6086],[14.87285,44.61187],[14.90215,44.61313],[14.90794,44.6173],[14.94785,44.58396],[14.95785,44.58247],[14.96604,44.57298],[14.96742,44.55909],[14.98329,44.54879],[14.98845,44.53845],[15.02285,44.52563],[15.03965,44.52437],[15.05412,44.51546],[15.06313,44.49785],[15.08389,44.47589],[15.07025,44.4745],[15.05833,44.47917],[15.03971,44.49527],[15.02425,44.4964],[15.01567,44.4911],[15.00005,44.50571],[15.00443,44.51136],[14.98138,44.52027],[14.96446,44.5214],[14.94804,44.53693],[14.9375,44.5375],[14.93665,44.54082],[14.92599,44.54621],[14.92027,44.54452],[14.9217,44.53811],[14.9375,44.5375],[14.95202,44.52146],[14.96465,44.51604],[15.02702,44.46313],[15.03329,44.46129],[15.03871,44.45004],[15.04544,44.4452],[15.05063,44.44778],[15.04104,44.47044],[15.04256,44.4836],[15.04785,44.4798],[15.05833,44.47917],[15.06862,44.46723],[15.07721,44.4661],[15.08946,44.45473],[15.12415,44.44082],[15.12589,44.43404],[15.15196,44.4089],[15.16471,44.40777],[15.1746,44.4032],[15.1786,44.39804],[15.17987,44.38843],[15.18946,44.37973],[15.20221,44.3786],[15.24915,44.35332],[15.25502,44.33835],[15.26165,44.33665],[15.2625,44.33333],[15.27825,44.33273],[15.28007,44.32566],[15.29388,44.32443],[15.31446,44.31307],[15.32407,44.3118],[15.33704,44.29793],[15.33307,44.2928],[15.37304,44.2786],[15.40759,44.25777],[15.41888,44.2589],[15.43675,44.26723],[15.46862,44.2589],[15.48554,44.25777],[15.48946,44.25473],[15.51054,44.2536],[15.51998,44.24915],[15.52083,44.24583],[15.53236,44.25082],[15.5339,44.25516],[15.51984,44.2702],[15.50342,44.2714],[15.49804,44.26723],[15.47621,44.2661],[15.47443,44.27304],[15.46514,44.28329],[15.45315,44.2786],[15.43554,44.29527],[15.39804,44.32027],[15.38529,44.3214],[15.35638,44.33277],[15.33946,44.3339],[15.33138,44.3411],[15.30612,44.35057],[15.29804,44.35777],[15.28529,44.3589],[15.27696,44.36307],[15.20638,44.4286],[15.18946,44.4339],[15.16471,44.4536],[15.14362,44.46307],[15.10922,44.49656],[15.10748,44.50332],[15.10196,44.50473],[15.08971,44.5161],[15.07279,44.5214],[15.03971,44.54943],[15.01446,44.5589],[14.99804,44.57027],[14.98946,44.5714],[14.98009,44.57975],[14.97415,44.59498],[14.96752,44.59668],[14.96307,44.60612],[14.95777,44.62721],[14.92566,44.65096],[14.92443,44.66471],[14.9089,44.68112],[14.90748,44.68665],[14.8968,44.69206],[14.88816,44.71454],[14.88684,44.72108],[14.89521,44.73958],[14.88816,44.75204],[14.88268,44.78129],[14.87434,44.80025],[14.87851,44.80621],[14.87982,44.84379],[14.88422,44.86271],[14.89087,44.85807],[14.89232,44.88129],[14.90066,44.90212],[14.90408,44.90702],[14.91178,44.9094],[14.91322,44.93227],[14.92007,44.93439],[14.92437,44.95208],[14.91568,44.97402],[14.89657,44.98439],[14.89518,45.00212],[14.88816,45.01038],[14.87018,45.05212],[14.84232,45.08954],[14.8375,45.10833],[14.81446,45.11307],[14.80638,45.12027],[14.78946,45.1214],[14.77304,45.1286],[14.74779,45.1339],[14.72279,45.1464],[14.7121,45.16153],[14.69362,45.16723],[14.67304,45.18693],[14.66029,45.19223],[14.63971,45.20777],[14.63138,45.21193],[14.61862,45.21307],[14.60085,45.22168],[14.6,45.225],[14.59114,45.2241],[14.61602,45.19797],[14.61746,45.18851],[14.62404,45.18654],[14.63459,45.16664],[14.64797,45.16186],[14.66542,45.15002],[14.66811,45.15898],[14.67402,45.15741],[14.68325,45.13468],[14.6688,45.12148],[14.66252,45.11958],[14.67023,45.10625],[14.66602,45.10032],[14.67202,45.08771],[14.68536,45.07564],[14.70384,45.06602],[14.71603,45.07564],[14.72708,45.06727],[14.73301,45.07148],[14.73804,45.06885],[14.74519,45.0563],[14.74648,45.03953],[14.75935,45.02163],[14.76982,45.02004],[14.7718,45.01346],[14.7812,45.00898],[14.7938,45.00769],[14.82019,44.98547],[14.82518,44.97181],[14.81351,44.97004],[14.81105,44.96186],[14.7812,44.96314],[14.77532,44.96731],[14.76875,44.96311],[14.76282,44.96731],[14.75432,44.96566],[14.7506,44.96041],[14.76602,44.9438],[14.76667,44.9375],[14.75217,44.93394],[14.73279,44.93273],[14.72717,44.9369],[14.71449,44.9381],[14.70217,44.94523],[14.68949,44.94644],[14.67828,44.96185],[14.64783,44.9631],[14.62717,44.9744],[14.61866,44.9756],[14.61189,44.98387],[14.61685,44.99056],[14.62421,44.99261],[14.62561,45.00054],[14.61987,45.0118],[14.60616,45.0131],[14.57619,45.02512],[14.56993,45.01314],[14.52863,45.0119],[14.51196,45.02144],[14.50625,45.01721],[14.49366,45.02144],[14.43424,45.06341],[14.42977,45.07283],[14.42856,45.08832],[14.4384,45.09934],[14.46583,45.10066],[14.46727,45.10887],[14.46189,45.11753],[14.47645,45.13327],[14.48116,45.12977],[14.49384,45.12856],[14.50199,45.12144],[14.51332,45.12023],[14.52427,45.13],[14.52561,45.14221],[14.5209,45.14855],[14.52162,45.15339],[14.53238,45.15492],[14.54227,45.17162],[14.53394,45.18116],[14.53273,45.20054],[14.53697,45.20626],[14.52439,45.22554],[14.53333,45.23333],[14.54167,45.225],[14.54242,45.21764],[14.54872,45.21602],[14.55064,45.22408],[14.54167,45.225],[14.5409,45.23256],[14.53333,45.23333],[14.53426,45.23657],[14.54375,45.24111],[14.54879,45.23743],[14.55498,45.25765],[14.56667,45.25833],[14.5588,45.27292],[14.5626,45.27781],[14.55759,45.27973],[14.55221,45.27557],[14.54092,45.27443],[14.52721,45.28277],[14.49779,45.29223],[14.47721,45.31193],[14.4509,45.31733],[14.45,45.32083],[14.4187,45.32564],[14.41047,45.33269],[14.38536,45.33398],[14.3284,45.35064],[14.30534,45.3289],[14.30352,45.32286],[14.27981,45.2938],[14.27436,45.2687],[14.25898,45.23547],[14.25352,45.21453],[14.24648,45.2063],[14.24519,45.19968],[14.25064,45.19134],[14.2381,45.17292],[14.24106,45.16875],[14.22981,45.15213],[14.22852,45.13953],[14.207,45.11258],[14.20088,45.11692],[14.19936,45.10203],[14.1907,45.08846],[14.18536,45.08686],[14.1688,45.07148],[14.16218,45.07019],[14.15566,45.07481],[14.15352,45.0702],[14.16186,45.06047],[14.16602,45.04797],[14.16731,45.03895],[14.1625,45.0375],[14.16133,45.04208],[14.15777,45.03871],[14.1625,45.0375],[14.16303,45.02692],[14.1703,45.01475],[14.17136,44.99775],[14.17553,44.99261],[14.1744,44.98027],[14.14699,44.95364],[14.13442,44.96303],[14.12594,44.9578],[14.11358,44.9672],[14.10609,44.96614],[14.09359,44.96197],[14.06761,44.94114],[14.06197,44.94301],[14.06303,44.94808],[14.075,44.975],[14.06763,44.97044],[14.06582,44.96335],[14.05899,44.9616],[14.05767,44.94673],[14.04974,44.9447],[14.05473,44.93656],[14.04127,44.91763],[14.03418,44.91582],[14.03277,44.91029],[14.02019,44.89674],[14.00417,44.89167],[14.00354,44.88008],[13.99557,44.87803],[14.00443,44.86364],[13.99668,44.86165],[13.99498,44.85502],[13.9879,44.8532],[13.98277,44.84658],[13.9839,44.83946],[13.9911,44.83138],[13.9964,44.81862],[14.00838,44.80571],[14.00221,44.80057],[13.98825,44.79527],[13.98112,44.7964],[13.97293,44.8037],[13.96741,44.79943],[13.95908,44.80473],[13.95075,44.79943],[13.93844,44.8089],[13.93415,44.80736],[13.93248,44.80085],[13.92474,44.79886],[13.92917,44.79167],[13.92212,44.79096],[13.9202,44.7871],[13.92858,44.76875],[13.9254,44.76433],[13.92044,44.76187],[13.91465,44.76604],[13.89785,44.7673],[13.8952,44.76943],[13.9042,44.77206],[13.90063,44.77702],[13.89932,44.80755],[13.8871,44.80896],[13.8746,44.80354],[13.83871,44.82088],[13.83655,44.82822],[13.82683,44.83293],[13.82437,44.8379],[13.8298,44.84639],[13.82367,44.85413],[13.81598,44.84937],[13.80631,44.8577],[13.79683,44.85912],[13.79154,44.86974],[13.79243,44.87846],[13.80417,44.87917],[13.80507,44.87566],[13.8125,44.875],[13.81955,44.86602],[13.82148,44.87408],[13.80417,44.87917],[13.80343,44.8867],[13.7924,44.8883],[13.79167,44.89583]],[[13.79167,45.60833],[13.77917,45.60833],[13.78006,45.60486],[13.79045,45.6036],[13.79167,45.60833]],[[13.63194,45.07083],[13.63184,45.07525],[13.6287,45.07247],[13.63194,45.07083]],[[13.84444,44.875],[13.84634,44.88016],[13.84251,44.88398],[13.83686,44.88154],[13.84444,44.875]],[[13.83611,44.86667],[13.83039,44.87562],[13.82855,44.86761],[13.83611,44.86667]],[[13.91944,44.81667],[13.92148,44.82263],[13.91658,44.82568],[13.90349,44.81749],[13.91944,44.81667]],[[13.92361,44.80833],[13.9235,44.81275],[13.92037,44.80997],[13.92361,44.80833]],[[14.61111,45.15417],[14.62564,45.16576],[14.60978,45.16731],[14.60396,45.1551],[14.61111,45.15417]],[[14.57361,45.28333],[14.56989,45.29091],[14.55933,45.29632],[14.55377,45.29458],[14.56362,45.28391],[14.57361,45.28333]],[[14.60694,45.22917],[14.60684,45.23359],[14.6037,45.23081],[14.60694,45.22917]],[[14.57083,45.24583],[14.57379,45.2411],[14.575,45.24583],[14.57083,45.24583]],[[15.21111,44.28333],[15.211,44.28775],[15.20787,44.28497],[15.21111,44.28333]],[[15.61944,44.13333],[15.62562,44.1463],[15.62072,44.15301],[15.61042,44.15777],[15.60508,44.15388],[15.60355,44.1451],[15.61306,44.13413],[15.61944,44.13333]],[[15.58333,44.20417],[15.57279,44.20473],[15.53946,44.21723],[15.52083,44.2375],[15.52149,44.23121],[15.53382,44.21752],[15.51454,44.21601],[15.49796,44.20899],[15.47434,44.20566],[15.48962,44.19934],[15.50204,44.18816],[15.52558,44.17851],[15.54788,44.19518],[15.56275,44.19649],[15.58121,44.18399],[15.59375,44.17979],[15.60006,44.18468],[15.58333,44.20417]],[[15.30694,44.04583],[15.30684,44.05025],[15.3037,44.04747],[15.30694,44.04583]],[[15.67361,43.80833],[15.6735,43.81275],[15.67037,43.80997],[15.67361,43.80833]],[[14.04583,45.02917],[14.04619,45.02258],[14.05035,45.01838],[14.04619,45.00588],[14.05417,45.0],[14.0536,45.01888],[14.04915,45.02832],[14.04583,45.02917]],[[14.0625,45.0],[14.06341,44.99646],[14.075,44.99583],[14.07409,44.99938],[14.0625,45.0]],[[14.075,44.99167],[14.07917,44.975],[14.08792,44.97589],[14.075,44.99167]],[[15.6125,43.8125],[15.61371,43.8079],[15.62051,43.80924],[15.62,43.81182],[15.6125,43.8125]],[[15.6125,43.8125],[15.61317,43.82417],[15.62162,43.82561],[15.63124,43.8172],[15.65477,43.82367],[15.63116,43.83394],[15.625,43.84167],[15.60174,43.84202],[15.59826,43.84548],[15.58924,43.84619],[15.58159,43.85381],[15.56667,43.85833],[15.57696,43.8464],[15.59915,43.83665],[15.60085,43.83002],[15.60767,43.82827],[15.60899,43.8134],[15.6125,43.8125]],[[15.6625,43.79167],[15.66116,43.79635],[15.65045,43.79502],[15.65078,43.79236],[15.6625,43.79167]],[[15.6625,43.7875],[15.67148,43.79075],[15.6625,43.79167],[15.6625,43.7875]],[[15.6625,43.78333],[15.6625,43.7875],[15.65352,43.78425],[15.6625,43.78333]],[[15.6625,43.78333],[15.66371,43.77873],[15.67051,43.78007],[15.67,43.78265],[15.6625,43.78333]],[[15.6,44.17083],[15.60117,44.16626],[15.60473,44.16962],[15.6,44.17083]],[[15.6,44.17083],[15.59883,44.17541],[15.59527,44.17205],[15.6,44.17083]]],[[[14.4,44.55417],[14.4075,44.55348],[14.40801,44.5509],[14.40121,44.54956],[14.4,44.55417]]],[[[14.4,44.55417],[14.39375,44.55058],[14.38131,44.5577],[14.36744,44.55909],[14.36604,44.57123],[14.3702,44.57702],[14.37146,44.58965],[14.37504,44.59462],[14.39183,44.60127],[14.3798,44.61452],[14.37496,44.62796],[14.35078,44.64266],[14.33813,44.67702],[14.33687,44.71472],[14.34206,44.7173],[14.36458,44.70058],[14.37985,44.7048],[14.39068,44.69546],[14.39525,44.71042],[14.38687,44.7254],[14.39108,44.73125],[14.3875,44.74167],[14.39208,44.74284],[14.38871,44.7464],[14.3875,44.74167],[14.38117,44.74228],[14.37157,44.7508],[14.37022,44.76466],[14.36188,44.78797],[14.36728,44.80074],[14.35739,44.81578],[14.35137,44.81728],[14.34904,44.80914],[14.3412,44.80772],[14.33419,44.81283],[14.32978,44.82701],[14.32855,44.85633],[14.31605,44.87547],[14.32027,44.88125],[14.31312,44.89367],[14.3117,44.90343],[14.29668,44.9049],[14.29522,44.91297],[14.29938,44.91867],[14.30062,44.93966],[14.30428,44.94467],[14.31157,44.94676],[14.31338,44.95309],[14.31751,44.95478],[14.33642,44.93711],[14.3468,44.91744],[14.35736,44.9159],[14.35919,44.90949],[14.36297,44.90772],[14.3713,44.91312],[14.38241,44.90741],[14.38333,44.90417],[14.39091,44.90492],[14.40063,44.91595],[14.3827,44.94098],[14.38396,44.94798],[14.39109,44.95624],[14.38808,44.96042],[14.3923,44.96627],[14.3798,44.97702],[14.37828,44.98723],[14.37298,44.99104],[14.35909,44.99242],[14.34937,45.00345],[14.35071,45.01982],[14.35896,45.02224],[14.35332,45.04528],[14.33965,45.0577],[14.30861,45.06339],[14.29462,45.09162],[14.27573,45.10101],[14.27437,45.11465],[14.2702,45.12044],[14.27266,45.1254],[14.28239,45.13011],[14.28428,45.13655],[14.29072,45.13845],[14.29937,45.15202],[14.30076,45.16591],[14.31035,45.17437],[14.3246,45.1798],[14.3283,45.17797],[14.33019,45.17151],[14.35631,45.1702],[14.36572,45.16572],[14.37563,45.14623],[14.36187,45.13373],[14.36316,45.08853],[14.37005,45.08651],[14.37563,45.06452],[14.38687,45.04798],[14.40511,45.00928],[14.41155,45.00739],[14.41363,45.00032],[14.44127,44.97854],[14.45794,44.98813],[14.4703,44.9867],[14.48813,44.96319],[14.48661,44.94972],[14.47956,44.9548],[14.47587,44.95297],[14.47405,44.94678],[14.46745,44.94484],[14.46604,44.93535],[14.45892,44.92292],[14.46313,44.91706],[14.46187,44.90202],[14.4548,44.89381],[14.44937,44.87956],[14.45354,44.87298],[14.4548,44.85619],[14.46604,44.83548],[14.4673,44.81452],[14.47146,44.80873],[14.47012,44.78826],[14.46505,44.78775],[14.45873,44.7923],[14.45354,44.78972],[14.45529,44.78363],[14.47405,44.76989],[14.48396,44.74623],[14.48251,44.73848],[14.47522,44.73634],[14.46604,44.72569],[14.48428,44.69261],[14.49072,44.69072],[14.49261,44.68428],[14.49968,44.6822],[14.5173,44.66329],[14.51604,44.65202],[14.51247,44.64706],[14.52292,44.64225],[14.52877,44.64646],[14.53708,44.6449],[14.54646,44.63402],[14.54498,44.6258],[14.53433,44.62422],[14.53239,44.61761],[14.52595,44.61572],[14.52401,44.60912],[14.49544,44.59937],[14.47702,44.60896],[14.46465,44.6202],[14.45121,44.62504],[14.43655,44.65322],[14.43011,44.65511],[14.42822,44.66155],[14.40933,44.66745],[14.40113,44.6798],[14.39937,44.67044],[14.40354,44.66465],[14.4048,44.63474],[14.3966,44.63234],[14.3952,44.62186],[14.40752,44.62002],[14.40896,44.61035],[14.41761,44.59678],[14.42422,44.59484],[14.42563,44.58535],[14.44199,44.5678],[14.44905,44.56572],[14.45856,44.55116],[14.47285,44.5423],[14.48131,44.54104],[14.48629,44.53746],[14.48849,44.52995],[14.51465,44.52437],[14.52909,44.51112],[14.52497,44.5054],[14.54511,44.49918],[14.54646,44.48119],[14.55439,44.47199],[14.56546,44.46662],[14.56761,44.45928],[14.57405,44.45739],[14.58396,44.43944],[14.57877,44.43687],[14.55956,44.44586],[14.55735,44.43833],[14.5496,44.43687],[14.53535,44.4423],[14.52992,44.4466],[14.52854,44.46109],[14.53655,44.46345],[14.54194,44.4741],[14.52877,44.47563],[14.52007,44.4702],[14.48864,44.49612],[14.48306,44.50744],[14.47285,44.50896],[14.45631,44.5202],[14.44683,44.52162],[14.43723,44.54078],[14.42266,44.54543],[14.4202,44.5504],[14.42442,44.55625],[14.42123,44.56067],[14.41627,44.56313],[14.40099,44.55755],[14.4,44.55417]],[[14.43194,44.55833],[14.43184,44.56275],[14.4287,44.55997],[14.43194,44.55833]],[[14.46111,44.5375],[14.461,44.54192],[14.45787,44.53914],[14.46111,44.5375]]],[[[15.0875,44.00417],[15.08112,44.00473],[15.05873,44.01763],[15.04943,44.04092],[15.05154,44.0464],[15.06596,44.04078],[15.06738,44.03005],[15.08248,44.02415],[15.0912,44.01043],[15.0875,44.00417]]],[[[15.29167,43.79583],[15.2953,43.80626],[15.28883,43.8131],[15.28659,43.80507],[15.27905,43.80297],[15.2836,43.79684],[15.27446,43.79523],[15.26875,43.79946],[15.26458,43.79637],[15.25944,43.80018],[15.25833,43.80417],[15.26841,43.81215],[15.27917,43.81667],[15.28034,43.81209],[15.2839,43.81545],[15.27917,43.81667],[15.27829,43.8201],[15.26998,43.8214],[15.26316,43.81571],[15.2625,43.80833],[15.25833,43.80417],[15.25203,43.80481],[15.2471,43.80831],[15.24487,43.8157],[15.23846,43.81763],[15.23625,43.82498],[15.23125,43.82144],[15.22626,43.82498],[15.22071,43.83644],[15.22949,43.83814],[15.23537,43.83398],[15.25082,43.83269],[15.25481,43.83658],[15.23953,43.83814],[15.2218,43.85096],[15.21772,43.85898],[15.21591,43.84715],[15.21218,43.84519],[15.20352,43.85449],[15.208,43.8608],[15.2075,43.86695],[15.19968,43.86186],[15.18718,43.86731],[15.18042,43.86252],[15.17404,43.8782],[15.12703,43.90481],[15.1062,43.92148],[15.0595,43.96697],[15.05769,43.97297],[15.02564,44.01037],[15.01154,44.03237],[14.9563,44.07436],[14.92468,44.09231],[14.91874,44.0881],[14.91186,44.09478],[14.92533,44.09684],[14.91652,44.10712],[14.90203,44.11314],[14.88042,44.12915],[14.87829,44.12208],[14.87468,44.12019],[14.83964,44.13686],[14.8312,44.13814],[14.81602,44.1548],[14.82538,44.16572],[14.83406,44.16731],[14.84231,44.15978],[14.8333,44.15707],[14.83879,44.15005],[14.8437,44.15352],[14.8625,44.15417],[14.87201,44.14126],[14.87557,44.14462],[14.8625,44.15417],[14.85473,44.16862],[14.85346,44.17825],[14.8411,44.18455],[14.84248,44.19084],[14.84705,44.19187],[14.85748,44.18665],[14.8593,44.17956],[14.87696,44.16723],[14.8875,44.16667],[14.89255,44.15488],[14.90221,44.1536],[14.9118,44.1449],[14.91321,44.13422],[14.92292,44.12964],[14.93212,44.1339],[14.93418,44.12585],[14.95311,44.12015],[14.95473,44.11592],[14.94943,44.10748],[14.95509,44.1007],[14.96471,44.09943],[14.98126,44.08796],[14.99241,44.0964],[15.01179,44.08661],[15.01307,44.07696],[15.0286,44.05638],[15.02973,44.04362],[15.0339,44.03529],[15.05931,44.00482],[15.08629,43.99943],[15.0875,44.00417],[15.09608,44.00329],[15.09171,43.99713],[15.12086,43.98207],[15.12439,43.97708],[15.12088,43.97213],[15.12708,43.96727],[15.13301,43.97148],[15.14557,43.96998],[15.14936,43.96463],[15.15082,43.95029],[15.16645,43.94491],[15.1718,43.9343],[15.18537,43.92564],[15.22068,43.91129],[15.22852,43.90213],[15.22917,43.89583],[15.22025,43.89282],[15.22791,43.89109],[15.22917,43.89583],[15.23654,43.89518],[15.2412,43.88959],[15.23724,43.88447],[15.24498,43.88248],[15.24674,43.87562],[15.25833,43.875],[15.25922,43.87154],[15.26888,43.87027],[15.28211,43.8623],[15.28668,43.86332],[15.28807,43.86962],[15.27721,43.87443],[15.25833,43.875],[15.25035,43.88508],[15.25473,43.89045],[15.25,43.89167],[15.24522,43.89953],[15.25281,43.9083],[15.25772,43.90216],[15.25928,43.8914],[15.2662,43.89645],[15.27701,43.89228],[15.29501,43.89096],[15.29938,43.88549],[15.3,43.88333],[15.29542,43.88216],[15.29879,43.8786],[15.3,43.88333],[15.30786,43.87855],[15.31237,43.88066],[15.30772,43.88703],[15.30983,43.89153],[15.31991,43.88657],[15.3222,43.87855],[15.33703,43.88395],[15.34153,43.88184],[15.33806,43.87708],[15.34601,43.86791],[15.33688,43.8653],[15.33857,43.85851],[15.34989,43.85301],[15.35494,43.83847],[15.37421,43.83254],[15.37978,43.81714],[15.37767,43.81263],[15.3713,43.81728],[15.3674,43.81545],[15.36567,43.80355],[15.35772,43.80539],[15.36194,43.81875],[15.35736,43.8284],[15.34784,43.82978],[15.32716,43.84522],[15.31034,43.85062],[15.29288,43.86257],[15.2903,43.85355],[15.26667,43.85833],[15.26549,43.86291],[15.26193,43.85955],[15.26667,43.85833],[15.27279,43.85057],[15.31054,43.83277],[15.34388,43.81193],[15.37279,43.7839],[15.40221,43.77027],[15.41862,43.7589],[15.46723,43.74045],[15.46054,43.7339],[15.45,43.73333],[15.44903,43.73673],[15.43847,43.73827],[15.43613,43.74645],[15.42547,43.74105],[15.41297,43.75478],[15.40538,43.74993],[15.40301,43.75822],[15.39799,43.76188],[15.38117,43.76728],[15.3588,43.77978],[15.35355,43.77732],[15.35496,43.76746],[15.36466,43.76605],[15.37291,43.75889],[15.3787,43.76312],[15.38361,43.76081],[15.38843,43.75093],[15.40841,43.74045],[15.40355,43.7338],[15.40566,43.7293],[15.41203,43.73395],[15.43549,43.73272],[15.43958,43.72973],[15.45,43.73333],[15.45093,43.73009],[15.46203,43.72438],[15.47453,43.73812],[15.48237,43.73669],[15.48426,43.73009],[15.49228,43.7278],[15.49074,43.72161],[15.47547,43.71605],[15.46757,43.72113],[15.46661,43.71342],[15.47716,43.71188],[15.48534,43.70478],[15.49383,43.70355],[15.50617,43.69645],[15.52083,43.69583],[15.52566,43.68775],[15.52285,43.68268],[15.50204,43.68816],[15.47997,43.70027],[15.47917,43.6875],[15.46335,43.69252],[15.46193,43.69804],[15.45057,43.71029],[15.44929,43.71995],[15.44583,43.72083],[15.44466,43.72541],[15.4411,43.72205],[15.44583,43.72083],[15.44492,43.71186],[15.43358,43.71338],[15.42772,43.72564],[15.41648,43.72404],[15.42112,43.7175],[15.41109,43.71669],[15.39663,43.72601],[15.39485,43.73768],[15.38782,43.73269],[15.37713,43.74102],[15.3687,43.74231],[15.35213,43.75352],[15.3437,43.75481],[15.3313,43.76602],[15.31047,43.77436],[15.2966,43.77577],[15.29583,43.78333],[15.31076,43.78298],[15.31424,43.77952],[15.33333,43.77917],[15.33423,43.77566],[15.34167,43.775],[15.34284,43.77042],[15.3464,43.77379],[15.34167,43.775],[15.34167,43.77917],[15.34624,43.78034],[15.34288,43.7839],[15.34167,43.77917],[15.33333,43.77917],[15.31076,43.79965],[15.30245,43.80035],[15.29826,43.79619],[15.29167,43.79583]],[[15.08194,43.99167],[15.08184,43.99609],[15.0787,43.99331],[15.08194,43.99167]],[[15.09444,43.98333],[15.09434,43.98775],[15.0912,43.98497],[15.09444,43.98333]],[[15.13611,43.95833],[15.136,43.96275],[15.13287,43.95997],[15.13611,43.95833]],[[15.15278,43.90833],[15.15471,43.91326],[15.15145,43.91727],[15.1494,43.91094],[15.15278,43.90833]],[[15.16111,43.89583],[15.16221,43.89869],[15.15742,43.90062],[15.15355,43.89678],[15.16111,43.89583]],[[15.20694,43.87917],[15.21284,43.88654],[15.20201,43.88812],[15.17596,43.90062],[15.17438,43.8885],[15.20694,43.87917]],[[15.23194,43.87917],[15.23184,43.88359],[15.2287,43.88081],[15.23194,43.87917]],[[15.21944,43.86667],[15.22138,43.87159],[15.21812,43.8756],[15.21606,43.86928],[15.21944,43.86667]],[[15.36111,43.75417],[15.361,43.75859],[15.35787,43.75581],[15.36111,43.75417]],[[15.46111,43.70833],[15.461,43.71275],[15.45787,43.70997],[15.46111,43.70833]],[[15.46944,43.70417],[15.46934,43.70859],[15.4662,43.70581],[15.46944,43.70417]]],[[[14.75417,44.85417],[14.75322,44.85758],[14.74262,44.85909],[14.73273,44.87421],[14.7344,44.8783],[14.74921,44.8881],[14.77463,44.87394],[14.78394,44.86329],[14.7825,44.8548],[14.75417,44.85417]]],[[[14.7125,44.80833],[14.71184,44.81571],[14.70638,44.82027],[14.68835,44.82585],[14.68693,44.83138],[14.67495,44.84429],[14.68125,44.84953],[14.68542,44.8463],[14.68958,44.84953],[14.71175,44.8411],[14.71598,44.84272],[14.71738,44.85328],[14.72708,44.85786],[14.74092,44.84943],[14.75417,44.85417],[14.75493,44.84689],[14.76259,44.84452],[14.76604,44.83958],[14.7573,44.82165],[14.74518,44.81976],[14.77288,44.79649],[14.79796,44.78268],[14.81454,44.76732],[14.82712,44.76184],[14.85204,44.73816],[14.86166,44.73666],[14.86331,44.72604],[14.87149,44.72351],[14.87004,44.70444],[14.84665,44.6948],[14.84476,44.68268],[14.83538,44.68399],[14.82491,44.68881],[14.81961,44.6998],[14.79379,44.72434],[14.76601,44.73899],[14.7711,44.7492],[14.74788,44.75066],[14.73542,44.75771],[14.72941,44.75351],[14.69371,44.75482],[14.67074,44.76798],[14.65351,44.791],[14.65596,44.79621],[14.66609,44.80482],[14.67288,44.80066],[14.68962,44.79934],[14.69559,44.79518],[14.6997,44.79745],[14.68703,44.81586],[14.69729,44.81647],[14.7125,44.80833]],[[14.84028,44.69583],[14.84017,44.70025],[14.83703,44.69747],[14.84028,44.69583]],[[14.79167,44.7375],[14.7866,44.7451],[14.77816,44.7464],[14.77443,44.74288],[14.79167,44.7375]],[[14.80833,44.725],[14.80951,44.72042],[14.81307,44.72379],[14.80833,44.725]],[[14.79583,44.73333],[14.80174,44.72535],[14.80833,44.725],[14.80245,44.73298],[14.79583,44.73333]],[[14.7125,44.80833],[14.71367,44.80376],[14.71723,44.80712],[14.7125,44.80833]]],[[[14.82703,44.25064],[14.83953,44.24231],[14.85213,44.24102],[14.8688,44.23269],[14.87781,44.22497],[14.88273,44.23125],[14.87454,44.24082],[14.88622,44.24176],[14.88876,44.23331],[14.89979,44.22798],[14.91314,44.21321],[14.90005,44.20129],[14.93654,44.18237],[14.94231,44.17116],[14.93962,44.16602],[14.9062,44.18398],[14.8938,44.19519],[14.87287,44.20064],[14.86047,44.21186],[14.84787,44.21314],[14.83964,44.22019],[14.82917,44.22083],[14.82834,44.22896],[14.82055,44.22834],[14.84648,44.20075],[14.844,44.19519],[14.82967,44.19663],[14.80898,44.22287],[14.7907,44.2532],[14.78335,44.25542],[14.78778,44.26167],[14.77221,44.26292],[14.76987,44.25513],[14.7548,44.24519],[14.75019,44.24733],[14.75481,44.25384],[14.75292,44.25745],[14.74375,44.26189],[14.73782,44.25769],[14.72436,44.25929],[14.72594,44.26586],[14.73768,44.26765],[14.73269,44.27468],[14.73422,44.28257],[14.74916,44.2841],[14.75105,44.29648],[14.76464,44.29519],[14.77297,44.29102],[14.78654,44.28237],[14.78851,44.2758],[14.79797,44.27436],[14.82703,44.25064]]],[[[15.0625,44.075],[15.05446,44.07582],[15.04972,44.0825],[15.06164,44.08346],[15.0625,44.075]]],[[[15.11667,44.02083],[15.11217,44.02831],[15.09973,44.03012],[15.10361,44.03542],[15.09989,44.04051],[15.08549,44.04938],[15.07701,44.05062],[15.07199,44.05428],[15.06991,44.06157],[15.05837,44.06803],[15.0625,44.075],[15.07083,44.07083],[15.07201,44.06626],[15.07557,44.06962],[15.07083,44.07083],[15.0714,44.08655],[15.0761,44.08801],[15.08525,44.0797],[15.09904,44.07424],[15.12194,44.04602],[15.12708,44.04221],[15.13279,44.04644],[15.13765,44.04427],[15.14242,44.03012],[15.15894,44.02367],[15.15356,44.01304],[15.15563,44.00841],[15.16196,44.0131],[15.16659,44.01104],[15.16303,44.00624],[15.17128,43.9968],[15.16174,43.99539],[15.11667,44.02083]]],[[[15.73333,43.6875],[15.73808,43.68625],[15.73634,43.67859],[15.73333,43.6875]]],[[[15.72083,43.7],[15.72175,43.70898],[15.73398,43.70733],[15.73237,43.70071],[15.72083,43.7]]],[[[15.03333,44.14583],[15.04614,44.12178],[15.0387,44.12068],[15.03631,44.12929],[15.02971,44.1244],[15.02283,44.1256],[15.01467,44.13273],[14.99366,44.1381],[14.97717,44.15356],[14.97102,44.15528],[14.96564,44.1662],[14.94801,44.18273],[14.94106,44.18466],[14.94235,44.20337],[14.95101,44.20465],[14.99783,44.1631],[15.01154,44.1618],[15.01361,44.15435],[15.01866,44.1506],[15.02917,44.15],[15.03333,44.14583]]],[[[15.72083,43.7],[15.73333,43.6875],[15.7209,43.67777],[15.72484,43.67236],[15.72408,43.66621],[15.71466,43.67438],[15.69933,43.67978],[15.69522,43.67637],[15.70369,43.67395],[15.70339,43.67159],[15.6912,43.67022],[15.67701,43.67562],[15.63825,43.70098],[15.63688,43.71153],[15.64863,43.71312],[15.65086,43.70532],[15.65464,43.70355],[15.66297,43.70895],[15.67407,43.70324],[15.67928,43.69283],[15.69052,43.68738],[15.69228,43.69447],[15.68003,43.70033],[15.6784,43.71153],[15.67081,43.7137],[15.67161,43.7201],[15.68651,43.72155],[15.68873,43.72929],[15.6951,43.7242],[15.69657,43.70914],[15.70633,43.70772],[15.71451,43.70062],[15.72083,43.7]]],[[[13.7375,44.90417],[13.73117,44.90478],[13.72299,44.91188],[13.71188,44.9135],[13.73333,44.92083],[13.7375,44.90417]]],[[[14.83689,44.89801],[14.84197,44.88428],[14.83258,44.88289],[14.79783,44.89644],[14.78967,44.90356],[14.76729,44.90932],[14.76667,44.9375],[14.78967,44.93273],[14.81467,44.92023],[14.83243,44.90743],[14.83689,44.89801]]],[[[14.57917,44.35833],[14.58542,44.35464],[14.59092,44.3589],[14.5991,44.3576],[14.60922,44.34238],[14.63971,44.33277],[14.6714,44.3051],[14.66936,44.29943],[14.63946,44.3089],[14.60638,44.3286],[14.59264,44.32982],[14.5839,44.33946],[14.57917,44.35833]]],[[[13.79167,44.89583],[13.76383,44.9006],[13.75602,44.8869],[13.74661,44.88828],[13.74508,44.89905],[13.73841,44.90091],[13.7375,44.90417],[13.74501,44.90488],[13.74644,44.91318],[13.74083,44.92012],[13.73333,44.92083],[13.73262,44.92833],[13.72717,44.93273],[13.71745,44.93411],[13.71647,44.94074],[13.72576,44.94211],[13.73125,44.93804],[13.73696,44.94227],[13.74904,44.94095],[13.75106,44.9337],[13.76033,44.9256],[13.77898,44.91972],[13.78409,44.90512],[13.79096,44.9032],[13.79167,44.89583]]],[[[15.4875,43.85],[15.48275,43.85765],[15.48444,43.86184],[15.49803,43.86308],[15.50349,43.86725],[15.50751,43.86563],[15.5092,43.8592],[15.51634,43.85732],[15.52141,43.85068],[15.51609,43.84235],[15.5228,43.83391],[15.52975,43.83208],[15.52801,43.82442],[15.51447,43.82558],[15.50901,43.82975],[15.50068,43.82442],[15.49572,43.82642],[15.50449,43.83632],[15.4967,43.83837],[15.49482,43.84551],[15.4875,43.85]]],[[[14.95,44.14167],[14.93946,44.14223],[14.93138,44.14943],[14.91757,44.15066],[14.91578,44.15762],[14.8875,44.16667],[14.88817,44.17837],[14.89659,44.17961],[14.93707,44.16146],[14.9494,44.14801],[14.95,44.14167]]],[[[15.80209,43.7203],[15.79637,43.71606],[15.79165,43.71817],[15.77856,43.73696],[15.78,43.74516],[15.79167,43.74583],[15.79237,43.73846],[15.79953,43.73647],[15.81727,43.71755],[15.81503,43.71189],[15.80209,43.7203]]],[[[14.87083,44.36667],[14.87981,44.36575],[14.87789,44.35769],[14.87158,44.3593],[14.87083,44.36667]]],[[[14.84527,44.38675],[14.84737,44.39223],[14.86627,44.38237],[14.87027,44.37721],[14.87083,44.36667],[14.86446,44.36723],[14.85085,44.37585],[14.84527,44.38675]]],[[[15.75,43.67083],[15.75121,43.67557],[15.76157,43.67431],[15.76723,43.66752],[15.76516,43.66193],[15.75,43.67083]]],[[[14.78333,44.22917],[14.78266,44.21747],[14.77424,44.21622],[14.76189,44.22216],[14.76343,44.22853],[14.78333,44.22917]]],[[[15.52917,43.70417],[15.5284,43.6966],[15.52083,43.69583],[15.5164,43.70337],[15.52917,43.70417]]],[[[15.72879,43.67413],[15.74225,43.6755],[15.75,43.67083],[15.74859,43.66604],[15.7341,43.66742],[15.72879,43.67413]]],[[[15.175,43.95833],[15.16602,43.95925],[15.16795,43.96731],[15.17425,43.9657],[15.175,43.95833]]],[[[15.60833,43.62917],[15.59936,43.63008],[15.60128,43.63814],[15.60758,43.63653],[15.60833,43.62917]]],[[[15.29583,43.78333],[15.28828,43.78407],[15.28698,43.79449],[15.29167,43.79583],[15.29583,43.78333]]],[[[15.53675,43.71307],[15.54223,43.71096],[15.54079,43.70479],[15.52917,43.70417],[15.53675,43.71307]]],[[[15.47852,43.84295],[15.48014,43.84925],[15.4875,43.85],[15.48658,43.84102],[15.47852,43.84295]]],[[[15.18205,43.94936],[15.17575,43.95097],[15.175,43.95833],[15.18398,43.95742],[15.18205,43.94936]]],[[[13.93622,44.78269],[13.92992,44.7843],[13.92917,44.79167],[13.93814,44.79075],[13.93622,44.78269]]],[[[15.48622,43.67852],[15.47992,43.68014],[15.47917,43.6875],[15.48814,43.68658],[15.48622,43.67852]]],[[[15.10769,44.01378],[15.1093,44.02008],[15.11667,44.02083],[15.11575,44.01186],[15.10769,44.01378]]],[[[14.57211,44.36731],[14.57842,44.3657],[14.57917,44.35833],[14.57019,44.35925],[14.57211,44.36731]]],[[[15.00941,44.16639],[15.00775,44.17384],[15.01541,44.17558],[15.01667,44.17083],[15.00941,44.16639]]],[[[15.61134,43.62025],[15.60833,43.62917],[15.61308,43.62791],[15.61134,43.62025]]],[[[14.95301,44.13275],[14.95,44.14167],[14.95475,44.14041],[14.95301,44.13275]]],[[[15.55507,43.83366],[15.55373,43.84045],[15.55833,43.84167],[15.55765,43.83417],[15.55507,43.83366]]],[[[15.18366,44.30326],[15.19045,44.3046],[15.19167,44.3],[15.18417,44.30068],[15.18366,44.30326]]],[[[15.1241,44.05801],[15.12544,44.05121],[15.12083,44.05],[15.12152,44.0575],[15.1241,44.05801]]],[[[14.7866,44.23718],[14.78794,44.23038],[14.78333,44.22917],[14.78402,44.23667],[14.7866,44.23718]]],[[[15.25,43.8875],[15.24527,43.88871],[15.25,43.89167],[15.25,43.8875]]]]},"properties":{"hybas_id":"2060012310","pfaf_id":"213097","sub_area":"16077.3","up_area":"16077.3","next_down":"0","main_bas":"2060012310","kind":"basin","source":"local-hydrobasins"}},{"type":"Feature","geometry":{"type":"Polygon","coordinates":[[[14.02917,45.94583],[14.02881,45.92674],[14.025,45.92083],[14.0125,45.91667],[14.0125,45.9125],[14.01912,45.91702],[14.03508,45.90869],[14.04826,45.90798],[14.06492,45.89965],[14.07258,45.89202],[14.08992,45.88715],[14.09583,45.88333],[14.09583,45.87917],[14.14801,45.87439],[14.15815,45.86972],[14.16196,45.86458],[14.15773,45.85887],[14.15918,45.85064],[14.21076,45.84548],[14.21424,45.84202],[14.22083,45.84167],[14.21998,45.83835],[14.21311,45.83659],[14.21339,45.81738],[14.22411,45.81596],[14.22621,45.80777],[14.23958,45.81203],[14.25026,45.8072],[14.24527,45.80075],[14.2507,45.78009],[14.26446,45.7714],[14.28333,45.76667],[14.2843,45.7629],[14.30332,45.75332],[14.30417,45.75],[14.32408,45.7494],[14.3337,45.7345],[14.32566,45.73243],[14.32443,45.71862],[14.32027,45.71325],[14.32151,45.7009],[14.35759,45.6786],[14.36934,45.68332],[14.37443,45.67721],[14.37465,45.65591],[14.36667,45.64167],[14.36758,45.60893],[14.3875,45.60833],[14.39362,45.60057],[14.40328,45.59929],[14.40417,45.59583],[14.36758,45.59523],[14.36667,45.59167],[14.35097,45.58294],[14.34915,45.57585],[14.34583,45.575],[14.34548,45.58159],[14.33579,45.59131],[14.32745,45.59202],[14.32292,45.58751],[14.31909,45.59131],[14.29758,45.59619],[14.28576,45.60381],[14.27258,45.60452],[14.26492,45.61215],[14.25591,45.61285],[14.25242,45.61631],[14.22591,45.61729],[14.1996,45.66987],[14.19252,45.67168],[14.19082,45.67832],[14.17721,45.68693],[14.16029,45.68807],[14.15513,45.69206],[14.15332,45.69915],[14.14668,45.69915],[14.14495,45.69241],[14.13675,45.6911],[14.13125,45.69536],[14.12425,45.6911],[14.10659,45.69965],[14.09341,45.70035],[14.0875,45.70417],[14.07119,45.69412],[14.07083,45.6875],[14.05924,45.68812],[14.05833,45.69167],[14.0509,45.69233],[14.04409,45.69965],[14.02674,45.70035],[14.01492,45.70798],[14.00833,45.70833],[14.00332,45.72415],[13.99668,45.72585],[13.99498,45.73248],[13.98259,45.73807],[13.97009,45.73277],[13.96471,45.73693],[13.95196,45.73807],[13.94388,45.74527],[13.93529,45.7464],[13.92279,45.75473],[13.91054,45.7661],[13.90196,45.76723],[13.88971,45.7786],[13.88005,45.77988],[13.87832,45.78665],[13.86446,45.79223],[13.85221,45.8036],[13.84362,45.80473],[13.83425,45.81308],[13.82411,45.83262],[13.81054,45.83693],[13.78008,45.83811],[13.77832,45.84498],[13.76888,45.84943],[13.75507,45.85066],[13.75417,45.85417],[13.73924,45.85452],[13.73576,45.85798],[13.66424,45.85869],[13.64826,45.86631],[13.63091,45.86702],[13.62742,45.87048],[13.60662,45.87119],[13.60208,45.86668],[13.59826,45.87048],[13.58091,45.87119],[13.56492,45.88298],[13.53924,45.88298],[13.53159,45.87535],[13.51841,45.87465],[13.50869,45.86495],[13.50918,45.85085],[13.51608,45.84908],[13.52917,45.82917],[13.52881,45.82258],[13.52048,45.81422],[13.52119,45.80174],[13.52535,45.79755],[13.52465,45.78091],[13.51285,45.76492],[13.5125,45.75417],[13.52083,45.74583],[13.50196,45.7464],[13.48554,45.75777],[13.45612,45.76307],[13.44223,45.77279],[13.42973,45.78946],[13.4161,45.81592],[13.42023,45.86575],[13.41335,45.86752],[13.40377,45.88653],[13.39646,45.88841],[13.39583,45.9],[13.38508,45.90035],[13.37917,45.90417],[13.37851,45.9116],[13.36446,45.91723],[13.34673,45.93401],[13.32465,45.97326],[13.30869,45.98924],[13.30798,46.00242],[13.30035,46.01841],[13.29965,46.03576],[13.28847,46.04623],[13.2839,46.05612],[13.28277,46.06888],[13.26723,46.08529],[13.2661,46.11054],[13.25473,46.13112],[13.24965,46.17326],[13.24412,46.17881],[13.23508,46.17952],[13.22742,46.18715],[13.21351,46.19182],[13.21186,46.20032],[13.21602,46.2062],[13.21731,46.22408],[13.20833,46.225],[13.20381,46.24409],[13.20035,46.24758],[13.19965,46.26492],[13.19202,46.27258],[13.19082,46.27832],[13.18394,46.28008],[13.18333,46.29583],[13.19362,46.29943],[13.23658,46.3006],[13.23807,46.30638],[13.24943,46.31862],[13.25417,46.33333],[13.28992,46.32881],[13.29412,46.32465],[13.30208,46.32915],[13.30591,46.32535],[13.32083,46.325],[13.32157,46.33681],[13.36691,46.33816],[13.37288,46.33399],[13.38962,46.33268],[13.40621,46.32566],[13.43808,46.32434],[13.44901,46.33364],[13.45066,46.34225],[13.44232,46.35204],[13.44167,46.35833],[13.45908,46.36307],[13.47182,46.35777],[13.48529,46.37027],[13.49495,46.37154],[13.49583,46.375],[13.51667,46.375],[13.51732,46.38237],[13.52279,46.38693],[13.53971,46.38807],[13.56029,46.39943],[13.5699,46.4007],[13.5786,46.41029],[13.5798,46.42826],[13.59362,46.43693],[13.61029,46.4411],[13.64804,46.44223],[13.65208,46.44536],[13.67917,46.4375],[13.6875,46.425],[13.71471,46.42557],[13.73675,46.43807],[13.74494,46.43676],[13.75612,46.4214],[13.77721,46.42027],[13.78946,46.41307],[13.79911,46.41179],[13.80513,46.39623],[13.81582,46.39082],[13.82443,46.37721],[13.82438,46.36341],[13.80638,46.35473],[13.79362,46.3536],[13.78138,46.3464],[13.77279,46.34527],[13.76471,46.33807],[13.74272,46.33265],[13.7411,46.32842],[13.7464,46.31592],[13.74127,46.3093],[13.73418,46.30748],[13.73248,46.30085],[13.72585,46.29915],[13.725,46.29583],[13.72846,46.29495],[13.72987,46.28425],[13.73529,46.27973],[13.74491,46.27846],[13.75085,46.26752],[13.76888,46.26193],[13.78946,46.25057],[13.79804,46.24943],[13.80612,46.24223],[13.84167,46.24167],[13.84779,46.2339],[13.86054,46.23277],[13.86592,46.2286],[13.88125,46.23286],[13.88675,46.2286],[13.90221,46.22973],[13.90625,46.23286],[13.91175,46.2286],[13.91862,46.23277],[13.94388,46.2339],[13.95759,46.24223],[13.97009,46.23693],[13.97842,46.24223],[13.99909,46.24104],[14.0,46.2375],[14.00417,46.2375],[13.99936,46.20507],[13.99252,46.20332],[13.97973,46.18138],[13.98002,46.17585],[13.9949,46.1661],[14.00744,46.16734],[14.00955,46.17557],[14.01888,46.17443],[14.02425,46.17027],[14.03675,46.17557],[14.05612,46.16723],[14.075,46.16667],[14.06582,46.14252],[14.05638,46.13807],[14.03529,46.13693],[14.0254,46.13237],[14.0214,46.12721],[14.02018,46.11346],[14.00892,46.10741],[13.99943,46.09677],[14.00113,46.09206],[14.02279,46.07557],[14.03542,46.0713],[14.04092,46.07557],[14.05354,46.06992],[14.05417,46.05833],[14.05,46.05417],[14.05035,46.04341],[14.05452,46.03921],[14.04548,46.02255],[14.04619,46.01838],[14.06008,46.00452],[14.06909,46.00381],[14.08091,45.99202],[14.10242,45.98715],[14.11008,45.97952],[14.11667,45.97917],[14.11631,45.97258],[14.1125,45.96667],[14.08832,45.96602],[14.08322,45.95116],[14.07299,45.94645],[14.05207,45.95371],[14.03959,45.94213],[14.02917,45.94583]]]},"properties":{"hybas_id":"2060012690","pfaf_id":"213098","sub_area":"3835.1","up_area":"3835.1","next_down":"0","main_bas":"2060012690","kind":"basin","source":"local-hydrobasins"}},{"type":"Feature","geometry":{"type":"Polygon","coordinates":[[[13.24167,45.75],[13.23508,45.75035],[13.22119,45.76005],[13.22083,45.77083],[13.22917,45.77083],[13.22881,45.77742],[13.22119,45.78508],[13.22048,45.79338],[13.22535,45.80172],[13.21702,45.81008],[13.21215,45.83159],[13.20452,45.83924],[13.19619,45.85591],[13.19548,45.86909],[13.1875,45.875],[13.18693,45.89388],[13.18277,45.89925],[13.18807,45.91471],[13.1964,45.92406],[13.1911,45.93259],[13.1964,45.94092],[13.19527,45.95221],[13.18693,45.96156],[13.18814,45.97817],[13.20612,45.99527],[13.2121,45.9968],[13.22557,46.01573],[13.22443,46.02721],[13.22027,46.03259],[13.22144,46.06159],[13.22877,46.06347],[13.23418,46.07415],[13.2375,46.075],[13.23715,46.08992],[13.23369,46.09341],[13.23298,46.10242],[13.22535,46.11008],[13.22465,46.15242],[13.22119,46.15591],[13.22048,46.17255],[13.22465,46.17674],[13.225,46.1875],[13.23508,46.17952],[13.24412,46.17881],[13.24965,46.17326],[13.25473,46.13112],[13.2661,46.11054],[13.26723,46.08529],[13.28277,46.06888],[13.2839,46.05612],[13.28847,46.04623],[13.29965,46.03576],[13.30035,46.01841],[13.30798,46.00242],[13.30869,45.98924],[13.32465,45.97326],[13.34673,45.93401],[13.36446,45.91723],[13.37851,45.9116],[13.37917,45.90417],[13.38508,45.90035],[13.39583,45.9],[13.39646,45.88841],[13.40377,45.88653],[13.41335,45.86752],[13.42023,45.86575],[13.4161,45.81592],[13.42973,45.78946],[13.44623,45.76763],[13.45612,45.76307],[13.48554,45.75777],[13.50196,45.7464],[13.52083,45.74583],[13.52182,45.74238],[13.53549,45.74105],[13.5451,45.73272],[13.55697,45.73747],[13.56247,45.73059],[13.55216,45.72145],[13.52701,45.72022],[13.50633,45.70895],[13.47701,45.70355],[13.45633,45.68812],[13.43843,45.68241],[13.43649,45.67565],[13.39367,45.67438],[13.38797,45.67022],[13.37574,45.67978],[13.36034,45.67855],[13.35464,45.67438],[13.34799,45.67855],[13.32284,45.68395],[13.31188,45.68887],[13.31697,45.6991],[13.30953,45.70002],[13.30709,45.69149],[13.29799,45.69938],[13.28549,45.70355],[13.26451,45.70478],[13.24938,45.70933],[13.25075,45.71986],[13.26203,45.72562],[13.26988,45.72057],[13.27169,45.733],[13.28703,45.74228],[13.29081,45.74051],[13.29303,45.73272],[13.30382,45.73418],[13.30833,45.74167],[13.31667,45.74167],[13.32083,45.7375],[13.31207,45.72585],[13.33129,45.72434],[13.33816,45.71774],[13.32604,45.71585],[13.32146,45.70625],[13.32491,45.70131],[13.34018,45.69518],[13.34271,45.70337],[13.35309,45.70482],[13.35501,45.69251],[13.36462,45.69101],[13.37291,45.68396],[13.38247,45.68852],[13.38399,45.69608],[13.379,45.70322],[13.36381,45.70824],[13.35479,45.72292],[13.36291,45.73246],[13.34559,45.73399],[13.33441,45.72851],[13.33257,45.7403],[13.32892,45.74232],[13.32083,45.7375],[13.3158,45.74503],[13.30955,45.7464],[13.30833,45.74167],[13.30591,45.74202],[13.28958,45.74999],[13.28576,45.74619],[13.27329,45.74548],[13.26909,45.74965],[13.24167,45.75]],[[13.32361,45.69167],[13.3235,45.69609],[13.32037,45.69331],[13.32361,45.69167]],[[13.33611,45.6875],[13.33721,45.69036],[13.33242,45.69228],[13.32855,45.68845],[13.33611,45.6875]],[[13.35694,45.68333],[13.35684,45.68775],[13.3537,45.68497],[13.35694,45.68333]],[[13.375,45.72083],[13.37199,45.72975],[13.37025,45.72209],[13.375,45.72083]],[[13.375,45.72083],[13.37621,45.71623],[13.38301,45.71757],[13.3825,45.72015],[13.375,45.72083]]]},"properties":{"hybas_id":"2060012700","pfaf_id":"213099","sub_area":"602.2","up_area":"602.2","next_down":"0","main_bas":"2060012700","kind":"basin","source":"local-hydrobasins"}},{"type":"Feature","geometry":{"type":"MultiPolygon","coordinates":[[[[12.54028,45.5],[12.52997,45.50068],[12.52897,45.5074],[12.53935,45.50894],[12.54213,45.50472],[12.54028,45.5]]],[[[12.54861,45.52083],[12.54248,45.52158],[12.53712,45.52821],[12.54768,45.52977],[12.55046,45.52555],[12.54861,45.52083]]],[[[12.51944,45.54167],[12.51188,45.54261],[12.51372,45.55062],[12.51944,45.54167]]],[[[12.32361,45.40417],[12.31605,45.40511],[12.31992,45.40895],[12.32471,45.40703],[12.32361,45.40417]]],[[[12.38194,45.46667],[12.37438,45.46761],[12.37825,45.47145],[12.38304,45.46953],[12.38194,45.46667]]],[[[12.33611,45.39583],[12.32852,45.40237],[12.33418,45.40481],[12.33801,45.40099],[12.33611,45.39583]]],[[[12.31944,45.45833],[12.31606,45.46094],[12.31812,45.46727],[12.32138,45.46326],[12.31944,45.45833]]],[[[12.24028,45.2375],[12.23272,45.2537],[12.23518,45.25895],[12.24645,45.24664],[12.24028,45.2375]]],[[[13.17361,45.725],[13.16749,45.72571],[13.1662,45.73227],[13.17394,45.7338],[13.17361,45.725]]],[[[12.3625,45.42083],[12.35208,45.42854],[12.34243,45.42395],[12.34091,45.4094],[12.33548,45.40768],[12.33268,45.41275],[12.33774,45.42],[12.30501,45.42584],[12.30335,45.43646],[12.29518,45.44018],[12.31871,45.44934],[12.33358,45.45066],[12.33959,45.44646],[12.34578,45.45126],[12.34101,45.45858],[12.34593,45.46562],[12.35441,45.46732],[12.36157,45.46232],[12.36316,45.45149],[12.34934,45.4426],[12.36462,45.44101],[12.36956,45.43756],[12.37182,45.44485],[12.37823,45.44683],[12.37982,45.45268],[12.37174,45.45517],[12.37018,45.46156],[12.38546,45.46316],[12.39035,45.46658],[12.39294,45.47494],[12.4091,45.46183],[12.41733,45.47004],[12.4,45.47083],[12.40057,45.47304],[12.40566,45.47915],[12.41151,45.47462],[12.41723,45.47632],[12.41581,45.48267],[12.40196,45.4839],[12.39092,45.49223],[12.38541,45.48797],[12.37987,45.49259],[12.37846,45.50328],[12.36592,45.5089],[12.35,45.5],[12.34931,45.48831],[12.30932,45.47845],[12.30735,45.47155],[12.29367,45.47022],[12.27993,45.46153],[12.27831,45.45033],[12.26743,45.44486],[12.26181,45.41349],[12.25417,45.4125],[12.25513,45.4093],[12.26314,45.40689],[12.26186,45.38536],[12.25477,45.36042],[12.25862,45.355],[12.25247,45.3545],[12.24792,45.35773],[12.23435,45.35337],[12.23237,45.3468],[12.22502,45.34458],[12.22915,45.33875],[12.22019,45.33605],[12.22176,45.33014],[12.22981,45.32772],[12.22852,45.3187],[12.22436,45.30203],[12.21198,45.28835],[12.22211,45.28753],[12.22787,45.29162],[12.23398,45.28383],[12.23269,45.27703],[12.22019,45.25866],[12.2282,45.2532],[12.23398,45.24199],[12.232,45.23821],[12.21696,45.23668],[12.21225,45.23004],[12.22888,45.22835],[12.23273,45.22292],[12.22852,45.21699],[12.2369,45.20625],[12.23394,45.20208],[12.2375,45.19167],[12.22917,45.19167],[12.22407,45.20324],[12.21738,45.20515],[12.21593,45.22003],[12.20485,45.22164],[12.20349,45.24484],[12.18286,45.25062],[12.17716,45.24645],[12.16667,45.24583],[12.1615,45.25356],[12.13008,45.25477],[12.12557,45.26446],[12.12443,45.28825],[12.1286,45.29362],[12.12973,45.3051],[12.12025,45.31575],[12.10612,45.3214],[12.0965,45.33013],[12.09527,45.34241],[12.10443,45.3572],[12.09654,45.35922],[12.09096,45.38245],[12.07585,45.38835],[12.06909,45.39548],[12.05417,45.39583],[12.04901,45.40355],[12.02696,45.40473],[12.0173,45.41349],[12.0161,45.42991],[12.0214,45.43825],[12.01193,45.45638],[12.00264,45.46663],[11.99791,45.46296],[11.98971,45.47027],[11.98112,45.4714],[11.97562,45.47599],[11.97443,45.49804],[11.97027,45.51054],[11.96192,45.51991],[11.95488,45.52172],[11.9536,45.53138],[11.93398,45.55203],[11.92981,45.5687],[11.92849,45.60312],[11.91339,45.61293],[11.90737,45.63237],[11.90096,45.6343],[11.89231,45.64786],[11.88686,45.66464],[11.87902,45.67379],[11.87286,45.67564],[11.8563,45.69102],[11.84968,45.69231],[11.84254,45.68725],[11.84102,45.70214],[11.82148,45.72286],[11.81602,45.73547],[11.79648,45.7562],[11.79169,45.76541],[11.77535,45.78091],[11.775,45.79167],[11.77917,45.79167],[11.77881,45.79826],[11.775,45.80417],[11.76667,45.80833],[11.76723,45.83138],[11.77123,45.83653],[11.77832,45.83835],[11.78002,45.84498],[11.79101,45.85096],[11.79233,45.86577],[11.79915,45.86752],[11.8,45.87083],[11.8,45.87917],[11.79341,45.87952],[11.77952,45.88921],[11.77881,45.89755],[11.78298,45.90174],[11.78333,45.90833],[11.79231,45.91699],[11.78335,45.93625],[11.79911,45.94626],[11.80064,45.9563],[11.81346,45.9782],[11.83214,45.99188],[11.83814,46.0063],[11.84523,46.01458],[11.83721,46.03251],[11.82058,46.03421],[11.8343,46.07404],[11.84503,46.07947],[11.84648,46.09478],[11.8341,46.09667],[11.83333,46.10417],[11.83924,46.10798],[11.85633,46.10895],[11.88966,46.11728],[11.89467,46.12095],[11.89676,46.12824],[11.90324,46.13009],[11.91188,46.14367],[11.91312,46.15633],[11.917,46.16164],[11.92848,46.16331],[11.92917,46.175],[11.9188,46.18269],[11.90491,46.18411],[11.90352,46.20213],[11.89936,46.20866],[11.91602,46.2312],[11.91601,46.2491],[11.88971,46.26193],[11.88038,46.26307],[11.87817,46.25446],[11.87567,46.25502],[11.875,46.2625],[11.85612,46.26193],[11.85207,46.2588],[11.83816,46.26757],[11.83693,46.28138],[11.83333,46.2875],[11.83369,46.29409],[11.83715,46.29758],[11.83785,46.31422],[11.82745,46.32464],[11.81008,46.32952],[11.80036,46.33921],[11.79965,46.34338],[11.80832,46.35208],[11.79829,46.36215],[11.79167,46.3625],[11.79131,46.38992],[11.78369,46.39758],[11.78333,46.40417],[11.80242,46.40452],[11.81424,46.41215],[11.83159,46.41285],[11.84943,46.43112],[11.85121,46.43807],[11.86054,46.43693],[11.86592,46.43277],[11.88294,46.43847],[11.88807,46.44509],[11.88688,46.46568],[11.88138,46.47027],[11.86471,46.47443],[11.82279,46.47557],[11.81193,46.48038],[11.81312,46.50326],[11.81755,46.50762],[11.82828,46.50904],[11.8343,46.52044],[11.84092,46.52557],[11.85221,46.52443],[11.87009,46.51193],[11.88554,46.51723],[11.9074,46.5339],[11.93138,46.53277],[11.95759,46.52027],[11.96888,46.5214],[11.97696,46.5286],[11.99388,46.52973],[12.00207,46.53704],[12.00612,46.5339],[12.01667,46.53333],[12.02083,46.5375],[12.02119,46.56076],[12.02535,46.56838],[12.01285,46.58091],[12.00417,46.59583],[12.02284,46.60772],[12.05335,46.609],[12.05503,46.6205],[12.07145,46.626],[12.07011,46.64086],[12.05845,46.64699],[12.05355,46.6537],[12.05487,46.66984],[12.06909,46.67119],[12.07292,46.67499],[12.08924,46.66285],[12.10242,46.66215],[12.11841,46.64619],[12.13159,46.64548],[12.14341,46.63785],[12.1625,46.6375],[12.17442,46.63241],[12.1839,46.62177],[12.18277,46.61029],[12.17546,46.60209],[12.17988,46.58839],[12.2,46.57917],[12.21054,46.57973],[12.21458,46.58286],[12.22009,46.5786],[12.23554,46.57973],[12.24779,46.5911],[12.26054,46.59223],[12.26592,46.5964],[12.28248,46.59082],[12.28333,46.5875],[12.2867,46.58851],[12.28814,46.59797],[12.29519,46.6062],[12.2966,46.62006],[12.31047,46.62148],[12.31667,46.62917],[12.34507,46.63242],[12.34659,46.62595],[12.35609,46.6172],[12.3625,46.61667],[12.36366,46.61213],[12.37851,46.62173],[12.3799,46.6367],[12.40753,46.6424],[12.42022,46.65617],[12.43033,46.68322],[12.44167,46.6875],[12.47329,46.68715],[12.47917,46.67917],[12.51492,46.67881],[12.51841,46.67535],[12.5375,46.67083],[12.54758,46.65869],[12.55659,46.65798],[12.57083,46.65],[12.57742,46.65035],[12.58578,46.65869],[12.60659,46.65452],[12.61495,46.66285],[12.62326,46.66215],[12.64375,46.65001],[12.66079,46.65869],[12.66909,46.65798],[12.67329,46.65381],[12.68576,46.65452],[12.68995,46.65869],[12.71667,46.65],[12.72917,46.63333],[12.7375,46.63333],[12.73835,46.63665],[12.75196,46.64527],[12.76592,46.65057],[12.77304,46.64943],[12.79908,46.64096],[12.80508,46.62976],[12.83333,46.62917],[12.83411,46.60765],[12.87293,46.60901],[12.87708,46.61183],[12.8854,46.60485],[12.90242,46.60452],[12.90662,46.60869],[12.93992,46.60798],[12.94341,46.60452],[12.97326,46.60381],[12.97745,46.59965],[13.01909,46.60035],[13.025,46.60417],[13.03091,46.59619],[13.04583,46.59583],[13.06076,46.59619],[13.06424,46.59965],[13.07742,46.60035],[13.08162,46.60452],[13.09758,46.59619],[13.12304,46.59527],[13.14779,46.58807],[13.17409,46.58689],[13.175,46.57917],[13.18138,46.5786],[13.18946,46.5714],[13.22404,46.56601],[13.23038,46.5536],[13.24388,46.55473],[13.25323,46.56307],[13.26175,46.55777],[13.3,46.5625],[13.31424,46.55452],[13.33333,46.55417],[13.34258,46.57022],[13.36992,46.57145],[13.37173,46.57851],[13.37917,46.57917],[13.39388,46.5786],[13.40377,46.57403],[13.40924,46.56312],[13.43138,46.56193],[13.43675,46.55777],[13.45221,46.5589],[13.46592,46.56723],[13.47425,46.56193],[13.50417,46.56667],[13.50452,46.56005],[13.52443,46.53971],[13.52557,46.47279],[13.5287,46.46874],[13.51714,46.45208],[13.52036,46.44792],[13.5116,46.42983],[13.49681,46.42851],[13.48807,46.41888],[13.48715,46.41008],[13.48369,46.40659],[13.48369,46.38505],[13.49583,46.375],[13.49495,46.37154],[13.48529,46.37027],[13.47182,46.35777],[13.45908,46.36307],[13.44167,46.35833],[13.44232,46.35204],[13.45066,46.34225],[13.44901,46.33364],[13.43808,46.32434],[13.40621,46.32566],[13.38962,46.33268],[13.37288,46.33399],[13.36691,46.33816],[13.32157,46.33681],[13.32083,46.325],[13.30591,46.32535],[13.30208,46.32915],[13.29412,46.32465],[13.28992,46.32881],[13.25417,46.33333],[13.24943,46.31862],[13.23807,46.30638],[13.23658,46.3006],[13.19362,46.29943],[13.18333,46.29583],[13.18394,46.28008],[13.19082,46.27832],[13.19202,46.27258],[13.19965,46.26492],[13.20035,46.24758],[13.20381,46.24409],[13.20833,46.225],[13.21731,46.22408],[13.21602,46.2062],[13.21186,46.20032],[13.21351,46.19182],[13.225,46.1875],[13.22465,46.17674],[13.22048,46.17255],[13.22119,46.15591],[13.22465,46.15242],[13.22535,46.11008],[13.23298,46.10242],[13.23369,46.09341],[13.23715,46.08992],[13.2375,46.075],[13.23418,46.07415],[13.22877,46.06347],[13.22144,46.06159],[13.22027,46.03259],[13.22443,46.02721],[13.22557,46.01573],[13.2121,45.9968],[13.20612,45.99527],[13.18814,45.97817],[13.18693,45.96156],[13.19527,45.95221],[13.1964,45.94092],[13.1911,45.93259],[13.1964,45.92406],[13.18807,45.91471],[13.18277,45.89925],[13.18693,45.89388],[13.1875,45.875],[13.19548,45.86909],[13.19619,45.85591],[13.20452,45.83924],[13.21215,45.83159],[13.21702,45.81008],[13.22535,45.80172],[13.22048,45.79338],[13.22119,45.78508],[13.22881,45.77742],[13.22917,45.77083],[13.21867,45.77022],[13.20208,45.76306],[13.19276,45.77114],[13.18288,45.76991],[13.19185,45.75958],[13.1841,45.75736],[13.18256,45.74674],[13.176,45.74522],[13.1722,45.75895],[13.16986,45.75077],[13.15931,45.74923],[13.15281,45.73753],[13.14792,45.74111],[13.13887,45.73688],[13.13252,45.75765],[13.12083,45.75833],[13.11606,45.74637],[13.11784,45.74239],[13.12838,45.74089],[13.12977,45.73148],[13.12161,45.72439],[13.10536,45.73345],[13.10297,45.72488],[13.09167,45.72917],[13.09131,45.72258],[13.07855,45.70464],[13.08032,45.70086],[13.08757,45.69879],[13.08303,45.69257],[13.09276,45.69136],[13.10292,45.70018],[13.10533,45.69178],[13.11042,45.68806],[13.13549,45.69645],[13.15617,45.71188],[13.16875,45.71611],[13.17379,45.71243],[13.17637,45.72145],[13.18703,45.71605],[13.20633,45.71728],[13.21034,45.72022],[13.23549,45.72145],[13.2412,45.72562],[13.24645,45.72315],[13.24502,45.71316],[13.20617,45.71188],[13.20047,45.70772],[13.18534,45.70895],[13.18038,45.71257],[13.17801,45.70428],[13.17299,45.70062],[13.15497,45.69929],[13.1534,45.68847],[13.11343,45.66574],[13.10324,45.64676],[13.1,45.64583],[13.10417,45.63957],[13.09826,45.63369],[13.06841,45.63298],[13.06492,45.62952],[13.01008,45.62881],[13.00659,45.62535],[12.97674,45.62465],[12.97326,45.62119],[12.95174,45.62048],[12.94826,45.61702],[12.93508,45.61631],[12.93159,45.61285],[12.91029,45.61193],[12.8968,45.60377],[12.89495,45.59654],[12.8625,45.5875],[12.86165,45.58418],[12.85221,45.57973],[12.82279,45.57027],[12.81076,45.56285],[12.80174,45.56215],[12.78576,45.55035],[12.75242,45.53369],[12.74341,45.53298],[12.73992,45.52952],[12.725,45.52917],[12.72415,45.52585],[12.71471,45.5214],[12.70196,45.52027],[12.67304,45.5089],[12.66029,45.50777],[12.64804,45.50057],[12.63529,45.49943],[12.62304,45.49223],[12.59362,45.48277],[12.58554,45.47557],[12.56862,45.47443],[12.52721,45.4589],[12.51446,45.45777],[12.49804,45.45057],[12.48529,45.44943],[12.46029,45.4411],[12.43427,45.42443],[12.4259,45.42573],[12.4214,45.43112],[12.41714,45.43958],[12.42083,45.44583],[12.40765,45.44109],[12.40208,45.44534],[12.39515,45.44109],[12.38859,45.4461],[12.38692,45.43875],[12.39998,45.43187],[12.39496,45.4217],[12.38947,45.42025],[12.35926,45.39102],[12.34942,45.3728],[12.32975,45.34803],[12.32844,45.33841],[12.30912,45.33824],[12.30772,45.34863],[12.32299,45.35478],[12.3325,45.36304],[12.33757,45.37795],[12.33008,45.3801],[12.32855,45.38565],[12.3338,45.38812],[12.33959,45.38389],[12.35308,45.39619],[12.36188,45.41034],[12.3625,45.41667],[12.36667,45.42083],[12.3748,45.42166],[12.37417,45.42945],[12.36667,45.42083],[12.3625,45.42083]],[[12.52361,45.47917],[12.52475,45.48235],[12.51587,45.48399],[12.51184,45.48002],[12.52361,45.47917]],[[12.39028,45.49583],[12.39017,45.50025],[12.38703,45.49747],[12.39028,45.49583]],[[12.42361,45.47917],[12.4235,45.48359],[12.42037,45.48081],[12.42361,45.47917]],[[12.40417,45.50833],[12.40473,45.52304],[12.4086,45.52803],[12.39654,45.52828],[12.39213,45.51458],[12.39679,45.50899],[12.40417,45.50833]],[[12.21944,45.3875],[12.22485,45.39425],[12.22422,45.39927],[12.2096,45.40062],[12.20772,45.39303],[12.21944,45.3875]],[[12.21528,45.34583],[12.21517,45.35025],[12.21203,45.34747],[12.21528,45.34583]],[[12.19861,45.29583],[12.1985,45.30025],[12.19537,45.29747],[12.19861,45.29583]],[[12.20694,45.29167],[12.20684,45.29609],[12.2037,45.29331],[12.20694,45.29167]],[[12.46667,45.49167],[12.46732,45.50629],[12.47149,45.51275],[12.46601,45.52351],[12.47402,45.52598],[12.47604,45.53252],[12.49035,45.53741],[12.49713,45.54999],[12.50422,45.54449],[12.49232,45.53129],[12.48652,45.51765],[12.47766,45.51408],[12.47434,45.50809],[12.48047,45.49579],[12.48958,45.50354],[12.51568,45.49485],[12.51769,45.48836],[12.52525,45.48684],[12.53206,45.49161],[12.53601,45.48268],[12.53852,45.49081],[12.54608,45.49232],[12.5529,45.48756],[12.55515,45.49485],[12.56152,45.49682],[12.56604,45.50625],[12.55829,45.51537],[12.57392,45.52149],[12.57584,45.50921],[12.58404,45.50768],[12.60204,45.52434],[12.61518,45.52566],[12.61757,45.51791],[12.62126,45.51601],[12.62906,45.52205],[12.62843,45.53262],[12.59942,45.53399],[12.58962,45.52566],[12.57692,45.52434],[12.57434,45.52983],[12.58799,45.54498],[12.56642,45.54667],[12.57021,45.55208],[12.56715,45.55645],[12.56192,45.55899],[12.54975,45.54934],[12.54298,45.55408],[12.53304,45.56983],[12.52475,45.57149],[12.51879,45.56732],[12.49788,45.56601],[12.49298,45.56259],[12.49061,45.55493],[12.48333,45.55417],[12.48263,45.5468],[12.46304,45.53689],[12.45561,45.5416],[12.44106,45.52586],[12.45199,45.51311],[12.46172,45.51172],[12.46269,45.5051],[12.45341,45.50372],[12.44703,45.50845],[12.4445,45.49939],[12.43842,45.50086],[12.432,45.51727],[12.4125,45.5125],[12.41327,45.50494],[12.42714,45.50352],[12.43536,45.49648],[12.44648,45.49478],[12.44505,45.48435],[12.43846,45.48237],[12.42404,45.45513],[12.41602,45.45272],[12.4187,45.45064],[12.42303,45.45058],[12.44109,45.46447],[12.44656,45.48242],[12.45349,45.48425],[12.45485,45.49917],[12.46129,45.50044],[12.46337,45.49254],[12.46667,45.49167]],[[12.18333,45.30417],[12.19383,45.30478],[12.20345,45.30932],[12.2049,45.3242],[12.21701,45.32596],[12.2117,45.3326],[12.1972,45.33395],[12.19491,45.32593],[12.18502,45.32111],[12.18272,45.3162],[12.18694,45.31042],[12.18333,45.30417]],[[12.18333,45.30417],[12.17468,45.30898],[12.16634,45.30352],[12.15958,45.30832],[12.15732,45.3008],[12.14604,45.29908],[12.14658,45.29241],[12.16563,45.29095],[12.17023,45.28125],[12.1631,45.26875],[12.17532,45.25352],[12.19487,45.26346],[12.20356,45.28125],[12.19971,45.28668],[12.18308,45.28838],[12.18689,45.29375],[12.18333,45.30417]],[[12.2,45.37917],[12.20117,45.37459],[12.20473,45.37795],[12.2,45.37917]],[[12.19583,45.37083],[12.19649,45.37827],[12.2,45.37917],[12.19866,45.38385],[12.1872,45.38243],[12.19259,45.37176],[12.19583,45.37083]],[[12.2,45.36667],[12.19551,45.35518],[12.18692,45.35125],[12.19496,45.34913],[12.20146,45.33752],[12.20891,45.34651],[12.20359,45.35708],[12.21294,45.35955],[12.21147,45.36698],[12.20625,45.36299],[12.2,45.36667]],[[12.46667,45.49167],[12.46784,45.48709],[12.4714,45.49045],[12.46667,45.49167]]],[[[12.3625,45.41667],[12.35352,45.41758],[12.3625,45.42083],[12.3625,45.41667]]]]},"properties":{"hybas_id":"2060012730","pfaf_id":"214010","sub_area":"13514.2","up_area":"13514.2","next_down":"0","main_bas":"2060012730","kind":"basin","source":"local-hydrobasins"}},{"type":"Feature","geometry":{"type":"Polygon","coordinates":[[[12.16667,45.24583],[12.17716,45.24645],[12.18286,45.25062],[12.20349,45.24484],[12.20485,45.22164],[12.21593,45.22003],[12.21738,45.20515],[12.22407,45.20324],[12.22917,45.19167],[12.2375,45.19167],[12.2375,45.1875],[12.23396,45.18659],[12.23277,45.16592],[12.23693,45.16054],[12.2375,45.14583],[12.21034,45.14645],[12.17299,45.16605],[12.16034,45.16728],[12.15216,45.17438],[12.13426,45.18009],[12.13236,45.18673],[12.12152,45.18831],[12.12083,45.2],[12.11492,45.20381],[12.10612,45.2036],[12.10097,45.1996],[12.09915,45.19252],[12.08958,45.18797],[12.08333,45.19167],[12.07258,45.19202],[12.06909,45.19548],[12.04412,45.19619],[12.03576,45.18785],[12.02745,45.18715],[12.02326,45.19131],[11.99829,45.19619],[11.96667,45.17917],[11.96582,45.18248],[11.93971,45.19527],[11.87696,45.20473],[11.85221,45.22027],[11.83112,45.22557],[11.81888,45.23277],[11.7509,45.24233],[11.74108,45.25741],[11.73418,45.25918],[11.72411,45.27846],[11.70833,45.28333],[11.70798,45.29409],[11.70035,45.30174],[11.69583,45.31667],[11.69252,45.31752],[11.68693,45.33138],[11.66723,45.35612],[11.6661,45.40221],[11.66307,45.40612],[11.6625,45.425],[11.65174,45.42952],[11.63992,45.44131],[11.62083,45.44167],[11.60473,45.46029],[11.60332,45.46582],[11.59263,45.47123],[11.59167,45.475],[11.58091,45.47465],[11.57258,45.47048],[11.56286,45.46079],[11.56215,45.45174],[11.53958,45.43335],[11.53576,45.43715],[11.51841,45.43785],[11.50662,45.45381],[11.49167,45.45417],[11.49583,45.475],[11.48924,45.47535],[11.46492,45.48715],[11.45591,45.48785],[11.45242,45.49131],[11.44341,45.49202],[11.43576,45.49965],[11.42258,45.50035],[11.39619,45.52674],[11.39548,45.53921],[11.40035,45.54755],[11.39548,45.55588],[11.40381,45.56841],[11.40452,45.57671],[11.40035,45.58091],[11.39965,45.59409],[11.39619,45.59758],[11.39527,45.61471],[11.3866,45.62849],[11.37425,45.62973],[11.36888,45.62557],[11.35955,45.62443],[11.35748,45.63248],[11.35085,45.63418],[11.34544,45.64487],[11.3343,45.6504],[11.3246,45.67403],[11.31862,45.67557],[11.30833,45.6875],[11.29779,45.68807],[11.28835,45.69252],[11.28659,45.69936],[11.26862,45.70057],[11.25221,45.7161],[11.23946,45.71723],[11.23542,45.72036],[11.23125,45.71714],[11.21471,45.7286],[11.17592,45.72977],[11.17973,45.80221],[11.18835,45.81582],[11.19388,45.81723],[11.22013,45.83842],[11.22453,45.85208],[11.2214,45.85612],[11.22027,45.86888],[11.2125,45.87917],[11.2,45.88333],[11.20452,45.92255],[11.20035,45.92674],[11.2,45.93333],[11.18835,45.93835],[11.1839,45.94779],[11.18333,45.96667],[11.19965,45.98088],[11.2,46.02917],[11.20346,46.03005],[11.20473,46.03971],[11.21343,46.0493],[11.22304,46.05057],[11.2282,46.05456],[11.23002,46.06165],[11.23687,46.06341],[11.23807,46.08408],[11.2339,46.08946],[11.23277,46.10927],[11.24167,46.12083],[11.25612,46.1286],[11.28554,46.12973],[11.29779,46.13693],[11.31325,46.13807],[11.32379,46.13277],[11.33013,46.14518],[11.34388,46.1464],[11.35332,46.15085],[11.35417,46.15417],[11.375,46.15833],[11.37585,46.16165],[11.39082,46.16752],[11.39167,46.17083],[11.40245,46.16215],[11.41076,46.16285],[11.43579,46.17535],[11.44826,46.17465],[11.45208,46.17085],[11.45591,46.17465],[11.46909,46.17535],[11.47674,46.18298],[11.49409,46.18369],[11.50242,46.18785],[11.51841,46.20381],[11.52917,46.20417],[11.53924,46.21631],[11.55662,46.22119],[11.57328,46.24202],[11.58159,46.24131],[11.59375,46.23335],[11.62292,46.26249],[11.62674,46.25869],[11.65659,46.25798],[11.66042,46.25418],[11.67258,46.26215],[11.68576,46.26285],[11.68995,46.26702],[11.69829,46.26215],[11.74487,46.26763],[11.7468,46.27404],[11.76453,46.28269],[11.78258,46.28407],[11.78686,46.28953],[11.78842,46.30481],[11.80313,46.30343],[11.80502,46.29668],[11.81862,46.28807],[11.83333,46.2875],[11.83693,46.28138],[11.83816,46.26757],[11.85207,46.2588],[11.85612,46.26193],[11.875,46.2625],[11.87567,46.25502],[11.87817,46.25446],[11.88038,46.26307],[11.88971,46.26193],[11.91601,46.2491],[11.91602,46.2312],[11.89936,46.20866],[11.90352,46.20213],[11.90491,46.18411],[11.9188,46.18269],[11.92917,46.175],[11.92848,46.16331],[11.917,46.16164],[11.91312,46.15633],[11.91188,46.14367],[11.90324,46.13009],[11.89676,46.12824],[11.89467,46.12095],[11.88966,46.11728],[11.85633,46.10895],[11.83924,46.10798],[11.83333,46.10417],[11.8341,46.09667],[11.84648,46.09478],[11.84503,46.07947],[11.8343,46.07404],[11.82058,46.03421],[11.83721,46.03251],[11.84523,46.01458],[11.83814,46.0063],[11.83214,45.99188],[11.81346,45.9782],[11.80064,45.9563],[11.79911,45.94626],[11.78335,45.93625],[11.79231,45.91699],[11.78333,45.90833],[11.78298,45.90174],[11.77881,45.89755],[11.77952,45.88921],[11.79341,45.87952],[11.8,45.87917],[11.8,45.87083],[11.79915,45.86752],[11.79233,45.86577],[11.79101,45.85096],[11.78002,45.84498],[11.77832,45.83835],[11.77123,45.83653],[11.76723,45.83138],[11.76667,45.80833],[11.775,45.80417],[11.77881,45.79826],[11.77917,45.79167],[11.775,45.79167],[11.77535,45.78091],[11.79169,45.76541],[11.79648,45.7562],[11.81602,45.73547],[11.82148,45.72286],[11.84102,45.70214],[11.84254,45.68725],[11.84968,45.69231],[11.8563,45.69102],[11.87286,45.67564],[11.87902,45.67379],[11.88686,45.66464],[11.89231,45.64786],[11.90096,45.6343],[11.90737,45.63237],[11.91339,45.61293],[11.92849,45.60312],[11.92981,45.5687],[11.93398,45.55203],[11.9536,45.53138],[11.95488,45.52172],[11.96192,45.51991],[11.97027,45.51054],[11.97443,45.49804],[11.97562,45.47599],[11.98112,45.4714],[11.98971,45.47027],[11.99791,45.46296],[12.00264,45.46663],[12.01193,45.45638],[12.0214,45.43825],[12.0161,45.42991],[12.0173,45.41349],[12.02696,45.40473],[12.04901,45.40355],[12.05417,45.39583],[12.06909,45.39548],[12.07585,45.38835],[12.09096,45.38245],[12.09654,45.35922],[12.10443,45.3572],[12.09527,45.34241],[12.0965,45.33013],[12.10612,45.3214],[12.12025,45.31575],[12.12973,45.3051],[12.1286,45.29362],[12.12443,45.28825],[12.12557,45.26446],[12.13008,45.25477],[12.1615,45.25356],[12.16667,45.24583]]]},"properties":{"hybas_id":"2060012960","pfaf_id":"214020","sub_area":"4810.8","up_area":"4811.0","next_down":"0","main_bas":"2060012960","kind":"basin","source":"local-hydrobasins"}},{"type":"Feature","geometry":{"type":"Polygon","coordinates":[[[12.2375,45.14583],[12.23693,45.16054],[12.23277,45.16592],[12.23396,45.18659],[12.25633,45.18812],[12.26174,45.19245],[12.26312,45.20464],[12.25807,45.21155],[12.2701,45.2133],[12.27157,45.22836],[12.28634,45.23345],[12.29522,45.24784],[12.30062,45.28966],[12.30772,45.30201],[12.30895,45.31466],[12.31605,45.32284],[12.31667,45.3375],[12.325,45.3375],[12.32915,45.33125],[12.31285,45.30242],[12.31215,45.29341],[12.30452,45.27742],[12.30381,45.24758],[12.29965,45.24338],[12.30035,45.21008],[12.30869,45.19341],[12.33298,45.16909],[12.33333,45.15833],[12.325,45.15833],[12.31994,45.17016],[12.3074,45.1714],[12.29804,45.16307],[12.28529,45.16193],[12.28125,45.1588],[12.27708,45.16203],[12.26054,45.15057],[12.2375,45.14583]]]},"properties":{"hybas_id":"2060012970","pfaf_id":"214030","sub_area":"45.6","up_area":"45.6","next_down":"0","main_bas":"2060012970","kind":"basin","source":"local-hydrobasins"}},{"type":"Feature","geometry":{"type":"Polygon","coordinates":[[[11.70833,45.28333],[11.72411,45.27846],[11.73418,45.25918],[11.74108,45.25741],[11.7509,45.24233],[11.81888,45.23277],[11.83112,45.22557],[11.85221,45.22027],[11.87696,45.20473],[11.93971,45.19527],[11.96582,45.18248],[11.96667,45.17917],[11.99829,45.19619],[12.02326,45.19131],[12.02745,45.18715],[12.03576,45.18785],[12.04412,45.19619],[12.06909,45.19548],[12.07258,45.19202],[12.08333,45.19167],[12.08958,45.18797],[12.09915,45.19252],[12.10097,45.1996],[12.10833,45.20417],[12.12083,45.2],[12.12152,45.18831],[12.13236,45.18673],[12.13426,45.18009],[12.15216,45.17438],[12.16034,45.16728],[12.17299,45.16605],[12.21034,45.14645],[12.24388,45.1464],[12.26054,45.15057],[12.27708,45.16203],[12.28125,45.1588],[12.28529,45.16193],[12.29804,45.16307],[12.3074,45.1714],[12.31994,45.17016],[12.325,45.15833],[12.33333,45.15833],[12.33333,45.15417],[12.32599,45.15345],[12.32145,45.14383],[12.32015,45.12164],[12.3093,45.12006],[12.30733,45.11317],[12.28017,45.11183],[12.27438,45.08951],[12.25405,45.06366],[12.25,45.0625],[12.24915,45.06582],[12.23649,45.0714],[12.21592,45.0536],[12.19804,45.06193],[12.18529,45.06307],[12.17721,45.07027],[12.15494,45.0716],[12.15345,45.08617],[12.14968,45.08814],[12.1438,45.08398],[12.11453,45.08269],[12.10214,45.07564],[12.0812,45.07436],[12.07297,45.06731],[12.05978,45.06602],[12.05335,45.07845],[12.03703,45.07978],[12.03125,45.07556],[12.02716,45.07855],[12.00786,45.07978],[11.98549,45.06728],[11.95516,45.06181],[11.95324,45.05509],[11.94262,45.04973],[11.94093,45.06128],[11.93703,45.06312],[11.93125,45.05889],[11.9201,45.06312],[11.91049,45.05478],[11.88117,45.05355],[11.87716,45.05062],[11.8287,45.04938],[11.82299,45.05355],[11.8062,45.05481],[11.79728,45.05898],[11.7948,45.05074],[11.77994,45.04923],[11.77917,45.04167],[11.73946,45.0411],[11.73009,45.03275],[11.72409,45.01728],[11.69906,45.0161],[11.68971,45.02443],[11.67279,45.02557],[11.66888,45.0286],[11.61862,45.02973],[11.60759,45.0339],[11.60221,45.02973],[11.58455,45.0286],[11.58245,45.03679],[11.57279,45.03807],[11.55612,45.0464],[11.54388,45.05777],[11.52304,45.0661],[11.47279,45.0661],[11.45759,45.06193],[11.45097,45.06706],[11.44915,45.07415],[11.43554,45.08277],[11.42292,45.08703],[11.41573,45.08277],[11.40638,45.0911],[11.38529,45.09223],[11.37709,45.09954],[11.36788,45.09527],[11.3589,45.11446],[11.35798,45.12326],[11.34829,45.13298],[11.33924,45.13369],[11.32708,45.14165],[11.32083,45.1375],[11.31995,45.14096],[11.31029,45.14223],[11.2843,45.1629],[11.26723,45.19362],[11.26193,45.21888],[11.24899,45.23688],[11.22591,45.23812],[11.22411,45.24512],[11.21446,45.2464],[11.20085,45.25502],[11.1991,45.26184],[11.18529,45.26307],[11.18138,45.2661],[11.15342,45.26723],[11.14792,45.26297],[11.13946,45.26723],[11.12987,45.27593],[11.1286,45.28554],[11.1214,45.29362],[11.11667,45.30833],[11.09779,45.3089],[11.0632,45.32592],[11.05777,45.34804],[11.04942,45.35741],[11.03847,45.3629],[11.03248,45.37832],[11.00759,45.38807],[10.99904,45.38277],[10.98812,45.39267],[10.9875,45.40417],[10.97258,45.40452],[10.96492,45.41215],[10.95502,45.41335],[10.95332,45.41998],[10.93971,45.4286],[10.93455,45.42973],[10.93333,45.425],[10.93002,45.42585],[10.92409,45.44104],[10.91008,45.44202],[10.89583,45.45],[10.86867,45.45062],[10.85077,45.4593],[10.84919,45.47012],[10.83286,45.47145],[10.82036,45.46605],[10.81366,45.47095],[10.80332,45.49498],[10.77855,45.5097],[10.77996,45.52014],[10.79167,45.52083],[10.79131,45.52742],[10.77745,45.54548],[10.7625,45.54583],[10.75035,45.56008],[10.74947,45.58558],[10.7422,45.59359],[10.74114,45.60935],[10.74678,45.61591],[10.75326,45.61744],[10.7547,45.62185],[10.74583,45.62917],[10.74649,45.6366],[10.76029,45.64527],[10.79804,45.6464],[10.81191,45.65937],[10.8125,45.68333],[10.81667,45.68333],[10.81702,45.68992],[10.83715,45.71008],[10.84202,45.72326],[10.86215,45.74758],[10.86631,45.75591],[10.86702,45.77742],[10.87465,45.78508],[10.87952,45.80246],[10.88508,45.80798],[10.89167,45.80833],[10.89583,45.83333],[10.89939,45.83425],[10.90057,45.86471],[10.9089,45.88138],[10.91764,45.89101],[10.93138,45.89223],[10.94388,45.90057],[10.95325,45.90892],[10.95833,45.92083],[10.96667,45.92083],[10.96752,45.92415],[10.9746,45.92597],[10.98013,45.9371],[10.9996,45.9468],[11.00502,45.95748],[11.00833,45.95833],[11.00833,45.9625],[11.02464,45.97671],[11.02535,45.98159],[11.03298,45.98924],[11.02557,46.01862],[11.02443,46.04388],[11.02027,46.04925],[11.02973,46.07009],[11.0285,46.08238],[11.01725,46.08842],[11.0089,46.09779],[10.99943,46.11592],[11.00125,46.12066],[11.01165,46.12585],[11.01347,46.13294],[11.01862,46.13693],[11.03688,46.14258],[11.0375,46.15417],[11.02863,46.16583],[11.01336,46.17116],[11.0117,46.18258],[10.99953,46.18395],[10.99383,46.17978],[10.97701,46.17855],[10.97292,46.17556],[10.96883,46.17855],[10.9537,46.17978],[10.94705,46.17493],[10.94522,46.18133],[10.92917,46.19583],[10.91758,46.19521],[10.91577,46.18816],[10.90478,46.18841],[10.9036,46.21471],[10.9,46.225],[10.89383,46.22145],[10.86867,46.22022],[10.86458,46.21723],[10.84664,46.22157],[10.84105,46.23966],[10.82829,46.25351],[10.79367,46.25478],[10.78703,46.25895],[10.77299,46.25062],[10.75201,46.24938],[10.73542,46.23806],[10.72453,46.24228],[10.71883,46.23812],[10.6875,46.2375],[10.68665,46.23418],[10.66752,46.22415],[10.66076,46.21702],[10.64828,46.21631],[10.63992,46.22465],[10.60662,46.22535],[10.60242,46.22119],[10.57917,46.22083],[10.5797,46.23141],[10.58711,46.23957],[10.58386,46.24359],[10.57864,46.27308],[10.57405,46.27841],[10.56756,46.27994],[10.56614,46.28446],[10.57864,46.29775],[10.57881,46.30242],[10.56079,46.32881],[10.51667,46.34167],[10.51739,46.35339],[10.525,46.35417],[10.5259,46.35767],[10.53971,46.3589],[10.56446,46.3786],[10.57575,46.37973],[10.58112,46.37557],[10.59241,46.37443],[10.61576,46.39231],[10.61752,46.39915],[10.62526,46.40114],[10.6161,46.41741],[10.62027,46.42279],[10.62083,46.44583],[10.61285,46.45591],[10.6125,46.4625],[10.59826,46.47048],[10.57674,46.47119],[10.54409,46.49965],[10.53091,46.49965],[10.52742,46.49619],[10.48579,46.49548],[10.48159,46.49965],[10.47083,46.5],[10.45245,46.52048],[10.43946,46.5214],[10.4289,46.52614],[10.43277,46.53112],[10.4339,46.54462],[10.41156,46.55473],[10.40221,46.5464],[10.39092,46.54527],[10.37304,46.5536],[10.34557,46.5553],[10.34943,46.56029],[10.35057,46.58212],[10.32585,46.59252],[10.32415,46.59915],[10.31043,46.60787],[10.30318,46.6036],[10.2884,46.61731],[10.28389,46.63126],[10.29105,46.63951],[10.29243,46.64903],[10.31181,46.65498],[10.3125,46.66667],[10.33162,46.64965],[10.33992,46.65035],[10.34412,46.65452],[10.35242,46.65381],[10.35591,46.65035],[10.37742,46.64965],[10.38333,46.64583],[10.38411,46.63822],[10.40057,46.63871],[10.3911,46.67304],[10.3838,46.68124],[10.38835,46.69082],[10.39525,46.69259],[10.40507,46.70767],[10.41604,46.70924],[10.41667,46.72083],[10.4241,46.72149],[10.4286,46.73112],[10.42982,46.74486],[10.44167,46.75417],[10.44131,46.77326],[10.42917,46.79167],[10.43554,46.79223],[10.45768,46.81348],[10.4589,46.82721],[10.4634,46.83686],[10.4801,46.83807],[10.48946,46.82973],[10.50075,46.8286],[10.51165,46.83418],[10.51684,46.84458],[10.52158,46.8464],[10.52708,46.84214],[10.53825,46.8464],[10.55491,46.83693],[10.56888,46.84223],[10.57696,46.84943],[10.58971,46.85057],[10.59583,46.85833],[10.61076,46.85869],[10.61912,46.86702],[10.63992,46.86631],[10.64412,46.86215],[10.66424,46.87465],[10.67326,46.87465],[10.67674,46.87119],[10.68579,46.87048],[10.70591,46.84619],[10.72326,46.84548],[10.73091,46.83785],[10.74826,46.83715],[10.75748,46.83248],[10.75833,46.825],[10.75346,46.80925],[10.73418,46.79915],[10.73333,46.79583],[10.72917,46.79583],[10.72917,46.79167],[10.74826,46.79131],[10.75245,46.78715],[10.77326,46.78785],[10.78579,46.79619],[10.79412,46.79548],[10.81078,46.77465],[10.82326,46.77535],[10.83162,46.78369],[10.84409,46.78298],[10.88162,46.76215],[10.88992,46.76285],[10.91008,46.77465],[10.93576,46.77535],[10.93924,46.77881],[10.96909,46.77881],[10.98162,46.77048],[11.0125,46.775],[11.0134,46.77149],[11.02083,46.77083],[11.02429,46.77172],[11.02557,46.78138],[11.04259,46.80763],[11.05221,46.8089],[11.07797,46.82522],[11.07973,46.8301],[11.0713,46.83957],[11.07557,46.84658],[11.07027,46.85932],[11.08277,46.87279],[11.08404,46.88245],[11.09996,46.8932],[11.0964,46.89779],[11.09527,46.91344],[11.1036,46.92279],[11.10417,46.92917],[11.11492,46.92952],[11.11875,46.93332],[11.12329,46.92881],[11.13992,46.92952],[11.15798,46.94341],[11.15869,46.94829],[11.16667,46.95417],[11.16667,46.95833],[11.17326,46.95869],[11.18995,46.97119],[11.20242,46.97048],[11.20591,46.96702],[11.24167,46.96667],[11.24252,46.96998],[11.25417,46.97083],[11.25502,46.97415],[11.27696,46.98277],[11.35221,46.98807],[11.35833,46.99167],[11.35926,46.98843],[11.37299,46.98272],[11.38117,46.97562],[11.4037,46.96605],[11.42299,46.96728],[11.43117,46.97438],[11.44134,46.97586],[11.45201,46.99105],[11.47003,46.99237],[11.47167,47.00363],[11.4826,47.01312],[11.49383,47.01188],[11.52284,46.98812],[11.53333,46.98333],[11.55174,46.99131],[11.56492,46.99202],[11.58508,47.00381],[11.61492,47.00869],[11.63333,47.01667],[11.64758,47.00035],[11.66495,46.99131],[11.67742,46.99202],[11.68162,46.99619],[11.71079,46.99548],[11.72258,46.97535],[11.73924,46.96702],[11.74826,46.96702],[11.75591,46.97465],[11.76492,46.97535],[11.78259,46.99223],[11.80742,46.99105],[11.80833,46.9875],[11.8125,46.9875],[11.81341,46.99103],[11.83138,46.99223],[11.84362,47.0036],[11.85638,47.00473],[11.87279,47.0161],[11.88971,47.01723],[11.90612,47.0286],[11.91492,47.02952],[11.91841,47.03298],[11.94826,47.03369],[11.96008,47.04131],[11.96909,47.04202],[11.97674,47.04965],[12.02825,47.05058],[12.03013,47.05794],[12.03675,47.06307],[12.05221,47.06193],[12.05759,47.05777],[12.06888,47.0589],[12.07832,47.06335],[12.08013,47.07044],[12.09509,47.07973],[12.11054,47.0786],[12.11592,47.07443],[12.13248,47.08002],[12.13333,47.08333],[12.14092,47.0786],[12.15221,47.07973],[12.16471,47.0839],[12.17406,47.09223],[12.19804,47.0911],[12.22832,47.07832],[12.23243,47.06316],[12.225,47.0625],[12.22415,47.05918],[12.21738,47.05745],[12.20833,47.025],[12.20174,47.02535],[12.19792,47.02915],[12.19409,47.02535],[12.18091,47.02465],[12.1625,47.01667],[12.16165,47.01998],[12.14925,47.02557],[12.12597,47.0121],[12.12557,46.99779],[12.13821,46.95922],[12.15745,46.95346],[12.16723,46.93844],[12.15417,46.91667],[12.17279,46.9089],[12.20325,46.90773],[12.21335,46.87585],[12.22721,46.87973],[12.24068,46.89223],[12.25638,46.8911],[12.27415,46.88248],[12.28091,46.87119],[12.29583,46.8625],[12.29643,46.84258],[12.30473,46.84045],[12.30335,46.83416],[12.29252,46.82832],[12.28693,46.81741],[12.2912,46.80208],[12.28665,46.79252],[12.28333,46.79167],[12.28411,46.78403],[12.31464,46.78269],[12.325,46.77917],[12.31307,46.76888],[12.30742,46.75059],[12.25612,46.74943],[12.24388,46.73807],[12.2286,46.73212],[12.22973,46.71862],[12.2411,46.70638],[12.24257,46.70064],[12.2615,46.69937],[12.27455,46.68542],[12.26193,46.67182],[12.26752,46.65085],[12.27696,46.6464],[12.30221,46.64527],[12.31165,46.64082],[12.3161,46.63138],[12.31541,46.62498],[12.31047,46.62148],[12.2966,46.62006],[12.29519,46.6062],[12.28814,46.59797],[12.2867,46.58851],[12.28333,46.5875],[12.28248,46.59082],[12.26592,46.5964],[12.26054,46.59223],[12.24779,46.5911],[12.23554,46.57973],[12.22009,46.5786],[12.21458,46.58286],[12.21054,46.57973],[12.19779,46.57973],[12.17988,46.58839],[12.17546,46.60209],[12.18277,46.61029],[12.1839,46.62177],[12.17442,46.63241],[12.1625,46.6375],[12.14341,46.63785],[12.13159,46.64548],[12.11841,46.64619],[12.10242,46.66215],[12.08924,46.66285],[12.07292,46.67499],[12.06909,46.67119],[12.05487,46.66984],[12.05355,46.6537],[12.05845,46.64699],[12.07011,46.64086],[12.07145,46.626],[12.05503,46.6205],[12.05335,46.609],[12.02284,46.60772],[12.00417,46.59583],[12.01285,46.58091],[12.02535,46.56838],[12.02119,46.56076],[12.02083,46.5375],[12.01667,46.53333],[12.00612,46.5339],[12.00207,46.53704],[11.99388,46.52973],[11.97696,46.5286],[11.96888,46.5214],[11.95759,46.52027],[11.93138,46.53277],[11.9074,46.5339],[11.88554,46.51723],[11.87009,46.51193],[11.85221,46.52443],[11.84092,46.52557],[11.8343,46.52044],[11.82828,46.50904],[11.81755,46.50762],[11.81312,46.50326],[11.81193,46.48038],[11.82279,46.47557],[11.86471,46.47443],[11.88138,46.47027],[11.88688,46.46568],[11.88807,46.44509],[11.88294,46.43847],[11.86592,46.43277],[11.86054,46.43693],[11.85121,46.43807],[11.84943,46.43112],[11.83159,46.41285],[11.81424,46.41215],[11.80242,46.40452],[11.78333,46.40417],[11.78369,46.39758],[11.79131,46.38992],[11.79167,46.3625],[11.79829,46.36215],[11.80832,46.35208],[11.79965,46.34338],[11.80036,46.33921],[11.81008,46.32952],[11.82745,46.32464],[11.83785,46.31422],[11.83715,46.29758],[11.83369,46.29409],[11.83333,46.2875],[11.81862,46.28807],[11.80502,46.29668],[11.80313,46.30343],[11.78842,46.30481],[11.78686,46.28953],[11.78258,46.28407],[11.76453,46.28269],[11.7468,46.27404],[11.74487,46.26763],[11.74167,46.26667],[11.71841,46.26631],[11.71492,46.26285],[11.69829,46.26215],[11.68995,46.26702],[11.68576,46.26285],[11.67258,46.26215],[11.66042,46.25418],[11.65659,46.25798],[11.62674,46.25869],[11.62292,46.26249],[11.59375,46.23335],[11.58159,46.24131],[11.57328,46.24202],[11.55662,46.22119],[11.53924,46.21631],[11.52917,46.20417],[11.51841,46.20381],[11.50242,46.18785],[11.49409,46.18369],[11.47674,46.18298],[11.46909,46.17535],[11.45591,46.17465],[11.45208,46.17085],[11.44826,46.17465],[11.43579,46.17535],[11.41076,46.16285],[11.40245,46.16215],[11.39167,46.17083],[11.39082,46.16752],[11.37585,46.16165],[11.375,46.15833],[11.35417,46.15417],[11.35332,46.15085],[11.34388,46.1464],[11.33013,46.14518],[11.32379,46.13277],[11.31325,46.13807],[11.29779,46.13693],[11.28554,46.12973],[11.25612,46.1286],[11.24167,46.12083],[11.23277,46.10927],[11.2339,46.08946],[11.23807,46.08408],[11.23687,46.06341],[11.23002,46.06165],[11.2282,46.05456],[11.22304,46.05057],[11.21343,46.0493],[11.20473,46.03971],[11.20346,46.03005],[11.2,46.02917],[11.19965,45.98088],[11.18333,45.96667],[11.1839,45.94779],[11.18835,45.93835],[11.2,45.93333],[11.20035,45.92674],[11.20452,45.92255],[11.2,45.88333],[11.2125,45.87917],[11.22027,45.86888],[11.2214,45.85612],[11.22453,45.85208],[11.22013,45.83842],[11.19388,45.81723],[11.18835,45.81582],[11.17973,45.80221],[11.17592,45.72977],[11.21471,45.7286],[11.23125,45.71714],[11.23542,45.72036],[11.23946,45.71723],[11.25221,45.7161],[11.26862,45.70057],[11.28659,45.69936],[11.28835,45.69252],[11.29779,45.68807],[11.30833,45.6875],[11.31862,45.67557],[11.3246,45.67403],[11.3343,45.6504],[11.34544,45.64487],[11.35085,45.63418],[11.35748,45.63248],[11.35955,45.62443],[11.36888,45.62557],[11.37425,45.62973],[11.3866,45.62849],[11.39527,45.61471],[11.39619,45.59758],[11.39965,45.59409],[11.40035,45.58091],[11.40452,45.57671],[11.40381,45.56841],[11.39548,45.55588],[11.40035,45.54755],[11.39548,45.53921],[11.39619,45.52674],[11.42258,45.50035],[11.43576,45.49965],[11.44341,45.49202],[11.45242,45.49131],[11.45591,45.48785],[11.46492,45.48715],[11.48924,45.47535],[11.49583,45.475],[11.49167,45.45417],[11.50662,45.45381],[11.51841,45.43785],[11.53576,45.43715],[11.53958,45.43335],[11.56215,45.45174],[11.56286,45.46079],[11.57258,45.47048],[11.58091,45.47465],[11.59167,45.475],[11.59263,45.47123],[11.60332,45.46582],[11.60473,45.46029],[11.62083,45.44167],[11.63992,45.44131],[11.65174,45.42952],[11.6625,45.425],[11.66307,45.40612],[11.6661,45.40221],[11.66723,45.35612],[11.68693,45.33138],[11.69252,45.31752],[11.69583,45.31667],[11.70035,45.30174],[11.70798,45.29409],[11.70833,45.28333]]]},"properties":{"hybas_id":"2060012980","pfaf_id":"214040","sub_area":"14459.7","up_area":"14459.7","next_down":"0","main_bas":"2060012980","kind":"basin","source":"local-hydrobasins"}},{"type":"Feature","geometry":{"type":"Polygon","coordinates":[[[12.51667,44.9375],[12.51725,44.94386],[12.52551,44.9532],[12.53377,44.95538],[12.53252,44.96173],[12.52432,44.96308],[12.51667,44.95833],[12.52149,44.97809],[12.46879,44.99101],[12.45566,44.99232],[12.4531,44.98406],[12.43309,44.98268],[12.42712,44.98684],[12.40809,44.98816],[12.39682,44.98235],[12.39476,44.9757],[12.36642,44.97434],[12.35212,44.98268],[12.34316,44.98399],[12.33759,44.97215],[12.33015,44.96985],[12.3281,44.96321],[12.30503,44.96184],[12.30351,44.98129],[12.28816,44.99788],[12.28333,45.0125],[12.25591,45.01702],[12.25035,45.02255],[12.24548,45.05588],[12.27438,45.08951],[12.28017,45.11183],[12.30733,45.11317],[12.3093,45.12006],[12.32015,45.12164],[12.32145,45.14383],[12.32599,45.15345],[12.33333,45.15417],[12.32881,45.14755],[12.32952,45.11424],[12.33715,45.10242],[12.33786,45.09338],[12.34341,45.08785],[12.34826,45.08715],[12.38091,45.05869],[12.38579,45.05798],[12.40417,45.0375],[12.41466,45.03688],[12.4372,45.02389],[12.44522,45.01466],[12.44657,45.00078],[12.4574,44.99943],[12.45785,45.00311],[12.44938,45.00553],[12.45349,45.00895],[12.46466,45.00772],[12.48534,44.99645],[12.51466,44.99105],[12.53739,44.98217],[12.54246,44.96746],[12.55478,44.96567],[12.52299,44.93812],[12.51667,44.9375]],[[12.44028,45.0],[12.4413,45.00693],[12.4367,45.00899],[12.42851,45.00085],[12.44028,45.0]],[[12.36667,45.025],[12.37254,45.01702],[12.38125,45.01251],[12.39548,45.02255],[12.39583,45.0375],[12.3885,45.04193],[12.38689,45.03279],[12.39159,45.02646],[12.38696,45.0244],[12.37863,45.02977],[12.36667,45.025]],[[12.375,45.05],[12.37443,45.05638],[12.36896,45.06294],[12.36332,45.06168],[12.36193,45.05538],[12.375,45.05]],[[12.375,45.05],[12.38205,45.04102],[12.38398,45.04908],[12.375,45.05]]]},"properties":{"hybas_id":"2060012990","pfaf_id":"214050","sub_area":"167.5","up_area":"167.5","next_down":"0","main_bas":"2060012990","kind":"basin","source":"local-hydrobasins"}},{"type":"Feature","geometry":{"type":"Polygon","coordinates":[[[10.59583,46.12083],[10.59233,46.12173],[10.5911,46.13554],[10.5875,46.14167],[10.59137,46.14266],[10.59082,46.14512],[10.58112,46.1464],[10.56888,46.1536],[10.55759,46.15473],[10.54668,46.14915],[10.54583,46.14583],[10.53992,46.14965],[10.51341,46.15062],[10.5125,46.15417],[10.51667,46.15417],[10.51723,46.17304],[10.52168,46.18248],[10.53554,46.18807],[10.56029,46.21193],[10.56627,46.21347],[10.57197,46.22526],[10.57917,46.22083],[10.60242,46.22119],[10.60662,46.22535],[10.63992,46.22465],[10.64828,46.21631],[10.66076,46.21702],[10.66752,46.22415],[10.68665,46.23418],[10.6875,46.2375],[10.71883,46.23812],[10.72453,46.24228],[10.73542,46.23806],[10.75201,46.24938],[10.77299,46.25062],[10.78703,46.25895],[10.79367,46.25478],[10.82829,46.25351],[10.84105,46.23966],[10.84664,46.22157],[10.86458,46.21723],[10.86867,46.22022],[10.89383,46.22145],[10.9,46.225],[10.9036,46.21471],[10.90478,46.18841],[10.91577,46.18816],[10.91758,46.19521],[10.92917,46.19583],[10.94522,46.18133],[10.94705,46.17493],[10.9537,46.17978],[10.96883,46.17855],[10.97292,46.17556],[10.97701,46.17855],[10.99383,46.17978],[10.99953,46.18395],[11.0117,46.18258],[11.01336,46.17116],[11.02863,46.16583],[11.03688,46.15633],[11.03688,46.14258],[11.01862,46.13693],[11.01347,46.13294],[11.01165,46.12585],[11.00125,46.12066],[10.99943,46.11592],[11.0089,46.09779],[11.01725,46.08842],[11.0285,46.08238],[11.02973,46.07009],[11.02027,46.04925],[11.02443,46.04388],[11.02557,46.01862],[11.03298,45.98924],[11.02535,45.98159],[11.02464,45.97671],[11.00833,45.9625],[11.00833,45.95833],[11.00502,45.95748],[10.9996,45.9468],[10.98013,45.9371],[10.9746,45.92597],[10.96752,45.92415],[10.96667,45.92083],[10.95833,45.92083],[10.95325,45.90892],[10.94388,45.90057],[10.93138,45.89223],[10.91764,45.89101],[10.9089,45.88138],[10.90057,45.86471],[10.89939,45.83425],[10.89583,45.83333],[10.89167,45.80833],[10.88508,45.80798],[10.87952,45.80246],[10.87465,45.78508],[10.86702,45.77742],[10.86631,45.75591],[10.86215,45.74758],[10.85035,45.73576],[10.83715,45.71008],[10.81702,45.68992],[10.81667,45.68333],[10.8125,45.68333],[10.81191,45.65937],[10.79804,45.6464],[10.76029,45.64527],[10.74649,45.6366],[10.74583,45.62917],[10.7547,45.62185],[10.75326,45.61744],[10.74678,45.61591],[10.74114,45.60935],[10.7422,45.59359],[10.74947,45.58558],[10.75035,45.56008],[10.7625,45.54583],[10.77745,45.54548],[10.78298,45.53992],[10.78369,45.53508],[10.79131,45.52742],[10.79167,45.52083],[10.77996,45.52014],[10.77855,45.5097],[10.80332,45.49498],[10.81366,45.47095],[10.82036,45.46605],[10.83286,45.47145],[10.84919,45.47012],[10.85077,45.4593],[10.86867,45.45062],[10.89583,45.45],[10.91008,45.44202],[10.92409,45.44104],[10.93002,45.42585],[10.93333,45.425],[10.93455,45.42973],[10.93971,45.4286],[10.95332,45.41998],[10.95502,45.41335],[10.96492,45.41215],[10.97258,45.40452],[10.9875,45.40417],[10.98812,45.39267],[10.99904,45.38277],[11.00759,45.38807],[11.03248,45.37832],[11.03847,45.3629],[11.04942,45.35741],[11.05777,45.34804],[11.0632,45.32592],[11.09779,45.3089],[11.11667,45.30833],[11.1214,45.29362],[11.1286,45.28554],[11.12987,45.27593],[11.13946,45.26723],[11.14792,45.26297],[11.15342,45.26723],[11.18138,45.2661],[11.18529,45.26307],[11.1991,45.26184],[11.20085,45.25502],[11.21446,45.2464],[11.22411,45.24512],[11.22591,45.23812],[11.24899,45.23688],[11.26193,45.21888],[11.26723,45.19362],[11.2843,45.1629],[11.31029,45.14223],[11.31995,45.14096],[11.32083,45.1375],[11.32708,45.14165],[11.33924,45.13369],[11.34829,45.13298],[11.35798,45.12326],[11.3589,45.11446],[11.36788,45.09527],[11.37709,45.09954],[11.38529,45.09223],[11.40638,45.0911],[11.41573,45.08277],[11.42292,45.08703],[11.43554,45.08277],[11.44915,45.07415],[11.45097,45.06706],[11.45759,45.06193],[11.47279,45.0661],[11.52304,45.0661],[11.54388,45.05777],[11.55612,45.0464],[11.57279,45.03807],[11.58245,45.03679],[11.58455,45.0286],[11.60221,45.02973],[11.60759,45.0339],[11.61862,45.02973],[11.66888,45.0286],[11.67279,45.02557],[11.68971,45.02443],[11.69906,45.0161],[11.72409,45.01728],[11.73009,45.03275],[11.73946,45.0411],[11.77917,45.04167],[11.77994,45.04923],[11.7948,45.05074],[11.79728,45.05898],[11.8062,45.05481],[11.82299,45.05355],[11.8287,45.04938],[11.87716,45.05062],[11.88117,45.05355],[11.91049,45.05478],[11.9201,45.06312],[11.93125,45.05889],[11.93703,45.06312],[11.94093,45.06128],[11.94262,45.04973],[11.95324,45.05509],[11.95516,45.06181],[11.98549,45.06728],[12.00786,45.07978],[12.02716,45.07855],[12.03125,45.07556],[12.03703,45.07978],[12.05335,45.07845],[12.05978,45.06602],[12.07297,45.06731],[12.0812,45.07436],[12.10214,45.07564],[12.11453,45.08269],[12.1438,45.08398],[12.14968,45.08814],[12.15345,45.08617],[12.15494,45.0716],[12.17721,45.07027],[12.18529,45.06307],[12.19804,45.06193],[12.21592,45.0536],[12.23649,45.0714],[12.24915,45.06582],[12.24965,45.06008],[12.24548,45.05588],[12.25035,45.02255],[12.25591,45.01702],[12.28333,45.0125],[12.28816,44.99788],[12.30351,44.98129],[12.30503,44.96184],[12.3281,44.96321],[12.33015,44.96985],[12.33759,44.97215],[12.34316,44.98399],[12.35212,44.98268],[12.36642,44.97434],[12.39476,44.9757],[12.39682,44.98235],[12.40809,44.98816],[12.42712,44.98684],[12.43309,44.98268],[12.4531,44.98406],[12.45566,44.99232],[12.52149,44.97809],[12.51667,44.95833],[12.48946,44.9536],[12.48399,44.94904],[12.48277,44.93529],[12.47819,44.92981],[12.46175,44.9286],[12.44804,44.93693],[12.43112,44.93807],[12.42205,44.94223],[12.41998,44.93418],[12.40638,44.92557],[12.36592,44.92973],[12.3574,44.92443],[12.32721,44.94527],[12.29167,44.94583],[12.28138,44.94943],[12.26029,44.95057],[12.25221,44.95777],[12.22279,44.96307],[12.21054,44.97027],[12.20089,44.97154],[12.19909,44.97856],[12.16862,44.97973],[12.16054,44.98693],[12.15417,44.9875],[12.15272,44.98269],[12.1437,44.98398],[12.12116,44.99231],[12.11613,44.98968],[12.11146,44.97987],[12.08854,44.97846],[12.08645,44.97153],[12.04244,44.9659],[12.03686,44.93537],[12.03335,44.93042],[12.03841,44.92562],[12.05,44.925],[12.03658,44.90475],[12.02709,44.8963],[12.01706,44.90097],[12.01136,44.91276],[11.99804,44.90473],[11.9875,44.90417],[11.98661,44.90762],[11.97589,44.90904],[11.97415,44.91582],[11.95638,44.92443],[11.93529,44.92557],[11.92917,44.93333],[11.86175,44.93807],[11.85638,44.9339],[11.82279,44.93277],[11.81335,44.92832],[11.81159,44.92144],[11.78423,44.92017],[11.78333,44.91667],[11.77917,44.91667],[11.77881,44.91008],[11.76285,44.89409],[11.7625,44.8875],[11.73924,44.88715],[11.73542,44.88335],[11.73159,44.88715],[11.71912,44.88785],[11.71492,44.88369],[11.69341,44.87881],[11.68576,44.87119],[11.67674,44.87048],[11.66492,44.86285],[11.65174,44.86215],[11.63159,44.84619],[11.62083,44.84167],[11.61008,44.84202],[11.58576,44.86215],[11.58091,44.86285],[11.575,44.87083],[11.56841,44.87119],[11.55242,44.88298],[11.54341,44.88369],[11.52326,44.89965],[11.49828,44.90035],[11.48992,44.89202],[11.47745,44.88715],[11.47326,44.89131],[11.46008,44.89202],[11.45417,44.89583],[11.45381,44.88508],[11.45001,44.88125],[11.45381,44.87742],[11.45417,44.86667],[11.4839,44.85712],[11.47917,44.83333],[11.46335,44.82832],[11.46165,44.82168],[11.45502,44.81998],[11.45417,44.81667],[11.44367,44.81605],[11.43549,44.80895],[11.41875,44.80473],[11.41458,44.80777],[11.41042,44.80473],[11.40533,44.80845],[11.40319,44.81593],[11.3912,44.81728],[11.38542,44.81306],[11.38133,44.81605],[11.35498,44.81734],[11.35337,44.82842],[11.34093,44.82978],[11.32917,44.82083],[11.32464,44.80171],[11.30659,44.78369],[11.29826,44.77952],[11.28505,44.77881],[11.27119,44.76492],[11.26631,44.75171],[11.25659,44.74202],[11.24755,44.74131],[11.24202,44.73576],[11.24131,44.72674],[11.22952,44.71076],[11.22006,44.67181],[11.21232,44.66959],[11.22145,44.65907],[11.22015,44.6385],[11.21261,44.63634],[11.20753,44.62157],[11.19265,44.62012],[11.19074,44.61343],[11.18013,44.60794],[11.17826,44.60062],[11.16667,44.6],[11.16574,44.59676],[11.1253,44.57806],[11.10735,44.55072],[11.09367,44.54938],[11.07176,44.54074],[11.06312,44.52716],[11.06171,44.51746],[11.05097,44.5159],[11.04965,44.46841],[11.03715,44.45588],[11.04165,44.44792],[11.03785,44.44409],[11.0375,44.4375],[11.00591,44.43715],[10.97742,44.42535],[10.96424,44.42465],[10.95869,44.41912],[10.95833,44.4],[10.97036,44.37292],[10.9661,44.36741],[10.96792,44.36268],[10.98112,44.35473],[10.99078,44.35346],[10.99259,44.34642],[11.00323,44.33693],[11.01592,44.34223],[11.02103,44.34028],[11.00777,44.32599],[11.01667,44.30417],[11.01312,44.29799],[11.01179,44.27997],[11.00201,44.27855],[10.97593,44.26574],[10.97384,44.25845],[10.96883,44.25478],[10.94583,44.24583],[10.94522,44.23435],[10.92721,44.21723],[10.91054,44.2089],[10.89673,44.20767],[10.89498,44.20085],[10.88835,44.19915],[10.8866,44.19231],[10.85777,44.1676],[10.86307,44.15491],[10.86149,44.15081],[10.85612,44.14943],[10.84388,44.13807],[10.83422,44.13679],[10.82973,44.12721],[10.82917,44.11667],[10.81424,44.11702],[10.78992,44.12881],[10.78091,44.12952],[10.75659,44.15381],[10.74826,44.15798],[10.70833,44.15833],[10.67696,44.15777],[10.66733,44.15327],[10.6661,44.13946],[10.6621,44.1343],[10.64362,44.1286],[10.63816,44.12404],[10.6375,44.11667],[10.63091,44.11702],[10.62292,44.12499],[10.60659,44.11702],[10.59167,44.11667],[10.59082,44.11998],[10.58013,44.1254],[10.5746,44.13653],[10.55612,44.14223],[10.54804,44.14943],[10.53946,44.15057],[10.53138,44.15777],[10.525,44.15833],[10.52048,44.16838],[10.52499,44.17292],[10.5125,44.1875],[10.50591,44.18785],[10.4875,44.2],[10.48665,44.21998],[10.46888,44.2286],[10.44925,44.22973],[10.44092,44.22443],[10.41888,44.23693],[10.4125,44.2375],[10.40833,44.25],[10.4009,44.25066],[10.39911,44.25762],[10.38946,44.2589],[10.37304,44.27027],[10.35759,44.27557],[10.34509,44.27027],[10.33971,44.27443],[10.32279,44.27557],[10.29925,44.28807],[10.28554,44.27973],[10.27696,44.2786],[10.26888,44.2714],[10.25417,44.26667],[10.25351,44.2741],[10.2375,44.28333],[10.23248,44.29498],[10.20918,44.30502],[10.19903,44.32018],[10.18835,44.32168],[10.1875,44.325],[10.19583,44.32917],[10.19672,44.33262],[10.20638,44.3339],[10.2241,44.35068],[10.22585,44.35748],[10.24903,44.36706],[10.25509,44.37846],[10.26578,44.37988],[10.26667,44.38333],[10.27329,44.37881],[10.28992,44.37952],[10.29758,44.38715],[10.3125,44.3875],[10.33529,44.40777],[10.34388,44.4089],[10.35196,44.4161],[10.37877,44.42597],[10.38447,44.43776],[10.38946,44.4339],[10.40638,44.43277],[10.41573,44.42443],[10.4241,44.42573],[10.43277,44.43529],[10.43404,44.44491],[10.43946,44.44943],[10.44779,44.4536],[10.45833,44.45417],[10.46321,44.46999],[10.46567,44.47054],[10.46667,44.46667],[10.47721,44.46723],[10.48679,44.47172],[10.48821,44.48245],[10.49498,44.48418],[10.49668,44.49082],[10.52429,44.49255],[10.52557,44.50221],[10.53425,44.51608],[10.54362,44.52443],[10.55221,44.52557],[10.56029,44.53277],[10.57557,44.53871],[10.57027,44.54925],[10.5714,44.55638],[10.58529,44.57443],[10.6,44.57917],[10.60759,44.57443],[10.63242,44.57562],[10.6343,44.58294],[10.64498,44.58835],[10.6468,44.59544],[10.66054,44.60057],[10.6875,44.625],[10.68816,44.63243],[10.69548,44.63924],[10.69583,44.64583],[10.6914,44.64697],[10.7,44.6625],[10.7,44.67083],[10.69131,44.67745],[10.69202,44.68579],[10.7,44.69167],[10.69943,44.71888],[10.6964,44.72279],[10.69527,44.73971],[10.68807,44.75196],[10.68693,44.76054],[10.6786,44.77158],[10.68277,44.77696],[10.6839,44.81054],[10.68807,44.81741],[10.68294,44.82403],[10.67585,44.82585],[10.6625,44.85],[10.66285,44.85659],[10.66665,44.86042],[10.66285,44.86424],[10.66215,44.88921],[10.67119,44.90588],[10.66702,44.91008],[10.66667,44.91667],[10.67404,44.91732],[10.68008,44.92855],[10.70638,44.92973],[10.71175,44.9339],[10.72304,44.93277],[10.7324,44.92443],[10.74167,44.92917],[10.73785,44.93508],[10.73715,44.95172],[10.75381,44.96841],[10.75452,44.98088],[10.75035,44.98508],[10.75,44.99167],[10.74247,44.9924],[10.74105,45.00216],[10.72856,45.01584],[10.71764,45.01744],[10.71567,45.02431],[10.69784,45.02562],[10.68449,45.03345],[10.68235,45.04095],[10.6625,45.04583],[10.66215,45.05242],[10.65452,45.06008],[10.65381,45.06492],[10.64167,45.075],[10.64167,45.10417],[10.64509,45.10505],[10.6464,45.11325],[10.63277,45.12575],[10.63835,45.13665],[10.64903,45.14206],[10.64965,45.14826],[10.64548,45.15588],[10.64999,45.16042],[10.64619,45.16424],[10.64548,45.17326],[10.63369,45.18924],[10.63298,45.19826],[10.60452,45.22255],[10.60381,45.23088],[10.61665,45.25208],[10.61285,45.25591],[10.61215,45.27742],[10.60835,45.28125],[10.61215,45.28508],[10.61285,45.30171],[10.60869,45.30591],[10.60381,45.34755],[10.60833,45.35417],[10.62409,45.35477],[10.625,45.35833],[10.61909,45.36215],[10.57083,45.3625],[10.57017,45.36993],[10.53529,45.37973],[10.525,45.3875],[10.52072,45.39884],[10.50633,45.40772],[10.49663,45.40913],[10.49522,45.41883],[10.48805,45.42708],[10.49522,45.43534],[10.5,45.45],[10.49108,45.46158],[10.48394,45.46341],[10.48277,45.49804],[10.47964,45.50208],[10.4839,45.51325],[10.4786,45.52158],[10.4875,45.5375],[10.48715,45.54409],[10.47917,45.55],[10.47917,45.56667],[10.48294,45.56763],[10.49537,45.58541],[10.48693,45.59925],[10.48817,45.61155],[10.50794,45.6218],[10.51335,45.63248],[10.53273,45.64258],[10.53394,45.67398],[10.54362,45.68277],[10.55417,45.68333],[10.55381,45.69826],[10.54829,45.70381],[10.53924,45.70452],[10.52952,45.71841],[10.52981,45.7313],[10.53686,45.73953],[10.5382,45.76146],[10.54786,45.76602],[10.56173,45.76744],[10.56314,45.7813],[10.56689,45.78658],[10.57714,45.78814],[10.58207,45.79164],[10.58435,45.7992],[10.59482,45.8008],[10.59583,45.80417],[10.62721,45.80473],[10.6322,45.8086],[10.63333,45.80417],[10.65,45.80417],[10.65035,45.81492],[10.65798,45.82674],[10.65772,45.83966],[10.64228,45.85617],[10.64087,45.86591],[10.6287,45.86728],[10.61838,45.86188],[10.61605,45.86747],[10.62861,45.88124],[10.62438,45.8903],[10.63133,45.89228],[10.65617,45.91605],[10.66593,45.92163],[10.66667,45.92917],[10.67258,45.93298],[10.68992,45.93369],[10.69826,45.93785],[10.70798,45.95174],[10.69943,45.98138],[10.69076,45.99521],[10.66862,45.9964],[10.64792,46.00786],[10.64092,46.0036],[10.63554,46.00777],[10.62425,46.0089],[10.61888,46.00473],[10.59362,45.99943],[10.58864,45.99557],[10.58693,46.00221],[10.57557,46.01446],[10.5714,46.02279],[10.57027,46.05075],[10.58715,46.07258],[10.59202,46.09826],[10.59548,46.10174],[10.59583,46.12083]]]},"properties":{"hybas_id":"2060013010","pfaf_id":"214061","sub_area":"10270.6","up_area":"73289.6","next_down":"0","main_bas":"2060013010","kind":"basin","source":"local-hydrobasins"}},{"type":"Feature","geometry":{"type":"Polygon","coordinates":[[[10.52917,45.72917],[10.52952,45.71841],[10.53369,45.71004],[10.55381,45.69826],[10.55417,45.68333],[10.54362,45.68277],[10.53394,45.67398],[10.53273,45.64258],[10.51335,45.63248],[10.50794,45.6218],[10.48817,45.61155],[10.48693,45.59925],[10.49537,45.58541],[10.48294,45.56763],[10.47917,45.56667],[10.47917,45.55],[10.48715,45.54409],[10.4875,45.5375],[10.4786,45.52158],[10.4839,45.51325],[10.47964,45.50208],[10.48277,45.49804],[10.48394,45.46341],[10.49108,45.46158],[10.5,45.45],[10.49522,45.43534],[10.48805,45.42708],[10.49522,45.41883],[10.49663,45.40913],[10.50633,45.40772],[10.52072,45.39884],[10.525,45.3875],[10.53529,45.37973],[10.57017,45.36993],[10.57083,45.3625],[10.61909,45.36215],[10.625,45.35833],[10.62409,45.35477],[10.60833,45.35417],[10.60381,45.34755],[10.60869,45.30591],[10.61285,45.30171],[10.61215,45.28508],[10.60835,45.28125],[10.61215,45.27742],[10.61285,45.25591],[10.61665,45.25208],[10.60381,45.23088],[10.60452,45.22255],[10.63298,45.19826],[10.63369,45.18924],[10.64548,45.17326],[10.64619,45.16424],[10.64999,45.16042],[10.64548,45.15588],[10.64965,45.14826],[10.64903,45.14206],[10.63835,45.13665],[10.63277,45.12575],[10.6464,45.11325],[10.64509,45.10505],[10.64167,45.10417],[10.64167,45.075],[10.65381,45.06492],[10.6625,45.05],[10.65777,45.02279],[10.65377,45.01763],[10.64557,45.01553],[10.64943,45.01054],[10.65057,45.00121],[10.63124,44.99213],[10.62304,44.99943],[10.58112,44.99943],[10.57597,44.99544],[10.57012,44.97589],[10.56335,44.97415],[10.55748,44.95918],[10.55417,44.95833],[10.53117,44.95895],[10.5133,44.96324],[10.51155,44.97527],[10.50625,44.97139],[10.4972,44.97562],[10.49486,44.96742],[10.4847,44.96605],[10.47465,44.98992],[10.46912,44.99548],[10.45591,44.99619],[10.45036,45.00171],[10.44965,45.00659],[10.43785,45.01841],[10.43298,45.03159],[10.42745,45.03714],[10.41912,45.03785],[10.4125,45.03333],[10.39758,45.03369],[10.38992,45.04131],[10.38162,45.04202],[10.37742,45.03785],[10.36495,45.03715],[10.35245,45.04619],[10.34826,45.04202],[10.33508,45.04131],[10.32745,45.03715],[10.31492,45.04548],[10.30591,45.04619],[10.30242,45.04965],[10.28508,45.05035],[10.28159,45.05381],[10.24758,45.05452],[10.24167,45.05833],[10.23259,45.0536],[10.22721,45.05777],[10.20612,45.0589],[10.18554,45.07027],[10.17279,45.0714],[10.15638,45.08277],[10.13529,45.0839],[10.12154,45.09677],[10.12012,45.10745],[10.11324,45.10921],[10.11193,45.11741],[10.12036,45.13125],[10.11576,45.14104],[10.10417,45.14167],[10.10348,45.15336],[10.09367,45.15478],[10.08549,45.16188],[10.07701,45.16312],[10.05633,45.17855],[10.04243,45.1843],[10.03657,45.20324],[10.03009,45.20509],[10.02438,45.2162],[10.02581,45.22404],[10.02917,45.225],[10.02854,45.23659],[10.00221,45.24943],[9.98112,45.25057],[9.97614,45.25443],[9.975,45.25],[9.96757,45.25066],[9.96667,45.25417],[9.96029,45.25473],[9.95221,45.26193],[9.93946,45.26307],[9.93002,45.26752],[9.90745,45.30346],[9.89388,45.30777],[9.86424,45.30869],[9.85833,45.3125],[9.85777,45.31888],[9.8496,45.33237],[9.84362,45.3339],[9.83138,45.34527],[9.82172,45.34654],[9.8161,45.35908],[9.8214,45.36741],[9.81723,45.37279],[9.81604,45.39492],[9.8,45.4],[9.80381,45.40591],[9.80452,45.43505],[9.80035,45.43924],[9.79965,45.46005],[9.80798,45.47258],[9.80869,45.49826],[9.81631,45.51008],[9.8161,45.52304],[9.81165,45.53248],[9.80502,45.53418],[9.79943,45.54804],[9.79213,45.55624],[9.79527,45.56029],[9.7964,45.59388],[9.79943,45.59779],[9.80059,45.64908],[9.80798,45.65591],[9.80869,45.66909],[9.81285,45.67742],[9.83298,45.69758],[9.83369,45.70172],[9.82535,45.71008],[9.82465,45.72255],[9.83333,45.73333],[9.84657,45.72855],[9.85617,45.73688],[9.87299,45.73812],[9.87913,45.74303],[9.87099,45.76097],[9.87161,45.76593],[9.89926,45.77164],[9.9,45.77917],[9.90638,45.77973],[9.91987,45.7879],[9.9214,45.79388],[9.9301,45.80346],[9.93971,45.80473],[9.95196,45.81193],[9.97409,45.81312],[9.97973,45.82585],[9.97404,45.83268],[9.95923,45.83399],[9.94938,45.85786],[9.96605,45.88534],[9.96735,45.90752],[9.97716,45.90895],[9.98951,45.92022],[10.01049,45.92562],[10.03534,45.94938],[10.05417,45.95417],[10.05381,45.96076],[10.04412,45.97048],[10.03508,45.97119],[10.01667,45.98333],[10.02589,46.01179],[10.04804,46.01723],[10.06582,46.02585],[10.06752,46.03248],[10.07415,46.03418],[10.07988,46.05328],[10.08946,46.05777],[10.09409,46.05798],[10.10625,46.05001],[10.12328,46.06285],[10.13576,46.06215],[10.15245,46.05381],[10.16008,46.05798],[10.17083,46.05833],[10.17536,46.07329],[10.18333,46.07917],[10.18333,46.08333],[10.18002,46.08418],[10.17443,46.10221],[10.16723,46.11029],[10.1661,46.11741],[10.1714,46.12599],[10.1589,46.13946],[10.1536,46.16545],[10.17696,46.1786],[10.20221,46.1839],[10.20833,46.19167],[10.21891,46.19114],[10.22406,46.18697],[10.2284,46.18841],[10.22993,46.19489],[10.23525,46.19947],[10.24359,46.20364],[10.25641,46.2047],[10.27917,46.2125],[10.28808,46.22408],[10.29517,46.2259],[10.2964,46.23971],[10.3161,46.26446],[10.31763,46.27877],[10.32279,46.28277],[10.33112,46.28693],[10.37304,46.29223],[10.38248,46.29668],[10.38418,46.30332],[10.39127,46.30513],[10.39527,46.31029],[10.40089,46.32429],[10.41054,46.32557],[10.41862,46.33277],[10.43333,46.33333],[10.43423,46.33684],[10.44167,46.3375],[10.44758,46.34548],[10.46841,46.35381],[10.47721,46.3536],[10.50196,46.33807],[10.51545,46.33693],[10.51667,46.34167],[10.52326,46.34131],[10.55174,46.32952],[10.56079,46.32881],[10.57881,46.30242],[10.57864,46.29775],[10.56614,46.28446],[10.56756,46.27994],[10.57405,46.27841],[10.57864,46.27308],[10.58386,46.24359],[10.58711,46.23957],[10.5797,46.23141],[10.57917,46.22083],[10.57197,46.22526],[10.56627,46.21347],[10.56029,46.21193],[10.53554,46.18807],[10.52168,46.18248],[10.51723,46.17304],[10.51667,46.15417],[10.5125,46.15417],[10.51341,46.15062],[10.53992,46.14965],[10.54583,46.14583],[10.54668,46.14915],[10.55759,46.15473],[10.56888,46.1536],[10.58112,46.1464],[10.59082,46.14512],[10.59137,46.14266],[10.5875,46.14167],[10.5911,46.13554],[10.59233,46.12173],[10.59583,46.12083],[10.59548,46.10174],[10.59202,46.09826],[10.58715,46.07258],[10.57027,46.05075],[10.5714,46.02279],[10.58693,46.00221],[10.58864,45.99557],[10.59362,45.99943],[10.61888,46.00473],[10.62425,46.0089],[10.63554,46.00777],[10.64092,46.0036],[10.64792,46.00786],[10.66862,45.9964],[10.69076,45.99521],[10.69943,45.98138],[10.70833,45.95417],[10.70381,45.94338],[10.68992,45.93369],[10.67258,45.93298],[10.66667,45.92917],[10.66593,45.92163],[10.65617,45.91605],[10.63133,45.89228],[10.62438,45.8903],[10.62861,45.88124],[10.61605,45.86747],[10.61838,45.86188],[10.6287,45.86728],[10.64087,45.86591],[10.64228,45.85617],[10.65772,45.83966],[10.65798,45.82674],[10.65035,45.81492],[10.65,45.80417],[10.63333,45.80417],[10.6322,45.8086],[10.62721,45.80473],[10.59583,45.80417],[10.59482,45.8008],[10.58435,45.7992],[10.58207,45.79164],[10.56689,45.78658],[10.56314,45.7813],[10.56173,45.76744],[10.54786,45.76602],[10.5382,45.76146],[10.53686,45.73953],[10.52917,45.72917]]]},"properties":{"hybas_id":"2060551020","pfaf_id":"214062","sub_area":"6597.6","up_area":"6598.0","next_down":"2060013010","main_bas":"2060013010","kind":"basin","source":"local-hydrobasins"}},{"type":"Feature","geometry":{"type":"Polygon","coordinates":[[[10.55417,44.95833],[10.55748,44.95918],[10.56335,44.97415],[10.57012,44.97589],[10.57597,44.99544],[10.58112,44.99943],[10.62304,44.99943],[10.63124,44.99213],[10.65057,45.00121],[10.64943,45.01054],[10.64557,45.01553],[10.65377,45.01763],[10.65777,45.02279],[10.65897,45.04076],[10.6625,45.04167],[10.6625,45.04583],[10.68235,45.04095],[10.68449,45.03345],[10.69784,45.02562],[10.71567,45.02431],[10.71764,45.01744],[10.72856,45.01584],[10.74105,45.00216],[10.74247,44.9924],[10.75,44.99167],[10.75035,44.98508],[10.75452,44.98088],[10.75381,44.96841],[10.73715,44.95172],[10.73785,44.93508],[10.74167,44.92917],[10.7324,44.92443],[10.72304,44.93277],[10.71175,44.9339],[10.70638,44.92973],[10.68008,44.92855],[10.67404,44.91732],[10.66667,44.91667],[10.66702,44.91008],[10.67119,44.90588],[10.66215,44.88921],[10.66285,44.86424],[10.66665,44.86042],[10.66285,44.85659],[10.66307,44.84779],[10.67585,44.82585],[10.68294,44.82403],[10.68807,44.81741],[10.6839,44.81054],[10.68277,44.77696],[10.6786,44.77158],[10.68693,44.76054],[10.68807,44.75196],[10.69527,44.73971],[10.6964,44.72279],[10.69943,44.71888],[10.7,44.69167],[10.69202,44.68579],[10.69131,44.67745],[10.7,44.67083],[10.69943,44.66029],[10.6914,44.64697],[10.69583,44.64583],[10.69548,44.63924],[10.68816,44.63243],[10.6875,44.625],[10.66054,44.60057],[10.6468,44.59544],[10.64498,44.58835],[10.6343,44.58294],[10.63242,44.57562],[10.60759,44.57443],[10.6,44.57917],[10.58013,44.57044],[10.57027,44.54925],[10.57557,44.53871],[10.56029,44.53277],[10.55221,44.52557],[10.54362,44.52443],[10.53425,44.51608],[10.52557,44.50221],[10.52429,44.49255],[10.49668,44.49082],[10.49498,44.48418],[10.48821,44.48245],[10.48679,44.47172],[10.47721,44.46723],[10.46667,44.46667],[10.46567,44.47054],[10.46321,44.46999],[10.45833,44.45417],[10.44779,44.4536],[10.43946,44.44943],[10.43404,44.44491],[10.43277,44.43529],[10.4241,44.42573],[10.41573,44.42443],[10.40638,44.43277],[10.38946,44.4339],[10.38447,44.43776],[10.37877,44.42597],[10.35196,44.4161],[10.34388,44.4089],[10.33529,44.40777],[10.3125,44.3875],[10.29758,44.38715],[10.28992,44.37952],[10.27329,44.37881],[10.26667,44.38333],[10.26578,44.37988],[10.25509,44.37846],[10.24903,44.36706],[10.22585,44.35748],[10.2241,44.35068],[10.20638,44.3339],[10.19672,44.33262],[10.19583,44.32917],[10.1875,44.325],[10.17168,44.33002],[10.16998,44.33665],[10.15318,44.34223],[10.13867,44.32877],[10.12826,44.35352],[10.11175,44.35473],[10.09925,44.34943],[10.09167,44.35833],[10.07917,44.35833],[10.06054,44.37443],[10.04341,44.37535],[10.03576,44.38298],[10.02674,44.38369],[10.01492,44.39131],[10.00833,44.39167],[9.99167,44.40833],[10.00777,44.42696],[10.0089,44.43408],[10.0036,44.44388],[10.0,44.45],[9.99583,44.45],[9.99462,44.44527],[9.9754,44.45097],[9.9625,44.47083],[9.91841,44.47048],[9.91079,44.46631],[9.90659,44.47048],[9.88534,44.47022],[9.87036,44.46605],[9.86203,44.47145],[9.8537,44.46605],[9.84799,44.47022],[9.83286,44.47145],[9.82153,44.46567],[9.82013,44.44664],[9.79283,44.43739],[9.78241,44.41759],[9.75503,44.40384],[9.75355,44.39367],[9.74493,44.38399],[9.71424,44.38298],[9.70659,44.37535],[9.68924,44.37048],[9.68125,44.36251],[9.67119,44.37258],[9.66215,44.40242],[9.65245,44.41214],[9.64341,44.41285],[9.62326,44.42465],[9.61424,44.42535],[9.60242,44.43715],[9.59779,44.43693],[9.58138,44.42557],[9.53112,44.42027],[9.52721,44.41723],[9.51029,44.4161],[9.49375,44.4088],[9.48259,44.41307],[9.47168,44.40748],[9.47083,44.40417],[9.45417,44.40417],[9.44915,44.41582],[9.44241,44.41755],[9.4411,44.42575],[9.4464,44.43554],[9.4504,44.4407],[9.45762,44.44255],[9.46758,44.47854],[9.48971,44.47973],[9.49583,44.48333],[9.49619,44.50242],[9.50415,44.51458],[9.50035,44.51841],[9.49965,44.52671],[9.50415,44.53125],[9.49202,44.54758],[9.49167,44.55417],[9.50221,44.55473],[9.5157,44.5629],[9.51723,44.56888],[9.53844,44.59096],[9.54911,44.59238],[9.55931,44.60768],[9.57304,44.6089],[9.58248,44.61335],[9.58418,44.61998],[9.59804,44.62557],[9.60612,44.63277],[9.62828,44.63821],[9.62982,44.66169],[9.63966,44.66312],[9.65617,44.67855],[9.675,44.6875],[9.67465,44.69409],[9.65417,44.71667],[9.66076,44.71702],[9.66631,44.72254],[9.67083,44.7375],[9.69367,44.74522],[9.71049,44.74645],[9.73117,44.76188],[9.74884,44.76753],[9.75062,44.7713],[9.74639,44.77708],[9.76261,44.80301],[9.80201,44.81605],[9.82003,44.81737],[9.82145,44.82716],[9.83369,44.84058],[9.85747,44.8545],[9.85895,44.86466],[9.87855,44.88951],[9.87978,44.8963],[9.87139,44.91042],[9.87855,44.92701],[9.87978,44.95633],[9.88272,44.96034],[9.88392,45.01158],[9.89487,45.01706],[9.9,45.03333],[9.91991,45.04642],[9.9286,45.06029],[9.92973,45.0676],[9.91998,45.08248],[9.91335,45.08418],[9.89915,45.11998],[9.88554,45.1286],[9.875,45.12917],[9.87585,45.13248],[9.88248,45.13418],[9.88272,45.15216],[9.8742,45.16593],[9.86034,45.16728],[9.85483,45.17169],[9.8535,45.20335],[9.83866,45.20845],[9.83807,45.21888],[9.84223,45.22425],[9.83807,45.28138],[9.84258,45.29106],[9.85833,45.29167],[9.8578,45.30225],[9.85364,45.30739],[9.85508,45.31173],[9.86667,45.30833],[9.89388,45.30777],[9.90745,45.30346],[9.93002,45.26752],[9.93946,45.26307],[9.95221,45.26193],[9.96029,45.25473],[9.96667,45.25417],[9.96757,45.25066],[9.975,45.25],[9.97614,45.25443],[9.98112,45.25057],[10.00221,45.24943],[10.02854,45.23659],[10.02917,45.225],[10.02581,45.22404],[10.02438,45.2162],[10.03009,45.20509],[10.03657,45.20324],[10.04243,45.1843],[10.05633,45.17855],[10.07701,45.16312],[10.08549,45.16188],[10.09367,45.15478],[10.10348,45.15336],[10.10417,45.14167],[10.11576,45.14104],[10.12036,45.13125],[10.11193,45.11741],[10.11324,45.10921],[10.12012,45.10745],[10.12154,45.09677],[10.13529,45.0839],[10.15638,45.08277],[10.17279,45.0714],[10.18554,45.07027],[10.20612,45.0589],[10.22721,45.05777],[10.23259,45.0536],[10.24167,45.05833],[10.24758,45.05452],[10.28159,45.05381],[10.28508,45.05035],[10.30242,45.04965],[10.30591,45.04619],[10.31492,45.04548],[10.32745,45.03715],[10.33508,45.04131],[10.34826,45.04202],[10.35245,45.04619],[10.36495,45.03715],[10.37742,45.03785],[10.38162,45.04202],[10.38992,45.04131],[10.39758,45.03369],[10.4125,45.03333],[10.41912,45.03785],[10.42745,45.03714],[10.43298,45.03159],[10.43785,45.01841],[10.44965,45.00659],[10.45036,45.00171],[10.45591,44.99619],[10.46912,44.99548],[10.47465,44.98992],[10.4847,44.96605],[10.49486,44.96742],[10.4972,44.97562],[10.50625,44.97139],[10.51155,44.97527],[10.5133,44.96324],[10.53117,44.95895],[10.55417,44.95833]]]},"properties":{"hybas_id":"2060551110","pfaf_id":"214063","sub_area":"5666.2","up_area":"56422.1","next_down":"2060013010","main_bas":"2060013010","kind":"basin","source":"local-hydrobasins"}},{"type":"Feature","geometry":{"type":"Polygon","coordinates":[[[9.39167,45.75833],[9.39583,45.75833],[9.39619,45.73508],[9.40748,45.72415],[9.4093,45.71706],[9.41998,45.71165],[9.4214,45.70196],[9.42557,45.69658],[9.42443,45.66446],[9.40473,45.64388],[9.40351,45.63007],[9.38821,45.62411],[9.3839,45.61054],[9.38277,45.58946],[9.3786,45.58408],[9.38703,45.56875],[9.3838,45.56458],[9.38703,45.56042],[9.3786,45.54241],[9.38277,45.53554],[9.3839,45.51029],[9.39223,45.50094],[9.38693,45.48825],[9.38807,45.47279],[9.3912,45.46875],[9.38277,45.45075],[9.38401,45.4384],[9.39108,45.43658],[9.41193,45.41054],[9.41307,45.39362],[9.42443,45.37721],[9.42557,45.35196],[9.43277,45.34388],[9.4339,45.33529],[9.44527,45.32304],[9.44644,45.29258],[9.46041,45.2838],[9.46592,45.28807],[9.47721,45.28693],[9.51008,45.27119],[9.52404,45.27018],[9.53002,45.25918],[9.53665,45.25748],[9.53842,45.2506],[9.58138,45.24943],[9.58542,45.2463],[9.59779,45.2536],[9.60332,45.25332],[9.60502,45.24668],[9.61446,45.24223],[9.62721,45.2411],[9.64362,45.22557],[9.64942,45.22408],[9.65777,45.21471],[9.65833,45.20417],[9.67083,45.20417],[9.67173,45.20066],[9.68554,45.19943],[9.69779,45.19223],[9.72083,45.1875],[9.72585,45.17585],[9.73264,45.17411],[9.76029,45.14223],[9.80221,45.1411],[9.82284,45.12562],[9.84502,45.12431],[9.8466,45.11347],[9.85,45.1125],[9.85612,45.12027],[9.86578,45.12154],[9.86757,45.12851],[9.88554,45.1286],[9.89915,45.11998],[9.91335,45.08418],[9.91998,45.08248],[9.92973,45.0676],[9.9286,45.06029],[9.91991,45.04642],[9.9,45.03333],[9.89487,45.01706],[9.88392,45.01158],[9.88272,44.96034],[9.87978,44.95633],[9.87855,44.92701],[9.87139,44.91042],[9.87978,44.8963],[9.87438,44.88117],[9.85895,44.86466],[9.85747,44.8545],[9.83369,44.84058],[9.82145,44.82716],[9.82003,44.81737],[9.80201,44.81605],[9.76261,44.80301],[9.74639,44.77708],[9.75062,44.7713],[9.74884,44.76753],[9.73117,44.76188],[9.71049,44.74645],[9.69367,44.74522],[9.67083,44.7375],[9.66631,44.72254],[9.66076,44.71702],[9.65417,44.71667],[9.67465,44.69409],[9.675,44.6875],[9.65617,44.67855],[9.63966,44.66312],[9.62982,44.66169],[9.62828,44.63821],[9.60612,44.63277],[9.59804,44.62557],[9.58418,44.61998],[9.58248,44.61335],[9.57304,44.6089],[9.55931,44.60768],[9.54911,44.59238],[9.53844,44.59096],[9.51723,44.56888],[9.5157,44.5629],[9.50221,44.55473],[9.49167,44.55417],[9.49202,44.54758],[9.50415,44.53125],[9.49965,44.52671],[9.50035,44.51841],[9.50415,44.51458],[9.49619,44.50242],[9.49583,44.48333],[9.48971,44.47973],[9.46758,44.47854],[9.46667,44.475],[9.45174,44.47535],[9.43576,44.48298],[9.41424,44.48369],[9.41076,44.48715],[9.39775,44.48803],[9.39073,44.4922],[9.38558,44.48803],[9.36859,44.48697],[9.35641,44.4797],[9.34359,44.47864],[9.31732,44.4573],[9.31614,44.44906],[9.32132,44.44267],[9.31988,44.43806],[9.30417,44.4375],[9.3036,44.44388],[9.29223,44.45612],[9.29103,44.47409],[9.25899,44.48423],[9.25833,44.49167],[9.25196,44.4911],[9.24259,44.48275],[9.24079,44.47574],[9.23259,44.47443],[9.17842,44.50057],[9.16667,44.49583],[9.17027,44.50196],[9.17146,44.52409],[9.17955,44.52617],[9.16983,44.53688],[9.15833,44.5375],[9.15452,44.54341],[9.15381,44.55659],[9.15035,44.56008],[9.15,44.575],[9.16076,44.57535],[9.17258,44.58715],[9.20357,44.59258],[9.20417,44.6125],[9.20066,44.6134],[9.19527,44.64241],[9.20787,44.66041],[9.20057,44.67696],[9.20085,44.68665],[9.21462,44.68684],[9.22059,44.68268],[9.23121,44.68684],[9.25341,44.68824],[9.25907,44.72811],[9.27813,44.73415],[9.28015,44.74068],[9.29583,44.75],[9.28272,44.76297],[9.28843,44.77407],[9.30617,44.78272],[9.31593,44.78414],[9.31176,44.8117],[9.30201,44.81312],[9.28549,44.82855],[9.27453,44.82978],[9.26875,44.82556],[9.2167,44.85136],[9.22027,44.85625],[9.21667,44.8625],[9.22017,44.8634],[9.2214,44.87721],[9.23277,44.88946],[9.23369,44.89826],[9.23921,44.90381],[9.26076,44.90452],[9.26667,44.9104],[9.26285,44.91424],[9.2625,44.925],[9.27415,44.92585],[9.275,44.92917],[9.27443,44.95221],[9.27027,44.96888],[9.26295,44.97708],[9.27027,44.98529],[9.2786,45.01446],[9.27973,45.02158],[9.2713,45.04375],[9.27871,45.05626],[9.2589,45.07696],[9.25745,45.08262],[9.23529,45.08807],[9.22085,45.09733],[9.22881,45.11424],[9.22952,45.12255],[9.22119,45.13508],[9.22083,45.14167],[9.225,45.14167],[9.22083,45.15],[9.22708,45.1537],[9.2322,45.14974],[9.23422,45.15762],[9.24388,45.1589],[9.25833,45.17242],[9.25057,45.18112],[9.24943,45.19804],[9.24252,45.20502],[9.24082,45.21165],[9.21446,45.2214],[9.20638,45.2286],[9.18946,45.22973],[9.17708,45.23703],[9.17292,45.2338],[9.15221,45.24527],[9.14509,45.2464],[9.13508,45.24202],[9.12917,45.2479],[9.13749,45.26042],[9.12535,45.27674],[9.12048,45.29338],[9.13332,45.30625],[9.12881,45.31492],[9.11079,45.33714],[9.10204,45.33684],[9.09667,45.33309],[9.0951,45.35311],[9.08008,45.36287],[9.07851,45.37296],[9.05727,45.40343],[9.03829,45.40492],[9.03684,45.41879],[9.02982,45.42704],[9.02851,45.43546],[9.00507,45.45461],[8.99649,45.48538],[8.99518,45.50629],[8.9875,45.5125],[8.98715,45.51909],[8.98162,45.52464],[8.97168,45.52585],[8.97027,45.53138],[8.95769,45.54493],[8.95085,45.54668],[8.94108,45.56158],[8.92696,45.56723],[8.90417,45.5875],[8.90417,45.59167],[8.9089,45.59462],[8.90417,45.59583],[8.89829,45.60381],[8.88835,45.60502],[8.87973,45.62279],[8.8786,45.65221],[8.875,45.6625],[8.86757,45.66316],[8.86667,45.66667],[8.86723,45.68554],[8.8714,45.69462],[8.86312,45.69674],[8.86193,45.71888],[8.8464,45.73946],[8.84517,45.75327],[8.83821,45.75505],[8.83333,45.77083],[8.83684,45.77173],[8.83807,45.79388],[8.84537,45.80207],[8.8371,45.8157],[8.83112,45.81723],[8.82597,45.82123],[8.82415,45.82832],[8.81347,45.83373],[8.80833,45.85],[8.81631,45.86424],[8.81667,45.87083],[8.83159,45.87048],[8.83508,45.86702],[8.84167,45.86667],[8.84654,45.85092],[8.85332,45.84527],[8.86577,45.84651],[8.86763,45.85377],[8.88656,45.86723],[8.89886,45.86224],[8.90085,45.86998],[8.90762,45.87172],[8.90904,45.88241],[8.91667,45.8875],[8.91614,45.86025],[8.9078,45.84359],[8.89947,45.83442],[8.90131,45.82864],[8.91891,45.8297],[8.92406,45.83386],[8.94167,45.82917],[8.94131,45.81841],[8.93715,45.81421],[8.93785,45.80591],[8.94131,45.80242],[8.94167,45.7875],[8.95833,45.7875],[8.97083,45.78333],[8.98007,45.79936],[8.99804,45.80057],[9.0125,45.8125],[9.01316,45.81993],[9.03971,45.82027],[9.0532,45.8121],[9.05502,45.80502],[9.06276,45.80303],[9.0589,45.79804],[9.05777,45.77821],[9.06749,45.76748],[9.07379,45.7661],[9.07585,45.77415],[9.10927,45.78807],[9.12696,45.77557],[9.13835,45.77443],[9.14513,45.78009],[9.1464,45.78971],[9.16204,45.81459],[9.15057,45.82696],[9.15092,45.8369],[9.18138,45.83807],[9.19096,45.84676],[9.19238,45.85745],[9.2032,45.8629],[9.20922,45.87846],[9.21888,45.87973],[9.23946,45.89943],[9.24509,45.90088],[9.2464,45.90908],[9.23786,45.91912],[9.24341,45.92465],[9.25833,45.925],[9.27025,45.91991],[9.27973,45.90927],[9.27474,45.89697],[9.28138,45.89527],[9.29362,45.8839],[9.31157,45.87846],[9.32557,45.8635],[9.31998,45.84668],[9.30477,45.84075],[9.3036,45.80196],[9.30004,45.79736],[9.31029,45.78807],[9.31627,45.78653],[9.32172,45.77571],[9.35221,45.77027],[9.36156,45.76193],[9.37279,45.77027],[9.38333,45.77083],[9.3875,45.75833],[9.39167,45.75833]]]},"properties":{"hybas_id":"2060548920","pfaf_id":"214065","sub_area":"5611.5","up_area":"42914.1","next_down":"2060551110","main_bas":"2060013010","kind":"basin","source":"local-hydrobasins"}},{"type":"Feature","geometry":{"type":"Polygon","coordinates":[[[10.13333,46.43333],[10.14341,46.44548],[10.1563,46.44648],[10.16124,46.44998],[10.16353,46.45759],[10.19511,46.46328],[10.19648,46.48547],[10.21587,46.5005],[10.21731,46.51463],[10.22436,46.52287],[10.22564,46.53658],[10.20902,46.53828],[10.20833,46.55833],[10.22326,46.55798],[10.24338,46.54965],[10.26076,46.55869],[10.27258,46.57048],[10.28505,46.57119],[10.30171,46.55035],[10.32742,46.54965],[10.33091,46.54619],[10.34338,46.54548],[10.35,46.55417],[10.37304,46.5536],[10.39092,46.54527],[10.40221,46.5464],[10.41156,46.55473],[10.41471,46.5536],[10.4339,46.54462],[10.43277,46.53112],[10.4289,46.52614],[10.43946,46.5214],[10.45245,46.52048],[10.47083,46.5],[10.48159,46.49965],[10.48579,46.49548],[10.52742,46.49619],[10.53091,46.49965],[10.54409,46.49965],[10.57674,46.47119],[10.59826,46.47048],[10.6125,46.4625],[10.61285,46.45591],[10.62083,46.44583],[10.62027,46.42279],[10.6161,46.41741],[10.62526,46.40114],[10.61752,46.39915],[10.61576,46.39231],[10.59241,46.37443],[10.58112,46.37557],[10.57575,46.37973],[10.56446,46.3786],[10.53971,46.3589],[10.5259,46.35767],[10.525,46.35417],[10.51739,46.35339],[10.51545,46.33693],[10.50196,46.33807],[10.47721,46.3536],[10.46841,46.35381],[10.44758,46.34548],[10.44167,46.3375],[10.43423,46.33684],[10.43333,46.33333],[10.41862,46.33277],[10.41054,46.32557],[10.40089,46.32429],[10.39527,46.31029],[10.39127,46.30513],[10.38418,46.30332],[10.38248,46.29668],[10.35221,46.28807],[10.33112,46.28693],[10.31763,46.27877],[10.3161,46.26446],[10.2964,46.23971],[10.29517,46.2259],[10.28808,46.22408],[10.27917,46.2125],[10.25641,46.2047],[10.24359,46.20364],[10.23525,46.19947],[10.22993,46.19489],[10.2284,46.18841],[10.22406,46.18697],[10.21891,46.19114],[10.20833,46.19167],[10.20221,46.1839],[10.17696,46.1786],[10.1536,46.16545],[10.1589,46.13946],[10.1714,46.12599],[10.1661,46.11741],[10.16723,46.11029],[10.17443,46.10221],[10.18002,46.08418],[10.18333,46.08333],[10.18333,46.07917],[10.17536,46.07329],[10.17083,46.05833],[10.16008,46.05798],[10.15245,46.05381],[10.13576,46.06215],[10.12328,46.06285],[10.10625,46.05001],[10.09409,46.05798],[10.08946,46.05777],[10.07988,46.05328],[10.07415,46.03418],[10.06752,46.03248],[10.06582,46.02585],[10.04804,46.01723],[10.02589,46.01179],[10.01667,45.98333],[10.03508,45.97119],[10.04412,45.97048],[10.05381,45.96076],[10.05417,45.95417],[10.03534,45.94938],[10.01049,45.92562],[9.98951,45.92022],[9.97716,45.90895],[9.96735,45.90752],[9.96605,45.88534],[9.94938,45.85786],[9.95923,45.83399],[9.97404,45.83268],[9.97973,45.82585],[9.97409,45.81312],[9.95196,45.81193],[9.93971,45.80473],[9.9301,45.80346],[9.9214,45.79388],[9.91987,45.7879],[9.90638,45.77973],[9.9,45.77917],[9.89926,45.77164],[9.87161,45.76593],[9.87099,45.76097],[9.87913,45.74303],[9.87299,45.73812],[9.85617,45.73688],[9.84657,45.72855],[9.83333,45.73333],[9.82465,45.72255],[9.82535,45.71008],[9.83369,45.70172],[9.83298,45.69758],[9.81285,45.67742],[9.80869,45.66909],[9.80798,45.65591],[9.80059,45.64908],[9.79943,45.59779],[9.7964,45.59388],[9.79527,45.56029],[9.79213,45.55624],[9.79943,45.54804],[9.80502,45.53418],[9.81165,45.53248],[9.8161,45.52304],[9.81667,45.5125],[9.80869,45.49826],[9.80798,45.47258],[9.79965,45.46005],[9.80035,45.43924],[9.80452,45.43505],[9.80381,45.40591],[9.8,45.4],[9.81604,45.39492],[9.81723,45.37279],[9.8214,45.36741],[9.8161,45.35908],[9.82172,45.34654],[9.83138,45.34527],[9.84362,45.3339],[9.8496,45.33237],[9.85777,45.31888],[9.85833,45.3125],[9.85364,45.30739],[9.8578,45.30225],[9.85833,45.29167],[9.84258,45.29106],[9.83807,45.28138],[9.84223,45.22425],[9.8375,45.2125],[9.84367,45.20478],[9.8535,45.20335],[9.85483,45.17169],[9.86034,45.16728],[9.8742,45.16593],[9.88272,45.15216],[9.88248,45.13418],[9.87585,45.13248],[9.875,45.12917],[9.86757,45.12851],[9.86578,45.12154],[9.85612,45.12027],[9.85,45.1125],[9.8466,45.11347],[9.84502,45.12431],[9.82284,45.12562],[9.80221,45.1411],[9.76029,45.14223],[9.73264,45.17411],[9.72585,45.17585],[9.72083,45.1875],[9.69779,45.19223],[9.68554,45.19943],[9.67173,45.20066],[9.67083,45.20417],[9.65833,45.20417],[9.65777,45.21471],[9.64942,45.22408],[9.64362,45.22557],[9.62721,45.2411],[9.61446,45.24223],[9.60502,45.24668],[9.60332,45.25332],[9.59779,45.2536],[9.58542,45.2463],[9.58138,45.24943],[9.53842,45.2506],[9.53665,45.25748],[9.53002,45.25918],[9.52404,45.27018],[9.51008,45.27119],[9.47721,45.28693],[9.46592,45.28807],[9.46041,45.2838],[9.44644,45.29258],[9.44527,45.32304],[9.4339,45.33529],[9.43277,45.34388],[9.42557,45.35196],[9.42443,45.37721],[9.41307,45.39362],[9.41193,45.41054],[9.39108,45.43658],[9.38401,45.4384],[9.38277,45.45075],[9.3912,45.46875],[9.38807,45.47279],[9.38693,45.48825],[9.39223,45.50094],[9.3839,45.51029],[9.38277,45.53554],[9.3786,45.54241],[9.38703,45.56042],[9.3838,45.56458],[9.38703,45.56875],[9.3786,45.58408],[9.38277,45.58946],[9.3839,45.61054],[9.38821,45.62411],[9.40351,45.63007],[9.40473,45.64388],[9.42443,45.66446],[9.42557,45.69658],[9.4214,45.70196],[9.41998,45.71165],[9.4093,45.71706],[9.40748,45.72415],[9.39619,45.73508],[9.39583,45.75833],[9.3875,45.75833],[9.38333,45.77083],[9.37279,45.77027],[9.36156,45.76193],[9.35221,45.77027],[9.32172,45.77571],[9.31627,45.78653],[9.31029,45.78807],[9.30004,45.79736],[9.3036,45.80196],[9.30477,45.84075],[9.31998,45.84668],[9.32557,45.8635],[9.31157,45.87846],[9.29362,45.8839],[9.28138,45.89527],[9.27474,45.89697],[9.27973,45.90927],[9.27025,45.91991],[9.25833,45.925],[9.24341,45.92465],[9.2375,45.91667],[9.2464,45.90908],[9.24509,45.90088],[9.23946,45.89943],[9.21888,45.87973],[9.20922,45.87846],[9.2032,45.8629],[9.19238,45.85745],[9.19096,45.84676],[9.18138,45.83807],[9.15092,45.8369],[9.15057,45.82696],[9.16204,45.81459],[9.1464,45.78971],[9.14513,45.78009],[9.13835,45.77443],[9.12696,45.77557],[9.10927,45.78807],[9.07585,45.77415],[9.07379,45.7661],[9.06749,45.76748],[9.05777,45.77821],[9.0589,45.79804],[9.06276,45.80303],[9.05502,45.80502],[9.0532,45.8121],[9.03971,45.82027],[9.01316,45.81993],[9.0125,45.8125],[8.99804,45.80057],[8.98007,45.79936],[8.97083,45.78333],[8.95833,45.7875],[8.94167,45.7875],[8.94131,45.80242],[8.93785,45.80591],[8.93715,45.81421],[8.94131,45.81841],[8.94273,45.83262],[8.96591,45.83407],[8.96732,45.85212],[8.97074,45.85702],[9.00322,45.86683],[9.00482,45.87712],[9.01601,45.88954],[9.01732,45.90058],[9.00768,45.91275],[9.02917,45.94583],[9.0375,45.94583],[9.05174,45.96215],[9.07329,45.97535],[9.08992,45.97465],[9.09375,45.97085],[9.09758,45.97465],[9.11909,45.97535],[9.13125,45.98332],[9.1375,45.97917],[9.13835,45.98248],[9.14512,45.98422],[9.15092,46.00358],[9.16156,46.01307],[9.17842,46.0036],[9.20733,46.00477],[9.21307,46.01165],[9.21193,46.01888],[9.20473,46.02696],[9.19903,46.04127],[9.1879,46.0468],[9.18248,46.05748],[9.1754,46.0593],[9.17027,46.06592],[9.18425,46.08692],[9.20417,46.1],[9.20332,46.10332],[9.17721,46.1161],[9.15612,46.11723],[9.13996,46.13298],[9.125,46.1375],[9.13504,46.15381],[9.15242,46.16285],[9.15833,46.17083],[9.18138,46.1714],[9.19517,46.18007],[9.20057,46.20638],[9.20417,46.2125],[9.21583,46.21319],[9.22022,46.21867],[9.22163,46.22837],[9.25,46.23333],[9.25057,46.26471],[9.25473,46.27304],[9.26343,46.28263],[9.27411,46.28404],[9.28277,46.29779],[9.28333,46.31667],[9.28992,46.31702],[9.3,46.325],[9.2964,46.33112],[9.29522,46.35742],[9.27983,46.36763],[9.2786,46.37991],[9.28286,46.38542],[9.2786,46.39658],[9.28277,46.40196],[9.2839,46.41335],[9.27825,46.42013],[9.25807,46.42614],[9.2662,46.44375],[9.2625,46.45],[9.27436,46.45507],[9.27564,46.47409],[9.27917,46.475],[9.27556,46.48125],[9.27997,46.4951],[9.31451,46.50355],[9.34799,46.50478],[9.3537,46.50895],[9.36883,46.50772],[9.375,46.50417],[9.37561,46.48841],[9.38294,46.48653],[9.40371,46.46043],[9.39943,46.45491],[9.40057,46.44362],[9.41335,46.40918],[9.42017,46.40743],[9.425,46.37083],[9.43992,46.37119],[9.44341,46.37465],[9.46667,46.37917],[9.46752,46.37585],[9.48958,46.36714],[9.49362,46.37027],[9.53971,46.3714],[9.55,46.375],[9.57674,46.40381],[9.60659,46.40869],[9.61214,46.41421],[9.6125,46.42083],[9.62292,46.41251],[9.62674,46.41631],[9.66492,46.41702],[9.67258,46.42465],[9.68333,46.425],[9.69527,46.41471],[9.69654,46.40509],[9.72435,46.39076],[9.73693,46.37721],[9.74167,46.35417],[9.76424,46.34202],[9.78554,46.34223],[9.80221,46.3464],[9.81446,46.3536],[9.82827,46.35483],[9.83333,46.36667],[9.8375,46.3625],[9.84341,46.36631],[9.87326,46.36702],[9.88091,46.37465],[9.88992,46.37535],[9.89828,46.38369],[9.91076,46.38298],[9.92745,46.37048],[9.93508,46.37465],[9.96054,46.37557],[9.97696,46.38693],[10.01888,46.39223],[10.02843,46.39671],[10.02973,46.40491],[10.02443,46.41325],[10.03373,46.43237],[10.04104,46.43424],[10.04167,46.44583],[10.05748,46.44082],[10.0593,46.43373],[10.06446,46.42973],[10.07742,46.42881],[10.08162,46.42465],[10.11492,46.42535],[10.12674,46.43298],[10.13333,46.43333]]]},"properties":{"hybas_id":"2060548650","pfaf_id":"214064","sub_area":"7842.2","up_area":"7842.2","next_down":"2060551110","main_bas":"2060013010","kind":"basin","source":"local-hydrobasins"}},{"type":"Feature","geometry":{"type":"Polygon","coordinates":[[[8.5,45.85],[8.50898,45.84908],[8.50762,45.82577],[8.49263,45.8157],[8.49041,45.80831],[8.47914,45.80291],[8.4756,45.79791],[8.48398,45.78813],[8.47852,45.77949],[8.47988,45.75937],[8.48654,45.75737],[8.5036,45.73971],[8.50777,45.73138],[8.50899,45.71757],[8.51582,45.71582],[8.51752,45.70918],[8.52742,45.70798],[8.53091,45.70452],[8.55335,45.7035],[8.55503,45.692],[8.56034,45.68812],[8.58133,45.68272],[8.58951,45.67562],[8.60377,45.66987],[8.61193,45.65638],[8.61316,45.64257],[8.62044,45.6407],[8.63002,45.62168],[8.63684,45.61993],[8.63333,45.59583],[8.64829,45.59548],[8.65381,45.58992],[8.65452,45.58091],[8.66631,45.56909],[8.66667,45.5625],[8.67845,45.55735],[8.67978,45.54367],[8.68395,45.53797],[8.67855,45.52547],[8.69247,45.48407],[8.70377,45.48237],[8.7093,45.47123],[8.71592,45.4661],[8.72425,45.4714],[8.74127,45.4657],[8.76752,45.41335],[8.77415,45.41165],[8.7839,45.39362],[8.81193,45.36054],[8.81723,45.34779],[8.84527,45.31471],[8.84232,45.3116],[8.8411,45.29705],[8.84923,45.29486],[8.85062,45.28534],[8.85949,45.27095],[8.8662,45.26605],[8.8787,45.27145],[8.88266,45.26959],[8.88404,45.25081],[8.89383,45.24938],[8.90617,45.23812],[8.91667,45.2375],[8.92145,45.22701],[8.94522,45.20216],[8.94676,45.19676],[8.9534,45.19486],[8.95496,45.18413],[8.96875,45.17973],[8.97453,45.18395],[8.99095,45.17818],[8.9924,45.1633],[8.99938,45.15772],[9.03966,45.15895],[9.04375,45.16194],[9.07701,45.15062],[9.09167,45.15],[9.09167,45.14583],[9.09829,45.14131],[9.11667,45.14583],[9.11755,45.14929],[9.12721,45.15057],[9.14092,45.1589],[9.14925,45.1536],[9.16054,45.15473],[9.16592,45.1589],[9.17279,45.15473],[9.20221,45.1536],[9.21998,45.14498],[9.22119,45.13508],[9.22952,45.12255],[9.22881,45.11424],[9.22085,45.09733],[9.23529,45.08807],[9.25745,45.08262],[9.2589,45.07696],[9.27871,45.05626],[9.2713,45.04375],[9.27973,45.02158],[9.2786,45.01446],[9.27027,44.98529],[9.26295,44.97708],[9.27027,44.96888],[9.27443,44.95221],[9.27415,44.92585],[9.2625,44.925],[9.26285,44.91424],[9.26667,44.9104],[9.26076,44.90452],[9.23921,44.90381],[9.23369,44.89826],[9.23277,44.88946],[9.2214,44.87721],[9.22017,44.8634],[9.21667,44.8625],[9.22027,44.85625],[9.2167,44.85136],[9.26875,44.82556],[9.27453,44.82978],[9.28549,44.82855],[9.30201,44.81312],[9.31176,44.8117],[9.31593,44.78414],[9.30617,44.78272],[9.28843,44.77407],[9.28272,44.76297],[9.29583,44.75],[9.28015,44.74068],[9.27813,44.73415],[9.25907,44.72811],[9.25341,44.68824],[9.23121,44.68684],[9.22059,44.68268],[9.21462,44.68684],[9.20085,44.68665],[9.20057,44.67696],[9.20787,44.66041],[9.19527,44.64241],[9.20066,44.6134],[9.20417,44.6125],[9.20357,44.59258],[9.17258,44.58715],[9.16076,44.57535],[9.15,44.575],[9.15452,44.54341],[9.15833,44.5375],[9.16983,44.53688],[9.17955,44.52617],[9.17146,44.52409],[9.17027,44.50196],[9.16667,44.49583],[9.15242,44.48785],[9.14341,44.48715],[9.13159,44.47952],[9.12083,44.47917],[9.11495,44.48715],[9.09412,44.48785],[9.08992,44.48369],[9.02674,44.48298],[9.02326,44.47952],[9.01495,44.47881],[9.00869,44.48504],[8.99943,44.51471],[8.99074,44.5243],[8.98112,44.52557],[8.95922,44.54653],[8.95748,44.55332],[8.94804,44.55777],[8.92696,44.5589],[8.92292,44.56203],[8.91592,44.55777],[8.91054,44.56193],[8.89238,44.56339],[8.88693,44.58138],[8.8786,44.59073],[8.88019,44.59514],[8.89078,44.59654],[8.8968,44.6121],[8.90417,44.61667],[8.89127,44.6407],[8.88529,44.64223],[8.87569,44.65094],[8.87443,44.66129],[8.88264,44.66339],[8.8839,44.67379],[8.85926,44.68426],[8.85062,44.69784],[8.8492,44.7076],[8.83414,44.70907],[8.82917,44.72917],[8.83275,44.73009],[8.8339,44.79658],[8.82973,44.80196],[8.8286,44.81888],[8.81723,44.84779],[8.8161,44.87304],[8.8089,44.88112],[8.80473,44.89362],[8.79943,44.94804],[8.79223,44.95612],[8.78693,44.98554],[8.77832,44.99915],[8.76471,45.00777],[8.75517,45.00368],[8.75077,45.00505],[8.75,45.00833],[8.7625,45.0125],[8.7625,45.01667],[8.76693,45.0178],[8.76193,45.03138],[8.75741,45.0368],[8.73946,45.04223],[8.72987,45.05093],[8.7286,45.06054],[8.7246,45.0657],[8.7132,45.07175],[8.71179,45.08245],[8.69587,45.0932],[8.70057,45.10094],[8.69108,45.11158],[8.68418,45.11335],[8.67742,45.12048],[8.6625,45.11667],[8.66188,45.12826],[8.64654,45.13422],[8.6411,45.16054],[8.6339,45.16862],[8.63273,45.19909],[8.61752,45.20502],[8.6115,45.21606],[8.57696,45.2214],[8.5661,45.23675],[8.57557,45.27304],[8.58002,45.28248],[8.58333,45.28333],[8.58399,45.29077],[8.5875,45.29167],[8.58369,45.29758],[8.58298,45.33159],[8.57119,45.35591],[8.57048,45.38992],[8.55869,45.40174],[8.56285,45.41421],[8.55869,45.41841],[8.55759,45.43647],[8.55096,45.43846],[8.54231,45.45203],[8.54093,45.47006],[8.53333,45.47083],[8.52877,45.4782],[8.52168,45.48002],[8.5161,45.49388],[8.5089,45.50196],[8.50777,45.51888],[8.50057,45.52696],[8.49527,45.56054],[8.47557,45.60196],[8.47443,45.62304],[8.47083,45.62917],[8.45507,45.64231],[8.4496,45.6532],[8.44252,45.65502],[8.43277,45.67721],[8.42407,45.6868],[8.41446,45.68807],[8.39804,45.69943],[8.37674,45.70035],[8.36909,45.70798],[8.36008,45.70869],[8.35417,45.71457],[8.35798,45.71841],[8.3625,45.7375],[8.38547,45.73814],[8.39085,45.74196],[8.39244,45.75758],[8.40866,45.75898],[8.41453,45.75481],[8.43645,45.75352],[8.44231,45.78397],[8.43398,45.7937],[8.43269,45.80032],[8.43686,45.8062],[8.44648,45.84797],[8.45833,45.86667],[8.47415,45.85748],[8.47597,45.8504],[8.48125,45.8463],[8.48529,45.84943],[8.5,45.85]]]},"properties":{"hybas_id":"2060548430","pfaf_id":"214067","sub_area":"3607.2","up_area":"29241.5","next_down":"2060548920","main_bas":"2060013010","kind":"basin","source":"local-hydrobasins"}},{"type":"Feature","geometry":{"type":"Polygon","coordinates":[[[9.225,45.14167],[9.20221,45.1536],[9.17279,45.15473],[9.16592,45.1589],[9.16054,45.15473],[9.14925,45.1536],[9.14092,45.1589],[9.12721,45.15057],[9.11755,45.14929],[9.11667,45.14583],[9.09829,45.14131],[9.09167,45.14583],[9.09167,45.15],[9.07701,45.15062],[9.04375,45.16194],[9.03966,45.15895],[8.99938,45.15772],[8.9924,45.1633],[8.99095,45.17818],[8.97453,45.18395],[8.96875,45.17973],[8.95496,45.18413],[8.9534,45.19486],[8.94676,45.19676],[8.94522,45.20216],[8.92145,45.22701],[8.91667,45.2375],[8.90617,45.23812],[8.89383,45.24938],[8.88404,45.25081],[8.88266,45.26959],[8.8787,45.27145],[8.8662,45.26605],[8.85949,45.27095],[8.85062,45.28534],[8.84923,45.29486],[8.8411,45.29705],[8.84232,45.3116],[8.84527,45.31471],[8.81723,45.34779],[8.81193,45.36054],[8.7839,45.39362],[8.77415,45.41165],[8.76752,45.41335],[8.74127,45.4657],[8.72425,45.4714],[8.71592,45.4661],[8.7093,45.47123],[8.70377,45.48237],[8.69247,45.48407],[8.67855,45.52547],[8.68395,45.53797],[8.67978,45.54367],[8.67845,45.55735],[8.66667,45.5625],[8.66631,45.56909],[8.65452,45.58091],[8.65381,45.58992],[8.64829,45.59548],[8.63333,45.59583],[8.63684,45.61993],[8.63002,45.62168],[8.62044,45.6407],[8.61316,45.64257],[8.61193,45.65638],[8.60377,45.66987],[8.58951,45.67562],[8.58133,45.68272],[8.56034,45.68812],[8.55503,45.692],[8.55335,45.7035],[8.53091,45.70452],[8.52742,45.70798],[8.51752,45.70918],[8.51582,45.71582],[8.50899,45.71757],[8.50777,45.73138],[8.5036,45.73971],[8.48654,45.75737],[8.47988,45.75937],[8.47852,45.77949],[8.48398,45.78813],[8.4756,45.79791],[8.47914,45.80291],[8.49041,45.80831],[8.49263,45.8157],[8.50762,45.82577],[8.50898,45.84908],[8.48529,45.84943],[8.48125,45.8463],[8.47597,45.8504],[8.47415,45.85748],[8.45833,45.86667],[8.44648,45.84797],[8.43686,45.8062],[8.43269,45.80032],[8.43398,45.7937],[8.44231,45.78397],[8.43645,45.75352],[8.41453,45.75481],[8.40866,45.75898],[8.39244,45.75758],[8.39085,45.74196],[8.38547,45.73814],[8.3625,45.7375],[8.35748,45.74915],[8.35101,45.75081],[8.34943,45.75491],[8.35473,45.7676],[8.34495,45.78262],[8.31667,45.79167],[8.32027,45.79779],[8.3214,45.81471],[8.3286,45.82279],[8.32973,45.83212],[8.32168,45.83418],[8.3214,45.84388],[8.32453,45.84792],[8.31582,45.86582],[8.30542,45.87101],[8.3036,45.87575],[8.3089,45.88629],[8.27696,45.8964],[8.2718,45.9004],[8.26993,45.9077],[8.25196,45.9089],[8.24792,45.91203],[8.23871,45.90777],[8.23241,45.92013],[8.21335,45.92585],[8.19889,45.94943],[8.17804,45.95053],[8.16475,45.93803],[8.15225,45.93386],[8.12692,45.9328],[8.11989,45.92864],[8.09683,45.93798],[8.09167,45.93333],[8.08418,45.93248],[8.08333,45.92917],[8.07083,45.93333],[8.05174,45.93369],[8.04412,45.93785],[8.03159,45.92952],[8.01424,45.92881],[7.99409,45.91285],[7.9625,45.9],[7.94758,45.90452],[7.92326,45.92465],[7.91912,45.92535],[7.91458,45.92085],[7.89792,45.92915],[7.89409,45.92535],[7.88162,45.92465],[7.87742,45.92881],[7.87083,45.92917],[7.87048,45.93992],[7.86668,45.94375],[7.87048,45.94758],[7.87535,45.96909],[7.88002,45.97832],[7.89498,45.98418],[7.90417,46.0],[7.97717,45.99939],[7.98279,45.99523],[7.99089,45.99665],[7.99244,46.00754],[7.99783,46.01189],[8.0125,46.0125],[8.01307,46.03138],[8.01763,46.04127],[8.02973,46.04705],[8.02027,46.06592],[8.02151,46.07827],[8.025,46.07917],[8.02535,46.08576],[8.02881,46.08924],[8.02881,46.10242],[8.02119,46.11424],[8.02048,46.12326],[8.00473,46.13946],[8.00355,46.16575],[7.99654,46.16755],[7.99527,46.17721],[7.98807,46.18529],[7.9875,46.1875],[7.99223,46.18871],[7.99101,46.20327],[7.98397,46.20507],[7.98277,46.22304],[7.9786,46.22842],[7.98399,46.25743],[8.01909,46.25798],[8.0354,46.23333],[8.03924,46.23715],[8.06492,46.23785],[8.06841,46.24131],[8.07671,46.24202],[8.08505,46.23715],[8.09167,46.24583],[8.08409,46.25095],[8.07868,46.2615],[8.08005,46.26589],[8.10225,46.27553],[8.13333,46.30417],[8.14826,46.30381],[8.15662,46.29548],[8.17742,46.30035],[8.18162,46.30452],[8.19412,46.30381],[8.2,46.29583],[8.20405,46.29699],[8.20772,46.30201],[8.20907,46.31587],[8.22007,46.32181],[8.22163,46.33254],[8.23133,46.33395],[8.24572,46.34283],[8.25079,46.35754],[8.26049,46.35895],[8.2701,46.36728],[8.28543,46.36305],[8.30617,46.38272],[8.32083,46.3875],[8.31161,46.40346],[8.30089,46.40488],[8.30057,46.41471],[8.30502,46.42415],[8.31577,46.42566],[8.31667,46.42917],[8.32721,46.42973],[8.34362,46.4411],[8.35743,46.44233],[8.35923,46.44934],[8.3875,46.45417],[8.39223,46.48138],[8.39674,46.49104],[8.43554,46.4964],[8.46054,46.51307],[8.48112,46.53277],[8.49509,46.53807],[8.50208,46.5338],[8.51446,46.5411],[8.53554,46.54223],[8.54804,46.5464],[8.56029,46.55777],[8.56582,46.55918],[8.56788,46.56723],[8.58126,46.56296],[8.59362,46.57443],[8.60638,46.57557],[8.61175,46.57973],[8.64092,46.5661],[8.68112,46.58277],[8.70327,46.58267],[8.70508,46.57562],[8.71667,46.575],[8.72159,46.56345],[8.72692,46.55886],[8.74391,46.5578],[8.74906,46.55364],[8.75739,46.55886],[8.76173,46.55742],[8.76326,46.55095],[8.76859,46.54636],[8.775,46.54583],[8.77877,46.5468],[8.78946,46.56193],[8.81054,46.56307],[8.82291,46.57454],[8.83675,46.5661],[8.85221,46.56723],[8.86446,46.57443],[8.90743,46.58399],[8.91307,46.59509],[8.91193,46.60221],[8.90462,46.61042],[8.91335,46.62415],[8.92713,46.62436],[8.93301,46.62019],[8.9438,46.62148],[8.95353,46.62981],[8.95743,46.628],[8.96186,46.6188],[8.96342,46.60352],[8.98963,46.60481],[9.00625,46.6119],[9.01453,46.60481],[9.02917,46.60417],[9.04548,46.58576],[9.04583,46.58333],[9.0384,46.58267],[9.02557,46.56054],[9.02443,46.53946],[9.02027,46.52842],[9.02557,46.52009],[9.02083,46.5125],[9.02415,46.51165],[9.02597,46.50456],[9.0375,46.5],[9.0375,46.49583],[9.04167,46.49583],[9.05085,46.48418],[9.06029,46.47973],[9.08138,46.4786],[9.0875,46.475],[9.09583,46.475],[9.09675,46.47858],[9.125,46.47917],[9.12595,46.48239],[9.1496,46.49646],[9.16881,46.4952],[9.1746,46.49104],[9.18535,46.49937],[9.20215,46.50063],[9.2246,46.50896],[9.23675,46.50756],[9.2375,46.5],[9.24227,46.49867],[9.24106,46.49366],[9.22552,46.47709],[9.2369,46.46051],[9.23822,46.44663],[9.24659,46.44539],[9.25199,46.4494],[9.2625,46.45],[9.2662,46.44375],[9.25807,46.42614],[9.27825,46.42013],[9.2839,46.41335],[9.28277,46.40196],[9.2786,46.39658],[9.28286,46.38542],[9.2786,46.37991],[9.27983,46.36763],[9.29522,46.35742],[9.2964,46.33112],[9.3,46.325],[9.28992,46.31702],[9.28333,46.31667],[9.28277,46.29779],[9.27411,46.28404],[9.26343,46.28263],[9.25473,46.27304],[9.25057,46.26471],[9.25,46.23333],[9.22163,46.22837],[9.22022,46.21867],[9.21583,46.21319],[9.20417,46.2125],[9.20057,46.20638],[9.19517,46.18007],[9.18138,46.1714],[9.15833,46.17083],[9.15242,46.16285],[9.13504,46.15381],[9.125,46.1375],[9.13996,46.13298],[9.15612,46.11723],[9.17721,46.1161],[9.20332,46.10332],[9.20417,46.1],[9.18425,46.08692],[9.17027,46.06592],[9.1754,46.0593],[9.18248,46.05748],[9.1879,46.0468],[9.19903,46.04127],[9.20473,46.02696],[9.21193,46.01888],[9.21307,46.01165],[9.20733,46.00477],[9.17842,46.0036],[9.16156,46.01307],[9.15092,46.00358],[9.14512,45.98422],[9.13835,45.98248],[9.1375,45.97917],[9.13125,45.98332],[9.11909,45.97535],[9.09758,45.97465],[9.09375,45.97085],[9.08992,45.97465],[9.07329,45.97535],[9.05174,45.96215],[9.0375,45.94583],[9.02917,45.94583],[9.00768,45.91275],[9.01732,45.90058],[9.01601,45.88954],[9.00482,45.87712],[9.00322,45.86683],[8.97074,45.85702],[8.96732,45.85212],[8.96591,45.83407],[8.94273,45.83262],[8.94167,45.82917],[8.92406,45.83386],[8.91891,45.8297],[8.90131,45.82864],[8.89947,45.83442],[8.9078,45.84359],[8.91614,45.86025],[8.91667,45.8875],[8.90904,45.88241],[8.90762,45.87172],[8.90085,45.86998],[8.89886,45.86224],[8.88656,45.86723],[8.86763,45.85377],[8.86577,45.84651],[8.85332,45.84527],[8.84654,45.85092],[8.84167,45.86667],[8.83508,45.86702],[8.83159,45.87048],[8.81667,45.87083],[8.81631,45.86424],[8.80833,45.85],[8.81347,45.83373],[8.82415,45.82832],[8.82597,45.82123],[8.83112,45.81723],[8.8371,45.8157],[8.84537,45.80207],[8.83807,45.79388],[8.83684,45.77173],[8.83333,45.77083],[8.83821,45.75505],[8.84517,45.75327],[8.8464,45.73946],[8.86193,45.71888],[8.86312,45.69674],[8.8714,45.69462],[8.86723,45.68554],[8.86667,45.66667],[8.86757,45.66316],[8.875,45.6625],[8.8786,45.65221],[8.87973,45.62279],[8.88835,45.60502],[8.89829,45.60381],[8.90417,45.59583],[8.9089,45.59462],[8.90417,45.59167],[8.90417,45.5875],[8.92696,45.56723],[8.94108,45.56158],[8.95085,45.54668],[8.95769,45.54493],[8.97027,45.53138],[8.97168,45.52585],[8.98162,45.52464],[8.98715,45.51909],[8.9875,45.5125],[8.99518,45.50629],[8.99649,45.48538],[9.00507,45.45461],[9.02851,45.43546],[9.02982,45.42704],[9.03684,45.41879],[9.03829,45.40492],[9.05727,45.40343],[9.07851,45.37296],[9.08008,45.36287],[9.0951,45.35311],[9.09667,45.33309],[9.10204,45.33684],[9.11079,45.33714],[9.12881,45.31492],[9.13332,45.30625],[9.12048,45.29338],[9.12535,45.27674],[9.13749,45.26042],[9.12917,45.2479],[9.13508,45.24202],[9.14509,45.2464],[9.15221,45.24527],[9.17292,45.2338],[9.17708,45.23703],[9.18946,45.22973],[9.20638,45.2286],[9.21446,45.2214],[9.24082,45.21165],[9.24252,45.20502],[9.24943,45.19804],[9.25057,45.18112],[9.25833,45.17242],[9.24388,45.1589],[9.23422,45.15762],[9.2322,45.14974],[9.22708,45.1537],[9.22083,45.15],[9.225,45.14167]]]},"properties":{"hybas_id":"2060548280","pfaf_id":"214066","sub_area":"8060.2","up_area":"8060.7","next_down":"2060548920","main_bas":"2060013010","kind":"basin","source":"local-hydrobasins"}},{"type":"Feature","geometry":{"type":"Polygon","coordinates":[[[6.99583,44.27917],[6.99252,44.28002],[6.99053,44.28776],[6.98554,44.2839],[6.97083,44.28333],[6.97017,44.29077],[6.9539,44.29697],[6.95777,44.30196],[6.9589,44.31346],[6.94907,44.3243],[6.93946,44.32557],[6.92585,44.33418],[6.91627,44.3532],[6.90196,44.3589],[6.89259,44.36725],[6.89167,44.37083],[6.89525,44.37175],[6.89644,44.41981],[6.9104,44.43287],[6.92763,44.4208],[6.93418,44.43248],[6.93992,44.43298],[6.94829,44.42881],[6.96008,44.41285],[6.98579,44.39965],[6.99826,44.40381],[7.01492,44.39548],[7.03162,44.37881],[7.05659,44.37952],[7.06912,44.39202],[7.08992,44.39131],[7.09341,44.38785],[7.13992,44.38715],[7.14341,44.38369],[7.16076,44.38298],[7.16458,44.37918],[7.16875,44.38332],[7.18162,44.37465],[7.20659,44.37535],[7.21079,44.37952],[7.23159,44.37881],[7.24828,44.36215],[7.25659,44.36285],[7.26079,44.36702],[7.27326,44.36631],[7.28924,44.35452],[7.30833,44.35417],[7.33245,44.35904],[7.33424,44.36604],[7.35638,44.36723],[7.37279,44.3786],[7.37917,44.37917],[7.38373,44.36763],[7.40612,44.3589],[7.47795,44.35777],[7.47973,44.36471],[7.49231,44.37826],[7.51054,44.38807],[7.52279,44.39943],[7.53665,44.40502],[7.5375,44.40833],[7.54493,44.40899],[7.54619,44.41492],[7.56421,44.43298],[7.58159,44.43785],[7.61909,44.45869],[7.66029,44.49943],[7.68138,44.51307],[7.70745,44.53821],[7.70918,44.54498],[7.71471,44.5464],[7.73263,44.56344],[7.7339,44.57304],[7.7411,44.58112],[7.75085,44.61165],[7.75417,44.6125],[7.75553,44.60772],[7.76213,44.60936],[7.77194,44.6247],[7.78117,44.63272],[7.79087,44.63413],[7.79676,44.65324],[7.81451,44.66605],[7.83322,44.67199],[7.85481,44.70801],[7.84975,44.71996],[7.86617,44.72163],[7.87596,44.73654],[7.88237,44.73846],[7.88435,44.74504],[7.90417,44.75],[7.90479,44.76159],[7.91179,44.76339],[7.91321,44.77411],[7.91667,44.775],[7.91667,44.7875],[7.9287,44.79791],[7.92474,44.80303],[7.93971,44.8089],[7.94779,44.8161],[7.9616,44.81733],[7.9634,44.82434],[7.97083,44.825],[7.96985,44.82845],[7.95497,44.8299],[7.9534,44.84069],[7.95,44.84167],[7.95057,44.85638],[7.96307,44.87158],[7.95473,44.88946],[7.9536,44.90295],[7.96604,44.90932],[7.96723,44.92991],[7.96307,44.93529],[7.96193,44.94804],[7.95463,44.95624],[7.9589,44.96741],[7.95473,44.97279],[7.9536,44.99388],[7.9464,45.00612],[7.94527,45.01888],[7.93665,45.03248],[7.93333,45.03333],[7.93298,45.06492],[7.92535,45.08091],[7.925,45.09167],[7.94383,45.09105],[7.96155,45.08307],[7.96327,45.09486],[7.97072,45.09699],[7.97611,45.10804],[7.99462,45.12091],[7.99583,45.11667],[8.00659,45.11631],[8.01042,45.11251],[8.01458,45.11665],[8.02258,45.10869],[8.05638,45.1036],[8.07304,45.09527],[8.08529,45.0839],[8.10196,45.07973],[8.14388,45.0786],[8.15196,45.0714],[8.17721,45.07027],[8.18184,45.06668],[8.19375,45.08286],[8.19779,45.07973],[8.21054,45.0786],[8.21862,45.0714],[8.22828,45.07012],[8.23013,45.0629],[8.23529,45.0589],[8.24388,45.05777],[8.25833,45.05],[8.25869,45.01005],[8.26841,45.00035],[8.29388,44.99943],[8.30612,44.99223],[8.31993,44.99101],[8.32174,44.98395],[8.34804,44.98277],[8.37009,44.97443],[8.39509,44.9839],[8.41151,44.97027],[8.41585,44.9718],[8.41758,44.97856],[8.44409,44.97952],[8.46458,44.99999],[8.46912,44.99548],[8.48159,44.99619],[8.48995,45.00452],[8.49826,45.00381],[8.50833,44.99583],[8.51592,45.00057],[8.53138,44.99943],[8.53675,44.99527],[8.54792,44.99953],[8.55208,44.9963],[8.55759,45.00057],[8.56862,44.9964],[8.59804,44.99527],[8.63248,44.98248],[8.63424,44.97562],[8.65742,44.97438],[8.6625,44.9625],[8.66993,44.96316],[8.67172,44.97014],[8.69362,44.9911],[8.71054,44.99223],[8.72279,44.99943],[8.73971,45.00057],[8.75,45.00833],[8.75517,45.00368],[8.76471,45.00777],[8.77832,44.99915],[8.78693,44.98554],[8.79223,44.95612],[8.79943,44.94804],[8.80473,44.89362],[8.8089,44.88112],[8.8161,44.87304],[8.81723,44.84779],[8.8286,44.81888],[8.82973,44.80196],[8.8339,44.79658],[8.83275,44.73009],[8.82917,44.72917],[8.83414,44.70907],[8.8492,44.7076],[8.85062,44.69784],[8.85926,44.68426],[8.8839,44.67379],[8.88264,44.66339],[8.87443,44.66129],[8.87569,44.65094],[8.88529,44.64223],[8.89127,44.6407],[8.90417,44.61667],[8.8968,44.6121],[8.89078,44.59654],[8.88019,44.59514],[8.8786,44.59073],[8.88693,44.58138],[8.89238,44.56339],[8.89583,44.5625],[8.89492,44.55352],[8.8802,44.5549],[8.87329,44.56631],[8.84583,44.5625],[8.83248,44.53002],[8.81752,44.52415],[8.81582,44.51752],[8.8125,44.51667],[8.81185,44.49681],[8.80221,44.48807],[8.71342,44.48692],[8.71136,44.4789],[8.70638,44.48277],[8.67083,44.48333],[8.66285,44.46492],[8.6625,44.4625],[8.66723,44.46129],[8.66597,44.45089],[8.64388,44.44223],[8.60612,44.43693],[8.60075,44.43277],[8.56446,44.4339],[8.55,44.44167],[8.53958,44.43797],[8.52842,44.44223],[8.52292,44.43797],[8.51875,44.4412],[8.51471,44.43807],[8.46758,44.43691],[8.46307,44.42721],[8.46184,44.4134],[8.44779,44.40777],[8.43971,44.40057],[8.42696,44.39943],[8.41335,44.39082],[8.41169,44.38434],[8.40759,44.38277],[8.39388,44.3911],[8.3875,44.39167],[8.37721,44.37973],[8.37168,44.37832],[8.36998,44.37168],[8.34642,44.36158],[8.33693,44.35094],[8.34527,44.33971],[8.34527,44.32696],[8.33807,44.31471],[8.33267,44.28423],[8.3254,44.28237],[8.31582,44.26335],[8.30638,44.2589],[8.28529,44.25777],[8.27182,44.24527],[8.26325,44.25057],[8.23112,44.24527],[8.21741,44.23693],[8.2,44.24167],[8.19487,44.22956],[8.17027,44.21545],[8.17557,44.19362],[8.18807,44.18015],[8.18653,44.17582],[8.15091,44.1702],[8.14484,44.15895],[8.13333,44.15833],[8.10502,44.17168],[8.10326,44.17854],[8.08008,44.17979],[8.07827,44.18684],[8.06036,44.18686],[8.03547,44.17148],[8.02601,44.17004],[8.02061,44.15925],[8.01036,44.15769],[7.9937,44.14936],[7.97714,44.13398],[7.93828,44.13265],[7.9375,44.125],[7.91879,44.10899],[7.89788,44.10768],[7.88408,44.10331],[7.8825,44.08309],[7.86046,44.09101],[7.84371,44.09232],[7.83333,44.1],[7.81875,44.09214],[7.81471,44.09527],[7.79509,44.0964],[7.78418,44.09082],[7.7625,44.05833],[7.75591,44.05798],[7.75242,44.05452],[7.74412,44.05381],[7.73658,44.0619],[7.71667,44.0625],[7.71608,44.08647],[7.70638,44.09527],[7.7004,44.0968],[7.69491,44.10775],[7.68554,44.1161],[7.67027,44.12205],[7.6714,44.13554],[7.6787,44.14793],[7.6713,44.15624],[7.67585,44.16582],[7.68248,44.16752],[7.68333,44.17083],[7.67674,44.17119],[7.67326,44.17465],[7.63333,44.175],[7.62846,44.15505],[7.61741,44.14943],[7.58529,44.15057],[7.57991,44.15473],[7.56446,44.1536],[7.55221,44.1464],[7.53112,44.14527],[7.52177,44.13693],[7.51338,44.13823],[7.50659,44.14548],[7.50174,44.14548],[7.49167,44.13333],[7.48091,44.13298],[7.46458,44.12501],[7.46076,44.12881],[7.43415,44.1285],[7.42917,44.1125],[7.38871,44.12557],[7.3875,44.12083],[7.35538,44.1161],[7.34053,44.1461],[7.33554,44.14223],[7.31371,44.1411],[7.31165,44.14915],[7.30833,44.15],[7.27745,44.14131],[7.27326,44.14548],[7.25833,44.14583],[7.2536,44.15638],[7.24076,44.1701],[7.23259,44.1714],[7.22425,44.1661],[7.21335,44.17168],[7.20794,44.18237],[7.20196,44.1839],[7.1875,44.2],[7.18125,44.19585],[7.16492,44.20798],[7.15662,44.20869],[7.15242,44.20452],[7.14412,44.20381],[7.13159,44.21215],[7.11841,44.21285],[7.11076,44.22048],[7.08924,44.22535],[7.07745,44.23369],[7.07326,44.22952],[7.06495,44.22881],[7.06042,44.23332],[7.05659,44.22952],[7.04758,44.22881],[7.04167,44.22083],[7.01888,44.23277],[7.00922,44.23404],[6.9964,44.26029],[6.99583,44.27917]]]},"properties":{"hybas_id":"2060551950","pfaf_id":"214068","sub_area":"8182.0","up_area":"8182.0","next_down":"2060548430","main_bas":"2060013010","kind":"basin","source":"local-hydrobasins"}},{"type":"Feature","geometry":{"type":"Polygon","coordinates":[[[7.02083,44.825],[7.01424,44.82535],[7.00452,44.83505],[7.00417,44.84583],[6.97279,44.8464],[6.96029,44.85057],[6.94388,44.86193],[6.92823,44.86307],[6.91759,44.85358],[6.91576,44.84645],[6.89092,44.84527],[6.88554,44.84943],[6.86034,44.85062],[6.85216,44.85772],[6.83009,44.86343],[6.82818,44.87012],[6.81451,44.87145],[6.80617,44.87562],[6.80086,44.8795],[6.79921,44.89087],[6.78951,44.89228],[6.77716,44.90355],[6.76078,44.89965],[6.75242,44.90798],[6.73946,44.90473],[6.72977,44.91352],[6.7286,44.94804],[6.72025,44.95741],[6.71224,44.95947],[6.7161,44.96446],[6.71733,44.97827],[6.74518,44.99681],[6.74522,45.01049],[6.74134,45.01581],[6.72716,45.02022],[6.70617,45.02145],[6.69953,45.02562],[6.69383,45.02145],[6.6722,45.02022],[6.66584,45.03263],[6.64664,45.03404],[6.64507,45.04486],[6.63133,45.05355],[6.61586,45.04938],[6.59676,45.06343],[6.59483,45.07017],[6.56867,45.07145],[6.55488,45.08015],[6.55345,45.09485],[6.55,45.09583],[6.55085,45.10332],[6.56575,45.11308],[6.57205,45.12557],[6.58112,45.1214],[6.61992,45.12023],[6.6218,45.1129],[6.62708,45.1088],[6.63946,45.1161],[6.65221,45.11723],[6.68112,45.1411],[6.71492,45.14548],[6.73162,45.13715],[6.73992,45.13785],[6.75591,45.15381],[6.76495,45.15869],[6.80659,45.15381],[6.82326,45.14548],[6.83542,45.13335],[6.83958,45.13749],[6.85417,45.125],[6.87279,45.13693],[6.88554,45.13807],[6.8961,45.1428],[6.88754,45.1568],[6.90612,45.17027],[6.92304,45.1714],[6.93333,45.17917],[6.93248,45.18248],[6.92558,45.18425],[6.91054,45.2036],[6.88112,45.20473],[6.87304,45.21193],[6.85873,45.21763],[6.84943,45.23259],[6.85105,45.23681],[6.86054,45.23807],[6.86998,45.24252],[6.87083,45.24583],[6.88659,45.24644],[6.88847,45.25377],[6.90221,45.2589],[6.91156,45.26723],[6.92009,45.26193],[6.94804,45.26307],[6.95342,45.26723],[6.97721,45.2661],[6.98685,45.2616],[6.99943,45.24804],[7.00089,45.24238],[7.05638,45.22443],[7.075,45.2125],[7.07917,45.225],[7.08924,45.23298],[7.10242,45.23785],[7.11008,45.24548],[7.12917,45.24583],[7.12952,45.25242],[7.13298,45.25591],[7.12881,45.27255],[7.13298,45.27674],[7.1328,45.28141],[7.12136,45.29359],[7.1203,45.30225],[7.1078,45.31989],[7.10925,45.32423],[7.12742,45.32535],[7.13091,45.32881],[7.1375,45.32917],[7.13277,45.3426],[7.14225,45.35325],[7.15768,45.36347],[7.1589,45.37721],[7.16335,45.38665],[7.16998,45.38835],[7.17083,45.39167],[7.17845,45.39244],[7.17917,45.40417],[7.16076,45.41631],[7.13091,45.42535],[7.10918,45.43835],[7.09619,45.46008],[7.09548,45.46421],[7.1,45.47083],[7.05091,45.47562],[7.05062,45.48133],[7.0586,45.49488],[7.04167,45.5],[7.01029,45.50057],[7.00085,45.50502],[7.00473,45.51741],[6.99915,45.52832],[6.99241,45.53005],[6.9911,45.53825],[6.9964,45.54658],[6.99223,45.55196],[6.9911,45.56344],[6.99954,45.57291],[6.99491,45.57846],[6.98529,45.57973],[6.9786,45.58825],[6.98277,45.59362],[6.9839,45.61888],[6.98835,45.62832],[7.00332,45.63418],[7.00327,45.64101],[6.98946,45.64223],[6.97304,45.6536],[6.95342,45.65473],[6.93038,45.64527],[6.9246,45.65737],[6.90899,45.6634],[6.90769,45.6781],[6.90342,45.67973],[6.89509,45.67443],[6.88971,45.6786],[6.85612,45.6839],[6.84583,45.69167],[6.8451,45.6992],[6.83394,45.70082],[6.81605,45.72453],[6.82083,45.7375],[6.80904,45.74255],[6.80332,45.77415],[6.8,45.775],[6.80035,45.78159],[6.81215,45.79758],[6.80777,45.81741],[6.81757,45.83686],[6.83554,45.83807],[6.84167,45.84583],[6.8491,45.84517],[6.86171,45.83273],[6.87006,45.83415],[6.87161,45.84504],[6.87699,45.84939],[6.88529,45.8464],[6.91325,45.84527],[6.91862,45.84943],[6.93554,45.85057],[6.94779,45.86193],[6.99911,45.87154],[7.0036,45.88112],[7.00479,45.90326],[7.01165,45.90502],[7.01335,45.91165],[7.02279,45.9161],[7.04076,45.9173],[7.04167,45.92083],[7.04804,45.92027],[7.06862,45.90057],[7.0746,45.89903],[7.08418,45.88002],[7.09127,45.8782],[7.09527,45.87304],[7.1,45.85833],[7.11909,45.85869],[7.15,45.87917],[7.16495,45.87881],[7.17674,45.86285],[7.1992,45.86324],[7.20086,45.87467],[7.21867,45.88688],[7.23703,45.89645],[7.25659,45.89202],[7.26424,45.89965],[7.27326,45.90035],[7.3,45.925],[7.30089,45.92154],[7.31054,45.92027],[7.32425,45.91193],[7.33675,45.91723],[7.34804,45.9161],[7.35748,45.91165],[7.3593,45.90456],[7.36446,45.90057],[7.37842,45.89527],[7.38554,45.8964],[7.39583,45.9],[7.40204,45.90768],[7.41977,45.90907],[7.4221,45.91659],[7.45204,45.93684],[7.47527,45.9383],[7.47146,45.94375],[7.47598,45.95318],[7.49409,45.95869],[7.49829,45.96285],[7.51492,45.96215],[7.52674,45.95452],[7.54074,45.95509],[7.54522,45.96451],[7.54652,45.98669],[7.56034,45.99105],[7.57917,45.99167],[7.57973,45.98112],[7.58841,45.96729],[7.64409,45.97119],[7.65245,45.97952],[7.66495,45.97881],[7.68091,45.95869],[7.68924,45.95452],[7.70662,45.95381],[7.71215,45.94826],[7.71667,45.925],[7.73159,45.92535],[7.74412,45.93785],[7.76076,45.93715],[7.76424,45.93369],[7.77326,45.93298],[7.79341,45.92119],[7.81492,45.92119],[7.81912,45.92535],[7.82742,45.92465],[7.83091,45.92119],[7.84826,45.92048],[7.85174,45.91702],[7.85833,45.91667],[7.87083,45.92917],[7.87742,45.92881],[7.88162,45.92465],[7.89409,45.92535],[7.89792,45.92915],[7.91458,45.92085],[7.91912,45.92535],[7.92326,45.92465],[7.94758,45.90452],[7.9625,45.9],[7.99409,45.91285],[8.01424,45.92881],[8.03159,45.92952],[8.04412,45.93785],[8.05174,45.93369],[8.07083,45.93333],[8.08333,45.92917],[8.08418,45.93248],[8.09167,45.93333],[8.09683,45.93798],[8.11989,45.92864],[8.12692,45.9328],[8.15225,45.93386],[8.16475,45.93803],[8.17804,45.95053],[8.19889,45.94943],[8.21335,45.92585],[8.23241,45.92013],[8.23871,45.90777],[8.24792,45.91203],[8.25196,45.9089],[8.26993,45.9077],[8.2718,45.9004],[8.27696,45.8964],[8.3089,45.88629],[8.3036,45.87575],[8.30542,45.87101],[8.31582,45.86582],[8.32453,45.84792],[8.3214,45.84388],[8.32168,45.83418],[8.32973,45.83212],[8.3286,45.82279],[8.3214,45.81471],[8.32027,45.79779],[8.31667,45.79167],[8.34495,45.78262],[8.35473,45.7676],[8.34943,45.75491],[8.35101,45.75081],[8.35748,45.74915],[8.3625,45.7375],[8.35798,45.71841],[8.35417,45.71457],[8.36008,45.70869],[8.36909,45.70798],[8.37674,45.70035],[8.39804,45.69943],[8.41446,45.68807],[8.42407,45.6868],[8.43277,45.67721],[8.44252,45.65502],[8.4496,45.6532],[8.45507,45.64231],[8.47083,45.62917],[8.47443,45.62304],[8.47557,45.60196],[8.49527,45.56054],[8.50057,45.52696],[8.50777,45.51888],[8.5089,45.50196],[8.5161,45.49388],[8.52168,45.48002],[8.52877,45.4782],[8.53333,45.47083],[8.54093,45.47006],[8.54231,45.45203],[8.55096,45.43846],[8.55759,45.43647],[8.55869,45.41841],[8.56285,45.41421],[8.55869,45.40174],[8.57048,45.38992],[8.57119,45.35591],[8.58298,45.33159],[8.58369,45.29758],[8.5875,45.29167],[8.58399,45.29077],[8.58333,45.28333],[8.58002,45.28248],[8.57557,45.27304],[8.56723,45.24388],[8.5661,45.23675],[8.5718,45.2254],[8.57696,45.2214],[8.59493,45.2202],[8.59583,45.21667],[8.6115,45.21606],[8.61752,45.20502],[8.63273,45.19909],[8.6339,45.16862],[8.6411,45.16054],[8.64654,45.13422],[8.66188,45.12826],[8.6625,45.11667],[8.67742,45.12048],[8.68418,45.11335],[8.69108,45.11158],[8.70057,45.10094],[8.69587,45.0932],[8.71179,45.08245],[8.7132,45.07175],[8.7246,45.0657],[8.7286,45.06054],[8.72987,45.05093],[8.73946,45.04223],[8.75741,45.0368],[8.76693,45.0178],[8.7625,45.01667],[8.7625,45.0125],[8.75591,45.01215],[8.73971,45.00057],[8.72279,44.99943],[8.71054,44.99223],[8.69362,44.9911],[8.67172,44.97014],[8.66993,44.96316],[8.6625,44.9625],[8.65742,44.97438],[8.63424,44.97562],[8.63248,44.98248],[8.59804,44.99527],[8.56862,44.9964],[8.55759,45.00057],[8.55208,44.9963],[8.54792,44.99953],[8.53675,44.99527],[8.53138,44.99943],[8.51592,45.00057],[8.50833,44.99583],[8.49826,45.00381],[8.48995,45.00452],[8.48159,44.99619],[8.46912,44.99548],[8.46458,44.99999],[8.44409,44.97952],[8.41758,44.97856],[8.41585,44.9718],[8.41151,44.97027],[8.39509,44.9839],[8.37009,44.97443],[8.34804,44.98277],[8.32174,44.98395],[8.31993,44.99101],[8.30612,44.99223],[8.29388,44.99943],[8.26841,45.00035],[8.25869,45.01005],[8.25833,45.05],[8.24388,45.05777],[8.23529,45.0589],[8.23013,45.0629],[8.22828,45.07012],[8.21862,45.0714],[8.21054,45.0786],[8.19779,45.07973],[8.19375,45.08286],[8.18184,45.06668],[8.17721,45.07027],[8.15196,45.0714],[8.14388,45.0786],[8.10196,45.07973],[8.08529,45.0839],[8.07304,45.09527],[8.05638,45.1036],[8.02258,45.10869],[8.01458,45.11665],[8.01042,45.11251],[8.00659,45.11631],[7.99583,45.11667],[7.99462,45.12091],[7.97611,45.10804],[7.97072,45.09699],[7.96327,45.09486],[7.96155,45.08307],[7.94383,45.09105],[7.925,45.09167],[7.92535,45.08091],[7.93298,45.06492],[7.93333,45.03333],[7.93665,45.03248],[7.94527,45.01888],[7.9464,45.00612],[7.9536,44.99388],[7.95473,44.97279],[7.9589,44.96741],[7.95463,44.95624],[7.96193,44.94804],[7.96307,44.93529],[7.96723,44.92991],[7.96604,44.90932],[7.9536,44.90295],[7.95473,44.88946],[7.96307,44.87158],[7.95057,44.85638],[7.95,44.84167],[7.9534,44.84069],[7.95497,44.8299],[7.96985,44.82845],[7.97083,44.825],[7.9634,44.82434],[7.9616,44.81733],[7.94779,44.8161],[7.93971,44.8089],[7.92474,44.80303],[7.9287,44.79791],[7.91667,44.7875],[7.91667,44.775],[7.91321,44.77411],[7.91179,44.76339],[7.90479,44.76159],[7.90417,44.75],[7.88435,44.74504],[7.88237,44.73846],[7.87596,44.73654],[7.86617,44.72163],[7.84975,44.71996],[7.85481,44.70801],[7.83322,44.67199],[7.81451,44.66605],[7.79676,44.65324],[7.79087,44.63413],[7.78117,44.63272],[7.77194,44.6247],[7.76213,44.60936],[7.75553,44.60772],[7.75417,44.6125],[7.75085,44.61165],[7.7411,44.58112],[7.7339,44.57304],[7.73263,44.56344],[7.71471,44.5464],[7.70918,44.54498],[7.70745,44.53821],[7.68138,44.51307],[7.66029,44.49943],[7.61909,44.45869],[7.58159,44.43785],[7.56421,44.43298],[7.54619,44.41492],[7.54493,44.40899],[7.5375,44.40833],[7.53665,44.40502],[7.52279,44.39943],[7.51054,44.38807],[7.49231,44.37826],[7.47973,44.36471],[7.47795,44.35777],[7.40612,44.3589],[7.38373,44.36763],[7.37917,44.37917],[7.37279,44.3786],[7.35638,44.36723],[7.33424,44.36604],[7.33245,44.35904],[7.30833,44.35417],[7.28924,44.35452],[7.27326,44.36631],[7.26079,44.36702],[7.25659,44.36285],[7.24828,44.36215],[7.23159,44.37881],[7.21079,44.37952],[7.20659,44.37535],[7.18162,44.37465],[7.16875,44.38332],[7.16458,44.37918],[7.16076,44.38298],[7.14341,44.38369],[7.13992,44.38715],[7.09341,44.38785],[7.08992,44.39131],[7.06912,44.39202],[7.05659,44.37952],[7.03162,44.37881],[7.01492,44.39548],[6.99826,44.40381],[6.98579,44.39965],[6.96008,44.41285],[6.94829,44.42881],[6.9375,44.43333],[6.93673,44.4409],[6.92287,44.44231],[6.90921,44.45466],[6.90751,44.46584],[6.88953,44.47148],[6.87619,44.48354],[6.8536,44.52009],[6.85484,44.53238],[6.86582,44.53835],[6.86757,44.54517],[6.88138,44.5464],[6.89362,44.55777],[6.91054,44.5589],[6.9286,44.57279],[6.92973,44.58971],[6.93418,44.59915],[6.94108,44.60092],[6.94943,44.61029],[6.95071,44.61995],[6.9586,44.62197],[6.95473,44.62696],[6.9536,44.63971],[6.94915,44.64915],[6.94583,44.65],[6.9578,44.66442],[6.95894,44.67823],[6.9635,44.67965],[6.96876,44.67538],[6.9875,44.69167],[7.03159,44.69131],[7.05591,44.67952],[7.075,44.67917],[7.07465,44.69409],[7.06702,44.70174],[7.06667,44.71667],[7.04362,44.71723],[7.03013,44.7254],[7.0214,44.74779],[7.02022,44.77409],[7.01335,44.77585],[7.0036,44.79241],[7.02083,44.825]]]},"properties":{"hybas_id":"2060551820","pfaf_id":"214069","sub_area":"17452.2","up_area":"17452.6","next_down":"2060548430","main_bas":"2060013010","kind":"basin","source":"local-hydrobasins"}},{"type":"Feature","geometry":{"type":"MultiPolygon","coordinates":[[[[12.31528,44.8],[12.29099,44.80077],[12.29511,44.80485],[12.31643,44.80336],[12.31528,44.8]]],[[[12.41528,44.82083],[12.41188,44.82355],[12.4138,44.82916],[12.41993,44.83363],[12.42068,44.82759],[12.41528,44.82083]]],[[[11.9875,44.90417],[11.99804,44.90473],[12.01136,44.91276],[12.01706,44.90097],[12.02709,44.8963],[12.03658,44.90475],[12.05,44.925],[12.03841,44.92562],[12.03335,44.93042],[12.03686,44.93537],[12.04244,44.9659],[12.08645,44.97153],[12.08854,44.97846],[12.11146,44.97987],[12.11613,44.98968],[12.12116,44.99231],[12.1437,44.98398],[12.15272,44.98269],[12.15417,44.9875],[12.16054,44.98693],[12.16862,44.97973],[12.19909,44.97856],[12.20089,44.97154],[12.21054,44.97027],[12.22279,44.96307],[12.25221,44.95777],[12.26029,44.95057],[12.28138,44.94943],[12.29167,44.94583],[12.32721,44.94527],[12.3574,44.92443],[12.36592,44.92973],[12.40638,44.92557],[12.41998,44.93418],[12.42205,44.94223],[12.43112,44.93807],[12.44804,44.93693],[12.46175,44.9286],[12.47819,44.92981],[12.48277,44.93529],[12.48399,44.94904],[12.48946,44.9536],[12.51667,44.95833],[12.51601,44.9509],[12.50777,44.94879],[12.51667,44.94167],[12.51602,44.9312],[12.50898,44.92297],[12.50769,44.91453],[12.46987,44.84263],[12.43782,44.82852],[12.42852,44.83033],[12.43013,44.83675],[12.44648,44.83842],[12.42977,44.85208],[12.43814,44.86634],[12.4368,44.89508],[12.42041,44.8964],[12.40399,44.89069],[12.40829,44.88463],[12.3968,44.8782],[12.39168,44.86792],[12.40002,44.8654],[12.40773,44.85208],[12.39592,44.83052],[12.41036,44.81731],[12.42564,44.81575],[12.42396,44.80871],[12.4063,44.79231],[12.38782,44.78269],[12.33414,44.78401],[12.32472,44.79917],[12.33087,44.79967],[12.34968,44.79102],[12.35392,44.79324],[12.35005,44.79871],[12.35625,44.80357],[12.36603,44.79519],[12.37148,44.79772],[12.36047,44.80769],[12.35414,44.8096],[12.35,44.81667],[12.33924,44.81702],[12.32326,44.83298],[12.31752,44.83418],[12.31576,44.84102],[12.29925,44.84223],[12.27175,44.82442],[12.27083,44.82083],[12.28655,44.82027],[12.28802,44.81554],[12.27553,44.80225],[12.25053,44.76058],[12.2453,44.71442],[12.24114,44.70927],[12.2422,44.68942],[12.24583,44.67917],[12.24934,44.67827],[12.25473,44.65196],[12.28287,44.61876],[12.2786,44.61325],[12.27984,44.6009],[12.28807,44.59879],[12.28669,44.59253],[12.28333,44.59167],[12.2822,44.5961],[12.275,44.59167],[12.27083,44.59583],[12.27027,44.61471],[12.25057,44.63946],[12.24512,44.65745],[12.2341,44.65756],[12.23262,44.643],[12.22884,44.64102],[12.22209,44.64581],[12.21982,44.65337],[12.2063,44.65769],[12.17703,44.65898],[12.1563,44.66602],[12.10384,44.66731],[12.09167,44.6625],[12.07589,44.66738],[12.07415,44.67415],[12.07083,44.675],[12.06962,44.67027],[12.05625,44.67453],[12.05221,44.6714],[12.01029,44.66723],[11.99672,44.67154],[11.99493,44.67853],[11.97696,44.67973],[11.95058,44.69259],[11.94167,44.70417],[11.94603,44.71128],[11.94497,44.71603],[11.92591,44.7173],[11.91578,44.72846],[11.90612,44.72973],[11.89804,44.73693],[11.88554,44.7411],[11.86029,44.74223],[11.85085,44.74668],[11.84494,44.7576],[11.83656,44.7589],[11.82592,44.74942],[11.82415,44.74252],[11.81471,44.73807],[11.79925,44.73693],[11.79388,44.7411],[11.78259,44.74223],[11.77396,44.73693],[11.74589,44.76406],[11.74954,44.76876],[11.74082,44.78248],[11.7375,44.78333],[11.72721,44.77557],[11.72009,44.77443],[11.71175,44.77973],[11.69804,44.7714],[11.68423,44.77017],[11.68248,44.76335],[11.67917,44.7625],[11.65759,44.76723],[11.65,44.7625],[11.65,44.74583],[11.64676,44.74491],[11.64139,44.73426],[11.63286,44.73272],[11.61867,44.73812],[11.59799,44.75355],[11.58432,44.75488],[11.57556,44.76874],[11.57978,44.77574],[11.57145,44.78534],[11.57015,44.80752],[11.55931,44.8091],[11.55337,44.8201],[11.53542,44.82444],[11.52453,44.82022],[11.49799,44.83688],[11.48703,44.83812],[11.47917,44.83333],[11.4839,44.85712],[11.45417,44.86667],[11.45381,44.87742],[11.45001,44.88125],[11.45381,44.88508],[11.45417,44.89583],[11.46008,44.89202],[11.47326,44.89131],[11.47745,44.88715],[11.48992,44.89202],[11.49828,44.90035],[11.52326,44.89965],[11.54341,44.88369],[11.55242,44.88298],[11.56841,44.87119],[11.575,44.87083],[11.58091,44.86285],[11.58576,44.86215],[11.61008,44.84202],[11.62083,44.84167],[11.63159,44.84619],[11.65174,44.86215],[11.66492,44.86285],[11.67674,44.87048],[11.68576,44.87119],[11.69341,44.87881],[11.71492,44.88369],[11.71912,44.88785],[11.73159,44.88715],[11.73542,44.88335],[11.73924,44.88715],[11.7625,44.8875],[11.76285,44.89409],[11.77881,44.91008],[11.77917,44.91667],[11.78333,44.91667],[11.78423,44.92017],[11.81159,44.92144],[11.81335,44.92832],[11.82279,44.93277],[11.85638,44.9339],[11.86175,44.93807],[11.92917,44.93333],[11.93529,44.92557],[11.95638,44.92443],[11.97415,44.91582],[11.97589,44.90904],[11.98661,44.90762],[11.9875,44.90417]],[[12.49444,44.90417],[12.50777,44.93542],[12.5024,44.94213],[12.4924,44.94089],[12.48812,44.92299],[12.48688,44.90511],[12.49444,44.90417]],[[12.47361,44.86667],[12.4735,44.87109],[12.47037,44.86831],[12.47361,44.86667]]]]},"properties":{"hybas_id":"2060013020","pfaf_id":"214070","sub_area":"1561.8","up_area":"1561.8","next_down":"0","main_bas":"2060013020","kind":"basin","source":"local-hydrobasins"}},{"type":"Feature","geometry":{"type":"Polygon","coordinates":[[[11.6,44.11667],[11.59901,44.11322],[11.58414,44.11176],[11.58251,44.1006],[11.55633,44.07978],[11.54367,44.07855],[11.52716,44.07145],[11.50617,44.07022],[11.49676,44.06574],[11.49583,44.05],[11.4875,44.04583],[11.48659,44.04939],[11.46029,44.05057],[11.45625,44.0537],[11.45208,44.05047],[11.44792,44.0537],[11.44388,44.05057],[11.39509,44.04527],[11.38333,44.05],[11.37822,44.05757],[11.37275,44.05886],[11.36743,44.06345],[11.3659,44.06992],[11.36156,44.07136],[11.35323,44.06614],[11.34808,44.0703],[11.33091,44.07119],[11.32326,44.07881],[11.31008,44.07952],[11.30659,44.08298],[11.28508,44.08785],[11.27083,44.1],[11.26492,44.09202],[11.24758,44.09131],[11.24338,44.08715],[11.23091,44.09131],[11.22292,44.08335],[11.21909,44.08715],[11.20174,44.09131],[11.18992,44.07952],[11.18333,44.07917],[11.17699,44.07977],[11.16876,44.08697],[11.15363,44.08273],[11.14801,44.08689],[11.13279,44.08811],[11.12576,44.08289],[11.11744,44.08412],[11.1125,44.1],[11.09258,44.0994],[11.09077,44.09233],[11.08333,44.09167],[11.07853,44.05924],[11.07123,44.05737],[11.0589,44.03971],[11.05473,44.03138],[11.05351,44.01763],[11.03418,44.00748],[11.02742,44.00035],[11.00196,44.00057],[10.99252,44.00502],[10.99082,44.01165],[10.98418,44.01335],[10.98333,44.01667],[10.95759,44.01193],[10.94362,44.01723],[10.93397,44.02174],[10.9327,44.04076],[10.92829,44.04509],[10.92009,44.0464],[10.90638,44.03807],[10.88946,44.03277],[10.85638,44.00057],[10.83259,43.99943],[10.82425,44.00473],[10.81888,44.00057],[10.80833,44.0],[10.80047,44.01458],[10.80502,44.02415],[10.82721,44.02973],[10.83237,44.03373],[10.8411,44.04779],[10.84223,44.0551],[10.8339,44.06446],[10.83277,44.07158],[10.83835,44.08248],[10.84934,44.08846],[10.85,44.09583],[10.84498,44.10748],[10.82917,44.11667],[10.82973,44.12721],[10.83422,44.13679],[10.84388,44.13807],[10.85612,44.14943],[10.86149,44.15081],[10.86307,44.15491],[10.85777,44.1676],[10.8866,44.19231],[10.88835,44.19915],[10.89498,44.20085],[10.89673,44.20767],[10.91054,44.2089],[10.92721,44.21723],[10.94522,44.23435],[10.94583,44.24583],[10.96883,44.25478],[10.97384,44.25845],[10.97593,44.26574],[11.00201,44.27855],[11.01179,44.27997],[11.01312,44.29799],[11.01667,44.30417],[11.00777,44.32599],[11.02103,44.34028],[11.01592,44.34223],[11.00323,44.33693],[10.99259,44.34642],[10.99078,44.35346],[10.98112,44.35473],[10.96792,44.36268],[10.9661,44.36741],[10.97036,44.37292],[10.95833,44.4],[10.95869,44.41912],[10.96424,44.42465],[10.97742,44.42535],[11.00591,44.43715],[11.0375,44.4375],[11.03785,44.44409],[11.04165,44.44792],[11.03715,44.45588],[11.04965,44.46841],[11.05097,44.5159],[11.06171,44.51746],[11.06312,44.52716],[11.07176,44.54074],[11.09367,44.54938],[11.10735,44.55072],[11.1253,44.57806],[11.16574,44.59676],[11.16667,44.6],[11.17826,44.60062],[11.18013,44.60794],[11.19074,44.61343],[11.19265,44.62012],[11.20753,44.62157],[11.21261,44.63634],[11.22015,44.6385],[11.22145,44.65907],[11.21232,44.66959],[11.22006,44.67181],[11.22952,44.71076],[11.23715,44.71841],[11.24202,44.73576],[11.24755,44.74131],[11.25659,44.74202],[11.26631,44.75171],[11.27119,44.76492],[11.28505,44.77881],[11.29826,44.77952],[11.30659,44.78369],[11.32464,44.80171],[11.32917,44.82083],[11.34093,44.82978],[11.35337,44.82842],[11.35498,44.81734],[11.38133,44.81605],[11.38542,44.81306],[11.3912,44.81728],[11.40319,44.81593],[11.40533,44.80845],[11.41042,44.80473],[11.41458,44.80777],[11.41875,44.80473],[11.43549,44.80895],[11.44367,44.81605],[11.45417,44.81667],[11.45502,44.81998],[11.46165,44.82168],[11.46335,44.82832],[11.47279,44.83277],[11.48703,44.83812],[11.49799,44.83688],[11.52453,44.82022],[11.53542,44.82444],[11.55337,44.8201],[11.55931,44.8091],[11.57015,44.80752],[11.57145,44.78534],[11.57978,44.77574],[11.57556,44.76874],[11.58432,44.75488],[11.59799,44.75355],[11.61867,44.73812],[11.63286,44.73272],[11.64139,44.73426],[11.64676,44.74491],[11.65,44.74583],[11.65,44.7625],[11.65759,44.76723],[11.67917,44.7625],[11.68248,44.76335],[11.68423,44.77017],[11.69804,44.7714],[11.71175,44.77973],[11.72009,44.77443],[11.72721,44.77557],[11.7375,44.78333],[11.74082,44.78248],[11.74954,44.76876],[11.74589,44.76406],[11.77396,44.73693],[11.78259,44.74223],[11.79388,44.7411],[11.79925,44.73693],[11.81471,44.73807],[11.82415,44.74252],[11.82592,44.74942],[11.83656,44.7589],[11.84494,44.7576],[11.85085,44.74668],[11.86029,44.74223],[11.88554,44.7411],[11.89804,44.73693],[11.90612,44.72973],[11.91578,44.72846],[11.92591,44.7173],[11.94497,44.71603],[11.94603,44.71128],[11.94167,44.70417],[11.95058,44.69259],[11.97696,44.67973],[11.99493,44.67853],[11.99672,44.67154],[12.01029,44.66723],[12.05221,44.6714],[12.05625,44.67453],[12.06962,44.67027],[12.07083,44.675],[12.07415,44.67415],[12.07589,44.66738],[12.09167,44.6625],[12.10384,44.66731],[12.1563,44.66602],[12.17703,44.65898],[12.2063,44.65769],[12.21982,44.65337],[12.22209,44.64581],[12.22884,44.64102],[12.23262,44.643],[12.2341,44.65756],[12.24512,44.65745],[12.25057,44.63946],[12.27027,44.61471],[12.27083,44.59583],[12.275,44.59167],[12.2822,44.5961],[12.2786,44.55612],[12.275,44.54583],[12.24259,44.54642],[12.24077,44.55351],[12.22279,44.5536],[12.21335,44.54915],[12.21165,44.54252],[12.19779,44.53693],[12.18138,44.5214],[12.16424,44.52048],[12.14826,44.51285],[12.09341,44.51215],[12.07742,44.50035],[12.06008,44.50035],[12.04583,44.50833],[12.04498,44.50502],[12.01471,44.4839],[12.0009,44.48267],[11.9991,44.47566],[11.98529,44.47443],[11.96318,44.46577],[11.9464,44.44804],[11.94498,44.44252],[11.9379,44.4407],[11.93277,44.43408],[11.9411,44.42304],[11.94223,44.40196],[11.9464,44.39658],[11.93659,44.37561],[11.91029,44.37443],[11.87585,44.36165],[11.87403,44.35456],[11.8625,44.35],[11.86188,44.33851],[11.84804,44.32557],[11.83392,44.31991],[11.82557,44.31054],[11.81723,44.29388],[11.81596,44.28427],[11.78845,44.26234],[11.78669,44.25104],[11.77712,44.24649],[11.75492,44.2451],[11.75341,44.22572],[11.72704,44.22434],[11.71879,44.21732],[11.69371,44.20768],[11.65965,44.18759],[11.64176,44.15548],[11.63403,44.1531],[11.63333,44.1375],[11.61347,44.1246],[11.61159,44.11729],[11.6,44.11667]]]},"properties":{"hybas_id":"2060013100","pfaf_id":"214080","sub_area":"5614.9","up_area":"5615.1","next_down":"0","main_bas":"2060013100","kind":"basin","source":"local-hydrobasins"}},{"type":"Feature","geometry":{"type":"Polygon","coordinates":[[[13.0125,42.95],[13.00833,42.95],[13.00756,42.95761],[12.98537,42.95898],[12.98042,42.96248],[12.9782,42.95513],[12.96841,42.95452],[12.95036,42.96838],[12.94934,42.97827],[12.94583,42.97917],[12.91342,42.97858],[12.91158,42.97143],[12.89167,42.97083],[12.89078,42.97429],[12.88112,42.97557],[12.87597,42.97956],[12.86608,42.99491],[12.85904,42.99672],[12.85777,43.00638],[12.84909,43.02021],[12.8375,43.02083],[12.83337,43.03197],[12.84938,43.04367],[12.85487,43.07419],[12.86466,43.07562],[12.88333,43.09167],[12.88273,43.11992],[12.87304,43.12443],[12.83946,43.12557],[12.83399,43.13013],[12.83277,43.14388],[12.82557,43.16446],[12.82443,43.19241],[12.83785,43.22672],[12.82952,43.23508],[12.82917,43.24583],[12.82258,43.24619],[12.81702,43.25171],[12.81593,43.27003],[12.80617,43.27145],[12.78272,43.2865],[12.79914,43.292],[12.80361,43.30625],[12.79938,43.31297],[12.80361,43.31876],[12.78333,43.34583],[12.77696,43.3464],[12.76471,43.35777],[12.75196,43.3589],[12.7384,43.37148],[12.73235,43.3827],[12.71446,43.3839],[12.7093,43.3879],[12.70743,43.3952],[12.68946,43.3964],[12.67842,43.40057],[12.67304,43.3964],[12.66029,43.39527],[12.63971,43.3839],[12.62696,43.38277],[12.61876,43.37546],[12.60502,43.38002],[12.60417,43.3875],[12.6,43.3875],[12.59923,43.39075],[12.59489,43.3922],[12.58975,43.38803],[12.58091,43.38785],[12.57326,43.39548],[12.54661,43.40072],[12.54519,43.41464],[12.52621,43.42932],[12.52083,43.44167],[12.51458,43.44529],[12.50909,43.44122],[12.50078,43.44245],[12.49599,43.45677],[12.49113,43.45894],[12.48333,43.45417],[12.47877,43.4657],[12.47279,43.46723],[12.45924,43.47981],[12.44583,43.50833],[12.43162,43.50381],[12.42329,43.50869],[12.41495,43.50381],[12.41076,43.50798],[12.40417,43.50833],[12.40329,43.51176],[12.39509,43.51307],[12.38958,43.5088],[12.37696,43.51307],[12.36888,43.52027],[12.3375,43.525],[12.33665,43.52832],[12.33002,43.53002],[12.3246,43.5407],[12.31767,43.54248],[12.3161,43.54658],[12.32027,43.55196],[12.3214,43.56129],[12.30896,43.56758],[12.30833,43.57917],[12.28508,43.57952],[12.28159,43.58298],[12.26008,43.58785],[12.24826,43.59548],[12.22083,43.59583],[12.21285,43.61008],[12.21215,43.61909],[12.20245,43.62881],[12.19341,43.62952],[12.18369,43.63921],[12.18333,43.64583],[12.17742,43.64965],[12.16667,43.65],[12.16601,43.65743],[12.15196,43.66307],[12.14583,43.67083],[12.125,43.675],[12.11185,43.69076],[12.09675,43.70058],[12.08807,43.71446],[12.08684,43.72827],[12.07499,43.73485],[12.08066,43.74165],[12.08542,43.73797],[12.09388,43.74223],[12.10417,43.75417],[12.10381,43.76076],[12.09619,43.77258],[12.09583,43.7875],[12.08576,43.79548],[12.05662,43.79131],[12.05242,43.79548],[12.04362,43.79527],[12.03554,43.78807],[12.02696,43.78693],[12.01321,43.77828],[12.01193,43.76862],[12.00732,43.7631],[11.9875,43.7625],[11.95079,43.77579],[11.94938,43.78549],[11.94498,43.79099],[11.91867,43.79228],[11.9125,43.79583],[11.90833,43.80833],[11.85245,43.81285],[11.84826,43.80869],[11.83579,43.80798],[11.83159,43.81215],[11.82258,43.81285],[11.80332,43.83248],[11.79779,43.8339],[11.78554,43.84527],[11.75638,43.85777],[11.74362,43.8589],[11.71752,43.87585],[11.71667,43.87917],[11.70833,43.87917],[11.70833,43.89167],[11.7009,43.89233],[11.69527,43.91054],[11.67917,43.93333],[11.65196,43.93807],[11.63554,43.9536],[11.63002,43.95502],[11.62832,43.96165],[11.61888,43.9661],[11.60507,43.96733],[11.59826,43.97465],[11.5875,43.975],[11.58162,43.98298],[11.56841,43.98369],[11.55659,43.99548],[11.54826,43.99965],[11.53508,44.00035],[11.51912,44.02048],[11.50591,44.02119],[11.49826,44.02881],[11.4875,44.02917],[11.48298,44.03921],[11.4875,44.04583],[11.49583,44.05],[11.49676,44.06574],[11.50617,44.07022],[11.52716,44.07145],[11.54367,44.07855],[11.55633,44.07978],[11.58251,44.1006],[11.58414,44.11176],[11.61159,44.11729],[11.61347,44.1246],[11.63333,44.1375],[11.63403,44.1531],[11.64176,44.15548],[11.65965,44.18759],[11.69371,44.20768],[11.71879,44.21732],[11.72704,44.22434],[11.75341,44.22572],[11.75492,44.2451],[11.77712,44.24649],[11.78669,44.25104],[11.78845,44.26234],[11.81596,44.28427],[11.81723,44.29388],[11.82557,44.31054],[11.83392,44.31991],[11.84804,44.32557],[11.86188,44.33851],[11.8625,44.35],[11.87403,44.35456],[11.87585,44.36165],[11.91029,44.37443],[11.93659,44.37561],[11.9464,44.39658],[11.94223,44.40196],[11.9411,44.42304],[11.93277,44.43408],[11.9379,44.4407],[11.94498,44.44252],[11.9464,44.44804],[11.96318,44.46577],[11.98529,44.47443],[11.9991,44.47566],[12.0009,44.48267],[12.01471,44.4839],[12.04498,44.50502],[12.04583,44.50833],[12.06008,44.50035],[12.07742,44.50035],[12.09341,44.51215],[12.14826,44.51285],[12.16424,44.52048],[12.18138,44.5214],[12.19779,44.53693],[12.21165,44.54252],[12.21335,44.54915],[12.22279,44.5536],[12.24077,44.55351],[12.24259,44.54642],[12.275,44.54583],[12.2786,44.55612],[12.27977,44.59075],[12.28333,44.59167],[12.28785,44.58505],[12.28715,44.55174],[12.28369,44.54826],[12.28392,44.49675],[12.29223,44.49462],[12.28693,44.48408],[12.28807,44.47279],[12.3036,44.43971],[12.30473,44.43112],[12.3161,44.41471],[12.32119,44.38508],[12.32465,44.38159],[12.32535,44.36424],[12.34548,44.32326],[12.35869,44.27258],[12.37535,44.23924],[12.4,44.20833],[12.40662,44.20798],[12.4375,44.175],[12.45245,44.16631],[12.47083,44.14583],[12.47742,44.14548],[12.51008,44.11285],[12.51492,44.11215],[12.55591,44.07952],[12.57721,44.0786],[12.63529,44.02557],[12.68946,43.98807],[12.70612,43.97973],[12.71578,43.97846],[12.71667,43.975],[12.72326,43.97465],[12.72674,43.97119],[12.80242,43.96631],[12.83508,43.95035],[12.86492,43.94131],[12.89341,43.92535],[12.9,43.925],[12.90121,43.92973],[12.90638,43.9286],[12.93946,43.90057],[12.99362,43.86307],[13.00748,43.85748],[13.00833,43.85417],[13.02326,43.85381],[13.03091,43.84619],[13.05246,43.83714],[13.05833,43.82917],[13.06471,43.8286],[13.07721,43.82027],[13.12279,43.7839],[13.14779,43.76723],[13.16998,43.75748],[13.17083,43.75417],[13.21165,43.72832],[13.2125,43.725],[13.22304,43.72443],[13.23946,43.7089],[13.25221,43.7036],[13.28112,43.6839],[13.33529,43.6589],[13.34388,43.65777],[13.35332,43.65332],[13.35417,43.65],[13.36992,43.64939],[13.37083,43.64583],[13.38133,43.64522],[13.41451,43.62562],[13.45201,43.61312],[13.47299,43.61188],[13.47795,43.60826],[13.48014,43.6159],[13.49087,43.61746],[13.49244,43.6282],[13.5037,43.63395],[13.51049,43.63272],[13.52284,43.62562],[13.53133,43.62438],[13.54367,43.61312],[13.54961,43.61142],[13.56605,43.59383],[13.57169,43.57533],[13.57701,43.57145],[13.58534,43.56728],[13.60216,43.56605],[13.61867,43.55478],[13.62819,43.5534],[13.6333,43.54303],[13.625,43.5375],[13.62535,43.52674],[13.62952,43.52255],[13.62535,43.50174],[13.63715,43.48992],[13.6375,43.48333],[13.64548,43.47742],[13.65869,43.44758],[13.67048,43.43576],[13.67083,43.425],[13.67407,43.42407],[13.68688,43.39799],[13.68812,43.38951],[13.70355,43.36049],[13.70895,43.34367],[13.72597,43.31743],[13.73671,43.31587],[13.73812,43.30617],[13.74522,43.29799],[13.74583,43.29167],[13.75381,43.28576],[13.76702,43.25591],[13.77465,43.24826],[13.775,43.24167],[13.78298,43.23576],[13.79202,43.20174],[13.80452,43.17674],[13.81631,43.16492],[13.81702,43.15174],[13.82119,43.14341],[13.84131,43.11492],[13.84167,43.10833],[13.84512,43.10745],[13.84943,43.09388],[13.85057,43.06862],[13.86193,43.03971],[13.875,42.98333],[13.87846,42.98245],[13.88418,42.96335],[13.89103,42.96159],[13.89223,42.94362],[13.91193,42.91054],[13.91285,42.90174],[13.92048,42.89409],[13.92535,42.86841],[13.92881,42.86492],[13.92952,42.85174],[13.93298,42.84826],[13.93369,42.83508],[13.94548,42.81076],[13.94619,42.80174],[13.95798,42.78159],[13.95833,42.775],[13.96157,42.77407],[13.96764,42.7591],[13.97843,42.75753],[13.98333,42.73333],[13.98665,42.73248],[14.00473,42.69779],[14.0375,42.65833],[14.04498,42.65332],[14.0589,42.62696],[14.09943,42.58138],[14.10089,42.57572],[14.13112,42.5464],[14.1371,42.54487],[14.15,42.52917],[14.15662,42.52881],[14.20196,42.4839],[14.21998,42.47415],[14.22017,42.4634],[14.21667,42.4625],[14.20659,42.47048],[14.18924,42.47119],[14.17742,42.47881],[14.13946,42.4786],[14.1343,42.4746],[14.13248,42.46752],[14.12585,42.46582],[14.12411,42.45904],[14.11042,42.45464],[14.10417,42.45833],[14.10332,42.45502],[14.07123,42.4407],[14.06582,42.43002],[14.03418,42.41582],[14.03241,42.40892],[14.01725,42.39908],[14.00833,42.3875],[13.99341,42.38715],[13.98992,42.38369],[13.96495,42.38298],[13.96076,42.38715],[13.94829,42.38785],[13.94409,42.38369],[13.93579,42.38298],[13.93159,42.38715],[13.91008,42.38785],[13.90659,42.39131],[13.89412,42.39202],[13.88958,42.38751],[13.87742,42.39548],[13.85591,42.39619],[13.85242,42.39965],[13.84412,42.40035],[13.83992,42.39619],[13.83002,42.39498],[13.82557,42.38554],[13.82434,42.37173],[13.81702,42.36492],[13.8125,42.3375],[13.79758,42.34202],[13.775,42.36667],[13.74362,42.37973],[13.73554,42.38693],[13.67842,42.39223],[13.67304,42.38807],[13.65923,42.38684],[13.65833,42.38333],[13.65174,42.38369],[13.64826,42.38715],[13.63924,42.38785],[13.62745,42.40381],[13.61424,42.40452],[13.61076,42.40798],[13.59758,42.40869],[13.59409,42.41215],[13.57917,42.4125],[13.57881,42.42742],[13.56286,42.43921],[13.55662,42.44964],[13.53091,42.45035],[13.52742,42.45381],[13.51424,42.45452],[13.51076,42.45798],[13.47674,42.45869],[13.47326,42.46215],[13.42674,42.46702],[13.42292,42.47082],[13.41909,42.46702],[13.40591,42.46631],[13.40242,42.46285],[13.39583,42.4625],[13.39167,42.46667],[13.36424,42.46702],[13.34619,42.48505],[13.34548,42.49826],[13.34131,42.50659],[13.32952,42.51841],[13.32881,42.52742],[13.31702,42.53924],[13.3161,42.54804],[13.29223,42.57279],[13.29086,42.57816],[13.28675,42.57973],[13.28138,42.57557],[13.27172,42.57429],[13.26627,42.56347],[13.25918,42.56165],[13.2572,42.5539],[13.23971,42.56193],[13.22917,42.5625],[13.22205,42.57557],[13.21545,42.56193],[13.2089,42.56862],[13.20869,42.58159],[13.22037,42.60209],[13.21157,42.6118],[13.20196,42.61307],[13.1757,42.63426],[13.17443,42.64388],[13.16998,42.65332],[13.16667,42.65417],[13.16667,42.65833],[13.18714,42.67255],[13.18684,42.6866],[13.18333,42.6875],[13.1839,42.70221],[13.19223,42.71741],[13.18797,42.72292],[13.1912,42.72708],[13.18693,42.74045],[13.19938,42.74682],[13.2,42.75833],[13.2188,42.75898],[13.22292,42.76189],[13.22708,42.75894],[13.2312,42.76186],[13.24923,42.76324],[13.25064,42.77713],[13.25769,42.78953],[13.26186,42.8062],[13.2625,42.81667],[13.25452,42.82254],[13.25035,42.83091],[13.24965,42.84409],[13.24131,42.86076],[13.23369,42.86841],[13.23333,42.87917],[13.22917,42.87917],[13.21627,42.89903],[13.20918,42.90085],[13.20046,42.91457],[13.20456,42.91987],[13.21983,42.92581],[13.2214,42.92991],[13.21723,42.93529],[13.21667,42.95],[13.20417,42.9625],[13.19758,42.96285],[13.19409,42.96631],[13.16424,42.96702],[13.14583,42.97917],[13.11156,42.9536],[13.09583,42.97083],[13.08975,42.9672],[13.07692,42.96614],[13.04888,42.9453],[13.03221,42.95886],[13.0178,42.94531],[13.0125,42.95]]]},"properties":{"hybas_id":"2060013110","pfaf_id":"214091","sub_area":"17159.8","up_area":"17159.8","next_down":"0","main_bas":"2060013110","kind":"basin","source":"local-hydrobasins"}},{"type":"Feature","geometry":{"type":"Polygon","coordinates":[[[13.8125,42.3375],[13.81702,42.36492],[13.82434,42.37173],[13.82557,42.38554],[13.83002,42.39498],[13.83992,42.39619],[13.84412,42.40035],[13.85242,42.39965],[13.85591,42.39619],[13.87742,42.39548],[13.88958,42.38751],[13.89412,42.39202],[13.90659,42.39131],[13.91008,42.38785],[13.93159,42.38715],[13.93579,42.38298],[13.94409,42.38369],[13.94829,42.38785],[13.96076,42.38715],[13.96495,42.38298],[13.98992,42.38369],[13.99341,42.38715],[14.00833,42.3875],[14.01725,42.39908],[14.03241,42.40892],[14.03418,42.41582],[14.06582,42.43002],[14.07123,42.4407],[14.10332,42.45502],[14.10417,42.45833],[14.11042,42.45464],[14.12411,42.45904],[14.12585,42.46582],[14.13248,42.46752],[14.1343,42.4746],[14.13946,42.4786],[14.17742,42.47881],[14.18924,42.47119],[14.20659,42.47048],[14.21667,42.4625],[14.22017,42.4634],[14.22083,42.47083],[14.225,42.47083],[14.22973,42.45908],[14.22843,42.45089],[14.2173,42.44493],[14.2161,42.42696],[14.19527,42.40075],[14.19908,42.38808],[14.18398,42.37826],[14.1714,42.36471],[14.17027,42.35612],[14.15332,42.32585],[14.1379,42.31987],[14.1339,42.31471],[14.1286,42.30491],[14.13017,42.30081],[14.13807,42.29879],[14.12825,42.27975],[14.11888,42.2714],[14.11029,42.27027],[14.0875,42.25833],[14.0839,42.24804],[14.08277,42.23112],[14.0786,42.22575],[14.07981,42.20924],[14.08692,42.20741],[14.09668,42.19252],[14.1,42.19167],[14.10072,42.17994],[14.10833,42.17917],[14.10918,42.17585],[14.11582,42.17415],[14.11763,42.16706],[14.125,42.1625],[14.12403,42.15873],[14.11316,42.15327],[14.11307,42.12696],[14.11723,42.12158],[14.11603,42.10515],[14.10533,42.09545],[14.10417,42.1],[14.09779,42.09943],[14.08422,42.09512],[14.08333,42.09167],[14.1,42.075],[14.10035,42.06008],[14.10415,42.05625],[14.10035,42.05242],[14.09965,42.03924],[14.08715,42.02255],[14.08785,42.00591],[14.09202,42.00171],[14.09131,41.99341],[14.08751,41.98958],[14.09548,41.97742],[14.09619,41.96008],[14.09999,41.95625],[14.08992,41.94619],[14.08333,41.94583],[14.08256,41.93822],[14.07083,41.9375],[14.03992,41.95798],[14.025,41.95417],[14.01276,41.95898],[14.00351,41.94975],[14.00768,41.94379],[14.00833,41.925],[13.98992,41.90869],[13.94758,41.90798],[13.94409,41.90452],[13.9375,41.90417],[13.93785,41.89341],[13.94965,41.88159],[13.95452,41.86008],[13.96631,41.83992],[13.97083,41.81667],[13.97083,41.80833],[13.96667,41.80833],[13.96335,41.80918],[13.95473,41.82279],[13.94908,41.8369],[13.91175,41.83807],[13.90638,41.8339],[13.86667,41.83333],[13.84965,41.86909],[13.83785,41.88091],[13.83715,41.88576],[13.81079,41.91214],[13.80591,41.91285],[13.77536,41.93921],[13.77465,41.94755],[13.78333,41.95833],[13.7786,41.96325],[13.7836,41.9697],[13.77566,41.97173],[13.77443,41.98554],[13.7589,42.00612],[13.75777,42.02721],[13.75417,42.0375],[13.73576,42.05381],[13.70591,42.06285],[13.6875,42.07917],[13.68684,42.0866],[13.67721,42.0911],[13.66446,42.09223],[13.6593,42.09623],[13.6536,42.11054],[13.63652,42.12851],[13.62917,42.12917],[13.625,42.1375],[13.60918,42.14252],[13.60833,42.14583],[13.59668,42.14668],[13.59583,42.15],[13.58002,42.15502],[13.57917,42.15833],[13.55507,42.16316],[13.55417,42.16667],[13.53508,42.16702],[13.53125,42.17082],[13.52742,42.16702],[13.51424,42.16631],[13.51042,42.16251],[13.50242,42.17048],[13.48924,42.17048],[13.48369,42.16495],[13.48333,42.15833],[13.47674,42.15798],[13.47083,42.15],[13.46335,42.14915],[13.45833,42.14167],[13.45417,42.14167],[13.45381,42.15659],[13.4491,42.16599],[13.43675,42.16723],[13.43138,42.16307],[13.42009,42.16193],[13.41471,42.1661],[13.4,42.16667],[13.39167,42.17917],[13.38508,42.17952],[13.37952,42.18504],[13.37952,42.18992],[13.3875,42.2],[13.36783,42.20845],[13.35748,42.22433],[13.33117,42.22562],[13.31049,42.23272],[13.29367,42.23395],[13.28003,42.242],[13.27438,42.26466],[13.26728,42.27284],[13.26605,42.28133],[13.24645,42.30201],[13.24503,42.31175],[13.23286,42.31312],[13.22707,42.30889],[13.21049,42.32438],[13.18951,42.32978],[13.17952,42.33924],[13.19101,42.35097],[13.19233,42.36577],[13.19915,42.36752],[13.2036,42.37696],[13.20417,42.39167],[13.19341,42.39202],[13.1875,42.4],[13.17304,42.40777],[13.15932,42.40899],[13.1339,42.43529],[13.13243,42.44103],[13.11348,42.4423],[13.10802,42.44885],[13.1125,42.45],[13.11316,42.45743],[13.12851,42.4634],[13.12917,42.47083],[13.13333,42.47083],[13.14092,42.47973],[13.15221,42.4786],[13.16156,42.47027],[13.16995,42.47157],[13.1718,42.47877],[13.18333,42.48333],[13.18369,42.49409],[13.21005,42.52464],[13.22048,42.53088],[13.22881,42.55174],[13.22917,42.5625],[13.23971,42.56193],[13.2572,42.5539],[13.25918,42.56165],[13.26627,42.56347],[13.27172,42.57429],[13.28138,42.57557],[13.28675,42.57973],[13.3161,42.54804],[13.31702,42.53924],[13.32881,42.52742],[13.32952,42.51841],[13.34548,42.49826],[13.34619,42.48505],[13.36424,42.46702],[13.39167,42.46667],[13.39583,42.4625],[13.40242,42.46285],[13.40591,42.46631],[13.41909,42.46702],[13.42292,42.47082],[13.42674,42.46702],[13.44826,42.46631],[13.45174,42.46285],[13.47326,42.46215],[13.47674,42.45869],[13.51076,42.45798],[13.51424,42.45452],[13.52742,42.45381],[13.53091,42.45035],[13.55662,42.44964],[13.56286,42.43921],[13.57881,42.42742],[13.57917,42.4125],[13.59409,42.41215],[13.59758,42.40869],[13.61076,42.40798],[13.61424,42.40452],[13.62745,42.40381],[13.63924,42.38785],[13.64826,42.38715],[13.65174,42.38369],[13.65833,42.38333],[13.65923,42.38684],[13.67304,42.38807],[13.67842,42.39223],[13.73554,42.38693],[13.74362,42.37973],[13.775,42.36667],[13.79758,42.34202],[13.8125,42.3375]]]},"properties":{"hybas_id":"2060013730","pfaf_id":"214092","sub_area":"3193.3","up_area":"3193.3","next_down":"0","main_bas":"2060013730","kind":"basin","source":"local-hydrobasins"}},{"type":"Feature","geometry":{"type":"MultiPolygon","coordinates":[[[[15.75278,42.22083],[15.74247,42.22152],[15.74147,42.22824],[15.75185,42.22977],[15.75463,42.22555],[15.75278,42.22083]]],[[[15.48194,42.1],[15.47437,42.10629],[15.47563,42.11465],[15.48474,42.1298],[15.4996,42.12437],[15.5085,42.12604],[15.50354,42.13294],[15.506,42.1379],[15.5121,42.1423],[15.52527,42.14077],[15.51994,42.12527],[15.50202,42.11604],[15.48194,42.1]]],[[[14.42083,41.4375],[14.41424,41.43785],[14.41076,41.44131],[14.39341,41.44202],[14.36909,41.45381],[14.35196,41.45473],[14.34792,41.45786],[14.34375,41.45464],[14.33971,41.45777],[14.32696,41.4589],[14.31759,41.46725],[14.31575,41.4744],[14.29341,41.47535],[14.28333,41.48333],[14.2828,41.49391],[14.27868,41.499],[14.2801,41.50356],[14.29391,41.5047],[14.29775,41.5078],[14.32725,41.50886],[14.33339,41.51414],[14.3125,41.5375],[14.31667,41.54167],[14.31702,41.55659],[14.32255,41.56214],[14.33088,41.56285],[14.33921,41.55798],[14.35591,41.57048],[14.36492,41.57119],[14.38715,41.58505],[14.38785,41.59826],[14.39167,41.60417],[14.38715,41.61422],[14.39548,41.62258],[14.39583,41.63333],[14.38138,41.6411],[14.36862,41.64223],[14.34388,41.66193],[14.30759,41.66307],[14.29388,41.65473],[14.28038,41.6536],[14.27952,41.66492],[14.28332,41.66875],[14.27952,41.67258],[14.27881,41.68159],[14.27119,41.69758],[14.27048,41.74826],[14.24202,41.77255],[14.24131,41.78088],[14.24965,41.79341],[14.25,41.80417],[14.23953,41.79936],[14.2188,41.77981],[14.21218,41.77852],[14.19968,41.78398],[14.1938,41.77981],[14.17161,41.77845],[14.17019,41.76453],[14.15833,41.75417],[14.15712,41.74943],[14.14362,41.75057],[14.13825,41.75473],[14.1254,41.74903],[14.1161,41.73408],[14.12027,41.71888],[14.11998,41.70085],[14.09241,41.68693],[14.07279,41.68807],[14.06471,41.69527],[14.05085,41.70085],[14.04915,41.70748],[14.03825,41.71307],[14.01446,41.71193],[13.97721,41.6964],[13.95196,41.69527],[13.94252,41.69082],[13.94167,41.6875],[13.93369,41.69338],[13.93333,41.70417],[13.92536,41.71004],[13.92048,41.72742],[13.91155,41.741],[13.89925,41.74223],[13.89263,41.7371],[13.89078,41.72988],[13.87425,41.72443],[13.86888,41.7286],[13.85196,41.72973],[13.84388,41.73693],[13.82585,41.74252],[13.81471,41.7536],[13.80342,41.75473],[13.7968,41.7496],[13.79495,41.74241],[13.78675,41.7411],[13.77304,41.74943],[13.76339,41.75071],[13.7536,41.76888],[13.7339,41.78946],[13.73369,41.80242],[13.74131,41.81008],[13.74167,41.82083],[13.73277,41.83971],[13.72425,41.8464],[13.71888,41.84223],[13.70538,41.8411],[13.70417,41.84583],[13.72083,41.85833],[13.7214,41.87405],[13.726,41.87548],[13.73125,41.87123],[13.74583,41.87917],[13.77594,41.87443],[13.78529,41.88277],[13.80075,41.8839],[13.80625,41.87964],[13.81582,41.88418],[13.825,41.89583],[13.83715,41.88576],[13.83785,41.88091],[13.84965,41.86909],[13.86667,41.83333],[13.90638,41.8339],[13.91175,41.83807],[13.94908,41.8369],[13.96335,41.80918],[13.97083,41.80833],[13.96631,41.83992],[13.95452,41.86008],[13.94965,41.88159],[13.93785,41.89341],[13.9375,41.90417],[13.94409,41.90452],[13.94758,41.90798],[13.98992,41.90869],[14.00833,41.925],[14.00768,41.94379],[14.00351,41.94975],[14.01276,41.95898],[14.025,41.95417],[14.03992,41.95798],[14.07083,41.9375],[14.08256,41.93822],[14.08333,41.94583],[14.09583,41.95],[14.09999,41.95625],[14.09619,41.96008],[14.09548,41.97742],[14.08751,41.98958],[14.09131,41.99341],[14.09202,42.00171],[14.08785,42.00591],[14.08715,42.02255],[14.09965,42.03924],[14.10035,42.05242],[14.10415,42.05625],[14.10035,42.06008],[14.1,42.075],[14.08333,42.09167],[14.08422,42.09512],[14.09779,42.09943],[14.10417,42.1],[14.10533,42.09545],[14.11603,42.10515],[14.11723,42.12158],[14.11307,42.12696],[14.11316,42.15327],[14.12403,42.15873],[14.125,42.1625],[14.11763,42.16706],[14.11582,42.17415],[14.10918,42.17585],[14.10833,42.17917],[14.10072,42.17994],[14.1,42.19167],[14.09668,42.19252],[14.08692,42.20741],[14.07981,42.20924],[14.0786,42.22575],[14.08277,42.23112],[14.0839,42.24804],[14.0875,42.25833],[14.11029,42.27027],[14.11888,42.2714],[14.12825,42.27975],[14.13807,42.29879],[14.13017,42.30081],[14.1286,42.30491],[14.1339,42.31471],[14.1379,42.31987],[14.15332,42.32585],[14.17027,42.35612],[14.1714,42.36471],[14.18398,42.37826],[14.19908,42.38808],[14.19527,42.40075],[14.2161,42.42696],[14.2173,42.44493],[14.22843,42.45089],[14.22973,42.45908],[14.225,42.47083],[14.23669,42.47015],[14.23827,42.45931],[14.24572,42.45717],[14.25,42.45],[14.28248,42.43248],[14.28333,42.42917],[14.28971,42.4286],[14.31029,42.41307],[14.32415,42.40748],[14.325,42.40417],[14.39383,42.37438],[14.41451,42.35895],[14.42562,42.35733],[14.42408,42.35072],[14.41667,42.35],[14.41549,42.35458],[14.41193,42.35121],[14.41667,42.35],[14.41733,42.34257],[14.4246,42.3407],[14.4286,42.33554],[14.42987,42.32592],[14.47696,42.29223],[14.49099,42.2866],[14.50787,42.26876],[14.5036,42.26325],[14.51029,42.25473],[14.53248,42.24498],[14.53333,42.24167],[14.54388,42.2411],[14.56446,42.22557],[14.57304,42.22443],[14.59915,42.21165],[14.6,42.20833],[14.61054,42.20777],[14.62279,42.20057],[14.63554,42.19943],[14.64911,42.19512],[14.65,42.19167],[14.68971,42.18277],[14.69509,42.1786],[14.70638,42.17973],[14.71175,42.1839],[14.71586,42.18233],[14.72027,42.17304],[14.7214,42.16029],[14.72557,42.15491],[14.72027,42.14658],[14.7214,42.13529],[14.72557,42.12991],[14.72443,42.11446],[14.72027,42.10908],[14.73529,42.09223],[14.76841,42.07535],[14.79412,42.07048],[14.8,42.0625],[14.80659,42.06215],[14.84341,42.04202],[14.85242,42.04131],[14.87696,42.02973],[14.92696,42.01723],[14.94804,42.0161],[14.95196,42.01307],[14.96577,42.01184],[14.96667,42.00833],[14.97292,42.01201],[14.97697,42.00891],[15.01165,42.00771],[15.01297,42.00106],[15.00704,41.99989],[15.00103,42.00448],[14.99956,41.99705],[15.02413,41.98663],[15.025,41.98333],[15.06054,41.96193],[15.07696,41.9464],[15.09362,41.93807],[15.12826,41.9327],[15.12917,41.92917],[15.14826,41.92881],[15.15174,41.92535],[15.18159,41.92465],[15.18508,41.92119],[15.2875,41.92083],[15.29375,41.92499],[15.29758,41.92119],[15.34492,41.92024],[15.34668,41.91335],[15.36592,41.9036],[15.45638,41.90473],[15.46029,41.90777],[15.49804,41.9089],[15.50196,41.91193],[15.52721,41.91307],[15.53112,41.9161],[15.55221,41.91723],[15.58112,41.92443],[15.60638,41.92557],[15.62009,41.9339],[15.62696,41.92973],[15.66471,41.92443],[15.67415,41.91998],[15.675,41.91667],[15.74388,41.91723],[15.74779,41.92027],[15.79804,41.9214],[15.80196,41.92443],[15.83971,41.92557],[15.84362,41.9286],[15.86888,41.92973],[15.87279,41.93277],[15.94804,41.93807],[15.95196,41.9411],[15.97304,41.94223],[15.98946,41.94943],[16.00221,41.95057],[16.00759,41.95473],[16.01888,41.9536],[16.03542,41.9463],[16.04092,41.95057],[16.06471,41.94943],[16.06875,41.9463],[16.07293,41.94954],[16.08112,41.94223],[16.09493,41.94101],[16.09673,41.93399],[16.1116,41.93267],[16.11342,41.92558],[16.12279,41.91723],[16.14388,41.9161],[16.15332,41.91165],[16.16335,41.89252],[16.17425,41.88693],[16.18259,41.89223],[16.18807,41.89013],[16.1868,41.88006],[16.1786,41.87795],[16.17973,41.85612],[16.18418,41.84668],[16.19127,41.84487],[16.19527,41.83971],[16.19654,41.83005],[16.20443,41.82803],[16.19943,41.82158],[16.2037,41.81458],[16.20057,41.81054],[16.19512,41.78005],[16.19167,41.77917],[16.19095,41.77182],[16.17116,41.76581],[16.16586,41.75074],[16.15201,41.74938],[16.13966,41.73812],[16.12183,41.73681],[16.11986,41.72993],[16.11034,41.72855],[16.08966,41.71312],[16.07511,41.70717],[16.07004,41.69246],[16.06034,41.69105],[16.03549,41.67562],[15.99367,41.66188],[15.97716,41.65062],[15.95617,41.64522],[15.93966,41.63395],[15.93117,41.63272],[15.92299,41.62562],[15.90845,41.61967],[15.89645,41.59383],[15.89583,41.57917],[15.8875,41.57917],[15.88684,41.5866],[15.88333,41.5875],[15.86496,41.61214],[15.85659,41.61631],[15.83924,41.61702],[15.82535,41.63088],[15.82465,41.67671],[15.82881,41.68091],[15.82917,41.6875],[15.81878,41.691],[15.78956,41.69233],[15.78542,41.69518],[15.78125,41.69232],[15.77711,41.69517],[15.7507,41.69657],[15.75,41.725],[15.74362,41.72443],[15.73554,41.71723],[15.72621,41.7161],[15.72415,41.72415],[15.71471,41.7286],[15.70955,41.72973],[15.70744,41.72151],[15.69509,41.72027],[15.6875,41.725],[15.6875,41.72917],[15.66909,41.73715],[15.65918,41.73665],[15.65748,41.73002],[15.64792,41.72547],[15.64388,41.7286],[15.62279,41.72973],[15.59925,41.73807],[15.59375,41.7338],[15.57721,41.74527],[15.56862,41.7464],[15.54362,41.7589],[15.53425,41.76725],[15.52415,41.79082],[15.51862,41.79223],[15.49804,41.81193],[15.49252,41.81335],[15.49076,41.82022],[15.46592,41.8214],[15.43138,41.80473],[15.41424,41.80381],[15.41076,41.80035],[15.38508,41.79965],[15.38159,41.79619],[15.35174,41.79619],[15.33992,41.80381],[15.33162,41.80452],[15.32742,41.80035],[15.31495,41.79965],[15.31076,41.80381],[15.28508,41.80452],[15.27326,41.81215],[15.26324,41.81147],[15.26173,41.7966],[15.24787,41.79519],[15.23751,41.78611],[15.24519,41.77714],[15.24648,41.77051],[15.24227,41.76458],[15.24648,41.74968],[15.24168,41.74292],[15.24583,41.74167],[15.24548,41.73091],[15.23335,41.71875],[15.23715,41.71492],[15.24233,41.69257],[15.24915,41.69082],[15.2537,41.68125],[15.24375,41.66714],[15.23333,41.67083],[15.22852,41.66282],[15.23398,41.65032],[15.23269,41.63953],[15.22564,41.6313],[15.22423,41.61741],[15.2062,41.61602],[15.16463,41.57981],[15.13953,41.57436],[15.12914,41.56957],[15.125,41.5625],[15.11667,41.56667],[15.1125,41.55417],[15.08835,41.54498],[15.08333,41.52917],[15.08002,41.52832],[15.07973,41.52279],[15.0839,41.51741],[15.07964,41.50625],[15.08841,41.47564],[15.10735,41.47437],[15.1162,41.46042],[15.1036,41.43408],[15.1049,41.42589],[15.1125,41.42083],[15.11285,41.39758],[15.11631,41.39409],[15.11702,41.38088],[15.13091,41.36702],[15.1375,41.36667],[15.14167,41.35833],[15.13665,41.34252],[15.1216,41.33673],[15.12083,41.32917],[15.11424,41.32881],[15.11076,41.32535],[15.08002,41.32415],[15.07832,41.31752],[15.06175,41.30777],[15.05638,41.31193],[15.01029,41.31307],[15.00221,41.32027],[14.99509,41.3214],[14.97304,41.31307],[14.95833,41.3125],[14.95494,41.31347],[14.95336,41.32432],[14.92701,41.32562],[14.92199,41.32928],[14.91605,41.34383],[14.90895,41.35201],[14.90355,41.36883],[14.8953,41.37833],[14.88413,41.37996],[14.87905,41.39467],[14.86733,41.40086],[14.86667,41.42917],[14.84925,41.42443],[14.82721,41.43693],[14.80918,41.44252],[14.80833,41.4625],[14.80242,41.45869],[14.77674,41.45798],[14.76492,41.45035],[14.75417,41.45],[14.75328,41.45346],[14.74362,41.45473],[14.72696,41.46307],[14.71054,41.4786],[14.67279,41.47973],[14.66888,41.48277],[14.65196,41.4839],[14.6375,41.5],[14.63426,41.49907],[14.62855,41.48534],[14.61168,41.4632],[14.59247,41.46179],[14.5909,41.45097],[14.58033,41.44572],[14.57438,41.42701],[14.56728,41.41883],[14.56605,41.40553],[14.57083,41.40417],[14.57083,41.39583],[14.55659,41.38369],[14.50662,41.38298],[14.50242,41.38715],[14.49362,41.38807],[14.48816,41.39263],[14.48693,41.40638],[14.47402,41.42437],[14.43529,41.42973],[14.42172,41.43404],[14.42083,41.4375]]]]},"properties":{"hybas_id":"2060013740","pfaf_id":"214093","sub_area":"9338.3","up_area":"9338.3","next_down":"0","main_bas":"2060013740","kind":"basin","source":"local-hydrobasins"}},{"type":"Feature","geometry":{"type":"Polygon","coordinates":[[[15.1125,41.42083],[15.1049,41.42589],[15.1036,41.43408],[15.1162,41.46042],[15.10735,41.47437],[15.08841,41.47564],[15.07964,41.50625],[15.0839,41.51741],[15.07973,41.52279],[15.08002,41.52832],[15.08333,41.52917],[15.08835,41.54498],[15.1125,41.55417],[15.11667,41.56667],[15.125,41.5625],[15.12914,41.56957],[15.13953,41.57436],[15.16463,41.57981],[15.2062,41.61602],[15.22423,41.61741],[15.22564,41.6313],[15.23269,41.63953],[15.23398,41.65032],[15.22852,41.66282],[15.23333,41.67083],[15.24375,41.66714],[15.2537,41.68125],[15.24915,41.69082],[15.24233,41.69257],[15.23715,41.71492],[15.23335,41.71875],[15.24548,41.73091],[15.24583,41.74167],[15.24168,41.74292],[15.24648,41.74968],[15.24227,41.76458],[15.24648,41.77051],[15.24519,41.77714],[15.23751,41.78611],[15.24787,41.79519],[15.26173,41.7966],[15.26324,41.81147],[15.26667,41.8125],[15.27326,41.81215],[15.28508,41.80452],[15.31076,41.80381],[15.31495,41.79965],[15.32742,41.80035],[15.33162,41.80452],[15.33992,41.80381],[15.35174,41.79619],[15.38159,41.79619],[15.38508,41.79965],[15.41076,41.80035],[15.41424,41.80381],[15.43138,41.80473],[15.46592,41.8214],[15.49076,41.82022],[15.49252,41.81335],[15.49804,41.81193],[15.51862,41.79223],[15.52415,41.79082],[15.53425,41.76725],[15.54362,41.7589],[15.56862,41.7464],[15.57721,41.74527],[15.59375,41.7338],[15.59925,41.73807],[15.62279,41.72973],[15.64388,41.7286],[15.64792,41.72547],[15.65748,41.73002],[15.65918,41.73665],[15.66909,41.73715],[15.6875,41.72917],[15.6875,41.725],[15.69509,41.72027],[15.70744,41.72151],[15.70955,41.72973],[15.71471,41.7286],[15.72415,41.72415],[15.72621,41.7161],[15.73554,41.71723],[15.74362,41.72443],[15.75,41.725],[15.7507,41.69657],[15.77711,41.69517],[15.78125,41.69232],[15.78542,41.69518],[15.78956,41.69233],[15.81878,41.691],[15.82917,41.6875],[15.82881,41.68091],[15.82465,41.67671],[15.82535,41.63088],[15.83924,41.61702],[15.85659,41.61631],[15.86496,41.61214],[15.88333,41.5875],[15.88684,41.5866],[15.8875,41.57917],[15.89583,41.57917],[15.89583,41.575],[15.88822,41.57422],[15.88715,41.54758],[15.88369,41.54409],[15.88248,41.53418],[15.87304,41.52973],[15.86029,41.5286],[15.8375,41.51667],[15.82742,41.50452],[15.80174,41.49965],[15.78159,41.48785],[15.76008,41.48715],[15.72742,41.47119],[15.70201,41.47022],[15.67579,41.46171],[15.67423,41.45097],[15.66034,41.44522],[15.64692,41.43297],[15.64491,41.42593],[15.63827,41.42403],[15.63673,41.41347],[15.60617,41.39522],[15.56883,41.36728],[15.55201,41.36605],[15.53966,41.35895],[15.50174,41.35381],[15.49826,41.35035],[15.47674,41.34965],[15.47326,41.34619],[15.42674,41.34131],[15.42326,41.33785],[15.41667,41.3375],[15.38125,41.36665],[15.37742,41.36285],[15.36912,41.36215],[15.35221,41.37027],[15.32842,41.3714],[15.28554,41.35057],[15.27173,41.34934],[15.26993,41.34233],[15.25612,41.3411],[15.23835,41.33248],[15.23294,41.3218],[15.22304,41.31723],[15.20759,41.31193],[15.19906,41.31723],[15.18138,41.30473],[15.16424,41.30381],[15.15833,41.3],[15.15502,41.30085],[15.15057,41.31029],[15.14929,41.31995],[15.13958,41.32453],[15.13541,41.3213],[15.12721,41.3286],[15.12083,41.32917],[15.1216,41.33673],[15.13665,41.34252],[15.14167,41.35833],[15.1375,41.36667],[15.13091,41.36702],[15.11702,41.38088],[15.11631,41.39409],[15.11285,41.39758],[15.1125,41.42083]]]},"properties":{"hybas_id":"2060014050","pfaf_id":"214094","sub_area":"2376.3","up_area":"2376.5","next_down":"0","main_bas":"2060014050","kind":"basin","source":"local-hydrobasins"}},{"type":"Feature","geometry":{"type":"Polygon","coordinates":[[[15.80833,41.20833],[15.79362,41.20777],[15.78675,41.2036],[15.77425,41.2089],[15.74388,41.1964],[15.7134,41.19101],[15.70833,41.175],[15.67674,41.17048],[15.66492,41.15869],[15.65659,41.15452],[15.64341,41.15381],[15.63992,41.15035],[15.625,41.15],[15.62465,41.15659],[15.61702,41.16424],[15.61667,41.17083],[15.61335,41.17168],[15.60833,41.18333],[15.59779,41.1839],[15.59092,41.18807],[15.57614,41.1789],[15.575,41.18333],[15.56446,41.18277],[15.55488,41.17828],[15.5536,41.16862],[15.5449,41.15904],[15.53529,41.15777],[15.52168,41.14915],[15.51998,41.14252],[15.51251,41.13542],[15.52119,41.12672],[15.51631,41.11008],[15.48992,41.07952],[15.43946,41.07027],[15.42025,41.04675],[15.4038,41.0405],[15.41193,41.03138],[15.41307,41.02406],[15.40325,41.00893],[15.36029,41.0089],[15.35342,41.01307],[15.34252,41.00748],[15.3411,41.00196],[15.33038,40.9911],[15.32917,40.99583],[15.325,40.99583],[15.32119,41.00174],[15.32048,41.00659],[15.30662,41.02048],[15.29758,41.02119],[15.27742,41.03715],[15.24583,41.04167],[15.24672,41.04512],[15.25638,41.0464],[15.27696,41.0661],[15.2907,41.07123],[15.29943,41.08946],[15.30327,41.13267],[15.29583,41.13333],[15.2947,41.13776],[15.25908,41.11193],[15.24252,41.11752],[15.23665,41.13248],[15.23002,41.13418],[15.22795,41.14223],[15.20612,41.1411],[15.20075,41.13693],[15.16029,41.14223],[15.13333,41.16667],[15.13398,41.18964],[15.13814,41.20032],[15.12019,41.24492],[15.13676,41.24661],[15.13814,41.26464],[15.14519,41.27286],[15.14648,41.2813],[15.15769,41.2937],[15.15833,41.3],[15.16424,41.30381],[15.18138,41.30473],[15.19906,41.31723],[15.20759,41.31193],[15.22304,41.31723],[15.23294,41.3218],[15.23835,41.33248],[15.25612,41.3411],[15.26993,41.34233],[15.27173,41.34934],[15.28554,41.35057],[15.32842,41.3714],[15.35221,41.37027],[15.36912,41.36215],[15.37742,41.36285],[15.38125,41.36665],[15.41667,41.3375],[15.42326,41.33785],[15.42674,41.34131],[15.47326,41.34619],[15.47674,41.34965],[15.49826,41.35035],[15.50174,41.35381],[15.53966,41.35895],[15.55201,41.36605],[15.56883,41.36728],[15.60617,41.39522],[15.63673,41.41347],[15.63827,41.42403],[15.64491,41.42593],[15.64692,41.43297],[15.66034,41.44522],[15.67423,41.45097],[15.67579,41.46171],[15.70201,41.47022],[15.72742,41.47119],[15.76008,41.48715],[15.78159,41.48785],[15.80174,41.49965],[15.82742,41.50452],[15.8375,41.51667],[15.86029,41.5286],[15.87304,41.52973],[15.88248,41.53418],[15.88369,41.54409],[15.88715,41.54758],[15.88822,41.57422],[15.89583,41.575],[15.89619,41.56841],[15.89965,41.56492],[15.90035,41.54758],[15.90381,41.54409],[15.90452,41.53508],[15.91215,41.52742],[15.9125,41.52083],[15.91596,41.51995],[15.91723,41.51029],[15.9411,41.48138],[15.94252,41.47585],[15.94804,41.47443],[15.96446,41.4589],[16.02279,41.42973],[16.04804,41.42443],[16.06582,41.41582],[16.06667,41.4125],[16.08971,41.40777],[16.12279,41.39223],[16.13554,41.3911],[16.14362,41.3839],[16.16862,41.3714],[16.19078,41.36596],[16.19167,41.3625],[16.19583,41.3625],[16.19583,41.35833],[16.18785,41.35245],[16.1875,41.34583],[16.15638,41.32557],[16.13529,41.3161],[16.12304,41.30473],[16.11371,41.3036],[16.11161,41.31179],[16.09257,41.31576],[16.09076,41.30924],[16.02717,41.26727],[16.02446,41.26606],[16.01613,41.27144],[16.00363,41.26606],[15.99659,41.27128],[15.98828,41.27005],[15.98333,41.25],[15.95612,41.24943],[15.94668,41.24498],[15.94493,41.23816],[15.93112,41.23693],[15.92083,41.225],[15.90918,41.21998],[15.90742,41.21311],[15.87842,41.21193],[15.86667,41.21667],[15.86575,41.2131],[15.82696,41.21193],[15.82304,41.2089],[15.80833,41.20833]]]},"properties":{"hybas_id":"2060014060","pfaf_id":"214095","sub_area":"2282.5","up_area":"2282.5","next_down":"0","main_bas":"2060014060","kind":"basin","source":"local-hydrobasins"}},{"type":"Feature","geometry":{"type":"Polygon","coordinates":[[[15.70417,40.7625],[15.70326,40.75896],[15.675,40.75833],[15.67415,40.75502],[15.66325,40.74943],[15.63529,40.7589],[15.61471,40.77443],[15.57279,40.7839],[15.55918,40.79252],[15.55752,40.79899],[15.55342,40.80057],[15.54804,40.7964],[15.52696,40.79527],[15.51888,40.78807],[15.50759,40.78693],[15.48816,40.79679],[15.48693,40.81054],[15.47742,40.82048],[15.46446,40.82027],[15.45509,40.81192],[15.45327,40.80483],[15.43946,40.8036],[15.43554,40.80057],[15.42425,40.79943],[15.40342,40.8089],[15.39167,40.80417],[15.39167,40.8125],[15.36424,40.81285],[15.35659,40.82048],[15.33924,40.82535],[15.32326,40.83715],[15.31079,40.84202],[15.30659,40.83785],[15.29829,40.83715],[15.28159,40.84548],[15.24412,40.84619],[15.23159,40.83785],[15.21495,40.83715],[15.20833,40.84167],[15.20748,40.83835],[15.18825,40.8286],[15.16471,40.83693],[15.14362,40.83807],[15.13957,40.8412],[15.13138,40.8339],[15.12258,40.83369],[15.11667,40.8375],[15.11215,40.84826],[15.10085,40.85918],[15.0963,40.86875],[15.1037,40.88125],[15.0996,40.88653],[15.09252,40.88835],[15.08807,40.89779],[15.0875,40.91667],[15.09223,40.92721],[15.09678,40.93266],[15.10908,40.9339],[15.11446,40.92973],[15.15075,40.92443],[15.15612,40.9286],[15.18554,40.92973],[15.20332,40.93835],[15.2125,40.9479],[15.20833,40.95417],[15.21442,40.96197],[15.22725,40.96303],[15.23942,40.97447],[15.27308,40.97553],[15.27823,40.9797],[15.28333,40.975],[15.29409,40.97535],[15.30242,40.97952],[15.30833,40.9875],[15.31492,40.98785],[15.32083,40.99583],[15.32917,40.99583],[15.33038,40.9911],[15.3411,41.00196],[15.34252,41.00748],[15.35342,41.01307],[15.36029,41.0089],[15.40325,41.00893],[15.41307,41.02406],[15.41193,41.03138],[15.4038,41.0405],[15.42025,41.04675],[15.43946,41.07027],[15.48992,41.07952],[15.51631,41.11008],[15.52119,41.12672],[15.51251,41.13542],[15.51998,41.14252],[15.52168,41.14915],[15.53529,41.15777],[15.5449,41.15904],[15.5536,41.16862],[15.55488,41.17828],[15.56446,41.18277],[15.575,41.18333],[15.57614,41.1789],[15.59092,41.18807],[15.59779,41.1839],[15.60833,41.18333],[15.61335,41.17168],[15.61667,41.17083],[15.61702,41.16424],[15.62465,41.15659],[15.625,41.15],[15.63992,41.15035],[15.64341,41.15381],[15.65659,41.15452],[15.66492,41.15869],[15.67674,41.17048],[15.70833,41.175],[15.7134,41.19101],[15.74388,41.1964],[15.77425,41.2089],[15.78675,41.2036],[15.79362,41.20777],[15.82304,41.2089],[15.82696,41.21193],[15.86575,41.2131],[15.86667,41.21667],[15.87842,41.21193],[15.90742,41.21311],[15.90918,41.21998],[15.92083,41.225],[15.93112,41.23693],[15.94493,41.23816],[15.94668,41.24498],[15.95612,41.24943],[15.98333,41.25],[15.98828,41.27005],[15.99659,41.27128],[16.00363,41.26606],[16.01613,41.27144],[16.02446,41.26606],[16.02717,41.26727],[16.09076,41.30924],[16.09257,41.31576],[16.11161,41.31179],[16.11371,41.3036],[16.12304,41.30473],[16.13529,41.3161],[16.15638,41.32557],[16.1875,41.34583],[16.18785,41.35245],[16.19583,41.35833],[16.19583,41.3625],[16.2,41.3625],[16.20066,41.35507],[16.20794,41.3532],[16.21193,41.34804],[16.21307,41.33112],[16.21723,41.32575],[16.2161,41.30612],[16.19943,41.28408],[16.2037,41.27291],[16.1964,41.26471],[16.19527,41.23529],[16.1911,41.22279],[16.18379,41.21458],[16.19223,41.2051],[16.1911,41.20196],[16.18237,41.18373],[16.17142,41.17825],[16.15777,41.15908],[16.15901,41.14673],[16.1744,41.14075],[16.1756,41.10092],[16.18294,41.09903],[16.18807,41.09241],[16.17546,41.07709],[16.17973,41.07158],[16.1785,41.05928],[16.17304,41.05473],[16.16667,41.05417],[16.16631,41.04341],[16.15833,41.025],[16.16471,41.02443],[16.17832,41.01582],[16.17917,41.00833],[16.16909,41.00035],[16.15591,40.99965],[16.15036,40.99412],[16.14965,40.98508],[16.14202,40.97326],[16.14131,40.96008],[16.13715,40.95174],[16.13162,40.94619],[16.12083,40.94583],[16.10659,40.95381],[16.08995,40.95452],[16.08576,40.95035],[16.06495,40.94965],[16.04826,40.96215],[16.03091,40.96285],[16.02326,40.97048],[15.98333,40.97083],[15.9786,40.95612],[15.97027,40.94677],[15.9714,40.93529],[15.97526,40.9303],[15.9661,40.92795],[15.96736,40.91756],[15.9746,40.9157],[15.9786,40.91054],[15.9843,40.89623],[15.99167,40.89167],[15.9911,40.88529],[15.98653,40.8754],[15.96335,40.86582],[15.9625,40.8625],[15.94804,40.87027],[15.93112,40.8714],[15.92721,40.87443],[15.90759,40.87557],[15.90208,40.8713],[15.8949,40.87557],[15.88425,40.86608],[15.87822,40.85484],[15.86592,40.8536],[15.84668,40.86335],[15.84495,40.87012],[15.83529,40.8714],[15.82721,40.8786],[15.81862,40.87973],[15.80221,40.8911],[15.7884,40.89233],[15.7875,40.89583],[15.77083,40.89167],[15.77535,40.88505],[15.77465,40.87674],[15.77119,40.87326],[15.77048,40.86005],[15.7625,40.85417],[15.77083,40.84583],[15.77083,40.84167],[15.7632,40.83658],[15.75777,40.81371],[15.76723,40.80955],[15.75482,40.80321],[15.75417,40.7875],[15.74202,40.77745],[15.7375,40.7625],[15.72258,40.76285],[15.71495,40.76702],[15.71076,40.76285],[15.70417,40.7625]]]},"properties":{"hybas_id":"2060014120","pfaf_id":"214096","sub_area":"2921.3","up_area":"2921.6","next_down":"0","main_bas":"2060014120","kind":"basin","source":"local-hydrobasins"}},{"type":"Feature","geometry":{"type":"MultiPolygon","coordinates":[[[[17.95278,40.04167],[17.94619,40.04249],[17.94105,40.04953],[17.94352,40.05478],[17.95756,40.05343],[17.95818,40.04842],[17.95278,40.04167]]],[[[17.16111,40.44167],[17.14164,40.4471],[17.13725,40.45329],[17.15388,40.45499],[17.1596,40.46669],[17.16584,40.47112],[17.16633,40.46497],[17.16186,40.45866],[17.17092,40.44711],[17.16111,40.44167]]],[[[17.17778,40.43333],[17.17022,40.43939],[17.17479,40.44228],[17.1836,40.44062],[17.17778,40.43333]]],[[[17.1875,41.02083],[17.19554,41.01973],[17.20514,41.00494],[17.23133,40.99938],[17.29784,40.96312],[17.30754,40.96171],[17.3091,40.95097],[17.32881,40.94058],[17.34105,40.92716],[17.35093,40.90926],[17.36867,40.90062],[17.38549,40.89938],[17.41867,40.87145],[17.43951,40.85895],[17.46637,40.84889],[17.47593,40.83426],[17.50201,40.82145],[17.54804,40.80777],[17.55612,40.80057],[17.57721,40.79943],[17.60612,40.78807],[17.62304,40.78693],[17.65638,40.7786],[17.67279,40.7714],[17.68554,40.77027],[17.71054,40.76193],[17.73554,40.74943],[17.75196,40.7339],[17.76054,40.73277],[17.76862,40.72557],[17.78112,40.7214],[17.79902,40.7202],[17.80502,40.70918],[17.84371,40.69232],[17.87296,40.69101],[17.89559,40.68268],[17.90625,40.68687],[17.91225,40.68268],[17.93129,40.68399],[17.93725,40.68816],[17.94282,40.68508],[17.95621,40.66732],[17.97566,40.6658],[17.97056,40.65079],[17.99435,40.64938],[17.99732,40.65899],[18.00335,40.65734],[18.00502,40.64661],[18.02149,40.6449],[18.01601,40.63358],[18.02207,40.621],[18.03954,40.60482],[18.04649,40.60268],[18.04518,40.58121],[18.03684,40.57141],[18.04583,40.55833],[18.07846,40.54078],[18.07987,40.53009],[18.09779,40.51723],[18.11575,40.5118],[18.12696,40.4964],[18.16029,40.4839],[18.17304,40.48277],[18.18946,40.4714],[18.20638,40.47027],[18.21862,40.4589],[18.23138,40.4536],[18.26862,40.4214],[18.27415,40.41998],[18.27585,40.41335],[18.28248,40.41165],[18.2875,40.40417],[18.30377,40.39903],[18.30777,40.39388],[18.30904,40.38426],[18.31862,40.37557],[18.33248,40.36998],[18.3343,40.3629],[18.36182,40.3491],[18.39362,40.31307],[18.41029,40.30057],[18.42404,40.29934],[18.43277,40.28554],[18.43404,40.27592],[18.44512,40.26995],[18.45057,40.25196],[18.46723,40.22991],[18.4661,40.21862],[18.45833,40.20417],[18.46239,40.20301],[18.46759,40.19259],[18.47407,40.19074],[18.48688,40.17299],[18.48812,40.16451],[18.4968,40.15077],[18.50773,40.14918],[18.52145,40.13414],[18.51975,40.13005],[18.51188,40.1278],[18.52497,40.10553],[18.49613,40.08639],[18.48812,40.07716],[18.47978,40.05633],[18.47843,40.04247],[18.45633,40.02978],[18.43822,40.02401],[18.43238,39.99557],[18.4264,39.99994],[18.41728,39.98966],[18.41605,39.98117],[18.40478,39.96049],[18.40355,39.93951],[18.39522,39.91714],[18.39645,39.90617],[18.40361,39.88958],[18.40056,39.88542],[18.40361,39.88125],[18.39645,39.86466],[18.39522,39.85201],[18.38688,39.83797],[18.39645,39.8213],[18.37824,39.79676],[18.36714,39.79105],[18.35624,39.79528],[18.34657,39.78688],[18.33534,39.79228],[18.31883,39.80772],[18.3093,39.8091],[18.30736,39.8159],[18.29784,39.81728],[18.26883,39.83272],[18.21867,39.83395],[18.21458,39.83694],[18.2088,39.83272],[18.18133,39.84938],[18.16867,39.85062],[18.16049,39.85772],[18.14367,39.86312],[18.12716,39.87855],[18.10617,39.88812],[18.09799,39.89522],[18.08951,39.89645],[18.06049,39.92022],[18.04676,39.92593],[18.04522,39.93133],[18.02978,39.94784],[18.02407,39.96157],[18.01703,39.96359],[17.99105,39.99503],[17.99267,40.00439],[17.99953,39.99938],[18.00785,40.0009],[18.01605,40.01034],[18.02027,40.01875],[18.01601,40.03129],[18.00403,40.04459],[17.99379,40.04934],[17.97167,40.05073],[17.97018,40.06163],[17.98962,40.06316],[18.00292,40.07513],[18.01316,40.09608],[17.98734,40.13655],[17.97704,40.13816],[17.96454,40.14649],[17.92626,40.17924],[17.91732,40.19371],[17.91601,40.21691],[17.92021,40.22292],[17.91242,40.23207],[17.90515,40.23432],[17.90318,40.24068],[17.89655,40.24273],[17.89583,40.25417],[17.9,40.25417],[17.90534,40.24542],[17.9089,40.24879],[17.90417,40.25],[17.89705,40.2589],[17.89583,40.25417],[17.88957,40.25046],[17.87921,40.25986],[17.88286,40.26458],[17.87899,40.26958],[17.87425,40.2714],[17.86404,40.2661],[17.86193,40.27158],[17.8662,40.27709],[17.86155,40.28266],[17.84925,40.2839],[17.83675,40.2786],[17.81471,40.28693],[17.76341,40.29228],[17.7625,40.29583],[17.75833,40.29583],[17.75712,40.2911],[17.74362,40.29223],[17.73138,40.29943],[17.69779,40.30057],[17.69241,40.30473],[17.66029,40.3036],[17.65638,40.30057],[17.60196,40.29943],[17.59804,40.2964],[17.53529,40.29527],[17.52991,40.2911],[17.50516,40.29228],[17.49388,40.30777],[17.48138,40.31193],[17.46029,40.31307],[17.43971,40.3286],[17.42696,40.32973],[17.42292,40.33286],[17.41741,40.3286],[17.39362,40.32973],[17.38373,40.3343],[17.37827,40.34517],[17.36446,40.3464],[17.33971,40.35777],[17.31029,40.36307],[17.29804,40.37443],[17.28971,40.3786],[17.27696,40.37973],[17.25638,40.3911],[17.24779,40.39223],[17.22177,40.4089],[17.21029,40.40777],[17.20491,40.4036],[17.19943,40.4057],[17.2007,40.41573],[17.21029,40.42443],[17.22425,40.42973],[17.2322,40.42474],[17.23418,40.43248],[17.24082,40.43418],[17.25057,40.44906],[17.24487,40.4621],[17.22585,40.47168],[17.225,40.475],[17.22083,40.475],[17.21939,40.47019],[17.2062,40.47148],[17.20032,40.47564],[17.19375,40.47144],[17.18542,40.47856],[17.18004,40.47475],[17.17842,40.49064],[17.16699,40.49648],[17.15625,40.49227],[17.15208,40.49523],[17.14616,40.49102],[17.14186,40.49327],[17.15003,40.50281],[17.1375,40.5125],[17.13091,40.51285],[17.12742,40.51631],[17.10174,40.51702],[17.09412,40.52119],[17.08992,40.51702],[17.06424,40.51631],[17.06076,40.51285],[17.01667,40.50417],[17.01582,40.50085],[17.00638,40.4964],[16.9875,40.49167],[16.98665,40.48835],[16.93946,40.46193],[16.91054,40.43807],[16.90489,40.43662],[16.8714,40.40221],[16.86165,40.38418],[16.85833,40.38333],[16.85417,40.39167],[16.85798,40.39758],[16.85869,40.43576],[16.86249,40.43958],[16.85833,40.44377],[16.86424,40.44965],[16.87742,40.45452],[16.88835,40.46582],[16.90352,40.47174],[16.90473,40.48844],[16.89527,40.50295],[16.90354,40.50508],[16.90332,40.51998],[16.89263,40.5254],[16.89077,40.53267],[16.87696,40.5339],[16.87304,40.53693],[16.86175,40.53807],[16.84804,40.52973],[16.83259,40.5286],[16.82721,40.53277],[16.81029,40.5339],[16.78847,40.5504],[16.7786,40.57721],[16.77027,40.58844],[16.78277,40.60612],[16.7839,40.61741],[16.77973,40.62279],[16.7786,40.63554],[16.76667,40.64583],[16.74779,40.64527],[16.74092,40.6411],[16.71042,40.6537],[16.69672,40.64929],[16.69583,40.64583],[16.68508,40.64619],[16.675,40.65417],[16.67597,40.65794],[16.68665,40.66335],[16.69223,40.67425],[16.68379,40.69376],[16.6964,40.70735],[16.69527,40.71471],[16.68661,40.72846],[16.67593,40.72987],[16.66307,40.74362],[16.6618,40.75325],[16.64943,40.75955],[16.65082,40.76584],[16.67279,40.78693],[16.69092,40.7964],[16.70638,40.79527],[16.73112,40.7839],[16.75,40.78333],[16.75417,40.7875],[16.75452,40.80659],[16.76215,40.81424],[16.7625,40.825],[16.7591,40.82597],[16.75753,40.83676],[16.74167,40.8375],[16.7405,40.83297],[16.7301,40.84223],[16.71446,40.8411],[16.70908,40.83693],[16.7009,40.83824],[16.67721,40.8661],[16.66029,40.86723],[16.65491,40.8714],[16.64241,40.8661],[16.63831,40.86767],[16.63665,40.87415],[16.62168,40.88002],[16.61723,40.88946],[16.61667,40.9],[16.61076,40.90381],[16.60245,40.90452],[16.59792,40.90001],[16.59409,40.90381],[16.56841,40.90452],[16.5625,40.90833],[16.5618,40.92422],[16.54786,40.92564],[16.53964,40.93269],[16.53301,40.93398],[16.52708,40.92977],[16.47429,40.94231],[16.45801,40.92852],[16.43333,40.94167],[16.39675,40.94108],[16.39583,40.9375],[16.38924,40.93715],[16.38333,40.92917],[16.36347,40.94206],[16.36165,40.94915],[16.34515,40.95475],[16.33401,40.94908],[16.33265,40.93421],[16.32625,40.93275],[16.32051,40.94482],[16.31447,40.94641],[16.30359,40.95922],[16.31192,40.96864],[16.31308,40.99235],[16.30826,40.99866],[16.30349,41.00058],[16.27721,40.98807],[16.26788,40.98693],[16.26667,40.99167],[16.2625,40.9875],[16.25,40.9875],[16.24388,40.9839],[16.21592,40.98277],[16.2093,40.9879],[16.20743,40.99517],[16.19362,40.9964],[16.17917,41.00833],[16.17832,41.01582],[16.16471,41.02443],[16.15833,41.025],[16.16631,41.04341],[16.16667,41.05417],[16.17304,41.05473],[16.1785,41.05928],[16.17973,41.07158],[16.17546,41.07709],[16.18807,41.09241],[16.18294,41.09903],[16.1756,41.10092],[16.1744,41.14075],[16.15901,41.14673],[16.15777,41.15908],[16.17142,41.17825],[16.18237,41.18373],[16.1911,41.20196],[16.19223,41.2051],[16.18379,41.21458],[16.1911,41.22279],[16.19527,41.23529],[16.1964,41.26471],[16.2037,41.27291],[16.19943,41.28408],[16.2161,41.30612],[16.21723,41.32575],[16.21307,41.33112],[16.21193,41.34804],[16.20794,41.3532],[16.20066,41.35507],[16.2,41.3625],[16.21054,41.36193],[16.21998,41.35748],[16.22083,41.35417],[16.22721,41.3536],[16.23946,41.34223],[16.27842,41.32443],[16.28252,41.32601],[16.28455,41.3339],[16.2908,41.33253],[16.29252,41.32585],[16.30196,41.3214],[16.36159,41.30771],[16.3625,41.30417],[16.40196,41.28807],[16.42401,41.28688],[16.43007,41.27566],[16.44493,41.27434],[16.4468,41.26706],[16.45196,41.26307],[16.46446,41.2589],[16.48554,41.25777],[16.51446,41.2464],[16.52721,41.24527],[16.53665,41.24082],[16.53835,41.23418],[16.54779,41.22973],[16.56054,41.2286],[16.58112,41.21723],[16.59388,41.2161],[16.60612,41.20473],[16.63112,41.1964],[16.66471,41.19527],[16.67721,41.1911],[16.68529,41.1839],[16.71029,41.17557],[16.72721,41.17443],[16.73112,41.1714],[16.74804,41.17027],[16.78138,41.16193],[16.8,41.14583],[16.81076,41.14548],[16.81424,41.14202],[16.85,41.14167],[16.84555,41.14917],[16.85544,41.14997],[16.86037,41.14648],[16.87423,41.14506],[16.87574,41.1302],[16.88953,41.12148],[16.9063,41.12019],[16.9187,41.11314],[16.93547,41.11186],[16.94787,41.10481],[16.95732,41.10337],[16.95833,41.1],[16.97326,41.09965],[16.97674,41.09619],[16.98992,41.09548],[16.99341,41.09202],[17.00659,41.09131],[17.01008,41.08785],[17.05242,41.08298],[17.06424,41.07535],[17.09826,41.06631],[17.11008,41.05452],[17.12674,41.04619],[17.13576,41.04548],[17.14758,41.03785],[17.15659,41.03715],[17.16008,41.03369],[17.17745,41.03298],[17.1875,41.02083]],[[17.95833,40.65],[17.95376,40.64883],[17.95712,40.64527],[17.95833,40.65]],[[17.95833,40.65],[17.96725,40.65301],[17.95959,40.65475],[17.95833,40.65]]]]},"properties":{"hybas_id":"2060014130","pfaf_id":"214097","sub_area":"10645.6","up_area":"10645.6","next_down":"0","main_bas":"2060014130","kind":"basin","source":"local-hydrobasins"}},{"type":"Feature","geometry":{"type":"Polygon","coordinates":[[[15.77083,40.84167],[15.77083,40.84583],[15.7625,40.85417],[15.77048,40.86005],[15.77119,40.87326],[15.77465,40.87674],[15.77535,40.88505],[15.77083,40.89167],[15.77742,40.89202],[15.78091,40.89548],[15.80221,40.8911],[15.81862,40.87973],[15.82721,40.8786],[15.83529,40.8714],[15.84495,40.87012],[15.84668,40.86335],[15.86592,40.8536],[15.87822,40.85484],[15.88425,40.86608],[15.8949,40.87557],[15.90208,40.8713],[15.90759,40.87557],[15.92721,40.87443],[15.93112,40.8714],[15.94804,40.87027],[15.9625,40.8625],[15.96335,40.86582],[15.98653,40.8754],[15.9911,40.88529],[15.99167,40.89167],[15.9843,40.89623],[15.9786,40.91054],[15.9746,40.9157],[15.96736,40.91756],[15.9661,40.92795],[15.97526,40.9303],[15.9714,40.93529],[15.97027,40.94677],[15.9786,40.95612],[15.98333,40.97083],[16.02326,40.97048],[16.03091,40.96285],[16.04826,40.96215],[16.06495,40.94965],[16.08576,40.95035],[16.08995,40.95452],[16.10659,40.95381],[16.11841,40.94619],[16.13162,40.94619],[16.14131,40.96008],[16.14202,40.97326],[16.14965,40.98508],[16.15036,40.99412],[16.15591,40.99965],[16.16909,41.00035],[16.17917,41.00833],[16.19362,40.9964],[16.20743,40.99517],[16.2093,40.9879],[16.21592,40.98277],[16.24388,40.9839],[16.25,40.9875],[16.2625,40.9875],[16.26667,40.99167],[16.26788,40.98693],[16.27721,40.98807],[16.30349,41.00058],[16.30826,40.99866],[16.31308,40.99235],[16.31192,40.96864],[16.30359,40.95922],[16.31447,40.94641],[16.32051,40.94482],[16.32625,40.93275],[16.33265,40.93421],[16.33401,40.94908],[16.34515,40.95475],[16.36165,40.94915],[16.36347,40.94206],[16.38333,40.92917],[16.38924,40.93715],[16.39583,40.9375],[16.39675,40.94108],[16.43333,40.94167],[16.45801,40.92852],[16.47429,40.94231],[16.52708,40.92977],[16.53301,40.93398],[16.53964,40.93269],[16.54786,40.92564],[16.5618,40.92422],[16.5625,40.90833],[16.56841,40.90452],[16.59409,40.90381],[16.59792,40.90001],[16.60245,40.90452],[16.61076,40.90381],[16.61667,40.9],[16.61723,40.88946],[16.62168,40.88002],[16.63665,40.87415],[16.63831,40.86767],[16.64241,40.8661],[16.65491,40.8714],[16.66029,40.86723],[16.67721,40.8661],[16.7009,40.83824],[16.70908,40.83693],[16.71446,40.8411],[16.7301,40.84223],[16.7405,40.83297],[16.74167,40.8375],[16.75753,40.83676],[16.7591,40.82597],[16.7625,40.825],[16.76215,40.81424],[16.75452,40.80659],[16.75417,40.7875],[16.75,40.78333],[16.73112,40.7839],[16.70638,40.79527],[16.69092,40.7964],[16.67279,40.78693],[16.65082,40.76584],[16.64943,40.75955],[16.6618,40.75325],[16.66307,40.74362],[16.67593,40.72987],[16.68661,40.72846],[16.69527,40.71471],[16.6964,40.70735],[16.68379,40.69376],[16.69223,40.67425],[16.68665,40.66335],[16.67597,40.65794],[16.675,40.65417],[16.68508,40.64619],[16.69583,40.64583],[16.69672,40.64929],[16.71042,40.6537],[16.74092,40.6411],[16.74779,40.64527],[16.76667,40.64583],[16.76752,40.64252],[16.7746,40.6407],[16.7839,40.61741],[16.78277,40.60612],[16.77027,40.58844],[16.7786,40.57721],[16.78847,40.5504],[16.81029,40.5339],[16.82721,40.53277],[16.83259,40.5286],[16.84804,40.52973],[16.86175,40.53807],[16.89077,40.53267],[16.89263,40.5254],[16.90332,40.51998],[16.90417,40.51667],[16.90354,40.50508],[16.89527,40.50295],[16.90473,40.48844],[16.90352,40.47174],[16.88835,40.46582],[16.87742,40.45452],[16.86424,40.44965],[16.85833,40.44377],[16.86249,40.43958],[16.85869,40.43576],[16.85798,40.39758],[16.85417,40.39167],[16.85833,40.38333],[16.85208,40.38749],[16.83369,40.36912],[16.82746,40.35869],[16.82279,40.3589],[16.79675,40.37558],[16.79223,40.38529],[16.79101,40.3991],[16.77425,40.40473],[16.76875,40.40047],[16.76347,40.40456],[16.76165,40.41165],[16.74779,40.41723],[16.71315,40.45099],[16.71165,40.46165],[16.70612,40.46307],[16.69388,40.47443],[16.67406,40.47973],[16.66471,40.4714],[16.65,40.47083],[16.64388,40.47443],[16.62696,40.47557],[16.59237,40.50093],[16.5911,40.51054],[16.58275,40.51991],[16.56862,40.52557],[16.56054,40.53277],[16.53554,40.5411],[16.51371,40.54223],[16.5125,40.5375],[16.50591,40.53785],[16.47326,40.56631],[16.46008,40.56702],[16.45242,40.57465],[16.43091,40.57952],[16.38924,40.60035],[16.38159,40.60798],[16.34758,40.61285],[16.34409,40.61631],[16.32258,40.62119],[16.31492,40.62881],[16.30591,40.62952],[16.30242,40.63298],[16.26008,40.63369],[16.25659,40.63715],[16.24341,40.63785],[16.23576,40.64548],[16.22745,40.64619],[16.22326,40.64202],[16.20174,40.64131],[16.18992,40.62952],[16.17258,40.62881],[16.15242,40.61702],[16.13333,40.61667],[16.11175,40.62557],[16.10342,40.62027],[16.0968,40.6254],[16.09498,40.63248],[16.07304,40.6411],[16.06008,40.64131],[16.04409,40.62952],[16.02258,40.62952],[16.01909,40.63298],[15.99758,40.63785],[15.98992,40.64548],[15.97674,40.65035],[15.96495,40.67048],[15.94341,40.67119],[15.92326,40.68715],[15.90833,40.6875],[15.89907,40.6993],[15.88839,40.70071],[15.8875,40.70417],[15.86841,40.70452],[15.86076,40.71215],[15.85591,40.71285],[15.85,40.72083],[15.83091,40.72119],[15.81492,40.73298],[15.78508,40.73369],[15.76496,40.75798],[15.75659,40.76215],[15.7375,40.7625],[15.74202,40.77745],[15.75417,40.7875],[15.75482,40.80321],[15.76723,40.80955],[15.75777,40.81371],[15.7632,40.83658],[15.77083,40.84167]]]},"properties":{"hybas_id":"2060014490","pfaf_id":"214098","sub_area":"3071.5","up_area":"3072.0","next_down":"0","main_bas":"2060014490","kind":"basin","source":"local-hydrobasins"}},{"type":"Feature","geometry":{"type":"Polygon","coordinates":[[[16.825,40.35833],[16.85208,40.38749],[16.85833,40.38333],[16.85381,40.37258],[16.7839,40.29804],[16.76631,40.26421],[16.75417,40.25417],[16.74654,40.25922],[16.74527,40.26888],[16.73657,40.27846],[16.72696,40.27973],[16.71876,40.28704],[16.71458,40.2838],[16.71054,40.28693],[16.69779,40.28807],[16.68542,40.29536],[16.66592,40.28693],[16.64804,40.29943],[16.6324,40.30057],[16.62304,40.29223],[16.61029,40.2911],[16.60625,40.28797],[16.59263,40.29623],[16.59077,40.30351],[16.5759,40.30483],[16.57415,40.31165],[16.56495,40.32048],[16.53091,40.32119],[16.52083,40.32917],[16.50591,40.32881],[16.49829,40.32465],[16.48995,40.32952],[16.48162,40.32465],[16.47742,40.32881],[16.46424,40.32952],[16.44409,40.34965],[16.43508,40.35035],[16.42326,40.36215],[16.41424,40.36285],[16.40625,40.37082],[16.40242,40.36702],[16.38995,40.36631],[16.37742,40.37465],[16.34828,40.37535],[16.33508,40.36285],[16.32674,40.36702],[16.30869,40.38505],[16.30417,40.39583],[16.28946,40.3964],[16.27721,40.40777],[16.25342,40.4089],[16.23418,40.39915],[16.23333,40.39583],[16.23002,40.39668],[16.22044,40.4157],[16.21446,40.41723],[16.19804,40.43277],[16.17009,40.4339],[16.16457,40.42963],[16.14167,40.45417],[16.1134,40.45899],[16.11193,40.46471],[16.09252,40.48418],[16.09082,40.49082],[16.07009,40.50057],[16.06471,40.4964],[16.05505,40.49512],[16.05,40.48333],[16.04341,40.48298],[16.03992,40.47952],[16.03508,40.47952],[16.025,40.4875],[16.01049,40.47145],[15.99522,40.4653],[16.00478,40.4463],[16.00341,40.43413],[15.99367,40.43272],[15.97716,40.42145],[15.9468,40.41173],[15.94583,40.40833],[15.92674,40.40869],[15.92326,40.41215],[15.91667,40.4125],[15.89668,40.40332],[15.89583,40.4],[15.88112,40.39943],[15.87154,40.39495],[15.87012,40.38422],[15.86042,40.37964],[15.84237,40.38842],[15.8411,40.39804],[15.82815,40.41188],[15.81335,40.41335],[15.80794,40.42403],[15.77983,40.4384],[15.7786,40.45221],[15.7621,40.4782],[15.74583,40.48333],[15.74167,40.4875],[15.74167,40.49167],[15.74517,40.49257],[15.74548,40.50242],[15.73785,40.51008],[15.73333,40.52083],[15.72981,40.52174],[15.7286,40.53825],[15.7339,40.54658],[15.72973,40.55196],[15.72851,40.56577],[15.71763,40.57123],[15.71578,40.57846],[15.69647,40.58424],[15.6911,40.62177],[15.69943,40.63112],[15.70057,40.63825],[15.69557,40.6447],[15.70332,40.64668],[15.73508,40.67881],[15.74583,40.68333],[15.74131,40.69755],[15.74548,40.70174],[15.74619,40.72671],[15.74202,40.73091],[15.74131,40.74409],[15.73785,40.74758],[15.7375,40.7625],[15.75659,40.76215],[15.76496,40.75798],[15.78508,40.73369],[15.81492,40.73298],[15.83091,40.72119],[15.85,40.72083],[15.85591,40.71285],[15.86076,40.71215],[15.86841,40.70452],[15.8875,40.70417],[15.88839,40.70071],[15.89907,40.6993],[15.90833,40.6875],[15.92326,40.68715],[15.94341,40.67119],[15.96495,40.67048],[15.97674,40.65035],[15.98992,40.64548],[15.99758,40.63785],[16.00659,40.63715],[16.02258,40.62952],[16.04409,40.62952],[16.06008,40.64131],[16.07304,40.6411],[16.09498,40.63248],[16.0968,40.6254],[16.10342,40.62027],[16.11175,40.62557],[16.13333,40.61667],[16.15242,40.61702],[16.17258,40.62881],[16.18992,40.62952],[16.20174,40.64131],[16.22326,40.64202],[16.22745,40.64619],[16.23576,40.64548],[16.24341,40.63785],[16.25659,40.63715],[16.26008,40.63369],[16.30242,40.63298],[16.30591,40.62952],[16.31492,40.62881],[16.32258,40.62119],[16.33159,40.62048],[16.34758,40.61285],[16.38159,40.60798],[16.38924,40.60035],[16.43091,40.57952],[16.45242,40.57465],[16.46008,40.56702],[16.47326,40.56631],[16.50591,40.53785],[16.5125,40.5375],[16.51371,40.54223],[16.55221,40.53693],[16.58275,40.51991],[16.5911,40.51054],[16.59237,40.50093],[16.62696,40.47557],[16.64388,40.47443],[16.65,40.47083],[16.66471,40.4714],[16.67406,40.47973],[16.69388,40.47443],[16.70612,40.46307],[16.71165,40.46165],[16.71315,40.45099],[16.74779,40.41723],[16.76165,40.41165],[16.76347,40.40456],[16.76875,40.40047],[16.77425,40.40473],[16.79101,40.3991],[16.79223,40.38529],[16.79675,40.37558],[16.80612,40.36723],[16.825,40.35833]]]},"properties":{"hybas_id":"2060014500","pfaf_id":"214099","sub_area":"2221.5","up_area":"2221.5","next_down":"0","main_bas":"2060014500","kind":"basin","source":"local-hydrobasins"}},{"type":"Feature","geometry":{"type":"MultiPolygon","coordinates":[[[[15.80278,39.69583],[15.7994,39.69844],[15.80145,39.70477],[15.80471,39.70076],[15.80278,39.69583]]],[[[14.39861,40.57917],[14.39523,40.58178],[14.39728,40.5881],[14.40055,40.58409],[14.39861,40.57917]]],[[[14.43611,40.57917],[14.42434,40.58002],[14.43253,40.58816],[14.43714,40.58609],[14.43611,40.57917]]],[[[14.20278,40.53333],[14.19522,40.53428],[14.19651,40.56169],[14.21203,40.56728],[14.21867,40.56312],[14.24383,40.56188],[14.24953,40.55772],[14.25786,40.56312],[14.26728,40.56141],[14.26605,40.55201],[14.25697,40.53688],[14.24376,40.54528],[14.22716,40.53812],[14.20559,40.53685],[14.20278,40.53333]]],[[[13.89444,40.69167],[13.88967,40.69523],[13.86866,40.69644],[13.8587,40.70106],[13.8494,40.71171],[13.85107,40.7158],[13.85894,40.718],[13.85356,40.72863],[13.85488,40.74071],[13.8631,40.743],[13.85773,40.75779],[13.8601,40.7631],[13.88551,40.7619],[13.89366,40.75477],[13.92717,40.75356],[13.94384,40.7494],[13.95738,40.74508],[13.95944,40.73768],[13.97144,40.732],[13.96238,40.72797],[13.96727,40.72137],[13.96595,40.70929],[13.95924,40.70743],[13.957,40.6994],[13.94637,40.70477],[13.93533,40.70356],[13.92579,40.69523],[13.91304,40.7006],[13.89664,40.6993],[13.89444,40.69167]]],[[[14.94167,40.47917],[14.94167,40.48333],[14.93369,40.48921],[14.90798,40.54409],[14.88835,40.56752],[14.87415,40.59082],[14.86347,40.59623],[14.86193,40.60221],[14.85,40.61667],[14.8437,40.61731],[14.81464,40.64519],[14.77714,40.67019],[14.76042,40.67439],[14.7438,40.66731],[14.72286,40.66602],[14.69897,40.63408],[14.68536,40.63269],[14.67884,40.62852],[14.6438,40.64519],[14.62228,40.64648],[14.61669,40.6346],[14.58953,40.62436],[14.57292,40.60893],[14.5688,40.61186],[14.54551,40.61314],[14.52468,40.60352],[14.51793,40.60831],[14.51565,40.61587],[14.48718,40.62564],[14.4688,40.61731],[14.44786,40.61602],[14.43547,40.60898],[14.42286,40.60769],[14.41346,40.6032],[14.41149,40.59663],[14.38953,40.59102],[14.37708,40.58394],[14.37291,40.5869],[14.36464,40.57981],[14.35103,40.57842],[14.34904,40.5718],[14.33718,40.56602],[14.33125,40.57023],[14.32175,40.56602],[14.32019,40.5813],[14.31602,40.58813],[14.32436,40.59787],[14.32564,40.6063],[14.33686,40.6187],[14.3383,40.62815],[14.34487,40.63013],[14.34683,40.63666],[14.35449,40.63814],[14.36875,40.62977],[14.3813,40.63398],[14.40335,40.64612],[14.40494,40.66173],[14.4188,40.66314],[14.43214,40.67521],[14.43748,40.68624],[14.47832,40.701],[14.47981,40.70866],[14.475,40.72083],[14.46702,40.72671],[14.46215,40.73992],[14.45417,40.74583],[14.45299,40.75041],[14.44943,40.74705],[14.45417,40.74583],[14.45295,40.7411],[14.43971,40.74943],[14.41029,40.75057],[14.39779,40.75473],[14.36471,40.78277],[14.34648,40.79257],[14.32721,40.8161],[14.30625,40.8287],[14.30075,40.82443],[14.29256,40.82574],[14.28629,40.83807],[14.25507,40.83267],[14.25295,40.82443],[14.24241,40.82973],[14.23112,40.8286],[14.21307,40.81471],[14.2088,40.80625],[14.21249,40.8015],[14.20638,40.7964],[14.19779,40.79527],[14.18844,40.78693],[14.17594,40.7964],[14.16741,40.7911],[14.15917,40.79241],[14.15813,40.79705],[14.16307,40.80342],[14.16176,40.81161],[14.15638,40.8161],[14.13529,40.81723],[14.12991,40.8214],[14.12158,40.8161],[14.11307,40.82279],[14.11129,40.82973],[14.08946,40.8286],[14.0786,40.82379],[14.08703,40.80625],[14.0838,40.80207],[14.09223,40.7926],[14.09102,40.77586],[14.08521,40.77456],[14.07825,40.7869],[14.04258,40.7881],[14.04082,40.79498],[14.03307,40.79697],[14.0464,40.82009],[14.04527,40.86054],[14.0411,40.87721],[14.02973,40.89779],[14.0286,40.90638],[14.00777,40.93971],[13.99223,40.95612],[13.99075,40.96192],[13.9754,40.9718],[13.96752,40.98002],[13.96582,40.98665],[13.96029,40.98807],[13.93002,41.01752],[13.92952,41.02329],[13.93508,41.02881],[13.94911,41.02429],[13.95833,41.00833],[13.97326,41.00869],[13.98924,41.02465],[13.99758,41.02881],[14.03576,41.03785],[14.04341,41.04548],[14.05242,41.04619],[14.05591,41.04965],[14.08992,41.05452],[14.09341,41.05798],[14.17083,41.05833],[14.17696,41.06193],[14.19804,41.06307],[14.21029,41.07027],[14.22721,41.0714],[14.23946,41.0786],[14.25221,41.07973],[14.25625,41.08286],[14.26043,41.07963],[14.26862,41.08693],[14.27721,41.08807],[14.28237,41.09206],[14.28418,41.09915],[14.29082,41.10085],[14.29829,41.10869],[14.32326,41.10798],[14.32745,41.10381],[14.33508,41.10798],[14.34826,41.10798],[14.35174,41.10452],[14.36909,41.10381],[14.375,41.1],[14.37566,41.09257],[14.38294,41.0907],[14.3911,41.07721],[14.39167,41.0625],[14.39804,41.06193],[14.41041,41.05046],[14.41592,41.05473],[14.44804,41.0536],[14.45624,41.0463],[14.47425,41.05473],[14.48259,41.04943],[14.49388,41.05057],[14.50323,41.0589],[14.51471,41.05777],[14.54915,41.04498],[14.55473,41.03408],[14.55343,41.02588],[14.55,41.025],[14.55,41.01667],[14.56492,41.01631],[14.57674,41.00452],[14.59409,41.00381],[14.59758,41.00035],[14.62326,40.99548],[14.62674,40.99202],[14.65417,40.99167],[14.65924,40.98396],[14.68138,40.98277],[14.69362,40.97557],[14.71574,40.97013],[14.725,40.95833],[14.71702,40.94826],[14.72083,40.94167],[14.70079,40.941],[14.69937,40.92877],[14.70896,40.9121],[14.69167,40.8875],[14.70417,40.87917],[14.76594,40.87848],[14.76667,40.8625],[14.78992,40.86215],[14.79375,40.85835],[14.79792,40.86249],[14.80174,40.85869],[14.82742,40.85798],[14.83508,40.85035],[14.85662,40.84548],[14.87952,40.82255],[14.87881,40.81424],[14.87119,40.80242],[14.87083,40.79167],[14.90221,40.7911],[14.93554,40.78277],[14.95491,40.77443],[14.96029,40.7786],[14.96995,40.77988],[14.97083,40.78333],[14.99167,40.78333],[15.00745,40.77846],[15.00833,40.775],[15.02009,40.77973],[15.04388,40.7786],[15.04925,40.77443],[15.06054,40.77557],[15.07044,40.78013],[15.0759,40.79101],[15.08333,40.79167],[15.08418,40.78835],[15.09375,40.7838],[15.09792,40.78703],[15.10833,40.78333],[15.11841,40.77119],[15.125,40.77083],[15.13298,40.78508],[15.13369,40.79338],[15.12952,40.79758],[15.12881,40.80588],[15.13298,40.81008],[15.13333,40.82083],[15.12917,40.83333],[15.13957,40.8412],[15.14362,40.83807],[15.16471,40.83693],[15.18825,40.8286],[15.20748,40.83835],[15.20833,40.84167],[15.21495,40.83715],[15.23159,40.83785],[15.24412,40.84619],[15.28159,40.84548],[15.29829,40.83715],[15.31492,40.84131],[15.33091,40.82952],[15.35659,40.82048],[15.36424,40.81285],[15.39167,40.8125],[15.39167,40.80417],[15.40342,40.8089],[15.42425,40.79943],[15.45327,40.80483],[15.45509,40.81192],[15.46446,40.82027],[15.47742,40.82048],[15.48693,40.81054],[15.48816,40.79679],[15.49362,40.79223],[15.50759,40.78693],[15.51888,40.78807],[15.52696,40.79527],[15.54804,40.7964],[15.55342,40.80057],[15.55752,40.79899],[15.55918,40.79252],[15.57279,40.7839],[15.61471,40.77443],[15.63529,40.7589],[15.66325,40.74943],[15.67415,40.75502],[15.675,40.75833],[15.70326,40.75896],[15.70417,40.7625],[15.71076,40.76285],[15.71495,40.76702],[15.72258,40.76285],[15.7375,40.7625],[15.73785,40.74758],[15.74131,40.74409],[15.74202,40.73091],[15.74619,40.72671],[15.74548,40.70174],[15.74131,40.69755],[15.74583,40.68333],[15.73508,40.67881],[15.70332,40.64668],[15.69557,40.6447],[15.70057,40.63825],[15.69943,40.63112],[15.6911,40.62177],[15.69647,40.58424],[15.71578,40.57846],[15.71763,40.57123],[15.72851,40.56577],[15.72973,40.55196],[15.7339,40.54658],[15.7286,40.53825],[15.72981,40.52174],[15.73333,40.52083],[15.73785,40.51008],[15.74548,40.50242],[15.74517,40.49257],[15.74167,40.49167],[15.74167,40.4875],[15.74583,40.48333],[15.7621,40.4782],[15.7786,40.45221],[15.77983,40.4384],[15.80794,40.42403],[15.81335,40.41335],[15.82815,40.41188],[15.8411,40.39804],[15.84237,40.38842],[15.84779,40.3839],[15.86042,40.37964],[15.87012,40.38422],[15.87154,40.39495],[15.88112,40.39943],[15.89583,40.4],[15.89668,40.40332],[15.91667,40.4125],[15.92326,40.41215],[15.92674,40.40869],[15.94583,40.40833],[15.9468,40.41173],[15.97716,40.42145],[15.99367,40.43272],[16.00341,40.43413],[16.00478,40.4463],[15.99522,40.4653],[16.01049,40.47145],[16.025,40.4875],[16.03508,40.47952],[16.03992,40.47952],[16.04341,40.48298],[16.05,40.48333],[16.05505,40.49512],[16.06471,40.4964],[16.07009,40.50057],[16.09082,40.49082],[16.09252,40.48418],[16.11193,40.46471],[16.1134,40.45899],[16.14167,40.45417],[16.16457,40.42963],[16.17009,40.4339],[16.19804,40.43277],[16.21446,40.41723],[16.22044,40.4157],[16.23002,40.39668],[16.23333,40.39583],[16.23418,40.39915],[16.25342,40.4089],[16.27721,40.40777],[16.28946,40.3964],[16.30417,40.39583],[16.30869,40.38505],[16.32674,40.36702],[16.33508,40.36285],[16.34828,40.37535],[16.37742,40.37465],[16.38995,40.36631],[16.40242,40.36702],[16.40625,40.37082],[16.41424,40.36285],[16.42326,40.36215],[16.43508,40.35035],[16.44409,40.34965],[16.46424,40.32952],[16.47742,40.32881],[16.48162,40.32465],[16.48995,40.32952],[16.49829,40.32465],[16.50591,40.32881],[16.52083,40.32917],[16.53091,40.32119],[16.56495,40.32048],[16.57415,40.31165],[16.5759,40.30483],[16.59077,40.30351],[16.59263,40.29623],[16.60625,40.28797],[16.61029,40.2911],[16.62304,40.29223],[16.6324,40.30057],[16.64804,40.29943],[16.66592,40.28693],[16.68542,40.29536],[16.69779,40.28807],[16.71054,40.28693],[16.71458,40.2838],[16.71876,40.28704],[16.72696,40.27973],[16.73657,40.27846],[16.74527,40.26888],[16.74654,40.25922],[16.75417,40.25417],[16.75381,40.24758],[16.74619,40.23576],[16.74548,40.22258],[16.74131,40.21421],[16.73333,40.20833],[16.72881,40.19341],[16.70452,40.16909],[16.69548,40.15171],[16.68159,40.13785],[16.66667,40.13333],[16.66054,40.12557],[16.63821,40.11161],[16.61307,40.08554],[16.6036,40.06741],[16.6089,40.05908],[16.59943,40.04241],[16.60777,40.03138],[16.61193,40.01888],[16.61307,39.99779],[16.61723,39.98529],[16.62168,39.97585],[16.62877,39.97403],[16.6339,39.96741],[16.62832,39.95502],[16.58159,39.90452],[16.56421,39.89548],[16.52952,39.85659],[16.52881,39.85174],[16.50035,39.81909],[16.49202,39.80242],[16.49131,39.79341],[16.48715,39.78921],[16.49167,39.75417],[16.49915,39.74915],[16.50085,39.74252],[16.52854,39.72826],[16.5286,39.69362],[16.52443,39.68825],[16.5343,39.6629],[16.56054,39.64943],[16.56862,39.64223],[16.58665,39.63665],[16.5875,39.63333],[16.60659,39.62881],[16.61008,39.62535],[16.62742,39.62465],[16.63162,39.62048],[16.67742,39.62119],[16.68162,39.62535],[16.69409,39.62465],[16.69758,39.62119],[16.72742,39.62048],[16.73162,39.61631],[16.74758,39.62465],[16.77304,39.62443],[16.78294,39.61987],[16.78835,39.60918],[16.81627,39.59487],[16.83007,39.56731],[16.84362,39.55473],[16.86054,39.54943],[16.88112,39.5339],[16.90221,39.5286],[16.91029,39.5214],[16.93971,39.51193],[16.95196,39.50057],[16.98112,39.49223],[17.00638,39.4911],[17.01029,39.48807],[17.0241,39.48684],[17.03248,39.47832],[17.03807,39.46029],[17.04943,39.44804],[17.05085,39.44252],[17.11862,39.4089],[17.13112,39.40473],[17.15747,39.40355],[17.15853,39.39878],[17.1536,39.38946],[17.13807,39.37304],[17.13262,39.35089],[17.12917,39.35],[17.1286,39.34362],[17.11307,39.31471],[17.11193,39.27696],[17.10777,39.27158],[17.1089,39.25196],[17.12443,39.23554],[17.12592,39.22975],[17.14498,39.21582],[17.15057,39.20491],[17.14527,39.18946],[17.1214,39.15221],[17.1125,39.125],[17.1125,39.09583],[17.12401,39.09512],[17.12599,39.08822],[17.14089,39.08676],[17.14219,39.07634],[17.13272,39.07363],[17.13395,39.06867],[17.13859,39.05869],[17.15201,39.04645],[17.18117,39.03395],[17.19792,39.02973],[17.2037,39.03395],[17.20895,39.03148],[17.20753,39.02157],[17.19367,39.02022],[17.17593,39.00741],[17.16728,38.99383],[17.16188,38.97964],[17.16323,38.96765],[17.17072,38.96551],[17.17562,38.9588],[17.17331,38.95389],[17.14259,38.93657],[17.14074,38.93009],[17.13426,38.92824],[17.13241,38.92176],[17.10845,38.90717],[17.10301,38.89595],[17.0963,38.89105],[17.08688,38.89276],[17.09228,38.9037],[17.09051,38.90747],[17.08125,38.91194],[17.07708,38.90889],[17.0674,38.91728],[17.03434,38.91601],[17.03217,38.90845],[17.02547,38.90355],[17.00866,38.90919],[17.00324,38.91991],[16.99676,38.92176],[16.99467,38.92905],[16.97964,38.93812],[16.94784,38.93688],[16.91883,38.92978],[16.89758,38.92881],[16.89409,38.92535],[16.87674,38.92465],[16.87326,38.92119],[16.86008,38.92048],[16.85659,38.91702],[16.84167,38.91667],[16.84078,38.91321],[16.77696,38.89527],[16.71471,38.86307],[16.70833,38.8625],[16.70748,38.85918],[16.69362,38.8536],[16.68554,38.8464],[16.67083,38.84167],[16.66995,38.83821],[16.66029,38.83693],[16.63971,38.82557],[16.62696,38.82443],[16.60833,38.8125],[16.60381,38.80171],[16.57083,38.77083],[16.57083,38.76667],[16.57557,38.76545],[16.57431,38.7551],[16.56321,38.74911],[16.56179,38.73839],[16.55484,38.7366],[16.53807,38.71888],[16.5375,38.70417],[16.55196,38.69223],[16.55794,38.6907],[16.56307,38.68408],[16.56176,38.67588],[16.55833,38.675],[16.5589,38.64779],[16.56193,38.64388],[16.56307,38.61862],[16.57027,38.60638],[16.5714,38.57696],[16.57443,38.57304],[16.57557,38.51862],[16.58277,38.50221],[16.5839,38.46029],[16.58703,38.45625],[16.57415,38.42585],[16.53992,38.39202],[16.53508,38.39131],[16.48992,38.35035],[16.475,38.34583],[16.46909,38.33785],[16.43924,38.32881],[16.43576,38.32535],[16.41841,38.32465],[16.40659,38.31702],[16.39758,38.31631],[16.36909,38.30452],[16.34758,38.30381],[16.34409,38.30035],[16.33508,38.29965],[16.29804,38.26307],[16.29206,38.26153],[16.28693,38.25196],[16.1964,38.16054],[16.19487,38.15456],[16.17123,38.1407],[16.16582,38.13002],[16.1625,38.12917],[16.16193,38.10612],[16.1589,38.10221],[16.15351,38.06757],[16.15,38.06667],[16.14548,38.02674],[16.13369,38.01076],[16.11214,37.96838],[16.06492,37.92119],[16.04758,37.92048],[16.04375,37.91668],[16.03921,37.92119],[16.01841,37.92048],[16.01492,37.91702],[16.00174,37.91631],[15.99792,37.91251],[15.99409,37.91631],[15.95591,37.91702],[15.95242,37.92048],[15.92674,37.92535],[15.92255,37.92952],[15.91492,37.92535],[15.86867,37.92438],[15.84799,37.91728],[15.78534,37.91605],[15.77453,37.91188],[15.74383,37.92438],[15.72701,37.92562],[15.68966,37.94938],[15.67599,37.95072],[15.67438,37.95633],[15.63812,37.99784],[15.63272,38.01714],[15.65478,38.03797],[15.64522,38.05464],[15.65062,38.06297],[15.6455,38.06997],[15.63413,38.07163],[15.62855,38.10081],[15.64583,38.11667],[15.6464,38.12721],[15.6537,38.13541],[15.65057,38.13946],[15.64943,38.15638],[15.63807,38.16862],[15.6339,38.18529],[15.63277,38.21054],[15.6286,38.21592],[15.63418,38.23248],[15.66888,38.24223],[15.67696,38.24943],[15.68946,38.2536],[15.71054,38.25473],[15.71592,38.2589],[15.72721,38.25777],[15.73259,38.2536],[15.74804,38.2589],[15.79514,38.28422],[15.82443,38.31862],[15.82557,38.33971],[15.83286,38.35208],[15.8286,38.35759],[15.83042,38.36232],[15.84127,38.36763],[15.84668,38.37832],[15.85377,38.38013],[15.85777,38.38529],[15.8589,38.39388],[15.8718,38.42044],[15.87917,38.425],[15.87952,38.43159],[15.89965,38.45591],[15.90798,38.47258],[15.90869,38.48159],[15.91631,38.49758],[15.91728,38.51049],[15.92978,38.53703],[15.92841,38.5492],[15.90869,38.55525],[15.89491,38.57407],[15.88009,38.58009],[15.8782,38.58673],[15.86867,38.58812],[15.85216,38.60355],[15.82438,38.61803],[15.83415,38.64936],[15.85201,38.66605],[15.86049,38.66728],[15.86867,38.67438],[15.88549,38.67562],[15.9037,38.68812],[15.91042,38.68389],[15.93703,38.69645],[15.94375,38.69223],[15.95381,38.69692],[15.96759,38.71574],[15.98117,38.72438],[15.99383,38.72562],[15.99953,38.72978],[16.00625,38.72556],[16.01203,38.72978],[16.04383,38.72855],[16.04792,38.72556],[16.0537,38.72978],[16.10208,38.71306],[16.11466,38.71728],[16.12426,38.72562],[16.13286,38.72022],[16.14383,38.72562],[16.16034,38.74105],[16.16883,38.74228],[16.18322,38.75116],[16.19676,38.77824],[16.2,38.77917],[16.20035,38.78576],[16.21631,38.81841],[16.21702,38.83159],[16.22048,38.83508],[16.22083,38.89167],[16.22027,38.91471],[16.2161,38.92304],[16.2068,38.93329],[16.19925,38.9286],[16.18002,38.93835],[16.17826,38.9452],[16.16029,38.9464],[16.1507,38.9551],[16.14943,38.96471],[16.14223,38.97279],[16.13277,38.99388],[16.11599,39.0116],[16.10918,39.01335],[16.1,39.02917],[16.09649,39.03007],[16.08277,39.08971],[16.0714,39.11446],[16.06307,39.14362],[16.06193,39.19388],[16.0589,39.19779],[16.0536,39.28554],[16.04223,39.31029],[16.03693,39.34388],[16.02557,39.36446],[16.0161,39.39388],[16.00057,39.42279],[15.99527,39.43971],[15.98807,39.44779],[15.9875,39.45417],[15.95507,39.47981],[15.94943,39.49388],[15.92825,39.52013],[15.91862,39.5214],[15.90221,39.53693],[15.88529,39.53807],[15.88013,39.54206],[15.87832,39.54915],[15.87149,39.5509],[15.87027,39.56471],[15.8589,39.58529],[15.8536,39.61054],[15.84915,39.61998],[15.84233,39.62173],[15.83267,39.66577],[15.81314,39.67591],[15.81193,39.69388],[15.8036,39.71741],[15.80777,39.72279],[15.8089,39.73408],[15.80057,39.74779],[15.79583,39.77083],[15.7924,39.77189],[15.78684,39.81046],[15.78342,39.81535],[15.77598,39.81765],[15.76601,39.83808],[15.77537,39.84908],[15.78666,39.85084],[15.79104,39.86458],[15.78723,39.87004],[15.76642,39.87167],[15.771,39.87822],[15.78197,39.87993],[15.78399,39.88358],[15.77851,39.89379],[15.75899,39.91454],[15.75417,39.92917],[15.74364,39.92975],[15.73851,39.93366],[15.73391,39.94364],[15.73275,39.95636],[15.72477,39.96539],[15.72015,39.96725],[15.71359,39.96223],[15.71192,39.96958],[15.72105,39.97199],[15.71634,39.97815],[15.7092,39.98004],[15.70746,39.98663],[15.68947,39.99641],[15.67565,40.00929],[15.67435,40.02824],[15.66754,40.03004],[15.66574,40.03686],[15.64364,40.03808],[15.62576,40.05502],[15.62442,40.06318],[15.6292,40.06944],[15.62432,40.07141],[15.61599,40.06609],[15.61053,40.07025],[15.58947,40.07141],[15.58553,40.07442],[15.54515,40.07558],[15.5397,40.07141],[15.5125,40.06667],[15.51165,40.06335],[15.50502,40.06165],[15.50332,40.05502],[15.49668,40.05332],[15.49491,40.04642],[15.48554,40.03807],[15.46344,40.03263],[15.42177,39.98693],[15.41471,39.9911],[15.39362,39.99223],[15.38971,39.99527],[15.35612,39.9964],[15.34804,40.0036],[15.33842,40.00487],[15.32083,40.02917],[15.29688,40.02849],[15.29479,40.02152],[15.26767,40.02019],[15.26602,40.03242],[15.28254,40.0341],[15.28398,40.04616],[15.27436,40.0688],[15.26652,40.07796],[15.23851,40.0883],[15.23336,40.09874],[15.22703,40.10064],[15.2063,40.12019],[15.19792,40.12439],[15.18061,40.12019],[15.17502,40.13207],[15.15954,40.14182],[15.15419,40.1529],[15.14787,40.15481],[15.13133,40.17022],[15.10786,40.17562],[15.10216,40.17145],[15.08534,40.17022],[15.0662,40.16188],[15.05208,40.17027],[15.04093,40.16605],[15.03133,40.17438],[15.02157,40.1758],[15.02022,40.18966],[14.99959,40.21143],[14.98966,40.21605],[14.97284,40.21728],[14.95633,40.22855],[14.94536,40.22978],[14.93703,40.22438],[14.92284,40.22978],[14.90488,40.24265],[14.90355,40.25697],[14.94097,40.27599],[14.94228,40.29383],[14.94645,40.3049],[14.93812,40.31451],[14.93688,40.3213],[14.94228,40.33549],[14.94666,40.34096],[14.96466,40.34228],[14.98117,40.35772],[14.99383,40.35895],[14.99997,40.36386],[14.99522,40.37547],[15.00062,40.3838],[14.98298,40.42326],[14.94167,40.47917]],[[15.90278,38.44167],[15.90388,38.44453],[15.89909,38.44645],[15.89522,38.44261],[15.90278,38.44167]],[[14.16944,40.8],[14.16934,40.80442],[14.1662,40.80164],[14.16944,40.8]]],[[[14.00355,40.75617],[14.005,40.76613],[14.01593,40.77562],[14.02284,40.77145],[14.0367,40.7701],[14.04167,40.76389],[14.03549,40.75895],[14.02473,40.75738],[14.02913,40.75136],[14.02299,40.74645],[14.02083,40.74583],[14.01966,40.75041],[14.0161,40.74705],[14.02083,40.74583],[14.0201,40.73828],[14.01157,40.73722],[14.00464,40.74228],[13.9963,40.73688],[13.99139,40.73919],[13.98688,40.74536],[13.98872,40.74927],[13.99967,40.75086],[14.00355,40.75617]]]]},"properties":{"hybas_id":"2060014550","pfaf_id":"215001","sub_area":"26771.6","up_area":"26771.6","next_down":"0","main_bas":"2060014550","kind":"basin","source":"local-hydrobasins"}},{"type":"Feature","geometry":{"type":"Polygon","coordinates":[[[14.375,41.1],[14.36909,41.10381],[14.35174,41.10452],[14.34826,41.10798],[14.33508,41.10798],[14.32745,41.10381],[14.32326,41.10798],[14.29829,41.10869],[14.29082,41.10085],[14.28418,41.09915],[14.28237,41.09206],[14.27721,41.08807],[14.26862,41.08693],[14.26043,41.07963],[14.25625,41.08286],[14.25221,41.07973],[14.23946,41.0786],[14.22721,41.0714],[14.21029,41.07027],[14.19804,41.06307],[14.17696,41.06193],[14.17083,41.05833],[14.09341,41.05798],[14.08992,41.05452],[14.07258,41.05381],[14.06909,41.05035],[14.04341,41.04548],[14.03576,41.03785],[13.99758,41.02881],[13.98924,41.02465],[13.97326,41.00869],[13.95833,41.00833],[13.94911,41.02429],[13.93839,41.02571],[13.9375,41.02917],[13.92917,41.02083],[13.925,41.02083],[13.92973,41.03408],[13.91702,41.06008],[13.92279,41.0661],[13.94388,41.0714],[13.95638,41.07973],[13.98112,41.1036],[13.99388,41.10473],[14.03665,41.13002],[14.04202,41.14412],[14.05,41.15],[14.05509,41.16157],[14.06596,41.16749],[14.06728,41.18549],[14.07977,41.19918],[14.11176,41.20914],[14.11322,41.22401],[14.13951,41.23688],[14.14903,41.23827],[14.15,41.24167],[14.14668,41.24252],[14.13693,41.26054],[14.12399,41.27438],[14.10196,41.27557],[14.09792,41.2787],[14.09388,41.27557],[14.07009,41.27443],[14.04804,41.28277],[14.00924,41.28814],[14.00833,41.29167],[14.0009,41.29233],[13.99915,41.29915],[13.98449,41.31303],[13.97982,41.31158],[13.97864,41.30192],[13.97405,41.29659],[13.94583,41.3],[13.94619,41.30662],[13.95174,41.31215],[13.96881,41.3173],[13.97379,41.32088],[13.97921,41.33212],[13.98681,41.33435],[13.98813,41.35631],[13.99678,41.36989],[14.01881,41.37563],[14.03535,41.38687],[14.04484,41.38828],[14.0505,41.39942],[14.04913,41.41279],[14.04381,41.40896],[14.03057,41.4077],[14.02496,41.41962],[14.00503,41.4258],[14.00354,41.43373],[14.00896,41.44652],[13.99952,41.45747],[13.97903,41.46376],[13.98687,41.47285],[13.98813,41.48131],[13.99583,41.4875],[13.99517,41.49493],[13.98002,41.50085],[13.9735,41.51249],[13.96888,41.5089],[13.94583,41.50833],[13.94583,41.51667],[13.94246,41.51768],[13.93686,41.53301],[13.94102,41.53953],[13.94239,41.56172],[13.9563,41.56314],[13.96667,41.57083],[13.96188,41.5838],[13.9718,41.6034],[13.9836,41.60512],[13.97145,41.63117],[13.96998,41.64498],[13.96667,41.64583],[13.9661,41.66471],[13.95741,41.67846],[13.94672,41.67988],[13.94252,41.68418],[13.94252,41.69082],[13.95196,41.69527],[13.97721,41.6964],[14.01446,41.71193],[14.03825,41.71307],[14.04915,41.70748],[14.05085,41.70085],[14.06471,41.69527],[14.07279,41.68807],[14.09241,41.68693],[14.11998,41.70085],[14.12027,41.71888],[14.1161,41.73408],[14.1254,41.74903],[14.13825,41.75473],[14.14362,41.75057],[14.15712,41.74943],[14.15833,41.75417],[14.17019,41.76453],[14.17161,41.77845],[14.1938,41.77981],[14.19968,41.78398],[14.21218,41.77852],[14.2188,41.77981],[14.23953,41.79936],[14.25,41.80417],[14.24965,41.79341],[14.24131,41.78088],[14.24202,41.77255],[14.27048,41.74826],[14.27119,41.69758],[14.27465,41.69409],[14.27952,41.67258],[14.28332,41.66875],[14.27952,41.66492],[14.28038,41.6536],[14.29388,41.65473],[14.30759,41.66307],[14.34388,41.66193],[14.36862,41.64223],[14.38138,41.6411],[14.39583,41.63333],[14.39548,41.62258],[14.38715,41.61422],[14.39167,41.60417],[14.38785,41.59826],[14.38715,41.58505],[14.38159,41.57952],[14.36492,41.57119],[14.35591,41.57048],[14.33921,41.55798],[14.33088,41.56285],[14.32255,41.56214],[14.31702,41.55659],[14.31667,41.54167],[14.31303,41.53525],[14.33339,41.51414],[14.32725,41.50886],[14.29775,41.5078],[14.29391,41.5047],[14.2801,41.50356],[14.27868,41.499],[14.2828,41.49391],[14.28333,41.48333],[14.29341,41.47535],[14.31575,41.4744],[14.31759,41.46725],[14.32696,41.4589],[14.33971,41.45777],[14.34375,41.45464],[14.34792,41.45786],[14.35196,41.45473],[14.36909,41.45381],[14.39341,41.44202],[14.41076,41.44131],[14.43529,41.42973],[14.47402,41.42437],[14.48693,41.40638],[14.48816,41.39263],[14.50662,41.38298],[14.55659,41.38369],[14.57083,41.39583],[14.57083,41.40417],[14.56605,41.40553],[14.56728,41.41883],[14.57438,41.42701],[14.58033,41.44572],[14.5909,41.45097],[14.59247,41.46179],[14.61168,41.4632],[14.62855,41.48534],[14.63426,41.49907],[14.6375,41.5],[14.65196,41.4839],[14.66888,41.48277],[14.67279,41.47973],[14.71054,41.4786],[14.72696,41.46307],[14.74362,41.45473],[14.75328,41.45346],[14.75417,41.45],[14.76492,41.45035],[14.77674,41.45798],[14.80242,41.45869],[14.80833,41.4625],[14.80918,41.44252],[14.82721,41.43693],[14.84925,41.42443],[14.86667,41.42917],[14.86733,41.40086],[14.87905,41.39467],[14.88413,41.37996],[14.8953,41.37833],[14.90355,41.36883],[14.90895,41.35201],[14.91605,41.34383],[14.92199,41.32928],[14.92701,41.32562],[14.95336,41.32432],[14.95494,41.31347],[14.97304,41.31307],[14.99509,41.3214],[15.00221,41.32027],[15.01029,41.31307],[15.05638,41.31193],[15.06175,41.30777],[15.07832,41.31752],[15.08002,41.32415],[15.08333,41.325],[15.11076,41.32535],[15.11424,41.32881],[15.12083,41.32917],[15.12721,41.3286],[15.13541,41.3213],[15.13958,41.32453],[15.14929,41.31995],[15.15057,41.31029],[15.15502,41.30085],[15.15833,41.3],[15.15769,41.2937],[15.14648,41.2813],[15.14519,41.27286],[15.13814,41.26464],[15.13676,41.24661],[15.12019,41.24492],[15.13814,41.20032],[15.13398,41.18964],[15.13333,41.16667],[15.16029,41.14223],[15.20075,41.13693],[15.20612,41.1411],[15.22795,41.14223],[15.23002,41.13418],[15.23665,41.13248],[15.24252,41.11752],[15.25196,41.11307],[15.25908,41.11193],[15.26888,41.11723],[15.275,41.125],[15.2947,41.13776],[15.29583,41.13333],[15.30327,41.13267],[15.29943,41.08946],[15.2907,41.07123],[15.27696,41.0661],[15.25638,41.0464],[15.24672,41.04512],[15.24583,41.04167],[15.27742,41.03715],[15.29758,41.02119],[15.30662,41.02048],[15.32048,41.00659],[15.325,40.99583],[15.32083,40.99583],[15.31492,40.98785],[15.30833,40.9875],[15.30242,40.97952],[15.29409,40.97535],[15.28333,40.975],[15.27823,40.9797],[15.27308,40.97553],[15.23942,40.97447],[15.22725,40.96303],[15.21442,40.96197],[15.20833,40.95417],[15.2125,40.9479],[15.20332,40.93835],[15.18554,40.92973],[15.15612,40.9286],[15.15075,40.92443],[15.11446,40.92973],[15.10908,40.9339],[15.09678,40.93266],[15.0875,40.91667],[15.08807,40.89779],[15.09252,40.88835],[15.0996,40.88653],[15.1037,40.88125],[15.0963,40.86875],[15.10085,40.85918],[15.11215,40.84826],[15.11667,40.8375],[15.12917,40.83333],[15.12952,40.82674],[15.13298,40.82326],[15.13298,40.81008],[15.12881,40.80588],[15.12952,40.79758],[15.13369,40.79338],[15.13298,40.78508],[15.125,40.77083],[15.11841,40.77119],[15.10833,40.78333],[15.09792,40.78703],[15.09375,40.7838],[15.08418,40.78835],[15.08333,40.79167],[15.0759,40.79101],[15.07044,40.78013],[15.06054,40.77557],[15.04925,40.77443],[15.04388,40.7786],[15.02009,40.77973],[15.00833,40.775],[15.00745,40.77846],[14.99167,40.78333],[14.97083,40.78333],[14.96995,40.77988],[14.96029,40.7786],[14.95491,40.77443],[14.93554,40.78277],[14.90221,40.7911],[14.87083,40.79167],[14.87119,40.80242],[14.87881,40.81424],[14.87952,40.82255],[14.85662,40.84548],[14.83508,40.85035],[14.82742,40.85798],[14.80174,40.85869],[14.79792,40.86249],[14.79375,40.85835],[14.78992,40.86215],[14.76667,40.8625],[14.76594,40.87848],[14.70417,40.87917],[14.69167,40.8875],[14.70896,40.9121],[14.69937,40.92877],[14.70079,40.941],[14.72083,40.94167],[14.71702,40.94826],[14.725,40.95833],[14.71574,40.97013],[14.69362,40.97557],[14.68138,40.98277],[14.65924,40.98396],[14.65417,40.99167],[14.62674,40.99202],[14.61076,40.99965],[14.57674,41.00452],[14.56492,41.01631],[14.55,41.01667],[14.55,41.025],[14.55343,41.02588],[14.55473,41.03408],[14.54915,41.04498],[14.51471,41.05777],[14.50323,41.0589],[14.49388,41.05057],[14.48259,41.04943],[14.47425,41.05473],[14.45624,41.0463],[14.44804,41.0536],[14.41592,41.05473],[14.41041,41.05046],[14.39804,41.06193],[14.39167,41.0625],[14.3911,41.07721],[14.38294,41.0907],[14.37566,41.09257],[14.375,41.1]]]},"properties":{"hybas_id":"2060015420","pfaf_id":"215002","sub_area":"5924.1","up_area":"5924.1","next_down":"0","main_bas":"2060015420","kind":"basin","source":"local-hydrobasins"}},{"type":"Feature","geometry":{"type":"Polygon","coordinates":[[[13.925,41.02083],[13.92168,41.02168],[13.91723,41.03112],[13.90417,41.075],[13.90085,41.07585],[13.8911,41.09388],[13.8464,41.14362],[13.83693,41.16054],[13.82435,41.1741],[13.81862,41.17557],[13.79804,41.19527],[13.77696,41.2089],[13.76759,41.21725],[13.76667,41.225],[13.77326,41.22465],[13.79409,41.21215],[13.83125,41.17918],[13.86078,41.20452],[13.92742,41.20381],[13.93091,41.20035],[13.93684,41.2009],[13.9375,41.20833],[13.95221,41.21307],[13.96446,41.22443],[13.96998,41.22585],[13.97557,41.24388],[13.98693,41.25612],[13.9875,41.26667],[13.98091,41.26702],[13.97536,41.27254],[13.97465,41.27671],[13.97915,41.28125],[13.97083,41.29583],[13.97864,41.30192],[13.97982,41.31158],[13.98449,41.31303],[13.99915,41.29915],[14.0009,41.29233],[14.00833,41.29167],[14.00924,41.28814],[14.04804,41.28277],[14.07009,41.27443],[14.09388,41.27557],[14.09792,41.2787],[14.10196,41.27557],[14.12399,41.27438],[14.13693,41.26054],[14.14668,41.24252],[14.15,41.24167],[14.14903,41.23827],[14.13951,41.23688],[14.11322,41.22401],[14.11176,41.20914],[14.07977,41.19918],[14.06728,41.18549],[14.06596,41.16749],[14.05509,41.16157],[14.05,41.15],[14.04202,41.14412],[14.03665,41.13002],[13.99388,41.10473],[13.98112,41.1036],[13.94388,41.0714],[13.91667,41.0625],[13.92973,41.03408],[13.925,41.02083]]]},"properties":{"hybas_id":"2060015430","pfaf_id":"215003","sub_area":"336.8","up_area":"336.8","next_down":"0","main_bas":"2060015430","kind":"basin","source":"local-hydrobasins"}},{"type":"Feature","geometry":{"type":"Polygon","coordinates":[[[13.6625,41.32083],[13.65174,41.32048],[13.63579,41.31215],[13.63159,41.31631],[13.62258,41.31702],[13.60452,41.33505],[13.5996,41.34487],[13.57597,41.35873],[13.57409,41.36604],[13.5625,41.36667],[13.55798,41.39409],[13.54829,41.40381],[13.46788,41.39527],[13.46158,41.40763],[13.45089,41.40904],[13.44909,41.41606],[13.43333,41.41667],[13.43715,41.42258],[13.4375,41.44583],[13.42917,41.45207],[13.43298,41.45591],[13.43333,41.4625],[13.39829,41.49964],[13.39341,41.50035],[13.38576,41.50798],[13.36912,41.50869],[13.36458,41.50418],[13.35659,41.51215],[13.32326,41.52881],[13.30591,41.53369],[13.29583,41.54583],[13.26454,41.55066],[13.25543,41.55841],[13.24976,41.56999],[13.22288,41.57566],[13.21124,41.59161],[13.19559,41.58684],[13.18962,41.59101],[13.16737,41.59241],[13.16667,41.6125],[13.15612,41.61193],[13.15097,41.60794],[13.14915,41.60085],[13.14362,41.59943],[13.11673,41.57344],[13.1214,41.55955],[13.11008,41.55869],[13.09409,41.57048],[13.08508,41.57119],[13.07742,41.57881],[13.07083,41.57917],[13.06582,41.58665],[13.06029,41.58807],[13.04907,41.59907],[13.0341,41.60514],[13.03254,41.61587],[13.02284,41.61728],[13.00201,41.62978],[12.97175,41.65475],[12.97083,41.65833],[12.93854,41.6632],[12.93336,41.67374],[12.92088,41.68046],[12.92564,41.69199],[12.92,41.70757],[12.90494,41.7091],[12.90352,41.72297],[12.90002,41.72791],[12.89263,41.73013],[12.88667,41.74917],[12.87703,41.75064],[12.86346,41.7593],[12.86154,41.7657],[12.84797,41.77436],[12.83718,41.77564],[12.8313,41.77148],[12.81008,41.77048],[12.80452,41.76496],[12.79965,41.74758],[12.77917,41.725],[12.77258,41.72465],[12.75242,41.71285],[12.74412,41.71215],[12.73992,41.71631],[12.72917,41.71667],[12.72917,41.74583],[12.7369,41.74675],[12.7375,41.76667],[12.74082,41.76752],[12.74943,41.78112],[12.75,41.79167],[12.76492,41.79131],[12.77258,41.78369],[12.8125,41.78333],[12.81987,41.78399],[12.82589,41.79512],[12.85743,41.80064],[12.8634,41.81599],[12.88112,41.83277],[12.8871,41.8343],[12.89263,41.84544],[12.9,41.85],[12.90035,41.85659],[12.91422,41.87048],[12.92742,41.87119],[12.93298,41.87671],[12.93333,41.89167],[12.94362,41.88807],[12.97182,41.88693],[12.99167,41.90417],[12.99779,41.90057],[13.01992,41.89938],[13.0259,41.88401],[13.04482,41.8661],[13.06175,41.87557],[13.07304,41.87443],[13.08112,41.86723],[13.10377,41.85737],[13.10833,41.85],[13.12721,41.84943],[13.16888,41.83693],[13.17832,41.83248],[13.17917,41.825],[13.19391,41.82553],[13.22177,41.83386],[13.22817,41.82868],[13.23333,41.83333],[13.25659,41.83298],[13.26008,41.82952],[13.27083,41.82917],[13.28162,41.83785],[13.28995,41.83298],[13.29826,41.83369],[13.30245,41.83785],[13.32326,41.83715],[13.32745,41.83298],[13.33579,41.83785],[13.36076,41.83715],[13.36667,41.83333],[13.3661,41.85638],[13.3588,41.86875],[13.36706,41.88237],[13.37415,41.88418],[13.3786,41.89362],[13.37881,41.90659],[13.36043,41.92917],[13.35659,41.92535],[13.3375,41.925],[13.33688,41.93659],[13.32597,41.94206],[13.32415,41.94915],[13.29388,41.9661],[13.2875,41.96667],[13.28715,41.98159],[13.28333,41.9875],[13.27149,41.99257],[13.2714,42.00638],[13.28038,42.02557],[13.30221,42.02027],[13.33665,42.00332],[13.33835,41.99668],[13.36909,41.98298],[13.37674,41.97535],[13.39409,41.97048],[13.40174,41.96285],[13.41909,41.96215],[13.42674,41.95452],[13.44487,41.95351],[13.44943,41.94804],[13.45057,41.93946],[13.4661,41.92304],[13.46752,41.91752],[13.48665,41.90748],[13.4875,41.90417],[13.49167,41.90417],[13.4968,41.89206],[13.51446,41.87973],[13.55638,41.87443],[13.57279,41.8589],[13.59915,41.84915],[13.6,41.84583],[13.61862,41.8339],[13.64498,41.81998],[13.64668,41.81335],[13.65612,41.8089],[13.67304,41.80777],[13.69362,41.79223],[13.70833,41.7875],[13.71424,41.79548],[13.73333,41.79583],[13.7339,41.78946],[13.7536,41.76888],[13.76339,41.75071],[13.77304,41.74943],[13.78675,41.7411],[13.79495,41.74241],[13.7968,41.7496],[13.80342,41.75473],[13.81471,41.7536],[13.82585,41.74252],[13.84388,41.73693],[13.85196,41.72973],[13.86888,41.7286],[13.87425,41.72443],[13.89078,41.72988],[13.89263,41.7371],[13.89925,41.74223],[13.91155,41.741],[13.92048,41.72742],[13.92536,41.71004],[13.93333,41.70417],[13.93369,41.69338],[13.94672,41.67988],[13.95741,41.67846],[13.96193,41.67304],[13.9661,41.66471],[13.96667,41.64583],[13.96998,41.64498],[13.97145,41.63117],[13.9836,41.60512],[13.9718,41.6034],[13.96188,41.5838],[13.96667,41.57083],[13.9563,41.56314],[13.94239,41.56172],[13.94102,41.53953],[13.93686,41.53301],[13.94246,41.51768],[13.94583,41.51667],[13.94583,41.50833],[13.96888,41.5089],[13.9735,41.51249],[13.98002,41.50085],[13.99517,41.49493],[13.99583,41.4875],[13.98813,41.48131],[13.98687,41.47285],[13.97903,41.46376],[13.99952,41.45747],[14.00896,41.44652],[14.00354,41.43373],[14.00503,41.4258],[14.02496,41.41962],[14.03057,41.4077],[14.04381,41.40896],[14.04913,41.41279],[14.0505,41.39942],[14.04484,41.38828],[14.03535,41.38687],[14.01881,41.37563],[13.99678,41.36989],[13.98813,41.35631],[13.98681,41.33435],[13.97921,41.33212],[13.97379,41.32088],[13.96881,41.3173],[13.96008,41.31631],[13.94619,41.30662],[13.94583,41.3],[13.96492,41.29965],[13.97083,41.29583],[13.97915,41.28125],[13.97465,41.27671],[13.97536,41.27254],[13.98091,41.26702],[13.9875,41.26667],[13.98693,41.25612],[13.97557,41.24388],[13.96998,41.22585],[13.96446,41.22443],[13.95221,41.21307],[13.9375,41.20833],[13.93684,41.2009],[13.93333,41.2],[13.92742,41.20381],[13.86078,41.20452],[13.83125,41.17918],[13.81076,41.19965],[13.80591,41.20035],[13.78159,41.22048],[13.76667,41.225],[13.76667,41.22083],[13.7625,41.22083],[13.76611,41.23125],[13.76176,41.2492],[13.75201,41.25062],[13.7465,41.25502],[13.74583,41.27083],[13.73846,41.27144],[13.73697,41.27594],[13.7422,41.28427],[13.73228,41.29936],[13.72275,41.30053],[13.71058,41.31197],[13.6739,41.3078],[13.6625,41.32083]]]},"properties":{"hybas_id":"2060015470","pfaf_id":"215004","sub_area":"4118.7","up_area":"4118.7","next_down":"0","main_bas":"2060015470","kind":"basin","source":"local-hydrobasins"}},{"type":"Feature","geometry":{"type":"MultiPolygon","coordinates":[[[[12.95694,40.875],[12.95109,40.87582],[12.94515,40.88741],[12.94986,40.89453],[12.94099,40.89741],[12.94684,40.92078],[12.96142,40.92584],[12.96358,40.93249],[12.97707,40.93682],[12.99793,40.93818],[13.00297,40.9416],[13.00824,40.93466],[12.97168,40.91975],[12.96599,40.90426],[12.97568,40.89843],[12.97432,40.89374],[12.95694,40.875]]],[[[13.41944,40.78333],[13.40917,40.78398],[13.4079,40.79045],[13.4158,40.79254],[13.41768,40.79968],[13.43187,40.80832],[13.43808,40.80079],[13.43674,40.79252],[13.41944,40.78333]]],[[[12.86111,40.925],[12.84934,40.92585],[12.85351,40.93538],[12.855,40.95441],[12.86732,40.94851],[12.86601,40.93121],[12.86111,40.925]]],[[[13.45694,40.78333],[13.44938,40.78428],[13.45096,40.79645],[13.45813,40.7948],[13.46194,40.78958],[13.45694,40.78333]]],[[[13.06528,40.9625],[13.04677,40.96313],[13.04166,40.96938],[13.04927,40.97559],[13.06163,40.97429],[13.06725,40.96741],[13.06528,40.9625]]],[[[12.31667,41.7125],[12.25089,41.73404],[12.25077,41.74506],[12.25833,41.74583],[12.25922,41.74238],[12.28138,41.73693],[12.29509,41.7286],[12.30759,41.7339],[12.31862,41.72973],[12.33162,41.72952],[12.34131,41.73924],[12.34202,41.74412],[12.34758,41.74965],[12.35662,41.75036],[12.36841,41.76631],[12.37674,41.77048],[12.38576,41.77048],[12.38924,41.76702],[12.39583,41.76667],[12.41029,41.75057],[12.41602,41.7491],[12.4286,41.73554],[12.43013,41.72956],[12.43529,41.72557],[12.4449,41.7243],[12.4536,41.71471],[12.45513,41.70873],[12.48112,41.68807],[12.49804,41.68693],[12.50342,41.68277],[12.51162,41.68407],[12.51347,41.69127],[12.51862,41.69527],[12.53554,41.6964],[12.56029,41.70777],[12.57742,41.70869],[12.59758,41.72465],[12.60588,41.72535],[12.61421,41.72048],[12.62083,41.72917],[12.62674,41.72535],[12.63971,41.72557],[12.64915,41.73002],[12.65,41.73333],[12.65659,41.73298],[12.66008,41.72952],[12.69498,41.73002],[12.69668,41.73665],[12.70768,41.74263],[12.70833,41.75],[12.72917,41.74583],[12.72917,41.71667],[12.73992,41.71631],[12.74412,41.71215],[12.75242,41.71285],[12.77258,41.72465],[12.77917,41.725],[12.79965,41.74758],[12.80452,41.76496],[12.81008,41.77048],[12.8313,41.77148],[12.83718,41.77564],[12.84797,41.77436],[12.86154,41.7657],[12.86346,41.7593],[12.87703,41.75064],[12.88667,41.74917],[12.89263,41.73013],[12.90002,41.72791],[12.90352,41.72297],[12.90494,41.7091],[12.92,41.70757],[12.92564,41.69199],[12.92088,41.68046],[12.93336,41.67374],[12.93854,41.6632],[12.97083,41.65833],[12.97175,41.65475],[13.00201,41.62978],[13.02284,41.61728],[13.03254,41.61587],[13.0341,41.60514],[13.04907,41.59907],[13.06029,41.58807],[13.06582,41.58665],[13.07083,41.57917],[13.07742,41.57881],[13.08508,41.57119],[13.09409,41.57048],[13.11008,41.55869],[13.1214,41.55955],[13.11673,41.57344],[13.14362,41.59943],[13.14915,41.60085],[13.15097,41.60794],[13.15612,41.61193],[13.16667,41.6125],[13.16737,41.59241],[13.18962,41.59101],[13.19559,41.58684],[13.21124,41.59161],[13.22288,41.57566],[13.24976,41.56999],[13.25543,41.55841],[13.26454,41.55066],[13.29583,41.54583],[13.30591,41.53369],[13.32326,41.52881],[13.35659,41.51215],[13.36458,41.50418],[13.36912,41.50869],[13.38576,41.50798],[13.39341,41.50035],[13.39829,41.49964],[13.43333,41.4625],[13.43298,41.45591],[13.42917,41.45207],[13.4375,41.44583],[13.43715,41.42258],[13.43333,41.41667],[13.44909,41.41606],[13.45089,41.40904],[13.46158,41.40763],[13.46788,41.39527],[13.54829,41.40381],[13.55798,41.39409],[13.5625,41.36667],[13.57409,41.36604],[13.57597,41.35873],[13.5996,41.34487],[13.60452,41.33505],[13.62258,41.31702],[13.63159,41.31631],[13.63579,41.31215],[13.65174,41.32048],[13.6625,41.32083],[13.6739,41.3078],[13.71058,41.31197],[13.72275,41.30053],[13.73228,41.29936],[13.7422,41.28427],[13.73697,41.27594],[13.73846,41.27144],[13.74583,41.27083],[13.7465,41.25502],[13.75201,41.25062],[13.76176,41.2492],[13.76611,41.23125],[13.7625,41.22083],[13.7147,41.24942],[13.70349,41.25058],[13.68265,41.24109],[13.64803,41.25775],[13.61995,41.25891],[13.61053,41.25058],[13.59364,41.24942],[13.5853,41.24525],[13.57576,41.23665],[13.57442,41.22849],[13.58366,41.21351],[13.5921,41.21129],[13.59084,41.2049],[13.57708,41.20049],[13.57292,41.20367],[13.56782,41.19978],[13.56584,41.20729],[13.56182,41.20891],[13.54911,41.20359],[13.5397,41.21192],[13.53008,41.21322],[13.52823,41.22021],[13.50093,41.22146],[13.49913,41.2283],[13.47849,41.23808],[13.47015,41.23275],[13.4592,41.23837],[13.45746,41.24496],[13.43958,41.25367],[13.43541,41.25049],[13.4272,41.25775],[13.3897,41.27442],[13.33553,41.29109],[13.28333,41.29583],[13.27279,41.29527],[13.26342,41.28692],[13.26162,41.27991],[13.21175,41.2839],[13.20638,41.27973],[13.17258,41.27465],[13.11424,41.24548],[13.09412,41.22119],[13.05662,41.22048],[13.05242,41.22465],[13.04341,41.22535],[13.03786,41.23088],[13.02881,41.26492],[13.02119,41.27258],[13.01631,41.28576],[13.00869,41.29341],[12.99965,41.31076],[12.96495,41.34964],[12.96008,41.35035],[12.94826,41.36215],[12.94341,41.36285],[12.92326,41.37881],[12.87326,41.40381],[12.86424,41.40452],[12.84826,41.41215],[12.81667,41.4125],[12.81577,41.40375],[12.8063,41.41186],[12.7938,41.41602],[12.775,41.41667],[12.76378,41.40408],[12.76154,41.41154],[12.73953,41.42148],[12.7188,41.43686],[12.67532,41.45481],[12.65203,41.45352],[12.63732,41.44902],[12.64195,41.4425],[12.62364,41.44102],[12.60769,41.46464],[12.58814,41.48536],[12.57852,41.50214],[12.55481,41.52703],[12.553,41.53305],[12.52297,41.56186],[12.51664,41.56376],[12.51154,41.57404],[12.50513,41.57596],[12.46471,41.6161],[12.46029,41.61723],[12.43554,41.6411],[12.36888,41.68693],[12.32721,41.70777],[12.31755,41.70904],[12.31667,41.7125]]]]},"properties":{"hybas_id":"2060015480","pfaf_id":"215005","sub_area":"2998.9","up_area":"2998.9","next_down":"0","main_bas":"2060015480","kind":"basin","source":"local-hydrobasins"}},{"type":"Feature","geometry":{"type":"Polygon","coordinates":[[[11.65833,42.80417],[11.65748,42.80748],[11.6468,42.8129],[11.63807,42.82696],[11.63693,42.83427],[11.64527,42.84362],[11.64583,42.85],[11.64926,42.85088],[11.65057,42.85908],[11.64544,42.8657],[11.63091,42.87119],[11.62535,42.87671],[11.625,42.89583],[11.63508,42.90381],[11.64167,42.90417],[11.65174,42.91631],[11.65833,42.91667],[11.65925,42.91311],[11.68971,42.91193],[11.70196,42.90473],[11.71768,42.9036],[11.73529,42.92027],[11.74658,42.9214],[11.76596,42.91161],[11.76738,42.90089],[11.77696,42.8964],[11.79265,42.89527],[11.81862,42.9161],[11.83138,42.91723],[11.83825,42.9214],[11.84362,42.91723],[11.85927,42.9161],[11.87083,42.92917],[11.875,42.92917],[11.8714,42.93529],[11.87027,42.94804],[11.86193,42.96471],[11.85319,42.97435],[11.8384,42.97566],[11.83277,42.99388],[11.82825,42.9993],[11.81862,43.00057],[11.79804,43.0161],[11.78946,43.01723],[11.78397,43.02181],[11.78277,43.03971],[11.77821,43.04518],[11.77083,43.04583],[11.77589,43.05346],[11.78661,43.05488],[11.7875,43.05833],[11.80339,43.05764],[11.80499,43.04196],[11.81037,43.03814],[11.86047,43.03686],[11.8937,43.02148],[11.9063,43.02019],[11.91603,43.01186],[11.92713,43.01314],[11.93537,43.02019],[11.94412,43.02048],[11.95591,43.00452],[11.96909,43.00381],[11.98298,42.99409],[11.98369,42.98508],[12.00798,42.95659],[12.0125,42.94583],[12.02917,42.94167],[12.02978,42.94799],[12.0378,42.95723],[12.05754,42.96329],[12.06728,43.00633],[12.07554,43.01583],[12.08549,43.01728],[12.09784,43.02855],[12.11034,43.03272],[12.13966,43.03395],[12.14784,43.04105],[12.16049,43.04228],[12.17507,43.05121],[12.16667,43.07083],[12.18091,43.07881],[12.19826,43.08369],[12.2125,43.09583],[12.17917,43.12917],[12.18404,43.14495],[12.20316,43.15498],[12.20473,43.15908],[12.20057,43.16446],[12.19583,43.19167],[12.18138,43.19943],[12.16862,43.20057],[12.16175,43.20473],[12.15625,43.20047],[12.14649,43.20507],[12.14527,43.21888],[12.13159,43.23298],[12.12258,43.23369],[12.11909,43.23715],[12.09583,43.2375],[12.09548,43.26492],[12.09202,43.26841],[12.09167,43.275],[12.06862,43.2839],[12.0632,43.28842],[12.06179,43.29911],[12.05744,43.3035],[12.04485,43.30473],[12.03126,43.29213],[12.02168,43.29668],[12.01582,43.30748],[12.00417,43.3125],[12.00473,43.32304],[12.01204,43.33124],[12.00777,43.34241],[12.0129,43.34903],[12.01998,43.35085],[12.02443,43.36029],[12.02557,43.36741],[12.02083,43.37917],[12.01492,43.37535],[12.00245,43.37465],[11.98579,43.38369],[11.97326,43.37535],[11.94828,43.37048],[11.93992,43.37881],[11.92674,43.37952],[11.91702,43.38921],[11.91752,43.39498],[11.92415,43.39668],[11.92585,43.40332],[11.93294,43.40513],[11.93693,43.41029],[11.93812,43.43242],[11.95351,43.4384],[11.95473,43.45221],[11.95925,43.46192],[11.96862,43.47027],[11.98159,43.47119],[11.99167,43.47917],[11.9911,43.48971],[11.97557,43.50612],[11.97443,43.51471],[11.96193,43.52818],[11.96723,43.53675],[11.9661,43.56054],[11.9616,43.57017],[11.94673,43.57149],[11.9411,43.58259],[11.94227,43.61575],[11.94583,43.61667],[11.94493,43.62017],[11.9375,43.62083],[11.93665,43.62415],[11.91729,43.63432],[11.91667,43.64583],[11.91991,43.64676],[11.92438,43.65617],[11.92577,43.6657],[11.94155,43.67199],[11.94522,43.67701],[11.95062,43.69383],[11.95772,43.70201],[11.95907,43.71586],[11.97917,43.72083],[11.97952,43.72742],[11.98332,43.73125],[11.97881,43.73921],[11.98298,43.74341],[11.98369,43.75659],[11.9875,43.7625],[12.00732,43.7631],[12.01193,43.76862],[12.01321,43.77828],[12.02696,43.78693],[12.03554,43.78807],[12.04362,43.79527],[12.05242,43.79548],[12.05662,43.79131],[12.08576,43.79548],[12.09583,43.7875],[12.09619,43.77258],[12.10381,43.76076],[12.10417,43.75417],[12.09388,43.74223],[12.08542,43.73797],[12.08066,43.74165],[12.07499,43.73485],[12.08684,43.72827],[12.08807,43.71446],[12.09675,43.70058],[12.11185,43.69076],[12.125,43.675],[12.14583,43.67083],[12.15196,43.66307],[12.16601,43.65743],[12.16667,43.65],[12.17742,43.64965],[12.18333,43.64583],[12.18369,43.63921],[12.19341,43.62952],[12.20245,43.62881],[12.21215,43.61909],[12.21285,43.61008],[12.22083,43.59583],[12.24826,43.59548],[12.26008,43.58785],[12.26909,43.58715],[12.28508,43.57952],[12.30833,43.57917],[12.30896,43.56758],[12.3214,43.56129],[12.32027,43.55196],[12.3161,43.54658],[12.31767,43.54248],[12.3246,43.5407],[12.33002,43.53002],[12.33665,43.52832],[12.3375,43.525],[12.36888,43.52027],[12.37696,43.51307],[12.38958,43.5088],[12.39509,43.51307],[12.40329,43.51176],[12.40417,43.50833],[12.41076,43.50798],[12.41495,43.50381],[12.42329,43.50869],[12.43162,43.50381],[12.44583,43.50833],[12.45924,43.47981],[12.47279,43.46723],[12.47877,43.4657],[12.48333,43.45417],[12.49113,43.45894],[12.49599,43.45677],[12.50078,43.44245],[12.50909,43.44122],[12.51458,43.44529],[12.52083,43.44167],[12.52621,43.42932],[12.54519,43.41464],[12.54661,43.40072],[12.57326,43.39548],[12.58091,43.38785],[12.58975,43.38803],[12.59489,43.3922],[12.59923,43.39075],[12.6,43.3875],[12.60417,43.3875],[12.60502,43.38002],[12.61876,43.37546],[12.62696,43.38277],[12.63971,43.3839],[12.66029,43.39527],[12.67304,43.3964],[12.67842,43.40057],[12.68946,43.3964],[12.70743,43.3952],[12.7093,43.3879],[12.71446,43.3839],[12.73235,43.3827],[12.7384,43.37148],[12.75196,43.3589],[12.76471,43.35777],[12.77696,43.3464],[12.78333,43.34583],[12.80361,43.31876],[12.79938,43.31297],[12.80361,43.30625],[12.79914,43.292],[12.78272,43.2865],[12.80617,43.27145],[12.81593,43.27003],[12.81702,43.25171],[12.82258,43.24619],[12.82917,43.24583],[12.82952,43.23508],[12.83785,43.22672],[12.82443,43.19241],[12.82557,43.16446],[12.83277,43.14388],[12.83399,43.13013],[12.83946,43.12557],[12.87304,43.12443],[12.88273,43.11992],[12.88333,43.09167],[12.86466,43.07562],[12.85487,43.07419],[12.84938,43.04367],[12.83337,43.03197],[12.8375,43.02083],[12.84909,43.02021],[12.85777,43.00638],[12.85904,42.99672],[12.86608,42.99491],[12.88112,42.97557],[12.89078,42.97429],[12.89167,42.97083],[12.91158,42.97143],[12.91342,42.97858],[12.94583,42.97917],[12.94934,42.97827],[12.95036,42.96838],[12.96841,42.95452],[12.9782,42.95513],[12.98042,42.96248],[12.98537,42.95898],[13.00756,42.95761],[13.00833,42.95],[13.0178,42.94531],[13.03221,42.95886],[13.04888,42.9453],[13.07692,42.96614],[13.08975,42.9672],[13.09583,42.97083],[13.11156,42.9536],[13.14583,42.97917],[13.16424,42.96702],[13.19409,42.96631],[13.19758,42.96285],[13.20417,42.9625],[13.21667,42.95],[13.21723,42.93529],[13.2214,42.92991],[13.21983,42.92581],[13.20456,42.91987],[13.20046,42.91457],[13.20918,42.90085],[13.21627,42.89903],[13.22917,42.87917],[13.23333,42.87917],[13.23369,42.86841],[13.24131,42.86076],[13.24965,42.84409],[13.25035,42.83091],[13.25452,42.82254],[13.2625,42.81667],[13.26186,42.8062],[13.25769,42.78953],[13.25064,42.77713],[13.24923,42.76324],[13.2312,42.76186],[13.22708,42.75894],[13.22292,42.76189],[13.2188,42.75898],[13.2,42.75833],[13.19938,42.74682],[13.18693,42.74045],[13.1912,42.72708],[13.18797,42.72292],[13.19223,42.71741],[13.1839,42.70221],[13.18333,42.6875],[13.18684,42.6866],[13.18714,42.67255],[13.16667,42.65833],[13.16667,42.65417],[13.16998,42.65332],[13.17443,42.64388],[13.1757,42.63426],[13.20196,42.61307],[13.21157,42.6118],[13.22037,42.60209],[13.20869,42.58159],[13.20833,42.57083],[13.21545,42.56193],[13.22205,42.57557],[13.2286,42.56471],[13.22881,42.55174],[13.22048,42.53088],[13.20035,42.51492],[13.19965,42.51008],[13.18369,42.49409],[13.18333,42.48333],[13.1718,42.47877],[13.16995,42.47157],[13.16156,42.47027],[13.15221,42.4786],[13.14092,42.47973],[13.13333,42.47083],[13.12917,42.47083],[13.12851,42.4634],[13.11316,42.45743],[13.1125,42.45],[13.10802,42.44885],[13.11348,42.4423],[13.13243,42.44103],[13.1339,42.43529],[13.15932,42.40899],[13.17304,42.40777],[13.1875,42.4],[13.19341,42.39202],[13.20417,42.39167],[13.2036,42.37696],[13.19915,42.36752],[13.19233,42.36577],[13.19101,42.35097],[13.17952,42.33924],[13.18951,42.32978],[13.21049,42.32438],[13.22707,42.30889],[13.23286,42.31312],[13.24503,42.31175],[13.24645,42.30201],[13.26605,42.28133],[13.26728,42.27284],[13.27438,42.26466],[13.28003,42.242],[13.28534,42.23812],[13.33117,42.22562],[13.35748,42.22433],[13.36783,42.20845],[13.3875,42.2],[13.37952,42.18992],[13.37952,42.18504],[13.38508,42.17952],[13.39167,42.17917],[13.4,42.16667],[13.41471,42.1661],[13.42009,42.16193],[13.43138,42.16307],[13.43675,42.16723],[13.4491,42.16599],[13.45381,42.15659],[13.45417,42.14167],[13.45833,42.14167],[13.46335,42.14915],[13.47083,42.15],[13.47674,42.15798],[13.48333,42.15833],[13.48369,42.16495],[13.48924,42.17048],[13.50242,42.17048],[13.51042,42.16251],[13.51424,42.16631],[13.52742,42.16702],[13.53125,42.17082],[13.53508,42.16702],[13.55417,42.16667],[13.55507,42.16316],[13.57917,42.15833],[13.58002,42.15502],[13.59583,42.15],[13.59668,42.14668],[13.60833,42.14583],[13.60918,42.14252],[13.625,42.1375],[13.62917,42.12917],[13.63652,42.12851],[13.6536,42.11054],[13.6593,42.09623],[13.66446,42.09223],[13.67721,42.0911],[13.68684,42.0866],[13.6875,42.07917],[13.70591,42.06285],[13.73576,42.05381],[13.75417,42.0375],[13.75777,42.02721],[13.7589,42.00612],[13.77443,41.98554],[13.77566,41.97173],[13.7836,41.9697],[13.7786,41.96325],[13.78333,41.95833],[13.77465,41.94755],[13.77536,41.93921],[13.80591,41.91285],[13.81079,41.91214],[13.82465,41.89826],[13.82464,41.89338],[13.81582,41.88418],[13.80625,41.87964],[13.80075,41.8839],[13.78529,41.88277],[13.77594,41.87443],[13.74583,41.87917],[13.73125,41.87123],[13.726,41.87548],[13.7214,41.87405],[13.72083,41.85833],[13.70417,41.84583],[13.70538,41.8411],[13.71888,41.84223],[13.72425,41.8464],[13.72899,41.84458],[13.7411,41.82304],[13.74131,41.81008],[13.73369,41.80242],[13.73333,41.79583],[13.71424,41.79548],[13.70833,41.7875],[13.69362,41.79223],[13.67304,41.80777],[13.65612,41.8089],[13.64668,41.81335],[13.64498,41.81998],[13.61862,41.8339],[13.6,41.84583],[13.59915,41.84915],[13.57279,41.8589],[13.55638,41.87443],[13.51446,41.87973],[13.4968,41.89206],[13.49167,41.90417],[13.4875,41.90417],[13.48665,41.90748],[13.46752,41.91752],[13.4661,41.92304],[13.45057,41.93946],[13.44943,41.94804],[13.44487,41.95351],[13.42674,41.95452],[13.41909,41.96215],[13.40174,41.96285],[13.39409,41.97048],[13.37674,41.97535],[13.36909,41.98298],[13.33835,41.99668],[13.33665,42.00332],[13.30221,42.02027],[13.28038,42.02557],[13.2714,42.00638],[13.27149,41.99257],[13.28333,41.9875],[13.28715,41.98159],[13.2875,41.96667],[13.29388,41.9661],[13.32415,41.94915],[13.32597,41.94206],[13.33688,41.93659],[13.3375,41.925],[13.35659,41.92535],[13.36043,41.92917],[13.37881,41.90659],[13.3786,41.89362],[13.37415,41.88418],[13.36706,41.88237],[13.3588,41.86875],[13.3661,41.85638],[13.36667,41.83333],[13.36076,41.83715],[13.33579,41.83785],[13.32745,41.83298],[13.32326,41.83715],[13.30245,41.83785],[13.29826,41.83369],[13.28995,41.83298],[13.28162,41.83785],[13.27083,41.82917],[13.26008,41.82952],[13.25659,41.83298],[13.23333,41.83333],[13.22817,41.82868],[13.22177,41.83386],[13.19391,41.82553],[13.17917,41.825],[13.17832,41.83248],[13.16888,41.83693],[13.12721,41.84943],[13.10833,41.85],[13.10377,41.85737],[13.08112,41.86723],[13.07304,41.87443],[13.06175,41.87557],[13.04482,41.8661],[13.0259,41.88401],[13.01992,41.89938],[12.99779,41.90057],[12.99167,41.90417],[12.97182,41.88693],[12.94362,41.88807],[12.93333,41.89167],[12.93298,41.87671],[12.92742,41.87119],[12.91422,41.87048],[12.90035,41.85659],[12.9,41.85],[12.89263,41.84544],[12.8871,41.8343],[12.88112,41.83277],[12.8634,41.81599],[12.85743,41.80064],[12.82589,41.79512],[12.81987,41.78399],[12.8125,41.78333],[12.77258,41.78369],[12.76492,41.79131],[12.75,41.79167],[12.74943,41.78112],[12.74082,41.76752],[12.7375,41.76667],[12.7369,41.74675],[12.72258,41.74619],[12.71909,41.74965],[12.70833,41.75],[12.70768,41.74263],[12.69668,41.73665],[12.69498,41.73002],[12.69167,41.72917],[12.66008,41.72952],[12.65659,41.73298],[12.65,41.73333],[12.64915,41.73002],[12.63971,41.72557],[12.62674,41.72535],[12.62083,41.72917],[12.61421,41.72048],[12.60588,41.72535],[12.59758,41.72465],[12.57742,41.70869],[12.56029,41.70777],[12.53554,41.6964],[12.51862,41.69527],[12.51347,41.69127],[12.51162,41.68407],[12.50342,41.68277],[12.49804,41.68693],[12.48112,41.68807],[12.45513,41.70873],[12.4536,41.71471],[12.4449,41.7243],[12.43529,41.72557],[12.43013,41.72956],[12.4286,41.73554],[12.41602,41.7491],[12.41029,41.75057],[12.39583,41.76667],[12.38924,41.76702],[12.38576,41.77048],[12.37674,41.77048],[12.36841,41.76631],[12.35662,41.75036],[12.34758,41.74965],[12.34202,41.74412],[12.34131,41.73924],[12.33162,41.72952],[12.31862,41.72973],[12.30759,41.7339],[12.29509,41.7286],[12.28138,41.73693],[12.25922,41.74238],[12.25833,41.74583],[12.25077,41.74506],[12.25,41.7375],[12.24583,41.7375],[12.24548,41.74826],[12.22952,41.77258],[12.22881,41.78088],[12.23332,41.78542],[12.22952,41.78924],[12.22917,41.8125],[12.24804,41.81307],[12.2621,41.8218],[12.2661,41.82696],[12.2673,41.84493],[12.27304,41.8464],[12.29167,41.8625],[12.28811,41.86875],[12.29106,41.87292],[12.28269,41.89199],[12.28814,41.90272],[12.27918,41.90542],[12.29182,41.92379],[12.29904,41.92596],[12.30103,41.93259],[12.31595,41.93411],[12.31731,41.9563],[12.32436,41.96453],[12.32564,41.98366],[12.32148,41.98953],[12.31602,42.02949],[12.32852,42.0562],[12.33418,42.07832],[12.34518,42.08429],[12.34548,42.09826],[12.33785,42.10591],[12.33715,42.11492],[12.33335,42.11875],[12.33715,42.12258],[12.3375,42.13333],[12.32425,42.13807],[12.31888,42.1339],[12.30502,42.13418],[12.30057,42.14362],[12.29943,42.16471],[12.29069,42.17435],[12.27696,42.17557],[12.26888,42.18277],[12.25342,42.1839],[12.24705,42.17897],[12.24238,42.18001],[12.24096,42.19078],[12.22721,42.19943],[12.21175,42.20057],[12.18447,42.18724],[12.18272,42.20633],[12.17562,42.21451],[12.16986,42.2284],[12.15907,42.22997],[12.15762,42.24485],[12.14799,42.24938],[12.13117,42.25062],[12.11883,42.25772],[12.10833,42.25833],[12.10869,42.26492],[12.11631,42.27258],[12.11702,42.27742],[12.12671,42.28714],[12.13576,42.28785],[12.14131,42.29338],[12.14131,42.31076],[12.1375,42.31667],[12.14165,42.32292],[12.12917,42.33333],[12.12952,42.35245],[12.13924,42.36215],[12.14826,42.36285],[12.15174,42.36631],[12.1875,42.36667],[12.1875,42.38333],[12.18652,42.38652],[12.18015,42.38848],[12.17813,42.39502],[12.16871,42.39649],[12.15131,42.40824],[12.14122,42.42418],[12.12704,42.42566],[12.12215,42.42908],[12.11174,42.4493],[12.07191,42.45069],[12.06985,42.45735],[12.05625,42.46604],[12.05026,42.46186],[12.04433,42.46508],[12.04101,42.47108],[12.04649,42.48601],[12.03848,42.48848],[12.02851,42.50441],[12.03816,42.52525],[12.03399,42.53121],[12.03399,42.54493],[12.04082,42.54668],[12.04202,42.55659],[12.05381,42.58091],[12.05417,42.6125],[12.05071,42.61339],[12.04527,42.63971],[12.04127,42.64487],[12.03112,42.6464],[12.02175,42.65475],[12.01998,42.66165],[12.01446,42.66307],[12.00221,42.67443],[11.98529,42.67557],[11.97585,42.68002],[11.97415,42.68665],[11.97083,42.6875],[11.96962,42.68277],[11.9414,42.68864],[11.9464,42.69658],[11.94127,42.7032],[11.9303,42.7086],[11.9246,42.6968],[11.91471,42.69223],[11.90221,42.68807],[11.87696,42.68693],[11.86471,42.67973],[11.85612,42.6786],[11.84675,42.67025],[11.8411,42.65612],[11.82917,42.64167],[11.81424,42.64202],[11.81076,42.64548],[11.80417,42.64583],[11.80355,42.66466],[11.79967,42.66997],[11.78951,42.67145],[11.75917,42.69637],[11.75753,42.70763],[11.72701,42.71312],[11.70216,42.73688],[11.67258,42.73785],[11.65869,42.75171],[11.65798,42.75588],[11.66667,42.77083],[11.66008,42.77119],[11.65036,42.78088],[11.64965,42.78922],[11.65798,42.79758],[11.65833,42.80417]]]},"properties":{"hybas_id":"2060015610","pfaf_id":"215006","sub_area":"17733.1","up_area":"17733.1","next_down":"0","main_bas":"2060015610","kind":"basin","source":"local-hydrobasins"}},{"type":"Feature","geometry":{"type":"MultiPolygon","coordinates":[[[[10.71528,42.79583],[10.70772,42.79678],[10.71158,42.80062],[10.71638,42.79869],[10.71528,42.79583]]],[[[10.47778,42.8625],[10.47166,42.86321],[10.47037,42.86977],[10.47811,42.8713],[10.47778,42.8625]]],[[[10.42778,42.70417],[10.41871,42.70482],[10.41046,42.71184],[10.40392,42.71316],[10.39559,42.70768],[10.37165,42.7177],[10.37002,42.72813],[10.36256,42.73044],[10.36732,42.74018],[10.35932,42.74265],[10.35318,42.75735],[10.34142,42.76316],[10.32637,42.75757],[10.32434,42.75392],[10.32982,42.74196],[10.32059,42.73268],[10.31334,42.73774],[10.31184,42.75212],[10.30359,42.75899],[10.29249,42.74955],[10.29088,42.73407],[10.27025,42.73268],[10.26046,42.74101],[10.24382,42.74649],[10.24101,42.74142],[10.24649,42.73309],[10.24141,42.72581],[10.22475,42.72434],[10.20629,42.73268],[10.17475,42.73399],[10.15392,42.72434],[10.14796,42.72851],[10.13538,42.72982],[10.11798,42.74158],[10.11601,42.74796],[10.10066,42.76454],[10.09934,42.78775],[10.10408,42.79452],[10.13958,42.81187],[10.14375,42.80896],[10.14788,42.81184],[10.16691,42.81316],[10.17292,42.80896],[10.18542,42.81604],[10.21046,42.80768],[10.23121,42.79232],[10.24476,42.79101],[10.24669,42.80339],[10.26165,42.80495],[10.26331,42.81563],[10.27149,42.81934],[10.25951,42.825],[10.25768,42.83214],[10.26691,42.83399],[10.28121,42.82566],[10.30441,42.82018],[10.31691,42.82566],[10.32288,42.82149],[10.33617,42.8201],[10.33816,42.81624],[10.33207,42.80839],[10.32708,42.81188],[10.32018,42.8051],[10.35043,42.79934],[10.35828,42.80543],[10.35479,42.81042],[10.35932,42.81985],[10.37818,42.83015],[10.38684,42.84371],[10.38816,42.85212],[10.40519,42.87414],[10.41275,42.87566],[10.42419,42.8698],[10.42584,42.85918],[10.43546,42.85768],[10.44485,42.84969],[10.44649,42.84109],[10.43399,42.82296],[10.43268,42.80566],[10.44232,42.79975],[10.43816,42.79379],[10.43676,42.77159],[10.41871,42.77018],[10.39518,42.75927],[10.41165,42.75755],[10.41334,42.74668],[10.42296,42.74518],[10.43678,42.73644],[10.43816,42.71604],[10.42778,42.70417]]],[[[10.54861,42.85417],[10.54522,42.85689],[10.54735,42.86312],[10.55434,42.86132],[10.54861,42.85417]]],[[[10.09444,42.56667],[10.08134,42.57023],[10.05089,42.57148],[10.04523,42.57849],[10.04672,42.58715],[10.05199,42.59106],[10.06996,42.59235],[10.07977,42.60335],[10.07856,42.61467],[10.07469,42.61989],[10.08518,42.62144],[10.09106,42.61467],[10.09674,42.59257],[10.10477,42.59034],[10.10054,42.58125],[10.10477,42.57554],[10.09444,42.56667]]],[[[10.31944,42.3125],[10.29686,42.31309],[10.28693,42.32404],[10.29237,42.34908],[10.29915,42.35473],[10.31471,42.3536],[10.32442,42.34908],[10.3339,42.33844],[10.33269,42.32181],[10.31944,42.3125]]],[[[9.81528,43.0],[9.80011,43.00533],[9.78805,43.02292],[9.79522,43.03117],[9.80082,43.05773],[9.82453,43.07562],[9.84095,43.06985],[9.84228,43.05617],[9.85062,43.04657],[9.84506,43.02597],[9.82511,43.01551],[9.81528,43.0]]],[[[9.90278,43.41667],[9.88684,43.42232],[9.88843,43.43315],[9.90392,43.44232],[9.91316,43.43304],[9.91184,43.42704],[9.90278,43.41667]]],[[[10.88611,42.575],[10.87855,42.57595],[10.88242,42.57978],[10.88721,42.57786],[10.88611,42.575]]],[[[10.91944,42.3125],[10.90009,42.32629],[10.884,42.34372],[10.88226,42.34923],[10.86685,42.35087],[10.86183,42.35816],[10.86359,42.36663],[10.87066,42.3715],[10.87835,42.36644],[10.88001,42.39233],[10.89378,42.391],[10.90211,42.38683],[10.924,42.36983],[10.93269,42.35625],[10.9285,42.35017],[10.934,42.33767],[10.93267,42.32706],[10.91944,42.3125]]],[[[11.11528,42.2375],[11.09665,42.23816],[11.09105,42.2537],[11.09336,42.25861],[11.1111,42.2666],[11.12145,42.25493],[11.11911,42.24938],[11.10924,42.25447],[11.10831,42.24703],[11.11669,42.24464],[11.11528,42.2375]]],[[[10.45,43.65417],[10.45506,43.64657],[10.46325,43.64527],[10.46862,43.64943],[10.52575,43.65057],[10.53408,43.64527],[10.53946,43.64943],[10.56888,43.65473],[10.58665,43.66335],[10.5875,43.66667],[10.60221,43.66723],[10.60759,43.6714],[10.61232,43.66958],[10.61752,43.65918],[10.62415,43.65748],[10.62443,43.64362],[10.6161,43.63427],[10.61723,43.61862],[10.62557,43.60927],[10.62443,43.60196],[10.62027,43.58946],[10.61307,43.58138],[10.6118,43.57176],[10.60221,43.56307],[10.59547,43.56134],[10.6037,43.55209],[10.59527,43.53408],[10.5964,43.52696],[10.60097,43.51706],[10.61307,43.51129],[10.61184,43.49673],[10.6,43.49167],[10.60035,43.48091],[10.60417,43.475],[10.59629,43.4604],[10.61307,43.44268],[10.60768,43.41763],[10.59668,43.41165],[10.59583,43.40833],[10.60662,43.39965],[10.62326,43.40035],[10.63542,43.40832],[10.63995,43.40381],[10.64758,43.40798],[10.66492,43.40869],[10.66841,43.41215],[10.69828,43.41215],[10.71667,43.39167],[10.72326,43.39202],[10.72674,43.39548],[10.73576,43.39619],[10.74341,43.40381],[10.78992,43.40869],[10.79412,43.41285],[10.80174,43.40869],[10.83992,43.40798],[10.84341,43.40452],[10.86076,43.40381],[10.86458,43.40001],[10.86875,43.40415],[10.87258,43.40035],[10.88576,43.39965],[10.90591,43.38369],[10.91838,43.38785],[10.92258,43.38369],[10.93088,43.38298],[10.94341,43.39131],[10.95242,43.39202],[10.96215,43.40171],[10.9625,43.40833],[10.98159,43.40798],[10.99619,43.39755],[10.99548,43.38924],[10.99168,43.38542],[10.99583,43.37917],[11.01054,43.3786],[11.01998,43.37415],[11.02168,43.36752],[11.03333,43.3625],[11.03394,43.34675],[11.04915,43.34082],[11.0589,43.32594],[11.0576,43.31755],[11.05062,43.31576],[11.05,43.30417],[11.07006,43.29923],[11.07165,43.28362],[11.08237,43.2782],[11.0875,43.2625],[11.10625,43.27036],[11.11582,43.26582],[11.11763,43.25873],[11.125,43.25417],[11.13433,43.26603],[11.15221,43.26723],[11.16041,43.27454],[11.17158,43.27027],[11.18262,43.27589],[11.18703,43.28958],[11.18277,43.29658],[11.18776,43.30303],[11.18333,43.30417],[11.18298,43.31076],[11.175,43.31667],[11.17557,43.32721],[11.18392,43.33658],[11.20332,43.34668],[11.20833,43.35833],[11.22009,43.36307],[11.22842,43.35777],[11.24509,43.36723],[11.26153,43.36603],[11.26759,43.35475],[11.28248,43.34498],[11.28333,43.34167],[11.28924,43.34548],[11.3125,43.34583],[11.31702,43.35588],[11.31285,43.36008],[11.31215,43.38921],[11.32048,43.40174],[11.32119,43.41909],[11.325,43.425],[11.3375,43.425],[11.3375,43.42917],[11.33235,43.43687],[11.31446,43.43807],[11.30502,43.44252],[11.30332,43.44915],[11.29654,43.45089],[11.29527,43.46054],[11.28665,43.47415],[11.28002,43.47585],[11.27917,43.47917],[11.30242,43.47952],[11.30662,43.48369],[11.32326,43.48298],[11.33162,43.47465],[11.35242,43.47535],[11.37674,43.48715],[11.41909,43.48785],[11.42258,43.49131],[11.43159,43.49202],[11.44167,43.5],[11.45718,43.4828],[11.4625,43.4875],[11.47258,43.47952],[11.48578,43.47881],[11.49965,43.46492],[11.50415,43.45625],[11.5,43.45207],[11.50833,43.44583],[11.50748,43.44252],[11.4879,43.43237],[11.4838,43.42708],[11.48693,43.42304],[11.48807,43.41029],[11.49252,43.40085],[11.50405,43.39884],[11.50919,43.38366],[11.52072,43.37801],[11.52616,43.36678],[11.53286,43.36188],[11.56049,43.36312],[11.5787,43.37145],[11.59503,43.37012],[11.59669,43.35866],[11.60201,43.35478],[11.61034,43.35062],[11.6375,43.34583],[11.63277,43.33408],[11.6339,43.31862],[11.63749,43.314],[11.62585,43.30748],[11.62415,43.30085],[11.6161,43.29879],[11.61723,43.26862],[11.62557,43.25075],[11.6213,43.23958],[11.62597,43.22956],[11.64509,43.2161],[11.65612,43.22443],[11.67721,43.22557],[11.6822,43.22943],[11.68333,43.225],[11.68807,43.22379],[11.67443,43.19658],[11.67564,43.18007],[11.68294,43.1782],[11.68693,43.17304],[11.6882,43.16344],[11.70732,43.14527],[11.71592,43.15057],[11.7241,43.14926],[11.73277,43.13971],[11.72881,43.11841],[11.72119,43.11076],[11.72119,43.10171],[11.72674,43.09619],[11.74409,43.09548],[11.75591,43.08369],[11.775,43.08333],[11.77952,43.07258],[11.78715,43.06492],[11.7875,43.05833],[11.78661,43.05488],[11.77589,43.05346],[11.77083,43.04583],[11.77821,43.04518],[11.78277,43.03971],[11.78397,43.02181],[11.78946,43.01723],[11.79804,43.0161],[11.81862,43.00057],[11.82825,42.9993],[11.83277,42.99388],[11.8384,42.97566],[11.85319,42.97435],[11.86193,42.96471],[11.87027,42.94804],[11.8714,42.93529],[11.875,42.92917],[11.87083,42.92917],[11.85927,42.9161],[11.84362,42.91723],[11.83825,42.9214],[11.83138,42.91723],[11.81862,42.9161],[11.79265,42.89527],[11.77696,42.8964],[11.76738,42.90089],[11.76596,42.91161],[11.74658,42.9214],[11.73529,42.92027],[11.71768,42.9036],[11.70196,42.90473],[11.68971,42.91193],[11.65925,42.91311],[11.65833,42.91667],[11.65174,42.91631],[11.64167,42.90417],[11.63508,42.90381],[11.625,42.89583],[11.62535,42.87671],[11.63091,42.87119],[11.64544,42.8657],[11.65057,42.85908],[11.64926,42.85088],[11.64583,42.85],[11.64527,42.84362],[11.63693,42.83427],[11.63807,42.82696],[11.6468,42.8129],[11.65748,42.80748],[11.65798,42.79758],[11.64965,42.78922],[11.65036,42.78088],[11.66008,42.77119],[11.66667,42.77083],[11.65798,42.75588],[11.65869,42.75171],[11.67258,42.73785],[11.70216,42.73688],[11.72701,42.71312],[11.75753,42.70763],[11.75917,42.69637],[11.78951,42.67145],[11.79967,42.66997],[11.80355,42.66466],[11.80417,42.64583],[11.81076,42.64548],[11.81424,42.64202],[11.82917,42.64167],[11.8411,42.65612],[11.84675,42.67025],[11.85612,42.6786],[11.86471,42.67973],[11.87696,42.68693],[11.90221,42.68807],[11.91471,42.69223],[11.9246,42.6968],[11.9303,42.7086],[11.94127,42.7032],[11.9464,42.69658],[11.9414,42.68864],[11.96962,42.68277],[11.97083,42.6875],[11.97415,42.68665],[11.97585,42.68002],[11.98529,42.67557],[12.00221,42.67443],[12.01446,42.66307],[12.01998,42.66165],[12.02175,42.65475],[12.03112,42.6464],[12.04127,42.64487],[12.04527,42.63971],[12.05071,42.61339],[12.05417,42.6125],[12.05381,42.58091],[12.04202,42.55659],[12.04082,42.54668],[12.03399,42.54493],[12.03399,42.53121],[12.03816,42.52525],[12.02851,42.50441],[12.03848,42.48848],[12.04649,42.48601],[12.04101,42.47108],[12.04433,42.46508],[12.05026,42.46186],[12.05625,42.46604],[12.06985,42.45735],[12.07191,42.45069],[12.11174,42.4493],[12.12215,42.42908],[12.12704,42.42566],[12.14122,42.42418],[12.15131,42.40824],[12.16871,42.39649],[12.17813,42.39502],[12.18015,42.38848],[12.18652,42.38652],[12.1875,42.38333],[12.1875,42.36667],[12.15174,42.36631],[12.14826,42.36285],[12.13924,42.36215],[12.12952,42.35245],[12.12917,42.33333],[12.14165,42.32292],[12.1375,42.31667],[12.14131,42.31076],[12.14131,42.29338],[12.13576,42.28785],[12.12671,42.28714],[12.11702,42.27742],[12.11631,42.27258],[12.10869,42.26492],[12.10833,42.25833],[12.11883,42.25772],[12.13117,42.25062],[12.14799,42.24938],[12.15762,42.24485],[12.15907,42.22997],[12.16986,42.2284],[12.17562,42.21451],[12.18272,42.20633],[12.18447,42.18724],[12.21175,42.20057],[12.22721,42.19943],[12.24096,42.19078],[12.24238,42.18001],[12.24705,42.17897],[12.25342,42.1839],[12.26888,42.18277],[12.27696,42.17557],[12.29069,42.17435],[12.29943,42.16471],[12.30057,42.14362],[12.30502,42.13418],[12.31888,42.1339],[12.32425,42.13807],[12.3375,42.13333],[12.33715,42.12258],[12.33335,42.11875],[12.33715,42.11492],[12.33785,42.10591],[12.34548,42.09826],[12.34518,42.08429],[12.33418,42.07832],[12.32852,42.0562],[12.31602,42.02949],[12.32148,41.98953],[12.32564,41.98366],[12.32436,41.96453],[12.31731,41.9563],[12.31595,41.93411],[12.30103,41.93259],[12.29904,41.92596],[12.29182,41.92379],[12.27918,41.90542],[12.28814,41.90272],[12.28269,41.89199],[12.29106,41.87292],[12.28811,41.86875],[12.29167,41.8625],[12.27304,41.8464],[12.2673,41.84493],[12.2661,41.82696],[12.2621,41.8218],[12.24804,41.81307],[12.22917,41.8125],[12.22952,41.78924],[12.23332,41.78542],[12.22881,41.78088],[12.22952,41.77258],[12.24548,41.74826],[12.24583,41.7375],[12.23112,41.73807],[12.22047,41.74283],[12.2287,41.75207],[12.2121,41.77383],[12.22016,41.7759],[12.2214,41.78825],[12.21307,41.80196],[12.2125,41.8125],[12.20918,41.81335],[12.2036,41.83138],[12.1839,41.86029],[12.18333,41.86667],[12.17585,41.87168],[12.17443,41.87721],[12.14583,41.9125],[12.13953,41.91314],[12.11463,41.92852],[12.10203,41.92981],[12.0688,41.94936],[12.04787,41.95481],[12.02476,41.98215],[11.97703,41.99648],[11.96788,42.00432],[11.96565,42.0117],[11.9562,42.01314],[11.94797,42.02019],[11.91463,42.03686],[11.88301,42.03814],[11.86634,42.02852],[11.86042,42.03273],[11.8563,42.02981],[11.83061,42.02852],[11.82852,42.03547],[11.81731,42.04787],[11.81587,42.05732],[11.80913,42.05935],[11.80352,42.07713],[11.79541,42.08661],[11.77703,42.09231],[11.76602,42.10325],[11.775,42.10417],[11.77617,42.09959],[11.77973,42.10295],[11.76738,42.10922],[11.76596,42.11995],[11.76029,42.1214],[11.74237,42.13844],[11.7411,42.14804],[11.7339,42.15612],[11.73298,42.17326],[11.71702,42.18924],[11.71215,42.20242],[11.70452,42.21008],[11.7,42.22917],[11.67175,42.25058],[11.66165,42.26998],[11.65612,42.2714],[11.6375,42.29167],[11.63091,42.29202],[11.62326,42.29965],[11.59341,42.31285],[11.58576,42.32048],[11.58091,42.32119],[11.575,42.32917],[11.56862,42.32973],[11.53971,42.34527],[11.51862,42.35057],[11.50918,42.35502],[11.50833,42.35833],[11.49784,42.35895],[11.41466,42.38688],[11.36034,42.39645],[11.35633,42.39938],[11.30201,42.40478],[11.29792,42.40777],[11.28017,42.40355],[11.27835,42.41601],[11.23703,42.41728],[11.23133,42.41312],[11.21867,42.41188],[11.21253,42.40697],[11.21728,42.39953],[11.21306,42.39375],[11.21611,42.38958],[11.21306,42.38542],[11.21653,42.38066],[11.21203,42.37855],[11.20625,42.38277],[11.19784,42.37855],[11.19253,42.37467],[11.19087,42.36325],[11.1787,42.36188],[11.1701,42.36728],[11.16049,42.35895],[11.151,42.35772],[11.14923,42.36986],[11.13014,42.37577],[11.12824,42.38241],[11.09784,42.39228],[11.08816,42.40087],[11.08688,42.43197],[11.09491,42.43426],[11.10099,42.44929],[11.1153,42.45062],[11.11766,42.44234],[11.15917,42.43688],[11.17809,42.45456],[11.18688,42.47701],[11.19167,42.50417],[11.1786,42.53554],[11.14925,42.56307],[11.14263,42.55794],[11.14079,42.55074],[11.13259,42.54943],[11.12168,42.55502],[11.11998,42.56165],[11.11321,42.56339],[11.11193,42.57304],[11.10473,42.58112],[11.1036,42.59388],[11.08035,42.61285],[11.0786,42.61741],[11.0839,42.62795],[11.05638,42.6411],[11.01862,42.65057],[11.00925,42.65892],[11.00833,42.66667],[11.00502,42.66752],[10.98693,42.70638],[10.97016,42.7241],[10.95638,42.73277],[10.93138,42.74527],[10.89167,42.75833],[10.87696,42.7589],[10.85638,42.7661],[10.81446,42.7714],[10.81054,42.77443],[10.79925,42.77557],[10.78651,42.77027],[10.77304,42.78277],[10.76446,42.7839],[10.73016,42.80082],[10.7286,42.80502],[10.73423,42.81176],[10.74241,42.81307],[10.75075,42.80777],[10.76165,42.81335],[10.77443,42.83946],[10.77557,42.84658],[10.76723,42.86029],[10.7661,42.87185],[10.78277,42.88946],[10.78333,42.89583],[10.77597,42.9004],[10.77415,42.90748],[10.73554,42.9286],[10.72696,42.92973],[10.69388,42.94527],[10.67696,42.9464],[10.67304,42.94943],[10.63529,42.95057],[10.63138,42.9536],[10.61175,42.95473],[10.60638,42.95057],[10.59705,42.94943],[10.59583,42.95417],[10.59167,42.95417],[10.56446,42.94943],[10.55005,42.93596],[10.55473,42.92842],[10.5496,42.9218],[10.53971,42.91723],[10.53259,42.9161],[10.51862,42.9214],[10.51054,42.9286],[10.49274,42.92979],[10.4911,42.93408],[10.49537,42.93959],[10.4839,42.95612],[10.48277,42.98835],[10.48845,42.99516],[10.50075,42.9964],[10.50625,42.99214],[10.51125,42.99601],[10.51307,43.00075],[10.5089,43.00612],[10.50777,43.01545],[10.51987,43.02123],[10.52443,43.03112],[10.53277,43.06029],[10.5339,43.08554],[10.53807,43.09658],[10.5338,43.10208],[10.53693,43.10612],[10.53807,43.18825],[10.5339,43.19362],[10.53277,43.21471],[10.52557,43.23529],[10.525,43.24583],[10.52168,43.24668],[10.5036,43.28554],[10.49167,43.3],[10.48529,43.30057],[10.47304,43.31193],[10.45918,43.31752],[10.45473,43.32696],[10.4536,43.34388],[10.44223,43.35612],[10.44167,43.37083],[10.43848,43.37182],[10.43652,43.37818],[10.43015,43.38015],[10.42056,43.39921],[10.39976,43.40083],[10.40354,43.40625],[10.39924,43.42395],[10.3846,43.43341],[10.38268,43.43962],[10.3707,43.45292],[10.35212,43.46184],[10.33954,43.46316],[10.33008,43.4712],[10.32851,43.48129],[10.31732,43.49788],[10.31601,43.51046],[10.29646,43.53541],[10.29994,43.5404],[10.29253,43.54269],[10.29101,43.55025],[10.29521,43.55625],[10.29229,43.56042],[10.29934,43.56871],[10.30066,43.57525],[10.29583,43.5875],[10.29233,43.5884],[10.2911,43.60221],[10.28807,43.60612],[10.28693,43.63971],[10.2797,43.65192],[10.27864,43.66058],[10.26614,43.67823],[10.26764,43.68276],[10.27917,43.68333],[10.29167,43.64583],[10.29521,43.64492],[10.29583,43.63333],[10.30739,43.63803],[10.31989,43.6328],[10.33656,43.6422],[10.34693,43.63282],[10.36573,43.64636],[10.38525,43.63386],[10.39792,43.62956],[10.41475,43.63803],[10.42692,43.64947],[10.45,43.65417]]],[[[10.45121,43.6589],[10.45458,43.65534],[10.45,43.65417],[10.45121,43.6589]]]]},"properties":{"hybas_id":"2060015620","pfaf_id":"215007","sub_area":"12579.7","up_area":"12579.7","next_down":"0","main_bas":"2060015620","kind":"basin","source":"local-hydrobasins"}},{"type":"Feature","geometry":{"type":"Polygon","coordinates":[[[11.03333,44.00417],[11.03418,44.00748],[11.05351,44.01763],[11.05473,44.03138],[11.0589,44.03971],[11.07123,44.05737],[11.07853,44.05924],[11.08333,44.09167],[11.09077,44.09233],[11.09258,44.0994],[11.1125,44.1],[11.11744,44.08412],[11.12576,44.08289],[11.13279,44.08811],[11.14801,44.08689],[11.15363,44.08273],[11.16876,44.08697],[11.17699,44.07977],[11.18333,44.07917],[11.18992,44.07952],[11.20174,44.09131],[11.21909,44.08715],[11.22292,44.08335],[11.23091,44.09131],[11.24338,44.08715],[11.24758,44.09131],[11.26492,44.09202],[11.27083,44.1],[11.28508,44.08785],[11.29409,44.08715],[11.31008,44.07952],[11.32326,44.07881],[11.33091,44.07119],[11.34808,44.0703],[11.35323,44.06614],[11.36156,44.07136],[11.3659,44.06992],[11.36743,44.06345],[11.37275,44.05886],[11.37822,44.05757],[11.38333,44.05],[11.39509,44.04527],[11.44388,44.05057],[11.44792,44.0537],[11.45208,44.05047],[11.45625,44.0537],[11.46029,44.05057],[11.48659,44.04939],[11.48715,44.04341],[11.48298,44.03921],[11.4875,44.02917],[11.49826,44.02881],[11.50591,44.02119],[11.51912,44.02048],[11.53508,44.00035],[11.54826,43.99965],[11.56841,43.98369],[11.58162,43.98298],[11.5875,43.975],[11.59826,43.97465],[11.60507,43.96733],[11.61888,43.9661],[11.62832,43.96165],[11.63002,43.95502],[11.63554,43.9536],[11.65196,43.93807],[11.67917,43.93333],[11.69527,43.91054],[11.7009,43.89233],[11.70833,43.89167],[11.70833,43.87917],[11.71667,43.87917],[11.71752,43.87585],[11.74362,43.8589],[11.75638,43.85777],[11.78554,43.84527],[11.79779,43.8339],[11.80332,43.83248],[11.82258,43.81285],[11.83159,43.81215],[11.83579,43.80798],[11.84826,43.80869],[11.85245,43.81285],[11.90833,43.80833],[11.9125,43.79583],[11.91867,43.79228],[11.94498,43.79099],[11.94938,43.78549],[11.95079,43.77579],[11.9875,43.7625],[11.98369,43.75659],[11.98298,43.74341],[11.97881,43.73921],[11.98332,43.73125],[11.97952,43.72742],[11.97917,43.72083],[11.95907,43.71586],[11.95772,43.70201],[11.95062,43.69383],[11.94522,43.67701],[11.94155,43.67199],[11.92577,43.6657],[11.92438,43.65617],[11.91991,43.64676],[11.91667,43.64583],[11.91729,43.63432],[11.93665,43.62415],[11.9375,43.62083],[11.94493,43.62017],[11.94583,43.61667],[11.94227,43.61575],[11.9411,43.58259],[11.94673,43.57149],[11.9616,43.57017],[11.9661,43.56054],[11.96723,43.53675],[11.96193,43.52818],[11.97443,43.51471],[11.97557,43.50612],[11.9911,43.48971],[11.99167,43.47917],[11.98159,43.47119],[11.96862,43.47027],[11.95925,43.46192],[11.95473,43.45221],[11.95351,43.4384],[11.93812,43.43242],[11.93693,43.41029],[11.93294,43.40513],[11.92585,43.40332],[11.92415,43.39668],[11.91752,43.39498],[11.91702,43.38921],[11.92674,43.37952],[11.93992,43.37881],[11.94828,43.37048],[11.97326,43.37535],[11.98579,43.38369],[12.00245,43.37465],[12.01492,43.37535],[12.02083,43.37917],[12.02557,43.36741],[12.02443,43.36029],[12.01998,43.35085],[12.0129,43.34903],[12.00777,43.34241],[12.01204,43.33124],[12.00473,43.32304],[12.00417,43.3125],[12.01582,43.30748],[12.02168,43.29668],[12.03126,43.29213],[12.04485,43.30473],[12.05744,43.3035],[12.06179,43.29911],[12.0632,43.28842],[12.06862,43.2839],[12.09167,43.275],[12.09202,43.26841],[12.09548,43.26492],[12.09583,43.2375],[12.11909,43.23715],[12.12258,43.23369],[12.13159,43.23298],[12.14527,43.21888],[12.14649,43.20507],[12.15625,43.20047],[12.16175,43.20473],[12.16862,43.20057],[12.18138,43.19943],[12.19583,43.19167],[12.20057,43.16446],[12.20473,43.15908],[12.20316,43.15498],[12.18404,43.14495],[12.17917,43.12917],[12.2125,43.09583],[12.19826,43.08369],[12.18091,43.07881],[12.16667,43.07083],[12.17507,43.05121],[12.16049,43.04228],[12.14784,43.04105],[12.13966,43.03395],[12.11034,43.03272],[12.09784,43.02855],[12.08549,43.01728],[12.07554,43.01583],[12.06728,43.00633],[12.05754,42.96329],[12.0378,42.95723],[12.02978,42.94799],[12.02917,42.94167],[12.02258,42.94202],[12.01909,42.94548],[12.0125,42.94583],[12.00798,42.95659],[11.98369,42.98508],[11.98298,42.99409],[11.97746,42.99964],[11.96909,43.00381],[11.95591,43.00452],[11.94412,43.02048],[11.93537,43.02019],[11.92713,43.01314],[11.91603,43.01186],[11.9063,43.02019],[11.8937,43.02148],[11.86047,43.03686],[11.81037,43.03814],[11.80499,43.04196],[11.80339,43.05764],[11.7875,43.05833],[11.78715,43.06492],[11.77952,43.07258],[11.775,43.08333],[11.75591,43.08369],[11.74409,43.09548],[11.72674,43.09619],[11.72119,43.10171],[11.72119,43.11076],[11.72881,43.11841],[11.73277,43.13971],[11.7241,43.14926],[11.71592,43.15057],[11.70732,43.14527],[11.6882,43.16344],[11.68693,43.17304],[11.68294,43.1782],[11.67564,43.18007],[11.67443,43.19658],[11.68807,43.22379],[11.68333,43.225],[11.6822,43.22943],[11.67721,43.22557],[11.65612,43.22443],[11.64509,43.2161],[11.62597,43.22956],[11.6213,43.23958],[11.62557,43.25075],[11.61723,43.26862],[11.6161,43.29879],[11.62415,43.30085],[11.62585,43.30748],[11.63749,43.314],[11.6339,43.31862],[11.63277,43.33408],[11.6375,43.34583],[11.61034,43.35062],[11.60201,43.35478],[11.59669,43.35866],[11.59503,43.37012],[11.5787,43.37145],[11.56049,43.36312],[11.53286,43.36188],[11.52616,43.36678],[11.52072,43.37801],[11.50919,43.38366],[11.50405,43.39884],[11.49252,43.40085],[11.48807,43.41029],[11.48693,43.42304],[11.4838,43.42708],[11.4879,43.43237],[11.50748,43.44252],[11.50833,43.44583],[11.5,43.45207],[11.50415,43.45625],[11.49965,43.46492],[11.48578,43.47881],[11.47258,43.47952],[11.4625,43.4875],[11.45718,43.4828],[11.44167,43.5],[11.43159,43.49202],[11.42258,43.49131],[11.41909,43.48785],[11.37674,43.48715],[11.35242,43.47535],[11.33162,43.47465],[11.32326,43.48298],[11.30662,43.48369],[11.30242,43.47952],[11.27917,43.47917],[11.28002,43.47585],[11.28665,43.47415],[11.29527,43.46054],[11.29654,43.45089],[11.30332,43.44915],[11.30502,43.44252],[11.31446,43.43807],[11.33235,43.43687],[11.3375,43.42917],[11.3375,43.425],[11.325,43.425],[11.32119,43.41909],[11.32048,43.40174],[11.31215,43.38921],[11.31285,43.36008],[11.31702,43.35588],[11.3125,43.34583],[11.28924,43.34548],[11.28333,43.34167],[11.28248,43.34498],[11.26759,43.35475],[11.26153,43.36603],[11.24509,43.36723],[11.22842,43.35777],[11.22009,43.36307],[11.20833,43.35833],[11.20332,43.34668],[11.18392,43.33658],[11.17557,43.32721],[11.175,43.31667],[11.18298,43.31076],[11.18333,43.30417],[11.18776,43.30303],[11.18277,43.29658],[11.18703,43.28958],[11.18262,43.27589],[11.17158,43.27027],[11.16041,43.27454],[11.15221,43.26723],[11.13433,43.26603],[11.125,43.25417],[11.11763,43.25873],[11.11582,43.26582],[11.10625,43.27036],[11.0875,43.2625],[11.08237,43.2782],[11.07165,43.28362],[11.07006,43.29923],[11.05,43.30417],[11.05062,43.31576],[11.0576,43.31755],[11.0589,43.32594],[11.04915,43.34082],[11.03394,43.34675],[11.03333,43.3625],[11.02168,43.36752],[11.01998,43.37415],[11.01054,43.3786],[10.99583,43.37917],[10.99168,43.38542],[10.99548,43.38924],[10.99619,43.39755],[10.98159,43.40798],[10.9625,43.40833],[10.96215,43.40171],[10.95242,43.39202],[10.94341,43.39131],[10.93088,43.38298],[10.92258,43.38369],[10.91838,43.38785],[10.90591,43.38369],[10.88576,43.39965],[10.87258,43.40035],[10.86875,43.40415],[10.86458,43.40001],[10.86076,43.40381],[10.84341,43.40452],[10.83992,43.40798],[10.80174,43.40869],[10.79412,43.41285],[10.78992,43.40869],[10.74341,43.40381],[10.73576,43.39619],[10.71667,43.39167],[10.69828,43.41215],[10.66841,43.41215],[10.66492,43.40869],[10.64758,43.40798],[10.63995,43.40381],[10.63542,43.40832],[10.62326,43.40035],[10.60662,43.39965],[10.59583,43.40833],[10.59668,43.41165],[10.60768,43.41763],[10.6089,43.43138],[10.61193,43.43529],[10.61307,43.44268],[10.59629,43.4604],[10.60417,43.475],[10.60035,43.48091],[10.6,43.49167],[10.61184,43.49673],[10.61307,43.51129],[10.60097,43.51706],[10.5964,43.52696],[10.59527,43.53408],[10.6037,43.55209],[10.59547,43.56134],[10.60221,43.56307],[10.6118,43.57176],[10.61307,43.58138],[10.62027,43.58946],[10.62557,43.60927],[10.61723,43.61862],[10.6161,43.63427],[10.62443,43.64362],[10.625,43.65417],[10.62415,43.65748],[10.61752,43.65918],[10.61232,43.66958],[10.60759,43.6714],[10.60221,43.66723],[10.5875,43.66667],[10.58665,43.66335],[10.56888,43.65473],[10.53946,43.64943],[10.53408,43.64527],[10.52575,43.65057],[10.46862,43.64943],[10.46325,43.64527],[10.45506,43.64657],[10.45057,43.65196],[10.45,43.65417],[10.45458,43.65534],[10.45121,43.6589],[10.45,43.65417],[10.42692,43.64947],[10.41475,43.63803],[10.39792,43.62956],[10.38525,43.63386],[10.36573,43.64636],[10.34693,43.63282],[10.33656,43.6422],[10.31989,43.6328],[10.30739,43.63803],[10.29583,43.63333],[10.29521,43.64492],[10.29167,43.64583],[10.28715,43.66492],[10.27917,43.67917],[10.27917,43.68333],[10.28676,43.68411],[10.28824,43.70342],[10.30203,43.71602],[10.32177,43.71193],[10.33684,43.72173],[10.33807,43.73554],[10.34316,43.74165],[10.34779,43.73807],[10.36344,43.73693],[10.38125,43.74953],[10.38636,43.74557],[10.3875,43.75],[10.425,43.75],[10.43576,43.75452],[10.44548,43.76422],[10.44583,43.775],[10.4411,43.78844],[10.44943,43.79779],[10.45071,43.80745],[10.46603,43.81766],[10.4673,43.83659],[10.47696,43.8411],[10.51054,43.84223],[10.51741,43.8464],[10.53427,43.83693],[10.54491,43.84642],[10.56193,43.87279],[10.56307,43.88212],[10.55833,43.88333],[10.55869,43.88992],[10.56285,43.89412],[10.56215,43.91492],[10.55835,43.91875],[10.56286,43.92745],[10.57674,43.94131],[10.60417,43.9375],[10.60476,43.9573],[10.62279,43.97443],[10.64388,43.97557],[10.67292,43.98703],[10.67762,43.98338],[10.6911,43.99779],[10.69668,44.01165],[10.70759,44.01723],[10.73112,44.0089],[10.74826,44.00798],[10.76841,43.99619],[10.78576,43.99548],[10.79583,43.9875],[10.80767,43.99257],[10.80833,44.0],[10.81888,44.00057],[10.82425,44.00473],[10.83259,43.99943],[10.85638,44.00057],[10.88946,44.03277],[10.90638,44.03807],[10.92009,44.0464],[10.92829,44.04509],[10.9327,44.04076],[10.93397,44.02174],[10.95759,44.01193],[10.98333,44.01667],[10.98418,44.01335],[10.99082,44.01165],[10.99252,44.00502],[11.00196,44.00057],[11.02742,44.00035],[11.03333,44.00417]]]},"properties":{"hybas_id":"2060016020","pfaf_id":"215008","sub_area":"9150.7","up_area":"9150.7","next_down":"0","main_bas":"2060016020","kind":"basin","source":"local-hydrobasins"}},{"type":"Feature","geometry":{"type":"MultiPolygon","coordinates":[[[[8.22778,44.02083],[8.22022,44.02689],[8.22479,44.02978],[8.23361,44.02812],[8.22778,44.02083]]],[[[7.63333,43.78333],[7.62917,43.78333],[7.62851,43.79077],[7.62168,43.79252],[7.61571,43.80351],[7.60833,43.80417],[7.60798,43.81076],[7.60418,43.81458],[7.60798,43.81841],[7.60833,43.83333],[7.61203,43.83958],[7.60473,43.85196],[7.60351,43.86571],[7.59804,43.87027],[7.58842,43.87154],[7.5839,43.87696],[7.58277,43.88554],[7.56193,43.91175],[7.56307,43.92304],[7.5714,43.93675],[7.56213,43.94884],[7.58138,43.95057],[7.59073,43.9589],[7.60221,43.95777],[7.60759,43.9536],[7.61862,43.96193],[7.63138,43.96307],[7.64362,43.97443],[7.65325,43.9757],[7.66335,43.99498],[7.66667,43.99583],[7.66179,44.01578],[7.65833,44.01667],[7.66339,44.02846],[7.67304,44.02973],[7.68946,44.0411],[7.69911,44.04238],[7.70513,44.05794],[7.71029,44.06193],[7.73658,44.0619],[7.74412,44.05381],[7.7625,44.05833],[7.78418,44.09082],[7.79509,44.0964],[7.81471,44.09527],[7.81875,44.09214],[7.83333,44.1],[7.84371,44.09232],[7.86046,44.09101],[7.8825,44.08309],[7.88408,44.10331],[7.89788,44.10768],[7.91879,44.10899],[7.9375,44.125],[7.93828,44.13265],[7.97714,44.13398],[7.9937,44.14936],[8.01036,44.15769],[8.02061,44.15925],[8.02601,44.17004],[8.03547,44.17148],[8.06036,44.18686],[8.07827,44.18684],[8.08008,44.17979],[8.10326,44.17854],[8.10502,44.17168],[8.13333,44.15833],[8.14484,44.15895],[8.15091,44.1702],[8.18653,44.17582],[8.18807,44.18015],[8.17557,44.19362],[8.17027,44.21545],[8.19487,44.22956],[8.2,44.24167],[8.21741,44.23693],[8.23112,44.24527],[8.26325,44.25057],[8.27182,44.24527],[8.28529,44.25777],[8.30638,44.2589],[8.31582,44.26335],[8.3254,44.28237],[8.33267,44.28423],[8.33807,44.31471],[8.34527,44.32696],[8.34527,44.33971],[8.33693,44.35094],[8.34642,44.36158],[8.36998,44.37168],[8.37168,44.37832],[8.37721,44.37973],[8.3875,44.39167],[8.39388,44.3911],[8.40759,44.38277],[8.41169,44.38434],[8.41335,44.39082],[8.42696,44.39943],[8.43971,44.40057],[8.44779,44.40777],[8.46184,44.4134],[8.46307,44.42721],[8.46758,44.43691],[8.51471,44.43807],[8.51875,44.4412],[8.52292,44.43797],[8.52842,44.44223],[8.53958,44.43797],[8.55,44.44167],[8.56446,44.4339],[8.60075,44.43277],[8.60612,44.43693],[8.64388,44.44223],[8.66597,44.45089],[8.66723,44.46129],[8.6625,44.4625],[8.66285,44.46492],[8.67083,44.48333],[8.70638,44.48277],[8.71136,44.4789],[8.71342,44.48692],[8.80221,44.48807],[8.81185,44.49681],[8.8125,44.51667],[8.81582,44.51752],[8.81752,44.52415],[8.83248,44.53002],[8.84583,44.5625],[8.86076,44.56285],[8.86667,44.56667],[8.87329,44.56631],[8.8802,44.5549],[8.89492,44.55352],[8.89583,44.5625],[8.91054,44.56193],[8.91592,44.55777],[8.92292,44.56203],[8.92696,44.5589],[8.94804,44.55777],[8.95748,44.55332],[8.95922,44.54653],[8.98112,44.52557],[8.99074,44.5243],[8.99943,44.51471],[9.00869,44.48504],[9.01495,44.47881],[9.02326,44.47952],[9.02674,44.48298],[9.08992,44.48369],[9.09412,44.48785],[9.11495,44.48715],[9.12083,44.47917],[9.13159,44.47952],[9.14341,44.48715],[9.15242,44.48785],[9.17842,44.50057],[9.23259,44.47443],[9.24079,44.47574],[9.24259,44.48275],[9.25196,44.4911],[9.25833,44.49167],[9.25899,44.48423],[9.29103,44.47409],[9.29223,44.45612],[9.3036,44.44388],[9.30417,44.4375],[9.31988,44.43806],[9.32132,44.44267],[9.31614,44.44906],[9.31732,44.4573],[9.34359,44.47864],[9.35641,44.4797],[9.36859,44.48697],[9.38558,44.48803],[9.39073,44.4922],[9.39775,44.48803],[9.41076,44.48715],[9.41424,44.48369],[9.43576,44.48298],[9.45174,44.47535],[9.46667,44.475],[9.45762,44.44255],[9.4504,44.4407],[9.4411,44.42575],[9.44241,44.41755],[9.44915,44.41582],[9.45417,44.40417],[9.47083,44.40417],[9.47168,44.40748],[9.48259,44.41307],[9.49375,44.4088],[9.51029,44.4161],[9.52721,44.41723],[9.53112,44.42027],[9.58138,44.42557],[9.59779,44.43693],[9.60242,44.43715],[9.61424,44.42535],[9.62326,44.42465],[9.64341,44.41285],[9.65245,44.41214],[9.66215,44.40242],[9.67119,44.37258],[9.68125,44.36251],[9.68924,44.37048],[9.70659,44.37535],[9.71424,44.38298],[9.74493,44.38399],[9.75355,44.39367],[9.75503,44.40384],[9.78241,44.41759],[9.79283,44.43739],[9.82013,44.44664],[9.82153,44.46567],[9.83286,44.47145],[9.84799,44.47022],[9.8537,44.46605],[9.86203,44.47145],[9.87036,44.46605],[9.88534,44.47022],[9.90659,44.47048],[9.91079,44.46631],[9.91841,44.47048],[9.9625,44.47083],[9.9754,44.45097],[9.99462,44.44527],[9.99583,44.45],[10.0,44.45],[10.0036,44.44388],[10.0089,44.43408],[10.00777,44.42696],[9.99167,44.40833],[10.00833,44.39167],[10.01492,44.39131],[10.02674,44.38369],[10.03576,44.38298],[10.04341,44.37535],[10.06054,44.37443],[10.07917,44.35833],[10.09167,44.35833],[10.09925,44.34943],[10.11175,44.35473],[10.12826,44.35352],[10.13867,44.32877],[10.15318,44.34223],[10.16998,44.33665],[10.17168,44.33002],[10.1875,44.325],[10.18835,44.32168],[10.19903,44.32018],[10.20918,44.30502],[10.23248,44.29498],[10.2375,44.28333],[10.25351,44.2741],[10.25417,44.26667],[10.26888,44.2714],[10.27696,44.2786],[10.28554,44.27973],[10.29925,44.28807],[10.32279,44.27557],[10.33971,44.27443],[10.34509,44.27027],[10.35759,44.27557],[10.37304,44.27027],[10.38946,44.2589],[10.39911,44.25762],[10.4009,44.25066],[10.40833,44.25],[10.4125,44.2375],[10.41888,44.23693],[10.44092,44.22443],[10.44925,44.22973],[10.46888,44.2286],[10.48665,44.21998],[10.4875,44.2],[10.49758,44.19202],[10.5125,44.1875],[10.52499,44.17292],[10.52048,44.16838],[10.525,44.15833],[10.53138,44.15777],[10.53946,44.15057],[10.54804,44.14943],[10.55612,44.14223],[10.5746,44.13653],[10.58013,44.1254],[10.59082,44.11998],[10.59167,44.11667],[10.60659,44.11702],[10.62292,44.12499],[10.63091,44.11702],[10.6375,44.11667],[10.63816,44.12404],[10.64362,44.1286],[10.6621,44.1343],[10.6661,44.13946],[10.66733,44.15327],[10.67696,44.15777],[10.74826,44.15798],[10.75659,44.15381],[10.78091,44.12952],[10.78992,44.12881],[10.81424,44.11702],[10.83138,44.1161],[10.84498,44.10748],[10.85,44.09583],[10.84934,44.08846],[10.83835,44.08248],[10.83277,44.07158],[10.8339,44.06446],[10.84223,44.0551],[10.8411,44.04779],[10.83237,44.03373],[10.82721,44.02973],[10.80502,44.02415],[10.80047,44.01458],[10.80777,44.00221],[10.80767,43.99257],[10.79341,43.98785],[10.78576,43.99548],[10.76841,43.99619],[10.74826,44.00798],[10.73112,44.0089],[10.70759,44.01723],[10.69668,44.01165],[10.6911,43.99779],[10.67762,43.98338],[10.67292,43.98703],[10.64388,43.97557],[10.62279,43.97443],[10.60476,43.9573],[10.60417,43.9375],[10.57674,43.94131],[10.56286,43.92745],[10.55835,43.91875],[10.56215,43.91492],[10.56285,43.89412],[10.55869,43.88992],[10.55833,43.88333],[10.56307,43.88212],[10.56193,43.87279],[10.54491,43.84642],[10.53427,43.83693],[10.51741,43.8464],[10.51054,43.84223],[10.47696,43.8411],[10.4673,43.83659],[10.46603,43.81766],[10.45071,43.80745],[10.44943,43.79779],[10.4411,43.78844],[10.44583,43.775],[10.44548,43.76422],[10.43576,43.75452],[10.425,43.75],[10.3875,43.75],[10.38636,43.74557],[10.38125,43.74953],[10.36344,43.73693],[10.34779,43.73807],[10.34316,43.74165],[10.33807,43.73554],[10.33684,43.72173],[10.32177,43.71193],[10.30203,43.71602],[10.28824,43.70342],[10.28676,43.68411],[10.27917,43.68333],[10.28332,43.68958],[10.27952,43.69341],[10.27917,43.70833],[10.2756,43.70925],[10.27443,43.74804],[10.26723,43.76862],[10.26193,43.80638],[10.24943,43.83971],[10.24082,43.85332],[10.23414,43.85503],[10.23277,43.86129],[10.2407,43.86332],[10.24223,43.86765],[10.19583,43.92917],[10.16492,43.95798],[10.16008,43.95869],[10.12742,43.98715],[10.06888,44.02443],[10.04509,44.02973],[10.03958,44.02547],[10.0343,44.02956],[10.03248,44.03665],[9.99925,44.05057],[9.9885,44.04483],[9.98317,44.03424],[9.97066,44.03267],[9.90552,44.06756],[9.9035,44.071],[9.90857,44.07838],[9.88122,44.07983],[9.8635,44.0885],[9.8615,44.09483],[9.85517,44.09684],[9.85309,44.10341],[9.83693,44.10483],[9.82509,44.09456],[9.83462,44.0751],[9.8443,44.07983],[9.84684,44.07184],[9.85329,44.06979],[9.85483,44.06233],[9.8501,44.05545],[9.85747,44.05312],[9.859,44.0453],[9.84933,44.0307],[9.85828,44.02786],[9.85294,44.02089],[9.82072,44.05705],[9.79789,44.06317],[9.75628,44.08683],[9.74372,44.08817],[9.72629,44.10425],[9.72065,44.1158],[9.70622,44.11733],[9.66461,44.141],[9.64947,44.14233],[9.63961,44.134],[9.63265,44.13267],[9.61044,44.1535],[9.60488,44.15526],[9.60417,44.17083],[9.58951,44.17145],[9.58133,44.17855],[9.56747,44.1799],[9.5659,44.19069],[9.54799,44.20355],[9.52701,44.20478],[9.50617,44.21728],[9.49694,44.2253],[9.49139,44.23657],[9.48286,44.23812],[9.47716,44.23395],[9.46203,44.23272],[9.45633,44.23688],[9.43849,44.23819],[9.43688,44.24383],[9.42036,44.25895],[9.401,44.24938],[9.39923,44.26153],[9.38331,44.26786],[9.38424,44.2753],[9.39052,44.27071],[9.39228,44.2778],[9.34799,44.30355],[9.32279,44.3089],[9.30638,44.32027],[9.29362,44.3214],[9.28138,44.3286],[9.25612,44.3339],[9.23656,44.34223],[9.22154,44.33245],[9.2161,44.30759],[9.2214,44.29737],[9.21592,44.29527],[9.18958,44.30786],[9.18542,44.30464],[9.17304,44.31193],[9.15612,44.31307],[9.14779,44.31723],[9.14163,44.32237],[9.15473,44.34266],[9.14069,44.35768],[9.12696,44.3589],[9.10221,44.37027],[9.08112,44.3714],[9.05638,44.3786],[9.02279,44.37973],[8.99388,44.38693],[8.95196,44.38807],[8.91054,44.39943],[8.86029,44.40473],[8.85638,44.40777],[8.82173,44.41316],[8.81993,44.42019],[8.80342,44.4214],[8.79804,44.41723],[8.77842,44.4161],[8.76054,44.42443],[8.74509,44.42557],[8.72304,44.41307],[8.70612,44.41193],[8.69779,44.40777],[8.68658,44.39237],[8.67304,44.38807],[8.64779,44.38693],[8.62304,44.36723],[8.59804,44.3589],[8.57696,44.35777],[8.5718,44.35377],[8.56998,44.34668],[8.55196,44.3411],[8.54388,44.3339],[8.51446,44.3286],[8.50612,44.32443],[8.49943,44.31788],[8.5086,44.31553],[8.48971,44.30057],[8.46335,44.29512],[8.44138,44.27207],[8.45894,44.26534],[8.44922,44.23829],[8.44384,44.23394],[8.43001,44.23262],[8.42023,44.22165],[8.42144,44.20199],[8.42561,44.19637],[8.42418,44.18827],[8.41345,44.18675],[8.41152,44.17981],[8.38116,44.17856],[8.37301,44.17144],[8.34366,44.16606],[8.33551,44.15894],[8.31449,44.15773],[8.27575,44.14072],[8.27425,44.13012],[8.25091,44.11576],[8.22977,44.08134],[8.22853,44.04265],[8.21038,44.03268],[8.19708,44.0207],[8.1948,44.01331],[8.18538,44.01184],[8.1679,43.99567],[8.16184,43.97442],[8.17982,43.95809],[8.17471,43.95077],[8.15204,43.94934],[8.14371,43.94518],[8.13845,43.9415],[8.13317,43.92595],[8.09788,43.91601],[8.08343,43.90285],[8.08687,43.89792],[8.08342,43.89298],[8.05809,43.88268],[8.05208,43.88687],[8.04796,43.88399],[8.02892,43.8825],[8.03399,43.87298],[8.02892,43.87018],[8.02292,43.87437],[7.99796,43.86316],[7.98121,43.86184],[7.97182,43.85735],[7.9698,43.85081],[7.94379,43.84232],[7.92288,43.84101],[7.91462,43.83399],[7.89975,43.83268],[7.89375,43.83687],[7.88962,43.83399],[7.86667,43.83333],[7.86577,43.82983],[7.85196,43.8286],[7.83435,43.81193],[7.81325,43.8214],[7.80196,43.82027],[7.78971,43.81307],[7.77279,43.81193],[7.74779,43.79943],[7.73844,43.7911],[7.71458,43.79953],[7.70196,43.79527],[7.67594,43.77443],[7.63424,43.77979],[7.63333,43.78333]],[[9.84444,44.05],[9.84434,44.05442],[9.8412,44.05164],[9.84444,44.05]],[[8.84028,44.41667],[8.84142,44.41985],[8.83254,44.42149],[8.82851,44.41752],[8.84028,44.41667]]]]},"properties":{"hybas_id":"2060016030","pfaf_id":"215009","sub_area":"6856.1","up_area":"6856.1","next_down":"0","main_bas":"2060016030","kind":"basin","source":"local-hydrobasins"}},{"type":"Feature","geometry":{"type":"Polygon","coordinates":[[[6.09167,46.4625],[6.10242,46.46285],[6.11076,46.46702],[6.14362,46.5036],[6.18112,46.53277],[6.19388,46.53807],[6.20612,46.54943],[6.21998,46.55502],[6.22205,46.56307],[6.23971,46.56193],[6.25417,46.55417],[6.26912,46.55869],[6.28508,46.57881],[6.3,46.58333],[6.31008,46.59548],[6.32048,46.60171],[6.32083,46.61667],[6.3325,46.62554],[6.33413,46.63671],[6.3451,46.6383],[6.34583,46.64583],[6.36076,46.64619],[6.38576,46.65869],[6.41008,46.67881],[6.41841,46.68298],[6.43159,46.68369],[6.43579,46.68785],[6.46492,46.67881],[6.47674,46.66702],[6.48576,46.66631],[6.48924,46.66285],[6.51909,46.66215],[6.53162,46.65381],[6.53992,46.65452],[6.55245,46.66285],[6.56912,46.66215],[6.57465,46.65659],[6.57952,46.63091],[6.58749,46.62292],[6.57952,46.61492],[6.57917,46.60833],[6.60075,46.61307],[6.61446,46.60473],[6.67379,46.59943],[6.675,46.60417],[6.68091,46.60798],[6.69412,46.61214],[6.70381,46.60242],[6.70452,46.59754],[6.71667,46.5875],[6.70869,46.57742],[6.70833,46.56667],[6.71577,46.56601],[6.71763,46.55873],[6.725,46.55417],[6.72585,46.55748],[6.75342,46.5714],[6.76862,46.5589],[6.77828,46.55762],[6.78277,46.54804],[6.78397,46.53015],[6.79544,46.52403],[6.79943,46.51888],[6.8007,46.50925],[6.80612,46.50473],[6.81578,46.50346],[6.82823,46.4911],[6.85221,46.49223],[6.87696,46.51193],[6.88275,46.51342],[6.8911,46.52279],[6.89654,46.54491],[6.90332,46.55057],[6.90752,46.54901],[6.90918,46.54252],[6.92009,46.53693],[6.93138,46.53807],[6.93946,46.54527],[6.95196,46.54943],[6.99075,46.54522],[6.99619,46.52674],[7.00035,46.52255],[6.99965,46.50588],[6.99167,46.5],[6.99536,46.49375],[6.98248,46.47168],[6.97917,46.47083],[6.9798,46.43415],[6.99134,46.43247],[7.00062,46.41714],[6.99105,46.4049],[6.99258,46.39612],[7.00387,46.39056],[7.0125,46.37917],[7.0312,46.39102],[7.05449,46.39231],[7.06042,46.3881],[7.07703,46.39936],[7.10449,46.40064],[7.11168,46.39554],[7.11328,46.37988],[7.13605,46.37852],[7.1375,46.38333],[7.15659,46.38298],[7.16008,46.37952],[7.19583,46.37917],[7.1968,46.3754],[7.20771,46.36992],[7.2089,46.34779],[7.2214,46.33432],[7.21667,46.32083],[7.22083,46.31667],[7.22173,46.32017],[7.24804,46.32557],[7.26573,46.33807],[7.28125,46.32964],[7.28529,46.33277],[7.3115,46.33394],[7.31757,46.3452],[7.3625,46.35],[7.36759,46.35763],[7.37828,46.35904],[7.38534,46.36605],[7.41451,46.37855],[7.43549,46.37978],[7.44031,46.3833],[7.4472,46.37022],[7.46466,46.37562],[7.4787,46.38395],[7.48671,46.38249],[7.4883,46.37157],[7.49583,46.37083],[7.50091,46.37855],[7.52815,46.37978],[7.54167,46.39583],[7.56175,46.38277],[7.59388,46.3839],[7.61446,46.39943],[7.62304,46.40057],[7.65208,46.4162],[7.65759,46.41193],[7.66471,46.41307],[7.68675,46.42557],[7.6991,46.42433],[7.70417,46.40833],[7.70659,46.40869],[7.71424,46.41631],[7.72326,46.41702],[7.73508,46.42465],[7.75659,46.42952],[7.76424,46.43715],[7.77742,46.44202],[7.78924,46.45381],[7.80591,46.46215],[7.81492,46.46285],[7.82674,46.47048],[7.83665,46.47168],[7.84341,46.47881],[7.88992,46.47952],[7.89341,46.48298],[7.91076,46.48369],[7.94779,46.5036],[7.96995,46.50904],[7.97557,46.52575],[7.9714,46.53112],[7.97027,46.54045],[7.98971,46.5464],[8.00245,46.55869],[8.03159,46.55798],[8.03508,46.55452],[8.05242,46.55381],[8.05591,46.55035],[8.07326,46.55035],[8.07745,46.55452],[8.08159,46.55381],[8.09758,46.54619],[8.12083,46.54167],[8.12585,46.53418],[8.13529,46.52973],[8.17304,46.5286],[8.1875,46.51667],[8.19341,46.52048],[8.20659,46.52119],[8.21008,46.52465],[8.22326,46.52535],[8.22674,46.52881],[8.26076,46.52952],[8.27674,46.53715],[8.2875,46.5375],[8.28835,46.54082],[8.30638,46.5464],[8.31446,46.5536],[8.33554,46.55473],[8.34491,46.56308],[8.36193,46.58946],[8.37027,46.61446],[8.37083,46.63333],[8.39409,46.64202],[8.40174,46.64965],[8.41577,46.64934],[8.41702,46.63508],[8.42048,46.63159],[8.42083,46.6125],[8.40896,46.60742],[8.40777,46.58656],[8.42443,46.56054],[8.42566,46.54673],[8.43946,46.53807],[8.46471,46.53693],[8.475,46.52917],[8.46054,46.51307],[8.43554,46.4964],[8.39674,46.49104],[8.39223,46.48138],[8.3875,46.45417],[8.35923,46.44934],[8.35743,46.44233],[8.34362,46.4411],[8.32721,46.42973],[8.31667,46.42917],[8.31577,46.42566],[8.30502,46.42415],[8.30057,46.41471],[8.30089,46.40488],[8.31161,46.40346],[8.32083,46.3875],[8.30617,46.38272],[8.28543,46.36305],[8.2701,46.36728],[8.26049,46.35895],[8.25079,46.35754],[8.24572,46.34283],[8.23133,46.33395],[8.22163,46.33254],[8.22007,46.32181],[8.20907,46.31587],[8.20772,46.30201],[8.20405,46.29699],[8.2,46.29583],[8.19412,46.30381],[8.18162,46.30452],[8.17742,46.30035],[8.15662,46.29548],[8.14826,46.30381],[8.13333,46.30417],[8.10225,46.27553],[8.08005,46.26589],[8.07868,46.2615],[8.08409,46.25095],[8.09167,46.24583],[8.08505,46.23715],[8.07671,46.24202],[8.06841,46.24131],[8.06492,46.23785],[8.03924,46.23715],[8.0354,46.23333],[8.01909,46.25798],[7.98399,46.25743],[7.9786,46.22842],[7.98277,46.22304],[7.98397,46.20507],[7.99101,46.20327],[7.99223,46.18871],[7.9875,46.1875],[7.98807,46.18529],[7.99527,46.17721],[7.99654,46.16755],[8.00355,46.16575],[8.00473,46.13946],[8.02048,46.12326],[8.02119,46.11424],[8.02881,46.10242],[8.02881,46.08924],[8.02535,46.08576],[8.025,46.07917],[8.02151,46.07827],[8.02027,46.06592],[8.02973,46.04705],[8.01763,46.04127],[8.01307,46.03138],[8.0125,46.0125],[7.99783,46.01189],[7.99244,46.00754],[7.99089,45.99665],[7.98279,45.99523],[7.97717,45.99939],[7.90417,46.0],[7.89498,45.98418],[7.88002,45.97832],[7.87048,45.94758],[7.86668,45.94375],[7.87048,45.93992],[7.86987,45.9254],[7.85918,45.91998],[7.85833,45.91667],[7.81912,45.92535],[7.81492,45.92119],[7.79341,45.92119],[7.76076,45.93715],[7.74412,45.93785],[7.73159,45.92535],[7.71667,45.925],[7.71215,45.94826],[7.70662,45.95381],[7.68924,45.95452],[7.68091,45.95869],[7.66495,45.97881],[7.65245,45.97952],[7.64409,45.97119],[7.58841,45.96729],[7.57973,45.98112],[7.57917,45.99167],[7.56034,45.99105],[7.54652,45.98669],[7.54522,45.96451],[7.54074,45.95509],[7.52674,45.95452],[7.51492,45.96215],[7.49829,45.96285],[7.49409,45.95869],[7.47598,45.95318],[7.47146,45.94375],[7.47527,45.9383],[7.45204,45.93684],[7.4221,45.91659],[7.41977,45.90907],[7.40204,45.90768],[7.39583,45.9],[7.38554,45.8964],[7.37842,45.89527],[7.36446,45.90057],[7.3593,45.90456],[7.35748,45.91165],[7.34804,45.9161],[7.33675,45.91723],[7.32425,45.91193],[7.29758,45.92465],[7.27326,45.90035],[7.26424,45.89965],[7.25659,45.89202],[7.23703,45.89645],[7.21867,45.88688],[7.20086,45.87467],[7.1992,45.86324],[7.17674,45.86285],[7.16495,45.87881],[7.15,45.87917],[7.11909,45.85869],[7.1,45.85833],[7.09527,45.87304],[7.09127,45.8782],[7.08418,45.88002],[7.0746,45.89903],[7.06862,45.90057],[7.04804,45.92027],[7.04167,45.92083],[7.04076,45.9173],[7.02279,45.9161],[7.01335,45.91165],[7.01165,45.90502],[7.00479,45.90326],[7.0036,45.88112],[6.99911,45.87154],[6.94779,45.86193],[6.93554,45.85057],[6.91862,45.84943],[6.91325,45.84527],[6.88529,45.8464],[6.87699,45.84939],[6.87161,45.84504],[6.87006,45.83415],[6.86171,45.83273],[6.8491,45.84517],[6.84167,45.84583],[6.83554,45.83807],[6.81757,45.83686],[6.80777,45.81741],[6.81215,45.79758],[6.80035,45.78159],[6.8,45.775],[6.79341,45.77465],[6.78992,45.77119],[6.76008,45.77048],[6.75381,45.76008],[6.72083,45.72917],[6.70612,45.7339],[6.70097,45.7379],[6.69915,45.74498],[6.68847,45.7504],[6.68807,45.76054],[6.69223,45.7676],[6.68275,45.77825],[6.67571,45.78005],[6.67443,45.78971],[6.66723,45.79779],[6.6754,45.81153],[6.68138,45.81307],[6.69101,45.82181],[6.69167,45.82917],[6.69623,45.83034],[6.68269,45.84493],[6.67696,45.8464],[6.66667,45.85833],[6.65612,45.85777],[6.64925,45.8536],[6.63946,45.8589],[6.62571,45.86755],[6.62443,45.87721],[6.61988,45.88266],[6.60759,45.8839],[6.60221,45.87973],[6.57425,45.8786],[6.5593,45.8879],[6.54498,45.91582],[6.5343,45.92123],[6.53333,45.925],[6.52258,45.92465],[6.50417,45.90833],[6.49869,45.89574],[6.49379,45.89232],[6.48546,45.88816],[6.4674,45.88674],[6.4659,45.86279],[6.45104,45.85752],[6.44649,45.84796],[6.44499,45.83357],[6.43432,45.82818],[6.42083,45.80417],[6.41667,45.80417],[6.41239,45.81134],[6.40493,45.81347],[6.40337,45.82421],[6.38703,45.82978],[6.38125,45.82556],[6.37036,45.82978],[6.36466,45.82562],[6.29167,45.825],[6.29131,45.81841],[6.28785,45.81492],[6.28715,45.78091],[6.28335,45.77708],[6.29619,45.75171],[6.31424,45.73785],[6.32326,45.73715],[6.33924,45.72952],[6.35,45.72917],[6.34202,45.71909],[6.34131,45.71008],[6.33369,45.70242],[6.33298,45.69755],[6.31005,45.67465],[6.275,45.67917],[6.26702,45.66909],[6.26193,45.65196],[6.25473,45.64388],[6.25346,45.63425],[6.24804,45.62973],[6.23946,45.6286],[6.22083,45.6125],[6.21029,45.61193],[6.18971,45.60057],[6.17842,45.59943],[6.17304,45.6036],[6.15732,45.60473],[6.13971,45.58807],[6.12707,45.58379],[6.11458,45.59538],[6.10487,45.58657],[6.1036,45.57696],[6.0947,45.56224],[6.08138,45.57027],[6.07279,45.57027],[6.0674,45.56577],[6.0661,45.55759],[6.07027,45.55221],[6.0714,45.53656],[6.06192,45.52592],[6.05221,45.5214],[6.03455,45.52027],[6.02832,45.53665],[6.01875,45.5412],[6.01471,45.53807],[5.99362,45.53693],[5.98013,45.52877],[5.9713,45.51459],[5.97557,45.49895],[5.94073,45.4632],[5.925,45.45833],[5.92557,45.44779],[5.93002,45.43835],[5.93333,45.4375],[5.93298,45.43091],[5.92881,45.42254],[5.91307,45.40638],[5.89908,45.36725],[5.88418,45.35748],[5.87917,45.34167],[5.875,45.34167],[5.87465,45.33508],[5.86076,45.31702],[5.85242,45.31285],[5.83921,45.31215],[5.83369,45.30659],[5.83333,45.3],[5.82696,45.29943],[5.8125,45.28333],[5.78942,45.28386],[5.75739,45.29636],[5.751,45.29118],[5.74661,45.29255],[5.7464,45.30221],[5.75443,45.31553],[5.73946,45.3214],[5.7222,45.33773],[5.71738,45.33665],[5.71165,45.31752],[5.7,45.3125],[5.69912,45.31593],[5.69092,45.31723],[5.68541,45.31296],[5.67304,45.32443],[5.66446,45.32557],[5.65482,45.33431],[5.65477,45.35742],[5.66192,45.35925],[5.6714,45.3699],[5.66713,45.37709],[5.68277,45.39779],[5.68404,45.40745],[5.6875,45.40833],[5.68688,45.42299],[5.68255,45.42841],[5.6701,45.42978],[5.66049,45.42145],[5.62701,45.42022],[5.6162,45.41605],[5.61049,45.42022],[5.59536,45.42145],[5.58003,45.41217],[5.57836,45.40074],[5.56451,45.39938],[5.55633,45.39228],[5.54167,45.39167],[5.53688,45.4365],[5.54921,45.43829],[5.55062,45.44799],[5.55887,45.4575],[5.56883,45.45895],[5.59907,45.47593],[5.6,45.47917],[5.60417,45.47917],[5.6036,45.49388],[5.59904,45.49934],[5.58423,45.50066],[5.58333,45.50417],[5.57279,45.5036],[5.54509,45.4911],[5.53971,45.49527],[5.52842,45.4964],[5.51029,45.48693],[5.48839,45.46597],[5.48294,45.45513],[5.47566,45.45327],[5.475,45.44583],[5.44263,45.42044],[5.4408,45.41331],[5.43455,45.41193],[5.43277,45.41888],[5.42019,45.43243],[5.41335,45.43418],[5.40417,45.45417],[5.39258,45.45354],[5.39167,45.45],[5.36424,45.45035],[5.35869,45.45588],[5.35381,45.46909],[5.34167,45.47917],[5.34611,45.48624],[5.34073,45.48803],[5.33558,45.48386],[5.32275,45.4828],[5.30739,45.47447],[5.30225,45.47864],[5.28942,45.4797],[5.28542,45.48294],[5.28141,45.4797],[5.27083,45.47917],[5.26153,45.49101],[5.2469,45.49231],[5.24527,45.49658],[5.24943,45.50196],[5.25057,45.51471],[5.2587,45.52384],[5.24362,45.52443],[5.23971,45.5214],[5.22621,45.52027],[5.22415,45.52832],[5.2173,45.53007],[5.2161,45.54804],[5.21159,45.55772],[5.18675,45.5589],[5.18138,45.55473],[5.16341,45.55479],[5.15332,45.57415],[5.13675,45.57973],[5.125,45.575],[5.12443,45.58138],[5.11934,45.58749],[5.11156,45.58277],[5.10092,45.59225],[5.09077,45.61601],[5.08333,45.61667],[5.08298,45.62326],[5.07119,45.64341],[5.07083,45.66667],[5.06424,45.66702],[5.05659,45.67465],[5.02742,45.68715],[4.96667,45.69167],[4.96582,45.69498],[4.94362,45.70473],[4.9259,45.72151],[4.91991,45.73263],[4.89362,45.73807],[4.88543,45.74537],[4.88138,45.74223],[4.84258,45.74107],[4.84082,45.73418],[4.825,45.725],[4.825,45.72917],[4.82083,45.72917],[4.82119,45.74409],[4.83785,45.76078],[4.82881,45.77745],[4.82953,45.78162],[4.85591,45.80381],[4.87083,45.80833],[4.8758,45.81593],[4.88966,45.81728],[4.91458,45.83278],[4.92964,45.82855],[4.97701,45.84938],[4.99383,45.85062],[5.00301,45.85503],[5.00478,45.8588],[4.99938,45.87299],[4.97433,45.89919],[4.95532,45.90503],[4.95355,45.9088],[4.9586,45.91572],[4.94784,45.91728],[4.94167,45.925],[4.95638,45.92557],[4.96446,45.93277],[4.97304,45.9339],[4.98651,45.9464],[4.99388,45.94527],[5.00612,45.9339],[5.01888,45.93277],[5.02425,45.9286],[5.04076,45.92981],[5.04263,45.9371],[5.05759,45.9464],[5.06446,45.94223],[5.07721,45.9411],[5.08529,45.9339],[5.10326,45.93396],[5.12048,45.95171],[5.12119,45.96495],[5.12745,45.97119],[5.13576,45.97048],[5.14341,45.96285],[5.15748,45.96335],[5.16193,45.97279],[5.16311,45.99909],[5.1711,46.00114],[5.16667,46.0125],[5.17258,46.01631],[5.19583,46.01667],[5.20057,46.00342],[5.1963,45.99792],[5.19943,45.99388],[5.20057,45.98112],[5.20513,45.97565],[5.21962,45.97443],[5.22083,45.97917],[5.225,45.97917],[5.22795,45.97443],[5.23333,45.9875],[5.22982,45.9884],[5.2286,46.00295],[5.2407,46.00873],[5.25058,46.02408],[5.25748,46.02585],[5.25869,46.04409],[5.26215,46.04758],[5.26316,46.05743],[5.30332,46.07585],[5.30505,46.08262],[5.32304,46.08807],[5.33693,46.10612],[5.33807,46.13554],[5.35057,46.15075],[5.3464,46.15612],[5.34527,46.16545],[5.35453,46.16783],[5.34223,46.18529],[5.34167,46.20833],[5.37443,46.24362],[5.38005,46.25762],[5.39078,46.25904],[5.39527,46.26862],[5.39583,46.29167],[5.41188,46.30091],[5.4125,46.3125],[5.40909,46.31345],[5.40773,46.32301],[5.39565,46.34056],[5.38007,46.34674],[5.37553,46.35626],[5.38273,46.36449],[5.38394,46.37162],[5.37463,46.38228],[5.36757,46.38424],[5.36304,46.39375],[5.37856,46.41449],[5.37977,46.42717],[5.39251,46.44095],[5.40751,46.44238],[5.40894,46.45079],[5.4,46.4625],[5.40377,46.46347],[5.40918,46.47415],[5.41909,46.47465],[5.42292,46.47085],[5.42952,46.48159],[5.44965,46.50174],[5.45798,46.51841],[5.45869,46.53159],[5.46667,46.54583],[5.49583,46.54167],[5.49675,46.53811],[5.5125,46.5375],[5.5125,46.52083],[5.52012,46.52172],[5.52154,46.53241],[5.52696,46.53693],[5.54583,46.5375],[5.5411,46.55491],[5.564,46.58749],[5.57158,46.58277],[5.5782,46.5879],[5.58432,46.59938],[5.60638,46.60057],[5.61741,46.6089],[5.62279,46.60473],[5.63212,46.6036],[5.63333,46.60833],[5.64915,46.60918],[5.65085,46.61582],[5.65794,46.61763],[5.66193,46.62279],[5.6632,46.63241],[5.67415,46.63835],[5.67597,46.64544],[5.68971,46.65057],[5.70196,46.66193],[5.7125,46.6625],[5.71335,46.66582],[5.71998,46.66752],[5.73807,46.70221],[5.775,46.74583],[5.80174,46.77048],[5.81076,46.77119],[5.82258,46.78298],[5.84826,46.78369],[5.85174,46.78715],[5.86076,46.78785],[5.86631,46.79338],[5.86702,46.81492],[5.87535,46.82671],[5.86714,46.83958],[5.87917,46.85],[5.89167,46.85],[5.89264,46.84659],[5.90317,46.84522],[5.90494,46.85736],[5.91173,46.85931],[5.91611,46.87292],[5.91188,46.87964],[5.91667,46.8875],[5.92721,46.88807],[5.93259,46.89223],[5.94079,46.89093],[5.95538,46.86193],[5.97304,46.86307],[5.97762,46.86662],[5.9911,46.85221],[5.9968,46.83373],[6.00196,46.82973],[6.01577,46.82851],[6.01909,46.82535],[6.03091,46.83715],[6.04583,46.8375],[6.04651,46.81743],[6.05891,46.81617],[6.06452,46.8202],[6.08576,46.82119],[6.08924,46.82465],[6.09923,46.82577],[6.10036,46.83996],[6.10591,46.84548],[6.11909,46.84619],[6.125,46.85],[6.1375,46.84583],[6.13682,46.82161],[6.12186,46.82009],[6.11241,46.80545],[6.1313,46.79936],[6.14904,46.78654],[6.15118,46.77941],[6.17083,46.7625],[6.16605,46.75464],[6.16788,46.75073],[6.17843,46.7492],[6.17917,46.74167],[6.17258,46.74131],[6.16492,46.73369],[6.14826,46.72535],[6.12674,46.72048],[6.11909,46.71285],[6.09167,46.7],[6.09788,46.69232],[6.11593,46.69091],[6.11732,46.66871],[6.12437,46.65625],[6.11732,46.64379],[6.11763,46.6379],[6.12293,46.6338],[6.13125,46.64121],[6.13946,46.6339],[6.14907,46.63263],[6.16667,46.6125],[6.16582,46.60918],[6.14341,46.59965],[6.11582,46.57168],[6.11029,46.57027],[6.07027,46.53408],[6.07557,46.52575],[6.07433,46.5134],[6.05777,46.50712],[6.06723,46.48408],[6.06255,46.47654],[6.08542,46.4588],[6.09167,46.4625]]]},"properties":{"hybas_id":"2060536370","pfaf_id":"216026","sub_area":"20543.1","up_area":"20543.1","next_down":"2060552460","main_bas":"2060016510","kind":"basin","source":"local-hydrobasins"}},{"type":"Feature","geometry":{"type":"Polygon","coordinates":[[[8.4,48.49167],[8.41285,48.47255],[8.41215,48.45174],[8.40035,48.43992],[8.4,48.43333],[8.42721,48.4286],[8.43946,48.41723],[8.44908,48.41596],[8.45473,48.40918],[8.44934,48.3759],[8.43277,48.36962],[8.45221,48.3661],[8.46446,48.35473],[8.47408,48.35346],[8.4787,48.34792],[8.47027,48.31862],[8.4589,48.30638],[8.45737,48.3004],[8.45221,48.2964],[8.43816,48.29493],[8.4375,48.2875],[8.40078,48.28683],[8.40062,48.27701],[8.41312,48.26331],[8.40889,48.25207],[8.42562,48.23417],[8.42438,48.21867],[8.42022,48.21297],[8.42562,48.20047],[8.42425,48.1883],[8.41451,48.18688],[8.39799,48.17145],[8.36867,48.17022],[8.35633,48.16312],[8.34616,48.16164],[8.34131,48.15171],[8.33159,48.14202],[8.30174,48.14131],[8.29583,48.1375],[8.29523,48.12175],[8.2879,48.11987],[8.28333,48.10833],[8.27585,48.10748],[8.275,48.1],[8.26076,48.09202],[8.24583,48.09167],[8.24498,48.08835],[8.23408,48.08277],[8.21862,48.0839],[8.19362,48.09223],[8.18138,48.1036],[8.15417,48.1],[8.15473,48.09362],[8.1661,48.07721],[8.16723,48.06862],[8.17557,48.05491],[8.17027,48.04658],[8.1757,48.03009],[8.18946,48.0214],[8.19908,48.02013],[8.20473,48.01335],[8.20057,48.00638],[8.19934,47.99257],[8.17258,47.99548],[8.16492,47.98785],[8.15174,47.98715],[8.14409,47.97952],[8.12917,47.97917],[8.12848,47.96748],[8.117,47.96581],[8.11188,47.9588],[8.11764,47.94243],[8.12978,47.94067],[8.12855,47.93117],[8.11605,47.91747],[8.12562,47.9049],[8.12417,47.89662],[8.11451,47.89522],[8.0963,47.88272],[8.07583,47.88403],[8.07083,47.89583],[8.06424,47.89619],[8.06076,47.89965],[8.05245,47.90035],[8.04792,47.89585],[8.03995,47.90035],[8.02571,47.88661],[8.0214,47.87304],[8.025,47.8625],[8.06909,47.85798],[8.08333,47.84583],[8.08693,47.83971],[8.08814,47.82174],[8.09498,47.81998],[8.0968,47.8129],[8.10196,47.8089],[8.13237,47.80351],[8.13693,47.79804],[8.13821,47.78839],[8.15332,47.78248],[8.15502,47.77585],[8.1714,47.76962],[8.1661,47.73946],[8.14527,47.70908],[8.15057,47.68946],[8.15777,47.68138],[8.15904,47.67175],[8.16446,47.66723],[8.20221,47.66193],[8.23248,47.64082],[8.23693,47.63138],[8.22877,47.61347],[8.21752,47.61165],[8.21578,47.60488],[8.20505,47.60346],[8.19498,47.58418],[8.17585,47.57415],[8.17557,47.56862],[8.17973,47.56325],[8.17443,47.55491],[8.18787,47.5345],[8.17575,47.5286],[8.16325,47.5339],[8.15612,47.53277],[8.13825,47.52027],[8.12575,47.52557],[8.12074,47.52365],[8.12535,47.51424],[8.13715,47.50242],[8.1375,47.48333],[8.13262,47.46755],[8.11862,47.46193],[8.10927,47.4536],[8.10075,47.4589],[8.09664,47.45733],[8.09498,47.45085],[8.08554,47.4464],[8.07179,47.44518],[8.06667,47.4375],[8.04341,47.43785],[8.03579,47.44202],[8.01492,47.42952],[7.98091,47.42881],[7.96492,47.42119],[7.93831,47.42018],[7.93673,47.4093],[7.91451,47.39938],[7.89799,47.38395],[7.88924,47.38369],[7.88542,47.38749],[7.88159,47.38369],[7.86841,47.38298],[7.86492,47.37952],[7.84341,47.37881],[7.83333,47.36667],[7.82258,47.36631],[7.81909,47.36285],[7.80245,47.36215],[7.79167,47.375],[7.77279,47.37443],[7.76668,47.36934],[7.7714,47.36156],[7.76165,47.34668],[7.75221,47.34223],[7.74705,47.3411],[7.74082,47.35748],[7.72592,47.36725],[7.7241,47.37433],[7.71175,47.37557],[7.70638,47.3714],[7.67917,47.37083],[7.67828,47.36738],[7.65221,47.3589],[7.61862,47.3536],[7.60638,47.34223],[7.57917,47.34167],[7.57881,47.33091],[7.56076,47.30452],[7.54758,47.30381],[7.53576,47.29619],[7.51008,47.29548],[7.49826,47.28785],[7.49167,47.2875],[7.47443,47.27177],[7.47564,47.25507],[7.47917,47.25417],[7.47827,47.24649],[7.46446,47.24527],[7.45908,47.2411],[7.45208,47.24536],[7.44804,47.24223],[7.43112,47.2411],[7.41471,47.2339],[7.39779,47.23277],[7.38554,47.22557],[7.35174,47.22465],[7.34826,47.22119],[7.31841,47.22048],[7.31492,47.21702],[7.26424,47.21631],[7.26076,47.21285],[7.23508,47.21215],[7.23159,47.20869],[7.21008,47.20798],[7.20245,47.20381],[7.19826,47.20798],[7.17258,47.20869],[7.16909,47.21215],[7.12329,47.21285],[7.11909,47.20869],[7.10591,47.20798],[7.10242,47.20452],[7.06008,47.19965],[7.05659,47.19619],[7.03508,47.19131],[6.99826,47.17119],[6.99167,47.17083],[6.9875,47.18333],[6.98399,47.18423],[6.98277,47.19804],[6.97917,47.20417],[6.97083,47.20417],[6.97154,47.23646],[6.9782,47.23846],[6.98362,47.24918],[6.9993,47.25078],[7.0,47.26667],[7.01471,47.26723],[7.02707,47.27871],[7.03125,47.27547],[7.04388,47.27973],[7.08529,47.29943],[7.11888,47.30473],[7.12696,47.31193],[7.13554,47.31307],[7.16054,47.32557],[7.17279,47.33693],[7.18138,47.33807],[7.18653,47.34206],[7.19668,47.36165],[7.21665,47.37233],[7.2125,47.38333],[7.22917,47.3875],[7.22443,47.40094],[7.23277,47.41029],[7.2411,47.42696],[7.24223,47.43629],[7.20174,47.43715],[7.19826,47.43369],[7.18162,47.43298],[7.17536,47.43921],[7.17597,47.44507],[7.18682,47.44664],[7.18812,47.4713],[7.18236,47.48257],[7.17284,47.48395],[7.16466,47.49105],[7.1375,47.50417],[7.14939,47.52292],[7.14487,47.53237],[7.13846,47.5343],[7.13631,47.54146],[7.12297,47.55352],[7.11691,47.55535],[7.07436,47.60338],[7.07981,47.61218],[7.07816,47.62068],[7.06463,47.62852],[7.04958,47.63006],[7.05769,47.63953],[7.05905,47.6573],[7.0625,47.65833],[7.0589,47.66446],[7.05767,47.67827],[7.04362,47.6839],[7.03407,47.69257],[7.03277,47.70075],[7.04537,47.71874],[7.04077,47.72851],[7.02696,47.72973],[7.02145,47.73432],[7.02083,47.74583],[7.01008,47.74619],[6.98995,47.75452],[6.98576,47.75035],[6.97328,47.74965],[6.96492,47.75798],[6.95591,47.75869],[6.93992,47.77048],[6.92258,47.77119],[6.91492,47.77881],[6.88508,47.77952],[6.88159,47.78298],[6.86841,47.78369],[6.85036,47.80171],[6.84965,47.80659],[6.84202,47.81424],[6.84167,47.82083],[6.84257,47.82436],[6.86054,47.82557],[6.89388,47.8339],[6.90612,47.84527],[6.91578,47.84654],[6.9161,47.85221],[6.90473,47.86862],[6.89943,47.89462],[6.91582,47.90085],[6.92418,47.90916],[6.92557,47.91545],[6.91752,47.91752],[6.91667,47.92083],[6.91723,47.93138],[6.9214,47.93675],[6.91714,47.94375],[6.92443,47.95612],[6.92557,47.96471],[6.9411,47.98112],[6.94232,47.99486],[6.95196,48.0036],[6.96161,48.00488],[6.9634,48.01184],[6.98248,48.00918],[6.98425,48.01608],[6.99362,48.02443],[7.00332,48.02585],[7.01335,48.05332],[7.02012,48.05505],[7.02154,48.06573],[7.03529,48.0786],[7.04915,48.08418],[7.06758,48.11188],[7.07917,48.1125],[7.07881,48.12326],[7.06759,48.13009],[7.05792,48.14486],[7.07004,48.14663],[7.07145,48.15633],[7.07861,48.16875],[7.07493,48.17379],[7.08241,48.17593],[7.08369,48.18162],[7.09341,48.19131],[7.10417,48.19583],[7.12019,48.21453],[7.13269,48.23537],[7.13408,48.24897],[7.14087,48.25101],[7.14605,48.26575],[7.15732,48.26746],[7.16346,48.28237],[7.17301,48.28696],[7.17564,48.29199],[7.17058,48.29912],[7.18547,48.30064],[7.19509,48.3052],[7.19583,48.3125],[7.19167,48.3125],[7.17973,48.33112],[7.17851,48.34493],[7.16757,48.34517],[7.16149,48.33393],[7.12425,48.33277],[7.11335,48.33835],[7.11165,48.34498],[7.10612,48.3464],[7.09388,48.35777],[7.0875,48.35833],[7.08816,48.36577],[7.09498,48.36752],[7.09668,48.37415],[7.1,48.375],[7.09934,48.38243],[7.09252,48.38418],[7.08693,48.40075],[7.09953,48.42292],[7.09527,48.42991],[7.09943,48.43529],[7.1,48.45417],[7.10332,48.45502],[7.1089,48.47304],[7.12148,48.4866],[7.12832,48.48835],[7.13373,48.49903],[7.14082,48.50085],[7.14257,48.50767],[7.15743,48.50899],[7.15833,48.5125],[7.16582,48.51335],[7.16667,48.51667],[7.175,48.51667],[7.17027,48.53002],[7.17592,48.5368],[7.18661,48.53821],[7.19256,48.55349],[7.20491,48.55473],[7.21325,48.54943],[7.22083,48.55833],[7.2164,48.55947],[7.22027,48.56446],[7.22017,48.5741],[7.20085,48.58418],[7.19915,48.59082],[7.18425,48.60058],[7.17557,48.61862],[7.17443,48.62158],[7.1787,48.62708],[7.17547,48.63125],[7.1786,48.63529],[7.17973,48.66129],[7.17279,48.66307],[7.16342,48.67142],[7.15794,48.68237],[7.14974,48.68447],[7.1536,48.68946],[7.15473,48.71888],[7.17917,48.74167],[7.18992,48.74202],[7.2,48.75833],[7.19583,48.775],[7.18849,48.77572],[7.18272,48.79383],[7.1667,48.80553],[7.17116,48.81164],[7.18133,48.81312],[7.19491,48.82176],[7.19681,48.8284],[7.20633,48.82978],[7.21997,48.83783],[7.22164,48.84931],[7.24383,48.85062],[7.25343,48.85914],[7.25417,48.86667],[7.26076,48.86702],[7.26495,48.87119],[7.27326,48.87048],[7.27745,48.86631],[7.31076,48.86702],[7.31667,48.87083],[7.3298,48.88674],[7.32797,48.89095],[7.31326,48.89242],[7.312,48.90475],[7.31604,48.91035],[7.3174,48.92399],[7.32083,48.925],[7.31703,48.93996],[7.33091,48.94965],[7.34826,48.95035],[7.35591,48.95798],[7.36667,48.95833],[7.36667,48.9625],[7.37083,48.9625],[7.37881,48.97258],[7.37952,48.98576],[7.38369,48.99338],[7.37917,49.0],[7.38418,49.01165],[7.41575,49.01309],[7.41757,49.02017],[7.43159,49.02048],[7.43579,49.01631],[7.43992,49.01702],[7.45174,49.02465],[7.45833,49.025],[7.46335,49.03665],[7.48138,49.04223],[7.49509,49.05057],[7.5125,49.04583],[7.53554,49.0464],[7.54512,49.05089],[7.55066,49.07821],[7.55748,49.0839],[7.57292,49.07964],[7.57696,49.08277],[7.5875,49.08333],[7.58785,49.08992],[7.59965,49.10174],[7.60036,49.11079],[7.60833,49.11667],[7.60767,49.1241],[7.59259,49.13392],[7.59167,49.14167],[7.59583,49.14167],[7.59659,49.14895],[7.60621,49.15351],[7.62712,49.15482],[7.63962,49.15899],[7.66183,49.17566],[7.67712,49.17434],[7.68309,49.17018],[7.70009,49.17631],[7.70351,49.18121],[7.7049,49.20341],[7.72424,49.20492],[7.72579,49.22473],[7.73125,49.22854],[7.73623,49.22506],[7.73881,49.23342],[7.74371,49.23684],[7.77288,49.25351],[7.78129,49.25482],[7.78954,49.26184],[7.79896,49.26331],[7.80098,49.26985],[7.82083,49.275],[7.82083,49.28333],[7.82415,49.28418],[7.82589,49.29096],[7.83661,49.29238],[7.83835,49.29915],[7.84498,49.30085],[7.84583,49.30417],[7.83369,49.31421],[7.83298,49.31838],[7.83749,49.32292],[7.83333,49.32917],[7.82575,49.32994],[7.82436,49.34616],[7.83013,49.35737],[7.83654,49.3593],[7.8375,49.3625],[7.84409,49.36285],[7.84964,49.36838],[7.85,49.37083],[7.84557,49.37197],[7.84943,49.37696],[7.84915,49.38248],[7.8375,49.3875],[7.83835,49.39082],[7.84544,49.39263],[7.85085,49.40332],[7.86991,49.40904],[7.87557,49.41582],[7.86998,49.42832],[7.86316,49.43007],[7.86193,49.44388],[7.85777,49.44925],[7.8594,49.45352],[7.87304,49.45473],[7.88262,49.45922],[7.88404,49.46995],[7.89409,49.47048],[7.90172,49.46631],[7.91424,49.47881],[7.93088,49.47465],[7.93508,49.47881],[7.94409,49.47952],[7.95417,49.49167],[7.97917,49.48333],[7.9843,49.47123],[8.00346,49.46161],[8.00897,49.43015],[8.01582,49.42443],[8.02292,49.4287],[8.05196,49.4089],[8.06667,49.40417],[8.07176,49.41574],[8.08286,49.42145],[8.09536,49.41605],[8.10736,49.42542],[8.10919,49.41283],[8.1162,49.40772],[8.125,49.4125],[8.12585,49.40918],[8.13262,49.40745],[8.13404,49.39672],[8.13971,49.39527],[8.15196,49.3839],[8.16995,49.37846],[8.17571,49.35922],[8.20196,49.35057],[8.21888,49.34943],[8.23529,49.34223],[8.29583,49.3375],[8.29686,49.34099],[8.32715,49.3423],[8.33212,49.34588],[8.33813,49.36048],[8.3702,49.39369],[8.37146,49.4004],[8.36617,49.40775],[8.36753,49.42113],[8.37285,49.4173],[8.38373,49.41604],[8.3907,49.42105],[8.3923,49.42956],[8.38687,49.4379],[8.39261,49.44905],[8.40343,49.45494],[8.4048,49.47123],[8.40063,49.47702],[8.39937,49.49026],[8.42008,49.50076],[8.42083,49.50833],[8.42745,49.50381],[8.44167,49.50833],[8.45621,49.49232],[8.4826,49.48227],[8.48409,49.46326],[8.51462,49.45768],[8.53121,49.44232],[8.53759,49.44035],[8.54251,49.42584],[8.55313,49.42419],[8.56079,49.41631],[8.56909,49.41702],[8.57292,49.42082],[8.58333,49.4125],[8.58826,49.40095],[8.59791,49.39205],[8.60192,49.3953],[8.61475,49.39636],[8.61989,49.40053],[8.62423,49.39909],[8.62576,49.39262],[8.63942,49.3797],[8.71475,49.37447],[8.71875,49.37123],[8.72275,49.37447],[8.73138,49.37443],[8.74101,49.36993],[8.74167,49.35833],[8.74829,49.35798],[8.75798,49.34826],[8.75833,49.3375],[8.76862,49.32973],[8.77832,49.32845],[8.77937,49.32378],[8.77474,49.3178],[8.79517,49.30743],[8.80074,49.27997],[8.81171,49.27837],[8.81611,49.26458],[8.81173,49.25097],[8.80355,49.24863],[8.80478,49.24367],[8.81343,49.23009],[8.833,49.22414],[8.84105,49.21049],[8.84076,49.20062],[8.82917,49.2],[8.83369,49.19338],[8.83298,49.18508],[8.82881,49.18088],[8.82952,49.17258],[8.83369,49.16838],[8.83298,49.16005],[8.825,49.15417],[8.81642,49.13417],[8.83546,49.13268],[8.85625,49.11729],[8.86042,49.12021],[8.86879,49.11601],[8.88538,49.10066],[8.89176,49.09869],[8.89518,49.09379],[8.89498,49.08002],[8.8789,49.07837],[8.88268,49.07296],[8.88399,49.05809],[8.87832,49.04668],[8.87168,49.04498],[8.87083,49.04167],[8.85759,49.0464],[8.84167,49.0375],[8.84131,49.02674],[8.83369,49.01909],[8.83237,48.99623],[8.82721,48.99223],[8.80924,48.99103],[8.80743,48.98397],[8.78946,48.98277],[8.78554,48.97973],[8.76446,48.9786],[8.76042,48.97547],[8.75625,48.9787],[8.72304,48.96307],[8.7125,48.9625],[8.71168,48.95446],[8.70015,48.94879],[8.69102,48.93813],[8.69242,48.92157],[8.71175,48.92009],[8.7126,48.90962],[8.69583,48.90417],[8.66038,48.90482],[8.64975,48.91316],[8.63836,48.90731],[8.63684,48.89975],[8.64104,48.89374],[8.62982,48.88129],[8.62841,48.86324],[8.58538,48.85768],[8.58011,48.854],[8.57832,48.84251],[8.56871,48.84101],[8.55511,48.83317],[8.55351,48.82288],[8.54077,48.80899],[8.49779,48.79943],[8.47956,48.7907],[8.47443,48.78408],[8.4787,48.77708],[8.47403,48.76706],[8.46888,48.76307],[8.45612,48.76193],[8.44779,48.75777],[8.42917,48.74167],[8.43369,48.73505],[8.43298,48.72674],[8.42952,48.72326],[8.4282,48.7129],[8.41733,48.70743],[8.4161,48.69362],[8.41193,48.68825],[8.41307,48.68112],[8.4214,48.67177],[8.42017,48.65928],[8.4004,48.64903],[8.39583,48.64167],[8.39167,48.64167],[8.39227,48.62591],[8.40794,48.61987],[8.41193,48.61471],[8.41285,48.59341],[8.42465,48.57742],[8.42535,48.55174],[8.42881,48.54826],[8.42952,48.53091],[8.43333,48.525],[8.43274,48.49675],[8.42158,48.4911],[8.41325,48.4964],[8.4,48.49167]]]},"properties":{"hybas_id":"2060441280","pfaf_id":"232670","sub_area":"20549.5","up_area":"53864.9","next_down":"2060429770","main_bas":"2060023010","kind":"basin","source":"local-hydrobasins"}},{"type":"Feature","geometry":{"type":"Polygon","coordinates":[[[8.87917,46.82083],[8.86888,46.8089],[8.86029,46.80777],[8.84804,46.7964],[8.83431,46.79518],[8.82546,46.78543],[8.82973,46.77991],[8.8286,46.76862],[8.81723,46.75638],[8.81179,46.73839],[8.80221,46.7339],[8.78333,46.73333],[8.77835,46.74095],[8.76203,46.74228],[8.74652,46.73669],[8.74515,46.71331],[8.73534,46.71188],[8.71466,46.70062],[8.69583,46.7],[8.68549,46.69228],[8.67579,46.69087],[8.67438,46.68117],[8.66586,46.67157],[8.65833,46.67083],[8.65777,46.63946],[8.65422,46.63488],[8.66862,46.6214],[8.67429,46.61995],[8.67988,46.59672],[8.68333,46.59583],[8.68333,46.58333],[8.64804,46.56723],[8.64092,46.5661],[8.61175,46.57973],[8.60638,46.57557],[8.59362,46.57443],[8.58126,46.56296],[8.56788,46.56723],[8.56582,46.55918],[8.56029,46.55777],[8.54804,46.5464],[8.53554,46.54223],[8.51446,46.5411],[8.50208,46.5338],[8.49509,46.53807],[8.475,46.52917],[8.46471,46.53693],[8.43946,46.53807],[8.42566,46.54673],[8.42443,46.56054],[8.40777,46.58656],[8.40896,46.60742],[8.42083,46.6125],[8.42048,46.63159],[8.41702,46.63508],[8.41577,46.64934],[8.40174,46.64965],[8.39409,46.64202],[8.37083,46.63333],[8.37027,46.61446],[8.36193,46.58946],[8.34491,46.56308],[8.33554,46.55473],[8.31446,46.5536],[8.30638,46.5464],[8.28835,46.54082],[8.2875,46.5375],[8.27674,46.53715],[8.26076,46.52952],[8.22674,46.52881],[8.22326,46.52535],[8.21008,46.52465],[8.20659,46.52119],[8.19341,46.52048],[8.1875,46.51667],[8.17304,46.5286],[8.13529,46.52973],[8.12585,46.53418],[8.12083,46.54167],[8.09758,46.54619],[8.08159,46.55381],[8.07745,46.55452],[8.07326,46.55035],[8.05591,46.55035],[8.05242,46.55381],[8.03508,46.55452],[8.03159,46.55798],[8.00245,46.55869],[7.98971,46.5464],[7.97027,46.54045],[7.9714,46.53112],[7.97557,46.52575],[7.96995,46.50904],[7.94779,46.5036],[7.91076,46.48369],[7.89341,46.48298],[7.88992,46.47952],[7.84341,46.47881],[7.83665,46.47168],[7.82674,46.47048],[7.81492,46.46285],[7.80591,46.46215],[7.78924,46.45381],[7.77742,46.44202],[7.76424,46.43715],[7.75659,46.42952],[7.74758,46.42881],[7.72326,46.41702],[7.71424,46.41631],[7.70659,46.40869],[7.70417,46.40833],[7.6991,46.42433],[7.68675,46.42557],[7.66471,46.41307],[7.65759,46.41193],[7.65208,46.4162],[7.62304,46.40057],[7.61446,46.39943],[7.59388,46.3839],[7.56175,46.38277],[7.54167,46.39583],[7.52815,46.37978],[7.50091,46.37855],[7.49583,46.37083],[7.4883,46.37157],[7.48671,46.38249],[7.4787,46.38395],[7.46466,46.37562],[7.4472,46.37022],[7.44031,46.3833],[7.43549,46.37978],[7.41451,46.37855],[7.38534,46.36605],[7.37828,46.35904],[7.36759,46.35763],[7.3625,46.35],[7.31757,46.3452],[7.3115,46.33394],[7.28529,46.33277],[7.28125,46.32964],[7.26573,46.33807],[7.24804,46.32557],[7.22173,46.32017],[7.22083,46.31667],[7.21667,46.32083],[7.2214,46.33432],[7.2089,46.34779],[7.20771,46.36992],[7.1968,46.3754],[7.19583,46.37917],[7.16008,46.37952],[7.15659,46.38298],[7.1375,46.38333],[7.13605,46.37852],[7.11328,46.37988],[7.11168,46.39554],[7.10449,46.40064],[7.07703,46.39936],[7.06042,46.3881],[7.05449,46.39231],[7.0312,46.39102],[7.0125,46.37917],[7.00387,46.39056],[6.99258,46.39612],[6.99105,46.4049],[7.00062,46.41714],[6.99134,46.43247],[6.9798,46.43415],[6.97917,46.47083],[6.98248,46.47168],[6.99536,46.49375],[6.99167,46.5],[6.99965,46.50588],[7.00035,46.52255],[6.99619,46.52674],[6.99075,46.54522],[6.95196,46.54943],[6.93946,46.54527],[6.93138,46.53807],[6.92009,46.53693],[6.90918,46.54252],[6.90752,46.54901],[6.90332,46.55057],[6.89654,46.54491],[6.8911,46.52279],[6.88275,46.51342],[6.87696,46.51193],[6.85221,46.49223],[6.82823,46.4911],[6.81578,46.50346],[6.80612,46.50473],[6.8007,46.50925],[6.79943,46.51888],[6.79544,46.52403],[6.78397,46.53015],[6.78277,46.54804],[6.77828,46.55762],[6.76862,46.5589],[6.75342,46.5714],[6.72585,46.55748],[6.725,46.55417],[6.71763,46.55873],[6.71577,46.56601],[6.70833,46.56667],[6.70869,46.57742],[6.71667,46.5875],[6.70452,46.59754],[6.70381,46.60242],[6.69412,46.61214],[6.68091,46.60798],[6.675,46.60417],[6.67379,46.59943],[6.61446,46.60473],[6.60075,46.61307],[6.57917,46.60833],[6.57952,46.61492],[6.58749,46.62292],[6.57952,46.63091],[6.57465,46.65659],[6.56912,46.66215],[6.55245,46.66285],[6.53992,46.65452],[6.53162,46.65381],[6.51909,46.66215],[6.48924,46.66285],[6.48576,46.66631],[6.47674,46.66702],[6.46492,46.67881],[6.44409,46.68715],[6.43579,46.68785],[6.43159,46.68369],[6.41841,46.68298],[6.38576,46.65869],[6.36076,46.64619],[6.34583,46.64583],[6.3451,46.6383],[6.33413,46.63671],[6.3325,46.62554],[6.32083,46.61667],[6.32048,46.60171],[6.31008,46.59548],[6.3,46.58333],[6.28508,46.57881],[6.26912,46.55869],[6.25417,46.55417],[6.23971,46.56193],[6.22205,46.56307],[6.21998,46.55502],[6.20612,46.54943],[6.19388,46.53807],[6.18112,46.53277],[6.16446,46.52027],[6.1259,46.48682],[6.12464,46.48088],[6.11076,46.46702],[6.10242,46.46285],[6.09167,46.4625],[6.08542,46.4588],[6.06255,46.47654],[6.06723,46.48408],[6.05777,46.50712],[6.07433,46.5134],[6.07557,46.52575],[6.07027,46.53408],[6.0754,46.5407],[6.08138,46.54223],[6.11029,46.57027],[6.11582,46.57168],[6.14341,46.59965],[6.16582,46.60918],[6.16667,46.6125],[6.18248,46.61752],[6.21446,46.64527],[6.22304,46.6464],[6.23529,46.65777],[6.25,46.6625],[6.25371,46.66876],[6.24223,46.68112],[6.2411,46.68835],[6.24675,46.69513],[6.26888,46.70057],[6.28112,46.70777],[6.30326,46.70896],[6.30505,46.71596],[6.31471,46.71723],[6.32279,46.72443],[6.34388,46.72557],[6.3493,46.73009],[6.35473,46.75221],[6.36343,46.7618],[6.37304,46.76307],[6.38687,46.776],[6.38814,46.79493],[6.39498,46.79668],[6.39674,46.81576],[6.41449,46.8244],[6.4282,46.8257],[6.43007,46.83243],[6.44178,46.83901],[6.44088,46.84506],[6.43012,46.84659],[6.42553,46.85626],[6.4337,46.86561],[6.44783,46.8744],[6.46576,46.88007],[6.46764,46.88682],[6.48551,46.8881],[6.52001,46.89661],[6.52144,46.90471],[6.51606,46.91534],[6.52409,46.91757],[6.52856,46.92699],[6.52917,46.9375],[6.54758,46.94548],[6.58138,46.95057],[6.58958,46.95788],[6.60759,46.94527],[6.62027,46.95612],[6.62175,46.96191],[6.64583,46.9625],[6.65174,46.97048],[6.66995,46.97571],[6.67585,46.99082],[6.70833,47.0],[6.70922,47.00346],[6.71888,47.00473],[6.73554,47.01307],[6.74167,47.02083],[6.76054,47.02557],[6.77721,47.0339],[6.80417,47.05833],[6.81909,47.06285],[6.82674,47.07048],[6.84341,47.07881],[6.85242,47.07952],[6.85833,47.08333],[6.8589,47.09804],[6.86339,47.10762],[6.88138,47.11307],[6.90612,47.13277],[6.93091,47.14548],[6.93992,47.14619],[6.94341,47.14965],[6.96492,47.15452],[6.97674,47.16215],[6.98576,47.16285],[6.99167,47.17083],[6.99826,47.17119],[7.03508,47.19131],[7.04409,47.19202],[7.06008,47.19965],[7.10242,47.20452],[7.10591,47.20798],[7.11909,47.20869],[7.12329,47.21285],[7.16909,47.21215],[7.17258,47.20869],[7.19826,47.20798],[7.20245,47.20381],[7.21008,47.20798],[7.23159,47.20869],[7.23508,47.21215],[7.26076,47.21285],[7.26424,47.21631],[7.31492,47.21702],[7.31841,47.22048],[7.34826,47.22119],[7.35174,47.22465],[7.38554,47.22557],[7.39779,47.23277],[7.41471,47.2339],[7.43112,47.2411],[7.44804,47.24223],[7.45208,47.24536],[7.45908,47.2411],[7.46446,47.24527],[7.47827,47.24649],[7.47917,47.25417],[7.47564,47.25507],[7.47443,47.27177],[7.49167,47.2875],[7.49826,47.28785],[7.51008,47.29548],[7.53576,47.29619],[7.54758,47.30381],[7.56076,47.30452],[7.57881,47.33091],[7.57917,47.34167],[7.60638,47.34223],[7.61862,47.3536],[7.65221,47.3589],[7.67828,47.36738],[7.67917,47.37083],[7.70638,47.3714],[7.71175,47.37557],[7.7241,47.37433],[7.72592,47.36725],[7.74082,47.35748],[7.74705,47.3411],[7.76165,47.34668],[7.7714,47.36156],[7.76668,47.36934],[7.77279,47.37443],[7.79167,47.375],[7.80245,47.36215],[7.81909,47.36285],[7.82258,47.36631],[7.83333,47.36667],[7.84341,47.37881],[7.86492,47.37952],[7.86841,47.38298],[7.88159,47.38369],[7.88542,47.38749],[7.88924,47.38369],[7.89799,47.38395],[7.91451,47.39938],[7.93673,47.4093],[7.93831,47.42018],[7.96492,47.42119],[7.98091,47.42881],[8.01492,47.42952],[8.03579,47.44202],[8.04341,47.43785],[8.06667,47.4375],[8.07179,47.44518],[8.08554,47.4464],[8.09498,47.45085],[8.09664,47.45733],[8.10075,47.4589],[8.10927,47.4536],[8.11862,47.46193],[8.13262,47.46755],[8.1375,47.48333],[8.13715,47.50242],[8.12535,47.51424],[8.12074,47.52365],[8.12575,47.52557],[8.13825,47.52027],[8.15612,47.53277],[8.16325,47.5339],[8.17575,47.5286],[8.18787,47.5345],[8.17443,47.55491],[8.17973,47.56325],[8.17557,47.56862],[8.17585,47.57415],[8.19498,47.58418],[8.20505,47.60346],[8.21578,47.60488],[8.21752,47.61165],[8.22083,47.6125],[8.225,47.6125],[8.23508,47.60035],[8.24409,47.59965],[8.25174,47.59202],[8.26627,47.5907],[8.27168,47.58002],[8.28112,47.57557],[8.29486,47.57435],[8.3036,47.56471],[8.30488,47.55505],[8.31165,47.55332],[8.31341,47.54647],[8.33138,47.54527],[8.35196,47.5339],[8.37817,47.53272],[8.38946,47.51723],[8.41471,47.5161],[8.42917,47.50833],[8.42849,47.47995],[8.42083,47.47917],[8.42168,47.47585],[8.43112,47.4714],[8.44388,47.47027],[8.46446,47.4589],[8.49078,47.45346],[8.491,47.43415],[8.47855,47.43233],[8.47989,47.41747],[8.50216,47.41188],[8.51451,47.40478],[8.54409,47.39965],[8.55174,47.39202],[8.56909,47.38715],[8.58091,47.37535],[8.58924,47.37119],[8.60242,47.37048],[8.61424,47.35869],[8.61912,47.35798],[8.64965,47.32742],[8.65381,47.31909],[8.65452,47.30588],[8.66582,47.29915],[8.66752,47.29252],[8.70794,47.26987],[8.7125,47.2625],[8.72297,47.26186],[8.73542,47.25477],[8.73953,47.25769],[8.77714,47.26314],[8.78301,47.26731],[8.79134,47.26186],[8.8032,47.26763],[8.8119,47.28125],[8.80769,47.28718],[8.80917,47.30444],[8.82884,47.29519],[8.8438,47.29648],[8.86047,47.30481],[8.87287,47.31602],[8.88333,47.31667],[8.89072,47.31223],[8.89244,47.32403],[8.89583,47.325],[8.90638,47.32443],[8.91446,47.31723],[8.93138,47.3161],[8.94082,47.31165],[8.94263,47.30456],[8.94779,47.30057],[8.96054,47.29943],[8.96667,47.29583],[8.96757,47.29936],[8.98554,47.30057],[8.99583,47.30833],[9.00612,47.30057],[9.01987,47.29934],[9.02557,47.29252],[9.02027,47.28408],[9.02589,47.27154],[9.03661,47.27012],[9.04237,47.25092],[9.04915,47.24527],[9.06471,47.2464],[9.07009,47.25057],[9.08244,47.24933],[9.08418,47.24252],[9.0996,47.23653],[9.10786,47.21875],[9.1036,47.21325],[9.10517,47.20914],[9.11165,47.20748],[9.12083,47.18333],[9.125,47.18333],[9.13656,47.17027],[9.16888,47.1714],[9.17292,47.17453],[9.18675,47.1661],[9.19509,47.1714],[9.2036,47.16471],[9.20925,47.14643],[9.23159,47.14619],[9.24341,47.15381],[9.27742,47.15452],[9.28162,47.15869],[9.30659,47.15798],[9.31008,47.15452],[9.32917,47.15417],[9.33007,47.15066],[9.34388,47.14943],[9.35332,47.14498],[9.35513,47.1379],[9.36175,47.13277],[9.37009,47.13807],[9.4,47.13333],[9.40035,47.12674],[9.42048,47.10659],[9.42557,47.08112],[9.4339,47.07177],[9.42557,47.06054],[9.42438,47.03841],[9.41734,47.0366],[9.40057,47.01888],[9.39943,46.99779],[9.3963,46.99375],[9.39943,46.98971],[9.4,46.975],[9.39654,46.97411],[9.39527,46.96446],[9.38013,46.95377],[9.37411,46.9424],[9.36592,46.9411],[9.36042,46.94536],[9.35638,46.94223],[9.34092,46.9411],[9.32425,46.95057],[9.31592,46.94527],[9.31042,46.94953],[9.26335,46.92832],[9.2625,46.925],[9.25417,46.925],[9.24903,46.9129],[9.23554,46.90473],[9.22589,46.90346],[9.22403,46.89623],[9.20221,46.87973],[9.18825,46.87443],[9.17721,46.8786],[9.16029,46.8786],[9.15196,46.87443],[9.13138,46.85473],[9.10955,46.84943],[9.09909,46.87023],[9.06758,46.87144],[9.06424,46.87465],[9.05659,46.86702],[9.04583,46.86667],[9.04524,46.84684],[9.03404,46.84078],[9.0282,46.82123],[9.02304,46.81723],[9.01471,46.81307],[8.97696,46.81193],[8.96706,46.80737],[8.9625,46.8],[8.93508,46.79965],[8.92674,46.79619],[8.91076,46.81215],[8.89758,46.81285],[8.87917,46.82083]]]},"properties":{"hybas_id":"2060491750","pfaf_id":"232680","sub_area":"17568.6","up_area":"17568.6","next_down":"2060441280","main_bas":"2060023010","kind":"basin","source":"local-hydrobasins"}},{"type":"Feature","geometry":{"type":"Polygon","coordinates":[[[8.91667,46.625],[8.91335,46.62415],[8.90462,46.61042],[8.91193,46.60221],[8.91307,46.59509],[8.90743,46.58399],[8.86446,46.57443],[8.85221,46.56723],[8.83675,46.5661],[8.82291,46.57454],[8.81054,46.56307],[8.78946,46.56193],[8.77877,46.5468],[8.76859,46.54636],[8.76326,46.55095],[8.76173,46.55742],[8.75739,46.55886],[8.74906,46.55364],[8.74391,46.5578],[8.72692,46.55886],[8.72159,46.56345],[8.71667,46.575],[8.70508,46.57562],[8.70327,46.58267],[8.68333,46.58333],[8.68333,46.59583],[8.67988,46.59672],[8.67429,46.61995],[8.66862,46.6214],[8.65422,46.63488],[8.65777,46.63946],[8.65833,46.67083],[8.66586,46.67157],[8.67438,46.68117],[8.67579,46.69087],[8.68549,46.69228],[8.69583,46.7],[8.71466,46.70062],[8.73534,46.71188],[8.74515,46.71331],[8.74652,46.73669],[8.76203,46.74228],[8.77835,46.74095],[8.78333,46.73333],[8.80221,46.7339],[8.81179,46.73839],[8.81723,46.75638],[8.8286,46.76862],[8.82973,46.77991],[8.82546,46.78543],[8.83431,46.79518],[8.84804,46.7964],[8.86029,46.80777],[8.86888,46.8089],[8.87917,46.82083],[8.89758,46.81285],[8.91076,46.81215],[8.92674,46.79619],[8.93508,46.79965],[8.9625,46.8],[8.96706,46.80737],[8.97696,46.81193],[9.01471,46.81307],[9.02304,46.81723],[9.0282,46.82123],[9.03404,46.84078],[9.04524,46.84684],[9.04583,46.86667],[9.05659,46.86702],[9.06424,46.87465],[9.06758,46.87144],[9.09909,46.87023],[9.10955,46.84943],[9.13138,46.85473],[9.15196,46.87443],[9.16029,46.8786],[9.17721,46.8786],[9.18825,46.87443],[9.20221,46.87973],[9.22403,46.89623],[9.22589,46.90346],[9.23554,46.90473],[9.24903,46.9129],[9.25417,46.925],[9.2625,46.925],[9.26335,46.92832],[9.31042,46.94953],[9.31592,46.94527],[9.32425,46.95057],[9.34092,46.9411],[9.35638,46.94223],[9.36042,46.94536],[9.36592,46.9411],[9.37411,46.9424],[9.38013,46.95377],[9.39527,46.96446],[9.39654,46.97411],[9.4,46.975],[9.39943,46.98971],[9.3963,46.99375],[9.39943,46.99779],[9.40057,47.01888],[9.41734,47.0366],[9.42438,47.03841],[9.42557,47.06054],[9.4339,47.07177],[9.42557,47.08112],[9.42048,47.10659],[9.40035,47.12674],[9.4,47.13333],[9.37009,47.13807],[9.36175,47.13277],[9.35513,47.1379],[9.35332,47.14498],[9.34388,47.14943],[9.33007,47.15066],[9.32917,47.15417],[9.28162,47.15869],[9.27742,47.15452],[9.24341,47.15381],[9.23159,47.14619],[9.20925,47.14643],[9.2036,47.16471],[9.19509,47.1714],[9.18675,47.1661],[9.17292,47.17453],[9.16888,47.1714],[9.13656,47.17027],[9.125,47.18333],[9.12083,47.18333],[9.11165,47.20748],[9.10517,47.20914],[9.1036,47.21325],[9.10786,47.21875],[9.0996,47.23653],[9.08418,47.24252],[9.08244,47.24933],[9.07009,47.25057],[9.06471,47.2464],[9.04915,47.24527],[9.04237,47.25092],[9.03661,47.27012],[9.02589,47.27154],[9.02027,47.28408],[9.02557,47.29252],[9.01987,47.29934],[9.00612,47.30057],[8.99583,47.30833],[8.98554,47.30057],[8.96757,47.29936],[8.96667,47.29583],[8.96054,47.29943],[8.94779,47.30057],[8.94263,47.30456],[8.94082,47.31165],[8.93138,47.3161],[8.91446,47.31723],[8.90638,47.32443],[8.89583,47.325],[8.89244,47.32403],[8.89072,47.31223],[8.88333,47.31667],[8.87287,47.31602],[8.86047,47.30481],[8.8438,47.29648],[8.82884,47.29519],[8.80917,47.30444],[8.80769,47.28718],[8.8119,47.28125],[8.8032,47.26763],[8.79134,47.26186],[8.78301,47.26731],[8.77714,47.26314],[8.73953,47.25769],[8.73542,47.25477],[8.72297,47.26186],[8.7125,47.2625],[8.70794,47.26987],[8.66752,47.29252],[8.66582,47.29915],[8.65452,47.30588],[8.65381,47.31909],[8.64965,47.32742],[8.61912,47.35798],[8.61424,47.35869],[8.60242,47.37048],[8.58924,47.37119],[8.56909,47.38715],[8.55174,47.39202],[8.54409,47.39965],[8.51451,47.40478],[8.50216,47.41188],[8.47989,47.41747],[8.47855,47.43233],[8.491,47.43415],[8.49078,47.45346],[8.46446,47.4589],[8.44388,47.47027],[8.43112,47.4714],[8.42168,47.47585],[8.42083,47.47917],[8.42849,47.47995],[8.42917,47.50833],[8.41471,47.5161],[8.38946,47.51723],[8.37817,47.53272],[8.35196,47.5339],[8.33138,47.54527],[8.31341,47.54647],[8.31165,47.55332],[8.30488,47.55505],[8.3036,47.56471],[8.29486,47.57435],[8.28112,47.57557],[8.27168,47.58002],[8.26627,47.5907],[8.25174,47.59202],[8.24409,47.59965],[8.23508,47.60035],[8.22585,47.60918],[8.225,47.6125],[8.23277,47.61862],[8.23404,47.62828],[8.2375,47.62917],[8.23248,47.64082],[8.20221,47.66193],[8.16667,47.66667],[8.15904,47.67175],[8.15777,47.68138],[8.15057,47.68946],[8.14527,47.70908],[8.1661,47.73946],[8.1714,47.76962],[8.15502,47.77585],[8.15332,47.78248],[8.13821,47.78839],[8.13693,47.79804],[8.13237,47.80351],[8.10196,47.8089],[8.0968,47.8129],[8.09498,47.81998],[8.08814,47.82174],[8.08693,47.83971],[8.08333,47.84583],[8.06909,47.85798],[8.025,47.8625],[8.02119,47.86841],[8.02571,47.88661],[8.03995,47.90035],[8.04792,47.89585],[8.05245,47.90035],[8.06076,47.89965],[8.06424,47.89619],[8.07083,47.89583],[8.07583,47.88403],[8.0963,47.88272],[8.11451,47.89522],[8.12417,47.89662],[8.12562,47.9049],[8.11605,47.91747],[8.12855,47.93117],[8.12978,47.94067],[8.11764,47.94243],[8.11188,47.9588],[8.117,47.96581],[8.12848,47.96748],[8.12917,47.97917],[8.14409,47.97952],[8.15174,47.98715],[8.16492,47.98785],[8.17258,47.99548],[8.1875,47.99583],[8.1884,47.99233],[8.19583,47.99167],[8.19619,47.98505],[8.20591,47.97535],[8.21076,47.97465],[8.21841,47.96702],[8.22742,47.96631],[8.24341,47.95035],[8.25,47.95],[8.25121,47.95473],[8.26029,47.94223],[8.30638,47.93693],[8.32279,47.92973],[8.35638,47.92443],[8.36029,47.9214],[8.39388,47.92027],[8.40612,47.91307],[8.41888,47.91193],[8.42696,47.90473],[8.43658,47.90346],[8.44255,47.89238],[8.47326,47.88715],[8.48091,47.87952],[8.48922,47.87881],[8.5,47.89167],[8.51588,47.89097],[8.52019,47.88547],[8.52148,47.86453],[8.52583,47.85083],[8.53674,47.84916],[8.53827,47.83407],[8.5563,47.83269],[8.56453,47.82564],[8.58333,47.82083],[8.60295,47.82557],[8.60498,47.81767],[8.60908,47.8161],[8.63529,47.83693],[8.65221,47.83807],[8.66862,47.84943],[8.69804,47.8589],[8.70417,47.86667],[8.69952,47.874],[8.70089,47.87839],[8.71042,47.88294],[8.71459,47.87955],[8.7244,47.8886],[8.72861,47.90208],[8.72556,47.90625],[8.74367,47.92022],[8.76297,47.92145],[8.76867,47.91728],[8.77964,47.91605],[8.78664,47.92116],[8.78829,47.93254],[8.80208,47.93694],[8.81458,47.92973],[8.82407,47.93426],[8.825,47.9375],[8.83659,47.93688],[8.84184,47.92625],[8.84658,47.92443],[8.85196,47.9286],[8.87721,47.92973],[8.88689,47.93424],[8.88811,47.96159],[8.89934,47.96763],[8.9,47.975],[8.90417,47.975],[8.90417,47.97083],[8.91193,47.96471],[8.91347,47.95873],[8.92438,47.95326],[8.925,47.93333],[8.95633,47.93272],[8.97709,47.91722],[8.98534,47.92438],[8.9955,47.92586],[9.00137,47.93812],[9.04501,47.93263],[9.05478,47.91714],[9.05056,47.90624],[9.05772,47.89799],[9.05933,47.88688],[9.07708,47.89111],[9.08657,47.88657],[9.08843,47.88009],[9.09953,47.87438],[9.11049,47.87562],[9.1162,47.87978],[9.12453,47.87438],[9.13657,47.88009],[9.13849,47.88678],[9.14583,47.8875],[9.15035,47.89826],[9.15798,47.90591],[9.15833,47.91667],[9.18129,47.91732],[9.18542,47.92021],[9.19142,47.91601],[9.20392,47.92149],[9.21462,47.92018],[9.22288,47.91316],[9.2323,47.91169],[9.23465,47.90408],[9.24788,47.89649],[9.26462,47.89518],[9.27704,47.88816],[9.29508,47.88674],[9.29657,47.86773],[9.30809,47.86184],[9.31565,47.86336],[9.31816,47.87149],[9.33962,47.86601],[9.38954,47.82982],[9.4,47.82917],[9.40357,47.83008],[9.40417,47.85],[9.40741,47.85093],[9.41188,47.86034],[9.41331,47.87013],[9.43133,47.87145],[9.44376,47.87861],[9.46157,47.86574],[9.46366,47.85845],[9.46867,47.85478],[9.49583,47.85],[9.49943,47.85612],[9.50057,47.87991],[9.49498,47.89082],[9.48112,47.8964],[9.4757,47.90092],[9.47443,47.91054],[9.47044,47.9157],[9.46224,47.9178],[9.47168,47.93665],[9.4782,47.93832],[9.47973,47.94265],[9.46723,47.95612],[9.46763,47.9621],[9.47279,47.9661],[9.48112,47.97027],[9.49388,47.9714],[9.51029,47.98277],[9.52832,47.98835],[9.53013,47.99544],[9.54362,48.0036],[9.56888,48.00473],[9.575,48.00833],[9.58924,47.99202],[9.60417,47.99167],[9.61218,47.98686],[9.62839,47.98825],[9.62981,48.00214],[9.6343,48.01154],[9.65336,48.02562],[9.66034,48.02145],[9.70316,48.02019],[9.70895,48.0088],[9.70718,48.00503],[9.70067,48.00317],[9.69938,47.97701],[9.69522,47.9713],[9.71451,47.95062],[9.72299,47.94938],[9.7326,47.94105],[9.74792,47.94527],[9.75208,47.94223],[9.77357,47.95838],[9.77855,47.95216],[9.77996,47.94246],[9.79193,47.94072],[9.78389,47.92708],[9.78812,47.9213],[9.78272,47.9088],[9.78414,47.90096],[9.7875,47.9],[9.78785,47.88091],[9.79548,47.87326],[9.80381,47.85659],[9.80494,47.8466],[9.8375,47.84167],[9.84167,47.8375],[9.85196,47.84943],[9.86054,47.85057],[9.875,47.85833],[9.89075,47.85773],[9.90895,47.8338],[9.90766,47.80933],[9.89993,47.80712],[9.90533,47.79595],[9.91042,47.79223],[9.9162,47.79645],[9.9201,47.79462],[9.92178,47.78307],[9.9287,47.78812],[9.94502,47.78679],[9.95,47.77917],[9.9573,47.77991],[9.96186,47.78953],[9.96338,47.80442],[9.97051,47.79936],[9.97917,47.80417],[9.98326,47.8029],[9.99101,47.79379],[9.99689,47.77157],[10.01561,47.7701],[10.02018,47.76046],[10.02163,47.73723],[10.03725,47.74649],[10.05625,47.74229],[10.06225,47.74649],[10.07296,47.74518],[10.08954,47.73399],[10.09984,47.73239],[10.10482,47.72525],[10.10342,47.70939],[10.10035,47.70591],[10.11005,47.69202],[10.15588,47.69131],[10.16008,47.69548],[10.18576,47.69619],[10.19167,47.70417],[10.21728,47.699],[10.21605,47.67701],[10.21188,47.6713],[10.22438,47.66049],[10.22464,47.64338],[10.19409,47.62535],[10.18505,47.62464],[10.17881,47.61838],[10.18245,47.60071],[10.17172,47.59929],[10.16987,47.59206],[10.16471,47.58807],[10.15638,47.5839],[10.13529,47.58277],[10.11471,47.57557],[10.09362,47.57443],[10.08259,47.57027],[10.06888,47.5786],[10.04925,47.57973],[10.03002,47.56998],[10.02992,47.55909],[10.04489,47.54905],[10.04686,47.54235],[10.07298,47.54104],[10.08674,47.52854],[10.14798,47.5423],[10.15377,47.54646],[10.15866,47.54404],[10.1673,47.53402],[10.16585,47.52116],[10.15215,47.51313],[10.13535,47.51187],[10.12298,47.5048],[10.10493,47.50344],[10.10354,47.48978],[10.11869,47.4798],[10.13648,47.47846],[10.13849,47.47162],[10.14901,47.47005],[10.15116,47.46272],[10.1625,47.45417],[10.16752,47.44252],[10.17434,47.44077],[10.17566,47.4259],[10.17917,47.425],[10.17379,47.4161],[10.17083,47.42083],[10.14341,47.42048],[10.1375,47.41667],[10.13692,47.38437],[10.12721,47.37557],[10.11346,47.37434],[10.10326,47.35479],[10.09167,47.35417],[10.09078,47.35071],[10.08009,47.3493],[10.0714,47.33554],[10.07083,47.32917],[10.08272,47.32409],[10.08394,47.29683],[10.09167,47.29167],[10.09202,47.28505],[10.10245,47.27465],[10.11909,47.27535],[10.125,47.27917],[10.12855,47.27299],[10.12987,47.25497],[10.14228,47.25317],[10.13217,47.23345],[10.12716,47.22978],[10.05612,47.2286],[10.03971,47.21307],[10.01862,47.21193],[10.01313,47.20735],[10.01186,47.18841],[10.00208,47.1838],[9.99167,47.1875],[9.99669,47.167],[10.0037,47.16188],[10.01034,47.16605],[10.02716,47.16728],[10.03286,47.17145],[10.0576,47.15355],[10.07421,47.15913],[10.08038,47.17924],[10.10324,47.16991],[10.10553,47.16188],[10.1162,47.16728],[10.13966,47.16605],[10.15201,47.15895],[10.20833,47.15833],[10.22083,47.15417],[10.22027,47.13946],[10.20473,47.12304],[10.20303,47.1164],[10.19658,47.1214],[10.17279,47.12027],[10.16308,47.11575],[10.1532,47.1004],[10.14225,47.09491],[10.1339,47.08554],[10.13402,47.06751],[10.13951,47.06312],[10.14931,47.06169],[10.15,47.05],[10.14965,47.03922],[10.13992,47.02952],[10.13333,47.02917],[10.13394,47.01341],[10.15377,47.0032],[10.15833,46.99583],[10.13819,46.99086],[10.13688,46.97036],[10.14228,46.9597],[10.13534,46.95772],[10.10075,46.92838],[10.09938,46.91593],[10.12176,46.88009],[10.13529,46.86723],[10.14104,46.86576],[10.14082,46.85085],[10.09705,46.84527],[10.09583,46.85],[10.09167,46.85],[10.07721,46.8339],[10.07123,46.83237],[10.0616,46.81316],[10.04679,46.81184],[10.04223,46.80638],[10.04101,46.79263],[10.02707,46.7838],[10.0176,46.79223],[9.99258,46.79105],[9.98245,46.76738],[9.97279,46.7661],[9.96049,46.75478],[9.95428,46.75301],[9.94522,46.7338],[9.94667,46.72579],[9.95765,46.72419],[9.95798,46.70591],[9.95418,46.70208],[9.95798,46.69826],[9.95833,46.69167],[9.91008,46.69131],[9.89409,46.67952],[9.88579,46.67881],[9.87917,46.68333],[9.87415,46.67168],[9.87083,46.67083],[9.87027,46.66029],[9.86713,46.65624],[9.87585,46.64252],[9.89127,46.63653],[9.89582,46.63066],[9.88138,46.6214],[9.87175,46.62013],[9.86723,46.61471],[9.86667,46.60417],[9.84784,46.59938],[9.84237,46.59501],[9.84096,46.57581],[9.82716,46.57145],[9.80617,46.57022],[9.80216,46.56728],[9.78117,46.56605],[9.75216,46.55478],[9.73534,46.55355],[9.71888,46.54223],[9.69583,46.54167],[9.69943,46.53554],[9.70063,46.51765],[9.70612,46.51307],[9.71578,46.51179],[9.71667,46.50833],[9.72917,46.50833],[9.73279,46.49375],[9.72856,46.48804],[9.72977,46.46033],[9.73394,46.45471],[9.73251,46.44661],[9.70199,46.44106],[9.69204,46.43644],[9.68333,46.425],[9.67258,46.42465],[9.66492,46.41702],[9.62674,46.41631],[9.62292,46.41251],[9.6125,46.42083],[9.61214,46.41421],[9.60659,46.40869],[9.57674,46.40381],[9.55,46.375],[9.53971,46.3714],[9.49362,46.37027],[9.48958,46.36714],[9.46752,46.37585],[9.46667,46.37917],[9.44341,46.37465],[9.43992,46.37119],[9.425,46.37083],[9.42017,46.40743],[9.41335,46.40918],[9.40057,46.44362],[9.39943,46.45491],[9.40371,46.46043],[9.38294,46.48653],[9.37561,46.48841],[9.375,46.50417],[9.36883,46.50772],[9.3537,46.50895],[9.34799,46.50478],[9.31451,46.50355],[9.27997,46.4951],[9.27556,46.48125],[9.27917,46.475],[9.27564,46.47409],[9.27436,46.45507],[9.25199,46.4494],[9.24659,46.44539],[9.23822,46.44663],[9.2369,46.46051],[9.22552,46.47709],[9.24106,46.49366],[9.24227,46.49867],[9.2375,46.5],[9.23675,46.50756],[9.2246,46.50896],[9.20215,46.50063],[9.18535,46.49937],[9.1746,46.49104],[9.16881,46.4952],[9.1496,46.49646],[9.12595,46.48239],[9.125,46.47917],[9.09675,46.47858],[9.09583,46.475],[9.0875,46.475],[9.08138,46.4786],[9.06029,46.47973],[9.05085,46.48418],[9.04167,46.49583],[9.0375,46.49583],[9.0375,46.5],[9.02597,46.50456],[9.02415,46.51165],[9.02083,46.5125],[9.02557,46.52009],[9.02027,46.52842],[9.02443,46.53946],[9.02557,46.56054],[9.0384,46.58267],[9.04583,46.58333],[9.02917,46.60417],[9.01453,46.60481],[9.00625,46.6119],[8.98963,46.60481],[8.96342,46.60352],[8.96186,46.6188],[8.95743,46.628],[8.95353,46.62981],[8.9438,46.62148],[8.93301,46.62019],[8.92713,46.62436],[8.91667,46.625]]]},"properties":{"hybas_id":"2060491760","pfaf_id":"232690","sub_area":"15847.8","up_area":"15847.8","next_down":"2060441280","main_bas":"2060023010","kind":"basin","source":"local-hydrobasins"}},{"type":"Feature","geometry":{"type":"MultiPolygon","coordinates":[[[[15.11528,38.6375],[15.11203,38.63914],[15.11517,38.64192],[15.11528,38.6375]]],[[[15.21944,38.77083],[15.20612,38.7714],[15.19206,38.78013],[15.18693,38.78675],[15.18817,38.7991],[15.20221,38.80473],[15.21156,38.81307],[15.23554,38.81193],[15.2464,38.80712],[15.24527,38.79779],[15.2339,38.78554],[15.23237,38.77956],[15.21944,38.77083]]],[[[15.11944,38.65833],[15.10915,38.659],[15.10811,38.66504],[15.11521,38.67084],[15.12142,38.66324],[15.11944,38.65833]]],[[[15.06528,38.62083],[15.05491,38.62157],[15.05352,38.63886],[15.06588,38.65064],[15.07833,38.64922],[15.08326,38.63467],[15.06528,38.62083]]],[[[14.96111,38.4375],[14.94253,38.4382],[14.94085,38.44896],[14.93432,38.45098],[14.93228,38.45757],[14.91871,38.45899],[14.90847,38.46375],[14.89518,38.4785],[14.89649,38.49379],[14.90548,38.51676],[14.92059,38.52566],[14.93546,38.52434],[14.94142,38.52018],[14.94975,38.52566],[14.96596,38.52423],[14.96737,38.4883],[14.98399,38.48656],[14.9825,38.47573],[14.95807,38.4742],[14.96732,38.45441],[14.96227,38.44669],[14.96111,38.4375]]],[[[15.00278,38.36667],[14.97701,38.36728],[14.96049,38.37855],[14.95033,38.38003],[14.93272,38.40336],[14.93866,38.41655],[14.94907,38.42176],[14.95116,38.42905],[14.95786,38.43395],[14.96639,38.4324],[14.97145,38.42547],[14.96659,38.41788],[14.9869,38.41168],[14.99938,38.39799],[15.00895,38.37547],[15.00278,38.36667]]],[[[14.87361,38.53333],[14.84785,38.53396],[14.83131,38.5452],[14.80465,38.55086],[14.7952,38.56181],[14.79646,38.57298],[14.80557,38.58813],[14.82298,38.58687],[14.82708,38.58392],[14.83294,38.58813],[14.84127,38.5827],[14.85631,38.58396],[14.8621,38.58813],[14.87428,38.58672],[14.87563,38.56869],[14.8798,38.5629],[14.8702,38.55069],[14.87513,38.54276],[14.87361,38.53333]]],[[[14.36111,38.52917],[14.34253,38.52982],[14.33688,38.53688],[14.33825,38.54921],[14.34923,38.55895],[14.36585,38.55762],[14.37145,38.55062],[14.36111,38.52917]]],[[[14.59028,38.55],[14.5662,38.55895],[14.56042,38.55473],[14.55201,38.55895],[14.53838,38.57139],[14.53688,38.57978],[14.54251,38.58682],[14.56714,38.58812],[14.57716,38.58272],[14.5826,38.57837],[14.58407,38.5633],[14.59465,38.56176],[14.59645,38.55772],[14.59028,38.55]]],[[[13.17778,38.6875],[13.15078,38.6924],[13.14969,38.7011],[13.15926,38.71574],[13.18125,38.72444],[13.19367,38.71728],[13.20478,38.71567],[13.20319,38.7088],[13.17778,38.6875]]],[[[14.32778,36.0],[14.32173,36.00069],[14.3161,36.01175],[14.32425,36.0214],[14.34483,36.02021],[14.35473,36.00929],[14.35312,36.00478],[14.33023,36.00355],[14.32778,36.0]]],[[[14.26528,36.00833],[14.24798,36.01604],[14.22285,36.0173],[14.20209,36.03275],[14.19544,36.02854],[14.18453,36.0342],[14.1827,36.0379],[14.18687,36.04369],[14.18813,36.05873],[14.18284,36.06609],[14.1842,36.07946],[14.18958,36.07558],[14.20619,36.0827],[14.2504,36.08396],[14.26452,36.07563],[14.27401,36.07422],[14.27602,36.06737],[14.31048,36.06187],[14.32298,36.05354],[14.33659,36.04117],[14.33813,36.03278],[14.33252,36.02569],[14.30619,36.02437],[14.28131,36.01313],[14.26817,36.01182],[14.26528,36.00833]]],[[[14.41111,35.78333],[14.40499,35.78405],[14.4037,35.79061],[14.41144,35.79213],[14.41111,35.78333]]],[[[12.36944,37.90417],[12.35196,37.90473],[12.34388,37.91193],[12.32842,37.91723],[12.32009,37.91193],[12.31175,37.91723],[12.30638,37.91307],[12.28675,37.91193],[12.28013,37.91706],[12.2713,37.93542],[12.27569,37.94895],[12.27991,37.95057],[12.28825,37.94527],[12.31129,37.9589],[12.32178,37.93817],[12.33408,37.93693],[12.34658,37.94223],[12.3532,37.9371],[12.35502,37.93002],[12.36458,37.92547],[12.3697,37.92943],[12.37453,37.91875],[12.36944,37.90417]]],[[[12.08611,37.94167],[12.04616,37.95518],[12.03246,37.98663],[12.02442,37.98875],[12.02616,37.99641],[12.0522,37.99525],[12.05625,37.99216],[12.06182,37.99641],[12.06601,37.99473],[12.06725,37.98114],[12.07859,37.96886],[12.0842,37.95504],[12.09134,37.95315],[12.09605,37.94699],[12.08611,37.94167]]],[[[12.42778,37.9875],[12.40912,37.98816],[12.40827,37.99496],[12.42904,37.99078],[12.42778,37.9875]]],[[[12.34444,37.98333],[12.32592,37.98393],[12.31714,38.00208],[12.32168,38.01165],[12.32832,38.01335],[12.33013,38.02044],[12.336,38.02499],[12.34527,38.01054],[12.34654,38.00089],[12.35473,37.99879],[12.35347,37.98839],[12.34444,37.98333]]],[[[15.3,37.07917],[15.2994,37.05085],[15.29288,37.04956],[15.2908,37.05746],[15.28125,37.06201],[15.275,37.05833],[15.28024,37.03684],[15.28962,37.03816],[15.29942,37.04649],[15.31228,37.04496],[15.32598,37.02182],[15.33342,37.01952],[15.33816,37.01275],[15.33651,36.99934],[15.31454,37.00066],[15.30067,37.01316],[15.28962,37.00482],[15.27159,37.00341],[15.27018,36.98538],[15.26535,36.97491],[15.26046,36.97149],[15.23538,36.97018],[15.22712,36.96316],[15.20809,36.96167],[15.21316,36.95441],[15.21111,36.95072],[15.1875,36.94583],[15.17973,36.93554],[15.17846,36.92592],[15.15873,36.9157],[15.14223,36.88554],[15.14103,36.86765],[15.13542,36.86297],[15.13072,36.86661],[15.11307,36.84804],[15.11179,36.83839],[15.10833,36.8375],[15.11316,36.82941],[15.11184,36.81454],[15.09996,36.79713],[15.10899,36.79434],[15.10712,36.78752],[15.10127,36.79161],[15.09646,36.78125],[15.10351,36.77296],[15.10499,36.75878],[15.12437,36.74375],[15.12146,36.73958],[15.12434,36.73546],[15.12566,36.71038],[15.13043,36.70008],[15.13954,36.69232],[15.15899,36.6908],[15.14574,36.68202],[15.14035,36.67074],[15.13358,36.66601],[15.12188,36.66744],[15.11934,36.67566],[15.11585,36.66354],[15.10625,36.65896],[15.10127,36.66244],[15.09902,36.65515],[15.08432,36.64902],[15.08184,36.64101],[15.07582,36.64266],[15.07405,36.654],[15.06691,36.65899],[15.05543,36.65422],[15.05066,36.66038],[15.04922,36.67868],[15.01042,36.70354],[14.99687,36.69919],[14.99434,36.69101],[14.95621,36.69232],[14.91462,36.72018],[14.88554,36.7286],[14.85759,36.72973],[14.83831,36.71997],[14.83693,36.71371],[14.8461,36.71136],[14.83675,36.7036],[14.81573,36.71723],[14.80638,36.7089],[14.78038,36.69943],[14.77826,36.70771],[14.75508,36.70896],[14.75332,36.71582],[14.74375,36.72036],[14.73971,36.71723],[14.69509,36.7161],[14.68418,36.72168],[14.68277,36.72721],[14.67019,36.74076],[14.64779,36.75057],[14.63138,36.76193],[14.60196,36.76723],[14.59252,36.77168],[14.59167,36.775],[14.52674,36.77952],[14.51458,36.78749],[14.51042,36.78335],[14.50625,36.78749],[14.50242,36.78369],[14.49412,36.78298],[14.46492,36.81215],[14.45453,36.81838],[14.45869,36.83088],[14.45035,36.83924],[14.44965,36.85242],[14.44619,36.85591],[14.44548,36.86492],[14.43785,36.87258],[14.43665,36.88248],[14.42597,36.8879],[14.41165,36.91582],[14.40502,36.91752],[14.3911,36.94388],[14.37027,36.96888],[14.31492,37.02048],[14.31008,37.02119],[14.28576,37.04131],[14.26841,37.04619],[14.25833,37.05833],[14.22279,37.06723],[14.20221,37.0786],[14.18112,37.0839],[14.15638,37.09527],[14.12591,37.09644],[14.125,37.1],[14.09341,37.10452],[14.08992,37.10798],[14.05662,37.10869],[14.05208,37.10418],[14.04412,37.10869],[14.03992,37.10452],[14.02745,37.10381],[14.02326,37.10798],[13.97745,37.10869],[13.97326,37.10452],[13.95174,37.09965],[13.94583,37.09583],[13.94462,37.0911],[13.93112,37.09223],[13.92575,37.0964],[13.91029,37.09527],[13.90491,37.0911],[13.85918,37.10918],[13.85744,37.11597],[13.83554,37.13693],[13.82721,37.1411],[13.79362,37.14223],[13.78825,37.1464],[13.77575,37.1411],[13.76888,37.14527],[13.75196,37.1464],[13.74225,37.15092],[13.73333,37.1625],[13.71883,37.17022],[13.70617,37.17145],[13.68133,37.18688],[13.65913,37.19246],[13.65355,37.21049],[13.63292,37.23226],[13.6187,37.23398],[13.59797,37.25352],[13.58963,37.25769],[13.57577,37.2591],[13.575,37.26667],[13.5563,37.28269],[13.54551,37.28398],[13.53958,37.27977],[13.53541,37.28273],[13.52708,37.2756],[13.51047,37.29102],[13.50384,37.29231],[13.47853,37.28269],[13.4688,37.29102],[13.44787,37.29231],[13.43963,37.29936],[13.42626,37.30414],[13.42404,37.31154],[13.41376,37.31664],[13.41154,37.32404],[13.39797,37.33269],[13.38436,37.33408],[13.38237,37.3407],[13.36453,37.34648],[13.35213,37.35769],[13.3312,37.35898],[13.31768,37.3633],[13.30396,37.38214],[13.2938,37.38686],[13.27161,37.38822],[13.2625,37.4125],[13.25,37.425],[13.23924,37.42952],[13.21078,37.46215],[13.19257,37.46316],[13.18665,37.47832],[13.15638,37.49527],[13.14925,37.4964],[13.14388,37.49223],[13.12425,37.4911],[13.10221,37.49943],[13.07696,37.50057],[13.06592,37.50473],[13.03958,37.49214],[13.02842,37.4964],[13.01987,37.4911],[13.00837,37.50153],[13.01307,37.50936],[12.99223,37.53112],[12.99167,37.5375],[12.9875,37.54167],[12.98091,37.54202],[12.96076,37.56215],[12.94409,37.57048],[12.91495,37.57535],[12.91076,37.57119],[12.90245,37.57048],[12.89826,37.57465],[12.88508,37.57535],[12.88159,37.57881],[12.8625,37.57917],[12.85625,37.58286],[12.85221,37.57973],[12.76862,37.5786],[12.76471,37.57557],[12.74779,37.57443],[12.73138,37.56723],[12.71446,37.5661],[12.68971,37.5589],[12.67425,37.55777],[12.66888,37.56193],[12.65922,37.56321],[12.65377,37.57403],[12.64668,37.57585],[12.64527,37.58138],[12.62557,37.60196],[12.61723,37.61446],[12.6125,37.63333],[12.60242,37.64131],[12.5875,37.65],[12.58658,37.64102],[12.57925,37.64277],[12.57374,37.65419],[12.55866,37.66314],[12.54616,37.65769],[12.5187,37.65898],[12.5063,37.67019],[12.50015,37.67204],[12.4907,37.68654],[12.4843,37.68846],[12.48237,37.69487],[12.47498,37.69709],[12.47148,37.70203],[12.47019,37.71464],[12.46602,37.72051],[12.47148,37.73301],[12.47019,37.7438],[12.45898,37.7562],[12.44879,37.77902],[12.43964,37.78686],[12.43018,37.7883],[12.42081,37.80281],[12.44374,37.82023],[12.44968,37.81602],[12.45798,37.81763],[12.46731,37.82853],[12.46186,37.84134],[12.46351,37.84984],[12.47502,37.85543],[12.47942,37.86162],[12.46186,37.86342],[12.46314,37.8688],[12.46667,37.875],[12.47404,37.8743],[12.47633,37.86606],[12.48394,37.8679],[12.48259,37.87821],[12.47543,37.88021],[12.46303,37.89374],[12.46727,37.89946],[12.4656,37.90894],[12.45743,37.89674],[12.44939,37.8945],[12.45076,37.88412],[12.45313,37.88377],[12.4555,37.89227],[12.46606,37.88134],[12.46667,37.875],[12.45933,37.87965],[12.45482,37.87824],[12.4504,37.86458],[12.4547,37.85739],[12.4504,37.85208],[12.45377,37.84791],[12.44839,37.84165],[12.4423,37.84689],[12.43697,37.87725],[12.42539,37.89375],[12.43025,37.8994],[12.44391,37.90053],[12.46667,37.91667],[12.46723,37.92304],[12.48693,37.94779],[12.4964,37.97158],[12.4911,37.97991],[12.49668,37.99082],[12.50737,37.99623],[12.50833,38.0],[12.50473,38.00625],[12.5082,38.011],[12.5037,38.01312],[12.49799,38.00895],[12.48859,38.00772],[12.48688,38.01714],[12.49139,38.02331],[12.4963,38.02562],[12.5088,38.02022],[12.51883,38.02562],[12.52384,38.02928],[12.52597,38.03673],[12.53653,38.03827],[12.53812,38.04383],[12.56338,38.07018],[12.60047,38.07145],[12.60625,38.06723],[12.64491,38.08009],[12.65011,38.09051],[12.65718,38.09253],[12.65895,38.0963],[12.65355,38.10895],[12.65917,38.11597],[12.6799,38.11728],[12.68951,38.10895],[12.70047,38.10772],[12.71049,38.11312],[12.72418,38.1256],[12.72577,38.13653],[12.73223,38.13838],[12.73395,38.1424],[12.71728,38.16451],[12.71188,38.17964],[12.71678,38.18634],[12.72701,38.19105],[12.7365,38.19228],[12.73831,38.17986],[12.7588,38.17855],[12.76714,38.18395],[12.77407,38.17889],[12.77562,38.17036],[12.77145,38.16466],[12.77022,38.15517],[12.78634,38.14989],[12.79528,38.13542],[12.79228,38.13133],[12.79105,38.11593],[12.81261,38.08449],[12.82384,38.07905],[12.8295,38.06753],[12.8407,38.0659],[12.84264,38.0591],[12.86883,38.05355],[12.87414,38.04967],[12.87577,38.03847],[12.89784,38.02562],[12.90417,38.025],[12.90508,38.02855],[12.95221,38.0339],[12.98971,38.0464],[13.00196,38.05777],[13.025,38.0625],[13.03508,38.07465],[13.05242,38.07535],[13.06841,38.08715],[13.075,38.0875],[13.07438,38.09383],[13.06605,38.10343],[13.07027,38.11042],[13.06605,38.11883],[13.04938,38.13666],[13.05108,38.14078],[13.08395,38.1597],[13.08245,38.16573],[13.07438,38.16803],[13.07588,38.17406],[13.10786,38.19645],[13.12716,38.19522],[13.13951,38.18812],[13.16588,38.18682],[13.16651,38.1818],[13.16243,38.17621],[13.17453,38.17022],[13.19383,38.17145],[13.2328,38.18417],[13.24228,38.1951],[13.23272,38.2076],[13.23441,38.21728],[13.24072,38.2158],[13.24283,38.20845],[13.24953,38.20355],[13.26466,38.20478],[13.26875,38.20777],[13.27453,38.20355],[13.27831,38.20532],[13.28009,38.21157],[13.29367,38.22022],[13.3162,38.22978],[13.33395,38.21331],[13.3289,38.20095],[13.36151,38.19514],[13.37022,38.18133],[13.37145,38.16867],[13.37978,38.15464],[13.37438,38.1463],[13.37978,38.13797],[13.37556,38.12292],[13.38924,38.10869],[13.39826,38.10798],[13.41008,38.10035],[13.43992,38.09965],[13.44375,38.09585],[13.44758,38.09965],[13.475,38.1],[13.4759,38.10351],[13.48971,38.10473],[13.4996,38.1093],[13.50538,38.1214],[13.53125,38.11297],[13.53675,38.11723],[13.54223,38.11513],[13.53797,38.10208],[13.54536,38.08958],[13.5411,38.08408],[13.5464,38.07575],[13.5411,38.06741],[13.54241,38.05921],[13.54915,38.05748],[13.55417,38.05],[13.56054,38.04943],[13.57279,38.03807],[13.58554,38.03693],[13.59362,38.02973],[13.61998,38.01998],[13.62173,38.01316],[13.63554,38.01193],[13.65196,38.00057],[13.66446,37.9964],[13.69391,37.9953],[13.69906,37.99114],[13.70739,37.99636],[13.71194,37.99485],[13.7125,37.97917],[13.78333,37.975],[13.78924,37.97881],[13.81076,37.97952],[13.81424,37.98298],[13.82083,37.98333],[13.8222,37.98812],[13.83125,37.98389],[13.84784,37.99105],[13.86049,37.99228],[13.87284,37.99938],[13.90216,38.00895],[13.94784,38.03272],[13.96466,38.03395],[13.97036,38.03812],[13.98286,38.03272],[13.99367,38.03688],[14.01567,38.03818],[14.01803,38.04645],[14.04086,38.04515],[14.04243,38.03431],[14.05633,38.02855],[14.06593,38.02022],[14.08133,38.02145],[14.08703,38.02562],[14.10786,38.01605],[14.11451,38.02022],[14.13133,38.02145],[14.14074,38.02593],[14.14303,38.03395],[14.17083,38.02083],[14.18017,38.02548],[14.18525,38.02136],[14.22308,38.01614],[14.22692,38.01303],[14.26667,38.0125],[14.27183,38.01715],[14.29073,38.0078],[14.29775,38.01197],[14.31891,38.01303],[14.33239,38.02136],[14.36891,38.0172],[14.39391,38.02553],[14.41058,38.03386],[14.41975,38.0422],[14.44391,38.04114],[14.44906,38.03697],[14.51058,38.0422],[14.51442,38.0453],[14.53141,38.04636],[14.55,38.05833],[14.55092,38.0619],[14.58971,38.06307],[14.62009,38.07973],[14.62419,38.07816],[14.62614,38.07057],[14.64388,38.07973],[14.65502,38.09082],[14.68138,38.10473],[14.74479,38.16723],[14.76446,38.1589],[14.78138,38.15777],[14.78675,38.1536],[14.79388,38.15473],[14.81446,38.16193],[14.83138,38.16307],[14.84779,38.17027],[14.88138,38.1714],[14.91573,38.1964],[14.93529,38.1839],[14.94491,38.18263],[14.95085,38.17168],[14.95638,38.17027],[14.97279,38.15473],[15.00221,38.1536],[15.00759,38.14943],[15.02009,38.15473],[15.04909,38.15356],[15.0593,38.13373],[15.06446,38.12973],[15.07842,38.12443],[15.10638,38.12557],[15.13112,38.1411],[15.14409,38.14202],[15.16424,38.15381],[15.17326,38.15452],[15.19758,38.17881],[15.2125,38.1875],[15.23817,38.23733],[15.234,38.24789],[15.23257,38.26579],[15.22017,38.26777],[15.22846,38.27567],[15.2406,38.27421],[15.259,38.246],[15.25067,38.23544],[15.24594,38.22212],[15.25316,38.21983],[15.2557,38.21183],[15.2665,38.21733],[15.27503,38.21557],[15.27057,38.20909],[15.30052,38.20791],[15.31872,38.216],[15.34794,38.21733],[15.36456,38.22433],[15.37711,38.22567],[15.38956,38.23267],[15.40211,38.234],[15.42289,38.24517],[15.44378,38.25067],[15.51872,38.29933],[15.53316,38.30483],[15.55211,38.3035],[15.58539,38.284],[15.59794,38.28267],[15.61039,38.27567],[15.64927,38.27428],[15.6535,38.26878],[15.65318,38.26322],[15.60617,38.25355],[15.58426,38.24491],[15.57145,38.22716],[15.57022,38.21451],[15.56223,38.20095],[15.57562,38.199],[15.57417,38.18785],[15.56343,38.18241],[15.54938,38.16034],[15.53395,38.14383],[15.49522,38.07284],[15.47978,38.05633],[15.47824,38.05093],[15.4503,38.03223],[15.44228,38.02299],[15.44086,38.01319],[15.40216,37.97562],[15.39676,37.97407],[15.39522,37.96867],[15.35062,37.91883],[15.34923,37.90931],[15.34367,37.90772],[15.31883,37.88395],[15.3128,37.88223],[15.30056,37.86458],[15.30895,37.8549],[15.30685,37.84997],[15.29792,37.84222],[15.29214,37.84645],[15.27511,37.83634],[15.27076,37.83038],[15.27978,37.8278],[15.27814,37.8212],[15.26343,37.81157],[15.26151,37.80488],[15.25417,37.80417],[15.24583,37.79583],[15.21307,37.75221],[15.20777,37.74241],[15.21307,37.72696],[15.2214,37.7176],[15.22027,37.70612],[15.2089,37.68971],[15.19943,37.66741],[15.20411,37.65572],[15.18554,37.63807],[15.17979,37.63659],[15.17852,37.6187],[15.17436,37.61282],[15.17564,37.59786],[15.17981,37.59199],[15.17844,37.57168],[15.16649,37.56985],[15.17148,37.56282],[15.1695,37.55905],[15.1552,37.55759],[15.15296,37.55015],[15.1438,37.54231],[15.12498,37.53207],[15.10737,37.50513],[15.10002,37.50292],[15.10481,37.49616],[15.10328,37.48826],[15.08686,37.48658],[15.09231,37.41036],[15.09523,37.40625],[15.09167,37.4],[15.09202,37.35591],[15.09548,37.35242],[15.09649,37.33121],[15.10095,37.31683],[15.10621,37.31316],[15.13962,37.31184],[15.16458,37.29229],[15.17059,37.29649],[15.19142,37.28684],[15.19732,37.29649],[15.21145,37.29508],[15.22598,37.27182],[15.24176,37.26535],[15.25899,37.24233],[15.25749,37.23436],[15.24608,37.22851],[15.23051,37.24172],[15.22563,37.23542],[15.22982,37.22941],[15.22818,37.21601],[15.21686,37.21758],[15.21316,37.22288],[15.21163,37.24232],[15.19649,37.22712],[15.19502,37.2177],[15.18684,37.21518],[15.18816,37.19788],[15.20351,37.18129],[15.20493,37.15863],[15.21225,37.15351],[15.22395,37.15494],[15.22649,37.16316],[15.23711,37.1616],[15.24649,37.15058],[15.24387,37.14518],[15.22941,37.15066],[15.22576,37.14863],[15.22093,37.13466],[15.23954,37.11732],[15.25212,37.11601],[15.26642,37.10768],[15.27475,37.11316],[15.28962,37.11184],[15.29902,37.10735],[15.30482,37.09608],[15.30342,37.08022],[15.3,37.07917]],[[12.5125,38.0],[12.51341,37.99644],[12.52917,37.99583],[12.5284,38.00333],[12.51338,38.00858],[12.5125,38.0]]],[[[14.39583,35.95417],[14.41049,35.95478],[14.4201,35.96312],[14.43133,35.96188],[14.45633,35.94938],[14.46874,35.93806],[14.47453,35.94228],[14.48133,35.94105],[14.49572,35.93217],[14.49944,35.92708],[14.49557,35.92178],[14.5078,35.92],[14.52284,35.90062],[14.53549,35.89938],[14.56631,35.88225],[14.57861,35.86876],[14.57556,35.86458],[14.57861,35.86042],[14.57562,35.85633],[14.57431,35.83849],[14.56738,35.83651],[14.56593,35.82163],[14.56042,35.81723],[14.55417,35.82083],[14.55341,35.82839],[14.54109,35.8298],[14.53687,35.82641],[14.55417,35.82083],[14.54378,35.809],[14.5335,35.8035],[14.51039,35.80483],[14.49378,35.81183],[14.44789,35.81733],[14.43128,35.82433],[14.41358,35.82575],[14.41144,35.83251],[14.40206,35.834],[14.38544,35.84517],[14.36872,35.85067],[14.35211,35.866],[14.33734,35.8722],[14.33267,35.88961],[14.32565,35.89791],[14.32852,35.90208],[14.3251,35.90705],[14.33323,35.90962],[14.3285,35.9165],[14.33005,35.92396],[14.33817,35.92653],[14.33623,35.93343],[14.32433,35.93903],[14.32596,35.94482],[14.33349,35.9472],[14.33817,35.954],[14.33226,35.96589],[14.316,35.96762],[14.32609,35.99094],[14.34794,35.99233],[14.36233,36.00067],[14.37393,35.99921],[14.37983,35.98767],[14.37774,35.9841],[14.36872,35.98267],[14.3535,35.97347],[14.35807,35.97017],[14.37294,35.9715],[14.379,35.97567],[14.38539,35.9715],[14.41317,35.97002],[14.39984,35.96113],[14.39583,35.95417]],[[14.39583,35.95417],[14.39126,35.95299],[14.39462,35.94943],[14.39583,35.95417]]]]},"properties":{"hybas_id":"2060046500","pfaf_id":"219000","sub_area":"26322.7","up_area":"26322.7","next_down":"0","main_bas":"2060046500","kind":"basin","source":"local-hydrobasins"}},{"type":"Feature","geometry":{"type":"MultiPolygon","coordinates":[[[[8.30278,39.97917],[8.29141,39.97999],[8.29678,39.99567],[8.30392,40.00066],[8.31685,39.99907],[8.31313,39.99375],[8.31661,39.98877],[8.30936,39.98653],[8.30278,39.97917]]],[[[8.35694,39.225],[8.3537,39.22664],[8.35684,39.22942],[8.35694,39.225]]],[[[8.45278,38.93333],[8.44666,38.93405],[8.44537,38.94061],[8.45311,38.94213],[8.45278,38.93333]]],[[[8.41111,38.85833],[8.40355,38.85928],[8.41156,38.86726],[8.41111,38.85833]]],[[[8.29861,39.09167],[8.28542,39.09536],[8.27406,39.0911],[8.26471,39.09943],[8.24684,39.10498],[8.24527,39.10908],[8.24954,39.11459],[8.24213,39.12291],[8.2464,39.13013],[8.23597,39.14163],[8.22425,39.13693],[8.2161,39.14658],[8.2254,39.1657],[8.25638,39.17557],[8.26862,39.18277],[8.28554,39.1839],[8.28958,39.18703],[8.29375,39.1838],[8.30711,39.19187],[8.31188,39.1908],[8.31307,39.16592],[8.3088,39.16042],[8.3162,39.14792],[8.31297,39.14375],[8.31723,39.13675],[8.31307,39.13138],[8.31193,39.10612],[8.30794,39.10097],[8.30085,39.09915],[8.29861,39.09167]]],[[[8.31944,39.18333],[8.31604,39.18616],[8.31754,39.20029],[8.3298,39.19443],[8.32826,39.18846],[8.31944,39.18333]]],[[[9.60694,39.13333],[9.59938,39.13428],[9.60361,39.14375],[9.60003,39.14864],[9.60711,39.15429],[9.61312,39.14214],[9.60694,39.13333]]],[[[9.70694,39.97083],[9.70083,39.97155],[9.69953,39.97811],[9.70727,39.97963],[9.70694,39.97083]]],[[[9.69861,40.8875],[9.68533,40.8881],[9.68125,40.89113],[9.67207,40.8869],[9.67023,40.8945],[9.71884,40.91727],[9.73419,40.92977],[9.74644,40.91852],[9.74504,40.90905],[9.73116,40.90773],[9.69861,40.8875]]],[[[9.78194,40.87083],[9.77438,40.87178],[9.77622,40.87978],[9.78194,40.87083]]],[[[9.67361,40.875],[9.66605,40.87595],[9.66992,40.87978],[9.67471,40.87786],[9.67361,40.875]]],[[[9.74028,40.85833],[9.71378,40.86303],[9.70787,40.86955],[9.70898,40.87382],[9.71538,40.87963],[9.74035,40.87868],[9.7463,40.87212],[9.74028,40.85833]]],[[[9.61111,41.07083],[9.59668,41.07146],[9.5955,41.07742],[9.60337,41.08391],[9.61168,41.08257],[9.61111,41.07083]]],[[[9.57778,41.05833],[9.56745,41.05903],[9.56667,41.06528],[9.58703,41.07562],[9.59228,41.07315],[9.59075,41.0676],[9.58355,41.06554],[9.57778,41.05833]]],[[[9.34028,41.225],[9.32934,41.23477],[9.33268,41.23954],[9.33427,41.25482],[9.35727,41.25345],[9.36316,41.24191],[9.36164,41.23435],[9.34028,41.225]]],[[[9.40694,41.29167],[9.39663,41.29235],[9.39564,41.29907],[9.40602,41.30061],[9.4088,41.29638],[9.40694,41.29167]]],[[[9.40278,41.27917],[9.39522,41.28011],[9.40323,41.2881],[9.40278,41.27917]]],[[[9.32778,41.24583],[9.32166,41.24655],[9.32037,41.25311],[9.32811,41.25463],[9.32778,41.24583]]],[[[9.41667,41.18333],[9.39665,41.18827],[9.39523,41.19637],[9.40018,41.20306],[9.41291,41.20951],[9.40955,41.21307],[9.40833,41.20833],[9.37994,41.20902],[9.37146,41.22708],[9.37604,41.23669],[9.38546,41.23816],[9.39994,41.2471],[9.39518,41.25392],[9.39703,41.26316],[9.40729,41.2617],[9.40982,41.25351],[9.41344,41.27149],[9.43342,41.26535],[9.44265,41.23848],[9.44902,41.23652],[9.45149,41.22851],[9.45768,41.23538],[9.45915,41.2448],[9.47059,41.25066],[9.47598,41.24265],[9.48257,41.24061],[9.48409,41.22605],[9.49232,41.22351],[9.49086,41.21354],[9.48409,41.21145],[9.48257,41.19689],[9.47491,41.19452],[9.47059,41.18833],[9.49232,41.18663],[9.4907,41.17993],[9.47585,41.17839],[9.47392,41.16601],[9.46749,41.16763],[9.46559,41.17982],[9.46101,41.17018],[9.45702,41.17926],[9.45025,41.18399],[9.44191,41.17851],[9.43268,41.18036],[9.43399,41.18962],[9.44518,41.20621],[9.44995,41.21957],[9.44267,41.22521],[9.44081,41.21325],[9.42059,41.21167],[9.42566,41.20441],[9.42426,41.18856],[9.41765,41.18652],[9.41667,41.18333]],[[9.45278,41.1875],[9.45267,41.19192],[9.44953,41.18914],[9.45278,41.1875]]],[[[9.525,39.09167],[9.53553,39.09109],[9.54641,39.08625],[9.54468,39.07859],[9.53009,39.07984],[9.525,39.09167]]],[[[8.225,40.98333],[8.22861,40.97708],[8.22556,40.97292],[8.22943,40.96762],[8.21605,40.96567],[8.22284,40.95895],[8.2367,40.9576],[8.24111,40.95209],[8.23272,40.92964],[8.23688,40.92299],[8.2382,40.905],[8.25741,40.89074],[8.25949,40.88345],[8.28534,40.86312],[8.31867,40.84645],[8.34799,40.84522],[8.3537,40.84105],[8.37299,40.84228],[8.3787,40.84645],[8.39167,40.84167],[8.40659,40.84548],[8.44758,40.82535],[8.45659,40.82465],[8.46079,40.82048],[8.53159,40.82535],[8.53508,40.82881],[8.56492,40.83369],[8.56841,40.83715],[8.5875,40.84167],[8.58835,40.84498],[8.61608,40.85925],[8.62443,40.86862],[8.63013,40.88294],[8.64779,40.89527],[8.67304,40.90057],[8.69362,40.9161],[8.70638,40.91723],[8.71175,40.9214],[8.72009,40.9161],[8.7375,40.92083],[8.78138,40.9214],[8.80196,40.93277],[8.81161,40.93404],[8.81347,40.94127],[8.825,40.94583],[8.86604,40.98952],[8.87133,40.99942],[8.86997,41.01279],[8.85959,41.0077],[8.8577,41.01564],[8.87838,41.02183],[8.88013,41.03356],[8.88819,41.02854],[8.89785,41.03687],[8.91465,41.03813],[8.92285,41.0452],[8.93234,41.04662],[8.93754,41.05712],[8.96572,41.07595],[8.96761,41.08239],[8.97405,41.08428],[8.97563,41.08965],[9.00354,41.11869],[9.00912,41.12844],[9.02715,41.1298],[9.04623,41.1423],[9.05739,41.13655],[9.05833,41.12917],[9.09381,41.13396],[9.11048,41.13813],[9.12076,41.1472],[9.11691,41.15255],[9.11743,41.15765],[9.14798,41.15896],[9.16151,41.16328],[9.1673,41.17776],[9.15912,41.18016],[9.1577,41.18965],[9.15057,41.19792],[9.16187,41.21452],[9.16313,41.23139],[9.15794,41.23396],[9.15215,41.2298],[9.13844,41.22854],[9.13687,41.24206],[9.14199,41.24917],[9.15456,41.25063],[9.16706,41.2452],[9.18542,41.25358],[9.19792,41.24641],[9.22285,41.26187],[9.23373,41.26313],[9.23958,41.25892],[9.2443,41.26231],[9.24646,41.25794],[9.24225,41.25208],[9.24659,41.24659],[9.27401,41.24088],[9.27595,41.23428],[9.28255,41.23234],[9.28412,41.22183],[9.30311,41.20797],[9.3048,41.20141],[9.29594,41.19881],[9.2966,41.19237],[9.31551,41.19253],[9.31728,41.1963],[9.31221,41.20325],[9.324,41.20478],[9.3278,41.19105],[9.32978,41.19799],[9.33836,41.20766],[9.3653,41.20895],[9.37178,41.18723],[9.3799,41.19228],[9.38951,41.18395],[9.40201,41.17978],[9.4153,41.17855],[9.41667,41.18333],[9.42072,41.18217],[9.42562,41.17547],[9.42425,41.1633],[9.41188,41.1615],[9.41451,41.15895],[9.43234,41.15764],[9.43694,41.14792],[9.43337,41.14303],[9.43951,41.13812],[9.45027,41.13655],[9.44105,41.1213],[9.44583,41.10833],[9.4497,41.10944],[9.46611,41.13124],[9.46188,41.13703],[9.46335,41.14513],[9.48133,41.14645],[9.48703,41.15062],[9.49536,41.14522],[9.51172,41.14655],[9.51205,41.14916],[9.49938,41.151],[9.52091,41.15955],[9.51605,41.1662],[9.51852,41.17145],[9.52837,41.17004],[9.53417,41.14637],[9.55062,41.13613],[9.54105,41.12157],[9.5434,41.11605],[9.56171,41.12163],[9.5635,41.13395],[9.57063,41.1323],[9.57444,41.12708],[9.57139,41.12292],[9.57562,41.11714],[9.57022,41.1088],[9.57562,41.10047],[9.56551,41.08345],[9.55208,41.07556],[9.5463,41.07978],[9.53778,41.07824],[9.53272,41.0713],[9.53449,41.06753],[9.54228,41.0653],[9.54059,41.05851],[9.52855,41.0528],[9.52987,41.03416],[9.53541,41.02973],[9.55318,41.03405],[9.55553,41.04228],[9.56232,41.04059],[9.56728,41.0338],[9.55772,41.01297],[9.55983,41.00847],[9.57403,41.01327],[9.57637,41.02145],[9.58542,41.01722],[9.5951,41.02562],[9.61049,41.02022],[9.63703,41.00355],[9.64953,41.00895],[9.65785,41.00744],[9.66728,40.99657],[9.65633,40.98395],[9.65093,40.98241],[9.64863,40.97438],[9.64184,40.97607],[9.63657,40.98657],[9.62176,40.99259],[9.61947,41.00062],[9.60617,40.99522],[9.59799,40.98812],[9.58688,40.9865],[9.58812,40.97701],[9.59645,40.9674],[9.59429,40.96233],[9.58345,40.95717],[9.57973,40.95208],[9.58341,40.94705],[9.57511,40.94467],[9.57076,40.93871],[9.57978,40.93613],[9.57839,40.9258],[9.56764,40.92423],[9.56667,40.92083],[9.58353,40.91562],[9.57504,40.9055],[9.58542,40.90067],[9.62074,40.92568],[9.62707,40.92151],[9.6505,40.91998],[9.62493,40.89297],[9.63303,40.88682],[9.64376,40.88818],[9.64991,40.89235],[9.65832,40.89055],[9.65484,40.88542],[9.66318,40.87548],[9.65392,40.85906],[9.6684,40.85877],[9.67491,40.86318],[9.68543,40.86182],[9.70824,40.84515],[9.72381,40.84993],[9.72985,40.84197],[9.72633,40.83576],[9.70881,40.82432],[9.69631,40.83401],[9.69003,40.83069],[9.68684,40.8245],[9.69651,40.81298],[9.69319,40.8067],[9.68721,40.80362],[9.68036,40.80827],[9.6715,40.79375],[9.68441,40.77168],[9.69376,40.77015],[9.70624,40.75901],[9.71661,40.75733],[9.72151,40.75009],[9.71599,40.74176],[9.72151,40.72926],[9.71599,40.72092],[9.7176,40.70844],[9.73225,40.70332],[9.73441,40.69668],[9.74578,40.69483],[9.74932,40.6896],[9.75485,40.67509],[9.74932,40.66259],[9.7541,40.65536],[9.74583,40.65],[9.74527,40.63946],[9.7411,40.63408],[9.74668,40.62168],[9.75377,40.61987],[9.7589,40.61325],[9.75473,40.60638],[9.75417,40.59583],[9.77275,40.58386],[9.78227,40.5827],[9.79114,40.57308],[9.7953,40.56475],[9.79641,40.54693],[9.80192,40.5422],[9.81156,40.53697],[9.81989,40.5422],[9.82423,40.54075],[9.8297,40.53011],[9.82864,40.51025],[9.82553,40.50641],[9.82447,40.49359],[9.8172,40.48558],[9.80053,40.45225],[9.79939,40.43844],[9.79483,40.43702],[9.78913,40.44164],[9.77553,40.42308],[9.7702,40.39274],[9.75641,40.3797],[9.73942,40.37864],[9.73109,40.37447],[9.70216,40.35062],[9.69619,40.34891],[9.68395,40.33549],[9.67819,40.3216],[9.66746,40.32004],[9.66605,40.31034],[9.64228,40.28549],[9.63395,40.27299],[9.62438,40.2463],[9.63277,40.22708],[9.62855,40.2213],[9.62978,40.20201],[9.63395,40.18951],[9.63843,40.18009],[9.64572,40.17801],[9.64938,40.17299],[9.65895,40.14784],[9.68688,40.11883],[9.68843,40.11343],[9.70201,40.10478],[9.72887,40.09473],[9.73812,40.08407],[9.73688,40.07284],[9.72978,40.06466],[9.72407,40.04676],[9.71759,40.04491],[9.70478,40.02299],[9.70355,40.00201],[9.68806,39.98126],[9.69228,39.97547],[9.6875,39.97083],[9.6881,39.95103],[9.69791,39.94213],[9.70342,39.9464],[9.71582,39.94082],[9.72036,39.93125],[9.71582,39.92168],[9.70491,39.9161],[9.69738,39.92078],[9.68277,39.90516],[9.68703,39.89375],[9.68277,39.88825],[9.68693,39.88138],[9.68807,39.86862],[9.70057,39.85515],[9.68379,39.83543],[9.68704,39.83124],[9.67973,39.82304],[9.67443,39.79362],[9.67083,39.7875],[9.6714,39.76862],[9.6787,39.75208],[9.67547,39.74792],[9.67973,39.74241],[9.6786,39.71029],[9.67411,39.70071],[9.66335,39.69929],[9.6623,39.69461],[9.66723,39.68825],[9.6661,39.67696],[9.64943,39.65515],[9.65473,39.62696],[9.65786,39.62292],[9.65464,39.61875],[9.6589,39.61325],[9.65777,39.56446],[9.65473,39.56054],[9.65351,39.54673],[9.64623,39.54487],[9.63807,39.53138],[9.63333,39.50833],[9.63399,39.50096],[9.64522,39.49492],[9.6464,39.46862],[9.65057,39.46325],[9.6464,39.45638],[9.6452,39.43848],[9.63373,39.43237],[9.62415,39.41335],[9.62083,39.4125],[9.62048,39.40591],[9.60452,39.37742],[9.60381,39.36424],[9.60035,39.36076],[9.60057,39.33112],[9.60509,39.32142],[9.61446,39.31307],[9.63294,39.30737],[9.63807,39.30075],[9.63675,39.29251],[9.63211,39.29147],[9.62575,39.2964],[9.6051,39.29096],[9.5839,39.26471],[9.5713,39.23958],[9.57453,39.23542],[9.5714,39.23138],[9.57027,39.20612],[9.5661,39.20075],[9.5674,39.19256],[9.57832,39.18665],[9.58287,39.17707],[9.5714,39.16054],[9.57027,39.14779],[9.56159,39.12979],[9.53946,39.1286],[9.52975,39.12408],[9.5213,39.11459],[9.52443,39.11054],[9.525,39.09167],[9.50067,39.10506],[9.49943,39.11741],[9.50437,39.12378],[9.50332,39.12845],[9.48675,39.1339],[9.46888,39.12557],[9.43405,39.12168],[9.43265,39.13228],[9.42842,39.1339],[9.42292,39.12964],[9.40626,39.1412],[9.40208,39.13797],[9.39238,39.14255],[9.39096,39.15328],[9.38418,39.15502],[9.37825,39.16596],[9.36755,39.16738],[9.36577,39.17434],[9.35196,39.17557],[9.34362,39.17973],[9.33847,39.18373],[9.33665,39.19082],[9.32168,39.19668],[9.31993,39.20353],[9.30196,39.20473],[9.29388,39.21193],[9.26862,39.21307],[9.26175,39.21723],[9.25342,39.21193],[9.23554,39.22443],[9.20759,39.22557],[9.17696,39.21193],[9.16251,39.19842],[9.1714,39.18665],[9.16577,39.1799],[9.15759,39.1786],[9.15208,39.18286],[9.14792,39.17964],[9.13835,39.18418],[9.13294,39.19487],[9.1218,39.2004],[9.1197,39.2086],[9.11458,39.20464],[9.11042,39.20786],[9.10625,39.20464],[9.10221,39.20777],[9.09167,39.20833],[9.09082,39.20502],[9.07709,39.1963],[9.07291,39.19954],[9.06054,39.18807],[9.05502,39.18665],[9.05332,39.18002],[9.04642,39.17825],[9.0214,39.14804],[9.01297,39.12292],[9.0161,39.11888],[9.01723,39.09779],[9.0214,39.08946],[9.03007,39.07565],[9.04362,39.06307],[9.05057,39.06129],[9.04527,39.04362],[9.02973,39.02304],[9.025,39.00833],[9.025,39.00417],[9.02981,39.00272],[9.0282,38.99664],[9.01602,38.99478],[9.01757,38.98848],[9.02564,38.98605],[9.01458,38.97977],[9.00866,38.98398],[9.001,38.98249],[8.99904,38.97596],[8.9468,38.9407],[8.94487,38.9343],[8.92104,38.92381],[8.90737,38.90513],[8.86346,38.88237],[8.86105,38.87436],[8.83536,38.87564],[8.82066,38.88015],[8.82495,38.88621],[8.81875,38.89106],[8.81282,38.88686],[8.80542,38.89165],[8.80272,38.88269],[8.79681,38.88426],[8.79487,38.8907],[8.78013,38.8968],[8.77399,38.9117],[8.73536,38.92564],[8.72628,38.93342],[8.71978,38.91186],[8.70866,38.91731],[8.70032,38.91186],[8.69375,38.91606],[8.68547,38.90898],[8.67058,38.90746],[8.67564,38.90032],[8.66699,38.89102],[8.65546,38.89579],[8.64975,38.88849],[8.66314,38.88645],[8.65894,38.87708],[8.66314,38.87116],[8.66117,38.86738],[8.64786,38.86602],[8.64199,38.86186],[8.63696,38.86449],[8.63335,38.86958],[8.64231,38.87228],[8.63811,38.88125],[8.64231,38.88718],[8.63962,38.89231],[8.62703,38.89102],[8.62116,38.88686],[8.6086,38.88835],[8.60352,38.89551],[8.60481,38.9063],[8.61602,38.9187],[8.61731,38.9313],[8.62148,38.93718],[8.61541,38.95419],[8.60125,38.96248],[8.59855,38.95352],[8.58411,38.95493],[8.58259,38.9698],[8.57498,38.9721],[8.57148,38.97703],[8.57019,38.98963],[8.56186,38.99937],[8.56763,39.0157],[8.57564,39.01811],[8.57436,39.02713],[8.56962,39.03735],[8.55897,39.04648],[8.55032,39.04102],[8.53748,39.0471],[8.53269,39.05384],[8.5375,39.06667],[8.52478,39.06585],[8.5294,39.05913],[8.504,39.05767],[8.49792,39.06185],[8.47176,39.05324],[8.46188,39.03117],[8.45478,39.02299],[8.45355,38.98534],[8.44645,38.97716],[8.44522,38.96867],[8.43667,38.95904],[8.41867,38.95772],[8.40772,38.95355],[8.40074,38.95913],[8.39938,38.97299],[8.35895,39.03534],[8.35772,39.05216],[8.34522,39.08197],[8.35424,39.08455],[8.34938,39.09863],[8.35757,39.10097],[8.3591,39.11153],[8.3713,39.11728],[8.37801,39.11239],[8.38016,39.10487],[8.3963,39.10355],[8.40208,39.10777],[8.4088,39.10355],[8.4278,39.11312],[8.4378,39.09694],[8.45747,39.08717],[8.46331,39.06319],[8.475,39.0625],[8.47561,39.07301],[8.48776,39.08627],[8.47578,39.09246],[8.47439,39.10217],[8.46581,39.11597],[8.44946,39.11727],[8.43883,39.1119],[8.43394,39.12283],[8.43273,39.13387],[8.43696,39.13958],[8.43387,39.14375],[8.43696,39.14792],[8.43273,39.15634],[8.42898,39.16139],[8.41426,39.16727],[8.41189,39.16196],[8.41661,39.1556],[8.41182,39.15356],[8.40494,39.15912],[8.39939,39.18967],[8.39565,39.19472],[8.37595,39.20075],[8.37409,39.20743],[8.36733,39.20931],[8.36606,39.22995],[8.37537,39.24061],[8.38134,39.24227],[8.41033,39.26606],[8.42806,39.27518],[8.43273,39.28533],[8.43394,39.30505],[8.41727,39.32283],[8.41589,39.33251],[8.40779,39.33394],[8.40145,39.32924],[8.39655,39.32996],[8.39583,39.3375],[8.39252,39.33835],[8.38277,39.35491],[8.38776,39.36136],[8.38112,39.36307],[8.37027,39.37599],[8.39225,39.40325],[8.39915,39.40502],[8.41193,39.42696],[8.4125,39.4375],[8.38808,39.44675],[8.3786,39.4574],[8.37973,39.46471],[8.38424,39.47435],[8.41193,39.49779],[8.44943,39.54779],[8.45057,39.55638],[8.46193,39.57696],[8.46307,39.59388],[8.46723,39.59925],[8.46179,39.61578],[8.45456,39.61763],[8.4463,39.63542],[8.45057,39.64092],[8.4494,39.67409],[8.4411,39.67621],[8.44223,39.68554],[8.45473,39.70342],[8.45311,39.70765],[8.44251,39.70905],[8.44147,39.71372],[8.4464,39.72009],[8.4411,39.73259],[8.4464,39.74092],[8.4411,39.74925],[8.44234,39.7616],[8.44915,39.76335],[8.45121,39.7714],[8.46156,39.77014],[8.49943,39.72304],[8.50505,39.70904],[8.51471,39.70777],[8.52415,39.70332],[8.5259,39.69649],[8.53333,39.69583],[8.52066,39.71958],[8.51592,39.7214],[8.50955,39.71647],[8.50484,39.71752],[8.5036,39.73019],[8.52443,39.75196],[8.52027,39.76545],[8.52832,39.76752],[8.5339,39.78138],[8.5411,39.78946],[8.55062,39.83133],[8.55478,39.83703],[8.55347,39.85752],[8.53272,39.86387],[8.5375,39.86667],[8.54167,39.88333],[8.53835,39.88418],[8.52858,39.89908],[8.51888,39.9036],[8.49583,39.90417],[8.49462,39.89943],[8.48529,39.90057],[8.47991,39.90473],[8.44654,39.88245],[8.44096,39.85925],[8.43485,39.85416],[8.4286,39.86165],[8.43744,39.87762],[8.41888,39.89527],[8.41042,39.89953],[8.40491,39.89527],[8.39527,39.90342],[8.39953,39.91458],[8.39527,39.92009],[8.39943,39.92696],[8.39934,39.96983],[8.39247,39.97179],[8.39105,39.97964],[8.39676,39.99074],[8.40324,39.99259],[8.41312,40.0174],[8.40369,40.02827],[8.39536,40.02978],[8.38958,40.02556],[8.37578,40.02996],[8.37438,40.0403],[8.39486,40.0466],[8.4002,40.0573],[8.40733,40.05895],[8.40895,40.04784],[8.41386,40.0417],[8.43117,40.05355],[8.43797,40.05478],[8.4463,40.04938],[8.46883,40.06312],[8.48662,40.07975],[8.48812,40.08797],[8.48395,40.09367],[8.48272,40.11466],[8.46728,40.13117],[8.45895,40.14784],[8.45772,40.17299],[8.45355,40.18197],[8.45833,40.18333],[8.46307,40.20491],[8.45777,40.21325],[8.46307,40.22575],[8.45807,40.2322],[8.46582,40.23418],[8.47443,40.25196],[8.47557,40.26471],[8.48333,40.28333],[8.47189,40.28409],[8.46316,40.29788],[8.46174,40.31591],[8.44371,40.31732],[8.43015,40.32598],[8.4281,40.33262],[8.3789,40.3383],[8.38399,40.34641],[8.37434,40.35858],[8.37908,40.36535],[8.38744,40.36794],[8.38396,40.37292],[8.39937,40.41042],[8.37434,40.48546],[8.37067,40.49072],[8.36038,40.49232],[8.35212,40.49934],[8.34559,40.50066],[8.33548,40.49518],[8.33268,40.50025],[8.33687,40.50625],[8.32149,40.53538],[8.32018,40.54379],[8.30479,40.56041],[8.30824,40.56535],[8.31671,40.56797],[8.3,40.59167],[8.28957,40.59099],[8.28324,40.58682],[8.27708,40.591],[8.26459,40.57984],[8.26042,40.58266],[8.25102,40.57815],[8.24562,40.56744],[8.21658,40.56599],[8.21042,40.57016],[8.20445,40.56612],[8.19847,40.5692],[8.19515,40.57548],[8.20485,40.58759],[8.19988,40.59492],[8.21516,40.59657],[8.21735,40.60009],[8.21148,40.61148],[8.20185,40.61615],[8.19142,40.61594],[8.19516,40.61041],[8.17568,40.5896],[8.17416,40.58025],[8.16756,40.57811],[8.16599,40.57074],[8.17151,40.55944],[8.15991,40.55765],[8.15731,40.56565],[8.1459,40.57203],[8.14933,40.57708],[8.14507,40.59889],[8.13848,40.60103],[8.13682,40.60676],[8.14569,40.60964],[8.14235,40.61457],[8.14099,40.62819],[8.15724,40.62995],[8.15944,40.63674],[8.1771,40.63818],[8.18668,40.64623],[8.18818,40.6646],[8.20451,40.68662],[8.17171,40.69254],[8.17015,40.7021],[8.16258,40.71112],[8.14376,40.72432],[8.12923,40.73036],[8.13435,40.74065],[8.15315,40.75102],[8.16182,40.76874],[8.16318,40.78342],[8.15765,40.79843],[8.17398,40.80519],[8.17602,40.81148],[8.18249,40.81358],[8.18418,40.82392],[8.19082,40.82608],[8.19235,40.83543],[8.21599,40.8729],[8.21735,40.87759],[8.20765,40.88176],[8.22089,40.88879],[8.20416,40.90698],[8.18834,40.91358],[8.18666,40.92392],[8.1761,40.92916],[8.17432,40.93798],[8.20014,40.97411],[8.20833,40.975],[8.20951,40.97042],[8.21307,40.97379],[8.20833,40.975],[8.20911,40.98264],[8.225,40.98333]],[[8.27778,40.85833],[8.27767,40.86275],[8.27453,40.85997],[8.27778,40.85833]],[[8.5375,39.69583],[8.55,39.7],[8.55443,39.70734],[8.54516,39.70894],[8.53822,39.70333],[8.5375,39.69583]],[[8.55,39.86667],[8.55417,39.8625],[8.55417,39.86667],[8.55,39.86667]],[[9.02083,39.2625],[9.02881,39.25659],[9.02952,39.24758],[9.0375,39.2375],[9.04826,39.23715],[9.05174,39.23369],[9.08333,39.23333],[9.08277,39.23971],[9.07763,39.24587],[9.06888,39.23807],[9.05759,39.23693],[9.04654,39.24255],[9.04527,39.25221],[9.03232,39.26605],[9.02083,39.26667],[9.02083,39.2625]],[[9.08333,39.22917],[9.09167,39.21667],[9.09493,39.21744],[9.09636,39.22185],[9.09058,39.22857],[9.08333,39.22917]],[[9.64444,40.87917],[9.64554,40.88203],[9.64075,40.88395],[9.63688,40.88011],[9.64444,40.87917]],[[9.51528,40.925],[9.51517,40.92942],[9.51203,40.92664],[9.51528,40.925]],[[9.50694,40.91667],[9.50684,40.92109],[9.5037,40.91831],[9.50694,40.91667]],[[9.52361,41.025],[9.5235,41.02942],[9.52037,41.02664],[9.52361,41.025]],[[9.52361,41.0125],[9.51946,41.02092],[9.51184,41.01335],[9.52361,41.0125]],[[9.55,40.92083],[9.5625,40.92083],[9.5615,40.92432],[9.5385,40.92568],[9.53613,40.93395],[9.52438,40.93236],[9.52943,40.92178],[9.51605,40.91983],[9.51994,40.91605],[9.55,40.92083]],[[9.27778,41.19583],[9.27971,41.20076],[9.27645,41.20477],[9.2744,41.19844],[9.27778,41.19583]]],[[[8.32923,41.10536],[8.3354,41.10068],[8.34557,41.09903],[8.35419,41.08876],[8.34099,41.08176],[8.34516,41.07292],[8.34082,41.05941],[8.33348,41.05703],[8.33775,41.05073],[8.30624,41.05485],[8.28759,41.06318],[8.2771,41.05485],[8.26662,41.05314],[8.27077,41.04703],[8.25935,41.04065],[8.25349,41.02926],[8.25485,41.01874],[8.26735,41.00474],[8.26577,40.99199],[8.25464,40.98265],[8.23542,40.98683],[8.225,40.98333],[8.2239,40.98671],[8.20765,40.98848],[8.20901,41.0021],[8.21352,41.01148],[8.22151,41.01407],[8.21599,41.02491],[8.22171,41.04496],[8.24557,41.05097],[8.25554,41.06674],[8.26457,41.07432],[8.27985,41.08074],[8.27849,41.0896],[8.27015,41.09952],[8.27347,41.1058],[8.27945,41.10888],[8.28542,41.10484],[8.30403,41.10922],[8.30935,41.11981],[8.31958,41.12489],[8.33266,41.11042],[8.32923,41.10536]]],[[[9.38268,41.31046],[9.38816,41.30025],[9.38484,41.29425],[9.35475,41.27434],[9.33268,41.28066],[9.33427,41.2865],[9.35058,41.29468],[9.34292,41.29641],[9.34167,41.29167],[9.33848,41.29265],[9.33268,41.30392],[9.336,41.30992],[9.34193,41.31314],[9.36041,41.30063],[9.37077,41.30544],[9.36673,41.31123],[9.37791,41.31661],[9.38268,41.31046]],[[9.36111,41.2875],[9.361,41.29192],[9.35787,41.28914],[9.36111,41.2875]]]]},"properties":{"hybas_id":"2060047500","pfaf_id":"218001","sub_area":"24468.6","up_area":"24468.6","next_down":"0","main_bas":"2060047500","kind":"basin","source":"local-hydrobasins"}},{"type":"Feature","geometry":{"type":"MultiPolygon","coordinates":[[[[9.41111,43.02083],[9.40499,43.02155],[9.4037,43.02811],[9.41144,43.02963],[9.41111,43.02083]]],[[[9.38194,41.50417],[9.37855,41.50689],[9.38068,41.51312],[9.38767,41.51132],[9.38194,41.50417]]],[[[9.24861,41.375],[9.24105,41.37595],[9.24492,41.37978],[9.24971,41.37786],[9.24861,41.375]]],[[[9.26944,41.35833],[9.25408,41.36381],[9.25005,41.36957],[9.2579,41.37566],[9.27923,41.36953],[9.26944,41.35833]]],[[[9.26111,41.33333],[9.25081,41.33403],[9.24576,41.34879],[9.25697,41.35413],[9.26611,41.33958],[9.26111,41.33333]]],[[[9.35833,41.62917],[9.35761,41.61741],[9.34124,41.6161],[9.33541,41.62023],[9.32563,41.61186],[9.31767,41.61333],[9.3154,41.62086],[9.30931,41.62518],[9.30741,41.61272],[9.30213,41.60898],[9.28686,41.60742],[9.29167,41.5875],[9.2997,41.58861],[9.30926,41.60324],[9.32036,41.60895],[9.34069,41.6034],[9.34288,41.59576],[9.34792,41.59944],[9.35208,41.59639],[9.35786,41.60062],[9.37006,41.59924],[9.37135,41.58884],[9.36343,41.58657],[9.36157,41.58009],[9.35488,41.57818],[9.35343,41.5633],[9.34799,41.55895],[9.33542,41.55473],[9.33125,41.55777],[9.31343,41.54907],[9.31129,41.54159],[9.30557,41.54577],[9.29491,41.53009],[9.28822,41.52818],[9.28688,41.51451],[9.28272,41.5088],[9.29111,41.49375],[9.28806,41.48958],[9.29111,41.48542],[9.28657,41.47593],[9.27928,41.47384],[9.27556,41.46875],[9.27978,41.46297],[9.27732,41.45772],[9.26714,41.46312],[9.26336,41.46134],[9.26157,41.45509],[9.24799,41.44645],[9.23966,41.44228],[9.22578,41.44093],[9.22515,41.43588],[9.23278,41.42709],[9.22855,41.4213],[9.23102,41.41605],[9.2537,41.42978],[9.26589,41.42841],[9.26651,41.42347],[9.26188,41.41451],[9.23812,41.38966],[9.23634,41.38345],[9.22438,41.3778],[9.23395,41.37363],[9.21876,41.36306],[9.21297,41.36728],[9.20633,41.36312],[9.18117,41.36312],[9.17616,41.36678],[9.16984,41.38266],[9.14784,41.38395],[9.12299,41.39522],[9.1162,41.39645],[9.11049,41.39228],[9.09536,41.39105],[9.08688,41.40047],[9.09246,41.41587],[9.10295,41.4174],[9.10478,41.4213],[9.09993,41.42795],[9.11312,41.43613],[9.09375,41.44527],[9.08966,41.44228],[9.07426,41.44105],[9.06188,41.45464],[9.06667,41.46667],[9.07124,41.46784],[9.06788,41.4714],[9.06667,41.46667],[9.05633,41.45895],[9.0385,41.45355],[9.03672,41.46574],[9.03053,41.46728],[9.02783,41.45781],[9.01637,41.45924],[9.02027,41.46458],[9.01634,41.46997],[9.00617,41.47145],[8.99374,41.47861],[8.98053,41.47022],[8.97364,41.4833],[8.96387,41.47855],[8.95697,41.49163],[8.95216,41.48812],[8.93703,41.48688],[8.93125,41.49111],[8.92593,41.48722],[8.91637,41.4884],[8.92145,41.4963],[8.91667,41.50417],[8.90208,41.50773],[8.88701,41.50352],[8.87921,41.50963],[8.88398,41.51967],[8.87468,41.52148],[8.8688,41.51731],[8.84534,41.51602],[8.83745,41.5222],[8.85012,41.53621],[8.83125,41.54523],[8.82051,41.54102],[8.81376,41.54581],[8.81146,41.55346],[8.78953,41.55481],[8.78459,41.55831],[8.77892,41.56996],[8.79625,41.57173],[8.78735,41.58212],[8.7812,41.58398],[8.77019,41.59439],[8.78207,41.59998],[8.78814,41.61282],[8.78394,41.61875],[8.7883,41.63232],[8.79874,41.63748],[8.80088,41.64459],[8.80449,41.64648],[8.81699,41.63269],[8.84787,41.64936],[8.87297,41.65064],[8.87917,41.65833],[8.87985,41.67419],[8.90633,41.67978],[8.91619,41.68439],[8.91588,41.68683],[8.88534,41.68812],[8.86883,41.69522],[8.83951,41.69645],[8.82917,41.70833],[8.81225,41.71316],[8.78132,41.69518],[8.77851,41.70025],[8.78347,41.70734],[8.77161,41.70919],[8.77018,41.72351],[8.77818,41.72598],[8.78359,41.73669],[8.76225,41.73816],[8.72296,41.72149],[8.7079,41.72018],[8.70005,41.72626],[8.70482,41.73668],[8.68121,41.73816],[8.67059,41.74232],[8.65925,41.73684],[8.65768,41.75327],[8.67525,41.75482],[8.68125,41.75063],[8.69379,41.75482],[8.70204,41.76184],[8.71046,41.76316],[8.72411,41.77546],[8.72566,41.78601],[8.70913,41.79271],[8.70768,41.80318],[8.72108,41.80482],[8.73601,41.79934],[8.74255,41.81537],[8.74608,41.81732],[8.75208,41.81313],[8.75625,41.81604],[8.7699,41.81184],[8.77159,41.82811],[8.77982,41.83184],[8.74589,41.84294],[8.74991,41.84869],[8.76042,41.85354],[8.77941,41.84934],[8.78648,41.85428],[8.78816,41.86308],[8.77982,41.87288],[8.77434,41.88663],[8.79379,41.88816],[8.79916,41.8919],[8.8,41.90417],[8.78786,41.91421],[8.7875,41.92083],[8.77015,41.92558],[8.76182,41.92025],[8.75518,41.92532],[8.75295,41.93377],[8.74649,41.93249],[8.7452,41.91362],[8.74099,41.91192],[8.73542,41.91617],[8.71876,41.90465],[8.71458,41.90784],[8.70349,41.90359],[8.69099,41.90891],[8.68553,41.90475],[8.65765,41.90359],[8.6522,41.90775],[8.64099,41.90891],[8.6272,41.90058],[8.61864,41.89942],[8.60417,41.8875],[8.60899,41.91462],[8.62097,41.93651],[8.61038,41.93816],[8.60548,41.94158],[8.60318,41.94902],[8.59682,41.95098],[8.59101,41.96275],[8.596,41.96988],[8.62525,41.97566],[8.63121,41.97149],[8.64641,41.97018],[8.6655,41.98335],[8.66732,41.99059],[8.65492,41.99252],[8.65351,42.00891],[8.66258,42.01957],[8.68121,42.02851],[8.70629,42.02982],[8.71999,42.03418],[8.72168,42.04503],[8.73358,42.04649],[8.73959,42.04229],[8.74578,42.04709],[8.73721,42.06173],[8.71223,42.0633],[8.71667,42.07083],[8.71601,42.07712],[8.71234,42.08238],[8.69987,42.08433],[8.70827,42.09873],[8.70081,42.10104],[8.69924,42.11113],[8.69559,42.11316],[8.68129,42.10482],[8.66871,42.10351],[8.66225,42.09934],[8.65548,42.10408],[8.64976,42.11582],[8.62288,42.12149],[8.61042,42.13271],[8.58109,42.12434],[8.57851,42.12983],[8.59174,42.14452],[8.58129,42.14934],[8.57475,42.15066],[8.56041,42.14229],[8.55414,42.14716],[8.56295,42.15751],[8.57712,42.15899],[8.58399,42.1658],[8.56454,42.16732],[8.55839,42.17209],[8.56266,42.17822],[8.57425,42.18002],[8.57566,42.19796],[8.57937,42.20328],[8.56229,42.20506],[8.57053,42.22755],[8.56642,42.22982],[8.56046,42.22566],[8.54938,42.22434],[8.53784,42.23441],[8.53824,42.24096],[8.57296,42.24232],[8.58125,42.24937],[8.58775,42.24518],[8.60212,42.25066],[8.61038,42.25768],[8.62108,42.25899],[8.62941,42.25351],[8.64788,42.26184],[8.6875,42.26667],[8.6875,42.27083],[8.68676,42.27836],[8.67701,42.27978],[8.67199,42.28345],[8.66991,42.29074],[8.65633,42.29938],[8.64953,42.30062],[8.6412,42.29522],[8.62299,42.30772],[8.61203,42.30895],[8.60137,42.30355],[8.59522,42.31714],[8.60011,42.32384],[8.61883,42.32978],[8.62562,42.33613],[8.61759,42.33843],[8.6157,42.34506],[8.59536,42.35062],[8.56466,42.32978],[8.55772,42.32855],[8.55003,42.33469],[8.55361,42.33958],[8.55062,42.34367],[8.54929,42.36169],[8.53951,42.36312],[8.53441,42.36684],[8.53272,42.37363],[8.5528,42.38395],[8.55515,42.37571],[8.56947,42.37438],[8.57584,42.38681],[8.59799,42.38812],[8.60417,42.39167],[8.60534,42.38709],[8.6089,42.39045],[8.60417,42.39167],[8.59943,42.39925],[8.60507,42.42017],[8.61888,42.4214],[8.62425,42.42557],[8.64925,42.4161],[8.65833,42.42083],[8.65769,42.4313],[8.64519,42.44199],[8.65022,42.44908],[8.66167,42.45083],[8.6633,42.46149],[8.66987,42.46346],[8.67527,42.47416],[8.65801,42.47564],[8.64686,42.47019],[8.64519,42.48189],[8.6532,42.4843],[8.65513,42.4907],[8.6618,42.49271],[8.66314,42.51463],[8.66743,42.52011],[8.69062,42.52154],[8.69272,42.52849],[8.7125,42.52917],[8.71367,42.52459],[8.71723,42.52795],[8.7125,42.52917],[8.70777,42.53675],[8.70934,42.54086],[8.71723,42.54288],[8.71297,42.55208],[8.7162,42.55625],[8.71165,42.56582],[8.7036,42.56788],[8.70498,42.57417],[8.72425,42.58807],[8.72848,42.58645],[8.73286,42.57292],[8.72885,42.56774],[8.73455,42.56647],[8.75625,42.57453],[8.76693,42.5697],[8.76193,42.56325],[8.76359,42.55893],[8.78333,42.55833],[8.7842,42.56163],[8.80448,42.57202],[8.79525,42.58245],[8.79711,42.58737],[8.80891,42.59292],[8.79666,42.59657],[8.7954,42.60295],[8.80765,42.60891],[8.8272,42.60775],[8.83125,42.60466],[8.85208,42.61617],[8.85765,42.61192],[8.86992,42.61319],[8.88042,42.63391],[8.89386,42.63275],[8.89932,42.62859],[8.91864,42.64109],[8.92826,42.64239],[8.93042,42.65058],[8.93712,42.64906],[8.94292,42.63692],[8.9647,42.63808],[8.98682,42.64641],[8.99375,42.64216],[8.99932,42.64641],[9.00743,42.64508],[9.00833,42.64167],[9.01492,42.64202],[9.03091,42.65798],[9.04826,42.65869],[9.05174,42.66215],[9.05833,42.6625],[9.05056,42.68125],[9.05503,42.6955],[9.06042,42.69944],[9.0662,42.69522],[9.071,42.69747],[9.08534,42.71605],[9.11867,42.73272],[9.13549,42.73395],[9.1412,42.73812],[9.14792,42.73389],[9.1537,42.73812],[9.17299,42.73688],[9.1912,42.72855],[9.20633,42.72978],[9.21593,42.73812],[9.22451,42.73662],[9.2347,42.72022],[9.24792,42.72444],[9.25756,42.71986],[9.25919,42.70866],[9.27527,42.70322],[9.27076,42.69705],[9.27905,42.69467],[9.28951,42.67978],[9.29583,42.67917],[9.30196,42.68693],[9.31627,42.69263],[9.32027,42.69779],[9.32146,42.71992],[9.32852,42.72174],[9.34223,42.73651],[9.3411,42.74804],[9.33693,42.75342],[9.33807,42.78554],[9.34223,42.79092],[9.33653,42.80377],[9.32585,42.80918],[9.32443,42.81471],[9.30777,42.83232],[9.31307,42.84388],[9.33287,42.86457],[9.32557,42.87696],[9.32434,42.89077],[9.3164,42.8928],[9.32168,42.90332],[9.33554,42.9089],[9.3537,42.92293],[9.3463,42.93124],[9.35473,42.94509],[9.35316,42.94919],[9.34654,42.95089],[9.34512,42.96161],[9.33693,42.96371],[9.3464,42.96788],[9.33797,42.99375],[9.34255,43.00346],[9.35612,43.00777],[9.37721,43.0089],[9.38259,43.01307],[9.40221,43.01193],[9.40759,43.00777],[9.41592,43.01307],[9.43243,43.01186],[9.43422,43.00488],[9.44495,43.00346],[9.44668,42.99668],[9.47557,42.98629],[9.46339,42.98262],[9.45777,42.97158],[9.46203,42.96458],[9.45777,42.95908],[9.45907,42.95088],[9.46582,42.94915],[9.47557,42.92575],[9.47443,42.91029],[9.4713,42.90625],[9.4786,42.89388],[9.47973,42.87696],[9.48693,42.85638],[9.48807,42.82696],[9.4964,42.80491],[9.49527,42.79362],[9.4714,42.76471],[9.4661,42.73112],[9.45777,42.71741],[9.46204,42.70207],[9.44943,42.68408],[9.45057,42.66446],[9.46307,42.64362],[9.4786,42.62721],[9.48006,42.62153],[9.50196,42.60057],[9.50748,42.59915],[9.5089,42.59362],[9.52443,42.57721],[9.53693,42.54804],[9.53693,42.51446],[9.53277,42.50908],[9.5339,42.48112],[9.53807,42.46862],[9.5464,42.45927],[9.54516,42.44673],[9.54167,42.44583],[9.54202,42.43508],[9.54619,42.43088],[9.54131,42.40591],[9.53785,42.40242],[9.53715,42.37674],[9.53335,42.37292],[9.53715,42.36909],[9.53785,42.35591],[9.54131,42.35242],[9.54202,42.33508],[9.55381,42.31909],[9.55452,42.30174],[9.56285,42.28505],[9.55798,42.24341],[9.55381,42.23921],[9.55833,42.20417],[9.56307,42.19658],[9.5589,42.18554],[9.55777,42.12279],[9.55473,42.11888],[9.55351,42.10507],[9.5214,42.07304],[9.4911,42.03529],[9.4589,42.00221],[9.45748,41.99668],[9.44583,41.99167],[9.42119,41.96492],[9.41215,41.94755],[9.41702,41.93921],[9.41631,41.91005],[9.40417,41.9],[9.4036,41.88529],[9.39943,41.87991],[9.40443,41.8678],[9.4,41.86667],[9.4,41.8625],[9.40899,41.86156],[9.40351,41.85025],[9.40899,41.84191],[9.40768,41.81454],[9.39934,41.80025],[9.40482,41.78775],[9.39934,41.77941],[9.41316,41.76691],[9.40768,41.75858],[9.40899,41.71871],[9.41187,41.71458],[9.40482,41.70629],[9.40332,41.6919],[9.39796,41.68816],[9.38378,41.68668],[9.37454,41.67581],[9.40066,41.67418],[9.39905,41.66749],[9.38737,41.66567],[9.39232,41.65858],[9.38651,41.64153],[9.38043,41.64578],[9.37402,41.63432],[9.35833,41.62917]],[[8.59028,42.16667],[8.59017,42.17109],[8.58703,42.16831],[8.59028,42.16667]],[[9.27778,41.525],[9.27767,41.52942],[9.27453,41.52664],[9.27778,41.525]],[[9.27778,41.5],[9.27767,41.50442],[9.27453,41.50164],[9.27778,41.5]],[[9.22361,41.40833],[9.2235,41.41275],[9.22037,41.40997],[9.22361,41.40833]],[[9.35833,41.62917],[9.35758,41.63653],[9.35128,41.63814],[9.34936,41.63008],[9.35833,41.62917]]],[[[9.35833,41.54583],[9.36335,41.56165],[9.37425,41.56723],[9.37973,41.56513],[9.37834,41.55919],[9.37123,41.55737],[9.36577,41.54649],[9.35833,41.54583]]],[[[8.59235,41.87025],[8.58415,41.8716],[8.5829,41.87795],[8.5978,41.88692],[8.60417,41.8875],[8.59899,41.87532],[8.59235,41.87025]]],[[[9.34936,41.53878],[9.35097,41.54508],[9.35833,41.54583],[9.35742,41.53686],[9.34936,41.53878]]]]},"properties":{"hybas_id":"2060048160","pfaf_id":"218002","sub_area":"8928.2","up_area":"8928.2","next_down":"0","main_bas":"2060048160","kind":"basin","source":"local-hydrobasins"}},{"type":"Feature","geometry":{"type":"Polygon","coordinates":[[[18.80417,42.42917],[18.79974,42.44053],[18.8125,42.44583],[18.8125,42.45],[18.80899,42.4509],[18.80833,42.4625],[18.8008,42.46324],[18.79938,42.47299],[18.79228,42.48117],[18.7875,42.50417],[18.78333,42.50417],[18.78216,42.4996],[18.74388,42.5286],[18.73508,42.52952],[18.72149,42.54257],[18.72083,42.55],[18.70174,42.55035],[18.69583,42.55833],[18.66424,42.55869],[18.66076,42.56215],[18.59828,42.56702],[18.58992,42.55869],[18.57745,42.55798],[18.57292,42.56249],[18.56909,42.55869],[18.54583,42.55833],[18.54498,42.55502],[18.53008,42.55354],[18.52795,42.54527],[18.51471,42.54943],[18.48529,42.55057],[18.46458,42.55786],[18.45475,42.55325],[18.44527,42.5426],[18.4464,42.52279],[18.44954,42.51874],[18.42917,42.4875],[18.41912,42.49202],[18.41492,42.48785],[18.40662,42.48715],[18.39826,42.49548],[18.34758,42.50869],[18.33992,42.51631],[18.33508,42.51702],[18.32917,42.525],[18.31841,42.52535],[18.31076,42.53298],[18.30591,42.53369],[18.27742,42.55798],[18.25659,42.56631],[18.24583,42.56667],[18.24619,42.58579],[18.25417,42.59167],[18.25417,42.59583],[18.24527,42.62721],[18.23692,42.63658],[18.23091,42.63715],[18.22329,42.63298],[18.21424,42.63785],[18.20452,42.65174],[18.20332,42.66165],[18.19263,42.66706],[18.17742,42.68298],[18.16912,42.68369],[18.16492,42.67952],[18.15245,42.67881],[18.14409,42.68715],[18.09341,42.69202],[18.08785,42.69755],[18.08715,42.71076],[18.07917,42.725],[18.07258,42.72535],[18.0625,42.73333],[18.05242,42.72535],[18.04167,42.725],[18.04131,42.71841],[18.02674,42.70452],[18.01667,42.71667],[18.01702,42.72742],[18.02881,42.73924],[18.02881,42.74826],[18.02465,42.75659],[18.01667,42.7625],[18.01076,42.75869],[18.0,42.75833],[17.99241,42.74943],[17.98421,42.75074],[17.97535,42.76005],[17.975,42.77083],[17.95174,42.77119],[17.93335,42.79375],[17.9375,42.8],[17.90894,42.80925],[17.90833,42.83333],[17.89758,42.83298],[17.88576,42.82535],[17.86912,42.82465],[17.86286,42.83088],[17.8625,42.8375],[17.85638,42.8339],[17.84362,42.83277],[17.83138,42.82557],[17.80121,42.82443],[17.8,42.82917],[17.79409,42.83298],[17.78333,42.83333],[17.7822,42.83776],[17.77708,42.8338],[17.76029,42.84223],[17.74527,42.85295],[17.75351,42.85507],[17.7536,42.86471],[17.7463,42.87291],[17.75085,42.88248],[17.76601,42.8884],[17.76631,42.89826],[17.75626,42.90833],[17.75208,42.90418],[17.74826,42.90798],[17.72674,42.90869],[17.71909,42.91631],[17.71029,42.91723],[17.68971,42.93277],[17.67279,42.93807],[17.66763,42.94206],[17.66582,42.94915],[17.65918,42.95085],[17.65833,42.95417],[17.63842,42.95477],[17.6375,42.95833],[17.625,42.96667],[17.62566,42.97404],[17.6371,42.98013],[17.64257,42.99101],[17.65,42.99167],[17.66008,42.98369],[17.66909,42.98298],[17.68091,42.97535],[17.70833,42.975],[17.70905,42.99924],[17.72712,43.00066],[17.73333,43.00833],[17.75417,43.0],[17.79829,42.99965],[17.80381,42.99409],[17.80452,42.97258],[17.80833,42.96667],[17.81667,42.96667],[17.81702,42.98162],[17.83924,42.99548],[17.84826,42.99619],[17.85245,43.00035],[17.87917,42.99167],[17.88369,42.99829],[17.87917,43.00627],[17.8875,43.0125],[17.88785,43.02742],[17.9,43.04167],[17.90743,43.04233],[17.90777,43.04804],[17.89943,43.0574],[17.90508,43.07021],[17.97326,43.06631],[17.98091,43.05869],[17.98579,43.05798],[17.99202,43.04754],[18.01841,43.02535],[18.03159,43.02535],[18.04412,43.03785],[18.06076,43.03715],[18.06495,43.03298],[18.06909,43.03369],[18.08508,43.04548],[18.09167,43.04583],[18.09288,43.05057],[18.13267,43.04257],[18.13333,43.05],[18.14583,43.05833],[18.14511,43.07006],[18.1312,43.07148],[18.12626,43.07498],[18.1198,43.09095],[18.10203,43.09231],[18.07884,43.10481],[18.0577,43.09519],[18.04583,43.10417],[18.05057,43.12304],[18.05513,43.12851],[18.06888,43.12973],[18.08243,43.14231],[18.08418,43.14915],[18.09104,43.15091],[18.09167,43.1625],[18.11076,43.15798],[18.11841,43.15035],[18.13992,43.14965],[18.15659,43.14131],[18.16495,43.13298],[18.17917,43.1375],[18.19826,43.13715],[18.23924,43.12119],[18.25,43.12083],[18.25085,43.12415],[18.25794,43.12597],[18.26339,43.13679],[18.27696,43.1411],[18.30325,43.14227],[18.30328,43.14929],[18.28875,43.15434],[18.28693,43.15908],[18.29131,43.16909],[18.28333,43.18333],[18.29409,43.18369],[18.29792,43.18749],[18.31667,43.17917],[18.31755,43.18262],[18.32721,43.1839],[18.34362,43.19943],[18.36076,43.19965],[18.40417,43.175],[18.42279,43.1911],[18.42832,43.19252],[18.43005,43.19929],[18.43971,43.20057],[18.44487,43.20456],[18.4464,43.21054],[18.46405,43.22911],[18.4697,43.22474],[18.47083,43.22917],[18.47917,43.22917],[18.4803,43.22474],[18.49487,43.23373],[18.49583,43.2375],[18.51582,43.24668],[18.52083,43.2625],[18.53576,43.26215],[18.54758,43.25452],[18.55417,43.25417],[18.55417,43.25],[18.55833,43.25],[18.56667,43.2625],[18.57083,43.25833],[18.5992,43.25343],[18.60895,43.23534],[18.62022,43.22299],[18.62164,43.21321],[18.63966,43.21188],[18.6875,43.19167],[18.6869,43.17175],[18.67983,43.16993],[18.6786,43.15612],[18.67443,43.15075],[18.67614,43.1463],[18.70196,43.1214],[18.70767,43.11993],[18.70833,43.1125],[18.72326,43.10798],[18.73091,43.10035],[18.75242,43.09965],[18.76008,43.09202],[18.76667,43.09167],[18.76585,43.08362],[18.75414,43.0779],[18.75009,43.07218],[18.76453,43.05898],[18.77981,43.05742],[18.77843,43.0427],[18.77085,43.04042],[18.77981,43.02287],[18.78876,43.00831],[18.80417,43.0],[18.81841,42.98369],[18.825,42.98333],[18.83002,42.99082],[18.84167,42.99167],[18.84288,42.9964],[18.84914,42.99503],[18.85,42.99167],[18.88159,42.99131],[18.89362,42.97973],[18.92674,42.96285],[18.95659,42.96215],[18.97279,42.95473],[18.99492,42.95354],[19.0,42.94167],[19.01424,42.93369],[19.02083,42.93333],[19.0324,42.92027],[19.0447,42.92526],[19.04672,42.91738],[19.06471,42.91193],[19.08647,42.8911],[19.10626,42.89954],[19.11446,42.89223],[19.14544,42.88237],[19.14943,42.87721],[19.15063,42.85933],[19.16029,42.85057],[19.17828,42.84512],[19.17917,42.84167],[19.19826,42.84202],[19.20208,42.84582],[19.20591,42.84202],[19.21495,42.84131],[19.22048,42.83576],[19.22027,42.81446],[19.21193,42.80075],[19.21351,42.79664],[19.2214,42.79462],[19.22003,42.78836],[19.2129,42.78653],[19.2089,42.78138],[19.20833,42.77083],[19.23138,42.75777],[19.24362,42.7464],[19.24915,42.74498],[19.25097,42.7379],[19.26186,42.73243],[19.26307,42.71446],[19.27027,42.70221],[19.26991,42.69259],[19.26049,42.68812],[19.22581,42.68684],[19.22083,42.67083],[19.2,42.67083],[19.19409,42.66702],[19.18162,42.66631],[19.17708,42.67082],[19.17326,42.66702],[19.16495,42.66631],[19.16076,42.67048],[19.13924,42.67119],[19.13576,42.67465],[19.12696,42.67557],[19.11888,42.68277],[19.10922,42.68404],[19.10745,42.69096],[19.09779,42.69223],[19.08333,42.70417],[19.07795,42.6911],[19.06029,42.69223],[19.05491,42.6964],[19.03529,42.69527],[19.02991,42.6911],[19.02279,42.69223],[19.01471,42.69943],[18.99362,42.70473],[18.98554,42.71193],[18.96054,42.72443],[18.94779,42.72557],[18.94375,42.7287],[18.93825,42.72443],[18.92696,42.72557],[18.92158,42.72973],[18.90833,42.725],[18.90833,42.70417],[18.91307,42.70295],[18.91193,42.68112],[18.90473,42.67304],[18.90509,42.66308],[18.91446,42.65473],[18.93248,42.64915],[18.93424,42.64231],[18.95,42.62917],[18.94583,42.62083],[18.94943,42.61471],[18.95066,42.6009],[18.97745,42.59548],[18.98298,42.58992],[18.99167,42.56667],[19.00417,42.5625],[19.00381,42.53921],[18.99826,42.53369],[18.99167,42.53333],[18.975,42.51667],[18.97434,42.50923],[18.95899,42.50327],[18.95833,42.49583],[18.94705,42.50057],[18.94583,42.49583],[18.9384,42.49517],[18.9375,42.49167],[18.92326,42.49965],[18.89167,42.49583],[18.89106,42.48008],[18.8875,42.47917],[18.8875,42.475],[18.89583,42.47083],[18.90315,42.46197],[18.91156,42.4672],[18.9159,42.46575],[18.91667,42.45833],[18.88529,42.4536],[18.88013,42.4496],[18.87832,42.44252],[18.86342,42.43275],[18.8625,42.425],[18.85833,42.42083],[18.84673,42.42017],[18.83658,42.40487],[18.82589,42.40346],[18.825,42.4],[18.81424,42.40035],[18.80483,42.40923],[18.80417,42.42917]]]},"properties":{"hybas_id":"2060089540","pfaf_id":"213090","sub_area":"5944.3","up_area":"5944.3","next_down":"0","main_bas":"2060089540","kind":"basin","source":"local-hydrobasins"}}]}