{"type":"FeatureCollection","features":[{"type":"Feature","geometry":{"type":"Polygon","coordinates":[[[10.0,45.0],[15.0,45.0],[15.0,50.0],[10.0,50.0],[10.0,45.0]]]},"properties":{"name":"Barrington Atlas location","uri":"https://pleiades.stoa.org/places/991349","pleiades":"991349","precision":"rough","kind":"ancient-footprint","source":"pleiades-polygons"}},{"type":"Feature","geometry":{"type":"Polygon","coordinates":[[[15.0,35.0],[20.0,35.0],[20.0,40.0],[15.0,40.0],[15.0,35.0]]]},"properties":{"name":"Barrington Atlas location","uri":"https://pleiades.stoa.org/places/991364","pleiades":"991364","precision":"rough","kind":"ancient-footprint","source":"pleiades-polygons"}},{"type":"Feature","geometry":{"type":"Polygon","coordinates":[[[5.0,35.0],[10.0,35.0],[10.0,40.0],[5.0,40.0],[5.0,35.0]]]},"properties":{"name":"Barrington Atlas location","uri":"https://pleiades.stoa.org/places/991343","pleiades":"991343","precision":"rough","kind":"ancient-footprint","source":"pleiades-polygons"}},{"type":"Feature","geometry":{"type":"Polygon","coordinates":[[[5.0,45.0],[10.0,45.0],[10.0,50.0],[5.0,50.0],[5.0,45.0]]]},"properties":{"name":"Barrington Atlas location","uri":"https://pleiades.stoa.org/places/991338","pleiades":"991338","precision":"rough","kind":"ancient-footprint","source":"pleiades-polygons"}},{"type":"Feature","geometry":{"type":"Polygon","coordinates":[[[15.0,40.0],[20.0,40.0],[20.0,45.0],[15.0,45.0],[15.0,40.0]]]},"properties":{"name":"Barrington Atlas location","uri":"https://pleiades.stoa.org/places/991359","pleiades":"991359","precision":"rough","kind":"ancient-footprint","source":"pleiades-polygons"}},{"type":"Feature","geometry":{"type":"Polygon","coordinates":[[[15.0,40.0],[20.0,40.0],[20.0,45.0],[15.0,45.0],[15.0,40.0]]]},"properties":{"name":"Barrington Atlas location","uri":"https://pleiades.stoa.org/places/991363","pleiades":"991363","precision":"rough","kind":"ancient-footprint","source":"pleiades-polygons"}},{"type":"Feature","geometry":{"type":"Polygon","coordinates":[[[5.0,45.0],[10.0,45.0],[10.0,50.0],[5.0,50.0],[5.0,45.0]]]},"properties":{"name":"Barrington Atlas location","uri":"https://pleiades.stoa.org/places/991335","pleiades":"991335","precision":"rough","kind":"ancient-footprint","source":"pleiades-polygons"}},{"type":"Feature","geometry":{"type":"Polygon","coordinates":[[[15.0,40.0],[20.0,40.0],[20.0,45.0],[15.0,45.0],[15.0,40.0]]]},"properties":{"name":"Barrington Atlas location","uri":"https://pleiades.stoa.org/places/991362","pleiades":"991362","precision":"rough","kind":"ancient-footprint","source":"pleiades-polygons"}},{"type":"Feature","geometry":{"type":"Polygon","coordinates":[[[15.0,45.0],[20.0,45.0],[20.0,50.0],[15.0,50.0],[15.0,45.0]]]},"properties":{"name":"Barrington Atlas location","uri":"https://pleiades.stoa.org/places/991358","pleiades":"991358","precision":"rough","kind":"ancient-footprint","source":"pleiades-polygons"}},{"type":"Feature","geometry":{"type":"Polygon","coordinates":[[[5.0,35.0],[10.0,35.0],[10.0,40.0],[5.0,40.0],[5.0,35.0]]]},"properties":{"name":"Barrington Atlas location","uri":"https://pleiades.stoa.org/places/991342","pleiades":"991342","precision":"rough","kind":"ancient-footprint","source":"pleiades-polygons"}},{"type":"Feature","geometry":{"type":"Polygon","coordinates":[[[15.0,45.0],[20.0,45.0],[20.0,50.0],[15.0,50.0],[15.0,45.0]]]},"properties":{"name":"Barrington Atlas location","uri":"https://pleiades.stoa.org/places/991357","pleiades":"991357","precision":"rough","kind":"ancient-footprint","source":"pleiades-polygons"}},{"type":"Feature","geometry":{"type":"Polygon","coordinates":[[[5.0,35.0],[10.0,35.0],[10.0,40.0],[5.0,40.0],[5.0,35.0]]]},"properties":{"name":"Barrington Atlas location","uri":"https://pleiades.stoa.org/places/991341","pleiades":"991341","precision":"rough","kind":"ancient-footprint","source":"pleiades-polygons"}},{"type":"Feature","geometry":{"type":"Polygon","coordinates":[[[5.0,45.0],[10.0,45.0],[10.0,50.0],[5.0,50.0],[5.0,45.0]]]},"properties":{"name":"Barrington Atlas location","uri":"https://pleiades.stoa.org/places/991336","pleiades":"991336","precision":"rough","kind":"ancient-footprint","source":"pleiades-polygons"}},{"type":"Feature","geometry":{"type":"Polygon","coordinates":[[[15.0,40.0],[20.0,40.0],[20.0,45.0],[15.0,45.0],[15.0,40.0]]]},"properties":{"name":"Barrington Atlas location","uri":"https://pleiades.stoa.org/places/991361","pleiades":"991361","precision":"rough","kind":"ancient-footprint","source":"pleiades-polygons"}},{"type":"Feature","geometry":{"type":"Polygon","coordinates":[[[5.0,45.0],[10.0,45.0],[10.0,50.0],[5.0,50.0],[5.0,45.0]]]},"properties":{"name":"Barrington Atlas location","uri":"https://pleiades.stoa.org/places/991337","pleiades":"991337","precision":"rough","kind":"ancient-footprint","source":"pleiades-polygons"}},{"type":"Feature","geometry":{"type":"Polygon","coordinates":[[[5.0,40.0],[10.0,40.0],[10.0,45.0],[5.0,45.0],[5.0,40.0]]]},"properties":{"name":"Barrington Atlas location","uri":"https://pleiades.stoa.org/places/991340","pleiades":"991340","precision":"rough","kind":"ancient-footprint","source":"pleiades-polygons"}},{"type":"Feature","geometry":{"type":"Polygon","coordinates":[[[10.0,40.0],[15.0,40.0],[15.0,45.0],[10.0,45.0],[10.0,40.0]]]},"properties":{"name":"Barrington Atlas location","uri":"https://pleiades.stoa.org/places/991351","pleiades":"991351","precision":"rough","kind":"ancient-footprint","source":"pleiades-polygons"}},{"type":"Feature","geometry":{"type":"Polygon","coordinates":[[[10.0,45.0],[15.0,45.0],[15.0,50.0],[10.0,50.0],[10.0,45.0]]]},"properties":{"name":"Barrington Atlas location","uri":"https://pleiades.stoa.org/places/991347","pleiades":"991347","precision":"rough","kind":"ancient-footprint","source":"pleiades-polygons"}},{"type":"Feature","geometry":{"type":"Polygon","coordinates":[[[10.0,45.0],[15.0,45.0],[15.0,50.0],[10.0,50.0],[10.0,45.0]]]},"properties":{"name":"Barrington Atlas location","uri":"https://pleiades.stoa.org/places/991346","pleiades":"991346","precision":"rough","kind":"ancient-footprint","source":"pleiades-polygons"}},{"type":"Feature","geometry":{"type":"Polygon","coordinates":[[[10.0,45.0],[15.0,45.0],[15.0,50.0],[10.0,50.0],[10.0,45.0]]]},"properties":{"name":"Barrington Atlas location","uri":"https://pleiades.stoa.org/places/992076","pleiades":"992076","precision":"rough","kind":"ancient-footprint","source":"pleiades-polygons"}},{"type":"Feature","geometry":{"type":"Polygon","coordinates":[[[5.0,40.0],[10.0,40.0],[10.0,45.0],[5.0,45.0],[5.0,40.0]]]},"properties":{"name":"Barrington Atlas location","uri":"https://pleiades.stoa.org/places/992830","pleiades":"992830","precision":"rough","kind":"ancient-footprint","source":"pleiades-polygons"}},{"type":"Feature","geometry":{"type":"Polygon","coordinates":[[[5.0,40.0],[10.0,40.0],[10.0,45.0],[5.0,45.0],[5.0,40.0]]]},"properties":{"name":"Barrington Atlas location","uri":"https://pleiades.stoa.org/places/992827","pleiades":"992827","precision":"rough","kind":"ancient-footprint","source":"pleiades-polygons"}},{"type":"Feature","geometry":{"type":"Polygon","coordinates":[[[5.0,45.0],[10.0,45.0],[10.0,50.0],[5.0,50.0],[5.0,45.0]]]},"properties":{"name":"Barrington Atlas location","uri":"https://pleiades.stoa.org/places/992828","pleiades":"992828","precision":"rough","kind":"ancient-footprint","source":"pleiades-polygons"}},{"type":"Feature","geometry":{"type":"Polygon","coordinates":[[[5.0,40.0],[10.0,40.0],[10.0,45.0],[5.0,45.0],[5.0,40.0]]]},"properties":{"name":"Barrington Atlas location","uri":"https://pleiades.stoa.org/places/992829","pleiades":"992829","precision":"rough","kind":"ancient-footprint","source":"pleiades-polygons"}},{"type":"Feature","geometry":{"type":"Polygon","coordinates":[[[15.0,40.0],[20.0,40.0],[20.0,45.0],[15.0,45.0],[15.0,40.0]]]},"properties":{"name":"Barrington Atlas location","uri":"https://pleiades.stoa.org/places/981522","pleiades":"981522","precision":"rough","kind":"ancient-footprint","source":"pleiades-polygons"}},{"type":"Feature","geometry":{"type":"Polygon","coordinates":[[[10.0,45.0],[15.0,45.0],[15.0,50.0],[10.0,50.0],[10.0,45.0]]]},"properties":{"name":"Barrington Atlas location","uri":"https://pleiades.stoa.org/places/981538","pleiades":"981538","precision":"rough","kind":"ancient-footprint","source":"pleiades-polygons"}},{"type":"Feature","geometry":{"type":"Polygon","coordinates":[[[5.0,35.0],[10.0,35.0],[10.0,40.0],[5.0,40.0],[5.0,35.0]]]},"properties":{"name":"Barrington Atlas location","uri":"https://pleiades.stoa.org/places/981539","pleiades":"981539","precision":"rough","kind":"ancient-footprint","source":"pleiades-polygons"}},{"type":"Feature","geometry":{"type":"Polygon","coordinates":[[[10.0,35.0],[15.0,35.0],[15.0,40.0],[10.0,40.0],[10.0,35.0]]]},"properties":{"name":"Barrington Atlas location","uri":"https://pleiades.stoa.org/places/981549","pleiades":"981549","precision":"rough","kind":"ancient-footprint","source":"pleiades-polygons"}},{"type":"Feature","geometry":{"type":"Polygon","coordinates":[[[5.0,45.0],[10.0,45.0],[10.0,50.0],[5.0,50.0],[5.0,45.0]]]},"properties":{"name":"Barrington Atlas location","uri":"https://pleiades.stoa.org/places/981525","pleiades":"981525","precision":"rough","kind":"ancient-footprint","source":"pleiades-polygons"}},{"type":"Feature","geometry":{"type":"Polygon","coordinates":[[[5.0,45.0],[10.0,45.0],[10.0,50.0],[5.0,50.0],[5.0,45.0]]]},"properties":{"name":"Barrington Atlas location","uri":"https://pleiades.stoa.org/places/981547","pleiades":"981547","precision":"rough","kind":"ancient-footprint","source":"pleiades-polygons"}},{"type":"Feature","geometry":{"type":"Polygon","coordinates":[[[10.0,45.0],[15.0,45.0],[15.0,50.0],[10.0,50.0],[10.0,45.0]]]},"properties":{"name":"Barrington Atlas location","uri":"https://pleiades.stoa.org/places/981541","pleiades":"981541","precision":"rough","kind":"ancient-footprint","source":"pleiades-polygons"}},{"type":"Feature","geometry":{"type":"Polygon","coordinates":[[[15.0,45.0],[20.0,45.0],[20.0,50.0],[15.0,50.0],[15.0,45.0]]]},"properties":{"name":"Barrington Atlas location","uri":"https://pleiades.stoa.org/places/981540","pleiades":"981540","precision":"rough","kind":"ancient-footprint","source":"pleiades-polygons"}},{"type":"Feature","geometry":{"type":"Polygon","coordinates":[[[5.0,45.0],[10.0,45.0],[10.0,50.0],[5.0,50.0],[5.0,45.0]]]},"properties":{"name":"Barrington Atlas location","uri":"https://pleiades.stoa.org/places/982257","pleiades":"982257","precision":"rough","kind":"ancient-footprint","source":"pleiades-polygons"}},{"type":"Feature","geometry":{"type":"Polygon","coordinates":[[[5.0,40.0],[10.0,40.0],[10.0,45.0],[5.0,45.0],[5.0,40.0]]]},"properties":{"name":"Barrington Atlas location","uri":"https://pleiades.stoa.org/places/982259","pleiades":"982259","precision":"rough","kind":"ancient-footprint","source":"pleiades-polygons"}},{"type":"Feature","geometry":{"type":"Polygon","coordinates":[[[5.0,40.0],[10.0,40.0],[10.0,45.0],[5.0,45.0],[5.0,40.0]]]},"properties":{"name":"Barrington Atlas location","uri":"https://pleiades.stoa.org/places/783","pleiades":"783","precision":"rough","kind":"ancient-footprint","source":"pleiades-polygons"}},{"type":"Feature","geometry":{"type":"Polygon","coordinates":[[[9.55084,45.12818],[9.99212,45.14694],[10.52221,44.93346],[10.6925,45.07134],[10.94519,45.09074],[12.51898,45.01506],[13.97283,44.70808],[14.02777,45.27526],[14.19256,46.46093],[13.77508,46.56678],[12.20404,47.10788],[9.80902,46.33971],[9.55084,45.12818]]]},"properties":{"name":"Undetermined location","uri":"https://pleiades.stoa.org/places/754349602","pleiades":"754349602","precision":"precise","kind":"ancient-footprint","source":"pleiades-polygons"}},{"type":"Feature","geometry":{"type":"Polygon","coordinates":[[[16.0,43.0],[17.0,43.0],[17.0,44.0],[16.0,44.0],[16.0,43.0]]]},"properties":{"name":"Undetermined location","uri":"https://pleiades.stoa.org/places/199326","pleiades":"199326","precision":"rough","kind":"ancient-footprint","source":"pleiades-polygons"}},{"type":"Feature","geometry":{"type":"Polygon","coordinates":[[[17.0,42.0],[18.0,42.0],[18.0,43.0],[17.0,43.0],[17.0,42.0]]]},"properties":{"name":"Undetermined location","uri":"https://pleiades.stoa.org/places/199327","pleiades":"199327","precision":"rough","kind":"ancient-footprint","source":"pleiades-polygons"}},{"type":"Feature","geometry":{"type":"Polygon","coordinates":[[[13.0,45.0],[14.0,45.0],[14.0,46.0],[13.0,46.0],[13.0,45.0]]]},"properties":{"name":"Undetermined location","uri":"https://pleiades.stoa.org/places/199322","pleiades":"199322","precision":"rough","kind":"ancient-footprint","source":"pleiades-polygons"}},{"type":"Feature","geometry":{"type":"Polygon","coordinates":[[[14.0,44.0],[15.0,44.0],[15.0,45.0],[14.0,45.0],[14.0,44.0]]]},"properties":{"name":"Undetermined location","uri":"https://pleiades.stoa.org/places/199323","pleiades":"199323","precision":"rough","kind":"ancient-footprint","source":"pleiades-polygons"}},{"type":"Feature","geometry":{"type":"Polygon","coordinates":[[[18.0,42.0],[19.0,42.0],[19.0,43.0],[18.0,43.0],[18.0,42.0]]]},"properties":{"name":"Undetermined location","uri":"https://pleiades.stoa.org/places/199328","pleiades":"199328","precision":"rough","kind":"ancient-footprint","source":"pleiades-polygons"}},{"type":"Feature","geometry":{"type":"Polygon","coordinates":[[[15.0,44.0],[16.0,44.0],[16.0,45.0],[15.0,45.0],[15.0,44.0]]]},"properties":{"name":"Undetermined location","uri":"https://pleiades.stoa.org/places/199324","pleiades":"199324","precision":"rough","kind":"ancient-footprint","source":"pleiades-polygons"}},{"type":"Feature","geometry":{"type":"Polygon","coordinates":[[[16.0,43.0],[17.0,43.0],[17.0,44.0],[16.0,44.0],[16.0,43.0]]]},"properties":{"name":"Undetermined location","uri":"https://pleiades.stoa.org/places/199325","pleiades":"199325","precision":"rough","kind":"ancient-footprint","source":"pleiades-polygons"}},{"type":"Feature","geometry":{"type":"Polygon","coordinates":[[[13.0,45.0],[14.0,45.0],[14.0,46.0],[13.0,46.0],[13.0,45.0]]]},"properties":{"name":"Barrington Atlas location","uri":"https://pleiades.stoa.org/places/190262","pleiades":"190262","precision":"rough","kind":"ancient-footprint","source":"pleiades-polygons"}},{"type":"Feature","geometry":{"type":"Polygon","coordinates":[[[14.0,46.0],[15.0,46.0],[15.0,47.0],[14.0,47.0],[14.0,46.0]]]},"properties":{"name":"Undetermined location","uri":"https://pleiades.stoa.org/places/197098","pleiades":"197098","precision":"rough","kind":"ancient-footprint","source":"pleiades-polygons"}},{"type":"Feature","geometry":{"type":"Polygon","coordinates":[[[17.0,47.0],[18.0,47.0],[18.0,48.0],[17.0,48.0],[17.0,47.0]]]},"properties":{"name":"Undetermined location","uri":"https://pleiades.stoa.org/places/197086","pleiades":"197086","precision":"rough","kind":"ancient-footprint","source":"pleiades-polygons"}},{"type":"Feature","geometry":{"type":"Polygon","coordinates":[[[13.0,45.0],[14.0,45.0],[14.0,46.0],[13.0,46.0],[13.0,45.0]]]},"properties":{"name":"Undetermined location","uri":"https://pleiades.stoa.org/places/197138","pleiades":"197138","precision":"rough","kind":"ancient-footprint","source":"pleiades-polygons"}},{"type":"Feature","geometry":{"type":"Polygon","coordinates":[[[16.0,45.0],[17.0,45.0],[17.0,46.0],[16.0,46.0],[16.0,45.0]]]},"properties":{"name":"Undetermined location","uri":"https://pleiades.stoa.org/places/197179","pleiades":"197179","precision":"rough","kind":"ancient-footprint","source":"pleiades-polygons"}},{"type":"Feature","geometry":{"type":"Polygon","coordinates":[[[18.0,45.0],[19.0,45.0],[19.0,46.0],[18.0,46.0],[18.0,45.0]]]},"properties":{"name":"Undetermined location","uri":"https://pleiades.stoa.org/places/197104","pleiades":"197104","precision":"rough","kind":"ancient-footprint","source":"pleiades-polygons"}},{"type":"Feature","geometry":{"type":"Polygon","coordinates":[[[17.0,43.0],[18.0,43.0],[18.0,44.0],[17.0,44.0],[17.0,43.0]]]},"properties":{"name":"Undetermined location","uri":"https://pleiades.stoa.org/places/197151","pleiades":"197151","precision":"rough","kind":"ancient-footprint","source":"pleiades-polygons"}},{"type":"Feature","geometry":{"type":"Polygon","coordinates":[[[16.0,47.0],[17.0,47.0],[17.0,48.0],[16.0,48.0],[16.0,47.0]]]},"properties":{"name":"Undetermined location","uri":"https://pleiades.stoa.org/places/197140","pleiades":"197140","precision":"rough","kind":"ancient-footprint","source":"pleiades-polygons"}},{"type":"Feature","geometry":{"type":"Polygon","coordinates":[[[17.0,47.0],[18.0,47.0],[18.0,48.0],[17.0,48.0],[17.0,47.0]]]},"properties":{"name":"Undetermined location","uri":"https://pleiades.stoa.org/places/197141","pleiades":"197141","precision":"rough","kind":"ancient-footprint","source":"pleiades-polygons"}},{"type":"Feature","geometry":{"type":"Polygon","coordinates":[[[14.0,46.0],[15.0,46.0],[15.0,47.0],[14.0,47.0],[14.0,46.0]]]},"properties":{"name":"Undetermined location","uri":"https://pleiades.stoa.org/places/197194","pleiades":"197194","precision":"rough","kind":"ancient-footprint","source":"pleiades-polygons"}},{"type":"Feature","geometry":{"type":"Polygon","coordinates":[[[17.0,43.0],[18.0,43.0],[18.0,44.0],[17.0,44.0],[17.0,43.0]]]},"properties":{"name":"Undetermined location","uri":"https://pleiades.stoa.org/places/197136","pleiades":"197136","precision":"rough","kind":"ancient-footprint","source":"pleiades-polygons"}},{"type":"Feature","geometry":{"type":"Polygon","coordinates":[[[15.0,46.0],[16.0,46.0],[16.0,47.0],[15.0,47.0],[15.0,46.0]]]},"properties":{"name":"Undetermined location","uri":"https://pleiades.stoa.org/places/197820","pleiades":"197820","precision":"rough","kind":"ancient-footprint","source":"pleiades-polygons"}},{"type":"Feature","geometry":{"type":"Polygon","coordinates":[[[14.0,46.0],[15.0,46.0],[15.0,47.0],[14.0,47.0],[14.0,46.0]]]},"properties":{"name":"Undetermined location","uri":"https://pleiades.stoa.org/places/197816","pleiades":"197816","precision":"rough","kind":"ancient-footprint","source":"pleiades-polygons"}},{"type":"Feature","geometry":{"type":"Polygon","coordinates":[[[14.0,45.0],[15.0,45.0],[15.0,46.0],[14.0,46.0],[14.0,45.0]]]},"properties":{"name":"Undetermined location","uri":"https://pleiades.stoa.org/places/197817","pleiades":"197817","precision":"rough","kind":"ancient-footprint","source":"pleiades-polygons"}},{"type":"Feature","geometry":{"type":"Polygon","coordinates":[[[15.0,45.0],[16.0,45.0],[16.0,46.0],[15.0,46.0],[15.0,45.0]]]},"properties":{"name":"Undetermined location","uri":"https://pleiades.stoa.org/places/197821","pleiades":"197821","precision":"rough","kind":"ancient-footprint","source":"pleiades-polygons"}},{"type":"Feature","geometry":{"type":"Polygon","coordinates":[[[16.0,47.0],[17.0,47.0],[17.0,48.0],[16.0,48.0],[16.0,47.0]]]},"properties":{"name":"Undetermined location","uri":"https://pleiades.stoa.org/places/197826","pleiades":"197826","precision":"rough","kind":"ancient-footprint","source":"pleiades-polygons"}},{"type":"Feature","geometry":{"type":"Polygon","coordinates":[[[18.0,47.0],[19.0,47.0],[19.0,48.0],[18.0,48.0],[18.0,47.0]]]},"properties":{"name":"Undetermined location","uri":"https://pleiades.stoa.org/places/197830","pleiades":"197830","precision":"rough","kind":"ancient-footprint","source":"pleiades-polygons"}},{"type":"Feature","geometry":{"type":"Polygon","coordinates":[[[16.0,45.0],[17.0,45.0],[17.0,46.0],[16.0,46.0],[16.0,45.0]]]},"properties":{"name":"Undetermined location","uri":"https://pleiades.stoa.org/places/197827","pleiades":"197827","precision":"rough","kind":"ancient-footprint","source":"pleiades-polygons"}},{"type":"Feature","geometry":{"type":"Polygon","coordinates":[[[16.0,44.0],[17.0,44.0],[17.0,45.0],[16.0,45.0],[16.0,44.0]]]},"properties":{"name":"Undetermined location","uri":"https://pleiades.stoa.org/places/197828","pleiades":"197828","precision":"rough","kind":"ancient-footprint","source":"pleiades-polygons"}},{"type":"Feature","geometry":{"type":"Polygon","coordinates":[[[13.0,45.0],[14.0,45.0],[14.0,46.0],[13.0,46.0],[13.0,45.0]]]},"properties":{"name":"Undetermined location","uri":"https://pleiades.stoa.org/places/197812","pleiades":"197812","precision":"rough","kind":"ancient-footprint","source":"pleiades-polygons"}},{"type":"Feature","geometry":{"type":"Polygon","coordinates":[[[15.0,44.0],[16.0,44.0],[16.0,45.0],[15.0,45.0],[15.0,44.0]]]},"properties":{"name":"Undetermined location","uri":"https://pleiades.stoa.org/places/197824","pleiades":"197824","precision":"rough","kind":"ancient-footprint","source":"pleiades-polygons"}},{"type":"Feature","geometry":{"type":"Polygon","coordinates":[[[15.0,43.0],[16.0,43.0],[16.0,44.0],[15.0,44.0],[15.0,43.0]]]},"properties":{"name":"Undetermined location","uri":"https://pleiades.stoa.org/places/197825","pleiades":"197825","precision":"rough","kind":"ancient-footprint","source":"pleiades-polygons"}},{"type":"Feature","geometry":{"type":"Polygon","coordinates":[[[13.0,45.0],[14.0,45.0],[14.0,46.0],[13.0,46.0],[13.0,45.0]]]},"properties":{"name":"Undetermined location","uri":"https://pleiades.stoa.org/places/197813","pleiades":"197813","precision":"rough","kind":"ancient-footprint","source":"pleiades-polygons"}},{"type":"Feature","geometry":{"type":"Polygon","coordinates":[[[17.0,47.0],[18.0,47.0],[18.0,48.0],[17.0,48.0],[17.0,47.0]]]},"properties":{"name":"Undetermined location","uri":"https://pleiades.stoa.org/places/197829","pleiades":"197829","precision":"rough","kind":"ancient-footprint","source":"pleiades-polygons"}},{"type":"Feature","geometry":{"type":"Polygon","coordinates":[[[15.0,44.0],[16.0,44.0],[16.0,45.0],[15.0,45.0],[15.0,44.0]]]},"properties":{"name":"Undetermined location","uri":"https://pleiades.stoa.org/places/197822","pleiades":"197822","precision":"rough","kind":"ancient-footprint","source":"pleiades-polygons"}},{"type":"Feature","geometry":{"type":"Polygon","coordinates":[[[14.0,44.0],[15.0,44.0],[15.0,45.0],[14.0,45.0],[14.0,44.0]]]},"properties":{"name":"Undetermined location","uri":"https://pleiades.stoa.org/places/197818","pleiades":"197818","precision":"rough","kind":"ancient-footprint","source":"pleiades-polygons"}},{"type":"Feature","geometry":{"type":"Polygon","coordinates":[[[13.0,45.0],[14.0,45.0],[14.0,46.0],[13.0,46.0],[13.0,45.0]]]},"properties":{"name":"Undetermined location","uri":"https://pleiades.stoa.org/places/197814","pleiades":"197814","precision":"rough","kind":"ancient-footprint","source":"pleiades-polygons"}},{"type":"Feature","geometry":{"type":"Polygon","coordinates":[[[13.0,45.0],[14.0,45.0],[14.0,46.0],[13.0,46.0],[13.0,45.0]]]},"properties":{"name":"Undetermined location","uri":"https://pleiades.stoa.org/places/197815","pleiades":"197815","precision":"rough","kind":"ancient-footprint","source":"pleiades-polygons"}},{"type":"Feature","geometry":{"type":"Polygon","coordinates":[[[14.0,44.0],[15.0,44.0],[15.0,45.0],[14.0,45.0],[14.0,44.0]]]},"properties":{"name":"Undetermined location","uri":"https://pleiades.stoa.org/places/197819","pleiades":"197819","precision":"rough","kind":"ancient-footprint","source":"pleiades-polygons"}},{"type":"Feature","geometry":{"type":"Polygon","coordinates":[[[15.0,44.0],[16.0,44.0],[16.0,45.0],[15.0,45.0],[15.0,44.0]]]},"properties":{"name":"Undetermined location","uri":"https://pleiades.stoa.org/places/197823","pleiades":"197823","precision":"rough","kind":"ancient-footprint","source":"pleiades-polygons"}},{"type":"Feature","geometry":{"type":"Polygon","coordinates":[[[16.0,44.0],[17.0,44.0],[17.0,45.0],[16.0,45.0],[16.0,44.0]]]},"properties":{"name":"Undetermined location","uri":"https://pleiades.stoa.org/places/197417","pleiades":"197417","precision":"rough","kind":"ancient-footprint","source":"pleiades-polygons"}},{"type":"Feature","geometry":{"type":"Polygon","coordinates":[[[16.0,47.0],[17.0,47.0],[17.0,48.0],[16.0,48.0],[16.0,47.0]]]},"properties":{"name":"Undetermined location","uri":"https://pleiades.stoa.org/places/197499","pleiades":"197499","precision":"rough","kind":"ancient-footprint","source":"pleiades-polygons"}},{"type":"Feature","geometry":{"type":"Polygon","coordinates":[[[16.0,43.0],[17.0,43.0],[17.0,44.0],[16.0,44.0],[16.0,43.0]]]},"properties":{"name":"Undetermined location","uri":"https://pleiades.stoa.org/places/197407","pleiades":"197407","precision":"rough","kind":"ancient-footprint","source":"pleiades-polygons"}},{"type":"Feature","geometry":{"type":"Polygon","coordinates":[[[13.0,44.0],[14.0,44.0],[14.0,45.0],[13.0,45.0],[13.0,44.0]]]},"properties":{"name":"Undetermined location","uri":"https://pleiades.stoa.org/places/197450","pleiades":"197450","precision":"rough","kind":"ancient-footprint","source":"pleiades-polygons"}},{"type":"Feature","geometry":{"type":"Polygon","coordinates":[[[13.0,45.0],[14.0,45.0],[14.0,46.0],[13.0,46.0],[13.0,45.0]]]},"properties":{"name":"Undetermined location","uri":"https://pleiades.stoa.org/places/197409","pleiades":"197409","precision":"rough","kind":"ancient-footprint","source":"pleiades-polygons"}},{"type":"Feature","geometry":{"type":"Polygon","coordinates":[[[16.0,43.0],[17.0,43.0],[17.0,44.0],[16.0,44.0],[16.0,43.0]]]},"properties":{"name":"Undetermined location","uri":"https://pleiades.stoa.org/places/197487","pleiades":"197487","precision":"rough","kind":"ancient-footprint","source":"pleiades-polygons"}},{"type":"Feature","geometry":{"type":"Polygon","coordinates":[[[18.0,45.0],[19.0,45.0],[19.0,46.0],[18.0,46.0],[18.0,45.0]]]},"properties":{"name":"Undetermined location","uri":"https://pleiades.stoa.org/places/197305","pleiades":"197305","precision":"rough","kind":"ancient-footprint","source":"pleiades-polygons"}},{"type":"Feature","geometry":{"type":"Polygon","coordinates":[[[17.0,43.0],[18.0,43.0],[18.0,44.0],[17.0,44.0],[17.0,43.0]]]},"properties":{"name":"Undetermined location","uri":"https://pleiades.stoa.org/places/197398","pleiades":"197398","precision":"rough","kind":"ancient-footprint","source":"pleiades-polygons"}},{"type":"Feature","geometry":{"type":"Polygon","coordinates":[[[14.0,45.0],[15.0,45.0],[15.0,46.0],[14.0,46.0],[14.0,45.0]]]},"properties":{"name":"Undetermined location","uri":"https://pleiades.stoa.org/places/197271","pleiades":"197271","precision":"rough","kind":"ancient-footprint","source":"pleiades-polygons"}},{"type":"Feature","geometry":{"type":"Polygon","coordinates":[[[15.0,44.0],[16.0,44.0],[16.0,45.0],[15.0,45.0],[15.0,44.0]]]},"properties":{"name":"Undetermined location","uri":"https://pleiades.stoa.org/places/197240","pleiades":"197240","precision":"rough","kind":"ancient-footprint","source":"pleiades-polygons"}},{"type":"Feature","geometry":{"type":"Polygon","coordinates":[[[17.0,47.0],[18.0,47.0],[18.0,48.0],[17.0,48.0],[17.0,47.0]]]},"properties":{"name":"Undetermined location","uri":"https://pleiades.stoa.org/places/197255","pleiades":"197255","precision":"rough","kind":"ancient-footprint","source":"pleiades-polygons"}},{"type":"Feature","geometry":{"type":"Polygon","coordinates":[[[18.0,45.0],[19.0,45.0],[19.0,46.0],[18.0,46.0],[18.0,45.0]]]},"properties":{"name":"Undetermined location","uri":"https://pleiades.stoa.org/places/197562","pleiades":"197562","precision":"rough","kind":"ancient-footprint","source":"pleiades-polygons"}},{"type":"Feature","geometry":{"type":"Polygon","coordinates":[[[15.0,46.0],[16.0,46.0],[16.0,47.0],[15.0,47.0],[15.0,46.0]]]},"properties":{"name":"Undetermined location","uri":"https://pleiades.stoa.org/places/197520","pleiades":"197520","precision":"rough","kind":"ancient-footprint","source":"pleiades-polygons"}},{"type":"Feature","geometry":{"type":"Polygon","coordinates":[[[16.0,45.0],[17.0,45.0],[17.0,46.0],[16.0,46.0],[16.0,45.0]]]},"properties":{"name":"Undetermined location","uri":"https://pleiades.stoa.org/places/197571","pleiades":"197571","precision":"rough","kind":"ancient-footprint","source":"pleiades-polygons"}},{"type":"Feature","geometry":{"type":"Polygon","coordinates":[[[17.0,44.0],[18.0,44.0],[18.0,45.0],[17.0,45.0],[17.0,44.0]]]},"properties":{"name":"Undetermined location","uri":"https://pleiades.stoa.org/places/197566","pleiades":"197566","precision":"rough","kind":"ancient-footprint","source":"pleiades-polygons"}},{"type":"Feature","geometry":{"type":"Polygon","coordinates":[[[13.0,47.0],[14.0,47.0],[14.0,48.0],[13.0,48.0],[13.0,47.0]]]},"properties":{"name":"Barrington Atlas location","uri":"https://pleiades.stoa.org/places/191018","pleiades":"191018","precision":"rough","kind":"ancient-footprint","source":"pleiades-polygons"}},{"type":"Feature","geometry":{"type":"Polygon","coordinates":[[[13.0,47.0],[14.0,47.0],[14.0,48.0],[13.0,48.0],[13.0,47.0]]]},"properties":{"name":"Barrington Atlas location","uri":"https://pleiades.stoa.org/places/191019","pleiades":"191019","precision":"rough","kind":"ancient-footprint","source":"pleiades-polygons"}},{"type":"Feature","geometry":{"type":"Polygon","coordinates":[[[13.0,47.0],[14.0,47.0],[14.0,48.0],[13.0,48.0],[13.0,47.0]]]},"properties":{"name":"Barrington Atlas location","uri":"https://pleiades.stoa.org/places/191017","pleiades":"191017","precision":"rough","kind":"ancient-footprint","source":"pleiades-polygons"}},{"type":"Feature","geometry":{"type":"Polygon","coordinates":[[[18.0,45.0],[19.0,45.0],[19.0,46.0],[18.0,46.0],[18.0,45.0]]]},"properties":{"name":"Undetermined location","uri":"https://pleiades.stoa.org/places/198570","pleiades":"198570","precision":"rough","kind":"ancient-footprint","source":"pleiades-polygons"}},{"type":"Feature","geometry":{"type":"Polygon","coordinates":[[[13.0,45.0],[14.0,45.0],[14.0,46.0],[13.0,46.0],[13.0,45.0]]]},"properties":{"name":"Undetermined location","uri":"https://pleiades.stoa.org/places/198567","pleiades":"198567","precision":"rough","kind":"ancient-footprint","source":"pleiades-polygons"}},{"type":"Feature","geometry":{"type":"Polygon","coordinates":[[[10.0,40.0],[15.0,40.0],[15.0,45.0],[10.0,45.0],[10.0,40.0]]]},"properties":{"name":"Barrington Atlas location","uri":"https://pleiades.stoa.org/places/1052","pleiades":"1052","precision":"rough","kind":"ancient-footprint","source":"pleiades-polygons"}},{"type":"Feature","geometry":{"type":"Polygon","coordinates":[[[5.0,45.0],[10.0,45.0],[10.0,50.0],[5.0,50.0],[5.0,45.0]]]},"properties":{"name":"Barrington Atlas location","uri":"https://pleiades.stoa.org/places/1000","pleiades":"1000","precision":"rough","kind":"ancient-footprint","source":"pleiades-polygons"}},{"type":"Feature","geometry":{"type":"Polygon","coordinates":[[[15.0,35.0],[20.0,35.0],[20.0,40.0],[15.0,40.0],[15.0,35.0]]]},"properties":{"name":"Barrington Atlas location","uri":"https://pleiades.stoa.org/places/1046","pleiades":"1046","precision":"rough","kind":"ancient-footprint","source":"pleiades-polygons"}},{"type":"Feature","geometry":{"type":"Polygon","coordinates":[[[15.0,40.0],[20.0,40.0],[20.0,45.0],[15.0,45.0],[15.0,40.0]]]},"properties":{"name":"Barrington Atlas location","uri":"https://pleiades.stoa.org/places/1001903","pleiades":"1001903","precision":"rough","kind":"ancient-footprint","source":"pleiades-polygons"}},{"type":"Feature","geometry":{"type":"Polygon","coordinates":[[[15.0,45.0],[20.0,45.0],[20.0,50.0],[15.0,50.0],[15.0,45.0]]]},"properties":{"name":"Barrington Atlas location","uri":"https://pleiades.stoa.org/places/1001905","pleiades":"1001905","precision":"rough","kind":"ancient-footprint","source":"pleiades-polygons"}},{"type":"Feature","geometry":{"type":"Polygon","coordinates":[[[15.0,40.0],[20.0,40.0],[20.0,45.0],[15.0,45.0],[15.0,40.0]]]},"properties":{"name":"Barrington Atlas location","uri":"https://pleiades.stoa.org/places/1001133","pleiades":"1001133","precision":"rough","kind":"ancient-footprint","source":"pleiades-polygons"}},{"type":"Feature","geometry":{"type":"Polygon","coordinates":[[[8.0,44.0],[8.5,44.0],[8.5,44.5],[8.0,44.5],[8.0,44.0]]]},"properties":{"name":"Barrington Atlas location","uri":"https://pleiades.stoa.org/places/160818","pleiades":"160818","precision":"rough","kind":"ancient-footprint","source":"pleiades-polygons"}},{"type":"Feature","geometry":{"type":"Polygon","coordinates":[[[15.0,35.0],[20.0,35.0],[20.0,40.0],[15.0,40.0],[15.0,35.0]]]},"properties":{"name":"Barrington Atlas location","uri":"https://pleiades.stoa.org/places/1113","pleiades":"1113","precision":"rough","kind":"ancient-footprint","source":"pleiades-polygons"}},{"type":"Feature","geometry":{"type":"Polygon","coordinates":[[[0.0,47.0],[9.0,47.0],[9.0,52.0],[0.0,52.0],[0.0,47.0]]]},"properties":{"name":"Undetermined location","uri":"https://pleiades.stoa.org/places/113325","pleiades":"113325","precision":"rough","kind":"ancient-footprint","source":"pleiades-polygons"}},{"type":"Feature","geometry":{"type":"Polygon","coordinates":[[[0.0,47.0],[9.0,47.0],[9.0,52.0],[0.0,52.0],[0.0,47.0]]]},"properties":{"name":"Undetermined location","uri":"https://pleiades.stoa.org/places/113333","pleiades":"113333","precision":"rough","kind":"ancient-footprint","source":"pleiades-polygons"}},{"type":"Feature","geometry":{"type":"Polygon","coordinates":[[[0.0,47.0],[9.0,47.0],[9.0,52.0],[0.0,52.0],[0.0,47.0]]]},"properties":{"name":"Undetermined location","uri":"https://pleiades.stoa.org/places/113309","pleiades":"113309","precision":"rough","kind":"ancient-footprint","source":"pleiades-polygons"}},{"type":"Feature","geometry":{"type":"Polygon","coordinates":[[[0.0,47.0],[9.0,47.0],[9.0,52.0],[0.0,52.0],[0.0,47.0]]]},"properties":{"name":"Undetermined location","uri":"https://pleiades.stoa.org/places/113329","pleiades":"113329","precision":"rough","kind":"ancient-footprint","source":"pleiades-polygons"}},{"type":"Feature","geometry":{"type":"Polygon","coordinates":[[[0.0,47.0],[9.0,47.0],[9.0,52.0],[0.0,52.0],[0.0,47.0]]]},"properties":{"name":"Undetermined location","uri":"https://pleiades.stoa.org/places/113313","pleiades":"113313","precision":"rough","kind":"ancient-footprint","source":"pleiades-polygons"}},{"type":"Feature","geometry":{"type":"Polygon","coordinates":[[[0.0,47.0],[9.0,47.0],[9.0,52.0],[0.0,52.0],[0.0,47.0]]]},"properties":{"name":"Undetermined location","uri":"https://pleiades.stoa.org/places/113305","pleiades":"113305","precision":"rough","kind":"ancient-footprint","source":"pleiades-polygons"}},{"type":"Feature","geometry":{"type":"Polygon","coordinates":[[[0.0,47.0],[9.0,47.0],[9.0,52.0],[0.0,52.0],[0.0,47.0]]]},"properties":{"name":"Undetermined location","uri":"https://pleiades.stoa.org/places/113312","pleiades":"113312","precision":"rough","kind":"ancient-footprint","source":"pleiades-polygons"}},{"type":"Feature","geometry":{"type":"Polygon","coordinates":[[[0.0,47.0],[9.0,47.0],[9.0,52.0],[0.0,52.0],[0.0,47.0]]]},"properties":{"name":"Undetermined location","uri":"https://pleiades.stoa.org/places/113328","pleiades":"113328","precision":"rough","kind":"ancient-footprint","source":"pleiades-polygons"}},{"type":"Feature","geometry":{"type":"Polygon","coordinates":[[[0.0,47.0],[9.0,47.0],[9.0,52.0],[0.0,52.0],[0.0,47.0]]]},"properties":{"name":"Undetermined location","uri":"https://pleiades.stoa.org/places/113308","pleiades":"113308","precision":"rough","kind":"ancient-footprint","source":"pleiades-polygons"}},{"type":"Feature","geometry":{"type":"Polygon","coordinates":[[[0.0,47.0],[9.0,47.0],[9.0,52.0],[0.0,52.0],[0.0,47.0]]]},"properties":{"name":"Undetermined location","uri":"https://pleiades.stoa.org/places/113332","pleiades":"113332","precision":"rough","kind":"ancient-footprint","source":"pleiades-polygons"}},{"type":"Feature","geometry":{"type":"Polygon","coordinates":[[[0.0,47.0],[9.0,47.0],[9.0,52.0],[0.0,52.0],[0.0,47.0]]]},"properties":{"name":"Undetermined location","uri":"https://pleiades.stoa.org/places/113324","pleiades":"113324","precision":"rough","kind":"ancient-footprint","source":"pleiades-polygons"}},{"type":"Feature","geometry":{"type":"Polygon","coordinates":[[[0.0,47.0],[9.0,47.0],[9.0,52.0],[0.0,52.0],[0.0,47.0]]]},"properties":{"name":"Undetermined location","uri":"https://pleiades.stoa.org/places/113315","pleiades":"113315","precision":"rough","kind":"ancient-footprint","source":"pleiades-polygons"}},{"type":"Feature","geometry":{"type":"Polygon","coordinates":[[[0.0,47.0],[9.0,47.0],[9.0,52.0],[0.0,52.0],[0.0,47.0]]]},"properties":{"name":"Undetermined location","uri":"https://pleiades.stoa.org/places/113303","pleiades":"113303","precision":"rough","kind":"ancient-footprint","source":"pleiades-polygons"}},{"type":"Feature","geometry":{"type":"Polygon","coordinates":[[[0.0,47.0],[9.0,47.0],[9.0,52.0],[0.0,52.0],[0.0,47.0]]]},"properties":{"name":"Undetermined location","uri":"https://pleiades.stoa.org/places/113323","pleiades":"113323","precision":"rough","kind":"ancient-footprint","source":"pleiades-polygons"}},{"type":"Feature","geometry":{"type":"Polygon","coordinates":[[[0.0,47.0],[9.0,47.0],[9.0,52.0],[0.0,52.0],[0.0,47.0]]]},"properties":{"name":"Undetermined location","uri":"https://pleiades.stoa.org/places/113319","pleiades":"113319","precision":"rough","kind":"ancient-footprint","source":"pleiades-polygons"}},{"type":"Feature","geometry":{"type":"Polygon","coordinates":[[[0.0,47.0],[9.0,47.0],[9.0,52.0],[0.0,52.0],[0.0,47.0]]]},"properties":{"name":"Undetermined location","uri":"https://pleiades.stoa.org/places/113318","pleiades":"113318","precision":"rough","kind":"ancient-footprint","source":"pleiades-polygons"}},{"type":"Feature","geometry":{"type":"Polygon","coordinates":[[[0.0,47.0],[9.0,47.0],[9.0,52.0],[0.0,52.0],[0.0,47.0]]]},"properties":{"name":"Undetermined location","uri":"https://pleiades.stoa.org/places/113334","pleiades":"113334","precision":"rough","kind":"ancient-footprint","source":"pleiades-polygons"}},{"type":"Feature","geometry":{"type":"Polygon","coordinates":[[[0.0,47.0],[9.0,47.0],[9.0,52.0],[0.0,52.0],[0.0,47.0]]]},"properties":{"name":"Undetermined location","uri":"https://pleiades.stoa.org/places/113322","pleiades":"113322","precision":"rough","kind":"ancient-footprint","source":"pleiades-polygons"}},{"type":"Feature","geometry":{"type":"Polygon","coordinates":[[[0.0,47.0],[9.0,47.0],[9.0,52.0],[0.0,52.0],[0.0,47.0]]]},"properties":{"name":"Undetermined location","uri":"https://pleiades.stoa.org/places/113302","pleiades":"113302","precision":"rough","kind":"ancient-footprint","source":"pleiades-polygons"}},{"type":"Feature","geometry":{"type":"Polygon","coordinates":[[[0.0,47.0],[9.0,47.0],[9.0,52.0],[0.0,52.0],[0.0,47.0]]]},"properties":{"name":"Undetermined location","uri":"https://pleiades.stoa.org/places/113314","pleiades":"113314","precision":"rough","kind":"ancient-footprint","source":"pleiades-polygons"}},{"type":"Feature","geometry":{"type":"Polygon","coordinates":[[[0.0,47.0],[9.0,47.0],[9.0,52.0],[0.0,52.0],[0.0,47.0]]]},"properties":{"name":"Undetermined location","uri":"https://pleiades.stoa.org/places/113301","pleiades":"113301","precision":"rough","kind":"ancient-footprint","source":"pleiades-polygons"}},{"type":"Feature","geometry":{"type":"Polygon","coordinates":[[[0.0,47.0],[9.0,47.0],[9.0,52.0],[0.0,52.0],[0.0,47.0]]]},"properties":{"name":"Undetermined location","uri":"https://pleiades.stoa.org/places/113317","pleiades":"113317","precision":"rough","kind":"ancient-footprint","source":"pleiades-polygons"}},{"type":"Feature","geometry":{"type":"Polygon","coordinates":[[[0.0,47.0],[9.0,47.0],[9.0,52.0],[0.0,52.0],[0.0,47.0]]]},"properties":{"name":"Undetermined location","uri":"https://pleiades.stoa.org/places/113321","pleiades":"113321","precision":"rough","kind":"ancient-footprint","source":"pleiades-polygons"}},{"type":"Feature","geometry":{"type":"Polygon","coordinates":[[[0.0,47.0],[9.0,47.0],[9.0,52.0],[0.0,52.0],[0.0,47.0]]]},"properties":{"name":"Undetermined location","uri":"https://pleiades.stoa.org/places/113320","pleiades":"113320","precision":"rough","kind":"ancient-footprint","source":"pleiades-polygons"}},{"type":"Feature","geometry":{"type":"Polygon","coordinates":[[[0.0,47.0],[9.0,47.0],[9.0,52.0],[0.0,52.0],[0.0,47.0]]]},"properties":{"name":"Undetermined location","uri":"https://pleiades.stoa.org/places/113316","pleiades":"113316","precision":"rough","kind":"ancient-footprint","source":"pleiades-polygons"}},{"type":"Feature","geometry":{"type":"Polygon","coordinates":[[[0.0,47.0],[9.0,47.0],[9.0,52.0],[0.0,52.0],[0.0,47.0]]]},"properties":{"name":"Undetermined location","uri":"https://pleiades.stoa.org/places/113300","pleiades":"113300","precision":"rough","kind":"ancient-footprint","source":"pleiades-polygons"}},{"type":"Feature","geometry":{"type":"Polygon","coordinates":[[[0.0,47.0],[9.0,47.0],[9.0,52.0],[0.0,52.0],[0.0,47.0]]]},"properties":{"name":"Undetermined location","uri":"https://pleiades.stoa.org/places/113331","pleiades":"113331","precision":"rough","kind":"ancient-footprint","source":"pleiades-polygons"}},{"type":"Feature","geometry":{"type":"Polygon","coordinates":[[[0.0,47.0],[9.0,47.0],[9.0,52.0],[0.0,52.0],[0.0,47.0]]]},"properties":{"name":"Undetermined location","uri":"https://pleiades.stoa.org/places/113327","pleiades":"113327","precision":"rough","kind":"ancient-footprint","source":"pleiades-polygons"}},{"type":"Feature","geometry":{"type":"Polygon","coordinates":[[[0.0,47.0],[9.0,47.0],[9.0,52.0],[0.0,52.0],[0.0,47.0]]]},"properties":{"name":"Undetermined location","uri":"https://pleiades.stoa.org/places/113307","pleiades":"113307","precision":"rough","kind":"ancient-footprint","source":"pleiades-polygons"}},{"type":"Feature","geometry":{"type":"Polygon","coordinates":[[[0.0,47.0],[9.0,47.0],[9.0,52.0],[0.0,52.0],[0.0,47.0]]]},"properties":{"name":"Undetermined location","uri":"https://pleiades.stoa.org/places/113311","pleiades":"113311","precision":"rough","kind":"ancient-footprint","source":"pleiades-polygons"}},{"type":"Feature","geometry":{"type":"Polygon","coordinates":[[[0.0,47.0],[9.0,47.0],[9.0,52.0],[0.0,52.0],[0.0,47.0]]]},"properties":{"name":"Undetermined location","uri":"https://pleiades.stoa.org/places/113310","pleiades":"113310","precision":"rough","kind":"ancient-footprint","source":"pleiades-polygons"}},{"type":"Feature","geometry":{"type":"Polygon","coordinates":[[[0.0,47.0],[9.0,47.0],[9.0,52.0],[0.0,52.0],[0.0,47.0]]]},"properties":{"name":"Undetermined location","uri":"https://pleiades.stoa.org/places/113306","pleiades":"113306","precision":"rough","kind":"ancient-footprint","source":"pleiades-polygons"}},{"type":"Feature","geometry":{"type":"Polygon","coordinates":[[[0.0,47.0],[9.0,47.0],[9.0,52.0],[0.0,52.0],[0.0,47.0]]]},"properties":{"name":"Undetermined location","uri":"https://pleiades.stoa.org/places/113326","pleiades":"113326","precision":"rough","kind":"ancient-footprint","source":"pleiades-polygons"}},{"type":"Feature","geometry":{"type":"Polygon","coordinates":[[[0.0,47.0],[9.0,47.0],[9.0,52.0],[0.0,52.0],[0.0,47.0]]]},"properties":{"name":"Undetermined location","uri":"https://pleiades.stoa.org/places/113330","pleiades":"113330","precision":"rough","kind":"ancient-footprint","source":"pleiades-polygons"}},{"type":"Feature","geometry":{"type":"Polygon","coordinates":[[[0.0,47.0],[9.0,47.0],[9.0,52.0],[0.0,52.0],[0.0,47.0]]]},"properties":{"name":"Undetermined location","uri":"https://pleiades.stoa.org/places/113260","pleiades":"113260","precision":"rough","kind":"ancient-footprint","source":"pleiades-polygons"}},{"type":"Feature","geometry":{"type":"Polygon","coordinates":[[[0.0,47.0],[9.0,47.0],[9.0,52.0],[0.0,52.0],[0.0,47.0]]]},"properties":{"name":"Undetermined location","uri":"https://pleiades.stoa.org/places/113276","pleiades":"113276","precision":"rough","kind":"ancient-footprint","source":"pleiades-polygons"}},{"type":"Feature","geometry":{"type":"Polygon","coordinates":[[[0.0,47.0],[9.0,47.0],[9.0,52.0],[0.0,52.0],[0.0,47.0]]]},"properties":{"name":"Undetermined location","uri":"https://pleiades.stoa.org/places/113299","pleiades":"113299","precision":"rough","kind":"ancient-footprint","source":"pleiades-polygons"}},{"type":"Feature","geometry":{"type":"Polygon","coordinates":[[[0.0,47.0],[9.0,47.0],[9.0,52.0],[0.0,52.0],[0.0,47.0]]]},"properties":{"name":"Undetermined location","uri":"https://pleiades.stoa.org/places/113283","pleiades":"113283","precision":"rough","kind":"ancient-footprint","source":"pleiades-polygons"}},{"type":"Feature","geometry":{"type":"Polygon","coordinates":[[[0.0,47.0],[9.0,47.0],[9.0,52.0],[0.0,52.0],[0.0,47.0]]]},"properties":{"name":"Undetermined location","uri":"https://pleiades.stoa.org/places/113256","pleiades":"113256","precision":"rough","kind":"ancient-footprint","source":"pleiades-polygons"}},{"type":"Feature","geometry":{"type":"Polygon","coordinates":[[[0.0,47.0],[9.0,47.0],[9.0,52.0],[0.0,52.0],[0.0,47.0]]]},"properties":{"name":"Undetermined location","uri":"https://pleiades.stoa.org/places/113257","pleiades":"113257","precision":"rough","kind":"ancient-footprint","source":"pleiades-polygons"}},{"type":"Feature","geometry":{"type":"Polygon","coordinates":[[[0.0,47.0],[9.0,47.0],[9.0,52.0],[0.0,52.0],[0.0,47.0]]]},"properties":{"name":"Undetermined location","uri":"https://pleiades.stoa.org/places/113294","pleiades":"113294","precision":"rough","kind":"ancient-footprint","source":"pleiades-polygons"}},{"type":"Feature","geometry":{"type":"Polygon","coordinates":[[[0.0,47.0],[9.0,47.0],[9.0,52.0],[0.0,52.0],[0.0,47.0]]]},"properties":{"name":"Undetermined location","uri":"https://pleiades.stoa.org/places/113282","pleiades":"113282","precision":"rough","kind":"ancient-footprint","source":"pleiades-polygons"}},{"type":"Feature","geometry":{"type":"Polygon","coordinates":[[[0.0,47.0],[9.0,47.0],[9.0,52.0],[0.0,52.0],[0.0,47.0]]]},"properties":{"name":"Undetermined location","uri":"https://pleiades.stoa.org/places/113277","pleiades":"113277","precision":"rough","kind":"ancient-footprint","source":"pleiades-polygons"}},{"type":"Feature","geometry":{"type":"Polygon","coordinates":[[[0.0,47.0],[9.0,47.0],[9.0,52.0],[0.0,52.0],[0.0,47.0]]]},"properties":{"name":"Undetermined location","uri":"https://pleiades.stoa.org/places/113298","pleiades":"113298","precision":"rough","kind":"ancient-footprint","source":"pleiades-polygons"}},{"type":"Feature","geometry":{"type":"Polygon","coordinates":[[[0.0,47.0],[9.0,47.0],[9.0,52.0],[0.0,52.0],[0.0,47.0]]]},"properties":{"name":"Undetermined location","uri":"https://pleiades.stoa.org/places/113261","pleiades":"113261","precision":"rough","kind":"ancient-footprint","source":"pleiades-polygons"}},{"type":"Feature","geometry":{"type":"Polygon","coordinates":[[[0.0,47.0],[9.0,47.0],[9.0,52.0],[0.0,52.0],[0.0,47.0]]]},"properties":{"name":"Undetermined location","uri":"https://pleiades.stoa.org/places/113285","pleiades":"113285","precision":"rough","kind":"ancient-footprint","source":"pleiades-polygons"}},{"type":"Feature","geometry":{"type":"Polygon","coordinates":[[[0.0,47.0],[9.0,47.0],[9.0,52.0],[0.0,52.0],[0.0,47.0]]]},"properties":{"name":"Undetermined location","uri":"https://pleiades.stoa.org/places/113293","pleiades":"113293","precision":"rough","kind":"ancient-footprint","source":"pleiades-polygons"}},{"type":"Feature","geometry":{"type":"Polygon","coordinates":[[[0.0,47.0],[9.0,47.0],[9.0,52.0],[0.0,52.0],[0.0,47.0]]]},"properties":{"name":"Undetermined location","uri":"https://pleiades.stoa.org/places/113266","pleiades":"113266","precision":"rough","kind":"ancient-footprint","source":"pleiades-polygons"}},{"type":"Feature","geometry":{"type":"Polygon","coordinates":[[[0.0,47.0],[9.0,47.0],[9.0,52.0],[0.0,52.0],[0.0,47.0]]]},"properties":{"name":"Undetermined location","uri":"https://pleiades.stoa.org/places/113289","pleiades":"113289","precision":"rough","kind":"ancient-footprint","source":"pleiades-polygons"}},{"type":"Feature","geometry":{"type":"Polygon","coordinates":[[[0.0,47.0],[9.0,47.0],[9.0,52.0],[0.0,52.0],[0.0,47.0]]]},"properties":{"name":"Undetermined location","uri":"https://pleiades.stoa.org/places/113270","pleiades":"113270","precision":"rough","kind":"ancient-footprint","source":"pleiades-polygons"}},{"type":"Feature","geometry":{"type":"Polygon","coordinates":[[[0.0,47.0],[9.0,47.0],[9.0,52.0],[0.0,52.0],[0.0,47.0]]]},"properties":{"name":"Undetermined location","uri":"https://pleiades.stoa.org/places/113271","pleiades":"113271","precision":"rough","kind":"ancient-footprint","source":"pleiades-polygons"}},{"type":"Feature","geometry":{"type":"Polygon","coordinates":[[[0.0,47.0],[9.0,47.0],[9.0,52.0],[0.0,52.0],[0.0,47.0]]]},"properties":{"name":"Undetermined location","uri":"https://pleiades.stoa.org/places/113267","pleiades":"113267","precision":"rough","kind":"ancient-footprint","source":"pleiades-polygons"}},{"type":"Feature","geometry":{"type":"Polygon","coordinates":[[[0.0,47.0],[9.0,47.0],[9.0,52.0],[0.0,52.0],[0.0,47.0]]]},"properties":{"name":"Undetermined location","uri":"https://pleiades.stoa.org/places/113288","pleiades":"113288","precision":"rough","kind":"ancient-footprint","source":"pleiades-polygons"}},{"type":"Feature","geometry":{"type":"Polygon","coordinates":[[[0.0,47.0],[9.0,47.0],[9.0,52.0],[0.0,52.0],[0.0,47.0]]]},"properties":{"name":"Undetermined location","uri":"https://pleiades.stoa.org/places/113292","pleiades":"113292","precision":"rough","kind":"ancient-footprint","source":"pleiades-polygons"}},{"type":"Feature","geometry":{"type":"Polygon","coordinates":[[[0.0,47.0],[9.0,47.0],[9.0,52.0],[0.0,52.0],[0.0,47.0]]]},"properties":{"name":"Undetermined location","uri":"https://pleiades.stoa.org/places/113284","pleiades":"113284","precision":"rough","kind":"ancient-footprint","source":"pleiades-polygons"}},{"type":"Feature","geometry":{"type":"Polygon","coordinates":[[[0.0,47.0],[9.0,47.0],[9.0,52.0],[0.0,52.0],[0.0,47.0]]]},"properties":{"name":"Undetermined location","uri":"https://pleiades.stoa.org/places/113252","pleiades":"113252","precision":"rough","kind":"ancient-footprint","source":"pleiades-polygons"}},{"type":"Feature","geometry":{"type":"Polygon","coordinates":[[[0.0,47.0],[9.0,47.0],[9.0,52.0],[0.0,52.0],[0.0,47.0]]]},"properties":{"name":"Undetermined location","uri":"https://pleiades.stoa.org/places/113291","pleiades":"113291","precision":"rough","kind":"ancient-footprint","source":"pleiades-polygons"}},{"type":"Feature","geometry":{"type":"Polygon","coordinates":[[[0.0,47.0],[9.0,47.0],[9.0,52.0],[0.0,52.0],[0.0,47.0]]]},"properties":{"name":"Undetermined location","uri":"https://pleiades.stoa.org/places/113287","pleiades":"113287","precision":"rough","kind":"ancient-footprint","source":"pleiades-polygons"}},{"type":"Feature","geometry":{"type":"Polygon","coordinates":[[[0.0,47.0],[9.0,47.0],[9.0,52.0],[0.0,52.0],[0.0,47.0]]]},"properties":{"name":"Undetermined location","uri":"https://pleiades.stoa.org/places/113272","pleiades":"113272","precision":"rough","kind":"ancient-footprint","source":"pleiades-polygons"}},{"type":"Feature","geometry":{"type":"Polygon","coordinates":[[[0.0,47.0],[9.0,47.0],[9.0,52.0],[0.0,52.0],[0.0,47.0]]]},"properties":{"name":"Undetermined location","uri":"https://pleiades.stoa.org/places/113264","pleiades":"113264","precision":"rough","kind":"ancient-footprint","source":"pleiades-polygons"}},{"type":"Feature","geometry":{"type":"Polygon","coordinates":[[[0.0,47.0],[9.0,47.0],[9.0,52.0],[0.0,52.0],[0.0,47.0]]]},"properties":{"name":"Undetermined location","uri":"https://pleiades.stoa.org/places/113265","pleiades":"113265","precision":"rough","kind":"ancient-footprint","source":"pleiades-polygons"}},{"type":"Feature","geometry":{"type":"Polygon","coordinates":[[[0.0,47.0],[9.0,47.0],[9.0,52.0],[0.0,52.0],[0.0,47.0]]]},"properties":{"name":"Undetermined location","uri":"https://pleiades.stoa.org/places/113273","pleiades":"113273","precision":"rough","kind":"ancient-footprint","source":"pleiades-polygons"}},{"type":"Feature","geometry":{"type":"Polygon","coordinates":[[[0.0,47.0],[9.0,47.0],[9.0,52.0],[0.0,52.0],[0.0,47.0]]]},"properties":{"name":"Undetermined location","uri":"https://pleiades.stoa.org/places/113286","pleiades":"113286","precision":"rough","kind":"ancient-footprint","source":"pleiades-polygons"}},{"type":"Feature","geometry":{"type":"Polygon","coordinates":[[[0.0,47.0],[9.0,47.0],[9.0,52.0],[0.0,52.0],[0.0,47.0]]]},"properties":{"name":"Undetermined location","uri":"https://pleiades.stoa.org/places/113269","pleiades":"113269","precision":"rough","kind":"ancient-footprint","source":"pleiades-polygons"}},{"type":"Feature","geometry":{"type":"Polygon","coordinates":[[[0.0,47.0],[9.0,47.0],[9.0,52.0],[0.0,52.0],[0.0,47.0]]]},"properties":{"name":"Undetermined location","uri":"https://pleiades.stoa.org/places/113290","pleiades":"113290","precision":"rough","kind":"ancient-footprint","source":"pleiades-polygons"}},{"type":"Feature","geometry":{"type":"Polygon","coordinates":[[[0.0,47.0],[9.0,47.0],[9.0,52.0],[0.0,52.0],[0.0,47.0]]]},"properties":{"name":"Undetermined location","uri":"https://pleiades.stoa.org/places/113253","pleiades":"113253","precision":"rough","kind":"ancient-footprint","source":"pleiades-polygons"}},{"type":"Feature","geometry":{"type":"Polygon","coordinates":[[[0.0,47.0],[9.0,47.0],[9.0,52.0],[0.0,52.0],[0.0,47.0]]]},"properties":{"name":"Undetermined location","uri":"https://pleiades.stoa.org/places/113258","pleiades":"113258","precision":"rough","kind":"ancient-footprint","source":"pleiades-polygons"}},{"type":"Feature","geometry":{"type":"Polygon","coordinates":[[[0.0,47.0],[9.0,47.0],[9.0,52.0],[0.0,52.0],[0.0,47.0]]]},"properties":{"name":"Undetermined location","uri":"https://pleiades.stoa.org/places/113274","pleiades":"113274","precision":"rough","kind":"ancient-footprint","source":"pleiades-polygons"}},{"type":"Feature","geometry":{"type":"Polygon","coordinates":[[[0.0,47.0],[9.0,47.0],[9.0,52.0],[0.0,52.0],[0.0,47.0]]]},"properties":{"name":"Undetermined location","uri":"https://pleiades.stoa.org/places/113262","pleiades":"113262","precision":"rough","kind":"ancient-footprint","source":"pleiades-polygons"}},{"type":"Feature","geometry":{"type":"Polygon","coordinates":[[[0.0,47.0],[9.0,47.0],[9.0,52.0],[0.0,52.0],[0.0,47.0]]]},"properties":{"name":"Undetermined location","uri":"https://pleiades.stoa.org/places/113254","pleiades":"113254","precision":"rough","kind":"ancient-footprint","source":"pleiades-polygons"}},{"type":"Feature","geometry":{"type":"Polygon","coordinates":[[[0.0,47.0],[9.0,47.0],[9.0,52.0],[0.0,52.0],[0.0,47.0]]]},"properties":{"name":"Undetermined location","uri":"https://pleiades.stoa.org/places/113297","pleiades":"113297","precision":"rough","kind":"ancient-footprint","source":"pleiades-polygons"}},{"type":"Feature","geometry":{"type":"Polygon","coordinates":[[[0.0,47.0],[9.0,47.0],[9.0,52.0],[0.0,52.0],[0.0,47.0]]]},"properties":{"name":"Undetermined location","uri":"https://pleiades.stoa.org/places/113278","pleiades":"113278","precision":"rough","kind":"ancient-footprint","source":"pleiades-polygons"}},{"type":"Feature","geometry":{"type":"Polygon","coordinates":[[[0.0,47.0],[9.0,47.0],[9.0,52.0],[0.0,52.0],[0.0,47.0]]]},"properties":{"name":"Undetermined location","uri":"https://pleiades.stoa.org/places/113281","pleiades":"113281","precision":"rough","kind":"ancient-footprint","source":"pleiades-polygons"}},{"type":"Feature","geometry":{"type":"Polygon","coordinates":[[[0.0,47.0],[9.0,47.0],[9.0,52.0],[0.0,52.0],[0.0,47.0]]]},"properties":{"name":"Undetermined location","uri":"https://pleiades.stoa.org/places/113280","pleiades":"113280","precision":"rough","kind":"ancient-footprint","source":"pleiades-polygons"}},{"type":"Feature","geometry":{"type":"Polygon","coordinates":[[[0.0,47.0],[9.0,47.0],[9.0,52.0],[0.0,52.0],[0.0,47.0]]]},"properties":{"name":"Undetermined location","uri":"https://pleiades.stoa.org/places/113296","pleiades":"113296","precision":"rough","kind":"ancient-footprint","source":"pleiades-polygons"}},{"type":"Feature","geometry":{"type":"Polygon","coordinates":[[[0.0,47.0],[9.0,47.0],[9.0,52.0],[0.0,52.0],[0.0,47.0]]]},"properties":{"name":"Undetermined location","uri":"https://pleiades.stoa.org/places/113279","pleiades":"113279","precision":"rough","kind":"ancient-footprint","source":"pleiades-polygons"}},{"type":"Feature","geometry":{"type":"Polygon","coordinates":[[[0.0,47.0],[9.0,47.0],[9.0,52.0],[0.0,52.0],[0.0,47.0]]]},"properties":{"name":"Undetermined location","uri":"https://pleiades.stoa.org/places/113255","pleiades":"113255","precision":"rough","kind":"ancient-footprint","source":"pleiades-polygons"}},{"type":"Feature","geometry":{"type":"Polygon","coordinates":[[[0.0,47.0],[9.0,47.0],[9.0,52.0],[0.0,52.0],[0.0,47.0]]]},"properties":{"name":"Undetermined location","uri":"https://pleiades.stoa.org/places/113263","pleiades":"113263","precision":"rough","kind":"ancient-footprint","source":"pleiades-polygons"}},{"type":"Feature","geometry":{"type":"Polygon","coordinates":[[[0.0,47.0],[9.0,47.0],[9.0,52.0],[0.0,52.0],[0.0,47.0]]]},"properties":{"name":"Undetermined location","uri":"https://pleiades.stoa.org/places/113275","pleiades":"113275","precision":"rough","kind":"ancient-footprint","source":"pleiades-polygons"}},{"type":"Feature","geometry":{"type":"Polygon","coordinates":[[[0.0,47.0],[9.0,47.0],[9.0,52.0],[0.0,52.0],[0.0,47.0]]]},"properties":{"name":"Undetermined location","uri":"https://pleiades.stoa.org/places/113259","pleiades":"113259","precision":"rough","kind":"ancient-footprint","source":"pleiades-polygons"}},{"type":"Feature","geometry":{"type":"Polygon","coordinates":[[[13.0,45.0],[14.0,45.0],[14.0,46.0],[13.0,46.0],[13.0,45.0]]]},"properties":{"name":"Barrington Atlas location","uri":"https://pleiades.stoa.org/places/189508","pleiades":"189508","precision":"rough","kind":"ancient-footprint","source":"pleiades-polygons"}},{"type":"Feature","geometry":{"type":"Polygon","coordinates":[[[3.0,45.0],[9.0,45.0],[9.0,49.0],[3.0,49.0],[3.0,45.0]]]},"properties":{"name":"Barrington Atlas location","uri":"https://pleiades.stoa.org/places/180449","pleiades":"180449","precision":"rough","kind":"ancient-footprint","source":"pleiades-polygons"}},{"type":"Feature","geometry":{"type":"Polygon","coordinates":[[[3.0,45.0],[9.0,45.0],[9.0,49.0],[3.0,49.0],[3.0,45.0]]]},"properties":{"name":"Barrington Atlas location","uri":"https://pleiades.stoa.org/places/180465","pleiades":"180465","precision":"rough","kind":"ancient-footprint","source":"pleiades-polygons"}},{"type":"Feature","geometry":{"type":"Polygon","coordinates":[[[3.0,45.0],[9.0,45.0],[9.0,49.0],[3.0,49.0],[3.0,45.0]]]},"properties":{"name":"Barrington Atlas location","uri":"https://pleiades.stoa.org/places/180473","pleiades":"180473","precision":"rough","kind":"ancient-footprint","source":"pleiades-polygons"}},{"type":"Feature","geometry":{"type":"Polygon","coordinates":[[[3.0,45.0],[9.0,45.0],[9.0,49.0],[3.0,49.0],[3.0,45.0]]]},"properties":{"name":"Barrington Atlas location","uri":"https://pleiades.stoa.org/places/180453","pleiades":"180453","precision":"rough","kind":"ancient-footprint","source":"pleiades-polygons"}},{"type":"Feature","geometry":{"type":"Polygon","coordinates":[[[3.0,45.0],[9.0,45.0],[9.0,49.0],[3.0,49.0],[3.0,45.0]]]},"properties":{"name":"Barrington Atlas location","uri":"https://pleiades.stoa.org/places/180469","pleiades":"180469","precision":"rough","kind":"ancient-footprint","source":"pleiades-polygons"}},{"type":"Feature","geometry":{"type":"Polygon","coordinates":[[[3.0,45.0],[9.0,45.0],[9.0,49.0],[3.0,49.0],[3.0,45.0]]]},"properties":{"name":"Barrington Atlas location","uri":"https://pleiades.stoa.org/places/180486","pleiades":"180486","precision":"rough","kind":"ancient-footprint","source":"pleiades-polygons"}},{"type":"Feature","geometry":{"type":"Polygon","coordinates":[[[3.0,45.0],[9.0,45.0],[9.0,49.0],[3.0,49.0],[3.0,45.0]]]},"properties":{"name":"Barrington Atlas location","uri":"https://pleiades.stoa.org/places/180468","pleiades":"180468","precision":"rough","kind":"ancient-footprint","source":"pleiades-polygons"}},{"type":"Feature","geometry":{"type":"Polygon","coordinates":[[[3.0,45.0],[9.0,45.0],[9.0,49.0],[3.0,49.0],[3.0,45.0]]]},"properties":{"name":"Barrington Atlas location","uri":"https://pleiades.stoa.org/places/180487","pleiades":"180487","precision":"rough","kind":"ancient-footprint","source":"pleiades-polygons"}},{"type":"Feature","geometry":{"type":"Polygon","coordinates":[[[3.0,45.0],[9.0,45.0],[9.0,49.0],[3.0,49.0],[3.0,45.0]]]},"properties":{"name":"Barrington Atlas location","uri":"https://pleiades.stoa.org/places/180452","pleiades":"180452","precision":"rough","kind":"ancient-footprint","source":"pleiades-polygons"}},{"type":"Feature","geometry":{"type":"Polygon","coordinates":[[[3.0,45.0],[9.0,45.0],[9.0,49.0],[3.0,49.0],[3.0,45.0]]]},"properties":{"name":"Barrington Atlas location","uri":"https://pleiades.stoa.org/places/180472","pleiades":"180472","precision":"rough","kind":"ancient-footprint","source":"pleiades-polygons"}},{"type":"Feature","geometry":{"type":"Polygon","coordinates":[[[3.0,45.0],[9.0,45.0],[9.0,49.0],[3.0,49.0],[3.0,45.0]]]},"properties":{"name":"Barrington Atlas location","uri":"https://pleiades.stoa.org/places/180464","pleiades":"180464","precision":"rough","kind":"ancient-footprint","source":"pleiades-polygons"}},{"type":"Feature","geometry":{"type":"Polygon","coordinates":[[[3.0,45.0],[9.0,45.0],[9.0,49.0],[3.0,49.0],[3.0,45.0]]]},"properties":{"name":"Barrington Atlas location","uri":"https://pleiades.stoa.org/places/180448","pleiades":"180448","precision":"rough","kind":"ancient-footprint","source":"pleiades-polygons"}},{"type":"Feature","geometry":{"type":"Polygon","coordinates":[[[3.0,45.0],[9.0,45.0],[9.0,49.0],[3.0,49.0],[3.0,45.0]]]},"properties":{"name":"Barrington Atlas location","uri":"https://pleiades.stoa.org/places/180455","pleiades":"180455","precision":"rough","kind":"ancient-footprint","source":"pleiades-polygons"}},{"type":"Feature","geometry":{"type":"Polygon","coordinates":[[[3.0,45.0],[9.0,45.0],[9.0,49.0],[3.0,49.0],[3.0,45.0]]]},"properties":{"name":"Barrington Atlas location","uri":"https://pleiades.stoa.org/places/180480","pleiades":"180480","precision":"rough","kind":"ancient-footprint","source":"pleiades-polygons"}},{"type":"Feature","geometry":{"type":"Polygon","coordinates":[[[3.0,45.0],[9.0,45.0],[9.0,49.0],[3.0,49.0],[3.0,45.0]]]},"properties":{"name":"Barrington Atlas location","uri":"https://pleiades.stoa.org/places/180479","pleiades":"180479","precision":"rough","kind":"ancient-footprint","source":"pleiades-polygons"}},{"type":"Feature","geometry":{"type":"Polygon","coordinates":[[[3.0,45.0],[9.0,45.0],[9.0,49.0],[3.0,49.0],[3.0,45.0]]]},"properties":{"name":"Barrington Atlas location","uri":"https://pleiades.stoa.org/places/180459","pleiades":"180459","precision":"rough","kind":"ancient-footprint","source":"pleiades-polygons"}},{"type":"Feature","geometry":{"type":"Polygon","coordinates":[[[3.0,45.0],[9.0,45.0],[9.0,49.0],[3.0,49.0],[3.0,45.0]]]},"properties":{"name":"Barrington Atlas location","uri":"https://pleiades.stoa.org/places/180463","pleiades":"180463","precision":"rough","kind":"ancient-footprint","source":"pleiades-polygons"}},{"type":"Feature","geometry":{"type":"Polygon","coordinates":[[[3.0,45.0],[9.0,45.0],[9.0,49.0],[3.0,49.0],[3.0,45.0]]]},"properties":{"name":"Barrington Atlas location","uri":"https://pleiades.stoa.org/places/180475","pleiades":"180475","precision":"rough","kind":"ancient-footprint","source":"pleiades-polygons"}},{"type":"Feature","geometry":{"type":"Polygon","coordinates":[[[3.0,45.0],[9.0,45.0],[9.0,49.0],[3.0,49.0],[3.0,45.0]]]},"properties":{"name":"Barrington Atlas location","uri":"https://pleiades.stoa.org/places/180474","pleiades":"180474","precision":"rough","kind":"ancient-footprint","source":"pleiades-polygons"}},{"type":"Feature","geometry":{"type":"Polygon","coordinates":[[[3.0,45.0],[9.0,45.0],[9.0,49.0],[3.0,49.0],[3.0,45.0]]]},"properties":{"name":"Barrington Atlas location","uri":"https://pleiades.stoa.org/places/180462","pleiades":"180462","precision":"rough","kind":"ancient-footprint","source":"pleiades-polygons"}},{"type":"Feature","geometry":{"type":"Polygon","coordinates":[[[3.0,45.0],[9.0,45.0],[9.0,49.0],[3.0,49.0],[3.0,45.0]]]},"properties":{"name":"Barrington Atlas location","uri":"https://pleiades.stoa.org/places/180458","pleiades":"180458","precision":"rough","kind":"ancient-footprint","source":"pleiades-polygons"}},{"type":"Feature","geometry":{"type":"Polygon","coordinates":[[[3.0,45.0],[9.0,45.0],[9.0,49.0],[3.0,49.0],[3.0,45.0]]]},"properties":{"name":"Barrington Atlas location","uri":"https://pleiades.stoa.org/places/180478","pleiades":"180478","precision":"rough","kind":"ancient-footprint","source":"pleiades-polygons"}},{"type":"Feature","geometry":{"type":"Polygon","coordinates":[[[3.0,45.0],[9.0,45.0],[9.0,49.0],[3.0,49.0],[3.0,45.0]]]},"properties":{"name":"Barrington Atlas location","uri":"https://pleiades.stoa.org/places/180481","pleiades":"180481","precision":"rough","kind":"ancient-footprint","source":"pleiades-polygons"}},{"type":"Feature","geometry":{"type":"Polygon","coordinates":[[[3.0,45.0],[9.0,45.0],[9.0,49.0],[3.0,49.0],[3.0,45.0]]]},"properties":{"name":"Barrington Atlas location","uri":"https://pleiades.stoa.org/places/180454","pleiades":"180454","precision":"rough","kind":"ancient-footprint","source":"pleiades-polygons"}},{"type":"Feature","geometry":{"type":"Polygon","coordinates":[[[3.0,45.0],[9.0,45.0],[9.0,49.0],[3.0,49.0],[3.0,45.0]]]},"properties":{"name":"Barrington Atlas location","uri":"https://pleiades.stoa.org/places/180482","pleiades":"180482","precision":"rough","kind":"ancient-footprint","source":"pleiades-polygons"}},{"type":"Feature","geometry":{"type":"Polygon","coordinates":[[[3.0,45.0],[9.0,45.0],[9.0,49.0],[3.0,49.0],[3.0,45.0]]]},"properties":{"name":"Barrington Atlas location","uri":"https://pleiades.stoa.org/places/180457","pleiades":"180457","precision":"rough","kind":"ancient-footprint","source":"pleiades-polygons"}},{"type":"Feature","geometry":{"type":"Polygon","coordinates":[[[3.0,45.0],[9.0,45.0],[9.0,49.0],[3.0,49.0],[3.0,45.0]]]},"properties":{"name":"Barrington Atlas location","uri":"https://pleiades.stoa.org/places/180477","pleiades":"180477","precision":"rough","kind":"ancient-footprint","source":"pleiades-polygons"}},{"type":"Feature","geometry":{"type":"Polygon","coordinates":[[[3.0,45.0],[9.0,45.0],[9.0,49.0],[3.0,49.0],[3.0,45.0]]]},"properties":{"name":"Barrington Atlas location","uri":"https://pleiades.stoa.org/places/180461","pleiades":"180461","precision":"rough","kind":"ancient-footprint","source":"pleiades-polygons"}},{"type":"Feature","geometry":{"type":"Polygon","coordinates":[[[3.0,45.0],[9.0,45.0],[9.0,49.0],[3.0,49.0],[3.0,45.0]]]},"properties":{"name":"Barrington Atlas location","uri":"https://pleiades.stoa.org/places/180460","pleiades":"180460","precision":"rough","kind":"ancient-footprint","source":"pleiades-polygons"}},{"type":"Feature","geometry":{"type":"Polygon","coordinates":[[[3.0,45.0],[9.0,45.0],[9.0,49.0],[3.0,49.0],[3.0,45.0]]]},"properties":{"name":"Barrington Atlas location","uri":"https://pleiades.stoa.org/places/180476","pleiades":"180476","precision":"rough","kind":"ancient-footprint","source":"pleiades-polygons"}},{"type":"Feature","geometry":{"type":"Polygon","coordinates":[[[3.0,45.0],[9.0,45.0],[9.0,49.0],[3.0,49.0],[3.0,45.0]]]},"properties":{"name":"Barrington Atlas location","uri":"https://pleiades.stoa.org/places/180456","pleiades":"180456","precision":"rough","kind":"ancient-footprint","source":"pleiades-polygons"}},{"type":"Feature","geometry":{"type":"Polygon","coordinates":[[[3.0,45.0],[9.0,45.0],[9.0,49.0],[3.0,49.0],[3.0,45.0]]]},"properties":{"name":"Barrington Atlas location","uri":"https://pleiades.stoa.org/places/180483","pleiades":"180483","precision":"rough","kind":"ancient-footprint","source":"pleiades-polygons"}},{"type":"Feature","geometry":{"type":"Polygon","coordinates":[[[3.0,45.0],[9.0,45.0],[9.0,49.0],[3.0,49.0],[3.0,45.0]]]},"properties":{"name":"Barrington Atlas location","uri":"https://pleiades.stoa.org/places/180471","pleiades":"180471","precision":"rough","kind":"ancient-footprint","source":"pleiades-polygons"}},{"type":"Feature","geometry":{"type":"Polygon","coordinates":[[[3.0,45.0],[9.0,45.0],[9.0,49.0],[3.0,49.0],[3.0,45.0]]]},"properties":{"name":"Barrington Atlas location","uri":"https://pleiades.stoa.org/places/180488","pleiades":"180488","precision":"rough","kind":"ancient-footprint","source":"pleiades-polygons"}},{"type":"Feature","geometry":{"type":"Polygon","coordinates":[[[3.0,45.0],[9.0,45.0],[9.0,49.0],[3.0,49.0],[3.0,45.0]]]},"properties":{"name":"Barrington Atlas location","uri":"https://pleiades.stoa.org/places/180484","pleiades":"180484","precision":"rough","kind":"ancient-footprint","source":"pleiades-polygons"}},{"type":"Feature","geometry":{"type":"Polygon","coordinates":[[[3.0,45.0],[9.0,45.0],[9.0,49.0],[3.0,49.0],[3.0,45.0]]]},"properties":{"name":"Barrington Atlas location","uri":"https://pleiades.stoa.org/places/180451","pleiades":"180451","precision":"rough","kind":"ancient-footprint","source":"pleiades-polygons"}},{"type":"Feature","geometry":{"type":"Polygon","coordinates":[[[3.0,45.0],[9.0,45.0],[9.0,49.0],[3.0,49.0],[3.0,45.0]]]},"properties":{"name":"Barrington Atlas location","uri":"https://pleiades.stoa.org/places/180450","pleiades":"180450","precision":"rough","kind":"ancient-footprint","source":"pleiades-polygons"}},{"type":"Feature","geometry":{"type":"Polygon","coordinates":[[[3.0,45.0],[9.0,45.0],[9.0,49.0],[3.0,49.0],[3.0,45.0]]]},"properties":{"name":"Barrington Atlas location","uri":"https://pleiades.stoa.org/places/180485","pleiades":"180485","precision":"rough","kind":"ancient-footprint","source":"pleiades-polygons"}},{"type":"Feature","geometry":{"type":"Polygon","coordinates":[[[3.0,45.0],[9.0,45.0],[9.0,49.0],[3.0,49.0],[3.0,45.0]]]},"properties":{"name":"Barrington Atlas location","uri":"https://pleiades.stoa.org/places/180470","pleiades":"180470","precision":"rough","kind":"ancient-footprint","source":"pleiades-polygons"}},{"type":"Feature","geometry":{"type":"Polygon","coordinates":[[[11.0,46.0],[12.0,46.0],[12.0,47.0],[11.0,47.0],[11.0,46.0]]]},"properties":{"name":"Barrington Atlas location","uri":"https://pleiades.stoa.org/places/187998","pleiades":"187998","precision":"rough","kind":"ancient-footprint","source":"pleiades-polygons"}},{"type":"Feature","geometry":{"type":"Polygon","coordinates":[[[9.0,47.0],[10.0,47.0],[10.0,48.0],[9.0,48.0],[9.0,47.0]]]},"properties":{"name":"Barrington Atlas location","uri":"https://pleiades.stoa.org/places/187611","pleiades":"187611","precision":"rough","kind":"ancient-footprint","source":"pleiades-polygons"}},{"type":"Feature","geometry":{"type":"Polygon","coordinates":[[[10.0,46.0],[11.0,46.0],[11.0,47.0],[10.0,47.0],[10.0,46.0]]]},"properties":{"name":"Barrington Atlas location","uri":"https://pleiades.stoa.org/places/187613","pleiades":"187613","precision":"rough","kind":"ancient-footprint","source":"pleiades-polygons"}},{"type":"Feature","geometry":{"type":"Polygon","coordinates":[[[12.0,46.0],[13.0,46.0],[13.0,47.0],[12.0,47.0],[12.0,46.0]]]},"properties":{"name":"Barrington Atlas location","uri":"https://pleiades.stoa.org/places/187490","pleiades":"187490","precision":"rough","kind":"ancient-footprint","source":"pleiades-polygons"}},{"type":"Feature","geometry":{"type":"Polygon","coordinates":[[[8.0,47.0],[9.0,47.0],[9.0,48.0],[8.0,48.0],[8.0,47.0]]]},"properties":{"name":"Barrington Atlas location","uri":"https://pleiades.stoa.org/places/187453","pleiades":"187453","precision":"rough","kind":"ancient-footprint","source":"pleiades-polygons"}},{"type":"Feature","geometry":{"type":"Polygon","coordinates":[[[11.0,46.0],[12.0,46.0],[12.0,47.0],[11.0,47.0],[11.0,46.0]]]},"properties":{"name":"Barrington Atlas location","uri":"https://pleiades.stoa.org/places/187424","pleiades":"187424","precision":"rough","kind":"ancient-footprint","source":"pleiades-polygons"}},{"type":"Feature","geometry":{"type":"Polygon","coordinates":[[[12.0,46.0],[13.0,46.0],[13.0,47.0],[12.0,47.0],[12.0,46.0]]]},"properties":{"name":"Barrington Atlas location","uri":"https://pleiades.stoa.org/places/187444","pleiades":"187444","precision":"rough","kind":"ancient-footprint","source":"pleiades-polygons"}},{"type":"Feature","geometry":{"type":"Polygon","coordinates":[[[10.0,47.0],[11.0,47.0],[11.0,48.0],[10.0,48.0],[10.0,47.0]]]},"properties":{"name":"Barrington Atlas location","uri":"https://pleiades.stoa.org/places/187454","pleiades":"187454","precision":"rough","kind":"ancient-footprint","source":"pleiades-polygons"}},{"type":"Feature","geometry":{"type":"Polygon","coordinates":[[[9.0,46.0],[10.0,46.0],[10.0,47.0],[9.0,47.0],[9.0,46.0]]]},"properties":{"name":"Barrington Atlas location","uri":"https://pleiades.stoa.org/places/187334","pleiades":"187334","precision":"rough","kind":"ancient-footprint","source":"pleiades-polygons"}},{"type":"Feature","geometry":{"type":"Polygon","coordinates":[[[9.0,46.0],[10.0,46.0],[10.0,47.0],[9.0,47.0],[9.0,46.0]]]},"properties":{"name":"Barrington Atlas location","uri":"https://pleiades.stoa.org/places/187314","pleiades":"187314","precision":"rough","kind":"ancient-footprint","source":"pleiades-polygons"}},{"type":"Feature","geometry":{"type":"Polygon","coordinates":[[[10.0,47.0],[11.0,47.0],[11.0,48.0],[10.0,48.0],[10.0,47.0]]]},"properties":{"name":"Barrington Atlas location","uri":"https://pleiades.stoa.org/places/187381","pleiades":"187381","precision":"rough","kind":"ancient-footprint","source":"pleiades-polygons"}},{"type":"Feature","geometry":{"type":"Polygon","coordinates":[[[11.0,47.0],[12.0,47.0],[12.0,48.0],[11.0,48.0],[11.0,47.0]]]},"properties":{"name":"Barrington Atlas location","uri":"https://pleiades.stoa.org/places/187323","pleiades":"187323","precision":"rough","kind":"ancient-footprint","source":"pleiades-polygons"}},{"type":"Feature","geometry":{"type":"Polygon","coordinates":[[[11.0,46.0],[12.0,46.0],[12.0,47.0],[11.0,47.0],[11.0,46.0]]]},"properties":{"name":"Barrington Atlas location","uri":"https://pleiades.stoa.org/places/187328","pleiades":"187328","precision":"rough","kind":"ancient-footprint","source":"pleiades-polygons"}},{"type":"Feature","geometry":{"type":"Polygon","coordinates":[[[12.0,46.0],[13.0,46.0],[13.0,47.0],[12.0,47.0],[12.0,46.0]]]},"properties":{"name":"Barrington Atlas location","uri":"https://pleiades.stoa.org/places/187345","pleiades":"187345","precision":"rough","kind":"ancient-footprint","source":"pleiades-polygons"}},{"type":"Feature","geometry":{"type":"Polygon","coordinates":[[[11.0,47.0],[12.0,47.0],[12.0,48.0],[11.0,48.0],[11.0,47.0]]]},"properties":{"name":"Barrington Atlas location","uri":"https://pleiades.stoa.org/places/187304","pleiades":"187304","precision":"rough","kind":"ancient-footprint","source":"pleiades-polygons"}},{"type":"Feature","geometry":{"type":"Polygon","coordinates":[[[11.0,47.0],[12.0,47.0],[12.0,48.0],[11.0,48.0],[11.0,47.0]]]},"properties":{"name":"Barrington Atlas location","uri":"https://pleiades.stoa.org/places/187353","pleiades":"187353","precision":"rough","kind":"ancient-footprint","source":"pleiades-polygons"}},{"type":"Feature","geometry":{"type":"Polygon","coordinates":[[[10.0,47.0],[11.0,47.0],[11.0,48.0],[10.0,48.0],[10.0,47.0]]]},"properties":{"name":"Barrington Atlas location","uri":"https://pleiades.stoa.org/places/187373","pleiades":"187373","precision":"rough","kind":"ancient-footprint","source":"pleiades-polygons"}},{"type":"Feature","geometry":{"type":"Polygon","coordinates":[[[10.0,47.0],[11.0,47.0],[11.0,48.0],[10.0,48.0],[10.0,47.0]]]},"properties":{"name":"Barrington Atlas location","uri":"https://pleiades.stoa.org/places/187392","pleiades":"187392","precision":"rough","kind":"ancient-footprint","source":"pleiades-polygons"}},{"type":"Feature","geometry":{"type":"Polygon","coordinates":[[[12.0,47.0],[13.0,47.0],[13.0,48.0],[12.0,48.0],[12.0,47.0]]]},"properties":{"name":"Barrington Atlas location","uri":"https://pleiades.stoa.org/places/187267","pleiades":"187267","precision":"rough","kind":"ancient-footprint","source":"pleiades-polygons"}},{"type":"Feature","geometry":{"type":"Polygon","coordinates":[[[9.0,46.0],[10.0,46.0],[10.0,47.0],[9.0,47.0],[9.0,46.0]]]},"properties":{"name":"Barrington Atlas location","uri":"https://pleiades.stoa.org/places/187284","pleiades":"187284","precision":"rough","kind":"ancient-footprint","source":"pleiades-polygons"}},{"type":"Feature","geometry":{"type":"Polygon","coordinates":[[[12.0,46.0],[13.0,46.0],[13.0,47.0],[12.0,47.0],[12.0,46.0]]]},"properties":{"name":"Barrington Atlas location","uri":"https://pleiades.stoa.org/places/187279","pleiades":"187279","precision":"rough","kind":"ancient-footprint","source":"pleiades-polygons"}},{"type":"Feature","geometry":{"type":"Polygon","coordinates":[[[12.0,47.0],[13.0,47.0],[13.0,48.0],[12.0,48.0],[12.0,47.0]]]},"properties":{"name":"Barrington Atlas location","uri":"https://pleiades.stoa.org/places/187280","pleiades":"187280","precision":"rough","kind":"ancient-footprint","source":"pleiades-polygons"}},{"type":"Feature","geometry":{"type":"Polygon","coordinates":[[[13.0,46.0],[14.0,46.0],[14.0,47.0],[13.0,47.0],[13.0,46.0]]]},"properties":{"name":"Barrington Atlas location","uri":"https://pleiades.stoa.org/places/187278","pleiades":"187278","precision":"rough","kind":"ancient-footprint","source":"pleiades-polygons"}},{"type":"Feature","geometry":{"type":"Polygon","coordinates":[[[11.0,46.0],[12.0,46.0],[12.0,47.0],[11.0,47.0],[11.0,46.0]]]},"properties":{"name":"Barrington Atlas location","uri":"https://pleiades.stoa.org/places/187273","pleiades":"187273","precision":"rough","kind":"ancient-footprint","source":"pleiades-polygons"}},{"type":"Feature","geometry":{"type":"Polygon","coordinates":[[[8.0,46.0],[9.0,46.0],[9.0,47.0],[8.0,47.0],[8.0,46.0]]]},"properties":{"name":"Barrington Atlas location","uri":"https://pleiades.stoa.org/places/187272","pleiades":"187272","precision":"rough","kind":"ancient-footprint","source":"pleiades-polygons"}},{"type":"Feature","geometry":{"type":"Polygon","coordinates":[[[9.0,46.0],[10.0,46.0],[10.0,47.0],[9.0,47.0],[9.0,46.0]]]},"properties":{"name":"Barrington Atlas location","uri":"https://pleiades.stoa.org/places/187532","pleiades":"187532","precision":"rough","kind":"ancient-footprint","source":"pleiades-polygons"}},{"type":"Feature","geometry":{"type":"Polygon","coordinates":[[[12.0,45.0],[13.0,45.0],[13.0,46.0],[12.0,46.0],[12.0,45.0]]]},"properties":{"name":"Barrington Atlas location","uri":"https://pleiades.stoa.org/places/187579","pleiades":"187579","precision":"rough","kind":"ancient-footprint","source":"pleiades-polygons"}},{"type":"Feature","geometry":{"type":"Polygon","coordinates":[[[12.0,46.0],[13.0,46.0],[13.0,47.0],[12.0,47.0],[12.0,46.0]]]},"properties":{"name":"Barrington Atlas location","uri":"https://pleiades.stoa.org/places/187535","pleiades":"187535","precision":"rough","kind":"ancient-footprint","source":"pleiades-polygons"}},{"type":"Feature","geometry":{"type":"Polygon","coordinates":[[[9.0,46.0],[10.0,46.0],[10.0,47.0],[9.0,47.0],[9.0,46.0]]]},"properties":{"name":"Barrington Atlas location","uri":"https://pleiades.stoa.org/places/187523","pleiades":"187523","precision":"rough","kind":"ancient-footprint","source":"pleiades-polygons"}},{"type":"Feature","geometry":{"type":"Polygon","coordinates":[[[9.0,46.0],[10.0,46.0],[10.0,47.0],[9.0,47.0],[9.0,46.0]]]},"properties":{"name":"Barrington Atlas location","uri":"https://pleiades.stoa.org/places/187560","pleiades":"187560","precision":"rough","kind":"ancient-footprint","source":"pleiades-polygons"}},{"type":"Feature","geometry":{"type":"Polygon","coordinates":[[[10.0,46.0],[11.0,46.0],[11.0,47.0],[10.0,47.0],[10.0,46.0]]]},"properties":{"name":"Barrington Atlas location","uri":"https://pleiades.stoa.org/places/187595","pleiades":"187595","precision":"rough","kind":"ancient-footprint","source":"pleiades-polygons"}},{"type":"Feature","geometry":{"type":"Polygon","coordinates":[[[13.0,45.0],[14.0,45.0],[14.0,46.0],[13.0,46.0],[13.0,45.0]]]},"properties":{"name":"Barrington Atlas location","uri":"https://pleiades.stoa.org/places/188000","pleiades":"188000","precision":"rough","kind":"ancient-footprint","source":"pleiades-polygons"}},{"type":"Feature","geometry":{"type":"Polygon","coordinates":[[[11.0,46.0],[12.0,46.0],[12.0,47.0],[11.0,47.0],[11.0,46.0]]]},"properties":{"name":"Barrington Atlas location","uri":"https://pleiades.stoa.org/places/188757","pleiades":"188757","precision":"rough","kind":"ancient-footprint","source":"pleiades-polygons"}},{"type":"Feature","geometry":{"type":"Polygon","coordinates":[[[10.0,47.0],[11.0,47.0],[11.0,48.0],[10.0,48.0],[10.0,47.0]]]},"properties":{"name":"Barrington Atlas location","uri":"https://pleiades.stoa.org/places/188756","pleiades":"188756","precision":"rough","kind":"ancient-footprint","source":"pleiades-polygons"}},{"type":"Feature","geometry":{"type":"Polygon","coordinates":[[[8.0,47.0],[9.0,47.0],[9.0,48.0],[8.0,48.0],[8.0,47.0]]]},"properties":{"name":"Barrington Atlas location","uri":"https://pleiades.stoa.org/places/188753","pleiades":"188753","precision":"rough","kind":"ancient-footprint","source":"pleiades-polygons"}},{"type":"Feature","geometry":{"type":"Polygon","coordinates":[[[8.0,47.0],[9.0,47.0],[9.0,48.0],[8.0,48.0],[8.0,47.0]]]},"properties":{"name":"Barrington Atlas location","uri":"https://pleiades.stoa.org/places/188752","pleiades":"188752","precision":"rough","kind":"ancient-footprint","source":"pleiades-polygons"}},{"type":"Feature","geometry":{"type":"Polygon","coordinates":[[[10.0,47.0],[11.0,47.0],[11.0,48.0],[10.0,48.0],[10.0,47.0]]]},"properties":{"name":"Barrington Atlas location","uri":"https://pleiades.stoa.org/places/188755","pleiades":"188755","precision":"rough","kind":"ancient-footprint","source":"pleiades-polygons"}},{"type":"Feature","geometry":{"type":"Polygon","coordinates":[[[11.0,46.0],[12.0,46.0],[12.0,47.0],[11.0,47.0],[11.0,46.0]]]},"properties":{"name":"Barrington Atlas location","uri":"https://pleiades.stoa.org/places/188758","pleiades":"188758","precision":"rough","kind":"ancient-footprint","source":"pleiades-polygons"}},{"type":"Feature","geometry":{"type":"Polygon","coordinates":[[[13.0,45.0],[14.0,45.0],[14.0,46.0],[13.0,46.0],[13.0,45.0]]]},"properties":{"name":"Barrington Atlas location","uri":"https://pleiades.stoa.org/places/188762","pleiades":"188762","precision":"rough","kind":"ancient-footprint","source":"pleiades-polygons"}},{"type":"Feature","geometry":{"type":"Polygon","coordinates":[[[15.0,35.0],[20.0,35.0],[20.0,40.0],[15.0,40.0],[15.0,35.0]]]},"properties":{"name":"Barrington Atlas location","uri":"https://pleiades.stoa.org/places/1282","pleiades":"1282","precision":"rough","kind":"ancient-footprint","source":"pleiades-polygons"}},{"type":"Feature","geometry":{"type":"Polygon","coordinates":[[[15.0,47.0],[25.0,47.0],[25.0,52.0],[15.0,52.0],[15.0,47.0]]]},"properties":{"name":"Barrington Atlas location","uri":"https://pleiades.stoa.org/places/129111","pleiades":"129111","precision":"rough","kind":"ancient-footprint","source":"pleiades-polygons"}},{"type":"Feature","geometry":{"type":"Polygon","coordinates":[[[15.0,47.0],[25.0,47.0],[25.0,52.0],[15.0,52.0],[15.0,47.0]]]},"properties":{"name":"Barrington Atlas location","uri":"https://pleiades.stoa.org/places/129107","pleiades":"129107","precision":"rough","kind":"ancient-footprint","source":"pleiades-polygons"}},{"type":"Feature","geometry":{"type":"Polygon","coordinates":[[[15.0,47.0],[25.0,47.0],[25.0,52.0],[15.0,52.0],[15.0,47.0]]]},"properties":{"name":"Barrington Atlas location","uri":"https://pleiades.stoa.org/places/129110","pleiades":"129110","precision":"rough","kind":"ancient-footprint","source":"pleiades-polygons"}},{"type":"Feature","geometry":{"type":"Polygon","coordinates":[[[15.0,47.0],[25.0,47.0],[25.0,52.0],[15.0,52.0],[15.0,47.0]]]},"properties":{"name":"Barrington Atlas location","uri":"https://pleiades.stoa.org/places/129109","pleiades":"129109","precision":"rough","kind":"ancient-footprint","source":"pleiades-polygons"}},{"type":"Feature","geometry":{"type":"Polygon","coordinates":[[[15.0,47.0],[25.0,47.0],[25.0,52.0],[15.0,52.0],[15.0,47.0]]]},"properties":{"name":"Barrington Atlas location","uri":"https://pleiades.stoa.org/places/129112","pleiades":"129112","precision":"rough","kind":"ancient-footprint","source":"pleiades-polygons"}},{"type":"Feature","geometry":{"type":"Polygon","coordinates":[[[15.0,47.0],[25.0,47.0],[25.0,52.0],[15.0,52.0],[15.0,47.0]]]},"properties":{"name":"Barrington Atlas location","uri":"https://pleiades.stoa.org/places/129108","pleiades":"129108","precision":"rough","kind":"ancient-footprint","source":"pleiades-polygons"}},{"type":"Feature","geometry":{"type":"Polygon","coordinates":[[[14.99692,42.07182],[14.15072,42.54978],[13.77718,42.44448],[13.21139,42.82033],[13.10152,43.10574],[12.51925,42.68318],[12.62911,42.45664],[14.70029,41.34598],[14.99692,42.07182]]]},"properties":{"name":"Undetermined location","uri":"https://pleiades.stoa.org/places/865942280","pleiades":"865942280","precision":"precise","kind":"ancient-footprint","source":"pleiades-polygons"}},{"type":"Feature","geometry":{"type":"Polygon","coordinates":[[[9.5,43.0],[10.0,43.0],[10.0,43.5],[9.5,43.5],[9.5,43.0]]]},"properties":{"name":"Barrington Atlas location","uri":"https://pleiades.stoa.org/places/406948","pleiades":"406948","precision":"rough","kind":"ancient-footprint","source":"pleiades-polygons"}},{"type":"Feature","geometry":{"type":"Polygon","coordinates":[[[9.5,43.0],[10.0,43.0],[10.0,43.5],[9.5,43.5],[9.5,43.0]]]},"properties":{"name":"Barrington Atlas location","uri":"https://pleiades.stoa.org/places/406947","pleiades":"406947","precision":"rough","kind":"ancient-footprint","source":"pleiades-polygons"}},{"type":"Feature","geometry":{"type":"Polygon","coordinates":[[[10.0,42.5],[10.5,42.5],[10.5,43.0],[10.0,43.0],[10.0,42.5]]]},"properties":{"name":"Barrington Atlas location","uri":"https://pleiades.stoa.org/places/406192","pleiades":"406192","precision":"rough","kind":"ancient-footprint","source":"pleiades-polygons"}},{"type":"Feature","geometry":{"type":"Polygon","coordinates":[[[10.0,43.0],[10.5,43.0],[10.5,43.5],[10.0,43.5],[10.0,43.0]]]},"properties":{"name":"Barrington Atlas location","uri":"https://pleiades.stoa.org/places/404683","pleiades":"404683","precision":"rough","kind":"ancient-footprint","source":"pleiades-polygons"}},{"type":"Feature","geometry":{"type":"Polygon","coordinates":[[[11.0,42.5],[11.5,42.5],[11.5,43.0],[11.0,43.0],[11.0,42.5]]]},"properties":{"name":"Barrington Atlas location","uri":"https://pleiades.stoa.org/places/404684","pleiades":"404684","precision":"rough","kind":"ancient-footprint","source":"pleiades-polygons"}},{"type":"Feature","geometry":{"type":"Polygon","coordinates":[[[11.0,43.5],[11.5,43.5],[11.5,44.0],[11.0,44.0],[11.0,43.5]]]},"properties":{"name":"Barrington Atlas location","uri":"https://pleiades.stoa.org/places/405440","pleiades":"405440","precision":"rough","kind":"ancient-footprint","source":"pleiades-polygons"}},{"type":"Feature","geometry":{"type":"Polygon","coordinates":[[[10.0,43.5],[10.5,43.5],[10.5,44.0],[10.0,44.0],[10.0,43.5]]]},"properties":{"name":"Barrington Atlas location","uri":"https://pleiades.stoa.org/places/405437","pleiades":"405437","precision":"rough","kind":"ancient-footprint","source":"pleiades-polygons"}},{"type":"Feature","geometry":{"type":"Polygon","coordinates":[[[10.5,43.5],[11.0,43.5],[11.0,44.0],[10.5,44.0],[10.5,43.5]]]},"properties":{"name":"Barrington Atlas location","uri":"https://pleiades.stoa.org/places/405439","pleiades":"405439","precision":"rough","kind":"ancient-footprint","source":"pleiades-polygons"}},{"type":"Feature","geometry":{"type":"Polygon","coordinates":[[[10.0,43.5],[10.5,43.5],[10.5,44.0],[10.0,44.0],[10.0,43.5]]]},"properties":{"name":"Barrington Atlas location","uri":"https://pleiades.stoa.org/places/405438","pleiades":"405438","precision":"rough","kind":"ancient-footprint","source":"pleiades-polygons"}},{"type":"Feature","geometry":{"type":"Polygon","coordinates":[[[8.0,39.0],[9.0,39.0],[9.0,40.0],[8.0,40.0],[8.0,39.0]]]},"properties":{"name":"Barrington Atlas location","uri":"https://pleiades.stoa.org/places/471946","pleiades":"471946","precision":"rough","kind":"ancient-footprint","source":"pleiades-polygons"}},{"type":"Feature","geometry":{"type":"Polygon","coordinates":[[[9.0,40.0],[10.0,40.0],[10.0,41.0],[9.0,41.0],[9.0,40.0]]]},"properties":{"name":"Barrington Atlas location","uri":"https://pleiades.stoa.org/places/471934","pleiades":"471934","precision":"rough","kind":"ancient-footprint","source":"pleiades-polygons"}},{"type":"Feature","geometry":{"type":"Polygon","coordinates":[[[8.0,39.0],[9.0,39.0],[9.0,40.0],[8.0,40.0],[8.0,39.0]]]},"properties":{"name":"Barrington Atlas location","uri":"https://pleiades.stoa.org/places/473388","pleiades":"473388","precision":"rough","kind":"ancient-footprint","source":"pleiades-polygons"}},{"type":"Feature","geometry":{"type":"Polygon","coordinates":[[[9.0,40.0],[10.0,40.0],[10.0,41.0],[9.0,41.0],[9.0,40.0]]]},"properties":{"name":"Barrington Atlas location","uri":"https://pleiades.stoa.org/places/472045","pleiades":"472045","precision":"rough","kind":"ancient-footprint","source":"pleiades-polygons"}},{"type":"Feature","geometry":{"type":"Polygon","coordinates":[[[8.0,42.0],[9.0,42.0],[9.0,43.0],[8.0,43.0],[8.0,42.0]]]},"properties":{"name":"Barrington Atlas location","uri":"https://pleiades.stoa.org/places/472079","pleiades":"472079","precision":"rough","kind":"ancient-footprint","source":"pleiades-polygons"}},{"type":"Feature","geometry":{"type":"Polygon","coordinates":[[[8.0,39.0],[9.0,39.0],[9.0,40.0],[8.0,40.0],[8.0,39.0]]]},"properties":{"name":"Barrington Atlas location","uri":"https://pleiades.stoa.org/places/472006","pleiades":"472006","precision":"rough","kind":"ancient-footprint","source":"pleiades-polygons"}},{"type":"Feature","geometry":{"type":"Polygon","coordinates":[[[9.0,39.0],[10.0,39.0],[10.0,40.0],[9.0,40.0],[9.0,39.0]]]},"properties":{"name":"Barrington Atlas location","uri":"https://pleiades.stoa.org/places/472639","pleiades":"472639","precision":"rough","kind":"ancient-footprint","source":"pleiades-polygons"}},{"type":"Feature","geometry":{"type":"Polygon","coordinates":[[[8.0,39.0],[9.0,39.0],[9.0,40.0],[8.0,40.0],[8.0,39.0]]]},"properties":{"name":"Barrington Atlas location","uri":"https://pleiades.stoa.org/places/472634","pleiades":"472634","precision":"rough","kind":"ancient-footprint","source":"pleiades-polygons"}},{"type":"Feature","geometry":{"type":"Polygon","coordinates":[[[8.0,40.0],[9.0,40.0],[9.0,41.0],[8.0,41.0],[8.0,40.0]]]},"properties":{"name":"Barrington Atlas location","uri":"https://pleiades.stoa.org/places/472633","pleiades":"472633","precision":"rough","kind":"ancient-footprint","source":"pleiades-polygons"}},{"type":"Feature","geometry":{"type":"Polygon","coordinates":[[[8.0,40.0],[9.0,40.0],[9.0,41.0],[8.0,41.0],[8.0,40.0]]]},"properties":{"name":"Barrington Atlas location","uri":"https://pleiades.stoa.org/places/472632","pleiades":"472632","precision":"rough","kind":"ancient-footprint","source":"pleiades-polygons"}},{"type":"Feature","geometry":{"type":"Polygon","coordinates":[[[8.0,39.0],[9.0,39.0],[9.0,40.0],[8.0,40.0],[8.0,39.0]]]},"properties":{"name":"Barrington Atlas location","uri":"https://pleiades.stoa.org/places/472636","pleiades":"472636","precision":"rough","kind":"ancient-footprint","source":"pleiades-polygons"}},{"type":"Feature","geometry":{"type":"Polygon","coordinates":[[[9.0,41.0],[10.0,41.0],[10.0,42.0],[9.0,42.0],[9.0,41.0]]]},"properties":{"name":"Barrington Atlas location","uri":"https://pleiades.stoa.org/places/472117","pleiades":"472117","precision":"rough","kind":"ancient-footprint","source":"pleiades-polygons"}},{"type":"Feature","geometry":{"type":"Polygon","coordinates":[[[8.0,40.0],[9.0,40.0],[9.0,41.0],[8.0,41.0],[8.0,40.0]]]},"properties":{"name":"Barrington Atlas location","uri":"https://pleiades.stoa.org/places/472127","pleiades":"472127","precision":"rough","kind":"ancient-footprint","source":"pleiades-polygons"}},{"type":"Feature","geometry":{"type":"Polygon","coordinates":[[[9.0,42.0],[10.0,42.0],[10.0,43.0],[9.0,43.0],[9.0,42.0]]]},"properties":{"name":"Barrington Atlas location","uri":"https://pleiades.stoa.org/places/472103","pleiades":"472103","precision":"rough","kind":"ancient-footprint","source":"pleiades-polygons"}},{"type":"Feature","geometry":{"type":"Polygon","coordinates":[[[14.5,37.5],[15.0,37.5],[15.0,38.0],[14.5,38.0],[14.5,37.5]]]},"properties":{"name":"Barrington Atlas location","uri":"https://pleiades.stoa.org/places/463577","pleiades":"463577","precision":"rough","kind":"ancient-footprint","source":"pleiades-polygons"}},{"type":"Feature","geometry":{"type":"Polygon","coordinates":[[[13.5,37.5],[14.0,37.5],[14.0,38.0],[13.5,38.0],[13.5,37.5]]]},"properties":{"name":"Barrington Atlas location","uri":"https://pleiades.stoa.org/places/463573","pleiades":"463573","precision":"rough","kind":"ancient-footprint","source":"pleiades-polygons"}},{"type":"Feature","geometry":{"type":"Polygon","coordinates":[[[14.5,37.5],[15.0,37.5],[15.0,38.0],[14.5,38.0],[14.5,37.5]]]},"properties":{"name":"Barrington Atlas location","uri":"https://pleiades.stoa.org/places/462072","pleiades":"462072","precision":"rough","kind":"ancient-footprint","source":"pleiades-polygons"}},{"type":"Feature","geometry":{"type":"Polygon","coordinates":[[[15.0,36.5],[15.5,36.5],[15.5,37.0],[15.0,37.0],[15.0,36.5]]]},"properties":{"name":"Barrington Atlas location","uri":"https://pleiades.stoa.org/places/462064","pleiades":"462064","precision":"rough","kind":"ancient-footprint","source":"pleiades-polygons"}},{"type":"Feature","geometry":{"type":"Polygon","coordinates":[[[13.5,37.0],[14.0,37.0],[14.0,37.5],[13.5,37.5],[13.5,37.0]]]},"properties":{"name":"Barrington Atlas location","uri":"https://pleiades.stoa.org/places/462085","pleiades":"462085","precision":"rough","kind":"ancient-footprint","source":"pleiades-polygons"}},{"type":"Feature","geometry":{"type":"Polygon","coordinates":[[[15.0,37.5],[15.5,37.5],[15.5,38.0],[15.0,38.0],[15.0,37.5]]]},"properties":{"name":"Barrington Atlas location","uri":"https://pleiades.stoa.org/places/462066","pleiades":"462066","precision":"rough","kind":"ancient-footprint","source":"pleiades-polygons"}},{"type":"Feature","geometry":{"type":"Polygon","coordinates":[[[14.5,38.0],[15.0,38.0],[15.0,38.5],[14.5,38.5],[14.5,38.0]]]},"properties":{"name":"Barrington Atlas location","uri":"https://pleiades.stoa.org/places/462160","pleiades":"462160","precision":"rough","kind":"ancient-footprint","source":"pleiades-polygons"}},{"type":"Feature","geometry":{"type":"Polygon","coordinates":[[[15.0,36.5],[15.5,36.5],[15.5,37.0],[15.0,37.0],[15.0,36.5]]]},"properties":{"name":"Barrington Atlas location","uri":"https://pleiades.stoa.org/places/462105","pleiades":"462105","precision":"rough","kind":"ancient-footprint","source":"pleiades-polygons"}},{"type":"Feature","geometry":{"type":"Polygon","coordinates":[[[15.0,37.0],[15.5,37.0],[15.5,37.5],[15.0,37.5],[15.0,37.0]]]},"properties":{"name":"Barrington Atlas location","uri":"https://pleiades.stoa.org/places/462104","pleiades":"462104","precision":"rough","kind":"ancient-footprint","source":"pleiades-polygons"}},{"type":"Feature","geometry":{"type":"Polygon","coordinates":[[[12.5,37.5],[13.0,37.5],[13.0,38.0],[12.5,38.0],[12.5,37.5]]]},"properties":{"name":"Barrington Atlas location","uri":"https://pleiades.stoa.org/places/462175","pleiades":"462175","precision":"rough","kind":"ancient-footprint","source":"pleiades-polygons"}},{"type":"Feature","geometry":{"type":"Polygon","coordinates":[[[14.0,37.0],[14.5,37.0],[14.5,37.5],[14.0,37.5],[14.0,37.0]]]},"properties":{"name":"Barrington Atlas location","uri":"https://pleiades.stoa.org/places/462818","pleiades":"462818","precision":"rough","kind":"ancient-footprint","source":"pleiades-polygons"}},{"type":"Feature","geometry":{"type":"Polygon","coordinates":[[[15.0,37.5],[15.5,37.5],[15.5,38.0],[15.0,38.0],[15.0,37.5]]]},"properties":{"name":"Barrington Atlas location","uri":"https://pleiades.stoa.org/places/462819","pleiades":"462819","precision":"rough","kind":"ancient-footprint","source":"pleiades-polygons"}},{"type":"Feature","geometry":{"type":"Polygon","coordinates":[[[15.0,37.5],[15.5,37.5],[15.5,38.0],[15.0,38.0],[15.0,37.5]]]},"properties":{"name":"Barrington Atlas location","uri":"https://pleiades.stoa.org/places/462820","pleiades":"462820","precision":"rough","kind":"ancient-footprint","source":"pleiades-polygons"}},{"type":"Feature","geometry":{"type":"Polygon","coordinates":[[[15.0,37.0],[15.5,37.0],[15.5,37.5],[15.0,37.5],[15.0,37.0]]]},"properties":{"name":"Barrington Atlas location","uri":"https://pleiades.stoa.org/places/462821","pleiades":"462821","precision":"rough","kind":"ancient-footprint","source":"pleiades-polygons"}},{"type":"Feature","geometry":{"type":"Polygon","coordinates":[[[13.5,37.5],[14.0,37.5],[14.0,38.0],[13.5,38.0],[13.5,37.5]]]},"properties":{"name":"Barrington Atlas location","uri":"https://pleiades.stoa.org/places/462817","pleiades":"462817","precision":"rough","kind":"ancient-footprint","source":"pleiades-polygons"}},{"type":"Feature","geometry":{"type":"Polygon","coordinates":[[[15.0,36.5],[15.5,36.5],[15.5,37.0],[15.0,37.0],[15.0,36.5]]]},"properties":{"name":"Barrington Atlas location","uri":"https://pleiades.stoa.org/places/462404","pleiades":"462404","precision":"rough","kind":"ancient-footprint","source":"pleiades-polygons"}},{"type":"Feature","geometry":{"type":"Polygon","coordinates":[[[13.0,37.0],[13.5,37.0],[13.5,37.5],[13.0,37.5],[13.0,37.0]]]},"properties":{"name":"Barrington Atlas location","uri":"https://pleiades.stoa.org/places/462499","pleiades":"462499","precision":"rough","kind":"ancient-footprint","source":"pleiades-polygons"}},{"type":"Feature","geometry":{"type":"Polygon","coordinates":[[[13.0,38.0],[13.5,38.0],[13.5,38.5],[13.0,38.5],[13.0,38.0]]]},"properties":{"name":"Barrington Atlas location","uri":"https://pleiades.stoa.org/places/462495","pleiades":"462495","precision":"rough","kind":"ancient-footprint","source":"pleiades-polygons"}},{"type":"Feature","geometry":{"type":"Polygon","coordinates":[[[14.5,36.5],[15.0,36.5],[15.0,37.0],[14.5,37.0],[14.5,36.5]]]},"properties":{"name":"Barrington Atlas location","uri":"https://pleiades.stoa.org/places/462395","pleiades":"462395","precision":"rough","kind":"ancient-footprint","source":"pleiades-polygons"}},{"type":"Feature","geometry":{"type":"Polygon","coordinates":[[[15.0,37.0],[15.5,37.0],[15.5,37.5],[15.0,37.5],[15.0,37.0]]]},"properties":{"name":"Barrington Atlas location","uri":"https://pleiades.stoa.org/places/462308","pleiades":"462308","precision":"rough","kind":"ancient-footprint","source":"pleiades-polygons"}},{"type":"Feature","geometry":{"type":"Polygon","coordinates":[[[15.0,37.0],[15.5,37.0],[15.5,37.5],[15.0,37.5],[15.0,37.0]]]},"properties":{"name":"Barrington Atlas location","uri":"https://pleiades.stoa.org/places/462380","pleiades":"462380","precision":"rough","kind":"ancient-footprint","source":"pleiades-polygons"}},{"type":"Feature","geometry":{"type":"Polygon","coordinates":[[[15.0,37.0],[15.5,37.0],[15.5,37.5],[15.0,37.5],[15.0,37.0]]]},"properties":{"name":"Barrington Atlas location","uri":"https://pleiades.stoa.org/places/462397","pleiades":"462397","precision":"rough","kind":"ancient-footprint","source":"pleiades-polygons"}},{"type":"Feature","geometry":{"type":"Polygon","coordinates":[[[15.0,36.5],[15.5,36.5],[15.5,37.0],[15.0,37.0],[15.0,36.5]]]},"properties":{"name":"Barrington Atlas location","uri":"https://pleiades.stoa.org/places/462233","pleiades":"462233","precision":"rough","kind":"ancient-footprint","source":"pleiades-polygons"}},{"type":"Feature","geometry":{"type":"Polygon","coordinates":[[[15.0,36.5],[15.5,36.5],[15.5,37.0],[15.0,37.0],[15.0,36.5]]]},"properties":{"name":"Barrington Atlas location","uri":"https://pleiades.stoa.org/places/462200","pleiades":"462200","precision":"rough","kind":"ancient-footprint","source":"pleiades-polygons"}},{"type":"Feature","geometry":{"type":"Polygon","coordinates":[[[15.0,37.0],[15.5,37.0],[15.5,37.5],[15.0,37.5],[15.0,37.0]]]},"properties":{"name":"Barrington Atlas location","uri":"https://pleiades.stoa.org/places/462276","pleiades":"462276","precision":"rough","kind":"ancient-footprint","source":"pleiades-polygons"}},{"type":"Feature","geometry":{"type":"Polygon","coordinates":[[[15.0,38.0],[15.5,38.0],[15.5,38.5],[15.0,38.5],[15.0,38.0]]]},"properties":{"name":"Barrington Atlas location","uri":"https://pleiades.stoa.org/places/462231","pleiades":"462231","precision":"rough","kind":"ancient-footprint","source":"pleiades-polygons"}},{"type":"Feature","geometry":{"type":"Polygon","coordinates":[[[15.0,37.0],[15.5,37.0],[15.5,37.5],[15.0,37.5],[15.0,37.0]]]},"properties":{"name":"Barrington Atlas location","uri":"https://pleiades.stoa.org/places/462526","pleiades":"462526","precision":"rough","kind":"ancient-footprint","source":"pleiades-polygons"}},{"type":"Feature","geometry":{"type":"Polygon","coordinates":[[[14.5,38.0],[15.0,38.0],[15.0,38.5],[14.5,38.5],[14.5,38.0]]]},"properties":{"name":"Barrington Atlas location","uri":"https://pleiades.stoa.org/places/462517","pleiades":"462517","precision":"rough","kind":"ancient-footprint","source":"pleiades-polygons"}},{"type":"Feature","geometry":{"type":"Polygon","coordinates":[[[15.0,37.0],[15.5,37.0],[15.5,37.5],[15.0,37.5],[15.0,37.0]]]},"properties":{"name":"Barrington Atlas location","uri":"https://pleiades.stoa.org/places/462508","pleiades":"462508","precision":"rough","kind":"ancient-footprint","source":"pleiades-polygons"}},{"type":"Feature","geometry":{"type":"Polygon","coordinates":[[[11.0,42.5],[11.5,42.5],[11.5,43.0],[11.0,43.0],[11.0,42.5]]]},"properties":{"name":"Barrington Atlas location","uri":"https://pleiades.stoa.org/places/414497","pleiades":"414497","precision":"rough","kind":"ancient-footprint","source":"pleiades-polygons"}},{"type":"Feature","geometry":{"type":"Polygon","coordinates":[[[12.0,42.0],[12.5,42.0],[12.5,42.5],[12.0,42.5],[12.0,42.0]]]},"properties":{"name":"Barrington Atlas location","uri":"https://pleiades.stoa.org/places/414504","pleiades":"414504","precision":"rough","kind":"ancient-footprint","source":"pleiades-polygons"}},{"type":"Feature","geometry":{"type":"Polygon","coordinates":[[[12.5,43.5],[13.0,43.5],[13.0,44.0],[12.5,44.0],[12.5,43.5]]]},"properties":{"name":"Barrington Atlas location","uri":"https://pleiades.stoa.org/places/413004","pleiades":"413004","precision":"rough","kind":"ancient-footprint","source":"pleiades-polygons"}},{"type":"Feature","geometry":{"type":"Polygon","coordinates":[[[11.5,42.0],[12.0,42.0],[12.0,42.5],[11.5,42.5],[11.5,42.0]]]},"properties":{"name":"Barrington Atlas location","uri":"https://pleiades.stoa.org/places/413744","pleiades":"413744","precision":"rough","kind":"ancient-footprint","source":"pleiades-polygons"}},{"type":"Feature","geometry":{"type":"Polygon","coordinates":[[[12.5,42.5],[13.0,42.5],[13.0,43.0],[12.5,43.0],[12.5,42.5]]]},"properties":{"name":"Barrington Atlas location","uri":"https://pleiades.stoa.org/places/413745","pleiades":"413745","precision":"rough","kind":"ancient-footprint","source":"pleiades-polygons"}},{"type":"Feature","geometry":{"type":"Polygon","coordinates":[[[11.0,43.5],[11.5,43.5],[11.5,44.0],[11.0,44.0],[11.0,43.5]]]},"properties":{"name":"Barrington Atlas location","uri":"https://pleiades.stoa.org/places/413742","pleiades":"413742","precision":"rough","kind":"ancient-footprint","source":"pleiades-polygons"}},{"type":"Feature","geometry":{"type":"Polygon","coordinates":[[[12.5,42.5],[13.0,42.5],[13.0,43.0],[12.5,43.0],[12.5,42.5]]]},"properties":{"name":"Barrington Atlas location","uri":"https://pleiades.stoa.org/places/413351","pleiades":"413351","precision":"rough","kind":"ancient-footprint","source":"pleiades-polygons"}},{"type":"Feature","geometry":{"type":"Polygon","coordinates":[[[12.25913,42.50518],[12.26788,42.51474],[12.2705,42.51527],[12.2694,42.51096],[12.26635,42.50619],[12.25913,42.50518]]]},"properties":{"name":"GIS Location: Known Settlement and Cemetery Extent","uri":"https://pleiades.stoa.org/places/413321","pleiades":"413321","precision":"precise","kind":"ancient-footprint","source":"pleiades-polygons"}},{"type":"Feature","geometry":{"type":"Polygon","coordinates":[[[12.5,42.0],[13.0,42.0],[13.0,42.5],[12.5,42.5],[12.5,42.0]]]},"properties":{"name":"Barrington Atlas location","uri":"https://pleiades.stoa.org/places/413372","pleiades":"413372","precision":"rough","kind":"ancient-footprint","source":"pleiades-polygons"}},{"type":"Feature","geometry":{"type":"Polygon","coordinates":[[[12.5,42.0],[13.0,42.0],[13.0,42.5],[12.5,42.5],[12.5,42.0]]]},"properties":{"name":"Barrington Atlas location","uri":"https://pleiades.stoa.org/places/413291","pleiades":"413291","precision":"rough","kind":"ancient-footprint","source":"pleiades-polygons"}},{"type":"Feature","geometry":{"type":"Polygon","coordinates":[[[11.5,43.5],[12.0,43.5],[12.0,44.0],[11.5,44.0],[11.5,43.5]]]},"properties":{"name":"Barrington Atlas location","uri":"https://pleiades.stoa.org/places/412993","pleiades":"412993","precision":"rough","kind":"ancient-footprint","source":"pleiades-polygons"}},{"type":"Feature","geometry":{"type":"Polygon","coordinates":[[[12.5,43.0],[13.0,43.0],[13.0,43.5],[12.5,43.5],[12.5,43.0]]]},"properties":{"name":"Barrington Atlas location","uri":"https://pleiades.stoa.org/places/412988","pleiades":"412988","precision":"rough","kind":"ancient-footprint","source":"pleiades-polygons"}},{"type":"Feature","geometry":{"type":"Polygon","coordinates":[[[13.0,43.5],[13.5,43.5],[13.5,44.0],[13.0,44.0],[13.0,43.5]]]},"properties":{"name":"Barrington Atlas location","uri":"https://pleiades.stoa.org/places/415256","pleiades":"415256","precision":"rough","kind":"ancient-footprint","source":"pleiades-polygons"}},{"type":"Feature","geometry":{"type":"Polygon","coordinates":[[[13.5,43.0],[14.0,43.0],[14.0,43.5],[13.5,43.5],[13.5,43.0]]]},"properties":{"name":"Barrington Atlas location","uri":"https://pleiades.stoa.org/places/415258","pleiades":"415258","precision":"rough","kind":"ancient-footprint","source":"pleiades-polygons"}},{"type":"Feature","geometry":{"type":"Polygon","coordinates":[[[11.0,42.0],[11.5,42.0],[11.5,42.5],[11.0,42.5],[11.0,42.0]]]},"properties":{"name":"Barrington Atlas location","uri":"https://pleiades.stoa.org/places/415254","pleiades":"415254","precision":"rough","kind":"ancient-footprint","source":"pleiades-polygons"}},{"type":"Feature","geometry":{"type":"Polygon","coordinates":[[[12.5,42.5],[13.0,42.5],[13.0,43.0],[12.5,43.0],[12.5,42.5]]]},"properties":{"name":"Barrington Atlas location","uri":"https://pleiades.stoa.org/places/415255","pleiades":"415255","precision":"rough","kind":"ancient-footprint","source":"pleiades-polygons"}},{"type":"Feature","geometry":{"type":"Polygon","coordinates":[[[11.0,43.5],[11.5,43.5],[11.5,44.0],[11.0,44.0],[11.0,43.5]]]},"properties":{"name":"Barrington Atlas location","uri":"https://pleiades.stoa.org/places/415252","pleiades":"415252","precision":"rough","kind":"ancient-footprint","source":"pleiades-polygons"}},{"type":"Feature","geometry":{"type":"Polygon","coordinates":[[[11.0,42.5],[11.5,42.5],[11.5,43.0],[11.0,43.0],[11.0,42.5]]]},"properties":{"name":"Barrington Atlas location","uri":"https://pleiades.stoa.org/places/415253","pleiades":"415253","precision":"rough","kind":"ancient-footprint","source":"pleiades-polygons"}},{"type":"Feature","geometry":{"type":"Polygon","coordinates":[[[14.60141,40.28591],[15.31552,41.0028],[12.62911,42.45664],[11.89328,41.99634],[12.61132,41.4153],[14.60141,40.28591]]]},"properties":{"name":"Undetermined location","uri":"https://pleiades.stoa.org/places/441075550","pleiades":"441075550","precision":"precise","kind":"ancient-footprint","source":"pleiades-polygons"}},{"type":"Feature","geometry":{"type":"Polygon","coordinates":[[[16.0,41.0],[16.5,41.0],[16.5,41.5],[16.0,41.5],[16.0,41.0]]]},"properties":{"name":"Barrington Atlas location","uri":"https://pleiades.stoa.org/places/444711","pleiades":"444711","precision":"rough","kind":"ancient-footprint","source":"pleiades-polygons"}},{"type":"Feature","geometry":{"type":"Polygon","coordinates":[[[15.5,41.0],[16.0,41.0],[16.0,41.5],[15.5,41.5],[15.5,41.0]]]},"properties":{"name":"Barrington Atlas location","uri":"https://pleiades.stoa.org/places/444707","pleiades":"444707","precision":"rough","kind":"ancient-footprint","source":"pleiades-polygons"}},{"type":"Feature","geometry":{"type":"Polygon","coordinates":[[[15.5,41.0],[16.0,41.0],[16.0,41.5],[15.5,41.5],[15.5,41.0]]]},"properties":{"name":"Barrington Atlas location","uri":"https://pleiades.stoa.org/places/444706","pleiades":"444706","precision":"rough","kind":"ancient-footprint","source":"pleiades-polygons"}},{"type":"Feature","geometry":{"type":"Polygon","coordinates":[[[15.5,40.0],[16.0,40.0],[16.0,40.5],[15.5,40.5],[15.5,40.0]]]},"properties":{"name":"Barrington Atlas location","uri":"https://pleiades.stoa.org/places/444710","pleiades":"444710","precision":"rough","kind":"ancient-footprint","source":"pleiades-polygons"}},{"type":"Feature","geometry":{"type":"Polygon","coordinates":[[[15.0,41.5],[15.5,41.5],[15.5,42.0],[15.0,42.0],[15.0,41.5]]]},"properties":{"name":"Barrington Atlas location","uri":"https://pleiades.stoa.org/places/444701","pleiades":"444701","precision":"rough","kind":"ancient-footprint","source":"pleiades-polygons"}},{"type":"Feature","geometry":{"type":"Polygon","coordinates":[[[15.0,41.5],[15.5,41.5],[15.5,42.0],[15.0,42.0],[15.0,41.5]]]},"properties":{"name":"Barrington Atlas location","uri":"https://pleiades.stoa.org/places/444700","pleiades":"444700","precision":"rough","kind":"ancient-footprint","source":"pleiades-polygons"}},{"type":"Feature","geometry":{"type":"Polygon","coordinates":[[[18.0,40.0],[18.5,40.0],[18.5,40.5],[18.0,40.5],[18.0,40.0]]]},"properties":{"name":"Barrington Atlas location","uri":"https://pleiades.stoa.org/places/444716","pleiades":"444716","precision":"rough","kind":"ancient-footprint","source":"pleiades-polygons"}},{"type":"Feature","geometry":{"type":"Polygon","coordinates":[[[15.0,40.5],[15.5,40.5],[15.5,41.0],[15.0,41.0],[15.0,40.5]]]},"properties":{"name":"Barrington Atlas location","uri":"https://pleiades.stoa.org/places/444703","pleiades":"444703","precision":"rough","kind":"ancient-footprint","source":"pleiades-polygons"}},{"type":"Feature","geometry":{"type":"Polygon","coordinates":[[[16.5,40.0],[17.0,40.0],[17.0,40.5],[16.5,40.5],[16.5,40.0]]]},"properties":{"name":"Barrington Atlas location","uri":"https://pleiades.stoa.org/places/444715","pleiades":"444715","precision":"rough","kind":"ancient-footprint","source":"pleiades-polygons"}},{"type":"Feature","geometry":{"type":"Polygon","coordinates":[[[16.5,40.0],[17.0,40.0],[17.0,40.5],[16.5,40.5],[16.5,40.0]]]},"properties":{"name":"Barrington Atlas location","uri":"https://pleiades.stoa.org/places/444714","pleiades":"444714","precision":"rough","kind":"ancient-footprint","source":"pleiades-polygons"}},{"type":"Feature","geometry":{"type":"Polygon","coordinates":[[[15.0,41.0],[15.5,41.0],[15.5,41.5],[15.0,41.5],[15.0,41.0]]]},"properties":{"name":"Barrington Atlas location","uri":"https://pleiades.stoa.org/places/444702","pleiades":"444702","precision":"rough","kind":"ancient-footprint","source":"pleiades-polygons"}},{"type":"Feature","geometry":{"type":"Polygon","coordinates":[[[15.5,40.0],[16.0,40.0],[16.0,40.5],[15.5,40.5],[15.5,40.0]]]},"properties":{"name":"Barrington Atlas location","uri":"https://pleiades.stoa.org/places/444709","pleiades":"444709","precision":"rough","kind":"ancient-footprint","source":"pleiades-polygons"}},{"type":"Feature","geometry":{"type":"Polygon","coordinates":[[[15.5,41.0],[16.0,41.0],[16.0,41.5],[15.5,41.5],[15.5,41.0]]]},"properties":{"name":"Barrington Atlas location","uri":"https://pleiades.stoa.org/places/444705","pleiades":"444705","precision":"rough","kind":"ancient-footprint","source":"pleiades-polygons"}},{"type":"Feature","geometry":{"type":"Polygon","coordinates":[[[16.5,40.0],[17.0,40.0],[17.0,40.5],[16.5,40.5],[16.5,40.0]]]},"properties":{"name":"Barrington Atlas location","uri":"https://pleiades.stoa.org/places/444713","pleiades":"444713","precision":"rough","kind":"ancient-footprint","source":"pleiades-polygons"}},{"type":"Feature","geometry":{"type":"Polygon","coordinates":[[[16.0,41.0],[16.5,41.0],[16.5,41.5],[16.0,41.5],[16.0,41.0]]]},"properties":{"name":"Barrington Atlas location","uri":"https://pleiades.stoa.org/places/444712","pleiades":"444712","precision":"rough","kind":"ancient-footprint","source":"pleiades-polygons"}},{"type":"Feature","geometry":{"type":"Polygon","coordinates":[[[15.0,40.0],[15.5,40.0],[15.5,40.5],[15.0,40.5],[15.0,40.0]]]},"properties":{"name":"Barrington Atlas location","uri":"https://pleiades.stoa.org/places/444704","pleiades":"444704","precision":"rough","kind":"ancient-footprint","source":"pleiades-polygons"}},{"type":"Feature","geometry":{"type":"Polygon","coordinates":[[[15.5,40.0],[16.0,40.0],[16.0,40.5],[15.5,40.5],[15.5,40.0]]]},"properties":{"name":"Barrington Atlas location","uri":"https://pleiades.stoa.org/places/444708","pleiades":"444708","precision":"rough","kind":"ancient-footprint","source":"pleiades-polygons"}},{"type":"Feature","geometry":{"type":"Polygon","coordinates":[[[14.5,41.5],[15.0,41.5],[15.0,42.0],[14.5,42.0],[14.5,41.5]]]},"properties":{"name":"Barrington Atlas location","uri":"https://pleiades.stoa.org/places/444697","pleiades":"444697","precision":"rough","kind":"ancient-footprint","source":"pleiades-polygons"}},{"type":"Feature","geometry":{"type":"Polygon","coordinates":[[[15.0,41.5],[15.5,41.5],[15.5,42.0],[15.0,42.0],[15.0,41.5]]]},"properties":{"name":"Barrington Atlas location","uri":"https://pleiades.stoa.org/places/444699","pleiades":"444699","precision":"rough","kind":"ancient-footprint","source":"pleiades-polygons"}},{"type":"Feature","geometry":{"type":"Polygon","coordinates":[[[14.5,41.0],[15.0,41.0],[15.0,41.5],[14.5,41.5],[14.5,41.0]]]},"properties":{"name":"Barrington Atlas location","uri":"https://pleiades.stoa.org/places/444698","pleiades":"444698","precision":"rough","kind":"ancient-footprint","source":"pleiades-polygons"}},{"type":"Feature","geometry":{"type":"Polygon","coordinates":[[[15.5,40.0],[16.0,40.0],[16.0,40.5],[15.5,40.5],[15.5,40.0]]]},"properties":{"name":"Barrington Atlas location","uri":"https://pleiades.stoa.org/places/443955","pleiades":"443955","precision":"rough","kind":"ancient-footprint","source":"pleiades-polygons"}},{"type":"Feature","geometry":{"type":"Polygon","coordinates":[[[14.5,41.0],[15.0,41.0],[15.0,41.5],[14.5,41.5],[14.5,41.0]]]},"properties":{"name":"Barrington Atlas location","uri":"https://pleiades.stoa.org/places/443942","pleiades":"443942","precision":"rough","kind":"ancient-footprint","source":"pleiades-polygons"}},{"type":"Feature","geometry":{"type":"Polygon","coordinates":[[[15.5,41.0],[16.0,41.0],[16.0,41.5],[15.5,41.5],[15.5,41.0]]]},"properties":{"name":"Barrington Atlas location","uri":"https://pleiades.stoa.org/places/443953","pleiades":"443953","precision":"rough","kind":"ancient-footprint","source":"pleiades-polygons"}},{"type":"Feature","geometry":{"type":"Polygon","coordinates":[[[15.0,41.0],[15.5,41.0],[15.5,41.5],[15.0,41.5],[15.0,41.0]]]},"properties":{"name":"Barrington Atlas location","uri":"https://pleiades.stoa.org/places/443945","pleiades":"443945","precision":"rough","kind":"ancient-footprint","source":"pleiades-polygons"}},{"type":"Feature","geometry":{"type":"Polygon","coordinates":[[[15.0,40.5],[15.5,40.5],[15.5,41.0],[15.0,41.0],[15.0,40.5]]]},"properties":{"name":"Barrington Atlas location","uri":"https://pleiades.stoa.org/places/443948","pleiades":"443948","precision":"rough","kind":"ancient-footprint","source":"pleiades-polygons"}},{"type":"Feature","geometry":{"type":"Polygon","coordinates":[[[15.5,41.0],[16.0,41.0],[16.0,41.5],[15.5,41.5],[15.5,41.0]]]},"properties":{"name":"Barrington Atlas location","uri":"https://pleiades.stoa.org/places/443952","pleiades":"443952","precision":"rough","kind":"ancient-footprint","source":"pleiades-polygons"}},{"type":"Feature","geometry":{"type":"Polygon","coordinates":[[[15.5,41.0],[16.0,41.0],[16.0,41.5],[15.5,41.5],[15.5,41.0]]]},"properties":{"name":"Barrington Atlas location","uri":"https://pleiades.stoa.org/places/443951","pleiades":"443951","precision":"rough","kind":"ancient-footprint","source":"pleiades-polygons"}},{"type":"Feature","geometry":{"type":"Polygon","coordinates":[[[15.5,40.0],[16.0,40.0],[16.0,40.5],[15.5,40.5],[15.5,40.0]]]},"properties":{"name":"Barrington Atlas location","uri":"https://pleiades.stoa.org/places/443957","pleiades":"443957","precision":"rough","kind":"ancient-footprint","source":"pleiades-polygons"}},{"type":"Feature","geometry":{"type":"Polygon","coordinates":[[[15.5,40.0],[16.0,40.0],[16.0,40.5],[15.5,40.5],[15.5,40.0]]]},"properties":{"name":"Barrington Atlas location","uri":"https://pleiades.stoa.org/places/443956","pleiades":"443956","precision":"rough","kind":"ancient-footprint","source":"pleiades-polygons"}},{"type":"Feature","geometry":{"type":"Polygon","coordinates":[[[15.5,40.5],[16.0,40.5],[16.0,41.0],[15.5,41.0],[15.5,40.5]]]},"properties":{"name":"Barrington Atlas location","uri":"https://pleiades.stoa.org/places/443187","pleiades":"443187","precision":"rough","kind":"ancient-footprint","source":"pleiades-polygons"}},{"type":"Feature","geometry":{"type":"Polygon","coordinates":[[[17.0,40.0],[17.5,40.0],[17.5,40.5],[17.0,40.5],[17.0,40.0]]]},"properties":{"name":"Barrington Atlas location","uri":"https://pleiades.stoa.org/places/443190","pleiades":"443190","precision":"rough","kind":"ancient-footprint","source":"pleiades-polygons"}},{"type":"Feature","geometry":{"type":"Polygon","coordinates":[[[15.5,41.0],[16.0,41.0],[16.0,41.5],[15.5,41.5],[15.5,41.0]]]},"properties":{"name":"Barrington Atlas location","uri":"https://pleiades.stoa.org/places/443189","pleiades":"443189","precision":"rough","kind":"ancient-footprint","source":"pleiades-polygons"}},{"type":"Feature","geometry":{"type":"Polygon","coordinates":[[[17.5,40.5],[18.0,40.5],[18.0,41.0],[17.5,41.0],[17.5,40.5]]]},"properties":{"name":"Barrington Atlas location","uri":"https://pleiades.stoa.org/places/442706","pleiades":"442706","precision":"rough","kind":"ancient-footprint","source":"pleiades-polygons"}},{"type":"Feature","geometry":{"type":"Polygon","coordinates":[[[15.5,40.5],[16.0,40.5],[16.0,41.0],[15.5,41.0],[15.5,40.5]]]},"properties":{"name":"Barrington Atlas location","uri":"https://pleiades.stoa.org/places/442639","pleiades":"442639","precision":"rough","kind":"ancient-footprint","source":"pleiades-polygons"}},{"type":"Feature","geometry":{"type":"Polygon","coordinates":[[[18.0,40.0],[18.5,40.0],[18.5,40.5],[18.0,40.5],[18.0,40.0]]]},"properties":{"name":"Barrington Atlas location","uri":"https://pleiades.stoa.org/places/442441","pleiades":"442441","precision":"rough","kind":"ancient-footprint","source":"pleiades-polygons"}},{"type":"Feature","geometry":{"type":"Polygon","coordinates":[[[15.5,41.5],[16.0,41.5],[16.0,42.0],[15.5,42.0],[15.5,41.5]]]},"properties":{"name":"Barrington Atlas location","uri":"https://pleiades.stoa.org/places/442462","pleiades":"442462","precision":"rough","kind":"ancient-footprint","source":"pleiades-polygons"}},{"type":"Feature","geometry":{"type":"Polygon","coordinates":[[[15.0,40.5],[15.5,40.5],[15.5,41.0],[15.0,41.0],[15.0,40.5]]]},"properties":{"name":"Barrington Atlas location","uri":"https://pleiades.stoa.org/places/442463","pleiades":"442463","precision":"rough","kind":"ancient-footprint","source":"pleiades-polygons"}},{"type":"Feature","geometry":{"type":"Polygon","coordinates":[[[16.0,41.0],[16.5,41.0],[16.5,41.5],[16.0,41.5],[16.0,41.0]]]},"properties":{"name":"Barrington Atlas location","uri":"https://pleiades.stoa.org/places/442568","pleiades":"442568","precision":"rough","kind":"ancient-footprint","source":"pleiades-polygons"}},{"type":"Feature","geometry":{"type":"Polygon","coordinates":[[[15.0,41.5],[15.5,41.5],[15.5,42.0],[15.0,42.0],[15.0,41.5]]]},"properties":{"name":"Barrington Atlas location","uri":"https://pleiades.stoa.org/places/442593","pleiades":"442593","precision":"rough","kind":"ancient-footprint","source":"pleiades-polygons"}},{"type":"Feature","geometry":{"type":"Polygon","coordinates":[[[17.0,40.5],[17.5,40.5],[17.5,41.0],[17.0,41.0],[17.0,40.5]]]},"properties":{"name":"Barrington Atlas location","uri":"https://pleiades.stoa.org/places/442592","pleiades":"442592","precision":"rough","kind":"ancient-footprint","source":"pleiades-polygons"}},{"type":"Feature","geometry":{"type":"Polygon","coordinates":[[[12.5,41.0],[13.0,41.0],[13.0,41.5],[12.5,41.5],[12.5,41.0]]]},"properties":{"name":"Barrington Atlas location","uri":"https://pleiades.stoa.org/places/437147","pleiades":"437147","precision":"rough","kind":"ancient-footprint","source":"pleiades-polygons"}},{"type":"Feature","geometry":{"type":"Polygon","coordinates":[[[14.0,40.5],[14.5,40.5],[14.5,41.0],[14.0,41.0],[14.0,40.5]]]},"properties":{"name":"Barrington Atlas location","uri":"https://pleiades.stoa.org/places/437151","pleiades":"437151","precision":"rough","kind":"ancient-footprint","source":"pleiades-polygons"}},{"type":"Feature","geometry":{"type":"Polygon","coordinates":[[[14.0,40.5],[14.5,40.5],[14.5,41.0],[14.0,41.0],[14.0,40.5]]]},"properties":{"name":"Barrington Atlas location","uri":"https://pleiades.stoa.org/places/437150","pleiades":"437150","precision":"rough","kind":"ancient-footprint","source":"pleiades-polygons"}},{"type":"Feature","geometry":{"type":"Polygon","coordinates":[[[14.0,40.5],[14.5,40.5],[14.5,41.0],[14.0,41.0],[14.0,40.5]]]},"properties":{"name":"Barrington Atlas location","uri":"https://pleiades.stoa.org/places/437149","pleiades":"437149","precision":"rough","kind":"ancient-footprint","source":"pleiades-polygons"}},{"type":"Feature","geometry":{"type":"Polygon","coordinates":[[[13.5,41.0],[14.0,41.0],[14.0,41.5],[13.5,41.5],[13.5,41.0]]]},"properties":{"name":"Barrington Atlas location","uri":"https://pleiades.stoa.org/places/437148","pleiades":"437148","precision":"rough","kind":"ancient-footprint","source":"pleiades-polygons"}},{"type":"Feature","geometry":{"type":"Polygon","coordinates":[[[14.5,40.5],[15.0,40.5],[15.0,41.0],[14.5,41.0],[14.5,40.5]]]},"properties":{"name":"Barrington Atlas location","uri":"https://pleiades.stoa.org/places/437152","pleiades":"437152","precision":"rough","kind":"ancient-footprint","source":"pleiades-polygons"}},{"type":"Feature","geometry":{"type":"Polygon","coordinates":[[[14.5,40.5],[15.0,40.5],[15.0,41.0],[14.5,41.0],[14.5,40.5]]]},"properties":{"name":"Barrington Atlas location","uri":"https://pleiades.stoa.org/places/436418","pleiades":"436418","precision":"rough","kind":"ancient-footprint","source":"pleiades-polygons"}},{"type":"Feature","geometry":{"type":"Polygon","coordinates":[[[13.5,41.0],[14.0,41.0],[14.0,41.5],[13.5,41.5],[13.5,41.0]]]},"properties":{"name":"Barrington Atlas location","uri":"https://pleiades.stoa.org/places/436402","pleiades":"436402","precision":"rough","kind":"ancient-footprint","source":"pleiades-polygons"}},{"type":"Feature","geometry":{"type":"Polygon","coordinates":[[[13.5,41.0],[14.0,41.0],[14.0,41.5],[13.5,41.5],[13.5,41.0]]]},"properties":{"name":"Barrington Atlas location","uri":"https://pleiades.stoa.org/places/436403","pleiades":"436403","precision":"rough","kind":"ancient-footprint","source":"pleiades-polygons"}},{"type":"Feature","geometry":{"type":"Polygon","coordinates":[[[14.5,41.0],[15.0,41.0],[15.0,41.5],[14.5,41.5],[14.5,41.0]]]},"properties":{"name":"Barrington Atlas location","uri":"https://pleiades.stoa.org/places/436415","pleiades":"436415","precision":"rough","kind":"ancient-footprint","source":"pleiades-polygons"}},{"type":"Feature","geometry":{"type":"Polygon","coordinates":[[[14.5,40.5],[15.0,40.5],[15.0,41.0],[14.5,41.0],[14.5,40.5]]]},"properties":{"name":"Barrington Atlas location","uri":"https://pleiades.stoa.org/places/436419","pleiades":"436419","precision":"rough","kind":"ancient-footprint","source":"pleiades-polygons"}},{"type":"Feature","geometry":{"type":"Polygon","coordinates":[[[14.0,40.5],[14.5,40.5],[14.5,41.0],[14.0,41.0],[14.0,40.5]]]},"properties":{"name":"Barrington Atlas location","uri":"https://pleiades.stoa.org/places/436412","pleiades":"436412","precision":"rough","kind":"ancient-footprint","source":"pleiades-polygons"}},{"type":"Feature","geometry":{"type":"Polygon","coordinates":[[[13.5,41.0],[14.0,41.0],[14.0,41.5],[13.5,41.5],[13.5,41.0]]]},"properties":{"name":"Barrington Atlas location","uri":"https://pleiades.stoa.org/places/436404","pleiades":"436404","precision":"rough","kind":"ancient-footprint","source":"pleiades-polygons"}},{"type":"Feature","geometry":{"type":"Polygon","coordinates":[[[14.0,41.0],[14.5,41.0],[14.5,41.5],[14.0,41.5],[14.0,41.0]]]},"properties":{"name":"Barrington Atlas location","uri":"https://pleiades.stoa.org/places/436408","pleiades":"436408","precision":"rough","kind":"ancient-footprint","source":"pleiades-polygons"}},{"type":"Feature","geometry":{"type":"Polygon","coordinates":[[[14.0,41.0],[14.5,41.0],[14.5,41.5],[14.0,41.5],[14.0,41.0]]]},"properties":{"name":"Barrington Atlas location","uri":"https://pleiades.stoa.org/places/436409","pleiades":"436409","precision":"rough","kind":"ancient-footprint","source":"pleiades-polygons"}},{"type":"Feature","geometry":{"type":"Polygon","coordinates":[[[14.0,41.0],[14.5,41.0],[14.5,41.5],[14.0,41.5],[14.0,41.0]]]},"properties":{"name":"Barrington Atlas location","uri":"https://pleiades.stoa.org/places/436405","pleiades":"436405","precision":"rough","kind":"ancient-footprint","source":"pleiades-polygons"}},{"type":"Feature","geometry":{"type":"Polygon","coordinates":[[[14.0,40.5],[14.5,40.5],[14.5,41.0],[14.0,41.0],[14.0,40.5]]]},"properties":{"name":"Barrington Atlas location","uri":"https://pleiades.stoa.org/places/436413","pleiades":"436413","precision":"rough","kind":"ancient-footprint","source":"pleiades-polygons"}},{"type":"Feature","geometry":{"type":"Polygon","coordinates":[[[14.0,41.0],[14.5,41.0],[14.5,41.5],[14.0,41.5],[14.0,41.0]]]},"properties":{"name":"Barrington Atlas location","uri":"https://pleiades.stoa.org/places/436406","pleiades":"436406","precision":"rough","kind":"ancient-footprint","source":"pleiades-polygons"}},{"type":"Feature","geometry":{"type":"Polygon","coordinates":[[[14.0,41.0],[14.5,41.0],[14.5,41.5],[14.0,41.5],[14.0,41.0]]]},"properties":{"name":"Barrington Atlas location","uri":"https://pleiades.stoa.org/places/436410","pleiades":"436410","precision":"rough","kind":"ancient-footprint","source":"pleiades-polygons"}},{"type":"Feature","geometry":{"type":"Polygon","coordinates":[[[14.0,41.0],[14.5,41.0],[14.5,41.5],[14.0,41.5],[14.0,41.0]]]},"properties":{"name":"Barrington Atlas location","uri":"https://pleiades.stoa.org/places/436411","pleiades":"436411","precision":"rough","kind":"ancient-footprint","source":"pleiades-polygons"}},{"type":"Feature","geometry":{"type":"Polygon","coordinates":[[[14.0,41.0],[14.5,41.0],[14.5,41.5],[14.0,41.5],[14.0,41.0]]]},"properties":{"name":"Barrington Atlas location","uri":"https://pleiades.stoa.org/places/436407","pleiades":"436407","precision":"rough","kind":"ancient-footprint","source":"pleiades-polygons"}},{"type":"Feature","geometry":{"type":"Polygon","coordinates":[[[13.5,41.5],[14.0,41.5],[14.0,42.0],[13.5,42.0],[13.5,41.5]]]},"properties":{"name":"Barrington Atlas location","uri":"https://pleiades.stoa.org/places/436400","pleiades":"436400","precision":"rough","kind":"ancient-footprint","source":"pleiades-polygons"}},{"type":"Feature","geometry":{"type":"Polygon","coordinates":[[[14.5,41.0],[15.0,41.0],[15.0,41.5],[14.5,41.5],[14.5,41.0]]]},"properties":{"name":"Barrington Atlas location","uri":"https://pleiades.stoa.org/places/436416","pleiades":"436416","precision":"rough","kind":"ancient-footprint","source":"pleiades-polygons"}},{"type":"Feature","geometry":{"type":"Polygon","coordinates":[[[14.5,40.5],[15.0,40.5],[15.0,41.0],[14.5,41.0],[14.5,40.5]]]},"properties":{"name":"Barrington Atlas location","uri":"https://pleiades.stoa.org/places/436417","pleiades":"436417","precision":"rough","kind":"ancient-footprint","source":"pleiades-polygons"}},{"type":"Feature","geometry":{"type":"Polygon","coordinates":[[[13.5,41.0],[14.0,41.0],[14.0,41.5],[13.5,41.5],[13.5,41.0]]]},"properties":{"name":"Barrington Atlas location","uri":"https://pleiades.stoa.org/places/436401","pleiades":"436401","precision":"rough","kind":"ancient-footprint","source":"pleiades-polygons"}},{"type":"Feature","geometry":{"type":"Polygon","coordinates":[[[13.0,41.0],[13.5,41.0],[13.5,41.5],[13.0,41.5],[13.0,41.0]]]},"properties":{"name":"Barrington Atlas location","uri":"https://pleiades.stoa.org/places/436398","pleiades":"436398","precision":"rough","kind":"ancient-footprint","source":"pleiades-polygons"}},{"type":"Feature","geometry":{"type":"Polygon","coordinates":[[[13.0,41.5],[13.5,41.5],[13.5,42.0],[13.0,42.0],[13.0,41.5]]]},"properties":{"name":"Barrington Atlas location","uri":"https://pleiades.stoa.org/places/436395","pleiades":"436395","precision":"rough","kind":"ancient-footprint","source":"pleiades-polygons"}},{"type":"Feature","geometry":{"type":"Polygon","coordinates":[[[13.0,41.0],[13.5,41.0],[13.5,41.5],[13.0,41.5],[13.0,41.0]]]},"properties":{"name":"Barrington Atlas location","uri":"https://pleiades.stoa.org/places/436399","pleiades":"436399","precision":"rough","kind":"ancient-footprint","source":"pleiades-polygons"}},{"type":"Feature","geometry":{"type":"Polygon","coordinates":[[[12.5,42.0],[13.0,42.0],[13.0,42.5],[12.5,42.5],[12.5,42.0]]]},"properties":{"name":"Barrington Atlas location","uri":"https://pleiades.stoa.org/places/436392","pleiades":"436392","precision":"rough","kind":"ancient-footprint","source":"pleiades-polygons"}},{"type":"Feature","geometry":{"type":"Polygon","coordinates":[[[13.0,41.0],[13.5,41.0],[13.5,41.5],[13.0,41.5],[13.0,41.0]]]},"properties":{"name":"Barrington Atlas location","uri":"https://pleiades.stoa.org/places/436396","pleiades":"436396","precision":"rough","kind":"ancient-footprint","source":"pleiades-polygons"}},{"type":"Feature","geometry":{"type":"Polygon","coordinates":[[[13.0,41.0],[13.5,41.0],[13.5,41.5],[13.0,41.5],[13.0,41.0]]]},"properties":{"name":"Barrington Atlas location","uri":"https://pleiades.stoa.org/places/436397","pleiades":"436397","precision":"rough","kind":"ancient-footprint","source":"pleiades-polygons"}},{"type":"Feature","geometry":{"type":"Polygon","coordinates":[[[14.0,41.0],[14.5,41.0],[14.5,41.5],[14.0,41.5],[14.0,41.0]]]},"properties":{"name":"Barrington Atlas location","uri":"https://pleiades.stoa.org/places/434136","pleiades":"434136","precision":"rough","kind":"ancient-footprint","source":"pleiades-polygons"}},{"type":"Feature","geometry":{"type":"Polygon","coordinates":[[[14.5,41.0],[15.0,41.0],[15.0,41.5],[14.5,41.5],[14.5,41.0]]]},"properties":{"name":"Barrington Atlas location","uri":"https://pleiades.stoa.org/places/434137","pleiades":"434137","precision":"rough","kind":"ancient-footprint","source":"pleiades-polygons"}},{"type":"Feature","geometry":{"type":"Polygon","coordinates":[[[14.5,41.0],[15.0,41.0],[15.0,41.5],[14.5,41.5],[14.5,41.0]]]},"properties":{"name":"Barrington Atlas location","uri":"https://pleiades.stoa.org/places/434140","pleiades":"434140","precision":"rough","kind":"ancient-footprint","source":"pleiades-polygons"}},{"type":"Feature","geometry":{"type":"Polygon","coordinates":[[[13.5,41.0],[14.0,41.0],[14.0,41.5],[13.5,41.5],[13.5,41.0]]]},"properties":{"name":"Barrington Atlas location","uri":"https://pleiades.stoa.org/places/434132","pleiades":"434132","precision":"rough","kind":"ancient-footprint","source":"pleiades-polygons"}},{"type":"Feature","geometry":{"type":"Polygon","coordinates":[[[13.5,41.0],[14.0,41.0],[14.0,41.5],[13.5,41.5],[13.5,41.0]]]},"properties":{"name":"Barrington Atlas location","uri":"https://pleiades.stoa.org/places/434133","pleiades":"434133","precision":"rough","kind":"ancient-footprint","source":"pleiades-polygons"}},{"type":"Feature","geometry":{"type":"Polygon","coordinates":[[[13.5,41.0],[14.0,41.0],[14.0,41.5],[13.5,41.5],[13.5,41.0]]]},"properties":{"name":"Barrington Atlas location","uri":"https://pleiades.stoa.org/places/434883","pleiades":"434883","precision":"rough","kind":"ancient-footprint","source":"pleiades-polygons"}},{"type":"Feature","geometry":{"type":"Polygon","coordinates":[[[13.0,41.0],[13.5,41.0],[13.5,41.5],[13.0,41.5],[13.0,41.0]]]},"properties":{"name":"Barrington Atlas location","uri":"https://pleiades.stoa.org/places/434882","pleiades":"434882","precision":"rough","kind":"ancient-footprint","source":"pleiades-polygons"}},{"type":"Feature","geometry":{"type":"Polygon","coordinates":[[[13.5,41.0],[14.0,41.0],[14.0,41.5],[13.5,41.5],[13.5,41.0]]]},"properties":{"name":"Barrington Atlas location","uri":"https://pleiades.stoa.org/places/433009","pleiades":"433009","precision":"rough","kind":"ancient-footprint","source":"pleiades-polygons"}},{"type":"Feature","geometry":{"type":"Polygon","coordinates":[[[12.5,41.5],[13.0,41.5],[13.0,42.0],[12.5,42.0],[12.5,41.5]]]},"properties":{"name":"Barrington Atlas location","uri":"https://pleiades.stoa.org/places/433033","pleiades":"433033","precision":"rough","kind":"ancient-footprint","source":"pleiades-polygons"}},{"type":"Feature","geometry":{"type":"Polygon","coordinates":[[[13.5,41.5],[14.0,41.5],[14.0,42.0],[13.5,42.0],[13.5,41.5]]]},"properties":{"name":"Barrington Atlas location","uri":"https://pleiades.stoa.org/places/433110","pleiades":"433110","precision":"rough","kind":"ancient-footprint","source":"pleiades-polygons"}},{"type":"Feature","geometry":{"type":"Polygon","coordinates":[[[13.5,41.0],[14.0,41.0],[14.0,41.5],[13.5,41.5],[13.5,41.0]]]},"properties":{"name":"Barrington Atlas location","uri":"https://pleiades.stoa.org/places/433381","pleiades":"433381","precision":"rough","kind":"ancient-footprint","source":"pleiades-polygons"}},{"type":"Feature","geometry":{"type":"Polygon","coordinates":[[[13.0,41.5],[13.5,41.5],[13.5,42.0],[13.0,42.0],[13.0,41.5]]]},"properties":{"name":"Barrington Atlas location","uri":"https://pleiades.stoa.org/places/433378","pleiades":"433378","precision":"rough","kind":"ancient-footprint","source":"pleiades-polygons"}},{"type":"Feature","geometry":{"type":"Polygon","coordinates":[[[13.0,41.0],[13.5,41.0],[13.5,41.5],[13.0,41.5],[13.0,41.0]]]},"properties":{"name":"Barrington Atlas location","uri":"https://pleiades.stoa.org/places/433379","pleiades":"433379","precision":"rough","kind":"ancient-footprint","source":"pleiades-polygons"}},{"type":"Feature","geometry":{"type":"Polygon","coordinates":[[[13.5,41.0],[14.0,41.0],[14.0,41.5],[13.5,41.5],[13.5,41.0]]]},"properties":{"name":"Barrington Atlas location","uri":"https://pleiades.stoa.org/places/433380","pleiades":"433380","precision":"rough","kind":"ancient-footprint","source":"pleiades-polygons"}},{"type":"Feature","geometry":{"type":"Polygon","coordinates":[[[14.5,41.0],[15.0,41.0],[15.0,41.5],[14.5,41.5],[14.5,41.0]]]},"properties":{"name":"Barrington Atlas location","uri":"https://pleiades.stoa.org/places/433385","pleiades":"433385","precision":"rough","kind":"ancient-footprint","source":"pleiades-polygons"}},{"type":"Feature","geometry":{"type":"Polygon","coordinates":[[[14.0,40.5],[14.5,40.5],[14.5,41.0],[14.0,41.0],[14.0,40.5]]]},"properties":{"name":"Barrington Atlas location","uri":"https://pleiades.stoa.org/places/433384","pleiades":"433384","precision":"rough","kind":"ancient-footprint","source":"pleiades-polygons"}},{"type":"Feature","geometry":{"type":"Polygon","coordinates":[[[14.0,41.0],[14.5,41.0],[14.5,41.5],[14.0,41.5],[14.0,41.0]]]},"properties":{"name":"Barrington Atlas location","uri":"https://pleiades.stoa.org/places/433383","pleiades":"433383","precision":"rough","kind":"ancient-footprint","source":"pleiades-polygons"}},{"type":"Feature","geometry":{"type":"Polygon","coordinates":[[[14.0,41.0],[14.5,41.0],[14.5,41.5],[14.0,41.5],[14.0,41.0]]]},"properties":{"name":"Barrington Atlas location","uri":"https://pleiades.stoa.org/places/433382","pleiades":"433382","precision":"rough","kind":"ancient-footprint","source":"pleiades-polygons"}},{"type":"Feature","geometry":{"type":"Polygon","coordinates":[[[12.5,41.0],[13.0,41.0],[13.0,41.5],[12.5,41.5],[12.5,41.0]]]},"properties":{"name":"Barrington Atlas location","uri":"https://pleiades.stoa.org/places/432988","pleiades":"432988","precision":"rough","kind":"ancient-footprint","source":"pleiades-polygons"}},{"type":"Feature","geometry":{"type":"Polygon","coordinates":[[[14.0,41.0],[14.5,41.0],[14.5,41.5],[14.0,41.5],[14.0,41.0]]]},"properties":{"name":"Barrington Atlas location","uri":"https://pleiades.stoa.org/places/432742","pleiades":"432742","precision":"rough","kind":"ancient-footprint","source":"pleiades-polygons"}},{"type":"Feature","geometry":{"type":"Polygon","coordinates":[[[14.0,40.5],[14.5,40.5],[14.5,41.0],[14.0,41.0],[14.0,40.5]]]},"properties":{"name":"Barrington Atlas location","uri":"https://pleiades.stoa.org/places/432717","pleiades":"432717","precision":"rough","kind":"ancient-footprint","source":"pleiades-polygons"}},{"type":"Feature","geometry":{"type":"Polygon","coordinates":[[[14.0,41.0],[14.5,41.0],[14.5,41.5],[14.0,41.5],[14.0,41.0]]]},"properties":{"name":"Barrington Atlas location","uri":"https://pleiades.stoa.org/places/432631","pleiades":"432631","precision":"rough","kind":"ancient-footprint","source":"pleiades-polygons"}},{"type":"Feature","geometry":{"type":"Polygon","coordinates":[[[13.0,41.0],[13.5,41.0],[13.5,41.5],[13.0,41.5],[13.0,41.0]]]},"properties":{"name":"Barrington Atlas location","uri":"https://pleiades.stoa.org/places/432812","pleiades":"432812","precision":"rough","kind":"ancient-footprint","source":"pleiades-polygons"}},{"type":"Feature","geometry":{"type":"Polygon","coordinates":[[[13.5,40.5],[14.0,40.5],[14.0,41.0],[13.5,41.0],[13.5,40.5]]]},"properties":{"name":"Barrington Atlas location","uri":"https://pleiades.stoa.org/places/432809","pleiades":"432809","precision":"rough","kind":"ancient-footprint","source":"pleiades-polygons"}},{"type":"Feature","geometry":{"type":"Polygon","coordinates":[[[14.0,40.5],[14.5,40.5],[14.5,41.0],[14.0,41.0],[14.0,40.5]]]},"properties":{"name":"Barrington Atlas location","uri":"https://pleiades.stoa.org/places/432859","pleiades":"432859","precision":"rough","kind":"ancient-footprint","source":"pleiades-polygons"}},{"type":"Feature","geometry":{"type":"Polygon","coordinates":[[[13.0,41.0],[13.5,41.0],[13.5,41.5],[13.0,41.5],[13.0,41.0]]]},"properties":{"name":"Barrington Atlas location","uri":"https://pleiades.stoa.org/places/435639","pleiades":"435639","precision":"rough","kind":"ancient-footprint","source":"pleiades-polygons"}},{"type":"Feature","geometry":{"type":"Polygon","coordinates":[[[13.0,41.0],[13.5,41.0],[13.5,41.5],[13.0,41.5],[13.0,41.0]]]},"properties":{"name":"Barrington Atlas location","uri":"https://pleiades.stoa.org/places/435638","pleiades":"435638","precision":"rough","kind":"ancient-footprint","source":"pleiades-polygons"}},{"type":"Feature","geometry":{"type":"Polygon","coordinates":[[[14.0,41.0],[14.5,41.0],[14.5,41.5],[14.0,41.5],[14.0,41.0]]]},"properties":{"name":"Barrington Atlas location","uri":"https://pleiades.stoa.org/places/435640","pleiades":"435640","precision":"rough","kind":"ancient-footprint","source":"pleiades-polygons"}},{"type":"Feature","geometry":{"type":"Polygon","coordinates":[[[13.0,41.5],[13.5,41.5],[13.5,42.0],[13.0,42.0],[13.0,41.5]]]},"properties":{"name":"Barrington Atlas location","uri":"https://pleiades.stoa.org/places/435637","pleiades":"435637","precision":"rough","kind":"ancient-footprint","source":"pleiades-polygons"}},{"type":"Feature","geometry":{"type":"Polygon","coordinates":[[[12.75,41.25],[13.0,41.25],[13.0,41.5],[12.75,41.5],[12.75,41.25]]]},"properties":{"name":"Barrington Atlas location","uri":"https://pleiades.stoa.org/places/426635","pleiades":"426635","precision":"rough","kind":"ancient-footprint","source":"pleiades-polygons"}},{"type":"Feature","geometry":{"type":"Polygon","coordinates":[[[12.5,41.75],[12.75,41.75],[12.75,42.0],[12.5,42.0],[12.5,41.75]]]},"properties":{"name":"Barrington Atlas location","uri":"https://pleiades.stoa.org/places/426603","pleiades":"426603","precision":"rough","kind":"ancient-footprint","source":"pleiades-polygons"}},{"type":"Feature","geometry":{"type":"Polygon","coordinates":[[[12.75,41.75],[13.0,41.75],[13.0,42.0],[12.75,42.0],[12.75,41.75]]]},"properties":{"name":"Barrington Atlas location","uri":"https://pleiades.stoa.org/places/426609","pleiades":"426609","precision":"rough","kind":"ancient-footprint","source":"pleiades-polygons"}},{"type":"Feature","geometry":{"type":"Polygon","coordinates":[[[12.75,41.5],[13.0,41.5],[13.0,41.75],[12.75,41.75],[12.75,41.5]]]},"properties":{"name":"Barrington Atlas location","uri":"https://pleiades.stoa.org/places/426633","pleiades":"426633","precision":"rough","kind":"ancient-footprint","source":"pleiades-polygons"}},{"type":"Feature","geometry":{"type":"Polygon","coordinates":[[[12.75,41.5],[13.0,41.5],[13.0,41.75],[12.75,41.75],[12.75,41.5]]]},"properties":{"name":"Barrington Atlas location","uri":"https://pleiades.stoa.org/places/426632","pleiades":"426632","precision":"rough","kind":"ancient-footprint","source":"pleiades-polygons"}},{"type":"Feature","geometry":{"type":"Polygon","coordinates":[[[12.75,41.75],[13.0,41.75],[13.0,42.0],[12.75,42.0],[12.75,41.75]]]},"properties":{"name":"Barrington Atlas location","uri":"https://pleiades.stoa.org/places/426608","pleiades":"426608","precision":"rough","kind":"ancient-footprint","source":"pleiades-polygons"}},{"type":"Feature","geometry":{"type":"Polygon","coordinates":[[[12.5,41.5],[12.75,41.5],[12.75,41.75],[12.5,41.75],[12.5,41.5]]]},"properties":{"name":"Barrington Atlas location","uri":"https://pleiades.stoa.org/places/426628","pleiades":"426628","precision":"rough","kind":"ancient-footprint","source":"pleiades-polygons"}},{"type":"Feature","geometry":{"type":"Polygon","coordinates":[[[12.75,41.75],[13.0,41.75],[13.0,42.0],[12.75,42.0],[12.75,41.75]]]},"properties":{"name":"Barrington Atlas location","uri":"https://pleiades.stoa.org/places/426607","pleiades":"426607","precision":"rough","kind":"ancient-footprint","source":"pleiades-polygons"}},{"type":"Feature","geometry":{"type":"Polygon","coordinates":[[[12.75,41.5],[13.0,41.5],[13.0,41.75],[12.75,41.75],[12.75,41.5]]]},"properties":{"name":"Barrington Atlas location","uri":"https://pleiades.stoa.org/places/426631","pleiades":"426631","precision":"rough","kind":"ancient-footprint","source":"pleiades-polygons"}},{"type":"Feature","geometry":{"type":"Polygon","coordinates":[[[12.5,41.5],[12.75,41.5],[12.75,41.75],[12.5,41.75],[12.5,41.5]]]},"properties":{"name":"Barrington Atlas location","uri":"https://pleiades.stoa.org/places/426627","pleiades":"426627","precision":"rough","kind":"ancient-footprint","source":"pleiades-polygons"}},{"type":"Feature","geometry":{"type":"Polygon","coordinates":[[[12.5,41.5],[12.75,41.5],[12.75,41.75],[12.5,41.75],[12.5,41.5]]]},"properties":{"name":"Barrington Atlas location","uri":"https://pleiades.stoa.org/places/426630","pleiades":"426630","precision":"rough","kind":"ancient-footprint","source":"pleiades-polygons"}},{"type":"Feature","geometry":{"type":"Polygon","coordinates":[[[12.75,41.75],[13.0,41.75],[13.0,42.0],[12.75,42.0],[12.75,41.75]]]},"properties":{"name":"Barrington Atlas location","uri":"https://pleiades.stoa.org/places/426610","pleiades":"426610","precision":"rough","kind":"ancient-footprint","source":"pleiades-polygons"}},{"type":"Feature","geometry":{"type":"Polygon","coordinates":[[[12.75,41.75],[13.0,41.75],[13.0,42.0],[12.75,42.0],[12.75,41.75]]]},"properties":{"name":"Barrington Atlas location","uri":"https://pleiades.stoa.org/places/426606","pleiades":"426606","precision":"rough","kind":"ancient-footprint","source":"pleiades-polygons"}},{"type":"Feature","geometry":{"type":"Polygon","coordinates":[[[12.5,41.5],[12.75,41.5],[12.75,41.75],[12.5,41.75],[12.5,41.5]]]},"properties":{"name":"Barrington Atlas location","uri":"https://pleiades.stoa.org/places/426621","pleiades":"426621","precision":"rough","kind":"ancient-footprint","source":"pleiades-polygons"}},{"type":"Feature","geometry":{"type":"Polygon","coordinates":[[[12.5,41.75],[12.75,41.75],[12.75,42.0],[12.5,42.0],[12.5,41.75]]]},"properties":{"name":"Barrington Atlas location","uri":"https://pleiades.stoa.org/places/426601","pleiades":"426601","precision":"rough","kind":"ancient-footprint","source":"pleiades-polygons"}},{"type":"Feature","geometry":{"type":"Polygon","coordinates":[[[12.5,41.75],[12.75,41.75],[12.75,42.0],[12.5,42.0],[12.5,41.75]]]},"properties":{"name":"Barrington Atlas location","uri":"https://pleiades.stoa.org/places/426620","pleiades":"426620","precision":"rough","kind":"ancient-footprint","source":"pleiades-polygons"}},{"type":"Feature","geometry":{"type":"Polygon","coordinates":[[[12.25,41.75],[12.5,41.75],[12.5,42.0],[12.25,42.0],[12.25,41.75]]]},"properties":{"name":"Barrington Atlas location","uri":"https://pleiades.stoa.org/places/426588","pleiades":"426588","precision":"rough","kind":"ancient-footprint","source":"pleiades-polygons"}},{"type":"Feature","geometry":{"type":"Polygon","coordinates":[[[12.25,41.75],[12.5,41.75],[12.5,42.0],[12.25,42.0],[12.25,41.75]]]},"properties":{"name":"Barrington Atlas location","uri":"https://pleiades.stoa.org/places/426585","pleiades":"426585","precision":"rough","kind":"ancient-footprint","source":"pleiades-polygons"}},{"type":"Feature","geometry":{"type":"Polygon","coordinates":[[[12.25,41.75],[12.5,41.75],[12.5,42.0],[12.25,42.0],[12.25,41.75]]]},"properties":{"name":"Barrington Atlas location","uri":"https://pleiades.stoa.org/places/426582","pleiades":"426582","precision":"rough","kind":"ancient-footprint","source":"pleiades-polygons"}},{"type":"Feature","geometry":{"type":"Polygon","coordinates":[[[12.5,41.75],[12.75,41.75],[12.75,42.0],[12.5,42.0],[12.5,41.75]]]},"properties":{"name":"Barrington Atlas location","uri":"https://pleiades.stoa.org/places/426598","pleiades":"426598","precision":"rough","kind":"ancient-footprint","source":"pleiades-polygons"}},{"type":"Feature","geometry":{"type":"Polygon","coordinates":[[[12.0,41.75],[12.25,41.75],[12.25,42.0],[12.0,42.0],[12.0,41.75]]]},"properties":{"name":"Barrington Atlas location","uri":"https://pleiades.stoa.org/places/426577","pleiades":"426577","precision":"rough","kind":"ancient-footprint","source":"pleiades-polygons"}},{"type":"Feature","geometry":{"type":"Polygon","coordinates":[[[12.5,41.75],[12.75,41.75],[12.75,42.0],[12.5,42.0],[12.5,41.75]]]},"properties":{"name":"Barrington Atlas location","uri":"https://pleiades.stoa.org/places/426595","pleiades":"426595","precision":"rough","kind":"ancient-footprint","source":"pleiades-polygons"}},{"type":"Feature","geometry":{"type":"Polygon","coordinates":[[[12.5,41.75],[12.75,41.75],[12.75,42.0],[12.5,42.0],[12.5,41.75]]]},"properties":{"name":"Barrington Atlas location","uri":"https://pleiades.stoa.org/places/426583","pleiades":"426583","precision":"rough","kind":"ancient-footprint","source":"pleiades-polygons"}},{"type":"Feature","geometry":{"type":"Polygon","coordinates":[[[12.25,41.75],[12.5,41.75],[12.5,42.0],[12.25,42.0],[12.25,41.75]]]},"properties":{"name":"Barrington Atlas location","uri":"https://pleiades.stoa.org/places/426581","pleiades":"426581","precision":"rough","kind":"ancient-footprint","source":"pleiades-polygons"}},{"type":"Feature","geometry":{"type":"Polygon","coordinates":[[[12.0,41.75],[12.25,41.75],[12.25,42.0],[12.0,42.0],[12.0,41.75]]]},"properties":{"name":"Barrington Atlas location","uri":"https://pleiades.stoa.org/places/426578","pleiades":"426578","precision":"rough","kind":"ancient-footprint","source":"pleiades-polygons"}},{"type":"Feature","geometry":{"type":"Polygon","coordinates":[[[12.25,41.75],[12.5,41.75],[12.5,42.0],[12.25,42.0],[12.25,41.75]]]},"properties":{"name":"Barrington Atlas location","uri":"https://pleiades.stoa.org/places/426590","pleiades":"426590","precision":"rough","kind":"ancient-footprint","source":"pleiades-polygons"}},{"type":"Feature","geometry":{"type":"Polygon","coordinates":[[[12.5,41.75],[12.75,41.75],[12.75,42.0],[12.5,42.0],[12.5,41.75]]]},"properties":{"name":"Barrington Atlas location","uri":"https://pleiades.stoa.org/places/426587","pleiades":"426587","precision":"rough","kind":"ancient-footprint","source":"pleiades-polygons"}},{"type":"Feature","geometry":{"type":"Polygon","coordinates":[[[12.25,41.75],[12.5,41.75],[12.5,42.0],[12.25,42.0],[12.25,41.75]]]},"properties":{"name":"Barrington Atlas location","uri":"https://pleiades.stoa.org/places/428087","pleiades":"428087","precision":"rough","kind":"ancient-footprint","source":"pleiades-polygons"}},{"type":"Feature","geometry":{"type":"Polygon","coordinates":[[[12.25,41.75],[12.5,41.75],[12.5,42.0],[12.25,42.0],[12.25,41.75]]]},"properties":{"name":"Barrington Atlas location","uri":"https://pleiades.stoa.org/places/424311","pleiades":"424311","precision":"rough","kind":"ancient-footprint","source":"pleiades-polygons"}},{"type":"Feature","geometry":{"type":"Polygon","coordinates":[[[12.5,41.25],[12.75,41.25],[12.75,41.5],[12.5,41.5],[12.5,41.25]]]},"properties":{"name":"Barrington Atlas location","uri":"https://pleiades.stoa.org/places/424315","pleiades":"424315","precision":"rough","kind":"ancient-footprint","source":"pleiades-polygons"}},{"type":"Feature","geometry":{"type":"Polygon","coordinates":[[[12.5,41.75],[12.75,41.75],[12.75,42.0],[12.5,42.0],[12.5,41.75]]]},"properties":{"name":"Barrington Atlas location","uri":"https://pleiades.stoa.org/places/424314","pleiades":"424314","precision":"rough","kind":"ancient-footprint","source":"pleiades-polygons"}},{"type":"Feature","geometry":{"type":"Polygon","coordinates":[[[12.25,41.5],[12.5,41.5],[12.5,41.75],[12.25,41.75],[12.25,41.5]]]},"properties":{"name":"Barrington Atlas location","uri":"https://pleiades.stoa.org/places/424313","pleiades":"424313","precision":"rough","kind":"ancient-footprint","source":"pleiades-polygons"}},{"type":"Feature","geometry":{"type":"Polygon","coordinates":[[[12.5,41.75],[12.75,41.75],[12.75,42.0],[12.5,42.0],[12.5,41.75]]]},"properties":{"name":"Barrington Atlas location","uri":"https://pleiades.stoa.org/places/423023","pleiades":"423023","precision":"rough","kind":"ancient-footprint","source":"pleiades-polygons"}},{"type":"Feature","geometry":{"type":"Polygon","coordinates":[[[13.0,41.75],[13.25,41.75],[13.25,42.0],[13.0,42.0],[13.0,41.75]]]},"properties":{"name":"Barrington Atlas location","uri":"https://pleiades.stoa.org/places/423073","pleiades":"423073","precision":"rough","kind":"ancient-footprint","source":"pleiades-polygons"}},{"type":"Feature","geometry":{"type":"Polygon","coordinates":[[[12.5,41.75],[12.75,41.75],[12.75,42.0],[12.5,42.0],[12.5,41.75]]]},"properties":{"name":"Barrington Atlas location","uri":"https://pleiades.stoa.org/places/423564","pleiades":"423564","precision":"rough","kind":"ancient-footprint","source":"pleiades-polygons"}},{"type":"Feature","geometry":{"type":"Polygon","coordinates":[[[12.25,41.75],[12.5,41.75],[12.5,42.0],[12.25,42.0],[12.25,41.75]]]},"properties":{"name":"Barrington Atlas location","uri":"https://pleiades.stoa.org/places/423558","pleiades":"423558","precision":"rough","kind":"ancient-footprint","source":"pleiades-polygons"}},{"type":"Feature","geometry":{"type":"Polygon","coordinates":[[[12.5,41.75],[12.75,41.75],[12.75,42.0],[12.5,42.0],[12.5,41.75]]]},"properties":{"name":"Barrington Atlas location","uri":"https://pleiades.stoa.org/places/423560","pleiades":"423560","precision":"rough","kind":"ancient-footprint","source":"pleiades-polygons"}},{"type":"Feature","geometry":{"type":"Polygon","coordinates":[[[12.5,41.75],[12.75,41.75],[12.75,42.0],[12.5,42.0],[12.5,41.75]]]},"properties":{"name":"Barrington Atlas location","uri":"https://pleiades.stoa.org/places/423561","pleiades":"423561","precision":"rough","kind":"ancient-footprint","source":"pleiades-polygons"}},{"type":"Feature","geometry":{"type":"Polygon","coordinates":[[[12.5,41.75],[12.75,41.75],[12.75,42.0],[12.5,42.0],[12.5,41.75]]]},"properties":{"name":"Barrington Atlas location","uri":"https://pleiades.stoa.org/places/423557","pleiades":"423557","precision":"rough","kind":"ancient-footprint","source":"pleiades-polygons"}},{"type":"Feature","geometry":{"type":"Polygon","coordinates":[[[12.5,41.75],[12.75,41.75],[12.75,42.0],[12.5,42.0],[12.5,41.75]]]},"properties":{"name":"Barrington Atlas location","uri":"https://pleiades.stoa.org/places/423566","pleiades":"423566","precision":"rough","kind":"ancient-footprint","source":"pleiades-polygons"}},{"type":"Feature","geometry":{"type":"Polygon","coordinates":[[[12.25,41.75],[12.5,41.75],[12.5,42.0],[12.25,42.0],[12.25,41.75]]]},"properties":{"name":"Barrington Atlas location","uri":"https://pleiades.stoa.org/places/423567","pleiades":"423567","precision":"rough","kind":"ancient-footprint","source":"pleiades-polygons"}},{"type":"Feature","geometry":{"type":"Polygon","coordinates":[[[12.25,41.75],[12.5,41.75],[12.5,42.0],[12.25,42.0],[12.25,41.75]]]},"properties":{"name":"Barrington Atlas location","uri":"https://pleiades.stoa.org/places/422865","pleiades":"422865","precision":"rough","kind":"ancient-footprint","source":"pleiades-polygons"}},{"type":"Feature","geometry":{"type":"Polygon","coordinates":[[[12.75,42.0],[13.0,42.0],[13.0,42.25],[12.75,42.25],[12.75,42.0]]]},"properties":{"name":"Barrington Atlas location","uri":"https://pleiades.stoa.org/places/422822","pleiades":"422822","precision":"rough","kind":"ancient-footprint","source":"pleiades-polygons"}},{"type":"Feature","geometry":{"type":"Polygon","coordinates":[[[12.75,41.5],[13.0,41.5],[13.0,41.75],[12.75,41.75],[12.75,41.5]]]},"properties":{"name":"Barrington Atlas location","uri":"https://pleiades.stoa.org/places/425072","pleiades":"425072","precision":"rough","kind":"ancient-footprint","source":"pleiades-polygons"}},{"type":"Feature","geometry":{"type":"Polygon","coordinates":[[[12.75,41.25],[13.0,41.25],[13.0,41.5],[12.75,41.5],[12.75,41.25]]]},"properties":{"name":"Barrington Atlas location","uri":"https://pleiades.stoa.org/places/425073","pleiades":"425073","precision":"rough","kind":"ancient-footprint","source":"pleiades-polygons"}},{"type":"Feature","geometry":{"type":"Polygon","coordinates":[[[12.5,41.75],[12.75,41.75],[12.75,42.0],[12.5,42.0],[12.5,41.75]]]},"properties":{"name":"Barrington Atlas location","uri":"https://pleiades.stoa.org/places/425069","pleiades":"425069","precision":"rough","kind":"ancient-footprint","source":"pleiades-polygons"}},{"type":"Feature","geometry":{"type":"Polygon","coordinates":[[[12.5,41.75],[12.75,41.75],[12.75,42.0],[12.5,42.0],[12.5,41.75]]]},"properties":{"name":"Barrington Atlas location","uri":"https://pleiades.stoa.org/places/425070","pleiades":"425070","precision":"rough","kind":"ancient-footprint","source":"pleiades-polygons"}},{"type":"Feature","geometry":{"type":"Polygon","coordinates":[[[12.0,41.75],[12.25,41.75],[12.25,42.0],[12.0,42.0],[12.0,41.75]]]},"properties":{"name":"Barrington Atlas location","uri":"https://pleiades.stoa.org/places/425067","pleiades":"425067","precision":"rough","kind":"ancient-footprint","source":"pleiades-polygons"}},{"type":"Feature","geometry":{"type":"Polygon","coordinates":[[[12.75,41.5],[13.0,41.5],[13.0,41.75],[12.75,41.75],[12.75,41.5]]]},"properties":{"name":"Barrington Atlas location","uri":"https://pleiades.stoa.org/places/425071","pleiades":"425071","precision":"rough","kind":"ancient-footprint","source":"pleiades-polygons"}},{"type":"Feature","geometry":{"type":"Polygon","coordinates":[[[12.5,41.5],[12.75,41.5],[12.75,41.75],[12.5,41.75],[12.5,41.5]]]},"properties":{"name":"Barrington Atlas location","uri":"https://pleiades.stoa.org/places/425824","pleiades":"425824","precision":"rough","kind":"ancient-footprint","source":"pleiades-polygons"}},{"type":"Feature","geometry":{"type":"Polygon","coordinates":[[[12.25,41.75],[12.5,41.75],[12.5,42.0],[12.25,42.0],[12.25,41.75]]]},"properties":{"name":"Barrington Atlas location","uri":"https://pleiades.stoa.org/places/425822","pleiades":"425822","precision":"rough","kind":"ancient-footprint","source":"pleiades-polygons"}},{"type":"Feature","geometry":{"type":"Polygon","coordinates":[[[12.25,41.5],[12.5,41.5],[12.5,41.75],[12.25,41.75],[12.25,41.5]]]},"properties":{"name":"Barrington Atlas location","uri":"https://pleiades.stoa.org/places/425823","pleiades":"425823","precision":"rough","kind":"ancient-footprint","source":"pleiades-polygons"}},{"type":"Feature","geometry":{"type":"Polygon","coordinates":[[[12.75,41.25],[13.0,41.25],[13.0,41.5],[12.75,41.5],[12.75,41.25]]]},"properties":{"name":"Barrington Atlas location","uri":"https://pleiades.stoa.org/places/425826","pleiades":"425826","precision":"rough","kind":"ancient-footprint","source":"pleiades-polygons"}},{"type":"Feature","geometry":{"type":"Polygon","coordinates":[[[13.0,41.25],[13.25,41.25],[13.25,41.5],[13.0,41.5],[13.0,41.25]]]},"properties":{"name":"Barrington Atlas location","uri":"https://pleiades.stoa.org/places/425827","pleiades":"425827","precision":"rough","kind":"ancient-footprint","source":"pleiades-polygons"}},{"type":"Feature","geometry":{"type":"Polygon","coordinates":[[[15.5,38.5],[16.0,38.5],[16.0,39.0],[15.5,39.0],[15.5,38.5]]]},"properties":{"name":"Barrington Atlas location","uri":"https://pleiades.stoa.org/places/454512","pleiades":"454512","precision":"rough","kind":"ancient-footprint","source":"pleiades-polygons"}},{"type":"Feature","geometry":{"type":"Polygon","coordinates":[[[16.5,39.5],[17.0,39.5],[17.0,40.0],[16.5,40.0],[16.5,39.5]]]},"properties":{"name":"Barrington Atlas location","uri":"https://pleiades.stoa.org/places/453004","pleiades":"453004","precision":"rough","kind":"ancient-footprint","source":"pleiades-polygons"}},{"type":"Feature","geometry":{"type":"Polygon","coordinates":[[[16.0,39.5],[16.5,39.5],[16.5,40.0],[16.0,40.0],[16.0,39.5]]]},"properties":{"name":"Barrington Atlas location","uri":"https://pleiades.stoa.org/places/453003","pleiades":"453003","precision":"rough","kind":"ancient-footprint","source":"pleiades-polygons"}},{"type":"Feature","geometry":{"type":"Polygon","coordinates":[[[15.5,38.5],[16.0,38.5],[16.0,39.0],[15.5,39.0],[15.5,38.5]]]},"properties":{"name":"Barrington Atlas location","uri":"https://pleiades.stoa.org/places/453002","pleiades":"453002","precision":"rough","kind":"ancient-footprint","source":"pleiades-polygons"}},{"type":"Feature","geometry":{"type":"Polygon","coordinates":[[[16.5,39.5],[17.0,39.5],[17.0,40.0],[16.5,40.0],[16.5,39.5]]]},"properties":{"name":"Barrington Atlas location","uri":"https://pleiades.stoa.org/places/452477","pleiades":"452477","precision":"rough","kind":"ancient-footprint","source":"pleiades-polygons"}},{"type":"Feature","geometry":{"type":"Polygon","coordinates":[[[15.5,40.0],[16.0,40.0],[16.0,40.5],[15.5,40.5],[15.5,40.0]]]},"properties":{"name":"Barrington Atlas location","uri":"https://pleiades.stoa.org/places/452463","pleiades":"452463","precision":"rough","kind":"ancient-footprint","source":"pleiades-polygons"}},{"type":"Feature","geometry":{"type":"Polygon","coordinates":[[[16.0,38.5],[16.5,38.5],[16.5,39.0],[16.0,39.0],[16.0,38.5]]]},"properties":{"name":"Barrington Atlas location","uri":"https://pleiades.stoa.org/places/452402","pleiades":"452402","precision":"rough","kind":"ancient-footprint","source":"pleiades-polygons"}},{"type":"Feature","geometry":{"type":"Polygon","coordinates":[[[15.5,39.5],[16.0,39.5],[16.0,40.0],[15.5,40.0],[15.5,39.5]]]},"properties":{"name":"Barrington Atlas location","uri":"https://pleiades.stoa.org/places/452395","pleiades":"452395","precision":"rough","kind":"ancient-footprint","source":"pleiades-polygons"}},{"type":"Feature","geometry":{"type":"Polygon","coordinates":[[[16.0,38.5],[16.5,38.5],[16.5,39.0],[16.0,39.0],[16.0,38.5]]]},"properties":{"name":"Barrington Atlas location","uri":"https://pleiades.stoa.org/places/452394","pleiades":"452394","precision":"rough","kind":"ancient-footprint","source":"pleiades-polygons"}},{"type":"Feature","geometry":{"type":"Polygon","coordinates":[[[16.0,38.0],[16.5,38.0],[16.5,38.5],[16.0,38.5],[16.0,38.0]]]},"properties":{"name":"Barrington Atlas location","uri":"https://pleiades.stoa.org/places/452276","pleiades":"452276","precision":"rough","kind":"ancient-footprint","source":"pleiades-polygons"}},{"type":"Feature","geometry":{"type":"Polygon","coordinates":[[[16.0,39.0],[16.5,39.0],[16.5,39.5],[16.0,39.5],[16.0,39.0]]]},"properties":{"name":"Barrington Atlas location","uri":"https://pleiades.stoa.org/places/452248","pleiades":"452248","precision":"rough","kind":"ancient-footprint","source":"pleiades-polygons"}},{"type":"Feature","geometry":{"type":"Polygon","coordinates":[[[14.5,37.0],[17.5,37.0],[17.5,40.5],[14.5,40.5],[14.5,37.0]]]},"properties":{"name":"Barrington Atlas location","uri":"https://pleiades.stoa.org/places/455272","pleiades":"455272","precision":"rough","kind":"ancient-footprint","source":"pleiades-polygons"}},{"type":"Feature","geometry":{"type":"Polygon","coordinates":[[[14.5,37.0],[17.5,37.0],[17.5,40.5],[14.5,40.5],[14.5,37.0]]]},"properties":{"name":"Barrington Atlas location","uri":"https://pleiades.stoa.org/places/455287","pleiades":"455287","precision":"rough","kind":"ancient-footprint","source":"pleiades-polygons"}},{"type":"Feature","geometry":{"type":"Polygon","coordinates":[[[14.5,37.0],[17.5,37.0],[17.5,40.5],[14.5,40.5],[14.5,37.0]]]},"properties":{"name":"Barrington Atlas location","uri":"https://pleiades.stoa.org/places/455268","pleiades":"455268","precision":"rough","kind":"ancient-footprint","source":"pleiades-polygons"}},{"type":"Feature","geometry":{"type":"Polygon","coordinates":[[[14.5,37.0],[17.5,37.0],[17.5,40.5],[14.5,40.5],[14.5,37.0]]]},"properties":{"name":"Barrington Atlas location","uri":"https://pleiades.stoa.org/places/455286","pleiades":"455286","precision":"rough","kind":"ancient-footprint","source":"pleiades-polygons"}},{"type":"Feature","geometry":{"type":"Polygon","coordinates":[[[14.5,37.0],[17.5,37.0],[17.5,40.5],[14.5,40.5],[14.5,37.0]]]},"properties":{"name":"Barrington Atlas location","uri":"https://pleiades.stoa.org/places/455269","pleiades":"455269","precision":"rough","kind":"ancient-footprint","source":"pleiades-polygons"}},{"type":"Feature","geometry":{"type":"Polygon","coordinates":[[[14.5,37.0],[17.5,37.0],[17.5,40.5],[14.5,40.5],[14.5,37.0]]]},"properties":{"name":"Barrington Atlas location","uri":"https://pleiades.stoa.org/places/455273","pleiades":"455273","precision":"rough","kind":"ancient-footprint","source":"pleiades-polygons"}},{"type":"Feature","geometry":{"type":"Polygon","coordinates":[[[14.5,37.0],[17.5,37.0],[17.5,40.5],[14.5,40.5],[14.5,37.0]]]},"properties":{"name":"Barrington Atlas location","uri":"https://pleiades.stoa.org/places/455278","pleiades":"455278","precision":"rough","kind":"ancient-footprint","source":"pleiades-polygons"}},{"type":"Feature","geometry":{"type":"Polygon","coordinates":[[[14.5,37.0],[17.5,37.0],[17.5,40.5],[14.5,40.5],[14.5,37.0]]]},"properties":{"name":"Barrington Atlas location","uri":"https://pleiades.stoa.org/places/455281","pleiades":"455281","precision":"rough","kind":"ancient-footprint","source":"pleiades-polygons"}},{"type":"Feature","geometry":{"type":"Polygon","coordinates":[[[14.5,37.0],[17.5,37.0],[17.5,40.5],[14.5,40.5],[14.5,37.0]]]},"properties":{"name":"Barrington Atlas location","uri":"https://pleiades.stoa.org/places/455274","pleiades":"455274","precision":"rough","kind":"ancient-footprint","source":"pleiades-polygons"}},{"type":"Feature","geometry":{"type":"Polygon","coordinates":[[[14.5,37.0],[17.5,37.0],[17.5,40.5],[14.5,40.5],[14.5,37.0]]]},"properties":{"name":"Barrington Atlas location","uri":"https://pleiades.stoa.org/places/455275","pleiades":"455275","precision":"rough","kind":"ancient-footprint","source":"pleiades-polygons"}},{"type":"Feature","geometry":{"type":"Polygon","coordinates":[[[14.5,37.0],[17.5,37.0],[17.5,40.5],[14.5,40.5],[14.5,37.0]]]},"properties":{"name":"Barrington Atlas location","uri":"https://pleiades.stoa.org/places/455280","pleiades":"455280","precision":"rough","kind":"ancient-footprint","source":"pleiades-polygons"}},{"type":"Feature","geometry":{"type":"Polygon","coordinates":[[[14.5,37.0],[17.5,37.0],[17.5,40.5],[14.5,40.5],[14.5,37.0]]]},"properties":{"name":"Barrington Atlas location","uri":"https://pleiades.stoa.org/places/455279","pleiades":"455279","precision":"rough","kind":"ancient-footprint","source":"pleiades-polygons"}},{"type":"Feature","geometry":{"type":"Polygon","coordinates":[[[14.5,37.0],[17.5,37.0],[17.5,40.5],[14.5,40.5],[14.5,37.0]]]},"properties":{"name":"Barrington Atlas location","uri":"https://pleiades.stoa.org/places/455283","pleiades":"455283","precision":"rough","kind":"ancient-footprint","source":"pleiades-polygons"}},{"type":"Feature","geometry":{"type":"Polygon","coordinates":[[[14.5,37.0],[17.5,37.0],[17.5,40.5],[14.5,40.5],[14.5,37.0]]]},"properties":{"name":"Barrington Atlas location","uri":"https://pleiades.stoa.org/places/455276","pleiades":"455276","precision":"rough","kind":"ancient-footprint","source":"pleiades-polygons"}},{"type":"Feature","geometry":{"type":"Polygon","coordinates":[[[14.5,37.0],[17.5,37.0],[17.5,40.5],[14.5,40.5],[14.5,37.0]]]},"properties":{"name":"Barrington Atlas location","uri":"https://pleiades.stoa.org/places/455277","pleiades":"455277","precision":"rough","kind":"ancient-footprint","source":"pleiades-polygons"}},{"type":"Feature","geometry":{"type":"Polygon","coordinates":[[[14.5,37.0],[17.5,37.0],[17.5,40.5],[14.5,40.5],[14.5,37.0]]]},"properties":{"name":"Barrington Atlas location","uri":"https://pleiades.stoa.org/places/455282","pleiades":"455282","precision":"rough","kind":"ancient-footprint","source":"pleiades-polygons"}},{"type":"Feature","geometry":{"type":"Polygon","coordinates":[[[14.5,37.0],[17.5,37.0],[17.5,40.5],[14.5,40.5],[14.5,37.0]]]},"properties":{"name":"Barrington Atlas location","uri":"https://pleiades.stoa.org/places/455270","pleiades":"455270","precision":"rough","kind":"ancient-footprint","source":"pleiades-polygons"}},{"type":"Feature","geometry":{"type":"Polygon","coordinates":[[[14.5,37.0],[17.5,37.0],[17.5,40.5],[14.5,40.5],[14.5,37.0]]]},"properties":{"name":"Barrington Atlas location","uri":"https://pleiades.stoa.org/places/455285","pleiades":"455285","precision":"rough","kind":"ancient-footprint","source":"pleiades-polygons"}},{"type":"Feature","geometry":{"type":"Polygon","coordinates":[[[14.5,37.0],[17.5,37.0],[17.5,40.5],[14.5,40.5],[14.5,37.0]]]},"properties":{"name":"Barrington Atlas location","uri":"https://pleiades.stoa.org/places/455284","pleiades":"455284","precision":"rough","kind":"ancient-footprint","source":"pleiades-polygons"}},{"type":"Feature","geometry":{"type":"Polygon","coordinates":[[[14.5,37.0],[17.5,37.0],[17.5,40.5],[14.5,40.5],[14.5,37.0]]]},"properties":{"name":"Barrington Atlas location","uri":"https://pleiades.stoa.org/places/455271","pleiades":"455271","precision":"rough","kind":"ancient-footprint","source":"pleiades-polygons"}},{"type":"Feature","geometry":{"type":"Polygon","coordinates":[[[14.5,37.0],[17.5,37.0],[17.5,40.5],[14.5,40.5],[14.5,37.0]]]},"properties":{"name":"Barrington Atlas location","uri":"https://pleiades.stoa.org/places/455267","pleiades":"455267","precision":"rough","kind":"ancient-footprint","source":"pleiades-polygons"}},{"type":"Feature","geometry":{"type":"Polygon","coordinates":[[[12.0,44.0],[12.5,44.0],[12.5,44.5],[12.0,44.5],[12.0,44.0]]]},"properties":{"name":"Barrington Atlas location","uri":"https://pleiades.stoa.org/places/396393","pleiades":"396393","precision":"rough","kind":"ancient-footprint","source":"pleiades-polygons"}},{"type":"Feature","geometry":{"type":"Polygon","coordinates":[[[11.5,45.0],[12.0,45.0],[12.0,45.5],[11.5,45.5],[11.5,45.0]]]},"properties":{"name":"Barrington Atlas location","uri":"https://pleiades.stoa.org/places/396385","pleiades":"396385","precision":"rough","kind":"ancient-footprint","source":"pleiades-polygons"}},{"type":"Feature","geometry":{"type":"Polygon","coordinates":[[[12.0,45.0],[12.5,45.0],[12.5,45.5],[12.0,45.5],[12.0,45.0]]]},"properties":{"name":"Barrington Atlas location","uri":"https://pleiades.stoa.org/places/396389","pleiades":"396389","precision":"rough","kind":"ancient-footprint","source":"pleiades-polygons"}},{"type":"Feature","geometry":{"type":"Polygon","coordinates":[[[12.0,45.5],[12.5,45.5],[12.5,46.0],[12.0,46.0],[12.0,45.5]]]},"properties":{"name":"Barrington Atlas location","uri":"https://pleiades.stoa.org/places/396388","pleiades":"396388","precision":"rough","kind":"ancient-footprint","source":"pleiades-polygons"}},{"type":"Feature","geometry":{"type":"Polygon","coordinates":[[[11.5,45.5],[12.0,45.5],[12.0,46.0],[11.5,46.0],[11.5,45.5]]]},"properties":{"name":"Barrington Atlas location","uri":"https://pleiades.stoa.org/places/396384","pleiades":"396384","precision":"rough","kind":"ancient-footprint","source":"pleiades-polygons"}},{"type":"Feature","geometry":{"type":"Polygon","coordinates":[[[12.0,44.0],[12.5,44.0],[12.5,44.5],[12.0,44.5],[12.0,44.0]]]},"properties":{"name":"Barrington Atlas location","uri":"https://pleiades.stoa.org/places/396392","pleiades":"396392","precision":"rough","kind":"ancient-footprint","source":"pleiades-polygons"}},{"type":"Feature","geometry":{"type":"Polygon","coordinates":[[[12.5,45.5],[13.0,45.5],[13.0,46.0],[12.5,46.0],[12.5,45.5]]]},"properties":{"name":"Barrington Atlas location","uri":"https://pleiades.stoa.org/places/396395","pleiades":"396395","precision":"rough","kind":"ancient-footprint","source":"pleiades-polygons"}},{"type":"Feature","geometry":{"type":"Polygon","coordinates":[[[11.5,45.5],[12.0,45.5],[12.0,46.0],[11.5,46.0],[11.5,45.5]]]},"properties":{"name":"Barrington Atlas location","uri":"https://pleiades.stoa.org/places/396383","pleiades":"396383","precision":"rough","kind":"ancient-footprint","source":"pleiades-polygons"}},{"type":"Feature","geometry":{"type":"Polygon","coordinates":[[[12.5,45.5],[13.0,45.5],[13.0,46.0],[12.5,46.0],[12.5,45.5]]]},"properties":{"name":"Barrington Atlas location","uri":"https://pleiades.stoa.org/places/396394","pleiades":"396394","precision":"rough","kind":"ancient-footprint","source":"pleiades-polygons"}},{"type":"Feature","geometry":{"type":"Polygon","coordinates":[[[11.0,45.5],[11.5,45.5],[11.5,46.0],[11.0,46.0],[11.0,45.5]]]},"properties":{"name":"Barrington Atlas location","uri":"https://pleiades.stoa.org/places/396377","pleiades":"396377","precision":"rough","kind":"ancient-footprint","source":"pleiades-polygons"}},{"type":"Feature","geometry":{"type":"Polygon","coordinates":[[[11.0,44.5],[11.5,44.5],[11.5,45.0],[11.0,45.0],[11.0,44.5]]]},"properties":{"name":"Barrington Atlas location","uri":"https://pleiades.stoa.org/places/396381","pleiades":"396381","precision":"rough","kind":"ancient-footprint","source":"pleiades-polygons"}},{"type":"Feature","geometry":{"type":"Polygon","coordinates":[[[11.0,45.0],[11.5,45.0],[11.5,45.5],[11.0,45.5],[11.0,45.0]]]},"properties":{"name":"Barrington Atlas location","uri":"https://pleiades.stoa.org/places/396378","pleiades":"396378","precision":"rough","kind":"ancient-footprint","source":"pleiades-polygons"}},{"type":"Feature","geometry":{"type":"Polygon","coordinates":[[[11.0,45.0],[11.5,45.0],[11.5,45.5],[11.0,45.5],[11.0,45.0]]]},"properties":{"name":"Barrington Atlas location","uri":"https://pleiades.stoa.org/places/396379","pleiades":"396379","precision":"rough","kind":"ancient-footprint","source":"pleiades-polygons"}},{"type":"Feature","geometry":{"type":"Polygon","coordinates":[[[11.0,45.0],[11.5,45.0],[11.5,45.5],[11.0,45.5],[11.0,45.0]]]},"properties":{"name":"Barrington Atlas location","uri":"https://pleiades.stoa.org/places/396380","pleiades":"396380","precision":"rough","kind":"ancient-footprint","source":"pleiades-polygons"}},{"type":"Feature","geometry":{"type":"Polygon","coordinates":[[[12.0,45.5],[12.5,45.5],[12.5,46.0],[12.0,46.0],[12.0,45.5]]]},"properties":{"name":"Barrington Atlas location","uri":"https://pleiades.stoa.org/places/396387","pleiades":"396387","precision":"rough","kind":"ancient-footprint","source":"pleiades-polygons"}},{"type":"Feature","geometry":{"type":"Polygon","coordinates":[[[12.0,44.0],[12.5,44.0],[12.5,44.5],[12.0,44.5],[12.0,44.0]]]},"properties":{"name":"Barrington Atlas location","uri":"https://pleiades.stoa.org/places/396391","pleiades":"396391","precision":"rough","kind":"ancient-footprint","source":"pleiades-polygons"}},{"type":"Feature","geometry":{"type":"Polygon","coordinates":[[[12.0,45.0],[12.5,45.0],[12.5,45.5],[12.0,45.5],[12.0,45.0]]]},"properties":{"name":"Barrington Atlas location","uri":"https://pleiades.stoa.org/places/396390","pleiades":"396390","precision":"rough","kind":"ancient-footprint","source":"pleiades-polygons"}},{"type":"Feature","geometry":{"type":"Polygon","coordinates":[[[11.5,44.0],[12.0,44.0],[12.0,44.5],[11.5,44.5],[11.5,44.0]]]},"properties":{"name":"Barrington Atlas location","uri":"https://pleiades.stoa.org/places/396386","pleiades":"396386","precision":"rough","kind":"ancient-footprint","source":"pleiades-polygons"}},{"type":"Feature","geometry":{"type":"Polygon","coordinates":[[[11.5,45.5],[12.0,45.5],[12.0,46.0],[11.5,46.0],[11.5,45.5]]]},"properties":{"name":"Barrington Atlas location","uri":"https://pleiades.stoa.org/places/394113","pleiades":"394113","precision":"rough","kind":"ancient-footprint","source":"pleiades-polygons"}},{"type":"Feature","geometry":{"type":"Polygon","coordinates":[[[11.0,44.0],[11.5,44.0],[11.5,44.5],[11.0,44.5],[11.0,44.0]]]},"properties":{"name":"Barrington Atlas location","uri":"https://pleiades.stoa.org/places/394112","pleiades":"394112","precision":"rough","kind":"ancient-footprint","source":"pleiades-polygons"}},{"type":"Feature","geometry":{"type":"Polygon","coordinates":[[[12.0,44.0],[12.5,44.0],[12.5,44.5],[12.0,44.5],[12.0,44.0]]]},"properties":{"name":"Barrington Atlas location","uri":"https://pleiades.stoa.org/places/394115","pleiades":"394115","precision":"rough","kind":"ancient-footprint","source":"pleiades-polygons"}},{"type":"Feature","geometry":{"type":"Polygon","coordinates":[[[11.5,45.0],[12.0,45.0],[12.0,45.5],[11.5,45.5],[11.5,45.0]]]},"properties":{"name":"Barrington Atlas location","uri":"https://pleiades.stoa.org/places/394114","pleiades":"394114","precision":"rough","kind":"ancient-footprint","source":"pleiades-polygons"}},{"type":"Feature","geometry":{"type":"Polygon","coordinates":[[[12.0,44.0],[12.5,44.0],[12.5,44.5],[12.0,44.5],[12.0,44.0]]]},"properties":{"name":"Barrington Atlas location","uri":"https://pleiades.stoa.org/places/394868","pleiades":"394868","precision":"rough","kind":"ancient-footprint","source":"pleiades-polygons"}},{"type":"Feature","geometry":{"type":"Polygon","coordinates":[[[12.0,44.0],[12.5,44.0],[12.5,44.5],[12.0,44.5],[12.0,44.0]]]},"properties":{"name":"Barrington Atlas location","uri":"https://pleiades.stoa.org/places/394867","pleiades":"394867","precision":"rough","kind":"ancient-footprint","source":"pleiades-polygons"}},{"type":"Feature","geometry":{"type":"Polygon","coordinates":[[[12.5,45.5],[13.0,45.5],[13.0,46.0],[12.5,46.0],[12.5,45.5]]]},"properties":{"name":"Barrington Atlas location","uri":"https://pleiades.stoa.org/places/394871","pleiades":"394871","precision":"rough","kind":"ancient-footprint","source":"pleiades-polygons"}},{"type":"Feature","geometry":{"type":"Polygon","coordinates":[[[12.5,45.5],[13.0,45.5],[13.0,46.0],[12.5,46.0],[12.5,45.5]]]},"properties":{"name":"Barrington Atlas location","uri":"https://pleiades.stoa.org/places/394870","pleiades":"394870","precision":"rough","kind":"ancient-footprint","source":"pleiades-polygons"}},{"type":"Feature","geometry":{"type":"Polygon","coordinates":[[[12.0,44.5],[12.5,44.5],[12.5,45.0],[12.0,45.0],[12.0,44.5]]]},"properties":{"name":"Barrington Atlas location","uri":"https://pleiades.stoa.org/places/393467","pleiades":"393467","precision":"rough","kind":"ancient-footprint","source":"pleiades-polygons"}},{"type":"Feature","geometry":{"type":"Polygon","coordinates":[[[11.5,45.0],[12.0,45.0],[12.0,45.5],[11.5,45.5],[11.5,45.0]]]},"properties":{"name":"Barrington Atlas location","uri":"https://pleiades.stoa.org/places/393471","pleiades":"393471","precision":"rough","kind":"ancient-footprint","source":"pleiades-polygons"}},{"type":"Feature","geometry":{"type":"Polygon","coordinates":[[[12.0,44.0],[12.5,44.0],[12.5,44.5],[12.0,44.5],[12.0,44.0]]]},"properties":{"name":"Barrington Atlas location","uri":"https://pleiades.stoa.org/places/393470","pleiades":"393470","precision":"rough","kind":"ancient-footprint","source":"pleiades-polygons"}},{"type":"Feature","geometry":{"type":"Polygon","coordinates":[[[12.0,45.0],[12.5,45.0],[12.5,45.5],[12.0,45.5],[12.0,45.0]]]},"properties":{"name":"Barrington Atlas location","uri":"https://pleiades.stoa.org/places/393461","pleiades":"393461","precision":"rough","kind":"ancient-footprint","source":"pleiades-polygons"}},{"type":"Feature","geometry":{"type":"Polygon","coordinates":[[[12.0,44.5],[12.5,44.5],[12.5,45.0],[12.0,45.0],[12.0,44.5]]]},"properties":{"name":"Barrington Atlas location","uri":"https://pleiades.stoa.org/places/393494","pleiades":"393494","precision":"rough","kind":"ancient-footprint","source":"pleiades-polygons"}},{"type":"Feature","geometry":{"type":"Polygon","coordinates":[[[12.0,44.5],[12.5,44.5],[12.5,45.0],[12.0,45.0],[12.0,44.5]]]},"properties":{"name":"Barrington Atlas location","uri":"https://pleiades.stoa.org/places/393460","pleiades":"393460","precision":"rough","kind":"ancient-footprint","source":"pleiades-polygons"}},{"type":"Feature","geometry":{"type":"Polygon","coordinates":[[[12.0,45.0],[12.5,45.0],[12.5,45.5],[12.0,45.5],[12.0,45.0]]]},"properties":{"name":"Barrington Atlas location","uri":"https://pleiades.stoa.org/places/393463","pleiades":"393463","precision":"rough","kind":"ancient-footprint","source":"pleiades-polygons"}},{"type":"Feature","geometry":{"type":"Polygon","coordinates":[[[12.0,44.5],[12.5,44.5],[12.5,45.0],[12.0,45.0],[12.0,44.5]]]},"properties":{"name":"Barrington Atlas location","uri":"https://pleiades.stoa.org/places/393462","pleiades":"393462","precision":"rough","kind":"ancient-footprint","source":"pleiades-polygons"}},{"type":"Feature","geometry":{"type":"Polygon","coordinates":[[[11.5,44.5],[12.0,44.5],[12.0,45.0],[11.5,45.0],[11.5,44.5]]]},"properties":{"name":"Barrington Atlas location","uri":"https://pleiades.stoa.org/places/393445","pleiades":"393445","precision":"rough","kind":"ancient-footprint","source":"pleiades-polygons"}},{"type":"Feature","geometry":{"type":"Polygon","coordinates":[[[12.0,44.5],[12.5,44.5],[12.5,45.0],[12.0,45.0],[12.0,44.5]]]},"properties":{"name":"Barrington Atlas location","uri":"https://pleiades.stoa.org/places/393465","pleiades":"393465","precision":"rough","kind":"ancient-footprint","source":"pleiades-polygons"}},{"type":"Feature","geometry":{"type":"Polygon","coordinates":[[[12.0,45.0],[12.5,45.0],[12.5,45.5],[12.0,45.5],[12.0,45.0]]]},"properties":{"name":"Barrington Atlas location","uri":"https://pleiades.stoa.org/places/393464","pleiades":"393464","precision":"rough","kind":"ancient-footprint","source":"pleiades-polygons"}},{"type":"Feature","geometry":{"type":"Polygon","coordinates":[[[11.0,45.0],[11.5,45.0],[11.5,45.5],[11.0,45.5],[11.0,45.0]]]},"properties":{"name":"Barrington Atlas location","uri":"https://pleiades.stoa.org/places/393472","pleiades":"393472","precision":"rough","kind":"ancient-footprint","source":"pleiades-polygons"}},{"type":"Feature","geometry":{"type":"Polygon","coordinates":[[[12.5,44.0],[13.0,44.0],[13.0,44.5],[12.5,44.5],[12.5,44.0]]]},"properties":{"name":"Barrington Atlas location","uri":"https://pleiades.stoa.org/places/393373","pleiades":"393373","precision":"rough","kind":"ancient-footprint","source":"pleiades-polygons"}},{"type":"Feature","geometry":{"type":"Polygon","coordinates":[[[12.0,44.0],[12.5,44.0],[12.5,44.5],[12.0,44.5],[12.0,44.0]]]},"properties":{"name":"Barrington Atlas location","uri":"https://pleiades.stoa.org/places/393364","pleiades":"393364","precision":"rough","kind":"ancient-footprint","source":"pleiades-polygons"}},{"type":"Feature","geometry":{"type":"Polygon","coordinates":[[[11.0,44.5],[11.5,44.5],[11.5,45.0],[11.0,45.0],[11.0,44.5]]]},"properties":{"name":"Barrington Atlas location","uri":"https://pleiades.stoa.org/places/393363","pleiades":"393363","precision":"rough","kind":"ancient-footprint","source":"pleiades-polygons"}},{"type":"Feature","geometry":{"type":"Polygon","coordinates":[[[12.0,44.5],[12.5,44.5],[12.5,45.0],[12.0,45.0],[12.0,44.5]]]},"properties":{"name":"Barrington Atlas location","uri":"https://pleiades.stoa.org/places/393385","pleiades":"393385","precision":"rough","kind":"ancient-footprint","source":"pleiades-polygons"}},{"type":"Feature","geometry":{"type":"Polygon","coordinates":[[[11.0,45.0],[11.5,45.0],[11.5,45.5],[11.0,45.5],[11.0,45.0]]]},"properties":{"name":"Barrington Atlas location","uri":"https://pleiades.stoa.org/places/393502","pleiades":"393502","precision":"rough","kind":"ancient-footprint","source":"pleiades-polygons"}},{"type":"Feature","geometry":{"type":"Polygon","coordinates":[[[12.0,44.5],[12.5,44.5],[12.5,45.0],[12.0,45.0],[12.0,44.5]]]},"properties":{"name":"Barrington Atlas location","uri":"https://pleiades.stoa.org/places/395622","pleiades":"395622","precision":"rough","kind":"ancient-footprint","source":"pleiades-polygons"}},{"type":"Feature","geometry":{"type":"Polygon","coordinates":[[[12.0,44.5],[12.5,44.5],[12.5,45.0],[12.0,45.0],[12.0,44.5]]]},"properties":{"name":"Barrington Atlas location","uri":"https://pleiades.stoa.org/places/395623","pleiades":"395623","precision":"rough","kind":"ancient-footprint","source":"pleiades-polygons"}},{"type":"Feature","geometry":{"type":"Polygon","coordinates":[[[7.5,36.0],[11.5,36.0],[11.5,38.0],[7.5,38.0],[7.5,36.0]]]},"properties":{"name":"Barrington Atlas location","uri":"https://pleiades.stoa.org/places/319370","pleiades":"319370","precision":"rough","kind":"ancient-footprint","source":"pleiades-polygons"}},{"type":"Feature","geometry":{"type":"Polygon","coordinates":[[[7.5,36.0],[11.5,36.0],[11.5,38.0],[7.5,38.0],[7.5,36.0]]]},"properties":{"name":"Barrington Atlas location","uri":"https://pleiades.stoa.org/places/319385","pleiades":"319385","precision":"rough","kind":"ancient-footprint","source":"pleiades-polygons"}},{"type":"Feature","geometry":{"type":"Polygon","coordinates":[[[7.5,36.0],[11.5,36.0],[11.5,38.0],[7.5,38.0],[7.5,36.0]]]},"properties":{"name":"Barrington Atlas location","uri":"https://pleiades.stoa.org/places/319384","pleiades":"319384","precision":"rough","kind":"ancient-footprint","source":"pleiades-polygons"}},{"type":"Feature","geometry":{"type":"Polygon","coordinates":[[[7.5,36.0],[11.5,36.0],[11.5,38.0],[7.5,38.0],[7.5,36.0]]]},"properties":{"name":"Barrington Atlas location","uri":"https://pleiades.stoa.org/places/319371","pleiades":"319371","precision":"rough","kind":"ancient-footprint","source":"pleiades-polygons"}},{"type":"Feature","geometry":{"type":"Polygon","coordinates":[[[7.5,36.0],[11.5,36.0],[11.5,38.0],[7.5,38.0],[7.5,36.0]]]},"properties":{"name":"Barrington Atlas location","uri":"https://pleiades.stoa.org/places/319367","pleiades":"319367","precision":"rough","kind":"ancient-footprint","source":"pleiades-polygons"}},{"type":"Feature","geometry":{"type":"Polygon","coordinates":[[[7.5,36.0],[11.5,36.0],[11.5,38.0],[7.5,38.0],[7.5,36.0]]]},"properties":{"name":"Barrington Atlas location","uri":"https://pleiades.stoa.org/places/319383","pleiades":"319383","precision":"rough","kind":"ancient-footprint","source":"pleiades-polygons"}},{"type":"Feature","geometry":{"type":"Polygon","coordinates":[[[7.5,36.0],[11.5,36.0],[11.5,38.0],[7.5,38.0],[7.5,36.0]]]},"properties":{"name":"Barrington Atlas location","uri":"https://pleiades.stoa.org/places/319376","pleiades":"319376","precision":"rough","kind":"ancient-footprint","source":"pleiades-polygons"}},{"type":"Feature","geometry":{"type":"Polygon","coordinates":[[[7.5,36.0],[11.5,36.0],[11.5,38.0],[7.5,38.0],[7.5,36.0]]]},"properties":{"name":"Barrington Atlas location","uri":"https://pleiades.stoa.org/places/319377","pleiades":"319377","precision":"rough","kind":"ancient-footprint","source":"pleiades-polygons"}},{"type":"Feature","geometry":{"type":"Polygon","coordinates":[[[7.5,36.0],[11.5,36.0],[11.5,38.0],[7.5,38.0],[7.5,36.0]]]},"properties":{"name":"Barrington Atlas location","uri":"https://pleiades.stoa.org/places/319382","pleiades":"319382","precision":"rough","kind":"ancient-footprint","source":"pleiades-polygons"}},{"type":"Feature","geometry":{"type":"Polygon","coordinates":[[[7.5,36.0],[11.5,36.0],[11.5,38.0],[7.5,38.0],[7.5,36.0]]]},"properties":{"name":"Barrington Atlas location","uri":"https://pleiades.stoa.org/places/319381","pleiades":"319381","precision":"rough","kind":"ancient-footprint","source":"pleiades-polygons"}},{"type":"Feature","geometry":{"type":"Polygon","coordinates":[[[7.5,36.0],[11.5,36.0],[11.5,38.0],[7.5,38.0],[7.5,36.0]]]},"properties":{"name":"Barrington Atlas location","uri":"https://pleiades.stoa.org/places/319374","pleiades":"319374","precision":"rough","kind":"ancient-footprint","source":"pleiades-polygons"}},{"type":"Feature","geometry":{"type":"Polygon","coordinates":[[[7.5,36.0],[11.5,36.0],[11.5,38.0],[7.5,38.0],[7.5,36.0]]]},"properties":{"name":"Barrington Atlas location","uri":"https://pleiades.stoa.org/places/319375","pleiades":"319375","precision":"rough","kind":"ancient-footprint","source":"pleiades-polygons"}},{"type":"Feature","geometry":{"type":"Polygon","coordinates":[[[7.5,36.0],[11.5,36.0],[11.5,38.0],[7.5,38.0],[7.5,36.0]]]},"properties":{"name":"Barrington Atlas location","uri":"https://pleiades.stoa.org/places/319380","pleiades":"319380","precision":"rough","kind":"ancient-footprint","source":"pleiades-polygons"}},{"type":"Feature","geometry":{"type":"Polygon","coordinates":[[[7.5,36.0],[11.5,36.0],[11.5,38.0],[7.5,38.0],[7.5,36.0]]]},"properties":{"name":"Barrington Atlas location","uri":"https://pleiades.stoa.org/places/319379","pleiades":"319379","precision":"rough","kind":"ancient-footprint","source":"pleiades-polygons"}},{"type":"Feature","geometry":{"type":"Polygon","coordinates":[[[7.5,36.0],[11.5,36.0],[11.5,38.0],[7.5,38.0],[7.5,36.0]]]},"properties":{"name":"Barrington Atlas location","uri":"https://pleiades.stoa.org/places/319372","pleiades":"319372","precision":"rough","kind":"ancient-footprint","source":"pleiades-polygons"}},{"type":"Feature","geometry":{"type":"Polygon","coordinates":[[[7.5,36.0],[11.5,36.0],[11.5,38.0],[7.5,38.0],[7.5,36.0]]]},"properties":{"name":"Barrington Atlas location","uri":"https://pleiades.stoa.org/places/319368","pleiades":"319368","precision":"rough","kind":"ancient-footprint","source":"pleiades-polygons"}},{"type":"Feature","geometry":{"type":"Polygon","coordinates":[[[7.5,36.0],[11.5,36.0],[11.5,38.0],[7.5,38.0],[7.5,36.0]]]},"properties":{"name":"Barrington Atlas location","uri":"https://pleiades.stoa.org/places/319369","pleiades":"319369","precision":"rough","kind":"ancient-footprint","source":"pleiades-polygons"}},{"type":"Feature","geometry":{"type":"Polygon","coordinates":[[[7.5,36.0],[11.5,36.0],[11.5,38.0],[7.5,38.0],[7.5,36.0]]]},"properties":{"name":"Barrington Atlas location","uri":"https://pleiades.stoa.org/places/319373","pleiades":"319373","precision":"rough","kind":"ancient-footprint","source":"pleiades-polygons"}},{"type":"Feature","geometry":{"type":"Polygon","coordinates":[[[9.0,36.0],[9.5,36.0],[9.5,36.5],[9.0,36.5],[9.0,36.0]]]},"properties":{"name":"Barrington Atlas location","uri":"https://pleiades.stoa.org/places/317102","pleiades":"317102","precision":"rough","kind":"ancient-footprint","source":"pleiades-polygons"}},{"type":"Feature","geometry":{"type":"Polygon","coordinates":[[[9.0,36.5],[9.5,36.5],[9.5,37.0],[9.0,37.0],[9.0,36.5]]]},"properties":{"name":"Barrington Atlas location","uri":"https://pleiades.stoa.org/places/317860","pleiades":"317860","precision":"rough","kind":"ancient-footprint","source":"pleiades-polygons"}},{"type":"Feature","geometry":{"type":"Polygon","coordinates":[[[9.0,36.0],[9.5,36.0],[9.5,36.5],[9.0,36.5],[9.0,36.0]]]},"properties":{"name":"Barrington Atlas location","uri":"https://pleiades.stoa.org/places/317861","pleiades":"317861","precision":"rough","kind":"ancient-footprint","source":"pleiades-polygons"}},{"type":"Feature","geometry":{"type":"Polygon","coordinates":[[[8.5,36.0],[9.0,36.0],[9.0,36.5],[8.5,36.5],[8.5,36.0]]]},"properties":{"name":"Barrington Atlas location","uri":"https://pleiades.stoa.org/places/317857","pleiades":"317857","precision":"rough","kind":"ancient-footprint","source":"pleiades-polygons"}},{"type":"Feature","geometry":{"type":"Polygon","coordinates":[[[8.5,36.0],[9.0,36.0],[9.0,36.5],[8.5,36.5],[8.5,36.0]]]},"properties":{"name":"Barrington Atlas location","uri":"https://pleiades.stoa.org/places/317858","pleiades":"317858","precision":"rough","kind":"ancient-footprint","source":"pleiades-polygons"}},{"type":"Feature","geometry":{"type":"Polygon","coordinates":[[[9.0,36.5],[9.5,36.5],[9.5,37.0],[9.0,37.0],[9.0,36.5]]]},"properties":{"name":"Barrington Atlas location","uri":"https://pleiades.stoa.org/places/317859","pleiades":"317859","precision":"rough","kind":"ancient-footprint","source":"pleiades-polygons"}},{"type":"Feature","geometry":{"type":"Polygon","coordinates":[[[10.5,36.5],[11.0,36.5],[11.0,37.0],[10.5,37.0],[10.5,36.5]]]},"properties":{"name":"Barrington Atlas location","uri":"https://pleiades.stoa.org/places/316347","pleiades":"316347","precision":"rough","kind":"ancient-footprint","source":"pleiades-polygons"}},{"type":"Feature","geometry":{"type":"Polygon","coordinates":[[[11.0,37.0],[11.5,37.0],[11.5,37.5],[11.0,37.5],[11.0,37.0]]]},"properties":{"name":"Barrington Atlas location","uri":"https://pleiades.stoa.org/places/318622","pleiades":"318622","precision":"rough","kind":"ancient-footprint","source":"pleiades-polygons"}},{"type":"Feature","geometry":{"type":"Polygon","coordinates":[[[9.0,36.5],[9.5,36.5],[9.5,37.0],[9.0,37.0],[9.0,36.5]]]},"properties":{"name":"Barrington Atlas location","uri":"https://pleiades.stoa.org/places/318617","pleiades":"318617","precision":"rough","kind":"ancient-footprint","source":"pleiades-polygons"}},{"type":"Feature","geometry":{"type":"Polygon","coordinates":[[[10.5,36.5],[11.0,36.5],[11.0,37.0],[10.5,37.0],[10.5,36.5]]]},"properties":{"name":"Barrington Atlas location","uri":"https://pleiades.stoa.org/places/318620","pleiades":"318620","precision":"rough","kind":"ancient-footprint","source":"pleiades-polygons"}},{"type":"Feature","geometry":{"type":"Polygon","coordinates":[[[9.0,36.5],[9.5,36.5],[9.5,37.0],[9.0,37.0],[9.0,36.5]]]},"properties":{"name":"Barrington Atlas location","uri":"https://pleiades.stoa.org/places/318616","pleiades":"318616","precision":"rough","kind":"ancient-footprint","source":"pleiades-polygons"}},{"type":"Feature","geometry":{"type":"Polygon","coordinates":[[[9.0,36.0],[9.5,36.0],[9.5,36.5],[9.0,36.5],[9.0,36.0]]]},"properties":{"name":"Barrington Atlas location","uri":"https://pleiades.stoa.org/places/314906","pleiades":"314906","precision":"rough","kind":"ancient-footprint","source":"pleiades-polygons"}},{"type":"Feature","geometry":{"type":"Polygon","coordinates":[[[9.5,36.0],[10.0,36.0],[10.0,36.5],[9.5,36.5],[9.5,36.0]]]},"properties":{"name":"Barrington Atlas location","uri":"https://pleiades.stoa.org/places/314992","pleiades":"314992","precision":"rough","kind":"ancient-footprint","source":"pleiades-polygons"}},{"type":"Feature","geometry":{"type":"Polygon","coordinates":[[[9.0,36.0],[9.5,36.0],[9.5,36.5],[9.0,36.5],[9.0,36.0]]]},"properties":{"name":"Barrington Atlas location","uri":"https://pleiades.stoa.org/places/314956","pleiades":"314956","precision":"rough","kind":"ancient-footprint","source":"pleiades-polygons"}},{"type":"Feature","geometry":{"type":"Polygon","coordinates":[[[9.0,36.0],[9.5,36.0],[9.5,36.5],[9.0,36.5],[9.0,36.0]]]},"properties":{"name":"Barrington Atlas location","uri":"https://pleiades.stoa.org/places/314976","pleiades":"314976","precision":"rough","kind":"ancient-footprint","source":"pleiades-polygons"}},{"type":"Feature","geometry":{"type":"Polygon","coordinates":[[[9.0,36.0],[9.5,36.0],[9.5,36.5],[9.0,36.5],[9.0,36.0]]]},"properties":{"name":"Barrington Atlas location","uri":"https://pleiades.stoa.org/places/314994","pleiades":"314994","precision":"rough","kind":"ancient-footprint","source":"pleiades-polygons"}},{"type":"Feature","geometry":{"type":"Polygon","coordinates":[[[10.0,36.5],[10.5,36.5],[10.5,37.0],[10.0,37.0],[10.0,36.5]]]},"properties":{"name":"Barrington Atlas location","uri":"https://pleiades.stoa.org/places/314850","pleiades":"314850","precision":"rough","kind":"ancient-footprint","source":"pleiades-polygons"}},{"type":"Feature","geometry":{"type":"Polygon","coordinates":[[[8.5,36.5],[9.0,36.5],[9.0,37.0],[8.5,37.0],[8.5,36.5]]]},"properties":{"name":"Barrington Atlas location","uri":"https://pleiades.stoa.org/places/314889","pleiades":"314889","precision":"rough","kind":"ancient-footprint","source":"pleiades-polygons"}},{"type":"Feature","geometry":{"type":"Polygon","coordinates":[[[10.0,36.5],[10.5,36.5],[10.5,37.0],[10.0,37.0],[10.0,36.5]]]},"properties":{"name":"Barrington Atlas location","uri":"https://pleiades.stoa.org/places/314845","pleiades":"314845","precision":"rough","kind":"ancient-footprint","source":"pleiades-polygons"}},{"type":"Feature","geometry":{"type":"Polygon","coordinates":[[[9.5,36.0],[10.0,36.0],[10.0,36.5],[9.5,36.5],[9.5,36.0]]]},"properties":{"name":"Barrington Atlas location","uri":"https://pleiades.stoa.org/places/315026","pleiades":"315026","precision":"rough","kind":"ancient-footprint","source":"pleiades-polygons"}},{"type":"Feature","geometry":{"type":"Polygon","coordinates":[[[10.0,36.5],[10.5,36.5],[10.5,37.0],[10.0,37.0],[10.0,36.5]]]},"properties":{"name":"Barrington Atlas location","uri":"https://pleiades.stoa.org/places/315048","pleiades":"315048","precision":"rough","kind":"ancient-footprint","source":"pleiades-polygons"}},{"type":"Feature","geometry":{"type":"Polygon","coordinates":[[[9.0,36.0],[9.5,36.0],[9.5,36.5],[9.0,36.5],[9.0,36.0]]]},"properties":{"name":"Barrington Atlas location","uri":"https://pleiades.stoa.org/places/315009","pleiades":"315009","precision":"rough","kind":"ancient-footprint","source":"pleiades-polygons"}},{"type":"Feature","geometry":{"type":"Polygon","coordinates":[[[8.0,36.0],[8.5,36.0],[8.5,36.5],[8.0,36.5],[8.0,36.0]]]},"properties":{"name":"Barrington Atlas location","uri":"https://pleiades.stoa.org/places/315013","pleiades":"315013","precision":"rough","kind":"ancient-footprint","source":"pleiades-polygons"}},{"type":"Feature","geometry":{"type":"Polygon","coordinates":[[[9.0,36.0],[9.5,36.0],[9.5,36.5],[9.0,36.5],[9.0,36.0]]]},"properties":{"name":"Barrington Atlas location","uri":"https://pleiades.stoa.org/places/315068","pleiades":"315068","precision":"rough","kind":"ancient-footprint","source":"pleiades-polygons"}},{"type":"Feature","geometry":{"type":"Polygon","coordinates":[[[8.0,36.5],[8.5,36.5],[8.5,37.0],[8.0,37.0],[8.0,36.5]]]},"properties":{"name":"Barrington Atlas location","uri":"https://pleiades.stoa.org/places/315012","pleiades":"315012","precision":"rough","kind":"ancient-footprint","source":"pleiades-polygons"}},{"type":"Feature","geometry":{"type":"Polygon","coordinates":[[[9.0,36.5],[9.5,36.5],[9.5,37.0],[9.0,37.0],[9.0,36.5]]]},"properties":{"name":"Barrington Atlas location","uri":"https://pleiades.stoa.org/places/315003","pleiades":"315003","precision":"rough","kind":"ancient-footprint","source":"pleiades-polygons"}},{"type":"Feature","geometry":{"type":"Polygon","coordinates":[[[11.0,37.0],[11.5,37.0],[11.5,37.5],[11.0,37.5],[11.0,37.0]]]},"properties":{"name":"Barrington Atlas location","uri":"https://pleiades.stoa.org/places/315035","pleiades":"315035","precision":"rough","kind":"ancient-footprint","source":"pleiades-polygons"}},{"type":"Feature","geometry":{"type":"Polygon","coordinates":[[[9.5,36.5],[10.0,36.5],[10.0,37.0],[9.5,37.0],[9.5,36.5]]]},"properties":{"name":"Barrington Atlas location","uri":"https://pleiades.stoa.org/places/315018","pleiades":"315018","precision":"rough","kind":"ancient-footprint","source":"pleiades-polygons"}},{"type":"Feature","geometry":{"type":"Polygon","coordinates":[[[10.0,36.0],[10.5,36.0],[10.5,36.5],[10.0,36.5],[10.0,36.0]]]},"properties":{"name":"Barrington Atlas location","uri":"https://pleiades.stoa.org/places/315606","pleiades":"315606","precision":"rough","kind":"ancient-footprint","source":"pleiades-polygons"}},{"type":"Feature","geometry":{"type":"Polygon","coordinates":[[[9.5,36.5],[10.0,36.5],[10.0,37.0],[9.5,37.0],[9.5,36.5]]]},"properties":{"name":"Barrington Atlas location","uri":"https://pleiades.stoa.org/places/315601","pleiades":"315601","precision":"rough","kind":"ancient-footprint","source":"pleiades-polygons"}},{"type":"Feature","geometry":{"type":"Polygon","coordinates":[[[9.5,36.5],[10.0,36.5],[10.0,37.0],[9.5,37.0],[9.5,36.5]]]},"properties":{"name":"Barrington Atlas location","uri":"https://pleiades.stoa.org/places/315600","pleiades":"315600","precision":"rough","kind":"ancient-footprint","source":"pleiades-polygons"}},{"type":"Feature","geometry":{"type":"Polygon","coordinates":[[[9.5,36.5],[10.0,36.5],[10.0,37.0],[9.5,37.0],[9.5,36.5]]]},"properties":{"name":"Barrington Atlas location","uri":"https://pleiades.stoa.org/places/315602","pleiades":"315602","precision":"rough","kind":"ancient-footprint","source":"pleiades-polygons"}},{"type":"Feature","geometry":{"type":"Polygon","coordinates":[[[10.0,36.5],[10.5,36.5],[10.5,37.0],[10.0,37.0],[10.0,36.5]]]},"properties":{"name":"Barrington Atlas location","uri":"https://pleiades.stoa.org/places/315605","pleiades":"315605","precision":"rough","kind":"ancient-footprint","source":"pleiades-polygons"}},{"type":"Feature","geometry":{"type":"Polygon","coordinates":[[[10.0,36.5],[10.5,36.5],[10.5,37.0],[10.0,37.0],[10.0,36.5]]]},"properties":{"name":"Barrington Atlas location","uri":"https://pleiades.stoa.org/places/315604","pleiades":"315604","precision":"rough","kind":"ancient-footprint","source":"pleiades-polygons"}},{"type":"Feature","geometry":{"type":"Polygon","coordinates":[[[10.0,36.0],[10.5,36.0],[10.5,36.5],[10.0,36.5],[10.0,36.0]]]},"properties":{"name":"Barrington Atlas location","uri":"https://pleiades.stoa.org/places/3156062","pleiades":"3156062","precision":"rough","kind":"ancient-footprint","source":"pleiades-polygons"}},{"type":"Feature","geometry":{"type":"Polygon","coordinates":[[[10.0,36.0],[10.5,36.0],[10.5,36.5],[10.0,36.5],[10.0,36.0]]]},"properties":{"name":"Barrington Atlas location","uri":"https://pleiades.stoa.org/places/3156061","pleiades":"3156061","precision":"rough","kind":"ancient-footprint","source":"pleiades-polygons"}},{"type":"Feature","geometry":{"type":"Polygon","coordinates":[[[8.5,36.5],[9.0,36.5],[9.0,37.0],[8.5,37.0],[8.5,36.5]]]},"properties":{"name":"Barrington Atlas location","uri":"https://pleiades.stoa.org/places/315135","pleiades":"315135","precision":"rough","kind":"ancient-footprint","source":"pleiades-polygons"}},{"type":"Feature","geometry":{"type":"Polygon","coordinates":[[[9.0,36.0],[9.5,36.0],[9.5,36.5],[9.0,36.5],[9.0,36.0]]]},"properties":{"name":"Barrington Atlas location","uri":"https://pleiades.stoa.org/places/315116","pleiades":"315116","precision":"rough","kind":"ancient-footprint","source":"pleiades-polygons"}},{"type":"Feature","geometry":{"type":"Polygon","coordinates":[[[8.0,36.5],[8.5,36.5],[8.5,37.0],[8.0,37.0],[8.0,36.5]]]},"properties":{"name":"Barrington Atlas location","uri":"https://pleiades.stoa.org/places/315130","pleiades":"315130","precision":"rough","kind":"ancient-footprint","source":"pleiades-polygons"}},{"type":"Feature","geometry":{"type":"Polygon","coordinates":[[[9.5,36.5],[10.0,36.5],[10.0,37.0],[9.5,37.0],[9.5,36.5]]]},"properties":{"name":"Barrington Atlas location","uri":"https://pleiades.stoa.org/places/315203","pleiades":"315203","precision":"rough","kind":"ancient-footprint","source":"pleiades-polygons"}},{"type":"Feature","geometry":{"type":"Polygon","coordinates":[[[9.0,36.0],[9.5,36.0],[9.5,36.5],[9.0,36.5],[9.0,36.0]]]},"properties":{"name":"Barrington Atlas location","uri":"https://pleiades.stoa.org/places/315596","pleiades":"315596","precision":"rough","kind":"ancient-footprint","source":"pleiades-polygons"}},{"type":"Feature","geometry":{"type":"Polygon","coordinates":[[[9.0,36.0],[9.5,36.0],[9.5,36.5],[9.0,36.5],[9.0,36.0]]]},"properties":{"name":"Barrington Atlas location","uri":"https://pleiades.stoa.org/places/315597","pleiades":"315597","precision":"rough","kind":"ancient-footprint","source":"pleiades-polygons"}},{"type":"Feature","geometry":{"type":"Polygon","coordinates":[[[8.5,36.0],[9.0,36.0],[9.0,36.5],[8.5,36.5],[8.5,36.0]]]},"properties":{"name":"Barrington Atlas location","uri":"https://pleiades.stoa.org/places/315593","pleiades":"315593","precision":"rough","kind":"ancient-footprint","source":"pleiades-polygons"}},{"type":"Feature","geometry":{"type":"Polygon","coordinates":[[[9.0,36.0],[9.5,36.0],[9.5,36.5],[9.0,36.5],[9.0,36.0]]]},"properties":{"name":"Barrington Atlas location","uri":"https://pleiades.stoa.org/places/315594","pleiades":"315594","precision":"rough","kind":"ancient-footprint","source":"pleiades-polygons"}},{"type":"Feature","geometry":{"type":"Polygon","coordinates":[[[9.5,37.0],[10.0,37.0],[10.0,37.5],[9.5,37.5],[9.5,37.0]]]},"properties":{"name":"Barrington Atlas location","uri":"https://pleiades.stoa.org/places/315598","pleiades":"315598","precision":"rough","kind":"ancient-footprint","source":"pleiades-polygons"}},{"type":"Feature","geometry":{"type":"Polygon","coordinates":[[[9.5,36.5],[10.0,36.5],[10.0,37.0],[9.5,37.0],[9.5,36.5]]]},"properties":{"name":"Barrington Atlas location","uri":"https://pleiades.stoa.org/places/315599","pleiades":"315599","precision":"rough","kind":"ancient-footprint","source":"pleiades-polygons"}},{"type":"Feature","geometry":{"type":"Polygon","coordinates":[[[9.0,36.0],[9.5,36.0],[9.5,36.5],[9.0,36.5],[9.0,36.0]]]},"properties":{"name":"Barrington Atlas location","uri":"https://pleiades.stoa.org/places/315595","pleiades":"315595","precision":"rough","kind":"ancient-footprint","source":"pleiades-polygons"}},{"type":"Feature","geometry":{"type":"Polygon","coordinates":[[[10.0,45.5],[10.5,45.5],[10.5,46.0],[10.0,46.0],[10.0,45.5]]]},"properties":{"name":"Barrington Atlas location","uri":"https://pleiades.stoa.org/places/384306","pleiades":"384306","precision":"rough","kind":"ancient-footprint","source":"pleiades-polygons"}},{"type":"Feature","geometry":{"type":"Polygon","coordinates":[[[10.0,45.5],[10.5,45.5],[10.5,46.0],[10.0,46.0],[10.0,45.5]]]},"properties":{"name":"Barrington Atlas location","uri":"https://pleiades.stoa.org/places/384307","pleiades":"384307","precision":"rough","kind":"ancient-footprint","source":"pleiades-polygons"}},{"type":"Feature","geometry":{"type":"Polygon","coordinates":[[[8.5,44.5],[9.0,44.5],[9.0,45.0],[8.5,45.0],[8.5,44.5]]]},"properties":{"name":"Barrington Atlas location","uri":"https://pleiades.stoa.org/places/384304","pleiades":"384304","precision":"rough","kind":"ancient-footprint","source":"pleiades-polygons"}},{"type":"Feature","geometry":{"type":"Polygon","coordinates":[[[8.5,44.5],[9.0,44.5],[9.0,45.0],[8.5,45.0],[8.5,44.5]]]},"properties":{"name":"Barrington Atlas location","uri":"https://pleiades.stoa.org/places/384305","pleiades":"384305","precision":"rough","kind":"ancient-footprint","source":"pleiades-polygons"}},{"type":"Feature","geometry":{"type":"Polygon","coordinates":[[[8.0,44.5],[8.5,44.5],[8.5,45.0],[8.0,45.0],[8.0,44.5]]]},"properties":{"name":"Barrington Atlas location","uri":"https://pleiades.stoa.org/places/384302","pleiades":"384302","precision":"rough","kind":"ancient-footprint","source":"pleiades-polygons"}},{"type":"Feature","geometry":{"type":"Polygon","coordinates":[[[8.5,45.0],[9.0,45.0],[9.0,45.5],[8.5,45.5],[8.5,45.0]]]},"properties":{"name":"Barrington Atlas location","uri":"https://pleiades.stoa.org/places/384303","pleiades":"384303","precision":"rough","kind":"ancient-footprint","source":"pleiades-polygons"}},{"type":"Feature","geometry":{"type":"Polygon","coordinates":[[[8.5,45.0],[9.0,45.0],[9.0,45.5],[8.5,45.5],[8.5,45.0]]]},"properties":{"name":"Barrington Atlas location","uri":"https://pleiades.stoa.org/places/383777","pleiades":"383777","precision":"rough","kind":"ancient-footprint","source":"pleiades-polygons"}},{"type":"Feature","geometry":{"type":"Polygon","coordinates":[[[9.0,44.0],[9.5,44.0],[9.5,44.5],[9.0,44.5],[9.0,44.0]]]},"properties":{"name":"Barrington Atlas location","uri":"https://pleiades.stoa.org/places/383640","pleiades":"383640","precision":"rough","kind":"ancient-footprint","source":"pleiades-polygons"}},{"type":"Feature","geometry":{"type":"Polygon","coordinates":[[[9.5,45.0],[10.0,45.0],[10.0,45.5],[9.5,45.5],[9.5,45.0]]]},"properties":{"name":"Barrington Atlas location","uri":"https://pleiades.stoa.org/places/383619","pleiades":"383619","precision":"rough","kind":"ancient-footprint","source":"pleiades-polygons"}},{"type":"Feature","geometry":{"type":"Polygon","coordinates":[[[8.0,45.0],[8.5,45.0],[8.5,45.5],[8.0,45.5],[8.0,45.0]]]},"properties":{"name":"Barrington Atlas location","uri":"https://pleiades.stoa.org/places/383597","pleiades":"383597","precision":"rough","kind":"ancient-footprint","source":"pleiades-polygons"}},{"type":"Feature","geometry":{"type":"Polygon","coordinates":[[[8.5,45.0],[9.0,45.0],[9.0,45.5],[8.5,45.5],[8.5,45.0]]]},"properties":{"name":"Barrington Atlas location","uri":"https://pleiades.stoa.org/places/383565","pleiades":"383565","precision":"rough","kind":"ancient-footprint","source":"pleiades-polygons"}},{"type":"Feature","geometry":{"type":"Polygon","coordinates":[[[9.5,45.5],[10.0,45.5],[10.0,46.0],[9.5,46.0],[9.5,45.5]]]},"properties":{"name":"Barrington Atlas location","uri":"https://pleiades.stoa.org/places/385064","pleiades":"385064","precision":"rough","kind":"ancient-footprint","source":"pleiades-polygons"}},{"type":"Feature","geometry":{"type":"Polygon","coordinates":[[[9.0,45.5],[9.5,45.5],[9.5,46.0],[9.0,46.0],[9.0,45.5]]]},"properties":{"name":"Barrington Atlas location","uri":"https://pleiades.stoa.org/places/385059","pleiades":"385059","precision":"rough","kind":"ancient-footprint","source":"pleiades-polygons"}},{"type":"Feature","geometry":{"type":"Polygon","coordinates":[[[9.0,45.0],[9.5,45.0],[9.5,45.5],[9.0,45.5],[9.0,45.0]]]},"properties":{"name":"Barrington Atlas location","uri":"https://pleiades.stoa.org/places/385062","pleiades":"385062","precision":"rough","kind":"ancient-footprint","source":"pleiades-polygons"}},{"type":"Feature","geometry":{"type":"Polygon","coordinates":[[[9.0,45.0],[9.5,45.0],[9.5,45.5],[9.0,45.5],[9.0,45.0]]]},"properties":{"name":"Barrington Atlas location","uri":"https://pleiades.stoa.org/places/385061","pleiades":"385061","precision":"rough","kind":"ancient-footprint","source":"pleiades-polygons"}},{"type":"Feature","geometry":{"type":"Polygon","coordinates":[[[9.0,45.5],[9.5,45.5],[9.5,46.0],[9.0,46.0],[9.0,45.5]]]},"properties":{"name":"Barrington Atlas location","uri":"https://pleiades.stoa.org/places/385060","pleiades":"385060","precision":"rough","kind":"ancient-footprint","source":"pleiades-polygons"}},{"type":"Feature","geometry":{"type":"Polygon","coordinates":[[[10.0,44.5],[10.5,44.5],[10.5,45.0],[10.0,45.0],[10.0,44.5]]]},"properties":{"name":"Barrington Atlas location","uri":"https://pleiades.stoa.org/places/385066","pleiades":"385066","precision":"rough","kind":"ancient-footprint","source":"pleiades-polygons"}},{"type":"Feature","geometry":{"type":"Polygon","coordinates":[[[10.0,44.5],[10.5,44.5],[10.5,45.0],[10.0,45.0],[10.0,44.5]]]},"properties":{"name":"Barrington Atlas location","uri":"https://pleiades.stoa.org/places/385839","pleiades":"385839","precision":"rough","kind":"ancient-footprint","source":"pleiades-polygons"}},{"type":"Feature","geometry":{"type":"Polygon","coordinates":[[[9.5,45.0],[10.0,45.0],[10.0,45.5],[9.5,45.5],[9.5,45.0]]]},"properties":{"name":"Barrington Atlas location","uri":"https://pleiades.stoa.org/places/385835","pleiades":"385835","precision":"rough","kind":"ancient-footprint","source":"pleiades-polygons"}},{"type":"Feature","geometry":{"type":"Polygon","coordinates":[[[9.0,45.5],[9.5,45.5],[9.5,46.0],[9.0,46.0],[9.0,45.5]]]},"properties":{"name":"Barrington Atlas location","uri":"https://pleiades.stoa.org/places/385823","pleiades":"385823","precision":"rough","kind":"ancient-footprint","source":"pleiades-polygons"}},{"type":"Feature","geometry":{"type":"Polygon","coordinates":[[[8.5,45.0],[9.0,45.0],[9.0,45.5],[8.5,45.5],[8.5,45.0]]]},"properties":{"name":"Barrington Atlas location","uri":"https://pleiades.stoa.org/places/385819","pleiades":"385819","precision":"rough","kind":"ancient-footprint","source":"pleiades-polygons"}},{"type":"Feature","geometry":{"type":"Polygon","coordinates":[[[8.5,45.5],[9.0,45.5],[9.0,46.0],[8.5,46.0],[8.5,45.5]]]},"properties":{"name":"Barrington Atlas location","uri":"https://pleiades.stoa.org/places/385818","pleiades":"385818","precision":"rough","kind":"ancient-footprint","source":"pleiades-polygons"}},{"type":"Feature","geometry":{"type":"Polygon","coordinates":[[[8.5,44.5],[9.0,44.5],[9.0,45.0],[8.5,45.0],[8.5,44.5]]]},"properties":{"name":"Barrington Atlas location","uri":"https://pleiades.stoa.org/places/385822","pleiades":"385822","precision":"rough","kind":"ancient-footprint","source":"pleiades-polygons"}},{"type":"Feature","geometry":{"type":"Polygon","coordinates":[[[9.5,45.5],[10.0,45.5],[10.0,46.0],[9.5,46.0],[9.5,45.5]]]},"properties":{"name":"Barrington Atlas location","uri":"https://pleiades.stoa.org/places/385834","pleiades":"385834","precision":"rough","kind":"ancient-footprint","source":"pleiades-polygons"}},{"type":"Feature","geometry":{"type":"Polygon","coordinates":[[[10.5,44.5],[11.0,44.5],[11.0,45.0],[10.5,45.0],[10.5,44.5]]]},"properties":{"name":"Barrington Atlas location","uri":"https://pleiades.stoa.org/places/385843","pleiades":"385843","precision":"rough","kind":"ancient-footprint","source":"pleiades-polygons"}},{"type":"Feature","geometry":{"type":"Polygon","coordinates":[[[10.0,45.0],[10.5,45.0],[10.5,45.5],[10.0,45.5],[10.0,45.0]]]},"properties":{"name":"Barrington Atlas location","uri":"https://pleiades.stoa.org/places/385838","pleiades":"385838","precision":"rough","kind":"ancient-footprint","source":"pleiades-polygons"}},{"type":"Feature","geometry":{"type":"Polygon","coordinates":[[[9.5,45.5],[10.0,45.5],[10.0,46.0],[9.5,46.0],[9.5,45.5]]]},"properties":{"name":"Barrington Atlas location","uri":"https://pleiades.stoa.org/places/385833","pleiades":"385833","precision":"rough","kind":"ancient-footprint","source":"pleiades-polygons"}},{"type":"Feature","geometry":{"type":"Polygon","coordinates":[[[9.0,45.0],[9.5,45.0],[9.5,45.5],[9.0,45.5],[9.0,45.0]]]},"properties":{"name":"Barrington Atlas location","uri":"https://pleiades.stoa.org/places/385825","pleiades":"385825","precision":"rough","kind":"ancient-footprint","source":"pleiades-polygons"}},{"type":"Feature","geometry":{"type":"Polygon","coordinates":[[[9.0,45.0],[9.5,45.0],[9.5,45.5],[9.0,45.5],[9.0,45.0]]]},"properties":{"name":"Barrington Atlas location","uri":"https://pleiades.stoa.org/places/385829","pleiades":"385829","precision":"rough","kind":"ancient-footprint","source":"pleiades-polygons"}},{"type":"Feature","geometry":{"type":"Polygon","coordinates":[[[9.0,45.0],[9.5,45.0],[9.5,45.5],[9.0,45.5],[9.0,45.0]]]},"properties":{"name":"Barrington Atlas location","uri":"https://pleiades.stoa.org/places/385828","pleiades":"385828","precision":"rough","kind":"ancient-footprint","source":"pleiades-polygons"}},{"type":"Feature","geometry":{"type":"Polygon","coordinates":[[[9.0,45.5],[9.5,45.5],[9.5,46.0],[9.0,46.0],[9.0,45.5]]]},"properties":{"name":"Barrington Atlas location","uri":"https://pleiades.stoa.org/places/385824","pleiades":"385824","precision":"rough","kind":"ancient-footprint","source":"pleiades-polygons"}},{"type":"Feature","geometry":{"type":"Polygon","coordinates":[[[9.5,45.5],[10.0,45.5],[10.0,46.0],[9.5,46.0],[9.5,45.5]]]},"properties":{"name":"Barrington Atlas location","uri":"https://pleiades.stoa.org/places/385832","pleiades":"385832","precision":"rough","kind":"ancient-footprint","source":"pleiades-polygons"}},{"type":"Feature","geometry":{"type":"Polygon","coordinates":[[[9.0,45.0],[9.5,45.0],[9.5,45.5],[9.0,45.5],[9.0,45.0]]]},"properties":{"name":"Barrington Atlas location","uri":"https://pleiades.stoa.org/places/385827","pleiades":"385827","precision":"rough","kind":"ancient-footprint","source":"pleiades-polygons"}},{"type":"Feature","geometry":{"type":"Polygon","coordinates":[[[9.0,45.0],[9.5,45.0],[9.5,45.5],[9.0,45.5],[9.0,45.0]]]},"properties":{"name":"Barrington Atlas location","uri":"https://pleiades.stoa.org/places/385831","pleiades":"385831","precision":"rough","kind":"ancient-footprint","source":"pleiades-polygons"}},{"type":"Feature","geometry":{"type":"Polygon","coordinates":[[[9.0,45.0],[9.5,45.0],[9.5,45.5],[9.0,45.5],[9.0,45.0]]]},"properties":{"name":"Barrington Atlas location","uri":"https://pleiades.stoa.org/places/385830","pleiades":"385830","precision":"rough","kind":"ancient-footprint","source":"pleiades-polygons"}},{"type":"Feature","geometry":{"type":"Polygon","coordinates":[[[9.0,45.0],[9.5,45.0],[9.5,45.5],[9.0,45.5],[9.0,45.0]]]},"properties":{"name":"Barrington Atlas location","uri":"https://pleiades.stoa.org/places/385826","pleiades":"385826","precision":"rough","kind":"ancient-footprint","source":"pleiades-polygons"}},{"type":"Feature","geometry":{"type":"Polygon","coordinates":[[[8.0,45.0],[8.5,45.0],[8.5,45.5],[8.0,45.5],[8.0,45.0]]]},"properties":{"name":"Barrington Atlas location","uri":"https://pleiades.stoa.org/places/385817","pleiades":"385817","precision":"rough","kind":"ancient-footprint","source":"pleiades-polygons"}},{"type":"Feature","geometry":{"type":"Polygon","coordinates":[[[10.0,44.5],[10.5,44.5],[10.5,45.0],[10.0,45.0],[10.0,44.5]]]},"properties":{"name":"Barrington Atlas location","uri":"https://pleiades.stoa.org/places/385840","pleiades":"385840","precision":"rough","kind":"ancient-footprint","source":"pleiades-polygons"}},{"type":"Feature","geometry":{"type":"Polygon","coordinates":[[[8.5,45.0],[9.0,45.0],[9.0,45.5],[8.5,45.5],[8.5,45.0]]]},"properties":{"name":"Barrington Atlas location","uri":"https://pleiades.stoa.org/places/385821","pleiades":"385821","precision":"rough","kind":"ancient-footprint","source":"pleiades-polygons"}},{"type":"Feature","geometry":{"type":"Polygon","coordinates":[[[9.5,45.0],[10.0,45.0],[10.0,45.5],[9.5,45.5],[9.5,45.0]]]},"properties":{"name":"Barrington Atlas location","uri":"https://pleiades.stoa.org/places/385837","pleiades":"385837","precision":"rough","kind":"ancient-footprint","source":"pleiades-polygons"}},{"type":"Feature","geometry":{"type":"Polygon","coordinates":[[[9.5,45.0],[10.0,45.0],[10.0,45.5],[9.5,45.5],[9.5,45.0]]]},"properties":{"name":"Barrington Atlas location","uri":"https://pleiades.stoa.org/places/385836","pleiades":"385836","precision":"rough","kind":"ancient-footprint","source":"pleiades-polygons"}},{"type":"Feature","geometry":{"type":"Polygon","coordinates":[[[8.5,45.0],[9.0,45.0],[9.0,45.5],[8.5,45.5],[8.5,45.0]]]},"properties":{"name":"Barrington Atlas location","uri":"https://pleiades.stoa.org/places/385820","pleiades":"385820","precision":"rough","kind":"ancient-footprint","source":"pleiades-polygons"}},{"type":"Feature","geometry":{"type":"Polygon","coordinates":[[[10.5,45.5],[11.0,45.5],[11.0,46.0],[10.5,46.0],[10.5,45.5]]]},"properties":{"name":"Barrington Atlas location","uri":"https://pleiades.stoa.org/places/385841","pleiades":"385841","precision":"rough","kind":"ancient-footprint","source":"pleiades-polygons"}},{"type":"Feature","geometry":{"type":"Polygon","coordinates":[[[2.0,32.0],[10.0,32.0],[10.0,37.0],[2.0,37.0],[2.0,32.0]]]},"properties":{"name":"Barrington Atlas location","uri":"https://pleiades.stoa.org/places/337490","pleiades":"337490","precision":"rough","kind":"ancient-footprint","source":"pleiades-polygons"}},{"type":"Feature","geometry":{"type":"Polygon","coordinates":[[[2.0,32.0],[10.0,32.0],[10.0,37.0],[2.0,37.0],[2.0,32.0]]]},"properties":{"name":"Barrington Atlas location","uri":"https://pleiades.stoa.org/places/337487","pleiades":"337487","precision":"rough","kind":"ancient-footprint","source":"pleiades-polygons"}},{"type":"Feature","geometry":{"type":"Polygon","coordinates":[[[2.0,32.0],[10.0,32.0],[10.0,37.0],[2.0,37.0],[2.0,32.0]]]},"properties":{"name":"Barrington Atlas location","uri":"https://pleiades.stoa.org/places/337496","pleiades":"337496","precision":"rough","kind":"ancient-footprint","source":"pleiades-polygons"}},{"type":"Feature","geometry":{"type":"Polygon","coordinates":[[[2.0,32.0],[10.0,32.0],[10.0,37.0],[2.0,37.0],[2.0,32.0]]]},"properties":{"name":"Barrington Atlas location","uri":"https://pleiades.stoa.org/places/337497","pleiades":"337497","precision":"rough","kind":"ancient-footprint","source":"pleiades-polygons"}},{"type":"Feature","geometry":{"type":"Polygon","coordinates":[[[2.0,32.0],[10.0,32.0],[10.0,37.0],[2.0,37.0],[2.0,32.0]]]},"properties":{"name":"Barrington Atlas location","uri":"https://pleiades.stoa.org/places/337494","pleiades":"337494","precision":"rough","kind":"ancient-footprint","source":"pleiades-polygons"}},{"type":"Feature","geometry":{"type":"Polygon","coordinates":[[[2.0,32.0],[10.0,32.0],[10.0,37.0],[2.0,37.0],[2.0,32.0]]]},"properties":{"name":"Barrington Atlas location","uri":"https://pleiades.stoa.org/places/337498","pleiades":"337498","precision":"rough","kind":"ancient-footprint","source":"pleiades-polygons"}},{"type":"Feature","geometry":{"type":"Polygon","coordinates":[[[2.0,32.0],[10.0,32.0],[10.0,37.0],[2.0,37.0],[2.0,32.0]]]},"properties":{"name":"Barrington Atlas location","uri":"https://pleiades.stoa.org/places/337499","pleiades":"337499","precision":"rough","kind":"ancient-footprint","source":"pleiades-polygons"}},{"type":"Feature","geometry":{"type":"Polygon","coordinates":[[[2.0,32.0],[10.0,32.0],[10.0,37.0],[2.0,37.0],[2.0,32.0]]]},"properties":{"name":"Barrington Atlas location","uri":"https://pleiades.stoa.org/places/337495","pleiades":"337495","precision":"rough","kind":"ancient-footprint","source":"pleiades-polygons"}},{"type":"Feature","geometry":{"type":"Polygon","coordinates":[[[2.0,32.0],[10.0,32.0],[10.0,37.0],[2.0,37.0],[2.0,32.0]]]},"properties":{"name":"Barrington Atlas location","uri":"https://pleiades.stoa.org/places/337488","pleiades":"337488","precision":"rough","kind":"ancient-footprint","source":"pleiades-polygons"}},{"type":"Feature","geometry":{"type":"Polygon","coordinates":[[[2.0,32.0],[10.0,32.0],[10.0,37.0],[2.0,37.0],[2.0,32.0]]]},"properties":{"name":"Barrington Atlas location","uri":"https://pleiades.stoa.org/places/337492","pleiades":"337492","precision":"rough","kind":"ancient-footprint","source":"pleiades-polygons"}},{"type":"Feature","geometry":{"type":"Polygon","coordinates":[[[2.0,32.0],[10.0,32.0],[10.0,37.0],[2.0,37.0],[2.0,32.0]]]},"properties":{"name":"Barrington Atlas location","uri":"https://pleiades.stoa.org/places/337493","pleiades":"337493","precision":"rough","kind":"ancient-footprint","source":"pleiades-polygons"}},{"type":"Feature","geometry":{"type":"Polygon","coordinates":[[[2.0,32.0],[10.0,32.0],[10.0,37.0],[2.0,37.0],[2.0,32.0]]]},"properties":{"name":"Barrington Atlas location","uri":"https://pleiades.stoa.org/places/337489","pleiades":"337489","precision":"rough","kind":"ancient-footprint","source":"pleiades-polygons"}},{"type":"Feature","geometry":{"type":"Polygon","coordinates":[[[2.0,32.0],[10.0,32.0],[10.0,37.0],[2.0,37.0],[2.0,32.0]]]},"properties":{"name":"Barrington Atlas location","uri":"https://pleiades.stoa.org/places/337520","pleiades":"337520","precision":"rough","kind":"ancient-footprint","source":"pleiades-polygons"}},{"type":"Feature","geometry":{"type":"Polygon","coordinates":[[[2.0,32.0],[10.0,32.0],[10.0,37.0],[2.0,37.0],[2.0,32.0]]]},"properties":{"name":"Barrington Atlas location","uri":"https://pleiades.stoa.org/places/337516","pleiades":"337516","precision":"rough","kind":"ancient-footprint","source":"pleiades-polygons"}},{"type":"Feature","geometry":{"type":"Polygon","coordinates":[[[2.0,32.0],[10.0,32.0],[10.0,37.0],[2.0,37.0],[2.0,32.0]]]},"properties":{"name":"Barrington Atlas location","uri":"https://pleiades.stoa.org/places/337501","pleiades":"337501","precision":"rough","kind":"ancient-footprint","source":"pleiades-polygons"}},{"type":"Feature","geometry":{"type":"Polygon","coordinates":[[[2.0,32.0],[10.0,32.0],[10.0,37.0],[2.0,37.0],[2.0,32.0]]]},"properties":{"name":"Barrington Atlas location","uri":"https://pleiades.stoa.org/places/337521","pleiades":"337521","precision":"rough","kind":"ancient-footprint","source":"pleiades-polygons"}},{"type":"Feature","geometry":{"type":"Polygon","coordinates":[[[2.0,32.0],[10.0,32.0],[10.0,37.0],[2.0,37.0],[2.0,32.0]]]},"properties":{"name":"Barrington Atlas location","uri":"https://pleiades.stoa.org/places/337510","pleiades":"337510","precision":"rough","kind":"ancient-footprint","source":"pleiades-polygons"}},{"type":"Feature","geometry":{"type":"Polygon","coordinates":[[[2.0,32.0],[10.0,32.0],[10.0,37.0],[2.0,37.0],[2.0,32.0]]]},"properties":{"name":"Barrington Atlas location","uri":"https://pleiades.stoa.org/places/337506","pleiades":"337506","precision":"rough","kind":"ancient-footprint","source":"pleiades-polygons"}},{"type":"Feature","geometry":{"type":"Polygon","coordinates":[[[2.0,32.0],[10.0,32.0],[10.0,37.0],[2.0,37.0],[2.0,32.0]]]},"properties":{"name":"Barrington Atlas location","uri":"https://pleiades.stoa.org/places/337526","pleiades":"337526","precision":"rough","kind":"ancient-footprint","source":"pleiades-polygons"}},{"type":"Feature","geometry":{"type":"Polygon","coordinates":[[[2.0,32.0],[10.0,32.0],[10.0,37.0],[2.0,37.0],[2.0,32.0]]]},"properties":{"name":"Barrington Atlas location","uri":"https://pleiades.stoa.org/places/337530","pleiades":"337530","precision":"rough","kind":"ancient-footprint","source":"pleiades-polygons"}},{"type":"Feature","geometry":{"type":"Polygon","coordinates":[[[2.0,32.0],[10.0,32.0],[10.0,37.0],[2.0,37.0],[2.0,32.0]]]},"properties":{"name":"Barrington Atlas location","uri":"https://pleiades.stoa.org/places/337531","pleiades":"337531","precision":"rough","kind":"ancient-footprint","source":"pleiades-polygons"}},{"type":"Feature","geometry":{"type":"Polygon","coordinates":[[[2.0,32.0],[10.0,32.0],[10.0,37.0],[2.0,37.0],[2.0,32.0]]]},"properties":{"name":"Barrington Atlas location","uri":"https://pleiades.stoa.org/places/337527","pleiades":"337527","precision":"rough","kind":"ancient-footprint","source":"pleiades-polygons"}},{"type":"Feature","geometry":{"type":"Polygon","coordinates":[[[2.0,32.0],[10.0,32.0],[10.0,37.0],[2.0,37.0],[2.0,32.0]]]},"properties":{"name":"Barrington Atlas location","uri":"https://pleiades.stoa.org/places/337507","pleiades":"337507","precision":"rough","kind":"ancient-footprint","source":"pleiades-polygons"}},{"type":"Feature","geometry":{"type":"Polygon","coordinates":[[[2.0,32.0],[10.0,32.0],[10.0,37.0],[2.0,37.0],[2.0,32.0]]]},"properties":{"name":"Barrington Atlas location","uri":"https://pleiades.stoa.org/places/337511","pleiades":"337511","precision":"rough","kind":"ancient-footprint","source":"pleiades-polygons"}},{"type":"Feature","geometry":{"type":"Polygon","coordinates":[[[2.0,32.0],[10.0,32.0],[10.0,37.0],[2.0,37.0],[2.0,32.0]]]},"properties":{"name":"Barrington Atlas location","uri":"https://pleiades.stoa.org/places/337504","pleiades":"337504","precision":"rough","kind":"ancient-footprint","source":"pleiades-polygons"}},{"type":"Feature","geometry":{"type":"Polygon","coordinates":[[[2.0,32.0],[10.0,32.0],[10.0,37.0],[2.0,37.0],[2.0,32.0]]]},"properties":{"name":"Barrington Atlas location","uri":"https://pleiades.stoa.org/places/337512","pleiades":"337512","precision":"rough","kind":"ancient-footprint","source":"pleiades-polygons"}},{"type":"Feature","geometry":{"type":"Polygon","coordinates":[[[2.0,32.0],[10.0,32.0],[10.0,37.0],[2.0,37.0],[2.0,32.0]]]},"properties":{"name":"Barrington Atlas location","uri":"https://pleiades.stoa.org/places/337532","pleiades":"337532","precision":"rough","kind":"ancient-footprint","source":"pleiades-polygons"}},{"type":"Feature","geometry":{"type":"Polygon","coordinates":[[[2.0,32.0],[10.0,32.0],[10.0,37.0],[2.0,37.0],[2.0,32.0]]]},"properties":{"name":"Barrington Atlas location","uri":"https://pleiades.stoa.org/places/337524","pleiades":"337524","precision":"rough","kind":"ancient-footprint","source":"pleiades-polygons"}},{"type":"Feature","geometry":{"type":"Polygon","coordinates":[[[2.0,32.0],[10.0,32.0],[10.0,37.0],[2.0,37.0],[2.0,32.0]]]},"properties":{"name":"Barrington Atlas location","uri":"https://pleiades.stoa.org/places/337509","pleiades":"337509","precision":"rough","kind":"ancient-footprint","source":"pleiades-polygons"}},{"type":"Feature","geometry":{"type":"Polygon","coordinates":[[[2.0,32.0],[10.0,32.0],[10.0,37.0],[2.0,37.0],[2.0,32.0]]]},"properties":{"name":"Barrington Atlas location","uri":"https://pleiades.stoa.org/places/337525","pleiades":"337525","precision":"rough","kind":"ancient-footprint","source":"pleiades-polygons"}},{"type":"Feature","geometry":{"type":"Polygon","coordinates":[[[2.0,32.0],[10.0,32.0],[10.0,37.0],[2.0,37.0],[2.0,32.0]]]},"properties":{"name":"Barrington Atlas location","uri":"https://pleiades.stoa.org/places/337513","pleiades":"337513","precision":"rough","kind":"ancient-footprint","source":"pleiades-polygons"}},{"type":"Feature","geometry":{"type":"Polygon","coordinates":[[[2.0,32.0],[10.0,32.0],[10.0,37.0],[2.0,37.0],[2.0,32.0]]]},"properties":{"name":"Barrington Atlas location","uri":"https://pleiades.stoa.org/places/337505","pleiades":"337505","precision":"rough","kind":"ancient-footprint","source":"pleiades-polygons"}},{"type":"Feature","geometry":{"type":"Polygon","coordinates":[[[2.0,32.0],[10.0,32.0],[10.0,37.0],[2.0,37.0],[2.0,32.0]]]},"properties":{"name":"Barrington Atlas location","uri":"https://pleiades.stoa.org/places/337529","pleiades":"337529","precision":"rough","kind":"ancient-footprint","source":"pleiades-polygons"}},{"type":"Feature","geometry":{"type":"Polygon","coordinates":[[[2.0,32.0],[10.0,32.0],[10.0,37.0],[2.0,37.0],[2.0,32.0]]]},"properties":{"name":"Barrington Atlas location","uri":"https://pleiades.stoa.org/places/337522","pleiades":"337522","precision":"rough","kind":"ancient-footprint","source":"pleiades-polygons"}},{"type":"Feature","geometry":{"type":"Polygon","coordinates":[[[2.0,32.0],[10.0,32.0],[10.0,37.0],[2.0,37.0],[2.0,32.0]]]},"properties":{"name":"Barrington Atlas location","uri":"https://pleiades.stoa.org/places/337518","pleiades":"337518","precision":"rough","kind":"ancient-footprint","source":"pleiades-polygons"}},{"type":"Feature","geometry":{"type":"Polygon","coordinates":[[[2.0,32.0],[10.0,32.0],[10.0,37.0],[2.0,37.0],[2.0,32.0]]]},"properties":{"name":"Barrington Atlas location","uri":"https://pleiades.stoa.org/places/337502","pleiades":"337502","precision":"rough","kind":"ancient-footprint","source":"pleiades-polygons"}},{"type":"Feature","geometry":{"type":"Polygon","coordinates":[[[2.0,32.0],[10.0,32.0],[10.0,37.0],[2.0,37.0],[2.0,32.0]]]},"properties":{"name":"Barrington Atlas location","uri":"https://pleiades.stoa.org/places/337514","pleiades":"337514","precision":"rough","kind":"ancient-footprint","source":"pleiades-polygons"}},{"type":"Feature","geometry":{"type":"Polygon","coordinates":[[[2.0,32.0],[10.0,32.0],[10.0,37.0],[2.0,37.0],[2.0,32.0]]]},"properties":{"name":"Barrington Atlas location","uri":"https://pleiades.stoa.org/places/337515","pleiades":"337515","precision":"rough","kind":"ancient-footprint","source":"pleiades-polygons"}},{"type":"Feature","geometry":{"type":"Polygon","coordinates":[[[2.0,32.0],[10.0,32.0],[10.0,37.0],[2.0,37.0],[2.0,32.0]]]},"properties":{"name":"Barrington Atlas location","uri":"https://pleiades.stoa.org/places/337503","pleiades":"337503","precision":"rough","kind":"ancient-footprint","source":"pleiades-polygons"}},{"type":"Feature","geometry":{"type":"Polygon","coordinates":[[[2.0,32.0],[10.0,32.0],[10.0,37.0],[2.0,37.0],[2.0,32.0]]]},"properties":{"name":"Barrington Atlas location","uri":"https://pleiades.stoa.org/places/337519","pleiades":"337519","precision":"rough","kind":"ancient-footprint","source":"pleiades-polygons"}},{"type":"Feature","geometry":{"type":"Polygon","coordinates":[[[2.0,32.0],[10.0,32.0],[10.0,37.0],[2.0,37.0],[2.0,32.0]]]},"properties":{"name":"Barrington Atlas location","uri":"https://pleiades.stoa.org/places/337523","pleiades":"337523","precision":"rough","kind":"ancient-footprint","source":"pleiades-polygons"}},{"type":"Feature","geometry":{"type":"Polygon","coordinates":[[[8.5,36.5],[9.0,36.5],[9.0,37.0],[8.5,37.0],[8.5,36.5]]]},"properties":{"name":"Barrington Atlas location","uri":"https://pleiades.stoa.org/places/320123","pleiades":"320123","precision":"rough","kind":"ancient-footprint","source":"pleiades-polygons"}},{"type":"Feature","geometry":{"type":"Polygon","coordinates":[[[11.0,36.5],[11.5,36.5],[11.5,37.0],[11.0,37.0],[11.0,36.5]]]},"properties":{"name":"Barrington Atlas location","uri":"https://pleiades.stoa.org/places/320134","pleiades":"320134","precision":"rough","kind":"ancient-footprint","source":"pleiades-polygons"}},{"type":"Feature","geometry":{"type":"Polygon","coordinates":[[[8.0,36.5],[8.5,36.5],[8.5,37.0],[8.0,37.0],[8.0,36.5]]]},"properties":{"name":"Barrington Atlas location","uri":"https://pleiades.stoa.org/places/320122","pleiades":"320122","precision":"rough","kind":"ancient-footprint","source":"pleiades-polygons"}},{"type":"Feature","geometry":{"type":"Polygon","coordinates":[[[9.5,36.0],[10.0,36.0],[10.0,36.5],[9.5,36.5],[9.5,36.0]]]},"properties":{"name":"Barrington Atlas location","uri":"https://pleiades.stoa.org/places/320129","pleiades":"320129","precision":"rough","kind":"ancient-footprint","source":"pleiades-polygons"}},{"type":"Feature","geometry":{"type":"Polygon","coordinates":[[[9.0,36.5],[9.5,36.5],[9.5,37.0],[9.0,37.0],[9.0,36.5]]]},"properties":{"name":"Barrington Atlas location","uri":"https://pleiades.stoa.org/places/320125","pleiades":"320125","precision":"rough","kind":"ancient-footprint","source":"pleiades-polygons"}},{"type":"Feature","geometry":{"type":"Polygon","coordinates":[[[11.0,36.5],[11.5,36.5],[11.5,37.0],[11.0,37.0],[11.0,36.5]]]},"properties":{"name":"Barrington Atlas location","uri":"https://pleiades.stoa.org/places/320133","pleiades":"320133","precision":"rough","kind":"ancient-footprint","source":"pleiades-polygons"}},{"type":"Feature","geometry":{"type":"Polygon","coordinates":[[[10.5,36.5],[11.0,36.5],[11.0,37.0],[10.5,37.0],[10.5,36.5]]]},"properties":{"name":"Barrington Atlas location","uri":"https://pleiades.stoa.org/places/320132","pleiades":"320132","precision":"rough","kind":"ancient-footprint","source":"pleiades-polygons"}},{"type":"Feature","geometry":{"type":"Polygon","coordinates":[[[9.0,37.0],[9.5,37.0],[9.5,37.5],[9.0,37.5],[9.0,37.0]]]},"properties":{"name":"Barrington Atlas location","uri":"https://pleiades.stoa.org/places/320124","pleiades":"320124","precision":"rough","kind":"ancient-footprint","source":"pleiades-polygons"}},{"type":"Feature","geometry":{"type":"Polygon","coordinates":[[[9.5,36.5],[10.0,36.5],[10.0,37.0],[9.5,37.0],[9.5,36.5]]]},"properties":{"name":"Barrington Atlas location","uri":"https://pleiades.stoa.org/places/320128","pleiades":"320128","precision":"rough","kind":"ancient-footprint","source":"pleiades-polygons"}},{"type":"Feature","geometry":{"type":"Polygon","coordinates":[[[10.0,36.0],[10.5,36.0],[10.5,36.5],[10.0,36.5],[10.0,36.0]]]},"properties":{"name":"Barrington Atlas location","uri":"https://pleiades.stoa.org/places/320131","pleiades":"320131","precision":"rough","kind":"ancient-footprint","source":"pleiades-polygons"}},{"type":"Feature","geometry":{"type":"Polygon","coordinates":[[[9.5,37.0],[10.0,37.0],[10.0,37.5],[9.5,37.5],[9.5,37.0]]]},"properties":{"name":"Barrington Atlas location","uri":"https://pleiades.stoa.org/places/320127","pleiades":"320127","precision":"rough","kind":"ancient-footprint","source":"pleiades-polygons"}},{"type":"Feature","geometry":{"type":"Polygon","coordinates":[[[9.0,36.0],[9.5,36.0],[9.5,36.5],[9.0,36.5],[9.0,36.0]]]},"properties":{"name":"Barrington Atlas location","uri":"https://pleiades.stoa.org/places/320126","pleiades":"320126","precision":"rough","kind":"ancient-footprint","source":"pleiades-polygons"}},{"type":"Feature","geometry":{"type":"Polygon","coordinates":[[[10.0,36.5],[10.5,36.5],[10.5,37.0],[10.0,37.0],[10.0,36.5]]]},"properties":{"name":"Barrington Atlas location","uri":"https://pleiades.stoa.org/places/320130","pleiades":"320130","precision":"rough","kind":"ancient-footprint","source":"pleiades-polygons"}},{"type":"Feature","geometry":{"type":"Polygon","coordinates":[[[8.5,36.0],[9.0,36.0],[9.0,36.5],[8.5,36.5],[8.5,36.0]]]},"properties":{"name":"Barrington Atlas location","uri":"https://pleiades.stoa.org/places/320877","pleiades":"320877","precision":"rough","kind":"ancient-footprint","source":"pleiades-polygons"}},{"type":"Feature","geometry":{"type":"Polygon","coordinates":[[[9.0,36.5],[9.5,36.5],[9.5,37.0],[9.0,37.0],[9.0,36.5]]]},"properties":{"name":"Barrington Atlas location","uri":"https://pleiades.stoa.org/places/320878","pleiades":"320878","precision":"rough","kind":"ancient-footprint","source":"pleiades-polygons"}},{"type":"Feature","geometry":{"type":"Polygon","coordinates":[[[18.0,44.0],[19.0,44.0],[19.0,45.0],[18.0,45.0],[18.0,44.0]]]},"properties":{"name":"Undetermined location","uri":"https://pleiades.stoa.org/places/209137","pleiades":"209137","precision":"rough","kind":"ancient-footprint","source":"pleiades-polygons"}},{"type":"Feature","geometry":{"type":"Polygon","coordinates":[[[14.0,46.0],[15.0,46.0],[15.0,47.0],[14.0,47.0],[14.0,46.0]]]},"properties":{"name":"Undetermined location","uri":"https://pleiades.stoa.org/places/200090","pleiades":"200090","precision":"rough","kind":"ancient-footprint","source":"pleiades-polygons"}},{"type":"Feature","geometry":{"type":"Polygon","coordinates":[[[14.0,46.0],[15.0,46.0],[15.0,47.0],[14.0,47.0],[14.0,46.0]]]},"properties":{"name":"Undetermined location","uri":"https://pleiades.stoa.org/places/200087","pleiades":"200087","precision":"rough","kind":"ancient-footprint","source":"pleiades-polygons"}},{"type":"Feature","geometry":{"type":"Polygon","coordinates":[[[14.0,46.0],[15.0,46.0],[15.0,47.0],[14.0,47.0],[14.0,46.0]]]},"properties":{"name":"Undetermined location","uri":"https://pleiades.stoa.org/places/200091","pleiades":"200091","precision":"rough","kind":"ancient-footprint","source":"pleiades-polygons"}},{"type":"Feature","geometry":{"type":"Polygon","coordinates":[[[15.0,47.0],[16.0,47.0],[16.0,48.0],[15.0,48.0],[15.0,47.0]]]},"properties":{"name":"Undetermined location","uri":"https://pleiades.stoa.org/places/200096","pleiades":"200096","precision":"rough","kind":"ancient-footprint","source":"pleiades-polygons"}},{"type":"Feature","geometry":{"type":"Polygon","coordinates":[[[13.0,46.0],[14.0,46.0],[14.0,47.0],[13.0,47.0],[13.0,46.0]]]},"properties":{"name":"Undetermined location","uri":"https://pleiades.stoa.org/places/200081","pleiades":"200081","precision":"rough","kind":"ancient-footprint","source":"pleiades-polygons"}},{"type":"Feature","geometry":{"type":"Polygon","coordinates":[[[13.0,45.0],[14.0,45.0],[14.0,46.0],[13.0,46.0],[13.0,45.0]]]},"properties":{"name":"Undetermined location","uri":"https://pleiades.stoa.org/places/200082","pleiades":"200082","precision":"rough","kind":"ancient-footprint","source":"pleiades-polygons"}},{"type":"Feature","geometry":{"type":"Polygon","coordinates":[[[14.0,45.0],[15.0,45.0],[15.0,46.0],[14.0,46.0],[14.0,45.0]]]},"properties":{"name":"Undetermined location","uri":"https://pleiades.stoa.org/places/200094","pleiades":"200094","precision":"rough","kind":"ancient-footprint","source":"pleiades-polygons"}},{"type":"Feature","geometry":{"type":"Polygon","coordinates":[[[14.0,44.0],[15.0,44.0],[15.0,45.0],[14.0,45.0],[14.0,44.0]]]},"properties":{"name":"Undetermined location","uri":"https://pleiades.stoa.org/places/200095","pleiades":"200095","precision":"rough","kind":"ancient-footprint","source":"pleiades-polygons"}},{"type":"Feature","geometry":{"type":"Polygon","coordinates":[[[13.0,45.0],[14.0,45.0],[14.0,46.0],[13.0,46.0],[13.0,45.0]]]},"properties":{"name":"Undetermined location","uri":"https://pleiades.stoa.org/places/200083","pleiades":"200083","precision":"rough","kind":"ancient-footprint","source":"pleiades-polygons"}},{"type":"Feature","geometry":{"type":"Polygon","coordinates":[[[14.0,46.0],[15.0,46.0],[15.0,47.0],[14.0,47.0],[14.0,46.0]]]},"properties":{"name":"Undetermined location","uri":"https://pleiades.stoa.org/places/200088","pleiades":"200088","precision":"rough","kind":"ancient-footprint","source":"pleiades-polygons"}},{"type":"Feature","geometry":{"type":"Polygon","coordinates":[[[13.0,44.0],[14.0,44.0],[14.0,45.0],[13.0,45.0],[13.0,44.0]]]},"properties":{"name":"Undetermined location","uri":"https://pleiades.stoa.org/places/200084","pleiades":"200084","precision":"rough","kind":"ancient-footprint","source":"pleiades-polygons"}},{"type":"Feature","geometry":{"type":"Polygon","coordinates":[[[14.0,46.0],[15.0,46.0],[15.0,47.0],[14.0,47.0],[14.0,46.0]]]},"properties":{"name":"Undetermined location","uri":"https://pleiades.stoa.org/places/200092","pleiades":"200092","precision":"rough","kind":"ancient-footprint","source":"pleiades-polygons"}},{"type":"Feature","geometry":{"type":"Polygon","coordinates":[[[14.0,46.0],[15.0,46.0],[15.0,47.0],[14.0,47.0],[14.0,46.0]]]},"properties":{"name":"Undetermined location","uri":"https://pleiades.stoa.org/places/200093","pleiades":"200093","precision":"rough","kind":"ancient-footprint","source":"pleiades-polygons"}},{"type":"Feature","geometry":{"type":"Polygon","coordinates":[[[14.0,47.0],[15.0,47.0],[15.0,48.0],[14.0,48.0],[14.0,47.0]]]},"properties":{"name":"Undetermined location","uri":"https://pleiades.stoa.org/places/200085","pleiades":"200085","precision":"rough","kind":"ancient-footprint","source":"pleiades-polygons"}},{"type":"Feature","geometry":{"type":"Polygon","coordinates":[[[14.0,46.0],[15.0,46.0],[15.0,47.0],[14.0,47.0],[14.0,46.0]]]},"properties":{"name":"Undetermined location","uri":"https://pleiades.stoa.org/places/200089","pleiades":"200089","precision":"rough","kind":"ancient-footprint","source":"pleiades-polygons"}},{"type":"Feature","geometry":{"type":"Polygon","coordinates":[[[16.0,44.0],[17.0,44.0],[17.0,45.0],[16.0,45.0],[16.0,44.0]]]},"properties":{"name":"Undetermined location","uri":"https://pleiades.stoa.org/places/200100","pleiades":"200100","precision":"rough","kind":"ancient-footprint","source":"pleiades-polygons"}},{"type":"Feature","geometry":{"type":"Polygon","coordinates":[[[16.0,44.0],[17.0,44.0],[17.0,45.0],[16.0,45.0],[16.0,44.0]]]},"properties":{"name":"Undetermined location","uri":"https://pleiades.stoa.org/places/200101","pleiades":"200101","precision":"rough","kind":"ancient-footprint","source":"pleiades-polygons"}},{"type":"Feature","geometry":{"type":"Polygon","coordinates":[[[17.0,44.0],[18.0,44.0],[18.0,45.0],[17.0,45.0],[17.0,44.0]]]},"properties":{"name":"Undetermined location","uri":"https://pleiades.stoa.org/places/200106","pleiades":"200106","precision":"rough","kind":"ancient-footprint","source":"pleiades-polygons"}},{"type":"Feature","geometry":{"type":"Polygon","coordinates":[[[17.0,44.0],[18.0,44.0],[18.0,45.0],[17.0,45.0],[17.0,44.0]]]},"properties":{"name":"Undetermined location","uri":"https://pleiades.stoa.org/places/200110","pleiades":"200110","precision":"rough","kind":"ancient-footprint","source":"pleiades-polygons"}},{"type":"Feature","geometry":{"type":"Polygon","coordinates":[[[18.0,43.0],[19.0,43.0],[19.0,44.0],[18.0,44.0],[18.0,43.0]]]},"properties":{"name":"Undetermined location","uri":"https://pleiades.stoa.org/places/200111","pleiades":"200111","precision":"rough","kind":"ancient-footprint","source":"pleiades-polygons"}},{"type":"Feature","geometry":{"type":"Polygon","coordinates":[[[17.0,44.0],[18.0,44.0],[18.0,45.0],[17.0,45.0],[17.0,44.0]]]},"properties":{"name":"Undetermined location","uri":"https://pleiades.stoa.org/places/200107","pleiades":"200107","precision":"rough","kind":"ancient-footprint","source":"pleiades-polygons"}},{"type":"Feature","geometry":{"type":"Polygon","coordinates":[[[18.0,43.0],[19.0,43.0],[19.0,44.0],[18.0,44.0],[18.0,43.0]]]},"properties":{"name":"Undetermined location","uri":"https://pleiades.stoa.org/places/200112","pleiades":"200112","precision":"rough","kind":"ancient-footprint","source":"pleiades-polygons"}},{"type":"Feature","geometry":{"type":"Polygon","coordinates":[[[16.0,43.0],[17.0,43.0],[17.0,44.0],[16.0,44.0],[16.0,43.0]]]},"properties":{"name":"Undetermined location","uri":"https://pleiades.stoa.org/places/200104","pleiades":"200104","precision":"rough","kind":"ancient-footprint","source":"pleiades-polygons"}},{"type":"Feature","geometry":{"type":"Polygon","coordinates":[[[17.0,44.0],[18.0,44.0],[18.0,45.0],[17.0,45.0],[17.0,44.0]]]},"properties":{"name":"Undetermined location","uri":"https://pleiades.stoa.org/places/200108","pleiades":"200108","precision":"rough","kind":"ancient-footprint","source":"pleiades-polygons"}},{"type":"Feature","geometry":{"type":"Polygon","coordinates":[[[17.0,44.0],[18.0,44.0],[18.0,45.0],[17.0,45.0],[17.0,44.0]]]},"properties":{"name":"Undetermined location","uri":"https://pleiades.stoa.org/places/200109","pleiades":"200109","precision":"rough","kind":"ancient-footprint","source":"pleiades-polygons"}},{"type":"Feature","geometry":{"type":"Polygon","coordinates":[[[17.0,44.0],[18.0,44.0],[18.0,45.0],[17.0,45.0],[17.0,44.0]]]},"properties":{"name":"Undetermined location","uri":"https://pleiades.stoa.org/places/200105","pleiades":"200105","precision":"rough","kind":"ancient-footprint","source":"pleiades-polygons"}},{"type":"Feature","geometry":{"type":"Polygon","coordinates":[[[18.0,43.0],[19.0,43.0],[19.0,44.0],[18.0,44.0],[18.0,43.0]]]},"properties":{"name":"Undetermined location","uri":"https://pleiades.stoa.org/places/200113","pleiades":"200113","precision":"rough","kind":"ancient-footprint","source":"pleiades-polygons"}},{"type":"Feature","geometry":{"type":"Polygon","coordinates":[[[16.0,44.0],[17.0,44.0],[17.0,45.0],[16.0,45.0],[16.0,44.0]]]},"properties":{"name":"Undetermined location","uri":"https://pleiades.stoa.org/places/200102","pleiades":"200102","precision":"rough","kind":"ancient-footprint","source":"pleiades-polygons"}},{"type":"Feature","geometry":{"type":"Polygon","coordinates":[[[16.0,44.0],[17.0,44.0],[17.0,45.0],[16.0,45.0],[16.0,44.0]]]},"properties":{"name":"Undetermined location","uri":"https://pleiades.stoa.org/places/200103","pleiades":"200103","precision":"rough","kind":"ancient-footprint","source":"pleiades-polygons"}},{"type":"Feature","geometry":{"type":"Polygon","coordinates":[[[18.0,47.0],[19.0,47.0],[19.0,48.0],[18.0,48.0],[18.0,47.0]]]},"properties":{"name":"Undetermined location","uri":"https://pleiades.stoa.org/places/207062","pleiades":"207062","precision":"rough","kind":"ancient-footprint","source":"pleiades-polygons"}},{"type":"Feature","geometry":{"type":"Polygon","coordinates":[[[18.0,45.0],[19.0,45.0],[19.0,46.0],[18.0,46.0],[18.0,45.0]]]},"properties":{"name":"Undetermined location","uri":"https://pleiades.stoa.org/places/207627","pleiades":"207627","precision":"rough","kind":"ancient-footprint","source":"pleiades-polygons"}},{"type":"Feature","geometry":{"type":"Polygon","coordinates":[[[18.0,47.0],[19.0,47.0],[19.0,48.0],[18.0,48.0],[18.0,47.0]]]},"properties":{"name":"Undetermined location","uri":"https://pleiades.stoa.org/places/207157","pleiades":"207157","precision":"rough","kind":"ancient-footprint","source":"pleiades-polygons"}},{"type":"Feature","geometry":{"type":"Polygon","coordinates":[[[18.0,45.0],[19.0,45.0],[19.0,46.0],[18.0,46.0],[18.0,45.0]]]},"properties":{"name":"Undetermined location","uri":"https://pleiades.stoa.org/places/207282","pleiades":"207282","precision":"rough","kind":"ancient-footprint","source":"pleiades-polygons"}},{"type":"Feature","geometry":{"type":"Polygon","coordinates":[[[18.0,42.0],[25.0,42.0],[25.0,49.0],[18.0,49.0],[18.0,42.0]]]},"properties":{"name":"Undetermined location","uri":"https://pleiades.stoa.org/places/210730","pleiades":"210730","precision":"rough","kind":"ancient-footprint","source":"pleiades-polygons"}},{"type":"Feature","geometry":{"type":"Polygon","coordinates":[[[18.0,42.0],[25.0,42.0],[25.0,49.0],[18.0,49.0],[18.0,42.0]]]},"properties":{"name":"Undetermined location","uri":"https://pleiades.stoa.org/places/210726","pleiades":"210726","precision":"rough","kind":"ancient-footprint","source":"pleiades-polygons"}},{"type":"Feature","geometry":{"type":"Polygon","coordinates":[[[18.0,42.0],[25.0,42.0],[25.0,49.0],[18.0,49.0],[18.0,42.0]]]},"properties":{"name":"Undetermined location","uri":"https://pleiades.stoa.org/places/210706","pleiades":"210706","precision":"rough","kind":"ancient-footprint","source":"pleiades-polygons"}},{"type":"Feature","geometry":{"type":"Polygon","coordinates":[[[18.0,42.0],[25.0,42.0],[25.0,49.0],[18.0,49.0],[18.0,42.0]]]},"properties":{"name":"Undetermined location","uri":"https://pleiades.stoa.org/places/210751","pleiades":"210751","precision":"rough","kind":"ancient-footprint","source":"pleiades-polygons"}},{"type":"Feature","geometry":{"type":"Polygon","coordinates":[[[18.0,42.0],[25.0,42.0],[25.0,49.0],[18.0,49.0],[18.0,42.0]]]},"properties":{"name":"Undetermined location","uri":"https://pleiades.stoa.org/places/210747","pleiades":"210747","precision":"rough","kind":"ancient-footprint","source":"pleiades-polygons"}},{"type":"Feature","geometry":{"type":"Polygon","coordinates":[[[18.0,42.0],[25.0,42.0],[25.0,49.0],[18.0,49.0],[18.0,42.0]]]},"properties":{"name":"Undetermined location","uri":"https://pleiades.stoa.org/places/210710","pleiades":"210710","precision":"rough","kind":"ancient-footprint","source":"pleiades-polygons"}},{"type":"Feature","geometry":{"type":"Polygon","coordinates":[[[18.0,42.0],[25.0,42.0],[25.0,49.0],[18.0,49.0],[18.0,42.0]]]},"properties":{"name":"Undetermined location","uri":"https://pleiades.stoa.org/places/210711","pleiades":"210711","precision":"rough","kind":"ancient-footprint","source":"pleiades-polygons"}},{"type":"Feature","geometry":{"type":"Polygon","coordinates":[[[18.0,42.0],[25.0,42.0],[25.0,49.0],[18.0,49.0],[18.0,42.0]]]},"properties":{"name":"Undetermined location","uri":"https://pleiades.stoa.org/places/210746","pleiades":"210746","precision":"rough","kind":"ancient-footprint","source":"pleiades-polygons"}},{"type":"Feature","geometry":{"type":"Polygon","coordinates":[[[18.0,42.0],[25.0,42.0],[25.0,49.0],[18.0,49.0],[18.0,42.0]]]},"properties":{"name":"Undetermined location","uri":"https://pleiades.stoa.org/places/210750","pleiades":"210750","precision":"rough","kind":"ancient-footprint","source":"pleiades-polygons"}},{"type":"Feature","geometry":{"type":"Polygon","coordinates":[[[18.0,42.0],[25.0,42.0],[25.0,49.0],[18.0,49.0],[18.0,42.0]]]},"properties":{"name":"Undetermined location","uri":"https://pleiades.stoa.org/places/210707","pleiades":"210707","precision":"rough","kind":"ancient-footprint","source":"pleiades-polygons"}},{"type":"Feature","geometry":{"type":"Polygon","coordinates":[[[18.0,42.0],[25.0,42.0],[25.0,49.0],[18.0,49.0],[18.0,42.0]]]},"properties":{"name":"Undetermined location","uri":"https://pleiades.stoa.org/places/210727","pleiades":"210727","precision":"rough","kind":"ancient-footprint","source":"pleiades-polygons"}},{"type":"Feature","geometry":{"type":"Polygon","coordinates":[[[18.0,42.0],[25.0,42.0],[25.0,49.0],[18.0,49.0],[18.0,42.0]]]},"properties":{"name":"Undetermined location","uri":"https://pleiades.stoa.org/places/210731","pleiades":"210731","precision":"rough","kind":"ancient-footprint","source":"pleiades-polygons"}},{"type":"Feature","geometry":{"type":"Polygon","coordinates":[[[18.0,42.0],[25.0,42.0],[25.0,49.0],[18.0,49.0],[18.0,42.0]]]},"properties":{"name":"Undetermined location","uri":"https://pleiades.stoa.org/places/210700","pleiades":"210700","precision":"rough","kind":"ancient-footprint","source":"pleiades-polygons"}},{"type":"Feature","geometry":{"type":"Polygon","coordinates":[[[18.0,42.0],[25.0,42.0],[25.0,49.0],[18.0,49.0],[18.0,42.0]]]},"properties":{"name":"Undetermined location","uri":"https://pleiades.stoa.org/places/210741","pleiades":"210741","precision":"rough","kind":"ancient-footprint","source":"pleiades-polygons"}},{"type":"Feature","geometry":{"type":"Polygon","coordinates":[[[18.0,42.0],[25.0,42.0],[25.0,49.0],[18.0,49.0],[18.0,42.0]]]},"properties":{"name":"Undetermined location","uri":"https://pleiades.stoa.org/places/210716","pleiades":"210716","precision":"rough","kind":"ancient-footprint","source":"pleiades-polygons"}},{"type":"Feature","geometry":{"type":"Polygon","coordinates":[[[18.0,42.0],[25.0,42.0],[25.0,49.0],[18.0,49.0],[18.0,42.0]]]},"properties":{"name":"Undetermined location","uri":"https://pleiades.stoa.org/places/210736","pleiades":"210736","precision":"rough","kind":"ancient-footprint","source":"pleiades-polygons"}},{"type":"Feature","geometry":{"type":"Polygon","coordinates":[[[18.0,42.0],[25.0,42.0],[25.0,49.0],[18.0,49.0],[18.0,42.0]]]},"properties":{"name":"Undetermined location","uri":"https://pleiades.stoa.org/places/210720","pleiades":"210720","precision":"rough","kind":"ancient-footprint","source":"pleiades-polygons"}},{"type":"Feature","geometry":{"type":"Polygon","coordinates":[[[18.0,42.0],[25.0,42.0],[25.0,49.0],[18.0,49.0],[18.0,42.0]]]},"properties":{"name":"Undetermined location","uri":"https://pleiades.stoa.org/places/210721","pleiades":"210721","precision":"rough","kind":"ancient-footprint","source":"pleiades-polygons"}},{"type":"Feature","geometry":{"type":"Polygon","coordinates":[[[18.0,42.0],[25.0,42.0],[25.0,49.0],[18.0,49.0],[18.0,42.0]]]},"properties":{"name":"Undetermined location","uri":"https://pleiades.stoa.org/places/210737","pleiades":"210737","precision":"rough","kind":"ancient-footprint","source":"pleiades-polygons"}},{"type":"Feature","geometry":{"type":"Polygon","coordinates":[[[18.0,42.0],[25.0,42.0],[25.0,49.0],[18.0,49.0],[18.0,42.0]]]},"properties":{"name":"Undetermined location","uri":"https://pleiades.stoa.org/places/210717","pleiades":"210717","precision":"rough","kind":"ancient-footprint","source":"pleiades-polygons"}},{"type":"Feature","geometry":{"type":"Polygon","coordinates":[[[18.0,42.0],[25.0,42.0],[25.0,49.0],[18.0,49.0],[18.0,42.0]]]},"properties":{"name":"Undetermined location","uri":"https://pleiades.stoa.org/places/210740","pleiades":"210740","precision":"rough","kind":"ancient-footprint","source":"pleiades-polygons"}},{"type":"Feature","geometry":{"type":"Polygon","coordinates":[[[18.0,42.0],[25.0,42.0],[25.0,49.0],[18.0,49.0],[18.0,42.0]]]},"properties":{"name":"Undetermined location","uri":"https://pleiades.stoa.org/places/210701","pleiades":"210701","precision":"rough","kind":"ancient-footprint","source":"pleiades-polygons"}},{"type":"Feature","geometry":{"type":"Polygon","coordinates":[[[18.0,42.0],[25.0,42.0],[25.0,49.0],[18.0,49.0],[18.0,42.0]]]},"properties":{"name":"Undetermined location","uri":"https://pleiades.stoa.org/places/210714","pleiades":"210714","precision":"rough","kind":"ancient-footprint","source":"pleiades-polygons"}},{"type":"Feature","geometry":{"type":"Polygon","coordinates":[[[18.0,42.0],[25.0,42.0],[25.0,49.0],[18.0,49.0],[18.0,42.0]]]},"properties":{"name":"Undetermined location","uri":"https://pleiades.stoa.org/places/210743","pleiades":"210743","precision":"rough","kind":"ancient-footprint","source":"pleiades-polygons"}},{"type":"Feature","geometry":{"type":"Polygon","coordinates":[[[18.0,42.0],[25.0,42.0],[25.0,49.0],[18.0,49.0],[18.0,42.0]]]},"properties":{"name":"Undetermined location","uri":"https://pleiades.stoa.org/places/210702","pleiades":"210702","precision":"rough","kind":"ancient-footprint","source":"pleiades-polygons"}},{"type":"Feature","geometry":{"type":"Polygon","coordinates":[[[18.0,42.0],[25.0,42.0],[25.0,49.0],[18.0,49.0],[18.0,42.0]]]},"properties":{"name":"Undetermined location","uri":"https://pleiades.stoa.org/places/210738","pleiades":"210738","precision":"rough","kind":"ancient-footprint","source":"pleiades-polygons"}},{"type":"Feature","geometry":{"type":"Polygon","coordinates":[[[18.0,42.0],[25.0,42.0],[25.0,49.0],[18.0,49.0],[18.0,42.0]]]},"properties":{"name":"Undetermined location","uri":"https://pleiades.stoa.org/places/210718","pleiades":"210718","precision":"rough","kind":"ancient-footprint","source":"pleiades-polygons"}},{"type":"Feature","geometry":{"type":"Polygon","coordinates":[[[18.0,42.0],[25.0,42.0],[25.0,49.0],[18.0,49.0],[18.0,42.0]]]},"properties":{"name":"Undetermined location","uri":"https://pleiades.stoa.org/places/210722","pleiades":"210722","precision":"rough","kind":"ancient-footprint","source":"pleiades-polygons"}},{"type":"Feature","geometry":{"type":"Polygon","coordinates":[[[18.0,42.0],[25.0,42.0],[25.0,49.0],[18.0,49.0],[18.0,42.0]]]},"properties":{"name":"Undetermined location","uri":"https://pleiades.stoa.org/places/210734","pleiades":"210734","precision":"rough","kind":"ancient-footprint","source":"pleiades-polygons"}},{"type":"Feature","geometry":{"type":"Polygon","coordinates":[[[18.0,42.0],[25.0,42.0],[25.0,49.0],[18.0,49.0],[18.0,42.0]]]},"properties":{"name":"Undetermined location","uri":"https://pleiades.stoa.org/places/210735","pleiades":"210735","precision":"rough","kind":"ancient-footprint","source":"pleiades-polygons"}},{"type":"Feature","geometry":{"type":"Polygon","coordinates":[[[18.0,42.0],[25.0,42.0],[25.0,49.0],[18.0,49.0],[18.0,42.0]]]},"properties":{"name":"Undetermined location","uri":"https://pleiades.stoa.org/places/210723","pleiades":"210723","precision":"rough","kind":"ancient-footprint","source":"pleiades-polygons"}},{"type":"Feature","geometry":{"type":"Polygon","coordinates":[[[18.0,42.0],[25.0,42.0],[25.0,49.0],[18.0,49.0],[18.0,42.0]]]},"properties":{"name":"Undetermined location","uri":"https://pleiades.stoa.org/places/210719","pleiades":"210719","precision":"rough","kind":"ancient-footprint","source":"pleiades-polygons"}},{"type":"Feature","geometry":{"type":"Polygon","coordinates":[[[18.0,42.0],[25.0,42.0],[25.0,49.0],[18.0,49.0],[18.0,42.0]]]},"properties":{"name":"Undetermined location","uri":"https://pleiades.stoa.org/places/210739","pleiades":"210739","precision":"rough","kind":"ancient-footprint","source":"pleiades-polygons"}},{"type":"Feature","geometry":{"type":"Polygon","coordinates":[[[18.0,42.0],[25.0,42.0],[25.0,49.0],[18.0,49.0],[18.0,42.0]]]},"properties":{"name":"Undetermined location","uri":"https://pleiades.stoa.org/places/210703","pleiades":"210703","precision":"rough","kind":"ancient-footprint","source":"pleiades-polygons"}},{"type":"Feature","geometry":{"type":"Polygon","coordinates":[[[18.0,42.0],[25.0,42.0],[25.0,49.0],[18.0,49.0],[18.0,42.0]]]},"properties":{"name":"Undetermined location","uri":"https://pleiades.stoa.org/places/210742","pleiades":"210742","precision":"rough","kind":"ancient-footprint","source":"pleiades-polygons"}},{"type":"Feature","geometry":{"type":"Polygon","coordinates":[[[18.0,42.0],[25.0,42.0],[25.0,49.0],[18.0,49.0],[18.0,42.0]]]},"properties":{"name":"Undetermined location","uri":"https://pleiades.stoa.org/places/210715","pleiades":"210715","precision":"rough","kind":"ancient-footprint","source":"pleiades-polygons"}},{"type":"Feature","geometry":{"type":"Polygon","coordinates":[[[18.0,42.0],[25.0,42.0],[25.0,49.0],[18.0,49.0],[18.0,42.0]]]},"properties":{"name":"Undetermined location","uri":"https://pleiades.stoa.org/places/210749","pleiades":"210749","precision":"rough","kind":"ancient-footprint","source":"pleiades-polygons"}},{"type":"Feature","geometry":{"type":"Polygon","coordinates":[[[18.0,42.0],[25.0,42.0],[25.0,49.0],[18.0,49.0],[18.0,42.0]]]},"properties":{"name":"Undetermined location","uri":"https://pleiades.stoa.org/places/210724","pleiades":"210724","precision":"rough","kind":"ancient-footprint","source":"pleiades-polygons"}},{"type":"Feature","geometry":{"type":"Polygon","coordinates":[[[18.0,42.0],[25.0,42.0],[25.0,49.0],[18.0,49.0],[18.0,42.0]]]},"properties":{"name":"Undetermined location","uri":"https://pleiades.stoa.org/places/210732","pleiades":"210732","precision":"rough","kind":"ancient-footprint","source":"pleiades-polygons"}},{"type":"Feature","geometry":{"type":"Polygon","coordinates":[[[18.0,42.0],[25.0,42.0],[25.0,49.0],[18.0,49.0],[18.0,42.0]]]},"properties":{"name":"Undetermined location","uri":"https://pleiades.stoa.org/places/210712","pleiades":"210712","precision":"rough","kind":"ancient-footprint","source":"pleiades-polygons"}},{"type":"Feature","geometry":{"type":"Polygon","coordinates":[[[18.0,42.0],[25.0,42.0],[25.0,49.0],[18.0,49.0],[18.0,42.0]]]},"properties":{"name":"Undetermined location","uri":"https://pleiades.stoa.org/places/210745","pleiades":"210745","precision":"rough","kind":"ancient-footprint","source":"pleiades-polygons"}},{"type":"Feature","geometry":{"type":"Polygon","coordinates":[[[18.0,42.0],[25.0,42.0],[25.0,49.0],[18.0,49.0],[18.0,42.0]]]},"properties":{"name":"Undetermined location","uri":"https://pleiades.stoa.org/places/210704","pleiades":"210704","precision":"rough","kind":"ancient-footprint","source":"pleiades-polygons"}},{"type":"Feature","geometry":{"type":"Polygon","coordinates":[[[18.0,42.0],[25.0,42.0],[25.0,49.0],[18.0,49.0],[18.0,42.0]]]},"properties":{"name":"Undetermined location","uri":"https://pleiades.stoa.org/places/210728","pleiades":"210728","precision":"rough","kind":"ancient-footprint","source":"pleiades-polygons"}},{"type":"Feature","geometry":{"type":"Polygon","coordinates":[[[18.0,42.0],[25.0,42.0],[25.0,49.0],[18.0,49.0],[18.0,42.0]]]},"properties":{"name":"Undetermined location","uri":"https://pleiades.stoa.org/places/210729","pleiades":"210729","precision":"rough","kind":"ancient-footprint","source":"pleiades-polygons"}},{"type":"Feature","geometry":{"type":"Polygon","coordinates":[[[18.0,42.0],[25.0,42.0],[25.0,49.0],[18.0,49.0],[18.0,42.0]]]},"properties":{"name":"Undetermined location","uri":"https://pleiades.stoa.org/places/210705","pleiades":"210705","precision":"rough","kind":"ancient-footprint","source":"pleiades-polygons"}},{"type":"Feature","geometry":{"type":"Polygon","coordinates":[[[18.0,42.0],[25.0,42.0],[25.0,49.0],[18.0,49.0],[18.0,42.0]]]},"properties":{"name":"Undetermined location","uri":"https://pleiades.stoa.org/places/210744","pleiades":"210744","precision":"rough","kind":"ancient-footprint","source":"pleiades-polygons"}},{"type":"Feature","geometry":{"type":"Polygon","coordinates":[[[18.0,42.0],[25.0,42.0],[25.0,49.0],[18.0,49.0],[18.0,42.0]]]},"properties":{"name":"Undetermined location","uri":"https://pleiades.stoa.org/places/210713","pleiades":"210713","precision":"rough","kind":"ancient-footprint","source":"pleiades-polygons"}},{"type":"Feature","geometry":{"type":"Polygon","coordinates":[[[18.0,42.0],[25.0,42.0],[25.0,49.0],[18.0,49.0],[18.0,42.0]]]},"properties":{"name":"Undetermined location","uri":"https://pleiades.stoa.org/places/210733","pleiades":"210733","precision":"rough","kind":"ancient-footprint","source":"pleiades-polygons"}},{"type":"Feature","geometry":{"type":"Polygon","coordinates":[[[18.0,42.0],[25.0,42.0],[25.0,49.0],[18.0,49.0],[18.0,42.0]]]},"properties":{"name":"Undetermined location","uri":"https://pleiades.stoa.org/places/210725","pleiades":"210725","precision":"rough","kind":"ancient-footprint","source":"pleiades-polygons"}},{"type":"Feature","geometry":{"type":"Polygon","coordinates":[[[18.0,42.0],[25.0,42.0],[25.0,49.0],[18.0,49.0],[18.0,42.0]]]},"properties":{"name":"Undetermined location","uri":"https://pleiades.stoa.org/places/210709","pleiades":"210709","precision":"rough","kind":"ancient-footprint","source":"pleiades-polygons"}},{"type":"Feature","geometry":{"type":"Polygon","coordinates":[[[18.0,42.0],[25.0,42.0],[25.0,49.0],[18.0,49.0],[18.0,42.0]]]},"properties":{"name":"Undetermined location","uri":"https://pleiades.stoa.org/places/210748","pleiades":"210748","precision":"rough","kind":"ancient-footprint","source":"pleiades-polygons"}},{"type":"Feature","geometry":{"type":"Polygon","coordinates":[[[18.0,42.0],[25.0,42.0],[25.0,49.0],[18.0,49.0],[18.0,42.0]]]},"properties":{"name":"Undetermined location","uri":"https://pleiades.stoa.org/places/210675","pleiades":"210675","precision":"rough","kind":"ancient-footprint","source":"pleiades-polygons"}},{"type":"Feature","geometry":{"type":"Polygon","coordinates":[[[18.0,42.0],[25.0,42.0],[25.0,49.0],[18.0,49.0],[18.0,42.0]]]},"properties":{"name":"Undetermined location","uri":"https://pleiades.stoa.org/places/210663","pleiades":"210663","precision":"rough","kind":"ancient-footprint","source":"pleiades-polygons"}},{"type":"Feature","geometry":{"type":"Polygon","coordinates":[[[18.0,42.0],[25.0,42.0],[25.0,49.0],[18.0,49.0],[18.0,42.0]]]},"properties":{"name":"Undetermined location","uri":"https://pleiades.stoa.org/places/210659","pleiades":"210659","precision":"rough","kind":"ancient-footprint","source":"pleiades-polygons"}},{"type":"Feature","geometry":{"type":"Polygon","coordinates":[[[18.0,42.0],[25.0,42.0],[25.0,49.0],[18.0,49.0],[18.0,42.0]]]},"properties":{"name":"Undetermined location","uri":"https://pleiades.stoa.org/places/210679","pleiades":"210679","precision":"rough","kind":"ancient-footprint","source":"pleiades-polygons"}},{"type":"Feature","geometry":{"type":"Polygon","coordinates":[[[18.0,42.0],[25.0,42.0],[25.0,49.0],[18.0,49.0],[18.0,42.0]]]},"properties":{"name":"Undetermined location","uri":"https://pleiades.stoa.org/places/210696","pleiades":"210696","precision":"rough","kind":"ancient-footprint","source":"pleiades-polygons"}},{"type":"Feature","geometry":{"type":"Polygon","coordinates":[[[18.0,42.0],[25.0,42.0],[25.0,49.0],[18.0,49.0],[18.0,42.0]]]},"properties":{"name":"Undetermined location","uri":"https://pleiades.stoa.org/places/210680","pleiades":"210680","precision":"rough","kind":"ancient-footprint","source":"pleiades-polygons"}},{"type":"Feature","geometry":{"type":"Polygon","coordinates":[[[18.0,42.0],[25.0,42.0],[25.0,49.0],[18.0,49.0],[18.0,42.0]]]},"properties":{"name":"Undetermined location","uri":"https://pleiades.stoa.org/places/210655","pleiades":"210655","precision":"rough","kind":"ancient-footprint","source":"pleiades-polygons"}},{"type":"Feature","geometry":{"type":"Polygon","coordinates":[[[18.0,42.0],[25.0,42.0],[25.0,49.0],[18.0,49.0],[18.0,42.0]]]},"properties":{"name":"Undetermined location","uri":"https://pleiades.stoa.org/places/210654","pleiades":"210654","precision":"rough","kind":"ancient-footprint","source":"pleiades-polygons"}},{"type":"Feature","geometry":{"type":"Polygon","coordinates":[[[18.0,42.0],[25.0,42.0],[25.0,49.0],[18.0,49.0],[18.0,42.0]]]},"properties":{"name":"Undetermined location","uri":"https://pleiades.stoa.org/places/210681","pleiades":"210681","precision":"rough","kind":"ancient-footprint","source":"pleiades-polygons"}},{"type":"Feature","geometry":{"type":"Polygon","coordinates":[[[18.0,42.0],[25.0,42.0],[25.0,49.0],[18.0,49.0],[18.0,42.0]]]},"properties":{"name":"Undetermined location","uri":"https://pleiades.stoa.org/places/210678","pleiades":"210678","precision":"rough","kind":"ancient-footprint","source":"pleiades-polygons"}},{"type":"Feature","geometry":{"type":"Polygon","coordinates":[[[18.0,42.0],[25.0,42.0],[25.0,49.0],[18.0,49.0],[18.0,42.0]]]},"properties":{"name":"Undetermined location","uri":"https://pleiades.stoa.org/places/210697","pleiades":"210697","precision":"rough","kind":"ancient-footprint","source":"pleiades-polygons"}},{"type":"Feature","geometry":{"type":"Polygon","coordinates":[[[18.0,42.0],[25.0,42.0],[25.0,49.0],[18.0,49.0],[18.0,42.0]]]},"properties":{"name":"Undetermined location","uri":"https://pleiades.stoa.org/places/210658","pleiades":"210658","precision":"rough","kind":"ancient-footprint","source":"pleiades-polygons"}},{"type":"Feature","geometry":{"type":"Polygon","coordinates":[[[18.0,42.0],[25.0,42.0],[25.0,49.0],[18.0,49.0],[18.0,42.0]]]},"properties":{"name":"Undetermined location","uri":"https://pleiades.stoa.org/places/210662","pleiades":"210662","precision":"rough","kind":"ancient-footprint","source":"pleiades-polygons"}},{"type":"Feature","geometry":{"type":"Polygon","coordinates":[[[18.0,42.0],[25.0,42.0],[25.0,49.0],[18.0,49.0],[18.0,42.0]]]},"properties":{"name":"Undetermined location","uri":"https://pleiades.stoa.org/places/210674","pleiades":"210674","precision":"rough","kind":"ancient-footprint","source":"pleiades-polygons"}},{"type":"Feature","geometry":{"type":"Polygon","coordinates":[[[18.0,42.0],[25.0,42.0],[25.0,49.0],[18.0,49.0],[18.0,42.0]]]},"properties":{"name":"Undetermined location","uri":"https://pleiades.stoa.org/places/210690","pleiades":"210690","precision":"rough","kind":"ancient-footprint","source":"pleiades-polygons"}},{"type":"Feature","geometry":{"type":"Polygon","coordinates":[[[18.0,42.0],[25.0,42.0],[25.0,49.0],[18.0,49.0],[18.0,42.0]]]},"properties":{"name":"Undetermined location","uri":"https://pleiades.stoa.org/places/210669","pleiades":"210669","precision":"rough","kind":"ancient-footprint","source":"pleiades-polygons"}},{"type":"Feature","geometry":{"type":"Polygon","coordinates":[[[18.0,42.0],[25.0,42.0],[25.0,49.0],[18.0,49.0],[18.0,42.0]]]},"properties":{"name":"Undetermined location","uri":"https://pleiades.stoa.org/places/210686","pleiades":"210686","precision":"rough","kind":"ancient-footprint","source":"pleiades-polygons"}},{"type":"Feature","geometry":{"type":"Polygon","coordinates":[[[18.0,42.0],[25.0,42.0],[25.0,49.0],[18.0,49.0],[18.0,42.0]]]},"properties":{"name":"Undetermined location","uri":"https://pleiades.stoa.org/places/210653","pleiades":"210653","precision":"rough","kind":"ancient-footprint","source":"pleiades-polygons"}},{"type":"Feature","geometry":{"type":"Polygon","coordinates":[[[18.0,42.0],[25.0,42.0],[25.0,49.0],[18.0,49.0],[18.0,42.0]]]},"properties":{"name":"Undetermined location","uri":"https://pleiades.stoa.org/places/210673","pleiades":"210673","precision":"rough","kind":"ancient-footprint","source":"pleiades-polygons"}},{"type":"Feature","geometry":{"type":"Polygon","coordinates":[[[18.0,42.0],[25.0,42.0],[25.0,49.0],[18.0,49.0],[18.0,42.0]]]},"properties":{"name":"Undetermined location","uri":"https://pleiades.stoa.org/places/210665","pleiades":"210665","precision":"rough","kind":"ancient-footprint","source":"pleiades-polygons"}},{"type":"Feature","geometry":{"type":"Polygon","coordinates":[[[18.0,42.0],[25.0,42.0],[25.0,49.0],[18.0,49.0],[18.0,42.0]]]},"properties":{"name":"Undetermined location","uri":"https://pleiades.stoa.org/places/210649","pleiades":"210649","precision":"rough","kind":"ancient-footprint","source":"pleiades-polygons"}},{"type":"Feature","geometry":{"type":"Polygon","coordinates":[[[18.0,42.0],[25.0,42.0],[25.0,49.0],[18.0,49.0],[18.0,42.0]]]},"properties":{"name":"Undetermined location","uri":"https://pleiades.stoa.org/places/210648","pleiades":"210648","precision":"rough","kind":"ancient-footprint","source":"pleiades-polygons"}},{"type":"Feature","geometry":{"type":"Polygon","coordinates":[[[18.0,42.0],[25.0,42.0],[25.0,49.0],[18.0,49.0],[18.0,42.0]]]},"properties":{"name":"Undetermined location","uri":"https://pleiades.stoa.org/places/210664","pleiades":"210664","precision":"rough","kind":"ancient-footprint","source":"pleiades-polygons"}},{"type":"Feature","geometry":{"type":"Polygon","coordinates":[[[18.0,42.0],[25.0,42.0],[25.0,49.0],[18.0,49.0],[18.0,42.0]]]},"properties":{"name":"Undetermined location","uri":"https://pleiades.stoa.org/places/210672","pleiades":"210672","precision":"rough","kind":"ancient-footprint","source":"pleiades-polygons"}},{"type":"Feature","geometry":{"type":"Polygon","coordinates":[[[18.0,42.0],[25.0,42.0],[25.0,49.0],[18.0,49.0],[18.0,42.0]]]},"properties":{"name":"Undetermined location","uri":"https://pleiades.stoa.org/places/210652","pleiades":"210652","precision":"rough","kind":"ancient-footprint","source":"pleiades-polygons"}},{"type":"Feature","geometry":{"type":"Polygon","coordinates":[[[18.0,42.0],[25.0,42.0],[25.0,49.0],[18.0,49.0],[18.0,42.0]]]},"properties":{"name":"Undetermined location","uri":"https://pleiades.stoa.org/places/210668","pleiades":"210668","precision":"rough","kind":"ancient-footprint","source":"pleiades-polygons"}},{"type":"Feature","geometry":{"type":"Polygon","coordinates":[[[18.0,42.0],[25.0,42.0],[25.0,49.0],[18.0,49.0],[18.0,42.0]]]},"properties":{"name":"Undetermined location","uri":"https://pleiades.stoa.org/places/210687","pleiades":"210687","precision":"rough","kind":"ancient-footprint","source":"pleiades-polygons"}},{"type":"Feature","geometry":{"type":"Polygon","coordinates":[[[18.0,42.0],[25.0,42.0],[25.0,49.0],[18.0,49.0],[18.0,42.0]]]},"properties":{"name":"Undetermined location","uri":"https://pleiades.stoa.org/places/210691","pleiades":"210691","precision":"rough","kind":"ancient-footprint","source":"pleiades-polygons"}},{"type":"Feature","geometry":{"type":"Polygon","coordinates":[[[18.0,42.0],[25.0,42.0],[25.0,49.0],[18.0,49.0],[18.0,42.0]]]},"properties":{"name":"Undetermined location","uri":"https://pleiades.stoa.org/places/210651","pleiades":"210651","precision":"rough","kind":"ancient-footprint","source":"pleiades-polygons"}},{"type":"Feature","geometry":{"type":"Polygon","coordinates":[[[18.0,42.0],[25.0,42.0],[25.0,49.0],[18.0,49.0],[18.0,42.0]]]},"properties":{"name":"Undetermined location","uri":"https://pleiades.stoa.org/places/210647","pleiades":"210647","precision":"rough","kind":"ancient-footprint","source":"pleiades-polygons"}},{"type":"Feature","geometry":{"type":"Polygon","coordinates":[[[18.0,42.0],[25.0,42.0],[25.0,49.0],[18.0,49.0],[18.0,42.0]]]},"properties":{"name":"Undetermined location","uri":"https://pleiades.stoa.org/places/210684","pleiades":"210684","precision":"rough","kind":"ancient-footprint","source":"pleiades-polygons"}},{"type":"Feature","geometry":{"type":"Polygon","coordinates":[[[18.0,42.0],[25.0,42.0],[25.0,49.0],[18.0,49.0],[18.0,42.0]]]},"properties":{"name":"Undetermined location","uri":"https://pleiades.stoa.org/places/210692","pleiades":"210692","precision":"rough","kind":"ancient-footprint","source":"pleiades-polygons"}},{"type":"Feature","geometry":{"type":"Polygon","coordinates":[[[18.0,42.0],[25.0,42.0],[25.0,49.0],[18.0,49.0],[18.0,42.0]]]},"properties":{"name":"Undetermined location","uri":"https://pleiades.stoa.org/places/210688","pleiades":"210688","precision":"rough","kind":"ancient-footprint","source":"pleiades-polygons"}},{"type":"Feature","geometry":{"type":"Polygon","coordinates":[[[18.0,42.0],[25.0,42.0],[25.0,49.0],[18.0,49.0],[18.0,42.0]]]},"properties":{"name":"Undetermined location","uri":"https://pleiades.stoa.org/places/210667","pleiades":"210667","precision":"rough","kind":"ancient-footprint","source":"pleiades-polygons"}},{"type":"Feature","geometry":{"type":"Polygon","coordinates":[[[18.0,42.0],[25.0,42.0],[25.0,49.0],[18.0,49.0],[18.0,42.0]]]},"properties":{"name":"Undetermined location","uri":"https://pleiades.stoa.org/places/210671","pleiades":"210671","precision":"rough","kind":"ancient-footprint","source":"pleiades-polygons"}},{"type":"Feature","geometry":{"type":"Polygon","coordinates":[[[18.0,42.0],[25.0,42.0],[25.0,49.0],[18.0,49.0],[18.0,42.0]]]},"properties":{"name":"Undetermined location","uri":"https://pleiades.stoa.org/places/210670","pleiades":"210670","precision":"rough","kind":"ancient-footprint","source":"pleiades-polygons"}},{"type":"Feature","geometry":{"type":"Polygon","coordinates":[[[18.0,42.0],[25.0,42.0],[25.0,49.0],[18.0,49.0],[18.0,42.0]]]},"properties":{"name":"Undetermined location","uri":"https://pleiades.stoa.org/places/210689","pleiades":"210689","precision":"rough","kind":"ancient-footprint","source":"pleiades-polygons"}},{"type":"Feature","geometry":{"type":"Polygon","coordinates":[[[18.0,42.0],[25.0,42.0],[25.0,49.0],[18.0,49.0],[18.0,42.0]]]},"properties":{"name":"Undetermined location","uri":"https://pleiades.stoa.org/places/210693","pleiades":"210693","precision":"rough","kind":"ancient-footprint","source":"pleiades-polygons"}},{"type":"Feature","geometry":{"type":"Polygon","coordinates":[[[18.0,42.0],[25.0,42.0],[25.0,49.0],[18.0,49.0],[18.0,42.0]]]},"properties":{"name":"Undetermined location","uri":"https://pleiades.stoa.org/places/210685","pleiades":"210685","precision":"rough","kind":"ancient-footprint","source":"pleiades-polygons"}},{"type":"Feature","geometry":{"type":"Polygon","coordinates":[[[18.0,42.0],[25.0,42.0],[25.0,49.0],[18.0,49.0],[18.0,42.0]]]},"properties":{"name":"Undetermined location","uri":"https://pleiades.stoa.org/places/210650","pleiades":"210650","precision":"rough","kind":"ancient-footprint","source":"pleiades-polygons"}},{"type":"Feature","geometry":{"type":"Polygon","coordinates":[[[18.0,42.0],[25.0,42.0],[25.0,49.0],[18.0,49.0],[18.0,42.0]]]},"properties":{"name":"Undetermined location","uri":"https://pleiades.stoa.org/places/210661","pleiades":"210661","precision":"rough","kind":"ancient-footprint","source":"pleiades-polygons"}},{"type":"Feature","geometry":{"type":"Polygon","coordinates":[[[18.0,42.0],[25.0,42.0],[25.0,49.0],[18.0,49.0],[18.0,42.0]]]},"properties":{"name":"Undetermined location","uri":"https://pleiades.stoa.org/places/210698","pleiades":"210698","precision":"rough","kind":"ancient-footprint","source":"pleiades-polygons"}},{"type":"Feature","geometry":{"type":"Polygon","coordinates":[[[18.0,42.0],[25.0,42.0],[25.0,49.0],[18.0,49.0],[18.0,42.0]]]},"properties":{"name":"Undetermined location","uri":"https://pleiades.stoa.org/places/210677","pleiades":"210677","precision":"rough","kind":"ancient-footprint","source":"pleiades-polygons"}},{"type":"Feature","geometry":{"type":"Polygon","coordinates":[[[18.0,42.0],[25.0,42.0],[25.0,49.0],[18.0,49.0],[18.0,42.0]]]},"properties":{"name":"Undetermined location","uri":"https://pleiades.stoa.org/places/210657","pleiades":"210657","precision":"rough","kind":"ancient-footprint","source":"pleiades-polygons"}},{"type":"Feature","geometry":{"type":"Polygon","coordinates":[[[18.0,42.0],[25.0,42.0],[25.0,49.0],[18.0,49.0],[18.0,42.0]]]},"properties":{"name":"Undetermined location","uri":"https://pleiades.stoa.org/places/210682","pleiades":"210682","precision":"rough","kind":"ancient-footprint","source":"pleiades-polygons"}},{"type":"Feature","geometry":{"type":"Polygon","coordinates":[[[18.0,42.0],[25.0,42.0],[25.0,49.0],[18.0,49.0],[18.0,42.0]]]},"properties":{"name":"Undetermined location","uri":"https://pleiades.stoa.org/places/210694","pleiades":"210694","precision":"rough","kind":"ancient-footprint","source":"pleiades-polygons"}},{"type":"Feature","geometry":{"type":"Polygon","coordinates":[[[18.0,42.0],[25.0,42.0],[25.0,49.0],[18.0,49.0],[18.0,42.0]]]},"properties":{"name":"Undetermined location","uri":"https://pleiades.stoa.org/places/210695","pleiades":"210695","precision":"rough","kind":"ancient-footprint","source":"pleiades-polygons"}},{"type":"Feature","geometry":{"type":"Polygon","coordinates":[[[18.0,42.0],[25.0,42.0],[25.0,49.0],[18.0,49.0],[18.0,42.0]]]},"properties":{"name":"Undetermined location","uri":"https://pleiades.stoa.org/places/210683","pleiades":"210683","precision":"rough","kind":"ancient-footprint","source":"pleiades-polygons"}},{"type":"Feature","geometry":{"type":"Polygon","coordinates":[[[18.0,42.0],[25.0,42.0],[25.0,49.0],[18.0,49.0],[18.0,42.0]]]},"properties":{"name":"Undetermined location","uri":"https://pleiades.stoa.org/places/210656","pleiades":"210656","precision":"rough","kind":"ancient-footprint","source":"pleiades-polygons"}},{"type":"Feature","geometry":{"type":"Polygon","coordinates":[[[18.0,42.0],[25.0,42.0],[25.0,49.0],[18.0,49.0],[18.0,42.0]]]},"properties":{"name":"Undetermined location","uri":"https://pleiades.stoa.org/places/210699","pleiades":"210699","precision":"rough","kind":"ancient-footprint","source":"pleiades-polygons"}},{"type":"Feature","geometry":{"type":"Polygon","coordinates":[[[18.0,42.0],[25.0,42.0],[25.0,49.0],[18.0,49.0],[18.0,42.0]]]},"properties":{"name":"Undetermined location","uri":"https://pleiades.stoa.org/places/210676","pleiades":"210676","precision":"rough","kind":"ancient-footprint","source":"pleiades-polygons"}},{"type":"Feature","geometry":{"type":"Polygon","coordinates":[[[18.0,42.0],[25.0,42.0],[25.0,49.0],[18.0,49.0],[18.0,42.0]]]},"properties":{"name":"Undetermined location","uri":"https://pleiades.stoa.org/places/210660","pleiades":"210660","precision":"rough","kind":"ancient-footprint","source":"pleiades-polygons"}},{"type":"Feature","geometry":{"type":"Polygon","coordinates":[[[7.20151,43.64178],[8.12437,43.86398],[8.78355,44.40017],[9.39878,44.21936],[9.86551,43.85419],[10.16763,44.13083],[9.21209,44.56675],[9.10223,45.08492],[8.7393,45.00121],[8.55528,45.14087],[7.84391,45.17574],[7.36738,44.8505],[7.59123,44.16397],[7.50608,43.86769],[7.15452,43.76464],[7.20151,43.64178]]]},"properties":{"name":"Undetermined location","uri":"https://pleiades.stoa.org/places/577229426","pleiades":"577229426","precision":"precise","kind":"ancient-footprint","source":"pleiades-polygons"}},{"type":"Feature","geometry":{"type":"Polygon","coordinates":[[[12.73236,43.99527],[12.37341,44.28036],[12.26629,44.68404],[12.48327,44.79914],[12.51898,45.01506],[11.28851,45.06552],[10.94519,45.09074],[10.6925,45.07134],[10.52221,44.93346],[9.99212,45.14694],[9.10223,45.08492],[9.21209,44.56675],[10.16763,44.13083],[11.81501,43.91222],[12.73236,43.99527]]]},"properties":{"name":"Undetermined location","uri":"https://pleiades.stoa.org/places/524994161","pleiades":"524994161","precision":"precise","kind":"ancient-footprint","source":"pleiades-polygons"}}]}